Logging to /maintenance/ICIGDev/GPUPOC/output/output319/automatch.log
[Job] automatch 2026.10.05, code 7031f154 (/maintenance/ICIGDev/GPUPOC/exe/g1a_automatch)
Using device: cuda
GPU: NVIDIA RTX A4000
CUDA: 12.4
GPU Memory: 15.6 GB
[Job] cog: 1 sweep point(s), working resolution 180.0 m, RANSAC thresholds [360.0] m
[Job] >>> win3072_nfauto: window 3072 px, 32000 keypoints per window (3391 per megapixel)
================================================================================
AUTOMATCH PIPELINE
================================================================================
              kind: raster
              name: cog
              path: /maintenance/ICIGDev/GPUPOC/input/dqe/g1a/267422221/input/cog.tif
          channels: ['band1', 'band2', 'band3']
       working_crs: PROJCS["unnamed",GEOGCS["WGS 84",DATUM["WGS_1984",SPHEROID["WGS 84",6378137,298.25722293287,AUTHORITY["EPSG","7030"]],AUTHORITY["EPSG","6326"]],PRIMEM["Greenwich",0],UNIT["degree",0.0174532925199433,AUTHORITY["EPSG","9122"]],AUTHORITY["EPSG","4326"]],PROJECTION["Lambert_Conformal_Conic_2SP"],PARAMETER["latitude_of_origin",21.8753234714037],PARAMETER["central_meridian",70.5671470502164],PARAMETER["standard_parallel_1",21.3850619015565],PARAMETER["standard_parallel_2",22.3760364553476],PARAMETER["false_easting",0],PARAMETER["false_northing",0],UNIT["metre",1,AUTHORITY["EPSG","9001"]],AXIS["Easting",EAST],AXIS["Northing",NORTH]]
        source_crs: PROJCS["unnamed",GEOGCS["WGS 84",DATUM["WGS_1984",SPHEROID["WGS 84",6378137,298.25722293287,AUTHORITY["EPSG","7030"]],AUTHORITY["EPSG","6326"]],PRIMEM["Greenwich",0],UNIT["degree",0.0174532925199433,AUTHORITY["EPSG","9122"]],AUTHORITY["EPSG","4326"]],PROJECTION["Lambert_Conformal_Conic_2SP"],PARAMETER["latitude_of_origin",21.8753234714037],PARAMETER["central_meridian",70.5671470502164],PARAMETER["standard_parallel_1",21.3850619015565],PARAMETER["standard_parallel_2",22.3760364553476],PARAMETER["false_easting",0],PARAMETER["false_northing",0],UNIT["metre",1,AUTHORITY["EPSG","9001"]],AXIS["Easting",EAST],AXIS["Northing",NORTH]]
        native_res: 180.0
 band_descriptions: {'band1': None, 'band2': None, 'band3': None}
      channels run: ['band1']
         detectors: ['sift', 'disk', 'dedode', 'keynet', 'dog', 'gftt', 'hessian', 'loftr', 'imw-sp-lg', 'imw-aliked-lg', 'imw-sp-sg', 'imw-sp-nn', 'imw-r2d2-nn', 'imw-rord-nn', 'imw-d2net-nn', 'imw-alike-nn', 'imw-sfd2-nn', 'imw-rdd-nn', 'imw-liftfeat-nn', 'imw-ripe-nn', 'imw-darkfeat-nn', 'imw-lanet-nn', 'imw-minima-loftr', 'imw-minima-roma', 'imw-xoftr', 'imw-omniglue', 'imw-gim-roma', 'imw-gim-dkm', 'imw-eloftr', 'imw-aspanformer', 'imw-topicfm', 'imw-roma', 'imw-dkm', 'imw-dad-roma', 'imw-rdd-dense', 'imw-xfeat-lg', 'imw-xfeat-dense']
--------------------------------------------------------------------------------
Running channel: band1
[band1] footprint from valid-data-hull: 70.298, 20.867, 70.829, 22.895 (lon/lat)
[RefFetch] Searching in: /maintenance/ICIGDev/GPUPOC/input/dqe/g1a/267422221/reference/L8Ref (search buffer 35.0 km)
[REFS] index.shp: raster names from attribute 'FileName' (reader: builtin)
[REFS] index.shp: 7410 index entr(ies) name a raster not in this folder; 15 matched
[REFS] L8Ref: 15 raster(s), 15 footprint(s) from index-shp
[RefFetch] Candidate: LC81490442015080LGN00_B8.tif (index (index.shp:FileName)) - checking valid pixels...
[RefFetch] OK LC81490442015080LGN00_B8.tif | NISAR area 3085.0 km2, reference area 2646.7 km2
[RefFetch] Candidate: LC81490442016291LGN00_B8.tif (index (index.shp:FileName)) - checking valid pixels...
[RefFetch] OK LC81490442016291LGN00_B8.tif | NISAR area 3031.2 km2, reference area 2589.8 km2
[RefFetch] Candidate: LC81490442016307LGN00_B8.tif (index (index.shp:FileName)) - checking valid pixels...
[RefFetch] OK LC81490442016307LGN00_B8.tif | NISAR area 3046.4 km2, reference area 2607.5 km2
[RefFetch] Candidate: LC81490452015048LGN00_B8.tif (index (index.shp:FileName)) - checking valid pixels...
[RefFetch] OK LC81490452015048LGN00_B8.tif | NISAR area 10430.9 km2, reference area 11285.5 km2
[RefFetch] Candidate: LC81490452015080LGN00_B8.tif (index (index.shp:FileName)) - checking valid pixels...
[RefFetch] OK LC81490452015080LGN00_B8.tif | NISAR area 10514.4 km2, reference area 11472.1 km2
[RefFetch] Candidate: LC81490452016307LGN00_B8.tif (index (index.shp:FileName)) - checking valid pixels...
[RefFetch] OK LC81490452016307LGN00_B8.tif | NISAR area 10477.6 km2, reference area 11393.9 km2
[RefFetch] Candidate: LC81490462015048LGN00_B8.tif (index (index.shp:FileName)) - checking valid pixels...
[RefFetch] OK LC81490462015048LGN00_B8.tif | NISAR area 3982.7 km2, reference area 5572.5 km2
[RefFetch] Candidate: LC81490462015064LGN00_B8.tif (index (index.shp:FileName)) - checking valid pixels...
[RefFetch] OK LC81490462015064LGN00_B8.tif | NISAR area 3979.3 km2, reference area 5651.0 km2
[RefFetch] Candidate: LC81500442014356LGN00_B8.tif (index (index.shp:FileName)) - checking valid pixels...
[RefFetch] OK LC81500442014356LGN00_B8.tif | NISAR area 6047.4 km2, reference area 13157.6 km2
[RefFetch] Candidate: LC81500442015039LGN00_B8.tif (index (index.shp:FileName)) - checking valid pixels...
[RefFetch] OK LC81500442015039LGN00_B8.tif | NISAR area 6052.3 km2, reference area 13135.9 km2
[RefFetch] Candidate: LC81500442015119LGN00_B8.tif (index (index.shp:FileName)) - checking valid pixels...
[RefFetch] OK LC81500442015119LGN00_B8.tif | NISAR area 6094.6 km2, reference area 12960.0 km2
[RefFetch] Candidate: LC81500452015039LGN00_B8.tif (index (index.shp:FileName)) - checking valid pixels...
[RefFetch] OK LC81500452015039LGN00_B8.tif | NISAR area 10871.9 km2, reference area 18473.2 km2
[RefFetch] Candidate: LC81500452015119LGN00_B8.tif (index (index.shp:FileName)) - checking valid pixels...
[RefFetch] OK LC81500452015119LGN00_B8.tif | NISAR area 10831.2 km2, reference area 17708.9 km2
[RefFetch] Candidate: LC81500452016314LGN00_B8.tif (index (index.shp:FileName)) - checking valid pixels...
[RefFetch] OK LC81500452016314LGN00_B8.tif | NISAR area 10874.9 km2, reference area 18543.0 km2
[RefFetch] Candidate: LC81500462015119LGN00_B8.tif (index (index.shp:FileName)) - checking valid pixels...
[RefFetch] OK LC81500462015119LGN00_B8.tif | NISAR area 2197.1 km2, reference area 2897.9 km2
[RefFetch] Total confirmed: 15 references (of 15 in the index-shp catalog)
[Preprocessor] cog band1: 301x1244, res=180.00, nodata=0.0, ref=L8Ref
[Preprocessor] Pair 1: metadata saved -> /maintenance/ICIGDev/GPUPOC/output/output319/_cache/cog/raster/band1_toL8Ref/pair001_meta.json
[Memory] Pair 1 done, cache cleared
[Preprocessor] Pair 2: metadata saved -> /maintenance/ICIGDev/GPUPOC/output/output319/_cache/cog/raster/band1_toL8Ref/pair002_meta.json
[Memory] Pair 2 done, cache cleared
[Preprocessor] Pair 3: metadata saved -> /maintenance/ICIGDev/GPUPOC/output/output319/_cache/cog/raster/band1_toL8Ref/pair003_meta.json
[Memory] Pair 3 done, cache cleared
[Preprocessor] Pair 4: metadata saved -> /maintenance/ICIGDev/GPUPOC/output/output319/_cache/cog/raster/band1_toL8Ref/pair004_meta.json
[Memory] Pair 4 done, cache cleared
[Preprocessor] Pair 5: metadata saved -> /maintenance/ICIGDev/GPUPOC/output/output319/_cache/cog/raster/band1_toL8Ref/pair005_meta.json
[Memory] Pair 5 done, cache cleared
[Preprocessor] Pair 6: metadata saved -> /maintenance/ICIGDev/GPUPOC/output/output319/_cache/cog/raster/band1_toL8Ref/pair006_meta.json
[Memory] Pair 6 done, cache cleared
[Preprocessor] Pair 7: metadata saved -> /maintenance/ICIGDev/GPUPOC/output/output319/_cache/cog/raster/band1_toL8Ref/pair007_meta.json
[Memory] Pair 7 done, cache cleared
[Preprocessor] Pair 8: metadata saved -> /maintenance/ICIGDev/GPUPOC/output/output319/_cache/cog/raster/band1_toL8Ref/pair008_meta.json
[Memory] Pair 8 done, cache cleared
[Preprocessor] Pair 9: metadata saved -> /maintenance/ICIGDev/GPUPOC/output/output319/_cache/cog/raster/band1_toL8Ref/pair009_meta.json
[Memory] Pair 9 done, cache cleared
[Preprocessor] Pair 10: metadata saved -> /maintenance/ICIGDev/GPUPOC/output/output319/_cache/cog/raster/band1_toL8Ref/pair010_meta.json
[Memory] Pair 10 done, cache cleared
[Preprocessor] Pair 11: metadata saved -> /maintenance/ICIGDev/GPUPOC/output/output319/_cache/cog/raster/band1_toL8Ref/pair011_meta.json
[Memory] Pair 11 done, cache cleared
[Preprocessor] Pair 12: metadata saved -> /maintenance/ICIGDev/GPUPOC/output/output319/_cache/cog/raster/band1_toL8Ref/pair012_meta.json
[Memory] Pair 12 done, cache cleared
[Preprocessor] Pair 13: metadata saved -> /maintenance/ICIGDev/GPUPOC/output/output319/_cache/cog/raster/band1_toL8Ref/pair013_meta.json
[Memory] Pair 13 done, cache cleared
[Preprocessor] Pair 14: metadata saved -> /maintenance/ICIGDev/GPUPOC/output/output319/_cache/cog/raster/band1_toL8Ref/pair014_meta.json
[Memory] Pair 14 done, cache cleared
[Preprocessor] Pair 15: metadata saved -> /maintenance/ICIGDev/GPUPOC/output/output319/_cache/cog/raster/band1_toL8Ref/pair015_meta.json
[Memory] Pair 15 done, cache cleared
--------------------------------------------------------------------------------
[band1] Running sift
SIFT: Initializing (rootsift=True, upright=True)...
sift: Initializing LightGlue {'filter_threshold': 0.1, 'depth_confidence': 0.95, 'width_confidence': 0.99}...
Loaded LightGlue model
[Coarse] pair 1: no reliable coarse offset (matcher: no matches; phasecorr: {'dx': -20193.477464726686, 'dy': -45743.92838364222, 'support': None, 'n': None, 'peak': 0.020609428800836677}); windows compared in place
[Coarse] pair 2: no reliable coarse offset (matcher: no matches; phasecorr: {'dx': -13696.50551245419, 'dy': -38359.15034615832, 'support': None, 'n': None, 'peak': 0.005463445974802611}); windows compared in place
[Coarse] pair 3: no reliable coarse offset (matcher: no matches; phasecorr: {'dx': -26691.14624675497, 'dy': -28341.854429889372, 'support': None, 'n': None, 'peak': 0.028507738675927267}); windows compared in place
[Coarse] pair 11: no reliable coarse offset (matcher: no matches; phasecorr: {'dx': -9310.972745874022, 'dy': 4896.252513739784, 'support': None, 'n': None, 'peak': 0.011061620189525462}); windows compared in place
[Coarse] WARNING: sift: the pairs' coarse offsets differ by up to 19 km, more than one image moves from place to place. Pairs with a wrong offset match the wrong ground (the chip consensus drops them when they are few); if most pairs disagree, check the input's pixel size and window size.
[Coarse] sift pair 1: dE=-9093.9 m dN=4821.4 m (from-pair-9, support=None, peak=None) 
sift: Processing pair 1 from disk...
sift: 0 match-sets in 0.00s
[Coarse] sift pair 2: dE=-9093.9 m dN=4821.4 m (from-pair-9, support=None, peak=None) 
sift: Processing pair 2 from disk...
sift: 0 match-sets in 0.00s
[Coarse] sift pair 3: dE=-9093.9 m dN=4821.4 m (from-pair-9, support=None, peak=None) 
sift: Processing pair 3 from disk...
sift: 0 match-sets in 0.00s
[Coarse] sift pair 4: dE=-9221.2 m dN=4881.8 m (phasecorr@180m, support=None, peak=0.05907139921188354) field 1x1 cells, dE -9682..-9682 m, dN 4878..4878 m, 0 filled
sift: Processing pair 4 from disk...
sift: 3 match-sets in 2.80s
[Coarse] sift pair 5: dE=-9227.3 m dN=4936.9 m (phasecorr@180m, support=None, peak=0.06194785504341126) field 1x1 cells, dE -9750..-9750 m, dN 4772..4772 m, 0 filled
sift: Processing pair 5 from disk...
sift: 3 match-sets in 2.80s
[Coarse] sift pair 6: dE=-9159.5 m dN=4923.5 m (phasecorr@180m, support=None, peak=0.05013165693283081) field 1x1 cells, dE -9887..-9887 m, dN 4790..4790 m, 0 filled
sift: Processing pair 6 from disk...
sift: 4 match-sets in 2.36s
[Coarse] sift pair 7: dE=-9947.3 m dN=4785.4 m (phasecorr@180m, support=None, peak=0.11055335414556809) field 1x1 cells, dE -9955..-9955 m, dN 4765..4765 m, 0 filled
sift: Processing pair 7 from disk...
sift: 4 match-sets in 1.08s
[Coarse] sift pair 8: dE=-9954.5 m dN=4779.3 m (phasecorr@180m, support=None, peak=0.1302907753461673) field 1x1 cells, dE -9962..-9962 m, dN 4753..4753 m, 0 filled
sift: Processing pair 8 from disk...
sift: 4 match-sets in 0.52s
[Coarse] sift pair 9: dE=-9059.4 m dN=4950.7 m (phasecorr@180m, support=None, peak=0.05415244971381293) field 1x1 cells, dE -9094..-9094 m, dN 4821..4821 m, 0 filled
sift: Processing pair 9 from disk...
sift: 3 match-sets in 1.57s
[Coarse] sift pair 10: dE=-9073.5 m dN=4906.4 m (phasecorr@180m, support=None, peak=0.037404243375048225) field 1x1 cells, dE -9023..-9023 m, dN 4778..4778 m, 0 filled
sift: Processing pair 10 from disk...
sift: 3 match-sets in 1.58s
[Coarse] sift pair 11: dE=-9022.9 m dN=4778.1 m (from-pair-10, support=None, peak=None) 
sift: Processing pair 11 from disk...
sift: 4 match-sets in 1.68s
[Coarse] sift pair 12: dE=-9321.8 m dN=4777.2 m (phasecorr@180m, support=None, peak=0.044330621825324164) field 1x1 cells, dE -9400..-9400 m, dN 4784..4784 m, 0 filled
sift: Processing pair 12 from disk...
sift: 3 match-sets in 2.89s
[Coarse] sift pair 13: dE=-9228.3 m dN=4825.9 m (phasecorr@180m, support=None, peak=0.03933755140516493) field 1x1 cells, dE -9272..-9272 m, dN 4847..4847 m, 0 filled
sift: Processing pair 13 from disk...
sift: 4 match-sets in 2.87s
[Coarse] sift pair 14: dE=-9308.5 m dN=4822.9 m (phasecorr@180m, support=None, peak=0.0362194667590989) field 1x1 cells, dE -9542..-9542 m, dN 4843..4843 m, 0 filled
sift: Processing pair 14 from disk...
sift: 4 match-sets in 2.43s
[Coarse] sift pair 15: dE=-19392.4 m dN=24257.7 m (phasecorr@180m, support=None, peak=0.07282278133763208) 
sift: Processing pair 15 from disk...
sift: 4 match-sets in 0.66s
Saved:
 CHIP_STATS_ALL.csv
 CHIP_STATS_SURVIVORS.csv
 CONSENSUS_SCORES.csv
 BEST_CHIP_SET.csv
 BEST_CHIP_MANIFEST.csv
 BEST_FINAL_SUMMARY.csv
[band1] sift ok in 1.3 min, peak GPU memory 3.8 of 15.6 GB
--------------------------------------------------------------------------------
[band1] Running disk_depth
DISK: Loading depth model...
disk: Initializing LightGlue {'filter_threshold': 0.1, 'depth_confidence': 0.95, 'width_confidence': 0.99}...
Loaded LightGlue model
[Coarse] pair 1: no reliable coarse offset (matcher: no matches; phasecorr: {'dx': -20193.477464726686, 'dy': -45743.92838364222, 'support': None, 'n': None, 'peak': 0.020609428800836677}); windows compared in place
[Coarse] pair 2: no reliable coarse offset (matcher: no matches; phasecorr: {'dx': -13696.50551245419, 'dy': -38359.15034615832, 'support': None, 'n': None, 'peak': 0.005463445974802611}); windows compared in place
[Coarse] pair 3: no reliable coarse offset (matcher: no matches; phasecorr: {'dx': -26691.14624675497, 'dy': -28341.854429889372, 'support': None, 'n': None, 'peak': 0.028507738675927267}); windows compared in place
[Coarse] pair 11: no reliable coarse offset (matcher: no matches; phasecorr: {'dx': -9310.972745874022, 'dy': 4896.252513739784, 'support': None, 'n': None, 'peak': 0.011061620189525462}); windows compared in place
[Coarse] WARNING: disk_depth: the pairs' coarse offsets differ by up to 19 km, more than one image moves from place to place. Pairs with a wrong offset match the wrong ground (the chip consensus drops them when they are few); if most pairs disagree, check the input's pixel size and window size.
[Coarse] disk_depth pair 1: dE=-9093.9 m dN=4821.4 m (from-pair-9, support=None, peak=None) 
disk_depth: Processing pair 1 from disk...
disk_depth: 0 match-sets in 0.00s
[Coarse] disk_depth pair 2: dE=-9093.9 m dN=4821.4 m (from-pair-9, support=None, peak=None) 
disk_depth: Processing pair 2 from disk...
disk_depth: 0 match-sets in 0.00s
[Coarse] disk_depth pair 3: dE=-9093.9 m dN=4821.4 m (from-pair-9, support=None, peak=None) 
disk_depth: Processing pair 3 from disk...
disk_depth: 0 match-sets in 0.00s
[Coarse] disk_depth pair 4: dE=-9221.2 m dN=4881.8 m (phasecorr@180m, support=None, peak=0.05907139921188354) field 1x1 cells, dE -9682..-9682 m, dN 4878..4878 m, 0 filled
disk_depth: Processing pair 4 from disk...
disk_depth: 5 match-sets in 1.82s
[Coarse] disk_depth pair 5: dE=-9227.3 m dN=4936.9 m (phasecorr@180m, support=None, peak=0.06194785504341126) field 1x1 cells, dE -9750..-9750 m, dN 4772..4772 m, 0 filled
disk_depth: Processing pair 5 from disk...
disk_depth: 5 match-sets in 1.59s
[Coarse] disk_depth pair 6: dE=-9159.5 m dN=4923.5 m (phasecorr@180m, support=None, peak=0.05013165693283081) field 1x1 cells, dE -9887..-9887 m, dN 4790..4790 m, 0 filled
disk_depth: Processing pair 6 from disk...
disk_depth: 5 match-sets in 1.58s
[Coarse] disk_depth pair 7: dE=-9947.3 m dN=4785.4 m (phasecorr@180m, support=None, peak=0.11055335414556809) field 1x1 cells, dE -9955..-9955 m, dN 4765..4765 m, 0 filled
disk_depth: Processing pair 7 from disk...
disk_depth: 4 match-sets in 0.41s
[Coarse] disk_depth pair 8: dE=-9954.5 m dN=4779.3 m (phasecorr@180m, support=None, peak=0.1302907753461673) field 1x1 cells, dE -9962..-9962 m, dN 4753..4753 m, 0 filled
disk_depth: Processing pair 8 from disk...
disk_depth: 5 match-sets in 0.30s
[Coarse] disk_depth pair 9: dE=-9059.4 m dN=4950.7 m (phasecorr@180m, support=None, peak=0.05415244971381293) field 1x1 cells, dE -9094..-9094 m, dN 4821..4821 m, 0 filled
disk_depth: Processing pair 9 from disk...
disk_depth: 4 match-sets in 0.62s
[Coarse] disk_depth pair 10: dE=-9073.5 m dN=4906.4 m (phasecorr@180m, support=None, peak=0.037404243375048225) field 1x1 cells, dE -9023..-9023 m, dN 4778..4778 m, 0 filled
disk_depth: Processing pair 10 from disk...
disk_depth: 4 match-sets in 0.47s
[Coarse] disk_depth pair 11: dE=-9022.9 m dN=4778.1 m (from-pair-10, support=None, peak=None) 
disk_depth: Processing pair 11 from disk...
disk_depth: 4 match-sets in 0.63s
[Coarse] disk_depth pair 12: dE=-9321.8 m dN=4777.2 m (phasecorr@180m, support=None, peak=0.044330621825324164) field 1x1 cells, dE -9400..-9400 m, dN 4784..4784 m, 0 filled
disk_depth: Processing pair 12 from disk...
disk_depth: 5 match-sets in 1.31s
[Coarse] disk_depth pair 13: dE=-9228.3 m dN=4825.9 m (phasecorr@180m, support=None, peak=0.03933755140516493) field 1x1 cells, dE -9272..-9272 m, dN 4847..4847 m, 0 filled
disk_depth: Processing pair 13 from disk...
disk_depth: 6 match-sets in 1.37s
[Coarse] disk_depth pair 14: dE=-9308.5 m dN=4822.9 m (phasecorr@180m, support=None, peak=0.0362194667590989) field 1x1 cells, dE -9542..-9542 m, dN 4843..4843 m, 0 filled
disk_depth: Processing pair 14 from disk...
disk_depth: 5 match-sets in 1.04s
[Coarse] disk_depth pair 15: dE=-19392.4 m dN=24257.7 m (phasecorr@180m, support=None, peak=0.07282278133763208) 
disk_depth: Processing pair 15 from disk...
disk_depth: 4 match-sets in 0.36s
Saved:
 CHIP_STATS_ALL.csv
 CHIP_STATS_SURVIVORS.csv
 CONSENSUS_SCORES.csv
 BEST_CHIP_SET.csv
 BEST_CHIP_MANIFEST.csv
 BEST_FINAL_SUMMARY.csv
[band1] disk_depth ok in 0.4 min, peak GPU memory 1.2 of 15.6 GB
--------------------------------------------------------------------------------
[band1] Running disk_epipolar
DISK: Loading epipolar model...
disk: Initializing LightGlue {'filter_threshold': 0.1, 'depth_confidence': 0.95, 'width_confidence': 0.99}...
Loaded LightGlue model
[Coarse] pair 1: no reliable coarse offset (matcher: {'dx': -28980.0, 'dy': -27000.0, 'support': 1, 'n': 3, 'peak': None}; phasecorr: {'dx': -20193.477464726686, 'dy': -45743.92838364222, 'support': None, 'n': None, 'peak': 0.020609428800836677}); windows compared in place
[Coarse] pair 2: no reliable coarse offset (matcher: no matches; phasecorr: {'dx': -13696.50551245419, 'dy': -38359.15034615832, 'support': None, 'n': None, 'peak': 0.005463445974802611}); windows compared in place
[Coarse] pair 3: no reliable coarse offset (matcher: no matches; phasecorr: {'dx': -26691.14624675497, 'dy': -28341.854429889372, 'support': None, 'n': None, 'peak': 0.028507738675927267}); windows compared in place
[Coarse] pair 11: no reliable coarse offset (matcher: {'dx': -8640.0, 'dy': 5040.0, 'support': 1, 'n': 3, 'peak': None}; phasecorr: {'dx': -9310.972745874022, 'dy': 4896.252513739784, 'support': None, 'n': None, 'peak': 0.011061620189525462}); windows compared in place
[Coarse] WARNING: disk_epipolar: the pairs' coarse offsets differ by up to 19 km, more than one image moves from place to place. Pairs with a wrong offset match the wrong ground (the chip consensus drops them when they are few); if most pairs disagree, check the input's pixel size and window size.
[Coarse] disk_epipolar pair 1: dE=-9093.9 m dN=4821.4 m (from-pair-9, support=None, peak=None) 
disk_epipolar: Processing pair 1 from disk...
disk_epipolar: 0 match-sets in 0.00s
[Coarse] disk_epipolar pair 2: dE=-9093.9 m dN=4821.4 m (from-pair-9, support=None, peak=None) 
disk_epipolar: Processing pair 2 from disk...
disk_epipolar: 0 match-sets in 0.00s
[Coarse] disk_epipolar pair 3: dE=-9093.9 m dN=4821.4 m (from-pair-9, support=None, peak=None) 
disk_epipolar: Processing pair 3 from disk...
disk_epipolar: 0 match-sets in 0.00s
[Coarse] disk_epipolar pair 4: dE=-9221.2 m dN=4881.8 m (phasecorr@180m, support=None, peak=0.05907139921188354) field 1x1 cells, dE -9682..-9682 m, dN 4878..4878 m, 0 filled
disk_epipolar: Processing pair 4 from disk...
disk_epipolar: 4 match-sets in 1.55s
[Coarse] disk_epipolar pair 5: dE=-9227.3 m dN=4936.9 m (phasecorr@180m, support=None, peak=0.06194785504341126) field 1x1 cells, dE -9750..-9750 m, dN 4772..4772 m, 0 filled
disk_epipolar: Processing pair 5 from disk...
disk_epipolar: 4 match-sets in 1.53s
[Coarse] disk_epipolar pair 6: dE=-9159.5 m dN=4923.5 m (phasecorr@180m, support=None, peak=0.05013165693283081) field 1x1 cells, dE -9887..-9887 m, dN 4790..4790 m, 0 filled
disk_epipolar: Processing pair 6 from disk...
disk_epipolar: 5 match-sets in 1.56s
[Coarse] disk_epipolar pair 7: dE=-9947.3 m dN=4785.4 m (phasecorr@180m, support=None, peak=0.11055335414556809) field 1x1 cells, dE -9955..-9955 m, dN 4765..4765 m, 0 filled
disk_epipolar: Processing pair 7 from disk...
disk_epipolar: 5 match-sets in 0.31s
[Coarse] disk_epipolar pair 8: dE=-9954.5 m dN=4779.3 m (phasecorr@180m, support=None, peak=0.1302907753461673) field 1x1 cells, dE -9962..-9962 m, dN 4753..4753 m, 0 filled
disk_epipolar: Processing pair 8 from disk...
disk_epipolar: 4 match-sets in 0.29s
[Coarse] disk_epipolar pair 9: dE=-9059.4 m dN=4950.7 m (phasecorr@180m, support=None, peak=0.05415244971381293) field 1x1 cells, dE -9094..-9094 m, dN 4821..4821 m, 0 filled
disk_epipolar: Processing pair 9 from disk...
disk_epipolar: 4 match-sets in 0.46s
[Coarse] disk_epipolar pair 10: dE=-9073.5 m dN=4906.4 m (phasecorr@180m, support=None, peak=0.037404243375048225) field 1x1 cells, dE -9023..-9023 m, dN 4778..4778 m, 0 filled
disk_epipolar: Processing pair 10 from disk...
disk_epipolar: 4 match-sets in 0.46s
[Coarse] disk_epipolar pair 11: dE=-9022.9 m dN=4778.1 m (from-pair-10, support=None, peak=None) 
disk_epipolar: Processing pair 11 from disk...
disk_epipolar: 4 match-sets in 0.47s
[Coarse] disk_epipolar pair 12: dE=-9321.8 m dN=4777.2 m (phasecorr@180m, support=None, peak=0.044330621825324164) field 1x1 cells, dE -9400..-9400 m, dN 4784..4784 m, 0 filled
disk_epipolar: Processing pair 12 from disk...
disk_epipolar: 4 match-sets in 1.04s
[Coarse] disk_epipolar pair 13: dE=-9228.3 m dN=4825.9 m (phasecorr@180m, support=None, peak=0.03933755140516493) field 1x1 cells, dE -9272..-9272 m, dN 4847..4847 m, 0 filled
disk_epipolar: Processing pair 13 from disk...
disk_epipolar: 4 match-sets in 1.10s
[Coarse] disk_epipolar pair 14: dE=-9308.5 m dN=4822.9 m (phasecorr@180m, support=None, peak=0.0362194667590989) field 1x1 cells, dE -9542..-9542 m, dN 4843..4843 m, 0 filled
disk_epipolar: Processing pair 14 from disk...
disk_epipolar: 4 match-sets in 1.04s
[Coarse] disk_epipolar pair 15: dE=-19392.4 m dN=24257.7 m (phasecorr@180m, support=None, peak=0.07282278133763208) 
disk_epipolar: Processing pair 15 from disk...
disk_epipolar: 3 match-sets in 0.26s
Saved:
 CHIP_STATS_ALL.csv
 CHIP_STATS_SURVIVORS.csv
 CONSENSUS_SCORES.csv
 BEST_CHIP_SET.csv
 BEST_CHIP_MANIFEST.csv
 BEST_FINAL_SUMMARY.csv
[band1] disk_epipolar ok in 0.3 min, peak GPU memory 1.2 of 15.6 GB
--------------------------------------------------------------------------------
[band1] Running dedode_L-upright_B-upright
DeDoDe: Loading L-upright/B-upright...
dedode: Initializing LightGlue {'filter_threshold': 0.1, 'depth_confidence': 0.95, 'width_confidence': 0.99}...
Loaded LightGlue model
[Coarse] pair 1: no reliable coarse offset (matcher: no matches; phasecorr: {'dx': -20193.477464726686, 'dy': -45743.92838364222, 'support': None, 'n': None, 'peak': 0.020609428800836677}); windows compared in place
[Coarse] pair 2: no reliable coarse offset (matcher: no matches; phasecorr: {'dx': -13696.50551245419, 'dy': -38359.15034615832, 'support': None, 'n': None, 'peak': 0.005463445974802611}); windows compared in place
[Coarse] pair 3: no reliable coarse offset (matcher: no matches; phasecorr: {'dx': -26691.14624675497, 'dy': -28341.854429889372, 'support': None, 'n': None, 'peak': 0.028507738675927267}); windows compared in place
[Coarse] pair 11: no reliable coarse offset (matcher: no matches; phasecorr: {'dx': -9310.972745874022, 'dy': 4896.252513739784, 'support': None, 'n': None, 'peak': 0.011061620189525462}); windows compared in place
[Coarse] WARNING: dedode_L-upright_B-upright: the pairs' coarse offsets differ by up to 19 km, more than one image moves from place to place. Pairs with a wrong offset match the wrong ground (the chip consensus drops them when they are few); if most pairs disagree, check the input's pixel size and window size.
[Coarse] dedode_L-upright_B-upright pair 1: dE=-9093.9 m dN=4821.4 m (from-pair-9, support=None, peak=None) 
dedode_L-upright_B-upright: Processing pair 1 from disk...
dedode_L-upright_B-upright: 0 match-sets in 0.00s
[Coarse] dedode_L-upright_B-upright pair 2: dE=-9093.9 m dN=4821.4 m (from-pair-9, support=None, peak=None) 
dedode_L-upright_B-upright: Processing pair 2 from disk...
dedode_L-upright_B-upright: 0 match-sets in 0.00s
[Coarse] dedode_L-upright_B-upright pair 3: dE=-9093.9 m dN=4821.4 m (from-pair-9, support=None, peak=None) 
dedode_L-upright_B-upright: Processing pair 3 from disk...
dedode_L-upright_B-upright: 0 match-sets in 0.00s
[Coarse] dedode_L-upright_B-upright pair 4: dE=-9221.2 m dN=4881.8 m (phasecorr@180m, support=None, peak=0.05907139921188354) field 1x1 cells, dE -9682..-9682 m, dN 4878..4878 m, 0 filled
dedode_L-upright_B-upright: Processing pair 4 from disk...
dedode_L-upright_B-upright: 5 match-sets in 4.07s
[Coarse] dedode_L-upright_B-upright pair 5: dE=-9227.3 m dN=4936.9 m (phasecorr@180m, support=None, peak=0.06194785504341126) field 1x1 cells, dE -9750..-9750 m, dN 4772..4772 m, 0 filled
dedode_L-upright_B-upright: Processing pair 5 from disk...
dedode_L-upright_B-upright: 5 match-sets in 3.32s
[Coarse] dedode_L-upright_B-upright pair 6: dE=-9159.5 m dN=4923.5 m (phasecorr@180m, support=None, peak=0.05013165693283081) field 1x1 cells, dE -9887..-9887 m, dN 4790..4790 m, 0 filled
dedode_L-upright_B-upright: Processing pair 6 from disk...
dedode_L-upright_B-upright: 4 match-sets in 3.24s
[Coarse] dedode_L-upright_B-upright pair 7: dE=-9947.3 m dN=4785.4 m (phasecorr@180m, support=None, peak=0.11055335414556809) field 1x1 cells, dE -9955..-9955 m, dN 4765..4765 m, 0 filled
dedode_L-upright_B-upright: Processing pair 7 from disk...
dedode_L-upright_B-upright: 5 match-sets in 1.12s
[Coarse] dedode_L-upright_B-upright pair 8: dE=-9954.5 m dN=4779.3 m (phasecorr@180m, support=None, peak=0.1302907753461673) field 1x1 cells, dE -9962..-9962 m, dN 4753..4753 m, 0 filled
dedode_L-upright_B-upright: Processing pair 8 from disk...
dedode_L-upright_B-upright: 5 match-sets in 0.67s
[Coarse] dedode_L-upright_B-upright pair 9: dE=-9059.4 m dN=4950.7 m (phasecorr@180m, support=None, peak=0.05415244971381293) field 1x1 cells, dE -9094..-9094 m, dN 4821..4821 m, 0 filled
dedode_L-upright_B-upright: Processing pair 9 from disk...
dedode_L-upright_B-upright: 5 match-sets in 1.67s
[Coarse] dedode_L-upright_B-upright pair 10: dE=-9073.5 m dN=4906.4 m (phasecorr@180m, support=None, peak=0.037404243375048225) field 1x1 cells, dE -9023..-9023 m, dN 4778..4778 m, 0 filled
dedode_L-upright_B-upright: Processing pair 10 from disk...
dedode_L-upright_B-upright: 5 match-sets in 1.21s
[Coarse] dedode_L-upright_B-upright pair 11: dE=-9022.9 m dN=4778.1 m (from-pair-10, support=None, peak=None) 
dedode_L-upright_B-upright: Processing pair 11 from disk...
dedode_L-upright_B-upright: 5 match-sets in 1.75s
[Coarse] dedode_L-upright_B-upright pair 12: dE=-9321.8 m dN=4777.2 m (phasecorr@180m, support=None, peak=0.044330621825324164) field 1x1 cells, dE -9400..-9400 m, dN 4784..4784 m, 0 filled
dedode_L-upright_B-upright: Processing pair 12 from disk...
dedode_L-upright_B-upright: 4 match-sets in 3.77s
[Coarse] dedode_L-upright_B-upright pair 13: dE=-9228.3 m dN=4825.9 m (phasecorr@180m, support=None, peak=0.03933755140516493) field 1x1 cells, dE -9272..-9272 m, dN 4847..4847 m, 0 filled
dedode_L-upright_B-upright: Processing pair 13 from disk...
dedode_L-upright_B-upright: 4 match-sets in 2.92s
[Coarse] dedode_L-upright_B-upright pair 14: dE=-9308.5 m dN=4822.9 m (phasecorr@180m, support=None, peak=0.0362194667590989) field 1x1 cells, dE -9542..-9542 m, dN 4843..4843 m, 0 filled
dedode_L-upright_B-upright: Processing pair 14 from disk...
dedode_L-upright_B-upright: 5 match-sets in 2.88s
[Coarse] dedode_L-upright_B-upright pair 15: dE=-19392.4 m dN=24257.7 m (phasecorr@180m, support=None, peak=0.07282278133763208) 
dedode_L-upright_B-upright: Processing pair 15 from disk...
dedode_L-upright_B-upright: 4 match-sets in 0.82s
Saved:
 CHIP_STATS_ALL.csv
 CHIP_STATS_SURVIVORS.csv
 CONSENSUS_SCORES.csv
 BEST_CHIP_SET.csv
 BEST_CHIP_MANIFEST.csv
 BEST_FINAL_SUMMARY.csv
[band1] dedode_L-upright_B-upright ok in 1.0 min, peak GPU memory 9.4 of 15.6 GB
--------------------------------------------------------------------------------
[band1] Running dedode_L-upright_B-C4
DeDoDe: Loading L-upright/B-C4...
dedode: Initializing LightGlue {'filter_threshold': 0.1, 'depth_confidence': 0.95, 'width_confidence': 0.99}...
Loaded LightGlue model
[Coarse] pair 1: no reliable coarse offset (matcher: no matches; phasecorr: {'dx': -20193.477464726686, 'dy': -45743.92838364222, 'support': None, 'n': None, 'peak': 0.020609428800836677}); windows compared in place
[Coarse] pair 2: no reliable coarse offset (matcher: no matches; phasecorr: {'dx': -13696.50551245419, 'dy': -38359.15034615832, 'support': None, 'n': None, 'peak': 0.005463445974802611}); windows compared in place
[Coarse] pair 3: no reliable coarse offset (matcher: no matches; phasecorr: {'dx': -26691.14624675497, 'dy': -28341.854429889372, 'support': None, 'n': None, 'peak': 0.028507738675927267}); windows compared in place
[Coarse] pair 11: no reliable coarse offset (matcher: no matches; phasecorr: {'dx': -9310.972745874022, 'dy': 4896.252513739784, 'support': None, 'n': None, 'peak': 0.011061620189525462}); windows compared in place
[Coarse] WARNING: dedode_L-upright_B-C4: the pairs' coarse offsets differ by up to 19 km, more than one image moves from place to place. Pairs with a wrong offset match the wrong ground (the chip consensus drops them when they are few); if most pairs disagree, check the input's pixel size and window size.
[Coarse] dedode_L-upright_B-C4 pair 1: dE=-9093.9 m dN=4821.4 m (from-pair-9, support=None, peak=None) 
dedode_L-upright_B-C4: Processing pair 1 from disk...
dedode_L-upright_B-C4: 0 match-sets in 0.00s
[Coarse] dedode_L-upright_B-C4 pair 2: dE=-9093.9 m dN=4821.4 m (from-pair-9, support=None, peak=None) 
dedode_L-upright_B-C4: Processing pair 2 from disk...
dedode_L-upright_B-C4: 0 match-sets in 0.00s
[Coarse] dedode_L-upright_B-C4 pair 3: dE=-9093.9 m dN=4821.4 m (from-pair-9, support=None, peak=None) 
dedode_L-upright_B-C4: Processing pair 3 from disk...
dedode_L-upright_B-C4: 0 match-sets in 0.00s
[Coarse] dedode_L-upright_B-C4 pair 4: dE=-9221.2 m dN=4881.8 m (phasecorr@180m, support=None, peak=0.05907139921188354) field 1x1 cells, dE -9682..-9682 m, dN 4878..4878 m, 0 filled
dedode_L-upright_B-C4: Processing pair 4 from disk...
dedode_L-upright_B-C4: 5 match-sets in 3.17s
[Coarse] dedode_L-upright_B-C4 pair 5: dE=-9227.3 m dN=4936.9 m (phasecorr@180m, support=None, peak=0.06194785504341126) field 1x1 cells, dE -9750..-9750 m, dN 4772..4772 m, 0 filled
dedode_L-upright_B-C4: Processing pair 5 from disk...
dedode_L-upright_B-C4: 4 match-sets in 3.26s
[Coarse] dedode_L-upright_B-C4 pair 6: dE=-9159.5 m dN=4923.5 m (phasecorr@180m, support=None, peak=0.05013165693283081) field 1x1 cells, dE -9887..-9887 m, dN 4790..4790 m, 0 filled
dedode_L-upright_B-C4: Processing pair 6 from disk...
dedode_L-upright_B-C4: 5 match-sets in 3.15s
[Coarse] dedode_L-upright_B-C4 pair 7: dE=-9947.3 m dN=4785.4 m (phasecorr@180m, support=None, peak=0.11055335414556809) field 1x1 cells, dE -9955..-9955 m, dN 4765..4765 m, 0 filled
dedode_L-upright_B-C4: Processing pair 7 from disk...
dedode_L-upright_B-C4: 5 match-sets in 0.67s
[Coarse] dedode_L-upright_B-C4 pair 8: dE=-9954.5 m dN=4779.3 m (phasecorr@180m, support=None, peak=0.1302907753461673) field 1x1 cells, dE -9962..-9962 m, dN 4753..4753 m, 0 filled
dedode_L-upright_B-C4: Processing pair 8 from disk...
dedode_L-upright_B-C4: 5 match-sets in 0.66s
[Coarse] dedode_L-upright_B-C4 pair 9: dE=-9059.4 m dN=4950.7 m (phasecorr@180m, support=None, peak=0.05415244971381293) field 1x1 cells, dE -9094..-9094 m, dN 4821..4821 m, 0 filled
dedode_L-upright_B-C4: Processing pair 9 from disk...
dedode_L-upright_B-C4: 4 match-sets in 1.16s
[Coarse] dedode_L-upright_B-C4 pair 10: dE=-9073.5 m dN=4906.4 m (phasecorr@180m, support=None, peak=0.037404243375048225) field 1x1 cells, dE -9023..-9023 m, dN 4778..4778 m, 0 filled
dedode_L-upright_B-C4: Processing pair 10 from disk...
dedode_L-upright_B-C4: 5 match-sets in 1.14s
[Coarse] dedode_L-upright_B-C4 pair 11: dE=-9022.9 m dN=4778.1 m (from-pair-10, support=None, peak=None) 
dedode_L-upright_B-C4: Processing pair 11 from disk...
dedode_L-upright_B-C4: 5 match-sets in 1.17s
[Coarse] dedode_L-upright_B-C4 pair 12: dE=-9321.8 m dN=4777.2 m (phasecorr@180m, support=None, peak=0.044330621825324164) field 1x1 cells, dE -9400..-9400 m, dN 4784..4784 m, 0 filled
dedode_L-upright_B-C4: Processing pair 12 from disk...
dedode_L-upright_B-C4: 5 match-sets in 2.80s
[Coarse] dedode_L-upright_B-C4 pair 13: dE=-9228.3 m dN=4825.9 m (phasecorr@180m, support=None, peak=0.03933755140516493) field 1x1 cells, dE -9272..-9272 m, dN 4847..4847 m, 0 filled
dedode_L-upright_B-C4: Processing pair 13 from disk...
dedode_L-upright_B-C4: 5 match-sets in 2.80s
[Coarse] dedode_L-upright_B-C4 pair 14: dE=-9308.5 m dN=4822.9 m (phasecorr@180m, support=None, peak=0.0362194667590989) field 1x1 cells, dE -9542..-9542 m, dN 4843..4843 m, 0 filled
dedode_L-upright_B-C4: Processing pair 14 from disk...
dedode_L-upright_B-C4: 4 match-sets in 3.01s
[Coarse] dedode_L-upright_B-C4 pair 15: dE=-19392.4 m dN=24257.7 m (phasecorr@180m, support=None, peak=0.07282278133763208) 
dedode_L-upright_B-C4: Processing pair 15 from disk...
dedode_L-upright_B-C4: 4 match-sets in 0.49s
Saved:
 CHIP_STATS_ALL.csv
 CHIP_STATS_SURVIVORS.csv
 CONSENSUS_SCORES.csv
 BEST_CHIP_SET.csv
 BEST_CHIP_MANIFEST.csv
 BEST_FINAL_SUMMARY.csv
[band1] dedode_L-upright_B-C4 ok in 0.7 min, peak GPU memory 8.8 of 15.6 GB
--------------------------------------------------------------------------------
[band1] Running dedode_L-C4_B-upright
DeDoDe: Loading L-C4/B-upright...
dedode: Initializing LightGlue {'filter_threshold': 0.1, 'depth_confidence': 0.95, 'width_confidence': 0.99}...
Loaded LightGlue model
[Coarse] pair 1: no reliable coarse offset (matcher: no matches; phasecorr: {'dx': -20193.477464726686, 'dy': -45743.92838364222, 'support': None, 'n': None, 'peak': 0.020609428800836677}); windows compared in place
[Coarse] pair 2: no reliable coarse offset (matcher: no matches; phasecorr: {'dx': -13696.50551245419, 'dy': -38359.15034615832, 'support': None, 'n': None, 'peak': 0.005463445974802611}); windows compared in place
[Coarse] pair 3: no reliable coarse offset (matcher: no matches; phasecorr: {'dx': -26691.14624675497, 'dy': -28341.854429889372, 'support': None, 'n': None, 'peak': 0.028507738675927267}); windows compared in place
[Coarse] pair 11: no reliable coarse offset (matcher: no matches; phasecorr: {'dx': -9310.972745874022, 'dy': 4896.252513739784, 'support': None, 'n': None, 'peak': 0.011061620189525462}); windows compared in place
[Coarse] WARNING: dedode_L-C4_B-upright: the pairs' coarse offsets differ by up to 19 km, more than one image moves from place to place. Pairs with a wrong offset match the wrong ground (the chip consensus drops them when they are few); if most pairs disagree, check the input's pixel size and window size.
[Coarse] dedode_L-C4_B-upright pair 1: dE=-9093.9 m dN=4821.4 m (from-pair-9, support=None, peak=None) 
dedode_L-C4_B-upright: Processing pair 1 from disk...
dedode_L-C4_B-upright: 0 match-sets in 0.00s
[Coarse] dedode_L-C4_B-upright pair 2: dE=-9093.9 m dN=4821.4 m (from-pair-9, support=None, peak=None) 
dedode_L-C4_B-upright: Processing pair 2 from disk...
dedode_L-C4_B-upright: 0 match-sets in 0.00s
[Coarse] dedode_L-C4_B-upright pair 3: dE=-9093.9 m dN=4821.4 m (from-pair-9, support=None, peak=None) 
dedode_L-C4_B-upright: Processing pair 3 from disk...
dedode_L-C4_B-upright: 0 match-sets in 0.00s
[Coarse] dedode_L-C4_B-upright pair 4: dE=-9221.2 m dN=4881.8 m (phasecorr@180m, support=None, peak=0.05907139921188354) field 1x1 cells, dE -9682..-9682 m, dN 4878..4878 m, 0 filled
dedode_L-C4_B-upright: Processing pair 4 from disk...
dedode_L-C4_B-upright: 5 match-sets in 3.14s
[Coarse] dedode_L-C4_B-upright pair 5: dE=-9227.3 m dN=4936.9 m (phasecorr@180m, support=None, peak=0.06194785504341126) field 1x1 cells, dE -9750..-9750 m, dN 4772..4772 m, 0 filled
dedode_L-C4_B-upright: Processing pair 5 from disk...
dedode_L-C4_B-upright: 5 match-sets in 3.33s
[Coarse] dedode_L-C4_B-upright pair 6: dE=-9159.5 m dN=4923.5 m (phasecorr@180m, support=None, peak=0.05013165693283081) field 1x1 cells, dE -9887..-9887 m, dN 4790..4790 m, 0 filled
dedode_L-C4_B-upright: Processing pair 6 from disk...
dedode_L-C4_B-upright: 5 match-sets in 3.13s
[Coarse] dedode_L-C4_B-upright pair 7: dE=-9947.3 m dN=4785.4 m (phasecorr@180m, support=None, peak=0.11055335414556809) field 1x1 cells, dE -9955..-9955 m, dN 4765..4765 m, 0 filled
dedode_L-C4_B-upright: Processing pair 7 from disk...
dedode_L-C4_B-upright: 5 match-sets in 0.68s
[Coarse] dedode_L-C4_B-upright pair 8: dE=-9954.5 m dN=4779.3 m (phasecorr@180m, support=None, peak=0.1302907753461673) field 1x1 cells, dE -9962..-9962 m, dN 4753..4753 m, 0 filled
dedode_L-C4_B-upright: Processing pair 8 from disk...
dedode_L-C4_B-upright: 5 match-sets in 0.67s
[Coarse] dedode_L-C4_B-upright pair 9: dE=-9059.4 m dN=4950.7 m (phasecorr@180m, support=None, peak=0.05415244971381293) field 1x1 cells, dE -9094..-9094 m, dN 4821..4821 m, 0 filled
dedode_L-C4_B-upright: Processing pair 9 from disk...
dedode_L-C4_B-upright: 5 match-sets in 1.13s
[Coarse] dedode_L-C4_B-upright pair 10: dE=-9073.5 m dN=4906.4 m (phasecorr@180m, support=None, peak=0.037404243375048225) field 1x1 cells, dE -9023..-9023 m, dN 4778..4778 m, 0 filled
dedode_L-C4_B-upright: Processing pair 10 from disk...
dedode_L-C4_B-upright: 5 match-sets in 1.14s
[Coarse] dedode_L-C4_B-upright pair 11: dE=-9022.9 m dN=4778.1 m (from-pair-10, support=None, peak=None) 
dedode_L-C4_B-upright: Processing pair 11 from disk...
dedode_L-C4_B-upright: 5 match-sets in 1.20s
[Coarse] dedode_L-C4_B-upright pair 12: dE=-9321.8 m dN=4777.2 m (phasecorr@180m, support=None, peak=0.044330621825324164) field 1x1 cells, dE -9400..-9400 m, dN 4784..4784 m, 0 filled
dedode_L-C4_B-upright: Processing pair 12 from disk...
dedode_L-C4_B-upright: 5 match-sets in 2.85s
[Coarse] dedode_L-C4_B-upright pair 13: dE=-9228.3 m dN=4825.9 m (phasecorr@180m, support=None, peak=0.03933755140516493) field 1x1 cells, dE -9272..-9272 m, dN 4847..4847 m, 0 filled
dedode_L-C4_B-upright: Processing pair 13 from disk...
dedode_L-C4_B-upright: 5 match-sets in 2.92s
[Coarse] dedode_L-C4_B-upright pair 14: dE=-9308.5 m dN=4822.9 m (phasecorr@180m, support=None, peak=0.0362194667590989) field 1x1 cells, dE -9542..-9542 m, dN 4843..4843 m, 0 filled
dedode_L-C4_B-upright: Processing pair 14 from disk...
dedode_L-C4_B-upright: 5 match-sets in 2.78s
[Coarse] dedode_L-C4_B-upright pair 15: dE=-19392.4 m dN=24257.7 m (phasecorr@180m, support=None, peak=0.07282278133763208) 
dedode_L-C4_B-upright: Processing pair 15 from disk...
dedode_L-C4_B-upright: 4 match-sets in 0.49s
Saved:
 CHIP_STATS_ALL.csv
 CHIP_STATS_SURVIVORS.csv
 CONSENSUS_SCORES.csv
 BEST_CHIP_SET.csv
 BEST_CHIP_MANIFEST.csv
 BEST_FINAL_SUMMARY.csv
[band1] dedode_L-C4_B-upright ok in 0.7 min, peak GPU memory 8.7 of 15.6 GB
--------------------------------------------------------------------------------
[band1] Running dedode_L-C4_B-C4
DeDoDe: Loading L-C4/B-C4...
dedode: Initializing LightGlue {'filter_threshold': 0.1, 'depth_confidence': 0.95, 'width_confidence': 0.99}...
Loaded LightGlue model
[Coarse] pair 1: no reliable coarse offset (matcher: no matches; phasecorr: {'dx': -20193.477464726686, 'dy': -45743.92838364222, 'support': None, 'n': None, 'peak': 0.020609428800836677}); windows compared in place
[Coarse] pair 2: no reliable coarse offset (matcher: no matches; phasecorr: {'dx': -13696.50551245419, 'dy': -38359.15034615832, 'support': None, 'n': None, 'peak': 0.005463445974802611}); windows compared in place
[Coarse] pair 3: no reliable coarse offset (matcher: no matches; phasecorr: {'dx': -26691.14624675497, 'dy': -28341.854429889372, 'support': None, 'n': None, 'peak': 0.028507738675927267}); windows compared in place
[Coarse] pair 11: no reliable coarse offset (matcher: no matches; phasecorr: {'dx': -9310.972745874022, 'dy': 4896.252513739784, 'support': None, 'n': None, 'peak': 0.011061620189525462}); windows compared in place
[Coarse] WARNING: dedode_L-C4_B-C4: the pairs' coarse offsets differ by up to 19 km, more than one image moves from place to place. Pairs with a wrong offset match the wrong ground (the chip consensus drops them when they are few); if most pairs disagree, check the input's pixel size and window size.
[Coarse] dedode_L-C4_B-C4 pair 1: dE=-9093.9 m dN=4821.4 m (from-pair-9, support=None, peak=None) 
dedode_L-C4_B-C4: Processing pair 1 from disk...
dedode_L-C4_B-C4: 0 match-sets in 0.00s
[Coarse] dedode_L-C4_B-C4 pair 2: dE=-9093.9 m dN=4821.4 m (from-pair-9, support=None, peak=None) 
dedode_L-C4_B-C4: Processing pair 2 from disk...
dedode_L-C4_B-C4: 0 match-sets in 0.00s
[Coarse] dedode_L-C4_B-C4 pair 3: dE=-9093.9 m dN=4821.4 m (from-pair-9, support=None, peak=None) 
dedode_L-C4_B-C4: Processing pair 3 from disk...
dedode_L-C4_B-C4: 0 match-sets in 0.00s
[Coarse] dedode_L-C4_B-C4 pair 4: dE=-9221.2 m dN=4881.8 m (phasecorr@180m, support=None, peak=0.05907139921188354) field 1x1 cells, dE -9682..-9682 m, dN 4878..4878 m, 0 filled
dedode_L-C4_B-C4: Processing pair 4 from disk...
dedode_L-C4_B-C4: 4 match-sets in 3.16s
[Coarse] dedode_L-C4_B-C4 pair 5: dE=-9227.3 m dN=4936.9 m (phasecorr@180m, support=None, peak=0.06194785504341126) field 1x1 cells, dE -9750..-9750 m, dN 4772..4772 m, 0 filled
dedode_L-C4_B-C4: Processing pair 5 from disk...
dedode_L-C4_B-C4: 4 match-sets in 3.18s
[Coarse] dedode_L-C4_B-C4 pair 6: dE=-9159.5 m dN=4923.5 m (phasecorr@180m, support=None, peak=0.05013165693283081) field 1x1 cells, dE -9887..-9887 m, dN 4790..4790 m, 0 filled
dedode_L-C4_B-C4: Processing pair 6 from disk...
dedode_L-C4_B-C4: 5 match-sets in 3.28s
[Coarse] dedode_L-C4_B-C4 pair 7: dE=-9947.3 m dN=4785.4 m (phasecorr@180m, support=None, peak=0.11055335414556809) field 1x1 cells, dE -9955..-9955 m, dN 4765..4765 m, 0 filled
dedode_L-C4_B-C4: Processing pair 7 from disk...
dedode_L-C4_B-C4: 4 match-sets in 0.67s
[Coarse] dedode_L-C4_B-C4 pair 8: dE=-9954.5 m dN=4779.3 m (phasecorr@180m, support=None, peak=0.1302907753461673) field 1x1 cells, dE -9962..-9962 m, dN 4753..4753 m, 0 filled
dedode_L-C4_B-C4: Processing pair 8 from disk...
dedode_L-C4_B-C4: 4 match-sets in 0.67s
[Coarse] dedode_L-C4_B-C4 pair 9: dE=-9059.4 m dN=4950.7 m (phasecorr@180m, support=None, peak=0.05415244971381293) field 1x1 cells, dE -9094..-9094 m, dN 4821..4821 m, 0 filled
dedode_L-C4_B-C4: Processing pair 9 from disk...
dedode_L-C4_B-C4: 5 match-sets in 1.13s
[Coarse] dedode_L-C4_B-C4 pair 10: dE=-9073.5 m dN=4906.4 m (phasecorr@180m, support=None, peak=0.037404243375048225) field 1x1 cells, dE -9023..-9023 m, dN 4778..4778 m, 0 filled
dedode_L-C4_B-C4: Processing pair 10 from disk...
dedode_L-C4_B-C4: 5 match-sets in 1.13s
[Coarse] dedode_L-C4_B-C4 pair 11: dE=-9022.9 m dN=4778.1 m (from-pair-10, support=None, peak=None) 
dedode_L-C4_B-C4: Processing pair 11 from disk...
dedode_L-C4_B-C4: 4 match-sets in 1.17s
[Coarse] dedode_L-C4_B-C4 pair 12: dE=-9321.8 m dN=4777.2 m (phasecorr@180m, support=None, peak=0.044330621825324164) field 1x1 cells, dE -9400..-9400 m, dN 4784..4784 m, 0 filled
dedode_L-C4_B-C4: Processing pair 12 from disk...
dedode_L-C4_B-C4: 5 match-sets in 2.80s
[Coarse] dedode_L-C4_B-C4 pair 13: dE=-9228.3 m dN=4825.9 m (phasecorr@180m, support=None, peak=0.03933755140516493) field 1x1 cells, dE -9272..-9272 m, dN 4847..4847 m, 0 filled
dedode_L-C4_B-C4: Processing pair 13 from disk...
dedode_L-C4_B-C4: 4 match-sets in 3.01s
[Coarse] dedode_L-C4_B-C4 pair 14: dE=-9308.5 m dN=4822.9 m (phasecorr@180m, support=None, peak=0.0362194667590989) field 1x1 cells, dE -9542..-9542 m, dN 4843..4843 m, 0 filled
dedode_L-C4_B-C4: Processing pair 14 from disk...
dedode_L-C4_B-C4: 5 match-sets in 2.82s
[Coarse] dedode_L-C4_B-C4 pair 15: dE=-19392.4 m dN=24257.7 m (phasecorr@180m, support=None, peak=0.07282278133763208) 
dedode_L-C4_B-C4: Processing pair 15 from disk...
dedode_L-C4_B-C4: 5 match-sets in 0.49s
Saved:
 CHIP_STATS_ALL.csv
 CHIP_STATS_SURVIVORS.csv
 CONSENSUS_SCORES.csv
 BEST_CHIP_SET.csv
 BEST_CHIP_MANIFEST.csv
 BEST_FINAL_SUMMARY.csv
[band1] dedode_L-C4_B-C4 ok in 0.7 min, peak GPU memory 8.5 of 15.6 GB
--------------------------------------------------------------------------------
[band1] Running dedode_L-C4-v2_B-upright
DeDoDe: Loading L-C4-v2/B-upright...
dedode: Initializing LightGlue {'filter_threshold': 0.1, 'depth_confidence': 0.95, 'width_confidence': 0.99}...
Loaded LightGlue model
[Coarse] pair 1: no reliable coarse offset (matcher: no matches; phasecorr: {'dx': -20193.477464726686, 'dy': -45743.92838364222, 'support': None, 'n': None, 'peak': 0.020609428800836677}); windows compared in place
[Coarse] pair 2: no reliable coarse offset (matcher: no matches; phasecorr: {'dx': -13696.50551245419, 'dy': -38359.15034615832, 'support': None, 'n': None, 'peak': 0.005463445974802611}); windows compared in place
[Coarse] pair 3: no reliable coarse offset (matcher: no matches; phasecorr: {'dx': -26691.14624675497, 'dy': -28341.854429889372, 'support': None, 'n': None, 'peak': 0.028507738675927267}); windows compared in place
[Coarse] pair 11: no reliable coarse offset (matcher: no matches; phasecorr: {'dx': -9310.972745874022, 'dy': 4896.252513739784, 'support': None, 'n': None, 'peak': 0.011061620189525462}); windows compared in place
[Coarse] WARNING: dedode_L-C4-v2_B-upright: the pairs' coarse offsets differ by up to 19 km, more than one image moves from place to place. Pairs with a wrong offset match the wrong ground (the chip consensus drops them when they are few); if most pairs disagree, check the input's pixel size and window size.
[Coarse] dedode_L-C4-v2_B-upright pair 1: dE=-9093.9 m dN=4821.4 m (from-pair-9, support=None, peak=None) 
dedode_L-C4-v2_B-upright: Processing pair 1 from disk...
dedode_L-C4-v2_B-upright: 0 match-sets in 0.00s
[Coarse] dedode_L-C4-v2_B-upright pair 2: dE=-9093.9 m dN=4821.4 m (from-pair-9, support=None, peak=None) 
dedode_L-C4-v2_B-upright: Processing pair 2 from disk...
dedode_L-C4-v2_B-upright: 0 match-sets in 0.00s
[Coarse] dedode_L-C4-v2_B-upright pair 3: dE=-9093.9 m dN=4821.4 m (from-pair-9, support=None, peak=None) 
dedode_L-C4-v2_B-upright: Processing pair 3 from disk...
dedode_L-C4-v2_B-upright: 0 match-sets in 0.00s
[Coarse] dedode_L-C4-v2_B-upright pair 4: dE=-9221.2 m dN=4881.8 m (phasecorr@180m, support=None, peak=0.05907139921188354) field 1x1 cells, dE -9682..-9682 m, dN 4878..4878 m, 0 filled
dedode_L-C4-v2_B-upright: Processing pair 4 from disk...
dedode_L-C4-v2_B-upright: 5 match-sets in 3.57s
[Coarse] dedode_L-C4-v2_B-upright pair 5: dE=-9227.3 m dN=4936.9 m (phasecorr@180m, support=None, peak=0.06194785504341126) field 1x1 cells, dE -9750..-9750 m, dN 4772..4772 m, 0 filled
dedode_L-C4-v2_B-upright: Processing pair 5 from disk...
dedode_L-C4-v2_B-upright: 5 match-sets in 3.45s
[Coarse] dedode_L-C4-v2_B-upright pair 6: dE=-9159.5 m dN=4923.5 m (phasecorr@180m, support=None, peak=0.05013165693283081) field 1x1 cells, dE -9887..-9887 m, dN 4790..4790 m, 0 filled
dedode_L-C4-v2_B-upright: Processing pair 6 from disk...
dedode_L-C4-v2_B-upright: 5 match-sets in 3.40s
[Coarse] dedode_L-C4-v2_B-upright pair 7: dE=-9947.3 m dN=4785.4 m (phasecorr@180m, support=None, peak=0.11055335414556809) field 1x1 cells, dE -9955..-9955 m, dN 4765..4765 m, 0 filled
dedode_L-C4-v2_B-upright: Processing pair 7 from disk...
dedode_L-C4-v2_B-upright: 5 match-sets in 0.69s
[Coarse] dedode_L-C4-v2_B-upright pair 8: dE=-9954.5 m dN=4779.3 m (phasecorr@180m, support=None, peak=0.1302907753461673) field 1x1 cells, dE -9962..-9962 m, dN 4753..4753 m, 0 filled
dedode_L-C4-v2_B-upright: Processing pair 8 from disk...
dedode_L-C4-v2_B-upright: 5 match-sets in 0.68s
[Coarse] dedode_L-C4-v2_B-upright pair 9: dE=-9059.4 m dN=4950.7 m (phasecorr@180m, support=None, peak=0.05415244971381293) field 1x1 cells, dE -9094..-9094 m, dN 4821..4821 m, 0 filled
dedode_L-C4-v2_B-upright: Processing pair 9 from disk...
dedode_L-C4-v2_B-upright: 5 match-sets in 1.18s
[Coarse] dedode_L-C4-v2_B-upright pair 10: dE=-9073.5 m dN=4906.4 m (phasecorr@180m, support=None, peak=0.037404243375048225) field 1x1 cells, dE -9023..-9023 m, dN 4778..4778 m, 0 filled
dedode_L-C4-v2_B-upright: Processing pair 10 from disk...
dedode_L-C4-v2_B-upright: 5 match-sets in 1.18s
[Coarse] dedode_L-C4-v2_B-upright pair 11: dE=-9022.9 m dN=4778.1 m (from-pair-10, support=None, peak=None) 
dedode_L-C4-v2_B-upright: Processing pair 11 from disk...
dedode_L-C4-v2_B-upright: 4 match-sets in 1.21s
[Coarse] dedode_L-C4-v2_B-upright pair 12: dE=-9321.8 m dN=4777.2 m (phasecorr@180m, support=None, peak=0.044330621825324164) field 1x1 cells, dE -9400..-9400 m, dN 4784..4784 m, 0 filled
dedode_L-C4-v2_B-upright: Processing pair 12 from disk...
dedode_L-C4-v2_B-upright: 4 match-sets in 2.93s
[Coarse] dedode_L-C4-v2_B-upright pair 13: dE=-9228.3 m dN=4825.9 m (phasecorr@180m, support=None, peak=0.03933755140516493) field 1x1 cells, dE -9272..-9272 m, dN 4847..4847 m, 0 filled
dedode_L-C4-v2_B-upright: Processing pair 13 from disk...
dedode_L-C4-v2_B-upright: 5 match-sets in 2.90s
[Coarse] dedode_L-C4-v2_B-upright pair 14: dE=-9308.5 m dN=4822.9 m (phasecorr@180m, support=None, peak=0.0362194667590989) field 1x1 cells, dE -9542..-9542 m, dN 4843..4843 m, 0 filled
dedode_L-C4-v2_B-upright: Processing pair 14 from disk...
dedode_L-C4-v2_B-upright: 5 match-sets in 2.96s
[Coarse] dedode_L-C4-v2_B-upright pair 15: dE=-19392.4 m dN=24257.7 m (phasecorr@180m, support=None, peak=0.07282278133763208) 
dedode_L-C4-v2_B-upright: Processing pair 15 from disk...
dedode_L-C4-v2_B-upright: 4 match-sets in 0.49s
Saved:
 CHIP_STATS_ALL.csv
 CHIP_STATS_SURVIVORS.csv
 CONSENSUS_SCORES.csv
 BEST_CHIP_SET.csv
 BEST_CHIP_MANIFEST.csv
 BEST_FINAL_SUMMARY.csv
[band1] dedode_L-C4-v2_B-upright ok in 0.7 min, peak GPU memory 9.9 of 15.6 GB
--------------------------------------------------------------------------------
[band1] Running dedode_L-C4-v2_B-C4
DeDoDe: Loading L-C4-v2/B-C4...
dedode: Initializing LightGlue {'filter_threshold': 0.1, 'depth_confidence': 0.95, 'width_confidence': 0.99}...
Loaded LightGlue model
[Coarse] pair 1: no reliable coarse offset (matcher: no matches; phasecorr: {'dx': -20193.477464726686, 'dy': -45743.92838364222, 'support': None, 'n': None, 'peak': 0.020609428800836677}); windows compared in place
[Coarse] pair 2: no reliable coarse offset (matcher: no matches; phasecorr: {'dx': -13696.50551245419, 'dy': -38359.15034615832, 'support': None, 'n': None, 'peak': 0.005463445974802611}); windows compared in place
[Coarse] pair 3: no reliable coarse offset (matcher: no matches; phasecorr: {'dx': -26691.14624675497, 'dy': -28341.854429889372, 'support': None, 'n': None, 'peak': 0.028507738675927267}); windows compared in place
[Coarse] pair 11: no reliable coarse offset (matcher: no matches; phasecorr: {'dx': -9310.972745874022, 'dy': 4896.252513739784, 'support': None, 'n': None, 'peak': 0.011061620189525462}); windows compared in place
[Coarse] WARNING: dedode_L-C4-v2_B-C4: the pairs' coarse offsets differ by up to 19 km, more than one image moves from place to place. Pairs with a wrong offset match the wrong ground (the chip consensus drops them when they are few); if most pairs disagree, check the input's pixel size and window size.
[Coarse] dedode_L-C4-v2_B-C4 pair 1: dE=-9093.9 m dN=4821.4 m (from-pair-9, support=None, peak=None) 
dedode_L-C4-v2_B-C4: Processing pair 1 from disk...
dedode_L-C4-v2_B-C4: 0 match-sets in 0.00s
[Coarse] dedode_L-C4-v2_B-C4 pair 2: dE=-9093.9 m dN=4821.4 m (from-pair-9, support=None, peak=None) 
dedode_L-C4-v2_B-C4: Processing pair 2 from disk...
dedode_L-C4-v2_B-C4: 0 match-sets in 0.00s
[Coarse] dedode_L-C4-v2_B-C4 pair 3: dE=-9093.9 m dN=4821.4 m (from-pair-9, support=None, peak=None) 
dedode_L-C4-v2_B-C4: Processing pair 3 from disk...
dedode_L-C4-v2_B-C4: 0 match-sets in 0.00s
[Coarse] dedode_L-C4-v2_B-C4 pair 4: dE=-9221.2 m dN=4881.8 m (phasecorr@180m, support=None, peak=0.05907139921188354) field 1x1 cells, dE -9682..-9682 m, dN 4878..4878 m, 0 filled
dedode_L-C4-v2_B-C4: Processing pair 4 from disk...
dedode_L-C4-v2_B-C4: 5 match-sets in 3.45s
[Coarse] dedode_L-C4-v2_B-C4 pair 5: dE=-9227.3 m dN=4936.9 m (phasecorr@180m, support=None, peak=0.06194785504341126) field 1x1 cells, dE -9750..-9750 m, dN 4772..4772 m, 0 filled
dedode_L-C4-v2_B-C4: Processing pair 5 from disk...
dedode_L-C4-v2_B-C4: 5 match-sets in 3.36s
[Coarse] dedode_L-C4-v2_B-C4 pair 6: dE=-9159.5 m dN=4923.5 m (phasecorr@180m, support=None, peak=0.05013165693283081) field 1x1 cells, dE -9887..-9887 m, dN 4790..4790 m, 0 filled
dedode_L-C4-v2_B-C4: Processing pair 6 from disk...
dedode_L-C4-v2_B-C4: 5 match-sets in 3.40s
[Coarse] dedode_L-C4-v2_B-C4 pair 7: dE=-9947.3 m dN=4785.4 m (phasecorr@180m, support=None, peak=0.11055335414556809) field 1x1 cells, dE -9955..-9955 m, dN 4765..4765 m, 0 filled
dedode_L-C4-v2_B-C4: Processing pair 7 from disk...
dedode_L-C4-v2_B-C4: 5 match-sets in 0.69s
[Coarse] dedode_L-C4-v2_B-C4 pair 8: dE=-9954.5 m dN=4779.3 m (phasecorr@180m, support=None, peak=0.1302907753461673) field 1x1 cells, dE -9962..-9962 m, dN 4753..4753 m, 0 filled
dedode_L-C4-v2_B-C4: Processing pair 8 from disk...
dedode_L-C4-v2_B-C4: 5 match-sets in 0.68s
[Coarse] dedode_L-C4-v2_B-C4 pair 9: dE=-9059.4 m dN=4950.7 m (phasecorr@180m, support=None, peak=0.05415244971381293) field 1x1 cells, dE -9094..-9094 m, dN 4821..4821 m, 0 filled
dedode_L-C4-v2_B-C4: Processing pair 9 from disk...
dedode_L-C4-v2_B-C4: 5 match-sets in 1.18s
[Coarse] dedode_L-C4-v2_B-C4 pair 10: dE=-9073.5 m dN=4906.4 m (phasecorr@180m, support=None, peak=0.037404243375048225) field 1x1 cells, dE -9023..-9023 m, dN 4778..4778 m, 0 filled
dedode_L-C4-v2_B-C4: Processing pair 10 from disk...
dedode_L-C4-v2_B-C4: 5 match-sets in 1.17s
[Coarse] dedode_L-C4-v2_B-C4 pair 11: dE=-9022.9 m dN=4778.1 m (from-pair-10, support=None, peak=None) 
dedode_L-C4-v2_B-C4: Processing pair 11 from disk...
dedode_L-C4-v2_B-C4: 6 match-sets in 1.21s
[Coarse] dedode_L-C4-v2_B-C4 pair 12: dE=-9321.8 m dN=4777.2 m (phasecorr@180m, support=None, peak=0.044330621825324164) field 1x1 cells, dE -9400..-9400 m, dN 4784..4784 m, 0 filled
dedode_L-C4-v2_B-C4: Processing pair 12 from disk...
dedode_L-C4-v2_B-C4: 5 match-sets in 3.01s
[Coarse] dedode_L-C4-v2_B-C4 pair 13: dE=-9228.3 m dN=4825.9 m (phasecorr@180m, support=None, peak=0.03933755140516493) field 1x1 cells, dE -9272..-9272 m, dN 4847..4847 m, 0 filled
dedode_L-C4-v2_B-C4: Processing pair 13 from disk...
dedode_L-C4-v2_B-C4: 5 match-sets in 2.89s
[Coarse] dedode_L-C4-v2_B-C4 pair 14: dE=-9308.5 m dN=4822.9 m (phasecorr@180m, support=None, peak=0.0362194667590989) field 1x1 cells, dE -9542..-9542 m, dN 4843..4843 m, 0 filled
dedode_L-C4-v2_B-C4: Processing pair 14 from disk...
dedode_L-C4-v2_B-C4: 5 match-sets in 2.89s
[Coarse] dedode_L-C4-v2_B-C4 pair 15: dE=-19392.4 m dN=24257.7 m (phasecorr@180m, support=None, peak=0.07282278133763208) 
dedode_L-C4-v2_B-C4: Processing pair 15 from disk...
dedode_L-C4-v2_B-C4: 4 match-sets in 0.53s
Saved:
 CHIP_STATS_ALL.csv
 CHIP_STATS_SURVIVORS.csv
 CONSENSUS_SCORES.csv
 BEST_CHIP_SET.csv
 BEST_CHIP_MANIFEST.csv
 BEST_FINAL_SUMMARY.csv
[band1] dedode_L-C4-v2_B-C4 ok in 0.7 min, peak GPU memory 9.0 of 15.6 GB
--------------------------------------------------------------------------------
[band1] Running keynet
KeyNet: Loading KeyNet-AffNet-HardNet (upright=True)...
keynet: Initializing LightGlue {'filter_threshold': 0.1, 'depth_confidence': 0.95, 'width_confidence': 0.99}...
Loaded LightGlue model
[Coarse] pair 1: no reliable coarse offset (matcher: no matches; phasecorr: {'dx': -20193.477464726686, 'dy': -45743.92838364222, 'support': None, 'n': None, 'peak': 0.020609428800836677}); windows compared in place
[Coarse] pair 2: no reliable coarse offset (matcher: no matches; phasecorr: {'dx': -13696.50551245419, 'dy': -38359.15034615832, 'support': None, 'n': None, 'peak': 0.005463445974802611}); windows compared in place
[Coarse] pair 3: no reliable coarse offset (matcher: no matches; phasecorr: {'dx': -26691.14624675497, 'dy': -28341.854429889372, 'support': None, 'n': None, 'peak': 0.028507738675927267}); windows compared in place
[Coarse] pair 11: no reliable coarse offset (matcher: no matches; phasecorr: {'dx': -9310.972745874022, 'dy': 4896.252513739784, 'support': None, 'n': None, 'peak': 0.011061620189525462}); windows compared in place
[Coarse] WARNING: keynet: the pairs' coarse offsets differ by up to 19 km, more than one image moves from place to place. Pairs with a wrong offset match the wrong ground (the chip consensus drops them when they are few); if most pairs disagree, check the input's pixel size and window size.
[Coarse] keynet pair 1: dE=-9093.9 m dN=4821.4 m (from-pair-9, support=None, peak=None) 
keynet: Processing pair 1 from disk...
keynet: 0 match-sets in 0.00s
[Coarse] keynet pair 2: dE=-9093.9 m dN=4821.4 m (from-pair-9, support=None, peak=None) 
keynet: Processing pair 2 from disk...
keynet: 0 match-sets in 0.00s
[Coarse] keynet pair 3: dE=-9093.9 m dN=4821.4 m (from-pair-9, support=None, peak=None) 
keynet: Processing pair 3 from disk...
keynet: 0 match-sets in 0.00s
[Coarse] keynet pair 4: dE=-9221.2 m dN=4881.8 m (phasecorr@180m, support=None, peak=0.05907139921188354) field 1x1 cells, dE -9682..-9682 m, dN 4878..4878 m, 0 filled
keynet: Processing pair 4 from disk...
keynet: 6 match-sets in 2.94s
[Coarse] keynet pair 5: dE=-9227.3 m dN=4936.9 m (phasecorr@180m, support=None, peak=0.06194785504341126) field 1x1 cells, dE -9750..-9750 m, dN 4772..4772 m, 0 filled
keynet: Processing pair 5 from disk...
keynet: 5 match-sets in 2.92s
[Coarse] keynet pair 6: dE=-9159.5 m dN=4923.5 m (phasecorr@180m, support=None, peak=0.05013165693283081) field 1x1 cells, dE -9887..-9887 m, dN 4790..4790 m, 0 filled
keynet: Processing pair 6 from disk...
keynet: 5 match-sets in 2.59s
[Coarse] keynet pair 7: dE=-9947.3 m dN=4785.4 m (phasecorr@180m, support=None, peak=0.11055335414556809) field 1x1 cells, dE -9955..-9955 m, dN 4765..4765 m, 0 filled
keynet: Processing pair 7 from disk...
keynet: 4 match-sets in 1.60s
[Coarse] keynet pair 8: dE=-9954.5 m dN=4779.3 m (phasecorr@180m, support=None, peak=0.1302907753461673) field 1x1 cells, dE -9962..-9962 m, dN 4753..4753 m, 0 filled
keynet: Processing pair 8 from disk...
keynet: 4 match-sets in 1.19s
[Coarse] keynet pair 9: dE=-9059.4 m dN=4950.7 m (phasecorr@180m, support=None, peak=0.05415244971381293) field 1x1 cells, dE -9094..-9094 m, dN 4821..4821 m, 0 filled
keynet: Processing pair 9 from disk...
keynet: 6 match-sets in 2.02s
[Coarse] keynet pair 10: dE=-9073.5 m dN=4906.4 m (phasecorr@180m, support=None, peak=0.037404243375048225) field 1x1 cells, dE -9023..-9023 m, dN 4778..4778 m, 0 filled
keynet: Processing pair 10 from disk...
keynet: 6 match-sets in 1.99s
[Coarse] keynet pair 11: dE=-9022.9 m dN=4778.1 m (from-pair-10, support=None, peak=None) 
keynet: Processing pair 11 from disk...
keynet: 5 match-sets in 2.08s
[Coarse] keynet pair 12: dE=-9321.8 m dN=4777.2 m (phasecorr@180m, support=None, peak=0.044330621825324164) field 1x1 cells, dE -9400..-9400 m, dN 4784..4784 m, 0 filled
keynet: Processing pair 12 from disk...
keynet: 5 match-sets in 3.22s
[Coarse] keynet pair 13: dE=-9228.3 m dN=4825.9 m (phasecorr@180m, support=None, peak=0.03933755140516493) field 1x1 cells, dE -9272..-9272 m, dN 4847..4847 m, 0 filled
keynet: Processing pair 13 from disk...
keynet: 6 match-sets in 3.03s
[Coarse] keynet pair 14: dE=-9308.5 m dN=4822.9 m (phasecorr@180m, support=None, peak=0.0362194667590989) field 1x1 cells, dE -9542..-9542 m, dN 4843..4843 m, 0 filled
keynet: Processing pair 14 from disk...
keynet: 4 match-sets in 2.76s
[Coarse] keynet pair 15: dE=-19392.4 m dN=24257.7 m (phasecorr@180m, support=None, peak=0.07282278133763208) 
keynet: Processing pair 15 from disk...
keynet: 5 match-sets in 1.20s
Saved:
 CHIP_STATS_ALL.csv
 CHIP_STATS_SURVIVORS.csv
 CONSENSUS_SCORES.csv
 BEST_CHIP_SET.csv
 BEST_CHIP_MANIFEST.csv
 BEST_FINAL_SUMMARY.csv
[band1] keynet ok in 1.1 min, peak GPU memory 3.0 of 15.6 GB
--------------------------------------------------------------------------------
[band1] Running dog_hardnet
DoG: Loading HardNet (upright=True)...
dog: Initializing LightGlue {'filter_threshold': 0.1, 'depth_confidence': 0.95, 'width_confidence': 0.99}...
Loaded LightGlue model
[Coarse] pair 1: no reliable coarse offset (matcher: no matches; phasecorr: {'dx': -20193.477464726686, 'dy': -45743.92838364222, 'support': None, 'n': None, 'peak': 0.020609428800836677}); windows compared in place
[Coarse] pair 2: no reliable coarse offset (matcher: no matches; phasecorr: {'dx': -13696.50551245419, 'dy': -38359.15034615832, 'support': None, 'n': None, 'peak': 0.005463445974802611}); windows compared in place
[Coarse] pair 3: no reliable coarse offset (matcher: no matches; phasecorr: {'dx': -26691.14624675497, 'dy': -28341.854429889372, 'support': None, 'n': None, 'peak': 0.028507738675927267}); windows compared in place
[Coarse] pair 11: no reliable coarse offset (matcher: no matches; phasecorr: {'dx': -9310.972745874022, 'dy': 4896.252513739784, 'support': None, 'n': None, 'peak': 0.011061620189525462}); windows compared in place
[Coarse] WARNING: dog_hardnet: the pairs' coarse offsets differ by up to 19 km, more than one image moves from place to place. Pairs with a wrong offset match the wrong ground (the chip consensus drops them when they are few); if most pairs disagree, check the input's pixel size and window size.
[Coarse] dog_hardnet pair 1: dE=-9093.9 m dN=4821.4 m (from-pair-9, support=None, peak=None) 
dog_hardnet: Processing pair 1 from disk...
dog_hardnet: 0 match-sets in 0.00s
[Coarse] dog_hardnet pair 2: dE=-9093.9 m dN=4821.4 m (from-pair-9, support=None, peak=None) 
dog_hardnet: Processing pair 2 from disk...
dog_hardnet: 0 match-sets in 0.00s
[Coarse] dog_hardnet pair 3: dE=-9093.9 m dN=4821.4 m (from-pair-9, support=None, peak=None) 
dog_hardnet: Processing pair 3 from disk...
dog_hardnet: 0 match-sets in 0.00s
[Coarse] dog_hardnet pair 4: dE=-9221.2 m dN=4881.8 m (phasecorr@180m, support=None, peak=0.05907139921188354) field 1x1 cells, dE -9682..-9682 m, dN 4878..4878 m, 0 filled
dog_hardnet: Processing pair 4 from disk...
dog_hardnet: 5 match-sets in 1.36s
[Coarse] dog_hardnet pair 5: dE=-9227.3 m dN=4936.9 m (phasecorr@180m, support=None, peak=0.06194785504341126) field 1x1 cells, dE -9750..-9750 m, dN 4772..4772 m, 0 filled
dog_hardnet: Processing pair 5 from disk...
dog_hardnet: 5 match-sets in 1.43s
[Coarse] dog_hardnet pair 6: dE=-9159.5 m dN=4923.5 m (phasecorr@180m, support=None, peak=0.05013165693283081) field 1x1 cells, dE -9887..-9887 m, dN 4790..4790 m, 0 filled
dog_hardnet: Processing pair 6 from disk...
dog_hardnet: 5 match-sets in 1.38s
[Coarse] dog_hardnet pair 7: dE=-9947.3 m dN=4785.4 m (phasecorr@180m, support=None, peak=0.11055335414556809) field 1x1 cells, dE -9955..-9955 m, dN 4765..4765 m, 0 filled
dog_hardnet: Processing pair 7 from disk...
dog_hardnet: 5 match-sets in 0.67s
[Coarse] dog_hardnet pair 8: dE=-9954.5 m dN=4779.3 m (phasecorr@180m, support=None, peak=0.1302907753461673) field 1x1 cells, dE -9962..-9962 m, dN 4753..4753 m, 0 filled
dog_hardnet: Processing pair 8 from disk...
dog_hardnet: 5 match-sets in 0.66s
[Coarse] dog_hardnet pair 9: dE=-9059.4 m dN=4950.7 m (phasecorr@180m, support=None, peak=0.05415244971381293) field 1x1 cells, dE -9094..-9094 m, dN 4821..4821 m, 0 filled
dog_hardnet: Processing pair 9 from disk...
dog_hardnet: 5 match-sets in 0.90s
[Coarse] dog_hardnet pair 10: dE=-9073.5 m dN=4906.4 m (phasecorr@180m, support=None, peak=0.037404243375048225) field 1x1 cells, dE -9023..-9023 m, dN 4778..4778 m, 0 filled
dog_hardnet: Processing pair 10 from disk...
dog_hardnet: 5 match-sets in 0.93s
[Coarse] dog_hardnet pair 11: dE=-9022.9 m dN=4778.1 m (from-pair-10, support=None, peak=None) 
dog_hardnet: Processing pair 11 from disk...
dog_hardnet: 5 match-sets in 0.97s
[Coarse] dog_hardnet pair 12: dE=-9321.8 m dN=4777.2 m (phasecorr@180m, support=None, peak=0.044330621825324164) field 1x1 cells, dE -9400..-9400 m, dN 4784..4784 m, 0 filled
dog_hardnet: Processing pair 12 from disk...
dog_hardnet: 6 match-sets in 1.57s
[Coarse] dog_hardnet pair 13: dE=-9228.3 m dN=4825.9 m (phasecorr@180m, support=None, peak=0.03933755140516493) field 1x1 cells, dE -9272..-9272 m, dN 4847..4847 m, 0 filled
dog_hardnet: Processing pair 13 from disk...
dog_hardnet: 6 match-sets in 1.53s
[Coarse] dog_hardnet pair 14: dE=-9308.5 m dN=4822.9 m (phasecorr@180m, support=None, peak=0.0362194667590989) field 1x1 cells, dE -9542..-9542 m, dN 4843..4843 m, 0 filled
dog_hardnet: Processing pair 14 from disk...
dog_hardnet: 4 match-sets in 1.54s
[Coarse] dog_hardnet pair 15: dE=-19392.4 m dN=24257.7 m (phasecorr@180m, support=None, peak=0.07282278133763208) 
dog_hardnet: Processing pair 15 from disk...
dog_hardnet: 4 match-sets in 0.43s
Saved:
 CHIP_STATS_ALL.csv
 CHIP_STATS_SURVIVORS.csv
 CONSENSUS_SCORES.csv
 BEST_CHIP_SET.csv
 BEST_CHIP_MANIFEST.csv
 BEST_FINAL_SUMMARY.csv
[band1] dog_hardnet ok in 0.5 min, peak GPU memory 3.9 of 15.6 GB
--------------------------------------------------------------------------------
[band1] Running gftt
GFTT-AffNet-HardNet: Loading (upright=True)...
[Coarse] pair 1: no reliable coarse offset (matcher: no matches; phasecorr: {'dx': -20193.477464726686, 'dy': -45743.92838364222, 'support': None, 'n': None, 'peak': 0.020609428800836677}); windows compared in place
[Coarse] pair 2: no reliable coarse offset (matcher: no matches; phasecorr: {'dx': -13696.50551245419, 'dy': -38359.15034615832, 'support': None, 'n': None, 'peak': 0.005463445974802611}); windows compared in place
[Coarse] pair 3: no reliable coarse offset (matcher: no matches; phasecorr: {'dx': -26691.14624675497, 'dy': -28341.854429889372, 'support': None, 'n': None, 'peak': 0.028507738675927267}); windows compared in place
[Coarse] pair 11: no reliable coarse offset (matcher: no matches; phasecorr: {'dx': -9310.972745874022, 'dy': 4896.252513739784, 'support': None, 'n': None, 'peak': 0.011061620189525462}); windows compared in place
[Coarse] WARNING: gftt: the pairs' coarse offsets differ by up to 19 km, more than one image moves from place to place. Pairs with a wrong offset match the wrong ground (the chip consensus drops them when they are few); if most pairs disagree, check the input's pixel size and window size.
[Coarse] gftt pair 1: dE=-9093.9 m dN=4821.4 m (from-pair-9, support=None, peak=None) 
gftt: Processing pair 1 from disk...
gftt: 0 match-sets in 0.00s
[Coarse] gftt pair 2: dE=-9093.9 m dN=4821.4 m (from-pair-9, support=None, peak=None) 
gftt: Processing pair 2 from disk...
gftt: 0 match-sets in 0.00s
[Coarse] gftt pair 3: dE=-9093.9 m dN=4821.4 m (from-pair-9, support=None, peak=None) 
gftt: Processing pair 3 from disk...
gftt: 0 match-sets in 0.00s
[Coarse] gftt pair 4: dE=-9221.2 m dN=4881.8 m (phasecorr@180m, support=None, peak=0.05907139921188354) field 1x1 cells, dE -9682..-9682 m, dN 4878..4878 m, 0 filled
gftt: Processing pair 4 from disk...
gftt: 5 match-sets in 1.69s
[Coarse] gftt pair 5: dE=-9227.3 m dN=4936.9 m (phasecorr@180m, support=None, peak=0.06194785504341126) field 1x1 cells, dE -9750..-9750 m, dN 4772..4772 m, 0 filled
gftt: Processing pair 5 from disk...
gftt: 4 match-sets in 1.76s
[Coarse] gftt pair 6: dE=-9159.5 m dN=4923.5 m (phasecorr@180m, support=None, peak=0.05013165693283081) field 1x1 cells, dE -9887..-9887 m, dN 4790..4790 m, 0 filled
gftt: Processing pair 6 from disk...
gftt: 4 match-sets in 1.67s
[Coarse] gftt pair 7: dE=-9947.3 m dN=4785.4 m (phasecorr@180m, support=None, peak=0.11055335414556809) field 1x1 cells, dE -9955..-9955 m, dN 4765..4765 m, 0 filled
gftt: Processing pair 7 from disk...
gftt: 4 match-sets in 0.90s
[Coarse] gftt pair 8: dE=-9954.5 m dN=4779.3 m (phasecorr@180m, support=None, peak=0.1302907753461673) field 1x1 cells, dE -9962..-9962 m, dN 4753..4753 m, 0 filled
gftt: Processing pair 8 from disk...
gftt: 4 match-sets in 0.82s
[Coarse] gftt pair 9: dE=-9059.4 m dN=4950.7 m (phasecorr@180m, support=None, peak=0.05415244971381293) field 1x1 cells, dE -9094..-9094 m, dN 4821..4821 m, 0 filled
gftt: Processing pair 9 from disk...
gftt: 4 match-sets in 1.19s
[Coarse] gftt pair 10: dE=-9073.5 m dN=4906.4 m (phasecorr@180m, support=None, peak=0.037404243375048225) field 1x1 cells, dE -9023..-9023 m, dN 4778..4778 m, 0 filled
gftt: Processing pair 10 from disk...
gftt: 4 match-sets in 1.20s
[Coarse] gftt pair 11: dE=-9022.9 m dN=4778.1 m (from-pair-10, support=None, peak=None) 
gftt: Processing pair 11 from disk...
gftt: 4 match-sets in 1.24s
[Coarse] gftt pair 12: dE=-9321.8 m dN=4777.2 m (phasecorr@180m, support=None, peak=0.044330621825324164) field 1x1 cells, dE -9400..-9400 m, dN 4784..4784 m, 0 filled
gftt: Processing pair 12 from disk...
gftt: 5 match-sets in 1.93s
[Coarse] gftt pair 13: dE=-9228.3 m dN=4825.9 m (phasecorr@180m, support=None, peak=0.03933755140516493) field 1x1 cells, dE -9272..-9272 m, dN 4847..4847 m, 0 filled
gftt: Processing pair 13 from disk...
gftt: 5 match-sets in 1.90s
[Coarse] gftt pair 14: dE=-9308.5 m dN=4822.9 m (phasecorr@180m, support=None, peak=0.0362194667590989) field 1x1 cells, dE -9542..-9542 m, dN 4843..4843 m, 0 filled
gftt: Processing pair 14 from disk...
gftt: 4 match-sets in 1.87s
[Coarse] gftt pair 15: dE=-19392.4 m dN=24257.7 m (phasecorr@180m, support=None, peak=0.07282278133763208) 
gftt: Processing pair 15 from disk...
gftt: 3 match-sets in 0.61s
Saved:
 CHIP_STATS_ALL.csv
 CHIP_STATS_SURVIVORS.csv
 CONSENSUS_SCORES.csv
 BEST_CHIP_SET.csv
 BEST_CHIP_MANIFEST.csv
 BEST_FINAL_SUMMARY.csv
[band1] gftt ok in 0.7 min, peak GPU memory 3.4 of 15.6 GB
--------------------------------------------------------------------------------
[band1] Running hessian
Hessian-AffNet-HardNet: Loading (upright=True)...
[Coarse] pair 1: no reliable coarse offset (matcher: no matches; phasecorr: {'dx': -20193.477464726686, 'dy': -45743.92838364222, 'support': None, 'n': None, 'peak': 0.020609428800836677}); windows compared in place
[Coarse] pair 2: no reliable coarse offset (matcher: no matches; phasecorr: {'dx': -13696.50551245419, 'dy': -38359.15034615832, 'support': None, 'n': None, 'peak': 0.005463445974802611}); windows compared in place
[Coarse] pair 3: no reliable coarse offset (matcher: no matches; phasecorr: {'dx': -26691.14624675497, 'dy': -28341.854429889372, 'support': None, 'n': None, 'peak': 0.028507738675927267}); windows compared in place
[Coarse] pair 11: no reliable coarse offset (matcher: no matches; phasecorr: {'dx': -9310.972745874022, 'dy': 4896.252513739784, 'support': None, 'n': None, 'peak': 0.011061620189525462}); windows compared in place
[Coarse] WARNING: hessian: the pairs' coarse offsets differ by up to 19 km, more than one image moves from place to place. Pairs with a wrong offset match the wrong ground (the chip consensus drops them when they are few); if most pairs disagree, check the input's pixel size and window size.
[Coarse] hessian pair 1: dE=-9093.9 m dN=4821.4 m (from-pair-9, support=None, peak=None) 
hessian: Processing pair 1 from disk...
hessian: 0 match-sets in 0.00s
[Coarse] hessian pair 2: dE=-9093.9 m dN=4821.4 m (from-pair-9, support=None, peak=None) 
hessian: Processing pair 2 from disk...
hessian: 0 match-sets in 0.00s
[Coarse] hessian pair 3: dE=-9093.9 m dN=4821.4 m (from-pair-9, support=None, peak=None) 
hessian: Processing pair 3 from disk...
hessian: 0 match-sets in 0.00s
[Coarse] hessian pair 4: dE=-9221.2 m dN=4881.8 m (phasecorr@180m, support=None, peak=0.05907139921188354) field 1x1 cells, dE -9682..-9682 m, dN 4878..4878 m, 0 filled
hessian: Processing pair 4 from disk...
hessian: 4 match-sets in 1.76s
[Coarse] hessian pair 5: dE=-9227.3 m dN=4936.9 m (phasecorr@180m, support=None, peak=0.06194785504341126) field 1x1 cells, dE -9750..-9750 m, dN 4772..4772 m, 0 filled
hessian: Processing pair 5 from disk...
hessian: 4 match-sets in 1.80s
[Coarse] hessian pair 6: dE=-9159.5 m dN=4923.5 m (phasecorr@180m, support=None, peak=0.05013165693283081) field 1x1 cells, dE -9887..-9887 m, dN 4790..4790 m, 0 filled
hessian: Processing pair 6 from disk...
hessian: 4 match-sets in 1.78s
[Coarse] hessian pair 7: dE=-9947.3 m dN=4785.4 m (phasecorr@180m, support=None, peak=0.11055335414556809) field 1x1 cells, dE -9955..-9955 m, dN 4765..4765 m, 0 filled
hessian: Processing pair 7 from disk...
hessian: 4 match-sets in 0.80s
[Coarse] hessian pair 8: dE=-9954.5 m dN=4779.3 m (phasecorr@180m, support=None, peak=0.1302907753461673) field 1x1 cells, dE -9962..-9962 m, dN 4753..4753 m, 0 filled
hessian: Processing pair 8 from disk...
hessian: 4 match-sets in 0.77s
[Coarse] hessian pair 9: dE=-9059.4 m dN=4950.7 m (phasecorr@180m, support=None, peak=0.05415244971381293) field 1x1 cells, dE -9094..-9094 m, dN 4821..4821 m, 0 filled
hessian: Processing pair 9 from disk...
hessian: 4 match-sets in 1.15s
[Coarse] hessian pair 10: dE=-9073.5 m dN=4906.4 m (phasecorr@180m, support=None, peak=0.037404243375048225) field 1x1 cells, dE -9023..-9023 m, dN 4778..4778 m, 0 filled
hessian: Processing pair 10 from disk...
hessian: 4 match-sets in 1.16s
[Coarse] hessian pair 11: dE=-9022.9 m dN=4778.1 m (from-pair-10, support=None, peak=None) 
hessian: Processing pair 11 from disk...
hessian: 4 match-sets in 1.21s
[Coarse] hessian pair 12: dE=-9321.8 m dN=4777.2 m (phasecorr@180m, support=None, peak=0.044330621825324164) field 1x1 cells, dE -9400..-9400 m, dN 4784..4784 m, 0 filled
hessian: Processing pair 12 from disk...
hessian: 5 match-sets in 2.03s
[Coarse] hessian pair 13: dE=-9228.3 m dN=4825.9 m (phasecorr@180m, support=None, peak=0.03933755140516493) field 1x1 cells, dE -9272..-9272 m, dN 4847..4847 m, 0 filled
hessian: Processing pair 13 from disk...
hessian: 4 match-sets in 2.00s
[Coarse] hessian pair 14: dE=-9308.5 m dN=4822.9 m (phasecorr@180m, support=None, peak=0.0362194667590989) field 1x1 cells, dE -9542..-9542 m, dN 4843..4843 m, 0 filled
hessian: Processing pair 14 from disk...
hessian: 4 match-sets in 2.08s
[Coarse] hessian pair 15: dE=-19392.4 m dN=24257.7 m (phasecorr@180m, support=None, peak=0.07282278133763208) 
hessian: Processing pair 15 from disk...
hessian: 3 match-sets in 0.47s
Saved:
 CHIP_STATS_ALL.csv
 CHIP_STATS_SURVIVORS.csv
 CONSENSUS_SCORES.csv
 BEST_CHIP_SET.csv
 BEST_CHIP_MANIFEST.csv
 BEST_FINAL_SUMMARY.csv
[band1] hessian ok in 0.7 min, peak GPU memory 4.4 of 15.6 GB
--------------------------------------------------------------------------------
[band1] Running loftr
LoFTR: Initializing model (outdoor weights, coarse threshold 0.2)...
[Coarse] pair 1: no reliable coarse offset (matcher: {'dx': -32085.9921875, 'dy': -34083.2890625, 'support': 6, 'n': 62, 'peak': None}; phasecorr: {'dx': -20193.477464726686, 'dy': -45743.92838364222, 'support': None, 'n': None, 'peak': 0.020609428800836677}); windows compared in place
[Coarse] pair 2: no reliable coarse offset (matcher: {'dx': -30564.66015625, 'dy': -10984.484375, 'support': 3, 'n': 39, 'peak': None}; phasecorr: {'dx': -13696.50551245419, 'dy': -38359.15034615832, 'support': None, 'n': None, 'peak': 0.005463445974802611}); windows compared in place
[Coarse] pair 3: no reliable coarse offset (matcher: {'dx': -32120.53125, 'dy': -19683.5546875, 'support': 3, 'n': 36, 'peak': None}; phasecorr: {'dx': -26691.14624675497, 'dy': -28341.854429889372, 'support': None, 'n': None, 'peak': 0.028507738675927267}); windows compared in place
[Coarse] pair 11: no reliable coarse offset (matcher: {'dx': -8971.65625, 'dy': 4843.2890625, 'support': 15, 'n': 92, 'peak': None}; phasecorr: {'dx': -9310.972745874022, 'dy': 4896.252513739784, 'support': None, 'n': None, 'peak': 0.011061620189525462}); windows compared in place
[Coarse] WARNING: loftr: the pairs' coarse offsets differ by up to 19 km, more than one image moves from place to place. Pairs with a wrong offset match the wrong ground (the chip consensus drops them when they are few); if most pairs disagree, check the input's pixel size and window size.
[Coarse] loftr pair 1: dE=-9093.9 m dN=4821.4 m (from-pair-9, support=None, peak=None) 
loftr: Processing pair 1 from disk...
loftr: 0 match-sets in 0.00s
[Coarse] loftr pair 2: dE=-9093.9 m dN=4821.4 m (from-pair-9, support=None, peak=None) 
loftr: Processing pair 2 from disk...
loftr: 0 match-sets in 0.00s
[Coarse] loftr pair 3: dE=-9093.9 m dN=4821.4 m (from-pair-9, support=None, peak=None) 
loftr: Processing pair 3 from disk...
loftr: 0 match-sets in 0.00s
[Coarse] loftr pair 4: dE=-9221.2 m dN=4881.8 m (phasecorr@180m, support=None, peak=0.05907139921188354) field 1x1 cells, dE -9682..-9682 m, dN 4878..4878 m, 0 filled
loftr: Processing pair 4 from disk...
loftr: 1 match-sets in 0.35s
[Coarse] loftr pair 5: dE=-9227.3 m dN=4936.9 m (phasecorr@180m, support=None, peak=0.06194785504341126) field 1x1 cells, dE -9750..-9750 m, dN 4772..4772 m, 0 filled
loftr: Processing pair 5 from disk...
loftr: 1 match-sets in 0.08s
[Coarse] loftr pair 6: dE=-9159.5 m dN=4923.5 m (phasecorr@180m, support=None, peak=0.05013165693283081) field 1x1 cells, dE -9887..-9887 m, dN 4790..4790 m, 0 filled
loftr: Processing pair 6 from disk...
loftr: 1 match-sets in 0.08s
[Coarse] loftr pair 7: dE=-9947.3 m dN=4785.4 m (phasecorr@180m, support=None, peak=0.11055335414556809) field 1x1 cells, dE -9955..-9955 m, dN 4765..4765 m, 0 filled
loftr: Processing pair 7 from disk...
loftr: 1 match-sets in 0.17s
[Coarse] loftr pair 8: dE=-9954.5 m dN=4779.3 m (phasecorr@180m, support=None, peak=0.1302907753461673) field 1x1 cells, dE -9962..-9962 m, dN 4753..4753 m, 0 filled
loftr: Processing pair 8 from disk...
loftr: 1 match-sets in 0.03s
[Coarse] loftr pair 9: dE=-9059.4 m dN=4950.7 m (phasecorr@180m, support=None, peak=0.05415244971381293) field 1x1 cells, dE -9094..-9094 m, dN 4821..4821 m, 0 filled
loftr: Processing pair 9 from disk...
loftr: 1 match-sets in 0.22s
[Coarse] loftr pair 10: dE=-9073.5 m dN=4906.4 m (phasecorr@180m, support=None, peak=0.037404243375048225) field 1x1 cells, dE -9023..-9023 m, dN 4778..4778 m, 0 filled
loftr: Processing pair 10 from disk...
loftr: 1 match-sets in 0.05s
[Coarse] loftr pair 11: dE=-9022.9 m dN=4778.1 m (from-pair-10, support=None, peak=None) 
loftr: Processing pair 11 from disk...
loftr: 1 match-sets in 0.23s
[Coarse] loftr pair 12: dE=-9321.8 m dN=4777.2 m (phasecorr@180m, support=None, peak=0.044330621825324164) field 1x1 cells, dE -9400..-9400 m, dN 4784..4784 m, 0 filled
loftr: Processing pair 12 from disk...
loftr: 1 match-sets in 0.35s
[Coarse] loftr pair 13: dE=-9228.3 m dN=4825.9 m (phasecorr@180m, support=None, peak=0.03933755140516493) field 1x1 cells, dE -9272..-9272 m, dN 4847..4847 m, 0 filled
loftr: Processing pair 13 from disk...
loftr: 1 match-sets in 0.35s
[Coarse] loftr pair 14: dE=-9308.5 m dN=4822.9 m (phasecorr@180m, support=None, peak=0.0362194667590989) field 1x1 cells, dE -9542..-9542 m, dN 4843..4843 m, 0 filled
loftr: Processing pair 14 from disk...
loftr: 1 match-sets in 0.08s
[Coarse] loftr pair 15: dE=-19392.4 m dN=24257.7 m (phasecorr@180m, support=None, peak=0.07282278133763208) 
loftr: Processing pair 15 from disk...
loftr: 1 match-sets in 0.14s
Saved:
 CHIP_STATS_ALL.csv
 CHIP_STATS_SURVIVORS.csv
 CONSENSUS_SCORES.csv
 BEST_CHIP_SET.csv
 BEST_CHIP_MANIFEST.csv
 BEST_FINAL_SUMMARY.csv
[band1] loftr ok in 0.2 min, peak GPU memory 1.2 of 15.6 GB
--------------------------------------------------------------------------------
[band1] Running loftr-windoor
LoFTR: Initializing model (indoor weights, coarse threshold 0.2)...
Downloading: "http://cmp.felk.cvut.cz/~mishkdmy/models/loftr_indoor.ckpt" to /home/gpuworker/.cache/torch/hub/checkpoints/loftr_indoor.ckpt
[loftr-windoor] MODEL LOAD FAILED: LoFTR (indoor weights) could not be loaded (URLError: <urlopen error [Errno -2] Name or service not known>). Looked for its weights in: /home/gpuworker/.cache/torch/hub/checkpoints; /maintenance/ICIGDev/GPUPOC/input/dqe/imw_runtime/imw_cache/torch/hub/checkpoints. On an offline machine, run prefetch_weights.py on a connected one and set the weights folder to its output (or copy the files into one of these).
[band1] loftr-windoor SKIPPED -- model not available (see message above)
[band1] loftr-windoor failed in 0.0 min, peak GPU memory 0.0 of 15.6 GB
--------------------------------------------------------------------------------
[band1] Running loftr-windoornew
LoFTR: Initializing model (indoor_new weights, coarse threshold 0.2)...
Downloading: "http://cmp.felk.cvut.cz/~mishkdmy/models/loftr_indoor_ds_new.ckpt" to /home/gpuworker/.cache/torch/hub/checkpoints/loftr_indoor_ds_new.ckpt
[loftr-windoornew] MODEL LOAD FAILED: LoFTR (indoor_new weights) could not be loaded (URLError: <urlopen error [Errno -2] Name or service not known>). Looked for its weights in: /home/gpuworker/.cache/torch/hub/checkpoints; /maintenance/ICIGDev/GPUPOC/input/dqe/imw_runtime/imw_cache/torch/hub/checkpoints. On an offline machine, run prefetch_weights.py on a connected one and set the weights folder to its output (or copy the files into one of these).
[band1] loftr-windoornew SKIPPED -- model not available (see message above)
[band1] loftr-windoornew failed in 0.0 min, peak GPU memory 0.0 of 15.6 GB
--------------------------------------------------------------------------------
[band1] Running imw-sp-lg
[imw-sp-lg] Loading model...
Loaded SuperPoint model
[imw-sp-lg] warm-up on a synthetic pair failed (IndexError: max(): Expected reduction dim 1 to have non-zero size.) -- carrying on with the real windows
[Coarse] pair 1: no reliable coarse offset (matcher: no matches; phasecorr: {'dx': -20193.477464726686, 'dy': -45743.92838364222, 'support': None, 'n': None, 'peak': 0.020609428800836677}); windows compared in place
[Coarse] pair 2: no reliable coarse offset (matcher: {'dx': -35460.0, 'dy': -13140.0, 'support': 1, 'n': 5, 'peak': None}; phasecorr: {'dx': -13696.50551245419, 'dy': -38359.15034615832, 'support': None, 'n': None, 'peak': 0.005463445974802611}); windows compared in place
[Coarse] pair 3: no reliable coarse offset (matcher: no matches; phasecorr: {'dx': -26691.14624675497, 'dy': -28341.854429889372, 'support': None, 'n': None, 'peak': 0.028507738675927267}); windows compared in place
[Coarse] pair 11: no reliable coarse offset (matcher: {'dx': -20340.0, 'dy': -34380.0, 'support': 1, 'n': 4, 'peak': None}; phasecorr: {'dx': -9310.972745874022, 'dy': 4896.252513739784, 'support': None, 'n': None, 'peak': 0.011061620189525462}); windows compared in place
[Coarse] WARNING: imw-sp-lg: the pairs' coarse offsets differ by up to 19 km, more than one image moves from place to place. Pairs with a wrong offset match the wrong ground (the chip consensus drops them when they are few); if most pairs disagree, check the input's pixel size and window size.
[Coarse] imw-sp-lg pair 1: dE=-9093.9 m dN=4821.4 m (from-pair-9, support=None, peak=None) 
imw-sp-lg: Processing pair 1 from disk...
imw-sp-lg: 0 match-sets in 0.00s
[Coarse] imw-sp-lg pair 2: dE=-9093.9 m dN=4821.4 m (from-pair-9, support=None, peak=None) 
imw-sp-lg: Processing pair 2 from disk...
imw-sp-lg: 0 match-sets in 0.00s
[Coarse] imw-sp-lg pair 3: dE=-9093.9 m dN=4821.4 m (from-pair-9, support=None, peak=None) 
imw-sp-lg: Processing pair 3 from disk...
imw-sp-lg: 0 match-sets in 0.00s
[Coarse] imw-sp-lg pair 4: dE=-9221.2 m dN=4881.8 m (phasecorr@180m, support=None, peak=0.05907139921188354) field 1x1 cells, dE -9682..-9682 m, dN 4878..4878 m, 0 filled
imw-sp-lg: Processing pair 4 from disk...
imw-sp-lg: 1 match-sets in 0.42s
[Coarse] imw-sp-lg pair 5: dE=-9227.3 m dN=4936.9 m (phasecorr@180m, support=None, peak=0.06194785504341126) field 1x1 cells, dE -9750..-9750 m, dN 4772..4772 m, 0 filled
imw-sp-lg: Processing pair 5 from disk...
imw-sp-lg: 0 match-sets in 0.23s
[Coarse] imw-sp-lg pair 6: dE=-9159.5 m dN=4923.5 m (phasecorr@180m, support=None, peak=0.05013165693283081) field 1x1 cells, dE -9887..-9887 m, dN 4790..4790 m, 0 filled
imw-sp-lg: Processing pair 6 from disk...
imw-sp-lg: 0 match-sets in 0.24s
[Coarse] imw-sp-lg pair 7: dE=-9947.3 m dN=4785.4 m (phasecorr@180m, support=None, peak=0.11055335414556809) field 1x1 cells, dE -9955..-9955 m, dN 4765..4765 m, 0 filled
imw-sp-lg: Processing pair 7 from disk...
imw-sp-lg: 1 match-sets in 0.14s
[Coarse] imw-sp-lg pair 8: dE=-9954.5 m dN=4779.3 m (phasecorr@180m, support=None, peak=0.1302907753461673) field 1x1 cells, dE -9962..-9962 m, dN 4753..4753 m, 0 filled
imw-sp-lg: Processing pair 8 from disk...
imw-sp-lg: 1 match-sets in 0.08s
[Coarse] imw-sp-lg pair 9: dE=-9059.4 m dN=4950.7 m (phasecorr@180m, support=None, peak=0.05415244971381293) field 1x1 cells, dE -9094..-9094 m, dN 4821..4821 m, 0 filled
imw-sp-lg: Processing pair 9 from disk...
imw-sp-lg: 0 match-sets in 0.16s
[Coarse] imw-sp-lg pair 10: dE=-9073.5 m dN=4906.4 m (phasecorr@180m, support=None, peak=0.037404243375048225) field 1x1 cells, dE -9023..-9023 m, dN 4778..4778 m, 0 filled
imw-sp-lg: Processing pair 10 from disk...
imw-sp-lg: 0 match-sets in 0.08s
[Coarse] imw-sp-lg pair 11: dE=-9022.9 m dN=4778.1 m (from-pair-10, support=None, peak=None) 
imw-sp-lg: Processing pair 11 from disk...
imw-sp-lg: 1 match-sets in 0.19s
[Coarse] imw-sp-lg pair 12: dE=-9321.8 m dN=4777.2 m (phasecorr@180m, support=None, peak=0.044330621825324164) field 1x1 cells, dE -9400..-9400 m, dN 4784..4784 m, 0 filled
imw-sp-lg: Processing pair 12 from disk...
imw-sp-lg: 1 match-sets in 0.34s
[Coarse] imw-sp-lg pair 13: dE=-9228.3 m dN=4825.9 m (phasecorr@180m, support=None, peak=0.03933755140516493) field 1x1 cells, dE -9272..-9272 m, dN 4847..4847 m, 0 filled
imw-sp-lg: Processing pair 13 from disk...
imw-sp-lg: 1 match-sets in 0.33s
[Coarse] imw-sp-lg pair 14: dE=-9308.5 m dN=4822.9 m (phasecorr@180m, support=None, peak=0.0362194667590989) field 1x1 cells, dE -9542..-9542 m, dN 4843..4843 m, 0 filled
imw-sp-lg: Processing pair 14 from disk...
imw-sp-lg: 1 match-sets in 0.21s
[Coarse] imw-sp-lg pair 15: dE=-19392.4 m dN=24257.7 m (phasecorr@180m, support=None, peak=0.07282278133763208) 
imw-sp-lg: Processing pair 15 from disk...
imw-sp-lg: 1 match-sets in 0.11s
Saved:
 CHIP_STATS_ALL.csv
 CHIP_STATS_SURVIVORS.csv
 CONSENSUS_SCORES.csv
 BEST_CHIP_SET.csv
 BEST_CHIP_MANIFEST.csv
 BEST_FINAL_SUMMARY.csv
[band1] imw-sp-lg ok in 0.2 min, peak GPU memory 1.4 of 15.6 GB
[imw-sp-lg] Model unloaded.
--------------------------------------------------------------------------------
[band1] Running imw-aliked-lg
[imw-aliked-lg] Loading model...
[Coarse] pair 1: no reliable coarse offset (matcher: no matches; phasecorr: {'dx': -20193.477464726686, 'dy': -45743.92838364222, 'support': None, 'n': None, 'peak': 0.020609428800836677}); windows compared in place
[Coarse] pair 2: no reliable coarse offset (matcher: no matches; phasecorr: {'dx': -13696.50551245419, 'dy': -38359.15034615832, 'support': None, 'n': None, 'peak': 0.005463445974802611}); windows compared in place
[Coarse] pair 3: no reliable coarse offset (matcher: no matches; phasecorr: {'dx': -26691.14624675497, 'dy': -28341.854429889372, 'support': None, 'n': None, 'peak': 0.028507738675927267}); windows compared in place
[Coarse] pair 11: no reliable coarse offset (matcher: no matches; phasecorr: {'dx': -9310.972745874022, 'dy': 4896.252513739784, 'support': None, 'n': None, 'peak': 0.011061620189525462}); windows compared in place
[Coarse] WARNING: imw-aliked-lg: the pairs' coarse offsets differ by up to 19 km, more than one image moves from place to place. Pairs with a wrong offset match the wrong ground (the chip consensus drops them when they are few); if most pairs disagree, check the input's pixel size and window size.
[Coarse] imw-aliked-lg pair 1: dE=-9093.9 m dN=4821.4 m (from-pair-9, support=None, peak=None) 
imw-aliked-lg: Processing pair 1 from disk...
imw-aliked-lg: 0 match-sets in 0.00s
[Coarse] imw-aliked-lg pair 2: dE=-9093.9 m dN=4821.4 m (from-pair-9, support=None, peak=None) 
imw-aliked-lg: Processing pair 2 from disk...
imw-aliked-lg: 0 match-sets in 0.00s
[Coarse] imw-aliked-lg pair 3: dE=-9093.9 m dN=4821.4 m (from-pair-9, support=None, peak=None) 
imw-aliked-lg: Processing pair 3 from disk...
imw-aliked-lg: 0 match-sets in 0.00s
[Coarse] imw-aliked-lg pair 4: dE=-9221.2 m dN=4881.8 m (phasecorr@180m, support=None, peak=0.05907139921188354) field 1x1 cells, dE -9682..-9682 m, dN 4878..4878 m, 0 filled
imw-aliked-lg: Processing pair 4 from disk...
imw-aliked-lg: 0 match-sets in 0.43s
[Coarse] imw-aliked-lg pair 5: dE=-9227.3 m dN=4936.9 m (phasecorr@180m, support=None, peak=0.06194785504341126) field 1x1 cells, dE -9750..-9750 m, dN 4772..4772 m, 0 filled
imw-aliked-lg: Processing pair 5 from disk...
imw-aliked-lg: 0 match-sets in 0.27s
[Coarse] imw-aliked-lg pair 6: dE=-9159.5 m dN=4923.5 m (phasecorr@180m, support=None, peak=0.05013165693283081) field 1x1 cells, dE -9887..-9887 m, dN 4790..4790 m, 0 filled
imw-aliked-lg: Processing pair 6 from disk...
imw-aliked-lg: 0 match-sets in 0.27s
[Coarse] imw-aliked-lg pair 7: dE=-9947.3 m dN=4785.4 m (phasecorr@180m, support=None, peak=0.11055335414556809) field 1x1 cells, dE -9955..-9955 m, dN 4765..4765 m, 0 filled
imw-aliked-lg: Processing pair 7 from disk...
imw-aliked-lg: 0 match-sets in 0.17s
[Coarse] imw-aliked-lg pair 8: dE=-9954.5 m dN=4779.3 m (phasecorr@180m, support=None, peak=0.1302907753461673) field 1x1 cells, dE -9962..-9962 m, dN 4753..4753 m, 0 filled
imw-aliked-lg: Processing pair 8 from disk...
imw-aliked-lg: 1 match-sets in 0.09s
[Coarse] imw-aliked-lg pair 9: dE=-9059.4 m dN=4950.7 m (phasecorr@180m, support=None, peak=0.05415244971381293) field 1x1 cells, dE -9094..-9094 m, dN 4821..4821 m, 0 filled
imw-aliked-lg: Processing pair 9 from disk...
imw-aliked-lg: 0 match-sets in 0.22s
[Coarse] imw-aliked-lg pair 10: dE=-9073.5 m dN=4906.4 m (phasecorr@180m, support=None, peak=0.037404243375048225) field 1x1 cells, dE -9023..-9023 m, dN 4778..4778 m, 0 filled
imw-aliked-lg: Processing pair 10 from disk...
imw-aliked-lg: 1 match-sets in 0.12s
[Coarse] imw-aliked-lg pair 11: dE=-9022.9 m dN=4778.1 m (from-pair-10, support=None, peak=None) 
imw-aliked-lg: Processing pair 11 from disk...
imw-aliked-lg: 0 match-sets in 0.22s
[Coarse] imw-aliked-lg pair 12: dE=-9321.8 m dN=4777.2 m (phasecorr@180m, support=None, peak=0.044330621825324164) field 1x1 cells, dE -9400..-9400 m, dN 4784..4784 m, 0 filled
imw-aliked-lg: Processing pair 12 from disk...
imw-aliked-lg: 0 match-sets in 0.35s
[Coarse] imw-aliked-lg pair 13: dE=-9228.3 m dN=4825.9 m (phasecorr@180m, support=None, peak=0.03933755140516493) field 1x1 cells, dE -9272..-9272 m, dN 4847..4847 m, 0 filled
imw-aliked-lg: Processing pair 13 from disk...
imw-aliked-lg: 1 match-sets in 0.40s
[Coarse] imw-aliked-lg pair 14: dE=-9308.5 m dN=4822.9 m (phasecorr@180m, support=None, peak=0.0362194667590989) field 1x1 cells, dE -9542..-9542 m, dN 4843..4843 m, 0 filled
imw-aliked-lg: Processing pair 14 from disk...
imw-aliked-lg: 1 match-sets in 0.24s
[Coarse] imw-aliked-lg pair 15: dE=-19392.4 m dN=24257.7 m (phasecorr@180m, support=None, peak=0.07282278133763208) 
imw-aliked-lg: Processing pair 15 from disk...
imw-aliked-lg: 0 match-sets in 0.16s
Saved:
 CHIP_STATS_ALL.csv
 CHIP_STATS_SURVIVORS.csv
 CONSENSUS_SCORES.csv
 BEST_CHIP_SET.csv
 BEST_CHIP_MANIFEST.csv
 BEST_FINAL_SUMMARY.csv
[band1] imw-aliked-lg ok in 0.2 min, peak GPU memory 2.1 of 15.6 GB
[imw-aliked-lg] Model unloaded.
--------------------------------------------------------------------------------
[band1] Running imw-sp-sg
[imw-sp-sg] Loading model...
Loaded SuperPoint model
[Coarse] pair 1: no reliable coarse offset (matcher: no matches; phasecorr: {'dx': -20193.477464726686, 'dy': -45743.92838364222, 'support': None, 'n': None, 'peak': 0.020609428800836677}); windows compared in place
[Coarse] pair 2: no reliable coarse offset (matcher: {'dx': -34920.0, 'dy': -29880.0, 'support': 3, 'n': 5, 'peak': None}; phasecorr: {'dx': -13696.50551245419, 'dy': -38359.15034615832, 'support': None, 'n': None, 'peak': 0.005463445974802611}); windows compared in place
[Coarse] pair 3: no reliable coarse offset (matcher: no matches; phasecorr: {'dx': -26691.14624675497, 'dy': -28341.854429889372, 'support': None, 'n': None, 'peak': 0.028507738675927267}); windows compared in place
[Coarse] pair 11: no reliable coarse offset (matcher: no matches; phasecorr: {'dx': -9310.972745874022, 'dy': 4896.252513739784, 'support': None, 'n': None, 'peak': 0.011061620189525462}); windows compared in place
[Coarse] WARNING: imw-sp-sg: the pairs' coarse offsets differ by up to 19 km, more than one image moves from place to place. Pairs with a wrong offset match the wrong ground (the chip consensus drops them when they are few); if most pairs disagree, check the input's pixel size and window size.
[Coarse] imw-sp-sg pair 1: dE=-9093.9 m dN=4821.4 m (from-pair-9, support=None, peak=None) 
imw-sp-sg: Processing pair 1 from disk...
imw-sp-sg: 0 match-sets in 0.00s
[Coarse] imw-sp-sg pair 2: dE=-9093.9 m dN=4821.4 m (from-pair-9, support=None, peak=None) 
imw-sp-sg: Processing pair 2 from disk...
imw-sp-sg: 0 match-sets in 0.00s
[Coarse] imw-sp-sg pair 3: dE=-9093.9 m dN=4821.4 m (from-pair-9, support=None, peak=None) 
imw-sp-sg: Processing pair 3 from disk...
imw-sp-sg: 0 match-sets in 0.00s
[Coarse] imw-sp-sg pair 4: dE=-9221.2 m dN=4881.8 m (phasecorr@180m, support=None, peak=0.05907139921188354) field 1x1 cells, dE -9682..-9682 m, dN 4878..4878 m, 0 filled
imw-sp-sg: Processing pair 4 from disk...
imw-sp-sg: 1 match-sets in 0.31s
[Coarse] imw-sp-sg pair 5: dE=-9227.3 m dN=4936.9 m (phasecorr@180m, support=None, peak=0.06194785504341126) field 1x1 cells, dE -9750..-9750 m, dN 4772..4772 m, 0 filled
imw-sp-sg: Processing pair 5 from disk...
imw-sp-sg: 0 match-sets in 0.26s
[Coarse] imw-sp-sg pair 6: dE=-9159.5 m dN=4923.5 m (phasecorr@180m, support=None, peak=0.05013165693283081) field 1x1 cells, dE -9887..-9887 m, dN 4790..4790 m, 0 filled
imw-sp-sg: Processing pair 6 from disk...
imw-sp-sg: 0 match-sets in 0.27s
[Coarse] imw-sp-sg pair 7: dE=-9947.3 m dN=4785.4 m (phasecorr@180m, support=None, peak=0.11055335414556809) field 1x1 cells, dE -9955..-9955 m, dN 4765..4765 m, 0 filled
imw-sp-sg: Processing pair 7 from disk...
imw-sp-sg: 1 match-sets in 0.12s
[Coarse] imw-sp-sg pair 8: dE=-9954.5 m dN=4779.3 m (phasecorr@180m, support=None, peak=0.1302907753461673) field 1x1 cells, dE -9962..-9962 m, dN 4753..4753 m, 0 filled
imw-sp-sg: Processing pair 8 from disk...
imw-sp-sg: 1 match-sets in 0.12s
[Coarse] imw-sp-sg pair 9: dE=-9059.4 m dN=4950.7 m (phasecorr@180m, support=None, peak=0.05415244971381293) field 1x1 cells, dE -9094..-9094 m, dN 4821..4821 m, 0 filled
imw-sp-sg: Processing pair 9 from disk...
imw-sp-sg: 0 match-sets in 0.12s
[Coarse] imw-sp-sg pair 10: dE=-9073.5 m dN=4906.4 m (phasecorr@180m, support=None, peak=0.037404243375048225) field 1x1 cells, dE -9023..-9023 m, dN 4778..4778 m, 0 filled
imw-sp-sg: Processing pair 10 from disk...
imw-sp-sg: 1 match-sets in 0.15s
[Coarse] imw-sp-sg pair 11: dE=-9022.9 m dN=4778.1 m (from-pair-10, support=None, peak=None) 
imw-sp-sg: Processing pair 11 from disk...
imw-sp-sg: 0 match-sets in 0.10s
[Coarse] imw-sp-sg pair 12: dE=-9321.8 m dN=4777.2 m (phasecorr@180m, support=None, peak=0.044330621825324164) field 1x1 cells, dE -9400..-9400 m, dN 4784..4784 m, 0 filled
imw-sp-sg: Processing pair 12 from disk...
imw-sp-sg: 1 match-sets in 0.24s
[Coarse] imw-sp-sg pair 13: dE=-9228.3 m dN=4825.9 m (phasecorr@180m, support=None, peak=0.03933755140516493) field 1x1 cells, dE -9272..-9272 m, dN 4847..4847 m, 0 filled
imw-sp-sg: Processing pair 13 from disk...
imw-sp-sg: 1 match-sets in 0.25s
[Coarse] imw-sp-sg pair 14: dE=-9308.5 m dN=4822.9 m (phasecorr@180m, support=None, peak=0.0362194667590989) field 1x1 cells, dE -9542..-9542 m, dN 4843..4843 m, 0 filled
imw-sp-sg: Processing pair 14 from disk...
imw-sp-sg: 1 match-sets in 0.24s
[Coarse] imw-sp-sg pair 15: dE=-19392.4 m dN=24257.7 m (phasecorr@180m, support=None, peak=0.07282278133763208) 
imw-sp-sg: Processing pair 15 from disk...
imw-sp-sg: 1 match-sets in 0.10s
Saved:
 CHIP_STATS_ALL.csv
 CHIP_STATS_SURVIVORS.csv
 CONSENSUS_SCORES.csv
 BEST_CHIP_SET.csv
 BEST_CHIP_MANIFEST.csv
 BEST_FINAL_SUMMARY.csv
[band1] imw-sp-sg ok in 0.1 min, peak GPU memory 0.6 of 15.6 GB
[imw-sp-sg] Model unloaded.
--------------------------------------------------------------------------------
[band1] Running imw-sp-nn
[imw-sp-nn] Loading model...
Loaded SuperPoint model
[imw-sp-nn] warm-up on a synthetic pair failed (IndexError: boolean index did not match indexed array along axis 0; size of axis is 0 but size of corresponding boolean axis is 256) -- carrying on with the real windows
[Coarse] pair 1: no reliable coarse offset (matcher: no matches; phasecorr: {'dx': -20193.477464726686, 'dy': -45743.92838364222, 'support': None, 'n': None, 'peak': 0.020609428800836677}); windows compared in place
[Coarse] pair 2: no reliable coarse offset (matcher: {'dx': -35100.0, 'dy': -30060.0, 'support': 1, 'n': 5, 'peak': None}; phasecorr: {'dx': -13696.50551245419, 'dy': -38359.15034615832, 'support': None, 'n': None, 'peak': 0.005463445974802611}); windows compared in place
[Coarse] pair 3: no reliable coarse offset (matcher: no matches; phasecorr: {'dx': -26691.14624675497, 'dy': -28341.854429889372, 'support': None, 'n': None, 'peak': 0.028507738675927267}); windows compared in place
[Coarse] pair 11: no reliable coarse offset (matcher: {'dx': -34740.0, 'dy': -13950.0, 'support': 2, 'n': 4, 'peak': None}; phasecorr: {'dx': -9310.972745874022, 'dy': 4896.252513739784, 'support': None, 'n': None, 'peak': 0.011061620189525462}); windows compared in place
[Coarse] WARNING: imw-sp-nn: the pairs' coarse offsets differ by up to 19 km, more than one image moves from place to place. Pairs with a wrong offset match the wrong ground (the chip consensus drops them when they are few); if most pairs disagree, check the input's pixel size and window size.
[Coarse] imw-sp-nn pair 1: dE=-9093.9 m dN=4821.4 m (from-pair-9, support=None, peak=None) 
imw-sp-nn: Processing pair 1 from disk...
imw-sp-nn: 0 match-sets in 0.00s
[Coarse] imw-sp-nn pair 2: dE=-9093.9 m dN=4821.4 m (from-pair-9, support=None, peak=None) 
imw-sp-nn: Processing pair 2 from disk...
imw-sp-nn: 0 match-sets in 0.00s
[Coarse] imw-sp-nn pair 3: dE=-9093.9 m dN=4821.4 m (from-pair-9, support=None, peak=None) 
imw-sp-nn: Processing pair 3 from disk...
imw-sp-nn: 0 match-sets in 0.00s
[Coarse] imw-sp-nn pair 4: dE=-9221.2 m dN=4881.8 m (phasecorr@180m, support=None, peak=0.05907139921188354) field 1x1 cells, dE -9682..-9682 m, dN 4878..4878 m, 0 filled
imw-sp-nn: Processing pair 4 from disk...
imw-sp-nn: 1 match-sets in 0.28s
[Coarse] imw-sp-nn pair 5: dE=-9227.3 m dN=4936.9 m (phasecorr@180m, support=None, peak=0.06194785504341126) field 1x1 cells, dE -9750..-9750 m, dN 4772..4772 m, 0 filled
imw-sp-nn: Processing pair 5 from disk...
imw-sp-nn: 1 match-sets in 0.27s
[Coarse] imw-sp-nn pair 6: dE=-9159.5 m dN=4923.5 m (phasecorr@180m, support=None, peak=0.05013165693283081) field 1x1 cells, dE -9887..-9887 m, dN 4790..4790 m, 0 filled
imw-sp-nn: Processing pair 6 from disk...
imw-sp-nn: 1 match-sets in 0.27s
[Coarse] imw-sp-nn pair 7: dE=-9947.3 m dN=4785.4 m (phasecorr@180m, support=None, peak=0.11055335414556809) field 1x1 cells, dE -9955..-9955 m, dN 4765..4765 m, 0 filled
imw-sp-nn: Processing pair 7 from disk...
imw-sp-nn: 1 match-sets in 0.07s
[Coarse] imw-sp-nn pair 8: dE=-9954.5 m dN=4779.3 m (phasecorr@180m, support=None, peak=0.1302907753461673) field 1x1 cells, dE -9962..-9962 m, dN 4753..4753 m, 0 filled
imw-sp-nn: Processing pair 8 from disk...
imw-sp-nn: 1 match-sets in 0.07s
[Coarse] imw-sp-nn pair 9: dE=-9059.4 m dN=4950.7 m (phasecorr@180m, support=None, peak=0.05415244971381293) field 1x1 cells, dE -9094..-9094 m, dN 4821..4821 m, 0 filled
imw-sp-nn: Processing pair 9 from disk...
imw-sp-nn: 0 match-sets in 0.08s
[Coarse] imw-sp-nn pair 10: dE=-9073.5 m dN=4906.4 m (phasecorr@180m, support=None, peak=0.037404243375048225) field 1x1 cells, dE -9023..-9023 m, dN 4778..4778 m, 0 filled
imw-sp-nn: Processing pair 10 from disk...
imw-sp-nn: 1 match-sets in 0.10s
[Coarse] imw-sp-nn pair 11: dE=-9022.9 m dN=4778.1 m (from-pair-10, support=None, peak=None) 
imw-sp-nn: Processing pair 11 from disk...
imw-sp-nn: 1 match-sets in 0.10s
[Coarse] imw-sp-nn pair 12: dE=-9321.8 m dN=4777.2 m (phasecorr@180m, support=None, peak=0.044330621825324164) field 1x1 cells, dE -9400..-9400 m, dN 4784..4784 m, 0 filled
imw-sp-nn: Processing pair 12 from disk...
imw-sp-nn: 1 match-sets in 0.20s
[Coarse] imw-sp-nn pair 13: dE=-9228.3 m dN=4825.9 m (phasecorr@180m, support=None, peak=0.03933755140516493) field 1x1 cells, dE -9272..-9272 m, dN 4847..4847 m, 0 filled
imw-sp-nn: Processing pair 13 from disk...
imw-sp-nn: 1 match-sets in 0.21s
[Coarse] imw-sp-nn pair 14: dE=-9308.5 m dN=4822.9 m (phasecorr@180m, support=None, peak=0.0362194667590989) field 1x1 cells, dE -9542..-9542 m, dN 4843..4843 m, 0 filled
imw-sp-nn: Processing pair 14 from disk...
imw-sp-nn: 1 match-sets in 0.20s
[Coarse] imw-sp-nn pair 15: dE=-19392.4 m dN=24257.7 m (phasecorr@180m, support=None, peak=0.07282278133763208) 
imw-sp-nn: Processing pair 15 from disk...
imw-sp-nn: 0 match-sets in 0.04s
Saved:
 CHIP_STATS_ALL.csv
 CHIP_STATS_SURVIVORS.csv
 CONSENSUS_SCORES.csv
 BEST_CHIP_SET.csv
 BEST_CHIP_MANIFEST.csv
 BEST_FINAL_SUMMARY.csv
[band1] imw-sp-nn ok in 0.1 min, peak GPU memory 0.6 of 15.6 GB
[imw-sp-nn] Model unloaded.
--------------------------------------------------------------------------------
[band1] Running imw-r2d2-nn
[imw-r2d2-nn] Loading model...

>> Creating net = Quad_L2Net_ConfCFS()
 ( Model size: 486K parameters )
[Coarse] pair 1: no reliable coarse offset (matcher: no matches; phasecorr: {'dx': -20193.477464726686, 'dy': -45743.92838364222, 'support': None, 'n': None, 'peak': 0.020609428800836677}); windows compared in place
[Coarse] pair 2: no reliable coarse offset (matcher: no matches; phasecorr: {'dx': -13696.50551245419, 'dy': -38359.15034615832, 'support': None, 'n': None, 'peak': 0.005463445974802611}); windows compared in place
[Coarse] pair 3: no reliable coarse offset (matcher: no matches; phasecorr: {'dx': -26691.14624675497, 'dy': -28341.854429889372, 'support': None, 'n': None, 'peak': 0.028507738675927267}); windows compared in place
[Coarse] pair 11: no reliable coarse offset (matcher: no matches; phasecorr: {'dx': -9310.972745874022, 'dy': 4896.252513739784, 'support': None, 'n': None, 'peak': 0.011061620189525462}); windows compared in place
[Coarse] WARNING: imw-r2d2-nn: the pairs' coarse offsets differ by up to 19 km, more than one image moves from place to place. Pairs with a wrong offset match the wrong ground (the chip consensus drops them when they are few); if most pairs disagree, check the input's pixel size and window size.
[Coarse] imw-r2d2-nn pair 1: dE=-9093.9 m dN=4821.4 m (from-pair-9, support=None, peak=None) 
imw-r2d2-nn: Processing pair 1 from disk...
imw-r2d2-nn: 0 match-sets in 0.00s
[Coarse] imw-r2d2-nn pair 2: dE=-9093.9 m dN=4821.4 m (from-pair-9, support=None, peak=None) 
imw-r2d2-nn: Processing pair 2 from disk...
imw-r2d2-nn: 0 match-sets in 0.00s
[Coarse] imw-r2d2-nn pair 3: dE=-9093.9 m dN=4821.4 m (from-pair-9, support=None, peak=None) 
imw-r2d2-nn: Processing pair 3 from disk...
imw-r2d2-nn: 0 match-sets in 0.00s
[Coarse] imw-r2d2-nn pair 4: dE=-9221.2 m dN=4881.8 m (phasecorr@180m, support=None, peak=0.05907139921188354) field 1x1 cells, dE -9682..-9682 m, dN 4878..4878 m, 0 filled
imw-r2d2-nn: Processing pair 4 from disk...
imw-r2d2-nn: 0 match-sets in 0.52s
[Coarse] imw-r2d2-nn pair 5: dE=-9227.3 m dN=4936.9 m (phasecorr@180m, support=None, peak=0.06194785504341126) field 1x1 cells, dE -9750..-9750 m, dN 4772..4772 m, 0 filled
imw-r2d2-nn: Processing pair 5 from disk...
imw-r2d2-nn: 0 match-sets in 0.49s
[Coarse] imw-r2d2-nn pair 6: dE=-9159.5 m dN=4923.5 m (phasecorr@180m, support=None, peak=0.05013165693283081) field 1x1 cells, dE -9887..-9887 m, dN 4790..4790 m, 0 filled
imw-r2d2-nn: Processing pair 6 from disk...
imw-r2d2-nn: 1 match-sets in 0.54s
[Coarse] imw-r2d2-nn pair 7: dE=-9947.3 m dN=4785.4 m (phasecorr@180m, support=None, peak=0.11055335414556809) field 1x1 cells, dE -9955..-9955 m, dN 4765..4765 m, 0 filled
imw-r2d2-nn: Processing pair 7 from disk...
imw-r2d2-nn: 0 match-sets in 0.16s
[Coarse] imw-r2d2-nn pair 8: dE=-9954.5 m dN=4779.3 m (phasecorr@180m, support=None, peak=0.1302907753461673) field 1x1 cells, dE -9962..-9962 m, dN 4753..4753 m, 0 filled
imw-r2d2-nn: Processing pair 8 from disk...
imw-r2d2-nn: 0 match-sets in 0.15s
[Coarse] imw-r2d2-nn pair 9: dE=-9059.4 m dN=4950.7 m (phasecorr@180m, support=None, peak=0.05415244971381293) field 1x1 cells, dE -9094..-9094 m, dN 4821..4821 m, 0 filled
imw-r2d2-nn: Processing pair 9 from disk...
imw-r2d2-nn: 0 match-sets in 0.30s
[Coarse] imw-r2d2-nn pair 10: dE=-9073.5 m dN=4906.4 m (phasecorr@180m, support=None, peak=0.037404243375048225) field 1x1 cells, dE -9023..-9023 m, dN 4778..4778 m, 0 filled
imw-r2d2-nn: Processing pair 10 from disk...
imw-r2d2-nn: 0 match-sets in 0.28s
[Coarse] imw-r2d2-nn pair 11: dE=-9022.9 m dN=4778.1 m (from-pair-10, support=None, peak=None) 
imw-r2d2-nn: Processing pair 11 from disk...
imw-r2d2-nn: 0 match-sets in 0.30s
[Coarse] imw-r2d2-nn pair 12: dE=-9321.8 m dN=4777.2 m (phasecorr@180m, support=None, peak=0.044330621825324164) field 1x1 cells, dE -9400..-9400 m, dN 4784..4784 m, 0 filled
imw-r2d2-nn: Processing pair 12 from disk...
imw-r2d2-nn: 1 match-sets in 0.54s
[Coarse] imw-r2d2-nn pair 13: dE=-9228.3 m dN=4825.9 m (phasecorr@180m, support=None, peak=0.03933755140516493) field 1x1 cells, dE -9272..-9272 m, dN 4847..4847 m, 0 filled
imw-r2d2-nn: Processing pair 13 from disk...
imw-r2d2-nn: 1 match-sets in 0.54s
[Coarse] imw-r2d2-nn pair 14: dE=-9308.5 m dN=4822.9 m (phasecorr@180m, support=None, peak=0.0362194667590989) field 1x1 cells, dE -9542..-9542 m, dN 4843..4843 m, 0 filled
imw-r2d2-nn: Processing pair 14 from disk...
imw-r2d2-nn: 0 match-sets in 0.46s
[Coarse] imw-r2d2-nn pair 15: dE=-19392.4 m dN=24257.7 m (phasecorr@180m, support=None, peak=0.07282278133763208) 
imw-r2d2-nn: Processing pair 15 from disk...
imw-r2d2-nn: 0 match-sets in 0.07s
No valid chip CSV files found.
[band1] imw-r2d2-nn no-consensus in 0.2 min, peak GPU memory 2.9 of 15.6 GB
[imw-r2d2-nn] Model unloaded.
--------------------------------------------------------------------------------
[band1] Running imw-rord-nn
[imw-rord-nn] Loading model...
[Coarse] pair 1: no reliable coarse offset (matcher: {'dx': -34919.393005371094, 'dy': -8178.9202880859375, 'support': 1, 'n': 3, 'peak': None}; phasecorr: {'dx': -20193.477464726686, 'dy': -45743.92838364222, 'support': None, 'n': None, 'peak': 0.020609428800836677}); windows compared in place
[Coarse] pair 2: no reliable coarse offset (matcher: {'dx': -34609.52362060547, 'dy': -23387.305297851562, 'support': 1, 'n': 4, 'peak': None}; phasecorr: {'dx': -13696.50551245419, 'dy': -38359.15034615832, 'support': None, 'n': None, 'peak': 0.005463445974802611}); windows compared in place
[Coarse] pair 3: no reliable coarse offset (matcher: no matches; phasecorr: {'dx': -26691.14624675497, 'dy': -28341.854429889372, 'support': None, 'n': None, 'peak': 0.028507738675927267}); windows compared in place
[Coarse] pair 11: no reliable coarse offset (matcher: no matches; phasecorr: {'dx': -9310.972745874022, 'dy': 4896.252513739784, 'support': None, 'n': None, 'peak': 0.011061620189525462}); windows compared in place
[Coarse] WARNING: imw-rord-nn: the pairs' coarse offsets differ by up to 19 km, more than one image moves from place to place. Pairs with a wrong offset match the wrong ground (the chip consensus drops them when they are few); if most pairs disagree, check the input's pixel size and window size.
[Coarse] imw-rord-nn pair 1: dE=-9093.9 m dN=4821.4 m (from-pair-9, support=None, peak=None) 
imw-rord-nn: Processing pair 1 from disk...
imw-rord-nn: 0 match-sets in 0.00s
[Coarse] imw-rord-nn pair 2: dE=-9093.9 m dN=4821.4 m (from-pair-9, support=None, peak=None) 
imw-rord-nn: Processing pair 2 from disk...
imw-rord-nn: 0 match-sets in 0.00s
[Coarse] imw-rord-nn pair 3: dE=-9093.9 m dN=4821.4 m (from-pair-9, support=None, peak=None) 
imw-rord-nn: Processing pair 3 from disk...
imw-rord-nn: 0 match-sets in 0.00s
[Coarse] imw-rord-nn pair 4: dE=-9221.2 m dN=4881.8 m (phasecorr@180m, support=None, peak=0.05907139921188354) field 1x1 cells, dE -9682..-9682 m, dN 4878..4878 m, 0 filled
imw-rord-nn: Processing pair 4 from disk...
imw-rord-nn: 0 match-sets in 0.61s
[Coarse] imw-rord-nn pair 5: dE=-9227.3 m dN=4936.9 m (phasecorr@180m, support=None, peak=0.06194785504341126) field 1x1 cells, dE -9750..-9750 m, dN 4772..4772 m, 0 filled
imw-rord-nn: Processing pair 5 from disk...
imw-rord-nn: 1 match-sets in 0.46s
[Coarse] imw-rord-nn pair 6: dE=-9159.5 m dN=4923.5 m (phasecorr@180m, support=None, peak=0.05013165693283081) field 1x1 cells, dE -9887..-9887 m, dN 4790..4790 m, 0 filled
imw-rord-nn: Processing pair 6 from disk...
imw-rord-nn: 1 match-sets in 0.46s
[Coarse] imw-rord-nn pair 7: dE=-9947.3 m dN=4785.4 m (phasecorr@180m, support=None, peak=0.11055335414556809) field 1x1 cells, dE -9955..-9955 m, dN 4765..4765 m, 0 filled
imw-rord-nn: Processing pair 7 from disk...
imw-rord-nn: 1 match-sets in 0.23s
[Coarse] imw-rord-nn pair 8: dE=-9954.5 m dN=4779.3 m (phasecorr@180m, support=None, peak=0.1302907753461673) field 1x1 cells, dE -9962..-9962 m, dN 4753..4753 m, 0 filled
imw-rord-nn: Processing pair 8 from disk...
imw-rord-nn: 1 match-sets in 0.14s
[Coarse] imw-rord-nn pair 9: dE=-9059.4 m dN=4950.7 m (phasecorr@180m, support=None, peak=0.05415244971381293) field 1x1 cells, dE -9094..-9094 m, dN 4821..4821 m, 0 filled
imw-rord-nn: Processing pair 9 from disk...
imw-rord-nn: 1 match-sets in 0.34s
[Coarse] imw-rord-nn pair 10: dE=-9073.5 m dN=4906.4 m (phasecorr@180m, support=None, peak=0.037404243375048225) field 1x1 cells, dE -9023..-9023 m, dN 4778..4778 m, 0 filled
imw-rord-nn: Processing pair 10 from disk...
imw-rord-nn: 0 match-sets in 0.20s
[Coarse] imw-rord-nn pair 11: dE=-9022.9 m dN=4778.1 m (from-pair-10, support=None, peak=None) 
imw-rord-nn: Processing pair 11 from disk...
imw-rord-nn: 0 match-sets in 0.32s
[Coarse] imw-rord-nn pair 12: dE=-9321.8 m dN=4777.2 m (phasecorr@180m, support=None, peak=0.044330621825324164) field 1x1 cells, dE -9400..-9400 m, dN 4784..4784 m, 0 filled
imw-rord-nn: Processing pair 12 from disk...
imw-rord-nn: 1 match-sets in 0.58s
[Coarse] imw-rord-nn pair 13: dE=-9228.3 m dN=4825.9 m (phasecorr@180m, support=None, peak=0.03933755140516493) field 1x1 cells, dE -9272..-9272 m, dN 4847..4847 m, 0 filled
imw-rord-nn: Processing pair 13 from disk...
imw-rord-nn: 1 match-sets in 0.62s
[Coarse] imw-rord-nn pair 14: dE=-9308.5 m dN=4822.9 m (phasecorr@180m, support=None, peak=0.0362194667590989) field 1x1 cells, dE -9542..-9542 m, dN 4843..4843 m, 0 filled
imw-rord-nn: Processing pair 14 from disk...
imw-rord-nn: 1 match-sets in 0.38s
[Coarse] imw-rord-nn pair 15: dE=-19392.4 m dN=24257.7 m (phasecorr@180m, support=None, peak=0.07282278133763208) 
imw-rord-nn: Processing pair 15 from disk...
imw-rord-nn: 0 match-sets in 0.15s
No valid chip CSV files found.
[band1] imw-rord-nn no-consensus in 0.2 min, peak GPU memory 1.1 of 15.6 GB
[imw-rord-nn] Model unloaded.
--------------------------------------------------------------------------------
[band1] Running imw-d2net-nn
[imw-d2net-nn] Loading model...
[Coarse] pair 1: no reliable coarse offset (matcher: {'dx': -27502.75360107422, 'dy': -1899.195556640625, 'support': 3, 'n': 4, 'peak': None}; phasecorr: {'dx': -20193.477464726686, 'dy': -45743.92838364222, 'support': None, 'n': None, 'peak': 0.020609428800836677}); windows compared in place
[Coarse] pair 2: no reliable coarse offset (matcher: no matches; phasecorr: {'dx': -13696.50551245419, 'dy': -38359.15034615832, 'support': None, 'n': None, 'peak': 0.005463445974802611}); windows compared in place
[Coarse] pair 3: no reliable coarse offset (matcher: no matches; phasecorr: {'dx': -26691.14624675497, 'dy': -28341.854429889372, 'support': None, 'n': None, 'peak': 0.028507738675927267}); windows compared in place
[Coarse] pair 11: no reliable coarse offset (matcher: {'dx': -9229.342346191406, 'dy': 5300.043640136719, 'support': 3, 'n': 3, 'peak': None}; phasecorr: {'dx': -9310.972745874022, 'dy': 4896.252513739784, 'support': None, 'n': None, 'peak': 0.011061620189525462}); windows compared in place
[Coarse] pair 15: phase correlation gave dE=-19392 m dN=24258 m, 21.5 km from every offset the matcher measured; using pair 8's (dE=-10049 m dN=4893 m)
[Coarse] imw-d2net-nn pair 1: dE=-9093.9 m dN=4821.4 m (from-pair-9, support=None, peak=None) 
imw-d2net-nn: Processing pair 1 from disk...
imw-d2net-nn: 0 match-sets in 0.00s
[Coarse] imw-d2net-nn pair 2: dE=-9093.9 m dN=4821.4 m (from-pair-9, support=None, peak=None) 
imw-d2net-nn: Processing pair 2 from disk...
imw-d2net-nn: 0 match-sets in 0.00s
[Coarse] imw-d2net-nn pair 3: dE=-9093.9 m dN=4821.4 m (from-pair-9, support=None, peak=None) 
imw-d2net-nn: Processing pair 3 from disk...
imw-d2net-nn: 0 match-sets in 0.00s
[Coarse] imw-d2net-nn pair 4: dE=-9221.2 m dN=4881.8 m (phasecorr@180m, support=None, peak=0.05907139921188354) field 1x1 cells, dE -9682..-9682 m, dN 4878..4878 m, 0 filled
imw-d2net-nn: Processing pair 4 from disk...
imw-d2net-nn: 1 match-sets in 0.47s
[Coarse] imw-d2net-nn pair 5: dE=-9227.3 m dN=4936.9 m (phasecorr@180m, support=None, peak=0.06194785504341126) field 1x1 cells, dE -9750..-9750 m, dN 4772..4772 m, 0 filled
imw-d2net-nn: Processing pair 5 from disk...
imw-d2net-nn: 1 match-sets in 0.47s
[Coarse] imw-d2net-nn pair 6: dE=-9159.5 m dN=4923.5 m (phasecorr@180m, support=None, peak=0.05013165693283081) field 1x1 cells, dE -9887..-9887 m, dN 4790..4790 m, 0 filled
imw-d2net-nn: Processing pair 6 from disk...
imw-d2net-nn: 1 match-sets in 0.47s
[Coarse] imw-d2net-nn pair 7: dE=-9947.3 m dN=4785.4 m (phasecorr@180m, support=None, peak=0.11055335414556809) field 1x1 cells, dE -9955..-9955 m, dN 4765..4765 m, 0 filled
imw-d2net-nn: Processing pair 7 from disk...
imw-d2net-nn: 1 match-sets in 0.15s
[Coarse] imw-d2net-nn pair 8: dE=-10049.3 m dN=4892.5 m (matcher@180m, support=12, peak=None) field 1x1 cells, dE -10049..-10049 m, dN 4893..4893 m, 0 filled
imw-d2net-nn: Processing pair 8 from disk...
imw-d2net-nn: 1 match-sets in 0.18s
[Coarse] imw-d2net-nn pair 9: dE=-9059.4 m dN=4950.7 m (phasecorr@180m, support=None, peak=0.05415244971381293) field 1x1 cells, dE -9094..-9094 m, dN 4821..4821 m, 0 filled
imw-d2net-nn: Processing pair 9 from disk...
imw-d2net-nn: 1 match-sets in 0.21s
[Coarse] imw-d2net-nn pair 10: dE=-9073.5 m dN=4906.4 m (phasecorr@180m, support=None, peak=0.037404243375048225) field 1x1 cells, dE -9023..-9023 m, dN 4778..4778 m, 0 filled
imw-d2net-nn: Processing pair 10 from disk...
imw-d2net-nn: 1 match-sets in 0.21s
[Coarse] imw-d2net-nn pair 11: dE=-9022.9 m dN=4778.1 m (from-pair-10, support=None, peak=None) 
imw-d2net-nn: Processing pair 11 from disk...
imw-d2net-nn: 1 match-sets in 0.22s
[Coarse] imw-d2net-nn pair 12: dE=-9321.8 m dN=4777.2 m (phasecorr@180m, support=None, peak=0.044330621825324164) field 1x1 cells, dE -9400..-9400 m, dN 4784..4784 m, 0 filled
imw-d2net-nn: Processing pair 12 from disk...
imw-d2net-nn: 1 match-sets in 0.40s
[Coarse] imw-d2net-nn pair 13: dE=-9228.3 m dN=4825.9 m (phasecorr@180m, support=None, peak=0.03933755140516493) field 1x1 cells, dE -9272..-9272 m, dN 4847..4847 m, 0 filled
imw-d2net-nn: Processing pair 13 from disk...
imw-d2net-nn: 1 match-sets in 0.40s
[Coarse] imw-d2net-nn pair 14: dE=-9308.5 m dN=4822.9 m (phasecorr@180m, support=None, peak=0.0362194667590989) field 1x1 cells, dE -9542..-9542 m, dN 4843..4843 m, 0 filled
imw-d2net-nn: Processing pair 14 from disk...
imw-d2net-nn: 1 match-sets in 0.39s
[Coarse] imw-d2net-nn pair 15: dE=-10049.3 m dN=4892.5 m (from-pair-8 (phasecorr disagreed), support=None, peak=0.07282278133763208) 
imw-d2net-nn: Processing pair 15 from disk...
imw-d2net-nn: 1 match-sets in 0.17s
Saved:
 CHIP_STATS_ALL.csv
 CHIP_STATS_SURVIVORS.csv
 CONSENSUS_SCORES.csv
 BEST_CHIP_SET.csv
 BEST_CHIP_MANIFEST.csv
 BEST_FINAL_SUMMARY.csv
[band1] imw-d2net-nn ok in 0.2 min, peak GPU memory 1.1 of 15.6 GB
[imw-d2net-nn] Model unloaded.
--------------------------------------------------------------------------------
[band1] Running imw-alike-nn
[imw-alike-nn] Loading model...
[Coarse] pair 1: no reliable coarse offset (matcher: {'dx': -34650.0, 'dy': -30060.0, 'support': 2, 'n': 4, 'peak': None}; phasecorr: {'dx': -20193.477464726686, 'dy': -45743.92838364222, 'support': None, 'n': None, 'peak': 0.020609428800836677}); windows compared in place
[Coarse] pair 2: no reliable coarse offset (matcher: no matches; phasecorr: {'dx': -13696.50551245419, 'dy': -38359.15034615832, 'support': None, 'n': None, 'peak': 0.005463445974802611}); windows compared in place
[Coarse] pair 3: no reliable coarse offset (matcher: no matches; phasecorr: {'dx': -26691.14624675497, 'dy': -28341.854429889372, 'support': None, 'n': None, 'peak': 0.028507738675927267}); windows compared in place
[Coarse] pair 11: no reliable coarse offset (matcher: no matches; phasecorr: {'dx': -9310.972745874022, 'dy': 4896.252513739784, 'support': None, 'n': None, 'peak': 0.011061620189525462}); windows compared in place
[Coarse] WARNING: imw-alike-nn: the pairs' coarse offsets differ by up to 19 km, more than one image moves from place to place. Pairs with a wrong offset match the wrong ground (the chip consensus drops them when they are few); if most pairs disagree, check the input's pixel size and window size.
[Coarse] imw-alike-nn pair 1: dE=-9093.9 m dN=4821.4 m (from-pair-9, support=None, peak=None) 
imw-alike-nn: Processing pair 1 from disk...
imw-alike-nn: 0 match-sets in 0.00s
[Coarse] imw-alike-nn pair 2: dE=-9093.9 m dN=4821.4 m (from-pair-9, support=None, peak=None) 
imw-alike-nn: Processing pair 2 from disk...
imw-alike-nn: 0 match-sets in 0.00s
[Coarse] imw-alike-nn pair 3: dE=-9093.9 m dN=4821.4 m (from-pair-9, support=None, peak=None) 
imw-alike-nn: Processing pair 3 from disk...
imw-alike-nn: 0 match-sets in 0.00s
[Coarse] imw-alike-nn pair 4: dE=-9221.2 m dN=4881.8 m (phasecorr@180m, support=None, peak=0.05907139921188354) field 1x1 cells, dE -9682..-9682 m, dN 4878..4878 m, 0 filled
imw-alike-nn: Processing pair 4 from disk...
imw-alike-nn: 1 match-sets in 0.40s
[Coarse] imw-alike-nn pair 5: dE=-9227.3 m dN=4936.9 m (phasecorr@180m, support=None, peak=0.06194785504341126) field 1x1 cells, dE -9750..-9750 m, dN 4772..4772 m, 0 filled
imw-alike-nn: Processing pair 5 from disk...
imw-alike-nn: 1 match-sets in 0.29s
[Coarse] imw-alike-nn pair 6: dE=-9159.5 m dN=4923.5 m (phasecorr@180m, support=None, peak=0.05013165693283081) field 1x1 cells, dE -9887..-9887 m, dN 4790..4790 m, 0 filled
imw-alike-nn: Processing pair 6 from disk...
imw-alike-nn: 1 match-sets in 0.29s
[Coarse] imw-alike-nn pair 7: dE=-9947.3 m dN=4785.4 m (phasecorr@180m, support=None, peak=0.11055335414556809) field 1x1 cells, dE -9955..-9955 m, dN 4765..4765 m, 0 filled
imw-alike-nn: Processing pair 7 from disk...
imw-alike-nn: 1 match-sets in 0.16s
[Coarse] imw-alike-nn pair 8: dE=-9954.5 m dN=4779.3 m (phasecorr@180m, support=None, peak=0.1302907753461673) field 1x1 cells, dE -9962..-9962 m, dN 4753..4753 m, 0 filled
imw-alike-nn: Processing pair 8 from disk...
imw-alike-nn: 1 match-sets in 0.09s
[Coarse] imw-alike-nn pair 9: dE=-9059.4 m dN=4950.7 m (phasecorr@180m, support=None, peak=0.05415244971381293) field 1x1 cells, dE -9094..-9094 m, dN 4821..4821 m, 0 filled
imw-alike-nn: Processing pair 9 from disk...
imw-alike-nn: 1 match-sets in 0.21s
[Coarse] imw-alike-nn pair 10: dE=-9073.5 m dN=4906.4 m (phasecorr@180m, support=None, peak=0.037404243375048225) field 1x1 cells, dE -9023..-9023 m, dN 4778..4778 m, 0 filled
imw-alike-nn: Processing pair 10 from disk...
imw-alike-nn: 1 match-sets in 0.11s
[Coarse] imw-alike-nn pair 11: dE=-9022.9 m dN=4778.1 m (from-pair-10, support=None, peak=None) 
imw-alike-nn: Processing pair 11 from disk...
imw-alike-nn: 1 match-sets in 0.21s
[Coarse] imw-alike-nn pair 12: dE=-9321.8 m dN=4777.2 m (phasecorr@180m, support=None, peak=0.044330621825324164) field 1x1 cells, dE -9400..-9400 m, dN 4784..4784 m, 0 filled
imw-alike-nn: Processing pair 12 from disk...
imw-alike-nn: 1 match-sets in 0.33s
[Coarse] imw-alike-nn pair 13: dE=-9228.3 m dN=4825.9 m (phasecorr@180m, support=None, peak=0.03933755140516493) field 1x1 cells, dE -9272..-9272 m, dN 4847..4847 m, 0 filled
imw-alike-nn: Processing pair 13 from disk...
imw-alike-nn: 1 match-sets in 0.34s
[Coarse] imw-alike-nn pair 14: dE=-9308.5 m dN=4822.9 m (phasecorr@180m, support=None, peak=0.0362194667590989) field 1x1 cells, dE -9542..-9542 m, dN 4843..4843 m, 0 filled
imw-alike-nn: Processing pair 14 from disk...
imw-alike-nn: 1 match-sets in 0.22s
[Coarse] imw-alike-nn pair 15: dE=-19392.4 m dN=24257.7 m (phasecorr@180m, support=None, peak=0.07282278133763208) 
imw-alike-nn: Processing pair 15 from disk...
imw-alike-nn: 1 match-sets in 0.17s
Saved:
 CHIP_STATS_ALL.csv
 CHIP_STATS_SURVIVORS.csv
 CONSENSUS_SCORES.csv
 BEST_CHIP_SET.csv
 BEST_CHIP_MANIFEST.csv
 BEST_FINAL_SUMMARY.csv
[band1] imw-alike-nn ok in 0.2 min, peak GPU memory 1.0 of 15.6 GB
[imw-alike-nn] Model unloaded.
--------------------------------------------------------------------------------
[band1] Running imw-sfd2-nn
[imw-sfd2-nn] Loading model...
[Coarse] pair 1: no reliable coarse offset (matcher: no matches; phasecorr: {'dx': -20193.477464726686, 'dy': -45743.92838364222, 'support': None, 'n': None, 'peak': 0.020609428800836677}); windows compared in place
[Coarse] pair 2: no reliable coarse offset (matcher: {'dx': -35100.0, 'dy': -18900.0, 'support': 2, 'n': 3, 'peak': None}; phasecorr: {'dx': -13696.50551245419, 'dy': -38359.15034615832, 'support': None, 'n': None, 'peak': 0.005463445974802611}); windows compared in place
[Coarse] pair 3: no reliable coarse offset (matcher: {'dx': -35370.0, 'dy': 7200.0, 'support': 2, 'n': 3, 'peak': None}; phasecorr: {'dx': -26691.14624675497, 'dy': -28341.854429889372, 'support': None, 'n': None, 'peak': 0.028507738675927267}); windows compared in place
[Coarse] pair 11: no reliable coarse offset (matcher: {'dx': -35280.0, 'dy': -15840.0, 'support': 1, 'n': 5, 'peak': None}; phasecorr: {'dx': -9310.972745874022, 'dy': 4896.252513739784, 'support': None, 'n': None, 'peak': 0.011061620189525462}); windows compared in place
[Coarse] pair 15: phase correlation gave dE=-19392 m dN=24258 m, 21.9 km from every offset the matcher measured; using pair 9's (dE=-9180 m dN=4860 m)
[Coarse] imw-sfd2-nn pair 1: dE=-9180.0 m dN=4860.0 m (from-pair-9, support=None, peak=None) 
imw-sfd2-nn: Processing pair 1 from disk...
imw-sfd2-nn: 0 match-sets in 0.00s
[Coarse] imw-sfd2-nn pair 2: dE=-9180.0 m dN=4860.0 m (from-pair-9, support=None, peak=None) 
imw-sfd2-nn: Processing pair 2 from disk...
imw-sfd2-nn: 0 match-sets in 0.00s
[Coarse] imw-sfd2-nn pair 3: dE=-9180.0 m dN=4860.0 m (from-pair-9, support=None, peak=None) 
imw-sfd2-nn: Processing pair 3 from disk...
imw-sfd2-nn: 0 match-sets in 0.00s
[Coarse] imw-sfd2-nn pair 4: dE=-9221.2 m dN=4881.8 m (phasecorr@180m, support=None, peak=0.05907139921188354) field 1x1 cells, dE -9682..-9682 m, dN 4878..4878 m, 0 filled
imw-sfd2-nn: Processing pair 4 from disk...
imw-sfd2-nn: 1 match-sets in 0.40s
[Coarse] imw-sfd2-nn pair 5: dE=-9227.3 m dN=4936.9 m (phasecorr@180m, support=None, peak=0.06194785504341126) field 1x1 cells, dE -9750..-9750 m, dN 4772..4772 m, 0 filled
imw-sfd2-nn: Processing pair 5 from disk...
imw-sfd2-nn: 1 match-sets in 0.30s
[Coarse] imw-sfd2-nn pair 6: dE=-9159.5 m dN=4923.5 m (phasecorr@180m, support=None, peak=0.05013165693283081) field 1x1 cells, dE -9887..-9887 m, dN 4790..4790 m, 0 filled
imw-sfd2-nn: Processing pair 6 from disk...
imw-sfd2-nn: 1 match-sets in 0.31s
[Coarse] imw-sfd2-nn pair 7: dE=-9947.3 m dN=4785.4 m (phasecorr@180m, support=None, peak=0.11055335414556809) field 1x1 cells, dE -9955..-9955 m, dN 4765..4765 m, 0 filled
imw-sfd2-nn: Processing pair 7 from disk...
imw-sfd2-nn: 1 match-sets in 0.13s
[Coarse] imw-sfd2-nn pair 8: dE=-9954.5 m dN=4779.3 m (phasecorr@180m, support=None, peak=0.1302907753461673) field 1x1 cells, dE -9962..-9962 m, dN 4753..4753 m, 0 filled
imw-sfd2-nn: Processing pair 8 from disk...
imw-sfd2-nn: 1 match-sets in 0.08s
[Coarse] imw-sfd2-nn pair 9: dE=-9180.0 m dN=4860.0 m (matcher@180m, support=8, peak=None) field 1x1 cells, dE -9180..-9180 m, dN 4860..4860 m, 0 filled
imw-sfd2-nn: Processing pair 9 from disk...
imw-sfd2-nn: 1 match-sets in 0.18s
[Coarse] imw-sfd2-nn pair 10: dE=-9073.5 m dN=4906.4 m (phasecorr@180m, support=None, peak=0.037404243375048225) field 1x1 cells, dE -9023..-9023 m, dN 4778..4778 m, 0 filled
imw-sfd2-nn: Processing pair 10 from disk...
imw-sfd2-nn: 1 match-sets in 0.12s
[Coarse] imw-sfd2-nn pair 11: dE=-9022.9 m dN=4778.1 m (from-pair-10, support=None, peak=None) 
imw-sfd2-nn: Processing pair 11 from disk...
imw-sfd2-nn: 1 match-sets in 0.19s
[Coarse] imw-sfd2-nn pair 12: dE=-9321.8 m dN=4777.2 m (phasecorr@180m, support=None, peak=0.044330621825324164) field 1x1 cells, dE -9400..-9400 m, dN 4784..4784 m, 0 filled
imw-sfd2-nn: Processing pair 12 from disk...
imw-sfd2-nn: 1 match-sets in 0.32s
[Coarse] imw-sfd2-nn pair 13: dE=-9228.3 m dN=4825.9 m (phasecorr@180m, support=None, peak=0.03933755140516493) field 1x1 cells, dE -9272..-9272 m, dN 4847..4847 m, 0 filled
imw-sfd2-nn: Processing pair 13 from disk...
imw-sfd2-nn: 1 match-sets in 0.32s
[Coarse] imw-sfd2-nn pair 14: dE=-9308.5 m dN=4822.9 m (phasecorr@180m, support=None, peak=0.0362194667590989) field 1x1 cells, dE -9542..-9542 m, dN 4843..4843 m, 0 filled
imw-sfd2-nn: Processing pair 14 from disk...
imw-sfd2-nn: 1 match-sets in 0.23s
[Coarse] imw-sfd2-nn pair 15: dE=-9180.0 m dN=4860.0 m (from-pair-9 (phasecorr disagreed), support=None, peak=0.07282278133763208) 
imw-sfd2-nn: Processing pair 15 from disk...
imw-sfd2-nn: 1 match-sets in 0.09s
Saved:
 CHIP_STATS_ALL.csv
 CHIP_STATS_SURVIVORS.csv
 CONSENSUS_SCORES.csv
 BEST_CHIP_SET.csv
 BEST_CHIP_MANIFEST.csv
 BEST_FINAL_SUMMARY.csv
[band1] imw-sfd2-nn ok in 0.2 min, peak GPU memory 1.4 of 15.6 GB
[imw-sfd2-nn] Model unloaded.
--------------------------------------------------------------------------------
[band1] Running imw-rdd-nn
[imw-rdd-nn] Loading model...


Please compile MultiScaleDeformableAttention CUDA op with the following commands:
	`cd mask2former/modeling/pixel_decoder/ops`
	`sh make.sh`

config {'activation': 'relu', 'block_dims': [8, 16, 32, 64], 'd_model': 256, 'detection_threshold': 0.015, 'device': device(type='cuda'), 'dim_feedforward': 1024, 'dropout': 0.1, 'enc_n_points': 8, 'hidden_dim': 256, 'lr_backbone': 2e-05, 'nhead': 8, 'num_encoder_layers': 4, 'num_feature_levels': 5, 'top_k': 32000, 'train_detector': False, 'weights': '/maintenance/ICIGDev/GPUPOC/input/dqe/imw_runtime/imw_cache/huggingface/hub/models--Realcat--imcui_checkpoints/snapshots/e72b489e927e7a8202f505c1b4db1474fd22b8b7/rdd/RDD-v2.pth'}
[Coarse] pair 1: no reliable coarse offset (matcher: no matches; phasecorr: {'dx': -20193.477464726686, 'dy': -45743.92838364222, 'support': None, 'n': None, 'peak': 0.020609428800836677}); windows compared in place
[Coarse] pair 2: no reliable coarse offset (matcher: no matches; phasecorr: {'dx': -13696.50551245419, 'dy': -38359.15034615832, 'support': None, 'n': None, 'peak': 0.005463445974802611}); windows compared in place
[Coarse] pair 3: no reliable coarse offset (matcher: no matches; phasecorr: {'dx': -26691.14624675497, 'dy': -28341.854429889372, 'support': None, 'n': None, 'peak': 0.028507738675927267}); windows compared in place
[Coarse] pair 4: phase correlation gave dE=-9221 m dN=4882 m, 7.2 km from every offset the matcher measured; using pair 5's (dE=-31418 m dN=27311 m)
[Coarse] pair 6: phase correlation gave dE=-9160 m dN=4924 m, 7.2 km from every offset the matcher measured; using pair 5's (dE=-31418 m dN=27311 m)
[Coarse] pair 12: phase correlation gave dE=-9322 m dN=4777 m, 7.4 km from every offset the matcher measured; using pair 5's (dE=-31418 m dN=27311 m)
[Coarse] pair 13: phase correlation gave dE=-9228 m dN=4826 m, 7.3 km from every offset the matcher measured; using pair 5's (dE=-31418 m dN=27311 m)
[Coarse] pair 14: phase correlation gave dE=-9308 m dN=4823 m, 7.3 km from every offset the matcher measured; using pair 5's (dE=-31418 m dN=27311 m)
[Coarse] WARNING: imw-rdd-nn: the pairs' coarse offsets differ by up to 62 km, more than one image moves from place to place. Pairs with a wrong offset match the wrong ground (the chip consensus drops them when they are few); if most pairs disagree, check the input's pixel size and window size.
[Coarse] imw-rdd-nn pair 1: dE=-7441.2 m dN=11883.1 m (from-pair-9, support=None, peak=None) 
imw-rdd-nn: Processing pair 1 from disk...
imw-rdd-nn: 0 match-sets in 0.00s
[Coarse] imw-rdd-nn pair 2: dE=-7441.2 m dN=11883.1 m (from-pair-9, support=None, peak=None) 
imw-rdd-nn: Processing pair 2 from disk...
imw-rdd-nn: 0 match-sets in 0.00s
[Coarse] imw-rdd-nn pair 3: dE=-7441.2 m dN=11883.1 m (from-pair-9, support=None, peak=None) 
imw-rdd-nn: Processing pair 3 from disk...
imw-rdd-nn: 0 match-sets in 0.00s
[Coarse] imw-rdd-nn pair 4: dE=-31417.7 m dN=27311.4 m (from-pair-5 (phasecorr disagreed), support=None, peak=0.05907139921188354) 
imw-rdd-nn: Processing pair 4 from disk...
imw-rdd-nn: 1 match-sets in 1.21s
[Coarse] imw-rdd-nn pair 5: dE=-31417.7 m dN=27311.4 m (matcher@180m, support=8, peak=None) field 1x1 cells, dE -31418..-31418 m, dN 27311..27311 m, 0 filled
imw-rdd-nn: Processing pair 5 from disk...
imw-rdd-nn: 1 match-sets in 1.10s
[Coarse] imw-rdd-nn pair 6: dE=-31417.7 m dN=27311.4 m (from-pair-5 (phasecorr disagreed), support=None, peak=0.05013165693283081) 
imw-rdd-nn: Processing pair 6 from disk...
imw-rdd-nn: 1 match-sets in 0.81s
[Coarse] imw-rdd-nn pair 7: dE=-27980.6 m dN=34321.1 m (matcher@180m, support=12, peak=None) field 1x1 cells, dE -27981..-27981 m, dN 34321..34321 m, 0 filled
imw-rdd-nn: Processing pair 7 from disk...
imw-rdd-nn: 1 match-sets in 0.62s
[Coarse] imw-rdd-nn pair 8: dE=-14637.7 m dN=31583.1 m (matcher@180m, support=10, peak=None) field 1x1 cells, dE -14638..-14638 m, dN 31583..31583 m, 0 filled
imw-rdd-nn: Processing pair 8 from disk...
imw-rdd-nn: 1 match-sets in 0.33s
[Coarse] imw-rdd-nn pair 9: dE=-7441.2 m dN=11883.1 m (matcher@180m, support=9, peak=None) field 1x1 cells, dE -7441..-7441 m, dN 11883..11883 m, 0 filled
imw-rdd-nn: Processing pair 9 from disk...
imw-rdd-nn: 1 match-sets in 0.47s
[Coarse] imw-rdd-nn pair 10: dE=-16609.0 m dN=-17800.7 m (matcher@180m, support=9, peak=None) field 1x1 cells, dE -16609..-16609 m, dN -17801..-17801 m, 0 filled
imw-rdd-nn: Processing pair 10 from disk...
imw-rdd-nn: 1 match-sets in 0.79s
[Coarse] imw-rdd-nn pair 11: dE=-16129.8 m dN=-17213.5 m (matcher@180m, support=28, peak=None) field 1x1 cells, dE -16130..-16130 m, dN -17214..-17214 m, 0 filled
imw-rdd-nn: Processing pair 11 from disk...
imw-rdd-nn: 1 match-sets in 0.49s
[Coarse] imw-rdd-nn pair 12: dE=-31417.7 m dN=27311.4 m (from-pair-5 (phasecorr disagreed), support=None, peak=0.044330621825324164) 
imw-rdd-nn: Processing pair 12 from disk...
imw-rdd-nn: 1 match-sets in 1.20s
[Coarse] imw-rdd-nn pair 13: dE=-31417.7 m dN=27311.4 m (from-pair-5 (phasecorr disagreed), support=None, peak=0.03933755140516493) 
imw-rdd-nn: Processing pair 13 from disk...
imw-rdd-nn: 1 match-sets in 0.83s
[Coarse] imw-rdd-nn pair 14: dE=-31417.7 m dN=27311.4 m (from-pair-5 (phasecorr disagreed), support=None, peak=0.0362194667590989) 
imw-rdd-nn: Processing pair 14 from disk...
imw-rdd-nn: 1 match-sets in 0.83s
[Coarse] imw-rdd-nn pair 15: dE=30419.3 m dN=28397.3 m (matcher@180m, support=12, peak=None) field 1x1 cells, dE 30419..30419 m, dN 28397..28397 m, 0 filled
imw-rdd-nn: Processing pair 15 from disk...
imw-rdd-nn: 1 match-sets in 0.46s
Saved:
 CHIP_STATS_ALL.csv
 CHIP_STATS_SURVIVORS.csv
 CONSENSUS_SCORES.csv
 BEST_CHIP_SET.csv
 BEST_CHIP_MANIFEST.csv
 BEST_FINAL_SUMMARY.csv
[band1] imw-rdd-nn ok in 0.5 min, peak GPU memory 8.7 of 15.6 GB
[imw-rdd-nn] Model unloaded.
--------------------------------------------------------------------------------
[band1] Running imw-liftfeat-nn
[imw-liftfeat-nn] Loading model...
load weight successfully.
[Coarse] pair 1: no reliable coarse offset (matcher: no matches; phasecorr: {'dx': -20193.477464726686, 'dy': -45743.92838364222, 'support': None, 'n': None, 'peak': 0.020609428800836677}); windows compared in place
[Coarse] pair 2: no reliable coarse offset (matcher: {'dx': -34920.0, 'dy': -10260.0, 'support': 1, 'n': 3, 'peak': None}; phasecorr: {'dx': -13696.50551245419, 'dy': -38359.15034615832, 'support': None, 'n': None, 'peak': 0.005463445974802611}); windows compared in place
[Coarse] pair 3: no reliable coarse offset (matcher: no matches; phasecorr: {'dx': -26691.14624675497, 'dy': -28341.854429889372, 'support': None, 'n': None, 'peak': 0.028507738675927267}); windows compared in place
[Coarse] pair 11: no reliable coarse offset (matcher: {'dx': 27000.0, 'dy': -31860.0, 'support': 1, 'n': 3, 'peak': None}; phasecorr: {'dx': -9310.972745874022, 'dy': 4896.252513739784, 'support': None, 'n': None, 'peak': 0.011061620189525462}); windows compared in place
[Coarse] WARNING: imw-liftfeat-nn: the pairs' coarse offsets differ by up to 19 km, more than one image moves from place to place. Pairs with a wrong offset match the wrong ground (the chip consensus drops them when they are few); if most pairs disagree, check the input's pixel size and window size.
[Coarse] imw-liftfeat-nn pair 1: dE=-9093.9 m dN=4821.4 m (from-pair-9, support=None, peak=None) 
imw-liftfeat-nn: Processing pair 1 from disk...
imw-liftfeat-nn: 0 match-sets in 0.00s
[Coarse] imw-liftfeat-nn pair 2: dE=-9093.9 m dN=4821.4 m (from-pair-9, support=None, peak=None) 
imw-liftfeat-nn: Processing pair 2 from disk...
imw-liftfeat-nn: 0 match-sets in 0.00s
[Coarse] imw-liftfeat-nn pair 3: dE=-9093.9 m dN=4821.4 m (from-pair-9, support=None, peak=None) 
imw-liftfeat-nn: Processing pair 3 from disk...
imw-liftfeat-nn: 0 match-sets in 0.00s
[Coarse] imw-liftfeat-nn pair 4: dE=-9221.2 m dN=4881.8 m (phasecorr@180m, support=None, peak=0.05907139921188354) field 1x1 cells, dE -9682..-9682 m, dN 4878..4878 m, 0 filled
imw-liftfeat-nn: Processing pair 4 from disk...
imw-liftfeat-nn: 1 match-sets in 0.49s
[Coarse] imw-liftfeat-nn pair 5: dE=-9227.3 m dN=4936.9 m (phasecorr@180m, support=None, peak=0.06194785504341126) field 1x1 cells, dE -9750..-9750 m, dN 4772..4772 m, 0 filled
imw-liftfeat-nn: Processing pair 5 from disk...
imw-liftfeat-nn: 1 match-sets in 0.31s
[Coarse] imw-liftfeat-nn pair 6: dE=-9159.5 m dN=4923.5 m (phasecorr@180m, support=None, peak=0.05013165693283081) field 1x1 cells, dE -9887..-9887 m, dN 4790..4790 m, 0 filled
imw-liftfeat-nn: Processing pair 6 from disk...
imw-liftfeat-nn: 1 match-sets in 0.31s
[Coarse] imw-liftfeat-nn pair 7: dE=-9947.3 m dN=4785.4 m (phasecorr@180m, support=None, peak=0.11055335414556809) field 1x1 cells, dE -9955..-9955 m, dN 4765..4765 m, 0 filled
imw-liftfeat-nn: Processing pair 7 from disk...
imw-liftfeat-nn: 1 match-sets in 0.20s
[Coarse] imw-liftfeat-nn pair 8: dE=-9954.5 m dN=4779.3 m (phasecorr@180m, support=None, peak=0.1302907753461673) field 1x1 cells, dE -9962..-9962 m, dN 4753..4753 m, 0 filled
imw-liftfeat-nn: Processing pair 8 from disk...
imw-liftfeat-nn: 1 match-sets in 0.10s
[Coarse] imw-liftfeat-nn pair 9: dE=-9059.4 m dN=4950.7 m (phasecorr@180m, support=None, peak=0.05415244971381293) field 1x1 cells, dE -9094..-9094 m, dN 4821..4821 m, 0 filled
imw-liftfeat-nn: Processing pair 9 from disk...
imw-liftfeat-nn: 1 match-sets in 0.27s
[Coarse] imw-liftfeat-nn pair 10: dE=-9073.5 m dN=4906.4 m (phasecorr@180m, support=None, peak=0.037404243375048225) field 1x1 cells, dE -9023..-9023 m, dN 4778..4778 m, 0 filled
imw-liftfeat-nn: Processing pair 10 from disk...
imw-liftfeat-nn: 1 match-sets in 0.13s
[Coarse] imw-liftfeat-nn pair 11: dE=-9022.9 m dN=4778.1 m (from-pair-10, support=None, peak=None) 
imw-liftfeat-nn: Processing pair 11 from disk...
imw-liftfeat-nn: 1 match-sets in 0.29s
[Coarse] imw-liftfeat-nn pair 12: dE=-9321.8 m dN=4777.2 m (phasecorr@180m, support=None, peak=0.044330621825324164) field 1x1 cells, dE -9400..-9400 m, dN 4784..4784 m, 0 filled
imw-liftfeat-nn: Processing pair 12 from disk...
imw-liftfeat-nn: 1 match-sets in 0.44s
[Coarse] imw-liftfeat-nn pair 13: dE=-9228.3 m dN=4825.9 m (phasecorr@180m, support=None, peak=0.03933755140516493) field 1x1 cells, dE -9272..-9272 m, dN 4847..4847 m, 0 filled
imw-liftfeat-nn: Processing pair 13 from disk...
imw-liftfeat-nn: 1 match-sets in 0.44s
[Coarse] imw-liftfeat-nn pair 14: dE=-9308.5 m dN=4822.9 m (phasecorr@180m, support=None, peak=0.0362194667590989) field 1x1 cells, dE -9542..-9542 m, dN 4843..4843 m, 0 filled
imw-liftfeat-nn: Processing pair 14 from disk...
imw-liftfeat-nn: 1 match-sets in 0.24s
[Coarse] imw-liftfeat-nn pair 15: dE=-19392.4 m dN=24257.7 m (phasecorr@180m, support=None, peak=0.07282278133763208) 
imw-liftfeat-nn: Processing pair 15 from disk...
imw-liftfeat-nn: 1 match-sets in 0.17s
Saved:
 CHIP_STATS_ALL.csv
 CHIP_STATS_SURVIVORS.csv
 CONSENSUS_SCORES.csv
 BEST_CHIP_SET.csv
 BEST_CHIP_MANIFEST.csv
 BEST_FINAL_SUMMARY.csv
[band1] imw-liftfeat-nn ok in 0.2 min, peak GPU memory 4.2 of 15.6 GB
[imw-liftfeat-nn] Model unloaded.
--------------------------------------------------------------------------------
[band1] Running imw-ripe-nn
[imw-ripe-nn] Loading model...
INFO:ripe.models.ripe:Training with window size 8.
INFO:ripe.models.ripe:Use None as final non-linearity before the detection heatmap.
INFO:ripe.models.ripe:Training dim reduction descriptor with 960 -> 256 1x1 conv
[Coarse] pair 1: no reliable coarse offset (matcher: no matches; phasecorr: {'dx': -20193.477464726686, 'dy': -45743.92838364222, 'support': None, 'n': None, 'peak': 0.020609428800836677}); windows compared in place
[Coarse] pair 2: no reliable coarse offset (matcher: {'dx': -34560.0, 'dy': 720.0, 'support': 1, 'n': 4, 'peak': None}; phasecorr: {'dx': -13696.50551245419, 'dy': -38359.15034615832, 'support': None, 'n': None, 'peak': 0.005463445974802611}); windows compared in place
[Coarse] pair 3: no reliable coarse offset (matcher: {'dx': -35100.0, 'dy': -17820.0, 'support': 3, 'n': 3, 'peak': None}; phasecorr: {'dx': -26691.14624675497, 'dy': -28341.854429889372, 'support': None, 'n': None, 'peak': 0.028507738675927267}); windows compared in place
[Coarse] pair 11: no reliable coarse offset (matcher: no matches; phasecorr: {'dx': -9310.972745874022, 'dy': 4896.252513739784, 'support': None, 'n': None, 'peak': 0.011061620189525462}); windows compared in place
[Coarse] WARNING: imw-ripe-nn: the pairs' coarse offsets differ by up to 19 km, more than one image moves from place to place. Pairs with a wrong offset match the wrong ground (the chip consensus drops them when they are few); if most pairs disagree, check the input's pixel size and window size.
[Coarse] imw-ripe-nn pair 1: dE=-9093.9 m dN=4821.4 m (from-pair-9, support=None, peak=None) 
imw-ripe-nn: Processing pair 1 from disk...
imw-ripe-nn: 0 match-sets in 0.00s
[Coarse] imw-ripe-nn pair 2: dE=-9093.9 m dN=4821.4 m (from-pair-9, support=None, peak=None) 
imw-ripe-nn: Processing pair 2 from disk...
imw-ripe-nn: 0 match-sets in 0.00s
[Coarse] imw-ripe-nn pair 3: dE=-9093.9 m dN=4821.4 m (from-pair-9, support=None, peak=None) 
imw-ripe-nn: Processing pair 3 from disk...
imw-ripe-nn: 0 match-sets in 0.00s
[Coarse] imw-ripe-nn pair 4: dE=-9221.2 m dN=4881.8 m (phasecorr@180m, support=None, peak=0.05907139921188354) field 1x1 cells, dE -9682..-9682 m, dN 4878..4878 m, 0 filled
imw-ripe-nn: Processing pair 4 from disk...
imw-ripe-nn: 1 match-sets in 0.63s
[Coarse] imw-ripe-nn pair 5: dE=-9227.3 m dN=4936.9 m (phasecorr@180m, support=None, peak=0.06194785504341126) field 1x1 cells, dE -9750..-9750 m, dN 4772..4772 m, 0 filled
imw-ripe-nn: Processing pair 5 from disk...
imw-ripe-nn: 1 match-sets in 0.45s
[Coarse] imw-ripe-nn pair 6: dE=-9159.5 m dN=4923.5 m (phasecorr@180m, support=None, peak=0.05013165693283081) field 1x1 cells, dE -9887..-9887 m, dN 4790..4790 m, 0 filled
imw-ripe-nn: Processing pair 6 from disk...
imw-ripe-nn: 1 match-sets in 0.45s
[Coarse] imw-ripe-nn pair 7: dE=-9947.3 m dN=4785.4 m (phasecorr@180m, support=None, peak=0.11055335414556809) field 1x1 cells, dE -9955..-9955 m, dN 4765..4765 m, 0 filled
imw-ripe-nn: Processing pair 7 from disk...
imw-ripe-nn: 1 match-sets in 0.21s
[Coarse] imw-ripe-nn pair 8: dE=-9954.5 m dN=4779.3 m (phasecorr@180m, support=None, peak=0.1302907753461673) field 1x1 cells, dE -9962..-9962 m, dN 4753..4753 m, 0 filled
imw-ripe-nn: Processing pair 8 from disk...
imw-ripe-nn: 1 match-sets in 0.14s
[Coarse] imw-ripe-nn pair 9: dE=-9059.4 m dN=4950.7 m (phasecorr@180m, support=None, peak=0.05415244971381293) field 1x1 cells, dE -9094..-9094 m, dN 4821..4821 m, 0 filled
imw-ripe-nn: Processing pair 9 from disk...
imw-ripe-nn: 1 match-sets in 0.32s
[Coarse] imw-ripe-nn pair 10: dE=-9073.5 m dN=4906.4 m (phasecorr@180m, support=None, peak=0.037404243375048225) field 1x1 cells, dE -9023..-9023 m, dN 4778..4778 m, 0 filled
imw-ripe-nn: Processing pair 10 from disk...
imw-ripe-nn: 1 match-sets in 0.20s
[Coarse] imw-ripe-nn pair 11: dE=-9022.9 m dN=4778.1 m (from-pair-10, support=None, peak=None) 
imw-ripe-nn: Processing pair 11 from disk...
imw-ripe-nn: 1 match-sets in 0.32s
[Coarse] imw-ripe-nn pair 12: dE=-9321.8 m dN=4777.2 m (phasecorr@180m, support=None, peak=0.044330621825324164) field 1x1 cells, dE -9400..-9400 m, dN 4784..4784 m, 0 filled
imw-ripe-nn: Processing pair 12 from disk...
imw-ripe-nn: 1 match-sets in 0.56s
[Coarse] imw-ripe-nn pair 13: dE=-9228.3 m dN=4825.9 m (phasecorr@180m, support=None, peak=0.03933755140516493) field 1x1 cells, dE -9272..-9272 m, dN 4847..4847 m, 0 filled
imw-ripe-nn: Processing pair 13 from disk...
imw-ripe-nn: 1 match-sets in 0.55s
[Coarse] imw-ripe-nn pair 14: dE=-9308.5 m dN=4822.9 m (phasecorr@180m, support=None, peak=0.0362194667590989) field 1x1 cells, dE -9542..-9542 m, dN 4843..4843 m, 0 filled
imw-ripe-nn: Processing pair 14 from disk...
imw-ripe-nn: 1 match-sets in 0.37s
[Coarse] imw-ripe-nn pair 15: dE=-19392.4 m dN=24257.7 m (phasecorr@180m, support=None, peak=0.07282278133763208) 
imw-ripe-nn: Processing pair 15 from disk...
imw-ripe-nn: 1 match-sets in 0.17s
Saved:
 CHIP_STATS_ALL.csv
 CHIP_STATS_SURVIVORS.csv
 CONSENSUS_SCORES.csv
 BEST_CHIP_SET.csv
 BEST_CHIP_MANIFEST.csv
 BEST_FINAL_SUMMARY.csv
[band1] imw-ripe-nn ok in 0.3 min, peak GPU memory 2.0 of 15.6 GB
[imw-ripe-nn] Model unloaded.
--------------------------------------------------------------------------------
[band1] Running imw-darkfeat-nn
[imw-darkfeat-nn] Loading model...
Loaded DarkFeat model
[Coarse] pair 1: no reliable coarse offset (matcher: no matches; phasecorr: {'dx': -20193.477464726686, 'dy': -45743.92838364222, 'support': None, 'n': None, 'peak': 0.020609428800836677}); windows compared in place
[Coarse] pair 2: no reliable coarse offset (matcher: {'dx': -24210.0, 'dy': -4590.0, 'support': 4, 'n': 5, 'peak': None}; phasecorr: {'dx': -13696.50551245419, 'dy': -38359.15034615832, 'support': None, 'n': None, 'peak': 0.005463445974802611}); windows compared in place
[Coarse] pair 3: no reliable coarse offset (matcher: no matches; phasecorr: {'dx': -26691.14624675497, 'dy': -28341.854429889372, 'support': None, 'n': None, 'peak': 0.028507738675927267}); windows compared in place
[Coarse] pair 11: no reliable coarse offset (matcher: {'dx': -19980.0, 'dy': 27900.0, 'support': 1, 'n': 4, 'peak': None}; phasecorr: {'dx': -9310.972745874022, 'dy': 4896.252513739784, 'support': None, 'n': None, 'peak': 0.011061620189525462}); windows compared in place
[Coarse] WARNING: imw-darkfeat-nn: the pairs' coarse offsets differ by up to 19 km, more than one image moves from place to place. Pairs with a wrong offset match the wrong ground (the chip consensus drops them when they are few); if most pairs disagree, check the input's pixel size and window size.
[Coarse] imw-darkfeat-nn pair 1: dE=-9093.9 m dN=4821.4 m (from-pair-9, support=None, peak=None) 
imw-darkfeat-nn: Processing pair 1 from disk...
imw-darkfeat-nn: 0 match-sets in 0.00s
[Coarse] imw-darkfeat-nn pair 2: dE=-9093.9 m dN=4821.4 m (from-pair-9, support=None, peak=None) 
imw-darkfeat-nn: Processing pair 2 from disk...
imw-darkfeat-nn: 0 match-sets in 0.00s
[Coarse] imw-darkfeat-nn pair 3: dE=-9093.9 m dN=4821.4 m (from-pair-9, support=None, peak=None) 
imw-darkfeat-nn: Processing pair 3 from disk...
imw-darkfeat-nn: 0 match-sets in 0.00s
[Coarse] imw-darkfeat-nn pair 4: dE=-9221.2 m dN=4881.8 m (phasecorr@180m, support=None, peak=0.05907139921188354) field 1x1 cells, dE -9682..-9682 m, dN 4878..4878 m, 0 filled
imw-darkfeat-nn: Processing pair 4 from disk...
imw-darkfeat-nn: 1 match-sets in 0.44s
[Coarse] imw-darkfeat-nn pair 5: dE=-9227.3 m dN=4936.9 m (phasecorr@180m, support=None, peak=0.06194785504341126) field 1x1 cells, dE -9750..-9750 m, dN 4772..4772 m, 0 filled
imw-darkfeat-nn: Processing pair 5 from disk...
imw-darkfeat-nn: 1 match-sets in 0.35s
[Coarse] imw-darkfeat-nn pair 6: dE=-9159.5 m dN=4923.5 m (phasecorr@180m, support=None, peak=0.05013165693283081) field 1x1 cells, dE -9887..-9887 m, dN 4790..4790 m, 0 filled
imw-darkfeat-nn: Processing pair 6 from disk...
imw-darkfeat-nn: 1 match-sets in 0.36s
[Coarse] imw-darkfeat-nn pair 7: dE=-9947.3 m dN=4785.4 m (phasecorr@180m, support=None, peak=0.11055335414556809) field 1x1 cells, dE -9955..-9955 m, dN 4765..4765 m, 0 filled
imw-darkfeat-nn: Processing pair 7 from disk...
imw-darkfeat-nn: 1 match-sets in 0.13s
[Coarse] imw-darkfeat-nn pair 8: dE=-9954.5 m dN=4779.3 m (phasecorr@180m, support=None, peak=0.1302907753461673) field 1x1 cells, dE -9962..-9962 m, dN 4753..4753 m, 0 filled
imw-darkfeat-nn: Processing pair 8 from disk...
imw-darkfeat-nn: 1 match-sets in 0.11s
[Coarse] imw-darkfeat-nn pair 9: dE=-9059.4 m dN=4950.7 m (phasecorr@180m, support=None, peak=0.05415244971381293) field 1x1 cells, dE -9094..-9094 m, dN 4821..4821 m, 0 filled
imw-darkfeat-nn: Processing pair 9 from disk...
imw-darkfeat-nn: 1 match-sets in 0.18s
[Coarse] imw-darkfeat-nn pair 10: dE=-9073.5 m dN=4906.4 m (phasecorr@180m, support=None, peak=0.037404243375048225) field 1x1 cells, dE -9023..-9023 m, dN 4778..4778 m, 0 filled
imw-darkfeat-nn: Processing pair 10 from disk...
imw-darkfeat-nn: 1 match-sets in 0.16s
[Coarse] imw-darkfeat-nn pair 11: dE=-9022.9 m dN=4778.1 m (from-pair-10, support=None, peak=None) 
imw-darkfeat-nn: Processing pair 11 from disk...
imw-darkfeat-nn: 1 match-sets in 0.22s
[Coarse] imw-darkfeat-nn pair 12: dE=-9321.8 m dN=4777.2 m (phasecorr@180m, support=None, peak=0.044330621825324164) field 1x1 cells, dE -9400..-9400 m, dN 4784..4784 m, 0 filled
imw-darkfeat-nn: Processing pair 12 from disk...
imw-darkfeat-nn: 1 match-sets in 0.36s
[Coarse] imw-darkfeat-nn pair 13: dE=-9228.3 m dN=4825.9 m (phasecorr@180m, support=None, peak=0.03933755140516493) field 1x1 cells, dE -9272..-9272 m, dN 4847..4847 m, 0 filled
imw-darkfeat-nn: Processing pair 13 from disk...
imw-darkfeat-nn: 1 match-sets in 0.36s
[Coarse] imw-darkfeat-nn pair 14: dE=-9308.5 m dN=4822.9 m (phasecorr@180m, support=None, peak=0.0362194667590989) field 1x1 cells, dE -9542..-9542 m, dN 4843..4843 m, 0 filled
imw-darkfeat-nn: Processing pair 14 from disk...
imw-darkfeat-nn: 1 match-sets in 0.28s
[Coarse] imw-darkfeat-nn pair 15: dE=-19392.4 m dN=24257.7 m (phasecorr@180m, support=None, peak=0.07282278133763208) 
imw-darkfeat-nn: Processing pair 15 from disk...
imw-darkfeat-nn: 1 match-sets in 0.09s
Saved:
 CHIP_STATS_ALL.csv
 CHIP_STATS_SURVIVORS.csv
 CONSENSUS_SCORES.csv
 BEST_CHIP_SET.csv
 BEST_CHIP_MANIFEST.csv
 BEST_FINAL_SUMMARY.csv
[band1] imw-darkfeat-nn ok in 0.2 min, peak GPU memory 1.1 of 15.6 GB
[imw-darkfeat-nn] Model unloaded.
--------------------------------------------------------------------------------
[band1] Running imw-lanet-nn
[imw-lanet-nn] Loading model...
[Coarse] pair 1: no reliable coarse offset (matcher: no matches; phasecorr: {'dx': -20193.477464726686, 'dy': -45743.92838364222, 'support': None, 'n': None, 'peak': 0.020609428800836677}); windows compared in place
[Coarse] pair 2: no reliable coarse offset (matcher: {'dx': -19732.935333251953, 'dy': -32790.552978515625, 'support': 2, 'n': 5, 'peak': None}; phasecorr: {'dx': -13696.50551245419, 'dy': -38359.15034615832, 'support': None, 'n': None, 'peak': 0.005463445974802611}); windows compared in place
[Coarse] pair 3: no reliable coarse offset (matcher: no matches; phasecorr: {'dx': -26691.14624675497, 'dy': -28341.854429889372, 'support': None, 'n': None, 'peak': 0.028507738675927267}); windows compared in place
[Coarse] pair 11: no reliable coarse offset (matcher: {'dx': -27281.791076660156, 'dy': 712.0184326171875, 'support': 3, 'n': 4, 'peak': None}; phasecorr: {'dx': -9310.972745874022, 'dy': 4896.252513739784, 'support': None, 'n': None, 'peak': 0.011061620189525462}); windows compared in place
[Coarse] WARNING: imw-lanet-nn: the pairs' coarse offsets differ by up to 19 km, more than one image moves from place to place. Pairs with a wrong offset match the wrong ground (the chip consensus drops them when they are few); if most pairs disagree, check the input's pixel size and window size.
[Coarse] imw-lanet-nn pair 1: dE=-9093.9 m dN=4821.4 m (from-pair-9, support=None, peak=None) 
imw-lanet-nn: Processing pair 1 from disk...
imw-lanet-nn: 0 match-sets in 0.00s
[Coarse] imw-lanet-nn pair 2: dE=-9093.9 m dN=4821.4 m (from-pair-9, support=None, peak=None) 
imw-lanet-nn: Processing pair 2 from disk...
imw-lanet-nn: 0 match-sets in 0.00s
[Coarse] imw-lanet-nn pair 3: dE=-9093.9 m dN=4821.4 m (from-pair-9, support=None, peak=None) 
imw-lanet-nn: Processing pair 3 from disk...
imw-lanet-nn: 0 match-sets in 0.00s
[Coarse] imw-lanet-nn pair 4: dE=-9221.2 m dN=4881.8 m (phasecorr@180m, support=None, peak=0.05907139921188354) field 1x1 cells, dE -9682..-9682 m, dN 4878..4878 m, 0 filled
imw-lanet-nn: Processing pair 4 from disk...
imw-lanet-nn: 1 match-sets in 0.31s
[Coarse] imw-lanet-nn pair 5: dE=-9227.3 m dN=4936.9 m (phasecorr@180m, support=None, peak=0.06194785504341126) field 1x1 cells, dE -9750..-9750 m, dN 4772..4772 m, 0 filled
imw-lanet-nn: Processing pair 5 from disk...
imw-lanet-nn: 1 match-sets in 0.28s
[Coarse] imw-lanet-nn pair 6: dE=-9159.5 m dN=4923.5 m (phasecorr@180m, support=None, peak=0.05013165693283081) field 1x1 cells, dE -9887..-9887 m, dN 4790..4790 m, 0 filled
imw-lanet-nn: Processing pair 6 from disk...
imw-lanet-nn: 1 match-sets in 0.29s
[Coarse] imw-lanet-nn pair 7: dE=-9947.3 m dN=4785.4 m (phasecorr@180m, support=None, peak=0.11055335414556809) field 1x1 cells, dE -9955..-9955 m, dN 4765..4765 m, 0 filled
imw-lanet-nn: Processing pair 7 from disk...
imw-lanet-nn: 1 match-sets in 0.10s
[Coarse] imw-lanet-nn pair 8: dE=-9954.5 m dN=4779.3 m (phasecorr@180m, support=None, peak=0.1302907753461673) field 1x1 cells, dE -9962..-9962 m, dN 4753..4753 m, 0 filled
imw-lanet-nn: Processing pair 8 from disk...
imw-lanet-nn: 1 match-sets in 0.08s
[Coarse] imw-lanet-nn pair 9: dE=-9059.4 m dN=4950.7 m (phasecorr@180m, support=None, peak=0.05415244971381293) field 1x1 cells, dE -9094..-9094 m, dN 4821..4821 m, 0 filled
imw-lanet-nn: Processing pair 9 from disk...
imw-lanet-nn: 1 match-sets in 0.13s
[Coarse] imw-lanet-nn pair 10: dE=-9073.5 m dN=4906.4 m (phasecorr@180m, support=None, peak=0.037404243375048225) field 1x1 cells, dE -9023..-9023 m, dN 4778..4778 m, 0 filled
imw-lanet-nn: Processing pair 10 from disk...
imw-lanet-nn: 1 match-sets in 0.11s
[Coarse] imw-lanet-nn pair 11: dE=-9022.9 m dN=4778.1 m (from-pair-10, support=None, peak=None) 
imw-lanet-nn: Processing pair 11 from disk...
imw-lanet-nn: 1 match-sets in 0.13s
[Coarse] imw-lanet-nn pair 12: dE=-9321.8 m dN=4777.2 m (phasecorr@180m, support=None, peak=0.044330621825324164) field 1x1 cells, dE -9400..-9400 m, dN 4784..4784 m, 0 filled
imw-lanet-nn: Processing pair 12 from disk...
imw-lanet-nn: 1 match-sets in 0.24s
[Coarse] imw-lanet-nn pair 13: dE=-9228.3 m dN=4825.9 m (phasecorr@180m, support=None, peak=0.03933755140516493) field 1x1 cells, dE -9272..-9272 m, dN 4847..4847 m, 0 filled
imw-lanet-nn: Processing pair 13 from disk...
imw-lanet-nn: 1 match-sets in 0.25s
[Coarse] imw-lanet-nn pair 14: dE=-9308.5 m dN=4822.9 m (phasecorr@180m, support=None, peak=0.0362194667590989) field 1x1 cells, dE -9542..-9542 m, dN 4843..4843 m, 0 filled
imw-lanet-nn: Processing pair 14 from disk...
imw-lanet-nn: 1 match-sets in 0.22s
[Coarse] imw-lanet-nn pair 15: dE=-19392.4 m dN=24257.7 m (phasecorr@180m, support=None, peak=0.07282278133763208) 
imw-lanet-nn: Processing pair 15 from disk...
imw-lanet-nn: 1 match-sets in 0.09s
Saved:
 CHIP_STATS_ALL.csv
 CHIP_STATS_SURVIVORS.csv
 CONSENSUS_SCORES.csv
 BEST_CHIP_SET.csv
 BEST_CHIP_MANIFEST.csv
 BEST_FINAL_SUMMARY.csv
[band1] imw-lanet-nn ok in 0.1 min, peak GPU memory 0.7 of 15.6 GB
[imw-lanet-nn] Model unloaded.
--------------------------------------------------------------------------------
[band1] Running imw-minima-loftr
[imw-minima-loftr] Loading model...
[Coarse] pair 2: no reliable coarse offset (matcher: {'dx': -35094.17037963867, 'dy': -26518.211059570312, 'support': 6, 'n': 9, 'peak': None}; phasecorr: {'dx': -13696.50551245419, 'dy': -38359.15034615832, 'support': None, 'n': None, 'peak': 0.005463445974802611}); windows compared in place
[Coarse] pair 15: phase correlation gave dE=-19392 m dN=24258 m, 22.0 km from every offset the matcher measured; using pair 11's (dE=-8982 m dN=4847 m)
[Coarse] WARNING: imw-minima-loftr: the pairs' coarse offsets differ by up to 32 km, more than one image moves from place to place. Pairs with a wrong offset match the wrong ground (the chip consensus drops them when they are few); if most pairs disagree, check the input's pixel size and window size.
[Coarse] imw-minima-loftr pair 1: dE=-32067.6 m dN=-24433.6 m (matcher@180m, support=9, peak=None) field 1x1 cells, dE -32068..-32068 m, dN -24434..-24434 m, 0 filled
imw-minima-loftr: Processing pair 1 from disk...
imw-minima-loftr: 0 match-sets in 0.00s
[Coarse] imw-minima-loftr pair 2: dE=-34925.0 m dN=-26783.1 m (from-pair-3, support=None, peak=None) 
imw-minima-loftr: Processing pair 2 from disk...
imw-minima-loftr: 0 match-sets in 0.00s
[Coarse] imw-minima-loftr pair 3: dE=-34925.0 m dN=-26783.1 m (matcher@180m, support=8, peak=None) field 1x1 cells, dE -34925..-34925 m, dN -26783..-26783 m, 0 filled
imw-minima-loftr: Processing pair 3 from disk...
imw-minima-loftr: 0 match-sets in 0.00s
[Coarse] imw-minima-loftr pair 4: dE=-9221.2 m dN=4881.8 m (phasecorr@180m, support=None, peak=0.05907139921188354) field 1x1 cells, dE -9682..-9682 m, dN 4878..4878 m, 0 filled
imw-minima-loftr: Processing pair 4 from disk...
imw-minima-loftr: 1 match-sets in 0.64s
[Coarse] imw-minima-loftr pair 5: dE=-9227.3 m dN=4936.9 m (phasecorr@180m, support=None, peak=0.06194785504341126) field 1x1 cells, dE -9750..-9750 m, dN 4772..4772 m, 0 filled
imw-minima-loftr: Processing pair 5 from disk...
imw-minima-loftr: 1 match-sets in 0.36s
[Coarse] imw-minima-loftr pair 6: dE=-9159.5 m dN=4923.5 m (phasecorr@180m, support=None, peak=0.05013165693283081) field 1x1 cells, dE -9887..-9887 m, dN 4790..4790 m, 0 filled
imw-minima-loftr: Processing pair 6 from disk...
imw-minima-loftr: 1 match-sets in 0.36s
[Coarse] imw-minima-loftr pair 7: dE=-9947.3 m dN=4785.4 m (phasecorr@180m, support=None, peak=0.11055335414556809) field 1x1 cells, dE -9955..-9955 m, dN 4765..4765 m, 0 filled
imw-minima-loftr: Processing pair 7 from disk...
imw-minima-loftr: 1 match-sets in 0.20s
[Coarse] imw-minima-loftr pair 8: dE=-9954.5 m dN=4779.3 m (phasecorr@180m, support=None, peak=0.1302907753461673) field 1x1 cells, dE -9962..-9962 m, dN 4753..4753 m, 0 filled
imw-minima-loftr: Processing pair 8 from disk...
imw-minima-loftr: 1 match-sets in 0.09s
[Coarse] imw-minima-loftr pair 9: dE=-8987.7 m dN=4820.4 m (matcher@180m, support=34, peak=None) field 1x1 cells, dE -8988..-8988 m, dN 4820..4820 m, 0 filled
imw-minima-loftr: Processing pair 9 from disk...
imw-minima-loftr: 1 match-sets in 0.30s
[Coarse] imw-minima-loftr pair 10: dE=-8979.3 m dN=4825.4 m (matcher@180m, support=59, peak=None) field 1x1 cells, dE -8979..-8979 m, dN 4825..4825 m, 0 filled
imw-minima-loftr: Processing pair 10 from disk...
imw-minima-loftr: 1 match-sets in 0.14s
[Coarse] imw-minima-loftr pair 11: dE=-8981.7 m dN=4847.0 m (matcher@180m, support=56, peak=None) field 1x1 cells, dE -8982..-8982 m, dN 4847..4847 m, 0 filled
imw-minima-loftr: Processing pair 11 from disk...
imw-minima-loftr: 1 match-sets in 0.14s
[Coarse] imw-minima-loftr pair 12: dE=-9321.8 m dN=4777.2 m (phasecorr@180m, support=None, peak=0.044330621825324164) field 1x1 cells, dE -9400..-9400 m, dN 4784..4784 m, 0 filled
imw-minima-loftr: Processing pair 12 from disk...
imw-minima-loftr: 1 match-sets in 0.56s
[Coarse] imw-minima-loftr pair 13: dE=-9228.3 m dN=4825.9 m (phasecorr@180m, support=None, peak=0.03933755140516493) field 1x1 cells, dE -9272..-9272 m, dN 4847..4847 m, 0 filled
imw-minima-loftr: Processing pair 13 from disk...
imw-minima-loftr: 1 match-sets in 0.57s
[Coarse] imw-minima-loftr pair 14: dE=-9308.5 m dN=4822.9 m (phasecorr@180m, support=None, peak=0.0362194667590989) field 1x1 cells, dE -9542..-9542 m, dN 4843..4843 m, 0 filled
imw-minima-loftr: Processing pair 14 from disk...
imw-minima-loftr: 1 match-sets in 0.29s
[Coarse] imw-minima-loftr pair 15: dE=-8981.7 m dN=4847.0 m (from-pair-11 (phasecorr disagreed), support=None, peak=0.07282278133763208) 
imw-minima-loftr: Processing pair 15 from disk...
imw-minima-loftr: 1 match-sets in 0.13s
Saved:
 CHIP_STATS_ALL.csv
 CHIP_STATS_SURVIVORS.csv
 CONSENSUS_SCORES.csv
 BEST_CHIP_SET.csv
 BEST_CHIP_MANIFEST.csv
 BEST_FINAL_SUMMARY.csv
[band1] imw-minima-loftr ok in 0.2 min, peak GPU memory 3.2 of 15.6 GB
[imw-minima-loftr] Model unloaded.
--------------------------------------------------------------------------------
[band1] Running imw-minima-roma
[imw-minima-roma] Loading model...
[Coarse] pair 1: no reliable coarse offset (matcher: {'dx': -32074.43115234375, 'dy': -35432.68249511719, 'support': 7, 'n': 159, 'peak': None}; phasecorr: {'dx': -20193.477464726686, 'dy': -45743.92838364222, 'support': None, 'n': None, 'peak': 0.020609428800836677}); windows compared in place
[Coarse] pair 2: no reliable coarse offset (matcher: no matches; phasecorr: {'dx': -13696.50551245419, 'dy': -38359.15034615832, 'support': None, 'n': None, 'peak': 0.005463445974802611}); windows compared in place
[Coarse] pair 3: no reliable coarse offset (matcher: {'dx': -34543.97850036621, 'dy': -3414.649658203125, 'support': 6, 'n': 135, 'peak': None}; phasecorr: {'dx': -26691.14624675497, 'dy': -28341.854429889372, 'support': None, 'n': None, 'peak': 0.028507738675927267}); windows compared in place
[Coarse] pair 15: phase correlation gave dE=-19392 m dN=24258 m, 21.6 km from every offset the matcher measured; using pair 7's (dE=-9960 m dN=4749 m)
[Coarse] WARNING: imw-minima-roma: the pairs' coarse offsets differ by up to 40 km, more than one image moves from place to place. Pairs with a wrong offset match the wrong ground (the chip consensus drops them when they are few); if most pairs disagree, check the input's pixel size and window size.
[Coarse] imw-minima-roma pair 1: dE=-13063.6 m dN=-9777.5 m (from-pair-9, support=None, peak=None) 
imw-minima-roma: Processing pair 1 from disk...
imw-minima-roma: 0 match-sets in 0.00s
[Coarse] imw-minima-roma pair 2: dE=-13063.6 m dN=-9777.5 m (from-pair-9, support=None, peak=None) 
imw-minima-roma: Processing pair 2 from disk...
imw-minima-roma: 0 match-sets in 0.00s
[Coarse] imw-minima-roma pair 3: dE=-13063.6 m dN=-9777.5 m (from-pair-9, support=None, peak=None) 
imw-minima-roma: Processing pair 3 from disk...
imw-minima-roma: 0 match-sets in 0.00s
[Coarse] imw-minima-roma pair 4: dE=-8898.4 m dN=4706.9 m (matcher@180m, support=171, peak=None) field 1x1 cells, dE -8898..-8898 m, dN 4707..4707 m, 0 filled
imw-minima-roma: Processing pair 4 from disk...
imw-minima-roma: 1 match-sets in 1.30s
[Coarse] imw-minima-roma pair 5: dE=-9227.3 m dN=4936.9 m (phasecorr@180m, support=None, peak=0.06194785504341126) field 1x1 cells, dE -9750..-9750 m, dN 4772..4772 m, 0 filled
imw-minima-roma: Processing pair 5 from disk...
imw-minima-roma: 1 match-sets in 1.32s
[Coarse] imw-minima-roma pair 6: dE=-9159.5 m dN=4923.5 m (phasecorr@180m, support=None, peak=0.05013165693283081) field 1x1 cells, dE -9887..-9887 m, dN 4790..4790 m, 0 filled
imw-minima-roma: Processing pair 6 from disk...
imw-minima-roma: 1 match-sets in 1.30s
[Coarse] imw-minima-roma pair 7: dE=-9959.5 m dN=4749.4 m (matcher@180m, support=936, peak=None) field 1x1 cells, dE -9960..-9960 m, dN 4749..4749 m, 0 filled
imw-minima-roma: Processing pair 7 from disk...
imw-minima-roma: 1 match-sets in 1.05s
[Coarse] imw-minima-roma pair 8: dE=-10002.2 m dN=4750.3 m (matcher@180m, support=2640, peak=None) field 1x1 cells, dE -10002..-10002 m, dN 4750..4750 m, 0 filled
imw-minima-roma: Processing pair 8 from disk...
imw-minima-roma: 1 match-sets in 1.07s
[Coarse] imw-minima-roma pair 9: dE=-13063.6 m dN=-9777.5 m (matcher@180m, support=79, peak=None) field 1x1 cells, dE -13064..-13064 m, dN -9777..-9777 m, 0 filled
imw-minima-roma: Processing pair 9 from disk...
imw-minima-roma: 1 match-sets in 1.11s
[Coarse] imw-minima-roma pair 10: dE=-9073.5 m dN=4906.4 m (phasecorr@180m, support=None, peak=0.037404243375048225) field 1x1 cells, dE -9023..-9023 m, dN 4778..4778 m, 0 filled
imw-minima-roma: Processing pair 10 from disk...
imw-minima-roma: 1 match-sets in 1.09s
[Coarse] imw-minima-roma pair 11: dE=-11006.4 m dN=-35226.0 m (matcher@180m, support=22, peak=None) field 1x1 cells, dE -11006..-11006 m, dN -35226..-35226 m, 0 filled
imw-minima-roma: Processing pair 11 from disk...
imw-minima-roma: 1 match-sets in 1.12s
[Coarse] imw-minima-roma pair 12: dE=-9321.8 m dN=4777.2 m (phasecorr@180m, support=None, peak=0.044330621825324164) field 1x1 cells, dE -9400..-9400 m, dN 4784..4784 m, 0 filled
imw-minima-roma: Processing pair 12 from disk...
imw-minima-roma: 1 match-sets in 1.22s
[Coarse] imw-minima-roma pair 13: dE=-9228.3 m dN=4825.9 m (phasecorr@180m, support=None, peak=0.03933755140516493) field 1x1 cells, dE -9272..-9272 m, dN 4847..4847 m, 0 filled
imw-minima-roma: Processing pair 13 from disk...
imw-minima-roma: 1 match-sets in 1.26s
[Coarse] imw-minima-roma pair 14: dE=-9308.5 m dN=4822.9 m (phasecorr@180m, support=None, peak=0.0362194667590989) field 1x1 cells, dE -9542..-9542 m, dN 4843..4843 m, 0 filled
imw-minima-roma: Processing pair 14 from disk...
imw-minima-roma: 1 match-sets in 1.25s
[Coarse] imw-minima-roma pair 15: dE=-9959.5 m dN=4749.4 m (from-pair-7 (phasecorr disagreed), support=None, peak=0.07282278133763208) 
imw-minima-roma: Processing pair 15 from disk...
imw-minima-roma: 1 match-sets in 1.04s
Saved:
 CHIP_STATS_ALL.csv
 CHIP_STATS_SURVIVORS.csv
 CONSENSUS_SCORES.csv
 BEST_CHIP_SET.csv
 BEST_CHIP_MANIFEST.csv
 BEST_FINAL_SUMMARY.csv
[band1] imw-minima-roma ok in 1.1 min, peak GPU memory 5.3 of 15.6 GB
[imw-minima-roma] Model unloaded.
--------------------------------------------------------------------------------
[band1] Running imw-xoftr
[imw-xoftr] Loading model...
[Coarse] pair 3: no reliable coarse offset (matcher: {'dx': -34984.98962402344, 'dy': -29040.655517578125, 'support': 7, 'n': 31, 'peak': None}; phasecorr: {'dx': -26691.14624675497, 'dy': -28341.854429889372, 'support': None, 'n': None, 'peak': 0.028507738675927267}); windows compared in place
[Coarse] pair 15: phase correlation gave dE=-19392 m dN=24258 m, 6.5 km from every offset the matcher measured; using pair 7's (dE=-10029 m dN=4848 m)
[Coarse] WARNING: imw-xoftr: the pairs' coarse offsets differ by up to 48 km, more than one image moves from place to place. Pairs with a wrong offset match the wrong ground (the chip consensus drops them when they are few); if most pairs disagree, check the input's pixel size and window size.
[Coarse] imw-xoftr pair 1: dE=-34810.7 m dN=-27003.6 m (matcher@180m, support=13, peak=None) field 1x1 cells, dE -34811..-34811 m, dN -27004..-27004 m, 0 filled
imw-xoftr: Processing pair 1 from disk...
imw-xoftr: 0 match-sets in 0.00s
[Coarse] imw-xoftr pair 2: dE=-35034.4 m dN=-28856.5 m (matcher@180m, support=10, peak=None) field 1x1 cells, dE -35034..-35034 m, dN -28856..-28856 m, 0 filled
imw-xoftr: Processing pair 2 from disk...
imw-xoftr: 0 match-sets in 0.00s
[Coarse] imw-xoftr pair 3: dE=-35034.4 m dN=-28856.5 m (from-pair-2, support=None, peak=None) 
imw-xoftr: Processing pair 3 from disk...
imw-xoftr: 0 match-sets in 0.00s
[Coarse] imw-xoftr pair 4: dE=-9289.4 m dN=4945.5 m (matcher@180m, support=66, peak=None) field 1x1 cells, dE -9289..-9289 m, dN 4946..4946 m, 0 filled
imw-xoftr: Processing pair 4 from disk...
imw-xoftr: 1 match-sets in 0.42s
[Coarse] imw-xoftr pair 5: dE=-22753.2 m dN=18659.9 m (matcher@180m, support=15, peak=None) field 1x1 cells, dE -22753..-22753 m, dN 18660..18660 m, 0 filled
imw-xoftr: Processing pair 5 from disk...
imw-xoftr: 1 match-sets in 0.33s
[Coarse] imw-xoftr pair 6: dE=-9159.5 m dN=4923.5 m (phasecorr@180m, support=None, peak=0.05013165693283081) field 1x1 cells, dE -9887..-9887 m, dN 4790..4790 m, 0 filled
imw-xoftr: Processing pair 6 from disk...
imw-xoftr: 1 match-sets in 0.39s
[Coarse] imw-xoftr pair 7: dE=-10029.1 m dN=4848.3 m (matcher@180m, support=33, peak=None) field 1x1 cells, dE -10029..-10029 m, dN 4848..4848 m, 0 filled
imw-xoftr: Processing pair 7 from disk...
imw-xoftr: 1 match-sets in 0.15s
[Coarse] imw-xoftr pair 8: dE=-9954.5 m dN=4779.3 m (phasecorr@180m, support=None, peak=0.1302907753461673) field 1x1 cells, dE -9962..-9962 m, dN 4753..4753 m, 0 filled
imw-xoftr: Processing pair 8 from disk...
imw-xoftr: 1 match-sets in 0.13s
[Coarse] imw-xoftr pair 9: dE=-9111.6 m dN=4865.1 m (matcher@180m, support=115, peak=None) field 1x1 cells, dE -9112..-9112 m, dN 4865..4865 m, 0 filled
imw-xoftr: Processing pair 9 from disk...
imw-xoftr: 1 match-sets in 0.19s
[Coarse] imw-xoftr pair 10: dE=-9095.9 m dN=4869.4 m (matcher@180m, support=78, peak=None) field 1x1 cells, dE -9096..-9096 m, dN 4869..4869 m, 0 filled
imw-xoftr: Processing pair 10 from disk...
imw-xoftr: 1 match-sets in 0.17s
[Coarse] imw-xoftr pair 11: dE=-9109.0 m dN=4884.7 m (matcher@180m, support=59, peak=None) field 1x1 cells, dE -9109..-9109 m, dN 4885..4885 m, 0 filled
imw-xoftr: Processing pair 11 from disk...
imw-xoftr: 1 match-sets in 0.16s
[Coarse] imw-xoftr pair 12: dE=-9321.8 m dN=4777.2 m (phasecorr@180m, support=None, peak=0.044330621825324164) field 1x1 cells, dE -9400..-9400 m, dN 4784..4784 m, 0 filled
imw-xoftr: Processing pair 12 from disk...
imw-xoftr: 1 match-sets in 0.34s
[Coarse] imw-xoftr pair 13: dE=-9228.3 m dN=4825.9 m (phasecorr@180m, support=None, peak=0.03933755140516493) field 1x1 cells, dE -9272..-9272 m, dN 4847..4847 m, 0 filled
imw-xoftr: Processing pair 13 from disk...
imw-xoftr: 1 match-sets in 0.33s
[Coarse] imw-xoftr pair 14: dE=-9308.5 m dN=4822.9 m (phasecorr@180m, support=None, peak=0.0362194667590989) field 1x1 cells, dE -9542..-9542 m, dN 4843..4843 m, 0 filled
imw-xoftr: Processing pair 14 from disk...
imw-xoftr: 1 match-sets in 0.31s
[Coarse] imw-xoftr pair 15: dE=-10029.1 m dN=4848.3 m (from-pair-7 (phasecorr disagreed), support=None, peak=0.07282278133763208) 
imw-xoftr: Processing pair 15 from disk...
imw-xoftr: 1 match-sets in 0.10s
Saved:
 CHIP_STATS_ALL.csv
 CHIP_STATS_SURVIVORS.csv
 CONSENSUS_SCORES.csv
 BEST_CHIP_SET.csv
 BEST_CHIP_MANIFEST.csv
 BEST_FINAL_SUMMARY.csv
[band1] imw-xoftr ok in 0.2 min, peak GPU memory 1.4 of 15.6 GB
[imw-xoftr] Model unloaded.
--------------------------------------------------------------------------------
[band1] Running imw-omniglue
[imw-omniglue] Loading model...
[Coarse] pair 1: no reliable coarse offset (matcher: no matches; phasecorr: {'dx': -20193.477464726686, 'dy': -45743.92838364222, 'support': None, 'n': None, 'peak': 0.020609428800836677}); windows compared in place
[Coarse] pair 2: no reliable coarse offset (matcher: no matches; phasecorr: {'dx': -13696.50551245419, 'dy': -38359.15034615832, 'support': None, 'n': None, 'peak': 0.005463445974802611}); windows compared in place
[Coarse] pair 3: no reliable coarse offset (matcher: no matches; phasecorr: {'dx': -26691.14624675497, 'dy': -28341.854429889372, 'support': None, 'n': None, 'peak': 0.028507738675927267}); windows compared in place
[Coarse] pair 11: no reliable coarse offset (matcher: no matches; phasecorr: {'dx': -9310.972745874022, 'dy': 4896.252513739784, 'support': None, 'n': None, 'peak': 0.011061620189525462}); windows compared in place
[Coarse] WARNING: imw-omniglue: the pairs' coarse offsets differ by up to 19 km, more than one image moves from place to place. Pairs with a wrong offset match the wrong ground (the chip consensus drops them when they are few); if most pairs disagree, check the input's pixel size and window size.
[Coarse] imw-omniglue pair 1: dE=-9093.9 m dN=4821.4 m (from-pair-9, support=None, peak=None) 
imw-omniglue: Processing pair 1 from disk...
imw-omniglue: 0 match-sets in 0.00s
[Coarse] imw-omniglue pair 2: dE=-9093.9 m dN=4821.4 m (from-pair-9, support=None, peak=None) 
imw-omniglue: Processing pair 2 from disk...
imw-omniglue: 0 match-sets in 0.00s
[Coarse] imw-omniglue pair 3: dE=-9093.9 m dN=4821.4 m (from-pair-9, support=None, peak=None) 
imw-omniglue: Processing pair 3 from disk...
imw-omniglue: 0 match-sets in 0.00s
[Coarse] imw-omniglue pair 4: dE=-9221.2 m dN=4881.8 m (phasecorr@180m, support=None, peak=0.05907139921188354) field 1x1 cells, dE -9682..-9682 m, dN 4878..4878 m, 0 filled
imw-omniglue: Processing pair 4 from disk...
imw-omniglue: 0 match-sets in 2.45s
[Coarse] imw-omniglue pair 5: dE=-9227.3 m dN=4936.9 m (phasecorr@180m, support=None, peak=0.06194785504341126) field 1x1 cells, dE -9750..-9750 m, dN 4772..4772 m, 0 filled
imw-omniglue: Processing pair 5 from disk...
imw-omniglue: 0 match-sets in 2.23s
[Coarse] imw-omniglue pair 6: dE=-9159.5 m dN=4923.5 m (phasecorr@180m, support=None, peak=0.05013165693283081) field 1x1 cells, dE -9887..-9887 m, dN 4790..4790 m, 0 filled
imw-omniglue: Processing pair 6 from disk...
imw-omniglue: 0 match-sets in 2.24s
[Coarse] imw-omniglue pair 7: dE=-9947.3 m dN=4785.4 m (phasecorr@180m, support=None, peak=0.11055335414556809) field 1x1 cells, dE -9955..-9955 m, dN 4765..4765 m, 0 filled
imw-omniglue: Processing pair 7 from disk...
imw-omniglue: 0 match-sets in 1.17s
[Coarse] imw-omniglue pair 8: dE=-9954.5 m dN=4779.3 m (phasecorr@180m, support=None, peak=0.1302907753461673) field 1x1 cells, dE -9962..-9962 m, dN 4753..4753 m, 0 filled
imw-omniglue: Processing pair 8 from disk...
imw-omniglue: 0 match-sets in 1.16s
[Coarse] imw-omniglue pair 9: dE=-9059.4 m dN=4950.7 m (phasecorr@180m, support=None, peak=0.05415244971381293) field 1x1 cells, dE -9094..-9094 m, dN 4821..4821 m, 0 filled
imw-omniglue: Processing pair 9 from disk...
imw-omniglue: 0 match-sets in 2.02s
[Coarse] imw-omniglue pair 10: dE=-9073.5 m dN=4906.4 m (phasecorr@180m, support=None, peak=0.037404243375048225) field 1x1 cells, dE -9023..-9023 m, dN 4778..4778 m, 0 filled
imw-omniglue: Processing pair 10 from disk...
imw-omniglue: 0 match-sets in 2.06s
[Coarse] imw-omniglue pair 11: dE=-9022.9 m dN=4778.1 m (from-pair-10, support=None, peak=None) 
imw-omniglue: Processing pair 11 from disk...
imw-omniglue: 0 match-sets in 2.07s
[Coarse] imw-omniglue pair 12: dE=-9321.8 m dN=4777.2 m (phasecorr@180m, support=None, peak=0.044330621825324164) field 1x1 cells, dE -9400..-9400 m, dN 4784..4784 m, 0 filled
imw-omniglue: Processing pair 12 from disk...
imw-omniglue: 0 match-sets in 2.32s
[Coarse] imw-omniglue pair 13: dE=-9228.3 m dN=4825.9 m (phasecorr@180m, support=None, peak=0.03933755140516493) field 1x1 cells, dE -9272..-9272 m, dN 4847..4847 m, 0 filled
imw-omniglue: Processing pair 13 from disk...
imw-omniglue: 0 match-sets in 2.30s
[Coarse] imw-omniglue pair 14: dE=-9308.5 m dN=4822.9 m (phasecorr@180m, support=None, peak=0.0362194667590989) field 1x1 cells, dE -9542..-9542 m, dN 4843..4843 m, 0 filled
imw-omniglue: Processing pair 14 from disk...
imw-omniglue: 0 match-sets in 2.07s
[Coarse] imw-omniglue pair 15: dE=-19392.4 m dN=24257.7 m (phasecorr@180m, support=None, peak=0.07282278133763208) 
imw-omniglue: Processing pair 15 from disk...
imw-omniglue: 0 match-sets in 0.59s
No valid chip CSV files found.
[band1] imw-omniglue no-consensus in 1.4 min, peak GPU memory 0.0 of 15.6 GB
[imw-omniglue] Model unloaded.
--------------------------------------------------------------------------------
[band1] Running imw-gim-roma
[imw-gim-roma] Loading model...
[Coarse] pair 1: no reliable coarse offset (matcher: no matches; phasecorr: {'dx': -20193.477464726686, 'dy': -45743.92838364222, 'support': None, 'n': None, 'peak': 0.020609428800836677}); windows compared in place
[Coarse] pair 2: no reliable coarse offset (matcher: {'dx': -20823.18489074707, 'dy': -8718.38607788086, 'support': 30, 'n': 608, 'peak': None}; phasecorr: {'dx': -13696.50551245419, 'dy': -38359.15034615832, 'support': None, 'n': None, 'peak': 0.005463445974802611}); windows compared in place
[Coarse] pair 3: no reliable coarse offset (matcher: no matches; phasecorr: {'dx': -26691.14624675497, 'dy': -28341.854429889372, 'support': None, 'n': None, 'peak': 0.028507738675927267}); windows compared in place
[Coarse] pair 11: no reliable coarse offset (matcher: no matches; phasecorr: {'dx': -9310.972745874022, 'dy': 4896.252513739784, 'support': None, 'n': None, 'peak': 0.011061620189525462}); windows compared in place
[Coarse] pair 4: phase correlation gave dE=-9221 m dN=4882 m, 10.1 km from every offset the matcher measured; using pair 6's (dE=-20058 m dN=34301 m)
[Coarse] pair 5: phase correlation gave dE=-9227 m dN=4937 m, 10.2 km from every offset the matcher measured; using pair 6's (dE=-20058 m dN=34301 m)
[Coarse] pair 7: phase correlation gave dE=-9947 m dN=4785 m, 10.0 km from every offset the matcher measured; using pair 13's (dE=-23898 m dN=24049 m)
[Coarse] pair 8: phase correlation gave dE=-9954 m dN=4779 m, 10.0 km from every offset the matcher measured; using pair 13's (dE=-23898 m dN=24049 m)
[Coarse] pair 9: phase correlation gave dE=-9059 m dN=4951 m, 10.2 km from every offset the matcher measured; using pair 6's (dE=-20058 m dN=34301 m)
[Coarse] pair 10: phase correlation gave dE=-9074 m dN=4906 m, 10.2 km from every offset the matcher measured; using pair 6's (dE=-20058 m dN=34301 m)
[Coarse] pair 12: phase correlation gave dE=-9322 m dN=4777 m, 10.0 km from every offset the matcher measured; using pair 14's (dE=-10485 m dN=-5157 m)
[Coarse] WARNING: imw-gim-roma: the pairs' coarse offsets differ by up to 39 km, more than one image moves from place to place. Pairs with a wrong offset match the wrong ground (the chip consensus drops them when they are few); if most pairs disagree, check the input's pixel size and window size.
[Coarse] imw-gim-roma pair 1: dE=-20057.7 m dN=34300.6 m (from-pair-9, support=None, peak=None) 
imw-gim-roma: Processing pair 1 from disk...
imw-gim-roma: 0 match-sets in 0.00s
[Coarse] imw-gim-roma pair 2: dE=-20057.7 m dN=34300.6 m (from-pair-9, support=None, peak=None) 
imw-gim-roma: Processing pair 2 from disk...
imw-gim-roma: 0 match-sets in 0.00s
[Coarse] imw-gim-roma pair 3: dE=-20057.7 m dN=34300.6 m (from-pair-9, support=None, peak=None) 
imw-gim-roma: Processing pair 3 from disk...
imw-gim-roma: 0 match-sets in 0.00s
[Coarse] imw-gim-roma pair 4: dE=-20057.7 m dN=34300.6 m (from-pair-6 (phasecorr disagreed), support=None, peak=0.05907139921188354) 
imw-gim-roma: Processing pair 4 from disk...
imw-gim-roma: 1 match-sets in 1.24s
[Coarse] imw-gim-roma pair 5: dE=-20057.7 m dN=34300.6 m (from-pair-6 (phasecorr disagreed), support=None, peak=0.06194785504341126) 
imw-gim-roma: Processing pair 5 from disk...
imw-gim-roma: 1 match-sets in 1.23s
[Coarse] imw-gim-roma pair 6: dE=-20057.7 m dN=34300.6 m (matcher@180m, support=41, peak=None) field 1x1 cells, dE -20058..-20058 m, dN 34301..34301 m, 0 filled
imw-gim-roma: Processing pair 6 from disk...
imw-gim-roma: 1 match-sets in 1.27s
[Coarse] imw-gim-roma pair 7: dE=-23898.3 m dN=24049.2 m (from-pair-13 (phasecorr disagreed), support=None, peak=0.11055335414556809) 
imw-gim-roma: Processing pair 7 from disk...
imw-gim-roma: 1 match-sets in 1.04s
[Coarse] imw-gim-roma pair 8: dE=-23898.3 m dN=24049.2 m (from-pair-13 (phasecorr disagreed), support=None, peak=0.1302907753461673) 
imw-gim-roma: Processing pair 8 from disk...
imw-gim-roma: 1 match-sets in 1.04s
[Coarse] imw-gim-roma pair 9: dE=-20057.7 m dN=34300.6 m (from-pair-6 (phasecorr disagreed), support=None, peak=0.05415244971381293) 
imw-gim-roma: Processing pair 9 from disk...
imw-gim-roma: 1 match-sets in 1.09s
[Coarse] imw-gim-roma pair 10: dE=-20057.7 m dN=34300.6 m (from-pair-6 (phasecorr disagreed), support=None, peak=0.037404243375048225) 
imw-gim-roma: Processing pair 10 from disk...
imw-gim-roma: 1 match-sets in 1.09s
[Coarse] imw-gim-roma pair 11: dE=-20057.7 m dN=34300.6 m (from-pair-10, support=None, peak=None) 
imw-gim-roma: Processing pair 11 from disk...
imw-gim-roma: 1 match-sets in 1.09s
[Coarse] imw-gim-roma pair 12: dE=-10484.6 m dN=-5156.9 m (from-pair-14 (phasecorr disagreed), support=None, peak=0.044330621825324164) 
imw-gim-roma: Processing pair 12 from disk...
imw-gim-roma: 1 match-sets in 1.21s
[Coarse] imw-gim-roma pair 13: dE=-23898.3 m dN=24049.2 m (matcher@180m, support=10, peak=None) field 1x1 cells, dE -23898..-23898 m, dN 24049..24049 m, 0 filled
imw-gim-roma: Processing pair 13 from disk...
imw-gim-roma: 1 match-sets in 1.28s
[Coarse] imw-gim-roma pair 14: dE=-10484.6 m dN=-5156.9 m (matcher@180m, support=36, peak=None) field 1x1 cells, dE -10485..-10485 m, dN -5157..-5157 m, 0 filled
imw-gim-roma: Processing pair 14 from disk...
imw-gim-roma: 1 match-sets in 1.20s
[Coarse] imw-gim-roma pair 15: dE=-19392.4 m dN=24257.7 m (phasecorr@180m, support=None, peak=0.07282278133763208) 
imw-gim-roma: Processing pair 15 from disk...
imw-gim-roma: 1 match-sets in 1.03s
Saved:
 CHIP_STATS_ALL.csv
 CHIP_STATS_SURVIVORS.csv
 CONSENSUS_SCORES.csv
 BEST_CHIP_SET.csv
 BEST_CHIP_MANIFEST.csv
 BEST_FINAL_SUMMARY.csv
[band1] imw-gim-roma ok in 0.8 min, peak GPU memory 5.3 of 15.6 GB
[imw-gim-roma] Model unloaded.
--------------------------------------------------------------------------------
[band1] Running imw-gim-dkm
[imw-gim-dkm] Loading model...
[Coarse] pair 1: no reliable coarse offset (matcher: no matches; phasecorr: {'dx': -20193.477464726686, 'dy': -45743.92838364222, 'support': None, 'n': None, 'peak': 0.020609428800836677}); windows compared in place
[Coarse] pair 2: no reliable coarse offset (matcher: no matches; phasecorr: {'dx': -13696.50551245419, 'dy': -38359.15034615832, 'support': None, 'n': None, 'peak': 0.005463445974802611}); windows compared in place
[Coarse] pair 3: no reliable coarse offset (matcher: no matches; phasecorr: {'dx': -26691.14624675497, 'dy': -28341.854429889372, 'support': None, 'n': None, 'peak': 0.028507738675927267}); windows compared in place
[Coarse] pair 11: no reliable coarse offset (matcher: no matches; phasecorr: {'dx': -9310.972745874022, 'dy': 4896.252513739784, 'support': None, 'n': None, 'peak': 0.011061620189525462}); windows compared in place
[Coarse] pair 4: phase correlation gave dE=-9221 m dN=4882 m, 20.5 km from every offset the matcher measured; using pair 7's (dE=-29505 m dN=7827 m)
[Coarse] pair 5: phase correlation gave dE=-9227 m dN=4937 m, 20.5 km from every offset the matcher measured; using pair 7's (dE=-29505 m dN=7827 m)
[Coarse] pair 6: phase correlation gave dE=-9160 m dN=4924 m, 20.6 km from every offset the matcher measured; using pair 7's (dE=-29505 m dN=7827 m)
[Coarse] pair 8: phase correlation gave dE=-9954 m dN=4779 m, 19.8 km from every offset the matcher measured; using pair 7's (dE=-29505 m dN=7827 m)
[Coarse] pair 9: phase correlation gave dE=-9059 m dN=4951 m, 20.6 km from every offset the matcher measured; using pair 7's (dE=-29505 m dN=7827 m)
[Coarse] pair 10: phase correlation gave dE=-9074 m dN=4906 m, 20.6 km from every offset the matcher measured; using pair 7's (dE=-29505 m dN=7827 m)
[Coarse] pair 12: phase correlation gave dE=-9322 m dN=4777 m, 20.4 km from every offset the matcher measured; using pair 7's (dE=-29505 m dN=7827 m)
[Coarse] pair 13: phase correlation gave dE=-9228 m dN=4826 m, 20.5 km from every offset the matcher measured; using pair 7's (dE=-29505 m dN=7827 m)
[Coarse] pair 14: phase correlation gave dE=-9308 m dN=4823 m, 20.4 km from every offset the matcher measured; using pair 7's (dE=-29505 m dN=7827 m)
[Coarse] WARNING: imw-gim-dkm: the pairs' coarse offsets differ by up to 51 km, more than one image moves from place to place. Pairs with a wrong offset match the wrong ground (the chip consensus drops them when they are few); if most pairs disagree, check the input's pixel size and window size.
[Coarse] imw-gim-dkm pair 1: dE=-29505.2 m dN=7827.1 m (from-pair-9, support=None, peak=None) 
imw-gim-dkm: Processing pair 1 from disk...
imw-gim-dkm: 0 match-sets in 0.00s
[Coarse] imw-gim-dkm pair 2: dE=-29505.2 m dN=7827.1 m (from-pair-9, support=None, peak=None) 
imw-gim-dkm: Processing pair 2 from disk...
imw-gim-dkm: 0 match-sets in 0.00s
[Coarse] imw-gim-dkm pair 3: dE=-29505.2 m dN=7827.1 m (from-pair-9, support=None, peak=None) 
imw-gim-dkm: Processing pair 3 from disk...
imw-gim-dkm: 0 match-sets in 0.00s
[Coarse] imw-gim-dkm pair 4: dE=-29505.2 m dN=7827.1 m (from-pair-7 (phasecorr disagreed), support=None, peak=0.05907139921188354) 
imw-gim-dkm: Processing pair 4 from disk...
imw-gim-dkm: 0 match-sets in 1.89s
[Coarse] imw-gim-dkm pair 5: dE=-29505.2 m dN=7827.1 m (from-pair-7 (phasecorr disagreed), support=None, peak=0.06194785504341126) 
imw-gim-dkm: Processing pair 5 from disk...
imw-gim-dkm: 0 match-sets in 1.89s
[Coarse] imw-gim-dkm pair 6: dE=-29505.2 m dN=7827.1 m (from-pair-7 (phasecorr disagreed), support=None, peak=0.05013165693283081) 
imw-gim-dkm: Processing pair 6 from disk...
imw-gim-dkm: 0 match-sets in 1.90s
[Coarse] imw-gim-dkm pair 7: dE=-29505.2 m dN=7827.1 m (matcher@180m, support=202, peak=None) field 1x1 cells, dE -29505..-29505 m, dN 7827..7827 m, 0 filled
imw-gim-dkm: Processing pair 7 from disk...
imw-gim-dkm: 1 match-sets in 1.84s
[Coarse] imw-gim-dkm pair 8: dE=-29505.2 m dN=7827.1 m (from-pair-7 (phasecorr disagreed), support=None, peak=0.1302907753461673) 
imw-gim-dkm: Processing pair 8 from disk...
imw-gim-dkm: 1 match-sets in 1.85s
[Coarse] imw-gim-dkm pair 9: dE=-29505.2 m dN=7827.1 m (from-pair-7 (phasecorr disagreed), support=None, peak=0.05415244971381293) 
imw-gim-dkm: Processing pair 9 from disk...
imw-gim-dkm: 0 match-sets in 1.83s
[Coarse] imw-gim-dkm pair 10: dE=-29505.2 m dN=7827.1 m (from-pair-7 (phasecorr disagreed), support=None, peak=0.037404243375048225) 
imw-gim-dkm: Processing pair 10 from disk...
imw-gim-dkm: 0 match-sets in 1.84s
[Coarse] imw-gim-dkm pair 11: dE=-29505.2 m dN=7827.1 m (from-pair-10, support=None, peak=None) 
imw-gim-dkm: Processing pair 11 from disk...
imw-gim-dkm: 0 match-sets in 1.86s
[Coarse] imw-gim-dkm pair 12: dE=-29505.2 m dN=7827.1 m (from-pair-7 (phasecorr disagreed), support=None, peak=0.044330621825324164) 
imw-gim-dkm: Processing pair 12 from disk...
imw-gim-dkm: 0 match-sets in 1.97s
[Coarse] imw-gim-dkm pair 13: dE=-29505.2 m dN=7827.1 m (from-pair-7 (phasecorr disagreed), support=None, peak=0.03933755140516493) 
imw-gim-dkm: Processing pair 13 from disk...
imw-gim-dkm: 0 match-sets in 1.96s
[Coarse] imw-gim-dkm pair 14: dE=-29505.2 m dN=7827.1 m (from-pair-7 (phasecorr disagreed), support=None, peak=0.0362194667590989) 
imw-gim-dkm: Processing pair 14 from disk...
imw-gim-dkm: 0 match-sets in 1.97s
[Coarse] imw-gim-dkm pair 15: dE=21208.7 m dN=33373.5 m (matcher@180m, support=25, peak=None) field 1x1 cells, dE 21209..21209 m, dN 33374..33374 m, 0 filled
imw-gim-dkm: Processing pair 15 from disk...
imw-gim-dkm: 1 match-sets in 1.87s
Saved:
 CHIP_STATS_ALL.csv
 CHIP_STATS_SURVIVORS.csv
 CONSENSUS_SCORES.csv
 BEST_CHIP_SET.csv
 BEST_CHIP_MANIFEST.csv
 BEST_FINAL_SUMMARY.csv
[band1] imw-gim-dkm ok in 1.0 min, peak GPU memory 12.8 of 15.6 GB
[imw-gim-dkm] Model unloaded.
--------------------------------------------------------------------------------
[band1] Running imw-eloftr
[imw-eloftr] Loading model...
[Coarse] pair 1: no reliable coarse offset (matcher: {'dx': -34746.6357421875, 'dy': -27152.841796875, 'support': 3, 'n': 8, 'peak': None}; phasecorr: {'dx': -20193.477464726686, 'dy': -45743.92838364222, 'support': None, 'n': None, 'peak': 0.020609428800836677}); windows compared in place
[Coarse] pair 2: no reliable coarse offset (matcher: no matches; phasecorr: {'dx': -13696.50551245419, 'dy': -38359.15034615832, 'support': None, 'n': None, 'peak': 0.005463445974802611}); windows compared in place
[Coarse] pair 3: no reliable coarse offset (matcher: {'dx': -35082.7734375, 'dy': -17985.421142578125, 'support': 3, 'n': 6, 'peak': None}; phasecorr: {'dx': -26691.14624675497, 'dy': -28341.854429889372, 'support': None, 'n': None, 'peak': 0.028507738675927267}); windows compared in place
[Coarse] pair 11: no reliable coarse offset (matcher: {'dx': -17977.554931640625, 'dy': -7913.353271484375, 'support': 1, 'n': 4, 'peak': None}; phasecorr: {'dx': -9310.972745874022, 'dy': 4896.252513739784, 'support': None, 'n': None, 'peak': 0.011061620189525462}); windows compared in place
[Coarse] WARNING: imw-eloftr: the pairs' coarse offsets differ by up to 19 km, more than one image moves from place to place. Pairs with a wrong offset match the wrong ground (the chip consensus drops them when they are few); if most pairs disagree, check the input's pixel size and window size.
[Coarse] imw-eloftr pair 1: dE=-9093.9 m dN=4821.4 m (from-pair-9, support=None, peak=None) 
imw-eloftr: Processing pair 1 from disk...
imw-eloftr: 0 match-sets in 0.00s
[Coarse] imw-eloftr pair 2: dE=-9093.9 m dN=4821.4 m (from-pair-9, support=None, peak=None) 
imw-eloftr: Processing pair 2 from disk...
imw-eloftr: 0 match-sets in 0.00s
[Coarse] imw-eloftr pair 3: dE=-9093.9 m dN=4821.4 m (from-pair-9, support=None, peak=None) 
imw-eloftr: Processing pair 3 from disk...
imw-eloftr: 0 match-sets in 0.00s
[Coarse] imw-eloftr pair 4: dE=-9221.2 m dN=4881.8 m (phasecorr@180m, support=None, peak=0.05907139921188354) field 1x1 cells, dE -9682..-9682 m, dN 4878..4878 m, 0 filled
imw-eloftr: Processing pair 4 from disk...
imw-eloftr: 1 match-sets in 0.41s
[Coarse] imw-eloftr pair 5: dE=-9227.3 m dN=4936.9 m (phasecorr@180m, support=None, peak=0.06194785504341126) field 1x1 cells, dE -9750..-9750 m, dN 4772..4772 m, 0 filled
imw-eloftr: Processing pair 5 from disk...
imw-eloftr: 1 match-sets in 0.33s
[Coarse] imw-eloftr pair 6: dE=-9159.5 m dN=4923.5 m (phasecorr@180m, support=None, peak=0.05013165693283081) field 1x1 cells, dE -9887..-9887 m, dN 4790..4790 m, 0 filled
imw-eloftr: Processing pair 6 from disk...
imw-eloftr: 1 match-sets in 0.33s
[Coarse] imw-eloftr pair 7: dE=-9947.3 m dN=4785.4 m (phasecorr@180m, support=None, peak=0.11055335414556809) field 1x1 cells, dE -9955..-9955 m, dN 4765..4765 m, 0 filled
imw-eloftr: Processing pair 7 from disk...
imw-eloftr: 1 match-sets in 0.14s
[Coarse] imw-eloftr pair 8: dE=-9954.5 m dN=4779.3 m (phasecorr@180m, support=None, peak=0.1302907753461673) field 1x1 cells, dE -9962..-9962 m, dN 4753..4753 m, 0 filled
imw-eloftr: Processing pair 8 from disk...
imw-eloftr: 1 match-sets in 0.10s
[Coarse] imw-eloftr pair 9: dE=-9059.4 m dN=4950.7 m (phasecorr@180m, support=None, peak=0.05415244971381293) field 1x1 cells, dE -9094..-9094 m, dN 4821..4821 m, 0 filled
imw-eloftr: Processing pair 9 from disk...
imw-eloftr: 1 match-sets in 0.19s
[Coarse] imw-eloftr pair 10: dE=-9073.5 m dN=4906.4 m (phasecorr@180m, support=None, peak=0.037404243375048225) field 1x1 cells, dE -9023..-9023 m, dN 4778..4778 m, 0 filled
imw-eloftr: Processing pair 10 from disk...
imw-eloftr: 1 match-sets in 0.14s
[Coarse] imw-eloftr pair 11: dE=-9022.9 m dN=4778.1 m (from-pair-10, support=None, peak=None) 
imw-eloftr: Processing pair 11 from disk...
imw-eloftr: 1 match-sets in 0.20s
[Coarse] imw-eloftr pair 12: dE=-9321.8 m dN=4777.2 m (phasecorr@180m, support=None, peak=0.044330621825324164) field 1x1 cells, dE -9400..-9400 m, dN 4784..4784 m, 0 filled
imw-eloftr: Processing pair 12 from disk...
imw-eloftr: 1 match-sets in 0.33s
[Coarse] imw-eloftr pair 13: dE=-9228.3 m dN=4825.9 m (phasecorr@180m, support=None, peak=0.03933755140516493) field 1x1 cells, dE -9272..-9272 m, dN 4847..4847 m, 0 filled
imw-eloftr: Processing pair 13 from disk...
imw-eloftr: 1 match-sets in 0.34s
[Coarse] imw-eloftr pair 14: dE=-9308.5 m dN=4822.9 m (phasecorr@180m, support=None, peak=0.0362194667590989) field 1x1 cells, dE -9542..-9542 m, dN 4843..4843 m, 0 filled
imw-eloftr: Processing pair 14 from disk...
imw-eloftr: 1 match-sets in 0.25s
[Coarse] imw-eloftr pair 15: dE=-19392.4 m dN=24257.7 m (phasecorr@180m, support=None, peak=0.07282278133763208) 
imw-eloftr: Processing pair 15 from disk...
imw-eloftr: 1 match-sets in 0.10s
Saved:
 CHIP_STATS_ALL.csv
 CHIP_STATS_SURVIVORS.csv
 CONSENSUS_SCORES.csv
 BEST_CHIP_SET.csv
 BEST_CHIP_MANIFEST.csv
 BEST_FINAL_SUMMARY.csv
[band1] imw-eloftr ok in 0.2 min, peak GPU memory 1.6 of 15.6 GB
[imw-eloftr] Model unloaded.
--------------------------------------------------------------------------------
[band1] Running imw-aspanformer
[imw-aspanformer] Loading model...
[Coarse] pair 2: no reliable coarse offset (matcher: {'dx': -35288.98681640625, 'dy': -18212.796936035156, 'support': 3, 'n': 7, 'peak': None}; phasecorr: {'dx': -13696.50551245419, 'dy': -38359.15034615832, 'support': None, 'n': None, 'peak': 0.005463445974802611}); windows compared in place
[Coarse] pair 3: no reliable coarse offset (matcher: {'dx': -32109.999389648438, 'dy': -19606.986694335938, 'support': 2, 'n': 7, 'peak': None}; phasecorr: {'dx': -26691.14624675497, 'dy': -28341.854429889372, 'support': None, 'n': None, 'peak': 0.028507738675927267}); windows compared in place
[Coarse] pair 11: no reliable coarse offset (matcher: no matches; phasecorr: {'dx': -9310.972745874022, 'dy': 4896.252513739784, 'support': None, 'n': None, 'peak': 0.011061620189525462}); windows compared in place
[Coarse] pair 4: phase correlation gave dE=-9221 m dN=4882 m, 34.6 km from every offset the matcher measured; using pair 1's (dE=-34960 m dN=-18232 m)
[Coarse] pair 5: phase correlation gave dE=-9227 m dN=4937 m, 34.6 km from every offset the matcher measured; using pair 1's (dE=-34960 m dN=-18232 m)
[Coarse] pair 6: phase correlation gave dE=-9160 m dN=4924 m, 34.7 km from every offset the matcher measured; using pair 1's (dE=-34960 m dN=-18232 m)
[Coarse] pair 7: phase correlation gave dE=-9947 m dN=4785 m, 34.0 km from every offset the matcher measured; using pair 15's (dE=12884 m dN=32542 m)
[Coarse] pair 8: phase correlation gave dE=-9954 m dN=4779 m, 34.0 km from every offset the matcher measured; using pair 15's (dE=12884 m dN=32542 m)
[Coarse] pair 9: phase correlation gave dE=-9059 m dN=4951 m, 34.8 km from every offset the matcher measured; using pair 1's (dE=-34960 m dN=-18232 m)
[Coarse] pair 10: phase correlation gave dE=-9074 m dN=4906 m, 34.7 km from every offset the matcher measured; using pair 1's (dE=-34960 m dN=-18232 m)
[Coarse] pair 12: phase correlation gave dE=-9322 m dN=4777 m, 34.4 km from every offset the matcher measured; using pair 1's (dE=-34960 m dN=-18232 m)
[Coarse] pair 13: phase correlation gave dE=-9228 m dN=4826 m, 34.6 km from every offset the matcher measured; using pair 1's (dE=-34960 m dN=-18232 m)
[Coarse] pair 14: phase correlation gave dE=-9308 m dN=4823 m, 34.5 km from every offset the matcher measured; using pair 1's (dE=-34960 m dN=-18232 m)
[Coarse] WARNING: imw-aspanformer: the pairs' coarse offsets differ by up to 51 km, more than one image moves from place to place. Pairs with a wrong offset match the wrong ground (the chip consensus drops them when they are few); if most pairs disagree, check the input's pixel size and window size.
[Coarse] imw-aspanformer pair 1: dE=-34960.3 m dN=-18231.6 m (matcher@180m, support=9, peak=None) field 1x1 cells, dE -34960..-34960 m, dN -18232..-18232 m, 0 filled
imw-aspanformer: Processing pair 1 from disk...
imw-aspanformer: 0 match-sets in 0.00s
[Coarse] imw-aspanformer pair 2: dE=-34960.3 m dN=-18231.6 m (from-pair-1, support=None, peak=None) 
imw-aspanformer: Processing pair 2 from disk...
imw-aspanformer: 0 match-sets in 0.00s
[Coarse] imw-aspanformer pair 3: dE=-34960.3 m dN=-18231.6 m (from-pair-1, support=None, peak=None) 
imw-aspanformer: Processing pair 3 from disk...
imw-aspanformer: 0 match-sets in 0.00s
[Coarse] imw-aspanformer pair 4: dE=-34960.3 m dN=-18231.6 m (from-pair-1 (phasecorr disagreed), support=None, peak=0.05907139921188354) 
imw-aspanformer: Processing pair 4 from disk...
imw-aspanformer: 1 match-sets in 0.83s
[Coarse] imw-aspanformer pair 5: dE=-34960.3 m dN=-18231.6 m (from-pair-1 (phasecorr disagreed), support=None, peak=0.06194785504341126) 
imw-aspanformer: Processing pair 5 from disk...
imw-aspanformer: 1 match-sets in 0.36s
[Coarse] imw-aspanformer pair 6: dE=-34960.3 m dN=-18231.6 m (from-pair-1 (phasecorr disagreed), support=None, peak=0.05013165693283081) 
imw-aspanformer: Processing pair 6 from disk...
imw-aspanformer: 1 match-sets in 0.36s
[Coarse] imw-aspanformer pair 7: dE=12884.2 m dN=32541.8 m (from-pair-15 (phasecorr disagreed), support=None, peak=0.11055335414556809) 
imw-aspanformer: Processing pair 7 from disk...
imw-aspanformer: 1 match-sets in 0.44s
[Coarse] imw-aspanformer pair 8: dE=12884.2 m dN=32541.8 m (from-pair-15 (phasecorr disagreed), support=None, peak=0.1302907753461673) 
imw-aspanformer: Processing pair 8 from disk...
imw-aspanformer: 1 match-sets in 0.20s
[Coarse] imw-aspanformer pair 9: dE=-34960.3 m dN=-18231.6 m (from-pair-1 (phasecorr disagreed), support=None, peak=0.05415244971381293) 
imw-aspanformer: Processing pair 9 from disk...
imw-aspanformer: 1 match-sets in 0.60s
[Coarse] imw-aspanformer pair 10: dE=-34960.3 m dN=-18231.6 m (from-pair-1 (phasecorr disagreed), support=None, peak=0.037404243375048225) 
imw-aspanformer: Processing pair 10 from disk...
imw-aspanformer: 1 match-sets in 0.25s
[Coarse] imw-aspanformer pair 11: dE=-34960.3 m dN=-18231.6 m (from-pair-10, support=None, peak=None) 
imw-aspanformer: Processing pair 11 from disk...
imw-aspanformer: 1 match-sets in 0.26s
[Coarse] imw-aspanformer pair 12: dE=-34960.3 m dN=-18231.6 m (from-pair-1 (phasecorr disagreed), support=None, peak=0.044330621825324164) 
imw-aspanformer: Processing pair 12 from disk...
imw-aspanformer: 1 match-sets in 0.81s
[Coarse] imw-aspanformer pair 13: dE=-34960.3 m dN=-18231.6 m (from-pair-1 (phasecorr disagreed), support=None, peak=0.03933755140516493) 
imw-aspanformer: Processing pair 13 from disk...
imw-aspanformer: 1 match-sets in 0.76s
[Coarse] imw-aspanformer pair 14: dE=-34960.3 m dN=-18231.6 m (from-pair-1 (phasecorr disagreed), support=None, peak=0.0362194667590989) 
imw-aspanformer: Processing pair 14 from disk...
imw-aspanformer: 1 match-sets in 0.38s
[Coarse] imw-aspanformer pair 15: dE=12884.2 m dN=32541.8 m (matcher@180m, support=8, peak=None) field 1x1 cells, dE 12884..12884 m, dN 32542..32542 m, 0 filled
imw-aspanformer: Processing pair 15 from disk...
imw-aspanformer: 1 match-sets in 0.43s
Saved:
 CHIP_STATS_ALL.csv
 CHIP_STATS_SURVIVORS.csv
 CONSENSUS_SCORES.csv
 BEST_CHIP_SET.csv
 BEST_CHIP_MANIFEST.csv
 BEST_FINAL_SUMMARY.csv
[band1] imw-aspanformer ok in 0.3 min, peak GPU memory 1.5 of 15.6 GB
[imw-aspanformer] Model unloaded.
--------------------------------------------------------------------------------
[band1] Running imw-topicfm
[imw-topicfm] Loading model...
2026-10-06 10:06:06.737 | WARNING  | TopicFM.src.models.modules.transformer:forward:163 - topic distribution is highly sparse!
[Coarse] pair 1: no reliable coarse offset (matcher: {'dx': -35094.429931640625, 'dy': -28440.057678222656, 'support': 4, 'n': 8, 'peak': None}; phasecorr: {'dx': -20193.477464726686, 'dy': -45743.92838364222, 'support': None, 'n': None, 'peak': 0.020609428800836677}); windows compared in place
[Coarse] pair 2: no reliable coarse offset (matcher: {'dx': -34875.28289794922, 'dy': -29667.886962890625, 'support': 3, 'n': 3, 'peak': None}; phasecorr: {'dx': -13696.50551245419, 'dy': -38359.15034615832, 'support': None, 'n': None, 'peak': 0.005463445974802611}); windows compared in place
[Coarse] pair 3: no reliable coarse offset (matcher: {'dx': -35288.38394165039, 'dy': -8250.185852050781, 'support': 2, 'n': 4, 'peak': None}; phasecorr: {'dx': -26691.14624675497, 'dy': -28341.854429889372, 'support': None, 'n': None, 'peak': 0.028507738675927267}); windows compared in place
[Coarse] pair 11: no reliable coarse offset (matcher: {'dx': 16740.008239746094, 'dy': 23592.266235351562, 'support': 2, 'n': 6, 'peak': None}; phasecorr: {'dx': -9310.972745874022, 'dy': 4896.252513739784, 'support': None, 'n': None, 'peak': 0.011061620189525462}); windows compared in place
[Coarse] pair 15: phase correlation gave dE=-19392 m dN=24258 m, 21.2 km from every offset the matcher measured; using pair 7's (dE=-10092 m dN=4756 m)
[Coarse] imw-topicfm pair 1: dE=-9093.9 m dN=4821.4 m (from-pair-9, support=None, peak=None) 
imw-topicfm: Processing pair 1 from disk...
imw-topicfm: 0 match-sets in 0.00s
[Coarse] imw-topicfm pair 2: dE=-9093.9 m dN=4821.4 m (from-pair-9, support=None, peak=None) 
imw-topicfm: Processing pair 2 from disk...
imw-topicfm: 0 match-sets in 0.00s
[Coarse] imw-topicfm pair 3: dE=-9093.9 m dN=4821.4 m (from-pair-9, support=None, peak=None) 
imw-topicfm: Processing pair 3 from disk...
imw-topicfm: 0 match-sets in 0.00s
[Coarse] imw-topicfm pair 4: dE=-9221.2 m dN=4881.8 m (phasecorr@180m, support=None, peak=0.05907139921188354) field 1x1 cells, dE -9682..-9682 m, dN 4878..4878 m, 0 filled
imw-topicfm: Processing pair 4 from disk...
imw-topicfm: 1 match-sets in 0.53s
[Coarse] imw-topicfm pair 5: dE=-9673.3 m dN=5459.9 m (matcher@180m, support=8, peak=None) field 1x1 cells, dE -9673..-9673 m, dN 5460..5460 m, 0 filled
imw-topicfm: Processing pair 5 from disk...
imw-topicfm: 1 match-sets in 0.34s
[Coarse] imw-topicfm pair 6: dE=-9159.5 m dN=4923.5 m (phasecorr@180m, support=None, peak=0.05013165693283081) field 1x1 cells, dE -9887..-9887 m, dN 4790..4790 m, 0 filled
imw-topicfm: Processing pair 6 from disk...
imw-topicfm: 1 match-sets in 0.35s
[Coarse] imw-topicfm pair 7: dE=-10091.6 m dN=4756.5 m (matcher@180m, support=9, peak=None) field 1x1 cells, dE -10092..-10092 m, dN 4756..4756 m, 0 filled
imw-topicfm: Processing pair 7 from disk...
imw-topicfm: 1 match-sets in 0.19s
[Coarse] imw-topicfm pair 8: dE=-10094.3 m dN=4873.9 m (matcher@180m, support=16, peak=None) field 1x1 cells, dE -10094..-10094 m, dN 4874..4874 m, 0 filled
imw-topicfm: Processing pair 8 from disk...
imw-topicfm: 1 match-sets in 0.11s
[Coarse] imw-topicfm pair 9: dE=-9059.4 m dN=4950.7 m (phasecorr@180m, support=None, peak=0.05415244971381293) field 1x1 cells, dE -9094..-9094 m, dN 4821..4821 m, 0 filled
imw-topicfm: Processing pair 9 from disk...
imw-topicfm: 1 match-sets in 0.26s
[Coarse] imw-topicfm pair 10: dE=-9106.6 m dN=4855.5 m (matcher@180m, support=9, peak=None) field 1x1 cells, dE -9107..-9107 m, dN 4855..4855 m, 0 filled
imw-topicfm: Processing pair 10 from disk...
imw-topicfm: 1 match-sets in 0.14s
[Coarse] imw-topicfm pair 11: dE=-9106.6 m dN=4855.5 m (from-pair-10, support=None, peak=None) 
imw-topicfm: Processing pair 11 from disk...
imw-topicfm: 1 match-sets in 0.28s
[Coarse] imw-topicfm pair 12: dE=-9321.8 m dN=4777.2 m (phasecorr@180m, support=None, peak=0.044330621825324164) field 1x1 cells, dE -9400..-9400 m, dN 4784..4784 m, 0 filled
imw-topicfm: Processing pair 12 from disk...
imw-topicfm: 1 match-sets in 0.65s
[Coarse] imw-topicfm pair 13: dE=-9228.3 m dN=4825.9 m (phasecorr@180m, support=None, peak=0.03933755140516493) field 1x1 cells, dE -9272..-9272 m, dN 4847..4847 m, 0 filled
imw-topicfm: Processing pair 13 from disk...
imw-topicfm: 1 match-sets in 0.45s
[Coarse] imw-topicfm pair 14: dE=-9308.5 m dN=4822.9 m (phasecorr@180m, support=None, peak=0.0362194667590989) field 1x1 cells, dE -9542..-9542 m, dN 4843..4843 m, 0 filled
imw-topicfm: Processing pair 14 from disk...
imw-topicfm: 1 match-sets in 0.27s
[Coarse] imw-topicfm pair 15: dE=-10091.6 m dN=4756.5 m (from-pair-7 (phasecorr disagreed), support=None, peak=0.07282278133763208) 
imw-topicfm: Processing pair 15 from disk...
imw-topicfm: 1 match-sets in 0.14s
Saved:
 CHIP_STATS_ALL.csv
 CHIP_STATS_SURVIVORS.csv
 CONSENSUS_SCORES.csv
 BEST_CHIP_SET.csv
 BEST_CHIP_MANIFEST.csv
 BEST_FINAL_SUMMARY.csv
[band1] imw-topicfm ok in 0.2 min, peak GPU memory 1.7 of 15.6 GB
[imw-topicfm] Model unloaded.
--------------------------------------------------------------------------------
[band1] Running imw-roma
[imw-roma] Loading model...
[Coarse] pair 1: no reliable coarse offset (matcher: {'dx': -29492.015075683594, 'dy': -22706.284790039062, 'support': 19, 'n': 187, 'peak': None}; phasecorr: {'dx': -20193.477464726686, 'dy': -45743.92838364222, 'support': None, 'n': None, 'peak': 0.020609428800836677}); windows compared in place
[Coarse] pair 2: no reliable coarse offset (matcher: {'dx': -30367.992782592773, 'dy': -29841.687927246094, 'support': 16, 'n': 122, 'peak': None}; phasecorr: {'dx': -13696.50551245419, 'dy': -38359.15034615832, 'support': None, 'n': None, 'peak': 0.005463445974802611}); windows compared in place
[Coarse] pair 3: no reliable coarse offset (matcher: {'dx': -26802.781677246094, 'dy': -28636.550903320312, 'support': 15, 'n': 384, 'peak': None}; phasecorr: {'dx': -26691.14624675497, 'dy': -28341.854429889372, 'support': None, 'n': None, 'peak': 0.028507738675927267}); windows compared in place
[Coarse] pair 11: no reliable coarse offset (matcher: no matches; phasecorr: {'dx': -9310.972745874022, 'dy': 4896.252513739784, 'support': None, 'n': None, 'peak': 0.011061620189525462}); windows compared in place
[Coarse] pair 15: phase correlation gave dE=-19392 m dN=24258 m, 21.8 km from every offset the matcher measured; using pair 8's (dE=-9581 m dN=4755 m)
[Coarse] WARNING: imw-roma: the pairs' coarse offsets differ by up to 24 km, more than one image moves from place to place. Pairs with a wrong offset match the wrong ground (the chip consensus drops them when they are few); if most pairs disagree, check the input's pixel size and window size.
[Coarse] imw-roma pair 1: dE=-9093.9 m dN=4821.4 m (from-pair-9, support=None, peak=None) 
imw-roma: Processing pair 1 from disk...
imw-roma: 0 match-sets in 0.00s
[Coarse] imw-roma pair 2: dE=-9093.9 m dN=4821.4 m (from-pair-9, support=None, peak=None) 
imw-roma: Processing pair 2 from disk...
imw-roma: 0 match-sets in 0.00s
[Coarse] imw-roma pair 3: dE=-9093.9 m dN=4821.4 m (from-pair-9, support=None, peak=None) 
imw-roma: Processing pair 3 from disk...
imw-roma: 0 match-sets in 0.00s
[Coarse] imw-roma pair 4: dE=-32556.9 m dN=-1871.8 m (matcher@180m, support=15, peak=None) field 1x1 cells, dE -32557..-32557 m, dN -1872..-1872 m, 0 filled
imw-roma: Processing pair 4 from disk...
imw-roma: 1 match-sets in 1.21s
[Coarse] imw-roma pair 5: dE=-9227.3 m dN=4936.9 m (phasecorr@180m, support=None, peak=0.06194785504341126) field 1x1 cells, dE -9750..-9750 m, dN 4772..4772 m, 0 filled
imw-roma: Processing pair 5 from disk...
imw-roma: 1 match-sets in 1.27s
[Coarse] imw-roma pair 6: dE=-9159.5 m dN=4923.5 m (phasecorr@180m, support=None, peak=0.05013165693283081) field 1x1 cells, dE -9887..-9887 m, dN 4790..4790 m, 0 filled
imw-roma: Processing pair 6 from disk...
imw-roma: 1 match-sets in 1.29s
[Coarse] imw-roma pair 7: dE=-9947.3 m dN=4785.4 m (phasecorr@180m, support=None, peak=0.11055335414556809) field 1x1 cells, dE -9955..-9955 m, dN 4765..4765 m, 0 filled
imw-roma: Processing pair 7 from disk...
imw-roma: 1 match-sets in 1.04s
[Coarse] imw-roma pair 8: dE=-9581.3 m dN=4754.8 m (matcher@180m, support=1007, peak=None) field 1x1 cells, dE -9581..-9581 m, dN 4755..4755 m, 0 filled
imw-roma: Processing pair 8 from disk...
imw-roma: 1 match-sets in 1.06s
[Coarse] imw-roma pair 9: dE=-9059.4 m dN=4950.7 m (phasecorr@180m, support=None, peak=0.05415244971381293) field 1x1 cells, dE -9094..-9094 m, dN 4821..4821 m, 0 filled
imw-roma: Processing pair 9 from disk...
imw-roma: 1 match-sets in 1.10s
[Coarse] imw-roma pair 10: dE=-9073.5 m dN=4906.4 m (phasecorr@180m, support=None, peak=0.037404243375048225) field 1x1 cells, dE -9023..-9023 m, dN 4778..4778 m, 0 filled
imw-roma: Processing pair 10 from disk...
imw-roma: 1 match-sets in 1.10s
[Coarse] imw-roma pair 11: dE=-9022.9 m dN=4778.1 m (from-pair-10, support=None, peak=None) 
imw-roma: Processing pair 11 from disk...
imw-roma: 1 match-sets in 1.09s
[Coarse] imw-roma pair 12: dE=-9321.8 m dN=4777.2 m (phasecorr@180m, support=None, peak=0.044330621825324164) field 1x1 cells, dE -9400..-9400 m, dN 4784..4784 m, 0 filled
imw-roma: Processing pair 12 from disk...
imw-roma: 1 match-sets in 1.24s
[Coarse] imw-roma pair 13: dE=-9228.3 m dN=4825.9 m (phasecorr@180m, support=None, peak=0.03933755140516493) field 1x1 cells, dE -9272..-9272 m, dN 4847..4847 m, 0 filled
imw-roma: Processing pair 13 from disk...
imw-roma: 1 match-sets in 1.24s
[Coarse] imw-roma pair 14: dE=-9308.5 m dN=4822.9 m (phasecorr@180m, support=None, peak=0.0362194667590989) field 1x1 cells, dE -9542..-9542 m, dN 4843..4843 m, 0 filled
imw-roma: Processing pair 14 from disk...
imw-roma: 1 match-sets in 1.22s
[Coarse] imw-roma pair 15: dE=-9581.3 m dN=4754.8 m (from-pair-8 (phasecorr disagreed), support=None, peak=0.07282278133763208) 
imw-roma: Processing pair 15 from disk...
imw-roma: 1 match-sets in 1.03s
Saved:
 CHIP_STATS_ALL.csv
 CHIP_STATS_SURVIVORS.csv
 CONSENSUS_SCORES.csv
 BEST_CHIP_SET.csv
 BEST_CHIP_MANIFEST.csv
 BEST_FINAL_SUMMARY.csv
[band1] imw-roma ok in 0.8 min, peak GPU memory 5.3 of 15.6 GB
[imw-roma] Model unloaded.
--------------------------------------------------------------------------------
[band1] Running imw-dkm
[imw-dkm] Loading model...
[Coarse] pair 1: no reliable coarse offset (matcher: {'dx': -35085.80017089844, 'dy': -1256.868896484375, 'support': 13, 'n': 82, 'peak': None}; phasecorr: {'dx': -20193.477464726686, 'dy': -45743.92838364222, 'support': None, 'n': None, 'peak': 0.020609428800836677}); windows compared in place
[Coarse] pair 2: no reliable coarse offset (matcher: {'dx': -34748.319396972656, 'dy': -32343.601684570312, 'support': 4, 'n': 8, 'peak': None}; phasecorr: {'dx': -13696.50551245419, 'dy': -38359.15034615832, 'support': None, 'n': None, 'peak': 0.005463445974802611}); windows compared in place
[Coarse] pair 11: no reliable coarse offset (matcher: {'dx': -33806.016540527344, 'dy': 23055.416564941406, 'support': 3, 'n': 10, 'peak': None}; phasecorr: {'dx': -9310.972745874022, 'dy': 4896.252513739784, 'support': None, 'n': None, 'peak': 0.011061620189525462}); windows compared in place
[Coarse] pair 15: phase correlation gave dE=-19392 m dN=24258 m, 19.0 km from every offset the matcher measured; using pair 7's (dE=-34430 m dN=-1840 m)
[Coarse] WARNING: imw-dkm: the pairs' coarse offsets differ by up to 39 km, more than one image moves from place to place. Pairs with a wrong offset match the wrong ground (the chip consensus drops them when they are few); if most pairs disagree, check the input's pixel size and window size.
[Coarse] imw-dkm pair 1: dE=-33846.1 m dN=-4633.8 m (from-pair-3, support=None, peak=None) 
imw-dkm: Processing pair 1 from disk...
imw-dkm: 0 match-sets in 0.00s
[Coarse] imw-dkm pair 2: dE=-33846.1 m dN=-4633.8 m (from-pair-3, support=None, peak=None) 
imw-dkm: Processing pair 2 from disk...
imw-dkm: 0 match-sets in 0.00s
[Coarse] imw-dkm pair 3: dE=-33846.1 m dN=-4633.8 m (matcher@180m, support=454, peak=None) field 1x1 cells, dE -33846..-33846 m, dN -4634..-4634 m, 0 filled
imw-dkm: Processing pair 3 from disk...
imw-dkm: 0 match-sets in 0.00s
[Coarse] imw-dkm pair 4: dE=-35332.2 m dN=34525.5 m (matcher@180m, support=26, peak=None) field 1x1 cells, dE -35332..-35332 m, dN 34525..34525 m, 0 filled
imw-dkm: Processing pair 4 from disk...
imw-dkm: 1 match-sets in 1.10s
[Coarse] imw-dkm pair 5: dE=-9227.3 m dN=4936.9 m (phasecorr@180m, support=None, peak=0.06194785504341126) field 1x1 cells, dE -9750..-9750 m, dN 4772..4772 m, 0 filled
imw-dkm: Processing pair 5 from disk...
imw-dkm: 1 match-sets in 1.20s
[Coarse] imw-dkm pair 6: dE=-9159.5 m dN=4923.5 m (phasecorr@180m, support=None, peak=0.05013165693283081) field 1x1 cells, dE -9887..-9887 m, dN 4790..4790 m, 0 filled
imw-dkm: Processing pair 6 from disk...
imw-dkm: 1 match-sets in 1.18s
[Coarse] imw-dkm pair 7: dE=-34429.9 m dN=-1840.2 m (matcher@180m, support=53, peak=None) field 1x1 cells, dE -34430..-34430 m, dN -1840..-1840 m, 0 filled
imw-dkm: Processing pair 7 from disk...
imw-dkm: 1 match-sets in 1.02s
[Coarse] imw-dkm pair 8: dE=-7788.2 m dN=6693.6 m (matcher@180m, support=313, peak=None) field 1x1 cells, dE -7788..-7788 m, dN 6694..6694 m, 0 filled
imw-dkm: Processing pair 8 from disk...
imw-dkm: 1 match-sets in 1.00s
[Coarse] imw-dkm pair 9: dE=-9059.4 m dN=4950.7 m (phasecorr@180m, support=None, peak=0.05415244971381293) field 1x1 cells, dE -9094..-9094 m, dN 4821..4821 m, 0 filled
imw-dkm: Processing pair 9 from disk...
imw-dkm: 1 match-sets in 1.02s
[Coarse] imw-dkm pair 10: dE=-9073.5 m dN=4906.4 m (phasecorr@180m, support=None, peak=0.037404243375048225) field 1x1 cells, dE -9023..-9023 m, dN 4778..4778 m, 0 filled
imw-dkm: Processing pair 10 from disk...
imw-dkm: 1 match-sets in 1.04s
[Coarse] imw-dkm pair 11: dE=-9022.9 m dN=4778.1 m (from-pair-10, support=None, peak=None) 
imw-dkm: Processing pair 11 from disk...
imw-dkm: 1 match-sets in 1.14s
[Coarse] imw-dkm pair 12: dE=-9321.8 m dN=4777.2 m (phasecorr@180m, support=None, peak=0.044330621825324164) field 1x1 cells, dE -9400..-9400 m, dN 4784..4784 m, 0 filled
imw-dkm: Processing pair 12 from disk...
imw-dkm: 1 match-sets in 1.15s
[Coarse] imw-dkm pair 13: dE=-9228.3 m dN=4825.9 m (phasecorr@180m, support=None, peak=0.03933755140516493) field 1x1 cells, dE -9272..-9272 m, dN 4847..4847 m, 0 filled
imw-dkm: Processing pair 13 from disk...
imw-dkm: 1 match-sets in 1.15s
[Coarse] imw-dkm pair 14: dE=-9308.5 m dN=4822.9 m (phasecorr@180m, support=None, peak=0.0362194667590989) field 1x1 cells, dE -9542..-9542 m, dN 4843..4843 m, 0 filled
imw-dkm: Processing pair 14 from disk...
imw-dkm: 1 match-sets in 1.16s
[Coarse] imw-dkm pair 15: dE=-34429.9 m dN=-1840.2 m (from-pair-7 (phasecorr disagreed), support=None, peak=0.07282278133763208) 
imw-dkm: Processing pair 15 from disk...
imw-dkm: 0 match-sets in 0.00s
Saved:
 CHIP_STATS_ALL.csv
 CHIP_STATS_SURVIVORS.csv
 CONSENSUS_SCORES.csv
 BEST_CHIP_SET.csv
 BEST_CHIP_MANIFEST.csv
 BEST_FINAL_SUMMARY.csv
[band1] imw-dkm ok in 0.6 min, peak GPU memory 7.3 of 15.6 GB
[imw-dkm] Model unloaded.
--------------------------------------------------------------------------------
[band1] Running imw-dad-roma
[imw-dad-roma] Loading model...
[Coarse] pair 1: no reliable coarse offset (matcher: {'dx': -22412.581787109375, 'dy': -6951.8463134765625, 'support': 1, 'n': 5, 'peak': None}; phasecorr: {'dx': -20193.477464726686, 'dy': -45743.92838364222, 'support': None, 'n': None, 'peak': 0.020609428800836677}); windows compared in place
[Coarse] pair 2: no reliable coarse offset (matcher: {'dx': -34628.07678222656, 'dy': -18291.55242919922, 'support': 1, 'n': 3, 'peak': None}; phasecorr: {'dx': -13696.50551245419, 'dy': -38359.15034615832, 'support': None, 'n': None, 'peak': 0.005463445974802611}); windows compared in place
[Coarse] pair 3: no reliable coarse offset (matcher: no matches; phasecorr: {'dx': -26691.14624675497, 'dy': -28341.854429889372, 'support': None, 'n': None, 'peak': 0.028507738675927267}); windows compared in place
[Coarse] pair 11: no reliable coarse offset (matcher: no matches; phasecorr: {'dx': -9310.972745874022, 'dy': 4896.252513739784, 'support': None, 'n': None, 'peak': 0.011061620189525462}); windows compared in place
[Coarse] WARNING: imw-dad-roma: the pairs' coarse offsets differ by up to 19 km, more than one image moves from place to place. Pairs with a wrong offset match the wrong ground (the chip consensus drops them when they are few); if most pairs disagree, check the input's pixel size and window size.
[Coarse] imw-dad-roma pair 1: dE=-9093.9 m dN=4821.4 m (from-pair-9, support=None, peak=None) 
imw-dad-roma: Processing pair 1 from disk...
imw-dad-roma: 0 match-sets in 0.00s
[Coarse] imw-dad-roma pair 2: dE=-9093.9 m dN=4821.4 m (from-pair-9, support=None, peak=None) 
imw-dad-roma: Processing pair 2 from disk...
imw-dad-roma: 0 match-sets in 0.00s
[Coarse] imw-dad-roma pair 3: dE=-9093.9 m dN=4821.4 m (from-pair-9, support=None, peak=None) 
imw-dad-roma: Processing pair 3 from disk...
imw-dad-roma: 0 match-sets in 0.00s
[Coarse] imw-dad-roma pair 4: dE=-9221.2 m dN=4881.8 m (phasecorr@180m, support=None, peak=0.05907139921188354) field 1x1 cells, dE -9682..-9682 m, dN 4878..4878 m, 0 filled
imw-dad-roma: Processing pair 4 from disk...
imw-dad-roma: 1 match-sets in 1.57s
[Coarse] imw-dad-roma pair 5: dE=-9227.3 m dN=4936.9 m (phasecorr@180m, support=None, peak=0.06194785504341126) field 1x1 cells, dE -9750..-9750 m, dN 4772..4772 m, 0 filled
imw-dad-roma: Processing pair 5 from disk...
imw-dad-roma: 1 match-sets in 1.18s
[Coarse] imw-dad-roma pair 6: dE=-9159.5 m dN=4923.5 m (phasecorr@180m, support=None, peak=0.05013165693283081) field 1x1 cells, dE -9887..-9887 m, dN 4790..4790 m, 0 filled
imw-dad-roma: Processing pair 6 from disk...
imw-dad-roma: 1 match-sets in 1.17s
[Coarse] imw-dad-roma pair 7: dE=-9947.3 m dN=4785.4 m (phasecorr@180m, support=None, peak=0.11055335414556809) field 1x1 cells, dE -9955..-9955 m, dN 4765..4765 m, 0 filled
imw-dad-roma: Processing pair 7 from disk...
imw-dad-roma: 1 match-sets in 1.80s
[Coarse] imw-dad-roma pair 8: dE=-9954.5 m dN=4779.3 m (phasecorr@180m, support=None, peak=0.1302907753461673) field 1x1 cells, dE -9962..-9962 m, dN 4753..4753 m, 0 filled
imw-dad-roma: Processing pair 8 from disk...
imw-dad-roma: 1 match-sets in 0.87s
[Coarse] imw-dad-roma pair 9: dE=-9059.4 m dN=4950.7 m (phasecorr@180m, support=None, peak=0.05415244971381293) field 1x1 cells, dE -9094..-9094 m, dN 4821..4821 m, 0 filled
imw-dad-roma: Processing pair 9 from disk...
imw-dad-roma: 1 match-sets in 1.61s
[Coarse] imw-dad-roma pair 10: dE=-9073.5 m dN=4906.4 m (phasecorr@180m, support=None, peak=0.037404243375048225) field 1x1 cells, dE -9023..-9023 m, dN 4778..4778 m, 0 filled
imw-dad-roma: Processing pair 10 from disk...
imw-dad-roma: 1 match-sets in 0.94s
[Coarse] imw-dad-roma pair 11: dE=-9022.9 m dN=4778.1 m (from-pair-10, support=None, peak=None) 
imw-dad-roma: Processing pair 11 from disk...
imw-dad-roma: 1 match-sets in 1.68s
[Coarse] imw-dad-roma pair 12: dE=-9321.8 m dN=4777.2 m (phasecorr@180m, support=None, peak=0.044330621825324164) field 1x1 cells, dE -9400..-9400 m, dN 4784..4784 m, 0 filled
imw-dad-roma: Processing pair 12 from disk...
imw-dad-roma: 1 match-sets in 1.52s
[Coarse] imw-dad-roma pair 13: dE=-9228.3 m dN=4825.9 m (phasecorr@180m, support=None, peak=0.03933755140516493) field 1x1 cells, dE -9272..-9272 m, dN 4847..4847 m, 0 filled
imw-dad-roma: Processing pair 13 from disk...
imw-dad-roma: 1 match-sets in 1.53s
[Coarse] imw-dad-roma pair 14: dE=-9308.5 m dN=4822.9 m (phasecorr@180m, support=None, peak=0.0362194667590989) field 1x1 cells, dE -9542..-9542 m, dN 4843..4843 m, 0 filled
imw-dad-roma: Processing pair 14 from disk...
imw-dad-roma: 1 match-sets in 1.12s
[Coarse] imw-dad-roma pair 15: dE=-19392.4 m dN=24257.7 m (phasecorr@180m, support=None, peak=0.07282278133763208) 
imw-dad-roma: Processing pair 15 from disk...
imw-dad-roma: 1 match-sets in 1.34s
Saved:
 CHIP_STATS_ALL.csv
 CHIP_STATS_SURVIVORS.csv
 CONSENSUS_SCORES.csv
 BEST_CHIP_SET.csv
 BEST_CHIP_MANIFEST.csv
 BEST_FINAL_SUMMARY.csv
[band1] imw-dad-roma ok in 0.9 min, peak GPU memory 4.7 of 15.6 GB
[imw-dad-roma] Model unloaded.
--------------------------------------------------------------------------------
[band1] Running imw-rdd-dense
[imw-rdd-dense] Loading model...
config {'activation': 'relu', 'block_dims': [8, 16, 32, 64], 'd_model': 256, 'detection_threshold': 0.1, 'device': device(type='cuda'), 'dim_feedforward': 1024, 'dropout': 0.1, 'enc_n_points': 8, 'hidden_dim': 256, 'lr_backbone': 2e-05, 'nhead': 8, 'num_encoder_layers': 4, 'num_feature_levels': 5, 'top_k': 4096, 'train_detector': False, 'weights': '/maintenance/ICIGDev/GPUPOC/input/dqe/imw_runtime/imw_cache/huggingface/hub/models--Realcat--imcui_checkpoints/snapshots/e72b489e927e7a8202f505c1b4db1474fd22b8b7/rdd/RDD-v2.pth'}
[Coarse] pair 1: no reliable coarse offset (matcher: no matches; phasecorr: {'dx': -20193.477464726686, 'dy': -45743.92838364222, 'support': None, 'n': None, 'peak': 0.020609428800836677}); windows compared in place
[Coarse] pair 2: no reliable coarse offset (matcher: no matches; phasecorr: {'dx': -13696.50551245419, 'dy': -38359.15034615832, 'support': None, 'n': None, 'peak': 0.005463445974802611}); windows compared in place
[Coarse] pair 3: no reliable coarse offset (matcher: no matches; phasecorr: {'dx': -26691.14624675497, 'dy': -28341.854429889372, 'support': None, 'n': None, 'peak': 0.028507738675927267}); windows compared in place
[Coarse] pair 11: no reliable coarse offset (matcher: no matches; phasecorr: {'dx': -9310.972745874022, 'dy': 4896.252513739784, 'support': None, 'n': None, 'peak': 0.011061620189525462}); windows compared in place
[Coarse] WARNING: imw-rdd-dense: the pairs' coarse offsets differ by up to 19 km, more than one image moves from place to place. Pairs with a wrong offset match the wrong ground (the chip consensus drops them when they are few); if most pairs disagree, check the input's pixel size and window size.
[Coarse] imw-rdd-dense pair 1: dE=-9093.9 m dN=4821.4 m (from-pair-9, support=None, peak=None) 
imw-rdd-dense: Processing pair 1 from disk...
imw-rdd-dense: 0 match-sets in 0.00s
[Coarse] imw-rdd-dense pair 2: dE=-9093.9 m dN=4821.4 m (from-pair-9, support=None, peak=None) 
imw-rdd-dense: Processing pair 2 from disk...
imw-rdd-dense: 0 match-sets in 0.00s
[Coarse] imw-rdd-dense pair 3: dE=-9093.9 m dN=4821.4 m (from-pair-9, support=None, peak=None) 
imw-rdd-dense: Processing pair 3 from disk...
imw-rdd-dense: 0 match-sets in 0.00s
[Coarse] imw-rdd-dense pair 4: dE=-9221.2 m dN=4881.8 m (phasecorr@180m, support=None, peak=0.05907139921188354) field 1x1 cells, dE -9682..-9682 m, dN 4878..4878 m, 0 filled
imw-rdd-dense: Processing pair 4 from disk...
imw-rdd-dense: 0 match-sets in 0.93s
[Coarse] imw-rdd-dense pair 5: dE=-9227.3 m dN=4936.9 m (phasecorr@180m, support=None, peak=0.06194785504341126) field 1x1 cells, dE -9750..-9750 m, dN 4772..4772 m, 0 filled
imw-rdd-dense: Processing pair 5 from disk...
imw-rdd-dense: 0 match-sets in 0.68s
[Coarse] imw-rdd-dense pair 6: dE=-9159.5 m dN=4923.5 m (phasecorr@180m, support=None, peak=0.05013165693283081) field 1x1 cells, dE -9887..-9887 m, dN 4790..4790 m, 0 filled
imw-rdd-dense: Processing pair 6 from disk...
imw-rdd-dense: 0 match-sets in 0.68s
[Coarse] imw-rdd-dense pair 7: dE=-9947.3 m dN=4785.4 m (phasecorr@180m, support=None, peak=0.11055335414556809) field 1x1 cells, dE -9955..-9955 m, dN 4765..4765 m, 0 filled
imw-rdd-dense: Processing pair 7 from disk...
imw-rdd-dense: 0 match-sets in 0.26s
[Coarse] imw-rdd-dense pair 8: dE=-9954.5 m dN=4779.3 m (phasecorr@180m, support=None, peak=0.1302907753461673) field 1x1 cells, dE -9962..-9962 m, dN 4753..4753 m, 0 filled
imw-rdd-dense: Processing pair 8 from disk...
imw-rdd-dense: 0 match-sets in 0.24s
[Coarse] imw-rdd-dense pair 9: dE=-9059.4 m dN=4950.7 m (phasecorr@180m, support=None, peak=0.05415244971381293) field 1x1 cells, dE -9094..-9094 m, dN 4821..4821 m, 0 filled
imw-rdd-dense: Processing pair 9 from disk...
imw-rdd-dense: 0 match-sets in 0.52s
[Coarse] imw-rdd-dense pair 10: dE=-9073.5 m dN=4906.4 m (phasecorr@180m, support=None, peak=0.037404243375048225) field 1x1 cells, dE -9023..-9023 m, dN 4778..4778 m, 0 filled
imw-rdd-dense: Processing pair 10 from disk...
imw-rdd-dense: 0 match-sets in 0.35s
[Coarse] imw-rdd-dense pair 11: dE=-9022.9 m dN=4778.1 m (from-pair-10, support=None, peak=None) 
imw-rdd-dense: Processing pair 11 from disk...
imw-rdd-dense: 0 match-sets in 0.53s
[Coarse] imw-rdd-dense pair 12: dE=-9321.8 m dN=4777.2 m (phasecorr@180m, support=None, peak=0.044330621825324164) field 1x1 cells, dE -9400..-9400 m, dN 4784..4784 m, 0 filled
imw-rdd-dense: Processing pair 12 from disk...
imw-rdd-dense: 0 match-sets in 0.84s
[Coarse] imw-rdd-dense pair 13: dE=-9228.3 m dN=4825.9 m (phasecorr@180m, support=None, peak=0.03933755140516493) field 1x1 cells, dE -9272..-9272 m, dN 4847..4847 m, 0 filled
imw-rdd-dense: Processing pair 13 from disk...
imw-rdd-dense: 0 match-sets in 0.84s
[Coarse] imw-rdd-dense pair 14: dE=-9308.5 m dN=4822.9 m (phasecorr@180m, support=None, peak=0.0362194667590989) field 1x1 cells, dE -9542..-9542 m, dN 4843..4843 m, 0 filled
imw-rdd-dense: Processing pair 14 from disk...
imw-rdd-dense: 0 match-sets in 0.60s
[Coarse] imw-rdd-dense pair 15: dE=-19392.4 m dN=24257.7 m (phasecorr@180m, support=None, peak=0.07282278133763208) 
imw-rdd-dense: Processing pair 15 from disk...
imw-rdd-dense: 0 match-sets in 0.32s
No valid chip CSV files found.
[band1] imw-rdd-dense no-consensus in 0.3 min, peak GPU memory 8.7 of 15.6 GB
[imw-rdd-dense] Model unloaded.
--------------------------------------------------------------------------------
[band1] Running imw-xfeat-lg
[imw-xfeat-lg] Loading model...
Using cache found in /maintenance/ICIGDev/GPUPOC/input/dqe/imw_runtime/imw_cache/torch/hub/verlab_accelerated_features_main
Loaded LightGlue model
[Coarse] pair 1: no reliable coarse offset (matcher: no matches; phasecorr: {'dx': -20193.477464726686, 'dy': -45743.92838364222, 'support': None, 'n': None, 'peak': 0.020609428800836677}); windows compared in place
[Coarse] pair 2: no reliable coarse offset (matcher: {'dx': -35280.0, 'dy': -18180.0, 'support': 4, 'n': 4, 'peak': None}; phasecorr: {'dx': -13696.50551245419, 'dy': -38359.15034615832, 'support': None, 'n': None, 'peak': 0.005463445974802611}); windows compared in place
[Coarse] pair 3: no reliable coarse offset (matcher: no matches; phasecorr: {'dx': -26691.14624675497, 'dy': -28341.854429889372, 'support': None, 'n': None, 'peak': 0.028507738675927267}); windows compared in place
[Coarse] pair 11: no reliable coarse offset (matcher: no matches; phasecorr: {'dx': -9310.972745874022, 'dy': 4896.252513739784, 'support': None, 'n': None, 'peak': 0.011061620189525462}); windows compared in place
[Coarse] WARNING: imw-xfeat-lg: the pairs' coarse offsets differ by up to 19 km, more than one image moves from place to place. Pairs with a wrong offset match the wrong ground (the chip consensus drops them when they are few); if most pairs disagree, check the input's pixel size and window size.
[Coarse] imw-xfeat-lg pair 1: dE=-9093.9 m dN=4821.4 m (from-pair-9, support=None, peak=None) 
imw-xfeat-lg: Processing pair 1 from disk...
imw-xfeat-lg: 0 match-sets in 0.00s
[Coarse] imw-xfeat-lg pair 2: dE=-9093.9 m dN=4821.4 m (from-pair-9, support=None, peak=None) 
imw-xfeat-lg: Processing pair 2 from disk...
imw-xfeat-lg: 0 match-sets in 0.00s
[Coarse] imw-xfeat-lg pair 3: dE=-9093.9 m dN=4821.4 m (from-pair-9, support=None, peak=None) 
imw-xfeat-lg: Processing pair 3 from disk...
imw-xfeat-lg: 0 match-sets in 0.00s
[Coarse] imw-xfeat-lg pair 4: dE=-9221.2 m dN=4881.8 m (phasecorr@180m, support=None, peak=0.05907139921188354) field 1x1 cells, dE -9682..-9682 m, dN 4878..4878 m, 0 filled
imw-xfeat-lg: Processing pair 4 from disk...
imw-xfeat-lg: 0 match-sets in 0.30s
[Coarse] imw-xfeat-lg pair 5: dE=-9227.3 m dN=4936.9 m (phasecorr@180m, support=None, peak=0.06194785504341126) field 1x1 cells, dE -9750..-9750 m, dN 4772..4772 m, 0 filled
imw-xfeat-lg: Processing pair 5 from disk...
imw-xfeat-lg: 0 match-sets in 0.23s
[Coarse] imw-xfeat-lg pair 6: dE=-9159.5 m dN=4923.5 m (phasecorr@180m, support=None, peak=0.05013165693283081) field 1x1 cells, dE -9887..-9887 m, dN 4790..4790 m, 0 filled
imw-xfeat-lg: Processing pair 6 from disk...
imw-xfeat-lg: 0 match-sets in 0.23s
[Coarse] imw-xfeat-lg pair 7: dE=-9947.3 m dN=4785.4 m (phasecorr@180m, support=None, peak=0.11055335414556809) field 1x1 cells, dE -9955..-9955 m, dN 4765..4765 m, 0 filled
imw-xfeat-lg: Processing pair 7 from disk...
imw-xfeat-lg: 0 match-sets in 0.12s
[Coarse] imw-xfeat-lg pair 8: dE=-9954.5 m dN=4779.3 m (phasecorr@180m, support=None, peak=0.1302907753461673) field 1x1 cells, dE -9962..-9962 m, dN 4753..4753 m, 0 filled
imw-xfeat-lg: Processing pair 8 from disk...
imw-xfeat-lg: 1 match-sets in 0.08s
[Coarse] imw-xfeat-lg pair 9: dE=-9059.4 m dN=4950.7 m (phasecorr@180m, support=None, peak=0.05415244971381293) field 1x1 cells, dE -9094..-9094 m, dN 4821..4821 m, 0 filled
imw-xfeat-lg: Processing pair 9 from disk...
imw-xfeat-lg: 1 match-sets in 0.18s
[Coarse] imw-xfeat-lg pair 10: dE=-9073.5 m dN=4906.4 m (phasecorr@180m, support=None, peak=0.037404243375048225) field 1x1 cells, dE -9023..-9023 m, dN 4778..4778 m, 0 filled
imw-xfeat-lg: Processing pair 10 from disk...
imw-xfeat-lg: 1 match-sets in 0.11s
[Coarse] imw-xfeat-lg pair 11: dE=-9022.9 m dN=4778.1 m (from-pair-10, support=None, peak=None) 
imw-xfeat-lg: Processing pair 11 from disk...
imw-xfeat-lg: 0 match-sets in 0.16s
[Coarse] imw-xfeat-lg pair 12: dE=-9321.8 m dN=4777.2 m (phasecorr@180m, support=None, peak=0.044330621825324164) field 1x1 cells, dE -9400..-9400 m, dN 4784..4784 m, 0 filled
imw-xfeat-lg: Processing pair 12 from disk...
imw-xfeat-lg: 0 match-sets in 0.23s
[Coarse] imw-xfeat-lg pair 13: dE=-9228.3 m dN=4825.9 m (phasecorr@180m, support=None, peak=0.03933755140516493) field 1x1 cells, dE -9272..-9272 m, dN 4847..4847 m, 0 filled
imw-xfeat-lg: Processing pair 13 from disk...
imw-xfeat-lg: 0 match-sets in 0.24s
[Coarse] imw-xfeat-lg pair 14: dE=-9308.5 m dN=4822.9 m (phasecorr@180m, support=None, peak=0.0362194667590989) field 1x1 cells, dE -9542..-9542 m, dN 4843..4843 m, 0 filled
imw-xfeat-lg: Processing pair 14 from disk...
imw-xfeat-lg: 0 match-sets in 0.15s
[Coarse] imw-xfeat-lg pair 15: dE=-19392.4 m dN=24257.7 m (phasecorr@180m, support=None, peak=0.07282278133763208) 
imw-xfeat-lg: Processing pair 15 from disk...
imw-xfeat-lg: 0 match-sets in 0.12s
Saved:
 CHIP_STATS_ALL.csv
 CHIP_STATS_SURVIVORS.csv
 CONSENSUS_SCORES.csv
 BEST_CHIP_SET.csv
 BEST_CHIP_MANIFEST.csv
 BEST_FINAL_SUMMARY.csv
[band1] imw-xfeat-lg ok in 0.1 min, peak GPU memory 0.8 of 15.6 GB
[imw-xfeat-lg] Model unloaded.
--------------------------------------------------------------------------------
[band1] Running imw-xfeat-dense
[imw-xfeat-dense] Loading model...
Using cache found in /maintenance/ICIGDev/GPUPOC/input/dqe/imw_runtime/imw_cache/torch/hub/verlab_accelerated_features_main
[Coarse] pair 1: no reliable coarse offset (matcher: {'dx': -35444.46807861328, 'dy': -29010.437622070312, 'support': 3, 'n': 4, 'peak': None}; phasecorr: {'dx': -20193.477464726686, 'dy': -45743.92838364222, 'support': None, 'n': None, 'peak': 0.020609428800836677}); windows compared in place
[Coarse] pair 2: no reliable coarse offset (matcher: no matches; phasecorr: {'dx': -13696.50551245419, 'dy': -38359.15034615832, 'support': None, 'n': None, 'peak': 0.005463445974802611}); windows compared in place
[Coarse] pair 3: no reliable coarse offset (matcher: {'dx': -35126.28204345703, 'dy': -29280.130004882812, 'support': 2, 'n': 3, 'peak': None}; phasecorr: {'dx': -26691.14624675497, 'dy': -28341.854429889372, 'support': None, 'n': None, 'peak': 0.028507738675927267}); windows compared in place
[Coarse] pair 11: no reliable coarse offset (matcher: no matches; phasecorr: {'dx': -9310.972745874022, 'dy': 4896.252513739784, 'support': None, 'n': None, 'peak': 0.011061620189525462}); windows compared in place
[Coarse] WARNING: imw-xfeat-dense: the pairs' coarse offsets differ by up to 19 km, more than one image moves from place to place. Pairs with a wrong offset match the wrong ground (the chip consensus drops them when they are few); if most pairs disagree, check the input's pixel size and window size.
[Coarse] imw-xfeat-dense pair 1: dE=-9093.9 m dN=4821.4 m (from-pair-9, support=None, peak=None) 
imw-xfeat-dense: Processing pair 1 from disk...
imw-xfeat-dense: 0 match-sets in 0.00s
[Coarse] imw-xfeat-dense pair 2: dE=-9093.9 m dN=4821.4 m (from-pair-9, support=None, peak=None) 
imw-xfeat-dense: Processing pair 2 from disk...
imw-xfeat-dense: 0 match-sets in 0.00s
[Coarse] imw-xfeat-dense pair 3: dE=-9093.9 m dN=4821.4 m (from-pair-9, support=None, peak=None) 
imw-xfeat-dense: Processing pair 3 from disk...
imw-xfeat-dense: 0 match-sets in 0.00s
[Coarse] imw-xfeat-dense pair 4: dE=-9221.2 m dN=4881.8 m (phasecorr@180m, support=None, peak=0.05907139921188354) field 1x1 cells, dE -9682..-9682 m, dN 4878..4878 m, 0 filled
imw-xfeat-dense: Processing pair 4 from disk...
imw-xfeat-dense: 1 match-sets in 0.37s
[Coarse] imw-xfeat-dense pair 5: dE=-9227.3 m dN=4936.9 m (phasecorr@180m, support=None, peak=0.06194785504341126) field 1x1 cells, dE -9750..-9750 m, dN 4772..4772 m, 0 filled
imw-xfeat-dense: Processing pair 5 from disk...
imw-xfeat-dense: 1 match-sets in 0.28s
[Coarse] imw-xfeat-dense pair 6: dE=-9159.5 m dN=4923.5 m (phasecorr@180m, support=None, peak=0.05013165693283081) field 1x1 cells, dE -9887..-9887 m, dN 4790..4790 m, 0 filled
imw-xfeat-dense: Processing pair 6 from disk...
imw-xfeat-dense: 1 match-sets in 0.29s
[Coarse] imw-xfeat-dense pair 7: dE=-9947.3 m dN=4785.4 m (phasecorr@180m, support=None, peak=0.11055335414556809) field 1x1 cells, dE -9955..-9955 m, dN 4765..4765 m, 0 filled
imw-xfeat-dense: Processing pair 7 from disk...
imw-xfeat-dense: 1 match-sets in 0.22s
[Coarse] imw-xfeat-dense pair 8: dE=-9954.5 m dN=4779.3 m (phasecorr@180m, support=None, peak=0.1302907753461673) field 1x1 cells, dE -9962..-9962 m, dN 4753..4753 m, 0 filled
imw-xfeat-dense: Processing pair 8 from disk...
imw-xfeat-dense: 1 match-sets in 0.09s
[Coarse] imw-xfeat-dense pair 9: dE=-9059.4 m dN=4950.7 m (phasecorr@180m, support=None, peak=0.05415244971381293) field 1x1 cells, dE -9094..-9094 m, dN 4821..4821 m, 0 filled
imw-xfeat-dense: Processing pair 9 from disk...
imw-xfeat-dense: 1 match-sets in 0.25s
[Coarse] imw-xfeat-dense pair 10: dE=-9073.5 m dN=4906.4 m (phasecorr@180m, support=None, peak=0.037404243375048225) field 1x1 cells, dE -9023..-9023 m, dN 4778..4778 m, 0 filled
imw-xfeat-dense: Processing pair 10 from disk...
imw-xfeat-dense: 1 match-sets in 0.12s
[Coarse] imw-xfeat-dense pair 11: dE=-9022.9 m dN=4778.1 m (from-pair-10, support=None, peak=None) 
imw-xfeat-dense: Processing pair 11 from disk...
imw-xfeat-dense: 1 match-sets in 0.19s
[Coarse] imw-xfeat-dense pair 12: dE=-9321.8 m dN=4777.2 m (phasecorr@180m, support=None, peak=0.044330621825324164) field 1x1 cells, dE -9400..-9400 m, dN 4784..4784 m, 0 filled
imw-xfeat-dense: Processing pair 12 from disk...
imw-xfeat-dense: 1 match-sets in 0.36s
[Coarse] imw-xfeat-dense pair 13: dE=-9228.3 m dN=4825.9 m (phasecorr@180m, support=None, peak=0.03933755140516493) field 1x1 cells, dE -9272..-9272 m, dN 4847..4847 m, 0 filled
imw-xfeat-dense: Processing pair 13 from disk...
imw-xfeat-dense: 1 match-sets in 0.37s
[Coarse] imw-xfeat-dense pair 14: dE=-9308.5 m dN=4822.9 m (phasecorr@180m, support=None, peak=0.0362194667590989) field 1x1 cells, dE -9542..-9542 m, dN 4843..4843 m, 0 filled
imw-xfeat-dense: Processing pair 14 from disk...
imw-xfeat-dense: 1 match-sets in 0.21s
[Coarse] imw-xfeat-dense pair 15: dE=-19392.4 m dN=24257.7 m (phasecorr@180m, support=None, peak=0.07282278133763208) 
imw-xfeat-dense: Processing pair 15 from disk...
imw-xfeat-dense: 1 match-sets in 0.16s
Saved:
 CHIP_STATS_ALL.csv
 CHIP_STATS_SURVIVORS.csv
 CONSENSUS_SCORES.csv
 BEST_CHIP_SET.csv
 BEST_CHIP_MANIFEST.csv
 BEST_FINAL_SUMMARY.csv
[band1] imw-xfeat-dense ok in 0.2 min, peak GPU memory 1.4 of 15.6 GB
[imw-xfeat-dense] Model unloaded.
================================================================================
ALL CHANNELS COMPLETE
================================================================================
[Truth] final_same-res_imw-r2d2-nn: no consensus tables -- rebuilding them from the saved matches
No valid chip CSV files found.
[Truth] final_same-res_imw-rord-nn: no consensus tables -- rebuilding them from the saved matches
No valid chip CSV files found.
[Truth] final_same-res_imw-omniglue: no consensus tables -- rebuilding them from the saved matches
No valid chip CSV files found.
[Truth] final_same-res_imw-rdd-dense: no consensus tables -- rebuilding them from the saved matches
No valid chip CSV files found.
[Truth] 6 ground-truth point(s); tool error from a local plane through its matches within 5 km (else its error surface); consensus chips. Best detector + matcher:
    # channel  detector                   matcher setting          RMSE m  bias dE  bias dN    max m  reached  s/window
    1 band1    imw-xoftr                  internal internal magsac360    222.7      3.7   -112.0    318.2    5/6        0.3
    2 band1    imw-d2net-nn               internal internal lmeds360   3895.0  -1584.2   2874.7   6189.8    3/6        0.3
    3 band1    imw-darkfeat-nn            internal internal lmeds360   7133.7  -5702.3   2340.3   9836.7    4/6        0.3
    4 band1    dedode_L-C4_B-upright      mnn     mnn magsac360   10075.1   3449.5   7226.3  13658.2    4/6        0.3
    5 band1    dedode_L-upright_B-upright fginn   fginn_fm1 magsac360  10362.5     70.0   5537.4  17891.1    3/6        0.3
    6 band1    imw-rdd-nn                 internal internal magsac360  11266.0  -7362.0   2446.1  16157.1    4/6        0.8
    7 band1    imw-topicfm                internal internal lmeds360  11433.5   -462.6   6766.7  19698.8    3/6        0.3
    8 band1    imw-minima-roma            internal internal magsac360  12025.2   -167.9   4359.2  25796.8    5/6        1.2
    9 band1    imw-dad-roma               internal internal magsac360  14406.4  -1208.8  -3130.5  18684.3    5/6        1.4
   10 band1    dedode_L-C4-v2_B-upright   ada     ada lmeds360    15272.8    245.0   4100.4  24980.3    6/6        0.3
   11 band1    dedode_L-C4-v2_B-C4        mnn     mnn magsac360   15386.0  -3678.2  -2403.7  20343.1    3/6        0.3
   12 band1    imw-aspanformer            internal internal lmeds360  15668.4  -2569.7  10332.3  21298.5    5/6        0.5
   13 band1    hessian                    ada     ada magsac360   15998.4  -5595.3   5537.5  23331.6    3/6        0.2
   14 band1    loftr                      loftr   loftr_internal magsac360  18547.2   -559.5  17535.7  22906.2    3/6        0.2
   15 band1    dedode_L-upright_B-upright nn      nn lmeds360     18872.5  -3428.8  10157.8  32701.1    6/6        0.3
   16 band1    dog_hardnet                lgm     lgm lmeds360    19094.5   3928.1  14180.4  23636.1    3/6        0.2
   17 band1    imw-eloftr                 internal internal lmeds360  20959.1  -3706.7  16772.3  31776.7    4/6        0.2
   18 band1    disk_depth                 ada     ada lmeds360    21092.5  -1335.5   7978.8  27238.5    6/6        0.1
   19 band1    dedode_L-C4_B-C4           fginn   fginn_fm1 lmeds360  21425.5     70.4 -10454.3  41509.0    4/6        0.3
   20 band1    dedode_L-upright_B-upright ada     ada lmeds360    21977.1    -38.2   7093.0  35043.3    6/6        0.3
[Truth] best for band1: imw-xoftr + internal magsac360 -> /maintenance/ICIGDev/GPUPOC/output/output319/RIVAL_TRUTH_BEST_band1.csv
[Job] detector + matcher performance (PERFORMANCE.csv):
  channel  detector                   matcher       s/window  chips  inliers  truth RMSE m  reached  GPU GB
  band1    imw-xoftr                  internal          0.25     12      879         222.7      5/6     1.4
  band1    imw-d2net-nn               internal          0.31      6       44        3895.0      3/6     1.1
  band1    imw-darkfeat-nn            internal          0.25      6       42        7133.7      4/6     1.1
  band1    dedode_L-C4_B-upright      mnn               0.26     12     4689       10075.1      4/6     8.7
  band1    dedode_L-upright_B-upright fginn_fm1         0.27      7       81       10362.5      3/6     9.4
  band1    imw-rdd-nn                 internal          0.76     12      483       11266.0      4/6     8.7
  band1    imw-topicfm                internal          0.31      9       90       11433.5      3/6     1.7
  band1    imw-minima-roma            internal          1.18     10     2940       12025.2      5/6     5.3
  band1    imw-dad-roma               internal          1.36     11      202       14406.4      5/6     4.7
  band1    dedode_L-C4-v2_B-upright   ada               0.32     12    29593       15272.8      6/6     9.9
  band1    dedode_L-C4-v2_B-C4        mnn               0.27     12     5482       15386.0      3/6     9.0
  band1    imw-aspanformer            internal          0.47      6       85       15668.4      5/6     1.5
  band1    hessian                    ada               0.16     12    11732       15998.4      3/6     4.4
  band1    loftr                      loftr_internal      0.18     12     1750       18547.2      3/6     1.2
  band1    dedode_L-upright_B-upright nn                0.28     12   148553       18872.5      6/6     9.4
  band1    dog_hardnet                lgm               0.18      7      110       19094.5      3/6     3.9
  band1    imw-eloftr                 internal          0.24      7       52       20959.1      4/6     1.6
  band1    disk_depth                 ada               0.14     11    10211       21092.5      6/6     1.2
  band1    dedode_L-C4_B-C4           fginn_fm1         0.27     10      174       21425.5      4/6     8.5
  band1    dedode_L-upright_B-upright ada               0.28     12    16201       21977.1      6/6     9.4
  band1    dedode_L-upright_B-upright mnn               0.26     12     5314       23439.0      5/6     9.4
  band1    gftt                       nn                0.16     12    28753       24262.7      4/6     3.4
  band1    dedode_L-C4_B-upright      ada               0.29     12     1116       25847.2      6/6     8.7
  band1    keynet                     nn                0.21     12    23202       25909.8      3/6     3.0
  band1    disk_depth                 mnn               0.12     12     3494       26432.6      6/6     1.2
  band1    dedode_L-C4-v2_B-upright   nn                0.29     12   168607       26551.2      6/6     9.9
  band1    dog_hardnet                ada               0.14     10     7618       27655.6      3/6     3.9
  band1    dedode_L-C4_B-upright      nn                0.28     12   139388       27835.3      6/6     8.7
  band1    dog_hardnet                nn                0.12     12    31083       28120.0      4/6     3.9
  band1    disk_depth                 nn                0.13     12    40121       28694.0      6/6     1.2
  band1    hessian                    nn                0.16     12    36254       28926.2      4/6     4.4
  band1    imw-liftfeat-nn            internal          0.28     10       82       29230.1      4/6     4.2
  band1    dedode_L-C4-v2_B-upright   mnn               0.27     12     5761       29885.0      4/6     9.9
  band1    sift                       nn                0.11     12    30520       30880.1      6/6     3.8
  band1    dedode_L-C4-v2_B-C4        ada               0.31     12     1389       31059.5      6/6     9.0
  band1    keynet                     mnn               0.20     12     4434       31157.9      6/6     3.0
  band1    imw-dkm                    internal          1.10     10     6315       31463.8      5/6     7.3
  band1    dedode_L-upright_B-C4      mnn               0.26     12     4069       31652.6      6/6     8.8
  band1    hessian                    mnn               0.15     12     6619       32227.0      6/6     4.4
  band1    disk_epipolar              nn                0.12     12    38081       32563.7      6/6     1.2
[Job] consensus pick for band1: dedode_L-C4-v2_B-upright win3072_nfauto (mean dE -15943.9 m, dN 5824.2 m, CE90 106031.2 m) -> /maintenance/ICIGDev/GPUPOC/output/output319/RIVAL_CONSENSUS_BEST_cog_band1.csv
[Job] best for band1 by ground truth: imw-xoftr + internal magsac360 win3072_nfauto (truth RMSE 222.7 m) -> /maintenance/ICIGDev/GPUPOC/output/output319/RIVAL_BEST_cog_band1.csv
[Job] done in 23.6 min; manifest /maintenance/ICIGDev/GPUPOC/output/output319/RUN_MANIFEST.csv
