[Coarse] pair 6: no reliable coarse offset (matcher: {'dx': -19530.0, 'dy': 7875.0, 'support': 1, 'n': 3, 'peak': None}; phasecorr: {'dx': -15852.800158210905, 'dy': 18737.59796077822, 'support': None, 'n': None, 'peak': -0.0027571213742097218}); windows compared in place
[Coarse] pair 7: no reliable coarse offset (matcher: {'dx': -17955.0, 'dy': -630.0, 'support': 3, 'n': 6, 'peak': None}; phasecorr: {'dx': -17660.72648465004, 'dy': -478.5174601560547, 'support': None, 'n': None, 'peak': 0.0218074359204816}); windows compared in place
[Coarse] pair 8: no reliable coarse offset (matcher: no matches; phasecorr: {'dx': -18002.059573769864, 'dy': -489.60497923140906, 'support': None, 'n': None, 'peak': 0.011968647486368816}); windows compared in place
[Coarse] pair 11: no reliable coarse offset (matcher: no matches; phasecorr: {'dx': -18107.733154651494, 'dy': -332.5590928480355, 'support': None, 'n': None, 'peak': 0.020898853179031604}); windows compared in place
[Coarse] pair 20: no reliable coarse offset (matcher: no matches; phasecorr: {'dx': -28903.23193639674, 'dy': -12953.216285335406, 'support': None, 'n': None, 'peak': 0.008737401829825507}); windows compared in place
[Coarse] pair 26: no reliable coarse offset (matcher: no matches; phasecorr: {'dx': -96306.08142606622, 'dy': -17142.367293993742, 'support': None, 'n': None, 'peak': 0.02253384519977334}); windows compared in place
[Coarse] pair 2: phase correlation gave dE=-8934 m dN=5487 m, 10.5 km from every offset the matcher measured; using pair 14's (dE=-17955 m dN=-0 m)
[Coarse] pair 10: phase correlation gave dE=43169 m dN=-4147 m, 60.9 km from every offset the matcher measured; using pair 14's (dE=-17955 m dN=-0 m)
[Coarse] pair 12: phase correlation gave dE=-1877 m dN=10017 m, 18.8 km from every offset the matcher measured; using pair 14's (dE=-17955 m dN=-0 m)
[Coarse] pair 13: phase correlation gave dE=7584 m dN=8567 m, 26.7 km from every offset the matcher measured; using pair 14's (dE=-17955 m dN=-0 m)
[Coarse] pair 18: phase correlation gave dE=744 m dN=-16615 m, 24.6 km from every offset the matcher measured; using pair 15's (dE=-17955 m dN=-315 m)
[Coarse] pair 19: phase correlation gave dE=11920 m dN=-17918 m, 34.4 km from every offset the matcher measured; using pair 15's (dE=-17955 m dN=-315 m)
[Coarse] pair 21: phase correlation gave dE=-11414 m dN=-17047 m, 17.9 km from every offset the matcher measured; using pair 15's (dE=-17955 m dN=-315 m)
[Coarse] pair 27: phase correlation gave dE=-97898 m dN=-6012 m, 80.1 km from every offset the matcher measured; using pair 17's (dE=-17955 m dN=-315 m)
[Coarse] imw-alike-nn-kt0p2 pair 1: dE=-18062.2 m dN=-904.8 m (phasecorr@315m, support=None, peak=0.03257782713572184) 
imw-alike-nn-kt0p2: Processing pair 1 from disk...
imw-alike-nn-kt0p2: 1 match-sets in 0.12s
[Coarse] imw-alike-nn-kt0p2 pair 2: dE=-17955.0 m dN=-0.0 m (from-pair-14 (phasecorr disagreed), support=None, peak=0.03413578109976686) 
imw-alike-nn-kt0p2: Processing pair 2 from disk...
imw-alike-nn-kt0p2: 1 match-sets in 0.12s
[Coarse] imw-alike-nn-kt0p2 pair 3: dE=-18062.2 m dN=-904.8 m (from-pair-1, support=None, peak=None) 
imw-alike-nn-kt0p2: Processing pair 3 from disk...
imw-alike-nn-kt0p2: 1 match-sets in 0.08s
[Coarse] imw-alike-nn-kt0p2 pair 4: dE=-17955.0 m dN=-0.0 m (from-pair-2, support=None, peak=None) 
imw-alike-nn-kt0p2: Processing pair 4 from disk...
imw-alike-nn-kt0p2: 1 match-sets in 0.11s
[Coarse] imw-alike-nn-kt0p2 pair 5: dE=-17955.0 m dN=-0.0 m (from-pair-2, support=None, peak=None) 
imw-alike-nn-kt0p2: Processing pair 5 from disk...
imw-alike-nn-kt0p2: 1 match-sets in 0.10s
[Coarse] imw-alike-nn-kt0p2 pair 6: dE=-17955.0 m dN=-0.0 m (from-pair-2, support=None, peak=None) 
imw-alike-nn-kt0p2: Processing pair 6 from disk...
imw-alike-nn-kt0p2: 1 match-sets in 0.10s
[Coarse] imw-alike-nn-kt0p2 pair 7: dE=-17790.5 m dN=-428.0 m (from-pair-9, support=None, peak=None) 
imw-alike-nn-kt0p2: Processing pair 7 from disk...
imw-alike-nn-kt0p2: 1 match-sets in 0.30s
[Coarse] imw-alike-nn-kt0p2 pair 8: dE=-17790.5 m dN=-428.0 m (from-pair-9, support=None, peak=None) 
imw-alike-nn-kt0p2: Processing pair 8 from disk...
imw-alike-nn-kt0p2: 1 match-sets in 0.26s
[Coarse] imw-alike-nn-kt0p2 pair 9: dE=-17790.5 m dN=-428.0 m (phasecorr@315m, support=None, peak=0.031066529352914596) 
imw-alike-nn-kt0p2: Processing pair 9 from disk...
imw-alike-nn-kt0p2: 1 match-sets in 0.33s
[Coarse] imw-alike-nn-kt0p2 pair 10: dE=-17955.0 m dN=-0.0 m (from-pair-14 (phasecorr disagreed), support=None, peak=0.04791493653487985) 
imw-alike-nn-kt0p2: Processing pair 10 from disk...
imw-alike-nn-kt0p2: 1 match-sets in 0.27s
[Coarse] imw-alike-nn-kt0p2 pair 11: dE=-17955.0 m dN=-0.0 m (from-pair-10, support=None, peak=None) 
imw-alike-nn-kt0p2: Processing pair 11 from disk...
imw-alike-nn-kt0p2: 1 match-sets in 0.23s
[Coarse] imw-alike-nn-kt0p2 pair 12: dE=-17955.0 m dN=-0.0 m (from-pair-14 (phasecorr disagreed), support=None, peak=0.1047012765466431) 
imw-alike-nn-kt0p2: Processing pair 12 from disk...
imw-alike-nn-kt0p2: 0 match-sets in 0.00s
[Coarse] imw-alike-nn-kt0p2 pair 13: dE=-17955.0 m dN=-0.0 m (from-pair-14 (phasecorr disagreed), support=None, peak=0.09384612739086151) 
imw-alike-nn-kt0p2: Processing pair 13 from disk...
imw-alike-nn-kt0p2: 0 match-sets in 0.00s
[Coarse] imw-alike-nn-kt0p2 pair 14: dE=-17955.0 m dN=-0.0 m (matcher@315m, support=29, peak=None) 
imw-alike-nn-kt0p2: Processing pair 14 from disk...
imw-alike-nn-kt0p2: 1 match-sets in 0.33s
[Coarse] imw-alike-nn-kt0p2 pair 15: dE=-17955.0 m dN=-315.0 m (matcher@315m, support=60, peak=None) 
imw-alike-nn-kt0p2: Processing pair 15 from disk...
imw-alike-nn-kt0p2: 1 match-sets in 0.33s
[Coarse] imw-alike-nn-kt0p2 pair 16: dE=-17640.0 m dN=-315.0 m (matcher@315m, support=17, peak=None) 
imw-alike-nn-kt0p2: Processing pair 16 from disk...
imw-alike-nn-kt0p2: 1 match-sets in 0.24s
[Coarse] imw-alike-nn-kt0p2 pair 17: dE=-17955.0 m dN=-315.0 m (matcher@315m, support=31, peak=None) 
imw-alike-nn-kt0p2: Processing pair 17 from disk...
imw-alike-nn-kt0p2: 1 match-sets in 0.24s
[Coarse] imw-alike-nn-kt0p2 pair 18: dE=-17955.0 m dN=-315.0 m (from-pair-15 (phasecorr disagreed), support=None, peak=0.06863816733713503) 
imw-alike-nn-kt0p2: Processing pair 18 from disk...
imw-alike-nn-kt0p2: 0 match-sets in 0.00s
[Coarse] imw-alike-nn-kt0p2 pair 19: dE=-17955.0 m dN=-315.0 m (from-pair-15 (phasecorr disagreed), support=None, peak=0.15104582491848204) 
imw-alike-nn-kt0p2: Processing pair 19 from disk...
imw-alike-nn-kt0p2: 0 match-sets in 0.00s
[Coarse] imw-alike-nn-kt0p2 pair 20: dE=-17955.0 m dN=-315.0 m (from-pair-19, support=None, peak=None) 
imw-alike-nn-kt0p2: Processing pair 20 from disk...
imw-alike-nn-kt0p2: 0 match-sets in 0.00s
[Coarse] imw-alike-nn-kt0p2 pair 21: dE=-17955.0 m dN=-315.0 m (from-pair-15 (phasecorr disagreed), support=None, peak=0.036990950946454645) 
imw-alike-nn-kt0p2: Processing pair 21 from disk...
imw-alike-nn-kt0p2: 0 match-sets in 0.00s
[Coarse] imw-alike-nn-kt0p2 pair 22: dE=-17882.3 m dN=-311.5 m (phasecorr@315m, support=None, peak=0.12721613845825194) 
imw-alike-nn-kt0p2: Processing pair 22 from disk...
imw-alike-nn-kt0p2: 1 match-sets in 0.24s
[Coarse] imw-alike-nn-kt0p2 pair 23: dE=-17911.9 m dN=-326.6 m (phasecorr@315m, support=None, peak=0.12881409482955933) 
imw-alike-nn-kt0p2: Processing pair 23 from disk...
imw-alike-nn-kt0p2: 1 match-sets in 0.24s
[Coarse] imw-alike-nn-kt0p2 pair 24: dE=-17928.8 m dN=-415.6 m (phasecorr@315m, support=None, peak=0.035175936365127565) 
imw-alike-nn-kt0p2: Processing pair 24 from disk...
imw-alike-nn-kt0p2: 1 match-sets in 0.25s
[Coarse] imw-alike-nn-kt0p2 pair 25: dE=-17844.2 m dN=-348.0 m (phasecorr@315m, support=None, peak=0.15328786741892497) 
imw-alike-nn-kt0p2: Processing pair 25 from disk...
imw-alike-nn-kt0p2: 1 match-sets in 0.25s
[Coarse] imw-alike-nn-kt0p2 pair 26: dE=-17955.0 m dN=-315.0 m (from-pair-27, support=None, peak=None) 
imw-alike-nn-kt0p2: Processing pair 26 from disk...
imw-alike-nn-kt0p2: 1 match-sets in 0.15s
[Coarse] imw-alike-nn-kt0p2 pair 27: dE=-17955.0 m dN=-315.0 m (from-pair-17 (phasecorr disagreed), support=None, peak=0.05064041456057702) 
imw-alike-nn-kt0p2: Processing pair 27 from disk...
imw-alike-nn-kt0p2: 1 match-sets in 0.13s
Saved:
 CHIP_STATS_ALL.csv
 CHIP_STATS_SURVIVORS.csv
 CONSENSUS_SCORES.csv
 BEST_CHIP_SET.csv
 BEST_CHIP_MANIFEST.csv
 BEST_FINAL_SUMMARY.csv
[band1] imw-alike-nn-kt0p2 ok in 0.2 min, peak GPU memory 0.4 of 39.4 GB
[imw-alike-nn] Model unloaded.
--------------------------------------------------------------------------------
[band1] Running imw-sfd2-nn-kt0p2
[imw-sfd2-nn] Loading model...
[Coarse] pair 3: no reliable coarse offset (matcher: {'dx': -17955.0, 'dy': -630.0, 'support': 4, 'n': 6, 'peak': None}; phasecorr: {'dx': -16147.443677524008, 'dy': -26751.975000537102, 'support': None, 'n': None, 'peak': 0.00032880983234923565}); windows compared in place
[Coarse] pair 4: no reliable coarse offset (matcher: no matches; phasecorr: {'dx': 12882.472481301173, 'dy': 92621.70938170607, 'support': None, 'n': None, 'peak': -0.00012715039429841217}); windows compared in place
[Coarse] pair 5: no reliable coarse offset (matcher: {'dx': -18270.0, 'dy': -630.0, 'support': 4, 'n': 5, 'peak': None}; phasecorr: {'dx': 3156.3479216096807, 'dy': 18300.67805989782, 'support': None, 'n': None, 'peak': 0.020832994549224774}); windows compared in place
[Coarse] pair 6: no reliable coarse offset (matcher: {'dx': -16695.0, 'dy': -1102.5, 'support': 2, 'n': 4, 'peak': None}; phasecorr: {'dx': -15852.800158210905, 'dy': 18737.59796077822, 'support': None, 'n': None, 'peak': -0.0027571213742097218}); windows compared in place
[Coarse] pair 20: no reliable coarse offset (matcher: no matches; phasecorr: {'dx': -28903.23193639674, 'dy': -12953.216285335406, 'support': None, 'n': None, 'peak': 0.008737401829825507}); windows compared in place
[Coarse] pair 26: no reliable coarse offset (matcher: no matches; phasecorr: {'dx': -96306.08142606622, 'dy': -17142.367293993742, 'support': None, 'n': None, 'peak': 0.02253384519977334}); windows compared in place
[Coarse] pair 2: phase correlation gave dE=-8934 m dN=5487 m, 10.5 km from every offset the matcher measured; using pair 1's (dE=-19845 m dN=-630 m)
[Coarse] pair 10: phase correlation gave dE=43169 m dN=-4147 m, 60.9 km from every offset the matcher measured; using pair 11's (dE=-18428 m dN=-158 m)
[Coarse] pair 12: phase correlation gave dE=-1877 m dN=10017 m, 18.8 km from every offset the matcher measured; using pair 8's (dE=-17955 m dN=-315 m)
[Coarse] pair 13: phase correlation gave dE=7584 m dN=8567 m, 26.7 km from every offset the matcher measured; using pair 8's (dE=-17955 m dN=-315 m)
[Coarse] pair 18: phase correlation gave dE=744 m dN=-16615 m, 24.6 km from every offset the matcher measured; using pair 25's (dE=-17955 m dN=-315 m)
[Coarse] pair 19: phase correlation gave dE=11920 m dN=-17918 m, 34.4 km from every offset the matcher measured; using pair 25's (dE=-17955 m dN=-315 m)
[Coarse] pair 21: phase correlation gave dE=-11414 m dN=-17047 m, 17.7 km from every offset the matcher measured; using pair 25's (dE=-17955 m dN=-315 m)
[Coarse] pair 27: phase correlation gave dE=-97898 m dN=-6012 m, 78.2 km from every offset the matcher measured; using pair 23's (dE=-17955 m dN=-315 m)
[Coarse] imw-sfd2-nn-kt0p2 pair 1: dE=-19845.0 m dN=-630.0 m (matcher@315m, support=12, peak=None) 
imw-sfd2-nn-kt0p2: Processing pair 1 from disk...
imw-sfd2-nn-kt0p2: 1 match-sets in 0.66s
[Coarse] imw-sfd2-nn-kt0p2 pair 2: dE=-19845.0 m dN=-630.0 m (from-pair-1 (phasecorr disagreed), support=None, peak=0.03413578109976686) 
imw-sfd2-nn-kt0p2: Processing pair 2 from disk...
imw-sfd2-nn-kt0p2: 1 match-sets in 0.06s
[Coarse] imw-sfd2-nn-kt0p2 pair 3: dE=-19845.0 m dN=-630.0 m (from-pair-1, support=None, peak=None) 
imw-sfd2-nn-kt0p2: Processing pair 3 from disk...
imw-sfd2-nn-kt0p2: 1 match-sets in 0.06s
[Coarse] imw-sfd2-nn-kt0p2 pair 4: dE=-19845.0 m dN=-630.0 m (from-pair-2, support=None, peak=None) 
imw-sfd2-nn-kt0p2: Processing pair 4 from disk...
imw-sfd2-nn-kt0p2: 1 match-sets in 0.14s
[Coarse] imw-sfd2-nn-kt0p2 pair 5: dE=-19845.0 m dN=-630.0 m (from-pair-2, support=None, peak=None) 
imw-sfd2-nn-kt0p2: Processing pair 5 from disk...
imw-sfd2-nn-kt0p2: 1 match-sets in 0.08s
[Coarse] imw-sfd2-nn-kt0p2 pair 6: dE=-19845.0 m dN=-630.0 m (from-pair-2, support=None, peak=None) 
imw-sfd2-nn-kt0p2: Processing pair 6 from disk...
imw-sfd2-nn-kt0p2: 1 match-sets in 0.08s
[Coarse] imw-sfd2-nn-kt0p2 pair 7: dE=-17955.0 m dN=-630.0 m (matcher@315m, support=42, peak=None) 
imw-sfd2-nn-kt0p2: Processing pair 7 from disk...
imw-sfd2-nn-kt0p2: 1 match-sets in 0.99s
[Coarse] imw-sfd2-nn-kt0p2 pair 8: dE=-17955.0 m dN=-315.0 m (matcher@315m, support=25, peak=None) 
imw-sfd2-nn-kt0p2: Processing pair 8 from disk...
imw-sfd2-nn-kt0p2: 1 match-sets in 1.36s
[Coarse] imw-sfd2-nn-kt0p2 pair 9: dE=-17955.0 m dN=-630.0 m (matcher@315m, support=37, peak=None) 
imw-sfd2-nn-kt0p2: Processing pair 9 from disk...
imw-sfd2-nn-kt0p2: 1 match-sets in 0.22s
[Coarse] imw-sfd2-nn-kt0p2 pair 10: dE=-18427.5 m dN=-157.5 m (from-pair-11 (phasecorr disagreed), support=None, peak=0.04791493653487985) 
imw-sfd2-nn-kt0p2: Processing pair 10 from disk...
imw-sfd2-nn-kt0p2: 1 match-sets in 1.30s
[Coarse] imw-sfd2-nn-kt0p2 pair 11: dE=-18427.5 m dN=-157.5 m (matcher@315m, support=10, peak=None) 
imw-sfd2-nn-kt0p2: Processing pair 11 from disk...
imw-sfd2-nn-kt0p2: 1 match-sets in 0.19s
[Coarse] imw-sfd2-nn-kt0p2 pair 12: dE=-17955.0 m dN=-315.0 m (from-pair-8 (phasecorr disagreed), support=None, peak=0.1047012765466431) 
imw-sfd2-nn-kt0p2: Processing pair 12 from disk...
imw-sfd2-nn-kt0p2: 0 match-sets in 0.00s
[Coarse] imw-sfd2-nn-kt0p2 pair 13: dE=-17955.0 m dN=-315.0 m (from-pair-8 (phasecorr disagreed), support=None, peak=0.09384612739086151) 
imw-sfd2-nn-kt0p2: Processing pair 13 from disk...
imw-sfd2-nn-kt0p2: 0 match-sets in 0.00s
[Coarse] imw-sfd2-nn-kt0p2 pair 14: dE=-17955.0 m dN=-315.0 m (matcher@315m, support=152, peak=None) 
imw-sfd2-nn-kt0p2: Processing pair 14 from disk...
imw-sfd2-nn-kt0p2: 1 match-sets in 1.27s
[Coarse] imw-sfd2-nn-kt0p2 pair 15: dE=-17955.0 m dN=-315.0 m (matcher@315m, support=182, peak=None) 
imw-sfd2-nn-kt0p2: Processing pair 15 from disk...
imw-sfd2-nn-kt0p2: 1 match-sets in 0.27s
[Coarse] imw-sfd2-nn-kt0p2 pair 16: dE=-17955.0 m dN=-315.0 m (matcher@315m, support=155, peak=None) 
imw-sfd2-nn-kt0p2: Processing pair 16 from disk...
imw-sfd2-nn-kt0p2: 1 match-sets in 0.19s
[Coarse] imw-sfd2-nn-kt0p2 pair 17: dE=-17955.0 m dN=-315.0 m (matcher@315m, support=161, peak=None) 
imw-sfd2-nn-kt0p2: Processing pair 17 from disk...
imw-sfd2-nn-kt0p2: 1 match-sets in 0.19s
[Coarse] imw-sfd2-nn-kt0p2 pair 18: dE=-17955.0 m dN=-315.0 m (from-pair-25 (phasecorr disagreed), support=None, peak=0.06863816733713503) 
imw-sfd2-nn-kt0p2: Processing pair 18 from disk...
imw-sfd2-nn-kt0p2: 0 match-sets in 0.00s
[Coarse] imw-sfd2-nn-kt0p2 pair 19: dE=-17955.0 m dN=-315.0 m (from-pair-25 (phasecorr disagreed), support=None, peak=0.15104582491848204) 
imw-sfd2-nn-kt0p2: Processing pair 19 from disk...
imw-sfd2-nn-kt0p2: 0 match-sets in 0.00s
[Coarse] imw-sfd2-nn-kt0p2 pair 20: dE=-17955.0 m dN=-315.0 m (from-pair-19, support=None, peak=None) 
imw-sfd2-nn-kt0p2: Processing pair 20 from disk...
imw-sfd2-nn-kt0p2: 0 match-sets in 0.00s
[Coarse] imw-sfd2-nn-kt0p2 pair 21: dE=-17955.0 m dN=-315.0 m (from-pair-25 (phasecorr disagreed), support=None, peak=0.036990950946454645) 
imw-sfd2-nn-kt0p2: Processing pair 21 from disk...
imw-sfd2-nn-kt0p2: 0 match-sets in 0.00s
[Coarse] imw-sfd2-nn-kt0p2 pair 22: dE=-17640.0 m dN=-315.0 m (matcher@315m, support=70, peak=None) 
imw-sfd2-nn-kt0p2: Processing pair 22 from disk...
imw-sfd2-nn-kt0p2: 1 match-sets in 0.94s
[Coarse] imw-sfd2-nn-kt0p2 pair 23: dE=-17955.0 m dN=-315.0 m (matcher@315m, support=64, peak=None) 
imw-sfd2-nn-kt0p2: Processing pair 23 from disk...
imw-sfd2-nn-kt0p2: 1 match-sets in 0.21s
[Coarse] imw-sfd2-nn-kt0p2 pair 24: dE=-17955.0 m dN=0.0 m (matcher@315m, support=53, peak=None) 
imw-sfd2-nn-kt0p2: Processing pair 24 from disk...
imw-sfd2-nn-kt0p2: 1 match-sets in 0.20s
[Coarse] imw-sfd2-nn-kt0p2 pair 25: dE=-17955.0 m dN=-315.0 m (matcher@315m, support=80, peak=None) 
imw-sfd2-nn-kt0p2: Processing pair 25 from disk...
imw-sfd2-nn-kt0p2: 1 match-sets in 0.19s
[Coarse] imw-sfd2-nn-kt0p2 pair 26: dE=-17955.0 m dN=-315.0 m (from-pair-27, support=None, peak=None) 
imw-sfd2-nn-kt0p2: Processing pair 26 from disk...
imw-sfd2-nn-kt0p2: 1 match-sets in 0.21s
[Coarse] imw-sfd2-nn-kt0p2 pair 27: dE=-17955.0 m dN=-315.0 m (from-pair-23 (phasecorr disagreed), support=None, peak=0.05064041456057702) 
imw-sfd2-nn-kt0p2: Processing pair 27 from disk...
imw-sfd2-nn-kt0p2: 1 match-sets in 0.14s
Saved:
 CHIP_STATS_ALL.csv
 CHIP_STATS_SURVIVORS.csv
 CONSENSUS_SCORES.csv
 BEST_CHIP_SET.csv
 BEST_CHIP_MANIFEST.csv
 BEST_FINAL_SUMMARY.csv
[band1] imw-sfd2-nn-kt0p2 ok in 0.5 min, peak GPU memory 32.7 of 39.4 GB
[imw-sfd2-nn] Model unloaded.
--------------------------------------------------------------------------------
[band1] Running imw-rdd-nn-kt0p2
[imw-rdd-nn] Loading model...
config {'activation': 'relu', 'block_dims': [8, 16, 32, 64], 'd_model': 256, 'detection_threshold': 0.2, 'device': device(type='cuda'), 'dim_feedforward': 1024, 'dropout': 0.1, 'enc_n_points': 8, 'hidden_dim': 256, 'lr_backbone': 2e-05, 'nhead': 8, 'num_encoder_layers': 4, 'num_feature_levels': 5, 'top_k': 32000, 'train_detector': False, 'weights': '/maintenance/ICIGDev/GPUPOC/input/dqe/imw_runtime/imw_cache/huggingface/hub/models--Realcat--imcui_checkpoints/snapshots/e72b489e927e7a8202f505c1b4db1474fd22b8b7/rdd/RDD-v2.pth'}
[Coarse] pair 20: no reliable coarse offset (matcher: RuntimeError: selected index k out of range; phasecorr: {'dx': -28903.23193639674, 'dy': -12953.216285335406, 'support': None, 'n': None, 'peak': 0.008737401829825507}); windows compared in place
[Coarse] pair 26: no reliable coarse offset (matcher: no matches; phasecorr: {'dx': -96306.08142606622, 'dy': -17142.367293993742, 'support': None, 'n': None, 'peak': 0.02253384519977334}); windows compared in place
[Coarse] pair 12: phase correlation gave dE=-1877 m dN=10017 m, 18.9 km from every offset the matcher measured; using pair 8's (dE=-17826 m dN=-372 m)
[Coarse] pair 13: phase correlation gave dE=7584 m dN=8567 m, 26.8 km from every offset the matcher measured; using pair 8's (dE=-17826 m dN=-372 m)
[Coarse] pair 18: phase correlation gave dE=744 m dN=-16615 m, 24.3 km from every offset the matcher measured; using pair 25's (dE=-17875 m dN=-269 m)
[Coarse] pair 19: phase correlation gave dE=11920 m dN=-17918 m, 34.2 km from every offset the matcher measured; using pair 25's (dE=-17875 m dN=-269 m)
[Coarse] pair 21: phase correlation gave dE=-11414 m dN=-17047 m, 17.5 km from every offset the matcher measured; using pair 25's (dE=-17875 m dN=-269 m)
[Coarse] pair 27: phase correlation gave dE=-97898 m dN=-6012 m, 79.8 km from every offset the matcher measured; using pair 23's (dE=-17797 m dN=-214 m)
[Coarse] imw-rdd-nn-kt0p2 pair 1: dE=-17874.1 m dN=-495.9 m (matcher@315m, support=214, peak=None) 
imw-rdd-nn-kt0p2: Processing pair 1 from disk...
imw-rdd-nn-kt0p2: 1 match-sets in 0.71s
[Coarse] imw-rdd-nn-kt0p2 pair 2: dE=-17834.1 m dN=-583.3 m (matcher@315m, support=175, peak=None) 
imw-rdd-nn-kt0p2: Processing pair 2 from disk...
imw-rdd-nn-kt0p2: 1 match-sets in 0.13s
[Coarse] imw-rdd-nn-kt0p2 pair 3: dE=-17847.4 m dN=-504.9 m (matcher@315m, support=105, peak=None) 
imw-rdd-nn-kt0p2: Processing pair 3 from disk...
imw-rdd-nn-kt0p2: 1 match-sets in 0.13s
[Coarse] imw-rdd-nn-kt0p2 pair 4: dE=-18079.9 m dN=-666.3 m (matcher@315m, support=96, peak=None) 
imw-rdd-nn-kt0p2: Processing pair 4 from disk...
imw-rdd-nn-kt0p2: 1 match-sets in 0.86s
[Coarse] imw-rdd-nn-kt0p2 pair 5: dE=-18204.8 m dN=-613.0 m (matcher@315m, support=121, peak=None) 
imw-rdd-nn-kt0p2: Processing pair 5 from disk...
imw-rdd-nn-kt0p2: 1 match-sets in 0.15s
[Coarse] imw-rdd-nn-kt0p2 pair 6: dE=-17604.9 m dN=-654.1 m (matcher@315m, support=21, peak=None) 
imw-rdd-nn-kt0p2: Processing pair 6 from disk...
imw-rdd-nn-kt0p2: 1 match-sets in 0.16s
[Coarse] imw-rdd-nn-kt0p2 pair 7: dE=-17893.3 m dN=-396.0 m (matcher@315m, support=360, peak=None) 
imw-rdd-nn-kt0p2: Processing pair 7 from disk...
imw-rdd-nn-kt0p2: 1 match-sets in 3.38s
[Coarse] imw-rdd-nn-kt0p2 pair 8: dE=-17825.9 m dN=-372.4 m (matcher@315m, support=428, peak=None) 
imw-rdd-nn-kt0p2: Processing pair 8 from disk...
imw-rdd-nn-kt0p2: 1 match-sets in 3.81s
[Coarse] imw-rdd-nn-kt0p2 pair 9: dE=-17923.7 m dN=-428.9 m (matcher@315m, support=405, peak=None) 
imw-rdd-nn-kt0p2: Processing pair 9 from disk...
imw-rdd-nn-kt0p2: 1 match-sets in 0.45s
[Coarse] imw-rdd-nn-kt0p2 pair 10: dE=-18285.3 m dN=-363.8 m (matcher@315m, support=25, peak=None) 
imw-rdd-nn-kt0p2: Processing pair 10 from disk...
imw-rdd-nn-kt0p2: 1 match-sets in 3.30s
[Coarse] imw-rdd-nn-kt0p2 pair 11: dE=-18056.0 m dN=-290.1 m (matcher@315m, support=229, peak=None) 
imw-rdd-nn-kt0p2: Processing pair 11 from disk...
imw-rdd-nn-kt0p2: 1 match-sets in 0.37s
[Coarse] imw-rdd-nn-kt0p2 pair 12: dE=-17825.9 m dN=-372.4 m (from-pair-8 (phasecorr disagreed), support=None, peak=0.1047012765466431) 
imw-rdd-nn-kt0p2: Processing pair 12 from disk...
imw-rdd-nn-kt0p2: 0 match-sets in 0.00s
[Coarse] imw-rdd-nn-kt0p2 pair 13: dE=-17825.9 m dN=-372.4 m (from-pair-8 (phasecorr disagreed), support=None, peak=0.09384612739086151) 
imw-rdd-nn-kt0p2: Processing pair 13 from disk...
imw-rdd-nn-kt0p2: 0 match-sets in 0.00s
[Coarse] imw-rdd-nn-kt0p2 pair 14: dE=-17842.2 m dN=-165.9 m (matcher@315m, support=1354, peak=None) 
imw-rdd-nn-kt0p2: Processing pair 14 from disk...
imw-rdd-nn-kt0p2: 1 match-sets in 3.68s
[Coarse] imw-rdd-nn-kt0p2 pair 15: dE=-17922.0 m dN=-175.6 m (matcher@315m, support=1753, peak=None) 
imw-rdd-nn-kt0p2: Processing pair 15 from disk...
imw-rdd-nn-kt0p2: 1 match-sets in 0.54s
[Coarse] imw-rdd-nn-kt0p2 pair 16: dE=-17968.2 m dN=-329.3 m (matcher@315m, support=852, peak=None) 
imw-rdd-nn-kt0p2: Processing pair 16 from disk...
imw-rdd-nn-kt0p2: 1 match-sets in 0.37s
[Coarse] imw-rdd-nn-kt0p2 pair 17: dE=-18020.8 m dN=-325.1 m (matcher@315m, support=1016, peak=None) 
imw-rdd-nn-kt0p2: Processing pair 17 from disk...
imw-rdd-nn-kt0p2: 1 match-sets in 0.35s
[Coarse] imw-rdd-nn-kt0p2 pair 18: dE=-17875.4 m dN=-269.5 m (from-pair-25 (phasecorr disagreed), support=None, peak=0.06863816733713503) 
imw-rdd-nn-kt0p2: Processing pair 18 from disk...
imw-rdd-nn-kt0p2: 0 match-sets in 0.00s
[Coarse] imw-rdd-nn-kt0p2 pair 19: dE=-17875.4 m dN=-269.5 m (from-pair-25 (phasecorr disagreed), support=None, peak=0.15104582491848204) 
imw-rdd-nn-kt0p2: Processing pair 19 from disk...
imw-rdd-nn-kt0p2: 0 match-sets in 0.00s
[Coarse] imw-rdd-nn-kt0p2 pair 20: dE=-17875.4 m dN=-269.5 m (from-pair-19, support=None, peak=None) 
imw-rdd-nn-kt0p2: Processing pair 20 from disk...
imw-rdd-nn-kt0p2: 0 match-sets in 0.00s
[Coarse] imw-rdd-nn-kt0p2 pair 21: dE=-17875.4 m dN=-269.5 m (from-pair-25 (phasecorr disagreed), support=None, peak=0.036990950946454645) 
imw-rdd-nn-kt0p2: Processing pair 21 from disk...
imw-rdd-nn-kt0p2: 0 match-sets in 0.00s
[Coarse] imw-rdd-nn-kt0p2 pair 22: dE=-17834.9 m dN=-217.7 m (matcher@315m, support=406, peak=None) 
imw-rdd-nn-kt0p2: Processing pair 22 from disk...
imw-rdd-nn-kt0p2: 1 match-sets in 3.06s
[Coarse] imw-rdd-nn-kt0p2 pair 23: dE=-17797.0 m dN=-214.4 m (matcher@315m, support=473, peak=None) 
imw-rdd-nn-kt0p2: Processing pair 23 from disk...
imw-rdd-nn-kt0p2: 1 match-sets in 0.41s
[Coarse] imw-rdd-nn-kt0p2 pair 24: dE=-17925.9 m dN=-150.3 m (matcher@315m, support=440, peak=None) 
imw-rdd-nn-kt0p2: Processing pair 24 from disk...
imw-rdd-nn-kt0p2: 1 match-sets in 0.42s
[Coarse] imw-rdd-nn-kt0p2 pair 25: dE=-17875.4 m dN=-269.5 m (matcher@315m, support=454, peak=None) 
imw-rdd-nn-kt0p2: Processing pair 25 from disk...
imw-rdd-nn-kt0p2: 1 match-sets in 0.41s
[Coarse] imw-rdd-nn-kt0p2 pair 26: dE=-17797.0 m dN=-214.4 m (from-pair-27, support=None, peak=None) 
imw-rdd-nn-kt0p2: Processing pair 26 from disk...
imw-rdd-nn-kt0p2: 1 match-sets in 0.50s
[Coarse] imw-rdd-nn-kt0p2 pair 27: dE=-17797.0 m dN=-214.4 m (from-pair-23 (phasecorr disagreed), support=None, peak=0.05064041456057702) 
imw-rdd-nn-kt0p2: Processing pair 27 from disk...
imw-rdd-nn-kt0p2: 1 match-sets in 0.29s
Saved:
 CHIP_STATS_ALL.csv
 CHIP_STATS_SURVIVORS.csv
 CONSENSUS_SCORES.csv
 BEST_CHIP_SET.csv
 BEST_CHIP_MANIFEST.csv
 BEST_FINAL_SUMMARY.csv
[band1] imw-rdd-nn-kt0p2 ok in 1.2 min, peak GPU memory 16.8 of 39.4 GB
[imw-rdd-nn] Model unloaded.
--------------------------------------------------------------------------------
[band1] Running imw-liftfeat-nn-kt0p2
[imw-liftfeat-nn] Loading model...
load weight successfully.
[Coarse] pair 3: no reliable coarse offset (matcher: {'dx': -19530.0, 'dy': 3780.0, 'support': 3, 'n': 8, 'peak': None}; phasecorr: {'dx': -16147.443677524008, 'dy': -26751.975000537102, 'support': None, 'n': None, 'peak': 0.00032880983234923565}); windows compared in place
[Coarse] pair 6: no reliable coarse offset (matcher: {'dx': -17640.0, 'dy': 12915.0, 'support': 1, 'n': 6, 'peak': None}; phasecorr: {'dx': -15852.800158210905, 'dy': 18737.59796077822, 'support': None, 'n': None, 'peak': -0.0027571213742097218}); windows compared in place
[Coarse] pair 11: no reliable coarse offset (matcher: {'dx': -17955.0, 'dy': 1575.0, 'support': 1, 'n': 12, 'peak': None}; phasecorr: {'dx': -18107.733154651494, 'dy': -332.5590928480355, 'support': None, 'n': None, 'peak': 0.020898853179031604}); windows compared in place
[Coarse] pair 20: no reliable coarse offset (matcher: no matches; phasecorr: {'dx': -28903.23193639674, 'dy': -12953.216285335406, 'support': None, 'n': None, 'peak': 0.008737401829825507}); windows compared in place
[Coarse] pair 26: no reliable coarse offset (matcher: no matches; phasecorr: {'dx': -96306.08142606622, 'dy': -17142.367293993742, 'support': None, 'n': None, 'peak': 0.02253384519977334}); windows compared in place
[Coarse] pair 2: phase correlation gave dE=-8934 m dN=5487 m, 10.5 km from every offset the matcher measured; using pair 1's (dE=-17955 m dN=-630 m)
[Coarse] pair 10: phase correlation gave dE=43169 m dN=-4147 m, 60.9 km from every offset the matcher measured; using pair 8's (dE=-18112 m dN=-472 m)
[Coarse] pair 12: phase correlation gave dE=-1877 m dN=10017 m, 18.8 km from every offset the matcher measured; using pair 8's (dE=-18112 m dN=-472 m)
[Coarse] pair 13: phase correlation gave dE=7584 m dN=8567 m, 26.7 km from every offset the matcher measured; using pair 8's (dE=-18112 m dN=-472 m)
[Coarse] pair 18: phase correlation gave dE=744 m dN=-16615 m, 24.6 km from every offset the matcher measured; using pair 25's (dE=-17955 m dN=-315 m)
[Coarse] pair 19: phase correlation gave dE=11920 m dN=-17918 m, 34.4 km from every offset the matcher measured; using pair 25's (dE=-17955 m dN=-315 m)
[Coarse] pair 21: phase correlation gave dE=-11414 m dN=-17047 m, 17.7 km from every offset the matcher measured; using pair 25's (dE=-17955 m dN=-315 m)
[Coarse] pair 27: phase correlation gave dE=-97898 m dN=-6012 m, 79.8 km from every offset the matcher measured; using pair 23's (dE=-17955 m dN=-315 m)
[Coarse] imw-liftfeat-nn-kt0p2 pair 1: dE=-17955.0 m dN=-630.0 m (matcher@315m, support=23, peak=None) 
imw-liftfeat-nn-kt0p2: Processing pair 1 from disk...
imw-liftfeat-nn-kt0p2: 1 match-sets in 0.20s
[Coarse] imw-liftfeat-nn-kt0p2 pair 2: dE=-17955.0 m dN=-630.0 m (from-pair-1 (phasecorr disagreed), support=None, peak=0.03413578109976686) 
imw-liftfeat-nn-kt0p2: Processing pair 2 from disk...
imw-liftfeat-nn-kt0p2: 1 match-sets in 0.09s
[Coarse] imw-liftfeat-nn-kt0p2 pair 3: dE=-17955.0 m dN=-630.0 m (from-pair-1, support=None, peak=None) 
imw-liftfeat-nn-kt0p2: Processing pair 3 from disk...
imw-liftfeat-nn-kt0p2: 1 match-sets in 0.09s
[Coarse] imw-liftfeat-nn-kt0p2 pair 4: dE=-17955.0 m dN=-315.0 m (matcher@315m, support=18, peak=None) 
imw-liftfeat-nn-kt0p2: Processing pair 4 from disk...
imw-liftfeat-nn-kt0p2: 1 match-sets in 0.22s
[Coarse] imw-liftfeat-nn-kt0p2 pair 5: dE=-18270.0 m dN=-315.0 m (matcher@315m, support=25, peak=None) 
imw-liftfeat-nn-kt0p2: Processing pair 5 from disk...
imw-liftfeat-nn-kt0p2: 1 match-sets in 0.10s
[Coarse] imw-liftfeat-nn-kt0p2 pair 6: dE=-18270.0 m dN=-315.0 m (from-pair-5, support=None, peak=None) 
imw-liftfeat-nn-kt0p2: Processing pair 6 from disk...
imw-liftfeat-nn-kt0p2: 1 match-sets in 0.11s
[Coarse] imw-liftfeat-nn-kt0p2 pair 7: dE=-17955.0 m dN=-630.0 m (matcher@315m, support=55, peak=None) 
imw-liftfeat-nn-kt0p2: Processing pair 7 from disk...
imw-liftfeat-nn-kt0p2: 1 match-sets in 0.45s
[Coarse] imw-liftfeat-nn-kt0p2 pair 8: dE=-18112.5 m dN=-472.5 m (matcher@315m, support=18, peak=None) 
imw-liftfeat-nn-kt0p2: Processing pair 8 from disk...
imw-liftfeat-nn-kt0p2: 1 match-sets in 0.42s
[Coarse] imw-liftfeat-nn-kt0p2 pair 9: dE=-17955.0 m dN=-630.0 m (matcher@315m, support=67, peak=None) 
imw-liftfeat-nn-kt0p2: Processing pair 9 from disk...
imw-liftfeat-nn-kt0p2: 1 match-sets in 0.27s
[Coarse] imw-liftfeat-nn-kt0p2 pair 10: dE=-18112.5 m dN=-472.5 m (from-pair-8 (phasecorr disagreed), support=None, peak=0.04791493653487985) 
imw-liftfeat-nn-kt0p2: Processing pair 10 from disk...
imw-liftfeat-nn-kt0p2: 1 match-sets in 0.39s
[Coarse] imw-liftfeat-nn-kt0p2 pair 11: dE=-18112.5 m dN=-472.5 m (from-pair-10, support=None, peak=None) 
imw-liftfeat-nn-kt0p2: Processing pair 11 from disk...
imw-liftfeat-nn-kt0p2: 1 match-sets in 0.27s
[Coarse] imw-liftfeat-nn-kt0p2 pair 12: dE=-18112.5 m dN=-472.5 m (from-pair-8 (phasecorr disagreed), support=None, peak=0.1047012765466431) 
imw-liftfeat-nn-kt0p2: Processing pair 12 from disk...
imw-liftfeat-nn-kt0p2: 0 match-sets in 0.00s
[Coarse] imw-liftfeat-nn-kt0p2 pair 13: dE=-18112.5 m dN=-472.5 m (from-pair-8 (phasecorr disagreed), support=None, peak=0.09384612739086151) 
imw-liftfeat-nn-kt0p2: Processing pair 13 from disk...
imw-liftfeat-nn-kt0p2: 0 match-sets in 0.00s
[Coarse] imw-liftfeat-nn-kt0p2 pair 14: dE=-17955.0 m dN=-315.0 m (matcher@315m, support=210, peak=None) 
imw-liftfeat-nn-kt0p2: Processing pair 14 from disk...
imw-liftfeat-nn-kt0p2: 1 match-sets in 0.49s
[Coarse] imw-liftfeat-nn-kt0p2 pair 15: dE=-17955.0 m dN=-315.0 m (matcher@315m, support=430, peak=None) 
imw-liftfeat-nn-kt0p2: Processing pair 15 from disk...
imw-liftfeat-nn-kt0p2: 1 match-sets in 0.31s
[Coarse] imw-liftfeat-nn-kt0p2 pair 16: dE=-17955.0 m dN=-315.0 m (matcher@315m, support=190, peak=None) 
imw-liftfeat-nn-kt0p2: Processing pair 16 from disk...
imw-liftfeat-nn-kt0p2: 1 match-sets in 0.24s
[Coarse] imw-liftfeat-nn-kt0p2 pair 17: dE=-17955.0 m dN=-315.0 m (matcher@315m, support=287, peak=None) 
imw-liftfeat-nn-kt0p2: Processing pair 17 from disk...
imw-liftfeat-nn-kt0p2: 1 match-sets in 0.24s
[Coarse] imw-liftfeat-nn-kt0p2 pair 18: dE=-17955.0 m dN=-315.0 m (from-pair-25 (phasecorr disagreed), support=None, peak=0.06863816733713503) 
imw-liftfeat-nn-kt0p2: Processing pair 18 from disk...
imw-liftfeat-nn-kt0p2: 0 match-sets in 0.00s
[Coarse] imw-liftfeat-nn-kt0p2 pair 19: dE=-17955.0 m dN=-315.0 m (from-pair-25 (phasecorr disagreed), support=None, peak=0.15104582491848204) 
imw-liftfeat-nn-kt0p2: Processing pair 19 from disk...
imw-liftfeat-nn-kt0p2: 0 match-sets in 0.00s
[Coarse] imw-liftfeat-nn-kt0p2 pair 20: dE=-17955.0 m dN=-315.0 m (from-pair-19, support=None, peak=None) 
imw-liftfeat-nn-kt0p2: Processing pair 20 from disk...
imw-liftfeat-nn-kt0p2: 0 match-sets in 0.00s
[Coarse] imw-liftfeat-nn-kt0p2 pair 21: dE=-17955.0 m dN=-315.0 m (from-pair-25 (phasecorr disagreed), support=None, peak=0.036990950946454645) 
imw-liftfeat-nn-kt0p2: Processing pair 21 from disk...
imw-liftfeat-nn-kt0p2: 0 match-sets in 0.00s
[Coarse] imw-liftfeat-nn-kt0p2 pair 22: dE=-17640.0 m dN=-315.0 m (matcher@315m, support=53, peak=None) 
imw-liftfeat-nn-kt0p2: Processing pair 22 from disk...
imw-liftfeat-nn-kt0p2: 1 match-sets in 0.41s
[Coarse] imw-liftfeat-nn-kt0p2 pair 23: dE=-17955.0 m dN=-315.0 m (matcher@315m, support=33, peak=None) 
imw-liftfeat-nn-kt0p2: Processing pair 23 from disk...
imw-liftfeat-nn-kt0p2: 1 match-sets in 0.24s
[Coarse] imw-liftfeat-nn-kt0p2 pair 24: dE=-17955.0 m dN=-315.0 m (matcher@315m, support=67, peak=None) 
imw-liftfeat-nn-kt0p2: Processing pair 24 from disk...
imw-liftfeat-nn-kt0p2: 1 match-sets in 0.26s
[Coarse] imw-liftfeat-nn-kt0p2 pair 25: dE=-17955.0 m dN=-315.0 m (matcher@315m, support=68, peak=None) 
imw-liftfeat-nn-kt0p2: Processing pair 25 from disk...
imw-liftfeat-nn-kt0p2: 1 match-sets in 0.26s
[Coarse] imw-liftfeat-nn-kt0p2 pair 26: dE=-17955.0 m dN=-315.0 m (from-pair-27, support=None, peak=None) 
imw-liftfeat-nn-kt0p2: Processing pair 26 from disk...
imw-liftfeat-nn-kt0p2: 1 match-sets in 0.32s
[Coarse] imw-liftfeat-nn-kt0p2 pair 27: dE=-17955.0 m dN=-315.0 m (from-pair-23 (phasecorr disagreed), support=None, peak=0.05064041456057702) 
imw-liftfeat-nn-kt0p2: Processing pair 27 from disk...
imw-liftfeat-nn-kt0p2: 1 match-sets in 0.17s
Saved:
 CHIP_STATS_ALL.csv
 CHIP_STATS_SURVIVORS.csv
 CONSENSUS_SCORES.csv
 BEST_CHIP_SET.csv
 BEST_CHIP_MANIFEST.csv
 BEST_FINAL_SUMMARY.csv
[band1] imw-liftfeat-nn-kt0p2 ok in 0.2 min, peak GPU memory 3.2 of 39.4 GB
[imw-liftfeat-nn] Model unloaded.
--------------------------------------------------------------------------------
[band1] Running imw-ripe-nn-kt0p2
[imw-ripe-nn] Loading model...
INFO:ripe.models.ripe:Training with window size 8.
INFO:ripe.models.ripe:Use None as final non-linearity before the detection heatmap.
INFO:ripe.models.ripe:Training dim reduction descriptor with 960 -> 256 1x1 conv
[Coarse] pair 20: no reliable coarse offset (matcher: no matches; phasecorr: {'dx': -28903.23193639674, 'dy': -12953.216285335406, 'support': None, 'n': None, 'peak': 0.008737401829825507}); windows compared in place
[Coarse] pair 26: no reliable coarse offset (matcher: no matches; phasecorr: {'dx': -96306.08142606622, 'dy': -17142.367293993742, 'support': None, 'n': None, 'peak': 0.02253384519977334}); windows compared in place
[Coarse] pair 10: phase correlation gave dE=43169 m dN=-4147 m, 61.2 km from every offset the matcher measured; using pair 11's (dE=-17955 m dN=-315 m)
[Coarse] pair 12: phase correlation gave dE=-1877 m dN=10017 m, 19.1 km from every offset the matcher measured; using pair 8's (dE=-17955 m dN=-315 m)
[Coarse] pair 13: phase correlation gave dE=7584 m dN=8567 m, 27.0 km from every offset the matcher measured; using pair 8's (dE=-17955 m dN=-315 m)
[Coarse] pair 18: phase correlation gave dE=744 m dN=-16615 m, 24.6 km from every offset the matcher measured; using pair 25's (dE=-17955 m dN=-315 m)
[Coarse] pair 19: phase correlation gave dE=11920 m dN=-17918 m, 34.5 km from every offset the matcher measured; using pair 25's (dE=-17955 m dN=-315 m)
[Coarse] pair 21: phase correlation gave dE=-11414 m dN=-17047 m, 17.7 km from every offset the matcher measured; using pair 25's (dE=-17955 m dN=-315 m)
[Coarse] pair 27: phase correlation gave dE=-97898 m dN=-6012 m, 79.8 km from every offset the matcher measured; using pair 23's (dE=-17955 m dN=-315 m)
[Coarse] imw-ripe-nn-kt0p2 pair 1: dE=-17955.0 m dN=-630.0 m (matcher@315m, support=155, peak=None) 
imw-ripe-nn-kt0p2: Processing pair 1 from disk...
imw-ripe-nn-kt0p2: 1 match-sets in 1.57s
[Coarse] imw-ripe-nn-kt0p2 pair 2: dE=-17955.0 m dN=-630.0 m (matcher@315m, support=76, peak=None) 
imw-ripe-nn-kt0p2: Processing pair 2 from disk...
imw-ripe-nn-kt0p2: 1 match-sets in 0.09s
[Coarse] imw-ripe-nn-kt0p2 pair 3: dE=-17955.0 m dN=-630.0 m (matcher@315m, support=49, peak=None) 
imw-ripe-nn-kt0p2: Processing pair 3 from disk...
imw-ripe-nn-kt0p2: 1 match-sets in 0.09s
[Coarse] imw-ripe-nn-kt0p2 pair 4: dE=-17955.0 m dN=-630.0 m (matcher@315m, support=72, peak=None) 
imw-ripe-nn-kt0p2: Processing pair 4 from disk...
imw-ripe-nn-kt0p2: 1 match-sets in 1.89s
[Coarse] imw-ripe-nn-kt0p2 pair 5: dE=-18270.0 m dN=-630.0 m (matcher@315m, support=55, peak=None) 
imw-ripe-nn-kt0p2: Processing pair 5 from disk...
imw-ripe-nn-kt0p2: 1 match-sets in 0.11s
[Coarse] imw-ripe-nn-kt0p2 pair 6: dE=-17955.0 m dN=-630.0 m (matcher@315m, support=24, peak=None) 
imw-ripe-nn-kt0p2: Processing pair 6 from disk...
imw-ripe-nn-kt0p2: 1 match-sets in 0.10s
[Coarse] imw-ripe-nn-kt0p2 pair 7: dE=-17955.0 m dN=-630.0 m (matcher@315m, support=90, peak=None) 
imw-ripe-nn-kt0p2: Processing pair 7 from disk...
imw-ripe-nn-kt0p2: 1 match-sets in 3.71s
[Coarse] imw-ripe-nn-kt0p2 pair 8: dE=-17955.0 m dN=-315.0 m (matcher@315m, support=78, peak=None) 
imw-ripe-nn-kt0p2: Processing pair 8 from disk...
imw-ripe-nn-kt0p2: 1 match-sets in 3.56s
[Coarse] imw-ripe-nn-kt0p2 pair 9: dE=-17955.0 m dN=-630.0 m (matcher@315m, support=100, peak=None) 
imw-ripe-nn-kt0p2: Processing pair 9 from disk...
imw-ripe-nn-kt0p2: 1 match-sets in 0.27s
[Coarse] imw-ripe-nn-kt0p2 pair 10: dE=-17955.0 m dN=-315.0 m (from-pair-11 (phasecorr disagreed), support=None, peak=0.04791493653487985) 
imw-ripe-nn-kt0p2: Processing pair 10 from disk...
imw-ripe-nn-kt0p2: 1 match-sets in 3.30s
[Coarse] imw-ripe-nn-kt0p2 pair 11: dE=-17955.0 m dN=-315.0 m (matcher@315m, support=39, peak=None) 
imw-ripe-nn-kt0p2: Processing pair 11 from disk...
imw-ripe-nn-kt0p2: 1 match-sets in 0.23s
[Coarse] imw-ripe-nn-kt0p2 pair 12: dE=-17955.0 m dN=-315.0 m (from-pair-8 (phasecorr disagreed), support=None, peak=0.1047012765466431) 
imw-ripe-nn-kt0p2: Processing pair 12 from disk...
imw-ripe-nn-kt0p2: 0 match-sets in 0.00s
[Coarse] imw-ripe-nn-kt0p2 pair 13: dE=-17955.0 m dN=-315.0 m (from-pair-8 (phasecorr disagreed), support=None, peak=0.09384612739086151) 
imw-ripe-nn-kt0p2: Processing pair 13 from disk...
imw-ripe-nn-kt0p2: 0 match-sets in 0.00s
[Coarse] imw-ripe-nn-kt0p2 pair 14: dE=-17955.0 m dN=-315.0 m (matcher@315m, support=223, peak=None) 
imw-ripe-nn-kt0p2: Processing pair 14 from disk...
imw-ripe-nn-kt0p2: 1 match-sets in 3.45s
[Coarse] imw-ripe-nn-kt0p2 pair 15: dE=-17955.0 m dN=-315.0 m (matcher@315m, support=320, peak=None) 
imw-ripe-nn-kt0p2: Processing pair 15 from disk...
imw-ripe-nn-kt0p2: 1 match-sets in 0.34s
[Coarse] imw-ripe-nn-kt0p2 pair 16: dE=-17955.0 m dN=-315.0 m (matcher@315m, support=375, peak=None) 
imw-ripe-nn-kt0p2: Processing pair 16 from disk...
imw-ripe-nn-kt0p2: 1 match-sets in 0.24s
[Coarse] imw-ripe-nn-kt0p2 pair 17: dE=-17955.0 m dN=-315.0 m (matcher@315m, support=449, peak=None) 
imw-ripe-nn-kt0p2: Processing pair 17 from disk...
imw-ripe-nn-kt0p2: 1 match-sets in 0.23s
[Coarse] imw-ripe-nn-kt0p2 pair 18: dE=-17955.0 m dN=-315.0 m (from-pair-25 (phasecorr disagreed), support=None, peak=0.06863816733713503) 
imw-ripe-nn-kt0p2: Processing pair 18 from disk...
imw-ripe-nn-kt0p2: 0 match-sets in 0.00s
[Coarse] imw-ripe-nn-kt0p2 pair 19: dE=-17955.0 m dN=-315.0 m (from-pair-25 (phasecorr disagreed), support=None, peak=0.15104582491848204) 
imw-ripe-nn-kt0p2: Processing pair 19 from disk...
imw-ripe-nn-kt0p2: 0 match-sets in 0.00s
[Coarse] imw-ripe-nn-kt0p2 pair 20: dE=-17955.0 m dN=-315.0 m (from-pair-19, support=None, peak=None) 
imw-ripe-nn-kt0p2: Processing pair 20 from disk...
imw-ripe-nn-kt0p2: 0 match-sets in 0.00s
[Coarse] imw-ripe-nn-kt0p2 pair 21: dE=-17955.0 m dN=-315.0 m (from-pair-25 (phasecorr disagreed), support=None, peak=0.036990950946454645) 
imw-ripe-nn-kt0p2: Processing pair 21 from disk...
imw-ripe-nn-kt0p2: 0 match-sets in 0.00s
[Coarse] imw-ripe-nn-kt0p2 pair 22: dE=-17955.0 m dN=-315.0 m (matcher@315m, support=211, peak=None) 
imw-ripe-nn-kt0p2: Processing pair 22 from disk...
imw-ripe-nn-kt0p2: 1 match-sets in 3.34s
[Coarse] imw-ripe-nn-kt0p2 pair 23: dE=-17955.0 m dN=-315.0 m (matcher@315m, support=208, peak=None) 
imw-ripe-nn-kt0p2: Processing pair 23 from disk...
imw-ripe-nn-kt0p2: 1 match-sets in 0.26s
[Coarse] imw-ripe-nn-kt0p2 pair 24: dE=-17955.0 m dN=-315.0 m (matcher@315m, support=137, peak=None) 
imw-ripe-nn-kt0p2: Processing pair 24 from disk...
imw-ripe-nn-kt0p2: 1 match-sets in 0.27s
[Coarse] imw-ripe-nn-kt0p2 pair 25: dE=-17955.0 m dN=-315.0 m (matcher@315m, support=220, peak=None) 
imw-ripe-nn-kt0p2: Processing pair 25 from disk...
imw-ripe-nn-kt0p2: 1 match-sets in 0.26s
[Coarse] imw-ripe-nn-kt0p2 pair 26: dE=-17955.0 m dN=-315.0 m (from-pair-27, support=None, peak=None) 
imw-ripe-nn-kt0p2: Processing pair 26 from disk...
imw-ripe-nn-kt0p2: 1 match-sets in 1.60s
[Coarse] imw-ripe-nn-kt0p2 pair 27: dE=-17955.0 m dN=-315.0 m (from-pair-23 (phasecorr disagreed), support=None, peak=0.05064041456057702) 
imw-ripe-nn-kt0p2: Processing pair 27 from disk...
imw-ripe-nn-kt0p2: 1 match-sets in 0.18s
Saved:
 CHIP_STATS_ALL.csv
 CHIP_STATS_SURVIVORS.csv
 CONSENSUS_SCORES.csv
 BEST_CHIP_SET.csv
 BEST_CHIP_MANIFEST.csv
 BEST_FINAL_SUMMARY.csv
[band1] imw-ripe-nn-kt0p2 ok in 1.3 min, peak GPU memory 32.9 of 39.4 GB
[imw-ripe-nn] Model unloaded.
--------------------------------------------------------------------------------
[band1] Running imw-darkfeat-nn-kt0p2
[imw-darkfeat-nn] Loading model...
Loaded DarkFeat model
[Coarse] pair 20: no reliable coarse offset (matcher: no matches; phasecorr: {'dx': -28903.23193639674, 'dy': -12953.216285335406, 'support': None, 'n': None, 'peak': 0.008737401829825507}); windows compared in place
[Coarse] pair 26: no reliable coarse offset (matcher: no matches; phasecorr: {'dx': -96306.08142606622, 'dy': -17142.367293993742, 'support': None, 'n': None, 'peak': 0.02253384519977334}); windows compared in place
[Coarse] pair 12: phase correlation gave dE=-1877 m dN=10017 m, 18.8 km from every offset the matcher measured; using pair 8's (dE=-17640 m dN=-945 m)
[Coarse] pair 13: phase correlation gave dE=7584 m dN=8567 m, 26.7 km from every offset the matcher measured; using pair 8's (dE=-17640 m dN=-945 m)
[Coarse] pair 18: phase correlation gave dE=744 m dN=-16615 m, 24.2 km from every offset the matcher measured; using pair 25's (dE=-17640 m dN=-315 m)
[Coarse] pair 19: phase correlation gave dE=11920 m dN=-17918 m, 34.1 km from every offset the matcher measured; using pair 25's (dE=-17640 m dN=-315 m)
[Coarse] pair 21: phase correlation gave dE=-11414 m dN=-17047 m, 17.3 km from every offset the matcher measured; using pair 25's (dE=-17640 m dN=-315 m)
[Coarse] pair 27: phase correlation gave dE=-97898 m dN=-6012 m, 80.1 km from every offset the matcher measured; using pair 23's (dE=-17640 m dN=-315 m)
[Coarse] imw-darkfeat-nn-kt0p2 pair 1: dE=-17955.0 m dN=-630.0 m (matcher@315m, support=106, peak=None) 
imw-darkfeat-nn-kt0p2: Processing pair 1 from disk...
imw-darkfeat-nn-kt0p2: 1 match-sets in 0.10s
[Coarse] imw-darkfeat-nn-kt0p2 pair 2: dE=-17955.0 m dN=-630.0 m (matcher@315m, support=54, peak=None) 
imw-darkfeat-nn-kt0p2: Processing pair 2 from disk...
imw-darkfeat-nn-kt0p2: 1 match-sets in 0.09s
[Coarse] imw-darkfeat-nn-kt0p2 pair 3: dE=-17955.0 m dN=-630.0 m (matcher@315m, support=32, peak=None) 
imw-darkfeat-nn-kt0p2: Processing pair 3 from disk...
imw-darkfeat-nn-kt0p2: 1 match-sets in 0.10s
[Coarse] imw-darkfeat-nn-kt0p2 pair 4: dE=-17955.0 m dN=-315.0 m (matcher@315m, support=61, peak=None) 
imw-darkfeat-nn-kt0p2: Processing pair 4 from disk...
imw-darkfeat-nn-kt0p2: 1 match-sets in 0.14s
[Coarse] imw-darkfeat-nn-kt0p2 pair 5: dE=-17955.0 m dN=-315.0 m (matcher@315m, support=32, peak=None) 
imw-darkfeat-nn-kt0p2: Processing pair 5 from disk...
imw-darkfeat-nn-kt0p2: 1 match-sets in 0.12s
[Coarse] imw-darkfeat-nn-kt0p2 pair 6: dE=-17640.0 m dN=-945.0 m (matcher@315m, support=9, peak=None) 
imw-darkfeat-nn-kt0p2: Processing pair 6 from disk...
imw-darkfeat-nn-kt0p2: 1 match-sets in 0.12s
[Coarse] imw-darkfeat-nn-kt0p2 pair 7: dE=-17955.0 m dN=-315.0 m (matcher@315m, support=183, peak=None) 
imw-darkfeat-nn-kt0p2: Processing pair 7 from disk...
imw-darkfeat-nn-kt0p2: 1 match-sets in 0.36s
[Coarse] imw-darkfeat-nn-kt0p2 pair 8: dE=-17640.0 m dN=-945.0 m (matcher@315m, support=9, peak=None) 
imw-darkfeat-nn-kt0p2: Processing pair 8 from disk...
imw-darkfeat-nn-kt0p2: 1 match-sets in 0.39s
[Coarse] imw-darkfeat-nn-kt0p2 pair 9: dE=-17955.0 m dN=-315.0 m (matcher@315m, support=158, peak=None) 
imw-darkfeat-nn-kt0p2: Processing pair 9 from disk...
imw-darkfeat-nn-kt0p2: 1 match-sets in 0.32s
[Coarse] imw-darkfeat-nn-kt0p2 pair 10: dE=-17640.0 m dN=-315.0 m (matcher@315m, support=17, peak=None) 
imw-darkfeat-nn-kt0p2: Processing pair 10 from disk...
imw-darkfeat-nn-kt0p2: 1 match-sets in 0.32s
[Coarse] imw-darkfeat-nn-kt0p2 pair 11: dE=-17955.0 m dN=-315.0 m (matcher@315m, support=78, peak=None) 
imw-darkfeat-nn-kt0p2: Processing pair 11 from disk...
imw-darkfeat-nn-kt0p2: 1 match-sets in 0.28s
[Coarse] imw-darkfeat-nn-kt0p2 pair 12: dE=-17640.0 m dN=-945.0 m (from-pair-8 (phasecorr disagreed), support=None, peak=0.1047012765466431) 
imw-darkfeat-nn-kt0p2: Processing pair 12 from disk...
imw-darkfeat-nn-kt0p2: 0 match-sets in 0.00s
[Coarse] imw-darkfeat-nn-kt0p2 pair 13: dE=-17640.0 m dN=-945.0 m (from-pair-8 (phasecorr disagreed), support=None, peak=0.09384612739086151) 
imw-darkfeat-nn-kt0p2: Processing pair 13 from disk...
imw-darkfeat-nn-kt0p2: 0 match-sets in 0.00s
[Coarse] imw-darkfeat-nn-kt0p2 pair 14: dE=-17955.0 m dN=0.0 m (matcher@315m, support=385, peak=None) 
imw-darkfeat-nn-kt0p2: Processing pair 14 from disk...
imw-darkfeat-nn-kt0p2: 1 match-sets in 0.43s
[Coarse] imw-darkfeat-nn-kt0p2 pair 15: dE=-17955.0 m dN=0.0 m (matcher@315m, support=423, peak=None) 
imw-darkfeat-nn-kt0p2: Processing pair 15 from disk...
imw-darkfeat-nn-kt0p2: 1 match-sets in 0.38s
[Coarse] imw-darkfeat-nn-kt0p2 pair 16: dE=-17955.0 m dN=-315.0 m (matcher@315m, support=646, peak=None) 
imw-darkfeat-nn-kt0p2: Processing pair 16 from disk...
imw-darkfeat-nn-kt0p2: 1 match-sets in 0.28s
[Coarse] imw-darkfeat-nn-kt0p2 pair 17: dE=-17955.0 m dN=-315.0 m (matcher@315m, support=887, peak=None) 
imw-darkfeat-nn-kt0p2: Processing pair 17 from disk...
imw-darkfeat-nn-kt0p2: 1 match-sets in 0.28s
[Coarse] imw-darkfeat-nn-kt0p2 pair 18: dE=-17640.0 m dN=-315.0 m (from-pair-25 (phasecorr disagreed), support=None, peak=0.06863816733713503) 
imw-darkfeat-nn-kt0p2: Processing pair 18 from disk...
imw-darkfeat-nn-kt0p2: 0 match-sets in 0.00s
[Coarse] imw-darkfeat-nn-kt0p2 pair 19: dE=-17640.0 m dN=-315.0 m (from-pair-25 (phasecorr disagreed), support=None, peak=0.15104582491848204) 
imw-darkfeat-nn-kt0p2: Processing pair 19 from disk...
imw-darkfeat-nn-kt0p2: 0 match-sets in 0.00s
[Coarse] imw-darkfeat-nn-kt0p2 pair 20: dE=-17640.0 m dN=-315.0 m (from-pair-19, support=None, peak=None) 
imw-darkfeat-nn-kt0p2: Processing pair 20 from disk...
imw-darkfeat-nn-kt0p2: 0 match-sets in 0.00s
[Coarse] imw-darkfeat-nn-kt0p2 pair 21: dE=-17640.0 m dN=-315.0 m (from-pair-25 (phasecorr disagreed), support=None, peak=0.036990950946454645) 
imw-darkfeat-nn-kt0p2: Processing pair 21 from disk...
imw-darkfeat-nn-kt0p2: 0 match-sets in 0.00s
[Coarse] imw-darkfeat-nn-kt0p2 pair 22: dE=-17640.0 m dN=-315.0 m (matcher@315m, support=486, peak=None) 
imw-darkfeat-nn-kt0p2: Processing pair 22 from disk...
imw-darkfeat-nn-kt0p2: 1 match-sets in 0.33s
[Coarse] imw-darkfeat-nn-kt0p2 pair 23: dE=-17640.0 m dN=-315.0 m (matcher@315m, support=443, peak=None) 
imw-darkfeat-nn-kt0p2: Processing pair 23 from disk...
imw-darkfeat-nn-kt0p2: 1 match-sets in 0.30s
[Coarse] imw-darkfeat-nn-kt0p2 pair 24: dE=-17955.0 m dN=-315.0 m (matcher@315m, support=356, peak=None) 
imw-darkfeat-nn-kt0p2: Processing pair 24 from disk...
imw-darkfeat-nn-kt0p2: 1 match-sets in 0.32s
[Coarse] imw-darkfeat-nn-kt0p2 pair 25: dE=-17640.0 m dN=-315.0 m (matcher@315m, support=497, peak=None) 
imw-darkfeat-nn-kt0p2: Processing pair 25 from disk...
imw-darkfeat-nn-kt0p2: 1 match-sets in 0.30s
[Coarse] imw-darkfeat-nn-kt0p2 pair 26: dE=-17640.0 m dN=-315.0 m (from-pair-27, support=None, peak=None) 
imw-darkfeat-nn-kt0p2: Processing pair 26 from disk...
imw-darkfeat-nn-kt0p2: 1 match-sets in 0.23s
[Coarse] imw-darkfeat-nn-kt0p2 pair 27: dE=-17640.0 m dN=-315.0 m (from-pair-23 (phasecorr disagreed), support=None, peak=0.05064041456057702) 
imw-darkfeat-nn-kt0p2: Processing pair 27 from disk...
imw-darkfeat-nn-kt0p2: 1 match-sets in 0.21s
Saved:
 CHIP_STATS_ALL.csv
 CHIP_STATS_SURVIVORS.csv
 CONSENSUS_SCORES.csv
 BEST_CHIP_SET.csv
 BEST_CHIP_MANIFEST.csv
 BEST_FINAL_SUMMARY.csv
[band1] imw-darkfeat-nn-kt0p2 ok in 0.2 min, peak GPU memory 3.2 of 39.4 GB
[imw-darkfeat-nn] Model unloaded.
--------------------------------------------------------------------------------
[band1] Running imw-lanet-nn-kt0p2
[imw-lanet-nn] Loading model...
[Coarse] pair 3: no reliable coarse offset (matcher: {'dx': -17949.537391662598, 'dy': -778.3868408203125, 'support': 5, 'n': 8, 'peak': None}; phasecorr: {'dx': -16147.443677524008, 'dy': -26751.975000537102, 'support': None, 'n': None, 'peak': 0.00032880983234923565}); windows compared in place
[Coarse] pair 4: no reliable coarse offset (matcher: no matches; phasecorr: {'dx': 12882.472481301173, 'dy': 92621.70938170607, 'support': None, 'n': None, 'peak': -0.00012715039429841217}); windows compared in place
[Coarse] pair 5: no reliable coarse offset (matcher: no matches; phasecorr: {'dx': 3156.3479216096807, 'dy': 18300.67805989782, 'support': None, 'n': None, 'peak': 0.020832994549224774}); windows compared in place
[Coarse] pair 6: no reliable coarse offset (matcher: no matches; phasecorr: {'dx': -15852.800158210905, 'dy': 18737.59796077822, 'support': None, 'n': None, 'peak': -0.0027571213742097218}); windows compared in place
[Coarse] pair 11: no reliable coarse offset (matcher: no matches; phasecorr: {'dx': -18107.733154651494, 'dy': -332.5590928480355, 'support': None, 'n': None, 'peak': 0.020898853179031604}); windows compared in place
[Coarse] pair 20: no reliable coarse offset (matcher: no matches; phasecorr: {'dx': -28903.23193639674, 'dy': -12953.216285335406, 'support': None, 'n': None, 'peak': 0.008737401829825507}); windows compared in place
[Coarse] pair 26: no reliable coarse offset (matcher: no matches; phasecorr: {'dx': -96306.08142606622, 'dy': -17142.367293993742, 'support': None, 'n': None, 'peak': 0.02253384519977334}); windows compared in place
[Coarse] pair 2: phase correlation gave dE=-8934 m dN=5487 m, 10.5 km from every offset the matcher measured; using pair 1's (dE=-18071 m dN=-520 m)
[Coarse] pair 10: phase correlation gave dE=43169 m dN=-4147 m, 61.1 km from every offset the matcher measured; using pair 8's (dE=-17850 m dN=-420 m)
[Coarse] pair 12: phase correlation gave dE=-1877 m dN=10017 m, 18.9 km from every offset the matcher measured; using pair 8's (dE=-17850 m dN=-420 m)
[Coarse] pair 13: phase correlation gave dE=7584 m dN=8567 m, 26.9 km from every offset the matcher measured; using pair 8's (dE=-17850 m dN=-420 m)
[Coarse] pair 18: phase correlation gave dE=744 m dN=-16615 m, 24.6 km from every offset the matcher measured; using pair 25's (dE=-17807 m dN=-317 m)
[Coarse] pair 19: phase correlation gave dE=11920 m dN=-17918 m, 34.5 km from every offset the matcher measured; using pair 25's (dE=-17807 m dN=-317 m)
[Coarse] pair 21: phase correlation gave dE=-11414 m dN=-17047 m, 17.7 km from every offset the matcher measured; using pair 25's (dE=-17807 m dN=-317 m)
[Coarse] pair 27: phase correlation gave dE=-97898 m dN=-6012 m, 80.0 km from every offset the matcher measured; using pair 23's (dE=-17810 m dN=-241 m)
[Coarse] imw-lanet-nn-kt0p2 pair 1: dE=-18070.8 m dN=-520.3 m (matcher@315m, support=21, peak=None) 
imw-lanet-nn-kt0p2: Processing pair 1 from disk...
imw-lanet-nn-kt0p2: 1 match-sets in 0.09s
[Coarse] imw-lanet-nn-kt0p2 pair 2: dE=-18070.8 m dN=-520.3 m (from-pair-1 (phasecorr disagreed), support=None, peak=0.03413578109976686) 
imw-lanet-nn-kt0p2: Processing pair 2 from disk...
imw-lanet-nn-kt0p2: 1 match-sets in 0.07s
[Coarse] imw-lanet-nn-kt0p2 pair 3: dE=-18070.8 m dN=-520.3 m (from-pair-1, support=None, peak=None) 
imw-lanet-nn-kt0p2: Processing pair 3 from disk...
imw-lanet-nn-kt0p2: 1 match-sets in 0.07s
[Coarse] imw-lanet-nn-kt0p2 pair 4: dE=-18070.8 m dN=-520.3 m (from-pair-2, support=None, peak=None) 
imw-lanet-nn-kt0p2: Processing pair 4 from disk...
imw-lanet-nn-kt0p2: 1 match-sets in 0.10s
[Coarse] imw-lanet-nn-kt0p2 pair 5: dE=-18070.8 m dN=-520.3 m (from-pair-2, support=None, peak=None) 
imw-lanet-nn-kt0p2: Processing pair 5 from disk...
imw-lanet-nn-kt0p2: 1 match-sets in 0.07s
[Coarse] imw-lanet-nn-kt0p2 pair 6: dE=-18070.8 m dN=-520.3 m (from-pair-2, support=None, peak=None) 
imw-lanet-nn-kt0p2: Processing pair 6 from disk...
imw-lanet-nn-kt0p2: 1 match-sets in 0.08s
[Coarse] imw-lanet-nn-kt0p2 pair 7: dE=-17912.6 m dN=-557.6 m (matcher@315m, support=67, peak=None) 
imw-lanet-nn-kt0p2: Processing pair 7 from disk...
imw-lanet-nn-kt0p2: 1 match-sets in 0.24s
[Coarse] imw-lanet-nn-kt0p2 pair 8: dE=-17849.5 m dN=-419.8 m (matcher@315m, support=22, peak=None) 
imw-lanet-nn-kt0p2: Processing pair 8 from disk...
imw-lanet-nn-kt0p2: 1 match-sets in 0.24s
[Coarse] imw-lanet-nn-kt0p2 pair 9: dE=-17938.1 m dN=-543.6 m (matcher@315m, support=66, peak=None) 
imw-lanet-nn-kt0p2: Processing pair 9 from disk...
imw-lanet-nn-kt0p2: 1 match-sets in 0.22s
[Coarse] imw-lanet-nn-kt0p2 pair 10: dE=-17849.5 m dN=-419.8 m (from-pair-8 (phasecorr disagreed), support=None, peak=0.04791493653487985) 
imw-lanet-nn-kt0p2: Processing pair 10 from disk...
imw-lanet-nn-kt0p2: 1 match-sets in 0.20s
[Coarse] imw-lanet-nn-kt0p2 pair 11: dE=-17849.5 m dN=-419.8 m (from-pair-10, support=None, peak=None) 
imw-lanet-nn-kt0p2: Processing pair 11 from disk...
imw-lanet-nn-kt0p2: 1 match-sets in 0.18s
[Coarse] imw-lanet-nn-kt0p2 pair 12: dE=-17849.5 m dN=-419.8 m (from-pair-8 (phasecorr disagreed), support=None, peak=0.1047012765466431) 
imw-lanet-nn-kt0p2: Processing pair 12 from disk...
imw-lanet-nn-kt0p2: 0 match-sets in 0.00s
[Coarse] imw-lanet-nn-kt0p2 pair 13: dE=-17849.5 m dN=-419.8 m (from-pair-8 (phasecorr disagreed), support=None, peak=0.09384612739086151) 
imw-lanet-nn-kt0p2: Processing pair 13 from disk...
imw-lanet-nn-kt0p2: 0 match-sets in 0.00s
[Coarse] imw-lanet-nn-kt0p2 pair 14: dE=-17880.8 m dN=-197.2 m (matcher@315m, support=305, peak=None) 
imw-lanet-nn-kt0p2: Processing pair 14 from disk...
imw-lanet-nn-kt0p2: 1 match-sets in 0.30s
[Coarse] imw-lanet-nn-kt0p2 pair 15: dE=-17933.4 m dN=-235.5 m (matcher@315m, support=367, peak=None) 
imw-lanet-nn-kt0p2: Processing pair 15 from disk...
imw-lanet-nn-kt0p2: 1 match-sets in 0.28s
[Coarse] imw-lanet-nn-kt0p2 pair 16: dE=-17968.9 m dN=-166.0 m (matcher@315m, support=225, peak=None) 
imw-lanet-nn-kt0p2: Processing pair 16 from disk...
imw-lanet-nn-kt0p2: 1 match-sets in 0.20s
[Coarse] imw-lanet-nn-kt0p2 pair 17: dE=-17971.6 m dN=-196.5 m (matcher@315m, support=282, peak=None) 
imw-lanet-nn-kt0p2: Processing pair 17 from disk...
imw-lanet-nn-kt0p2: 1 match-sets in 0.19s
[Coarse] imw-lanet-nn-kt0p2 pair 18: dE=-17806.9 m dN=-316.6 m (from-pair-25 (phasecorr disagreed), support=None, peak=0.06863816733713503) 
imw-lanet-nn-kt0p2: Processing pair 18 from disk...
imw-lanet-nn-kt0p2: 0 match-sets in 0.00s
[Coarse] imw-lanet-nn-kt0p2 pair 19: dE=-17806.9 m dN=-316.6 m (from-pair-25 (phasecorr disagreed), support=None, peak=0.15104582491848204) 
imw-lanet-nn-kt0p2: Processing pair 19 from disk...
imw-lanet-nn-kt0p2: 0 match-sets in 0.00s
[Coarse] imw-lanet-nn-kt0p2 pair 20: dE=-17806.9 m dN=-316.6 m (from-pair-19, support=None, peak=None) 
imw-lanet-nn-kt0p2: Processing pair 20 from disk...
imw-lanet-nn-kt0p2: 0 match-sets in 0.00s
[Coarse] imw-lanet-nn-kt0p2 pair 21: dE=-17806.9 m dN=-316.6 m (from-pair-25 (phasecorr disagreed), support=None, peak=0.036990950946454645) 
imw-lanet-nn-kt0p2: Processing pair 21 from disk...
imw-lanet-nn-kt0p2: 0 match-sets in 0.00s
[Coarse] imw-lanet-nn-kt0p2 pair 22: dE=-17818.9 m dN=-227.0 m (matcher@315m, support=100, peak=None) 
imw-lanet-nn-kt0p2: Processing pair 22 from disk...
imw-lanet-nn-kt0p2: 1 match-sets in 0.21s
[Coarse] imw-lanet-nn-kt0p2 pair 23: dE=-17810.3 m dN=-240.9 m (matcher@315m, support=101, peak=None) 
imw-lanet-nn-kt0p2: Processing pair 23 from disk...
imw-lanet-nn-kt0p2: 1 match-sets in 0.20s
[Coarse] imw-lanet-nn-kt0p2 pair 24: dE=-17831.7 m dN=-165.2 m (matcher@315m, support=64, peak=None) 
imw-lanet-nn-kt0p2: Processing pair 24 from disk...
imw-lanet-nn-kt0p2: 1 match-sets in 0.20s
[Coarse] imw-lanet-nn-kt0p2 pair 25: dE=-17806.9 m dN=-316.6 m (matcher@315m, support=116, peak=None) 
imw-lanet-nn-kt0p2: Processing pair 25 from disk...
imw-lanet-nn-kt0p2: 1 match-sets in 0.20s
[Coarse] imw-lanet-nn-kt0p2 pair 26: dE=-17810.3 m dN=-240.9 m (from-pair-27, support=None, peak=None) 
imw-lanet-nn-kt0p2: Processing pair 26 from disk...
imw-lanet-nn-kt0p2: 1 match-sets in 0.17s
[Coarse] imw-lanet-nn-kt0p2 pair 27: dE=-17810.3 m dN=-240.9 m (from-pair-23 (phasecorr disagreed), support=None, peak=0.05064041456057702) 
imw-lanet-nn-kt0p2: Processing pair 27 from disk...
imw-lanet-nn-kt0p2: 1 match-sets in 0.14s
Saved:
 CHIP_STATS_ALL.csv
 CHIP_STATS_SURVIVORS.csv
 CONSENSUS_SCORES.csv
 BEST_CHIP_SET.csv
 BEST_CHIP_MANIFEST.csv
 BEST_FINAL_SUMMARY.csv
[band1] imw-lanet-nn-kt0p2 ok in 0.2 min, peak GPU memory 1.1 of 39.4 GB
[imw-lanet-nn] Model unloaded.
--------------------------------------------------------------------------------
[band1] Running imw-minima-loftr
[imw-minima-loftr] Loading model...
[Coarse] pair 7: no reliable coarse offset (matcher: {'dx': -19970.080032348633, 'dy': -17181.20819091797, 'support': 4, 'n': 4, 'peak': None}; phasecorr: {'dx': -17660.72648465004, 'dy': -478.5174601560547, 'support': None, 'n': None, 'peak': 0.0218074359204816}); windows compared in place
[Coarse] pair 20: no reliable coarse offset (matcher: no matches; phasecorr: {'dx': -28903.23193639674, 'dy': -12953.216285335406, 'support': None, 'n': None, 'peak': 0.008737401829825507}); windows compared in place
[Coarse] pair 26: no reliable coarse offset (matcher: {'dx': 15699.703388214111, 'dy': 18293.610219955444, 'support': 2, 'n': 3, 'peak': None}; phasecorr: {'dx': -96306.08142606622, 'dy': -17142.367293993742, 'support': None, 'n': None, 'peak': 0.02253384519977334}); windows compared in place
[Coarse] pair 10: the matcher gave dE=3678 m dN=20250 m on 8 matches, apart from the 18 pairs that agree; using pair 11's (dE=-18171 m dN=-76 m)
[Coarse] pair 12: phase correlation gave dE=-1877 m dN=10017 m, 18.8 km from every offset the matcher measured; using pair 8's (dE=-17903 m dN=-1150 m)
[Coarse] pair 13: phase correlation gave dE=7584 m dN=8567 m, 26.7 km from every offset the matcher measured; using pair 8's (dE=-17903 m dN=-1150 m)
[Coarse] pair 18: phase correlation gave dE=744 m dN=-16615 m, 20.9 km from every offset the matcher measured; using pair 25's (dE=-17542 m dN=-427 m)
[Coarse] pair 19: phase correlation gave dE=11920 m dN=-17918 m, 32.1 km from every offset the matcher measured; using pair 25's (dE=-17542 m dN=-427 m)
[Coarse] pair 21: phase correlation gave dE=-11414 m dN=-17047 m, 8.8 km from every offset the matcher measured; using pair 25's (dE=-17542 m dN=-427 m)
[Coarse] pair 27: phase correlation gave dE=-97898 m dN=-6012 m, 78.5 km from every offset the matcher measured; using pair 23's (dE=-17510 m dN=-410 m)
[Coarse] WARNING: imw-minima-loftr: the pairs' coarse offsets differ by up to 17 km, more than one image moves from place to place. Pairs with a wrong offset match the wrong ground (the chip consensus drops them when they are few); if most pairs disagree, check the input's pixel size and window size.
[Coarse] imw-minima-loftr pair 1: dE=-17889.6 m dN=-777.3 m (matcher@315m, support=123, peak=None) 
imw-minima-loftr: Processing pair 1 from disk...
imw-minima-loftr: 1 match-sets in 2.03s
[Coarse] imw-minima-loftr pair 2: dE=-20174.7 m dN=-16940.4 m (matcher@315m, support=8, peak=None) 
imw-minima-loftr: Processing pair 2 from disk...
imw-minima-loftr: 1 match-sets in 0.08s
[Coarse] imw-minima-loftr pair 3: dE=-18016.4 m dN=-1116.5 m (matcher@315m, support=33, peak=None) 
imw-minima-loftr: Processing pair 3 from disk...
imw-minima-loftr: 1 match-sets in 0.08s
[Coarse] imw-minima-loftr pair 4: dE=-18462.5 m dN=-258.5 m (matcher@315m, support=48, peak=None) 
imw-minima-loftr: Processing pair 4 from disk...
imw-minima-loftr: 1 match-sets in 1.64s
[Coarse] imw-minima-loftr pair 5: dE=-18546.9 m dN=-232.7 m (matcher@315m, support=58, peak=None) 
imw-minima-loftr: Processing pair 5 from disk...
imw-minima-loftr: 1 match-sets in 0.08s
[Coarse] imw-minima-loftr pair 6: dE=-18574.0 m dN=-206.3 m (matcher@315m, support=21, peak=None) 
imw-minima-loftr: Processing pair 6 from disk...
imw-minima-loftr: 1 match-sets in 0.08s
[Coarse] imw-minima-loftr pair 7: dE=-18008.8 m dN=-1161.8 m (from-pair-9, support=None, peak=None) 
imw-minima-loftr: Processing pair 7 from disk...
imw-minima-loftr: 1 match-sets in 4.08s
[Coarse] imw-minima-loftr pair 8: dE=-17903.1 m dN=-1150.5 m (matcher@315m, support=10, peak=None) 
imw-minima-loftr: Processing pair 8 from disk...
imw-minima-loftr: 1 match-sets in 4.71s
[Coarse] imw-minima-loftr pair 9: dE=-18008.8 m dN=-1161.8 m (matcher@315m, support=20, peak=None) 
imw-minima-loftr: Processing pair 9 from disk...
imw-minima-loftr: 1 match-sets in 0.24s
[Coarse] imw-minima-loftr pair 10: dE=-18171.2 m dN=-76.1 m (from-pair-11 (matcher outlier), support=None, peak=None) 
imw-minima-loftr: Processing pair 10 from disk...
imw-minima-loftr: 1 match-sets in 2.20s
[Coarse] imw-minima-loftr pair 11: dE=-18171.2 m dN=-76.1 m (matcher@315m, support=105, peak=None) 
imw-minima-loftr: Processing pair 11 from disk...
imw-minima-loftr: 1 match-sets in 0.20s
[Coarse] imw-minima-loftr pair 12: dE=-17903.1 m dN=-1150.5 m (from-pair-8 (phasecorr disagreed), support=None, peak=0.1047012765466431) 
imw-minima-loftr: Processing pair 12 from disk...
imw-minima-loftr: 0 match-sets in 0.00s
[Coarse] imw-minima-loftr pair 13: dE=-17903.1 m dN=-1150.5 m (from-pair-8 (phasecorr disagreed), support=None, peak=0.09384612739086151) 
imw-minima-loftr: Processing pair 13 from disk...
imw-minima-loftr: 0 match-sets in 0.00s
[Coarse] imw-minima-loftr pair 14: dE=-17723.4 m dN=-513.6 m (matcher@315m, support=561, peak=None) 
imw-minima-loftr: Processing pair 14 from disk...
imw-minima-loftr: 1 match-sets in 2.20s
[Coarse] imw-minima-loftr pair 15: dE=-17777.7 m dN=-517.2 m (matcher@315m, support=955, peak=None) 
imw-minima-loftr: Processing pair 15 from disk...
imw-minima-loftr: 1 match-sets in 0.31s
[Coarse] imw-minima-loftr pair 16: dE=-18001.9 m dN=-234.1 m (matcher@315m, support=408, peak=None) 
imw-minima-loftr: Processing pair 16 from disk...
imw-minima-loftr: 1 match-sets in 0.22s
[Coarse] imw-minima-loftr pair 17: dE=-18072.5 m dN=-224.8 m (matcher@315m, support=741, peak=None) 
imw-minima-loftr: Processing pair 17 from disk...
imw-minima-loftr: 1 match-sets in 0.22s
[Coarse] imw-minima-loftr pair 18: dE=-17542.1 m dN=-427.0 m (from-pair-25 (phasecorr disagreed), support=None, peak=0.06863816733713503) 
imw-minima-loftr: Processing pair 18 from disk...
imw-minima-loftr: 0 match-sets in 0.00s
[Coarse] imw-minima-loftr pair 19: dE=-17542.1 m dN=-427.0 m (from-pair-25 (phasecorr disagreed), support=None, peak=0.15104582491848204) 
imw-minima-loftr: Processing pair 19 from disk...
imw-minima-loftr: 0 match-sets in 0.00s
[Coarse] imw-minima-loftr pair 20: dE=-17542.1 m dN=-427.0 m (from-pair-19, support=None, peak=None) 
imw-minima-loftr: Processing pair 20 from disk...
imw-minima-loftr: 0 match-sets in 0.00s
[Coarse] imw-minima-loftr pair 21: dE=-17542.1 m dN=-427.0 m (from-pair-25 (phasecorr disagreed), support=None, peak=0.036990950946454645) 
imw-minima-loftr: Processing pair 21 from disk...
imw-minima-loftr: 0 match-sets in 0.00s
[Coarse] imw-minima-loftr pair 22: dE=-17505.9 m dN=-423.0 m (matcher@315m, support=521, peak=None) 
imw-minima-loftr: Processing pair 22 from disk...
imw-minima-loftr: 1 match-sets in 1.74s
[Coarse] imw-minima-loftr pair 23: dE=-17510.0 m dN=-409.8 m (matcher@315m, support=452, peak=None) 
imw-minima-loftr: Processing pair 23 from disk...
imw-minima-loftr: 1 match-sets in 0.22s
[Coarse] imw-minima-loftr pair 24: dE=-17533.9 m dN=-396.5 m (matcher@315m, support=503, peak=None) 
imw-minima-loftr: Processing pair 24 from disk...
imw-minima-loftr: 1 match-sets in 0.23s
[Coarse] imw-minima-loftr pair 25: dE=-17542.1 m dN=-427.0 m (matcher@315m, support=523, peak=None) 
imw-minima-loftr: Processing pair 25 from disk...
imw-minima-loftr: 1 match-sets in 0.22s
[Coarse] imw-minima-loftr pair 26: dE=-17510.0 m dN=-409.8 m (from-pair-27, support=None, peak=None) 
imw-minima-loftr: Processing pair 26 from disk...
imw-minima-loftr: 1 match-sets in 1.77s
[Coarse] imw-minima-loftr pair 27: dE=-17510.0 m dN=-409.8 m (from-pair-23 (phasecorr disagreed), support=None, peak=0.05064041456057702) 
imw-minima-loftr: Processing pair 27 from disk...
imw-minima-loftr: 0 match-sets in 0.14s
Saved:
 CHIP_STATS_ALL.csv
 CHIP_STATS_SURVIVORS.csv
 CONSENSUS_SCORES.csv
 BEST_CHIP_SET.csv
 BEST_CHIP_MANIFEST.csv
 BEST_FINAL_SUMMARY.csv
[band1] imw-minima-loftr ok in 1.1 min, peak GPU memory 33.0 of 39.4 GB
[imw-minima-loftr] Model unloaded.
--------------------------------------------------------------------------------
[band1] Running imw-minima-roma
[imw-minima-roma] Loading model...
[Coarse] pair 26: no reliable coarse offset (matcher: no matches; phasecorr: {'dx': -96306.08142606622, 'dy': -17142.367293993742, 'support': None, 'n': None, 'peak': 0.02253384519977334}); windows compared in place
[Coarse] pair 12: the matcher gave dE=4966 m dN=-20508 m on 109 matches, apart from the 20 pairs that agree; using pair 8's (dE=-17917 m dN=-579 m)
[Coarse] pair 13: the matcher gave dE=3778 m dN=-20672 m on 56 matches, apart from the 20 pairs that agree; using pair 8's (dE=-17917 m dN=-579 m)
[Coarse] pair 20: the matcher gave dE=10302 m dN=-20760 m on 45 matches, apart from the 20 pairs that agree; using pair 25's (dE=-17780 m dN=-313 m)
[Coarse] pair 10: phase correlation gave dE=43169 m dN=-4147 m, 61.1 km from every offset the matcher measured; using pair 11's (dE=-18005 m dN=-311 m)
[Coarse] pair 18: phase correlation gave dE=744 m dN=-16615 m, 24.6 km from every offset the matcher measured; using pair 25's (dE=-17780 m dN=-313 m)
[Coarse] pair 19: phase correlation gave dE=11920 m dN=-17918 m, 34.5 km from every offset the matcher measured; using pair 25's (dE=-17780 m dN=-313 m)
[Coarse] pair 21: phase correlation gave dE=-11414 m dN=-17047 m, 17.6 km from every offset the matcher measured; using pair 25's (dE=-17780 m dN=-313 m)
[Coarse] WARNING: imw-minima-roma: the pairs' coarse offsets differ by up to 13 km, more than one image moves from place to place. Pairs with a wrong offset match the wrong ground (the chip consensus drops them when they are few); if most pairs disagree, check the input's pixel size and window size.
[Coarse] imw-minima-roma pair 1: dE=-17980.3 m dN=-636.1 m (matcher@315m, support=2768, peak=None) 
imw-minima-roma: Processing pair 1 from disk...
imw-minima-roma: 1 match-sets in 0.58s
[Coarse] imw-minima-roma pair 2: dE=-18004.3 m dN=-636.6 m (matcher@315m, support=2240, peak=None) 
imw-minima-roma: Processing pair 2 from disk...
imw-minima-roma: 1 match-sets in 0.60s
[Coarse] imw-minima-roma pair 3: dE=-17956.7 m dN=-669.5 m (matcher@315m, support=2117, peak=None) 
imw-minima-roma: Processing pair 3 from disk...
imw-minima-roma: 1 match-sets in 0.60s
[Coarse] imw-minima-roma pair 4: dE=-18110.6 m dN=-445.3 m (matcher@315m, support=3223, peak=None) 
imw-minima-roma: Processing pair 4 from disk...
imw-minima-roma: 1 match-sets in 0.61s
[Coarse] imw-minima-roma pair 5: dE=-18170.8 m dN=-459.1 m (matcher@315m, support=2526, peak=None) 
imw-minima-roma: Processing pair 5 from disk...
imw-minima-roma: 1 match-sets in 0.61s
[Coarse] imw-minima-roma pair 6: dE=-18174.1 m dN=-442.9 m (matcher@315m, support=2429, peak=None) 
imw-minima-roma: Processing pair 6 from disk...
imw-minima-roma: 1 match-sets in 0.61s
[Coarse] imw-minima-roma pair 7: dE=-17910.8 m dN=-569.6 m (matcher@315m, support=2753, peak=None) 
imw-minima-roma: Processing pair 7 from disk...
imw-minima-roma: 1 match-sets in 0.78s
[Coarse] imw-minima-roma pair 8: dE=-17917.4 m dN=-578.7 m (matcher@315m, support=853, peak=None) 
imw-minima-roma: Processing pair 8 from disk...
imw-minima-roma: 1 match-sets in 0.80s
[Coarse] imw-minima-roma pair 9: dE=-17893.5 m dN=-566.1 m (matcher@315m, support=2908, peak=None) 
imw-minima-roma: Processing pair 9 from disk...
imw-minima-roma: 1 match-sets in 0.74s
[Coarse] imw-minima-roma pair 10: dE=-18005.0 m dN=-311.2 m (from-pair-11 (phasecorr disagreed), support=None, peak=0.04791493653487985) 
imw-minima-roma: Processing pair 10 from disk...
imw-minima-roma: 1 match-sets in 0.74s
[Coarse] imw-minima-roma pair 11: dE=-18005.0 m dN=-311.2 m (matcher@315m, support=2977, peak=None) 
imw-minima-roma: Processing pair 11 from disk...
imw-minima-roma: 1 match-sets in 0.70s
[Coarse] imw-minima-roma pair 12: dE=-17917.4 m dN=-578.7 m (from-pair-8 (matcher outlier), support=None, peak=None) 
imw-minima-roma: Processing pair 12 from disk...
imw-minima-roma: 0 match-sets in 0.00s
[Coarse] imw-minima-roma pair 13: dE=-17917.4 m dN=-578.7 m (from-pair-8 (matcher outlier), support=None, peak=None) 
imw-minima-roma: Processing pair 13 from disk...
imw-minima-roma: 0 match-sets in 0.00s
[Coarse] imw-minima-roma pair 14: dE=-17883.5 m dN=-216.5 m (matcher@315m, support=3719, peak=None) 
imw-minima-roma: Processing pair 14 from disk...
imw-minima-roma: 1 match-sets in 0.83s
[Coarse] imw-minima-roma pair 15: dE=-17888.0 m dN=-250.0 m (matcher@315m, support=3869, peak=None) 
imw-minima-roma: Processing pair 15 from disk...
imw-minima-roma: 1 match-sets in 0.83s
[Coarse] imw-minima-roma pair 16: dE=-17972.7 m dN=-152.3 m (matcher@315m, support=3331, peak=None) 
imw-minima-roma: Processing pair 16 from disk...
imw-minima-roma: 1 match-sets in 0.74s
[Coarse] imw-minima-roma pair 17: dE=-17983.4 m dN=-182.5 m (matcher@315m, support=3304, peak=None) 
imw-minima-roma: Processing pair 17 from disk...
imw-minima-roma: 1 match-sets in 0.75s
[Coarse] imw-minima-roma pair 18: dE=-17780.0 m dN=-313.1 m (from-pair-25 (phasecorr disagreed), support=None, peak=0.06863816733713503) 
imw-minima-roma: Processing pair 18 from disk...
imw-minima-roma: 0 match-sets in 0.00s
[Coarse] imw-minima-roma pair 19: dE=-17780.0 m dN=-313.1 m (from-pair-25 (phasecorr disagreed), support=None, peak=0.15104582491848204) 
imw-minima-roma: Processing pair 19 from disk...
imw-minima-roma: 0 match-sets in 0.00s
[Coarse] imw-minima-roma pair 20: dE=-17780.0 m dN=-313.1 m (from-pair-25 (matcher outlier), support=None, peak=None) 
imw-minima-roma: Processing pair 20 from disk...
imw-minima-roma: 0 match-sets in 0.00s
[Coarse] imw-minima-roma pair 21: dE=-17780.0 m dN=-313.1 m (from-pair-25 (phasecorr disagreed), support=None, peak=0.036990950946454645) 
imw-minima-roma: Processing pair 21 from disk...
imw-minima-roma: 0 match-sets in 0.00s
[Coarse] imw-minima-roma pair 22: dE=-17882.3 m dN=-311.5 m (phasecorr@315m, support=None, peak=0.12721613845825194) 
imw-minima-roma: Processing pair 22 from disk...
imw-minima-roma: 1 match-sets in 0.78s
[Coarse] imw-minima-roma pair 23: dE=-17911.9 m dN=-326.6 m (phasecorr@315m, support=None, peak=0.12881409482955933) 
imw-minima-roma: Processing pair 23 from disk...
imw-minima-roma: 1 match-sets in 0.75s
[Coarse] imw-minima-roma pair 24: dE=-17773.5 m dN=-285.2 m (matcher@315m, support=1141, peak=None) 
imw-minima-roma: Processing pair 24 from disk...
imw-minima-roma: 1 match-sets in 0.78s
[Coarse] imw-minima-roma pair 25: dE=-17780.0 m dN=-313.1 m (matcher@315m, support=1759, peak=None) 
imw-minima-roma: Processing pair 25 from disk...
imw-minima-roma: 1 match-sets in 0.73s
[Coarse] imw-minima-roma pair 26: dE=-15921.7 m dN=12343.6 m (from-pair-27, support=None, peak=None) 
imw-minima-roma: Processing pair 26 from disk...
imw-minima-roma: 1 match-sets in 0.70s
[Coarse] imw-minima-roma pair 27: dE=-15921.7 m dN=12343.6 m (matcher@315m, support=11, peak=None) 
imw-minima-roma: Processing pair 27 from disk...
imw-minima-roma: 1 match-sets in 0.76s
Saved:
 CHIP_STATS_ALL.csv
 CHIP_STATS_SURVIVORS.csv
 CONSENSUS_SCORES.csv
 BEST_CHIP_SET.csv
 BEST_CHIP_MANIFEST.csv
 BEST_FINAL_SUMMARY.csv
[band1] imw-minima-roma ok in 0.8 min, peak GPU memory 34.0 of 39.4 GB
[imw-minima-roma] Model unloaded.
--------------------------------------------------------------------------------
[band1] Running imw-xoftr
[imw-xoftr] Loading model...
[Coarse] pair 20: no reliable coarse offset (matcher: no matches; phasecorr: {'dx': -28903.23193639674, 'dy': -12953.216285335406, 'support': None, 'n': None, 'peak': 0.008737401829825507}); windows compared in place
[Coarse] pair 26: no reliable coarse offset (matcher: no matches; phasecorr: {'dx': -96306.08142606622, 'dy': -17142.367293993742, 'support': None, 'n': None, 'peak': 0.02253384519977334}); windows compared in place
[Coarse] pair 2: phase correlation gave dE=-8934 m dN=5487 m, 10.5 km from every offset the matcher measured; using pair 3's (dE=-18059 m dN=-776 m)
[Coarse] pair 10: phase correlation gave dE=43169 m dN=-4147 m, 61.0 km from every offset the matcher measured; using pair 11's (dE=-18108 m dN=-108 m)
[Coarse] pair 12: phase correlation gave dE=-1877 m dN=10017 m, 18.9 km from every offset the matcher measured; using pair 8's (dE=-17918 m dN=-548 m)
[Coarse] pair 13: phase correlation gave dE=7584 m dN=8567 m, 26.8 km from every offset the matcher measured; using pair 8's (dE=-17918 m dN=-548 m)
[Coarse] pair 18: phase correlation gave dE=744 m dN=-16615 m, 24.6 km from every offset the matcher measured; using pair 25's (dE=-17738 m dN=-416 m)
[Coarse] pair 19: phase correlation gave dE=11920 m dN=-17918 m, 34.4 km from every offset the matcher measured; using pair 25's (dE=-17738 m dN=-416 m)
[Coarse] pair 21: phase correlation gave dE=-11414 m dN=-17047 m, 17.6 km from every offset the matcher measured; using pair 25's (dE=-17738 m dN=-416 m)
[Coarse] pair 27: phase correlation gave dE=-97898 m dN=-6012 m, 79.9 km from every offset the matcher measured; using pair 23's (dE=-17745 m dN=-349 m)
[Coarse] imw-xoftr pair 1: dE=-17996.4 m dN=-580.9 m (matcher@315m, support=134, peak=None) 
imw-xoftr: Processing pair 1 from disk...
imw-xoftr: 1 match-sets in 0.11s
[Coarse] imw-xoftr pair 2: dE=-18059.4 m dN=-775.9 m (from-pair-3 (phasecorr disagreed), support=None, peak=0.03413578109976686) 
imw-xoftr: Processing pair 2 from disk...
imw-xoftr: 1 match-sets in 0.09s
[Coarse] imw-xoftr pair 3: dE=-18059.4 m dN=-775.9 m (matcher@315m, support=81, peak=None) 
imw-xoftr: Processing pair 3 from disk...
imw-xoftr: 1 match-sets in 0.10s
[Coarse] imw-xoftr pair 4: dE=-18117.5 m dN=-340.2 m (matcher@315m, support=148, peak=None) 
imw-xoftr: Processing pair 4 from disk...
imw-xoftr: 1 match-sets in 0.13s
[Coarse] imw-xoftr pair 5: dE=-18207.6 m dN=-450.7 m (matcher@315m, support=87, peak=None) 
imw-xoftr: Processing pair 5 from disk...
imw-xoftr: 1 match-sets in 0.10s
[Coarse] imw-xoftr pair 6: dE=-18111.3 m dN=-468.8 m (matcher@315m, support=62, peak=None) 
imw-xoftr: Processing pair 6 from disk...
imw-xoftr: 1 match-sets in 0.09s
[Coarse] imw-xoftr pair 7: dE=-17937.9 m dN=-556.5 m (matcher@315m, support=156, peak=None) 
imw-xoftr: Processing pair 7 from disk...
imw-xoftr: 1 match-sets in 1.89s
[Coarse] imw-xoftr pair 8: dE=-17918.4 m dN=-547.7 m (matcher@315m, support=156, peak=None) 
imw-xoftr: Processing pair 8 from disk...
imw-xoftr: 1 match-sets in 2.30s
[Coarse] imw-xoftr pair 9: dE=-17819.8 m dN=-543.8 m (matcher@315m, support=333, peak=None) 
imw-xoftr: Processing pair 9 from disk...
imw-xoftr: 1 match-sets in 0.25s
[Coarse] imw-xoftr pair 10: dE=-18108.0 m dN=-107.6 m (from-pair-11 (phasecorr disagreed), support=None, peak=0.04791493653487985) 
imw-xoftr: Processing pair 10 from disk...
imw-xoftr: 1 match-sets in 0.73s
[Coarse] imw-xoftr pair 11: dE=-18108.0 m dN=-107.6 m (matcher@315m, support=208, peak=None) 
imw-xoftr: Processing pair 11 from disk...
imw-xoftr: 1 match-sets in 0.24s
[Coarse] imw-xoftr pair 12: dE=-17918.4 m dN=-547.7 m (from-pair-8 (phasecorr disagreed), support=None, peak=0.1047012765466431) 
imw-xoftr: Processing pair 12 from disk...
imw-xoftr: 0 match-sets in 0.00s
[Coarse] imw-xoftr pair 13: dE=-17918.4 m dN=-547.7 m (from-pair-8 (phasecorr disagreed), support=None, peak=0.09384612739086151) 
imw-xoftr: Processing pair 13 from disk...
imw-xoftr: 0 match-sets in 0.00s
[Coarse] imw-xoftr pair 14: dE=-17756.1 m dN=-289.4 m (matcher@315m, support=529, peak=None) 
imw-xoftr: Processing pair 14 from disk...
imw-xoftr: 1 match-sets in 0.81s
[Coarse] imw-xoftr pair 15: dE=-17799.0 m dN=-287.2 m (matcher@315m, support=795, peak=None) 
imw-xoftr: Processing pair 15 from disk...
imw-xoftr: 1 match-sets in 0.36s
[Coarse] imw-xoftr pair 16: dE=-17930.6 m dN=-141.2 m (matcher@315m, support=633, peak=None) 
imw-xoftr: Processing pair 16 from disk...
imw-xoftr: 1 match-sets in 0.25s
[Coarse] imw-xoftr pair 17: dE=-17963.9 m dN=-168.7 m (matcher@315m, support=1151, peak=None) 
imw-xoftr: Processing pair 17 from disk...
imw-xoftr: 1 match-sets in 0.25s
[Coarse] imw-xoftr pair 18: dE=-17738.1 m dN=-415.6 m (from-pair-25 (phasecorr disagreed), support=None, peak=0.06863816733713503) 
imw-xoftr: Processing pair 18 from disk...
imw-xoftr: 0 match-sets in 0.00s
[Coarse] imw-xoftr pair 19: dE=-17738.1 m dN=-415.6 m (from-pair-25 (phasecorr disagreed), support=None, peak=0.15104582491848204) 
imw-xoftr: Processing pair 19 from disk...
imw-xoftr: 0 match-sets in 0.00s
[Coarse] imw-xoftr pair 20: dE=-17738.1 m dN=-415.6 m (from-pair-19, support=None, peak=None) 
imw-xoftr: Processing pair 20 from disk...
imw-xoftr: 0 match-sets in 0.00s
[Coarse] imw-xoftr pair 21: dE=-17738.1 m dN=-415.6 m (from-pair-25 (phasecorr disagreed), support=None, peak=0.036990950946454645) 
imw-xoftr: Processing pair 21 from disk...
imw-xoftr: 0 match-sets in 0.00s
[Coarse] imw-xoftr pair 22: dE=-17720.9 m dN=-393.6 m (matcher@315m, support=517, peak=None) 
imw-xoftr: Processing pair 22 from disk...
imw-xoftr: 1 match-sets in 0.68s
[Coarse] imw-xoftr pair 23: dE=-17745.3 m dN=-349.3 m (matcher@315m, support=479, peak=None) 
imw-xoftr: Processing pair 23 from disk...
imw-xoftr: 1 match-sets in 0.24s
[Coarse] imw-xoftr pair 24: dE=-17757.3 m dN=-191.3 m (matcher@315m, support=406, peak=None) 
imw-xoftr: Processing pair 24 from disk...
imw-xoftr: 1 match-sets in 0.24s
[Coarse] imw-xoftr pair 25: dE=-17738.1 m dN=-415.6 m (matcher@315m, support=599, peak=None) 
imw-xoftr: Processing pair 25 from disk...
imw-xoftr: 1 match-sets in 0.24s
[Coarse] imw-xoftr pair 26: dE=-17745.3 m dN=-349.3 m (from-pair-27, support=None, peak=None) 
imw-xoftr: Processing pair 26 from disk...
imw-xoftr: 1 match-sets in 0.20s
[Coarse] imw-xoftr pair 27: dE=-17745.3 m dN=-349.3 m (from-pair-23 (phasecorr disagreed), support=None, peak=0.05064041456057702) 
imw-xoftr: Processing pair 27 from disk...
imw-xoftr: 1 match-sets in 0.16s
Saved:
 CHIP_STATS_ALL.csv
 CHIP_STATS_SURVIVORS.csv
 CONSENSUS_SCORES.csv
 BEST_CHIP_SET.csv
 BEST_CHIP_MANIFEST.csv
 BEST_FINAL_SUMMARY.csv
[band1] imw-xoftr ok in 0.4 min, peak GPU memory 19.5 of 39.4 GB
[imw-xoftr] Model unloaded.
--------------------------------------------------------------------------------
[band1] Running imw-omniglue
[imw-omniglue] Loading model...
[Coarse] pair 3: no reliable coarse offset (matcher: no matches; phasecorr: {'dx': -16147.443677524008, 'dy': -26751.975000537102, 'support': None, 'n': None, 'peak': 0.00032880983234923565}); windows compared in place
[Coarse] pair 4: no reliable coarse offset (matcher: no matches; phasecorr: {'dx': 12882.472481301173, 'dy': 92621.70938170607, 'support': None, 'n': None, 'peak': -0.00012715039429841217}); windows compared in place
[Coarse] pair 5: no reliable coarse offset (matcher: {'dx': -15907.5, 'dy': 9450.0, 'support': 2, 'n': 7, 'peak': None}; phasecorr: {'dx': 3156.3479216096807, 'dy': 18300.67805989782, 'support': None, 'n': None, 'peak': 0.020832994549224774}); windows compared in place
[Coarse] pair 6: no reliable coarse offset (matcher: no matches; phasecorr: {'dx': -15852.800158210905, 'dy': 18737.59796077822, 'support': None, 'n': None, 'peak': -0.0027571213742097218}); windows compared in place
[Coarse] pair 7: no reliable coarse offset (matcher: no matches; phasecorr: {'dx': -17660.72648465004, 'dy': -478.5174601560547, 'support': None, 'n': None, 'peak': 0.0218074359204816}); windows compared in place
[Coarse] pair 8: no reliable coarse offset (matcher: no matches; phasecorr: {'dx': -18002.059573769864, 'dy': -489.60497923140906, 'support': None, 'n': None, 'peak': 0.011968647486368816}); windows compared in place
[Coarse] pair 11: no reliable coarse offset (matcher: no matches; phasecorr: {'dx': -18107.733154651494, 'dy': -332.5590928480355, 'support': None, 'n': None, 'peak': 0.020898853179031604}); windows compared in place
[Coarse] pair 20: no reliable coarse offset (matcher: no matches; phasecorr: {'dx': -28903.23193639674, 'dy': -12953.216285335406, 'support': None, 'n': None, 'peak': 0.008737401829825507}); windows compared in place
[Coarse] pair 26: no reliable coarse offset (matcher: no matches; phasecorr: {'dx': -96306.08142606622, 'dy': -17142.367293993742, 'support': None, 'n': None, 'peak': 0.02253384519977334}); windows compared in place
[Coarse] pair 2: phase correlation gave dE=-8934 m dN=5487 m, 10.7 km from every offset the matcher measured; using pair 14's (dE=-17955 m dN=-315 m)
[Coarse] pair 10: phase correlation gave dE=43169 m dN=-4147 m, 61.2 km from every offset the matcher measured; using pair 14's (dE=-17955 m dN=-315 m)
[Coarse] pair 12: phase correlation gave dE=-1877 m dN=10017 m, 19.1 km from every offset the matcher measured; using pair 14's (dE=-17955 m dN=-315 m)
[Coarse] pair 13: phase correlation gave dE=7584 m dN=8567 m, 27.0 km from every offset the matcher measured; using pair 14's (dE=-17955 m dN=-315 m)
[Coarse] pair 18: phase correlation gave dE=744 m dN=-16615 m, 24.8 km from every offset the matcher measured; using pair 25's (dE=-17955 m dN=-315 m)
[Coarse] pair 19: phase correlation gave dE=11920 m dN=-17918 m, 34.7 km from every offset the matcher measured; using pair 25's (dE=-17955 m dN=-315 m)
[Coarse] pair 21: phase correlation gave dE=-11414 m dN=-17047 m, 18.0 km from every offset the matcher measured; using pair 25's (dE=-17955 m dN=-315 m)
[Coarse] pair 27: phase correlation gave dE=-97898 m dN=-6012 m, 80.1 km from every offset the matcher measured; using pair 23's (dE=-17955 m dN=-315 m)
[Coarse] imw-omniglue pair 1: dE=-18062.2 m dN=-904.8 m (phasecorr@315m, support=None, peak=0.03257782713572184) 
imw-omniglue: Processing pair 1 from disk...
imw-omniglue: 0 match-sets in 0.88s
[Coarse] imw-omniglue pair 2: dE=-17955.0 m dN=-315.0 m (from-pair-14 (phasecorr disagreed), support=None, peak=0.03413578109976686) 
imw-omniglue: Processing pair 2 from disk...
imw-omniglue: 0 match-sets in 0.94s
[Coarse] imw-omniglue pair 3: dE=-18062.2 m dN=-904.8 m (from-pair-1, support=None, peak=None) 
imw-omniglue: Processing pair 3 from disk...
imw-omniglue: 0 match-sets in 0.98s
[Coarse] imw-omniglue pair 4: dE=-17955.0 m dN=-315.0 m (from-pair-2, support=None, peak=None) 
imw-omniglue: Processing pair 4 from disk...
imw-omniglue: 0 match-sets in 1.29s
[Coarse] imw-omniglue pair 5: dE=-17955.0 m dN=-315.0 m (from-pair-2, support=None, peak=None) 
imw-omniglue: Processing pair 5 from disk...
imw-omniglue: 1 match-sets in 1.16s
[Coarse] imw-omniglue pair 6: dE=-17955.0 m dN=-315.0 m (from-pair-2, support=None, peak=None) 
imw-omniglue: Processing pair 6 from disk...
imw-omniglue: 0 match-sets in 1.23s
[Coarse] imw-omniglue pair 7: dE=-17790.5 m dN=-428.0 m (from-pair-9, support=None, peak=None) 
imw-omniglue: Processing pair 7 from disk...
imw-omniglue: 1 match-sets in 4.56s
[Coarse] imw-omniglue pair 8: dE=-17790.5 m dN=-428.0 m (from-pair-9, support=None, peak=None) 
imw-omniglue: Processing pair 8 from disk...
imw-omniglue: 0 match-sets in 3.99s
[Coarse] imw-omniglue pair 9: dE=-17790.5 m dN=-428.0 m (phasecorr@315m, support=None, peak=0.031066529352914596) 
imw-omniglue: Processing pair 9 from disk...
imw-omniglue: 1 match-sets in 4.29s
[Coarse] imw-omniglue pair 10: dE=-17955.0 m dN=-315.0 m (from-pair-14 (phasecorr disagreed), support=None, peak=0.04791493653487985) 
imw-omniglue: Processing pair 10 from disk...
imw-omniglue: 0 match-sets in 3.08s
[Coarse] imw-omniglue pair 11: dE=-17955.0 m dN=-315.0 m (from-pair-10, support=None, peak=None) 
imw-omniglue: Processing pair 11 from disk...
imw-omniglue: 0 match-sets in 2.76s
[Coarse] imw-omniglue pair 12: dE=-17955.0 m dN=-315.0 m (from-pair-14 (phasecorr disagreed), support=None, peak=0.1047012765466431) 
imw-omniglue: Processing pair 12 from disk...
imw-omniglue: 0 match-sets in 0.00s
[Coarse] imw-omniglue pair 13: dE=-17955.0 m dN=-315.0 m (from-pair-14 (phasecorr disagreed), support=None, peak=0.09384612739086151) 
imw-omniglue: Processing pair 13 from disk...
imw-omniglue: 0 match-sets in 0.00s
[Coarse] imw-omniglue pair 14: dE=-17955.0 m dN=-315.0 m (matcher@315m, support=72, peak=None) 
imw-omniglue: Processing pair 14 from disk...
imw-omniglue: 1 match-sets in 4.57s
[Coarse] imw-omniglue pair 15: dE=-17955.0 m dN=-315.0 m (matcher@315m, support=70, peak=None) 
imw-omniglue: Processing pair 15 from disk...
imw-omniglue: 1 match-sets in 4.78s
[Coarse] imw-omniglue pair 16: dE=-17955.0 m dN=-315.0 m (matcher@315m, support=68, peak=None) 
imw-omniglue: Processing pair 16 from disk...
imw-omniglue: 1 match-sets in 2.78s
[Coarse] imw-omniglue pair 17: dE=-17955.0 m dN=-315.0 m (matcher@315m, support=115, peak=None) 
imw-omniglue: Processing pair 17 from disk...
imw-omniglue: 1 match-sets in 2.81s
[Coarse] imw-omniglue pair 18: dE=-17955.0 m dN=-315.0 m (from-pair-25 (phasecorr disagreed), support=None, peak=0.06863816733713503) 
imw-omniglue: Processing pair 18 from disk...
imw-omniglue: 0 match-sets in 0.00s
[Coarse] imw-omniglue pair 19: dE=-17955.0 m dN=-315.0 m (from-pair-25 (phasecorr disagreed), support=None, peak=0.15104582491848204) 
imw-omniglue: Processing pair 19 from disk...
imw-omniglue: 0 match-sets in 0.00s
[Coarse] imw-omniglue pair 20: dE=-17955.0 m dN=-315.0 m (from-pair-19, support=None, peak=None) 
imw-omniglue: Processing pair 20 from disk...
imw-omniglue: 0 match-sets in 0.00s
[Coarse] imw-omniglue pair 21: dE=-17955.0 m dN=-315.0 m (from-pair-25 (phasecorr disagreed), support=None, peak=0.036990950946454645) 
imw-omniglue: Processing pair 21 from disk...
imw-omniglue: 0 match-sets in 0.00s
[Coarse] imw-omniglue pair 22: dE=-17955.0 m dN=-315.0 m (matcher@315m, support=44, peak=None) 
imw-omniglue: Processing pair 22 from disk...
imw-omniglue: 1 match-sets in 4.29s
[Coarse] imw-omniglue pair 23: dE=-17955.0 m dN=-315.0 m (matcher@315m, support=40, peak=None) 
imw-omniglue: Processing pair 23 from disk...
imw-omniglue: 1 match-sets in 4.17s
[Coarse] imw-omniglue pair 24: dE=-17955.0 m dN=-315.0 m (matcher@315m, support=45, peak=None) 
imw-omniglue: Processing pair 24 from disk...
imw-omniglue: 1 match-sets in 4.30s
[Coarse] imw-omniglue pair 25: dE=-17955.0 m dN=-315.0 m (matcher@315m, support=37, peak=None) 
imw-omniglue: Processing pair 25 from disk...
imw-omniglue: 1 match-sets in 4.19s
[Coarse] imw-omniglue pair 26: dE=-17955.0 m dN=-315.0 m (from-pair-27, support=None, peak=None) 
imw-omniglue: Processing pair 26 from disk...
imw-omniglue: 0 match-sets in 2.31s
[Coarse] imw-omniglue pair 27: dE=-17955.0 m dN=-315.0 m (from-pair-23 (phasecorr disagreed), support=None, peak=0.05064041456057702) 
imw-omniglue: Processing pair 27 from disk...
imw-omniglue: 0 match-sets in 2.43s
Saved:
 CHIP_STATS_ALL.csv
 CHIP_STATS_SURVIVORS.csv
 CONSENSUS_SCORES.csv
 BEST_CHIP_SET.csv
 BEST_CHIP_MANIFEST.csv
 BEST_FINAL_SUMMARY.csv
[band1] imw-omniglue ok in 2.4 min, peak GPU memory 0.0 of 39.4 GB
[imw-omniglue] Model unloaded.
--------------------------------------------------------------------------------
[band1] Running imw-gim-roma
[imw-gim-roma] Loading model...
[Coarse] pair 20: no reliable coarse offset (matcher: no matches; phasecorr: {'dx': -28903.23193639674, 'dy': -12953.216285335406, 'support': None, 'n': None, 'peak': 0.008737401829825507}); windows compared in place
[Coarse] pair 26: no reliable coarse offset (matcher: no matches; phasecorr: {'dx': -96306.08142606622, 'dy': -17142.367293993742, 'support': None, 'n': None, 'peak': 0.02253384519977334}); windows compared in place
[Coarse] pair 19: the matcher gave dE=-2804 m dN=-20482 m on 130 matches, apart from the 19 pairs that agree; using pair 25's (dE=-17781 m dN=-309 m)
[Coarse] pair 21: the matcher gave dE=1108 m dN=-20871 m on 19 matches, apart from the 19 pairs that agree; using pair 25's (dE=-17781 m dN=-309 m)
[Coarse] pair 12: phase correlation gave dE=-1877 m dN=10017 m, 18.9 km from every offset the matcher measured; using pair 8's (dE=-17830 m dN=-726 m)
[Coarse] pair 13: phase correlation gave dE=7584 m dN=8567 m, 26.8 km from every offset the matcher measured; using pair 8's (dE=-17830 m dN=-726 m)
[Coarse] pair 18: phase correlation gave dE=744 m dN=-16615 m, 24.3 km from every offset the matcher measured; using pair 25's (dE=-17781 m dN=-309 m)
[Coarse] pair 27: phase correlation gave dE=-97898 m dN=-6012 m, 77.5 km from every offset the matcher measured; using pair 23's (dE=-17797 m dN=-368 m)
[Coarse] imw-gim-roma pair 1: dE=-17961.9 m dN=-552.5 m (matcher@315m, support=3083, peak=None) 
imw-gim-roma: Processing pair 1 from disk...
imw-gim-roma: 1 match-sets in 0.60s
[Coarse] imw-gim-roma pair 2: dE=-17985.4 m dN=-615.3 m (matcher@315m, support=1982, peak=None) 
imw-gim-roma: Processing pair 2 from disk...
imw-gim-roma: 1 match-sets in 0.62s
[Coarse] imw-gim-roma pair 3: dE=-17853.5 m dN=-537.6 m (matcher@315m, support=2055, peak=None) 
imw-gim-roma: Processing pair 3 from disk...
imw-gim-roma: 1 match-sets in 0.62s
[Coarse] imw-gim-roma pair 4: dE=-18133.6 m dN=-684.8 m (matcher@315m, support=1444, peak=None) 
imw-gim-roma: Processing pair 4 from disk...
imw-gim-roma: 1 match-sets in 0.65s
[Coarse] imw-gim-roma pair 5: dE=-18059.2 m dN=-610.5 m (matcher@315m, support=1901, peak=None) 
imw-gim-roma: Processing pair 5 from disk...
imw-gim-roma: 1 match-sets in 0.64s
[Coarse] imw-gim-roma pair 6: dE=-20649.2 m dN=325.6 m (matcher@315m, support=220, peak=None) 
imw-gim-roma: Processing pair 6 from disk...
imw-gim-roma: 1 match-sets in 0.64s
[Coarse] imw-gim-roma pair 7: dE=-17854.7 m dN=-499.5 m (matcher@315m, support=2263, peak=None) 
imw-gim-roma: Processing pair 7 from disk...
imw-gim-roma: 1 match-sets in 0.79s
[Coarse] imw-gim-roma pair 8: dE=-17829.8 m dN=-726.2 m (matcher@315m, support=37, peak=None) 
imw-gim-roma: Processing pair 8 from disk...
imw-gim-roma: 1 match-sets in 0.80s
[Coarse] imw-gim-roma pair 9: dE=-17940.8 m dN=-471.5 m (matcher@315m, support=2881, peak=None) 
imw-gim-roma: Processing pair 9 from disk...
imw-gim-roma: 1 match-sets in 1.00s
[Coarse] imw-gim-roma pair 10: dE=-17896.1 m dN=-949.4 m (matcher@315m, support=252, peak=None) 
imw-gim-roma: Processing pair 10 from disk...
imw-gim-roma: 1 match-sets in 0.74s
[Coarse] imw-gim-roma pair 11: dE=-18018.8 m dN=-359.0 m (matcher@315m, support=2507, peak=None) 
imw-gim-roma: Processing pair 11 from disk...
imw-gim-roma: 1 match-sets in 0.74s
[Coarse] imw-gim-roma pair 12: dE=-17829.8 m dN=-726.2 m (from-pair-8 (phasecorr disagreed), support=None, peak=0.1047012765466431) 
imw-gim-roma: Processing pair 12 from disk...
imw-gim-roma: 0 match-sets in 0.00s
[Coarse] imw-gim-roma pair 13: dE=-17829.8 m dN=-726.2 m (from-pair-8 (phasecorr disagreed), support=None, peak=0.09384612739086151) 
imw-gim-roma: Processing pair 13 from disk...
imw-gim-roma: 0 match-sets in 0.00s
[Coarse] imw-gim-roma pair 14: dE=-17861.9 m dN=-192.5 m (matcher@315m, support=3789, peak=None) 
imw-gim-roma: Processing pair 14 from disk...
imw-gim-roma: 1 match-sets in 0.86s
[Coarse] imw-gim-roma pair 15: dE=-17869.3 m dN=-216.0 m (matcher@315m, support=3738, peak=None) 
imw-gim-roma: Processing pair 15 from disk...
imw-gim-roma: 1 match-sets in 0.86s
[Coarse] imw-gim-roma pair 16: dE=-17973.1 m dN=-220.0 m (matcher@315m, support=3426, peak=None) 
imw-gim-roma: Processing pair 16 from disk...
imw-gim-roma: 1 match-sets in 0.77s
[Coarse] imw-gim-roma pair 17: dE=-17998.2 m dN=-213.1 m (matcher@315m, support=3375, peak=None) 
imw-gim-roma: Processing pair 17 from disk...
imw-gim-roma: 1 match-sets in 0.78s
[Coarse] imw-gim-roma pair 18: dE=-17780.6 m dN=-308.9 m (from-pair-25 (phasecorr disagreed), support=None, peak=0.06863816733713503) 
imw-gim-roma: Processing pair 18 from disk...
imw-gim-roma: 0 match-sets in 0.00s
[Coarse] imw-gim-roma pair 19: dE=-17780.6 m dN=-308.9 m (from-pair-25 (matcher outlier), support=None, peak=None) 
imw-gim-roma: Processing pair 19 from disk...
imw-gim-roma: 0 match-sets in 0.00s
[Coarse] imw-gim-roma pair 20: dE=-17780.6 m dN=-308.9 m (from-pair-19, support=None, peak=None) 
imw-gim-roma: Processing pair 20 from disk...
imw-gim-roma: 0 match-sets in 0.00s
[Coarse] imw-gim-roma pair 21: dE=-17780.6 m dN=-308.9 m (from-pair-25 (matcher outlier), support=None, peak=None) 
imw-gim-roma: Processing pair 21 from disk...
imw-gim-roma: 0 match-sets in 0.00s
[Coarse] imw-gim-roma pair 22: dE=-17735.9 m dN=-391.7 m (matcher@315m, support=3549, peak=None) 
imw-gim-roma: Processing pair 22 from disk...
imw-gim-roma: 1 match-sets in 0.77s
[Coarse] imw-gim-roma pair 23: dE=-17797.0 m dN=-367.8 m (matcher@315m, support=3483, peak=None) 
imw-gim-roma: Processing pair 23 from disk...
imw-gim-roma: 1 match-sets in 0.77s
[Coarse] imw-gim-roma pair 24: dE=-17750.5 m dN=-258.4 m (matcher@315m, support=2640, peak=None) 
imw-gim-roma: Processing pair 24 from disk...
imw-gim-roma: 1 match-sets in 0.77s
[Coarse] imw-gim-roma pair 25: dE=-17780.6 m dN=-308.9 m (matcher@315m, support=2787, peak=None) 
imw-gim-roma: Processing pair 25 from disk...
imw-gim-roma: 1 match-sets in 0.79s
[Coarse] imw-gim-roma pair 26: dE=-17797.0 m dN=-367.8 m (from-pair-27, support=None, peak=None) 
imw-gim-roma: Processing pair 26 from disk...
imw-gim-roma: 1 match-sets in 0.72s
[Coarse] imw-gim-roma pair 27: dE=-17797.0 m dN=-367.8 m (from-pair-23 (phasecorr disagreed), support=None, peak=0.05064041456057702) 
imw-gim-roma: Processing pair 27 from disk...
imw-gim-roma: 1 match-sets in 0.71s
Saved:
 CHIP_STATS_ALL.csv
 CHIP_STATS_SURVIVORS.csv
 CONSENSUS_SCORES.csv
 BEST_CHIP_SET.csv
 BEST_CHIP_MANIFEST.csv
 BEST_FINAL_SUMMARY.csv
[band1] imw-gim-roma ok in 0.8 min, peak GPU memory 5.3 of 39.4 GB
[imw-gim-roma] Model unloaded.
--------------------------------------------------------------------------------
[band1] Running imw-gim-dkm
[imw-gim-dkm] Loading model...
[Coarse] pair 3: no reliable coarse offset (matcher: no matches; phasecorr: {'dx': -16147.443677524008, 'dy': -26751.975000537102, 'support': None, 'n': None, 'peak': 0.00032880983234923565}); windows compared in place
[Coarse] pair 4: no reliable coarse offset (matcher: {'dx': -16572.81349182129, 'dy': 20842.256469726562, 'support': 3, 'n': 3, 'peak': None}; phasecorr: {'dx': 12882.472481301173, 'dy': 92621.70938170607, 'support': None, 'n': None, 'peak': -0.00012715039429841217}); windows compared in place
[Coarse] pair 8: no reliable coarse offset (matcher: no matches; phasecorr: {'dx': -18002.059573769864, 'dy': -489.60497923140906, 'support': None, 'n': None, 'peak': 0.011968647486368816}); windows compared in place
[Coarse] pair 20: no reliable coarse offset (matcher: no matches; phasecorr: {'dx': -28903.23193639674, 'dy': -12953.216285335406, 'support': None, 'n': None, 'peak': 0.008737401829825507}); windows compared in place
[Coarse] pair 26: no reliable coarse offset (matcher: no matches; phasecorr: {'dx': -96306.08142606622, 'dy': -17142.367293993742, 'support': None, 'n': None, 'peak': 0.02253384519977334}); windows compared in place
[Coarse] pair 2: phase correlation gave dE=-8934 m dN=5487 m, 6.9 km from every offset the matcher measured; using pair 6's (dE=-11499 m dN=15636 m)
[Coarse] pair 12: phase correlation gave dE=-1877 m dN=10017 m, 6.9 km from every offset the matcher measured; using pair 7's (dE=-17953 m dN=-445 m)
[Coarse] pair 13: phase correlation gave dE=7584 m dN=8567 m, 11.6 km from every offset the matcher measured; using pair 7's (dE=-17953 m dN=-445 m)
[Coarse] pair 18: phase correlation gave dE=744 m dN=-16615 m, 19.3 km from every offset the matcher measured; using pair 25's (dE=-12845 m dN=-211 m)
[Coarse] pair 19: phase correlation gave dE=11920 m dN=-17918 m, 30.4 km from every offset the matcher measured; using pair 25's (dE=-12845 m dN=-211 m)
[Coarse] pair 21: phase correlation gave dE=-11414 m dN=-17047 m, 8.5 km from every offset the matcher measured; using pair 25's (dE=-12845 m dN=-211 m)
[Coarse] pair 27: phase correlation gave dE=-97898 m dN=-6012 m, 80.1 km from every offset the matcher measured; using pair 24's (dE=-12783 m dN=-250 m)
[Coarse] WARNING: imw-gim-dkm: the pairs' coarse offsets differ by up to 30 km, more than one image moves from place to place. Pairs with a wrong offset match the wrong ground (the chip consensus drops them when they are few); if most pairs disagree, check the input's pixel size and window size.
[Coarse] imw-gim-dkm pair 1: dE=-18062.2 m dN=-904.8 m (phasecorr@315m, support=None, peak=0.03257782713572184) 
imw-gim-dkm: Processing pair 1 from disk...
imw-gim-dkm: 0 match-sets in 0.87s
[Coarse] imw-gim-dkm pair 2: dE=-11498.5 m dN=15635.7 m (from-pair-6 (phasecorr disagreed), support=None, peak=0.03413578109976686) 
imw-gim-dkm: Processing pair 2 from disk...
imw-gim-dkm: 0 match-sets in 0.97s
[Coarse] imw-gim-dkm pair 3: dE=-18062.2 m dN=-904.8 m (from-pair-1, support=None, peak=None) 
imw-gim-dkm: Processing pair 3 from disk...
imw-gim-dkm: 0 match-sets in 0.97s
[Coarse] imw-gim-dkm pair 4: dE=-11336.8 m dN=18115.8 m (from-pair-5, support=None, peak=None) 
imw-gim-dkm: Processing pair 4 from disk...
imw-gim-dkm: 1 match-sets in 1.00s
[Coarse] imw-gim-dkm pair 5: dE=-11336.8 m dN=18115.8 m (matcher@315m, support=67, peak=None) 
imw-gim-dkm: Processing pair 5 from disk...
imw-gim-dkm: 0 match-sets in 0.95s
[Coarse] imw-gim-dkm pair 6: dE=-11498.5 m dN=15635.7 m (matcher@315m, support=101, peak=None) 
imw-gim-dkm: Processing pair 6 from disk...
imw-gim-dkm: 0 match-sets in 0.97s
[Coarse] imw-gim-dkm pair 7: dE=-17953.1 m dN=-444.6 m (matcher@315m, support=2786, peak=None) 
imw-gim-dkm: Processing pair 7 from disk...
imw-gim-dkm: 1 match-sets in 1.09s
[Coarse] imw-gim-dkm pair 8: dE=-17953.1 m dN=-444.6 m (from-pair-7, support=None, peak=None) 
imw-gim-dkm: Processing pair 8 from disk...
imw-gim-dkm: 1 match-sets in 0.99s
[Coarse] imw-gim-dkm pair 9: dE=-17903.1 m dN=-404.9 m (matcher@315m, support=458, peak=None) 
imw-gim-dkm: Processing pair 9 from disk...
imw-gim-dkm: 1 match-sets in 0.93s
[Coarse] imw-gim-dkm pair 10: dE=838.0 m dN=18002.3 m (matcher@315m, support=187, peak=None) 
imw-gim-dkm: Processing pair 10 from disk...
imw-gim-dkm: 1 match-sets in 0.91s
[Coarse] imw-gim-dkm pair 11: dE=-1580.7 m dN=16919.5 m (matcher@315m, support=162, peak=None) 
imw-gim-dkm: Processing pair 11 from disk...
imw-gim-dkm: 1 match-sets in 0.98s
[Coarse] imw-gim-dkm pair 12: dE=-17953.1 m dN=-444.6 m (from-pair-7 (phasecorr disagreed), support=None, peak=0.1047012765466431) 
imw-gim-dkm: Processing pair 12 from disk...
imw-gim-dkm: 0 match-sets in 0.00s
[Coarse] imw-gim-dkm pair 13: dE=-17953.1 m dN=-444.6 m (from-pair-7 (phasecorr disagreed), support=None, peak=0.09384612739086151) 
imw-gim-dkm: Processing pair 13 from disk...
imw-gim-dkm: 0 match-sets in 0.00s
[Coarse] imw-gim-dkm pair 14: dE=-18039.9 m dN=-308.2 m (phasecorr@315m, support=None, peak=0.04961982255158601) 
imw-gim-dkm: Processing pair 14 from disk...
imw-gim-dkm: 1 match-sets in 1.00s
[Coarse] imw-gim-dkm pair 15: dE=-18033.6 m dN=-269.1 m (phasecorr@315m, support=None, peak=0.0587093012491862) 
imw-gim-dkm: Processing pair 15 from disk...
imw-gim-dkm: 1 match-sets in 0.96s
[Coarse] imw-gim-dkm pair 16: dE=-17916.2 m dN=-11530.6 m (matcher@315m, support=2882, peak=None) 
imw-gim-dkm: Processing pair 16 from disk...
imw-gim-dkm: 1 match-sets in 0.89s
[Coarse] imw-gim-dkm pair 17: dE=-17939.7 m dN=-11573.9 m (matcher@315m, support=2841, peak=None) 
imw-gim-dkm: Processing pair 17 from disk...
imw-gim-dkm: 1 match-sets in 0.98s
[Coarse] imw-gim-dkm pair 18: dE=-12844.8 m dN=-211.4 m (from-pair-25 (phasecorr disagreed), support=None, peak=0.06863816733713503) 
imw-gim-dkm: Processing pair 18 from disk...
imw-gim-dkm: 0 match-sets in 0.00s
[Coarse] imw-gim-dkm pair 19: dE=-12844.8 m dN=-211.4 m (from-pair-25 (phasecorr disagreed), support=None, peak=0.15104582491848204) 
imw-gim-dkm: Processing pair 19 from disk...
imw-gim-dkm: 0 match-sets in 0.00s
[Coarse] imw-gim-dkm pair 20: dE=-12844.8 m dN=-211.4 m (from-pair-19, support=None, peak=None) 
imw-gim-dkm: Processing pair 20 from disk...
imw-gim-dkm: 0 match-sets in 0.00s
[Coarse] imw-gim-dkm pair 21: dE=-12844.8 m dN=-211.4 m (from-pair-25 (phasecorr disagreed), support=None, peak=0.036990950946454645) 
imw-gim-dkm: Processing pair 21 from disk...
imw-gim-dkm: 0 match-sets in 0.00s
[Coarse] imw-gim-dkm pair 22: dE=-12840.7 m dN=-242.8 m (matcher@315m, support=524, peak=None) 
imw-gim-dkm: Processing pair 22 from disk...
imw-gim-dkm: 1 match-sets in 0.95s
[Coarse] imw-gim-dkm pair 23: dE=-17911.9 m dN=-326.6 m (phasecorr@315m, support=None, peak=0.12881409482955933) 
imw-gim-dkm: Processing pair 23 from disk...
imw-gim-dkm: 1 match-sets in 0.97s
[Coarse] imw-gim-dkm pair 24: dE=-12782.7 m dN=-249.7 m (matcher@315m, support=2478, peak=None) 
imw-gim-dkm: Processing pair 24 from disk...
imw-gim-dkm: 1 match-sets in 0.99s
[Coarse] imw-gim-dkm pair 25: dE=-12844.8 m dN=-211.4 m (matcher@315m, support=2881, peak=None) 
imw-gim-dkm: Processing pair 25 from disk...
imw-gim-dkm: 1 match-sets in 0.94s
[Coarse] imw-gim-dkm pair 26: dE=-12782.7 m dN=-249.7 m (from-pair-27, support=None, peak=None) 
imw-gim-dkm: Processing pair 26 from disk...
imw-gim-dkm: 1 match-sets in 0.92s
[Coarse] imw-gim-dkm pair 27: dE=-12782.7 m dN=-249.7 m (from-pair-24 (phasecorr disagreed), support=None, peak=0.05064041456057702) 
imw-gim-dkm: Processing pair 27 from disk...
imw-gim-dkm: 1 match-sets in 1.00s
Saved:
 CHIP_STATS_ALL.csv
 CHIP_STATS_SURVIVORS.csv
 CONSENSUS_SCORES.csv
 BEST_CHIP_SET.csv
 BEST_CHIP_MANIFEST.csv
 BEST_FINAL_SUMMARY.csv
[band1] imw-gim-dkm ok in 1.0 min, peak GPU memory 34.1 of 39.4 GB
[imw-gim-dkm] Model unloaded.
--------------------------------------------------------------------------------
[band1] Running imw-eloftr
[imw-eloftr] Loading model...
[Coarse] pair 20: no reliable coarse offset (matcher: no matches; phasecorr: {'dx': -28903.23193639674, 'dy': -12953.216285335406, 'support': None, 'n': None, 'peak': 0.008737401829825507}); windows compared in place
[Coarse] pair 26: no reliable coarse offset (matcher: no matches; phasecorr: {'dx': -96306.08142606622, 'dy': -17142.367293993742, 'support': None, 'n': None, 'peak': 0.02253384519977334}); windows compared in place
[Coarse] pair 10: phase correlation gave dE=43169 m dN=-4147 m, 60.9 km from every offset the matcher measured; using pair 11's (dE=-18253 m dN=-301 m)
[Coarse] pair 12: phase correlation gave dE=-1877 m dN=10017 m, 18.9 km from every offset the matcher measured; using pair 8's (dE=-17932 m dN=-581 m)
[Coarse] pair 13: phase correlation gave dE=7584 m dN=8567 m, 26.8 km from every offset the matcher measured; using pair 8's (dE=-17932 m dN=-581 m)
[Coarse] pair 18: phase correlation gave dE=744 m dN=-16615 m, 24.6 km from every offset the matcher measured; using pair 25's (dE=-17658 m dN=-314 m)
[Coarse] pair 19: phase correlation gave dE=11920 m dN=-17918 m, 34.4 km from every offset the matcher measured; using pair 25's (dE=-17658 m dN=-314 m)
[Coarse] pair 21: phase correlation gave dE=-11414 m dN=-17047 m, 17.7 km from every offset the matcher measured; using pair 25's (dE=-17658 m dN=-314 m)
[Coarse] pair 27: phase correlation gave dE=-97898 m dN=-6012 m, 79.8 km from every offset the matcher measured; using pair 23's (dE=-17661 m dN=-313 m)
[Coarse] imw-eloftr pair 1: dE=-17939.7 m dN=-634.7 m (matcher@315m, support=163, peak=None) 
imw-eloftr: Processing pair 1 from disk...
imw-eloftr: 1 match-sets in 0.15s
[Coarse] imw-eloftr pair 2: dE=-17936.2 m dN=-640.7 m (matcher@315m, support=88, peak=None) 
imw-eloftr: Processing pair 2 from disk...
imw-eloftr: 1 match-sets in 0.08s
[Coarse] imw-eloftr pair 3: dE=-17935.9 m dN=-641.4 m (matcher@315m, support=50, peak=None) 
imw-eloftr: Processing pair 3 from disk...
imw-eloftr: 1 match-sets in 0.08s
[Coarse] imw-eloftr pair 4: dE=-18248.2 m dN=-343.9 m (matcher@315m, support=115, peak=None) 
imw-eloftr: Processing pair 4 from disk...
imw-eloftr: 1 match-sets in 0.16s
[Coarse] imw-eloftr pair 5: dE=-18255.8 m dN=-327.7 m (matcher@315m, support=75, peak=None) 
imw-eloftr: Processing pair 5 from disk...
imw-eloftr: 1 match-sets in 0.09s
[Coarse] imw-eloftr pair 6: dE=-18255.2 m dN=-583.9 m (matcher@315m, support=37, peak=None) 
imw-eloftr: Processing pair 6 from disk...
imw-eloftr: 1 match-sets in 0.09s
[Coarse] imw-eloftr pair 7: dE=-17937.2 m dN=-580.8 m (matcher@315m, support=266, peak=None) 
imw-eloftr: Processing pair 7 from disk...
imw-eloftr: 1 match-sets in 2.09s
[Coarse] imw-eloftr pair 8: dE=-17931.7 m dN=-580.8 m (matcher@315m, support=205, peak=None) 
imw-eloftr: Processing pair 8 from disk...
imw-eloftr: 1 match-sets in 2.11s
[Coarse] imw-eloftr pair 9: dE=-17941.7 m dN=-588.2 m (matcher@315m, support=446, peak=None) 
imw-eloftr: Processing pair 9 from disk...
imw-eloftr: 1 match-sets in 0.25s
[Coarse] imw-eloftr pair 10: dE=-18253.2 m dN=-301.2 m (from-pair-11 (phasecorr disagreed), support=None, peak=0.04791493653487985) 
imw-eloftr: Processing pair 10 from disk...
imw-eloftr: 1 match-sets in 0.82s
[Coarse] imw-eloftr pair 11: dE=-18253.2 m dN=-301.2 m (matcher@315m, support=136, peak=None) 
imw-eloftr: Processing pair 11 from disk...
imw-eloftr: 1 match-sets in 0.23s
[Coarse] imw-eloftr pair 12: dE=-17931.7 m dN=-580.8 m (from-pair-8 (phasecorr disagreed), support=None, peak=0.1047012765466431) 
imw-eloftr: Processing pair 12 from disk...
imw-eloftr: 0 match-sets in 0.00s
[Coarse] imw-eloftr pair 13: dE=-17931.7 m dN=-580.8 m (from-pair-8 (phasecorr disagreed), support=None, peak=0.09384612739086151) 
imw-eloftr: Processing pair 13 from disk...
imw-eloftr: 0 match-sets in 0.00s
[Coarse] imw-eloftr pair 14: dE=-17918.0 m dN=-293.4 m (matcher@315m, support=562, peak=None) 
imw-eloftr: Processing pair 14 from disk...
imw-eloftr: 1 match-sets in 0.89s
[Coarse] imw-eloftr pair 15: dE=-17942.9 m dN=-292.5 m (matcher@315m, support=1337, peak=None) 
imw-eloftr: Processing pair 15 from disk...
imw-eloftr: 1 match-sets in 0.32s
[Coarse] imw-eloftr pair 16: dE=-17958.6 m dN=-302.3 m (matcher@315m, support=770, peak=None) 
imw-eloftr: Processing pair 16 from disk...
imw-eloftr: 1 match-sets in 0.24s
[Coarse] imw-eloftr pair 17: dE=-17962.2 m dN=-295.0 m (matcher@315m, support=1253, peak=None) 
imw-eloftr: Processing pair 17 from disk...
imw-eloftr: 1 match-sets in 0.22s
[Coarse] imw-eloftr pair 18: dE=-17657.7 m dN=-313.5 m (from-pair-25 (phasecorr disagreed), support=None, peak=0.06863816733713503) 
imw-eloftr: Processing pair 18 from disk...
imw-eloftr: 0 match-sets in 0.00s
[Coarse] imw-eloftr pair 19: dE=-17657.7 m dN=-313.5 m (from-pair-25 (phasecorr disagreed), support=None, peak=0.15104582491848204) 
imw-eloftr: Processing pair 19 from disk...
imw-eloftr: 0 match-sets in 0.00s
[Coarse] imw-eloftr pair 20: dE=-17657.7 m dN=-313.5 m (from-pair-19, support=None, peak=None) 
imw-eloftr: Processing pair 20 from disk...
imw-eloftr: 0 match-sets in 0.00s
[Coarse] imw-eloftr pair 21: dE=-17657.7 m dN=-313.5 m (from-pair-25 (phasecorr disagreed), support=None, peak=0.036990950946454645) 
imw-eloftr: Processing pair 21 from disk...
imw-eloftr: 0 match-sets in 0.00s
[Coarse] imw-eloftr pair 22: dE=-17662.4 m dN=-317.4 m (matcher@315m, support=176, peak=None) 
imw-eloftr: Processing pair 22 from disk...
imw-eloftr: 1 match-sets in 0.80s
[Coarse] imw-eloftr pair 23: dE=-17661.2 m dN=-313.3 m (matcher@315m, support=242, peak=None) 
imw-eloftr: Processing pair 23 from disk...
imw-eloftr: 1 match-sets in 0.23s
[Coarse] imw-eloftr pair 24: dE=-17669.9 m dN=-304.9 m (matcher@315m, support=503, peak=None) 
imw-eloftr: Processing pair 24 from disk...
imw-eloftr: 1 match-sets in 0.25s
[Coarse] imw-eloftr pair 25: dE=-17657.7 m dN=-313.5 m (matcher@315m, support=137, peak=None) 
imw-eloftr: Processing pair 25 from disk...
imw-eloftr: 1 match-sets in 0.23s
[Coarse] imw-eloftr pair 26: dE=-17661.2 m dN=-313.3 m (from-pair-27, support=None, peak=None) 
imw-eloftr: Processing pair 26 from disk...
imw-eloftr: 1 match-sets in 0.26s
[Coarse] imw-eloftr pair 27: dE=-17661.2 m dN=-313.3 m (from-pair-23 (phasecorr disagreed), support=None, peak=0.05064041456057702) 
imw-eloftr: Processing pair 27 from disk...
imw-eloftr: 0 match-sets in 0.17s
Saved:
 CHIP_STATS_ALL.csv
 CHIP_STATS_SURVIVORS.csv
 CONSENSUS_SCORES.csv
 BEST_CHIP_SET.csv
 BEST_CHIP_MANIFEST.csv
 BEST_FINAL_SUMMARY.csv
[band1] imw-eloftr ok in 0.5 min, peak GPU memory 17.1 of 39.4 GB
[imw-eloftr] Model unloaded.
--------------------------------------------------------------------------------
[band1] Running imw-aspanformer
[imw-aspanformer] Loading model...
[Coarse] pair 20: no reliable coarse offset (matcher: no matches; phasecorr: {'dx': -28903.23193639674, 'dy': -12953.216285335406, 'support': None, 'n': None, 'peak': 0.008737401829825507}); windows compared in place
[Coarse] pair 26: no reliable coarse offset (matcher: no matches; phasecorr: {'dx': -96306.08142606622, 'dy': -17142.367293993742, 'support': None, 'n': None, 'peak': 0.02253384519977334}); windows compared in place
[Coarse] pair 10: phase correlation gave dE=43169 m dN=-4147 m, 60.9 km from every offset the matcher measured; using pair 11's (dE=-18158 m dN=-272 m)
[Coarse] pair 12: phase correlation gave dE=-1877 m dN=10017 m, 18.8 km from every offset the matcher measured; using pair 8's (dE=-17807 m dN=-675 m)
[Coarse] pair 13: phase correlation gave dE=7584 m dN=8567 m, 26.7 km from every offset the matcher measured; using pair 8's (dE=-17807 m dN=-675 m)
[Coarse] pair 18: phase correlation gave dE=744 m dN=-16615 m, 24.2 km from every offset the matcher measured; using pair 25's (dE=-17664 m dN=-384 m)
[Coarse] pair 19: phase correlation gave dE=11920 m dN=-17918 m, 34.2 km from every offset the matcher measured; using pair 25's (dE=-17664 m dN=-384 m)
[Coarse] pair 21: phase correlation gave dE=-11414 m dN=-17047 m, 17.2 km from every offset the matcher measured; using pair 25's (dE=-17664 m dN=-384 m)
[Coarse] pair 27: phase correlation gave dE=-97898 m dN=-6012 m, 79.5 km from every offset the matcher measured; using pair 23's (dE=-17709 m dN=-300 m)
[Coarse] imw-aspanformer pair 1: dE=-17875.8 m dN=-717.9 m (matcher@315m, support=173, peak=None) 
imw-aspanformer: Processing pair 1 from disk...
imw-aspanformer: 1 match-sets in 0.53s
[Coarse] imw-aspanformer pair 2: dE=-17860.5 m dN=-805.1 m (matcher@315m, support=104, peak=None) 
imw-aspanformer: Processing pair 2 from disk...
imw-aspanformer: 1 match-sets in 0.29s
[Coarse] imw-aspanformer pair 3: dE=-17788.1 m dN=-1063.9 m (matcher@315m, support=80, peak=None) 
imw-aspanformer: Processing pair 3 from disk...
imw-aspanformer: 1 match-sets in 0.34s
[Coarse] imw-aspanformer pair 4: dE=-18488.1 m dN=-391.0 m (matcher@315m, support=143, peak=None) 
imw-aspanformer: Processing pair 4 from disk...
imw-aspanformer: 1 match-sets in 0.57s
[Coarse] imw-aspanformer pair 5: dE=-18406.1 m dN=-331.6 m (matcher@315m, support=180, peak=None) 
imw-aspanformer: Processing pair 5 from disk...
imw-aspanformer: 1 match-sets in 0.29s
[Coarse] imw-aspanformer pair 6: dE=-18587.2 m dN=-259.1 m (matcher@315m, support=55, peak=None) 
imw-aspanformer: Processing pair 6 from disk...
imw-aspanformer: 1 match-sets in 0.32s
[Coarse] imw-aspanformer pair 7: dE=-17810.0 m dN=-452.8 m (matcher@315m, support=618, peak=None) 
imw-aspanformer: Processing pair 7 from disk...
imw-aspanformer: 1 match-sets in 4.01s
[Coarse] imw-aspanformer pair 8: dE=-17807.4 m dN=-675.1 m (matcher@315m, support=361, peak=None) 
imw-aspanformer: Processing pair 8 from disk...
imw-aspanformer: 1 match-sets in 4.72s
[Coarse] imw-aspanformer pair 9: dE=-17840.9 m dN=-427.2 m (matcher@315m, support=779, peak=None) 
imw-aspanformer: Processing pair 9 from disk...
imw-aspanformer: 1 match-sets in 0.50s
[Coarse] imw-aspanformer pair 10: dE=-18157.7 m dN=-272.3 m (from-pair-11 (phasecorr disagreed), support=None, peak=0.04791493653487985) 
imw-aspanformer: Processing pair 10 from disk...
imw-aspanformer: 1 match-sets in 3.88s
[Coarse] imw-aspanformer pair 11: dE=-18157.7 m dN=-272.3 m (matcher@315m, support=159, peak=None) 
imw-aspanformer: Processing pair 11 from disk...
imw-aspanformer: 1 match-sets in 0.42s
[Coarse] imw-aspanformer pair 12: dE=-17807.4 m dN=-675.1 m (from-pair-8 (phasecorr disagreed), support=None, peak=0.1047012765466431) 
imw-aspanformer: Processing pair 12 from disk...
imw-aspanformer: 0 match-sets in 0.00s
[Coarse] imw-aspanformer pair 13: dE=-17807.4 m dN=-675.1 m (from-pair-8 (phasecorr disagreed), support=None, peak=0.09384612739086151) 
imw-aspanformer: Processing pair 13 from disk...
imw-aspanformer: 0 match-sets in 0.00s
[Coarse] imw-aspanformer pair 14: dE=-17816.7 m dN=-183.0 m (matcher@315m, support=1375, peak=None) 
imw-aspanformer: Processing pair 14 from disk...
imw-aspanformer: 1 match-sets in 2.28s
[Coarse] imw-aspanformer pair 15: dE=-17851.3 m dN=-240.7 m (matcher@315m, support=2069, peak=None) 
imw-aspanformer: Processing pair 15 from disk...
imw-aspanformer: 1 match-sets in 0.56s
[Coarse] imw-aspanformer pair 16: dE=-17986.2 m dN=-200.2 m (matcher@315m, support=1300, peak=None) 
imw-aspanformer: Processing pair 16 from disk...
imw-aspanformer: 1 match-sets in 0.46s
[Coarse] imw-aspanformer pair 17: dE=-17992.8 m dN=-189.9 m (matcher@315m, support=1494, peak=None) 
imw-aspanformer: Processing pair 17 from disk...
imw-aspanformer: 1 match-sets in 0.39s
[Coarse] imw-aspanformer pair 18: dE=-17664.5 m dN=-384.1 m (from-pair-25 (phasecorr disagreed), support=None, peak=0.06863816733713503) 
imw-aspanformer: Processing pair 18 from disk...
imw-aspanformer: 0 match-sets in 0.00s
[Coarse] imw-aspanformer pair 19: dE=-17664.5 m dN=-384.1 m (from-pair-25 (phasecorr disagreed), support=None, peak=0.15104582491848204) 
imw-aspanformer: Processing pair 19 from disk...
imw-aspanformer: 0 match-sets in 0.00s
[Coarse] imw-aspanformer pair 20: dE=-17664.5 m dN=-384.1 m (from-pair-19, support=None, peak=None) 
imw-aspanformer: Processing pair 20 from disk...
imw-aspanformer: 0 match-sets in 0.00s
[Coarse] imw-aspanformer pair 21: dE=-17664.5 m dN=-384.1 m (from-pair-25 (phasecorr disagreed), support=None, peak=0.036990950946454645) 
imw-aspanformer: Processing pair 21 from disk...
imw-aspanformer: 0 match-sets in 0.00s
[Coarse] imw-aspanformer pair 22: dE=-17693.0 m dN=-310.7 m (matcher@315m, support=646, peak=None) 
imw-aspanformer: Processing pair 22 from disk...
imw-aspanformer: 1 match-sets in 2.14s
[Coarse] imw-aspanformer pair 23: dE=-17709.0 m dN=-300.0 m (matcher@315m, support=539, peak=None) 
imw-aspanformer: Processing pair 23 from disk...
imw-aspanformer: 1 match-sets in 0.45s
[Coarse] imw-aspanformer pair 24: dE=-17646.2 m dN=-285.4 m (matcher@315m, support=485, peak=None) 
imw-aspanformer: Processing pair 24 from disk...
imw-aspanformer: 1 match-sets in 0.45s
[Coarse] imw-aspanformer pair 25: dE=-17664.5 m dN=-384.1 m (matcher@315m, support=474, peak=None) 
imw-aspanformer: Processing pair 25 from disk...
imw-aspanformer: 1 match-sets in 0.39s
[Coarse] imw-aspanformer pair 26: dE=-17709.0 m dN=-300.0 m (from-pair-27, support=None, peak=None) 
imw-aspanformer: Processing pair 26 from disk...
imw-aspanformer: 1 match-sets in 1.15s
[Coarse] imw-aspanformer pair 27: dE=-17709.0 m dN=-300.0 m (from-pair-23 (phasecorr disagreed), support=None, peak=0.05064041456057702) 
imw-aspanformer: Processing pair 27 from disk...
imw-aspanformer: 0 match-sets in 0.35s
Saved:
 CHIP_STATS_ALL.csv
 CHIP_STATS_SURVIVORS.csv
 CONSENSUS_SCORES.csv
 BEST_CHIP_SET.csv
 BEST_CHIP_MANIFEST.csv
 BEST_FINAL_SUMMARY.csv
[band1] imw-aspanformer ok in 1.2 min, peak GPU memory 32.7 of 39.4 GB
[imw-aspanformer] Model unloaded.
--------------------------------------------------------------------------------
[band1] Running imw-topicfm
[imw-topicfm] Loading model...
2026-10-08 00:27:04.822 | WARNING  | TopicFM.src.models.modules.transformer:forward:163 - topic distribution is highly sparse!
2026-10-08 00:27:08.988 | WARNING  | TopicFM.src.models.modules.transformer:forward:163 - topic distribution is highly sparse!
2026-10-08 00:27:12.064 | WARNING  | TopicFM.src.models.modules.transformer:forward:163 - topic distribution is highly sparse!
2026-10-08 00:27:23.650 | WARNING  | TopicFM.src.models.modules.transformer:forward:163 - topic distribution is highly sparse!
2026-10-08 00:27:23.698 | WARNING  | TopicFM.src.models.modules.transformer:forward:163 - topic distribution is highly sparse!
2026-10-08 00:27:33.295 | WARNING  | TopicFM.src.models.modules.transformer:forward:163 - topic distribution is highly sparse!
2026-10-08 00:27:33.364 | WARNING  | TopicFM.src.models.modules.transformer:forward:163 - topic distribution is highly sparse!
2026-10-08 00:27:33.429 | WARNING  | TopicFM.src.models.modules.transformer:forward:163 - topic distribution is highly sparse!
[Coarse] pair 20: no reliable coarse offset (matcher: no matches; phasecorr: {'dx': -28903.23193639674, 'dy': -12953.216285335406, 'support': None, 'n': None, 'peak': 0.008737401829825507}); windows compared in place
2026-10-08 00:27:33.495 | WARNING  | TopicFM.src.models.modules.transformer:forward:163 - topic distribution is highly sparse!
[Coarse] pair 26: no reliable coarse offset (matcher: {'dx': 15413.386287689209, 'dy': 18725.167694091797, 'support': 2, 'n': 5, 'peak': None}; phasecorr: {'dx': -96306.08142606622, 'dy': -17142.367293993742, 'support': None, 'n': None, 'peak': 0.02253384519977334}); windows compared in place
[Coarse] pair 10: phase correlation gave dE=43169 m dN=-4147 m, 61.0 km from every offset the matcher measured; using pair 11's (dE=-18212 m dN=-190 m)
[Coarse] pair 12: phase correlation gave dE=-1877 m dN=10017 m, 18.9 km from every offset the matcher measured; using pair 8's (dE=-17756 m dN=-239 m)
[Coarse] pair 13: phase correlation gave dE=7584 m dN=8567 m, 26.8 km from every offset the matcher measured; using pair 8's (dE=-17756 m dN=-239 m)
[Coarse] pair 18: phase correlation gave dE=744 m dN=-16615 m, 24.2 km from every offset the matcher measured; using pair 25's (dE=-17702 m dN=-367 m)
[Coarse] pair 19: phase correlation gave dE=11920 m dN=-17918 m, 34.1 km from every offset the matcher measured; using pair 25's (dE=-17702 m dN=-367 m)
[Coarse] pair 21: phase correlation gave dE=-11414 m dN=-17047 m, 17.2 km from every offset the matcher measured; using pair 25's (dE=-17702 m dN=-367 m)
[Coarse] pair 27: phase correlation gave dE=-97898 m dN=-6012 m, 79.6 km from every offset the matcher measured; using pair 23's (dE=-17685 m dN=-306 m)
[Coarse] imw-topicfm pair 1: dE=-17875.5 m dN=-724.9 m (matcher@315m, support=172, peak=None) 
imw-topicfm: Processing pair 1 from disk...
imw-topicfm: 1 match-sets in 1.13s
[Coarse] imw-topicfm pair 2: dE=-17857.8 m dN=-805.7 m (matcher@315m, support=90, peak=None) 
imw-topicfm: Processing pair 2 from disk...
imw-topicfm: 1 match-sets in 0.08s
[Coarse] imw-topicfm pair 3: dE=-17766.9 m dN=-1066.1 m (matcher@315m, support=46, peak=None) 
imw-topicfm: Processing pair 3 from disk...
imw-topicfm: 1 match-sets in 0.08s
[Coarse] imw-topicfm pair 4: dE=-18374.2 m dN=-401.5 m (matcher@315m, support=188, peak=None) 
imw-topicfm: Processing pair 4 from disk...
imw-topicfm: 1 match-sets in 1.46s
[Coarse] imw-topicfm pair 5: dE=-18457.9 m dN=-354.0 m (matcher@315m, support=161, peak=None) 
imw-topicfm: Processing pair 5 from disk...
imw-topicfm: 1 match-sets in 0.10s
[Coarse] imw-topicfm pair 6: dE=-18521.2 m dN=-200.0 m (matcher@315m, support=61, peak=None) 
imw-topicfm: Processing pair 6 from disk...
2026-10-08 00:27:47.389 | WARNING  | TopicFM.src.models.modules.transformer:forward:163 - topic distribution is highly sparse!
imw-topicfm: 1 match-sets in 0.10s
[Coarse] imw-topicfm pair 7: dE=-17821.6 m dN=-338.2 m (matcher@315m, support=258, peak=None) 
imw-topicfm: Processing pair 7 from disk...
imw-topicfm: 1 match-sets in 4.77s
[Coarse] imw-topicfm pair 8: dE=-17755.7 m dN=-239.1 m (matcher@315m, support=240, peak=None) 
imw-topicfm: Processing pair 8 from disk...
imw-topicfm: 1 match-sets in 5.24s
[Coarse] imw-topicfm pair 9: dE=-17847.3 m dN=-283.4 m (matcher@315m, support=304, peak=None) 
imw-topicfm: Processing pair 9 from disk...
imw-topicfm: 1 match-sets in 0.25s
[Coarse] imw-topicfm pair 10: dE=-18212.0 m dN=-189.6 m (from-pair-11 (phasecorr disagreed), support=None, peak=0.04791493653487985) 
imw-topicfm: Processing pair 10 from disk...
imw-topicfm: 1 match-sets in 2.45s
[Coarse] imw-topicfm pair 11: dE=-18212.0 m dN=-189.6 m (matcher@315m, support=286, peak=None) 
imw-topicfm: Processing pair 11 from disk...
imw-topicfm: 1 match-sets in 0.22s
[Coarse] imw-topicfm pair 12: dE=-17755.7 m dN=-239.1 m (from-pair-8 (phasecorr disagreed), support=None, peak=0.1047012765466431) 
imw-topicfm: Processing pair 12 from disk...
imw-topicfm: 0 match-sets in 0.00s
[Coarse] imw-topicfm pair 13: dE=-17755.7 m dN=-239.1 m (from-pair-8 (phasecorr disagreed), support=None, peak=0.09384612739086151) 
imw-topicfm: Processing pair 13 from disk...
imw-topicfm: 0 match-sets in 0.00s
[Coarse] imw-topicfm pair 14: dE=-17798.7 m dN=-94.3 m (matcher@315m, support=1107, peak=None) 
imw-topicfm: Processing pair 14 from disk...
imw-topicfm: 1 match-sets in 2.50s
[Coarse] imw-topicfm pair 15: dE=-17847.1 m dN=-138.2 m (matcher@315m, support=1586, peak=None) 
imw-topicfm: Processing pair 15 from disk...
imw-topicfm: 1 match-sets in 0.34s
[Coarse] imw-topicfm pair 16: dE=-18012.7 m dN=-189.5 m (matcher@315m, support=1133, peak=None) 
imw-topicfm: Processing pair 16 from disk...
imw-topicfm: 1 match-sets in 0.25s
[Coarse] imw-topicfm pair 17: dE=-18031.3 m dN=-190.5 m (matcher@315m, support=1377, peak=None) 
imw-topicfm: Processing pair 17 from disk...
imw-topicfm: 1 match-sets in 0.24s
[Coarse] imw-topicfm pair 18: dE=-17702.1 m dN=-367.4 m (from-pair-25 (phasecorr disagreed), support=None, peak=0.06863816733713503) 
imw-topicfm: Processing pair 18 from disk...
imw-topicfm: 0 match-sets in 0.00s
[Coarse] imw-topicfm pair 19: dE=-17702.1 m dN=-367.4 m (from-pair-25 (phasecorr disagreed), support=None, peak=0.15104582491848204) 
imw-topicfm: Processing pair 19 from disk...
imw-topicfm: 0 match-sets in 0.00s
[Coarse] imw-topicfm pair 20: dE=-17702.1 m dN=-367.4 m (from-pair-19, support=None, peak=None) 
imw-topicfm: Processing pair 20 from disk...
imw-topicfm: 0 match-sets in 0.00s
[Coarse] imw-topicfm pair 21: dE=-17702.1 m dN=-367.4 m (from-pair-25 (phasecorr disagreed), support=None, peak=0.036990950946454645) 
imw-topicfm: Processing pair 21 from disk...
imw-topicfm: 0 match-sets in 0.00s
[Coarse] imw-topicfm pair 22: dE=-17672.1 m dN=-310.4 m (matcher@315m, support=564, peak=None) 
imw-topicfm: Processing pair 22 from disk...
imw-topicfm: 1 match-sets in 2.13s
[Coarse] imw-topicfm pair 23: dE=-17685.4 m dN=-306.0 m (matcher@315m, support=508, peak=None) 
imw-topicfm: Processing pair 23 from disk...
imw-topicfm: 1 match-sets in 0.25s
[Coarse] imw-topicfm pair 24: dE=-17689.6 m dN=-280.0 m (matcher@315m, support=600, peak=None) 
imw-topicfm: Processing pair 24 from disk...
imw-topicfm: 1 match-sets in 0.25s
[Coarse] imw-topicfm pair 25: dE=-17702.1 m dN=-367.4 m (matcher@315m, support=619, peak=None) 
imw-topicfm: Processing pair 25 from disk...
imw-topicfm: 1 match-sets in 0.24s
[Coarse] imw-topicfm pair 26: dE=-17685.4 m dN=-306.0 m (from-pair-27, support=None, peak=None) 
imw-topicfm: Processing pair 26 from disk...
imw-topicfm: 1 match-sets in 1.17s
[Coarse] imw-topicfm pair 27: dE=-17685.4 m dN=-306.0 m (from-pair-23 (phasecorr disagreed), support=None, peak=0.05064041456057702) 
imw-topicfm: Processing pair 27 from disk...
imw-topicfm: 1 match-sets in 0.17s
Saved:
 CHIP_STATS_ALL.csv
 CHIP_STATS_SURVIVORS.csv
 CONSENSUS_SCORES.csv
 BEST_CHIP_SET.csv
 BEST_CHIP_MANIFEST.csv
 BEST_FINAL_SUMMARY.csv
[band1] imw-topicfm ok in 1.1 min, peak GPU memory 24.9 of 39.4 GB
[imw-topicfm] Model unloaded.
--------------------------------------------------------------------------------
[band1] Running imw-roma
[imw-roma] Loading model...
[Coarse] pair 20: no reliable coarse offset (matcher: no matches; phasecorr: {'dx': -28903.23193639674, 'dy': -12953.216285335406, 'support': None, 'n': None, 'peak': 0.008737401829825507}); windows compared in place
[Coarse] pair 26: no reliable coarse offset (matcher: no matches; phasecorr: {'dx': -96306.08142606622, 'dy': -17142.367293993742, 'support': None, 'n': None, 'peak': 0.02253384519977334}); windows compared in place
[Coarse] pair 27: the matcher gave dE=18131 m dN=16431 m on 32 matches, apart from the 22 pairs that agree; using pair 24's (dE=-17794 m dN=-322 m)
[Coarse] pair 10: phase correlation gave dE=43169 m dN=-4147 m, 48.5 km from every offset the matcher measured; using pair 11's (dE=-17986 m dN=-276 m)
[Coarse] pair 12: phase correlation gave dE=-1877 m dN=10017 m, 19.0 km from every offset the matcher measured; using pair 13's (dE=-2694 m dN=-20054 m)
[Coarse] WARNING: imw-roma: the pairs' coarse offsets differ by up to 21 km, more than one image moves from place to place. Pairs with a wrong offset match the wrong ground (the chip consensus drops them when they are few); if most pairs disagree, check the input's pixel size and window size.
[Coarse] imw-roma pair 1: dE=-17964.5 m dN=-667.3 m (matcher@315m, support=2118, peak=None) 
imw-roma: Processing pair 1 from disk...
imw-roma: 1 match-sets in 0.60s
[Coarse] imw-roma pair 2: dE=-18056.6 m dN=-500.8 m (matcher@315m, support=352, peak=None) 
imw-roma: Processing pair 2 from disk...
imw-roma: 1 match-sets in 0.60s
[Coarse] imw-roma pair 3: dE=-17839.2 m dN=-557.7 m (matcher@315m, support=883, peak=None) 
imw-roma: Processing pair 3 from disk...
imw-roma: 1 match-sets in 0.60s
[Coarse] imw-roma pair 4: dE=-18045.5 m dN=-476.5 m (matcher@315m, support=432, peak=None) 
imw-roma: Processing pair 4 from disk...
imw-roma: 1 match-sets in 0.62s
[Coarse] imw-roma pair 5: dE=-18199.0 m dN=-346.9 m (matcher@315m, support=812, peak=None) 
imw-roma: Processing pair 5 from disk...
imw-roma: 1 match-sets in 0.64s
[Coarse] imw-roma pair 6: dE=-19633.6 m dN=-20823.3 m (matcher@315m, support=28, peak=None) 
imw-roma: Processing pair 6 from disk...
imw-roma: 1 match-sets in 0.60s
[Coarse] imw-roma pair 7: dE=-17862.9 m dN=-515.6 m (matcher@315m, support=1347, peak=None) 
imw-roma: Processing pair 7 from disk...
imw-roma: 1 match-sets in 0.75s
[Coarse] imw-roma pair 8: dE=-12493.0 m dN=-14889.7 m (matcher@315m, support=9, peak=None) 
imw-roma: Processing pair 8 from disk...
imw-roma: 1 match-sets in 0.78s
[Coarse] imw-roma pair 9: dE=-17790.5 m dN=-428.0 m (phasecorr@315m, support=None, peak=0.031066529352914596) 
imw-roma: Processing pair 9 from disk...
imw-roma: 1 match-sets in 0.79s
[Coarse] imw-roma pair 10: dE=-17986.0 m dN=-275.6 m (from-pair-11 (phasecorr disagreed), support=None, peak=0.04791493653487985) 
imw-roma: Processing pair 10 from disk...
imw-roma: 1 match-sets in 0.71s
[Coarse] imw-roma pair 11: dE=-17986.0 m dN=-275.6 m (matcher@315m, support=1531, peak=None) 
imw-roma: Processing pair 11 from disk...
imw-roma: 1 match-sets in 0.71s
[Coarse] imw-roma pair 12: dE=-2694.0 m dN=-20054.2 m (from-pair-13 (phasecorr disagreed), support=None, peak=0.1047012765466431) 
imw-roma: Processing pair 12 from disk...
imw-roma: 0 match-sets in 0.00s
[Coarse] imw-roma pair 13: dE=-2694.0 m dN=-20054.2 m (matcher@315m, support=227, peak=None) 
imw-roma: Processing pair 13 from disk...
imw-roma: 0 match-sets in 0.00s
[Coarse] imw-roma pair 14: dE=-17869.6 m dN=-166.5 m (matcher@315m, support=3309, peak=None) 
imw-roma: Processing pair 14 from disk...
imw-roma: 1 match-sets in 0.84s
[Coarse] imw-roma pair 15: dE=-17882.8 m dN=-216.3 m (matcher@315m, support=3831, peak=None) 
imw-roma: Processing pair 15 from disk...
imw-roma: 1 match-sets in 0.83s
[Coarse] imw-roma pair 16: dE=-17950.5 m dN=-167.6 m (matcher@315m, support=3794, peak=None) 
imw-roma: Processing pair 16 from disk...
imw-roma: 1 match-sets in 0.76s
[Coarse] imw-roma pair 17: dE=-17971.0 m dN=-184.8 m (matcher@315m, support=3749, peak=None) 
imw-roma: Processing pair 17 from disk...
imw-roma: 1 match-sets in 0.76s
[Coarse] imw-roma pair 18: dE=744.1 m dN=-16614.6 m (phasecorr@315m, support=None, peak=0.06863816733713503) 
imw-roma: Processing pair 18 from disk...
imw-roma: 0 match-sets in 0.00s
[Coarse] imw-roma pair 19: dE=-6166.8 m dN=-19587.4 m (matcher@315m, support=97, peak=None) 
imw-roma: Processing pair 19 from disk...
imw-roma: 0 match-sets in 0.00s
[Coarse] imw-roma pair 20: dE=-6166.8 m dN=-19587.4 m (from-pair-19, support=None, peak=None) 
imw-roma: Processing pair 20 from disk...
imw-roma: 0 match-sets in 0.00s
[Coarse] imw-roma pair 21: dE=-11413.6 m dN=-17047.1 m (phasecorr@315m, support=None, peak=0.036990950946454645) 
imw-roma: Processing pair 21 from disk...
imw-roma: 0 match-sets in 0.00s
[Coarse] imw-roma pair 22: dE=-17882.3 m dN=-311.5 m (phasecorr@315m, support=None, peak=0.12721613845825194) 
imw-roma: Processing pair 22 from disk...
imw-roma: 1 match-sets in 0.78s
[Coarse] imw-roma pair 23: dE=-17911.9 m dN=-326.6 m (phasecorr@315m, support=None, peak=0.12881409482955933) 
imw-roma: Processing pair 23 from disk...
imw-roma: 1 match-sets in 0.74s
[Coarse] imw-roma pair 24: dE=-17793.9 m dN=-321.9 m (matcher@315m, support=1302, peak=None) 
imw-roma: Processing pair 24 from disk...
imw-roma: 1 match-sets in 0.74s
[Coarse] imw-roma pair 25: dE=-17844.2 m dN=-348.0 m (phasecorr@315m, support=None, peak=0.15328786741892497) 
imw-roma: Processing pair 25 from disk...
imw-roma: 1 match-sets in 0.77s
[Coarse] imw-roma pair 26: dE=-17793.9 m dN=-321.9 m (from-pair-27, support=None, peak=None) 
imw-roma: Processing pair 26 from disk...
imw-roma: 1 match-sets in 0.70s
[Coarse] imw-roma pair 27: dE=-17793.9 m dN=-321.9 m (from-pair-24 (matcher outlier), support=None, peak=None) 
imw-roma: Processing pair 27 from disk...
imw-roma: 1 match-sets in 0.67s
Saved:
 CHIP_STATS_ALL.csv
 CHIP_STATS_SURVIVORS.csv
 CONSENSUS_SCORES.csv
 BEST_CHIP_SET.csv
 BEST_CHIP_MANIFEST.csv
 BEST_FINAL_SUMMARY.csv
[band1] imw-roma ok in 0.7 min, peak GPU memory 5.3 of 39.4 GB
[imw-roma] Model unloaded.
--------------------------------------------------------------------------------
[band1] Running imw-dkm
[imw-dkm] Loading model...
[Coarse] pair 3: no reliable coarse offset (matcher: {'dx': -20865.697860717773, 'dy': -9350.043640136719, 'support': 5, 'n': 11, 'peak': None}; phasecorr: {'dx': -16147.443677524008, 'dy': -26751.975000537102, 'support': None, 'n': None, 'peak': 0.00032880983234923565}); windows compared in place
[Coarse] pair 8: no reliable coarse offset (matcher: no matches; phasecorr: {'dx': -18002.059573769864, 'dy': -489.60497923140906, 'support': None, 'n': None, 'peak': 0.011968647486368816}); windows compared in place
[Coarse] pair 26: no reliable coarse offset (matcher: no matches; phasecorr: {'dx': -96306.08142606622, 'dy': -17142.367293993742, 'support': None, 'n': None, 'peak': 0.02253384519977334}); windows compared in place
[Coarse] pair 18: the matcher gave dE=5162 m dN=-20421 m on 78 matches, apart from the 17 pairs that agree; using pair 25's (dE=-17767 m dN=-297 m)
[Coarse] pair 20: the matcher gave dE=4794 m dN=-20754 m on 82 matches, apart from the 17 pairs that agree; using pair 25's (dE=-17767 m dN=-297 m)
[Coarse] pair 21: the matcher gave dE=5538 m dN=-20658 m on 108 matches, apart from the 17 pairs that agree; using pair 25's (dE=-17767 m dN=-297 m)
[Coarse] pair 10: phase correlation gave dE=43169 m dN=-4147 m, 59.4 km from every offset the matcher measured; using pair 11's (dE=-17991 m dN=-288 m)
[Coarse] pair 12: phase correlation gave dE=-1877 m dN=10017 m, 12.7 km from every offset the matcher measured; using pair 7's (dE=-17889 m dN=-520 m)
[Coarse] pair 13: phase correlation gave dE=7584 m dN=8567 m, 21.6 km from every offset the matcher measured; using pair 7's (dE=-17889 m dN=-520 m)
[Coarse] pair 19: phase correlation gave dE=11920 m dN=-17918 m, 34.5 km from every offset the matcher measured; using pair 25's (dE=-17767 m dN=-297 m)
[Coarse] pair 27: phase correlation gave dE=-97898 m dN=-6012 m, 80.0 km from every offset the matcher measured; using pair 24's (dE=-17760 m dN=-237 m)
[Coarse] WARNING: imw-dkm: the pairs' coarse offsets differ by up to 19 km, more than one image moves from place to place. Pairs with a wrong offset match the wrong ground (the chip consensus drops them when they are few); if most pairs disagree, check the input's pixel size and window size.
[Coarse] imw-dkm pair 1: dE=-17973.7 m dN=-559.0 m (matcher@315m, support=2579, peak=None) 
imw-dkm: Processing pair 1 from disk...
imw-dkm: 1 match-sets in 0.50s
[Coarse] imw-dkm pair 2: dE=-18029.4 m dN=-423.8 m (matcher@315m, support=709, peak=None) 
imw-dkm: Processing pair 2 from disk...
imw-dkm: 1 match-sets in 0.51s
[Coarse] imw-dkm pair 3: dE=-17973.7 m dN=-559.0 m (from-pair-1, support=None, peak=None) 
imw-dkm: Processing pair 3 from disk...
imw-dkm: 1 match-sets in 0.51s
[Coarse] imw-dkm pair 4: dE=-18072.4 m dN=-527.6 m (matcher@315m, support=2742, peak=None) 
imw-dkm: Processing pair 4 from disk...
imw-dkm: 1 match-sets in 0.51s
[Coarse] imw-dkm pair 5: dE=-17686.9 m dN=17966.7 m (matcher@315m, support=1300, peak=None) 
imw-dkm: Processing pair 5 from disk...
imw-dkm: 1 match-sets in 0.52s
[Coarse] imw-dkm pair 6: dE=-12147.6 m dN=17469.8 m (matcher@315m, support=191, peak=None) 
imw-dkm: Processing pair 6 from disk...
imw-dkm: 1 match-sets in 0.52s
[Coarse] imw-dkm pair 7: dE=-17889.3 m dN=-519.7 m (matcher@315m, support=1663, peak=None) 
imw-dkm: Processing pair 7 from disk...
imw-dkm: 1 match-sets in 0.65s
[Coarse] imw-dkm pair 8: dE=-17889.3 m dN=-519.7 m (from-pair-7, support=None, peak=None) 
imw-dkm: Processing pair 8 from disk...
imw-dkm: 1 match-sets in 0.65s
[Coarse] imw-dkm pair 9: dE=-17934.2 m dN=-522.2 m (matcher@315m, support=2162, peak=None) 
imw-dkm: Processing pair 9 from disk...
imw-dkm: 1 match-sets in 0.65s
[Coarse] imw-dkm pair 10: dE=-17990.6 m dN=-288.2 m (from-pair-11 (phasecorr disagreed), support=None, peak=0.04791493653487985) 
imw-dkm: Processing pair 10 from disk...
imw-dkm: 1 match-sets in 0.60s
[Coarse] imw-dkm pair 11: dE=-17990.6 m dN=-288.2 m (matcher@315m, support=2032, peak=None) 
imw-dkm: Processing pair 11 from disk...
imw-dkm: 1 match-sets in 0.64s
[Coarse] imw-dkm pair 12: dE=-17889.3 m dN=-519.7 m (from-pair-7 (phasecorr disagreed), support=None, peak=0.1047012765466431) 
imw-dkm: Processing pair 12 from disk...
imw-dkm: 0 match-sets in 0.00s
[Coarse] imw-dkm pair 13: dE=-17889.3 m dN=-519.7 m (from-pair-7 (phasecorr disagreed), support=None, peak=0.09384612739086151) 
imw-dkm: Processing pair 13 from disk...
imw-dkm: 0 match-sets in 0.00s
[Coarse] imw-dkm pair 14: dE=-17870.9 m dN=-184.1 m (matcher@315m, support=3020, peak=None) 
imw-dkm: Processing pair 14 from disk...
imw-dkm: 1 match-sets in 0.71s
[Coarse] imw-dkm pair 15: dE=-17886.3 m dN=-212.1 m (matcher@315m, support=3440, peak=None) 
imw-dkm: Processing pair 15 from disk...
imw-dkm: 1 match-sets in 0.74s
[Coarse] imw-dkm pair 16: dE=-17951.0 m dN=-158.9 m (matcher@315m, support=3798, peak=None) 
imw-dkm: Processing pair 16 from disk...
imw-dkm: 1 match-sets in 0.65s
[Coarse] imw-dkm pair 17: dE=-17978.2 m dN=-192.1 m (matcher@315m, support=3557, peak=None) 
imw-dkm: Processing pair 17 from disk...
imw-dkm: 1 match-sets in 0.66s
[Coarse] imw-dkm pair 18: dE=-17767.1 m dN=-296.6 m (from-pair-25 (matcher outlier), support=None, peak=None) 
imw-dkm: Processing pair 18 from disk...
imw-dkm: 0 match-sets in 0.00s
[Coarse] imw-dkm pair 19: dE=-17767.1 m dN=-296.6 m (from-pair-25 (phasecorr disagreed), support=None, peak=0.15104582491848204) 
imw-dkm: Processing pair 19 from disk...
imw-dkm: 0 match-sets in 0.00s
[Coarse] imw-dkm pair 20: dE=-17767.1 m dN=-296.6 m (from-pair-25 (matcher outlier), support=None, peak=None) 
imw-dkm: Processing pair 20 from disk...
imw-dkm: 0 match-sets in 0.00s
[Coarse] imw-dkm pair 21: dE=-17767.1 m dN=-296.6 m (from-pair-25 (matcher outlier), support=None, peak=None) 
imw-dkm: Processing pair 21 from disk...
imw-dkm: 0 match-sets in 0.00s
[Coarse] imw-dkm pair 22: dE=-17755.5 m dN=-243.8 m (matcher@315m, support=3081, peak=None) 
imw-dkm: Processing pair 22 from disk...
imw-dkm: 1 match-sets in 0.65s
[Coarse] imw-dkm pair 23: dE=-17911.9 m dN=-326.6 m (phasecorr@315m, support=None, peak=0.12881409482955933) 
imw-dkm: Processing pair 23 from disk...
imw-dkm: 1 match-sets in 0.66s
[Coarse] imw-dkm pair 24: dE=-17760.4 m dN=-236.8 m (matcher@315m, support=2226, peak=None) 
imw-dkm: Processing pair 24 from disk...
imw-dkm: 1 match-sets in 0.63s
[Coarse] imw-dkm pair 25: dE=-17767.1 m dN=-296.6 m (matcher@315m, support=3600, peak=None) 
imw-dkm: Processing pair 25 from disk...
imw-dkm: 1 match-sets in 0.63s
[Coarse] imw-dkm pair 26: dE=-17760.4 m dN=-236.8 m (from-pair-27, support=None, peak=None) 
imw-dkm: Processing pair 26 from disk...
imw-dkm: 1 match-sets in 0.65s
[Coarse] imw-dkm pair 27: dE=-17760.4 m dN=-236.8 m (from-pair-24 (phasecorr disagreed), support=None, peak=0.05064041456057702) 
imw-dkm: Processing pair 27 from disk...
imw-dkm: 1 match-sets in 0.57s
Saved:
 CHIP_STATS_ALL.csv
 CHIP_STATS_SURVIVORS.csv
 CONSENSUS_SCORES.csv
 BEST_CHIP_SET.csv
 BEST_CHIP_MANIFEST.csv
 BEST_FINAL_SUMMARY.csv
[band1] imw-dkm ok in 0.7 min, peak GPU memory 33.8 of 39.4 GB
[imw-dkm] Model unloaded.
--------------------------------------------------------------------------------
[band1] Running imw-dad-roma
[imw-dad-roma] Loading model...
[Coarse] pair 5: no reliable coarse offset (matcher: no matches; phasecorr: {'dx': 3156.3479216096807, 'dy': 18300.67805989782, 'support': None, 'n': None, 'peak': 0.020832994549224774}); windows compared in place
[Coarse] pair 7: no reliable coarse offset (matcher: no matches; phasecorr: {'dx': -17660.72648465004, 'dy': -478.5174601560547, 'support': None, 'n': None, 'peak': 0.0218074359204816}); windows compared in place
[Coarse] pair 8: no reliable coarse offset (matcher: no matches; phasecorr: {'dx': -18002.059573769864, 'dy': -489.60497923140906, 'support': None, 'n': None, 'peak': 0.011968647486368816}); windows compared in place
[Coarse] pair 20: no reliable coarse offset (matcher: no matches; phasecorr: {'dx': -28903.23193639674, 'dy': -12953.216285335406, 'support': None, 'n': None, 'peak': 0.008737401829825507}); windows compared in place
[Coarse] pair 26: no reliable coarse offset (matcher: no matches; phasecorr: {'dx': -96306.08142606622, 'dy': -17142.367293993742, 'support': None, 'n': None, 'peak': 0.02253384519977334}); windows compared in place
[Coarse] pair 10: phase correlation gave dE=43169 m dN=-4147 m, 61.1 km from every offset the matcher measured; using pair 11's (dE=-18036 m dN=-238 m)
[Coarse] pair 12: phase correlation gave dE=-1877 m dN=10017 m, 17.3 km from every offset the matcher measured; using pair 11's (dE=-18036 m dN=-238 m)
[Coarse] pair 13: phase correlation gave dE=7584 m dN=8567 m, 25.8 km from every offset the matcher measured; using pair 11's (dE=-18036 m dN=-238 m)
[Coarse] pair 18: phase correlation gave dE=744 m dN=-16615 m, 24.7 km from every offset the matcher measured; using pair 15's (dE=-17918 m dN=-189 m)
[Coarse] pair 19: phase correlation gave dE=11920 m dN=-17918 m, 34.6 km from every offset the matcher measured; using pair 15's (dE=-17918 m dN=-189 m)
[Coarse] pair 21: phase correlation gave dE=-11414 m dN=-17047 m, 17.8 km from every offset the matcher measured; using pair 15's (dE=-17918 m dN=-189 m)
[Coarse] pair 27: phase correlation gave dE=-97898 m dN=-6012 m, 77.9 km from every offset the matcher measured; using pair 17's (dE=-17982 m dN=-148 m)
[Coarse] imw-dad-roma pair 1: dE=-17941.3 m dN=-422.9 m (matcher@315m, support=15, peak=None) 
imw-dad-roma: Processing pair 1 from disk...
imw-dad-roma: 1 match-sets in 3.27s
[Coarse] imw-dad-roma pair 2: dE=-20210.0 m dN=74.6 m (matcher@315m, support=8, peak=None) 
imw-dad-roma: Processing pair 2 from disk...
imw-dad-roma: 1 match-sets in 0.52s
[Coarse] imw-dad-roma pair 3: dE=-19731.3 m dN=1126.8 m (matcher@315m, support=11, peak=None) 
imw-dad-roma: Processing pair 3 from disk...
imw-dad-roma: 1 match-sets in 0.54s
[Coarse] imw-dad-roma pair 4: dE=-18070.5 m dN=-486.2 m (matcher@315m, support=36, peak=None) 
imw-dad-roma: Processing pair 4 from disk...
imw-dad-roma: 1 match-sets in 3.55s
[Coarse] imw-dad-roma pair 5: dE=-17562.4 m dN=2734.9 m (from-pair-6, support=None, peak=None) 
imw-dad-roma: Processing pair 5 from disk...
imw-dad-roma: 1 match-sets in 3.65s
[Coarse] imw-dad-roma pair 6: dE=-17562.4 m dN=2734.9 m (matcher@315m, support=9, peak=None) 
imw-dad-roma: Processing pair 6 from disk...
imw-dad-roma: 1 match-sets in 0.57s
[Coarse] imw-dad-roma pair 7: dE=-17790.5 m dN=-428.0 m (from-pair-9, support=None, peak=None) 
imw-dad-roma: Processing pair 7 from disk...
imw-dad-roma: 1 match-sets in 3.87s
[Coarse] imw-dad-roma pair 8: dE=-17790.5 m dN=-428.0 m (from-pair-9, support=None, peak=None) 
imw-dad-roma: Processing pair 8 from disk...
imw-dad-roma: 1 match-sets in 3.85s
[Coarse] imw-dad-roma pair 9: dE=-17790.5 m dN=-428.0 m (phasecorr@315m, support=None, peak=0.031066529352914596) 
imw-dad-roma: Processing pair 9 from disk...
imw-dad-roma: 1 match-sets in 3.82s
[Coarse] imw-dad-roma pair 10: dE=-18035.9 m dN=-238.2 m (from-pair-11 (phasecorr disagreed), support=None, peak=0.04791493653487985) 
imw-dad-roma: Processing pair 10 from disk...
imw-dad-roma: 1 match-sets in 3.60s
[Coarse] imw-dad-roma pair 11: dE=-18035.9 m dN=-238.2 m (matcher@315m, support=135, peak=None) 
imw-dad-roma: Processing pair 11 from disk...
imw-dad-roma: 1 match-sets in 0.80s
[Coarse] imw-dad-roma pair 12: dE=-18035.9 m dN=-238.2 m (from-pair-11 (phasecorr disagreed), support=None, peak=0.1047012765466431) 
imw-dad-roma: Processing pair 12 from disk...
imw-dad-roma: 0 match-sets in 0.00s
[Coarse] imw-dad-roma pair 13: dE=-18035.9 m dN=-238.2 m (from-pair-11 (phasecorr disagreed), support=None, peak=0.09384612739086151) 
imw-dad-roma: Processing pair 13 from disk...
imw-dad-roma: 0 match-sets in 0.00s
[Coarse] imw-dad-roma pair 14: dE=-17868.9 m dN=-245.0 m (matcher@315m, support=119, peak=None) 
imw-dad-roma: Processing pair 14 from disk...
imw-dad-roma: 1 match-sets in 3.88s
[Coarse] imw-dad-roma pair 15: dE=-17917.6 m dN=-189.0 m (matcher@315m, support=728, peak=None) 
imw-dad-roma: Processing pair 15 from disk...
imw-dad-roma: 1 match-sets in 1.00s
[Coarse] imw-dad-roma pair 16: dE=-17976.2 m dN=-139.2 m (matcher@315m, support=747, peak=None) 
imw-dad-roma: Processing pair 16 from disk...
imw-dad-roma: 1 match-sets in 0.79s
[Coarse] imw-dad-roma pair 17: dE=-17981.7 m dN=-147.6 m (matcher@315m, support=822, peak=None) 
imw-dad-roma: Processing pair 17 from disk...
imw-dad-roma: 1 match-sets in 0.80s
[Coarse] imw-dad-roma pair 18: dE=-17917.6 m dN=-189.0 m (from-pair-15 (phasecorr disagreed), support=None, peak=0.06863816733713503) 
imw-dad-roma: Processing pair 18 from disk...
imw-dad-roma: 0 match-sets in 0.00s
[Coarse] imw-dad-roma pair 19: dE=-17917.6 m dN=-189.0 m (from-pair-15 (phasecorr disagreed), support=None, peak=0.15104582491848204) 
imw-dad-roma: Processing pair 19 from disk...
imw-dad-roma: 0 match-sets in 0.00s
[Coarse] imw-dad-roma pair 20: dE=-17917.6 m dN=-189.0 m (from-pair-19, support=None, peak=None) 
imw-dad-roma: Processing pair 20 from disk...
imw-dad-roma: 0 match-sets in 0.00s
[Coarse] imw-dad-roma pair 21: dE=-17917.6 m dN=-189.0 m (from-pair-15 (phasecorr disagreed), support=None, peak=0.036990950946454645) 
imw-dad-roma: Processing pair 21 from disk...
imw-dad-roma: 0 match-sets in 0.00s
[Coarse] imw-dad-roma pair 22: dE=-17882.3 m dN=-311.5 m (phasecorr@315m, support=None, peak=0.12721613845825194) 
imw-dad-roma: Processing pair 22 from disk...
imw-dad-roma: 1 match-sets in 4.02s
[Coarse] imw-dad-roma pair 23: dE=-17911.9 m dN=-326.6 m (phasecorr@315m, support=None, peak=0.12881409482955933) 
imw-dad-roma: Processing pair 23 from disk...
imw-dad-roma: 1 match-sets in 0.88s
[Coarse] imw-dad-roma pair 24: dE=-17928.8 m dN=-415.6 m (phasecorr@315m, support=None, peak=0.035175936365127565) 
imw-dad-roma: Processing pair 24 from disk...
imw-dad-roma: 1 match-sets in 0.88s
[Coarse] imw-dad-roma pair 25: dE=-17844.2 m dN=-348.0 m (phasecorr@315m, support=None, peak=0.15328786741892497) 
imw-dad-roma: Processing pair 25 from disk...
imw-dad-roma: 1 match-sets in 0.89s
[Coarse] imw-dad-roma pair 26: dE=-17981.7 m dN=-147.6 m (from-pair-27, support=None, peak=None) 
imw-dad-roma: Processing pair 26 from disk...
imw-dad-roma: 1 match-sets in 0.70s
[Coarse] imw-dad-roma pair 27: dE=-17981.7 m dN=-147.6 m (from-pair-17 (phasecorr disagreed), support=None, peak=0.05064041456057702) 
imw-dad-roma: Processing pair 27 from disk...
imw-dad-roma: 1 match-sets in 0.71s
Saved:
 CHIP_STATS_ALL.csv
 CHIP_STATS_SURVIVORS.csv
 CONSENSUS_SCORES.csv
 BEST_CHIP_SET.csv
 BEST_CHIP_MANIFEST.csv
 BEST_FINAL_SUMMARY.csv
[band1] imw-dad-roma ok in 2.2 min, peak GPU memory 33.9 of 39.4 GB
[imw-dad-roma] Model unloaded.
--------------------------------------------------------------------------------
[band1] Running imw-rdd-dense
[imw-rdd-dense] Loading model...
config {'activation': 'relu', 'block_dims': [8, 16, 32, 64], 'd_model': 256, 'detection_threshold': 0.1, 'device': device(type='cuda'), 'dim_feedforward': 1024, 'dropout': 0.1, 'enc_n_points': 8, 'hidden_dim': 256, 'lr_backbone': 2e-05, 'nhead': 8, 'num_encoder_layers': 4, 'num_feature_levels': 5, 'top_k': 4096, 'train_detector': False, 'weights': '/maintenance/ICIGDev/GPUPOC/input/dqe/imw_runtime/imw_cache/huggingface/hub/models--Realcat--imcui_checkpoints/snapshots/e72b489e927e7a8202f505c1b4db1474fd22b8b7/rdd/RDD-v2.pth'}
[Coarse] pair 3: no reliable coarse offset (matcher: no matches; phasecorr: {'dx': -16147.443677524008, 'dy': -26751.975000537102, 'support': None, 'n': None, 'peak': 0.00032880983234923565}); windows compared in place
[Coarse] pair 4: no reliable coarse offset (matcher: no matches; phasecorr: {'dx': 12882.472481301173, 'dy': 92621.70938170607, 'support': None, 'n': None, 'peak': -0.00012715039429841217}); windows compared in place
[Coarse] pair 5: no reliable coarse offset (matcher: no matches; phasecorr: {'dx': 3156.3479216096807, 'dy': 18300.67805989782, 'support': None, 'n': None, 'peak': 0.020832994549224774}); windows compared in place
[Coarse] pair 6: no reliable coarse offset (matcher: no matches; phasecorr: {'dx': -15852.800158210905, 'dy': 18737.59796077822, 'support': None, 'n': None, 'peak': -0.0027571213742097218}); windows compared in place
[Coarse] pair 7: no reliable coarse offset (matcher: no matches; phasecorr: {'dx': -17660.72648465004, 'dy': -478.5174601560547, 'support': None, 'n': None, 'peak': 0.0218074359204816}); windows compared in place
[Coarse] pair 8: no reliable coarse offset (matcher: no matches; phasecorr: {'dx': -18002.059573769864, 'dy': -489.60497923140906, 'support': None, 'n': None, 'peak': 0.011968647486368816}); windows compared in place
[Coarse] pair 11: no reliable coarse offset (matcher: no matches; phasecorr: {'dx': -18107.733154651494, 'dy': -332.5590928480355, 'support': None, 'n': None, 'peak': 0.020898853179031604}); windows compared in place
[Coarse] pair 20: no reliable coarse offset (matcher: RuntimeError: selected index k out of range; phasecorr: {'dx': -28903.23193639674, 'dy': -12953.216285335406, 'support': None, 'n': None, 'peak': 0.008737401829825507}); windows compared in place
[Coarse] pair 26: no reliable coarse offset (matcher: no matches; phasecorr: {'dx': -96306.08142606622, 'dy': -17142.367293993742, 'support': None, 'n': None, 'peak': 0.02253384519977334}); windows compared in place
[Coarse] pair 2: phase correlation gave dE=-8934 m dN=5487 m, 10.5 km from every offset the matcher measured; using pair 14's (dE=-17864 m dN=-113 m)
[Coarse] pair 10: phase correlation gave dE=43169 m dN=-4147 m, 61.1 km from every offset the matcher measured; using pair 14's (dE=-17864 m dN=-113 m)
[Coarse] pair 12: phase correlation gave dE=-1877 m dN=10017 m, 18.9 km from every offset the matcher measured; using pair 14's (dE=-17864 m dN=-113 m)
[Coarse] pair 13: phase correlation gave dE=7584 m dN=8567 m, 26.9 km from every offset the matcher measured; using pair 14's (dE=-17864 m dN=-113 m)
[Coarse] pair 18: phase correlation gave dE=744 m dN=-16615 m, 24.7 km from every offset the matcher measured; using pair 25's (dE=-17909 m dN=-258 m)
[Coarse] pair 19: phase correlation gave dE=11920 m dN=-17918 m, 34.6 km from every offset the matcher measured; using pair 25's (dE=-17909 m dN=-258 m)
[Coarse] pair 21: phase correlation gave dE=-11414 m dN=-17047 m, 17.9 km from every offset the matcher measured; using pair 25's (dE=-17909 m dN=-258 m)
[Coarse] pair 27: phase correlation gave dE=-97898 m dN=-6012 m, 80.1 km from every offset the matcher measured; using pair 23's (dE=-17822 m dN=-229 m)
[Coarse] imw-rdd-dense pair 1: dE=-18062.2 m dN=-904.8 m (phasecorr@315m, support=None, peak=0.03257782713572184) 
imw-rdd-dense: Processing pair 1 from disk...
imw-rdd-dense: 0 match-sets in 0.14s
[Coarse] imw-rdd-dense pair 2: dE=-17863.8 m dN=-113.3 m (from-pair-14 (phasecorr disagreed), support=None, peak=0.03413578109976686) 
imw-rdd-dense: Processing pair 2 from disk...
imw-rdd-dense: 0 match-sets in 0.12s
[Coarse] imw-rdd-dense pair 3: dE=-18062.2 m dN=-904.8 m (from-pair-1, support=None, peak=None) 
imw-rdd-dense: Processing pair 3 from disk...
imw-rdd-dense: 0 match-sets in 0.12s
[Coarse] imw-rdd-dense pair 4: dE=-17863.8 m dN=-113.3 m (from-pair-2, support=None, peak=None) 
imw-rdd-dense: Processing pair 4 from disk...
imw-rdd-dense: 1 match-sets in 0.15s
[Coarse] imw-rdd-dense pair 5: dE=-17863.8 m dN=-113.3 m (from-pair-2, support=None, peak=None) 
imw-rdd-dense: Processing pair 5 from disk...
imw-rdd-dense: 0 match-sets in 0.14s
[Coarse] imw-rdd-dense pair 6: dE=-17863.8 m dN=-113.3 m (from-pair-2, support=None, peak=None) 
imw-rdd-dense: Processing pair 6 from disk...
imw-rdd-dense: 0 match-sets in 0.14s
[Coarse] imw-rdd-dense pair 7: dE=-17790.5 m dN=-428.0 m (from-pair-9, support=None, peak=None) 
imw-rdd-dense: Processing pair 7 from disk...
imw-rdd-dense: 0 match-sets in 4.59s
[Coarse] imw-rdd-dense pair 8: dE=-17790.5 m dN=-428.0 m (from-pair-9, support=None, peak=None) 
imw-rdd-dense: Processing pair 8 from disk...
imw-rdd-dense: 0 match-sets in 5.39s
[Coarse] imw-rdd-dense pair 9: dE=-17790.5 m dN=-428.0 m (phasecorr@315m, support=None, peak=0.031066529352914596) 
imw-rdd-dense: Processing pair 9 from disk...
imw-rdd-dense: 0 match-sets in 0.38s
[Coarse] imw-rdd-dense pair 10: dE=-17863.8 m dN=-113.3 m (from-pair-14 (phasecorr disagreed), support=None, peak=0.04791493653487985) 
imw-rdd-dense: Processing pair 10 from disk...
imw-rdd-dense: 0 match-sets in 0.33s
[Coarse] imw-rdd-dense pair 11: dE=-17863.8 m dN=-113.3 m (from-pair-10, support=None, peak=None) 
imw-rdd-dense: Processing pair 11 from disk...
imw-rdd-dense: 0 match-sets in 0.33s
[Coarse] imw-rdd-dense pair 12: dE=-17863.8 m dN=-113.3 m (from-pair-14 (phasecorr disagreed), support=None, peak=0.1047012765466431) 
imw-rdd-dense: Processing pair 12 from disk...
imw-rdd-dense: 0 match-sets in 0.00s
[Coarse] imw-rdd-dense pair 13: dE=-17863.8 m dN=-113.3 m (from-pair-14 (phasecorr disagreed), support=None, peak=0.09384612739086151) 
imw-rdd-dense: Processing pair 13 from disk...
imw-rdd-dense: 0 match-sets in 0.00s
[Coarse] imw-rdd-dense pair 14: dE=-17863.8 m dN=-113.3 m (matcher@315m, support=100, peak=None) 
imw-rdd-dense: Processing pair 14 from disk...
imw-rdd-dense: 1 match-sets in 0.62s
[Coarse] imw-rdd-dense pair 15: dE=-17902.7 m dN=-269.9 m (matcher@315m, support=258, peak=None) 
imw-rdd-dense: Processing pair 15 from disk...
imw-rdd-dense: 1 match-sets in 0.66s
[Coarse] imw-rdd-dense pair 16: dE=-17974.5 m dN=-374.6 m (matcher@315m, support=147, peak=None) 
imw-rdd-dense: Processing pair 16 from disk...
imw-rdd-dense: 1 match-sets in 0.44s
[Coarse] imw-rdd-dense pair 17: dE=-17998.1 m dN=-362.1 m (matcher@315m, support=284, peak=None) 
imw-rdd-dense: Processing pair 17 from disk...
imw-rdd-dense: 1 match-sets in 0.42s
[Coarse] imw-rdd-dense pair 18: dE=-17908.5 m dN=-257.6 m (from-pair-25 (phasecorr disagreed), support=None, peak=0.06863816733713503) 
imw-rdd-dense: Processing pair 18 from disk...
imw-rdd-dense: 0 match-sets in 0.00s
[Coarse] imw-rdd-dense pair 19: dE=-17908.5 m dN=-257.6 m (from-pair-25 (phasecorr disagreed), support=None, peak=0.15104582491848204) 
imw-rdd-dense: Processing pair 19 from disk...
imw-rdd-dense: 0 match-sets in 0.00s
[Coarse] imw-rdd-dense pair 20: dE=-17908.5 m dN=-257.6 m (from-pair-19, support=None, peak=None) 
imw-rdd-dense: Processing pair 20 from disk...
imw-rdd-dense: 0 match-sets in 0.00s
[Coarse] imw-rdd-dense pair 21: dE=-17908.5 m dN=-257.6 m (from-pair-25 (phasecorr disagreed), support=None, peak=0.036990950946454645) 
imw-rdd-dense: Processing pair 21 from disk...
imw-rdd-dense: 0 match-sets in 0.00s
[Coarse] imw-rdd-dense pair 22: dE=-17782.0 m dN=-243.8 m (matcher@315m, support=12, peak=None) 
imw-rdd-dense: Processing pair 22 from disk...
imw-rdd-dense: 1 match-sets in 0.38s
[Coarse] imw-rdd-dense pair 23: dE=-17821.7 m dN=-229.1 m (matcher@315m, support=20, peak=None) 
imw-rdd-dense: Processing pair 23 from disk...
imw-rdd-dense: 1 match-sets in 0.39s
[Coarse] imw-rdd-dense pair 24: dE=-17868.8 m dN=-215.5 m (matcher@315m, support=49, peak=None) 
imw-rdd-dense: Processing pair 24 from disk...
imw-rdd-dense: 1 match-sets in 0.45s
[Coarse] imw-rdd-dense pair 25: dE=-17908.5 m dN=-257.6 m (matcher@315m, support=39, peak=None) 
imw-rdd-dense: Processing pair 25 from disk...
imw-rdd-dense: 1 match-sets in 0.40s
[Coarse] imw-rdd-dense pair 26: dE=-17821.7 m dN=-229.1 m (from-pair-27, support=None, peak=None) 
imw-rdd-dense: Processing pair 26 from disk...
imw-rdd-dense: 0 match-sets in 0.25s
[Coarse] imw-rdd-dense pair 27: dE=-17821.7 m dN=-229.1 m (from-pair-23 (phasecorr disagreed), support=None, peak=0.05064041456057702) 
imw-rdd-dense: Processing pair 27 from disk...
imw-rdd-dense: 0 match-sets in 0.24s
Saved:
 CHIP_STATS_ALL.csv
 CHIP_STATS_SURVIVORS.csv
 CONSENSUS_SCORES.csv
 BEST_CHIP_SET.csv
 BEST_CHIP_MANIFEST.csv
 BEST_FINAL_SUMMARY.csv
[band1] imw-rdd-dense ok in 0.4 min, peak GPU memory 32.6 of 39.4 GB
[imw-rdd-dense] Model unloaded.
--------------------------------------------------------------------------------
[band1] Running imw-xfeat-lg
[imw-xfeat-lg] Loading model...
Using cache found in /maintenance/ICIGDev/GPUPOC/input/dqe/imw_runtime/imw_cache/torch/hub/verlab_accelerated_features_main
Loaded LightGlue model
[Coarse] pair 6: no reliable coarse offset (matcher: no matches; phasecorr: {'dx': -15852.800158210905, 'dy': 18737.59796077822, 'support': None, 'n': None, 'peak': -0.0027571213742097218}); windows compared in place
[Coarse] pair 7: no reliable coarse offset (matcher: no matches; phasecorr: {'dx': -17660.72648465004, 'dy': -478.5174601560547, 'support': None, 'n': None, 'peak': 0.0218074359204816}); windows compared in place
[Coarse] pair 8: no reliable coarse offset (matcher: no matches; phasecorr: {'dx': -18002.059573769864, 'dy': -489.60497923140906, 'support': None, 'n': None, 'peak': 0.011968647486368816}); windows compared in place
[Coarse] pair 20: no reliable coarse offset (matcher: no matches; phasecorr: {'dx': -28903.23193639674, 'dy': -12953.216285335406, 'support': None, 'n': None, 'peak': 0.008737401829825507}); windows compared in place
[Coarse] pair 26: no reliable coarse offset (matcher: no matches; phasecorr: {'dx': -96306.08142606622, 'dy': -17142.367293993742, 'support': None, 'n': None, 'peak': 0.02253384519977334}); windows compared in place
[Coarse] pair 10: phase correlation gave dE=43169 m dN=-4147 m, 60.9 km from every offset the matcher measured; using pair 11's (dE=-18270 m dN=0 m)
[Coarse] pair 12: phase correlation gave dE=-1877 m dN=10017 m, 18.7 km from every offset the matcher measured; using pair 11's (dE=-18270 m dN=0 m)
[Coarse] pair 13: phase correlation gave dE=7584 m dN=8567 m, 26.6 km from every offset the matcher measured; using pair 11's (dE=-18270 m dN=0 m)
[Coarse] pair 18: phase correlation gave dE=744 m dN=-16615 m, 24.6 km from every offset the matcher measured; using pair 25's (dE=-17955 m dN=-315 m)
[Coarse] pair 19: phase correlation gave dE=11920 m dN=-17918 m, 34.4 km from every offset the matcher measured; using pair 25's (dE=-17955 m dN=-315 m)
[Coarse] pair 21: phase correlation gave dE=-11414 m dN=-17047 m, 17.7 km from every offset the matcher measured; using pair 25's (dE=-17955 m dN=-315 m)
[Coarse] pair 27: phase correlation gave dE=-97898 m dN=-6012 m, 79.5 km from every offset the matcher measured; using pair 23's (dE=-17640 m dN=-315 m)
[Coarse] imw-xfeat-lg pair 1: dE=-17955.0 m dN=-630.0 m (matcher@315m, support=98, peak=None) 
imw-xfeat-lg: Processing pair 1 from disk...
imw-xfeat-lg: 1 match-sets in 0.12s
[Coarse] imw-xfeat-lg pair 2: dE=-17955.0 m dN=-630.0 m (matcher@315m, support=86, peak=None) 
imw-xfeat-lg: Processing pair 2 from disk...
imw-xfeat-lg: 1 match-sets in 0.07s
[Coarse] imw-xfeat-lg pair 3: dE=-18585.0 m dN=-630.0 m (matcher@315m, support=16, peak=None) 
imw-xfeat-lg: Processing pair 3 from disk...
imw-xfeat-lg: 1 match-sets in 0.07s
[Coarse] imw-xfeat-lg pair 4: dE=-17640.0 m dN=0.0 m (matcher@315m, support=11, peak=None) 
imw-xfeat-lg: Processing pair 4 from disk...
imw-xfeat-lg: 1 match-sets in 0.13s
[Coarse] imw-xfeat-lg pair 5: dE=-17955.0 m dN=0.0 m (matcher@315m, support=68, peak=None) 
imw-xfeat-lg: Processing pair 5 from disk...
imw-xfeat-lg: 1 match-sets in 0.08s
[Coarse] imw-xfeat-lg pair 6: dE=-17955.0 m dN=0.0 m (from-pair-5, support=None, peak=None) 
imw-xfeat-lg: Processing pair 6 from disk...
imw-xfeat-lg: 1 match-sets in 0.08s
[Coarse] imw-xfeat-lg pair 7: dE=-17790.5 m dN=-428.0 m (from-pair-9, support=None, peak=None) 
imw-xfeat-lg: Processing pair 7 from disk...
imw-xfeat-lg: 1 match-sets in 0.29s
[Coarse] imw-xfeat-lg pair 8: dE=-17790.5 m dN=-428.0 m (from-pair-9, support=None, peak=None) 
imw-xfeat-lg: Processing pair 8 from disk...
imw-xfeat-lg: 0 match-sets in 0.25s
[Coarse] imw-xfeat-lg pair 9: dE=-17790.5 m dN=-428.0 m (phasecorr@315m, support=None, peak=0.031066529352914596) 
imw-xfeat-lg: Processing pair 9 from disk...
imw-xfeat-lg: 1 match-sets in 0.28s
[Coarse] imw-xfeat-lg pair 10: dE=-18270.0 m dN=0.0 m (from-pair-11 (phasecorr disagreed), support=None, peak=0.04791493653487985) 
imw-xfeat-lg: Processing pair 10 from disk...
imw-xfeat-lg: 1 match-sets in 0.24s
[Coarse] imw-xfeat-lg pair 11: dE=-18270.0 m dN=0.0 m (matcher@315m, support=17, peak=None) 
imw-xfeat-lg: Processing pair 11 from disk...
imw-xfeat-lg: 1 match-sets in 0.18s
[Coarse] imw-xfeat-lg pair 12: dE=-18270.0 m dN=0.0 m (from-pair-11 (phasecorr disagreed), support=None, peak=0.1047012765466431) 
imw-xfeat-lg: Processing pair 12 from disk...
imw-xfeat-lg: 0 match-sets in 0.00s
[Coarse] imw-xfeat-lg pair 13: dE=-18270.0 m dN=0.0 m (from-pair-11 (phasecorr disagreed), support=None, peak=0.09384612739086151) 
imw-xfeat-lg: Processing pair 13 from disk...
imw-xfeat-lg: 0 match-sets in 0.00s
[Coarse] imw-xfeat-lg pair 14: dE=-17955.0 m dN=-315.0 m (matcher@315m, support=405, peak=None) 
imw-xfeat-lg: Processing pair 14 from disk...
imw-xfeat-lg: 1 match-sets in 0.35s
[Coarse] imw-xfeat-lg pair 15: dE=-17955.0 m dN=-315.0 m (matcher@315m, support=819, peak=None) 
imw-xfeat-lg: Processing pair 15 from disk...
imw-xfeat-lg: 1 match-sets in 0.36s
[Coarse] imw-xfeat-lg pair 16: dE=-17955.0 m dN=-315.0 m (matcher@315m, support=714, peak=None) 
imw-xfeat-lg: Processing pair 16 from disk...
imw-xfeat-lg: 1 match-sets in 0.21s
[Coarse] imw-xfeat-lg pair 17: dE=-17955.0 m dN=-315.0 m (matcher@315m, support=888, peak=None) 
imw-xfeat-lg: Processing pair 17 from disk...
imw-xfeat-lg: 1 match-sets in 0.20s
[Coarse] imw-xfeat-lg pair 18: dE=-17955.0 m dN=-315.0 m (from-pair-25 (phasecorr disagreed), support=None, peak=0.06863816733713503) 
imw-xfeat-lg: Processing pair 18 from disk...
imw-xfeat-lg: 0 match-sets in 0.00s
[Coarse] imw-xfeat-lg pair 19: dE=-17955.0 m dN=-315.0 m (from-pair-25 (phasecorr disagreed), support=None, peak=0.15104582491848204) 
imw-xfeat-lg: Processing pair 19 from disk...
imw-xfeat-lg: 0 match-sets in 0.00s
[Coarse] imw-xfeat-lg pair 20: dE=-17955.0 m dN=-315.0 m (from-pair-19, support=None, peak=None) 
imw-xfeat-lg: Processing pair 20 from disk...
imw-xfeat-lg: 0 match-sets in 0.00s
[Coarse] imw-xfeat-lg pair 21: dE=-17955.0 m dN=-315.0 m (from-pair-25 (phasecorr disagreed), support=None, peak=0.036990950946454645) 
imw-xfeat-lg: Processing pair 21 from disk...
imw-xfeat-lg: 0 match-sets in 0.00s
[Coarse] imw-xfeat-lg pair 22: dE=-17640.0 m dN=-315.0 m (matcher@315m, support=394, peak=None) 
imw-xfeat-lg: Processing pair 22 from disk...
imw-xfeat-lg: 1 match-sets in 0.27s
[Coarse] imw-xfeat-lg pair 23: dE=-17640.0 m dN=-315.0 m (matcher@315m, support=389, peak=None) 
imw-xfeat-lg: Processing pair 23 from disk...
imw-xfeat-lg: 1 match-sets in 0.45s
[Coarse] imw-xfeat-lg pair 24: dE=-17955.0 m dN=-315.0 m (matcher@315m, support=336, peak=None) 
imw-xfeat-lg: Processing pair 24 from disk...
imw-xfeat-lg: 1 match-sets in 0.20s
[Coarse] imw-xfeat-lg pair 25: dE=-17955.0 m dN=-315.0 m (matcher@315m, support=485, peak=None) 
imw-xfeat-lg: Processing pair 25 from disk...
imw-xfeat-lg: 1 match-sets in 0.20s
[Coarse] imw-xfeat-lg pair 26: dE=-17640.0 m dN=-315.0 m (from-pair-27, support=None, peak=None) 
imw-xfeat-lg: Processing pair 26 from disk...
imw-xfeat-lg: 0 match-sets in 0.18s
[Coarse] imw-xfeat-lg pair 27: dE=-17640.0 m dN=-315.0 m (from-pair-23 (phasecorr disagreed), support=None, peak=0.05064041456057702) 
imw-xfeat-lg: Processing pair 27 from disk...
imw-xfeat-lg: 0 match-sets in 0.12s
Saved:
 CHIP_STATS_ALL.csv
 CHIP_STATS_SURVIVORS.csv
 CONSENSUS_SCORES.csv
 BEST_CHIP_SET.csv
 BEST_CHIP_MANIFEST.csv
 BEST_FINAL_SUMMARY.csv
[band1] imw-xfeat-lg ok in 0.2 min, peak GPU memory 0.6 of 39.4 GB
[imw-xfeat-lg] Model unloaded.
--------------------------------------------------------------------------------
[band1] Running imw-xfeat-dense
[imw-xfeat-dense] Loading model...
Using cache found in /maintenance/ICIGDev/GPUPOC/input/dqe/imw_runtime/imw_cache/torch/hub/verlab_accelerated_features_main
[Coarse] pair 6: no reliable coarse offset (matcher: no matches; phasecorr: {'dx': -15852.800158210905, 'dy': 18737.59796077822, 'support': None, 'n': None, 'peak': -0.0027571213742097218}); windows compared in place
[Coarse] pair 11: no reliable coarse offset (matcher: no matches; phasecorr: {'dx': -18107.733154651494, 'dy': -332.5590928480355, 'support': None, 'n': None, 'peak': 0.020898853179031604}); windows compared in place
[Coarse] pair 20: no reliable coarse offset (matcher: no matches; phasecorr: {'dx': -28903.23193639674, 'dy': -12953.216285335406, 'support': None, 'n': None, 'peak': 0.008737401829825507}); windows compared in place
[Coarse] pair 26: no reliable coarse offset (matcher: no matches; phasecorr: {'dx': -96306.08142606622, 'dy': -17142.367293993742, 'support': None, 'n': None, 'peak': 0.02253384519977334}); windows compared in place
[Coarse] pair 10: phase correlation gave dE=43169 m dN=-4147 m, 61.2 km from every offset the matcher measured; using pair 8's (dE=-17905 m dN=118 m)
[Coarse] pair 12: phase correlation gave dE=-1877 m dN=10017 m, 18.8 km from every offset the matcher measured; using pair 8's (dE=-17905 m dN=118 m)
[Coarse] pair 13: phase correlation gave dE=7584 m dN=8567 m, 26.9 km from every offset the matcher measured; using pair 8's (dE=-17905 m dN=118 m)
[Coarse] pair 18: phase correlation gave dE=744 m dN=-16615 m, 24.7 km from every offset the matcher measured; using pair 25's (dE=-18090 m dN=-348 m)
[Coarse] pair 19: phase correlation gave dE=11920 m dN=-17918 m, 34.6 km from every offset the matcher measured; using pair 25's (dE=-18090 m dN=-348 m)
[Coarse] pair 21: phase correlation gave dE=-11414 m dN=-17047 m, 17.9 km from every offset the matcher measured; using pair 25's (dE=-18090 m dN=-348 m)
[Coarse] pair 27: phase correlation gave dE=-97898 m dN=-6012 m, 79.6 km from every offset the matcher measured; using pair 23's (dE=-18069 m dN=-412 m)
[Coarse] imw-xfeat-dense pair 1: dE=-18338.9 m dN=-352.5 m (matcher@315m, support=45, peak=None) 
imw-xfeat-dense: Processing pair 1 from disk...
imw-xfeat-dense: 1 match-sets in 0.12s
[Coarse] imw-xfeat-dense pair 2: dE=-18220.7 m dN=257.5 m (matcher@315m, support=18, peak=None) 
imw-xfeat-dense: Processing pair 2 from disk...
imw-xfeat-dense: 1 match-sets in 0.06s
[Coarse] imw-xfeat-dense pair 3: dE=-18344.9 m dN=-443.0 m (matcher@315m, support=12, peak=None) 
imw-xfeat-dense: Processing pair 3 from disk...
imw-xfeat-dense: 1 match-sets in 0.06s
[Coarse] imw-xfeat-dense pair 4: dE=-18490.1 m dN=45.9 m (matcher@315m, support=8, peak=None) 
imw-xfeat-dense: Processing pair 4 from disk...
imw-xfeat-dense: 1 match-sets in 0.19s
[Coarse] imw-xfeat-dense pair 5: dE=-18497.3 m dN=31.9 m (matcher@315m, support=10, peak=None) 
imw-xfeat-dense: Processing pair 5 from disk...
imw-xfeat-dense: 1 match-sets in 0.08s
[Coarse] imw-xfeat-dense pair 6: dE=-18497.3 m dN=31.9 m (from-pair-5, support=None, peak=None) 
imw-xfeat-dense: Processing pair 6 from disk...
imw-xfeat-dense: 1 match-sets in 0.07s
[Coarse] imw-xfeat-dense pair 7: dE=-18153.3 m dN=-167.7 m (matcher@315m, support=44, peak=None) 
imw-xfeat-dense: Processing pair 7 from disk...
imw-xfeat-dense: 1 match-sets in 0.37s
[Coarse] imw-xfeat-dense pair 8: dE=-17904.9 m dN=118.5 m (matcher@315m, support=8, peak=None) 
imw-xfeat-dense: Processing pair 8 from disk...
imw-xfeat-dense: 1 match-sets in 0.35s
[Coarse] imw-xfeat-dense pair 9: dE=-17790.5 m dN=-428.0 m (phasecorr@315m, support=None, peak=0.031066529352914596) 
imw-xfeat-dense: Processing pair 9 from disk...
imw-xfeat-dense: 1 match-sets in 0.37s
[Coarse] imw-xfeat-dense pair 10: dE=-17904.9 m dN=118.5 m (from-pair-8 (phasecorr disagreed), support=None, peak=0.04791493653487985) 
imw-xfeat-dense: Processing pair 10 from disk...
imw-xfeat-dense: 1 match-sets in 0.32s
[Coarse] imw-xfeat-dense pair 11: dE=-17904.9 m dN=118.5 m (from-pair-10, support=None, peak=None) 
imw-xfeat-dense: Processing pair 11 from disk...
imw-xfeat-dense: 1 match-sets in 0.19s
[Coarse] imw-xfeat-dense pair 12: dE=-17904.9 m dN=118.5 m (from-pair-8 (phasecorr disagreed), support=None, peak=0.1047012765466431) 
imw-xfeat-dense: Processing pair 12 from disk...
imw-xfeat-dense: 0 match-sets in 0.00s
[Coarse] imw-xfeat-dense pair 13: dE=-17904.9 m dN=118.5 m (from-pair-8 (phasecorr disagreed), support=None, peak=0.09384612739086151) 
imw-xfeat-dense: Processing pair 13 from disk...
imw-xfeat-dense: 0 match-sets in 0.00s
[Coarse] imw-xfeat-dense pair 14: dE=-18155.4 m dN=295.8 m (matcher@315m, support=99, peak=None) 
imw-xfeat-dense: Processing pair 14 from disk...
imw-xfeat-dense: 1 match-sets in 0.35s
[Coarse] imw-xfeat-dense pair 15: dE=-18218.3 m dN=303.7 m (matcher@315m, support=249, peak=None) 
imw-xfeat-dense: Processing pair 15 from disk...
imw-xfeat-dense: 1 match-sets in 0.27s
[Coarse] imw-xfeat-dense pair 16: dE=-18293.4 m dN=-59.2 m (matcher@315m, support=161, peak=None) 
imw-xfeat-dense: Processing pair 16 from disk...
imw-xfeat-dense: 1 match-sets in 0.19s
[Coarse] imw-xfeat-dense pair 17: dE=-18316.8 m dN=-22.1 m (matcher@315m, support=309, peak=None) 
imw-xfeat-dense: Processing pair 17 from disk...
imw-xfeat-dense: 1 match-sets in 0.19s
[Coarse] imw-xfeat-dense pair 18: dE=-18089.9 m dN=-348.3 m (from-pair-25 (phasecorr disagreed), support=None, peak=0.06863816733713503) 
imw-xfeat-dense: Processing pair 18 from disk...
imw-xfeat-dense: 0 match-sets in 0.00s
[Coarse] imw-xfeat-dense pair 19: dE=-18089.9 m dN=-348.3 m (from-pair-25 (phasecorr disagreed), support=None, peak=0.15104582491848204) 
imw-xfeat-dense: Processing pair 19 from disk...
imw-xfeat-dense: 0 match-sets in 0.00s
[Coarse] imw-xfeat-dense pair 20: dE=-18089.9 m dN=-348.3 m (from-pair-19, support=None, peak=None) 
imw-xfeat-dense: Processing pair 20 from disk...
imw-xfeat-dense: 0 match-sets in 0.00s
[Coarse] imw-xfeat-dense pair 21: dE=-18089.9 m dN=-348.3 m (from-pair-25 (phasecorr disagreed), support=None, peak=0.036990950946454645) 
imw-xfeat-dense: Processing pair 21 from disk...
imw-xfeat-dense: 0 match-sets in 0.00s
[Coarse] imw-xfeat-dense pair 22: dE=-17958.0 m dN=-405.8 m (matcher@315m, support=36, peak=None) 
imw-xfeat-dense: Processing pair 22 from disk...
imw-xfeat-dense: 1 match-sets in 0.34s
[Coarse] imw-xfeat-dense pair 23: dE=-18068.8 m dN=-411.7 m (matcher@315m, support=28, peak=None) 
imw-xfeat-dense: Processing pair 23 from disk...
imw-xfeat-dense: 1 match-sets in 0.20s
[Coarse] imw-xfeat-dense pair 24: dE=-18167.6 m dN=-377.7 m (matcher@315m, support=27, peak=None) 
imw-xfeat-dense: Processing pair 24 from disk...
imw-xfeat-dense: 1 match-sets in 0.20s
[Coarse] imw-xfeat-dense pair 25: dE=-18089.9 m dN=-348.3 m (matcher@315m, support=52, peak=None) 
imw-xfeat-dense: Processing pair 25 from disk...
imw-xfeat-dense: 1 match-sets in 0.19s
[Coarse] imw-xfeat-dense pair 26: dE=-18068.8 m dN=-411.7 m (from-pair-27, support=None, peak=None) 
imw-xfeat-dense: Processing pair 26 from disk...
imw-xfeat-dense: 1 match-sets in 0.28s
[Coarse] imw-xfeat-dense pair 27: dE=-18068.8 m dN=-411.7 m (from-pair-23 (phasecorr disagreed), support=None, peak=0.05064041456057702) 
imw-xfeat-dense: Processing pair 27 from disk...
imw-xfeat-dense: 1 match-sets in 0.15s
Saved:
 CHIP_STATS_ALL.csv
 CHIP_STATS_SURVIVORS.csv
 CONSENSUS_SCORES.csv
 BEST_CHIP_SET.csv
 BEST_CHIP_MANIFEST.csv
 BEST_FINAL_SUMMARY.csv
[band1] imw-xfeat-dense ok in 0.2 min, peak GPU memory 2.2 of 39.4 GB
[imw-xfeat-dense] Model unloaded.
================================================================================
ALL CHANNELS COMPLETE
================================================================================
[Job] >>> win2560_nfauto: window 2560 px, 32000 keypoints per window (4883 per megapixel)
================================================================================
AUTOMATCH PIPELINE
================================================================================
              kind: raster
              name: cog
              path: /maintenance/ICIGDev/GPUPOC/input/dqe/g1a/267403461/input/cog.tif
          channels: ['band1', 'band2', 'band3']
       working_crs: PROJCS["unnamed",GEOGCS["WGS 84",DATUM["WGS_1984",SPHEROID["WGS 84",6378137,298.25722293287,AUTHORITY["EPSG","7030"]],AUTHORITY["EPSG","6326"]],PRIMEM["Greenwich",0],UNIT["degree",0.0174532925199433,AUTHORITY["EPSG","9122"]],AUTHORITY["EPSG","4326"]],PROJECTION["Lambert_Conformal_Conic_2SP"],PARAMETER["latitude_of_origin",15.383741091973],PARAMETER["central_meridian",74.7795684183937],PARAMETER["standard_parallel_1",15.7612595267751],PARAMETER["standard_parallel_2",15.0140763016093],PARAMETER["false_easting",0],PARAMETER["false_northing",0],UNIT["metre",1,AUTHORITY["EPSG","9001"]],AXIS["Easting",EAST],AXIS["Northing",NORTH]]
        source_crs: PROJCS["unnamed",GEOGCS["WGS 84",DATUM["WGS_1984",SPHEROID["WGS 84",6378137,298.25722293287,AUTHORITY["EPSG","7030"]],AUTHORITY["EPSG","6326"]],PRIMEM["Greenwich",0],UNIT["degree",0.0174532925199433,AUTHORITY["EPSG","9122"]],AUTHORITY["EPSG","4326"]],PROJECTION["Lambert_Conformal_Conic_2SP"],PARAMETER["latitude_of_origin",15.383741091973],PARAMETER["central_meridian",74.7795684183937],PARAMETER["standard_parallel_1",15.7612595267751],PARAMETER["standard_parallel_2",15.0140763016093],PARAMETER["false_easting",0],PARAMETER["false_northing",0],UNIT["metre",1,AUTHORITY["EPSG","9001"]],AXIS["Easting",EAST],AXIS["Northing",NORTH]]
        native_res: 315.0
 band_descriptions: {'band1': None, 'band2': None, 'band3': None}
      channels run: ['band1']
         detectors: ['sift', 'disk', 'dedode', 'keynet', 'dog', 'gftt', 'hessian', 'loftr', 'imw-sp-lg', 'imw-aliked-lg', 'imw-sp-sg', 'imw-sp-nn', 'imw-r2d2-nn', 'imw-rord-nn', 'imw-d2net-nn', 'imw-alike-nn', 'imw-sfd2-nn', 'imw-rdd-nn', 'imw-liftfeat-nn', 'imw-ripe-nn', 'imw-darkfeat-nn', 'imw-lanet-nn', 'imw-minima-loftr', 'imw-minima-roma', 'imw-xoftr', 'imw-omniglue', 'imw-gim-roma', 'imw-gim-dkm', 'imw-eloftr', 'imw-aspanformer', 'imw-topicfm', 'imw-roma', 'imw-dkm', 'imw-dad-roma', 'imw-rdd-dense', 'imw-xfeat-lg', 'imw-xfeat-dense']
--------------------------------------------------------------------------------
Running channel: band1
[Cache] All 27 pairs loaded from /maintenance/ICIGDev/GPUPOC/output/output335/_cache/cog/raster/band1_toL8Ref
--------------------------------------------------------------------------------
[band1] Running sift
SIFT: Initializing (rootsift=True, upright=True)...
sift: Initializing LightGlue {'filter_threshold': 0.1, 'depth_confidence': 0.95, 'width_confidence': 0.99}...
[LightGlue] kornia defaults put back (another model, e.g. imcui XFeat + LighterGlue, had replaced them)
Loaded LightGlue model
[Coarse] pair 3: no reliable coarse offset (matcher: {'dx': -18526.234375, 'dy': -580.8671875, 'support': 2, 'n': 3, 'peak': None}; phasecorr: {'dx': -16147.443677524008, 'dy': -26751.975000537102, 'support': None, 'n': None, 'peak': 0.00032880983234923565}); windows compared in place
[Coarse] pair 4: no reliable coarse offset (matcher: no matches; phasecorr: {'dx': 12882.472481301173, 'dy': 92621.70938170607, 'support': None, 'n': None, 'peak': -0.00012715039429841217}); windows compared in place
[Coarse] pair 5: no reliable coarse offset (matcher: no matches; phasecorr: {'dx': 3156.3479216096807, 'dy': 18300.67805989782, 'support': None, 'n': None, 'peak': 0.020832994549224774}); windows compared in place
[Coarse] pair 6: no reliable coarse offset (matcher: no matches; phasecorr: {'dx': -15852.800158210905, 'dy': 18737.59796077822, 'support': None, 'n': None, 'peak': -0.0027571213742097218}); windows compared in place
[Coarse] pair 11: no reliable coarse offset (matcher: {'dx': -18059.0625, 'dy': -172.3046875, 'support': 3, 'n': 3, 'peak': None}; phasecorr: {'dx': -18107.733154651494, 'dy': -332.5590928480355, 'support': None, 'n': None, 'peak': 0.020898853179031604}); windows compared in place
[Coarse] pair 20: no reliable coarse offset (matcher: no matches; phasecorr: {'dx': -28903.23193639674, 'dy': -12953.216285335406, 'support': None, 'n': None, 'peak': 0.008737401829825507}); windows compared in place
[Coarse] pair 26: no reliable coarse offset (matcher: no matches; phasecorr: {'dx': -96306.08142606622, 'dy': -17142.367293993742, 'support': None, 'n': None, 'peak': 0.02253384519977334}); windows compared in place
[Coarse] pair 2: phase correlation gave dE=-8934 m dN=5487 m, 10.5 km from every offset the matcher measured; using pair 9's (dE=-17955 m dN=-577 m)
[Coarse] pair 10: phase correlation gave dE=43169 m dN=-4147 m, 61.0 km from every offset the matcher measured; using pair 8's (dE=-17925 m dN=-389 m)
[Coarse] pair 12: phase correlation gave dE=-1877 m dN=10017 m, 18.9 km from every offset the matcher measured; using pair 8's (dE=-17925 m dN=-389 m)
[Coarse] pair 13: phase correlation gave dE=7584 m dN=8567 m, 26.8 km from every offset the matcher measured; using pair 8's (dE=-17925 m dN=-389 m)
[Coarse] pair 18: phase correlation gave dE=744 m dN=-16615 m, 24.5 km from every offset the matcher measured; using pair 25's (dE=-17851 m dN=-274 m)
[Coarse] pair 19: phase correlation gave dE=11920 m dN=-17918 m, 34.4 km from every offset the matcher measured; using pair 25's (dE=-17851 m dN=-274 m)
[Coarse] pair 21: phase correlation gave dE=-11414 m dN=-17047 m, 17.7 km from every offset the matcher measured; using pair 25's (dE=-17851 m dN=-274 m)
[Coarse] pair 27: phase correlation gave dE=-97898 m dN=-6012 m, 80.1 km from every offset the matcher measured; using pair 23's (dE=-17717 m dN=-269 m)
[Coarse] sift pair 1: dE=-18062.2 m dN=-904.8 m (phasecorr@315m, support=None, peak=0.03257782713572184) 
sift: Processing pair 1 from disk...
sift: 6 match-sets in 0.64s
[Coarse] sift pair 2: dE=-17955.0 m dN=-576.8 m (from-pair-9 (phasecorr disagreed), support=None, peak=0.03413578109976686) 
sift: Processing pair 2 from disk...
sift: 4 match-sets in 0.61s
[Coarse] sift pair 3: dE=-18062.2 m dN=-904.8 m (from-pair-1, support=None, peak=None) 
sift: Processing pair 3 from disk...
sift: 6 match-sets in 0.59s
[Coarse] sift pair 4: dE=-17955.0 m dN=-576.8 m (from-pair-2, support=None, peak=None) 
sift: Processing pair 4 from disk...
sift: 4 match-sets in 0.68s
[Coarse] sift pair 5: dE=-17955.0 m dN=-576.8 m (from-pair-2, support=None, peak=None) 
sift: Processing pair 5 from disk...
sift: 4 match-sets in 0.67s
[Coarse] sift pair 6: dE=-17955.0 m dN=-576.8 m (from-pair-2, support=None, peak=None) 
sift: Processing pair 6 from disk...
sift: 3 match-sets in 0.62s
[Coarse] sift pair 7: dE=-17818.6 m dN=-576.2 m (matcher@315m, support=16, peak=None) 
sift: Processing pair 7 from disk...
sift: 6 match-sets in 1.47s
[Coarse] sift pair 8: dE=-17925.3 m dN=-389.3 m (matcher@315m, support=11, peak=None) 
sift: Processing pair 8 from disk...
sift: 6 match-sets in 1.50s
[Coarse] sift pair 9: dE=-17955.0 m dN=-576.8 m (matcher@315m, support=23, peak=None) 
sift: Processing pair 9 from disk...
sift: 6 match-sets in 1.50s
[Coarse] sift pair 10: dE=-17925.3 m dN=-389.3 m (from-pair-8 (phasecorr disagreed), support=None, peak=0.04791493653487985) 
sift: Processing pair 10 from disk...
sift: 5 match-sets in 1.26s
[Coarse] sift pair 11: dE=-17925.3 m dN=-389.3 m (from-pair-10, support=None, peak=None) 
sift: Processing pair 11 from disk...
sift: 6 match-sets in 1.18s
[Coarse] sift pair 12: dE=-17925.3 m dN=-389.3 m (from-pair-8 (phasecorr disagreed), support=None, peak=0.1047012765466431) 
sift: Processing pair 12 from disk...
sift: 0 match-sets in 0.00s
[Coarse] sift pair 13: dE=-17925.3 m dN=-389.3 m (from-pair-8 (phasecorr disagreed), support=None, peak=0.09384612739086151) 
sift: Processing pair 13 from disk...
sift: 0 match-sets in 0.00s
[Coarse] sift pair 14: dE=-17911.1 m dN=-247.3 m (matcher@315m, support=158, peak=None) 
sift: Processing pair 14 from disk...
sift: 6 match-sets in 1.66s
[Coarse] sift pair 15: dE=-17926.6 m dN=-263.8 m (matcher@315m, support=288, peak=None) 
sift: Processing pair 15 from disk...
sift: 6 match-sets in 1.03s
[Coarse] sift pair 16: dE=-17955.0 m dN=-99.8 m (matcher@315m, support=119, peak=None) 
sift: Processing pair 16 from disk...
sift: 6 match-sets in 1.24s
[Coarse] sift pair 17: dE=-17955.0 m dN=-315.0 m (matcher@315m, support=269, peak=None) 
sift: Processing pair 17 from disk...
sift: 7 match-sets in 0.79s
[Coarse] sift pair 18: dE=-17851.4 m dN=-274.3 m (from-pair-25 (phasecorr disagreed), support=None, peak=0.06863816733713503) 
sift: Processing pair 18 from disk...
sift: 0 match-sets in 0.00s
[Coarse] sift pair 19: dE=-17851.4 m dN=-274.3 m (from-pair-25 (phasecorr disagreed), support=None, peak=0.15104582491848204) 
sift: Processing pair 19 from disk...
sift: 0 match-sets in 0.00s
[Coarse] sift pair 20: dE=-17851.4 m dN=-274.3 m (from-pair-19, support=None, peak=None) 
sift: Processing pair 20 from disk...
sift: 0 match-sets in 0.00s
[Coarse] sift pair 21: dE=-17851.4 m dN=-274.3 m (from-pair-25 (phasecorr disagreed), support=None, peak=0.036990950946454645) 
sift: Processing pair 21 from disk...
sift: 0 match-sets in 0.00s
[Coarse] sift pair 22: dE=-17792.1 m dN=-234.1 m (matcher@315m, support=60, peak=None) 
sift: Processing pair 22 from disk...
sift: 7 match-sets in 1.40s
[Coarse] sift pair 23: dE=-17717.1 m dN=-268.8 m (matcher@315m, support=66, peak=None) 
sift: Processing pair 23 from disk...
sift: 6 match-sets in 1.29s
[Coarse] sift pair 24: dE=-17796.0 m dN=-268.5 m (matcher@315m, support=88, peak=None) 
sift: Processing pair 24 from disk...
sift: 7 match-sets in 0.86s
[Coarse] sift pair 25: dE=-17851.4 m dN=-274.3 m (matcher@315m, support=101, peak=None) 
sift: Processing pair 25 from disk...
sift: 6 match-sets in 0.91s
[Coarse] sift pair 26: dE=-17717.1 m dN=-268.8 m (from-pair-27, support=None, peak=None) 
sift: Processing pair 26 from disk...
sift: 5 match-sets in 0.97s
[Coarse] sift pair 27: dE=-17717.1 m dN=-268.8 m (from-pair-23 (phasecorr disagreed), support=None, peak=0.05064041456057702) 
sift: Processing pair 27 from disk...
sift: 6 match-sets in 0.95s
Saved:
 CHIP_STATS_ALL.csv
 CHIP_STATS_SURVIVORS.csv
 CONSENSUS_SCORES.csv
 BEST_CHIP_SET.csv
 BEST_CHIP_MANIFEST.csv
 BEST_FINAL_SUMMARY.csv
[band1] sift ok in 0.7 min, peak GPU memory 1.7 of 39.4 GB
--------------------------------------------------------------------------------
[band1] Running disk_depth
DISK: Loading depth model...
disk: Initializing LightGlue {'filter_threshold': 0.1, 'depth_confidence': 0.95, 'width_confidence': 0.99}...
Loaded LightGlue model
[Coarse] pair 3: no reliable coarse offset (matcher: no matches; phasecorr: {'dx': -16147.443677524008, 'dy': -26751.975000537102, 'support': None, 'n': None, 'peak': 0.00032880983234923565}); windows compared in place
[Coarse] pair 4: no reliable coarse offset (matcher: {'dx': -18270.0, 'dy': -315.0, 'support': 3, 'n': 3, 'peak': None}; phasecorr: {'dx': 12882.472481301173, 'dy': 92621.70938170607, 'support': None, 'n': None, 'peak': -0.00012715039429841217}); windows compared in place
[Coarse] pair 5: no reliable coarse offset (matcher: {'dx': -17797.5, 'dy': -315.0, 'support': 4, 'n': 4, 'peak': None}; phasecorr: {'dx': 3156.3479216096807, 'dy': 18300.67805989782, 'support': None, 'n': None, 'peak': 0.020832994549224774}); windows compared in place
[Coarse] pair 6: no reliable coarse offset (matcher: no matches; phasecorr: {'dx': -15852.800158210905, 'dy': 18737.59796077822, 'support': None, 'n': None, 'peak': -0.0027571213742097218}); windows compared in place
[Coarse] pair 11: no reliable coarse offset (matcher: no matches; phasecorr: {'dx': -18107.733154651494, 'dy': -332.5590928480355, 'support': None, 'n': None, 'peak': 0.020898853179031604}); windows compared in place
[Coarse] pair 20: no reliable coarse offset (matcher: no matches; phasecorr: {'dx': -28903.23193639674, 'dy': -12953.216285335406, 'support': None, 'n': None, 'peak': 0.008737401829825507}); windows compared in place
[Coarse] pair 26: no reliable coarse offset (matcher: no matches; phasecorr: {'dx': -96306.08142606622, 'dy': -17142.367293993742, 'support': None, 'n': None, 'peak': 0.02253384519977334}); windows compared in place
[Coarse] pair 2: phase correlation gave dE=-8934 m dN=5487 m, 10.5 km from every offset the matcher measured; using pair 1's (dE=-17955 m dN=-630 m)
[Coarse] pair 10: phase correlation gave dE=43169 m dN=-4147 m, 60.9 km from every offset the matcher measured; using pair 8's (dE=-17955 m dN=-630 m)
[Coarse] pair 12: phase correlation gave dE=-1877 m dN=10017 m, 18.8 km from every offset the matcher measured; using pair 8's (dE=-17955 m dN=-630 m)
[Coarse] pair 13: phase correlation gave dE=7584 m dN=8567 m, 26.7 km from every offset the matcher measured; using pair 8's (dE=-17955 m dN=-630 m)
[Coarse] pair 18: phase correlation gave dE=744 m dN=-16615 m, 24.6 km from every offset the matcher measured; using pair 25's (dE=-17955 m dN=-315 m)
[Coarse] pair 19: phase correlation gave dE=11920 m dN=-17918 m, 34.4 km from every offset the matcher measured; using pair 25's (dE=-17955 m dN=-315 m)
[Coarse] pair 21: phase correlation gave dE=-11414 m dN=-17047 m, 17.7 km from every offset the matcher measured; using pair 25's (dE=-17955 m dN=-315 m)
[Coarse] pair 27: phase correlation gave dE=-97898 m dN=-6012 m, 80.1 km from every offset the matcher measured; using pair 23's (dE=-17640 m dN=-315 m)
[Coarse] disk_depth pair 1: dE=-17955.0 m dN=-630.0 m (matcher@315m, support=22, peak=None) 
disk_depth: Processing pair 1 from disk...
disk_depth: 7 match-sets in 0.40s
[Coarse] disk_depth pair 2: dE=-17955.0 m dN=-630.0 m (from-pair-1 (phasecorr disagreed), support=None, peak=0.03413578109976686) 
disk_depth: Processing pair 2 from disk...
disk_depth: 6 match-sets in 0.40s
[Coarse] disk_depth pair 3: dE=-17955.0 m dN=-630.0 m (from-pair-1, support=None, peak=None) 
disk_depth: Processing pair 3 from disk...
disk_depth: 5 match-sets in 0.30s
[Coarse] disk_depth pair 4: dE=-17955.0 m dN=-630.0 m (from-pair-2, support=None, peak=None) 
disk_depth: Processing pair 4 from disk...
disk_depth: 7 match-sets in 0.46s
[Coarse] disk_depth pair 5: dE=-17955.0 m dN=-630.0 m (from-pair-2, support=None, peak=None) 
disk_depth: Processing pair 5 from disk...
disk_depth: 7 match-sets in 0.46s
[Coarse] disk_depth pair 6: dE=-17955.0 m dN=-630.0 m (from-pair-2, support=None, peak=None) 
disk_depth: Processing pair 6 from disk...
disk_depth: 5 match-sets in 0.34s
[Coarse] disk_depth pair 7: dE=-17955.0 m dN=-630.0 m (matcher@315m, support=45, peak=None) 
disk_depth: Processing pair 7 from disk...
disk_depth: 7 match-sets in 1.27s
[Coarse] disk_depth pair 8: dE=-17955.0 m dN=-630.0 m (matcher@315m, support=12, peak=None) 
disk_depth: Processing pair 8 from disk...
disk_depth: 7 match-sets in 1.26s
[Coarse] disk_depth pair 9: dE=-17955.0 m dN=-630.0 m (matcher@315m, support=46, peak=None) 
disk_depth: Processing pair 9 from disk...
disk_depth: 7 match-sets in 1.09s
[Coarse] disk_depth pair 10: dE=-17955.0 m dN=-630.0 m (from-pair-8 (phasecorr disagreed), support=None, peak=0.04791493653487985) 
disk_depth: Processing pair 10 from disk...
disk_depth: 5 match-sets in 1.08s
[Coarse] disk_depth pair 11: dE=-17955.0 m dN=-630.0 m (from-pair-10, support=None, peak=None) 
disk_depth: Processing pair 11 from disk...
disk_depth: 5 match-sets in 0.94s
[Coarse] disk_depth pair 12: dE=-17955.0 m dN=-630.0 m (from-pair-8 (phasecorr disagreed), support=None, peak=0.1047012765466431) 
disk_depth: Processing pair 12 from disk...
disk_depth: 0 match-sets in 0.00s
[Coarse] disk_depth pair 13: dE=-17955.0 m dN=-630.0 m (from-pair-8 (phasecorr disagreed), support=None, peak=0.09384612739086151) 
disk_depth: Processing pair 13 from disk...
disk_depth: 0 match-sets in 0.00s
[Coarse] disk_depth pair 14: dE=-17955.0 m dN=-315.0 m (matcher@315m, support=321, peak=None) 
disk_depth: Processing pair 14 from disk...
disk_depth: 7 match-sets in 1.69s
[Coarse] disk_depth pair 15: dE=-17955.0 m dN=-315.0 m (matcher@315m, support=545, peak=None) 
disk_depth: Processing pair 15 from disk...
disk_depth: 7 match-sets in 1.52s
[Coarse] disk_depth pair 16: dE=-17955.0 m dN=-315.0 m (matcher@315m, support=291, peak=None) 
disk_depth: Processing pair 16 from disk...
disk_depth: 7 match-sets in 1.08s
[Coarse] disk_depth pair 17: dE=-17955.0 m dN=-315.0 m (matcher@315m, support=560, peak=None) 
disk_depth: Processing pair 17 from disk...
disk_depth: 7 match-sets in 1.10s
[Coarse] disk_depth pair 18: dE=-17955.0 m dN=-315.0 m (from-pair-25 (phasecorr disagreed), support=None, peak=0.06863816733713503) 
disk_depth: Processing pair 18 from disk...
disk_depth: 0 match-sets in 0.00s
[Coarse] disk_depth pair 19: dE=-17955.0 m dN=-315.0 m (from-pair-25 (phasecorr disagreed), support=None, peak=0.15104582491848204) 
disk_depth: Processing pair 19 from disk...
disk_depth: 0 match-sets in 0.00s
[Coarse] disk_depth pair 20: dE=-17955.0 m dN=-315.0 m (from-pair-19, support=None, peak=None) 
disk_depth: Processing pair 20 from disk...
disk_depth: 0 match-sets in 0.00s
[Coarse] disk_depth pair 21: dE=-17955.0 m dN=-315.0 m (from-pair-25 (phasecorr disagreed), support=None, peak=0.036990950946454645) 
disk_depth: Processing pair 21 from disk...
disk_depth: 0 match-sets in 0.00s
[Coarse] disk_depth pair 22: dE=-17640.0 m dN=-315.0 m (matcher@315m, support=56, peak=None) 
disk_depth: Processing pair 22 from disk...
disk_depth: 7 match-sets in 1.25s
[Coarse] disk_depth pair 23: dE=-17640.0 m dN=-315.0 m (matcher@315m, support=70, peak=None) 
disk_depth: Processing pair 23 from disk...
disk_depth: 7 match-sets in 1.05s
[Coarse] disk_depth pair 24: dE=-17955.0 m dN=-315.0 m (matcher@315m, support=256, peak=None) 
disk_depth: Processing pair 24 from disk...
disk_depth: 7 match-sets in 1.07s
[Coarse] disk_depth pair 25: dE=-17955.0 m dN=-315.0 m (matcher@315m, support=112, peak=None) 
disk_depth: Processing pair 25 from disk...
disk_depth: 7 match-sets in 1.08s
[Coarse] disk_depth pair 26: dE=-17640.0 m dN=-315.0 m (from-pair-27, support=None, peak=None) 
disk_depth: Processing pair 26 from disk...
disk_depth: 4 match-sets in 0.85s
[Coarse] disk_depth pair 27: dE=-17640.0 m dN=-315.0 m (from-pair-23 (phasecorr disagreed), support=None, peak=0.05064041456057702) 
disk_depth: Processing pair 27 from disk...
disk_depth: 4 match-sets in 0.72s
Saved:
 CHIP_STATS_ALL.csv
 CHIP_STATS_SURVIVORS.csv
 CONSENSUS_SCORES.csv
 BEST_CHIP_SET.csv
 BEST_CHIP_MANIFEST.csv
 BEST_FINAL_SUMMARY.csv
[band1] disk_depth ok in 0.5 min, peak GPU memory 12.9 of 39.4 GB
--------------------------------------------------------------------------------
[band1] Running disk_epipolar
DISK: Loading epipolar model...
disk: Initializing LightGlue {'filter_threshold': 0.1, 'depth_confidence': 0.95, 'width_confidence': 0.99}...
Loaded LightGlue model
[Coarse] pair 3: no reliable coarse offset (matcher: {'dx': -18270.0, 'dy': -630.0, 'support': 5, 'n': 5, 'peak': None}; phasecorr: {'dx': -16147.443677524008, 'dy': -26751.975000537102, 'support': None, 'n': None, 'peak': 0.00032880983234923565}); windows compared in place
[Coarse] pair 6: no reliable coarse offset (matcher: {'dx': -18585.0, 'dy': -315.0, 'support': 3, 'n': 3, 'peak': None}; phasecorr: {'dx': -15852.800158210905, 'dy': 18737.59796077822, 'support': None, 'n': None, 'peak': -0.0027571213742097218}); windows compared in place
[Coarse] pair 20: no reliable coarse offset (matcher: no matches; phasecorr: {'dx': -28903.23193639674, 'dy': -12953.216285335406, 'support': None, 'n': None, 'peak': 0.008737401829825507}); windows compared in place
[Coarse] pair 26: no reliable coarse offset (matcher: no matches; phasecorr: {'dx': -96306.08142606622, 'dy': -17142.367293993742, 'support': None, 'n': None, 'peak': 0.02253384519977334}); windows compared in place
[Coarse] pair 10: phase correlation gave dE=43169 m dN=-4147 m, 60.9 km from every offset the matcher measured; using pair 11's (dE=-17955 m dN=-315 m)
[Coarse] pair 12: phase correlation gave dE=-1877 m dN=10017 m, 18.8 km from every offset the matcher measured; using pair 8's (dE=-17955 m dN=-630 m)
[Coarse] pair 13: phase correlation gave dE=7584 m dN=8567 m, 26.7 km from every offset the matcher measured; using pair 8's (dE=-17955 m dN=-630 m)
[Coarse] pair 18: phase correlation gave dE=744 m dN=-16615 m, 24.6 km from every offset the matcher measured; using pair 25's (dE=-17640 m dN=-315 m)
[Coarse] pair 19: phase correlation gave dE=11920 m dN=-17918 m, 34.4 km from every offset the matcher measured; using pair 25's (dE=-17640 m dN=-315 m)
[Coarse] pair 21: phase correlation gave dE=-11414 m dN=-17047 m, 17.7 km from every offset the matcher measured; using pair 25's (dE=-17640 m dN=-315 m)
[Coarse] pair 27: phase correlation gave dE=-97898 m dN=-6012 m, 80.1 km from every offset the matcher measured; using pair 23's (dE=-17640 m dN=-315 m)
[Coarse] disk_epipolar pair 1: dE=-17955.0 m dN=-630.0 m (matcher@315m, support=37, peak=None) 
disk_epipolar: Processing pair 1 from disk...
disk_epipolar: 7 match-sets in 0.30s
[Coarse] disk_epipolar pair 2: dE=-17955.0 m dN=-630.0 m (matcher@315m, support=15, peak=None) 
disk_epipolar: Processing pair 2 from disk...
disk_epipolar: 7 match-sets in 0.30s
[Coarse] disk_epipolar pair 3: dE=-17955.0 m dN=-630.0 m (from-pair-1, support=None, peak=None) 
disk_epipolar: Processing pair 3 from disk...
disk_epipolar: 4 match-sets in 0.29s
[Coarse] disk_epipolar pair 4: dE=-17955.0 m dN=-630.0 m (matcher@315m, support=18, peak=None) 
disk_epipolar: Processing pair 4 from disk...
disk_epipolar: 7 match-sets in 0.35s
[Coarse] disk_epipolar pair 5: dE=-17955.0 m dN=-630.0 m (matcher@315m, support=13, peak=None) 
disk_epipolar: Processing pair 5 from disk...
disk_epipolar: 6 match-sets in 0.35s
[Coarse] disk_epipolar pair 6: dE=-17955.0 m dN=-630.0 m (from-pair-5, support=None, peak=None) 
disk_epipolar: Processing pair 6 from disk...
disk_epipolar: 5 match-sets in 0.35s
[Coarse] disk_epipolar pair 7: dE=-17955.0 m dN=-630.0 m (matcher@315m, support=64, peak=None) 
disk_epipolar: Processing pair 7 from disk...
disk_epipolar: 6 match-sets in 1.10s
[Coarse] disk_epipolar pair 8: dE=-17955.0 m dN=-630.0 m (matcher@315m, support=18, peak=None) 
disk_epipolar: Processing pair 8 from disk...
disk_epipolar: 6 match-sets in 1.12s
[Coarse] disk_epipolar pair 9: dE=-17955.0 m dN=-630.0 m (matcher@315m, support=89, peak=None) 
disk_epipolar: Processing pair 9 from disk...
disk_epipolar: 6 match-sets in 1.09s
[Coarse] disk_epipolar pair 10: dE=-17955.0 m dN=-315.0 m (from-pair-11 (phasecorr disagreed), support=None, peak=0.04791493653487985) 
disk_epipolar: Processing pair 10 from disk...
disk_epipolar: 4 match-sets in 0.94s
[Coarse] disk_epipolar pair 11: dE=-17955.0 m dN=-315.0 m (matcher@315m, support=14, peak=None) 
disk_epipolar: Processing pair 11 from disk...
disk_epipolar: 4 match-sets in 0.94s
[Coarse] disk_epipolar pair 12: dE=-17955.0 m dN=-630.0 m (from-pair-8 (phasecorr disagreed), support=None, peak=0.1047012765466431) 
disk_epipolar: Processing pair 12 from disk...
disk_epipolar: 0 match-sets in 0.00s
[Coarse] disk_epipolar pair 13: dE=-17955.0 m dN=-630.0 m (from-pair-8 (phasecorr disagreed), support=None, peak=0.09384612739086151) 
disk_epipolar: Processing pair 13 from disk...
disk_epipolar: 0 match-sets in 0.00s
[Coarse] disk_epipolar pair 14: dE=-17955.0 m dN=-315.0 m (matcher@315m, support=288, peak=None) 
disk_epipolar: Processing pair 14 from disk...
disk_epipolar: 6 match-sets in 1.50s
[Coarse] disk_epipolar pair 15: dE=-17955.0 m dN=-315.0 m (matcher@315m, support=487, peak=None) 
disk_epipolar: Processing pair 15 from disk...
disk_epipolar: 6 match-sets in 1.50s
[Coarse] disk_epipolar pair 16: dE=-17955.0 m dN=-315.0 m (matcher@315m, support=374, peak=None) 
disk_epipolar: Processing pair 16 from disk...
disk_epipolar: 7 match-sets in 1.06s
[Coarse] disk_epipolar pair 17: dE=-17955.0 m dN=-315.0 m (matcher@315m, support=524, peak=None) 
disk_epipolar: Processing pair 17 from disk...
disk_epipolar: 7 match-sets in 1.07s
[Coarse] disk_epipolar pair 18: dE=-17640.0 m dN=-315.0 m (from-pair-25 (phasecorr disagreed), support=None, peak=0.06863816733713503) 
disk_epipolar: Processing pair 18 from disk...
disk_epipolar: 0 match-sets in 0.00s
[Coarse] disk_epipolar pair 19: dE=-17640.0 m dN=-315.0 m (from-pair-25 (phasecorr disagreed), support=None, peak=0.15104582491848204) 
disk_epipolar: Processing pair 19 from disk...
disk_epipolar: 0 match-sets in 0.00s
[Coarse] disk_epipolar pair 20: dE=-17640.0 m dN=-315.0 m (from-pair-19, support=None, peak=None) 
disk_epipolar: Processing pair 20 from disk...
disk_epipolar: 0 match-sets in 0.00s
[Coarse] disk_epipolar pair 21: dE=-17640.0 m dN=-315.0 m (from-pair-25 (phasecorr disagreed), support=None, peak=0.036990950946454645) 
disk_epipolar: Processing pair 21 from disk...
disk_epipolar: 0 match-sets in 0.00s
[Coarse] disk_epipolar pair 22: dE=-17640.0 m dN=-315.0 m (matcher@315m, support=154, peak=None) 
disk_epipolar: Processing pair 22 from disk...
disk_epipolar: 6 match-sets in 1.06s
[Coarse] disk_epipolar pair 23: dE=-17640.0 m dN=-315.0 m (matcher@315m, support=162, peak=None) 
disk_epipolar: Processing pair 23 from disk...
disk_epipolar: 6 match-sets in 1.04s
[Coarse] disk_epipolar pair 24: dE=-17640.0 m dN=-315.0 m (matcher@315m, support=234, peak=None) 
disk_epipolar: Processing pair 24 from disk...
disk_epipolar: 7 match-sets in 1.06s
[Coarse] disk_epipolar pair 25: dE=-17640.0 m dN=-315.0 m (matcher@315m, support=230, peak=None) 
disk_epipolar: Processing pair 25 from disk...
disk_epipolar: 6 match-sets in 1.06s
[Coarse] disk_epipolar pair 26: dE=-17640.0 m dN=-315.0 m (from-pair-27, support=None, peak=None) 
disk_epipolar: Processing pair 26 from disk...
disk_epipolar: 5 match-sets in 0.73s
[Coarse] disk_epipolar pair 27: dE=-17640.0 m dN=-315.0 m (from-pair-23 (phasecorr disagreed), support=None, peak=0.05064041456057702) 
disk_epipolar: Processing pair 27 from disk...
disk_epipolar: 5 match-sets in 0.72s
Saved:
 CHIP_STATS_ALL.csv
 CHIP_STATS_SURVIVORS.csv
 CONSENSUS_SCORES.csv
 BEST_CHIP_SET.csv
 BEST_CHIP_MANIFEST.csv
 BEST_FINAL_SUMMARY.csv
[band1] disk_epipolar ok in 0.4 min, peak GPU memory 0.8 of 39.4 GB
--------------------------------------------------------------------------------
[band1] Running dedode_L-upright_B-upright
DeDoDe: Loading L-upright/B-upright...
dedode: Initializing LightGlue {'filter_threshold': 0.1, 'depth_confidence': 0.95, 'width_confidence': 0.99}...
Loaded LightGlue model
[Coarse] pair 3: no reliable coarse offset (matcher: no matches; phasecorr: {'dx': -16147.443677524008, 'dy': -26751.975000537102, 'support': None, 'n': None, 'peak': 0.00032880983234923565}); windows compared in place
[Coarse] pair 4: no reliable coarse offset (matcher: no matches; phasecorr: {'dx': 12882.472481301173, 'dy': 92621.70938170607, 'support': None, 'n': None, 'peak': -0.00012715039429841217}); windows compared in place
[Coarse] pair 5: no reliable coarse offset (matcher: no matches; phasecorr: {'dx': 3156.3479216096807, 'dy': 18300.67805989782, 'support': None, 'n': None, 'peak': 0.020832994549224774}); windows compared in place
[Coarse] pair 6: no reliable coarse offset (matcher: no matches; phasecorr: {'dx': -15852.800158210905, 'dy': 18737.59796077822, 'support': None, 'n': None, 'peak': -0.0027571213742097218}); windows compared in place
[Coarse] pair 7: no reliable coarse offset (matcher: no matches; phasecorr: {'dx': -17660.72648465004, 'dy': -478.5174601560547, 'support': None, 'n': None, 'peak': 0.0218074359204816}); windows compared in place
[Coarse] pair 8: no reliable coarse offset (matcher: no matches; phasecorr: {'dx': -18002.059573769864, 'dy': -489.60497923140906, 'support': None, 'n': None, 'peak': 0.011968647486368816}); windows compared in place
[Coarse] pair 11: no reliable coarse offset (matcher: no matches; phasecorr: {'dx': -18107.733154651494, 'dy': -332.5590928480355, 'support': None, 'n': None, 'peak': 0.020898853179031604}); windows compared in place
[Coarse] pair 20: no reliable coarse offset (matcher: no matches; phasecorr: {'dx': -28903.23193639674, 'dy': -12953.216285335406, 'support': None, 'n': None, 'peak': 0.008737401829825507}); windows compared in place
[Coarse] pair 26: no reliable coarse offset (matcher: no matches; phasecorr: {'dx': -96306.08142606622, 'dy': -17142.367293993742, 'support': None, 'n': None, 'peak': 0.02253384519977334}); windows compared in place
[Coarse] pair 2: phase correlation gave dE=-8934 m dN=5487 m, 10.9 km from every offset the matcher measured; using pair 14's (dE=-17955 m dN=-630 m)
[Coarse] pair 10: phase correlation gave dE=43169 m dN=-4147 m, 61.2 km from every offset the matcher measured; using pair 14's (dE=-17955 m dN=-630 m)
[Coarse] pair 12: phase correlation gave dE=-1877 m dN=10017 m, 19.3 km from every offset the matcher measured; using pair 14's (dE=-17955 m dN=-630 m)
[Coarse] pair 13: phase correlation gave dE=7584 m dN=8567 m, 27.1 km from every offset the matcher measured; using pair 14's (dE=-17955 m dN=-630 m)
[Coarse] pair 18: phase correlation gave dE=744 m dN=-16615 m, 24.6 km from every offset the matcher measured; using pair 15's (dE=-17955 m dN=-630 m)
[Coarse] pair 19: phase correlation gave dE=11920 m dN=-17918 m, 34.5 km from every offset the matcher measured; using pair 15's (dE=-17955 m dN=-630 m)
[Coarse] pair 21: phase correlation gave dE=-11414 m dN=-17047 m, 17.7 km from every offset the matcher measured; using pair 15's (dE=-17955 m dN=-630 m)
[Coarse] pair 27: phase correlation gave dE=-97898 m dN=-6012 m, 80.1 km from every offset the matcher measured; using pair 15's (dE=-17955 m dN=-630 m)
[Coarse] dedode_L-upright_B-upright pair 1: dE=-18062.2 m dN=-904.8 m (phasecorr@315m, support=None, peak=0.03257782713572184) 
dedode_L-upright_B-upright: Processing pair 1 from disk...
dedode_L-upright_B-upright: 7 match-sets in 4.41s
[Coarse] dedode_L-upright_B-upright pair 2: dE=-17955.0 m dN=-630.0 m (from-pair-14 (phasecorr disagreed), support=None, peak=0.03413578109976686) 
dedode_L-upright_B-upright: Processing pair 2 from disk...
dedode_L-upright_B-upright: 5 match-sets in 0.54s
[Coarse] dedode_L-upright_B-upright pair 3: dE=-18062.2 m dN=-904.8 m (from-pair-1, support=None, peak=None) 
dedode_L-upright_B-upright: Processing pair 3 from disk...
dedode_L-upright_B-upright: 5 match-sets in 0.53s
[Coarse] dedode_L-upright_B-upright pair 4: dE=-17955.0 m dN=-630.0 m (from-pair-2, support=None, peak=None) 
dedode_L-upright_B-upright: Processing pair 4 from disk...
dedode_L-upright_B-upright: 5 match-sets in 4.03s
[Coarse] dedode_L-upright_B-upright pair 5: dE=-17955.0 m dN=-630.0 m (from-pair-2, support=None, peak=None) 
dedode_L-upright_B-upright: Processing pair 5 from disk...
dedode_L-upright_B-upright: 6 match-sets in 4.02s
[Coarse] dedode_L-upright_B-upright pair 6: dE=-17955.0 m dN=-630.0 m (from-pair-2, support=None, peak=None) 
dedode_L-upright_B-upright: Processing pair 6 from disk...
dedode_L-upright_B-upright: 5 match-sets in 0.59s
[Coarse] dedode_L-upright_B-upright pair 7: dE=-17790.5 m dN=-428.0 m (from-pair-9, support=None, peak=None) 
dedode_L-upright_B-upright: Processing pair 7 from disk...
dedode_L-upright_B-upright: 6 match-sets in 7.76s
[Coarse] dedode_L-upright_B-upright pair 8: dE=-17790.5 m dN=-428.0 m (from-pair-9, support=None, peak=None) 
dedode_L-upright_B-upright: Processing pair 8 from disk...
dedode_L-upright_B-upright: 5 match-sets in 8.23s
[Coarse] dedode_L-upright_B-upright pair 9: dE=-17790.5 m dN=-428.0 m (phasecorr@315m, support=None, peak=0.031066529352914596) 
dedode_L-upright_B-upright: Processing pair 9 from disk...
dedode_L-upright_B-upright: 5 match-sets in 1.95s
[Coarse] dedode_L-upright_B-upright pair 10: dE=-17955.0 m dN=-630.0 m (from-pair-14 (phasecorr disagreed), support=None, peak=0.04791493653487985) 
dedode_L-upright_B-upright: Processing pair 10 from disk...
dedode_L-upright_B-upright: 5 match-sets in 7.48s
[Coarse] dedode_L-upright_B-upright pair 11: dE=-17955.0 m dN=-630.0 m (from-pair-10, support=None, peak=None) 
dedode_L-upright_B-upright: Processing pair 11 from disk...
dedode_L-upright_B-upright: 5 match-sets in 1.58s
[Coarse] dedode_L-upright_B-upright pair 12: dE=-17955.0 m dN=-630.0 m (from-pair-14 (phasecorr disagreed), support=None, peak=0.1047012765466431) 
dedode_L-upright_B-upright: Processing pair 12 from disk...
dedode_L-upright_B-upright: 0 match-sets in 0.00s
[Coarse] dedode_L-upright_B-upright pair 13: dE=-17955.0 m dN=-630.0 m (from-pair-14 (phasecorr disagreed), support=None, peak=0.09384612739086151) 
dedode_L-upright_B-upright: Processing pair 13 from disk...
dedode_L-upright_B-upright: 0 match-sets in 0.00s
[Coarse] dedode_L-upright_B-upright pair 14: dE=-17955.0 m dN=-630.0 m (matcher@315m, support=9, peak=None) 
dedode_L-upright_B-upright: Processing pair 14 from disk...
dedode_L-upright_B-upright: 7 match-sets in 8.71s
[Coarse] dedode_L-upright_B-upright pair 15: dE=-17955.0 m dN=-630.0 m (matcher@315m, support=14, peak=None) 
dedode_L-upright_B-upright: Processing pair 15 from disk...
dedode_L-upright_B-upright: 7 match-sets in 2.59s
[Coarse] dedode_L-upright_B-upright pair 16: dE=-18113.0 m dN=-129.2 m (phasecorr@315m, support=None, peak=0.054434785683949785) 
dedode_L-upright_B-upright: Processing pair 16 from disk...
dedode_L-upright_B-upright: 7 match-sets in 1.78s
[Coarse] dedode_L-upright_B-upright pair 17: dE=-18272.3 m dN=-53.0 m (phasecorr@315m, support=None, peak=0.05276745311419169) 
dedode_L-upright_B-upright: Processing pair 17 from disk...
dedode_L-upright_B-upright: 7 match-sets in 1.75s
[Coarse] dedode_L-upright_B-upright pair 18: dE=-17955.0 m dN=-630.0 m (from-pair-15 (phasecorr disagreed), support=None, peak=0.06863816733713503) 
dedode_L-upright_B-upright: Processing pair 18 from disk...
dedode_L-upright_B-upright: 0 match-sets in 0.00s
[Coarse] dedode_L-upright_B-upright pair 19: dE=-17955.0 m dN=-630.0 m (from-pair-15 (phasecorr disagreed), support=None, peak=0.15104582491848204) 
dedode_L-upright_B-upright: Processing pair 19 from disk...
dedode_L-upright_B-upright: 0 match-sets in 0.00s
[Coarse] dedode_L-upright_B-upright pair 20: dE=-17955.0 m dN=-630.0 m (from-pair-19, support=None, peak=None) 
dedode_L-upright_B-upright: Processing pair 20 from disk...
dedode_L-upright_B-upright: 0 match-sets in 0.00s
[Coarse] dedode_L-upright_B-upright pair 21: dE=-17955.0 m dN=-630.0 m (from-pair-15 (phasecorr disagreed), support=None, peak=0.036990950946454645) 
dedode_L-upright_B-upright: Processing pair 21 from disk...
dedode_L-upright_B-upright: 0 match-sets in 0.00s
[Coarse] dedode_L-upright_B-upright pair 22: dE=-17882.3 m dN=-311.5 m (phasecorr@315m, support=None, peak=0.12721613845825194) 
dedode_L-upright_B-upright: Processing pair 22 from disk...
dedode_L-upright_B-upright: 5 match-sets in 7.76s
[Coarse] dedode_L-upright_B-upright pair 23: dE=-17911.9 m dN=-326.6 m (phasecorr@315m, support=None, peak=0.12881409482955933) 
dedode_L-upright_B-upright: Processing pair 23 from disk...
dedode_L-upright_B-upright: 5 match-sets in 1.85s
[Coarse] dedode_L-upright_B-upright pair 24: dE=-17928.8 m dN=-415.6 m (phasecorr@315m, support=None, peak=0.035175936365127565) 
dedode_L-upright_B-upright: Processing pair 24 from disk...
dedode_L-upright_B-upright: 6 match-sets in 1.85s
[Coarse] dedode_L-upright_B-upright pair 25: dE=-17844.2 m dN=-348.0 m (phasecorr@315m, support=None, peak=0.15328786741892497) 
dedode_L-upright_B-upright: Processing pair 25 from disk...
dedode_L-upright_B-upright: 5 match-sets in 1.88s
[Coarse] dedode_L-upright_B-upright pair 26: dE=-17955.0 m dN=-630.0 m (from-pair-27, support=None, peak=None) 
dedode_L-upright_B-upright: Processing pair 26 from disk...
dedode_L-upright_B-upright: 5 match-sets in 5.02s
[Coarse] dedode_L-upright_B-upright pair 27: dE=-17955.0 m dN=-630.0 m (from-pair-15 (phasecorr disagreed), support=None, peak=0.05064041456057702) 
dedode_L-upright_B-upright: Processing pair 27 from disk...
dedode_L-upright_B-upright: 4 match-sets in 1.12s
Saved:
 CHIP_STATS_ALL.csv
 CHIP_STATS_SURVIVORS.csv
 CONSENSUS_SCORES.csv
 BEST_CHIP_SET.csv
 BEST_CHIP_MANIFEST.csv
 BEST_FINAL_SUMMARY.csv
[band1] dedode_L-upright_B-upright ok in 3.4 min, peak GPU memory 32.9 of 39.4 GB
--------------------------------------------------------------------------------
[band1] Running dedode_L-upright_B-C4
DeDoDe: Loading L-upright/B-C4...
dedode: Initializing LightGlue {'filter_threshold': 0.1, 'depth_confidence': 0.95, 'width_confidence': 0.99}...
Loaded LightGlue model
[Coarse] pair 3: no reliable coarse offset (matcher: no matches; phasecorr: {'dx': -16147.443677524008, 'dy': -26751.975000537102, 'support': None, 'n': None, 'peak': 0.00032880983234923565}); windows compared in place
[Coarse] pair 4: no reliable coarse offset (matcher: no matches; phasecorr: {'dx': 12882.472481301173, 'dy': 92621.70938170607, 'support': None, 'n': None, 'peak': -0.00012715039429841217}); windows compared in place
[Coarse] pair 5: no reliable coarse offset (matcher: no matches; phasecorr: {'dx': 3156.3479216096807, 'dy': 18300.67805989782, 'support': None, 'n': None, 'peak': 0.020832994549224774}); windows compared in place
[Coarse] pair 6: no reliable coarse offset (matcher: no matches; phasecorr: {'dx': -15852.800158210905, 'dy': 18737.59796077822, 'support': None, 'n': None, 'peak': -0.0027571213742097218}); windows compared in place
[Coarse] pair 7: no reliable coarse offset (matcher: no matches; phasecorr: {'dx': -17660.72648465004, 'dy': -478.5174601560547, 'support': None, 'n': None, 'peak': 0.0218074359204816}); windows compared in place
[Coarse] pair 8: no reliable coarse offset (matcher: no matches; phasecorr: {'dx': -18002.059573769864, 'dy': -489.60497923140906, 'support': None, 'n': None, 'peak': 0.011968647486368816}); windows compared in place
[Coarse] pair 11: no reliable coarse offset (matcher: no matches; phasecorr: {'dx': -18107.733154651494, 'dy': -332.5590928480355, 'support': None, 'n': None, 'peak': 0.020898853179031604}); windows compared in place
[Coarse] pair 20: no reliable coarse offset (matcher: no matches; phasecorr: {'dx': -28903.23193639674, 'dy': -12953.216285335406, 'support': None, 'n': None, 'peak': 0.008737401829825507}); windows compared in place
[Coarse] pair 26: no reliable coarse offset (matcher: no matches; phasecorr: {'dx': -96306.08142606622, 'dy': -17142.367293993742, 'support': None, 'n': None, 'peak': 0.02253384519977334}); windows compared in place
[Coarse] pair 2: phase correlation gave dE=-8934 m dN=5487 m, 10.3 km from every offset the matcher measured; using pair 14's (dE=-17798 m dN=-630 m)
[Coarse] pair 10: phase correlation gave dE=43169 m dN=-4147 m, 60.9 km from every offset the matcher measured; using pair 14's (dE=-17798 m dN=-630 m)
[Coarse] pair 12: phase correlation gave dE=-1877 m dN=10017 m, 18.7 km from every offset the matcher measured; using pair 14's (dE=-17798 m dN=-630 m)
[Coarse] pair 13: phase correlation gave dE=7584 m dN=8567 m, 26.6 km from every offset the matcher measured; using pair 14's (dE=-17798 m dN=-630 m)
[Coarse] pair 18: phase correlation gave dE=744 m dN=-16615 m, 24.4 km from every offset the matcher measured; using pair 15's (dE=-17640 m dN=-630 m)
[Coarse] pair 19: phase correlation gave dE=11920 m dN=-17918 m, 34.2 km from every offset the matcher measured; using pair 15's (dE=-17640 m dN=-630 m)
[Coarse] pair 21: phase correlation gave dE=-11414 m dN=-17047 m, 17.6 km from every offset the matcher measured; using pair 15's (dE=-17640 m dN=-630 m)
[Coarse] pair 27: phase correlation gave dE=-97898 m dN=-6012 m, 80.3 km from every offset the matcher measured; using pair 17's (dE=-17640 m dN=0 m)
[Coarse] dedode_L-upright_B-C4 pair 1: dE=-18062.2 m dN=-904.8 m (phasecorr@315m, support=None, peak=0.03257782713572184) 
dedode_L-upright_B-C4: Processing pair 1 from disk...
dedode_L-upright_B-C4: 6 match-sets in 0.51s
[Coarse] dedode_L-upright_B-C4 pair 2: dE=-17797.5 m dN=-630.0 m (from-pair-14 (phasecorr disagreed), support=None, peak=0.03413578109976686) 
dedode_L-upright_B-C4: Processing pair 2 from disk...
dedode_L-upright_B-C4: 5 match-sets in 0.52s
[Coarse] dedode_L-upright_B-C4 pair 3: dE=-18062.2 m dN=-904.8 m (from-pair-1, support=None, peak=None) 
dedode_L-upright_B-C4: Processing pair 3 from disk...
dedode_L-upright_B-C4: 5 match-sets in 0.51s
[Coarse] dedode_L-upright_B-C4 pair 4: dE=-17797.5 m dN=-630.0 m (from-pair-2, support=None, peak=None) 
dedode_L-upright_B-C4: Processing pair 4 from disk...
dedode_L-upright_B-C4: 5 match-sets in 0.58s
[Coarse] dedode_L-upright_B-C4 pair 5: dE=-17797.5 m dN=-630.0 m (from-pair-2, support=None, peak=None) 
dedode_L-upright_B-C4: Processing pair 5 from disk...
dedode_L-upright_B-C4: 5 match-sets in 0.57s
[Coarse] dedode_L-upright_B-C4 pair 6: dE=-17797.5 m dN=-630.0 m (from-pair-2, support=None, peak=None) 
dedode_L-upright_B-C4: Processing pair 6 from disk...
dedode_L-upright_B-C4: 4 match-sets in 0.57s
[Coarse] dedode_L-upright_B-C4 pair 7: dE=-17790.5 m dN=-428.0 m (from-pair-9, support=None, peak=None) 
dedode_L-upright_B-C4: Processing pair 7 from disk...
dedode_L-upright_B-C4: 5 match-sets in 1.92s
[Coarse] dedode_L-upright_B-C4 pair 8: dE=-17790.5 m dN=-428.0 m (from-pair-9, support=None, peak=None) 
dedode_L-upright_B-C4: Processing pair 8 from disk...
dedode_L-upright_B-C4: 6 match-sets in 1.99s
[Coarse] dedode_L-upright_B-C4 pair 9: dE=-17790.5 m dN=-428.0 m (phasecorr@315m, support=None, peak=0.031066529352914596) 
dedode_L-upright_B-C4: Processing pair 9 from disk...
dedode_L-upright_B-C4: 5 match-sets in 1.91s
[Coarse] dedode_L-upright_B-C4 pair 10: dE=-17797.5 m dN=-630.0 m (from-pair-14 (phasecorr disagreed), support=None, peak=0.04791493653487985) 
dedode_L-upright_B-C4: Processing pair 10 from disk...
dedode_L-upright_B-C4: 4 match-sets in 1.54s
[Coarse] dedode_L-upright_B-C4 pair 11: dE=-17797.5 m dN=-630.0 m (from-pair-10, support=None, peak=None) 
dedode_L-upright_B-C4: Processing pair 11 from disk...
dedode_L-upright_B-C4: 4 match-sets in 1.54s
[Coarse] dedode_L-upright_B-C4 pair 12: dE=-17797.5 m dN=-630.0 m (from-pair-14 (phasecorr disagreed), support=None, peak=0.1047012765466431) 
dedode_L-upright_B-C4: Processing pair 12 from disk...
dedode_L-upright_B-C4: 0 match-sets in 0.00s
[Coarse] dedode_L-upright_B-C4 pair 13: dE=-17797.5 m dN=-630.0 m (from-pair-14 (phasecorr disagreed), support=None, peak=0.09384612739086151) 
dedode_L-upright_B-C4: Processing pair 13 from disk...
dedode_L-upright_B-C4: 0 match-sets in 0.00s
[Coarse] dedode_L-upright_B-C4 pair 14: dE=-17797.5 m dN=-630.0 m (matcher@315m, support=10, peak=None) 
dedode_L-upright_B-C4: Processing pair 14 from disk...
dedode_L-upright_B-C4: 7 match-sets in 2.54s
[Coarse] dedode_L-upright_B-C4 pair 15: dE=-17640.0 m dN=-630.0 m (matcher@315m, support=11, peak=None) 
dedode_L-upright_B-C4: Processing pair 15 from disk...
dedode_L-upright_B-C4: 7 match-sets in 2.56s
[Coarse] dedode_L-upright_B-C4 pair 16: dE=-17640.0 m dN=0.0 m (matcher@315m, support=9, peak=None) 
dedode_L-upright_B-C4: Processing pair 16 from disk...
dedode_L-upright_B-C4: 7 match-sets in 1.81s
[Coarse] dedode_L-upright_B-C4 pair 17: dE=-17640.0 m dN=0.0 m (matcher@315m, support=11, peak=None) 
dedode_L-upright_B-C4: Processing pair 17 from disk...
dedode_L-upright_B-C4: 7 match-sets in 1.72s
[Coarse] dedode_L-upright_B-C4 pair 18: dE=-17640.0 m dN=-630.0 m (from-pair-15 (phasecorr disagreed), support=None, peak=0.06863816733713503) 
dedode_L-upright_B-C4: Processing pair 18 from disk...
dedode_L-upright_B-C4: 0 match-sets in 0.00s
[Coarse] dedode_L-upright_B-C4 pair 19: dE=-17640.0 m dN=-630.0 m (from-pair-15 (phasecorr disagreed), support=None, peak=0.15104582491848204) 
dedode_L-upright_B-C4: Processing pair 19 from disk...
dedode_L-upright_B-C4: 0 match-sets in 0.00s
[Coarse] dedode_L-upright_B-C4 pair 20: dE=-17640.0 m dN=-630.0 m (from-pair-19, support=None, peak=None) 
dedode_L-upright_B-C4: Processing pair 20 from disk...
dedode_L-upright_B-C4: 0 match-sets in 0.00s
[Coarse] dedode_L-upright_B-C4 pair 21: dE=-17640.0 m dN=-630.0 m (from-pair-15 (phasecorr disagreed), support=None, peak=0.036990950946454645) 
dedode_L-upright_B-C4: Processing pair 21 from disk...
dedode_L-upright_B-C4: 0 match-sets in 0.00s
[Coarse] dedode_L-upright_B-C4 pair 22: dE=-17882.3 m dN=-311.5 m (phasecorr@315m, support=None, peak=0.12721613845825194) 
dedode_L-upright_B-C4: Processing pair 22 from disk...
dedode_L-upright_B-C4: 5 match-sets in 1.83s
[Coarse] dedode_L-upright_B-C4 pair 23: dE=-17911.9 m dN=-326.6 m (phasecorr@315m, support=None, peak=0.12881409482955933) 
dedode_L-upright_B-C4: Processing pair 23 from disk...
dedode_L-upright_B-C4: 5 match-sets in 1.86s
[Coarse] dedode_L-upright_B-C4 pair 24: dE=-17928.8 m dN=-415.6 m (phasecorr@315m, support=None, peak=0.035175936365127565) 
dedode_L-upright_B-C4: Processing pair 24 from disk...
dedode_L-upright_B-C4: 6 match-sets in 1.87s
[Coarse] dedode_L-upright_B-C4 pair 25: dE=-17844.2 m dN=-348.0 m (phasecorr@315m, support=None, peak=0.15328786741892497) 
dedode_L-upright_B-C4: Processing pair 25 from disk...
dedode_L-upright_B-C4: 6 match-sets in 1.84s
[Coarse] dedode_L-upright_B-C4 pair 26: dE=-17640.0 m dN=0.0 m (from-pair-27, support=None, peak=None) 
dedode_L-upright_B-C4: Processing pair 26 from disk...
dedode_L-upright_B-C4: 4 match-sets in 1.14s
[Coarse] dedode_L-upright_B-C4 pair 27: dE=-17640.0 m dN=0.0 m (from-pair-17 (phasecorr disagreed), support=None, peak=0.05064041456057702) 
dedode_L-upright_B-C4: Processing pair 27 from disk...
dedode_L-upright_B-C4: 4 match-sets in 4.79s
Saved:
 CHIP_STATS_ALL.csv
 CHIP_STATS_SURVIVORS.csv
 CONSENSUS_SCORES.csv
 BEST_CHIP_SET.csv
 BEST_CHIP_MANIFEST.csv
 BEST_FINAL_SUMMARY.csv
[band1] dedode_L-upright_B-C4 ok in 0.9 min, peak GPU memory 16.6 of 39.4 GB
--------------------------------------------------------------------------------
[band1] Running dedode_L-upright_G-C4
DeDoDe: Loading L-upright/G-C4...
dedode: Initializing LightGlue {'filter_threshold': 0.1, 'depth_confidence': 0.95, 'width_confidence': 0.99}...
Loaded LightGlue model
[Coarse] pair 3: no reliable coarse offset (matcher: no matches; phasecorr: {'dx': -16147.443677524008, 'dy': -26751.975000537102, 'support': None, 'n': None, 'peak': 0.00032880983234923565}); windows compared in place
[Coarse] pair 4: no reliable coarse offset (matcher: no matches; phasecorr: {'dx': 12882.472481301173, 'dy': 92621.70938170607, 'support': None, 'n': None, 'peak': -0.00012715039429841217}); windows compared in place
[Coarse] pair 5: no reliable coarse offset (matcher: no matches; phasecorr: {'dx': 3156.3479216096807, 'dy': 18300.67805989782, 'support': None, 'n': None, 'peak': 0.020832994549224774}); windows compared in place
[Coarse] pair 6: no reliable coarse offset (matcher: no matches; phasecorr: {'dx': -15852.800158210905, 'dy': 18737.59796077822, 'support': None, 'n': None, 'peak': -0.0027571213742097218}); windows compared in place
[Coarse] pair 7: no reliable coarse offset (matcher: no matches; phasecorr: {'dx': -17660.72648465004, 'dy': -478.5174601560547, 'support': None, 'n': None, 'peak': 0.0218074359204816}); windows compared in place
[Coarse] pair 8: no reliable coarse offset (matcher: no matches; phasecorr: {'dx': -18002.059573769864, 'dy': -489.60497923140906, 'support': None, 'n': None, 'peak': 0.011968647486368816}); windows compared in place
[Coarse] pair 11: no reliable coarse offset (matcher: no matches; phasecorr: {'dx': -18107.733154651494, 'dy': -332.5590928480355, 'support': None, 'n': None, 'peak': 0.020898853179031604}); windows compared in place
[Coarse] pair 20: no reliable coarse offset (matcher: no matches; phasecorr: {'dx': -28903.23193639674, 'dy': -12953.216285335406, 'support': None, 'n': None, 'peak': 0.008737401829825507}); windows compared in place
[Coarse] pair 26: no reliable coarse offset (matcher: no matches; phasecorr: {'dx': -96306.08142606622, 'dy': -17142.367293993742, 'support': None, 'n': None, 'peak': 0.02253384519977334}); windows compared in place
[Coarse] WARNING: dedode_L-upright_G-C4: the pairs' coarse offsets differ by up to 141 km, more than one image moves from place to place. Pairs with a wrong offset match the wrong ground (the chip consensus drops them when they are few); if most pairs disagree, check the input's pixel size and window size.
[Coarse] dedode_L-upright_G-C4 pair 1: dE=-18062.2 m dN=-904.8 m (phasecorr@315m, support=None, peak=0.03257782713572184) 
dedode_L-upright_G-C4: Processing pair 1 from disk...
dedode_L-upright_G-C4: 5 match-sets in 1.16s
[Coarse] dedode_L-upright_G-C4 pair 2: dE=-8933.5 m dN=5486.9 m (phasecorr@315m, support=None, peak=0.03413578109976686) 
dedode_L-upright_G-C4: Processing pair 2 from disk...
dedode_L-upright_G-C4: 6 match-sets in 5.00s
[Coarse] dedode_L-upright_G-C4 pair 3: dE=-18062.2 m dN=-904.8 m (from-pair-1, support=None, peak=None) 
dedode_L-upright_G-C4: Processing pair 3 from disk...
dedode_L-upright_G-C4: 5 match-sets in 0.70s
[Coarse] dedode_L-upright_G-C4 pair 4: dE=-8933.5 m dN=5486.9 m (from-pair-2, support=None, peak=None) 
dedode_L-upright_G-C4: Processing pair 4 from disk...
dedode_L-upright_G-C4: 5 match-sets in 5.01s
[Coarse] dedode_L-upright_G-C4 pair 5: dE=-8933.5 m dN=5486.9 m (from-pair-2, support=None, peak=None) 
dedode_L-upright_G-C4: Processing pair 5 from disk...
dedode_L-upright_G-C4: 5 match-sets in 5.02s
[Coarse] dedode_L-upright_G-C4 pair 6: dE=-8933.5 m dN=5486.9 m (from-pair-2, support=None, peak=None) 
dedode_L-upright_G-C4: Processing pair 6 from disk...
dedode_L-upright_G-C4: 5 match-sets in 0.78s
[Coarse] dedode_L-upright_G-C4 pair 7: dE=-17790.5 m dN=-428.0 m (from-pair-9, support=None, peak=None) 
dedode_L-upright_G-C4: Processing pair 7 from disk...
dedode_L-upright_G-C4: 5 match-sets in 3.72s
[Coarse] dedode_L-upright_G-C4 pair 8: dE=-17790.5 m dN=-428.0 m (from-pair-9, support=None, peak=None) 
dedode_L-upright_G-C4: Processing pair 8 from disk...
dedode_L-upright_G-C4: 5 match-sets in 3.96s
[Coarse] dedode_L-upright_G-C4 pair 9: dE=-17790.5 m dN=-428.0 m (phasecorr@315m, support=None, peak=0.031066529352914596) 
dedode_L-upright_G-C4: Processing pair 9 from disk...
dedode_L-upright_G-C4: 5 match-sets in 2.82s
[Coarse] dedode_L-upright_G-C4 pair 10: dE=43169.1 m dN=-4146.8 m (phasecorr@315m, support=None, peak=0.04791493653487985) 
dedode_L-upright_G-C4: Processing pair 10 from disk...
dedode_L-upright_G-C4: 5 match-sets in 9.29s
[Coarse] dedode_L-upright_G-C4 pair 11: dE=43169.1 m dN=-4146.8 m (from-pair-10, support=None, peak=None) 
dedode_L-upright_G-C4: Processing pair 11 from disk...
dedode_L-upright_G-C4: 5 match-sets in 9.22s
[Coarse] dedode_L-upright_G-C4 pair 12: dE=-1877.4 m dN=10017.4 m (phasecorr@315m, support=None, peak=0.1047012765466431) 
dedode_L-upright_G-C4: Processing pair 12 from disk...
dedode_L-upright_G-C4: 0 match-sets in 0.00s
[Coarse] dedode_L-upright_G-C4 pair 13: dE=7584.5 m dN=8567.1 m (phasecorr@315m, support=None, peak=0.09384612739086151) 
dedode_L-upright_G-C4: Processing pair 13 from disk...
dedode_L-upright_G-C4: 0 match-sets in 0.00s
[Coarse] dedode_L-upright_G-C4 pair 14: dE=-18039.9 m dN=-308.2 m (phasecorr@315m, support=None, peak=0.04961982255158601) 
dedode_L-upright_G-C4: Processing pair 14 from disk...
dedode_L-upright_G-C4: 5 match-sets in 4.68s
[Coarse] dedode_L-upright_G-C4 pair 15: dE=-18033.6 m dN=-269.1 m (phasecorr@315m, support=None, peak=0.0587093012491862) 
dedode_L-upright_G-C4: Processing pair 15 from disk...
dedode_L-upright_G-C4: 7 match-sets in 3.65s
[Coarse] dedode_L-upright_G-C4 pair 16: dE=-18113.0 m dN=-129.2 m (phasecorr@315m, support=None, peak=0.054434785683949785) 
dedode_L-upright_G-C4: Processing pair 16 from disk...
dedode_L-upright_G-C4: 5 match-sets in 3.80s
[Coarse] dedode_L-upright_G-C4 pair 17: dE=-18272.3 m dN=-53.0 m (phasecorr@315m, support=None, peak=0.05276745311419169) 
dedode_L-upright_G-C4: Processing pair 17 from disk...
dedode_L-upright_G-C4: 6 match-sets in 2.40s
[Coarse] dedode_L-upright_G-C4 pair 18: dE=744.1 m dN=-16614.6 m (phasecorr@315m, support=None, peak=0.06863816733713503) 
dedode_L-upright_G-C4: Processing pair 18 from disk...
dedode_L-upright_G-C4: 0 match-sets in 0.00s
[Coarse] dedode_L-upright_G-C4 pair 19: dE=11920.5 m dN=-17918.4 m (phasecorr@315m, support=None, peak=0.15104582491848204) 
dedode_L-upright_G-C4: Processing pair 19 from disk...
dedode_L-upright_G-C4: 0 match-sets in 0.00s
[Coarse] dedode_L-upright_G-C4 pair 20: dE=11920.5 m dN=-17918.4 m (from-pair-19, support=None, peak=None) 
dedode_L-upright_G-C4: Processing pair 20 from disk...
dedode_L-upright_G-C4: 0 match-sets in 0.00s
[Coarse] dedode_L-upright_G-C4 pair 21: dE=-11413.6 m dN=-17047.1 m (phasecorr@315m, support=None, peak=0.036990950946454645) 
dedode_L-upright_G-C4: Processing pair 21 from disk...
dedode_L-upright_G-C4: 0 match-sets in 0.00s
[Coarse] dedode_L-upright_G-C4 pair 22: dE=-17882.3 m dN=-311.5 m (phasecorr@315m, support=None, peak=0.12721613845825194) 
dedode_L-upright_G-C4: Processing pair 22 from disk...
dedode_L-upright_G-C4: 4 match-sets in 3.78s
[Coarse] dedode_L-upright_G-C4 pair 23: dE=-17911.9 m dN=-326.6 m (phasecorr@315m, support=None, peak=0.12881409482955933) 
dedode_L-upright_G-C4: Processing pair 23 from disk...
dedode_L-upright_G-C4: 6 match-sets in 2.76s
[Coarse] dedode_L-upright_G-C4 pair 24: dE=-17928.8 m dN=-415.6 m (phasecorr@315m, support=None, peak=0.035175936365127565) 
dedode_L-upright_G-C4: Processing pair 24 from disk...
dedode_L-upright_G-C4: 5 match-sets in 2.71s
[Coarse] dedode_L-upright_G-C4 pair 25: dE=-17844.2 m dN=-348.0 m (phasecorr@315m, support=None, peak=0.15328786741892497) 
dedode_L-upright_G-C4: Processing pair 25 from disk...
dedode_L-upright_G-C4: 5 match-sets in 2.73s
[Coarse] dedode_L-upright_G-C4 pair 26: dE=-97897.6 m dN=-6011.8 m (from-pair-27, support=None, peak=None) 
dedode_L-upright_G-C4: Processing pair 26 from disk...
dedode_L-upright_G-C4: 4 match-sets in 5.95s
[Coarse] dedode_L-upright_G-C4 pair 27: dE=-97897.6 m dN=-6011.8 m (phasecorr@315m, support=None, peak=0.05064041456057702) 
dedode_L-upright_G-C4: Processing pair 27 from disk...
dedode_L-upright_G-C4: 4 match-sets in 1.91s
Saved:
 CHIP_STATS_ALL.csv
 CHIP_STATS_SURVIVORS.csv
 CONSENSUS_SCORES.csv
 BEST_CHIP_SET.csv
 BEST_CHIP_MANIFEST.csv
 BEST_FINAL_SUMMARY.csv
[band1] dedode_L-upright_G-C4 ok in 2.1 min, peak GPU memory 33.5 of 39.4 GB
--------------------------------------------------------------------------------
[band1] Running dedode_L-C4_B-upright
DeDoDe: Loading L-C4/B-upright...
dedode: Initializing LightGlue {'filter_threshold': 0.1, 'depth_confidence': 0.95, 'width_confidence': 0.99}...
Loaded LightGlue model
[Coarse] pair 3: no reliable coarse offset (matcher: no matches; phasecorr: {'dx': -16147.443677524008, 'dy': -26751.975000537102, 'support': None, 'n': None, 'peak': 0.00032880983234923565}); windows compared in place
[Coarse] pair 4: no reliable coarse offset (matcher: no matches; phasecorr: {'dx': 12882.472481301173, 'dy': 92621.70938170607, 'support': None, 'n': None, 'peak': -0.00012715039429841217}); windows compared in place
[Coarse] pair 5: no reliable coarse offset (matcher: no matches; phasecorr: {'dx': 3156.3479216096807, 'dy': 18300.67805989782, 'support': None, 'n': None, 'peak': 0.020832994549224774}); windows compared in place
[Coarse] pair 6: no reliable coarse offset (matcher: no matches; phasecorr: {'dx': -15852.800158210905, 'dy': 18737.59796077822, 'support': None, 'n': None, 'peak': -0.0027571213742097218}); windows compared in place
[Coarse] pair 7: no reliable coarse offset (matcher: no matches; phasecorr: {'dx': -17660.72648465004, 'dy': -478.5174601560547, 'support': None, 'n': None, 'peak': 0.0218074359204816}); windows compared in place
[Coarse] pair 8: no reliable coarse offset (matcher: no matches; phasecorr: {'dx': -18002.059573769864, 'dy': -489.60497923140906, 'support': None, 'n': None, 'peak': 0.011968647486368816}); windows compared in place
[Coarse] pair 11: no reliable coarse offset (matcher: no matches; phasecorr: {'dx': -18107.733154651494, 'dy': -332.5590928480355, 'support': None, 'n': None, 'peak': 0.020898853179031604}); windows compared in place
[Coarse] pair 20: no reliable coarse offset (matcher: no matches; phasecorr: {'dx': -28903.23193639674, 'dy': -12953.216285335406, 'support': None, 'n': None, 'peak': 0.008737401829825507}); windows compared in place
[Coarse] pair 26: no reliable coarse offset (matcher: no matches; phasecorr: {'dx': -96306.08142606622, 'dy': -17142.367293993742, 'support': None, 'n': None, 'peak': 0.02253384519977334}); windows compared in place
[Coarse] pair 2: phase correlation gave dE=-8934 m dN=5487 m, 10.4 km from every offset the matcher measured; using pair 14's (dE=-17640 m dN=-630 m)
[Coarse] pair 10: phase correlation gave dE=43169 m dN=-4147 m, 60.9 km from every offset the matcher measured; using pair 14's (dE=-17640 m dN=-630 m)
[Coarse] pair 12: phase correlation gave dE=-1877 m dN=10017 m, 18.8 km from every offset the matcher measured; using pair 14's (dE=-17640 m dN=-630 m)
[Coarse] pair 13: phase correlation gave dE=7584 m dN=8567 m, 26.7 km from every offset the matcher measured; using pair 14's (dE=-17640 m dN=-630 m)
[Coarse] pair 18: phase correlation gave dE=744 m dN=-16615 m, 24.4 km from every offset the matcher measured; using pair 15's (dE=-17955 m dN=-630 m)
[Coarse] pair 19: phase correlation gave dE=11920 m dN=-17918 m, 34.2 km from every offset the matcher measured; using pair 15's (dE=-17955 m dN=-630 m)
[Coarse] pair 21: phase correlation gave dE=-11414 m dN=-17047 m, 17.6 km from every offset the matcher measured; using pair 15's (dE=-17955 m dN=-630 m)
[Coarse] pair 27: phase correlation gave dE=-97898 m dN=-6012 m, 80.1 km from every offset the matcher measured; using pair 17's (dE=-17640 m dN=-157 m)
[Coarse] dedode_L-C4_B-upright pair 1: dE=-18062.2 m dN=-904.8 m (phasecorr@315m, support=None, peak=0.03257782713572184) 
dedode_L-C4_B-upright: Processing pair 1 from disk...
dedode_L-C4_B-upright: 5 match-sets in 0.51s
[Coarse] dedode_L-C4_B-upright pair 2: dE=-17640.0 m dN=-630.0 m (from-pair-14 (phasecorr disagreed), support=None, peak=0.03413578109976686) 
dedode_L-C4_B-upright: Processing pair 2 from disk...
dedode_L-C4_B-upright: 5 match-sets in 0.52s
[Coarse] dedode_L-C4_B-upright pair 3: dE=-18062.2 m dN=-904.8 m (from-pair-1, support=None, peak=None) 
dedode_L-C4_B-upright: Processing pair 3 from disk...
dedode_L-C4_B-upright: 5 match-sets in 0.51s
[Coarse] dedode_L-C4_B-upright pair 4: dE=-17640.0 m dN=-630.0 m (from-pair-2, support=None, peak=None) 
dedode_L-C4_B-upright: Processing pair 4 from disk...
dedode_L-C4_B-upright: 5 match-sets in 0.58s
[Coarse] dedode_L-C4_B-upright pair 5: dE=-17640.0 m dN=-630.0 m (from-pair-2, support=None, peak=None) 
dedode_L-C4_B-upright: Processing pair 5 from disk...
dedode_L-C4_B-upright: 5 match-sets in 0.58s
[Coarse] dedode_L-C4_B-upright pair 6: dE=-17640.0 m dN=-630.0 m (from-pair-2, support=None, peak=None) 
dedode_L-C4_B-upright: Processing pair 6 from disk...
dedode_L-C4_B-upright: 5 match-sets in 0.58s
[Coarse] dedode_L-C4_B-upright pair 7: dE=-17790.5 m dN=-428.0 m (from-pair-9, support=None, peak=None) 
dedode_L-C4_B-upright: Processing pair 7 from disk...
dedode_L-C4_B-upright: 5 match-sets in 1.99s
[Coarse] dedode_L-C4_B-upright pair 8: dE=-17790.5 m dN=-428.0 m (from-pair-9, support=None, peak=None) 
dedode_L-C4_B-upright: Processing pair 8 from disk...
dedode_L-C4_B-upright: 5 match-sets in 1.99s
[Coarse] dedode_L-C4_B-upright pair 9: dE=-17790.5 m dN=-428.0 m (phasecorr@315m, support=None, peak=0.031066529352914596) 
dedode_L-C4_B-upright: Processing pair 9 from disk...
dedode_L-C4_B-upright: 5 match-sets in 1.95s
[Coarse] dedode_L-C4_B-upright pair 10: dE=-17640.0 m dN=-630.0 m (from-pair-14 (phasecorr disagreed), support=None, peak=0.04791493653487985) 
dedode_L-C4_B-upright: Processing pair 10 from disk...
dedode_L-C4_B-upright: 5 match-sets in 1.51s
[Coarse] dedode_L-C4_B-upright pair 11: dE=-17640.0 m dN=-630.0 m (from-pair-10, support=None, peak=None) 
dedode_L-C4_B-upright: Processing pair 11 from disk...
dedode_L-C4_B-upright: 6 match-sets in 1.52s
[Coarse] dedode_L-C4_B-upright pair 12: dE=-17640.0 m dN=-630.0 m (from-pair-14 (phasecorr disagreed), support=None, peak=0.1047012765466431) 
dedode_L-C4_B-upright: Processing pair 12 from disk...
dedode_L-C4_B-upright: 0 match-sets in 0.00s
[Coarse] dedode_L-C4_B-upright pair 13: dE=-17640.0 m dN=-630.0 m (from-pair-14 (phasecorr disagreed), support=None, peak=0.09384612739086151) 
dedode_L-C4_B-upright: Processing pair 13 from disk...
dedode_L-C4_B-upright: 0 match-sets in 0.00s
[Coarse] dedode_L-C4_B-upright pair 14: dE=-17640.0 m dN=-630.0 m (matcher@315m, support=11, peak=None) 
dedode_L-C4_B-upright: Processing pair 14 from disk...
dedode_L-C4_B-upright: 7 match-sets in 2.64s
[Coarse] dedode_L-C4_B-upright pair 15: dE=-17955.0 m dN=-630.0 m (matcher@315m, support=35, peak=None) 
dedode_L-C4_B-upright: Processing pair 15 from disk...
dedode_L-C4_B-upright: 7 match-sets in 2.64s
[Coarse] dedode_L-C4_B-upright pair 16: dE=-18113.0 m dN=-129.2 m (phasecorr@315m, support=None, peak=0.054434785683949785) 
dedode_L-C4_B-upright: Processing pair 16 from disk...
dedode_L-C4_B-upright: 7 match-sets in 1.74s
[Coarse] dedode_L-C4_B-upright pair 17: dE=-17640.0 m dN=-157.5 m (matcher@315m, support=14, peak=None) 
dedode_L-C4_B-upright: Processing pair 17 from disk...
dedode_L-C4_B-upright: 7 match-sets in 1.80s
[Coarse] dedode_L-C4_B-upright pair 18: dE=-17955.0 m dN=-630.0 m (from-pair-15 (phasecorr disagreed), support=None, peak=0.06863816733713503) 
dedode_L-C4_B-upright: Processing pair 18 from disk...
dedode_L-C4_B-upright: 0 match-sets in 0.00s
[Coarse] dedode_L-C4_B-upright pair 19: dE=-17955.0 m dN=-630.0 m (from-pair-15 (phasecorr disagreed), support=None, peak=0.15104582491848204) 
dedode_L-C4_B-upright: Processing pair 19 from disk...
dedode_L-C4_B-upright: 0 match-sets in 0.00s
[Coarse] dedode_L-C4_B-upright pair 20: dE=-17955.0 m dN=-630.0 m (from-pair-19, support=None, peak=None) 
dedode_L-C4_B-upright: Processing pair 20 from disk...
dedode_L-C4_B-upright: 0 match-sets in 0.00s
[Coarse] dedode_L-C4_B-upright pair 21: dE=-17955.0 m dN=-630.0 m (from-pair-15 (phasecorr disagreed), support=None, peak=0.036990950946454645) 
dedode_L-C4_B-upright: Processing pair 21 from disk...
dedode_L-C4_B-upright: 0 match-sets in 0.00s
[Coarse] dedode_L-C4_B-upright pair 22: dE=-17882.3 m dN=-311.5 m (phasecorr@315m, support=None, peak=0.12721613845825194) 
dedode_L-C4_B-upright: Processing pair 22 from disk...
dedode_L-C4_B-upright: 5 match-sets in 2.34s
[Coarse] dedode_L-C4_B-upright pair 23: dE=-17911.9 m dN=-326.6 m (phasecorr@315m, support=None, peak=0.12881409482955933) 
dedode_L-C4_B-upright: Processing pair 23 from disk...
dedode_L-C4_B-upright: 5 match-sets in 1.84s
[Coarse] dedode_L-C4_B-upright pair 24: dE=-17928.8 m dN=-415.6 m (phasecorr@315m, support=None, peak=0.035175936365127565) 
dedode_L-C4_B-upright: Processing pair 24 from disk...
dedode_L-C4_B-upright: 6 match-sets in 1.82s
[Coarse] dedode_L-C4_B-upright pair 25: dE=-17844.2 m dN=-348.0 m (phasecorr@315m, support=None, peak=0.15328786741892497) 
dedode_L-C4_B-upright: Processing pair 25 from disk...
dedode_L-C4_B-upright: 5 match-sets in 1.82s
[Coarse] dedode_L-C4_B-upright pair 26: dE=-17640.0 m dN=-157.5 m (from-pair-27, support=None, peak=None) 
dedode_L-C4_B-upright: Processing pair 26 from disk...
dedode_L-C4_B-upright: 4 match-sets in 1.16s
[Coarse] dedode_L-C4_B-upright pair 27: dE=-17640.0 m dN=-157.5 m (from-pair-17 (phasecorr disagreed), support=None, peak=0.05064041456057702) 
dedode_L-C4_B-upright: Processing pair 27 from disk...
dedode_L-C4_B-upright: 4 match-sets in 1.14s
Saved:
 CHIP_STATS_ALL.csv
 CHIP_STATS_SURVIVORS.csv
 CONSENSUS_SCORES.csv
 BEST_CHIP_SET.csv
 BEST_CHIP_MANIFEST.csv
 BEST_FINAL_SUMMARY.csv
[band1] dedode_L-C4_B-upright ok in 0.9 min, peak GPU memory 9.2 of 39.4 GB
--------------------------------------------------------------------------------
[band1] Running dedode_L-C4_B-C4
DeDoDe: Loading L-C4/B-C4...
dedode: Initializing LightGlue {'filter_threshold': 0.1, 'depth_confidence': 0.95, 'width_confidence': 0.99}...
Loaded LightGlue model
[Coarse] pair 3: no reliable coarse offset (matcher: no matches; phasecorr: {'dx': -16147.443677524008, 'dy': -26751.975000537102, 'support': None, 'n': None, 'peak': 0.00032880983234923565}); windows compared in place
[Coarse] pair 4: no reliable coarse offset (matcher: no matches; phasecorr: {'dx': 12882.472481301173, 'dy': 92621.70938170607, 'support': None, 'n': None, 'peak': -0.00012715039429841217}); windows compared in place
[Coarse] pair 5: no reliable coarse offset (matcher: no matches; phasecorr: {'dx': 3156.3479216096807, 'dy': 18300.67805989782, 'support': None, 'n': None, 'peak': 0.020832994549224774}); windows compared in place
[Coarse] pair 6: no reliable coarse offset (matcher: no matches; phasecorr: {'dx': -15852.800158210905, 'dy': 18737.59796077822, 'support': None, 'n': None, 'peak': -0.0027571213742097218}); windows compared in place
[Coarse] pair 7: no reliable coarse offset (matcher: no matches; phasecorr: {'dx': -17660.72648465004, 'dy': -478.5174601560547, 'support': None, 'n': None, 'peak': 0.0218074359204816}); windows compared in place
[Coarse] pair 8: no reliable coarse offset (matcher: no matches; phasecorr: {'dx': -18002.059573769864, 'dy': -489.60497923140906, 'support': None, 'n': None, 'peak': 0.011968647486368816}); windows compared in place
[Coarse] pair 11: no reliable coarse offset (matcher: no matches; phasecorr: {'dx': -18107.733154651494, 'dy': -332.5590928480355, 'support': None, 'n': None, 'peak': 0.020898853179031604}); windows compared in place
[Coarse] pair 20: no reliable coarse offset (matcher: no matches; phasecorr: {'dx': -28903.23193639674, 'dy': -12953.216285335406, 'support': None, 'n': None, 'peak': 0.008737401829825507}); windows compared in place
[Coarse] pair 26: no reliable coarse offset (matcher: no matches; phasecorr: {'dx': -96306.08142606622, 'dy': -17142.367293993742, 'support': None, 'n': None, 'peak': 0.02253384519977334}); windows compared in place
[Coarse] pair 2: phase correlation gave dE=-8934 m dN=5487 m, 10.0 km from every offset the matcher measured; using pair 14's (dE=-17640 m dN=-630 m)
[Coarse] pair 10: phase correlation gave dE=43169 m dN=-4147 m, 60.6 km from every offset the matcher measured; using pair 14's (dE=-17640 m dN=-630 m)
[Coarse] pair 12: phase correlation gave dE=-1877 m dN=10017 m, 18.4 km from every offset the matcher measured; using pair 14's (dE=-17640 m dN=-630 m)
[Coarse] pair 13: phase correlation gave dE=7584 m dN=8567 m, 26.3 km from every offset the matcher measured; using pair 14's (dE=-17640 m dN=-630 m)
[Coarse] pair 18: phase correlation gave dE=744 m dN=-16615 m, 24.4 km from every offset the matcher measured; using pair 15's (dE=-17640 m dN=-630 m)
[Coarse] pair 19: phase correlation gave dE=11920 m dN=-17918 m, 34.2 km from every offset the matcher measured; using pair 15's (dE=-17640 m dN=-630 m)
[Coarse] pair 21: phase correlation gave dE=-11414 m dN=-17047 m, 17.6 km from every offset the matcher measured; using pair 15's (dE=-17640 m dN=-630 m)
[Coarse] pair 27: phase correlation gave dE=-97898 m dN=-6012 m, 80.4 km from every offset the matcher measured; using pair 17's (dE=-17325 m dN=0 m)
[Coarse] dedode_L-C4_B-C4 pair 1: dE=-18062.2 m dN=-904.8 m (phasecorr@315m, support=None, peak=0.03257782713572184) 
dedode_L-C4_B-C4: Processing pair 1 from disk...
dedode_L-C4_B-C4: 7 match-sets in 0.52s
[Coarse] dedode_L-C4_B-C4 pair 2: dE=-17640.0 m dN=-630.0 m (from-pair-14 (phasecorr disagreed), support=None, peak=0.03413578109976686) 
dedode_L-C4_B-C4: Processing pair 2 from disk...
dedode_L-C4_B-C4: 5 match-sets in 0.52s
[Coarse] dedode_L-C4_B-C4 pair 3: dE=-18062.2 m dN=-904.8 m (from-pair-1, support=None, peak=None) 
dedode_L-C4_B-C4: Processing pair 3 from disk...
dedode_L-C4_B-C4: 5 match-sets in 0.51s
[Coarse] dedode_L-C4_B-C4 pair 4: dE=-17640.0 m dN=-630.0 m (from-pair-2, support=None, peak=None) 
dedode_L-C4_B-C4: Processing pair 4 from disk...
dedode_L-C4_B-C4: 5 match-sets in 0.57s
[Coarse] dedode_L-C4_B-C4 pair 5: dE=-17640.0 m dN=-630.0 m (from-pair-2, support=None, peak=None) 
dedode_L-C4_B-C4: Processing pair 5 from disk...
dedode_L-C4_B-C4: 5 match-sets in 0.57s
[Coarse] dedode_L-C4_B-C4 pair 6: dE=-17640.0 m dN=-630.0 m (from-pair-2, support=None, peak=None) 
dedode_L-C4_B-C4: Processing pair 6 from disk...
dedode_L-C4_B-C4: 5 match-sets in 0.57s
[Coarse] dedode_L-C4_B-C4 pair 7: dE=-17790.5 m dN=-428.0 m (from-pair-9, support=None, peak=None) 
dedode_L-C4_B-C4: Processing pair 7 from disk...
dedode_L-C4_B-C4: 5 match-sets in 1.94s
[Coarse] dedode_L-C4_B-C4 pair 8: dE=-17790.5 m dN=-428.0 m (from-pair-9, support=None, peak=None) 
dedode_L-C4_B-C4: Processing pair 8 from disk...
dedode_L-C4_B-C4: 5 match-sets in 1.98s
[Coarse] dedode_L-C4_B-C4 pair 9: dE=-17790.5 m dN=-428.0 m (phasecorr@315m, support=None, peak=0.031066529352914596) 
dedode_L-C4_B-C4: Processing pair 9 from disk...
dedode_L-C4_B-C4: 5 match-sets in 1.90s
[Coarse] dedode_L-C4_B-C4 pair 10: dE=-17640.0 m dN=-630.0 m (from-pair-14 (phasecorr disagreed), support=None, peak=0.04791493653487985) 
dedode_L-C4_B-C4: Processing pair 10 from disk...
dedode_L-C4_B-C4: 4 match-sets in 1.53s
[Coarse] dedode_L-C4_B-C4 pair 11: dE=-17640.0 m dN=-630.0 m (from-pair-10, support=None, peak=None) 
dedode_L-C4_B-C4: Processing pair 11 from disk...
dedode_L-C4_B-C4: 4 match-sets in 1.54s
[Coarse] dedode_L-C4_B-C4 pair 12: dE=-17640.0 m dN=-630.0 m (from-pair-14 (phasecorr disagreed), support=None, peak=0.1047012765466431) 
dedode_L-C4_B-C4: Processing pair 12 from disk...
dedode_L-C4_B-C4: 0 match-sets in 0.00s
[Coarse] dedode_L-C4_B-C4 pair 13: dE=-17640.0 m dN=-630.0 m (from-pair-14 (phasecorr disagreed), support=None, peak=0.09384612739086151) 
dedode_L-C4_B-C4: Processing pair 13 from disk...
dedode_L-C4_B-C4: 0 match-sets in 0.00s
[Coarse] dedode_L-C4_B-C4 pair 14: dE=-17640.0 m dN=-630.0 m (matcher@315m, support=11, peak=None) 
dedode_L-C4_B-C4: Processing pair 14 from disk...
dedode_L-C4_B-C4: 7 match-sets in 2.62s
[Coarse] dedode_L-C4_B-C4 pair 15: dE=-17640.0 m dN=-630.0 m (matcher@315m, support=33, peak=None) 
dedode_L-C4_B-C4: Processing pair 15 from disk...
dedode_L-C4_B-C4: 7 match-sets in 2.62s
[Coarse] dedode_L-C4_B-C4 pair 16: dE=-17640.0 m dN=0.0 m (matcher@315m, support=12, peak=None) 
dedode_L-C4_B-C4: Processing pair 16 from disk...
dedode_L-C4_B-C4: 7 match-sets in 1.76s
[Coarse] dedode_L-C4_B-C4 pair 17: dE=-17325.0 m dN=0.0 m (matcher@315m, support=28, peak=None) 
dedode_L-C4_B-C4: Processing pair 17 from disk...
dedode_L-C4_B-C4: 7 match-sets in 1.76s
[Coarse] dedode_L-C4_B-C4 pair 18: dE=-17640.0 m dN=-630.0 m (from-pair-15 (phasecorr disagreed), support=None, peak=0.06863816733713503) 
dedode_L-C4_B-C4: Processing pair 18 from disk...
dedode_L-C4_B-C4: 0 match-sets in 0.00s
[Coarse] dedode_L-C4_B-C4 pair 19: dE=-17640.0 m dN=-630.0 m (from-pair-15 (phasecorr disagreed), support=None, peak=0.15104582491848204) 
dedode_L-C4_B-C4: Processing pair 19 from disk...
dedode_L-C4_B-C4: 0 match-sets in 0.00s
[Coarse] dedode_L-C4_B-C4 pair 20: dE=-17640.0 m dN=-630.0 m (from-pair-19, support=None, peak=None) 
dedode_L-C4_B-C4: Processing pair 20 from disk...
dedode_L-C4_B-C4: 0 match-sets in 0.00s
[Coarse] dedode_L-C4_B-C4 pair 21: dE=-17640.0 m dN=-630.0 m (from-pair-15 (phasecorr disagreed), support=None, peak=0.036990950946454645) 
dedode_L-C4_B-C4: Processing pair 21 from disk...
dedode_L-C4_B-C4: 0 match-sets in 0.00s
[Coarse] dedode_L-C4_B-C4 pair 22: dE=-17882.3 m dN=-311.5 m (phasecorr@315m, support=None, peak=0.12721613845825194) 
dedode_L-C4_B-C4: Processing pair 22 from disk...
dedode_L-C4_B-C4: 5 match-sets in 1.83s
[Coarse] dedode_L-C4_B-C4 pair 23: dE=-17911.9 m dN=-326.6 m (phasecorr@315m, support=None, peak=0.12881409482955933) 
dedode_L-C4_B-C4: Processing pair 23 from disk...
dedode_L-C4_B-C4: 6 match-sets in 1.88s
[Coarse] dedode_L-C4_B-C4 pair 24: dE=-17928.8 m dN=-415.6 m (phasecorr@315m, support=None, peak=0.035175936365127565) 
dedode_L-C4_B-C4: Processing pair 24 from disk...
dedode_L-C4_B-C4: 7 match-sets in 1.87s
[Coarse] dedode_L-C4_B-C4 pair 25: dE=-17844.2 m dN=-348.0 m (phasecorr@315m, support=None, peak=0.15328786741892497) 
dedode_L-C4_B-C4: Processing pair 25 from disk...
dedode_L-C4_B-C4: 6 match-sets in 1.88s
[Coarse] dedode_L-C4_B-C4 pair 26: dE=-17325.0 m dN=0.0 m (from-pair-27, support=None, peak=None) 
dedode_L-C4_B-C4: Processing pair 26 from disk...
dedode_L-C4_B-C4: 4 match-sets in 1.16s
[Coarse] dedode_L-C4_B-C4 pair 27: dE=-17325.0 m dN=0.0 m (from-pair-17 (phasecorr disagreed), support=None, peak=0.05064041456057702) 
dedode_L-C4_B-C4: Processing pair 27 from disk...
dedode_L-C4_B-C4: 4 match-sets in 1.23s
Saved:
 CHIP_STATS_ALL.csv
 CHIP_STATS_SURVIVORS.csv
 CONSENSUS_SCORES.csv
 BEST_CHIP_SET.csv
 BEST_CHIP_MANIFEST.csv
 BEST_FINAL_SUMMARY.csv
[band1] dedode_L-C4_B-C4 ok in 0.9 min, peak GPU memory 8.2 of 39.4 GB
--------------------------------------------------------------------------------
[band1] Running dedode_L-C4_G-C4
DeDoDe: Loading L-C4/G-C4...
dedode: Initializing LightGlue {'filter_threshold': 0.1, 'depth_confidence': 0.95, 'width_confidence': 0.99}...
Loaded LightGlue model
[Coarse] pair 3: no reliable coarse offset (matcher: no matches; phasecorr: {'dx': -16147.443677524008, 'dy': -26751.975000537102, 'support': None, 'n': None, 'peak': 0.00032880983234923565}); windows compared in place
[Coarse] pair 4: no reliable coarse offset (matcher: no matches; phasecorr: {'dx': 12882.472481301173, 'dy': 92621.70938170607, 'support': None, 'n': None, 'peak': -0.00012715039429841217}); windows compared in place
[Coarse] pair 5: no reliable coarse offset (matcher: no matches; phasecorr: {'dx': 3156.3479216096807, 'dy': 18300.67805989782, 'support': None, 'n': None, 'peak': 0.020832994549224774}); windows compared in place
[Coarse] pair 6: no reliable coarse offset (matcher: no matches; phasecorr: {'dx': -15852.800158210905, 'dy': 18737.59796077822, 'support': None, 'n': None, 'peak': -0.0027571213742097218}); windows compared in place
[Coarse] pair 7: no reliable coarse offset (matcher: no matches; phasecorr: {'dx': -17660.72648465004, 'dy': -478.5174601560547, 'support': None, 'n': None, 'peak': 0.0218074359204816}); windows compared in place
[Coarse] pair 8: no reliable coarse offset (matcher: no matches; phasecorr: {'dx': -18002.059573769864, 'dy': -489.60497923140906, 'support': None, 'n': None, 'peak': 0.011968647486368816}); windows compared in place
[Coarse] pair 11: no reliable coarse offset (matcher: no matches; phasecorr: {'dx': -18107.733154651494, 'dy': -332.5590928480355, 'support': None, 'n': None, 'peak': 0.020898853179031604}); windows compared in place
[Coarse] pair 20: no reliable coarse offset (matcher: no matches; phasecorr: {'dx': -28903.23193639674, 'dy': -12953.216285335406, 'support': None, 'n': None, 'peak': 0.008737401829825507}); windows compared in place
[Coarse] pair 26: no reliable coarse offset (matcher: no matches; phasecorr: {'dx': -96306.08142606622, 'dy': -17142.367293993742, 'support': None, 'n': None, 'peak': 0.02253384519977334}); windows compared in place
[Coarse] WARNING: dedode_L-C4_G-C4: the pairs' coarse offsets differ by up to 141 km, more than one image moves from place to place. Pairs with a wrong offset match the wrong ground (the chip consensus drops them when they are few); if most pairs disagree, check the input's pixel size and window size.
[Coarse] dedode_L-C4_G-C4 pair 1: dE=-18062.2 m dN=-904.8 m (phasecorr@315m, support=None, peak=0.03257782713572184) 
dedode_L-C4_G-C4: Processing pair 1 from disk...
dedode_L-C4_G-C4: 6 match-sets in 0.83s
[Coarse] dedode_L-C4_G-C4 pair 2: dE=-8933.5 m dN=5486.9 m (phasecorr@315m, support=None, peak=0.03413578109976686) 
dedode_L-C4_G-C4: Processing pair 2 from disk...
dedode_L-C4_G-C4: 6 match-sets in 0.81s
[Coarse] dedode_L-C4_G-C4 pair 3: dE=-18062.2 m dN=-904.8 m (from-pair-1, support=None, peak=None) 
dedode_L-C4_G-C4: Processing pair 3 from disk...
dedode_L-C4_G-C4: 5 match-sets in 0.83s
[Coarse] dedode_L-C4_G-C4 pair 4: dE=-8933.5 m dN=5486.9 m (from-pair-2, support=None, peak=None) 
dedode_L-C4_G-C4: Processing pair 4 from disk...
dedode_L-C4_G-C4: 5 match-sets in 0.89s
[Coarse] dedode_L-C4_G-C4 pair 5: dE=-8933.5 m dN=5486.9 m (from-pair-2, support=None, peak=None) 
dedode_L-C4_G-C4: Processing pair 5 from disk...
dedode_L-C4_G-C4: 5 match-sets in 0.90s
[Coarse] dedode_L-C4_G-C4 pair 6: dE=-8933.5 m dN=5486.9 m (from-pair-2, support=None, peak=None) 
dedode_L-C4_G-C4: Processing pair 6 from disk...
dedode_L-C4_G-C4: 5 match-sets in 0.89s
[Coarse] dedode_L-C4_G-C4 pair 7: dE=-17790.5 m dN=-428.0 m (from-pair-9, support=None, peak=None) 
dedode_L-C4_G-C4: Processing pair 7 from disk...
dedode_L-C4_G-C4: 5 match-sets in 2.89s
[Coarse] dedode_L-C4_G-C4 pair 8: dE=-17790.5 m dN=-428.0 m (from-pair-9, support=None, peak=None) 
dedode_L-C4_G-C4: Processing pair 8 from disk...
dedode_L-C4_G-C4: 5 match-sets in 2.83s
[Coarse] dedode_L-C4_G-C4 pair 9: dE=-17790.5 m dN=-428.0 m (phasecorr@315m, support=None, peak=0.031066529352914596) 
dedode_L-C4_G-C4: Processing pair 9 from disk...
dedode_L-C4_G-C4: 5 match-sets in 2.86s
[Coarse] dedode_L-C4_G-C4 pair 10: dE=43169.1 m dN=-4146.8 m (phasecorr@315m, support=None, peak=0.04791493653487985) 
dedode_L-C4_G-C4: Processing pair 10 from disk...
dedode_L-C4_G-C4: 5 match-sets in 1.91s
[Coarse] dedode_L-C4_G-C4 pair 11: dE=43169.1 m dN=-4146.8 m (from-pair-10, support=None, peak=None) 
dedode_L-C4_G-C4: Processing pair 11 from disk...
dedode_L-C4_G-C4: 6 match-sets in 1.92s
[Coarse] dedode_L-C4_G-C4 pair 12: dE=-1877.4 m dN=10017.4 m (phasecorr@315m, support=None, peak=0.1047012765466431) 
dedode_L-C4_G-C4: Processing pair 12 from disk...
dedode_L-C4_G-C4: 0 match-sets in 0.00s
[Coarse] dedode_L-C4_G-C4 pair 13: dE=7584.5 m dN=8567.1 m (phasecorr@315m, support=None, peak=0.09384612739086151) 
dedode_L-C4_G-C4: Processing pair 13 from disk...
dedode_L-C4_G-C4: 0 match-sets in 0.00s
[Coarse] dedode_L-C4_G-C4 pair 14: dE=-18039.9 m dN=-308.2 m (phasecorr@315m, support=None, peak=0.04961982255158601) 
dedode_L-C4_G-C4: Processing pair 14 from disk...
dedode_L-C4_G-C4: 5 match-sets in 3.75s
[Coarse] dedode_L-C4_G-C4 pair 15: dE=-18033.6 m dN=-269.1 m (phasecorr@315m, support=None, peak=0.0587093012491862) 
dedode_L-C4_G-C4: Processing pair 15 from disk...
dedode_L-C4_G-C4: 7 match-sets in 3.77s
[Coarse] dedode_L-C4_G-C4 pair 16: dE=-18113.0 m dN=-129.2 m (phasecorr@315m, support=None, peak=0.054434785683949785) 
dedode_L-C4_G-C4: Processing pair 16 from disk...
dedode_L-C4_G-C4: 5 match-sets in 2.47s
[Coarse] dedode_L-C4_G-C4 pair 17: dE=-18272.3 m dN=-53.0 m (phasecorr@315m, support=None, peak=0.05276745311419169) 
dedode_L-C4_G-C4: Processing pair 17 from disk...
dedode_L-C4_G-C4: 5 match-sets in 2.45s
[Coarse] dedode_L-C4_G-C4 pair 18: dE=744.1 m dN=-16614.6 m (phasecorr@315m, support=None, peak=0.06863816733713503) 
dedode_L-C4_G-C4: Processing pair 18 from disk...
dedode_L-C4_G-C4: 0 match-sets in 0.00s
[Coarse] dedode_L-C4_G-C4 pair 19: dE=11920.5 m dN=-17918.4 m (phasecorr@315m, support=None, peak=0.15104582491848204) 
dedode_L-C4_G-C4: Processing pair 19 from disk...
dedode_L-C4_G-C4: 0 match-sets in 0.00s
[Coarse] dedode_L-C4_G-C4 pair 20: dE=11920.5 m dN=-17918.4 m (from-pair-19, support=None, peak=None) 
dedode_L-C4_G-C4: Processing pair 20 from disk...
dedode_L-C4_G-C4: 0 match-sets in 0.00s
[Coarse] dedode_L-C4_G-C4 pair 21: dE=-11413.6 m dN=-17047.1 m (phasecorr@315m, support=None, peak=0.036990950946454645) 
dedode_L-C4_G-C4: Processing pair 21 from disk...
dedode_L-C4_G-C4: 0 match-sets in 0.00s
[Coarse] dedode_L-C4_G-C4 pair 22: dE=-17882.3 m dN=-311.5 m (phasecorr@315m, support=None, peak=0.12721613845825194) 
dedode_L-C4_G-C4: Processing pair 22 from disk...
dedode_L-C4_G-C4: 5 match-sets in 2.73s
[Coarse] dedode_L-C4_G-C4 pair 23: dE=-17911.9 m dN=-326.6 m (phasecorr@315m, support=None, peak=0.12881409482955933) 
dedode_L-C4_G-C4: Processing pair 23 from disk...
dedode_L-C4_G-C4: 7 match-sets in 2.78s
[Coarse] dedode_L-C4_G-C4 pair 24: dE=-17928.8 m dN=-415.6 m (phasecorr@315m, support=None, peak=0.035175936365127565) 
dedode_L-C4_G-C4: Processing pair 24 from disk...
dedode_L-C4_G-C4: 5 match-sets in 2.72s
[Coarse] dedode_L-C4_G-C4 pair 25: dE=-17844.2 m dN=-348.0 m (phasecorr@315m, support=None, peak=0.15328786741892497) 
dedode_L-C4_G-C4: Processing pair 25 from disk...
dedode_L-C4_G-C4: 5 match-sets in 2.74s
[Coarse] dedode_L-C4_G-C4 pair 26: dE=-97897.6 m dN=-6011.8 m (from-pair-27, support=None, peak=None) 
dedode_L-C4_G-C4: Processing pair 26 from disk...
dedode_L-C4_G-C4: 4 match-sets in 1.44s
[Coarse] dedode_L-C4_G-C4 pair 27: dE=-97897.6 m dN=-6011.8 m (phasecorr@315m, support=None, peak=0.05064041456057702) 
dedode_L-C4_G-C4: Processing pair 27 from disk...
dedode_L-C4_G-C4: 4 match-sets in 1.43s
Saved:
 CHIP_STATS_ALL.csv
 CHIP_STATS_SURVIVORS.csv
 CONSENSUS_SCORES.csv
 BEST_CHIP_SET.csv
 BEST_CHIP_MANIFEST.csv
 BEST_FINAL_SUMMARY.csv
[band1] dedode_L-C4_G-C4 ok in 1.2 min, peak GPU memory 7.4 of 39.4 GB
--------------------------------------------------------------------------------
[band1] Running dedode_L-C4-v2_B-upright
DeDoDe: Loading L-C4-v2/B-upright...
dedode: Initializing LightGlue {'filter_threshold': 0.1, 'depth_confidence': 0.95, 'width_confidence': 0.99}...
Loaded LightGlue model
[Coarse] pair 3: no reliable coarse offset (matcher: no matches; phasecorr: {'dx': -16147.443677524008, 'dy': -26751.975000537102, 'support': None, 'n': None, 'peak': 0.00032880983234923565}); windows compared in place
[Coarse] pair 4: no reliable coarse offset (matcher: no matches; phasecorr: {'dx': 12882.472481301173, 'dy': 92621.70938170607, 'support': None, 'n': None, 'peak': -0.00012715039429841217}); windows compared in place
[Coarse] pair 5: no reliable coarse offset (matcher: no matches; phasecorr: {'dx': 3156.3479216096807, 'dy': 18300.67805989782, 'support': None, 'n': None, 'peak': 0.020832994549224774}); windows compared in place
[Coarse] pair 6: no reliable coarse offset (matcher: no matches; phasecorr: {'dx': -15852.800158210905, 'dy': 18737.59796077822, 'support': None, 'n': None, 'peak': -0.0027571213742097218}); windows compared in place
[Coarse] pair 7: no reliable coarse offset (matcher: no matches; phasecorr: {'dx': -17660.72648465004, 'dy': -478.5174601560547, 'support': None, 'n': None, 'peak': 0.0218074359204816}); windows compared in place
[Coarse] pair 8: no reliable coarse offset (matcher: no matches; phasecorr: {'dx': -18002.059573769864, 'dy': -489.60497923140906, 'support': None, 'n': None, 'peak': 0.011968647486368816}); windows compared in place
[Coarse] pair 11: no reliable coarse offset (matcher: no matches; phasecorr: {'dx': -18107.733154651494, 'dy': -332.5590928480355, 'support': None, 'n': None, 'peak': 0.020898853179031604}); windows compared in place
[Coarse] pair 20: no reliable coarse offset (matcher: no matches; phasecorr: {'dx': -28903.23193639674, 'dy': -12953.216285335406, 'support': None, 'n': None, 'peak': 0.008737401829825507}); windows compared in place
[Coarse] pair 26: no reliable coarse offset (matcher: no matches; phasecorr: {'dx': -96306.08142606622, 'dy': -17142.367293993742, 'support': None, 'n': None, 'peak': 0.02253384519977334}); windows compared in place
[Coarse] pair 2: phase correlation gave dE=-8934 m dN=5487 m, 7.9 km from every offset the matcher measured; using pair 14's (dE=-17955 m dN=-630 m)
[Coarse] pair 10: phase correlation gave dE=43169 m dN=-4147 m, 57.6 km from every offset the matcher measured; using pair 14's (dE=-17955 m dN=-630 m)
[Coarse] pair 12: phase correlation gave dE=-1877 m dN=10017 m, 16.2 km from every offset the matcher measured; using pair 14's (dE=-17955 m dN=-630 m)
[Coarse] pair 13: phase correlation gave dE=7584 m dN=8567 m, 23.6 km from every offset the matcher measured; using pair 14's (dE=-17955 m dN=-630 m)
[Coarse] pair 18: phase correlation gave dE=744 m dN=-16615 m, 22.2 km from every offset the matcher measured; using pair 24's (dE=-14333 m dN=-315 m)
[Coarse] pair 19: phase correlation gave dE=11920 m dN=-17918 m, 31.6 km from every offset the matcher measured; using pair 24's (dE=-14333 m dN=-315 m)
[Coarse] pair 21: phase correlation gave dE=-11414 m dN=-17047 m, 17.0 km from every offset the matcher measured; using pair 24's (dE=-14333 m dN=-315 m)
[Coarse] pair 27: phase correlation gave dE=-97898 m dN=-6012 m, 80.1 km from every offset the matcher measured; using pair 24's (dE=-14333 m dN=-315 m)
[Coarse] dedode_L-C4-v2_B-upright pair 1: dE=-18062.2 m dN=-904.8 m (phasecorr@315m, support=None, peak=0.03257782713572184) 
dedode_L-C4-v2_B-upright: Processing pair 1 from disk...
dedode_L-C4-v2_B-upright: 6 match-sets in 0.54s
[Coarse] dedode_L-C4-v2_B-upright pair 2: dE=-17955.0 m dN=-630.0 m (from-pair-14 (phasecorr disagreed), support=None, peak=0.03413578109976686) 
dedode_L-C4-v2_B-upright: Processing pair 2 from disk...
dedode_L-C4-v2_B-upright: 6 match-sets in 0.55s
[Coarse] dedode_L-C4-v2_B-upright pair 3: dE=-18062.2 m dN=-904.8 m (from-pair-1, support=None, peak=None) 
dedode_L-C4-v2_B-upright: Processing pair 3 from disk...
dedode_L-C4-v2_B-upright: 5 match-sets in 0.54s
[Coarse] dedode_L-C4-v2_B-upright pair 4: dE=-17955.0 m dN=-630.0 m (from-pair-2, support=None, peak=None) 
dedode_L-C4-v2_B-upright: Processing pair 4 from disk...
dedode_L-C4-v2_B-upright: 4 match-sets in 0.62s
[Coarse] dedode_L-C4-v2_B-upright pair 5: dE=-17955.0 m dN=-630.0 m (from-pair-2, support=None, peak=None) 
dedode_L-C4-v2_B-upright: Processing pair 5 from disk...
dedode_L-C4-v2_B-upright: 5 match-sets in 0.60s
[Coarse] dedode_L-C4-v2_B-upright pair 6: dE=-17955.0 m dN=-630.0 m (from-pair-2, support=None, peak=None) 
dedode_L-C4-v2_B-upright: Processing pair 6 from disk...
dedode_L-C4-v2_B-upright: 5 match-sets in 0.60s
[Coarse] dedode_L-C4-v2_B-upright pair 7: dE=-17790.5 m dN=-428.0 m (from-pair-9, support=None, peak=None) 
dedode_L-C4-v2_B-upright: Processing pair 7 from disk...
dedode_L-C4-v2_B-upright: 6 match-sets in 2.01s
[Coarse] dedode_L-C4-v2_B-upright pair 8: dE=-17790.5 m dN=-428.0 m (from-pair-9, support=None, peak=None) 
dedode_L-C4-v2_B-upright: Processing pair 8 from disk...
dedode_L-C4-v2_B-upright: 5 match-sets in 2.08s
[Coarse] dedode_L-C4-v2_B-upright pair 9: dE=-17790.5 m dN=-428.0 m (phasecorr@315m, support=None, peak=0.031066529352914596) 
dedode_L-C4-v2_B-upright: Processing pair 9 from disk...
dedode_L-C4-v2_B-upright: 6 match-sets in 1.99s
[Coarse] dedode_L-C4-v2_B-upright pair 10: dE=-17955.0 m dN=-630.0 m (from-pair-14 (phasecorr disagreed), support=None, peak=0.04791493653487985) 
dedode_L-C4-v2_B-upright: Processing pair 10 from disk...
dedode_L-C4-v2_B-upright: 5 match-sets in 1.62s
[Coarse] dedode_L-C4-v2_B-upright pair 11: dE=-17955.0 m dN=-630.0 m (from-pair-10, support=None, peak=None) 
dedode_L-C4-v2_B-upright: Processing pair 11 from disk...
dedode_L-C4-v2_B-upright: 5 match-sets in 1.61s
[Coarse] dedode_L-C4-v2_B-upright pair 12: dE=-17955.0 m dN=-630.0 m (from-pair-14 (phasecorr disagreed), support=None, peak=0.1047012765466431) 
dedode_L-C4-v2_B-upright: Processing pair 12 from disk...
dedode_L-C4-v2_B-upright: 0 match-sets in 0.00s
[Coarse] dedode_L-C4-v2_B-upright pair 13: dE=-17955.0 m dN=-630.0 m (from-pair-14 (phasecorr disagreed), support=None, peak=0.09384612739086151) 
dedode_L-C4-v2_B-upright: Processing pair 13 from disk...
dedode_L-C4-v2_B-upright: 0 match-sets in 0.00s
[Coarse] dedode_L-C4-v2_B-upright pair 14: dE=-17955.0 m dN=-630.0 m (matcher@315m, support=45, peak=None) 
dedode_L-C4-v2_B-upright: Processing pair 14 from disk...
dedode_L-C4-v2_B-upright: 7 match-sets in 2.72s
[Coarse] dedode_L-C4-v2_B-upright pair 15: dE=-17955.0 m dN=-630.0 m (matcher@315m, support=90, peak=None) 
dedode_L-C4-v2_B-upright: Processing pair 15 from disk...
dedode_L-C4-v2_B-upright: 7 match-sets in 2.72s
[Coarse] dedode_L-C4-v2_B-upright pair 16: dE=-17640.0 m dN=0.0 m (matcher@315m, support=20, peak=None) 
dedode_L-C4-v2_B-upright: Processing pair 16 from disk...
dedode_L-C4-v2_B-upright: 7 match-sets in 1.81s
[Coarse] dedode_L-C4-v2_B-upright pair 17: dE=-17955.0 m dN=-0.0 m (matcher@315m, support=29, peak=None) 
dedode_L-C4-v2_B-upright: Processing pair 17 from disk...
dedode_L-C4-v2_B-upright: 7 match-sets in 1.90s
[Coarse] dedode_L-C4-v2_B-upright pair 18: dE=-14332.5 m dN=-315.0 m (from-pair-24 (phasecorr disagreed), support=None, peak=0.06863816733713503) 
dedode_L-C4-v2_B-upright: Processing pair 18 from disk...
dedode_L-C4-v2_B-upright: 0 match-sets in 0.00s
[Coarse] dedode_L-C4-v2_B-upright pair 19: dE=-14332.5 m dN=-315.0 m (from-pair-24 (phasecorr disagreed), support=None, peak=0.15104582491848204) 
dedode_L-C4-v2_B-upright: Processing pair 19 from disk...
dedode_L-C4-v2_B-upright: 0 match-sets in 0.00s
[Coarse] dedode_L-C4-v2_B-upright pair 20: dE=-14332.5 m dN=-315.0 m (from-pair-19, support=None, peak=None) 
dedode_L-C4-v2_B-upright: Processing pair 20 from disk...
dedode_L-C4-v2_B-upright: 0 match-sets in 0.00s
[Coarse] dedode_L-C4-v2_B-upright pair 21: dE=-14332.5 m dN=-315.0 m (from-pair-24 (phasecorr disagreed), support=None, peak=0.036990950946454645) 
dedode_L-C4-v2_B-upright: Processing pair 21 from disk...
dedode_L-C4-v2_B-upright: 0 match-sets in 0.00s
[Coarse] dedode_L-C4-v2_B-upright pair 22: dE=-17882.3 m dN=-311.5 m (phasecorr@315m, support=None, peak=0.12721613845825194) 
dedode_L-C4-v2_B-upright: Processing pair 22 from disk...
dedode_L-C4-v2_B-upright: 6 match-sets in 1.92s
[Coarse] dedode_L-C4-v2_B-upright pair 23: dE=-17911.9 m dN=-326.6 m (phasecorr@315m, support=None, peak=0.12881409482955933) 
dedode_L-C4-v2_B-upright: Processing pair 23 from disk...
dedode_L-C4-v2_B-upright: 6 match-sets in 1.93s
[Coarse] dedode_L-C4-v2_B-upright pair 24: dE=-14332.5 m dN=-315.0 m (matcher@315m, support=12, peak=None) 
dedode_L-C4-v2_B-upright: Processing pair 24 from disk...
dedode_L-C4-v2_B-upright: 7 match-sets in 8.23s
[Coarse] dedode_L-C4-v2_B-upright pair 25: dE=-17844.2 m dN=-348.0 m (phasecorr@315m, support=None, peak=0.15328786741892497) 
dedode_L-C4-v2_B-upright: Processing pair 25 from disk...
dedode_L-C4-v2_B-upright: 6 match-sets in 1.93s
[Coarse] dedode_L-C4-v2_B-upright pair 26: dE=-14332.5 m dN=-315.0 m (from-pair-27, support=None, peak=None) 
dedode_L-C4-v2_B-upright: Processing pair 26 from disk...
dedode_L-C4-v2_B-upright: 5 match-sets in 1.22s
[Coarse] dedode_L-C4-v2_B-upright pair 27: dE=-14332.5 m dN=-315.0 m (from-pair-24 (phasecorr disagreed), support=None, peak=0.05064041456057702) 
dedode_L-C4-v2_B-upright: Processing pair 27 from disk...
dedode_L-C4-v2_B-upright: 5 match-sets in 1.19s
Saved:
 CHIP_STATS_ALL.csv
 CHIP_STATS_SURVIVORS.csv
 CONSENSUS_SCORES.csv
 BEST_CHIP_SET.csv
 BEST_CHIP_MANIFEST.csv
 BEST_FINAL_SUMMARY.csv
[band1] dedode_L-C4-v2_B-upright ok in 1.0 min, peak GPU memory 32.9 of 39.4 GB
--------------------------------------------------------------------------------
[band1] Running dedode_L-C4-v2_B-C4
DeDoDe: Loading L-C4-v2/B-C4...
dedode: Initializing LightGlue {'filter_threshold': 0.1, 'depth_confidence': 0.95, 'width_confidence': 0.99}...
Loaded LightGlue model
[Coarse] pair 3: no reliable coarse offset (matcher: no matches; phasecorr: {'dx': -16147.443677524008, 'dy': -26751.975000537102, 'support': None, 'n': None, 'peak': 0.00032880983234923565}); windows compared in place
[Coarse] pair 4: no reliable coarse offset (matcher: no matches; phasecorr: {'dx': 12882.472481301173, 'dy': 92621.70938170607, 'support': None, 'n': None, 'peak': -0.00012715039429841217}); windows compared in place
[Coarse] pair 5: no reliable coarse offset (matcher: no matches; phasecorr: {'dx': 3156.3479216096807, 'dy': 18300.67805989782, 'support': None, 'n': None, 'peak': 0.020832994549224774}); windows compared in place
[Coarse] pair 6: no reliable coarse offset (matcher: no matches; phasecorr: {'dx': -15852.800158210905, 'dy': 18737.59796077822, 'support': None, 'n': None, 'peak': -0.0027571213742097218}); windows compared in place
[Coarse] pair 7: no reliable coarse offset (matcher: no matches; phasecorr: {'dx': -17660.72648465004, 'dy': -478.5174601560547, 'support': None, 'n': None, 'peak': 0.0218074359204816}); windows compared in place
[Coarse] pair 8: no reliable coarse offset (matcher: no matches; phasecorr: {'dx': -18002.059573769864, 'dy': -489.60497923140906, 'support': None, 'n': None, 'peak': 0.011968647486368816}); windows compared in place
[Coarse] pair 11: no reliable coarse offset (matcher: no matches; phasecorr: {'dx': -18107.733154651494, 'dy': -332.5590928480355, 'support': None, 'n': None, 'peak': 0.020898853179031604}); windows compared in place
[Coarse] pair 20: no reliable coarse offset (matcher: no matches; phasecorr: {'dx': -28903.23193639674, 'dy': -12953.216285335406, 'support': None, 'n': None, 'peak': 0.008737401829825507}); windows compared in place
[Coarse] pair 26: no reliable coarse offset (matcher: no matches; phasecorr: {'dx': -96306.08142606622, 'dy': -17142.367293993742, 'support': None, 'n': None, 'peak': 0.02253384519977334}); windows compared in place
[Coarse] pair 2: phase correlation gave dE=-8934 m dN=5487 m, 8.0 km from every offset the matcher measured; using pair 14's (dE=-17640 m dN=-630 m)
[Coarse] pair 10: phase correlation gave dE=43169 m dN=-4147 m, 57.8 km from every offset the matcher measured; using pair 14's (dE=-17640 m dN=-630 m)
[Coarse] pair 12: phase correlation gave dE=-1877 m dN=10017 m, 16.3 km from every offset the matcher measured; using pair 14's (dE=-17640 m dN=-630 m)
[Coarse] pair 13: phase correlation gave dE=7584 m dN=8567 m, 23.8 km from every offset the matcher measured; using pair 14's (dE=-17640 m dN=-630 m)
[Coarse] pair 18: phase correlation gave dE=744 m dN=-16615 m, 22.3 km from every offset the matcher measured; using pair 24's (dE=-14490 m dN=-315 m)
[Coarse] pair 19: phase correlation gave dE=11920 m dN=-17918 m, 31.7 km from every offset the matcher measured; using pair 24's (dE=-14490 m dN=-315 m)
[Coarse] pair 21: phase correlation gave dE=-11414 m dN=-17047 m, 17.0 km from every offset the matcher measured; using pair 24's (dE=-14490 m dN=-315 m)
[Coarse] pair 27: phase correlation gave dE=-97898 m dN=-6012 m, 80.4 km from every offset the matcher measured; using pair 24's (dE=-14490 m dN=-315 m)
[Coarse] dedode_L-C4-v2_B-C4 pair 1: dE=-18062.2 m dN=-904.8 m (phasecorr@315m, support=None, peak=0.03257782713572184) 
dedode_L-C4-v2_B-C4: Processing pair 1 from disk...
dedode_L-C4-v2_B-C4: 6 match-sets in 0.59s
[Coarse] dedode_L-C4-v2_B-C4 pair 2: dE=-17640.0 m dN=-630.0 m (from-pair-14 (phasecorr disagreed), support=None, peak=0.03413578109976686) 
dedode_L-C4-v2_B-C4: Processing pair 2 from disk...
dedode_L-C4-v2_B-C4: 7 match-sets in 0.59s
[Coarse] dedode_L-C4-v2_B-C4 pair 3: dE=-18062.2 m dN=-904.8 m (from-pair-1, support=None, peak=None) 
dedode_L-C4-v2_B-C4: Processing pair 3 from disk...
dedode_L-C4-v2_B-C4: 5 match-sets in 0.58s
[Coarse] dedode_L-C4-v2_B-C4 pair 4: dE=-17640.0 m dN=-630.0 m (from-pair-2, support=None, peak=None) 
dedode_L-C4-v2_B-C4: Processing pair 4 from disk...
dedode_L-C4-v2_B-C4: 6 match-sets in 0.65s
[Coarse] dedode_L-C4-v2_B-C4 pair 5: dE=-17640.0 m dN=-630.0 m (from-pair-2, support=None, peak=None) 
dedode_L-C4-v2_B-C4: Processing pair 5 from disk...
dedode_L-C4-v2_B-C4: 5 match-sets in 0.64s
[Coarse] dedode_L-C4-v2_B-C4 pair 6: dE=-17640.0 m dN=-630.0 m (from-pair-2, support=None, peak=None) 
dedode_L-C4-v2_B-C4: Processing pair 6 from disk...
dedode_L-C4-v2_B-C4: 4 match-sets in 0.64s
[Coarse] dedode_L-C4-v2_B-C4 pair 7: dE=-17790.5 m dN=-428.0 m (from-pair-9, support=None, peak=None) 
dedode_L-C4-v2_B-C4: Processing pair 7 from disk...
dedode_L-C4-v2_B-C4: 6 match-sets in 1.97s
[Coarse] dedode_L-C4-v2_B-C4 pair 8: dE=-17790.5 m dN=-428.0 m (from-pair-9, support=None, peak=None) 
dedode_L-C4-v2_B-C4: Processing pair 8 from disk...
dedode_L-C4-v2_B-C4: 6 match-sets in 2.02s
[Coarse] dedode_L-C4-v2_B-C4 pair 9: dE=-17790.5 m dN=-428.0 m (phasecorr@315m, support=None, peak=0.031066529352914596) 
dedode_L-C4-v2_B-C4: Processing pair 9 from disk...
dedode_L-C4-v2_B-C4: 5 match-sets in 1.94s
[Coarse] dedode_L-C4-v2_B-C4 pair 10: dE=-17640.0 m dN=-630.0 m (from-pair-14 (phasecorr disagreed), support=None, peak=0.04791493653487985) 
dedode_L-C4-v2_B-C4: Processing pair 10 from disk...
dedode_L-C4-v2_B-C4: 6 match-sets in 1.60s
[Coarse] dedode_L-C4-v2_B-C4 pair 11: dE=-17640.0 m dN=-630.0 m (from-pair-10, support=None, peak=None) 
dedode_L-C4-v2_B-C4: Processing pair 11 from disk...
dedode_L-C4-v2_B-C4: 5 match-sets in 1.60s
[Coarse] dedode_L-C4-v2_B-C4 pair 12: dE=-17640.0 m dN=-630.0 m (from-pair-14 (phasecorr disagreed), support=None, peak=0.1047012765466431) 
dedode_L-C4-v2_B-C4: Processing pair 12 from disk...
dedode_L-C4-v2_B-C4: 0 match-sets in 0.00s
[Coarse] dedode_L-C4-v2_B-C4 pair 13: dE=-17640.0 m dN=-630.0 m (from-pair-14 (phasecorr disagreed), support=None, peak=0.09384612739086151) 
dedode_L-C4-v2_B-C4: Processing pair 13 from disk...
dedode_L-C4-v2_B-C4: 0 match-sets in 0.00s
[Coarse] dedode_L-C4-v2_B-C4 pair 14: dE=-17640.0 m dN=-630.0 m (matcher@315m, support=48, peak=None) 
dedode_L-C4-v2_B-C4: Processing pair 14 from disk...
dedode_L-C4-v2_B-C4: 7 match-sets in 2.62s
[Coarse] dedode_L-C4-v2_B-C4 pair 15: dE=-17640.0 m dN=-630.0 m (matcher@315m, support=92, peak=None) 
dedode_L-C4-v2_B-C4: Processing pair 15 from disk...
dedode_L-C4-v2_B-C4: 7 match-sets in 2.63s
[Coarse] dedode_L-C4-v2_B-C4 pair 16: dE=-17640.0 m dN=0.0 m (matcher@315m, support=38, peak=None) 
dedode_L-C4-v2_B-C4: Processing pair 16 from disk...
dedode_L-C4-v2_B-C4: 7 match-sets in 2.18s
[Coarse] dedode_L-C4-v2_B-C4 pair 17: dE=-17640.0 m dN=0.0 m (matcher@315m, support=100, peak=None) 
dedode_L-C4-v2_B-C4: Processing pair 17 from disk...
dedode_L-C4-v2_B-C4: 7 match-sets in 1.77s
[Coarse] dedode_L-C4-v2_B-C4 pair 18: dE=-14490.0 m dN=-315.0 m (from-pair-24 (phasecorr disagreed), support=None, peak=0.06863816733713503) 
dedode_L-C4-v2_B-C4: Processing pair 18 from disk...
dedode_L-C4-v2_B-C4: 0 match-sets in 0.00s
[Coarse] dedode_L-C4-v2_B-C4 pair 19: dE=-14490.0 m dN=-315.0 m (from-pair-24 (phasecorr disagreed), support=None, peak=0.15104582491848204) 
dedode_L-C4-v2_B-C4: Processing pair 19 from disk...
dedode_L-C4-v2_B-C4: 0 match-sets in 0.00s
[Coarse] dedode_L-C4-v2_B-C4 pair 20: dE=-14490.0 m dN=-315.0 m (from-pair-19, support=None, peak=None) 
dedode_L-C4-v2_B-C4: Processing pair 20 from disk...
dedode_L-C4-v2_B-C4: 0 match-sets in 0.00s
[Coarse] dedode_L-C4-v2_B-C4 pair 21: dE=-14490.0 m dN=-315.0 m (from-pair-24 (phasecorr disagreed), support=None, peak=0.036990950946454645) 
dedode_L-C4-v2_B-C4: Processing pair 21 from disk...
dedode_L-C4-v2_B-C4: 0 match-sets in 0.00s
[Coarse] dedode_L-C4-v2_B-C4 pair 22: dE=-17882.3 m dN=-311.5 m (phasecorr@315m, support=None, peak=0.12721613845825194) 
dedode_L-C4-v2_B-C4: Processing pair 22 from disk...
dedode_L-C4-v2_B-C4: 6 match-sets in 1.88s
[Coarse] dedode_L-C4-v2_B-C4 pair 23: dE=-17911.9 m dN=-326.6 m (phasecorr@315m, support=None, peak=0.12881409482955933) 
dedode_L-C4-v2_B-C4: Processing pair 23 from disk...
dedode_L-C4-v2_B-C4: 6 match-sets in 1.87s
[Coarse] dedode_L-C4-v2_B-C4 pair 24: dE=-14490.0 m dN=-315.0 m (matcher@315m, support=16, peak=None) 
dedode_L-C4-v2_B-C4: Processing pair 24 from disk...
dedode_L-C4-v2_B-C4: 7 match-sets in 1.91s
[Coarse] dedode_L-C4-v2_B-C4 pair 25: dE=-17844.2 m dN=-348.0 m (phasecorr@315m, support=None, peak=0.15328786741892497) 
dedode_L-C4-v2_B-C4: Processing pair 25 from disk...
dedode_L-C4-v2_B-C4: 7 match-sets in 1.88s
[Coarse] dedode_L-C4-v2_B-C4 pair 26: dE=-14490.0 m dN=-315.0 m (from-pair-27, support=None, peak=None) 
dedode_L-C4-v2_B-C4: Processing pair 26 from disk...
dedode_L-C4-v2_B-C4: 4 match-sets in 1.15s
[Coarse] dedode_L-C4-v2_B-C4 pair 27: dE=-14490.0 m dN=-315.0 m (from-pair-24 (phasecorr disagreed), support=None, peak=0.05064041456057702) 
dedode_L-C4-v2_B-C4: Processing pair 27 from disk...
dedode_L-C4-v2_B-C4: 5 match-sets in 1.15s
Saved:
 CHIP_STATS_ALL.csv
 CHIP_STATS_SURVIVORS.csv
 CONSENSUS_SCORES.csv
 BEST_CHIP_SET.csv
 BEST_CHIP_MANIFEST.csv
 BEST_FINAL_SUMMARY.csv
[band1] dedode_L-C4-v2_B-C4 ok in 0.9 min, peak GPU memory 9.6 of 39.4 GB
--------------------------------------------------------------------------------
[band1] Running dedode_L-C4-v2_G-C4
DeDoDe: Loading L-C4-v2/G-C4...
dedode: Initializing LightGlue {'filter_threshold': 0.1, 'depth_confidence': 0.95, 'width_confidence': 0.99}...
Loaded LightGlue model
[Coarse] pair 3: no reliable coarse offset (matcher: no matches; phasecorr: {'dx': -16147.443677524008, 'dy': -26751.975000537102, 'support': None, 'n': None, 'peak': 0.00032880983234923565}); windows compared in place
[Coarse] pair 4: no reliable coarse offset (matcher: no matches; phasecorr: {'dx': 12882.472481301173, 'dy': 92621.70938170607, 'support': None, 'n': None, 'peak': -0.00012715039429841217}); windows compared in place
[Coarse] pair 5: no reliable coarse offset (matcher: no matches; phasecorr: {'dx': 3156.3479216096807, 'dy': 18300.67805989782, 'support': None, 'n': None, 'peak': 0.020832994549224774}); windows compared in place
[Coarse] pair 6: no reliable coarse offset (matcher: no matches; phasecorr: {'dx': -15852.800158210905, 'dy': 18737.59796077822, 'support': None, 'n': None, 'peak': -0.0027571213742097218}); windows compared in place
[Coarse] pair 7: no reliable coarse offset (matcher: no matches; phasecorr: {'dx': -17660.72648465004, 'dy': -478.5174601560547, 'support': None, 'n': None, 'peak': 0.0218074359204816}); windows compared in place
[Coarse] pair 8: no reliable coarse offset (matcher: no matches; phasecorr: {'dx': -18002.059573769864, 'dy': -489.60497923140906, 'support': None, 'n': None, 'peak': 0.011968647486368816}); windows compared in place
[Coarse] pair 11: no reliable coarse offset (matcher: no matches; phasecorr: {'dx': -18107.733154651494, 'dy': -332.5590928480355, 'support': None, 'n': None, 'peak': 0.020898853179031604}); windows compared in place
[Coarse] pair 20: no reliable coarse offset (matcher: no matches; phasecorr: {'dx': -28903.23193639674, 'dy': -12953.216285335406, 'support': None, 'n': None, 'peak': 0.008737401829825507}); windows compared in place
[Coarse] pair 26: no reliable coarse offset (matcher: no matches; phasecorr: {'dx': -96306.08142606622, 'dy': -17142.367293993742, 'support': None, 'n': None, 'peak': 0.02253384519977334}); windows compared in place
[Coarse] pair 2: phase correlation gave dE=-8934 m dN=5487 m, 10.5 km from every offset the matcher measured; using pair 15's (dE=-17483 m dN=-630 m)
[Coarse] pair 10: phase correlation gave dE=43169 m dN=-4147 m, 60.8 km from every offset the matcher measured; using pair 15's (dE=-17483 m dN=-630 m)
[Coarse] pair 12: phase correlation gave dE=-1877 m dN=10017 m, 18.9 km from every offset the matcher measured; using pair 15's (dE=-17483 m dN=-630 m)
[Coarse] pair 13: phase correlation gave dE=7584 m dN=8567 m, 26.7 km from every offset the matcher measured; using pair 15's (dE=-17483 m dN=-630 m)
[Coarse] pair 18: phase correlation gave dE=744 m dN=-16615 m, 24.2 km from every offset the matcher measured; using pair 15's (dE=-17483 m dN=-630 m)
[Coarse] pair 19: phase correlation gave dE=11920 m dN=-17918 m, 34.1 km from every offset the matcher measured; using pair 15's (dE=-17483 m dN=-630 m)
[Coarse] pair 21: phase correlation gave dE=-11414 m dN=-17047 m, 17.5 km from every offset the matcher measured; using pair 15's (dE=-17483 m dN=-630 m)
[Coarse] pair 27: phase correlation gave dE=-97898 m dN=-6012 m, 80.6 km from every offset the matcher measured; using pair 15's (dE=-17483 m dN=-630 m)
[Coarse] dedode_L-C4-v2_G-C4 pair 1: dE=-18062.2 m dN=-904.8 m (phasecorr@315m, support=None, peak=0.03257782713572184) 
dedode_L-C4-v2_G-C4: Processing pair 1 from disk...
dedode_L-C4-v2_G-C4: 6 match-sets in 0.69s
[Coarse] dedode_L-C4-v2_G-C4 pair 2: dE=-17482.5 m dN=-630.0 m (from-pair-15 (phasecorr disagreed), support=None, peak=0.03413578109976686) 
dedode_L-C4-v2_G-C4: Processing pair 2 from disk...
dedode_L-C4-v2_G-C4: 6 match-sets in 0.71s
[Coarse] dedode_L-C4-v2_G-C4 pair 3: dE=-18062.2 m dN=-904.8 m (from-pair-1, support=None, peak=None) 
dedode_L-C4-v2_G-C4: Processing pair 3 from disk...
dedode_L-C4-v2_G-C4: 4 match-sets in 0.70s
[Coarse] dedode_L-C4-v2_G-C4 pair 4: dE=-17482.5 m dN=-630.0 m (from-pair-2, support=None, peak=None) 
dedode_L-C4-v2_G-C4: Processing pair 4 from disk...
dedode_L-C4-v2_G-C4: 6 match-sets in 1.21s
[Coarse] dedode_L-C4-v2_G-C4 pair 5: dE=-17482.5 m dN=-630.0 m (from-pair-2, support=None, peak=None) 
dedode_L-C4-v2_G-C4: Processing pair 5 from disk...
dedode_L-C4-v2_G-C4: 5 match-sets in 1.19s
[Coarse] dedode_L-C4-v2_G-C4 pair 6: dE=-17482.5 m dN=-630.0 m (from-pair-2, support=None, peak=None) 
dedode_L-C4-v2_G-C4: Processing pair 6 from disk...
dedode_L-C4-v2_G-C4: 4 match-sets in 0.77s
[Coarse] dedode_L-C4-v2_G-C4 pair 7: dE=-17790.5 m dN=-428.0 m (from-pair-9, support=None, peak=None) 
dedode_L-C4-v2_G-C4: Processing pair 7 from disk...
dedode_L-C4-v2_G-C4: 5 match-sets in 2.86s
[Coarse] dedode_L-C4-v2_G-C4 pair 8: dE=-17790.5 m dN=-428.0 m (from-pair-9, support=None, peak=None) 
dedode_L-C4-v2_G-C4: Processing pair 8 from disk...
dedode_L-C4-v2_G-C4: 5 match-sets in 2.80s
[Coarse] dedode_L-C4-v2_G-C4 pair 9: dE=-17790.5 m dN=-428.0 m (phasecorr@315m, support=None, peak=0.031066529352914596) 
dedode_L-C4-v2_G-C4: Processing pair 9 from disk...
dedode_L-C4-v2_G-C4: 6 match-sets in 2.85s
[Coarse] dedode_L-C4-v2_G-C4 pair 10: dE=-17482.5 m dN=-630.0 m (from-pair-15 (phasecorr disagreed), support=None, peak=0.04791493653487985) 
dedode_L-C4-v2_G-C4: Processing pair 10 from disk...
dedode_L-C4-v2_G-C4: 5 match-sets in 2.25s
[Coarse] dedode_L-C4-v2_G-C4 pair 11: dE=-17482.5 m dN=-630.0 m (from-pair-10, support=None, peak=None) 
dedode_L-C4-v2_G-C4: Processing pair 11 from disk...
dedode_L-C4-v2_G-C4: 5 match-sets in 2.25s
[Coarse] dedode_L-C4-v2_G-C4 pair 12: dE=-17482.5 m dN=-630.0 m (from-pair-15 (phasecorr disagreed), support=None, peak=0.1047012765466431) 
dedode_L-C4-v2_G-C4: Processing pair 12 from disk...
dedode_L-C4-v2_G-C4: 0 match-sets in 0.00s
[Coarse] dedode_L-C4-v2_G-C4 pair 13: dE=-17482.5 m dN=-630.0 m (from-pair-15 (phasecorr disagreed), support=None, peak=0.09384612739086151) 
dedode_L-C4-v2_G-C4: Processing pair 13 from disk...
dedode_L-C4-v2_G-C4: 0 match-sets in 0.00s
[Coarse] dedode_L-C4-v2_G-C4 pair 14: dE=-18039.9 m dN=-308.2 m (phasecorr@315m, support=None, peak=0.04961982255158601) 
dedode_L-C4-v2_G-C4: Processing pair 14 from disk...
dedode_L-C4-v2_G-C4: 7 match-sets in 3.66s
[Coarse] dedode_L-C4-v2_G-C4 pair 15: dE=-17482.5 m dN=-630.0 m (matcher@315m, support=12, peak=None) 
dedode_L-C4-v2_G-C4: Processing pair 15 from disk...
dedode_L-C4-v2_G-C4: 7 match-sets in 3.67s
[Coarse] dedode_L-C4-v2_G-C4 pair 16: dE=-18113.0 m dN=-129.2 m (phasecorr@315m, support=None, peak=0.054434785683949785) 
dedode_L-C4-v2_G-C4: Processing pair 16 from disk...
dedode_L-C4-v2_G-C4: 5 match-sets in 2.40s
[Coarse] dedode_L-C4-v2_G-C4 pair 17: dE=-18272.3 m dN=-53.0 m (phasecorr@315m, support=None, peak=0.05276745311419169) 
dedode_L-C4-v2_G-C4: Processing pair 17 from disk...
dedode_L-C4-v2_G-C4: 7 match-sets in 2.40s
[Coarse] dedode_L-C4-v2_G-C4 pair 18: dE=-17482.5 m dN=-630.0 m (from-pair-15 (phasecorr disagreed), support=None, peak=0.06863816733713503) 
dedode_L-C4-v2_G-C4: Processing pair 18 from disk...
dedode_L-C4-v2_G-C4: 0 match-sets in 0.00s
[Coarse] dedode_L-C4-v2_G-C4 pair 19: dE=-17482.5 m dN=-630.0 m (from-pair-15 (phasecorr disagreed), support=None, peak=0.15104582491848204) 
dedode_L-C4-v2_G-C4: Processing pair 19 from disk...
dedode_L-C4-v2_G-C4: 0 match-sets in 0.00s
[Coarse] dedode_L-C4-v2_G-C4 pair 20: dE=-17482.5 m dN=-630.0 m (from-pair-19, support=None, peak=None) 
dedode_L-C4-v2_G-C4: Processing pair 20 from disk...
dedode_L-C4-v2_G-C4: 0 match-sets in 0.00s
[Coarse] dedode_L-C4-v2_G-C4 pair 21: dE=-17482.5 m dN=-630.0 m (from-pair-15 (phasecorr disagreed), support=None, peak=0.036990950946454645) 
dedode_L-C4-v2_G-C4: Processing pair 21 from disk...
dedode_L-C4-v2_G-C4: 0 match-sets in 0.00s
[Coarse] dedode_L-C4-v2_G-C4 pair 22: dE=-17882.3 m dN=-311.5 m (phasecorr@315m, support=None, peak=0.12721613845825194) 
dedode_L-C4-v2_G-C4: Processing pair 22 from disk...
dedode_L-C4-v2_G-C4: 5 match-sets in 2.72s
[Coarse] dedode_L-C4-v2_G-C4 pair 23: dE=-17911.9 m dN=-326.6 m (phasecorr@315m, support=None, peak=0.12881409482955933) 
dedode_L-C4-v2_G-C4: Processing pair 23 from disk...
dedode_L-C4-v2_G-C4: 7 match-sets in 2.72s
[Coarse] dedode_L-C4-v2_G-C4 pair 24: dE=-17928.8 m dN=-415.6 m (phasecorr@315m, support=None, peak=0.035175936365127565) 
dedode_L-C4-v2_G-C4: Processing pair 24 from disk...
dedode_L-C4-v2_G-C4: 6 match-sets in 2.71s
[Coarse] dedode_L-C4-v2_G-C4 pair 25: dE=-17844.2 m dN=-348.0 m (phasecorr@315m, support=None, peak=0.15328786741892497) 
dedode_L-C4-v2_G-C4: Processing pair 25 from disk...
dedode_L-C4-v2_G-C4: 6 match-sets in 2.74s
[Coarse] dedode_L-C4-v2_G-C4 pair 26: dE=-17482.5 m dN=-630.0 m (from-pair-27, support=None, peak=None) 
dedode_L-C4-v2_G-C4: Processing pair 26 from disk...
dedode_L-C4-v2_G-C4: 4 match-sets in 4.21s
[Coarse] dedode_L-C4-v2_G-C4 pair 27: dE=-17482.5 m dN=-630.0 m (from-pair-15 (phasecorr disagreed), support=None, peak=0.05064041456057702) 
dedode_L-C4-v2_G-C4: Processing pair 27 from disk...
dedode_L-C4-v2_G-C4: 4 match-sets in 3.08s
Saved:
 CHIP_STATS_ALL.csv
 CHIP_STATS_SURVIVORS.csv
 CONSENSUS_SCORES.csv
 BEST_CHIP_SET.csv
 BEST_CHIP_MANIFEST.csv
 BEST_FINAL_SUMMARY.csv
[band1] dedode_L-C4-v2_G-C4 ok in 1.3 min, peak GPU memory 25.7 of 39.4 GB
--------------------------------------------------------------------------------
[band1] Running keynet
KeyNet: Loading KeyNet-AffNet-HardNet (upright=True)...
keynet: Initializing LightGlue {'filter_threshold': 0.1, 'depth_confidence': 0.95, 'width_confidence': 0.99}...
Loaded LightGlue model
[Coarse] pair 3: no reliable coarse offset (matcher: no matches; phasecorr: {'dx': -16147.443677524008, 'dy': -26751.975000537102, 'support': None, 'n': None, 'peak': 0.00032880983234923565}); windows compared in place
[Coarse] pair 4: no reliable coarse offset (matcher: no matches; phasecorr: {'dx': 12882.472481301173, 'dy': 92621.70938170607, 'support': None, 'n': None, 'peak': -0.00012715039429841217}); windows compared in place
[Coarse] pair 5: no reliable coarse offset (matcher: no matches; phasecorr: {'dx': 3156.3479216096807, 'dy': 18300.67805989782, 'support': None, 'n': None, 'peak': 0.020832994549224774}); windows compared in place
[Coarse] pair 6: no reliable coarse offset (matcher: no matches; phasecorr: {'dx': -15852.800158210905, 'dy': 18737.59796077822, 'support': None, 'n': None, 'peak': -0.0027571213742097218}); windows compared in place
[Coarse] pair 11: no reliable coarse offset (matcher: {'dx': -18063.43359375, 'dy': -150.17578125, 'support': 5, 'n': 5, 'peak': None}; phasecorr: {'dx': -18107.733154651494, 'dy': -332.5590928480355, 'support': None, 'n': None, 'peak': 0.020898853179031604}); windows compared in place
[Coarse] pair 20: no reliable coarse offset (matcher: no matches; phasecorr: {'dx': -28903.23193639674, 'dy': -12953.216285335406, 'support': None, 'n': None, 'peak': 0.008737401829825507}); windows compared in place
[Coarse] pair 26: no reliable coarse offset (matcher: no matches; phasecorr: {'dx': -96306.08142606622, 'dy': -17142.367293993742, 'support': None, 'n': None, 'peak': 0.02253384519977334}); windows compared in place
[Coarse] pair 2: phase correlation gave dE=-8934 m dN=5487 m, 10.5 km from every offset the matcher measured; using pair 1's (dE=-18089 m dN=-482 m)
[Coarse] pair 10: phase correlation gave dE=43169 m dN=-4147 m, 61.0 km from every offset the matcher measured; using pair 8's (dE=-17733 m dN=-224 m)
[Coarse] pair 12: phase correlation gave dE=-1877 m dN=10017 m, 18.9 km from every offset the matcher measured; using pair 8's (dE=-17733 m dN=-224 m)
[Coarse] pair 13: phase correlation gave dE=7584 m dN=8567 m, 26.8 km from every offset the matcher measured; using pair 8's (dE=-17733 m dN=-224 m)
[Coarse] pair 18: phase correlation gave dE=744 m dN=-16615 m, 24.7 km from every offset the matcher measured; using pair 25's (dE=-17955 m dN=-268 m)
[Coarse] pair 19: phase correlation gave dE=11920 m dN=-17918 m, 34.5 km from every offset the matcher measured; using pair 25's (dE=-17955 m dN=-268 m)
[Coarse] pair 21: phase correlation gave dE=-11414 m dN=-17047 m, 17.8 km from every offset the matcher measured; using pair 25's (dE=-17955 m dN=-268 m)
[Coarse] pair 27: phase correlation gave dE=-97898 m dN=-6012 m, 80.0 km from every offset the matcher measured; using pair 23's (dE=-17955 m dN=-47 m)
[Coarse] keynet pair 1: dE=-18088.9 m dN=-481.9 m (matcher@315m, support=10, peak=None) 
keynet: Processing pair 1 from disk...
keynet: 7 match-sets in 1.42s
[Coarse] keynet pair 2: dE=-18088.9 m dN=-481.9 m (from-pair-1 (phasecorr disagreed), support=None, peak=0.03413578109976686) 
keynet: Processing pair 2 from disk...
keynet: 6 match-sets in 1.37s
[Coarse] keynet pair 3: dE=-18088.9 m dN=-481.9 m (from-pair-1, support=None, peak=None) 
keynet: Processing pair 3 from disk...
keynet: 4 match-sets in 1.37s
[Coarse] keynet pair 4: dE=-18088.9 m dN=-481.9 m (from-pair-2, support=None, peak=None) 
keynet: Processing pair 4 from disk...
keynet: 6 match-sets in 1.39s
[Coarse] keynet pair 5: dE=-18088.9 m dN=-481.9 m (from-pair-2, support=None, peak=None) 
keynet: Processing pair 5 from disk...
keynet: 6 match-sets in 1.39s
[Coarse] keynet pair 6: dE=-18088.9 m dN=-481.9 m (from-pair-2, support=None, peak=None) 
keynet: Processing pair 6 from disk...
keynet: 6 match-sets in 1.30s
[Coarse] keynet pair 7: dE=-18018.9 m dN=-563.0 m (matcher@315m, support=23, peak=None) 
keynet: Processing pair 7 from disk...
keynet: 7 match-sets in 2.37s
[Coarse] keynet pair 8: dE=-17732.6 m dN=-224.3 m (matcher@315m, support=8, peak=None) 
keynet: Processing pair 8 from disk...
keynet: 7 match-sets in 2.81s
[Coarse] keynet pair 9: dE=-18049.6 m dN=-568.1 m (matcher@315m, support=26, peak=None) 
keynet: Processing pair 9 from disk...
keynet: 7 match-sets in 2.30s
[Coarse] keynet pair 10: dE=-17732.6 m dN=-224.3 m (from-pair-8 (phasecorr disagreed), support=None, peak=0.04791493653487985) 
keynet: Processing pair 10 from disk...
keynet: 4 match-sets in 2.39s
[Coarse] keynet pair 11: dE=-17732.6 m dN=-224.3 m (from-pair-10, support=None, peak=None) 
keynet: Processing pair 11 from disk...
keynet: 6 match-sets in 2.24s
[Coarse] keynet pair 12: dE=-17732.6 m dN=-224.3 m (from-pair-8 (phasecorr disagreed), support=None, peak=0.1047012765466431) 
keynet: Processing pair 12 from disk...
keynet: 0 match-sets in 0.00s
[Coarse] keynet pair 13: dE=-17732.6 m dN=-224.3 m (from-pair-8 (phasecorr disagreed), support=None, peak=0.09384612739086151) 
keynet: Processing pair 13 from disk...
keynet: 0 match-sets in 0.00s
[Coarse] keynet pair 14: dE=-17955.0 m dN=-36.9 m (matcher@315m, support=128, peak=None) 
keynet: Processing pair 14 from disk...
keynet: 7 match-sets in 2.86s
[Coarse] keynet pair 15: dE=-17955.0 m dN=-248.4 m (matcher@315m, support=200, peak=None) 
keynet: Processing pair 15 from disk...
keynet: 7 match-sets in 2.24s
[Coarse] keynet pair 16: dE=-18062.0 m dN=-183.5 m (matcher@315m, support=91, peak=None) 
keynet: Processing pair 16 from disk...
keynet: 7 match-sets in 2.31s
[Coarse] keynet pair 17: dE=-18055.8 m dN=-211.2 m (matcher@315m, support=196, peak=None) 
keynet: Processing pair 17 from disk...
keynet: 7 match-sets in 1.53s
[Coarse] keynet pair 18: dE=-17955.0 m dN=-267.9 m (from-pair-25 (phasecorr disagreed), support=None, peak=0.06863816733713503) 
keynet: Processing pair 18 from disk...
keynet: 0 match-sets in 0.00s
[Coarse] keynet pair 19: dE=-17955.0 m dN=-267.9 m (from-pair-25 (phasecorr disagreed), support=None, peak=0.15104582491848204) 
keynet: Processing pair 19 from disk...
keynet: 0 match-sets in 0.00s
[Coarse] keynet pair 20: dE=-17955.0 m dN=-267.9 m (from-pair-19, support=None, peak=None) 
keynet: Processing pair 20 from disk...
keynet: 0 match-sets in 0.00s
[Coarse] keynet pair 21: dE=-17955.0 m dN=-267.9 m (from-pair-25 (phasecorr disagreed), support=None, peak=0.036990950946454645) 
keynet: Processing pair 21 from disk...
keynet: 0 match-sets in 0.00s
[Coarse] keynet pair 22: dE=-18018.0 m dN=-230.3 m (matcher@315m, support=37, peak=None) 
keynet: Processing pair 22 from disk...
keynet: 7 match-sets in 2.43s
[Coarse] keynet pair 23: dE=-17955.0 m dN=-46.8 m (matcher@315m, support=37, peak=None) 
keynet: Processing pair 23 from disk...
keynet: 7 match-sets in 1.57s
[Coarse] keynet pair 24: dE=-17955.0 m dN=-248.9 m (matcher@315m, support=44, peak=None) 
keynet: Processing pair 24 from disk...
keynet: 7 match-sets in 1.94s
[Coarse] keynet pair 25: dE=-17955.0 m dN=-267.9 m (matcher@315m, support=51, peak=None) 
keynet: Processing pair 25 from disk...
keynet: 7 match-sets in 1.82s
[Coarse] keynet pair 26: dE=-17955.0 m dN=-46.8 m (from-pair-27, support=None, peak=None) 
keynet: Processing pair 26 from disk...
keynet: 4 match-sets in 1.60s
[Coarse] keynet pair 27: dE=-17955.0 m dN=-46.8 m (from-pair-23 (phasecorr disagreed), support=None, peak=0.05064041456057702) 
keynet: Processing pair 27 from disk...
keynet: 6 match-sets in 1.59s
Saved:
 CHIP_STATS_ALL.csv
 CHIP_STATS_SURVIVORS.csv
 CONSENSUS_SCORES.csv
 BEST_CHIP_SET.csv
 BEST_CHIP_MANIFEST.csv
 BEST_FINAL_SUMMARY.csv
[band1] keynet ok in 1.2 min, peak GPU memory 3.9 of 39.4 GB
--------------------------------------------------------------------------------
[band1] Running dog_hardnet
DoG: Loading HardNet (upright=True)...
dog: Initializing LightGlue {'filter_threshold': 0.1, 'depth_confidence': 0.95, 'width_confidence': 0.99}...
Loaded LightGlue model
[Coarse] pair 3: no reliable coarse offset (matcher: no matches; phasecorr: {'dx': -16147.443677524008, 'dy': -26751.975000537102, 'support': None, 'n': None, 'peak': 0.00032880983234923565}); windows compared in place
[Coarse] pair 4: no reliable coarse offset (matcher: no matches; phasecorr: {'dx': 12882.472481301173, 'dy': 92621.70938170607, 'support': None, 'n': None, 'peak': -0.00012715039429841217}); windows compared in place
[Coarse] pair 5: no reliable coarse offset (matcher: {'dx': -18270.0, 'dy': -733.78515625, 'support': 3, 'n': 3, 'peak': None}; phasecorr: {'dx': 3156.3479216096807, 'dy': 18300.67805989782, 'support': None, 'n': None, 'peak': 0.020832994549224774}); windows compared in place
[Coarse] pair 6: no reliable coarse offset (matcher: no matches; phasecorr: {'dx': -15852.800158210905, 'dy': 18737.59796077822, 'support': None, 'n': None, 'peak': -0.0027571213742097218}); windows compared in place
[Coarse] pair 11: no reliable coarse offset (matcher: {'dx': -18058.80859375, 'dy': -166.259765625, 'support': 6, 'n': 6, 'peak': None}; phasecorr: {'dx': -18107.733154651494, 'dy': -332.5590928480355, 'support': None, 'n': None, 'peak': 0.020898853179031604}); windows compared in place
[Coarse] pair 20: no reliable coarse offset (matcher: no matches; phasecorr: {'dx': -28903.23193639674, 'dy': -12953.216285335406, 'support': None, 'n': None, 'peak': 0.008737401829825507}); windows compared in place
[Coarse] pair 26: no reliable coarse offset (matcher: no matches; phasecorr: {'dx': -96306.08142606622, 'dy': -17142.367293993742, 'support': None, 'n': None, 'peak': 0.02253384519977334}); windows compared in place
[Coarse] pair 2: phase correlation gave dE=-8934 m dN=5487 m, 10.5 km from every offset the matcher measured; using pair 9's (dE=-17955 m dN=-575 m)
[Coarse] pair 10: phase correlation gave dE=43169 m dN=-4147 m, 61.0 km from every offset the matcher measured; using pair 8's (dE=-17955 m dN=-353 m)
[Coarse] pair 12: phase correlation gave dE=-1877 m dN=10017 m, 18.9 km from every offset the matcher measured; using pair 8's (dE=-17955 m dN=-353 m)
[Coarse] pair 13: phase correlation gave dE=7584 m dN=8567 m, 26.8 km from every offset the matcher measured; using pair 8's (dE=-17955 m dN=-353 m)
[Coarse] pair 18: phase correlation gave dE=744 m dN=-16615 m, 24.6 km from every offset the matcher measured; using pair 25's (dE=-17860 m dN=-274 m)
[Coarse] pair 19: phase correlation gave dE=11920 m dN=-17918 m, 34.5 km from every offset the matcher measured; using pair 25's (dE=-17860 m dN=-274 m)
[Coarse] pair 21: phase correlation gave dE=-11414 m dN=-17047 m, 17.7 km from every offset the matcher measured; using pair 25's (dE=-17860 m dN=-274 m)
[Coarse] pair 27: phase correlation gave dE=-97898 m dN=-6012 m, 80.1 km from every offset the matcher measured; using pair 23's (dE=-17724 m dN=-263 m)
[Coarse] dog_hardnet pair 1: dE=-18062.2 m dN=-904.8 m (phasecorr@315m, support=None, peak=0.03257782713572184) 
dog_hardnet: Processing pair 1 from disk...
dog_hardnet: 7 match-sets in 0.66s
[Coarse] dog_hardnet pair 2: dE=-17955.0 m dN=-575.2 m (from-pair-9 (phasecorr disagreed), support=None, peak=0.03413578109976686) 
dog_hardnet: Processing pair 2 from disk...
dog_hardnet: 6 match-sets in 0.74s
[Coarse] dog_hardnet pair 3: dE=-18062.2 m dN=-904.8 m (from-pair-1, support=None, peak=None) 
dog_hardnet: Processing pair 3 from disk...
dog_hardnet: 6 match-sets in 0.72s
[Coarse] dog_hardnet pair 4: dE=-17955.0 m dN=-575.2 m (from-pair-2, support=None, peak=None) 
dog_hardnet: Processing pair 4 from disk...
dog_hardnet: 6 match-sets in 0.77s
[Coarse] dog_hardnet pair 5: dE=-17955.0 m dN=-575.2 m (from-pair-2, support=None, peak=None) 
dog_hardnet: Processing pair 5 from disk...
dog_hardnet: 5 match-sets in 0.76s
[Coarse] dog_hardnet pair 6: dE=-17955.0 m dN=-575.2 m (from-pair-2, support=None, peak=None) 
dog_hardnet: Processing pair 6 from disk...
dog_hardnet: 4 match-sets in 0.76s
[Coarse] dog_hardnet pair 7: dE=-17955.0 m dN=-576.0 m (matcher@315m, support=17, peak=None) 
dog_hardnet: Processing pair 7 from disk...
dog_hardnet: 7 match-sets in 1.11s
[Coarse] dog_hardnet pair 8: dE=-17955.0 m dN=-353.0 m (matcher@315m, support=20, peak=None) 
dog_hardnet: Processing pair 8 from disk...
dog_hardnet: 7 match-sets in 1.06s
[Coarse] dog_hardnet pair 9: dE=-17955.0 m dN=-575.2 m (matcher@315m, support=26, peak=None) 
dog_hardnet: Processing pair 9 from disk...
dog_hardnet: 7 match-sets in 1.06s
[Coarse] dog_hardnet pair 10: dE=-17955.0 m dN=-353.0 m (from-pair-8 (phasecorr disagreed), support=None, peak=0.04791493653487985) 
dog_hardnet: Processing pair 10 from disk...
dog_hardnet: 6 match-sets in 0.93s
[Coarse] dog_hardnet pair 11: dE=-17955.0 m dN=-353.0 m (from-pair-10, support=None, peak=None) 
dog_hardnet: Processing pair 11 from disk...
dog_hardnet: 7 match-sets in 0.93s
[Coarse] dog_hardnet pair 12: dE=-17955.0 m dN=-353.0 m (from-pair-8 (phasecorr disagreed), support=None, peak=0.1047012765466431) 
dog_hardnet: Processing pair 12 from disk...
dog_hardnet: 0 match-sets in 0.00s
[Coarse] dog_hardnet pair 13: dE=-17955.0 m dN=-353.0 m (from-pair-8 (phasecorr disagreed), support=None, peak=0.09384612739086151) 
dog_hardnet: Processing pair 13 from disk...
dog_hardnet: 0 match-sets in 0.00s
[Coarse] dog_hardnet pair 14: dE=-17906.2 m dN=-253.3 m (matcher@315m, support=181, peak=None) 
dog_hardnet: Processing pair 14 from disk...
dog_hardnet: 7 match-sets in 1.17s
[Coarse] dog_hardnet pair 15: dE=-17924.8 m dN=-265.1 m (matcher@315m, support=286, peak=None) 
dog_hardnet: Processing pair 15 from disk...
dog_hardnet: 7 match-sets in 1.14s
[Coarse] dog_hardnet pair 16: dE=-17955.0 m dN=-189.7 m (matcher@315m, support=118, peak=None) 
dog_hardnet: Processing pair 16 from disk...
dog_hardnet: 7 match-sets in 0.88s
[Coarse] dog_hardnet pair 17: dE=-17955.0 m dN=-256.5 m (matcher@315m, support=220, peak=None) 
dog_hardnet: Processing pair 17 from disk...
dog_hardnet: 7 match-sets in 0.86s
[Coarse] dog_hardnet pair 18: dE=-17860.5 m dN=-274.3 m (from-pair-25 (phasecorr disagreed), support=None, peak=0.06863816733713503) 
dog_hardnet: Processing pair 18 from disk...
dog_hardnet: 0 match-sets in 0.00s
[Coarse] dog_hardnet pair 19: dE=-17860.5 m dN=-274.3 m (from-pair-25 (phasecorr disagreed), support=None, peak=0.15104582491848204) 
dog_hardnet: Processing pair 19 from disk...
dog_hardnet: 0 match-sets in 0.00s
[Coarse] dog_hardnet pair 20: dE=-17860.5 m dN=-274.3 m (from-pair-19, support=None, peak=None) 
dog_hardnet: Processing pair 20 from disk...
dog_hardnet: 0 match-sets in 0.00s
[Coarse] dog_hardnet pair 21: dE=-17860.5 m dN=-274.3 m (from-pair-25 (phasecorr disagreed), support=None, peak=0.036990950946454645) 
dog_hardnet: Processing pair 21 from disk...
dog_hardnet: 0 match-sets in 0.00s
[Coarse] dog_hardnet pair 22: dE=-17796.8 m dN=-249.8 m (matcher@315m, support=80, peak=None) 
dog_hardnet: Processing pair 22 from disk...
dog_hardnet: 7 match-sets in 1.00s
[Coarse] dog_hardnet pair 23: dE=-17723.8 m dN=-262.6 m (matcher@315m, support=89, peak=None) 
dog_hardnet: Processing pair 23 from disk...
dog_hardnet: 7 match-sets in 0.99s
[Coarse] dog_hardnet pair 24: dE=-17796.8 m dN=-243.5 m (matcher@315m, support=90, peak=None) 
dog_hardnet: Processing pair 24 from disk...
dog_hardnet: 7 match-sets in 0.97s
[Coarse] dog_hardnet pair 25: dE=-17860.5 m dN=-274.3 m (matcher@315m, support=109, peak=None) 
dog_hardnet: Processing pair 25 from disk...
dog_hardnet: 7 match-sets in 0.97s
[Coarse] dog_hardnet pair 26: dE=-17723.8 m dN=-262.6 m (from-pair-27, support=None, peak=None) 
dog_hardnet: Processing pair 26 from disk...
dog_hardnet: 5 match-sets in 0.67s
[Coarse] dog_hardnet pair 27: dE=-17723.8 m dN=-262.6 m (from-pair-23 (phasecorr disagreed), support=None, peak=0.05064041456057702) 
dog_hardnet: Processing pair 27 from disk...
dog_hardnet: 5 match-sets in 0.67s
Saved:
 CHIP_STATS_ALL.csv
 CHIP_STATS_SURVIVORS.csv
 CONSENSUS_SCORES.csv
 BEST_CHIP_SET.csv
 BEST_CHIP_MANIFEST.csv
 BEST_FINAL_SUMMARY.csv
[band1] dog_hardnet ok in 0.6 min, peak GPU memory 4.9 of 39.4 GB
--------------------------------------------------------------------------------
[band1] Running dog_hardnet8
[dog_hardnet8] lgm not available for this variant -- skipped (available: smnn, ada, mnn, snn, nn, fginn)
DoG: Loading HardNet8 (upright=True)...
[band1] dog_hardnet8 SKIPPED -- model not available (see message above)
[band1] dog_hardnet8 failed in 0.0 min, peak GPU memory 0.0 of 39.4 GB
--------------------------------------------------------------------------------
[band1] Running dog_sosnet
[dog_sosnet] lgm not available for this variant -- skipped (available: smnn, ada, mnn, snn, nn, fginn)
DoG: Loading SOSNet (upright=True)...
[Weights] sosnet_32x32_liberty.pth from /maintenance/ICIGDev/GPUPOC/input/dqe/imw_runtime/imw_cache/torch/hub/checkpoints
[Coarse] pair 3: no reliable coarse offset (matcher: no matches; phasecorr: {'dx': -16147.443677524008, 'dy': -26751.975000537102, 'support': None, 'n': None, 'peak': 0.00032880983234923565}); windows compared in place
[Coarse] pair 4: no reliable coarse offset (matcher: {'dx': -18616.3671875, 'dy': -86.134765625, 'support': 2, 'n': 3, 'peak': None}; phasecorr: {'dx': 12882.472481301173, 'dy': 92621.70938170607, 'support': None, 'n': None, 'peak': -0.00012715039429841217}); windows compared in place
[Coarse] pair 5: no reliable coarse offset (matcher: no matches; phasecorr: {'dx': 3156.3479216096807, 'dy': 18300.67805989782, 'support': None, 'n': None, 'peak': 0.020832994549224774}); windows compared in place
[Coarse] pair 6: no reliable coarse offset (matcher: no matches; phasecorr: {'dx': -15852.800158210905, 'dy': 18737.59796077822, 'support': None, 'n': None, 'peak': -0.0027571213742097218}); windows compared in place
[Coarse] pair 11: no reliable coarse offset (matcher: no matches; phasecorr: {'dx': -18107.733154651494, 'dy': -332.5590928480355, 'support': None, 'n': None, 'peak': 0.020898853179031604}); windows compared in place
[Coarse] pair 20: no reliable coarse offset (matcher: no matches; phasecorr: {'dx': -28903.23193639674, 'dy': -12953.216285335406, 'support': None, 'n': None, 'peak': 0.008737401829825507}); windows compared in place
[Coarse] pair 26: no reliable coarse offset (matcher: no matches; phasecorr: {'dx': -96306.08142606622, 'dy': -17142.367293993742, 'support': None, 'n': None, 'peak': 0.02253384519977334}); windows compared in place
[Coarse] pair 2: phase correlation gave dE=-8934 m dN=5487 m, 10.5 km from every offset the matcher measured; using pair 9's (dE=-17955 m dN=-579 m)
[Coarse] pair 10: phase correlation gave dE=43169 m dN=-4147 m, 61.1 km from every offset the matcher measured; using pair 8's (dE=-17784 m dN=-355 m)
[Coarse] pair 12: phase correlation gave dE=-1877 m dN=10017 m, 18.9 km from every offset the matcher measured; using pair 8's (dE=-17784 m dN=-355 m)
[Coarse] pair 13: phase correlation gave dE=7584 m dN=8567 m, 26.9 km from every offset the matcher measured; using pair 8's (dE=-17784 m dN=-355 m)
[Coarse] pair 18: phase correlation gave dE=744 m dN=-16615 m, 24.6 km from every offset the matcher measured; using pair 25's (dE=-17870 m dN=-274 m)
[Coarse] pair 19: phase correlation gave dE=11920 m dN=-17918 m, 34.5 km from every offset the matcher measured; using pair 25's (dE=-17870 m dN=-274 m)
[Coarse] pair 21: phase correlation gave dE=-11414 m dN=-17047 m, 17.7 km from every offset the matcher measured; using pair 25's (dE=-17870 m dN=-274 m)
[Coarse] pair 27: phase correlation gave dE=-97898 m dN=-6012 m, 80.1 km from every offset the matcher measured; using pair 23's (dE=-17922 m dN=-253 m)
[Coarse] dog_sosnet pair 1: dE=-18062.2 m dN=-904.8 m (phasecorr@315m, support=None, peak=0.03257782713572184) 
dog_sosnet: Processing pair 1 from disk...
dog_sosnet: 6 match-sets in 0.34s
[Coarse] dog_sosnet pair 2: dE=-17955.0 m dN=-579.3 m (from-pair-9 (phasecorr disagreed), support=None, peak=0.03413578109976686) 
dog_sosnet: Processing pair 2 from disk...
dog_sosnet: 5 match-sets in 0.34s
[Coarse] dog_sosnet pair 3: dE=-18062.2 m dN=-904.8 m (from-pair-1, support=None, peak=None) 
dog_sosnet: Processing pair 3 from disk...
dog_sosnet: 4 match-sets in 0.33s
[Coarse] dog_sosnet pair 4: dE=-17955.0 m dN=-579.3 m (from-pair-2, support=None, peak=None) 
dog_sosnet: Processing pair 4 from disk...
dog_sosnet: 4 match-sets in 0.36s
[Coarse] dog_sosnet pair 5: dE=-17955.0 m dN=-579.3 m (from-pair-2, support=None, peak=None) 
dog_sosnet: Processing pair 5 from disk...
dog_sosnet: 4 match-sets in 0.36s
[Coarse] dog_sosnet pair 6: dE=-17955.0 m dN=-579.3 m (from-pair-2, support=None, peak=None) 
dog_sosnet: Processing pair 6 from disk...
dog_sosnet: 3 match-sets in 0.36s
[Coarse] dog_sosnet pair 7: dE=-18010.3 m dN=-575.2 m (matcher@315m, support=19, peak=None) 
dog_sosnet: Processing pair 7 from disk...
dog_sosnet: 6 match-sets in 0.84s
[Coarse] dog_sosnet pair 8: dE=-17784.5 m dN=-355.4 m (matcher@315m, support=19, peak=None) 
dog_sosnet: Processing pair 8 from disk...
dog_sosnet: 6 match-sets in 0.86s
[Coarse] dog_sosnet pair 9: dE=-17955.0 m dN=-579.3 m (matcher@315m, support=31, peak=None) 
dog_sosnet: Processing pair 9 from disk...
dog_sosnet: 6 match-sets in 0.83s
[Coarse] dog_sosnet pair 10: dE=-17784.5 m dN=-355.4 m (from-pair-8 (phasecorr disagreed), support=None, peak=0.04791493653487985) 
dog_sosnet: Processing pair 10 from disk...
dog_sosnet: 4 match-sets in 0.71s
[Coarse] dog_sosnet pair 11: dE=-17784.5 m dN=-355.4 m (from-pair-10, support=None, peak=None) 
dog_sosnet: Processing pair 11 from disk...
dog_sosnet: 4 match-sets in 0.72s
[Coarse] dog_sosnet pair 12: dE=-17784.5 m dN=-355.4 m (from-pair-8 (phasecorr disagreed), support=None, peak=0.1047012765466431) 
dog_sosnet: Processing pair 12 from disk...
dog_sosnet: 0 match-sets in 0.00s
[Coarse] dog_sosnet pair 13: dE=-17784.5 m dN=-355.4 m (from-pair-8 (phasecorr disagreed), support=None, peak=0.09384612739086151) 
dog_sosnet: Processing pair 13 from disk...
dog_sosnet: 0 match-sets in 0.00s
[Coarse] dog_sosnet pair 14: dE=-17908.7 m dN=-255.7 m (matcher@315m, support=192, peak=None) 
dog_sosnet: Processing pair 14 from disk...
dog_sosnet: 6 match-sets in 0.94s
[Coarse] dog_sosnet pair 15: dE=-17925.2 m dN=-263.8 m (matcher@315m, support=292, peak=None) 
dog_sosnet: Processing pair 15 from disk...
dog_sosnet: 6 match-sets in 0.94s
[Coarse] dog_sosnet pair 16: dE=-17955.0 m dN=-189.4 m (matcher@315m, support=111, peak=None) 
dog_sosnet: Processing pair 16 from disk...
dog_sosnet: 6 match-sets in 0.70s
[Coarse] dog_sosnet pair 17: dE=-17955.0 m dN=-250.3 m (matcher@315m, support=228, peak=None) 
dog_sosnet: Processing pair 17 from disk...
dog_sosnet: 6 match-sets in 0.70s
[Coarse] dog_sosnet pair 18: dE=-17870.0 m dN=-274.2 m (from-pair-25 (phasecorr disagreed), support=None, peak=0.06863816733713503) 
dog_sosnet: Processing pair 18 from disk...
dog_sosnet: 0 match-sets in 0.00s
[Coarse] dog_sosnet pair 19: dE=-17870.0 m dN=-274.2 m (from-pair-25 (phasecorr disagreed), support=None, peak=0.15104582491848204) 
dog_sosnet: Processing pair 19 from disk...
dog_sosnet: 0 match-sets in 0.00s
[Coarse] dog_sosnet pair 20: dE=-17870.0 m dN=-274.2 m (from-pair-19, support=None, peak=None) 
dog_sosnet: Processing pair 20 from disk...
dog_sosnet: 0 match-sets in 0.00s
[Coarse] dog_sosnet pair 21: dE=-17870.0 m dN=-274.2 m (from-pair-25 (phasecorr disagreed), support=None, peak=0.036990950946454645) 
dog_sosnet: Processing pair 21 from disk...
dog_sosnet: 0 match-sets in 0.00s
[Coarse] dog_sosnet pair 22: dE=-17796.8 m dN=-225.2 m (matcher@315m, support=67, peak=None) 
dog_sosnet: Processing pair 22 from disk...
dog_sosnet: 6 match-sets in 1.06s
[Coarse] dog_sosnet pair 23: dE=-17922.4 m dN=-252.7 m (matcher@315m, support=77, peak=None) 
dog_sosnet: Processing pair 23 from disk...
dog_sosnet: 6 match-sets in 0.79s
[Coarse] dog_sosnet pair 24: dE=-17796.5 m dN=-253.9 m (matcher@315m, support=93, peak=None) 
dog_sosnet: Processing pair 24 from disk...
dog_sosnet: 6 match-sets in 0.78s
[Coarse] dog_sosnet pair 25: dE=-17870.0 m dN=-274.2 m (matcher@315m, support=96, peak=None) 
dog_sosnet: Processing pair 25 from disk...
dog_sosnet: 6 match-sets in 0.79s
[Coarse] dog_sosnet pair 26: dE=-17922.4 m dN=-252.7 m (from-pair-27, support=None, peak=None) 
dog_sosnet: Processing pair 26 from disk...
dog_sosnet: 4 match-sets in 0.52s
[Coarse] dog_sosnet pair 27: dE=-17922.4 m dN=-252.7 m (from-pair-23 (phasecorr disagreed), support=None, peak=0.05064041456057702) 
dog_sosnet: Processing pair 27 from disk...
dog_sosnet: 5 match-sets in 0.51s
Saved:
 CHIP_STATS_ALL.csv
 CHIP_STATS_SURVIVORS.csv
 CONSENSUS_SCORES.csv
 BEST_CHIP_SET.csv
 BEST_CHIP_MANIFEST.csv
 BEST_FINAL_SUMMARY.csv
[band1] dog_sosnet ok in 0.3 min, peak GPU memory 3.3 of 39.4 GB
--------------------------------------------------------------------------------
[band1] Running dog_hynet
[dog_hynet] lgm not available for this variant -- skipped (available: smnn, ada, mnn, snn, nn, fginn)
DoG: Loading HyNet (upright=True)...
[Coarse] pair 3: no reliable coarse offset (matcher: no matches; phasecorr: {'dx': -16147.443677524008, 'dy': -26751.975000537102, 'support': None, 'n': None, 'peak': 0.00032880983234923565}); windows compared in place
[Coarse] pair 4: no reliable coarse offset (matcher: no matches; phasecorr: {'dx': 12882.472481301173, 'dy': 92621.70938170607, 'support': None, 'n': None, 'peak': -0.00012715039429841217}); windows compared in place
[Coarse] pair 5: no reliable coarse offset (matcher: no matches; phasecorr: {'dx': 3156.3479216096807, 'dy': 18300.67805989782, 'support': None, 'n': None, 'peak': 0.020832994549224774}); windows compared in place
[Coarse] pair 6: no reliable coarse offset (matcher: no matches; phasecorr: {'dx': -15852.800158210905, 'dy': 18737.59796077822, 'support': None, 'n': None, 'peak': -0.0027571213742097218}); windows compared in place
[Coarse] pair 11: no reliable coarse offset (matcher: {'dx': -18059.734375, 'dy': -171.6171875, 'support': 3, 'n': 3, 'peak': None}; phasecorr: {'dx': -18107.733154651494, 'dy': -332.5590928480355, 'support': None, 'n': None, 'peak': 0.020898853179031604}); windows compared in place
[Coarse] pair 20: no reliable coarse offset (matcher: no matches; phasecorr: {'dx': -28903.23193639674, 'dy': -12953.216285335406, 'support': None, 'n': None, 'peak': 0.008737401829825507}); windows compared in place
[Coarse] pair 26: no reliable coarse offset (matcher: no matches; phasecorr: {'dx': -96306.08142606622, 'dy': -17142.367293993742, 'support': None, 'n': None, 'peak': 0.02253384519977334}); windows compared in place
[Coarse] pair 2: phase correlation gave dE=-8934 m dN=5487 m, 10.5 km from every offset the matcher measured; using pair 9's (dE=-17955 m dN=-576 m)
[Coarse] pair 10: phase correlation gave dE=43169 m dN=-4147 m, 61.1 km from every offset the matcher measured; using pair 8's (dE=-17940 m dN=-354 m)
[Coarse] pair 12: phase correlation gave dE=-1877 m dN=10017 m, 18.9 km from every offset the matcher measured; using pair 8's (dE=-17940 m dN=-354 m)
[Coarse] pair 13: phase correlation gave dE=7584 m dN=8567 m, 26.8 km from every offset the matcher measured; using pair 8's (dE=-17940 m dN=-354 m)
[Coarse] pair 18: phase correlation gave dE=744 m dN=-16615 m, 24.6 km from every offset the matcher measured; using pair 25's (dE=-17807 m dN=-275 m)
[Coarse] pair 19: phase correlation gave dE=11920 m dN=-17918 m, 34.5 km from every offset the matcher measured; using pair 25's (dE=-17807 m dN=-275 m)
[Coarse] pair 21: phase correlation gave dE=-11414 m dN=-17047 m, 17.7 km from every offset the matcher measured; using pair 25's (dE=-17807 m dN=-275 m)
[Coarse] pair 27: phase correlation gave dE=-97898 m dN=-6012 m, 80.1 km from every offset the matcher measured; using pair 23's (dE=-17925 m dN=-258 m)
[Coarse] dog_hynet pair 1: dE=-18062.2 m dN=-904.8 m (phasecorr@315m, support=None, peak=0.03257782713572184) 
dog_hynet: Processing pair 1 from disk...
dog_hynet: 6 match-sets in 0.37s
[Coarse] dog_hynet pair 2: dE=-17955.0 m dN=-576.0 m (from-pair-9 (phasecorr disagreed), support=None, peak=0.03413578109976686) 
dog_hynet: Processing pair 2 from disk...
dog_hynet: 5 match-sets in 0.36s
[Coarse] dog_hynet pair 3: dE=-18062.2 m dN=-904.8 m (from-pair-1, support=None, peak=None) 
dog_hynet: Processing pair 3 from disk...
dog_hynet: 4 match-sets in 0.35s
[Coarse] dog_hynet pair 4: dE=-17955.0 m dN=-576.0 m (from-pair-2, support=None, peak=None) 
dog_hynet: Processing pair 4 from disk...
dog_hynet: 5 match-sets in 0.41s
[Coarse] dog_hynet pair 5: dE=-17955.0 m dN=-576.0 m (from-pair-2, support=None, peak=None) 
dog_hynet: Processing pair 5 from disk...
dog_hynet: 4 match-sets in 0.39s
[Coarse] dog_hynet pair 6: dE=-17955.0 m dN=-576.0 m (from-pair-2, support=None, peak=None) 
dog_hynet: Processing pair 6 from disk...
dog_hynet: 3 match-sets in 0.39s
[Coarse] dog_hynet pair 7: dE=-18012.3 m dN=-574.8 m (matcher@315m, support=21, peak=None) 
dog_hynet: Processing pair 7 from disk...
dog_hynet: 6 match-sets in 1.00s
[Coarse] dog_hynet pair 8: dE=-17940.3 m dN=-353.9 m (matcher@315m, support=18, peak=None) 
dog_hynet: Processing pair 8 from disk...
dog_hynet: 6 match-sets in 1.07s
[Coarse] dog_hynet pair 9: dE=-17955.0 m dN=-576.0 m (matcher@315m, support=28, peak=None) 
dog_hynet: Processing pair 9 from disk...
dog_hynet: 6 match-sets in 1.04s
[Coarse] dog_hynet pair 10: dE=-17940.3 m dN=-353.9 m (from-pair-8 (phasecorr disagreed), support=None, peak=0.04791493653487985) 
dog_hynet: Processing pair 10 from disk...
dog_hynet: 4 match-sets in 0.84s
[Coarse] dog_hynet pair 11: dE=-17940.3 m dN=-353.9 m (from-pair-10, support=None, peak=None) 
dog_hynet: Processing pair 11 from disk...
dog_hynet: 4 match-sets in 0.86s
[Coarse] dog_hynet pair 12: dE=-17940.3 m dN=-353.9 m (from-pair-8 (phasecorr disagreed), support=None, peak=0.1047012765466431) 
dog_hynet: Processing pair 12 from disk...
dog_hynet: 0 match-sets in 0.00s
[Coarse] dog_hynet pair 13: dE=-17940.3 m dN=-353.9 m (from-pair-8 (phasecorr disagreed), support=None, peak=0.09384612739086151) 
dog_hynet: Processing pair 13 from disk...
dog_hynet: 0 match-sets in 0.00s
[Coarse] dog_hynet pair 14: dE=-17910.3 m dN=-48.6 m (matcher@315m, support=159, peak=None) 
dog_hynet: Processing pair 14 from disk...
dog_hynet: 6 match-sets in 1.46s
[Coarse] dog_hynet pair 15: dE=-17927.1 m dN=-263.1 m (matcher@315m, support=264, peak=None) 
dog_hynet: Processing pair 15 from disk...
dog_hynet: 6 match-sets in 1.15s
[Coarse] dog_hynet pair 16: dE=-17955.0 m dN=-100.3 m (matcher@315m, support=116, peak=None) 
dog_hynet: Processing pair 16 from disk...
dog_hynet: 6 match-sets in 0.85s
[Coarse] dog_hynet pair 17: dE=-17955.0 m dN=-248.6 m (matcher@315m, support=210, peak=None) 
dog_hynet: Processing pair 17 from disk...
dog_hynet: 6 match-sets in 0.84s
[Coarse] dog_hynet pair 18: dE=-17806.5 m dN=-275.1 m (from-pair-25 (phasecorr disagreed), support=None, peak=0.06863816733713503) 
dog_hynet: Processing pair 18 from disk...
dog_hynet: 0 match-sets in 0.00s
[Coarse] dog_hynet pair 19: dE=-17806.5 m dN=-275.1 m (from-pair-25 (phasecorr disagreed), support=None, peak=0.15104582491848204) 
dog_hynet: Processing pair 19 from disk...
dog_hynet: 0 match-sets in 0.00s
[Coarse] dog_hynet pair 20: dE=-17806.5 m dN=-275.1 m (from-pair-19, support=None, peak=None) 
dog_hynet: Processing pair 20 from disk...
dog_hynet: 0 match-sets in 0.00s
[Coarse] dog_hynet pair 21: dE=-17806.5 m dN=-275.1 m (from-pair-25 (phasecorr disagreed), support=None, peak=0.036990950946454645) 
dog_hynet: Processing pair 21 from disk...
dog_hynet: 0 match-sets in 0.00s
[Coarse] dog_hynet pair 22: dE=-17794.9 m dN=-100.0 m (matcher@315m, support=54, peak=None) 
dog_hynet: Processing pair 22 from disk...
dog_hynet: 6 match-sets in 0.96s
[Coarse] dog_hynet pair 23: dE=-17925.0 m dN=-257.8 m (matcher@315m, support=68, peak=None) 
dog_hynet: Processing pair 23 from disk...
dog_hynet: 6 match-sets in 0.96s
[Coarse] dog_hynet pair 24: dE=-17797.6 m dN=-240.1 m (matcher@315m, support=71, peak=None) 
dog_hynet: Processing pair 24 from disk...
dog_hynet: 6 match-sets in 0.92s
[Coarse] dog_hynet pair 25: dE=-17806.5 m dN=-275.1 m (matcher@315m, support=86, peak=None) 
dog_hynet: Processing pair 25 from disk...
dog_hynet: 6 match-sets in 0.94s
[Coarse] dog_hynet pair 26: dE=-17925.0 m dN=-257.8 m (from-pair-27, support=None, peak=None) 
dog_hynet: Processing pair 26 from disk...
dog_hynet: 5 match-sets in 0.60s
[Coarse] dog_hynet pair 27: dE=-17925.0 m dN=-257.8 m (from-pair-23 (phasecorr disagreed), support=None, peak=0.05064041456057702) 
dog_hynet: Processing pair 27 from disk...
dog_hynet: 4 match-sets in 0.60s
Saved:
 CHIP_STATS_ALL.csv
 CHIP_STATS_SURVIVORS.csv
 CONSENSUS_SCORES.csv
 BEST_CHIP_SET.csv
 BEST_CHIP_MANIFEST.csv
 BEST_FINAL_SUMMARY.csv
[band1] dog_hynet ok in 0.4 min, peak GPU memory 4.5 of 39.4 GB
--------------------------------------------------------------------------------
[band1] Running dog_tfeat
[dog_tfeat] lgm not available for this variant -- skipped (available: smnn, ada, mnn, snn, nn, fginn)
DoG: Loading TFeat (upright=True)...
[band1] dog_tfeat SKIPPED -- model not available (see message above)
[band1] dog_tfeat failed in 0.0 min, peak GPU memory 0.0 of 39.4 GB
--------------------------------------------------------------------------------
[band1] Running gftt
GFTT-AffNet-HardNet: Loading (upright=True)...
[Coarse] pair 3: no reliable coarse offset (matcher: no matches; phasecorr: {'dx': -16147.443677524008, 'dy': -26751.975000537102, 'support': None, 'n': None, 'peak': 0.00032880983234923565}); windows compared in place
[Coarse] pair 4: no reliable coarse offset (matcher: no matches; phasecorr: {'dx': 12882.472481301173, 'dy': 92621.70938170607, 'support': None, 'n': None, 'peak': -0.00012715039429841217}); windows compared in place
[Coarse] pair 5: no reliable coarse offset (matcher: no matches; phasecorr: {'dx': 3156.3479216096807, 'dy': 18300.67805989782, 'support': None, 'n': None, 'peak': 0.020832994549224774}); windows compared in place
[Coarse] pair 6: no reliable coarse offset (matcher: no matches; phasecorr: {'dx': -15852.800158210905, 'dy': 18737.59796077822, 'support': None, 'n': None, 'peak': -0.0027571213742097218}); windows compared in place
[Coarse] pair 8: no reliable coarse offset (matcher: {'dx': -17699.0625, 'dy': -572.12890625, 'support': 3, 'n': 3, 'peak': None}; phasecorr: {'dx': -18002.059573769864, 'dy': -489.60497923140906, 'support': None, 'n': None, 'peak': 0.011968647486368816}); windows compared in place
[Coarse] pair 11: no reliable coarse offset (matcher: {'dx': -17955.0, 'dy': -315.0, 'support': 5, 'n': 5, 'peak': None}; phasecorr: {'dx': -18107.733154651494, 'dy': -332.5590928480355, 'support': None, 'n': None, 'peak': 0.020898853179031604}); windows compared in place
[Coarse] pair 20: no reliable coarse offset (matcher: no matches; phasecorr: {'dx': -28903.23193639674, 'dy': -12953.216285335406, 'support': None, 'n': None, 'peak': 0.008737401829825507}); windows compared in place
[Coarse] pair 26: no reliable coarse offset (matcher: no matches; phasecorr: {'dx': -96306.08142606622, 'dy': -17142.367293993742, 'support': None, 'n': None, 'peak': 0.02253384519977334}); windows compared in place
[Coarse] pair 2: phase correlation gave dE=-8934 m dN=5487 m, 10.4 km from every offset the matcher measured; using pair 9's (dE=-17955 m dN=-566 m)
[Coarse] pair 10: phase correlation gave dE=43169 m dN=-4147 m, 60.9 km from every offset the matcher measured; using pair 7's (dE=-17806 m dN=-571 m)
[Coarse] pair 12: phase correlation gave dE=-1877 m dN=10017 m, 18.8 km from every offset the matcher measured; using pair 7's (dE=-17806 m dN=-571 m)
[Coarse] pair 13: phase correlation gave dE=7584 m dN=8567 m, 26.7 km from every offset the matcher measured; using pair 7's (dE=-17806 m dN=-571 m)
[Coarse] pair 18: phase correlation gave dE=744 m dN=-16615 m, 24.5 km from every offset the matcher measured; using pair 25's (dE=-17656 m dN=-270 m)
[Coarse] pair 19: phase correlation gave dE=11920 m dN=-17918 m, 34.4 km from every offset the matcher measured; using pair 25's (dE=-17656 m dN=-270 m)
[Coarse] pair 21: phase correlation gave dE=-11414 m dN=-17047 m, 17.7 km from every offset the matcher measured; using pair 25's (dE=-17656 m dN=-270 m)
[Coarse] pair 27: phase correlation gave dE=-97898 m dN=-6012 m, 80.1 km from every offset the matcher measured; using pair 23's (dE=-17930 m dN=-53 m)
[Coarse] gftt pair 1: dE=-18062.2 m dN=-904.8 m (phasecorr@315m, support=None, peak=0.03257782713572184) 
gftt: Processing pair 1 from disk...
gftt: 5 match-sets in 0.71s
[Coarse] gftt pair 2: dE=-17955.0 m dN=-566.2 m (from-pair-9 (phasecorr disagreed), support=None, peak=0.03413578109976686) 
gftt: Processing pair 2 from disk...
gftt: 5 match-sets in 0.61s
[Coarse] gftt pair 3: dE=-18062.2 m dN=-904.8 m (from-pair-1, support=None, peak=None) 
gftt: Processing pair 3 from disk...
gftt: 5 match-sets in 0.82s
[Coarse] gftt pair 4: dE=-17955.0 m dN=-566.2 m (from-pair-2, support=None, peak=None) 
gftt: Processing pair 4 from disk...
gftt: 5 match-sets in 0.83s
[Coarse] gftt pair 5: dE=-17955.0 m dN=-566.2 m (from-pair-2, support=None, peak=None) 
gftt: Processing pair 5 from disk...
gftt: 5 match-sets in 0.71s
[Coarse] gftt pair 6: dE=-17955.0 m dN=-566.2 m (from-pair-2, support=None, peak=None) 
gftt: Processing pair 6 from disk...
gftt: 5 match-sets in 0.70s
[Coarse] gftt pair 7: dE=-17805.9 m dN=-570.8 m (matcher@315m, support=22, peak=None) 
gftt: Processing pair 7 from disk...
gftt: 6 match-sets in 1.38s
[Coarse] gftt pair 8: dE=-17805.9 m dN=-570.8 m (from-pair-7, support=None, peak=None) 
gftt: Processing pair 8 from disk...
gftt: 5 match-sets in 1.89s
[Coarse] gftt pair 9: dE=-17955.0 m dN=-566.2 m (matcher@315m, support=24, peak=None) 
gftt: Processing pair 9 from disk...
gftt: 6 match-sets in 1.39s
[Coarse] gftt pair 10: dE=-17805.9 m dN=-570.8 m (from-pair-7 (phasecorr disagreed), support=None, peak=0.04791493653487985) 
gftt: Processing pair 10 from disk...
gftt: 4 match-sets in 1.18s
[Coarse] gftt pair 11: dE=-17805.9 m dN=-570.8 m (from-pair-10, support=None, peak=None) 
gftt: Processing pair 11 from disk...
gftt: 5 match-sets in 1.17s
[Coarse] gftt pair 12: dE=-17805.9 m dN=-570.8 m (from-pair-7 (phasecorr disagreed), support=None, peak=0.1047012765466431) 
gftt: Processing pair 12 from disk...
gftt: 0 match-sets in 0.00s
[Coarse] gftt pair 13: dE=-17805.9 m dN=-570.8 m (from-pair-7 (phasecorr disagreed), support=None, peak=0.09384612739086151) 
gftt: Processing pair 13 from disk...
gftt: 0 match-sets in 0.00s
[Coarse] gftt pair 14: dE=-17908.4 m dN=-252.9 m (matcher@315m, support=109, peak=None) 
gftt: Processing pair 14 from disk...
gftt: 6 match-sets in 1.48s
[Coarse] gftt pair 15: dE=-17922.5 m dN=-255.5 m (matcher@315m, support=194, peak=None) 
gftt: Processing pair 15 from disk...
gftt: 6 match-sets in 1.42s
[Coarse] gftt pair 16: dE=-17955.0 m dN=-179.2 m (matcher@315m, support=75, peak=None) 
gftt: Processing pair 16 from disk...
gftt: 6 match-sets in 1.15s
[Coarse] gftt pair 17: dE=-17955.0 m dN=-254.0 m (matcher@315m, support=174, peak=None) 
gftt: Processing pair 17 from disk...
gftt: 6 match-sets in 1.05s
[Coarse] gftt pair 18: dE=-17655.8 m dN=-269.9 m (from-pair-25 (phasecorr disagreed), support=None, peak=0.06863816733713503) 
gftt: Processing pair 18 from disk...
gftt: 0 match-sets in 0.00s
[Coarse] gftt pair 19: dE=-17655.8 m dN=-269.9 m (from-pair-25 (phasecorr disagreed), support=None, peak=0.15104582491848204) 
gftt: Processing pair 19 from disk...
gftt: 0 match-sets in 0.00s
[Coarse] gftt pair 20: dE=-17655.8 m dN=-269.9 m (from-pair-19, support=None, peak=None) 
gftt: Processing pair 20 from disk...
gftt: 0 match-sets in 0.00s
[Coarse] gftt pair 21: dE=-17655.8 m dN=-269.9 m (from-pair-25 (phasecorr disagreed), support=None, peak=0.036990950946454645) 
gftt: Processing pair 21 from disk...
gftt: 0 match-sets in 0.00s
[Coarse] gftt pair 22: dE=-17955.0 m dN=-262.6 m (matcher@315m, support=44, peak=None) 
gftt: Processing pair 22 from disk...
gftt: 6 match-sets in 1.12s
[Coarse] gftt pair 23: dE=-17930.4 m dN=-52.7 m (matcher@315m, support=37, peak=None) 
gftt: Processing pair 23 from disk...
gftt: 6 match-sets in 1.06s
[Coarse] gftt pair 24: dE=-17640.0 m dN=-253.5 m (matcher@315m, support=35, peak=None) 
gftt: Processing pair 24 from disk...
gftt: 6 match-sets in 1.13s
[Coarse] gftt pair 25: dE=-17655.8 m dN=-269.9 m (matcher@315m, support=37, peak=None) 
gftt: Processing pair 25 from disk...
gftt: 6 match-sets in 1.34s
[Coarse] gftt pair 26: dE=-17930.4 m dN=-52.7 m (from-pair-27, support=None, peak=None) 
gftt: Processing pair 26 from disk...
gftt: 4 match-sets in 0.78s
[Coarse] gftt pair 27: dE=-17930.4 m dN=-52.7 m (from-pair-23 (phasecorr disagreed), support=None, peak=0.05064041456057702) 
gftt: Processing pair 27 from disk...
gftt: 4 match-sets in 0.79s
Saved:
 CHIP_STATS_ALL.csv
 CHIP_STATS_SURVIVORS.csv
 CONSENSUS_SCORES.csv
 BEST_CHIP_SET.csv
 BEST_CHIP_MANIFEST.csv
 BEST_FINAL_SUMMARY.csv
[band1] gftt ok in 0.7 min, peak GPU memory 4.7 of 39.4 GB
--------------------------------------------------------------------------------
[band1] Running hessian
Hessian-AffNet-HardNet: Loading (upright=True)...
[Coarse] pair 3: no reliable coarse offset (matcher: no matches; phasecorr: {'dx': -16147.443677524008, 'dy': -26751.975000537102, 'support': None, 'n': None, 'peak': 0.00032880983234923565}); windows compared in place
[Coarse] pair 4: no reliable coarse offset (matcher: {'dx': -17772.03125, 'dy': -194.220703125, 'support': 3, 'n': 4, 'peak': None}; phasecorr: {'dx': 12882.472481301173, 'dy': 92621.70938170607, 'support': None, 'n': None, 'peak': -0.00012715039429841217}); windows compared in place
[Coarse] pair 5: no reliable coarse offset (matcher: no matches; phasecorr: {'dx': 3156.3479216096807, 'dy': 18300.67805989782, 'support': None, 'n': None, 'peak': 0.020832994549224774}); windows compared in place
[Coarse] pair 6: no reliable coarse offset (matcher: no matches; phasecorr: {'dx': -15852.800158210905, 'dy': 18737.59796077822, 'support': None, 'n': None, 'peak': -0.0027571213742097218}); windows compared in place
[Coarse] pair 11: no reliable coarse offset (matcher: {'dx': -17730.67578125, 'dy': -719.4443359375, 'support': 4, 'n': 5, 'peak': None}; phasecorr: {'dx': -18107.733154651494, 'dy': -332.5590928480355, 'support': None, 'n': None, 'peak': 0.020898853179031604}); windows compared in place
[Coarse] pair 20: no reliable coarse offset (matcher: no matches; phasecorr: {'dx': -28903.23193639674, 'dy': -12953.216285335406, 'support': None, 'n': None, 'peak': 0.008737401829825507}); windows compared in place
[Coarse] pair 26: no reliable coarse offset (matcher: no matches; phasecorr: {'dx': -96306.08142606622, 'dy': -17142.367293993742, 'support': None, 'n': None, 'peak': 0.02253384519977334}); windows compared in place
[Coarse] pair 2: phase correlation gave dE=-8934 m dN=5487 m, 10.5 km from every offset the matcher measured; using pair 1's (dE=-18034 m dN=-813 m)
[Coarse] pair 10: phase correlation gave dE=43169 m dN=-4147 m, 60.9 km from every offset the matcher measured; using pair 8's (dE=-17822 m dN=-416 m)
[Coarse] pair 12: phase correlation gave dE=-1877 m dN=10017 m, 18.8 km from every offset the matcher measured; using pair 8's (dE=-17822 m dN=-416 m)
[Coarse] pair 13: phase correlation gave dE=7584 m dN=8567 m, 26.7 km from every offset the matcher measured; using pair 8's (dE=-17822 m dN=-416 m)
[Coarse] pair 18: phase correlation gave dE=744 m dN=-16615 m, 24.5 km from every offset the matcher measured; using pair 25's (dE=-17654 m dN=-276 m)
[Coarse] pair 19: phase correlation gave dE=11920 m dN=-17918 m, 34.4 km from every offset the matcher measured; using pair 25's (dE=-17654 m dN=-276 m)
[Coarse] pair 21: phase correlation gave dE=-11414 m dN=-17047 m, 17.5 km from every offset the matcher measured; using pair 25's (dE=-17654 m dN=-276 m)
[Coarse] pair 27: phase correlation gave dE=-97898 m dN=-6012 m, 80.0 km from every offset the matcher measured; using pair 23's (dE=-17715 m dN=-264 m)
[Coarse] hessian pair 1: dE=-18033.8 m dN=-813.4 m (matcher@315m, support=10, peak=None) 
hessian: Processing pair 1 from disk...
hessian: 6 match-sets in 0.60s
[Coarse] hessian pair 2: dE=-18033.8 m dN=-813.4 m (from-pair-1 (phasecorr disagreed), support=None, peak=0.03413578109976686) 
hessian: Processing pair 2 from disk...
hessian: 6 match-sets in 0.58s
[Coarse] hessian pair 3: dE=-18033.8 m dN=-813.4 m (from-pair-1, support=None, peak=None) 
hessian: Processing pair 3 from disk...
hessian: 5 match-sets in 0.48s
[Coarse] hessian pair 4: dE=-18033.8 m dN=-813.4 m (from-pair-2, support=None, peak=None) 
hessian: Processing pair 4 from disk...
hessian: 6 match-sets in 0.67s
[Coarse] hessian pair 5: dE=-18033.8 m dN=-813.4 m (from-pair-2, support=None, peak=None) 
hessian: Processing pair 5 from disk...
hessian: 5 match-sets in 0.67s
[Coarse] hessian pair 6: dE=-18033.8 m dN=-813.4 m (from-pair-2, support=None, peak=None) 
hessian: Processing pair 6 from disk...
hessian: 5 match-sets in 0.63s
[Coarse] hessian pair 7: dE=-17955.0 m dN=-573.5 m (matcher@315m, support=17, peak=None) 
hessian: Processing pair 7 from disk...
hessian: 6 match-sets in 1.31s
[Coarse] hessian pair 8: dE=-17822.1 m dN=-415.8 m (matcher@315m, support=10, peak=None) 
hessian: Processing pair 8 from disk...
hessian: 6 match-sets in 1.32s
[Coarse] hessian pair 9: dE=-18023.0 m dN=-603.4 m (matcher@315m, support=22, peak=None) 
hessian: Processing pair 9 from disk...
hessian: 6 match-sets in 1.30s
[Coarse] hessian pair 10: dE=-17822.1 m dN=-415.8 m (from-pair-8 (phasecorr disagreed), support=None, peak=0.04791493653487985) 
hessian: Processing pair 10 from disk...
hessian: 5 match-sets in 1.09s
[Coarse] hessian pair 11: dE=-17822.1 m dN=-415.8 m (from-pair-10, support=None, peak=None) 
hessian: Processing pair 11 from disk...
hessian: 6 match-sets in 1.07s
[Coarse] hessian pair 12: dE=-17822.1 m dN=-415.8 m (from-pair-8 (phasecorr disagreed), support=None, peak=0.1047012765466431) 
hessian: Processing pair 12 from disk...
hessian: 0 match-sets in 0.00s
[Coarse] hessian pair 13: dE=-17822.1 m dN=-415.8 m (from-pair-8 (phasecorr disagreed), support=None, peak=0.09384612739086151) 
hessian: Processing pair 13 from disk...
hessian: 0 match-sets in 0.00s
[Coarse] hessian pair 14: dE=-17915.2 m dN=-261.0 m (matcher@315m, support=154, peak=None) 
hessian: Processing pair 14 from disk...
hessian: 6 match-sets in 1.43s
[Coarse] hessian pair 15: dE=-17928.5 m dN=-261.0 m (matcher@315m, support=276, peak=None) 
hessian: Processing pair 15 from disk...
hessian: 6 match-sets in 1.41s
[Coarse] hessian pair 16: dE=-18055.1 m dN=-162.1 m (matcher@315m, support=104, peak=None) 
hessian: Processing pair 16 from disk...
hessian: 6 match-sets in 1.08s
[Coarse] hessian pair 17: dE=-17955.0 m dN=-208.4 m (matcher@315m, support=259, peak=None) 
hessian: Processing pair 17 from disk...
hessian: 6 match-sets in 1.06s
[Coarse] hessian pair 18: dE=-17654.4 m dN=-276.4 m (from-pair-25 (phasecorr disagreed), support=None, peak=0.06863816733713503) 
hessian: Processing pair 18 from disk...
hessian: 0 match-sets in 0.00s
[Coarse] hessian pair 19: dE=-17654.4 m dN=-276.4 m (from-pair-25 (phasecorr disagreed), support=None, peak=0.15104582491848204) 
hessian: Processing pair 19 from disk...
hessian: 0 match-sets in 0.00s
[Coarse] hessian pair 20: dE=-17654.4 m dN=-276.4 m (from-pair-19, support=None, peak=None) 
hessian: Processing pair 20 from disk...
hessian: 0 match-sets in 0.00s
[Coarse] hessian pair 21: dE=-17654.4 m dN=-276.4 m (from-pair-25 (phasecorr disagreed), support=None, peak=0.036990950946454645) 
hessian: Processing pair 21 from disk...
hessian: 0 match-sets in 0.00s
[Coarse] hessian pair 22: dE=-17793.8 m dN=-270.8 m (matcher@315m, support=77, peak=None) 
hessian: Processing pair 22 from disk...
hessian: 6 match-sets in 0.85s
[Coarse] hessian pair 23: dE=-17715.1 m dN=-264.2 m (matcher@315m, support=76, peak=None) 
hessian: Processing pair 23 from disk...
hessian: 6 match-sets in 1.20s
[Coarse] hessian pair 24: dE=-17795.4 m dN=-267.7 m (matcher@315m, support=97, peak=None) 
hessian: Processing pair 24 from disk...
hessian: 6 match-sets in 1.13s
[Coarse] hessian pair 25: dE=-17654.4 m dN=-276.4 m (matcher@315m, support=84, peak=None) 
hessian: Processing pair 25 from disk...
hessian: 6 match-sets in 1.22s
[Coarse] hessian pair 26: dE=-17715.1 m dN=-264.2 m (from-pair-27, support=None, peak=None) 
hessian: Processing pair 26 from disk...
hessian: 4 match-sets in 0.84s
[Coarse] hessian pair 27: dE=-17715.1 m dN=-264.2 m (from-pair-23 (phasecorr disagreed), support=None, peak=0.05064041456057702) 
hessian: Processing pair 27 from disk...
hessian: 5 match-sets in 0.84s
Saved:
 CHIP_STATS_ALL.csv
 CHIP_STATS_SURVIVORS.csv
 CONSENSUS_SCORES.csv
 BEST_CHIP_SET.csv
 BEST_CHIP_MANIFEST.csv
 BEST_FINAL_SUMMARY.csv
[band1] hessian ok in 0.8 min, peak GPU memory 6.4 of 39.4 GB
--------------------------------------------------------------------------------
[band1] Running loftr
LoFTR: Initializing model (outdoor weights, coarse threshold 0.2)...
[Coarse] pair 20: no reliable coarse offset (matcher: {'dx': -2323.453125, 'dy': -20244.8671875, 'support': 3, 'n': 4, 'peak': None}; phasecorr: {'dx': -28903.23193639674, 'dy': -12953.216285335406, 'support': None, 'n': None, 'peak': 0.008737401829825507}); windows compared in place
[Coarse] pair 12: phase correlation gave dE=-1877 m dN=10017 m, 17.4 km from every offset the matcher measured; using pair 8's (dE=-19880 m dN=-19473 m)
[Coarse] pair 13: phase correlation gave dE=7584 m dN=8567 m, 15.0 km from every offset the matcher measured; using pair 8's (dE=-19880 m dN=-19473 m)
[Coarse] pair 18: phase correlation gave dE=744 m dN=-16615 m, 20.2 km from every offset the matcher measured; using pair 25's (dE=20639 m dN=-20634 m)
[Coarse] pair 19: phase correlation gave dE=11920 m dN=-17918 m, 9.1 km from every offset the matcher measured; using pair 25's (dE=20639 m dN=-20634 m)
[Coarse] pair 21: phase correlation gave dE=-11414 m dN=-17047 m, 8.8 km from every offset the matcher measured; using pair 25's (dE=20639 m dN=-20634 m)
[Coarse] WARNING: loftr: the pairs' coarse offsets differ by up to 41 km, more than one image moves from place to place. Pairs with a wrong offset match the wrong ground (the chip consensus drops them when they are few); if most pairs disagree, check the input's pixel size and window size.
[Coarse] loftr pair 1: dE=-20251.2 m dN=-18948.8 m (matcher@315m, support=24, peak=None) 
loftr: Processing pair 1 from disk...
loftr: 1 match-sets in 0.03s
[Coarse] loftr pair 2: dE=-20236.5 m dN=-19269.9 m (matcher@315m, support=17, peak=None) 
loftr: Processing pair 2 from disk...
loftr: 1 match-sets in 0.03s
[Coarse] loftr pair 3: dE=-20212.0 m dN=-19266.9 m (matcher@315m, support=15, peak=None) 
loftr: Processing pair 3 from disk...
loftr: 1 match-sets in 0.03s
[Coarse] loftr pair 4: dE=-16440.0 m dN=19770.7 m (matcher@315m, support=54, peak=None) 
loftr: Processing pair 4 from disk...
loftr: 1 match-sets in 2.64s
[Coarse] loftr pair 5: dE=-16385.2 m dN=20219.4 m (matcher@315m, support=40, peak=None) 
loftr: Processing pair 5 from disk...
loftr: 1 match-sets in 0.04s
[Coarse] loftr pair 6: dE=-16397.2 m dN=20049.1 m (matcher@315m, support=42, peak=None) 
loftr: Processing pair 6 from disk...
loftr: 1 match-sets in 2.37s
[Coarse] loftr pair 7: dE=-19835.1 m dN=-19619.2 m (matcher@315m, support=120, peak=None) 
loftr: Processing pair 7 from disk...
loftr: 1 match-sets in 0.07s
[Coarse] loftr pair 8: dE=-19880.0 m dN=-19473.1 m (matcher@315m, support=110, peak=None) 
loftr: Processing pair 8 from disk...
loftr: 1 match-sets in 0.06s
[Coarse] loftr pair 9: dE=-20170.3 m dN=-19542.2 m (matcher@315m, support=125, peak=None) 
loftr: Processing pair 9 from disk...
loftr: 1 match-sets in 0.06s
[Coarse] loftr pair 10: dE=-16390.7 m dN=20119.5 m (matcher@315m, support=105, peak=None) 
loftr: Processing pair 10 from disk...
loftr: 1 match-sets in 0.05s
[Coarse] loftr pair 11: dE=-16086.0 m dN=20107.8 m (matcher@315m, support=128, peak=None) 
loftr: Processing pair 11 from disk...
loftr: 1 match-sets in 0.05s
[Coarse] loftr pair 12: dE=-19880.0 m dN=-19473.1 m (from-pair-8 (phasecorr disagreed), support=None, peak=0.1047012765466431) 
loftr: Processing pair 12 from disk...
loftr: 0 match-sets in 0.00s
[Coarse] loftr pair 13: dE=-19880.0 m dN=-19473.1 m (from-pair-8 (phasecorr disagreed), support=None, peak=0.09384612739086151) 
loftr: Processing pair 13 from disk...
loftr: 0 match-sets in 0.00s
[Coarse] loftr pair 14: dE=-20226.6 m dN=-19174.9 m (matcher@315m, support=112, peak=None) 
loftr: Processing pair 14 from disk...
loftr: 1 match-sets in 0.07s
[Coarse] loftr pair 15: dE=-20125.4 m dN=-19213.0 m (matcher@315m, support=107, peak=None) 
loftr: Processing pair 15 from disk...
loftr: 1 match-sets in 0.06s
[Coarse] loftr pair 16: dE=-16042.6 m dN=20112.9 m (matcher@315m, support=65, peak=None) 
loftr: Processing pair 16 from disk...
loftr: 1 match-sets in 0.05s
[Coarse] loftr pair 17: dE=-15999.7 m dN=20145.6 m (matcher@315m, support=80, peak=None) 
loftr: Processing pair 17 from disk...
loftr: 1 match-sets in 0.05s
[Coarse] loftr pair 18: dE=20639.0 m dN=-20634.4 m (from-pair-25 (phasecorr disagreed), support=None, peak=0.06863816733713503) 
loftr: Processing pair 18 from disk...
loftr: 0 match-sets in 0.00s
[Coarse] loftr pair 19: dE=20639.0 m dN=-20634.4 m (from-pair-25 (phasecorr disagreed), support=None, peak=0.15104582491848204) 
loftr: Processing pair 19 from disk...
loftr: 0 match-sets in 0.00s
[Coarse] loftr pair 20: dE=20639.0 m dN=-20634.4 m (from-pair-19, support=None, peak=None) 
loftr: Processing pair 20 from disk...
loftr: 0 match-sets in 0.00s
[Coarse] loftr pair 21: dE=20639.0 m dN=-20634.4 m (from-pair-25 (phasecorr disagreed), support=None, peak=0.036990950946454645) 
loftr: Processing pair 21 from disk...
loftr: 0 match-sets in 0.00s
[Coarse] loftr pair 22: dE=20671.0 m dN=-20566.1 m (matcher@315m, support=26, peak=None) 
loftr: Processing pair 22 from disk...
loftr: 1 match-sets in 3.14s
[Coarse] loftr pair 23: dE=20561.1 m dN=-20655.8 m (matcher@315m, support=23, peak=None) 
loftr: Processing pair 23 from disk...
loftr: 1 match-sets in 0.06s
[Coarse] loftr pair 24: dE=20739.0 m dN=-20652.4 m (matcher@315m, support=28, peak=None) 
loftr: Processing pair 24 from disk...
loftr: 1 match-sets in 0.06s
[Coarse] loftr pair 25: dE=20639.0 m dN=-20634.4 m (matcher@315m, support=22, peak=None) 
loftr: Processing pair 25 from disk...
loftr: 1 match-sets in 0.06s
[Coarse] loftr pair 26: dE=20555.2 m dN=16171.3 m (matcher@315m, support=47, peak=None) 
loftr: Processing pair 26 from disk...
loftr: 1 match-sets in 3.65s
[Coarse] loftr pair 27: dE=20680.1 m dN=16084.7 m (matcher@315m, support=26, peak=None) 
loftr: Processing pair 27 from disk...
loftr: 1 match-sets in 0.05s
Saved:
 CHIP_STATS_ALL.csv
 CHIP_STATS_SURVIVORS.csv
 CONSENSUS_SCORES.csv
 BEST_CHIP_SET.csv
 BEST_CHIP_MANIFEST.csv
 BEST_FINAL_SUMMARY.csv
[band1] loftr ok in 1.5 min, peak GPU memory 32.8 of 39.4 GB
--------------------------------------------------------------------------------
[band1] Running loftr-windoor
LoFTR: Initializing model (indoor weights, coarse threshold 0.2)...
[band1] loftr-windoor SKIPPED -- model not available (see message above)
[band1] loftr-windoor failed in 0.0 min, peak GPU memory 0.0 of 39.4 GB
--------------------------------------------------------------------------------
[band1] Running loftr-windoornew
LoFTR: Initializing model (indoor_new weights, coarse threshold 0.2)...
[band1] loftr-windoornew SKIPPED -- model not available (see message above)
[band1] loftr-windoornew failed in 0.0 min, peak GPU memory 0.0 of 39.4 GB
--------------------------------------------------------------------------------
[band1] Running imw-sp-lg-kt0p2
[imw-sp-lg] Loading model...
Loaded SuperPoint model
[imw-sp-lg-kt0p2] warm-up on a synthetic pair failed (IndexError: max(): Expected reduction dim 1 to have non-zero size.) -- carrying on with the real windows
[Coarse] pair 3: no reliable coarse offset (matcher: no matches; phasecorr: {'dx': -16147.443677524008, 'dy': -26751.975000537102, 'support': None, 'n': None, 'peak': 0.00032880983234923565}); windows compared in place
[Coarse] pair 4: no reliable coarse offset (matcher: no matches; phasecorr: {'dx': 12882.472481301173, 'dy': 92621.70938170607, 'support': None, 'n': None, 'peak': -0.00012715039429841217}); windows compared in place
[Coarse] pair 5: no reliable coarse offset (matcher: no matches; phasecorr: {'dx': 3156.3479216096807, 'dy': 18300.67805989782, 'support': None, 'n': None, 'peak': 0.020832994549224774}); windows compared in place
[Coarse] pair 6: no reliable coarse offset (matcher: no matches; phasecorr: {'dx': -15852.800158210905, 'dy': 18737.59796077822, 'support': None, 'n': None, 'peak': -0.0027571213742097218}); windows compared in place
[Coarse] pair 7: no reliable coarse offset (matcher: no matches; phasecorr: {'dx': -17660.72648465004, 'dy': -478.5174601560547, 'support': None, 'n': None, 'peak': 0.0218074359204816}); windows compared in place
[Coarse] pair 8: no reliable coarse offset (matcher: no matches; phasecorr: {'dx': -18002.059573769864, 'dy': -489.60497923140906, 'support': None, 'n': None, 'peak': 0.011968647486368816}); windows compared in place
[Coarse] pair 11: no reliable coarse offset (matcher: no matches; phasecorr: {'dx': -18107.733154651494, 'dy': -332.5590928480355, 'support': None, 'n': None, 'peak': 0.020898853179031604}); windows compared in place
[Coarse] pair 20: no reliable coarse offset (matcher: IndexError: max(): Expected reduction dim 1 to have non-zero size.; phasecorr: {'dx': -28903.23193639674, 'dy': -12953.216285335406, 'support': None, 'n': None, 'peak': 0.008737401829825507}); windows compared in place
[Coarse] pair 26: no reliable coarse offset (matcher: no matches; phasecorr: {'dx': -96306.08142606622, 'dy': -17142.367293993742, 'support': None, 'n': None, 'peak': 0.02253384519977334}); windows compared in place
[Coarse] pair 2: phase correlation gave dE=-8934 m dN=5487 m, 10.6 km from every offset the matcher measured; using pair 14's (dE=-17955 m dN=0 m)
[Coarse] pair 10: phase correlation gave dE=43169 m dN=-4147 m, 61.2 km from every offset the matcher measured; using pair 14's (dE=-17955 m dN=0 m)
[Coarse] pair 12: phase correlation gave dE=-1877 m dN=10017 m, 18.9 km from every offset the matcher measured; using pair 14's (dE=-17955 m dN=0 m)
[Coarse] pair 13: phase correlation gave dE=7584 m dN=8567 m, 26.9 km from every offset the matcher measured; using pair 14's (dE=-17955 m dN=0 m)
[Coarse] pair 18: phase correlation gave dE=744 m dN=-16615 m, 24.8 km from every offset the matcher measured; using pair 22's (dE=-17955 m dN=-315 m)
[Coarse] pair 19: phase correlation gave dE=11920 m dN=-17918 m, 34.7 km from every offset the matcher measured; using pair 22's (dE=-17955 m dN=-315 m)
[Coarse] pair 21: phase correlation gave dE=-11414 m dN=-17047 m, 18.0 km from every offset the matcher measured; using pair 22's (dE=-17955 m dN=-315 m)
[Coarse] pair 27: phase correlation gave dE=-97898 m dN=-6012 m, 80.1 km from every offset the matcher measured; using pair 22's (dE=-17955 m dN=-315 m)
[Coarse] imw-sp-lg-kt0p2 pair 1: dE=-18062.2 m dN=-904.8 m (phasecorr@315m, support=None, peak=0.03257782713572184) 
imw-sp-lg-kt0p2: Processing pair 1 from disk...
imw-sp-lg-kt0p2: 1 match-sets in 0.13s
[Coarse] imw-sp-lg-kt0p2 pair 2: dE=-17955.0 m dN=0.0 m (from-pair-14 (phasecorr disagreed), support=None, peak=0.03413578109976686) 
imw-sp-lg-kt0p2: Processing pair 2 from disk...
imw-sp-lg-kt0p2: 0 match-sets in 0.06s
[Coarse] imw-sp-lg-kt0p2 pair 3: dE=-18062.2 m dN=-904.8 m (from-pair-1, support=None, peak=None) 
imw-sp-lg-kt0p2: Processing pair 3 from disk...
imw-sp-lg-kt0p2: 1 match-sets in 0.07s
[Coarse] imw-sp-lg-kt0p2 pair 4: dE=-17955.0 m dN=0.0 m (from-pair-2, support=None, peak=None) 
imw-sp-lg-kt0p2: Processing pair 4 from disk...
imw-sp-lg-kt0p2: 0 match-sets in 0.15s
[Coarse] imw-sp-lg-kt0p2 pair 5: dE=-17955.0 m dN=0.0 m (from-pair-2, support=None, peak=None) 
imw-sp-lg-kt0p2: Processing pair 5 from disk...
imw-sp-lg-kt0p2: 0 match-sets in 0.31s
[Coarse] imw-sp-lg-kt0p2 pair 6: dE=-17955.0 m dN=0.0 m (from-pair-2, support=None, peak=None) 
imw-sp-lg-kt0p2: Processing pair 6 from disk...
imw-sp-lg-kt0p2: 0 match-sets in 0.07s
[Coarse] imw-sp-lg-kt0p2 pair 7: dE=-17790.5 m dN=-428.0 m (from-pair-9, support=None, peak=None) 
imw-sp-lg-kt0p2: Processing pair 7 from disk...
imw-sp-lg-kt0p2: 1 match-sets in 1.14s
[Coarse] imw-sp-lg-kt0p2 pair 8: dE=-17790.5 m dN=-428.0 m (from-pair-9, support=None, peak=None) 
imw-sp-lg-kt0p2: Processing pair 8 from disk...
imw-sp-lg-kt0p2: 0 match-sets in 1.05s
[Coarse] imw-sp-lg-kt0p2 pair 9: dE=-17790.5 m dN=-428.0 m (phasecorr@315m, support=None, peak=0.031066529352914596) 
imw-sp-lg-kt0p2: Processing pair 9 from disk...
imw-sp-lg-kt0p2: 1 match-sets in 0.93s
[Coarse] imw-sp-lg-kt0p2 pair 10: dE=-17955.0 m dN=0.0 m (from-pair-14 (phasecorr disagreed), support=None, peak=0.04791493653487985) 
imw-sp-lg-kt0p2: Processing pair 10 from disk...
imw-sp-lg-kt0p2: 0 match-sets in 1.04s
[Coarse] imw-sp-lg-kt0p2 pair 11: dE=-17955.0 m dN=0.0 m (from-pair-10, support=None, peak=None) 
imw-sp-lg-kt0p2: Processing pair 11 from disk...
imw-sp-lg-kt0p2: 0 match-sets in 0.15s
[Coarse] imw-sp-lg-kt0p2 pair 12: dE=-17955.0 m dN=0.0 m (from-pair-14 (phasecorr disagreed), support=None, peak=0.1047012765466431) 
imw-sp-lg-kt0p2: Processing pair 12 from disk...
imw-sp-lg-kt0p2: 0 match-sets in 0.00s
[Coarse] imw-sp-lg-kt0p2 pair 13: dE=-17955.0 m dN=0.0 m (from-pair-14 (phasecorr disagreed), support=None, peak=0.09384612739086151) 
imw-sp-lg-kt0p2: Processing pair 13 from disk...
imw-sp-lg-kt0p2: 0 match-sets in 0.00s
[Coarse] imw-sp-lg-kt0p2 pair 14: dE=-17955.0 m dN=0.0 m (matcher@315m, support=9, peak=None) 
imw-sp-lg-kt0p2: Processing pair 14 from disk...
imw-sp-lg-kt0p2: 1 match-sets in 1.48s
[Coarse] imw-sp-lg-kt0p2 pair 15: dE=-17955.0 m dN=-315.0 m (matcher@315m, support=8, peak=None) 
imw-sp-lg-kt0p2: Processing pair 15 from disk...
imw-sp-lg-kt0p2: 1 match-sets in 0.27s
[Coarse] imw-sp-lg-kt0p2 pair 16: dE=-17955.0 m dN=0.0 m (matcher@315m, support=10, peak=None) 
imw-sp-lg-kt0p2: Processing pair 16 from disk...
imw-sp-lg-kt0p2: 1 match-sets in 0.19s
[Coarse] imw-sp-lg-kt0p2 pair 17: dE=-17955.0 m dN=-315.0 m (matcher@315m, support=14, peak=None) 
imw-sp-lg-kt0p2: Processing pair 17 from disk...
imw-sp-lg-kt0p2: 1 match-sets in 0.19s
[Coarse] imw-sp-lg-kt0p2 pair 18: dE=-17955.0 m dN=-315.0 m (from-pair-22 (phasecorr disagreed), support=None, peak=0.06863816733713503) 
imw-sp-lg-kt0p2: Processing pair 18 from disk...
imw-sp-lg-kt0p2: 0 match-sets in 0.00s
[Coarse] imw-sp-lg-kt0p2 pair 19: dE=-17955.0 m dN=-315.0 m (from-pair-22 (phasecorr disagreed), support=None, peak=0.15104582491848204) 
imw-sp-lg-kt0p2: Processing pair 19 from disk...
imw-sp-lg-kt0p2: 0 match-sets in 0.00s
[Coarse] imw-sp-lg-kt0p2 pair 20: dE=-17955.0 m dN=-315.0 m (from-pair-19, support=None, peak=None) 
imw-sp-lg-kt0p2: Processing pair 20 from disk...
imw-sp-lg-kt0p2: 0 match-sets in 0.00s
[Coarse] imw-sp-lg-kt0p2 pair 21: dE=-17955.0 m dN=-315.0 m (from-pair-22 (phasecorr disagreed), support=None, peak=0.036990950946454645) 
imw-sp-lg-kt0p2: Processing pair 21 from disk...
imw-sp-lg-kt0p2: 0 match-sets in 0.00s
[Coarse] imw-sp-lg-kt0p2 pair 22: dE=-17955.0 m dN=-315.0 m (matcher@315m, support=9, peak=None) 
imw-sp-lg-kt0p2: Processing pair 22 from disk...
imw-sp-lg-kt0p2: 1 match-sets in 0.59s
[Coarse] imw-sp-lg-kt0p2 pair 23: dE=-17911.9 m dN=-326.6 m (phasecorr@315m, support=None, peak=0.12881409482955933) 
imw-sp-lg-kt0p2: Processing pair 23 from disk...
imw-sp-lg-kt0p2: 1 match-sets in 0.19s
[Coarse] imw-sp-lg-kt0p2 pair 24: dE=-17928.8 m dN=-415.6 m (phasecorr@315m, support=None, peak=0.035175936365127565) 
imw-sp-lg-kt0p2: Processing pair 24 from disk...
imw-sp-lg-kt0p2: 1 match-sets in 0.20s
[Coarse] imw-sp-lg-kt0p2 pair 25: dE=-17844.2 m dN=-348.0 m (phasecorr@315m, support=None, peak=0.15328786741892497) 
imw-sp-lg-kt0p2: Processing pair 25 from disk...
imw-sp-lg-kt0p2: 1 match-sets in 0.19s
[Coarse] imw-sp-lg-kt0p2 pair 26: dE=-17955.0 m dN=-315.0 m (from-pair-27, support=None, peak=None) 
imw-sp-lg-kt0p2: Processing pair 26 from disk...
imw-sp-lg-kt0p2: 0 match-sets in 0.20s
[Coarse] imw-sp-lg-kt0p2 pair 27: dE=-17955.0 m dN=-315.0 m (from-pair-22 (phasecorr disagreed), support=None, peak=0.05064041456057702) 
imw-sp-lg-kt0p2: Processing pair 27 from disk...
imw-sp-lg-kt0p2: 1 match-sets in 0.14s
Saved:
 CHIP_STATS_ALL.csv
 CHIP_STATS_SURVIVORS.csv
 CONSENSUS_SCORES.csv
 BEST_CHIP_SET.csv
 BEST_CHIP_MANIFEST.csv
 BEST_FINAL_SUMMARY.csv
[band1] imw-sp-lg-kt0p2 ok in 0.4 min, peak GPU memory 8.5 of 39.4 GB
[imw-sp-lg] Model unloaded.
--------------------------------------------------------------------------------
[band1] Running imw-aliked-lg-kt0p2
[imw-aliked-lg] Loading model...
[Coarse] pair 3: no reliable coarse offset (matcher: no matches; phasecorr: {'dx': -16147.443677524008, 'dy': -26751.975000537102, 'support': None, 'n': None, 'peak': 0.00032880983234923565}); windows compared in place
[Coarse] pair 4: no reliable coarse offset (matcher: no matches; phasecorr: {'dx': 12882.472481301173, 'dy': 92621.70938170607, 'support': None, 'n': None, 'peak': -0.00012715039429841217}); windows compared in place
[Coarse] pair 5: no reliable coarse offset (matcher: no matches; phasecorr: {'dx': 3156.3479216096807, 'dy': 18300.67805989782, 'support': None, 'n': None, 'peak': 0.020832994549224774}); windows compared in place
[Coarse] pair 6: no reliable coarse offset (matcher: no matches; phasecorr: {'dx': -15852.800158210905, 'dy': 18737.59796077822, 'support': None, 'n': None, 'peak': -0.0027571213742097218}); windows compared in place
[Coarse] pair 11: no reliable coarse offset (matcher: no matches; phasecorr: {'dx': -18107.733154651494, 'dy': -332.5590928480355, 'support': None, 'n': None, 'peak': 0.020898853179031604}); windows compared in place
[Coarse] pair 20: no reliable coarse offset (matcher: no matches; phasecorr: {'dx': -28903.23193639674, 'dy': -12953.216285335406, 'support': None, 'n': None, 'peak': 0.008737401829825507}); windows compared in place
[Coarse] pair 26: no reliable coarse offset (matcher: no matches; phasecorr: {'dx': -96306.08142606622, 'dy': -17142.367293993742, 'support': None, 'n': None, 'peak': 0.02253384519977334}); windows compared in place
[Coarse] pair 2: phase correlation gave dE=-8934 m dN=5487 m, 10.6 km from every offset the matcher measured; using pair 9's (dE=-17946 m dN=-460 m)
[Coarse] pair 10: phase correlation gave dE=43169 m dN=-4147 m, 61.1 km from every offset the matcher measured; using pair 8's (dE=-17795 m dN=-403 m)
[Coarse] pair 12: phase correlation gave dE=-1877 m dN=10017 m, 19.0 km from every offset the matcher measured; using pair 8's (dE=-17795 m dN=-403 m)
[Coarse] pair 13: phase correlation gave dE=7584 m dN=8567 m, 26.9 km from every offset the matcher measured; using pair 8's (dE=-17795 m dN=-403 m)
[Coarse] pair 18: phase correlation gave dE=744 m dN=-16615 m, 24.6 km from every offset the matcher measured; using pair 25's (dE=-17818 m dN=-323 m)
[Coarse] pair 19: phase correlation gave dE=11920 m dN=-17918 m, 34.5 km from every offset the matcher measured; using pair 25's (dE=-17818 m dN=-323 m)
[Coarse] pair 21: phase correlation gave dE=-11414 m dN=-17047 m, 17.8 km from every offset the matcher measured; using pair 25's (dE=-17818 m dN=-323 m)
[Coarse] pair 27: phase correlation gave dE=-97898 m dN=-6012 m, 80.1 km from every offset the matcher measured; using pair 23's (dE=-17848 m dN=-264 m)
[Coarse] imw-aliked-lg-kt0p2 pair 1: dE=-18062.2 m dN=-904.8 m (phasecorr@315m, support=None, peak=0.03257782713572184) 
imw-aliked-lg-kt0p2: Processing pair 1 from disk...
imw-aliked-lg-kt0p2: 1 match-sets in 0.16s
[Coarse] imw-aliked-lg-kt0p2 pair 2: dE=-17945.5 m dN=-459.7 m (from-pair-9 (phasecorr disagreed), support=None, peak=0.03413578109976686) 
imw-aliked-lg-kt0p2: Processing pair 2 from disk...
imw-aliked-lg-kt0p2: 0 match-sets in 0.07s
[Coarse] imw-aliked-lg-kt0p2 pair 3: dE=-18062.2 m dN=-904.8 m (from-pair-1, support=None, peak=None) 
imw-aliked-lg-kt0p2: Processing pair 3 from disk...
imw-aliked-lg-kt0p2: 0 match-sets in 0.07s
[Coarse] imw-aliked-lg-kt0p2 pair 4: dE=-17945.5 m dN=-459.7 m (from-pair-2, support=None, peak=None) 
imw-aliked-lg-kt0p2: Processing pair 4 from disk...
imw-aliked-lg-kt0p2: 0 match-sets in 0.17s
[Coarse] imw-aliked-lg-kt0p2 pair 5: dE=-17945.5 m dN=-459.7 m (from-pair-2, support=None, peak=None) 
imw-aliked-lg-kt0p2: Processing pair 5 from disk...
imw-aliked-lg-kt0p2: 0 match-sets in 0.08s
[Coarse] imw-aliked-lg-kt0p2 pair 6: dE=-17945.5 m dN=-459.7 m (from-pair-2, support=None, peak=None) 
imw-aliked-lg-kt0p2: Processing pair 6 from disk...
imw-aliked-lg-kt0p2: 0 match-sets in 0.08s
[Coarse] imw-aliked-lg-kt0p2 pair 7: dE=-17924.0 m dN=-474.1 m (matcher@315m, support=121, peak=None) 
imw-aliked-lg-kt0p2: Processing pair 7 from disk...
imw-aliked-lg-kt0p2: 1 match-sets in 0.34s
[Coarse] imw-aliked-lg-kt0p2 pair 8: dE=-17794.6 m dN=-402.7 m (matcher@315m, support=24, peak=None) 
imw-aliked-lg-kt0p2: Processing pair 8 from disk...
imw-aliked-lg-kt0p2: 1 match-sets in 0.36s
[Coarse] imw-aliked-lg-kt0p2 pair 9: dE=-17945.5 m dN=-459.7 m (matcher@315m, support=163, peak=None) 
imw-aliked-lg-kt0p2: Processing pair 9 from disk...
imw-aliked-lg-kt0p2: 1 match-sets in 0.25s
[Coarse] imw-aliked-lg-kt0p2 pair 10: dE=-17794.6 m dN=-402.7 m (from-pair-8 (phasecorr disagreed), support=None, peak=0.04791493653487985) 
imw-aliked-lg-kt0p2: Processing pair 10 from disk...
imw-aliked-lg-kt0p2: 1 match-sets in 0.31s
[Coarse] imw-aliked-lg-kt0p2 pair 11: dE=-17794.6 m dN=-402.7 m (from-pair-10, support=None, peak=None) 
imw-aliked-lg-kt0p2: Processing pair 11 from disk...
imw-aliked-lg-kt0p2: 1 match-sets in 0.20s
[Coarse] imw-aliked-lg-kt0p2 pair 12: dE=-17794.6 m dN=-402.7 m (from-pair-8 (phasecorr disagreed), support=None, peak=0.1047012765466431) 
imw-aliked-lg-kt0p2: Processing pair 12 from disk...
imw-aliked-lg-kt0p2: 0 match-sets in 0.00s
[Coarse] imw-aliked-lg-kt0p2 pair 13: dE=-17794.6 m dN=-402.7 m (from-pair-8 (phasecorr disagreed), support=None, peak=0.09384612739086151) 
imw-aliked-lg-kt0p2: Processing pair 13 from disk...
imw-aliked-lg-kt0p2: 0 match-sets in 0.00s
[Coarse] imw-aliked-lg-kt0p2 pair 14: dE=-17899.0 m dN=-222.4 m (matcher@315m, support=642, peak=None) 
imw-aliked-lg-kt0p2: Processing pair 14 from disk...
imw-aliked-lg-kt0p2: 1 match-sets in 0.45s
[Coarse] imw-aliked-lg-kt0p2 pair 15: dE=-17927.6 m dN=-242.4 m (matcher@315m, support=739, peak=None) 
imw-aliked-lg-kt0p2: Processing pair 15 from disk...
imw-aliked-lg-kt0p2: 1 match-sets in 0.32s
[Coarse] imw-aliked-lg-kt0p2 pair 16: dE=-17957.4 m dN=-199.5 m (matcher@315m, support=341, peak=None) 
imw-aliked-lg-kt0p2: Processing pair 16 from disk...
imw-aliked-lg-kt0p2: 1 match-sets in 0.23s
[Coarse] imw-aliked-lg-kt0p2 pair 17: dE=-17978.6 m dN=-221.5 m (matcher@315m, support=382, peak=None) 
imw-aliked-lg-kt0p2: Processing pair 17 from disk...
imw-aliked-lg-kt0p2: 1 match-sets in 0.23s
[Coarse] imw-aliked-lg-kt0p2 pair 18: dE=-17817.7 m dN=-322.8 m (from-pair-25 (phasecorr disagreed), support=None, peak=0.06863816733713503) 
imw-aliked-lg-kt0p2: Processing pair 18 from disk...
imw-aliked-lg-kt0p2: 0 match-sets in 0.00s
[Coarse] imw-aliked-lg-kt0p2 pair 19: dE=-17817.7 m dN=-322.8 m (from-pair-25 (phasecorr disagreed), support=None, peak=0.15104582491848204) 
imw-aliked-lg-kt0p2: Processing pair 19 from disk...
imw-aliked-lg-kt0p2: 0 match-sets in 0.00s
[Coarse] imw-aliked-lg-kt0p2 pair 20: dE=-17817.7 m dN=-322.8 m (from-pair-19, support=None, peak=None) 
imw-aliked-lg-kt0p2: Processing pair 20 from disk...
imw-aliked-lg-kt0p2: 0 match-sets in 0.00s
[Coarse] imw-aliked-lg-kt0p2 pair 21: dE=-17817.7 m dN=-322.8 m (from-pair-25 (phasecorr disagreed), support=None, peak=0.036990950946454645) 
imw-aliked-lg-kt0p2: Processing pair 21 from disk...
imw-aliked-lg-kt0p2: 0 match-sets in 0.00s
[Coarse] imw-aliked-lg-kt0p2 pair 22: dE=-17854.9 m dN=-293.8 m (matcher@315m, support=202, peak=None) 
imw-aliked-lg-kt0p2: Processing pair 22 from disk...
imw-aliked-lg-kt0p2: 1 match-sets in 0.34s
[Coarse] imw-aliked-lg-kt0p2 pair 23: dE=-17848.3 m dN=-263.6 m (matcher@315m, support=198, peak=None) 
imw-aliked-lg-kt0p2: Processing pair 23 from disk...
imw-aliked-lg-kt0p2: 1 match-sets in 0.22s
[Coarse] imw-aliked-lg-kt0p2 pair 24: dE=-17810.2 m dN=-253.0 m (matcher@315m, support=160, peak=None) 
imw-aliked-lg-kt0p2: Processing pair 24 from disk...
imw-aliked-lg-kt0p2: 1 match-sets in 0.22s
[Coarse] imw-aliked-lg-kt0p2 pair 25: dE=-17817.7 m dN=-322.8 m (matcher@315m, support=204, peak=None) 
imw-aliked-lg-kt0p2: Processing pair 25 from disk...
imw-aliked-lg-kt0p2: 1 match-sets in 0.23s
[Coarse] imw-aliked-lg-kt0p2 pair 26: dE=-17848.3 m dN=-263.6 m (from-pair-27, support=None, peak=None) 
imw-aliked-lg-kt0p2: Processing pair 26 from disk...
imw-aliked-lg-kt0p2: 0 match-sets in 0.24s
[Coarse] imw-aliked-lg-kt0p2 pair 27: dE=-17848.3 m dN=-263.6 m (from-pair-23 (phasecorr disagreed), support=None, peak=0.05064041456057702) 
imw-aliked-lg-kt0p2: Processing pair 27 from disk...
imw-aliked-lg-kt0p2: 0 match-sets in 0.13s
Saved:
 CHIP_STATS_ALL.csv
 CHIP_STATS_SURVIVORS.csv
 CONSENSUS_SCORES.csv
 BEST_CHIP_SET.csv
 BEST_CHIP_MANIFEST.csv
 BEST_FINAL_SUMMARY.csv
[band1] imw-aliked-lg-kt0p2 ok in 0.2 min, peak GPU memory 2.2 of 39.4 GB
[imw-aliked-lg] Model unloaded.
--------------------------------------------------------------------------------
[band1] Running imw-sp-sg-kt0p2
[imw-sp-sg] Loading model...
Loaded SuperPoint model
[Coarse] pair 3: no reliable coarse offset (matcher: no matches; phasecorr: {'dx': -16147.443677524008, 'dy': -26751.975000537102, 'support': None, 'n': None, 'peak': 0.00032880983234923565}); windows compared in place
[Coarse] pair 4: no reliable coarse offset (matcher: no matches; phasecorr: {'dx': 12882.472481301173, 'dy': 92621.70938170607, 'support': None, 'n': None, 'peak': -0.00012715039429841217}); windows compared in place
[Coarse] pair 5: no reliable coarse offset (matcher: no matches; phasecorr: {'dx': 3156.3479216096807, 'dy': 18300.67805989782, 'support': None, 'n': None, 'peak': 0.020832994549224774}); windows compared in place
[Coarse] pair 6: no reliable coarse offset (matcher: no matches; phasecorr: {'dx': -15852.800158210905, 'dy': 18737.59796077822, 'support': None, 'n': None, 'peak': -0.0027571213742097218}); windows compared in place
[Coarse] pair 7: no reliable coarse offset (matcher: no matches; phasecorr: {'dx': -17660.72648465004, 'dy': -478.5174601560547, 'support': None, 'n': None, 'peak': 0.0218074359204816}); windows compared in place
[Coarse] pair 8: no reliable coarse offset (matcher: no matches; phasecorr: {'dx': -18002.059573769864, 'dy': -489.60497923140906, 'support': None, 'n': None, 'peak': 0.011968647486368816}); windows compared in place
[Coarse] pair 11: no reliable coarse offset (matcher: no matches; phasecorr: {'dx': -18107.733154651494, 'dy': -332.5590928480355, 'support': None, 'n': None, 'peak': 0.020898853179031604}); windows compared in place
[Coarse] pair 20: no reliable coarse offset (matcher: no matches; phasecorr: {'dx': -28903.23193639674, 'dy': -12953.216285335406, 'support': None, 'n': None, 'peak': 0.008737401829825507}); windows compared in place
[Coarse] pair 26: no reliable coarse offset (matcher: no matches; phasecorr: {'dx': -96306.08142606622, 'dy': -17142.367293993742, 'support': None, 'n': None, 'peak': 0.02253384519977334}); windows compared in place
[Coarse] pair 2: phase correlation gave dE=-8934 m dN=5487 m, 10.6 km from every offset the matcher measured; using pair 14's (dE=-17955 m dN=0 m)
[Coarse] pair 10: phase correlation gave dE=43169 m dN=-4147 m, 61.1 km from every offset the matcher measured; using pair 14's (dE=-17955 m dN=0 m)
[Coarse] pair 12: phase correlation gave dE=-1877 m dN=10017 m, 18.9 km from every offset the matcher measured; using pair 14's (dE=-17955 m dN=0 m)
[Coarse] pair 13: phase correlation gave dE=7584 m dN=8567 m, 26.9 km from every offset the matcher measured; using pair 14's (dE=-17955 m dN=0 m)
[Coarse] pair 18: phase correlation gave dE=744 m dN=-16615 m, 24.7 km from every offset the matcher measured; using pair 25's (dE=-17798 m dN=-315 m)
[Coarse] pair 19: phase correlation gave dE=11920 m dN=-17918 m, 34.5 km from every offset the matcher measured; using pair 25's (dE=-17798 m dN=-315 m)
[Coarse] pair 21: phase correlation gave dE=-11414 m dN=-17047 m, 17.9 km from every offset the matcher measured; using pair 25's (dE=-17798 m dN=-315 m)
[Coarse] pair 27: phase correlation gave dE=-97898 m dN=-6012 m, 80.1 km from every offset the matcher measured; using pair 22's (dE=-17955 m dN=-315 m)
[Coarse] imw-sp-sg-kt0p2 pair 1: dE=-18062.2 m dN=-904.8 m (phasecorr@315m, support=None, peak=0.03257782713572184) 
imw-sp-sg-kt0p2: Processing pair 1 from disk...
imw-sp-sg-kt0p2: 1 match-sets in 0.13s
[Coarse] imw-sp-sg-kt0p2 pair 2: dE=-17955.0 m dN=0.0 m (from-pair-14 (phasecorr disagreed), support=None, peak=0.03413578109976686) 
imw-sp-sg-kt0p2: Processing pair 2 from disk...
imw-sp-sg-kt0p2: 1 match-sets in 0.13s
[Coarse] imw-sp-sg-kt0p2 pair 3: dE=-18062.2 m dN=-904.8 m (from-pair-1, support=None, peak=None) 
imw-sp-sg-kt0p2: Processing pair 3 from disk...
imw-sp-sg-kt0p2: 1 match-sets in 0.09s
[Coarse] imw-sp-sg-kt0p2 pair 4: dE=-17955.0 m dN=0.0 m (from-pair-2, support=None, peak=None) 
imw-sp-sg-kt0p2: Processing pair 4 from disk...
imw-sp-sg-kt0p2: 0 match-sets in 0.32s
[Coarse] imw-sp-sg-kt0p2 pair 5: dE=-17955.0 m dN=0.0 m (from-pair-2, support=None, peak=None) 
imw-sp-sg-kt0p2: Processing pair 5 from disk...
imw-sp-sg-kt0p2: 1 match-sets in 0.14s
[Coarse] imw-sp-sg-kt0p2 pair 6: dE=-17955.0 m dN=0.0 m (from-pair-2, support=None, peak=None) 
imw-sp-sg-kt0p2: Processing pair 6 from disk...
imw-sp-sg-kt0p2: 1 match-sets in 0.14s
[Coarse] imw-sp-sg-kt0p2 pair 7: dE=-17790.5 m dN=-428.0 m (from-pair-9, support=None, peak=None) 
imw-sp-sg-kt0p2: Processing pair 7 from disk...
imw-sp-sg-kt0p2: 1 match-sets in 1.72s
[Coarse] imw-sp-sg-kt0p2 pair 8: dE=-17790.5 m dN=-428.0 m (from-pair-9, support=None, peak=None) 
imw-sp-sg-kt0p2: Processing pair 8 from disk...
imw-sp-sg-kt0p2: 1 match-sets in 0.32s
[Coarse] imw-sp-sg-kt0p2 pair 9: dE=-17790.5 m dN=-428.0 m (phasecorr@315m, support=None, peak=0.031066529352914596) 
imw-sp-sg-kt0p2: Processing pair 9 from disk...
imw-sp-sg-kt0p2: 1 match-sets in 0.25s
[Coarse] imw-sp-sg-kt0p2 pair 10: dE=-17955.0 m dN=0.0 m (from-pair-14 (phasecorr disagreed), support=None, peak=0.04791493653487985) 
imw-sp-sg-kt0p2: Processing pair 10 from disk...
imw-sp-sg-kt0p2: 1 match-sets in 0.28s
[Coarse] imw-sp-sg-kt0p2 pair 11: dE=-17955.0 m dN=0.0 m (from-pair-10, support=None, peak=None) 
imw-sp-sg-kt0p2: Processing pair 11 from disk...
imw-sp-sg-kt0p2: 1 match-sets in 0.24s
[Coarse] imw-sp-sg-kt0p2 pair 12: dE=-17955.0 m dN=0.0 m (from-pair-14 (phasecorr disagreed), support=None, peak=0.1047012765466431) 
imw-sp-sg-kt0p2: Processing pair 12 from disk...
imw-sp-sg-kt0p2: 0 match-sets in 0.00s
[Coarse] imw-sp-sg-kt0p2 pair 13: dE=-17955.0 m dN=0.0 m (from-pair-14 (phasecorr disagreed), support=None, peak=0.09384612739086151) 
imw-sp-sg-kt0p2: Processing pair 13 from disk...
imw-sp-sg-kt0p2: 0 match-sets in 0.00s
[Coarse] imw-sp-sg-kt0p2 pair 14: dE=-17955.0 m dN=0.0 m (matcher@315m, support=10, peak=None) 
imw-sp-sg-kt0p2: Processing pair 14 from disk...
imw-sp-sg-kt0p2: 1 match-sets in 1.71s
[Coarse] imw-sp-sg-kt0p2 pair 15: dE=-17955.0 m dN=-315.0 m (matcher@315m, support=16, peak=None) 
imw-sp-sg-kt0p2: Processing pair 15 from disk...
imw-sp-sg-kt0p2: 1 match-sets in 1.45s
[Coarse] imw-sp-sg-kt0p2 pair 16: dE=-17955.0 m dN=-315.0 m (matcher@315m, support=22, peak=None) 
imw-sp-sg-kt0p2: Processing pair 16 from disk...
imw-sp-sg-kt0p2: 1 match-sets in 0.22s
[Coarse] imw-sp-sg-kt0p2 pair 17: dE=-17955.0 m dN=-315.0 m (matcher@315m, support=21, peak=None) 
imw-sp-sg-kt0p2: Processing pair 17 from disk...
imw-sp-sg-kt0p2: 1 match-sets in 1.70s
[Coarse] imw-sp-sg-kt0p2 pair 18: dE=-17797.5 m dN=-315.0 m (from-pair-25 (phasecorr disagreed), support=None, peak=0.06863816733713503) 
imw-sp-sg-kt0p2: Processing pair 18 from disk...
imw-sp-sg-kt0p2: 0 match-sets in 0.00s
[Coarse] imw-sp-sg-kt0p2 pair 19: dE=-17797.5 m dN=-315.0 m (from-pair-25 (phasecorr disagreed), support=None, peak=0.15104582491848204) 
imw-sp-sg-kt0p2: Processing pair 19 from disk...
imw-sp-sg-kt0p2: 0 match-sets in 0.00s
[Coarse] imw-sp-sg-kt0p2 pair 20: dE=-17797.5 m dN=-315.0 m (from-pair-19, support=None, peak=None) 
imw-sp-sg-kt0p2: Processing pair 20 from disk...
imw-sp-sg-kt0p2: 0 match-sets in 0.00s
[Coarse] imw-sp-sg-kt0p2 pair 21: dE=-17797.5 m dN=-315.0 m (from-pair-25 (phasecorr disagreed), support=None, peak=0.036990950946454645) 
imw-sp-sg-kt0p2: Processing pair 21 from disk...
imw-sp-sg-kt0p2: 0 match-sets in 0.00s
[Coarse] imw-sp-sg-kt0p2 pair 22: dE=-17955.0 m dN=-315.0 m (matcher@315m, support=11, peak=None) 
imw-sp-sg-kt0p2: Processing pair 22 from disk...
imw-sp-sg-kt0p2: 1 match-sets in 1.79s
[Coarse] imw-sp-sg-kt0p2 pair 23: dE=-17911.9 m dN=-326.6 m (phasecorr@315m, support=None, peak=0.12881409482955933) 
imw-sp-sg-kt0p2: Processing pair 23 from disk...
imw-sp-sg-kt0p2: 1 match-sets in 0.21s
[Coarse] imw-sp-sg-kt0p2 pair 24: dE=-17928.8 m dN=-415.6 m (phasecorr@315m, support=None, peak=0.035175936365127565) 
imw-sp-sg-kt0p2: Processing pair 24 from disk...
imw-sp-sg-kt0p2: 1 match-sets in 1.23s
[Coarse] imw-sp-sg-kt0p2 pair 25: dE=-17797.5 m dN=-315.0 m (matcher@315m, support=12, peak=None) 
imw-sp-sg-kt0p2: Processing pair 25 from disk...
imw-sp-sg-kt0p2: 1 match-sets in 0.57s
[Coarse] imw-sp-sg-kt0p2 pair 26: dE=-17955.0 m dN=-315.0 m (from-pair-27, support=None, peak=None) 
imw-sp-sg-kt0p2: Processing pair 26 from disk...
imw-sp-sg-kt0p2: 0 match-sets in 0.17s
[Coarse] imw-sp-sg-kt0p2 pair 27: dE=-17955.0 m dN=-315.0 m (from-pair-22 (phasecorr disagreed), support=None, peak=0.05064041456057702) 
imw-sp-sg-kt0p2: Processing pair 27 from disk...
imw-sp-sg-kt0p2: 1 match-sets in 0.21s
Saved:
 CHIP_STATS_ALL.csv
 CHIP_STATS_SURVIVORS.csv
 CONSENSUS_SCORES.csv
 BEST_CHIP_SET.csv
 BEST_CHIP_MANIFEST.csv
 BEST_FINAL_SUMMARY.csv
[band1] imw-sp-sg-kt0p2 ok in 0.9 min, peak GPU memory 32.6 of 39.4 GB
[imw-sp-sg] Model unloaded.
--------------------------------------------------------------------------------
[band1] Running imw-sp-nn-kt0p2
[imw-sp-nn] Loading model...
Loaded SuperPoint model
[imw-sp-nn-kt0p2] warm-up on a synthetic pair failed (IndexError: boolean index did not match indexed array along axis 0; size of axis is 0 but size of corresponding boolean axis is 256) -- carrying on with the real windows
[Coarse] pair 3: no reliable coarse offset (matcher: {'dx': -19215.0, 'dy': 2835.0, 'support': 1, 'n': 3, 'peak': None}; phasecorr: {'dx': -16147.443677524008, 'dy': -26751.975000537102, 'support': None, 'n': None, 'peak': 0.00032880983234923565}); windows compared in place
[Coarse] pair 4: no reliable coarse offset (matcher: no matches; phasecorr: {'dx': 12882.472481301173, 'dy': 92621.70938170607, 'support': None, 'n': None, 'peak': -0.00012715039429841217}); windows compared in place
[Coarse] pair 5: no reliable coarse offset (matcher: no matches; phasecorr: {'dx': 3156.3479216096807, 'dy': 18300.67805989782, 'support': None, 'n': None, 'peak': 0.020832994549224774}); windows compared in place
[Coarse] pair 6: no reliable coarse offset (matcher: no matches; phasecorr: {'dx': -15852.800158210905, 'dy': 18737.59796077822, 'support': None, 'n': None, 'peak': -0.0027571213742097218}); windows compared in place
[Coarse] pair 7: no reliable coarse offset (matcher: no matches; phasecorr: {'dx': -17660.72648465004, 'dy': -478.5174601560547, 'support': None, 'n': None, 'peak': 0.0218074359204816}); windows compared in place
[Coarse] pair 8: no reliable coarse offset (matcher: no matches; phasecorr: {'dx': -18002.059573769864, 'dy': -489.60497923140906, 'support': None, 'n': None, 'peak': 0.011968647486368816}); windows compared in place
[Coarse] pair 11: no reliable coarse offset (matcher: no matches; phasecorr: {'dx': -18107.733154651494, 'dy': -332.5590928480355, 'support': None, 'n': None, 'peak': 0.020898853179031604}); windows compared in place
[Coarse] pair 20: no reliable coarse offset (matcher: IndexError: boolean index did not match indexed array along axis 0; size of axis is 9 but size of corresponding boolean axis is 256; phasecorr: {'dx': -28903.23193639674, 'dy': -12953.216285335406, 'support': None, 'n': None, 'peak': 0.008737401829825507}); windows compared in place
[Coarse] pair 26: no reliable coarse offset (matcher: no matches; phasecorr: {'dx': -96306.08142606622, 'dy': -17142.367293993742, 'support': None, 'n': None, 'peak': 0.02253384519977334}); windows compared in place
[Coarse] pair 2: phase correlation gave dE=-8934 m dN=5487 m, 10.6 km from every offset the matcher measured; using pair 14's (dE=-17955 m dN=-158 m)
[Coarse] pair 10: phase correlation gave dE=43169 m dN=-4147 m, 61.2 km from every offset the matcher measured; using pair 14's (dE=-17955 m dN=-158 m)
[Coarse] pair 12: phase correlation gave dE=-1877 m dN=10017 m, 19.0 km from every offset the matcher measured; using pair 14's (dE=-17955 m dN=-158 m)
[Coarse] pair 13: phase correlation gave dE=7584 m dN=8567 m, 27.0 km from every offset the matcher measured; using pair 14's (dE=-17955 m dN=-158 m)
[Coarse] pair 18: phase correlation gave dE=744 m dN=-16615 m, 24.8 km from every offset the matcher measured; using pair 15's (dE=-17955 m dN=-315 m)
[Coarse] pair 19: phase correlation gave dE=11920 m dN=-17918 m, 34.7 km from every offset the matcher measured; using pair 15's (dE=-17955 m dN=-315 m)
[Coarse] pair 21: phase correlation gave dE=-11414 m dN=-17047 m, 18.0 km from every offset the matcher measured; using pair 15's (dE=-17955 m dN=-315 m)
[Coarse] pair 27: phase correlation gave dE=-97898 m dN=-6012 m, 80.1 km from every offset the matcher measured; using pair 17's (dE=-17955 m dN=-315 m)
[Coarse] imw-sp-nn-kt0p2 pair 1: dE=-18062.2 m dN=-904.8 m (phasecorr@315m, support=None, peak=0.03257782713572184) 
imw-sp-nn-kt0p2: Processing pair 1 from disk...
imw-sp-nn-kt0p2: 1 match-sets in 0.05s
[Coarse] imw-sp-nn-kt0p2 pair 2: dE=-17955.0 m dN=-157.5 m (from-pair-14 (phasecorr disagreed), support=None, peak=0.03413578109976686) 
imw-sp-nn-kt0p2: Processing pair 2 from disk...
imw-sp-nn-kt0p2: 1 match-sets in 0.05s
[Coarse] imw-sp-nn-kt0p2 pair 3: dE=-18062.2 m dN=-904.8 m (from-pair-1, support=None, peak=None) 
imw-sp-nn-kt0p2: Processing pair 3 from disk...
imw-sp-nn-kt0p2: 1 match-sets in 0.05s
[Coarse] imw-sp-nn-kt0p2 pair 4: dE=-17955.0 m dN=-157.5 m (from-pair-2, support=None, peak=None) 
imw-sp-nn-kt0p2: Processing pair 4 from disk...
imw-sp-nn-kt0p2: 1 match-sets in 0.06s
[Coarse] imw-sp-nn-kt0p2 pair 5: dE=-17955.0 m dN=-157.5 m (from-pair-2, support=None, peak=None) 
imw-sp-nn-kt0p2: Processing pair 5 from disk...
imw-sp-nn-kt0p2: 1 match-sets in 0.06s
[Coarse] imw-sp-nn-kt0p2 pair 6: dE=-17955.0 m dN=-157.5 m (from-pair-2, support=None, peak=None) 
imw-sp-nn-kt0p2: Processing pair 6 from disk...
imw-sp-nn-kt0p2: 1 match-sets in 0.06s
[Coarse] imw-sp-nn-kt0p2 pair 7: dE=-17790.5 m dN=-428.0 m (from-pair-9, support=None, peak=None) 
imw-sp-nn-kt0p2: Processing pair 7 from disk...
imw-sp-nn-kt0p2: 1 match-sets in 0.20s
[Coarse] imw-sp-nn-kt0p2 pair 8: dE=-17790.5 m dN=-428.0 m (from-pair-9, support=None, peak=None) 
imw-sp-nn-kt0p2: Processing pair 8 from disk...
imw-sp-nn-kt0p2: 1 match-sets in 0.20s
[Coarse] imw-sp-nn-kt0p2 pair 9: dE=-17790.5 m dN=-428.0 m (phasecorr@315m, support=None, peak=0.031066529352914596) 
imw-sp-nn-kt0p2: Processing pair 9 from disk...
imw-sp-nn-kt0p2: 1 match-sets in 0.20s
[Coarse] imw-sp-nn-kt0p2 pair 10: dE=-17955.0 m dN=-157.5 m (from-pair-14 (phasecorr disagreed), support=None, peak=0.04791493653487985) 
imw-sp-nn-kt0p2: Processing pair 10 from disk...
imw-sp-nn-kt0p2: 1 match-sets in 0.16s
[Coarse] imw-sp-nn-kt0p2 pair 11: dE=-17955.0 m dN=-157.5 m (from-pair-10, support=None, peak=None) 
imw-sp-nn-kt0p2: Processing pair 11 from disk...
imw-sp-nn-kt0p2: 1 match-sets in 0.16s
[Coarse] imw-sp-nn-kt0p2 pair 12: dE=-17955.0 m dN=-157.5 m (from-pair-14 (phasecorr disagreed), support=None, peak=0.1047012765466431) 
imw-sp-nn-kt0p2: Processing pair 12 from disk...
imw-sp-nn-kt0p2: 0 match-sets in 0.00s
[Coarse] imw-sp-nn-kt0p2 pair 13: dE=-17955.0 m dN=-157.5 m (from-pair-14 (phasecorr disagreed), support=None, peak=0.09384612739086151) 
imw-sp-nn-kt0p2: Processing pair 13 from disk...
imw-sp-nn-kt0p2: 0 match-sets in 0.00s
[Coarse] imw-sp-nn-kt0p2 pair 14: dE=-17955.0 m dN=-157.5 m (matcher@315m, support=8, peak=None) 
imw-sp-nn-kt0p2: Processing pair 14 from disk...
imw-sp-nn-kt0p2: 1 match-sets in 0.27s
[Coarse] imw-sp-nn-kt0p2 pair 15: dE=-17955.0 m dN=-315.0 m (matcher@315m, support=13, peak=None) 
imw-sp-nn-kt0p2: Processing pair 15 from disk...
imw-sp-nn-kt0p2: 1 match-sets in 0.27s
[Coarse] imw-sp-nn-kt0p2 pair 16: dE=-17955.0 m dN=-315.0 m (matcher@315m, support=18, peak=None) 
imw-sp-nn-kt0p2: Processing pair 16 from disk...
imw-sp-nn-kt0p2: 1 match-sets in 0.17s
[Coarse] imw-sp-nn-kt0p2 pair 17: dE=-17955.0 m dN=-315.0 m (matcher@315m, support=17, peak=None) 
imw-sp-nn-kt0p2: Processing pair 17 from disk...
imw-sp-nn-kt0p2: 1 match-sets in 0.17s
[Coarse] imw-sp-nn-kt0p2 pair 18: dE=-17955.0 m dN=-315.0 m (from-pair-15 (phasecorr disagreed), support=None, peak=0.06863816733713503) 
imw-sp-nn-kt0p2: Processing pair 18 from disk...
imw-sp-nn-kt0p2: 0 match-sets in 0.00s
[Coarse] imw-sp-nn-kt0p2 pair 19: dE=-17955.0 m dN=-315.0 m (from-pair-15 (phasecorr disagreed), support=None, peak=0.15104582491848204) 
imw-sp-nn-kt0p2: Processing pair 19 from disk...
imw-sp-nn-kt0p2: 0 match-sets in 0.00s
[Coarse] imw-sp-nn-kt0p2 pair 20: dE=-17955.0 m dN=-315.0 m (from-pair-19, support=None, peak=None) 
imw-sp-nn-kt0p2: Processing pair 20 from disk...
imw-sp-nn-kt0p2: 0 match-sets in 0.00s
[Coarse] imw-sp-nn-kt0p2 pair 21: dE=-17955.0 m dN=-315.0 m (from-pair-15 (phasecorr disagreed), support=None, peak=0.036990950946454645) 
imw-sp-nn-kt0p2: Processing pair 21 from disk...
imw-sp-nn-kt0p2: 0 match-sets in 0.00s
[Coarse] imw-sp-nn-kt0p2 pair 22: dE=-17882.3 m dN=-311.5 m (phasecorr@315m, support=None, peak=0.12721613845825194) 
imw-sp-nn-kt0p2: Processing pair 22 from disk...
imw-sp-nn-kt0p2: 1 match-sets in 0.19s
[Coarse] imw-sp-nn-kt0p2 pair 23: dE=-17911.9 m dN=-326.6 m (phasecorr@315m, support=None, peak=0.12881409482955933) 
imw-sp-nn-kt0p2: Processing pair 23 from disk...
imw-sp-nn-kt0p2: 1 match-sets in 0.17s
[Coarse] imw-sp-nn-kt0p2 pair 24: dE=-17928.8 m dN=-415.6 m (phasecorr@315m, support=None, peak=0.035175936365127565) 
imw-sp-nn-kt0p2: Processing pair 24 from disk...
imw-sp-nn-kt0p2: 1 match-sets in 0.19s
[Coarse] imw-sp-nn-kt0p2 pair 25: dE=-17844.2 m dN=-348.0 m (phasecorr@315m, support=None, peak=0.15328786741892497) 
imw-sp-nn-kt0p2: Processing pair 25 from disk...
imw-sp-nn-kt0p2: 1 match-sets in 0.18s
[Coarse] imw-sp-nn-kt0p2 pair 26: dE=-17955.0 m dN=-315.0 m (from-pair-27, support=None, peak=None) 
imw-sp-nn-kt0p2: Processing pair 26 from disk...
imw-sp-nn-kt0p2: 1 match-sets in 0.14s
[Coarse] imw-sp-nn-kt0p2 pair 27: dE=-17955.0 m dN=-315.0 m (from-pair-17 (phasecorr disagreed), support=None, peak=0.05064041456057702) 
imw-sp-nn-kt0p2: Processing pair 27 from disk...
imw-sp-nn-kt0p2: 1 match-sets in 0.12s
Saved:
 CHIP_STATS_ALL.csv
 CHIP_STATS_SURVIVORS.csv
 CONSENSUS_SCORES.csv
 BEST_CHIP_SET.csv
 BEST_CHIP_MANIFEST.csv
 BEST_FINAL_SUMMARY.csv
[band1] imw-sp-nn-kt0p2 ok in 0.1 min, peak GPU memory 0.4 of 39.4 GB
[imw-sp-nn] Model unloaded.
--------------------------------------------------------------------------------
[band1] Running imw-r2d2-nn-kt0p2
[imw-r2d2-nn] Loading model...

>> Creating net = Quad_L2Net_ConfCFS()
 ( Model size: 486K parameters )
[Coarse] pair 3: no reliable coarse offset (matcher: no matches; phasecorr: {'dx': -16147.443677524008, 'dy': -26751.975000537102, 'support': None, 'n': None, 'peak': 0.00032880983234923565}); windows compared in place
[Coarse] pair 5: no reliable coarse offset (matcher: no matches; phasecorr: {'dx': 3156.3479216096807, 'dy': 18300.67805989782, 'support': None, 'n': None, 'peak': 0.020832994549224774}); windows compared in place
[Coarse] pair 6: no reliable coarse offset (matcher: no matches; phasecorr: {'dx': -15852.800158210905, 'dy': 18737.59796077822, 'support': None, 'n': None, 'peak': -0.0027571213742097218}); windows compared in place
[Coarse] pair 11: no reliable coarse offset (matcher: no matches; phasecorr: {'dx': -18107.733154651494, 'dy': -332.5590928480355, 'support': None, 'n': None, 'peak': 0.020898853179031604}); windows compared in place
[Coarse] pair 20: no reliable coarse offset (matcher: RuntimeError: torch.cat(): expected a non-empty list of Tensors; phasecorr: {'dx': -28903.23193639674, 'dy': -12953.216285335406, 'support': None, 'n': None, 'peak': 0.008737401829825507}); windows compared in place
[Coarse] pair 26: no reliable coarse offset (matcher: no matches; phasecorr: {'dx': -96306.08142606622, 'dy': -17142.367293993742, 'support': None, 'n': None, 'peak': 0.02253384519977334}); windows compared in place
[Coarse] pair 2: phase correlation gave dE=-8934 m dN=5487 m, 10.5 km from every offset the matcher measured; using pair 1's (dE=-17930 m dN=-630 m)
[Coarse] pair 10: phase correlation gave dE=43169 m dN=-4147 m, 60.9 km from every offset the matcher measured; using pair 8's (dE=-17955 m dN=-630 m)
[Coarse] pair 12: phase correlation gave dE=-1877 m dN=10017 m, 18.9 km from every offset the matcher measured; using pair 8's (dE=-17955 m dN=-630 m)
[Coarse] pair 13: phase correlation gave dE=7584 m dN=8567 m, 26.7 km from every offset the matcher measured; using pair 8's (dE=-17955 m dN=-630 m)
[Coarse] pair 18: phase correlation gave dE=744 m dN=-16615 m, 24.4 km from every offset the matcher measured; using pair 25's (dE=-17640 m dN=-547 m)
[Coarse] pair 19: phase correlation gave dE=11920 m dN=-17918 m, 34.3 km from every offset the matcher measured; using pair 25's (dE=-17640 m dN=-547 m)
[Coarse] pair 21: phase correlation gave dE=-11414 m dN=-17047 m, 17.6 km from every offset the matcher measured; using pair 25's (dE=-17640 m dN=-547 m)
[Coarse] pair 27: phase correlation gave dE=-97898 m dN=-6012 m, 80.0 km from every offset the matcher measured; using pair 23's (dE=-17773 m dN=-372 m)
[Coarse] imw-r2d2-nn-kt0p2 pair 1: dE=-17929.9 m dN=-630.0 m (matcher@315m, support=20, peak=None) 
imw-r2d2-nn-kt0p2: Processing pair 1 from disk...
imw-r2d2-nn-kt0p2: 1 match-sets in 0.11s
[Coarse] imw-r2d2-nn-kt0p2 pair 2: dE=-17929.9 m dN=-630.0 m (from-pair-1 (phasecorr disagreed), support=None, peak=0.03413578109976686) 
imw-r2d2-nn-kt0p2: Processing pair 2 from disk...
imw-r2d2-nn-kt0p2: 0 match-sets in 0.09s
[Coarse] imw-r2d2-nn-kt0p2 pair 3: dE=-17929.9 m dN=-630.0 m (from-pair-1, support=None, peak=None) 
imw-r2d2-nn-kt0p2: Processing pair 3 from disk...
imw-r2d2-nn-kt0p2: 0 match-sets in 0.08s
[Coarse] imw-r2d2-nn-kt0p2 pair 4: dE=-18104.6 m dN=-630.0 m (matcher@315m, support=9, peak=None) 
imw-r2d2-nn-kt0p2: Processing pair 4 from disk...
imw-r2d2-nn-kt0p2: 1 match-sets in 0.11s
[Coarse] imw-r2d2-nn-kt0p2 pair 5: dE=-18104.6 m dN=-630.0 m (from-pair-4, support=None, peak=None) 
imw-r2d2-nn-kt0p2: Processing pair 5 from disk...
imw-r2d2-nn-kt0p2: 0 match-sets in 0.10s
[Coarse] imw-r2d2-nn-kt0p2 pair 6: dE=-18104.6 m dN=-630.0 m (from-pair-4, support=None, peak=None) 
imw-r2d2-nn-kt0p2: Processing pair 6 from disk...
imw-r2d2-nn-kt0p2: 0 match-sets in 0.09s
[Coarse] imw-r2d2-nn-kt0p2 pair 7: dE=-17971.7 m dN=-630.0 m (matcher@315m, support=47, peak=None) 
imw-r2d2-nn-kt0p2: Processing pair 7 from disk...
imw-r2d2-nn-kt0p2: 1 match-sets in 0.58s
[Coarse] imw-r2d2-nn-kt0p2 pair 8: dE=-17955.0 m dN=-630.0 m (matcher@315m, support=23, peak=None) 
imw-r2d2-nn-kt0p2: Processing pair 8 from disk...
imw-r2d2-nn-kt0p2: 1 match-sets in 0.58s
[Coarse] imw-r2d2-nn-kt0p2 pair 9: dE=-17950.0 m dN=-630.0 m (matcher@315m, support=28, peak=None) 
imw-r2d2-nn-kt0p2: Processing pair 9 from disk...
imw-r2d2-nn-kt0p2: 1 match-sets in 0.41s
[Coarse] imw-r2d2-nn-kt0p2 pair 10: dE=-17955.0 m dN=-630.0 m (from-pair-8 (phasecorr disagreed), support=None, peak=0.04791493653487985) 
imw-r2d2-nn-kt0p2: Processing pair 10 from disk...
imw-r2d2-nn-kt0p2: 0 match-sets in 0.32s
[Coarse] imw-r2d2-nn-kt0p2 pair 11: dE=-17955.0 m dN=-630.0 m (from-pair-10, support=None, peak=None) 
imw-r2d2-nn-kt0p2: Processing pair 11 from disk...
imw-r2d2-nn-kt0p2: 0 match-sets in 0.30s
[Coarse] imw-r2d2-nn-kt0p2 pair 12: dE=-17955.0 m dN=-630.0 m (from-pair-8 (phasecorr disagreed), support=None, peak=0.1047012765466431) 
imw-r2d2-nn-kt0p2: Processing pair 12 from disk...
imw-r2d2-nn-kt0p2: 0 match-sets in 0.00s
[Coarse] imw-r2d2-nn-kt0p2 pair 13: dE=-17955.0 m dN=-630.0 m (from-pair-8 (phasecorr disagreed), support=None, peak=0.09384612739086151) 
imw-r2d2-nn-kt0p2: Processing pair 13 from disk...
imw-r2d2-nn-kt0p2: 0 match-sets in 0.00s
[Coarse] imw-r2d2-nn-kt0p2 pair 14: dE=-17891.1 m dN=-315.0 m (matcher@315m, support=248, peak=None) 
imw-r2d2-nn-kt0p2: Processing pair 14 from disk...
imw-r2d2-nn-kt0p2: 1 match-sets in 0.58s
[Coarse] imw-r2d2-nn-kt0p2 pair 15: dE=-17951.2 m dN=-315.0 m (matcher@315m, support=505, peak=None) 
imw-r2d2-nn-kt0p2: Processing pair 15 from disk...
imw-r2d2-nn-kt0p2: 1 match-sets in 0.53s
[Coarse] imw-r2d2-nn-kt0p2 pair 16: dE=-17871.2 m dN=-315.0 m (matcher@315m, support=290, peak=None) 
imw-r2d2-nn-kt0p2: Processing pair 16 from disk...
imw-r2d2-nn-kt0p2: 1 match-sets in 0.34s
[Coarse] imw-r2d2-nn-kt0p2 pair 17: dE=-17955.0 m dN=-315.0 m (matcher@315m, support=513, peak=None) 
imw-r2d2-nn-kt0p2: Processing pair 17 from disk...
imw-r2d2-nn-kt0p2: 1 match-sets in 0.35s
[Coarse] imw-r2d2-nn-kt0p2 pair 18: dE=-17640.0 m dN=-546.7 m (from-pair-25 (phasecorr disagreed), support=None, peak=0.06863816733713503) 
imw-r2d2-nn-kt0p2: Processing pair 18 from disk...
imw-r2d2-nn-kt0p2: 0 match-sets in 0.00s
[Coarse] imw-r2d2-nn-kt0p2 pair 19: dE=-17640.0 m dN=-546.7 m (from-pair-25 (phasecorr disagreed), support=None, peak=0.15104582491848204) 
imw-r2d2-nn-kt0p2: Processing pair 19 from disk...
imw-r2d2-nn-kt0p2: 0 match-sets in 0.00s
[Coarse] imw-r2d2-nn-kt0p2 pair 20: dE=-17640.0 m dN=-546.7 m (from-pair-19, support=None, peak=None) 
imw-r2d2-nn-kt0p2: Processing pair 20 from disk...
imw-r2d2-nn-kt0p2: 0 match-sets in 0.00s
[Coarse] imw-r2d2-nn-kt0p2 pair 21: dE=-17640.0 m dN=-546.7 m (from-pair-25 (phasecorr disagreed), support=None, peak=0.036990950946454645) 
imw-r2d2-nn-kt0p2: Processing pair 21 from disk...
imw-r2d2-nn-kt0p2: 0 match-sets in 0.00s
[Coarse] imw-r2d2-nn-kt0p2 pair 22: dE=-17640.0 m dN=-333.2 m (matcher@315m, support=55, peak=None) 
imw-r2d2-nn-kt0p2: Processing pair 22 from disk...
imw-r2d2-nn-kt0p2: 1 match-sets in 0.36s
[Coarse] imw-r2d2-nn-kt0p2 pair 23: dE=-17773.0 m dN=-372.3 m (matcher@315m, support=73, peak=None) 
imw-r2d2-nn-kt0p2: Processing pair 23 from disk...
imw-r2d2-nn-kt0p2: 1 match-sets in 0.34s
[Coarse] imw-r2d2-nn-kt0p2 pair 24: dE=-17844.2 m dN=-283.3 m (matcher@315m, support=175, peak=None) 
imw-r2d2-nn-kt0p2: Processing pair 24 from disk...
imw-r2d2-nn-kt0p2: 1 match-sets in 0.34s
[Coarse] imw-r2d2-nn-kt0p2 pair 25: dE=-17640.0 m dN=-546.7 m (matcher@315m, support=97, peak=None) 
imw-r2d2-nn-kt0p2: Processing pair 25 from disk...
imw-r2d2-nn-kt0p2: 1 match-sets in 0.35s
[Coarse] imw-r2d2-nn-kt0p2 pair 26: dE=-17773.0 m dN=-372.3 m (from-pair-27, support=None, peak=None) 
imw-r2d2-nn-kt0p2: Processing pair 26 from disk...
imw-r2d2-nn-kt0p2: 0 match-sets in 0.24s
[Coarse] imw-r2d2-nn-kt0p2 pair 27: dE=-17773.0 m dN=-372.3 m (from-pair-23 (phasecorr disagreed), support=None, peak=0.05064041456057702) 
imw-r2d2-nn-kt0p2: Processing pair 27 from disk...
imw-r2d2-nn-kt0p2: 0 match-sets in 0.22s
Saved:
 CHIP_STATS_ALL.csv
 CHIP_STATS_SURVIVORS.csv
 CONSENSUS_SCORES.csv
 BEST_CHIP_SET.csv
 BEST_CHIP_MANIFEST.csv
 BEST_FINAL_SUMMARY.csv
[band1] imw-r2d2-nn-kt0p2 ok in 0.2 min, peak GPU memory 2.5 of 39.4 GB
[imw-r2d2-nn] Model unloaded.
--------------------------------------------------------------------------------
[band1] Running imw-rord-nn-kt0p2-fm1
[imw-rord-nn] Loading model...
[Coarse] pair 3: no reliable coarse offset (matcher: no matches; phasecorr: {'dx': -16147.443677524008, 'dy': -26751.975000537102, 'support': None, 'n': None, 'peak': 0.00032880983234923565}); windows compared in place
[Coarse] pair 4: no reliable coarse offset (matcher: no matches; phasecorr: {'dx': 12882.472481301173, 'dy': 92621.70938170607, 'support': None, 'n': None, 'peak': -0.00012715039429841217}); windows compared in place
[Coarse] pair 5: no reliable coarse offset (matcher: {'dx': -13146.724662780762, 'dy': 3208.7572860717773, 'support': 1, 'n': 3, 'peak': None}; phasecorr: {'dx': 3156.3479216096807, 'dy': 18300.67805989782, 'support': None, 'n': None, 'peak': 0.020832994549224774}); windows compared in place
[Coarse] pair 6: no reliable coarse offset (matcher: no matches; phasecorr: {'dx': -15852.800158210905, 'dy': 18737.59796077822, 'support': None, 'n': None, 'peak': -0.0027571213742097218}); windows compared in place
[Coarse] pair 7: no reliable coarse offset (matcher: {'dx': -18028.001403808594, 'dy': -576.1477661132812, 'support': 7, 'n': 7, 'peak': None}; phasecorr: {'dx': -17660.72648465004, 'dy': -478.5174601560547, 'support': None, 'n': None, 'peak': 0.0218074359204816}); windows compared in place
[Coarse] pair 8: no reliable coarse offset (matcher: {'dx': -18221.781005859375, 'dy': 42.941436767578125, 'support': 3, 'n': 3, 'peak': None}; phasecorr: {'dx': -18002.059573769864, 'dy': -489.60497923140906, 'support': None, 'n': None, 'peak': 0.011968647486368816}); windows compared in place
[Coarse] pair 11: no reliable coarse offset (matcher: {'dx': -17943.62777709961, 'dy': 243.7049102783203, 'support': 4, 'n': 5, 'peak': None}; phasecorr: {'dx': -18107.733154651494, 'dy': -332.5590928480355, 'support': None, 'n': None, 'peak': 0.020898853179031604}); windows compared in place
[Coarse] pair 20: no reliable coarse offset (matcher: no matches; phasecorr: {'dx': -28903.23193639674, 'dy': -12953.216285335406, 'support': None, 'n': None, 'peak': 0.008737401829825507}); windows compared in place
[Coarse] pair 26: no reliable coarse offset (matcher: no matches; phasecorr: {'dx': -96306.08142606622, 'dy': -17142.367293993742, 'support': None, 'n': None, 'peak': 0.02253384519977334}); windows compared in place
[Coarse] pair 2: phase correlation gave dE=-8934 m dN=5487 m, 10.4 km from every offset the matcher measured; using pair 14's (dE=-17987 m dN=-169 m)
[Coarse] pair 10: phase correlation gave dE=43169 m dN=-4147 m, 61.1 km from every offset the matcher measured; using pair 14's (dE=-17987 m dN=-169 m)
[Coarse] pair 12: phase correlation gave dE=-1877 m dN=10017 m, 18.8 km from every offset the matcher measured; using pair 14's (dE=-17987 m dN=-169 m)
[Coarse] pair 13: phase correlation gave dE=7584 m dN=8567 m, 26.8 km from every offset the matcher measured; using pair 14's (dE=-17987 m dN=-169 m)
[Coarse] pair 18: phase correlation gave dE=744 m dN=-16615 m, 24.7 km from every offset the matcher measured; using pair 25's (dE=-18061 m dN=-93 m)
[Coarse] pair 19: phase correlation gave dE=11920 m dN=-17918 m, 34.6 km from every offset the matcher measured; using pair 25's (dE=-18061 m dN=-93 m)
[Coarse] pair 21: phase correlation gave dE=-11414 m dN=-17047 m, 18.0 km from every offset the matcher measured; using pair 25's (dE=-18061 m dN=-93 m)
[Coarse] pair 27: phase correlation gave dE=-97898 m dN=-6012 m, 80.1 km from every offset the matcher measured; using pair 23's (dE=-17889 m dN=-114 m)
[Coarse] imw-rord-nn-kt0p2-fm1 pair 1: dE=-18062.2 m dN=-904.8 m (phasecorr@315m, support=None, peak=0.03257782713572184) 
imw-rord-nn-kt0p2-fm1: Processing pair 1 from disk...
imw-rord-nn-kt0p2-fm1: 1 match-sets in 1.93s
[Coarse] imw-rord-nn-kt0p2-fm1 pair 2: dE=-17987.0 m dN=-169.1 m (from-pair-14 (phasecorr disagreed), support=None, peak=0.03413578109976686) 
imw-rord-nn-kt0p2-fm1: Processing pair 2 from disk...
imw-rord-nn-kt0p2-fm1: 0 match-sets in 0.23s
[Coarse] imw-rord-nn-kt0p2-fm1 pair 3: dE=-18062.2 m dN=-904.8 m (from-pair-1, support=None, peak=None) 
imw-rord-nn-kt0p2-fm1: Processing pair 3 from disk...
imw-rord-nn-kt0p2-fm1: 0 match-sets in 0.23s
[Coarse] imw-rord-nn-kt0p2-fm1 pair 4: dE=-17987.0 m dN=-169.1 m (from-pair-2, support=None, peak=None) 
imw-rord-nn-kt0p2-fm1: Processing pair 4 from disk...
imw-rord-nn-kt0p2-fm1: 0 match-sets in 2.30s
[Coarse] imw-rord-nn-kt0p2-fm1 pair 5: dE=-17987.0 m dN=-169.1 m (from-pair-2, support=None, peak=None) 
imw-rord-nn-kt0p2-fm1: Processing pair 5 from disk...
imw-rord-nn-kt0p2-fm1: 1 match-sets in 0.27s
[Coarse] imw-rord-nn-kt0p2-fm1 pair 6: dE=-17987.0 m dN=-169.1 m (from-pair-2, support=None, peak=None) 
imw-rord-nn-kt0p2-fm1: Processing pair 6 from disk...
imw-rord-nn-kt0p2-fm1: 0 match-sets in 0.27s
[Coarse] imw-rord-nn-kt0p2-fm1 pair 7: dE=-17790.5 m dN=-428.0 m (from-pair-9, support=None, peak=None) 
imw-rord-nn-kt0p2-fm1: Processing pair 7 from disk...
imw-rord-nn-kt0p2-fm1: 1 match-sets in 4.35s
[Coarse] imw-rord-nn-kt0p2-fm1 pair 8: dE=-17790.5 m dN=-428.0 m (from-pair-9, support=None, peak=None) 
imw-rord-nn-kt0p2-fm1: Processing pair 8 from disk...
imw-rord-nn-kt0p2-fm1: 0 match-sets in 4.43s
[Coarse] imw-rord-nn-kt0p2-fm1 pair 9: dE=-17790.5 m dN=-428.0 m (phasecorr@315m, support=None, peak=0.031066529352914596) 
imw-rord-nn-kt0p2-fm1: Processing pair 9 from disk...
imw-rord-nn-kt0p2-fm1: 1 match-sets in 4.27s
[Coarse] imw-rord-nn-kt0p2-fm1 pair 10: dE=-17987.0 m dN=-169.1 m (from-pair-14 (phasecorr disagreed), support=None, peak=0.04791493653487985) 
imw-rord-nn-kt0p2-fm1: Processing pair 10 from disk...
imw-rord-nn-kt0p2-fm1: 1 match-sets in 3.50s
[Coarse] imw-rord-nn-kt0p2-fm1 pair 11: dE=-17987.0 m dN=-169.1 m (from-pair-10, support=None, peak=None) 
imw-rord-nn-kt0p2-fm1: Processing pair 11 from disk...
imw-rord-nn-kt0p2-fm1: 1 match-sets in 0.58s
[Coarse] imw-rord-nn-kt0p2-fm1 pair 12: dE=-17987.0 m dN=-169.1 m (from-pair-14 (phasecorr disagreed), support=None, peak=0.1047012765466431) 
imw-rord-nn-kt0p2-fm1: Processing pair 12 from disk...
imw-rord-nn-kt0p2-fm1: 0 match-sets in 0.00s
[Coarse] imw-rord-nn-kt0p2-fm1 pair 13: dE=-17987.0 m dN=-169.1 m (from-pair-14 (phasecorr disagreed), support=None, peak=0.09384612739086151) 
imw-rord-nn-kt0p2-fm1: Processing pair 13 from disk...
imw-rord-nn-kt0p2-fm1: 0 match-sets in 0.00s
[Coarse] imw-rord-nn-kt0p2-fm1 pair 14: dE=-17987.0 m dN=-169.1 m (matcher@315m, support=55, peak=None) 
imw-rord-nn-kt0p2-fm1: Processing pair 14 from disk...
imw-rord-nn-kt0p2-fm1: 1 match-sets in 5.10s
[Coarse] imw-rord-nn-kt0p2-fm1 pair 15: dE=-17867.4 m dN=-136.9 m (matcher@315m, support=116, peak=None) 
imw-rord-nn-kt0p2-fm1: Processing pair 15 from disk...
imw-rord-nn-kt0p2-fm1: 1 match-sets in 1.32s
[Coarse] imw-rord-nn-kt0p2-fm1 pair 16: dE=-17892.4 m dN=-64.7 m (matcher@315m, support=23, peak=None) 
imw-rord-nn-kt0p2-fm1: Processing pair 16 from disk...
imw-rord-nn-kt0p2-fm1: 1 match-sets in 0.58s
[Coarse] imw-rord-nn-kt0p2-fm1 pair 17: dE=-17979.4 m dN=-185.8 m (matcher@315m, support=86, peak=None) 
imw-rord-nn-kt0p2-fm1: Processing pair 17 from disk...
imw-rord-nn-kt0p2-fm1: 1 match-sets in 0.59s
[Coarse] imw-rord-nn-kt0p2-fm1 pair 18: dE=-18061.3 m dN=-93.5 m (from-pair-25 (phasecorr disagreed), support=None, peak=0.06863816733713503) 
imw-rord-nn-kt0p2-fm1: Processing pair 18 from disk...
imw-rord-nn-kt0p2-fm1: 0 match-sets in 0.00s
[Coarse] imw-rord-nn-kt0p2-fm1 pair 19: dE=-18061.3 m dN=-93.5 m (from-pair-25 (phasecorr disagreed), support=None, peak=0.15104582491848204) 
imw-rord-nn-kt0p2-fm1: Processing pair 19 from disk...
imw-rord-nn-kt0p2-fm1: 0 match-sets in 0.00s
[Coarse] imw-rord-nn-kt0p2-fm1 pair 20: dE=-18061.3 m dN=-93.5 m (from-pair-19, support=None, peak=None) 
imw-rord-nn-kt0p2-fm1: Processing pair 20 from disk...
imw-rord-nn-kt0p2-fm1: 0 match-sets in 0.00s
[Coarse] imw-rord-nn-kt0p2-fm1 pair 21: dE=-18061.3 m dN=-93.5 m (from-pair-25 (phasecorr disagreed), support=None, peak=0.036990950946454645) 
imw-rord-nn-kt0p2-fm1: Processing pair 21 from disk...
imw-rord-nn-kt0p2-fm1: 0 match-sets in 0.00s
[Coarse] imw-rord-nn-kt0p2-fm1 pair 22: dE=-17814.2 m dN=23.1 m (matcher@315m, support=18, peak=None) 
imw-rord-nn-kt0p2-fm1: Processing pair 22 from disk...
imw-rord-nn-kt0p2-fm1: 1 match-sets in 3.66s
[Coarse] imw-rord-nn-kt0p2-fm1 pair 23: dE=-17889.4 m dN=-114.4 m (matcher@315m, support=19, peak=None) 
imw-rord-nn-kt0p2-fm1: Processing pair 23 from disk...
imw-rord-nn-kt0p2-fm1: 1 match-sets in 0.67s
[Coarse] imw-rord-nn-kt0p2-fm1 pair 24: dE=-17768.6 m dN=-212.0 m (matcher@315m, support=36, peak=None) 
imw-rord-nn-kt0p2-fm1: Processing pair 24 from disk...
imw-rord-nn-kt0p2-fm1: 1 match-sets in 0.65s
[Coarse] imw-rord-nn-kt0p2-fm1 pair 25: dE=-18061.3 m dN=-93.5 m (matcher@315m, support=35, peak=None) 
imw-rord-nn-kt0p2-fm1: Processing pair 25 from disk...
imw-rord-nn-kt0p2-fm1: 1 match-sets in 0.64s
[Coarse] imw-rord-nn-kt0p2-fm1 pair 26: dE=-17889.4 m dN=-114.4 m (from-pair-27, support=None, peak=None) 
imw-rord-nn-kt0p2-fm1: Processing pair 26 from disk...
imw-rord-nn-kt0p2-fm1: 0 match-sets in 3.07s
[Coarse] imw-rord-nn-kt0p2-fm1 pair 27: dE=-17889.4 m dN=-114.4 m (from-pair-23 (phasecorr disagreed), support=None, peak=0.05064041456057702) 
imw-rord-nn-kt0p2-fm1: Processing pair 27 from disk...
imw-rord-nn-kt0p2-fm1: 1 match-sets in 0.46s
Saved:
 CHIP_STATS_ALL.csv
 CHIP_STATS_SURVIVORS.csv
 CONSENSUS_SCORES.csv
 BEST_CHIP_SET.csv
 BEST_CHIP_MANIFEST.csv
 BEST_FINAL_SUMMARY.csv
[band1] imw-rord-nn-kt0p2-fm1 ok in 1.8 min, peak GPU memory 32.5 of 39.4 GB
[imw-rord-nn] Model unloaded.
--------------------------------------------------------------------------------
[band1] Running imw-rord-nn-kt0p2
[imw-rord-nn] Loading model...
[Coarse] pair 3: no reliable coarse offset (matcher: {'dx': -19111.555309295654, 'dy': -1645.9370040893555, 'support': 1, 'n': 4, 'peak': None}; phasecorr: {'dx': -16147.443677524008, 'dy': -26751.975000537102, 'support': None, 'n': None, 'peak': 0.00032880983234923565}); windows compared in place
[Coarse] pair 4: no reliable coarse offset (matcher: no matches; phasecorr: {'dx': 12882.472481301173, 'dy': 92621.70938170607, 'support': None, 'n': None, 'peak': -0.00012715039429841217}); windows compared in place
[Coarse] pair 5: no reliable coarse offset (matcher: no matches; phasecorr: {'dx': 3156.3479216096807, 'dy': 18300.67805989782, 'support': None, 'n': None, 'peak': 0.020832994549224774}); windows compared in place
[Coarse] pair 6: no reliable coarse offset (matcher: no matches; phasecorr: {'dx': -15852.800158210905, 'dy': 18737.59796077822, 'support': None, 'n': None, 'peak': -0.0027571213742097218}); windows compared in place
[Coarse] pair 7: no reliable coarse offset (matcher: {'dx': -18153.58612060547, 'dy': -1207.2676849365234, 'support': 3, 'n': 5, 'peak': None}; phasecorr: {'dx': -17660.72648465004, 'dy': -478.5174601560547, 'support': None, 'n': None, 'peak': 0.0218074359204816}); windows compared in place
[Coarse] pair 8: no reliable coarse offset (matcher: no matches; phasecorr: {'dx': -18002.059573769864, 'dy': -489.60497923140906, 'support': None, 'n': None, 'peak': 0.011968647486368816}); windows compared in place
[Coarse] pair 11: no reliable coarse offset (matcher: no matches; phasecorr: {'dx': -18107.733154651494, 'dy': -332.5590928480355, 'support': None, 'n': None, 'peak': 0.020898853179031604}); windows compared in place
[Coarse] pair 20: no reliable coarse offset (matcher: no matches; phasecorr: {'dx': -28903.23193639674, 'dy': -12953.216285335406, 'support': None, 'n': None, 'peak': 0.008737401829825507}); windows compared in place
[Coarse] pair 26: no reliable coarse offset (matcher: no matches; phasecorr: {'dx': -96306.08142606622, 'dy': -17142.367293993742, 'support': None, 'n': None, 'peak': 0.02253384519977334}); windows compared in place
[Coarse] pair 2: phase correlation gave dE=-8934 m dN=5487 m, 10.3 km from every offset the matcher measured; using pair 14's (dE=-18088 m dN=-257 m)
[Coarse] pair 10: phase correlation gave dE=43169 m dN=-4147 m, 60.8 km from every offset the matcher measured; using pair 14's (dE=-18088 m dN=-257 m)
[Coarse] pair 12: phase correlation gave dE=-1877 m dN=10017 m, 18.7 km from every offset the matcher measured; using pair 14's (dE=-18088 m dN=-257 m)
[Coarse] pair 13: phase correlation gave dE=7584 m dN=8567 m, 26.6 km from every offset the matcher measured; using pair 14's (dE=-18088 m dN=-257 m)
[Coarse] pair 18: phase correlation gave dE=744 m dN=-16615 m, 24.5 km from every offset the matcher measured; using pair 25's (dE=-17542 m dN=-261 m)
[Coarse] pair 19: phase correlation gave dE=11920 m dN=-17918 m, 34.3 km from every offset the matcher measured; using pair 25's (dE=-17542 m dN=-261 m)
[Coarse] pair 21: phase correlation gave dE=-11414 m dN=-17047 m, 17.9 km from every offset the matcher measured; using pair 25's (dE=-17542 m dN=-261 m)
[Coarse] pair 27: phase correlation gave dE=-97898 m dN=-6012 m, 80.0 km from every offset the matcher measured; using pair 23's (dE=-18037 m dN=-116 m)
[Coarse] imw-rord-nn-kt0p2 pair 1: dE=-18062.2 m dN=-904.8 m (phasecorr@315m, support=None, peak=0.03257782713572184) 
imw-rord-nn-kt0p2: Processing pair 1 from disk...
imw-rord-nn-kt0p2: 1 match-sets in 0.12s
[Coarse] imw-rord-nn-kt0p2 pair 2: dE=-18087.6 m dN=-256.6 m (from-pair-14 (phasecorr disagreed), support=None, peak=0.03413578109976686) 
imw-rord-nn-kt0p2: Processing pair 2 from disk...
imw-rord-nn-kt0p2: 1 match-sets in 0.12s
[Coarse] imw-rord-nn-kt0p2 pair 3: dE=-18062.2 m dN=-904.8 m (from-pair-1, support=None, peak=None) 
imw-rord-nn-kt0p2: Processing pair 3 from disk...
imw-rord-nn-kt0p2: 0 match-sets in 0.10s
[Coarse] imw-rord-nn-kt0p2 pair 4: dE=-18087.6 m dN=-256.6 m (from-pair-2, support=None, peak=None) 
imw-rord-nn-kt0p2: Processing pair 4 from disk...
imw-rord-nn-kt0p2: 0 match-sets in 0.13s
[Coarse] imw-rord-nn-kt0p2 pair 5: dE=-18087.6 m dN=-256.6 m (from-pair-2, support=None, peak=None) 
imw-rord-nn-kt0p2: Processing pair 5 from disk...
imw-rord-nn-kt0p2: 1 match-sets in 0.14s
[Coarse] imw-rord-nn-kt0p2 pair 6: dE=-18087.6 m dN=-256.6 m (from-pair-2, support=None, peak=None) 
imw-rord-nn-kt0p2: Processing pair 6 from disk...
imw-rord-nn-kt0p2: 1 match-sets in 0.14s
[Coarse] imw-rord-nn-kt0p2 pair 7: dE=-17790.5 m dN=-428.0 m (from-pair-9, support=None, peak=None) 
imw-rord-nn-kt0p2: Processing pair 7 from disk...
imw-rord-nn-kt0p2: 1 match-sets in 0.38s
[Coarse] imw-rord-nn-kt0p2 pair 8: dE=-17790.5 m dN=-428.0 m (from-pair-9, support=None, peak=None) 
imw-rord-nn-kt0p2: Processing pair 8 from disk...
imw-rord-nn-kt0p2: 1 match-sets in 0.38s
[Coarse] imw-rord-nn-kt0p2 pair 9: dE=-17790.5 m dN=-428.0 m (phasecorr@315m, support=None, peak=0.031066529352914596) 
imw-rord-nn-kt0p2: Processing pair 9 from disk...
imw-rord-nn-kt0p2: 1 match-sets in 0.36s
[Coarse] imw-rord-nn-kt0p2 pair 10: dE=-18087.6 m dN=-256.6 m (from-pair-14 (phasecorr disagreed), support=None, peak=0.04791493653487985) 
imw-rord-nn-kt0p2: Processing pair 10 from disk...
imw-rord-nn-kt0p2: 1 match-sets in 0.29s
[Coarse] imw-rord-nn-kt0p2 pair 11: dE=-18087.6 m dN=-256.6 m (from-pair-10, support=None, peak=None) 
imw-rord-nn-kt0p2: Processing pair 11 from disk...
imw-rord-nn-kt0p2: 1 match-sets in 0.30s
[Coarse] imw-rord-nn-kt0p2 pair 12: dE=-18087.6 m dN=-256.6 m (from-pair-14 (phasecorr disagreed), support=None, peak=0.1047012765466431) 
imw-rord-nn-kt0p2: Processing pair 12 from disk...
imw-rord-nn-kt0p2: 0 match-sets in 0.00s
[Coarse] imw-rord-nn-kt0p2 pair 13: dE=-18087.6 m dN=-256.6 m (from-pair-14 (phasecorr disagreed), support=None, peak=0.09384612739086151) 
imw-rord-nn-kt0p2: Processing pair 13 from disk...
imw-rord-nn-kt0p2: 0 match-sets in 0.00s
[Coarse] imw-rord-nn-kt0p2 pair 14: dE=-18087.6 m dN=-256.6 m (matcher@315m, support=62, peak=None) 
imw-rord-nn-kt0p2: Processing pair 14 from disk...
imw-rord-nn-kt0p2: 1 match-sets in 0.44s
[Coarse] imw-rord-nn-kt0p2 pair 15: dE=-17840.8 m dN=-234.6 m (matcher@315m, support=80, peak=None) 
imw-rord-nn-kt0p2: Processing pair 15 from disk...
imw-rord-nn-kt0p2: 1 match-sets in 0.44s
[Coarse] imw-rord-nn-kt0p2 pair 16: dE=-17887.8 m dN=-212.8 m (matcher@315m, support=46, peak=None) 
imw-rord-nn-kt0p2: Processing pair 16 from disk...
imw-rord-nn-kt0p2: 1 match-sets in 0.31s
[Coarse] imw-rord-nn-kt0p2 pair 17: dE=-18092.9 m dN=-391.9 m (matcher@315m, support=86, peak=None) 
imw-rord-nn-kt0p2: Processing pair 17 from disk...
imw-rord-nn-kt0p2: 1 match-sets in 0.32s
[Coarse] imw-rord-nn-kt0p2 pair 18: dE=-17542.0 m dN=-260.8 m (from-pair-25 (phasecorr disagreed), support=None, peak=0.06863816733713503) 
imw-rord-nn-kt0p2: Processing pair 18 from disk...
imw-rord-nn-kt0p2: 0 match-sets in 0.00s
[Coarse] imw-rord-nn-kt0p2 pair 19: dE=-17542.0 m dN=-260.8 m (from-pair-25 (phasecorr disagreed), support=None, peak=0.15104582491848204) 
imw-rord-nn-kt0p2: Processing pair 19 from disk...
imw-rord-nn-kt0p2: 0 match-sets in 0.00s
[Coarse] imw-rord-nn-kt0p2 pair 20: dE=-17542.0 m dN=-260.8 m (from-pair-19, support=None, peak=None) 
imw-rord-nn-kt0p2: Processing pair 20 from disk...
imw-rord-nn-kt0p2: 0 match-sets in 0.00s
[Coarse] imw-rord-nn-kt0p2 pair 21: dE=-17542.0 m dN=-260.8 m (from-pair-25 (phasecorr disagreed), support=None, peak=0.036990950946454645) 
imw-rord-nn-kt0p2: Processing pair 21 from disk...
imw-rord-nn-kt0p2: 0 match-sets in 0.00s
[Coarse] imw-rord-nn-kt0p2 pair 22: dE=-17845.7 m dN=-220.0 m (matcher@315m, support=31, peak=None) 
imw-rord-nn-kt0p2: Processing pair 22 from disk...
imw-rord-nn-kt0p2: 1 match-sets in 0.35s
[Coarse] imw-rord-nn-kt0p2 pair 23: dE=-18037.3 m dN=-116.1 m (matcher@315m, support=17, peak=None) 
imw-rord-nn-kt0p2: Processing pair 23 from disk...
imw-rord-nn-kt0p2: 1 match-sets in 0.33s
[Coarse] imw-rord-nn-kt0p2 pair 24: dE=-17695.1 m dN=-0.0 m (matcher@315m, support=34, peak=None) 
imw-rord-nn-kt0p2: Processing pair 24 from disk...
imw-rord-nn-kt0p2: 1 match-sets in 0.34s
[Coarse] imw-rord-nn-kt0p2 pair 25: dE=-17542.0 m dN=-260.8 m (matcher@315m, support=37, peak=None) 
imw-rord-nn-kt0p2: Processing pair 25 from disk...
imw-rord-nn-kt0p2: 1 match-sets in 0.34s
[Coarse] imw-rord-nn-kt0p2 pair 26: dE=-18037.3 m dN=-116.1 m (from-pair-27, support=None, peak=None) 
imw-rord-nn-kt0p2: Processing pair 26 from disk...
imw-rord-nn-kt0p2: 1 match-sets in 0.24s
[Coarse] imw-rord-nn-kt0p2 pair 27: dE=-18037.3 m dN=-116.1 m (from-pair-23 (phasecorr disagreed), support=None, peak=0.05064041456057702) 
imw-rord-nn-kt0p2: Processing pair 27 from disk...
imw-rord-nn-kt0p2: 0 match-sets in 0.22s
Saved:
 CHIP_STATS_ALL.csv
 CHIP_STATS_SURVIVORS.csv
 CONSENSUS_SCORES.csv
 BEST_CHIP_SET.csv
 BEST_CHIP_MANIFEST.csv
 BEST_FINAL_SUMMARY.csv
[band1] imw-rord-nn-kt0p2 ok in 0.2 min, peak GPU memory 0.7 of 39.4 GB
[imw-rord-nn] Model unloaded.
--------------------------------------------------------------------------------
[band1] Running imw-d2net-nn-kt0p2-fm1
[imw-d2net-nn] Loading model...
[Coarse] pair 3: no reliable coarse offset (matcher: {'dx': -20413.45853805542, 'dy': -7256.449127197266, 'support': 1, 'n': 8, 'peak': None}; phasecorr: {'dx': -16147.443677524008, 'dy': -26751.975000537102, 'support': None, 'n': None, 'peak': 0.00032880983234923565}); windows compared in place
[Coarse] pair 5: no reliable coarse offset (matcher: {'dx': -20090.915908813477, 'dy': -1398.8314819335938, 'support': 1, 'n': 6, 'peak': None}; phasecorr: {'dx': 3156.3479216096807, 'dy': 18300.67805989782, 'support': None, 'n': None, 'peak': 0.020832994549224774}); windows compared in place
[Coarse] pair 6: no reliable coarse offset (matcher: no matches; phasecorr: {'dx': -15852.800158210905, 'dy': 18737.59796077822, 'support': None, 'n': None, 'peak': -0.0027571213742097218}); windows compared in place
[Coarse] pair 11: no reliable coarse offset (matcher: no matches; phasecorr: {'dx': -18107.733154651494, 'dy': -332.5590928480355, 'support': None, 'n': None, 'peak': 0.020898853179031604}); windows compared in place
[Coarse] pair 20: no reliable coarse offset (matcher: no matches; phasecorr: {'dx': -28903.23193639674, 'dy': -12953.216285335406, 'support': None, 'n': None, 'peak': 0.008737401829825507}); windows compared in place
[Coarse] pair 26: no reliable coarse offset (matcher: no matches; phasecorr: {'dx': -96306.08142606622, 'dy': -17142.367293993742, 'support': None, 'n': None, 'peak': 0.02253384519977334}); windows compared in place
[Coarse] pair 2: phase correlation gave dE=-8934 m dN=5487 m, 10.5 km from every offset the matcher measured; using pair 1's (dE=-18061 m dN=-445 m)
[Coarse] pair 10: phase correlation gave dE=43169 m dN=-4147 m, 61.1 km from every offset the matcher measured; using pair 8's (dE=-17887 m dN=-575 m)
[Coarse] pair 12: phase correlation gave dE=-1877 m dN=10017 m, 18.9 km from every offset the matcher measured; using pair 8's (dE=-17887 m dN=-575 m)
[Coarse] pair 13: phase correlation gave dE=7584 m dN=8567 m, 26.9 km from every offset the matcher measured; using pair 8's (dE=-17887 m dN=-575 m)
[Coarse] pair 18: phase correlation gave dE=744 m dN=-16615 m, 24.6 km from every offset the matcher measured; using pair 25's (dE=-17915 m dN=-203 m)
[Coarse] pair 19: phase correlation gave dE=11920 m dN=-17918 m, 34.5 km from every offset the matcher measured; using pair 25's (dE=-17915 m dN=-203 m)
[Coarse] pair 21: phase correlation gave dE=-11414 m dN=-17047 m, 17.6 km from every offset the matcher measured; using pair 25's (dE=-17915 m dN=-203 m)
[Coarse] pair 27: phase correlation gave dE=-97898 m dN=-6012 m, 79.7 km from every offset the matcher measured; using pair 23's (dE=-17897 m dN=-82 m)
[Coarse] imw-d2net-nn-kt0p2-fm1 pair 1: dE=-18060.9 m dN=-444.6 m (matcher@315m, support=13, peak=None) 
imw-d2net-nn-kt0p2-fm1: Processing pair 1 from disk...
imw-d2net-nn-kt0p2-fm1: 1 match-sets in 0.24s
[Coarse] imw-d2net-nn-kt0p2-fm1 pair 2: dE=-18060.9 m dN=-444.6 m (from-pair-1 (phasecorr disagreed), support=None, peak=0.03413578109976686) 
imw-d2net-nn-kt0p2-fm1: Processing pair 2 from disk...
imw-d2net-nn-kt0p2-fm1: 1 match-sets in 0.24s
[Coarse] imw-d2net-nn-kt0p2-fm1 pair 3: dE=-18060.9 m dN=-444.6 m (from-pair-1, support=None, peak=None) 
imw-d2net-nn-kt0p2-fm1: Processing pair 3 from disk...
imw-d2net-nn-kt0p2-fm1: 1 match-sets in 0.25s
[Coarse] imw-d2net-nn-kt0p2-fm1 pair 4: dE=-18347.4 m dN=-847.2 m (matcher@315m, support=8, peak=None) 
imw-d2net-nn-kt0p2-fm1: Processing pair 4 from disk...
imw-d2net-nn-kt0p2-fm1: 1 match-sets in 0.27s
[Coarse] imw-d2net-nn-kt0p2-fm1 pair 5: dE=-18347.4 m dN=-847.2 m (from-pair-4, support=None, peak=None) 
imw-d2net-nn-kt0p2-fm1: Processing pair 5 from disk...
imw-d2net-nn-kt0p2-fm1: 1 match-sets in 0.26s
[Coarse] imw-d2net-nn-kt0p2-fm1 pair 6: dE=-18347.4 m dN=-847.2 m (from-pair-4, support=None, peak=None) 
imw-d2net-nn-kt0p2-fm1: Processing pair 6 from disk...
imw-d2net-nn-kt0p2-fm1: 1 match-sets in 0.27s
[Coarse] imw-d2net-nn-kt0p2-fm1 pair 7: dE=-18325.7 m dN=-374.4 m (matcher@315m, support=31, peak=None) 
imw-d2net-nn-kt0p2-fm1: Processing pair 7 from disk...
imw-d2net-nn-kt0p2-fm1: 1 match-sets in 0.69s
[Coarse] imw-d2net-nn-kt0p2-fm1 pair 8: dE=-17886.8 m dN=-574.6 m (matcher@315m, support=14, peak=None) 
imw-d2net-nn-kt0p2-fm1: Processing pair 8 from disk...
imw-d2net-nn-kt0p2-fm1: 1 match-sets in 4.93s
[Coarse] imw-d2net-nn-kt0p2-fm1 pair 9: dE=-17891.3 m dN=-538.3 m (matcher@315m, support=22, peak=None) 
imw-d2net-nn-kt0p2-fm1: Processing pair 9 from disk...
imw-d2net-nn-kt0p2-fm1: 1 match-sets in 0.70s
[Coarse] imw-d2net-nn-kt0p2-fm1 pair 10: dE=-17886.8 m dN=-574.6 m (from-pair-8 (phasecorr disagreed), support=None, peak=0.04791493653487985) 
imw-d2net-nn-kt0p2-fm1: Processing pair 10 from disk...
imw-d2net-nn-kt0p2-fm1: 0 match-sets in 0.54s
[Coarse] imw-d2net-nn-kt0p2-fm1 pair 11: dE=-17886.8 m dN=-574.6 m (from-pair-10, support=None, peak=None) 
imw-d2net-nn-kt0p2-fm1: Processing pair 11 from disk...
imw-d2net-nn-kt0p2-fm1: 1 match-sets in 0.59s
[Coarse] imw-d2net-nn-kt0p2-fm1 pair 12: dE=-17886.8 m dN=-574.6 m (from-pair-8 (phasecorr disagreed), support=None, peak=0.1047012765466431) 
imw-d2net-nn-kt0p2-fm1: Processing pair 12 from disk...
imw-d2net-nn-kt0p2-fm1: 0 match-sets in 0.00s
[Coarse] imw-d2net-nn-kt0p2-fm1 pair 13: dE=-17886.8 m dN=-574.6 m (from-pair-8 (phasecorr disagreed), support=None, peak=0.09384612739086151) 
imw-d2net-nn-kt0p2-fm1: Processing pair 13 from disk...
imw-d2net-nn-kt0p2-fm1: 0 match-sets in 0.00s
[Coarse] imw-d2net-nn-kt0p2-fm1 pair 14: dE=-17870.0 m dN=-111.8 m (matcher@315m, support=161, peak=None) 
imw-d2net-nn-kt0p2-fm1: Processing pair 14 from disk...
imw-d2net-nn-kt0p2-fm1: 1 match-sets in 1.30s
[Coarse] imw-d2net-nn-kt0p2-fm1 pair 15: dE=-17816.6 m dN=-250.8 m (matcher@315m, support=252, peak=None) 
imw-d2net-nn-kt0p2-fm1: Processing pair 15 from disk...
imw-d2net-nn-kt0p2-fm1: 1 match-sets in 1.31s
[Coarse] imw-d2net-nn-kt0p2-fm1 pair 16: dE=-18071.0 m dN=-469.7 m (matcher@315m, support=127, peak=None) 
imw-d2net-nn-kt0p2-fm1: Processing pair 16 from disk...
imw-d2net-nn-kt0p2-fm1: 1 match-sets in 0.57s
[Coarse] imw-d2net-nn-kt0p2-fm1 pair 17: dE=-18048.4 m dN=-388.9 m (matcher@315m, support=178, peak=None) 
imw-d2net-nn-kt0p2-fm1: Processing pair 17 from disk...
imw-d2net-nn-kt0p2-fm1: 1 match-sets in 0.59s
[Coarse] imw-d2net-nn-kt0p2-fm1 pair 18: dE=-17914.9 m dN=-203.3 m (from-pair-25 (phasecorr disagreed), support=None, peak=0.06863816733713503) 
imw-d2net-nn-kt0p2-fm1: Processing pair 18 from disk...
imw-d2net-nn-kt0p2-fm1: 0 match-sets in 0.00s
[Coarse] imw-d2net-nn-kt0p2-fm1 pair 19: dE=-17914.9 m dN=-203.3 m (from-pair-25 (phasecorr disagreed), support=None, peak=0.15104582491848204) 
imw-d2net-nn-kt0p2-fm1: Processing pair 19 from disk...
imw-d2net-nn-kt0p2-fm1: 0 match-sets in 0.00s
[Coarse] imw-d2net-nn-kt0p2-fm1 pair 20: dE=-17914.9 m dN=-203.3 m (from-pair-19, support=None, peak=None) 
imw-d2net-nn-kt0p2-fm1: Processing pair 20 from disk...
imw-d2net-nn-kt0p2-fm1: 0 match-sets in 0.00s
[Coarse] imw-d2net-nn-kt0p2-fm1 pair 21: dE=-17914.9 m dN=-203.3 m (from-pair-25 (phasecorr disagreed), support=None, peak=0.036990950946454645) 
imw-d2net-nn-kt0p2-fm1: Processing pair 21 from disk...
imw-d2net-nn-kt0p2-fm1: 0 match-sets in 0.00s
[Coarse] imw-d2net-nn-kt0p2-fm1 pair 22: dE=-17915.5 m dN=-210.0 m (matcher@315m, support=81, peak=None) 
imw-d2net-nn-kt0p2-fm1: Processing pair 22 from disk...
imw-d2net-nn-kt0p2-fm1: 1 match-sets in 0.65s
[Coarse] imw-d2net-nn-kt0p2-fm1 pair 23: dE=-17897.0 m dN=-81.6 m (matcher@315m, support=84, peak=None) 
imw-d2net-nn-kt0p2-fm1: Processing pair 23 from disk...
imw-d2net-nn-kt0p2-fm1: 1 match-sets in 0.64s
[Coarse] imw-d2net-nn-kt0p2-fm1 pair 24: dE=-17984.9 m dN=-229.5 m (matcher@315m, support=75, peak=None) 
imw-d2net-nn-kt0p2-fm1: Processing pair 24 from disk...
imw-d2net-nn-kt0p2-fm1: 1 match-sets in 0.66s
[Coarse] imw-d2net-nn-kt0p2-fm1 pair 25: dE=-17914.9 m dN=-203.3 m (matcher@315m, support=85, peak=None) 
imw-d2net-nn-kt0p2-fm1: Processing pair 25 from disk...
imw-d2net-nn-kt0p2-fm1: 1 match-sets in 0.64s
[Coarse] imw-d2net-nn-kt0p2-fm1 pair 26: dE=-17897.0 m dN=-81.6 m (from-pair-27, support=None, peak=None) 
imw-d2net-nn-kt0p2-fm1: Processing pair 26 from disk...
imw-d2net-nn-kt0p2-fm1: 1 match-sets in 0.45s
[Coarse] imw-d2net-nn-kt0p2-fm1 pair 27: dE=-17897.0 m dN=-81.6 m (from-pair-23 (phasecorr disagreed), support=None, peak=0.05064041456057702) 
imw-d2net-nn-kt0p2-fm1: Processing pair 27 from disk...
imw-d2net-nn-kt0p2-fm1: 1 match-sets in 0.44s
Saved:
 CHIP_STATS_ALL.csv
 CHIP_STATS_SURVIVORS.csv
 CONSENSUS_SCORES.csv
 BEST_CHIP_SET.csv
 BEST_CHIP_MANIFEST.csv
 BEST_FINAL_SUMMARY.csv
[band1] imw-d2net-nn-kt0p2-fm1 ok in 0.5 min, peak GPU memory 32.5 of 39.4 GB
[imw-d2net-nn] Model unloaded.
--------------------------------------------------------------------------------
[band1] Running imw-d2net-nn-kt0p2
[imw-d2net-nn] Loading model...
[Coarse] pair 3: no reliable coarse offset (matcher: {'dx': -19649.840927124023, 'dy': -1650.5368423461914, 'support': 3, 'n': 5, 'peak': None}; phasecorr: {'dx': -16147.443677524008, 'dy': -26751.975000537102, 'support': None, 'n': None, 'peak': 0.00032880983234923565}); windows compared in place
[Coarse] pair 6: no reliable coarse offset (matcher: {'dx': -17675.29426574707, 'dy': -982.3274230957031, 'support': 3, 'n': 5, 'peak': None}; phasecorr: {'dx': -15852.800158210905, 'dy': 18737.59796077822, 'support': None, 'n': None, 'peak': -0.0027571213742097218}); windows compared in place
[Coarse] pair 11: no reliable coarse offset (matcher: {'dx': -18219.834365844727, 'dy': 176.5338134765625, 'support': 5, 'n': 7, 'peak': None}; phasecorr: {'dx': -18107.733154651494, 'dy': -332.5590928480355, 'support': None, 'n': None, 'peak': 0.020898853179031604}); windows compared in place
[Coarse] pair 20: no reliable coarse offset (matcher: no matches; phasecorr: {'dx': -28903.23193639674, 'dy': -12953.216285335406, 'support': None, 'n': None, 'peak': 0.008737401829825507}); windows compared in place
[Coarse] pair 26: no reliable coarse offset (matcher: no matches; phasecorr: {'dx': -96306.08142606622, 'dy': -17142.367293993742, 'support': None, 'n': None, 'peak': 0.02253384519977334}); windows compared in place
[Coarse] pair 2: phase correlation gave dE=-8934 m dN=5487 m, 10.5 km from every offset the matcher measured; using pair 5's (dE=-18756 m dN=-848 m)
[Coarse] pair 10: phase correlation gave dE=43169 m dN=-4147 m, 61.0 km from every offset the matcher measured; using pair 8's (dE=-18040 m dN=-940 m)
[Coarse] pair 12: phase correlation gave dE=-1877 m dN=10017 m, 18.9 km from every offset the matcher measured; using pair 8's (dE=-18040 m dN=-940 m)
[Coarse] pair 13: phase correlation gave dE=7584 m dN=8567 m, 26.8 km from every offset the matcher measured; using pair 8's (dE=-18040 m dN=-940 m)
[Coarse] pair 18: phase correlation gave dE=744 m dN=-16615 m, 24.5 km from every offset the matcher measured; using pair 25's (dE=-17693 m dN=-305 m)
[Coarse] pair 19: phase correlation gave dE=11920 m dN=-17918 m, 34.4 km from every offset the matcher measured; using pair 25's (dE=-17693 m dN=-305 m)
[Coarse] pair 21: phase correlation gave dE=-11414 m dN=-17047 m, 17.4 km from every offset the matcher measured; using pair 25's (dE=-17693 m dN=-305 m)
[Coarse] pair 27: phase correlation gave dE=-97898 m dN=-6012 m, 79.3 km from every offset the matcher measured; using pair 23's (dE=-17867 m dN=-135 m)
[Coarse] imw-d2net-nn-kt0p2 pair 1: dE=-18062.2 m dN=-904.8 m (phasecorr@315m, support=None, peak=0.03257782713572184) 
imw-d2net-nn-kt0p2: Processing pair 1 from disk...
imw-d2net-nn-kt0p2: 1 match-sets in 0.11s
[Coarse] imw-d2net-nn-kt0p2 pair 2: dE=-18755.7 m dN=-848.2 m (from-pair-5 (phasecorr disagreed), support=None, peak=0.03413578109976686) 
imw-d2net-nn-kt0p2: Processing pair 2 from disk...
imw-d2net-nn-kt0p2: 1 match-sets in 0.12s
[Coarse] imw-d2net-nn-kt0p2 pair 3: dE=-18062.2 m dN=-904.8 m (from-pair-1, support=None, peak=None) 
imw-d2net-nn-kt0p2: Processing pair 3 from disk...
imw-d2net-nn-kt0p2: 1 match-sets in 0.12s
[Coarse] imw-d2net-nn-kt0p2 pair 4: dE=-18193.7 m dN=-291.7 m (matcher@315m, support=15, peak=None) 
imw-d2net-nn-kt0p2: Processing pair 4 from disk...
imw-d2net-nn-kt0p2: 1 match-sets in 0.15s
[Coarse] imw-d2net-nn-kt0p2 pair 5: dE=-18755.7 m dN=-848.2 m (matcher@315m, support=10, peak=None) 
imw-d2net-nn-kt0p2: Processing pair 5 from disk...
imw-d2net-nn-kt0p2: 1 match-sets in 0.13s
[Coarse] imw-d2net-nn-kt0p2 pair 6: dE=-18755.7 m dN=-848.2 m (from-pair-5, support=None, peak=None) 
imw-d2net-nn-kt0p2: Processing pair 6 from disk...
imw-d2net-nn-kt0p2: 1 match-sets in 0.13s
[Coarse] imw-d2net-nn-kt0p2 pair 7: dE=-17887.5 m dN=-531.3 m (matcher@315m, support=30, peak=None) 
imw-d2net-nn-kt0p2: Processing pair 7 from disk...
imw-d2net-nn-kt0p2: 1 match-sets in 0.60s
[Coarse] imw-d2net-nn-kt0p2 pair 8: dE=-18040.4 m dN=-940.2 m (matcher@315m, support=24, peak=None) 
imw-d2net-nn-kt0p2: Processing pair 8 from disk...
imw-d2net-nn-kt0p2: 1 match-sets in 0.45s
[Coarse] imw-d2net-nn-kt0p2 pair 9: dE=-18007.4 m dN=-778.4 m (matcher@315m, support=24, peak=None) 
imw-d2net-nn-kt0p2: Processing pair 9 from disk...
imw-d2net-nn-kt0p2: 1 match-sets in 0.43s
[Coarse] imw-d2net-nn-kt0p2 pair 10: dE=-18040.4 m dN=-940.2 m (from-pair-8 (phasecorr disagreed), support=None, peak=0.04791493653487985) 
imw-d2net-nn-kt0p2: Processing pair 10 from disk...
imw-d2net-nn-kt0p2: 0 match-sets in 0.25s
[Coarse] imw-d2net-nn-kt0p2 pair 11: dE=-18040.4 m dN=-940.2 m (from-pair-10, support=None, peak=None) 
imw-d2net-nn-kt0p2: Processing pair 11 from disk...
imw-d2net-nn-kt0p2: 1 match-sets in 0.32s
[Coarse] imw-d2net-nn-kt0p2 pair 12: dE=-18040.4 m dN=-940.2 m (from-pair-8 (phasecorr disagreed), support=None, peak=0.1047012765466431) 
imw-d2net-nn-kt0p2: Processing pair 12 from disk...
imw-d2net-nn-kt0p2: 0 match-sets in 0.00s
[Coarse] imw-d2net-nn-kt0p2 pair 13: dE=-18040.4 m dN=-940.2 m (from-pair-8 (phasecorr disagreed), support=None, peak=0.09384612739086151) 
imw-d2net-nn-kt0p2: Processing pair 13 from disk...
imw-d2net-nn-kt0p2: 0 match-sets in 0.00s
[Coarse] imw-d2net-nn-kt0p2 pair 14: dE=-18029.7 m dN=-308.0 m (matcher@315m, support=202, peak=None) 
imw-d2net-nn-kt0p2: Processing pair 14 from disk...
imw-d2net-nn-kt0p2: 1 match-sets in 0.45s
[Coarse] imw-d2net-nn-kt0p2 pair 15: dE=-17955.9 m dN=-265.2 m (matcher@315m, support=235, peak=None) 
imw-d2net-nn-kt0p2: Processing pair 15 from disk...
imw-d2net-nn-kt0p2: 1 match-sets in 0.48s
[Coarse] imw-d2net-nn-kt0p2 pair 16: dE=-18186.3 m dN=-310.5 m (matcher@315m, support=141, peak=None) 
imw-d2net-nn-kt0p2: Processing pair 16 from disk...
imw-d2net-nn-kt0p2: 1 match-sets in 0.29s
[Coarse] imw-d2net-nn-kt0p2 pair 17: dE=-18063.5 m dN=-202.0 m (matcher@315m, support=183, peak=None) 
imw-d2net-nn-kt0p2: Processing pair 17 from disk...
imw-d2net-nn-kt0p2: 1 match-sets in 0.31s
[Coarse] imw-d2net-nn-kt0p2 pair 18: dE=-17693.2 m dN=-305.4 m (from-pair-25 (phasecorr disagreed), support=None, peak=0.06863816733713503) 
imw-d2net-nn-kt0p2: Processing pair 18 from disk...
imw-d2net-nn-kt0p2: 0 match-sets in 0.00s
[Coarse] imw-d2net-nn-kt0p2 pair 19: dE=-17693.2 m dN=-305.4 m (from-pair-25 (phasecorr disagreed), support=None, peak=0.15104582491848204) 
imw-d2net-nn-kt0p2: Processing pair 19 from disk...
imw-d2net-nn-kt0p2: 0 match-sets in 0.00s
[Coarse] imw-d2net-nn-kt0p2 pair 20: dE=-17693.2 m dN=-305.4 m (from-pair-19, support=None, peak=None) 
imw-d2net-nn-kt0p2: Processing pair 20 from disk...
imw-d2net-nn-kt0p2: 0 match-sets in 0.00s
[Coarse] imw-d2net-nn-kt0p2 pair 21: dE=-17693.2 m dN=-305.4 m (from-pair-25 (phasecorr disagreed), support=None, peak=0.036990950946454645) 
imw-d2net-nn-kt0p2: Processing pair 21 from disk...
imw-d2net-nn-kt0p2: 0 match-sets in 0.00s
[Coarse] imw-d2net-nn-kt0p2 pair 22: dE=-17748.9 m dN=-303.6 m (matcher@315m, support=91, peak=None) 
imw-d2net-nn-kt0p2: Processing pair 22 from disk...
imw-d2net-nn-kt0p2: 1 match-sets in 0.35s
[Coarse] imw-d2net-nn-kt0p2 pair 23: dE=-17867.3 m dN=-134.5 m (matcher@315m, support=94, peak=None) 
imw-d2net-nn-kt0p2: Processing pair 23 from disk...
imw-d2net-nn-kt0p2: 1 match-sets in 0.34s
[Coarse] imw-d2net-nn-kt0p2 pair 24: dE=-17920.6 m dN=-128.4 m (matcher@315m, support=101, peak=None) 
imw-d2net-nn-kt0p2: Processing pair 24 from disk...
imw-d2net-nn-kt0p2: 1 match-sets in 0.35s
[Coarse] imw-d2net-nn-kt0p2 pair 25: dE=-17693.2 m dN=-305.4 m (matcher@315m, support=82, peak=None) 
imw-d2net-nn-kt0p2: Processing pair 25 from disk...
imw-d2net-nn-kt0p2: 1 match-sets in 0.35s
[Coarse] imw-d2net-nn-kt0p2 pair 26: dE=-17867.3 m dN=-134.5 m (from-pair-27, support=None, peak=None) 
imw-d2net-nn-kt0p2: Processing pair 26 from disk...
imw-d2net-nn-kt0p2: 1 match-sets in 0.24s
[Coarse] imw-d2net-nn-kt0p2 pair 27: dE=-17867.3 m dN=-134.5 m (from-pair-23 (phasecorr disagreed), support=None, peak=0.05064041456057702) 
imw-d2net-nn-kt0p2: Processing pair 27 from disk...
imw-d2net-nn-kt0p2: 1 match-sets in 0.25s
Saved:
 CHIP_STATS_ALL.csv
 CHIP_STATS_SURVIVORS.csv
 CONSENSUS_SCORES.csv
 BEST_CHIP_SET.csv
 BEST_CHIP_MANIFEST.csv
 BEST_FINAL_SUMMARY.csv
[band1] imw-d2net-nn-kt0p2 ok in 0.2 min, peak GPU memory 0.7 of 39.4 GB
[imw-d2net-nn] Model unloaded.
--------------------------------------------------------------------------------
[band1] Running imw-alike-nn-kt0p2-fm1-fsp1
[imw-alike-nn] Loading model...
[Coarse] pair 3: no reliable coarse offset (matcher: no matches; phasecorr: {'dx': -16147.443677524008, 'dy': -26751.975000537102, 'support': None, 'n': None, 'peak': 0.00032880983234923565}); windows compared in place
[Coarse] pair 4: no reliable coarse offset (matcher: no matches; phasecorr: {'dx': 12882.472481301173, 'dy': 92621.70938170607, 'support': None, 'n': None, 'peak': -0.00012715039429841217}); windows compared in place
[Coarse] pair 5: no reliable coarse offset (matcher: {'dx': -20536.346197128296, 'dy': 322.81299591064453, 'support': 2, 'n': 5, 'peak': None}; phasecorr: {'dx': 3156.3479216096807, 'dy': 18300.67805989782, 'support': None, 'n': None, 'peak': 0.020832994549224774}); windows compared in place
[Coarse] pair 6: no reliable coarse offset (matcher: {'dx': -18986.245765686035, 'dy': 8446.283569335938, 'support': 1, 'n': 3, 'peak': None}; phasecorr: {'dx': -15852.800158210905, 'dy': 18737.59796077822, 'support': None, 'n': None, 'peak': -0.0027571213742097218}); windows compared in place
[Coarse] pair 7: no reliable coarse offset (matcher: {'dx': -17806.940002441406, 'dy': -548.6484718322754, 'support': 2, 'n': 4, 'peak': None}; phasecorr: {'dx': -17660.72648465004, 'dy': -478.5174601560547, 'support': None, 'n': None, 'peak': 0.0218074359204816}); windows compared in place
[Coarse] pair 8: no reliable coarse offset (matcher: no matches; phasecorr: {'dx': -18002.059573769864, 'dy': -489.60497923140906, 'support': None, 'n': None, 'peak': 0.011968647486368816}); windows compared in place
[Coarse] pair 11: no reliable coarse offset (matcher: no matches; phasecorr: {'dx': -18107.733154651494, 'dy': -332.5590928480355, 'support': None, 'n': None, 'peak': 0.020898853179031604}); windows compared in place
[Coarse] pair 20: no reliable coarse offset (matcher: no matches; phasecorr: {'dx': -28903.23193639674, 'dy': -12953.216285335406, 'support': None, 'n': None, 'peak': 0.008737401829825507}); windows compared in place
[Coarse] pair 26: no reliable coarse offset (matcher: no matches; phasecorr: {'dx': -96306.08142606622, 'dy': -17142.367293993742, 'support': None, 'n': None, 'peak': 0.02253384519977334}); windows compared in place
[Coarse] pair 2: phase correlation gave dE=-8934 m dN=5487 m, 10.6 km from every offset the matcher measured; using pair 14's (dE=-17853 m dN=-177 m)
[Coarse] pair 10: phase correlation gave dE=43169 m dN=-4147 m, 61.2 km from every offset the matcher measured; using pair 14's (dE=-17853 m dN=-177 m)
[Coarse] pair 12: phase correlation gave dE=-1877 m dN=10017 m, 19.0 km from every offset the matcher measured; using pair 14's (dE=-17853 m dN=-177 m)
[Coarse] pair 13: phase correlation gave dE=7584 m dN=8567 m, 26.9 km from every offset the matcher measured; using pair 14's (dE=-17853 m dN=-177 m)
[Coarse] pair 18: phase correlation gave dE=744 m dN=-16615 m, 24.8 km from every offset the matcher measured; using pair 15's (dE=-17944 m dN=-229 m)
[Coarse] pair 19: phase correlation gave dE=11920 m dN=-17918 m, 34.6 km from every offset the matcher measured; using pair 15's (dE=-17944 m dN=-229 m)
[Coarse] pair 21: phase correlation gave dE=-11414 m dN=-17047 m, 18.0 km from every offset the matcher measured; using pair 15's (dE=-17944 m dN=-229 m)
[Coarse] pair 27: phase correlation gave dE=-97898 m dN=-6012 m, 80.1 km from every offset the matcher measured; using pair 17's (dE=-18037 m dN=-264 m)
[Coarse] imw-alike-nn-kt0p2-fm1-fsp1 pair 1: dE=-18062.2 m dN=-904.8 m (phasecorr@315m, support=None, peak=0.03257782713572184) 
imw-alike-nn-kt0p2-fm1-fsp1: Processing pair 1 from disk...
imw-alike-nn-kt0p2-fm1-fsp1: 1 match-sets in 0.16s
[Coarse] imw-alike-nn-kt0p2-fm1-fsp1 pair 2: dE=-17853.0 m dN=-177.4 m (from-pair-14 (phasecorr disagreed), support=None, peak=0.03413578109976686) 
imw-alike-nn-kt0p2-fm1-fsp1: Processing pair 2 from disk...
imw-alike-nn-kt0p2-fm1-fsp1: 1 match-sets in 0.09s
[Coarse] imw-alike-nn-kt0p2-fm1-fsp1 pair 3: dE=-18062.2 m dN=-904.8 m (from-pair-1, support=None, peak=None) 
imw-alike-nn-kt0p2-fm1-fsp1: Processing pair 3 from disk...
imw-alike-nn-kt0p2-fm1-fsp1: 1 match-sets in 0.09s
[Coarse] imw-alike-nn-kt0p2-fm1-fsp1 pair 4: dE=-17853.0 m dN=-177.4 m (from-pair-2, support=None, peak=None) 
imw-alike-nn-kt0p2-fm1-fsp1: Processing pair 4 from disk...
imw-alike-nn-kt0p2-fm1-fsp1: 1 match-sets in 0.19s
[Coarse] imw-alike-nn-kt0p2-fm1-fsp1 pair 5: dE=-17853.0 m dN=-177.4 m (from-pair-2, support=None, peak=None) 
imw-alike-nn-kt0p2-fm1-fsp1: Processing pair 5 from disk...
imw-alike-nn-kt0p2-fm1-fsp1: 1 match-sets in 0.11s
[Coarse] imw-alike-nn-kt0p2-fm1-fsp1 pair 6: dE=-17853.0 m dN=-177.4 m (from-pair-2, support=None, peak=None) 
imw-alike-nn-kt0p2-fm1-fsp1: Processing pair 6 from disk...
imw-alike-nn-kt0p2-fm1-fsp1: 1 match-sets in 0.10s
[Coarse] imw-alike-nn-kt0p2-fm1-fsp1 pair 7: dE=-17790.5 m dN=-428.0 m (from-pair-9, support=None, peak=None) 
imw-alike-nn-kt0p2-fm1-fsp1: Processing pair 7 from disk...
imw-alike-nn-kt0p2-fm1-fsp1: 1 match-sets in 0.38s
[Coarse] imw-alike-nn-kt0p2-fm1-fsp1 pair 8: dE=-17790.5 m dN=-428.0 m (from-pair-9, support=None, peak=None) 
imw-alike-nn-kt0p2-fm1-fsp1: Processing pair 8 from disk...
imw-alike-nn-kt0p2-fm1-fsp1: 1 match-sets in 0.36s
[Coarse] imw-alike-nn-kt0p2-fm1-fsp1 pair 9: dE=-17790.5 m dN=-428.0 m (phasecorr@315m, support=None, peak=0.031066529352914596) 
imw-alike-nn-kt0p2-fm1-fsp1: Processing pair 9 from disk...
imw-alike-nn-kt0p2-fm1-fsp1: 1 match-sets in 0.36s
[Coarse] imw-alike-nn-kt0p2-fm1-fsp1 pair 10: dE=-17853.0 m dN=-177.4 m (from-pair-14 (phasecorr disagreed), support=None, peak=0.04791493653487985) 
imw-alike-nn-kt0p2-fm1-fsp1: Processing pair 10 from disk...
imw-alike-nn-kt0p2-fm1-fsp1: 1 match-sets in 0.32s
[Coarse] imw-alike-nn-kt0p2-fm1-fsp1 pair 11: dE=-17853.0 m dN=-177.4 m (from-pair-10, support=None, peak=None) 
imw-alike-nn-kt0p2-fm1-fsp1: Processing pair 11 from disk...
imw-alike-nn-kt0p2-fm1-fsp1: 1 match-sets in 0.25s
[Coarse] imw-alike-nn-kt0p2-fm1-fsp1 pair 12: dE=-17853.0 m dN=-177.4 m (from-pair-14 (phasecorr disagreed), support=None, peak=0.1047012765466431) 
imw-alike-nn-kt0p2-fm1-fsp1: Processing pair 12 from disk...
imw-alike-nn-kt0p2-fm1-fsp1: 0 match-sets in 0.00s
[Coarse] imw-alike-nn-kt0p2-fm1-fsp1 pair 13: dE=-17853.0 m dN=-177.4 m (from-pair-14 (phasecorr disagreed), support=None, peak=0.09384612739086151) 
imw-alike-nn-kt0p2-fm1-fsp1: Processing pair 13 from disk...
imw-alike-nn-kt0p2-fm1-fsp1: 0 match-sets in 0.00s
[Coarse] imw-alike-nn-kt0p2-fm1-fsp1 pair 14: dE=-17853.0 m dN=-177.4 m (matcher@315m, support=45, peak=None) 
imw-alike-nn-kt0p2-fm1-fsp1: Processing pair 14 from disk...
imw-alike-nn-kt0p2-fm1-fsp1: 1 match-sets in 0.43s
[Coarse] imw-alike-nn-kt0p2-fm1-fsp1 pair 15: dE=-17943.9 m dN=-228.7 m (matcher@315m, support=76, peak=None) 
imw-alike-nn-kt0p2-fm1-fsp1: Processing pair 15 from disk...
imw-alike-nn-kt0p2-fm1-fsp1: 1 match-sets in 0.33s
[Coarse] imw-alike-nn-kt0p2-fm1-fsp1 pair 16: dE=-17903.1 m dN=-289.8 m (matcher@315m, support=26, peak=None) 
imw-alike-nn-kt0p2-fm1-fsp1: Processing pair 16 from disk...
imw-alike-nn-kt0p2-fm1-fsp1: 1 match-sets in 0.25s
[Coarse] imw-alike-nn-kt0p2-fm1-fsp1 pair 17: dE=-18037.2 m dN=-263.5 m (matcher@315m, support=35, peak=None) 
imw-alike-nn-kt0p2-fm1-fsp1: Processing pair 17 from disk...
imw-alike-nn-kt0p2-fm1-fsp1: 1 match-sets in 0.25s
[Coarse] imw-alike-nn-kt0p2-fm1-fsp1 pair 18: dE=-17943.9 m dN=-228.7 m (from-pair-15 (phasecorr disagreed), support=None, peak=0.06863816733713503) 
imw-alike-nn-kt0p2-fm1-fsp1: Processing pair 18 from disk...
imw-alike-nn-kt0p2-fm1-fsp1: 0 match-sets in 0.00s
[Coarse] imw-alike-nn-kt0p2-fm1-fsp1 pair 19: dE=-17943.9 m dN=-228.7 m (from-pair-15 (phasecorr disagreed), support=None, peak=0.15104582491848204) 
imw-alike-nn-kt0p2-fm1-fsp1: Processing pair 19 from disk...
imw-alike-nn-kt0p2-fm1-fsp1: 0 match-sets in 0.00s
[Coarse] imw-alike-nn-kt0p2-fm1-fsp1 pair 20: dE=-17943.9 m dN=-228.7 m (from-pair-19, support=None, peak=None) 
imw-alike-nn-kt0p2-fm1-fsp1: Processing pair 20 from disk...
imw-alike-nn-kt0p2-fm1-fsp1: 0 match-sets in 0.00s
[Coarse] imw-alike-nn-kt0p2-fm1-fsp1 pair 21: dE=-17943.9 m dN=-228.7 m (from-pair-15 (phasecorr disagreed), support=None, peak=0.036990950946454645) 
imw-alike-nn-kt0p2-fm1-fsp1: Processing pair 21 from disk...
imw-alike-nn-kt0p2-fm1-fsp1: 0 match-sets in 0.00s
[Coarse] imw-alike-nn-kt0p2-fm1-fsp1 pair 22: dE=-17882.3 m dN=-311.5 m (phasecorr@315m, support=None, peak=0.12721613845825194) 
imw-alike-nn-kt0p2-fm1-fsp1: Processing pair 22 from disk...
imw-alike-nn-kt0p2-fm1-fsp1: 1 match-sets in 0.33s
[Coarse] imw-alike-nn-kt0p2-fm1-fsp1 pair 23: dE=-17911.9 m dN=-326.6 m (phasecorr@315m, support=None, peak=0.12881409482955933) 
imw-alike-nn-kt0p2-fm1-fsp1: Processing pair 23 from disk...
imw-alike-nn-kt0p2-fm1-fsp1: 1 match-sets in 0.25s
[Coarse] imw-alike-nn-kt0p2-fm1-fsp1 pair 24: dE=-17928.8 m dN=-415.6 m (phasecorr@315m, support=None, peak=0.035175936365127565) 
imw-alike-nn-kt0p2-fm1-fsp1: Processing pair 24 from disk...
imw-alike-nn-kt0p2-fm1-fsp1: 1 match-sets in 0.25s
[Coarse] imw-alike-nn-kt0p2-fm1-fsp1 pair 25: dE=-17844.2 m dN=-348.0 m (phasecorr@315m, support=None, peak=0.15328786741892497) 
imw-alike-nn-kt0p2-fm1-fsp1: Processing pair 25 from disk...
imw-alike-nn-kt0p2-fm1-fsp1: 1 match-sets in 0.26s
[Coarse] imw-alike-nn-kt0p2-fm1-fsp1 pair 26: dE=-18037.2 m dN=-263.5 m (from-pair-27, support=None, peak=None) 
imw-alike-nn-kt0p2-fm1-fsp1: Processing pair 26 from disk...
imw-alike-nn-kt0p2-fm1-fsp1: 1 match-sets in 0.24s
[Coarse] imw-alike-nn-kt0p2-fm1-fsp1 pair 27: dE=-18037.2 m dN=-263.5 m (from-pair-17 (phasecorr disagreed), support=None, peak=0.05064041456057702) 
imw-alike-nn-kt0p2-fm1-fsp1: Processing pair 27 from disk...
imw-alike-nn-kt0p2-fm1-fsp1: 1 match-sets in 0.16s
Saved:
 CHIP_STATS_ALL.csv
 CHIP_STATS_SURVIVORS.csv
 CONSENSUS_SCORES.csv
 BEST_CHIP_SET.csv
 BEST_CHIP_MANIFEST.csv
 BEST_FINAL_SUMMARY.csv
[band1] imw-alike-nn-kt0p2-fm1-fsp1 ok in 0.2 min, peak GPU memory 2.1 of 39.4 GB
[imw-alike-nn] Model unloaded.
--------------------------------------------------------------------------------
[band1] Running imw-alike-nn-kt0p2-fm1
[imw-alike-nn] Loading model...
[Coarse] pair 3: no reliable coarse offset (matcher: {'dx': -20474.99939918518, 'dy': -4725.0, 'support': 1, 'n': 5, 'peak': None}; phasecorr: {'dx': -16147.443677524008, 'dy': -26751.975000537102, 'support': None, 'n': None, 'peak': 0.00032880983234923565}); windows compared in place
[Coarse] pair 4: no reliable coarse offset (matcher: no matches; phasecorr: {'dx': 12882.472481301173, 'dy': 92621.70938170607, 'support': None, 'n': None, 'peak': -0.00012715039429841217}); windows compared in place
[Coarse] pair 5: no reliable coarse offset (matcher: {'dx': -20159.99939918518, 'dy': 3150.0, 'support': 1, 'n': 4, 'peak': None}; phasecorr: {'dx': 3156.3479216096807, 'dy': 18300.67805989782, 'support': None, 'n': None, 'peak': 0.020832994549224774}); windows compared in place
[Coarse] pair 6: no reliable coarse offset (matcher: {'dx': -19530.0, 'dy': 7875.0, 'support': 1, 'n': 3, 'peak': None}; phasecorr: {'dx': -15852.800158210905, 'dy': 18737.59796077822, 'support': None, 'n': None, 'peak': -0.0027571213742097218}); windows compared in place
[Coarse] pair 7: no reliable coarse offset (matcher: {'dx': -20790.0, 'dy': 314.99759674072266, 'support': 1, 'n': 4, 'peak': None}; phasecorr: {'dx': -17660.72648465004, 'dy': -478.5174601560547, 'support': None, 'n': None, 'peak': 0.0218074359204816}); windows compared in place
[Coarse] pair 8: no reliable coarse offset (matcher: no matches; phasecorr: {'dx': -18002.059573769864, 'dy': -489.60497923140906, 'support': None, 'n': None, 'peak': 0.011968647486368816}); windows compared in place
[Coarse] pair 11: no reliable coarse offset (matcher: no matches; phasecorr: {'dx': -18107.733154651494, 'dy': -332.5590928480355, 'support': None, 'n': None, 'peak': 0.020898853179031604}); windows compared in place
[Coarse] pair 20: no reliable coarse offset (matcher: no matches; phasecorr: {'dx': -28903.23193639674, 'dy': -12953.216285335406, 'support': None, 'n': None, 'peak': 0.008737401829825507}); windows compared in place
[Coarse] pair 26: no reliable coarse offset (matcher: no matches; phasecorr: {'dx': -96306.08142606622, 'dy': -17142.367293993742, 'support': None, 'n': None, 'peak': 0.02253384519977334}); windows compared in place
[Coarse] pair 2: phase correlation gave dE=-8934 m dN=5487 m, 10.6 km from every offset the matcher measured; using pair 14's (dE=-17955 m dN=-0 m)
[Coarse] pair 10: phase correlation gave dE=43169 m dN=-4147 m, 61.1 km from every offset the matcher measured; using pair 14's (dE=-17955 m dN=-0 m)
[Coarse] pair 12: phase correlation gave dE=-1877 m dN=10017 m, 18.9 km from every offset the matcher measured; using pair 14's (dE=-17955 m dN=-0 m)
[Coarse] pair 13: phase correlation gave dE=7584 m dN=8567 m, 26.9 km from every offset the matcher measured; using pair 14's (dE=-17955 m dN=-0 m)
[Coarse] pair 18: phase correlation gave dE=744 m dN=-16615 m, 24.7 km from every offset the matcher measured; using pair 15's (dE=-17955 m dN=-315 m)
[Coarse] pair 19: phase correlation gave dE=11920 m dN=-17918 m, 34.5 km from every offset the matcher measured; using pair 15's (dE=-17955 m dN=-315 m)
[Coarse] pair 21: phase correlation gave dE=-11414 m dN=-17047 m, 17.9 km from every offset the matcher measured; using pair 15's (dE=-17955 m dN=-315 m)
[Coarse] pair 27: phase correlation gave dE=-97898 m dN=-6012 m, 80.1 km from every offset the matcher measured; using pair 17's (dE=-17955 m dN=-315 m)
[Coarse] imw-alike-nn-kt0p2-fm1 pair 1: dE=-18062.2 m dN=-904.8 m (phasecorr@315m, support=None, peak=0.03257782713572184) 
imw-alike-nn-kt0p2-fm1: Processing pair 1 from disk...
imw-alike-nn-kt0p2-fm1: 1 match-sets in 0.09s
[Coarse] imw-alike-nn-kt0p2-fm1 pair 2: dE=-17955.0 m dN=-0.0 m (from-pair-14 (phasecorr disagreed), support=None, peak=0.03413578109976686) 
imw-alike-nn-kt0p2-fm1: Processing pair 2 from disk...
imw-alike-nn-kt0p2-fm1: 1 match-sets in 0.09s
[Coarse] imw-alike-nn-kt0p2-fm1 pair 3: dE=-18062.2 m dN=-904.8 m (from-pair-1, support=None, peak=None) 
imw-alike-nn-kt0p2-fm1: Processing pair 3 from disk...
imw-alike-nn-kt0p2-fm1: 1 match-sets in 0.08s
[Coarse] imw-alike-nn-kt0p2-fm1 pair 4: dE=-17955.0 m dN=-0.0 m (from-pair-2, support=None, peak=None) 
imw-alike-nn-kt0p2-fm1: Processing pair 4 from disk...
imw-alike-nn-kt0p2-fm1: 1 match-sets in 0.19s
[Coarse] imw-alike-nn-kt0p2-fm1 pair 5: dE=-17955.0 m dN=-0.0 m (from-pair-2, support=None, peak=None) 
imw-alike-nn-kt0p2-fm1: Processing pair 5 from disk...
imw-alike-nn-kt0p2-fm1: 1 match-sets in 0.10s
[Coarse] imw-alike-nn-kt0p2-fm1 pair 6: dE=-17955.0 m dN=-0.0 m (from-pair-2, support=None, peak=None) 
imw-alike-nn-kt0p2-fm1: Processing pair 6 from disk...
imw-alike-nn-kt0p2-fm1: 1 match-sets in 0.11s
[Coarse] imw-alike-nn-kt0p2-fm1 pair 7: dE=-17790.5 m dN=-428.0 m (from-pair-9, support=None, peak=None) 
imw-alike-nn-kt0p2-fm1: Processing pair 7 from disk...
imw-alike-nn-kt0p2-fm1: 1 match-sets in 0.28s
[Coarse] imw-alike-nn-kt0p2-fm1 pair 8: dE=-17790.5 m dN=-428.0 m (from-pair-9, support=None, peak=None) 
imw-alike-nn-kt0p2-fm1: Processing pair 8 from disk...
imw-alike-nn-kt0p2-fm1: 1 match-sets in 0.28s
[Coarse] imw-alike-nn-kt0p2-fm1 pair 9: dE=-17790.5 m dN=-428.0 m (phasecorr@315m, support=None, peak=0.031066529352914596) 
imw-alike-nn-kt0p2-fm1: Processing pair 9 from disk...
imw-alike-nn-kt0p2-fm1: 1 match-sets in 0.26s
[Coarse] imw-alike-nn-kt0p2-fm1 pair 10: dE=-17955.0 m dN=-0.0 m (from-pair-14 (phasecorr disagreed), support=None, peak=0.04791493653487985) 
imw-alike-nn-kt0p2-fm1: Processing pair 10 from disk...
imw-alike-nn-kt0p2-fm1: 1 match-sets in 0.24s
[Coarse] imw-alike-nn-kt0p2-fm1 pair 11: dE=-17955.0 m dN=-0.0 m (from-pair-10, support=None, peak=None) 
imw-alike-nn-kt0p2-fm1: Processing pair 11 from disk...
imw-alike-nn-kt0p2-fm1: 1 match-sets in 0.24s
[Coarse] imw-alike-nn-kt0p2-fm1 pair 12: dE=-17955.0 m dN=-0.0 m (from-pair-14 (phasecorr disagreed), support=None, peak=0.1047012765466431) 
imw-alike-nn-kt0p2-fm1: Processing pair 12 from disk...
imw-alike-nn-kt0p2-fm1: 0 match-sets in 0.00s
[Coarse] imw-alike-nn-kt0p2-fm1 pair 13: dE=-17955.0 m dN=-0.0 m (from-pair-14 (phasecorr disagreed), support=None, peak=0.09384612739086151) 
imw-alike-nn-kt0p2-fm1: Processing pair 13 from disk...
imw-alike-nn-kt0p2-fm1: 0 match-sets in 0.00s
[Coarse] imw-alike-nn-kt0p2-fm1 pair 14: dE=-17955.0 m dN=-0.0 m (matcher@315m, support=29, peak=None) 
imw-alike-nn-kt0p2-fm1: Processing pair 14 from disk...
imw-alike-nn-kt0p2-fm1: 1 match-sets in 0.33s
[Coarse] imw-alike-nn-kt0p2-fm1 pair 15: dE=-17955.0 m dN=-315.0 m (matcher@315m, support=60, peak=None) 
imw-alike-nn-kt0p2-fm1: Processing pair 15 from disk...
imw-alike-nn-kt0p2-fm1: 1 match-sets in 0.35s
[Coarse] imw-alike-nn-kt0p2-fm1 pair 16: dE=-17797.5 m dN=-315.0 m (matcher@315m, support=18, peak=None) 
imw-alike-nn-kt0p2-fm1: Processing pair 16 from disk...
imw-alike-nn-kt0p2-fm1: 1 match-sets in 0.24s
[Coarse] imw-alike-nn-kt0p2-fm1 pair 17: dE=-17955.0 m dN=-315.0 m (matcher@315m, support=31, peak=None) 
imw-alike-nn-kt0p2-fm1: Processing pair 17 from disk...
imw-alike-nn-kt0p2-fm1: 1 match-sets in 0.25s
[Coarse] imw-alike-nn-kt0p2-fm1 pair 18: dE=-17955.0 m dN=-315.0 m (from-pair-15 (phasecorr disagreed), support=None, peak=0.06863816733713503) 
imw-alike-nn-kt0p2-fm1: Processing pair 18 from disk...
imw-alike-nn-kt0p2-fm1: 0 match-sets in 0.00s
[Coarse] imw-alike-nn-kt0p2-fm1 pair 19: dE=-17955.0 m dN=-315.0 m (from-pair-15 (phasecorr disagreed), support=None, peak=0.15104582491848204) 
imw-alike-nn-kt0p2-fm1: Processing pair 19 from disk...
imw-alike-nn-kt0p2-fm1: 0 match-sets in 0.00s
[Coarse] imw-alike-nn-kt0p2-fm1 pair 20: dE=-17955.0 m dN=-315.0 m (from-pair-19, support=None, peak=None) 
imw-alike-nn-kt0p2-fm1: Processing pair 20 from disk...
imw-alike-nn-kt0p2-fm1: 0 match-sets in 0.00s
[Coarse] imw-alike-nn-kt0p2-fm1 pair 21: dE=-17955.0 m dN=-315.0 m (from-pair-15 (phasecorr disagreed), support=None, peak=0.036990950946454645) 
imw-alike-nn-kt0p2-fm1: Processing pair 21 from disk...
imw-alike-nn-kt0p2-fm1: 0 match-sets in 0.00s
[Coarse] imw-alike-nn-kt0p2-fm1 pair 22: dE=-17882.3 m dN=-311.5 m (phasecorr@315m, support=None, peak=0.12721613845825194) 
imw-alike-nn-kt0p2-fm1: Processing pair 22 from disk...
imw-alike-nn-kt0p2-fm1: 1 match-sets in 0.25s
[Coarse] imw-alike-nn-kt0p2-fm1 pair 23: dE=-17911.9 m dN=-326.6 m (phasecorr@315m, support=None, peak=0.12881409482955933) 
imw-alike-nn-kt0p2-fm1: Processing pair 23 from disk...
imw-alike-nn-kt0p2-fm1: 1 match-sets in 0.25s
[Coarse] imw-alike-nn-kt0p2-fm1 pair 24: dE=-17928.8 m dN=-415.6 m (phasecorr@315m, support=None, peak=0.035175936365127565) 
imw-alike-nn-kt0p2-fm1: Processing pair 24 from disk...
imw-alike-nn-kt0p2-fm1: 1 match-sets in 0.25s
[Coarse] imw-alike-nn-kt0p2-fm1 pair 25: dE=-17844.2 m dN=-348.0 m (phasecorr@315m, support=None, peak=0.15328786741892497) 
imw-alike-nn-kt0p2-fm1: Processing pair 25 from disk...
imw-alike-nn-kt0p2-fm1: 1 match-sets in 0.25s
[Coarse] imw-alike-nn-kt0p2-fm1 pair 26: dE=-17955.0 m dN=-315.0 m (from-pair-27, support=None, peak=None) 
imw-alike-nn-kt0p2-fm1: Processing pair 26 from disk...
imw-alike-nn-kt0p2-fm1: 1 match-sets in 0.16s
[Coarse] imw-alike-nn-kt0p2-fm1 pair 27: dE=-17955.0 m dN=-315.0 m (from-pair-17 (phasecorr disagreed), support=None, peak=0.05064041456057702) 
imw-alike-nn-kt0p2-fm1: Processing pair 27 from disk...
imw-alike-nn-kt0p2-fm1: 1 match-sets in 0.14s
Saved:
 CHIP_STATS_ALL.csv
 CHIP_STATS_SURVIVORS.csv
 CONSENSUS_SCORES.csv
 BEST_CHIP_SET.csv
 BEST_CHIP_MANIFEST.csv
 BEST_FINAL_SUMMARY.csv
[band1] imw-alike-nn-kt0p2-fm1 ok in 0.2 min, peak GPU memory 0.4 of 39.4 GB
[imw-alike-nn] Model unloaded.
--------------------------------------------------------------------------------
[band1] Running imw-alike-nn-kt0p2-fsp1
[imw-alike-nn] Loading model...
[Coarse] pair 3: no reliable coarse offset (matcher: no matches; phasecorr: {'dx': -16147.443677524008, 'dy': -26751.975000537102, 'support': None, 'n': None, 'peak': 0.00032880983234923565}); windows compared in place
[Coarse] pair 4: no reliable coarse offset (matcher: no matches; phasecorr: {'dx': 12882.472481301173, 'dy': 92621.70938170607, 'support': None, 'n': None, 'peak': -0.00012715039429841217}); windows compared in place
[Coarse] pair 5: no reliable coarse offset (matcher: {'dx': -20536.346197128296, 'dy': 322.81299591064453, 'support': 2, 'n': 5, 'peak': None}; phasecorr: {'dx': 3156.3479216096807, 'dy': 18300.67805989782, 'support': None, 'n': None, 'peak': 0.020832994549224774}); windows compared in place
[Coarse] pair 6: no reliable coarse offset (matcher: {'dx': -18986.245765686035, 'dy': 8446.283569335938, 'support': 1, 'n': 3, 'peak': None}; phasecorr: {'dx': -15852.800158210905, 'dy': 18737.59796077822, 'support': None, 'n': None, 'peak': -0.0027571213742097218}); windows compared in place
[Coarse] pair 7: no reliable coarse offset (matcher: {'dx': -17806.940002441406, 'dy': -548.6484718322754, 'support': 2, 'n': 4, 'peak': None}; phasecorr: {'dx': -17660.72648465004, 'dy': -478.5174601560547, 'support': None, 'n': None, 'peak': 0.0218074359204816}); windows compared in place
[Coarse] pair 8: no reliable coarse offset (matcher: no matches; phasecorr: {'dx': -18002.059573769864, 'dy': -489.60497923140906, 'support': None, 'n': None, 'peak': 0.011968647486368816}); windows compared in place
[Coarse] pair 11: no reliable coarse offset (matcher: no matches; phasecorr: {'dx': -18107.733154651494, 'dy': -332.5590928480355, 'support': None, 'n': None, 'peak': 0.020898853179031604}); windows compared in place
[Coarse] pair 20: no reliable coarse offset (matcher: no matches; phasecorr: {'dx': -28903.23193639674, 'dy': -12953.216285335406, 'support': None, 'n': None, 'peak': 0.008737401829825507}); windows compared in place
[Coarse] pair 26: no reliable coarse offset (matcher: no matches; phasecorr: {'dx': -96306.08142606622, 'dy': -17142.367293993742, 'support': None, 'n': None, 'peak': 0.02253384519977334}); windows compared in place
[Coarse] pair 2: phase correlation gave dE=-8934 m dN=5487 m, 10.6 km from every offset the matcher measured; using pair 14's (dE=-17853 m dN=-177 m)
[Coarse] pair 10: phase correlation gave dE=43169 m dN=-4147 m, 61.2 km from every offset the matcher measured; using pair 14's (dE=-17853 m dN=-177 m)
[Coarse] pair 12: phase correlation gave dE=-1877 m dN=10017 m, 19.0 km from every offset the matcher measured; using pair 14's (dE=-17853 m dN=-177 m)
[Coarse] pair 13: phase correlation gave dE=7584 m dN=8567 m, 26.9 km from every offset the matcher measured; using pair 14's (dE=-17853 m dN=-177 m)
[Coarse] pair 18: phase correlation gave dE=744 m dN=-16615 m, 24.8 km from every offset the matcher measured; using pair 15's (dE=-17944 m dN=-229 m)
[Coarse] pair 19: phase correlation gave dE=11920 m dN=-17918 m, 34.6 km from every offset the matcher measured; using pair 15's (dE=-17944 m dN=-229 m)
[Coarse] pair 21: phase correlation gave dE=-11414 m dN=-17047 m, 18.0 km from every offset the matcher measured; using pair 15's (dE=-17944 m dN=-229 m)
[Coarse] pair 27: phase correlation gave dE=-97898 m dN=-6012 m, 80.1 km from every offset the matcher measured; using pair 17's (dE=-18037 m dN=-264 m)
[Coarse] imw-alike-nn-kt0p2-fsp1 pair 1: dE=-18062.2 m dN=-904.8 m (phasecorr@315m, support=None, peak=0.03257782713572184) 
imw-alike-nn-kt0p2-fsp1: Processing pair 1 from disk...
imw-alike-nn-kt0p2-fsp1: 1 match-sets in 0.09s
[Coarse] imw-alike-nn-kt0p2-fsp1 pair 2: dE=-17853.0 m dN=-177.4 m (from-pair-14 (phasecorr disagreed), support=None, peak=0.03413578109976686) 
imw-alike-nn-kt0p2-fsp1: Processing pair 2 from disk...
imw-alike-nn-kt0p2-fsp1: 1 match-sets in 0.09s
[Coarse] imw-alike-nn-kt0p2-fsp1 pair 3: dE=-18062.2 m dN=-904.8 m (from-pair-1, support=None, peak=None) 
imw-alike-nn-kt0p2-fsp1: Processing pair 3 from disk...
imw-alike-nn-kt0p2-fsp1: 1 match-sets in 0.09s
[Coarse] imw-alike-nn-kt0p2-fsp1 pair 4: dE=-17853.0 m dN=-177.4 m (from-pair-2, support=None, peak=None) 
imw-alike-nn-kt0p2-fsp1: Processing pair 4 from disk...
imw-alike-nn-kt0p2-fsp1: 1 match-sets in 0.11s
[Coarse] imw-alike-nn-kt0p2-fsp1 pair 5: dE=-17853.0 m dN=-177.4 m (from-pair-2, support=None, peak=None) 
imw-alike-nn-kt0p2-fsp1: Processing pair 5 from disk...
imw-alike-nn-kt0p2-fsp1: 1 match-sets in 0.11s
[Coarse] imw-alike-nn-kt0p2-fsp1 pair 6: dE=-17853.0 m dN=-177.4 m (from-pair-2, support=None, peak=None) 
imw-alike-nn-kt0p2-fsp1: Processing pair 6 from disk...
imw-alike-nn-kt0p2-fsp1: 1 match-sets in 0.10s
[Coarse] imw-alike-nn-kt0p2-fsp1 pair 7: dE=-17790.5 m dN=-428.0 m (from-pair-9, support=None, peak=None) 
imw-alike-nn-kt0p2-fsp1: Processing pair 7 from disk...
imw-alike-nn-kt0p2-fsp1: 1 match-sets in 0.27s
[Coarse] imw-alike-nn-kt0p2-fsp1 pair 8: dE=-17790.5 m dN=-428.0 m (from-pair-9, support=None, peak=None) 
imw-alike-nn-kt0p2-fsp1: Processing pair 8 from disk...
imw-alike-nn-kt0p2-fsp1: 1 match-sets in 0.31s
[Coarse] imw-alike-nn-kt0p2-fsp1 pair 9: dE=-17790.5 m dN=-428.0 m (phasecorr@315m, support=None, peak=0.031066529352914596) 
imw-alike-nn-kt0p2-fsp1: Processing pair 9 from disk...
imw-alike-nn-kt0p2-fsp1: 1 match-sets in 0.26s
[Coarse] imw-alike-nn-kt0p2-fsp1 pair 10: dE=-17853.0 m dN=-177.4 m (from-pair-14 (phasecorr disagreed), support=None, peak=0.04791493653487985) 
imw-alike-nn-kt0p2-fsp1: Processing pair 10 from disk...
imw-alike-nn-kt0p2-fsp1: 1 match-sets in 0.23s
[Coarse] imw-alike-nn-kt0p2-fsp1 pair 11: dE=-17853.0 m dN=-177.4 m (from-pair-10, support=None, peak=None) 
imw-alike-nn-kt0p2-fsp1: Processing pair 11 from disk...
imw-alike-nn-kt0p2-fsp1: 1 match-sets in 0.24s
[Coarse] imw-alike-nn-kt0p2-fsp1 pair 12: dE=-17853.0 m dN=-177.4 m (from-pair-14 (phasecorr disagreed), support=None, peak=0.1047012765466431) 
imw-alike-nn-kt0p2-fsp1: Processing pair 12 from disk...
imw-alike-nn-kt0p2-fsp1: 0 match-sets in 0.00s
[Coarse] imw-alike-nn-kt0p2-fsp1 pair 13: dE=-17853.0 m dN=-177.4 m (from-pair-14 (phasecorr disagreed), support=None, peak=0.09384612739086151) 
imw-alike-nn-kt0p2-fsp1: Processing pair 13 from disk...
imw-alike-nn-kt0p2-fsp1: 0 match-sets in 0.00s
[Coarse] imw-alike-nn-kt0p2-fsp1 pair 14: dE=-17853.0 m dN=-177.4 m (matcher@315m, support=45, peak=None) 
imw-alike-nn-kt0p2-fsp1: Processing pair 14 from disk...
imw-alike-nn-kt0p2-fsp1: 1 match-sets in 0.34s
[Coarse] imw-alike-nn-kt0p2-fsp1 pair 15: dE=-17943.9 m dN=-228.7 m (matcher@315m, support=76, peak=None) 
imw-alike-nn-kt0p2-fsp1: Processing pair 15 from disk...
imw-alike-nn-kt0p2-fsp1: 1 match-sets in 0.33s
[Coarse] imw-alike-nn-kt0p2-fsp1 pair 16: dE=-17903.1 m dN=-289.8 m (matcher@315m, support=26, peak=None) 
imw-alike-nn-kt0p2-fsp1: Processing pair 16 from disk...
imw-alike-nn-kt0p2-fsp1: 1 match-sets in 0.24s
[Coarse] imw-alike-nn-kt0p2-fsp1 pair 17: dE=-18037.2 m dN=-263.5 m (matcher@315m, support=35, peak=None) 
imw-alike-nn-kt0p2-fsp1: Processing pair 17 from disk...
imw-alike-nn-kt0p2-fsp1: 1 match-sets in 0.25s
[Coarse] imw-alike-nn-kt0p2-fsp1 pair 18: dE=-17943.9 m dN=-228.7 m (from-pair-15 (phasecorr disagreed), support=None, peak=0.06863816733713503) 
imw-alike-nn-kt0p2-fsp1: Processing pair 18 from disk...
imw-alike-nn-kt0p2-fsp1: 0 match-sets in 0.00s
[Coarse] imw-alike-nn-kt0p2-fsp1 pair 19: dE=-17943.9 m dN=-228.7 m (from-pair-15 (phasecorr disagreed), support=None, peak=0.15104582491848204) 
imw-alike-nn-kt0p2-fsp1: Processing pair 19 from disk...
imw-alike-nn-kt0p2-fsp1: 0 match-sets in 0.00s
[Coarse] imw-alike-nn-kt0p2-fsp1 pair 20: dE=-17943.9 m dN=-228.7 m (from-pair-19, support=None, peak=None) 
imw-alike-nn-kt0p2-fsp1: Processing pair 20 from disk...
imw-alike-nn-kt0p2-fsp1: 0 match-sets in 0.00s
[Coarse] imw-alike-nn-kt0p2-fsp1 pair 21: dE=-17943.9 m dN=-228.7 m (from-pair-15 (phasecorr disagreed), support=None, peak=0.036990950946454645) 
imw-alike-nn-kt0p2-fsp1: Processing pair 21 from disk...
imw-alike-nn-kt0p2-fsp1: 0 match-sets in 0.00s
[Coarse] imw-alike-nn-kt0p2-fsp1 pair 22: dE=-17882.3 m dN=-311.5 m (phasecorr@315m, support=None, peak=0.12721613845825194) 
imw-alike-nn-kt0p2-fsp1: Processing pair 22 from disk...
imw-alike-nn-kt0p2-fsp1: 1 match-sets in 0.25s
[Coarse] imw-alike-nn-kt0p2-fsp1 pair 23: dE=-17911.9 m dN=-326.6 m (phasecorr@315m, support=None, peak=0.12881409482955933) 
imw-alike-nn-kt0p2-fsp1: Processing pair 23 from disk...
imw-alike-nn-kt0p2-fsp1: 1 match-sets in 0.25s
[Coarse] imw-alike-nn-kt0p2-fsp1 pair 24: dE=-17928.8 m dN=-415.6 m (phasecorr@315m, support=None, peak=0.035175936365127565) 
imw-alike-nn-kt0p2-fsp1: Processing pair 24 from disk...
imw-alike-nn-kt0p2-fsp1: 1 match-sets in 0.25s
[Coarse] imw-alike-nn-kt0p2-fsp1 pair 25: dE=-17844.2 m dN=-348.0 m (phasecorr@315m, support=None, peak=0.15328786741892497) 
imw-alike-nn-kt0p2-fsp1: Processing pair 25 from disk...
imw-alike-nn-kt0p2-fsp1: 1 match-sets in 0.25s
[Coarse] imw-alike-nn-kt0p2-fsp1 pair 26: dE=-18037.2 m dN=-263.5 m (from-pair-27, support=None, peak=None) 
imw-alike-nn-kt0p2-fsp1: Processing pair 26 from disk...
imw-alike-nn-kt0p2-fsp1: 1 match-sets in 0.16s
[Coarse] imw-alike-nn-kt0p2-fsp1 pair 27: dE=-18037.2 m dN=-263.5 m (from-pair-17 (phasecorr disagreed), support=None, peak=0.05064041456057702) 
imw-alike-nn-kt0p2-fsp1: Processing pair 27 from disk...
imw-alike-nn-kt0p2-fsp1: 1 match-sets in 0.16s
Saved:
 CHIP_STATS_ALL.csv
 CHIP_STATS_SURVIVORS.csv
 CONSENSUS_SCORES.csv
 BEST_CHIP_SET.csv
 BEST_CHIP_MANIFEST.csv
 BEST_FINAL_SUMMARY.csv
[band1] imw-alike-nn-kt0p2-fsp1 ok in 0.2 min, peak GPU memory 0.4 of 39.4 GB
[imw-alike-nn] Model unloaded.
--------------------------------------------------------------------------------
[band1] Running imw-alike-nn-kt0p2
[imw-alike-nn] Loading model...
[Coarse] pair 3: no reliable coarse offset (matcher: {'dx': -20474.99939918518, 'dy': -4725.0, 'support': 1, 'n': 5, 'peak': None}; phasecorr: {'dx': -16147.443677524008, 'dy': -26751.975000537102, 'support': None, 'n': None, 'peak': 0.00032880983234923565}); windows compared in place
[Coarse] pair 4: no reliable coarse offset (matcher: no matches; phasecorr: {'dx': 12882.472481301173, 'dy': 92621.70938170607, 'support': None, 'n': None, 'peak': -0.00012715039429841217}); windows compared in place
[Coarse] pair 5: no reliable coarse offset (matcher: {'dx': -20159.99939918518, 'dy': 3150.0, 'support': 1, 'n': 4, 'peak': None}; phasecorr: {'dx': 3156.3479216096807, 'dy': 18300.67805989782, 'support': None, 'n': None, 'peak': 0.020832994549224774}); windows compared in place
[Coarse] pair 6: no reliable coarse offset (matcher: {'dx': -19530.0, 'dy': 7875.0, 'support': 1, 'n': 3, 'peak': None}; phasecorr: {'dx': -15852.800158210905, 'dy': 18737.59796077822, 'support': None, 'n': None, 'peak': -0.0027571213742097218}); windows compared in place
[Coarse] pair 7: no reliable coarse offset (matcher: {'dx': -20790.0, 'dy': 314.99759674072266, 'support': 1, 'n': 4, 'peak': None}; phasecorr: {'dx': -17660.72648465004, 'dy': -478.5174601560547, 'support': None, 'n': None, 'peak': 0.0218074359204816}); windows compared in place
[Coarse] pair 8: no reliable coarse offset (matcher: no matches; phasecorr: {'dx': -18002.059573769864, 'dy': -489.60497923140906, 'support': None, 'n': None, 'peak': 0.011968647486368816}); windows compared in place
[Coarse] pair 11: no reliable coarse offset (matcher: no matches; phasecorr: {'dx': -18107.733154651494, 'dy': -332.5590928480355, 'support': None, 'n': None, 'peak': 0.020898853179031604}); windows compared in place
[Coarse] pair 20: no reliable coarse offset (matcher: no matches; phasecorr: {'dx': -28903.23193639674, 'dy': -12953.216285335406, 'support': None, 'n': None, 'peak': 0.008737401829825507}); windows compared in place
[Coarse] pair 26: no reliable coarse offset (matcher: no matches; phasecorr: {'dx': -96306.08142606622, 'dy': -17142.367293993742, 'support': None, 'n': None, 'peak': 0.02253384519977334}); windows compared in place
[Coarse] pair 2: phase correlation gave dE=-8934 m dN=5487 m, 10.6 km from every offset the matcher measured; using pair 14's (dE=-17955 m dN=-0 m)
[Coarse] pair 10: phase correlation gave dE=43169 m dN=-4147 m, 61.1 km from every offset the matcher measured; using pair 14's (dE=-17955 m dN=-0 m)
[Coarse] pair 12: phase correlation gave dE=-1877 m dN=10017 m, 18.9 km from every offset the matcher measured; using pair 14's (dE=-17955 m dN=-0 m)
[Coarse] pair 13: phase correlation gave dE=7584 m dN=8567 m, 26.9 km from every offset the matcher measured; using pair 14's (dE=-17955 m dN=-0 m)
[Coarse] pair 18: phase correlation gave dE=744 m dN=-16615 m, 24.7 km from every offset the matcher measured; using pair 15's (dE=-17955 m dN=-315 m)
[Coarse] pair 19: phase correlation gave dE=11920 m dN=-17918 m, 34.5 km from every offset the matcher measured; using pair 15's (dE=-17955 m dN=-315 m)
[Coarse] pair 21: phase correlation gave dE=-11414 m dN=-17047 m, 17.9 km from every offset the matcher measured; using pair 15's (dE=-17955 m dN=-315 m)
[Coarse] pair 27: phase correlation gave dE=-97898 m dN=-6012 m, 80.1 km from every offset the matcher measured; using pair 17's (dE=-17955 m dN=-315 m)
[Coarse] imw-alike-nn-kt0p2 pair 1: dE=-18062.2 m dN=-904.8 m (phasecorr@315m, support=None, peak=0.03257782713572184) 
imw-alike-nn-kt0p2: Processing pair 1 from disk...
imw-alike-nn-kt0p2: 1 match-sets in 0.08s
[Coarse] imw-alike-nn-kt0p2 pair 2: dE=-17955.0 m dN=-0.0 m (from-pair-14 (phasecorr disagreed), support=None, peak=0.03413578109976686) 
imw-alike-nn-kt0p2: Processing pair 2 from disk...
imw-alike-nn-kt0p2: 1 match-sets in 0.09s
[Coarse] imw-alike-nn-kt0p2 pair 3: dE=-18062.2 m dN=-904.8 m (from-pair-1, support=None, peak=None) 
imw-alike-nn-kt0p2: Processing pair 3 from disk...
imw-alike-nn-kt0p2: 1 match-sets in 0.08s
[Coarse] imw-alike-nn-kt0p2 pair 4: dE=-17955.0 m dN=-0.0 m (from-pair-2, support=None, peak=None) 
imw-alike-nn-kt0p2: Processing pair 4 from disk...
imw-alike-nn-kt0p2: 1 match-sets in 0.11s
[Coarse] imw-alike-nn-kt0p2 pair 5: dE=-17955.0 m dN=-0.0 m (from-pair-2, support=None, peak=None) 
imw-alike-nn-kt0p2: Processing pair 5 from disk...
imw-alike-nn-kt0p2: 1 match-sets in 0.10s
[Coarse] imw-alike-nn-kt0p2 pair 6: dE=-17955.0 m dN=-0.0 m (from-pair-2, support=None, peak=None) 
imw-alike-nn-kt0p2: Processing pair 6 from disk...
imw-alike-nn-kt0p2: 1 match-sets in 0.11s
[Coarse] imw-alike-nn-kt0p2 pair 7: dE=-17790.5 m dN=-428.0 m (from-pair-9, support=None, peak=None) 
imw-alike-nn-kt0p2: Processing pair 7 from disk...
imw-alike-nn-kt0p2: 1 match-sets in 0.28s
[Coarse] imw-alike-nn-kt0p2 pair 8: dE=-17790.5 m dN=-428.0 m (from-pair-9, support=None, peak=None) 
imw-alike-nn-kt0p2: Processing pair 8 from disk...
imw-alike-nn-kt0p2: 1 match-sets in 0.28s
[Coarse] imw-alike-nn-kt0p2 pair 9: dE=-17790.5 m dN=-428.0 m (phasecorr@315m, support=None, peak=0.031066529352914596) 
imw-alike-nn-kt0p2: Processing pair 9 from disk...
imw-alike-nn-kt0p2: 1 match-sets in 0.26s
[Coarse] imw-alike-nn-kt0p2 pair 10: dE=-17955.0 m dN=-0.0 m (from-pair-14 (phasecorr disagreed), support=None, peak=0.04791493653487985) 
imw-alike-nn-kt0p2: Processing pair 10 from disk...
imw-alike-nn-kt0p2: 1 match-sets in 0.24s
[Coarse] imw-alike-nn-kt0p2 pair 11: dE=-17955.0 m dN=-0.0 m (from-pair-10, support=None, peak=None) 
imw-alike-nn-kt0p2: Processing pair 11 from disk...
imw-alike-nn-kt0p2: 1 match-sets in 0.23s
[Coarse] imw-alike-nn-kt0p2 pair 12: dE=-17955.0 m dN=-0.0 m (from-pair-14 (phasecorr disagreed), support=None, peak=0.1047012765466431) 
imw-alike-nn-kt0p2: Processing pair 12 from disk...
imw-alike-nn-kt0p2: 0 match-sets in 0.00s
[Coarse] imw-alike-nn-kt0p2 pair 13: dE=-17955.0 m dN=-0.0 m (from-pair-14 (phasecorr disagreed), support=None, peak=0.09384612739086151) 
imw-alike-nn-kt0p2: Processing pair 13 from disk...
imw-alike-nn-kt0p2: 0 match-sets in 0.00s
[Coarse] imw-alike-nn-kt0p2 pair 14: dE=-17955.0 m dN=-0.0 m (matcher@315m, support=29, peak=None) 
imw-alike-nn-kt0p2: Processing pair 14 from disk...
imw-alike-nn-kt0p2: 1 match-sets in 0.33s
[Coarse] imw-alike-nn-kt0p2 pair 15: dE=-17955.0 m dN=-315.0 m (matcher@315m, support=60, peak=None) 
imw-alike-nn-kt0p2: Processing pair 15 from disk...
imw-alike-nn-kt0p2: 1 match-sets in 0.33s
[Coarse] imw-alike-nn-kt0p2 pair 16: dE=-17797.5 m dN=-315.0 m (matcher@315m, support=18, peak=None) 
imw-alike-nn-kt0p2: Processing pair 16 from disk...
imw-alike-nn-kt0p2: 1 match-sets in 0.25s
[Coarse] imw-alike-nn-kt0p2 pair 17: dE=-17955.0 m dN=-315.0 m (matcher@315m, support=31, peak=None) 
imw-alike-nn-kt0p2: Processing pair 17 from disk...
imw-alike-nn-kt0p2: 1 match-sets in 0.24s
[Coarse] imw-alike-nn-kt0p2 pair 18: dE=-17955.0 m dN=-315.0 m (from-pair-15 (phasecorr disagreed), support=None, peak=0.06863816733713503) 
imw-alike-nn-kt0p2: Processing pair 18 from disk...
imw-alike-nn-kt0p2: 0 match-sets in 0.00s
[Coarse] imw-alike-nn-kt0p2 pair 19: dE=-17955.0 m dN=-315.0 m (from-pair-15 (phasecorr disagreed), support=None, peak=0.15104582491848204) 
imw-alike-nn-kt0p2: Processing pair 19 from disk...
imw-alike-nn-kt0p2: 0 match-sets in 0.00s
[Coarse] imw-alike-nn-kt0p2 pair 20: dE=-17955.0 m dN=-315.0 m (from-pair-19, support=None, peak=None) 
imw-alike-nn-kt0p2: Processing pair 20 from disk...
imw-alike-nn-kt0p2: 0 match-sets in 0.00s
[Coarse] imw-alike-nn-kt0p2 pair 21: dE=-17955.0 m dN=-315.0 m (from-pair-15 (phasecorr disagreed), support=None, peak=0.036990950946454645) 
imw-alike-nn-kt0p2: Processing pair 21 from disk...
imw-alike-nn-kt0p2: 0 match-sets in 0.00s
[Coarse] imw-alike-nn-kt0p2 pair 22: dE=-17882.3 m dN=-311.5 m (phasecorr@315m, support=None, peak=0.12721613845825194) 
imw-alike-nn-kt0p2: Processing pair 22 from disk...
imw-alike-nn-kt0p2: 1 match-sets in 0.24s
[Coarse] imw-alike-nn-kt0p2 pair 23: dE=-17911.9 m dN=-326.6 m (phasecorr@315m, support=None, peak=0.12881409482955933) 
imw-alike-nn-kt0p2: Processing pair 23 from disk...
imw-alike-nn-kt0p2: 1 match-sets in 0.25s
[Coarse] imw-alike-nn-kt0p2 pair 24: dE=-17928.8 m dN=-415.6 m (phasecorr@315m, support=None, peak=0.035175936365127565) 
imw-alike-nn-kt0p2: Processing pair 24 from disk...
imw-alike-nn-kt0p2: 1 match-sets in 0.25s
[Coarse] imw-alike-nn-kt0p2 pair 25: dE=-17844.2 m dN=-348.0 m (phasecorr@315m, support=None, peak=0.15328786741892497) 
imw-alike-nn-kt0p2: Processing pair 25 from disk...
imw-alike-nn-kt0p2: 1 match-sets in 0.25s
[Coarse] imw-alike-nn-kt0p2 pair 26: dE=-17955.0 m dN=-315.0 m (from-pair-27, support=None, peak=None) 
imw-alike-nn-kt0p2: Processing pair 26 from disk...
imw-alike-nn-kt0p2: 1 match-sets in 0.16s
[Coarse] imw-alike-nn-kt0p2 pair 27: dE=-17955.0 m dN=-315.0 m (from-pair-17 (phasecorr disagreed), support=None, peak=0.05064041456057702) 
imw-alike-nn-kt0p2: Processing pair 27 from disk...
imw-alike-nn-kt0p2: 1 match-sets in 0.14s
Saved:
 CHIP_STATS_ALL.csv
 CHIP_STATS_SURVIVORS.csv
 CONSENSUS_SCORES.csv
 BEST_CHIP_SET.csv
 BEST_CHIP_MANIFEST.csv
 BEST_FINAL_SUMMARY.csv
[band1] imw-alike-nn-kt0p2 ok in 0.2 min, peak GPU memory 0.4 of 39.4 GB
[imw-alike-nn] Model unloaded.
--------------------------------------------------------------------------------
[band1] Running imw-sfd2-nn-kt0p2
[imw-sfd2-nn] Loading model...
[Coarse] pair 3: no reliable coarse offset (matcher: {'dx': -17955.0, 'dy': -630.0, 'support': 4, 'n': 6, 'peak': None}; phasecorr: {'dx': -16147.443677524008, 'dy': -26751.975000537102, 'support': None, 'n': None, 'peak': 0.00032880983234923565}); windows compared in place
[Coarse] pair 4: no reliable coarse offset (matcher: no matches; phasecorr: {'dx': 12882.472481301173, 'dy': 92621.70938170607, 'support': None, 'n': None, 'peak': -0.00012715039429841217}); windows compared in place
[Coarse] pair 5: no reliable coarse offset (matcher: {'dx': -18270.0, 'dy': -630.0, 'support': 4, 'n': 5, 'peak': None}; phasecorr: {'dx': 3156.3479216096807, 'dy': 18300.67805989782, 'support': None, 'n': None, 'peak': 0.020832994549224774}); windows compared in place
[Coarse] pair 6: no reliable coarse offset (matcher: {'dx': -16695.0, 'dy': -1102.5, 'support': 2, 'n': 4, 'peak': None}; phasecorr: {'dx': -15852.800158210905, 'dy': 18737.59796077822, 'support': None, 'n': None, 'peak': -0.0027571213742097218}); windows compared in place
[Coarse] pair 20: no reliable coarse offset (matcher: no matches; phasecorr: {'dx': -28903.23193639674, 'dy': -12953.216285335406, 'support': None, 'n': None, 'peak': 0.008737401829825507}); windows compared in place
[Coarse] pair 26: no reliable coarse offset (matcher: no matches; phasecorr: {'dx': -96306.08142606622, 'dy': -17142.367293993742, 'support': None, 'n': None, 'peak': 0.02253384519977334}); windows compared in place
[Coarse] pair 2: phase correlation gave dE=-8934 m dN=5487 m, 10.5 km from every offset the matcher measured; using pair 1's (dE=-19845 m dN=-630 m)
[Coarse] pair 10: phase correlation gave dE=43169 m dN=-4147 m, 60.9 km from every offset the matcher measured; using pair 11's (dE=-18428 m dN=-158 m)
[Coarse] pair 12: phase correlation gave dE=-1877 m dN=10017 m, 18.8 km from every offset the matcher measured; using pair 8's (dE=-17955 m dN=-315 m)
[Coarse] pair 13: phase correlation gave dE=7584 m dN=8567 m, 26.7 km from every offset the matcher measured; using pair 8's (dE=-17955 m dN=-315 m)
[Coarse] pair 18: phase correlation gave dE=744 m dN=-16615 m, 24.6 km from every offset the matcher measured; using pair 25's (dE=-17955 m dN=-315 m)
[Coarse] pair 19: phase correlation gave dE=11920 m dN=-17918 m, 34.4 km from every offset the matcher measured; using pair 25's (dE=-17955 m dN=-315 m)
[Coarse] pair 21: phase correlation gave dE=-11414 m dN=-17047 m, 17.7 km from every offset the matcher measured; using pair 25's (dE=-17955 m dN=-315 m)
[Coarse] pair 27: phase correlation gave dE=-97898 m dN=-6012 m, 78.2 km from every offset the matcher measured; using pair 23's (dE=-17955 m dN=-315 m)
[Coarse] imw-sfd2-nn-kt0p2 pair 1: dE=-19845.0 m dN=-630.0 m (matcher@315m, support=12, peak=None) 
imw-sfd2-nn-kt0p2: Processing pair 1 from disk...
imw-sfd2-nn-kt0p2: 1 match-sets in 0.64s
[Coarse] imw-sfd2-nn-kt0p2 pair 2: dE=-19845.0 m dN=-630.0 m (from-pair-1 (phasecorr disagreed), support=None, peak=0.03413578109976686) 
imw-sfd2-nn-kt0p2: Processing pair 2 from disk...
imw-sfd2-nn-kt0p2: 1 match-sets in 0.06s
[Coarse] imw-sfd2-nn-kt0p2 pair 3: dE=-19845.0 m dN=-630.0 m (from-pair-1, support=None, peak=None) 
imw-sfd2-nn-kt0p2: Processing pair 3 from disk...
imw-sfd2-nn-kt0p2: 1 match-sets in 0.06s
[Coarse] imw-sfd2-nn-kt0p2 pair 4: dE=-19845.0 m dN=-630.0 m (from-pair-2, support=None, peak=None) 
imw-sfd2-nn-kt0p2: Processing pair 4 from disk...
imw-sfd2-nn-kt0p2: 1 match-sets in 0.14s
[Coarse] imw-sfd2-nn-kt0p2 pair 5: dE=-19845.0 m dN=-630.0 m (from-pair-2, support=None, peak=None) 
imw-sfd2-nn-kt0p2: Processing pair 5 from disk...
imw-sfd2-nn-kt0p2: 1 match-sets in 0.08s
[Coarse] imw-sfd2-nn-kt0p2 pair 6: dE=-19845.0 m dN=-630.0 m (from-pair-2, support=None, peak=None) 
imw-sfd2-nn-kt0p2: Processing pair 6 from disk...
imw-sfd2-nn-kt0p2: 1 match-sets in 0.08s
[Coarse] imw-sfd2-nn-kt0p2 pair 7: dE=-17955.0 m dN=-630.0 m (matcher@315m, support=42, peak=None) 
imw-sfd2-nn-kt0p2: Processing pair 7 from disk...
imw-sfd2-nn-kt0p2: 1 match-sets in 0.99s
[Coarse] imw-sfd2-nn-kt0p2 pair 8: dE=-17955.0 m dN=-315.0 m (matcher@315m, support=25, peak=None) 
imw-sfd2-nn-kt0p2: Processing pair 8 from disk...
imw-sfd2-nn-kt0p2: 1 match-sets in 1.36s
[Coarse] imw-sfd2-nn-kt0p2 pair 9: dE=-17955.0 m dN=-630.0 m (matcher@315m, support=37, peak=None) 
imw-sfd2-nn-kt0p2: Processing pair 9 from disk...
imw-sfd2-nn-kt0p2: 1 match-sets in 0.23s
[Coarse] imw-sfd2-nn-kt0p2 pair 10: dE=-18427.5 m dN=-157.5 m (from-pair-11 (phasecorr disagreed), support=None, peak=0.04791493653487985) 
imw-sfd2-nn-kt0p2: Processing pair 10 from disk...
imw-sfd2-nn-kt0p2: 1 match-sets in 1.30s
[Coarse] imw-sfd2-nn-kt0p2 pair 11: dE=-18427.5 m dN=-157.5 m (matcher@315m, support=10, peak=None) 
imw-sfd2-nn-kt0p2: Processing pair 11 from disk...
imw-sfd2-nn-kt0p2: 1 match-sets in 0.20s
[Coarse] imw-sfd2-nn-kt0p2 pair 12: dE=-17955.0 m dN=-315.0 m (from-pair-8 (phasecorr disagreed), support=None, peak=0.1047012765466431) 
imw-sfd2-nn-kt0p2: Processing pair 12 from disk...
imw-sfd2-nn-kt0p2: 0 match-sets in 0.00s
[Coarse] imw-sfd2-nn-kt0p2 pair 13: dE=-17955.0 m dN=-315.0 m (from-pair-8 (phasecorr disagreed), support=None, peak=0.09384612739086151) 
imw-sfd2-nn-kt0p2: Processing pair 13 from disk...
imw-sfd2-nn-kt0p2: 0 match-sets in 0.00s
[Coarse] imw-sfd2-nn-kt0p2 pair 14: dE=-17955.0 m dN=-315.0 m (matcher@315m, support=152, peak=None) 
imw-sfd2-nn-kt0p2: Processing pair 14 from disk...
imw-sfd2-nn-kt0p2: 1 match-sets in 1.28s
[Coarse] imw-sfd2-nn-kt0p2 pair 15: dE=-17955.0 m dN=-315.0 m (matcher@315m, support=182, peak=None) 
imw-sfd2-nn-kt0p2: Processing pair 15 from disk...
imw-sfd2-nn-kt0p2: 1 match-sets in 0.28s
[Coarse] imw-sfd2-nn-kt0p2 pair 16: dE=-17955.0 m dN=-315.0 m (matcher@315m, support=155, peak=None) 
imw-sfd2-nn-kt0p2: Processing pair 16 from disk...
imw-sfd2-nn-kt0p2: 1 match-sets in 0.20s
[Coarse] imw-sfd2-nn-kt0p2 pair 17: dE=-17955.0 m dN=-315.0 m (matcher@315m, support=161, peak=None) 
imw-sfd2-nn-kt0p2: Processing pair 17 from disk...
imw-sfd2-nn-kt0p2: 1 match-sets in 0.20s
[Coarse] imw-sfd2-nn-kt0p2 pair 18: dE=-17955.0 m dN=-315.0 m (from-pair-25 (phasecorr disagreed), support=None, peak=0.06863816733713503) 
imw-sfd2-nn-kt0p2: Processing pair 18 from disk...
imw-sfd2-nn-kt0p2: 0 match-sets in 0.00s
[Coarse] imw-sfd2-nn-kt0p2 pair 19: dE=-17955.0 m dN=-315.0 m (from-pair-25 (phasecorr disagreed), support=None, peak=0.15104582491848204) 
imw-sfd2-nn-kt0p2: Processing pair 19 from disk...
imw-sfd2-nn-kt0p2: 0 match-sets in 0.00s
[Coarse] imw-sfd2-nn-kt0p2 pair 20: dE=-17955.0 m dN=-315.0 m (from-pair-19, support=None, peak=None) 
imw-sfd2-nn-kt0p2: Processing pair 20 from disk...
imw-sfd2-nn-kt0p2: 0 match-sets in 0.00s
[Coarse] imw-sfd2-nn-kt0p2 pair 21: dE=-17955.0 m dN=-315.0 m (from-pair-25 (phasecorr disagreed), support=None, peak=0.036990950946454645) 
imw-sfd2-nn-kt0p2: Processing pair 21 from disk...
imw-sfd2-nn-kt0p2: 0 match-sets in 0.00s
[Coarse] imw-sfd2-nn-kt0p2 pair 22: dE=-17640.0 m dN=-315.0 m (matcher@315m, support=70, peak=None) 
imw-sfd2-nn-kt0p2: Processing pair 22 from disk...
imw-sfd2-nn-kt0p2: 1 match-sets in 0.93s
[Coarse] imw-sfd2-nn-kt0p2 pair 23: dE=-17955.0 m dN=-315.0 m (matcher@315m, support=64, peak=None) 
imw-sfd2-nn-kt0p2: Processing pair 23 from disk...
imw-sfd2-nn-kt0p2: 1 match-sets in 0.21s
[Coarse] imw-sfd2-nn-kt0p2 pair 24: dE=-17955.0 m dN=-157.5 m (matcher@315m, support=54, peak=None) 
imw-sfd2-nn-kt0p2: Processing pair 24 from disk...
imw-sfd2-nn-kt0p2: 1 match-sets in 0.21s
[Coarse] imw-sfd2-nn-kt0p2 pair 25: dE=-17955.0 m dN=-315.0 m (matcher@315m, support=82, peak=None) 
imw-sfd2-nn-kt0p2: Processing pair 25 from disk...
imw-sfd2-nn-kt0p2: 1 match-sets in 0.20s
[Coarse] imw-sfd2-nn-kt0p2 pair 26: dE=-17955.0 m dN=-315.0 m (from-pair-27, support=None, peak=None) 
imw-sfd2-nn-kt0p2: Processing pair 26 from disk...
imw-sfd2-nn-kt0p2: 1 match-sets in 0.22s
[Coarse] imw-sfd2-nn-kt0p2 pair 27: dE=-17955.0 m dN=-315.0 m (from-pair-23 (phasecorr disagreed), support=None, peak=0.05064041456057702) 
imw-sfd2-nn-kt0p2: Processing pair 27 from disk...
imw-sfd2-nn-kt0p2: 0 match-sets in 0.13s
Saved:
 CHIP_STATS_ALL.csv
 CHIP_STATS_SURVIVORS.csv
 CONSENSUS_SCORES.csv
 BEST_CHIP_SET.csv
 BEST_CHIP_MANIFEST.csv
 BEST_FINAL_SUMMARY.csv
[band1] imw-sfd2-nn-kt0p2 ok in 0.5 min, peak GPU memory 32.7 of 39.4 GB
[imw-sfd2-nn] Model unloaded.
--------------------------------------------------------------------------------
[band1] Running imw-rdd-nn-kt0p2
[imw-rdd-nn] Loading model...
config {'activation': 'relu', 'block_dims': [8, 16, 32, 64], 'd_model': 256, 'detection_threshold': 0.2, 'device': device(type='cuda'), 'dim_feedforward': 1024, 'dropout': 0.1, 'enc_n_points': 8, 'hidden_dim': 256, 'lr_backbone': 2e-05, 'nhead': 8, 'num_encoder_layers': 4, 'num_feature_levels': 5, 'top_k': 32000, 'train_detector': False, 'weights': '/maintenance/ICIGDev/GPUPOC/input/dqe/imw_runtime/imw_cache/huggingface/hub/models--Realcat--imcui_checkpoints/snapshots/e72b489e927e7a8202f505c1b4db1474fd22b8b7/rdd/RDD-v2.pth'}
[Coarse] pair 20: no reliable coarse offset (matcher: RuntimeError: selected index k out of range; phasecorr: {'dx': -28903.23193639674, 'dy': -12953.216285335406, 'support': None, 'n': None, 'peak': 0.008737401829825507}); windows compared in place
[Coarse] pair 26: no reliable coarse offset (matcher: no matches; phasecorr: {'dx': -96306.08142606622, 'dy': -17142.367293993742, 'support': None, 'n': None, 'peak': 0.02253384519977334}); windows compared in place
[Coarse] pair 12: phase correlation gave dE=-1877 m dN=10017 m, 18.9 km from every offset the matcher measured; using pair 8's (dE=-17821 m dN=-373 m)
[Coarse] pair 13: phase correlation gave dE=7584 m dN=8567 m, 26.8 km from every offset the matcher measured; using pair 8's (dE=-17821 m dN=-373 m)
[Coarse] pair 18: phase correlation gave dE=744 m dN=-16615 m, 24.3 km from every offset the matcher measured; using pair 25's (dE=-17875 m dN=-269 m)
[Coarse] pair 19: phase correlation gave dE=11920 m dN=-17918 m, 34.2 km from every offset the matcher measured; using pair 25's (dE=-17875 m dN=-269 m)
[Coarse] pair 21: phase correlation gave dE=-11414 m dN=-17047 m, 17.5 km from every offset the matcher measured; using pair 25's (dE=-17875 m dN=-269 m)
[Coarse] pair 27: phase correlation gave dE=-97898 m dN=-6012 m, 79.8 km from every offset the matcher measured; using pair 23's (dE=-17797 m dN=-214 m)
[Coarse] imw-rdd-nn-kt0p2 pair 1: dE=-17874.1 m dN=-482.7 m (matcher@315m, support=212, peak=None) 
imw-rdd-nn-kt0p2: Processing pair 1 from disk...
imw-rdd-nn-kt0p2: 1 match-sets in 0.69s
[Coarse] imw-rdd-nn-kt0p2 pair 2: dE=-17828.3 m dN=-583.4 m (matcher@315m, support=179, peak=None) 
imw-rdd-nn-kt0p2: Processing pair 2 from disk...
imw-rdd-nn-kt0p2: 1 match-sets in 0.14s
[Coarse] imw-rdd-nn-kt0p2 pair 3: dE=-17841.3 m dN=-508.1 m (matcher@315m, support=105, peak=None) 
imw-rdd-nn-kt0p2: Processing pair 3 from disk...
imw-rdd-nn-kt0p2: 1 match-sets in 0.14s
[Coarse] imw-rdd-nn-kt0p2 pair 4: dE=-18089.2 m dN=-694.4 m (matcher@315m, support=97, peak=None) 
imw-rdd-nn-kt0p2: Processing pair 4 from disk...
imw-rdd-nn-kt0p2: 1 match-sets in 0.84s
[Coarse] imw-rdd-nn-kt0p2 pair 5: dE=-18218.7 m dN=-609.1 m (matcher@315m, support=119, peak=None) 
imw-rdd-nn-kt0p2: Processing pair 5 from disk...
imw-rdd-nn-kt0p2: 1 match-sets in 0.15s
[Coarse] imw-rdd-nn-kt0p2 pair 6: dE=-17604.9 m dN=-693.6 m (matcher@315m, support=33, peak=None) 
imw-rdd-nn-kt0p2: Processing pair 6 from disk...
imw-rdd-nn-kt0p2: 1 match-sets in 0.16s
[Coarse] imw-rdd-nn-kt0p2 pair 7: dE=-17892.0 m dN=-391.0 m (matcher@315m, support=358, peak=None) 
imw-rdd-nn-kt0p2: Processing pair 7 from disk...
imw-rdd-nn-kt0p2: 1 match-sets in 3.91s
[Coarse] imw-rdd-nn-kt0p2 pair 8: dE=-17821.4 m dN=-372.6 m (matcher@315m, support=433, peak=None) 
imw-rdd-nn-kt0p2: Processing pair 8 from disk...
imw-rdd-nn-kt0p2: 1 match-sets in 3.52s
[Coarse] imw-rdd-nn-kt0p2 pair 9: dE=-17923.7 m dN=-428.9 m (matcher@315m, support=405, peak=None) 
imw-rdd-nn-kt0p2: Processing pair 9 from disk...
imw-rdd-nn-kt0p2: 1 match-sets in 0.75s
[Coarse] imw-rdd-nn-kt0p2 pair 10: dE=-18285.4 m dN=-363.8 m (matcher@315m, support=25, peak=None) 
imw-rdd-nn-kt0p2: Processing pair 10 from disk...
imw-rdd-nn-kt0p2: 1 match-sets in 3.01s
[Coarse] imw-rdd-nn-kt0p2 pair 11: dE=-18056.0 m dN=-290.2 m (matcher@315m, support=229, peak=None) 
imw-rdd-nn-kt0p2: Processing pair 11 from disk...
imw-rdd-nn-kt0p2: 1 match-sets in 0.39s
[Coarse] imw-rdd-nn-kt0p2 pair 12: dE=-17821.4 m dN=-372.6 m (from-pair-8 (phasecorr disagreed), support=None, peak=0.1047012765466431) 
imw-rdd-nn-kt0p2: Processing pair 12 from disk...
imw-rdd-nn-kt0p2: 0 match-sets in 0.00s
[Coarse] imw-rdd-nn-kt0p2 pair 13: dE=-17821.4 m dN=-372.6 m (from-pair-8 (phasecorr disagreed), support=None, peak=0.09384612739086151) 
imw-rdd-nn-kt0p2: Processing pair 13 from disk...
imw-rdd-nn-kt0p2: 0 match-sets in 0.00s
[Coarse] imw-rdd-nn-kt0p2 pair 14: dE=-17842.2 m dN=-165.9 m (matcher@315m, support=1354, peak=None) 
imw-rdd-nn-kt0p2: Processing pair 14 from disk...
imw-rdd-nn-kt0p2: 1 match-sets in 3.70s
[Coarse] imw-rdd-nn-kt0p2 pair 15: dE=-17921.9 m dN=-175.2 m (matcher@315m, support=1754, peak=None) 
imw-rdd-nn-kt0p2: Processing pair 15 from disk...
imw-rdd-nn-kt0p2: 1 match-sets in 0.55s
[Coarse] imw-rdd-nn-kt0p2 pair 16: dE=-17968.2 m dN=-329.3 m (matcher@315m, support=852, peak=None) 
imw-rdd-nn-kt0p2: Processing pair 16 from disk...
imw-rdd-nn-kt0p2: 1 match-sets in 0.39s
[Coarse] imw-rdd-nn-kt0p2 pair 17: dE=-18020.8 m dN=-325.1 m (matcher@315m, support=1016, peak=None) 
imw-rdd-nn-kt0p2: Processing pair 17 from disk...
imw-rdd-nn-kt0p2: 1 match-sets in 0.37s
[Coarse] imw-rdd-nn-kt0p2 pair 18: dE=-17875.4 m dN=-269.5 m (from-pair-25 (phasecorr disagreed), support=None, peak=0.06863816733713503) 
imw-rdd-nn-kt0p2: Processing pair 18 from disk...
imw-rdd-nn-kt0p2: 0 match-sets in 0.00s
[Coarse] imw-rdd-nn-kt0p2 pair 19: dE=-17875.4 m dN=-269.5 m (from-pair-25 (phasecorr disagreed), support=None, peak=0.15104582491848204) 
imw-rdd-nn-kt0p2: Processing pair 19 from disk...
imw-rdd-nn-kt0p2: 0 match-sets in 0.00s
[Coarse] imw-rdd-nn-kt0p2 pair 20: dE=-17875.4 m dN=-269.5 m (from-pair-19, support=None, peak=None) 
imw-rdd-nn-kt0p2: Processing pair 20 from disk...
imw-rdd-nn-kt0p2: 0 match-sets in 0.00s
[Coarse] imw-rdd-nn-kt0p2 pair 21: dE=-17875.4 m dN=-269.5 m (from-pair-25 (phasecorr disagreed), support=None, peak=0.036990950946454645) 
imw-rdd-nn-kt0p2: Processing pair 21 from disk...
imw-rdd-nn-kt0p2: 0 match-sets in 0.00s
[Coarse] imw-rdd-nn-kt0p2 pair 22: dE=-17834.9 m dN=-217.7 m (matcher@315m, support=406, peak=None) 
imw-rdd-nn-kt0p2: Processing pair 22 from disk...
imw-rdd-nn-kt0p2: 1 match-sets in 3.12s
[Coarse] imw-rdd-nn-kt0p2 pair 23: dE=-17797.0 m dN=-214.4 m (matcher@315m, support=473, peak=None) 
imw-rdd-nn-kt0p2: Processing pair 23 from disk...
imw-rdd-nn-kt0p2: 1 match-sets in 0.43s
[Coarse] imw-rdd-nn-kt0p2 pair 24: dE=-17925.9 m dN=-150.3 m (matcher@315m, support=440, peak=None) 
imw-rdd-nn-kt0p2: Processing pair 24 from disk...
imw-rdd-nn-kt0p2: 1 match-sets in 0.45s
[Coarse] imw-rdd-nn-kt0p2 pair 25: dE=-17875.4 m dN=-269.5 m (matcher@315m, support=454, peak=None) 
imw-rdd-nn-kt0p2: Processing pair 25 from disk...
imw-rdd-nn-kt0p2: 1 match-sets in 0.43s
[Coarse] imw-rdd-nn-kt0p2 pair 26: dE=-17797.0 m dN=-214.4 m (from-pair-27, support=None, peak=None) 
imw-rdd-nn-kt0p2: Processing pair 26 from disk...
imw-rdd-nn-kt0p2: 1 match-sets in 0.52s
[Coarse] imw-rdd-nn-kt0p2 pair 27: dE=-17797.0 m dN=-214.4 m (from-pair-23 (phasecorr disagreed), support=None, peak=0.05064041456057702) 
imw-rdd-nn-kt0p2: Processing pair 27 from disk...
imw-rdd-nn-kt0p2: 1 match-sets in 0.31s
Saved:
 CHIP_STATS_ALL.csv
 CHIP_STATS_SURVIVORS.csv
 CONSENSUS_SCORES.csv
 BEST_CHIP_SET.csv
 BEST_CHIP_MANIFEST.csv
 BEST_FINAL_SUMMARY.csv
[band1] imw-rdd-nn-kt0p2 ok in 1.2 min, peak GPU memory 16.8 of 39.4 GB
[imw-rdd-nn] Model unloaded.
--------------------------------------------------------------------------------
[band1] Running imw-liftfeat-nn-kt0p2
[imw-liftfeat-nn] Loading model...
load weight successfully.
[Coarse] pair 3: no reliable coarse offset (matcher: {'dx': -19530.0, 'dy': 3780.0, 'support': 3, 'n': 9, 'peak': None}; phasecorr: {'dx': -16147.443677524008, 'dy': -26751.975000537102, 'support': None, 'n': None, 'peak': 0.00032880983234923565}); windows compared in place
[Coarse] pair 6: no reliable coarse offset (matcher: {'dx': -17640.0, 'dy': 12915.0, 'support': 1, 'n': 6, 'peak': None}; phasecorr: {'dx': -15852.800158210905, 'dy': 18737.59796077822, 'support': None, 'n': None, 'peak': -0.0027571213742097218}); windows compared in place
[Coarse] pair 11: no reliable coarse offset (matcher: {'dx': -20790.0, 'dy': -1575.0, 'support': 1, 'n': 8, 'peak': None}; phasecorr: {'dx': -18107.733154651494, 'dy': -332.5590928480355, 'support': None, 'n': None, 'peak': 0.020898853179031604}); windows compared in place
[Coarse] pair 20: no reliable coarse offset (matcher: no matches; phasecorr: {'dx': -28903.23193639674, 'dy': -12953.216285335406, 'support': None, 'n': None, 'peak': 0.008737401829825507}); windows compared in place
[Coarse] pair 26: no reliable coarse offset (matcher: no matches; phasecorr: {'dx': -96306.08142606622, 'dy': -17142.367293993742, 'support': None, 'n': None, 'peak': 0.02253384519977334}); windows compared in place
[Coarse] pair 2: phase correlation gave dE=-8934 m dN=5487 m, 10.5 km from every offset the matcher measured; using pair 1's (dE=-17955 m dN=-630 m)
[Coarse] pair 10: phase correlation gave dE=43169 m dN=-4147 m, 60.9 km from every offset the matcher measured; using pair 8's (dE=-18270 m dN=-315 m)
[Coarse] pair 12: phase correlation gave dE=-1877 m dN=10017 m, 18.8 km from every offset the matcher measured; using pair 8's (dE=-18270 m dN=-315 m)
[Coarse] pair 13: phase correlation gave dE=7584 m dN=8567 m, 26.7 km from every offset the matcher measured; using pair 8's (dE=-18270 m dN=-315 m)
[Coarse] pair 18: phase correlation gave dE=744 m dN=-16615 m, 24.6 km from every offset the matcher measured; using pair 25's (dE=-17955 m dN=-315 m)
[Coarse] pair 19: phase correlation gave dE=11920 m dN=-17918 m, 34.4 km from every offset the matcher measured; using pair 25's (dE=-17955 m dN=-315 m)
[Coarse] pair 21: phase correlation gave dE=-11414 m dN=-17047 m, 17.7 km from every offset the matcher measured; using pair 25's (dE=-17955 m dN=-315 m)
[Coarse] pair 27: phase correlation gave dE=-97898 m dN=-6012 m, 79.8 km from every offset the matcher measured; using pair 23's (dE=-17955 m dN=-315 m)
[Coarse] imw-liftfeat-nn-kt0p2 pair 1: dE=-17955.0 m dN=-630.0 m (matcher@315m, support=20, peak=None) 
imw-liftfeat-nn-kt0p2: Processing pair 1 from disk...
imw-liftfeat-nn-kt0p2: 1 match-sets in 0.19s
[Coarse] imw-liftfeat-nn-kt0p2 pair 2: dE=-17955.0 m dN=-630.0 m (from-pair-1 (phasecorr disagreed), support=None, peak=0.03413578109976686) 
imw-liftfeat-nn-kt0p2: Processing pair 2 from disk...
imw-liftfeat-nn-kt0p2: 1 match-sets in 0.09s
[Coarse] imw-liftfeat-nn-kt0p2 pair 3: dE=-17955.0 m dN=-630.0 m (from-pair-1, support=None, peak=None) 
imw-liftfeat-nn-kt0p2: Processing pair 3 from disk...
imw-liftfeat-nn-kt0p2: 1 match-sets in 0.09s
[Coarse] imw-liftfeat-nn-kt0p2 pair 4: dE=-17955.0 m dN=-315.0 m (matcher@315m, support=18, peak=None) 
imw-liftfeat-nn-kt0p2: Processing pair 4 from disk...
imw-liftfeat-nn-kt0p2: 1 match-sets in 0.22s
[Coarse] imw-liftfeat-nn-kt0p2 pair 5: dE=-18270.0 m dN=-315.0 m (matcher@315m, support=25, peak=None) 
imw-liftfeat-nn-kt0p2: Processing pair 5 from disk...
imw-liftfeat-nn-kt0p2: 1 match-sets in 0.10s
[Coarse] imw-liftfeat-nn-kt0p2 pair 6: dE=-18270.0 m dN=-315.0 m (from-pair-5, support=None, peak=None) 
imw-liftfeat-nn-kt0p2: Processing pair 6 from disk...
imw-liftfeat-nn-kt0p2: 1 match-sets in 0.11s
[Coarse] imw-liftfeat-nn-kt0p2 pair 7: dE=-17955.0 m dN=-630.0 m (matcher@315m, support=55, peak=None) 
imw-liftfeat-nn-kt0p2: Processing pair 7 from disk...
imw-liftfeat-nn-kt0p2: 1 match-sets in 0.45s
[Coarse] imw-liftfeat-nn-kt0p2 pair 8: dE=-18270.0 m dN=-315.0 m (matcher@315m, support=17, peak=None) 
imw-liftfeat-nn-kt0p2: Processing pair 8 from disk...
imw-liftfeat-nn-kt0p2: 1 match-sets in 0.42s
[Coarse] imw-liftfeat-nn-kt0p2 pair 9: dE=-17955.0 m dN=-630.0 m (matcher@315m, support=77, peak=None) 
imw-liftfeat-nn-kt0p2: Processing pair 9 from disk...
imw-liftfeat-nn-kt0p2: 1 match-sets in 0.29s
[Coarse] imw-liftfeat-nn-kt0p2 pair 10: dE=-18270.0 m dN=-315.0 m (from-pair-8 (phasecorr disagreed), support=None, peak=0.04791493653487985) 
imw-liftfeat-nn-kt0p2: Processing pair 10 from disk...
imw-liftfeat-nn-kt0p2: 1 match-sets in 0.39s
[Coarse] imw-liftfeat-nn-kt0p2 pair 11: dE=-18270.0 m dN=-315.0 m (from-pair-10, support=None, peak=None) 
imw-liftfeat-nn-kt0p2: Processing pair 11 from disk...
imw-liftfeat-nn-kt0p2: 1 match-sets in 0.24s
[Coarse] imw-liftfeat-nn-kt0p2 pair 12: dE=-18270.0 m dN=-315.0 m (from-pair-8 (phasecorr disagreed), support=None, peak=0.1047012765466431) 
imw-liftfeat-nn-kt0p2: Processing pair 12 from disk...
imw-liftfeat-nn-kt0p2: 0 match-sets in 0.00s
[Coarse] imw-liftfeat-nn-kt0p2 pair 13: dE=-18270.0 m dN=-315.0 m (from-pair-8 (phasecorr disagreed), support=None, peak=0.09384612739086151) 
imw-liftfeat-nn-kt0p2: Processing pair 13 from disk...
imw-liftfeat-nn-kt0p2: 0 match-sets in 0.00s
[Coarse] imw-liftfeat-nn-kt0p2 pair 14: dE=-17955.0 m dN=-315.0 m (matcher@315m, support=210, peak=None) 
imw-liftfeat-nn-kt0p2: Processing pair 14 from disk...
imw-liftfeat-nn-kt0p2: 1 match-sets in 0.49s
[Coarse] imw-liftfeat-nn-kt0p2 pair 15: dE=-17955.0 m dN=-315.0 m (matcher@315m, support=429, peak=None) 
imw-liftfeat-nn-kt0p2: Processing pair 15 from disk...
imw-liftfeat-nn-kt0p2: 1 match-sets in 0.33s
[Coarse] imw-liftfeat-nn-kt0p2 pair 16: dE=-17955.0 m dN=-315.0 m (matcher@315m, support=188, peak=None) 
imw-liftfeat-nn-kt0p2: Processing pair 16 from disk...
imw-liftfeat-nn-kt0p2: 1 match-sets in 0.24s
[Coarse] imw-liftfeat-nn-kt0p2 pair 17: dE=-17955.0 m dN=-315.0 m (matcher@315m, support=286, peak=None) 
imw-liftfeat-nn-kt0p2: Processing pair 17 from disk...
imw-liftfeat-nn-kt0p2: 1 match-sets in 0.25s
[Coarse] imw-liftfeat-nn-kt0p2 pair 18: dE=-17955.0 m dN=-315.0 m (from-pair-25 (phasecorr disagreed), support=None, peak=0.06863816733713503) 
imw-liftfeat-nn-kt0p2: Processing pair 18 from disk...
imw-liftfeat-nn-kt0p2: 0 match-sets in 0.00s
[Coarse] imw-liftfeat-nn-kt0p2 pair 19: dE=-17955.0 m dN=-315.0 m (from-pair-25 (phasecorr disagreed), support=None, peak=0.15104582491848204) 
imw-liftfeat-nn-kt0p2: Processing pair 19 from disk...
imw-liftfeat-nn-kt0p2: 0 match-sets in 0.00s
[Coarse] imw-liftfeat-nn-kt0p2 pair 20: dE=-17955.0 m dN=-315.0 m (from-pair-19, support=None, peak=None) 
imw-liftfeat-nn-kt0p2: Processing pair 20 from disk...
imw-liftfeat-nn-kt0p2: 0 match-sets in 0.00s
[Coarse] imw-liftfeat-nn-kt0p2 pair 21: dE=-17955.0 m dN=-315.0 m (from-pair-25 (phasecorr disagreed), support=None, peak=0.036990950946454645) 
imw-liftfeat-nn-kt0p2: Processing pair 21 from disk...
imw-liftfeat-nn-kt0p2: 0 match-sets in 0.00s
[Coarse] imw-liftfeat-nn-kt0p2 pair 22: dE=-17640.0 m dN=-315.0 m (matcher@315m, support=54, peak=None) 
imw-liftfeat-nn-kt0p2: Processing pair 22 from disk...
imw-liftfeat-nn-kt0p2: 1 match-sets in 0.41s
[Coarse] imw-liftfeat-nn-kt0p2 pair 23: dE=-17955.0 m dN=-315.0 m (matcher@315m, support=35, peak=None) 
imw-liftfeat-nn-kt0p2: Processing pair 23 from disk...
imw-liftfeat-nn-kt0p2: 1 match-sets in 0.25s
[Coarse] imw-liftfeat-nn-kt0p2 pair 24: dE=-17955.0 m dN=-315.0 m (matcher@315m, support=66, peak=None) 
imw-liftfeat-nn-kt0p2: Processing pair 24 from disk...
imw-liftfeat-nn-kt0p2: 1 match-sets in 0.27s
[Coarse] imw-liftfeat-nn-kt0p2 pair 25: dE=-17955.0 m dN=-315.0 m (matcher@315m, support=64, peak=None) 
imw-liftfeat-nn-kt0p2: Processing pair 25 from disk...
imw-liftfeat-nn-kt0p2: 1 match-sets in 0.26s
[Coarse] imw-liftfeat-nn-kt0p2 pair 26: dE=-17955.0 m dN=-315.0 m (from-pair-27, support=None, peak=None) 
imw-liftfeat-nn-kt0p2: Processing pair 26 from disk...
imw-liftfeat-nn-kt0p2: 1 match-sets in 0.33s
[Coarse] imw-liftfeat-nn-kt0p2 pair 27: dE=-17955.0 m dN=-315.0 m (from-pair-23 (phasecorr disagreed), support=None, peak=0.05064041456057702) 
imw-liftfeat-nn-kt0p2: Processing pair 27 from disk...
imw-liftfeat-nn-kt0p2: 1 match-sets in 0.18s
Saved:
 CHIP_STATS_ALL.csv
 CHIP_STATS_SURVIVORS.csv
 CONSENSUS_SCORES.csv
 BEST_CHIP_SET.csv
 BEST_CHIP_MANIFEST.csv
 BEST_FINAL_SUMMARY.csv
[band1] imw-liftfeat-nn-kt0p2 ok in 0.3 min, peak GPU memory 3.2 of 39.4 GB
[imw-liftfeat-nn] Model unloaded.
--------------------------------------------------------------------------------
[band1] Running imw-ripe-nn-kt0p2
[imw-ripe-nn] Loading model...
INFO:ripe.models.ripe:Training with window size 8.
INFO:ripe.models.ripe:Use None as final non-linearity before the detection heatmap.
INFO:ripe.models.ripe:Training dim reduction descriptor with 960 -> 256 1x1 conv
[Coarse] pair 20: no reliable coarse offset (matcher: no matches; phasecorr: {'dx': -28903.23193639674, 'dy': -12953.216285335406, 'support': None, 'n': None, 'peak': 0.008737401829825507}); windows compared in place
[Coarse] pair 26: no reliable coarse offset (matcher: no matches; phasecorr: {'dx': -96306.08142606622, 'dy': -17142.367293993742, 'support': None, 'n': None, 'peak': 0.02253384519977334}); windows compared in place
[Coarse] pair 10: phase correlation gave dE=43169 m dN=-4147 m, 61.2 km from every offset the matcher measured; using pair 11's (dE=-17955 m dN=-315 m)
[Coarse] pair 12: phase correlation gave dE=-1877 m dN=10017 m, 19.1 km from every offset the matcher measured; using pair 8's (dE=-17955 m dN=-315 m)
[Coarse] pair 13: phase correlation gave dE=7584 m dN=8567 m, 27.0 km from every offset the matcher measured; using pair 8's (dE=-17955 m dN=-315 m)
[Coarse] pair 18: phase correlation gave dE=744 m dN=-16615 m, 24.6 km from every offset the matcher measured; using pair 25's (dE=-17955 m dN=-315 m)
[Coarse] pair 19: phase correlation gave dE=11920 m dN=-17918 m, 34.5 km from every offset the matcher measured; using pair 25's (dE=-17955 m dN=-315 m)
[Coarse] pair 21: phase correlation gave dE=-11414 m dN=-17047 m, 17.7 km from every offset the matcher measured; using pair 25's (dE=-17955 m dN=-315 m)
[Coarse] pair 27: phase correlation gave dE=-97898 m dN=-6012 m, 79.8 km from every offset the matcher measured; using pair 23's (dE=-17955 m dN=-315 m)
[Coarse] imw-ripe-nn-kt0p2 pair 1: dE=-17955.0 m dN=-630.0 m (matcher@315m, support=155, peak=None) 
imw-ripe-nn-kt0p2: Processing pair 1 from disk...
imw-ripe-nn-kt0p2: 1 match-sets in 1.55s
[Coarse] imw-ripe-nn-kt0p2 pair 2: dE=-17955.0 m dN=-630.0 m (matcher@315m, support=76, peak=None) 
imw-ripe-nn-kt0p2: Processing pair 2 from disk...
imw-ripe-nn-kt0p2: 1 match-sets in 0.10s
[Coarse] imw-ripe-nn-kt0p2 pair 3: dE=-17955.0 m dN=-630.0 m (matcher@315m, support=49, peak=None) 
imw-ripe-nn-kt0p2: Processing pair 3 from disk...
imw-ripe-nn-kt0p2: 1 match-sets in 0.09s
[Coarse] imw-ripe-nn-kt0p2 pair 4: dE=-17955.0 m dN=-630.0 m (matcher@315m, support=72, peak=None) 
imw-ripe-nn-kt0p2: Processing pair 4 from disk...
imw-ripe-nn-kt0p2: 1 match-sets in 1.89s
[Coarse] imw-ripe-nn-kt0p2 pair 5: dE=-18270.0 m dN=-630.0 m (matcher@315m, support=55, peak=None) 
imw-ripe-nn-kt0p2: Processing pair 5 from disk...
imw-ripe-nn-kt0p2: 1 match-sets in 0.11s
[Coarse] imw-ripe-nn-kt0p2 pair 6: dE=-17955.0 m dN=-630.0 m (matcher@315m, support=24, peak=None) 
imw-ripe-nn-kt0p2: Processing pair 6 from disk...
imw-ripe-nn-kt0p2: 1 match-sets in 0.11s
[Coarse] imw-ripe-nn-kt0p2 pair 7: dE=-17955.0 m dN=-630.0 m (matcher@315m, support=90, peak=None) 
imw-ripe-nn-kt0p2: Processing pair 7 from disk...
imw-ripe-nn-kt0p2: 1 match-sets in 3.71s
[Coarse] imw-ripe-nn-kt0p2 pair 8: dE=-17955.0 m dN=-315.0 m (matcher@315m, support=78, peak=None) 
imw-ripe-nn-kt0p2: Processing pair 8 from disk...
imw-ripe-nn-kt0p2: 1 match-sets in 3.47s
[Coarse] imw-ripe-nn-kt0p2 pair 9: dE=-17955.0 m dN=-630.0 m (matcher@315m, support=100, peak=None) 
imw-ripe-nn-kt0p2: Processing pair 9 from disk...
imw-ripe-nn-kt0p2: 1 match-sets in 0.29s
[Coarse] imw-ripe-nn-kt0p2 pair 10: dE=-17955.0 m dN=-315.0 m (from-pair-11 (phasecorr disagreed), support=None, peak=0.04791493653487985) 
imw-ripe-nn-kt0p2: Processing pair 10 from disk...
imw-ripe-nn-kt0p2: 1 match-sets in 3.32s
[Coarse] imw-ripe-nn-kt0p2 pair 11: dE=-17955.0 m dN=-315.0 m (matcher@315m, support=39, peak=None) 
imw-ripe-nn-kt0p2: Processing pair 11 from disk...
imw-ripe-nn-kt0p2: 1 match-sets in 0.24s
[Coarse] imw-ripe-nn-kt0p2 pair 12: dE=-17955.0 m dN=-315.0 m (from-pair-8 (phasecorr disagreed), support=None, peak=0.1047012765466431) 
imw-ripe-nn-kt0p2: Processing pair 12 from disk...
imw-ripe-nn-kt0p2: 0 match-sets in 0.00s
[Coarse] imw-ripe-nn-kt0p2 pair 13: dE=-17955.0 m dN=-315.0 m (from-pair-8 (phasecorr disagreed), support=None, peak=0.09384612739086151) 
imw-ripe-nn-kt0p2: Processing pair 13 from disk...
imw-ripe-nn-kt0p2: 0 match-sets in 0.00s
[Coarse] imw-ripe-nn-kt0p2 pair 14: dE=-17955.0 m dN=-315.0 m (matcher@315m, support=223, peak=None) 
imw-ripe-nn-kt0p2: Processing pair 14 from disk...
imw-ripe-nn-kt0p2: 1 match-sets in 3.48s
[Coarse] imw-ripe-nn-kt0p2 pair 15: dE=-17955.0 m dN=-315.0 m (matcher@315m, support=320, peak=None) 
imw-ripe-nn-kt0p2: Processing pair 15 from disk...
imw-ripe-nn-kt0p2: 1 match-sets in 0.36s
[Coarse] imw-ripe-nn-kt0p2 pair 16: dE=-17955.0 m dN=-315.0 m (matcher@315m, support=375, peak=None) 
imw-ripe-nn-kt0p2: Processing pair 16 from disk...
imw-ripe-nn-kt0p2: 1 match-sets in 0.25s
[Coarse] imw-ripe-nn-kt0p2 pair 17: dE=-17955.0 m dN=-315.0 m (matcher@315m, support=449, peak=None) 
imw-ripe-nn-kt0p2: Processing pair 17 from disk...
imw-ripe-nn-kt0p2: 1 match-sets in 0.25s
[Coarse] imw-ripe-nn-kt0p2 pair 18: dE=-17955.0 m dN=-315.0 m (from-pair-25 (phasecorr disagreed), support=None, peak=0.06863816733713503) 
imw-ripe-nn-kt0p2: Processing pair 18 from disk...
imw-ripe-nn-kt0p2: 0 match-sets in 0.00s
[Coarse] imw-ripe-nn-kt0p2 pair 19: dE=-17955.0 m dN=-315.0 m (from-pair-25 (phasecorr disagreed), support=None, peak=0.15104582491848204) 
imw-ripe-nn-kt0p2: Processing pair 19 from disk...
imw-ripe-nn-kt0p2: 0 match-sets in 0.00s
[Coarse] imw-ripe-nn-kt0p2 pair 20: dE=-17955.0 m dN=-315.0 m (from-pair-19, support=None, peak=None) 
imw-ripe-nn-kt0p2: Processing pair 20 from disk...
imw-ripe-nn-kt0p2: 0 match-sets in 0.00s
[Coarse] imw-ripe-nn-kt0p2 pair 21: dE=-17955.0 m dN=-315.0 m (from-pair-25 (phasecorr disagreed), support=None, peak=0.036990950946454645) 
imw-ripe-nn-kt0p2: Processing pair 21 from disk...
imw-ripe-nn-kt0p2: 0 match-sets in 0.00s
[Coarse] imw-ripe-nn-kt0p2 pair 22: dE=-17955.0 m dN=-315.0 m (matcher@315m, support=211, peak=None) 
imw-ripe-nn-kt0p2: Processing pair 22 from disk...
imw-ripe-nn-kt0p2: 1 match-sets in 3.36s
[Coarse] imw-ripe-nn-kt0p2 pair 23: dE=-17955.0 m dN=-315.0 m (matcher@315m, support=208, peak=None) 
imw-ripe-nn-kt0p2: Processing pair 23 from disk...
imw-ripe-nn-kt0p2: 1 match-sets in 0.27s
[Coarse] imw-ripe-nn-kt0p2 pair 24: dE=-17955.0 m dN=-315.0 m (matcher@315m, support=137, peak=None) 
imw-ripe-nn-kt0p2: Processing pair 24 from disk...
imw-ripe-nn-kt0p2: 1 match-sets in 0.28s
[Coarse] imw-ripe-nn-kt0p2 pair 25: dE=-17955.0 m dN=-315.0 m (matcher@315m, support=220, peak=None) 
imw-ripe-nn-kt0p2: Processing pair 25 from disk...
imw-ripe-nn-kt0p2: 1 match-sets in 0.27s
[Coarse] imw-ripe-nn-kt0p2 pair 26: dE=-17955.0 m dN=-315.0 m (from-pair-27, support=None, peak=None) 
imw-ripe-nn-kt0p2: Processing pair 26 from disk...
imw-ripe-nn-kt0p2: 1 match-sets in 1.60s
[Coarse] imw-ripe-nn-kt0p2 pair 27: dE=-17955.0 m dN=-315.0 m (from-pair-23 (phasecorr disagreed), support=None, peak=0.05064041456057702) 
imw-ripe-nn-kt0p2: Processing pair 27 from disk...
imw-ripe-nn-kt0p2: 1 match-sets in 0.19s
Saved:
 CHIP_STATS_ALL.csv
 CHIP_STATS_SURVIVORS.csv
 CONSENSUS_SCORES.csv
 BEST_CHIP_SET.csv
 BEST_CHIP_MANIFEST.csv
 BEST_FINAL_SUMMARY.csv
[band1] imw-ripe-nn-kt0p2 ok in 1.3 min, peak GPU memory 32.9 of 39.4 GB
[imw-ripe-nn] Model unloaded.
--------------------------------------------------------------------------------
[band1] Running imw-darkfeat-nn-kt0p2
[imw-darkfeat-nn] Loading model...
Loaded DarkFeat model
[Coarse] pair 20: no reliable coarse offset (matcher: no matches; phasecorr: {'dx': -28903.23193639674, 'dy': -12953.216285335406, 'support': None, 'n': None, 'peak': 0.008737401829825507}); windows compared in place
[Coarse] pair 26: no reliable coarse offset (matcher: no matches; phasecorr: {'dx': -96306.08142606622, 'dy': -17142.367293993742, 'support': None, 'n': None, 'peak': 0.02253384519977334}); windows compared in place
[Coarse] pair 12: phase correlation gave dE=-1877 m dN=10017 m, 18.8 km from every offset the matcher measured; using pair 8's (dE=-17640 m dN=-945 m)
[Coarse] pair 13: phase correlation gave dE=7584 m dN=8567 m, 26.7 km from every offset the matcher measured; using pair 8's (dE=-17640 m dN=-945 m)
[Coarse] pair 18: phase correlation gave dE=744 m dN=-16615 m, 24.2 km from every offset the matcher measured; using pair 25's (dE=-17640 m dN=-315 m)
[Coarse] pair 19: phase correlation gave dE=11920 m dN=-17918 m, 34.1 km from every offset the matcher measured; using pair 25's (dE=-17640 m dN=-315 m)
[Coarse] pair 21: phase correlation gave dE=-11414 m dN=-17047 m, 17.3 km from every offset the matcher measured; using pair 25's (dE=-17640 m dN=-315 m)
[Coarse] pair 27: phase correlation gave dE=-97898 m dN=-6012 m, 80.1 km from every offset the matcher measured; using pair 23's (dE=-17640 m dN=-315 m)
[Coarse] imw-darkfeat-nn-kt0p2 pair 1: dE=-17955.0 m dN=-630.0 m (matcher@315m, support=106, peak=None) 
imw-darkfeat-nn-kt0p2: Processing pair 1 from disk...
imw-darkfeat-nn-kt0p2: 1 match-sets in 0.10s
[Coarse] imw-darkfeat-nn-kt0p2 pair 2: dE=-17955.0 m dN=-630.0 m (matcher@315m, support=54, peak=None) 
imw-darkfeat-nn-kt0p2: Processing pair 2 from disk...
imw-darkfeat-nn-kt0p2: 1 match-sets in 0.09s
[Coarse] imw-darkfeat-nn-kt0p2 pair 3: dE=-17955.0 m dN=-630.0 m (matcher@315m, support=32, peak=None) 
imw-darkfeat-nn-kt0p2: Processing pair 3 from disk...
imw-darkfeat-nn-kt0p2: 1 match-sets in 0.10s
[Coarse] imw-darkfeat-nn-kt0p2 pair 4: dE=-17955.0 m dN=-315.0 m (matcher@315m, support=61, peak=None) 
imw-darkfeat-nn-kt0p2: Processing pair 4 from disk...
imw-darkfeat-nn-kt0p2: 1 match-sets in 0.14s
[Coarse] imw-darkfeat-nn-kt0p2 pair 5: dE=-17955.0 m dN=-315.0 m (matcher@315m, support=32, peak=None) 
imw-darkfeat-nn-kt0p2: Processing pair 5 from disk...
imw-darkfeat-nn-kt0p2: 1 match-sets in 0.12s
[Coarse] imw-darkfeat-nn-kt0p2 pair 6: dE=-17640.0 m dN=-945.0 m (matcher@315m, support=9, peak=None) 
imw-darkfeat-nn-kt0p2: Processing pair 6 from disk...
imw-darkfeat-nn-kt0p2: 1 match-sets in 0.12s
[Coarse] imw-darkfeat-nn-kt0p2 pair 7: dE=-17955.0 m dN=-315.0 m (matcher@315m, support=183, peak=None) 
imw-darkfeat-nn-kt0p2: Processing pair 7 from disk...
imw-darkfeat-nn-kt0p2: 1 match-sets in 0.45s
[Coarse] imw-darkfeat-nn-kt0p2 pair 8: dE=-17640.0 m dN=-945.0 m (matcher@315m, support=9, peak=None) 
imw-darkfeat-nn-kt0p2: Processing pair 8 from disk...
imw-darkfeat-nn-kt0p2: 1 match-sets in 0.38s
[Coarse] imw-darkfeat-nn-kt0p2 pair 9: dE=-17955.0 m dN=-315.0 m (matcher@315m, support=158, peak=None) 
imw-darkfeat-nn-kt0p2: Processing pair 9 from disk...
imw-darkfeat-nn-kt0p2: 1 match-sets in 0.51s
[Coarse] imw-darkfeat-nn-kt0p2 pair 10: dE=-17640.0 m dN=-315.0 m (matcher@315m, support=17, peak=None) 
imw-darkfeat-nn-kt0p2: Processing pair 10 from disk...
imw-darkfeat-nn-kt0p2: 1 match-sets in 0.30s
[Coarse] imw-darkfeat-nn-kt0p2 pair 11: dE=-17955.0 m dN=-315.0 m (matcher@315m, support=78, peak=None) 
imw-darkfeat-nn-kt0p2: Processing pair 11 from disk...
imw-darkfeat-nn-kt0p2: 1 match-sets in 0.28s
[Coarse] imw-darkfeat-nn-kt0p2 pair 12: dE=-17640.0 m dN=-945.0 m (from-pair-8 (phasecorr disagreed), support=None, peak=0.1047012765466431) 
imw-darkfeat-nn-kt0p2: Processing pair 12 from disk...
imw-darkfeat-nn-kt0p2: 0 match-sets in 0.00s
[Coarse] imw-darkfeat-nn-kt0p2 pair 13: dE=-17640.0 m dN=-945.0 m (from-pair-8 (phasecorr disagreed), support=None, peak=0.09384612739086151) 
imw-darkfeat-nn-kt0p2: Processing pair 13 from disk...
imw-darkfeat-nn-kt0p2: 0 match-sets in 0.00s
[Coarse] imw-darkfeat-nn-kt0p2 pair 14: dE=-17955.0 m dN=0.0 m (matcher@315m, support=385, peak=None) 
imw-darkfeat-nn-kt0p2: Processing pair 14 from disk...
imw-darkfeat-nn-kt0p2: 1 match-sets in 0.46s
[Coarse] imw-darkfeat-nn-kt0p2 pair 15: dE=-17955.0 m dN=0.0 m (matcher@315m, support=423, peak=None) 
imw-darkfeat-nn-kt0p2: Processing pair 15 from disk...
imw-darkfeat-nn-kt0p2: 1 match-sets in 0.44s
[Coarse] imw-darkfeat-nn-kt0p2 pair 16: dE=-17955.0 m dN=-315.0 m (matcher@315m, support=646, peak=None) 
imw-darkfeat-nn-kt0p2: Processing pair 16 from disk...
imw-darkfeat-nn-kt0p2: 1 match-sets in 0.29s
[Coarse] imw-darkfeat-nn-kt0p2 pair 17: dE=-17955.0 m dN=-315.0 m (matcher@315m, support=887, peak=None) 
imw-darkfeat-nn-kt0p2: Processing pair 17 from disk...
imw-darkfeat-nn-kt0p2: 1 match-sets in 0.29s
[Coarse] imw-darkfeat-nn-kt0p2 pair 18: dE=-17640.0 m dN=-315.0 m (from-pair-25 (phasecorr disagreed), support=None, peak=0.06863816733713503) 
imw-darkfeat-nn-kt0p2: Processing pair 18 from disk...
imw-darkfeat-nn-kt0p2: 0 match-sets in 0.00s
[Coarse] imw-darkfeat-nn-kt0p2 pair 19: dE=-17640.0 m dN=-315.0 m (from-pair-25 (phasecorr disagreed), support=None, peak=0.15104582491848204) 
imw-darkfeat-nn-kt0p2: Processing pair 19 from disk...
imw-darkfeat-nn-kt0p2: 0 match-sets in 0.00s
[Coarse] imw-darkfeat-nn-kt0p2 pair 20: dE=-17640.0 m dN=-315.0 m (from-pair-19, support=None, peak=None) 
imw-darkfeat-nn-kt0p2: Processing pair 20 from disk...
imw-darkfeat-nn-kt0p2: 0 match-sets in 0.00s
[Coarse] imw-darkfeat-nn-kt0p2 pair 21: dE=-17640.0 m dN=-315.0 m (from-pair-25 (phasecorr disagreed), support=None, peak=0.036990950946454645) 
imw-darkfeat-nn-kt0p2: Processing pair 21 from disk...
imw-darkfeat-nn-kt0p2: 0 match-sets in 0.00s
[Coarse] imw-darkfeat-nn-kt0p2 pair 22: dE=-17640.0 m dN=-315.0 m (matcher@315m, support=486, peak=None) 
imw-darkfeat-nn-kt0p2: Processing pair 22 from disk...
imw-darkfeat-nn-kt0p2: 1 match-sets in 0.34s
[Coarse] imw-darkfeat-nn-kt0p2 pair 23: dE=-17640.0 m dN=-315.0 m (matcher@315m, support=443, peak=None) 
imw-darkfeat-nn-kt0p2: Processing pair 23 from disk...
imw-darkfeat-nn-kt0p2: 1 match-sets in 0.30s
[Coarse] imw-darkfeat-nn-kt0p2 pair 24: dE=-17955.0 m dN=-315.0 m (matcher@315m, support=356, peak=None) 
imw-darkfeat-nn-kt0p2: Processing pair 24 from disk...
imw-darkfeat-nn-kt0p2: 1 match-sets in 0.33s
[Coarse] imw-darkfeat-nn-kt0p2 pair 25: dE=-17640.0 m dN=-315.0 m (matcher@315m, support=497, peak=None) 
imw-darkfeat-nn-kt0p2: Processing pair 25 from disk...
imw-darkfeat-nn-kt0p2: 1 match-sets in 0.31s
[Coarse] imw-darkfeat-nn-kt0p2 pair 26: dE=-17640.0 m dN=-315.0 m (from-pair-27, support=None, peak=None) 
imw-darkfeat-nn-kt0p2: Processing pair 26 from disk...
imw-darkfeat-nn-kt0p2: 1 match-sets in 0.23s
[Coarse] imw-darkfeat-nn-kt0p2 pair 27: dE=-17640.0 m dN=-315.0 m (from-pair-23 (phasecorr disagreed), support=None, peak=0.05064041456057702) 
imw-darkfeat-nn-kt0p2: Processing pair 27 from disk...
imw-darkfeat-nn-kt0p2: 1 match-sets in 0.21s
Saved:
 CHIP_STATS_ALL.csv
 CHIP_STATS_SURVIVORS.csv
 CONSENSUS_SCORES.csv
 BEST_CHIP_SET.csv
 BEST_CHIP_MANIFEST.csv
 BEST_FINAL_SUMMARY.csv
[band1] imw-darkfeat-nn-kt0p2 ok in 0.2 min, peak GPU memory 3.2 of 39.4 GB
[imw-darkfeat-nn] Model unloaded.
--------------------------------------------------------------------------------
[band1] Running imw-lanet-nn-kt0p2
[imw-lanet-nn] Loading model...
[Coarse] pair 3: no reliable coarse offset (matcher: {'dx': -17949.537391662598, 'dy': -778.3868408203125, 'support': 5, 'n': 8, 'peak': None}; phasecorr: {'dx': -16147.443677524008, 'dy': -26751.975000537102, 'support': None, 'n': None, 'peak': 0.00032880983234923565}); windows compared in place
[Coarse] pair 4: no reliable coarse offset (matcher: no matches; phasecorr: {'dx': 12882.472481301173, 'dy': 92621.70938170607, 'support': None, 'n': None, 'peak': -0.00012715039429841217}); windows compared in place
[Coarse] pair 5: no reliable coarse offset (matcher: no matches; phasecorr: {'dx': 3156.3479216096807, 'dy': 18300.67805989782, 'support': None, 'n': None, 'peak': 0.020832994549224774}); windows compared in place
[Coarse] pair 6: no reliable coarse offset (matcher: no matches; phasecorr: {'dx': -15852.800158210905, 'dy': 18737.59796077822, 'support': None, 'n': None, 'peak': -0.0027571213742097218}); windows compared in place
[Coarse] pair 11: no reliable coarse offset (matcher: no matches; phasecorr: {'dx': -18107.733154651494, 'dy': -332.5590928480355, 'support': None, 'n': None, 'peak': 0.020898853179031604}); windows compared in place
[Coarse] pair 20: no reliable coarse offset (matcher: no matches; phasecorr: {'dx': -28903.23193639674, 'dy': -12953.216285335406, 'support': None, 'n': None, 'peak': 0.008737401829825507}); windows compared in place
[Coarse] pair 26: no reliable coarse offset (matcher: no matches; phasecorr: {'dx': -96306.08142606622, 'dy': -17142.367293993742, 'support': None, 'n': None, 'peak': 0.02253384519977334}); windows compared in place
[Coarse] pair 2: phase correlation gave dE=-8934 m dN=5487 m, 10.5 km from every offset the matcher measured; using pair 1's (dE=-18071 m dN=-520 m)
[Coarse] pair 10: phase correlation gave dE=43169 m dN=-4147 m, 61.1 km from every offset the matcher measured; using pair 8's (dE=-17850 m dN=-420 m)
[Coarse] pair 12: phase correlation gave dE=-1877 m dN=10017 m, 18.9 km from every offset the matcher measured; using pair 8's (dE=-17850 m dN=-420 m)
[Coarse] pair 13: phase correlation gave dE=7584 m dN=8567 m, 26.9 km from every offset the matcher measured; using pair 8's (dE=-17850 m dN=-420 m)
[Coarse] pair 18: phase correlation gave dE=744 m dN=-16615 m, 24.6 km from every offset the matcher measured; using pair 25's (dE=-17807 m dN=-317 m)
[Coarse] pair 19: phase correlation gave dE=11920 m dN=-17918 m, 34.5 km from every offset the matcher measured; using pair 25's (dE=-17807 m dN=-317 m)
[Coarse] pair 21: phase correlation gave dE=-11414 m dN=-17047 m, 17.7 km from every offset the matcher measured; using pair 25's (dE=-17807 m dN=-317 m)
[Coarse] pair 27: phase correlation gave dE=-97898 m dN=-6012 m, 80.0 km from every offset the matcher measured; using pair 23's (dE=-17810 m dN=-241 m)
[Coarse] imw-lanet-nn-kt0p2 pair 1: dE=-18070.8 m dN=-520.3 m (matcher@315m, support=21, peak=None) 
imw-lanet-nn-kt0p2: Processing pair 1 from disk...
imw-lanet-nn-kt0p2: 1 match-sets in 0.10s
[Coarse] imw-lanet-nn-kt0p2 pair 2: dE=-18070.8 m dN=-520.3 m (from-pair-1 (phasecorr disagreed), support=None, peak=0.03413578109976686) 
imw-lanet-nn-kt0p2: Processing pair 2 from disk...
imw-lanet-nn-kt0p2: 1 match-sets in 0.07s
[Coarse] imw-lanet-nn-kt0p2 pair 3: dE=-18070.8 m dN=-520.3 m (from-pair-1, support=None, peak=None) 
imw-lanet-nn-kt0p2: Processing pair 3 from disk...
imw-lanet-nn-kt0p2: 1 match-sets in 0.07s
[Coarse] imw-lanet-nn-kt0p2 pair 4: dE=-18070.8 m dN=-520.3 m (from-pair-2, support=None, peak=None) 
imw-lanet-nn-kt0p2: Processing pair 4 from disk...
imw-lanet-nn-kt0p2: 1 match-sets in 0.11s
[Coarse] imw-lanet-nn-kt0p2 pair 5: dE=-18070.8 m dN=-520.3 m (from-pair-2, support=None, peak=None) 
imw-lanet-nn-kt0p2: Processing pair 5 from disk...
imw-lanet-nn-kt0p2: 1 match-sets in 0.08s
[Coarse] imw-lanet-nn-kt0p2 pair 6: dE=-18070.8 m dN=-520.3 m (from-pair-2, support=None, peak=None) 
imw-lanet-nn-kt0p2: Processing pair 6 from disk...
imw-lanet-nn-kt0p2: 1 match-sets in 0.08s
[Coarse] imw-lanet-nn-kt0p2 pair 7: dE=-17912.6 m dN=-557.6 m (matcher@315m, support=67, peak=None) 
imw-lanet-nn-kt0p2: Processing pair 7 from disk...
imw-lanet-nn-kt0p2: 1 match-sets in 0.26s
[Coarse] imw-lanet-nn-kt0p2 pair 8: dE=-17849.5 m dN=-419.8 m (matcher@315m, support=22, peak=None) 
imw-lanet-nn-kt0p2: Processing pair 8 from disk...
imw-lanet-nn-kt0p2: 1 match-sets in 0.25s
[Coarse] imw-lanet-nn-kt0p2 pair 9: dE=-17938.1 m dN=-543.6 m (matcher@315m, support=66, peak=None) 
imw-lanet-nn-kt0p2: Processing pair 9 from disk...
imw-lanet-nn-kt0p2: 1 match-sets in 0.24s
[Coarse] imw-lanet-nn-kt0p2 pair 10: dE=-17849.5 m dN=-419.8 m (from-pair-8 (phasecorr disagreed), support=None, peak=0.04791493653487985) 
imw-lanet-nn-kt0p2: Processing pair 10 from disk...
imw-lanet-nn-kt0p2: 1 match-sets in 0.21s
[Coarse] imw-lanet-nn-kt0p2 pair 11: dE=-17849.5 m dN=-419.8 m (from-pair-10, support=None, peak=None) 
imw-lanet-nn-kt0p2: Processing pair 11 from disk...
imw-lanet-nn-kt0p2: 1 match-sets in 0.19s
[Coarse] imw-lanet-nn-kt0p2 pair 12: dE=-17849.5 m dN=-419.8 m (from-pair-8 (phasecorr disagreed), support=None, peak=0.1047012765466431) 
imw-lanet-nn-kt0p2: Processing pair 12 from disk...
imw-lanet-nn-kt0p2: 0 match-sets in 0.00s
[Coarse] imw-lanet-nn-kt0p2 pair 13: dE=-17849.5 m dN=-419.8 m (from-pair-8 (phasecorr disagreed), support=None, peak=0.09384612739086151) 
imw-lanet-nn-kt0p2: Processing pair 13 from disk...
imw-lanet-nn-kt0p2: 0 match-sets in 0.00s
[Coarse] imw-lanet-nn-kt0p2 pair 14: dE=-17880.8 m dN=-197.2 m (matcher@315m, support=305, peak=None) 
imw-lanet-nn-kt0p2: Processing pair 14 from disk...
imw-lanet-nn-kt0p2: 1 match-sets in 0.32s
[Coarse] imw-lanet-nn-kt0p2 pair 15: dE=-17933.2 m dN=-232.3 m (matcher@315m, support=368, peak=None) 
imw-lanet-nn-kt0p2: Processing pair 15 from disk...
imw-lanet-nn-kt0p2: 1 match-sets in 0.30s
[Coarse] imw-lanet-nn-kt0p2 pair 16: dE=-17968.9 m dN=-166.0 m (matcher@315m, support=225, peak=None) 
imw-lanet-nn-kt0p2: Processing pair 16 from disk...
imw-lanet-nn-kt0p2: 1 match-sets in 0.22s
[Coarse] imw-lanet-nn-kt0p2 pair 17: dE=-17971.6 m dN=-196.5 m (matcher@315m, support=282, peak=None) 
imw-lanet-nn-kt0p2: Processing pair 17 from disk...
imw-lanet-nn-kt0p2: 1 match-sets in 0.20s
[Coarse] imw-lanet-nn-kt0p2 pair 18: dE=-17806.9 m dN=-316.6 m (from-pair-25 (phasecorr disagreed), support=None, peak=0.06863816733713503) 
imw-lanet-nn-kt0p2: Processing pair 18 from disk...
imw-lanet-nn-kt0p2: 0 match-sets in 0.00s
[Coarse] imw-lanet-nn-kt0p2 pair 19: dE=-17806.9 m dN=-316.6 m (from-pair-25 (phasecorr disagreed), support=None, peak=0.15104582491848204) 
imw-lanet-nn-kt0p2: Processing pair 19 from disk...
imw-lanet-nn-kt0p2: 0 match-sets in 0.00s
[Coarse] imw-lanet-nn-kt0p2 pair 20: dE=-17806.9 m dN=-316.6 m (from-pair-19, support=None, peak=None) 
imw-lanet-nn-kt0p2: Processing pair 20 from disk...
imw-lanet-nn-kt0p2: 0 match-sets in 0.00s
[Coarse] imw-lanet-nn-kt0p2 pair 21: dE=-17806.9 m dN=-316.6 m (from-pair-25 (phasecorr disagreed), support=None, peak=0.036990950946454645) 
imw-lanet-nn-kt0p2: Processing pair 21 from disk...
imw-lanet-nn-kt0p2: 0 match-sets in 0.00s
[Coarse] imw-lanet-nn-kt0p2 pair 22: dE=-17818.9 m dN=-227.0 m (matcher@315m, support=100, peak=None) 
imw-lanet-nn-kt0p2: Processing pair 22 from disk...
imw-lanet-nn-kt0p2: 1 match-sets in 0.23s
[Coarse] imw-lanet-nn-kt0p2 pair 23: dE=-17810.3 m dN=-240.9 m (matcher@315m, support=101, peak=None) 
imw-lanet-nn-kt0p2: Processing pair 23 from disk...
imw-lanet-nn-kt0p2: 1 match-sets in 0.21s
[Coarse] imw-lanet-nn-kt0p2 pair 24: dE=-17831.7 m dN=-165.2 m (matcher@315m, support=64, peak=None) 
imw-lanet-nn-kt0p2: Processing pair 24 from disk...
imw-lanet-nn-kt0p2: 1 match-sets in 0.21s
[Coarse] imw-lanet-nn-kt0p2 pair 25: dE=-17806.9 m dN=-316.6 m (matcher@315m, support=116, peak=None) 
imw-lanet-nn-kt0p2: Processing pair 25 from disk...
imw-lanet-nn-kt0p2: 1 match-sets in 0.21s
[Coarse] imw-lanet-nn-kt0p2 pair 26: dE=-17810.3 m dN=-240.9 m (from-pair-27, support=None, peak=None) 
imw-lanet-nn-kt0p2: Processing pair 26 from disk...
imw-lanet-nn-kt0p2: 1 match-sets in 0.17s
[Coarse] imw-lanet-nn-kt0p2 pair 27: dE=-17810.3 m dN=-240.9 m (from-pair-23 (phasecorr disagreed), support=None, peak=0.05064041456057702) 
imw-lanet-nn-kt0p2: Processing pair 27 from disk...
imw-lanet-nn-kt0p2: 1 match-sets in 0.15s
Saved:
 CHIP_STATS_ALL.csv
 CHIP_STATS_SURVIVORS.csv
 CONSENSUS_SCORES.csv
 BEST_CHIP_SET.csv
 BEST_CHIP_MANIFEST.csv
 BEST_FINAL_SUMMARY.csv
[band1] imw-lanet-nn-kt0p2 ok in 0.2 min, peak GPU memory 1.1 of 39.4 GB
[imw-lanet-nn] Model unloaded.
--------------------------------------------------------------------------------
[band1] Running imw-minima-loftr
[imw-minima-loftr] Loading model...
[Coarse] pair 7: no reliable coarse offset (matcher: {'dx': -19970.080032348633, 'dy': -17181.20819091797, 'support': 4, 'n': 4, 'peak': None}; phasecorr: {'dx': -17660.72648465004, 'dy': -478.5174601560547, 'support': None, 'n': None, 'peak': 0.0218074359204816}); windows compared in place
[Coarse] pair 20: no reliable coarse offset (matcher: no matches; phasecorr: {'dx': -28903.23193639674, 'dy': -12953.216285335406, 'support': None, 'n': None, 'peak': 0.008737401829825507}); windows compared in place
[Coarse] pair 26: no reliable coarse offset (matcher: {'dx': 15699.703388214111, 'dy': 18293.610219955444, 'support': 2, 'n': 3, 'peak': None}; phasecorr: {'dx': -96306.08142606622, 'dy': -17142.367293993742, 'support': None, 'n': None, 'peak': 0.02253384519977334}); windows compared in place
[Coarse] pair 10: phase correlation gave dE=43169 m dN=-4147 m, 60.8 km from every offset the matcher measured; using pair 11's (dE=-18171 m dN=-76 m)
[Coarse] pair 12: phase correlation gave dE=-1877 m dN=10017 m, 18.8 km from every offset the matcher measured; using pair 8's (dE=-17903 m dN=-1150 m)
[Coarse] pair 13: phase correlation gave dE=7584 m dN=8567 m, 26.7 km from every offset the matcher measured; using pair 8's (dE=-17903 m dN=-1150 m)
[Coarse] pair 18: phase correlation gave dE=744 m dN=-16615 m, 20.9 km from every offset the matcher measured; using pair 25's (dE=-17542 m dN=-427 m)
[Coarse] pair 19: phase correlation gave dE=11920 m dN=-17918 m, 32.1 km from every offset the matcher measured; using pair 25's (dE=-17542 m dN=-427 m)
[Coarse] pair 21: phase correlation gave dE=-11414 m dN=-17047 m, 8.8 km from every offset the matcher measured; using pair 25's (dE=-17542 m dN=-427 m)
[Coarse] pair 27: phase correlation gave dE=-97898 m dN=-6012 m, 78.5 km from every offset the matcher measured; using pair 23's (dE=-17510 m dN=-410 m)
[Coarse] WARNING: imw-minima-loftr: the pairs' coarse offsets differ by up to 17 km, more than one image moves from place to place. Pairs with a wrong offset match the wrong ground (the chip consensus drops them when they are few); if most pairs disagree, check the input's pixel size and window size.
[Coarse] imw-minima-loftr pair 1: dE=-17889.0 m dN=-776.9 m (matcher@315m, support=123, peak=None) 
imw-minima-loftr: Processing pair 1 from disk...
imw-minima-loftr: 1 match-sets in 2.01s
[Coarse] imw-minima-loftr pair 2: dE=-20174.7 m dN=-16939.9 m (matcher@315m, support=8, peak=None) 
imw-minima-loftr: Processing pair 2 from disk...
imw-minima-loftr: 1 match-sets in 0.09s
[Coarse] imw-minima-loftr pair 3: dE=-17979.7 m dN=-1116.4 m (matcher@315m, support=31, peak=None) 
imw-minima-loftr: Processing pair 3 from disk...
imw-minima-loftr: 1 match-sets in 0.08s
[Coarse] imw-minima-loftr pair 4: dE=-18462.5 m dN=-258.5 m (matcher@315m, support=48, peak=None) 
imw-minima-loftr: Processing pair 4 from disk...
imw-minima-loftr: 1 match-sets in 1.66s
[Coarse] imw-minima-loftr pair 5: dE=-18546.9 m dN=-232.7 m (matcher@315m, support=58, peak=None) 
imw-minima-loftr: Processing pair 5 from disk...
imw-minima-loftr: 1 match-sets in 0.09s
[Coarse] imw-minima-loftr pair 6: dE=-18574.0 m dN=-206.3 m (matcher@315m, support=21, peak=None) 
imw-minima-loftr: Processing pair 6 from disk...
imw-minima-loftr: 1 match-sets in 0.09s
[Coarse] imw-minima-loftr pair 7: dE=-18008.8 m dN=-1161.8 m (from-pair-9, support=None, peak=None) 
imw-minima-loftr: Processing pair 7 from disk...
imw-minima-loftr: 1 match-sets in 4.17s
[Coarse] imw-minima-loftr pair 8: dE=-17903.1 m dN=-1150.5 m (matcher@315m, support=10, peak=None) 
imw-minima-loftr: Processing pair 8 from disk...
imw-minima-loftr: 1 match-sets in 4.70s
[Coarse] imw-minima-loftr pair 9: dE=-18008.8 m dN=-1161.8 m (matcher@315m, support=20, peak=None) 
imw-minima-loftr: Processing pair 9 from disk...
imw-minima-loftr: 1 match-sets in 0.26s
[Coarse] imw-minima-loftr pair 10: dE=-18171.5 m dN=-76.4 m (from-pair-11 (phasecorr disagreed), support=None, peak=0.04791493653487985) 
imw-minima-loftr: Processing pair 10 from disk...
imw-minima-loftr: 1 match-sets in 2.12s
[Coarse] imw-minima-loftr pair 11: dE=-18171.5 m dN=-76.4 m (matcher@315m, support=105, peak=None) 
imw-minima-loftr: Processing pair 11 from disk...
imw-minima-loftr: 1 match-sets in 0.21s
[Coarse] imw-minima-loftr pair 12: dE=-17903.1 m dN=-1150.5 m (from-pair-8 (phasecorr disagreed), support=None, peak=0.1047012765466431) 
imw-minima-loftr: Processing pair 12 from disk...
imw-minima-loftr: 0 match-sets in 0.00s
[Coarse] imw-minima-loftr pair 13: dE=-17903.1 m dN=-1150.5 m (from-pair-8 (phasecorr disagreed), support=None, peak=0.09384612739086151) 
imw-minima-loftr: Processing pair 13 from disk...
imw-minima-loftr: 0 match-sets in 0.00s
[Coarse] imw-minima-loftr pair 14: dE=-17723.4 m dN=-513.6 m (matcher@315m, support=561, peak=None) 
imw-minima-loftr: Processing pair 14 from disk...
imw-minima-loftr: 1 match-sets in 2.20s
[Coarse] imw-minima-loftr pair 15: dE=-17777.7 m dN=-517.2 m (matcher@315m, support=955, peak=None) 
imw-minima-loftr: Processing pair 15 from disk...
imw-minima-loftr: 1 match-sets in 0.33s
[Coarse] imw-minima-loftr pair 16: dE=-18002.0 m dN=-234.1 m (matcher@315m, support=408, peak=None) 
imw-minima-loftr: Processing pair 16 from disk...
imw-minima-loftr: 1 match-sets in 0.24s
[Coarse] imw-minima-loftr pair 17: dE=-18072.3 m dN=-224.9 m (matcher@315m, support=741, peak=None) 
imw-minima-loftr: Processing pair 17 from disk...
imw-minima-loftr: 1 match-sets in 0.24s
[Coarse] imw-minima-loftr pair 18: dE=-17542.1 m dN=-427.0 m (from-pair-25 (phasecorr disagreed), support=None, peak=0.06863816733713503) 
imw-minima-loftr: Processing pair 18 from disk...
imw-minima-loftr: 0 match-sets in 0.00s
[Coarse] imw-minima-loftr pair 19: dE=-17542.1 m dN=-427.0 m (from-pair-25 (phasecorr disagreed), support=None, peak=0.15104582491848204) 
imw-minima-loftr: Processing pair 19 from disk...
imw-minima-loftr: 0 match-sets in 0.00s
[Coarse] imw-minima-loftr pair 20: dE=-17542.1 m dN=-427.0 m (from-pair-19, support=None, peak=None) 
imw-minima-loftr: Processing pair 20 from disk...
imw-minima-loftr: 0 match-sets in 0.00s
[Coarse] imw-minima-loftr pair 21: dE=-17542.1 m dN=-427.0 m (from-pair-25 (phasecorr disagreed), support=None, peak=0.036990950946454645) 
imw-minima-loftr: Processing pair 21 from disk...
imw-minima-loftr: 0 match-sets in 0.00s
[Coarse] imw-minima-loftr pair 22: dE=-17505.9 m dN=-423.0 m (matcher@315m, support=521, peak=None) 
imw-minima-loftr: Processing pair 22 from disk...
imw-minima-loftr: 1 match-sets in 1.75s
[Coarse] imw-minima-loftr pair 23: dE=-17510.0 m dN=-409.8 m (matcher@315m, support=452, peak=None) 
imw-minima-loftr: Processing pair 23 from disk...
imw-minima-loftr: 1 match-sets in 0.24s
[Coarse] imw-minima-loftr pair 24: dE=-17533.9 m dN=-396.5 m (matcher@315m, support=503, peak=None) 
imw-minima-loftr: Processing pair 24 from disk...
imw-minima-loftr: 1 match-sets in 0.24s
[Coarse] imw-minima-loftr pair 25: dE=-17542.1 m dN=-427.0 m (matcher@315m, support=523, peak=None) 
imw-minima-loftr: Processing pair 25 from disk...
imw-minima-loftr: 1 match-sets in 0.23s
[Coarse] imw-minima-loftr pair 26: dE=-17510.0 m dN=-409.8 m (from-pair-27, support=None, peak=None) 
imw-minima-loftr: Processing pair 26 from disk...
imw-minima-loftr: 1 match-sets in 1.74s
[Coarse] imw-minima-loftr pair 27: dE=-17510.0 m dN=-409.8 m (from-pair-23 (phasecorr disagreed), support=None, peak=0.05064041456057702) 
imw-minima-loftr: Processing pair 27 from disk...
imw-minima-loftr: 0 match-sets in 0.14s
Saved:
 CHIP_STATS_ALL.csv
 CHIP_STATS_SURVIVORS.csv
 CONSENSUS_SCORES.csv
 BEST_CHIP_SET.csv
 BEST_CHIP_MANIFEST.csv
 BEST_FINAL_SUMMARY.csv
[band1] imw-minima-loftr ok in 1.1 min, peak GPU memory 33.0 of 39.4 GB
[imw-minima-loftr] Model unloaded.
--------------------------------------------------------------------------------
[band1] Running imw-minima-roma
[imw-minima-roma] Loading model...
[Coarse] pair 26: no reliable coarse offset (matcher: no matches; phasecorr: {'dx': -96306.08142606622, 'dy': -17142.367293993742, 'support': None, 'n': None, 'peak': 0.02253384519977334}); windows compared in place
[Coarse] pair 10: the matcher gave dE=2781 m dN=20200 m on 14 matches, apart from the 19 pairs that agree; using pair 11's (dE=-18010 m dN=-314 m)
[Coarse] pair 12: the matcher gave dE=5166 m dN=-20583 m on 51 matches, apart from the 19 pairs that agree; using pair 8's (dE=-17913 m dN=-593 m)
[Coarse] pair 13: the matcher gave dE=3954 m dN=-20588 m on 53 matches, apart from the 19 pairs that agree; using pair 8's (dE=-17913 m dN=-593 m)
[Coarse] pair 20: the matcher gave dE=9934 m dN=-20757 m on 17 matches, apart from the 19 pairs that agree; using pair 25's (dE=-17780 m dN=-324 m)
[Coarse] pair 23: the matcher gave dE=617 m dN=-18606 m on 34 matches, apart from the 19 pairs that agree; using pair 24's (dE=-17773 m dN=-284 m)
[Coarse] pair 18: phase correlation gave dE=744 m dN=-16615 m, 18.8 km from every offset the matcher measured; using pair 25's (dE=-17780 m dN=-324 m)
[Coarse] pair 19: phase correlation gave dE=11920 m dN=-17918 m, 26.2 km from every offset the matcher measured; using pair 25's (dE=-17780 m dN=-324 m)
[Coarse] pair 21: phase correlation gave dE=-11414 m dN=-17047 m, 17.6 km from every offset the matcher measured; using pair 25's (dE=-17780 m dN=-324 m)
[Coarse] WARNING: imw-minima-roma: the pairs' coarse offsets differ by up to 12 km, more than one image moves from place to place. Pairs with a wrong offset match the wrong ground (the chip consensus drops them when they are few); if most pairs disagree, check the input's pixel size and window size.
[Coarse] imw-minima-roma pair 1: dE=-17977.4 m dN=-633.5 m (matcher@315m, support=2778, peak=None) 
imw-minima-roma: Processing pair 1 from disk...
imw-minima-roma: 1 match-sets in 0.59s
[Coarse] imw-minima-roma pair 2: dE=-17997.0 m dN=-646.5 m (matcher@315m, support=2225, peak=None) 
imw-minima-roma: Processing pair 2 from disk...
imw-minima-roma: 1 match-sets in 0.61s
[Coarse] imw-minima-roma pair 3: dE=-17955.9 m dN=-658.6 m (matcher@315m, support=2142, peak=None) 
imw-minima-roma: Processing pair 3 from disk...
imw-minima-roma: 1 match-sets in 0.60s
[Coarse] imw-minima-roma pair 4: dE=-18113.2 m dN=-441.8 m (matcher@315m, support=3218, peak=None) 
imw-minima-roma: Processing pair 4 from disk...
imw-minima-roma: 1 match-sets in 0.62s
[Coarse] imw-minima-roma pair 5: dE=-18174.2 m dN=-450.0 m (matcher@315m, support=2522, peak=None) 
imw-minima-roma: Processing pair 5 from disk...
imw-minima-roma: 1 match-sets in 0.62s
[Coarse] imw-minima-roma pair 6: dE=-18170.1 m dN=-417.9 m (matcher@315m, support=2435, peak=None) 
imw-minima-roma: Processing pair 6 from disk...
imw-minima-roma: 1 match-sets in 0.62s
[Coarse] imw-minima-roma pair 7: dE=-17911.5 m dN=-571.6 m (matcher@315m, support=2716, peak=None) 
imw-minima-roma: Processing pair 7 from disk...
imw-minima-roma: 1 match-sets in 0.79s
[Coarse] imw-minima-roma pair 8: dE=-17912.6 m dN=-593.2 m (matcher@315m, support=841, peak=None) 
imw-minima-roma: Processing pair 8 from disk...
imw-minima-roma: 1 match-sets in 0.82s
[Coarse] imw-minima-roma pair 9: dE=-17891.1 m dN=-563.6 m (matcher@315m, support=2914, peak=None) 
imw-minima-roma: Processing pair 9 from disk...
imw-minima-roma: 1 match-sets in 0.74s
[Coarse] imw-minima-roma pair 10: dE=-18010.2 m dN=-314.4 m (from-pair-11 (matcher outlier), support=None, peak=None) 
imw-minima-roma: Processing pair 10 from disk...
imw-minima-roma: 1 match-sets in 0.77s
[Coarse] imw-minima-roma pair 11: dE=-18010.2 m dN=-314.4 m (matcher@315m, support=2975, peak=None) 
imw-minima-roma: Processing pair 11 from disk...
imw-minima-roma: 1 match-sets in 0.72s
[Coarse] imw-minima-roma pair 12: dE=-17912.6 m dN=-593.2 m (from-pair-8 (matcher outlier), support=None, peak=None) 
imw-minima-roma: Processing pair 12 from disk...
imw-minima-roma: 0 match-sets in 0.00s
[Coarse] imw-minima-roma pair 13: dE=-17912.6 m dN=-593.2 m (from-pair-8 (matcher outlier), support=None, peak=None) 
imw-minima-roma: Processing pair 13 from disk...
imw-minima-roma: 0 match-sets in 0.00s
[Coarse] imw-minima-roma pair 14: dE=-17884.7 m dN=-213.3 m (matcher@315m, support=3709, peak=None) 
imw-minima-roma: Processing pair 14 from disk...
imw-minima-roma: 1 match-sets in 0.86s
[Coarse] imw-minima-roma pair 15: dE=-17884.1 m dN=-250.4 m (matcher@315m, support=3882, peak=None) 
imw-minima-roma: Processing pair 15 from disk...
imw-minima-roma: 1 match-sets in 0.86s
[Coarse] imw-minima-roma pair 16: dE=-17972.5 m dN=-153.1 m (matcher@315m, support=3392, peak=None) 
imw-minima-roma: Processing pair 16 from disk...
imw-minima-roma: 1 match-sets in 0.75s
[Coarse] imw-minima-roma pair 17: dE=-17984.1 m dN=-185.9 m (matcher@315m, support=3273, peak=None) 
imw-minima-roma: Processing pair 17 from disk...
imw-minima-roma: 1 match-sets in 0.75s
[Coarse] imw-minima-roma pair 18: dE=-17779.6 m dN=-323.7 m (from-pair-25 (phasecorr disagreed), support=None, peak=0.06863816733713503) 
imw-minima-roma: Processing pair 18 from disk...
imw-minima-roma: 0 match-sets in 0.00s
[Coarse] imw-minima-roma pair 19: dE=-17779.6 m dN=-323.7 m (from-pair-25 (phasecorr disagreed), support=None, peak=0.15104582491848204) 
imw-minima-roma: Processing pair 19 from disk...
imw-minima-roma: 0 match-sets in 0.00s
[Coarse] imw-minima-roma pair 20: dE=-17779.6 m dN=-323.7 m (from-pair-25 (matcher outlier), support=None, peak=None) 
imw-minima-roma: Processing pair 20 from disk...
imw-minima-roma: 0 match-sets in 0.00s
[Coarse] imw-minima-roma pair 21: dE=-17779.6 m dN=-323.7 m (from-pair-25 (phasecorr disagreed), support=None, peak=0.036990950946454645) 
imw-minima-roma: Processing pair 21 from disk...
imw-minima-roma: 0 match-sets in 0.00s
[Coarse] imw-minima-roma pair 22: dE=-17882.3 m dN=-311.5 m (phasecorr@315m, support=None, peak=0.12721613845825194) 
imw-minima-roma: Processing pair 22 from disk...
imw-minima-roma: 1 match-sets in 0.85s
[Coarse] imw-minima-roma pair 23: dE=-17773.2 m dN=-284.1 m (from-pair-24 (matcher outlier), support=None, peak=None) 
imw-minima-roma: Processing pair 23 from disk...
imw-minima-roma: 1 match-sets in 0.79s
[Coarse] imw-minima-roma pair 24: dE=-17773.2 m dN=-284.1 m (matcher@315m, support=1140, peak=None) 
imw-minima-roma: Processing pair 24 from disk...
imw-minima-roma: 1 match-sets in 0.76s
[Coarse] imw-minima-roma pair 25: dE=-17779.6 m dN=-323.7 m (matcher@315m, support=1743, peak=None) 
imw-minima-roma: Processing pair 25 from disk...
imw-minima-roma: 1 match-sets in 0.74s
[Coarse] imw-minima-roma pair 26: dE=-6542.4 m dN=696.8 m (from-pair-27, support=None, peak=None) 
imw-minima-roma: Processing pair 26 from disk...
imw-minima-roma: 1 match-sets in 0.73s
[Coarse] imw-minima-roma pair 27: dE=-6542.4 m dN=696.8 m (matcher@315m, support=32, peak=None) 
imw-minima-roma: Processing pair 27 from disk...
imw-minima-roma: 1 match-sets in 0.70s
Saved:
 CHIP_STATS_ALL.csv
 CHIP_STATS_SURVIVORS.csv
 CONSENSUS_SCORES.csv
 BEST_CHIP_SET.csv
 BEST_CHIP_MANIFEST.csv
 BEST_FINAL_SUMMARY.csv
[band1] imw-minima-roma ok in 0.9 min, peak GPU memory 34.0 of 39.4 GB
[imw-minima-roma] Model unloaded.
--------------------------------------------------------------------------------
[band1] Running imw-xoftr
[imw-xoftr] Loading model...
[Coarse] pair 20: no reliable coarse offset (matcher: no matches; phasecorr: {'dx': -28903.23193639674, 'dy': -12953.216285335406, 'support': None, 'n': None, 'peak': 0.008737401829825507}); windows compared in place
[Coarse] pair 26: no reliable coarse offset (matcher: no matches; phasecorr: {'dx': -96306.08142606622, 'dy': -17142.367293993742, 'support': None, 'n': None, 'peak': 0.02253384519977334}); windows compared in place
[Coarse] pair 2: phase correlation gave dE=-8934 m dN=5487 m, 10.5 km from every offset the matcher measured; using pair 3's (dE=-18058 m dN=-778 m)
[Coarse] pair 10: phase correlation gave dE=43169 m dN=-4147 m, 61.0 km from every offset the matcher measured; using pair 11's (dE=-18112 m dN=-108 m)
[Coarse] pair 12: phase correlation gave dE=-1877 m dN=10017 m, 18.9 km from every offset the matcher measured; using pair 8's (dE=-17918 m dN=-548 m)
[Coarse] pair 13: phase correlation gave dE=7584 m dN=8567 m, 26.8 km from every offset the matcher measured; using pair 8's (dE=-17918 m dN=-548 m)
[Coarse] pair 18: phase correlation gave dE=744 m dN=-16615 m, 24.6 km from every offset the matcher measured; using pair 25's (dE=-17738 m dN=-416 m)
[Coarse] pair 19: phase correlation gave dE=11920 m dN=-17918 m, 34.4 km from every offset the matcher measured; using pair 25's (dE=-17738 m dN=-416 m)
[Coarse] pair 21: phase correlation gave dE=-11414 m dN=-17047 m, 17.6 km from every offset the matcher measured; using pair 25's (dE=-17738 m dN=-416 m)
[Coarse] pair 27: phase correlation gave dE=-97898 m dN=-6012 m, 79.9 km from every offset the matcher measured; using pair 23's (dE=-17745 m dN=-349 m)
[Coarse] imw-xoftr pair 1: dE=-17977.5 m dN=-581.1 m (matcher@315m, support=130, peak=None) 
imw-xoftr: Processing pair 1 from disk...
imw-xoftr: 1 match-sets in 0.11s
[Coarse] imw-xoftr pair 2: dE=-18058.1 m dN=-778.1 m (from-pair-3 (phasecorr disagreed), support=None, peak=0.03413578109976686) 
imw-xoftr: Processing pair 2 from disk...
imw-xoftr: 1 match-sets in 0.11s
[Coarse] imw-xoftr pair 3: dE=-18058.1 m dN=-778.1 m (matcher@315m, support=81, peak=None) 
imw-xoftr: Processing pair 3 from disk...
imw-xoftr: 1 match-sets in 0.09s
[Coarse] imw-xoftr pair 4: dE=-18117.5 m dN=-340.2 m (matcher@315m, support=148, peak=None) 
imw-xoftr: Processing pair 4 from disk...
imw-xoftr: 1 match-sets in 0.14s
[Coarse] imw-xoftr pair 5: dE=-18207.6 m dN=-450.7 m (matcher@315m, support=87, peak=None) 
imw-xoftr: Processing pair 5 from disk...
imw-xoftr: 1 match-sets in 0.10s
[Coarse] imw-xoftr pair 6: dE=-18111.3 m dN=-468.8 m (matcher@315m, support=62, peak=None) 
imw-xoftr: Processing pair 6 from disk...
imw-xoftr: 1 match-sets in 0.10s
[Coarse] imw-xoftr pair 7: dE=-17937.9 m dN=-556.5 m (matcher@315m, support=156, peak=None) 
imw-xoftr: Processing pair 7 from disk...
imw-xoftr: 1 match-sets in 1.87s
[Coarse] imw-xoftr pair 8: dE=-17918.4 m dN=-547.7 m (matcher@315m, support=156, peak=None) 
imw-xoftr: Processing pair 8 from disk...
imw-xoftr: 1 match-sets in 2.35s
[Coarse] imw-xoftr pair 9: dE=-17819.8 m dN=-543.8 m (matcher@315m, support=333, peak=None) 
imw-xoftr: Processing pair 9 from disk...
imw-xoftr: 1 match-sets in 0.35s
[Coarse] imw-xoftr pair 10: dE=-18112.2 m dN=-107.8 m (from-pair-11 (phasecorr disagreed), support=None, peak=0.04791493653487985) 
imw-xoftr: Processing pair 10 from disk...
imw-xoftr: 1 match-sets in 0.70s
[Coarse] imw-xoftr pair 11: dE=-18112.2 m dN=-107.8 m (matcher@315m, support=204, peak=None) 
imw-xoftr: Processing pair 11 from disk...
imw-xoftr: 1 match-sets in 0.27s
[Coarse] imw-xoftr pair 12: dE=-17918.4 m dN=-547.7 m (from-pair-8 (phasecorr disagreed), support=None, peak=0.1047012765466431) 
imw-xoftr: Processing pair 12 from disk...
imw-xoftr: 0 match-sets in 0.00s
[Coarse] imw-xoftr pair 13: dE=-17918.4 m dN=-547.7 m (from-pair-8 (phasecorr disagreed), support=None, peak=0.09384612739086151) 
imw-xoftr: Processing pair 13 from disk...
imw-xoftr: 0 match-sets in 0.00s
[Coarse] imw-xoftr pair 14: dE=-17756.1 m dN=-289.4 m (matcher@315m, support=529, peak=None) 
imw-xoftr: Processing pair 14 from disk...
imw-xoftr: 1 match-sets in 0.81s
[Coarse] imw-xoftr pair 15: dE=-17799.0 m dN=-287.2 m (matcher@315m, support=795, peak=None) 
imw-xoftr: Processing pair 15 from disk...
imw-xoftr: 1 match-sets in 0.37s
[Coarse] imw-xoftr pair 16: dE=-17930.9 m dN=-140.2 m (matcher@315m, support=627, peak=None) 
imw-xoftr: Processing pair 16 from disk...
imw-xoftr: 1 match-sets in 0.26s
[Coarse] imw-xoftr pair 17: dE=-17963.1 m dN=-168.7 m (matcher@315m, support=1145, peak=None) 
imw-xoftr: Processing pair 17 from disk...
imw-xoftr: 1 match-sets in 0.26s
[Coarse] imw-xoftr pair 18: dE=-17738.1 m dN=-415.6 m (from-pair-25 (phasecorr disagreed), support=None, peak=0.06863816733713503) 
imw-xoftr: Processing pair 18 from disk...
imw-xoftr: 0 match-sets in 0.00s
[Coarse] imw-xoftr pair 19: dE=-17738.1 m dN=-415.6 m (from-pair-25 (phasecorr disagreed), support=None, peak=0.15104582491848204) 
imw-xoftr: Processing pair 19 from disk...
imw-xoftr: 0 match-sets in 0.00s
[Coarse] imw-xoftr pair 20: dE=-17738.1 m dN=-415.6 m (from-pair-19, support=None, peak=None) 
imw-xoftr: Processing pair 20 from disk...
imw-xoftr: 0 match-sets in 0.00s
[Coarse] imw-xoftr pair 21: dE=-17738.1 m dN=-415.6 m (from-pair-25 (phasecorr disagreed), support=None, peak=0.036990950946454645) 
imw-xoftr: Processing pair 21 from disk...
imw-xoftr: 0 match-sets in 0.00s
[Coarse] imw-xoftr pair 22: dE=-17720.9 m dN=-393.6 m (matcher@315m, support=517, peak=None) 
imw-xoftr: Processing pair 22 from disk...
imw-xoftr: 1 match-sets in 0.70s
[Coarse] imw-xoftr pair 23: dE=-17745.3 m dN=-349.3 m (matcher@315m, support=479, peak=None) 
imw-xoftr: Processing pair 23 from disk...
imw-xoftr: 1 match-sets in 0.25s
[Coarse] imw-xoftr pair 24: dE=-17757.3 m dN=-191.3 m (matcher@315m, support=406, peak=None) 
imw-xoftr: Processing pair 24 from disk...
imw-xoftr: 1 match-sets in 0.26s
[Coarse] imw-xoftr pair 25: dE=-17738.1 m dN=-415.6 m (matcher@315m, support=599, peak=None) 
imw-xoftr: Processing pair 25 from disk...
imw-xoftr: 1 match-sets in 0.24s
[Coarse] imw-xoftr pair 26: dE=-17745.3 m dN=-349.3 m (from-pair-27, support=None, peak=None) 
imw-xoftr: Processing pair 26 from disk...
imw-xoftr: 1 match-sets in 0.21s
[Coarse] imw-xoftr pair 27: dE=-17745.3 m dN=-349.3 m (from-pair-23 (phasecorr disagreed), support=None, peak=0.05064041456057702) 
imw-xoftr: Processing pair 27 from disk...
imw-xoftr: 1 match-sets in 0.17s
Saved:
 CHIP_STATS_ALL.csv
 CHIP_STATS_SURVIVORS.csv
 CONSENSUS_SCORES.csv
 BEST_CHIP_SET.csv
 BEST_CHIP_MANIFEST.csv
 BEST_FINAL_SUMMARY.csv
[band1] imw-xoftr ok in 0.4 min, peak GPU memory 19.5 of 39.4 GB
[imw-xoftr] Model unloaded.
--------------------------------------------------------------------------------
[band1] Running imw-omniglue
[imw-omniglue] Loading model...
[Coarse] pair 3: no reliable coarse offset (matcher: no matches; phasecorr: {'dx': -16147.443677524008, 'dy': -26751.975000537102, 'support': None, 'n': None, 'peak': 0.00032880983234923565}); windows compared in place
[Coarse] pair 4: no reliable coarse offset (matcher: no matches; phasecorr: {'dx': 12882.472481301173, 'dy': 92621.70938170607, 'support': None, 'n': None, 'peak': -0.00012715039429841217}); windows compared in place
[Coarse] pair 5: no reliable coarse offset (matcher: {'dx': -15907.5, 'dy': 9450.0, 'support': 2, 'n': 7, 'peak': None}; phasecorr: {'dx': 3156.3479216096807, 'dy': 18300.67805989782, 'support': None, 'n': None, 'peak': 0.020832994549224774}); windows compared in place
[Coarse] pair 6: no reliable coarse offset (matcher: no matches; phasecorr: {'dx': -15852.800158210905, 'dy': 18737.59796077822, 'support': None, 'n': None, 'peak': -0.0027571213742097218}); windows compared in place
[Coarse] pair 7: no reliable coarse offset (matcher: no matches; phasecorr: {'dx': -17660.72648465004, 'dy': -478.5174601560547, 'support': None, 'n': None, 'peak': 0.0218074359204816}); windows compared in place
[Coarse] pair 8: no reliable coarse offset (matcher: no matches; phasecorr: {'dx': -18002.059573769864, 'dy': -489.60497923140906, 'support': None, 'n': None, 'peak': 0.011968647486368816}); windows compared in place
[Coarse] pair 11: no reliable coarse offset (matcher: no matches; phasecorr: {'dx': -18107.733154651494, 'dy': -332.5590928480355, 'support': None, 'n': None, 'peak': 0.020898853179031604}); windows compared in place
[Coarse] pair 20: no reliable coarse offset (matcher: no matches; phasecorr: {'dx': -28903.23193639674, 'dy': -12953.216285335406, 'support': None, 'n': None, 'peak': 0.008737401829825507}); windows compared in place
[Coarse] pair 26: no reliable coarse offset (matcher: no matches; phasecorr: {'dx': -96306.08142606622, 'dy': -17142.367293993742, 'support': None, 'n': None, 'peak': 0.02253384519977334}); windows compared in place
[Coarse] pair 2: phase correlation gave dE=-8934 m dN=5487 m, 10.7 km from every offset the matcher measured; using pair 14's (dE=-17955 m dN=-315 m)
[Coarse] pair 10: phase correlation gave dE=43169 m dN=-4147 m, 61.2 km from every offset the matcher measured; using pair 14's (dE=-17955 m dN=-315 m)
[Coarse] pair 12: phase correlation gave dE=-1877 m dN=10017 m, 19.1 km from every offset the matcher measured; using pair 14's (dE=-17955 m dN=-315 m)
[Coarse] pair 13: phase correlation gave dE=7584 m dN=8567 m, 27.0 km from every offset the matcher measured; using pair 14's (dE=-17955 m dN=-315 m)
[Coarse] pair 18: phase correlation gave dE=744 m dN=-16615 m, 24.8 km from every offset the matcher measured; using pair 25's (dE=-17955 m dN=-315 m)
[Coarse] pair 19: phase correlation gave dE=11920 m dN=-17918 m, 34.7 km from every offset the matcher measured; using pair 25's (dE=-17955 m dN=-315 m)
[Coarse] pair 21: phase correlation gave dE=-11414 m dN=-17047 m, 18.0 km from every offset the matcher measured; using pair 25's (dE=-17955 m dN=-315 m)
[Coarse] pair 27: phase correlation gave dE=-97898 m dN=-6012 m, 80.1 km from every offset the matcher measured; using pair 23's (dE=-17955 m dN=-315 m)
[Coarse] imw-omniglue pair 1: dE=-18062.2 m dN=-904.8 m (phasecorr@315m, support=None, peak=0.03257782713572184) 
imw-omniglue: Processing pair 1 from disk...
imw-omniglue: 0 match-sets in 0.78s
[Coarse] imw-omniglue pair 2: dE=-17955.0 m dN=-315.0 m (from-pair-14 (phasecorr disagreed), support=None, peak=0.03413578109976686) 
imw-omniglue: Processing pair 2 from disk...
imw-omniglue: 0 match-sets in 0.74s
[Coarse] imw-omniglue pair 3: dE=-18062.2 m dN=-904.8 m (from-pair-1, support=None, peak=None) 
imw-omniglue: Processing pair 3 from disk...
imw-omniglue: 0 match-sets in 0.78s
[Coarse] imw-omniglue pair 4: dE=-17955.0 m dN=-315.0 m (from-pair-2, support=None, peak=None) 
imw-omniglue: Processing pair 4 from disk...
imw-omniglue: 0 match-sets in 1.01s
[Coarse] imw-omniglue pair 5: dE=-17955.0 m dN=-315.0 m (from-pair-2, support=None, peak=None) 
imw-omniglue: Processing pair 5 from disk...
imw-omniglue: 1 match-sets in 0.85s
[Coarse] imw-omniglue pair 6: dE=-17955.0 m dN=-315.0 m (from-pair-2, support=None, peak=None) 
imw-omniglue: Processing pair 6 from disk...
imw-omniglue: 0 match-sets in 0.98s
[Coarse] imw-omniglue pair 7: dE=-17790.5 m dN=-428.0 m (from-pair-9, support=None, peak=None) 
imw-omniglue: Processing pair 7 from disk...
imw-omniglue: 1 match-sets in 4.18s
[Coarse] imw-omniglue pair 8: dE=-17790.5 m dN=-428.0 m (from-pair-9, support=None, peak=None) 
imw-omniglue: Processing pair 8 from disk...
imw-omniglue: 0 match-sets in 3.76s
[Coarse] imw-omniglue pair 9: dE=-17790.5 m dN=-428.0 m (phasecorr@315m, support=None, peak=0.031066529352914596) 
imw-omniglue: Processing pair 9 from disk...
imw-omniglue: 1 match-sets in 3.90s
[Coarse] imw-omniglue pair 10: dE=-17955.0 m dN=-315.0 m (from-pair-14 (phasecorr disagreed), support=None, peak=0.04791493653487985) 
imw-omniglue: Processing pair 10 from disk...
imw-omniglue: 0 match-sets in 2.68s
[Coarse] imw-omniglue pair 11: dE=-17955.0 m dN=-315.0 m (from-pair-10, support=None, peak=None) 
imw-omniglue: Processing pair 11 from disk...
imw-omniglue: 0 match-sets in 2.44s
[Coarse] imw-omniglue pair 12: dE=-17955.0 m dN=-315.0 m (from-pair-14 (phasecorr disagreed), support=None, peak=0.1047012765466431) 
imw-omniglue: Processing pair 12 from disk...
imw-omniglue: 0 match-sets in 0.00s
[Coarse] imw-omniglue pair 13: dE=-17955.0 m dN=-315.0 m (from-pair-14 (phasecorr disagreed), support=None, peak=0.09384612739086151) 
imw-omniglue: Processing pair 13 from disk...
imw-omniglue: 0 match-sets in 0.00s
[Coarse] imw-omniglue pair 14: dE=-17955.0 m dN=-315.0 m (matcher@315m, support=72, peak=None) 
imw-omniglue: Processing pair 14 from disk...
imw-omniglue: 1 match-sets in 4.04s
[Coarse] imw-omniglue pair 15: dE=-17955.0 m dN=-315.0 m (matcher@315m, support=70, peak=None) 
imw-omniglue: Processing pair 15 from disk...
imw-omniglue: 1 match-sets in 4.34s
[Coarse] imw-omniglue pair 16: dE=-17955.0 m dN=-315.0 m (matcher@315m, support=68, peak=None) 
imw-omniglue: Processing pair 16 from disk...
imw-omniglue: 1 match-sets in 2.76s
[Coarse] imw-omniglue pair 17: dE=-17955.0 m dN=-315.0 m (matcher@315m, support=115, peak=None) 
imw-omniglue: Processing pair 17 from disk...
imw-omniglue: 1 match-sets in 2.82s
[Coarse] imw-omniglue pair 18: dE=-17955.0 m dN=-315.0 m (from-pair-25 (phasecorr disagreed), support=None, peak=0.06863816733713503) 
imw-omniglue: Processing pair 18 from disk...
imw-omniglue: 0 match-sets in 0.00s
[Coarse] imw-omniglue pair 19: dE=-17955.0 m dN=-315.0 m (from-pair-25 (phasecorr disagreed), support=None, peak=0.15104582491848204) 
imw-omniglue: Processing pair 19 from disk...
imw-omniglue: 0 match-sets in 0.00s
[Coarse] imw-omniglue pair 20: dE=-17955.0 m dN=-315.0 m (from-pair-19, support=None, peak=None) 
imw-omniglue: Processing pair 20 from disk...
imw-omniglue: 0 match-sets in 0.00s
[Coarse] imw-omniglue pair 21: dE=-17955.0 m dN=-315.0 m (from-pair-25 (phasecorr disagreed), support=None, peak=0.036990950946454645) 
imw-omniglue: Processing pair 21 from disk...
imw-omniglue: 0 match-sets in 0.00s
[Coarse] imw-omniglue pair 22: dE=-17955.0 m dN=-315.0 m (matcher@315m, support=44, peak=None) 
imw-omniglue: Processing pair 22 from disk...
imw-omniglue: 1 match-sets in 3.48s
[Coarse] imw-omniglue pair 23: dE=-17955.0 m dN=-315.0 m (matcher@315m, support=40, peak=None) 
imw-omniglue: Processing pair 23 from disk...
imw-omniglue: 1 match-sets in 3.46s
[Coarse] imw-omniglue pair 24: dE=-17955.0 m dN=-315.0 m (matcher@315m, support=45, peak=None) 
imw-omniglue: Processing pair 24 from disk...
imw-omniglue: 1 match-sets in 3.64s
[Coarse] imw-omniglue pair 25: dE=-17955.0 m dN=-315.0 m (matcher@315m, support=37, peak=None) 
imw-omniglue: Processing pair 25 from disk...
imw-omniglue: 1 match-sets in 3.46s
[Coarse] imw-omniglue pair 26: dE=-17955.0 m dN=-315.0 m (from-pair-27, support=None, peak=None) 
imw-omniglue: Processing pair 26 from disk...
imw-omniglue: 0 match-sets in 2.19s
[Coarse] imw-omniglue pair 27: dE=-17955.0 m dN=-315.0 m (from-pair-23 (phasecorr disagreed), support=None, peak=0.05064041456057702) 
imw-omniglue: Processing pair 27 from disk...
imw-omniglue: 0 match-sets in 2.34s
Saved:
 CHIP_STATS_ALL.csv
 CHIP_STATS_SURVIVORS.csv
 CONSENSUS_SCORES.csv
 BEST_CHIP_SET.csv
 BEST_CHIP_MANIFEST.csv
 BEST_FINAL_SUMMARY.csv
[band1] imw-omniglue ok in 2.2 min, peak GPU memory 0.0 of 39.4 GB
[imw-omniglue] Model unloaded.
--------------------------------------------------------------------------------
[band1] Running imw-gim-roma
[imw-gim-roma] Loading model...
[Coarse] pair 26: no reliable coarse offset (matcher: no matches; phasecorr: {'dx': -96306.08142606622, 'dy': -17142.367293993742, 'support': None, 'n': None, 'peak': 0.02253384519977334}); windows compared in place
[Coarse] pair 19: the matcher gave dE=-2755 m dN=-20529 m on 160 matches, apart from the 19 pairs that agree; using pair 25's (dE=-17777 m dN=-305 m)
[Coarse] pair 20: the matcher gave dE=-5168 m dN=-20155 m on 16 matches, apart from the 19 pairs that agree; using pair 25's (dE=-17777 m dN=-305 m)
[Coarse] pair 21: the matcher gave dE=1157 m dN=-20872 m on 26 matches, apart from the 19 pairs that agree; using pair 25's (dE=-17777 m dN=-305 m)
[Coarse] pair 12: phase correlation gave dE=-1877 m dN=10017 m, 10.4 km from every offset the matcher measured; using pair 8's (dE=-11597 m dN=6192 m)
[Coarse] pair 13: phase correlation gave dE=7584 m dN=8567 m, 19.3 km from every offset the matcher measured; using pair 8's (dE=-11597 m dN=6192 m)
[Coarse] pair 18: phase correlation gave dE=744 m dN=-16615 m, 24.6 km from every offset the matcher measured; using pair 25's (dE=-17777 m dN=-305 m)
[Coarse] pair 27: phase correlation gave dE=-97898 m dN=-6012 m, 77.5 km from every offset the matcher measured; using pair 23's (dE=-17797 m dN=-371 m)
[Coarse] imw-gim-roma pair 1: dE=-17961.7 m dN=-553.1 m (matcher@315m, support=3062, peak=None) 
imw-gim-roma: Processing pair 1 from disk...
imw-gim-roma: 1 match-sets in 0.60s
[Coarse] imw-gim-roma pair 2: dE=-17980.6 m dN=-619.5 m (matcher@315m, support=2070, peak=None) 
imw-gim-roma: Processing pair 2 from disk...
imw-gim-roma: 1 match-sets in 0.61s
[Coarse] imw-gim-roma pair 3: dE=-17843.9 m dN=-517.3 m (matcher@315m, support=2142, peak=None) 
imw-gim-roma: Processing pair 3 from disk...
imw-gim-roma: 1 match-sets in 0.61s
[Coarse] imw-gim-roma pair 4: dE=-18130.8 m dN=-689.1 m (matcher@315m, support=1475, peak=None) 
imw-gim-roma: Processing pair 4 from disk...
imw-gim-roma: 1 match-sets in 0.61s
[Coarse] imw-gim-roma pair 5: dE=-18079.1 m dN=-625.2 m (matcher@315m, support=1811, peak=None) 
imw-gim-roma: Processing pair 5 from disk...
imw-gim-roma: 1 match-sets in 0.63s
[Coarse] imw-gim-roma pair 6: dE=-20668.2 m dN=155.8 m (matcher@315m, support=243, peak=None) 
imw-gim-roma: Processing pair 6 from disk...
imw-gim-roma: 1 match-sets in 0.65s
[Coarse] imw-gim-roma pair 7: dE=-17851.0 m dN=-484.5 m (matcher@315m, support=2268, peak=None) 
imw-gim-roma: Processing pair 7 from disk...
imw-gim-roma: 1 match-sets in 0.77s
[Coarse] imw-gim-roma pair 8: dE=-11597.4 m dN=6191.5 m (matcher@315m, support=54, peak=None) 
imw-gim-roma: Processing pair 8 from disk...
imw-gim-roma: 1 match-sets in 0.78s
[Coarse] imw-gim-roma pair 9: dE=-17931.4 m dN=-492.2 m (matcher@315m, support=2928, peak=None) 
imw-gim-roma: Processing pair 9 from disk...
imw-gim-roma: 1 match-sets in 0.79s
[Coarse] imw-gim-roma pair 10: dE=-18076.1 m dN=-603.3 m (matcher@315m, support=150, peak=None) 
imw-gim-roma: Processing pair 10 from disk...
imw-gim-roma: 1 match-sets in 0.78s
[Coarse] imw-gim-roma pair 11: dE=-18015.1 m dN=-341.9 m (matcher@315m, support=2561, peak=None) 
imw-gim-roma: Processing pair 11 from disk...
imw-gim-roma: 1 match-sets in 0.73s
[Coarse] imw-gim-roma pair 12: dE=-11597.4 m dN=6191.5 m (from-pair-8 (phasecorr disagreed), support=None, peak=0.1047012765466431) 
imw-gim-roma: Processing pair 12 from disk...
imw-gim-roma: 0 match-sets in 0.00s
[Coarse] imw-gim-roma pair 13: dE=-11597.4 m dN=6191.5 m (from-pair-8 (phasecorr disagreed), support=None, peak=0.09384612739086151) 
imw-gim-roma: Processing pair 13 from disk...
imw-gim-roma: 0 match-sets in 0.00s
[Coarse] imw-gim-roma pair 14: dE=-17863.7 m dN=-192.5 m (matcher@315m, support=3792, peak=None) 
imw-gim-roma: Processing pair 14 from disk...
imw-gim-roma: 1 match-sets in 0.86s
[Coarse] imw-gim-roma pair 15: dE=-17873.8 m dN=-224.8 m (matcher@315m, support=3793, peak=None) 
imw-gim-roma: Processing pair 15 from disk...
imw-gim-roma: 1 match-sets in 0.85s
[Coarse] imw-gim-roma pair 16: dE=-17970.6 m dN=-218.6 m (matcher@315m, support=3438, peak=None) 
imw-gim-roma: Processing pair 16 from disk...
imw-gim-roma: 1 match-sets in 0.76s
[Coarse] imw-gim-roma pair 17: dE=-17994.1 m dN=-215.6 m (matcher@315m, support=3383, peak=None) 
imw-gim-roma: Processing pair 17 from disk...
imw-gim-roma: 1 match-sets in 0.77s
[Coarse] imw-gim-roma pair 18: dE=-17776.5 m dN=-304.8 m (from-pair-25 (phasecorr disagreed), support=None, peak=0.06863816733713503) 
imw-gim-roma: Processing pair 18 from disk...
imw-gim-roma: 0 match-sets in 0.00s
[Coarse] imw-gim-roma pair 19: dE=-17776.5 m dN=-304.8 m (from-pair-25 (matcher outlier), support=None, peak=None) 
imw-gim-roma: Processing pair 19 from disk...
imw-gim-roma: 0 match-sets in 0.00s
[Coarse] imw-gim-roma pair 20: dE=-17776.5 m dN=-304.8 m (from-pair-25 (matcher outlier), support=None, peak=None) 
imw-gim-roma: Processing pair 20 from disk...
imw-gim-roma: 0 match-sets in 0.00s
[Coarse] imw-gim-roma pair 21: dE=-17776.5 m dN=-304.8 m (from-pair-25 (matcher outlier), support=None, peak=None) 
imw-gim-roma: Processing pair 21 from disk...
imw-gim-roma: 0 match-sets in 0.00s
[Coarse] imw-gim-roma pair 22: dE=-17737.5 m dN=-399.8 m (matcher@315m, support=3507, peak=None) 
imw-gim-roma: Processing pair 22 from disk...
imw-gim-roma: 1 match-sets in 0.76s
[Coarse] imw-gim-roma pair 23: dE=-17796.8 m dN=-370.6 m (matcher@315m, support=3509, peak=None) 
imw-gim-roma: Processing pair 23 from disk...
imw-gim-roma: 1 match-sets in 0.76s
[Coarse] imw-gim-roma pair 24: dE=-17726.8 m dN=-246.9 m (matcher@315m, support=2596, peak=None) 
imw-gim-roma: Processing pair 24 from disk...
imw-gim-roma: 1 match-sets in 0.76s
[Coarse] imw-gim-roma pair 25: dE=-17776.5 m dN=-304.8 m (matcher@315m, support=2845, peak=None) 
imw-gim-roma: Processing pair 25 from disk...
imw-gim-roma: 1 match-sets in 0.79s
[Coarse] imw-gim-roma pair 26: dE=-17796.8 m dN=-370.6 m (from-pair-27, support=None, peak=None) 
imw-gim-roma: Processing pair 26 from disk...
imw-gim-roma: 1 match-sets in 0.70s
[Coarse] imw-gim-roma pair 27: dE=-17796.8 m dN=-370.6 m (from-pair-23 (phasecorr disagreed), support=None, peak=0.05064041456057702) 
imw-gim-roma: Processing pair 27 from disk...
imw-gim-roma: 1 match-sets in 0.72s
Saved:
 CHIP_STATS_ALL.csv
 CHIP_STATS_SURVIVORS.csv
 CONSENSUS_SCORES.csv
 BEST_CHIP_SET.csv
 BEST_CHIP_MANIFEST.csv
 BEST_FINAL_SUMMARY.csv
[band1] imw-gim-roma ok in 0.8 min, peak GPU memory 5.3 of 39.4 GB
[imw-gim-roma] Model unloaded.
--------------------------------------------------------------------------------
[band1] Running imw-gim-dkm
[imw-gim-dkm] Loading model...
[Coarse] pair 3: no reliable coarse offset (matcher: no matches; phasecorr: {'dx': -16147.443677524008, 'dy': -26751.975000537102, 'support': None, 'n': None, 'peak': 0.00032880983234923565}); windows compared in place
[Coarse] pair 4: no reliable coarse offset (matcher: no matches; phasecorr: {'dx': 12882.472481301173, 'dy': 92621.70938170607, 'support': None, 'n': None, 'peak': -0.00012715039429841217}); windows compared in place
[Coarse] pair 8: no reliable coarse offset (matcher: no matches; phasecorr: {'dx': -18002.059573769864, 'dy': -489.60497923140906, 'support': None, 'n': None, 'peak': 0.011968647486368816}); windows compared in place
[Coarse] pair 20: no reliable coarse offset (matcher: no matches; phasecorr: {'dx': -28903.23193639674, 'dy': -12953.216285335406, 'support': None, 'n': None, 'peak': 0.008737401829825507}); windows compared in place
[Coarse] pair 26: no reliable coarse offset (matcher: no matches; phasecorr: {'dx': -96306.08142606622, 'dy': -17142.367293993742, 'support': None, 'n': None, 'peak': 0.02253384519977334}); windows compared in place
[Coarse] pair 2: phase correlation gave dE=-8934 m dN=5487 m, 6.9 km from every offset the matcher measured; using pair 6's (dE=-11560 m dN=15648 m)
[Coarse] pair 12: phase correlation gave dE=-1877 m dN=10017 m, 7.0 km from every offset the matcher measured; using pair 7's (dE=-17950 m dN=-448 m)
[Coarse] pair 13: phase correlation gave dE=7584 m dN=8567 m, 11.6 km from every offset the matcher measured; using pair 7's (dE=-17950 m dN=-448 m)
[Coarse] pair 18: phase correlation gave dE=744 m dN=-16615 m, 19.3 km from every offset the matcher measured; using pair 25's (dE=-12844 m dN=-215 m)
[Coarse] pair 19: phase correlation gave dE=11920 m dN=-17918 m, 30.4 km from every offset the matcher measured; using pair 25's (dE=-12844 m dN=-215 m)
[Coarse] pair 21: phase correlation gave dE=-11414 m dN=-17047 m, 8.5 km from every offset the matcher measured; using pair 25's (dE=-12844 m dN=-215 m)
[Coarse] pair 27: phase correlation gave dE=-97898 m dN=-6012 m, 80.1 km from every offset the matcher measured; using pair 24's (dE=-12780 m dN=-259 m)
[Coarse] WARNING: imw-gim-dkm: the pairs' coarse offsets differ by up to 30 km, more than one image moves from place to place. Pairs with a wrong offset match the wrong ground (the chip consensus drops them when they are few); if most pairs disagree, check the input's pixel size and window size.
[Coarse] imw-gim-dkm pair 1: dE=-18062.2 m dN=-904.8 m (phasecorr@315m, support=None, peak=0.03257782713572184) 
imw-gim-dkm: Processing pair 1 from disk...
imw-gim-dkm: 0 match-sets in 0.87s
[Coarse] imw-gim-dkm pair 2: dE=-11560.4 m dN=15648.5 m (from-pair-6 (phasecorr disagreed), support=None, peak=0.03413578109976686) 
imw-gim-dkm: Processing pair 2 from disk...
imw-gim-dkm: 0 match-sets in 0.96s
[Coarse] imw-gim-dkm pair 3: dE=-18062.2 m dN=-904.8 m (from-pair-1, support=None, peak=None) 
imw-gim-dkm: Processing pair 3 from disk...
imw-gim-dkm: 0 match-sets in 0.97s
[Coarse] imw-gim-dkm pair 4: dE=-11350.8 m dN=18206.5 m (from-pair-5, support=None, peak=None) 
imw-gim-dkm: Processing pair 4 from disk...
imw-gim-dkm: 1 match-sets in 1.00s
[Coarse] imw-gim-dkm pair 5: dE=-11350.8 m dN=18206.5 m (matcher@315m, support=72, peak=None) 
imw-gim-dkm: Processing pair 5 from disk...
imw-gim-dkm: 0 match-sets in 0.95s
[Coarse] imw-gim-dkm pair 6: dE=-11560.4 m dN=15648.5 m (matcher@315m, support=65, peak=None) 
imw-gim-dkm: Processing pair 6 from disk...
imw-gim-dkm: 0 match-sets in 0.97s
[Coarse] imw-gim-dkm pair 7: dE=-17950.0 m dN=-447.7 m (matcher@315m, support=2863, peak=None) 
imw-gim-dkm: Processing pair 7 from disk...
imw-gim-dkm: 1 match-sets in 1.08s
[Coarse] imw-gim-dkm pair 8: dE=-17950.0 m dN=-447.7 m (from-pair-7, support=None, peak=None) 
imw-gim-dkm: Processing pair 8 from disk...
imw-gim-dkm: 1 match-sets in 1.02s
[Coarse] imw-gim-dkm pair 9: dE=-17910.6 m dN=-404.3 m (matcher@315m, support=557, peak=None) 
imw-gim-dkm: Processing pair 9 from disk...
imw-gim-dkm: 1 match-sets in 0.89s
[Coarse] imw-gim-dkm pair 10: dE=725.8 m dN=17974.1 m (matcher@315m, support=136, peak=None) 
imw-gim-dkm: Processing pair 10 from disk...
imw-gim-dkm: 1 match-sets in 0.96s
[Coarse] imw-gim-dkm pair 11: dE=-1583.2 m dN=16966.1 m (matcher@315m, support=130, peak=None) 
imw-gim-dkm: Processing pair 11 from disk...
imw-gim-dkm: 1 match-sets in 0.96s
[Coarse] imw-gim-dkm pair 12: dE=-17950.0 m dN=-447.7 m (from-pair-7 (phasecorr disagreed), support=None, peak=0.1047012765466431) 
imw-gim-dkm: Processing pair 12 from disk...
imw-gim-dkm: 0 match-sets in 0.00s
[Coarse] imw-gim-dkm pair 13: dE=-17950.0 m dN=-447.7 m (from-pair-7 (phasecorr disagreed), support=None, peak=0.09384612739086151) 
imw-gim-dkm: Processing pair 13 from disk...
imw-gim-dkm: 0 match-sets in 0.00s
[Coarse] imw-gim-dkm pair 14: dE=-18039.9 m dN=-308.2 m (phasecorr@315m, support=None, peak=0.04961982255158601) 
imw-gim-dkm: Processing pair 14 from disk...
imw-gim-dkm: 1 match-sets in 0.99s
[Coarse] imw-gim-dkm pair 15: dE=-18033.6 m dN=-269.1 m (phasecorr@315m, support=None, peak=0.0587093012491862) 
imw-gim-dkm: Processing pair 15 from disk...
imw-gim-dkm: 1 match-sets in 0.93s
[Coarse] imw-gim-dkm pair 16: dE=-17916.4 m dN=-11527.9 m (matcher@315m, support=2916, peak=None) 
imw-gim-dkm: Processing pair 16 from disk...
imw-gim-dkm: 1 match-sets in 0.92s
[Coarse] imw-gim-dkm pair 17: dE=-17933.9 m dN=-11583.9 m (matcher@315m, support=2790, peak=None) 
imw-gim-dkm: Processing pair 17 from disk...
imw-gim-dkm: 1 match-sets in 0.96s
[Coarse] imw-gim-dkm pair 18: dE=-12844.0 m dN=-215.2 m (from-pair-25 (phasecorr disagreed), support=None, peak=0.06863816733713503) 
imw-gim-dkm: Processing pair 18 from disk...
imw-gim-dkm: 0 match-sets in 0.00s
[Coarse] imw-gim-dkm pair 19: dE=-12844.0 m dN=-215.2 m (from-pair-25 (phasecorr disagreed), support=None, peak=0.15104582491848204) 
imw-gim-dkm: Processing pair 19 from disk...
imw-gim-dkm: 0 match-sets in 0.00s
[Coarse] imw-gim-dkm pair 20: dE=-12844.0 m dN=-215.2 m (from-pair-19, support=None, peak=None) 
imw-gim-dkm: Processing pair 20 from disk...
imw-gim-dkm: 0 match-sets in 0.00s
[Coarse] imw-gim-dkm pair 21: dE=-12844.0 m dN=-215.2 m (from-pair-25 (phasecorr disagreed), support=None, peak=0.036990950946454645) 
imw-gim-dkm: Processing pair 21 from disk...
imw-gim-dkm: 0 match-sets in 0.00s
[Coarse] imw-gim-dkm pair 22: dE=-12800.6 m dN=-219.2 m (matcher@315m, support=66, peak=None) 
imw-gim-dkm: Processing pair 22 from disk...
imw-gim-dkm: 1 match-sets in 1.06s
[Coarse] imw-gim-dkm pair 23: dE=-17911.9 m dN=-326.6 m (phasecorr@315m, support=None, peak=0.12881409482955933) 
imw-gim-dkm: Processing pair 23 from disk...
imw-gim-dkm: 1 match-sets in 0.89s
[Coarse] imw-gim-dkm pair 24: dE=-12779.9 m dN=-258.7 m (matcher@315m, support=2561, peak=None) 
imw-gim-dkm: Processing pair 24 from disk...
imw-gim-dkm: 1 match-sets in 0.95s
[Coarse] imw-gim-dkm pair 25: dE=-12844.0 m dN=-215.2 m (matcher@315m, support=2903, peak=None) 
imw-gim-dkm: Processing pair 25 from disk...
imw-gim-dkm: 1 match-sets in 0.94s
[Coarse] imw-gim-dkm pair 26: dE=-12779.9 m dN=-258.7 m (from-pair-27, support=None, peak=None) 
imw-gim-dkm: Processing pair 26 from disk...
imw-gim-dkm: 1 match-sets in 0.93s
[Coarse] imw-gim-dkm pair 27: dE=-12779.9 m dN=-258.7 m (from-pair-24 (phasecorr disagreed), support=None, peak=0.05064041456057702) 
imw-gim-dkm: Processing pair 27 from disk...
imw-gim-dkm: 1 match-sets in 1.01s
Saved:
 CHIP_STATS_ALL.csv
 CHIP_STATS_SURVIVORS.csv
 CONSENSUS_SCORES.csv
 BEST_CHIP_SET.csv
 BEST_CHIP_MANIFEST.csv
 BEST_FINAL_SUMMARY.csv
[band1] imw-gim-dkm ok in 1.0 min, peak GPU memory 34.1 of 39.4 GB
[imw-gim-dkm] Model unloaded.
--------------------------------------------------------------------------------
[band1] Running imw-eloftr
[imw-eloftr] Loading model...
[Coarse] pair 20: no reliable coarse offset (matcher: no matches; phasecorr: {'dx': -28903.23193639674, 'dy': -12953.216285335406, 'support': None, 'n': None, 'peak': 0.008737401829825507}); windows compared in place
[Coarse] pair 26: no reliable coarse offset (matcher: no matches; phasecorr: {'dx': -96306.08142606622, 'dy': -17142.367293993742, 'support': None, 'n': None, 'peak': 0.02253384519977334}); windows compared in place
[Coarse] pair 10: phase correlation gave dE=43169 m dN=-4147 m, 60.9 km from every offset the matcher measured; using pair 11's (dE=-18256 m dN=-301 m)
[Coarse] pair 12: phase correlation gave dE=-1877 m dN=10017 m, 18.9 km from every offset the matcher measured; using pair 8's (dE=-17932 m dN=-581 m)
[Coarse] pair 13: phase correlation gave dE=7584 m dN=8567 m, 26.8 km from every offset the matcher measured; using pair 8's (dE=-17932 m dN=-581 m)
[Coarse] pair 18: phase correlation gave dE=744 m dN=-16615 m, 24.6 km from every offset the matcher measured; using pair 25's (dE=-17658 m dN=-314 m)
[Coarse] pair 19: phase correlation gave dE=11920 m dN=-17918 m, 34.4 km from every offset the matcher measured; using pair 25's (dE=-17658 m dN=-314 m)
[Coarse] pair 21: phase correlation gave dE=-11414 m dN=-17047 m, 17.7 km from every offset the matcher measured; using pair 25's (dE=-17658 m dN=-314 m)
[Coarse] pair 27: phase correlation gave dE=-97898 m dN=-6012 m, 79.8 km from every offset the matcher measured; using pair 23's (dE=-17661 m dN=-313 m)
[Coarse] imw-eloftr pair 1: dE=-17940.1 m dN=-634.2 m (matcher@315m, support=163, peak=None) 
imw-eloftr: Processing pair 1 from disk...
imw-eloftr: 1 match-sets in 0.14s
[Coarse] imw-eloftr pair 2: dE=-17939.9 m dN=-643.1 m (matcher@315m, support=90, peak=None) 
imw-eloftr: Processing pair 2 from disk...
imw-eloftr: 1 match-sets in 0.07s
[Coarse] imw-eloftr pair 3: dE=-17932.7 m dN=-641.7 m (matcher@315m, support=47, peak=None) 
imw-eloftr: Processing pair 3 from disk...
imw-eloftr: 1 match-sets in 0.07s
[Coarse] imw-eloftr pair 4: dE=-18248.2 m dN=-343.9 m (matcher@315m, support=115, peak=None) 
imw-eloftr: Processing pair 4 from disk...
imw-eloftr: 1 match-sets in 0.15s
[Coarse] imw-eloftr pair 5: dE=-18255.8 m dN=-327.7 m (matcher@315m, support=75, peak=None) 
imw-eloftr: Processing pair 5 from disk...
imw-eloftr: 1 match-sets in 0.08s
[Coarse] imw-eloftr pair 6: dE=-18255.2 m dN=-583.9 m (matcher@315m, support=37, peak=None) 
imw-eloftr: Processing pair 6 from disk...
imw-eloftr: 1 match-sets in 0.08s
[Coarse] imw-eloftr pair 7: dE=-17937.2 m dN=-580.8 m (matcher@315m, support=266, peak=None) 
imw-eloftr: Processing pair 7 from disk...
imw-eloftr: 1 match-sets in 2.16s
[Coarse] imw-eloftr pair 8: dE=-17931.7 m dN=-580.8 m (matcher@315m, support=205, peak=None) 
imw-eloftr: Processing pair 8 from disk...
imw-eloftr: 1 match-sets in 2.06s
[Coarse] imw-eloftr pair 9: dE=-17941.7 m dN=-588.2 m (matcher@315m, support=446, peak=None) 
imw-eloftr: Processing pair 9 from disk...
imw-eloftr: 1 match-sets in 0.24s
[Coarse] imw-eloftr pair 10: dE=-18256.1 m dN=-301.2 m (from-pair-11 (phasecorr disagreed), support=None, peak=0.04791493653487985) 
imw-eloftr: Processing pair 10 from disk...
imw-eloftr: 1 match-sets in 0.87s
[Coarse] imw-eloftr pair 11: dE=-18256.1 m dN=-301.2 m (matcher@315m, support=135, peak=None) 
imw-eloftr: Processing pair 11 from disk...
imw-eloftr: 1 match-sets in 0.22s
[Coarse] imw-eloftr pair 12: dE=-17931.7 m dN=-580.8 m (from-pair-8 (phasecorr disagreed), support=None, peak=0.1047012765466431) 
imw-eloftr: Processing pair 12 from disk...
imw-eloftr: 0 match-sets in 0.00s
[Coarse] imw-eloftr pair 13: dE=-17931.7 m dN=-580.8 m (from-pair-8 (phasecorr disagreed), support=None, peak=0.09384612739086151) 
imw-eloftr: Processing pair 13 from disk...
imw-eloftr: 0 match-sets in 0.00s
[Coarse] imw-eloftr pair 14: dE=-17918.0 m dN=-293.4 m (matcher@315m, support=562, peak=None) 
imw-eloftr: Processing pair 14 from disk...
imw-eloftr: 1 match-sets in 0.92s
[Coarse] imw-eloftr pair 15: dE=-17942.9 m dN=-292.5 m (matcher@315m, support=1337, peak=None) 
imw-eloftr: Processing pair 15 from disk...
imw-eloftr: 1 match-sets in 0.30s
[Coarse] imw-eloftr pair 16: dE=-17960.4 m dN=-302.2 m (matcher@315m, support=770, peak=None) 
imw-eloftr: Processing pair 16 from disk...
imw-eloftr: 1 match-sets in 0.22s
[Coarse] imw-eloftr pair 17: dE=-17962.4 m dN=-295.2 m (matcher@315m, support=1253, peak=None) 
imw-eloftr: Processing pair 17 from disk...
imw-eloftr: 1 match-sets in 0.21s
[Coarse] imw-eloftr pair 18: dE=-17657.7 m dN=-313.5 m (from-pair-25 (phasecorr disagreed), support=None, peak=0.06863816733713503) 
imw-eloftr: Processing pair 18 from disk...
imw-eloftr: 0 match-sets in 0.00s
[Coarse] imw-eloftr pair 19: dE=-17657.7 m dN=-313.5 m (from-pair-25 (phasecorr disagreed), support=None, peak=0.15104582491848204) 
imw-eloftr: Processing pair 19 from disk...
imw-eloftr: 0 match-sets in 0.00s
[Coarse] imw-eloftr pair 20: dE=-17657.7 m dN=-313.5 m (from-pair-19, support=None, peak=None) 
imw-eloftr: Processing pair 20 from disk...
imw-eloftr: 0 match-sets in 0.00s
[Coarse] imw-eloftr pair 21: dE=-17657.7 m dN=-313.5 m (from-pair-25 (phasecorr disagreed), support=None, peak=0.036990950946454645) 
imw-eloftr: Processing pair 21 from disk...
imw-eloftr: 0 match-sets in 0.00s
[Coarse] imw-eloftr pair 22: dE=-17662.4 m dN=-317.4 m (matcher@315m, support=176, peak=None) 
imw-eloftr: Processing pair 22 from disk...
imw-eloftr: 1 match-sets in 0.79s
[Coarse] imw-eloftr pair 23: dE=-17661.2 m dN=-313.3 m (matcher@315m, support=242, peak=None) 
imw-eloftr: Processing pair 23 from disk...
imw-eloftr: 1 match-sets in 0.22s
[Coarse] imw-eloftr pair 24: dE=-17669.9 m dN=-304.9 m (matcher@315m, support=503, peak=None) 
imw-eloftr: Processing pair 24 from disk...
imw-eloftr: 1 match-sets in 0.24s
[Coarse] imw-eloftr pair 25: dE=-17657.7 m dN=-313.5 m (matcher@315m, support=137, peak=None) 
imw-eloftr: Processing pair 25 from disk...
imw-eloftr: 1 match-sets in 0.22s
[Coarse] imw-eloftr pair 26: dE=-17661.2 m dN=-313.3 m (from-pair-27, support=None, peak=None) 
imw-eloftr: Processing pair 26 from disk...
imw-eloftr: 1 match-sets in 0.24s
[Coarse] imw-eloftr pair 27: dE=-17661.2 m dN=-313.3 m (from-pair-23 (phasecorr disagreed), support=None, peak=0.05064041456057702) 
imw-eloftr: Processing pair 27 from disk...
imw-eloftr: 1 match-sets in 0.16s
Saved:
 CHIP_STATS_ALL.csv
 CHIP_STATS_SURVIVORS.csv
 CONSENSUS_SCORES.csv
 BEST_CHIP_SET.csv
 BEST_CHIP_MANIFEST.csv
 BEST_FINAL_SUMMARY.csv
[band1] imw-eloftr ok in 0.5 min, peak GPU memory 17.1 of 39.4 GB
[imw-eloftr] Model unloaded.
--------------------------------------------------------------------------------
[band1] Running imw-aspanformer
[imw-aspanformer] Loading model...
[Coarse] pair 20: no reliable coarse offset (matcher: no matches; phasecorr: {'dx': -28903.23193639674, 'dy': -12953.216285335406, 'support': None, 'n': None, 'peak': 0.008737401829825507}); windows compared in place
[Coarse] pair 26: no reliable coarse offset (matcher: no matches; phasecorr: {'dx': -96306.08142606622, 'dy': -17142.367293993742, 'support': None, 'n': None, 'peak': 0.02253384519977334}); windows compared in place
[Coarse] pair 10: phase correlation gave dE=43169 m dN=-4147 m, 60.9 km from every offset the matcher measured; using pair 11's (dE=-18158 m dN=-272 m)
[Coarse] pair 12: phase correlation gave dE=-1877 m dN=10017 m, 18.8 km from every offset the matcher measured; using pair 8's (dE=-17807 m dN=-675 m)
[Coarse] pair 13: phase correlation gave dE=7584 m dN=8567 m, 26.7 km from every offset the matcher measured; using pair 8's (dE=-17807 m dN=-675 m)
[Coarse] pair 18: phase correlation gave dE=744 m dN=-16615 m, 24.2 km from every offset the matcher measured; using pair 25's (dE=-17664 m dN=-384 m)
[Coarse] pair 19: phase correlation gave dE=11920 m dN=-17918 m, 34.2 km from every offset the matcher measured; using pair 25's (dE=-17664 m dN=-384 m)
[Coarse] pair 21: phase correlation gave dE=-11414 m dN=-17047 m, 17.2 km from every offset the matcher measured; using pair 25's (dE=-17664 m dN=-384 m)
[Coarse] pair 27: phase correlation gave dE=-97898 m dN=-6012 m, 79.5 km from every offset the matcher measured; using pair 23's (dE=-17709 m dN=-300 m)
[Coarse] imw-aspanformer pair 1: dE=-17875.4 m dN=-717.9 m (matcher@315m, support=173, peak=None) 
imw-aspanformer: Processing pair 1 from disk...
imw-aspanformer: 1 match-sets in 0.57s
[Coarse] imw-aspanformer pair 2: dE=-17860.4 m dN=-805.2 m (matcher@315m, support=104, peak=None) 
imw-aspanformer: Processing pair 2 from disk...
imw-aspanformer: 1 match-sets in 0.28s
[Coarse] imw-aspanformer pair 3: dE=-17788.2 m dN=-1063.7 m (matcher@315m, support=80, peak=None) 
imw-aspanformer: Processing pair 3 from disk...
imw-aspanformer: 1 match-sets in 0.30s
[Coarse] imw-aspanformer pair 4: dE=-18488.1 m dN=-391.0 m (matcher@315m, support=143, peak=None) 
imw-aspanformer: Processing pair 4 from disk...
imw-aspanformer: 1 match-sets in 0.58s
[Coarse] imw-aspanformer pair 5: dE=-18406.1 m dN=-331.6 m (matcher@315m, support=180, peak=None) 
imw-aspanformer: Processing pair 5 from disk...
imw-aspanformer: 1 match-sets in 0.28s
[Coarse] imw-aspanformer pair 6: dE=-18587.2 m dN=-259.1 m (matcher@315m, support=55, peak=None) 
imw-aspanformer: Processing pair 6 from disk...
imw-aspanformer: 1 match-sets in 0.31s
[Coarse] imw-aspanformer pair 7: dE=-17810.0 m dN=-452.8 m (matcher@315m, support=618, peak=None) 
imw-aspanformer: Processing pair 7 from disk...
imw-aspanformer: 1 match-sets in 4.03s
[Coarse] imw-aspanformer pair 8: dE=-17807.4 m dN=-675.1 m (matcher@315m, support=361, peak=None) 
imw-aspanformer: Processing pair 8 from disk...
imw-aspanformer: 1 match-sets in 4.61s
[Coarse] imw-aspanformer pair 9: dE=-17840.9 m dN=-427.2 m (matcher@315m, support=779, peak=None) 
imw-aspanformer: Processing pair 9 from disk...
imw-aspanformer: 1 match-sets in 0.45s
[Coarse] imw-aspanformer pair 10: dE=-18157.9 m dN=-272.3 m (from-pair-11 (phasecorr disagreed), support=None, peak=0.04791493653487985) 
imw-aspanformer: Processing pair 10 from disk...
imw-aspanformer: 1 match-sets in 4.09s
[Coarse] imw-aspanformer pair 11: dE=-18157.9 m dN=-272.3 m (matcher@315m, support=159, peak=None) 
imw-aspanformer: Processing pair 11 from disk...
imw-aspanformer: 1 match-sets in 0.41s
[Coarse] imw-aspanformer pair 12: dE=-17807.4 m dN=-675.1 m (from-pair-8 (phasecorr disagreed), support=None, peak=0.1047012765466431) 
imw-aspanformer: Processing pair 12 from disk...
imw-aspanformer: 0 match-sets in 0.00s
[Coarse] imw-aspanformer pair 13: dE=-17807.4 m dN=-675.1 m (from-pair-8 (phasecorr disagreed), support=None, peak=0.09384612739086151) 
imw-aspanformer: Processing pair 13 from disk...
imw-aspanformer: 0 match-sets in 0.00s
[Coarse] imw-aspanformer pair 14: dE=-17816.7 m dN=-183.0 m (matcher@315m, support=1375, peak=None) 
imw-aspanformer: Processing pair 14 from disk...
imw-aspanformer: 1 match-sets in 2.34s
[Coarse] imw-aspanformer pair 15: dE=-17851.3 m dN=-240.7 m (matcher@315m, support=2069, peak=None) 
imw-aspanformer: Processing pair 15 from disk...
imw-aspanformer: 1 match-sets in 0.56s
[Coarse] imw-aspanformer pair 16: dE=-17986.3 m dN=-200.0 m (matcher@315m, support=1300, peak=None) 
imw-aspanformer: Processing pair 16 from disk...
imw-aspanformer: 1 match-sets in 0.46s
[Coarse] imw-aspanformer pair 17: dE=-17992.7 m dN=-189.8 m (matcher@315m, support=1494, peak=None) 
imw-aspanformer: Processing pair 17 from disk...
imw-aspanformer: 1 match-sets in 0.38s
[Coarse] imw-aspanformer pair 18: dE=-17664.4 m dN=-384.1 m (from-pair-25 (phasecorr disagreed), support=None, peak=0.06863816733713503) 
imw-aspanformer: Processing pair 18 from disk...
imw-aspanformer: 0 match-sets in 0.00s
[Coarse] imw-aspanformer pair 19: dE=-17664.4 m dN=-384.1 m (from-pair-25 (phasecorr disagreed), support=None, peak=0.15104582491848204) 
imw-aspanformer: Processing pair 19 from disk...
imw-aspanformer: 0 match-sets in 0.00s
[Coarse] imw-aspanformer pair 20: dE=-17664.4 m dN=-384.1 m (from-pair-19, support=None, peak=None) 
imw-aspanformer: Processing pair 20 from disk...
imw-aspanformer: 0 match-sets in 0.00s
[Coarse] imw-aspanformer pair 21: dE=-17664.4 m dN=-384.1 m (from-pair-25 (phasecorr disagreed), support=None, peak=0.036990950946454645) 
imw-aspanformer: Processing pair 21 from disk...
imw-aspanformer: 0 match-sets in 0.00s
[Coarse] imw-aspanformer pair 22: dE=-17693.0 m dN=-310.9 m (matcher@315m, support=646, peak=None) 
imw-aspanformer: Processing pair 22 from disk...
imw-aspanformer: 1 match-sets in 2.14s
[Coarse] imw-aspanformer pair 23: dE=-17708.9 m dN=-300.2 m (matcher@315m, support=539, peak=None) 
imw-aspanformer: Processing pair 23 from disk...
imw-aspanformer: 1 match-sets in 0.44s
[Coarse] imw-aspanformer pair 24: dE=-17646.3 m dN=-285.3 m (matcher@315m, support=485, peak=None) 
imw-aspanformer: Processing pair 24 from disk...
imw-aspanformer: 1 match-sets in 0.44s
[Coarse] imw-aspanformer pair 25: dE=-17664.4 m dN=-384.1 m (matcher@315m, support=474, peak=None) 
imw-aspanformer: Processing pair 25 from disk...
imw-aspanformer: 1 match-sets in 0.38s
[Coarse] imw-aspanformer pair 26: dE=-17708.9 m dN=-300.2 m (from-pair-27, support=None, peak=None) 
imw-aspanformer: Processing pair 26 from disk...
imw-aspanformer: 1 match-sets in 1.13s
[Coarse] imw-aspanformer pair 27: dE=-17708.9 m dN=-300.2 m (from-pair-23 (phasecorr disagreed), support=None, peak=0.05064041456057702) 
imw-aspanformer: Processing pair 27 from disk...
imw-aspanformer: 0 match-sets in 0.35s
Saved:
 CHIP_STATS_ALL.csv
 CHIP_STATS_SURVIVORS.csv
 CONSENSUS_SCORES.csv
 BEST_CHIP_SET.csv
 BEST_CHIP_MANIFEST.csv
 BEST_FINAL_SUMMARY.csv
[band1] imw-aspanformer ok in 1.2 min, peak GPU memory 32.7 of 39.4 GB
[imw-aspanformer] Model unloaded.
--------------------------------------------------------------------------------
[band1] Running imw-topicfm
[imw-topicfm] Loading model...
2026-10-08 01:10:26.727 | WARNING  | TopicFM.src.models.modules.transformer:forward:163 - topic distribution is highly sparse!
2026-10-08 01:10:31.343 | WARNING  | TopicFM.src.models.modules.transformer:forward:163 - topic distribution is highly sparse!
2026-10-08 01:10:34.296 | WARNING  | TopicFM.src.models.modules.transformer:forward:163 - topic distribution is highly sparse!
2026-10-08 01:10:45.809 | WARNING  | TopicFM.src.models.modules.transformer:forward:163 - topic distribution is highly sparse!
2026-10-08 01:10:45.860 | WARNING  | TopicFM.src.models.modules.transformer:forward:163 - topic distribution is highly sparse!
2026-10-08 01:10:55.741 | WARNING  | TopicFM.src.models.modules.transformer:forward:163 - topic distribution is highly sparse!
2026-10-08 01:10:55.813 | WARNING  | TopicFM.src.models.modules.transformer:forward:163 - topic distribution is highly sparse!
2026-10-08 01:10:55.879 | WARNING  | TopicFM.src.models.modules.transformer:forward:163 - topic distribution is highly sparse!
[Coarse] pair 20: no reliable coarse offset (matcher: no matches; phasecorr: {'dx': -28903.23193639674, 'dy': -12953.216285335406, 'support': None, 'n': None, 'peak': 0.008737401829825507}); windows compared in place
2026-10-08 01:10:55.944 | WARNING  | TopicFM.src.models.modules.transformer:forward:163 - topic distribution is highly sparse!
[Coarse] pair 26: no reliable coarse offset (matcher: {'dx': 15413.386287689209, 'dy': 18725.167694091797, 'support': 2, 'n': 5, 'peak': None}; phasecorr: {'dx': -96306.08142606622, 'dy': -17142.367293993742, 'support': None, 'n': None, 'peak': 0.02253384519977334}); windows compared in place
[Coarse] pair 10: phase correlation gave dE=43169 m dN=-4147 m, 61.0 km from every offset the matcher measured; using pair 11's (dE=-18210 m dN=-189 m)
[Coarse] pair 12: phase correlation gave dE=-1877 m dN=10017 m, 18.9 km from every offset the matcher measured; using pair 8's (dE=-17756 m dN=-239 m)
[Coarse] pair 13: phase correlation gave dE=7584 m dN=8567 m, 26.8 km from every offset the matcher measured; using pair 8's (dE=-17756 m dN=-239 m)
[Coarse] pair 18: phase correlation gave dE=744 m dN=-16615 m, 24.2 km from every offset the matcher measured; using pair 25's (dE=-17702 m dN=-368 m)
[Coarse] pair 19: phase correlation gave dE=11920 m dN=-17918 m, 34.1 km from every offset the matcher measured; using pair 25's (dE=-17702 m dN=-368 m)
[Coarse] pair 21: phase correlation gave dE=-11414 m dN=-17047 m, 17.2 km from every offset the matcher measured; using pair 25's (dE=-17702 m dN=-368 m)
[Coarse] pair 27: phase correlation gave dE=-97898 m dN=-6012 m, 79.6 km from every offset the matcher measured; using pair 23's (dE=-17685 m dN=-306 m)
[Coarse] imw-topicfm pair 1: dE=-17875.4 m dN=-725.2 m (matcher@315m, support=172, peak=None) 
imw-topicfm: Processing pair 1 from disk...
imw-topicfm: 1 match-sets in 1.12s
[Coarse] imw-topicfm pair 2: dE=-17867.5 m dN=-805.7 m (matcher@315m, support=86, peak=None) 
imw-topicfm: Processing pair 2 from disk...
imw-topicfm: 1 match-sets in 0.08s
[Coarse] imw-topicfm pair 3: dE=-17756.2 m dN=-1068.4 m (matcher@315m, support=45, peak=None) 
imw-topicfm: Processing pair 3 from disk...
imw-topicfm: 1 match-sets in 0.08s
[Coarse] imw-topicfm pair 4: dE=-18374.2 m dN=-401.5 m (matcher@315m, support=188, peak=None) 
imw-topicfm: Processing pair 4 from disk...
imw-topicfm: 1 match-sets in 1.45s
[Coarse] imw-topicfm pair 5: dE=-18457.9 m dN=-354.0 m (matcher@315m, support=161, peak=None) 
imw-topicfm: Processing pair 5 from disk...
imw-topicfm: 1 match-sets in 0.10s
[Coarse] imw-topicfm pair 6: dE=-18521.2 m dN=-200.0 m (matcher@315m, support=61, peak=None) 
imw-topicfm: Processing pair 6 from disk...
2026-10-08 01:11:10.616 | WARNING  | TopicFM.src.models.modules.transformer:forward:163 - topic distribution is highly sparse!
imw-topicfm: 1 match-sets in 0.10s
[Coarse] imw-topicfm pair 7: dE=-17821.6 m dN=-338.2 m (matcher@315m, support=258, peak=None) 
imw-topicfm: Processing pair 7 from disk...
imw-topicfm: 1 match-sets in 4.78s
[Coarse] imw-topicfm pair 8: dE=-17755.7 m dN=-239.1 m (matcher@315m, support=240, peak=None) 
imw-topicfm: Processing pair 8 from disk...
imw-topicfm: 1 match-sets in 5.26s
[Coarse] imw-topicfm pair 9: dE=-17847.3 m dN=-283.4 m (matcher@315m, support=304, peak=None) 
imw-topicfm: Processing pair 9 from disk...
imw-topicfm: 1 match-sets in 0.30s
[Coarse] imw-topicfm pair 10: dE=-18209.8 m dN=-189.0 m (from-pair-11 (phasecorr disagreed), support=None, peak=0.04791493653487985) 
imw-topicfm: Processing pair 10 from disk...
imw-topicfm: 1 match-sets in 2.40s
[Coarse] imw-topicfm pair 11: dE=-18209.8 m dN=-189.0 m (matcher@315m, support=285, peak=None) 
imw-topicfm: Processing pair 11 from disk...
imw-topicfm: 1 match-sets in 0.22s
[Coarse] imw-topicfm pair 12: dE=-17755.7 m dN=-239.1 m (from-pair-8 (phasecorr disagreed), support=None, peak=0.1047012765466431) 
imw-topicfm: Processing pair 12 from disk...
imw-topicfm: 0 match-sets in 0.00s
[Coarse] imw-topicfm pair 13: dE=-17755.7 m dN=-239.1 m (from-pair-8 (phasecorr disagreed), support=None, peak=0.09384612739086151) 
imw-topicfm: Processing pair 13 from disk...
imw-topicfm: 0 match-sets in 0.00s
[Coarse] imw-topicfm pair 14: dE=-17798.7 m dN=-94.3 m (matcher@315m, support=1107, peak=None) 
imw-topicfm: Processing pair 14 from disk...
imw-topicfm: 1 match-sets in 2.60s
[Coarse] imw-topicfm pair 15: dE=-17847.1 m dN=-138.2 m (matcher@315m, support=1586, peak=None) 
imw-topicfm: Processing pair 15 from disk...
imw-topicfm: 1 match-sets in 0.38s
[Coarse] imw-topicfm pair 16: dE=-18012.4 m dN=-189.3 m (matcher@315m, support=1131, peak=None) 
imw-topicfm: Processing pair 16 from disk...
imw-topicfm: 1 match-sets in 0.25s
[Coarse] imw-topicfm pair 17: dE=-18031.5 m dN=-191.1 m (matcher@315m, support=1376, peak=None) 
imw-topicfm: Processing pair 17 from disk...
imw-topicfm: 1 match-sets in 0.23s
[Coarse] imw-topicfm pair 18: dE=-17701.9 m dN=-367.5 m (from-pair-25 (phasecorr disagreed), support=None, peak=0.06863816733713503) 
imw-topicfm: Processing pair 18 from disk...
imw-topicfm: 0 match-sets in 0.00s
[Coarse] imw-topicfm pair 19: dE=-17701.9 m dN=-367.5 m (from-pair-25 (phasecorr disagreed), support=None, peak=0.15104582491848204) 
imw-topicfm: Processing pair 19 from disk...
imw-topicfm: 0 match-sets in 0.00s
[Coarse] imw-topicfm pair 20: dE=-17701.9 m dN=-367.5 m (from-pair-19, support=None, peak=None) 
imw-topicfm: Processing pair 20 from disk...
imw-topicfm: 0 match-sets in 0.00s
[Coarse] imw-topicfm pair 21: dE=-17701.9 m dN=-367.5 m (from-pair-25 (phasecorr disagreed), support=None, peak=0.036990950946454645) 
imw-topicfm: Processing pair 21 from disk...
imw-topicfm: 0 match-sets in 0.00s
[Coarse] imw-topicfm pair 22: dE=-17672.0 m dN=-310.4 m (matcher@315m, support=564, peak=None) 
imw-topicfm: Processing pair 22 from disk...
imw-topicfm: 1 match-sets in 2.14s
[Coarse] imw-topicfm pair 23: dE=-17685.4 m dN=-306.0 m (matcher@315m, support=508, peak=None) 
imw-topicfm: Processing pair 23 from disk...
imw-topicfm: 1 match-sets in 0.25s
[Coarse] imw-topicfm pair 24: dE=-17689.5 m dN=-280.1 m (matcher@315m, support=600, peak=None) 
imw-topicfm: Processing pair 24 from disk...
imw-topicfm: 1 match-sets in 0.55s
[Coarse] imw-topicfm pair 25: dE=-17701.9 m dN=-367.5 m (matcher@315m, support=619, peak=None) 
imw-topicfm: Processing pair 25 from disk...
imw-topicfm: 1 match-sets in 0.23s
[Coarse] imw-topicfm pair 26: dE=-17685.4 m dN=-306.0 m (from-pair-27, support=None, peak=None) 
imw-topicfm: Processing pair 26 from disk...
imw-topicfm: 1 match-sets in 1.17s
[Coarse] imw-topicfm pair 27: dE=-17685.4 m dN=-306.0 m (from-pair-23 (phasecorr disagreed), support=None, peak=0.05064041456057702) 
imw-topicfm: Processing pair 27 from disk...
imw-topicfm: 1 match-sets in 0.17s
Saved:
 CHIP_STATS_ALL.csv
 CHIP_STATS_SURVIVORS.csv
 CONSENSUS_SCORES.csv
 BEST_CHIP_SET.csv
 BEST_CHIP_MANIFEST.csv
 BEST_FINAL_SUMMARY.csv
[band1] imw-topicfm ok in 1.1 min, peak GPU memory 24.9 of 39.4 GB
[imw-topicfm] Model unloaded.
--------------------------------------------------------------------------------
[band1] Running imw-roma
[imw-roma] Loading model...
[Coarse] pair 8: no reliable coarse offset (matcher: no matches; phasecorr: {'dx': -18002.059573769864, 'dy': -489.60497923140906, 'support': None, 'n': None, 'peak': 0.011968647486368816}); windows compared in place
[Coarse] pair 26: no reliable coarse offset (matcher: no matches; phasecorr: {'dx': -96306.08142606622, 'dy': -17142.367293993742, 'support': None, 'n': None, 'peak': 0.02253384519977334}); windows compared in place
[Coarse] WARNING: imw-roma: the pairs' coarse offsets differ by up to 33 km, more than one image moves from place to place. Pairs with a wrong offset match the wrong ground (the chip consensus drops them when they are few); if most pairs disagree, check the input's pixel size and window size.
[Coarse] imw-roma pair 1: dE=-17970.7 m dN=-662.0 m (matcher@315m, support=2117, peak=None) 
imw-roma: Processing pair 1 from disk...
imw-roma: 1 match-sets in 0.60s
[Coarse] imw-roma pair 2: dE=-18048.0 m dN=-528.7 m (matcher@315m, support=366, peak=None) 
imw-roma: Processing pair 2 from disk...
imw-roma: 1 match-sets in 0.60s
[Coarse] imw-roma pair 3: dE=-17902.2 m dN=-611.2 m (matcher@315m, support=862, peak=None) 
imw-roma: Processing pair 3 from disk...
imw-roma: 1 match-sets in 0.59s
[Coarse] imw-roma pair 4: dE=-18050.8 m dN=-467.0 m (matcher@315m, support=431, peak=None) 
imw-roma: Processing pair 4 from disk...
imw-roma: 1 match-sets in 0.68s
[Coarse] imw-roma pair 5: dE=-18176.4 m dN=-342.4 m (matcher@315m, support=872, peak=None) 
imw-roma: Processing pair 5 from disk...
imw-roma: 1 match-sets in 0.64s
[Coarse] imw-roma pair 6: dE=-19186.6 m dN=-13617.3 m (matcher@315m, support=32, peak=None) 
imw-roma: Processing pair 6 from disk...
imw-roma: 1 match-sets in 0.61s
[Coarse] imw-roma pair 7: dE=-17863.7 m dN=-521.1 m (matcher@315m, support=1379, peak=None) 
imw-roma: Processing pair 7 from disk...
imw-roma: 1 match-sets in 0.76s
[Coarse] imw-roma pair 8: dE=-17863.7 m dN=-521.1 m (from-pair-7, support=None, peak=None) 
imw-roma: Processing pair 8 from disk...
imw-roma: 1 match-sets in 0.82s
[Coarse] imw-roma pair 9: dE=-17790.5 m dN=-428.0 m (phasecorr@315m, support=None, peak=0.031066529352914596) 
imw-roma: Processing pair 9 from disk...
imw-roma: 1 match-sets in 0.76s
[Coarse] imw-roma pair 10: dE=13521.0 m dN=4532.7 m (matcher@315m, support=16, peak=None) 
imw-roma: Processing pair 10 from disk...
imw-roma: 1 match-sets in 0.72s
[Coarse] imw-roma pair 11: dE=-17991.6 m dN=-277.2 m (matcher@315m, support=1557, peak=None) 
imw-roma: Processing pair 11 from disk...
imw-roma: 1 match-sets in 0.71s
[Coarse] imw-roma pair 12: dE=-7924.1 m dN=-19919.7 m (matcher@315m, support=39, peak=None) 
imw-roma: Processing pair 12 from disk...
imw-roma: 0 match-sets in 0.00s
[Coarse] imw-roma pair 13: dE=-8633.5 m dN=-18741.5 m (matcher@315m, support=397, peak=None) 
imw-roma: Processing pair 13 from disk...
imw-roma: 0 match-sets in 0.00s
[Coarse] imw-roma pair 14: dE=-17867.5 m dN=-167.3 m (matcher@315m, support=3281, peak=None) 
imw-roma: Processing pair 14 from disk...
imw-roma: 1 match-sets in 0.81s
[Coarse] imw-roma pair 15: dE=-17883.3 m dN=-216.0 m (matcher@315m, support=3849, peak=None) 
imw-roma: Processing pair 15 from disk...
imw-roma: 1 match-sets in 0.90s
[Coarse] imw-roma pair 16: dE=-17956.6 m dN=-163.4 m (matcher@315m, support=3786, peak=None) 
imw-roma: Processing pair 16 from disk...
imw-roma: 1 match-sets in 0.73s
[Coarse] imw-roma pair 17: dE=-17971.6 m dN=-186.4 m (matcher@315m, support=3748, peak=None) 
imw-roma: Processing pair 17 from disk...
imw-roma: 1 match-sets in 0.76s
[Coarse] imw-roma pair 18: dE=744.1 m dN=-16614.6 m (phasecorr@315m, support=None, peak=0.06863816733713503) 
imw-roma: Processing pair 18 from disk...
imw-roma: 0 match-sets in 0.00s
[Coarse] imw-roma pair 19: dE=304.3 m dN=-20484.9 m (matcher@315m, support=49, peak=None) 
imw-roma: Processing pair 19 from disk...
imw-roma: 0 match-sets in 0.00s
[Coarse] imw-roma pair 20: dE=-4599.2 m dN=-20430.4 m (matcher@315m, support=64, peak=None) 
imw-roma: Processing pair 20 from disk...
imw-roma: 0 match-sets in 0.00s
[Coarse] imw-roma pair 21: dE=-11413.6 m dN=-17047.1 m (phasecorr@315m, support=None, peak=0.036990950946454645) 
imw-roma: Processing pair 21 from disk...
imw-roma: 0 match-sets in 0.00s
[Coarse] imw-roma pair 22: dE=-17882.3 m dN=-311.5 m (phasecorr@315m, support=None, peak=0.12721613845825194) 
imw-roma: Processing pair 22 from disk...
imw-roma: 1 match-sets in 0.79s
[Coarse] imw-roma pair 23: dE=-17911.9 m dN=-326.6 m (phasecorr@315m, support=None, peak=0.12881409482955933) 
imw-roma: Processing pair 23 from disk...
imw-roma: 1 match-sets in 0.75s
[Coarse] imw-roma pair 24: dE=-17791.8 m dN=-320.3 m (matcher@315m, support=1338, peak=None) 
imw-roma: Processing pair 24 from disk...
imw-roma: 1 match-sets in 0.76s
[Coarse] imw-roma pair 25: dE=-17844.2 m dN=-348.0 m (phasecorr@315m, support=None, peak=0.15328786741892497) 
imw-roma: Processing pair 25 from disk...
imw-roma: 1 match-sets in 0.78s
[Coarse] imw-roma pair 26: dE=3362.8 m dN=6446.4 m (from-pair-27, support=None, peak=None) 
imw-roma: Processing pair 26 from disk...
imw-roma: 1 match-sets in 0.69s
[Coarse] imw-roma pair 27: dE=3362.8 m dN=6446.4 m (matcher@315m, support=34, peak=None) 
imw-roma: Processing pair 27 from disk...
imw-roma: 1 match-sets in 0.67s
Saved:
 CHIP_STATS_ALL.csv
 CHIP_STATS_SURVIVORS.csv
 CONSENSUS_SCORES.csv
 BEST_CHIP_SET.csv
 BEST_CHIP_MANIFEST.csv
 BEST_FINAL_SUMMARY.csv
[band1] imw-roma ok in 0.7 min, peak GPU memory 5.3 of 39.4 GB
[imw-roma] Model unloaded.
--------------------------------------------------------------------------------
[band1] Running imw-dkm
[imw-dkm] Loading model...
[Coarse] pair 3: no reliable coarse offset (matcher: {'dx': -20868.932647705078, 'dy': -9358.897247314453, 'support': 7, 'n': 13, 'peak': None}; phasecorr: {'dx': -16147.443677524008, 'dy': -26751.975000537102, 'support': None, 'n': None, 'peak': 0.00032880983234923565}); windows compared in place
[Coarse] pair 8: no reliable coarse offset (matcher: no matches; phasecorr: {'dx': -18002.059573769864, 'dy': -489.60497923140906, 'support': None, 'n': None, 'peak': 0.011968647486368816}); windows compared in place
[Coarse] pair 20: no reliable coarse offset (matcher: {'dx': 4782.586898803711, 'dy': -20733.041553497314, 'support': 102, 'n': 514, 'peak': None}; phasecorr: {'dx': -28903.23193639674, 'dy': -12953.216285335406, 'support': None, 'n': None, 'peak': 0.008737401829825507}); windows compared in place
[Coarse] pair 21: the matcher gave dE=4866 m dN=-20664 m on 126 matches, apart from the 17 pairs that agree; using pair 25's (dE=-17766 m dN=-300 m)
[Coarse] pair 26: the matcher gave dE=11593 m dN=-13852 m on 8 matches, apart from the 17 pairs that agree; using pair 24's (dE=-17759 m dN=-237 m)
[Coarse] pair 10: phase correlation gave dE=43169 m dN=-4147 m, 58.9 km from every offset the matcher measured; using pair 11's (dE=-17983 m dN=-300 m)
[Coarse] pair 12: phase correlation gave dE=-1877 m dN=10017 m, 13.2 km from every offset the matcher measured; using pair 7's (dE=-17894 m dN=-524 m)
[Coarse] pair 13: phase correlation gave dE=7584 m dN=8567 m, 21.4 km from every offset the matcher measured; using pair 7's (dE=-17894 m dN=-524 m)
[Coarse] pair 18: phase correlation gave dE=744 m dN=-16615 m, 24.6 km from every offset the matcher measured; using pair 25's (dE=-17766 m dN=-300 m)
[Coarse] pair 19: phase correlation gave dE=11920 m dN=-17918 m, 34.5 km from every offset the matcher measured; using pair 25's (dE=-17766 m dN=-300 m)
[Coarse] pair 27: phase correlation gave dE=-97898 m dN=-6012 m, 80.0 km from every offset the matcher measured; using pair 24's (dE=-17759 m dN=-237 m)
[Coarse] WARNING: imw-dkm: the pairs' coarse offsets differ by up to 20 km, more than one image moves from place to place. Pairs with a wrong offset match the wrong ground (the chip consensus drops them when they are few); if most pairs disagree, check the input's pixel size and window size.
[Coarse] imw-dkm pair 1: dE=-17970.4 m dN=-559.8 m (matcher@315m, support=2596, peak=None) 
imw-dkm: Processing pair 1 from disk...
imw-dkm: 1 match-sets in 0.49s
[Coarse] imw-dkm pair 2: dE=-18053.6 m dN=-455.5 m (matcher@315m, support=594, peak=None) 
imw-dkm: Processing pair 2 from disk...
imw-dkm: 1 match-sets in 0.51s
[Coarse] imw-dkm pair 3: dE=-17970.4 m dN=-559.8 m (from-pair-1, support=None, peak=None) 
imw-dkm: Processing pair 3 from disk...
imw-dkm: 1 match-sets in 0.51s
[Coarse] imw-dkm pair 4: dE=-18069.2 m dN=-526.5 m (matcher@315m, support=2712, peak=None) 
imw-dkm: Processing pair 4 from disk...
imw-dkm: 1 match-sets in 0.51s
[Coarse] imw-dkm pair 5: dE=-17685.8 m dN=17965.3 m (matcher@315m, support=1400, peak=None) 
imw-dkm: Processing pair 5 from disk...
imw-dkm: 1 match-sets in 0.52s
[Coarse] imw-dkm pair 6: dE=-10615.7 m dN=19860.2 m (matcher@315m, support=121, peak=None) 
imw-dkm: Processing pair 6 from disk...
imw-dkm: 1 match-sets in 0.51s
[Coarse] imw-dkm pair 7: dE=-17893.8 m dN=-523.9 m (matcher@315m, support=1646, peak=None) 
imw-dkm: Processing pair 7 from disk...
imw-dkm: 1 match-sets in 0.64s
[Coarse] imw-dkm pair 8: dE=-17893.8 m dN=-523.9 m (from-pair-7, support=None, peak=None) 
imw-dkm: Processing pair 8 from disk...
imw-dkm: 1 match-sets in 0.67s
[Coarse] imw-dkm pair 9: dE=-17935.3 m dN=-518.4 m (matcher@315m, support=2212, peak=None) 
imw-dkm: Processing pair 9 from disk...
imw-dkm: 1 match-sets in 0.64s
[Coarse] imw-dkm pair 10: dE=-17982.5 m dN=-300.0 m (from-pair-11 (phasecorr disagreed), support=None, peak=0.04791493653487985) 
imw-dkm: Processing pair 10 from disk...
imw-dkm: 1 match-sets in 0.61s
[Coarse] imw-dkm pair 11: dE=-17982.5 m dN=-300.0 m (matcher@315m, support=2064, peak=None) 
imw-dkm: Processing pair 11 from disk...
imw-dkm: 1 match-sets in 0.62s
[Coarse] imw-dkm pair 12: dE=-17893.8 m dN=-523.9 m (from-pair-7 (phasecorr disagreed), support=None, peak=0.1047012765466431) 
imw-dkm: Processing pair 12 from disk...
imw-dkm: 0 match-sets in 0.00s
[Coarse] imw-dkm pair 13: dE=-17893.8 m dN=-523.9 m (from-pair-7 (phasecorr disagreed), support=None, peak=0.09384612739086151) 
imw-dkm: Processing pair 13 from disk...
imw-dkm: 0 match-sets in 0.00s
[Coarse] imw-dkm pair 14: dE=-17873.8 m dN=-184.5 m (matcher@315m, support=3047, peak=None) 
imw-dkm: Processing pair 14 from disk...
imw-dkm: 1 match-sets in 0.72s
[Coarse] imw-dkm pair 15: dE=-17886.4 m dN=-211.8 m (matcher@315m, support=3416, peak=None) 
imw-dkm: Processing pair 15 from disk...
imw-dkm: 1 match-sets in 0.75s
[Coarse] imw-dkm pair 16: dE=-17955.3 m dN=-154.7 m (matcher@315m, support=3831, peak=None) 
imw-dkm: Processing pair 16 from disk...
imw-dkm: 1 match-sets in 0.65s
[Coarse] imw-dkm pair 17: dE=-17974.8 m dN=-194.2 m (matcher@315m, support=3550, peak=None) 
imw-dkm: Processing pair 17 from disk...
imw-dkm: 1 match-sets in 0.65s
[Coarse] imw-dkm pair 18: dE=-17766.3 m dN=-300.0 m (from-pair-25 (phasecorr disagreed), support=None, peak=0.06863816733713503) 
imw-dkm: Processing pair 18 from disk...
imw-dkm: 0 match-sets in 0.00s
[Coarse] imw-dkm pair 19: dE=-17766.3 m dN=-300.0 m (from-pair-25 (phasecorr disagreed), support=None, peak=0.15104582491848204) 
imw-dkm: Processing pair 19 from disk...
imw-dkm: 0 match-sets in 0.00s
[Coarse] imw-dkm pair 20: dE=-17766.3 m dN=-300.0 m (from-pair-19, support=None, peak=None) 
imw-dkm: Processing pair 20 from disk...
imw-dkm: 0 match-sets in 0.00s
[Coarse] imw-dkm pair 21: dE=-17766.3 m dN=-300.0 m (from-pair-25 (matcher outlier), support=None, peak=None) 
imw-dkm: Processing pair 21 from disk...
imw-dkm: 0 match-sets in 0.00s
[Coarse] imw-dkm pair 22: dE=-17754.5 m dN=-245.7 m (matcher@315m, support=3105, peak=None) 
imw-dkm: Processing pair 22 from disk...
imw-dkm: 1 match-sets in 0.66s
[Coarse] imw-dkm pair 23: dE=-17911.9 m dN=-326.6 m (phasecorr@315m, support=None, peak=0.12881409482955933) 
imw-dkm: Processing pair 23 from disk...
imw-dkm: 1 match-sets in 0.66s
[Coarse] imw-dkm pair 24: dE=-17758.6 m dN=-237.5 m (matcher@315m, support=2216, peak=None) 
imw-dkm: Processing pair 24 from disk...
imw-dkm: 1 match-sets in 0.64s
[Coarse] imw-dkm pair 25: dE=-17766.3 m dN=-300.0 m (matcher@315m, support=3549, peak=None) 
imw-dkm: Processing pair 25 from disk...
imw-dkm: 1 match-sets in 0.63s
[Coarse] imw-dkm pair 26: dE=-17758.6 m dN=-237.5 m (from-pair-24 (matcher outlier), support=None, peak=None) 
imw-dkm: Processing pair 26 from disk...
imw-dkm: 1 match-sets in 0.62s
[Coarse] imw-dkm pair 27: dE=-17758.6 m dN=-237.5 m (from-pair-24 (phasecorr disagreed), support=None, peak=0.05064041456057702) 
imw-dkm: Processing pair 27 from disk...
imw-dkm: 1 match-sets in 0.57s
Saved:
 CHIP_STATS_ALL.csv
 CHIP_STATS_SURVIVORS.csv
 CONSENSUS_SCORES.csv
 BEST_CHIP_SET.csv
 BEST_CHIP_MANIFEST.csv
 BEST_FINAL_SUMMARY.csv
[band1] imw-dkm ok in 0.8 min, peak GPU memory 33.8 of 39.4 GB
[imw-dkm] Model unloaded.
--------------------------------------------------------------------------------
[band1] Running imw-dad-roma
[imw-dad-roma] Loading model...
[Coarse] pair 3: no reliable coarse offset (matcher: {'dx': -16720.664405822754, 'dy': -9848.957862854004, 'support': 4, 'n': 32, 'peak': None}; phasecorr: {'dx': -16147.443677524008, 'dy': -26751.975000537102, 'support': None, 'n': None, 'peak': 0.00032880983234923565}); windows compared in place
[Coarse] pair 5: no reliable coarse offset (matcher: no matches; phasecorr: {'dx': 3156.3479216096807, 'dy': 18300.67805989782, 'support': None, 'n': None, 'peak': 0.020832994549224774}); windows compared in place
[Coarse] pair 6: no reliable coarse offset (matcher: {'dx': -15465.58988571167, 'dy': 2127.46244430542, 'support': 6, 'n': 33, 'peak': None}; phasecorr: {'dx': -15852.800158210905, 'dy': 18737.59796077822, 'support': None, 'n': None, 'peak': -0.0027571213742097218}); windows compared in place
[Coarse] pair 7: no reliable coarse offset (matcher: {'dx': -17625.109405517578, 'dy': -16155.410614013672, 'support': 1, 'n': 9, 'peak': None}; phasecorr: {'dx': -17660.72648465004, 'dy': -478.5174601560547, 'support': None, 'n': None, 'peak': 0.0218074359204816}); windows compared in place
[Coarse] pair 8: no reliable coarse offset (matcher: no matches; phasecorr: {'dx': -18002.059573769864, 'dy': -489.60497923140906, 'support': None, 'n': None, 'peak': 0.011968647486368816}); windows compared in place
[Coarse] pair 20: no reliable coarse offset (matcher: no matches; phasecorr: {'dx': -28903.23193639674, 'dy': -12953.216285335406, 'support': None, 'n': None, 'peak': 0.008737401829825507}); windows compared in place
[Coarse] pair 26: no reliable coarse offset (matcher: no matches; phasecorr: {'dx': -96306.08142606622, 'dy': -17142.367293993742, 'support': None, 'n': None, 'peak': 0.02253384519977334}); windows compared in place
[Coarse] pair 2: phase correlation gave dE=-8934 m dN=5487 m, 10.6 km from every offset the matcher measured; using pair 1's (dE=-17885 m dN=-724 m)
[Coarse] pair 10: phase correlation gave dE=43169 m dN=-4147 m, 61.1 km from every offset the matcher measured; using pair 11's (dE=-18030 m dN=-235 m)
[Coarse] pair 12: phase correlation gave dE=-1877 m dN=10017 m, 19.0 km from every offset the matcher measured; using pair 11's (dE=-18030 m dN=-235 m)
[Coarse] pair 13: phase correlation gave dE=7584 m dN=8567 m, 26.9 km from every offset the matcher measured; using pair 11's (dE=-18030 m dN=-235 m)
[Coarse] pair 18: phase correlation gave dE=744 m dN=-16615 m, 24.5 km from every offset the matcher measured; using pair 15's (dE=-17918 m dN=-189 m)
[Coarse] pair 19: phase correlation gave dE=11920 m dN=-17918 m, 34.4 km from every offset the matcher measured; using pair 15's (dE=-17918 m dN=-189 m)
[Coarse] pair 21: phase correlation gave dE=-11414 m dN=-17047 m, 17.6 km from every offset the matcher measured; using pair 15's (dE=-17918 m dN=-189 m)
[Coarse] pair 27: phase correlation gave dE=-97898 m dN=-6012 m, 80.0 km from every offset the matcher measured; using pair 17's (dE=-17983 m dN=-149 m)
[Coarse] imw-dad-roma pair 1: dE=-17884.7 m dN=-724.4 m (matcher@315m, support=9, peak=None) 
imw-dad-roma: Processing pair 1 from disk...
imw-dad-roma: 1 match-sets in 3.28s
[Coarse] imw-dad-roma pair 2: dE=-17884.7 m dN=-724.4 m (from-pair-1 (phasecorr disagreed), support=None, peak=0.03413578109976686) 
imw-dad-roma: Processing pair 2 from disk...
imw-dad-roma: 1 match-sets in 0.52s
[Coarse] imw-dad-roma pair 3: dE=-17884.7 m dN=-724.4 m (from-pair-1, support=None, peak=None) 
imw-dad-roma: Processing pair 3 from disk...
imw-dad-roma: 1 match-sets in 0.55s
[Coarse] imw-dad-roma pair 4: dE=-18079.3 m dN=-484.9 m (matcher@315m, support=49, peak=None) 
imw-dad-roma: Processing pair 4 from disk...
imw-dad-roma: 1 match-sets in 3.55s
[Coarse] imw-dad-roma pair 5: dE=-18079.3 m dN=-484.9 m (from-pair-4, support=None, peak=None) 
imw-dad-roma: Processing pair 5 from disk...
imw-dad-roma: 1 match-sets in 0.58s
[Coarse] imw-dad-roma pair 6: dE=-18079.3 m dN=-484.9 m (from-pair-4, support=None, peak=None) 
imw-dad-roma: Processing pair 6 from disk...
imw-dad-roma: 1 match-sets in 0.56s
[Coarse] imw-dad-roma pair 7: dE=-17790.5 m dN=-428.0 m (from-pair-9, support=None, peak=None) 
imw-dad-roma: Processing pair 7 from disk...
imw-dad-roma: 1 match-sets in 3.89s
[Coarse] imw-dad-roma pair 8: dE=-17790.5 m dN=-428.0 m (from-pair-9, support=None, peak=None) 
imw-dad-roma: Processing pair 8 from disk...
imw-dad-roma: 1 match-sets in 3.86s
[Coarse] imw-dad-roma pair 9: dE=-17790.5 m dN=-428.0 m (phasecorr@315m, support=None, peak=0.031066529352914596) 
imw-dad-roma: Processing pair 9 from disk...
imw-dad-roma: 1 match-sets in 3.83s
[Coarse] imw-dad-roma pair 10: dE=-18029.8 m dN=-234.6 m (from-pair-11 (phasecorr disagreed), support=None, peak=0.04791493653487985) 
imw-dad-roma: Processing pair 10 from disk...
imw-dad-roma: 1 match-sets in 3.60s
[Coarse] imw-dad-roma pair 11: dE=-18029.8 m dN=-234.6 m (matcher@315m, support=134, peak=None) 
imw-dad-roma: Processing pair 11 from disk...
imw-dad-roma: 1 match-sets in 0.80s
[Coarse] imw-dad-roma pair 12: dE=-18029.8 m dN=-234.6 m (from-pair-11 (phasecorr disagreed), support=None, peak=0.1047012765466431) 
imw-dad-roma: Processing pair 12 from disk...
imw-dad-roma: 0 match-sets in 0.00s
[Coarse] imw-dad-roma pair 13: dE=-18029.8 m dN=-234.6 m (from-pair-11 (phasecorr disagreed), support=None, peak=0.09384612739086151) 
imw-dad-roma: Processing pair 13 from disk...
imw-dad-roma: 0 match-sets in 0.00s
[Coarse] imw-dad-roma pair 14: dE=-17868.7 m dN=-244.9 m (matcher@315m, support=119, peak=None) 
imw-dad-roma: Processing pair 14 from disk...
imw-dad-roma: 1 match-sets in 3.91s
[Coarse] imw-dad-roma pair 15: dE=-17918.0 m dN=-188.5 m (matcher@315m, support=727, peak=None) 
imw-dad-roma: Processing pair 15 from disk...
imw-dad-roma: 1 match-sets in 1.25s
[Coarse] imw-dad-roma pair 16: dE=-17976.2 m dN=-138.5 m (matcher@315m, support=745, peak=None) 
imw-dad-roma: Processing pair 16 from disk...
imw-dad-roma: 1 match-sets in 0.80s
[Coarse] imw-dad-roma pair 17: dE=-17982.9 m dN=-148.5 m (matcher@315m, support=818, peak=None) 
imw-dad-roma: Processing pair 17 from disk...
imw-dad-roma: 1 match-sets in 0.83s
[Coarse] imw-dad-roma pair 18: dE=-17918.0 m dN=-188.5 m (from-pair-15 (phasecorr disagreed), support=None, peak=0.06863816733713503) 
imw-dad-roma: Processing pair 18 from disk...
imw-dad-roma: 0 match-sets in 0.00s
[Coarse] imw-dad-roma pair 19: dE=-17918.0 m dN=-188.5 m (from-pair-15 (phasecorr disagreed), support=None, peak=0.15104582491848204) 
imw-dad-roma: Processing pair 19 from disk...
imw-dad-roma: 0 match-sets in 0.00s
[Coarse] imw-dad-roma pair 20: dE=-17918.0 m dN=-188.5 m (from-pair-19, support=None, peak=None) 
imw-dad-roma: Processing pair 20 from disk...
imw-dad-roma: 0 match-sets in 0.00s
[Coarse] imw-dad-roma pair 21: dE=-17918.0 m dN=-188.5 m (from-pair-15 (phasecorr disagreed), support=None, peak=0.036990950946454645) 
imw-dad-roma: Processing pair 21 from disk...
imw-dad-roma: 0 match-sets in 0.00s
[Coarse] imw-dad-roma pair 22: dE=-17882.3 m dN=-311.5 m (phasecorr@315m, support=None, peak=0.12721613845825194) 
imw-dad-roma: Processing pair 22 from disk...
imw-dad-roma: 1 match-sets in 4.11s
[Coarse] imw-dad-roma pair 23: dE=-17911.9 m dN=-326.6 m (phasecorr@315m, support=None, peak=0.12881409482955933) 
imw-dad-roma: Processing pair 23 from disk...
imw-dad-roma: 1 match-sets in 0.91s
[Coarse] imw-dad-roma pair 24: dE=-17928.8 m dN=-415.6 m (phasecorr@315m, support=None, peak=0.035175936365127565) 
imw-dad-roma: Processing pair 24 from disk...
imw-dad-roma: 1 match-sets in 0.92s
[Coarse] imw-dad-roma pair 25: dE=-17844.2 m dN=-348.0 m (phasecorr@315m, support=None, peak=0.15328786741892497) 
imw-dad-roma: Processing pair 25 from disk...
imw-dad-roma: 1 match-sets in 0.95s
[Coarse] imw-dad-roma pair 26: dE=-17982.9 m dN=-148.5 m (from-pair-27, support=None, peak=None) 
imw-dad-roma: Processing pair 26 from disk...
imw-dad-roma: 1 match-sets in 0.76s
[Coarse] imw-dad-roma pair 27: dE=-17982.9 m dN=-148.5 m (from-pair-17 (phasecorr disagreed), support=None, peak=0.05064041456057702) 
imw-dad-roma: Processing pair 27 from disk...
imw-dad-roma: 1 match-sets in 0.76s
Saved:
 CHIP_STATS_ALL.csv
 CHIP_STATS_SURVIVORS.csv
 CONSENSUS_SCORES.csv
 BEST_CHIP_SET.csv
 BEST_CHIP_MANIFEST.csv
 BEST_FINAL_SUMMARY.csv
[band1] imw-dad-roma ok in 2.2 min, peak GPU memory 33.9 of 39.4 GB
[imw-dad-roma] Model unloaded.
--------------------------------------------------------------------------------
[band1] Running imw-rdd-dense
[imw-rdd-dense] Loading model...
config {'activation': 'relu', 'block_dims': [8, 16, 32, 64], 'd_model': 256, 'detection_threshold': 0.1, 'device': device(type='cuda'), 'dim_feedforward': 1024, 'dropout': 0.1, 'enc_n_points': 8, 'hidden_dim': 256, 'lr_backbone': 2e-05, 'nhead': 8, 'num_encoder_layers': 4, 'num_feature_levels': 5, 'top_k': 4096, 'train_detector': False, 'weights': '/maintenance/ICIGDev/GPUPOC/input/dqe/imw_runtime/imw_cache/huggingface/hub/models--Realcat--imcui_checkpoints/snapshots/e72b489e927e7a8202f505c1b4db1474fd22b8b7/rdd/RDD-v2.pth'}
[Coarse] pair 3: no reliable coarse offset (matcher: no matches; phasecorr: {'dx': -16147.443677524008, 'dy': -26751.975000537102, 'support': None, 'n': None, 'peak': 0.00032880983234923565}); windows compared in place
[Coarse] pair 4: no reliable coarse offset (matcher: no matches; phasecorr: {'dx': 12882.472481301173, 'dy': 92621.70938170607, 'support': None, 'n': None, 'peak': -0.00012715039429841217}); windows compared in place
[Coarse] pair 5: no reliable coarse offset (matcher: no matches; phasecorr: {'dx': 3156.3479216096807, 'dy': 18300.67805989782, 'support': None, 'n': None, 'peak': 0.020832994549224774}); windows compared in place
[Coarse] pair 6: no reliable coarse offset (matcher: no matches; phasecorr: {'dx': -15852.800158210905, 'dy': 18737.59796077822, 'support': None, 'n': None, 'peak': -0.0027571213742097218}); windows compared in place
[Coarse] pair 7: no reliable coarse offset (matcher: no matches; phasecorr: {'dx': -17660.72648465004, 'dy': -478.5174601560547, 'support': None, 'n': None, 'peak': 0.0218074359204816}); windows compared in place
[Coarse] pair 8: no reliable coarse offset (matcher: no matches; phasecorr: {'dx': -18002.059573769864, 'dy': -489.60497923140906, 'support': None, 'n': None, 'peak': 0.011968647486368816}); windows compared in place
[Coarse] pair 11: no reliable coarse offset (matcher: no matches; phasecorr: {'dx': -18107.733154651494, 'dy': -332.5590928480355, 'support': None, 'n': None, 'peak': 0.020898853179031604}); windows compared in place
[Coarse] pair 20: no reliable coarse offset (matcher: RuntimeError: selected index k out of range; phasecorr: {'dx': -28903.23193639674, 'dy': -12953.216285335406, 'support': None, 'n': None, 'peak': 0.008737401829825507}); windows compared in place
[Coarse] pair 26: no reliable coarse offset (matcher: no matches; phasecorr: {'dx': -96306.08142606622, 'dy': -17142.367293993742, 'support': None, 'n': None, 'peak': 0.02253384519977334}); windows compared in place
[Coarse] pair 2: phase correlation gave dE=-8934 m dN=5487 m, 10.5 km from every offset the matcher measured; using pair 14's (dE=-17864 m dN=-113 m)
[Coarse] pair 10: phase correlation gave dE=43169 m dN=-4147 m, 61.1 km from every offset the matcher measured; using pair 14's (dE=-17864 m dN=-113 m)
[Coarse] pair 12: phase correlation gave dE=-1877 m dN=10017 m, 18.9 km from every offset the matcher measured; using pair 14's (dE=-17864 m dN=-113 m)
[Coarse] pair 13: phase correlation gave dE=7584 m dN=8567 m, 26.9 km from every offset the matcher measured; using pair 14's (dE=-17864 m dN=-113 m)
[Coarse] pair 18: phase correlation gave dE=744 m dN=-16615 m, 24.7 km from every offset the matcher measured; using pair 25's (dE=-17909 m dN=-258 m)
[Coarse] pair 19: phase correlation gave dE=11920 m dN=-17918 m, 34.6 km from every offset the matcher measured; using pair 25's (dE=-17909 m dN=-258 m)
[Coarse] pair 21: phase correlation gave dE=-11414 m dN=-17047 m, 17.9 km from every offset the matcher measured; using pair 25's (dE=-17909 m dN=-258 m)
[Coarse] pair 27: phase correlation gave dE=-97898 m dN=-6012 m, 80.1 km from every offset the matcher measured; using pair 23's (dE=-17822 m dN=-229 m)
[Coarse] imw-rdd-dense pair 1: dE=-18062.2 m dN=-904.8 m (phasecorr@315m, support=None, peak=0.03257782713572184) 
imw-rdd-dense: Processing pair 1 from disk...
imw-rdd-dense: 0 match-sets in 0.14s
[Coarse] imw-rdd-dense pair 2: dE=-17863.8 m dN=-113.3 m (from-pair-14 (phasecorr disagreed), support=None, peak=0.03413578109976686) 
imw-rdd-dense: Processing pair 2 from disk...
imw-rdd-dense: 0 match-sets in 0.12s
[Coarse] imw-rdd-dense pair 3: dE=-18062.2 m dN=-904.8 m (from-pair-1, support=None, peak=None) 
imw-rdd-dense: Processing pair 3 from disk...
imw-rdd-dense: 0 match-sets in 0.12s
[Coarse] imw-rdd-dense pair 4: dE=-17863.8 m dN=-113.3 m (from-pair-2, support=None, peak=None) 
imw-rdd-dense: Processing pair 4 from disk...
imw-rdd-dense: 1 match-sets in 0.15s
[Coarse] imw-rdd-dense pair 5: dE=-17863.8 m dN=-113.3 m (from-pair-2, support=None, peak=None) 
imw-rdd-dense: Processing pair 5 from disk...
imw-rdd-dense: 0 match-sets in 0.14s
[Coarse] imw-rdd-dense pair 6: dE=-17863.8 m dN=-113.3 m (from-pair-2, support=None, peak=None) 
imw-rdd-dense: Processing pair 6 from disk...
imw-rdd-dense: 0 match-sets in 0.14s
[Coarse] imw-rdd-dense pair 7: dE=-17790.5 m dN=-428.0 m (from-pair-9, support=None, peak=None) 
imw-rdd-dense: Processing pair 7 from disk...
imw-rdd-dense: 0 match-sets in 4.59s
[Coarse] imw-rdd-dense pair 8: dE=-17790.5 m dN=-428.0 m (from-pair-9, support=None, peak=None) 
imw-rdd-dense: Processing pair 8 from disk...
imw-rdd-dense: 0 match-sets in 5.40s
[Coarse] imw-rdd-dense pair 9: dE=-17790.5 m dN=-428.0 m (phasecorr@315m, support=None, peak=0.031066529352914596) 
imw-rdd-dense: Processing pair 9 from disk...
imw-rdd-dense: 0 match-sets in 0.38s
[Coarse] imw-rdd-dense pair 10: dE=-17863.8 m dN=-113.3 m (from-pair-14 (phasecorr disagreed), support=None, peak=0.04791493653487985) 
imw-rdd-dense: Processing pair 10 from disk...
imw-rdd-dense: 0 match-sets in 0.33s
[Coarse] imw-rdd-dense pair 11: dE=-17863.8 m dN=-113.3 m (from-pair-10, support=None, peak=None) 
imw-rdd-dense: Processing pair 11 from disk...
imw-rdd-dense: 0 match-sets in 0.33s
[Coarse] imw-rdd-dense pair 12: dE=-17863.8 m dN=-113.3 m (from-pair-14 (phasecorr disagreed), support=None, peak=0.1047012765466431) 
imw-rdd-dense: Processing pair 12 from disk...
imw-rdd-dense: 0 match-sets in 0.00s
[Coarse] imw-rdd-dense pair 13: dE=-17863.8 m dN=-113.3 m (from-pair-14 (phasecorr disagreed), support=None, peak=0.09384612739086151) 
imw-rdd-dense: Processing pair 13 from disk...
imw-rdd-dense: 0 match-sets in 0.00s
[Coarse] imw-rdd-dense pair 14: dE=-17863.8 m dN=-113.3 m (matcher@315m, support=100, peak=None) 
imw-rdd-dense: Processing pair 14 from disk...
imw-rdd-dense: 1 match-sets in 0.62s
[Coarse] imw-rdd-dense pair 15: dE=-17902.9 m dN=-268.3 m (matcher@315m, support=257, peak=None) 
imw-rdd-dense: Processing pair 15 from disk...
imw-rdd-dense: 1 match-sets in 0.71s
[Coarse] imw-rdd-dense pair 16: dE=-17974.2 m dN=-376.7 m (matcher@315m, support=146, peak=None) 
imw-rdd-dense: Processing pair 16 from disk...
imw-rdd-dense: 1 match-sets in 0.44s
[Coarse] imw-rdd-dense pair 17: dE=-17997.1 m dN=-363.9 m (matcher@315m, support=284, peak=None) 
imw-rdd-dense: Processing pair 17 from disk...
imw-rdd-dense: 1 match-sets in 0.42s
[Coarse] imw-rdd-dense pair 18: dE=-17908.5 m dN=-257.6 m (from-pair-25 (phasecorr disagreed), support=None, peak=0.06863816733713503) 
imw-rdd-dense: Processing pair 18 from disk...
imw-rdd-dense: 0 match-sets in 0.00s
[Coarse] imw-rdd-dense pair 19: dE=-17908.5 m dN=-257.6 m (from-pair-25 (phasecorr disagreed), support=None, peak=0.15104582491848204) 
imw-rdd-dense: Processing pair 19 from disk...
imw-rdd-dense: 0 match-sets in 0.00s
[Coarse] imw-rdd-dense pair 20: dE=-17908.5 m dN=-257.6 m (from-pair-19, support=None, peak=None) 
imw-rdd-dense: Processing pair 20 from disk...
imw-rdd-dense: 0 match-sets in 0.00s
[Coarse] imw-rdd-dense pair 21: dE=-17908.5 m dN=-257.6 m (from-pair-25 (phasecorr disagreed), support=None, peak=0.036990950946454645) 
imw-rdd-dense: Processing pair 21 from disk...
imw-rdd-dense: 0 match-sets in 0.00s
[Coarse] imw-rdd-dense pair 22: dE=-17782.0 m dN=-243.8 m (matcher@315m, support=12, peak=None) 
imw-rdd-dense: Processing pair 22 from disk...
imw-rdd-dense: 1 match-sets in 0.38s
[Coarse] imw-rdd-dense pair 23: dE=-17821.7 m dN=-229.1 m (matcher@315m, support=20, peak=None) 
imw-rdd-dense: Processing pair 23 from disk...
imw-rdd-dense: 1 match-sets in 0.39s
[Coarse] imw-rdd-dense pair 24: dE=-17868.8 m dN=-215.5 m (matcher@315m, support=49, peak=None) 
imw-rdd-dense: Processing pair 24 from disk...
imw-rdd-dense: 1 match-sets in 0.44s
[Coarse] imw-rdd-dense pair 25: dE=-17908.5 m dN=-257.6 m (matcher@315m, support=39, peak=None) 
imw-rdd-dense: Processing pair 25 from disk...
imw-rdd-dense: 1 match-sets in 0.39s
[Coarse] imw-rdd-dense pair 26: dE=-17821.7 m dN=-229.1 m (from-pair-27, support=None, peak=None) 
imw-rdd-dense: Processing pair 26 from disk...
imw-rdd-dense: 0 match-sets in 0.25s
[Coarse] imw-rdd-dense pair 27: dE=-17821.7 m dN=-229.1 m (from-pair-23 (phasecorr disagreed), support=None, peak=0.05064041456057702) 
imw-rdd-dense: Processing pair 27 from disk...
imw-rdd-dense: 0 match-sets in 0.24s
Saved:
 CHIP_STATS_ALL.csv
 CHIP_STATS_SURVIVORS.csv
 CONSENSUS_SCORES.csv
 BEST_CHIP_SET.csv
 BEST_CHIP_MANIFEST.csv
 BEST_FINAL_SUMMARY.csv
[band1] imw-rdd-dense ok in 0.6 min, peak GPU memory 32.6 of 39.4 GB
[imw-rdd-dense] Model unloaded.
--------------------------------------------------------------------------------
[band1] Running imw-xfeat-lg
[imw-xfeat-lg] Loading model...
Using cache found in /maintenance/ICIGDev/GPUPOC/input/dqe/imw_runtime/imw_cache/torch/hub/verlab_accelerated_features_main
Loaded LightGlue model
[Coarse] pair 6: no reliable coarse offset (matcher: no matches; phasecorr: {'dx': -15852.800158210905, 'dy': 18737.59796077822, 'support': None, 'n': None, 'peak': -0.0027571213742097218}); windows compared in place
[Coarse] pair 7: no reliable coarse offset (matcher: no matches; phasecorr: {'dx': -17660.72648465004, 'dy': -478.5174601560547, 'support': None, 'n': None, 'peak': 0.0218074359204816}); windows compared in place
[Coarse] pair 8: no reliable coarse offset (matcher: no matches; phasecorr: {'dx': -18002.059573769864, 'dy': -489.60497923140906, 'support': None, 'n': None, 'peak': 0.011968647486368816}); windows compared in place
[Coarse] pair 20: no reliable coarse offset (matcher: no matches; phasecorr: {'dx': -28903.23193639674, 'dy': -12953.216285335406, 'support': None, 'n': None, 'peak': 0.008737401829825507}); windows compared in place
[Coarse] pair 26: no reliable coarse offset (matcher: no matches; phasecorr: {'dx': -96306.08142606622, 'dy': -17142.367293993742, 'support': None, 'n': None, 'peak': 0.02253384519977334}); windows compared in place
[Coarse] pair 10: phase correlation gave dE=43169 m dN=-4147 m, 60.9 km from every offset the matcher measured; using pair 11's (dE=-18270 m dN=0 m)
[Coarse] pair 12: phase correlation gave dE=-1877 m dN=10017 m, 18.7 km from every offset the matcher measured; using pair 11's (dE=-18270 m dN=0 m)
[Coarse] pair 13: phase correlation gave dE=7584 m dN=8567 m, 26.6 km from every offset the matcher measured; using pair 11's (dE=-18270 m dN=0 m)
[Coarse] pair 18: phase correlation gave dE=744 m dN=-16615 m, 24.6 km from every offset the matcher measured; using pair 25's (dE=-17955 m dN=-315 m)
[Coarse] pair 19: phase correlation gave dE=11920 m dN=-17918 m, 34.4 km from every offset the matcher measured; using pair 25's (dE=-17955 m dN=-315 m)
[Coarse] pair 21: phase correlation gave dE=-11414 m dN=-17047 m, 17.7 km from every offset the matcher measured; using pair 25's (dE=-17955 m dN=-315 m)
[Coarse] pair 27: phase correlation gave dE=-97898 m dN=-6012 m, 79.5 km from every offset the matcher measured; using pair 23's (dE=-17640 m dN=-315 m)
[Coarse] imw-xfeat-lg pair 1: dE=-17955.0 m dN=-630.0 m (matcher@315m, support=97, peak=None) 
imw-xfeat-lg: Processing pair 1 from disk...
imw-xfeat-lg: 1 match-sets in 0.12s
[Coarse] imw-xfeat-lg pair 2: dE=-17955.0 m dN=-630.0 m (matcher@315m, support=85, peak=None) 
imw-xfeat-lg: Processing pair 2 from disk...
imw-xfeat-lg: 1 match-sets in 0.07s
[Coarse] imw-xfeat-lg pair 3: dE=-18585.0 m dN=-630.0 m (matcher@315m, support=17, peak=None) 
imw-xfeat-lg: Processing pair 3 from disk...
imw-xfeat-lg: 1 match-sets in 0.06s
[Coarse] imw-xfeat-lg pair 4: dE=-17640.0 m dN=0.0 m (matcher@315m, support=11, peak=None) 
imw-xfeat-lg: Processing pair 4 from disk...
imw-xfeat-lg: 1 match-sets in 0.13s
[Coarse] imw-xfeat-lg pair 5: dE=-17955.0 m dN=0.0 m (matcher@315m, support=61, peak=None) 
imw-xfeat-lg: Processing pair 5 from disk...
imw-xfeat-lg: 1 match-sets in 0.08s
[Coarse] imw-xfeat-lg pair 6: dE=-17955.0 m dN=0.0 m (from-pair-5, support=None, peak=None) 
imw-xfeat-lg: Processing pair 6 from disk...
imw-xfeat-lg: 1 match-sets in 0.08s
[Coarse] imw-xfeat-lg pair 7: dE=-17790.5 m dN=-428.0 m (from-pair-9, support=None, peak=None) 
imw-xfeat-lg: Processing pair 7 from disk...
imw-xfeat-lg: 1 match-sets in 0.45s
[Coarse] imw-xfeat-lg pair 8: dE=-17790.5 m dN=-428.0 m (from-pair-9, support=None, peak=None) 
imw-xfeat-lg: Processing pair 8 from disk...
imw-xfeat-lg: 0 match-sets in 0.25s
[Coarse] imw-xfeat-lg pair 9: dE=-17790.5 m dN=-428.0 m (phasecorr@315m, support=None, peak=0.031066529352914596) 
imw-xfeat-lg: Processing pair 9 from disk...
imw-xfeat-lg: 1 match-sets in 0.39s
[Coarse] imw-xfeat-lg pair 10: dE=-18270.0 m dN=0.0 m (from-pair-11 (phasecorr disagreed), support=None, peak=0.04791493653487985) 
imw-xfeat-lg: Processing pair 10 from disk...
imw-xfeat-lg: 1 match-sets in 0.24s
[Coarse] imw-xfeat-lg pair 11: dE=-18270.0 m dN=0.0 m (matcher@315m, support=17, peak=None) 
imw-xfeat-lg: Processing pair 11 from disk...
imw-xfeat-lg: 1 match-sets in 0.18s
[Coarse] imw-xfeat-lg pair 12: dE=-18270.0 m dN=0.0 m (from-pair-11 (phasecorr disagreed), support=None, peak=0.1047012765466431) 
imw-xfeat-lg: Processing pair 12 from disk...
imw-xfeat-lg: 0 match-sets in 0.00s
[Coarse] imw-xfeat-lg pair 13: dE=-18270.0 m dN=0.0 m (from-pair-11 (phasecorr disagreed), support=None, peak=0.09384612739086151) 
imw-xfeat-lg: Processing pair 13 from disk...
imw-xfeat-lg: 0 match-sets in 0.00s
[Coarse] imw-xfeat-lg pair 14: dE=-17955.0 m dN=-315.0 m (matcher@315m, support=404, peak=None) 
imw-xfeat-lg: Processing pair 14 from disk...
imw-xfeat-lg: 1 match-sets in 0.42s
[Coarse] imw-xfeat-lg pair 15: dE=-17955.0 m dN=-315.0 m (matcher@315m, support=821, peak=None) 
imw-xfeat-lg: Processing pair 15 from disk...
imw-xfeat-lg: 1 match-sets in 0.32s
[Coarse] imw-xfeat-lg pair 16: dE=-17955.0 m dN=-315.0 m (matcher@315m, support=714, peak=None) 
imw-xfeat-lg: Processing pair 16 from disk...
imw-xfeat-lg: 1 match-sets in 0.22s
[Coarse] imw-xfeat-lg pair 17: dE=-17955.0 m dN=-315.0 m (matcher@315m, support=888, peak=None) 
imw-xfeat-lg: Processing pair 17 from disk...
imw-xfeat-lg: 1 match-sets in 0.21s
[Coarse] imw-xfeat-lg pair 18: dE=-17955.0 m dN=-315.0 m (from-pair-25 (phasecorr disagreed), support=None, peak=0.06863816733713503) 
imw-xfeat-lg: Processing pair 18 from disk...
imw-xfeat-lg: 0 match-sets in 0.00s
[Coarse] imw-xfeat-lg pair 19: dE=-17955.0 m dN=-315.0 m (from-pair-25 (phasecorr disagreed), support=None, peak=0.15104582491848204) 
imw-xfeat-lg: Processing pair 19 from disk...
imw-xfeat-lg: 0 match-sets in 0.00s
[Coarse] imw-xfeat-lg pair 20: dE=-17955.0 m dN=-315.0 m (from-pair-19, support=None, peak=None) 
imw-xfeat-lg: Processing pair 20 from disk...
imw-xfeat-lg: 0 match-sets in 0.00s
[Coarse] imw-xfeat-lg pair 21: dE=-17955.0 m dN=-315.0 m (from-pair-25 (phasecorr disagreed), support=None, peak=0.036990950946454645) 
imw-xfeat-lg: Processing pair 21 from disk...
imw-xfeat-lg: 0 match-sets in 0.00s
[Coarse] imw-xfeat-lg pair 22: dE=-17640.0 m dN=-315.0 m (matcher@315m, support=392, peak=None) 
imw-xfeat-lg: Processing pair 22 from disk...
imw-xfeat-lg: 1 match-sets in 0.32s
[Coarse] imw-xfeat-lg pair 23: dE=-17640.0 m dN=-315.0 m (matcher@315m, support=388, peak=None) 
imw-xfeat-lg: Processing pair 23 from disk...
imw-xfeat-lg: 1 match-sets in 0.21s
[Coarse] imw-xfeat-lg pair 24: dE=-17955.0 m dN=-315.0 m (matcher@315m, support=338, peak=None) 
imw-xfeat-lg: Processing pair 24 from disk...
imw-xfeat-lg: 1 match-sets in 0.20s
[Coarse] imw-xfeat-lg pair 25: dE=-17955.0 m dN=-315.0 m (matcher@315m, support=483, peak=None) 
imw-xfeat-lg: Processing pair 25 from disk...
imw-xfeat-lg: 1 match-sets in 0.20s
[Coarse] imw-xfeat-lg pair 26: dE=-17640.0 m dN=-315.0 m (from-pair-27, support=None, peak=None) 
imw-xfeat-lg: Processing pair 26 from disk...
imw-xfeat-lg: 0 match-sets in 0.18s
[Coarse] imw-xfeat-lg pair 27: dE=-17640.0 m dN=-315.0 m (from-pair-23 (phasecorr disagreed), support=None, peak=0.05064041456057702) 
imw-xfeat-lg: Processing pair 27 from disk...
imw-xfeat-lg: 0 match-sets in 0.12s
Saved:
 CHIP_STATS_ALL.csv
 CHIP_STATS_SURVIVORS.csv
 CONSENSUS_SCORES.csv
 BEST_CHIP_SET.csv
 BEST_CHIP_MANIFEST.csv
 BEST_FINAL_SUMMARY.csv
[band1] imw-xfeat-lg ok in 0.2 min, peak GPU memory 0.6 of 39.4 GB
[imw-xfeat-lg] Model unloaded.
--------------------------------------------------------------------------------
[band1] Running imw-xfeat-dense
[imw-xfeat-dense] Loading model...
Using cache found in /maintenance/ICIGDev/GPUPOC/input/dqe/imw_runtime/imw_cache/torch/hub/verlab_accelerated_features_main
[Coarse] pair 6: no reliable coarse offset (matcher: no matches; phasecorr: {'dx': -15852.800158210905, 'dy': 18737.59796077822, 'support': None, 'n': None, 'peak': -0.0027571213742097218}); windows compared in place
[Coarse] pair 11: no reliable coarse offset (matcher: {'dx': -19115.706939697266, 'dy': 465.9246826171875, 'support': 5, 'n': 9, 'peak': None}; phasecorr: {'dx': -18107.733154651494, 'dy': -332.5590928480355, 'support': None, 'n': None, 'peak': 0.020898853179031604}); windows compared in place
[Coarse] pair 20: no reliable coarse offset (matcher: no matches; phasecorr: {'dx': -28903.23193639674, 'dy': -12953.216285335406, 'support': None, 'n': None, 'peak': 0.008737401829825507}); windows compared in place
[Coarse] pair 26: no reliable coarse offset (matcher: no matches; phasecorr: {'dx': -96306.08142606622, 'dy': -17142.367293993742, 'support': None, 'n': None, 'peak': 0.02253384519977334}); windows compared in place
[Coarse] pair 10: phase correlation gave dE=43169 m dN=-4147 m, 61.2 km from every offset the matcher measured; using pair 8's (dE=-17905 m dN=119 m)
[Coarse] pair 12: phase correlation gave dE=-1877 m dN=10017 m, 18.8 km from every offset the matcher measured; using pair 8's (dE=-17905 m dN=119 m)
[Coarse] pair 13: phase correlation gave dE=7584 m dN=8567 m, 26.9 km from every offset the matcher measured; using pair 8's (dE=-17905 m dN=119 m)
[Coarse] pair 18: phase correlation gave dE=744 m dN=-16615 m, 24.8 km from every offset the matcher measured; using pair 25's (dE=-18090 m dN=-348 m)
[Coarse] pair 19: phase correlation gave dE=11920 m dN=-17918 m, 34.7 km from every offset the matcher measured; using pair 25's (dE=-18090 m dN=-348 m)
[Coarse] pair 21: phase correlation gave dE=-11414 m dN=-17047 m, 17.9 km from every offset the matcher measured; using pair 25's (dE=-18090 m dN=-348 m)
[Coarse] pair 27: phase correlation gave dE=-97898 m dN=-6012 m, 79.6 km from every offset the matcher measured; using pair 23's (dE=-18069 m dN=-412 m)
[Coarse] imw-xfeat-dense pair 1: dE=-18338.9 m dN=-352.5 m (matcher@315m, support=45, peak=None) 
imw-xfeat-dense: Processing pair 1 from disk...
imw-xfeat-dense: 1 match-sets in 0.12s
[Coarse] imw-xfeat-dense pair 2: dE=-18220.7 m dN=257.5 m (matcher@315m, support=18, peak=None) 
imw-xfeat-dense: Processing pair 2 from disk...
imw-xfeat-dense: 1 match-sets in 0.06s
[Coarse] imw-xfeat-dense pair 3: dE=-18291.4 m dN=-533.6 m (matcher@315m, support=11, peak=None) 
imw-xfeat-dense: Processing pair 3 from disk...
imw-xfeat-dense: 1 match-sets in 0.06s
[Coarse] imw-xfeat-dense pair 4: dE=-18490.1 m dN=45.9 m (matcher@315m, support=8, peak=None) 
imw-xfeat-dense: Processing pair 4 from disk...
imw-xfeat-dense: 1 match-sets in 0.19s
[Coarse] imw-xfeat-dense pair 5: dE=-18497.3 m dN=31.9 m (matcher@315m, support=10, peak=None) 
imw-xfeat-dense: Processing pair 5 from disk...
imw-xfeat-dense: 1 match-sets in 0.08s
[Coarse] imw-xfeat-dense pair 6: dE=-18497.3 m dN=31.9 m (from-pair-5, support=None, peak=None) 
imw-xfeat-dense: Processing pair 6 from disk...
imw-xfeat-dense: 1 match-sets in 0.07s
[Coarse] imw-xfeat-dense pair 7: dE=-18153.3 m dN=-167.7 m (matcher@315m, support=44, peak=None) 
imw-xfeat-dense: Processing pair 7 from disk...
imw-xfeat-dense: 1 match-sets in 0.36s
[Coarse] imw-xfeat-dense pair 8: dE=-17904.9 m dN=118.6 m (matcher@315m, support=8, peak=None) 
imw-xfeat-dense: Processing pair 8 from disk...
imw-xfeat-dense: 1 match-sets in 0.35s
[Coarse] imw-xfeat-dense pair 9: dE=-17790.5 m dN=-428.0 m (phasecorr@315m, support=None, peak=0.031066529352914596) 
imw-xfeat-dense: Processing pair 9 from disk...
imw-xfeat-dense: 1 match-sets in 0.22s
[Coarse] imw-xfeat-dense pair 10: dE=-17904.9 m dN=118.6 m (from-pair-8 (phasecorr disagreed), support=None, peak=0.04791493653487985) 
imw-xfeat-dense: Processing pair 10 from disk...
imw-xfeat-dense: 1 match-sets in 0.32s
[Coarse] imw-xfeat-dense pair 11: dE=-17904.9 m dN=118.6 m (from-pair-10, support=None, peak=None) 
imw-xfeat-dense: Processing pair 11 from disk...
imw-xfeat-dense: 1 match-sets in 0.19s
[Coarse] imw-xfeat-dense pair 12: dE=-17904.9 m dN=118.6 m (from-pair-8 (phasecorr disagreed), support=None, peak=0.1047012765466431) 
imw-xfeat-dense: Processing pair 12 from disk...
imw-xfeat-dense: 0 match-sets in 0.00s
[Coarse] imw-xfeat-dense pair 13: dE=-17904.9 m dN=118.6 m (from-pair-8 (phasecorr disagreed), support=None, peak=0.09384612739086151) 
imw-xfeat-dense: Processing pair 13 from disk...
imw-xfeat-dense: 0 match-sets in 0.00s
[Coarse] imw-xfeat-dense pair 14: dE=-18167.1 m dN=272.6 m (matcher@315m, support=96, peak=None) 
imw-xfeat-dense: Processing pair 14 from disk...
imw-xfeat-dense: 1 match-sets in 0.34s
[Coarse] imw-xfeat-dense pair 15: dE=-18218.3 m dN=304.4 m (matcher@315m, support=251, peak=None) 
imw-xfeat-dense: Processing pair 15 from disk...
imw-xfeat-dense: 1 match-sets in 0.26s
[Coarse] imw-xfeat-dense pair 16: dE=-18282.5 m dN=-59.5 m (matcher@315m, support=162, peak=None) 
imw-xfeat-dense: Processing pair 16 from disk...
imw-xfeat-dense: 1 match-sets in 0.19s
[Coarse] imw-xfeat-dense pair 17: dE=-18316.9 m dN=-22.3 m (matcher@315m, support=309, peak=None) 
imw-xfeat-dense: Processing pair 17 from disk...
imw-xfeat-dense: 1 match-sets in 0.19s
[Coarse] imw-xfeat-dense pair 18: dE=-18089.9 m dN=-348.3 m (from-pair-25 (phasecorr disagreed), support=None, peak=0.06863816733713503) 
imw-xfeat-dense: Processing pair 18 from disk...
imw-xfeat-dense: 0 match-sets in 0.00s
[Coarse] imw-xfeat-dense pair 19: dE=-18089.9 m dN=-348.3 m (from-pair-25 (phasecorr disagreed), support=None, peak=0.15104582491848204) 
imw-xfeat-dense: Processing pair 19 from disk...
imw-xfeat-dense: 0 match-sets in 0.00s
[Coarse] imw-xfeat-dense pair 20: dE=-18089.9 m dN=-348.3 m (from-pair-19, support=None, peak=None) 
imw-xfeat-dense: Processing pair 20 from disk...
imw-xfeat-dense: 0 match-sets in 0.00s
[Coarse] imw-xfeat-dense pair 21: dE=-18089.9 m dN=-348.3 m (from-pair-25 (phasecorr disagreed), support=None, peak=0.036990950946454645) 
imw-xfeat-dense: Processing pair 21 from disk...
imw-xfeat-dense: 0 match-sets in 0.00s
[Coarse] imw-xfeat-dense pair 22: dE=-17984.7 m dN=-369.4 m (matcher@315m, support=28, peak=None) 
imw-xfeat-dense: Processing pair 22 from disk...
imw-xfeat-dense: 1 match-sets in 0.34s
[Coarse] imw-xfeat-dense pair 23: dE=-18068.8 m dN=-411.7 m (matcher@315m, support=28, peak=None) 
imw-xfeat-dense: Processing pair 23 from disk...
imw-xfeat-dense: 1 match-sets in 0.20s
[Coarse] imw-xfeat-dense pair 24: dE=-18167.6 m dN=-377.7 m (matcher@315m, support=27, peak=None) 
imw-xfeat-dense: Processing pair 24 from disk...
imw-xfeat-dense: 1 match-sets in 0.19s
[Coarse] imw-xfeat-dense pair 25: dE=-18089.9 m dN=-348.3 m (matcher@315m, support=52, peak=None) 
imw-xfeat-dense: Processing pair 25 from disk...
imw-xfeat-dense: 1 match-sets in 0.19s
[Coarse] imw-xfeat-dense pair 26: dE=-18068.8 m dN=-411.7 m (from-pair-27, support=None, peak=None) 
imw-xfeat-dense: Processing pair 26 from disk...
imw-xfeat-dense: 1 match-sets in 0.28s
[Coarse] imw-xfeat-dense pair 27: dE=-18068.8 m dN=-411.7 m (from-pair-23 (phasecorr disagreed), support=None, peak=0.05064041456057702) 
imw-xfeat-dense: Processing pair 27 from disk...
imw-xfeat-dense: 1 match-sets in 0.15s
Saved:
 CHIP_STATS_ALL.csv
 CHIP_STATS_SURVIVORS.csv
 CONSENSUS_SCORES.csv
 BEST_CHIP_SET.csv
 BEST_CHIP_MANIFEST.csv
 BEST_FINAL_SUMMARY.csv
[band1] imw-xfeat-dense ok in 0.2 min, peak GPU memory 2.2 of 39.4 GB
[imw-xfeat-dense] Model unloaded.
================================================================================
ALL CHANNELS COMPLETE
================================================================================
[Job] >>> win2688_nfauto: window 2688 px, 32000 keypoints per window (4429 per megapixel)
================================================================================
AUTOMATCH PIPELINE
================================================================================
              kind: raster
              name: cog
              path: /maintenance/ICIGDev/GPUPOC/input/dqe/g1a/267403461/input/cog.tif
          channels: ['band1', 'band2', 'band3']
       working_crs: PROJCS["unnamed",GEOGCS["WGS 84",DATUM["WGS_1984",SPHEROID["WGS 84",6378137,298.25722293287,AUTHORITY["EPSG","7030"]],AUTHORITY["EPSG","6326"]],PRIMEM["Greenwich",0],UNIT["degree",0.0174532925199433,AUTHORITY["EPSG","9122"]],AUTHORITY["EPSG","4326"]],PROJECTION["Lambert_Conformal_Conic_2SP"],PARAMETER["latitude_of_origin",15.383741091973],PARAMETER["central_meridian",74.7795684183937],PARAMETER["standard_parallel_1",15.7612595267751],PARAMETER["standard_parallel_2",15.0140763016093],PARAMETER["false_easting",0],PARAMETER["false_northing",0],UNIT["metre",1,AUTHORITY["EPSG","9001"]],AXIS["Easting",EAST],AXIS["Northing",NORTH]]
        source_crs: PROJCS["unnamed",GEOGCS["WGS 84",DATUM["WGS_1984",SPHEROID["WGS 84",6378137,298.25722293287,AUTHORITY["EPSG","7030"]],AUTHORITY["EPSG","6326"]],PRIMEM["Greenwich",0],UNIT["degree",0.0174532925199433,AUTHORITY["EPSG","9122"]],AUTHORITY["EPSG","4326"]],PROJECTION["Lambert_Conformal_Conic_2SP"],PARAMETER["latitude_of_origin",15.383741091973],PARAMETER["central_meridian",74.7795684183937],PARAMETER["standard_parallel_1",15.7612595267751],PARAMETER["standard_parallel_2",15.0140763016093],PARAMETER["false_easting",0],PARAMETER["false_northing",0],UNIT["metre",1,AUTHORITY["EPSG","9001"]],AXIS["Easting",EAST],AXIS["Northing",NORTH]]
        native_res: 315.0
 band_descriptions: {'band1': None, 'band2': None, 'band3': None}
      channels run: ['band1']
         detectors: ['sift', 'disk', 'dedode', 'keynet', 'dog', 'gftt', 'hessian', 'loftr', 'imw-sp-lg', 'imw-aliked-lg', 'imw-sp-sg', 'imw-sp-nn', 'imw-r2d2-nn', 'imw-rord-nn', 'imw-d2net-nn', 'imw-alike-nn', 'imw-sfd2-nn', 'imw-rdd-nn', 'imw-liftfeat-nn', 'imw-ripe-nn', 'imw-darkfeat-nn', 'imw-lanet-nn', 'imw-minima-loftr', 'imw-minima-roma', 'imw-xoftr', 'imw-omniglue', 'imw-gim-roma', 'imw-gim-dkm', 'imw-eloftr', 'imw-aspanformer', 'imw-topicfm', 'imw-roma', 'imw-dkm', 'imw-dad-roma', 'imw-rdd-dense', 'imw-xfeat-lg', 'imw-xfeat-dense']
--------------------------------------------------------------------------------
Running channel: band1
[Cache] All 27 pairs loaded from /maintenance/ICIGDev/GPUPOC/output/output335/_cache/cog/raster/band1_toL8Ref
--------------------------------------------------------------------------------
[band1] Running sift
SIFT: Initializing (rootsift=True, upright=True)...
sift: Initializing LightGlue {'filter_threshold': 0.1, 'depth_confidence': 0.95, 'width_confidence': 0.99}...
[LightGlue] kornia defaults put back (another model, e.g. imcui XFeat + LighterGlue, had replaced them)
Loaded LightGlue model
[Coarse] pair 3: no reliable coarse offset (matcher: {'dx': -18526.234375, 'dy': -580.8671875, 'support': 2, 'n': 3, 'peak': None}; phasecorr: {'dx': -16147.443677524008, 'dy': -26751.975000537102, 'support': None, 'n': None, 'peak': 0.00032880983234923565}); windows compared in place
[Coarse] pair 4: no reliable coarse offset (matcher: no matches; phasecorr: {'dx': 12882.472481301173, 'dy': 92621.70938170607, 'support': None, 'n': None, 'peak': -0.00012715039429841217}); windows compared in place
[Coarse] pair 5: no reliable coarse offset (matcher: no matches; phasecorr: {'dx': 3156.3479216096807, 'dy': 18300.67805989782, 'support': None, 'n': None, 'peak': 0.020832994549224774}); windows compared in place
[Coarse] pair 6: no reliable coarse offset (matcher: no matches; phasecorr: {'dx': -15852.800158210905, 'dy': 18737.59796077822, 'support': None, 'n': None, 'peak': -0.0027571213742097218}); windows compared in place
[Coarse] pair 11: no reliable coarse offset (matcher: {'dx': -18059.0625, 'dy': -172.3046875, 'support': 3, 'n': 3, 'peak': None}; phasecorr: {'dx': -18107.733154651494, 'dy': -332.5590928480355, 'support': None, 'n': None, 'peak': 0.020898853179031604}); windows compared in place
[Coarse] pair 20: no reliable coarse offset (matcher: no matches; phasecorr: {'dx': -28903.23193639674, 'dy': -12953.216285335406, 'support': None, 'n': None, 'peak': 0.008737401829825507}); windows compared in place
[Coarse] pair 26: no reliable coarse offset (matcher: no matches; phasecorr: {'dx': -96306.08142606622, 'dy': -17142.367293993742, 'support': None, 'n': None, 'peak': 0.02253384519977334}); windows compared in place
[Coarse] pair 2: phase correlation gave dE=-8934 m dN=5487 m, 10.5 km from every offset the matcher measured; using pair 9's (dE=-17955 m dN=-577 m)
[Coarse] pair 10: phase correlation gave dE=43169 m dN=-4147 m, 61.0 km from every offset the matcher measured; using pair 8's (dE=-17925 m dN=-389 m)
[Coarse] pair 12: phase correlation gave dE=-1877 m dN=10017 m, 18.9 km from every offset the matcher measured; using pair 8's (dE=-17925 m dN=-389 m)
[Coarse] pair 13: phase correlation gave dE=7584 m dN=8567 m, 26.8 km from every offset the matcher measured; using pair 8's (dE=-17925 m dN=-389 m)
[Coarse] pair 18: phase correlation gave dE=744 m dN=-16615 m, 24.5 km from every offset the matcher measured; using pair 25's (dE=-17851 m dN=-274 m)
[Coarse] pair 19: phase correlation gave dE=11920 m dN=-17918 m, 34.4 km from every offset the matcher measured; using pair 25's (dE=-17851 m dN=-274 m)
[Coarse] pair 21: phase correlation gave dE=-11414 m dN=-17047 m, 17.7 km from every offset the matcher measured; using pair 25's (dE=-17851 m dN=-274 m)
[Coarse] pair 27: phase correlation gave dE=-97898 m dN=-6012 m, 80.1 km from every offset the matcher measured; using pair 23's (dE=-17717 m dN=-269 m)
[Coarse] sift pair 1: dE=-18062.2 m dN=-904.8 m (phasecorr@315m, support=None, peak=0.03257782713572184) 
sift: Processing pair 1 from disk...
sift: 6 match-sets in 0.62s
[Coarse] sift pair 2: dE=-17955.0 m dN=-576.8 m (from-pair-9 (phasecorr disagreed), support=None, peak=0.03413578109976686) 
sift: Processing pair 2 from disk...
sift: 4 match-sets in 0.61s
[Coarse] sift pair 3: dE=-18062.2 m dN=-904.8 m (from-pair-1, support=None, peak=None) 
sift: Processing pair 3 from disk...
sift: 6 match-sets in 0.61s
[Coarse] sift pair 4: dE=-17955.0 m dN=-576.8 m (from-pair-2, support=None, peak=None) 
sift: Processing pair 4 from disk...
sift: 4 match-sets in 0.68s
[Coarse] sift pair 5: dE=-17955.0 m dN=-576.8 m (from-pair-2, support=None, peak=None) 
sift: Processing pair 5 from disk...
sift: 4 match-sets in 0.68s
[Coarse] sift pair 6: dE=-17955.0 m dN=-576.8 m (from-pair-2, support=None, peak=None) 
sift: Processing pair 6 from disk...
sift: 3 match-sets in 0.62s
[Coarse] sift pair 7: dE=-17818.6 m dN=-576.2 m (matcher@315m, support=16, peak=None) 
sift: Processing pair 7 from disk...
sift: 6 match-sets in 1.57s
[Coarse] sift pair 8: dE=-17925.3 m dN=-389.3 m (matcher@315m, support=11, peak=None) 
sift: Processing pair 8 from disk...
sift: 6 match-sets in 1.60s
[Coarse] sift pair 9: dE=-17955.0 m dN=-576.8 m (matcher@315m, support=23, peak=None) 
sift: Processing pair 9 from disk...
sift: 6 match-sets in 1.58s
[Coarse] sift pair 10: dE=-17925.3 m dN=-389.3 m (from-pair-8 (phasecorr disagreed), support=None, peak=0.04791493653487985) 
sift: Processing pair 10 from disk...
sift: 5 match-sets in 1.23s
[Coarse] sift pair 11: dE=-17925.3 m dN=-389.3 m (from-pair-10, support=None, peak=None) 
sift: Processing pair 11 from disk...
sift: 6 match-sets in 1.13s
[Coarse] sift pair 12: dE=-17925.3 m dN=-389.3 m (from-pair-8 (phasecorr disagreed), support=None, peak=0.1047012765466431) 
sift: Processing pair 12 from disk...
sift: 0 match-sets in 0.00s
[Coarse] sift pair 13: dE=-17925.3 m dN=-389.3 m (from-pair-8 (phasecorr disagreed), support=None, peak=0.09384612739086151) 
sift: Processing pair 13 from disk...
sift: 0 match-sets in 0.00s
[Coarse] sift pair 14: dE=-17911.1 m dN=-247.3 m (matcher@315m, support=158, peak=None) 
sift: Processing pair 14 from disk...
sift: 6 match-sets in 1.69s
[Coarse] sift pair 15: dE=-17926.6 m dN=-263.8 m (matcher@315m, support=288, peak=None) 
sift: Processing pair 15 from disk...
sift: 6 match-sets in 1.05s
[Coarse] sift pair 16: dE=-17955.0 m dN=-99.8 m (matcher@315m, support=119, peak=None) 
sift: Processing pair 16 from disk...
sift: 6 match-sets in 1.27s
[Coarse] sift pair 17: dE=-17955.0 m dN=-315.0 m (matcher@315m, support=269, peak=None) 
sift: Processing pair 17 from disk...
sift: 7 match-sets in 0.84s
[Coarse] sift pair 18: dE=-17851.4 m dN=-274.3 m (from-pair-25 (phasecorr disagreed), support=None, peak=0.06863816733713503) 
sift: Processing pair 18 from disk...
sift: 0 match-sets in 0.00s
[Coarse] sift pair 19: dE=-17851.4 m dN=-274.3 m (from-pair-25 (phasecorr disagreed), support=None, peak=0.15104582491848204) 
sift: Processing pair 19 from disk...
sift: 0 match-sets in 0.00s
[Coarse] sift pair 20: dE=-17851.4 m dN=-274.3 m (from-pair-19, support=None, peak=None) 
sift: Processing pair 20 from disk...
sift: 0 match-sets in 0.00s
[Coarse] sift pair 21: dE=-17851.4 m dN=-274.3 m (from-pair-25 (phasecorr disagreed), support=None, peak=0.036990950946454645) 
sift: Processing pair 21 from disk...
sift: 0 match-sets in 0.00s
[Coarse] sift pair 22: dE=-17792.1 m dN=-234.1 m (matcher@315m, support=60, peak=None) 
sift: Processing pair 22 from disk...
sift: 7 match-sets in 1.49s
[Coarse] sift pair 23: dE=-17717.1 m dN=-268.8 m (matcher@315m, support=66, peak=None) 
sift: Processing pair 23 from disk...
sift: 6 match-sets in 1.39s
[Coarse] sift pair 24: dE=-17796.0 m dN=-268.5 m (matcher@315m, support=88, peak=None) 
sift: Processing pair 24 from disk...
sift: 7 match-sets in 0.88s
[Coarse] sift pair 25: dE=-17851.4 m dN=-274.3 m (matcher@315m, support=101, peak=None) 
sift: Processing pair 25 from disk...
sift: 6 match-sets in 0.94s
[Coarse] sift pair 26: dE=-17717.1 m dN=-268.8 m (from-pair-27, support=None, peak=None) 
sift: Processing pair 26 from disk...
sift: 5 match-sets in 0.96s
[Coarse] sift pair 27: dE=-17717.1 m dN=-268.8 m (from-pair-23 (phasecorr disagreed), support=None, peak=0.05064041456057702) 
sift: Processing pair 27 from disk...
sift: 6 match-sets in 0.96s
Saved:
 CHIP_STATS_ALL.csv
 CHIP_STATS_SURVIVORS.csv
 CONSENSUS_SCORES.csv
 BEST_CHIP_SET.csv
 BEST_CHIP_MANIFEST.csv
 BEST_FINAL_SUMMARY.csv
[band1] sift ok in 0.7 min, peak GPU memory 1.7 of 39.4 GB
--------------------------------------------------------------------------------
[band1] Running disk_depth
DISK: Loading depth model...
disk: Initializing LightGlue {'filter_threshold': 0.1, 'depth_confidence': 0.95, 'width_confidence': 0.99}...
Loaded LightGlue model
[Coarse] pair 3: no reliable coarse offset (matcher: no matches; phasecorr: {'dx': -16147.443677524008, 'dy': -26751.975000537102, 'support': None, 'n': None, 'peak': 0.00032880983234923565}); windows compared in place
[Coarse] pair 4: no reliable coarse offset (matcher: {'dx': -18112.5, 'dy': -315.0, 'support': 4, 'n': 4, 'peak': None}; phasecorr: {'dx': 12882.472481301173, 'dy': 92621.70938170607, 'support': None, 'n': None, 'peak': -0.00012715039429841217}); windows compared in place
[Coarse] pair 5: no reliable coarse offset (matcher: {'dx': -17797.5, 'dy': -315.0, 'support': 4, 'n': 4, 'peak': None}; phasecorr: {'dx': 3156.3479216096807, 'dy': 18300.67805989782, 'support': None, 'n': None, 'peak': 0.020832994549224774}); windows compared in place
[Coarse] pair 6: no reliable coarse offset (matcher: no matches; phasecorr: {'dx': -15852.800158210905, 'dy': 18737.59796077822, 'support': None, 'n': None, 'peak': -0.0027571213742097218}); windows compared in place
[Coarse] pair 11: no reliable coarse offset (matcher: no matches; phasecorr: {'dx': -18107.733154651494, 'dy': -332.5590928480355, 'support': None, 'n': None, 'peak': 0.020898853179031604}); windows compared in place
[Coarse] pair 20: no reliable coarse offset (matcher: no matches; phasecorr: {'dx': -28903.23193639674, 'dy': -12953.216285335406, 'support': None, 'n': None, 'peak': 0.008737401829825507}); windows compared in place
[Coarse] pair 26: no reliable coarse offset (matcher: no matches; phasecorr: {'dx': -96306.08142606622, 'dy': -17142.367293993742, 'support': None, 'n': None, 'peak': 0.02253384519977334}); windows compared in place
[Coarse] pair 2: phase correlation gave dE=-8934 m dN=5487 m, 10.5 km from every offset the matcher measured; using pair 1's (dE=-17955 m dN=-630 m)
[Coarse] pair 10: phase correlation gave dE=43169 m dN=-4147 m, 60.9 km from every offset the matcher measured; using pair 8's (dE=-17955 m dN=-630 m)
[Coarse] pair 12: phase correlation gave dE=-1877 m dN=10017 m, 18.8 km from every offset the matcher measured; using pair 8's (dE=-17955 m dN=-630 m)
[Coarse] pair 13: phase correlation gave dE=7584 m dN=8567 m, 26.7 km from every offset the matcher measured; using pair 8's (dE=-17955 m dN=-630 m)
[Coarse] pair 18: phase correlation gave dE=744 m dN=-16615 m, 24.6 km from every offset the matcher measured; using pair 25's (dE=-17955 m dN=-315 m)
[Coarse] pair 19: phase correlation gave dE=11920 m dN=-17918 m, 34.4 km from every offset the matcher measured; using pair 25's (dE=-17955 m dN=-315 m)
[Coarse] pair 21: phase correlation gave dE=-11414 m dN=-17047 m, 17.7 km from every offset the matcher measured; using pair 25's (dE=-17955 m dN=-315 m)
[Coarse] pair 27: phase correlation gave dE=-97898 m dN=-6012 m, 80.1 km from every offset the matcher measured; using pair 23's (dE=-17640 m dN=-315 m)
[Coarse] disk_depth pair 1: dE=-17955.0 m dN=-630.0 m (matcher@315m, support=22, peak=None) 
disk_depth: Processing pair 1 from disk...
disk_depth: 7 match-sets in 0.39s
[Coarse] disk_depth pair 2: dE=-17955.0 m dN=-630.0 m (from-pair-1 (phasecorr disagreed), support=None, peak=0.03413578109976686) 
disk_depth: Processing pair 2 from disk...
disk_depth: 6 match-sets in 0.40s
[Coarse] disk_depth pair 3: dE=-17955.0 m dN=-630.0 m (from-pair-1, support=None, peak=None) 
disk_depth: Processing pair 3 from disk...
disk_depth: 5 match-sets in 0.30s
[Coarse] disk_depth pair 4: dE=-17955.0 m dN=-630.0 m (from-pair-2, support=None, peak=None) 
disk_depth: Processing pair 4 from disk...
disk_depth: 7 match-sets in 0.46s
[Coarse] disk_depth pair 5: dE=-17955.0 m dN=-630.0 m (from-pair-2, support=None, peak=None) 
disk_depth: Processing pair 5 from disk...
disk_depth: 7 match-sets in 0.46s
[Coarse] disk_depth pair 6: dE=-17955.0 m dN=-630.0 m (from-pair-2, support=None, peak=None) 
disk_depth: Processing pair 6 from disk...
disk_depth: 5 match-sets in 0.34s
[Coarse] disk_depth pair 7: dE=-17955.0 m dN=-630.0 m (matcher@315m, support=45, peak=None) 
disk_depth: Processing pair 7 from disk...
disk_depth: 7 match-sets in 1.27s
[Coarse] disk_depth pair 8: dE=-17955.0 m dN=-630.0 m (matcher@315m, support=12, peak=None) 
disk_depth: Processing pair 8 from disk...
disk_depth: 7 match-sets in 1.28s
[Coarse] disk_depth pair 9: dE=-17955.0 m dN=-630.0 m (matcher@315m, support=46, peak=None) 
disk_depth: Processing pair 9 from disk...
disk_depth: 7 match-sets in 1.10s
[Coarse] disk_depth pair 10: dE=-17955.0 m dN=-630.0 m (from-pair-8 (phasecorr disagreed), support=None, peak=0.04791493653487985) 
disk_depth: Processing pair 10 from disk...
disk_depth: 5 match-sets in 1.07s
[Coarse] disk_depth pair 11: dE=-17955.0 m dN=-630.0 m (from-pair-10, support=None, peak=None) 
disk_depth: Processing pair 11 from disk...
disk_depth: 5 match-sets in 0.94s
[Coarse] disk_depth pair 12: dE=-17955.0 m dN=-630.0 m (from-pair-8 (phasecorr disagreed), support=None, peak=0.1047012765466431) 
disk_depth: Processing pair 12 from disk...
disk_depth: 0 match-sets in 0.00s
[Coarse] disk_depth pair 13: dE=-17955.0 m dN=-630.0 m (from-pair-8 (phasecorr disagreed), support=None, peak=0.09384612739086151) 
disk_depth: Processing pair 13 from disk...
disk_depth: 0 match-sets in 0.00s
[Coarse] disk_depth pair 14: dE=-17955.0 m dN=-315.0 m (matcher@315m, support=321, peak=None) 
disk_depth: Processing pair 14 from disk...
disk_depth: 7 match-sets in 1.71s
[Coarse] disk_depth pair 15: dE=-17955.0 m dN=-315.0 m (matcher@315m, support=545, peak=None) 
disk_depth: Processing pair 15 from disk...
disk_depth: 7 match-sets in 1.55s
[Coarse] disk_depth pair 16: dE=-17955.0 m dN=-315.0 m (matcher@315m, support=291, peak=None) 
disk_depth: Processing pair 16 from disk...
disk_depth: 7 match-sets in 1.10s
[Coarse] disk_depth pair 17: dE=-17955.0 m dN=-315.0 m (matcher@315m, support=560, peak=None) 
disk_depth: Processing pair 17 from disk...
disk_depth: 7 match-sets in 1.11s
[Coarse] disk_depth pair 18: dE=-17955.0 m dN=-315.0 m (from-pair-25 (phasecorr disagreed), support=None, peak=0.06863816733713503) 
disk_depth: Processing pair 18 from disk...
disk_depth: 0 match-sets in 0.00s
[Coarse] disk_depth pair 19: dE=-17955.0 m dN=-315.0 m (from-pair-25 (phasecorr disagreed), support=None, peak=0.15104582491848204) 
disk_depth: Processing pair 19 from disk...
disk_depth: 0 match-sets in 0.00s
[Coarse] disk_depth pair 20: dE=-17955.0 m dN=-315.0 m (from-pair-19, support=None, peak=None) 
disk_depth: Processing pair 20 from disk...
disk_depth: 0 match-sets in 0.00s
[Coarse] disk_depth pair 21: dE=-17955.0 m dN=-315.0 m (from-pair-25 (phasecorr disagreed), support=None, peak=0.036990950946454645) 
disk_depth: Processing pair 21 from disk...
disk_depth: 0 match-sets in 0.00s
[Coarse] disk_depth pair 22: dE=-17640.0 m dN=-315.0 m (matcher@315m, support=56, peak=None) 
disk_depth: Processing pair 22 from disk...
disk_depth: 7 match-sets in 1.26s
[Coarse] disk_depth pair 23: dE=-17640.0 m dN=-315.0 m (matcher@315m, support=70, peak=None) 
disk_depth: Processing pair 23 from disk...
disk_depth: 7 match-sets in 1.07s
[Coarse] disk_depth pair 24: dE=-17955.0 m dN=-315.0 m (matcher@315m, support=257, peak=None) 
disk_depth: Processing pair 24 from disk...
disk_depth: 7 match-sets in 1.09s
[Coarse] disk_depth pair 25: dE=-17955.0 m dN=-315.0 m (matcher@315m, support=112, peak=None) 
disk_depth: Processing pair 25 from disk...
disk_depth: 7 match-sets in 1.10s
[Coarse] disk_depth pair 26: dE=-17640.0 m dN=-315.0 m (from-pair-27, support=None, peak=None) 
disk_depth: Processing pair 26 from disk...
disk_depth: 4 match-sets in 0.86s
[Coarse] disk_depth pair 27: dE=-17640.0 m dN=-315.0 m (from-pair-23 (phasecorr disagreed), support=None, peak=0.05064041456057702) 
disk_depth: Processing pair 27 from disk...
disk_depth: 4 match-sets in 0.73s
Saved:
 CHIP_STATS_ALL.csv
 CHIP_STATS_SURVIVORS.csv
 CONSENSUS_SCORES.csv
 BEST_CHIP_SET.csv
 BEST_CHIP_MANIFEST.csv
 BEST_FINAL_SUMMARY.csv
[band1] disk_depth ok in 0.5 min, peak GPU memory 12.9 of 39.4 GB
--------------------------------------------------------------------------------
[band1] Running disk_epipolar
DISK: Loading epipolar model...
disk: Initializing LightGlue {'filter_threshold': 0.1, 'depth_confidence': 0.95, 'width_confidence': 0.99}...
Loaded LightGlue model
[Coarse] pair 3: no reliable coarse offset (matcher: {'dx': -18270.0, 'dy': -630.0, 'support': 5, 'n': 5, 'peak': None}; phasecorr: {'dx': -16147.443677524008, 'dy': -26751.975000537102, 'support': None, 'n': None, 'peak': 0.00032880983234923565}); windows compared in place
[Coarse] pair 6: no reliable coarse offset (matcher: {'dx': -18585.0, 'dy': -315.0, 'support': 3, 'n': 3, 'peak': None}; phasecorr: {'dx': -15852.800158210905, 'dy': 18737.59796077822, 'support': None, 'n': None, 'peak': -0.0027571213742097218}); windows compared in place
[Coarse] pair 20: no reliable coarse offset (matcher: no matches; phasecorr: {'dx': -28903.23193639674, 'dy': -12953.216285335406, 'support': None, 'n': None, 'peak': 0.008737401829825507}); windows compared in place
[Coarse] pair 26: no reliable coarse offset (matcher: no matches; phasecorr: {'dx': -96306.08142606622, 'dy': -17142.367293993742, 'support': None, 'n': None, 'peak': 0.02253384519977334}); windows compared in place
[Coarse] pair 10: phase correlation gave dE=43169 m dN=-4147 m, 60.9 km from every offset the matcher measured; using pair 11's (dE=-17955 m dN=-315 m)
[Coarse] pair 12: phase correlation gave dE=-1877 m dN=10017 m, 18.8 km from every offset the matcher measured; using pair 8's (dE=-17955 m dN=-630 m)
[Coarse] pair 13: phase correlation gave dE=7584 m dN=8567 m, 26.7 km from every offset the matcher measured; using pair 8's (dE=-17955 m dN=-630 m)
[Coarse] pair 18: phase correlation gave dE=744 m dN=-16615 m, 24.6 km from every offset the matcher measured; using pair 25's (dE=-17640 m dN=-315 m)
[Coarse] pair 19: phase correlation gave dE=11920 m dN=-17918 m, 34.4 km from every offset the matcher measured; using pair 25's (dE=-17640 m dN=-315 m)
[Coarse] pair 21: phase correlation gave dE=-11414 m dN=-17047 m, 17.7 km from every offset the matcher measured; using pair 25's (dE=-17640 m dN=-315 m)
[Coarse] pair 27: phase correlation gave dE=-97898 m dN=-6012 m, 80.1 km from every offset the matcher measured; using pair 23's (dE=-17640 m dN=-315 m)
[Coarse] disk_epipolar pair 1: dE=-17955.0 m dN=-630.0 m (matcher@315m, support=37, peak=None) 
disk_epipolar: Processing pair 1 from disk...
disk_epipolar: 7 match-sets in 0.30s
[Coarse] disk_epipolar pair 2: dE=-17955.0 m dN=-630.0 m (matcher@315m, support=15, peak=None) 
disk_epipolar: Processing pair 2 from disk...
disk_epipolar: 7 match-sets in 0.30s
[Coarse] disk_epipolar pair 3: dE=-17955.0 m dN=-630.0 m (from-pair-1, support=None, peak=None) 
disk_epipolar: Processing pair 3 from disk...
disk_epipolar: 4 match-sets in 0.29s
[Coarse] disk_epipolar pair 4: dE=-17955.0 m dN=-630.0 m (matcher@315m, support=18, peak=None) 
disk_epipolar: Processing pair 4 from disk...
disk_epipolar: 7 match-sets in 0.36s
[Coarse] disk_epipolar pair 5: dE=-17955.0 m dN=-630.0 m (matcher@315m, support=13, peak=None) 
disk_epipolar: Processing pair 5 from disk...
disk_epipolar: 6 match-sets in 0.35s
[Coarse] disk_epipolar pair 6: dE=-17955.0 m dN=-630.0 m (from-pair-5, support=None, peak=None) 
disk_epipolar: Processing pair 6 from disk...
disk_epipolar: 5 match-sets in 0.35s
[Coarse] disk_epipolar pair 7: dE=-17955.0 m dN=-630.0 m (matcher@315m, support=64, peak=None) 
disk_epipolar: Processing pair 7 from disk...
disk_epipolar: 6 match-sets in 1.14s
[Coarse] disk_epipolar pair 8: dE=-17955.0 m dN=-630.0 m (matcher@315m, support=17, peak=None) 
disk_epipolar: Processing pair 8 from disk...
disk_epipolar: 6 match-sets in 1.16s
[Coarse] disk_epipolar pair 9: dE=-17955.0 m dN=-630.0 m (matcher@315m, support=89, peak=None) 
disk_epipolar: Processing pair 9 from disk...
disk_epipolar: 6 match-sets in 1.12s
[Coarse] disk_epipolar pair 10: dE=-17955.0 m dN=-315.0 m (from-pair-11 (phasecorr disagreed), support=None, peak=0.04791493653487985) 
disk_epipolar: Processing pair 10 from disk...
disk_epipolar: 4 match-sets in 0.97s
[Coarse] disk_epipolar pair 11: dE=-17955.0 m dN=-315.0 m (matcher@315m, support=14, peak=None) 
disk_epipolar: Processing pair 11 from disk...
disk_epipolar: 4 match-sets in 0.97s
[Coarse] disk_epipolar pair 12: dE=-17955.0 m dN=-630.0 m (from-pair-8 (phasecorr disagreed), support=None, peak=0.1047012765466431) 
disk_epipolar: Processing pair 12 from disk...
disk_epipolar: 0 match-sets in 0.00s
[Coarse] disk_epipolar pair 13: dE=-17955.0 m dN=-630.0 m (from-pair-8 (phasecorr disagreed), support=None, peak=0.09384612739086151) 
disk_epipolar: Processing pair 13 from disk...
disk_epipolar: 0 match-sets in 0.00s
[Coarse] disk_epipolar pair 14: dE=-17955.0 m dN=-315.0 m (matcher@315m, support=288, peak=None) 
disk_epipolar: Processing pair 14 from disk...
disk_epipolar: 6 match-sets in 1.54s
[Coarse] disk_epipolar pair 15: dE=-17955.0 m dN=-315.0 m (matcher@315m, support=486, peak=None) 
disk_epipolar: Processing pair 15 from disk...
disk_epipolar: 6 match-sets in 1.52s
[Coarse] disk_epipolar pair 16: dE=-17955.0 m dN=-315.0 m (matcher@315m, support=374, peak=None) 
disk_epipolar: Processing pair 16 from disk...
disk_epipolar: 7 match-sets in 1.10s
[Coarse] disk_epipolar pair 17: dE=-17955.0 m dN=-315.0 m (matcher@315m, support=524, peak=None) 
disk_epipolar: Processing pair 17 from disk...
disk_epipolar: 7 match-sets in 1.14s
[Coarse] disk_epipolar pair 18: dE=-17640.0 m dN=-315.0 m (from-pair-25 (phasecorr disagreed), support=None, peak=0.06863816733713503) 
disk_epipolar: Processing pair 18 from disk...
disk_epipolar: 0 match-sets in 0.00s
[Coarse] disk_epipolar pair 19: dE=-17640.0 m dN=-315.0 m (from-pair-25 (phasecorr disagreed), support=None, peak=0.15104582491848204) 
disk_epipolar: Processing pair 19 from disk...
disk_epipolar: 0 match-sets in 0.00s
[Coarse] disk_epipolar pair 20: dE=-17640.0 m dN=-315.0 m (from-pair-19, support=None, peak=None) 
disk_epipolar: Processing pair 20 from disk...
disk_epipolar: 0 match-sets in 0.00s
[Coarse] disk_epipolar pair 21: dE=-17640.0 m dN=-315.0 m (from-pair-25 (phasecorr disagreed), support=None, peak=0.036990950946454645) 
disk_epipolar: Processing pair 21 from disk...
disk_epipolar: 0 match-sets in 0.00s
[Coarse] disk_epipolar pair 22: dE=-17640.0 m dN=-315.0 m (matcher@315m, support=154, peak=None) 
disk_epipolar: Processing pair 22 from disk...
disk_epipolar: 6 match-sets in 1.12s
[Coarse] disk_epipolar pair 23: dE=-17640.0 m dN=-315.0 m (matcher@315m, support=162, peak=None) 
disk_epipolar: Processing pair 23 from disk...
disk_epipolar: 6 match-sets in 1.11s
[Coarse] disk_epipolar pair 24: dE=-17640.0 m dN=-315.0 m (matcher@315m, support=234, peak=None) 
disk_epipolar: Processing pair 24 from disk...
disk_epipolar: 7 match-sets in 1.12s
[Coarse] disk_epipolar pair 25: dE=-17640.0 m dN=-315.0 m (matcher@315m, support=231, peak=None) 
disk_epipolar: Processing pair 25 from disk...
disk_epipolar: 6 match-sets in 1.11s
[Coarse] disk_epipolar pair 26: dE=-17640.0 m dN=-315.0 m (from-pair-27, support=None, peak=None) 
disk_epipolar: Processing pair 26 from disk...
disk_epipolar: 5 match-sets in 0.76s
[Coarse] disk_epipolar pair 27: dE=-17640.0 m dN=-315.0 m (from-pair-23 (phasecorr disagreed), support=None, peak=0.05064041456057702) 
disk_epipolar: Processing pair 27 from disk...
disk_epipolar: 5 match-sets in 0.76s
Saved:
 CHIP_STATS_ALL.csv
 CHIP_STATS_SURVIVORS.csv
 CONSENSUS_SCORES.csv
 BEST_CHIP_SET.csv
 BEST_CHIP_MANIFEST.csv
 BEST_FINAL_SUMMARY.csv
[band1] disk_epipolar ok in 0.4 min, peak GPU memory 0.8 of 39.4 GB
--------------------------------------------------------------------------------
[band1] Running dedode_L-upright_B-upright
DeDoDe: Loading L-upright/B-upright...
dedode: Initializing LightGlue {'filter_threshold': 0.1, 'depth_confidence': 0.95, 'width_confidence': 0.99}...
Loaded LightGlue model
[Coarse] pair 3: no reliable coarse offset (matcher: no matches; phasecorr: {'dx': -16147.443677524008, 'dy': -26751.975000537102, 'support': None, 'n': None, 'peak': 0.00032880983234923565}); windows compared in place
[Coarse] pair 4: no reliable coarse offset (matcher: no matches; phasecorr: {'dx': 12882.472481301173, 'dy': 92621.70938170607, 'support': None, 'n': None, 'peak': -0.00012715039429841217}); windows compared in place
[Coarse] pair 5: no reliable coarse offset (matcher: no matches; phasecorr: {'dx': 3156.3479216096807, 'dy': 18300.67805989782, 'support': None, 'n': None, 'peak': 0.020832994549224774}); windows compared in place
[Coarse] pair 6: no reliable coarse offset (matcher: no matches; phasecorr: {'dx': -15852.800158210905, 'dy': 18737.59796077822, 'support': None, 'n': None, 'peak': -0.0027571213742097218}); windows compared in place
[Coarse] pair 7: no reliable coarse offset (matcher: no matches; phasecorr: {'dx': -17660.72648465004, 'dy': -478.5174601560547, 'support': None, 'n': None, 'peak': 0.0218074359204816}); windows compared in place
[Coarse] pair 8: no reliable coarse offset (matcher: no matches; phasecorr: {'dx': -18002.059573769864, 'dy': -489.60497923140906, 'support': None, 'n': None, 'peak': 0.011968647486368816}); windows compared in place
[Coarse] pair 11: no reliable coarse offset (matcher: no matches; phasecorr: {'dx': -18107.733154651494, 'dy': -332.5590928480355, 'support': None, 'n': None, 'peak': 0.020898853179031604}); windows compared in place
[Coarse] pair 20: no reliable coarse offset (matcher: no matches; phasecorr: {'dx': -28903.23193639674, 'dy': -12953.216285335406, 'support': None, 'n': None, 'peak': 0.008737401829825507}); windows compared in place
[Coarse] pair 26: no reliable coarse offset (matcher: no matches; phasecorr: {'dx': -96306.08142606622, 'dy': -17142.367293993742, 'support': None, 'n': None, 'peak': 0.02253384519977334}); windows compared in place
[Coarse] pair 2: phase correlation gave dE=-8934 m dN=5487 m, 10.9 km from every offset the matcher measured; using pair 14's (dE=-17955 m dN=-630 m)
[Coarse] pair 10: phase correlation gave dE=43169 m dN=-4147 m, 61.2 km from every offset the matcher measured; using pair 14's (dE=-17955 m dN=-630 m)
[Coarse] pair 12: phase correlation gave dE=-1877 m dN=10017 m, 19.3 km from every offset the matcher measured; using pair 14's (dE=-17955 m dN=-630 m)
[Coarse] pair 13: phase correlation gave dE=7584 m dN=8567 m, 27.1 km from every offset the matcher measured; using pair 14's (dE=-17955 m dN=-630 m)
[Coarse] pair 18: phase correlation gave dE=744 m dN=-16615 m, 24.6 km from every offset the matcher measured; using pair 15's (dE=-17955 m dN=-630 m)
[Coarse] pair 19: phase correlation gave dE=11920 m dN=-17918 m, 34.5 km from every offset the matcher measured; using pair 15's (dE=-17955 m dN=-630 m)
[Coarse] pair 21: phase correlation gave dE=-11414 m dN=-17047 m, 17.7 km from every offset the matcher measured; using pair 15's (dE=-17955 m dN=-630 m)
[Coarse] pair 27: phase correlation gave dE=-97898 m dN=-6012 m, 80.1 km from every offset the matcher measured; using pair 15's (dE=-17955 m dN=-630 m)
[Coarse] dedode_L-upright_B-upright pair 1: dE=-18062.2 m dN=-904.8 m (phasecorr@315m, support=None, peak=0.03257782713572184) 
dedode_L-upright_B-upright: Processing pair 1 from disk...
dedode_L-upright_B-upright: 7 match-sets in 4.42s
[Coarse] dedode_L-upright_B-upright pair 2: dE=-17955.0 m dN=-630.0 m (from-pair-14 (phasecorr disagreed), support=None, peak=0.03413578109976686) 
dedode_L-upright_B-upright: Processing pair 2 from disk...
dedode_L-upright_B-upright: 5 match-sets in 0.58s
[Coarse] dedode_L-upright_B-upright pair 3: dE=-18062.2 m dN=-904.8 m (from-pair-1, support=None, peak=None) 
dedode_L-upright_B-upright: Processing pair 3 from disk...
dedode_L-upright_B-upright: 5 match-sets in 0.55s
[Coarse] dedode_L-upright_B-upright pair 4: dE=-17955.0 m dN=-630.0 m (from-pair-2, support=None, peak=None) 
dedode_L-upright_B-upright: Processing pair 4 from disk...
dedode_L-upright_B-upright: 5 match-sets in 4.07s
[Coarse] dedode_L-upright_B-upright pair 5: dE=-17955.0 m dN=-630.0 m (from-pair-2, support=None, peak=None) 
dedode_L-upright_B-upright: Processing pair 5 from disk...
dedode_L-upright_B-upright: 6 match-sets in 4.05s
[Coarse] dedode_L-upright_B-upright pair 6: dE=-17955.0 m dN=-630.0 m (from-pair-2, support=None, peak=None) 
dedode_L-upright_B-upright: Processing pair 6 from disk...
dedode_L-upright_B-upright: 5 match-sets in 0.62s
[Coarse] dedode_L-upright_B-upright pair 7: dE=-17790.5 m dN=-428.0 m (from-pair-9, support=None, peak=None) 
dedode_L-upright_B-upright: Processing pair 7 from disk...
dedode_L-upright_B-upright: 6 match-sets in 7.85s
[Coarse] dedode_L-upright_B-upright pair 8: dE=-17790.5 m dN=-428.0 m (from-pair-9, support=None, peak=None) 
dedode_L-upright_B-upright: Processing pair 8 from disk...
dedode_L-upright_B-upright: 5 match-sets in 8.31s
[Coarse] dedode_L-upright_B-upright pair 9: dE=-17790.5 m dN=-428.0 m (phasecorr@315m, support=None, peak=0.031066529352914596) 
dedode_L-upright_B-upright: Processing pair 9 from disk...
dedode_L-upright_B-upright: 5 match-sets in 2.00s
[Coarse] dedode_L-upright_B-upright pair 10: dE=-17955.0 m dN=-630.0 m (from-pair-14 (phasecorr disagreed), support=None, peak=0.04791493653487985) 
dedode_L-upright_B-upright: Processing pair 10 from disk...
dedode_L-upright_B-upright: 5 match-sets in 8.12s
[Coarse] dedode_L-upright_B-upright pair 11: dE=-17955.0 m dN=-630.0 m (from-pair-10, support=None, peak=None) 
dedode_L-upright_B-upright: Processing pair 11 from disk...
dedode_L-upright_B-upright: 5 match-sets in 1.62s
[Coarse] dedode_L-upright_B-upright pair 12: dE=-17955.0 m dN=-630.0 m (from-pair-14 (phasecorr disagreed), support=None, peak=0.1047012765466431) 
dedode_L-upright_B-upright: Processing pair 12 from disk...
dedode_L-upright_B-upright: 0 match-sets in 0.00s
[Coarse] dedode_L-upright_B-upright pair 13: dE=-17955.0 m dN=-630.0 m (from-pair-14 (phasecorr disagreed), support=None, peak=0.09384612739086151) 
dedode_L-upright_B-upright: Processing pair 13 from disk...
dedode_L-upright_B-upright: 0 match-sets in 0.00s
[Coarse] dedode_L-upright_B-upright pair 14: dE=-17955.0 m dN=-630.0 m (matcher@315m, support=9, peak=None) 
dedode_L-upright_B-upright: Processing pair 14 from disk...
dedode_L-upright_B-upright: 7 match-sets in 8.87s
[Coarse] dedode_L-upright_B-upright pair 15: dE=-17955.0 m dN=-630.0 m (matcher@315m, support=14, peak=None) 
dedode_L-upright_B-upright: Processing pair 15 from disk...
dedode_L-upright_B-upright: 7 match-sets in 2.65s
[Coarse] dedode_L-upright_B-upright pair 16: dE=-18113.0 m dN=-129.2 m (phasecorr@315m, support=None, peak=0.054434785683949785) 
dedode_L-upright_B-upright: Processing pair 16 from disk...
dedode_L-upright_B-upright: 7 match-sets in 1.81s
[Coarse] dedode_L-upright_B-upright pair 17: dE=-18272.3 m dN=-53.0 m (phasecorr@315m, support=None, peak=0.05276745311419169) 
dedode_L-upright_B-upright: Processing pair 17 from disk...
dedode_L-upright_B-upright: 7 match-sets in 1.78s
[Coarse] dedode_L-upright_B-upright pair 18: dE=-17955.0 m dN=-630.0 m (from-pair-15 (phasecorr disagreed), support=None, peak=0.06863816733713503) 
dedode_L-upright_B-upright: Processing pair 18 from disk...
dedode_L-upright_B-upright: 0 match-sets in 0.00s
[Coarse] dedode_L-upright_B-upright pair 19: dE=-17955.0 m dN=-630.0 m (from-pair-15 (phasecorr disagreed), support=None, peak=0.15104582491848204) 
dedode_L-upright_B-upright: Processing pair 19 from disk...
dedode_L-upright_B-upright: 0 match-sets in 0.00s
[Coarse] dedode_L-upright_B-upright pair 20: dE=-17955.0 m dN=-630.0 m (from-pair-19, support=None, peak=None) 
dedode_L-upright_B-upright: Processing pair 20 from disk...
dedode_L-upright_B-upright: 0 match-sets in 0.00s
[Coarse] dedode_L-upright_B-upright pair 21: dE=-17955.0 m dN=-630.0 m (from-pair-15 (phasecorr disagreed), support=None, peak=0.036990950946454645) 
dedode_L-upright_B-upright: Processing pair 21 from disk...
dedode_L-upright_B-upright: 0 match-sets in 0.00s
[Coarse] dedode_L-upright_B-upright pair 22: dE=-17882.3 m dN=-311.5 m (phasecorr@315m, support=None, peak=0.12721613845825194) 
dedode_L-upright_B-upright: Processing pair 22 from disk...
dedode_L-upright_B-upright: 5 match-sets in 7.80s
[Coarse] dedode_L-upright_B-upright pair 23: dE=-17911.9 m dN=-326.6 m (phasecorr@315m, support=None, peak=0.12881409482955933) 
dedode_L-upright_B-upright: Processing pair 23 from disk...
dedode_L-upright_B-upright: 5 match-sets in 1.87s
[Coarse] dedode_L-upright_B-upright pair 24: dE=-17928.8 m dN=-415.6 m (phasecorr@315m, support=None, peak=0.035175936365127565) 
dedode_L-upright_B-upright: Processing pair 24 from disk...
dedode_L-upright_B-upright: 6 match-sets in 1.87s
[Coarse] dedode_L-upright_B-upright pair 25: dE=-17844.2 m dN=-348.0 m (phasecorr@315m, support=None, peak=0.15328786741892497) 
dedode_L-upright_B-upright: Processing pair 25 from disk...
dedode_L-upright_B-upright: 5 match-sets in 1.91s
[Coarse] dedode_L-upright_B-upright pair 26: dE=-17955.0 m dN=-630.0 m (from-pair-27, support=None, peak=None) 
dedode_L-upright_B-upright: Processing pair 26 from disk...
dedode_L-upright_B-upright: 5 match-sets in 5.02s
[Coarse] dedode_L-upright_B-upright pair 27: dE=-17955.0 m dN=-630.0 m (from-pair-15 (phasecorr disagreed), support=None, peak=0.05064041456057702) 
dedode_L-upright_B-upright: Processing pair 27 from disk...
dedode_L-upright_B-upright: 4 match-sets in 1.12s
Saved:
 CHIP_STATS_ALL.csv
 CHIP_STATS_SURVIVORS.csv
 CONSENSUS_SCORES.csv
 BEST_CHIP_SET.csv
 BEST_CHIP_MANIFEST.csv
 BEST_FINAL_SUMMARY.csv
[band1] dedode_L-upright_B-upright ok in 3.4 min, peak GPU memory 32.9 of 39.4 GB
--------------------------------------------------------------------------------
[band1] Running dedode_L-upright_B-C4
DeDoDe: Loading L-upright/B-C4...
dedode: Initializing LightGlue {'filter_threshold': 0.1, 'depth_confidence': 0.95, 'width_confidence': 0.99}...
Loaded LightGlue model
[Coarse] pair 3: no reliable coarse offset (matcher: no matches; phasecorr: {'dx': -16147.443677524008, 'dy': -26751.975000537102, 'support': None, 'n': None, 'peak': 0.00032880983234923565}); windows compared in place
[Coarse] pair 4: no reliable coarse offset (matcher: no matches; phasecorr: {'dx': 12882.472481301173, 'dy': 92621.70938170607, 'support': None, 'n': None, 'peak': -0.00012715039429841217}); windows compared in place
[Coarse] pair 5: no reliable coarse offset (matcher: no matches; phasecorr: {'dx': 3156.3479216096807, 'dy': 18300.67805989782, 'support': None, 'n': None, 'peak': 0.020832994549224774}); windows compared in place
[Coarse] pair 6: no reliable coarse offset (matcher: no matches; phasecorr: {'dx': -15852.800158210905, 'dy': 18737.59796077822, 'support': None, 'n': None, 'peak': -0.0027571213742097218}); windows compared in place
[Coarse] pair 7: no reliable coarse offset (matcher: no matches; phasecorr: {'dx': -17660.72648465004, 'dy': -478.5174601560547, 'support': None, 'n': None, 'peak': 0.0218074359204816}); windows compared in place
[Coarse] pair 8: no reliable coarse offset (matcher: no matches; phasecorr: {'dx': -18002.059573769864, 'dy': -489.60497923140906, 'support': None, 'n': None, 'peak': 0.011968647486368816}); windows compared in place
[Coarse] pair 11: no reliable coarse offset (matcher: no matches; phasecorr: {'dx': -18107.733154651494, 'dy': -332.5590928480355, 'support': None, 'n': None, 'peak': 0.020898853179031604}); windows compared in place
[Coarse] pair 20: no reliable coarse offset (matcher: no matches; phasecorr: {'dx': -28903.23193639674, 'dy': -12953.216285335406, 'support': None, 'n': None, 'peak': 0.008737401829825507}); windows compared in place
[Coarse] pair 26: no reliable coarse offset (matcher: no matches; phasecorr: {'dx': -96306.08142606622, 'dy': -17142.367293993742, 'support': None, 'n': None, 'peak': 0.02253384519977334}); windows compared in place
[Coarse] pair 2: phase correlation gave dE=-8934 m dN=5487 m, 10.3 km from every offset the matcher measured; using pair 14's (dE=-17798 m dN=-630 m)
[Coarse] pair 10: phase correlation gave dE=43169 m dN=-4147 m, 60.9 km from every offset the matcher measured; using pair 14's (dE=-17798 m dN=-630 m)
[Coarse] pair 12: phase correlation gave dE=-1877 m dN=10017 m, 18.7 km from every offset the matcher measured; using pair 14's (dE=-17798 m dN=-630 m)
[Coarse] pair 13: phase correlation gave dE=7584 m dN=8567 m, 26.6 km from every offset the matcher measured; using pair 14's (dE=-17798 m dN=-630 m)
[Coarse] pair 18: phase correlation gave dE=744 m dN=-16615 m, 24.4 km from every offset the matcher measured; using pair 15's (dE=-17640 m dN=-630 m)
[Coarse] pair 19: phase correlation gave dE=11920 m dN=-17918 m, 34.2 km from every offset the matcher measured; using pair 15's (dE=-17640 m dN=-630 m)
[Coarse] pair 21: phase correlation gave dE=-11414 m dN=-17047 m, 17.6 km from every offset the matcher measured; using pair 15's (dE=-17640 m dN=-630 m)
[Coarse] pair 27: phase correlation gave dE=-97898 m dN=-6012 m, 80.3 km from every offset the matcher measured; using pair 17's (dE=-17640 m dN=0 m)
[Coarse] dedode_L-upright_B-C4 pair 1: dE=-18062.2 m dN=-904.8 m (phasecorr@315m, support=None, peak=0.03257782713572184) 
dedode_L-upright_B-C4: Processing pair 1 from disk...
dedode_L-upright_B-C4: 6 match-sets in 0.51s
[Coarse] dedode_L-upright_B-C4 pair 2: dE=-17797.5 m dN=-630.0 m (from-pair-14 (phasecorr disagreed), support=None, peak=0.03413578109976686) 
dedode_L-upright_B-C4: Processing pair 2 from disk...
dedode_L-upright_B-C4: 5 match-sets in 0.52s
[Coarse] dedode_L-upright_B-C4 pair 3: dE=-18062.2 m dN=-904.8 m (from-pair-1, support=None, peak=None) 
dedode_L-upright_B-C4: Processing pair 3 from disk...
dedode_L-upright_B-C4: 5 match-sets in 0.51s
[Coarse] dedode_L-upright_B-C4 pair 4: dE=-17797.5 m dN=-630.0 m (from-pair-2, support=None, peak=None) 
dedode_L-upright_B-C4: Processing pair 4 from disk...
dedode_L-upright_B-C4: 5 match-sets in 0.58s
[Coarse] dedode_L-upright_B-C4 pair 5: dE=-17797.5 m dN=-630.0 m (from-pair-2, support=None, peak=None) 
dedode_L-upright_B-C4: Processing pair 5 from disk...
dedode_L-upright_B-C4: 5 match-sets in 0.57s
[Coarse] dedode_L-upright_B-C4 pair 6: dE=-17797.5 m dN=-630.0 m (from-pair-2, support=None, peak=None) 
dedode_L-upright_B-C4: Processing pair 6 from disk...
dedode_L-upright_B-C4: 4 match-sets in 0.57s
[Coarse] dedode_L-upright_B-C4 pair 7: dE=-17790.5 m dN=-428.0 m (from-pair-9, support=None, peak=None) 
dedode_L-upright_B-C4: Processing pair 7 from disk...
dedode_L-upright_B-C4: 5 match-sets in 1.92s
[Coarse] dedode_L-upright_B-C4 pair 8: dE=-17790.5 m dN=-428.0 m (from-pair-9, support=None, peak=None) 
dedode_L-upright_B-C4: Processing pair 8 from disk...
dedode_L-upright_B-C4: 6 match-sets in 1.99s
[Coarse] dedode_L-upright_B-C4 pair 9: dE=-17790.5 m dN=-428.0 m (phasecorr@315m, support=None, peak=0.031066529352914596) 
dedode_L-upright_B-C4: Processing pair 9 from disk...
dedode_L-upright_B-C4: 5 match-sets in 1.91s
[Coarse] dedode_L-upright_B-C4 pair 10: dE=-17797.5 m dN=-630.0 m (from-pair-14 (phasecorr disagreed), support=None, peak=0.04791493653487985) 
dedode_L-upright_B-C4: Processing pair 10 from disk...
dedode_L-upright_B-C4: 4 match-sets in 1.55s
[Coarse] dedode_L-upright_B-C4 pair 11: dE=-17797.5 m dN=-630.0 m (from-pair-10, support=None, peak=None) 
dedode_L-upright_B-C4: Processing pair 11 from disk...
dedode_L-upright_B-C4: 4 match-sets in 1.55s
[Coarse] dedode_L-upright_B-C4 pair 12: dE=-17797.5 m dN=-630.0 m (from-pair-14 (phasecorr disagreed), support=None, peak=0.1047012765466431) 
dedode_L-upright_B-C4: Processing pair 12 from disk...
dedode_L-upright_B-C4: 0 match-sets in 0.00s
[Coarse] dedode_L-upright_B-C4 pair 13: dE=-17797.5 m dN=-630.0 m (from-pair-14 (phasecorr disagreed), support=None, peak=0.09384612739086151) 
dedode_L-upright_B-C4: Processing pair 13 from disk...
dedode_L-upright_B-C4: 0 match-sets in 0.00s
[Coarse] dedode_L-upright_B-C4 pair 14: dE=-17797.5 m dN=-630.0 m (matcher@315m, support=10, peak=None) 
dedode_L-upright_B-C4: Processing pair 14 from disk...
dedode_L-upright_B-C4: 7 match-sets in 2.57s
[Coarse] dedode_L-upright_B-C4 pair 15: dE=-17640.0 m dN=-630.0 m (matcher@315m, support=11, peak=None) 
dedode_L-upright_B-C4: Processing pair 15 from disk...
dedode_L-upright_B-C4: 7 match-sets in 2.59s
[Coarse] dedode_L-upright_B-C4 pair 16: dE=-17640.0 m dN=0.0 m (matcher@315m, support=9, peak=None) 
dedode_L-upright_B-C4: Processing pair 16 from disk...
dedode_L-upright_B-C4: 7 match-sets in 1.82s
[Coarse] dedode_L-upright_B-C4 pair 17: dE=-17640.0 m dN=0.0 m (matcher@315m, support=11, peak=None) 
dedode_L-upright_B-C4: Processing pair 17 from disk...
dedode_L-upright_B-C4: 7 match-sets in 1.73s
[Coarse] dedode_L-upright_B-C4 pair 18: dE=-17640.0 m dN=-630.0 m (from-pair-15 (phasecorr disagreed), support=None, peak=0.06863816733713503) 
dedode_L-upright_B-C4: Processing pair 18 from disk...
dedode_L-upright_B-C4: 0 match-sets in 0.00s
[Coarse] dedode_L-upright_B-C4 pair 19: dE=-17640.0 m dN=-630.0 m (from-pair-15 (phasecorr disagreed), support=None, peak=0.15104582491848204) 
dedode_L-upright_B-C4: Processing pair 19 from disk...
dedode_L-upright_B-C4: 0 match-sets in 0.00s
[Coarse] dedode_L-upright_B-C4 pair 20: dE=-17640.0 m dN=-630.0 m (from-pair-19, support=None, peak=None) 
dedode_L-upright_B-C4: Processing pair 20 from disk...
dedode_L-upright_B-C4: 0 match-sets in 0.00s
[Coarse] dedode_L-upright_B-C4 pair 21: dE=-17640.0 m dN=-630.0 m (from-pair-15 (phasecorr disagreed), support=None, peak=0.036990950946454645) 
dedode_L-upright_B-C4: Processing pair 21 from disk...
dedode_L-upright_B-C4: 0 match-sets in 0.00s
[Coarse] dedode_L-upright_B-C4 pair 22: dE=-17882.3 m dN=-311.5 m (phasecorr@315m, support=None, peak=0.12721613845825194) 
dedode_L-upright_B-C4: Processing pair 22 from disk...
dedode_L-upright_B-C4: 5 match-sets in 1.85s
[Coarse] dedode_L-upright_B-C4 pair 23: dE=-17911.9 m dN=-326.6 m (phasecorr@315m, support=None, peak=0.12881409482955933) 
dedode_L-upright_B-C4: Processing pair 23 from disk...
dedode_L-upright_B-C4: 5 match-sets in 1.87s
[Coarse] dedode_L-upright_B-C4 pair 24: dE=-17928.8 m dN=-415.6 m (phasecorr@315m, support=None, peak=0.035175936365127565) 
dedode_L-upright_B-C4: Processing pair 24 from disk...
dedode_L-upright_B-C4: 6 match-sets in 1.88s
[Coarse] dedode_L-upright_B-C4 pair 25: dE=-17844.2 m dN=-348.0 m (phasecorr@315m, support=None, peak=0.15328786741892497) 
dedode_L-upright_B-C4: Processing pair 25 from disk...
dedode_L-upright_B-C4: 6 match-sets in 1.86s
[Coarse] dedode_L-upright_B-C4 pair 26: dE=-17640.0 m dN=0.0 m (from-pair-27, support=None, peak=None) 
dedode_L-upright_B-C4: Processing pair 26 from disk...
dedode_L-upright_B-C4: 4 match-sets in 1.16s
[Coarse] dedode_L-upright_B-C4 pair 27: dE=-17640.0 m dN=0.0 m (from-pair-17 (phasecorr disagreed), support=None, peak=0.05064041456057702) 
dedode_L-upright_B-C4: Processing pair 27 from disk...
dedode_L-upright_B-C4: 4 match-sets in 4.83s
Saved:
 CHIP_STATS_ALL.csv
 CHIP_STATS_SURVIVORS.csv
 CONSENSUS_SCORES.csv
 BEST_CHIP_SET.csv
 BEST_CHIP_MANIFEST.csv
 BEST_FINAL_SUMMARY.csv
[band1] dedode_L-upright_B-C4 ok in 1.0 min, peak GPU memory 16.6 of 39.4 GB
--------------------------------------------------------------------------------
[band1] Running dedode_L-upright_G-C4
DeDoDe: Loading L-upright/G-C4...
dedode: Initializing LightGlue {'filter_threshold': 0.1, 'depth_confidence': 0.95, 'width_confidence': 0.99}...
Loaded LightGlue model
[Coarse] pair 3: no reliable coarse offset (matcher: no matches; phasecorr: {'dx': -16147.443677524008, 'dy': -26751.975000537102, 'support': None, 'n': None, 'peak': 0.00032880983234923565}); windows compared in place
[Coarse] pair 4: no reliable coarse offset (matcher: no matches; phasecorr: {'dx': 12882.472481301173, 'dy': 92621.70938170607, 'support': None, 'n': None, 'peak': -0.00012715039429841217}); windows compared in place
[Coarse] pair 5: no reliable coarse offset (matcher: no matches; phasecorr: {'dx': 3156.3479216096807, 'dy': 18300.67805989782, 'support': None, 'n': None, 'peak': 0.020832994549224774}); windows compared in place
[Coarse] pair 6: no reliable coarse offset (matcher: no matches; phasecorr: {'dx': -15852.800158210905, 'dy': 18737.59796077822, 'support': None, 'n': None, 'peak': -0.0027571213742097218}); windows compared in place
[Coarse] pair 7: no reliable coarse offset (matcher: no matches; phasecorr: {'dx': -17660.72648465004, 'dy': -478.5174601560547, 'support': None, 'n': None, 'peak': 0.0218074359204816}); windows compared in place
[Coarse] pair 8: no reliable coarse offset (matcher: no matches; phasecorr: {'dx': -18002.059573769864, 'dy': -489.60497923140906, 'support': None, 'n': None, 'peak': 0.011968647486368816}); windows compared in place
[Coarse] pair 11: no reliable coarse offset (matcher: no matches; phasecorr: {'dx': -18107.733154651494, 'dy': -332.5590928480355, 'support': None, 'n': None, 'peak': 0.020898853179031604}); windows compared in place
[Coarse] pair 20: no reliable coarse offset (matcher: no matches; phasecorr: {'dx': -28903.23193639674, 'dy': -12953.216285335406, 'support': None, 'n': None, 'peak': 0.008737401829825507}); windows compared in place
[Coarse] pair 26: no reliable coarse offset (matcher: no matches; phasecorr: {'dx': -96306.08142606622, 'dy': -17142.367293993742, 'support': None, 'n': None, 'peak': 0.02253384519977334}); windows compared in place
[Coarse] WARNING: dedode_L-upright_G-C4: the pairs' coarse offsets differ by up to 141 km, more than one image moves from place to place. Pairs with a wrong offset match the wrong ground (the chip consensus drops them when they are few); if most pairs disagree, check the input's pixel size and window size.
[Coarse] dedode_L-upright_G-C4 pair 1: dE=-18062.2 m dN=-904.8 m (phasecorr@315m, support=None, peak=0.03257782713572184) 
dedode_L-upright_G-C4: Processing pair 1 from disk...
dedode_L-upright_G-C4: 5 match-sets in 1.16s
[Coarse] dedode_L-upright_G-C4 pair 2: dE=-8933.5 m dN=5486.9 m (phasecorr@315m, support=None, peak=0.03413578109976686) 
dedode_L-upright_G-C4: Processing pair 2 from disk...
dedode_L-upright_G-C4: 6 match-sets in 5.00s
[Coarse] dedode_L-upright_G-C4 pair 3: dE=-18062.2 m dN=-904.8 m (from-pair-1, support=None, peak=None) 
dedode_L-upright_G-C4: Processing pair 3 from disk...
dedode_L-upright_G-C4: 5 match-sets in 0.70s
[Coarse] dedode_L-upright_G-C4 pair 4: dE=-8933.5 m dN=5486.9 m (from-pair-2, support=None, peak=None) 
dedode_L-upright_G-C4: Processing pair 4 from disk...
dedode_L-upright_G-C4: 5 match-sets in 5.00s
[Coarse] dedode_L-upright_G-C4 pair 5: dE=-8933.5 m dN=5486.9 m (from-pair-2, support=None, peak=None) 
dedode_L-upright_G-C4: Processing pair 5 from disk...
dedode_L-upright_G-C4: 5 match-sets in 5.01s
[Coarse] dedode_L-upright_G-C4 pair 6: dE=-8933.5 m dN=5486.9 m (from-pair-2, support=None, peak=None) 
dedode_L-upright_G-C4: Processing pair 6 from disk...
dedode_L-upright_G-C4: 5 match-sets in 0.77s
[Coarse] dedode_L-upright_G-C4 pair 7: dE=-17790.5 m dN=-428.0 m (from-pair-9, support=None, peak=None) 
dedode_L-upright_G-C4: Processing pair 7 from disk...
dedode_L-upright_G-C4: 5 match-sets in 3.71s
[Coarse] dedode_L-upright_G-C4 pair 8: dE=-17790.5 m dN=-428.0 m (from-pair-9, support=None, peak=None) 
dedode_L-upright_G-C4: Processing pair 8 from disk...
dedode_L-upright_G-C4: 5 match-sets in 3.95s
[Coarse] dedode_L-upright_G-C4 pair 9: dE=-17790.5 m dN=-428.0 m (phasecorr@315m, support=None, peak=0.031066529352914596) 
dedode_L-upright_G-C4: Processing pair 9 from disk...
dedode_L-upright_G-C4: 5 match-sets in 2.81s
[Coarse] dedode_L-upright_G-C4 pair 10: dE=43169.1 m dN=-4146.8 m (phasecorr@315m, support=None, peak=0.04791493653487985) 
dedode_L-upright_G-C4: Processing pair 10 from disk...
dedode_L-upright_G-C4: 5 match-sets in 9.27s
[Coarse] dedode_L-upright_G-C4 pair 11: dE=43169.1 m dN=-4146.8 m (from-pair-10, support=None, peak=None) 
dedode_L-upright_G-C4: Processing pair 11 from disk...
dedode_L-upright_G-C4: 5 match-sets in 9.19s
[Coarse] dedode_L-upright_G-C4 pair 12: dE=-1877.4 m dN=10017.4 m (phasecorr@315m, support=None, peak=0.1047012765466431) 
dedode_L-upright_G-C4: Processing pair 12 from disk...
dedode_L-upright_G-C4: 0 match-sets in 0.00s
[Coarse] dedode_L-upright_G-C4 pair 13: dE=7584.5 m dN=8567.1 m (phasecorr@315m, support=None, peak=0.09384612739086151) 
dedode_L-upright_G-C4: Processing pair 13 from disk...
dedode_L-upright_G-C4: 0 match-sets in 0.00s
[Coarse] dedode_L-upright_G-C4 pair 14: dE=-18039.9 m dN=-308.2 m (phasecorr@315m, support=None, peak=0.04961982255158601) 
dedode_L-upright_G-C4: Processing pair 14 from disk...
dedode_L-upright_G-C4: 5 match-sets in 4.69s
[Coarse] dedode_L-upright_G-C4 pair 15: dE=-18033.6 m dN=-269.1 m (phasecorr@315m, support=None, peak=0.0587093012491862) 
dedode_L-upright_G-C4: Processing pair 15 from disk...
dedode_L-upright_G-C4: 7 match-sets in 3.66s
[Coarse] dedode_L-upright_G-C4 pair 16: dE=-18113.0 m dN=-129.2 m (phasecorr@315m, support=None, peak=0.054434785683949785) 
dedode_L-upright_G-C4: Processing pair 16 from disk...
dedode_L-upright_G-C4: 5 match-sets in 3.66s
[Coarse] dedode_L-upright_G-C4 pair 17: dE=-18272.3 m dN=-53.0 m (phasecorr@315m, support=None, peak=0.05276745311419169) 
dedode_L-upright_G-C4: Processing pair 17 from disk...
dedode_L-upright_G-C4: 6 match-sets in 2.39s
[Coarse] dedode_L-upright_G-C4 pair 18: dE=744.1 m dN=-16614.6 m (phasecorr@315m, support=None, peak=0.06863816733713503) 
dedode_L-upright_G-C4: Processing pair 18 from disk...
dedode_L-upright_G-C4: 0 match-sets in 0.00s
[Coarse] dedode_L-upright_G-C4 pair 19: dE=11920.5 m dN=-17918.4 m (phasecorr@315m, support=None, peak=0.15104582491848204) 
dedode_L-upright_G-C4: Processing pair 19 from disk...
dedode_L-upright_G-C4: 0 match-sets in 0.00s
[Coarse] dedode_L-upright_G-C4 pair 20: dE=11920.5 m dN=-17918.4 m (from-pair-19, support=None, peak=None) 
dedode_L-upright_G-C4: Processing pair 20 from disk...
dedode_L-upright_G-C4: 0 match-sets in 0.00s
[Coarse] dedode_L-upright_G-C4 pair 21: dE=-11413.6 m dN=-17047.1 m (phasecorr@315m, support=None, peak=0.036990950946454645) 
dedode_L-upright_G-C4: Processing pair 21 from disk...
dedode_L-upright_G-C4: 0 match-sets in 0.00s
[Coarse] dedode_L-upright_G-C4 pair 22: dE=-17882.3 m dN=-311.5 m (phasecorr@315m, support=None, peak=0.12721613845825194) 
dedode_L-upright_G-C4: Processing pair 22 from disk...
dedode_L-upright_G-C4: 4 match-sets in 3.63s
[Coarse] dedode_L-upright_G-C4 pair 23: dE=-17911.9 m dN=-326.6 m (phasecorr@315m, support=None, peak=0.12881409482955933) 
dedode_L-upright_G-C4: Processing pair 23 from disk...
dedode_L-upright_G-C4: 6 match-sets in 2.75s
[Coarse] dedode_L-upright_G-C4 pair 24: dE=-17928.8 m dN=-415.6 m (phasecorr@315m, support=None, peak=0.035175936365127565) 
dedode_L-upright_G-C4: Processing pair 24 from disk...
dedode_L-upright_G-C4: 5 match-sets in 2.71s
[Coarse] dedode_L-upright_G-C4 pair 25: dE=-17844.2 m dN=-348.0 m (phasecorr@315m, support=None, peak=0.15328786741892497) 
dedode_L-upright_G-C4: Processing pair 25 from disk...
dedode_L-upright_G-C4: 5 match-sets in 2.72s
[Coarse] dedode_L-upright_G-C4 pair 26: dE=-97897.6 m dN=-6011.8 m (from-pair-27, support=None, peak=None) 
dedode_L-upright_G-C4: Processing pair 26 from disk...
dedode_L-upright_G-C4: 4 match-sets in 5.95s
[Coarse] dedode_L-upright_G-C4 pair 27: dE=-97897.6 m dN=-6011.8 m (phasecorr@315m, support=None, peak=0.05064041456057702) 
dedode_L-upright_G-C4: Processing pair 27 from disk...
dedode_L-upright_G-C4: 4 match-sets in 1.98s
Saved:
 CHIP_STATS_ALL.csv
 CHIP_STATS_SURVIVORS.csv
 CONSENSUS_SCORES.csv
 BEST_CHIP_SET.csv
 BEST_CHIP_MANIFEST.csv
 BEST_FINAL_SUMMARY.csv
[band1] dedode_L-upright_G-C4 ok in 2.1 min, peak GPU memory 33.5 of 39.4 GB
--------------------------------------------------------------------------------
[band1] Running dedode_L-C4_B-upright
DeDoDe: Loading L-C4/B-upright...
dedode: Initializing LightGlue {'filter_threshold': 0.1, 'depth_confidence': 0.95, 'width_confidence': 0.99}...
Loaded LightGlue model
[Coarse] pair 3: no reliable coarse offset (matcher: no matches; phasecorr: {'dx': -16147.443677524008, 'dy': -26751.975000537102, 'support': None, 'n': None, 'peak': 0.00032880983234923565}); windows compared in place
[Coarse] pair 4: no reliable coarse offset (matcher: no matches; phasecorr: {'dx': 12882.472481301173, 'dy': 92621.70938170607, 'support': None, 'n': None, 'peak': -0.00012715039429841217}); windows compared in place
[Coarse] pair 5: no reliable coarse offset (matcher: no matches; phasecorr: {'dx': 3156.3479216096807, 'dy': 18300.67805989782, 'support': None, 'n': None, 'peak': 0.020832994549224774}); windows compared in place
[Coarse] pair 6: no reliable coarse offset (matcher: no matches; phasecorr: {'dx': -15852.800158210905, 'dy': 18737.59796077822, 'support': None, 'n': None, 'peak': -0.0027571213742097218}); windows compared in place
[Coarse] pair 7: no reliable coarse offset (matcher: no matches; phasecorr: {'dx': -17660.72648465004, 'dy': -478.5174601560547, 'support': None, 'n': None, 'peak': 0.0218074359204816}); windows compared in place
[Coarse] pair 8: no reliable coarse offset (matcher: no matches; phasecorr: {'dx': -18002.059573769864, 'dy': -489.60497923140906, 'support': None, 'n': None, 'peak': 0.011968647486368816}); windows compared in place
[Coarse] pair 11: no reliable coarse offset (matcher: no matches; phasecorr: {'dx': -18107.733154651494, 'dy': -332.5590928480355, 'support': None, 'n': None, 'peak': 0.020898853179031604}); windows compared in place
[Coarse] pair 20: no reliable coarse offset (matcher: no matches; phasecorr: {'dx': -28903.23193639674, 'dy': -12953.216285335406, 'support': None, 'n': None, 'peak': 0.008737401829825507}); windows compared in place
[Coarse] pair 26: no reliable coarse offset (matcher: no matches; phasecorr: {'dx': -96306.08142606622, 'dy': -17142.367293993742, 'support': None, 'n': None, 'peak': 0.02253384519977334}); windows compared in place
[Coarse] pair 2: phase correlation gave dE=-8934 m dN=5487 m, 10.4 km from every offset the matcher measured; using pair 14's (dE=-17640 m dN=-630 m)
[Coarse] pair 10: phase correlation gave dE=43169 m dN=-4147 m, 60.9 km from every offset the matcher measured; using pair 14's (dE=-17640 m dN=-630 m)
[Coarse] pair 12: phase correlation gave dE=-1877 m dN=10017 m, 18.8 km from every offset the matcher measured; using pair 14's (dE=-17640 m dN=-630 m)
[Coarse] pair 13: phase correlation gave dE=7584 m dN=8567 m, 26.7 km from every offset the matcher measured; using pair 14's (dE=-17640 m dN=-630 m)
[Coarse] pair 18: phase correlation gave dE=744 m dN=-16615 m, 24.4 km from every offset the matcher measured; using pair 15's (dE=-17955 m dN=-630 m)
[Coarse] pair 19: phase correlation gave dE=11920 m dN=-17918 m, 34.2 km from every offset the matcher measured; using pair 15's (dE=-17955 m dN=-630 m)
[Coarse] pair 21: phase correlation gave dE=-11414 m dN=-17047 m, 17.6 km from every offset the matcher measured; using pair 15's (dE=-17955 m dN=-630 m)
[Coarse] pair 27: phase correlation gave dE=-97898 m dN=-6012 m, 80.1 km from every offset the matcher measured; using pair 17's (dE=-17640 m dN=-157 m)
[Coarse] dedode_L-C4_B-upright pair 1: dE=-18062.2 m dN=-904.8 m (phasecorr@315m, support=None, peak=0.03257782713572184) 
dedode_L-C4_B-upright: Processing pair 1 from disk...
dedode_L-C4_B-upright: 5 match-sets in 0.51s
[Coarse] dedode_L-C4_B-upright pair 2: dE=-17640.0 m dN=-630.0 m (from-pair-14 (phasecorr disagreed), support=None, peak=0.03413578109976686) 
dedode_L-C4_B-upright: Processing pair 2 from disk...
dedode_L-C4_B-upright: 5 match-sets in 0.52s
[Coarse] dedode_L-C4_B-upright pair 3: dE=-18062.2 m dN=-904.8 m (from-pair-1, support=None, peak=None) 
dedode_L-C4_B-upright: Processing pair 3 from disk...
dedode_L-C4_B-upright: 5 match-sets in 0.51s
[Coarse] dedode_L-C4_B-upright pair 4: dE=-17640.0 m dN=-630.0 m (from-pair-2, support=None, peak=None) 
dedode_L-C4_B-upright: Processing pair 4 from disk...
dedode_L-C4_B-upright: 5 match-sets in 0.58s
[Coarse] dedode_L-C4_B-upright pair 5: dE=-17640.0 m dN=-630.0 m (from-pair-2, support=None, peak=None) 
dedode_L-C4_B-upright: Processing pair 5 from disk...
dedode_L-C4_B-upright: 5 match-sets in 0.57s
[Coarse] dedode_L-C4_B-upright pair 6: dE=-17640.0 m dN=-630.0 m (from-pair-2, support=None, peak=None) 
dedode_L-C4_B-upright: Processing pair 6 from disk...
dedode_L-C4_B-upright: 5 match-sets in 0.57s
[Coarse] dedode_L-C4_B-upright pair 7: dE=-17790.5 m dN=-428.0 m (from-pair-9, support=None, peak=None) 
dedode_L-C4_B-upright: Processing pair 7 from disk...
dedode_L-C4_B-upright: 5 match-sets in 1.96s
[Coarse] dedode_L-C4_B-upright pair 8: dE=-17790.5 m dN=-428.0 m (from-pair-9, support=None, peak=None) 
dedode_L-C4_B-upright: Processing pair 8 from disk...
dedode_L-C4_B-upright: 5 match-sets in 2.00s
[Coarse] dedode_L-C4_B-upright pair 9: dE=-17790.5 m dN=-428.0 m (phasecorr@315m, support=None, peak=0.031066529352914596) 
dedode_L-C4_B-upright: Processing pair 9 from disk...
dedode_L-C4_B-upright: 5 match-sets in 1.95s
[Coarse] dedode_L-C4_B-upright pair 10: dE=-17640.0 m dN=-630.0 m (from-pair-14 (phasecorr disagreed), support=None, peak=0.04791493653487985) 
dedode_L-C4_B-upright: Processing pair 10 from disk...
dedode_L-C4_B-upright: 5 match-sets in 1.53s
[Coarse] dedode_L-C4_B-upright pair 11: dE=-17640.0 m dN=-630.0 m (from-pair-10, support=None, peak=None) 
dedode_L-C4_B-upright: Processing pair 11 from disk...
dedode_L-C4_B-upright: 6 match-sets in 1.53s
[Coarse] dedode_L-C4_B-upright pair 12: dE=-17640.0 m dN=-630.0 m (from-pair-14 (phasecorr disagreed), support=None, peak=0.1047012765466431) 
dedode_L-C4_B-upright: Processing pair 12 from disk...
dedode_L-C4_B-upright: 0 match-sets in 0.00s
[Coarse] dedode_L-C4_B-upright pair 13: dE=-17640.0 m dN=-630.0 m (from-pair-14 (phasecorr disagreed), support=None, peak=0.09384612739086151) 
dedode_L-C4_B-upright: Processing pair 13 from disk...
dedode_L-C4_B-upright: 0 match-sets in 0.00s
[Coarse] dedode_L-C4_B-upright pair 14: dE=-17640.0 m dN=-630.0 m (matcher@315m, support=11, peak=None) 
dedode_L-C4_B-upright: Processing pair 14 from disk...
dedode_L-C4_B-upright: 7 match-sets in 2.65s
[Coarse] dedode_L-C4_B-upright pair 15: dE=-17955.0 m dN=-630.0 m (matcher@315m, support=35, peak=None) 
dedode_L-C4_B-upright: Processing pair 15 from disk...
dedode_L-C4_B-upright: 7 match-sets in 2.66s
[Coarse] dedode_L-C4_B-upright pair 16: dE=-18113.0 m dN=-129.2 m (phasecorr@315m, support=None, peak=0.054434785683949785) 
dedode_L-C4_B-upright: Processing pair 16 from disk...
dedode_L-C4_B-upright: 7 match-sets in 1.74s
[Coarse] dedode_L-C4_B-upright pair 17: dE=-17640.0 m dN=-157.5 m (matcher@315m, support=14, peak=None) 
dedode_L-C4_B-upright: Processing pair 17 from disk...
dedode_L-C4_B-upright: 7 match-sets in 1.80s
[Coarse] dedode_L-C4_B-upright pair 18: dE=-17955.0 m dN=-630.0 m (from-pair-15 (phasecorr disagreed), support=None, peak=0.06863816733713503) 
dedode_L-C4_B-upright: Processing pair 18 from disk...
dedode_L-C4_B-upright: 0 match-sets in 0.00s
[Coarse] dedode_L-C4_B-upright pair 19: dE=-17955.0 m dN=-630.0 m (from-pair-15 (phasecorr disagreed), support=None, peak=0.15104582491848204) 
dedode_L-C4_B-upright: Processing pair 19 from disk...
dedode_L-C4_B-upright: 0 match-sets in 0.00s
[Coarse] dedode_L-C4_B-upright pair 20: dE=-17955.0 m dN=-630.0 m (from-pair-19, support=None, peak=None) 
dedode_L-C4_B-upright: Processing pair 20 from disk...
dedode_L-C4_B-upright: 0 match-sets in 0.00s
[Coarse] dedode_L-C4_B-upright pair 21: dE=-17955.0 m dN=-630.0 m (from-pair-15 (phasecorr disagreed), support=None, peak=0.036990950946454645) 
dedode_L-C4_B-upright: Processing pair 21 from disk...
dedode_L-C4_B-upright: 0 match-sets in 0.00s
[Coarse] dedode_L-C4_B-upright pair 22: dE=-17882.3 m dN=-311.5 m (phasecorr@315m, support=None, peak=0.12721613845825194) 
dedode_L-C4_B-upright: Processing pair 22 from disk...
dedode_L-C4_B-upright: 5 match-sets in 2.34s
[Coarse] dedode_L-C4_B-upright pair 23: dE=-17911.9 m dN=-326.6 m (phasecorr@315m, support=None, peak=0.12881409482955933) 
dedode_L-C4_B-upright: Processing pair 23 from disk...
dedode_L-C4_B-upright: 5 match-sets in 1.84s
[Coarse] dedode_L-C4_B-upright pair 24: dE=-17928.8 m dN=-415.6 m (phasecorr@315m, support=None, peak=0.035175936365127565) 
dedode_L-C4_B-upright: Processing pair 24 from disk...
dedode_L-C4_B-upright: 6 match-sets in 1.82s
[Coarse] dedode_L-C4_B-upright pair 25: dE=-17844.2 m dN=-348.0 m (phasecorr@315m, support=None, peak=0.15328786741892497) 
dedode_L-C4_B-upright: Processing pair 25 from disk...
dedode_L-C4_B-upright: 5 match-sets in 1.82s
[Coarse] dedode_L-C4_B-upright pair 26: dE=-17640.0 m dN=-157.5 m (from-pair-27, support=None, peak=None) 
dedode_L-C4_B-upright: Processing pair 26 from disk...
dedode_L-C4_B-upright: 4 match-sets in 1.16s
[Coarse] dedode_L-C4_B-upright pair 27: dE=-17640.0 m dN=-157.5 m (from-pair-17 (phasecorr disagreed), support=None, peak=0.05064041456057702) 
dedode_L-C4_B-upright: Processing pair 27 from disk...
dedode_L-C4_B-upright: 4 match-sets in 1.15s
Saved:
 CHIP_STATS_ALL.csv
 CHIP_STATS_SURVIVORS.csv
 CONSENSUS_SCORES.csv
 BEST_CHIP_SET.csv
 BEST_CHIP_MANIFEST.csv
 BEST_FINAL_SUMMARY.csv
[band1] dedode_L-C4_B-upright ok in 0.9 min, peak GPU memory 9.2 of 39.4 GB
--------------------------------------------------------------------------------
[band1] Running dedode_L-C4_B-C4
DeDoDe: Loading L-C4/B-C4...
dedode: Initializing LightGlue {'filter_threshold': 0.1, 'depth_confidence': 0.95, 'width_confidence': 0.99}...
Loaded LightGlue model
[Coarse] pair 3: no reliable coarse offset (matcher: no matches; phasecorr: {'dx': -16147.443677524008, 'dy': -26751.975000537102, 'support': None, 'n': None, 'peak': 0.00032880983234923565}); windows compared in place
[Coarse] pair 4: no reliable coarse offset (matcher: no matches; phasecorr: {'dx': 12882.472481301173, 'dy': 92621.70938170607, 'support': None, 'n': None, 'peak': -0.00012715039429841217}); windows compared in place
[Coarse] pair 5: no reliable coarse offset (matcher: no matches; phasecorr: {'dx': 3156.3479216096807, 'dy': 18300.67805989782, 'support': None, 'n': None, 'peak': 0.020832994549224774}); windows compared in place
[Coarse] pair 6: no reliable coarse offset (matcher: no matches; phasecorr: {'dx': -15852.800158210905, 'dy': 18737.59796077822, 'support': None, 'n': None, 'peak': -0.0027571213742097218}); windows compared in place
[Coarse] pair 7: no reliable coarse offset (matcher: no matches; phasecorr: {'dx': -17660.72648465004, 'dy': -478.5174601560547, 'support': None, 'n': None, 'peak': 0.0218074359204816}); windows compared in place
[Coarse] pair 8: no reliable coarse offset (matcher: no matches; phasecorr: {'dx': -18002.059573769864, 'dy': -489.60497923140906, 'support': None, 'n': None, 'peak': 0.011968647486368816}); windows compared in place
[Coarse] pair 11: no reliable coarse offset (matcher: no matches; phasecorr: {'dx': -18107.733154651494, 'dy': -332.5590928480355, 'support': None, 'n': None, 'peak': 0.020898853179031604}); windows compared in place
[Coarse] pair 20: no reliable coarse offset (matcher: no matches; phasecorr: {'dx': -28903.23193639674, 'dy': -12953.216285335406, 'support': None, 'n': None, 'peak': 0.008737401829825507}); windows compared in place
[Coarse] pair 26: no reliable coarse offset (matcher: no matches; phasecorr: {'dx': -96306.08142606622, 'dy': -17142.367293993742, 'support': None, 'n': None, 'peak': 0.02253384519977334}); windows compared in place
[Coarse] pair 2: phase correlation gave dE=-8934 m dN=5487 m, 10.0 km from every offset the matcher measured; using pair 14's (dE=-17640 m dN=-630 m)
[Coarse] pair 10: phase correlation gave dE=43169 m dN=-4147 m, 60.6 km from every offset the matcher measured; using pair 14's (dE=-17640 m dN=-630 m)
[Coarse] pair 12: phase correlation gave dE=-1877 m dN=10017 m, 18.4 km from every offset the matcher measured; using pair 14's (dE=-17640 m dN=-630 m)
[Coarse] pair 13: phase correlation gave dE=7584 m dN=8567 m, 26.3 km from every offset the matcher measured; using pair 14's (dE=-17640 m dN=-630 m)
[Coarse] pair 18: phase correlation gave dE=744 m dN=-16615 m, 24.4 km from every offset the matcher measured; using pair 15's (dE=-17640 m dN=-630 m)
[Coarse] pair 19: phase correlation gave dE=11920 m dN=-17918 m, 34.2 km from every offset the matcher measured; using pair 15's (dE=-17640 m dN=-630 m)
[Coarse] pair 21: phase correlation gave dE=-11414 m dN=-17047 m, 17.6 km from every offset the matcher measured; using pair 15's (dE=-17640 m dN=-630 m)
[Coarse] pair 27: phase correlation gave dE=-97898 m dN=-6012 m, 80.4 km from every offset the matcher measured; using pair 17's (dE=-17325 m dN=0 m)
[Coarse] dedode_L-C4_B-C4 pair 1: dE=-18062.2 m dN=-904.8 m (phasecorr@315m, support=None, peak=0.03257782713572184) 
dedode_L-C4_B-C4: Processing pair 1 from disk...
dedode_L-C4_B-C4: 7 match-sets in 0.52s
[Coarse] dedode_L-C4_B-C4 pair 2: dE=-17640.0 m dN=-630.0 m (from-pair-14 (phasecorr disagreed), support=None, peak=0.03413578109976686) 
dedode_L-C4_B-C4: Processing pair 2 from disk...
dedode_L-C4_B-C4: 5 match-sets in 0.52s
[Coarse] dedode_L-C4_B-C4 pair 3: dE=-18062.2 m dN=-904.8 m (from-pair-1, support=None, peak=None) 
dedode_L-C4_B-C4: Processing pair 3 from disk...
dedode_L-C4_B-C4: 5 match-sets in 0.51s
[Coarse] dedode_L-C4_B-C4 pair 4: dE=-17640.0 m dN=-630.0 m (from-pair-2, support=None, peak=None) 
dedode_L-C4_B-C4: Processing pair 4 from disk...
dedode_L-C4_B-C4: 5 match-sets in 0.58s
[Coarse] dedode_L-C4_B-C4 pair 5: dE=-17640.0 m dN=-630.0 m (from-pair-2, support=None, peak=None) 
dedode_L-C4_B-C4: Processing pair 5 from disk...
dedode_L-C4_B-C4: 5 match-sets in 0.57s
[Coarse] dedode_L-C4_B-C4 pair 6: dE=-17640.0 m dN=-630.0 m (from-pair-2, support=None, peak=None) 
dedode_L-C4_B-C4: Processing pair 6 from disk...
dedode_L-C4_B-C4: 5 match-sets in 0.57s
[Coarse] dedode_L-C4_B-C4 pair 7: dE=-17790.5 m dN=-428.0 m (from-pair-9, support=None, peak=None) 
dedode_L-C4_B-C4: Processing pair 7 from disk...
dedode_L-C4_B-C4: 5 match-sets in 1.93s
[Coarse] dedode_L-C4_B-C4 pair 8: dE=-17790.5 m dN=-428.0 m (from-pair-9, support=None, peak=None) 
dedode_L-C4_B-C4: Processing pair 8 from disk...
dedode_L-C4_B-C4: 5 match-sets in 1.98s
[Coarse] dedode_L-C4_B-C4 pair 9: dE=-17790.5 m dN=-428.0 m (phasecorr@315m, support=None, peak=0.031066529352914596) 
dedode_L-C4_B-C4: Processing pair 9 from disk...
dedode_L-C4_B-C4: 5 match-sets in 1.90s
[Coarse] dedode_L-C4_B-C4 pair 10: dE=-17640.0 m dN=-630.0 m (from-pair-14 (phasecorr disagreed), support=None, peak=0.04791493653487985) 
dedode_L-C4_B-C4: Processing pair 10 from disk...
dedode_L-C4_B-C4: 4 match-sets in 1.54s
[Coarse] dedode_L-C4_B-C4 pair 11: dE=-17640.0 m dN=-630.0 m (from-pair-10, support=None, peak=None) 
dedode_L-C4_B-C4: Processing pair 11 from disk...
dedode_L-C4_B-C4: 4 match-sets in 1.54s
[Coarse] dedode_L-C4_B-C4 pair 12: dE=-17640.0 m dN=-630.0 m (from-pair-14 (phasecorr disagreed), support=None, peak=0.1047012765466431) 
dedode_L-C4_B-C4: Processing pair 12 from disk...
dedode_L-C4_B-C4: 0 match-sets in 0.00s
[Coarse] dedode_L-C4_B-C4 pair 13: dE=-17640.0 m dN=-630.0 m (from-pair-14 (phasecorr disagreed), support=None, peak=0.09384612739086151) 
dedode_L-C4_B-C4: Processing pair 13 from disk...
dedode_L-C4_B-C4: 0 match-sets in 0.00s
[Coarse] dedode_L-C4_B-C4 pair 14: dE=-17640.0 m dN=-630.0 m (matcher@315m, support=11, peak=None) 
dedode_L-C4_B-C4: Processing pair 14 from disk...
dedode_L-C4_B-C4: 7 match-sets in 2.63s
[Coarse] dedode_L-C4_B-C4 pair 15: dE=-17640.0 m dN=-630.0 m (matcher@315m, support=33, peak=None) 
dedode_L-C4_B-C4: Processing pair 15 from disk...
dedode_L-C4_B-C4: 7 match-sets in 2.70s
[Coarse] dedode_L-C4_B-C4 pair 16: dE=-17640.0 m dN=0.0 m (matcher@315m, support=12, peak=None) 
dedode_L-C4_B-C4: Processing pair 16 from disk...
dedode_L-C4_B-C4: 7 match-sets in 1.76s
[Coarse] dedode_L-C4_B-C4 pair 17: dE=-17325.0 m dN=0.0 m (matcher@315m, support=27, peak=None) 
dedode_L-C4_B-C4: Processing pair 17 from disk...
dedode_L-C4_B-C4: 7 match-sets in 1.76s
[Coarse] dedode_L-C4_B-C4 pair 18: dE=-17640.0 m dN=-630.0 m (from-pair-15 (phasecorr disagreed), support=None, peak=0.06863816733713503) 
dedode_L-C4_B-C4: Processing pair 18 from disk...
dedode_L-C4_B-C4: 0 match-sets in 0.00s
[Coarse] dedode_L-C4_B-C4 pair 19: dE=-17640.0 m dN=-630.0 m (from-pair-15 (phasecorr disagreed), support=None, peak=0.15104582491848204) 
dedode_L-C4_B-C4: Processing pair 19 from disk...
dedode_L-C4_B-C4: 0 match-sets in 0.00s
[Coarse] dedode_L-C4_B-C4 pair 20: dE=-17640.0 m dN=-630.0 m (from-pair-19, support=None, peak=None) 
dedode_L-C4_B-C4: Processing pair 20 from disk...
dedode_L-C4_B-C4: 0 match-sets in 0.00s
[Coarse] dedode_L-C4_B-C4 pair 21: dE=-17640.0 m dN=-630.0 m (from-pair-15 (phasecorr disagreed), support=None, peak=0.036990950946454645) 
dedode_L-C4_B-C4: Processing pair 21 from disk...
dedode_L-C4_B-C4: 0 match-sets in 0.00s
[Coarse] dedode_L-C4_B-C4 pair 22: dE=-17882.3 m dN=-311.5 m (phasecorr@315m, support=None, peak=0.12721613845825194) 
dedode_L-C4_B-C4: Processing pair 22 from disk...
dedode_L-C4_B-C4: 5 match-sets in 1.83s
[Coarse] dedode_L-C4_B-C4 pair 23: dE=-17911.9 m dN=-326.6 m (phasecorr@315m, support=None, peak=0.12881409482955933) 
dedode_L-C4_B-C4: Processing pair 23 from disk...
dedode_L-C4_B-C4: 6 match-sets in 1.85s
[Coarse] dedode_L-C4_B-C4 pair 24: dE=-17928.8 m dN=-415.6 m (phasecorr@315m, support=None, peak=0.035175936365127565) 
dedode_L-C4_B-C4: Processing pair 24 from disk...
dedode_L-C4_B-C4: 7 match-sets in 1.82s
[Coarse] dedode_L-C4_B-C4 pair 25: dE=-17844.2 m dN=-348.0 m (phasecorr@315m, support=None, peak=0.15328786741892497) 
dedode_L-C4_B-C4: Processing pair 25 from disk...
dedode_L-C4_B-C4: 6 match-sets in 1.83s
[Coarse] dedode_L-C4_B-C4 pair 26: dE=-17325.0 m dN=0.0 m (from-pair-27, support=None, peak=None) 
dedode_L-C4_B-C4: Processing pair 26 from disk...
dedode_L-C4_B-C4: 4 match-sets in 1.12s
[Coarse] dedode_L-C4_B-C4 pair 27: dE=-17325.0 m dN=0.0 m (from-pair-17 (phasecorr disagreed), support=None, peak=0.05064041456057702) 
dedode_L-C4_B-C4: Processing pair 27 from disk...
dedode_L-C4_B-C4: 4 match-sets in 1.22s
Saved:
 CHIP_STATS_ALL.csv
 CHIP_STATS_SURVIVORS.csv
 CONSENSUS_SCORES.csv
 BEST_CHIP_SET.csv
 BEST_CHIP_MANIFEST.csv
 BEST_FINAL_SUMMARY.csv
[band1] dedode_L-C4_B-C4 ok in 0.8 min, peak GPU memory 8.2 of 39.4 GB
--------------------------------------------------------------------------------
[band1] Running dedode_L-C4_G-C4
DeDoDe: Loading L-C4/G-C4...
dedode: Initializing LightGlue {'filter_threshold': 0.1, 'depth_confidence': 0.95, 'width_confidence': 0.99}...
Loaded LightGlue model
[Coarse] pair 3: no reliable coarse offset (matcher: no matches; phasecorr: {'dx': -16147.443677524008, 'dy': -26751.975000537102, 'support': None, 'n': None, 'peak': 0.00032880983234923565}); windows compared in place
[Coarse] pair 4: no reliable coarse offset (matcher: no matches; phasecorr: {'dx': 12882.472481301173, 'dy': 92621.70938170607, 'support': None, 'n': None, 'peak': -0.00012715039429841217}); windows compared in place
[Coarse] pair 5: no reliable coarse offset (matcher: no matches; phasecorr: {'dx': 3156.3479216096807, 'dy': 18300.67805989782, 'support': None, 'n': None, 'peak': 0.020832994549224774}); windows compared in place
[Coarse] pair 6: no reliable coarse offset (matcher: no matches; phasecorr: {'dx': -15852.800158210905, 'dy': 18737.59796077822, 'support': None, 'n': None, 'peak': -0.0027571213742097218}); windows compared in place
[Coarse] pair 7: no reliable coarse offset (matcher: no matches; phasecorr: {'dx': -17660.72648465004, 'dy': -478.5174601560547, 'support': None, 'n': None, 'peak': 0.0218074359204816}); windows compared in place
[Coarse] pair 8: no reliable coarse offset (matcher: no matches; phasecorr: {'dx': -18002.059573769864, 'dy': -489.60497923140906, 'support': None, 'n': None, 'peak': 0.011968647486368816}); windows compared in place
[Coarse] pair 11: no reliable coarse offset (matcher: no matches; phasecorr: {'dx': -18107.733154651494, 'dy': -332.5590928480355, 'support': None, 'n': None, 'peak': 0.020898853179031604}); windows compared in place
[Coarse] pair 20: no reliable coarse offset (matcher: no matches; phasecorr: {'dx': -28903.23193639674, 'dy': -12953.216285335406, 'support': None, 'n': None, 'peak': 0.008737401829825507}); windows compared in place
[Coarse] pair 26: no reliable coarse offset (matcher: no matches; phasecorr: {'dx': -96306.08142606622, 'dy': -17142.367293993742, 'support': None, 'n': None, 'peak': 0.02253384519977334}); windows compared in place
[Coarse] WARNING: dedode_L-C4_G-C4: the pairs' coarse offsets differ by up to 141 km, more than one image moves from place to place. Pairs with a wrong offset match the wrong ground (the chip consensus drops them when they are few); if most pairs disagree, check the input's pixel size and window size.
[Coarse] dedode_L-C4_G-C4 pair 1: dE=-18062.2 m dN=-904.8 m (phasecorr@315m, support=None, peak=0.03257782713572184) 
dedode_L-C4_G-C4: Processing pair 1 from disk...
dedode_L-C4_G-C4: 6 match-sets in 0.72s
[Coarse] dedode_L-C4_G-C4 pair 2: dE=-8933.5 m dN=5486.9 m (phasecorr@315m, support=None, peak=0.03413578109976686) 
dedode_L-C4_G-C4: Processing pair 2 from disk...
dedode_L-C4_G-C4: 6 match-sets in 0.70s
[Coarse] dedode_L-C4_G-C4 pair 3: dE=-18062.2 m dN=-904.8 m (from-pair-1, support=None, peak=None) 
dedode_L-C4_G-C4: Processing pair 3 from disk...
dedode_L-C4_G-C4: 5 match-sets in 0.69s
[Coarse] dedode_L-C4_G-C4 pair 4: dE=-8933.5 m dN=5486.9 m (from-pair-2, support=None, peak=None) 
dedode_L-C4_G-C4: Processing pair 4 from disk...
dedode_L-C4_G-C4: 5 match-sets in 0.74s
[Coarse] dedode_L-C4_G-C4 pair 5: dE=-8933.5 m dN=5486.9 m (from-pair-2, support=None, peak=None) 
dedode_L-C4_G-C4: Processing pair 5 from disk...
dedode_L-C4_G-C4: 5 match-sets in 0.75s
[Coarse] dedode_L-C4_G-C4 pair 6: dE=-8933.5 m dN=5486.9 m (from-pair-2, support=None, peak=None) 
dedode_L-C4_G-C4: Processing pair 6 from disk...
dedode_L-C4_G-C4: 5 match-sets in 0.85s
[Coarse] dedode_L-C4_G-C4 pair 7: dE=-17790.5 m dN=-428.0 m (from-pair-9, support=None, peak=None) 
dedode_L-C4_G-C4: Processing pair 7 from disk...
dedode_L-C4_G-C4: 5 match-sets in 2.83s
[Coarse] dedode_L-C4_G-C4 pair 8: dE=-17790.5 m dN=-428.0 m (from-pair-9, support=None, peak=None) 
dedode_L-C4_G-C4: Processing pair 8 from disk...
dedode_L-C4_G-C4: 5 match-sets in 2.76s
[Coarse] dedode_L-C4_G-C4 pair 9: dE=-17790.5 m dN=-428.0 m (phasecorr@315m, support=None, peak=0.031066529352914596) 
dedode_L-C4_G-C4: Processing pair 9 from disk...
dedode_L-C4_G-C4: 5 match-sets in 2.80s
[Coarse] dedode_L-C4_G-C4 pair 10: dE=43169.1 m dN=-4146.8 m (phasecorr@315m, support=None, peak=0.04791493653487985) 
dedode_L-C4_G-C4: Processing pair 10 from disk...
dedode_L-C4_G-C4: 5 match-sets in 1.86s
[Coarse] dedode_L-C4_G-C4 pair 11: dE=43169.1 m dN=-4146.8 m (from-pair-10, support=None, peak=None) 
dedode_L-C4_G-C4: Processing pair 11 from disk...
dedode_L-C4_G-C4: 6 match-sets in 1.87s
[Coarse] dedode_L-C4_G-C4 pair 12: dE=-1877.4 m dN=10017.4 m (phasecorr@315m, support=None, peak=0.1047012765466431) 
dedode_L-C4_G-C4: Processing pair 12 from disk...
dedode_L-C4_G-C4: 0 match-sets in 0.00s
[Coarse] dedode_L-C4_G-C4 pair 13: dE=7584.5 m dN=8567.1 m (phasecorr@315m, support=None, peak=0.09384612739086151) 
dedode_L-C4_G-C4: Processing pair 13 from disk...
dedode_L-C4_G-C4: 0 match-sets in 0.00s
[Coarse] dedode_L-C4_G-C4 pair 14: dE=-18039.9 m dN=-308.2 m (phasecorr@315m, support=None, peak=0.04961982255158601) 
dedode_L-C4_G-C4: Processing pair 14 from disk...
dedode_L-C4_G-C4: 5 match-sets in 3.71s
[Coarse] dedode_L-C4_G-C4 pair 15: dE=-18033.6 m dN=-269.1 m (phasecorr@315m, support=None, peak=0.0587093012491862) 
dedode_L-C4_G-C4: Processing pair 15 from disk...
dedode_L-C4_G-C4: 7 match-sets in 3.70s
[Coarse] dedode_L-C4_G-C4 pair 16: dE=-18113.0 m dN=-129.2 m (phasecorr@315m, support=None, peak=0.054434785683949785) 
dedode_L-C4_G-C4: Processing pair 16 from disk...
dedode_L-C4_G-C4: 5 match-sets in 2.41s
[Coarse] dedode_L-C4_G-C4 pair 17: dE=-18272.3 m dN=-53.0 m (phasecorr@315m, support=None, peak=0.05276745311419169) 
dedode_L-C4_G-C4: Processing pair 17 from disk...
dedode_L-C4_G-C4: 5 match-sets in 2.38s
[Coarse] dedode_L-C4_G-C4 pair 18: dE=744.1 m dN=-16614.6 m (phasecorr@315m, support=None, peak=0.06863816733713503) 
dedode_L-C4_G-C4: Processing pair 18 from disk...
dedode_L-C4_G-C4: 0 match-sets in 0.00s
[Coarse] dedode_L-C4_G-C4 pair 19: dE=11920.5 m dN=-17918.4 m (phasecorr@315m, support=None, peak=0.15104582491848204) 
dedode_L-C4_G-C4: Processing pair 19 from disk...
dedode_L-C4_G-C4: 0 match-sets in 0.00s
[Coarse] dedode_L-C4_G-C4 pair 20: dE=11920.5 m dN=-17918.4 m (from-pair-19, support=None, peak=None) 
dedode_L-C4_G-C4: Processing pair 20 from disk...
dedode_L-C4_G-C4: 0 match-sets in 0.00s
[Coarse] dedode_L-C4_G-C4 pair 21: dE=-11413.6 m dN=-17047.1 m (phasecorr@315m, support=None, peak=0.036990950946454645) 
dedode_L-C4_G-C4: Processing pair 21 from disk...
dedode_L-C4_G-C4: 0 match-sets in 0.00s
[Coarse] dedode_L-C4_G-C4 pair 22: dE=-17882.3 m dN=-311.5 m (phasecorr@315m, support=None, peak=0.12721613845825194) 
dedode_L-C4_G-C4: Processing pair 22 from disk...
dedode_L-C4_G-C4: 5 match-sets in 2.68s
[Coarse] dedode_L-C4_G-C4 pair 23: dE=-17911.9 m dN=-326.6 m (phasecorr@315m, support=None, peak=0.12881409482955933) 
dedode_L-C4_G-C4: Processing pair 23 from disk...
dedode_L-C4_G-C4: 7 match-sets in 2.71s
[Coarse] dedode_L-C4_G-C4 pair 24: dE=-17928.8 m dN=-415.6 m (phasecorr@315m, support=None, peak=0.035175936365127565) 
dedode_L-C4_G-C4: Processing pair 24 from disk...
dedode_L-C4_G-C4: 5 match-sets in 2.65s
[Coarse] dedode_L-C4_G-C4 pair 25: dE=-17844.2 m dN=-348.0 m (phasecorr@315m, support=None, peak=0.15328786741892497) 
dedode_L-C4_G-C4: Processing pair 25 from disk...
dedode_L-C4_G-C4: 5 match-sets in 2.67s
[Coarse] dedode_L-C4_G-C4 pair 26: dE=-97897.6 m dN=-6011.8 m (from-pair-27, support=None, peak=None) 
dedode_L-C4_G-C4: Processing pair 26 from disk...
dedode_L-C4_G-C4: 4 match-sets in 1.33s
[Coarse] dedode_L-C4_G-C4 pair 27: dE=-97897.6 m dN=-6011.8 m (phasecorr@315m, support=None, peak=0.05064041456057702) 
dedode_L-C4_G-C4: Processing pair 27 from disk...
dedode_L-C4_G-C4: 4 match-sets in 1.31s
Saved:
 CHIP_STATS_ALL.csv
 CHIP_STATS_SURVIVORS.csv
 CONSENSUS_SCORES.csv
 BEST_CHIP_SET.csv
 BEST_CHIP_MANIFEST.csv
 BEST_FINAL_SUMMARY.csv
[band1] dedode_L-C4_G-C4 ok in 1.2 min, peak GPU memory 7.4 of 39.4 GB
--------------------------------------------------------------------------------
[band1] Running dedode_L-C4-v2_B-upright
DeDoDe: Loading L-C4-v2/B-upright...
dedode: Initializing LightGlue {'filter_threshold': 0.1, 'depth_confidence': 0.95, 'width_confidence': 0.99}...
Loaded LightGlue model
[Coarse] pair 3: no reliable coarse offset (matcher: no matches; phasecorr: {'dx': -16147.443677524008, 'dy': -26751.975000537102, 'support': None, 'n': None, 'peak': 0.00032880983234923565}); windows compared in place
[Coarse] pair 4: no reliable coarse offset (matcher: no matches; phasecorr: {'dx': 12882.472481301173, 'dy': 92621.70938170607, 'support': None, 'n': None, 'peak': -0.00012715039429841217}); windows compared in place
[Coarse] pair 5: no reliable coarse offset (matcher: no matches; phasecorr: {'dx': 3156.3479216096807, 'dy': 18300.67805989782, 'support': None, 'n': None, 'peak': 0.020832994549224774}); windows compared in place
[Coarse] pair 6: no reliable coarse offset (matcher: no matches; phasecorr: {'dx': -15852.800158210905, 'dy': 18737.59796077822, 'support': None, 'n': None, 'peak': -0.0027571213742097218}); windows compared in place
[Coarse] pair 7: no reliable coarse offset (matcher: no matches; phasecorr: {'dx': -17660.72648465004, 'dy': -478.5174601560547, 'support': None, 'n': None, 'peak': 0.0218074359204816}); windows compared in place
[Coarse] pair 8: no reliable coarse offset (matcher: no matches; phasecorr: {'dx': -18002.059573769864, 'dy': -489.60497923140906, 'support': None, 'n': None, 'peak': 0.011968647486368816}); windows compared in place
[Coarse] pair 11: no reliable coarse offset (matcher: no matches; phasecorr: {'dx': -18107.733154651494, 'dy': -332.5590928480355, 'support': None, 'n': None, 'peak': 0.020898853179031604}); windows compared in place
[Coarse] pair 20: no reliable coarse offset (matcher: no matches; phasecorr: {'dx': -28903.23193639674, 'dy': -12953.216285335406, 'support': None, 'n': None, 'peak': 0.008737401829825507}); windows compared in place
[Coarse] pair 26: no reliable coarse offset (matcher: no matches; phasecorr: {'dx': -96306.08142606622, 'dy': -17142.367293993742, 'support': None, 'n': None, 'peak': 0.02253384519977334}); windows compared in place
[Coarse] pair 2: phase correlation gave dE=-8934 m dN=5487 m, 7.9 km from every offset the matcher measured; using pair 14's (dE=-17955 m dN=-630 m)
[Coarse] pair 10: phase correlation gave dE=43169 m dN=-4147 m, 57.6 km from every offset the matcher measured; using pair 14's (dE=-17955 m dN=-630 m)
[Coarse] pair 12: phase correlation gave dE=-1877 m dN=10017 m, 16.2 km from every offset the matcher measured; using pair 14's (dE=-17955 m dN=-630 m)
[Coarse] pair 13: phase correlation gave dE=7584 m dN=8567 m, 23.6 km from every offset the matcher measured; using pair 14's (dE=-17955 m dN=-630 m)
[Coarse] pair 18: phase correlation gave dE=744 m dN=-16615 m, 22.2 km from every offset the matcher measured; using pair 24's (dE=-14333 m dN=-315 m)
[Coarse] pair 19: phase correlation gave dE=11920 m dN=-17918 m, 31.6 km from every offset the matcher measured; using pair 24's (dE=-14333 m dN=-315 m)
[Coarse] pair 21: phase correlation gave dE=-11414 m dN=-17047 m, 17.0 km from every offset the matcher measured; using pair 24's (dE=-14333 m dN=-315 m)
[Coarse] pair 27: phase correlation gave dE=-97898 m dN=-6012 m, 80.1 km from every offset the matcher measured; using pair 24's (dE=-14333 m dN=-315 m)
[Coarse] dedode_L-C4-v2_B-upright pair 1: dE=-18062.2 m dN=-904.8 m (phasecorr@315m, support=None, peak=0.03257782713572184) 
dedode_L-C4-v2_B-upright: Processing pair 1 from disk...
dedode_L-C4-v2_B-upright: 6 match-sets in 0.52s
[Coarse] dedode_L-C4-v2_B-upright pair 2: dE=-17955.0 m dN=-630.0 m (from-pair-14 (phasecorr disagreed), support=None, peak=0.03413578109976686) 
dedode_L-C4-v2_B-upright: Processing pair 2 from disk...
dedode_L-C4-v2_B-upright: 6 match-sets in 0.53s
[Coarse] dedode_L-C4-v2_B-upright pair 3: dE=-18062.2 m dN=-904.8 m (from-pair-1, support=None, peak=None) 
dedode_L-C4-v2_B-upright: Processing pair 3 from disk...
dedode_L-C4-v2_B-upright: 5 match-sets in 0.51s
[Coarse] dedode_L-C4-v2_B-upright pair 4: dE=-17955.0 m dN=-630.0 m (from-pair-2, support=None, peak=None) 
dedode_L-C4-v2_B-upright: Processing pair 4 from disk...
dedode_L-C4-v2_B-upright: 4 match-sets in 0.60s
[Coarse] dedode_L-C4-v2_B-upright pair 5: dE=-17955.0 m dN=-630.0 m (from-pair-2, support=None, peak=None) 
dedode_L-C4-v2_B-upright: Processing pair 5 from disk...
dedode_L-C4-v2_B-upright: 5 match-sets in 0.61s
[Coarse] dedode_L-C4-v2_B-upright pair 6: dE=-17955.0 m dN=-630.0 m (from-pair-2, support=None, peak=None) 
dedode_L-C4-v2_B-upright: Processing pair 6 from disk...
dedode_L-C4-v2_B-upright: 5 match-sets in 0.63s
[Coarse] dedode_L-C4-v2_B-upright pair 7: dE=-17790.5 m dN=-428.0 m (from-pair-9, support=None, peak=None) 
dedode_L-C4-v2_B-upright: Processing pair 7 from disk...
dedode_L-C4-v2_B-upright: 6 match-sets in 1.98s
[Coarse] dedode_L-C4-v2_B-upright pair 8: dE=-17790.5 m dN=-428.0 m (from-pair-9, support=None, peak=None) 
dedode_L-C4-v2_B-upright: Processing pair 8 from disk...
dedode_L-C4-v2_B-upright: 5 match-sets in 2.03s
[Coarse] dedode_L-C4-v2_B-upright pair 9: dE=-17790.5 m dN=-428.0 m (phasecorr@315m, support=None, peak=0.031066529352914596) 
dedode_L-C4-v2_B-upright: Processing pair 9 from disk...
dedode_L-C4-v2_B-upright: 6 match-sets in 1.96s
[Coarse] dedode_L-C4-v2_B-upright pair 10: dE=-17955.0 m dN=-630.0 m (from-pair-14 (phasecorr disagreed), support=None, peak=0.04791493653487985) 
dedode_L-C4-v2_B-upright: Processing pair 10 from disk...
dedode_L-C4-v2_B-upright: 5 match-sets in 1.60s
[Coarse] dedode_L-C4-v2_B-upright pair 11: dE=-17955.0 m dN=-630.0 m (from-pair-10, support=None, peak=None) 
dedode_L-C4-v2_B-upright: Processing pair 11 from disk...
dedode_L-C4-v2_B-upright: 5 match-sets in 1.59s
[Coarse] dedode_L-C4-v2_B-upright pair 12: dE=-17955.0 m dN=-630.0 m (from-pair-14 (phasecorr disagreed), support=None, peak=0.1047012765466431) 
dedode_L-C4-v2_B-upright: Processing pair 12 from disk...
dedode_L-C4-v2_B-upright: 0 match-sets in 0.00s
[Coarse] dedode_L-C4-v2_B-upright pair 13: dE=-17955.0 m dN=-630.0 m (from-pair-14 (phasecorr disagreed), support=None, peak=0.09384612739086151) 
dedode_L-C4-v2_B-upright: Processing pair 13 from disk...
dedode_L-C4-v2_B-upright: 0 match-sets in 0.00s
[Coarse] dedode_L-C4-v2_B-upright pair 14: dE=-17955.0 m dN=-630.0 m (matcher@315m, support=45, peak=None) 
dedode_L-C4-v2_B-upright: Processing pair 14 from disk...
dedode_L-C4-v2_B-upright: 7 match-sets in 2.71s
[Coarse] dedode_L-C4-v2_B-upright pair 15: dE=-17955.0 m dN=-630.0 m (matcher@315m, support=90, peak=None) 
dedode_L-C4-v2_B-upright: Processing pair 15 from disk...
dedode_L-C4-v2_B-upright: 7 match-sets in 2.71s
[Coarse] dedode_L-C4-v2_B-upright pair 16: dE=-17640.0 m dN=0.0 m (matcher@315m, support=20, peak=None) 
dedode_L-C4-v2_B-upright: Processing pair 16 from disk...
dedode_L-C4-v2_B-upright: 7 match-sets in 1.81s
[Coarse] dedode_L-C4-v2_B-upright pair 17: dE=-17955.0 m dN=-0.0 m (matcher@315m, support=30, peak=None) 
dedode_L-C4-v2_B-upright: Processing pair 17 from disk...
dedode_L-C4-v2_B-upright: 7 match-sets in 1.90s
[Coarse] dedode_L-C4-v2_B-upright pair 18: dE=-14332.5 m dN=-315.0 m (from-pair-24 (phasecorr disagreed), support=None, peak=0.06863816733713503) 
dedode_L-C4-v2_B-upright: Processing pair 18 from disk...
dedode_L-C4-v2_B-upright: 0 match-sets in 0.00s
[Coarse] dedode_L-C4-v2_B-upright pair 19: dE=-14332.5 m dN=-315.0 m (from-pair-24 (phasecorr disagreed), support=None, peak=0.15104582491848204) 
dedode_L-C4-v2_B-upright: Processing pair 19 from disk...
dedode_L-C4-v2_B-upright: 0 match-sets in 0.00s
[Coarse] dedode_L-C4-v2_B-upright pair 20: dE=-14332.5 m dN=-315.0 m (from-pair-19, support=None, peak=None) 
dedode_L-C4-v2_B-upright: Processing pair 20 from disk...
dedode_L-C4-v2_B-upright: 0 match-sets in 0.00s
[Coarse] dedode_L-C4-v2_B-upright pair 21: dE=-14332.5 m dN=-315.0 m (from-pair-24 (phasecorr disagreed), support=None, peak=0.036990950946454645) 
dedode_L-C4-v2_B-upright: Processing pair 21 from disk...
dedode_L-C4-v2_B-upright: 0 match-sets in 0.00s
[Coarse] dedode_L-C4-v2_B-upright pair 22: dE=-17882.3 m dN=-311.5 m (phasecorr@315m, support=None, peak=0.12721613845825194) 
dedode_L-C4-v2_B-upright: Processing pair 22 from disk...
dedode_L-C4-v2_B-upright: 6 match-sets in 1.92s
[Coarse] dedode_L-C4-v2_B-upright pair 23: dE=-17911.9 m dN=-326.6 m (phasecorr@315m, support=None, peak=0.12881409482955933) 
dedode_L-C4-v2_B-upright: Processing pair 23 from disk...
dedode_L-C4-v2_B-upright: 6 match-sets in 1.92s
[Coarse] dedode_L-C4-v2_B-upright pair 24: dE=-14332.5 m dN=-315.0 m (matcher@315m, support=12, peak=None) 
dedode_L-C4-v2_B-upright: Processing pair 24 from disk...
dedode_L-C4-v2_B-upright: 7 match-sets in 8.24s
[Coarse] dedode_L-C4-v2_B-upright pair 25: dE=-17844.2 m dN=-348.0 m (phasecorr@315m, support=None, peak=0.15328786741892497) 
dedode_L-C4-v2_B-upright: Processing pair 25 from disk...
dedode_L-C4-v2_B-upright: 6 match-sets in 1.93s
[Coarse] dedode_L-C4-v2_B-upright pair 26: dE=-14332.5 m dN=-315.0 m (from-pair-27, support=None, peak=None) 
dedode_L-C4-v2_B-upright: Processing pair 26 from disk...
dedode_L-C4-v2_B-upright: 5 match-sets in 1.25s
[Coarse] dedode_L-C4-v2_B-upright pair 27: dE=-14332.5 m dN=-315.0 m (from-pair-24 (phasecorr disagreed), support=None, peak=0.05064041456057702) 
dedode_L-C4-v2_B-upright: Processing pair 27 from disk...
dedode_L-C4-v2_B-upright: 5 match-sets in 1.22s
Saved:
 CHIP_STATS_ALL.csv
 CHIP_STATS_SURVIVORS.csv
 CONSENSUS_SCORES.csv
 BEST_CHIP_SET.csv
 BEST_CHIP_MANIFEST.csv
 BEST_FINAL_SUMMARY.csv
[band1] dedode_L-C4-v2_B-upright ok in 1.0 min, peak GPU memory 32.9 of 39.4 GB
--------------------------------------------------------------------------------
[band1] Running dedode_L-C4-v2_B-C4
DeDoDe: Loading L-C4-v2/B-C4...
dedode: Initializing LightGlue {'filter_threshold': 0.1, 'depth_confidence': 0.95, 'width_confidence': 0.99}...
Loaded LightGlue model
[Coarse] pair 3: no reliable coarse offset (matcher: no matches; phasecorr: {'dx': -16147.443677524008, 'dy': -26751.975000537102, 'support': None, 'n': None, 'peak': 0.00032880983234923565}); windows compared in place
[Coarse] pair 4: no reliable coarse offset (matcher: no matches; phasecorr: {'dx': 12882.472481301173, 'dy': 92621.70938170607, 'support': None, 'n': None, 'peak': -0.00012715039429841217}); windows compared in place
[Coarse] pair 5: no reliable coarse offset (matcher: no matches; phasecorr: {'dx': 3156.3479216096807, 'dy': 18300.67805989782, 'support': None, 'n': None, 'peak': 0.020832994549224774}); windows compared in place
[Coarse] pair 6: no reliable coarse offset (matcher: no matches; phasecorr: {'dx': -15852.800158210905, 'dy': 18737.59796077822, 'support': None, 'n': None, 'peak': -0.0027571213742097218}); windows compared in place
[Coarse] pair 7: no reliable coarse offset (matcher: no matches; phasecorr: {'dx': -17660.72648465004, 'dy': -478.5174601560547, 'support': None, 'n': None, 'peak': 0.0218074359204816}); windows compared in place
[Coarse] pair 8: no reliable coarse offset (matcher: no matches; phasecorr: {'dx': -18002.059573769864, 'dy': -489.60497923140906, 'support': None, 'n': None, 'peak': 0.011968647486368816}); windows compared in place
[Coarse] pair 11: no reliable coarse offset (matcher: no matches; phasecorr: {'dx': -18107.733154651494, 'dy': -332.5590928480355, 'support': None, 'n': None, 'peak': 0.020898853179031604}); windows compared in place
[Coarse] pair 20: no reliable coarse offset (matcher: no matches; phasecorr: {'dx': -28903.23193639674, 'dy': -12953.216285335406, 'support': None, 'n': None, 'peak': 0.008737401829825507}); windows compared in place
[Coarse] pair 26: no reliable coarse offset (matcher: no matches; phasecorr: {'dx': -96306.08142606622, 'dy': -17142.367293993742, 'support': None, 'n': None, 'peak': 0.02253384519977334}); windows compared in place
[Coarse] pair 2: phase correlation gave dE=-8934 m dN=5487 m, 8.0 km from every offset the matcher measured; using pair 14's (dE=-17640 m dN=-630 m)
[Coarse] pair 10: phase correlation gave dE=43169 m dN=-4147 m, 57.8 km from every offset the matcher measured; using pair 14's (dE=-17640 m dN=-630 m)
[Coarse] pair 12: phase correlation gave dE=-1877 m dN=10017 m, 16.3 km from every offset the matcher measured; using pair 14's (dE=-17640 m dN=-630 m)
[Coarse] pair 13: phase correlation gave dE=7584 m dN=8567 m, 23.8 km from every offset the matcher measured; using pair 14's (dE=-17640 m dN=-630 m)
[Coarse] pair 18: phase correlation gave dE=744 m dN=-16615 m, 22.3 km from every offset the matcher measured; using pair 24's (dE=-14490 m dN=-315 m)
[Coarse] pair 19: phase correlation gave dE=11920 m dN=-17918 m, 31.7 km from every offset the matcher measured; using pair 24's (dE=-14490 m dN=-315 m)
[Coarse] pair 21: phase correlation gave dE=-11414 m dN=-17047 m, 17.0 km from every offset the matcher measured; using pair 24's (dE=-14490 m dN=-315 m)
[Coarse] pair 27: phase correlation gave dE=-97898 m dN=-6012 m, 80.4 km from every offset the matcher measured; using pair 24's (dE=-14490 m dN=-315 m)
[Coarse] dedode_L-C4-v2_B-C4 pair 1: dE=-18062.2 m dN=-904.8 m (phasecorr@315m, support=None, peak=0.03257782713572184) 
dedode_L-C4-v2_B-C4: Processing pair 1 from disk...
dedode_L-C4-v2_B-C4: 6 match-sets in 0.51s
[Coarse] dedode_L-C4-v2_B-C4 pair 2: dE=-17640.0 m dN=-630.0 m (from-pair-14 (phasecorr disagreed), support=None, peak=0.03413578109976686) 
dedode_L-C4-v2_B-C4: Processing pair 2 from disk...
dedode_L-C4-v2_B-C4: 7 match-sets in 0.59s
[Coarse] dedode_L-C4-v2_B-C4 pair 3: dE=-18062.2 m dN=-904.8 m (from-pair-1, support=None, peak=None) 
dedode_L-C4-v2_B-C4: Processing pair 3 from disk...
dedode_L-C4-v2_B-C4: 5 match-sets in 0.61s
[Coarse] dedode_L-C4-v2_B-C4 pair 4: dE=-17640.0 m dN=-630.0 m (from-pair-2, support=None, peak=None) 
dedode_L-C4-v2_B-C4: Processing pair 4 from disk...
dedode_L-C4-v2_B-C4: 6 match-sets in 0.68s
[Coarse] dedode_L-C4-v2_B-C4 pair 5: dE=-17640.0 m dN=-630.0 m (from-pair-2, support=None, peak=None) 
dedode_L-C4-v2_B-C4: Processing pair 5 from disk...
dedode_L-C4-v2_B-C4: 5 match-sets in 0.67s
[Coarse] dedode_L-C4-v2_B-C4 pair 6: dE=-17640.0 m dN=-630.0 m (from-pair-2, support=None, peak=None) 
dedode_L-C4-v2_B-C4: Processing pair 6 from disk...
dedode_L-C4-v2_B-C4: 4 match-sets in 0.67s
[Coarse] dedode_L-C4-v2_B-C4 pair 7: dE=-17790.5 m dN=-428.0 m (from-pair-9, support=None, peak=None) 
dedode_L-C4-v2_B-C4: Processing pair 7 from disk...
dedode_L-C4-v2_B-C4: 6 match-sets in 2.04s
[Coarse] dedode_L-C4-v2_B-C4 pair 8: dE=-17790.5 m dN=-428.0 m (from-pair-9, support=None, peak=None) 
dedode_L-C4-v2_B-C4: Processing pair 8 from disk...
dedode_L-C4-v2_B-C4: 6 match-sets in 2.07s
[Coarse] dedode_L-C4-v2_B-C4 pair 9: dE=-17790.5 m dN=-428.0 m (phasecorr@315m, support=None, peak=0.031066529352914596) 
dedode_L-C4-v2_B-C4: Processing pair 9 from disk...
dedode_L-C4-v2_B-C4: 5 match-sets in 1.97s
[Coarse] dedode_L-C4-v2_B-C4 pair 10: dE=-17640.0 m dN=-630.0 m (from-pair-14 (phasecorr disagreed), support=None, peak=0.04791493653487985) 
dedode_L-C4-v2_B-C4: Processing pair 10 from disk...
dedode_L-C4-v2_B-C4: 6 match-sets in 1.62s
[Coarse] dedode_L-C4-v2_B-C4 pair 11: dE=-17640.0 m dN=-630.0 m (from-pair-10, support=None, peak=None) 
dedode_L-C4-v2_B-C4: Processing pair 11 from disk...
dedode_L-C4-v2_B-C4: 5 match-sets in 1.61s
[Coarse] dedode_L-C4-v2_B-C4 pair 12: dE=-17640.0 m dN=-630.0 m (from-pair-14 (phasecorr disagreed), support=None, peak=0.1047012765466431) 
dedode_L-C4-v2_B-C4: Processing pair 12 from disk...
dedode_L-C4-v2_B-C4: 0 match-sets in 0.00s
[Coarse] dedode_L-C4-v2_B-C4 pair 13: dE=-17640.0 m dN=-630.0 m (from-pair-14 (phasecorr disagreed), support=None, peak=0.09384612739086151) 
dedode_L-C4-v2_B-C4: Processing pair 13 from disk...
dedode_L-C4-v2_B-C4: 0 match-sets in 0.00s
[Coarse] dedode_L-C4-v2_B-C4 pair 14: dE=-17640.0 m dN=-630.0 m (matcher@315m, support=48, peak=None) 
dedode_L-C4-v2_B-C4: Processing pair 14 from disk...
dedode_L-C4-v2_B-C4: 7 match-sets in 2.70s
[Coarse] dedode_L-C4-v2_B-C4 pair 15: dE=-17640.0 m dN=-630.0 m (matcher@315m, support=92, peak=None) 
dedode_L-C4-v2_B-C4: Processing pair 15 from disk...
dedode_L-C4-v2_B-C4: 7 match-sets in 2.71s
[Coarse] dedode_L-C4-v2_B-C4 pair 16: dE=-17640.0 m dN=0.0 m (matcher@315m, support=37, peak=None) 
dedode_L-C4-v2_B-C4: Processing pair 16 from disk...
dedode_L-C4-v2_B-C4: 7 match-sets in 2.36s
[Coarse] dedode_L-C4-v2_B-C4 pair 17: dE=-17640.0 m dN=0.0 m (matcher@315m, support=100, peak=None) 
dedode_L-C4-v2_B-C4: Processing pair 17 from disk...
dedode_L-C4-v2_B-C4: 7 match-sets in 1.82s
[Coarse] dedode_L-C4-v2_B-C4 pair 18: dE=-14490.0 m dN=-315.0 m (from-pair-24 (phasecorr disagreed), support=None, peak=0.06863816733713503) 
dedode_L-C4-v2_B-C4: Processing pair 18 from disk...
dedode_L-C4-v2_B-C4: 0 match-sets in 0.00s
[Coarse] dedode_L-C4-v2_B-C4 pair 19: dE=-14490.0 m dN=-315.0 m (from-pair-24 (phasecorr disagreed), support=None, peak=0.15104582491848204) 
dedode_L-C4-v2_B-C4: Processing pair 19 from disk...
dedode_L-C4-v2_B-C4: 0 match-sets in 0.00s
[Coarse] dedode_L-C4-v2_B-C4 pair 20: dE=-14490.0 m dN=-315.0 m (from-pair-19, support=None, peak=None) 
dedode_L-C4-v2_B-C4: Processing pair 20 from disk...
dedode_L-C4-v2_B-C4: 0 match-sets in 0.00s
[Coarse] dedode_L-C4-v2_B-C4 pair 21: dE=-14490.0 m dN=-315.0 m (from-pair-24 (phasecorr disagreed), support=None, peak=0.036990950946454645) 
dedode_L-C4-v2_B-C4: Processing pair 21 from disk...
dedode_L-C4-v2_B-C4: 0 match-sets in 0.00s
[Coarse] dedode_L-C4-v2_B-C4 pair 22: dE=-17882.3 m dN=-311.5 m (phasecorr@315m, support=None, peak=0.12721613845825194) 
dedode_L-C4-v2_B-C4: Processing pair 22 from disk...
dedode_L-C4-v2_B-C4: 6 match-sets in 1.95s
[Coarse] dedode_L-C4-v2_B-C4 pair 23: dE=-17911.9 m dN=-326.6 m (phasecorr@315m, support=None, peak=0.12881409482955933) 
dedode_L-C4-v2_B-C4: Processing pair 23 from disk...
dedode_L-C4-v2_B-C4: 6 match-sets in 1.93s
[Coarse] dedode_L-C4-v2_B-C4 pair 24: dE=-14490.0 m dN=-315.0 m (matcher@315m, support=16, peak=None) 
dedode_L-C4-v2_B-C4: Processing pair 24 from disk...
dedode_L-C4-v2_B-C4: 7 match-sets in 1.91s
[Coarse] dedode_L-C4-v2_B-C4 pair 25: dE=-17844.2 m dN=-348.0 m (phasecorr@315m, support=None, peak=0.15328786741892497) 
dedode_L-C4-v2_B-C4: Processing pair 25 from disk...
dedode_L-C4-v2_B-C4: 7 match-sets in 1.88s
[Coarse] dedode_L-C4-v2_B-C4 pair 26: dE=-14490.0 m dN=-315.0 m (from-pair-27, support=None, peak=None) 
dedode_L-C4-v2_B-C4: Processing pair 26 from disk...
dedode_L-C4-v2_B-C4: 4 match-sets in 1.15s
[Coarse] dedode_L-C4-v2_B-C4 pair 27: dE=-14490.0 m dN=-315.0 m (from-pair-24 (phasecorr disagreed), support=None, peak=0.05064041456057702) 
dedode_L-C4-v2_B-C4: Processing pair 27 from disk...
dedode_L-C4-v2_B-C4: 5 match-sets in 1.14s
Saved:
 CHIP_STATS_ALL.csv
 CHIP_STATS_SURVIVORS.csv
 CONSENSUS_SCORES.csv
 BEST_CHIP_SET.csv
 BEST_CHIP_MANIFEST.csv
 BEST_FINAL_SUMMARY.csv
[band1] dedode_L-C4-v2_B-C4 ok in 0.9 min, peak GPU memory 9.6 of 39.4 GB
--------------------------------------------------------------------------------
[band1] Running dedode_L-C4-v2_G-C4
DeDoDe: Loading L-C4-v2/G-C4...
dedode: Initializing LightGlue {'filter_threshold': 0.1, 'depth_confidence': 0.95, 'width_confidence': 0.99}...
Loaded LightGlue model
[Coarse] pair 3: no reliable coarse offset (matcher: no matches; phasecorr: {'dx': -16147.443677524008, 'dy': -26751.975000537102, 'support': None, 'n': None, 'peak': 0.00032880983234923565}); windows compared in place
[Coarse] pair 4: no reliable coarse offset (matcher: no matches; phasecorr: {'dx': 12882.472481301173, 'dy': 92621.70938170607, 'support': None, 'n': None, 'peak': -0.00012715039429841217}); windows compared in place
[Coarse] pair 5: no reliable coarse offset (matcher: no matches; phasecorr: {'dx': 3156.3479216096807, 'dy': 18300.67805989782, 'support': None, 'n': None, 'peak': 0.020832994549224774}); windows compared in place
[Coarse] pair 6: no reliable coarse offset (matcher: no matches; phasecorr: {'dx': -15852.800158210905, 'dy': 18737.59796077822, 'support': None, 'n': None, 'peak': -0.0027571213742097218}); windows compared in place
[Coarse] pair 7: no reliable coarse offset (matcher: no matches; phasecorr: {'dx': -17660.72648465004, 'dy': -478.5174601560547, 'support': None, 'n': None, 'peak': 0.0218074359204816}); windows compared in place
[Coarse] pair 8: no reliable coarse offset (matcher: no matches; phasecorr: {'dx': -18002.059573769864, 'dy': -489.60497923140906, 'support': None, 'n': None, 'peak': 0.011968647486368816}); windows compared in place
[Coarse] pair 11: no reliable coarse offset (matcher: no matches; phasecorr: {'dx': -18107.733154651494, 'dy': -332.5590928480355, 'support': None, 'n': None, 'peak': 0.020898853179031604}); windows compared in place
[Coarse] pair 20: no reliable coarse offset (matcher: no matches; phasecorr: {'dx': -28903.23193639674, 'dy': -12953.216285335406, 'support': None, 'n': None, 'peak': 0.008737401829825507}); windows compared in place
[Coarse] pair 26: no reliable coarse offset (matcher: no matches; phasecorr: {'dx': -96306.08142606622, 'dy': -17142.367293993742, 'support': None, 'n': None, 'peak': 0.02253384519977334}); windows compared in place
[Coarse] pair 2: phase correlation gave dE=-8934 m dN=5487 m, 10.5 km from every offset the matcher measured; using pair 15's (dE=-17483 m dN=-630 m)
[Coarse] pair 10: phase correlation gave dE=43169 m dN=-4147 m, 60.8 km from every offset the matcher measured; using pair 15's (dE=-17483 m dN=-630 m)
[Coarse] pair 12: phase correlation gave dE=-1877 m dN=10017 m, 18.9 km from every offset the matcher measured; using pair 15's (dE=-17483 m dN=-630 m)
[Coarse] pair 13: phase correlation gave dE=7584 m dN=8567 m, 26.7 km from every offset the matcher measured; using pair 15's (dE=-17483 m dN=-630 m)
[Coarse] pair 18: phase correlation gave dE=744 m dN=-16615 m, 24.2 km from every offset the matcher measured; using pair 15's (dE=-17483 m dN=-630 m)
[Coarse] pair 19: phase correlation gave dE=11920 m dN=-17918 m, 34.1 km from every offset the matcher measured; using pair 15's (dE=-17483 m dN=-630 m)
[Coarse] pair 21: phase correlation gave dE=-11414 m dN=-17047 m, 17.5 km from every offset the matcher measured; using pair 15's (dE=-17483 m dN=-630 m)
[Coarse] pair 27: phase correlation gave dE=-97898 m dN=-6012 m, 80.6 km from every offset the matcher measured; using pair 15's (dE=-17483 m dN=-630 m)
[Coarse] dedode_L-C4-v2_G-C4 pair 1: dE=-18062.2 m dN=-904.8 m (phasecorr@315m, support=None, peak=0.03257782713572184) 
dedode_L-C4-v2_G-C4: Processing pair 1 from disk...
dedode_L-C4-v2_G-C4: 6 match-sets in 0.68s
[Coarse] dedode_L-C4-v2_G-C4 pair 2: dE=-17482.5 m dN=-630.0 m (from-pair-15 (phasecorr disagreed), support=None, peak=0.03413578109976686) 
dedode_L-C4-v2_G-C4: Processing pair 2 from disk...
dedode_L-C4-v2_G-C4: 6 match-sets in 0.69s
[Coarse] dedode_L-C4-v2_G-C4 pair 3: dE=-18062.2 m dN=-904.8 m (from-pair-1, support=None, peak=None) 
dedode_L-C4-v2_G-C4: Processing pair 3 from disk...
dedode_L-C4-v2_G-C4: 4 match-sets in 0.68s
[Coarse] dedode_L-C4-v2_G-C4 pair 4: dE=-17482.5 m dN=-630.0 m (from-pair-2, support=None, peak=None) 
dedode_L-C4-v2_G-C4: Processing pair 4 from disk...
dedode_L-C4-v2_G-C4: 6 match-sets in 1.19s
[Coarse] dedode_L-C4-v2_G-C4 pair 5: dE=-17482.5 m dN=-630.0 m (from-pair-2, support=None, peak=None) 
dedode_L-C4-v2_G-C4: Processing pair 5 from disk...
dedode_L-C4-v2_G-C4: 5 match-sets in 1.16s
[Coarse] dedode_L-C4-v2_G-C4 pair 6: dE=-17482.5 m dN=-630.0 m (from-pair-2, support=None, peak=None) 
dedode_L-C4-v2_G-C4: Processing pair 6 from disk...
dedode_L-C4-v2_G-C4: 4 match-sets in 0.74s
[Coarse] dedode_L-C4-v2_G-C4 pair 7: dE=-17790.5 m dN=-428.0 m (from-pair-9, support=None, peak=None) 
dedode_L-C4-v2_G-C4: Processing pair 7 from disk...
dedode_L-C4-v2_G-C4: 5 match-sets in 2.86s
[Coarse] dedode_L-C4-v2_G-C4 pair 8: dE=-17790.5 m dN=-428.0 m (from-pair-9, support=None, peak=None) 
dedode_L-C4-v2_G-C4: Processing pair 8 from disk...
dedode_L-C4-v2_G-C4: 5 match-sets in 2.86s
[Coarse] dedode_L-C4-v2_G-C4 pair 9: dE=-17790.5 m dN=-428.0 m (phasecorr@315m, support=None, peak=0.031066529352914596) 
dedode_L-C4-v2_G-C4: Processing pair 9 from disk...
dedode_L-C4-v2_G-C4: 6 match-sets in 2.84s
[Coarse] dedode_L-C4-v2_G-C4 pair 10: dE=-17482.5 m dN=-630.0 m (from-pair-15 (phasecorr disagreed), support=None, peak=0.04791493653487985) 
dedode_L-C4-v2_G-C4: Processing pair 10 from disk...
dedode_L-C4-v2_G-C4: 5 match-sets in 2.25s
[Coarse] dedode_L-C4-v2_G-C4 pair 11: dE=-17482.5 m dN=-630.0 m (from-pair-10, support=None, peak=None) 
dedode_L-C4-v2_G-C4: Processing pair 11 from disk...
dedode_L-C4-v2_G-C4: 5 match-sets in 2.33s
[Coarse] dedode_L-C4-v2_G-C4 pair 12: dE=-17482.5 m dN=-630.0 m (from-pair-15 (phasecorr disagreed), support=None, peak=0.1047012765466431) 
dedode_L-C4-v2_G-C4: Processing pair 12 from disk...
dedode_L-C4-v2_G-C4: 0 match-sets in 0.00s
[Coarse] dedode_L-C4-v2_G-C4 pair 13: dE=-17482.5 m dN=-630.0 m (from-pair-15 (phasecorr disagreed), support=None, peak=0.09384612739086151) 
dedode_L-C4-v2_G-C4: Processing pair 13 from disk...
dedode_L-C4-v2_G-C4: 0 match-sets in 0.00s
[Coarse] dedode_L-C4-v2_G-C4 pair 14: dE=-18039.9 m dN=-308.2 m (phasecorr@315m, support=None, peak=0.04961982255158601) 
dedode_L-C4-v2_G-C4: Processing pair 14 from disk...
dedode_L-C4-v2_G-C4: 7 match-sets in 3.74s
[Coarse] dedode_L-C4-v2_G-C4 pair 15: dE=-17482.5 m dN=-630.0 m (matcher@315m, support=12, peak=None) 
dedode_L-C4-v2_G-C4: Processing pair 15 from disk...
dedode_L-C4-v2_G-C4: 7 match-sets in 3.67s
[Coarse] dedode_L-C4-v2_G-C4 pair 16: dE=-18113.0 m dN=-129.2 m (phasecorr@315m, support=None, peak=0.054434785683949785) 
dedode_L-C4-v2_G-C4: Processing pair 16 from disk...
dedode_L-C4-v2_G-C4: 5 match-sets in 2.40s
[Coarse] dedode_L-C4-v2_G-C4 pair 17: dE=-18272.3 m dN=-53.0 m (phasecorr@315m, support=None, peak=0.05276745311419169) 
dedode_L-C4-v2_G-C4: Processing pair 17 from disk...
dedode_L-C4-v2_G-C4: 7 match-sets in 2.39s
[Coarse] dedode_L-C4-v2_G-C4 pair 18: dE=-17482.5 m dN=-630.0 m (from-pair-15 (phasecorr disagreed), support=None, peak=0.06863816733713503) 
dedode_L-C4-v2_G-C4: Processing pair 18 from disk...
dedode_L-C4-v2_G-C4: 0 match-sets in 0.00s
[Coarse] dedode_L-C4-v2_G-C4 pair 19: dE=-17482.5 m dN=-630.0 m (from-pair-15 (phasecorr disagreed), support=None, peak=0.15104582491848204) 
dedode_L-C4-v2_G-C4: Processing pair 19 from disk...
dedode_L-C4-v2_G-C4: 0 match-sets in 0.00s
[Coarse] dedode_L-C4-v2_G-C4 pair 20: dE=-17482.5 m dN=-630.0 m (from-pair-19, support=None, peak=None) 
dedode_L-C4-v2_G-C4: Processing pair 20 from disk...
dedode_L-C4-v2_G-C4: 0 match-sets in 0.00s
[Coarse] dedode_L-C4-v2_G-C4 pair 21: dE=-17482.5 m dN=-630.0 m (from-pair-15 (phasecorr disagreed), support=None, peak=0.036990950946454645) 
dedode_L-C4-v2_G-C4: Processing pair 21 from disk...
dedode_L-C4-v2_G-C4: 0 match-sets in 0.00s
[Coarse] dedode_L-C4-v2_G-C4 pair 22: dE=-17882.3 m dN=-311.5 m (phasecorr@315m, support=None, peak=0.12721613845825194) 
dedode_L-C4-v2_G-C4: Processing pair 22 from disk...
dedode_L-C4-v2_G-C4: 5 match-sets in 2.70s
[Coarse] dedode_L-C4-v2_G-C4 pair 23: dE=-17911.9 m dN=-326.6 m (phasecorr@315m, support=None, peak=0.12881409482955933) 
dedode_L-C4-v2_G-C4: Processing pair 23 from disk...
dedode_L-C4-v2_G-C4: 7 match-sets in 2.71s
[Coarse] dedode_L-C4-v2_G-C4 pair 24: dE=-17928.8 m dN=-415.6 m (phasecorr@315m, support=None, peak=0.035175936365127565) 
dedode_L-C4-v2_G-C4: Processing pair 24 from disk...
dedode_L-C4-v2_G-C4: 6 match-sets in 2.70s
[Coarse] dedode_L-C4-v2_G-C4 pair 25: dE=-17844.2 m dN=-348.0 m (phasecorr@315m, support=None, peak=0.15328786741892497) 
dedode_L-C4-v2_G-C4: Processing pair 25 from disk...
dedode_L-C4-v2_G-C4: 6 match-sets in 2.72s
[Coarse] dedode_L-C4-v2_G-C4 pair 26: dE=-17482.5 m dN=-630.0 m (from-pair-27, support=None, peak=None) 
dedode_L-C4-v2_G-C4: Processing pair 26 from disk...
dedode_L-C4-v2_G-C4: 4 match-sets in 4.10s
[Coarse] dedode_L-C4-v2_G-C4 pair 27: dE=-17482.5 m dN=-630.0 m (from-pair-15 (phasecorr disagreed), support=None, peak=0.05064041456057702) 
dedode_L-C4-v2_G-C4: Processing pair 27 from disk...
dedode_L-C4-v2_G-C4: 4 match-sets in 3.05s
Saved:
 CHIP_STATS_ALL.csv
 CHIP_STATS_SURVIVORS.csv
 CONSENSUS_SCORES.csv
 BEST_CHIP_SET.csv
 BEST_CHIP_MANIFEST.csv
 BEST_FINAL_SUMMARY.csv
[band1] dedode_L-C4-v2_G-C4 ok in 1.3 min, peak GPU memory 25.7 of 39.4 GB
--------------------------------------------------------------------------------
[band1] Running keynet
KeyNet: Loading KeyNet-AffNet-HardNet (upright=True)...
keynet: Initializing LightGlue {'filter_threshold': 0.1, 'depth_confidence': 0.95, 'width_confidence': 0.99}...
Loaded LightGlue model
[Coarse] pair 3: no reliable coarse offset (matcher: no matches; phasecorr: {'dx': -16147.443677524008, 'dy': -26751.975000537102, 'support': None, 'n': None, 'peak': 0.00032880983234923565}); windows compared in place
[Coarse] pair 4: no reliable coarse offset (matcher: no matches; phasecorr: {'dx': 12882.472481301173, 'dy': 92621.70938170607, 'support': None, 'n': None, 'peak': -0.00012715039429841217}); windows compared in place
[Coarse] pair 5: no reliable coarse offset (matcher: no matches; phasecorr: {'dx': 3156.3479216096807, 'dy': 18300.67805989782, 'support': None, 'n': None, 'peak': 0.020832994549224774}); windows compared in place
[Coarse] pair 6: no reliable coarse offset (matcher: no matches; phasecorr: {'dx': -15852.800158210905, 'dy': 18737.59796077822, 'support': None, 'n': None, 'peak': -0.0027571213742097218}); windows compared in place
[Coarse] pair 11: no reliable coarse offset (matcher: {'dx': -18063.43359375, 'dy': -150.17578125, 'support': 5, 'n': 5, 'peak': None}; phasecorr: {'dx': -18107.733154651494, 'dy': -332.5590928480355, 'support': None, 'n': None, 'peak': 0.020898853179031604}); windows compared in place
[Coarse] pair 20: no reliable coarse offset (matcher: no matches; phasecorr: {'dx': -28903.23193639674, 'dy': -12953.216285335406, 'support': None, 'n': None, 'peak': 0.008737401829825507}); windows compared in place
[Coarse] pair 26: no reliable coarse offset (matcher: no matches; phasecorr: {'dx': -96306.08142606622, 'dy': -17142.367293993742, 'support': None, 'n': None, 'peak': 0.02253384519977334}); windows compared in place
[Coarse] pair 2: phase correlation gave dE=-8934 m dN=5487 m, 10.5 km from every offset the matcher measured; using pair 1's (dE=-18089 m dN=-482 m)
[Coarse] pair 10: phase correlation gave dE=43169 m dN=-4147 m, 61.0 km from every offset the matcher measured; using pair 8's (dE=-17733 m dN=-224 m)
[Coarse] pair 12: phase correlation gave dE=-1877 m dN=10017 m, 18.9 km from every offset the matcher measured; using pair 8's (dE=-17733 m dN=-224 m)
[Coarse] pair 13: phase correlation gave dE=7584 m dN=8567 m, 26.8 km from every offset the matcher measured; using pair 8's (dE=-17733 m dN=-224 m)
[Coarse] pair 18: phase correlation gave dE=744 m dN=-16615 m, 24.7 km from every offset the matcher measured; using pair 25's (dE=-17955 m dN=-268 m)
[Coarse] pair 19: phase correlation gave dE=11920 m dN=-17918 m, 34.5 km from every offset the matcher measured; using pair 25's (dE=-17955 m dN=-268 m)
[Coarse] pair 21: phase correlation gave dE=-11414 m dN=-17047 m, 17.8 km from every offset the matcher measured; using pair 25's (dE=-17955 m dN=-268 m)
[Coarse] pair 27: phase correlation gave dE=-97898 m dN=-6012 m, 80.0 km from every offset the matcher measured; using pair 23's (dE=-17955 m dN=-47 m)
[Coarse] keynet pair 1: dE=-18088.9 m dN=-481.9 m (matcher@315m, support=10, peak=None) 
keynet: Processing pair 1 from disk...
keynet: 7 match-sets in 1.75s
[Coarse] keynet pair 2: dE=-18088.9 m dN=-481.9 m (from-pair-1 (phasecorr disagreed), support=None, peak=0.03413578109976686) 
keynet: Processing pair 2 from disk...
keynet: 6 match-sets in 1.61s
[Coarse] keynet pair 3: dE=-18088.9 m dN=-481.9 m (from-pair-1, support=None, peak=None) 
keynet: Processing pair 3 from disk...
keynet: 4 match-sets in 1.65s
[Coarse] keynet pair 4: dE=-18088.9 m dN=-481.9 m (from-pair-2, support=None, peak=None) 
keynet: Processing pair 4 from disk...
keynet: 6 match-sets in 1.66s
[Coarse] keynet pair 5: dE=-18088.9 m dN=-481.9 m (from-pair-2, support=None, peak=None) 
keynet: Processing pair 5 from disk...
keynet: 6 match-sets in 1.62s
[Coarse] keynet pair 6: dE=-18088.9 m dN=-481.9 m (from-pair-2, support=None, peak=None) 
keynet: Processing pair 6 from disk...
keynet: 6 match-sets in 1.56s
[Coarse] keynet pair 7: dE=-18018.9 m dN=-563.0 m (matcher@315m, support=23, peak=None) 
keynet: Processing pair 7 from disk...
keynet: 7 match-sets in 2.61s
[Coarse] keynet pair 8: dE=-17732.6 m dN=-224.3 m (matcher@315m, support=8, peak=None) 
keynet: Processing pair 8 from disk...
keynet: 7 match-sets in 3.04s
[Coarse] keynet pair 9: dE=-18049.6 m dN=-568.1 m (matcher@315m, support=26, peak=None) 
keynet: Processing pair 9 from disk...
keynet: 7 match-sets in 2.48s
[Coarse] keynet pair 10: dE=-17732.6 m dN=-224.3 m (from-pair-8 (phasecorr disagreed), support=None, peak=0.04791493653487985) 
keynet: Processing pair 10 from disk...
keynet: 4 match-sets in 2.56s
[Coarse] keynet pair 11: dE=-17732.6 m dN=-224.3 m (from-pair-10, support=None, peak=None) 
keynet: Processing pair 11 from disk...
keynet: 6 match-sets in 2.43s
[Coarse] keynet pair 12: dE=-17732.6 m dN=-224.3 m (from-pair-8 (phasecorr disagreed), support=None, peak=0.1047012765466431) 
keynet: Processing pair 12 from disk...
keynet: 0 match-sets in 0.00s
[Coarse] keynet pair 13: dE=-17732.6 m dN=-224.3 m (from-pair-8 (phasecorr disagreed), support=None, peak=0.09384612739086151) 
keynet: Processing pair 13 from disk...
keynet: 0 match-sets in 0.00s
[Coarse] keynet pair 14: dE=-17955.0 m dN=-36.9 m (matcher@315m, support=128, peak=None) 
keynet: Processing pair 14 from disk...
keynet: 7 match-sets in 3.06s
[Coarse] keynet pair 15: dE=-17955.0 m dN=-248.4 m (matcher@315m, support=200, peak=None) 
keynet: Processing pair 15 from disk...
keynet: 7 match-sets in 2.43s
[Coarse] keynet pair 16: dE=-18062.0 m dN=-183.5 m (matcher@315m, support=91, peak=None) 
keynet: Processing pair 16 from disk...
keynet: 7 match-sets in 2.57s
[Coarse] keynet pair 17: dE=-18055.8 m dN=-211.2 m (matcher@315m, support=196, peak=None) 
keynet: Processing pair 17 from disk...
keynet: 7 match-sets in 1.76s
[Coarse] keynet pair 18: dE=-17955.0 m dN=-267.9 m (from-pair-25 (phasecorr disagreed), support=None, peak=0.06863816733713503) 
keynet: Processing pair 18 from disk...
keynet: 0 match-sets in 0.00s
[Coarse] keynet pair 19: dE=-17955.0 m dN=-267.9 m (from-pair-25 (phasecorr disagreed), support=None, peak=0.15104582491848204) 
keynet: Processing pair 19 from disk...
keynet: 0 match-sets in 0.00s
[Coarse] keynet pair 20: dE=-17955.0 m dN=-267.9 m (from-pair-19, support=None, peak=None) 
keynet: Processing pair 20 from disk...
keynet: 0 match-sets in 0.00s
[Coarse] keynet pair 21: dE=-17955.0 m dN=-267.9 m (from-pair-25 (phasecorr disagreed), support=None, peak=0.036990950946454645) 
keynet: Processing pair 21 from disk...
keynet: 0 match-sets in 0.00s
[Coarse] keynet pair 22: dE=-18018.0 m dN=-230.3 m (matcher@315m, support=37, peak=None) 
keynet: Processing pair 22 from disk...
keynet: 7 match-sets in 2.66s
[Coarse] keynet pair 23: dE=-17955.0 m dN=-46.8 m (matcher@315m, support=37, peak=None) 
keynet: Processing pair 23 from disk...
keynet: 7 match-sets in 1.80s
[Coarse] keynet pair 24: dE=-17955.0 m dN=-248.9 m (matcher@315m, support=44, peak=None) 
keynet: Processing pair 24 from disk...
keynet: 7 match-sets in 2.16s
[Coarse] keynet pair 25: dE=-17955.0 m dN=-267.9 m (matcher@315m, support=51, peak=None) 
keynet: Processing pair 25 from disk...
keynet: 7 match-sets in 2.03s
[Coarse] keynet pair 26: dE=-17955.0 m dN=-46.8 m (from-pair-27, support=None, peak=None) 
keynet: Processing pair 26 from disk...
keynet: 4 match-sets in 1.82s
[Coarse] keynet pair 27: dE=-17955.0 m dN=-46.8 m (from-pair-23 (phasecorr disagreed), support=None, peak=0.05064041456057702) 
keynet: Processing pair 27 from disk...
keynet: 6 match-sets in 1.81s
Saved:
 CHIP_STATS_ALL.csv
 CHIP_STATS_SURVIVORS.csv
 CONSENSUS_SCORES.csv
 BEST_CHIP_SET.csv
 BEST_CHIP_MANIFEST.csv
 BEST_FINAL_SUMMARY.csv
[band1] keynet ok in 1.4 min, peak GPU memory 3.9 of 39.4 GB
--------------------------------------------------------------------------------
[band1] Running dog_hardnet
DoG: Loading HardNet (upright=True)...
dog: Initializing LightGlue {'filter_threshold': 0.1, 'depth_confidence': 0.95, 'width_confidence': 0.99}...
Loaded LightGlue model
[Coarse] pair 3: no reliable coarse offset (matcher: no matches; phasecorr: {'dx': -16147.443677524008, 'dy': -26751.975000537102, 'support': None, 'n': None, 'peak': 0.00032880983234923565}); windows compared in place
[Coarse] pair 4: no reliable coarse offset (matcher: no matches; phasecorr: {'dx': 12882.472481301173, 'dy': 92621.70938170607, 'support': None, 'n': None, 'peak': -0.00012715039429841217}); windows compared in place
[Coarse] pair 5: no reliable coarse offset (matcher: {'dx': -18270.0, 'dy': -733.78515625, 'support': 3, 'n': 3, 'peak': None}; phasecorr: {'dx': 3156.3479216096807, 'dy': 18300.67805989782, 'support': None, 'n': None, 'peak': 0.020832994549224774}); windows compared in place
[Coarse] pair 6: no reliable coarse offset (matcher: no matches; phasecorr: {'dx': -15852.800158210905, 'dy': 18737.59796077822, 'support': None, 'n': None, 'peak': -0.0027571213742097218}); windows compared in place
[Coarse] pair 11: no reliable coarse offset (matcher: {'dx': -18058.80859375, 'dy': -166.259765625, 'support': 6, 'n': 6, 'peak': None}; phasecorr: {'dx': -18107.733154651494, 'dy': -332.5590928480355, 'support': None, 'n': None, 'peak': 0.020898853179031604}); windows compared in place
[Coarse] pair 20: no reliable coarse offset (matcher: no matches; phasecorr: {'dx': -28903.23193639674, 'dy': -12953.216285335406, 'support': None, 'n': None, 'peak': 0.008737401829825507}); windows compared in place
[Coarse] pair 26: no reliable coarse offset (matcher: no matches; phasecorr: {'dx': -96306.08142606622, 'dy': -17142.367293993742, 'support': None, 'n': None, 'peak': 0.02253384519977334}); windows compared in place
[Coarse] pair 2: phase correlation gave dE=-8934 m dN=5487 m, 10.5 km from every offset the matcher measured; using pair 9's (dE=-17955 m dN=-575 m)
[Coarse] pair 10: phase correlation gave dE=43169 m dN=-4147 m, 61.0 km from every offset the matcher measured; using pair 8's (dE=-17955 m dN=-353 m)
[Coarse] pair 12: phase correlation gave dE=-1877 m dN=10017 m, 18.9 km from every offset the matcher measured; using pair 8's (dE=-17955 m dN=-353 m)
[Coarse] pair 13: phase correlation gave dE=7584 m dN=8567 m, 26.8 km from every offset the matcher measured; using pair 8's (dE=-17955 m dN=-353 m)
[Coarse] pair 18: phase correlation gave dE=744 m dN=-16615 m, 24.6 km from every offset the matcher measured; using pair 25's (dE=-17860 m dN=-274 m)
[Coarse] pair 19: phase correlation gave dE=11920 m dN=-17918 m, 34.5 km from every offset the matcher measured; using pair 25's (dE=-17860 m dN=-274 m)
[Coarse] pair 21: phase correlation gave dE=-11414 m dN=-17047 m, 17.7 km from every offset the matcher measured; using pair 25's (dE=-17860 m dN=-274 m)
[Coarse] pair 27: phase correlation gave dE=-97898 m dN=-6012 m, 80.1 km from every offset the matcher measured; using pair 23's (dE=-17724 m dN=-263 m)
[Coarse] dog_hardnet pair 1: dE=-18062.2 m dN=-904.8 m (phasecorr@315m, support=None, peak=0.03257782713572184) 
dog_hardnet: Processing pair 1 from disk...
dog_hardnet: 7 match-sets in 0.53s
[Coarse] dog_hardnet pair 2: dE=-17955.0 m dN=-575.2 m (from-pair-9 (phasecorr disagreed), support=None, peak=0.03413578109976686) 
dog_hardnet: Processing pair 2 from disk...
dog_hardnet: 6 match-sets in 0.60s
[Coarse] dog_hardnet pair 3: dE=-18062.2 m dN=-904.8 m (from-pair-1, support=None, peak=None) 
dog_hardnet: Processing pair 3 from disk...
dog_hardnet: 6 match-sets in 0.57s
[Coarse] dog_hardnet pair 4: dE=-17955.0 m dN=-575.2 m (from-pair-2, support=None, peak=None) 
dog_hardnet: Processing pair 4 from disk...
dog_hardnet: 6 match-sets in 0.60s
[Coarse] dog_hardnet pair 5: dE=-17955.0 m dN=-575.2 m (from-pair-2, support=None, peak=None) 
dog_hardnet: Processing pair 5 from disk...
dog_hardnet: 5 match-sets in 0.58s
[Coarse] dog_hardnet pair 6: dE=-17955.0 m dN=-575.2 m (from-pair-2, support=None, peak=None) 
dog_hardnet: Processing pair 6 from disk...
dog_hardnet: 4 match-sets in 0.58s
[Coarse] dog_hardnet pair 7: dE=-17955.0 m dN=-576.0 m (matcher@315m, support=17, peak=None) 
dog_hardnet: Processing pair 7 from disk...
dog_hardnet: 7 match-sets in 1.10s
[Coarse] dog_hardnet pair 8: dE=-17955.0 m dN=-353.0 m (matcher@315m, support=20, peak=None) 
dog_hardnet: Processing pair 8 from disk...
dog_hardnet: 7 match-sets in 1.19s
[Coarse] dog_hardnet pair 9: dE=-17955.0 m dN=-575.2 m (matcher@315m, support=26, peak=None) 
dog_hardnet: Processing pair 9 from disk...
dog_hardnet: 7 match-sets in 1.13s
[Coarse] dog_hardnet pair 10: dE=-17955.0 m dN=-353.0 m (from-pair-8 (phasecorr disagreed), support=None, peak=0.04791493653487985) 
dog_hardnet: Processing pair 10 from disk...
dog_hardnet: 6 match-sets in 1.00s
[Coarse] dog_hardnet pair 11: dE=-17955.0 m dN=-353.0 m (from-pair-10, support=None, peak=None) 
dog_hardnet: Processing pair 11 from disk...
dog_hardnet: 7 match-sets in 0.94s
[Coarse] dog_hardnet pair 12: dE=-17955.0 m dN=-353.0 m (from-pair-8 (phasecorr disagreed), support=None, peak=0.1047012765466431) 
dog_hardnet: Processing pair 12 from disk...
dog_hardnet: 0 match-sets in 0.00s
[Coarse] dog_hardnet pair 13: dE=-17955.0 m dN=-353.0 m (from-pair-8 (phasecorr disagreed), support=None, peak=0.09384612739086151) 
dog_hardnet: Processing pair 13 from disk...
dog_hardnet: 0 match-sets in 0.00s
[Coarse] dog_hardnet pair 14: dE=-17906.2 m dN=-253.3 m (matcher@315m, support=181, peak=None) 
dog_hardnet: Processing pair 14 from disk...
dog_hardnet: 7 match-sets in 1.19s
[Coarse] dog_hardnet pair 15: dE=-17924.8 m dN=-265.1 m (matcher@315m, support=286, peak=None) 
dog_hardnet: Processing pair 15 from disk...
dog_hardnet: 7 match-sets in 1.16s
[Coarse] dog_hardnet pair 16: dE=-17955.0 m dN=-189.7 m (matcher@315m, support=118, peak=None) 
dog_hardnet: Processing pair 16 from disk...
dog_hardnet: 7 match-sets in 0.87s
[Coarse] dog_hardnet pair 17: dE=-17955.0 m dN=-256.5 m (matcher@315m, support=220, peak=None) 
dog_hardnet: Processing pair 17 from disk...
dog_hardnet: 7 match-sets in 0.85s
[Coarse] dog_hardnet pair 18: dE=-17860.5 m dN=-274.3 m (from-pair-25 (phasecorr disagreed), support=None, peak=0.06863816733713503) 
dog_hardnet: Processing pair 18 from disk...
dog_hardnet: 0 match-sets in 0.00s
[Coarse] dog_hardnet pair 19: dE=-17860.5 m dN=-274.3 m (from-pair-25 (phasecorr disagreed), support=None, peak=0.15104582491848204) 
dog_hardnet: Processing pair 19 from disk...
dog_hardnet: 0 match-sets in 0.00s
[Coarse] dog_hardnet pair 20: dE=-17860.5 m dN=-274.3 m (from-pair-19, support=None, peak=None) 
dog_hardnet: Processing pair 20 from disk...
dog_hardnet: 0 match-sets in 0.00s
[Coarse] dog_hardnet pair 21: dE=-17860.5 m dN=-274.3 m (from-pair-25 (phasecorr disagreed), support=None, peak=0.036990950946454645) 
dog_hardnet: Processing pair 21 from disk...
dog_hardnet: 0 match-sets in 0.00s
[Coarse] dog_hardnet pair 22: dE=-17796.8 m dN=-249.8 m (matcher@315m, support=80, peak=None) 
dog_hardnet: Processing pair 22 from disk...
dog_hardnet: 7 match-sets in 0.97s
[Coarse] dog_hardnet pair 23: dE=-17723.8 m dN=-262.6 m (matcher@315m, support=89, peak=None) 
dog_hardnet: Processing pair 23 from disk...
dog_hardnet: 7 match-sets in 0.96s
[Coarse] dog_hardnet pair 24: dE=-17796.8 m dN=-243.5 m (matcher@315m, support=90, peak=None) 
dog_hardnet: Processing pair 24 from disk...
dog_hardnet: 7 match-sets in 0.92s
[Coarse] dog_hardnet pair 25: dE=-17860.5 m dN=-274.3 m (matcher@315m, support=109, peak=None) 
dog_hardnet: Processing pair 25 from disk...
dog_hardnet: 7 match-sets in 0.95s
[Coarse] dog_hardnet pair 26: dE=-17723.8 m dN=-262.6 m (from-pair-27, support=None, peak=None) 
dog_hardnet: Processing pair 26 from disk...
dog_hardnet: 5 match-sets in 0.68s
[Coarse] dog_hardnet pair 27: dE=-17723.8 m dN=-262.6 m (from-pair-23 (phasecorr disagreed), support=None, peak=0.05064041456057702) 
dog_hardnet: Processing pair 27 from disk...
dog_hardnet: 5 match-sets in 0.68s
Saved:
 CHIP_STATS_ALL.csv
 CHIP_STATS_SURVIVORS.csv
 CONSENSUS_SCORES.csv
 BEST_CHIP_SET.csv
 BEST_CHIP_MANIFEST.csv
 BEST_FINAL_SUMMARY.csv
[band1] dog_hardnet ok in 0.6 min, peak GPU memory 4.9 of 39.4 GB
--------------------------------------------------------------------------------
[band1] Running dog_hardnet8
[dog_hardnet8] lgm not available for this variant -- skipped (available: smnn, ada, mnn, snn, nn, fginn)
DoG: Loading HardNet8 (upright=True)...
[band1] dog_hardnet8 SKIPPED -- model not available (see message above)
[band1] dog_hardnet8 failed in 0.0 min, peak GPU memory 0.0 of 39.4 GB
--------------------------------------------------------------------------------
[band1] Running dog_sosnet
[dog_sosnet] lgm not available for this variant -- skipped (available: smnn, ada, mnn, snn, nn, fginn)
DoG: Loading SOSNet (upright=True)...
[Weights] sosnet_32x32_liberty.pth from /maintenance/ICIGDev/GPUPOC/input/dqe/imw_runtime/imw_cache/torch/hub/checkpoints
[Coarse] pair 3: no reliable coarse offset (matcher: no matches; phasecorr: {'dx': -16147.443677524008, 'dy': -26751.975000537102, 'support': None, 'n': None, 'peak': 0.00032880983234923565}); windows compared in place
[Coarse] pair 4: no reliable coarse offset (matcher: {'dx': -18616.3671875, 'dy': -86.134765625, 'support': 2, 'n': 3, 'peak': None}; phasecorr: {'dx': 12882.472481301173, 'dy': 92621.70938170607, 'support': None, 'n': None, 'peak': -0.00012715039429841217}); windows compared in place
[Coarse] pair 5: no reliable coarse offset (matcher: no matches; phasecorr: {'dx': 3156.3479216096807, 'dy': 18300.67805989782, 'support': None, 'n': None, 'peak': 0.020832994549224774}); windows compared in place
[Coarse] pair 6: no reliable coarse offset (matcher: no matches; phasecorr: {'dx': -15852.800158210905, 'dy': 18737.59796077822, 'support': None, 'n': None, 'peak': -0.0027571213742097218}); windows compared in place
[Coarse] pair 11: no reliable coarse offset (matcher: no matches; phasecorr: {'dx': -18107.733154651494, 'dy': -332.5590928480355, 'support': None, 'n': None, 'peak': 0.020898853179031604}); windows compared in place
[Coarse] pair 20: no reliable coarse offset (matcher: no matches; phasecorr: {'dx': -28903.23193639674, 'dy': -12953.216285335406, 'support': None, 'n': None, 'peak': 0.008737401829825507}); windows compared in place
[Coarse] pair 26: no reliable coarse offset (matcher: no matches; phasecorr: {'dx': -96306.08142606622, 'dy': -17142.367293993742, 'support': None, 'n': None, 'peak': 0.02253384519977334}); windows compared in place
[Coarse] pair 2: phase correlation gave dE=-8934 m dN=5487 m, 10.5 km from every offset the matcher measured; using pair 9's (dE=-17955 m dN=-579 m)
[Coarse] pair 10: phase correlation gave dE=43169 m dN=-4147 m, 61.1 km from every offset the matcher measured; using pair 8's (dE=-17784 m dN=-355 m)
[Coarse] pair 12: phase correlation gave dE=-1877 m dN=10017 m, 18.9 km from every offset the matcher measured; using pair 8's (dE=-17784 m dN=-355 m)
[Coarse] pair 13: phase correlation gave dE=7584 m dN=8567 m, 26.9 km from every offset the matcher measured; using pair 8's (dE=-17784 m dN=-355 m)
[Coarse] pair 18: phase correlation gave dE=744 m dN=-16615 m, 24.6 km from every offset the matcher measured; using pair 25's (dE=-17870 m dN=-274 m)
[Coarse] pair 19: phase correlation gave dE=11920 m dN=-17918 m, 34.5 km from every offset the matcher measured; using pair 25's (dE=-17870 m dN=-274 m)
[Coarse] pair 21: phase correlation gave dE=-11414 m dN=-17047 m, 17.7 km from every offset the matcher measured; using pair 25's (dE=-17870 m dN=-274 m)
[Coarse] pair 27: phase correlation gave dE=-97898 m dN=-6012 m, 80.1 km from every offset the matcher measured; using pair 23's (dE=-17922 m dN=-253 m)
[Coarse] dog_sosnet pair 1: dE=-18062.2 m dN=-904.8 m (phasecorr@315m, support=None, peak=0.03257782713572184) 
dog_sosnet: Processing pair 1 from disk...
dog_sosnet: 6 match-sets in 0.35s
[Coarse] dog_sosnet pair 2: dE=-17955.0 m dN=-579.3 m (from-pair-9 (phasecorr disagreed), support=None, peak=0.03413578109976686) 
dog_sosnet: Processing pair 2 from disk...
dog_sosnet: 5 match-sets in 0.34s
[Coarse] dog_sosnet pair 3: dE=-18062.2 m dN=-904.8 m (from-pair-1, support=None, peak=None) 
dog_sosnet: Processing pair 3 from disk...
dog_sosnet: 4 match-sets in 0.33s
[Coarse] dog_sosnet pair 4: dE=-17955.0 m dN=-579.3 m (from-pair-2, support=None, peak=None) 
dog_sosnet: Processing pair 4 from disk...
dog_sosnet: 4 match-sets in 0.37s
[Coarse] dog_sosnet pair 5: dE=-17955.0 m dN=-579.3 m (from-pair-2, support=None, peak=None) 
dog_sosnet: Processing pair 5 from disk...
dog_sosnet: 4 match-sets in 0.37s
[Coarse] dog_sosnet pair 6: dE=-17955.0 m dN=-579.3 m (from-pair-2, support=None, peak=None) 
dog_sosnet: Processing pair 6 from disk...
dog_sosnet: 3 match-sets in 0.37s
[Coarse] dog_sosnet pair 7: dE=-18010.3 m dN=-575.2 m (matcher@315m, support=19, peak=None) 
dog_sosnet: Processing pair 7 from disk...
dog_sosnet: 6 match-sets in 0.83s
[Coarse] dog_sosnet pair 8: dE=-17784.5 m dN=-355.4 m (matcher@315m, support=19, peak=None) 
dog_sosnet: Processing pair 8 from disk...
dog_sosnet: 6 match-sets in 0.88s
[Coarse] dog_sosnet pair 9: dE=-17955.0 m dN=-579.3 m (matcher@315m, support=31, peak=None) 
dog_sosnet: Processing pair 9 from disk...
dog_sosnet: 6 match-sets in 0.84s
[Coarse] dog_sosnet pair 10: dE=-17784.5 m dN=-355.4 m (from-pair-8 (phasecorr disagreed), support=None, peak=0.04791493653487985) 
dog_sosnet: Processing pair 10 from disk...
dog_sosnet: 4 match-sets in 0.72s
[Coarse] dog_sosnet pair 11: dE=-17784.5 m dN=-355.4 m (from-pair-10, support=None, peak=None) 
dog_sosnet: Processing pair 11 from disk...
dog_sosnet: 4 match-sets in 0.71s
[Coarse] dog_sosnet pair 12: dE=-17784.5 m dN=-355.4 m (from-pair-8 (phasecorr disagreed), support=None, peak=0.1047012765466431) 
dog_sosnet: Processing pair 12 from disk...
dog_sosnet: 0 match-sets in 0.00s
[Coarse] dog_sosnet pair 13: dE=-17784.5 m dN=-355.4 m (from-pair-8 (phasecorr disagreed), support=None, peak=0.09384612739086151) 
dog_sosnet: Processing pair 13 from disk...
dog_sosnet: 0 match-sets in 0.00s
[Coarse] dog_sosnet pair 14: dE=-17908.7 m dN=-255.7 m (matcher@315m, support=192, peak=None) 
dog_sosnet: Processing pair 14 from disk...
dog_sosnet: 6 match-sets in 1.00s
[Coarse] dog_sosnet pair 15: dE=-17925.2 m dN=-263.8 m (matcher@315m, support=292, peak=None) 
dog_sosnet: Processing pair 15 from disk...
dog_sosnet: 6 match-sets in 0.98s
[Coarse] dog_sosnet pair 16: dE=-17955.0 m dN=-189.4 m (matcher@315m, support=111, peak=None) 
dog_sosnet: Processing pair 16 from disk...
dog_sosnet: 6 match-sets in 0.71s
[Coarse] dog_sosnet pair 17: dE=-17955.0 m dN=-250.3 m (matcher@315m, support=228, peak=None) 
dog_sosnet: Processing pair 17 from disk...
dog_sosnet: 6 match-sets in 0.72s
[Coarse] dog_sosnet pair 18: dE=-17870.0 m dN=-274.2 m (from-pair-25 (phasecorr disagreed), support=None, peak=0.06863816733713503) 
dog_sosnet: Processing pair 18 from disk...
dog_sosnet: 0 match-sets in 0.00s
[Coarse] dog_sosnet pair 19: dE=-17870.0 m dN=-274.2 m (from-pair-25 (phasecorr disagreed), support=None, peak=0.15104582491848204) 
dog_sosnet: Processing pair 19 from disk...
dog_sosnet: 0 match-sets in 0.00s
[Coarse] dog_sosnet pair 20: dE=-17870.0 m dN=-274.2 m (from-pair-19, support=None, peak=None) 
dog_sosnet: Processing pair 20 from disk...
dog_sosnet: 0 match-sets in 0.00s
[Coarse] dog_sosnet pair 21: dE=-17870.0 m dN=-274.2 m (from-pair-25 (phasecorr disagreed), support=None, peak=0.036990950946454645) 
dog_sosnet: Processing pair 21 from disk...
dog_sosnet: 0 match-sets in 0.00s
[Coarse] dog_sosnet pair 22: dE=-17796.8 m dN=-225.2 m (matcher@315m, support=67, peak=None) 
dog_sosnet: Processing pair 22 from disk...
dog_sosnet: 6 match-sets in 1.11s
[Coarse] dog_sosnet pair 23: dE=-17922.4 m dN=-252.7 m (matcher@315m, support=77, peak=None) 
dog_sosnet: Processing pair 23 from disk...
dog_sosnet: 6 match-sets in 0.81s
[Coarse] dog_sosnet pair 24: dE=-17796.5 m dN=-253.9 m (matcher@315m, support=93, peak=None) 
dog_sosnet: Processing pair 24 from disk...
dog_sosnet: 6 match-sets in 0.76s
[Coarse] dog_sosnet pair 25: dE=-17870.0 m dN=-274.2 m (matcher@315m, support=96, peak=None) 
dog_sosnet: Processing pair 25 from disk...
dog_sosnet: 6 match-sets in 0.79s
[Coarse] dog_sosnet pair 26: dE=-17922.4 m dN=-252.7 m (from-pair-27, support=None, peak=None) 
dog_sosnet: Processing pair 26 from disk...
dog_sosnet: 4 match-sets in 0.53s
[Coarse] dog_sosnet pair 27: dE=-17922.4 m dN=-252.7 m (from-pair-23 (phasecorr disagreed), support=None, peak=0.05064041456057702) 
dog_sosnet: Processing pair 27 from disk...
dog_sosnet: 5 match-sets in 0.53s
Saved:
 CHIP_STATS_ALL.csv
 CHIP_STATS_SURVIVORS.csv
 CONSENSUS_SCORES.csv
 BEST_CHIP_SET.csv
 BEST_CHIP_MANIFEST.csv
 BEST_FINAL_SUMMARY.csv
[band1] dog_sosnet ok in 0.3 min, peak GPU memory 3.3 of 39.4 GB
--------------------------------------------------------------------------------
[band1] Running dog_hynet
[dog_hynet] lgm not available for this variant -- skipped (available: smnn, ada, mnn, snn, nn, fginn)
DoG: Loading HyNet (upright=True)...
[Coarse] pair 3: no reliable coarse offset (matcher: no matches; phasecorr: {'dx': -16147.443677524008, 'dy': -26751.975000537102, 'support': None, 'n': None, 'peak': 0.00032880983234923565}); windows compared in place
[Coarse] pair 4: no reliable coarse offset (matcher: no matches; phasecorr: {'dx': 12882.472481301173, 'dy': 92621.70938170607, 'support': None, 'n': None, 'peak': -0.00012715039429841217}); windows compared in place
[Coarse] pair 5: no reliable coarse offset (matcher: no matches; phasecorr: {'dx': 3156.3479216096807, 'dy': 18300.67805989782, 'support': None, 'n': None, 'peak': 0.020832994549224774}); windows compared in place
[Coarse] pair 6: no reliable coarse offset (matcher: no matches; phasecorr: {'dx': -15852.800158210905, 'dy': 18737.59796077822, 'support': None, 'n': None, 'peak': -0.0027571213742097218}); windows compared in place
[Coarse] pair 11: no reliable coarse offset (matcher: {'dx': -18059.734375, 'dy': -171.6171875, 'support': 3, 'n': 3, 'peak': None}; phasecorr: {'dx': -18107.733154651494, 'dy': -332.5590928480355, 'support': None, 'n': None, 'peak': 0.020898853179031604}); windows compared in place
[Coarse] pair 20: no reliable coarse offset (matcher: no matches; phasecorr: {'dx': -28903.23193639674, 'dy': -12953.216285335406, 'support': None, 'n': None, 'peak': 0.008737401829825507}); windows compared in place
[Coarse] pair 26: no reliable coarse offset (matcher: no matches; phasecorr: {'dx': -96306.08142606622, 'dy': -17142.367293993742, 'support': None, 'n': None, 'peak': 0.02253384519977334}); windows compared in place
[Coarse] pair 2: phase correlation gave dE=-8934 m dN=5487 m, 10.5 km from every offset the matcher measured; using pair 9's (dE=-17955 m dN=-576 m)
[Coarse] pair 10: phase correlation gave dE=43169 m dN=-4147 m, 61.1 km from every offset the matcher measured; using pair 8's (dE=-17940 m dN=-354 m)
[Coarse] pair 12: phase correlation gave dE=-1877 m dN=10017 m, 18.9 km from every offset the matcher measured; using pair 8's (dE=-17940 m dN=-354 m)
[Coarse] pair 13: phase correlation gave dE=7584 m dN=8567 m, 26.8 km from every offset the matcher measured; using pair 8's (dE=-17940 m dN=-354 m)
[Coarse] pair 18: phase correlation gave dE=744 m dN=-16615 m, 24.6 km from every offset the matcher measured; using pair 25's (dE=-17807 m dN=-275 m)
[Coarse] pair 19: phase correlation gave dE=11920 m dN=-17918 m, 34.5 km from every offset the matcher measured; using pair 25's (dE=-17807 m dN=-275 m)
[Coarse] pair 21: phase correlation gave dE=-11414 m dN=-17047 m, 17.7 km from every offset the matcher measured; using pair 25's (dE=-17807 m dN=-275 m)
[Coarse] pair 27: phase correlation gave dE=-97898 m dN=-6012 m, 80.1 km from every offset the matcher measured; using pair 23's (dE=-17925 m dN=-258 m)
[Coarse] dog_hynet pair 1: dE=-18062.2 m dN=-904.8 m (phasecorr@315m, support=None, peak=0.03257782713572184) 
dog_hynet: Processing pair 1 from disk...
dog_hynet: 6 match-sets in 0.38s
[Coarse] dog_hynet pair 2: dE=-17955.0 m dN=-576.0 m (from-pair-9 (phasecorr disagreed), support=None, peak=0.03413578109976686) 
dog_hynet: Processing pair 2 from disk...
dog_hynet: 5 match-sets in 0.37s
[Coarse] dog_hynet pair 3: dE=-18062.2 m dN=-904.8 m (from-pair-1, support=None, peak=None) 
dog_hynet: Processing pair 3 from disk...
dog_hynet: 4 match-sets in 0.37s
[Coarse] dog_hynet pair 4: dE=-17955.0 m dN=-576.0 m (from-pair-2, support=None, peak=None) 
dog_hynet: Processing pair 4 from disk...
dog_hynet: 5 match-sets in 0.42s
[Coarse] dog_hynet pair 5: dE=-17955.0 m dN=-576.0 m (from-pair-2, support=None, peak=None) 
dog_hynet: Processing pair 5 from disk...
dog_hynet: 4 match-sets in 0.40s
[Coarse] dog_hynet pair 6: dE=-17955.0 m dN=-576.0 m (from-pair-2, support=None, peak=None) 
dog_hynet: Processing pair 6 from disk...
dog_hynet: 3 match-sets in 0.41s
[Coarse] dog_hynet pair 7: dE=-18012.3 m dN=-574.8 m (matcher@315m, support=21, peak=None) 
dog_hynet: Processing pair 7 from disk...
dog_hynet: 6 match-sets in 1.04s
[Coarse] dog_hynet pair 8: dE=-17940.3 m dN=-353.9 m (matcher@315m, support=18, peak=None) 
dog_hynet: Processing pair 8 from disk...
dog_hynet: 6 match-sets in 1.09s
[Coarse] dog_hynet pair 9: dE=-17955.0 m dN=-576.0 m (matcher@315m, support=28, peak=None) 
dog_hynet: Processing pair 9 from disk...
dog_hynet: 6 match-sets in 1.03s
[Coarse] dog_hynet pair 10: dE=-17940.3 m dN=-353.9 m (from-pair-8 (phasecorr disagreed), support=None, peak=0.04791493653487985) 
dog_hynet: Processing pair 10 from disk...
dog_hynet: 4 match-sets in 0.84s
[Coarse] dog_hynet pair 11: dE=-17940.3 m dN=-353.9 m (from-pair-10, support=None, peak=None) 
dog_hynet: Processing pair 11 from disk...
dog_hynet: 4 match-sets in 0.86s
[Coarse] dog_hynet pair 12: dE=-17940.3 m dN=-353.9 m (from-pair-8 (phasecorr disagreed), support=None, peak=0.1047012765466431) 
dog_hynet: Processing pair 12 from disk...
dog_hynet: 0 match-sets in 0.00s
[Coarse] dog_hynet pair 13: dE=-17940.3 m dN=-353.9 m (from-pair-8 (phasecorr disagreed), support=None, peak=0.09384612739086151) 
dog_hynet: Processing pair 13 from disk...
dog_hynet: 0 match-sets in 0.00s
[Coarse] dog_hynet pair 14: dE=-17910.3 m dN=-48.6 m (matcher@315m, support=159, peak=None) 
dog_hynet: Processing pair 14 from disk...
dog_hynet: 6 match-sets in 1.55s
[Coarse] dog_hynet pair 15: dE=-17927.1 m dN=-263.1 m (matcher@315m, support=264, peak=None) 
dog_hynet: Processing pair 15 from disk...
dog_hynet: 6 match-sets in 1.23s
[Coarse] dog_hynet pair 16: dE=-17955.0 m dN=-100.3 m (matcher@315m, support=116, peak=None) 
dog_hynet: Processing pair 16 from disk...
dog_hynet: 6 match-sets in 0.87s
[Coarse] dog_hynet pair 17: dE=-17955.0 m dN=-248.6 m (matcher@315m, support=210, peak=None) 
dog_hynet: Processing pair 17 from disk...
dog_hynet: 6 match-sets in 0.85s
[Coarse] dog_hynet pair 18: dE=-17806.5 m dN=-275.1 m (from-pair-25 (phasecorr disagreed), support=None, peak=0.06863816733713503) 
dog_hynet: Processing pair 18 from disk...
dog_hynet: 0 match-sets in 0.00s
[Coarse] dog_hynet pair 19: dE=-17806.5 m dN=-275.1 m (from-pair-25 (phasecorr disagreed), support=None, peak=0.15104582491848204) 
dog_hynet: Processing pair 19 from disk...
dog_hynet: 0 match-sets in 0.00s
[Coarse] dog_hynet pair 20: dE=-17806.5 m dN=-275.1 m (from-pair-19, support=None, peak=None) 
dog_hynet: Processing pair 20 from disk...
dog_hynet: 0 match-sets in 0.00s
[Coarse] dog_hynet pair 21: dE=-17806.5 m dN=-275.1 m (from-pair-25 (phasecorr disagreed), support=None, peak=0.036990950946454645) 
dog_hynet: Processing pair 21 from disk...
dog_hynet: 0 match-sets in 0.00s
[Coarse] dog_hynet pair 22: dE=-17794.9 m dN=-100.0 m (matcher@315m, support=54, peak=None) 
dog_hynet: Processing pair 22 from disk...
dog_hynet: 6 match-sets in 0.98s
[Coarse] dog_hynet pair 23: dE=-17925.0 m dN=-257.8 m (matcher@315m, support=68, peak=None) 
dog_hynet: Processing pair 23 from disk...
dog_hynet: 6 match-sets in 0.98s
[Coarse] dog_hynet pair 24: dE=-17797.6 m dN=-240.1 m (matcher@315m, support=71, peak=None) 
dog_hynet: Processing pair 24 from disk...
dog_hynet: 6 match-sets in 0.93s
[Coarse] dog_hynet pair 25: dE=-17806.5 m dN=-275.1 m (matcher@315m, support=86, peak=None) 
dog_hynet: Processing pair 25 from disk...
dog_hynet: 6 match-sets in 0.97s
[Coarse] dog_hynet pair 26: dE=-17925.0 m dN=-257.8 m (from-pair-27, support=None, peak=None) 
dog_hynet: Processing pair 26 from disk...
dog_hynet: 5 match-sets in 0.64s
[Coarse] dog_hynet pair 27: dE=-17925.0 m dN=-257.8 m (from-pair-23 (phasecorr disagreed), support=None, peak=0.05064041456057702) 
dog_hynet: Processing pair 27 from disk...
dog_hynet: 4 match-sets in 0.63s
Saved:
 CHIP_STATS_ALL.csv
 CHIP_STATS_SURVIVORS.csv
 CONSENSUS_SCORES.csv
 BEST_CHIP_SET.csv
 BEST_CHIP_MANIFEST.csv
 BEST_FINAL_SUMMARY.csv
[band1] dog_hynet ok in 0.4 min, peak GPU memory 4.5 of 39.4 GB
--------------------------------------------------------------------------------
[band1] Running dog_tfeat
[dog_tfeat] lgm not available for this variant -- skipped (available: smnn, ada, mnn, snn, nn, fginn)
DoG: Loading TFeat (upright=True)...
[band1] dog_tfeat SKIPPED -- model not available (see message above)
[band1] dog_tfeat failed in 0.0 min, peak GPU memory 0.0 of 39.4 GB
--------------------------------------------------------------------------------
[band1] Running gftt
GFTT-AffNet-HardNet: Loading (upright=True)...
[Coarse] pair 3: no reliable coarse offset (matcher: no matches; phasecorr: {'dx': -16147.443677524008, 'dy': -26751.975000537102, 'support': None, 'n': None, 'peak': 0.00032880983234923565}); windows compared in place
[Coarse] pair 4: no reliable coarse offset (matcher: no matches; phasecorr: {'dx': 12882.472481301173, 'dy': 92621.70938170607, 'support': None, 'n': None, 'peak': -0.00012715039429841217}); windows compared in place
[Coarse] pair 5: no reliable coarse offset (matcher: no matches; phasecorr: {'dx': 3156.3479216096807, 'dy': 18300.67805989782, 'support': None, 'n': None, 'peak': 0.020832994549224774}); windows compared in place
[Coarse] pair 6: no reliable coarse offset (matcher: no matches; phasecorr: {'dx': -15852.800158210905, 'dy': 18737.59796077822, 'support': None, 'n': None, 'peak': -0.0027571213742097218}); windows compared in place
[Coarse] pair 8: no reliable coarse offset (matcher: {'dx': -17699.0625, 'dy': -572.12890625, 'support': 3, 'n': 3, 'peak': None}; phasecorr: {'dx': -18002.059573769864, 'dy': -489.60497923140906, 'support': None, 'n': None, 'peak': 0.011968647486368816}); windows compared in place
[Coarse] pair 11: no reliable coarse offset (matcher: {'dx': -17955.0, 'dy': -315.0, 'support': 5, 'n': 5, 'peak': None}; phasecorr: {'dx': -18107.733154651494, 'dy': -332.5590928480355, 'support': None, 'n': None, 'peak': 0.020898853179031604}); windows compared in place
[Coarse] pair 20: no reliable coarse offset (matcher: no matches; phasecorr: {'dx': -28903.23193639674, 'dy': -12953.216285335406, 'support': None, 'n': None, 'peak': 0.008737401829825507}); windows compared in place
[Coarse] pair 26: no reliable coarse offset (matcher: no matches; phasecorr: {'dx': -96306.08142606622, 'dy': -17142.367293993742, 'support': None, 'n': None, 'peak': 0.02253384519977334}); windows compared in place
[Coarse] pair 2: phase correlation gave dE=-8934 m dN=5487 m, 10.4 km from every offset the matcher measured; using pair 9's (dE=-17955 m dN=-566 m)
[Coarse] pair 10: phase correlation gave dE=43169 m dN=-4147 m, 60.9 km from every offset the matcher measured; using pair 7's (dE=-17806 m dN=-571 m)
[Coarse] pair 12: phase correlation gave dE=-1877 m dN=10017 m, 18.8 km from every offset the matcher measured; using pair 7's (dE=-17806 m dN=-571 m)
[Coarse] pair 13: phase correlation gave dE=7584 m dN=8567 m, 26.7 km from every offset the matcher measured; using pair 7's (dE=-17806 m dN=-571 m)
[Coarse] pair 18: phase correlation gave dE=744 m dN=-16615 m, 24.5 km from every offset the matcher measured; using pair 25's (dE=-17656 m dN=-270 m)
[Coarse] pair 19: phase correlation gave dE=11920 m dN=-17918 m, 34.4 km from every offset the matcher measured; using pair 25's (dE=-17656 m dN=-270 m)
[Coarse] pair 21: phase correlation gave dE=-11414 m dN=-17047 m, 17.7 km from every offset the matcher measured; using pair 25's (dE=-17656 m dN=-270 m)
[Coarse] pair 27: phase correlation gave dE=-97898 m dN=-6012 m, 80.1 km from every offset the matcher measured; using pair 23's (dE=-17930 m dN=-53 m)
[Coarse] gftt pair 1: dE=-18062.2 m dN=-904.8 m (phasecorr@315m, support=None, peak=0.03257782713572184) 
gftt: Processing pair 1 from disk...
gftt: 5 match-sets in 0.71s
[Coarse] gftt pair 2: dE=-17955.0 m dN=-566.2 m (from-pair-9 (phasecorr disagreed), support=None, peak=0.03413578109976686) 
gftt: Processing pair 2 from disk...
gftt: 5 match-sets in 0.62s
[Coarse] gftt pair 3: dE=-18062.2 m dN=-904.8 m (from-pair-1, support=None, peak=None) 
gftt: Processing pair 3 from disk...
gftt: 5 match-sets in 0.71s
[Coarse] gftt pair 4: dE=-17955.0 m dN=-566.2 m (from-pair-2, support=None, peak=None) 
gftt: Processing pair 4 from disk...
gftt: 5 match-sets in 0.73s
[Coarse] gftt pair 5: dE=-17955.0 m dN=-566.2 m (from-pair-2, support=None, peak=None) 
gftt: Processing pair 5 from disk...
gftt: 5 match-sets in 0.77s
[Coarse] gftt pair 6: dE=-17955.0 m dN=-566.2 m (from-pair-2, support=None, peak=None) 
gftt: Processing pair 6 from disk...
gftt: 5 match-sets in 0.72s
[Coarse] gftt pair 7: dE=-17805.9 m dN=-570.8 m (matcher@315m, support=22, peak=None) 
gftt: Processing pair 7 from disk...
gftt: 6 match-sets in 1.41s
[Coarse] gftt pair 8: dE=-17805.9 m dN=-570.8 m (from-pair-7, support=None, peak=None) 
gftt: Processing pair 8 from disk...
gftt: 5 match-sets in 1.88s
[Coarse] gftt pair 9: dE=-17955.0 m dN=-566.2 m (matcher@315m, support=24, peak=None) 
gftt: Processing pair 9 from disk...
gftt: 6 match-sets in 1.57s
[Coarse] gftt pair 10: dE=-17805.9 m dN=-570.8 m (from-pair-7 (phasecorr disagreed), support=None, peak=0.04791493653487985) 
gftt: Processing pair 10 from disk...
gftt: 4 match-sets in 1.37s
[Coarse] gftt pair 11: dE=-17805.9 m dN=-570.8 m (from-pair-10, support=None, peak=None) 
gftt: Processing pair 11 from disk...
gftt: 5 match-sets in 1.35s
[Coarse] gftt pair 12: dE=-17805.9 m dN=-570.8 m (from-pair-7 (phasecorr disagreed), support=None, peak=0.1047012765466431) 
gftt: Processing pair 12 from disk...
gftt: 0 match-sets in 0.00s
[Coarse] gftt pair 13: dE=-17805.9 m dN=-570.8 m (from-pair-7 (phasecorr disagreed), support=None, peak=0.09384612739086151) 
gftt: Processing pair 13 from disk...
gftt: 0 match-sets in 0.00s
[Coarse] gftt pair 14: dE=-17908.4 m dN=-252.9 m (matcher@315m, support=109, peak=None) 
gftt: Processing pair 14 from disk...
gftt: 6 match-sets in 1.62s
[Coarse] gftt pair 15: dE=-17922.5 m dN=-255.5 m (matcher@315m, support=194, peak=None) 
gftt: Processing pair 15 from disk...
gftt: 6 match-sets in 1.55s
[Coarse] gftt pair 16: dE=-17955.0 m dN=-179.2 m (matcher@315m, support=75, peak=None) 
gftt: Processing pair 16 from disk...
gftt: 6 match-sets in 1.30s
[Coarse] gftt pair 17: dE=-17955.0 m dN=-254.0 m (matcher@315m, support=174, peak=None) 
gftt: Processing pair 17 from disk...
gftt: 6 match-sets in 1.19s
[Coarse] gftt pair 18: dE=-17655.8 m dN=-269.9 m (from-pair-25 (phasecorr disagreed), support=None, peak=0.06863816733713503) 
gftt: Processing pair 18 from disk...
gftt: 0 match-sets in 0.00s
[Coarse] gftt pair 19: dE=-17655.8 m dN=-269.9 m (from-pair-25 (phasecorr disagreed), support=None, peak=0.15104582491848204) 
gftt: Processing pair 19 from disk...
gftt: 0 match-sets in 0.00s
[Coarse] gftt pair 20: dE=-17655.8 m dN=-269.9 m (from-pair-19, support=None, peak=None) 
gftt: Processing pair 20 from disk...
gftt: 0 match-sets in 0.00s
[Coarse] gftt pair 21: dE=-17655.8 m dN=-269.9 m (from-pair-25 (phasecorr disagreed), support=None, peak=0.036990950946454645) 
gftt: Processing pair 21 from disk...
gftt: 0 match-sets in 0.00s
[Coarse] gftt pair 22: dE=-17955.0 m dN=-262.6 m (matcher@315m, support=44, peak=None) 
gftt: Processing pair 22 from disk...
gftt: 6 match-sets in 1.21s
[Coarse] gftt pair 23: dE=-17930.4 m dN=-52.7 m (matcher@315m, support=37, peak=None) 
gftt: Processing pair 23 from disk...
gftt: 6 match-sets in 1.16s
[Coarse] gftt pair 24: dE=-17640.0 m dN=-253.5 m (matcher@315m, support=35, peak=None) 
gftt: Processing pair 24 from disk...
gftt: 6 match-sets in 1.24s
[Coarse] gftt pair 25: dE=-17655.8 m dN=-269.9 m (matcher@315m, support=37, peak=None) 
gftt: Processing pair 25 from disk...
gftt: 6 match-sets in 1.46s
[Coarse] gftt pair 26: dE=-17930.4 m dN=-52.7 m (from-pair-27, support=None, peak=None) 
gftt: Processing pair 26 from disk...
gftt: 4 match-sets in 0.93s
[Coarse] gftt pair 27: dE=-17930.4 m dN=-52.7 m (from-pair-23 (phasecorr disagreed), support=None, peak=0.05064041456057702) 
gftt: Processing pair 27 from disk...
gftt: 4 match-sets in 0.94s
Saved:
 CHIP_STATS_ALL.csv
 CHIP_STATS_SURVIVORS.csv
 CONSENSUS_SCORES.csv
 BEST_CHIP_SET.csv
 BEST_CHIP_MANIFEST.csv
 BEST_FINAL_SUMMARY.csv
[band1] gftt ok in 0.8 min, peak GPU memory 4.7 of 39.4 GB
--------------------------------------------------------------------------------
[band1] Running hessian
Hessian-AffNet-HardNet: Loading (upright=True)...
[Coarse] pair 3: no reliable coarse offset (matcher: no matches; phasecorr: {'dx': -16147.443677524008, 'dy': -26751.975000537102, 'support': None, 'n': None, 'peak': 0.00032880983234923565}); windows compared in place
[Coarse] pair 4: no reliable coarse offset (matcher: {'dx': -17772.03125, 'dy': -194.220703125, 'support': 3, 'n': 4, 'peak': None}; phasecorr: {'dx': 12882.472481301173, 'dy': 92621.70938170607, 'support': None, 'n': None, 'peak': -0.00012715039429841217}); windows compared in place
[Coarse] pair 5: no reliable coarse offset (matcher: no matches; phasecorr: {'dx': 3156.3479216096807, 'dy': 18300.67805989782, 'support': None, 'n': None, 'peak': 0.020832994549224774}); windows compared in place
[Coarse] pair 6: no reliable coarse offset (matcher: no matches; phasecorr: {'dx': -15852.800158210905, 'dy': 18737.59796077822, 'support': None, 'n': None, 'peak': -0.0027571213742097218}); windows compared in place
[Coarse] pair 11: no reliable coarse offset (matcher: {'dx': -17730.67578125, 'dy': -719.4443359375, 'support': 4, 'n': 5, 'peak': None}; phasecorr: {'dx': -18107.733154651494, 'dy': -332.5590928480355, 'support': None, 'n': None, 'peak': 0.020898853179031604}); windows compared in place
[Coarse] pair 20: no reliable coarse offset (matcher: no matches; phasecorr: {'dx': -28903.23193639674, 'dy': -12953.216285335406, 'support': None, 'n': None, 'peak': 0.008737401829825507}); windows compared in place
[Coarse] pair 26: no reliable coarse offset (matcher: no matches; phasecorr: {'dx': -96306.08142606622, 'dy': -17142.367293993742, 'support': None, 'n': None, 'peak': 0.02253384519977334}); windows compared in place
[Coarse] pair 2: phase correlation gave dE=-8934 m dN=5487 m, 10.5 km from every offset the matcher measured; using pair 1's (dE=-18034 m dN=-813 m)
[Coarse] pair 10: phase correlation gave dE=43169 m dN=-4147 m, 60.9 km from every offset the matcher measured; using pair 8's (dE=-17822 m dN=-416 m)
[Coarse] pair 12: phase correlation gave dE=-1877 m dN=10017 m, 18.8 km from every offset the matcher measured; using pair 8's (dE=-17822 m dN=-416 m)
[Coarse] pair 13: phase correlation gave dE=7584 m dN=8567 m, 26.7 km from every offset the matcher measured; using pair 8's (dE=-17822 m dN=-416 m)
[Coarse] pair 18: phase correlation gave dE=744 m dN=-16615 m, 24.5 km from every offset the matcher measured; using pair 25's (dE=-17654 m dN=-276 m)
[Coarse] pair 19: phase correlation gave dE=11920 m dN=-17918 m, 34.4 km from every offset the matcher measured; using pair 25's (dE=-17654 m dN=-276 m)
[Coarse] pair 21: phase correlation gave dE=-11414 m dN=-17047 m, 17.5 km from every offset the matcher measured; using pair 25's (dE=-17654 m dN=-276 m)
[Coarse] pair 27: phase correlation gave dE=-97898 m dN=-6012 m, 80.0 km from every offset the matcher measured; using pair 23's (dE=-17715 m dN=-263 m)
[Coarse] hessian pair 1: dE=-18033.8 m dN=-813.4 m (matcher@315m, support=10, peak=None) 
hessian: Processing pair 1 from disk...
hessian: 6 match-sets in 0.63s
[Coarse] hessian pair 2: dE=-18033.8 m dN=-813.4 m (from-pair-1 (phasecorr disagreed), support=None, peak=0.03413578109976686) 
hessian: Processing pair 2 from disk...
hessian: 6 match-sets in 0.60s
[Coarse] hessian pair 3: dE=-18033.8 m dN=-813.4 m (from-pair-1, support=None, peak=None) 
hessian: Processing pair 3 from disk...
hessian: 5 match-sets in 0.49s
[Coarse] hessian pair 4: dE=-18033.8 m dN=-813.4 m (from-pair-2, support=None, peak=None) 
hessian: Processing pair 4 from disk...
hessian: 6 match-sets in 0.68s
[Coarse] hessian pair 5: dE=-18033.8 m dN=-813.4 m (from-pair-2, support=None, peak=None) 
hessian: Processing pair 5 from disk...
hessian: 5 match-sets in 0.68s
[Coarse] hessian pair 6: dE=-18033.8 m dN=-813.4 m (from-pair-2, support=None, peak=None) 
hessian: Processing pair 6 from disk...
hessian: 5 match-sets in 0.64s
[Coarse] hessian pair 7: dE=-17955.0 m dN=-573.5 m (matcher@315m, support=17, peak=None) 
hessian: Processing pair 7 from disk...
hessian: 6 match-sets in 1.29s
[Coarse] hessian pair 8: dE=-17822.1 m dN=-415.8 m (matcher@315m, support=10, peak=None) 
hessian: Processing pair 8 from disk...
hessian: 6 match-sets in 1.33s
[Coarse] hessian pair 9: dE=-18023.0 m dN=-603.4 m (matcher@315m, support=22, peak=None) 
hessian: Processing pair 9 from disk...
hessian: 6 match-sets in 1.30s
[Coarse] hessian pair 10: dE=-17822.1 m dN=-415.8 m (from-pair-8 (phasecorr disagreed), support=None, peak=0.04791493653487985) 
hessian: Processing pair 10 from disk...
hessian: 5 match-sets in 1.04s
[Coarse] hessian pair 11: dE=-17822.1 m dN=-415.8 m (from-pair-10, support=None, peak=None) 
hessian: Processing pair 11 from disk...
hessian: 6 match-sets in 1.05s
[Coarse] hessian pair 12: dE=-17822.1 m dN=-415.8 m (from-pair-8 (phasecorr disagreed), support=None, peak=0.1047012765466431) 
hessian: Processing pair 12 from disk...
hessian: 0 match-sets in 0.00s
[Coarse] hessian pair 13: dE=-17822.1 m dN=-415.8 m (from-pair-8 (phasecorr disagreed), support=None, peak=0.09384612739086151) 
hessian: Processing pair 13 from disk...
hessian: 0 match-sets in 0.00s
[Coarse] hessian pair 14: dE=-17915.2 m dN=-261.0 m (matcher@315m, support=154, peak=None) 
hessian: Processing pair 14 from disk...
hessian: 6 match-sets in 1.54s
[Coarse] hessian pair 15: dE=-17928.5 m dN=-261.0 m (matcher@315m, support=276, peak=None) 
hessian: Processing pair 15 from disk...
hessian: 6 match-sets in 1.49s
[Coarse] hessian pair 16: dE=-18055.1 m dN=-162.1 m (matcher@315m, support=104, peak=None) 
hessian: Processing pair 16 from disk...
hessian: 6 match-sets in 1.06s
[Coarse] hessian pair 17: dE=-17955.0 m dN=-208.4 m (matcher@315m, support=259, peak=None) 
hessian: Processing pair 17 from disk...
hessian: 6 match-sets in 1.05s
[Coarse] hessian pair 18: dE=-17654.4 m dN=-276.4 m (from-pair-25 (phasecorr disagreed), support=None, peak=0.06863816733713503) 
hessian: Processing pair 18 from disk...
hessian: 0 match-sets in 0.00s
[Coarse] hessian pair 19: dE=-17654.4 m dN=-276.4 m (from-pair-25 (phasecorr disagreed), support=None, peak=0.15104582491848204) 
hessian: Processing pair 19 from disk...
hessian: 0 match-sets in 0.00s
[Coarse] hessian pair 20: dE=-17654.4 m dN=-276.4 m (from-pair-19, support=None, peak=None) 
hessian: Processing pair 20 from disk...
hessian: 0 match-sets in 0.00s
[Coarse] hessian pair 21: dE=-17654.4 m dN=-276.4 m (from-pair-25 (phasecorr disagreed), support=None, peak=0.036990950946454645) 
hessian: Processing pair 21 from disk...
hessian: 0 match-sets in 0.00s
[Coarse] hessian pair 22: dE=-17793.8 m dN=-270.8 m (matcher@315m, support=77, peak=None) 
hessian: Processing pair 22 from disk...
hessian: 6 match-sets in 0.88s
[Coarse] hessian pair 23: dE=-17715.2 m dN=-263.4 m (matcher@315m, support=75, peak=None) 
hessian: Processing pair 23 from disk...
hessian: 6 match-sets in 1.23s
[Coarse] hessian pair 24: dE=-17795.4 m dN=-267.7 m (matcher@315m, support=97, peak=None) 
hessian: Processing pair 24 from disk...
hessian: 6 match-sets in 1.16s
[Coarse] hessian pair 25: dE=-17654.4 m dN=-276.4 m (matcher@315m, support=84, peak=None) 
hessian: Processing pair 25 from disk...
hessian: 6 match-sets in 1.23s
[Coarse] hessian pair 26: dE=-17715.2 m dN=-263.4 m (from-pair-27, support=None, peak=None) 
hessian: Processing pair 26 from disk...
hessian: 4 match-sets in 0.82s
[Coarse] hessian pair 27: dE=-17715.2 m dN=-263.4 m (from-pair-23 (phasecorr disagreed), support=None, peak=0.05064041456057702) 
hessian: Processing pair 27 from disk...
hessian: 5 match-sets in 0.81s
Saved:
 CHIP_STATS_ALL.csv
 CHIP_STATS_SURVIVORS.csv
 CONSENSUS_SCORES.csv
 BEST_CHIP_SET.csv
 BEST_CHIP_MANIFEST.csv
 BEST_FINAL_SUMMARY.csv
[band1] hessian ok in 0.8 min, peak GPU memory 6.4 of 39.4 GB
--------------------------------------------------------------------------------
[band1] Running loftr
LoFTR: Initializing model (outdoor weights, coarse threshold 0.2)...
[Coarse] pair 20: no reliable coarse offset (matcher: {'dx': -2323.5625, 'dy': -20246.5078125, 'support': 3, 'n': 4, 'peak': None}; phasecorr: {'dx': -28903.23193639674, 'dy': -12953.216285335406, 'support': None, 'n': None, 'peak': 0.008737401829825507}); windows compared in place
[Coarse] pair 12: phase correlation gave dE=-1877 m dN=10017 m, 17.4 km from every offset the matcher measured; using pair 8's (dE=-19879 m dN=-19479 m)
[Coarse] pair 13: phase correlation gave dE=7584 m dN=8567 m, 15.0 km from every offset the matcher measured; using pair 8's (dE=-19879 m dN=-19479 m)
[Coarse] pair 18: phase correlation gave dE=744 m dN=-16615 m, 20.2 km from every offset the matcher measured; using pair 25's (dE=20639 m dN=-20634 m)
[Coarse] pair 19: phase correlation gave dE=11920 m dN=-17918 m, 9.1 km from every offset the matcher measured; using pair 25's (dE=20639 m dN=-20634 m)
[Coarse] pair 21: phase correlation gave dE=-11414 m dN=-17047 m, 8.8 km from every offset the matcher measured; using pair 25's (dE=20639 m dN=-20634 m)
[Coarse] WARNING: loftr: the pairs' coarse offsets differ by up to 41 km, more than one image moves from place to place. Pairs with a wrong offset match the wrong ground (the chip consensus drops them when they are few); if most pairs disagree, check the input's pixel size and window size.
[Coarse] loftr pair 1: dE=-20251.1 m dN=-18949.6 m (matcher@315m, support=24, peak=None) 
loftr: Processing pair 1 from disk...
loftr: 1 match-sets in 0.03s
[Coarse] loftr pair 2: dE=-20238.9 m dN=-19263.0 m (matcher@315m, support=18, peak=None) 
loftr: Processing pair 2 from disk...
loftr: 1 match-sets in 0.03s
[Coarse] loftr pair 3: dE=-20212.4 m dN=-19267.1 m (matcher@315m, support=15, peak=None) 
loftr: Processing pair 3 from disk...
loftr: 1 match-sets in 0.03s
[Coarse] loftr pair 4: dE=-16427.0 m dN=19784.4 m (matcher@315m, support=55, peak=None) 
loftr: Processing pair 4 from disk...
loftr: 1 match-sets in 2.64s
[Coarse] loftr pair 5: dE=-16385.2 m dN=20219.4 m (matcher@315m, support=40, peak=None) 
loftr: Processing pair 5 from disk...
loftr: 1 match-sets in 0.04s
[Coarse] loftr pair 6: dE=-16397.2 m dN=20049.1 m (matcher@315m, support=42, peak=None) 
loftr: Processing pair 6 from disk...
loftr: 1 match-sets in 2.35s
[Coarse] loftr pair 7: dE=-19835.1 m dN=-19619.2 m (matcher@315m, support=120, peak=None) 
loftr: Processing pair 7 from disk...
loftr: 1 match-sets in 0.07s
[Coarse] loftr pair 8: dE=-19879.0 m dN=-19479.4 m (matcher@315m, support=110, peak=None) 
loftr: Processing pair 8 from disk...
loftr: 1 match-sets in 0.07s
[Coarse] loftr pair 9: dE=-20170.3 m dN=-19542.2 m (matcher@315m, support=125, peak=None) 
loftr: Processing pair 9 from disk...
loftr: 1 match-sets in 0.07s
[Coarse] loftr pair 10: dE=-16390.7 m dN=20119.5 m (matcher@315m, support=105, peak=None) 
loftr: Processing pair 10 from disk...
loftr: 1 match-sets in 0.06s
[Coarse] loftr pair 11: dE=-16086.0 m dN=20107.8 m (matcher@315m, support=128, peak=None) 
loftr: Processing pair 11 from disk...
loftr: 1 match-sets in 0.06s
[Coarse] loftr pair 12: dE=-19879.0 m dN=-19479.4 m (from-pair-8 (phasecorr disagreed), support=None, peak=0.1047012765466431) 
loftr: Processing pair 12 from disk...
loftr: 0 match-sets in 0.00s
[Coarse] loftr pair 13: dE=-19879.0 m dN=-19479.4 m (from-pair-8 (phasecorr disagreed), support=None, peak=0.09384612739086151) 
loftr: Processing pair 13 from disk...
loftr: 0 match-sets in 0.00s
[Coarse] loftr pair 14: dE=-20226.6 m dN=-19174.9 m (matcher@315m, support=112, peak=None) 
loftr: Processing pair 14 from disk...
loftr: 1 match-sets in 0.09s
[Coarse] loftr pair 15: dE=-20125.4 m dN=-19213.0 m (matcher@315m, support=107, peak=None) 
loftr: Processing pair 15 from disk...
loftr: 1 match-sets in 0.07s
[Coarse] loftr pair 16: dE=-16040.7 m dN=20122.6 m (matcher@315m, support=62, peak=None) 
loftr: Processing pair 16 from disk...
loftr: 1 match-sets in 0.06s
[Coarse] loftr pair 17: dE=-15999.0 m dN=20135.7 m (matcher@315m, support=78, peak=None) 
loftr: Processing pair 17 from disk...
loftr: 1 match-sets in 0.05s
[Coarse] loftr pair 18: dE=20639.0 m dN=-20634.4 m (from-pair-25 (phasecorr disagreed), support=None, peak=0.06863816733713503) 
loftr: Processing pair 18 from disk...
loftr: 0 match-sets in 0.00s
[Coarse] loftr pair 19: dE=20639.0 m dN=-20634.4 m (from-pair-25 (phasecorr disagreed), support=None, peak=0.15104582491848204) 
loftr: Processing pair 19 from disk...
loftr: 0 match-sets in 0.00s
[Coarse] loftr pair 20: dE=20639.0 m dN=-20634.4 m (from-pair-19, support=None, peak=None) 
loftr: Processing pair 20 from disk...
loftr: 0 match-sets in 0.00s
[Coarse] loftr pair 21: dE=20639.0 m dN=-20634.4 m (from-pair-25 (phasecorr disagreed), support=None, peak=0.036990950946454645) 
loftr: Processing pair 21 from disk...
loftr: 0 match-sets in 0.00s
[Coarse] loftr pair 22: dE=20671.0 m dN=-20566.1 m (matcher@315m, support=26, peak=None) 
loftr: Processing pair 22 from disk...
loftr: 1 match-sets in 3.13s
[Coarse] loftr pair 23: dE=20561.1 m dN=-20655.8 m (matcher@315m, support=23, peak=None) 
loftr: Processing pair 23 from disk...
loftr: 1 match-sets in 0.06s
[Coarse] loftr pair 24: dE=20739.0 m dN=-20652.4 m (matcher@315m, support=28, peak=None) 
loftr: Processing pair 24 from disk...
loftr: 1 match-sets in 0.06s
[Coarse] loftr pair 25: dE=20639.0 m dN=-20634.4 m (matcher@315m, support=22, peak=None) 
loftr: Processing pair 25 from disk...
loftr: 1 match-sets in 0.06s
[Coarse] loftr pair 26: dE=20557.3 m dN=16172.6 m (matcher@315m, support=47, peak=None) 
loftr: Processing pair 26 from disk...
loftr: 1 match-sets in 3.68s
[Coarse] loftr pair 27: dE=20680.6 m dN=16084.1 m (matcher@315m, support=26, peak=None) 
loftr: Processing pair 27 from disk...
loftr: 1 match-sets in 0.04s
Saved:
 CHIP_STATS_ALL.csv
 CHIP_STATS_SURVIVORS.csv
 CONSENSUS_SCORES.csv
 BEST_CHIP_SET.csv
 BEST_CHIP_MANIFEST.csv
 BEST_FINAL_SUMMARY.csv
[band1] loftr ok in 1.5 min, peak GPU memory 32.8 of 39.4 GB
--------------------------------------------------------------------------------
[band1] Running loftr-windoor
LoFTR: Initializing model (indoor weights, coarse threshold 0.2)...
[band1] loftr-windoor SKIPPED -- model not available (see message above)
[band1] loftr-windoor failed in 0.0 min, peak GPU memory 0.0 of 39.4 GB
--------------------------------------------------------------------------------
[band1] Running loftr-windoornew
LoFTR: Initializing model (indoor_new weights, coarse threshold 0.2)...
[band1] loftr-windoornew SKIPPED -- model not available (see message above)
[band1] loftr-windoornew failed in 0.0 min, peak GPU memory 0.0 of 39.4 GB
--------------------------------------------------------------------------------
[band1] Running imw-sp-lg-kt0p2
[imw-sp-lg] Loading model...
Loaded SuperPoint model
[imw-sp-lg-kt0p2] warm-up on a synthetic pair failed (IndexError: max(): Expected reduction dim 1 to have non-zero size.) -- carrying on with the real windows
[Coarse] pair 3: no reliable coarse offset (matcher: no matches; phasecorr: {'dx': -16147.443677524008, 'dy': -26751.975000537102, 'support': None, 'n': None, 'peak': 0.00032880983234923565}); windows compared in place
[Coarse] pair 4: no reliable coarse offset (matcher: no matches; phasecorr: {'dx': 12882.472481301173, 'dy': 92621.70938170607, 'support': None, 'n': None, 'peak': -0.00012715039429841217}); windows compared in place
[Coarse] pair 5: no reliable coarse offset (matcher: no matches; phasecorr: {'dx': 3156.3479216096807, 'dy': 18300.67805989782, 'support': None, 'n': None, 'peak': 0.020832994549224774}); windows compared in place
[Coarse] pair 6: no reliable coarse offset (matcher: no matches; phasecorr: {'dx': -15852.800158210905, 'dy': 18737.59796077822, 'support': None, 'n': None, 'peak': -0.0027571213742097218}); windows compared in place
[Coarse] pair 7: no reliable coarse offset (matcher: no matches; phasecorr: {'dx': -17660.72648465004, 'dy': -478.5174601560547, 'support': None, 'n': None, 'peak': 0.0218074359204816}); windows compared in place
[Coarse] pair 8: no reliable coarse offset (matcher: no matches; phasecorr: {'dx': -18002.059573769864, 'dy': -489.60497923140906, 'support': None, 'n': None, 'peak': 0.011968647486368816}); windows compared in place
[Coarse] pair 11: no reliable coarse offset (matcher: no matches; phasecorr: {'dx': -18107.733154651494, 'dy': -332.5590928480355, 'support': None, 'n': None, 'peak': 0.020898853179031604}); windows compared in place
[Coarse] pair 20: no reliable coarse offset (matcher: IndexError: max(): Expected reduction dim 1 to have non-zero size.; phasecorr: {'dx': -28903.23193639674, 'dy': -12953.216285335406, 'support': None, 'n': None, 'peak': 0.008737401829825507}); windows compared in place
[Coarse] pair 26: no reliable coarse offset (matcher: no matches; phasecorr: {'dx': -96306.08142606622, 'dy': -17142.367293993742, 'support': None, 'n': None, 'peak': 0.02253384519977334}); windows compared in place
[Coarse] pair 2: phase correlation gave dE=-8934 m dN=5487 m, 10.6 km from every offset the matcher measured; using pair 14's (dE=-17955 m dN=0 m)
[Coarse] pair 10: phase correlation gave dE=43169 m dN=-4147 m, 61.2 km from every offset the matcher measured; using pair 14's (dE=-17955 m dN=0 m)
[Coarse] pair 12: phase correlation gave dE=-1877 m dN=10017 m, 18.9 km from every offset the matcher measured; using pair 14's (dE=-17955 m dN=0 m)
[Coarse] pair 13: phase correlation gave dE=7584 m dN=8567 m, 26.9 km from every offset the matcher measured; using pair 14's (dE=-17955 m dN=0 m)
[Coarse] pair 18: phase correlation gave dE=744 m dN=-16615 m, 24.8 km from every offset the matcher measured; using pair 22's (dE=-17955 m dN=-315 m)
[Coarse] pair 19: phase correlation gave dE=11920 m dN=-17918 m, 34.7 km from every offset the matcher measured; using pair 22's (dE=-17955 m dN=-315 m)
[Coarse] pair 21: phase correlation gave dE=-11414 m dN=-17047 m, 18.0 km from every offset the matcher measured; using pair 22's (dE=-17955 m dN=-315 m)
[Coarse] pair 27: phase correlation gave dE=-97898 m dN=-6012 m, 80.1 km from every offset the matcher measured; using pair 22's (dE=-17955 m dN=-315 m)
[Coarse] imw-sp-lg-kt0p2 pair 1: dE=-18062.2 m dN=-904.8 m (phasecorr@315m, support=None, peak=0.03257782713572184) 
imw-sp-lg-kt0p2: Processing pair 1 from disk...
imw-sp-lg-kt0p2: 1 match-sets in 0.14s
[Coarse] imw-sp-lg-kt0p2 pair 2: dE=-17955.0 m dN=0.0 m (from-pair-14 (phasecorr disagreed), support=None, peak=0.03413578109976686) 
imw-sp-lg-kt0p2: Processing pair 2 from disk...
imw-sp-lg-kt0p2: 0 match-sets in 0.07s
[Coarse] imw-sp-lg-kt0p2 pair 3: dE=-18062.2 m dN=-904.8 m (from-pair-1, support=None, peak=None) 
imw-sp-lg-kt0p2: Processing pair 3 from disk...
imw-sp-lg-kt0p2: 1 match-sets in 0.09s
[Coarse] imw-sp-lg-kt0p2 pair 4: dE=-17955.0 m dN=0.0 m (from-pair-2, support=None, peak=None) 
imw-sp-lg-kt0p2: Processing pair 4 from disk...
imw-sp-lg-kt0p2: 0 match-sets in 0.14s
[Coarse] imw-sp-lg-kt0p2 pair 5: dE=-17955.0 m dN=0.0 m (from-pair-2, support=None, peak=None) 
imw-sp-lg-kt0p2: Processing pair 5 from disk...
imw-sp-lg-kt0p2: 0 match-sets in 0.30s
[Coarse] imw-sp-lg-kt0p2 pair 6: dE=-17955.0 m dN=0.0 m (from-pair-2, support=None, peak=None) 
imw-sp-lg-kt0p2: Processing pair 6 from disk...
imw-sp-lg-kt0p2: 0 match-sets in 0.07s
[Coarse] imw-sp-lg-kt0p2 pair 7: dE=-17790.5 m dN=-428.0 m (from-pair-9, support=None, peak=None) 
imw-sp-lg-kt0p2: Processing pair 7 from disk...
imw-sp-lg-kt0p2: 1 match-sets in 1.13s
[Coarse] imw-sp-lg-kt0p2 pair 8: dE=-17790.5 m dN=-428.0 m (from-pair-9, support=None, peak=None) 
imw-sp-lg-kt0p2: Processing pair 8 from disk...
imw-sp-lg-kt0p2: 0 match-sets in 1.07s
[Coarse] imw-sp-lg-kt0p2 pair 9: dE=-17790.5 m dN=-428.0 m (phasecorr@315m, support=None, peak=0.031066529352914596) 
imw-sp-lg-kt0p2: Processing pair 9 from disk...
imw-sp-lg-kt0p2: 1 match-sets in 0.94s
[Coarse] imw-sp-lg-kt0p2 pair 10: dE=-17955.0 m dN=0.0 m (from-pair-14 (phasecorr disagreed), support=None, peak=0.04791493653487985) 
imw-sp-lg-kt0p2: Processing pair 10 from disk...
imw-sp-lg-kt0p2: 0 match-sets in 1.02s
[Coarse] imw-sp-lg-kt0p2 pair 11: dE=-17955.0 m dN=0.0 m (from-pair-10, support=None, peak=None) 
imw-sp-lg-kt0p2: Processing pair 11 from disk...
imw-sp-lg-kt0p2: 0 match-sets in 0.15s
[Coarse] imw-sp-lg-kt0p2 pair 12: dE=-17955.0 m dN=0.0 m (from-pair-14 (phasecorr disagreed), support=None, peak=0.1047012765466431) 
imw-sp-lg-kt0p2: Processing pair 12 from disk...
imw-sp-lg-kt0p2: 0 match-sets in 0.00s
[Coarse] imw-sp-lg-kt0p2 pair 13: dE=-17955.0 m dN=0.0 m (from-pair-14 (phasecorr disagreed), support=None, peak=0.09384612739086151) 
imw-sp-lg-kt0p2: Processing pair 13 from disk...
imw-sp-lg-kt0p2: 0 match-sets in 0.00s
[Coarse] imw-sp-lg-kt0p2 pair 14: dE=-17955.0 m dN=0.0 m (matcher@315m, support=9, peak=None) 
imw-sp-lg-kt0p2: Processing pair 14 from disk...
imw-sp-lg-kt0p2: 1 match-sets in 1.49s
[Coarse] imw-sp-lg-kt0p2 pair 15: dE=-17955.0 m dN=-315.0 m (matcher@315m, support=8, peak=None) 
imw-sp-lg-kt0p2: Processing pair 15 from disk...
imw-sp-lg-kt0p2: 1 match-sets in 0.27s
[Coarse] imw-sp-lg-kt0p2 pair 16: dE=-17955.0 m dN=0.0 m (matcher@315m, support=10, peak=None) 
imw-sp-lg-kt0p2: Processing pair 16 from disk...
imw-sp-lg-kt0p2: 1 match-sets in 0.19s
[Coarse] imw-sp-lg-kt0p2 pair 17: dE=-17955.0 m dN=-315.0 m (matcher@315m, support=14, peak=None) 
imw-sp-lg-kt0p2: Processing pair 17 from disk...
imw-sp-lg-kt0p2: 1 match-sets in 0.19s
[Coarse] imw-sp-lg-kt0p2 pair 18: dE=-17955.0 m dN=-315.0 m (from-pair-22 (phasecorr disagreed), support=None, peak=0.06863816733713503) 
imw-sp-lg-kt0p2: Processing pair 18 from disk...
imw-sp-lg-kt0p2: 0 match-sets in 0.00s
[Coarse] imw-sp-lg-kt0p2 pair 19: dE=-17955.0 m dN=-315.0 m (from-pair-22 (phasecorr disagreed), support=None, peak=0.15104582491848204) 
imw-sp-lg-kt0p2: Processing pair 19 from disk...
imw-sp-lg-kt0p2: 0 match-sets in 0.00s
[Coarse] imw-sp-lg-kt0p2 pair 20: dE=-17955.0 m dN=-315.0 m (from-pair-19, support=None, peak=None) 
imw-sp-lg-kt0p2: Processing pair 20 from disk...
imw-sp-lg-kt0p2: 0 match-sets in 0.00s
[Coarse] imw-sp-lg-kt0p2 pair 21: dE=-17955.0 m dN=-315.0 m (from-pair-22 (phasecorr disagreed), support=None, peak=0.036990950946454645) 
imw-sp-lg-kt0p2: Processing pair 21 from disk...
imw-sp-lg-kt0p2: 0 match-sets in 0.00s
[Coarse] imw-sp-lg-kt0p2 pair 22: dE=-17955.0 m dN=-315.0 m (matcher@315m, support=9, peak=None) 
imw-sp-lg-kt0p2: Processing pair 22 from disk...
imw-sp-lg-kt0p2: 1 match-sets in 0.59s
[Coarse] imw-sp-lg-kt0p2 pair 23: dE=-17911.9 m dN=-326.6 m (phasecorr@315m, support=None, peak=0.12881409482955933) 
imw-sp-lg-kt0p2: Processing pair 23 from disk...
imw-sp-lg-kt0p2: 1 match-sets in 0.19s
[Coarse] imw-sp-lg-kt0p2 pair 24: dE=-17928.8 m dN=-415.6 m (phasecorr@315m, support=None, peak=0.035175936365127565) 
imw-sp-lg-kt0p2: Processing pair 24 from disk...
imw-sp-lg-kt0p2: 1 match-sets in 0.21s
[Coarse] imw-sp-lg-kt0p2 pair 25: dE=-17844.2 m dN=-348.0 m (phasecorr@315m, support=None, peak=0.15328786741892497) 
imw-sp-lg-kt0p2: Processing pair 25 from disk...
imw-sp-lg-kt0p2: 1 match-sets in 0.20s
[Coarse] imw-sp-lg-kt0p2 pair 26: dE=-17955.0 m dN=-315.0 m (from-pair-27, support=None, peak=None) 
imw-sp-lg-kt0p2: Processing pair 26 from disk...
imw-sp-lg-kt0p2: 0 match-sets in 0.20s
[Coarse] imw-sp-lg-kt0p2 pair 27: dE=-17955.0 m dN=-315.0 m (from-pair-22 (phasecorr disagreed), support=None, peak=0.05064041456057702) 
imw-sp-lg-kt0p2: Processing pair 27 from disk...
imw-sp-lg-kt0p2: 1 match-sets in 0.15s
Saved:
 CHIP_STATS_ALL.csv
 CHIP_STATS_SURVIVORS.csv
 CONSENSUS_SCORES.csv
 BEST_CHIP_SET.csv
 BEST_CHIP_MANIFEST.csv
 BEST_FINAL_SUMMARY.csv
[band1] imw-sp-lg-kt0p2 ok in 0.4 min, peak GPU memory 8.5 of 39.4 GB
[imw-sp-lg] Model unloaded.
--------------------------------------------------------------------------------
[band1] Running imw-aliked-lg-kt0p2
[imw-aliked-lg] Loading model...
[Coarse] pair 3: no reliable coarse offset (matcher: no matches; phasecorr: {'dx': -16147.443677524008, 'dy': -26751.975000537102, 'support': None, 'n': None, 'peak': 0.00032880983234923565}); windows compared in place
[Coarse] pair 4: no reliable coarse offset (matcher: no matches; phasecorr: {'dx': 12882.472481301173, 'dy': 92621.70938170607, 'support': None, 'n': None, 'peak': -0.00012715039429841217}); windows compared in place
[Coarse] pair 5: no reliable coarse offset (matcher: no matches; phasecorr: {'dx': 3156.3479216096807, 'dy': 18300.67805989782, 'support': None, 'n': None, 'peak': 0.020832994549224774}); windows compared in place
[Coarse] pair 6: no reliable coarse offset (matcher: no matches; phasecorr: {'dx': -15852.800158210905, 'dy': 18737.59796077822, 'support': None, 'n': None, 'peak': -0.0027571213742097218}); windows compared in place
[Coarse] pair 11: no reliable coarse offset (matcher: no matches; phasecorr: {'dx': -18107.733154651494, 'dy': -332.5590928480355, 'support': None, 'n': None, 'peak': 0.020898853179031604}); windows compared in place
[Coarse] pair 20: no reliable coarse offset (matcher: no matches; phasecorr: {'dx': -28903.23193639674, 'dy': -12953.216285335406, 'support': None, 'n': None, 'peak': 0.008737401829825507}); windows compared in place
[Coarse] pair 26: no reliable coarse offset (matcher: no matches; phasecorr: {'dx': -96306.08142606622, 'dy': -17142.367293993742, 'support': None, 'n': None, 'peak': 0.02253384519977334}); windows compared in place
[Coarse] pair 2: phase correlation gave dE=-8934 m dN=5487 m, 10.6 km from every offset the matcher measured; using pair 9's (dE=-17958 m dN=-445 m)
[Coarse] pair 10: phase correlation gave dE=43169 m dN=-4147 m, 61.1 km from every offset the matcher measured; using pair 8's (dE=-17767 m dN=-411 m)
[Coarse] pair 12: phase correlation gave dE=-1877 m dN=10017 m, 19.0 km from every offset the matcher measured; using pair 8's (dE=-17767 m dN=-411 m)
[Coarse] pair 13: phase correlation gave dE=7584 m dN=8567 m, 26.9 km from every offset the matcher measured; using pair 8's (dE=-17767 m dN=-411 m)
[Coarse] pair 18: phase correlation gave dE=744 m dN=-16615 m, 24.6 km from every offset the matcher measured; using pair 25's (dE=-17818 m dN=-323 m)
[Coarse] pair 19: phase correlation gave dE=11920 m dN=-17918 m, 34.5 km from every offset the matcher measured; using pair 25's (dE=-17818 m dN=-323 m)
[Coarse] pair 21: phase correlation gave dE=-11414 m dN=-17047 m, 17.8 km from every offset the matcher measured; using pair 25's (dE=-17818 m dN=-323 m)
[Coarse] pair 27: phase correlation gave dE=-97898 m dN=-6012 m, 80.1 km from every offset the matcher measured; using pair 23's (dE=-17849 m dN=-265 m)
[Coarse] imw-aliked-lg-kt0p2 pair 1: dE=-18062.2 m dN=-904.8 m (phasecorr@315m, support=None, peak=0.03257782713572184) 
imw-aliked-lg-kt0p2: Processing pair 1 from disk...
imw-aliked-lg-kt0p2: 1 match-sets in 0.17s
[Coarse] imw-aliked-lg-kt0p2 pair 2: dE=-17957.9 m dN=-445.5 m (from-pair-9 (phasecorr disagreed), support=None, peak=0.03413578109976686) 
imw-aliked-lg-kt0p2: Processing pair 2 from disk...
imw-aliked-lg-kt0p2: 0 match-sets in 0.08s
[Coarse] imw-aliked-lg-kt0p2 pair 3: dE=-18062.2 m dN=-904.8 m (from-pair-1, support=None, peak=None) 
imw-aliked-lg-kt0p2: Processing pair 3 from disk...
imw-aliked-lg-kt0p2: 0 match-sets in 0.07s
[Coarse] imw-aliked-lg-kt0p2 pair 4: dE=-17957.9 m dN=-445.5 m (from-pair-2, support=None, peak=None) 
imw-aliked-lg-kt0p2: Processing pair 4 from disk...
imw-aliked-lg-kt0p2: 0 match-sets in 0.18s
[Coarse] imw-aliked-lg-kt0p2 pair 5: dE=-17957.9 m dN=-445.5 m (from-pair-2, support=None, peak=None) 
imw-aliked-lg-kt0p2: Processing pair 5 from disk...
imw-aliked-lg-kt0p2: 0 match-sets in 0.08s
[Coarse] imw-aliked-lg-kt0p2 pair 6: dE=-17957.9 m dN=-445.5 m (from-pair-2, support=None, peak=None) 
imw-aliked-lg-kt0p2: Processing pair 6 from disk...
imw-aliked-lg-kt0p2: 0 match-sets in 0.08s
[Coarse] imw-aliked-lg-kt0p2 pair 7: dE=-17941.0 m dN=-480.2 m (matcher@315m, support=122, peak=None) 
imw-aliked-lg-kt0p2: Processing pair 7 from disk...
imw-aliked-lg-kt0p2: 1 match-sets in 0.35s
[Coarse] imw-aliked-lg-kt0p2 pair 8: dE=-17767.3 m dN=-411.3 m (matcher@315m, support=23, peak=None) 
imw-aliked-lg-kt0p2: Processing pair 8 from disk...
imw-aliked-lg-kt0p2: 1 match-sets in 0.37s
[Coarse] imw-aliked-lg-kt0p2 pair 9: dE=-17957.9 m dN=-445.5 m (matcher@315m, support=166, peak=None) 
imw-aliked-lg-kt0p2: Processing pair 9 from disk...
imw-aliked-lg-kt0p2: 1 match-sets in 0.24s
[Coarse] imw-aliked-lg-kt0p2 pair 10: dE=-17767.3 m dN=-411.3 m (from-pair-8 (phasecorr disagreed), support=None, peak=0.04791493653487985) 
imw-aliked-lg-kt0p2: Processing pair 10 from disk...
imw-aliked-lg-kt0p2: 1 match-sets in 0.32s
[Coarse] imw-aliked-lg-kt0p2 pair 11: dE=-17767.3 m dN=-411.3 m (from-pair-10, support=None, peak=None) 
imw-aliked-lg-kt0p2: Processing pair 11 from disk...
imw-aliked-lg-kt0p2: 1 match-sets in 0.20s
[Coarse] imw-aliked-lg-kt0p2 pair 12: dE=-17767.3 m dN=-411.3 m (from-pair-8 (phasecorr disagreed), support=None, peak=0.1047012765466431) 
imw-aliked-lg-kt0p2: Processing pair 12 from disk...
imw-aliked-lg-kt0p2: 0 match-sets in 0.00s
[Coarse] imw-aliked-lg-kt0p2 pair 13: dE=-17767.3 m dN=-411.3 m (from-pair-8 (phasecorr disagreed), support=None, peak=0.09384612739086151) 
imw-aliked-lg-kt0p2: Processing pair 13 from disk...
imw-aliked-lg-kt0p2: 0 match-sets in 0.00s
[Coarse] imw-aliked-lg-kt0p2 pair 14: dE=-17898.9 m dN=-221.9 m (matcher@315m, support=641, peak=None) 
imw-aliked-lg-kt0p2: Processing pair 14 from disk...
imw-aliked-lg-kt0p2: 1 match-sets in 0.44s
[Coarse] imw-aliked-lg-kt0p2 pair 15: dE=-17927.5 m dN=-241.6 m (matcher@315m, support=738, peak=None) 
imw-aliked-lg-kt0p2: Processing pair 15 from disk...
imw-aliked-lg-kt0p2: 1 match-sets in 0.32s
[Coarse] imw-aliked-lg-kt0p2 pair 16: dE=-17957.3 m dN=-199.5 m (matcher@315m, support=341, peak=None) 
imw-aliked-lg-kt0p2: Processing pair 16 from disk...
imw-aliked-lg-kt0p2: 1 match-sets in 0.23s
[Coarse] imw-aliked-lg-kt0p2 pair 17: dE=-17979.0 m dN=-221.5 m (matcher@315m, support=382, peak=None) 
imw-aliked-lg-kt0p2: Processing pair 17 from disk...
imw-aliked-lg-kt0p2: 1 match-sets in 0.23s
[Coarse] imw-aliked-lg-kt0p2 pair 18: dE=-17817.9 m dN=-322.9 m (from-pair-25 (phasecorr disagreed), support=None, peak=0.06863816733713503) 
imw-aliked-lg-kt0p2: Processing pair 18 from disk...
imw-aliked-lg-kt0p2: 0 match-sets in 0.00s
[Coarse] imw-aliked-lg-kt0p2 pair 19: dE=-17817.9 m dN=-322.9 m (from-pair-25 (phasecorr disagreed), support=None, peak=0.15104582491848204) 
imw-aliked-lg-kt0p2: Processing pair 19 from disk...
imw-aliked-lg-kt0p2: 0 match-sets in 0.00s
[Coarse] imw-aliked-lg-kt0p2 pair 20: dE=-17817.9 m dN=-322.9 m (from-pair-19, support=None, peak=None) 
imw-aliked-lg-kt0p2: Processing pair 20 from disk...
imw-aliked-lg-kt0p2: 0 match-sets in 0.00s
[Coarse] imw-aliked-lg-kt0p2 pair 21: dE=-17817.9 m dN=-322.9 m (from-pair-25 (phasecorr disagreed), support=None, peak=0.036990950946454645) 
imw-aliked-lg-kt0p2: Processing pair 21 from disk...
imw-aliked-lg-kt0p2: 0 match-sets in 0.00s
[Coarse] imw-aliked-lg-kt0p2 pair 22: dE=-17854.9 m dN=-293.8 m (matcher@315m, support=202, peak=None) 
imw-aliked-lg-kt0p2: Processing pair 22 from disk...
imw-aliked-lg-kt0p2: 1 match-sets in 0.35s
[Coarse] imw-aliked-lg-kt0p2 pair 23: dE=-17849.1 m dN=-265.2 m (matcher@315m, support=195, peak=None) 
imw-aliked-lg-kt0p2: Processing pair 23 from disk...
imw-aliked-lg-kt0p2: 1 match-sets in 0.23s
[Coarse] imw-aliked-lg-kt0p2 pair 24: dE=-17810.3 m dN=-253.0 m (matcher@315m, support=160, peak=None) 
imw-aliked-lg-kt0p2: Processing pair 24 from disk...
imw-aliked-lg-kt0p2: 1 match-sets in 0.22s
[Coarse] imw-aliked-lg-kt0p2 pair 25: dE=-17817.9 m dN=-322.9 m (matcher@315m, support=204, peak=None) 
imw-aliked-lg-kt0p2: Processing pair 25 from disk...
imw-aliked-lg-kt0p2: 1 match-sets in 0.23s
[Coarse] imw-aliked-lg-kt0p2 pair 26: dE=-17849.1 m dN=-265.2 m (from-pair-27, support=None, peak=None) 
imw-aliked-lg-kt0p2: Processing pair 26 from disk...
imw-aliked-lg-kt0p2: 0 match-sets in 0.25s
[Coarse] imw-aliked-lg-kt0p2 pair 27: dE=-17849.1 m dN=-265.2 m (from-pair-23 (phasecorr disagreed), support=None, peak=0.05064041456057702) 
imw-aliked-lg-kt0p2: Processing pair 27 from disk...
imw-aliked-lg-kt0p2: 0 match-sets in 0.14s
Saved:
 CHIP_STATS_ALL.csv
 CHIP_STATS_SURVIVORS.csv
 CONSENSUS_SCORES.csv
 BEST_CHIP_SET.csv
 BEST_CHIP_MANIFEST.csv
 BEST_FINAL_SUMMARY.csv
[band1] imw-aliked-lg-kt0p2 ok in 0.2 min, peak GPU memory 2.2 of 39.4 GB
[imw-aliked-lg] Model unloaded.
--------------------------------------------------------------------------------
[band1] Running imw-sp-sg-kt0p2
[imw-sp-sg] Loading model...
Loaded SuperPoint model
[Coarse] pair 3: no reliable coarse offset (matcher: no matches; phasecorr: {'dx': -16147.443677524008, 'dy': -26751.975000537102, 'support': None, 'n': None, 'peak': 0.00032880983234923565}); windows compared in place
[Coarse] pair 4: no reliable coarse offset (matcher: no matches; phasecorr: {'dx': 12882.472481301173, 'dy': 92621.70938170607, 'support': None, 'n': None, 'peak': -0.00012715039429841217}); windows compared in place
[Coarse] pair 5: no reliable coarse offset (matcher: no matches; phasecorr: {'dx': 3156.3479216096807, 'dy': 18300.67805989782, 'support': None, 'n': None, 'peak': 0.020832994549224774}); windows compared in place
[Coarse] pair 6: no reliable coarse offset (matcher: no matches; phasecorr: {'dx': -15852.800158210905, 'dy': 18737.59796077822, 'support': None, 'n': None, 'peak': -0.0027571213742097218}); windows compared in place
[Coarse] pair 7: no reliable coarse offset (matcher: no matches; phasecorr: {'dx': -17660.72648465004, 'dy': -478.5174601560547, 'support': None, 'n': None, 'peak': 0.0218074359204816}); windows compared in place
[Coarse] pair 8: no reliable coarse offset (matcher: no matches; phasecorr: {'dx': -18002.059573769864, 'dy': -489.60497923140906, 'support': None, 'n': None, 'peak': 0.011968647486368816}); windows compared in place
[Coarse] pair 11: no reliable coarse offset (matcher: no matches; phasecorr: {'dx': -18107.733154651494, 'dy': -332.5590928480355, 'support': None, 'n': None, 'peak': 0.020898853179031604}); windows compared in place
[Coarse] pair 20: no reliable coarse offset (matcher: no matches; phasecorr: {'dx': -28903.23193639674, 'dy': -12953.216285335406, 'support': None, 'n': None, 'peak': 0.008737401829825507}); windows compared in place
[Coarse] pair 26: no reliable coarse offset (matcher: no matches; phasecorr: {'dx': -96306.08142606622, 'dy': -17142.367293993742, 'support': None, 'n': None, 'peak': 0.02253384519977334}); windows compared in place
[Coarse] pair 2: phase correlation gave dE=-8934 m dN=5487 m, 10.6 km from every offset the matcher measured; using pair 14's (dE=-17955 m dN=0 m)
[Coarse] pair 10: phase correlation gave dE=43169 m dN=-4147 m, 61.1 km from every offset the matcher measured; using pair 14's (dE=-17955 m dN=0 m)
[Coarse] pair 12: phase correlation gave dE=-1877 m dN=10017 m, 18.9 km from every offset the matcher measured; using pair 14's (dE=-17955 m dN=0 m)
[Coarse] pair 13: phase correlation gave dE=7584 m dN=8567 m, 26.9 km from every offset the matcher measured; using pair 14's (dE=-17955 m dN=0 m)
[Coarse] pair 18: phase correlation gave dE=744 m dN=-16615 m, 24.7 km from every offset the matcher measured; using pair 25's (dE=-17798 m dN=-315 m)
[Coarse] pair 19: phase correlation gave dE=11920 m dN=-17918 m, 34.5 km from every offset the matcher measured; using pair 25's (dE=-17798 m dN=-315 m)
[Coarse] pair 21: phase correlation gave dE=-11414 m dN=-17047 m, 17.9 km from every offset the matcher measured; using pair 25's (dE=-17798 m dN=-315 m)
[Coarse] pair 27: phase correlation gave dE=-97898 m dN=-6012 m, 80.1 km from every offset the matcher measured; using pair 22's (dE=-17955 m dN=-315 m)
[Coarse] imw-sp-sg-kt0p2 pair 1: dE=-18062.2 m dN=-904.8 m (phasecorr@315m, support=None, peak=0.03257782713572184) 
imw-sp-sg-kt0p2: Processing pair 1 from disk...
imw-sp-sg-kt0p2: 1 match-sets in 0.11s
[Coarse] imw-sp-sg-kt0p2 pair 2: dE=-17955.0 m dN=0.0 m (from-pair-14 (phasecorr disagreed), support=None, peak=0.03413578109976686) 
imw-sp-sg-kt0p2: Processing pair 2 from disk...
imw-sp-sg-kt0p2: 1 match-sets in 0.12s
[Coarse] imw-sp-sg-kt0p2 pair 3: dE=-18062.2 m dN=-904.8 m (from-pair-1, support=None, peak=None) 
imw-sp-sg-kt0p2: Processing pair 3 from disk...
imw-sp-sg-kt0p2: 1 match-sets in 0.08s
[Coarse] imw-sp-sg-kt0p2 pair 4: dE=-17955.0 m dN=0.0 m (from-pair-2, support=None, peak=None) 
imw-sp-sg-kt0p2: Processing pair 4 from disk...
imw-sp-sg-kt0p2: 0 match-sets in 0.36s
[Coarse] imw-sp-sg-kt0p2 pair 5: dE=-17955.0 m dN=0.0 m (from-pair-2, support=None, peak=None) 
imw-sp-sg-kt0p2: Processing pair 5 from disk...
imw-sp-sg-kt0p2: 1 match-sets in 0.12s
[Coarse] imw-sp-sg-kt0p2 pair 6: dE=-17955.0 m dN=0.0 m (from-pair-2, support=None, peak=None) 
imw-sp-sg-kt0p2: Processing pair 6 from disk...
imw-sp-sg-kt0p2: 1 match-sets in 0.13s
[Coarse] imw-sp-sg-kt0p2 pair 7: dE=-17790.5 m dN=-428.0 m (from-pair-9, support=None, peak=None) 
imw-sp-sg-kt0p2: Processing pair 7 from disk...
imw-sp-sg-kt0p2: 1 match-sets in 1.74s
[Coarse] imw-sp-sg-kt0p2 pair 8: dE=-17790.5 m dN=-428.0 m (from-pair-9, support=None, peak=None) 
imw-sp-sg-kt0p2: Processing pair 8 from disk...
imw-sp-sg-kt0p2: 1 match-sets in 0.78s
[Coarse] imw-sp-sg-kt0p2 pair 9: dE=-17790.5 m dN=-428.0 m (phasecorr@315m, support=None, peak=0.031066529352914596) 
imw-sp-sg-kt0p2: Processing pair 9 from disk...
imw-sp-sg-kt0p2: 1 match-sets in 0.23s
[Coarse] imw-sp-sg-kt0p2 pair 10: dE=-17955.0 m dN=0.0 m (from-pair-14 (phasecorr disagreed), support=None, peak=0.04791493653487985) 
imw-sp-sg-kt0p2: Processing pair 10 from disk...
imw-sp-sg-kt0p2: 1 match-sets in 0.25s
[Coarse] imw-sp-sg-kt0p2 pair 11: dE=-17955.0 m dN=0.0 m (from-pair-10, support=None, peak=None) 
imw-sp-sg-kt0p2: Processing pair 11 from disk...
imw-sp-sg-kt0p2: 1 match-sets in 0.22s
[Coarse] imw-sp-sg-kt0p2 pair 12: dE=-17955.0 m dN=0.0 m (from-pair-14 (phasecorr disagreed), support=None, peak=0.1047012765466431) 
imw-sp-sg-kt0p2: Processing pair 12 from disk...
imw-sp-sg-kt0p2: 0 match-sets in 0.00s
[Coarse] imw-sp-sg-kt0p2 pair 13: dE=-17955.0 m dN=0.0 m (from-pair-14 (phasecorr disagreed), support=None, peak=0.09384612739086151) 
imw-sp-sg-kt0p2: Processing pair 13 from disk...
imw-sp-sg-kt0p2: 0 match-sets in 0.00s
[Coarse] imw-sp-sg-kt0p2 pair 14: dE=-17955.0 m dN=0.0 m (matcher@315m, support=10, peak=None) 
imw-sp-sg-kt0p2: Processing pair 14 from disk...
imw-sp-sg-kt0p2: 1 match-sets in 1.36s
[Coarse] imw-sp-sg-kt0p2 pair 15: dE=-17955.0 m dN=-315.0 m (matcher@315m, support=16, peak=None) 
imw-sp-sg-kt0p2: Processing pair 15 from disk...
imw-sp-sg-kt0p2: 1 match-sets in 1.44s
[Coarse] imw-sp-sg-kt0p2 pair 16: dE=-17955.0 m dN=-315.0 m (matcher@315m, support=22, peak=None) 
imw-sp-sg-kt0p2: Processing pair 16 from disk...
imw-sp-sg-kt0p2: 1 match-sets in 0.22s
[Coarse] imw-sp-sg-kt0p2 pair 17: dE=-17955.0 m dN=-315.0 m (matcher@315m, support=21, peak=None) 
imw-sp-sg-kt0p2: Processing pair 17 from disk...
imw-sp-sg-kt0p2: 1 match-sets in 1.72s
[Coarse] imw-sp-sg-kt0p2 pair 18: dE=-17797.5 m dN=-315.0 m (from-pair-25 (phasecorr disagreed), support=None, peak=0.06863816733713503) 
imw-sp-sg-kt0p2: Processing pair 18 from disk...
imw-sp-sg-kt0p2: 0 match-sets in 0.00s
[Coarse] imw-sp-sg-kt0p2 pair 19: dE=-17797.5 m dN=-315.0 m (from-pair-25 (phasecorr disagreed), support=None, peak=0.15104582491848204) 
imw-sp-sg-kt0p2: Processing pair 19 from disk...
imw-sp-sg-kt0p2: 0 match-sets in 0.00s
[Coarse] imw-sp-sg-kt0p2 pair 20: dE=-17797.5 m dN=-315.0 m (from-pair-19, support=None, peak=None) 
imw-sp-sg-kt0p2: Processing pair 20 from disk...
imw-sp-sg-kt0p2: 0 match-sets in 0.00s
[Coarse] imw-sp-sg-kt0p2 pair 21: dE=-17797.5 m dN=-315.0 m (from-pair-25 (phasecorr disagreed), support=None, peak=0.036990950946454645) 
imw-sp-sg-kt0p2: Processing pair 21 from disk...
imw-sp-sg-kt0p2: 0 match-sets in 0.00s
[Coarse] imw-sp-sg-kt0p2 pair 22: dE=-17955.0 m dN=-315.0 m (matcher@315m, support=11, peak=None) 
imw-sp-sg-kt0p2: Processing pair 22 from disk...
imw-sp-sg-kt0p2: 1 match-sets in 1.79s
[Coarse] imw-sp-sg-kt0p2 pair 23: dE=-17911.9 m dN=-326.6 m (phasecorr@315m, support=None, peak=0.12881409482955933) 
imw-sp-sg-kt0p2: Processing pair 23 from disk...
imw-sp-sg-kt0p2: 1 match-sets in 0.21s
[Coarse] imw-sp-sg-kt0p2 pair 24: dE=-17928.8 m dN=-415.6 m (phasecorr@315m, support=None, peak=0.035175936365127565) 
imw-sp-sg-kt0p2: Processing pair 24 from disk...
imw-sp-sg-kt0p2: 1 match-sets in 1.23s
[Coarse] imw-sp-sg-kt0p2 pair 25: dE=-17797.5 m dN=-315.0 m (matcher@315m, support=12, peak=None) 
imw-sp-sg-kt0p2: Processing pair 25 from disk...
imw-sp-sg-kt0p2: 1 match-sets in 0.57s
[Coarse] imw-sp-sg-kt0p2 pair 26: dE=-17955.0 m dN=-315.0 m (from-pair-27, support=None, peak=None) 
imw-sp-sg-kt0p2: Processing pair 26 from disk...
imw-sp-sg-kt0p2: 0 match-sets in 0.17s
[Coarse] imw-sp-sg-kt0p2 pair 27: dE=-17955.0 m dN=-315.0 m (from-pair-22 (phasecorr disagreed), support=None, peak=0.05064041456057702) 
imw-sp-sg-kt0p2: Processing pair 27 from disk...
imw-sp-sg-kt0p2: 1 match-sets in 0.21s
Saved:
 CHIP_STATS_ALL.csv
 CHIP_STATS_SURVIVORS.csv
 CONSENSUS_SCORES.csv
 BEST_CHIP_SET.csv
 BEST_CHIP_MANIFEST.csv
 BEST_FINAL_SUMMARY.csv
[band1] imw-sp-sg-kt0p2 ok in 0.9 min, peak GPU memory 32.6 of 39.4 GB
[imw-sp-sg] Model unloaded.
--------------------------------------------------------------------------------
[band1] Running imw-sp-nn-kt0p2
[imw-sp-nn] Loading model...
Loaded SuperPoint model
[imw-sp-nn-kt0p2] warm-up on a synthetic pair failed (IndexError: boolean index did not match indexed array along axis 0; size of axis is 0 but size of corresponding boolean axis is 256) -- carrying on with the real windows
[Coarse] pair 3: no reliable coarse offset (matcher: {'dx': -19215.0, 'dy': 2835.0, 'support': 1, 'n': 3, 'peak': None}; phasecorr: {'dx': -16147.443677524008, 'dy': -26751.975000537102, 'support': None, 'n': None, 'peak': 0.00032880983234923565}); windows compared in place
[Coarse] pair 4: no reliable coarse offset (matcher: no matches; phasecorr: {'dx': 12882.472481301173, 'dy': 92621.70938170607, 'support': None, 'n': None, 'peak': -0.00012715039429841217}); windows compared in place
[Coarse] pair 5: no reliable coarse offset (matcher: no matches; phasecorr: {'dx': 3156.3479216096807, 'dy': 18300.67805989782, 'support': None, 'n': None, 'peak': 0.020832994549224774}); windows compared in place
[Coarse] pair 6: no reliable coarse offset (matcher: no matches; phasecorr: {'dx': -15852.800158210905, 'dy': 18737.59796077822, 'support': None, 'n': None, 'peak': -0.0027571213742097218}); windows compared in place
[Coarse] pair 7: no reliable coarse offset (matcher: no matches; phasecorr: {'dx': -17660.72648465004, 'dy': -478.5174601560547, 'support': None, 'n': None, 'peak': 0.0218074359204816}); windows compared in place
[Coarse] pair 8: no reliable coarse offset (matcher: no matches; phasecorr: {'dx': -18002.059573769864, 'dy': -489.60497923140906, 'support': None, 'n': None, 'peak': 0.011968647486368816}); windows compared in place
[Coarse] pair 11: no reliable coarse offset (matcher: no matches; phasecorr: {'dx': -18107.733154651494, 'dy': -332.5590928480355, 'support': None, 'n': None, 'peak': 0.020898853179031604}); windows compared in place
[Coarse] pair 20: no reliable coarse offset (matcher: IndexError: boolean index did not match indexed array along axis 0; size of axis is 9 but size of corresponding boolean axis is 256; phasecorr: {'dx': -28903.23193639674, 'dy': -12953.216285335406, 'support': None, 'n': None, 'peak': 0.008737401829825507}); windows compared in place
[Coarse] pair 26: no reliable coarse offset (matcher: no matches; phasecorr: {'dx': -96306.08142606622, 'dy': -17142.367293993742, 'support': None, 'n': None, 'peak': 0.02253384519977334}); windows compared in place
[Coarse] pair 2: phase correlation gave dE=-8934 m dN=5487 m, 10.6 km from every offset the matcher measured; using pair 14's (dE=-17955 m dN=-158 m)
[Coarse] pair 10: phase correlation gave dE=43169 m dN=-4147 m, 61.2 km from every offset the matcher measured; using pair 14's (dE=-17955 m dN=-158 m)
[Coarse] pair 12: phase correlation gave dE=-1877 m dN=10017 m, 19.0 km from every offset the matcher measured; using pair 14's (dE=-17955 m dN=-158 m)
[Coarse] pair 13: phase correlation gave dE=7584 m dN=8567 m, 27.0 km from every offset the matcher measured; using pair 14's (dE=-17955 m dN=-158 m)
[Coarse] pair 18: phase correlation gave dE=744 m dN=-16615 m, 24.8 km from every offset the matcher measured; using pair 15's (dE=-17955 m dN=-315 m)
[Coarse] pair 19: phase correlation gave dE=11920 m dN=-17918 m, 34.7 km from every offset the matcher measured; using pair 15's (dE=-17955 m dN=-315 m)
[Coarse] pair 21: phase correlation gave dE=-11414 m dN=-17047 m, 18.0 km from every offset the matcher measured; using pair 15's (dE=-17955 m dN=-315 m)
[Coarse] pair 27: phase correlation gave dE=-97898 m dN=-6012 m, 80.1 km from every offset the matcher measured; using pair 17's (dE=-17955 m dN=-315 m)
[Coarse] imw-sp-nn-kt0p2 pair 1: dE=-18062.2 m dN=-904.8 m (phasecorr@315m, support=None, peak=0.03257782713572184) 
imw-sp-nn-kt0p2: Processing pair 1 from disk...
imw-sp-nn-kt0p2: 1 match-sets in 0.05s
[Coarse] imw-sp-nn-kt0p2 pair 2: dE=-17955.0 m dN=-157.5 m (from-pair-14 (phasecorr disagreed), support=None, peak=0.03413578109976686) 
imw-sp-nn-kt0p2: Processing pair 2 from disk...
imw-sp-nn-kt0p2: 1 match-sets in 0.05s
[Coarse] imw-sp-nn-kt0p2 pair 3: dE=-18062.2 m dN=-904.8 m (from-pair-1, support=None, peak=None) 
imw-sp-nn-kt0p2: Processing pair 3 from disk...
imw-sp-nn-kt0p2: 1 match-sets in 0.05s
[Coarse] imw-sp-nn-kt0p2 pair 4: dE=-17955.0 m dN=-157.5 m (from-pair-2, support=None, peak=None) 
imw-sp-nn-kt0p2: Processing pair 4 from disk...
imw-sp-nn-kt0p2: 1 match-sets in 0.06s
[Coarse] imw-sp-nn-kt0p2 pair 5: dE=-17955.0 m dN=-157.5 m (from-pair-2, support=None, peak=None) 
imw-sp-nn-kt0p2: Processing pair 5 from disk...
imw-sp-nn-kt0p2: 1 match-sets in 0.06s
[Coarse] imw-sp-nn-kt0p2 pair 6: dE=-17955.0 m dN=-157.5 m (from-pair-2, support=None, peak=None) 
imw-sp-nn-kt0p2: Processing pair 6 from disk...
imw-sp-nn-kt0p2: 1 match-sets in 0.06s
[Coarse] imw-sp-nn-kt0p2 pair 7: dE=-17790.5 m dN=-428.0 m (from-pair-9, support=None, peak=None) 
imw-sp-nn-kt0p2: Processing pair 7 from disk...
imw-sp-nn-kt0p2: 1 match-sets in 0.20s
[Coarse] imw-sp-nn-kt0p2 pair 8: dE=-17790.5 m dN=-428.0 m (from-pair-9, support=None, peak=None) 
imw-sp-nn-kt0p2: Processing pair 8 from disk...
imw-sp-nn-kt0p2: 1 match-sets in 0.20s
[Coarse] imw-sp-nn-kt0p2 pair 9: dE=-17790.5 m dN=-428.0 m (phasecorr@315m, support=None, peak=0.031066529352914596) 
imw-sp-nn-kt0p2: Processing pair 9 from disk...
imw-sp-nn-kt0p2: 1 match-sets in 0.20s
[Coarse] imw-sp-nn-kt0p2 pair 10: dE=-17955.0 m dN=-157.5 m (from-pair-14 (phasecorr disagreed), support=None, peak=0.04791493653487985) 
imw-sp-nn-kt0p2: Processing pair 10 from disk...
imw-sp-nn-kt0p2: 1 match-sets in 0.16s
[Coarse] imw-sp-nn-kt0p2 pair 11: dE=-17955.0 m dN=-157.5 m (from-pair-10, support=None, peak=None) 
imw-sp-nn-kt0p2: Processing pair 11 from disk...
imw-sp-nn-kt0p2: 1 match-sets in 0.16s
[Coarse] imw-sp-nn-kt0p2 pair 12: dE=-17955.0 m dN=-157.5 m (from-pair-14 (phasecorr disagreed), support=None, peak=0.1047012765466431) 
imw-sp-nn-kt0p2: Processing pair 12 from disk...
imw-sp-nn-kt0p2: 0 match-sets in 0.00s
[Coarse] imw-sp-nn-kt0p2 pair 13: dE=-17955.0 m dN=-157.5 m (from-pair-14 (phasecorr disagreed), support=None, peak=0.09384612739086151) 
imw-sp-nn-kt0p2: Processing pair 13 from disk...
imw-sp-nn-kt0p2: 0 match-sets in 0.00s
[Coarse] imw-sp-nn-kt0p2 pair 14: dE=-17955.0 m dN=-157.5 m (matcher@315m, support=8, peak=None) 
imw-sp-nn-kt0p2: Processing pair 14 from disk...
imw-sp-nn-kt0p2: 1 match-sets in 0.26s
[Coarse] imw-sp-nn-kt0p2 pair 15: dE=-17955.0 m dN=-315.0 m (matcher@315m, support=13, peak=None) 
imw-sp-nn-kt0p2: Processing pair 15 from disk...
imw-sp-nn-kt0p2: 1 match-sets in 0.26s
[Coarse] imw-sp-nn-kt0p2 pair 16: dE=-17955.0 m dN=-315.0 m (matcher@315m, support=18, peak=None) 
imw-sp-nn-kt0p2: Processing pair 16 from disk...
imw-sp-nn-kt0p2: 1 match-sets in 0.17s
[Coarse] imw-sp-nn-kt0p2 pair 17: dE=-17955.0 m dN=-315.0 m (matcher@315m, support=17, peak=None) 
imw-sp-nn-kt0p2: Processing pair 17 from disk...
imw-sp-nn-kt0p2: 1 match-sets in 0.17s
[Coarse] imw-sp-nn-kt0p2 pair 18: dE=-17955.0 m dN=-315.0 m (from-pair-15 (phasecorr disagreed), support=None, peak=0.06863816733713503) 
imw-sp-nn-kt0p2: Processing pair 18 from disk...
imw-sp-nn-kt0p2: 0 match-sets in 0.00s
[Coarse] imw-sp-nn-kt0p2 pair 19: dE=-17955.0 m dN=-315.0 m (from-pair-15 (phasecorr disagreed), support=None, peak=0.15104582491848204) 
imw-sp-nn-kt0p2: Processing pair 19 from disk...
imw-sp-nn-kt0p2: 0 match-sets in 0.00s
[Coarse] imw-sp-nn-kt0p2 pair 20: dE=-17955.0 m dN=-315.0 m (from-pair-19, support=None, peak=None) 
imw-sp-nn-kt0p2: Processing pair 20 from disk...
imw-sp-nn-kt0p2: 0 match-sets in 0.00s
[Coarse] imw-sp-nn-kt0p2 pair 21: dE=-17955.0 m dN=-315.0 m (from-pair-15 (phasecorr disagreed), support=None, peak=0.036990950946454645) 
imw-sp-nn-kt0p2: Processing pair 21 from disk...
imw-sp-nn-kt0p2: 0 match-sets in 0.00s
[Coarse] imw-sp-nn-kt0p2 pair 22: dE=-17882.3 m dN=-311.5 m (phasecorr@315m, support=None, peak=0.12721613845825194) 
imw-sp-nn-kt0p2: Processing pair 22 from disk...
imw-sp-nn-kt0p2: 1 match-sets in 0.19s
[Coarse] imw-sp-nn-kt0p2 pair 23: dE=-17911.9 m dN=-326.6 m (phasecorr@315m, support=None, peak=0.12881409482955933) 
imw-sp-nn-kt0p2: Processing pair 23 from disk...
imw-sp-nn-kt0p2: 1 match-sets in 0.17s
[Coarse] imw-sp-nn-kt0p2 pair 24: dE=-17928.8 m dN=-415.6 m (phasecorr@315m, support=None, peak=0.035175936365127565) 
imw-sp-nn-kt0p2: Processing pair 24 from disk...
imw-sp-nn-kt0p2: 1 match-sets in 0.19s
[Coarse] imw-sp-nn-kt0p2 pair 25: dE=-17844.2 m dN=-348.0 m (phasecorr@315m, support=None, peak=0.15328786741892497) 
imw-sp-nn-kt0p2: Processing pair 25 from disk...
imw-sp-nn-kt0p2: 1 match-sets in 0.17s
[Coarse] imw-sp-nn-kt0p2 pair 26: dE=-17955.0 m dN=-315.0 m (from-pair-27, support=None, peak=None) 
imw-sp-nn-kt0p2: Processing pair 26 from disk...
imw-sp-nn-kt0p2: 1 match-sets in 0.13s
[Coarse] imw-sp-nn-kt0p2 pair 27: dE=-17955.0 m dN=-315.0 m (from-pair-17 (phasecorr disagreed), support=None, peak=0.05064041456057702) 
imw-sp-nn-kt0p2: Processing pair 27 from disk...
imw-sp-nn-kt0p2: 1 match-sets in 0.12s
Saved:
 CHIP_STATS_ALL.csv
 CHIP_STATS_SURVIVORS.csv
 CONSENSUS_SCORES.csv
 BEST_CHIP_SET.csv
 BEST_CHIP_MANIFEST.csv
 BEST_FINAL_SUMMARY.csv
[band1] imw-sp-nn-kt0p2 ok in 0.1 min, peak GPU memory 0.4 of 39.4 GB
[imw-sp-nn] Model unloaded.
--------------------------------------------------------------------------------
[band1] Running imw-r2d2-nn-kt0p2
[imw-r2d2-nn] Loading model...

>> Creating net = Quad_L2Net_ConfCFS()
 ( Model size: 486K parameters )
[Coarse] pair 3: no reliable coarse offset (matcher: no matches; phasecorr: {'dx': -16147.443677524008, 'dy': -26751.975000537102, 'support': None, 'n': None, 'peak': 0.00032880983234923565}); windows compared in place
[Coarse] pair 5: no reliable coarse offset (matcher: no matches; phasecorr: {'dx': 3156.3479216096807, 'dy': 18300.67805989782, 'support': None, 'n': None, 'peak': 0.020832994549224774}); windows compared in place
[Coarse] pair 6: no reliable coarse offset (matcher: no matches; phasecorr: {'dx': -15852.800158210905, 'dy': 18737.59796077822, 'support': None, 'n': None, 'peak': -0.0027571213742097218}); windows compared in place
[Coarse] pair 11: no reliable coarse offset (matcher: no matches; phasecorr: {'dx': -18107.733154651494, 'dy': -332.5590928480355, 'support': None, 'n': None, 'peak': 0.020898853179031604}); windows compared in place
[Coarse] pair 20: no reliable coarse offset (matcher: RuntimeError: torch.cat(): expected a non-empty list of Tensors; phasecorr: {'dx': -28903.23193639674, 'dy': -12953.216285335406, 'support': None, 'n': None, 'peak': 0.008737401829825507}); windows compared in place
[Coarse] pair 26: no reliable coarse offset (matcher: no matches; phasecorr: {'dx': -96306.08142606622, 'dy': -17142.367293993742, 'support': None, 'n': None, 'peak': 0.02253384519977334}); windows compared in place
[Coarse] pair 2: phase correlation gave dE=-8934 m dN=5487 m, 10.5 km from every offset the matcher measured; using pair 1's (dE=-17930 m dN=-630 m)
[Coarse] pair 10: phase correlation gave dE=43169 m dN=-4147 m, 60.9 km from every offset the matcher measured; using pair 8's (dE=-17955 m dN=-630 m)
[Coarse] pair 12: phase correlation gave dE=-1877 m dN=10017 m, 18.9 km from every offset the matcher measured; using pair 8's (dE=-17955 m dN=-630 m)
[Coarse] pair 13: phase correlation gave dE=7584 m dN=8567 m, 26.7 km from every offset the matcher measured; using pair 8's (dE=-17955 m dN=-630 m)
[Coarse] pair 18: phase correlation gave dE=744 m dN=-16615 m, 24.4 km from every offset the matcher measured; using pair 25's (dE=-17640 m dN=-547 m)
[Coarse] pair 19: phase correlation gave dE=11920 m dN=-17918 m, 34.3 km from every offset the matcher measured; using pair 25's (dE=-17640 m dN=-547 m)
[Coarse] pair 21: phase correlation gave dE=-11414 m dN=-17047 m, 17.6 km from every offset the matcher measured; using pair 25's (dE=-17640 m dN=-547 m)
[Coarse] pair 27: phase correlation gave dE=-97898 m dN=-6012 m, 80.0 km from every offset the matcher measured; using pair 23's (dE=-17773 m dN=-372 m)
[Coarse] imw-r2d2-nn-kt0p2 pair 1: dE=-17929.9 m dN=-630.0 m (matcher@315m, support=20, peak=None) 
imw-r2d2-nn-kt0p2: Processing pair 1 from disk...
imw-r2d2-nn-kt0p2: 1 match-sets in 0.11s
[Coarse] imw-r2d2-nn-kt0p2 pair 2: dE=-17929.9 m dN=-630.0 m (from-pair-1 (phasecorr disagreed), support=None, peak=0.03413578109976686) 
imw-r2d2-nn-kt0p2: Processing pair 2 from disk...
imw-r2d2-nn-kt0p2: 0 match-sets in 0.09s
[Coarse] imw-r2d2-nn-kt0p2 pair 3: dE=-17929.9 m dN=-630.0 m (from-pair-1, support=None, peak=None) 
imw-r2d2-nn-kt0p2: Processing pair 3 from disk...
imw-r2d2-nn-kt0p2: 0 match-sets in 0.09s
[Coarse] imw-r2d2-nn-kt0p2 pair 4: dE=-18104.6 m dN=-630.0 m (matcher@315m, support=9, peak=None) 
imw-r2d2-nn-kt0p2: Processing pair 4 from disk...
imw-r2d2-nn-kt0p2: 1 match-sets in 0.11s
[Coarse] imw-r2d2-nn-kt0p2 pair 5: dE=-18104.6 m dN=-630.0 m (from-pair-4, support=None, peak=None) 
imw-r2d2-nn-kt0p2: Processing pair 5 from disk...
imw-r2d2-nn-kt0p2: 0 match-sets in 0.10s
[Coarse] imw-r2d2-nn-kt0p2 pair 6: dE=-18104.6 m dN=-630.0 m (from-pair-4, support=None, peak=None) 
imw-r2d2-nn-kt0p2: Processing pair 6 from disk...
imw-r2d2-nn-kt0p2: 0 match-sets in 0.09s
[Coarse] imw-r2d2-nn-kt0p2 pair 7: dE=-17971.7 m dN=-630.0 m (matcher@315m, support=47, peak=None) 
imw-r2d2-nn-kt0p2: Processing pair 7 from disk...
imw-r2d2-nn-kt0p2: 1 match-sets in 0.39s
[Coarse] imw-r2d2-nn-kt0p2 pair 8: dE=-17955.0 m dN=-630.0 m (matcher@315m, support=23, peak=None) 
imw-r2d2-nn-kt0p2: Processing pair 8 from disk...
imw-r2d2-nn-kt0p2: 1 match-sets in 0.40s
[Coarse] imw-r2d2-nn-kt0p2 pair 9: dE=-17950.0 m dN=-630.0 m (matcher@315m, support=28, peak=None) 
imw-r2d2-nn-kt0p2: Processing pair 9 from disk...
imw-r2d2-nn-kt0p2: 1 match-sets in 0.37s
[Coarse] imw-r2d2-nn-kt0p2 pair 10: dE=-17955.0 m dN=-630.0 m (from-pair-8 (phasecorr disagreed), support=None, peak=0.04791493653487985) 
imw-r2d2-nn-kt0p2: Processing pair 10 from disk...
imw-r2d2-nn-kt0p2: 0 match-sets in 0.32s
[Coarse] imw-r2d2-nn-kt0p2 pair 11: dE=-17955.0 m dN=-630.0 m (from-pair-10, support=None, peak=None) 
imw-r2d2-nn-kt0p2: Processing pair 11 from disk...
imw-r2d2-nn-kt0p2: 0 match-sets in 0.31s
[Coarse] imw-r2d2-nn-kt0p2 pair 12: dE=-17955.0 m dN=-630.0 m (from-pair-8 (phasecorr disagreed), support=None, peak=0.1047012765466431) 
imw-r2d2-nn-kt0p2: Processing pair 12 from disk...
imw-r2d2-nn-kt0p2: 0 match-sets in 0.00s
[Coarse] imw-r2d2-nn-kt0p2 pair 13: dE=-17955.0 m dN=-630.0 m (from-pair-8 (phasecorr disagreed), support=None, peak=0.09384612739086151) 
imw-r2d2-nn-kt0p2: Processing pair 13 from disk...
imw-r2d2-nn-kt0p2: 0 match-sets in 0.00s
[Coarse] imw-r2d2-nn-kt0p2 pair 14: dE=-17891.1 m dN=-315.0 m (matcher@315m, support=248, peak=None) 
imw-r2d2-nn-kt0p2: Processing pair 14 from disk...
imw-r2d2-nn-kt0p2: 1 match-sets in 0.49s
[Coarse] imw-r2d2-nn-kt0p2 pair 15: dE=-17951.2 m dN=-315.0 m (matcher@315m, support=505, peak=None) 
imw-r2d2-nn-kt0p2: Processing pair 15 from disk...
imw-r2d2-nn-kt0p2: 1 match-sets in 0.48s
[Coarse] imw-r2d2-nn-kt0p2 pair 16: dE=-17871.2 m dN=-315.0 m (matcher@315m, support=290, peak=None) 
imw-r2d2-nn-kt0p2: Processing pair 16 from disk...
imw-r2d2-nn-kt0p2: 1 match-sets in 0.34s
[Coarse] imw-r2d2-nn-kt0p2 pair 17: dE=-17955.0 m dN=-315.0 m (matcher@315m, support=513, peak=None) 
imw-r2d2-nn-kt0p2: Processing pair 17 from disk...
imw-r2d2-nn-kt0p2: 1 match-sets in 0.35s
[Coarse] imw-r2d2-nn-kt0p2 pair 18: dE=-17640.0 m dN=-546.7 m (from-pair-25 (phasecorr disagreed), support=None, peak=0.06863816733713503) 
imw-r2d2-nn-kt0p2: Processing pair 18 from disk...
imw-r2d2-nn-kt0p2: 0 match-sets in 0.00s
[Coarse] imw-r2d2-nn-kt0p2 pair 19: dE=-17640.0 m dN=-546.7 m (from-pair-25 (phasecorr disagreed), support=None, peak=0.15104582491848204) 
imw-r2d2-nn-kt0p2: Processing pair 19 from disk...
imw-r2d2-nn-kt0p2: 0 match-sets in 0.00s
[Coarse] imw-r2d2-nn-kt0p2 pair 20: dE=-17640.0 m dN=-546.7 m (from-pair-19, support=None, peak=None) 
imw-r2d2-nn-kt0p2: Processing pair 20 from disk...
imw-r2d2-nn-kt0p2: 0 match-sets in 0.00s
[Coarse] imw-r2d2-nn-kt0p2 pair 21: dE=-17640.0 m dN=-546.7 m (from-pair-25 (phasecorr disagreed), support=None, peak=0.036990950946454645) 
imw-r2d2-nn-kt0p2: Processing pair 21 from disk...
imw-r2d2-nn-kt0p2: 0 match-sets in 0.00s
[Coarse] imw-r2d2-nn-kt0p2 pair 22: dE=-17640.0 m dN=-333.2 m (matcher@315m, support=55, peak=None) 
imw-r2d2-nn-kt0p2: Processing pair 22 from disk...
imw-r2d2-nn-kt0p2: 1 match-sets in 0.37s
[Coarse] imw-r2d2-nn-kt0p2 pair 23: dE=-17773.0 m dN=-372.3 m (matcher@315m, support=73, peak=None) 
imw-r2d2-nn-kt0p2: Processing pair 23 from disk...
imw-r2d2-nn-kt0p2: 1 match-sets in 0.34s
[Coarse] imw-r2d2-nn-kt0p2 pair 24: dE=-17844.2 m dN=-283.3 m (matcher@315m, support=175, peak=None) 
imw-r2d2-nn-kt0p2: Processing pair 24 from disk...
imw-r2d2-nn-kt0p2: 1 match-sets in 0.34s
[Coarse] imw-r2d2-nn-kt0p2 pair 25: dE=-17640.0 m dN=-546.7 m (matcher@315m, support=97, peak=None) 
imw-r2d2-nn-kt0p2: Processing pair 25 from disk...
imw-r2d2-nn-kt0p2: 1 match-sets in 0.34s
[Coarse] imw-r2d2-nn-kt0p2 pair 26: dE=-17773.0 m dN=-372.3 m (from-pair-27, support=None, peak=None) 
imw-r2d2-nn-kt0p2: Processing pair 26 from disk...
imw-r2d2-nn-kt0p2: 0 match-sets in 0.24s
[Coarse] imw-r2d2-nn-kt0p2 pair 27: dE=-17773.0 m dN=-372.3 m (from-pair-23 (phasecorr disagreed), support=None, peak=0.05064041456057702) 
imw-r2d2-nn-kt0p2: Processing pair 27 from disk...
imw-r2d2-nn-kt0p2: 0 match-sets in 0.22s
Saved:
 CHIP_STATS_ALL.csv
 CHIP_STATS_SURVIVORS.csv
 CONSENSUS_SCORES.csv
 BEST_CHIP_SET.csv
 BEST_CHIP_MANIFEST.csv
 BEST_FINAL_SUMMARY.csv
[band1] imw-r2d2-nn-kt0p2 ok in 0.2 min, peak GPU memory 2.5 of 39.4 GB
[imw-r2d2-nn] Model unloaded.
--------------------------------------------------------------------------------
[band1] Running imw-rord-nn-kt0p2-fm1
[imw-rord-nn] Loading model...
[Coarse] pair 3: no reliable coarse offset (matcher: no matches; phasecorr: {'dx': -16147.443677524008, 'dy': -26751.975000537102, 'support': None, 'n': None, 'peak': 0.00032880983234923565}); windows compared in place
[Coarse] pair 4: no reliable coarse offset (matcher: no matches; phasecorr: {'dx': 12882.472481301173, 'dy': 92621.70938170607, 'support': None, 'n': None, 'peak': -0.00012715039429841217}); windows compared in place
[Coarse] pair 5: no reliable coarse offset (matcher: {'dx': -13146.724662780762, 'dy': 3208.7572860717773, 'support': 1, 'n': 3, 'peak': None}; phasecorr: {'dx': 3156.3479216096807, 'dy': 18300.67805989782, 'support': None, 'n': None, 'peak': 0.020832994549224774}); windows compared in place
[Coarse] pair 6: no reliable coarse offset (matcher: no matches; phasecorr: {'dx': -15852.800158210905, 'dy': 18737.59796077822, 'support': None, 'n': None, 'peak': -0.0027571213742097218}); windows compared in place
[Coarse] pair 7: no reliable coarse offset (matcher: {'dx': -18028.001403808594, 'dy': -576.1477661132812, 'support': 7, 'n': 7, 'peak': None}; phasecorr: {'dx': -17660.72648465004, 'dy': -478.5174601560547, 'support': None, 'n': None, 'peak': 0.0218074359204816}); windows compared in place
[Coarse] pair 8: no reliable coarse offset (matcher: {'dx': -18221.781005859375, 'dy': 42.941436767578125, 'support': 3, 'n': 3, 'peak': None}; phasecorr: {'dx': -18002.059573769864, 'dy': -489.60497923140906, 'support': None, 'n': None, 'peak': 0.011968647486368816}); windows compared in place
[Coarse] pair 11: no reliable coarse offset (matcher: {'dx': -17943.62777709961, 'dy': 243.7049102783203, 'support': 4, 'n': 5, 'peak': None}; phasecorr: {'dx': -18107.733154651494, 'dy': -332.5590928480355, 'support': None, 'n': None, 'peak': 0.020898853179031604}); windows compared in place
[Coarse] pair 20: no reliable coarse offset (matcher: no matches; phasecorr: {'dx': -28903.23193639674, 'dy': -12953.216285335406, 'support': None, 'n': None, 'peak': 0.008737401829825507}); windows compared in place
[Coarse] pair 26: no reliable coarse offset (matcher: no matches; phasecorr: {'dx': -96306.08142606622, 'dy': -17142.367293993742, 'support': None, 'n': None, 'peak': 0.02253384519977334}); windows compared in place
[Coarse] pair 2: phase correlation gave dE=-8934 m dN=5487 m, 10.4 km from every offset the matcher measured; using pair 14's (dE=-17987 m dN=-169 m)
[Coarse] pair 10: phase correlation gave dE=43169 m dN=-4147 m, 61.1 km from every offset the matcher measured; using pair 14's (dE=-17987 m dN=-169 m)
[Coarse] pair 12: phase correlation gave dE=-1877 m dN=10017 m, 18.8 km from every offset the matcher measured; using pair 14's (dE=-17987 m dN=-169 m)
[Coarse] pair 13: phase correlation gave dE=7584 m dN=8567 m, 26.8 km from every offset the matcher measured; using pair 14's (dE=-17987 m dN=-169 m)
[Coarse] pair 18: phase correlation gave dE=744 m dN=-16615 m, 24.7 km from every offset the matcher measured; using pair 25's (dE=-18061 m dN=-93 m)
[Coarse] pair 19: phase correlation gave dE=11920 m dN=-17918 m, 34.6 km from every offset the matcher measured; using pair 25's (dE=-18061 m dN=-93 m)
[Coarse] pair 21: phase correlation gave dE=-11414 m dN=-17047 m, 18.0 km from every offset the matcher measured; using pair 25's (dE=-18061 m dN=-93 m)
[Coarse] pair 27: phase correlation gave dE=-97898 m dN=-6012 m, 80.1 km from every offset the matcher measured; using pair 23's (dE=-17889 m dN=-114 m)
[Coarse] imw-rord-nn-kt0p2-fm1 pair 1: dE=-18062.2 m dN=-904.8 m (phasecorr@315m, support=None, peak=0.03257782713572184) 
imw-rord-nn-kt0p2-fm1: Processing pair 1 from disk...
imw-rord-nn-kt0p2-fm1: 1 match-sets in 1.93s
[Coarse] imw-rord-nn-kt0p2-fm1 pair 2: dE=-17987.0 m dN=-169.1 m (from-pair-14 (phasecorr disagreed), support=None, peak=0.03413578109976686) 
imw-rord-nn-kt0p2-fm1: Processing pair 2 from disk...
imw-rord-nn-kt0p2-fm1: 0 match-sets in 0.27s
[Coarse] imw-rord-nn-kt0p2-fm1 pair 3: dE=-18062.2 m dN=-904.8 m (from-pair-1, support=None, peak=None) 
imw-rord-nn-kt0p2-fm1: Processing pair 3 from disk...
imw-rord-nn-kt0p2-fm1: 0 match-sets in 0.25s
[Coarse] imw-rord-nn-kt0p2-fm1 pair 4: dE=-17987.0 m dN=-169.1 m (from-pair-2, support=None, peak=None) 
imw-rord-nn-kt0p2-fm1: Processing pair 4 from disk...
imw-rord-nn-kt0p2-fm1: 0 match-sets in 2.21s
[Coarse] imw-rord-nn-kt0p2-fm1 pair 5: dE=-17987.0 m dN=-169.1 m (from-pair-2, support=None, peak=None) 
imw-rord-nn-kt0p2-fm1: Processing pair 5 from disk...
imw-rord-nn-kt0p2-fm1: 1 match-sets in 0.31s
[Coarse] imw-rord-nn-kt0p2-fm1 pair 6: dE=-17987.0 m dN=-169.1 m (from-pair-2, support=None, peak=None) 
imw-rord-nn-kt0p2-fm1: Processing pair 6 from disk...
imw-rord-nn-kt0p2-fm1: 0 match-sets in 0.30s
[Coarse] imw-rord-nn-kt0p2-fm1 pair 7: dE=-17790.5 m dN=-428.0 m (from-pair-9, support=None, peak=None) 
imw-rord-nn-kt0p2-fm1: Processing pair 7 from disk...
imw-rord-nn-kt0p2-fm1: 1 match-sets in 4.42s
[Coarse] imw-rord-nn-kt0p2-fm1 pair 8: dE=-17790.5 m dN=-428.0 m (from-pair-9, support=None, peak=None) 
imw-rord-nn-kt0p2-fm1: Processing pair 8 from disk...
imw-rord-nn-kt0p2-fm1: 0 match-sets in 4.43s
[Coarse] imw-rord-nn-kt0p2-fm1 pair 9: dE=-17790.5 m dN=-428.0 m (phasecorr@315m, support=None, peak=0.031066529352914596) 
imw-rord-nn-kt0p2-fm1: Processing pair 9 from disk...
imw-rord-nn-kt0p2-fm1: 1 match-sets in 4.33s
[Coarse] imw-rord-nn-kt0p2-fm1 pair 10: dE=-17987.0 m dN=-169.1 m (from-pair-14 (phasecorr disagreed), support=None, peak=0.04791493653487985) 
imw-rord-nn-kt0p2-fm1: Processing pair 10 from disk...
imw-rord-nn-kt0p2-fm1: 1 match-sets in 3.72s
[Coarse] imw-rord-nn-kt0p2-fm1 pair 11: dE=-17987.0 m dN=-169.1 m (from-pair-10, support=None, peak=None) 
imw-rord-nn-kt0p2-fm1: Processing pair 11 from disk...
imw-rord-nn-kt0p2-fm1: 1 match-sets in 0.68s
[Coarse] imw-rord-nn-kt0p2-fm1 pair 12: dE=-17987.0 m dN=-169.1 m (from-pair-14 (phasecorr disagreed), support=None, peak=0.1047012765466431) 
imw-rord-nn-kt0p2-fm1: Processing pair 12 from disk...
imw-rord-nn-kt0p2-fm1: 0 match-sets in 0.00s
[Coarse] imw-rord-nn-kt0p2-fm1 pair 13: dE=-17987.0 m dN=-169.1 m (from-pair-14 (phasecorr disagreed), support=None, peak=0.09384612739086151) 
imw-rord-nn-kt0p2-fm1: Processing pair 13 from disk...
imw-rord-nn-kt0p2-fm1: 0 match-sets in 0.00s
[Coarse] imw-rord-nn-kt0p2-fm1 pair 14: dE=-17987.0 m dN=-169.1 m (matcher@315m, support=55, peak=None) 
imw-rord-nn-kt0p2-fm1: Processing pair 14 from disk...
imw-rord-nn-kt0p2-fm1: 1 match-sets in 4.83s
[Coarse] imw-rord-nn-kt0p2-fm1 pair 15: dE=-17867.4 m dN=-137.0 m (matcher@315m, support=116, peak=None) 
imw-rord-nn-kt0p2-fm1: Processing pair 15 from disk...
imw-rord-nn-kt0p2-fm1: 1 match-sets in 1.06s
[Coarse] imw-rord-nn-kt0p2-fm1 pair 16: dE=-17892.4 m dN=-64.7 m (matcher@315m, support=23, peak=None) 
imw-rord-nn-kt0p2-fm1: Processing pair 16 from disk...
imw-rord-nn-kt0p2-fm1: 1 match-sets in 0.67s
[Coarse] imw-rord-nn-kt0p2-fm1 pair 17: dE=-17979.4 m dN=-185.8 m (matcher@315m, support=86, peak=None) 
imw-rord-nn-kt0p2-fm1: Processing pair 17 from disk...
imw-rord-nn-kt0p2-fm1: 1 match-sets in 0.72s
[Coarse] imw-rord-nn-kt0p2-fm1 pair 18: dE=-18061.3 m dN=-93.5 m (from-pair-25 (phasecorr disagreed), support=None, peak=0.06863816733713503) 
imw-rord-nn-kt0p2-fm1: Processing pair 18 from disk...
imw-rord-nn-kt0p2-fm1: 0 match-sets in 0.00s
[Coarse] imw-rord-nn-kt0p2-fm1 pair 19: dE=-18061.3 m dN=-93.5 m (from-pair-25 (phasecorr disagreed), support=None, peak=0.15104582491848204) 
imw-rord-nn-kt0p2-fm1: Processing pair 19 from disk...
imw-rord-nn-kt0p2-fm1: 0 match-sets in 0.00s
[Coarse] imw-rord-nn-kt0p2-fm1 pair 20: dE=-18061.3 m dN=-93.5 m (from-pair-19, support=None, peak=None) 
imw-rord-nn-kt0p2-fm1: Processing pair 20 from disk...
imw-rord-nn-kt0p2-fm1: 0 match-sets in 0.00s
[Coarse] imw-rord-nn-kt0p2-fm1 pair 21: dE=-18061.3 m dN=-93.5 m (from-pair-25 (phasecorr disagreed), support=None, peak=0.036990950946454645) 
imw-rord-nn-kt0p2-fm1: Processing pair 21 from disk...
imw-rord-nn-kt0p2-fm1: 0 match-sets in 0.00s
[Coarse] imw-rord-nn-kt0p2-fm1 pair 22: dE=-17814.2 m dN=23.1 m (matcher@315m, support=18, peak=None) 
imw-rord-nn-kt0p2-fm1: Processing pair 22 from disk...
imw-rord-nn-kt0p2-fm1: 1 match-sets in 3.87s
[Coarse] imw-rord-nn-kt0p2-fm1 pair 23: dE=-17889.4 m dN=-114.4 m (matcher@315m, support=19, peak=None) 
imw-rord-nn-kt0p2-fm1: Processing pair 23 from disk...
imw-rord-nn-kt0p2-fm1: 1 match-sets in 0.79s
[Coarse] imw-rord-nn-kt0p2-fm1 pair 24: dE=-17768.6 m dN=-212.0 m (matcher@315m, support=36, peak=None) 
imw-rord-nn-kt0p2-fm1: Processing pair 24 from disk...
imw-rord-nn-kt0p2-fm1: 1 match-sets in 0.78s
[Coarse] imw-rord-nn-kt0p2-fm1 pair 25: dE=-18061.3 m dN=-93.5 m (matcher@315m, support=35, peak=None) 
imw-rord-nn-kt0p2-fm1: Processing pair 25 from disk...
imw-rord-nn-kt0p2-fm1: 1 match-sets in 0.78s
[Coarse] imw-rord-nn-kt0p2-fm1 pair 26: dE=-17889.4 m dN=-114.4 m (from-pair-27, support=None, peak=None) 
imw-rord-nn-kt0p2-fm1: Processing pair 26 from disk...
imw-rord-nn-kt0p2-fm1: 0 match-sets in 3.08s
[Coarse] imw-rord-nn-kt0p2-fm1 pair 27: dE=-17889.4 m dN=-114.4 m (from-pair-23 (phasecorr disagreed), support=None, peak=0.05064041456057702) 
imw-rord-nn-kt0p2-fm1: Processing pair 27 from disk...
imw-rord-nn-kt0p2-fm1: 1 match-sets in 0.50s
Saved:
 CHIP_STATS_ALL.csv
 CHIP_STATS_SURVIVORS.csv
 CONSENSUS_SCORES.csv
 BEST_CHIP_SET.csv
 BEST_CHIP_MANIFEST.csv
 BEST_FINAL_SUMMARY.csv
[band1] imw-rord-nn-kt0p2-fm1 ok in 1.8 min, peak GPU memory 32.5 of 39.4 GB
[imw-rord-nn] Model unloaded.
--------------------------------------------------------------------------------
[band1] Running imw-rord-nn-kt0p2
[imw-rord-nn] Loading model...
[Coarse] pair 3: no reliable coarse offset (matcher: {'dx': -19111.555309295654, 'dy': -1645.9370040893555, 'support': 1, 'n': 4, 'peak': None}; phasecorr: {'dx': -16147.443677524008, 'dy': -26751.975000537102, 'support': None, 'n': None, 'peak': 0.00032880983234923565}); windows compared in place
[Coarse] pair 4: no reliable coarse offset (matcher: no matches; phasecorr: {'dx': 12882.472481301173, 'dy': 92621.70938170607, 'support': None, 'n': None, 'peak': -0.00012715039429841217}); windows compared in place
[Coarse] pair 5: no reliable coarse offset (matcher: no matches; phasecorr: {'dx': 3156.3479216096807, 'dy': 18300.67805989782, 'support': None, 'n': None, 'peak': 0.020832994549224774}); windows compared in place
[Coarse] pair 6: no reliable coarse offset (matcher: no matches; phasecorr: {'dx': -15852.800158210905, 'dy': 18737.59796077822, 'support': None, 'n': None, 'peak': -0.0027571213742097218}); windows compared in place
[Coarse] pair 7: no reliable coarse offset (matcher: {'dx': -18153.58612060547, 'dy': -1207.2676849365234, 'support': 3, 'n': 5, 'peak': None}; phasecorr: {'dx': -17660.72648465004, 'dy': -478.5174601560547, 'support': None, 'n': None, 'peak': 0.0218074359204816}); windows compared in place
[Coarse] pair 8: no reliable coarse offset (matcher: no matches; phasecorr: {'dx': -18002.059573769864, 'dy': -489.60497923140906, 'support': None, 'n': None, 'peak': 0.011968647486368816}); windows compared in place
[Coarse] pair 11: no reliable coarse offset (matcher: no matches; phasecorr: {'dx': -18107.733154651494, 'dy': -332.5590928480355, 'support': None, 'n': None, 'peak': 0.020898853179031604}); windows compared in place
[Coarse] pair 20: no reliable coarse offset (matcher: no matches; phasecorr: {'dx': -28903.23193639674, 'dy': -12953.216285335406, 'support': None, 'n': None, 'peak': 0.008737401829825507}); windows compared in place
[Coarse] pair 26: no reliable coarse offset (matcher: no matches; phasecorr: {'dx': -96306.08142606622, 'dy': -17142.367293993742, 'support': None, 'n': None, 'peak': 0.02253384519977334}); windows compared in place
[Coarse] pair 2: phase correlation gave dE=-8934 m dN=5487 m, 10.3 km from every offset the matcher measured; using pair 14's (dE=-18088 m dN=-257 m)
[Coarse] pair 10: phase correlation gave dE=43169 m dN=-4147 m, 60.8 km from every offset the matcher measured; using pair 14's (dE=-18088 m dN=-257 m)
[Coarse] pair 12: phase correlation gave dE=-1877 m dN=10017 m, 18.7 km from every offset the matcher measured; using pair 14's (dE=-18088 m dN=-257 m)
[Coarse] pair 13: phase correlation gave dE=7584 m dN=8567 m, 26.6 km from every offset the matcher measured; using pair 14's (dE=-18088 m dN=-257 m)
[Coarse] pair 18: phase correlation gave dE=744 m dN=-16615 m, 24.5 km from every offset the matcher measured; using pair 25's (dE=-17542 m dN=-261 m)
[Coarse] pair 19: phase correlation gave dE=11920 m dN=-17918 m, 34.3 km from every offset the matcher measured; using pair 25's (dE=-17542 m dN=-261 m)
[Coarse] pair 21: phase correlation gave dE=-11414 m dN=-17047 m, 17.9 km from every offset the matcher measured; using pair 25's (dE=-17542 m dN=-261 m)
[Coarse] pair 27: phase correlation gave dE=-97898 m dN=-6012 m, 80.0 km from every offset the matcher measured; using pair 23's (dE=-18037 m dN=-116 m)
[Coarse] imw-rord-nn-kt0p2 pair 1: dE=-18062.2 m dN=-904.8 m (phasecorr@315m, support=None, peak=0.03257782713572184) 
imw-rord-nn-kt0p2: Processing pair 1 from disk...
imw-rord-nn-kt0p2: 1 match-sets in 0.12s
[Coarse] imw-rord-nn-kt0p2 pair 2: dE=-18087.6 m dN=-256.6 m (from-pair-14 (phasecorr disagreed), support=None, peak=0.03413578109976686) 
imw-rord-nn-kt0p2: Processing pair 2 from disk...
imw-rord-nn-kt0p2: 1 match-sets in 0.12s
[Coarse] imw-rord-nn-kt0p2 pair 3: dE=-18062.2 m dN=-904.8 m (from-pair-1, support=None, peak=None) 
imw-rord-nn-kt0p2: Processing pair 3 from disk...
imw-rord-nn-kt0p2: 0 match-sets in 0.11s
[Coarse] imw-rord-nn-kt0p2 pair 4: dE=-18087.6 m dN=-256.6 m (from-pair-2, support=None, peak=None) 
imw-rord-nn-kt0p2: Processing pair 4 from disk...
imw-rord-nn-kt0p2: 0 match-sets in 0.14s
[Coarse] imw-rord-nn-kt0p2 pair 5: dE=-18087.6 m dN=-256.6 m (from-pair-2, support=None, peak=None) 
imw-rord-nn-kt0p2: Processing pair 5 from disk...
imw-rord-nn-kt0p2: 1 match-sets in 0.15s
[Coarse] imw-rord-nn-kt0p2 pair 6: dE=-18087.6 m dN=-256.6 m (from-pair-2, support=None, peak=None) 
imw-rord-nn-kt0p2: Processing pair 6 from disk...
imw-rord-nn-kt0p2: 1 match-sets in 0.14s
[Coarse] imw-rord-nn-kt0p2 pair 7: dE=-17790.5 m dN=-428.0 m (from-pair-9, support=None, peak=None) 
imw-rord-nn-kt0p2: Processing pair 7 from disk...
imw-rord-nn-kt0p2: 1 match-sets in 0.41s
[Coarse] imw-rord-nn-kt0p2 pair 8: dE=-17790.5 m dN=-428.0 m (from-pair-9, support=None, peak=None) 
imw-rord-nn-kt0p2: Processing pair 8 from disk...
imw-rord-nn-kt0p2: 1 match-sets in 0.40s
[Coarse] imw-rord-nn-kt0p2 pair 9: dE=-17790.5 m dN=-428.0 m (phasecorr@315m, support=None, peak=0.031066529352914596) 
imw-rord-nn-kt0p2: Processing pair 9 from disk...
imw-rord-nn-kt0p2: 1 match-sets in 0.38s
[Coarse] imw-rord-nn-kt0p2 pair 10: dE=-18087.6 m dN=-256.6 m (from-pair-14 (phasecorr disagreed), support=None, peak=0.04791493653487985) 
imw-rord-nn-kt0p2: Processing pair 10 from disk...
imw-rord-nn-kt0p2: 1 match-sets in 0.31s
[Coarse] imw-rord-nn-kt0p2 pair 11: dE=-18087.6 m dN=-256.6 m (from-pair-10, support=None, peak=None) 
imw-rord-nn-kt0p2: Processing pair 11 from disk...
imw-rord-nn-kt0p2: 1 match-sets in 0.32s
[Coarse] imw-rord-nn-kt0p2 pair 12: dE=-18087.6 m dN=-256.6 m (from-pair-14 (phasecorr disagreed), support=None, peak=0.1047012765466431) 
imw-rord-nn-kt0p2: Processing pair 12 from disk...
imw-rord-nn-kt0p2: 0 match-sets in 0.00s
[Coarse] imw-rord-nn-kt0p2 pair 13: dE=-18087.6 m dN=-256.6 m (from-pair-14 (phasecorr disagreed), support=None, peak=0.09384612739086151) 
imw-rord-nn-kt0p2: Processing pair 13 from disk...
imw-rord-nn-kt0p2: 0 match-sets in 0.00s
[Coarse] imw-rord-nn-kt0p2 pair 14: dE=-18087.6 m dN=-256.6 m (matcher@315m, support=62, peak=None) 
imw-rord-nn-kt0p2: Processing pair 14 from disk...
imw-rord-nn-kt0p2: 1 match-sets in 0.46s
[Coarse] imw-rord-nn-kt0p2 pair 15: dE=-17840.8 m dN=-234.6 m (matcher@315m, support=80, peak=None) 
imw-rord-nn-kt0p2: Processing pair 15 from disk...
imw-rord-nn-kt0p2: 1 match-sets in 0.48s
[Coarse] imw-rord-nn-kt0p2 pair 16: dE=-17887.8 m dN=-212.8 m (matcher@315m, support=46, peak=None) 
imw-rord-nn-kt0p2: Processing pair 16 from disk...
imw-rord-nn-kt0p2: 1 match-sets in 0.33s
[Coarse] imw-rord-nn-kt0p2 pair 17: dE=-18092.9 m dN=-391.9 m (matcher@315m, support=86, peak=None) 
imw-rord-nn-kt0p2: Processing pair 17 from disk...
imw-rord-nn-kt0p2: 1 match-sets in 0.34s
[Coarse] imw-rord-nn-kt0p2 pair 18: dE=-17542.0 m dN=-260.8 m (from-pair-25 (phasecorr disagreed), support=None, peak=0.06863816733713503) 
imw-rord-nn-kt0p2: Processing pair 18 from disk...
imw-rord-nn-kt0p2: 0 match-sets in 0.00s
[Coarse] imw-rord-nn-kt0p2 pair 19: dE=-17542.0 m dN=-260.8 m (from-pair-25 (phasecorr disagreed), support=None, peak=0.15104582491848204) 
imw-rord-nn-kt0p2: Processing pair 19 from disk...
imw-rord-nn-kt0p2: 0 match-sets in 0.00s
[Coarse] imw-rord-nn-kt0p2 pair 20: dE=-17542.0 m dN=-260.8 m (from-pair-19, support=None, peak=None) 
imw-rord-nn-kt0p2: Processing pair 20 from disk...
imw-rord-nn-kt0p2: 0 match-sets in 0.00s
[Coarse] imw-rord-nn-kt0p2 pair 21: dE=-17542.0 m dN=-260.8 m (from-pair-25 (phasecorr disagreed), support=None, peak=0.036990950946454645) 
imw-rord-nn-kt0p2: Processing pair 21 from disk...
imw-rord-nn-kt0p2: 0 match-sets in 0.00s
[Coarse] imw-rord-nn-kt0p2 pair 22: dE=-17845.7 m dN=-220.0 m (matcher@315m, support=31, peak=None) 
imw-rord-nn-kt0p2: Processing pair 22 from disk...
imw-rord-nn-kt0p2: 1 match-sets in 0.36s
[Coarse] imw-rord-nn-kt0p2 pair 23: dE=-18037.3 m dN=-116.1 m (matcher@315m, support=17, peak=None) 
imw-rord-nn-kt0p2: Processing pair 23 from disk...
imw-rord-nn-kt0p2: 1 match-sets in 0.36s
[Coarse] imw-rord-nn-kt0p2 pair 24: dE=-17695.1 m dN=-0.0 m (matcher@315m, support=34, peak=None) 
imw-rord-nn-kt0p2: Processing pair 24 from disk...
imw-rord-nn-kt0p2: 1 match-sets in 0.37s
[Coarse] imw-rord-nn-kt0p2 pair 25: dE=-17542.0 m dN=-260.8 m (matcher@315m, support=37, peak=None) 
imw-rord-nn-kt0p2: Processing pair 25 from disk...
imw-rord-nn-kt0p2: 1 match-sets in 0.37s
[Coarse] imw-rord-nn-kt0p2 pair 26: dE=-18037.3 m dN=-116.1 m (from-pair-27, support=None, peak=None) 
imw-rord-nn-kt0p2: Processing pair 26 from disk...
imw-rord-nn-kt0p2: 1 match-sets in 0.24s
[Coarse] imw-rord-nn-kt0p2 pair 27: dE=-18037.3 m dN=-116.1 m (from-pair-23 (phasecorr disagreed), support=None, peak=0.05064041456057702) 
imw-rord-nn-kt0p2: Processing pair 27 from disk...
imw-rord-nn-kt0p2: 0 match-sets in 0.23s
Saved:
 CHIP_STATS_ALL.csv
 CHIP_STATS_SURVIVORS.csv
 CONSENSUS_SCORES.csv
 BEST_CHIP_SET.csv
 BEST_CHIP_MANIFEST.csv
 BEST_FINAL_SUMMARY.csv
[band1] imw-rord-nn-kt0p2 ok in 0.2 min, peak GPU memory 0.7 of 39.4 GB
[imw-rord-nn] Model unloaded.
--------------------------------------------------------------------------------
[band1] Running imw-d2net-nn-kt0p2-fm1
[imw-d2net-nn] Loading model...
[Coarse] pair 3: no reliable coarse offset (matcher: {'dx': -20413.552265167236, 'dy': -7256.468353271484, 'support': 1, 'n': 8, 'peak': None}; phasecorr: {'dx': -16147.443677524008, 'dy': -26751.975000537102, 'support': None, 'n': None, 'peak': 0.00032880983234923565}); windows compared in place
[Coarse] pair 5: no reliable coarse offset (matcher: {'dx': -20090.915908813477, 'dy': -1398.8314819335938, 'support': 1, 'n': 6, 'peak': None}; phasecorr: {'dx': 3156.3479216096807, 'dy': 18300.67805989782, 'support': None, 'n': None, 'peak': 0.020832994549224774}); windows compared in place
[Coarse] pair 6: no reliable coarse offset (matcher: no matches; phasecorr: {'dx': -15852.800158210905, 'dy': 18737.59796077822, 'support': None, 'n': None, 'peak': -0.0027571213742097218}); windows compared in place
[Coarse] pair 11: no reliable coarse offset (matcher: no matches; phasecorr: {'dx': -18107.733154651494, 'dy': -332.5590928480355, 'support': None, 'n': None, 'peak': 0.020898853179031604}); windows compared in place
[Coarse] pair 20: no reliable coarse offset (matcher: no matches; phasecorr: {'dx': -28903.23193639674, 'dy': -12953.216285335406, 'support': None, 'n': None, 'peak': 0.008737401829825507}); windows compared in place
[Coarse] pair 26: no reliable coarse offset (matcher: no matches; phasecorr: {'dx': -96306.08142606622, 'dy': -17142.367293993742, 'support': None, 'n': None, 'peak': 0.02253384519977334}); windows compared in place
[Coarse] pair 2: phase correlation gave dE=-8934 m dN=5487 m, 10.5 km from every offset the matcher measured; using pair 1's (dE=-18061 m dN=-445 m)
[Coarse] pair 10: phase correlation gave dE=43169 m dN=-4147 m, 61.1 km from every offset the matcher measured; using pair 8's (dE=-17887 m dN=-575 m)
[Coarse] pair 12: phase correlation gave dE=-1877 m dN=10017 m, 18.9 km from every offset the matcher measured; using pair 8's (dE=-17887 m dN=-575 m)
[Coarse] pair 13: phase correlation gave dE=7584 m dN=8567 m, 26.9 km from every offset the matcher measured; using pair 8's (dE=-17887 m dN=-575 m)
[Coarse] pair 18: phase correlation gave dE=744 m dN=-16615 m, 24.6 km from every offset the matcher measured; using pair 25's (dE=-17915 m dN=-203 m)
[Coarse] pair 19: phase correlation gave dE=11920 m dN=-17918 m, 34.5 km from every offset the matcher measured; using pair 25's (dE=-17915 m dN=-203 m)
[Coarse] pair 21: phase correlation gave dE=-11414 m dN=-17047 m, 17.6 km from every offset the matcher measured; using pair 25's (dE=-17915 m dN=-203 m)
[Coarse] pair 27: phase correlation gave dE=-97898 m dN=-6012 m, 79.7 km from every offset the matcher measured; using pair 23's (dE=-17897 m dN=-82 m)
[Coarse] imw-d2net-nn-kt0p2-fm1 pair 1: dE=-18060.8 m dN=-444.6 m (matcher@315m, support=13, peak=None) 
imw-d2net-nn-kt0p2-fm1: Processing pair 1 from disk...
imw-d2net-nn-kt0p2-fm1: 1 match-sets in 0.26s
[Coarse] imw-d2net-nn-kt0p2-fm1 pair 2: dE=-18060.8 m dN=-444.6 m (from-pair-1 (phasecorr disagreed), support=None, peak=0.03413578109976686) 
imw-d2net-nn-kt0p2-fm1: Processing pair 2 from disk...
imw-d2net-nn-kt0p2-fm1: 1 match-sets in 0.26s
[Coarse] imw-d2net-nn-kt0p2-fm1 pair 3: dE=-18060.8 m dN=-444.6 m (from-pair-1, support=None, peak=None) 
imw-d2net-nn-kt0p2-fm1: Processing pair 3 from disk...
imw-d2net-nn-kt0p2-fm1: 1 match-sets in 0.26s
[Coarse] imw-d2net-nn-kt0p2-fm1 pair 4: dE=-18347.4 m dN=-847.2 m (matcher@315m, support=8, peak=None) 
imw-d2net-nn-kt0p2-fm1: Processing pair 4 from disk...
imw-d2net-nn-kt0p2-fm1: 1 match-sets in 0.30s
[Coarse] imw-d2net-nn-kt0p2-fm1 pair 5: dE=-18347.4 m dN=-847.2 m (from-pair-4, support=None, peak=None) 
imw-d2net-nn-kt0p2-fm1: Processing pair 5 from disk...
imw-d2net-nn-kt0p2-fm1: 1 match-sets in 0.34s
[Coarse] imw-d2net-nn-kt0p2-fm1 pair 6: dE=-18347.4 m dN=-847.2 m (from-pair-4, support=None, peak=None) 
imw-d2net-nn-kt0p2-fm1: Processing pair 6 from disk...
imw-d2net-nn-kt0p2-fm1: 1 match-sets in 0.30s
[Coarse] imw-d2net-nn-kt0p2-fm1 pair 7: dE=-18325.7 m dN=-374.4 m (matcher@315m, support=31, peak=None) 
imw-d2net-nn-kt0p2-fm1: Processing pair 7 from disk...
imw-d2net-nn-kt0p2-fm1: 1 match-sets in 0.81s
[Coarse] imw-d2net-nn-kt0p2-fm1 pair 8: dE=-17886.8 m dN=-574.6 m (matcher@315m, support=14, peak=None) 
imw-d2net-nn-kt0p2-fm1: Processing pair 8 from disk...
imw-d2net-nn-kt0p2-fm1: 1 match-sets in 5.05s
[Coarse] imw-d2net-nn-kt0p2-fm1 pair 9: dE=-17891.3 m dN=-538.3 m (matcher@315m, support=22, peak=None) 
imw-d2net-nn-kt0p2-fm1: Processing pair 9 from disk...
imw-d2net-nn-kt0p2-fm1: 1 match-sets in 0.83s
[Coarse] imw-d2net-nn-kt0p2-fm1 pair 10: dE=-17886.8 m dN=-574.6 m (from-pair-8 (phasecorr disagreed), support=None, peak=0.04791493653487985) 
imw-d2net-nn-kt0p2-fm1: Processing pair 10 from disk...
imw-d2net-nn-kt0p2-fm1: 0 match-sets in 0.62s
[Coarse] imw-d2net-nn-kt0p2-fm1 pair 11: dE=-17886.8 m dN=-574.6 m (from-pair-10, support=None, peak=None) 
imw-d2net-nn-kt0p2-fm1: Processing pair 11 from disk...
imw-d2net-nn-kt0p2-fm1: 1 match-sets in 0.68s
[Coarse] imw-d2net-nn-kt0p2-fm1 pair 12: dE=-17886.8 m dN=-574.6 m (from-pair-8 (phasecorr disagreed), support=None, peak=0.1047012765466431) 
imw-d2net-nn-kt0p2-fm1: Processing pair 12 from disk...
imw-d2net-nn-kt0p2-fm1: 0 match-sets in 0.00s
[Coarse] imw-d2net-nn-kt0p2-fm1 pair 13: dE=-17886.8 m dN=-574.6 m (from-pair-8 (phasecorr disagreed), support=None, peak=0.09384612739086151) 
imw-d2net-nn-kt0p2-fm1: Processing pair 13 from disk...
imw-d2net-nn-kt0p2-fm1: 0 match-sets in 0.00s
[Coarse] imw-d2net-nn-kt0p2-fm1 pair 14: dE=-17871.8 m dN=-101.8 m (matcher@315m, support=161, peak=None) 
imw-d2net-nn-kt0p2-fm1: Processing pair 14 from disk...
imw-d2net-nn-kt0p2-fm1: 1 match-sets in 1.07s
[Coarse] imw-d2net-nn-kt0p2-fm1 pair 15: dE=-17816.5 m dN=-250.8 m (matcher@315m, support=252, peak=None) 
imw-d2net-nn-kt0p2-fm1: Processing pair 15 from disk...
imw-d2net-nn-kt0p2-fm1: 1 match-sets in 1.16s
[Coarse] imw-d2net-nn-kt0p2-fm1 pair 16: dE=-18071.0 m dN=-469.7 m (matcher@315m, support=127, peak=None) 
imw-d2net-nn-kt0p2-fm1: Processing pair 16 from disk...
imw-d2net-nn-kt0p2-fm1: 1 match-sets in 0.69s
[Coarse] imw-d2net-nn-kt0p2-fm1 pair 17: dE=-18048.4 m dN=-388.9 m (matcher@315m, support=178, peak=None) 
imw-d2net-nn-kt0p2-fm1: Processing pair 17 from disk...
imw-d2net-nn-kt0p2-fm1: 1 match-sets in 0.72s
[Coarse] imw-d2net-nn-kt0p2-fm1 pair 18: dE=-17914.9 m dN=-203.3 m (from-pair-25 (phasecorr disagreed), support=None, peak=0.06863816733713503) 
imw-d2net-nn-kt0p2-fm1: Processing pair 18 from disk...
imw-d2net-nn-kt0p2-fm1: 0 match-sets in 0.00s
[Coarse] imw-d2net-nn-kt0p2-fm1 pair 19: dE=-17914.9 m dN=-203.3 m (from-pair-25 (phasecorr disagreed), support=None, peak=0.15104582491848204) 
imw-d2net-nn-kt0p2-fm1: Processing pair 19 from disk...
imw-d2net-nn-kt0p2-fm1: 0 match-sets in 0.00s
[Coarse] imw-d2net-nn-kt0p2-fm1 pair 20: dE=-17914.9 m dN=-203.3 m (from-pair-19, support=None, peak=None) 
imw-d2net-nn-kt0p2-fm1: Processing pair 20 from disk...
imw-d2net-nn-kt0p2-fm1: 0 match-sets in 0.00s
[Coarse] imw-d2net-nn-kt0p2-fm1 pair 21: dE=-17914.9 m dN=-203.3 m (from-pair-25 (phasecorr disagreed), support=None, peak=0.036990950946454645) 
imw-d2net-nn-kt0p2-fm1: Processing pair 21 from disk...
imw-d2net-nn-kt0p2-fm1: 0 match-sets in 0.00s
[Coarse] imw-d2net-nn-kt0p2-fm1 pair 22: dE=-17915.5 m dN=-210.0 m (matcher@315m, support=81, peak=None) 
imw-d2net-nn-kt0p2-fm1: Processing pair 22 from disk...
imw-d2net-nn-kt0p2-fm1: 1 match-sets in 0.79s
[Coarse] imw-d2net-nn-kt0p2-fm1 pair 23: dE=-17897.0 m dN=-81.6 m (matcher@315m, support=84, peak=None) 
imw-d2net-nn-kt0p2-fm1: Processing pair 23 from disk...
imw-d2net-nn-kt0p2-fm1: 1 match-sets in 0.77s
[Coarse] imw-d2net-nn-kt0p2-fm1 pair 24: dE=-17984.9 m dN=-229.5 m (matcher@315m, support=75, peak=None) 
imw-d2net-nn-kt0p2-fm1: Processing pair 24 from disk...
imw-d2net-nn-kt0p2-fm1: 1 match-sets in 0.80s
[Coarse] imw-d2net-nn-kt0p2-fm1 pair 25: dE=-17914.9 m dN=-203.3 m (matcher@315m, support=85, peak=None) 
imw-d2net-nn-kt0p2-fm1: Processing pair 25 from disk...
imw-d2net-nn-kt0p2-fm1: 1 match-sets in 0.78s
[Coarse] imw-d2net-nn-kt0p2-fm1 pair 26: dE=-17897.0 m dN=-81.6 m (from-pair-27, support=None, peak=None) 
imw-d2net-nn-kt0p2-fm1: Processing pair 26 from disk...
imw-d2net-nn-kt0p2-fm1: 1 match-sets in 0.48s
[Coarse] imw-d2net-nn-kt0p2-fm1 pair 27: dE=-17897.0 m dN=-81.6 m (from-pair-23 (phasecorr disagreed), support=None, peak=0.05064041456057702) 
imw-d2net-nn-kt0p2-fm1: Processing pair 27 from disk...
imw-d2net-nn-kt0p2-fm1: 1 match-sets in 0.48s
Saved:
 CHIP_STATS_ALL.csv
 CHIP_STATS_SURVIVORS.csv
 CONSENSUS_SCORES.csv
 BEST_CHIP_SET.csv
 BEST_CHIP_MANIFEST.csv
 BEST_FINAL_SUMMARY.csv
[band1] imw-d2net-nn-kt0p2-fm1 ok in 0.6 min, peak GPU memory 32.5 of 39.4 GB
[imw-d2net-nn] Model unloaded.
--------------------------------------------------------------------------------
[band1] Running imw-d2net-nn-kt0p2
[imw-d2net-nn] Loading model...
[Coarse] pair 3: no reliable coarse offset (matcher: {'dx': -19649.840927124023, 'dy': -1650.5368423461914, 'support': 3, 'n': 5, 'peak': None}; phasecorr: {'dx': -16147.443677524008, 'dy': -26751.975000537102, 'support': None, 'n': None, 'peak': 0.00032880983234923565}); windows compared in place
[Coarse] pair 6: no reliable coarse offset (matcher: {'dx': -17675.29426574707, 'dy': -982.3274230957031, 'support': 3, 'n': 5, 'peak': None}; phasecorr: {'dx': -15852.800158210905, 'dy': 18737.59796077822, 'support': None, 'n': None, 'peak': -0.0027571213742097218}); windows compared in place
[Coarse] pair 11: no reliable coarse offset (matcher: {'dx': -18219.834365844727, 'dy': 176.5338134765625, 'support': 5, 'n': 7, 'peak': None}; phasecorr: {'dx': -18107.733154651494, 'dy': -332.5590928480355, 'support': None, 'n': None, 'peak': 0.020898853179031604}); windows compared in place
[Coarse] pair 20: no reliable coarse offset (matcher: no matches; phasecorr: {'dx': -28903.23193639674, 'dy': -12953.216285335406, 'support': None, 'n': None, 'peak': 0.008737401829825507}); windows compared in place
[Coarse] pair 26: no reliable coarse offset (matcher: no matches; phasecorr: {'dx': -96306.08142606622, 'dy': -17142.367293993742, 'support': None, 'n': None, 'peak': 0.02253384519977334}); windows compared in place
[Coarse] pair 2: phase correlation gave dE=-8934 m dN=5487 m, 10.5 km from every offset the matcher measured; using pair 5's (dE=-18756 m dN=-848 m)
[Coarse] pair 10: phase correlation gave dE=43169 m dN=-4147 m, 61.0 km from every offset the matcher measured; using pair 8's (dE=-18040 m dN=-940 m)
[Coarse] pair 12: phase correlation gave dE=-1877 m dN=10017 m, 18.9 km from every offset the matcher measured; using pair 8's (dE=-18040 m dN=-940 m)
[Coarse] pair 13: phase correlation gave dE=7584 m dN=8567 m, 26.8 km from every offset the matcher measured; using pair 8's (dE=-18040 m dN=-940 m)
[Coarse] pair 18: phase correlation gave dE=744 m dN=-16615 m, 24.5 km from every offset the matcher measured; using pair 25's (dE=-17693 m dN=-305 m)
[Coarse] pair 19: phase correlation gave dE=11920 m dN=-17918 m, 34.4 km from every offset the matcher measured; using pair 25's (dE=-17693 m dN=-305 m)
[Coarse] pair 21: phase correlation gave dE=-11414 m dN=-17047 m, 17.4 km from every offset the matcher measured; using pair 25's (dE=-17693 m dN=-305 m)
[Coarse] pair 27: phase correlation gave dE=-97898 m dN=-6012 m, 79.3 km from every offset the matcher measured; using pair 23's (dE=-17867 m dN=-135 m)
[Coarse] imw-d2net-nn-kt0p2 pair 1: dE=-18062.2 m dN=-904.8 m (phasecorr@315m, support=None, peak=0.03257782713572184) 
imw-d2net-nn-kt0p2: Processing pair 1 from disk...
imw-d2net-nn-kt0p2: 1 match-sets in 0.12s
[Coarse] imw-d2net-nn-kt0p2 pair 2: dE=-18755.7 m dN=-848.2 m (from-pair-5 (phasecorr disagreed), support=None, peak=0.03413578109976686) 
imw-d2net-nn-kt0p2: Processing pair 2 from disk...
imw-d2net-nn-kt0p2: 1 match-sets in 0.12s
[Coarse] imw-d2net-nn-kt0p2 pair 3: dE=-18062.2 m dN=-904.8 m (from-pair-1, support=None, peak=None) 
imw-d2net-nn-kt0p2: Processing pair 3 from disk...
imw-d2net-nn-kt0p2: 1 match-sets in 0.12s
[Coarse] imw-d2net-nn-kt0p2 pair 4: dE=-18193.7 m dN=-291.7 m (matcher@315m, support=15, peak=None) 
imw-d2net-nn-kt0p2: Processing pair 4 from disk...
imw-d2net-nn-kt0p2: 1 match-sets in 0.15s
[Coarse] imw-d2net-nn-kt0p2 pair 5: dE=-18755.7 m dN=-848.2 m (matcher@315m, support=10, peak=None) 
imw-d2net-nn-kt0p2: Processing pair 5 from disk...
imw-d2net-nn-kt0p2: 1 match-sets in 0.14s
[Coarse] imw-d2net-nn-kt0p2 pair 6: dE=-18755.7 m dN=-848.2 m (from-pair-5, support=None, peak=None) 
imw-d2net-nn-kt0p2: Processing pair 6 from disk...
imw-d2net-nn-kt0p2: 1 match-sets in 0.14s
[Coarse] imw-d2net-nn-kt0p2 pair 7: dE=-17887.5 m dN=-531.3 m (matcher@315m, support=30, peak=None) 
imw-d2net-nn-kt0p2: Processing pair 7 from disk...
imw-d2net-nn-kt0p2: 1 match-sets in 0.46s
[Coarse] imw-d2net-nn-kt0p2 pair 8: dE=-18040.4 m dN=-940.2 m (matcher@315m, support=24, peak=None) 
imw-d2net-nn-kt0p2: Processing pair 8 from disk...
imw-d2net-nn-kt0p2: 1 match-sets in 0.41s
[Coarse] imw-d2net-nn-kt0p2 pair 9: dE=-18007.4 m dN=-778.4 m (matcher@315m, support=24, peak=None) 
imw-d2net-nn-kt0p2: Processing pair 9 from disk...
imw-d2net-nn-kt0p2: 1 match-sets in 0.40s
[Coarse] imw-d2net-nn-kt0p2 pair 10: dE=-18040.4 m dN=-940.2 m (from-pair-8 (phasecorr disagreed), support=None, peak=0.04791493653487985) 
imw-d2net-nn-kt0p2: Processing pair 10 from disk...
imw-d2net-nn-kt0p2: 0 match-sets in 0.28s
[Coarse] imw-d2net-nn-kt0p2 pair 11: dE=-18040.4 m dN=-940.2 m (from-pair-10, support=None, peak=None) 
imw-d2net-nn-kt0p2: Processing pair 11 from disk...
imw-d2net-nn-kt0p2: 1 match-sets in 0.33s
[Coarse] imw-d2net-nn-kt0p2 pair 12: dE=-18040.4 m dN=-940.2 m (from-pair-8 (phasecorr disagreed), support=None, peak=0.1047012765466431) 
imw-d2net-nn-kt0p2: Processing pair 12 from disk...
imw-d2net-nn-kt0p2: 0 match-sets in 0.00s
[Coarse] imw-d2net-nn-kt0p2 pair 13: dE=-18040.4 m dN=-940.2 m (from-pair-8 (phasecorr disagreed), support=None, peak=0.09384612739086151) 
imw-d2net-nn-kt0p2: Processing pair 13 from disk...
imw-d2net-nn-kt0p2: 0 match-sets in 0.00s
[Coarse] imw-d2net-nn-kt0p2 pair 14: dE=-18029.7 m dN=-308.0 m (matcher@315m, support=202, peak=None) 
imw-d2net-nn-kt0p2: Processing pair 14 from disk...
imw-d2net-nn-kt0p2: 1 match-sets in 0.46s
[Coarse] imw-d2net-nn-kt0p2 pair 15: dE=-17955.9 m dN=-265.2 m (matcher@315m, support=235, peak=None) 
imw-d2net-nn-kt0p2: Processing pair 15 from disk...
imw-d2net-nn-kt0p2: 1 match-sets in 0.45s
[Coarse] imw-d2net-nn-kt0p2 pair 16: dE=-18186.3 m dN=-310.5 m (matcher@315m, support=141, peak=None) 
imw-d2net-nn-kt0p2: Processing pair 16 from disk...
imw-d2net-nn-kt0p2: 1 match-sets in 0.35s
[Coarse] imw-d2net-nn-kt0p2 pair 17: dE=-18063.5 m dN=-202.0 m (matcher@315m, support=183, peak=None) 
imw-d2net-nn-kt0p2: Processing pair 17 from disk...
imw-d2net-nn-kt0p2: 1 match-sets in 0.33s
[Coarse] imw-d2net-nn-kt0p2 pair 18: dE=-17693.2 m dN=-305.4 m (from-pair-25 (phasecorr disagreed), support=None, peak=0.06863816733713503) 
imw-d2net-nn-kt0p2: Processing pair 18 from disk...
imw-d2net-nn-kt0p2: 0 match-sets in 0.00s
[Coarse] imw-d2net-nn-kt0p2 pair 19: dE=-17693.2 m dN=-305.4 m (from-pair-25 (phasecorr disagreed), support=None, peak=0.15104582491848204) 
imw-d2net-nn-kt0p2: Processing pair 19 from disk...
imw-d2net-nn-kt0p2: 0 match-sets in 0.00s
[Coarse] imw-d2net-nn-kt0p2 pair 20: dE=-17693.2 m dN=-305.4 m (from-pair-19, support=None, peak=None) 
imw-d2net-nn-kt0p2: Processing pair 20 from disk...
imw-d2net-nn-kt0p2: 0 match-sets in 0.00s
[Coarse] imw-d2net-nn-kt0p2 pair 21: dE=-17693.2 m dN=-305.4 m (from-pair-25 (phasecorr disagreed), support=None, peak=0.036990950946454645) 
imw-d2net-nn-kt0p2: Processing pair 21 from disk...
imw-d2net-nn-kt0p2: 0 match-sets in 0.00s
[Coarse] imw-d2net-nn-kt0p2 pair 22: dE=-17748.9 m dN=-303.6 m (matcher@315m, support=91, peak=None) 
imw-d2net-nn-kt0p2: Processing pair 22 from disk...
imw-d2net-nn-kt0p2: 1 match-sets in 0.38s
[Coarse] imw-d2net-nn-kt0p2 pair 23: dE=-17867.3 m dN=-134.5 m (matcher@315m, support=94, peak=None) 
imw-d2net-nn-kt0p2: Processing pair 23 from disk...
imw-d2net-nn-kt0p2: 1 match-sets in 0.37s
[Coarse] imw-d2net-nn-kt0p2 pair 24: dE=-17920.6 m dN=-128.4 m (matcher@315m, support=101, peak=None) 
imw-d2net-nn-kt0p2: Processing pair 24 from disk...
imw-d2net-nn-kt0p2: 1 match-sets in 0.38s
[Coarse] imw-d2net-nn-kt0p2 pair 25: dE=-17693.2 m dN=-305.4 m (matcher@315m, support=82, peak=None) 
imw-d2net-nn-kt0p2: Processing pair 25 from disk...
imw-d2net-nn-kt0p2: 1 match-sets in 0.37s
[Coarse] imw-d2net-nn-kt0p2 pair 26: dE=-17867.3 m dN=-134.5 m (from-pair-27, support=None, peak=None) 
imw-d2net-nn-kt0p2: Processing pair 26 from disk...
imw-d2net-nn-kt0p2: 1 match-sets in 0.24s
[Coarse] imw-d2net-nn-kt0p2 pair 27: dE=-17867.3 m dN=-134.5 m (from-pair-23 (phasecorr disagreed), support=None, peak=0.05064041456057702) 
imw-d2net-nn-kt0p2: Processing pair 27 from disk...
imw-d2net-nn-kt0p2: 1 match-sets in 0.25s
Saved:
 CHIP_STATS_ALL.csv
 CHIP_STATS_SURVIVORS.csv
 CONSENSUS_SCORES.csv
 BEST_CHIP_SET.csv
 BEST_CHIP_MANIFEST.csv
 BEST_FINAL_SUMMARY.csv
[band1] imw-d2net-nn-kt0p2 ok in 0.2 min, peak GPU memory 0.7 of 39.4 GB
[imw-d2net-nn] Model unloaded.
--------------------------------------------------------------------------------
[band1] Running imw-alike-nn-kt0p2-fm1-fsp1
[imw-alike-nn] Loading model...
[Coarse] pair 3: no reliable coarse offset (matcher: no matches; phasecorr: {'dx': -16147.443677524008, 'dy': -26751.975000537102, 'support': None, 'n': None, 'peak': 0.00032880983234923565}); windows compared in place
[Coarse] pair 4: no reliable coarse offset (matcher: no matches; phasecorr: {'dx': 12882.472481301173, 'dy': 92621.70938170607, 'support': None, 'n': None, 'peak': -0.00012715039429841217}); windows compared in place
[Coarse] pair 5: no reliable coarse offset (matcher: {'dx': -20536.348600387573, 'dy': 322.81299591064453, 'support': 2, 'n': 5, 'peak': None}; phasecorr: {'dx': 3156.3479216096807, 'dy': 18300.67805989782, 'support': None, 'n': None, 'peak': 0.020832994549224774}); windows compared in place
[Coarse] pair 6: no reliable coarse offset (matcher: {'dx': -18986.21452331543, 'dy': 8446.269149780273, 'support': 1, 'n': 3, 'peak': None}; phasecorr: {'dx': -15852.800158210905, 'dy': 18737.59796077822, 'support': None, 'n': None, 'peak': -0.0027571213742097218}); windows compared in place
[Coarse] pair 7: no reliable coarse offset (matcher: no matches; phasecorr: {'dx': -17660.72648465004, 'dy': -478.5174601560547, 'support': None, 'n': None, 'peak': 0.0218074359204816}); windows compared in place
[Coarse] pair 8: no reliable coarse offset (matcher: no matches; phasecorr: {'dx': -18002.059573769864, 'dy': -489.60497923140906, 'support': None, 'n': None, 'peak': 0.011968647486368816}); windows compared in place
[Coarse] pair 11: no reliable coarse offset (matcher: {'dx': -13882.821350097656, 'dy': 6941.069412231445, 'support': 1, 'n': 4, 'peak': None}; phasecorr: {'dx': -18107.733154651494, 'dy': -332.5590928480355, 'support': None, 'n': None, 'peak': 0.020898853179031604}); windows compared in place
[Coarse] pair 20: no reliable coarse offset (matcher: no matches; phasecorr: {'dx': -28903.23193639674, 'dy': -12953.216285335406, 'support': None, 'n': None, 'peak': 0.008737401829825507}); windows compared in place
[Coarse] pair 26: no reliable coarse offset (matcher: no matches; phasecorr: {'dx': -96306.08142606622, 'dy': -17142.367293993742, 'support': None, 'n': None, 'peak': 0.02253384519977334}); windows compared in place
[Coarse] pair 2: phase correlation gave dE=-8934 m dN=5487 m, 10.6 km from every offset the matcher measured; using pair 14's (dE=-17853 m dN=-177 m)
[Coarse] pair 10: phase correlation gave dE=43169 m dN=-4147 m, 61.2 km from every offset the matcher measured; using pair 14's (dE=-17853 m dN=-177 m)
[Coarse] pair 12: phase correlation gave dE=-1877 m dN=10017 m, 19.0 km from every offset the matcher measured; using pair 14's (dE=-17853 m dN=-177 m)
[Coarse] pair 13: phase correlation gave dE=7584 m dN=8567 m, 26.9 km from every offset the matcher measured; using pair 14's (dE=-17853 m dN=-177 m)
[Coarse] pair 18: phase correlation gave dE=744 m dN=-16615 m, 24.8 km from every offset the matcher measured; using pair 15's (dE=-17944 m dN=-229 m)
[Coarse] pair 19: phase correlation gave dE=11920 m dN=-17918 m, 34.6 km from every offset the matcher measured; using pair 15's (dE=-17944 m dN=-229 m)
[Coarse] pair 21: phase correlation gave dE=-11414 m dN=-17047 m, 18.0 km from every offset the matcher measured; using pair 15's (dE=-17944 m dN=-229 m)
[Coarse] pair 27: phase correlation gave dE=-97898 m dN=-6012 m, 80.1 km from every offset the matcher measured; using pair 17's (dE=-18037 m dN=-264 m)
[Coarse] imw-alike-nn-kt0p2-fm1-fsp1 pair 1: dE=-18062.2 m dN=-904.8 m (phasecorr@315m, support=None, peak=0.03257782713572184) 
imw-alike-nn-kt0p2-fm1-fsp1: Processing pair 1 from disk...
imw-alike-nn-kt0p2-fm1-fsp1: 1 match-sets in 0.16s
[Coarse] imw-alike-nn-kt0p2-fm1-fsp1 pair 2: dE=-17853.2 m dN=-177.5 m (from-pair-14 (phasecorr disagreed), support=None, peak=0.03413578109976686) 
imw-alike-nn-kt0p2-fm1-fsp1: Processing pair 2 from disk...
imw-alike-nn-kt0p2-fm1-fsp1: 1 match-sets in 0.09s
[Coarse] imw-alike-nn-kt0p2-fm1-fsp1 pair 3: dE=-18062.2 m dN=-904.8 m (from-pair-1, support=None, peak=None) 
imw-alike-nn-kt0p2-fm1-fsp1: Processing pair 3 from disk...
imw-alike-nn-kt0p2-fm1-fsp1: 1 match-sets in 0.09s
[Coarse] imw-alike-nn-kt0p2-fm1-fsp1 pair 4: dE=-17853.2 m dN=-177.5 m (from-pair-2, support=None, peak=None) 
imw-alike-nn-kt0p2-fm1-fsp1: Processing pair 4 from disk...
imw-alike-nn-kt0p2-fm1-fsp1: 1 match-sets in 0.19s
[Coarse] imw-alike-nn-kt0p2-fm1-fsp1 pair 5: dE=-17853.2 m dN=-177.5 m (from-pair-2, support=None, peak=None) 
imw-alike-nn-kt0p2-fm1-fsp1: Processing pair 5 from disk...
imw-alike-nn-kt0p2-fm1-fsp1: 1 match-sets in 0.11s
[Coarse] imw-alike-nn-kt0p2-fm1-fsp1 pair 6: dE=-17853.2 m dN=-177.5 m (from-pair-2, support=None, peak=None) 
imw-alike-nn-kt0p2-fm1-fsp1: Processing pair 6 from disk...
imw-alike-nn-kt0p2-fm1-fsp1: 1 match-sets in 0.15s
[Coarse] imw-alike-nn-kt0p2-fm1-fsp1 pair 7: dE=-17790.5 m dN=-428.0 m (from-pair-9, support=None, peak=None) 
imw-alike-nn-kt0p2-fm1-fsp1: Processing pair 7 from disk...
imw-alike-nn-kt0p2-fm1-fsp1: 1 match-sets in 0.36s
[Coarse] imw-alike-nn-kt0p2-fm1-fsp1 pair 8: dE=-17790.5 m dN=-428.0 m (from-pair-9, support=None, peak=None) 
imw-alike-nn-kt0p2-fm1-fsp1: Processing pair 8 from disk...
imw-alike-nn-kt0p2-fm1-fsp1: 1 match-sets in 0.38s
[Coarse] imw-alike-nn-kt0p2-fm1-fsp1 pair 9: dE=-17790.5 m dN=-428.0 m (phasecorr@315m, support=None, peak=0.031066529352914596) 
imw-alike-nn-kt0p2-fm1-fsp1: Processing pair 9 from disk...
imw-alike-nn-kt0p2-fm1-fsp1: 1 match-sets in 0.37s
[Coarse] imw-alike-nn-kt0p2-fm1-fsp1 pair 10: dE=-17853.2 m dN=-177.5 m (from-pair-14 (phasecorr disagreed), support=None, peak=0.04791493653487985) 
imw-alike-nn-kt0p2-fm1-fsp1: Processing pair 10 from disk...
imw-alike-nn-kt0p2-fm1-fsp1: 1 match-sets in 0.30s
[Coarse] imw-alike-nn-kt0p2-fm1-fsp1 pair 11: dE=-17853.2 m dN=-177.5 m (from-pair-10, support=None, peak=None) 
imw-alike-nn-kt0p2-fm1-fsp1: Processing pair 11 from disk...
imw-alike-nn-kt0p2-fm1-fsp1: 1 match-sets in 0.23s
[Coarse] imw-alike-nn-kt0p2-fm1-fsp1 pair 12: dE=-17853.2 m dN=-177.5 m (from-pair-14 (phasecorr disagreed), support=None, peak=0.1047012765466431) 
imw-alike-nn-kt0p2-fm1-fsp1: Processing pair 12 from disk...
imw-alike-nn-kt0p2-fm1-fsp1: 0 match-sets in 0.00s
[Coarse] imw-alike-nn-kt0p2-fm1-fsp1 pair 13: dE=-17853.2 m dN=-177.5 m (from-pair-14 (phasecorr disagreed), support=None, peak=0.09384612739086151) 
imw-alike-nn-kt0p2-fm1-fsp1: Processing pair 13 from disk...
imw-alike-nn-kt0p2-fm1-fsp1: 0 match-sets in 0.00s
[Coarse] imw-alike-nn-kt0p2-fm1-fsp1 pair 14: dE=-17853.2 m dN=-177.5 m (matcher@315m, support=45, peak=None) 
imw-alike-nn-kt0p2-fm1-fsp1: Processing pair 14 from disk...
imw-alike-nn-kt0p2-fm1-fsp1: 1 match-sets in 0.43s
[Coarse] imw-alike-nn-kt0p2-fm1-fsp1 pair 15: dE=-17943.9 m dN=-228.9 m (matcher@315m, support=76, peak=None) 
imw-alike-nn-kt0p2-fm1-fsp1: Processing pair 15 from disk...
imw-alike-nn-kt0p2-fm1-fsp1: 1 match-sets in 0.32s
[Coarse] imw-alike-nn-kt0p2-fm1-fsp1 pair 16: dE=-17903.0 m dN=-289.8 m (matcher@315m, support=26, peak=None) 
imw-alike-nn-kt0p2-fm1-fsp1: Processing pair 16 from disk...
imw-alike-nn-kt0p2-fm1-fsp1: 1 match-sets in 0.24s
[Coarse] imw-alike-nn-kt0p2-fm1-fsp1 pair 17: dE=-18037.2 m dN=-263.5 m (matcher@315m, support=35, peak=None) 
imw-alike-nn-kt0p2-fm1-fsp1: Processing pair 17 from disk...
imw-alike-nn-kt0p2-fm1-fsp1: 1 match-sets in 0.24s
[Coarse] imw-alike-nn-kt0p2-fm1-fsp1 pair 18: dE=-17943.9 m dN=-228.9 m (from-pair-15 (phasecorr disagreed), support=None, peak=0.06863816733713503) 
imw-alike-nn-kt0p2-fm1-fsp1: Processing pair 18 from disk...
imw-alike-nn-kt0p2-fm1-fsp1: 0 match-sets in 0.00s
[Coarse] imw-alike-nn-kt0p2-fm1-fsp1 pair 19: dE=-17943.9 m dN=-228.9 m (from-pair-15 (phasecorr disagreed), support=None, peak=0.15104582491848204) 
imw-alike-nn-kt0p2-fm1-fsp1: Processing pair 19 from disk...
imw-alike-nn-kt0p2-fm1-fsp1: 0 match-sets in 0.00s
[Coarse] imw-alike-nn-kt0p2-fm1-fsp1 pair 20: dE=-17943.9 m dN=-228.9 m (from-pair-19, support=None, peak=None) 
imw-alike-nn-kt0p2-fm1-fsp1: Processing pair 20 from disk...
imw-alike-nn-kt0p2-fm1-fsp1: 0 match-sets in 0.00s
[Coarse] imw-alike-nn-kt0p2-fm1-fsp1 pair 21: dE=-17943.9 m dN=-228.9 m (from-pair-15 (phasecorr disagreed), support=None, peak=0.036990950946454645) 
imw-alike-nn-kt0p2-fm1-fsp1: Processing pair 21 from disk...
imw-alike-nn-kt0p2-fm1-fsp1: 0 match-sets in 0.00s
[Coarse] imw-alike-nn-kt0p2-fm1-fsp1 pair 22: dE=-17882.3 m dN=-311.5 m (phasecorr@315m, support=None, peak=0.12721613845825194) 
imw-alike-nn-kt0p2-fm1-fsp1: Processing pair 22 from disk...
imw-alike-nn-kt0p2-fm1-fsp1: 1 match-sets in 0.32s
[Coarse] imw-alike-nn-kt0p2-fm1-fsp1 pair 23: dE=-17911.9 m dN=-326.6 m (phasecorr@315m, support=None, peak=0.12881409482955933) 
imw-alike-nn-kt0p2-fm1-fsp1: Processing pair 23 from disk...
imw-alike-nn-kt0p2-fm1-fsp1: 1 match-sets in 0.25s
[Coarse] imw-alike-nn-kt0p2-fm1-fsp1 pair 24: dE=-17928.8 m dN=-415.6 m (phasecorr@315m, support=None, peak=0.035175936365127565) 
imw-alike-nn-kt0p2-fm1-fsp1: Processing pair 24 from disk...
imw-alike-nn-kt0p2-fm1-fsp1: 1 match-sets in 0.25s
[Coarse] imw-alike-nn-kt0p2-fm1-fsp1 pair 25: dE=-17844.2 m dN=-348.0 m (phasecorr@315m, support=None, peak=0.15328786741892497) 
imw-alike-nn-kt0p2-fm1-fsp1: Processing pair 25 from disk...
imw-alike-nn-kt0p2-fm1-fsp1: 1 match-sets in 0.25s
[Coarse] imw-alike-nn-kt0p2-fm1-fsp1 pair 26: dE=-18037.2 m dN=-263.5 m (from-pair-27, support=None, peak=None) 
imw-alike-nn-kt0p2-fm1-fsp1: Processing pair 26 from disk...
imw-alike-nn-kt0p2-fm1-fsp1: 1 match-sets in 0.23s
[Coarse] imw-alike-nn-kt0p2-fm1-fsp1 pair 27: dE=-18037.2 m dN=-263.5 m (from-pair-17 (phasecorr disagreed), support=None, peak=0.05064041456057702) 
imw-alike-nn-kt0p2-fm1-fsp1: Processing pair 27 from disk...
imw-alike-nn-kt0p2-fm1-fsp1: 1 match-sets in 0.16s
Saved:
 CHIP_STATS_ALL.csv
 CHIP_STATS_SURVIVORS.csv
 CONSENSUS_SCORES.csv
 BEST_CHIP_SET.csv
 BEST_CHIP_MANIFEST.csv
 BEST_FINAL_SUMMARY.csv
[band1] imw-alike-nn-kt0p2-fm1-fsp1 ok in 0.2 min, peak GPU memory 2.1 of 39.4 GB
[imw-alike-nn] Model unloaded.
--------------------------------------------------------------------------------
[band1] Running imw-alike-nn-kt0p2-fm1
[imw-alike-nn] Loading model...
[Coarse] pair 3: no reliable coarse offset (matcher: {'dx': -20474.99939918518, 'dy': -4725.0, 'support': 1, 'n': 5, 'peak': None}; phasecorr: {'dx': -16147.443677524008, 'dy': -26751.975000537102, 'support': None, 'n': None, 'peak': 0.00032880983234923565}); windows compared in place
[Coarse] pair 4: no reliable coarse offset (matcher: no matches; phasecorr: {'dx': 12882.472481301173, 'dy': 92621.70938170607, 'support': None, 'n': None, 'peak': -0.00012715039429841217}); windows compared in place
[Coarse] pair 5: no reliable coarse offset (matcher: {'dx': -20159.99939918518, 'dy': 3150.0, 'support': 1, 'n': 4, 'peak': None}; phasecorr: {'dx': 3156.3479216096807, 'dy': 18300.67805989782, 'support': None, 'n': None, 'peak': 0.020832994549224774}); windows compared in place
[Coarse] pair 6: no reliable coarse offset (matcher: {'dx': -19530.0, 'dy': 7875.0, 'support': 1, 'n': 3, 'peak': None}; phasecorr: {'dx': -15852.800158210905, 'dy': 18737.59796077822, 'support': None, 'n': None, 'peak': -0.0027571213742097218}); windows compared in place
[Coarse] pair 7: no reliable coarse offset (matcher: {'dx': -20790.0, 'dy': 314.99759674072266, 'support': 1, 'n': 4, 'peak': None}; phasecorr: {'dx': -17660.72648465004, 'dy': -478.5174601560547, 'support': None, 'n': None, 'peak': 0.0218074359204816}); windows compared in place
[Coarse] pair 8: no reliable coarse offset (matcher: no matches; phasecorr: {'dx': -18002.059573769864, 'dy': -489.60497923140906, 'support': None, 'n': None, 'peak': 0.011968647486368816}); windows compared in place
[Coarse] pair 11: no reliable coarse offset (matcher: no matches; phasecorr: {'dx': -18107.733154651494, 'dy': -332.5590928480355, 'support': None, 'n': None, 'peak': 0.020898853179031604}); windows compared in place
[Coarse] pair 20: no reliable coarse offset (matcher: no matches; phasecorr: {'dx': -28903.23193639674, 'dy': -12953.216285335406, 'support': None, 'n': None, 'peak': 0.008737401829825507}); windows compared in place
[Coarse] pair 26: no reliable coarse offset (matcher: no matches; phasecorr: {'dx': -96306.08142606622, 'dy': -17142.367293993742, 'support': None, 'n': None, 'peak': 0.02253384519977334}); windows compared in place
[Coarse] pair 2: phase correlation gave dE=-8934 m dN=5487 m, 10.5 km from every offset the matcher measured; using pair 14's (dE=-17955 m dN=-0 m)
[Coarse] pair 10: phase correlation gave dE=43169 m dN=-4147 m, 60.9 km from every offset the matcher measured; using pair 14's (dE=-17955 m dN=-0 m)
[Coarse] pair 12: phase correlation gave dE=-1877 m dN=10017 m, 18.8 km from every offset the matcher measured; using pair 14's (dE=-17955 m dN=-0 m)
[Coarse] pair 13: phase correlation gave dE=7584 m dN=8567 m, 26.7 km from every offset the matcher measured; using pair 14's (dE=-17955 m dN=-0 m)
[Coarse] pair 18: phase correlation gave dE=744 m dN=-16615 m, 24.6 km from every offset the matcher measured; using pair 15's (dE=-17955 m dN=-315 m)
[Coarse] pair 19: phase correlation gave dE=11920 m dN=-17918 m, 34.4 km from every offset the matcher measured; using pair 15's (dE=-17955 m dN=-315 m)
[Coarse] pair 21: phase correlation gave dE=-11414 m dN=-17047 m, 17.9 km from every offset the matcher measured; using pair 15's (dE=-17955 m dN=-315 m)
[Coarse] pair 27: phase correlation gave dE=-97898 m dN=-6012 m, 80.1 km from every offset the matcher measured; using pair 17's (dE=-17955 m dN=-315 m)
[Coarse] imw-alike-nn-kt0p2-fm1 pair 1: dE=-18062.2 m dN=-904.8 m (phasecorr@315m, support=None, peak=0.03257782713572184) 
imw-alike-nn-kt0p2-fm1: Processing pair 1 from disk...
imw-alike-nn-kt0p2-fm1: 1 match-sets in 0.08s
[Coarse] imw-alike-nn-kt0p2-fm1 pair 2: dE=-17955.0 m dN=-0.0 m (from-pair-14 (phasecorr disagreed), support=None, peak=0.03413578109976686) 
imw-alike-nn-kt0p2-fm1: Processing pair 2 from disk...
imw-alike-nn-kt0p2-fm1: 1 match-sets in 0.10s
[Coarse] imw-alike-nn-kt0p2-fm1 pair 3: dE=-18062.2 m dN=-904.8 m (from-pair-1, support=None, peak=None) 
imw-alike-nn-kt0p2-fm1: Processing pair 3 from disk...
imw-alike-nn-kt0p2-fm1: 1 match-sets in 0.13s
[Coarse] imw-alike-nn-kt0p2-fm1 pair 4: dE=-17955.0 m dN=-0.0 m (from-pair-2, support=None, peak=None) 
imw-alike-nn-kt0p2-fm1: Processing pair 4 from disk...
imw-alike-nn-kt0p2-fm1: 1 match-sets in 0.19s
[Coarse] imw-alike-nn-kt0p2-fm1 pair 5: dE=-17955.0 m dN=-0.0 m (from-pair-2, support=None, peak=None) 
imw-alike-nn-kt0p2-fm1: Processing pair 5 from disk...
imw-alike-nn-kt0p2-fm1: 1 match-sets in 0.10s
[Coarse] imw-alike-nn-kt0p2-fm1 pair 6: dE=-17955.0 m dN=-0.0 m (from-pair-2, support=None, peak=None) 
imw-alike-nn-kt0p2-fm1: Processing pair 6 from disk...
imw-alike-nn-kt0p2-fm1: 1 match-sets in 0.10s
[Coarse] imw-alike-nn-kt0p2-fm1 pair 7: dE=-17790.5 m dN=-428.0 m (from-pair-9, support=None, peak=None) 
imw-alike-nn-kt0p2-fm1: Processing pair 7 from disk...
imw-alike-nn-kt0p2-fm1: 1 match-sets in 0.28s
[Coarse] imw-alike-nn-kt0p2-fm1 pair 8: dE=-17790.5 m dN=-428.0 m (from-pair-9, support=None, peak=None) 
imw-alike-nn-kt0p2-fm1: Processing pair 8 from disk...
imw-alike-nn-kt0p2-fm1: 1 match-sets in 0.27s
[Coarse] imw-alike-nn-kt0p2-fm1 pair 9: dE=-17790.5 m dN=-428.0 m (phasecorr@315m, support=None, peak=0.031066529352914596) 
imw-alike-nn-kt0p2-fm1: Processing pair 9 from disk...
imw-alike-nn-kt0p2-fm1: 1 match-sets in 0.26s
[Coarse] imw-alike-nn-kt0p2-fm1 pair 10: dE=-17955.0 m dN=-0.0 m (from-pair-14 (phasecorr disagreed), support=None, peak=0.04791493653487985) 
imw-alike-nn-kt0p2-fm1: Processing pair 10 from disk...
imw-alike-nn-kt0p2-fm1: 1 match-sets in 0.23s
[Coarse] imw-alike-nn-kt0p2-fm1 pair 11: dE=-17955.0 m dN=-0.0 m (from-pair-10, support=None, peak=None) 
imw-alike-nn-kt0p2-fm1: Processing pair 11 from disk...
imw-alike-nn-kt0p2-fm1: 1 match-sets in 0.23s
[Coarse] imw-alike-nn-kt0p2-fm1 pair 12: dE=-17955.0 m dN=-0.0 m (from-pair-14 (phasecorr disagreed), support=None, peak=0.1047012765466431) 
imw-alike-nn-kt0p2-fm1: Processing pair 12 from disk...
imw-alike-nn-kt0p2-fm1: 0 match-sets in 0.00s
[Coarse] imw-alike-nn-kt0p2-fm1 pair 13: dE=-17955.0 m dN=-0.0 m (from-pair-14 (phasecorr disagreed), support=None, peak=0.09384612739086151) 
imw-alike-nn-kt0p2-fm1: Processing pair 13 from disk...
imw-alike-nn-kt0p2-fm1: 0 match-sets in 0.00s
[Coarse] imw-alike-nn-kt0p2-fm1 pair 14: dE=-17955.0 m dN=-0.0 m (matcher@315m, support=30, peak=None) 
imw-alike-nn-kt0p2-fm1: Processing pair 14 from disk...
imw-alike-nn-kt0p2-fm1: 1 match-sets in 0.35s
[Coarse] imw-alike-nn-kt0p2-fm1 pair 15: dE=-17955.0 m dN=-315.0 m (matcher@315m, support=61, peak=None) 
imw-alike-nn-kt0p2-fm1: Processing pair 15 from disk...
imw-alike-nn-kt0p2-fm1: 1 match-sets in 0.33s
[Coarse] imw-alike-nn-kt0p2-fm1 pair 16: dE=-17640.0 m dN=-315.0 m (matcher@315m, support=17, peak=None) 
imw-alike-nn-kt0p2-fm1: Processing pair 16 from disk...
imw-alike-nn-kt0p2-fm1: 1 match-sets in 0.24s
[Coarse] imw-alike-nn-kt0p2-fm1 pair 17: dE=-17955.0 m dN=-315.0 m (matcher@315m, support=31, peak=None) 
imw-alike-nn-kt0p2-fm1: Processing pair 17 from disk...
imw-alike-nn-kt0p2-fm1: 1 match-sets in 0.24s
[Coarse] imw-alike-nn-kt0p2-fm1 pair 18: dE=-17955.0 m dN=-315.0 m (from-pair-15 (phasecorr disagreed), support=None, peak=0.06863816733713503) 
imw-alike-nn-kt0p2-fm1: Processing pair 18 from disk...
imw-alike-nn-kt0p2-fm1: 0 match-sets in 0.00s
[Coarse] imw-alike-nn-kt0p2-fm1 pair 19: dE=-17955.0 m dN=-315.0 m (from-pair-15 (phasecorr disagreed), support=None, peak=0.15104582491848204) 
imw-alike-nn-kt0p2-fm1: Processing pair 19 from disk...
imw-alike-nn-kt0p2-fm1: 0 match-sets in 0.00s
[Coarse] imw-alike-nn-kt0p2-fm1 pair 20: dE=-17955.0 m dN=-315.0 m (from-pair-19, support=None, peak=None) 
imw-alike-nn-kt0p2-fm1: Processing pair 20 from disk...
imw-alike-nn-kt0p2-fm1: 0 match-sets in 0.00s
[Coarse] imw-alike-nn-kt0p2-fm1 pair 21: dE=-17955.0 m dN=-315.0 m (from-pair-15 (phasecorr disagreed), support=None, peak=0.036990950946454645) 
imw-alike-nn-kt0p2-fm1: Processing pair 21 from disk...
imw-alike-nn-kt0p2-fm1: 0 match-sets in 0.00s
[Coarse] imw-alike-nn-kt0p2-fm1 pair 22: dE=-17882.3 m dN=-311.5 m (phasecorr@315m, support=None, peak=0.12721613845825194) 
imw-alike-nn-kt0p2-fm1: Processing pair 22 from disk...
imw-alike-nn-kt0p2-fm1: 1 match-sets in 0.24s
[Coarse] imw-alike-nn-kt0p2-fm1 pair 23: dE=-17911.9 m dN=-326.6 m (phasecorr@315m, support=None, peak=0.12881409482955933) 
imw-alike-nn-kt0p2-fm1: Processing pair 23 from disk...
imw-alike-nn-kt0p2-fm1: 1 match-sets in 0.24s
[Coarse] imw-alike-nn-kt0p2-fm1 pair 24: dE=-17928.8 m dN=-415.6 m (phasecorr@315m, support=None, peak=0.035175936365127565) 
imw-alike-nn-kt0p2-fm1: Processing pair 24 from disk...
imw-alike-nn-kt0p2-fm1: 1 match-sets in 0.25s
[Coarse] imw-alike-nn-kt0p2-fm1 pair 25: dE=-17844.2 m dN=-348.0 m (phasecorr@315m, support=None, peak=0.15328786741892497) 
imw-alike-nn-kt0p2-fm1: Processing pair 25 from disk...
imw-alike-nn-kt0p2-fm1: 1 match-sets in 0.25s
[Coarse] imw-alike-nn-kt0p2-fm1 pair 26: dE=-17955.0 m dN=-315.0 m (from-pair-27, support=None, peak=None) 
imw-alike-nn-kt0p2-fm1: Processing pair 26 from disk...
imw-alike-nn-kt0p2-fm1: 1 match-sets in 0.15s
[Coarse] imw-alike-nn-kt0p2-fm1 pair 27: dE=-17955.0 m dN=-315.0 m (from-pair-17 (phasecorr disagreed), support=None, peak=0.05064041456057702) 
imw-alike-nn-kt0p2-fm1: Processing pair 27 from disk...
imw-alike-nn-kt0p2-fm1: 1 match-sets in 0.13s
Saved:
 CHIP_STATS_ALL.csv
 CHIP_STATS_SURVIVORS.csv
 CONSENSUS_SCORES.csv
 BEST_CHIP_SET.csv
 BEST_CHIP_MANIFEST.csv
 BEST_FINAL_SUMMARY.csv
[band1] imw-alike-nn-kt0p2-fm1 ok in 0.2 min, peak GPU memory 0.4 of 39.4 GB
[imw-alike-nn] Model unloaded.
--------------------------------------------------------------------------------
[band1] Running imw-alike-nn-kt0p2-fsp1
[imw-alike-nn] Loading model...
[Coarse] pair 3: no reliable coarse offset (matcher: no matches; phasecorr: {'dx': -16147.443677524008, 'dy': -26751.975000537102, 'support': None, 'n': None, 'peak': 0.00032880983234923565}); windows compared in place
[Coarse] pair 4: no reliable coarse offset (matcher: no matches; phasecorr: {'dx': 12882.472481301173, 'dy': 92621.70938170607, 'support': None, 'n': None, 'peak': -0.00012715039429841217}); windows compared in place
[Coarse] pair 5: no reliable coarse offset (matcher: {'dx': -20536.348600387573, 'dy': 322.81299591064453, 'support': 2, 'n': 5, 'peak': None}; phasecorr: {'dx': 3156.3479216096807, 'dy': 18300.67805989782, 'support': None, 'n': None, 'peak': 0.020832994549224774}); windows compared in place
[Coarse] pair 6: no reliable coarse offset (matcher: {'dx': -18986.21452331543, 'dy': 8446.269149780273, 'support': 1, 'n': 3, 'peak': None}; phasecorr: {'dx': -15852.800158210905, 'dy': 18737.59796077822, 'support': None, 'n': None, 'peak': -0.0027571213742097218}); windows compared in place
[Coarse] pair 7: no reliable coarse offset (matcher: no matches; phasecorr: {'dx': -17660.72648465004, 'dy': -478.5174601560547, 'support': None, 'n': None, 'peak': 0.0218074359204816}); windows compared in place
[Coarse] pair 8: no reliable coarse offset (matcher: no matches; phasecorr: {'dx': -18002.059573769864, 'dy': -489.60497923140906, 'support': None, 'n': None, 'peak': 0.011968647486368816}); windows compared in place
[Coarse] pair 11: no reliable coarse offset (matcher: {'dx': -13882.821350097656, 'dy': 6941.069412231445, 'support': 1, 'n': 4, 'peak': None}; phasecorr: {'dx': -18107.733154651494, 'dy': -332.5590928480355, 'support': None, 'n': None, 'peak': 0.020898853179031604}); windows compared in place
[Coarse] pair 20: no reliable coarse offset (matcher: no matches; phasecorr: {'dx': -28903.23193639674, 'dy': -12953.216285335406, 'support': None, 'n': None, 'peak': 0.008737401829825507}); windows compared in place
[Coarse] pair 26: no reliable coarse offset (matcher: no matches; phasecorr: {'dx': -96306.08142606622, 'dy': -17142.367293993742, 'support': None, 'n': None, 'peak': 0.02253384519977334}); windows compared in place
[Coarse] pair 2: phase correlation gave dE=-8934 m dN=5487 m, 10.6 km from every offset the matcher measured; using pair 14's (dE=-17853 m dN=-177 m)
[Coarse] pair 10: phase correlation gave dE=43169 m dN=-4147 m, 61.2 km from every offset the matcher measured; using pair 14's (dE=-17853 m dN=-177 m)
[Coarse] pair 12: phase correlation gave dE=-1877 m dN=10017 m, 19.0 km from every offset the matcher measured; using pair 14's (dE=-17853 m dN=-177 m)
[Coarse] pair 13: phase correlation gave dE=7584 m dN=8567 m, 26.9 km from every offset the matcher measured; using pair 14's (dE=-17853 m dN=-177 m)
[Coarse] pair 18: phase correlation gave dE=744 m dN=-16615 m, 24.8 km from every offset the matcher measured; using pair 15's (dE=-17944 m dN=-229 m)
[Coarse] pair 19: phase correlation gave dE=11920 m dN=-17918 m, 34.6 km from every offset the matcher measured; using pair 15's (dE=-17944 m dN=-229 m)
[Coarse] pair 21: phase correlation gave dE=-11414 m dN=-17047 m, 18.0 km from every offset the matcher measured; using pair 15's (dE=-17944 m dN=-229 m)
[Coarse] pair 27: phase correlation gave dE=-97898 m dN=-6012 m, 80.1 km from every offset the matcher measured; using pair 17's (dE=-18037 m dN=-264 m)
[Coarse] imw-alike-nn-kt0p2-fsp1 pair 1: dE=-18062.2 m dN=-904.8 m (phasecorr@315m, support=None, peak=0.03257782713572184) 
imw-alike-nn-kt0p2-fsp1: Processing pair 1 from disk...
imw-alike-nn-kt0p2-fsp1: 1 match-sets in 0.09s
[Coarse] imw-alike-nn-kt0p2-fsp1 pair 2: dE=-17853.2 m dN=-177.5 m (from-pair-14 (phasecorr disagreed), support=None, peak=0.03413578109976686) 
imw-alike-nn-kt0p2-fsp1: Processing pair 2 from disk...
imw-alike-nn-kt0p2-fsp1: 1 match-sets in 0.08s
[Coarse] imw-alike-nn-kt0p2-fsp1 pair 3: dE=-18062.2 m dN=-904.8 m (from-pair-1, support=None, peak=None) 
imw-alike-nn-kt0p2-fsp1: Processing pair 3 from disk...
imw-alike-nn-kt0p2-fsp1: 1 match-sets in 0.09s
[Coarse] imw-alike-nn-kt0p2-fsp1 pair 4: dE=-17853.2 m dN=-177.5 m (from-pair-2, support=None, peak=None) 
imw-alike-nn-kt0p2-fsp1: Processing pair 4 from disk...
imw-alike-nn-kt0p2-fsp1: 1 match-sets in 0.11s
[Coarse] imw-alike-nn-kt0p2-fsp1 pair 5: dE=-17853.2 m dN=-177.5 m (from-pair-2, support=None, peak=None) 
imw-alike-nn-kt0p2-fsp1: Processing pair 5 from disk...
imw-alike-nn-kt0p2-fsp1: 1 match-sets in 0.11s
[Coarse] imw-alike-nn-kt0p2-fsp1 pair 6: dE=-17853.2 m dN=-177.5 m (from-pair-2, support=None, peak=None) 
imw-alike-nn-kt0p2-fsp1: Processing pair 6 from disk...
imw-alike-nn-kt0p2-fsp1: 1 match-sets in 0.10s
[Coarse] imw-alike-nn-kt0p2-fsp1 pair 7: dE=-17790.5 m dN=-428.0 m (from-pair-9, support=None, peak=None) 
imw-alike-nn-kt0p2-fsp1: Processing pair 7 from disk...
imw-alike-nn-kt0p2-fsp1: 1 match-sets in 0.27s
[Coarse] imw-alike-nn-kt0p2-fsp1 pair 8: dE=-17790.5 m dN=-428.0 m (from-pair-9, support=None, peak=None) 
imw-alike-nn-kt0p2-fsp1: Processing pair 8 from disk...
imw-alike-nn-kt0p2-fsp1: 1 match-sets in 0.29s
[Coarse] imw-alike-nn-kt0p2-fsp1 pair 9: dE=-17790.5 m dN=-428.0 m (phasecorr@315m, support=None, peak=0.031066529352914596) 
imw-alike-nn-kt0p2-fsp1: Processing pair 9 from disk...
imw-alike-nn-kt0p2-fsp1: 1 match-sets in 0.26s
[Coarse] imw-alike-nn-kt0p2-fsp1 pair 10: dE=-17853.2 m dN=-177.5 m (from-pair-14 (phasecorr disagreed), support=None, peak=0.04791493653487985) 
imw-alike-nn-kt0p2-fsp1: Processing pair 10 from disk...
imw-alike-nn-kt0p2-fsp1: 1 match-sets in 0.25s
[Coarse] imw-alike-nn-kt0p2-fsp1 pair 11: dE=-17853.2 m dN=-177.5 m (from-pair-10, support=None, peak=None) 
imw-alike-nn-kt0p2-fsp1: Processing pair 11 from disk...
imw-alike-nn-kt0p2-fsp1: 1 match-sets in 0.26s
[Coarse] imw-alike-nn-kt0p2-fsp1 pair 12: dE=-17853.2 m dN=-177.5 m (from-pair-14 (phasecorr disagreed), support=None, peak=0.1047012765466431) 
imw-alike-nn-kt0p2-fsp1: Processing pair 12 from disk...
imw-alike-nn-kt0p2-fsp1: 0 match-sets in 0.00s
[Coarse] imw-alike-nn-kt0p2-fsp1 pair 13: dE=-17853.2 m dN=-177.5 m (from-pair-14 (phasecorr disagreed), support=None, peak=0.09384612739086151) 
imw-alike-nn-kt0p2-fsp1: Processing pair 13 from disk...
imw-alike-nn-kt0p2-fsp1: 0 match-sets in 0.00s
[Coarse] imw-alike-nn-kt0p2-fsp1 pair 14: dE=-17853.2 m dN=-177.5 m (matcher@315m, support=45, peak=None) 
imw-alike-nn-kt0p2-fsp1: Processing pair 14 from disk...
imw-alike-nn-kt0p2-fsp1: 1 match-sets in 0.36s
[Coarse] imw-alike-nn-kt0p2-fsp1 pair 15: dE=-17943.9 m dN=-228.9 m (matcher@315m, support=76, peak=None) 
imw-alike-nn-kt0p2-fsp1: Processing pair 15 from disk...
imw-alike-nn-kt0p2-fsp1: 1 match-sets in 0.33s
[Coarse] imw-alike-nn-kt0p2-fsp1 pair 16: dE=-17903.0 m dN=-289.8 m (matcher@315m, support=26, peak=None) 
imw-alike-nn-kt0p2-fsp1: Processing pair 16 from disk...
imw-alike-nn-kt0p2-fsp1: 1 match-sets in 0.24s
[Coarse] imw-alike-nn-kt0p2-fsp1 pair 17: dE=-18037.2 m dN=-263.5 m (matcher@315m, support=35, peak=None) 
imw-alike-nn-kt0p2-fsp1: Processing pair 17 from disk...
imw-alike-nn-kt0p2-fsp1: 1 match-sets in 0.24s
[Coarse] imw-alike-nn-kt0p2-fsp1 pair 18: dE=-17943.9 m dN=-228.9 m (from-pair-15 (phasecorr disagreed), support=None, peak=0.06863816733713503) 
imw-alike-nn-kt0p2-fsp1: Processing pair 18 from disk...
imw-alike-nn-kt0p2-fsp1: 0 match-sets in 0.00s
[Coarse] imw-alike-nn-kt0p2-fsp1 pair 19: dE=-17943.9 m dN=-228.9 m (from-pair-15 (phasecorr disagreed), support=None, peak=0.15104582491848204) 
imw-alike-nn-kt0p2-fsp1: Processing pair 19 from disk...
imw-alike-nn-kt0p2-fsp1: 0 match-sets in 0.00s
[Coarse] imw-alike-nn-kt0p2-fsp1 pair 20: dE=-17943.9 m dN=-228.9 m (from-pair-19, support=None, peak=None) 
imw-alike-nn-kt0p2-fsp1: Processing pair 20 from disk...
imw-alike-nn-kt0p2-fsp1: 0 match-sets in 0.00s
[Coarse] imw-alike-nn-kt0p2-fsp1 pair 21: dE=-17943.9 m dN=-228.9 m (from-pair-15 (phasecorr disagreed), support=None, peak=0.036990950946454645) 
imw-alike-nn-kt0p2-fsp1: Processing pair 21 from disk...
imw-alike-nn-kt0p2-fsp1: 0 match-sets in 0.00s
[Coarse] imw-alike-nn-kt0p2-fsp1 pair 22: dE=-17882.3 m dN=-311.5 m (phasecorr@315m, support=None, peak=0.12721613845825194) 
imw-alike-nn-kt0p2-fsp1: Processing pair 22 from disk...
imw-alike-nn-kt0p2-fsp1: 1 match-sets in 0.26s
[Coarse] imw-alike-nn-kt0p2-fsp1 pair 23: dE=-17911.9 m dN=-326.6 m (phasecorr@315m, support=None, peak=0.12881409482955933) 
imw-alike-nn-kt0p2-fsp1: Processing pair 23 from disk...
imw-alike-nn-kt0p2-fsp1: 1 match-sets in 0.26s
[Coarse] imw-alike-nn-kt0p2-fsp1 pair 24: dE=-17928.8 m dN=-415.6 m (phasecorr@315m, support=None, peak=0.035175936365127565) 
imw-alike-nn-kt0p2-fsp1: Processing pair 24 from disk...
imw-alike-nn-kt0p2-fsp1: 1 match-sets in 0.25s
[Coarse] imw-alike-nn-kt0p2-fsp1 pair 25: dE=-17844.2 m dN=-348.0 m (phasecorr@315m, support=None, peak=0.15328786741892497) 
imw-alike-nn-kt0p2-fsp1: Processing pair 25 from disk...
imw-alike-nn-kt0p2-fsp1: 1 match-sets in 0.26s
[Coarse] imw-alike-nn-kt0p2-fsp1 pair 26: dE=-18037.2 m dN=-263.5 m (from-pair-27, support=None, peak=None) 
imw-alike-nn-kt0p2-fsp1: Processing pair 26 from disk...
imw-alike-nn-kt0p2-fsp1: 1 match-sets in 0.18s
[Coarse] imw-alike-nn-kt0p2-fsp1 pair 27: dE=-18037.2 m dN=-263.5 m (from-pair-17 (phasecorr disagreed), support=None, peak=0.05064041456057702) 
imw-alike-nn-kt0p2-fsp1: Processing pair 27 from disk...
imw-alike-nn-kt0p2-fsp1: 1 match-sets in 0.17s
Saved:
 CHIP_STATS_ALL.csv
 CHIP_STATS_SURVIVORS.csv
 CONSENSUS_SCORES.csv
 BEST_CHIP_SET.csv
 BEST_CHIP_MANIFEST.csv
 BEST_FINAL_SUMMARY.csv
[band1] imw-alike-nn-kt0p2-fsp1 ok in 0.2 min, peak GPU memory 0.4 of 39.4 GB
[imw-alike-nn] Model unloaded.
--------------------------------------------------------------------------------
[band1] Running imw-alike-nn-kt0p2
[imw-alike-nn] Loading model...
[Coarse] pair 3: no reliable coarse offset (matcher: {'dx': -20474.99939918518, 'dy': -4725.0, 'support': 1, 'n': 5, 'peak': None}; phasecorr: {'dx': -16147.443677524008, 'dy': -26751.975000537102, 'support': None, 'n': None, 'peak': 0.00032880983234923565}); windows compared in place
[Coarse] pair 4: no reliable coarse offset (matcher: no matches; phasecorr: {'dx': 12882.472481301173, 'dy': 92621.70938170607, 'support': None, 'n': None, 'peak': -0.00012715039429841217}); windows compared in place
[Coarse] pair 5: no reliable coarse offset (matcher: {'dx': -20159.99939918518, 'dy': 3150.0, 'support': 1, 'n': 4, 'peak': None}; phasecorr: {'dx': 3156.3479216096807, 'dy': 18300.67805989782, 'support': None, 'n': None, 'peak': 0.020832994549224774}); windows compared in place
[Coarse] pair 6: no reliable coarse offset (matcher: {'dx': -19530.0, 'dy': 7875.0, 'support': 1, 'n': 3, 'peak': None}; phasecorr: {'dx': -15852.800158210905, 'dy': 18737.59796077822, 'support': None, 'n': None, 'peak': -0.0027571213742097218}); windows compared in place
[Coarse] pair 7: no reliable coarse offset (matcher: {'dx': -20790.0, 'dy': 314.99759674072266, 'support': 1, 'n': 4, 'peak': None}; phasecorr: {'dx': -17660.72648465004, 'dy': -478.5174601560547, 'support': None, 'n': None, 'peak': 0.0218074359204816}); windows compared in place
[Coarse] pair 8: no reliable coarse offset (matcher: no matches; phasecorr: {'dx': -18002.059573769864, 'dy': -489.60497923140906, 'support': None, 'n': None, 'peak': 0.011968647486368816}); windows compared in place
[Coarse] pair 11: no reliable coarse offset (matcher: no matches; phasecorr: {'dx': -18107.733154651494, 'dy': -332.5590928480355, 'support': None, 'n': None, 'peak': 0.020898853179031604}); windows compared in place
[Coarse] pair 20: no reliable coarse offset (matcher: no matches; phasecorr: {'dx': -28903.23193639674, 'dy': -12953.216285335406, 'support': None, 'n': None, 'peak': 0.008737401829825507}); windows compared in place
[Coarse] pair 26: no reliable coarse offset (matcher: no matches; phasecorr: {'dx': -96306.08142606622, 'dy': -17142.367293993742, 'support': None, 'n': None, 'peak': 0.02253384519977334}); windows compared in place
[Coarse] pair 2: phase correlation gave dE=-8934 m dN=5487 m, 10.5 km from every offset the matcher measured; using pair 14's (dE=-17955 m dN=-0 m)
[Coarse] pair 10: phase correlation gave dE=43169 m dN=-4147 m, 60.9 km from every offset the matcher measured; using pair 14's (dE=-17955 m dN=-0 m)
[Coarse] pair 12: phase correlation gave dE=-1877 m dN=10017 m, 18.8 km from every offset the matcher measured; using pair 14's (dE=-17955 m dN=-0 m)
[Coarse] pair 13: phase correlation gave dE=7584 m dN=8567 m, 26.7 km from every offset the matcher measured; using pair 14's (dE=-17955 m dN=-0 m)
[Coarse] pair 18: phase correlation gave dE=744 m dN=-16615 m, 24.6 km from every offset the matcher measured; using pair 15's (dE=-17955 m dN=-315 m)
[Coarse] pair 19: phase correlation gave dE=11920 m dN=-17918 m, 34.4 km from every offset the matcher measured; using pair 15's (dE=-17955 m dN=-315 m)
[Coarse] pair 21: phase correlation gave dE=-11414 m dN=-17047 m, 17.9 km from every offset the matcher measured; using pair 15's (dE=-17955 m dN=-315 m)
[Coarse] pair 27: phase correlation gave dE=-97898 m dN=-6012 m, 80.1 km from every offset the matcher measured; using pair 17's (dE=-17955 m dN=-315 m)
[Coarse] imw-alike-nn-kt0p2 pair 1: dE=-18062.2 m dN=-904.8 m (phasecorr@315m, support=None, peak=0.03257782713572184) 
imw-alike-nn-kt0p2: Processing pair 1 from disk...
imw-alike-nn-kt0p2: 1 match-sets in 0.08s
[Coarse] imw-alike-nn-kt0p2 pair 2: dE=-17955.0 m dN=-0.0 m (from-pair-14 (phasecorr disagreed), support=None, peak=0.03413578109976686) 
imw-alike-nn-kt0p2: Processing pair 2 from disk...
imw-alike-nn-kt0p2: 1 match-sets in 0.09s
[Coarse] imw-alike-nn-kt0p2 pair 3: dE=-18062.2 m dN=-904.8 m (from-pair-1, support=None, peak=None) 
imw-alike-nn-kt0p2: Processing pair 3 from disk...
imw-alike-nn-kt0p2: 1 match-sets in 0.08s
[Coarse] imw-alike-nn-kt0p2 pair 4: dE=-17955.0 m dN=-0.0 m (from-pair-2, support=None, peak=None) 
imw-alike-nn-kt0p2: Processing pair 4 from disk...
imw-alike-nn-kt0p2: 1 match-sets in 0.11s
[Coarse] imw-alike-nn-kt0p2 pair 5: dE=-17955.0 m dN=-0.0 m (from-pair-2, support=None, peak=None) 
imw-alike-nn-kt0p2: Processing pair 5 from disk...
imw-alike-nn-kt0p2: 1 match-sets in 0.10s
[Coarse] imw-alike-nn-kt0p2 pair 6: dE=-17955.0 m dN=-0.0 m (from-pair-2, support=None, peak=None) 
imw-alike-nn-kt0p2: Processing pair 6 from disk...
imw-alike-nn-kt0p2: 1 match-sets in 0.14s
[Coarse] imw-alike-nn-kt0p2 pair 7: dE=-17790.5 m dN=-428.0 m (from-pair-9, support=None, peak=None) 
imw-alike-nn-kt0p2: Processing pair 7 from disk...
imw-alike-nn-kt0p2: 1 match-sets in 0.30s
[Coarse] imw-alike-nn-kt0p2 pair 8: dE=-17790.5 m dN=-428.0 m (from-pair-9, support=None, peak=None) 
imw-alike-nn-kt0p2: Processing pair 8 from disk...
imw-alike-nn-kt0p2: 1 match-sets in 0.35s
[Coarse] imw-alike-nn-kt0p2 pair 9: dE=-17790.5 m dN=-428.0 m (phasecorr@315m, support=None, peak=0.031066529352914596) 
imw-alike-nn-kt0p2: Processing pair 9 from disk...
imw-alike-nn-kt0p2: 1 match-sets in 0.26s
[Coarse] imw-alike-nn-kt0p2 pair 10: dE=-17955.0 m dN=-0.0 m (from-pair-14 (phasecorr disagreed), support=None, peak=0.04791493653487985) 
imw-alike-nn-kt0p2: Processing pair 10 from disk...
imw-alike-nn-kt0p2: 1 match-sets in 0.28s
[Coarse] imw-alike-nn-kt0p2 pair 11: dE=-17955.0 m dN=-0.0 m (from-pair-10, support=None, peak=None) 
imw-alike-nn-kt0p2: Processing pair 11 from disk...
imw-alike-nn-kt0p2: 1 match-sets in 0.22s
[Coarse] imw-alike-nn-kt0p2 pair 12: dE=-17955.0 m dN=-0.0 m (from-pair-14 (phasecorr disagreed), support=None, peak=0.1047012765466431) 
imw-alike-nn-kt0p2: Processing pair 12 from disk...
imw-alike-nn-kt0p2: 0 match-sets in 0.00s
[Coarse] imw-alike-nn-kt0p2 pair 13: dE=-17955.0 m dN=-0.0 m (from-pair-14 (phasecorr disagreed), support=None, peak=0.09384612739086151) 
imw-alike-nn-kt0p2: Processing pair 13 from disk...
imw-alike-nn-kt0p2: 0 match-sets in 0.00s
[Coarse] imw-alike-nn-kt0p2 pair 14: dE=-17955.0 m dN=-0.0 m (matcher@315m, support=30, peak=None) 
imw-alike-nn-kt0p2: Processing pair 14 from disk...
imw-alike-nn-kt0p2: 1 match-sets in 0.46s
[Coarse] imw-alike-nn-kt0p2 pair 15: dE=-17955.0 m dN=-315.0 m (matcher@315m, support=61, peak=None) 
imw-alike-nn-kt0p2: Processing pair 15 from disk...
imw-alike-nn-kt0p2: 1 match-sets in 0.35s
[Coarse] imw-alike-nn-kt0p2 pair 16: dE=-17640.0 m dN=-315.0 m (matcher@315m, support=17, peak=None) 
imw-alike-nn-kt0p2: Processing pair 16 from disk...
imw-alike-nn-kt0p2: 1 match-sets in 0.23s
[Coarse] imw-alike-nn-kt0p2 pair 17: dE=-17955.0 m dN=-315.0 m (matcher@315m, support=31, peak=None) 
imw-alike-nn-kt0p2: Processing pair 17 from disk...
imw-alike-nn-kt0p2: 1 match-sets in 0.24s
[Coarse] imw-alike-nn-kt0p2 pair 18: dE=-17955.0 m dN=-315.0 m (from-pair-15 (phasecorr disagreed), support=None, peak=0.06863816733713503) 
imw-alike-nn-kt0p2: Processing pair 18 from disk...
imw-alike-nn-kt0p2: 0 match-sets in 0.00s
[Coarse] imw-alike-nn-kt0p2 pair 19: dE=-17955.0 m dN=-315.0 m (from-pair-15 (phasecorr disagreed), support=None, peak=0.15104582491848204) 
imw-alike-nn-kt0p2: Processing pair 19 from disk...
imw-alike-nn-kt0p2: 0 match-sets in 0.00s
[Coarse] imw-alike-nn-kt0p2 pair 20: dE=-17955.0 m dN=-315.0 m (from-pair-19, support=None, peak=None) 
imw-alike-nn-kt0p2: Processing pair 20 from disk...
imw-alike-nn-kt0p2: 0 match-sets in 0.00s
[Coarse] imw-alike-nn-kt0p2 pair 21: dE=-17955.0 m dN=-315.0 m (from-pair-15 (phasecorr disagreed), support=None, peak=0.036990950946454645) 
imw-alike-nn-kt0p2: Processing pair 21 from disk...
imw-alike-nn-kt0p2: 0 match-sets in 0.00s
[Coarse] imw-alike-nn-kt0p2 pair 22: dE=-17882.3 m dN=-311.5 m (phasecorr@315m, support=None, peak=0.12721613845825194) 
imw-alike-nn-kt0p2: Processing pair 22 from disk...
imw-alike-nn-kt0p2: 1 match-sets in 0.24s
[Coarse] imw-alike-nn-kt0p2 pair 23: dE=-17911.9 m dN=-326.6 m (phasecorr@315m, support=None, peak=0.12881409482955933) 
imw-alike-nn-kt0p2: Processing pair 23 from disk...
imw-alike-nn-kt0p2: 1 match-sets in 0.25s
[Coarse] imw-alike-nn-kt0p2 pair 24: dE=-17928.8 m dN=-415.6 m (phasecorr@315m, support=None, peak=0.035175936365127565) 
imw-alike-nn-kt0p2: Processing pair 24 from disk...
imw-alike-nn-kt0p2: 1 match-sets in 0.25s
[Coarse] imw-alike-nn-kt0p2 pair 25: dE=-17844.2 m dN=-348.0 m (phasecorr@315m, support=None, peak=0.15328786741892497) 
imw-alike-nn-kt0p2: Processing pair 25 from disk...
imw-alike-nn-kt0p2: 1 match-sets in 0.24s
[Coarse] imw-alike-nn-kt0p2 pair 26: dE=-17955.0 m dN=-315.0 m (from-pair-27, support=None, peak=None) 
imw-alike-nn-kt0p2: Processing pair 26 from disk...
imw-alike-nn-kt0p2: 1 match-sets in 0.15s
[Coarse] imw-alike-nn-kt0p2 pair 27: dE=-17955.0 m dN=-315.0 m (from-pair-17 (phasecorr disagreed), support=None, peak=0.05064041456057702) 
imw-alike-nn-kt0p2: Processing pair 27 from disk...
imw-alike-nn-kt0p2: 1 match-sets in 0.13s
Saved:
 CHIP_STATS_ALL.csv
 CHIP_STATS_SURVIVORS.csv
 CONSENSUS_SCORES.csv
 BEST_CHIP_SET.csv
 BEST_CHIP_MANIFEST.csv
 BEST_FINAL_SUMMARY.csv
[band1] imw-alike-nn-kt0p2 ok in 0.2 min, peak GPU memory 0.4 of 39.4 GB
[imw-alike-nn] Model unloaded.
--------------------------------------------------------------------------------
[band1] Running imw-sfd2-nn-kt0p2
[imw-sfd2-nn] Loading model...
[Coarse] pair 3: no reliable coarse offset (matcher: {'dx': -17955.0, 'dy': -630.0, 'support': 4, 'n': 6, 'peak': None}; phasecorr: {'dx': -16147.443677524008, 'dy': -26751.975000537102, 'support': None, 'n': None, 'peak': 0.00032880983234923565}); windows compared in place
[Coarse] pair 4: no reliable coarse offset (matcher: no matches; phasecorr: {'dx': 12882.472481301173, 'dy': 92621.70938170607, 'support': None, 'n': None, 'peak': -0.00012715039429841217}); windows compared in place
[Coarse] pair 5: no reliable coarse offset (matcher: {'dx': -18270.0, 'dy': -630.0, 'support': 4, 'n': 5, 'peak': None}; phasecorr: {'dx': 3156.3479216096807, 'dy': 18300.67805989782, 'support': None, 'n': None, 'peak': 0.020832994549224774}); windows compared in place
[Coarse] pair 6: no reliable coarse offset (matcher: {'dx': -16695.0, 'dy': -1102.5, 'support': 2, 'n': 4, 'peak': None}; phasecorr: {'dx': -15852.800158210905, 'dy': 18737.59796077822, 'support': None, 'n': None, 'peak': -0.0027571213742097218}); windows compared in place
[Coarse] pair 20: no reliable coarse offset (matcher: no matches; phasecorr: {'dx': -28903.23193639674, 'dy': -12953.216285335406, 'support': None, 'n': None, 'peak': 0.008737401829825507}); windows compared in place
[Coarse] pair 26: no reliable coarse offset (matcher: no matches; phasecorr: {'dx': -96306.08142606622, 'dy': -17142.367293993742, 'support': None, 'n': None, 'peak': 0.02253384519977334}); windows compared in place
[Coarse] pair 2: phase correlation gave dE=-8934 m dN=5487 m, 10.5 km from every offset the matcher measured; using pair 1's (dE=-19845 m dN=-630 m)
[Coarse] pair 10: phase correlation gave dE=43169 m dN=-4147 m, 60.9 km from every offset the matcher measured; using pair 11's (dE=-18428 m dN=-158 m)
[Coarse] pair 12: phase correlation gave dE=-1877 m dN=10017 m, 18.8 km from every offset the matcher measured; using pair 8's (dE=-17955 m dN=-315 m)
[Coarse] pair 13: phase correlation gave dE=7584 m dN=8567 m, 26.7 km from every offset the matcher measured; using pair 8's (dE=-17955 m dN=-315 m)
[Coarse] pair 18: phase correlation gave dE=744 m dN=-16615 m, 24.6 km from every offset the matcher measured; using pair 25's (dE=-17955 m dN=-315 m)
[Coarse] pair 19: phase correlation gave dE=11920 m dN=-17918 m, 34.4 km from every offset the matcher measured; using pair 25's (dE=-17955 m dN=-315 m)
[Coarse] pair 21: phase correlation gave dE=-11414 m dN=-17047 m, 17.7 km from every offset the matcher measured; using pair 25's (dE=-17955 m dN=-315 m)
[Coarse] pair 27: phase correlation gave dE=-97898 m dN=-6012 m, 78.2 km from every offset the matcher measured; using pair 23's (dE=-17955 m dN=-315 m)
[Coarse] imw-sfd2-nn-kt0p2 pair 1: dE=-19845.0 m dN=-630.0 m (matcher@315m, support=12, peak=None) 
imw-sfd2-nn-kt0p2: Processing pair 1 from disk...
imw-sfd2-nn-kt0p2: 1 match-sets in 0.65s
[Coarse] imw-sfd2-nn-kt0p2 pair 2: dE=-19845.0 m dN=-630.0 m (from-pair-1 (phasecorr disagreed), support=None, peak=0.03413578109976686) 
imw-sfd2-nn-kt0p2: Processing pair 2 from disk...
imw-sfd2-nn-kt0p2: 1 match-sets in 0.06s
[Coarse] imw-sfd2-nn-kt0p2 pair 3: dE=-19845.0 m dN=-630.0 m (from-pair-1, support=None, peak=None) 
imw-sfd2-nn-kt0p2: Processing pair 3 from disk...
imw-sfd2-nn-kt0p2: 1 match-sets in 0.06s
[Coarse] imw-sfd2-nn-kt0p2 pair 4: dE=-19845.0 m dN=-630.0 m (from-pair-2, support=None, peak=None) 
imw-sfd2-nn-kt0p2: Processing pair 4 from disk...
imw-sfd2-nn-kt0p2: 1 match-sets in 0.14s
[Coarse] imw-sfd2-nn-kt0p2 pair 5: dE=-19845.0 m dN=-630.0 m (from-pair-2, support=None, peak=None) 
imw-sfd2-nn-kt0p2: Processing pair 5 from disk...
imw-sfd2-nn-kt0p2: 1 match-sets in 0.08s
[Coarse] imw-sfd2-nn-kt0p2 pair 6: dE=-19845.0 m dN=-630.0 m (from-pair-2, support=None, peak=None) 
imw-sfd2-nn-kt0p2: Processing pair 6 from disk...
imw-sfd2-nn-kt0p2: 1 match-sets in 0.08s
[Coarse] imw-sfd2-nn-kt0p2 pair 7: dE=-17955.0 m dN=-630.0 m (matcher@315m, support=42, peak=None) 
imw-sfd2-nn-kt0p2: Processing pair 7 from disk...
imw-sfd2-nn-kt0p2: 1 match-sets in 0.99s
[Coarse] imw-sfd2-nn-kt0p2 pair 8: dE=-17955.0 m dN=-315.0 m (matcher@315m, support=25, peak=None) 
imw-sfd2-nn-kt0p2: Processing pair 8 from disk...
imw-sfd2-nn-kt0p2: 1 match-sets in 1.37s
[Coarse] imw-sfd2-nn-kt0p2 pair 9: dE=-17955.0 m dN=-630.0 m (matcher@315m, support=37, peak=None) 
imw-sfd2-nn-kt0p2: Processing pair 9 from disk...
imw-sfd2-nn-kt0p2: 1 match-sets in 0.22s
[Coarse] imw-sfd2-nn-kt0p2 pair 10: dE=-18427.5 m dN=-157.5 m (from-pair-11 (phasecorr disagreed), support=None, peak=0.04791493653487985) 
imw-sfd2-nn-kt0p2: Processing pair 10 from disk...
imw-sfd2-nn-kt0p2: 1 match-sets in 1.29s
[Coarse] imw-sfd2-nn-kt0p2 pair 11: dE=-18427.5 m dN=-157.5 m (matcher@315m, support=10, peak=None) 
imw-sfd2-nn-kt0p2: Processing pair 11 from disk...
imw-sfd2-nn-kt0p2: 1 match-sets in 0.19s
[Coarse] imw-sfd2-nn-kt0p2 pair 12: dE=-17955.0 m dN=-315.0 m (from-pair-8 (phasecorr disagreed), support=None, peak=0.1047012765466431) 
imw-sfd2-nn-kt0p2: Processing pair 12 from disk...
imw-sfd2-nn-kt0p2: 0 match-sets in 0.00s
[Coarse] imw-sfd2-nn-kt0p2 pair 13: dE=-17955.0 m dN=-315.0 m (from-pair-8 (phasecorr disagreed), support=None, peak=0.09384612739086151) 
imw-sfd2-nn-kt0p2: Processing pair 13 from disk...
imw-sfd2-nn-kt0p2: 0 match-sets in 0.00s
[Coarse] imw-sfd2-nn-kt0p2 pair 14: dE=-17955.0 m dN=-315.0 m (matcher@315m, support=152, peak=None) 
imw-sfd2-nn-kt0p2: Processing pair 14 from disk...
imw-sfd2-nn-kt0p2: 1 match-sets in 1.28s
[Coarse] imw-sfd2-nn-kt0p2 pair 15: dE=-17955.0 m dN=-315.0 m (matcher@315m, support=182, peak=None) 
imw-sfd2-nn-kt0p2: Processing pair 15 from disk...
imw-sfd2-nn-kt0p2: 1 match-sets in 0.27s
[Coarse] imw-sfd2-nn-kt0p2 pair 16: dE=-17955.0 m dN=-315.0 m (matcher@315m, support=155, peak=None) 
imw-sfd2-nn-kt0p2: Processing pair 16 from disk...
imw-sfd2-nn-kt0p2: 1 match-sets in 0.19s
[Coarse] imw-sfd2-nn-kt0p2 pair 17: dE=-17955.0 m dN=-315.0 m (matcher@315m, support=161, peak=None) 
imw-sfd2-nn-kt0p2: Processing pair 17 from disk...
imw-sfd2-nn-kt0p2: 1 match-sets in 0.19s
[Coarse] imw-sfd2-nn-kt0p2 pair 18: dE=-17955.0 m dN=-315.0 m (from-pair-25 (phasecorr disagreed), support=None, peak=0.06863816733713503) 
imw-sfd2-nn-kt0p2: Processing pair 18 from disk...
imw-sfd2-nn-kt0p2: 0 match-sets in 0.00s
[Coarse] imw-sfd2-nn-kt0p2 pair 19: dE=-17955.0 m dN=-315.0 m (from-pair-25 (phasecorr disagreed), support=None, peak=0.15104582491848204) 
imw-sfd2-nn-kt0p2: Processing pair 19 from disk...
imw-sfd2-nn-kt0p2: 0 match-sets in 0.00s
[Coarse] imw-sfd2-nn-kt0p2 pair 20: dE=-17955.0 m dN=-315.0 m (from-pair-19, support=None, peak=None) 
imw-sfd2-nn-kt0p2: Processing pair 20 from disk...
imw-sfd2-nn-kt0p2: 0 match-sets in 0.00s
[Coarse] imw-sfd2-nn-kt0p2 pair 21: dE=-17955.0 m dN=-315.0 m (from-pair-25 (phasecorr disagreed), support=None, peak=0.036990950946454645) 
imw-sfd2-nn-kt0p2: Processing pair 21 from disk...
imw-sfd2-nn-kt0p2: 0 match-sets in 0.00s
[Coarse] imw-sfd2-nn-kt0p2 pair 22: dE=-17640.0 m dN=-315.0 m (matcher@315m, support=70, peak=None) 
imw-sfd2-nn-kt0p2: Processing pair 22 from disk...
imw-sfd2-nn-kt0p2: 1 match-sets in 0.91s
[Coarse] imw-sfd2-nn-kt0p2 pair 23: dE=-17955.0 m dN=-315.0 m (matcher@315m, support=64, peak=None) 
imw-sfd2-nn-kt0p2: Processing pair 23 from disk...
imw-sfd2-nn-kt0p2: 1 match-sets in 0.20s
[Coarse] imw-sfd2-nn-kt0p2 pair 24: dE=-17955.0 m dN=-157.5 m (matcher@315m, support=54, peak=None) 
imw-sfd2-nn-kt0p2: Processing pair 24 from disk...
imw-sfd2-nn-kt0p2: 1 match-sets in 0.21s
[Coarse] imw-sfd2-nn-kt0p2 pair 25: dE=-17955.0 m dN=-315.0 m (matcher@315m, support=82, peak=None) 
imw-sfd2-nn-kt0p2: Processing pair 25 from disk...
imw-sfd2-nn-kt0p2: 1 match-sets in 0.20s
[Coarse] imw-sfd2-nn-kt0p2 pair 26: dE=-17955.0 m dN=-315.0 m (from-pair-27, support=None, peak=None) 
imw-sfd2-nn-kt0p2: Processing pair 26 from disk...
imw-sfd2-nn-kt0p2: 1 match-sets in 0.21s
[Coarse] imw-sfd2-nn-kt0p2 pair 27: dE=-17955.0 m dN=-315.0 m (from-pair-23 (phasecorr disagreed), support=None, peak=0.05064041456057702) 
imw-sfd2-nn-kt0p2: Processing pair 27 from disk...
imw-sfd2-nn-kt0p2: 1 match-sets in 0.14s
Saved:
 CHIP_STATS_ALL.csv
 CHIP_STATS_SURVIVORS.csv
 CONSENSUS_SCORES.csv
 BEST_CHIP_SET.csv
 BEST_CHIP_MANIFEST.csv
 BEST_FINAL_SUMMARY.csv
[band1] imw-sfd2-nn-kt0p2 ok in 0.5 min, peak GPU memory 32.7 of 39.4 GB
[imw-sfd2-nn] Model unloaded.
--------------------------------------------------------------------------------
[band1] Running imw-rdd-nn-kt0p2
[imw-rdd-nn] Loading model...
config {'activation': 'relu', 'block_dims': [8, 16, 32, 64], 'd_model': 256, 'detection_threshold': 0.2, 'device': device(type='cuda'), 'dim_feedforward': 1024, 'dropout': 0.1, 'enc_n_points': 8, 'hidden_dim': 256, 'lr_backbone': 2e-05, 'nhead': 8, 'num_encoder_layers': 4, 'num_feature_levels': 5, 'top_k': 32000, 'train_detector': False, 'weights': '/maintenance/ICIGDev/GPUPOC/input/dqe/imw_runtime/imw_cache/huggingface/hub/models--Realcat--imcui_checkpoints/snapshots/e72b489e927e7a8202f505c1b4db1474fd22b8b7/rdd/RDD-v2.pth'}
[Coarse] pair 20: no reliable coarse offset (matcher: RuntimeError: selected index k out of range; phasecorr: {'dx': -28903.23193639674, 'dy': -12953.216285335406, 'support': None, 'n': None, 'peak': 0.008737401829825507}); windows compared in place
[Coarse] pair 26: no reliable coarse offset (matcher: no matches; phasecorr: {'dx': -96306.08142606622, 'dy': -17142.367293993742, 'support': None, 'n': None, 'peak': 0.02253384519977334}); windows compared in place
[Coarse] pair 12: phase correlation gave dE=-1877 m dN=10017 m, 18.9 km from every offset the matcher measured; using pair 8's (dE=-17826 m dN=-372 m)
[Coarse] pair 13: phase correlation gave dE=7584 m dN=8567 m, 26.8 km from every offset the matcher measured; using pair 8's (dE=-17826 m dN=-372 m)
[Coarse] pair 18: phase correlation gave dE=744 m dN=-16615 m, 24.3 km from every offset the matcher measured; using pair 25's (dE=-17877 m dN=-268 m)
[Coarse] pair 19: phase correlation gave dE=11920 m dN=-17918 m, 34.1 km from every offset the matcher measured; using pair 25's (dE=-17877 m dN=-268 m)
[Coarse] pair 21: phase correlation gave dE=-11414 m dN=-17047 m, 17.5 km from every offset the matcher measured; using pair 25's (dE=-17877 m dN=-268 m)
[Coarse] pair 27: phase correlation gave dE=-97898 m dN=-6012 m, 79.8 km from every offset the matcher measured; using pair 23's (dE=-17797 m dN=-214 m)
[Coarse] imw-rdd-nn-kt0p2 pair 1: dE=-17872.9 m dN=-481.9 m (matcher@315m, support=213, peak=None) 
imw-rdd-nn-kt0p2: Processing pair 1 from disk...
imw-rdd-nn-kt0p2: 1 match-sets in 0.72s
[Coarse] imw-rdd-nn-kt0p2 pair 2: dE=-17830.8 m dN=-583.0 m (matcher@315m, support=176, peak=None) 
imw-rdd-nn-kt0p2: Processing pair 2 from disk...
imw-rdd-nn-kt0p2: 1 match-sets in 0.13s
[Coarse] imw-rdd-nn-kt0p2 pair 3: dE=-17848.1 m dN=-509.4 m (matcher@315m, support=104, peak=None) 
imw-rdd-nn-kt0p2: Processing pair 3 from disk...
imw-rdd-nn-kt0p2: 1 match-sets in 0.13s
[Coarse] imw-rdd-nn-kt0p2 pair 4: dE=-18080.1 m dN=-677.5 m (matcher@315m, support=98, peak=None) 
imw-rdd-nn-kt0p2: Processing pair 4 from disk...
imw-rdd-nn-kt0p2: 1 match-sets in 0.86s
[Coarse] imw-rdd-nn-kt0p2 pair 5: dE=-18226.7 m dN=-589.8 m (matcher@315m, support=119, peak=None) 
imw-rdd-nn-kt0p2: Processing pair 5 from disk...
imw-rdd-nn-kt0p2: 1 match-sets in 0.15s
[Coarse] imw-rdd-nn-kt0p2 pair 6: dE=-17537.1 m dN=-654.1 m (matcher@315m, support=17, peak=None) 
imw-rdd-nn-kt0p2: Processing pair 6 from disk...
imw-rdd-nn-kt0p2: 1 match-sets in 0.16s
[Coarse] imw-rdd-nn-kt0p2 pair 7: dE=-17893.3 m dN=-396.0 m (matcher@315m, support=360, peak=None) 
imw-rdd-nn-kt0p2: Processing pair 7 from disk...
imw-rdd-nn-kt0p2: 1 match-sets in 3.40s
[Coarse] imw-rdd-nn-kt0p2 pair 8: dE=-17825.9 m dN=-372.4 m (matcher@315m, support=428, peak=None) 
imw-rdd-nn-kt0p2: Processing pair 8 from disk...
imw-rdd-nn-kt0p2: 1 match-sets in 4.02s
[Coarse] imw-rdd-nn-kt0p2 pair 9: dE=-17923.7 m dN=-428.9 m (matcher@315m, support=405, peak=None) 
imw-rdd-nn-kt0p2: Processing pair 9 from disk...
imw-rdd-nn-kt0p2: 1 match-sets in 0.44s
[Coarse] imw-rdd-nn-kt0p2 pair 10: dE=-18285.4 m dN=-363.8 m (matcher@315m, support=25, peak=None) 
imw-rdd-nn-kt0p2: Processing pair 10 from disk...
imw-rdd-nn-kt0p2: 1 match-sets in 3.07s
[Coarse] imw-rdd-nn-kt0p2 pair 11: dE=-18056.0 m dN=-290.2 m (matcher@315m, support=229, peak=None) 
imw-rdd-nn-kt0p2: Processing pair 11 from disk...
imw-rdd-nn-kt0p2: 1 match-sets in 0.38s
[Coarse] imw-rdd-nn-kt0p2 pair 12: dE=-17825.9 m dN=-372.4 m (from-pair-8 (phasecorr disagreed), support=None, peak=0.1047012765466431) 
imw-rdd-nn-kt0p2: Processing pair 12 from disk...
imw-rdd-nn-kt0p2: 0 match-sets in 0.00s
[Coarse] imw-rdd-nn-kt0p2 pair 13: dE=-17825.9 m dN=-372.4 m (from-pair-8 (phasecorr disagreed), support=None, peak=0.09384612739086151) 
imw-rdd-nn-kt0p2: Processing pair 13 from disk...
imw-rdd-nn-kt0p2: 0 match-sets in 0.00s
[Coarse] imw-rdd-nn-kt0p2 pair 14: dE=-17841.6 m dN=-165.9 m (matcher@315m, support=1354, peak=None) 
imw-rdd-nn-kt0p2: Processing pair 14 from disk...
imw-rdd-nn-kt0p2: 1 match-sets in 3.49s
[Coarse] imw-rdd-nn-kt0p2 pair 15: dE=-17921.8 m dN=-174.5 m (matcher@315m, support=1753, peak=None) 
imw-rdd-nn-kt0p2: Processing pair 15 from disk...
imw-rdd-nn-kt0p2: 1 match-sets in 0.52s
[Coarse] imw-rdd-nn-kt0p2 pair 16: dE=-17968.2 m dN=-329.3 m (matcher@315m, support=852, peak=None) 
imw-rdd-nn-kt0p2: Processing pair 16 from disk...
imw-rdd-nn-kt0p2: 1 match-sets in 0.38s
[Coarse] imw-rdd-nn-kt0p2 pair 17: dE=-18020.8 m dN=-325.1 m (matcher@315m, support=1016, peak=None) 
imw-rdd-nn-kt0p2: Processing pair 17 from disk...
imw-rdd-nn-kt0p2: 1 match-sets in 0.39s
[Coarse] imw-rdd-nn-kt0p2 pair 18: dE=-17877.0 m dN=-268.1 m (from-pair-25 (phasecorr disagreed), support=None, peak=0.06863816733713503) 
imw-rdd-nn-kt0p2: Processing pair 18 from disk...
imw-rdd-nn-kt0p2: 0 match-sets in 0.00s
[Coarse] imw-rdd-nn-kt0p2 pair 19: dE=-17877.0 m dN=-268.1 m (from-pair-25 (phasecorr disagreed), support=None, peak=0.15104582491848204) 
imw-rdd-nn-kt0p2: Processing pair 19 from disk...
imw-rdd-nn-kt0p2: 0 match-sets in 0.00s
[Coarse] imw-rdd-nn-kt0p2 pair 20: dE=-17877.0 m dN=-268.1 m (from-pair-19, support=None, peak=None) 
imw-rdd-nn-kt0p2: Processing pair 20 from disk...
imw-rdd-nn-kt0p2: 0 match-sets in 0.00s
[Coarse] imw-rdd-nn-kt0p2 pair 21: dE=-17877.0 m dN=-268.1 m (from-pair-25 (phasecorr disagreed), support=None, peak=0.036990950946454645) 
imw-rdd-nn-kt0p2: Processing pair 21 from disk...
imw-rdd-nn-kt0p2: 0 match-sets in 0.00s
[Coarse] imw-rdd-nn-kt0p2 pair 22: dE=-17833.7 m dN=-218.3 m (matcher@315m, support=405, peak=None) 
imw-rdd-nn-kt0p2: Processing pair 22 from disk...
imw-rdd-nn-kt0p2: 1 match-sets in 3.05s
[Coarse] imw-rdd-nn-kt0p2 pair 23: dE=-17796.9 m dN=-214.5 m (matcher@315m, support=473, peak=None) 
imw-rdd-nn-kt0p2: Processing pair 23 from disk...
imw-rdd-nn-kt0p2: 1 match-sets in 0.40s
[Coarse] imw-rdd-nn-kt0p2 pair 24: dE=-17926.0 m dN=-149.3 m (matcher@315m, support=438, peak=None) 
imw-rdd-nn-kt0p2: Processing pair 24 from disk...
imw-rdd-nn-kt0p2: 1 match-sets in 0.40s
[Coarse] imw-rdd-nn-kt0p2 pair 25: dE=-17877.0 m dN=-268.1 m (matcher@315m, support=457, peak=None) 
imw-rdd-nn-kt0p2: Processing pair 25 from disk...
imw-rdd-nn-kt0p2: 1 match-sets in 0.41s
[Coarse] imw-rdd-nn-kt0p2 pair 26: dE=-17796.9 m dN=-214.5 m (from-pair-27, support=None, peak=None) 
imw-rdd-nn-kt0p2: Processing pair 26 from disk...
imw-rdd-nn-kt0p2: 1 match-sets in 0.49s
[Coarse] imw-rdd-nn-kt0p2 pair 27: dE=-17796.9 m dN=-214.5 m (from-pair-23 (phasecorr disagreed), support=None, peak=0.05064041456057702) 
imw-rdd-nn-kt0p2: Processing pair 27 from disk...
imw-rdd-nn-kt0p2: 1 match-sets in 0.29s
Saved:
 CHIP_STATS_ALL.csv
 CHIP_STATS_SURVIVORS.csv
 CONSENSUS_SCORES.csv
 BEST_CHIP_SET.csv
 BEST_CHIP_MANIFEST.csv
 BEST_FINAL_SUMMARY.csv
[band1] imw-rdd-nn-kt0p2 ok in 1.2 min, peak GPU memory 16.8 of 39.4 GB
[imw-rdd-nn] Model unloaded.
--------------------------------------------------------------------------------
[band1] Running imw-liftfeat-nn-kt0p2
[imw-liftfeat-nn] Loading model...
load weight successfully.
[Coarse] pair 3: no reliable coarse offset (matcher: {'dx': -19530.0, 'dy': 3780.0, 'support': 3, 'n': 8, 'peak': None}; phasecorr: {'dx': -16147.443677524008, 'dy': -26751.975000537102, 'support': None, 'n': None, 'peak': 0.00032880983234923565}); windows compared in place
[Coarse] pair 6: no reliable coarse offset (matcher: {'dx': -17640.0, 'dy': 12915.0, 'support': 1, 'n': 6, 'peak': None}; phasecorr: {'dx': -15852.800158210905, 'dy': 18737.59796077822, 'support': None, 'n': None, 'peak': -0.0027571213742097218}); windows compared in place
[Coarse] pair 11: no reliable coarse offset (matcher: {'dx': -17640.0, 'dy': 10080.0, 'support': 1, 'n': 6, 'peak': None}; phasecorr: {'dx': -18107.733154651494, 'dy': -332.5590928480355, 'support': None, 'n': None, 'peak': 0.020898853179031604}); windows compared in place
[Coarse] pair 20: no reliable coarse offset (matcher: no matches; phasecorr: {'dx': -28903.23193639674, 'dy': -12953.216285335406, 'support': None, 'n': None, 'peak': 0.008737401829825507}); windows compared in place
[Coarse] pair 26: no reliable coarse offset (matcher: no matches; phasecorr: {'dx': -96306.08142606622, 'dy': -17142.367293993742, 'support': None, 'n': None, 'peak': 0.02253384519977334}); windows compared in place
[Coarse] pair 2: phase correlation gave dE=-8934 m dN=5487 m, 10.5 km from every offset the matcher measured; using pair 1's (dE=-17955 m dN=-630 m)
[Coarse] pair 10: phase correlation gave dE=43169 m dN=-4147 m, 60.9 km from every offset the matcher measured; using pair 8's (dE=-17955 m dN=-315 m)
[Coarse] pair 12: phase correlation gave dE=-1877 m dN=10017 m, 18.8 km from every offset the matcher measured; using pair 8's (dE=-17955 m dN=-315 m)
[Coarse] pair 13: phase correlation gave dE=7584 m dN=8567 m, 26.7 km from every offset the matcher measured; using pair 8's (dE=-17955 m dN=-315 m)
[Coarse] pair 18: phase correlation gave dE=744 m dN=-16615 m, 24.6 km from every offset the matcher measured; using pair 25's (dE=-17955 m dN=-315 m)
[Coarse] pair 19: phase correlation gave dE=11920 m dN=-17918 m, 34.4 km from every offset the matcher measured; using pair 25's (dE=-17955 m dN=-315 m)
[Coarse] pair 21: phase correlation gave dE=-11414 m dN=-17047 m, 17.7 km from every offset the matcher measured; using pair 25's (dE=-17955 m dN=-315 m)
[Coarse] pair 27: phase correlation gave dE=-97898 m dN=-6012 m, 79.8 km from every offset the matcher measured; using pair 23's (dE=-17955 m dN=-315 m)
[Coarse] imw-liftfeat-nn-kt0p2 pair 1: dE=-17955.0 m dN=-630.0 m (matcher@315m, support=21, peak=None) 
imw-liftfeat-nn-kt0p2: Processing pair 1 from disk...
imw-liftfeat-nn-kt0p2: 1 match-sets in 0.20s
[Coarse] imw-liftfeat-nn-kt0p2 pair 2: dE=-17955.0 m dN=-630.0 m (from-pair-1 (phasecorr disagreed), support=None, peak=0.03413578109976686) 
imw-liftfeat-nn-kt0p2: Processing pair 2 from disk...
imw-liftfeat-nn-kt0p2: 1 match-sets in 0.09s
[Coarse] imw-liftfeat-nn-kt0p2 pair 3: dE=-17955.0 m dN=-630.0 m (from-pair-1, support=None, peak=None) 
imw-liftfeat-nn-kt0p2: Processing pair 3 from disk...
imw-liftfeat-nn-kt0p2: 1 match-sets in 0.09s
[Coarse] imw-liftfeat-nn-kt0p2 pair 4: dE=-17955.0 m dN=-315.0 m (matcher@315m, support=26, peak=None) 
imw-liftfeat-nn-kt0p2: Processing pair 4 from disk...
imw-liftfeat-nn-kt0p2: 1 match-sets in 0.25s
[Coarse] imw-liftfeat-nn-kt0p2 pair 5: dE=-18270.0 m dN=-315.0 m (matcher@315m, support=25, peak=None) 
imw-liftfeat-nn-kt0p2: Processing pair 5 from disk...
imw-liftfeat-nn-kt0p2: 1 match-sets in 0.10s
[Coarse] imw-liftfeat-nn-kt0p2 pair 6: dE=-18270.0 m dN=-315.0 m (from-pair-5, support=None, peak=None) 
imw-liftfeat-nn-kt0p2: Processing pair 6 from disk...
imw-liftfeat-nn-kt0p2: 1 match-sets in 0.11s
[Coarse] imw-liftfeat-nn-kt0p2 pair 7: dE=-17955.0 m dN=-630.0 m (matcher@315m, support=57, peak=None) 
imw-liftfeat-nn-kt0p2: Processing pair 7 from disk...
imw-liftfeat-nn-kt0p2: 1 match-sets in 0.45s
[Coarse] imw-liftfeat-nn-kt0p2 pair 8: dE=-17955.0 m dN=-315.0 m (matcher@315m, support=24, peak=None) 
imw-liftfeat-nn-kt0p2: Processing pair 8 from disk...
imw-liftfeat-nn-kt0p2: 1 match-sets in 0.42s
[Coarse] imw-liftfeat-nn-kt0p2 pair 9: dE=-17955.0 m dN=-630.0 m (matcher@315m, support=70, peak=None) 
imw-liftfeat-nn-kt0p2: Processing pair 9 from disk...
imw-liftfeat-nn-kt0p2: 1 match-sets in 0.27s
[Coarse] imw-liftfeat-nn-kt0p2 pair 10: dE=-17955.0 m dN=-315.0 m (from-pair-8 (phasecorr disagreed), support=None, peak=0.04791493653487985) 
imw-liftfeat-nn-kt0p2: Processing pair 10 from disk...
imw-liftfeat-nn-kt0p2: 1 match-sets in 0.39s
[Coarse] imw-liftfeat-nn-kt0p2 pair 11: dE=-17955.0 m dN=-315.0 m (from-pair-10, support=None, peak=None) 
imw-liftfeat-nn-kt0p2: Processing pair 11 from disk...
imw-liftfeat-nn-kt0p2: 1 match-sets in 0.24s
[Coarse] imw-liftfeat-nn-kt0p2 pair 12: dE=-17955.0 m dN=-315.0 m (from-pair-8 (phasecorr disagreed), support=None, peak=0.1047012765466431) 
imw-liftfeat-nn-kt0p2: Processing pair 12 from disk...
imw-liftfeat-nn-kt0p2: 0 match-sets in 0.00s
[Coarse] imw-liftfeat-nn-kt0p2 pair 13: dE=-17955.0 m dN=-315.0 m (from-pair-8 (phasecorr disagreed), support=None, peak=0.09384612739086151) 
imw-liftfeat-nn-kt0p2: Processing pair 13 from disk...
imw-liftfeat-nn-kt0p2: 0 match-sets in 0.00s
[Coarse] imw-liftfeat-nn-kt0p2 pair 14: dE=-17955.0 m dN=-315.0 m (matcher@315m, support=210, peak=None) 
imw-liftfeat-nn-kt0p2: Processing pair 14 from disk...
imw-liftfeat-nn-kt0p2: 1 match-sets in 0.49s
[Coarse] imw-liftfeat-nn-kt0p2 pair 15: dE=-17955.0 m dN=-315.0 m (matcher@315m, support=429, peak=None) 
imw-liftfeat-nn-kt0p2: Processing pair 15 from disk...
imw-liftfeat-nn-kt0p2: 1 match-sets in 0.32s
[Coarse] imw-liftfeat-nn-kt0p2 pair 16: dE=-17955.0 m dN=-315.0 m (matcher@315m, support=187, peak=None) 
imw-liftfeat-nn-kt0p2: Processing pair 16 from disk...
imw-liftfeat-nn-kt0p2: 1 match-sets in 0.23s
[Coarse] imw-liftfeat-nn-kt0p2 pair 17: dE=-17955.0 m dN=-315.0 m (matcher@315m, support=287, peak=None) 
imw-liftfeat-nn-kt0p2: Processing pair 17 from disk...
imw-liftfeat-nn-kt0p2: 1 match-sets in 0.25s
[Coarse] imw-liftfeat-nn-kt0p2 pair 18: dE=-17955.0 m dN=-315.0 m (from-pair-25 (phasecorr disagreed), support=None, peak=0.06863816733713503) 
imw-liftfeat-nn-kt0p2: Processing pair 18 from disk...
imw-liftfeat-nn-kt0p2: 0 match-sets in 0.00s
[Coarse] imw-liftfeat-nn-kt0p2 pair 19: dE=-17955.0 m dN=-315.0 m (from-pair-25 (phasecorr disagreed), support=None, peak=0.15104582491848204) 
imw-liftfeat-nn-kt0p2: Processing pair 19 from disk...
imw-liftfeat-nn-kt0p2: 0 match-sets in 0.00s
[Coarse] imw-liftfeat-nn-kt0p2 pair 20: dE=-17955.0 m dN=-315.0 m (from-pair-19, support=None, peak=None) 
imw-liftfeat-nn-kt0p2: Processing pair 20 from disk...
imw-liftfeat-nn-kt0p2: 0 match-sets in 0.00s
[Coarse] imw-liftfeat-nn-kt0p2 pair 21: dE=-17955.0 m dN=-315.0 m (from-pair-25 (phasecorr disagreed), support=None, peak=0.036990950946454645) 
imw-liftfeat-nn-kt0p2: Processing pair 21 from disk...
imw-liftfeat-nn-kt0p2: 0 match-sets in 0.00s
[Coarse] imw-liftfeat-nn-kt0p2 pair 22: dE=-17640.0 m dN=-315.0 m (matcher@315m, support=50, peak=None) 
imw-liftfeat-nn-kt0p2: Processing pair 22 from disk...
imw-liftfeat-nn-kt0p2: 1 match-sets in 0.41s
[Coarse] imw-liftfeat-nn-kt0p2 pair 23: dE=-17955.0 m dN=-315.0 m (matcher@315m, support=31, peak=None) 
imw-liftfeat-nn-kt0p2: Processing pair 23 from disk...
imw-liftfeat-nn-kt0p2: 1 match-sets in 0.25s
[Coarse] imw-liftfeat-nn-kt0p2 pair 24: dE=-17955.0 m dN=-315.0 m (matcher@315m, support=69, peak=None) 
imw-liftfeat-nn-kt0p2: Processing pair 24 from disk...
imw-liftfeat-nn-kt0p2: 1 match-sets in 0.27s
[Coarse] imw-liftfeat-nn-kt0p2 pair 25: dE=-17955.0 m dN=-315.0 m (matcher@315m, support=66, peak=None) 
imw-liftfeat-nn-kt0p2: Processing pair 25 from disk...
imw-liftfeat-nn-kt0p2: 1 match-sets in 0.25s
[Coarse] imw-liftfeat-nn-kt0p2 pair 26: dE=-17955.0 m dN=-315.0 m (from-pair-27, support=None, peak=None) 
imw-liftfeat-nn-kt0p2: Processing pair 26 from disk...
imw-liftfeat-nn-kt0p2: 1 match-sets in 0.33s
[Coarse] imw-liftfeat-nn-kt0p2 pair 27: dE=-17955.0 m dN=-315.0 m (from-pair-23 (phasecorr disagreed), support=None, peak=0.05064041456057702) 
imw-liftfeat-nn-kt0p2: Processing pair 27 from disk...
imw-liftfeat-nn-kt0p2: 1 match-sets in 0.17s
Saved:
 CHIP_STATS_ALL.csv
 CHIP_STATS_SURVIVORS.csv
 CONSENSUS_SCORES.csv
 BEST_CHIP_SET.csv
 BEST_CHIP_MANIFEST.csv
 BEST_FINAL_SUMMARY.csv
[band1] imw-liftfeat-nn-kt0p2 ok in 0.2 min, peak GPU memory 3.2 of 39.4 GB
[imw-liftfeat-nn] Model unloaded.
--------------------------------------------------------------------------------
[band1] Running imw-ripe-nn-kt0p2
[imw-ripe-nn] Loading model...
INFO:ripe.models.ripe:Training with window size 8.
INFO:ripe.models.ripe:Use None as final non-linearity before the detection heatmap.
INFO:ripe.models.ripe:Training dim reduction descriptor with 960 -> 256 1x1 conv
[Coarse] pair 20: no reliable coarse offset (matcher: no matches; phasecorr: {'dx': -28903.23193639674, 'dy': -12953.216285335406, 'support': None, 'n': None, 'peak': 0.008737401829825507}); windows compared in place
[Coarse] pair 26: no reliable coarse offset (matcher: no matches; phasecorr: {'dx': -96306.08142606622, 'dy': -17142.367293993742, 'support': None, 'n': None, 'peak': 0.02253384519977334}); windows compared in place
[Coarse] pair 10: phase correlation gave dE=43169 m dN=-4147 m, 61.2 km from every offset the matcher measured; using pair 11's (dE=-17955 m dN=-315 m)
[Coarse] pair 12: phase correlation gave dE=-1877 m dN=10017 m, 19.1 km from every offset the matcher measured; using pair 8's (dE=-17955 m dN=-315 m)
[Coarse] pair 13: phase correlation gave dE=7584 m dN=8567 m, 27.0 km from every offset the matcher measured; using pair 8's (dE=-17955 m dN=-315 m)
[Coarse] pair 18: phase correlation gave dE=744 m dN=-16615 m, 24.6 km from every offset the matcher measured; using pair 25's (dE=-17955 m dN=-315 m)
[Coarse] pair 19: phase correlation gave dE=11920 m dN=-17918 m, 34.5 km from every offset the matcher measured; using pair 25's (dE=-17955 m dN=-315 m)
[Coarse] pair 21: phase correlation gave dE=-11414 m dN=-17047 m, 17.7 km from every offset the matcher measured; using pair 25's (dE=-17955 m dN=-315 m)
[Coarse] pair 27: phase correlation gave dE=-97898 m dN=-6012 m, 79.8 km from every offset the matcher measured; using pair 23's (dE=-17955 m dN=-315 m)
[Coarse] imw-ripe-nn-kt0p2 pair 1: dE=-17955.0 m dN=-630.0 m (matcher@315m, support=155, peak=None) 
imw-ripe-nn-kt0p2: Processing pair 1 from disk...
imw-ripe-nn-kt0p2: 1 match-sets in 1.57s
[Coarse] imw-ripe-nn-kt0p2 pair 2: dE=-17955.0 m dN=-630.0 m (matcher@315m, support=76, peak=None) 
imw-ripe-nn-kt0p2: Processing pair 2 from disk...
imw-ripe-nn-kt0p2: 1 match-sets in 0.09s
[Coarse] imw-ripe-nn-kt0p2 pair 3: dE=-17955.0 m dN=-315.0 m (matcher@315m, support=42, peak=None) 
imw-ripe-nn-kt0p2: Processing pair 3 from disk...
imw-ripe-nn-kt0p2: 1 match-sets in 0.09s
[Coarse] imw-ripe-nn-kt0p2 pair 4: dE=-17955.0 m dN=-630.0 m (matcher@315m, support=72, peak=None) 
imw-ripe-nn-kt0p2: Processing pair 4 from disk...
imw-ripe-nn-kt0p2: 1 match-sets in 1.91s
[Coarse] imw-ripe-nn-kt0p2 pair 5: dE=-18270.0 m dN=-630.0 m (matcher@315m, support=55, peak=None) 
imw-ripe-nn-kt0p2: Processing pair 5 from disk...
imw-ripe-nn-kt0p2: 1 match-sets in 0.11s
[Coarse] imw-ripe-nn-kt0p2 pair 6: dE=-17955.0 m dN=-630.0 m (matcher@315m, support=24, peak=None) 
imw-ripe-nn-kt0p2: Processing pair 6 from disk...
imw-ripe-nn-kt0p2: 1 match-sets in 0.10s
[Coarse] imw-ripe-nn-kt0p2 pair 7: dE=-17955.0 m dN=-630.0 m (matcher@315m, support=90, peak=None) 
imw-ripe-nn-kt0p2: Processing pair 7 from disk...
imw-ripe-nn-kt0p2: 1 match-sets in 3.72s
[Coarse] imw-ripe-nn-kt0p2 pair 8: dE=-17955.0 m dN=-315.0 m (matcher@315m, support=78, peak=None) 
imw-ripe-nn-kt0p2: Processing pair 8 from disk...
imw-ripe-nn-kt0p2: 1 match-sets in 3.48s
[Coarse] imw-ripe-nn-kt0p2 pair 9: dE=-17955.0 m dN=-630.0 m (matcher@315m, support=100, peak=None) 
imw-ripe-nn-kt0p2: Processing pair 9 from disk...
imw-ripe-nn-kt0p2: 1 match-sets in 0.27s
[Coarse] imw-ripe-nn-kt0p2 pair 10: dE=-17955.0 m dN=-315.0 m (from-pair-11 (phasecorr disagreed), support=None, peak=0.04791493653487985) 
imw-ripe-nn-kt0p2: Processing pair 10 from disk...
imw-ripe-nn-kt0p2: 1 match-sets in 3.31s
[Coarse] imw-ripe-nn-kt0p2 pair 11: dE=-17955.0 m dN=-315.0 m (matcher@315m, support=39, peak=None) 
imw-ripe-nn-kt0p2: Processing pair 11 from disk...
imw-ripe-nn-kt0p2: 1 match-sets in 0.23s
[Coarse] imw-ripe-nn-kt0p2 pair 12: dE=-17955.0 m dN=-315.0 m (from-pair-8 (phasecorr disagreed), support=None, peak=0.1047012765466431) 
imw-ripe-nn-kt0p2: Processing pair 12 from disk...
imw-ripe-nn-kt0p2: 0 match-sets in 0.00s
[Coarse] imw-ripe-nn-kt0p2 pair 13: dE=-17955.0 m dN=-315.0 m (from-pair-8 (phasecorr disagreed), support=None, peak=0.09384612739086151) 
imw-ripe-nn-kt0p2: Processing pair 13 from disk...
imw-ripe-nn-kt0p2: 0 match-sets in 0.00s
[Coarse] imw-ripe-nn-kt0p2 pair 14: dE=-17955.0 m dN=-315.0 m (matcher@315m, support=223, peak=None) 
imw-ripe-nn-kt0p2: Processing pair 14 from disk...
imw-ripe-nn-kt0p2: 1 match-sets in 3.46s
[Coarse] imw-ripe-nn-kt0p2 pair 15: dE=-17955.0 m dN=-315.0 m (matcher@315m, support=320, peak=None) 
imw-ripe-nn-kt0p2: Processing pair 15 from disk...
imw-ripe-nn-kt0p2: 1 match-sets in 0.35s
[Coarse] imw-ripe-nn-kt0p2 pair 16: dE=-17955.0 m dN=-315.0 m (matcher@315m, support=375, peak=None) 
imw-ripe-nn-kt0p2: Processing pair 16 from disk...
imw-ripe-nn-kt0p2: 1 match-sets in 0.24s
[Coarse] imw-ripe-nn-kt0p2 pair 17: dE=-17955.0 m dN=-315.0 m (matcher@315m, support=449, peak=None) 
imw-ripe-nn-kt0p2: Processing pair 17 from disk...
imw-ripe-nn-kt0p2: 1 match-sets in 0.23s
[Coarse] imw-ripe-nn-kt0p2 pair 18: dE=-17955.0 m dN=-315.0 m (from-pair-25 (phasecorr disagreed), support=None, peak=0.06863816733713503) 
imw-ripe-nn-kt0p2: Processing pair 18 from disk...
imw-ripe-nn-kt0p2: 0 match-sets in 0.00s
[Coarse] imw-ripe-nn-kt0p2 pair 19: dE=-17955.0 m dN=-315.0 m (from-pair-25 (phasecorr disagreed), support=None, peak=0.15104582491848204) 
imw-ripe-nn-kt0p2: Processing pair 19 from disk...
imw-ripe-nn-kt0p2: 0 match-sets in 0.00s
[Coarse] imw-ripe-nn-kt0p2 pair 20: dE=-17955.0 m dN=-315.0 m (from-pair-19, support=None, peak=None) 
imw-ripe-nn-kt0p2: Processing pair 20 from disk...
imw-ripe-nn-kt0p2: 0 match-sets in 0.00s
[Coarse] imw-ripe-nn-kt0p2 pair 21: dE=-17955.0 m dN=-315.0 m (from-pair-25 (phasecorr disagreed), support=None, peak=0.036990950946454645) 
imw-ripe-nn-kt0p2: Processing pair 21 from disk...
imw-ripe-nn-kt0p2: 0 match-sets in 0.00s
[Coarse] imw-ripe-nn-kt0p2 pair 22: dE=-17955.0 m dN=-315.0 m (matcher@315m, support=211, peak=None) 
imw-ripe-nn-kt0p2: Processing pair 22 from disk...
imw-ripe-nn-kt0p2: 1 match-sets in 3.34s
[Coarse] imw-ripe-nn-kt0p2 pair 23: dE=-17955.0 m dN=-315.0 m (matcher@315m, support=208, peak=None) 
imw-ripe-nn-kt0p2: Processing pair 23 from disk...
imw-ripe-nn-kt0p2: 1 match-sets in 0.26s
[Coarse] imw-ripe-nn-kt0p2 pair 24: dE=-17955.0 m dN=-315.0 m (matcher@315m, support=137, peak=None) 
imw-ripe-nn-kt0p2: Processing pair 24 from disk...
imw-ripe-nn-kt0p2: 1 match-sets in 0.26s
[Coarse] imw-ripe-nn-kt0p2 pair 25: dE=-17955.0 m dN=-315.0 m (matcher@315m, support=220, peak=None) 
imw-ripe-nn-kt0p2: Processing pair 25 from disk...
imw-ripe-nn-kt0p2: 1 match-sets in 0.26s
[Coarse] imw-ripe-nn-kt0p2 pair 26: dE=-17955.0 m dN=-315.0 m (from-pair-27, support=None, peak=None) 
imw-ripe-nn-kt0p2: Processing pair 26 from disk...
imw-ripe-nn-kt0p2: 1 match-sets in 1.59s
[Coarse] imw-ripe-nn-kt0p2 pair 27: dE=-17955.0 m dN=-315.0 m (from-pair-23 (phasecorr disagreed), support=None, peak=0.05064041456057702) 
imw-ripe-nn-kt0p2: Processing pair 27 from disk...
imw-ripe-nn-kt0p2: 1 match-sets in 0.18s
Saved:
 CHIP_STATS_ALL.csv
 CHIP_STATS_SURVIVORS.csv
 CONSENSUS_SCORES.csv
 BEST_CHIP_SET.csv
 BEST_CHIP_MANIFEST.csv
 BEST_FINAL_SUMMARY.csv
[band1] imw-ripe-nn-kt0p2 ok in 1.3 min, peak GPU memory 32.9 of 39.4 GB
[imw-ripe-nn] Model unloaded.
--------------------------------------------------------------------------------
[band1] Running imw-darkfeat-nn-kt0p2
[imw-darkfeat-nn] Loading model...
Loaded DarkFeat model
[Coarse] pair 20: no reliable coarse offset (matcher: no matches; phasecorr: {'dx': -28903.23193639674, 'dy': -12953.216285335406, 'support': None, 'n': None, 'peak': 0.008737401829825507}); windows compared in place
[Coarse] pair 26: no reliable coarse offset (matcher: no matches; phasecorr: {'dx': -96306.08142606622, 'dy': -17142.367293993742, 'support': None, 'n': None, 'peak': 0.02253384519977334}); windows compared in place
[Coarse] pair 12: phase correlation gave dE=-1877 m dN=10017 m, 18.8 km from every offset the matcher measured; using pair 8's (dE=-17640 m dN=-945 m)
[Coarse] pair 13: phase correlation gave dE=7584 m dN=8567 m, 26.7 km from every offset the matcher measured; using pair 8's (dE=-17640 m dN=-945 m)
[Coarse] pair 18: phase correlation gave dE=744 m dN=-16615 m, 24.2 km from every offset the matcher measured; using pair 25's (dE=-17640 m dN=-315 m)
[Coarse] pair 19: phase correlation gave dE=11920 m dN=-17918 m, 34.1 km from every offset the matcher measured; using pair 25's (dE=-17640 m dN=-315 m)
[Coarse] pair 21: phase correlation gave dE=-11414 m dN=-17047 m, 17.3 km from every offset the matcher measured; using pair 25's (dE=-17640 m dN=-315 m)
[Coarse] pair 27: phase correlation gave dE=-97898 m dN=-6012 m, 80.1 km from every offset the matcher measured; using pair 23's (dE=-17640 m dN=-315 m)
[Coarse] imw-darkfeat-nn-kt0p2 pair 1: dE=-17955.0 m dN=-630.0 m (matcher@315m, support=106, peak=None) 
imw-darkfeat-nn-kt0p2: Processing pair 1 from disk...
imw-darkfeat-nn-kt0p2: 1 match-sets in 0.10s
[Coarse] imw-darkfeat-nn-kt0p2 pair 2: dE=-17955.0 m dN=-630.0 m (matcher@315m, support=54, peak=None) 
imw-darkfeat-nn-kt0p2: Processing pair 2 from disk...
imw-darkfeat-nn-kt0p2: 1 match-sets in 0.09s
[Coarse] imw-darkfeat-nn-kt0p2 pair 3: dE=-17955.0 m dN=-630.0 m (matcher@315m, support=32, peak=None) 
imw-darkfeat-nn-kt0p2: Processing pair 3 from disk...
imw-darkfeat-nn-kt0p2: 1 match-sets in 0.10s
[Coarse] imw-darkfeat-nn-kt0p2 pair 4: dE=-17955.0 m dN=-315.0 m (matcher@315m, support=61, peak=None) 
imw-darkfeat-nn-kt0p2: Processing pair 4 from disk...
imw-darkfeat-nn-kt0p2: 1 match-sets in 0.14s
[Coarse] imw-darkfeat-nn-kt0p2 pair 5: dE=-17955.0 m dN=-315.0 m (matcher@315m, support=32, peak=None) 
imw-darkfeat-nn-kt0p2: Processing pair 5 from disk...
imw-darkfeat-nn-kt0p2: 1 match-sets in 0.11s
[Coarse] imw-darkfeat-nn-kt0p2 pair 6: dE=-17640.0 m dN=-945.0 m (matcher@315m, support=9, peak=None) 
imw-darkfeat-nn-kt0p2: Processing pair 6 from disk...
imw-darkfeat-nn-kt0p2: 1 match-sets in 0.12s
[Coarse] imw-darkfeat-nn-kt0p2 pair 7: dE=-17955.0 m dN=-315.0 m (matcher@315m, support=183, peak=None) 
imw-darkfeat-nn-kt0p2: Processing pair 7 from disk...
imw-darkfeat-nn-kt0p2: 1 match-sets in 0.36s
[Coarse] imw-darkfeat-nn-kt0p2 pair 8: dE=-17640.0 m dN=-945.0 m (matcher@315m, support=9, peak=None) 
imw-darkfeat-nn-kt0p2: Processing pair 8 from disk...
imw-darkfeat-nn-kt0p2: 1 match-sets in 0.39s
[Coarse] imw-darkfeat-nn-kt0p2 pair 9: dE=-17955.0 m dN=-315.0 m (matcher@315m, support=158, peak=None) 
imw-darkfeat-nn-kt0p2: Processing pair 9 from disk...
imw-darkfeat-nn-kt0p2: 1 match-sets in 0.32s
[Coarse] imw-darkfeat-nn-kt0p2 pair 10: dE=-17640.0 m dN=-315.0 m (matcher@315m, support=17, peak=None) 
imw-darkfeat-nn-kt0p2: Processing pair 10 from disk...
imw-darkfeat-nn-kt0p2: 1 match-sets in 0.32s
[Coarse] imw-darkfeat-nn-kt0p2 pair 11: dE=-17955.0 m dN=-315.0 m (matcher@315m, support=78, peak=None) 
imw-darkfeat-nn-kt0p2: Processing pair 11 from disk...
imw-darkfeat-nn-kt0p2: 1 match-sets in 0.28s
[Coarse] imw-darkfeat-nn-kt0p2 pair 12: dE=-17640.0 m dN=-945.0 m (from-pair-8 (phasecorr disagreed), support=None, peak=0.1047012765466431) 
imw-darkfeat-nn-kt0p2: Processing pair 12 from disk...
imw-darkfeat-nn-kt0p2: 0 match-sets in 0.00s
[Coarse] imw-darkfeat-nn-kt0p2 pair 13: dE=-17640.0 m dN=-945.0 m (from-pair-8 (phasecorr disagreed), support=None, peak=0.09384612739086151) 
imw-darkfeat-nn-kt0p2: Processing pair 13 from disk...
imw-darkfeat-nn-kt0p2: 0 match-sets in 0.00s
[Coarse] imw-darkfeat-nn-kt0p2 pair 14: dE=-17955.0 m dN=0.0 m (matcher@315m, support=385, peak=None) 
imw-darkfeat-nn-kt0p2: Processing pair 14 from disk...
imw-darkfeat-nn-kt0p2: 1 match-sets in 0.42s
[Coarse] imw-darkfeat-nn-kt0p2 pair 15: dE=-17955.0 m dN=0.0 m (matcher@315m, support=423, peak=None) 
imw-darkfeat-nn-kt0p2: Processing pair 15 from disk...
imw-darkfeat-nn-kt0p2: 1 match-sets in 0.38s
[Coarse] imw-darkfeat-nn-kt0p2 pair 16: dE=-17955.0 m dN=-315.0 m (matcher@315m, support=646, peak=None) 
imw-darkfeat-nn-kt0p2: Processing pair 16 from disk...
imw-darkfeat-nn-kt0p2: 1 match-sets in 0.28s
[Coarse] imw-darkfeat-nn-kt0p2 pair 17: dE=-17955.0 m dN=-315.0 m (matcher@315m, support=887, peak=None) 
imw-darkfeat-nn-kt0p2: Processing pair 17 from disk...
imw-darkfeat-nn-kt0p2: 1 match-sets in 0.32s
[Coarse] imw-darkfeat-nn-kt0p2 pair 18: dE=-17640.0 m dN=-315.0 m (from-pair-25 (phasecorr disagreed), support=None, peak=0.06863816733713503) 
imw-darkfeat-nn-kt0p2: Processing pair 18 from disk...
imw-darkfeat-nn-kt0p2: 0 match-sets in 0.00s
[Coarse] imw-darkfeat-nn-kt0p2 pair 19: dE=-17640.0 m dN=-315.0 m (from-pair-25 (phasecorr disagreed), support=None, peak=0.15104582491848204) 
imw-darkfeat-nn-kt0p2: Processing pair 19 from disk...
imw-darkfeat-nn-kt0p2: 0 match-sets in 0.00s
[Coarse] imw-darkfeat-nn-kt0p2 pair 20: dE=-17640.0 m dN=-315.0 m (from-pair-19, support=None, peak=None) 
imw-darkfeat-nn-kt0p2: Processing pair 20 from disk...
imw-darkfeat-nn-kt0p2: 0 match-sets in 0.00s
[Coarse] imw-darkfeat-nn-kt0p2 pair 21: dE=-17640.0 m dN=-315.0 m (from-pair-25 (phasecorr disagreed), support=None, peak=0.036990950946454645) 
imw-darkfeat-nn-kt0p2: Processing pair 21 from disk...
imw-darkfeat-nn-kt0p2: 0 match-sets in 0.00s
[Coarse] imw-darkfeat-nn-kt0p2 pair 22: dE=-17640.0 m dN=-315.0 m (matcher@315m, support=484, peak=None) 
imw-darkfeat-nn-kt0p2: Processing pair 22 from disk...
imw-darkfeat-nn-kt0p2: 1 match-sets in 0.33s
[Coarse] imw-darkfeat-nn-kt0p2 pair 23: dE=-17640.0 m dN=-315.0 m (matcher@315m, support=443, peak=None) 
imw-darkfeat-nn-kt0p2: Processing pair 23 from disk...
imw-darkfeat-nn-kt0p2: 1 match-sets in 0.30s
[Coarse] imw-darkfeat-nn-kt0p2 pair 24: dE=-17955.0 m dN=-315.0 m (matcher@315m, support=356, peak=None) 
imw-darkfeat-nn-kt0p2: Processing pair 24 from disk...
imw-darkfeat-nn-kt0p2: 1 match-sets in 0.32s
[Coarse] imw-darkfeat-nn-kt0p2 pair 25: dE=-17640.0 m dN=-315.0 m (matcher@315m, support=496, peak=None) 
imw-darkfeat-nn-kt0p2: Processing pair 25 from disk...
imw-darkfeat-nn-kt0p2: 1 match-sets in 0.30s
[Coarse] imw-darkfeat-nn-kt0p2 pair 26: dE=-17640.0 m dN=-315.0 m (from-pair-27, support=None, peak=None) 
imw-darkfeat-nn-kt0p2: Processing pair 26 from disk...
imw-darkfeat-nn-kt0p2: 1 match-sets in 0.23s
[Coarse] imw-darkfeat-nn-kt0p2 pair 27: dE=-17640.0 m dN=-315.0 m (from-pair-23 (phasecorr disagreed), support=None, peak=0.05064041456057702) 
imw-darkfeat-nn-kt0p2: Processing pair 27 from disk...
imw-darkfeat-nn-kt0p2: 1 match-sets in 0.21s
Saved:
 CHIP_STATS_ALL.csv
 CHIP_STATS_SURVIVORS.csv
 CONSENSUS_SCORES.csv
 BEST_CHIP_SET.csv
 BEST_CHIP_MANIFEST.csv
 BEST_FINAL_SUMMARY.csv
[band1] imw-darkfeat-nn-kt0p2 ok in 0.2 min, peak GPU memory 3.2 of 39.4 GB
[imw-darkfeat-nn] Model unloaded.
--------------------------------------------------------------------------------
[band1] Running imw-lanet-nn-kt0p2
[imw-lanet-nn] Loading model...
[Coarse] pair 3: no reliable coarse offset (matcher: {'dx': -17949.537391662598, 'dy': -778.3868408203125, 'support': 5, 'n': 8, 'peak': None}; phasecorr: {'dx': -16147.443677524008, 'dy': -26751.975000537102, 'support': None, 'n': None, 'peak': 0.00032880983234923565}); windows compared in place
[Coarse] pair 4: no reliable coarse offset (matcher: no matches; phasecorr: {'dx': 12882.472481301173, 'dy': 92621.70938170607, 'support': None, 'n': None, 'peak': -0.00012715039429841217}); windows compared in place
[Coarse] pair 5: no reliable coarse offset (matcher: no matches; phasecorr: {'dx': 3156.3479216096807, 'dy': 18300.67805989782, 'support': None, 'n': None, 'peak': 0.020832994549224774}); windows compared in place
[Coarse] pair 6: no reliable coarse offset (matcher: no matches; phasecorr: {'dx': -15852.800158210905, 'dy': 18737.59796077822, 'support': None, 'n': None, 'peak': -0.0027571213742097218}); windows compared in place
[Coarse] pair 11: no reliable coarse offset (matcher: no matches; phasecorr: {'dx': -18107.733154651494, 'dy': -332.5590928480355, 'support': None, 'n': None, 'peak': 0.020898853179031604}); windows compared in place
[Coarse] pair 20: no reliable coarse offset (matcher: no matches; phasecorr: {'dx': -28903.23193639674, 'dy': -12953.216285335406, 'support': None, 'n': None, 'peak': 0.008737401829825507}); windows compared in place
[Coarse] pair 26: no reliable coarse offset (matcher: no matches; phasecorr: {'dx': -96306.08142606622, 'dy': -17142.367293993742, 'support': None, 'n': None, 'peak': 0.02253384519977334}); windows compared in place
[Coarse] pair 2: phase correlation gave dE=-8934 m dN=5487 m, 10.5 km from every offset the matcher measured; using pair 1's (dE=-18071 m dN=-520 m)
[Coarse] pair 10: phase correlation gave dE=43169 m dN=-4147 m, 61.1 km from every offset the matcher measured; using pair 8's (dE=-17850 m dN=-420 m)
[Coarse] pair 12: phase correlation gave dE=-1877 m dN=10017 m, 18.9 km from every offset the matcher measured; using pair 8's (dE=-17850 m dN=-420 m)
[Coarse] pair 13: phase correlation gave dE=7584 m dN=8567 m, 26.9 km from every offset the matcher measured; using pair 8's (dE=-17850 m dN=-420 m)
[Coarse] pair 18: phase correlation gave dE=744 m dN=-16615 m, 24.6 km from every offset the matcher measured; using pair 25's (dE=-17807 m dN=-317 m)
[Coarse] pair 19: phase correlation gave dE=11920 m dN=-17918 m, 34.5 km from every offset the matcher measured; using pair 25's (dE=-17807 m dN=-317 m)
[Coarse] pair 21: phase correlation gave dE=-11414 m dN=-17047 m, 17.7 km from every offset the matcher measured; using pair 25's (dE=-17807 m dN=-317 m)
[Coarse] pair 27: phase correlation gave dE=-97898 m dN=-6012 m, 80.0 km from every offset the matcher measured; using pair 23's (dE=-17810 m dN=-241 m)
[Coarse] imw-lanet-nn-kt0p2 pair 1: dE=-18070.8 m dN=-520.3 m (matcher@315m, support=21, peak=None) 
imw-lanet-nn-kt0p2: Processing pair 1 from disk...
imw-lanet-nn-kt0p2: 1 match-sets in 0.09s
[Coarse] imw-lanet-nn-kt0p2 pair 2: dE=-18070.8 m dN=-520.3 m (from-pair-1 (phasecorr disagreed), support=None, peak=0.03413578109976686) 
imw-lanet-nn-kt0p2: Processing pair 2 from disk...
imw-lanet-nn-kt0p2: 1 match-sets in 0.07s
[Coarse] imw-lanet-nn-kt0p2 pair 3: dE=-18070.8 m dN=-520.3 m (from-pair-1, support=None, peak=None) 
imw-lanet-nn-kt0p2: Processing pair 3 from disk...
imw-lanet-nn-kt0p2: 1 match-sets in 0.07s
[Coarse] imw-lanet-nn-kt0p2 pair 4: dE=-18070.8 m dN=-520.3 m (from-pair-2, support=None, peak=None) 
imw-lanet-nn-kt0p2: Processing pair 4 from disk...
imw-lanet-nn-kt0p2: 1 match-sets in 0.11s
[Coarse] imw-lanet-nn-kt0p2 pair 5: dE=-18070.8 m dN=-520.3 m (from-pair-2, support=None, peak=None) 
imw-lanet-nn-kt0p2: Processing pair 5 from disk...
imw-lanet-nn-kt0p2: 1 match-sets in 0.08s
[Coarse] imw-lanet-nn-kt0p2 pair 6: dE=-18070.8 m dN=-520.3 m (from-pair-2, support=None, peak=None) 
imw-lanet-nn-kt0p2: Processing pair 6 from disk...
imw-lanet-nn-kt0p2: 1 match-sets in 0.08s
[Coarse] imw-lanet-nn-kt0p2 pair 7: dE=-17912.6 m dN=-557.6 m (matcher@315m, support=67, peak=None) 
imw-lanet-nn-kt0p2: Processing pair 7 from disk...
imw-lanet-nn-kt0p2: 1 match-sets in 0.23s
[Coarse] imw-lanet-nn-kt0p2 pair 8: dE=-17849.5 m dN=-419.8 m (matcher@315m, support=22, peak=None) 
imw-lanet-nn-kt0p2: Processing pair 8 from disk...
imw-lanet-nn-kt0p2: 1 match-sets in 0.24s
[Coarse] imw-lanet-nn-kt0p2 pair 9: dE=-17938.1 m dN=-543.6 m (matcher@315m, support=66, peak=None) 
imw-lanet-nn-kt0p2: Processing pair 9 from disk...
imw-lanet-nn-kt0p2: 1 match-sets in 0.21s
[Coarse] imw-lanet-nn-kt0p2 pair 10: dE=-17849.5 m dN=-419.8 m (from-pair-8 (phasecorr disagreed), support=None, peak=0.04791493653487985) 
imw-lanet-nn-kt0p2: Processing pair 10 from disk...
imw-lanet-nn-kt0p2: 1 match-sets in 0.20s
[Coarse] imw-lanet-nn-kt0p2 pair 11: dE=-17849.5 m dN=-419.8 m (from-pair-10, support=None, peak=None) 
imw-lanet-nn-kt0p2: Processing pair 11 from disk...
imw-lanet-nn-kt0p2: 1 match-sets in 0.18s
[Coarse] imw-lanet-nn-kt0p2 pair 12: dE=-17849.5 m dN=-419.8 m (from-pair-8 (phasecorr disagreed), support=None, peak=0.1047012765466431) 
imw-lanet-nn-kt0p2: Processing pair 12 from disk...
imw-lanet-nn-kt0p2: 0 match-sets in 0.00s
[Coarse] imw-lanet-nn-kt0p2 pair 13: dE=-17849.5 m dN=-419.8 m (from-pair-8 (phasecorr disagreed), support=None, peak=0.09384612739086151) 
imw-lanet-nn-kt0p2: Processing pair 13 from disk...
imw-lanet-nn-kt0p2: 0 match-sets in 0.00s
[Coarse] imw-lanet-nn-kt0p2 pair 14: dE=-17880.8 m dN=-197.2 m (matcher@315m, support=305, peak=None) 
imw-lanet-nn-kt0p2: Processing pair 14 from disk...
imw-lanet-nn-kt0p2: 1 match-sets in 0.30s
[Coarse] imw-lanet-nn-kt0p2 pair 15: dE=-17933.4 m dN=-235.5 m (matcher@315m, support=367, peak=None) 
imw-lanet-nn-kt0p2: Processing pair 15 from disk...
imw-lanet-nn-kt0p2: 1 match-sets in 0.27s
[Coarse] imw-lanet-nn-kt0p2 pair 16: dE=-17968.9 m dN=-166.0 m (matcher@315m, support=225, peak=None) 
imw-lanet-nn-kt0p2: Processing pair 16 from disk...
imw-lanet-nn-kt0p2: 1 match-sets in 0.21s
[Coarse] imw-lanet-nn-kt0p2 pair 17: dE=-17971.6 m dN=-196.5 m (matcher@315m, support=282, peak=None) 
imw-lanet-nn-kt0p2: Processing pair 17 from disk...
imw-lanet-nn-kt0p2: 1 match-sets in 0.19s
[Coarse] imw-lanet-nn-kt0p2 pair 18: dE=-17806.9 m dN=-316.6 m (from-pair-25 (phasecorr disagreed), support=None, peak=0.06863816733713503) 
imw-lanet-nn-kt0p2: Processing pair 18 from disk...
imw-lanet-nn-kt0p2: 0 match-sets in 0.00s
[Coarse] imw-lanet-nn-kt0p2 pair 19: dE=-17806.9 m dN=-316.6 m (from-pair-25 (phasecorr disagreed), support=None, peak=0.15104582491848204) 
imw-lanet-nn-kt0p2: Processing pair 19 from disk...
imw-lanet-nn-kt0p2: 0 match-sets in 0.00s
[Coarse] imw-lanet-nn-kt0p2 pair 20: dE=-17806.9 m dN=-316.6 m (from-pair-19, support=None, peak=None) 
imw-lanet-nn-kt0p2: Processing pair 20 from disk...
imw-lanet-nn-kt0p2: 0 match-sets in 0.00s
[Coarse] imw-lanet-nn-kt0p2 pair 21: dE=-17806.9 m dN=-316.6 m (from-pair-25 (phasecorr disagreed), support=None, peak=0.036990950946454645) 
imw-lanet-nn-kt0p2: Processing pair 21 from disk...
imw-lanet-nn-kt0p2: 0 match-sets in 0.00s
[Coarse] imw-lanet-nn-kt0p2 pair 22: dE=-17818.9 m dN=-227.0 m (matcher@315m, support=100, peak=None) 
imw-lanet-nn-kt0p2: Processing pair 22 from disk...
imw-lanet-nn-kt0p2: 1 match-sets in 0.21s
[Coarse] imw-lanet-nn-kt0p2 pair 23: dE=-17810.3 m dN=-240.9 m (matcher@315m, support=101, peak=None) 
imw-lanet-nn-kt0p2: Processing pair 23 from disk...
imw-lanet-nn-kt0p2: 1 match-sets in 0.19s
[Coarse] imw-lanet-nn-kt0p2 pair 24: dE=-17831.7 m dN=-165.2 m (matcher@315m, support=64, peak=None) 
imw-lanet-nn-kt0p2: Processing pair 24 from disk...
imw-lanet-nn-kt0p2: 1 match-sets in 0.20s
[Coarse] imw-lanet-nn-kt0p2 pair 25: dE=-17806.9 m dN=-316.6 m (matcher@315m, support=116, peak=None) 
imw-lanet-nn-kt0p2: Processing pair 25 from disk...
imw-lanet-nn-kt0p2: 1 match-sets in 0.20s
[Coarse] imw-lanet-nn-kt0p2 pair 26: dE=-17810.3 m dN=-240.9 m (from-pair-27, support=None, peak=None) 
imw-lanet-nn-kt0p2: Processing pair 26 from disk...
imw-lanet-nn-kt0p2: 1 match-sets in 0.16s
[Coarse] imw-lanet-nn-kt0p2 pair 27: dE=-17810.3 m dN=-240.9 m (from-pair-23 (phasecorr disagreed), support=None, peak=0.05064041456057702) 
imw-lanet-nn-kt0p2: Processing pair 27 from disk...
imw-lanet-nn-kt0p2: 1 match-sets in 0.14s
Saved:
 CHIP_STATS_ALL.csv
 CHIP_STATS_SURVIVORS.csv
 CONSENSUS_SCORES.csv
 BEST_CHIP_SET.csv
 BEST_CHIP_MANIFEST.csv
 BEST_FINAL_SUMMARY.csv
[band1] imw-lanet-nn-kt0p2 ok in 0.1 min, peak GPU memory 1.1 of 39.4 GB
[imw-lanet-nn] Model unloaded.
--------------------------------------------------------------------------------
[band1] Running imw-minima-loftr
[imw-minima-loftr] Loading model...
[Coarse] pair 7: no reliable coarse offset (matcher: {'dx': -19970.080032348633, 'dy': -17181.20819091797, 'support': 4, 'n': 4, 'peak': None}; phasecorr: {'dx': -17660.72648465004, 'dy': -478.5174601560547, 'support': None, 'n': None, 'peak': 0.0218074359204816}); windows compared in place
[Coarse] pair 20: no reliable coarse offset (matcher: no matches; phasecorr: {'dx': -28903.23193639674, 'dy': -12953.216285335406, 'support': None, 'n': None, 'peak': 0.008737401829825507}); windows compared in place
[Coarse] pair 26: no reliable coarse offset (matcher: {'dx': 15699.703388214111, 'dy': 18293.610219955444, 'support': 2, 'n': 3, 'peak': None}; phasecorr: {'dx': -96306.08142606622, 'dy': -17142.367293993742, 'support': None, 'n': None, 'peak': 0.02253384519977334}); windows compared in place
[Coarse] pair 2: phase correlation gave dE=-8934 m dN=5487 m, 10.4 km from every offset the matcher measured; using pair 3's (dE=-17980 m dN=-1117 m)
[Coarse] pair 10: phase correlation gave dE=43169 m dN=-4147 m, 60.8 km from every offset the matcher measured; using pair 11's (dE=-18171 m dN=-76 m)
[Coarse] pair 12: phase correlation gave dE=-1877 m dN=10017 m, 18.8 km from every offset the matcher measured; using pair 8's (dE=-17903 m dN=-1150 m)
[Coarse] pair 13: phase correlation gave dE=7584 m dN=8567 m, 26.7 km from every offset the matcher measured; using pair 8's (dE=-17903 m dN=-1150 m)
[Coarse] pair 18: phase correlation gave dE=744 m dN=-16615 m, 24.2 km from every offset the matcher measured; using pair 25's (dE=-17542 m dN=-427 m)
[Coarse] pair 19: phase correlation gave dE=11920 m dN=-17918 m, 34.2 km from every offset the matcher measured; using pair 25's (dE=-17542 m dN=-427 m)
[Coarse] pair 21: phase correlation gave dE=-11414 m dN=-17047 m, 17.2 km from every offset the matcher measured; using pair 25's (dE=-17542 m dN=-427 m)
[Coarse] pair 27: phase correlation gave dE=-97898 m dN=-6012 m, 79.5 km from every offset the matcher measured; using pair 23's (dE=-17510 m dN=-410 m)
[Coarse] imw-minima-loftr pair 1: dE=-17889.1 m dN=-777.0 m (matcher@315m, support=123, peak=None) 
imw-minima-loftr: Processing pair 1 from disk...
imw-minima-loftr: 1 match-sets in 2.03s
[Coarse] imw-minima-loftr pair 2: dE=-17979.9 m dN=-1116.8 m (from-pair-3 (phasecorr disagreed), support=None, peak=0.03413578109976686) 
imw-minima-loftr: Processing pair 2 from disk...
imw-minima-loftr: 1 match-sets in 0.09s
[Coarse] imw-minima-loftr pair 3: dE=-17979.9 m dN=-1116.8 m (matcher@315m, support=31, peak=None) 
imw-minima-loftr: Processing pair 3 from disk...
imw-minima-loftr: 1 match-sets in 0.08s
[Coarse] imw-minima-loftr pair 4: dE=-18462.5 m dN=-258.5 m (matcher@315m, support=48, peak=None) 
imw-minima-loftr: Processing pair 4 from disk...
imw-minima-loftr: 1 match-sets in 1.62s
[Coarse] imw-minima-loftr pair 5: dE=-18546.9 m dN=-232.7 m (matcher@315m, support=58, peak=None) 
imw-minima-loftr: Processing pair 5 from disk...
imw-minima-loftr: 1 match-sets in 0.09s
[Coarse] imw-minima-loftr pair 6: dE=-18574.0 m dN=-206.3 m (matcher@315m, support=21, peak=None) 
imw-minima-loftr: Processing pair 6 from disk...
imw-minima-loftr: 1 match-sets in 0.09s
[Coarse] imw-minima-loftr pair 7: dE=-18008.8 m dN=-1161.8 m (from-pair-9, support=None, peak=None) 
imw-minima-loftr: Processing pair 7 from disk...
imw-minima-loftr: 1 match-sets in 4.10s
[Coarse] imw-minima-loftr pair 8: dE=-17903.1 m dN=-1150.5 m (matcher@315m, support=10, peak=None) 
imw-minima-loftr: Processing pair 8 from disk...
imw-minima-loftr: 1 match-sets in 4.68s
[Coarse] imw-minima-loftr pair 9: dE=-18008.8 m dN=-1161.8 m (matcher@315m, support=20, peak=None) 
imw-minima-loftr: Processing pair 9 from disk...
imw-minima-loftr: 1 match-sets in 0.24s
[Coarse] imw-minima-loftr pair 10: dE=-18171.5 m dN=-76.4 m (from-pair-11 (phasecorr disagreed), support=None, peak=0.04791493653487985) 
imw-minima-loftr: Processing pair 10 from disk...
imw-minima-loftr: 1 match-sets in 2.21s
[Coarse] imw-minima-loftr pair 11: dE=-18171.5 m dN=-76.4 m (matcher@315m, support=105, peak=None) 
imw-minima-loftr: Processing pair 11 from disk...
imw-minima-loftr: 1 match-sets in 0.20s
[Coarse] imw-minima-loftr pair 12: dE=-17903.1 m dN=-1150.5 m (from-pair-8 (phasecorr disagreed), support=None, peak=0.1047012765466431) 
imw-minima-loftr: Processing pair 12 from disk...
imw-minima-loftr: 0 match-sets in 0.00s
[Coarse] imw-minima-loftr pair 13: dE=-17903.1 m dN=-1150.5 m (from-pair-8 (phasecorr disagreed), support=None, peak=0.09384612739086151) 
imw-minima-loftr: Processing pair 13 from disk...
imw-minima-loftr: 0 match-sets in 0.00s
[Coarse] imw-minima-loftr pair 14: dE=-17723.4 m dN=-513.6 m (matcher@315m, support=561, peak=None) 
imw-minima-loftr: Processing pair 14 from disk...
imw-minima-loftr: 1 match-sets in 2.22s
[Coarse] imw-minima-loftr pair 15: dE=-17777.7 m dN=-517.2 m (matcher@315m, support=955, peak=None) 
imw-minima-loftr: Processing pair 15 from disk...
imw-minima-loftr: 1 match-sets in 0.31s
[Coarse] imw-minima-loftr pair 16: dE=-18002.0 m dN=-234.1 m (matcher@315m, support=408, peak=None) 
imw-minima-loftr: Processing pair 16 from disk...
imw-minima-loftr: 1 match-sets in 0.22s
[Coarse] imw-minima-loftr pair 17: dE=-18072.3 m dN=-224.9 m (matcher@315m, support=741, peak=None) 
imw-minima-loftr: Processing pair 17 from disk...
imw-minima-loftr: 1 match-sets in 0.22s
[Coarse] imw-minima-loftr pair 18: dE=-17542.1 m dN=-427.0 m (from-pair-25 (phasecorr disagreed), support=None, peak=0.06863816733713503) 
imw-minima-loftr: Processing pair 18 from disk...
imw-minima-loftr: 0 match-sets in 0.00s
[Coarse] imw-minima-loftr pair 19: dE=-17542.1 m dN=-427.0 m (from-pair-25 (phasecorr disagreed), support=None, peak=0.15104582491848204) 
imw-minima-loftr: Processing pair 19 from disk...
imw-minima-loftr: 0 match-sets in 0.00s
[Coarse] imw-minima-loftr pair 20: dE=-17542.1 m dN=-427.0 m (from-pair-19, support=None, peak=None) 
imw-minima-loftr: Processing pair 20 from disk...
imw-minima-loftr: 0 match-sets in 0.00s
[Coarse] imw-minima-loftr pair 21: dE=-17542.1 m dN=-427.0 m (from-pair-25 (phasecorr disagreed), support=None, peak=0.036990950946454645) 
imw-minima-loftr: Processing pair 21 from disk...
imw-minima-loftr: 0 match-sets in 0.00s
[Coarse] imw-minima-loftr pair 22: dE=-17505.9 m dN=-423.0 m (matcher@315m, support=521, peak=None) 
imw-minima-loftr: Processing pair 22 from disk...
imw-minima-loftr: 1 match-sets in 1.74s
[Coarse] imw-minima-loftr pair 23: dE=-17510.0 m dN=-409.8 m (matcher@315m, support=452, peak=None) 
imw-minima-loftr: Processing pair 23 from disk...
imw-minima-loftr: 1 match-sets in 0.22s
[Coarse] imw-minima-loftr pair 24: dE=-17533.9 m dN=-396.5 m (matcher@315m, support=503, peak=None) 
imw-minima-loftr: Processing pair 24 from disk...
imw-minima-loftr: 1 match-sets in 0.22s
[Coarse] imw-minima-loftr pair 25: dE=-17542.1 m dN=-427.0 m (matcher@315m, support=523, peak=None) 
imw-minima-loftr: Processing pair 25 from disk...
imw-minima-loftr: 1 match-sets in 0.22s
[Coarse] imw-minima-loftr pair 26: dE=-17510.0 m dN=-409.8 m (from-pair-27, support=None, peak=None) 
imw-minima-loftr: Processing pair 26 from disk...
imw-minima-loftr: 1 match-sets in 1.77s
[Coarse] imw-minima-loftr pair 27: dE=-17510.0 m dN=-409.8 m (from-pair-23 (phasecorr disagreed), support=None, peak=0.05064041456057702) 
imw-minima-loftr: Processing pair 27 from disk...
imw-minima-loftr: 0 match-sets in 0.14s
Saved:
 CHIP_STATS_ALL.csv
 CHIP_STATS_SURVIVORS.csv
 CONSENSUS_SCORES.csv
 BEST_CHIP_SET.csv
 BEST_CHIP_MANIFEST.csv
 BEST_FINAL_SUMMARY.csv
[band1] imw-minima-loftr ok in 1.1 min, peak GPU memory 33.0 of 39.4 GB
[imw-minima-loftr] Model unloaded.
--------------------------------------------------------------------------------
[band1] Running imw-minima-roma
[imw-minima-roma] Loading model...
[Coarse] pair 26: no reliable coarse offset (matcher: {'dx': 7169.242057800293, 'dy': 19659.305562973022, 'support': 4, 'n': 4, 'peak': None}; phasecorr: {'dx': -96306.08142606622, 'dy': -17142.367293993742, 'support': None, 'n': None, 'peak': 0.02253384519977334}); windows compared in place
[Coarse] pair 10: the matcher gave dE=2132 m dN=11240 m on 15 matches, apart from the 18 pairs that agree; using pair 11's (dE=-18004 m dN=-313 m)
[Coarse] pair 12: the matcher gave dE=4919 m dN=-20528 m on 79 matches, apart from the 18 pairs that agree; using pair 8's (dE=-17920 m dN=-584 m)
[Coarse] pair 13: the matcher gave dE=3045 m dN=-20710 m on 34 matches, apart from the 18 pairs that agree; using pair 8's (dE=-17920 m dN=-584 m)
[Coarse] pair 20: the matcher gave dE=9805 m dN=-20688 m on 43 matches, apart from the 18 pairs that agree; using pair 25's (dE=-17781 m dN=-328 m)
[Coarse] pair 23: the matcher gave dE=702 m dN=-18637 m on 40 matches, apart from the 18 pairs that agree; using pair 24's (dE=-17773 m dN=-275 m)
[Coarse] pair 18: phase correlation gave dE=744 m dN=-16615 m, 24.6 km from every offset the matcher measured; using pair 25's (dE=-17781 m dN=-328 m)
[Coarse] pair 19: phase correlation gave dE=11920 m dN=-17918 m, 34.5 km from every offset the matcher measured; using pair 25's (dE=-17781 m dN=-328 m)
[Coarse] pair 21: phase correlation gave dE=-11414 m dN=-17047 m, 17.6 km from every offset the matcher measured; using pair 25's (dE=-17781 m dN=-328 m)
[Coarse] pair 27: phase correlation gave dE=-97898 m dN=-6012 m, 79.9 km from every offset the matcher measured; using pair 24's (dE=-17773 m dN=-275 m)
[Coarse] imw-minima-roma pair 1: dE=-17979.3 m dN=-638.6 m (matcher@315m, support=2781, peak=None) 
imw-minima-roma: Processing pair 1 from disk...
imw-minima-roma: 1 match-sets in 0.58s
[Coarse] imw-minima-roma pair 2: dE=-17996.0 m dN=-638.5 m (matcher@315m, support=2252, peak=None) 
imw-minima-roma: Processing pair 2 from disk...
imw-minima-roma: 1 match-sets in 0.60s
[Coarse] imw-minima-roma pair 3: dE=-17957.2 m dN=-658.7 m (matcher@315m, support=2049, peak=None) 
imw-minima-roma: Processing pair 3 from disk...
imw-minima-roma: 1 match-sets in 0.61s
[Coarse] imw-minima-roma pair 4: dE=-18110.4 m dN=-439.7 m (matcher@315m, support=3217, peak=None) 
imw-minima-roma: Processing pair 4 from disk...
imw-minima-roma: 1 match-sets in 0.61s
[Coarse] imw-minima-roma pair 5: dE=-18166.2 m dN=-462.5 m (matcher@315m, support=2437, peak=None) 
imw-minima-roma: Processing pair 5 from disk...
imw-minima-roma: 1 match-sets in 0.61s
[Coarse] imw-minima-roma pair 6: dE=-18178.3 m dN=-447.9 m (matcher@315m, support=2481, peak=None) 
imw-minima-roma: Processing pair 6 from disk...
imw-minima-roma: 1 match-sets in 0.61s
[Coarse] imw-minima-roma pair 7: dE=-17914.0 m dN=-567.6 m (matcher@315m, support=2747, peak=None) 
imw-minima-roma: Processing pair 7 from disk...
imw-minima-roma: 1 match-sets in 0.77s
[Coarse] imw-minima-roma pair 8: dE=-17920.2 m dN=-584.1 m (matcher@315m, support=905, peak=None) 
imw-minima-roma: Processing pair 8 from disk...
imw-minima-roma: 1 match-sets in 0.81s
[Coarse] imw-minima-roma pair 9: dE=-17891.0 m dN=-560.3 m (matcher@315m, support=2901, peak=None) 
imw-minima-roma: Processing pair 9 from disk...
imw-minima-roma: 1 match-sets in 0.72s
[Coarse] imw-minima-roma pair 10: dE=-18004.3 m dN=-313.2 m (from-pair-11 (matcher outlier), support=None, peak=None) 
imw-minima-roma: Processing pair 10 from disk...
imw-minima-roma: 1 match-sets in 0.75s
[Coarse] imw-minima-roma pair 11: dE=-18004.3 m dN=-313.2 m (matcher@315m, support=2995, peak=None) 
imw-minima-roma: Processing pair 11 from disk...
imw-minima-roma: 1 match-sets in 0.71s
[Coarse] imw-minima-roma pair 12: dE=-17920.2 m dN=-584.1 m (from-pair-8 (matcher outlier), support=None, peak=None) 
imw-minima-roma: Processing pair 12 from disk...
imw-minima-roma: 0 match-sets in 0.00s
[Coarse] imw-minima-roma pair 13: dE=-17920.2 m dN=-584.1 m (from-pair-8 (matcher outlier), support=None, peak=None) 
imw-minima-roma: Processing pair 13 from disk...
imw-minima-roma: 0 match-sets in 0.00s
[Coarse] imw-minima-roma pair 14: dE=-17882.4 m dN=-213.3 m (matcher@315m, support=3746, peak=None) 
imw-minima-roma: Processing pair 14 from disk...
imw-minima-roma: 1 match-sets in 0.84s
[Coarse] imw-minima-roma pair 15: dE=-17887.4 m dN=-247.6 m (matcher@315m, support=3888, peak=None) 
imw-minima-roma: Processing pair 15 from disk...
imw-minima-roma: 1 match-sets in 0.83s
[Coarse] imw-minima-roma pair 16: dE=-17972.9 m dN=-152.2 m (matcher@315m, support=3377, peak=None) 
imw-minima-roma: Processing pair 16 from disk...
imw-minima-roma: 1 match-sets in 0.74s
[Coarse] imw-minima-roma pair 17: dE=-17987.9 m dN=-185.5 m (matcher@315m, support=3291, peak=None) 
imw-minima-roma: Processing pair 17 from disk...
imw-minima-roma: 1 match-sets in 0.74s
[Coarse] imw-minima-roma pair 18: dE=-17780.7 m dN=-327.7 m (from-pair-25 (phasecorr disagreed), support=None, peak=0.06863816733713503) 
imw-minima-roma: Processing pair 18 from disk...
imw-minima-roma: 0 match-sets in 0.00s
[Coarse] imw-minima-roma pair 19: dE=-17780.7 m dN=-327.7 m (from-pair-25 (phasecorr disagreed), support=None, peak=0.15104582491848204) 
imw-minima-roma: Processing pair 19 from disk...
imw-minima-roma: 0 match-sets in 0.00s
[Coarse] imw-minima-roma pair 20: dE=-17780.7 m dN=-327.7 m (from-pair-25 (matcher outlier), support=None, peak=None) 
imw-minima-roma: Processing pair 20 from disk...
imw-minima-roma: 0 match-sets in 0.00s
[Coarse] imw-minima-roma pair 21: dE=-17780.7 m dN=-327.7 m (from-pair-25 (phasecorr disagreed), support=None, peak=0.036990950946454645) 
imw-minima-roma: Processing pair 21 from disk...
imw-minima-roma: 0 match-sets in 0.00s
[Coarse] imw-minima-roma pair 22: dE=-17882.3 m dN=-311.5 m (phasecorr@315m, support=None, peak=0.12721613845825194) 
imw-minima-roma: Processing pair 22 from disk...
imw-minima-roma: 1 match-sets in 0.79s
[Coarse] imw-minima-roma pair 23: dE=-17773.1 m dN=-274.9 m (from-pair-24 (matcher outlier), support=None, peak=None) 
imw-minima-roma: Processing pair 23 from disk...
imw-minima-roma: 1 match-sets in 0.75s
[Coarse] imw-minima-roma pair 24: dE=-17773.1 m dN=-274.9 m (matcher@315m, support=1145, peak=None) 
imw-minima-roma: Processing pair 24 from disk...
imw-minima-roma: 1 match-sets in 0.74s
[Coarse] imw-minima-roma pair 25: dE=-17780.7 m dN=-327.7 m (matcher@315m, support=1751, peak=None) 
imw-minima-roma: Processing pair 25 from disk...
imw-minima-roma: 1 match-sets in 0.71s
[Coarse] imw-minima-roma pair 26: dE=-17773.1 m dN=-274.9 m (from-pair-27, support=None, peak=None) 
imw-minima-roma: Processing pair 26 from disk...
imw-minima-roma: 1 match-sets in 0.68s
[Coarse] imw-minima-roma pair 27: dE=-17773.1 m dN=-274.9 m (from-pair-24 (phasecorr disagreed), support=None, peak=0.05064041456057702) 
imw-minima-roma: Processing pair 27 from disk...
imw-minima-roma: 1 match-sets in 0.72s
Saved:
 CHIP_STATS_ALL.csv
 CHIP_STATS_SURVIVORS.csv
 CONSENSUS_SCORES.csv
 BEST_CHIP_SET.csv
 BEST_CHIP_MANIFEST.csv
 BEST_FINAL_SUMMARY.csv
[band1] imw-minima-roma ok in 0.8 min, peak GPU memory 34.0 of 39.4 GB
[imw-minima-roma] Model unloaded.
--------------------------------------------------------------------------------
[band1] Running imw-xoftr
[imw-xoftr] Loading model...
[Coarse] pair 20: no reliable coarse offset (matcher: no matches; phasecorr: {'dx': -28903.23193639674, 'dy': -12953.216285335406, 'support': None, 'n': None, 'peak': 0.008737401829825507}); windows compared in place
[Coarse] pair 26: no reliable coarse offset (matcher: no matches; phasecorr: {'dx': -96306.08142606622, 'dy': -17142.367293993742, 'support': None, 'n': None, 'peak': 0.02253384519977334}); windows compared in place
[Coarse] pair 2: phase correlation gave dE=-8934 m dN=5487 m, 10.5 km from every offset the matcher measured; using pair 3's (dE=-18059 m dN=-778 m)
[Coarse] pair 10: phase correlation gave dE=43169 m dN=-4147 m, 61.0 km from every offset the matcher measured; using pair 11's (dE=-18112 m dN=-108 m)
[Coarse] pair 12: phase correlation gave dE=-1877 m dN=10017 m, 18.9 km from every offset the matcher measured; using pair 8's (dE=-17918 m dN=-548 m)
[Coarse] pair 13: phase correlation gave dE=7584 m dN=8567 m, 26.8 km from every offset the matcher measured; using pair 8's (dE=-17918 m dN=-548 m)
[Coarse] pair 18: phase correlation gave dE=744 m dN=-16615 m, 24.6 km from every offset the matcher measured; using pair 25's (dE=-17738 m dN=-416 m)
[Coarse] pair 19: phase correlation gave dE=11920 m dN=-17918 m, 34.4 km from every offset the matcher measured; using pair 25's (dE=-17738 m dN=-416 m)
[Coarse] pair 21: phase correlation gave dE=-11414 m dN=-17047 m, 17.6 km from every offset the matcher measured; using pair 25's (dE=-17738 m dN=-416 m)
[Coarse] pair 27: phase correlation gave dE=-97898 m dN=-6012 m, 79.9 km from every offset the matcher measured; using pair 23's (dE=-17745 m dN=-349 m)
[Coarse] imw-xoftr pair 1: dE=-17981.6 m dN=-585.4 m (matcher@315m, support=134, peak=None) 
imw-xoftr: Processing pair 1 from disk...
imw-xoftr: 1 match-sets in 0.11s
[Coarse] imw-xoftr pair 2: dE=-18059.3 m dN=-778.2 m (from-pair-3 (phasecorr disagreed), support=None, peak=0.03413578109976686) 
imw-xoftr: Processing pair 2 from disk...
imw-xoftr: 1 match-sets in 0.09s
[Coarse] imw-xoftr pair 3: dE=-18059.3 m dN=-778.2 m (matcher@315m, support=75, peak=None) 
imw-xoftr: Processing pair 3 from disk...
imw-xoftr: 1 match-sets in 0.10s
[Coarse] imw-xoftr pair 4: dE=-18117.5 m dN=-340.2 m (matcher@315m, support=148, peak=None) 
imw-xoftr: Processing pair 4 from disk...
imw-xoftr: 1 match-sets in 0.13s
[Coarse] imw-xoftr pair 5: dE=-18207.6 m dN=-450.7 m (matcher@315m, support=87, peak=None) 
imw-xoftr: Processing pair 5 from disk...
imw-xoftr: 1 match-sets in 0.09s
[Coarse] imw-xoftr pair 6: dE=-18111.3 m dN=-468.8 m (matcher@315m, support=62, peak=None) 
imw-xoftr: Processing pair 6 from disk...
imw-xoftr: 1 match-sets in 0.09s
[Coarse] imw-xoftr pair 7: dE=-17937.9 m dN=-556.5 m (matcher@315m, support=156, peak=None) 
imw-xoftr: Processing pair 7 from disk...
imw-xoftr: 1 match-sets in 1.85s
[Coarse] imw-xoftr pair 8: dE=-17918.4 m dN=-547.7 m (matcher@315m, support=156, peak=None) 
imw-xoftr: Processing pair 8 from disk...
imw-xoftr: 1 match-sets in 2.36s
[Coarse] imw-xoftr pair 9: dE=-17819.8 m dN=-543.8 m (matcher@315m, support=333, peak=None) 
imw-xoftr: Processing pair 9 from disk...
imw-xoftr: 1 match-sets in 0.25s
[Coarse] imw-xoftr pair 10: dE=-18112.2 m dN=-107.8 m (from-pair-11 (phasecorr disagreed), support=None, peak=0.04791493653487985) 
imw-xoftr: Processing pair 10 from disk...
imw-xoftr: 1 match-sets in 0.74s
[Coarse] imw-xoftr pair 11: dE=-18112.2 m dN=-107.8 m (matcher@315m, support=204, peak=None) 
imw-xoftr: Processing pair 11 from disk...
imw-xoftr: 1 match-sets in 0.24s
[Coarse] imw-xoftr pair 12: dE=-17918.4 m dN=-547.7 m (from-pair-8 (phasecorr disagreed), support=None, peak=0.1047012765466431) 
imw-xoftr: Processing pair 12 from disk...
imw-xoftr: 0 match-sets in 0.00s
[Coarse] imw-xoftr pair 13: dE=-17918.4 m dN=-547.7 m (from-pair-8 (phasecorr disagreed), support=None, peak=0.09384612739086151) 
imw-xoftr: Processing pair 13 from disk...
imw-xoftr: 0 match-sets in 0.00s
[Coarse] imw-xoftr pair 14: dE=-17756.1 m dN=-289.4 m (matcher@315m, support=529, peak=None) 
imw-xoftr: Processing pair 14 from disk...
imw-xoftr: 1 match-sets in 0.80s
[Coarse] imw-xoftr pair 15: dE=-17799.0 m dN=-287.2 m (matcher@315m, support=795, peak=None) 
imw-xoftr: Processing pair 15 from disk...
imw-xoftr: 1 match-sets in 0.35s
[Coarse] imw-xoftr pair 16: dE=-17930.9 m dN=-140.2 m (matcher@315m, support=627, peak=None) 
imw-xoftr: Processing pair 16 from disk...
imw-xoftr: 1 match-sets in 0.25s
[Coarse] imw-xoftr pair 17: dE=-17963.1 m dN=-168.7 m (matcher@315m, support=1145, peak=None) 
imw-xoftr: Processing pair 17 from disk...
imw-xoftr: 1 match-sets in 0.25s
[Coarse] imw-xoftr pair 18: dE=-17738.1 m dN=-415.6 m (from-pair-25 (phasecorr disagreed), support=None, peak=0.06863816733713503) 
imw-xoftr: Processing pair 18 from disk...
imw-xoftr: 0 match-sets in 0.00s
[Coarse] imw-xoftr pair 19: dE=-17738.1 m dN=-415.6 m (from-pair-25 (phasecorr disagreed), support=None, peak=0.15104582491848204) 
imw-xoftr: Processing pair 19 from disk...
imw-xoftr: 0 match-sets in 0.00s
[Coarse] imw-xoftr pair 20: dE=-17738.1 m dN=-415.6 m (from-pair-19, support=None, peak=None) 
imw-xoftr: Processing pair 20 from disk...
imw-xoftr: 0 match-sets in 0.00s
[Coarse] imw-xoftr pair 21: dE=-17738.1 m dN=-415.6 m (from-pair-25 (phasecorr disagreed), support=None, peak=0.036990950946454645) 
imw-xoftr: Processing pair 21 from disk...
imw-xoftr: 0 match-sets in 0.00s
[Coarse] imw-xoftr pair 22: dE=-17720.9 m dN=-393.6 m (matcher@315m, support=517, peak=None) 
imw-xoftr: Processing pair 22 from disk...
imw-xoftr: 1 match-sets in 0.68s
[Coarse] imw-xoftr pair 23: dE=-17745.3 m dN=-349.3 m (matcher@315m, support=479, peak=None) 
imw-xoftr: Processing pair 23 from disk...
imw-xoftr: 1 match-sets in 0.23s
[Coarse] imw-xoftr pair 24: dE=-17757.3 m dN=-191.3 m (matcher@315m, support=406, peak=None) 
imw-xoftr: Processing pair 24 from disk...
imw-xoftr: 1 match-sets in 0.24s
[Coarse] imw-xoftr pair 25: dE=-17738.1 m dN=-415.6 m (matcher@315m, support=599, peak=None) 
imw-xoftr: Processing pair 25 from disk...
imw-xoftr: 1 match-sets in 0.24s
[Coarse] imw-xoftr pair 26: dE=-17745.3 m dN=-349.3 m (from-pair-27, support=None, peak=None) 
imw-xoftr: Processing pair 26 from disk...
imw-xoftr: 1 match-sets in 0.19s
[Coarse] imw-xoftr pair 27: dE=-17745.3 m dN=-349.3 m (from-pair-23 (phasecorr disagreed), support=None, peak=0.05064041456057702) 
imw-xoftr: Processing pair 27 from disk...
imw-xoftr: 1 match-sets in 0.16s
Saved:
 CHIP_STATS_ALL.csv
 CHIP_STATS_SURVIVORS.csv
 CONSENSUS_SCORES.csv
 BEST_CHIP_SET.csv
 BEST_CHIP_MANIFEST.csv
 BEST_FINAL_SUMMARY.csv
[band1] imw-xoftr ok in 0.4 min, peak GPU memory 19.5 of 39.4 GB
[imw-xoftr] Model unloaded.
--------------------------------------------------------------------------------
[band1] Running imw-omniglue
[imw-omniglue] Loading model...
[Coarse] pair 3: no reliable coarse offset (matcher: no matches; phasecorr: {'dx': -16147.443677524008, 'dy': -26751.975000537102, 'support': None, 'n': None, 'peak': 0.00032880983234923565}); windows compared in place
[Coarse] pair 4: no reliable coarse offset (matcher: no matches; phasecorr: {'dx': 12882.472481301173, 'dy': 92621.70938170607, 'support': None, 'n': None, 'peak': -0.00012715039429841217}); windows compared in place
[Coarse] pair 5: no reliable coarse offset (matcher: {'dx': -15907.5, 'dy': 9450.0, 'support': 2, 'n': 7, 'peak': None}; phasecorr: {'dx': 3156.3479216096807, 'dy': 18300.67805989782, 'support': None, 'n': None, 'peak': 0.020832994549224774}); windows compared in place
[Coarse] pair 6: no reliable coarse offset (matcher: no matches; phasecorr: {'dx': -15852.800158210905, 'dy': 18737.59796077822, 'support': None, 'n': None, 'peak': -0.0027571213742097218}); windows compared in place
[Coarse] pair 7: no reliable coarse offset (matcher: no matches; phasecorr: {'dx': -17660.72648465004, 'dy': -478.5174601560547, 'support': None, 'n': None, 'peak': 0.0218074359204816}); windows compared in place
[Coarse] pair 8: no reliable coarse offset (matcher: no matches; phasecorr: {'dx': -18002.059573769864, 'dy': -489.60497923140906, 'support': None, 'n': None, 'peak': 0.011968647486368816}); windows compared in place
[Coarse] pair 11: no reliable coarse offset (matcher: no matches; phasecorr: {'dx': -18107.733154651494, 'dy': -332.5590928480355, 'support': None, 'n': None, 'peak': 0.020898853179031604}); windows compared in place
[Coarse] pair 20: no reliable coarse offset (matcher: no matches; phasecorr: {'dx': -28903.23193639674, 'dy': -12953.216285335406, 'support': None, 'n': None, 'peak': 0.008737401829825507}); windows compared in place
[Coarse] pair 26: no reliable coarse offset (matcher: no matches; phasecorr: {'dx': -96306.08142606622, 'dy': -17142.367293993742, 'support': None, 'n': None, 'peak': 0.02253384519977334}); windows compared in place
[Coarse] pair 2: phase correlation gave dE=-8934 m dN=5487 m, 10.7 km from every offset the matcher measured; using pair 14's (dE=-17955 m dN=-315 m)
[Coarse] pair 10: phase correlation gave dE=43169 m dN=-4147 m, 61.2 km from every offset the matcher measured; using pair 14's (dE=-17955 m dN=-315 m)
[Coarse] pair 12: phase correlation gave dE=-1877 m dN=10017 m, 19.1 km from every offset the matcher measured; using pair 14's (dE=-17955 m dN=-315 m)
[Coarse] pair 13: phase correlation gave dE=7584 m dN=8567 m, 27.0 km from every offset the matcher measured; using pair 14's (dE=-17955 m dN=-315 m)
[Coarse] pair 18: phase correlation gave dE=744 m dN=-16615 m, 24.8 km from every offset the matcher measured; using pair 25's (dE=-17955 m dN=-315 m)
[Coarse] pair 19: phase correlation gave dE=11920 m dN=-17918 m, 34.7 km from every offset the matcher measured; using pair 25's (dE=-17955 m dN=-315 m)
[Coarse] pair 21: phase correlation gave dE=-11414 m dN=-17047 m, 18.0 km from every offset the matcher measured; using pair 25's (dE=-17955 m dN=-315 m)
[Coarse] pair 27: phase correlation gave dE=-97898 m dN=-6012 m, 80.1 km from every offset the matcher measured; using pair 23's (dE=-17955 m dN=-315 m)
[Coarse] imw-omniglue pair 1: dE=-18062.2 m dN=-904.8 m (phasecorr@315m, support=None, peak=0.03257782713572184) 
imw-omniglue: Processing pair 1 from disk...
imw-omniglue: 0 match-sets in 0.94s
[Coarse] imw-omniglue pair 2: dE=-17955.0 m dN=-315.0 m (from-pair-14 (phasecorr disagreed), support=None, peak=0.03413578109976686) 
imw-omniglue: Processing pair 2 from disk...
imw-omniglue: 0 match-sets in 0.96s
[Coarse] imw-omniglue pair 3: dE=-18062.2 m dN=-904.8 m (from-pair-1, support=None, peak=None) 
imw-omniglue: Processing pair 3 from disk...
imw-omniglue: 0 match-sets in 1.01s
[Coarse] imw-omniglue pair 4: dE=-17955.0 m dN=-315.0 m (from-pair-2, support=None, peak=None) 
imw-omniglue: Processing pair 4 from disk...
imw-omniglue: 0 match-sets in 1.28s
[Coarse] imw-omniglue pair 5: dE=-17955.0 m dN=-315.0 m (from-pair-2, support=None, peak=None) 
imw-omniglue: Processing pair 5 from disk...
imw-omniglue: 1 match-sets in 1.21s
[Coarse] imw-omniglue pair 6: dE=-17955.0 m dN=-315.0 m (from-pair-2, support=None, peak=None) 
imw-omniglue: Processing pair 6 from disk...
imw-omniglue: 0 match-sets in 1.10s
[Coarse] imw-omniglue pair 7: dE=-17790.5 m dN=-428.0 m (from-pair-9, support=None, peak=None) 
imw-omniglue: Processing pair 7 from disk...
imw-omniglue: 1 match-sets in 4.64s
[Coarse] imw-omniglue pair 8: dE=-17790.5 m dN=-428.0 m (from-pair-9, support=None, peak=None) 
imw-omniglue: Processing pair 8 from disk...
imw-omniglue: 0 match-sets in 4.05s
[Coarse] imw-omniglue pair 9: dE=-17790.5 m dN=-428.0 m (phasecorr@315m, support=None, peak=0.031066529352914596) 
imw-omniglue: Processing pair 9 from disk...
imw-omniglue: 1 match-sets in 4.52s
[Coarse] imw-omniglue pair 10: dE=-17955.0 m dN=-315.0 m (from-pair-14 (phasecorr disagreed), support=None, peak=0.04791493653487985) 
imw-omniglue: Processing pair 10 from disk...
imw-omniglue: 0 match-sets in 3.09s
[Coarse] imw-omniglue pair 11: dE=-17955.0 m dN=-315.0 m (from-pair-10, support=None, peak=None) 
imw-omniglue: Processing pair 11 from disk...
imw-omniglue: 0 match-sets in 2.63s
[Coarse] imw-omniglue pair 12: dE=-17955.0 m dN=-315.0 m (from-pair-14 (phasecorr disagreed), support=None, peak=0.1047012765466431) 
imw-omniglue: Processing pair 12 from disk...
imw-omniglue: 0 match-sets in 0.00s
[Coarse] imw-omniglue pair 13: dE=-17955.0 m dN=-315.0 m (from-pair-14 (phasecorr disagreed), support=None, peak=0.09384612739086151) 
imw-omniglue: Processing pair 13 from disk...
imw-omniglue: 0 match-sets in 0.00s
[Coarse] imw-omniglue pair 14: dE=-17955.0 m dN=-315.0 m (matcher@315m, support=72, peak=None) 
imw-omniglue: Processing pair 14 from disk...
imw-omniglue: 1 match-sets in 4.86s
[Coarse] imw-omniglue pair 15: dE=-17955.0 m dN=-315.0 m (matcher@315m, support=70, peak=None) 
imw-omniglue: Processing pair 15 from disk...
imw-omniglue: 1 match-sets in 5.19s
[Coarse] imw-omniglue pair 16: dE=-17955.0 m dN=-315.0 m (matcher@315m, support=68, peak=None) 
imw-omniglue: Processing pair 16 from disk...
imw-omniglue: 1 match-sets in 2.73s
[Coarse] imw-omniglue pair 17: dE=-17955.0 m dN=-315.0 m (matcher@315m, support=115, peak=None) 
imw-omniglue: Processing pair 17 from disk...
imw-omniglue: 1 match-sets in 2.92s
[Coarse] imw-omniglue pair 18: dE=-17955.0 m dN=-315.0 m (from-pair-25 (phasecorr disagreed), support=None, peak=0.06863816733713503) 
imw-omniglue: Processing pair 18 from disk...
imw-omniglue: 0 match-sets in 0.00s
[Coarse] imw-omniglue pair 19: dE=-17955.0 m dN=-315.0 m (from-pair-25 (phasecorr disagreed), support=None, peak=0.15104582491848204) 
imw-omniglue: Processing pair 19 from disk...
imw-omniglue: 0 match-sets in 0.00s
[Coarse] imw-omniglue pair 20: dE=-17955.0 m dN=-315.0 m (from-pair-19, support=None, peak=None) 
imw-omniglue: Processing pair 20 from disk...
imw-omniglue: 0 match-sets in 0.00s
[Coarse] imw-omniglue pair 21: dE=-17955.0 m dN=-315.0 m (from-pair-25 (phasecorr disagreed), support=None, peak=0.036990950946454645) 
imw-omniglue: Processing pair 21 from disk...
imw-omniglue: 0 match-sets in 0.00s
[Coarse] imw-omniglue pair 22: dE=-17955.0 m dN=-315.0 m (matcher@315m, support=44, peak=None) 
imw-omniglue: Processing pair 22 from disk...
imw-omniglue: 1 match-sets in 3.98s
[Coarse] imw-omniglue pair 23: dE=-17955.0 m dN=-315.0 m (matcher@315m, support=40, peak=None) 
imw-omniglue: Processing pair 23 from disk...
imw-omniglue: 1 match-sets in 4.06s
[Coarse] imw-omniglue pair 24: dE=-17955.0 m dN=-315.0 m (matcher@315m, support=45, peak=None) 
imw-omniglue: Processing pair 24 from disk...
imw-omniglue: 1 match-sets in 4.21s
[Coarse] imw-omniglue pair 25: dE=-17955.0 m dN=-315.0 m (matcher@315m, support=37, peak=None) 
imw-omniglue: Processing pair 25 from disk...
imw-omniglue: 1 match-sets in 4.04s
[Coarse] imw-omniglue pair 26: dE=-17955.0 m dN=-315.0 m (from-pair-27, support=None, peak=None) 
imw-omniglue: Processing pair 26 from disk...
imw-omniglue: 0 match-sets in 2.40s
[Coarse] imw-omniglue pair 27: dE=-17955.0 m dN=-315.0 m (from-pair-23 (phasecorr disagreed), support=None, peak=0.05064041456057702) 
imw-omniglue: Processing pair 27 from disk...
imw-omniglue: 0 match-sets in 2.54s
Saved:
 CHIP_STATS_ALL.csv
 CHIP_STATS_SURVIVORS.csv
 CONSENSUS_SCORES.csv
 BEST_CHIP_SET.csv
 BEST_CHIP_MANIFEST.csv
 BEST_FINAL_SUMMARY.csv
[band1] imw-omniglue ok in 2.4 min, peak GPU memory 0.0 of 39.4 GB
[imw-omniglue] Model unloaded.
--------------------------------------------------------------------------------
[band1] Running imw-gim-roma
[imw-gim-roma] Loading model...
[Coarse] pair 20: no reliable coarse offset (matcher: {'dx': 4100.705337524414, 'dy': -20621.246738433838, 'support': 5, 'n': 6, 'peak': None}; phasecorr: {'dx': -28903.23193639674, 'dy': -12953.216285335406, 'support': None, 'n': None, 'peak': 0.008737401829825507}); windows compared in place
[Coarse] pair 26: no reliable coarse offset (matcher: no matches; phasecorr: {'dx': -96306.08142606622, 'dy': -17142.367293993742, 'support': None, 'n': None, 'peak': 0.02253384519977334}); windows compared in place
[Coarse] pair 19: the matcher gave dE=-2815 m dN=-20509 m on 172 matches, apart from the 19 pairs that agree; using pair 25's (dE=-17778 m dN=-309 m)
[Coarse] pair 21: the matcher gave dE=1154 m dN=-20880 m on 24 matches, apart from the 19 pairs that agree; using pair 25's (dE=-17778 m dN=-309 m)
[Coarse] pair 12: phase correlation gave dE=-1877 m dN=10017 m, 19.0 km from every offset the matcher measured; using pair 8's (dE=-17735 m dN=-700 m)
[Coarse] pair 13: phase correlation gave dE=7584 m dN=8567 m, 26.9 km from every offset the matcher measured; using pair 8's (dE=-17735 m dN=-700 m)
[Coarse] pair 18: phase correlation gave dE=744 m dN=-16615 m, 24.4 km from every offset the matcher measured; using pair 25's (dE=-17778 m dN=-309 m)
[Coarse] pair 27: phase correlation gave dE=-97898 m dN=-6012 m, 77.5 km from every offset the matcher measured; using pair 23's (dE=-17803 m dN=-358 m)
[Coarse] imw-gim-roma pair 1: dE=-17961.8 m dN=-552.7 m (matcher@315m, support=3083, peak=None) 
imw-gim-roma: Processing pair 1 from disk...
imw-gim-roma: 1 match-sets in 0.60s
[Coarse] imw-gim-roma pair 2: dE=-18000.0 m dN=-598.3 m (matcher@315m, support=2046, peak=None) 
imw-gim-roma: Processing pair 2 from disk...
imw-gim-roma: 1 match-sets in 0.61s
[Coarse] imw-gim-roma pair 3: dE=-17858.2 m dN=-528.9 m (matcher@315m, support=2135, peak=None) 
imw-gim-roma: Processing pair 3 from disk...
imw-gim-roma: 1 match-sets in 0.62s
[Coarse] imw-gim-roma pair 4: dE=-18128.6 m dN=-675.2 m (matcher@315m, support=1534, peak=None) 
imw-gim-roma: Processing pair 4 from disk...
imw-gim-roma: 1 match-sets in 0.62s
[Coarse] imw-gim-roma pair 5: dE=-18076.9 m dN=-600.2 m (matcher@315m, support=1838, peak=None) 
imw-gim-roma: Processing pair 5 from disk...
imw-gim-roma: 1 match-sets in 0.63s
[Coarse] imw-gim-roma pair 6: dE=-20637.2 m dN=224.9 m (matcher@315m, support=218, peak=None) 
imw-gim-roma: Processing pair 6 from disk...
imw-gim-roma: 1 match-sets in 0.64s
[Coarse] imw-gim-roma pair 7: dE=-17854.0 m dN=-481.3 m (matcher@315m, support=2242, peak=None) 
imw-gim-roma: Processing pair 7 from disk...
imw-gim-roma: 1 match-sets in 0.76s
[Coarse] imw-gim-roma pair 8: dE=-17735.4 m dN=-699.5 m (matcher@315m, support=33, peak=None) 
imw-gim-roma: Processing pair 8 from disk...
imw-gim-roma: 1 match-sets in 0.78s
[Coarse] imw-gim-roma pair 9: dE=-17932.4 m dN=-494.8 m (matcher@315m, support=2878, peak=None) 
imw-gim-roma: Processing pair 9 from disk...
imw-gim-roma: 1 match-sets in 0.76s
[Coarse] imw-gim-roma pair 10: dE=-17792.0 m dN=-821.8 m (matcher@315m, support=281, peak=None) 
imw-gim-roma: Processing pair 10 from disk...
imw-gim-roma: 1 match-sets in 0.76s
[Coarse] imw-gim-roma pair 11: dE=-18013.7 m dN=-330.4 m (matcher@315m, support=2544, peak=None) 
imw-gim-roma: Processing pair 11 from disk...
imw-gim-roma: 1 match-sets in 0.73s
[Coarse] imw-gim-roma pair 12: dE=-17735.4 m dN=-699.5 m (from-pair-8 (phasecorr disagreed), support=None, peak=0.1047012765466431) 
imw-gim-roma: Processing pair 12 from disk...
imw-gim-roma: 0 match-sets in 0.00s
[Coarse] imw-gim-roma pair 13: dE=-17735.4 m dN=-699.5 m (from-pair-8 (phasecorr disagreed), support=None, peak=0.09384612739086151) 
imw-gim-roma: Processing pair 13 from disk...
imw-gim-roma: 0 match-sets in 0.00s
[Coarse] imw-gim-roma pair 14: dE=-17864.3 m dN=-197.0 m (matcher@315m, support=3762, peak=None) 
imw-gim-roma: Processing pair 14 from disk...
imw-gim-roma: 1 match-sets in 0.87s
[Coarse] imw-gim-roma pair 15: dE=-17875.0 m dN=-227.5 m (matcher@315m, support=3740, peak=None) 
imw-gim-roma: Processing pair 15 from disk...
imw-gim-roma: 1 match-sets in 0.84s
[Coarse] imw-gim-roma pair 16: dE=-17971.1 m dN=-215.4 m (matcher@315m, support=3422, peak=None) 
imw-gim-roma: Processing pair 16 from disk...
imw-gim-roma: 1 match-sets in 0.76s
[Coarse] imw-gim-roma pair 17: dE=-17985.8 m dN=-204.1 m (matcher@315m, support=3342, peak=None) 
imw-gim-roma: Processing pair 17 from disk...
imw-gim-roma: 1 match-sets in 0.77s
[Coarse] imw-gim-roma pair 18: dE=-17778.1 m dN=-308.9 m (from-pair-25 (phasecorr disagreed), support=None, peak=0.06863816733713503) 
imw-gim-roma: Processing pair 18 from disk...
imw-gim-roma: 0 match-sets in 0.00s
[Coarse] imw-gim-roma pair 19: dE=-17778.1 m dN=-308.9 m (from-pair-25 (matcher outlier), support=None, peak=None) 
imw-gim-roma: Processing pair 19 from disk...
imw-gim-roma: 0 match-sets in 0.00s
[Coarse] imw-gim-roma pair 20: dE=-17778.1 m dN=-308.9 m (from-pair-19, support=None, peak=None) 
imw-gim-roma: Processing pair 20 from disk...
imw-gim-roma: 0 match-sets in 0.00s
[Coarse] imw-gim-roma pair 21: dE=-17778.1 m dN=-308.9 m (from-pair-25 (matcher outlier), support=None, peak=None) 
imw-gim-roma: Processing pair 21 from disk...
imw-gim-roma: 0 match-sets in 0.00s
[Coarse] imw-gim-roma pair 22: dE=-17741.0 m dN=-397.8 m (matcher@315m, support=3522, peak=None) 
imw-gim-roma: Processing pair 22 from disk...
imw-gim-roma: 1 match-sets in 0.77s
[Coarse] imw-gim-roma pair 23: dE=-17803.5 m dN=-358.2 m (matcher@315m, support=3450, peak=None) 
imw-gim-roma: Processing pair 23 from disk...
imw-gim-roma: 1 match-sets in 0.77s
[Coarse] imw-gim-roma pair 24: dE=-17803.0 m dN=-310.2 m (matcher@315m, support=2655, peak=None) 
imw-gim-roma: Processing pair 24 from disk...
imw-gim-roma: 1 match-sets in 0.76s
[Coarse] imw-gim-roma pair 25: dE=-17778.1 m dN=-308.9 m (matcher@315m, support=2921, peak=None) 
imw-gim-roma: Processing pair 25 from disk...
imw-gim-roma: 1 match-sets in 0.79s
[Coarse] imw-gim-roma pair 26: dE=-17803.5 m dN=-358.2 m (from-pair-27, support=None, peak=None) 
imw-gim-roma: Processing pair 26 from disk...
imw-gim-roma: 1 match-sets in 0.72s
[Coarse] imw-gim-roma pair 27: dE=-17803.5 m dN=-358.2 m (from-pair-23 (phasecorr disagreed), support=None, peak=0.05064041456057702) 
imw-gim-roma: Processing pair 27 from disk...
imw-gim-roma: 1 match-sets in 0.70s
Saved:
 CHIP_STATS_ALL.csv
 CHIP_STATS_SURVIVORS.csv
 CONSENSUS_SCORES.csv
 BEST_CHIP_SET.csv
 BEST_CHIP_MANIFEST.csv
 BEST_FINAL_SUMMARY.csv
[band1] imw-gim-roma ok in 0.8 min, peak GPU memory 5.3 of 39.4 GB
[imw-gim-roma] Model unloaded.
--------------------------------------------------------------------------------
[band1] Running imw-gim-dkm
[imw-gim-dkm] Loading model...
[Coarse] pair 3: no reliable coarse offset (matcher: no matches; phasecorr: {'dx': -16147.443677524008, 'dy': -26751.975000537102, 'support': None, 'n': None, 'peak': 0.00032880983234923565}); windows compared in place
[Coarse] pair 4: no reliable coarse offset (matcher: no matches; phasecorr: {'dx': 12882.472481301173, 'dy': 92621.70938170607, 'support': None, 'n': None, 'peak': -0.00012715039429841217}); windows compared in place
[Coarse] pair 8: no reliable coarse offset (matcher: no matches; phasecorr: {'dx': -18002.059573769864, 'dy': -489.60497923140906, 'support': None, 'n': None, 'peak': 0.011968647486368816}); windows compared in place
[Coarse] pair 20: no reliable coarse offset (matcher: no matches; phasecorr: {'dx': -28903.23193639674, 'dy': -12953.216285335406, 'support': None, 'n': None, 'peak': 0.008737401829825507}); windows compared in place
[Coarse] pair 26: no reliable coarse offset (matcher: {'dx': 2433.4730529785156, 'dy': -13975.173797607422, 'support': 3, 'n': 15, 'peak': None}; phasecorr: {'dx': -96306.08142606622, 'dy': -17142.367293993742, 'support': None, 'n': None, 'peak': 0.02253384519977334}); windows compared in place
[Coarse] pair 2: phase correlation gave dE=-8934 m dN=5487 m, 6.9 km from every offset the matcher measured; using pair 6's (dE=-11537 m dN=15646 m)
[Coarse] pair 12: phase correlation gave dE=-1877 m dN=10017 m, 8.5 km from every offset the matcher measured; using pair 7's (dE=-17953 m dN=-443 m)
[Coarse] pair 13: phase correlation gave dE=7584 m dN=8567 m, 9.8 km from every offset the matcher measured; using pair 7's (dE=-17953 m dN=-443 m)
[Coarse] pair 18: phase correlation gave dE=744 m dN=-16615 m, 19.3 km from every offset the matcher measured; using pair 25's (dE=-12843 m dN=-215 m)
[Coarse] pair 19: phase correlation gave dE=11920 m dN=-17918 m, 30.4 km from every offset the matcher measured; using pair 25's (dE=-12843 m dN=-215 m)
[Coarse] pair 21: phase correlation gave dE=-11414 m dN=-17047 m, 8.5 km from every offset the matcher measured; using pair 25's (dE=-12843 m dN=-215 m)
[Coarse] WARNING: imw-gim-dkm: the pairs' coarse offsets differ by up to 30 km, more than one image moves from place to place. Pairs with a wrong offset match the wrong ground (the chip consensus drops them when they are few); if most pairs disagree, check the input's pixel size and window size.
