Logging to /maintenance/ICIGDev/GPUPOC/output/output325/automatch.log
[Job] automatch 2026.10.05, code bdafffb9 (/maintenance/ICIGDev/GPUPOC/exe/g1a_automatch)
Using device: cuda
GPU: NVIDIA RTX A4000
CUDA: 12.4
GPU Memory: 15.6 GB
[Job] cog: 1 sweep point(s), working resolution 180.0 m, RANSAC thresholds [360.0] m
[Job] >>> win3072_nfauto: window 3072 px, 32000 keypoints per window (3391 per megapixel)
================================================================================
AUTOMATCH PIPELINE
================================================================================
              kind: raster
              name: cog
              path: /maintenance/ICIGDev/GPUPOC/input/dqe/g1a/267422221/input/cog.tif
          channels: ['band1', 'band2', 'band3']
       working_crs: PROJCS["unnamed",GEOGCS["WGS 84",DATUM["WGS_1984",SPHEROID["WGS 84",6378137,298.25722293287,AUTHORITY["EPSG","7030"]],AUTHORITY["EPSG","6326"]],PRIMEM["Greenwich",0],UNIT["degree",0.0174532925199433,AUTHORITY["EPSG","9122"]],AUTHORITY["EPSG","4326"]],PROJECTION["Lambert_Conformal_Conic_2SP"],PARAMETER["latitude_of_origin",21.8753234714037],PARAMETER["central_meridian",70.5671470502164],PARAMETER["standard_parallel_1",21.3850619015565],PARAMETER["standard_parallel_2",22.3760364553476],PARAMETER["false_easting",0],PARAMETER["false_northing",0],UNIT["metre",1,AUTHORITY["EPSG","9001"]],AXIS["Easting",EAST],AXIS["Northing",NORTH]]
        source_crs: PROJCS["unnamed",GEOGCS["WGS 84",DATUM["WGS_1984",SPHEROID["WGS 84",6378137,298.25722293287,AUTHORITY["EPSG","7030"]],AUTHORITY["EPSG","6326"]],PRIMEM["Greenwich",0],UNIT["degree",0.0174532925199433,AUTHORITY["EPSG","9122"]],AUTHORITY["EPSG","4326"]],PROJECTION["Lambert_Conformal_Conic_2SP"],PARAMETER["latitude_of_origin",21.8753234714037],PARAMETER["central_meridian",70.5671470502164],PARAMETER["standard_parallel_1",21.3850619015565],PARAMETER["standard_parallel_2",22.3760364553476],PARAMETER["false_easting",0],PARAMETER["false_northing",0],UNIT["metre",1,AUTHORITY["EPSG","9001"]],AXIS["Easting",EAST],AXIS["Northing",NORTH]]
        native_res: 180.0
 band_descriptions: {'band1': None, 'band2': None, 'band3': None}
      channels run: ['band1']
         detectors: ['sift', 'disk', 'dedode', 'keynet', 'dog', 'gftt', 'hessian', 'loftr', 'imw-sp-lg', 'imw-aliked-lg', 'imw-sp-sg', 'imw-sp-nn', 'imw-r2d2-nn', 'imw-rord-nn', 'imw-d2net-nn', 'imw-alike-nn', 'imw-sfd2-nn', 'imw-rdd-nn', 'imw-liftfeat-nn', 'imw-ripe-nn', 'imw-darkfeat-nn', 'imw-lanet-nn', 'imw-minima-loftr', 'imw-minima-roma', 'imw-xoftr', 'imw-omniglue', 'imw-gim-roma', 'imw-gim-dkm', 'imw-eloftr', 'imw-aspanformer', 'imw-topicfm', 'imw-roma', 'imw-dkm', 'imw-dad-roma', 'imw-rdd-dense', 'imw-xfeat-lg', 'imw-xfeat-dense']
--------------------------------------------------------------------------------
Running channel: band1
[band1] footprint from valid-data-hull: 70.298, 20.867, 70.829, 22.895 (lon/lat)
[RefFetch] Searching in: /maintenance/ICIGDev/GPUPOC/input/dqe/g1a/267422221/reference/L8Ref (search buffer 35.0 km)
[REFS] index.shp: raster names from attribute 'FileName' (reader: builtin)
[REFS] index.shp: 7410 index entr(ies) name a raster not in this folder; 15 matched
[REFS] L8Ref: 15 raster(s), 15 footprint(s) from index-shp
[RefFetch] Candidate: LC81490442015080LGN00_B8.tif (index (index.shp:FileName)) - checking valid pixels...
[RefFetch] OK LC81490442015080LGN00_B8.tif | NISAR area 3085.0 km2, reference area 2646.7 km2
[RefFetch] Candidate: LC81490442016291LGN00_B8.tif (index (index.shp:FileName)) - checking valid pixels...
[RefFetch] OK LC81490442016291LGN00_B8.tif | NISAR area 3031.2 km2, reference area 2589.8 km2
[RefFetch] Candidate: LC81490442016307LGN00_B8.tif (index (index.shp:FileName)) - checking valid pixels...
[RefFetch] OK LC81490442016307LGN00_B8.tif | NISAR area 3046.4 km2, reference area 2607.5 km2
[RefFetch] Candidate: LC81490452015048LGN00_B8.tif (index (index.shp:FileName)) - checking valid pixels...
[RefFetch] OK LC81490452015048LGN00_B8.tif | NISAR area 10430.9 km2, reference area 11285.5 km2
[RefFetch] Candidate: LC81490452015080LGN00_B8.tif (index (index.shp:FileName)) - checking valid pixels...
[RefFetch] OK LC81490452015080LGN00_B8.tif | NISAR area 10514.4 km2, reference area 11472.1 km2
[RefFetch] Candidate: LC81490452016307LGN00_B8.tif (index (index.shp:FileName)) - checking valid pixels...
[RefFetch] OK LC81490452016307LGN00_B8.tif | NISAR area 10477.6 km2, reference area 11393.9 km2
[RefFetch] Candidate: LC81490462015048LGN00_B8.tif (index (index.shp:FileName)) - checking valid pixels...
[RefFetch] OK LC81490462015048LGN00_B8.tif | NISAR area 3982.7 km2, reference area 5572.5 km2
[RefFetch] Candidate: LC81490462015064LGN00_B8.tif (index (index.shp:FileName)) - checking valid pixels...
[RefFetch] OK LC81490462015064LGN00_B8.tif | NISAR area 3979.3 km2, reference area 5651.0 km2
[RefFetch] Candidate: LC81500442014356LGN00_B8.tif (index (index.shp:FileName)) - checking valid pixels...
[RefFetch] OK LC81500442014356LGN00_B8.tif | NISAR area 6047.4 km2, reference area 13157.6 km2
[RefFetch] Candidate: LC81500442015039LGN00_B8.tif (index (index.shp:FileName)) - checking valid pixels...
[RefFetch] OK LC81500442015039LGN00_B8.tif | NISAR area 6052.3 km2, reference area 13135.9 km2
[RefFetch] Candidate: LC81500442015119LGN00_B8.tif (index (index.shp:FileName)) - checking valid pixels...
[RefFetch] OK LC81500442015119LGN00_B8.tif | NISAR area 6094.6 km2, reference area 12960.0 km2
[RefFetch] Candidate: LC81500452015039LGN00_B8.tif (index (index.shp:FileName)) - checking valid pixels...
[RefFetch] OK LC81500452015039LGN00_B8.tif | NISAR area 10871.9 km2, reference area 18473.2 km2
[RefFetch] Candidate: LC81500452015119LGN00_B8.tif (index (index.shp:FileName)) - checking valid pixels...
[RefFetch] OK LC81500452015119LGN00_B8.tif | NISAR area 10831.2 km2, reference area 17708.9 km2
[RefFetch] Candidate: LC81500452016314LGN00_B8.tif (index (index.shp:FileName)) - checking valid pixels...
[RefFetch] OK LC81500452016314LGN00_B8.tif | NISAR area 10874.9 km2, reference area 18543.0 km2
[RefFetch] Candidate: LC81500462015119LGN00_B8.tif (index (index.shp:FileName)) - checking valid pixels...
[RefFetch] OK LC81500462015119LGN00_B8.tif | NISAR area 2197.1 km2, reference area 2897.9 km2
[RefFetch] Total confirmed: 15 references (of 15 in the index-shp catalog)
[Preprocessor] cog band1: 301x1244, res=180.00, nodata=0.0, ref=L8Ref
[Preprocessor] Pair 1: metadata saved -> /maintenance/ICIGDev/GPUPOC/output/output325/_cache/cog/raster/band1_toL8Ref/pair001_meta.json
[Memory] Pair 1 done, cache cleared
[Preprocessor] Pair 2: metadata saved -> /maintenance/ICIGDev/GPUPOC/output/output325/_cache/cog/raster/band1_toL8Ref/pair002_meta.json
[Memory] Pair 2 done, cache cleared
[Preprocessor] Pair 3: metadata saved -> /maintenance/ICIGDev/GPUPOC/output/output325/_cache/cog/raster/band1_toL8Ref/pair003_meta.json
[Memory] Pair 3 done, cache cleared
[Preprocessor] Pair 4: metadata saved -> /maintenance/ICIGDev/GPUPOC/output/output325/_cache/cog/raster/band1_toL8Ref/pair004_meta.json
[Memory] Pair 4 done, cache cleared
[Preprocessor] Pair 5: metadata saved -> /maintenance/ICIGDev/GPUPOC/output/output325/_cache/cog/raster/band1_toL8Ref/pair005_meta.json
[Memory] Pair 5 done, cache cleared
[Preprocessor] Pair 6: metadata saved -> /maintenance/ICIGDev/GPUPOC/output/output325/_cache/cog/raster/band1_toL8Ref/pair006_meta.json
[Memory] Pair 6 done, cache cleared
[Preprocessor] Pair 7: metadata saved -> /maintenance/ICIGDev/GPUPOC/output/output325/_cache/cog/raster/band1_toL8Ref/pair007_meta.json
[Memory] Pair 7 done, cache cleared
[Preprocessor] Pair 8: metadata saved -> /maintenance/ICIGDev/GPUPOC/output/output325/_cache/cog/raster/band1_toL8Ref/pair008_meta.json
[Memory] Pair 8 done, cache cleared
[Preprocessor] Pair 9: metadata saved -> /maintenance/ICIGDev/GPUPOC/output/output325/_cache/cog/raster/band1_toL8Ref/pair009_meta.json
[Memory] Pair 9 done, cache cleared
[Preprocessor] Pair 10: metadata saved -> /maintenance/ICIGDev/GPUPOC/output/output325/_cache/cog/raster/band1_toL8Ref/pair010_meta.json
[Memory] Pair 10 done, cache cleared
[Preprocessor] Pair 11: metadata saved -> /maintenance/ICIGDev/GPUPOC/output/output325/_cache/cog/raster/band1_toL8Ref/pair011_meta.json
[Memory] Pair 11 done, cache cleared
[Preprocessor] Pair 12: metadata saved -> /maintenance/ICIGDev/GPUPOC/output/output325/_cache/cog/raster/band1_toL8Ref/pair012_meta.json
[Memory] Pair 12 done, cache cleared
[Preprocessor] Pair 13: metadata saved -> /maintenance/ICIGDev/GPUPOC/output/output325/_cache/cog/raster/band1_toL8Ref/pair013_meta.json
[Memory] Pair 13 done, cache cleared
[Preprocessor] Pair 14: metadata saved -> /maintenance/ICIGDev/GPUPOC/output/output325/_cache/cog/raster/band1_toL8Ref/pair014_meta.json
[Memory] Pair 14 done, cache cleared
[Preprocessor] Pair 15: metadata saved -> /maintenance/ICIGDev/GPUPOC/output/output325/_cache/cog/raster/band1_toL8Ref/pair015_meta.json
[Memory] Pair 15 done, cache cleared
--------------------------------------------------------------------------------
[band1] Running sift
SIFT: Initializing (rootsift=True, upright=True)...
sift: Initializing LightGlue {'filter_threshold': 0.1, 'depth_confidence': 0.95, 'width_confidence': 0.99}...
Loaded LightGlue model
[Coarse] pair 1: no reliable coarse offset (matcher: no matches; phasecorr: {'dx': -20193.477464726686, 'dy': -45743.92838364222, 'support': None, 'n': None, 'peak': 0.020609428800836677}); windows compared in place
[Coarse] pair 2: no reliable coarse offset (matcher: no matches; phasecorr: {'dx': -13696.50551245419, 'dy': -38359.15034615832, 'support': None, 'n': None, 'peak': 0.005463445974802611}); windows compared in place
[Coarse] pair 3: no reliable coarse offset (matcher: no matches; phasecorr: {'dx': -26691.14624675497, 'dy': -28341.854429889372, 'support': None, 'n': None, 'peak': 0.028507738675927267}); windows compared in place
[Coarse] pair 11: no reliable coarse offset (matcher: no matches; phasecorr: {'dx': -9310.972745874022, 'dy': 4896.252513739784, 'support': None, 'n': None, 'peak': 0.011061620189525462}); windows compared in place
[Coarse] WARNING: sift: the pairs' coarse offsets differ by up to 19 km, more than one image moves from place to place. Pairs with a wrong offset match the wrong ground (the chip consensus drops them when they are few); if most pairs disagree, check the input's pixel size and window size.
[Coarse] sift pair 1: dE=-9093.9 m dN=4821.4 m (from-pair-9, support=None, peak=None) 
sift: Processing pair 1 from disk...
sift: 4 match-sets in 0.74s
[Coarse] sift pair 2: dE=-9093.9 m dN=4821.4 m (from-pair-9, support=None, peak=None) 
sift: Processing pair 2 from disk...
sift: 3 match-sets in 0.72s
[Coarse] sift pair 3: dE=-9093.9 m dN=4821.4 m (from-pair-9, support=None, peak=None) 
sift: Processing pair 3 from disk...
sift: 3 match-sets in 0.69s
[Coarse] sift pair 4: dE=-9221.2 m dN=4881.8 m (phasecorr@180m, support=None, peak=0.05907139921188354) field 1x1 cells, dE -9682..-9682 m, dN 4878..4878 m, 0 filled
sift: Processing pair 4 from disk...
sift: 3 match-sets in 2.81s
[Coarse] sift pair 5: dE=-9227.3 m dN=4936.9 m (phasecorr@180m, support=None, peak=0.06194785504341126) field 1x1 cells, dE -9750..-9750 m, dN 4772..4772 m, 0 filled
sift: Processing pair 5 from disk...
sift: 3 match-sets in 2.82s
[Coarse] sift pair 6: dE=-9159.5 m dN=4923.5 m (phasecorr@180m, support=None, peak=0.05013165693283081) field 1x1 cells, dE -9887..-9887 m, dN 4790..4790 m, 0 filled
sift: Processing pair 6 from disk...
sift: 4 match-sets in 2.34s
[Coarse] sift pair 7: dE=-9947.3 m dN=4785.4 m (phasecorr@180m, support=None, peak=0.11055335414556809) field 1x1 cells, dE -9955..-9955 m, dN 4765..4765 m, 0 filled
sift: Processing pair 7 from disk...
sift: 4 match-sets in 1.09s
[Coarse] sift pair 8: dE=-9954.5 m dN=4779.3 m (phasecorr@180m, support=None, peak=0.1302907753461673) field 1x1 cells, dE -9962..-9962 m, dN 4753..4753 m, 0 filled
sift: Processing pair 8 from disk...
sift: 4 match-sets in 0.53s
[Coarse] sift pair 9: dE=-9059.4 m dN=4950.7 m (phasecorr@180m, support=None, peak=0.05415244971381293) field 1x1 cells, dE -9094..-9094 m, dN 4821..4821 m, 0 filled
sift: Processing pair 9 from disk...
sift: 3 match-sets in 1.58s
[Coarse] sift pair 10: dE=-9073.5 m dN=4906.4 m (phasecorr@180m, support=None, peak=0.037404243375048225) field 1x1 cells, dE -9023..-9023 m, dN 4778..4778 m, 0 filled
sift: Processing pair 10 from disk...
sift: 3 match-sets in 1.58s
[Coarse] sift pair 11: dE=-9022.9 m dN=4778.1 m (from-pair-10, support=None, peak=None) 
sift: Processing pair 11 from disk...
sift: 4 match-sets in 1.67s
[Coarse] sift pair 12: dE=-9321.8 m dN=4777.2 m (phasecorr@180m, support=None, peak=0.044330621825324164) field 1x1 cells, dE -9400..-9400 m, dN 4784..4784 m, 0 filled
sift: Processing pair 12 from disk...
sift: 3 match-sets in 2.93s
[Coarse] sift pair 13: dE=-9228.3 m dN=4825.9 m (phasecorr@180m, support=None, peak=0.03933755140516493) field 1x1 cells, dE -9272..-9272 m, dN 4847..4847 m, 0 filled
sift: Processing pair 13 from disk...
sift: 4 match-sets in 2.89s
[Coarse] sift pair 14: dE=-9308.5 m dN=4822.9 m (phasecorr@180m, support=None, peak=0.0362194667590989) field 1x1 cells, dE -9542..-9542 m, dN 4843..4843 m, 0 filled
sift: Processing pair 14 from disk...
sift: 4 match-sets in 2.44s
[Coarse] sift pair 15: dE=-19392.4 m dN=24257.7 m (phasecorr@180m, support=None, peak=0.07282278133763208) 
sift: Processing pair 15 from disk...
sift: 4 match-sets in 0.65s
Saved:
 CHIP_STATS_ALL.csv
 CHIP_STATS_SURVIVORS.csv
 CONSENSUS_SCORES.csv
 BEST_CHIP_SET.csv
 BEST_CHIP_MANIFEST.csv
 BEST_FINAL_SUMMARY.csv
[band1] sift ok in 1.3 min, peak GPU memory 3.8 of 15.6 GB
--------------------------------------------------------------------------------
[band1] Running disk_depth
DISK: Loading depth model...
disk: Initializing LightGlue {'filter_threshold': 0.1, 'depth_confidence': 0.95, 'width_confidence': 0.99}...
Loaded LightGlue model
[Coarse] pair 1: no reliable coarse offset (matcher: no matches; phasecorr: {'dx': -20193.477464726686, 'dy': -45743.92838364222, 'support': None, 'n': None, 'peak': 0.020609428800836677}); windows compared in place
[Coarse] pair 2: no reliable coarse offset (matcher: no matches; phasecorr: {'dx': -13696.50551245419, 'dy': -38359.15034615832, 'support': None, 'n': None, 'peak': 0.005463445974802611}); windows compared in place
[Coarse] pair 3: no reliable coarse offset (matcher: no matches; phasecorr: {'dx': -26691.14624675497, 'dy': -28341.854429889372, 'support': None, 'n': None, 'peak': 0.028507738675927267}); windows compared in place
[Coarse] pair 11: no reliable coarse offset (matcher: no matches; phasecorr: {'dx': -9310.972745874022, 'dy': 4896.252513739784, 'support': None, 'n': None, 'peak': 0.011061620189525462}); windows compared in place
[Coarse] WARNING: disk_depth: the pairs' coarse offsets differ by up to 19 km, more than one image moves from place to place. Pairs with a wrong offset match the wrong ground (the chip consensus drops them when they are few); if most pairs disagree, check the input's pixel size and window size.
[Coarse] disk_depth pair 1: dE=-9093.9 m dN=4821.4 m (from-pair-9, support=None, peak=None) 
disk_depth: Processing pair 1 from disk...
disk_depth: 4 match-sets in 0.44s
[Coarse] disk_depth pair 2: dE=-9093.9 m dN=4821.4 m (from-pair-9, support=None, peak=None) 
disk_depth: Processing pair 2 from disk...
disk_depth: 5 match-sets in 0.36s
[Coarse] disk_depth pair 3: dE=-9093.9 m dN=4821.4 m (from-pair-9, support=None, peak=None) 
disk_depth: Processing pair 3 from disk...
disk_depth: 4 match-sets in 0.36s
[Coarse] disk_depth pair 4: dE=-9221.2 m dN=4881.8 m (phasecorr@180m, support=None, peak=0.05907139921188354) field 1x1 cells, dE -9682..-9682 m, dN 4878..4878 m, 0 filled
disk_depth: Processing pair 4 from disk...
disk_depth: 5 match-sets in 1.80s
[Coarse] disk_depth pair 5: dE=-9227.3 m dN=4936.9 m (phasecorr@180m, support=None, peak=0.06194785504341126) field 1x1 cells, dE -9750..-9750 m, dN 4772..4772 m, 0 filled
disk_depth: Processing pair 5 from disk...
disk_depth: 5 match-sets in 1.52s
[Coarse] disk_depth pair 6: dE=-9159.5 m dN=4923.5 m (phasecorr@180m, support=None, peak=0.05013165693283081) field 1x1 cells, dE -9887..-9887 m, dN 4790..4790 m, 0 filled
disk_depth: Processing pair 6 from disk...
disk_depth: 5 match-sets in 1.55s
[Coarse] disk_depth pair 7: dE=-9947.3 m dN=4785.4 m (phasecorr@180m, support=None, peak=0.11055335414556809) field 1x1 cells, dE -9955..-9955 m, dN 4765..4765 m, 0 filled
disk_depth: Processing pair 7 from disk...
disk_depth: 4 match-sets in 0.41s
[Coarse] disk_depth pair 8: dE=-9954.5 m dN=4779.3 m (phasecorr@180m, support=None, peak=0.1302907753461673) field 1x1 cells, dE -9962..-9962 m, dN 4753..4753 m, 0 filled
disk_depth: Processing pair 8 from disk...
disk_depth: 5 match-sets in 0.29s
[Coarse] disk_depth pair 9: dE=-9059.4 m dN=4950.7 m (phasecorr@180m, support=None, peak=0.05415244971381293) field 1x1 cells, dE -9094..-9094 m, dN 4821..4821 m, 0 filled
disk_depth: Processing pair 9 from disk...
disk_depth: 4 match-sets in 0.61s
[Coarse] disk_depth pair 10: dE=-9073.5 m dN=4906.4 m (phasecorr@180m, support=None, peak=0.037404243375048225) field 1x1 cells, dE -9023..-9023 m, dN 4778..4778 m, 0 filled
disk_depth: Processing pair 10 from disk...
disk_depth: 4 match-sets in 0.46s
[Coarse] disk_depth pair 11: dE=-9022.9 m dN=4778.1 m (from-pair-10, support=None, peak=None) 
disk_depth: Processing pair 11 from disk...
disk_depth: 4 match-sets in 0.61s
[Coarse] disk_depth pair 12: dE=-9321.8 m dN=4777.2 m (phasecorr@180m, support=None, peak=0.044330621825324164) field 1x1 cells, dE -9400..-9400 m, dN 4784..4784 m, 0 filled
disk_depth: Processing pair 12 from disk...
disk_depth: 5 match-sets in 1.29s
[Coarse] disk_depth pair 13: dE=-9228.3 m dN=4825.9 m (phasecorr@180m, support=None, peak=0.03933755140516493) field 1x1 cells, dE -9272..-9272 m, dN 4847..4847 m, 0 filled
disk_depth: Processing pair 13 from disk...
disk_depth: 6 match-sets in 1.35s
[Coarse] disk_depth pair 14: dE=-9308.5 m dN=4822.9 m (phasecorr@180m, support=None, peak=0.0362194667590989) field 1x1 cells, dE -9542..-9542 m, dN 4843..4843 m, 0 filled
disk_depth: Processing pair 14 from disk...
disk_depth: 5 match-sets in 1.03s
[Coarse] disk_depth pair 15: dE=-19392.4 m dN=24257.7 m (phasecorr@180m, support=None, peak=0.07282278133763208) 
disk_depth: Processing pair 15 from disk...
disk_depth: 4 match-sets in 0.34s
Saved:
 CHIP_STATS_ALL.csv
 CHIP_STATS_SURVIVORS.csv
 CONSENSUS_SCORES.csv
 BEST_CHIP_SET.csv
 BEST_CHIP_MANIFEST.csv
 BEST_FINAL_SUMMARY.csv
[band1] disk_depth ok in 0.4 min, peak GPU memory 1.2 of 15.6 GB
--------------------------------------------------------------------------------
[band1] Running disk_epipolar
DISK: Loading epipolar model...
disk: Initializing LightGlue {'filter_threshold': 0.1, 'depth_confidence': 0.95, 'width_confidence': 0.99}...
Loaded LightGlue model
[Coarse] pair 1: no reliable coarse offset (matcher: {'dx': -28980.0, 'dy': -27000.0, 'support': 1, 'n': 3, 'peak': None}; phasecorr: {'dx': -20193.477464726686, 'dy': -45743.92838364222, 'support': None, 'n': None, 'peak': 0.020609428800836677}); windows compared in place
[Coarse] pair 2: no reliable coarse offset (matcher: no matches; phasecorr: {'dx': -13696.50551245419, 'dy': -38359.15034615832, 'support': None, 'n': None, 'peak': 0.005463445974802611}); windows compared in place
[Coarse] pair 3: no reliable coarse offset (matcher: no matches; phasecorr: {'dx': -26691.14624675497, 'dy': -28341.854429889372, 'support': None, 'n': None, 'peak': 0.028507738675927267}); windows compared in place
[Coarse] pair 11: no reliable coarse offset (matcher: {'dx': -8640.0, 'dy': 5040.0, 'support': 1, 'n': 3, 'peak': None}; phasecorr: {'dx': -9310.972745874022, 'dy': 4896.252513739784, 'support': None, 'n': None, 'peak': 0.011061620189525462}); windows compared in place
[Coarse] WARNING: disk_epipolar: the pairs' coarse offsets differ by up to 19 km, more than one image moves from place to place. Pairs with a wrong offset match the wrong ground (the chip consensus drops them when they are few); if most pairs disagree, check the input's pixel size and window size.
[Coarse] disk_epipolar pair 1: dE=-9093.9 m dN=4821.4 m (from-pair-9, support=None, peak=None) 
disk_epipolar: Processing pair 1 from disk...
disk_epipolar: 5 match-sets in 0.35s
[Coarse] disk_epipolar pair 2: dE=-9093.9 m dN=4821.4 m (from-pair-9, support=None, peak=None) 
disk_epipolar: Processing pair 2 from disk...
disk_epipolar: 4 match-sets in 0.35s
[Coarse] disk_epipolar pair 3: dE=-9093.9 m dN=4821.4 m (from-pair-9, support=None, peak=None) 
disk_epipolar: Processing pair 3 from disk...
disk_epipolar: 3 match-sets in 0.35s
[Coarse] disk_epipolar pair 4: dE=-9221.2 m dN=4881.8 m (phasecorr@180m, support=None, peak=0.05907139921188354) field 1x1 cells, dE -9682..-9682 m, dN 4878..4878 m, 0 filled
disk_epipolar: Processing pair 4 from disk...
disk_epipolar: 4 match-sets in 1.54s
[Coarse] disk_epipolar pair 5: dE=-9227.3 m dN=4936.9 m (phasecorr@180m, support=None, peak=0.06194785504341126) field 1x1 cells, dE -9750..-9750 m, dN 4772..4772 m, 0 filled
disk_epipolar: Processing pair 5 from disk...
disk_epipolar: 4 match-sets in 1.53s
[Coarse] disk_epipolar pair 6: dE=-9159.5 m dN=4923.5 m (phasecorr@180m, support=None, peak=0.05013165693283081) field 1x1 cells, dE -9887..-9887 m, dN 4790..4790 m, 0 filled
disk_epipolar: Processing pair 6 from disk...
disk_epipolar: 5 match-sets in 1.54s
[Coarse] disk_epipolar pair 7: dE=-9947.3 m dN=4785.4 m (phasecorr@180m, support=None, peak=0.11055335414556809) field 1x1 cells, dE -9955..-9955 m, dN 4765..4765 m, 0 filled
disk_epipolar: Processing pair 7 from disk...
disk_epipolar: 5 match-sets in 0.30s
[Coarse] disk_epipolar pair 8: dE=-9954.5 m dN=4779.3 m (phasecorr@180m, support=None, peak=0.1302907753461673) field 1x1 cells, dE -9962..-9962 m, dN 4753..4753 m, 0 filled
disk_epipolar: Processing pair 8 from disk...
disk_epipolar: 4 match-sets in 0.30s
[Coarse] disk_epipolar pair 9: dE=-9059.4 m dN=4950.7 m (phasecorr@180m, support=None, peak=0.05415244971381293) field 1x1 cells, dE -9094..-9094 m, dN 4821..4821 m, 0 filled
disk_epipolar: Processing pair 9 from disk...
disk_epipolar: 4 match-sets in 0.46s
[Coarse] disk_epipolar pair 10: dE=-9073.5 m dN=4906.4 m (phasecorr@180m, support=None, peak=0.037404243375048225) field 1x1 cells, dE -9023..-9023 m, dN 4778..4778 m, 0 filled
disk_epipolar: Processing pair 10 from disk...
disk_epipolar: 4 match-sets in 0.46s
[Coarse] disk_epipolar pair 11: dE=-9022.9 m dN=4778.1 m (from-pair-10, support=None, peak=None) 
disk_epipolar: Processing pair 11 from disk...
disk_epipolar: 4 match-sets in 0.47s
[Coarse] disk_epipolar pair 12: dE=-9321.8 m dN=4777.2 m (phasecorr@180m, support=None, peak=0.044330621825324164) field 1x1 cells, dE -9400..-9400 m, dN 4784..4784 m, 0 filled
disk_epipolar: Processing pair 12 from disk...
disk_epipolar: 4 match-sets in 1.05s
[Coarse] disk_epipolar pair 13: dE=-9228.3 m dN=4825.9 m (phasecorr@180m, support=None, peak=0.03933755140516493) field 1x1 cells, dE -9272..-9272 m, dN 4847..4847 m, 0 filled
disk_epipolar: Processing pair 13 from disk...
disk_epipolar: 4 match-sets in 1.10s
[Coarse] disk_epipolar pair 14: dE=-9308.5 m dN=4822.9 m (phasecorr@180m, support=None, peak=0.0362194667590989) field 1x1 cells, dE -9542..-9542 m, dN 4843..4843 m, 0 filled
disk_epipolar: Processing pair 14 from disk...
disk_epipolar: 4 match-sets in 1.04s
[Coarse] disk_epipolar pair 15: dE=-19392.4 m dN=24257.7 m (phasecorr@180m, support=None, peak=0.07282278133763208) 
disk_epipolar: Processing pair 15 from disk...
disk_epipolar: 3 match-sets in 0.26s
Saved:
 CHIP_STATS_ALL.csv
 CHIP_STATS_SURVIVORS.csv
 CONSENSUS_SCORES.csv
 BEST_CHIP_SET.csv
 BEST_CHIP_MANIFEST.csv
 BEST_FINAL_SUMMARY.csv
[band1] disk_epipolar ok in 0.3 min, peak GPU memory 1.2 of 15.6 GB
--------------------------------------------------------------------------------
[band1] Running dedode_L-upright_B-upright
DeDoDe: Loading L-upright/B-upright...
dedode: Initializing LightGlue {'filter_threshold': 0.1, 'depth_confidence': 0.95, 'width_confidence': 0.99}...
Loaded LightGlue model
[Coarse] pair 1: no reliable coarse offset (matcher: no matches; phasecorr: {'dx': -20193.477464726686, 'dy': -45743.92838364222, 'support': None, 'n': None, 'peak': 0.020609428800836677}); windows compared in place
[Coarse] pair 2: no reliable coarse offset (matcher: no matches; phasecorr: {'dx': -13696.50551245419, 'dy': -38359.15034615832, 'support': None, 'n': None, 'peak': 0.005463445974802611}); windows compared in place
[Coarse] pair 3: no reliable coarse offset (matcher: no matches; phasecorr: {'dx': -26691.14624675497, 'dy': -28341.854429889372, 'support': None, 'n': None, 'peak': 0.028507738675927267}); windows compared in place
[Coarse] pair 11: no reliable coarse offset (matcher: no matches; phasecorr: {'dx': -9310.972745874022, 'dy': 4896.252513739784, 'support': None, 'n': None, 'peak': 0.011061620189525462}); windows compared in place
[Coarse] WARNING: dedode_L-upright_B-upright: the pairs' coarse offsets differ by up to 19 km, more than one image moves from place to place. Pairs with a wrong offset match the wrong ground (the chip consensus drops them when they are few); if most pairs disagree, check the input's pixel size and window size.
[Coarse] dedode_L-upright_B-upright pair 1: dE=-9093.9 m dN=4821.4 m (from-pair-9, support=None, peak=None) 
dedode_L-upright_B-upright: Processing pair 1 from disk...
dedode_L-upright_B-upright: 5 match-sets in 0.94s
[Coarse] dedode_L-upright_B-upright pair 2: dE=-9093.9 m dN=4821.4 m (from-pair-9, support=None, peak=None) 
dedode_L-upright_B-upright: Processing pair 2 from disk...
dedode_L-upright_B-upright: 5 match-sets in 0.67s
[Coarse] dedode_L-upright_B-upright pair 3: dE=-9093.9 m dN=4821.4 m (from-pair-9, support=None, peak=None) 
dedode_L-upright_B-upright: Processing pair 3 from disk...
dedode_L-upright_B-upright: 4 match-sets in 0.67s
[Coarse] dedode_L-upright_B-upright pair 4: dE=-9221.2 m dN=4881.8 m (phasecorr@180m, support=None, peak=0.05907139921188354) field 1x1 cells, dE -9682..-9682 m, dN 4878..4878 m, 0 filled
dedode_L-upright_B-upright: Processing pair 4 from disk...
dedode_L-upright_B-upright: 5 match-sets in 4.06s
[Coarse] dedode_L-upright_B-upright pair 5: dE=-9227.3 m dN=4936.9 m (phasecorr@180m, support=None, peak=0.06194785504341126) field 1x1 cells, dE -9750..-9750 m, dN 4772..4772 m, 0 filled
dedode_L-upright_B-upright: Processing pair 5 from disk...
dedode_L-upright_B-upright: 5 match-sets in 3.31s
[Coarse] dedode_L-upright_B-upright pair 6: dE=-9159.5 m dN=4923.5 m (phasecorr@180m, support=None, peak=0.05013165693283081) field 1x1 cells, dE -9887..-9887 m, dN 4790..4790 m, 0 filled
dedode_L-upright_B-upright: Processing pair 6 from disk...
dedode_L-upright_B-upright: 4 match-sets in 3.25s
[Coarse] dedode_L-upright_B-upright pair 7: dE=-9947.3 m dN=4785.4 m (phasecorr@180m, support=None, peak=0.11055335414556809) field 1x1 cells, dE -9955..-9955 m, dN 4765..4765 m, 0 filled
dedode_L-upright_B-upright: Processing pair 7 from disk...
dedode_L-upright_B-upright: 5 match-sets in 1.10s
[Coarse] dedode_L-upright_B-upright pair 8: dE=-9954.5 m dN=4779.3 m (phasecorr@180m, support=None, peak=0.1302907753461673) field 1x1 cells, dE -9962..-9962 m, dN 4753..4753 m, 0 filled
dedode_L-upright_B-upright: Processing pair 8 from disk...
dedode_L-upright_B-upright: 5 match-sets in 0.67s
[Coarse] dedode_L-upright_B-upright pair 9: dE=-9059.4 m dN=4950.7 m (phasecorr@180m, support=None, peak=0.05415244971381293) field 1x1 cells, dE -9094..-9094 m, dN 4821..4821 m, 0 filled
dedode_L-upright_B-upright: Processing pair 9 from disk...
dedode_L-upright_B-upright: 5 match-sets in 1.67s
[Coarse] dedode_L-upright_B-upright pair 10: dE=-9073.5 m dN=4906.4 m (phasecorr@180m, support=None, peak=0.037404243375048225) field 1x1 cells, dE -9023..-9023 m, dN 4778..4778 m, 0 filled
dedode_L-upright_B-upright: Processing pair 10 from disk...
dedode_L-upright_B-upright: 5 match-sets in 1.21s
[Coarse] dedode_L-upright_B-upright pair 11: dE=-9022.9 m dN=4778.1 m (from-pair-10, support=None, peak=None) 
dedode_L-upright_B-upright: Processing pair 11 from disk...
dedode_L-upright_B-upright: 5 match-sets in 1.74s
[Coarse] dedode_L-upright_B-upright pair 12: dE=-9321.8 m dN=4777.2 m (phasecorr@180m, support=None, peak=0.044330621825324164) field 1x1 cells, dE -9400..-9400 m, dN 4784..4784 m, 0 filled
dedode_L-upright_B-upright: Processing pair 12 from disk...
dedode_L-upright_B-upright: 4 match-sets in 3.73s
[Coarse] dedode_L-upright_B-upright pair 13: dE=-9228.3 m dN=4825.9 m (phasecorr@180m, support=None, peak=0.03933755140516493) field 1x1 cells, dE -9272..-9272 m, dN 4847..4847 m, 0 filled
dedode_L-upright_B-upright: Processing pair 13 from disk...
dedode_L-upright_B-upright: 4 match-sets in 2.91s
[Coarse] dedode_L-upright_B-upright pair 14: dE=-9308.5 m dN=4822.9 m (phasecorr@180m, support=None, peak=0.0362194667590989) field 1x1 cells, dE -9542..-9542 m, dN 4843..4843 m, 0 filled
dedode_L-upright_B-upright: Processing pair 14 from disk...
dedode_L-upright_B-upright: 5 match-sets in 2.87s
[Coarse] dedode_L-upright_B-upright pair 15: dE=-19392.4 m dN=24257.7 m (phasecorr@180m, support=None, peak=0.07282278133763208) 
dedode_L-upright_B-upright: Processing pair 15 from disk...
dedode_L-upright_B-upright: 4 match-sets in 0.79s
Saved:
 CHIP_STATS_ALL.csv
 CHIP_STATS_SURVIVORS.csv
 CONSENSUS_SCORES.csv
 BEST_CHIP_SET.csv
 BEST_CHIP_MANIFEST.csv
 BEST_FINAL_SUMMARY.csv
[band1] dedode_L-upright_B-upright ok in 1.0 min, peak GPU memory 9.4 of 15.6 GB
--------------------------------------------------------------------------------
[band1] Running dedode_L-upright_B-C4
DeDoDe: Loading L-upright/B-C4...
dedode: Initializing LightGlue {'filter_threshold': 0.1, 'depth_confidence': 0.95, 'width_confidence': 0.99}...
Loaded LightGlue model
[Coarse] pair 1: no reliable coarse offset (matcher: no matches; phasecorr: {'dx': -20193.477464726686, 'dy': -45743.92838364222, 'support': None, 'n': None, 'peak': 0.020609428800836677}); windows compared in place
[Coarse] pair 2: no reliable coarse offset (matcher: no matches; phasecorr: {'dx': -13696.50551245419, 'dy': -38359.15034615832, 'support': None, 'n': None, 'peak': 0.005463445974802611}); windows compared in place
[Coarse] pair 3: no reliable coarse offset (matcher: no matches; phasecorr: {'dx': -26691.14624675497, 'dy': -28341.854429889372, 'support': None, 'n': None, 'peak': 0.028507738675927267}); windows compared in place
[Coarse] pair 11: no reliable coarse offset (matcher: no matches; phasecorr: {'dx': -9310.972745874022, 'dy': 4896.252513739784, 'support': None, 'n': None, 'peak': 0.011061620189525462}); windows compared in place
[Coarse] WARNING: dedode_L-upright_B-C4: the pairs' coarse offsets differ by up to 19 km, more than one image moves from place to place. Pairs with a wrong offset match the wrong ground (the chip consensus drops them when they are few); if most pairs disagree, check the input's pixel size and window size.
[Coarse] dedode_L-upright_B-C4 pair 1: dE=-9093.9 m dN=4821.4 m (from-pair-9, support=None, peak=None) 
dedode_L-upright_B-C4: Processing pair 1 from disk...
dedode_L-upright_B-C4: 5 match-sets in 0.65s
[Coarse] dedode_L-upright_B-C4 pair 2: dE=-9093.9 m dN=4821.4 m (from-pair-9, support=None, peak=None) 
dedode_L-upright_B-C4: Processing pair 2 from disk...
dedode_L-upright_B-C4: 5 match-sets in 0.64s
[Coarse] dedode_L-upright_B-C4 pair 3: dE=-9093.9 m dN=4821.4 m (from-pair-9, support=None, peak=None) 
dedode_L-upright_B-C4: Processing pair 3 from disk...
dedode_L-upright_B-C4: 5 match-sets in 0.64s
[Coarse] dedode_L-upright_B-C4 pair 4: dE=-9221.2 m dN=4881.8 m (phasecorr@180m, support=None, peak=0.05907139921188354) field 1x1 cells, dE -9682..-9682 m, dN 4878..4878 m, 0 filled
dedode_L-upright_B-C4: Processing pair 4 from disk...
dedode_L-upright_B-C4: 5 match-sets in 3.16s
[Coarse] dedode_L-upright_B-C4 pair 5: dE=-9227.3 m dN=4936.9 m (phasecorr@180m, support=None, peak=0.06194785504341126) field 1x1 cells, dE -9750..-9750 m, dN 4772..4772 m, 0 filled
dedode_L-upright_B-C4: Processing pair 5 from disk...
dedode_L-upright_B-C4: 4 match-sets in 3.29s
[Coarse] dedode_L-upright_B-C4 pair 6: dE=-9159.5 m dN=4923.5 m (phasecorr@180m, support=None, peak=0.05013165693283081) field 1x1 cells, dE -9887..-9887 m, dN 4790..4790 m, 0 filled
dedode_L-upright_B-C4: Processing pair 6 from disk...
dedode_L-upright_B-C4: 5 match-sets in 3.13s
[Coarse] dedode_L-upright_B-C4 pair 7: dE=-9947.3 m dN=4785.4 m (phasecorr@180m, support=None, peak=0.11055335414556809) field 1x1 cells, dE -9955..-9955 m, dN 4765..4765 m, 0 filled
dedode_L-upright_B-C4: Processing pair 7 from disk...
dedode_L-upright_B-C4: 5 match-sets in 0.66s
[Coarse] dedode_L-upright_B-C4 pair 8: dE=-9954.5 m dN=4779.3 m (phasecorr@180m, support=None, peak=0.1302907753461673) field 1x1 cells, dE -9962..-9962 m, dN 4753..4753 m, 0 filled
dedode_L-upright_B-C4: Processing pair 8 from disk...
dedode_L-upright_B-C4: 5 match-sets in 0.66s
[Coarse] dedode_L-upright_B-C4 pair 9: dE=-9059.4 m dN=4950.7 m (phasecorr@180m, support=None, peak=0.05415244971381293) field 1x1 cells, dE -9094..-9094 m, dN 4821..4821 m, 0 filled
dedode_L-upright_B-C4: Processing pair 9 from disk...
dedode_L-upright_B-C4: 4 match-sets in 1.14s
[Coarse] dedode_L-upright_B-C4 pair 10: dE=-9073.5 m dN=4906.4 m (phasecorr@180m, support=None, peak=0.037404243375048225) field 1x1 cells, dE -9023..-9023 m, dN 4778..4778 m, 0 filled
dedode_L-upright_B-C4: Processing pair 10 from disk...
dedode_L-upright_B-C4: 5 match-sets in 1.15s
[Coarse] dedode_L-upright_B-C4 pair 11: dE=-9022.9 m dN=4778.1 m (from-pair-10, support=None, peak=None) 
dedode_L-upright_B-C4: Processing pair 11 from disk...
dedode_L-upright_B-C4: 5 match-sets in 1.17s
[Coarse] dedode_L-upright_B-C4 pair 12: dE=-9321.8 m dN=4777.2 m (phasecorr@180m, support=None, peak=0.044330621825324164) field 1x1 cells, dE -9400..-9400 m, dN 4784..4784 m, 0 filled
dedode_L-upright_B-C4: Processing pair 12 from disk...
dedode_L-upright_B-C4: 5 match-sets in 2.79s
[Coarse] dedode_L-upright_B-C4 pair 13: dE=-9228.3 m dN=4825.9 m (phasecorr@180m, support=None, peak=0.03933755140516493) field 1x1 cells, dE -9272..-9272 m, dN 4847..4847 m, 0 filled
dedode_L-upright_B-C4: Processing pair 13 from disk...
dedode_L-upright_B-C4: 5 match-sets in 3.00s
[Coarse] dedode_L-upright_B-C4 pair 14: dE=-9308.5 m dN=4822.9 m (phasecorr@180m, support=None, peak=0.0362194667590989) field 1x1 cells, dE -9542..-9542 m, dN 4843..4843 m, 0 filled
dedode_L-upright_B-C4: Processing pair 14 from disk...
dedode_L-upright_B-C4: 4 match-sets in 2.99s
[Coarse] dedode_L-upright_B-C4 pair 15: dE=-19392.4 m dN=24257.7 m (phasecorr@180m, support=None, peak=0.07282278133763208) 
dedode_L-upright_B-C4: Processing pair 15 from disk...
dedode_L-upright_B-C4: 4 match-sets in 0.47s
Saved:
 CHIP_STATS_ALL.csv
 CHIP_STATS_SURVIVORS.csv
 CONSENSUS_SCORES.csv
 BEST_CHIP_SET.csv
 BEST_CHIP_MANIFEST.csv
 BEST_FINAL_SUMMARY.csv
[band1] dedode_L-upright_B-C4 ok in 0.7 min, peak GPU memory 8.8 of 15.6 GB
--------------------------------------------------------------------------------
[band1] Running dedode_L-C4_B-upright
DeDoDe: Loading L-C4/B-upright...
dedode: Initializing LightGlue {'filter_threshold': 0.1, 'depth_confidence': 0.95, 'width_confidence': 0.99}...
Loaded LightGlue model
[Coarse] pair 1: no reliable coarse offset (matcher: no matches; phasecorr: {'dx': -20193.477464726686, 'dy': -45743.92838364222, 'support': None, 'n': None, 'peak': 0.020609428800836677}); windows compared in place
[Coarse] pair 2: no reliable coarse offset (matcher: no matches; phasecorr: {'dx': -13696.50551245419, 'dy': -38359.15034615832, 'support': None, 'n': None, 'peak': 0.005463445974802611}); windows compared in place
[Coarse] pair 3: no reliable coarse offset (matcher: no matches; phasecorr: {'dx': -26691.14624675497, 'dy': -28341.854429889372, 'support': None, 'n': None, 'peak': 0.028507738675927267}); windows compared in place
[Coarse] pair 11: no reliable coarse offset (matcher: no matches; phasecorr: {'dx': -9310.972745874022, 'dy': 4896.252513739784, 'support': None, 'n': None, 'peak': 0.011061620189525462}); windows compared in place
[Coarse] WARNING: dedode_L-C4_B-upright: the pairs' coarse offsets differ by up to 19 km, more than one image moves from place to place. Pairs with a wrong offset match the wrong ground (the chip consensus drops them when they are few); if most pairs disagree, check the input's pixel size and window size.
[Coarse] dedode_L-C4_B-upright pair 1: dE=-9093.9 m dN=4821.4 m (from-pair-9, support=None, peak=None) 
dedode_L-C4_B-upright: Processing pair 1 from disk...
dedode_L-C4_B-upright: 5 match-sets in 0.64s
[Coarse] dedode_L-C4_B-upright pair 2: dE=-9093.9 m dN=4821.4 m (from-pair-9, support=None, peak=None) 
dedode_L-C4_B-upright: Processing pair 2 from disk...
dedode_L-C4_B-upright: 5 match-sets in 0.64s
[Coarse] dedode_L-C4_B-upright pair 3: dE=-9093.9 m dN=4821.4 m (from-pair-9, support=None, peak=None) 
dedode_L-C4_B-upright: Processing pair 3 from disk...
dedode_L-C4_B-upright: 5 match-sets in 0.63s
[Coarse] dedode_L-C4_B-upright pair 4: dE=-9221.2 m dN=4881.8 m (phasecorr@180m, support=None, peak=0.05907139921188354) field 1x1 cells, dE -9682..-9682 m, dN 4878..4878 m, 0 filled
dedode_L-C4_B-upright: Processing pair 4 from disk...
dedode_L-C4_B-upright: 5 match-sets in 3.15s
[Coarse] dedode_L-C4_B-upright pair 5: dE=-9227.3 m dN=4936.9 m (phasecorr@180m, support=None, peak=0.06194785504341126) field 1x1 cells, dE -9750..-9750 m, dN 4772..4772 m, 0 filled
dedode_L-C4_B-upright: Processing pair 5 from disk...
dedode_L-C4_B-upright: 5 match-sets in 3.33s
[Coarse] dedode_L-C4_B-upright pair 6: dE=-9159.5 m dN=4923.5 m (phasecorr@180m, support=None, peak=0.05013165693283081) field 1x1 cells, dE -9887..-9887 m, dN 4790..4790 m, 0 filled
dedode_L-C4_B-upright: Processing pair 6 from disk...
dedode_L-C4_B-upright: 5 match-sets in 3.13s
[Coarse] dedode_L-C4_B-upright pair 7: dE=-9947.3 m dN=4785.4 m (phasecorr@180m, support=None, peak=0.11055335414556809) field 1x1 cells, dE -9955..-9955 m, dN 4765..4765 m, 0 filled
dedode_L-C4_B-upright: Processing pair 7 from disk...
dedode_L-C4_B-upright: 5 match-sets in 0.67s
[Coarse] dedode_L-C4_B-upright pair 8: dE=-9954.5 m dN=4779.3 m (phasecorr@180m, support=None, peak=0.1302907753461673) field 1x1 cells, dE -9962..-9962 m, dN 4753..4753 m, 0 filled
dedode_L-C4_B-upright: Processing pair 8 from disk...
dedode_L-C4_B-upright: 5 match-sets in 0.67s
[Coarse] dedode_L-C4_B-upright pair 9: dE=-9059.4 m dN=4950.7 m (phasecorr@180m, support=None, peak=0.05415244971381293) field 1x1 cells, dE -9094..-9094 m, dN 4821..4821 m, 0 filled
dedode_L-C4_B-upright: Processing pair 9 from disk...
dedode_L-C4_B-upright: 5 match-sets in 1.14s
[Coarse] dedode_L-C4_B-upright pair 10: dE=-9073.5 m dN=4906.4 m (phasecorr@180m, support=None, peak=0.037404243375048225) field 1x1 cells, dE -9023..-9023 m, dN 4778..4778 m, 0 filled
dedode_L-C4_B-upright: Processing pair 10 from disk...
dedode_L-C4_B-upright: 5 match-sets in 1.14s
[Coarse] dedode_L-C4_B-upright pair 11: dE=-9022.9 m dN=4778.1 m (from-pair-10, support=None, peak=None) 
dedode_L-C4_B-upright: Processing pair 11 from disk...
dedode_L-C4_B-upright: 5 match-sets in 1.20s
[Coarse] dedode_L-C4_B-upright pair 12: dE=-9321.8 m dN=4777.2 m (phasecorr@180m, support=None, peak=0.044330621825324164) field 1x1 cells, dE -9400..-9400 m, dN 4784..4784 m, 0 filled
dedode_L-C4_B-upright: Processing pair 12 from disk...
dedode_L-C4_B-upright: 5 match-sets in 2.86s
[Coarse] dedode_L-C4_B-upright pair 13: dE=-9228.3 m dN=4825.9 m (phasecorr@180m, support=None, peak=0.03933755140516493) field 1x1 cells, dE -9272..-9272 m, dN 4847..4847 m, 0 filled
dedode_L-C4_B-upright: Processing pair 13 from disk...
dedode_L-C4_B-upright: 5 match-sets in 2.93s
[Coarse] dedode_L-C4_B-upright pair 14: dE=-9308.5 m dN=4822.9 m (phasecorr@180m, support=None, peak=0.0362194667590989) field 1x1 cells, dE -9542..-9542 m, dN 4843..4843 m, 0 filled
dedode_L-C4_B-upright: Processing pair 14 from disk...
dedode_L-C4_B-upright: 5 match-sets in 2.79s
[Coarse] dedode_L-C4_B-upright pair 15: dE=-19392.4 m dN=24257.7 m (phasecorr@180m, support=None, peak=0.07282278133763208) 
dedode_L-C4_B-upright: Processing pair 15 from disk...
dedode_L-C4_B-upright: 4 match-sets in 0.48s
Saved:
 CHIP_STATS_ALL.csv
 CHIP_STATS_SURVIVORS.csv
 CONSENSUS_SCORES.csv
 BEST_CHIP_SET.csv
 BEST_CHIP_MANIFEST.csv
 BEST_FINAL_SUMMARY.csv
[band1] dedode_L-C4_B-upright ok in 0.7 min, peak GPU memory 8.7 of 15.6 GB
--------------------------------------------------------------------------------
[band1] Running dedode_L-C4_B-C4
DeDoDe: Loading L-C4/B-C4...
dedode: Initializing LightGlue {'filter_threshold': 0.1, 'depth_confidence': 0.95, 'width_confidence': 0.99}...
Loaded LightGlue model
[Coarse] pair 1: no reliable coarse offset (matcher: no matches; phasecorr: {'dx': -20193.477464726686, 'dy': -45743.92838364222, 'support': None, 'n': None, 'peak': 0.020609428800836677}); windows compared in place
[Coarse] pair 2: no reliable coarse offset (matcher: no matches; phasecorr: {'dx': -13696.50551245419, 'dy': -38359.15034615832, 'support': None, 'n': None, 'peak': 0.005463445974802611}); windows compared in place
[Coarse] pair 3: no reliable coarse offset (matcher: no matches; phasecorr: {'dx': -26691.14624675497, 'dy': -28341.854429889372, 'support': None, 'n': None, 'peak': 0.028507738675927267}); windows compared in place
[Coarse] pair 11: no reliable coarse offset (matcher: no matches; phasecorr: {'dx': -9310.972745874022, 'dy': 4896.252513739784, 'support': None, 'n': None, 'peak': 0.011061620189525462}); windows compared in place
[Coarse] WARNING: dedode_L-C4_B-C4: the pairs' coarse offsets differ by up to 19 km, more than one image moves from place to place. Pairs with a wrong offset match the wrong ground (the chip consensus drops them when they are few); if most pairs disagree, check the input's pixel size and window size.
[Coarse] dedode_L-C4_B-C4 pair 1: dE=-9093.9 m dN=4821.4 m (from-pair-9, support=None, peak=None) 
dedode_L-C4_B-C4: Processing pair 1 from disk...
dedode_L-C4_B-C4: 5 match-sets in 0.64s
[Coarse] dedode_L-C4_B-C4 pair 2: dE=-9093.9 m dN=4821.4 m (from-pair-9, support=None, peak=None) 
dedode_L-C4_B-C4: Processing pair 2 from disk...
dedode_L-C4_B-C4: 5 match-sets in 0.63s
[Coarse] dedode_L-C4_B-C4 pair 3: dE=-9093.9 m dN=4821.4 m (from-pair-9, support=None, peak=None) 
dedode_L-C4_B-C4: Processing pair 3 from disk...
dedode_L-C4_B-C4: 4 match-sets in 0.64s
[Coarse] dedode_L-C4_B-C4 pair 4: dE=-9221.2 m dN=4881.8 m (phasecorr@180m, support=None, peak=0.05907139921188354) field 1x1 cells, dE -9682..-9682 m, dN 4878..4878 m, 0 filled
dedode_L-C4_B-C4: Processing pair 4 from disk...
dedode_L-C4_B-C4: 4 match-sets in 3.12s
[Coarse] dedode_L-C4_B-C4 pair 5: dE=-9227.3 m dN=4936.9 m (phasecorr@180m, support=None, peak=0.06194785504341126) field 1x1 cells, dE -9750..-9750 m, dN 4772..4772 m, 0 filled
dedode_L-C4_B-C4: Processing pair 5 from disk...
dedode_L-C4_B-C4: 4 match-sets in 3.15s
[Coarse] dedode_L-C4_B-C4 pair 6: dE=-9159.5 m dN=4923.5 m (phasecorr@180m, support=None, peak=0.05013165693283081) field 1x1 cells, dE -9887..-9887 m, dN 4790..4790 m, 0 filled
dedode_L-C4_B-C4: Processing pair 6 from disk...
dedode_L-C4_B-C4: 5 match-sets in 3.24s
[Coarse] dedode_L-C4_B-C4 pair 7: dE=-9947.3 m dN=4785.4 m (phasecorr@180m, support=None, peak=0.11055335414556809) field 1x1 cells, dE -9955..-9955 m, dN 4765..4765 m, 0 filled
dedode_L-C4_B-C4: Processing pair 7 from disk...
dedode_L-C4_B-C4: 4 match-sets in 0.66s
[Coarse] dedode_L-C4_B-C4 pair 8: dE=-9954.5 m dN=4779.3 m (phasecorr@180m, support=None, peak=0.1302907753461673) field 1x1 cells, dE -9962..-9962 m, dN 4753..4753 m, 0 filled
dedode_L-C4_B-C4: Processing pair 8 from disk...
dedode_L-C4_B-C4: 4 match-sets in 0.66s
[Coarse] dedode_L-C4_B-C4 pair 9: dE=-9059.4 m dN=4950.7 m (phasecorr@180m, support=None, peak=0.05415244971381293) field 1x1 cells, dE -9094..-9094 m, dN 4821..4821 m, 0 filled
dedode_L-C4_B-C4: Processing pair 9 from disk...
dedode_L-C4_B-C4: 5 match-sets in 1.12s
[Coarse] dedode_L-C4_B-C4 pair 10: dE=-9073.5 m dN=4906.4 m (phasecorr@180m, support=None, peak=0.037404243375048225) field 1x1 cells, dE -9023..-9023 m, dN 4778..4778 m, 0 filled
dedode_L-C4_B-C4: Processing pair 10 from disk...
dedode_L-C4_B-C4: 5 match-sets in 1.12s
[Coarse] dedode_L-C4_B-C4 pair 11: dE=-9022.9 m dN=4778.1 m (from-pair-10, support=None, peak=None) 
dedode_L-C4_B-C4: Processing pair 11 from disk...
dedode_L-C4_B-C4: 4 match-sets in 1.16s
[Coarse] dedode_L-C4_B-C4 pair 12: dE=-9321.8 m dN=4777.2 m (phasecorr@180m, support=None, peak=0.044330621825324164) field 1x1 cells, dE -9400..-9400 m, dN 4784..4784 m, 0 filled
dedode_L-C4_B-C4: Processing pair 12 from disk...
dedode_L-C4_B-C4: 5 match-sets in 2.79s
[Coarse] dedode_L-C4_B-C4 pair 13: dE=-9228.3 m dN=4825.9 m (phasecorr@180m, support=None, peak=0.03933755140516493) field 1x1 cells, dE -9272..-9272 m, dN 4847..4847 m, 0 filled
dedode_L-C4_B-C4: Processing pair 13 from disk...
dedode_L-C4_B-C4: 4 match-sets in 3.00s
[Coarse] dedode_L-C4_B-C4 pair 14: dE=-9308.5 m dN=4822.9 m (phasecorr@180m, support=None, peak=0.0362194667590989) field 1x1 cells, dE -9542..-9542 m, dN 4843..4843 m, 0 filled
dedode_L-C4_B-C4: Processing pair 14 from disk...
dedode_L-C4_B-C4: 5 match-sets in 2.81s
[Coarse] dedode_L-C4_B-C4 pair 15: dE=-19392.4 m dN=24257.7 m (phasecorr@180m, support=None, peak=0.07282278133763208) 
dedode_L-C4_B-C4: Processing pair 15 from disk...
dedode_L-C4_B-C4: 5 match-sets in 0.47s
Saved:
 CHIP_STATS_ALL.csv
 CHIP_STATS_SURVIVORS.csv
 CONSENSUS_SCORES.csv
 BEST_CHIP_SET.csv
 BEST_CHIP_MANIFEST.csv
 BEST_FINAL_SUMMARY.csv
[band1] dedode_L-C4_B-C4 ok in 0.7 min, peak GPU memory 8.5 of 15.6 GB
--------------------------------------------------------------------------------
[band1] Running dedode_L-C4-v2_B-upright
DeDoDe: Loading L-C4-v2/B-upright...
dedode: Initializing LightGlue {'filter_threshold': 0.1, 'depth_confidence': 0.95, 'width_confidence': 0.99}...
Loaded LightGlue model
[Coarse] pair 1: no reliable coarse offset (matcher: no matches; phasecorr: {'dx': -20193.477464726686, 'dy': -45743.92838364222, 'support': None, 'n': None, 'peak': 0.020609428800836677}); windows compared in place
[Coarse] pair 2: no reliable coarse offset (matcher: no matches; phasecorr: {'dx': -13696.50551245419, 'dy': -38359.15034615832, 'support': None, 'n': None, 'peak': 0.005463445974802611}); windows compared in place
[Coarse] pair 3: no reliable coarse offset (matcher: no matches; phasecorr: {'dx': -26691.14624675497, 'dy': -28341.854429889372, 'support': None, 'n': None, 'peak': 0.028507738675927267}); windows compared in place
[Coarse] pair 11: no reliable coarse offset (matcher: no matches; phasecorr: {'dx': -9310.972745874022, 'dy': 4896.252513739784, 'support': None, 'n': None, 'peak': 0.011061620189525462}); windows compared in place
[Coarse] WARNING: dedode_L-C4-v2_B-upright: the pairs' coarse offsets differ by up to 19 km, more than one image moves from place to place. Pairs with a wrong offset match the wrong ground (the chip consensus drops them when they are few); if most pairs disagree, check the input's pixel size and window size.
[Coarse] dedode_L-C4-v2_B-upright pair 1: dE=-9093.9 m dN=4821.4 m (from-pair-9, support=None, peak=None) 
dedode_L-C4-v2_B-upright: Processing pair 1 from disk...
dedode_L-C4-v2_B-upright: 6 match-sets in 0.66s
[Coarse] dedode_L-C4-v2_B-upright pair 2: dE=-9093.9 m dN=4821.4 m (from-pair-9, support=None, peak=None) 
dedode_L-C4-v2_B-upright: Processing pair 2 from disk...
dedode_L-C4-v2_B-upright: 5 match-sets in 0.65s
[Coarse] dedode_L-C4-v2_B-upright pair 3: dE=-9093.9 m dN=4821.4 m (from-pair-9, support=None, peak=None) 
dedode_L-C4-v2_B-upright: Processing pair 3 from disk...
dedode_L-C4-v2_B-upright: 5 match-sets in 0.65s
[Coarse] dedode_L-C4-v2_B-upright pair 4: dE=-9221.2 m dN=4881.8 m (phasecorr@180m, support=None, peak=0.05907139921188354) field 1x1 cells, dE -9682..-9682 m, dN 4878..4878 m, 0 filled
dedode_L-C4-v2_B-upright: Processing pair 4 from disk...
dedode_L-C4-v2_B-upright: 5 match-sets in 3.54s
[Coarse] dedode_L-C4-v2_B-upright pair 5: dE=-9227.3 m dN=4936.9 m (phasecorr@180m, support=None, peak=0.06194785504341126) field 1x1 cells, dE -9750..-9750 m, dN 4772..4772 m, 0 filled
dedode_L-C4-v2_B-upright: Processing pair 5 from disk...
dedode_L-C4-v2_B-upright: 5 match-sets in 3.44s
[Coarse] dedode_L-C4-v2_B-upright pair 6: dE=-9159.5 m dN=4923.5 m (phasecorr@180m, support=None, peak=0.05013165693283081) field 1x1 cells, dE -9887..-9887 m, dN 4790..4790 m, 0 filled
dedode_L-C4-v2_B-upright: Processing pair 6 from disk...
dedode_L-C4-v2_B-upright: 5 match-sets in 3.40s
[Coarse] dedode_L-C4-v2_B-upright pair 7: dE=-9947.3 m dN=4785.4 m (phasecorr@180m, support=None, peak=0.11055335414556809) field 1x1 cells, dE -9955..-9955 m, dN 4765..4765 m, 0 filled
dedode_L-C4-v2_B-upright: Processing pair 7 from disk...
dedode_L-C4-v2_B-upright: 5 match-sets in 0.69s
[Coarse] dedode_L-C4-v2_B-upright pair 8: dE=-9954.5 m dN=4779.3 m (phasecorr@180m, support=None, peak=0.1302907753461673) field 1x1 cells, dE -9962..-9962 m, dN 4753..4753 m, 0 filled
dedode_L-C4-v2_B-upright: Processing pair 8 from disk...
dedode_L-C4-v2_B-upright: 5 match-sets in 0.68s
[Coarse] dedode_L-C4-v2_B-upright pair 9: dE=-9059.4 m dN=4950.7 m (phasecorr@180m, support=None, peak=0.05415244971381293) field 1x1 cells, dE -9094..-9094 m, dN 4821..4821 m, 0 filled
dedode_L-C4-v2_B-upright: Processing pair 9 from disk...
dedode_L-C4-v2_B-upright: 5 match-sets in 1.18s
[Coarse] dedode_L-C4-v2_B-upright pair 10: dE=-9073.5 m dN=4906.4 m (phasecorr@180m, support=None, peak=0.037404243375048225) field 1x1 cells, dE -9023..-9023 m, dN 4778..4778 m, 0 filled
dedode_L-C4-v2_B-upright: Processing pair 10 from disk...
dedode_L-C4-v2_B-upright: 5 match-sets in 1.18s
[Coarse] dedode_L-C4-v2_B-upright pair 11: dE=-9022.9 m dN=4778.1 m (from-pair-10, support=None, peak=None) 
dedode_L-C4-v2_B-upright: Processing pair 11 from disk...
dedode_L-C4-v2_B-upright: 4 match-sets in 1.22s
[Coarse] dedode_L-C4-v2_B-upright pair 12: dE=-9321.8 m dN=4777.2 m (phasecorr@180m, support=None, peak=0.044330621825324164) field 1x1 cells, dE -9400..-9400 m, dN 4784..4784 m, 0 filled
dedode_L-C4-v2_B-upright: Processing pair 12 from disk...
dedode_L-C4-v2_B-upright: 4 match-sets in 3.00s
[Coarse] dedode_L-C4-v2_B-upright pair 13: dE=-9228.3 m dN=4825.9 m (phasecorr@180m, support=None, peak=0.03933755140516493) field 1x1 cells, dE -9272..-9272 m, dN 4847..4847 m, 0 filled
dedode_L-C4-v2_B-upright: Processing pair 13 from disk...
dedode_L-C4-v2_B-upright: 5 match-sets in 2.92s
[Coarse] dedode_L-C4-v2_B-upright pair 14: dE=-9308.5 m dN=4822.9 m (phasecorr@180m, support=None, peak=0.0362194667590989) field 1x1 cells, dE -9542..-9542 m, dN 4843..4843 m, 0 filled
dedode_L-C4-v2_B-upright: Processing pair 14 from disk...
dedode_L-C4-v2_B-upright: 5 match-sets in 2.96s
[Coarse] dedode_L-C4-v2_B-upright pair 15: dE=-19392.4 m dN=24257.7 m (phasecorr@180m, support=None, peak=0.07282278133763208) 
dedode_L-C4-v2_B-upright: Processing pair 15 from disk...
dedode_L-C4-v2_B-upright: 4 match-sets in 0.49s
Saved:
 CHIP_STATS_ALL.csv
 CHIP_STATS_SURVIVORS.csv
 CONSENSUS_SCORES.csv
 BEST_CHIP_SET.csv
 BEST_CHIP_MANIFEST.csv
 BEST_FINAL_SUMMARY.csv
[band1] dedode_L-C4-v2_B-upright ok in 0.7 min, peak GPU memory 9.9 of 15.6 GB
--------------------------------------------------------------------------------
[band1] Running dedode_L-C4-v2_B-C4
DeDoDe: Loading L-C4-v2/B-C4...
dedode: Initializing LightGlue {'filter_threshold': 0.1, 'depth_confidence': 0.95, 'width_confidence': 0.99}...
Loaded LightGlue model
[Coarse] pair 1: no reliable coarse offset (matcher: no matches; phasecorr: {'dx': -20193.477464726686, 'dy': -45743.92838364222, 'support': None, 'n': None, 'peak': 0.020609428800836677}); windows compared in place
[Coarse] pair 2: no reliable coarse offset (matcher: no matches; phasecorr: {'dx': -13696.50551245419, 'dy': -38359.15034615832, 'support': None, 'n': None, 'peak': 0.005463445974802611}); windows compared in place
[Coarse] pair 3: no reliable coarse offset (matcher: no matches; phasecorr: {'dx': -26691.14624675497, 'dy': -28341.854429889372, 'support': None, 'n': None, 'peak': 0.028507738675927267}); windows compared in place
[Coarse] pair 11: no reliable coarse offset (matcher: no matches; phasecorr: {'dx': -9310.972745874022, 'dy': 4896.252513739784, 'support': None, 'n': None, 'peak': 0.011061620189525462}); windows compared in place
[Coarse] WARNING: dedode_L-C4-v2_B-C4: the pairs' coarse offsets differ by up to 19 km, more than one image moves from place to place. Pairs with a wrong offset match the wrong ground (the chip consensus drops them when they are few); if most pairs disagree, check the input's pixel size and window size.
[Coarse] dedode_L-C4-v2_B-C4 pair 1: dE=-9093.9 m dN=4821.4 m (from-pair-9, support=None, peak=None) 
dedode_L-C4-v2_B-C4: Processing pair 1 from disk...
dedode_L-C4-v2_B-C4: 5 match-sets in 0.65s
[Coarse] dedode_L-C4-v2_B-C4 pair 2: dE=-9093.9 m dN=4821.4 m (from-pair-9, support=None, peak=None) 
dedode_L-C4-v2_B-C4: Processing pair 2 from disk...
dedode_L-C4-v2_B-C4: 5 match-sets in 0.64s
[Coarse] dedode_L-C4-v2_B-C4 pair 3: dE=-9093.9 m dN=4821.4 m (from-pair-9, support=None, peak=None) 
dedode_L-C4-v2_B-C4: Processing pair 3 from disk...
dedode_L-C4-v2_B-C4: 5 match-sets in 0.64s
[Coarse] dedode_L-C4-v2_B-C4 pair 4: dE=-9221.2 m dN=4881.8 m (phasecorr@180m, support=None, peak=0.05907139921188354) field 1x1 cells, dE -9682..-9682 m, dN 4878..4878 m, 0 filled
dedode_L-C4-v2_B-C4: Processing pair 4 from disk...
dedode_L-C4-v2_B-C4: 5 match-sets in 3.45s
[Coarse] dedode_L-C4-v2_B-C4 pair 5: dE=-9227.3 m dN=4936.9 m (phasecorr@180m, support=None, peak=0.06194785504341126) field 1x1 cells, dE -9750..-9750 m, dN 4772..4772 m, 0 filled
dedode_L-C4-v2_B-C4: Processing pair 5 from disk...
dedode_L-C4-v2_B-C4: 5 match-sets in 3.34s
[Coarse] dedode_L-C4-v2_B-C4 pair 6: dE=-9159.5 m dN=4923.5 m (phasecorr@180m, support=None, peak=0.05013165693283081) field 1x1 cells, dE -9887..-9887 m, dN 4790..4790 m, 0 filled
dedode_L-C4-v2_B-C4: Processing pair 6 from disk...
dedode_L-C4-v2_B-C4: 5 match-sets in 3.38s
[Coarse] dedode_L-C4-v2_B-C4 pair 7: dE=-9947.3 m dN=4785.4 m (phasecorr@180m, support=None, peak=0.11055335414556809) field 1x1 cells, dE -9955..-9955 m, dN 4765..4765 m, 0 filled
dedode_L-C4-v2_B-C4: Processing pair 7 from disk...
dedode_L-C4-v2_B-C4: 5 match-sets in 0.68s
[Coarse] dedode_L-C4-v2_B-C4 pair 8: dE=-9954.5 m dN=4779.3 m (phasecorr@180m, support=None, peak=0.1302907753461673) field 1x1 cells, dE -9962..-9962 m, dN 4753..4753 m, 0 filled
dedode_L-C4-v2_B-C4: Processing pair 8 from disk...
dedode_L-C4-v2_B-C4: 5 match-sets in 0.67s
[Coarse] dedode_L-C4-v2_B-C4 pair 9: dE=-9059.4 m dN=4950.7 m (phasecorr@180m, support=None, peak=0.05415244971381293) field 1x1 cells, dE -9094..-9094 m, dN 4821..4821 m, 0 filled
dedode_L-C4-v2_B-C4: Processing pair 9 from disk...
dedode_L-C4-v2_B-C4: 5 match-sets in 1.17s
[Coarse] dedode_L-C4-v2_B-C4 pair 10: dE=-9073.5 m dN=4906.4 m (phasecorr@180m, support=None, peak=0.037404243375048225) field 1x1 cells, dE -9023..-9023 m, dN 4778..4778 m, 0 filled
dedode_L-C4-v2_B-C4: Processing pair 10 from disk...
dedode_L-C4-v2_B-C4: 5 match-sets in 1.17s
[Coarse] dedode_L-C4-v2_B-C4 pair 11: dE=-9022.9 m dN=4778.1 m (from-pair-10, support=None, peak=None) 
dedode_L-C4-v2_B-C4: Processing pair 11 from disk...
dedode_L-C4-v2_B-C4: 6 match-sets in 1.21s
[Coarse] dedode_L-C4-v2_B-C4 pair 12: dE=-9321.8 m dN=4777.2 m (phasecorr@180m, support=None, peak=0.044330621825324164) field 1x1 cells, dE -9400..-9400 m, dN 4784..4784 m, 0 filled
dedode_L-C4-v2_B-C4: Processing pair 12 from disk...
dedode_L-C4-v2_B-C4: 5 match-sets in 3.01s
[Coarse] dedode_L-C4-v2_B-C4 pair 13: dE=-9228.3 m dN=4825.9 m (phasecorr@180m, support=None, peak=0.03933755140516493) field 1x1 cells, dE -9272..-9272 m, dN 4847..4847 m, 0 filled
dedode_L-C4-v2_B-C4: Processing pair 13 from disk...
dedode_L-C4-v2_B-C4: 5 match-sets in 2.88s
[Coarse] dedode_L-C4-v2_B-C4 pair 14: dE=-9308.5 m dN=4822.9 m (phasecorr@180m, support=None, peak=0.0362194667590989) field 1x1 cells, dE -9542..-9542 m, dN 4843..4843 m, 0 filled
dedode_L-C4-v2_B-C4: Processing pair 14 from disk...
dedode_L-C4-v2_B-C4: 5 match-sets in 2.89s
[Coarse] dedode_L-C4-v2_B-C4 pair 15: dE=-19392.4 m dN=24257.7 m (phasecorr@180m, support=None, peak=0.07282278133763208) 
dedode_L-C4-v2_B-C4: Processing pair 15 from disk...
dedode_L-C4-v2_B-C4: 4 match-sets in 0.48s
Saved:
 CHIP_STATS_ALL.csv
 CHIP_STATS_SURVIVORS.csv
 CONSENSUS_SCORES.csv
 BEST_CHIP_SET.csv
 BEST_CHIP_MANIFEST.csv
 BEST_FINAL_SUMMARY.csv
[band1] dedode_L-C4-v2_B-C4 ok in 0.7 min, peak GPU memory 9.0 of 15.6 GB
--------------------------------------------------------------------------------
[band1] Running keynet
KeyNet: Loading KeyNet-AffNet-HardNet (upright=True)...
keynet: Initializing LightGlue {'filter_threshold': 0.1, 'depth_confidence': 0.95, 'width_confidence': 0.99}...
Loaded LightGlue model
[Coarse] pair 1: no reliable coarse offset (matcher: no matches; phasecorr: {'dx': -20193.477464726686, 'dy': -45743.92838364222, 'support': None, 'n': None, 'peak': 0.020609428800836677}); windows compared in place
[Coarse] pair 2: no reliable coarse offset (matcher: no matches; phasecorr: {'dx': -13696.50551245419, 'dy': -38359.15034615832, 'support': None, 'n': None, 'peak': 0.005463445974802611}); windows compared in place
[Coarse] pair 3: no reliable coarse offset (matcher: no matches; phasecorr: {'dx': -26691.14624675497, 'dy': -28341.854429889372, 'support': None, 'n': None, 'peak': 0.028507738675927267}); windows compared in place
[Coarse] pair 11: no reliable coarse offset (matcher: no matches; phasecorr: {'dx': -9310.972745874022, 'dy': 4896.252513739784, 'support': None, 'n': None, 'peak': 0.011061620189525462}); windows compared in place
[Coarse] WARNING: keynet: the pairs' coarse offsets differ by up to 19 km, more than one image moves from place to place. Pairs with a wrong offset match the wrong ground (the chip consensus drops them when they are few); if most pairs disagree, check the input's pixel size and window size.
[Coarse] keynet pair 1: dE=-9093.9 m dN=4821.4 m (from-pair-9, support=None, peak=None) 
keynet: Processing pair 1 from disk...
keynet: 4 match-sets in 1.32s
[Coarse] keynet pair 2: dE=-9093.9 m dN=4821.4 m (from-pair-9, support=None, peak=None) 
keynet: Processing pair 2 from disk...
keynet: 4 match-sets in 1.28s
[Coarse] keynet pair 3: dE=-9093.9 m dN=4821.4 m (from-pair-9, support=None, peak=None) 
keynet: Processing pair 3 from disk...
keynet: 4 match-sets in 1.21s
[Coarse] keynet pair 4: dE=-9221.2 m dN=4881.8 m (phasecorr@180m, support=None, peak=0.05907139921188354) field 1x1 cells, dE -9682..-9682 m, dN 4878..4878 m, 0 filled
keynet: Processing pair 4 from disk...
keynet: 6 match-sets in 2.95s
[Coarse] keynet pair 5: dE=-9227.3 m dN=4936.9 m (phasecorr@180m, support=None, peak=0.06194785504341126) field 1x1 cells, dE -9750..-9750 m, dN 4772..4772 m, 0 filled
keynet: Processing pair 5 from disk...
keynet: 5 match-sets in 2.92s
[Coarse] keynet pair 6: dE=-9159.5 m dN=4923.5 m (phasecorr@180m, support=None, peak=0.05013165693283081) field 1x1 cells, dE -9887..-9887 m, dN 4790..4790 m, 0 filled
keynet: Processing pair 6 from disk...
keynet: 5 match-sets in 2.60s
[Coarse] keynet pair 7: dE=-9947.3 m dN=4785.4 m (phasecorr@180m, support=None, peak=0.11055335414556809) field 1x1 cells, dE -9955..-9955 m, dN 4765..4765 m, 0 filled
keynet: Processing pair 7 from disk...
keynet: 4 match-sets in 1.63s
[Coarse] keynet pair 8: dE=-9954.5 m dN=4779.3 m (phasecorr@180m, support=None, peak=0.1302907753461673) field 1x1 cells, dE -9962..-9962 m, dN 4753..4753 m, 0 filled
keynet: Processing pair 8 from disk...
keynet: 4 match-sets in 1.19s
[Coarse] keynet pair 9: dE=-9059.4 m dN=4950.7 m (phasecorr@180m, support=None, peak=0.05415244971381293) field 1x1 cells, dE -9094..-9094 m, dN 4821..4821 m, 0 filled
keynet: Processing pair 9 from disk...
keynet: 6 match-sets in 2.05s
[Coarse] keynet pair 10: dE=-9073.5 m dN=4906.4 m (phasecorr@180m, support=None, peak=0.037404243375048225) field 1x1 cells, dE -9023..-9023 m, dN 4778..4778 m, 0 filled
keynet: Processing pair 10 from disk...
keynet: 6 match-sets in 2.01s
[Coarse] keynet pair 11: dE=-9022.9 m dN=4778.1 m (from-pair-10, support=None, peak=None) 
keynet: Processing pair 11 from disk...
keynet: 5 match-sets in 2.09s
[Coarse] keynet pair 12: dE=-9321.8 m dN=4777.2 m (phasecorr@180m, support=None, peak=0.044330621825324164) field 1x1 cells, dE -9400..-9400 m, dN 4784..4784 m, 0 filled
keynet: Processing pair 12 from disk...
keynet: 5 match-sets in 3.16s
[Coarse] keynet pair 13: dE=-9228.3 m dN=4825.9 m (phasecorr@180m, support=None, peak=0.03933755140516493) field 1x1 cells, dE -9272..-9272 m, dN 4847..4847 m, 0 filled
keynet: Processing pair 13 from disk...
keynet: 6 match-sets in 3.04s
[Coarse] keynet pair 14: dE=-9308.5 m dN=4822.9 m (phasecorr@180m, support=None, peak=0.0362194667590989) field 1x1 cells, dE -9542..-9542 m, dN 4843..4843 m, 0 filled
keynet: Processing pair 14 from disk...
keynet: 4 match-sets in 2.80s
[Coarse] keynet pair 15: dE=-19392.4 m dN=24257.7 m (phasecorr@180m, support=None, peak=0.07282278133763208) 
keynet: Processing pair 15 from disk...
keynet: 5 match-sets in 1.24s
Saved:
 CHIP_STATS_ALL.csv
 CHIP_STATS_SURVIVORS.csv
 CONSENSUS_SCORES.csv
 BEST_CHIP_SET.csv
 BEST_CHIP_MANIFEST.csv
 BEST_FINAL_SUMMARY.csv
[band1] keynet ok in 1.2 min, peak GPU memory 3.0 of 15.6 GB
--------------------------------------------------------------------------------
[band1] Running dog_hardnet
DoG: Loading HardNet (upright=True)...
dog: Initializing LightGlue {'filter_threshold': 0.1, 'depth_confidence': 0.95, 'width_confidence': 0.99}...
Loaded LightGlue model
[Coarse] pair 1: no reliable coarse offset (matcher: no matches; phasecorr: {'dx': -20193.477464726686, 'dy': -45743.92838364222, 'support': None, 'n': None, 'peak': 0.020609428800836677}); windows compared in place
[Coarse] pair 2: no reliable coarse offset (matcher: no matches; phasecorr: {'dx': -13696.50551245419, 'dy': -38359.15034615832, 'support': None, 'n': None, 'peak': 0.005463445974802611}); windows compared in place
[Coarse] pair 3: no reliable coarse offset (matcher: no matches; phasecorr: {'dx': -26691.14624675497, 'dy': -28341.854429889372, 'support': None, 'n': None, 'peak': 0.028507738675927267}); windows compared in place
[Coarse] pair 11: no reliable coarse offset (matcher: no matches; phasecorr: {'dx': -9310.972745874022, 'dy': 4896.252513739784, 'support': None, 'n': None, 'peak': 0.011061620189525462}); windows compared in place
[Coarse] WARNING: dog_hardnet: the pairs' coarse offsets differ by up to 19 km, more than one image moves from place to place. Pairs with a wrong offset match the wrong ground (the chip consensus drops them when they are few); if most pairs disagree, check the input's pixel size and window size.
[Coarse] dog_hardnet pair 1: dE=-9093.9 m dN=4821.4 m (from-pair-9, support=None, peak=None) 
dog_hardnet: Processing pair 1 from disk...
dog_hardnet: 4 match-sets in 0.51s
[Coarse] dog_hardnet pair 2: dE=-9093.9 m dN=4821.4 m (from-pair-9, support=None, peak=None) 
dog_hardnet: Processing pair 2 from disk...
dog_hardnet: 4 match-sets in 0.47s
[Coarse] dog_hardnet pair 3: dE=-9093.9 m dN=4821.4 m (from-pair-9, support=None, peak=None) 
dog_hardnet: Processing pair 3 from disk...
dog_hardnet: 4 match-sets in 0.48s
[Coarse] dog_hardnet pair 4: dE=-9221.2 m dN=4881.8 m (phasecorr@180m, support=None, peak=0.05907139921188354) field 1x1 cells, dE -9682..-9682 m, dN 4878..4878 m, 0 filled
dog_hardnet: Processing pair 4 from disk...
dog_hardnet: 5 match-sets in 1.36s
[Coarse] dog_hardnet pair 5: dE=-9227.3 m dN=4936.9 m (phasecorr@180m, support=None, peak=0.06194785504341126) field 1x1 cells, dE -9750..-9750 m, dN 4772..4772 m, 0 filled
dog_hardnet: Processing pair 5 from disk...
dog_hardnet: 5 match-sets in 1.40s
[Coarse] dog_hardnet pair 6: dE=-9159.5 m dN=4923.5 m (phasecorr@180m, support=None, peak=0.05013165693283081) field 1x1 cells, dE -9887..-9887 m, dN 4790..4790 m, 0 filled
dog_hardnet: Processing pair 6 from disk...
dog_hardnet: 5 match-sets in 1.37s
[Coarse] dog_hardnet pair 7: dE=-9947.3 m dN=4785.4 m (phasecorr@180m, support=None, peak=0.11055335414556809) field 1x1 cells, dE -9955..-9955 m, dN 4765..4765 m, 0 filled
dog_hardnet: Processing pair 7 from disk...
dog_hardnet: 5 match-sets in 0.66s
[Coarse] dog_hardnet pair 8: dE=-9954.5 m dN=4779.3 m (phasecorr@180m, support=None, peak=0.1302907753461673) field 1x1 cells, dE -9962..-9962 m, dN 4753..4753 m, 0 filled
dog_hardnet: Processing pair 8 from disk...
dog_hardnet: 5 match-sets in 0.66s
[Coarse] dog_hardnet pair 9: dE=-9059.4 m dN=4950.7 m (phasecorr@180m, support=None, peak=0.05415244971381293) field 1x1 cells, dE -9094..-9094 m, dN 4821..4821 m, 0 filled
dog_hardnet: Processing pair 9 from disk...
dog_hardnet: 5 match-sets in 0.91s
[Coarse] dog_hardnet pair 10: dE=-9073.5 m dN=4906.4 m (phasecorr@180m, support=None, peak=0.037404243375048225) field 1x1 cells, dE -9023..-9023 m, dN 4778..4778 m, 0 filled
dog_hardnet: Processing pair 10 from disk...
dog_hardnet: 5 match-sets in 0.91s
[Coarse] dog_hardnet pair 11: dE=-9022.9 m dN=4778.1 m (from-pair-10, support=None, peak=None) 
dog_hardnet: Processing pair 11 from disk...
dog_hardnet: 5 match-sets in 0.99s
[Coarse] dog_hardnet pair 12: dE=-9321.8 m dN=4777.2 m (phasecorr@180m, support=None, peak=0.044330621825324164) field 1x1 cells, dE -9400..-9400 m, dN 4784..4784 m, 0 filled
dog_hardnet: Processing pair 12 from disk...
dog_hardnet: 6 match-sets in 1.57s
[Coarse] dog_hardnet pair 13: dE=-9228.3 m dN=4825.9 m (phasecorr@180m, support=None, peak=0.03933755140516493) field 1x1 cells, dE -9272..-9272 m, dN 4847..4847 m, 0 filled
dog_hardnet: Processing pair 13 from disk...
dog_hardnet: 6 match-sets in 1.53s
[Coarse] dog_hardnet pair 14: dE=-9308.5 m dN=4822.9 m (phasecorr@180m, support=None, peak=0.0362194667590989) field 1x1 cells, dE -9542..-9542 m, dN 4843..4843 m, 0 filled
dog_hardnet: Processing pair 14 from disk...
dog_hardnet: 4 match-sets in 1.53s
[Coarse] dog_hardnet pair 15: dE=-19392.4 m dN=24257.7 m (phasecorr@180m, support=None, peak=0.07282278133763208) 
dog_hardnet: Processing pair 15 from disk...
dog_hardnet: 4 match-sets in 0.43s
Saved:
 CHIP_STATS_ALL.csv
 CHIP_STATS_SURVIVORS.csv
 CONSENSUS_SCORES.csv
 BEST_CHIP_SET.csv
 BEST_CHIP_MANIFEST.csv
 BEST_FINAL_SUMMARY.csv
[band1] dog_hardnet ok in 0.5 min, peak GPU memory 3.9 of 15.6 GB
--------------------------------------------------------------------------------
[band1] Running gftt
GFTT-AffNet-HardNet: Loading (upright=True)...
[Coarse] pair 1: no reliable coarse offset (matcher: no matches; phasecorr: {'dx': -20193.477464726686, 'dy': -45743.92838364222, 'support': None, 'n': None, 'peak': 0.020609428800836677}); windows compared in place
[Coarse] pair 2: no reliable coarse offset (matcher: no matches; phasecorr: {'dx': -13696.50551245419, 'dy': -38359.15034615832, 'support': None, 'n': None, 'peak': 0.005463445974802611}); windows compared in place
[Coarse] pair 3: no reliable coarse offset (matcher: no matches; phasecorr: {'dx': -26691.14624675497, 'dy': -28341.854429889372, 'support': None, 'n': None, 'peak': 0.028507738675927267}); windows compared in place
[Coarse] pair 11: no reliable coarse offset (matcher: no matches; phasecorr: {'dx': -9310.972745874022, 'dy': 4896.252513739784, 'support': None, 'n': None, 'peak': 0.011061620189525462}); windows compared in place
[Coarse] WARNING: gftt: the pairs' coarse offsets differ by up to 19 km, more than one image moves from place to place. Pairs with a wrong offset match the wrong ground (the chip consensus drops them when they are few); if most pairs disagree, check the input's pixel size and window size.
[Coarse] gftt pair 1: dE=-9093.9 m dN=4821.4 m (from-pair-9, support=None, peak=None) 
gftt: Processing pair 1 from disk...
gftt: 4 match-sets in 0.69s
[Coarse] gftt pair 2: dE=-9093.9 m dN=4821.4 m (from-pair-9, support=None, peak=None) 
gftt: Processing pair 2 from disk...
gftt: 4 match-sets in 0.67s
[Coarse] gftt pair 3: dE=-9093.9 m dN=4821.4 m (from-pair-9, support=None, peak=None) 
gftt: Processing pair 3 from disk...
gftt: 3 match-sets in 0.66s
[Coarse] gftt pair 4: dE=-9221.2 m dN=4881.8 m (phasecorr@180m, support=None, peak=0.05907139921188354) field 1x1 cells, dE -9682..-9682 m, dN 4878..4878 m, 0 filled
gftt: Processing pair 4 from disk...
gftt: 5 match-sets in 1.69s
[Coarse] gftt pair 5: dE=-9227.3 m dN=4936.9 m (phasecorr@180m, support=None, peak=0.06194785504341126) field 1x1 cells, dE -9750..-9750 m, dN 4772..4772 m, 0 filled
gftt: Processing pair 5 from disk...
gftt: 4 match-sets in 1.73s
[Coarse] gftt pair 6: dE=-9159.5 m dN=4923.5 m (phasecorr@180m, support=None, peak=0.05013165693283081) field 1x1 cells, dE -9887..-9887 m, dN 4790..4790 m, 0 filled
gftt: Processing pair 6 from disk...
gftt: 4 match-sets in 1.67s
[Coarse] gftt pair 7: dE=-9947.3 m dN=4785.4 m (phasecorr@180m, support=None, peak=0.11055335414556809) field 1x1 cells, dE -9955..-9955 m, dN 4765..4765 m, 0 filled
gftt: Processing pair 7 from disk...
gftt: 4 match-sets in 0.91s
[Coarse] gftt pair 8: dE=-9954.5 m dN=4779.3 m (phasecorr@180m, support=None, peak=0.1302907753461673) field 1x1 cells, dE -9962..-9962 m, dN 4753..4753 m, 0 filled
gftt: Processing pair 8 from disk...
gftt: 4 match-sets in 0.82s
[Coarse] gftt pair 9: dE=-9059.4 m dN=4950.7 m (phasecorr@180m, support=None, peak=0.05415244971381293) field 1x1 cells, dE -9094..-9094 m, dN 4821..4821 m, 0 filled
gftt: Processing pair 9 from disk...
gftt: 4 match-sets in 1.20s
[Coarse] gftt pair 10: dE=-9073.5 m dN=4906.4 m (phasecorr@180m, support=None, peak=0.037404243375048225) field 1x1 cells, dE -9023..-9023 m, dN 4778..4778 m, 0 filled
gftt: Processing pair 10 from disk...
gftt: 4 match-sets in 1.23s
[Coarse] gftt pair 11: dE=-9022.9 m dN=4778.1 m (from-pair-10, support=None, peak=None) 
gftt: Processing pair 11 from disk...
gftt: 4 match-sets in 1.27s
[Coarse] gftt pair 12: dE=-9321.8 m dN=4777.2 m (phasecorr@180m, support=None, peak=0.044330621825324164) field 1x1 cells, dE -9400..-9400 m, dN 4784..4784 m, 0 filled
gftt: Processing pair 12 from disk...
gftt: 5 match-sets in 1.95s
[Coarse] gftt pair 13: dE=-9228.3 m dN=4825.9 m (phasecorr@180m, support=None, peak=0.03933755140516493) field 1x1 cells, dE -9272..-9272 m, dN 4847..4847 m, 0 filled
gftt: Processing pair 13 from disk...
gftt: 5 match-sets in 1.91s
[Coarse] gftt pair 14: dE=-9308.5 m dN=4822.9 m (phasecorr@180m, support=None, peak=0.0362194667590989) field 1x1 cells, dE -9542..-9542 m, dN 4843..4843 m, 0 filled
gftt: Processing pair 14 from disk...
gftt: 4 match-sets in 1.90s
[Coarse] gftt pair 15: dE=-19392.4 m dN=24257.7 m (phasecorr@180m, support=None, peak=0.07282278133763208) 
gftt: Processing pair 15 from disk...
gftt: 3 match-sets in 0.61s
Saved:
 CHIP_STATS_ALL.csv
 CHIP_STATS_SURVIVORS.csv
 CONSENSUS_SCORES.csv
 BEST_CHIP_SET.csv
 BEST_CHIP_MANIFEST.csv
 BEST_FINAL_SUMMARY.csv
[band1] gftt ok in 0.7 min, peak GPU memory 3.4 of 15.6 GB
--------------------------------------------------------------------------------
[band1] Running hessian
Hessian-AffNet-HardNet: Loading (upright=True)...
[Coarse] pair 1: no reliable coarse offset (matcher: no matches; phasecorr: {'dx': -20193.477464726686, 'dy': -45743.92838364222, 'support': None, 'n': None, 'peak': 0.020609428800836677}); windows compared in place
[Coarse] pair 2: no reliable coarse offset (matcher: no matches; phasecorr: {'dx': -13696.50551245419, 'dy': -38359.15034615832, 'support': None, 'n': None, 'peak': 0.005463445974802611}); windows compared in place
[Coarse] pair 3: no reliable coarse offset (matcher: no matches; phasecorr: {'dx': -26691.14624675497, 'dy': -28341.854429889372, 'support': None, 'n': None, 'peak': 0.028507738675927267}); windows compared in place
[Coarse] pair 11: no reliable coarse offset (matcher: no matches; phasecorr: {'dx': -9310.972745874022, 'dy': 4896.252513739784, 'support': None, 'n': None, 'peak': 0.011061620189525462}); windows compared in place
[Coarse] WARNING: hessian: the pairs' coarse offsets differ by up to 19 km, more than one image moves from place to place. Pairs with a wrong offset match the wrong ground (the chip consensus drops them when they are few); if most pairs disagree, check the input's pixel size and window size.
[Coarse] hessian pair 1: dE=-9093.9 m dN=4821.4 m (from-pair-9, support=None, peak=None) 
hessian: Processing pair 1 from disk...
hessian: 3 match-sets in 0.54s
[Coarse] hessian pair 2: dE=-9093.9 m dN=4821.4 m (from-pair-9, support=None, peak=None) 
hessian: Processing pair 2 from disk...
hessian: 4 match-sets in 0.53s
[Coarse] hessian pair 3: dE=-9093.9 m dN=4821.4 m (from-pair-9, support=None, peak=None) 
hessian: Processing pair 3 from disk...
hessian: 4 match-sets in 0.53s
[Coarse] hessian pair 4: dE=-9221.2 m dN=4881.8 m (phasecorr@180m, support=None, peak=0.05907139921188354) field 1x1 cells, dE -9682..-9682 m, dN 4878..4878 m, 0 filled
hessian: Processing pair 4 from disk...
hessian: 4 match-sets in 1.78s
[Coarse] hessian pair 5: dE=-9227.3 m dN=4936.9 m (phasecorr@180m, support=None, peak=0.06194785504341126) field 1x1 cells, dE -9750..-9750 m, dN 4772..4772 m, 0 filled
hessian: Processing pair 5 from disk...
hessian: 4 match-sets in 1.80s
[Coarse] hessian pair 6: dE=-9159.5 m dN=4923.5 m (phasecorr@180m, support=None, peak=0.05013165693283081) field 1x1 cells, dE -9887..-9887 m, dN 4790..4790 m, 0 filled
hessian: Processing pair 6 from disk...
hessian: 4 match-sets in 1.81s
[Coarse] hessian pair 7: dE=-9947.3 m dN=4785.4 m (phasecorr@180m, support=None, peak=0.11055335414556809) field 1x1 cells, dE -9955..-9955 m, dN 4765..4765 m, 0 filled
hessian: Processing pair 7 from disk...
hessian: 4 match-sets in 0.83s
[Coarse] hessian pair 8: dE=-9954.5 m dN=4779.3 m (phasecorr@180m, support=None, peak=0.1302907753461673) field 1x1 cells, dE -9962..-9962 m, dN 4753..4753 m, 0 filled
hessian: Processing pair 8 from disk...
hessian: 4 match-sets in 0.83s
[Coarse] hessian pair 9: dE=-9059.4 m dN=4950.7 m (phasecorr@180m, support=None, peak=0.05415244971381293) field 1x1 cells, dE -9094..-9094 m, dN 4821..4821 m, 0 filled
hessian: Processing pair 9 from disk...
hessian: 4 match-sets in 1.18s
[Coarse] hessian pair 10: dE=-9073.5 m dN=4906.4 m (phasecorr@180m, support=None, peak=0.037404243375048225) field 1x1 cells, dE -9023..-9023 m, dN 4778..4778 m, 0 filled
hessian: Processing pair 10 from disk...
hessian: 4 match-sets in 1.17s
[Coarse] hessian pair 11: dE=-9022.9 m dN=4778.1 m (from-pair-10, support=None, peak=None) 
hessian: Processing pair 11 from disk...
hessian: 4 match-sets in 1.23s
[Coarse] hessian pair 12: dE=-9321.8 m dN=4777.2 m (phasecorr@180m, support=None, peak=0.044330621825324164) field 1x1 cells, dE -9400..-9400 m, dN 4784..4784 m, 0 filled
hessian: Processing pair 12 from disk...
hessian: 5 match-sets in 2.09s
[Coarse] hessian pair 13: dE=-9228.3 m dN=4825.9 m (phasecorr@180m, support=None, peak=0.03933755140516493) field 1x1 cells, dE -9272..-9272 m, dN 4847..4847 m, 0 filled
hessian: Processing pair 13 from disk...
hessian: 4 match-sets in 2.05s
[Coarse] hessian pair 14: dE=-9308.5 m dN=4822.9 m (phasecorr@180m, support=None, peak=0.0362194667590989) field 1x1 cells, dE -9542..-9542 m, dN 4843..4843 m, 0 filled
hessian: Processing pair 14 from disk...
hessian: 4 match-sets in 2.07s
[Coarse] hessian pair 15: dE=-19392.4 m dN=24257.7 m (phasecorr@180m, support=None, peak=0.07282278133763208) 
hessian: Processing pair 15 from disk...
hessian: 3 match-sets in 0.39s
Saved:
 CHIP_STATS_ALL.csv
 CHIP_STATS_SURVIVORS.csv
 CONSENSUS_SCORES.csv
 BEST_CHIP_SET.csv
 BEST_CHIP_MANIFEST.csv
 BEST_FINAL_SUMMARY.csv
[band1] hessian ok in 0.8 min, peak GPU memory 4.4 of 15.6 GB
--------------------------------------------------------------------------------
[band1] Running loftr
LoFTR: Initializing model (outdoor weights, coarse threshold 0.2)...
[Coarse] pair 1: no reliable coarse offset (matcher: {'dx': -32085.650390625, 'dy': -34083.4140625, 'support': 6, 'n': 63, 'peak': None}; phasecorr: {'dx': -20193.477464726686, 'dy': -45743.92838364222, 'support': None, 'n': None, 'peak': 0.020609428800836677}); windows compared in place
[Coarse] pair 2: no reliable coarse offset (matcher: {'dx': -30564.357421875, 'dy': -10984.5390625, 'support': 3, 'n': 38, 'peak': None}; phasecorr: {'dx': -13696.50551245419, 'dy': -38359.15034615832, 'support': None, 'n': None, 'peak': 0.005463445974802611}); windows compared in place
[Coarse] pair 3: no reliable coarse offset (matcher: {'dx': -32121.2421875, 'dy': -19684.3125, 'support': 3, 'n': 35, 'peak': None}; phasecorr: {'dx': -26691.14624675497, 'dy': -28341.854429889372, 'support': None, 'n': None, 'peak': 0.028507738675927267}); windows compared in place
[Coarse] pair 11: no reliable coarse offset (matcher: {'dx': -8971.46484375, 'dy': 4843.3671875, 'support': 15, 'n': 92, 'peak': None}; phasecorr: {'dx': -9310.972745874022, 'dy': 4896.252513739784, 'support': None, 'n': None, 'peak': 0.011061620189525462}); windows compared in place
[Coarse] WARNING: loftr: the pairs' coarse offsets differ by up to 19 km, more than one image moves from place to place. Pairs with a wrong offset match the wrong ground (the chip consensus drops them when they are few); if most pairs disagree, check the input's pixel size and window size.
[Coarse] loftr pair 1: dE=-9093.9 m dN=4821.4 m (from-pair-9, support=None, peak=None) 
loftr: Processing pair 1 from disk...
loftr: 1 match-sets in 0.13s
[Coarse] loftr pair 2: dE=-9093.9 m dN=4821.4 m (from-pair-9, support=None, peak=None) 
loftr: Processing pair 2 from disk...
loftr: 1 match-sets in 0.03s
[Coarse] loftr pair 3: dE=-9093.9 m dN=4821.4 m (from-pair-9, support=None, peak=None) 
loftr: Processing pair 3 from disk...
loftr: 1 match-sets in 0.03s
[Coarse] loftr pair 4: dE=-9221.2 m dN=4881.8 m (phasecorr@180m, support=None, peak=0.05907139921188354) field 1x1 cells, dE -9682..-9682 m, dN 4878..4878 m, 0 filled
loftr: Processing pair 4 from disk...
loftr: 1 match-sets in 0.34s
[Coarse] loftr pair 5: dE=-9227.3 m dN=4936.9 m (phasecorr@180m, support=None, peak=0.06194785504341126) field 1x1 cells, dE -9750..-9750 m, dN 4772..4772 m, 0 filled
loftr: Processing pair 5 from disk...
loftr: 1 match-sets in 0.08s
[Coarse] loftr pair 6: dE=-9159.5 m dN=4923.5 m (phasecorr@180m, support=None, peak=0.05013165693283081) field 1x1 cells, dE -9887..-9887 m, dN 4790..4790 m, 0 filled
loftr: Processing pair 6 from disk...
loftr: 1 match-sets in 0.08s
[Coarse] loftr pair 7: dE=-9947.3 m dN=4785.4 m (phasecorr@180m, support=None, peak=0.11055335414556809) field 1x1 cells, dE -9955..-9955 m, dN 4765..4765 m, 0 filled
loftr: Processing pair 7 from disk...
loftr: 1 match-sets in 0.18s
[Coarse] loftr pair 8: dE=-9954.5 m dN=4779.3 m (phasecorr@180m, support=None, peak=0.1302907753461673) field 1x1 cells, dE -9962..-9962 m, dN 4753..4753 m, 0 filled
loftr: Processing pair 8 from disk...
loftr: 1 match-sets in 0.03s
[Coarse] loftr pair 9: dE=-9059.4 m dN=4950.7 m (phasecorr@180m, support=None, peak=0.05415244971381293) field 1x1 cells, dE -9094..-9094 m, dN 4821..4821 m, 0 filled
loftr: Processing pair 9 from disk...
loftr: 1 match-sets in 0.21s
[Coarse] loftr pair 10: dE=-9073.5 m dN=4906.4 m (phasecorr@180m, support=None, peak=0.037404243375048225) field 1x1 cells, dE -9023..-9023 m, dN 4778..4778 m, 0 filled
loftr: Processing pair 10 from disk...
loftr: 1 match-sets in 0.04s
[Coarse] loftr pair 11: dE=-9022.9 m dN=4778.1 m (from-pair-10, support=None, peak=None) 
loftr: Processing pair 11 from disk...
loftr: 1 match-sets in 0.22s
[Coarse] loftr pair 12: dE=-9321.8 m dN=4777.2 m (phasecorr@180m, support=None, peak=0.044330621825324164) field 1x1 cells, dE -9400..-9400 m, dN 4784..4784 m, 0 filled
loftr: Processing pair 12 from disk...
loftr: 1 match-sets in 0.35s
[Coarse] loftr pair 13: dE=-9228.3 m dN=4825.9 m (phasecorr@180m, support=None, peak=0.03933755140516493) field 1x1 cells, dE -9272..-9272 m, dN 4847..4847 m, 0 filled
loftr: Processing pair 13 from disk...
loftr: 1 match-sets in 0.35s
[Coarse] loftr pair 14: dE=-9308.5 m dN=4822.9 m (phasecorr@180m, support=None, peak=0.0362194667590989) field 1x1 cells, dE -9542..-9542 m, dN 4843..4843 m, 0 filled
loftr: Processing pair 14 from disk...
loftr: 1 match-sets in 0.08s
[Coarse] loftr pair 15: dE=-19392.4 m dN=24257.7 m (phasecorr@180m, support=None, peak=0.07282278133763208) 
loftr: Processing pair 15 from disk...
loftr: 1 match-sets in 0.13s
Saved:
 CHIP_STATS_ALL.csv
 CHIP_STATS_SURVIVORS.csv
 CONSENSUS_SCORES.csv
 BEST_CHIP_SET.csv
 BEST_CHIP_MANIFEST.csv
 BEST_FINAL_SUMMARY.csv
[band1] loftr ok in 0.2 min, peak GPU memory 1.2 of 15.6 GB
--------------------------------------------------------------------------------
[band1] Running loftr-windoor
LoFTR: Initializing model (indoor weights, coarse threshold 0.2)...
Downloading: "http://cmp.felk.cvut.cz/~mishkdmy/models/loftr_indoor.ckpt" to /home/gpuworker/.cache/torch/hub/checkpoints/loftr_indoor.ckpt
[loftr-windoor] MODEL LOAD FAILED: LoFTR (indoor weights) could not be loaded (URLError: <urlopen error [Errno -2] Name or service not known>). Looked for its weights in: /home/gpuworker/.cache/torch/hub/checkpoints; /maintenance/ICIGDev/GPUPOC/input/dqe/imw_runtime/imw_cache/torch/hub/checkpoints. On an offline machine, run prefetch_weights.py on a connected one and set the weights folder to its output (or copy the files into one of these).
[band1] loftr-windoor SKIPPED -- model not available (see message above)
[band1] loftr-windoor failed in 0.0 min, peak GPU memory 0.0 of 15.6 GB
--------------------------------------------------------------------------------
[band1] Running loftr-windoornew
LoFTR: Initializing model (indoor_new weights, coarse threshold 0.2)...
Downloading: "http://cmp.felk.cvut.cz/~mishkdmy/models/loftr_indoor_ds_new.ckpt" to /home/gpuworker/.cache/torch/hub/checkpoints/loftr_indoor_ds_new.ckpt
[loftr-windoornew] MODEL LOAD FAILED: LoFTR (indoor_new weights) could not be loaded (URLError: <urlopen error [Errno -2] Name or service not known>). Looked for its weights in: /home/gpuworker/.cache/torch/hub/checkpoints; /maintenance/ICIGDev/GPUPOC/input/dqe/imw_runtime/imw_cache/torch/hub/checkpoints. On an offline machine, run prefetch_weights.py on a connected one and set the weights folder to its output (or copy the files into one of these).
[band1] loftr-windoornew SKIPPED -- model not available (see message above)
[band1] loftr-windoornew failed in 0.0 min, peak GPU memory 0.0 of 15.6 GB
--------------------------------------------------------------------------------
[band1] Running imw-sp-lg
[imw-sp-lg] Loading model...
Loaded SuperPoint model
[imw-sp-lg] warm-up on a synthetic pair failed (IndexError: max(): Expected reduction dim 1 to have non-zero size.) -- carrying on with the real windows
[Coarse] pair 1: no reliable coarse offset (matcher: no matches; phasecorr: {'dx': -20193.477464726686, 'dy': -45743.92838364222, 'support': None, 'n': None, 'peak': 0.020609428800836677}); windows compared in place
[Coarse] pair 2: no reliable coarse offset (matcher: {'dx': -35460.0, 'dy': -13140.0, 'support': 1, 'n': 5, 'peak': None}; phasecorr: {'dx': -13696.50551245419, 'dy': -38359.15034615832, 'support': None, 'n': None, 'peak': 0.005463445974802611}); windows compared in place
[Coarse] pair 3: no reliable coarse offset (matcher: no matches; phasecorr: {'dx': -26691.14624675497, 'dy': -28341.854429889372, 'support': None, 'n': None, 'peak': 0.028507738675927267}); windows compared in place
[Coarse] pair 11: no reliable coarse offset (matcher: {'dx': -20340.0, 'dy': -34380.0, 'support': 1, 'n': 4, 'peak': None}; phasecorr: {'dx': -9310.972745874022, 'dy': 4896.252513739784, 'support': None, 'n': None, 'peak': 0.011061620189525462}); windows compared in place
[Coarse] WARNING: imw-sp-lg: the pairs' coarse offsets differ by up to 19 km, more than one image moves from place to place. Pairs with a wrong offset match the wrong ground (the chip consensus drops them when they are few); if most pairs disagree, check the input's pixel size and window size.
[Coarse] imw-sp-lg pair 1: dE=-9093.9 m dN=4821.4 m (from-pair-9, support=None, peak=None) 
imw-sp-lg: Processing pair 1 from disk...
imw-sp-lg: 0 match-sets in 0.11s
[Coarse] imw-sp-lg pair 2: dE=-9093.9 m dN=4821.4 m (from-pair-9, support=None, peak=None) 
imw-sp-lg: Processing pair 2 from disk...
imw-sp-lg: 1 match-sets in 0.07s
[Coarse] imw-sp-lg pair 3: dE=-9093.9 m dN=4821.4 m (from-pair-9, support=None, peak=None) 
imw-sp-lg: Processing pair 3 from disk...
imw-sp-lg: 0 match-sets in 0.06s
[Coarse] imw-sp-lg pair 4: dE=-9221.2 m dN=4881.8 m (phasecorr@180m, support=None, peak=0.05907139921188354) field 1x1 cells, dE -9682..-9682 m, dN 4878..4878 m, 0 filled
imw-sp-lg: Processing pair 4 from disk...
imw-sp-lg: 1 match-sets in 0.39s
[Coarse] imw-sp-lg pair 5: dE=-9227.3 m dN=4936.9 m (phasecorr@180m, support=None, peak=0.06194785504341126) field 1x1 cells, dE -9750..-9750 m, dN 4772..4772 m, 0 filled
imw-sp-lg: Processing pair 5 from disk...
imw-sp-lg: 0 match-sets in 0.22s
[Coarse] imw-sp-lg pair 6: dE=-9159.5 m dN=4923.5 m (phasecorr@180m, support=None, peak=0.05013165693283081) field 1x1 cells, dE -9887..-9887 m, dN 4790..4790 m, 0 filled
imw-sp-lg: Processing pair 6 from disk...
imw-sp-lg: 0 match-sets in 0.22s
[Coarse] imw-sp-lg pair 7: dE=-9947.3 m dN=4785.4 m (phasecorr@180m, support=None, peak=0.11055335414556809) field 1x1 cells, dE -9955..-9955 m, dN 4765..4765 m, 0 filled
imw-sp-lg: Processing pair 7 from disk...
imw-sp-lg: 1 match-sets in 0.13s
[Coarse] imw-sp-lg pair 8: dE=-9954.5 m dN=4779.3 m (phasecorr@180m, support=None, peak=0.1302907753461673) field 1x1 cells, dE -9962..-9962 m, dN 4753..4753 m, 0 filled
imw-sp-lg: Processing pair 8 from disk...
imw-sp-lg: 1 match-sets in 0.07s
[Coarse] imw-sp-lg pair 9: dE=-9059.4 m dN=4950.7 m (phasecorr@180m, support=None, peak=0.05415244971381293) field 1x1 cells, dE -9094..-9094 m, dN 4821..4821 m, 0 filled
imw-sp-lg: Processing pair 9 from disk...
imw-sp-lg: 0 match-sets in 0.15s
[Coarse] imw-sp-lg pair 10: dE=-9073.5 m dN=4906.4 m (phasecorr@180m, support=None, peak=0.037404243375048225) field 1x1 cells, dE -9023..-9023 m, dN 4778..4778 m, 0 filled
imw-sp-lg: Processing pair 10 from disk...
imw-sp-lg: 0 match-sets in 0.08s
[Coarse] imw-sp-lg pair 11: dE=-9022.9 m dN=4778.1 m (from-pair-10, support=None, peak=None) 
imw-sp-lg: Processing pair 11 from disk...
imw-sp-lg: 1 match-sets in 0.18s
[Coarse] imw-sp-lg pair 12: dE=-9321.8 m dN=4777.2 m (phasecorr@180m, support=None, peak=0.044330621825324164) field 1x1 cells, dE -9400..-9400 m, dN 4784..4784 m, 0 filled
imw-sp-lg: Processing pair 12 from disk...
imw-sp-lg: 1 match-sets in 0.31s
[Coarse] imw-sp-lg pair 13: dE=-9228.3 m dN=4825.9 m (phasecorr@180m, support=None, peak=0.03933755140516493) field 1x1 cells, dE -9272..-9272 m, dN 4847..4847 m, 0 filled
imw-sp-lg: Processing pair 13 from disk...
imw-sp-lg: 1 match-sets in 0.31s
[Coarse] imw-sp-lg pair 14: dE=-9308.5 m dN=4822.9 m (phasecorr@180m, support=None, peak=0.0362194667590989) field 1x1 cells, dE -9542..-9542 m, dN 4843..4843 m, 0 filled
imw-sp-lg: Processing pair 14 from disk...
imw-sp-lg: 1 match-sets in 0.20s
[Coarse] imw-sp-lg pair 15: dE=-19392.4 m dN=24257.7 m (phasecorr@180m, support=None, peak=0.07282278133763208) 
imw-sp-lg: Processing pair 15 from disk...
imw-sp-lg: 1 match-sets in 0.10s
Saved:
 CHIP_STATS_ALL.csv
 CHIP_STATS_SURVIVORS.csv
 CONSENSUS_SCORES.csv
 BEST_CHIP_SET.csv
 BEST_CHIP_MANIFEST.csv
 BEST_FINAL_SUMMARY.csv
[band1] imw-sp-lg ok in 0.1 min, peak GPU memory 1.4 of 15.6 GB
[imw-sp-lg] Model unloaded.
--------------------------------------------------------------------------------
[band1] Running imw-aliked-lg
[imw-aliked-lg] Loading model...
[Coarse] pair 1: no reliable coarse offset (matcher: no matches; phasecorr: {'dx': -20193.477464726686, 'dy': -45743.92838364222, 'support': None, 'n': None, 'peak': 0.020609428800836677}); windows compared in place
[Coarse] pair 2: no reliable coarse offset (matcher: no matches; phasecorr: {'dx': -13696.50551245419, 'dy': -38359.15034615832, 'support': None, 'n': None, 'peak': 0.005463445974802611}); windows compared in place
[Coarse] pair 3: no reliable coarse offset (matcher: no matches; phasecorr: {'dx': -26691.14624675497, 'dy': -28341.854429889372, 'support': None, 'n': None, 'peak': 0.028507738675927267}); windows compared in place
[Coarse] pair 11: no reliable coarse offset (matcher: no matches; phasecorr: {'dx': -9310.972745874022, 'dy': 4896.252513739784, 'support': None, 'n': None, 'peak': 0.011061620189525462}); windows compared in place
[Coarse] WARNING: imw-aliked-lg: the pairs' coarse offsets differ by up to 19 km, more than one image moves from place to place. Pairs with a wrong offset match the wrong ground (the chip consensus drops them when they are few); if most pairs disagree, check the input's pixel size and window size.
[Coarse] imw-aliked-lg pair 1: dE=-9093.9 m dN=4821.4 m (from-pair-9, support=None, peak=None) 
imw-aliked-lg: Processing pair 1 from disk...
imw-aliked-lg: 0 match-sets in 0.16s
[Coarse] imw-aliked-lg pair 2: dE=-9093.9 m dN=4821.4 m (from-pair-9, support=None, peak=None) 
imw-aliked-lg: Processing pair 2 from disk...
imw-aliked-lg: 0 match-sets in 0.08s
[Coarse] imw-aliked-lg pair 3: dE=-9093.9 m dN=4821.4 m (from-pair-9, support=None, peak=None) 
imw-aliked-lg: Processing pair 3 from disk...
imw-aliked-lg: 0 match-sets in 0.07s
[Coarse] imw-aliked-lg pair 4: dE=-9221.2 m dN=4881.8 m (phasecorr@180m, support=None, peak=0.05907139921188354) field 1x1 cells, dE -9682..-9682 m, dN 4878..4878 m, 0 filled
imw-aliked-lg: Processing pair 4 from disk...
imw-aliked-lg: 0 match-sets in 0.42s
[Coarse] imw-aliked-lg pair 5: dE=-9227.3 m dN=4936.9 m (phasecorr@180m, support=None, peak=0.06194785504341126) field 1x1 cells, dE -9750..-9750 m, dN 4772..4772 m, 0 filled
imw-aliked-lg: Processing pair 5 from disk...
imw-aliked-lg: 0 match-sets in 0.25s
[Coarse] imw-aliked-lg pair 6: dE=-9159.5 m dN=4923.5 m (phasecorr@180m, support=None, peak=0.05013165693283081) field 1x1 cells, dE -9887..-9887 m, dN 4790..4790 m, 0 filled
imw-aliked-lg: Processing pair 6 from disk...
imw-aliked-lg: 0 match-sets in 0.26s
[Coarse] imw-aliked-lg pair 7: dE=-9947.3 m dN=4785.4 m (phasecorr@180m, support=None, peak=0.11055335414556809) field 1x1 cells, dE -9955..-9955 m, dN 4765..4765 m, 0 filled
imw-aliked-lg: Processing pair 7 from disk...
imw-aliked-lg: 0 match-sets in 0.16s
[Coarse] imw-aliked-lg pair 8: dE=-9954.5 m dN=4779.3 m (phasecorr@180m, support=None, peak=0.1302907753461673) field 1x1 cells, dE -9962..-9962 m, dN 4753..4753 m, 0 filled
imw-aliked-lg: Processing pair 8 from disk...
imw-aliked-lg: 1 match-sets in 0.09s
[Coarse] imw-aliked-lg pair 9: dE=-9059.4 m dN=4950.7 m (phasecorr@180m, support=None, peak=0.05415244971381293) field 1x1 cells, dE -9094..-9094 m, dN 4821..4821 m, 0 filled
imw-aliked-lg: Processing pair 9 from disk...
imw-aliked-lg: 0 match-sets in 0.22s
[Coarse] imw-aliked-lg pair 10: dE=-9073.5 m dN=4906.4 m (phasecorr@180m, support=None, peak=0.037404243375048225) field 1x1 cells, dE -9023..-9023 m, dN 4778..4778 m, 0 filled
imw-aliked-lg: Processing pair 10 from disk...
imw-aliked-lg: 1 match-sets in 0.12s
[Coarse] imw-aliked-lg pair 11: dE=-9022.9 m dN=4778.1 m (from-pair-10, support=None, peak=None) 
imw-aliked-lg: Processing pair 11 from disk...
imw-aliked-lg: 0 match-sets in 0.22s
[Coarse] imw-aliked-lg pair 12: dE=-9321.8 m dN=4777.2 m (phasecorr@180m, support=None, peak=0.044330621825324164) field 1x1 cells, dE -9400..-9400 m, dN 4784..4784 m, 0 filled
imw-aliked-lg: Processing pair 12 from disk...
imw-aliked-lg: 0 match-sets in 0.34s
[Coarse] imw-aliked-lg pair 13: dE=-9228.3 m dN=4825.9 m (phasecorr@180m, support=None, peak=0.03933755140516493) field 1x1 cells, dE -9272..-9272 m, dN 4847..4847 m, 0 filled
imw-aliked-lg: Processing pair 13 from disk...
imw-aliked-lg: 1 match-sets in 0.39s
[Coarse] imw-aliked-lg pair 14: dE=-9308.5 m dN=4822.9 m (phasecorr@180m, support=None, peak=0.0362194667590989) field 1x1 cells, dE -9542..-9542 m, dN 4843..4843 m, 0 filled
imw-aliked-lg: Processing pair 14 from disk...
imw-aliked-lg: 1 match-sets in 0.24s
[Coarse] imw-aliked-lg pair 15: dE=-19392.4 m dN=24257.7 m (phasecorr@180m, support=None, peak=0.07282278133763208) 
imw-aliked-lg: Processing pair 15 from disk...
imw-aliked-lg: 0 match-sets in 0.14s
Saved:
 CHIP_STATS_ALL.csv
 CHIP_STATS_SURVIVORS.csv
 CONSENSUS_SCORES.csv
 BEST_CHIP_SET.csv
 BEST_CHIP_MANIFEST.csv
 BEST_FINAL_SUMMARY.csv
[band1] imw-aliked-lg ok in 0.2 min, peak GPU memory 2.1 of 15.6 GB
[imw-aliked-lg] Model unloaded.
--------------------------------------------------------------------------------
[band1] Running imw-sp-sg
[imw-sp-sg] Loading model...
Loaded SuperPoint model
[Coarse] pair 1: no reliable coarse offset (matcher: no matches; phasecorr: {'dx': -20193.477464726686, 'dy': -45743.92838364222, 'support': None, 'n': None, 'peak': 0.020609428800836677}); windows compared in place
[Coarse] pair 2: no reliable coarse offset (matcher: {'dx': -34920.0, 'dy': -29880.0, 'support': 3, 'n': 5, 'peak': None}; phasecorr: {'dx': -13696.50551245419, 'dy': -38359.15034615832, 'support': None, 'n': None, 'peak': 0.005463445974802611}); windows compared in place
[Coarse] pair 3: no reliable coarse offset (matcher: no matches; phasecorr: {'dx': -26691.14624675497, 'dy': -28341.854429889372, 'support': None, 'n': None, 'peak': 0.028507738675927267}); windows compared in place
[Coarse] pair 11: no reliable coarse offset (matcher: no matches; phasecorr: {'dx': -9310.972745874022, 'dy': 4896.252513739784, 'support': None, 'n': None, 'peak': 0.011061620189525462}); windows compared in place
[Coarse] WARNING: imw-sp-sg: the pairs' coarse offsets differ by up to 19 km, more than one image moves from place to place. Pairs with a wrong offset match the wrong ground (the chip consensus drops them when they are few); if most pairs disagree, check the input's pixel size and window size.
[Coarse] imw-sp-sg pair 1: dE=-9093.9 m dN=4821.4 m (from-pair-9, support=None, peak=None) 
imw-sp-sg: Processing pair 1 from disk...
imw-sp-sg: 0 match-sets in 0.11s
[Coarse] imw-sp-sg pair 2: dE=-9093.9 m dN=4821.4 m (from-pair-9, support=None, peak=None) 
imw-sp-sg: Processing pair 2 from disk...
imw-sp-sg: 0 match-sets in 0.10s
[Coarse] imw-sp-sg pair 3: dE=-9093.9 m dN=4821.4 m (from-pair-9, support=None, peak=None) 
imw-sp-sg: Processing pair 3 from disk...
imw-sp-sg: 1 match-sets in 0.12s
[Coarse] imw-sp-sg pair 4: dE=-9221.2 m dN=4881.8 m (phasecorr@180m, support=None, peak=0.05907139921188354) field 1x1 cells, dE -9682..-9682 m, dN 4878..4878 m, 0 filled
imw-sp-sg: Processing pair 4 from disk...
imw-sp-sg: 1 match-sets in 0.31s
[Coarse] imw-sp-sg pair 5: dE=-9227.3 m dN=4936.9 m (phasecorr@180m, support=None, peak=0.06194785504341126) field 1x1 cells, dE -9750..-9750 m, dN 4772..4772 m, 0 filled
imw-sp-sg: Processing pair 5 from disk...
imw-sp-sg: 0 match-sets in 0.26s
[Coarse] imw-sp-sg pair 6: dE=-9159.5 m dN=4923.5 m (phasecorr@180m, support=None, peak=0.05013165693283081) field 1x1 cells, dE -9887..-9887 m, dN 4790..4790 m, 0 filled
imw-sp-sg: Processing pair 6 from disk...
imw-sp-sg: 0 match-sets in 0.27s
[Coarse] imw-sp-sg pair 7: dE=-9947.3 m dN=4785.4 m (phasecorr@180m, support=None, peak=0.11055335414556809) field 1x1 cells, dE -9955..-9955 m, dN 4765..4765 m, 0 filled
imw-sp-sg: Processing pair 7 from disk...
imw-sp-sg: 1 match-sets in 0.11s
[Coarse] imw-sp-sg pair 8: dE=-9954.5 m dN=4779.3 m (phasecorr@180m, support=None, peak=0.1302907753461673) field 1x1 cells, dE -9962..-9962 m, dN 4753..4753 m, 0 filled
imw-sp-sg: Processing pair 8 from disk...
imw-sp-sg: 1 match-sets in 0.11s
[Coarse] imw-sp-sg pair 9: dE=-9059.4 m dN=4950.7 m (phasecorr@180m, support=None, peak=0.05415244971381293) field 1x1 cells, dE -9094..-9094 m, dN 4821..4821 m, 0 filled
imw-sp-sg: Processing pair 9 from disk...
imw-sp-sg: 0 match-sets in 0.12s
[Coarse] imw-sp-sg pair 10: dE=-9073.5 m dN=4906.4 m (phasecorr@180m, support=None, peak=0.037404243375048225) field 1x1 cells, dE -9023..-9023 m, dN 4778..4778 m, 0 filled
imw-sp-sg: Processing pair 10 from disk...
imw-sp-sg: 1 match-sets in 0.15s
[Coarse] imw-sp-sg pair 11: dE=-9022.9 m dN=4778.1 m (from-pair-10, support=None, peak=None) 
imw-sp-sg: Processing pair 11 from disk...
imw-sp-sg: 0 match-sets in 0.09s
[Coarse] imw-sp-sg pair 12: dE=-9321.8 m dN=4777.2 m (phasecorr@180m, support=None, peak=0.044330621825324164) field 1x1 cells, dE -9400..-9400 m, dN 4784..4784 m, 0 filled
imw-sp-sg: Processing pair 12 from disk...
imw-sp-sg: 1 match-sets in 0.24s
[Coarse] imw-sp-sg pair 13: dE=-9228.3 m dN=4825.9 m (phasecorr@180m, support=None, peak=0.03933755140516493) field 1x1 cells, dE -9272..-9272 m, dN 4847..4847 m, 0 filled
imw-sp-sg: Processing pair 13 from disk...
imw-sp-sg: 1 match-sets in 0.25s
[Coarse] imw-sp-sg pair 14: dE=-9308.5 m dN=4822.9 m (phasecorr@180m, support=None, peak=0.0362194667590989) field 1x1 cells, dE -9542..-9542 m, dN 4843..4843 m, 0 filled
imw-sp-sg: Processing pair 14 from disk...
imw-sp-sg: 1 match-sets in 0.24s
[Coarse] imw-sp-sg pair 15: dE=-19392.4 m dN=24257.7 m (phasecorr@180m, support=None, peak=0.07282278133763208) 
imw-sp-sg: Processing pair 15 from disk...
imw-sp-sg: 1 match-sets in 0.10s
Saved:
 CHIP_STATS_ALL.csv
 CHIP_STATS_SURVIVORS.csv
 CONSENSUS_SCORES.csv
 BEST_CHIP_SET.csv
 BEST_CHIP_MANIFEST.csv
 BEST_FINAL_SUMMARY.csv
[band1] imw-sp-sg ok in 0.1 min, peak GPU memory 0.6 of 15.6 GB
[imw-sp-sg] Model unloaded.
--------------------------------------------------------------------------------
[band1] Running imw-sp-nn
[imw-sp-nn] Loading model...
Loaded SuperPoint model
[imw-sp-nn] warm-up on a synthetic pair failed (IndexError: boolean index did not match indexed array along axis 0; size of axis is 0 but size of corresponding boolean axis is 256) -- carrying on with the real windows
[Coarse] pair 1: no reliable coarse offset (matcher: no matches; phasecorr: {'dx': -20193.477464726686, 'dy': -45743.92838364222, 'support': None, 'n': None, 'peak': 0.020609428800836677}); windows compared in place
[Coarse] pair 2: no reliable coarse offset (matcher: {'dx': -35100.0, 'dy': -30060.0, 'support': 1, 'n': 5, 'peak': None}; phasecorr: {'dx': -13696.50551245419, 'dy': -38359.15034615832, 'support': None, 'n': None, 'peak': 0.005463445974802611}); windows compared in place
[Coarse] pair 3: no reliable coarse offset (matcher: no matches; phasecorr: {'dx': -26691.14624675497, 'dy': -28341.854429889372, 'support': None, 'n': None, 'peak': 0.028507738675927267}); windows compared in place
[Coarse] pair 11: no reliable coarse offset (matcher: {'dx': -34740.0, 'dy': -13950.0, 'support': 2, 'n': 4, 'peak': None}; phasecorr: {'dx': -9310.972745874022, 'dy': 4896.252513739784, 'support': None, 'n': None, 'peak': 0.011061620189525462}); windows compared in place
[Coarse] WARNING: imw-sp-nn: the pairs' coarse offsets differ by up to 19 km, more than one image moves from place to place. Pairs with a wrong offset match the wrong ground (the chip consensus drops them when they are few); if most pairs disagree, check the input's pixel size and window size.
[Coarse] imw-sp-nn pair 1: dE=-9093.9 m dN=4821.4 m (from-pair-9, support=None, peak=None) 
imw-sp-nn: Processing pair 1 from disk...
imw-sp-nn: 1 match-sets in 0.06s
[Coarse] imw-sp-nn pair 2: dE=-9093.9 m dN=4821.4 m (from-pair-9, support=None, peak=None) 
imw-sp-nn: Processing pair 2 from disk...
imw-sp-nn: 1 match-sets in 0.06s
[Coarse] imw-sp-nn pair 3: dE=-9093.9 m dN=4821.4 m (from-pair-9, support=None, peak=None) 
imw-sp-nn: Processing pair 3 from disk...
imw-sp-nn: 1 match-sets in 0.06s
[Coarse] imw-sp-nn pair 4: dE=-9221.2 m dN=4881.8 m (phasecorr@180m, support=None, peak=0.05907139921188354) field 1x1 cells, dE -9682..-9682 m, dN 4878..4878 m, 0 filled
imw-sp-nn: Processing pair 4 from disk...
imw-sp-nn: 1 match-sets in 0.27s
[Coarse] imw-sp-nn pair 5: dE=-9227.3 m dN=4936.9 m (phasecorr@180m, support=None, peak=0.06194785504341126) field 1x1 cells, dE -9750..-9750 m, dN 4772..4772 m, 0 filled
imw-sp-nn: Processing pair 5 from disk...
imw-sp-nn: 1 match-sets in 0.27s
[Coarse] imw-sp-nn pair 6: dE=-9159.5 m dN=4923.5 m (phasecorr@180m, support=None, peak=0.05013165693283081) field 1x1 cells, dE -9887..-9887 m, dN 4790..4790 m, 0 filled
imw-sp-nn: Processing pair 6 from disk...
imw-sp-nn: 1 match-sets in 0.27s
[Coarse] imw-sp-nn pair 7: dE=-9947.3 m dN=4785.4 m (phasecorr@180m, support=None, peak=0.11055335414556809) field 1x1 cells, dE -9955..-9955 m, dN 4765..4765 m, 0 filled
imw-sp-nn: Processing pair 7 from disk...
imw-sp-nn: 1 match-sets in 0.07s
[Coarse] imw-sp-nn pair 8: dE=-9954.5 m dN=4779.3 m (phasecorr@180m, support=None, peak=0.1302907753461673) field 1x1 cells, dE -9962..-9962 m, dN 4753..4753 m, 0 filled
imw-sp-nn: Processing pair 8 from disk...
imw-sp-nn: 1 match-sets in 0.06s
[Coarse] imw-sp-nn pair 9: dE=-9059.4 m dN=4950.7 m (phasecorr@180m, support=None, peak=0.05415244971381293) field 1x1 cells, dE -9094..-9094 m, dN 4821..4821 m, 0 filled
imw-sp-nn: Processing pair 9 from disk...
imw-sp-nn: 0 match-sets in 0.08s
[Coarse] imw-sp-nn pair 10: dE=-9073.5 m dN=4906.4 m (phasecorr@180m, support=None, peak=0.037404243375048225) field 1x1 cells, dE -9023..-9023 m, dN 4778..4778 m, 0 filled
imw-sp-nn: Processing pair 10 from disk...
imw-sp-nn: 1 match-sets in 0.10s
[Coarse] imw-sp-nn pair 11: dE=-9022.9 m dN=4778.1 m (from-pair-10, support=None, peak=None) 
imw-sp-nn: Processing pair 11 from disk...
imw-sp-nn: 1 match-sets in 0.10s
[Coarse] imw-sp-nn pair 12: dE=-9321.8 m dN=4777.2 m (phasecorr@180m, support=None, peak=0.044330621825324164) field 1x1 cells, dE -9400..-9400 m, dN 4784..4784 m, 0 filled
imw-sp-nn: Processing pair 12 from disk...
imw-sp-nn: 1 match-sets in 0.41s
[Coarse] imw-sp-nn pair 13: dE=-9228.3 m dN=4825.9 m (phasecorr@180m, support=None, peak=0.03933755140516493) field 1x1 cells, dE -9272..-9272 m, dN 4847..4847 m, 0 filled
imw-sp-nn: Processing pair 13 from disk...
imw-sp-nn: 1 match-sets in 0.21s
[Coarse] imw-sp-nn pair 14: dE=-9308.5 m dN=4822.9 m (phasecorr@180m, support=None, peak=0.0362194667590989) field 1x1 cells, dE -9542..-9542 m, dN 4843..4843 m, 0 filled
imw-sp-nn: Processing pair 14 from disk...
imw-sp-nn: 1 match-sets in 0.19s
[Coarse] imw-sp-nn pair 15: dE=-19392.4 m dN=24257.7 m (phasecorr@180m, support=None, peak=0.07282278133763208) 
imw-sp-nn: Processing pair 15 from disk...
imw-sp-nn: 0 match-sets in 0.04s
Saved:
 CHIP_STATS_ALL.csv
 CHIP_STATS_SURVIVORS.csv
 CONSENSUS_SCORES.csv
 BEST_CHIP_SET.csv
 BEST_CHIP_MANIFEST.csv
 BEST_FINAL_SUMMARY.csv
[band1] imw-sp-nn ok in 0.1 min, peak GPU memory 0.6 of 15.6 GB
[imw-sp-nn] Model unloaded.
--------------------------------------------------------------------------------
[band1] Running imw-r2d2-nn
[imw-r2d2-nn] Loading model...

>> Creating net = Quad_L2Net_ConfCFS()
 ( Model size: 486K parameters )
[Coarse] pair 1: no reliable coarse offset (matcher: no matches; phasecorr: {'dx': -20193.477464726686, 'dy': -45743.92838364222, 'support': None, 'n': None, 'peak': 0.020609428800836677}); windows compared in place
[Coarse] pair 2: no reliable coarse offset (matcher: no matches; phasecorr: {'dx': -13696.50551245419, 'dy': -38359.15034615832, 'support': None, 'n': None, 'peak': 0.005463445974802611}); windows compared in place
[Coarse] pair 3: no reliable coarse offset (matcher: no matches; phasecorr: {'dx': -26691.14624675497, 'dy': -28341.854429889372, 'support': None, 'n': None, 'peak': 0.028507738675927267}); windows compared in place
[Coarse] pair 11: no reliable coarse offset (matcher: no matches; phasecorr: {'dx': -9310.972745874022, 'dy': 4896.252513739784, 'support': None, 'n': None, 'peak': 0.011061620189525462}); windows compared in place
[Coarse] WARNING: imw-r2d2-nn: the pairs' coarse offsets differ by up to 19 km, more than one image moves from place to place. Pairs with a wrong offset match the wrong ground (the chip consensus drops them when they are few); if most pairs disagree, check the input's pixel size and window size.
[Coarse] imw-r2d2-nn pair 1: dE=-9093.9 m dN=4821.4 m (from-pair-9, support=None, peak=None) 
imw-r2d2-nn: Processing pair 1 from disk...
imw-r2d2-nn: 0 match-sets in 0.16s
[Coarse] imw-r2d2-nn pair 2: dE=-9093.9 m dN=4821.4 m (from-pair-9, support=None, peak=None) 
imw-r2d2-nn: Processing pair 2 from disk...
imw-r2d2-nn: 0 match-sets in 0.14s
[Coarse] imw-r2d2-nn pair 3: dE=-9093.9 m dN=4821.4 m (from-pair-9, support=None, peak=None) 
imw-r2d2-nn: Processing pair 3 from disk...
imw-r2d2-nn: 1 match-sets in 0.16s
[Coarse] imw-r2d2-nn pair 4: dE=-9221.2 m dN=4881.8 m (phasecorr@180m, support=None, peak=0.05907139921188354) field 1x1 cells, dE -9682..-9682 m, dN 4878..4878 m, 0 filled
imw-r2d2-nn: Processing pair 4 from disk...
imw-r2d2-nn: 0 match-sets in 0.52s
[Coarse] imw-r2d2-nn pair 5: dE=-9227.3 m dN=4936.9 m (phasecorr@180m, support=None, peak=0.06194785504341126) field 1x1 cells, dE -9750..-9750 m, dN 4772..4772 m, 0 filled
imw-r2d2-nn: Processing pair 5 from disk...
imw-r2d2-nn: 0 match-sets in 0.49s
[Coarse] imw-r2d2-nn pair 6: dE=-9159.5 m dN=4923.5 m (phasecorr@180m, support=None, peak=0.05013165693283081) field 1x1 cells, dE -9887..-9887 m, dN 4790..4790 m, 0 filled
imw-r2d2-nn: Processing pair 6 from disk...
imw-r2d2-nn: 1 match-sets in 0.54s
[Coarse] imw-r2d2-nn pair 7: dE=-9947.3 m dN=4785.4 m (phasecorr@180m, support=None, peak=0.11055335414556809) field 1x1 cells, dE -9955..-9955 m, dN 4765..4765 m, 0 filled
imw-r2d2-nn: Processing pair 7 from disk...
imw-r2d2-nn: 0 match-sets in 0.16s
[Coarse] imw-r2d2-nn pair 8: dE=-9954.5 m dN=4779.3 m (phasecorr@180m, support=None, peak=0.1302907753461673) field 1x1 cells, dE -9962..-9962 m, dN 4753..4753 m, 0 filled
imw-r2d2-nn: Processing pair 8 from disk...
imw-r2d2-nn: 0 match-sets in 0.15s
[Coarse] imw-r2d2-nn pair 9: dE=-9059.4 m dN=4950.7 m (phasecorr@180m, support=None, peak=0.05415244971381293) field 1x1 cells, dE -9094..-9094 m, dN 4821..4821 m, 0 filled
imw-r2d2-nn: Processing pair 9 from disk...
imw-r2d2-nn: 0 match-sets in 0.29s
[Coarse] imw-r2d2-nn pair 10: dE=-9073.5 m dN=4906.4 m (phasecorr@180m, support=None, peak=0.037404243375048225) field 1x1 cells, dE -9023..-9023 m, dN 4778..4778 m, 0 filled
imw-r2d2-nn: Processing pair 10 from disk...
imw-r2d2-nn: 0 match-sets in 0.27s
[Coarse] imw-r2d2-nn pair 11: dE=-9022.9 m dN=4778.1 m (from-pair-10, support=None, peak=None) 
imw-r2d2-nn: Processing pair 11 from disk...
imw-r2d2-nn: 0 match-sets in 0.30s
[Coarse] imw-r2d2-nn pair 12: dE=-9321.8 m dN=4777.2 m (phasecorr@180m, support=None, peak=0.044330621825324164) field 1x1 cells, dE -9400..-9400 m, dN 4784..4784 m, 0 filled
imw-r2d2-nn: Processing pair 12 from disk...
imw-r2d2-nn: 1 match-sets in 0.54s
[Coarse] imw-r2d2-nn pair 13: dE=-9228.3 m dN=4825.9 m (phasecorr@180m, support=None, peak=0.03933755140516493) field 1x1 cells, dE -9272..-9272 m, dN 4847..4847 m, 0 filled
imw-r2d2-nn: Processing pair 13 from disk...
imw-r2d2-nn: 1 match-sets in 0.54s
[Coarse] imw-r2d2-nn pair 14: dE=-9308.5 m dN=4822.9 m (phasecorr@180m, support=None, peak=0.0362194667590989) field 1x1 cells, dE -9542..-9542 m, dN 4843..4843 m, 0 filled
imw-r2d2-nn: Processing pair 14 from disk...
imw-r2d2-nn: 0 match-sets in 0.46s
[Coarse] imw-r2d2-nn pair 15: dE=-19392.4 m dN=24257.7 m (phasecorr@180m, support=None, peak=0.07282278133763208) 
imw-r2d2-nn: Processing pair 15 from disk...
imw-r2d2-nn: 0 match-sets in 0.07s
No valid chip CSV files found.
[band1] imw-r2d2-nn no-consensus in 0.2 min, peak GPU memory 2.9 of 15.6 GB
[imw-r2d2-nn] Model unloaded.
--------------------------------------------------------------------------------
[band1] Running imw-rord-nn
[imw-rord-nn] Loading model...
[Coarse] pair 1: no reliable coarse offset (matcher: {'dx': -34919.393005371094, 'dy': -8178.9202880859375, 'support': 1, 'n': 3, 'peak': None}; phasecorr: {'dx': -20193.477464726686, 'dy': -45743.92838364222, 'support': None, 'n': None, 'peak': 0.020609428800836677}); windows compared in place
[Coarse] pair 2: no reliable coarse offset (matcher: {'dx': -34609.52362060547, 'dy': -23387.305297851562, 'support': 1, 'n': 4, 'peak': None}; phasecorr: {'dx': -13696.50551245419, 'dy': -38359.15034615832, 'support': None, 'n': None, 'peak': 0.005463445974802611}); windows compared in place
[Coarse] pair 3: no reliable coarse offset (matcher: no matches; phasecorr: {'dx': -26691.14624675497, 'dy': -28341.854429889372, 'support': None, 'n': None, 'peak': 0.028507738675927267}); windows compared in place
[Coarse] pair 11: no reliable coarse offset (matcher: no matches; phasecorr: {'dx': -9310.972745874022, 'dy': 4896.252513739784, 'support': None, 'n': None, 'peak': 0.011061620189525462}); windows compared in place
[Coarse] WARNING: imw-rord-nn: the pairs' coarse offsets differ by up to 19 km, more than one image moves from place to place. Pairs with a wrong offset match the wrong ground (the chip consensus drops them when they are few); if most pairs disagree, check the input's pixel size and window size.
[Coarse] imw-rord-nn pair 1: dE=-9093.9 m dN=4821.4 m (from-pair-9, support=None, peak=None) 
imw-rord-nn: Processing pair 1 from disk...
imw-rord-nn: 1 match-sets in 0.19s
[Coarse] imw-rord-nn pair 2: dE=-9093.9 m dN=4821.4 m (from-pair-9, support=None, peak=None) 
imw-rord-nn: Processing pair 2 from disk...
imw-rord-nn: 0 match-sets in 0.12s
[Coarse] imw-rord-nn pair 3: dE=-9093.9 m dN=4821.4 m (from-pair-9, support=None, peak=None) 
imw-rord-nn: Processing pair 3 from disk...
imw-rord-nn: 0 match-sets in 0.12s
[Coarse] imw-rord-nn pair 4: dE=-9221.2 m dN=4881.8 m (phasecorr@180m, support=None, peak=0.05907139921188354) field 1x1 cells, dE -9682..-9682 m, dN 4878..4878 m, 0 filled
imw-rord-nn: Processing pair 4 from disk...
imw-rord-nn: 0 match-sets in 0.63s
[Coarse] imw-rord-nn pair 5: dE=-9227.3 m dN=4936.9 m (phasecorr@180m, support=None, peak=0.06194785504341126) field 1x1 cells, dE -9750..-9750 m, dN 4772..4772 m, 0 filled
imw-rord-nn: Processing pair 5 from disk...
imw-rord-nn: 1 match-sets in 0.47s
[Coarse] imw-rord-nn pair 6: dE=-9159.5 m dN=4923.5 m (phasecorr@180m, support=None, peak=0.05013165693283081) field 1x1 cells, dE -9887..-9887 m, dN 4790..4790 m, 0 filled
imw-rord-nn: Processing pair 6 from disk...
imw-rord-nn: 1 match-sets in 0.52s
[Coarse] imw-rord-nn pair 7: dE=-9947.3 m dN=4785.4 m (phasecorr@180m, support=None, peak=0.11055335414556809) field 1x1 cells, dE -9955..-9955 m, dN 4765..4765 m, 0 filled
imw-rord-nn: Processing pair 7 from disk...
imw-rord-nn: 1 match-sets in 0.22s
[Coarse] imw-rord-nn pair 8: dE=-9954.5 m dN=4779.3 m (phasecorr@180m, support=None, peak=0.1302907753461673) field 1x1 cells, dE -9962..-9962 m, dN 4753..4753 m, 0 filled
imw-rord-nn: Processing pair 8 from disk...
imw-rord-nn: 1 match-sets in 0.13s
[Coarse] imw-rord-nn pair 9: dE=-9059.4 m dN=4950.7 m (phasecorr@180m, support=None, peak=0.05415244971381293) field 1x1 cells, dE -9094..-9094 m, dN 4821..4821 m, 0 filled
imw-rord-nn: Processing pair 9 from disk...
imw-rord-nn: 1 match-sets in 0.35s
[Coarse] imw-rord-nn pair 10: dE=-9073.5 m dN=4906.4 m (phasecorr@180m, support=None, peak=0.037404243375048225) field 1x1 cells, dE -9023..-9023 m, dN 4778..4778 m, 0 filled
imw-rord-nn: Processing pair 10 from disk...
imw-rord-nn: 0 match-sets in 0.18s
[Coarse] imw-rord-nn pair 11: dE=-9022.9 m dN=4778.1 m (from-pair-10, support=None, peak=None) 
imw-rord-nn: Processing pair 11 from disk...
imw-rord-nn: 0 match-sets in 0.34s
[Coarse] imw-rord-nn pair 12: dE=-9321.8 m dN=4777.2 m (phasecorr@180m, support=None, peak=0.044330621825324164) field 1x1 cells, dE -9400..-9400 m, dN 4784..4784 m, 0 filled
imw-rord-nn: Processing pair 12 from disk...
imw-rord-nn: 1 match-sets in 0.58s
[Coarse] imw-rord-nn pair 13: dE=-9228.3 m dN=4825.9 m (phasecorr@180m, support=None, peak=0.03933755140516493) field 1x1 cells, dE -9272..-9272 m, dN 4847..4847 m, 0 filled
imw-rord-nn: Processing pair 13 from disk...
imw-rord-nn: 1 match-sets in 0.59s
[Coarse] imw-rord-nn pair 14: dE=-9308.5 m dN=4822.9 m (phasecorr@180m, support=None, peak=0.0362194667590989) field 1x1 cells, dE -9542..-9542 m, dN 4843..4843 m, 0 filled
imw-rord-nn: Processing pair 14 from disk...
imw-rord-nn: 1 match-sets in 0.39s
[Coarse] imw-rord-nn pair 15: dE=-19392.4 m dN=24257.7 m (phasecorr@180m, support=None, peak=0.07282278133763208) 
imw-rord-nn: Processing pair 15 from disk...
imw-rord-nn: 0 match-sets in 0.15s
No valid chip CSV files found.
[band1] imw-rord-nn no-consensus in 0.2 min, peak GPU memory 1.1 of 15.6 GB
[imw-rord-nn] Model unloaded.
--------------------------------------------------------------------------------
[band1] Running imw-d2net-nn
[imw-d2net-nn] Loading model...
[Coarse] pair 1: no reliable coarse offset (matcher: {'dx': -27502.75360107422, 'dy': -1899.195556640625, 'support': 3, 'n': 4, 'peak': None}; phasecorr: {'dx': -20193.477464726686, 'dy': -45743.92838364222, 'support': None, 'n': None, 'peak': 0.020609428800836677}); windows compared in place
[Coarse] pair 2: no reliable coarse offset (matcher: no matches; phasecorr: {'dx': -13696.50551245419, 'dy': -38359.15034615832, 'support': None, 'n': None, 'peak': 0.005463445974802611}); windows compared in place
[Coarse] pair 3: no reliable coarse offset (matcher: no matches; phasecorr: {'dx': -26691.14624675497, 'dy': -28341.854429889372, 'support': None, 'n': None, 'peak': 0.028507738675927267}); windows compared in place
[Coarse] pair 11: no reliable coarse offset (matcher: {'dx': -9229.342346191406, 'dy': 5300.043640136719, 'support': 3, 'n': 3, 'peak': None}; phasecorr: {'dx': -9310.972745874022, 'dy': 4896.252513739784, 'support': None, 'n': None, 'peak': 0.011061620189525462}); windows compared in place
[Coarse] pair 15: phase correlation gave dE=-19392 m dN=24258 m, 21.5 km from every offset the matcher measured; using pair 8's (dE=-10049 m dN=4893 m)
[Coarse] imw-d2net-nn pair 1: dE=-9093.9 m dN=4821.4 m (from-pair-9, support=None, peak=None) 
imw-d2net-nn: Processing pair 1 from disk...
imw-d2net-nn: 1 match-sets in 0.14s
[Coarse] imw-d2net-nn pair 2: dE=-9093.9 m dN=4821.4 m (from-pair-9, support=None, peak=None) 
imw-d2net-nn: Processing pair 2 from disk...
imw-d2net-nn: 1 match-sets in 0.14s
[Coarse] imw-d2net-nn pair 3: dE=-9093.9 m dN=4821.4 m (from-pair-9, support=None, peak=None) 
imw-d2net-nn: Processing pair 3 from disk...
imw-d2net-nn: 1 match-sets in 0.14s
[Coarse] imw-d2net-nn pair 4: dE=-9221.2 m dN=4881.8 m (phasecorr@180m, support=None, peak=0.05907139921188354) field 1x1 cells, dE -9682..-9682 m, dN 4878..4878 m, 0 filled
imw-d2net-nn: Processing pair 4 from disk...
imw-d2net-nn: 1 match-sets in 0.48s
[Coarse] imw-d2net-nn pair 5: dE=-9227.3 m dN=4936.9 m (phasecorr@180m, support=None, peak=0.06194785504341126) field 1x1 cells, dE -9750..-9750 m, dN 4772..4772 m, 0 filled
imw-d2net-nn: Processing pair 5 from disk...
imw-d2net-nn: 1 match-sets in 0.48s
[Coarse] imw-d2net-nn pair 6: dE=-9159.5 m dN=4923.5 m (phasecorr@180m, support=None, peak=0.05013165693283081) field 1x1 cells, dE -9887..-9887 m, dN 4790..4790 m, 0 filled
imw-d2net-nn: Processing pair 6 from disk...
imw-d2net-nn: 1 match-sets in 0.48s
[Coarse] imw-d2net-nn pair 7: dE=-9947.3 m dN=4785.4 m (phasecorr@180m, support=None, peak=0.11055335414556809) field 1x1 cells, dE -9955..-9955 m, dN 4765..4765 m, 0 filled
imw-d2net-nn: Processing pair 7 from disk...
imw-d2net-nn: 1 match-sets in 0.15s
[Coarse] imw-d2net-nn pair 8: dE=-10049.3 m dN=4892.5 m (matcher@180m, support=12, peak=None) field 1x1 cells, dE -10049..-10049 m, dN 4893..4893 m, 0 filled
imw-d2net-nn: Processing pair 8 from disk...
imw-d2net-nn: 1 match-sets in 0.15s
[Coarse] imw-d2net-nn pair 9: dE=-9059.4 m dN=4950.7 m (phasecorr@180m, support=None, peak=0.05415244971381293) field 1x1 cells, dE -9094..-9094 m, dN 4821..4821 m, 0 filled
imw-d2net-nn: Processing pair 9 from disk...
imw-d2net-nn: 1 match-sets in 0.21s
[Coarse] imw-d2net-nn pair 10: dE=-9073.5 m dN=4906.4 m (phasecorr@180m, support=None, peak=0.037404243375048225) field 1x1 cells, dE -9023..-9023 m, dN 4778..4778 m, 0 filled
imw-d2net-nn: Processing pair 10 from disk...
imw-d2net-nn: 1 match-sets in 0.21s
[Coarse] imw-d2net-nn pair 11: dE=-9022.9 m dN=4778.1 m (from-pair-10, support=None, peak=None) 
imw-d2net-nn: Processing pair 11 from disk...
imw-d2net-nn: 1 match-sets in 0.22s
[Coarse] imw-d2net-nn pair 12: dE=-9321.8 m dN=4777.2 m (phasecorr@180m, support=None, peak=0.044330621825324164) field 1x1 cells, dE -9400..-9400 m, dN 4784..4784 m, 0 filled
imw-d2net-nn: Processing pair 12 from disk...
imw-d2net-nn: 1 match-sets in 0.41s
[Coarse] imw-d2net-nn pair 13: dE=-9228.3 m dN=4825.9 m (phasecorr@180m, support=None, peak=0.03933755140516493) field 1x1 cells, dE -9272..-9272 m, dN 4847..4847 m, 0 filled
imw-d2net-nn: Processing pair 13 from disk...
imw-d2net-nn: 1 match-sets in 0.41s
[Coarse] imw-d2net-nn pair 14: dE=-9308.5 m dN=4822.9 m (phasecorr@180m, support=None, peak=0.0362194667590989) field 1x1 cells, dE -9542..-9542 m, dN 4843..4843 m, 0 filled
imw-d2net-nn: Processing pair 14 from disk...
imw-d2net-nn: 1 match-sets in 0.40s
[Coarse] imw-d2net-nn pair 15: dE=-10049.3 m dN=4892.5 m (from-pair-8 (phasecorr disagreed), support=None, peak=0.07282278133763208) 
imw-d2net-nn: Processing pair 15 from disk...
imw-d2net-nn: 1 match-sets in 0.16s
Saved:
 CHIP_STATS_ALL.csv
 CHIP_STATS_SURVIVORS.csv
 CONSENSUS_SCORES.csv
 BEST_CHIP_SET.csv
 BEST_CHIP_MANIFEST.csv
 BEST_FINAL_SUMMARY.csv
[band1] imw-d2net-nn ok in 0.2 min, peak GPU memory 1.1 of 15.6 GB
[imw-d2net-nn] Model unloaded.
--------------------------------------------------------------------------------
[band1] Running imw-alike-nn
[imw-alike-nn] Loading model...
[Coarse] pair 1: no reliable coarse offset (matcher: {'dx': -34650.0, 'dy': -30060.0, 'support': 2, 'n': 4, 'peak': None}; phasecorr: {'dx': -20193.477464726686, 'dy': -45743.92838364222, 'support': None, 'n': None, 'peak': 0.020609428800836677}); windows compared in place
[Coarse] pair 2: no reliable coarse offset (matcher: no matches; phasecorr: {'dx': -13696.50551245419, 'dy': -38359.15034615832, 'support': None, 'n': None, 'peak': 0.005463445974802611}); windows compared in place
[Coarse] pair 3: no reliable coarse offset (matcher: no matches; phasecorr: {'dx': -26691.14624675497, 'dy': -28341.854429889372, 'support': None, 'n': None, 'peak': 0.028507738675927267}); windows compared in place
[Coarse] pair 11: no reliable coarse offset (matcher: no matches; phasecorr: {'dx': -9310.972745874022, 'dy': 4896.252513739784, 'support': None, 'n': None, 'peak': 0.011061620189525462}); windows compared in place
[Coarse] WARNING: imw-alike-nn: the pairs' coarse offsets differ by up to 19 km, more than one image moves from place to place. Pairs with a wrong offset match the wrong ground (the chip consensus drops them when they are few); if most pairs disagree, check the input's pixel size and window size.
[Coarse] imw-alike-nn pair 1: dE=-9093.9 m dN=4821.4 m (from-pair-9, support=None, peak=None) 
imw-alike-nn: Processing pair 1 from disk...
imw-alike-nn: 1 match-sets in 0.15s
[Coarse] imw-alike-nn pair 2: dE=-9093.9 m dN=4821.4 m (from-pair-9, support=None, peak=None) 
imw-alike-nn: Processing pair 2 from disk...
imw-alike-nn: 1 match-sets in 0.08s
[Coarse] imw-alike-nn pair 3: dE=-9093.9 m dN=4821.4 m (from-pair-9, support=None, peak=None) 
imw-alike-nn: Processing pair 3 from disk...
imw-alike-nn: 1 match-sets in 0.08s
[Coarse] imw-alike-nn pair 4: dE=-9221.2 m dN=4881.8 m (phasecorr@180m, support=None, peak=0.05907139921188354) field 1x1 cells, dE -9682..-9682 m, dN 4878..4878 m, 0 filled
imw-alike-nn: Processing pair 4 from disk...
imw-alike-nn: 1 match-sets in 0.40s
[Coarse] imw-alike-nn pair 5: dE=-9227.3 m dN=4936.9 m (phasecorr@180m, support=None, peak=0.06194785504341126) field 1x1 cells, dE -9750..-9750 m, dN 4772..4772 m, 0 filled
imw-alike-nn: Processing pair 5 from disk...
imw-alike-nn: 1 match-sets in 0.29s
[Coarse] imw-alike-nn pair 6: dE=-9159.5 m dN=4923.5 m (phasecorr@180m, support=None, peak=0.05013165693283081) field 1x1 cells, dE -9887..-9887 m, dN 4790..4790 m, 0 filled
imw-alike-nn: Processing pair 6 from disk...
imw-alike-nn: 1 match-sets in 0.29s
[Coarse] imw-alike-nn pair 7: dE=-9947.3 m dN=4785.4 m (phasecorr@180m, support=None, peak=0.11055335414556809) field 1x1 cells, dE -9955..-9955 m, dN 4765..4765 m, 0 filled
imw-alike-nn: Processing pair 7 from disk...
imw-alike-nn: 1 match-sets in 0.16s
[Coarse] imw-alike-nn pair 8: dE=-9954.5 m dN=4779.3 m (phasecorr@180m, support=None, peak=0.1302907753461673) field 1x1 cells, dE -9962..-9962 m, dN 4753..4753 m, 0 filled
imw-alike-nn: Processing pair 8 from disk...
imw-alike-nn: 1 match-sets in 0.08s
[Coarse] imw-alike-nn pair 9: dE=-9059.4 m dN=4950.7 m (phasecorr@180m, support=None, peak=0.05415244971381293) field 1x1 cells, dE -9094..-9094 m, dN 4821..4821 m, 0 filled
imw-alike-nn: Processing pair 9 from disk...
imw-alike-nn: 1 match-sets in 0.20s
[Coarse] imw-alike-nn pair 10: dE=-9073.5 m dN=4906.4 m (phasecorr@180m, support=None, peak=0.037404243375048225) field 1x1 cells, dE -9023..-9023 m, dN 4778..4778 m, 0 filled
imw-alike-nn: Processing pair 10 from disk...
imw-alike-nn: 1 match-sets in 0.11s
[Coarse] imw-alike-nn pair 11: dE=-9022.9 m dN=4778.1 m (from-pair-10, support=None, peak=None) 
imw-alike-nn: Processing pair 11 from disk...
imw-alike-nn: 1 match-sets in 0.20s
[Coarse] imw-alike-nn pair 12: dE=-9321.8 m dN=4777.2 m (phasecorr@180m, support=None, peak=0.044330621825324164) field 1x1 cells, dE -9400..-9400 m, dN 4784..4784 m, 0 filled
imw-alike-nn: Processing pair 12 from disk...
imw-alike-nn: 1 match-sets in 0.33s
[Coarse] imw-alike-nn pair 13: dE=-9228.3 m dN=4825.9 m (phasecorr@180m, support=None, peak=0.03933755140516493) field 1x1 cells, dE -9272..-9272 m, dN 4847..4847 m, 0 filled
imw-alike-nn: Processing pair 13 from disk...
imw-alike-nn: 1 match-sets in 0.34s
[Coarse] imw-alike-nn pair 14: dE=-9308.5 m dN=4822.9 m (phasecorr@180m, support=None, peak=0.0362194667590989) field 1x1 cells, dE -9542..-9542 m, dN 4843..4843 m, 0 filled
imw-alike-nn: Processing pair 14 from disk...
imw-alike-nn: 1 match-sets in 0.22s
[Coarse] imw-alike-nn pair 15: dE=-19392.4 m dN=24257.7 m (phasecorr@180m, support=None, peak=0.07282278133763208) 
imw-alike-nn: Processing pair 15 from disk...
imw-alike-nn: 1 match-sets in 0.13s
Saved:
 CHIP_STATS_ALL.csv
 CHIP_STATS_SURVIVORS.csv
 CONSENSUS_SCORES.csv
 BEST_CHIP_SET.csv
 BEST_CHIP_MANIFEST.csv
 BEST_FINAL_SUMMARY.csv
[band1] imw-alike-nn ok in 0.2 min, peak GPU memory 1.0 of 15.6 GB
[imw-alike-nn] Model unloaded.
--------------------------------------------------------------------------------
[band1] Running imw-sfd2-nn
[imw-sfd2-nn] Loading model...
[Coarse] pair 1: no reliable coarse offset (matcher: no matches; phasecorr: {'dx': -20193.477464726686, 'dy': -45743.92838364222, 'support': None, 'n': None, 'peak': 0.020609428800836677}); windows compared in place
[Coarse] pair 2: no reliable coarse offset (matcher: {'dx': -35100.0, 'dy': -18900.0, 'support': 2, 'n': 3, 'peak': None}; phasecorr: {'dx': -13696.50551245419, 'dy': -38359.15034615832, 'support': None, 'n': None, 'peak': 0.005463445974802611}); windows compared in place
[Coarse] pair 3: no reliable coarse offset (matcher: {'dx': -35370.0, 'dy': 7200.0, 'support': 2, 'n': 3, 'peak': None}; phasecorr: {'dx': -26691.14624675497, 'dy': -28341.854429889372, 'support': None, 'n': None, 'peak': 0.028507738675927267}); windows compared in place
[Coarse] pair 11: no reliable coarse offset (matcher: {'dx': -35280.0, 'dy': -15840.0, 'support': 1, 'n': 5, 'peak': None}; phasecorr: {'dx': -9310.972745874022, 'dy': 4896.252513739784, 'support': None, 'n': None, 'peak': 0.011061620189525462}); windows compared in place
[Coarse] pair 15: phase correlation gave dE=-19392 m dN=24258 m, 21.9 km from every offset the matcher measured; using pair 9's (dE=-9180 m dN=4860 m)
[Coarse] imw-sfd2-nn pair 1: dE=-9180.0 m dN=4860.0 m (from-pair-9, support=None, peak=None) 
imw-sfd2-nn: Processing pair 1 from disk...
imw-sfd2-nn: 1 match-sets in 0.12s
[Coarse] imw-sfd2-nn pair 2: dE=-9180.0 m dN=4860.0 m (from-pair-9, support=None, peak=None) 
imw-sfd2-nn: Processing pair 2 from disk...
imw-sfd2-nn: 1 match-sets in 0.07s
[Coarse] imw-sfd2-nn pair 3: dE=-9180.0 m dN=4860.0 m (from-pair-9, support=None, peak=None) 
imw-sfd2-nn: Processing pair 3 from disk...
imw-sfd2-nn: 1 match-sets in 0.07s
[Coarse] imw-sfd2-nn pair 4: dE=-9221.2 m dN=4881.8 m (phasecorr@180m, support=None, peak=0.05907139921188354) field 1x1 cells, dE -9682..-9682 m, dN 4878..4878 m, 0 filled
imw-sfd2-nn: Processing pair 4 from disk...
imw-sfd2-nn: 1 match-sets in 0.39s
[Coarse] imw-sfd2-nn pair 5: dE=-9227.3 m dN=4936.9 m (phasecorr@180m, support=None, peak=0.06194785504341126) field 1x1 cells, dE -9750..-9750 m, dN 4772..4772 m, 0 filled
imw-sfd2-nn: Processing pair 5 from disk...
imw-sfd2-nn: 1 match-sets in 0.29s
[Coarse] imw-sfd2-nn pair 6: dE=-9159.5 m dN=4923.5 m (phasecorr@180m, support=None, peak=0.05013165693283081) field 1x1 cells, dE -9887..-9887 m, dN 4790..4790 m, 0 filled
imw-sfd2-nn: Processing pair 6 from disk...
imw-sfd2-nn: 1 match-sets in 0.29s
[Coarse] imw-sfd2-nn pair 7: dE=-9947.3 m dN=4785.4 m (phasecorr@180m, support=None, peak=0.11055335414556809) field 1x1 cells, dE -9955..-9955 m, dN 4765..4765 m, 0 filled
imw-sfd2-nn: Processing pair 7 from disk...
imw-sfd2-nn: 1 match-sets in 0.13s
[Coarse] imw-sfd2-nn pair 8: dE=-9954.5 m dN=4779.3 m (phasecorr@180m, support=None, peak=0.1302907753461673) field 1x1 cells, dE -9962..-9962 m, dN 4753..4753 m, 0 filled
imw-sfd2-nn: Processing pair 8 from disk...
imw-sfd2-nn: 1 match-sets in 0.08s
[Coarse] imw-sfd2-nn pair 9: dE=-9180.0 m dN=4860.0 m (matcher@180m, support=8, peak=None) field 1x1 cells, dE -9180..-9180 m, dN 4860..4860 m, 0 filled
imw-sfd2-nn: Processing pair 9 from disk...
imw-sfd2-nn: 1 match-sets in 0.18s
[Coarse] imw-sfd2-nn pair 10: dE=-9073.5 m dN=4906.4 m (phasecorr@180m, support=None, peak=0.037404243375048225) field 1x1 cells, dE -9023..-9023 m, dN 4778..4778 m, 0 filled
imw-sfd2-nn: Processing pair 10 from disk...
imw-sfd2-nn: 1 match-sets in 0.12s
[Coarse] imw-sfd2-nn pair 11: dE=-9022.9 m dN=4778.1 m (from-pair-10, support=None, peak=None) 
imw-sfd2-nn: Processing pair 11 from disk...
imw-sfd2-nn: 1 match-sets in 0.18s
[Coarse] imw-sfd2-nn pair 12: dE=-9321.8 m dN=4777.2 m (phasecorr@180m, support=None, peak=0.044330621825324164) field 1x1 cells, dE -9400..-9400 m, dN 4784..4784 m, 0 filled
imw-sfd2-nn: Processing pair 12 from disk...
imw-sfd2-nn: 1 match-sets in 0.32s
[Coarse] imw-sfd2-nn pair 13: dE=-9228.3 m dN=4825.9 m (phasecorr@180m, support=None, peak=0.03933755140516493) field 1x1 cells, dE -9272..-9272 m, dN 4847..4847 m, 0 filled
imw-sfd2-nn: Processing pair 13 from disk...
imw-sfd2-nn: 1 match-sets in 0.32s
[Coarse] imw-sfd2-nn pair 14: dE=-9308.5 m dN=4822.9 m (phasecorr@180m, support=None, peak=0.0362194667590989) field 1x1 cells, dE -9542..-9542 m, dN 4843..4843 m, 0 filled
imw-sfd2-nn: Processing pair 14 from disk...
imw-sfd2-nn: 1 match-sets in 0.22s
[Coarse] imw-sfd2-nn pair 15: dE=-9180.0 m dN=4860.0 m (from-pair-9 (phasecorr disagreed), support=None, peak=0.07282278133763208) 
imw-sfd2-nn: Processing pair 15 from disk...
imw-sfd2-nn: 1 match-sets in 0.09s
Saved:
 CHIP_STATS_ALL.csv
 CHIP_STATS_SURVIVORS.csv
 CONSENSUS_SCORES.csv
 BEST_CHIP_SET.csv
 BEST_CHIP_MANIFEST.csv
 BEST_FINAL_SUMMARY.csv
[band1] imw-sfd2-nn ok in 0.1 min, peak GPU memory 1.4 of 15.6 GB
[imw-sfd2-nn] Model unloaded.
--------------------------------------------------------------------------------
[band1] Running imw-rdd-nn
[imw-rdd-nn] Loading model...


Please compile MultiScaleDeformableAttention CUDA op with the following commands:
	`cd mask2former/modeling/pixel_decoder/ops`
	`sh make.sh`

config {'activation': 'relu', 'block_dims': [8, 16, 32, 64], 'd_model': 256, 'detection_threshold': 0.015, 'device': device(type='cuda'), 'dim_feedforward': 1024, 'dropout': 0.1, 'enc_n_points': 8, 'hidden_dim': 256, 'lr_backbone': 2e-05, 'nhead': 8, 'num_encoder_layers': 4, 'num_feature_levels': 5, 'top_k': 32000, 'train_detector': False, 'weights': '/maintenance/ICIGDev/GPUPOC/input/dqe/imw_runtime/imw_cache/huggingface/hub/models--Realcat--imcui_checkpoints/snapshots/e72b489e927e7a8202f505c1b4db1474fd22b8b7/rdd/RDD-v2.pth'}
[Coarse] pair 2: no reliable coarse offset (matcher: no matches; phasecorr: {'dx': -13696.50551245419, 'dy': -38359.15034615832, 'support': None, 'n': None, 'peak': 0.005463445974802611}); windows compared in place
[Coarse] pair 4: phase correlation gave dE=-9221 m dN=4882 m, 18.2 km from every offset the matcher measured; using pair 6's (dE=-31472 m dN=26871 m)
[Coarse] pair 5: phase correlation gave dE=-9227 m dN=4937 m, 18.1 km from every offset the matcher measured; using pair 6's (dE=-31472 m dN=26871 m)
[Coarse] pair 9: phase correlation gave dE=-9059 m dN=4951 m, 18.2 km from every offset the matcher measured; using pair 11's (dE=-16317 m dN=-17257 m)
[Coarse] pair 10: phase correlation gave dE=-9074 m dN=4906 m, 18.2 km from every offset the matcher measured; using pair 11's (dE=-16317 m dN=-17257 m)
[Coarse] WARNING: imw-rdd-nn: the pairs' coarse offsets differ by up to 70 km, more than one image moves from place to place. Pairs with a wrong offset match the wrong ground (the chip consensus drops them when they are few); if most pairs disagree, check the input's pixel size and window size.
[Coarse] imw-rdd-nn pair 1: dE=-33411.3 m dN=-22702.8 m (matcher@180m, support=14, peak=None) field 1x1 cells, dE -33411..-33411 m, dN -22703..-22703 m, 0 filled
imw-rdd-nn: Processing pair 1 from disk...
imw-rdd-nn: 1 match-sets in 0.57s
[Coarse] imw-rdd-nn pair 2: dE=-35055.1 m dN=-29138.8 m (from-pair-3, support=None, peak=None) 
imw-rdd-nn: Processing pair 2 from disk...
imw-rdd-nn: 1 match-sets in 0.33s
[Coarse] imw-rdd-nn pair 3: dE=-35055.1 m dN=-29138.8 m (matcher@180m, support=9, peak=None) field 1x1 cells, dE -35055..-35055 m, dN -29139..-29139 m, 0 filled
imw-rdd-nn: Processing pair 3 from disk...
imw-rdd-nn: 1 match-sets in 0.33s
[Coarse] imw-rdd-nn pair 4: dE=-31471.7 m dN=26871.1 m (from-pair-6 (phasecorr disagreed), support=None, peak=0.05907139921188354) 
imw-rdd-nn: Processing pair 4 from disk...
imw-rdd-nn: 1 match-sets in 1.12s
[Coarse] imw-rdd-nn pair 5: dE=-31471.7 m dN=26871.1 m (from-pair-6 (phasecorr disagreed), support=None, peak=0.06194785504341126) 
imw-rdd-nn: Processing pair 5 from disk...
imw-rdd-nn: 1 match-sets in 0.74s
[Coarse] imw-rdd-nn pair 6: dE=-31471.7 m dN=26871.1 m (matcher@180m, support=13, peak=None) field 1x1 cells, dE -31472..-31472 m, dN 26871..26871 m, 0 filled
imw-rdd-nn: Processing pair 6 from disk...
imw-rdd-nn: 1 match-sets in 1.07s
[Coarse] imw-rdd-nn pair 7: dE=-27917.3 m dN=34274.1 m (matcher@180m, support=18, peak=None) field 1x1 cells, dE -27917..-27917 m, dN 34274..34274 m, 0 filled
imw-rdd-nn: Processing pair 7 from disk...
imw-rdd-nn: 1 match-sets in 0.58s
[Coarse] imw-rdd-nn pair 8: dE=-13932.4 m dN=31153.3 m (matcher@180m, support=12, peak=None) field 1x1 cells, dE -13932..-13932 m, dN 31153..31153 m, 0 filled
imw-rdd-nn: Processing pair 8 from disk...
imw-rdd-nn: 1 match-sets in 0.32s
[Coarse] imw-rdd-nn pair 9: dE=-16316.6 m dN=-17257.2 m (from-pair-11 (phasecorr disagreed), support=None, peak=0.05415244971381293) 
imw-rdd-nn: Processing pair 9 from disk...
imw-rdd-nn: 1 match-sets in 0.75s
[Coarse] imw-rdd-nn pair 10: dE=-16316.6 m dN=-17257.2 m (from-pair-11 (phasecorr disagreed), support=None, peak=0.037404243375048225) 
imw-rdd-nn: Processing pair 10 from disk...
imw-rdd-nn: 1 match-sets in 0.46s
[Coarse] imw-rdd-nn pair 11: dE=-16316.6 m dN=-17257.2 m (matcher@180m, support=27, peak=None) field 1x1 cells, dE -16317..-16317 m, dN -17257..-17257 m, 0 filled
imw-rdd-nn: Processing pair 11 from disk...
imw-rdd-nn: 1 match-sets in 0.73s
[Coarse] imw-rdd-nn pair 12: dE=34545.7 m dN=19934.6 m (matcher@180m, support=10, peak=None) field 1x1 cells, dE 34546..34546 m, dN 19935..19935 m, 0 filled
imw-rdd-nn: Processing pair 12 from disk...
imw-rdd-nn: 1 match-sets in 0.97s
[Coarse] imw-rdd-nn pair 13: dE=-7626.4 m dN=23132.1 m (matcher@180m, support=22, peak=None) field 1x1 cells, dE -7626..-7626 m, dN 23132..23132 m, 0 filled
imw-rdd-nn: Processing pair 13 from disk...
imw-rdd-nn: 1 match-sets in 0.75s
[Coarse] imw-rdd-nn pair 14: dE=-13943.9 m dN=22462.5 m (matcher@180m, support=21, peak=None) field 1x1 cells, dE -13944..-13944 m, dN 22462..22462 m, 0 filled
imw-rdd-nn: Processing pair 14 from disk...
imw-rdd-nn: 1 match-sets in 0.76s
[Coarse] imw-rdd-nn pair 15: dE=30445.8 m dN=28396.4 m (matcher@180m, support=19, peak=None) field 1x1 cells, dE 30446..30446 m, dN 28396..28396 m, 0 filled
imw-rdd-nn: Processing pair 15 from disk...
imw-rdd-nn: 1 match-sets in 0.43s
Saved:
 CHIP_STATS_ALL.csv
 CHIP_STATS_SURVIVORS.csv
 CONSENSUS_SCORES.csv
 BEST_CHIP_SET.csv
 BEST_CHIP_MANIFEST.csv
 BEST_FINAL_SUMMARY.csv
[band1] imw-rdd-nn ok in 0.4 min, peak GPU memory 8.7 of 15.6 GB
[imw-rdd-nn] Model unloaded.
--------------------------------------------------------------------------------
[band1] Running imw-liftfeat-nn
[imw-liftfeat-nn] Loading model...
load weight successfully.
[Coarse] pair 1: no reliable coarse offset (matcher: no matches; phasecorr: {'dx': -20193.477464726686, 'dy': -45743.92838364222, 'support': None, 'n': None, 'peak': 0.020609428800836677}); windows compared in place
[Coarse] pair 2: no reliable coarse offset (matcher: {'dx': -34920.0, 'dy': -10260.0, 'support': 1, 'n': 3, 'peak': None}; phasecorr: {'dx': -13696.50551245419, 'dy': -38359.15034615832, 'support': None, 'n': None, 'peak': 0.005463445974802611}); windows compared in place
[Coarse] pair 3: no reliable coarse offset (matcher: {'dx': -34830.0, 'dy': -25200.0, 'support': 2, 'n': 5, 'peak': None}; phasecorr: {'dx': -26691.14624675497, 'dy': -28341.854429889372, 'support': None, 'n': None, 'peak': 0.028507738675927267}); windows compared in place
[Coarse] pair 11: no reliable coarse offset (matcher: {'dx': -23580.0, 'dy': -26640.0, 'support': 3, 'n': 5, 'peak': None}; phasecorr: {'dx': -9310.972745874022, 'dy': 4896.252513739784, 'support': None, 'n': None, 'peak': 0.011061620189525462}); windows compared in place
[Coarse] WARNING: imw-liftfeat-nn: the pairs' coarse offsets differ by up to 19 km, more than one image moves from place to place. Pairs with a wrong offset match the wrong ground (the chip consensus drops them when they are few); if most pairs disagree, check the input's pixel size and window size.
[Coarse] imw-liftfeat-nn pair 1: dE=-9093.9 m dN=4821.4 m (from-pair-9, support=None, peak=None) 
imw-liftfeat-nn: Processing pair 1 from disk...
imw-liftfeat-nn: 1 match-sets in 0.19s
[Coarse] imw-liftfeat-nn pair 2: dE=-9093.9 m dN=4821.4 m (from-pair-9, support=None, peak=None) 
imw-liftfeat-nn: Processing pair 2 from disk...
imw-liftfeat-nn: 1 match-sets in 0.09s
[Coarse] imw-liftfeat-nn pair 3: dE=-9093.9 m dN=4821.4 m (from-pair-9, support=None, peak=None) 
imw-liftfeat-nn: Processing pair 3 from disk...
imw-liftfeat-nn: 1 match-sets in 0.09s
[Coarse] imw-liftfeat-nn pair 4: dE=-9221.2 m dN=4881.8 m (phasecorr@180m, support=None, peak=0.05907139921188354) field 1x1 cells, dE -9682..-9682 m, dN 4878..4878 m, 0 filled
imw-liftfeat-nn: Processing pair 4 from disk...
imw-liftfeat-nn: 1 match-sets in 0.49s
[Coarse] imw-liftfeat-nn pair 5: dE=-9227.3 m dN=4936.9 m (phasecorr@180m, support=None, peak=0.06194785504341126) field 1x1 cells, dE -9750..-9750 m, dN 4772..4772 m, 0 filled
imw-liftfeat-nn: Processing pair 5 from disk...
imw-liftfeat-nn: 1 match-sets in 0.30s
[Coarse] imw-liftfeat-nn pair 6: dE=-9159.5 m dN=4923.5 m (phasecorr@180m, support=None, peak=0.05013165693283081) field 1x1 cells, dE -9887..-9887 m, dN 4790..4790 m, 0 filled
imw-liftfeat-nn: Processing pair 6 from disk...
imw-liftfeat-nn: 1 match-sets in 0.31s
[Coarse] imw-liftfeat-nn pair 7: dE=-9947.3 m dN=4785.4 m (phasecorr@180m, support=None, peak=0.11055335414556809) field 1x1 cells, dE -9955..-9955 m, dN 4765..4765 m, 0 filled
imw-liftfeat-nn: Processing pair 7 from disk...
imw-liftfeat-nn: 1 match-sets in 0.20s
[Coarse] imw-liftfeat-nn pair 8: dE=-9954.5 m dN=4779.3 m (phasecorr@180m, support=None, peak=0.1302907753461673) field 1x1 cells, dE -9962..-9962 m, dN 4753..4753 m, 0 filled
imw-liftfeat-nn: Processing pair 8 from disk...
imw-liftfeat-nn: 1 match-sets in 0.09s
[Coarse] imw-liftfeat-nn pair 9: dE=-9059.4 m dN=4950.7 m (phasecorr@180m, support=None, peak=0.05415244971381293) field 1x1 cells, dE -9094..-9094 m, dN 4821..4821 m, 0 filled
imw-liftfeat-nn: Processing pair 9 from disk...
imw-liftfeat-nn: 1 match-sets in 0.27s
[Coarse] imw-liftfeat-nn pair 10: dE=-9073.5 m dN=4906.4 m (phasecorr@180m, support=None, peak=0.037404243375048225) field 1x1 cells, dE -9023..-9023 m, dN 4778..4778 m, 0 filled
imw-liftfeat-nn: Processing pair 10 from disk...
imw-liftfeat-nn: 1 match-sets in 0.13s
[Coarse] imw-liftfeat-nn pair 11: dE=-9022.9 m dN=4778.1 m (from-pair-10, support=None, peak=None) 
imw-liftfeat-nn: Processing pair 11 from disk...
imw-liftfeat-nn: 1 match-sets in 0.28s
[Coarse] imw-liftfeat-nn pair 12: dE=-9321.8 m dN=4777.2 m (phasecorr@180m, support=None, peak=0.044330621825324164) field 1x1 cells, dE -9400..-9400 m, dN 4784..4784 m, 0 filled
imw-liftfeat-nn: Processing pair 12 from disk...
imw-liftfeat-nn: 1 match-sets in 0.44s
[Coarse] imw-liftfeat-nn pair 13: dE=-9228.3 m dN=4825.9 m (phasecorr@180m, support=None, peak=0.03933755140516493) field 1x1 cells, dE -9272..-9272 m, dN 4847..4847 m, 0 filled
imw-liftfeat-nn: Processing pair 13 from disk...
imw-liftfeat-nn: 1 match-sets in 0.44s
[Coarse] imw-liftfeat-nn pair 14: dE=-9308.5 m dN=4822.9 m (phasecorr@180m, support=None, peak=0.0362194667590989) field 1x1 cells, dE -9542..-9542 m, dN 4843..4843 m, 0 filled
imw-liftfeat-nn: Processing pair 14 from disk...
imw-liftfeat-nn: 1 match-sets in 0.23s
[Coarse] imw-liftfeat-nn pair 15: dE=-19392.4 m dN=24257.7 m (phasecorr@180m, support=None, peak=0.07282278133763208) 
imw-liftfeat-nn: Processing pair 15 from disk...
imw-liftfeat-nn: 1 match-sets in 0.17s
Saved:
 CHIP_STATS_ALL.csv
 CHIP_STATS_SURVIVORS.csv
 CONSENSUS_SCORES.csv
 BEST_CHIP_SET.csv
 BEST_CHIP_MANIFEST.csv
 BEST_FINAL_SUMMARY.csv
[band1] imw-liftfeat-nn ok in 0.2 min, peak GPU memory 4.2 of 15.6 GB
[imw-liftfeat-nn] Model unloaded.
--------------------------------------------------------------------------------
[band1] Running imw-ripe-nn
[imw-ripe-nn] Loading model...
INFO:ripe.models.ripe:Training with window size 8.
INFO:ripe.models.ripe:Use None as final non-linearity before the detection heatmap.
INFO:ripe.models.ripe:Training dim reduction descriptor with 960 -> 256 1x1 conv
[Coarse] pair 1: no reliable coarse offset (matcher: no matches; phasecorr: {'dx': -20193.477464726686, 'dy': -45743.92838364222, 'support': None, 'n': None, 'peak': 0.020609428800836677}); windows compared in place
[Coarse] pair 2: no reliable coarse offset (matcher: {'dx': -34560.0, 'dy': 720.0, 'support': 1, 'n': 4, 'peak': None}; phasecorr: {'dx': -13696.50551245419, 'dy': -38359.15034615832, 'support': None, 'n': None, 'peak': 0.005463445974802611}); windows compared in place
[Coarse] pair 3: no reliable coarse offset (matcher: {'dx': -35100.0, 'dy': -17820.0, 'support': 3, 'n': 3, 'peak': None}; phasecorr: {'dx': -26691.14624675497, 'dy': -28341.854429889372, 'support': None, 'n': None, 'peak': 0.028507738675927267}); windows compared in place
[Coarse] pair 11: no reliable coarse offset (matcher: no matches; phasecorr: {'dx': -9310.972745874022, 'dy': 4896.252513739784, 'support': None, 'n': None, 'peak': 0.011061620189525462}); windows compared in place
[Coarse] WARNING: imw-ripe-nn: the pairs' coarse offsets differ by up to 19 km, more than one image moves from place to place. Pairs with a wrong offset match the wrong ground (the chip consensus drops them when they are few); if most pairs disagree, check the input's pixel size and window size.
[Coarse] imw-ripe-nn pair 1: dE=-9093.9 m dN=4821.4 m (from-pair-9, support=None, peak=None) 
imw-ripe-nn: Processing pair 1 from disk...
imw-ripe-nn: 1 match-sets in 0.20s
[Coarse] imw-ripe-nn pair 2: dE=-9093.9 m dN=4821.4 m (from-pair-9, support=None, peak=None) 
imw-ripe-nn: Processing pair 2 from disk...
imw-ripe-nn: 1 match-sets in 0.13s
[Coarse] imw-ripe-nn pair 3: dE=-9093.9 m dN=4821.4 m (from-pair-9, support=None, peak=None) 
imw-ripe-nn: Processing pair 3 from disk...
imw-ripe-nn: 0 match-sets in 0.12s
[Coarse] imw-ripe-nn pair 4: dE=-9221.2 m dN=4881.8 m (phasecorr@180m, support=None, peak=0.05907139921188354) field 1x1 cells, dE -9682..-9682 m, dN 4878..4878 m, 0 filled
imw-ripe-nn: Processing pair 4 from disk...
imw-ripe-nn: 1 match-sets in 0.62s
[Coarse] imw-ripe-nn pair 5: dE=-9227.3 m dN=4936.9 m (phasecorr@180m, support=None, peak=0.06194785504341126) field 1x1 cells, dE -9750..-9750 m, dN 4772..4772 m, 0 filled
imw-ripe-nn: Processing pair 5 from disk...
imw-ripe-nn: 1 match-sets in 0.45s
[Coarse] imw-ripe-nn pair 6: dE=-9159.5 m dN=4923.5 m (phasecorr@180m, support=None, peak=0.05013165693283081) field 1x1 cells, dE -9887..-9887 m, dN 4790..4790 m, 0 filled
imw-ripe-nn: Processing pair 6 from disk...
imw-ripe-nn: 1 match-sets in 0.45s
[Coarse] imw-ripe-nn pair 7: dE=-9947.3 m dN=4785.4 m (phasecorr@180m, support=None, peak=0.11055335414556809) field 1x1 cells, dE -9955..-9955 m, dN 4765..4765 m, 0 filled
imw-ripe-nn: Processing pair 7 from disk...
imw-ripe-nn: 1 match-sets in 0.21s
[Coarse] imw-ripe-nn pair 8: dE=-9954.5 m dN=4779.3 m (phasecorr@180m, support=None, peak=0.1302907753461673) field 1x1 cells, dE -9962..-9962 m, dN 4753..4753 m, 0 filled
imw-ripe-nn: Processing pair 8 from disk...
imw-ripe-nn: 1 match-sets in 0.15s
[Coarse] imw-ripe-nn pair 9: dE=-9059.4 m dN=4950.7 m (phasecorr@180m, support=None, peak=0.05415244971381293) field 1x1 cells, dE -9094..-9094 m, dN 4821..4821 m, 0 filled
imw-ripe-nn: Processing pair 9 from disk...
imw-ripe-nn: 1 match-sets in 0.30s
[Coarse] imw-ripe-nn pair 10: dE=-9073.5 m dN=4906.4 m (phasecorr@180m, support=None, peak=0.037404243375048225) field 1x1 cells, dE -9023..-9023 m, dN 4778..4778 m, 0 filled
imw-ripe-nn: Processing pair 10 from disk...
imw-ripe-nn: 1 match-sets in 0.20s
[Coarse] imw-ripe-nn pair 11: dE=-9022.9 m dN=4778.1 m (from-pair-10, support=None, peak=None) 
imw-ripe-nn: Processing pair 11 from disk...
imw-ripe-nn: 1 match-sets in 0.32s
[Coarse] imw-ripe-nn pair 12: dE=-9321.8 m dN=4777.2 m (phasecorr@180m, support=None, peak=0.044330621825324164) field 1x1 cells, dE -9400..-9400 m, dN 4784..4784 m, 0 filled
imw-ripe-nn: Processing pair 12 from disk...
imw-ripe-nn: 1 match-sets in 0.55s
[Coarse] imw-ripe-nn pair 13: dE=-9228.3 m dN=4825.9 m (phasecorr@180m, support=None, peak=0.03933755140516493) field 1x1 cells, dE -9272..-9272 m, dN 4847..4847 m, 0 filled
imw-ripe-nn: Processing pair 13 from disk...
imw-ripe-nn: 1 match-sets in 0.55s
[Coarse] imw-ripe-nn pair 14: dE=-9308.5 m dN=4822.9 m (phasecorr@180m, support=None, peak=0.0362194667590989) field 1x1 cells, dE -9542..-9542 m, dN 4843..4843 m, 0 filled
imw-ripe-nn: Processing pair 14 from disk...
imw-ripe-nn: 1 match-sets in 0.37s
[Coarse] imw-ripe-nn pair 15: dE=-19392.4 m dN=24257.7 m (phasecorr@180m, support=None, peak=0.07282278133763208) 
imw-ripe-nn: Processing pair 15 from disk...
imw-ripe-nn: 1 match-sets in 0.17s
Saved:
 CHIP_STATS_ALL.csv
 CHIP_STATS_SURVIVORS.csv
 CONSENSUS_SCORES.csv
 BEST_CHIP_SET.csv
 BEST_CHIP_MANIFEST.csv
 BEST_FINAL_SUMMARY.csv
[band1] imw-ripe-nn ok in 0.3 min, peak GPU memory 2.0 of 15.6 GB
[imw-ripe-nn] Model unloaded.
--------------------------------------------------------------------------------
[band1] Running imw-darkfeat-nn
[imw-darkfeat-nn] Loading model...
Loaded DarkFeat model
[Coarse] pair 1: no reliable coarse offset (matcher: no matches; phasecorr: {'dx': -20193.477464726686, 'dy': -45743.92838364222, 'support': None, 'n': None, 'peak': 0.020609428800836677}); windows compared in place
[Coarse] pair 2: no reliable coarse offset (matcher: {'dx': -24210.0, 'dy': -4590.0, 'support': 4, 'n': 5, 'peak': None}; phasecorr: {'dx': -13696.50551245419, 'dy': -38359.15034615832, 'support': None, 'n': None, 'peak': 0.005463445974802611}); windows compared in place
[Coarse] pair 3: no reliable coarse offset (matcher: no matches; phasecorr: {'dx': -26691.14624675497, 'dy': -28341.854429889372, 'support': None, 'n': None, 'peak': 0.028507738675927267}); windows compared in place
[Coarse] pair 11: no reliable coarse offset (matcher: {'dx': -19980.0, 'dy': 27900.0, 'support': 1, 'n': 4, 'peak': None}; phasecorr: {'dx': -9310.972745874022, 'dy': 4896.252513739784, 'support': None, 'n': None, 'peak': 0.011061620189525462}); windows compared in place
[Coarse] WARNING: imw-darkfeat-nn: the pairs' coarse offsets differ by up to 19 km, more than one image moves from place to place. Pairs with a wrong offset match the wrong ground (the chip consensus drops them when they are few); if most pairs disagree, check the input's pixel size and window size.
[Coarse] imw-darkfeat-nn pair 1: dE=-9093.9 m dN=4821.4 m (from-pair-9, support=None, peak=None) 
imw-darkfeat-nn: Processing pair 1 from disk...
imw-darkfeat-nn: 1 match-sets in 0.12s
[Coarse] imw-darkfeat-nn pair 2: dE=-9093.9 m dN=4821.4 m (from-pair-9, support=None, peak=None) 
imw-darkfeat-nn: Processing pair 2 from disk...
imw-darkfeat-nn: 1 match-sets in 0.10s
[Coarse] imw-darkfeat-nn pair 3: dE=-9093.9 m dN=4821.4 m (from-pair-9, support=None, peak=None) 
imw-darkfeat-nn: Processing pair 3 from disk...
imw-darkfeat-nn: 1 match-sets in 0.10s
[Coarse] imw-darkfeat-nn pair 4: dE=-9221.2 m dN=4881.8 m (phasecorr@180m, support=None, peak=0.05907139921188354) field 1x1 cells, dE -9682..-9682 m, dN 4878..4878 m, 0 filled
imw-darkfeat-nn: Processing pair 4 from disk...
imw-darkfeat-nn: 1 match-sets in 0.44s
[Coarse] imw-darkfeat-nn pair 5: dE=-9227.3 m dN=4936.9 m (phasecorr@180m, support=None, peak=0.06194785504341126) field 1x1 cells, dE -9750..-9750 m, dN 4772..4772 m, 0 filled
imw-darkfeat-nn: Processing pair 5 from disk...
imw-darkfeat-nn: 1 match-sets in 0.42s
[Coarse] imw-darkfeat-nn pair 6: dE=-9159.5 m dN=4923.5 m (phasecorr@180m, support=None, peak=0.05013165693283081) field 1x1 cells, dE -9887..-9887 m, dN 4790..4790 m, 0 filled
imw-darkfeat-nn: Processing pair 6 from disk...
imw-darkfeat-nn: 1 match-sets in 0.36s
[Coarse] imw-darkfeat-nn pair 7: dE=-9947.3 m dN=4785.4 m (phasecorr@180m, support=None, peak=0.11055335414556809) field 1x1 cells, dE -9955..-9955 m, dN 4765..4765 m, 0 filled
imw-darkfeat-nn: Processing pair 7 from disk...
imw-darkfeat-nn: 1 match-sets in 0.13s
[Coarse] imw-darkfeat-nn pair 8: dE=-9954.5 m dN=4779.3 m (phasecorr@180m, support=None, peak=0.1302907753461673) field 1x1 cells, dE -9962..-9962 m, dN 4753..4753 m, 0 filled
imw-darkfeat-nn: Processing pair 8 from disk...
imw-darkfeat-nn: 1 match-sets in 0.11s
[Coarse] imw-darkfeat-nn pair 9: dE=-9059.4 m dN=4950.7 m (phasecorr@180m, support=None, peak=0.05415244971381293) field 1x1 cells, dE -9094..-9094 m, dN 4821..4821 m, 0 filled
imw-darkfeat-nn: Processing pair 9 from disk...
imw-darkfeat-nn: 1 match-sets in 0.19s
[Coarse] imw-darkfeat-nn pair 10: dE=-9073.5 m dN=4906.4 m (phasecorr@180m, support=None, peak=0.037404243375048225) field 1x1 cells, dE -9023..-9023 m, dN 4778..4778 m, 0 filled
imw-darkfeat-nn: Processing pair 10 from disk...
imw-darkfeat-nn: 1 match-sets in 0.17s
[Coarse] imw-darkfeat-nn pair 11: dE=-9022.9 m dN=4778.1 m (from-pair-10, support=None, peak=None) 
imw-darkfeat-nn: Processing pair 11 from disk...
imw-darkfeat-nn: 1 match-sets in 0.20s
[Coarse] imw-darkfeat-nn pair 12: dE=-9321.8 m dN=4777.2 m (phasecorr@180m, support=None, peak=0.044330621825324164) field 1x1 cells, dE -9400..-9400 m, dN 4784..4784 m, 0 filled
imw-darkfeat-nn: Processing pair 12 from disk...
imw-darkfeat-nn: 1 match-sets in 0.36s
[Coarse] imw-darkfeat-nn pair 13: dE=-9228.3 m dN=4825.9 m (phasecorr@180m, support=None, peak=0.03933755140516493) field 1x1 cells, dE -9272..-9272 m, dN 4847..4847 m, 0 filled
imw-darkfeat-nn: Processing pair 13 from disk...
imw-darkfeat-nn: 1 match-sets in 0.36s
[Coarse] imw-darkfeat-nn pair 14: dE=-9308.5 m dN=4822.9 m (phasecorr@180m, support=None, peak=0.0362194667590989) field 1x1 cells, dE -9542..-9542 m, dN 4843..4843 m, 0 filled
imw-darkfeat-nn: Processing pair 14 from disk...
imw-darkfeat-nn: 1 match-sets in 0.29s
[Coarse] imw-darkfeat-nn pair 15: dE=-19392.4 m dN=24257.7 m (phasecorr@180m, support=None, peak=0.07282278133763208) 
imw-darkfeat-nn: Processing pair 15 from disk...
imw-darkfeat-nn: 1 match-sets in 0.09s
Saved:
 CHIP_STATS_ALL.csv
 CHIP_STATS_SURVIVORS.csv
 CONSENSUS_SCORES.csv
 BEST_CHIP_SET.csv
 BEST_CHIP_MANIFEST.csv
 BEST_FINAL_SUMMARY.csv
[band1] imw-darkfeat-nn ok in 0.2 min, peak GPU memory 1.1 of 15.6 GB
[imw-darkfeat-nn] Model unloaded.
--------------------------------------------------------------------------------
[band1] Running imw-lanet-nn
[imw-lanet-nn] Loading model...
[Coarse] pair 1: no reliable coarse offset (matcher: no matches; phasecorr: {'dx': -20193.477464726686, 'dy': -45743.92838364222, 'support': None, 'n': None, 'peak': 0.020609428800836677}); windows compared in place
[Coarse] pair 2: no reliable coarse offset (matcher: {'dx': -19732.935333251953, 'dy': -32790.552978515625, 'support': 2, 'n': 5, 'peak': None}; phasecorr: {'dx': -13696.50551245419, 'dy': -38359.15034615832, 'support': None, 'n': None, 'peak': 0.005463445974802611}); windows compared in place
[Coarse] pair 3: no reliable coarse offset (matcher: no matches; phasecorr: {'dx': -26691.14624675497, 'dy': -28341.854429889372, 'support': None, 'n': None, 'peak': 0.028507738675927267}); windows compared in place
[Coarse] pair 11: no reliable coarse offset (matcher: {'dx': -27281.791076660156, 'dy': 712.0184326171875, 'support': 3, 'n': 4, 'peak': None}; phasecorr: {'dx': -9310.972745874022, 'dy': 4896.252513739784, 'support': None, 'n': None, 'peak': 0.011061620189525462}); windows compared in place
[Coarse] WARNING: imw-lanet-nn: the pairs' coarse offsets differ by up to 19 km, more than one image moves from place to place. Pairs with a wrong offset match the wrong ground (the chip consensus drops them when they are few); if most pairs disagree, check the input's pixel size and window size.
[Coarse] imw-lanet-nn pair 1: dE=-9093.9 m dN=4821.4 m (from-pair-9, support=None, peak=None) 
imw-lanet-nn: Processing pair 1 from disk...
imw-lanet-nn: 1 match-sets in 0.10s
[Coarse] imw-lanet-nn pair 2: dE=-9093.9 m dN=4821.4 m (from-pair-9, support=None, peak=None) 
imw-lanet-nn: Processing pair 2 from disk...
imw-lanet-nn: 1 match-sets in 0.08s
[Coarse] imw-lanet-nn pair 3: dE=-9093.9 m dN=4821.4 m (from-pair-9, support=None, peak=None) 
imw-lanet-nn: Processing pair 3 from disk...
imw-lanet-nn: 1 match-sets in 0.08s
[Coarse] imw-lanet-nn pair 4: dE=-9221.2 m dN=4881.8 m (phasecorr@180m, support=None, peak=0.05907139921188354) field 1x1 cells, dE -9682..-9682 m, dN 4878..4878 m, 0 filled
imw-lanet-nn: Processing pair 4 from disk...
imw-lanet-nn: 1 match-sets in 0.30s
[Coarse] imw-lanet-nn pair 5: dE=-9227.3 m dN=4936.9 m (phasecorr@180m, support=None, peak=0.06194785504341126) field 1x1 cells, dE -9750..-9750 m, dN 4772..4772 m, 0 filled
imw-lanet-nn: Processing pair 5 from disk...
imw-lanet-nn: 1 match-sets in 0.28s
[Coarse] imw-lanet-nn pair 6: dE=-9159.5 m dN=4923.5 m (phasecorr@180m, support=None, peak=0.05013165693283081) field 1x1 cells, dE -9887..-9887 m, dN 4790..4790 m, 0 filled
imw-lanet-nn: Processing pair 6 from disk...
imw-lanet-nn: 1 match-sets in 0.28s
[Coarse] imw-lanet-nn pair 7: dE=-9947.3 m dN=4785.4 m (phasecorr@180m, support=None, peak=0.11055335414556809) field 1x1 cells, dE -9955..-9955 m, dN 4765..4765 m, 0 filled
imw-lanet-nn: Processing pair 7 from disk...
imw-lanet-nn: 1 match-sets in 0.11s
[Coarse] imw-lanet-nn pair 8: dE=-9954.5 m dN=4779.3 m (phasecorr@180m, support=None, peak=0.1302907753461673) field 1x1 cells, dE -9962..-9962 m, dN 4753..4753 m, 0 filled
imw-lanet-nn: Processing pair 8 from disk...
imw-lanet-nn: 1 match-sets in 0.08s
[Coarse] imw-lanet-nn pair 9: dE=-9059.4 m dN=4950.7 m (phasecorr@180m, support=None, peak=0.05415244971381293) field 1x1 cells, dE -9094..-9094 m, dN 4821..4821 m, 0 filled
imw-lanet-nn: Processing pair 9 from disk...
imw-lanet-nn: 1 match-sets in 0.15s
[Coarse] imw-lanet-nn pair 10: dE=-9073.5 m dN=4906.4 m (phasecorr@180m, support=None, peak=0.037404243375048225) field 1x1 cells, dE -9023..-9023 m, dN 4778..4778 m, 0 filled
imw-lanet-nn: Processing pair 10 from disk...
imw-lanet-nn: 1 match-sets in 0.11s
[Coarse] imw-lanet-nn pair 11: dE=-9022.9 m dN=4778.1 m (from-pair-10, support=None, peak=None) 
imw-lanet-nn: Processing pair 11 from disk...
imw-lanet-nn: 1 match-sets in 0.13s
[Coarse] imw-lanet-nn pair 12: dE=-9321.8 m dN=4777.2 m (phasecorr@180m, support=None, peak=0.044330621825324164) field 1x1 cells, dE -9400..-9400 m, dN 4784..4784 m, 0 filled
imw-lanet-nn: Processing pair 12 from disk...
imw-lanet-nn: 1 match-sets in 0.23s
[Coarse] imw-lanet-nn pair 13: dE=-9228.3 m dN=4825.9 m (phasecorr@180m, support=None, peak=0.03933755140516493) field 1x1 cells, dE -9272..-9272 m, dN 4847..4847 m, 0 filled
imw-lanet-nn: Processing pair 13 from disk...
imw-lanet-nn: 1 match-sets in 0.24s
[Coarse] imw-lanet-nn pair 14: dE=-9308.5 m dN=4822.9 m (phasecorr@180m, support=None, peak=0.0362194667590989) field 1x1 cells, dE -9542..-9542 m, dN 4843..4843 m, 0 filled
imw-lanet-nn: Processing pair 14 from disk...
imw-lanet-nn: 1 match-sets in 0.23s
[Coarse] imw-lanet-nn pair 15: dE=-19392.4 m dN=24257.7 m (phasecorr@180m, support=None, peak=0.07282278133763208) 
imw-lanet-nn: Processing pair 15 from disk...
imw-lanet-nn: 1 match-sets in 0.09s
Saved:
 CHIP_STATS_ALL.csv
 CHIP_STATS_SURVIVORS.csv
 CONSENSUS_SCORES.csv
 BEST_CHIP_SET.csv
 BEST_CHIP_MANIFEST.csv
 BEST_FINAL_SUMMARY.csv
[band1] imw-lanet-nn ok in 0.1 min, peak GPU memory 0.7 of 15.6 GB
[imw-lanet-nn] Model unloaded.
--------------------------------------------------------------------------------
[band1] Running imw-minima-loftr
[imw-minima-loftr] Loading model...
[Coarse] pair 2: no reliable coarse offset (matcher: {'dx': -35094.219818115234, 'dy': -26518.24676513672, 'support': 6, 'n': 9, 'peak': None}; phasecorr: {'dx': -13696.50551245419, 'dy': -38359.15034615832, 'support': None, 'n': None, 'peak': 0.005463445974802611}); windows compared in place
[Coarse] pair 15: phase correlation gave dE=-19392 m dN=24258 m, 22.0 km from every offset the matcher measured; using pair 11's (dE=-8982 m dN=4847 m)
[Coarse] WARNING: imw-minima-loftr: the pairs' coarse offsets differ by up to 32 km, more than one image moves from place to place. Pairs with a wrong offset match the wrong ground (the chip consensus drops them when they are few); if most pairs disagree, check the input's pixel size and window size.
[Coarse] imw-minima-loftr pair 1: dE=-32067.5 m dN=-24433.4 m (matcher@180m, support=9, peak=None) field 1x1 cells, dE -32067..-32067 m, dN -24433..-24433 m, 0 filled
imw-minima-loftr: Processing pair 1 from disk...
imw-minima-loftr: 1 match-sets in 0.13s
[Coarse] imw-minima-loftr pair 2: dE=-34924.9 m dN=-26783.1 m (from-pair-3, support=None, peak=None) 
imw-minima-loftr: Processing pair 2 from disk...
imw-minima-loftr: 1 match-sets in 0.13s
[Coarse] imw-minima-loftr pair 3: dE=-34924.9 m dN=-26783.1 m (matcher@180m, support=8, peak=None) field 1x1 cells, dE -34925..-34925 m, dN -26783..-26783 m, 0 filled
imw-minima-loftr: Processing pair 3 from disk...
imw-minima-loftr: 1 match-sets in 0.13s
[Coarse] imw-minima-loftr pair 4: dE=-9221.2 m dN=4881.8 m (phasecorr@180m, support=None, peak=0.05907139921188354) field 1x1 cells, dE -9682..-9682 m, dN 4878..4878 m, 0 filled
imw-minima-loftr: Processing pair 4 from disk...
imw-minima-loftr: 1 match-sets in 0.66s
[Coarse] imw-minima-loftr pair 5: dE=-9227.3 m dN=4936.9 m (phasecorr@180m, support=None, peak=0.06194785504341126) field 1x1 cells, dE -9750..-9750 m, dN 4772..4772 m, 0 filled
imw-minima-loftr: Processing pair 5 from disk...
imw-minima-loftr: 1 match-sets in 0.35s
[Coarse] imw-minima-loftr pair 6: dE=-9159.5 m dN=4923.5 m (phasecorr@180m, support=None, peak=0.05013165693283081) field 1x1 cells, dE -9887..-9887 m, dN 4790..4790 m, 0 filled
imw-minima-loftr: Processing pair 6 from disk...
imw-minima-loftr: 1 match-sets in 0.36s
[Coarse] imw-minima-loftr pair 7: dE=-9947.3 m dN=4785.4 m (phasecorr@180m, support=None, peak=0.11055335414556809) field 1x1 cells, dE -9955..-9955 m, dN 4765..4765 m, 0 filled
imw-minima-loftr: Processing pair 7 from disk...
imw-minima-loftr: 1 match-sets in 0.20s
[Coarse] imw-minima-loftr pair 8: dE=-9954.5 m dN=4779.3 m (phasecorr@180m, support=None, peak=0.1302907753461673) field 1x1 cells, dE -9962..-9962 m, dN 4753..4753 m, 0 filled
imw-minima-loftr: Processing pair 8 from disk...
imw-minima-loftr: 1 match-sets in 0.09s
[Coarse] imw-minima-loftr pair 9: dE=-8987.7 m dN=4820.4 m (matcher@180m, support=34, peak=None) field 1x1 cells, dE -8988..-8988 m, dN 4820..4820 m, 0 filled
imw-minima-loftr: Processing pair 9 from disk...
imw-minima-loftr: 1 match-sets in 0.30s
[Coarse] imw-minima-loftr pair 10: dE=-8979.3 m dN=4825.4 m (matcher@180m, support=59, peak=None) field 1x1 cells, dE -8979..-8979 m, dN 4825..4825 m, 0 filled
imw-minima-loftr: Processing pair 10 from disk...
imw-minima-loftr: 1 match-sets in 0.14s
[Coarse] imw-minima-loftr pair 11: dE=-8981.7 m dN=4847.0 m (matcher@180m, support=56, peak=None) field 1x1 cells, dE -8982..-8982 m, dN 4847..4847 m, 0 filled
imw-minima-loftr: Processing pair 11 from disk...
imw-minima-loftr: 1 match-sets in 0.14s
[Coarse] imw-minima-loftr pair 12: dE=-9321.8 m dN=4777.2 m (phasecorr@180m, support=None, peak=0.044330621825324164) field 1x1 cells, dE -9400..-9400 m, dN 4784..4784 m, 0 filled
imw-minima-loftr: Processing pair 12 from disk...
imw-minima-loftr: 1 match-sets in 0.57s
[Coarse] imw-minima-loftr pair 13: dE=-9228.3 m dN=4825.9 m (phasecorr@180m, support=None, peak=0.03933755140516493) field 1x1 cells, dE -9272..-9272 m, dN 4847..4847 m, 0 filled
imw-minima-loftr: Processing pair 13 from disk...
imw-minima-loftr: 1 match-sets in 0.59s
[Coarse] imw-minima-loftr pair 14: dE=-9308.5 m dN=4822.9 m (phasecorr@180m, support=None, peak=0.0362194667590989) field 1x1 cells, dE -9542..-9542 m, dN 4843..4843 m, 0 filled
imw-minima-loftr: Processing pair 14 from disk...
imw-minima-loftr: 1 match-sets in 0.29s
[Coarse] imw-minima-loftr pair 15: dE=-8981.7 m dN=4847.0 m (from-pair-11 (phasecorr disagreed), support=None, peak=0.07282278133763208) 
imw-minima-loftr: Processing pair 15 from disk...
imw-minima-loftr: 1 match-sets in 0.14s
Saved:
 CHIP_STATS_ALL.csv
 CHIP_STATS_SURVIVORS.csv
 CONSENSUS_SCORES.csv
 BEST_CHIP_SET.csv
 BEST_CHIP_MANIFEST.csv
 BEST_FINAL_SUMMARY.csv
[band1] imw-minima-loftr ok in 0.2 min, peak GPU memory 3.2 of 15.6 GB
[imw-minima-loftr] Model unloaded.
--------------------------------------------------------------------------------
[band1] Running imw-minima-roma
[imw-minima-roma] Loading model...
[Coarse] pair 1: no reliable coarse offset (matcher: {'dx': -28298.583984375, 'dy': -26680.487365722656, 'support': 15, 'n': 150, 'peak': None}; phasecorr: {'dx': -20193.477464726686, 'dy': -45743.92838364222, 'support': None, 'n': None, 'peak': 0.020609428800836677}); windows compared in place
[Coarse] pair 2: no reliable coarse offset (matcher: {'dx': -35041.47033691406, 'dy': -24468.999938964844, 'support': 4, 'n': 18, 'peak': None}; phasecorr: {'dx': -13696.50551245419, 'dy': -38359.15034615832, 'support': None, 'n': None, 'peak': 0.005463445974802611}); windows compared in place
[Coarse] pair 3: no reliable coarse offset (matcher: {'dx': -35453.16375732422, 'dy': -21412.128295898438, 'support': 3, 'n': 3, 'peak': None}; phasecorr: {'dx': -26691.14624675497, 'dy': -28341.854429889372, 'support': None, 'n': None, 'peak': 0.028507738675927267}); windows compared in place
[Coarse] pair 11: no reliable coarse offset (matcher: {'dx': -11062.424926757812, 'dy': -34835.90515136719, 'support': 23, 'n': 137, 'peak': None}; phasecorr: {'dx': -9310.972745874022, 'dy': 4896.252513739784, 'support': None, 'n': None, 'peak': 0.011061620189525462}); windows compared in place
[Coarse] WARNING: imw-minima-roma: the pairs' coarse offsets differ by up to 54 km, more than one image moves from place to place. Pairs with a wrong offset match the wrong ground (the chip consensus drops them when they are few); if most pairs disagree, check the input's pixel size and window size.
[Coarse] imw-minima-roma pair 1: dE=-9093.9 m dN=4821.4 m (from-pair-9, support=None, peak=None) 
imw-minima-roma: Processing pair 1 from disk...
imw-minima-roma: 1 match-sets in 1.08s
[Coarse] imw-minima-roma pair 2: dE=-9093.9 m dN=4821.4 m (from-pair-9, support=None, peak=None) 
imw-minima-roma: Processing pair 2 from disk...
imw-minima-roma: 1 match-sets in 1.10s
[Coarse] imw-minima-roma pair 3: dE=-9093.9 m dN=4821.4 m (from-pair-9, support=None, peak=None) 
imw-minima-roma: Processing pair 3 from disk...
imw-minima-roma: 1 match-sets in 1.10s
[Coarse] imw-minima-roma pair 4: dE=-8580.1 m dN=6265.7 m (matcher@180m, support=115, peak=None) field 1x1 cells, dE -8580..-8580 m, dN 6266..6266 m, 0 filled
imw-minima-roma: Processing pair 4 from disk...
imw-minima-roma: 1 match-sets in 1.33s
[Coarse] imw-minima-roma pair 5: dE=-9430.9 m dN=4800.2 m (matcher@180m, support=59, peak=None) field 1x1 cells, dE -9431..-9431 m, dN 4800..4800 m, 0 filled
imw-minima-roma: Processing pair 5 from disk...
imw-minima-roma: 1 match-sets in 1.33s
[Coarse] imw-minima-roma pair 6: dE=-32931.1 m dN=-14446.1 m (matcher@180m, support=9, peak=None) field 1x1 cells, dE -32931..-32931 m, dN -14446..-14446 m, 0 filled
imw-minima-roma: Processing pair 6 from disk...
imw-minima-roma: 1 match-sets in 1.22s
[Coarse] imw-minima-roma pair 7: dE=-9967.9 m dN=4755.7 m (matcher@180m, support=930, peak=None) field 1x1 cells, dE -9968..-9968 m, dN 4756..4756 m, 0 filled
imw-minima-roma: Processing pair 7 from disk...
imw-minima-roma: 1 match-sets in 1.05s
[Coarse] imw-minima-roma pair 8: dE=-10009.0 m dN=4750.0 m (matcher@180m, support=2575, peak=None) field 1x1 cells, dE -10009..-10009 m, dN 4750..4750 m, 0 filled
imw-minima-roma: Processing pair 8 from disk...
imw-minima-roma: 1 match-sets in 1.07s
[Coarse] imw-minima-roma pair 9: dE=-9059.4 m dN=4950.7 m (phasecorr@180m, support=None, peak=0.05415244971381293) field 1x1 cells, dE -9094..-9094 m, dN 4821..4821 m, 0 filled
imw-minima-roma: Processing pair 9 from disk...
imw-minima-roma: 1 match-sets in 1.10s
[Coarse] imw-minima-roma pair 10: dE=-9073.5 m dN=4906.4 m (phasecorr@180m, support=None, peak=0.037404243375048225) field 1x1 cells, dE -9023..-9023 m, dN 4778..4778 m, 0 filled
imw-minima-roma: Processing pair 10 from disk...
imw-minima-roma: 1 match-sets in 1.09s
[Coarse] imw-minima-roma pair 11: dE=-9022.9 m dN=4778.1 m (from-pair-10, support=None, peak=None) 
imw-minima-roma: Processing pair 11 from disk...
imw-minima-roma: 1 match-sets in 1.16s
[Coarse] imw-minima-roma pair 12: dE=-9321.8 m dN=4777.2 m (phasecorr@180m, support=None, peak=0.044330621825324164) field 1x1 cells, dE -9400..-9400 m, dN 4784..4784 m, 0 filled
imw-minima-roma: Processing pair 12 from disk...
imw-minima-roma: 1 match-sets in 1.25s
[Coarse] imw-minima-roma pair 13: dE=-9228.3 m dN=4825.9 m (phasecorr@180m, support=None, peak=0.03933755140516493) field 1x1 cells, dE -9272..-9272 m, dN 4847..4847 m, 0 filled
imw-minima-roma: Processing pair 13 from disk...
imw-minima-roma: 1 match-sets in 1.29s
[Coarse] imw-minima-roma pair 14: dE=-9308.5 m dN=4822.9 m (phasecorr@180m, support=None, peak=0.0362194667590989) field 1x1 cells, dE -9542..-9542 m, dN 4843..4843 m, 0 filled
imw-minima-roma: Processing pair 14 from disk...
imw-minima-roma: 1 match-sets in 1.26s
[Coarse] imw-minima-roma pair 15: dE=21155.0 m dN=30023.2 m (matcher@180m, support=276, peak=None) field 1x1 cells, dE 21155..21155 m, dN 30023..30023 m, 0 filled
imw-minima-roma: Processing pair 15 from disk...
imw-minima-roma: 1 match-sets in 1.08s
Saved:
 CHIP_STATS_ALL.csv
 CHIP_STATS_SURVIVORS.csv
 CONSENSUS_SCORES.csv
 BEST_CHIP_SET.csv
 BEST_CHIP_MANIFEST.csv
 BEST_FINAL_SUMMARY.csv
[band1] imw-minima-roma ok in 0.8 min, peak GPU memory 5.3 of 15.6 GB
[imw-minima-roma] Model unloaded.
--------------------------------------------------------------------------------
[band1] Running imw-xoftr
[imw-xoftr] Loading model...
[Coarse] pair 3: no reliable coarse offset (matcher: {'dx': -34984.98962402344, 'dy': -29040.655517578125, 'support': 7, 'n': 31, 'peak': None}; phasecorr: {'dx': -26691.14624675497, 'dy': -28341.854429889372, 'support': None, 'n': None, 'peak': 0.028507738675927267}); windows compared in place
[Coarse] pair 15: phase correlation gave dE=-19392 m dN=24258 m, 6.5 km from every offset the matcher measured; using pair 7's (dE=-10029 m dN=4848 m)
[Coarse] WARNING: imw-xoftr: the pairs' coarse offsets differ by up to 66 km, more than one image moves from place to place. Pairs with a wrong offset match the wrong ground (the chip consensus drops them when they are few); if most pairs disagree, check the input's pixel size and window size.
[Coarse] imw-xoftr pair 1: dE=-34810.7 m dN=-27003.6 m (matcher@180m, support=13, peak=None) field 1x1 cells, dE -34811..-34811 m, dN -27004..-27004 m, 0 filled
imw-xoftr: Processing pair 1 from disk...
imw-xoftr: 1 match-sets in 0.19s
[Coarse] imw-xoftr pair 2: dE=-35034.4 m dN=-28856.5 m (matcher@180m, support=10, peak=None) field 1x1 cells, dE -35034..-35034 m, dN -28856..-28856 m, 0 filled
imw-xoftr: Processing pair 2 from disk...
imw-xoftr: 1 match-sets in 0.18s
[Coarse] imw-xoftr pair 3: dE=-35034.4 m dN=-28856.5 m (from-pair-2, support=None, peak=None) 
imw-xoftr: Processing pair 3 from disk...
imw-xoftr: 1 match-sets in 0.18s
[Coarse] imw-xoftr pair 4: dE=-9323.8 m dN=4920.9 m (matcher@180m, support=57, peak=None) field 1x1 cells, dE -9324..-9324 m, dN 4921..4921 m, 0 filled
imw-xoftr: Processing pair 4 from disk...
imw-xoftr: 1 match-sets in 0.42s
[Coarse] imw-xoftr pair 5: dE=-22628.2 m dN=18617.1 m (matcher@180m, support=9, peak=None) field 1x1 cells, dE -22628..-22628 m, dN 18617..18617 m, 0 filled
imw-xoftr: Processing pair 5 from disk...
imw-xoftr: 1 match-sets in 0.33s
[Coarse] imw-xoftr pair 6: dE=-33658.4 m dN=18606.6 m (matcher@180m, support=8, peak=None) field 1x1 cells, dE -33658..-33658 m, dN 18607..18607 m, 0 filled
imw-xoftr: Processing pair 6 from disk...
imw-xoftr: 1 match-sets in 0.31s
[Coarse] imw-xoftr pair 7: dE=-10029.1 m dN=4848.3 m (matcher@180m, support=33, peak=None) field 1x1 cells, dE -10029..-10029 m, dN 4848..4848 m, 0 filled
imw-xoftr: Processing pair 7 from disk...
imw-xoftr: 1 match-sets in 0.15s
[Coarse] imw-xoftr pair 8: dE=-9954.5 m dN=4779.3 m (phasecorr@180m, support=None, peak=0.1302907753461673) field 1x1 cells, dE -9962..-9962 m, dN 4753..4753 m, 0 filled
imw-xoftr: Processing pair 8 from disk...
imw-xoftr: 1 match-sets in 0.13s
[Coarse] imw-xoftr pair 9: dE=-9111.6 m dN=4865.1 m (matcher@180m, support=115, peak=None) field 1x1 cells, dE -9112..-9112 m, dN 4865..4865 m, 0 filled
imw-xoftr: Processing pair 9 from disk...
imw-xoftr: 1 match-sets in 0.19s
[Coarse] imw-xoftr pair 10: dE=-9095.9 m dN=4869.4 m (matcher@180m, support=78, peak=None) field 1x1 cells, dE -9096..-9096 m, dN 4869..4869 m, 0 filled
imw-xoftr: Processing pair 10 from disk...
imw-xoftr: 1 match-sets in 0.17s
[Coarse] imw-xoftr pair 11: dE=-9109.0 m dN=4884.7 m (matcher@180m, support=59, peak=None) field 1x1 cells, dE -9109..-9109 m, dN 4885..4885 m, 0 filled
imw-xoftr: Processing pair 11 from disk...
imw-xoftr: 1 match-sets in 0.16s
[Coarse] imw-xoftr pair 12: dE=30557.6 m dN=29525.2 m (matcher@180m, support=9, peak=None) field 1x1 cells, dE 30558..30558 m, dN 29525..29525 m, 0 filled
imw-xoftr: Processing pair 12 from disk...
imw-xoftr: 1 match-sets in 0.53s
[Coarse] imw-xoftr pair 13: dE=-9228.3 m dN=4825.9 m (phasecorr@180m, support=None, peak=0.03933755140516493) field 1x1 cells, dE -9272..-9272 m, dN 4847..4847 m, 0 filled
imw-xoftr: Processing pair 13 from disk...
imw-xoftr: 1 match-sets in 0.34s
[Coarse] imw-xoftr pair 14: dE=-9308.5 m dN=4822.9 m (phasecorr@180m, support=None, peak=0.0362194667590989) field 1x1 cells, dE -9542..-9542 m, dN 4843..4843 m, 0 filled
imw-xoftr: Processing pair 14 from disk...
imw-xoftr: 1 match-sets in 0.35s
[Coarse] imw-xoftr pair 15: dE=-10029.1 m dN=4848.3 m (from-pair-7 (phasecorr disagreed), support=None, peak=0.07282278133763208) 
imw-xoftr: Processing pair 15 from disk...
imw-xoftr: 1 match-sets in 0.10s
Saved:
 CHIP_STATS_ALL.csv
 CHIP_STATS_SURVIVORS.csv
 CONSENSUS_SCORES.csv
 BEST_CHIP_SET.csv
 BEST_CHIP_MANIFEST.csv
 BEST_FINAL_SUMMARY.csv
[band1] imw-xoftr ok in 0.2 min, peak GPU memory 1.4 of 15.6 GB
[imw-xoftr] Model unloaded.
--------------------------------------------------------------------------------
[band1] Running imw-omniglue
[imw-omniglue] Loading model...
[Coarse] pair 1: no reliable coarse offset (matcher: no matches; phasecorr: {'dx': -20193.477464726686, 'dy': -45743.92838364222, 'support': None, 'n': None, 'peak': 0.020609428800836677}); windows compared in place
[Coarse] pair 2: no reliable coarse offset (matcher: no matches; phasecorr: {'dx': -13696.50551245419, 'dy': -38359.15034615832, 'support': None, 'n': None, 'peak': 0.005463445974802611}); windows compared in place
[Coarse] pair 3: no reliable coarse offset (matcher: no matches; phasecorr: {'dx': -26691.14624675497, 'dy': -28341.854429889372, 'support': None, 'n': None, 'peak': 0.028507738675927267}); windows compared in place
[Coarse] pair 11: no reliable coarse offset (matcher: no matches; phasecorr: {'dx': -9310.972745874022, 'dy': 4896.252513739784, 'support': None, 'n': None, 'peak': 0.011061620189525462}); windows compared in place
[Coarse] WARNING: imw-omniglue: the pairs' coarse offsets differ by up to 19 km, more than one image moves from place to place. Pairs with a wrong offset match the wrong ground (the chip consensus drops them when they are few); if most pairs disagree, check the input's pixel size and window size.
[Coarse] imw-omniglue pair 1: dE=-9093.9 m dN=4821.4 m (from-pair-9, support=None, peak=None) 
imw-omniglue: Processing pair 1 from disk...
imw-omniglue: 0 match-sets in 0.93s
[Coarse] imw-omniglue pair 2: dE=-9093.9 m dN=4821.4 m (from-pair-9, support=None, peak=None) 
imw-omniglue: Processing pair 2 from disk...
imw-omniglue: 0 match-sets in 0.93s
[Coarse] imw-omniglue pair 3: dE=-9093.9 m dN=4821.4 m (from-pair-9, support=None, peak=None) 
imw-omniglue: Processing pair 3 from disk...
imw-omniglue: 0 match-sets in 0.97s
[Coarse] imw-omniglue pair 4: dE=-9221.2 m dN=4881.8 m (phasecorr@180m, support=None, peak=0.05907139921188354) field 1x1 cells, dE -9682..-9682 m, dN 4878..4878 m, 0 filled
imw-omniglue: Processing pair 4 from disk...
imw-omniglue: 0 match-sets in 2.35s
[Coarse] imw-omniglue pair 5: dE=-9227.3 m dN=4936.9 m (phasecorr@180m, support=None, peak=0.06194785504341126) field 1x1 cells, dE -9750..-9750 m, dN 4772..4772 m, 0 filled
imw-omniglue: Processing pair 5 from disk...
imw-omniglue: 0 match-sets in 2.16s
[Coarse] imw-omniglue pair 6: dE=-9159.5 m dN=4923.5 m (phasecorr@180m, support=None, peak=0.05013165693283081) field 1x1 cells, dE -9887..-9887 m, dN 4790..4790 m, 0 filled
imw-omniglue: Processing pair 6 from disk...
imw-omniglue: 0 match-sets in 2.14s
[Coarse] imw-omniglue pair 7: dE=-9947.3 m dN=4785.4 m (phasecorr@180m, support=None, peak=0.11055335414556809) field 1x1 cells, dE -9955..-9955 m, dN 4765..4765 m, 0 filled
imw-omniglue: Processing pair 7 from disk...
imw-omniglue: 0 match-sets in 1.03s
[Coarse] imw-omniglue pair 8: dE=-9954.5 m dN=4779.3 m (phasecorr@180m, support=None, peak=0.1302907753461673) field 1x1 cells, dE -9962..-9962 m, dN 4753..4753 m, 0 filled
imw-omniglue: Processing pair 8 from disk...
imw-omniglue: 0 match-sets in 0.99s
[Coarse] imw-omniglue pair 9: dE=-9059.4 m dN=4950.7 m (phasecorr@180m, support=None, peak=0.05415244971381293) field 1x1 cells, dE -9094..-9094 m, dN 4821..4821 m, 0 filled
imw-omniglue: Processing pair 9 from disk...
imw-omniglue: 0 match-sets in 1.73s
[Coarse] imw-omniglue pair 10: dE=-9073.5 m dN=4906.4 m (phasecorr@180m, support=None, peak=0.037404243375048225) field 1x1 cells, dE -9023..-9023 m, dN 4778..4778 m, 0 filled
imw-omniglue: Processing pair 10 from disk...
imw-omniglue: 0 match-sets in 1.71s
[Coarse] imw-omniglue pair 11: dE=-9022.9 m dN=4778.1 m (from-pair-10, support=None, peak=None) 
imw-omniglue: Processing pair 11 from disk...
imw-omniglue: 0 match-sets in 1.81s
[Coarse] imw-omniglue pair 12: dE=-9321.8 m dN=4777.2 m (phasecorr@180m, support=None, peak=0.044330621825324164) field 1x1 cells, dE -9400..-9400 m, dN 4784..4784 m, 0 filled
imw-omniglue: Processing pair 12 from disk...
imw-omniglue: 0 match-sets in 2.24s
[Coarse] imw-omniglue pair 13: dE=-9228.3 m dN=4825.9 m (phasecorr@180m, support=None, peak=0.03933755140516493) field 1x1 cells, dE -9272..-9272 m, dN 4847..4847 m, 0 filled
imw-omniglue: Processing pair 13 from disk...
imw-omniglue: 0 match-sets in 2.18s
[Coarse] imw-omniglue pair 14: dE=-9308.5 m dN=4822.9 m (phasecorr@180m, support=None, peak=0.0362194667590989) field 1x1 cells, dE -9542..-9542 m, dN 4843..4843 m, 0 filled
imw-omniglue: Processing pair 14 from disk...
imw-omniglue: 0 match-sets in 2.02s
[Coarse] imw-omniglue pair 15: dE=-19392.4 m dN=24257.7 m (phasecorr@180m, support=None, peak=0.07282278133763208) 
imw-omniglue: Processing pair 15 from disk...
imw-omniglue: 0 match-sets in 0.52s
No valid chip CSV files found.
[band1] imw-omniglue no-consensus in 1.2 min, peak GPU memory 0.0 of 15.6 GB
[imw-omniglue] Model unloaded.
--------------------------------------------------------------------------------
[band1] Running imw-gim-roma
[imw-gim-roma] Loading model...
[Coarse] pair 1: no reliable coarse offset (matcher: no matches; phasecorr: {'dx': -20193.477464726686, 'dy': -45743.92838364222, 'support': None, 'n': None, 'peak': 0.020609428800836677}); windows compared in place
[Coarse] pair 2: no reliable coarse offset (matcher: {'dx': -21710.96466064453, 'dy': -10507.535705566406, 'support': 37, 'n': 532, 'peak': None}; phasecorr: {'dx': -13696.50551245419, 'dy': -38359.15034615832, 'support': None, 'n': None, 'peak': 0.005463445974802611}); windows compared in place
[Coarse] pair 3: no reliable coarse offset (matcher: no matches; phasecorr: {'dx': -26691.14624675497, 'dy': -28341.854429889372, 'support': None, 'n': None, 'peak': 0.028507738675927267}); windows compared in place
[Coarse] pair 4: phase correlation gave dE=-9221 m dN=4882 m, 26.6 km from every offset the matcher measured; using pair 6's (dE=-20104 m dN=34319 m)
[Coarse] pair 5: phase correlation gave dE=-9227 m dN=4937 m, 26.5 km from every offset the matcher measured; using pair 6's (dE=-20104 m dN=34319 m)
[Coarse] pair 7: phase correlation gave dE=-9947 m dN=4785 m, 25.9 km from every offset the matcher measured; using pair 6's (dE=-20104 m dN=34319 m)
[Coarse] pair 8: phase correlation gave dE=-9954 m dN=4779 m, 25.9 km from every offset the matcher measured; using pair 6's (dE=-20104 m dN=34319 m)
[Coarse] pair 9: phase correlation gave dE=-9059 m dN=4951 m, 26.7 km from every offset the matcher measured; using pair 11's (dE=-34488 m dN=13091 m)
[Coarse] pair 10: phase correlation gave dE=-9074 m dN=4906 m, 26.7 km from every offset the matcher measured; using pair 11's (dE=-34488 m dN=13091 m)
[Coarse] pair 12: phase correlation gave dE=-9322 m dN=4777 m, 26.5 km from every offset the matcher measured; using pair 6's (dE=-20104 m dN=34319 m)
[Coarse] pair 13: phase correlation gave dE=-9228 m dN=4826 m, 26.6 km from every offset the matcher measured; using pair 6's (dE=-20104 m dN=34319 m)
[Coarse] pair 14: phase correlation gave dE=-9308 m dN=4823 m, 26.5 km from every offset the matcher measured; using pair 6's (dE=-20104 m dN=34319 m)
[Coarse] pair 15: phase correlation gave dE=-19392 m dN=24258 m, 10.1 km from every offset the matcher measured; using pair 6's (dE=-20104 m dN=34319 m)
[Coarse] WARNING: imw-gim-roma: the pairs' coarse offsets differ by up to 21 km, more than one image moves from place to place. Pairs with a wrong offset match the wrong ground (the chip consensus drops them when they are few); if most pairs disagree, check the input's pixel size and window size.
[Coarse] imw-gim-roma pair 1: dE=-34488.3 m dN=13091.1 m (from-pair-9, support=None, peak=None) 
imw-gim-roma: Processing pair 1 from disk...
imw-gim-roma: 1 match-sets in 1.07s
[Coarse] imw-gim-roma pair 2: dE=-34488.3 m dN=13091.1 m (from-pair-9, support=None, peak=None) 
imw-gim-roma: Processing pair 2 from disk...
imw-gim-roma: 1 match-sets in 1.08s
[Coarse] imw-gim-roma pair 3: dE=-34488.3 m dN=13091.1 m (from-pair-9, support=None, peak=None) 
imw-gim-roma: Processing pair 3 from disk...
imw-gim-roma: 1 match-sets in 1.07s
[Coarse] imw-gim-roma pair 4: dE=-20104.0 m dN=34318.8 m (from-pair-6 (phasecorr disagreed), support=None, peak=0.05907139921188354) 
imw-gim-roma: Processing pair 4 from disk...
imw-gim-roma: 1 match-sets in 1.25s
[Coarse] imw-gim-roma pair 5: dE=-20104.0 m dN=34318.8 m (from-pair-6 (phasecorr disagreed), support=None, peak=0.06194785504341126) 
imw-gim-roma: Processing pair 5 from disk...
imw-gim-roma: 1 match-sets in 1.25s
[Coarse] imw-gim-roma pair 6: dE=-20104.0 m dN=34318.8 m (matcher@180m, support=40, peak=None) field 1x1 cells, dE -20104..-20104 m, dN 34319..34319 m, 0 filled
imw-gim-roma: Processing pair 6 from disk...
imw-gim-roma: 1 match-sets in 1.30s
[Coarse] imw-gim-roma pair 7: dE=-20104.0 m dN=34318.8 m (from-pair-6 (phasecorr disagreed), support=None, peak=0.11055335414556809) 
imw-gim-roma: Processing pair 7 from disk...
imw-gim-roma: 1 match-sets in 1.06s
[Coarse] imw-gim-roma pair 8: dE=-20104.0 m dN=34318.8 m (from-pair-6 (phasecorr disagreed), support=None, peak=0.1302907753461673) 
imw-gim-roma: Processing pair 8 from disk...
imw-gim-roma: 1 match-sets in 1.08s
[Coarse] imw-gim-roma pair 9: dE=-34488.3 m dN=13091.1 m (from-pair-11 (phasecorr disagreed), support=None, peak=0.05415244971381293) 
imw-gim-roma: Processing pair 9 from disk...
imw-gim-roma: 1 match-sets in 1.09s
[Coarse] imw-gim-roma pair 10: dE=-34488.3 m dN=13091.1 m (from-pair-11 (phasecorr disagreed), support=None, peak=0.037404243375048225) 
imw-gim-roma: Processing pair 10 from disk...
imw-gim-roma: 1 match-sets in 1.09s
[Coarse] imw-gim-roma pair 11: dE=-34488.3 m dN=13091.1 m (matcher@180m, support=16, peak=None) field 1x1 cells, dE -34488..-34488 m, dN 13091..13091 m, 0 filled
imw-gim-roma: Processing pair 11 from disk...
imw-gim-roma: 1 match-sets in 1.09s
[Coarse] imw-gim-roma pair 12: dE=-20104.0 m dN=34318.8 m (from-pair-6 (phasecorr disagreed), support=None, peak=0.044330621825324164) 
imw-gim-roma: Processing pair 12 from disk...
imw-gim-roma: 1 match-sets in 1.27s
[Coarse] imw-gim-roma pair 13: dE=-20104.0 m dN=34318.8 m (from-pair-6 (phasecorr disagreed), support=None, peak=0.03933755140516493) 
imw-gim-roma: Processing pair 13 from disk...
imw-gim-roma: 1 match-sets in 1.31s
[Coarse] imw-gim-roma pair 14: dE=-20104.0 m dN=34318.8 m (from-pair-6 (phasecorr disagreed), support=None, peak=0.0362194667590989) 
imw-gim-roma: Processing pair 14 from disk...
imw-gim-roma: 1 match-sets in 1.31s
[Coarse] imw-gim-roma pair 15: dE=-20104.0 m dN=34318.8 m (from-pair-6 (phasecorr disagreed), support=None, peak=0.07282278133763208) 
imw-gim-roma: Processing pair 15 from disk...
imw-gim-roma: 1 match-sets in 1.05s
Saved:
 CHIP_STATS_ALL.csv
 CHIP_STATS_SURVIVORS.csv
 CONSENSUS_SCORES.csv
 BEST_CHIP_SET.csv
 BEST_CHIP_MANIFEST.csv
 BEST_FINAL_SUMMARY.csv
[band1] imw-gim-roma ok in 0.8 min, peak GPU memory 5.3 of 15.6 GB
[imw-gim-roma] Model unloaded.
--------------------------------------------------------------------------------
[band1] Running imw-gim-dkm
[imw-gim-dkm] Loading model...
[Coarse] pair 1: no reliable coarse offset (matcher: no matches; phasecorr: {'dx': -20193.477464726686, 'dy': -45743.92838364222, 'support': None, 'n': None, 'peak': 0.020609428800836677}); windows compared in place
[Coarse] pair 2: no reliable coarse offset (matcher: no matches; phasecorr: {'dx': -13696.50551245419, 'dy': -38359.15034615832, 'support': None, 'n': None, 'peak': 0.005463445974802611}); windows compared in place
[Coarse] pair 3: no reliable coarse offset (matcher: no matches; phasecorr: {'dx': -26691.14624675497, 'dy': -28341.854429889372, 'support': None, 'n': None, 'peak': 0.028507738675927267}); windows compared in place
[Coarse] pair 11: no reliable coarse offset (matcher: no matches; phasecorr: {'dx': -9310.972745874022, 'dy': 4896.252513739784, 'support': None, 'n': None, 'peak': 0.011061620189525462}); windows compared in place
[Coarse] pair 4: phase correlation gave dE=-9221 m dN=4882 m, 20.5 km from every offset the matcher measured; using pair 7's (dE=-29719 m dN=6256 m)
[Coarse] pair 5: phase correlation gave dE=-9227 m dN=4937 m, 20.5 km from every offset the matcher measured; using pair 7's (dE=-29719 m dN=6256 m)
[Coarse] pair 6: phase correlation gave dE=-9160 m dN=4924 m, 20.6 km from every offset the matcher measured; using pair 7's (dE=-29719 m dN=6256 m)
[Coarse] pair 8: phase correlation gave dE=-9954 m dN=4779 m, 19.8 km from every offset the matcher measured; using pair 7's (dE=-29719 m dN=6256 m)
[Coarse] pair 9: phase correlation gave dE=-9059 m dN=4951 m, 20.7 km from every offset the matcher measured; using pair 7's (dE=-29719 m dN=6256 m)
[Coarse] pair 10: phase correlation gave dE=-9074 m dN=4906 m, 20.7 km from every offset the matcher measured; using pair 7's (dE=-29719 m dN=6256 m)
[Coarse] pair 12: phase correlation gave dE=-9322 m dN=4777 m, 20.5 km from every offset the matcher measured; using pair 7's (dE=-29719 m dN=6256 m)
[Coarse] pair 13: phase correlation gave dE=-9228 m dN=4826 m, 20.5 km from every offset the matcher measured; using pair 7's (dE=-29719 m dN=6256 m)
[Coarse] pair 14: phase correlation gave dE=-9308 m dN=4823 m, 20.5 km from every offset the matcher measured; using pair 7's (dE=-29719 m dN=6256 m)
[Coarse] WARNING: imw-gim-dkm: the pairs' coarse offsets differ by up to 49 km, more than one image moves from place to place. Pairs with a wrong offset match the wrong ground (the chip consensus drops them when they are few); if most pairs disagree, check the input's pixel size and window size.
[Coarse] imw-gim-dkm pair 1: dE=-29719.0 m dN=6256.1 m (from-pair-9, support=None, peak=None) 
imw-gim-dkm: Processing pair 1 from disk...
imw-gim-dkm: 1 match-sets in 1.84s
[Coarse] imw-gim-dkm pair 2: dE=-29719.0 m dN=6256.1 m (from-pair-9, support=None, peak=None) 
imw-gim-dkm: Processing pair 2 from disk...
imw-gim-dkm: 1 match-sets in 1.83s
[Coarse] imw-gim-dkm pair 3: dE=-29719.0 m dN=6256.1 m (from-pair-9, support=None, peak=None) 
imw-gim-dkm: Processing pair 3 from disk...
imw-gim-dkm: 1 match-sets in 1.85s
[Coarse] imw-gim-dkm pair 4: dE=-29719.0 m dN=6256.1 m (from-pair-7 (phasecorr disagreed), support=None, peak=0.05907139921188354) 
imw-gim-dkm: Processing pair 4 from disk...
imw-gim-dkm: 0 match-sets in 1.90s
[Coarse] imw-gim-dkm pair 5: dE=-29719.0 m dN=6256.1 m (from-pair-7 (phasecorr disagreed), support=None, peak=0.06194785504341126) 
imw-gim-dkm: Processing pair 5 from disk...
imw-gim-dkm: 0 match-sets in 1.90s
[Coarse] imw-gim-dkm pair 6: dE=-29719.0 m dN=6256.1 m (from-pair-7 (phasecorr disagreed), support=None, peak=0.05013165693283081) 
imw-gim-dkm: Processing pair 6 from disk...
imw-gim-dkm: 0 match-sets in 1.92s
[Coarse] imw-gim-dkm pair 7: dE=-29719.0 m dN=6256.1 m (matcher@180m, support=228, peak=None) field 1x1 cells, dE -29719..-29719 m, dN 6256..6256 m, 0 filled
imw-gim-dkm: Processing pair 7 from disk...
imw-gim-dkm: 1 match-sets in 1.93s
[Coarse] imw-gim-dkm pair 8: dE=-29719.0 m dN=6256.1 m (from-pair-7 (phasecorr disagreed), support=None, peak=0.1302907753461673) 
imw-gim-dkm: Processing pair 8 from disk...
imw-gim-dkm: 1 match-sets in 1.83s
[Coarse] imw-gim-dkm pair 9: dE=-29719.0 m dN=6256.1 m (from-pair-7 (phasecorr disagreed), support=None, peak=0.05415244971381293) 
imw-gim-dkm: Processing pair 9 from disk...
imw-gim-dkm: 0 match-sets in 1.85s
[Coarse] imw-gim-dkm pair 10: dE=-29719.0 m dN=6256.1 m (from-pair-7 (phasecorr disagreed), support=None, peak=0.037404243375048225) 
imw-gim-dkm: Processing pair 10 from disk...
imw-gim-dkm: 0 match-sets in 1.86s
[Coarse] imw-gim-dkm pair 11: dE=-29719.0 m dN=6256.1 m (from-pair-10, support=None, peak=None) 
imw-gim-dkm: Processing pair 11 from disk...
imw-gim-dkm: 0 match-sets in 1.85s
[Coarse] imw-gim-dkm pair 12: dE=-29719.0 m dN=6256.1 m (from-pair-7 (phasecorr disagreed), support=None, peak=0.044330621825324164) 
imw-gim-dkm: Processing pair 12 from disk...
imw-gim-dkm: 0 match-sets in 1.96s
[Coarse] imw-gim-dkm pair 13: dE=-29719.0 m dN=6256.1 m (from-pair-7 (phasecorr disagreed), support=None, peak=0.03933755140516493) 
imw-gim-dkm: Processing pair 13 from disk...
imw-gim-dkm: 0 match-sets in 1.93s
[Coarse] imw-gim-dkm pair 14: dE=-29719.0 m dN=6256.1 m (from-pair-7 (phasecorr disagreed), support=None, peak=0.0362194667590989) 
imw-gim-dkm: Processing pair 14 from disk...
imw-gim-dkm: 0 match-sets in 1.95s
[Coarse] imw-gim-dkm pair 15: dE=19681.0 m dN=33942.3 m (matcher@180m, support=17, peak=None) field 1x1 cells, dE 19681..19681 m, dN 33942..33942 m, 0 filled
imw-gim-dkm: Processing pair 15 from disk...
imw-gim-dkm: 1 match-sets in 1.84s
Saved:
 CHIP_STATS_ALL.csv
 CHIP_STATS_SURVIVORS.csv
 CONSENSUS_SCORES.csv
 BEST_CHIP_SET.csv
 BEST_CHIP_MANIFEST.csv
 BEST_FINAL_SUMMARY.csv
[band1] imw-gim-dkm ok in 1.0 min, peak GPU memory 12.8 of 15.6 GB
[imw-gim-dkm] Model unloaded.
--------------------------------------------------------------------------------
[band1] Running imw-eloftr
[imw-eloftr] Loading model...
[Coarse] pair 1: no reliable coarse offset (matcher: {'dx': -34918.077392578125, 'dy': -26788.4033203125, 'support': 7, 'n': 11, 'peak': None}; phasecorr: {'dx': -20193.477464726686, 'dy': -45743.92838364222, 'support': None, 'n': None, 'peak': 0.020609428800836677}); windows compared in place
[Coarse] pair 2: no reliable coarse offset (matcher: no matches; phasecorr: {'dx': -13696.50551245419, 'dy': -38359.15034615832, 'support': None, 'n': None, 'peak': 0.005463445974802611}); windows compared in place
[Coarse] pair 3: no reliable coarse offset (matcher: {'dx': -34738.92333984375, 'dy': -18018.292236328125, 'support': 3, 'n': 7, 'peak': None}; phasecorr: {'dx': -26691.14624675497, 'dy': -28341.854429889372, 'support': None, 'n': None, 'peak': 0.028507738675927267}); windows compared in place
[Coarse] pair 11: no reliable coarse offset (matcher: {'dx': -17977.56591796875, 'dy': -7913.34228515625, 'support': 1, 'n': 4, 'peak': None}; phasecorr: {'dx': -9310.972745874022, 'dy': 4896.252513739784, 'support': None, 'n': None, 'peak': 0.011061620189525462}); windows compared in place
[Coarse] WARNING: imw-eloftr: the pairs' coarse offsets differ by up to 19 km, more than one image moves from place to place. Pairs with a wrong offset match the wrong ground (the chip consensus drops them when they are few); if most pairs disagree, check the input's pixel size and window size.
[Coarse] imw-eloftr pair 1: dE=-9093.9 m dN=4821.4 m (from-pair-9, support=None, peak=None) 
imw-eloftr: Processing pair 1 from disk...
imw-eloftr: 1 match-sets in 0.17s
[Coarse] imw-eloftr pair 2: dE=-9093.9 m dN=4821.4 m (from-pair-9, support=None, peak=None) 
imw-eloftr: Processing pair 2 from disk...
imw-eloftr: 1 match-sets in 0.09s
[Coarse] imw-eloftr pair 3: dE=-9093.9 m dN=4821.4 m (from-pair-9, support=None, peak=None) 
imw-eloftr: Processing pair 3 from disk...
imw-eloftr: 1 match-sets in 0.10s
[Coarse] imw-eloftr pair 4: dE=-9221.2 m dN=4881.8 m (phasecorr@180m, support=None, peak=0.05907139921188354) field 1x1 cells, dE -9682..-9682 m, dN 4878..4878 m, 0 filled
imw-eloftr: Processing pair 4 from disk...
imw-eloftr: 1 match-sets in 0.44s
[Coarse] imw-eloftr pair 5: dE=-9227.3 m dN=4936.9 m (phasecorr@180m, support=None, peak=0.06194785504341126) field 1x1 cells, dE -9750..-9750 m, dN 4772..4772 m, 0 filled
imw-eloftr: Processing pair 5 from disk...
imw-eloftr: 1 match-sets in 0.33s
[Coarse] imw-eloftr pair 6: dE=-9159.5 m dN=4923.5 m (phasecorr@180m, support=None, peak=0.05013165693283081) field 1x1 cells, dE -9887..-9887 m, dN 4790..4790 m, 0 filled
imw-eloftr: Processing pair 6 from disk...
imw-eloftr: 1 match-sets in 0.35s
[Coarse] imw-eloftr pair 7: dE=-9947.3 m dN=4785.4 m (phasecorr@180m, support=None, peak=0.11055335414556809) field 1x1 cells, dE -9955..-9955 m, dN 4765..4765 m, 0 filled
imw-eloftr: Processing pair 7 from disk...
imw-eloftr: 1 match-sets in 0.16s
[Coarse] imw-eloftr pair 8: dE=-9954.5 m dN=4779.3 m (phasecorr@180m, support=None, peak=0.1302907753461673) field 1x1 cells, dE -9962..-9962 m, dN 4753..4753 m, 0 filled
imw-eloftr: Processing pair 8 from disk...
imw-eloftr: 1 match-sets in 0.10s
[Coarse] imw-eloftr pair 9: dE=-9059.4 m dN=4950.7 m (phasecorr@180m, support=None, peak=0.05415244971381293) field 1x1 cells, dE -9094..-9094 m, dN 4821..4821 m, 0 filled
imw-eloftr: Processing pair 9 from disk...
imw-eloftr: 1 match-sets in 0.20s
[Coarse] imw-eloftr pair 10: dE=-9073.5 m dN=4906.4 m (phasecorr@180m, support=None, peak=0.037404243375048225) field 1x1 cells, dE -9023..-9023 m, dN 4778..4778 m, 0 filled
imw-eloftr: Processing pair 10 from disk...
imw-eloftr: 1 match-sets in 0.17s
[Coarse] imw-eloftr pair 11: dE=-9022.9 m dN=4778.1 m (from-pair-10, support=None, peak=None) 
imw-eloftr: Processing pair 11 from disk...
imw-eloftr: 0 match-sets in 0.17s
[Coarse] imw-eloftr pair 12: dE=-9321.8 m dN=4777.2 m (phasecorr@180m, support=None, peak=0.044330621825324164) field 1x1 cells, dE -9400..-9400 m, dN 4784..4784 m, 0 filled
imw-eloftr: Processing pair 12 from disk...
imw-eloftr: 1 match-sets in 0.35s
[Coarse] imw-eloftr pair 13: dE=-9228.3 m dN=4825.9 m (phasecorr@180m, support=None, peak=0.03933755140516493) field 1x1 cells, dE -9272..-9272 m, dN 4847..4847 m, 0 filled
imw-eloftr: Processing pair 13 from disk...
imw-eloftr: 1 match-sets in 0.35s
[Coarse] imw-eloftr pair 14: dE=-9308.5 m dN=4822.9 m (phasecorr@180m, support=None, peak=0.0362194667590989) field 1x1 cells, dE -9542..-9542 m, dN 4843..4843 m, 0 filled
imw-eloftr: Processing pair 14 from disk...
imw-eloftr: 1 match-sets in 0.27s
[Coarse] imw-eloftr pair 15: dE=-19392.4 m dN=24257.7 m (phasecorr@180m, support=None, peak=0.07282278133763208) 
imw-eloftr: Processing pair 15 from disk...
imw-eloftr: 1 match-sets in 0.10s
Saved:
 CHIP_STATS_ALL.csv
 CHIP_STATS_SURVIVORS.csv
 CONSENSUS_SCORES.csv
 BEST_CHIP_SET.csv
 BEST_CHIP_MANIFEST.csv
 BEST_FINAL_SUMMARY.csv
[band1] imw-eloftr ok in 0.2 min, peak GPU memory 1.6 of 15.6 GB
[imw-eloftr] Model unloaded.
--------------------------------------------------------------------------------
[band1] Running imw-aspanformer
[imw-aspanformer] Loading model...
[Coarse] pair 2: no reliable coarse offset (matcher: {'dx': -35289.05548095703, 'dy': -18212.78045654297, 'support': 3, 'n': 7, 'peak': None}; phasecorr: {'dx': -13696.50551245419, 'dy': -38359.15034615832, 'support': None, 'n': None, 'peak': 0.005463445974802611}); windows compared in place
[Coarse] pair 3: no reliable coarse offset (matcher: {'dx': -32109.981536865234, 'dy': -19607.084197998047, 'support': 2, 'n': 7, 'peak': None}; phasecorr: {'dx': -26691.14624675497, 'dy': -28341.854429889372, 'support': None, 'n': None, 'peak': 0.028507738675927267}); windows compared in place
[Coarse] pair 11: no reliable coarse offset (matcher: no matches; phasecorr: {'dx': -9310.972745874022, 'dy': 4896.252513739784, 'support': None, 'n': None, 'peak': 0.011061620189525462}); windows compared in place
[Coarse] pair 4: phase correlation gave dE=-9221 m dN=4882 m, 34.6 km from every offset the matcher measured; using pair 1's (dE=-34960 m dN=-18232 m)
[Coarse] pair 5: phase correlation gave dE=-9227 m dN=4937 m, 34.6 km from every offset the matcher measured; using pair 1's (dE=-34960 m dN=-18232 m)
[Coarse] pair 6: phase correlation gave dE=-9160 m dN=4924 m, 34.7 km from every offset the matcher measured; using pair 1's (dE=-34960 m dN=-18232 m)
[Coarse] pair 7: phase correlation gave dE=-9947 m dN=4785 m, 34.0 km from every offset the matcher measured; using pair 15's (dE=12884 m dN=32542 m)
[Coarse] pair 8: phase correlation gave dE=-9954 m dN=4779 m, 34.0 km from every offset the matcher measured; using pair 15's (dE=12884 m dN=32542 m)
[Coarse] pair 9: phase correlation gave dE=-9059 m dN=4951 m, 34.8 km from every offset the matcher measured; using pair 1's (dE=-34960 m dN=-18232 m)
[Coarse] pair 10: phase correlation gave dE=-9074 m dN=4906 m, 34.7 km from every offset the matcher measured; using pair 1's (dE=-34960 m dN=-18232 m)
[Coarse] pair 12: phase correlation gave dE=-9322 m dN=4777 m, 34.4 km from every offset the matcher measured; using pair 1's (dE=-34960 m dN=-18232 m)
[Coarse] pair 13: phase correlation gave dE=-9228 m dN=4826 m, 34.6 km from every offset the matcher measured; using pair 1's (dE=-34960 m dN=-18232 m)
[Coarse] pair 14: phase correlation gave dE=-9308 m dN=4823 m, 34.5 km from every offset the matcher measured; using pair 1's (dE=-34960 m dN=-18232 m)
[Coarse] WARNING: imw-aspanformer: the pairs' coarse offsets differ by up to 51 km, more than one image moves from place to place. Pairs with a wrong offset match the wrong ground (the chip consensus drops them when they are few); if most pairs disagree, check the input's pixel size and window size.
[Coarse] imw-aspanformer pair 1: dE=-34960.3 m dN=-18231.5 m (matcher@180m, support=9, peak=None) field 1x1 cells, dE -34960..-34960 m, dN -18232..-18232 m, 0 filled
imw-aspanformer: Processing pair 1 from disk...
imw-aspanformer: 1 match-sets in 0.61s
[Coarse] imw-aspanformer pair 2: dE=-34960.3 m dN=-18231.5 m (from-pair-1, support=None, peak=None) 
imw-aspanformer: Processing pair 2 from disk...
imw-aspanformer: 1 match-sets in 0.47s
[Coarse] imw-aspanformer pair 3: dE=-34960.3 m dN=-18231.5 m (from-pair-1, support=None, peak=None) 
imw-aspanformer: Processing pair 3 from disk...
imw-aspanformer: 1 match-sets in 0.22s
[Coarse] imw-aspanformer pair 4: dE=-34960.3 m dN=-18231.5 m (from-pair-1 (phasecorr disagreed), support=None, peak=0.05907139921188354) 
imw-aspanformer: Processing pair 4 from disk...
imw-aspanformer: 1 match-sets in 0.85s
[Coarse] imw-aspanformer pair 5: dE=-34960.3 m dN=-18231.5 m (from-pair-1 (phasecorr disagreed), support=None, peak=0.06194785504341126) 
imw-aspanformer: Processing pair 5 from disk...
imw-aspanformer: 1 match-sets in 0.37s
[Coarse] imw-aspanformer pair 6: dE=-34960.3 m dN=-18231.5 m (from-pair-1 (phasecorr disagreed), support=None, peak=0.05013165693283081) 
imw-aspanformer: Processing pair 6 from disk...
imw-aspanformer: 1 match-sets in 0.37s
[Coarse] imw-aspanformer pair 7: dE=12884.2 m dN=32541.8 m (from-pair-15 (phasecorr disagreed), support=None, peak=0.11055335414556809) 
imw-aspanformer: Processing pair 7 from disk...
imw-aspanformer: 1 match-sets in 0.20s
[Coarse] imw-aspanformer pair 8: dE=12884.2 m dN=32541.8 m (from-pair-15 (phasecorr disagreed), support=None, peak=0.1302907753461673) 
imw-aspanformer: Processing pair 8 from disk...
imw-aspanformer: 1 match-sets in 0.19s
[Coarse] imw-aspanformer pair 9: dE=-34960.3 m dN=-18231.5 m (from-pair-1 (phasecorr disagreed), support=None, peak=0.05415244971381293) 
imw-aspanformer: Processing pair 9 from disk...
imw-aspanformer: 1 match-sets in 0.61s
[Coarse] imw-aspanformer pair 10: dE=-34960.3 m dN=-18231.5 m (from-pair-1 (phasecorr disagreed), support=None, peak=0.037404243375048225) 
imw-aspanformer: Processing pair 10 from disk...
imw-aspanformer: 1 match-sets in 0.29s
[Coarse] imw-aspanformer pair 11: dE=-34960.3 m dN=-18231.5 m (from-pair-10, support=None, peak=None) 
imw-aspanformer: Processing pair 11 from disk...
imw-aspanformer: 1 match-sets in 0.48s
[Coarse] imw-aspanformer pair 12: dE=-34960.3 m dN=-18231.5 m (from-pair-1 (phasecorr disagreed), support=None, peak=0.044330621825324164) 
imw-aspanformer: Processing pair 12 from disk...
imw-aspanformer: 1 match-sets in 0.81s
[Coarse] imw-aspanformer pair 13: dE=-34960.3 m dN=-18231.5 m (from-pair-1 (phasecorr disagreed), support=None, peak=0.03933755140516493) 
imw-aspanformer: Processing pair 13 from disk...
imw-aspanformer: 1 match-sets in 0.77s
[Coarse] imw-aspanformer pair 14: dE=-34960.3 m dN=-18231.5 m (from-pair-1 (phasecorr disagreed), support=None, peak=0.0362194667590989) 
imw-aspanformer: Processing pair 14 from disk...
imw-aspanformer: 1 match-sets in 0.40s
[Coarse] imw-aspanformer pair 15: dE=12884.2 m dN=32541.8 m (matcher@180m, support=8, peak=None) field 1x1 cells, dE 12884..12884 m, dN 32542..32542 m, 0 filled
imw-aspanformer: Processing pair 15 from disk...
imw-aspanformer: 1 match-sets in 0.43s
Saved:
 CHIP_STATS_ALL.csv
 CHIP_STATS_SURVIVORS.csv
 CONSENSUS_SCORES.csv
 BEST_CHIP_SET.csv
 BEST_CHIP_MANIFEST.csv
 BEST_FINAL_SUMMARY.csv
[band1] imw-aspanformer ok in 0.3 min, peak GPU memory 1.5 of 15.6 GB
[imw-aspanformer] Model unloaded.
--------------------------------------------------------------------------------
[band1] Running imw-topicfm
[imw-topicfm] Loading model...
2026-10-06 11:16:08.432 | WARNING  | TopicFM.src.models.modules.transformer:forward:163 - topic distribution is highly sparse!
[Coarse] pair 1: no reliable coarse offset (matcher: {'dx': -35094.342041015625, 'dy': -28439.95330810547, 'support': 4, 'n': 8, 'peak': None}; phasecorr: {'dx': -20193.477464726686, 'dy': -45743.92838364222, 'support': None, 'n': None, 'peak': 0.020609428800836677}); windows compared in place
[Coarse] pair 2: no reliable coarse offset (matcher: {'dx': -34875.513610839844, 'dy': -29667.733154296875, 'support': 3, 'n': 3, 'peak': None}; phasecorr: {'dx': -13696.50551245419, 'dy': -38359.15034615832, 'support': None, 'n': None, 'peak': 0.005463445974802611}); windows compared in place
[Coarse] pair 3: no reliable coarse offset (matcher: {'dx': -35288.37158203125, 'dy': -8249.87548828125, 'support': 2, 'n': 4, 'peak': None}; phasecorr: {'dx': -26691.14624675497, 'dy': -28341.854429889372, 'support': None, 'n': None, 'peak': 0.028507738675927267}); windows compared in place
[Coarse] pair 11: no reliable coarse offset (matcher: {'dx': 16692.192993164062, 'dy': 23624.40673828125, 'support': 2, 'n': 7, 'peak': None}; phasecorr: {'dx': -9310.972745874022, 'dy': 4896.252513739784, 'support': None, 'n': None, 'peak': 0.011061620189525462}); windows compared in place
[Coarse] pair 15: phase correlation gave dE=-19392 m dN=24258 m, 21.2 km from every offset the matcher measured; using pair 7's (dE=-10092 m dN=4756 m)
[Coarse] imw-topicfm pair 1: dE=-9093.9 m dN=4821.4 m (from-pair-9, support=None, peak=None) 
imw-topicfm: Processing pair 1 from disk...
imw-topicfm: 1 match-sets in 0.26s
[Coarse] imw-topicfm pair 2: dE=-9093.9 m dN=4821.4 m (from-pair-9, support=None, peak=None) 
imw-topicfm: Processing pair 2 from disk...
imw-topicfm: 1 match-sets in 0.09s
[Coarse] imw-topicfm pair 3: dE=-9093.9 m dN=4821.4 m (from-pair-9, support=None, peak=None) 
imw-topicfm: Processing pair 3 from disk...
imw-topicfm: 1 match-sets in 0.10s
[Coarse] imw-topicfm pair 4: dE=-9221.2 m dN=4881.8 m (phasecorr@180m, support=None, peak=0.05907139921188354) field 1x1 cells, dE -9682..-9682 m, dN 4878..4878 m, 0 filled
imw-topicfm: Processing pair 4 from disk...
imw-topicfm: 1 match-sets in 0.53s
[Coarse] imw-topicfm pair 5: dE=-9673.3 m dN=5459.9 m (matcher@180m, support=8, peak=None) field 1x1 cells, dE -9673..-9673 m, dN 5460..5460 m, 0 filled
imw-topicfm: Processing pair 5 from disk...
imw-topicfm: 1 match-sets in 0.34s
[Coarse] imw-topicfm pair 6: dE=-9159.5 m dN=4923.5 m (phasecorr@180m, support=None, peak=0.05013165693283081) field 1x1 cells, dE -9887..-9887 m, dN 4790..4790 m, 0 filled
imw-topicfm: Processing pair 6 from disk...
imw-topicfm: 1 match-sets in 0.35s
[Coarse] imw-topicfm pair 7: dE=-10091.7 m dN=4756.3 m (matcher@180m, support=9, peak=None) field 1x1 cells, dE -10092..-10092 m, dN 4756..4756 m, 0 filled
imw-topicfm: Processing pair 7 from disk...
imw-topicfm: 1 match-sets in 0.19s
[Coarse] imw-topicfm pair 8: dE=-10094.4 m dN=4873.9 m (matcher@180m, support=16, peak=None) field 1x1 cells, dE -10094..-10094 m, dN 4874..4874 m, 0 filled
imw-topicfm: Processing pair 8 from disk...
imw-topicfm: 1 match-sets in 0.11s
[Coarse] imw-topicfm pair 9: dE=-9059.4 m dN=4950.7 m (phasecorr@180m, support=None, peak=0.05415244971381293) field 1x1 cells, dE -9094..-9094 m, dN 4821..4821 m, 0 filled
imw-topicfm: Processing pair 9 from disk...
imw-topicfm: 1 match-sets in 0.26s
[Coarse] imw-topicfm pair 10: dE=-9073.5 m dN=4906.4 m (phasecorr@180m, support=None, peak=0.037404243375048225) field 1x1 cells, dE -9023..-9023 m, dN 4778..4778 m, 0 filled
imw-topicfm: Processing pair 10 from disk...
imw-topicfm: 1 match-sets in 0.14s
[Coarse] imw-topicfm pair 11: dE=-9022.9 m dN=4778.1 m (from-pair-10, support=None, peak=None) 
imw-topicfm: Processing pair 11 from disk...
imw-topicfm: 1 match-sets in 0.28s
[Coarse] imw-topicfm pair 12: dE=-9321.8 m dN=4777.2 m (phasecorr@180m, support=None, peak=0.044330621825324164) field 1x1 cells, dE -9400..-9400 m, dN 4784..4784 m, 0 filled
imw-topicfm: Processing pair 12 from disk...
imw-topicfm: 1 match-sets in 0.45s
[Coarse] imw-topicfm pair 13: dE=-9228.3 m dN=4825.9 m (phasecorr@180m, support=None, peak=0.03933755140516493) field 1x1 cells, dE -9272..-9272 m, dN 4847..4847 m, 0 filled
imw-topicfm: Processing pair 13 from disk...
imw-topicfm: 1 match-sets in 0.45s
[Coarse] imw-topicfm pair 14: dE=-9308.5 m dN=4822.9 m (phasecorr@180m, support=None, peak=0.0362194667590989) field 1x1 cells, dE -9542..-9542 m, dN 4843..4843 m, 0 filled
imw-topicfm: Processing pair 14 from disk...
imw-topicfm: 1 match-sets in 0.27s
[Coarse] imw-topicfm pair 15: dE=-10091.7 m dN=4756.3 m (from-pair-7 (phasecorr disagreed), support=None, peak=0.07282278133763208) 
imw-topicfm: Processing pair 15 from disk...
imw-topicfm: 1 match-sets in 0.14s
Saved:
 CHIP_STATS_ALL.csv
 CHIP_STATS_SURVIVORS.csv
 CONSENSUS_SCORES.csv
 BEST_CHIP_SET.csv
 BEST_CHIP_MANIFEST.csv
 BEST_FINAL_SUMMARY.csv
[band1] imw-topicfm ok in 0.2 min, peak GPU memory 1.7 of 15.6 GB
[imw-topicfm] Model unloaded.
--------------------------------------------------------------------------------
[band1] Running imw-roma
[imw-roma] Loading model...
[Coarse] pair 1: no reliable coarse offset (matcher: {'dx': -25964.432830810547, 'dy': -2115.2760314941406, 'support': 6, 'n': 240, 'peak': None}; phasecorr: {'dx': -20193.477464726686, 'dy': -45743.92838364222, 'support': None, 'n': None, 'peak': 0.020609428800836677}); windows compared in place
[Coarse] pair 3: no reliable coarse offset (matcher: {'dx': -23572.022552490234, 'dy': -24424.31854248047, 'support': 12, 'n': 318, 'peak': None}; phasecorr: {'dx': -26691.14624675497, 'dy': -28341.854429889372, 'support': None, 'n': None, 'peak': 0.028507738675927267}); windows compared in place
[Coarse] pair 11: no reliable coarse offset (matcher: no matches; phasecorr: {'dx': -9310.972745874022, 'dy': 4896.252513739784, 'support': None, 'n': None, 'peak': 0.011061620189525462}); windows compared in place
[Coarse] WARNING: imw-roma: the pairs' coarse offsets differ by up to 55 km, more than one image moves from place to place. Pairs with a wrong offset match the wrong ground (the chip consensus drops them when they are few); if most pairs disagree, check the input's pixel size and window size.
[Coarse] imw-roma pair 1: dE=-30408.0 m dN=-33501.6 m (from-pair-2, support=None, peak=None) 
imw-roma: Processing pair 1 from disk...
imw-roma: 1 match-sets in 1.09s
[Coarse] imw-roma pair 2: dE=-30408.0 m dN=-33501.6 m (matcher@180m, support=13, peak=None) field 1x1 cells, dE -30408..-30408 m, dN -33502..-33502 m, 0 filled
imw-roma: Processing pair 2 from disk...
imw-roma: 1 match-sets in 1.08s
[Coarse] imw-roma pair 3: dE=-30408.0 m dN=-33501.6 m (from-pair-2, support=None, peak=None) 
imw-roma: Processing pair 3 from disk...
imw-roma: 1 match-sets in 1.11s
[Coarse] imw-roma pair 4: dE=-9221.2 m dN=4881.8 m (phasecorr@180m, support=None, peak=0.05907139921188354) field 1x1 cells, dE -9682..-9682 m, dN 4878..4878 m, 0 filled
imw-roma: Processing pair 4 from disk...
imw-roma: 1 match-sets in 1.29s
[Coarse] imw-roma pair 5: dE=-9227.3 m dN=4936.9 m (phasecorr@180m, support=None, peak=0.06194785504341126) field 1x1 cells, dE -9750..-9750 m, dN 4772..4772 m, 0 filled
imw-roma: Processing pair 5 from disk...
imw-roma: 1 match-sets in 1.28s
[Coarse] imw-roma pair 6: dE=-9159.5 m dN=4923.5 m (phasecorr@180m, support=None, peak=0.05013165693283081) field 1x1 cells, dE -9887..-9887 m, dN 4790..4790 m, 0 filled
imw-roma: Processing pair 6 from disk...
imw-roma: 1 match-sets in 1.31s
[Coarse] imw-roma pair 7: dE=-9947.3 m dN=4785.4 m (phasecorr@180m, support=None, peak=0.11055335414556809) field 1x1 cells, dE -9955..-9955 m, dN 4765..4765 m, 0 filled
imw-roma: Processing pair 7 from disk...
imw-roma: 1 match-sets in 1.05s
[Coarse] imw-roma pair 8: dE=-9357.9 m dN=4748.2 m (matcher@180m, support=1131, peak=None) field 1x1 cells, dE -9358..-9358 m, dN 4748..4748 m, 0 filled
imw-roma: Processing pair 8 from disk...
imw-roma: 1 match-sets in 1.07s
[Coarse] imw-roma pair 9: dE=-9059.4 m dN=4950.7 m (phasecorr@180m, support=None, peak=0.05415244971381293) field 1x1 cells, dE -9094..-9094 m, dN 4821..4821 m, 0 filled
imw-roma: Processing pair 9 from disk...
imw-roma: 1 match-sets in 1.09s
[Coarse] imw-roma pair 10: dE=-9073.5 m dN=4906.4 m (phasecorr@180m, support=None, peak=0.037404243375048225) field 1x1 cells, dE -9023..-9023 m, dN 4778..4778 m, 0 filled
imw-roma: Processing pair 10 from disk...
imw-roma: 1 match-sets in 1.10s
[Coarse] imw-roma pair 11: dE=-9022.9 m dN=4778.1 m (from-pair-10, support=None, peak=None) 
imw-roma: Processing pair 11 from disk...
imw-roma: 1 match-sets in 1.10s
[Coarse] imw-roma pair 12: dE=-9321.8 m dN=4777.2 m (phasecorr@180m, support=None, peak=0.044330621825324164) field 1x1 cells, dE -9400..-9400 m, dN 4784..4784 m, 0 filled
imw-roma: Processing pair 12 from disk...
imw-roma: 1 match-sets in 1.24s
[Coarse] imw-roma pair 13: dE=-9228.3 m dN=4825.9 m (phasecorr@180m, support=None, peak=0.03933755140516493) field 1x1 cells, dE -9272..-9272 m, dN 4847..4847 m, 0 filled
imw-roma: Processing pair 13 from disk...
imw-roma: 1 match-sets in 1.24s
[Coarse] imw-roma pair 14: dE=-9308.5 m dN=4822.9 m (phasecorr@180m, support=None, peak=0.0362194667590989) field 1x1 cells, dE -9542..-9542 m, dN 4843..4843 m, 0 filled
imw-roma: Processing pair 14 from disk...
imw-roma: 1 match-sets in 1.24s
[Coarse] imw-roma pair 15: dE=-10552.9 m dN=21674.5 m (matcher@180m, support=26, peak=None) field 1x1 cells, dE -10553..-10553 m, dN 21675..21675 m, 0 filled
imw-roma: Processing pair 15 from disk...
imw-roma: 1 match-sets in 1.06s
Saved:
 CHIP_STATS_ALL.csv
 CHIP_STATS_SURVIVORS.csv
 CONSENSUS_SCORES.csv
 BEST_CHIP_SET.csv
 BEST_CHIP_MANIFEST.csv
 BEST_FINAL_SUMMARY.csv
[band1] imw-roma ok in 0.8 min, peak GPU memory 5.3 of 15.6 GB
[imw-roma] Model unloaded.
--------------------------------------------------------------------------------
[band1] Running imw-dkm
[imw-dkm] Loading model...
[Coarse] pair 2: no reliable coarse offset (matcher: {'dx': -35157.80456542969, 'dy': -8363.778991699219, 'support': 18, 'n': 94, 'peak': None}; phasecorr: {'dx': -13696.50551245419, 'dy': -38359.15034615832, 'support': None, 'n': None, 'peak': 0.005463445974802611}); windows compared in place
[Coarse] pair 11: no reliable coarse offset (matcher: {'dx': -35342.513580322266, 'dy': 32897.8385925293, 'support': 4, 'n': 7, 'peak': None}; phasecorr: {'dx': -9310.972745874022, 'dy': 4896.252513739784, 'support': None, 'n': None, 'peak': 0.011061620189525462}); windows compared in place
[Coarse] pair 5: phase correlation gave dE=-9227 m dN=4937 m, 26.5 km from every offset the matcher measured; using pair 4's (dE=-35151 m dN=34764 m)
[Coarse] pair 6: phase correlation gave dE=-9160 m dN=4924 m, 26.6 km from every offset the matcher measured; using pair 4's (dE=-35151 m dN=34764 m)
[Coarse] pair 7: phase correlation gave dE=-9947 m dN=4785 m, 25.8 km from every offset the matcher measured; using pair 4's (dE=-35151 m dN=34764 m)
[Coarse] pair 8: phase correlation gave dE=-9954 m dN=4779 m, 25.8 km from every offset the matcher measured; using pair 4's (dE=-35151 m dN=34764 m)
[Coarse] pair 9: phase correlation gave dE=-9059 m dN=4951 m, 26.7 km from every offset the matcher measured; using pair 1's (dE=-35401 m dN=-6157 m)
[Coarse] pair 10: phase correlation gave dE=-9074 m dN=4906 m, 26.6 km from every offset the matcher measured; using pair 1's (dE=-35401 m dN=-6157 m)
[Coarse] pair 12: phase correlation gave dE=-9322 m dN=4777 m, 26.4 km from every offset the matcher measured; using pair 4's (dE=-35151 m dN=34764 m)
[Coarse] pair 13: phase correlation gave dE=-9228 m dN=4826 m, 26.5 km from every offset the matcher measured; using pair 4's (dE=-35151 m dN=34764 m)
[Coarse] pair 14: phase correlation gave dE=-9308 m dN=4823 m, 26.4 km from every offset the matcher measured; using pair 4's (dE=-35151 m dN=34764 m)
[Coarse] pair 15: phase correlation gave dE=-19392 m dN=24258 m, 18.9 km from every offset the matcher measured; using pair 4's (dE=-35151 m dN=34764 m)
[Coarse] WARNING: imw-dkm: the pairs' coarse offsets differ by up to 41 km, more than one image moves from place to place. Pairs with a wrong offset match the wrong ground (the chip consensus drops them when they are few); if most pairs disagree, check the input's pixel size and window size.
[Coarse] imw-dkm pair 1: dE=-35401.3 m dN=-6156.5 m (matcher@180m, support=10, peak=None) field 1x1 cells, dE -35401..-35401 m, dN -6157..-6157 m, 0 filled
imw-dkm: Processing pair 1 from disk...
imw-dkm: 1 match-sets in 1.02s
[Coarse] imw-dkm pair 2: dE=-33859.2 m dN=-4847.2 m (from-pair-3, support=None, peak=None) 
imw-dkm: Processing pair 2 from disk...
imw-dkm: 1 match-sets in 1.01s
[Coarse] imw-dkm pair 3: dE=-33859.2 m dN=-4847.2 m (matcher@180m, support=425, peak=None) field 1x1 cells, dE -33859..-33859 m, dN -4847..-4847 m, 0 filled
imw-dkm: Processing pair 3 from disk...
imw-dkm: 1 match-sets in 1.02s
[Coarse] imw-dkm pair 4: dE=-35151.2 m dN=34764.0 m (matcher@180m, support=27, peak=None) field 1x1 cells, dE -35151..-35151 m, dN 34764..34764 m, 0 filled
imw-dkm: Processing pair 4 from disk...
imw-dkm: 1 match-sets in 1.16s
[Coarse] imw-dkm pair 5: dE=-35151.2 m dN=34763.9 m (from-pair-4 (phasecorr disagreed), support=None, peak=0.06194785504341126) 
imw-dkm: Processing pair 5 from disk...
imw-dkm: 1 match-sets in 1.12s
[Coarse] imw-dkm pair 6: dE=-35151.2 m dN=34763.9 m (from-pair-4 (phasecorr disagreed), support=None, peak=0.05013165693283081) 
imw-dkm: Processing pair 6 from disk...
imw-dkm: 1 match-sets in 1.19s
[Coarse] imw-dkm pair 7: dE=-35151.2 m dN=34763.9 m (from-pair-4 (phasecorr disagreed), support=None, peak=0.11055335414556809) 
imw-dkm: Processing pair 7 from disk...
imw-dkm: 1 match-sets in 1.02s
[Coarse] imw-dkm pair 8: dE=-35151.2 m dN=34763.9 m (from-pair-4 (phasecorr disagreed), support=None, peak=0.1302907753461673) 
imw-dkm: Processing pair 8 from disk...
imw-dkm: 1 match-sets in 1.01s
[Coarse] imw-dkm pair 9: dE=-35401.3 m dN=-6156.5 m (from-pair-1 (phasecorr disagreed), support=None, peak=0.05415244971381293) 
imw-dkm: Processing pair 9 from disk...
imw-dkm: 1 match-sets in 1.03s
[Coarse] imw-dkm pair 10: dE=-35401.3 m dN=-6156.5 m (from-pair-1 (phasecorr disagreed), support=None, peak=0.037404243375048225) 
imw-dkm: Processing pair 10 from disk...
imw-dkm: 1 match-sets in 1.10s
[Coarse] imw-dkm pair 11: dE=-35401.3 m dN=-6156.5 m (from-pair-10, support=None, peak=None) 
imw-dkm: Processing pair 11 from disk...
imw-dkm: 1 match-sets in 1.10s
[Coarse] imw-dkm pair 12: dE=-35151.2 m dN=34763.9 m (from-pair-4 (phasecorr disagreed), support=None, peak=0.044330621825324164) 
imw-dkm: Processing pair 12 from disk...
imw-dkm: 1 match-sets in 1.24s
[Coarse] imw-dkm pair 13: dE=-35151.2 m dN=34763.9 m (from-pair-4 (phasecorr disagreed), support=None, peak=0.03933755140516493) 
imw-dkm: Processing pair 13 from disk...
imw-dkm: 1 match-sets in 1.22s
[Coarse] imw-dkm pair 14: dE=-35151.2 m dN=34763.9 m (from-pair-4 (phasecorr disagreed), support=None, peak=0.0362194667590989) 
imw-dkm: Processing pair 14 from disk...
imw-dkm: 1 match-sets in 1.24s
[Coarse] imw-dkm pair 15: dE=-35151.2 m dN=34763.9 m (from-pair-4 (phasecorr disagreed), support=None, peak=0.07282278133763208) 
imw-dkm: Processing pair 15 from disk...
imw-dkm: 0 match-sets in 0.00s
Saved:
 CHIP_STATS_ALL.csv
 CHIP_STATS_SURVIVORS.csv
 CONSENSUS_SCORES.csv
 BEST_CHIP_SET.csv
 BEST_CHIP_MANIFEST.csv
 BEST_FINAL_SUMMARY.csv
[band1] imw-dkm ok in 0.6 min, peak GPU memory 7.3 of 15.6 GB
[imw-dkm] Model unloaded.
--------------------------------------------------------------------------------
[band1] Running imw-dad-roma
[imw-dad-roma] Loading model...
[Coarse] pair 1: no reliable coarse offset (matcher: {'dx': -30870.730590820312, 'dy': 3618.9019775390625, 'support': 1, 'n': 4, 'peak': None}; phasecorr: {'dx': -20193.477464726686, 'dy': -45743.92838364222, 'support': None, 'n': None, 'peak': 0.020609428800836677}); windows compared in place
[Coarse] pair 2: no reliable coarse offset (matcher: no matches; phasecorr: {'dx': -13696.50551245419, 'dy': -38359.15034615832, 'support': None, 'n': None, 'peak': 0.005463445974802611}); windows compared in place
[Coarse] pair 3: no reliable coarse offset (matcher: no matches; phasecorr: {'dx': -26691.14624675497, 'dy': -28341.854429889372, 'support': None, 'n': None, 'peak': 0.028507738675927267}); windows compared in place
[Coarse] pair 11: no reliable coarse offset (matcher: no matches; phasecorr: {'dx': -9310.972745874022, 'dy': 4896.252513739784, 'support': None, 'n': None, 'peak': 0.011061620189525462}); windows compared in place
[Coarse] WARNING: imw-dad-roma: the pairs' coarse offsets differ by up to 19 km, more than one image moves from place to place. Pairs with a wrong offset match the wrong ground (the chip consensus drops them when they are few); if most pairs disagree, check the input's pixel size and window size.
[Coarse] imw-dad-roma pair 1: dE=-9093.9 m dN=4821.4 m (from-pair-9, support=None, peak=None) 
imw-dad-roma: Processing pair 1 from disk...
imw-dad-roma: 1 match-sets in 1.25s
[Coarse] imw-dad-roma pair 2: dE=-9093.9 m dN=4821.4 m (from-pair-9, support=None, peak=None) 
imw-dad-roma: Processing pair 2 from disk...
imw-dad-roma: 1 match-sets in 0.81s
[Coarse] imw-dad-roma pair 3: dE=-9093.9 m dN=4821.4 m (from-pair-9, support=None, peak=None) 
imw-dad-roma: Processing pair 3 from disk...
imw-dad-roma: 1 match-sets in 0.81s
[Coarse] imw-dad-roma pair 4: dE=-9221.2 m dN=4881.8 m (phasecorr@180m, support=None, peak=0.05907139921188354) field 1x1 cells, dE -9682..-9682 m, dN 4878..4878 m, 0 filled
imw-dad-roma: Processing pair 4 from disk...
imw-dad-roma: 1 match-sets in 1.55s
[Coarse] imw-dad-roma pair 5: dE=-9227.3 m dN=4936.9 m (phasecorr@180m, support=None, peak=0.06194785504341126) field 1x1 cells, dE -9750..-9750 m, dN 4772..4772 m, 0 filled
imw-dad-roma: Processing pair 5 from disk...
imw-dad-roma: 1 match-sets in 1.18s
[Coarse] imw-dad-roma pair 6: dE=-9159.5 m dN=4923.5 m (phasecorr@180m, support=None, peak=0.05013165693283081) field 1x1 cells, dE -9887..-9887 m, dN 4790..4790 m, 0 filled
imw-dad-roma: Processing pair 6 from disk...
imw-dad-roma: 1 match-sets in 1.18s
[Coarse] imw-dad-roma pair 7: dE=-9947.3 m dN=4785.4 m (phasecorr@180m, support=None, peak=0.11055335414556809) field 1x1 cells, dE -9955..-9955 m, dN 4765..4765 m, 0 filled
imw-dad-roma: Processing pair 7 from disk...
imw-dad-roma: 1 match-sets in 1.79s
[Coarse] imw-dad-roma pair 8: dE=-9954.5 m dN=4779.3 m (phasecorr@180m, support=None, peak=0.1302907753461673) field 1x1 cells, dE -9962..-9962 m, dN 4753..4753 m, 0 filled
imw-dad-roma: Processing pair 8 from disk...
imw-dad-roma: 1 match-sets in 0.88s
[Coarse] imw-dad-roma pair 9: dE=-9059.4 m dN=4950.7 m (phasecorr@180m, support=None, peak=0.05415244971381293) field 1x1 cells, dE -9094..-9094 m, dN 4821..4821 m, 0 filled
imw-dad-roma: Processing pair 9 from disk...
imw-dad-roma: 1 match-sets in 1.60s
[Coarse] imw-dad-roma pair 10: dE=-9073.5 m dN=4906.4 m (phasecorr@180m, support=None, peak=0.037404243375048225) field 1x1 cells, dE -9023..-9023 m, dN 4778..4778 m, 0 filled
imw-dad-roma: Processing pair 10 from disk...
imw-dad-roma: 1 match-sets in 0.94s
[Coarse] imw-dad-roma pair 11: dE=-9022.9 m dN=4778.1 m (from-pair-10, support=None, peak=None) 
imw-dad-roma: Processing pair 11 from disk...
imw-dad-roma: 1 match-sets in 1.68s
[Coarse] imw-dad-roma pair 12: dE=-9321.8 m dN=4777.2 m (phasecorr@180m, support=None, peak=0.044330621825324164) field 1x1 cells, dE -9400..-9400 m, dN 4784..4784 m, 0 filled
imw-dad-roma: Processing pair 12 from disk...
imw-dad-roma: 1 match-sets in 1.50s
[Coarse] imw-dad-roma pair 13: dE=-9228.3 m dN=4825.9 m (phasecorr@180m, support=None, peak=0.03933755140516493) field 1x1 cells, dE -9272..-9272 m, dN 4847..4847 m, 0 filled
imw-dad-roma: Processing pair 13 from disk...
imw-dad-roma: 1 match-sets in 1.52s
[Coarse] imw-dad-roma pair 14: dE=-9308.5 m dN=4822.9 m (phasecorr@180m, support=None, peak=0.0362194667590989) field 1x1 cells, dE -9542..-9542 m, dN 4843..4843 m, 0 filled
imw-dad-roma: Processing pair 14 from disk...
imw-dad-roma: 1 match-sets in 1.12s
[Coarse] imw-dad-roma pair 15: dE=-19392.4 m dN=24257.7 m (phasecorr@180m, support=None, peak=0.07282278133763208) 
imw-dad-roma: Processing pair 15 from disk...
imw-dad-roma: 1 match-sets in 1.33s
Saved:
 CHIP_STATS_ALL.csv
 CHIP_STATS_SURVIVORS.csv
 CONSENSUS_SCORES.csv
 BEST_CHIP_SET.csv
 BEST_CHIP_MANIFEST.csv
 BEST_FINAL_SUMMARY.csv
[band1] imw-dad-roma ok in 0.9 min, peak GPU memory 4.7 of 15.6 GB
[imw-dad-roma] Model unloaded.
--------------------------------------------------------------------------------
[band1] Running imw-rdd-dense
[imw-rdd-dense] Loading model...
config {'activation': 'relu', 'block_dims': [8, 16, 32, 64], 'd_model': 256, 'detection_threshold': 0.1, 'device': device(type='cuda'), 'dim_feedforward': 1024, 'dropout': 0.1, 'enc_n_points': 8, 'hidden_dim': 256, 'lr_backbone': 2e-05, 'nhead': 8, 'num_encoder_layers': 4, 'num_feature_levels': 5, 'top_k': 4096, 'train_detector': False, 'weights': '/maintenance/ICIGDev/GPUPOC/input/dqe/imw_runtime/imw_cache/huggingface/hub/models--Realcat--imcui_checkpoints/snapshots/e72b489e927e7a8202f505c1b4db1474fd22b8b7/rdd/RDD-v2.pth'}
[Coarse] pair 1: no reliable coarse offset (matcher: no matches; phasecorr: {'dx': -20193.477464726686, 'dy': -45743.92838364222, 'support': None, 'n': None, 'peak': 0.020609428800836677}); windows compared in place
[Coarse] pair 2: no reliable coarse offset (matcher: no matches; phasecorr: {'dx': -13696.50551245419, 'dy': -38359.15034615832, 'support': None, 'n': None, 'peak': 0.005463445974802611}); windows compared in place
[Coarse] pair 3: no reliable coarse offset (matcher: no matches; phasecorr: {'dx': -26691.14624675497, 'dy': -28341.854429889372, 'support': None, 'n': None, 'peak': 0.028507738675927267}); windows compared in place
[Coarse] pair 11: no reliable coarse offset (matcher: no matches; phasecorr: {'dx': -9310.972745874022, 'dy': 4896.252513739784, 'support': None, 'n': None, 'peak': 0.011061620189525462}); windows compared in place
[Coarse] WARNING: imw-rdd-dense: the pairs' coarse offsets differ by up to 19 km, more than one image moves from place to place. Pairs with a wrong offset match the wrong ground (the chip consensus drops them when they are few); if most pairs disagree, check the input's pixel size and window size.
[Coarse] imw-rdd-dense pair 1: dE=-9093.9 m dN=4821.4 m (from-pair-9, support=None, peak=None) 
imw-rdd-dense: Processing pair 1 from disk...
imw-rdd-dense: 0 match-sets in 0.35s
[Coarse] imw-rdd-dense pair 2: dE=-9093.9 m dN=4821.4 m (from-pair-9, support=None, peak=None) 
imw-rdd-dense: Processing pair 2 from disk...
imw-rdd-dense: 0 match-sets in 0.21s
[Coarse] imw-rdd-dense pair 3: dE=-9093.9 m dN=4821.4 m (from-pair-9, support=None, peak=None) 
imw-rdd-dense: Processing pair 3 from disk...
imw-rdd-dense: 0 match-sets in 0.21s
[Coarse] imw-rdd-dense pair 4: dE=-9221.2 m dN=4881.8 m (phasecorr@180m, support=None, peak=0.05907139921188354) field 1x1 cells, dE -9682..-9682 m, dN 4878..4878 m, 0 filled
imw-rdd-dense: Processing pair 4 from disk...
imw-rdd-dense: 0 match-sets in 0.68s
[Coarse] imw-rdd-dense pair 5: dE=-9227.3 m dN=4936.9 m (phasecorr@180m, support=None, peak=0.06194785504341126) field 1x1 cells, dE -9750..-9750 m, dN 4772..4772 m, 0 filled
imw-rdd-dense: Processing pair 5 from disk...
imw-rdd-dense: 0 match-sets in 0.69s
[Coarse] imw-rdd-dense pair 6: dE=-9159.5 m dN=4923.5 m (phasecorr@180m, support=None, peak=0.05013165693283081) field 1x1 cells, dE -9887..-9887 m, dN 4790..4790 m, 0 filled
imw-rdd-dense: Processing pair 6 from disk...
imw-rdd-dense: 0 match-sets in 0.68s
[Coarse] imw-rdd-dense pair 7: dE=-9947.3 m dN=4785.4 m (phasecorr@180m, support=None, peak=0.11055335414556809) field 1x1 cells, dE -9955..-9955 m, dN 4765..4765 m, 0 filled
imw-rdd-dense: Processing pair 7 from disk...
imw-rdd-dense: 0 match-sets in 0.26s
[Coarse] imw-rdd-dense pair 8: dE=-9954.5 m dN=4779.3 m (phasecorr@180m, support=None, peak=0.1302907753461673) field 1x1 cells, dE -9962..-9962 m, dN 4753..4753 m, 0 filled
imw-rdd-dense: Processing pair 8 from disk...
imw-rdd-dense: 0 match-sets in 0.24s
[Coarse] imw-rdd-dense pair 9: dE=-9059.4 m dN=4950.7 m (phasecorr@180m, support=None, peak=0.05415244971381293) field 1x1 cells, dE -9094..-9094 m, dN 4821..4821 m, 0 filled
imw-rdd-dense: Processing pair 9 from disk...
imw-rdd-dense: 0 match-sets in 0.52s
[Coarse] imw-rdd-dense pair 10: dE=-9073.5 m dN=4906.4 m (phasecorr@180m, support=None, peak=0.037404243375048225) field 1x1 cells, dE -9023..-9023 m, dN 4778..4778 m, 0 filled
imw-rdd-dense: Processing pair 10 from disk...
imw-rdd-dense: 0 match-sets in 0.34s
[Coarse] imw-rdd-dense pair 11: dE=-9022.9 m dN=4778.1 m (from-pair-10, support=None, peak=None) 
imw-rdd-dense: Processing pair 11 from disk...
imw-rdd-dense: 0 match-sets in 0.54s
[Coarse] imw-rdd-dense pair 12: dE=-9321.8 m dN=4777.2 m (phasecorr@180m, support=None, peak=0.044330621825324164) field 1x1 cells, dE -9400..-9400 m, dN 4784..4784 m, 0 filled
imw-rdd-dense: Processing pair 12 from disk...
imw-rdd-dense: 0 match-sets in 0.85s
[Coarse] imw-rdd-dense pair 13: dE=-9228.3 m dN=4825.9 m (phasecorr@180m, support=None, peak=0.03933755140516493) field 1x1 cells, dE -9272..-9272 m, dN 4847..4847 m, 0 filled
imw-rdd-dense: Processing pair 13 from disk...
imw-rdd-dense: 0 match-sets in 0.84s
[Coarse] imw-rdd-dense pair 14: dE=-9308.5 m dN=4822.9 m (phasecorr@180m, support=None, peak=0.0362194667590989) field 1x1 cells, dE -9542..-9542 m, dN 4843..4843 m, 0 filled
imw-rdd-dense: Processing pair 14 from disk...
imw-rdd-dense: 0 match-sets in 0.60s
[Coarse] imw-rdd-dense pair 15: dE=-19392.4 m dN=24257.7 m (phasecorr@180m, support=None, peak=0.07282278133763208) 
imw-rdd-dense: Processing pair 15 from disk...
imw-rdd-dense: 0 match-sets in 0.32s
No valid chip CSV files found.
[band1] imw-rdd-dense no-consensus in 0.3 min, peak GPU memory 8.7 of 15.6 GB
[imw-rdd-dense] Model unloaded.
--------------------------------------------------------------------------------
[band1] Running imw-xfeat-lg
[imw-xfeat-lg] Loading model...
Using cache found in /maintenance/ICIGDev/GPUPOC/input/dqe/imw_runtime/imw_cache/torch/hub/verlab_accelerated_features_main
Loaded LightGlue model
[Coarse] pair 1: no reliable coarse offset (matcher: no matches; phasecorr: {'dx': -20193.477464726686, 'dy': -45743.92838364222, 'support': None, 'n': None, 'peak': 0.020609428800836677}); windows compared in place
[Coarse] pair 2: no reliable coarse offset (matcher: {'dx': -35280.0, 'dy': -18360.0, 'support': 3, 'n': 3, 'peak': None}; phasecorr: {'dx': -13696.50551245419, 'dy': -38359.15034615832, 'support': None, 'n': None, 'peak': 0.005463445974802611}); windows compared in place
[Coarse] pair 3: no reliable coarse offset (matcher: no matches; phasecorr: {'dx': -26691.14624675497, 'dy': -28341.854429889372, 'support': None, 'n': None, 'peak': 0.028507738675927267}); windows compared in place
[Coarse] pair 11: no reliable coarse offset (matcher: no matches; phasecorr: {'dx': -9310.972745874022, 'dy': 4896.252513739784, 'support': None, 'n': None, 'peak': 0.011061620189525462}); windows compared in place
[Coarse] WARNING: imw-xfeat-lg: the pairs' coarse offsets differ by up to 19 km, more than one image moves from place to place. Pairs with a wrong offset match the wrong ground (the chip consensus drops them when they are few); if most pairs disagree, check the input's pixel size and window size.
[Coarse] imw-xfeat-lg pair 1: dE=-9093.9 m dN=4821.4 m (from-pair-9, support=None, peak=None) 
imw-xfeat-lg: Processing pair 1 from disk...
imw-xfeat-lg: 0 match-sets in 0.13s
[Coarse] imw-xfeat-lg pair 2: dE=-9093.9 m dN=4821.4 m (from-pair-9, support=None, peak=None) 
imw-xfeat-lg: Processing pair 2 from disk...
imw-xfeat-lg: 0 match-sets in 0.06s
[Coarse] imw-xfeat-lg pair 3: dE=-9093.9 m dN=4821.4 m (from-pair-9, support=None, peak=None) 
imw-xfeat-lg: Processing pair 3 from disk...
imw-xfeat-lg: 0 match-sets in 0.06s
[Coarse] imw-xfeat-lg pair 4: dE=-9221.2 m dN=4881.8 m (phasecorr@180m, support=None, peak=0.05907139921188354) field 1x1 cells, dE -9682..-9682 m, dN 4878..4878 m, 0 filled
imw-xfeat-lg: Processing pair 4 from disk...
imw-xfeat-lg: 0 match-sets in 0.30s
[Coarse] imw-xfeat-lg pair 5: dE=-9227.3 m dN=4936.9 m (phasecorr@180m, support=None, peak=0.06194785504341126) field 1x1 cells, dE -9750..-9750 m, dN 4772..4772 m, 0 filled
imw-xfeat-lg: Processing pair 5 from disk...
imw-xfeat-lg: 0 match-sets in 0.23s
[Coarse] imw-xfeat-lg pair 6: dE=-9159.5 m dN=4923.5 m (phasecorr@180m, support=None, peak=0.05013165693283081) field 1x1 cells, dE -9887..-9887 m, dN 4790..4790 m, 0 filled
imw-xfeat-lg: Processing pair 6 from disk...
imw-xfeat-lg: 0 match-sets in 0.23s
[Coarse] imw-xfeat-lg pair 7: dE=-9947.3 m dN=4785.4 m (phasecorr@180m, support=None, peak=0.11055335414556809) field 1x1 cells, dE -9955..-9955 m, dN 4765..4765 m, 0 filled
imw-xfeat-lg: Processing pair 7 from disk...
imw-xfeat-lg: 0 match-sets in 0.12s
[Coarse] imw-xfeat-lg pair 8: dE=-9954.5 m dN=4779.3 m (phasecorr@180m, support=None, peak=0.1302907753461673) field 1x1 cells, dE -9962..-9962 m, dN 4753..4753 m, 0 filled
imw-xfeat-lg: Processing pair 8 from disk...
imw-xfeat-lg: 1 match-sets in 0.08s
[Coarse] imw-xfeat-lg pair 9: dE=-9059.4 m dN=4950.7 m (phasecorr@180m, support=None, peak=0.05415244971381293) field 1x1 cells, dE -9094..-9094 m, dN 4821..4821 m, 0 filled
imw-xfeat-lg: Processing pair 9 from disk...
imw-xfeat-lg: 1 match-sets in 0.18s
[Coarse] imw-xfeat-lg pair 10: dE=-9073.5 m dN=4906.4 m (phasecorr@180m, support=None, peak=0.037404243375048225) field 1x1 cells, dE -9023..-9023 m, dN 4778..4778 m, 0 filled
imw-xfeat-lg: Processing pair 10 from disk...
imw-xfeat-lg: 1 match-sets in 0.13s
[Coarse] imw-xfeat-lg pair 11: dE=-9022.9 m dN=4778.1 m (from-pair-10, support=None, peak=None) 
imw-xfeat-lg: Processing pair 11 from disk...
imw-xfeat-lg: 0 match-sets in 0.15s
[Coarse] imw-xfeat-lg pair 12: dE=-9321.8 m dN=4777.2 m (phasecorr@180m, support=None, peak=0.044330621825324164) field 1x1 cells, dE -9400..-9400 m, dN 4784..4784 m, 0 filled
imw-xfeat-lg: Processing pair 12 from disk...
imw-xfeat-lg: 0 match-sets in 0.24s
[Coarse] imw-xfeat-lg pair 13: dE=-9228.3 m dN=4825.9 m (phasecorr@180m, support=None, peak=0.03933755140516493) field 1x1 cells, dE -9272..-9272 m, dN 4847..4847 m, 0 filled
imw-xfeat-lg: Processing pair 13 from disk...
imw-xfeat-lg: 0 match-sets in 0.24s
[Coarse] imw-xfeat-lg pair 14: dE=-9308.5 m dN=4822.9 m (phasecorr@180m, support=None, peak=0.0362194667590989) field 1x1 cells, dE -9542..-9542 m, dN 4843..4843 m, 0 filled
imw-xfeat-lg: Processing pair 14 from disk...
imw-xfeat-lg: 0 match-sets in 0.15s
[Coarse] imw-xfeat-lg pair 15: dE=-19392.4 m dN=24257.7 m (phasecorr@180m, support=None, peak=0.07282278133763208) 
imw-xfeat-lg: Processing pair 15 from disk...
imw-xfeat-lg: 0 match-sets in 0.10s
Saved:
 CHIP_STATS_ALL.csv
 CHIP_STATS_SURVIVORS.csv
 CONSENSUS_SCORES.csv
 BEST_CHIP_SET.csv
 BEST_CHIP_MANIFEST.csv
 BEST_FINAL_SUMMARY.csv
[band1] imw-xfeat-lg ok in 0.1 min, peak GPU memory 0.8 of 15.6 GB
[imw-xfeat-lg] Model unloaded.
--------------------------------------------------------------------------------
[band1] Running imw-xfeat-dense
[imw-xfeat-dense] Loading model...
Using cache found in /maintenance/ICIGDev/GPUPOC/input/dqe/imw_runtime/imw_cache/torch/hub/verlab_accelerated_features_main
[Coarse] pair 1: no reliable coarse offset (matcher: {'dx': -35409.14978027344, 'dy': -29222.3583984375, 'support': 5, 'n': 5, 'peak': None}; phasecorr: {'dx': -20193.477464726686, 'dy': -45743.92838364222, 'support': None, 'n': None, 'peak': 0.020609428800836677}); windows compared in place
[Coarse] pair 2: no reliable coarse offset (matcher: no matches; phasecorr: {'dx': -13696.50551245419, 'dy': -38359.15034615832, 'support': None, 'n': None, 'peak': 0.005463445974802611}); windows compared in place
[Coarse] pair 3: no reliable coarse offset (matcher: {'dx': -35271.71459197998, 'dy': -23454.640502929688, 'support': 2, 'n': 4, 'peak': None}; phasecorr: {'dx': -26691.14624675497, 'dy': -28341.854429889372, 'support': None, 'n': None, 'peak': 0.028507738675927267}); windows compared in place
[Coarse] pair 11: no reliable coarse offset (matcher: no matches; phasecorr: {'dx': -9310.972745874022, 'dy': 4896.252513739784, 'support': None, 'n': None, 'peak': 0.011061620189525462}); windows compared in place
[Coarse] WARNING: imw-xfeat-dense: the pairs' coarse offsets differ by up to 19 km, more than one image moves from place to place. Pairs with a wrong offset match the wrong ground (the chip consensus drops them when they are few); if most pairs disagree, check the input's pixel size and window size.
[Coarse] imw-xfeat-dense pair 1: dE=-9093.9 m dN=4821.4 m (from-pair-9, support=None, peak=None) 
imw-xfeat-dense: Processing pair 1 from disk...
imw-xfeat-dense: 1 match-sets in 0.20s
[Coarse] imw-xfeat-dense pair 2: dE=-9093.9 m dN=4821.4 m (from-pair-9, support=None, peak=None) 
imw-xfeat-dense: Processing pair 2 from disk...
imw-xfeat-dense: 1 match-sets in 0.09s
[Coarse] imw-xfeat-dense pair 3: dE=-9093.9 m dN=4821.4 m (from-pair-9, support=None, peak=None) 
imw-xfeat-dense: Processing pair 3 from disk...
imw-xfeat-dense: 1 match-sets in 0.08s
[Coarse] imw-xfeat-dense pair 4: dE=-9221.2 m dN=4881.8 m (phasecorr@180m, support=None, peak=0.05907139921188354) field 1x1 cells, dE -9682..-9682 m, dN 4878..4878 m, 0 filled
imw-xfeat-dense: Processing pair 4 from disk...
imw-xfeat-dense: 1 match-sets in 0.37s
[Coarse] imw-xfeat-dense pair 5: dE=-9227.3 m dN=4936.9 m (phasecorr@180m, support=None, peak=0.06194785504341126) field 1x1 cells, dE -9750..-9750 m, dN 4772..4772 m, 0 filled
imw-xfeat-dense: Processing pair 5 from disk...
imw-xfeat-dense: 1 match-sets in 0.28s
[Coarse] imw-xfeat-dense pair 6: dE=-9159.5 m dN=4923.5 m (phasecorr@180m, support=None, peak=0.05013165693283081) field 1x1 cells, dE -9887..-9887 m, dN 4790..4790 m, 0 filled
imw-xfeat-dense: Processing pair 6 from disk...
imw-xfeat-dense: 1 match-sets in 0.29s
[Coarse] imw-xfeat-dense pair 7: dE=-9947.3 m dN=4785.4 m (phasecorr@180m, support=None, peak=0.11055335414556809) field 1x1 cells, dE -9955..-9955 m, dN 4765..4765 m, 0 filled
imw-xfeat-dense: Processing pair 7 from disk...
imw-xfeat-dense: 1 match-sets in 0.22s
[Coarse] imw-xfeat-dense pair 8: dE=-9954.5 m dN=4779.3 m (phasecorr@180m, support=None, peak=0.1302907753461673) field 1x1 cells, dE -9962..-9962 m, dN 4753..4753 m, 0 filled
imw-xfeat-dense: Processing pair 8 from disk...
imw-xfeat-dense: 1 match-sets in 0.09s
[Coarse] imw-xfeat-dense pair 9: dE=-9059.4 m dN=4950.7 m (phasecorr@180m, support=None, peak=0.05415244971381293) field 1x1 cells, dE -9094..-9094 m, dN 4821..4821 m, 0 filled
imw-xfeat-dense: Processing pair 9 from disk...
imw-xfeat-dense: 1 match-sets in 0.25s
[Coarse] imw-xfeat-dense pair 10: dE=-9073.5 m dN=4906.4 m (phasecorr@180m, support=None, peak=0.037404243375048225) field 1x1 cells, dE -9023..-9023 m, dN 4778..4778 m, 0 filled
imw-xfeat-dense: Processing pair 10 from disk...
imw-xfeat-dense: 1 match-sets in 0.12s
[Coarse] imw-xfeat-dense pair 11: dE=-9022.9 m dN=4778.1 m (from-pair-10, support=None, peak=None) 
imw-xfeat-dense: Processing pair 11 from disk...
imw-xfeat-dense: 1 match-sets in 0.19s
[Coarse] imw-xfeat-dense pair 12: dE=-9321.8 m dN=4777.2 m (phasecorr@180m, support=None, peak=0.044330621825324164) field 1x1 cells, dE -9400..-9400 m, dN 4784..4784 m, 0 filled
imw-xfeat-dense: Processing pair 12 from disk...
imw-xfeat-dense: 1 match-sets in 0.36s
[Coarse] imw-xfeat-dense pair 13: dE=-9228.3 m dN=4825.9 m (phasecorr@180m, support=None, peak=0.03933755140516493) field 1x1 cells, dE -9272..-9272 m, dN 4847..4847 m, 0 filled
imw-xfeat-dense: Processing pair 13 from disk...
imw-xfeat-dense: 1 match-sets in 0.37s
[Coarse] imw-xfeat-dense pair 14: dE=-9308.5 m dN=4822.9 m (phasecorr@180m, support=None, peak=0.0362194667590989) field 1x1 cells, dE -9542..-9542 m, dN 4843..4843 m, 0 filled
imw-xfeat-dense: Processing pair 14 from disk...
imw-xfeat-dense: 1 match-sets in 0.21s
[Coarse] imw-xfeat-dense pair 15: dE=-19392.4 m dN=24257.7 m (phasecorr@180m, support=None, peak=0.07282278133763208) 
imw-xfeat-dense: Processing pair 15 from disk...
imw-xfeat-dense: 1 match-sets in 0.16s
Saved:
 CHIP_STATS_ALL.csv
 CHIP_STATS_SURVIVORS.csv
 CONSENSUS_SCORES.csv
 BEST_CHIP_SET.csv
 BEST_CHIP_MANIFEST.csv
 BEST_FINAL_SUMMARY.csv
[band1] imw-xfeat-dense ok in 0.2 min, peak GPU memory 1.4 of 15.6 GB
[imw-xfeat-dense] Model unloaded.
================================================================================
ALL CHANNELS COMPLETE
================================================================================
[Truth] final_same-res_imw-r2d2-nn: no consensus tables -- rebuilding them from the saved matches
No valid chip CSV files found.
[Truth] final_same-res_imw-rord-nn: no consensus tables -- rebuilding them from the saved matches
No valid chip CSV files found.
[Truth] final_same-res_imw-omniglue: no consensus tables -- rebuilding them from the saved matches
No valid chip CSV files found.
[Truth] final_same-res_imw-rdd-dense: no consensus tables -- rebuilding them from the saved matches
No valid chip CSV files found.
[Truth] 6 ground-truth point(s); tool error from a local plane through its matches within 5 km (else its error surface); consensus chips. Best detector + matcher:
    # channel  detector                   matcher setting          RMSE m  bias dE  bias dN    max m  reached  s/window
    1 band1    imw-xoftr                  internal internal lmeds360   4086.1  -2080.7  -2236.9   6381.7    4/6        0.2
    2 band1    imw-d2net-nn               internal internal lmeds360   4829.0  -3644.9   1386.2   7799.0    3/6        0.3
    3 band1    dedode_L-upright_B-upright fginn   fginn_fm1 magsac360   5294.3   -371.6  -4450.4   7030.7    3/6        0.2
    4 band1    imw-ripe-nn                internal internal lmeds360   6145.2   1410.6  -1371.7   9273.7    3/6        0.3
    5 band1    dedode_L-upright_B-upright mnn     mnn magsac360    7786.7  -3630.4   2186.8  13806.4    5/6        0.2
    6 band1    dog_hardnet                lgm     lgm lmeds360     8539.8   2589.7   4598.8   9883.9    3/6        0.2
    7 band1    imw-topicfm                internal internal lmeds360   9461.9    263.9   5898.2  16304.4    3/6        0.3
    8 band1    imw-darkfeat-nn            internal internal lmeds360  10132.8  -8826.7  -2134.8  13396.1    5/6        0.2
    9 band1    imw-dad-roma               internal internal magsac360  11599.5  -1713.5  -5231.8  18388.8    5/6        1.3
   10 band1    imw-aspanformer            internal internal lmeds360  13009.8  -4837.2   2350.4  20644.2    5/6        0.5
   11 band1    disk_epipolar              nn      nn magsac360    13345.9  -7480.4  -6076.3  17764.4    3/6        0.1
   12 band1    dedode_L-C4-v2_B-upright   ada     ada lmeds360    14105.1    -60.3   2841.5  16344.2    6/6        0.3
   13 band1    dedode_L-C4_B-upright      mnn     mnn magsac360   14414.6   -779.8  11237.8  18614.1    3/6        0.2
   14 band1    sift                       ada     ada magsac360   14633.3   3025.5  -1360.7  19941.3    3/6        0.1
   15 band1    hessian                    ada     ada magsac360   15683.8  -8556.4   3268.5  22980.0    3/6        0.1
   16 band1    imw-minima-roma            internal internal lmeds360  15787.4  -2561.9  -3439.1  36379.3    6/6        1.2
   17 band1    imw-eloftr                 internal internal lmeds360  17835.6  -3739.6  15273.2  25551.9    4/6        0.2
   18 band1    imw-lanet-nn               internal internal lmeds360  18460.1   2298.6    728.0  22588.7    3/6        0.2
   19 band1    dedode_L-upright_B-upright nn      nn lmeds360     18480.5  -4177.2   5870.6  32743.5    6/6        0.2
   20 band1    dedode_L-C4-v2_B-C4        fginn   fginn_fm1 lmeds360  19418.0  -9724.7  14940.4  26570.6    4/6        0.2
[Truth] best for band1: imw-xoftr + internal lmeds360 -> /maintenance/ICIGDev/GPUPOC/output/output325/RIVAL_TRUTH_BEST_band1.csv
[Job] detector + matcher performance (PERFORMANCE.csv):
  channel  detector                   matcher       s/window  chips  inliers  truth RMSE m  reached  GPU GB
  band1    imw-xoftr                  internal          0.25     15      474        4086.1      4/6     1.4
  band1    imw-d2net-nn               internal          0.28      6       44        4829.0      3/6     1.1
  band1    dedode_L-upright_B-upright fginn_fm1         0.23     11      140        5294.3      3/6     9.4
  band1    imw-ripe-nn                internal          0.34      7       51        6145.2      3/6     2.0
  band1    dedode_L-upright_B-upright mnn               0.23     15      203        7786.7      5/6     9.4
  band1    dog_hardnet                lgm               0.15      9      129        8539.8      3/6     3.9
  band1    imw-topicfm                internal          0.26     10       97        9461.9      3/6     1.7
  band1    imw-darkfeat-nn            internal          0.23      7       47       10132.8      5/6     1.1
  band1    imw-dad-roma               internal          1.27     15      299       11599.5      5/6     4.7
  band1    imw-aspanformer            internal          0.47      8      129       13009.8      5/6     1.5
  band1    disk_epipolar              nn                0.11     15    42172       13345.9      3/6     1.2
  band1    dedode_L-C4-v2_B-upright   ada               0.28     15    32840       14105.1      6/6     9.9
  band1    dedode_L-C4_B-upright      mnn               0.23     15     5194       14414.6      3/6     8.7
  band1    sift                       ada               0.10     15     9633       14633.3      3/6     3.8
  band1    hessian                    ada               0.14     15    12986       15683.8      3/6     4.4
  band1    imw-minima-roma            internal          1.17     15     6819       15787.4      6/6     5.3
  band1    imw-eloftr                 internal          0.24      9       69       17835.6      4/6     1.6
  band1    imw-lanet-nn               internal          0.17      9       56       18460.1      3/6     0.7
  band1    dedode_L-upright_B-upright nn                0.25     15   164296       18480.5      6/6     9.4
  band1    dedode_L-C4-v2_B-C4        fginn_fm1         0.24      7       60       19418.0      4/6     9.0
  band1    disk_depth                 ada               0.12     14    11631       19708.8      6/6     1.2
  band1    disk_depth                 nn                0.11     15    44412       20013.9      5/6     1.2
  band1    sift                       mnn               0.09     15      828       22637.9      3/6     3.8
  band1    dedode_L-C4-v2_B-upright   mnn               0.23     15     6369       22950.8      4/6     9.9
  band1    dedode_L-C4_B-C4           fginn_fm1         0.23     13      265       23094.9      5/6     8.5
  band1    loftr                      loftr_internal      0.15     15     1877       24463.3      5/6     1.2
  band1    disk_depth                 mnn               0.10     15     3738       24471.2      6/6     1.2
  band1    dedode_L-C4-v2_B-upright   nn                0.26     15   185596       24535.3      6/6     9.9
  band1    dedode_L-C4-v2_B-C4        mnn               0.23     14     5785       25369.9      6/6     9.0
  band1    imw-rdd-nn                 internal          0.66     15      530       25605.7      4/6     8.7
  band1    dedode_L-upright_B-upright ada               0.25     15    17863       25944.4      6/6     9.4
  band1    dedode_L-C4_B-upright      ada               0.25     15     1291       26400.7      6/6     8.7
  band1    sift                       nn                0.10     15    33596       27341.7      6/6     3.8
  band1    dedode_L-C4_B-upright      nn                0.24     15   152765       27881.5      6/6     8.7
  band1    keynet                     mnn               0.19     15     4665       27992.8      6/6     3.0
  band1    dedode_L-C4-v2_B-C4        ada               0.27     15     1570       28404.5      6/6     9.0
  band1    dog_hardnet                ada               0.12     13     8741       28622.7      3/6     3.9
  band1    keynet                     ada               0.22     13     7273       28879.4      3/6     3.0
  band1    gftt                       nn                0.15     14    28227       30033.1      4/6     3.4
  band1    dedode_L-upright_B-C4      mnn               0.23     15     4464       32029.3      6/6     8.8
[Job] consensus pick for band1: dedode_L-C4-v2_B-upright win3072_nfauto (mean dE -18858.4 m, dN 2663.1 m, CE90 99256.3 m) -> /maintenance/ICIGDev/GPUPOC/output/output325/RIVAL_CONSENSUS_BEST_cog_band1.csv
[Job] best for band1 by ground truth: imw-xoftr + internal lmeds360 win3072_nfauto (truth RMSE 4086.1 m) -> /maintenance/ICIGDev/GPUPOC/output/output325/RIVAL_BEST_cog_band1.csv
[Job] done in 21.9 min; manifest /maintenance/ICIGDev/GPUPOC/output/output325/RUN_MANIFEST.csv
