Logging to /maintenance/ICIGDev/GPUPOC/output/output328/automatch.log
[Job] automatch 2026.10.05, code bdafffb9 (/maintenance/ICIGDev/GPUPOC/exe/g1a_automatch)
Using device: cuda
GPU: NVIDIA RTX A4000
CUDA: 12.4
GPU Memory: 15.6 GB
[Job] cog: 1 sweep point(s), working resolution 315.0 m, RANSAC thresholds [630.0] m
[Job] >>> win2048_nfauto: window 2048 px, 32000 keypoints per window (7629 per megapixel)
================================================================================
AUTOMATCH PIPELINE
================================================================================
              kind: raster
              name: cog
              path: /maintenance/ICIGDev/GPUPOC/input/dqe/g1a/inp/267403451/input/cog.tif
          channels: ['band1', 'band2', 'band3']
       working_crs: PROJCS["unnamed",GEOGCS["WGS 84",DATUM["WGS_1984",SPHEROID["WGS 84",6378137,298.25722293287,AUTHORITY["EPSG","7030"]],AUTHORITY["EPSG","6326"]],PRIMEM["Greenwich",0],UNIT["degree",0.0174532925199433,AUTHORITY["EPSG","9122"]],AUTHORITY["EPSG","4326"]],PROJECTION["Lambert_Conformal_Conic_2SP"],PARAMETER["latitude_of_origin",14.0374426378078],PARAMETER["central_meridian",74.7957258744854],PARAMETER["standard_parallel_1",14.4626684058008],PARAMETER["standard_parallel_2",13.6198421791193],PARAMETER["false_easting",0],PARAMETER["false_northing",0],UNIT["metre",1,AUTHORITY["EPSG","9001"]],AXIS["Easting",EAST],AXIS["Northing",NORTH]]
        source_crs: PROJCS["unnamed",GEOGCS["WGS 84",DATUM["WGS_1984",SPHEROID["WGS 84",6378137,298.25722293287,AUTHORITY["EPSG","7030"]],AUTHORITY["EPSG","6326"]],PRIMEM["Greenwich",0],UNIT["degree",0.0174532925199433,AUTHORITY["EPSG","9122"]],AUTHORITY["EPSG","4326"]],PROJECTION["Lambert_Conformal_Conic_2SP"],PARAMETER["latitude_of_origin",14.0374426378078],PARAMETER["central_meridian",74.7957258744854],PARAMETER["standard_parallel_1",14.4626684058008],PARAMETER["standard_parallel_2",13.6198421791193],PARAMETER["false_easting",0],PARAMETER["false_northing",0],UNIT["metre",1,AUTHORITY["EPSG","9001"]],AXIS["Easting",EAST],AXIS["Northing",NORTH]]
        native_res: 315.0
 band_descriptions: {'band1': None, 'band2': None, 'band3': None}
      channels run: ['band1']
         detectors: ['sift', 'disk', 'dedode', 'keynet', 'dog', 'gftt', 'hessian', 'loftr', 'imw-sp-lg', 'imw-aliked-lg', 'imw-sp-sg', 'imw-sp-nn', 'imw-r2d2-nn', 'imw-rord-nn', 'imw-d2net-nn', 'imw-alike-nn', 'imw-sfd2-nn', 'imw-rdd-nn', 'imw-liftfeat-nn', 'imw-ripe-nn', 'imw-darkfeat-nn', 'imw-lanet-nn', 'imw-minima-loftr', 'imw-minima-roma', 'imw-xoftr', 'imw-omniglue', 'imw-gim-roma', 'imw-gim-dkm', 'imw-eloftr', 'imw-aspanformer', 'imw-topicfm', 'imw-roma', 'imw-dkm', 'imw-dad-roma', 'imw-rdd-dense', 'imw-xfeat-lg', 'imw-xfeat-dense']
--------------------------------------------------------------------------------
Running channel: band1
[band1] footprint from valid-data-hull: 72.474, 13.190, 77.110, 14.892 (lon/lat)
[RefFetch] Searching in: /maintenance/ICIGDev/GPUPOC/input/dqe/g1a/inp/267403451/reference/L8Ref (search buffer 10.0 km)
[REFS] index.shp: raster names from attribute 'FileName' (reader: builtin)
[REFS] index.shp: 7397 index entr(ies) name a raster not in this folder; 28 matched
[REFS] L8Ref: 28 raster(s), 28 footprint(s) from index-shp
[RefFetch] Candidate: LC81440492015093LGN00_B8.tif (index (index.shp:FileName)) - checking valid pixels...
[RefFetch] LC81440492015093LGN00_B8.tif: no valid pixels near the swath -- skipped
[RefFetch] Candidate: LC81440492016288LGN00_B8.tif (index (index.shp:FileName)) - checking valid pixels...
[RefFetch] LC81440492016288LGN00_B8.tif: no valid pixels near the swath -- skipped
[RefFetch] Candidate: LC81440492017034LGN00_B8.tif (index (index.shp:FileName)) - checking valid pixels...
[RefFetch] LC81440492017034LGN00_B8.tif: no valid pixels near the swath -- skipped
[RefFetch] Candidate: LC81440502015109LGN00_B8.tif (index (index.shp:FileName)) - checking valid pixels...
[RefFetch] OK LC81440502015109LGN00_B8.tif | NISAR area 8439.4 km2, reference area 8274.5 km2
[RefFetch] Candidate: LC81440502016320LGN00_B8.tif (index (index.shp:FileName)) - checking valid pixels...
[RefFetch] OK LC81440502016320LGN00_B8.tif | NISAR area 7947.9 km2, reference area 7775.8 km2
[RefFetch] Candidate: LC81440502017034LGN00_B8.tif (index (index.shp:FileName)) - checking valid pixels...
[RefFetch] OK LC81440502017034LGN00_B8.tif | NISAR area 7841.3 km2, reference area 7667.7 km2
[RefFetch] Candidate: LC81440512014090LGN00_B8.tif (index (index.shp:FileName)) - checking valid pixels...
[RefFetch] OK LC81440512014090LGN00_B8.tif | NISAR area 7509.6 km2, reference area 7581.6 km2
[RefFetch] Candidate: LC81440512015013LGN00_B8.tif (index (index.shp:FileName)) - checking valid pixels...
[RefFetch] OK LC81440512015013LGN00_B8.tif | NISAR area 7498.1 km2, reference area 7570.7 km2
[RefFetch] Candidate: LC81440512016016LGN00_B8.tif (index (index.shp:FileName)) - checking valid pixels...
[RefFetch] OK LC81440512016016LGN00_B8.tif | NISAR area 7469.2 km2, reference area 7542.1 km2
[RefFetch] Candidate: LC81450492015084LGN00_B8.tif (index (index.shp:FileName)) - checking valid pixels...
[RefFetch] OK LC81450492015084LGN00_B8.tif | NISAR area 84.8 km2, reference area 57.4 km2
[RefFetch] Candidate: LC81450492015116LGN00_B8.tif (index (index.shp:FileName)) - checking valid pixels...
[RefFetch] OK LC81450492015116LGN00_B8.tif | NISAR area 88.6 km2, reference area 59.7 km2
[RefFetch] Candidate: LC81450492016311LGN00_B8.tif (index (index.shp:FileName)) - checking valid pixels...
[RefFetch] OK LC81450492016311LGN00_B8.tif | NISAR area 85.5 km2, reference area 58.5 km2
[RefFetch] Candidate: LC81450502015084LGN00_B8.tif (index (index.shp:FileName)) - checking valid pixels...
[RefFetch] OK LC81450502015084LGN00_B8.tif | NISAR area 31533.2 km2, reference area 28622.5 km2
[RefFetch] Candidate: LC81450502016311LGN00_B8.tif (index (index.shp:FileName)) - checking valid pixels...
[RefFetch] OK LC81450502016311LGN00_B8.tif | NISAR area 31541.6 km2, reference area 28630.4 km2
[RefFetch] Candidate: LC81450512015052LGN00_B8.tif (index (index.shp:FileName)) - checking valid pixels...
[RefFetch] OK LC81450512015052LGN00_B8.tif | NISAR area 17895.5 km2, reference area 16277.9 km2
[RefFetch] Candidate: LC81460492015043LGN00_B8.tif (index (index.shp:FileName)) - checking valid pixels...
[RefFetch] OK LC81460492015043LGN00_B8.tif | NISAR area 307.1 km2, reference area 236.8 km2
[RefFetch] Candidate: LC81460492016318LGN00_B8.tif (index (index.shp:FileName)) - checking valid pixels...
[RefFetch] OK LC81460492016318LGN00_B8.tif | NISAR area 307.1 km2, reference area 235.7 km2
[RefFetch] Candidate: LC81460502015043LGN00_B8.tif (index (index.shp:FileName)) - checking valid pixels...
[RefFetch] OK LC81460502015043LGN00_B8.tif | NISAR area 32460.4 km2, reference area 29455.9 km2
[RefFetch] Candidate: LC81460502016318LGN00_B8.tif (index (index.shp:FileName)) - checking valid pixels...
[RefFetch] OK LC81460502016318LGN00_B8.tif | NISAR area 32463.6 km2, reference area 29458.5 km2
[RefFetch] Candidate: LC81460512015043LGN00_B8.tif (index (index.shp:FileName)) - checking valid pixels...
[RefFetch] OK LC81460512015043LGN00_B8.tif | NISAR area 17145.6 km2, reference area 15596.2 km2
[RefFetch] Candidate: LC81470492015034LGN00_B8.tif (index (index.shp:FileName)) - checking valid pixels...
[RefFetch] OK LC81470492015034LGN00_B8.tif | NISAR area 558.3 km2, reference area 452.7 km2
[RefFetch] Candidate: LC81470492015066LGN00_B8.tif (index (index.shp:FileName)) - checking valid pixels...
[RefFetch] OK LC81470492015066LGN00_B8.tif | NISAR area 560.4 km2, reference area 453.7 km2
[RefFetch] Candidate: LC81470492015098LGN00_B8.tif (index (index.shp:FileName)) - checking valid pixels...
[RefFetch] OK LC81470492015098LGN00_B8.tif | NISAR area 558.6 km2, reference area 452.9 km2
[RefFetch] Candidate: LC81470492016309LGN00_B8.tif (index (index.shp:FileName)) - checking valid pixels...
[RefFetch] OK LC81470492016309LGN00_B8.tif | NISAR area 555.5 km2, reference area 449.6 km2
[RefFetch] Candidate: LC81470502016309LGN00_B8.tif (index (index.shp:FileName)) - checking valid pixels...
[RefFetch] OK LC81470502016309LGN00_B8.tif | NISAR area 24641.4 km2, reference area 24683.2 km2
[RefFetch] Candidate: LC81470502017023LGN00_B8.tif (index (index.shp:FileName)) - checking valid pixels...
[RefFetch] OK LC81470502017023LGN00_B8.tif | NISAR area 24674.7 km2, reference area 24717.0 km2
[RefFetch] Candidate: LC81470512016309LGN00_B8.tif (index (index.shp:FileName)) - checking valid pixels...
[RefFetch] OK LC81470512016309LGN00_B8.tif | NISAR area 9707.9 km2, reference area 9809.1 km2
[RefFetch] Candidate: LC81470512017023LGN00_B8.tif (index (index.shp:FileName)) - checking valid pixels...
[RefFetch] OK LC81470512017023LGN00_B8.tif | NISAR area 9725.8 km2, reference area 9828.6 km2
[RefFetch] Total confirmed: 25 references (of 28 in the index-shp catalog)
[Preprocessor] cog band1: 1589x593, res=315.00, nodata=0.0, ref=L8Ref
[Preprocessor] Pair 1: metadata saved -> /maintenance/ICIGDev/GPUPOC/output/output328/_cache/cog/raster/band1_toL8Ref/pair001_meta.json
[Memory] Pair 1 done, cache cleared
[Preprocessor] Pair 2: metadata saved -> /maintenance/ICIGDev/GPUPOC/output/output328/_cache/cog/raster/band1_toL8Ref/pair002_meta.json
[Memory] Pair 2 done, cache cleared
[Preprocessor] Pair 3: metadata saved -> /maintenance/ICIGDev/GPUPOC/output/output328/_cache/cog/raster/band1_toL8Ref/pair003_meta.json
[Memory] Pair 3 done, cache cleared
[Preprocessor] Pair 4: metadata saved -> /maintenance/ICIGDev/GPUPOC/output/output328/_cache/cog/raster/band1_toL8Ref/pair004_meta.json
[Memory] Pair 4 done, cache cleared
[Preprocessor] Pair 5: metadata saved -> /maintenance/ICIGDev/GPUPOC/output/output328/_cache/cog/raster/band1_toL8Ref/pair005_meta.json
[Memory] Pair 5 done, cache cleared
[Preprocessor] Pair 6: metadata saved -> /maintenance/ICIGDev/GPUPOC/output/output328/_cache/cog/raster/band1_toL8Ref/pair006_meta.json
[Memory] Pair 6 done, cache cleared
[Preprocessor] Pair 7: metadata saved -> /maintenance/ICIGDev/GPUPOC/output/output328/_cache/cog/raster/band1_toL8Ref/pair007_meta.json
[Memory] Pair 7 done, cache cleared
[Preprocessor] Pair 8: metadata saved -> /maintenance/ICIGDev/GPUPOC/output/output328/_cache/cog/raster/band1_toL8Ref/pair008_meta.json
[Memory] Pair 8 done, cache cleared
[Preprocessor] Pair 9: metadata saved -> /maintenance/ICIGDev/GPUPOC/output/output328/_cache/cog/raster/band1_toL8Ref/pair009_meta.json
[Memory] Pair 9 done, cache cleared
[Preprocessor] Pair 10: metadata saved -> /maintenance/ICIGDev/GPUPOC/output/output328/_cache/cog/raster/band1_toL8Ref/pair010_meta.json
[Memory] Pair 10 done, cache cleared
[Preprocessor] Pair 11: metadata saved -> /maintenance/ICIGDev/GPUPOC/output/output328/_cache/cog/raster/band1_toL8Ref/pair011_meta.json
[Memory] Pair 11 done, cache cleared
[Preprocessor] Pair 12: metadata saved -> /maintenance/ICIGDev/GPUPOC/output/output328/_cache/cog/raster/band1_toL8Ref/pair012_meta.json
[Memory] Pair 12 done, cache cleared
[Preprocessor] Pair 13: metadata saved -> /maintenance/ICIGDev/GPUPOC/output/output328/_cache/cog/raster/band1_toL8Ref/pair013_meta.json
[Memory] Pair 13 done, cache cleared
[Preprocessor] Pair 14: metadata saved -> /maintenance/ICIGDev/GPUPOC/output/output328/_cache/cog/raster/band1_toL8Ref/pair014_meta.json
[Memory] Pair 14 done, cache cleared
[Preprocessor] Pair 15: metadata saved -> /maintenance/ICIGDev/GPUPOC/output/output328/_cache/cog/raster/band1_toL8Ref/pair015_meta.json
[Memory] Pair 15 done, cache cleared
[Preprocessor] Pair 16: metadata saved -> /maintenance/ICIGDev/GPUPOC/output/output328/_cache/cog/raster/band1_toL8Ref/pair016_meta.json
[Memory] Pair 16 done, cache cleared
[Preprocessor] Pair 17: metadata saved -> /maintenance/ICIGDev/GPUPOC/output/output328/_cache/cog/raster/band1_toL8Ref/pair017_meta.json
[Memory] Pair 17 done, cache cleared
[Preprocessor] Pair 18: metadata saved -> /maintenance/ICIGDev/GPUPOC/output/output328/_cache/cog/raster/band1_toL8Ref/pair018_meta.json
[Memory] Pair 18 done, cache cleared
[Preprocessor] Pair 19: metadata saved -> /maintenance/ICIGDev/GPUPOC/output/output328/_cache/cog/raster/band1_toL8Ref/pair019_meta.json
[Memory] Pair 19 done, cache cleared
[Preprocessor] Pair 20: metadata saved -> /maintenance/ICIGDev/GPUPOC/output/output328/_cache/cog/raster/band1_toL8Ref/pair020_meta.json
[Memory] Pair 20 done, cache cleared
[Preprocessor] Pair 21: metadata saved -> /maintenance/ICIGDev/GPUPOC/output/output328/_cache/cog/raster/band1_toL8Ref/pair021_meta.json
[Memory] Pair 21 done, cache cleared
[Preprocessor] Pair 22: metadata saved -> /maintenance/ICIGDev/GPUPOC/output/output328/_cache/cog/raster/band1_toL8Ref/pair022_meta.json
[Memory] Pair 22 done, cache cleared
[Preprocessor] Pair 23: metadata saved -> /maintenance/ICIGDev/GPUPOC/output/output328/_cache/cog/raster/band1_toL8Ref/pair023_meta.json
[Memory] Pair 23 done, cache cleared
[Preprocessor] Pair 24: metadata saved -> /maintenance/ICIGDev/GPUPOC/output/output328/_cache/cog/raster/band1_toL8Ref/pair024_meta.json
[Memory] Pair 24 done, cache cleared
[Preprocessor] Pair 25: metadata saved -> /maintenance/ICIGDev/GPUPOC/output/output328/_cache/cog/raster/band1_toL8Ref/pair025_meta.json
[Memory] Pair 25 done, cache cleared
--------------------------------------------------------------------------------
[band1] Running sift
SIFT: Initializing (rootsift=True, upright=True)...
sift: Initializing LightGlue {'filter_threshold': 0.1, 'depth_confidence': 0.95, 'width_confidence': 0.99}...
Loaded LightGlue model
[Coarse] pair 2: no reliable coarse offset (matcher: no matches; phasecorr: {'dx': 12574.81863509712, 'dy': -4254.296899816302, 'support': None, 'n': None, 'peak': 0.022171562748190796}); windows compared in place
[Coarse] pair 4: no reliable coarse offset (matcher: no matches; phasecorr: {'dx': -12384.074490808596, 'dy': -1224.9559256777015, 'support': None, 'n': None, 'peak': 0.028621533425649007}); windows compared in place
[Coarse] pair 5: no reliable coarse offset (matcher: no matches; phasecorr: {'dx': -12498.015398455027, 'dy': -1389.0155843820758, 'support': None, 'n': None, 'peak': 0.02882188277244568}); windows compared in place
[sift] window (0,0) error: RuntimeError: Padding size should be less than the corresponding input dimension, but got: padding (6, 6) at dimension 2 of input [1, 1, 5, 36]
[sift] window (0,0) error: RuntimeError: Padding size should be less than the corresponding input dimension, but got: padding (6, 6) at dimension 2 of input [1, 1, 5, 38]
[sift] window (0,0) error: RuntimeError: Padding size should be less than the corresponding input dimension, but got: padding (6, 6) at dimension 2 of input [1, 1, 5, 36]
[Coarse] pair 9: no reliable coarse offset (matcher: no matches; phasecorr: {'dx': 3042.052254335612, 'dy': 5076.0958523434165, 'support': None, 'n': None, 'peak': -0.10839922587076822}); windows compared in place
[Coarse] pair 10: no reliable coarse offset (matcher: {'dx': -516.1401844024658, 'dy': 7235.461463928223, 'support': 4, 'n': 4, 'peak': None}; phasecorr: {'dx': -15791.779157239504, 'dy': -27484.73946603707, 'support': None, 'n': None, 'peak': 0.0061897425567386324}); windows compared in place
[Coarse] pair 17: no reliable coarse offset (matcher: {'dx': -850.1962280273438, 'dy': 7245.0384521484375, 'support': 3, 'n': 3, 'peak': None}; phasecorr: {'dx': -66083.54744225116, 'dy': 13836.37775522828, 'support': None, 'n': None, 'peak': 0.011340649922688802}); windows compared in place
[Coarse] pair 23: no reliable coarse offset (matcher: no matches; phasecorr: {'dx': 10626.331712949788, 'dy': 44081.26459194447, 'support': None, 'n': None, 'peak': 0.022681387839493927}); windows compared in place
[Coarse] pair 24: no reliable coarse offset (matcher: no matches; phasecorr: {'dx': -39044.25959720116, 'dy': 27033.45669197513, 'support': None, 'n': None, 'peak': 0.018840152319566702}); windows compared in place
[Coarse] pair 25: no reliable coarse offset (matcher: no matches; phasecorr: {'dx': -2967.3494804437037, 'dy': 31502.918072714525, 'support': None, 'n': None, 'peak': 0.017951171412880038}); windows compared in place
[Coarse] pair 1: phase correlation gave dE=11055 m dN=4646 m, 10.9 km from every offset the matcher measured; using pair 11's (dE=-315 m dN=7279 m)
[Coarse] pair 3: phase correlation gave dE=435 m dN=-3096 m, 10.3 km from every offset the matcher measured; using pair 11's (dE=-315 m dN=7279 m)
[Coarse] pair 6: phase correlation gave dE=-12273 m dN=-1453 m, 13.7 km from every offset the matcher measured; using pair 11's (dE=-315 m dN=7279 m)
[Coarse] pair 13: phase correlation gave dE=1721 m dN=-10079 m, 17.4 km from every offset the matcher measured; using pair 11's (dE=-315 m dN=7279 m)
[Coarse] pair 14: phase correlation gave dE=-2888 m dN=-8958 m, 16.1 km from every offset the matcher measured; using pair 11's (dE=-315 m dN=7279 m)
[Coarse] pair 18: phase correlation gave dE=-752 m dN=-6939 m, 14.0 km from every offset the matcher measured; using pair 16's (dE=-1390 m dN=7050 m)
[Coarse] pair 19: phase correlation gave dE=-28033 m dN=-3217 m, 28.4 km from every offset the matcher measured; using pair 16's (dE=-1390 m dN=7050 m)
[Coarse] pair 20: phase correlation gave dE=-21837 m dN=-4782 m, 23.5 km from every offset the matcher measured; using pair 16's (dE=-1390 m dN=7050 m)
[Coarse] pair 21: phase correlation gave dE=-2511 m dN=-8880 m, 16.0 km from every offset the matcher measured; using pair 16's (dE=-1390 m dN=7050 m)
[Coarse] pair 22: phase correlation gave dE=-12201 m dN=-19785 m, 28.9 km from every offset the matcher measured; using pair 16's (dE=-1390 m dN=7050 m)
[Coarse] sift pair 1: dE=-315.0 m dN=7278.8 m (from-pair-11 (phasecorr disagreed), support=None, peak=0.04583818592407085) 
sift: Processing pair 1 from disk...
sift: 3 match-sets in 1.06s
[Coarse] sift pair 2: dE=-315.0 m dN=7278.8 m (from-pair-3, support=None, peak=None) 
sift: Processing pair 2 from disk...
sift: 3 match-sets in 1.04s
[Coarse] sift pair 3: dE=-315.0 m dN=7278.8 m (from-pair-11 (phasecorr disagreed), support=None, peak=0.05141784302982283) 
sift: Processing pair 3 from disk...
sift: 3 match-sets in 1.03s
[Coarse] sift pair 4: dE=-315.0 m dN=7278.8 m (from-pair-6, support=None, peak=None) 
sift: Processing pair 4 from disk...
sift: 6 match-sets in 1.06s
[Coarse] sift pair 5: dE=-315.0 m dN=7278.8 m (from-pair-6, support=None, peak=None) 
sift: Processing pair 5 from disk...
sift: 4 match-sets in 1.01s
[Coarse] sift pair 6: dE=-315.0 m dN=7278.8 m (from-pair-11 (phasecorr disagreed), support=None, peak=0.034774091529846195) 
sift: Processing pair 6 from disk...
sift: 5 match-sets in 1.04s
[Coarse] sift pair 7: dE=-75.1 m dN=5172.3 m (phasecorr@315m, support=None, peak=0.3776031465883608) 
sift: Processing pair 7 from disk...
sift: 0 match-sets in 0.00s
[Coarse] sift pair 8: dE=-1852.3 m dN=5084.1 m (phasecorr@315m, support=None, peak=0.2714075272878011) 
sift: Processing pair 8 from disk...
sift: 0 match-sets in 0.00s
[Coarse] sift pair 9: dE=-75.1 m dN=5172.3 m (from-pair-7, support=None, peak=None) 
sift: Processing pair 9 from disk...
sift: 0 match-sets in 0.00s
[Coarse] sift pair 10: dE=-315.0 m dN=7278.8 m (from-pair-11, support=None, peak=None) 
sift: Processing pair 10 from disk...
sift: 6 match-sets in 2.98s
[Coarse] sift pair 11: dE=-315.0 m dN=7278.8 m (matcher@315m, support=22, peak=None) field 1x1 cells, dE -315..-315 m, dN 7279..7279 m, 0 filled
sift: Processing pair 11 from disk...
sift: 6 match-sets in 2.97s
[Coarse] sift pair 12: dE=611.0 m dN=7879.2 m (matcher@315m, support=10, peak=None) field 1x1 cells, dE 611..611 m, dN 7879..7879 m, 0 filled
sift: Processing pair 12 from disk...
sift: 6 match-sets in 2.04s
[Coarse] sift pair 13: dE=-315.0 m dN=7278.8 m (from-pair-11 (phasecorr disagreed), support=None, peak=0.24878289219405916) 
sift: Processing pair 13 from disk...
sift: 0 match-sets in 0.00s
[Coarse] sift pair 14: dE=-315.0 m dN=7278.8 m (from-pair-11 (phasecorr disagreed), support=None, peak=0.35633478768997723) 
sift: Processing pair 14 from disk...
sift: 0 match-sets in 0.00s
[Coarse] sift pair 15: dE=-1520.2 m dN=7073.6 m (matcher@315m, support=147, peak=None) field 1x1 cells, dE -1520..-1520 m, dN 7074..7074 m, 0 filled
sift: Processing pair 15 from disk...
sift: 6 match-sets in 3.03s
[Coarse] sift pair 16: dE=-1390.4 m dN=7049.6 m (matcher@315m, support=185, peak=None) field 1x1 cells, dE -1390..-1390 m, dN 7050..7050 m, 0 filled
sift: Processing pair 16 from disk...
sift: 7 match-sets in 2.74s
[Coarse] sift pair 17: dE=-1390.4 m dN=7049.6 m (from-pair-16, support=None, peak=None) 
sift: Processing pair 17 from disk...
sift: 5 match-sets in 0.67s
[Coarse] sift pair 18: dE=-1390.4 m dN=7049.6 m (from-pair-16 (phasecorr disagreed), support=None, peak=0.2454520107269287) 
sift: Processing pair 18 from disk...
sift: 0 match-sets in 0.00s
[Coarse] sift pair 19: dE=-1390.4 m dN=7049.6 m (from-pair-16 (phasecorr disagreed), support=None, peak=0.11735943231582642) 
sift: Processing pair 19 from disk...
sift: 0 match-sets in 0.00s
[Coarse] sift pair 20: dE=-1390.4 m dN=7049.6 m (from-pair-16 (phasecorr disagreed), support=None, peak=0.04500516567230225) 
sift: Processing pair 20 from disk...
sift: 0 match-sets in 0.00s
[Coarse] sift pair 21: dE=-1390.4 m dN=7049.6 m (from-pair-16 (phasecorr disagreed), support=None, peak=0.03828669300079346) 
sift: Processing pair 21 from disk...
sift: 0 match-sets in 0.00s
[Coarse] sift pair 22: dE=-1390.4 m dN=7049.6 m (from-pair-16 (phasecorr disagreed), support=None, peak=0.04219192933153223) 
sift: Processing pair 22 from disk...
sift: 7 match-sets in 2.30s
[Coarse] sift pair 23: dE=-1390.4 m dN=7049.6 m (from-pair-22, support=None, peak=None) 
sift: Processing pair 23 from disk...
sift: 6 match-sets in 0.90s
[Coarse] sift pair 24: dE=-1390.4 m dN=7049.6 m (from-pair-22, support=None, peak=None) 
sift: Processing pair 24 from disk...
sift: 3 match-sets in 1.23s
[Coarse] sift pair 25: dE=-1390.4 m dN=7049.6 m (from-pair-22, support=None, peak=None) 
sift: Processing pair 25 from disk...
sift: 6 match-sets in 1.14s
Saved:
 CHIP_STATS_ALL.csv
 CHIP_STATS_SURVIVORS.csv
 CONSENSUS_SCORES.csv
 BEST_CHIP_SET.csv
 BEST_CHIP_MANIFEST.csv
 BEST_FINAL_SUMMARY.csv
[band1] sift ok in 1.2 min, peak GPU memory 2.0 of 15.6 GB
--------------------------------------------------------------------------------
[band1] Running disk_depth
DISK: Loading depth model...
disk: Initializing LightGlue {'filter_threshold': 0.1, 'depth_confidence': 0.95, 'width_confidence': 0.99}...
Loaded LightGlue model
[Coarse] pair 2: no reliable coarse offset (matcher: no matches; phasecorr: {'dx': 12574.81863509712, 'dy': -4254.296899816302, 'support': None, 'n': None, 'peak': 0.022171562748190796}); windows compared in place
[Coarse] pair 4: no reliable coarse offset (matcher: no matches; phasecorr: {'dx': -12384.074490808596, 'dy': -1224.9559256777015, 'support': None, 'n': None, 'peak': 0.028621533425649007}); windows compared in place
[Coarse] pair 5: no reliable coarse offset (matcher: no matches; phasecorr: {'dx': -12498.015398455027, 'dy': -1389.0155843820758, 'support': None, 'n': None, 'peak': 0.02882188277244568}); windows compared in place
[Coarse] pair 9: no reliable coarse offset (matcher: no matches; phasecorr: {'dx': 3042.052254335612, 'dy': 5076.0958523434165, 'support': None, 'n': None, 'peak': -0.10839922587076822}); windows compared in place
[Coarse] pair 10: no reliable coarse offset (matcher: no matches; phasecorr: {'dx': -15791.779157239504, 'dy': -27484.73946603707, 'support': None, 'n': None, 'peak': 0.0061897425567386324}); windows compared in place
[Coarse] pair 11: no reliable coarse offset (matcher: no matches; phasecorr: {'dx': 848.0603845427108, 'dy': 31371.840712601417, 'support': None, 'n': None, 'peak': 0.01344987770749463}); windows compared in place
[Coarse] pair 12: no reliable coarse offset (matcher: no matches; phasecorr: {'dx': -13536.498852975745, 'dy': 7947.8626155329175, 'support': None, 'n': None, 'peak': 0.014224803613733362}); windows compared in place
[Coarse] pair 17: no reliable coarse offset (matcher: no matches; phasecorr: {'dx': -66083.54744225116, 'dy': 13836.37775522828, 'support': None, 'n': None, 'peak': 0.011340649922688802}); windows compared in place
[Coarse] pair 23: no reliable coarse offset (matcher: no matches; phasecorr: {'dx': 10626.331712949788, 'dy': 44081.26459194447, 'support': None, 'n': None, 'peak': 0.022681387839493927}); windows compared in place
[Coarse] pair 24: no reliable coarse offset (matcher: no matches; phasecorr: {'dx': -39044.25959720116, 'dy': 27033.45669197513, 'support': None, 'n': None, 'peak': 0.018840152319566702}); windows compared in place
[Coarse] pair 25: no reliable coarse offset (matcher: no matches; phasecorr: {'dx': -2967.3494804437037, 'dy': 31502.918072714525, 'support': None, 'n': None, 'peak': 0.017951171412880038}); windows compared in place
[Coarse] pair 1: phase correlation gave dE=11055 m dN=4646 m, 12.4 km from every offset the matcher measured; using pair 15's (dE=-1260 m dN=6930 m)
[Coarse] pair 3: phase correlation gave dE=435 m dN=-3096 m, 10.2 km from every offset the matcher measured; using pair 15's (dE=-1260 m dN=6930 m)
[Coarse] pair 6: phase correlation gave dE=-12273 m dN=-1453 m, 13.8 km from every offset the matcher measured; using pair 15's (dE=-1260 m dN=6930 m)
[Coarse] pair 13: phase correlation gave dE=1721 m dN=-10079 m, 17.3 km from every offset the matcher measured; using pair 15's (dE=-1260 m dN=6930 m)
[Coarse] pair 14: phase correlation gave dE=-2888 m dN=-8958 m, 16.0 km from every offset the matcher measured; using pair 15's (dE=-1260 m dN=6930 m)
[Coarse] pair 18: phase correlation gave dE=-752 m dN=-6939 m, 13.9 km from every offset the matcher measured; using pair 16's (dE=-1102 m dN=7088 m)
[Coarse] pair 19: phase correlation gave dE=-28033 m dN=-3217 m, 28.6 km from every offset the matcher measured; using pair 16's (dE=-1102 m dN=7088 m)
[Coarse] pair 20: phase correlation gave dE=-21837 m dN=-4782 m, 23.7 km from every offset the matcher measured; using pair 16's (dE=-1102 m dN=7088 m)
[Coarse] pair 21: phase correlation gave dE=-2511 m dN=-8880 m, 15.9 km from every offset the matcher measured; using pair 16's (dE=-1102 m dN=7088 m)
[Coarse] pair 22: phase correlation gave dE=-12201 m dN=-19785 m, 28.9 km from every offset the matcher measured; using pair 16's (dE=-1102 m dN=7088 m)
[Coarse] disk_depth pair 1: dE=-1260.0 m dN=6930.0 m (from-pair-15 (phasecorr disagreed), support=None, peak=0.04583818592407085) 
disk_depth: Processing pair 1 from disk...
disk_depth: 5 match-sets in 0.52s
[Coarse] disk_depth pair 2: dE=-1260.0 m dN=6930.0 m (from-pair-3, support=None, peak=None) 
disk_depth: Processing pair 2 from disk...
disk_depth: 4 match-sets in 0.41s
[Coarse] disk_depth pair 3: dE=-1260.0 m dN=6930.0 m (from-pair-15 (phasecorr disagreed), support=None, peak=0.05141784302982283) 
disk_depth: Processing pair 3 from disk...
disk_depth: 4 match-sets in 0.51s
[Coarse] disk_depth pair 4: dE=-1260.0 m dN=6930.0 m (from-pair-6, support=None, peak=None) 
disk_depth: Processing pair 4 from disk...
disk_depth: 5 match-sets in 0.36s
[Coarse] disk_depth pair 5: dE=-1260.0 m dN=6930.0 m (from-pair-6, support=None, peak=None) 
disk_depth: Processing pair 5 from disk...
disk_depth: 5 match-sets in 0.45s
[Coarse] disk_depth pair 6: dE=-1260.0 m dN=6930.0 m (from-pair-15 (phasecorr disagreed), support=None, peak=0.034774091529846195) 
disk_depth: Processing pair 6 from disk...
disk_depth: 4 match-sets in 0.34s
[Coarse] disk_depth pair 7: dE=-75.1 m dN=5172.3 m (phasecorr@315m, support=None, peak=0.3776031465883608) 
disk_depth: Processing pair 7 from disk...
disk_depth: 0 match-sets in 0.00s
[Coarse] disk_depth pair 8: dE=-1852.3 m dN=5084.1 m (phasecorr@315m, support=None, peak=0.2714075272878011) 
disk_depth: Processing pair 8 from disk...
disk_depth: 0 match-sets in 0.00s
[Coarse] disk_depth pair 9: dE=-75.1 m dN=5172.3 m (from-pair-7, support=None, peak=None) 
disk_depth: Processing pair 9 from disk...
disk_depth: 0 match-sets in 0.00s
[Coarse] disk_depth pair 10: dE=-1260.0 m dN=6930.0 m (from-pair-1, support=None, peak=None) 
disk_depth: Processing pair 10 from disk...
disk_depth: 5 match-sets in 1.79s
[Coarse] disk_depth pair 11: dE=-1260.0 m dN=6930.0 m (from-pair-1, support=None, peak=None) 
disk_depth: Processing pair 11 from disk...
disk_depth: 5 match-sets in 1.52s
[Coarse] disk_depth pair 12: dE=-1260.0 m dN=6930.0 m (from-pair-6, support=None, peak=None) 
disk_depth: Processing pair 12 from disk...
disk_depth: 5 match-sets in 0.98s
[Coarse] disk_depth pair 13: dE=-1260.0 m dN=6930.0 m (from-pair-15 (phasecorr disagreed), support=None, peak=0.24878289219405916) 
disk_depth: Processing pair 13 from disk...
disk_depth: 0 match-sets in 0.00s
[Coarse] disk_depth pair 14: dE=-1260.0 m dN=6930.0 m (from-pair-15 (phasecorr disagreed), support=None, peak=0.35633478768997723) 
disk_depth: Processing pair 14 from disk...
disk_depth: 0 match-sets in 0.00s
[Coarse] disk_depth pair 15: dE=-1260.0 m dN=6930.0 m (matcher@315m, support=67, peak=None) field 1x1 cells, dE -1260..-1260 m, dN 6930..6930 m, 0 filled
disk_depth: Processing pair 15 from disk...
disk_depth: 7 match-sets in 1.89s
[Coarse] disk_depth pair 16: dE=-1102.5 m dN=7087.5 m (matcher@315m, support=46, peak=None) field 1x1 cells, dE -1102..-1102 m, dN 7088..7088 m, 0 filled
disk_depth: Processing pair 16 from disk...
disk_depth: 7 match-sets in 1.62s
[Coarse] disk_depth pair 17: dE=-1102.5 m dN=7087.5 m (from-pair-16, support=None, peak=None) 
disk_depth: Processing pair 17 from disk...
disk_depth: 4 match-sets in 0.99s
[Coarse] disk_depth pair 18: dE=-1102.5 m dN=7087.5 m (from-pair-16 (phasecorr disagreed), support=None, peak=0.2454520107269287) 
disk_depth: Processing pair 18 from disk...
disk_depth: 0 match-sets in 0.00s
[Coarse] disk_depth pair 19: dE=-1102.5 m dN=7087.5 m (from-pair-16 (phasecorr disagreed), support=None, peak=0.11735943231582642) 
disk_depth: Processing pair 19 from disk...
disk_depth: 0 match-sets in 0.00s
[Coarse] disk_depth pair 20: dE=-1102.5 m dN=7087.5 m (from-pair-16 (phasecorr disagreed), support=None, peak=0.04500516567230225) 
disk_depth: Processing pair 20 from disk...
disk_depth: 0 match-sets in 0.00s
[Coarse] disk_depth pair 21: dE=-1102.5 m dN=7087.5 m (from-pair-16 (phasecorr disagreed), support=None, peak=0.03828669300079346) 
disk_depth: Processing pair 21 from disk...
disk_depth: 0 match-sets in 0.00s
[Coarse] disk_depth pair 22: dE=-1102.5 m dN=7087.5 m (from-pair-16 (phasecorr disagreed), support=None, peak=0.04219192933153223) 
disk_depth: Processing pair 22 from disk...
disk_depth: 5 match-sets in 1.23s
[Coarse] disk_depth pair 23: dE=-1102.5 m dN=7087.5 m (from-pair-22, support=None, peak=None) 
disk_depth: Processing pair 23 from disk...
disk_depth: 5 match-sets in 1.03s
[Coarse] disk_depth pair 24: dE=-1102.5 m dN=7087.5 m (from-pair-22, support=None, peak=None) 
disk_depth: Processing pair 24 from disk...
disk_depth: 4 match-sets in 0.66s
[Coarse] disk_depth pair 25: dE=-1102.5 m dN=7087.5 m (from-pair-22, support=None, peak=None) 
disk_depth: Processing pair 25 from disk...
disk_depth: 5 match-sets in 0.53s
Saved:
 CHIP_STATS_ALL.csv
 CHIP_STATS_SURVIVORS.csv
 CONSENSUS_SCORES.csv
 BEST_CHIP_SET.csv
 BEST_CHIP_MANIFEST.csv
 BEST_FINAL_SUMMARY.csv
[band1] disk_depth ok in 0.4 min, peak GPU memory 0.7 of 15.6 GB
--------------------------------------------------------------------------------
[band1] Running disk_epipolar
DISK: Loading epipolar model...
disk: Initializing LightGlue {'filter_threshold': 0.1, 'depth_confidence': 0.95, 'width_confidence': 0.99}...
Loaded LightGlue model
[Coarse] pair 2: no reliable coarse offset (matcher: no matches; phasecorr: {'dx': 12574.81863509712, 'dy': -4254.296899816302, 'support': None, 'n': None, 'peak': 0.022171562748190796}); windows compared in place
[Coarse] pair 4: no reliable coarse offset (matcher: no matches; phasecorr: {'dx': -12384.074490808596, 'dy': -1224.9559256777015, 'support': None, 'n': None, 'peak': 0.028621533425649007}); windows compared in place
[Coarse] pair 5: no reliable coarse offset (matcher: no matches; phasecorr: {'dx': -12498.015398455027, 'dy': -1389.0155843820758, 'support': None, 'n': None, 'peak': 0.02882188277244568}); windows compared in place
[Coarse] pair 9: no reliable coarse offset (matcher: no matches; phasecorr: {'dx': 3042.052254335612, 'dy': 5076.0958523434165, 'support': None, 'n': None, 'peak': -0.10839922587076822}); windows compared in place
[Coarse] pair 10: no reliable coarse offset (matcher: {'dx': 1575.0, 'dy': 7875.0, 'support': 3, 'n': 4, 'peak': None}; phasecorr: {'dx': -15791.779157239504, 'dy': -27484.73946603707, 'support': None, 'n': None, 'peak': 0.0061897425567386324}); windows compared in place
[Coarse] pair 12: no reliable coarse offset (matcher: {'dx': -787.5, 'dy': 7245.0, 'support': 2, 'n': 4, 'peak': None}; phasecorr: {'dx': -13536.498852975745, 'dy': 7947.8626155329175, 'support': None, 'n': None, 'peak': 0.014224803613733362}); windows compared in place
[Coarse] pair 17: no reliable coarse offset (matcher: no matches; phasecorr: {'dx': -66083.54744225116, 'dy': 13836.37775522828, 'support': None, 'n': None, 'peak': 0.011340649922688802}); windows compared in place
[Coarse] pair 23: no reliable coarse offset (matcher: no matches; phasecorr: {'dx': 10626.331712949788, 'dy': 44081.26459194447, 'support': None, 'n': None, 'peak': 0.022681387839493927}); windows compared in place
[Coarse] pair 24: no reliable coarse offset (matcher: no matches; phasecorr: {'dx': -39044.25959720116, 'dy': 27033.45669197513, 'support': None, 'n': None, 'peak': 0.018840152319566702}); windows compared in place
[Coarse] pair 25: no reliable coarse offset (matcher: no matches; phasecorr: {'dx': -2967.3494804437037, 'dy': 31502.918072714525, 'support': None, 'n': None, 'peak': 0.017951171412880038}); windows compared in place
[Coarse] pair 1: phase correlation gave dE=11055 m dN=4646 m, 10.4 km from every offset the matcher measured; using pair 11's (dE=1102 m dN=7718 m)
[Coarse] pair 3: phase correlation gave dE=435 m dN=-3096 m, 10.4 km from every offset the matcher measured; using pair 11's (dE=1102 m dN=7718 m)
[Coarse] pair 6: phase correlation gave dE=-12273 m dN=-1453 m, 14.0 km from every offset the matcher measured; using pair 11's (dE=1102 m dN=7718 m)
[Coarse] pair 13: phase correlation gave dE=1721 m dN=-10079 m, 17.5 km from every offset the matcher measured; using pair 11's (dE=1102 m dN=7718 m)
[Coarse] pair 14: phase correlation gave dE=-2888 m dN=-8958 m, 16.3 km from every offset the matcher measured; using pair 11's (dE=1102 m dN=7718 m)
[Coarse] pair 18: phase correlation gave dE=-752 m dN=-6939 m, 14.2 km from every offset the matcher measured; using pair 16's (dE=-945 m dN=7245 m)
[Coarse] pair 19: phase correlation gave dE=-28033 m dN=-3217 m, 28.7 km from every offset the matcher measured; using pair 16's (dE=-945 m dN=7245 m)
[Coarse] pair 20: phase correlation gave dE=-21837 m dN=-4782 m, 23.8 km from every offset the matcher measured; using pair 16's (dE=-945 m dN=7245 m)
[Coarse] pair 21: phase correlation gave dE=-2511 m dN=-8880 m, 16.2 km from every offset the matcher measured; using pair 16's (dE=-945 m dN=7245 m)
[Coarse] pair 22: phase correlation gave dE=-12201 m dN=-19785 m, 29.2 km from every offset the matcher measured; using pair 16's (dE=-945 m dN=7245 m)
[Coarse] disk_epipolar pair 1: dE=1102.5 m dN=7717.5 m (from-pair-11 (phasecorr disagreed), support=None, peak=0.04583818592407085) 
disk_epipolar: Processing pair 1 from disk...
disk_epipolar: 5 match-sets in 0.42s
[Coarse] disk_epipolar pair 2: dE=1102.5 m dN=7717.5 m (from-pair-3, support=None, peak=None) 
disk_epipolar: Processing pair 2 from disk...
disk_epipolar: 4 match-sets in 0.52s
[Coarse] disk_epipolar pair 3: dE=1102.5 m dN=7717.5 m (from-pair-11 (phasecorr disagreed), support=None, peak=0.05141784302982283) 
disk_epipolar: Processing pair 3 from disk...
disk_epipolar: 4 match-sets in 0.41s
[Coarse] disk_epipolar pair 4: dE=1102.5 m dN=7717.5 m (from-pair-6, support=None, peak=None) 
disk_epipolar: Processing pair 4 from disk...
disk_epipolar: 4 match-sets in 0.35s
[Coarse] disk_epipolar pair 5: dE=1102.5 m dN=7717.5 m (from-pair-6, support=None, peak=None) 
disk_epipolar: Processing pair 5 from disk...
disk_epipolar: 4 match-sets in 0.35s
[Coarse] disk_epipolar pair 6: dE=1102.5 m dN=7717.5 m (from-pair-11 (phasecorr disagreed), support=None, peak=0.034774091529846195) 
disk_epipolar: Processing pair 6 from disk...
disk_epipolar: 4 match-sets in 0.45s
[Coarse] disk_epipolar pair 7: dE=-75.1 m dN=5172.3 m (phasecorr@315m, support=None, peak=0.3776031465883608) 
disk_epipolar: Processing pair 7 from disk...
disk_epipolar: 0 match-sets in 0.00s
[Coarse] disk_epipolar pair 8: dE=-1852.3 m dN=5084.1 m (phasecorr@315m, support=None, peak=0.2714075272878011) 
disk_epipolar: Processing pair 8 from disk...
disk_epipolar: 0 match-sets in 0.00s
[Coarse] disk_epipolar pair 9: dE=-75.1 m dN=5172.3 m (from-pair-7, support=None, peak=None) 
disk_epipolar: Processing pair 9 from disk...
disk_epipolar: 0 match-sets in 0.00s
[Coarse] disk_epipolar pair 10: dE=1102.5 m dN=7717.5 m (from-pair-11, support=None, peak=None) 
disk_epipolar: Processing pair 10 from disk...
disk_epipolar: 4 match-sets in 1.54s
[Coarse] disk_epipolar pair 11: dE=1102.5 m dN=7717.5 m (matcher@315m, support=8, peak=None) field 1x1 cells, dE 1102..1102 m, dN 7718..7718 m, 0 filled
disk_epipolar: Processing pair 11 from disk...
disk_epipolar: 5 match-sets in 1.53s
[Coarse] disk_epipolar pair 12: dE=1102.5 m dN=7717.5 m (from-pair-11, support=None, peak=None) 
disk_epipolar: Processing pair 12 from disk...
disk_epipolar: 4 match-sets in 0.99s
[Coarse] disk_epipolar pair 13: dE=1102.5 m dN=7717.5 m (from-pair-11 (phasecorr disagreed), support=None, peak=0.24878289219405916) 
disk_epipolar: Processing pair 13 from disk...
disk_epipolar: 0 match-sets in 0.00s
[Coarse] disk_epipolar pair 14: dE=1102.5 m dN=7717.5 m (from-pair-11 (phasecorr disagreed), support=None, peak=0.35633478768997723) 
disk_epipolar: Processing pair 14 from disk...
disk_epipolar: 0 match-sets in 0.00s
[Coarse] disk_epipolar pair 15: dE=-1260.0 m dN=7245.0 m (matcher@315m, support=213, peak=None) field 1x1 cells, dE -1260..-1260 m, dN 7245..7245 m, 0 filled
disk_epipolar: Processing pair 15 from disk...
disk_epipolar: 6 match-sets in 1.61s
[Coarse] disk_epipolar pair 16: dE=-945.0 m dN=7245.0 m (matcher@315m, support=218, peak=None) field 1x1 cells, dE -945..-945 m, dN 7245..7245 m, 0 filled
disk_epipolar: Processing pair 16 from disk...
disk_epipolar: 6 match-sets in 1.60s
[Coarse] disk_epipolar pair 17: dE=-945.0 m dN=7245.0 m (from-pair-16, support=None, peak=None) 
disk_epipolar: Processing pair 17 from disk...
disk_epipolar: 4 match-sets in 1.00s
[Coarse] disk_epipolar pair 18: dE=-945.0 m dN=7245.0 m (from-pair-16 (phasecorr disagreed), support=None, peak=0.2454520107269287) 
disk_epipolar: Processing pair 18 from disk...
disk_epipolar: 0 match-sets in 0.00s
[Coarse] disk_epipolar pair 19: dE=-945.0 m dN=7245.0 m (from-pair-16 (phasecorr disagreed), support=None, peak=0.11735943231582642) 
disk_epipolar: Processing pair 19 from disk...
disk_epipolar: 0 match-sets in 0.00s
[Coarse] disk_epipolar pair 20: dE=-945.0 m dN=7245.0 m (from-pair-16 (phasecorr disagreed), support=None, peak=0.04500516567230225) 
disk_epipolar: Processing pair 20 from disk...
disk_epipolar: 0 match-sets in 0.00s
[Coarse] disk_epipolar pair 21: dE=-945.0 m dN=7245.0 m (from-pair-16 (phasecorr disagreed), support=None, peak=0.03828669300079346) 
disk_epipolar: Processing pair 21 from disk...
disk_epipolar: 0 match-sets in 0.00s
[Coarse] disk_epipolar pair 22: dE=-945.0 m dN=7245.0 m (from-pair-16 (phasecorr disagreed), support=None, peak=0.04219192933153223) 
disk_epipolar: Processing pair 22 from disk...
disk_epipolar: 4 match-sets in 1.05s
[Coarse] disk_epipolar pair 23: dE=-945.0 m dN=7245.0 m (from-pair-22, support=None, peak=None) 
disk_epipolar: Processing pair 23 from disk...
disk_epipolar: 4 match-sets in 1.09s
[Coarse] disk_epipolar pair 24: dE=-945.0 m dN=7245.0 m (from-pair-22, support=None, peak=None) 
disk_epipolar: Processing pair 24 from disk...
disk_epipolar: 3 match-sets in 0.53s
[Coarse] disk_epipolar pair 25: dE=-945.0 m dN=7245.0 m (from-pair-22, support=None, peak=None) 
disk_epipolar: Processing pair 25 from disk...
disk_epipolar: 5 match-sets in 0.54s
Saved:
 CHIP_STATS_ALL.csv
 CHIP_STATS_SURVIVORS.csv
 CONSENSUS_SCORES.csv
 BEST_CHIP_SET.csv
 BEST_CHIP_MANIFEST.csv
 BEST_FINAL_SUMMARY.csv
[band1] disk_epipolar ok in 0.3 min, peak GPU memory 0.7 of 15.6 GB
--------------------------------------------------------------------------------
[band1] Running dedode_L-upright_B-upright
DeDoDe: Loading L-upright/B-upright...
dedode: Initializing LightGlue {'filter_threshold': 0.1, 'depth_confidence': 0.95, 'width_confidence': 0.99}...
Loaded LightGlue model
[Coarse] pair 2: no reliable coarse offset (matcher: no matches; phasecorr: {'dx': 12574.81863509712, 'dy': -4254.296899816302, 'support': None, 'n': None, 'peak': 0.022171562748190796}); windows compared in place
[Coarse] pair 4: no reliable coarse offset (matcher: no matches; phasecorr: {'dx': -12384.074490808596, 'dy': -1224.9559256777015, 'support': None, 'n': None, 'peak': 0.028621533425649007}); windows compared in place
[Coarse] pair 5: no reliable coarse offset (matcher: no matches; phasecorr: {'dx': -12498.015398455027, 'dy': -1389.0155843820758, 'support': None, 'n': None, 'peak': 0.02882188277244568}); windows compared in place
[Coarse] pair 9: no reliable coarse offset (matcher: no matches; phasecorr: {'dx': 3042.052254335612, 'dy': 5076.0958523434165, 'support': None, 'n': None, 'peak': -0.10839922587076822}); windows compared in place
[Coarse] pair 10: no reliable coarse offset (matcher: no matches; phasecorr: {'dx': -15791.779157239504, 'dy': -27484.73946603707, 'support': None, 'n': None, 'peak': 0.0061897425567386324}); windows compared in place
[Coarse] pair 11: no reliable coarse offset (matcher: no matches; phasecorr: {'dx': 848.0603845427108, 'dy': 31371.840712601417, 'support': None, 'n': None, 'peak': 0.01344987770749463}); windows compared in place
[Coarse] pair 12: no reliable coarse offset (matcher: no matches; phasecorr: {'dx': -13536.498852975745, 'dy': 7947.8626155329175, 'support': None, 'n': None, 'peak': 0.014224803613733362}); windows compared in place
[Coarse] pair 15: no reliable coarse offset (matcher: no matches; phasecorr: {'dx': -41182.32612775494, 'dy': -16523.509648524217, 'support': None, 'n': None, 'peak': -0.0012744354870584276}); windows compared in place
[Coarse] pair 16: no reliable coarse offset (matcher: no matches; phasecorr: {'dx': -56750.43968732177, 'dy': -48622.98248381368, 'support': None, 'n': None, 'peak': -0.008618614276250203}); windows compared in place
[Coarse] pair 17: no reliable coarse offset (matcher: no matches; phasecorr: {'dx': -66083.54744225116, 'dy': 13836.37775522828, 'support': None, 'n': None, 'peak': 0.011340649922688802}); windows compared in place
[Coarse] pair 23: no reliable coarse offset (matcher: no matches; phasecorr: {'dx': 10626.331712949788, 'dy': 44081.26459194447, 'support': None, 'n': None, 'peak': 0.022681387839493927}); windows compared in place
[Coarse] pair 24: no reliable coarse offset (matcher: no matches; phasecorr: {'dx': -39044.25959720116, 'dy': 27033.45669197513, 'support': None, 'n': None, 'peak': 0.018840152319566702}); windows compared in place
[Coarse] pair 25: no reliable coarse offset (matcher: no matches; phasecorr: {'dx': -2967.3494804437037, 'dy': 31502.918072714525, 'support': None, 'n': None, 'peak': 0.017951171412880038}); windows compared in place
[Coarse] WARNING: dedode_L-upright_B-upright: the pairs' coarse offsets differ by up to 39 km, more than one image moves from place to place. Pairs with a wrong offset match the wrong ground (the chip consensus drops them when they are few); if most pairs disagree, check the input's pixel size and window size.
[Coarse] dedode_L-upright_B-upright pair 1: dE=11055.1 m dN=4645.5 m (phasecorr@315m, support=None, peak=0.04583818592407085) field 1x1 cells, dE 2522..2522 m, dN 4039..4039 m, 0 filled
dedode_L-upright_B-upright: Processing pair 1 from disk...
dedode_L-upright_B-upright: 5 match-sets in 1.18s
[Coarse] dedode_L-upright_B-upright pair 2: dE=2565.5 m dN=1954.8 m (from-pair-3, support=None, peak=None) 
dedode_L-upright_B-upright: Processing pair 2 from disk...
dedode_L-upright_B-upright: 5 match-sets in 0.82s
[Coarse] dedode_L-upright_B-upright pair 3: dE=434.6 m dN=-3095.9 m (phasecorr@315m, support=None, peak=0.05141784302982283) field 1x1 cells, dE 2566..2566 m, dN 1955..1955 m, 0 filled
dedode_L-upright_B-upright: Processing pair 3 from disk...
dedode_L-upright_B-upright: 5 match-sets in 1.14s
[Coarse] dedode_L-upright_B-upright pair 4: dE=-3950.6 m dN=-7351.1 m (from-pair-6, support=None, peak=None) 
dedode_L-upright_B-upright: Processing pair 4 from disk...
dedode_L-upright_B-upright: 5 match-sets in 1.04s
[Coarse] dedode_L-upright_B-upright pair 5: dE=-3950.6 m dN=-7351.1 m (from-pair-6, support=None, peak=None) 
dedode_L-upright_B-upright: Processing pair 5 from disk...
dedode_L-upright_B-upright: 5 match-sets in 0.69s
[Coarse] dedode_L-upright_B-upright pair 6: dE=-12272.5 m dN=-1453.1 m (phasecorr@315m, support=None, peak=0.034774091529846195) field 1x1 cells, dE -3951..-3951 m, dN -7351..-7351 m, 0 filled
dedode_L-upright_B-upright: Processing pair 6 from disk...
dedode_L-upright_B-upright: 5 match-sets in 0.70s
[Coarse] dedode_L-upright_B-upright pair 7: dE=-75.1 m dN=5172.3 m (phasecorr@315m, support=None, peak=0.3776031465883608) 
dedode_L-upright_B-upright: Processing pair 7 from disk...
dedode_L-upright_B-upright: 0 match-sets in 0.00s
[Coarse] dedode_L-upright_B-upright pair 8: dE=-1852.3 m dN=5084.1 m (phasecorr@315m, support=None, peak=0.2714075272878011) 
dedode_L-upright_B-upright: Processing pair 8 from disk...
dedode_L-upright_B-upright: 0 match-sets in 0.00s
[Coarse] dedode_L-upright_B-upright pair 9: dE=-75.1 m dN=5172.3 m (from-pair-7, support=None, peak=None) 
dedode_L-upright_B-upright: Processing pair 9 from disk...
dedode_L-upright_B-upright: 0 match-sets in 0.00s
[Coarse] dedode_L-upright_B-upright pair 10: dE=2522.1 m dN=4039.4 m (from-pair-1, support=None, peak=None) 
dedode_L-upright_B-upright: Processing pair 10 from disk...
dedode_L-upright_B-upright: 5 match-sets in 4.90s
[Coarse] dedode_L-upright_B-upright pair 11: dE=2522.1 m dN=4039.4 m (from-pair-1, support=None, peak=None) 
dedode_L-upright_B-upright: Processing pair 11 from disk...
dedode_L-upright_B-upright: 5 match-sets in 4.09s
[Coarse] dedode_L-upright_B-upright pair 12: dE=-3950.6 m dN=-7351.1 m (from-pair-6, support=None, peak=None) 
dedode_L-upright_B-upright: Processing pair 12 from disk...
dedode_L-upright_B-upright: 6 match-sets in 2.49s
[Coarse] dedode_L-upright_B-upright pair 13: dE=1721.5 m dN=-10079.3 m (phasecorr@315m, support=None, peak=0.24878289219405916) field 1x1 cells, dE 2629..2629 m, dN -9631..-9631 m, 0 filled
dedode_L-upright_B-upright: Processing pair 13 from disk...
dedode_L-upright_B-upright: 0 match-sets in 0.00s
[Coarse] dedode_L-upright_B-upright pair 14: dE=-2887.9 m dN=-8958.2 m (phasecorr@315m, support=None, peak=0.35633478768997723) field 1x1 cells, dE -2930..-2930 m, dN -9091..-9091 m, 0 filled
dedode_L-upright_B-upright: Processing pair 14 from disk...
dedode_L-upright_B-upright: 0 match-sets in 0.00s
[Coarse] dedode_L-upright_B-upright pair 15: dE=-4370.5 m dN=-8474.7 m (from-pair-21, support=None, peak=None) 
dedode_L-upright_B-upright: Processing pair 15 from disk...
dedode_L-upright_B-upright: 5 match-sets in 4.30s
[Coarse] dedode_L-upright_B-upright pair 16: dE=-4370.5 m dN=-8474.7 m (from-pair-21, support=None, peak=None) 
dedode_L-upright_B-upright: Processing pair 16 from disk...
dedode_L-upright_B-upright: 5 match-sets in 4.02s
[Coarse] dedode_L-upright_B-upright pair 17: dE=-12201.1 m dN=-19785.2 m (from-pair-22, support=None, peak=None) 
dedode_L-upright_B-upright: Processing pair 17 from disk...
dedode_L-upright_B-upright: 5 match-sets in 2.17s
[Coarse] dedode_L-upright_B-upright pair 18: dE=-752.2 m dN=-6939.3 m (phasecorr@315m, support=None, peak=0.2454520107269287) field 1x1 cells, dE -1065..-1065 m, dN -6975..-6975 m, 0 filled
dedode_L-upright_B-upright: Processing pair 18 from disk...
dedode_L-upright_B-upright: 0 match-sets in 0.00s
[Coarse] dedode_L-upright_B-upright pair 19: dE=-28033.4 m dN=-3216.7 m (phasecorr@315m, support=None, peak=0.11735943231582642) 
dedode_L-upright_B-upright: Processing pair 19 from disk...
dedode_L-upright_B-upright: 0 match-sets in 0.00s
[Coarse] dedode_L-upright_B-upright pair 20: dE=-21836.5 m dN=-4781.8 m (phasecorr@315m, support=None, peak=0.04500516567230225) 
dedode_L-upright_B-upright: Processing pair 20 from disk...
dedode_L-upright_B-upright: 0 match-sets in 0.00s
[Coarse] dedode_L-upright_B-upright pair 21: dE=-2511.3 m dN=-8879.5 m (phasecorr@315m, support=None, peak=0.03828669300079346) field 1x1 cells, dE -4371..-4371 m, dN -8475..-8475 m, 0 filled
dedode_L-upright_B-upright: Processing pair 21 from disk...
dedode_L-upright_B-upright: 0 match-sets in 0.00s
[Coarse] dedode_L-upright_B-upright pair 22: dE=-12201.1 m dN=-19785.2 m (phasecorr@315m, support=None, peak=0.04219192933153223) 
dedode_L-upright_B-upright: Processing pair 22 from disk...
dedode_L-upright_B-upright: 4 match-sets in 2.78s
[Coarse] dedode_L-upright_B-upright pair 23: dE=-12201.1 m dN=-19785.2 m (from-pair-22, support=None, peak=None) 
dedode_L-upright_B-upright: Processing pair 23 from disk...
dedode_L-upright_B-upright: 4 match-sets in 2.19s
[Coarse] dedode_L-upright_B-upright pair 24: dE=-12201.1 m dN=-19785.2 m (from-pair-22, support=None, peak=None) 
dedode_L-upright_B-upright: Processing pair 24 from disk...
dedode_L-upright_B-upright: 4 match-sets in 1.24s
[Coarse] dedode_L-upright_B-upright pair 25: dE=-12201.1 m dN=-19785.2 m (from-pair-22, support=None, peak=None) 
dedode_L-upright_B-upright: Processing pair 25 from disk...
dedode_L-upright_B-upright: 4 match-sets in 0.88s
Saved:
 CHIP_STATS_ALL.csv
 CHIP_STATS_SURVIVORS.csv
 CONSENSUS_SCORES.csv
 BEST_CHIP_SET.csv
 BEST_CHIP_MANIFEST.csv
 BEST_FINAL_SUMMARY.csv
[band1] dedode_L-upright_B-upright ok in 1.0 min, peak GPU memory 11.5 of 15.6 GB
--------------------------------------------------------------------------------
[band1] Running dedode_L-upright_B-C4
DeDoDe: Loading L-upright/B-C4...
dedode: Initializing LightGlue {'filter_threshold': 0.1, 'depth_confidence': 0.95, 'width_confidence': 0.99}...
Loaded LightGlue model
[Coarse] pair 2: no reliable coarse offset (matcher: no matches; phasecorr: {'dx': 12574.81863509712, 'dy': -4254.296899816302, 'support': None, 'n': None, 'peak': 0.022171562748190796}); windows compared in place
[Coarse] pair 4: no reliable coarse offset (matcher: no matches; phasecorr: {'dx': -12384.074490808596, 'dy': -1224.9559256777015, 'support': None, 'n': None, 'peak': 0.028621533425649007}); windows compared in place
[Coarse] pair 5: no reliable coarse offset (matcher: no matches; phasecorr: {'dx': -12498.015398455027, 'dy': -1389.0155843820758, 'support': None, 'n': None, 'peak': 0.02882188277244568}); windows compared in place
[Coarse] pair 9: no reliable coarse offset (matcher: no matches; phasecorr: {'dx': 3042.052254335612, 'dy': 5076.0958523434165, 'support': None, 'n': None, 'peak': -0.10839922587076822}); windows compared in place
[Coarse] pair 10: no reliable coarse offset (matcher: no matches; phasecorr: {'dx': -15791.779157239504, 'dy': -27484.73946603707, 'support': None, 'n': None, 'peak': 0.0061897425567386324}); windows compared in place
[Coarse] pair 11: no reliable coarse offset (matcher: no matches; phasecorr: {'dx': 848.0603845427108, 'dy': 31371.840712601417, 'support': None, 'n': None, 'peak': 0.01344987770749463}); windows compared in place
[Coarse] pair 12: no reliable coarse offset (matcher: {'dx': -944.9915885925293, 'dy': 7245.001201629639, 'support': 4, 'n': 4, 'peak': None}; phasecorr: {'dx': -13536.498852975745, 'dy': 7947.8626155329175, 'support': None, 'n': None, 'peak': 0.014224803613733362}); windows compared in place
[Coarse] pair 15: no reliable coarse offset (matcher: no matches; phasecorr: {'dx': -41182.32612775494, 'dy': -16523.509648524217, 'support': None, 'n': None, 'peak': -0.0012744354870584276}); windows compared in place
[Coarse] pair 16: no reliable coarse offset (matcher: no matches; phasecorr: {'dx': -56750.43968732177, 'dy': -48622.98248381368, 'support': None, 'n': None, 'peak': -0.008618614276250203}); windows compared in place
[Coarse] pair 17: no reliable coarse offset (matcher: no matches; phasecorr: {'dx': -66083.54744225116, 'dy': 13836.37775522828, 'support': None, 'n': None, 'peak': 0.011340649922688802}); windows compared in place
[Coarse] pair 23: no reliable coarse offset (matcher: no matches; phasecorr: {'dx': 10626.331712949788, 'dy': 44081.26459194447, 'support': None, 'n': None, 'peak': 0.022681387839493927}); windows compared in place
[Coarse] pair 24: no reliable coarse offset (matcher: no matches; phasecorr: {'dx': -39044.25959720116, 'dy': 27033.45669197513, 'support': None, 'n': None, 'peak': 0.018840152319566702}); windows compared in place
[Coarse] pair 25: no reliable coarse offset (matcher: no matches; phasecorr: {'dx': -2967.3494804437037, 'dy': 31502.918072714525, 'support': None, 'n': None, 'peak': 0.017951171412880038}); windows compared in place
[Coarse] WARNING: dedode_L-upright_B-C4: the pairs' coarse offsets differ by up to 39 km, more than one image moves from place to place. Pairs with a wrong offset match the wrong ground (the chip consensus drops them when they are few); if most pairs disagree, check the input's pixel size and window size.
[Coarse] dedode_L-upright_B-C4 pair 1: dE=11055.1 m dN=4645.5 m (phasecorr@315m, support=None, peak=0.04583818592407085) field 1x1 cells, dE 2522..2522 m, dN 4039..4039 m, 0 filled
dedode_L-upright_B-C4: Processing pair 1 from disk...
dedode_L-upright_B-C4: 4 match-sets in 0.81s
[Coarse] dedode_L-upright_B-C4 pair 2: dE=2565.5 m dN=1954.8 m (from-pair-3, support=None, peak=None) 
dedode_L-upright_B-C4: Processing pair 2 from disk...
dedode_L-upright_B-C4: 5 match-sets in 0.78s
[Coarse] dedode_L-upright_B-C4 pair 3: dE=434.6 m dN=-3095.9 m (phasecorr@315m, support=None, peak=0.05141784302982283) field 1x1 cells, dE 2566..2566 m, dN 1955..1955 m, 0 filled
dedode_L-upright_B-C4: Processing pair 3 from disk...
dedode_L-upright_B-C4: 5 match-sets in 0.77s
[Coarse] dedode_L-upright_B-C4 pair 4: dE=-3950.6 m dN=-7351.1 m (from-pair-6, support=None, peak=None) 
dedode_L-upright_B-C4: Processing pair 4 from disk...
dedode_L-upright_B-C4: 5 match-sets in 0.67s
[Coarse] dedode_L-upright_B-C4 pair 5: dE=-3950.6 m dN=-7351.1 m (from-pair-6, support=None, peak=None) 
dedode_L-upright_B-C4: Processing pair 5 from disk...
dedode_L-upright_B-C4: 5 match-sets in 0.67s
[Coarse] dedode_L-upright_B-C4 pair 6: dE=-12272.5 m dN=-1453.1 m (phasecorr@315m, support=None, peak=0.034774091529846195) field 1x1 cells, dE -3951..-3951 m, dN -7351..-7351 m, 0 filled
dedode_L-upright_B-C4: Processing pair 6 from disk...
dedode_L-upright_B-C4: 4 match-sets in 0.68s
[Coarse] dedode_L-upright_B-C4 pair 7: dE=-75.1 m dN=5172.3 m (phasecorr@315m, support=None, peak=0.3776031465883608) 
dedode_L-upright_B-C4: Processing pair 7 from disk...
dedode_L-upright_B-C4: 0 match-sets in 0.00s
[Coarse] dedode_L-upright_B-C4 pair 8: dE=-1852.3 m dN=5084.1 m (phasecorr@315m, support=None, peak=0.2714075272878011) 
dedode_L-upright_B-C4: Processing pair 8 from disk...
dedode_L-upright_B-C4: 0 match-sets in 0.00s
[Coarse] dedode_L-upright_B-C4 pair 9: dE=-75.1 m dN=5172.3 m (from-pair-7, support=None, peak=None) 
dedode_L-upright_B-C4: Processing pair 9 from disk...
dedode_L-upright_B-C4: 0 match-sets in 0.00s
[Coarse] dedode_L-upright_B-C4 pair 10: dE=2522.1 m dN=4039.4 m (from-pair-1, support=None, peak=None) 
dedode_L-upright_B-C4: Processing pair 10 from disk...
dedode_L-upright_B-C4: 5 match-sets in 4.04s
[Coarse] dedode_L-upright_B-C4 pair 11: dE=2522.1 m dN=4039.4 m (from-pair-1, support=None, peak=None) 
dedode_L-upright_B-C4: Processing pair 11 from disk...
dedode_L-upright_B-C4: 5 match-sets in 4.09s
[Coarse] dedode_L-upright_B-C4 pair 12: dE=-3950.6 m dN=-7351.1 m (from-pair-6, support=None, peak=None) 
dedode_L-upright_B-C4: Processing pair 12 from disk...
dedode_L-upright_B-C4: 7 match-sets in 1.92s
[Coarse] dedode_L-upright_B-C4 pair 13: dE=1721.5 m dN=-10079.3 m (phasecorr@315m, support=None, peak=0.24878289219405916) field 1x1 cells, dE 2629..2629 m, dN -9631..-9631 m, 0 filled
dedode_L-upright_B-C4: Processing pair 13 from disk...
dedode_L-upright_B-C4: 0 match-sets in 0.00s
[Coarse] dedode_L-upright_B-C4 pair 14: dE=-2887.9 m dN=-8958.2 m (phasecorr@315m, support=None, peak=0.35633478768997723) field 1x1 cells, dE -2930..-2930 m, dN -9091..-9091 m, 0 filled
dedode_L-upright_B-C4: Processing pair 14 from disk...
dedode_L-upright_B-C4: 0 match-sets in 0.00s
[Coarse] dedode_L-upright_B-C4 pair 15: dE=-4370.5 m dN=-8474.7 m (from-pair-21, support=None, peak=None) 
dedode_L-upright_B-C4: Processing pair 15 from disk...
dedode_L-upright_B-C4: 5 match-sets in 4.15s
[Coarse] dedode_L-upright_B-C4 pair 16: dE=-4370.5 m dN=-8474.7 m (from-pair-21, support=None, peak=None) 
dedode_L-upright_B-C4: Processing pair 16 from disk...
dedode_L-upright_B-C4: 7 match-sets in 4.10s
[Coarse] dedode_L-upright_B-C4 pair 17: dE=-12201.1 m dN=-19785.2 m (from-pair-22, support=None, peak=None) 
dedode_L-upright_B-C4: Processing pair 17 from disk...
dedode_L-upright_B-C4: 5 match-sets in 1.77s
[Coarse] dedode_L-upright_B-C4 pair 18: dE=-752.2 m dN=-6939.3 m (phasecorr@315m, support=None, peak=0.2454520107269287) field 1x1 cells, dE -1065..-1065 m, dN -6975..-6975 m, 0 filled
dedode_L-upright_B-C4: Processing pair 18 from disk...
dedode_L-upright_B-C4: 0 match-sets in 0.00s
[Coarse] dedode_L-upright_B-C4 pair 19: dE=-28033.4 m dN=-3216.7 m (phasecorr@315m, support=None, peak=0.11735943231582642) 
dedode_L-upright_B-C4: Processing pair 19 from disk...
dedode_L-upright_B-C4: 0 match-sets in 0.00s
[Coarse] dedode_L-upright_B-C4 pair 20: dE=-21836.5 m dN=-4781.8 m (phasecorr@315m, support=None, peak=0.04500516567230225) 
dedode_L-upright_B-C4: Processing pair 20 from disk...
dedode_L-upright_B-C4: 0 match-sets in 0.00s
[Coarse] dedode_L-upright_B-C4 pair 21: dE=-2511.3 m dN=-8879.5 m (phasecorr@315m, support=None, peak=0.03828669300079346) field 1x1 cells, dE -4371..-4371 m, dN -8475..-8475 m, 0 filled
dedode_L-upright_B-C4: Processing pair 21 from disk...
dedode_L-upright_B-C4: 0 match-sets in 0.00s
[Coarse] dedode_L-upright_B-C4 pair 22: dE=-12201.1 m dN=-19785.2 m (phasecorr@315m, support=None, peak=0.04219192933153223) 
dedode_L-upright_B-C4: Processing pair 22 from disk...
dedode_L-upright_B-C4: 4 match-sets in 2.11s
[Coarse] dedode_L-upright_B-C4 pair 23: dE=-12201.1 m dN=-19785.2 m (from-pair-22, support=None, peak=None) 
dedode_L-upright_B-C4: Processing pair 23 from disk...
dedode_L-upright_B-C4: 4 match-sets in 2.10s
[Coarse] dedode_L-upright_B-C4 pair 24: dE=-12201.1 m dN=-19785.2 m (from-pair-22, support=None, peak=None) 
dedode_L-upright_B-C4: Processing pair 24 from disk...
dedode_L-upright_B-C4: 4 match-sets in 0.84s
[Coarse] dedode_L-upright_B-C4 pair 25: dE=-12201.1 m dN=-19785.2 m (from-pair-22, support=None, peak=None) 
dedode_L-upright_B-C4: Processing pair 25 from disk...
dedode_L-upright_B-C4: 4 match-sets in 0.85s
Saved:
 CHIP_STATS_ALL.csv
 CHIP_STATS_SURVIVORS.csv
 CONSENSUS_SCORES.csv
 BEST_CHIP_SET.csv
 BEST_CHIP_MANIFEST.csv
 BEST_FINAL_SUMMARY.csv
[band1] dedode_L-upright_B-C4 ok in 0.8 min, peak GPU memory 10.9 of 15.6 GB
--------------------------------------------------------------------------------
[band1] Running dedode_L-C4_B-upright
DeDoDe: Loading L-C4/B-upright...
dedode: Initializing LightGlue {'filter_threshold': 0.1, 'depth_confidence': 0.95, 'width_confidence': 0.99}...
Loaded LightGlue model
[Coarse] pair 2: no reliable coarse offset (matcher: no matches; phasecorr: {'dx': 12574.81863509712, 'dy': -4254.296899816302, 'support': None, 'n': None, 'peak': 0.022171562748190796}); windows compared in place
[Coarse] pair 4: no reliable coarse offset (matcher: no matches; phasecorr: {'dx': -12384.074490808596, 'dy': -1224.9559256777015, 'support': None, 'n': None, 'peak': 0.028621533425649007}); windows compared in place
[Coarse] pair 5: no reliable coarse offset (matcher: no matches; phasecorr: {'dx': -12498.015398455027, 'dy': -1389.0155843820758, 'support': None, 'n': None, 'peak': 0.02882188277244568}); windows compared in place
[Coarse] pair 9: no reliable coarse offset (matcher: no matches; phasecorr: {'dx': 3042.052254335612, 'dy': 5076.0958523434165, 'support': None, 'n': None, 'peak': -0.10839922587076822}); windows compared in place
[Coarse] pair 10: no reliable coarse offset (matcher: no matches; phasecorr: {'dx': -15791.779157239504, 'dy': -27484.73946603707, 'support': None, 'n': None, 'peak': 0.0061897425567386324}); windows compared in place
[Coarse] pair 11: no reliable coarse offset (matcher: no matches; phasecorr: {'dx': 848.0603845427108, 'dy': 31371.840712601417, 'support': None, 'n': None, 'peak': 0.01344987770749463}); windows compared in place
[Coarse] pair 12: no reliable coarse offset (matcher: {'dx': -1259.9975967407227, 'dy': 7875.0, 'support': 3, 'n': 3, 'peak': None}; phasecorr: {'dx': -13536.498852975745, 'dy': 7947.8626155329175, 'support': None, 'n': None, 'peak': 0.014224803613733362}); windows compared in place
[Coarse] pair 15: no reliable coarse offset (matcher: no matches; phasecorr: {'dx': -41182.32612775494, 'dy': -16523.509648524217, 'support': None, 'n': None, 'peak': -0.0012744354870584276}); windows compared in place
[Coarse] pair 16: no reliable coarse offset (matcher: no matches; phasecorr: {'dx': -56750.43968732177, 'dy': -48622.98248381368, 'support': None, 'n': None, 'peak': -0.008618614276250203}); windows compared in place
[Coarse] pair 17: no reliable coarse offset (matcher: no matches; phasecorr: {'dx': -66083.54744225116, 'dy': 13836.37775522828, 'support': None, 'n': None, 'peak': 0.011340649922688802}); windows compared in place
[Coarse] pair 23: no reliable coarse offset (matcher: no matches; phasecorr: {'dx': 10626.331712949788, 'dy': 44081.26459194447, 'support': None, 'n': None, 'peak': 0.022681387839493927}); windows compared in place
[Coarse] pair 24: no reliable coarse offset (matcher: no matches; phasecorr: {'dx': -39044.25959720116, 'dy': 27033.45669197513, 'support': None, 'n': None, 'peak': 0.018840152319566702}); windows compared in place
[Coarse] pair 25: no reliable coarse offset (matcher: no matches; phasecorr: {'dx': -2967.3494804437037, 'dy': 31502.918072714525, 'support': None, 'n': None, 'peak': 0.017951171412880038}); windows compared in place
[Coarse] WARNING: dedode_L-C4_B-upright: the pairs' coarse offsets differ by up to 39 km, more than one image moves from place to place. Pairs with a wrong offset match the wrong ground (the chip consensus drops them when they are few); if most pairs disagree, check the input's pixel size and window size.
[Coarse] dedode_L-C4_B-upright pair 1: dE=11055.1 m dN=4645.5 m (phasecorr@315m, support=None, peak=0.04583818592407085) field 1x1 cells, dE 2522..2522 m, dN 4039..4039 m, 0 filled
dedode_L-C4_B-upright: Processing pair 1 from disk...
dedode_L-C4_B-upright: 5 match-sets in 0.78s
[Coarse] dedode_L-C4_B-upright pair 2: dE=2565.5 m dN=1954.8 m (from-pair-3, support=None, peak=None) 
dedode_L-C4_B-upright: Processing pair 2 from disk...
dedode_L-C4_B-upright: 5 match-sets in 0.77s
[Coarse] dedode_L-C4_B-upright pair 3: dE=434.6 m dN=-3095.9 m (phasecorr@315m, support=None, peak=0.05141784302982283) field 1x1 cells, dE 2566..2566 m, dN 1955..1955 m, 0 filled
dedode_L-C4_B-upright: Processing pair 3 from disk...
dedode_L-C4_B-upright: 5 match-sets in 0.76s
[Coarse] dedode_L-C4_B-upright pair 4: dE=-3950.6 m dN=-7351.1 m (from-pair-6, support=None, peak=None) 
dedode_L-C4_B-upright: Processing pair 4 from disk...
dedode_L-C4_B-upright: 5 match-sets in 0.66s
[Coarse] dedode_L-C4_B-upright pair 5: dE=-3950.6 m dN=-7351.1 m (from-pair-6, support=None, peak=None) 
dedode_L-C4_B-upright: Processing pair 5 from disk...
dedode_L-C4_B-upright: 5 match-sets in 0.65s
[Coarse] dedode_L-C4_B-upright pair 6: dE=-12272.5 m dN=-1453.1 m (phasecorr@315m, support=None, peak=0.034774091529846195) field 1x1 cells, dE -3951..-3951 m, dN -7351..-7351 m, 0 filled
dedode_L-C4_B-upright: Processing pair 6 from disk...
dedode_L-C4_B-upright: 4 match-sets in 0.65s
[Coarse] dedode_L-C4_B-upright pair 7: dE=-75.1 m dN=5172.3 m (phasecorr@315m, support=None, peak=0.3776031465883608) 
dedode_L-C4_B-upright: Processing pair 7 from disk...
dedode_L-C4_B-upright: 0 match-sets in 0.00s
[Coarse] dedode_L-C4_B-upright pair 8: dE=-1852.3 m dN=5084.1 m (phasecorr@315m, support=None, peak=0.2714075272878011) 
dedode_L-C4_B-upright: Processing pair 8 from disk...
dedode_L-C4_B-upright: 0 match-sets in 0.00s
[Coarse] dedode_L-C4_B-upright pair 9: dE=-75.1 m dN=5172.3 m (from-pair-7, support=None, peak=None) 
dedode_L-C4_B-upright: Processing pair 9 from disk...
dedode_L-C4_B-upright: 0 match-sets in 0.00s
[Coarse] dedode_L-C4_B-upright pair 10: dE=2522.1 m dN=4039.4 m (from-pair-1, support=None, peak=None) 
dedode_L-C4_B-upright: Processing pair 10 from disk...
dedode_L-C4_B-upright: 5 match-sets in 3.91s
[Coarse] dedode_L-C4_B-upright pair 11: dE=2522.1 m dN=4039.4 m (from-pair-1, support=None, peak=None) 
dedode_L-C4_B-upright: Processing pair 11 from disk...
dedode_L-C4_B-upright: 7 match-sets in 3.73s
[Coarse] dedode_L-C4_B-upright pair 12: dE=-3950.6 m dN=-7351.1 m (from-pair-6, support=None, peak=None) 
dedode_L-C4_B-upright: Processing pair 12 from disk...
dedode_L-C4_B-upright: 6 match-sets in 1.93s
[Coarse] dedode_L-C4_B-upright pair 13: dE=1721.5 m dN=-10079.3 m (phasecorr@315m, support=None, peak=0.24878289219405916) field 1x1 cells, dE 2629..2629 m, dN -9631..-9631 m, 0 filled
dedode_L-C4_B-upright: Processing pair 13 from disk...
dedode_L-C4_B-upright: 0 match-sets in 0.00s
[Coarse] dedode_L-C4_B-upright pair 14: dE=-2887.9 m dN=-8958.2 m (phasecorr@315m, support=None, peak=0.35633478768997723) field 1x1 cells, dE -2930..-2930 m, dN -9091..-9091 m, 0 filled
dedode_L-C4_B-upright: Processing pair 14 from disk...
dedode_L-C4_B-upright: 0 match-sets in 0.00s
[Coarse] dedode_L-C4_B-upright pair 15: dE=-4370.5 m dN=-8474.7 m (from-pair-21, support=None, peak=None) 
dedode_L-C4_B-upright: Processing pair 15 from disk...
dedode_L-C4_B-upright: 5 match-sets in 4.37s
[Coarse] dedode_L-C4_B-upright pair 16: dE=-4370.5 m dN=-8474.7 m (from-pair-21, support=None, peak=None) 
dedode_L-C4_B-upright: Processing pair 16 from disk...
dedode_L-C4_B-upright: 6 match-sets in 4.15s
[Coarse] dedode_L-C4_B-upright pair 17: dE=-12201.1 m dN=-19785.2 m (from-pair-22, support=None, peak=None) 
dedode_L-C4_B-upright: Processing pair 17 from disk...
dedode_L-C4_B-upright: 5 match-sets in 1.72s
[Coarse] dedode_L-C4_B-upright pair 18: dE=-752.2 m dN=-6939.3 m (phasecorr@315m, support=None, peak=0.2454520107269287) field 1x1 cells, dE -1065..-1065 m, dN -6975..-6975 m, 0 filled
dedode_L-C4_B-upright: Processing pair 18 from disk...
dedode_L-C4_B-upright: 0 match-sets in 0.00s
[Coarse] dedode_L-C4_B-upright pair 19: dE=-28033.4 m dN=-3216.7 m (phasecorr@315m, support=None, peak=0.11735943231582642) 
dedode_L-C4_B-upright: Processing pair 19 from disk...
dedode_L-C4_B-upright: 0 match-sets in 0.00s
[Coarse] dedode_L-C4_B-upright pair 20: dE=-21836.5 m dN=-4781.8 m (phasecorr@315m, support=None, peak=0.04500516567230225) 
dedode_L-C4_B-upright: Processing pair 20 from disk...
dedode_L-C4_B-upright: 0 match-sets in 0.00s
[Coarse] dedode_L-C4_B-upright pair 21: dE=-2511.3 m dN=-8879.5 m (phasecorr@315m, support=None, peak=0.03828669300079346) field 1x1 cells, dE -4371..-4371 m, dN -8475..-8475 m, 0 filled
dedode_L-C4_B-upright: Processing pair 21 from disk...
dedode_L-C4_B-upright: 0 match-sets in 0.00s
[Coarse] dedode_L-C4_B-upright pair 22: dE=-12201.1 m dN=-19785.2 m (phasecorr@315m, support=None, peak=0.04219192933153223) 
dedode_L-C4_B-upright: Processing pair 22 from disk...
dedode_L-C4_B-upright: 4 match-sets in 2.24s
[Coarse] dedode_L-C4_B-upright pair 23: dE=-12201.1 m dN=-19785.2 m (from-pair-22, support=None, peak=None) 
dedode_L-C4_B-upright: Processing pair 23 from disk...
dedode_L-C4_B-upright: 4 match-sets in 2.23s
[Coarse] dedode_L-C4_B-upright pair 24: dE=-12201.1 m dN=-19785.2 m (from-pair-22, support=None, peak=None) 
dedode_L-C4_B-upright: Processing pair 24 from disk...
dedode_L-C4_B-upright: 5 match-sets in 0.84s
[Coarse] dedode_L-C4_B-upright pair 25: dE=-12201.1 m dN=-19785.2 m (from-pair-22, support=None, peak=None) 
dedode_L-C4_B-upright: Processing pair 25 from disk...
dedode_L-C4_B-upright: 4 match-sets in 0.85s
Saved:
 CHIP_STATS_ALL.csv
 CHIP_STATS_SURVIVORS.csv
 CONSENSUS_SCORES.csv
 BEST_CHIP_SET.csv
 BEST_CHIP_MANIFEST.csv
 BEST_FINAL_SUMMARY.csv
[band1] dedode_L-C4_B-upright ok in 0.8 min, peak GPU memory 9.8 of 15.6 GB
--------------------------------------------------------------------------------
[band1] Running dedode_L-C4_B-C4
DeDoDe: Loading L-C4/B-C4...
dedode: Initializing LightGlue {'filter_threshold': 0.1, 'depth_confidence': 0.95, 'width_confidence': 0.99}...
Loaded LightGlue model
[Coarse] pair 2: no reliable coarse offset (matcher: no matches; phasecorr: {'dx': 12574.81863509712, 'dy': -4254.296899816302, 'support': None, 'n': None, 'peak': 0.022171562748190796}); windows compared in place
[Coarse] pair 4: no reliable coarse offset (matcher: no matches; phasecorr: {'dx': -12384.074490808596, 'dy': -1224.9559256777015, 'support': None, 'n': None, 'peak': 0.028621533425649007}); windows compared in place
[Coarse] pair 5: no reliable coarse offset (matcher: no matches; phasecorr: {'dx': -12498.015398455027, 'dy': -1389.0155843820758, 'support': None, 'n': None, 'peak': 0.02882188277244568}); windows compared in place
[Coarse] pair 9: no reliable coarse offset (matcher: no matches; phasecorr: {'dx': 3042.052254335612, 'dy': 5076.0958523434165, 'support': None, 'n': None, 'peak': -0.10839922587076822}); windows compared in place
[Coarse] pair 10: no reliable coarse offset (matcher: no matches; phasecorr: {'dx': -15791.779157239504, 'dy': -27484.73946603707, 'support': None, 'n': None, 'peak': 0.0061897425567386324}); windows compared in place
[Coarse] pair 11: no reliable coarse offset (matcher: no matches; phasecorr: {'dx': 848.0603845427108, 'dy': 31371.840712601417, 'support': None, 'n': None, 'peak': 0.01344987770749463}); windows compared in place
[Coarse] pair 15: no reliable coarse offset (matcher: no matches; phasecorr: {'dx': -41182.32612775494, 'dy': -16523.509648524217, 'support': None, 'n': None, 'peak': -0.0012744354870584276}); windows compared in place
[Coarse] pair 16: no reliable coarse offset (matcher: {'dx': -2519.9903869628906, 'dy': 6299.995193481445, 'support': 5, 'n': 6, 'peak': None}; phasecorr: {'dx': -56750.43968732177, 'dy': -48622.98248381368, 'support': None, 'n': None, 'peak': -0.008618614276250203}); windows compared in place
[Coarse] pair 17: no reliable coarse offset (matcher: no matches; phasecorr: {'dx': -66083.54744225116, 'dy': 13836.37775522828, 'support': None, 'n': None, 'peak': 0.011340649922688802}); windows compared in place
[Coarse] pair 23: no reliable coarse offset (matcher: no matches; phasecorr: {'dx': 10626.331712949788, 'dy': 44081.26459194447, 'support': None, 'n': None, 'peak': 0.022681387839493927}); windows compared in place
[Coarse] pair 24: no reliable coarse offset (matcher: no matches; phasecorr: {'dx': -39044.25959720116, 'dy': 27033.45669197513, 'support': None, 'n': None, 'peak': 0.018840152319566702}); windows compared in place
[Coarse] pair 25: no reliable coarse offset (matcher: no matches; phasecorr: {'dx': -2967.3494804437037, 'dy': 31502.918072714525, 'support': None, 'n': None, 'peak': 0.017951171412880038}); windows compared in place
[Coarse] pair 1: phase correlation gave dE=11055 m dN=4646 m, 11.7 km from every offset the matcher measured; using pair 12's (dE=-315 m dN=7560 m)
[Coarse] pair 3: phase correlation gave dE=435 m dN=-3096 m, 10.7 km from every offset the matcher measured; using pair 12's (dE=-315 m dN=7560 m)
[Coarse] pair 6: phase correlation gave dE=-12273 m dN=-1453 m, 15.0 km from every offset the matcher measured; using pair 12's (dE=-315 m dN=7560 m)
[Coarse] pair 13: phase correlation gave dE=1721 m dN=-10079 m, 17.8 km from every offset the matcher measured; using pair 12's (dE=-315 m dN=7560 m)
[Coarse] pair 14: phase correlation gave dE=-2888 m dN=-8958 m, 16.7 km from every offset the matcher measured; using pair 12's (dE=-315 m dN=7560 m)
[Coarse] pair 18: phase correlation gave dE=-752 m dN=-6939 m, 14.5 km from every offset the matcher measured; using pair 12's (dE=-315 m dN=7560 m)
[Coarse] pair 19: phase correlation gave dE=-28033 m dN=-3217 m, 29.7 km from every offset the matcher measured; using pair 12's (dE=-315 m dN=7560 m)
[Coarse] pair 20: phase correlation gave dE=-21837 m dN=-4782 m, 24.8 km from every offset the matcher measured; using pair 12's (dE=-315 m dN=7560 m)
[Coarse] pair 21: phase correlation gave dE=-2511 m dN=-8880 m, 16.6 km from every offset the matcher measured; using pair 12's (dE=-315 m dN=7560 m)
[Coarse] pair 22: phase correlation gave dE=-12201 m dN=-19785 m, 29.8 km from every offset the matcher measured; using pair 12's (dE=-315 m dN=7560 m)
[Coarse] dedode_L-C4_B-C4 pair 1: dE=-315.0 m dN=7560.0 m (from-pair-12 (phasecorr disagreed), support=None, peak=0.04583818592407085) 
dedode_L-C4_B-C4: Processing pair 1 from disk...
dedode_L-C4_B-C4: 5 match-sets in 1.17s
[Coarse] dedode_L-C4_B-C4 pair 2: dE=-315.0 m dN=7560.0 m (from-pair-3, support=None, peak=None) 
dedode_L-C4_B-C4: Processing pair 2 from disk...
dedode_L-C4_B-C4: 5 match-sets in 1.13s
[Coarse] dedode_L-C4_B-C4 pair 3: dE=-315.0 m dN=7560.0 m (from-pair-12 (phasecorr disagreed), support=None, peak=0.05141784302982283) 
dedode_L-C4_B-C4: Processing pair 3 from disk...
dedode_L-C4_B-C4: 5 match-sets in 0.77s
[Coarse] dedode_L-C4_B-C4 pair 4: dE=-315.0 m dN=7560.0 m (from-pair-6, support=None, peak=None) 
dedode_L-C4_B-C4: Processing pair 4 from disk...
dedode_L-C4_B-C4: 5 match-sets in 1.06s
[Coarse] dedode_L-C4_B-C4 pair 5: dE=-315.0 m dN=7560.0 m (from-pair-6, support=None, peak=None) 
dedode_L-C4_B-C4: Processing pair 5 from disk...
dedode_L-C4_B-C4: 5 match-sets in 0.71s
[Coarse] dedode_L-C4_B-C4 pair 6: dE=-315.0 m dN=7560.0 m (from-pair-12 (phasecorr disagreed), support=None, peak=0.034774091529846195) 
dedode_L-C4_B-C4: Processing pair 6 from disk...
dedode_L-C4_B-C4: 6 match-sets in 1.07s
[Coarse] dedode_L-C4_B-C4 pair 7: dE=-75.1 m dN=5172.3 m (phasecorr@315m, support=None, peak=0.3776031465883608) 
dedode_L-C4_B-C4: Processing pair 7 from disk...
dedode_L-C4_B-C4: 0 match-sets in 0.00s
[Coarse] dedode_L-C4_B-C4 pair 8: dE=-1852.3 m dN=5084.1 m (phasecorr@315m, support=None, peak=0.2714075272878011) 
dedode_L-C4_B-C4: Processing pair 8 from disk...
dedode_L-C4_B-C4: 0 match-sets in 0.00s
[Coarse] dedode_L-C4_B-C4 pair 9: dE=-75.1 m dN=5172.3 m (from-pair-7, support=None, peak=None) 
dedode_L-C4_B-C4: Processing pair 9 from disk...
dedode_L-C4_B-C4: 0 match-sets in 0.00s
[Coarse] dedode_L-C4_B-C4 pair 10: dE=-315.0 m dN=7560.0 m (from-pair-12, support=None, peak=None) 
dedode_L-C4_B-C4: Processing pair 10 from disk...
dedode_L-C4_B-C4: 5 match-sets in 3.66s
[Coarse] dedode_L-C4_B-C4 pair 11: dE=-315.0 m dN=7560.0 m (from-pair-12, support=None, peak=None) 
dedode_L-C4_B-C4: Processing pair 11 from disk...
dedode_L-C4_B-C4: 7 match-sets in 3.68s
[Coarse] dedode_L-C4_B-C4 pair 12: dE=-315.0 m dN=7560.0 m (matcher@315m, support=10, peak=None) field 1x1 cells, dE -315..-315 m, dN 7560..7560 m, 0 filled
dedode_L-C4_B-C4: Processing pair 12 from disk...
dedode_L-C4_B-C4: 7 match-sets in 2.31s
[Coarse] dedode_L-C4_B-C4 pair 13: dE=-315.0 m dN=7560.0 m (from-pair-12 (phasecorr disagreed), support=None, peak=0.24878289219405916) 
dedode_L-C4_B-C4: Processing pair 13 from disk...
dedode_L-C4_B-C4: 0 match-sets in 0.00s
[Coarse] dedode_L-C4_B-C4 pair 14: dE=-315.0 m dN=7560.0 m (from-pair-12 (phasecorr disagreed), support=None, peak=0.35633478768997723) 
dedode_L-C4_B-C4: Processing pair 14 from disk...
dedode_L-C4_B-C4: 0 match-sets in 0.00s
[Coarse] dedode_L-C4_B-C4 pair 15: dE=-315.0 m dN=7560.0 m (from-pair-21, support=None, peak=None) 
dedode_L-C4_B-C4: Processing pair 15 from disk...
dedode_L-C4_B-C4: 7 match-sets in 7.14s
[Coarse] dedode_L-C4_B-C4 pair 16: dE=-315.0 m dN=7560.0 m (from-pair-21, support=None, peak=None) 
dedode_L-C4_B-C4: Processing pair 16 from disk...
dedode_L-C4_B-C4: 7 match-sets in 5.68s
[Coarse] dedode_L-C4_B-C4 pair 17: dE=-315.0 m dN=7560.0 m (from-pair-22, support=None, peak=None) 
dedode_L-C4_B-C4: Processing pair 17 from disk...
dedode_L-C4_B-C4: 4 match-sets in 2.37s
[Coarse] dedode_L-C4_B-C4 pair 18: dE=-315.0 m dN=7560.0 m (from-pair-12 (phasecorr disagreed), support=None, peak=0.2454520107269287) 
dedode_L-C4_B-C4: Processing pair 18 from disk...
dedode_L-C4_B-C4: 0 match-sets in 0.00s
[Coarse] dedode_L-C4_B-C4 pair 19: dE=-315.0 m dN=7560.0 m (from-pair-12 (phasecorr disagreed), support=None, peak=0.11735943231582642) 
dedode_L-C4_B-C4: Processing pair 19 from disk...
dedode_L-C4_B-C4: 0 match-sets in 0.00s
[Coarse] dedode_L-C4_B-C4 pair 20: dE=-315.0 m dN=7560.0 m (from-pair-12 (phasecorr disagreed), support=None, peak=0.04500516567230225) 
dedode_L-C4_B-C4: Processing pair 20 from disk...
dedode_L-C4_B-C4: 0 match-sets in 0.00s
[Coarse] dedode_L-C4_B-C4 pair 21: dE=-315.0 m dN=7560.0 m (from-pair-12 (phasecorr disagreed), support=None, peak=0.03828669300079346) 
dedode_L-C4_B-C4: Processing pair 21 from disk...
dedode_L-C4_B-C4: 0 match-sets in 0.00s
[Coarse] dedode_L-C4_B-C4 pair 22: dE=-315.0 m dN=7560.0 m (from-pair-12 (phasecorr disagreed), support=None, peak=0.04219192933153223) 
dedode_L-C4_B-C4: Processing pair 22 from disk...
dedode_L-C4_B-C4: 4 match-sets in 4.06s
[Coarse] dedode_L-C4_B-C4 pair 23: dE=-315.0 m dN=7560.0 m (from-pair-22, support=None, peak=None) 
dedode_L-C4_B-C4: Processing pair 23 from disk...
dedode_L-C4_B-C4: 4 match-sets in 3.97s
[Coarse] dedode_L-C4_B-C4 pair 24: dE=-315.0 m dN=7560.0 m (from-pair-22, support=None, peak=None) 
dedode_L-C4_B-C4: Processing pair 24 from disk...
dedode_L-C4_B-C4: 4 match-sets in 2.63s
[Coarse] dedode_L-C4_B-C4 pair 25: dE=-315.0 m dN=7560.0 m (from-pair-22, support=None, peak=None) 
dedode_L-C4_B-C4: Processing pair 25 from disk...
dedode_L-C4_B-C4: 4 match-sets in 1.33s
Saved:
 CHIP_STATS_ALL.csv
 CHIP_STATS_SURVIVORS.csv
 CONSENSUS_SCORES.csv
 BEST_CHIP_SET.csv
 BEST_CHIP_MANIFEST.csv
 BEST_FINAL_SUMMARY.csv
[band1] dedode_L-C4_B-C4 ok in 1.0 min, peak GPU memory 8.0 of 15.6 GB
--------------------------------------------------------------------------------
[band1] Running dedode_L-C4-v2_B-upright
DeDoDe: Loading L-C4-v2/B-upright...
dedode: Initializing LightGlue {'filter_threshold': 0.1, 'depth_confidence': 0.95, 'width_confidence': 0.99}...
Loaded LightGlue model
[Coarse] pair 2: no reliable coarse offset (matcher: no matches; phasecorr: {'dx': 12574.81863509712, 'dy': -4254.296899816302, 'support': None, 'n': None, 'peak': 0.022171562748190796}); windows compared in place
[Coarse] pair 4: no reliable coarse offset (matcher: no matches; phasecorr: {'dx': -12384.074490808596, 'dy': -1224.9559256777015, 'support': None, 'n': None, 'peak': 0.028621533425649007}); windows compared in place
[Coarse] pair 5: no reliable coarse offset (matcher: no matches; phasecorr: {'dx': -12498.015398455027, 'dy': -1389.0155843820758, 'support': None, 'n': None, 'peak': 0.02882188277244568}); windows compared in place
[Coarse] pair 9: no reliable coarse offset (matcher: no matches; phasecorr: {'dx': 3042.052254335612, 'dy': 5076.0958523434165, 'support': None, 'n': None, 'peak': -0.10839922587076822}); windows compared in place
[Coarse] pair 10: no reliable coarse offset (matcher: no matches; phasecorr: {'dx': -15791.779157239504, 'dy': -27484.73946603707, 'support': None, 'n': None, 'peak': 0.0061897425567386324}); windows compared in place
[Coarse] pair 11: no reliable coarse offset (matcher: {'dx': -630.0006008148193, 'dy': 6615.0, 'support': 5, 'n': 5, 'peak': None}; phasecorr: {'dx': 848.0603845427108, 'dy': 31371.840712601417, 'support': None, 'n': None, 'peak': 0.01344987770749463}); windows compared in place
[Coarse] pair 12: no reliable coarse offset (matcher: {'dx': -1259.9951934814453, 'dy': 7245.0, 'support': 7, 'n': 7, 'peak': None}; phasecorr: {'dx': -13536.498852975745, 'dy': 7947.8626155329175, 'support': None, 'n': None, 'peak': 0.014224803613733362}); windows compared in place
[Coarse] pair 15: no reliable coarse offset (matcher: no matches; phasecorr: {'dx': -41182.32612775494, 'dy': -16523.509648524217, 'support': None, 'n': None, 'peak': -0.0012744354870584276}); windows compared in place
[Coarse] pair 16: no reliable coarse offset (matcher: {'dx': -2205.0, 'dy': 5985.001201629639, 'support': 6, 'n': 9, 'peak': None}; phasecorr: {'dx': -56750.43968732177, 'dy': -48622.98248381368, 'support': None, 'n': None, 'peak': -0.008618614276250203}); windows compared in place
[Coarse] pair 17: no reliable coarse offset (matcher: no matches; phasecorr: {'dx': -66083.54744225116, 'dy': 13836.37775522828, 'support': None, 'n': None, 'peak': 0.011340649922688802}); windows compared in place
[Coarse] pair 23: no reliable coarse offset (matcher: no matches; phasecorr: {'dx': 10626.331712949788, 'dy': 44081.26459194447, 'support': None, 'n': None, 'peak': 0.022681387839493927}); windows compared in place
[Coarse] pair 24: no reliable coarse offset (matcher: no matches; phasecorr: {'dx': -39044.25959720116, 'dy': 27033.45669197513, 'support': None, 'n': None, 'peak': 0.018840152319566702}); windows compared in place
[Coarse] pair 25: no reliable coarse offset (matcher: no matches; phasecorr: {'dx': -2967.3494804437037, 'dy': 31502.918072714525, 'support': None, 'n': None, 'peak': 0.017951171412880038}); windows compared in place
[Coarse] WARNING: dedode_L-C4-v2_B-upright: the pairs' coarse offsets differ by up to 39 km, more than one image moves from place to place. Pairs with a wrong offset match the wrong ground (the chip consensus drops them when they are few); if most pairs disagree, check the input's pixel size and window size.
[Coarse] dedode_L-C4-v2_B-upright pair 1: dE=11055.1 m dN=4645.5 m (phasecorr@315m, support=None, peak=0.04583818592407085) field 1x1 cells, dE 2522..2522 m, dN 4039..4039 m, 0 filled
dedode_L-C4-v2_B-upright: Processing pair 1 from disk...
dedode_L-C4-v2_B-upright: 4 match-sets in 1.55s
[Coarse] dedode_L-C4-v2_B-upright pair 2: dE=2565.5 m dN=1954.8 m (from-pair-3, support=None, peak=None) 
dedode_L-C4-v2_B-upright: Processing pair 2 from disk...
dedode_L-C4-v2_B-upright: 4 match-sets in 1.72s
[Coarse] dedode_L-C4-v2_B-upright pair 3: dE=434.6 m dN=-3095.9 m (phasecorr@315m, support=None, peak=0.05141784302982283) field 1x1 cells, dE 2566..2566 m, dN 1955..1955 m, 0 filled
dedode_L-C4-v2_B-upright: Processing pair 3 from disk...
dedode_L-C4-v2_B-upright: 5 match-sets in 1.51s
[Coarse] dedode_L-C4-v2_B-upright pair 4: dE=-3950.6 m dN=-7351.1 m (from-pair-6, support=None, peak=None) 
dedode_L-C4-v2_B-upright: Processing pair 4 from disk...
dedode_L-C4-v2_B-upright: 4 match-sets in 1.75s
[Coarse] dedode_L-C4-v2_B-upright pair 5: dE=-3950.6 m dN=-7351.1 m (from-pair-6, support=None, peak=None) 
dedode_L-C4-v2_B-upright: Processing pair 5 from disk...
dedode_L-C4-v2_B-upright: 4 match-sets in 1.67s
[Coarse] dedode_L-C4-v2_B-upright pair 6: dE=-12272.5 m dN=-1453.1 m (phasecorr@315m, support=None, peak=0.034774091529846195) field 1x1 cells, dE -3951..-3951 m, dN -7351..-7351 m, 0 filled
dedode_L-C4-v2_B-upright: Processing pair 6 from disk...
dedode_L-C4-v2_B-upright: 5 match-sets in 1.46s
[Coarse] dedode_L-C4-v2_B-upright pair 7: dE=-75.1 m dN=5172.3 m (phasecorr@315m, support=None, peak=0.3776031465883608) 
dedode_L-C4-v2_B-upright: Processing pair 7 from disk...
dedode_L-C4-v2_B-upright: 0 match-sets in 0.00s
[Coarse] dedode_L-C4-v2_B-upright pair 8: dE=-1852.3 m dN=5084.1 m (phasecorr@315m, support=None, peak=0.2714075272878011) 
dedode_L-C4-v2_B-upright: Processing pair 8 from disk...
dedode_L-C4-v2_B-upright: 0 match-sets in 0.00s
[Coarse] dedode_L-C4-v2_B-upright pair 9: dE=-75.1 m dN=5172.3 m (from-pair-7, support=None, peak=None) 
dedode_L-C4-v2_B-upright: Processing pair 9 from disk...
dedode_L-C4-v2_B-upright: 0 match-sets in 0.00s
[Coarse] dedode_L-C4-v2_B-upright pair 10: dE=2522.1 m dN=4039.4 m (from-pair-1, support=None, peak=None) 
dedode_L-C4-v2_B-upright: Processing pair 10 from disk...
dedode_L-C4-v2_B-upright: 5 match-sets in 5.60s
[Coarse] dedode_L-C4-v2_B-upright pair 11: dE=2522.1 m dN=4039.4 m (from-pair-1, support=None, peak=None) 
dedode_L-C4-v2_B-upright: Processing pair 11 from disk...
dedode_L-C4-v2_B-upright: 6 match-sets in 5.41s
[Coarse] dedode_L-C4-v2_B-upright pair 12: dE=-3950.6 m dN=-7351.1 m (from-pair-6, support=None, peak=None) 
dedode_L-C4-v2_B-upright: Processing pair 12 from disk...
dedode_L-C4-v2_B-upright: 6 match-sets in 3.20s
[Coarse] dedode_L-C4-v2_B-upright pair 13: dE=1721.5 m dN=-10079.3 m (phasecorr@315m, support=None, peak=0.24878289219405916) field 1x1 cells, dE 2629..2629 m, dN -9631..-9631 m, 0 filled
dedode_L-C4-v2_B-upright: Processing pair 13 from disk...
dedode_L-C4-v2_B-upright: 0 match-sets in 0.00s
[Coarse] dedode_L-C4-v2_B-upright pair 14: dE=-2887.9 m dN=-8958.2 m (phasecorr@315m, support=None, peak=0.35633478768997723) field 1x1 cells, dE -2930..-2930 m, dN -9091..-9091 m, 0 filled
dedode_L-C4-v2_B-upright: Processing pair 14 from disk...
dedode_L-C4-v2_B-upright: 0 match-sets in 0.00s
[Coarse] dedode_L-C4-v2_B-upright pair 15: dE=-4370.5 m dN=-8474.7 m (from-pair-21, support=None, peak=None) 
dedode_L-C4-v2_B-upright: Processing pair 15 from disk...
dedode_L-C4-v2_B-upright: 5 match-sets in 5.34s
[Coarse] dedode_L-C4-v2_B-upright pair 16: dE=-4370.5 m dN=-8474.7 m (from-pair-21, support=None, peak=None) 
dedode_L-C4-v2_B-upright: Processing pair 16 from disk...
dedode_L-C4-v2_B-upright: 7 match-sets in 5.94s
[Coarse] dedode_L-C4-v2_B-upright pair 17: dE=-12201.1 m dN=-19785.2 m (from-pair-22, support=None, peak=None) 
dedode_L-C4-v2_B-upright: Processing pair 17 from disk...
dedode_L-C4-v2_B-upright: 5 match-sets in 3.19s
[Coarse] dedode_L-C4-v2_B-upright pair 18: dE=-752.2 m dN=-6939.3 m (phasecorr@315m, support=None, peak=0.2454520107269287) field 1x1 cells, dE -1065..-1065 m, dN -6975..-6975 m, 0 filled
dedode_L-C4-v2_B-upright: Processing pair 18 from disk...
dedode_L-C4-v2_B-upright: 0 match-sets in 0.00s
[Coarse] dedode_L-C4-v2_B-upright pair 19: dE=-28033.4 m dN=-3216.7 m (phasecorr@315m, support=None, peak=0.11735943231582642) 
dedode_L-C4-v2_B-upright: Processing pair 19 from disk...
dedode_L-C4-v2_B-upright: 0 match-sets in 0.00s
[Coarse] dedode_L-C4-v2_B-upright pair 20: dE=-21836.5 m dN=-4781.8 m (phasecorr@315m, support=None, peak=0.04500516567230225) 
dedode_L-C4-v2_B-upright: Processing pair 20 from disk...
dedode_L-C4-v2_B-upright: 0 match-sets in 0.00s
[Coarse] dedode_L-C4-v2_B-upright pair 21: dE=-2511.3 m dN=-8879.5 m (phasecorr@315m, support=None, peak=0.03828669300079346) field 1x1 cells, dE -4371..-4371 m, dN -8475..-8475 m, 0 filled
dedode_L-C4-v2_B-upright: Processing pair 21 from disk...
dedode_L-C4-v2_B-upright: 0 match-sets in 0.00s
[Coarse] dedode_L-C4-v2_B-upright pair 22: dE=-12201.1 m dN=-19785.2 m (phasecorr@315m, support=None, peak=0.04219192933153223) 
dedode_L-C4-v2_B-upright: Processing pair 22 from disk...
dedode_L-C4-v2_B-upright: 4 match-sets in 3.59s
[Coarse] dedode_L-C4-v2_B-upright pair 23: dE=-12201.1 m dN=-19785.2 m (from-pair-22, support=None, peak=None) 
dedode_L-C4-v2_B-upright: Processing pair 23 from disk...
dedode_L-C4-v2_B-upright: 4 match-sets in 3.10s
[Coarse] dedode_L-C4-v2_B-upright pair 24: dE=-12201.1 m dN=-19785.2 m (from-pair-22, support=None, peak=None) 
dedode_L-C4-v2_B-upright: Processing pair 24 from disk...
dedode_L-C4-v2_B-upright: 3 match-sets in 1.88s
[Coarse] dedode_L-C4-v2_B-upright pair 25: dE=-12201.1 m dN=-19785.2 m (from-pair-22, support=None, peak=None) 
dedode_L-C4-v2_B-upright: Processing pair 25 from disk...
dedode_L-C4-v2_B-upright: 4 match-sets in 1.68s
Saved:
 CHIP_STATS_ALL.csv
 CHIP_STATS_SURVIVORS.csv
 CONSENSUS_SCORES.csv
 BEST_CHIP_SET.csv
 BEST_CHIP_MANIFEST.csv
 BEST_FINAL_SUMMARY.csv
[band1] dedode_L-C4-v2_B-upright ok in 1.3 min, peak GPU memory 11.8 of 15.6 GB
--------------------------------------------------------------------------------
[band1] Running dedode_L-C4-v2_B-C4
DeDoDe: Loading L-C4-v2/B-C4...
dedode: Initializing LightGlue {'filter_threshold': 0.1, 'depth_confidence': 0.95, 'width_confidence': 0.99}...
Loaded LightGlue model
[Coarse] pair 2: no reliable coarse offset (matcher: no matches; phasecorr: {'dx': 12574.81863509712, 'dy': -4254.296899816302, 'support': None, 'n': None, 'peak': 0.022171562748190796}); windows compared in place
[Coarse] pair 4: no reliable coarse offset (matcher: no matches; phasecorr: {'dx': -12384.074490808596, 'dy': -1224.9559256777015, 'support': None, 'n': None, 'peak': 0.028621533425649007}); windows compared in place
[Coarse] pair 5: no reliable coarse offset (matcher: no matches; phasecorr: {'dx': -12498.015398455027, 'dy': -1389.0155843820758, 'support': None, 'n': None, 'peak': 0.02882188277244568}); windows compared in place
[Coarse] pair 9: no reliable coarse offset (matcher: no matches; phasecorr: {'dx': 3042.052254335612, 'dy': 5076.0958523434165, 'support': None, 'n': None, 'peak': -0.10839922587076822}); windows compared in place
[Coarse] pair 10: no reliable coarse offset (matcher: no matches; phasecorr: {'dx': -15791.779157239504, 'dy': -27484.73946603707, 'support': None, 'n': None, 'peak': 0.0061897425567386324}); windows compared in place
[Coarse] pair 11: no reliable coarse offset (matcher: {'dx': -787.5003004074097, 'dy': 6772.5, 'support': 6, 'n': 6, 'peak': None}; phasecorr: {'dx': 848.0603845427108, 'dy': 31371.840712601417, 'support': None, 'n': None, 'peak': 0.01344987770749463}); windows compared in place
[Coarse] pair 15: no reliable coarse offset (matcher: {'dx': -2834.9951934814453, 'dy': 6457.498798370361, 'support': 6, 'n': 6, 'peak': None}; phasecorr: {'dx': -41182.32612775494, 'dy': -16523.509648524217, 'support': None, 'n': None, 'peak': -0.0012744354870584276}); windows compared in place
[Coarse] pair 17: no reliable coarse offset (matcher: no matches; phasecorr: {'dx': -66083.54744225116, 'dy': 13836.37775522828, 'support': None, 'n': None, 'peak': 0.011340649922688802}); windows compared in place
[Coarse] pair 23: no reliable coarse offset (matcher: no matches; phasecorr: {'dx': 10626.331712949788, 'dy': 44081.26459194447, 'support': None, 'n': None, 'peak': 0.022681387839493927}); windows compared in place
[Coarse] pair 24: no reliable coarse offset (matcher: no matches; phasecorr: {'dx': -39044.25959720116, 'dy': 27033.45669197513, 'support': None, 'n': None, 'peak': 0.018840152319566702}); windows compared in place
[Coarse] pair 25: no reliable coarse offset (matcher: no matches; phasecorr: {'dx': -2967.3494804437037, 'dy': 31502.918072714525, 'support': None, 'n': None, 'peak': 0.017951171412880038}); windows compared in place
[Coarse] pair 1: phase correlation gave dE=11055 m dN=4646 m, 12.0 km from every offset the matcher measured; using pair 12's (dE=-630 m dN=7245 m)
[Coarse] pair 3: phase correlation gave dE=435 m dN=-3096 m, 9.8 km from every offset the matcher measured; using pair 12's (dE=-630 m dN=7245 m)
[Coarse] pair 6: phase correlation gave dE=-12273 m dN=-1453 m, 12.5 km from every offset the matcher measured; using pair 12's (dE=-630 m dN=7245 m)
[Coarse] pair 13: phase correlation gave dE=1721 m dN=-10079 m, 16.9 km from every offset the matcher measured; using pair 16's (dE=-2520 m dN=6300 m)
[Coarse] pair 14: phase correlation gave dE=-2888 m dN=-8958 m, 15.3 km from every offset the matcher measured; using pair 16's (dE=-2520 m dN=6300 m)
[Coarse] pair 18: phase correlation gave dE=-752 m dN=-6939 m, 13.4 km from every offset the matcher measured; using pair 16's (dE=-2520 m dN=6300 m)
[Coarse] pair 19: phase correlation gave dE=-28033 m dN=-3217 m, 27.2 km from every offset the matcher measured; using pair 16's (dE=-2520 m dN=6300 m)
[Coarse] pair 20: phase correlation gave dE=-21837 m dN=-4782 m, 22.3 km from every offset the matcher measured; using pair 16's (dE=-2520 m dN=6300 m)
[Coarse] pair 21: phase correlation gave dE=-2511 m dN=-8880 m, 15.2 km from every offset the matcher measured; using pair 16's (dE=-2520 m dN=6300 m)
[Coarse] pair 22: phase correlation gave dE=-12201 m dN=-19785 m, 27.8 km from every offset the matcher measured; using pair 16's (dE=-2520 m dN=6300 m)
[Coarse] dedode_L-C4-v2_B-C4 pair 1: dE=-630.0 m dN=7245.0 m (from-pair-12 (phasecorr disagreed), support=None, peak=0.04583818592407085) 
dedode_L-C4-v2_B-C4: Processing pair 1 from disk...
dedode_L-C4-v2_B-C4: 4 match-sets in 0.87s
[Coarse] dedode_L-C4-v2_B-C4 pair 2: dE=-630.0 m dN=7245.0 m (from-pair-3, support=None, peak=None) 
dedode_L-C4-v2_B-C4: Processing pair 2 from disk...
dedode_L-C4-v2_B-C4: 5 match-sets in 0.83s
[Coarse] dedode_L-C4-v2_B-C4 pair 3: dE=-630.0 m dN=7245.0 m (from-pair-12 (phasecorr disagreed), support=None, peak=0.05141784302982283) 
dedode_L-C4-v2_B-C4: Processing pair 3 from disk...
dedode_L-C4-v2_B-C4: 5 match-sets in 0.88s
[Coarse] dedode_L-C4-v2_B-C4 pair 4: dE=-630.0 m dN=7245.0 m (from-pair-6, support=None, peak=None) 
dedode_L-C4-v2_B-C4: Processing pair 4 from disk...
dedode_L-C4-v2_B-C4: 5 match-sets in 0.85s
[Coarse] dedode_L-C4-v2_B-C4 pair 5: dE=-630.0 m dN=7245.0 m (from-pair-6, support=None, peak=None) 
dedode_L-C4-v2_B-C4: Processing pair 5 from disk...
dedode_L-C4-v2_B-C4: 5 match-sets in 0.97s
[Coarse] dedode_L-C4-v2_B-C4 pair 6: dE=-630.0 m dN=7245.0 m (from-pair-12 (phasecorr disagreed), support=None, peak=0.034774091529846195) 
dedode_L-C4-v2_B-C4: Processing pair 6 from disk...
dedode_L-C4-v2_B-C4: 5 match-sets in 0.76s
[Coarse] dedode_L-C4-v2_B-C4 pair 7: dE=-75.1 m dN=5172.3 m (phasecorr@315m, support=None, peak=0.3776031465883608) 
dedode_L-C4-v2_B-C4: Processing pair 7 from disk...
dedode_L-C4-v2_B-C4: 0 match-sets in 0.00s
[Coarse] dedode_L-C4-v2_B-C4 pair 8: dE=-1852.3 m dN=5084.1 m (phasecorr@315m, support=None, peak=0.2714075272878011) 
dedode_L-C4-v2_B-C4: Processing pair 8 from disk...
dedode_L-C4-v2_B-C4: 0 match-sets in 0.00s
[Coarse] dedode_L-C4-v2_B-C4 pair 9: dE=-75.1 m dN=5172.3 m (from-pair-7, support=None, peak=None) 
dedode_L-C4-v2_B-C4: Processing pair 9 from disk...
dedode_L-C4-v2_B-C4: 0 match-sets in 0.00s
[Coarse] dedode_L-C4-v2_B-C4 pair 10: dE=-630.0 m dN=7245.0 m (from-pair-12, support=None, peak=None) 
dedode_L-C4-v2_B-C4: Processing pair 10 from disk...
dedode_L-C4-v2_B-C4: 5 match-sets in 4.17s
[Coarse] dedode_L-C4-v2_B-C4 pair 11: dE=-630.0 m dN=7245.0 m (from-pair-12, support=None, peak=None) 
dedode_L-C4-v2_B-C4: Processing pair 11 from disk...
dedode_L-C4-v2_B-C4: 7 match-sets in 4.04s
[Coarse] dedode_L-C4-v2_B-C4 pair 12: dE=-630.0 m dN=7245.0 m (matcher@315m, support=19, peak=None) field 1x1 cells, dE -630..-630 m, dN 7245..7245 m, 0 filled
dedode_L-C4-v2_B-C4: Processing pair 12 from disk...
dedode_L-C4-v2_B-C4: 7 match-sets in 2.16s
[Coarse] dedode_L-C4-v2_B-C4 pair 13: dE=-2520.0 m dN=6300.0 m (from-pair-16 (phasecorr disagreed), support=None, peak=0.24878289219405916) 
dedode_L-C4-v2_B-C4: Processing pair 13 from disk...
dedode_L-C4-v2_B-C4: 0 match-sets in 0.00s
[Coarse] dedode_L-C4-v2_B-C4 pair 14: dE=-2520.0 m dN=6300.0 m (from-pair-16 (phasecorr disagreed), support=None, peak=0.35633478768997723) 
dedode_L-C4-v2_B-C4: Processing pair 14 from disk...
dedode_L-C4-v2_B-C4: 0 match-sets in 0.00s
[Coarse] dedode_L-C4-v2_B-C4 pair 15: dE=-2520.0 m dN=6300.0 m (from-pair-16, support=None, peak=None) 
dedode_L-C4-v2_B-C4: Processing pair 15 from disk...
dedode_L-C4-v2_B-C4: 6 match-sets in 4.35s
[Coarse] dedode_L-C4-v2_B-C4 pair 16: dE=-2520.0 m dN=6300.0 m (matcher@315m, support=19, peak=None) field 1x1 cells, dE -2520..-2520 m, dN 6300..6300 m, 0 filled
dedode_L-C4-v2_B-C4: Processing pair 16 from disk...
dedode_L-C4-v2_B-C4: 7 match-sets in 4.19s
[Coarse] dedode_L-C4-v2_B-C4 pair 17: dE=-2520.0 m dN=6300.0 m (from-pair-16, support=None, peak=None) 
dedode_L-C4-v2_B-C4: Processing pair 17 from disk...
dedode_L-C4-v2_B-C4: 4 match-sets in 2.09s
[Coarse] dedode_L-C4-v2_B-C4 pair 18: dE=-2520.0 m dN=6300.0 m (from-pair-16 (phasecorr disagreed), support=None, peak=0.2454520107269287) 
dedode_L-C4-v2_B-C4: Processing pair 18 from disk...
dedode_L-C4-v2_B-C4: 0 match-sets in 0.00s
[Coarse] dedode_L-C4-v2_B-C4 pair 19: dE=-2520.0 m dN=6300.0 m (from-pair-16 (phasecorr disagreed), support=None, peak=0.11735943231582642) 
dedode_L-C4-v2_B-C4: Processing pair 19 from disk...
dedode_L-C4-v2_B-C4: 0 match-sets in 0.00s
[Coarse] dedode_L-C4-v2_B-C4 pair 20: dE=-2520.0 m dN=6300.0 m (from-pair-16 (phasecorr disagreed), support=None, peak=0.04500516567230225) 
dedode_L-C4-v2_B-C4: Processing pair 20 from disk...
dedode_L-C4-v2_B-C4: 0 match-sets in 0.00s
[Coarse] dedode_L-C4-v2_B-C4 pair 21: dE=-2520.0 m dN=6300.0 m (from-pair-16 (phasecorr disagreed), support=None, peak=0.03828669300079346) 
dedode_L-C4-v2_B-C4: Processing pair 21 from disk...
dedode_L-C4-v2_B-C4: 0 match-sets in 0.00s
[Coarse] dedode_L-C4-v2_B-C4 pair 22: dE=-2520.0 m dN=6300.0 m (from-pair-16 (phasecorr disagreed), support=None, peak=0.04219192933153223) 
dedode_L-C4-v2_B-C4: Processing pair 22 from disk...
dedode_L-C4-v2_B-C4: 5 match-sets in 3.23s
[Coarse] dedode_L-C4-v2_B-C4 pair 23: dE=-2520.0 m dN=6300.0 m (from-pair-22, support=None, peak=None) 
dedode_L-C4-v2_B-C4: Processing pair 23 from disk...
dedode_L-C4-v2_B-C4: 4 match-sets in 2.48s
[Coarse] dedode_L-C4-v2_B-C4 pair 24: dE=-2520.0 m dN=6300.0 m (from-pair-22, support=None, peak=None) 
dedode_L-C4-v2_B-C4: Processing pair 24 from disk...
dedode_L-C4-v2_B-C4: 4 match-sets in 1.48s
[Coarse] dedode_L-C4-v2_B-C4 pair 25: dE=-2520.0 m dN=6300.0 m (from-pair-22, support=None, peak=None) 
dedode_L-C4-v2_B-C4: Processing pair 25 from disk...
dedode_L-C4-v2_B-C4: 4 match-sets in 1.04s
Saved:
 CHIP_STATS_ALL.csv
 CHIP_STATS_SURVIVORS.csv
 CONSENSUS_SCORES.csv
 BEST_CHIP_SET.csv
 BEST_CHIP_MANIFEST.csv
 BEST_FINAL_SUMMARY.csv
[band1] dedode_L-C4-v2_B-C4 ok in 0.9 min, peak GPU memory 11.8 of 15.6 GB
--------------------------------------------------------------------------------
[band1] Running keynet
KeyNet: Loading KeyNet-AffNet-HardNet (upright=True)...
keynet: Initializing LightGlue {'filter_threshold': 0.1, 'depth_confidence': 0.95, 'width_confidence': 0.99}...
Loaded LightGlue model
[Coarse] pair 2: no reliable coarse offset (matcher: no matches; phasecorr: {'dx': 12574.81863509712, 'dy': -4254.296899816302, 'support': None, 'n': None, 'peak': 0.022171562748190796}); windows compared in place
[Coarse] pair 4: no reliable coarse offset (matcher: no matches; phasecorr: {'dx': -12384.074490808596, 'dy': -1224.9559256777015, 'support': None, 'n': None, 'peak': 0.028621533425649007}); windows compared in place
[Coarse] pair 5: no reliable coarse offset (matcher: no matches; phasecorr: {'dx': -12498.015398455027, 'dy': -1389.0155843820758, 'support': None, 'n': None, 'peak': 0.02882188277244568}); windows compared in place
[keynet] window (0,0) error: RuntimeError: Padding size should be less than the corresponding input dimension, but got: padding (2, 2) at dimension 2 of input [1, 1, 2, 20]
[keynet] window (0,0) error: RuntimeError: Padding size should be less than the corresponding input dimension, but got: padding (2, 2) at dimension 2 of input [1, 1, 2, 21]
[keynet] window (0,0) error: RuntimeError: Padding size should be less than the corresponding input dimension, but got: padding (2, 2) at dimension 2 of input [1, 1, 2, 20]
[Coarse] pair 9: no reliable coarse offset (matcher: no matches; phasecorr: {'dx': 3042.052254335612, 'dy': 5076.0958523434165, 'support': None, 'n': None, 'peak': -0.10839922587076822}); windows compared in place
[Coarse] pair 10: no reliable coarse offset (matcher: no matches; phasecorr: {'dx': -15791.779157239504, 'dy': -27484.73946603707, 'support': None, 'n': None, 'peak': 0.0061897425567386324}); windows compared in place
[Coarse] pair 17: no reliable coarse offset (matcher: no matches; phasecorr: {'dx': -66083.54744225116, 'dy': 13836.37775522828, 'support': None, 'n': None, 'peak': 0.011340649922688802}); windows compared in place
[Coarse] pair 23: no reliable coarse offset (matcher: no matches; phasecorr: {'dx': 10626.331712949788, 'dy': 44081.26459194447, 'support': None, 'n': None, 'peak': 0.022681387839493927}); windows compared in place
[Coarse] pair 24: no reliable coarse offset (matcher: no matches; phasecorr: {'dx': -39044.25959720116, 'dy': 27033.45669197513, 'support': None, 'n': None, 'peak': 0.018840152319566702}); windows compared in place
[Coarse] pair 25: no reliable coarse offset (matcher: no matches; phasecorr: {'dx': -2967.3494804437037, 'dy': 31502.918072714525, 'support': None, 'n': None, 'peak': 0.017951171412880038}); windows compared in place
[Coarse] pair 1: phase correlation gave dE=11055 m dN=4646 m, 11.6 km from every offset the matcher measured; using pair 11's (dE=-290 m dN=7287 m)
[Coarse] pair 3: phase correlation gave dE=435 m dN=-3096 m, 10.1 km from every offset the matcher measured; using pair 11's (dE=-290 m dN=7287 m)
[Coarse] pair 6: phase correlation gave dE=-12273 m dN=-1453 m, 12.9 km from every offset the matcher measured; using pair 11's (dE=-290 m dN=7287 m)
[Coarse] pair 13: phase correlation gave dE=1721 m dN=-10079 m, 17.1 km from every offset the matcher measured; using pair 11's (dE=-290 m dN=7287 m)
[Coarse] pair 14: phase correlation gave dE=-2888 m dN=-8958 m, 15.6 km from every offset the matcher measured; using pair 11's (dE=-290 m dN=7287 m)
[Coarse] pair 18: phase correlation gave dE=-752 m dN=-6939 m, 13.6 km from every offset the matcher measured; using pair 16's (dE=-2205 m dN=6615 m)
[Coarse] pair 19: phase correlation gave dE=-28033 m dN=-3217 m, 27.6 km from every offset the matcher measured; using pair 16's (dE=-2205 m dN=6615 m)
[Coarse] pair 20: phase correlation gave dE=-21837 m dN=-4782 m, 22.7 km from every offset the matcher measured; using pair 16's (dE=-2205 m dN=6615 m)
[Coarse] pair 21: phase correlation gave dE=-2511 m dN=-8880 m, 15.5 km from every offset the matcher measured; using pair 16's (dE=-2205 m dN=6615 m)
[Coarse] pair 22: phase correlation gave dE=-12201 m dN=-19785 m, 28.2 km from every offset the matcher measured; using pair 16's (dE=-2205 m dN=6615 m)
[Coarse] keynet pair 1: dE=-290.2 m dN=7287.1 m (from-pair-11 (phasecorr disagreed), support=None, peak=0.04583818592407085) 
keynet: Processing pair 1 from disk...
keynet: 4 match-sets in 2.28s
[Coarse] keynet pair 2: dE=-290.2 m dN=7287.1 m (from-pair-3, support=None, peak=None) 
keynet: Processing pair 2 from disk...
keynet: 3 match-sets in 2.72s
[Coarse] keynet pair 3: dE=-290.2 m dN=7287.1 m (from-pair-11 (phasecorr disagreed), support=None, peak=0.05141784302982283) 
keynet: Processing pair 3 from disk...
keynet: 3 match-sets in 2.14s
[Coarse] keynet pair 4: dE=-290.2 m dN=7287.1 m (from-pair-6, support=None, peak=None) 
keynet: Processing pair 4 from disk...
keynet: 4 match-sets in 1.67s
[Coarse] keynet pair 5: dE=-290.2 m dN=7287.1 m (from-pair-6, support=None, peak=None) 
keynet: Processing pair 5 from disk...
keynet: 3 match-sets in 1.64s
[Coarse] keynet pair 6: dE=-290.2 m dN=7287.1 m (from-pair-11 (phasecorr disagreed), support=None, peak=0.034774091529846195) 
keynet: Processing pair 6 from disk...
keynet: 4 match-sets in 2.35s
[Coarse] keynet pair 7: dE=-75.1 m dN=5172.3 m (phasecorr@315m, support=None, peak=0.3776031465883608) 
keynet: Processing pair 7 from disk...
keynet: 0 match-sets in 0.00s
[Coarse] keynet pair 8: dE=-1852.3 m dN=5084.1 m (phasecorr@315m, support=None, peak=0.2714075272878011) 
keynet: Processing pair 8 from disk...
keynet: 0 match-sets in 0.00s
[Coarse] keynet pair 9: dE=-75.1 m dN=5172.3 m (from-pair-7, support=None, peak=None) 
keynet: Processing pair 9 from disk...
keynet: 0 match-sets in 0.00s
[Coarse] keynet pair 10: dE=-290.2 m dN=7287.1 m (from-pair-11, support=None, peak=None) 
keynet: Processing pair 10 from disk...
keynet: 6 match-sets in 4.00s
[Coarse] keynet pair 11: dE=-290.2 m dN=7287.1 m (matcher@315m, support=13, peak=None) field 1x1 cells, dE -290..-290 m, dN 7287..7287 m, 0 filled
keynet: Processing pair 11 from disk...
keynet: 7 match-sets in 3.55s
[Coarse] keynet pair 12: dE=-280.1 m dN=7431.1 m (matcher@315m, support=8, peak=None) field 1x1 cells, dE -280..-280 m, dN 7431..7431 m, 0 filled
keynet: Processing pair 12 from disk...
keynet: 7 match-sets in 3.61s
[Coarse] keynet pair 13: dE=-290.2 m dN=7287.1 m (from-pair-11 (phasecorr disagreed), support=None, peak=0.24878289219405916) 
keynet: Processing pair 13 from disk...
keynet: 0 match-sets in 0.00s
[Coarse] keynet pair 14: dE=-290.2 m dN=7287.1 m (from-pair-11 (phasecorr disagreed), support=None, peak=0.35633478768997723) 
keynet: Processing pair 14 from disk...
keynet: 0 match-sets in 0.00s
[Coarse] keynet pair 15: dE=-1747.8 m dN=6930.0 m (matcher@315m, support=11, peak=None) field 1x1 cells, dE -1748..-1748 m, dN 6930..6930 m, 0 filled
keynet: Processing pair 15 from disk...
keynet: 7 match-sets in 5.52s
[Coarse] keynet pair 16: dE=-2205.0 m dN=6615.0 m (matcher@315m, support=21, peak=None) field 1x1 cells, dE -2205..-2205 m, dN 6615..6615 m, 0 filled
keynet: Processing pair 16 from disk...
keynet: 7 match-sets in 2.39s
[Coarse] keynet pair 17: dE=-2205.0 m dN=6615.0 m (from-pair-16, support=None, peak=None) 
keynet: Processing pair 17 from disk...
keynet: 6 match-sets in 1.24s
[Coarse] keynet pair 18: dE=-2205.0 m dN=6615.0 m (from-pair-16 (phasecorr disagreed), support=None, peak=0.2454520107269287) 
keynet: Processing pair 18 from disk...
keynet: 0 match-sets in 0.00s
[Coarse] keynet pair 19: dE=-2205.0 m dN=6615.0 m (from-pair-16 (phasecorr disagreed), support=None, peak=0.11735943231582642) 
keynet: Processing pair 19 from disk...
keynet: 0 match-sets in 0.00s
[Coarse] keynet pair 20: dE=-2205.0 m dN=6615.0 m (from-pair-16 (phasecorr disagreed), support=None, peak=0.04500516567230225) 
keynet: Processing pair 20 from disk...
keynet: 0 match-sets in 0.00s
[Coarse] keynet pair 21: dE=-2205.0 m dN=6615.0 m (from-pair-16 (phasecorr disagreed), support=None, peak=0.03828669300079346) 
keynet: Processing pair 21 from disk...
keynet: 0 match-sets in 0.00s
[Coarse] keynet pair 22: dE=-2205.0 m dN=6615.0 m (from-pair-16 (phasecorr disagreed), support=None, peak=0.04219192933153223) 
keynet: Processing pair 22 from disk...
keynet: 4 match-sets in 3.97s
[Coarse] keynet pair 23: dE=-2205.0 m dN=6615.0 m (from-pair-22, support=None, peak=None) 
keynet: Processing pair 23 from disk...
keynet: 5 match-sets in 1.92s
[Coarse] keynet pair 24: dE=-2205.0 m dN=6615.0 m (from-pair-22, support=None, peak=None) 
keynet: Processing pair 24 from disk...
keynet: 4 match-sets in 2.46s
[Coarse] keynet pair 25: dE=-2205.0 m dN=6615.0 m (from-pair-22, support=None, peak=None) 
keynet: Processing pair 25 from disk...
keynet: 3 match-sets in 1.88s
Saved:
 CHIP_STATS_ALL.csv
 CHIP_STATS_SURVIVORS.csv
 CONSENSUS_SCORES.csv
 BEST_CHIP_SET.csv
 BEST_CHIP_MANIFEST.csv
 BEST_FINAL_SUMMARY.csv
[band1] keynet ok in 1.4 min, peak GPU memory 1.6 of 15.6 GB
--------------------------------------------------------------------------------
[band1] Running dog_hardnet
DoG: Loading HardNet (upright=True)...
dog: Initializing LightGlue {'filter_threshold': 0.1, 'depth_confidence': 0.95, 'width_confidence': 0.99}...
Loaded LightGlue model
[Coarse] pair 2: no reliable coarse offset (matcher: no matches; phasecorr: {'dx': 12574.81863509712, 'dy': -4254.296899816302, 'support': None, 'n': None, 'peak': 0.022171562748190796}); windows compared in place
[Coarse] pair 4: no reliable coarse offset (matcher: no matches; phasecorr: {'dx': -12384.074490808596, 'dy': -1224.9559256777015, 'support': None, 'n': None, 'peak': 0.028621533425649007}); windows compared in place
[Coarse] pair 5: no reliable coarse offset (matcher: no matches; phasecorr: {'dx': -12498.015398455027, 'dy': -1389.0155843820758, 'support': None, 'n': None, 'peak': 0.02882188277244568}); windows compared in place
[dog_hardnet] window (0,0) error: RuntimeError: Padding size should be less than the corresponding input dimension, but got: padding (6, 6) at dimension 2 of input [1, 1, 5, 36]
[dog_hardnet] window (0,0) error: RuntimeError: Padding size should be less than the corresponding input dimension, but got: padding (6, 6) at dimension 2 of input [1, 1, 5, 38]
[dog_hardnet] window (0,0) error: RuntimeError: Padding size should be less than the corresponding input dimension, but got: padding (6, 6) at dimension 2 of input [1, 1, 5, 36]
[Coarse] pair 9: no reliable coarse offset (matcher: no matches; phasecorr: {'dx': 3042.052254335612, 'dy': 5076.0958523434165, 'support': None, 'n': None, 'peak': -0.10839922587076822}); windows compared in place
[Coarse] pair 17: no reliable coarse offset (matcher: {'dx': -850.1962280273438, 'dy': 7464.287796020508, 'support': 5, 'n': 5, 'peak': None}; phasecorr: {'dx': -66083.54744225116, 'dy': 13836.37775522828, 'support': None, 'n': None, 'peak': 0.011340649922688802}); windows compared in place
[Coarse] pair 23: no reliable coarse offset (matcher: no matches; phasecorr: {'dx': 10626.331712949788, 'dy': 44081.26459194447, 'support': None, 'n': None, 'peak': 0.022681387839493927}); windows compared in place
[Coarse] pair 24: no reliable coarse offset (matcher: no matches; phasecorr: {'dx': -39044.25959720116, 'dy': 27033.45669197513, 'support': None, 'n': None, 'peak': 0.018840152319566702}); windows compared in place
[Coarse] pair 25: no reliable coarse offset (matcher: no matches; phasecorr: {'dx': -2967.3494804437037, 'dy': 31502.918072714525, 'support': None, 'n': None, 'peak': 0.017951171412880038}); windows compared in place
[Coarse] pair 1: phase correlation gave dE=11055 m dN=4646 m, 11.4 km from every offset the matcher measured; using pair 11's (dE=-315 m dN=7280 m)
[Coarse] pair 3: phase correlation gave dE=435 m dN=-3096 m, 10.3 km from every offset the matcher measured; using pair 11's (dE=-315 m dN=7280 m)
[Coarse] pair 6: phase correlation gave dE=-12273 m dN=-1453 m, 13.9 km from every offset the matcher measured; using pair 11's (dE=-315 m dN=7280 m)
[Coarse] pair 13: phase correlation gave dE=1721 m dN=-10079 m, 17.4 km from every offset the matcher measured; using pair 10's (dE=-315 m dN=7349 m)
[Coarse] pair 14: phase correlation gave dE=-2888 m dN=-8958 m, 16.1 km from every offset the matcher measured; using pair 10's (dE=-315 m dN=7349 m)
[Coarse] pair 18: phase correlation gave dE=-752 m dN=-6939 m, 14.0 km from every offset the matcher measured; using pair 16's (dE=-1260 m dN=7050 m)
[Coarse] pair 19: phase correlation gave dE=-28033 m dN=-3217 m, 28.7 km from every offset the matcher measured; using pair 16's (dE=-1260 m dN=7050 m)
[Coarse] pair 20: phase correlation gave dE=-21837 m dN=-4782 m, 23.7 km from every offset the matcher measured; using pair 16's (dE=-1260 m dN=7050 m)
[Coarse] pair 21: phase correlation gave dE=-2511 m dN=-8880 m, 16.0 km from every offset the matcher measured; using pair 16's (dE=-1260 m dN=7050 m)
[Coarse] pair 22: phase correlation gave dE=-12201 m dN=-19785 m, 29.0 km from every offset the matcher measured; using pair 16's (dE=-1260 m dN=7050 m)
[Coarse] dog_hardnet pair 1: dE=-315.0 m dN=7280.4 m (from-pair-11 (phasecorr disagreed), support=None, peak=0.04583818592407085) 
dog_hardnet: Processing pair 1 from disk...
dog_hardnet: 4 match-sets in 0.48s
[Coarse] dog_hardnet pair 2: dE=-315.0 m dN=7280.4 m (from-pair-3, support=None, peak=None) 
dog_hardnet: Processing pair 2 from disk...
dog_hardnet: 4 match-sets in 0.59s
[Coarse] dog_hardnet pair 3: dE=-315.0 m dN=7280.4 m (from-pair-11 (phasecorr disagreed), support=None, peak=0.05141784302982283) 
dog_hardnet: Processing pair 3 from disk...
dog_hardnet: 6 match-sets in 0.59s
[Coarse] dog_hardnet pair 4: dE=-315.0 m dN=7280.4 m (from-pair-6, support=None, peak=None) 
dog_hardnet: Processing pair 4 from disk...
dog_hardnet: 5 match-sets in 0.55s
[Coarse] dog_hardnet pair 5: dE=-315.0 m dN=7280.4 m (from-pair-6, support=None, peak=None) 
dog_hardnet: Processing pair 5 from disk...
dog_hardnet: 5 match-sets in 0.61s
[Coarse] dog_hardnet pair 6: dE=-315.0 m dN=7280.4 m (from-pair-11 (phasecorr disagreed), support=None, peak=0.034774091529846195) 
dog_hardnet: Processing pair 6 from disk...
dog_hardnet: 5 match-sets in 0.61s
[Coarse] dog_hardnet pair 7: dE=-75.1 m dN=5172.3 m (phasecorr@315m, support=None, peak=0.3776031465883608) 
dog_hardnet: Processing pair 7 from disk...
dog_hardnet: 0 match-sets in 0.00s
[Coarse] dog_hardnet pair 8: dE=-1852.3 m dN=5084.1 m (phasecorr@315m, support=None, peak=0.2714075272878011) 
dog_hardnet: Processing pair 8 from disk...
dog_hardnet: 0 match-sets in 0.00s
[Coarse] dog_hardnet pair 9: dE=-75.1 m dN=5172.3 m (from-pair-7, support=None, peak=None) 
dog_hardnet: Processing pair 9 from disk...
dog_hardnet: 0 match-sets in 0.00s
[Coarse] dog_hardnet pair 10: dE=-315.0 m dN=7349.3 m (matcher@315m, support=12, peak=None) field 1x1 cells, dE -315..-315 m, dN 7349..7349 m, 0 filled
dog_hardnet: Processing pair 10 from disk...
dog_hardnet: 7 match-sets in 3.37s
[Coarse] dog_hardnet pair 11: dE=-315.0 m dN=7280.4 m (matcher@315m, support=54, peak=None) field 1x1 cells, dE -315..-315 m, dN 7280..7280 m, 0 filled
dog_hardnet: Processing pair 11 from disk...
dog_hardnet: 7 match-sets in 1.60s
[Coarse] dog_hardnet pair 12: dE=9.8 m dN=7640.7 m (matcher@315m, support=29, peak=None) field 1x1 cells, dE 10..10 m, dN 7641..7641 m, 0 filled
dog_hardnet: Processing pair 12 from disk...
dog_hardnet: 7 match-sets in 2.09s
[Coarse] dog_hardnet pair 13: dE=-315.0 m dN=7349.3 m (from-pair-10 (phasecorr disagreed), support=None, peak=0.24878289219405916) 
dog_hardnet: Processing pair 13 from disk...
dog_hardnet: 0 match-sets in 0.00s
[Coarse] dog_hardnet pair 14: dE=-315.0 m dN=7349.3 m (from-pair-10 (phasecorr disagreed), support=None, peak=0.35633478768997723) 
dog_hardnet: Processing pair 14 from disk...
dog_hardnet: 0 match-sets in 0.00s
[Coarse] dog_hardnet pair 15: dE=-1292.7 m dN=7081.4 m (matcher@315m, support=165, peak=None) field 1x1 cells, dE -1293..-1293 m, dN 7081..7081 m, 0 filled
dog_hardnet: Processing pair 15 from disk...
dog_hardnet: 7 match-sets in 1.57s
[Coarse] dog_hardnet pair 16: dE=-1260.0 m dN=7050.2 m (matcher@315m, support=185, peak=None) field 1x1 cells, dE -1260..-1260 m, dN 7050..7050 m, 0 filled
dog_hardnet: Processing pair 16 from disk...
dog_hardnet: 7 match-sets in 1.52s
[Coarse] dog_hardnet pair 17: dE=-1260.0 m dN=7050.2 m (from-pair-16, support=None, peak=None) 
dog_hardnet: Processing pair 17 from disk...
dog_hardnet: 7 match-sets in 0.73s
[Coarse] dog_hardnet pair 18: dE=-1260.0 m dN=7050.2 m (from-pair-16 (phasecorr disagreed), support=None, peak=0.2454520107269287) 
dog_hardnet: Processing pair 18 from disk...
dog_hardnet: 0 match-sets in 0.00s
[Coarse] dog_hardnet pair 19: dE=-1260.0 m dN=7050.2 m (from-pair-16 (phasecorr disagreed), support=None, peak=0.11735943231582642) 
dog_hardnet: Processing pair 19 from disk...
dog_hardnet: 0 match-sets in 0.00s
[Coarse] dog_hardnet pair 20: dE=-1260.0 m dN=7050.2 m (from-pair-16 (phasecorr disagreed), support=None, peak=0.04500516567230225) 
dog_hardnet: Processing pair 20 from disk...
dog_hardnet: 0 match-sets in 0.00s
[Coarse] dog_hardnet pair 21: dE=-1260.0 m dN=7050.2 m (from-pair-16 (phasecorr disagreed), support=None, peak=0.03828669300079346) 
dog_hardnet: Processing pair 21 from disk...
dog_hardnet: 0 match-sets in 0.00s
[Coarse] dog_hardnet pair 22: dE=-1260.0 m dN=7050.2 m (from-pair-16 (phasecorr disagreed), support=None, peak=0.04219192933153223) 
dog_hardnet: Processing pair 22 from disk...
dog_hardnet: 5 match-sets in 2.62s
[Coarse] dog_hardnet pair 23: dE=-1260.0 m dN=7050.2 m (from-pair-22, support=None, peak=None) 
dog_hardnet: Processing pair 23 from disk...
dog_hardnet: 5 match-sets in 1.37s
[Coarse] dog_hardnet pair 24: dE=-1260.0 m dN=7050.2 m (from-pair-22, support=None, peak=None) 
dog_hardnet: Processing pair 24 from disk...
dog_hardnet: 5 match-sets in 0.69s
[Coarse] dog_hardnet pair 25: dE=-1260.0 m dN=7050.2 m (from-pair-22, support=None, peak=None) 
dog_hardnet: Processing pair 25 from disk...
dog_hardnet: 4 match-sets in 1.52s
Saved:
 CHIP_STATS_ALL.csv
 CHIP_STATS_SURVIVORS.csv
 CONSENSUS_SCORES.csv
 BEST_CHIP_SET.csv
 BEST_CHIP_MANIFEST.csv
 BEST_FINAL_SUMMARY.csv
[band1] dog_hardnet ok in 0.6 min, peak GPU memory 2.0 of 15.6 GB
--------------------------------------------------------------------------------
[band1] Running gftt
GFTT-AffNet-HardNet: Loading (upright=True)...
[Coarse] pair 2: no reliable coarse offset (matcher: no matches; phasecorr: {'dx': 12574.81863509712, 'dy': -4254.296899816302, 'support': None, 'n': None, 'peak': 0.022171562748190796}); windows compared in place
[Coarse] pair 4: no reliable coarse offset (matcher: no matches; phasecorr: {'dx': -12384.074490808596, 'dy': -1224.9559256777015, 'support': None, 'n': None, 'peak': 0.028621533425649007}); windows compared in place
[Coarse] pair 5: no reliable coarse offset (matcher: no matches; phasecorr: {'dx': -12498.015398455027, 'dy': -1389.0155843820758, 'support': None, 'n': None, 'peak': 0.02882188277244568}); windows compared in place
[gftt] window (0,0) error: RuntimeError: Padding size should be less than the corresponding input dimension, but got: padding (3, 3) at dimension 2 of input [1, 1, 3, 25]
[gftt] window (0,0) error: RuntimeError: Padding size should be less than the corresponding input dimension, but got: padding (3, 3) at dimension 2 of input [1, 1, 3, 26]
[gftt] window (0,0) error: RuntimeError: Padding size should be less than the corresponding input dimension, but got: padding (3, 3) at dimension 2 of input [1, 1, 3, 25]
[Coarse] pair 9: no reliable coarse offset (matcher: no matches; phasecorr: {'dx': 3042.052254335612, 'dy': 5076.0958523434165, 'support': None, 'n': None, 'peak': -0.10839922587076822}); windows compared in place
[Coarse] pair 10: no reliable coarse offset (matcher: no matches; phasecorr: {'dx': -15791.779157239504, 'dy': -27484.73946603707, 'support': None, 'n': None, 'peak': 0.0061897425567386324}); windows compared in place
[Coarse] pair 11: no reliable coarse offset (matcher: {'dx': 2108.8239669799805, 'dy': 8177.117328643799, 'support': 6, 'n': 11, 'peak': None}; phasecorr: {'dx': 848.0603845427108, 'dy': 31371.840712601417, 'support': None, 'n': None, 'peak': 0.01344987770749463}); windows compared in place
[Coarse] pair 12: no reliable coarse offset (matcher: {'dx': -168.63670349121094, 'dy': 7642.434196472168, 'support': 7, 'n': 7, 'peak': None}; phasecorr: {'dx': -13536.498852975745, 'dy': 7947.8626155329175, 'support': None, 'n': None, 'peak': 0.014224803613733362}); windows compared in place
[Coarse] pair 15: no reliable coarse offset (matcher: {'dx': -1290.3964233398438, 'dy': 6685.963439941406, 'support': 5, 'n': 6, 'peak': None}; phasecorr: {'dx': -41182.32612775494, 'dy': -16523.509648524217, 'support': None, 'n': None, 'peak': -0.0012744354870584276}); windows compared in place
[Coarse] pair 16: no reliable coarse offset (matcher: {'dx': -1167.637939453125, 'dy': 7245.0, 'support': 7, 'n': 8, 'peak': None}; phasecorr: {'dx': -56750.43968732177, 'dy': -48622.98248381368, 'support': None, 'n': None, 'peak': -0.008618614276250203}); windows compared in place
[Coarse] pair 17: no reliable coarse offset (matcher: no matches; phasecorr: {'dx': -66083.54744225116, 'dy': 13836.37775522828, 'support': None, 'n': None, 'peak': 0.011340649922688802}); windows compared in place
[Coarse] pair 23: no reliable coarse offset (matcher: no matches; phasecorr: {'dx': 10626.331712949788, 'dy': 44081.26459194447, 'support': None, 'n': None, 'peak': 0.022681387839493927}); windows compared in place
[Coarse] pair 24: no reliable coarse offset (matcher: no matches; phasecorr: {'dx': -39044.25959720116, 'dy': 27033.45669197513, 'support': None, 'n': None, 'peak': 0.018840152319566702}); windows compared in place
[Coarse] pair 25: no reliable coarse offset (matcher: no matches; phasecorr: {'dx': -2967.3494804437037, 'dy': 31502.918072714525, 'support': None, 'n': None, 'peak': 0.017951171412880038}); windows compared in place
[Coarse] WARNING: gftt: the pairs' coarse offsets differ by up to 39 km, more than one image moves from place to place. Pairs with a wrong offset match the wrong ground (the chip consensus drops them when they are few); if most pairs disagree, check the input's pixel size and window size.
[Coarse] gftt pair 1: dE=11055.1 m dN=4645.5 m (phasecorr@315m, support=None, peak=0.04583818592407085) field 1x1 cells, dE 2522..2522 m, dN 4039..4039 m, 0 filled
gftt: Processing pair 1 from disk...
gftt: 4 match-sets in 1.33s
[Coarse] gftt pair 2: dE=2565.5 m dN=1954.8 m (from-pair-3, support=None, peak=None) 
gftt: Processing pair 2 from disk...
gftt: 5 match-sets in 1.28s
[Coarse] gftt pair 3: dE=434.6 m dN=-3095.9 m (phasecorr@315m, support=None, peak=0.05141784302982283) field 1x1 cells, dE 2566..2566 m, dN 1955..1955 m, 0 filled
gftt: Processing pair 3 from disk...
gftt: 3 match-sets in 1.27s
[Coarse] gftt pair 4: dE=-3950.6 m dN=-7351.1 m (from-pair-6, support=None, peak=None) 
gftt: Processing pair 4 from disk...
gftt: 4 match-sets in 1.27s
[Coarse] gftt pair 5: dE=-3950.6 m dN=-7351.1 m (from-pair-6, support=None, peak=None) 
gftt: Processing pair 5 from disk...
gftt: 3 match-sets in 1.21s
[Coarse] gftt pair 6: dE=-12272.5 m dN=-1453.1 m (phasecorr@315m, support=None, peak=0.034774091529846195) field 1x1 cells, dE -3951..-3951 m, dN -7351..-7351 m, 0 filled
gftt: Processing pair 6 from disk...
gftt: 4 match-sets in 1.22s
[Coarse] gftt pair 7: dE=-75.1 m dN=5172.3 m (phasecorr@315m, support=None, peak=0.3776031465883608) 
gftt: Processing pair 7 from disk...
gftt: 0 match-sets in 0.00s
[Coarse] gftt pair 8: dE=-1852.3 m dN=5084.1 m (phasecorr@315m, support=None, peak=0.2714075272878011) 
gftt: Processing pair 8 from disk...
gftt: 0 match-sets in 0.00s
[Coarse] gftt pair 9: dE=-75.1 m dN=5172.3 m (from-pair-7, support=None, peak=None) 
gftt: Processing pair 9 from disk...
gftt: 0 match-sets in 0.00s
[Coarse] gftt pair 10: dE=2522.1 m dN=4039.4 m (from-pair-1, support=None, peak=None) 
gftt: Processing pair 10 from disk...
gftt: 5 match-sets in 3.73s
[Coarse] gftt pair 11: dE=2522.1 m dN=4039.4 m (from-pair-1, support=None, peak=None) 
gftt: Processing pair 11 from disk...
gftt: 6 match-sets in 3.81s
[Coarse] gftt pair 12: dE=-3950.6 m dN=-7351.1 m (from-pair-6, support=None, peak=None) 
gftt: Processing pair 12 from disk...
gftt: 6 match-sets in 2.40s
[Coarse] gftt pair 13: dE=1721.5 m dN=-10079.3 m (phasecorr@315m, support=None, peak=0.24878289219405916) field 1x1 cells, dE 2629..2629 m, dN -9631..-9631 m, 0 filled
gftt: Processing pair 13 from disk...
gftt: 0 match-sets in 0.00s
[Coarse] gftt pair 14: dE=-2887.9 m dN=-8958.2 m (phasecorr@315m, support=None, peak=0.35633478768997723) field 1x1 cells, dE -2930..-2930 m, dN -9091..-9091 m, 0 filled
gftt: Processing pair 14 from disk...
gftt: 0 match-sets in 0.00s
[Coarse] gftt pair 15: dE=-4370.5 m dN=-8474.7 m (from-pair-21, support=None, peak=None) 
gftt: Processing pair 15 from disk...
gftt: 5 match-sets in 1.13s
[Coarse] gftt pair 16: dE=-4370.5 m dN=-8474.7 m (from-pair-21, support=None, peak=None) 
gftt: Processing pair 16 from disk...
gftt: 6 match-sets in 1.10s
[Coarse] gftt pair 17: dE=-12201.1 m dN=-19785.2 m (from-pair-22, support=None, peak=None) 
gftt: Processing pair 17 from disk...
gftt: 5 match-sets in 1.71s
[Coarse] gftt pair 18: dE=-752.2 m dN=-6939.3 m (phasecorr@315m, support=None, peak=0.2454520107269287) field 1x1 cells, dE -1065..-1065 m, dN -6975..-6975 m, 0 filled
gftt: Processing pair 18 from disk...
gftt: 0 match-sets in 0.00s
[Coarse] gftt pair 19: dE=-28033.4 m dN=-3216.7 m (phasecorr@315m, support=None, peak=0.11735943231582642) 
gftt: Processing pair 19 from disk...
gftt: 0 match-sets in 0.00s
[Coarse] gftt pair 20: dE=-21836.5 m dN=-4781.8 m (phasecorr@315m, support=None, peak=0.04500516567230225) 
gftt: Processing pair 20 from disk...
gftt: 0 match-sets in 0.00s
[Coarse] gftt pair 21: dE=-2511.3 m dN=-8879.5 m (phasecorr@315m, support=None, peak=0.03828669300079346) field 1x1 cells, dE -4371..-4371 m, dN -8475..-8475 m, 0 filled
gftt: Processing pair 21 from disk...
gftt: 0 match-sets in 0.00s
[Coarse] gftt pair 22: dE=-12201.1 m dN=-19785.2 m (phasecorr@315m, support=None, peak=0.04219192933153223) 
gftt: Processing pair 22 from disk...
gftt: 4 match-sets in 2.32s
[Coarse] gftt pair 23: dE=-12201.1 m dN=-19785.2 m (from-pair-22, support=None, peak=None) 
gftt: Processing pair 23 from disk...
gftt: 4 match-sets in 2.72s
[Coarse] gftt pair 24: dE=-12201.1 m dN=-19785.2 m (from-pair-22, support=None, peak=None) 
gftt: Processing pair 24 from disk...
gftt: 3 match-sets in 1.09s
[Coarse] gftt pair 25: dE=-12201.1 m dN=-19785.2 m (from-pair-22, support=None, peak=None) 
gftt: Processing pair 25 from disk...
gftt: 4 match-sets in 0.90s
Saved:
 CHIP_STATS_ALL.csv
 CHIP_STATS_SURVIVORS.csv
 CONSENSUS_SCORES.csv
 BEST_CHIP_SET.csv
 BEST_CHIP_MANIFEST.csv
 BEST_FINAL_SUMMARY.csv
[band1] gftt ok in 0.8 min, peak GPU memory 1.9 of 15.6 GB
--------------------------------------------------------------------------------
[band1] Running hessian
Hessian-AffNet-HardNet: Loading (upright=True)...
[Coarse] pair 2: no reliable coarse offset (matcher: no matches; phasecorr: {'dx': 12574.81863509712, 'dy': -4254.296899816302, 'support': None, 'n': None, 'peak': 0.022171562748190796}); windows compared in place
[Coarse] pair 4: no reliable coarse offset (matcher: no matches; phasecorr: {'dx': -12384.074490808596, 'dy': -1224.9559256777015, 'support': None, 'n': None, 'peak': 0.028621533425649007}); windows compared in place
[Coarse] pair 5: no reliable coarse offset (matcher: no matches; phasecorr: {'dx': -12498.015398455027, 'dy': -1389.0155843820758, 'support': None, 'n': None, 'peak': 0.02882188277244568}); windows compared in place
[Coarse] pair 9: no reliable coarse offset (matcher: no matches; phasecorr: {'dx': 3042.052254335612, 'dy': 5076.0958523434165, 'support': None, 'n': None, 'peak': -0.10839922587076822}); windows compared in place
[Coarse] pair 17: no reliable coarse offset (matcher: no matches; phasecorr: {'dx': -66083.54744225116, 'dy': 13836.37775522828, 'support': None, 'n': None, 'peak': 0.011340649922688802}); windows compared in place
[Coarse] pair 23: no reliable coarse offset (matcher: no matches; phasecorr: {'dx': 10626.331712949788, 'dy': 44081.26459194447, 'support': None, 'n': None, 'peak': 0.022681387839493927}); windows compared in place
[Coarse] pair 24: no reliable coarse offset (matcher: no matches; phasecorr: {'dx': -39044.25959720116, 'dy': 27033.45669197513, 'support': None, 'n': None, 'peak': 0.018840152319566702}); windows compared in place
[Coarse] pair 25: no reliable coarse offset (matcher: no matches; phasecorr: {'dx': -2967.3494804437037, 'dy': 31502.918072714525, 'support': None, 'n': None, 'peak': 0.017951171412880038}); windows compared in place
[Coarse] pair 1: phase correlation gave dE=11055 m dN=4646 m, 11.6 km from every offset the matcher measured; using pair 11's (dE=-291 m dN=7277 m)
[Coarse] pair 3: phase correlation gave dE=435 m dN=-3096 m, 10.1 km from every offset the matcher measured; using pair 11's (dE=-291 m dN=7277 m)
[Coarse] pair 6: phase correlation gave dE=-12273 m dN=-1453 m, 12.7 km from every offset the matcher measured; using pair 11's (dE=-291 m dN=7277 m)
[Coarse] pair 13: phase correlation gave dE=1721 m dN=-10079 m, 17.2 km from every offset the matcher measured; using pair 10's (dE=-180 m dN=7560 m)
[Coarse] pair 14: phase correlation gave dE=-2888 m dN=-8958 m, 15.6 km from every offset the matcher measured; using pair 10's (dE=-180 m dN=7560 m)
[Coarse] pair 18: phase correlation gave dE=-752 m dN=-6939 m, 13.7 km from every offset the matcher measured; using pair 16's (dE=-2508 m dN=6615 m)
[Coarse] pair 19: phase correlation gave dE=-28033 m dN=-3217 m, 27.4 km from every offset the matcher measured; using pair 16's (dE=-2508 m dN=6615 m)
[Coarse] pair 20: phase correlation gave dE=-21837 m dN=-4782 m, 22.4 km from every offset the matcher measured; using pair 16's (dE=-2508 m dN=6615 m)
[Coarse] pair 21: phase correlation gave dE=-2511 m dN=-8880 m, 15.5 km from every offset the matcher measured; using pair 16's (dE=-2508 m dN=6615 m)
[Coarse] pair 22: phase correlation gave dE=-12201 m dN=-19785 m, 28.1 km from every offset the matcher measured; using pair 16's (dE=-2508 m dN=6615 m)
[Coarse] hessian pair 1: dE=-291.1 m dN=7276.7 m (from-pair-11 (phasecorr disagreed), support=None, peak=0.04583818592407085) 
hessian: Processing pair 1 from disk...
hessian: 3 match-sets in 0.76s
[Coarse] hessian pair 2: dE=-291.1 m dN=7276.7 m (from-pair-3, support=None, peak=None) 
hessian: Processing pair 2 from disk...
hessian: 4 match-sets in 0.75s
[Coarse] hessian pair 3: dE=-291.1 m dN=7276.7 m (from-pair-11 (phasecorr disagreed), support=None, peak=0.05141784302982283) 
hessian: Processing pair 3 from disk...
hessian: 5 match-sets in 0.73s
[Coarse] hessian pair 4: dE=-291.1 m dN=7276.7 m (from-pair-6, support=None, peak=None) 
hessian: Processing pair 4 from disk...
hessian: 4 match-sets in 0.74s
[Coarse] hessian pair 5: dE=-291.1 m dN=7276.7 m (from-pair-6, support=None, peak=None) 
hessian: Processing pair 5 from disk...
hessian: 4 match-sets in 0.73s
[Coarse] hessian pair 6: dE=-291.1 m dN=7276.7 m (from-pair-11 (phasecorr disagreed), support=None, peak=0.034774091529846195) 
hessian: Processing pair 6 from disk...
hessian: 3 match-sets in 0.73s
[Coarse] hessian pair 7: dE=-75.1 m dN=5172.3 m (phasecorr@315m, support=None, peak=0.3776031465883608) 
hessian: Processing pair 7 from disk...
hessian: 0 match-sets in 0.00s
[Coarse] hessian pair 8: dE=-1852.3 m dN=5084.1 m (phasecorr@315m, support=None, peak=0.2714075272878011) 
hessian: Processing pair 8 from disk...
hessian: 0 match-sets in 0.00s
[Coarse] hessian pair 9: dE=-75.1 m dN=5172.3 m (from-pair-7, support=None, peak=None) 
hessian: Processing pair 9 from disk...
hessian: 0 match-sets in 0.00s
[Coarse] hessian pair 10: dE=-179.6 m dN=7560.0 m (matcher@315m, support=11, peak=None) field 1x1 cells, dE -180..-180 m, dN 7560..7560 m, 0 filled
hessian: Processing pair 10 from disk...
hessian: 6 match-sets in 2.18s
[Coarse] hessian pair 11: dE=-291.1 m dN=7276.7 m (matcher@315m, support=47, peak=None) field 1x1 cells, dE -291..-291 m, dN 7277..7277 m, 0 filled
hessian: Processing pair 11 from disk...
hessian: 6 match-sets in 2.22s
[Coarse] hessian pair 12: dE=-165.7 m dN=7439.8 m (matcher@315m, support=38, peak=None) field 1x1 cells, dE -166..-166 m, dN 7440..7440 m, 0 filled
hessian: Processing pair 12 from disk...
hessian: 6 match-sets in 1.46s
[Coarse] hessian pair 13: dE=-179.6 m dN=7560.0 m (from-pair-10 (phasecorr disagreed), support=None, peak=0.24878289219405916) 
hessian: Processing pair 13 from disk...
hessian: 0 match-sets in 0.00s
[Coarse] hessian pair 14: dE=-179.6 m dN=7560.0 m (from-pair-10 (phasecorr disagreed), support=None, peak=0.35633478768997723) 
hessian: Processing pair 14 from disk...
hessian: 0 match-sets in 0.00s
[Coarse] hessian pair 15: dE=-1743.5 m dN=6930.0 m (matcher@315m, support=136, peak=None) field 1x1 cells, dE -1744..-1744 m, dN 6930..6930 m, 0 filled
hessian: Processing pair 15 from disk...
hessian: 6 match-sets in 2.20s
[Coarse] hessian pair 16: dE=-2508.2 m dN=6615.0 m (matcher@315m, support=165, peak=None) field 1x1 cells, dE -2508..-2508 m, dN 6615..6615 m, 0 filled
hessian: Processing pair 16 from disk...
hessian: 6 match-sets in 2.18s
[Coarse] hessian pair 17: dE=-2508.2 m dN=6615.0 m (from-pair-16, support=None, peak=None) 
hessian: Processing pair 17 from disk...
hessian: 4 match-sets in 0.82s
[Coarse] hessian pair 18: dE=-2508.2 m dN=6615.0 m (from-pair-16 (phasecorr disagreed), support=None, peak=0.2454520107269287) 
hessian: Processing pair 18 from disk...
hessian: 0 match-sets in 0.00s
[Coarse] hessian pair 19: dE=-2508.2 m dN=6615.0 m (from-pair-16 (phasecorr disagreed), support=None, peak=0.11735943231582642) 
hessian: Processing pair 19 from disk...
hessian: 0 match-sets in 0.00s
[Coarse] hessian pair 20: dE=-2508.2 m dN=6615.0 m (from-pair-16 (phasecorr disagreed), support=None, peak=0.04500516567230225) 
hessian: Processing pair 20 from disk...
hessian: 0 match-sets in 0.00s
[Coarse] hessian pair 21: dE=-2508.2 m dN=6615.0 m (from-pair-16 (phasecorr disagreed), support=None, peak=0.03828669300079346) 
hessian: Processing pair 21 from disk...
hessian: 0 match-sets in 0.00s
[Coarse] hessian pair 22: dE=-2508.2 m dN=6615.0 m (from-pair-16 (phasecorr disagreed), support=None, peak=0.04219192933153223) 
hessian: Processing pair 22 from disk...
hessian: 4 match-sets in 2.65s
[Coarse] hessian pair 23: dE=-2508.2 m dN=6615.0 m (from-pair-22, support=None, peak=None) 
hessian: Processing pair 23 from disk...
hessian: 4 match-sets in 1.71s
[Coarse] hessian pair 24: dE=-2508.2 m dN=6615.0 m (from-pair-22, support=None, peak=None) 
hessian: Processing pair 24 from disk...
hessian: 4 match-sets in 1.43s
[Coarse] hessian pair 25: dE=-2508.2 m dN=6615.0 m (from-pair-22, support=None, peak=None) 
hessian: Processing pair 25 from disk...
hessian: 4 match-sets in 0.87s
Saved:
 CHIP_STATS_ALL.csv
 CHIP_STATS_SURVIVORS.csv
 CONSENSUS_SCORES.csv
 BEST_CHIP_SET.csv
 BEST_CHIP_MANIFEST.csv
 BEST_FINAL_SUMMARY.csv
[band1] hessian ok in 0.8 min, peak GPU memory 2.5 of 15.6 GB
--------------------------------------------------------------------------------
[band1] Running loftr
LoFTR: Initializing model (outdoor weights, coarse threshold 0.2)...
[Coarse] pair 2: no reliable coarse offset (matcher: {'dx': -9713.120241165161, 'dy': 4981.194648742676, 'support': 2, 'n': 12, 'peak': None}; phasecorr: {'dx': 12574.81863509712, 'dy': -4254.296899816302, 'support': None, 'n': None, 'peak': 0.022171562748190796}); windows compared in place
[Coarse] pair 9: no reliable coarse offset (matcher: no matches; phasecorr: {'dx': 3042.052254335612, 'dy': 5076.0958523434165, 'support': None, 'n': None, 'peak': -0.10839922587076822}); windows compared in place
[Coarse] pair 23: no reliable coarse offset (matcher: {'dx': -10433.851089477539, 'dy': -10607.72689819336, 'support': 1, 'n': 4, 'peak': None}; phasecorr: {'dx': 10626.331712949788, 'dy': 44081.26459194447, 'support': None, 'n': None, 'peak': 0.022681387839493927}); windows compared in place
[Coarse] pair 24: no reliable coarse offset (matcher: no matches; phasecorr: {'dx': -39044.25959720116, 'dy': 27033.45669197513, 'support': None, 'n': None, 'peak': 0.018840152319566702}); windows compared in place
[Coarse] pair 25: no reliable coarse offset (matcher: {'dx': 10398.566436767578, 'dy': -2233.252716064453, 'support': 2, 'n': 8, 'peak': None}; phasecorr: {'dx': -2967.3494804437037, 'dy': 31502.918072714525, 'support': None, 'n': None, 'peak': 0.017951171412880038}); windows compared in place
[Coarse] pair 1: phase correlation gave dE=11055 m dN=4646 m, 6.6 km from every offset the matcher measured; using pair 6's (dE=6795 m dN=10030 m)
[Coarse] pair 3: phase correlation gave dE=435 m dN=-3096 m, 10.2 km from every offset the matcher measured; using pair 6's (dE=6795 m dN=10030 m)
[Coarse] pair 13: phase correlation gave dE=1721 m dN=-10079 m, 17.3 km from every offset the matcher measured; using pair 10's (dE=25 m dN=7481 m)
[Coarse] pair 14: phase correlation gave dE=-2888 m dN=-8958 m, 15.6 km from every offset the matcher measured; using pair 10's (dE=25 m dN=7481 m)
[Coarse] pair 18: phase correlation gave dE=-752 m dN=-6939 m, 13.7 km from every offset the matcher measured; using pair 16's (dE=-2567 m dN=6638 m)
[Coarse] pair 19: phase correlation gave dE=-28033 m dN=-3217 m, 27.3 km from every offset the matcher measured; using pair 16's (dE=-2567 m dN=6638 m)
[Coarse] pair 20: phase correlation gave dE=-21837 m dN=-4782 m, 22.4 km from every offset the matcher measured; using pair 16's (dE=-2567 m dN=6638 m)
[Coarse] pair 21: phase correlation gave dE=-2511 m dN=-8880 m, 15.5 km from every offset the matcher measured; using pair 16's (dE=-2567 m dN=6638 m)
[Coarse] pair 22: phase correlation gave dE=-12201 m dN=-19785 m, 28.1 km from every offset the matcher measured; using pair 17's (dE=-871 m dN=7343 m)
[Coarse] WARNING: loftr: the pairs' coarse offsets differ by up to 10 km, more than one image moves from place to place. Pairs with a wrong offset match the wrong ground (the chip consensus drops them when they are few); if most pairs disagree, check the input's pixel size and window size.
[Coarse] loftr pair 1: dE=6794.9 m dN=10030.1 m (from-pair-6 (phasecorr disagreed), support=None, peak=0.04583818592407085) 
loftr: Processing pair 1 from disk...
loftr: 1 match-sets in 0.17s
[Coarse] loftr pair 2: dE=6794.9 m dN=10030.1 m (from-pair-3, support=None, peak=None) 
loftr: Processing pair 2 from disk...
loftr: 1 match-sets in 0.16s
[Coarse] loftr pair 3: dE=6794.9 m dN=10030.1 m (from-pair-6 (phasecorr disagreed), support=None, peak=0.05141784302982283) 
loftr: Processing pair 3 from disk...
loftr: 1 match-sets in 0.03s
[Coarse] loftr pair 4: dE=6972.0 m dN=9848.3 m (matcher@315m, support=13, peak=None) field 1x1 cells, dE 6972..6972 m, dN 9848..9848 m, 0 filled
loftr: Processing pair 4 from disk...
loftr: 1 match-sets in 0.16s
[Coarse] loftr pair 5: dE=6711.9 m dN=9989.3 m (matcher@315m, support=13, peak=None) field 1x1 cells, dE 6712..6712 m, dN 9989..9989 m, 0 filled
loftr: Processing pair 5 from disk...
loftr: 1 match-sets in 0.03s
[Coarse] loftr pair 6: dE=6794.9 m dN=10030.1 m (matcher@315m, support=13, peak=None) field 1x1 cells, dE 6795..6795 m, dN 10030..10030 m, 0 filled
loftr: Processing pair 6 from disk...
loftr: 1 match-sets in 0.16s
[Coarse] loftr pair 7: dE=-75.1 m dN=5172.3 m (phasecorr@315m, support=None, peak=0.3776031465883608) 
loftr: Processing pair 7 from disk...
loftr: 0 match-sets in 0.00s
[Coarse] loftr pair 8: dE=-1852.3 m dN=5084.1 m (phasecorr@315m, support=None, peak=0.2714075272878011) 
loftr: Processing pair 8 from disk...
loftr: 0 match-sets in 0.00s
[Coarse] loftr pair 9: dE=-75.1 m dN=5172.3 m (from-pair-7, support=None, peak=None) 
loftr: Processing pair 9 from disk...
loftr: 0 match-sets in 0.00s
[Coarse] loftr pair 10: dE=24.6 m dN=7480.8 m (matcher@315m, support=56, peak=None) field 1x1 cells, dE 25..25 m, dN 7481..7481 m, 0 filled
loftr: Processing pair 10 from disk...
loftr: 1 match-sets in 0.35s
[Coarse] loftr pair 11: dE=-235.0 m dN=7486.0 m (matcher@315m, support=426, peak=None) field 1x1 cells, dE -235..-235 m, dN 7486..7486 m, 0 filled
loftr: Processing pair 11 from disk...
loftr: 1 match-sets in 0.09s
[Coarse] loftr pair 12: dE=-493.9 m dN=7452.6 m (matcher@315m, support=395, peak=None) field 1x1 cells, dE -494..-494 m, dN 7453..7453 m, 0 filled
loftr: Processing pair 12 from disk...
loftr: 1 match-sets in 0.06s
[Coarse] loftr pair 13: dE=24.6 m dN=7480.8 m (from-pair-10 (phasecorr disagreed), support=None, peak=0.24878289219405916) 
loftr: Processing pair 13 from disk...
loftr: 0 match-sets in 0.00s
[Coarse] loftr pair 14: dE=24.6 m dN=7480.8 m (from-pair-10 (phasecorr disagreed), support=None, peak=0.35633478768997723) 
loftr: Processing pair 14 from disk...
loftr: 0 match-sets in 0.00s
[Coarse] loftr pair 15: dE=-1542.3 m dN=7091.8 m (matcher@315m, support=468, peak=None) field 1x1 cells, dE -1542..-1542 m, dN 7092..7092 m, 0 filled
loftr: Processing pair 15 from disk...
loftr: 1 match-sets in 0.36s
[Coarse] loftr pair 16: dE=-2566.6 m dN=6637.5 m (matcher@315m, support=475, peak=None) field 1x1 cells, dE -2567..-2567 m, dN 6638..6638 m, 0 filled
loftr: Processing pair 16 from disk...
loftr: 1 match-sets in 0.38s
[Coarse] loftr pair 17: dE=-870.9 m dN=7342.9 m (matcher@315m, support=46, peak=None) field 1x1 cells, dE -871..-871 m, dN 7343..7343 m, 0 filled
loftr: Processing pair 17 from disk...
loftr: 1 match-sets in 0.05s
[Coarse] loftr pair 18: dE=-2566.6 m dN=6637.5 m (from-pair-16 (phasecorr disagreed), support=None, peak=0.2454520107269287) 
loftr: Processing pair 18 from disk...
loftr: 0 match-sets in 0.00s
[Coarse] loftr pair 19: dE=-2566.6 m dN=6637.5 m (from-pair-16 (phasecorr disagreed), support=None, peak=0.11735943231582642) 
loftr: Processing pair 19 from disk...
loftr: 0 match-sets in 0.00s
[Coarse] loftr pair 20: dE=-2566.6 m dN=6637.5 m (from-pair-16 (phasecorr disagreed), support=None, peak=0.04500516567230225) 
loftr: Processing pair 20 from disk...
loftr: 0 match-sets in 0.00s
[Coarse] loftr pair 21: dE=-2566.6 m dN=6637.5 m (from-pair-16 (phasecorr disagreed), support=None, peak=0.03828669300079346) 
loftr: Processing pair 21 from disk...
loftr: 0 match-sets in 0.00s
[Coarse] loftr pair 22: dE=-870.9 m dN=7342.9 m (from-pair-17 (phasecorr disagreed), support=None, peak=0.04219192933153223) 
loftr: Processing pair 22 from disk...
loftr: 1 match-sets in 0.30s
[Coarse] loftr pair 23: dE=-870.9 m dN=7342.9 m (from-pair-22, support=None, peak=None) 
loftr: Processing pair 23 from disk...
loftr: 1 match-sets in 0.06s
[Coarse] loftr pair 24: dE=-870.9 m dN=7342.9 m (from-pair-22, support=None, peak=None) 
loftr: Processing pair 24 from disk...
loftr: 1 match-sets in 0.20s
[Coarse] loftr pair 25: dE=-870.9 m dN=7342.9 m (from-pair-22, support=None, peak=None) 
loftr: Processing pair 25 from disk...
loftr: 1 match-sets in 0.04s
Saved:
 CHIP_STATS_ALL.csv
 CHIP_STATS_SURVIVORS.csv
 CONSENSUS_SCORES.csv
 BEST_CHIP_SET.csv
 BEST_CHIP_MANIFEST.csv
 BEST_FINAL_SUMMARY.csv
[band1] loftr ok in 0.2 min, peak GPU memory 0.8 of 15.6 GB
--------------------------------------------------------------------------------
[band1] Running loftr-windoor
LoFTR: Initializing model (indoor weights, coarse threshold 0.2)...
Downloading: "http://cmp.felk.cvut.cz/~mishkdmy/models/loftr_indoor.ckpt" to /home/gpuworker/.cache/torch/hub/checkpoints/loftr_indoor.ckpt
[loftr-windoor] MODEL LOAD FAILED: LoFTR (indoor weights) could not be loaded (URLError: <urlopen error [Errno -2] Name or service not known>). Looked for its weights in: /home/gpuworker/.cache/torch/hub/checkpoints; /maintenance/ICIGDev/GPUPOC/input/dqe/imw_runtime/imw_cache/torch/hub/checkpoints. On an offline machine, run prefetch_weights.py on a connected one and set the weights folder to its output (or copy the files into one of these).
[band1] loftr-windoor SKIPPED -- model not available (see message above)
[band1] loftr-windoor failed in 0.2 min, peak GPU memory 0.0 of 15.6 GB
--------------------------------------------------------------------------------
[band1] Running loftr-windoornew
LoFTR: Initializing model (indoor_new weights, coarse threshold 0.2)...
Downloading: "http://cmp.felk.cvut.cz/~mishkdmy/models/loftr_indoor_ds_new.ckpt" to /home/gpuworker/.cache/torch/hub/checkpoints/loftr_indoor_ds_new.ckpt
[loftr-windoornew] MODEL LOAD FAILED: LoFTR (indoor_new weights) could not be loaded (URLError: <urlopen error [Errno -2] Name or service not known>). Looked for its weights in: /home/gpuworker/.cache/torch/hub/checkpoints; /maintenance/ICIGDev/GPUPOC/input/dqe/imw_runtime/imw_cache/torch/hub/checkpoints. On an offline machine, run prefetch_weights.py on a connected one and set the weights folder to its output (or copy the files into one of these).
[band1] loftr-windoornew SKIPPED -- model not available (see message above)
[band1] loftr-windoornew failed in 0.2 min, peak GPU memory 0.0 of 15.6 GB
--------------------------------------------------------------------------------
[band1] Running imw-sp-lg
[imw-sp-lg] Loading model...
Loaded SuperPoint model
[imw-sp-lg] warm-up on a synthetic pair failed (IndexError: max(): Expected reduction dim 1 to have non-zero size.) -- carrying on with the real windows
[Coarse] pair 2: no reliable coarse offset (matcher: no matches; phasecorr: {'dx': 12574.81863509712, 'dy': -4254.296899816302, 'support': None, 'n': None, 'peak': 0.022171562748190796}); windows compared in place
[Coarse] pair 4: no reliable coarse offset (matcher: no matches; phasecorr: {'dx': -12384.074490808596, 'dy': -1224.9559256777015, 'support': None, 'n': None, 'peak': 0.028621533425649007}); windows compared in place
[Coarse] pair 5: no reliable coarse offset (matcher: no matches; phasecorr: {'dx': -12498.015398455027, 'dy': -1389.0155843820758, 'support': None, 'n': None, 'peak': 0.02882188277244568}); windows compared in place
[Coarse] pair 9: no reliable coarse offset (matcher: no matches; phasecorr: {'dx': 3042.052254335612, 'dy': 5076.0958523434165, 'support': None, 'n': None, 'peak': -0.10839922587076822}); windows compared in place
[Coarse] pair 10: no reliable coarse offset (matcher: {'dx': 787.5, 'dy': 7402.5, 'support': 2, 'n': 3, 'peak': None}; phasecorr: {'dx': -15791.779157239504, 'dy': -27484.73946603707, 'support': None, 'n': None, 'peak': 0.0061897425567386324}); windows compared in place
[Coarse] pair 17: no reliable coarse offset (matcher: no matches; phasecorr: {'dx': -66083.54744225116, 'dy': 13836.37775522828, 'support': None, 'n': None, 'peak': 0.011340649922688802}); windows compared in place
[Coarse] pair 23: no reliable coarse offset (matcher: no matches; phasecorr: {'dx': 10626.331712949788, 'dy': 44081.26459194447, 'support': None, 'n': None, 'peak': 0.022681387839493927}); windows compared in place
[Coarse] pair 24: no reliable coarse offset (matcher: no matches; phasecorr: {'dx': -39044.25959720116, 'dy': 27033.45669197513, 'support': None, 'n': None, 'peak': 0.018840152319566702}); windows compared in place
[Coarse] pair 25: no reliable coarse offset (matcher: no matches; phasecorr: {'dx': -2967.3494804437037, 'dy': 31502.918072714525, 'support': None, 'n': None, 'peak': 0.017951171412880038}); windows compared in place
[Coarse] pair 1: phase correlation gave dE=11055 m dN=4646 m, 10.9 km from every offset the matcher measured; using pair 11's (dE=315 m dN=7875 m)
[Coarse] pair 3: phase correlation gave dE=435 m dN=-3096 m, 10.2 km from every offset the matcher measured; using pair 11's (dE=315 m dN=7875 m)
[Coarse] pair 6: phase correlation gave dE=-12273 m dN=-1453 m, 12.4 km from every offset the matcher measured; using pair 11's (dE=315 m dN=7875 m)
[Coarse] pair 13: phase correlation gave dE=1721 m dN=-10079 m, 17.3 km from every offset the matcher measured; using pair 11's (dE=315 m dN=7875 m)
[Coarse] pair 14: phase correlation gave dE=-2888 m dN=-8958 m, 15.6 km from every offset the matcher measured; using pair 11's (dE=315 m dN=7875 m)
[Coarse] pair 18: phase correlation gave dE=-752 m dN=-6939 m, 13.7 km from every offset the matcher measured; using pair 16's (dE=-2835 m dN=6615 m)
[Coarse] pair 19: phase correlation gave dE=-28033 m dN=-3217 m, 27.0 km from every offset the matcher measured; using pair 16's (dE=-2835 m dN=6615 m)
[Coarse] pair 20: phase correlation gave dE=-21837 m dN=-4782 m, 22.2 km from every offset the matcher measured; using pair 16's (dE=-2835 m dN=6615 m)
[Coarse] pair 21: phase correlation gave dE=-2511 m dN=-8880 m, 15.5 km from every offset the matcher measured; using pair 16's (dE=-2835 m dN=6615 m)
[Coarse] pair 22: phase correlation gave dE=-12201 m dN=-19785 m, 28.0 km from every offset the matcher measured; using pair 16's (dE=-2835 m dN=6615 m)
[Coarse] imw-sp-lg pair 1: dE=315.0 m dN=7875.0 m (from-pair-11 (phasecorr disagreed), support=None, peak=0.04583818592407085) 
imw-sp-lg: Processing pair 1 from disk...
imw-sp-lg: 1 match-sets in 0.15s
[Coarse] imw-sp-lg pair 2: dE=315.0 m dN=7875.0 m (from-pair-3, support=None, peak=None) 
imw-sp-lg: Processing pair 2 from disk...
imw-sp-lg: 0 match-sets in 0.07s
[Coarse] imw-sp-lg pair 3: dE=315.0 m dN=7875.0 m (from-pair-11 (phasecorr disagreed), support=None, peak=0.05141784302982283) 
imw-sp-lg: Processing pair 3 from disk...
imw-sp-lg: 0 match-sets in 0.07s
[Coarse] imw-sp-lg pair 4: dE=315.0 m dN=7875.0 m (from-pair-6, support=None, peak=None) 
imw-sp-lg: Processing pair 4 from disk...
imw-sp-lg: 0 match-sets in 0.11s
[Coarse] imw-sp-lg pair 5: dE=315.0 m dN=7875.0 m (from-pair-6, support=None, peak=None) 
imw-sp-lg: Processing pair 5 from disk...
imw-sp-lg: 1 match-sets in 0.07s
[Coarse] imw-sp-lg pair 6: dE=315.0 m dN=7875.0 m (from-pair-11 (phasecorr disagreed), support=None, peak=0.034774091529846195) 
imw-sp-lg: Processing pair 6 from disk...
imw-sp-lg: 0 match-sets in 0.05s
[Coarse] imw-sp-lg pair 7: dE=-75.1 m dN=5172.3 m (phasecorr@315m, support=None, peak=0.3776031465883608) 
imw-sp-lg: Processing pair 7 from disk...
imw-sp-lg: 0 match-sets in 0.00s
[Coarse] imw-sp-lg pair 8: dE=-1852.3 m dN=5084.1 m (phasecorr@315m, support=None, peak=0.2714075272878011) 
imw-sp-lg: Processing pair 8 from disk...
imw-sp-lg: 0 match-sets in 0.00s
[Coarse] imw-sp-lg pair 9: dE=-75.1 m dN=5172.3 m (from-pair-7, support=None, peak=None) 
imw-sp-lg: Processing pair 9 from disk...
imw-sp-lg: 0 match-sets in 0.00s
[Coarse] imw-sp-lg pair 10: dE=315.0 m dN=7875.0 m (from-pair-11, support=None, peak=None) 
imw-sp-lg: Processing pair 10 from disk...
imw-sp-lg: 1 match-sets in 0.37s
[Coarse] imw-sp-lg pair 11: dE=315.0 m dN=7875.0 m (matcher@315m, support=17, peak=None) field 1x1 cells, dE 315..315 m, dN 7875..7875 m, 0 filled
imw-sp-lg: Processing pair 11 from disk...
imw-sp-lg: 1 match-sets in 0.27s
[Coarse] imw-sp-lg pair 12: dE=630.0 m dN=7875.0 m (matcher@315m, support=11, peak=None) field 1x1 cells, dE 630..630 m, dN 7875..7875 m, 0 filled
imw-sp-lg: Processing pair 12 from disk...
imw-sp-lg: 1 match-sets in 0.18s
[Coarse] imw-sp-lg pair 13: dE=315.0 m dN=7875.0 m (from-pair-11 (phasecorr disagreed), support=None, peak=0.24878289219405916) 
imw-sp-lg: Processing pair 13 from disk...
imw-sp-lg: 0 match-sets in 0.00s
[Coarse] imw-sp-lg pair 14: dE=315.0 m dN=7875.0 m (from-pair-11 (phasecorr disagreed), support=None, peak=0.35633478768997723) 
imw-sp-lg: Processing pair 14 from disk...
imw-sp-lg: 0 match-sets in 0.00s
[Coarse] imw-sp-lg pair 15: dE=-1575.0 m dN=6930.0 m (matcher@315m, support=14, peak=None) field 1x1 cells, dE -1575..-1575 m, dN 6930..6930 m, 0 filled
imw-sp-lg: Processing pair 15 from disk...
imw-sp-lg: 1 match-sets in 0.39s
[Coarse] imw-sp-lg pair 16: dE=-2835.0 m dN=6615.0 m (matcher@315m, support=11, peak=None) field 1x1 cells, dE -2835..-2835 m, dN 6615..6615 m, 0 filled
imw-sp-lg: Processing pair 16 from disk...
imw-sp-lg: 1 match-sets in 0.29s
[Coarse] imw-sp-lg pair 17: dE=-2835.0 m dN=6615.0 m (from-pair-16, support=None, peak=None) 
imw-sp-lg: Processing pair 17 from disk...
imw-sp-lg: 0 match-sets in 0.15s
[Coarse] imw-sp-lg pair 18: dE=-2835.0 m dN=6615.0 m (from-pair-16 (phasecorr disagreed), support=None, peak=0.2454520107269287) 
imw-sp-lg: Processing pair 18 from disk...
imw-sp-lg: 0 match-sets in 0.00s
[Coarse] imw-sp-lg pair 19: dE=-2835.0 m dN=6615.0 m (from-pair-16 (phasecorr disagreed), support=None, peak=0.11735943231582642) 
imw-sp-lg: Processing pair 19 from disk...
imw-sp-lg: 0 match-sets in 0.00s
[Coarse] imw-sp-lg pair 20: dE=-2835.0 m dN=6615.0 m (from-pair-16 (phasecorr disagreed), support=None, peak=0.04500516567230225) 
imw-sp-lg: Processing pair 20 from disk...
imw-sp-lg: 0 match-sets in 0.00s
[Coarse] imw-sp-lg pair 21: dE=-2835.0 m dN=6615.0 m (from-pair-16 (phasecorr disagreed), support=None, peak=0.03828669300079346) 
imw-sp-lg: Processing pair 21 from disk...
imw-sp-lg: 0 match-sets in 0.00s
[Coarse] imw-sp-lg pair 22: dE=-2835.0 m dN=6615.0 m (from-pair-16 (phasecorr disagreed), support=None, peak=0.04219192933153223) 
imw-sp-lg: Processing pair 22 from disk...
imw-sp-lg: 1 match-sets in 0.28s
[Coarse] imw-sp-lg pair 23: dE=-2835.0 m dN=6615.0 m (from-pair-22, support=None, peak=None) 
imw-sp-lg: Processing pair 23 from disk...
imw-sp-lg: 1 match-sets in 0.17s
[Coarse] imw-sp-lg pair 24: dE=-2835.0 m dN=6615.0 m (from-pair-22, support=None, peak=None) 
imw-sp-lg: Processing pair 24 from disk...
imw-sp-lg: 0 match-sets in 0.08s
[Coarse] imw-sp-lg pair 25: dE=-2835.0 m dN=6615.0 m (from-pair-22, support=None, peak=None) 
imw-sp-lg: Processing pair 25 from disk...
imw-sp-lg: 1 match-sets in 0.09s
Saved:
 CHIP_STATS_ALL.csv
 CHIP_STATS_SURVIVORS.csv
 CONSENSUS_SCORES.csv
 BEST_CHIP_SET.csv
 BEST_CHIP_MANIFEST.csv
 BEST_FINAL_SUMMARY.csv
[band1] imw-sp-lg ok in 0.1 min, peak GPU memory 0.8 of 15.6 GB
[imw-sp-lg] Model unloaded.
--------------------------------------------------------------------------------
[band1] Running imw-aliked-lg
[imw-aliked-lg] Loading model...
[Coarse] pair 2: no reliable coarse offset (matcher: no matches; phasecorr: {'dx': 12574.81863509712, 'dy': -4254.296899816302, 'support': None, 'n': None, 'peak': 0.022171562748190796}); windows compared in place
[Coarse] pair 4: no reliable coarse offset (matcher: no matches; phasecorr: {'dx': -12384.074490808596, 'dy': -1224.9559256777015, 'support': None, 'n': None, 'peak': 0.028621533425649007}); windows compared in place
[Coarse] pair 5: no reliable coarse offset (matcher: no matches; phasecorr: {'dx': -12498.015398455027, 'dy': -1389.0155843820758, 'support': None, 'n': None, 'peak': 0.02882188277244568}); windows compared in place
[Coarse] pair 9: no reliable coarse offset (matcher: no matches; phasecorr: {'dx': 3042.052254335612, 'dy': 5076.0958523434165, 'support': None, 'n': None, 'peak': -0.10839922587076822}); windows compared in place
[Coarse] pair 10: no reliable coarse offset (matcher: no matches; phasecorr: {'dx': -15791.779157239504, 'dy': -27484.73946603707, 'support': None, 'n': None, 'peak': 0.0061897425567386324}); windows compared in place
[Coarse] pair 17: no reliable coarse offset (matcher: no matches; phasecorr: {'dx': -66083.54744225116, 'dy': 13836.37775522828, 'support': None, 'n': None, 'peak': 0.011340649922688802}); windows compared in place
[Coarse] pair 23: no reliable coarse offset (matcher: no matches; phasecorr: {'dx': 10626.331712949788, 'dy': 44081.26459194447, 'support': None, 'n': None, 'peak': 0.022681387839493927}); windows compared in place
[Coarse] pair 24: no reliable coarse offset (matcher: no matches; phasecorr: {'dx': -39044.25959720116, 'dy': 27033.45669197513, 'support': None, 'n': None, 'peak': 0.018840152319566702}); windows compared in place
[Coarse] pair 25: no reliable coarse offset (matcher: no matches; phasecorr: {'dx': -2967.3494804437037, 'dy': 31502.918072714525, 'support': None, 'n': None, 'peak': 0.017951171412880038}); windows compared in place
[Coarse] pair 1: phase correlation gave dE=11055 m dN=4646 m, 11.1 km from every offset the matcher measured; using pair 11's (dE=291 m dN=7500 m)
[Coarse] pair 3: phase correlation gave dE=435 m dN=-3096 m, 10.2 km from every offset the matcher measured; using pair 11's (dE=291 m dN=7500 m)
[Coarse] pair 6: phase correlation gave dE=-12273 m dN=-1453 m, 13.0 km from every offset the matcher measured; using pair 11's (dE=291 m dN=7500 m)
[Coarse] pair 13: phase correlation gave dE=1721 m dN=-10079 m, 17.3 km from every offset the matcher measured; using pair 11's (dE=291 m dN=7500 m)
[Coarse] pair 14: phase correlation gave dE=-2888 m dN=-8958 m, 15.8 km from every offset the matcher measured; using pair 11's (dE=291 m dN=7500 m)
[Coarse] pair 18: phase correlation gave dE=-752 m dN=-6939 m, 13.8 km from every offset the matcher measured; using pair 16's (dE=-2202 m dN=6801 m)
[Coarse] pair 19: phase correlation gave dE=-28033 m dN=-3217 m, 27.7 km from every offset the matcher measured; using pair 16's (dE=-2202 m dN=6801 m)
[Coarse] pair 20: phase correlation gave dE=-21837 m dN=-4782 m, 22.8 km from every offset the matcher measured; using pair 16's (dE=-2202 m dN=6801 m)
[Coarse] pair 21: phase correlation gave dE=-2511 m dN=-8880 m, 15.7 km from every offset the matcher measured; using pair 16's (dE=-2202 m dN=6801 m)
[Coarse] pair 22: phase correlation gave dE=-12201 m dN=-19785 m, 28.4 km from every offset the matcher measured; using pair 16's (dE=-2202 m dN=6801 m)
[Coarse] imw-aliked-lg pair 1: dE=291.2 m dN=7499.9 m (from-pair-11 (phasecorr disagreed), support=None, peak=0.04583818592407085) 
imw-aliked-lg: Processing pair 1 from disk...
imw-aliked-lg: 0 match-sets in 0.18s
[Coarse] imw-aliked-lg pair 2: dE=291.2 m dN=7499.9 m (from-pair-3, support=None, peak=None) 
imw-aliked-lg: Processing pair 2 from disk...
imw-aliked-lg: 0 match-sets in 0.08s
[Coarse] imw-aliked-lg pair 3: dE=291.2 m dN=7499.9 m (from-pair-11 (phasecorr disagreed), support=None, peak=0.05141784302982283) 
imw-aliked-lg: Processing pair 3 from disk...
imw-aliked-lg: 0 match-sets in 0.08s
[Coarse] imw-aliked-lg pair 4: dE=291.2 m dN=7499.9 m (from-pair-6, support=None, peak=None) 
imw-aliked-lg: Processing pair 4 from disk...
imw-aliked-lg: 1 match-sets in 0.19s
[Coarse] imw-aliked-lg pair 5: dE=291.2 m dN=7499.9 m (from-pair-6, support=None, peak=None) 
imw-aliked-lg: Processing pair 5 from disk...
imw-aliked-lg: 0 match-sets in 0.08s
[Coarse] imw-aliked-lg pair 6: dE=291.2 m dN=7499.9 m (from-pair-11 (phasecorr disagreed), support=None, peak=0.034774091529846195) 
imw-aliked-lg: Processing pair 6 from disk...
imw-aliked-lg: 1 match-sets in 0.09s
[Coarse] imw-aliked-lg pair 7: dE=-75.1 m dN=5172.3 m (phasecorr@315m, support=None, peak=0.3776031465883608) 
imw-aliked-lg: Processing pair 7 from disk...
imw-aliked-lg: 0 match-sets in 0.00s
[Coarse] imw-aliked-lg pair 8: dE=-1852.3 m dN=5084.1 m (phasecorr@315m, support=None, peak=0.2714075272878011) 
imw-aliked-lg: Processing pair 8 from disk...
imw-aliked-lg: 0 match-sets in 0.00s
[Coarse] imw-aliked-lg pair 9: dE=-75.1 m dN=5172.3 m (from-pair-7, support=None, peak=None) 
imw-aliked-lg: Processing pair 9 from disk...
imw-aliked-lg: 0 match-sets in 0.00s
[Coarse] imw-aliked-lg pair 10: dE=291.2 m dN=7499.9 m (from-pair-11, support=None, peak=None) 
imw-aliked-lg: Processing pair 10 from disk...
imw-aliked-lg: 1 match-sets in 0.44s
[Coarse] imw-aliked-lg pair 11: dE=291.2 m dN=7499.9 m (matcher@315m, support=24, peak=None) field 1x1 cells, dE 291..291 m, dN 7500..7500 m, 0 filled
imw-aliked-lg: Processing pair 11 from disk...
imw-aliked-lg: 1 match-sets in 0.30s
[Coarse] imw-aliked-lg pair 12: dE=-585.3 m dN=7497.6 m (matcher@315m, support=38, peak=None) field 1x1 cells, dE -585..-585 m, dN 7498..7498 m, 0 filled
imw-aliked-lg: Processing pair 12 from disk...
imw-aliked-lg: 1 match-sets in 0.21s
[Coarse] imw-aliked-lg pair 13: dE=291.2 m dN=7499.9 m (from-pair-11 (phasecorr disagreed), support=None, peak=0.24878289219405916) 
imw-aliked-lg: Processing pair 13 from disk...
imw-aliked-lg: 0 match-sets in 0.00s
[Coarse] imw-aliked-lg pair 14: dE=291.2 m dN=7499.9 m (from-pair-11 (phasecorr disagreed), support=None, peak=0.35633478768997723) 
imw-aliked-lg: Processing pair 14 from disk...
imw-aliked-lg: 0 match-sets in 0.00s
[Coarse] imw-aliked-lg pair 15: dE=-2106.1 m dN=6794.0 m (matcher@315m, support=168, peak=None) field 1x1 cells, dE -2106..-2106 m, dN 6794..6794 m, 0 filled
imw-aliked-lg: Processing pair 15 from disk...
imw-aliked-lg: 1 match-sets in 0.48s
[Coarse] imw-aliked-lg pair 16: dE=-2202.2 m dN=6801.5 m (matcher@315m, support=174, peak=None) field 1x1 cells, dE -2202..-2202 m, dN 6801..6801 m, 0 filled
imw-aliked-lg: Processing pair 16 from disk...
imw-aliked-lg: 1 match-sets in 0.30s
[Coarse] imw-aliked-lg pair 17: dE=-2202.2 m dN=6801.5 m (from-pair-16, support=None, peak=None) 
imw-aliked-lg: Processing pair 17 from disk...
imw-aliked-lg: 0 match-sets in 0.16s
[Coarse] imw-aliked-lg pair 18: dE=-2202.2 m dN=6801.5 m (from-pair-16 (phasecorr disagreed), support=None, peak=0.2454520107269287) 
imw-aliked-lg: Processing pair 18 from disk...
imw-aliked-lg: 0 match-sets in 0.00s
[Coarse] imw-aliked-lg pair 19: dE=-2202.2 m dN=6801.5 m (from-pair-16 (phasecorr disagreed), support=None, peak=0.11735943231582642) 
imw-aliked-lg: Processing pair 19 from disk...
imw-aliked-lg: 0 match-sets in 0.00s
[Coarse] imw-aliked-lg pair 20: dE=-2202.2 m dN=6801.5 m (from-pair-16 (phasecorr disagreed), support=None, peak=0.04500516567230225) 
imw-aliked-lg: Processing pair 20 from disk...
imw-aliked-lg: 0 match-sets in 0.00s
[Coarse] imw-aliked-lg pair 21: dE=-2202.2 m dN=6801.5 m (from-pair-16 (phasecorr disagreed), support=None, peak=0.03828669300079346) 
imw-aliked-lg: Processing pair 21 from disk...
imw-aliked-lg: 0 match-sets in 0.00s
[Coarse] imw-aliked-lg pair 22: dE=-2202.2 m dN=6801.5 m (from-pair-16 (phasecorr disagreed), support=None, peak=0.04219192933153223) 
imw-aliked-lg: Processing pair 22 from disk...
imw-aliked-lg: 0 match-sets in 0.32s
[Coarse] imw-aliked-lg pair 23: dE=-2202.2 m dN=6801.5 m (from-pair-22, support=None, peak=None) 
imw-aliked-lg: Processing pair 23 from disk...
imw-aliked-lg: 1 match-sets in 0.23s
[Coarse] imw-aliked-lg pair 24: dE=-2202.2 m dN=6801.5 m (from-pair-22, support=None, peak=None) 
imw-aliked-lg: Processing pair 24 from disk...
imw-aliked-lg: 0 match-sets in 0.11s
[Coarse] imw-aliked-lg pair 25: dE=-2202.2 m dN=6801.5 m (from-pair-22, support=None, peak=None) 
imw-aliked-lg: Processing pair 25 from disk...
imw-aliked-lg: 1 match-sets in 0.13s
Saved:
 CHIP_STATS_ALL.csv
 CHIP_STATS_SURVIVORS.csv
 CONSENSUS_SCORES.csv
 BEST_CHIP_SET.csv
 BEST_CHIP_MANIFEST.csv
 BEST_FINAL_SUMMARY.csv
[band1] imw-aliked-lg ok in 0.2 min, peak GPU memory 1.2 of 15.6 GB
[imw-aliked-lg] Model unloaded.
--------------------------------------------------------------------------------
[band1] Running imw-sp-sg
[imw-sp-sg] Loading model...
Loaded SuperPoint model
[Coarse] pair 2: no reliable coarse offset (matcher: no matches; phasecorr: {'dx': 12574.81863509712, 'dy': -4254.296899816302, 'support': None, 'n': None, 'peak': 0.022171562748190796}); windows compared in place
[Coarse] pair 4: no reliable coarse offset (matcher: no matches; phasecorr: {'dx': -12384.074490808596, 'dy': -1224.9559256777015, 'support': None, 'n': None, 'peak': 0.028621533425649007}); windows compared in place
[Coarse] pair 5: no reliable coarse offset (matcher: no matches; phasecorr: {'dx': -12498.015398455027, 'dy': -1389.0155843820758, 'support': None, 'n': None, 'peak': 0.02882188277244568}); windows compared in place
[Coarse] pair 9: no reliable coarse offset (matcher: no matches; phasecorr: {'dx': 3042.052254335612, 'dy': 5076.0958523434165, 'support': None, 'n': None, 'peak': -0.10839922587076822}); windows compared in place
[Coarse] pair 10: no reliable coarse offset (matcher: no matches; phasecorr: {'dx': -15791.779157239504, 'dy': -27484.73946603707, 'support': None, 'n': None, 'peak': 0.0061897425567386324}); windows compared in place
[Coarse] pair 12: no reliable coarse offset (matcher: {'dx': 630.0, 'dy': 7717.5, 'support': 6, 'n': 7, 'peak': None}; phasecorr: {'dx': -13536.498852975745, 'dy': 7947.8626155329175, 'support': None, 'n': None, 'peak': 0.014224803613733362}); windows compared in place
[Coarse] pair 17: no reliable coarse offset (matcher: {'dx': -1260.0, 'dy': 6930.0, 'support': 3, 'n': 6, 'peak': None}; phasecorr: {'dx': -66083.54744225116, 'dy': 13836.37775522828, 'support': None, 'n': None, 'peak': 0.011340649922688802}); windows compared in place
[Coarse] pair 23: no reliable coarse offset (matcher: no matches; phasecorr: {'dx': 10626.331712949788, 'dy': 44081.26459194447, 'support': None, 'n': None, 'peak': 0.022681387839493927}); windows compared in place
[Coarse] pair 24: no reliable coarse offset (matcher: no matches; phasecorr: {'dx': -39044.25959720116, 'dy': 27033.45669197513, 'support': None, 'n': None, 'peak': 0.018840152319566702}); windows compared in place
[Coarse] pair 25: no reliable coarse offset (matcher: no matches; phasecorr: {'dx': -2967.3494804437037, 'dy': 31502.918072714525, 'support': None, 'n': None, 'peak': 0.017951171412880038}); windows compared in place
[Coarse] pair 1: phase correlation gave dE=11055 m dN=4646 m, 11.2 km from every offset the matcher measured; using pair 11's (dE=315 m dN=7875 m)
[Coarse] pair 3: phase correlation gave dE=435 m dN=-3096 m, 10.4 km from every offset the matcher measured; using pair 11's (dE=315 m dN=7875 m)
[Coarse] pair 6: phase correlation gave dE=-12273 m dN=-1453 m, 11.9 km from every offset the matcher measured; using pair 11's (dE=315 m dN=7875 m)
[Coarse] pair 13: phase correlation gave dE=1721 m dN=-10079 m, 17.5 km from every offset the matcher measured; using pair 11's (dE=315 m dN=7875 m)
[Coarse] pair 14: phase correlation gave dE=-2888 m dN=-8958 m, 15.7 km from every offset the matcher measured; using pair 11's (dE=315 m dN=7875 m)
[Coarse] pair 18: phase correlation gave dE=-752 m dN=-6939 m, 14.0 km from every offset the matcher measured; using pair 16's (dE=-945 m dN=7245 m)
[Coarse] pair 19: phase correlation gave dE=-28033 m dN=-3217 m, 26.4 km from every offset the matcher measured; using pair 16's (dE=-945 m dN=7245 m)
[Coarse] pair 20: phase correlation gave dE=-21837 m dN=-4782 m, 21.6 km from every offset the matcher measured; using pair 16's (dE=-945 m dN=7245 m)
[Coarse] pair 21: phase correlation gave dE=-2511 m dN=-8880 m, 15.7 km from every offset the matcher measured; using pair 16's (dE=-945 m dN=7245 m)
[Coarse] pair 22: phase correlation gave dE=-12201 m dN=-19785 m, 27.9 km from every offset the matcher measured; using pair 16's (dE=-945 m dN=7245 m)
[Coarse] imw-sp-sg pair 1: dE=315.0 m dN=7875.0 m (from-pair-11 (phasecorr disagreed), support=None, peak=0.04583818592407085) 
imw-sp-sg: Processing pair 1 from disk...
imw-sp-sg: 1 match-sets in 0.13s
[Coarse] imw-sp-sg pair 2: dE=315.0 m dN=7875.0 m (from-pair-3, support=None, peak=None) 
imw-sp-sg: Processing pair 2 from disk...
imw-sp-sg: 1 match-sets in 0.13s
[Coarse] imw-sp-sg pair 3: dE=315.0 m dN=7875.0 m (from-pair-11 (phasecorr disagreed), support=None, peak=0.05141784302982283) 
imw-sp-sg: Processing pair 3 from disk...
imw-sp-sg: 0 match-sets in 0.11s
[Coarse] imw-sp-sg pair 4: dE=315.0 m dN=7875.0 m (from-pair-6, support=None, peak=None) 
imw-sp-sg: Processing pair 4 from disk...
imw-sp-sg: 1 match-sets in 0.12s
[Coarse] imw-sp-sg pair 5: dE=315.0 m dN=7875.0 m (from-pair-6, support=None, peak=None) 
imw-sp-sg: Processing pair 5 from disk...
imw-sp-sg: 1 match-sets in 0.12s
[Coarse] imw-sp-sg pair 6: dE=315.0 m dN=7875.0 m (from-pair-11 (phasecorr disagreed), support=None, peak=0.034774091529846195) 
imw-sp-sg: Processing pair 6 from disk...
imw-sp-sg: 1 match-sets in 0.12s
[Coarse] imw-sp-sg pair 7: dE=-75.1 m dN=5172.3 m (phasecorr@315m, support=None, peak=0.3776031465883608) 
imw-sp-sg: Processing pair 7 from disk...
imw-sp-sg: 0 match-sets in 0.00s
[Coarse] imw-sp-sg pair 8: dE=-1852.3 m dN=5084.1 m (phasecorr@315m, support=None, peak=0.2714075272878011) 
imw-sp-sg: Processing pair 8 from disk...
imw-sp-sg: 0 match-sets in 0.00s
[Coarse] imw-sp-sg pair 9: dE=-75.1 m dN=5172.3 m (from-pair-7, support=None, peak=None) 
imw-sp-sg: Processing pair 9 from disk...
imw-sp-sg: 0 match-sets in 0.00s
[Coarse] imw-sp-sg pair 10: dE=315.0 m dN=7875.0 m (from-pair-11, support=None, peak=None) 
imw-sp-sg: Processing pair 10 from disk...
imw-sp-sg: 1 match-sets in 0.31s
[Coarse] imw-sp-sg pair 11: dE=315.0 m dN=7875.0 m (matcher@315m, support=20, peak=None) field 1x1 cells, dE 315..315 m, dN 7875..7875 m, 0 filled
imw-sp-sg: Processing pair 11 from disk...
imw-sp-sg: 1 match-sets in 0.31s
[Coarse] imw-sp-sg pair 12: dE=315.0 m dN=7875.0 m (from-pair-11, support=None, peak=None) 
imw-sp-sg: Processing pair 12 from disk...
imw-sp-sg: 1 match-sets in 0.20s
[Coarse] imw-sp-sg pair 13: dE=315.0 m dN=7875.0 m (from-pair-11 (phasecorr disagreed), support=None, peak=0.24878289219405916) 
imw-sp-sg: Processing pair 13 from disk...
imw-sp-sg: 0 match-sets in 0.00s
[Coarse] imw-sp-sg pair 14: dE=315.0 m dN=7875.0 m (from-pair-11 (phasecorr disagreed), support=None, peak=0.35633478768997723) 
imw-sp-sg: Processing pair 14 from disk...
imw-sp-sg: 0 match-sets in 0.00s
[Coarse] imw-sp-sg pair 15: dE=-3622.5 m dN=6772.5 m (matcher@315m, support=20, peak=None) field 1x1 cells, dE -3622..-3622 m, dN 6772..6772 m, 0 filled
imw-sp-sg: Processing pair 15 from disk...
imw-sp-sg: 1 match-sets in 0.31s
[Coarse] imw-sp-sg pair 16: dE=-945.0 m dN=7245.0 m (matcher@315m, support=21, peak=None) field 1x1 cells, dE -945..-945 m, dN 7245..7245 m, 0 filled
imw-sp-sg: Processing pair 16 from disk...
imw-sp-sg: 1 match-sets in 0.32s
[Coarse] imw-sp-sg pair 17: dE=-945.0 m dN=7245.0 m (from-pair-16, support=None, peak=None) 
imw-sp-sg: Processing pair 17 from disk...
imw-sp-sg: 1 match-sets in 0.20s
[Coarse] imw-sp-sg pair 18: dE=-945.0 m dN=7245.0 m (from-pair-16 (phasecorr disagreed), support=None, peak=0.2454520107269287) 
imw-sp-sg: Processing pair 18 from disk...
imw-sp-sg: 0 match-sets in 0.00s
[Coarse] imw-sp-sg pair 19: dE=-945.0 m dN=7245.0 m (from-pair-16 (phasecorr disagreed), support=None, peak=0.11735943231582642) 
imw-sp-sg: Processing pair 19 from disk...
imw-sp-sg: 0 match-sets in 0.00s
[Coarse] imw-sp-sg pair 20: dE=-945.0 m dN=7245.0 m (from-pair-16 (phasecorr disagreed), support=None, peak=0.04500516567230225) 
imw-sp-sg: Processing pair 20 from disk...
imw-sp-sg: 0 match-sets in 0.00s
[Coarse] imw-sp-sg pair 21: dE=-945.0 m dN=7245.0 m (from-pair-16 (phasecorr disagreed), support=None, peak=0.03828669300079346) 
imw-sp-sg: Processing pair 21 from disk...
imw-sp-sg: 0 match-sets in 0.00s
[Coarse] imw-sp-sg pair 22: dE=-945.0 m dN=7245.0 m (from-pair-16 (phasecorr disagreed), support=None, peak=0.04219192933153223) 
imw-sp-sg: Processing pair 22 from disk...
imw-sp-sg: 1 match-sets in 0.29s
[Coarse] imw-sp-sg pair 23: dE=-945.0 m dN=7245.0 m (from-pair-22, support=None, peak=None) 
imw-sp-sg: Processing pair 23 from disk...
imw-sp-sg: 1 match-sets in 0.22s
[Coarse] imw-sp-sg pair 24: dE=-945.0 m dN=7245.0 m (from-pair-22, support=None, peak=None) 
imw-sp-sg: Processing pair 24 from disk...
imw-sp-sg: 0 match-sets in 0.10s
[Coarse] imw-sp-sg pair 25: dE=-945.0 m dN=7245.0 m (from-pair-22, support=None, peak=None) 
imw-sp-sg: Processing pair 25 from disk...
imw-sp-sg: 1 match-sets in 0.14s
Saved:
 CHIP_STATS_ALL.csv
 CHIP_STATS_SURVIVORS.csv
 CONSENSUS_SCORES.csv
 BEST_CHIP_SET.csv
 BEST_CHIP_MANIFEST.csv
 BEST_FINAL_SUMMARY.csv
[band1] imw-sp-sg ok in 0.2 min, peak GPU memory 0.5 of 15.6 GB
[imw-sp-sg] Model unloaded.
--------------------------------------------------------------------------------
[band1] Running imw-sp-nn
[imw-sp-nn] Loading model...
Loaded SuperPoint model
[imw-sp-nn] warm-up on a synthetic pair failed (IndexError: boolean index did not match indexed array along dimension 0; dimension is 0 but corresponding boolean dimension is 256) -- carrying on with the real windows
[Coarse] pair 2: no reliable coarse offset (matcher: no matches; phasecorr: {'dx': 12574.81863509712, 'dy': -4254.296899816302, 'support': None, 'n': None, 'peak': 0.022171562748190796}); windows compared in place
[Coarse] pair 4: no reliable coarse offset (matcher: no matches; phasecorr: {'dx': -12384.074490808596, 'dy': -1224.9559256777015, 'support': None, 'n': None, 'peak': 0.028621533425649007}); windows compared in place
[Coarse] pair 5: no reliable coarse offset (matcher: no matches; phasecorr: {'dx': -12498.015398455027, 'dy': -1389.0155843820758, 'support': None, 'n': None, 'peak': 0.02882188277244568}); windows compared in place
[Coarse] pair 9: no reliable coarse offset (matcher: no matches; phasecorr: {'dx': 3042.052254335612, 'dy': 5076.0958523434165, 'support': None, 'n': None, 'peak': -0.10839922587076822}); windows compared in place
[Coarse] pair 10: no reliable coarse offset (matcher: no matches; phasecorr: {'dx': -15791.779157239504, 'dy': -27484.73946603707, 'support': None, 'n': None, 'peak': 0.0061897425567386324}); windows compared in place
[Coarse] pair 11: no reliable coarse offset (matcher: {'dx': 315.0, 'dy': 7875.0, 'support': 6, 'n': 6, 'peak': None}; phasecorr: {'dx': 848.0603845427108, 'dy': 31371.840712601417, 'support': None, 'n': None, 'peak': 0.01344987770749463}); windows compared in place
[Coarse] pair 12: no reliable coarse offset (matcher: {'dx': 315.0, 'dy': 7245.0, 'support': 5, 'n': 5, 'peak': None}; phasecorr: {'dx': -13536.498852975745, 'dy': 7947.8626155329175, 'support': None, 'n': None, 'peak': 0.014224803613733362}); windows compared in place
[Coarse] pair 15: no reliable coarse offset (matcher: no matches; phasecorr: {'dx': -41182.32612775494, 'dy': -16523.509648524217, 'support': None, 'n': None, 'peak': -0.0012744354870584276}); windows compared in place
[Coarse] pair 16: no reliable coarse offset (matcher: {'dx': -2205.0, 'dy': 6615.0, 'support': 4, 'n': 5, 'peak': None}; phasecorr: {'dx': -56750.43968732177, 'dy': -48622.98248381368, 'support': None, 'n': None, 'peak': -0.008618614276250203}); windows compared in place
[Coarse] pair 17: no reliable coarse offset (matcher: no matches; phasecorr: {'dx': -66083.54744225116, 'dy': 13836.37775522828, 'support': None, 'n': None, 'peak': 0.011340649922688802}); windows compared in place
[Coarse] pair 23: no reliable coarse offset (matcher: no matches; phasecorr: {'dx': 10626.331712949788, 'dy': 44081.26459194447, 'support': None, 'n': None, 'peak': 0.022681387839493927}); windows compared in place
[Coarse] pair 24: no reliable coarse offset (matcher: no matches; phasecorr: {'dx': -39044.25959720116, 'dy': 27033.45669197513, 'support': None, 'n': None, 'peak': 0.018840152319566702}); windows compared in place
[Coarse] pair 25: no reliable coarse offset (matcher: no matches; phasecorr: {'dx': -2967.3494804437037, 'dy': 31502.918072714525, 'support': None, 'n': None, 'peak': 0.017951171412880038}); windows compared in place
[Coarse] WARNING: imw-sp-nn: the pairs' coarse offsets differ by up to 39 km, more than one image moves from place to place. Pairs with a wrong offset match the wrong ground (the chip consensus drops them when they are few); if most pairs disagree, check the input's pixel size and window size.
[Coarse] imw-sp-nn pair 1: dE=11055.1 m dN=4645.5 m (phasecorr@315m, support=None, peak=0.04583818592407085) field 1x1 cells, dE 2522..2522 m, dN 4039..4039 m, 0 filled
imw-sp-nn: Processing pair 1 from disk...
imw-sp-nn: 1 match-sets in 0.07s
[Coarse] imw-sp-nn pair 2: dE=2565.5 m dN=1954.8 m (from-pair-3, support=None, peak=None) 
imw-sp-nn: Processing pair 2 from disk...
imw-sp-nn: 1 match-sets in 0.07s
[Coarse] imw-sp-nn pair 3: dE=434.6 m dN=-3095.9 m (phasecorr@315m, support=None, peak=0.05141784302982283) field 1x1 cells, dE 2566..2566 m, dN 1955..1955 m, 0 filled
imw-sp-nn: Processing pair 3 from disk...
imw-sp-nn: 1 match-sets in 0.13s
[Coarse] imw-sp-nn pair 4: dE=-3950.6 m dN=-7351.1 m (from-pair-6, support=None, peak=None) 
imw-sp-nn: Processing pair 4 from disk...
imw-sp-nn: 1 match-sets in 0.10s
[Coarse] imw-sp-nn pair 5: dE=-3950.6 m dN=-7351.1 m (from-pair-6, support=None, peak=None) 
imw-sp-nn: Processing pair 5 from disk...
imw-sp-nn: 0 match-sets in 0.05s
[Coarse] imw-sp-nn pair 6: dE=-12272.5 m dN=-1453.1 m (phasecorr@315m, support=None, peak=0.034774091529846195) field 1x1 cells, dE -3951..-3951 m, dN -7351..-7351 m, 0 filled
imw-sp-nn: Processing pair 6 from disk...
imw-sp-nn: 1 match-sets in 0.06s
[Coarse] imw-sp-nn pair 7: dE=-75.1 m dN=5172.3 m (phasecorr@315m, support=None, peak=0.3776031465883608) 
imw-sp-nn: Processing pair 7 from disk...
imw-sp-nn: 0 match-sets in 0.00s
[Coarse] imw-sp-nn pair 8: dE=-1852.3 m dN=5084.1 m (phasecorr@315m, support=None, peak=0.2714075272878011) 
imw-sp-nn: Processing pair 8 from disk...
imw-sp-nn: 0 match-sets in 0.00s
[Coarse] imw-sp-nn pair 9: dE=-75.1 m dN=5172.3 m (from-pair-7, support=None, peak=None) 
imw-sp-nn: Processing pair 9 from disk...
imw-sp-nn: 0 match-sets in 0.00s
[Coarse] imw-sp-nn pair 10: dE=2522.1 m dN=4039.4 m (from-pair-1, support=None, peak=None) 
imw-sp-nn: Processing pair 10 from disk...
imw-sp-nn: 1 match-sets in 0.26s
[Coarse] imw-sp-nn pair 11: dE=2522.1 m dN=4039.4 m (from-pair-1, support=None, peak=None) 
imw-sp-nn: Processing pair 11 from disk...
imw-sp-nn: 1 match-sets in 0.26s
[Coarse] imw-sp-nn pair 12: dE=-3950.6 m dN=-7351.1 m (from-pair-6, support=None, peak=None) 
imw-sp-nn: Processing pair 12 from disk...
imw-sp-nn: 1 match-sets in 0.25s
[Coarse] imw-sp-nn pair 13: dE=1721.5 m dN=-10079.3 m (phasecorr@315m, support=None, peak=0.24878289219405916) field 1x1 cells, dE 2629..2629 m, dN -9631..-9631 m, 0 filled
imw-sp-nn: Processing pair 13 from disk...
imw-sp-nn: 0 match-sets in 0.00s
[Coarse] imw-sp-nn pair 14: dE=-2887.9 m dN=-8958.2 m (phasecorr@315m, support=None, peak=0.35633478768997723) field 1x1 cells, dE -2930..-2930 m, dN -9091..-9091 m, 0 filled
imw-sp-nn: Processing pair 14 from disk...
imw-sp-nn: 0 match-sets in 0.00s
[Coarse] imw-sp-nn pair 15: dE=-4370.5 m dN=-8474.7 m (from-pair-21, support=None, peak=None) 
imw-sp-nn: Processing pair 15 from disk...
imw-sp-nn: 0 match-sets in 0.23s
[Coarse] imw-sp-nn pair 16: dE=-4370.5 m dN=-8474.7 m (from-pair-21, support=None, peak=None) 
imw-sp-nn: Processing pair 16 from disk...
imw-sp-nn: 1 match-sets in 0.27s
[Coarse] imw-sp-nn pair 17: dE=-12201.1 m dN=-19785.2 m (from-pair-22, support=None, peak=None) 
imw-sp-nn: Processing pair 17 from disk...
imw-sp-nn: 1 match-sets in 0.24s
[Coarse] imw-sp-nn pair 18: dE=-752.2 m dN=-6939.3 m (phasecorr@315m, support=None, peak=0.2454520107269287) field 1x1 cells, dE -1065..-1065 m, dN -6975..-6975 m, 0 filled
imw-sp-nn: Processing pair 18 from disk...
imw-sp-nn: 0 match-sets in 0.00s
[Coarse] imw-sp-nn pair 19: dE=-28033.4 m dN=-3216.7 m (phasecorr@315m, support=None, peak=0.11735943231582642) 
imw-sp-nn: Processing pair 19 from disk...
imw-sp-nn: 0 match-sets in 0.00s
[Coarse] imw-sp-nn pair 20: dE=-21836.5 m dN=-4781.8 m (phasecorr@315m, support=None, peak=0.04500516567230225) 
imw-sp-nn: Processing pair 20 from disk...
imw-sp-nn: 0 match-sets in 0.00s
[Coarse] imw-sp-nn pair 21: dE=-2511.3 m dN=-8879.5 m (phasecorr@315m, support=None, peak=0.03828669300079346) field 1x1 cells, dE -4371..-4371 m, dN -8475..-8475 m, 0 filled
imw-sp-nn: Processing pair 21 from disk...
imw-sp-nn: 0 match-sets in 0.00s
[Coarse] imw-sp-nn pair 22: dE=-12201.1 m dN=-19785.2 m (phasecorr@315m, support=None, peak=0.04219192933153223) 
imw-sp-nn: Processing pair 22 from disk...
imw-sp-nn: 1 match-sets in 0.26s
[Coarse] imw-sp-nn pair 23: dE=-12201.1 m dN=-19785.2 m (from-pair-22, support=None, peak=None) 
imw-sp-nn: Processing pair 23 from disk...
imw-sp-nn: 1 match-sets in 0.17s
[Coarse] imw-sp-nn pair 24: dE=-12201.1 m dN=-19785.2 m (from-pair-22, support=None, peak=None) 
imw-sp-nn: Processing pair 24 from disk...
imw-sp-nn: 0 match-sets in 0.12s
[Coarse] imw-sp-nn pair 25: dE=-12201.1 m dN=-19785.2 m (from-pair-22, support=None, peak=None) 
imw-sp-nn: Processing pair 25 from disk...
imw-sp-nn: 1 match-sets in 0.09s
Saved:
 CHIP_STATS_ALL.csv
 CHIP_STATS_SURVIVORS.csv
 CONSENSUS_SCORES.csv
 BEST_CHIP_SET.csv
 BEST_CHIP_MANIFEST.csv
 BEST_FINAL_SUMMARY.csv
[band1] imw-sp-nn ok in 0.1 min, peak GPU memory 0.5 of 15.6 GB
[imw-sp-nn] Model unloaded.
--------------------------------------------------------------------------------
[band1] Running imw-r2d2-nn
[imw-r2d2-nn] Loading model...

>> Creating net = Quad_L2Net_ConfCFS()
 ( Model size: 486K parameters )
[Coarse] pair 2: no reliable coarse offset (matcher: no matches; phasecorr: {'dx': 12574.81863509712, 'dy': -4254.296899816302, 'support': None, 'n': None, 'peak': 0.022171562748190796}); windows compared in place
[Coarse] pair 4: no reliable coarse offset (matcher: no matches; phasecorr: {'dx': -12384.074490808596, 'dy': -1224.9559256777015, 'support': None, 'n': None, 'peak': 0.028621533425649007}); windows compared in place
[Coarse] pair 5: no reliable coarse offset (matcher: no matches; phasecorr: {'dx': -12498.015398455027, 'dy': -1389.0155843820758, 'support': None, 'n': None, 'peak': 0.02882188277244568}); windows compared in place
[Coarse] pair 9: no reliable coarse offset (matcher: RuntimeError: torch.cat(): expected a non-empty list of Tensors; phasecorr: {'dx': 3042.052254335612, 'dy': 5076.0958523434165, 'support': None, 'n': None, 'peak': -0.10839922587076822}); windows compared in place
[Coarse] pair 17: no reliable coarse offset (matcher: no matches; phasecorr: {'dx': -66083.54744225116, 'dy': 13836.37775522828, 'support': None, 'n': None, 'peak': 0.011340649922688802}); windows compared in place
[Coarse] pair 23: no reliable coarse offset (matcher: no matches; phasecorr: {'dx': 10626.331712949788, 'dy': 44081.26459194447, 'support': None, 'n': None, 'peak': 0.022681387839493927}); windows compared in place
[Coarse] pair 24: no reliable coarse offset (matcher: no matches; phasecorr: {'dx': -39044.25959720116, 'dy': 27033.45669197513, 'support': None, 'n': None, 'peak': 0.018840152319566702}); windows compared in place
[Coarse] pair 25: no reliable coarse offset (matcher: no matches; phasecorr: {'dx': -2967.3494804437037, 'dy': 31502.918072714525, 'support': None, 'n': None, 'peak': 0.017951171412880038}); windows compared in place
[Coarse] pair 1: phase correlation gave dE=11055 m dN=4646 m, 11.4 km from every offset the matcher measured; using pair 11's (dE=-315 m dN=7245 m)
[Coarse] pair 3: phase correlation gave dE=435 m dN=-3096 m, 9.9 km from every offset the matcher measured; using pair 11's (dE=-315 m dN=7245 m)
[Coarse] pair 6: phase correlation gave dE=-12273 m dN=-1453 m, 13.5 km from every offset the matcher measured; using pair 11's (dE=-315 m dN=7245 m)
[Coarse] pair 13: phase correlation gave dE=1721 m dN=-10079 m, 17.0 km from every offset the matcher measured; using pair 10's (dE=0 m dN=7424 m)
[Coarse] pair 14: phase correlation gave dE=-2888 m dN=-8958 m, 15.7 km from every offset the matcher measured; using pair 10's (dE=0 m dN=7424 m)
[Coarse] pair 18: phase correlation gave dE=-752 m dN=-6939 m, 13.6 km from every offset the matcher measured; using pair 16's (dE=-1302 m dN=6930 m)
[Coarse] pair 19: phase correlation gave dE=-28033 m dN=-3217 m, 28.4 km from every offset the matcher measured; using pair 16's (dE=-1302 m dN=6930 m)
[Coarse] pair 20: phase correlation gave dE=-21837 m dN=-4782 m, 23.4 km from every offset the matcher measured; using pair 16's (dE=-1302 m dN=6930 m)
[Coarse] pair 21: phase correlation gave dE=-2511 m dN=-8880 m, 15.6 km from every offset the matcher measured; using pair 16's (dE=-1302 m dN=6930 m)
[Coarse] pair 22: phase correlation gave dE=-12201 m dN=-19785 m, 28.6 km from every offset the matcher measured; using pair 16's (dE=-1302 m dN=6930 m)
[Coarse] imw-r2d2-nn pair 1: dE=-315.0 m dN=7245.0 m (from-pair-11 (phasecorr disagreed), support=None, peak=0.04583818592407085) 
imw-r2d2-nn: Processing pair 1 from disk...
imw-r2d2-nn: 0 match-sets in 0.17s
[Coarse] imw-r2d2-nn pair 2: dE=-315.0 m dN=7245.0 m (from-pair-3, support=None, peak=None) 
imw-r2d2-nn: Processing pair 2 from disk...
imw-r2d2-nn: 0 match-sets in 0.16s
[Coarse] imw-r2d2-nn pair 3: dE=-315.0 m dN=7245.0 m (from-pair-11 (phasecorr disagreed), support=None, peak=0.05141784302982283) 
imw-r2d2-nn: Processing pair 3 from disk...
imw-r2d2-nn: 0 match-sets in 0.15s
[Coarse] imw-r2d2-nn pair 4: dE=-315.0 m dN=7245.0 m (from-pair-6, support=None, peak=None) 
imw-r2d2-nn: Processing pair 4 from disk...
imw-r2d2-nn: 0 match-sets in 0.12s
[Coarse] imw-r2d2-nn pair 5: dE=-315.0 m dN=7245.0 m (from-pair-6, support=None, peak=None) 
imw-r2d2-nn: Processing pair 5 from disk...
imw-r2d2-nn: 0 match-sets in 0.12s
[Coarse] imw-r2d2-nn pair 6: dE=-315.0 m dN=7245.0 m (from-pair-11 (phasecorr disagreed), support=None, peak=0.034774091529846195) 
imw-r2d2-nn: Processing pair 6 from disk...
imw-r2d2-nn: 1 match-sets in 0.13s
[Coarse] imw-r2d2-nn pair 7: dE=-75.1 m dN=5172.3 m (phasecorr@315m, support=None, peak=0.3776031465883608) 
imw-r2d2-nn: Processing pair 7 from disk...
imw-r2d2-nn: 0 match-sets in 0.00s
[Coarse] imw-r2d2-nn pair 8: dE=-1852.3 m dN=5084.1 m (phasecorr@315m, support=None, peak=0.2714075272878011) 
imw-r2d2-nn: Processing pair 8 from disk...
imw-r2d2-nn: 0 match-sets in 0.00s
[Coarse] imw-r2d2-nn pair 9: dE=-75.1 m dN=5172.3 m (from-pair-7, support=None, peak=None) 
imw-r2d2-nn: Processing pair 9 from disk...
imw-r2d2-nn: 0 match-sets in 0.00s
[Coarse] imw-r2d2-nn pair 10: dE=0.0 m dN=7423.5 m (matcher@315m, support=8, peak=None) field 1x1 cells, dE 0..0 m, dN 7424..7424 m, 0 filled
imw-r2d2-nn: Processing pair 10 from disk...
imw-r2d2-nn: 1 match-sets in 0.69s
[Coarse] imw-r2d2-nn pair 11: dE=-315.0 m dN=7245.0 m (matcher@315m, support=76, peak=None) field 1x1 cells, dE -315..-315 m, dN 7245..7245 m, 0 filled
imw-r2d2-nn: Processing pair 11 from disk...
imw-r2d2-nn: 1 match-sets in 0.67s
[Coarse] imw-r2d2-nn pair 12: dE=-315.0 m dN=7427.4 m (matcher@315m, support=29, peak=None) field 1x1 cells, dE -315..-315 m, dN 7427..7427 m, 0 filled
imw-r2d2-nn: Processing pair 12 from disk...
imw-r2d2-nn: 1 match-sets in 0.44s
[Coarse] imw-r2d2-nn pair 13: dE=0.0 m dN=7423.5 m (from-pair-10 (phasecorr disagreed), support=None, peak=0.24878289219405916) 
imw-r2d2-nn: Processing pair 13 from disk...
imw-r2d2-nn: 0 match-sets in 0.00s
[Coarse] imw-r2d2-nn pair 14: dE=0.0 m dN=7423.5 m (from-pair-10 (phasecorr disagreed), support=None, peak=0.35633478768997723) 
imw-r2d2-nn: Processing pair 14 from disk...
imw-r2d2-nn: 0 match-sets in 0.00s
[Coarse] imw-r2d2-nn pair 15: dE=-1449.9 m dN=6669.7 m (matcher@315m, support=146, peak=None) field 1x1 cells, dE -1450..-1450 m, dN 6670..6670 m, 0 filled
imw-r2d2-nn: Processing pair 15 from disk...
imw-r2d2-nn: 1 match-sets in 0.71s
[Coarse] imw-r2d2-nn pair 16: dE=-1301.7 m dN=6930.0 m (matcher@315m, support=160, peak=None) field 1x1 cells, dE -1302..-1302 m, dN 6930..6930 m, 0 filled
imw-r2d2-nn: Processing pair 16 from disk...
imw-r2d2-nn: 1 match-sets in 0.69s
[Coarse] imw-r2d2-nn pair 17: dE=-1301.7 m dN=6930.0 m (from-pair-16, support=None, peak=None) 
imw-r2d2-nn: Processing pair 17 from disk...
imw-r2d2-nn: 0 match-sets in 0.41s
[Coarse] imw-r2d2-nn pair 18: dE=-1301.7 m dN=6930.0 m (from-pair-16 (phasecorr disagreed), support=None, peak=0.2454520107269287) 
imw-r2d2-nn: Processing pair 18 from disk...
imw-r2d2-nn: 0 match-sets in 0.00s
[Coarse] imw-r2d2-nn pair 19: dE=-1301.7 m dN=6930.0 m (from-pair-16 (phasecorr disagreed), support=None, peak=0.11735943231582642) 
imw-r2d2-nn: Processing pair 19 from disk...
imw-r2d2-nn: 0 match-sets in 0.00s
[Coarse] imw-r2d2-nn pair 20: dE=-1301.7 m dN=6930.0 m (from-pair-16 (phasecorr disagreed), support=None, peak=0.04500516567230225) 
imw-r2d2-nn: Processing pair 20 from disk...
imw-r2d2-nn: 0 match-sets in 0.00s
[Coarse] imw-r2d2-nn pair 21: dE=-1301.7 m dN=6930.0 m (from-pair-16 (phasecorr disagreed), support=None, peak=0.03828669300079346) 
imw-r2d2-nn: Processing pair 21 from disk...
imw-r2d2-nn: 0 match-sets in 0.00s
[Coarse] imw-r2d2-nn pair 22: dE=-1301.7 m dN=6930.0 m (from-pair-16 (phasecorr disagreed), support=None, peak=0.04219192933153223) 
imw-r2d2-nn: Processing pair 22 from disk...
imw-r2d2-nn: 0 match-sets in 0.46s
[Coarse] imw-r2d2-nn pair 23: dE=-1301.7 m dN=6930.0 m (from-pair-22, support=None, peak=None) 
imw-r2d2-nn: Processing pair 23 from disk...
imw-r2d2-nn: 0 match-sets in 0.44s
[Coarse] imw-r2d2-nn pair 24: dE=-1301.7 m dN=6930.0 m (from-pair-22, support=None, peak=None) 
imw-r2d2-nn: Processing pair 24 from disk...
imw-r2d2-nn: 0 match-sets in 0.20s
[Coarse] imw-r2d2-nn pair 25: dE=-1301.7 m dN=6930.0 m (from-pair-22, support=None, peak=None) 
imw-r2d2-nn: Processing pair 25 from disk...
imw-r2d2-nn: 0 match-sets in 0.20s
Saved:
 CHIP_STATS_ALL.csv
 CHIP_STATS_SURVIVORS.csv
 CONSENSUS_SCORES.csv
 BEST_CHIP_SET.csv
 BEST_CHIP_MANIFEST.csv
 BEST_FINAL_SUMMARY.csv
[band1] imw-r2d2-nn ok in 0.2 min, peak GPU memory 2.3 of 15.6 GB
[imw-r2d2-nn] Model unloaded.
--------------------------------------------------------------------------------
[band1] Running imw-rord-nn
[imw-rord-nn] Loading model...
[Coarse] pair 2: no reliable coarse offset (matcher: no matches; phasecorr: {'dx': 12574.81863509712, 'dy': -4254.296899816302, 'support': None, 'n': None, 'peak': 0.022171562748190796}); windows compared in place
[Coarse] pair 4: no reliable coarse offset (matcher: {'dx': -8010.729775428772, 'dy': 10711.807250976562, 'support': 3, 'n': 3, 'peak': None}; phasecorr: {'dx': -12384.074490808596, 'dy': -1224.9559256777015, 'support': None, 'n': None, 'peak': 0.028621533425649007}); windows compared in place
[Coarse] pair 5: no reliable coarse offset (matcher: no matches; phasecorr: {'dx': -12498.015398455027, 'dy': -1389.0155843820758, 'support': None, 'n': None, 'peak': 0.02882188277244568}); windows compared in place
[Coarse] pair 9: no reliable coarse offset (matcher: no matches; phasecorr: {'dx': 3042.052254335612, 'dy': 5076.0958523434165, 'support': None, 'n': None, 'peak': -0.10839922587076822}); windows compared in place
[Coarse] pair 10: no reliable coarse offset (matcher: no matches; phasecorr: {'dx': -15791.779157239504, 'dy': -27484.73946603707, 'support': None, 'n': None, 'peak': 0.0061897425567386324}); windows compared in place
[Coarse] pair 11: no reliable coarse offset (matcher: no matches; phasecorr: {'dx': 848.0603845427108, 'dy': 31371.840712601417, 'support': None, 'n': None, 'peak': 0.01344987770749463}); windows compared in place
[Coarse] pair 12: no reliable coarse offset (matcher: {'dx': 343.78623962402344, 'dy': 7849.864311218262, 'support': 5, 'n': 6, 'peak': None}; phasecorr: {'dx': -13536.498852975745, 'dy': 7947.8626155329175, 'support': None, 'n': None, 'peak': 0.014224803613733362}); windows compared in place
[Coarse] pair 15: no reliable coarse offset (matcher: {'dx': -1449.0403747558594, 'dy': 7615.419158935547, 'support': 4, 'n': 5, 'peak': None}; phasecorr: {'dx': -41182.32612775494, 'dy': -16523.509648524217, 'support': None, 'n': None, 'peak': -0.0012744354870584276}); windows compared in place
[Coarse] pair 17: no reliable coarse offset (matcher: no matches; phasecorr: {'dx': -66083.54744225116, 'dy': 13836.37775522828, 'support': None, 'n': None, 'peak': 0.011340649922688802}); windows compared in place
[Coarse] pair 23: no reliable coarse offset (matcher: no matches; phasecorr: {'dx': 10626.331712949788, 'dy': 44081.26459194447, 'support': None, 'n': None, 'peak': 0.022681387839493927}); windows compared in place
[Coarse] pair 24: no reliable coarse offset (matcher: no matches; phasecorr: {'dx': -39044.25959720116, 'dy': 27033.45669197513, 'support': None, 'n': None, 'peak': 0.018840152319566702}); windows compared in place
[Coarse] pair 25: no reliable coarse offset (matcher: no matches; phasecorr: {'dx': -2967.3494804437037, 'dy': 31502.918072714525, 'support': None, 'n': None, 'peak': 0.017951171412880038}); windows compared in place
[Coarse] pair 1: phase correlation gave dE=11055 m dN=4646 m, 12.9 km from every offset the matcher measured; using pair 16's (dE=-1675 m dN=6790 m)
[Coarse] pair 3: phase correlation gave dE=435 m dN=-3096 m, 10.1 km from every offset the matcher measured; using pair 16's (dE=-1675 m dN=6790 m)
[Coarse] pair 6: phase correlation gave dE=-12273 m dN=-1453 m, 13.4 km from every offset the matcher measured; using pair 16's (dE=-1675 m dN=6790 m)
[Coarse] pair 13: phase correlation gave dE=1721 m dN=-10079 m, 17.2 km from every offset the matcher measured; using pair 16's (dE=-1675 m dN=6790 m)
[Coarse] pair 14: phase correlation gave dE=-2888 m dN=-8958 m, 15.8 km from every offset the matcher measured; using pair 16's (dE=-1675 m dN=6790 m)
[Coarse] pair 18: phase correlation gave dE=-752 m dN=-6939 m, 13.8 km from every offset the matcher measured; using pair 16's (dE=-1675 m dN=6790 m)
[Coarse] pair 19: phase correlation gave dE=-28033 m dN=-3217 m, 28.2 km from every offset the matcher measured; using pair 16's (dE=-1675 m dN=6790 m)
[Coarse] pair 20: phase correlation gave dE=-21837 m dN=-4782 m, 23.2 km from every offset the matcher measured; using pair 16's (dE=-1675 m dN=6790 m)
[Coarse] pair 21: phase correlation gave dE=-2511 m dN=-8880 m, 15.7 km from every offset the matcher measured; using pair 16's (dE=-1675 m dN=6790 m)
[Coarse] pair 22: phase correlation gave dE=-12201 m dN=-19785 m, 28.6 km from every offset the matcher measured; using pair 16's (dE=-1675 m dN=6790 m)
[Coarse] imw-rord-nn pair 1: dE=-1674.6 m dN=6789.6 m (from-pair-16 (phasecorr disagreed), support=None, peak=0.04583818592407085) 
imw-rord-nn: Processing pair 1 from disk...
imw-rord-nn: 0 match-sets in 0.21s
[Coarse] imw-rord-nn pair 2: dE=-1674.6 m dN=6789.6 m (from-pair-3, support=None, peak=None) 
imw-rord-nn: Processing pair 2 from disk...
imw-rord-nn: 1 match-sets in 0.14s
[Coarse] imw-rord-nn pair 3: dE=-1674.6 m dN=6789.6 m (from-pair-16 (phasecorr disagreed), support=None, peak=0.05141784302982283) 
imw-rord-nn: Processing pair 3 from disk...
imw-rord-nn: 1 match-sets in 0.15s
[Coarse] imw-rord-nn pair 4: dE=-1674.6 m dN=6789.6 m (from-pair-6, support=None, peak=None) 
imw-rord-nn: Processing pair 4 from disk...
imw-rord-nn: 0 match-sets in 0.12s
[Coarse] imw-rord-nn pair 5: dE=-1674.6 m dN=6789.6 m (from-pair-6, support=None, peak=None) 
imw-rord-nn: Processing pair 5 from disk...
imw-rord-nn: 0 match-sets in 0.12s
[Coarse] imw-rord-nn pair 6: dE=-1674.6 m dN=6789.6 m (from-pair-16 (phasecorr disagreed), support=None, peak=0.034774091529846195) 
imw-rord-nn: Processing pair 6 from disk...
imw-rord-nn: 0 match-sets in 0.21s
[Coarse] imw-rord-nn pair 7: dE=-75.1 m dN=5172.3 m (phasecorr@315m, support=None, peak=0.3776031465883608) 
imw-rord-nn: Processing pair 7 from disk...
imw-rord-nn: 0 match-sets in 0.00s
[Coarse] imw-rord-nn pair 8: dE=-1852.3 m dN=5084.1 m (phasecorr@315m, support=None, peak=0.2714075272878011) 
imw-rord-nn: Processing pair 8 from disk...
imw-rord-nn: 0 match-sets in 0.00s
[Coarse] imw-rord-nn pair 9: dE=-75.1 m dN=5172.3 m (from-pair-7, support=None, peak=None) 
imw-rord-nn: Processing pair 9 from disk...
imw-rord-nn: 0 match-sets in 0.00s
[Coarse] imw-rord-nn pair 10: dE=-1674.6 m dN=6789.6 m (from-pair-1, support=None, peak=None) 
imw-rord-nn: Processing pair 10 from disk...
imw-rord-nn: 1 match-sets in 0.67s
[Coarse] imw-rord-nn pair 11: dE=-1674.6 m dN=6789.6 m (from-pair-1, support=None, peak=None) 
imw-rord-nn: Processing pair 11 from disk...
imw-rord-nn: 0 match-sets in 0.42s
[Coarse] imw-rord-nn pair 12: dE=-1674.6 m dN=6789.6 m (from-pair-6, support=None, peak=None) 
imw-rord-nn: Processing pair 12 from disk...
imw-rord-nn: 1 match-sets in 0.31s
[Coarse] imw-rord-nn pair 13: dE=-1674.6 m dN=6789.6 m (from-pair-16 (phasecorr disagreed), support=None, peak=0.24878289219405916) 
imw-rord-nn: Processing pair 13 from disk...
imw-rord-nn: 0 match-sets in 0.00s
[Coarse] imw-rord-nn pair 14: dE=-1674.6 m dN=6789.6 m (from-pair-16 (phasecorr disagreed), support=None, peak=0.35633478768997723) 
imw-rord-nn: Processing pair 14 from disk...
imw-rord-nn: 0 match-sets in 0.00s
[Coarse] imw-rord-nn pair 15: dE=-1674.6 m dN=6789.6 m (from-pair-16, support=None, peak=None) 
imw-rord-nn: Processing pair 15 from disk...
imw-rord-nn: 1 match-sets in 0.71s
[Coarse] imw-rord-nn pair 16: dE=-1674.6 m dN=6789.6 m (matcher@315m, support=24, peak=None) field 1x1 cells, dE -1675..-1675 m, dN 6790..6790 m, 0 filled
imw-rord-nn: Processing pair 16 from disk...
imw-rord-nn: 1 match-sets in 0.47s
[Coarse] imw-rord-nn pair 17: dE=-1674.6 m dN=6789.6 m (from-pair-16, support=None, peak=None) 
imw-rord-nn: Processing pair 17 from disk...
imw-rord-nn: 0 match-sets in 0.27s
[Coarse] imw-rord-nn pair 18: dE=-1674.6 m dN=6789.6 m (from-pair-16 (phasecorr disagreed), support=None, peak=0.2454520107269287) 
imw-rord-nn: Processing pair 18 from disk...
imw-rord-nn: 0 match-sets in 0.00s
[Coarse] imw-rord-nn pair 19: dE=-1674.6 m dN=6789.6 m (from-pair-16 (phasecorr disagreed), support=None, peak=0.11735943231582642) 
imw-rord-nn: Processing pair 19 from disk...
imw-rord-nn: 0 match-sets in 0.00s
[Coarse] imw-rord-nn pair 20: dE=-1674.6 m dN=6789.6 m (from-pair-16 (phasecorr disagreed), support=None, peak=0.04500516567230225) 
imw-rord-nn: Processing pair 20 from disk...
imw-rord-nn: 0 match-sets in 0.00s
[Coarse] imw-rord-nn pair 21: dE=-1674.6 m dN=6789.6 m (from-pair-16 (phasecorr disagreed), support=None, peak=0.03828669300079346) 
imw-rord-nn: Processing pair 21 from disk...
imw-rord-nn: 0 match-sets in 0.00s
[Coarse] imw-rord-nn pair 22: dE=-1674.6 m dN=6789.6 m (from-pair-16 (phasecorr disagreed), support=None, peak=0.04219192933153223) 
imw-rord-nn: Processing pair 22 from disk...
imw-rord-nn: 1 match-sets in 0.51s
[Coarse] imw-rord-nn pair 23: dE=-1674.6 m dN=6789.6 m (from-pair-22, support=None, peak=None) 
imw-rord-nn: Processing pair 23 from disk...
imw-rord-nn: 0 match-sets in 0.30s
[Coarse] imw-rord-nn pair 24: dE=-1674.6 m dN=6789.6 m (from-pair-22, support=None, peak=None) 
imw-rord-nn: Processing pair 24 from disk...
imw-rord-nn: 0 match-sets in 0.15s
[Coarse] imw-rord-nn pair 25: dE=-1674.6 m dN=6789.6 m (from-pair-22, support=None, peak=None) 
imw-rord-nn: Processing pair 25 from disk...
imw-rord-nn: 1 match-sets in 0.16s
Saved:
 CHIP_STATS_ALL.csv
 CHIP_STATS_SURVIVORS.csv
 CONSENSUS_SCORES.csv
 BEST_CHIP_SET.csv
 BEST_CHIP_MANIFEST.csv
 BEST_FINAL_SUMMARY.csv
[band1] imw-rord-nn ok in 0.2 min, peak GPU memory 0.6 of 15.6 GB
[imw-rord-nn] Model unloaded.
--------------------------------------------------------------------------------
[band1] Running imw-d2net-nn
[imw-d2net-nn] Loading model...
[Coarse] pair 2: no reliable coarse offset (matcher: no matches; phasecorr: {'dx': 12574.81863509712, 'dy': -4254.296899816302, 'support': None, 'n': None, 'peak': 0.022171562748190796}); windows compared in place
[Coarse] pair 4: no reliable coarse offset (matcher: no matches; phasecorr: {'dx': -12384.074490808596, 'dy': -1224.9559256777015, 'support': None, 'n': None, 'peak': 0.028621533425649007}); windows compared in place
[Coarse] pair 5: no reliable coarse offset (matcher: no matches; phasecorr: {'dx': -12498.015398455027, 'dy': -1389.0155843820758, 'support': None, 'n': None, 'peak': 0.02882188277244568}); windows compared in place
[Coarse] pair 9: no reliable coarse offset (matcher: no matches; phasecorr: {'dx': 3042.052254335612, 'dy': 5076.0958523434165, 'support': None, 'n': None, 'peak': -0.10839922587076822}); windows compared in place
[Coarse] pair 17: no reliable coarse offset (matcher: {'dx': -2540.994873046875, 'dy': 10147.613296508789, 'support': 2, 'n': 3, 'peak': None}; phasecorr: {'dx': -66083.54744225116, 'dy': 13836.37775522828, 'support': None, 'n': None, 'peak': 0.011340649922688802}); windows compared in place
[Coarse] pair 23: no reliable coarse offset (matcher: no matches; phasecorr: {'dx': 10626.331712949788, 'dy': 44081.26459194447, 'support': None, 'n': None, 'peak': 0.022681387839493927}); windows compared in place
[Coarse] pair 24: no reliable coarse offset (matcher: no matches; phasecorr: {'dx': -39044.25959720116, 'dy': 27033.45669197513, 'support': None, 'n': None, 'peak': 0.018840152319566702}); windows compared in place
[Coarse] pair 25: no reliable coarse offset (matcher: no matches; phasecorr: {'dx': -2967.3494804437037, 'dy': 31502.918072714525, 'support': None, 'n': None, 'peak': 0.017951171412880038}); windows compared in place
[Coarse] pair 1: phase correlation gave dE=11055 m dN=4646 m, 11.0 km from every offset the matcher measured; using pair 11's (dE=-790 m dN=7157 m)
[Coarse] pair 3: phase correlation gave dE=435 m dN=-3096 m, 9.9 km from every offset the matcher measured; using pair 11's (dE=-790 m dN=7157 m)
[Coarse] pair 6: phase correlation gave dE=-12273 m dN=-1453 m, 13.7 km from every offset the matcher measured; using pair 11's (dE=-790 m dN=7157 m)
[Coarse] pair 13: phase correlation gave dE=1721 m dN=-10079 m, 17.0 km from every offset the matcher measured; using pair 10's (dE=163 m dN=6849 m)
[Coarse] pair 14: phase correlation gave dE=-2888 m dN=-8958 m, 16.0 km from every offset the matcher measured; using pair 10's (dE=163 m dN=6849 m)
[Coarse] pair 18: phase correlation gave dE=-752 m dN=-6939 m, 13.8 km from every offset the matcher measured; using pair 16's (dE=-1474 m dN=7016 m)
[Coarse] pair 19: phase correlation gave dE=-28033 m dN=-3217 m, 28.5 km from every offset the matcher measured; using pair 16's (dE=-1474 m dN=7016 m)
[Coarse] pair 20: phase correlation gave dE=-21837 m dN=-4782 m, 23.5 km from every offset the matcher measured; using pair 16's (dE=-1474 m dN=7016 m)
[Coarse] pair 21: phase correlation gave dE=-2511 m dN=-8880 m, 15.9 km from every offset the matcher measured; using pair 16's (dE=-1474 m dN=7016 m)
[Coarse] pair 22: phase correlation gave dE=-12201 m dN=-19785 m, 28.9 km from every offset the matcher measured; using pair 16's (dE=-1474 m dN=7016 m)
[Coarse] imw-d2net-nn pair 1: dE=-789.6 m dN=7157.0 m (from-pair-11 (phasecorr disagreed), support=None, peak=0.04583818592407085) 
imw-d2net-nn: Processing pair 1 from disk...
imw-d2net-nn: 1 match-sets in 0.15s
[Coarse] imw-d2net-nn pair 2: dE=-789.6 m dN=7157.0 m (from-pair-3, support=None, peak=None) 
imw-d2net-nn: Processing pair 2 from disk...
imw-d2net-nn: 1 match-sets in 0.13s
[Coarse] imw-d2net-nn pair 3: dE=-789.6 m dN=7157.0 m (from-pair-11 (phasecorr disagreed), support=None, peak=0.05141784302982283) 
imw-d2net-nn: Processing pair 3 from disk...
imw-d2net-nn: 1 match-sets in 0.14s
[Coarse] imw-d2net-nn pair 4: dE=-789.6 m dN=7157.0 m (from-pair-6, support=None, peak=None) 
imw-d2net-nn: Processing pair 4 from disk...
imw-d2net-nn: 1 match-sets in 0.13s
[Coarse] imw-d2net-nn pair 5: dE=-789.6 m dN=7157.0 m (from-pair-6, support=None, peak=None) 
imw-d2net-nn: Processing pair 5 from disk...
imw-d2net-nn: 0 match-sets in 0.12s
[Coarse] imw-d2net-nn pair 6: dE=-789.6 m dN=7157.0 m (from-pair-11 (phasecorr disagreed), support=None, peak=0.034774091529846195) 
imw-d2net-nn: Processing pair 6 from disk...
imw-d2net-nn: 0 match-sets in 0.13s
[Coarse] imw-d2net-nn pair 7: dE=-75.1 m dN=5172.3 m (phasecorr@315m, support=None, peak=0.3776031465883608) 
imw-d2net-nn: Processing pair 7 from disk...
imw-d2net-nn: 0 match-sets in 0.00s
[Coarse] imw-d2net-nn pair 8: dE=-1852.3 m dN=5084.1 m (phasecorr@315m, support=None, peak=0.2714075272878011) 
imw-d2net-nn: Processing pair 8 from disk...
imw-d2net-nn: 0 match-sets in 0.00s
[Coarse] imw-d2net-nn pair 9: dE=-75.1 m dN=5172.3 m (from-pair-7, support=None, peak=None) 
imw-d2net-nn: Processing pair 9 from disk...
imw-d2net-nn: 0 match-sets in 0.00s
[Coarse] imw-d2net-nn pair 10: dE=163.3 m dN=6849.1 m (matcher@315m, support=9, peak=None) field 1x1 cells, dE 163..163 m, dN 6849..6849 m, 0 filled
imw-d2net-nn: Processing pair 10 from disk...
imw-d2net-nn: 1 match-sets in 0.47s
[Coarse] imw-d2net-nn pair 11: dE=-789.6 m dN=7157.0 m (matcher@315m, support=37, peak=None) field 1x1 cells, dE -790..-790 m, dN 7157..7157 m, 0 filled
imw-d2net-nn: Processing pair 11 from disk...
imw-d2net-nn: 1 match-sets in 0.48s
[Coarse] imw-d2net-nn pair 12: dE=512.6 m dN=7857.7 m (matcher@315m, support=28, peak=None) field 1x1 cells, dE 513..513 m, dN 7858..7858 m, 0 filled
imw-d2net-nn: Processing pair 12 from disk...
imw-d2net-nn: 1 match-sets in 0.31s
[Coarse] imw-d2net-nn pair 13: dE=163.3 m dN=6849.1 m (from-pair-10 (phasecorr disagreed), support=None, peak=0.24878289219405916) 
imw-d2net-nn: Processing pair 13 from disk...
imw-d2net-nn: 0 match-sets in 0.00s
[Coarse] imw-d2net-nn pair 14: dE=163.3 m dN=6849.1 m (from-pair-10 (phasecorr disagreed), support=None, peak=0.35633478768997723) 
imw-d2net-nn: Processing pair 14 from disk...
imw-d2net-nn: 0 match-sets in 0.00s
[Coarse] imw-d2net-nn pair 15: dE=-1360.1 m dN=6972.7 m (matcher@315m, support=80, peak=None) field 1x1 cells, dE -1360..-1360 m, dN 6973..6973 m, 0 filled
imw-d2net-nn: Processing pair 15 from disk...
imw-d2net-nn: 1 match-sets in 0.50s
[Coarse] imw-d2net-nn pair 16: dE=-1473.7 m dN=7016.3 m (matcher@315m, support=90, peak=None) field 1x1 cells, dE -1474..-1474 m, dN 7016..7016 m, 0 filled
imw-d2net-nn: Processing pair 16 from disk...
imw-d2net-nn: 1 match-sets in 0.49s
[Coarse] imw-d2net-nn pair 17: dE=-1473.7 m dN=7016.3 m (from-pair-16, support=None, peak=None) 
imw-d2net-nn: Processing pair 17 from disk...
imw-d2net-nn: 1 match-sets in 0.31s
[Coarse] imw-d2net-nn pair 18: dE=-1473.7 m dN=7016.3 m (from-pair-16 (phasecorr disagreed), support=None, peak=0.2454520107269287) 
imw-d2net-nn: Processing pair 18 from disk...
imw-d2net-nn: 0 match-sets in 0.00s
[Coarse] imw-d2net-nn pair 19: dE=-1473.7 m dN=7016.3 m (from-pair-16 (phasecorr disagreed), support=None, peak=0.11735943231582642) 
imw-d2net-nn: Processing pair 19 from disk...
imw-d2net-nn: 0 match-sets in 0.00s
[Coarse] imw-d2net-nn pair 20: dE=-1473.7 m dN=7016.3 m (from-pair-16 (phasecorr disagreed), support=None, peak=0.04500516567230225) 
imw-d2net-nn: Processing pair 20 from disk...
imw-d2net-nn: 0 match-sets in 0.00s
[Coarse] imw-d2net-nn pair 21: dE=-1473.7 m dN=7016.3 m (from-pair-16 (phasecorr disagreed), support=None, peak=0.03828669300079346) 
imw-d2net-nn: Processing pair 21 from disk...
imw-d2net-nn: 0 match-sets in 0.00s
[Coarse] imw-d2net-nn pair 22: dE=-1473.7 m dN=7016.3 m (from-pair-16 (phasecorr disagreed), support=None, peak=0.04219192933153223) 
imw-d2net-nn: Processing pair 22 from disk...
imw-d2net-nn: 1 match-sets in 0.49s
[Coarse] imw-d2net-nn pair 23: dE=-1473.7 m dN=7016.3 m (from-pair-22, support=None, peak=None) 
imw-d2net-nn: Processing pair 23 from disk...
imw-d2net-nn: 0 match-sets in 0.30s
[Coarse] imw-d2net-nn pair 24: dE=-1473.7 m dN=7016.3 m (from-pair-22, support=None, peak=None) 
imw-d2net-nn: Processing pair 24 from disk...
imw-d2net-nn: 0 match-sets in 0.15s
[Coarse] imw-d2net-nn pair 25: dE=-1473.7 m dN=7016.3 m (from-pair-22, support=None, peak=None) 
imw-d2net-nn: Processing pair 25 from disk...
imw-d2net-nn: 1 match-sets in 0.17s
Saved:
 CHIP_STATS_ALL.csv
 CHIP_STATS_SURVIVORS.csv
 CONSENSUS_SCORES.csv
 BEST_CHIP_SET.csv
 BEST_CHIP_MANIFEST.csv
 BEST_FINAL_SUMMARY.csv
[band1] imw-d2net-nn ok in 0.2 min, peak GPU memory 0.6 of 15.6 GB
[imw-d2net-nn] Model unloaded.
--------------------------------------------------------------------------------
[band1] Running imw-alike-nn
[imw-alike-nn] Loading model...
[Coarse] pair 2: no reliable coarse offset (matcher: no matches; phasecorr: {'dx': 12574.81863509712, 'dy': -4254.296899816302, 'support': None, 'n': None, 'peak': 0.022171562748190796}); windows compared in place
[Coarse] pair 4: no reliable coarse offset (matcher: no matches; phasecorr: {'dx': -12384.074490808596, 'dy': -1224.9559256777015, 'support': None, 'n': None, 'peak': 0.028621533425649007}); windows compared in place
[Coarse] pair 5: no reliable coarse offset (matcher: no matches; phasecorr: {'dx': -12498.015398455027, 'dy': -1389.0155843820758, 'support': None, 'n': None, 'peak': 0.02882188277244568}); windows compared in place
[Coarse] pair 9: no reliable coarse offset (matcher: no matches; phasecorr: {'dx': 3042.052254335612, 'dy': 5076.0958523434165, 'support': None, 'n': None, 'peak': -0.10839922587076822}); windows compared in place
[Coarse] pair 10: no reliable coarse offset (matcher: no matches; phasecorr: {'dx': -15791.779157239504, 'dy': -27484.73946603707, 'support': None, 'n': None, 'peak': 0.0061897425567386324}); windows compared in place
[Coarse] pair 11: no reliable coarse offset (matcher: no matches; phasecorr: {'dx': 848.0603845427108, 'dy': 31371.840712601417, 'support': None, 'n': None, 'peak': 0.01344987770749463}); windows compared in place
[Coarse] pair 12: no reliable coarse offset (matcher: {'dx': -8190.003604888916, 'dy': 10710.0, 'support': 1, 'n': 3, 'peak': None}; phasecorr: {'dx': -13536.498852975745, 'dy': 7947.8626155329175, 'support': None, 'n': None, 'peak': 0.014224803613733362}); windows compared in place
[Coarse] pair 15: no reliable coarse offset (matcher: no matches; phasecorr: {'dx': -41182.32612775494, 'dy': -16523.509648524217, 'support': None, 'n': None, 'peak': -0.0012744354870584276}); windows compared in place
[Coarse] pair 16: no reliable coarse offset (matcher: no matches; phasecorr: {'dx': -56750.43968732177, 'dy': -48622.98248381368, 'support': None, 'n': None, 'peak': -0.008618614276250203}); windows compared in place
[Coarse] pair 17: no reliable coarse offset (matcher: no matches; phasecorr: {'dx': -66083.54744225116, 'dy': 13836.37775522828, 'support': None, 'n': None, 'peak': 0.011340649922688802}); windows compared in place
[Coarse] pair 23: no reliable coarse offset (matcher: no matches; phasecorr: {'dx': 10626.331712949788, 'dy': 44081.26459194447, 'support': None, 'n': None, 'peak': 0.022681387839493927}); windows compared in place
[Coarse] pair 24: no reliable coarse offset (matcher: no matches; phasecorr: {'dx': -39044.25959720116, 'dy': 27033.45669197513, 'support': None, 'n': None, 'peak': 0.018840152319566702}); windows compared in place
[Coarse] pair 25: no reliable coarse offset (matcher: no matches; phasecorr: {'dx': -2967.3494804437037, 'dy': 31502.918072714525, 'support': None, 'n': None, 'peak': 0.017951171412880038}); windows compared in place
[Coarse] WARNING: imw-alike-nn: the pairs' coarse offsets differ by up to 39 km, more than one image moves from place to place. Pairs with a wrong offset match the wrong ground (the chip consensus drops them when they are few); if most pairs disagree, check the input's pixel size and window size.
[Coarse] imw-alike-nn pair 1: dE=11055.1 m dN=4645.5 m (phasecorr@315m, support=None, peak=0.04583818592407085) field 1x1 cells, dE 2522..2522 m, dN 4039..4039 m, 0 filled
imw-alike-nn: Processing pair 1 from disk...
imw-alike-nn: 1 match-sets in 0.17s
[Coarse] imw-alike-nn pair 2: dE=2565.5 m dN=1954.8 m (from-pair-3, support=None, peak=None) 
imw-alike-nn: Processing pair 2 from disk...
imw-alike-nn: 1 match-sets in 0.09s
[Coarse] imw-alike-nn pair 3: dE=434.6 m dN=-3095.9 m (phasecorr@315m, support=None, peak=0.05141784302982283) field 1x1 cells, dE 2566..2566 m, dN 1955..1955 m, 0 filled
imw-alike-nn: Processing pair 3 from disk...
imw-alike-nn: 1 match-sets in 0.17s
[Coarse] imw-alike-nn pair 4: dE=-3950.6 m dN=-7351.1 m (from-pair-6, support=None, peak=None) 
imw-alike-nn: Processing pair 4 from disk...
imw-alike-nn: 1 match-sets in 0.15s
[Coarse] imw-alike-nn pair 5: dE=-3950.6 m dN=-7351.1 m (from-pair-6, support=None, peak=None) 
imw-alike-nn: Processing pair 5 from disk...
imw-alike-nn: 1 match-sets in 0.08s
[Coarse] imw-alike-nn pair 6: dE=-12272.5 m dN=-1453.1 m (phasecorr@315m, support=None, peak=0.034774091529846195) field 1x1 cells, dE -3951..-3951 m, dN -7351..-7351 m, 0 filled
imw-alike-nn: Processing pair 6 from disk...
imw-alike-nn: 1 match-sets in 0.08s
[Coarse] imw-alike-nn pair 7: dE=-75.1 m dN=5172.3 m (phasecorr@315m, support=None, peak=0.3776031465883608) 
imw-alike-nn: Processing pair 7 from disk...
imw-alike-nn: 0 match-sets in 0.00s
[Coarse] imw-alike-nn pair 8: dE=-1852.3 m dN=5084.1 m (phasecorr@315m, support=None, peak=0.2714075272878011) 
imw-alike-nn: Processing pair 8 from disk...
imw-alike-nn: 0 match-sets in 0.00s
[Coarse] imw-alike-nn pair 9: dE=-75.1 m dN=5172.3 m (from-pair-7, support=None, peak=None) 
imw-alike-nn: Processing pair 9 from disk...
imw-alike-nn: 0 match-sets in 0.00s
[Coarse] imw-alike-nn pair 10: dE=2522.1 m dN=4039.4 m (from-pair-1, support=None, peak=None) 
imw-alike-nn: Processing pair 10 from disk...
imw-alike-nn: 1 match-sets in 0.38s
[Coarse] imw-alike-nn pair 11: dE=2522.1 m dN=4039.4 m (from-pair-1, support=None, peak=None) 
imw-alike-nn: Processing pair 11 from disk...
imw-alike-nn: 1 match-sets in 0.27s
[Coarse] imw-alike-nn pair 12: dE=-3950.6 m dN=-7351.1 m (from-pair-6, support=None, peak=None) 
imw-alike-nn: Processing pair 12 from disk...
imw-alike-nn: 1 match-sets in 0.27s
[Coarse] imw-alike-nn pair 13: dE=1721.5 m dN=-10079.3 m (phasecorr@315m, support=None, peak=0.24878289219405916) field 1x1 cells, dE 2629..2629 m, dN -9631..-9631 m, 0 filled
imw-alike-nn: Processing pair 13 from disk...
imw-alike-nn: 0 match-sets in 0.00s
[Coarse] imw-alike-nn pair 14: dE=-2887.9 m dN=-8958.2 m (phasecorr@315m, support=None, peak=0.35633478768997723) field 1x1 cells, dE -2930..-2930 m, dN -9091..-9091 m, 0 filled
imw-alike-nn: Processing pair 14 from disk...
imw-alike-nn: 0 match-sets in 0.00s
[Coarse] imw-alike-nn pair 15: dE=-4370.5 m dN=-8474.7 m (from-pair-21, support=None, peak=None) 
imw-alike-nn: Processing pair 15 from disk...
imw-alike-nn: 1 match-sets in 0.28s
[Coarse] imw-alike-nn pair 16: dE=-4370.5 m dN=-8474.7 m (from-pair-21, support=None, peak=None) 
imw-alike-nn: Processing pair 16 from disk...
imw-alike-nn: 1 match-sets in 0.30s
[Coarse] imw-alike-nn pair 17: dE=-12201.1 m dN=-19785.2 m (from-pair-22, support=None, peak=None) 
imw-alike-nn: Processing pair 17 from disk...
imw-alike-nn: 1 match-sets in 0.25s
[Coarse] imw-alike-nn pair 18: dE=-752.2 m dN=-6939.3 m (phasecorr@315m, support=None, peak=0.2454520107269287) field 1x1 cells, dE -1065..-1065 m, dN -6975..-6975 m, 0 filled
imw-alike-nn: Processing pair 18 from disk...
imw-alike-nn: 0 match-sets in 0.00s
[Coarse] imw-alike-nn pair 19: dE=-28033.4 m dN=-3216.7 m (phasecorr@315m, support=None, peak=0.11735943231582642) 
imw-alike-nn: Processing pair 19 from disk...
imw-alike-nn: 0 match-sets in 0.00s
[Coarse] imw-alike-nn pair 20: dE=-21836.5 m dN=-4781.8 m (phasecorr@315m, support=None, peak=0.04500516567230225) 
imw-alike-nn: Processing pair 20 from disk...
imw-alike-nn: 0 match-sets in 0.00s
[Coarse] imw-alike-nn pair 21: dE=-2511.3 m dN=-8879.5 m (phasecorr@315m, support=None, peak=0.03828669300079346) field 1x1 cells, dE -4371..-4371 m, dN -8475..-8475 m, 0 filled
imw-alike-nn: Processing pair 21 from disk...
imw-alike-nn: 0 match-sets in 0.00s
[Coarse] imw-alike-nn pair 22: dE=-12201.1 m dN=-19785.2 m (phasecorr@315m, support=None, peak=0.04219192933153223) 
imw-alike-nn: Processing pair 22 from disk...
imw-alike-nn: 1 match-sets in 0.26s
[Coarse] imw-alike-nn pair 23: dE=-12201.1 m dN=-19785.2 m (from-pair-22, support=None, peak=None) 
imw-alike-nn: Processing pair 23 from disk...
imw-alike-nn: 1 match-sets in 0.17s
[Coarse] imw-alike-nn pair 24: dE=-12201.1 m dN=-19785.2 m (from-pair-22, support=None, peak=None) 
imw-alike-nn: Processing pair 24 from disk...
imw-alike-nn: 0 match-sets in 0.14s
[Coarse] imw-alike-nn pair 25: dE=-12201.1 m dN=-19785.2 m (from-pair-22, support=None, peak=None) 
imw-alike-nn: Processing pair 25 from disk...
imw-alike-nn: 1 match-sets in 0.08s
Saved:
 CHIP_STATS_ALL.csv
 CHIP_STATS_SURVIVORS.csv
 CONSENSUS_SCORES.csv
 BEST_CHIP_SET.csv
 BEST_CHIP_MANIFEST.csv
 BEST_FINAL_SUMMARY.csv
[band1] imw-alike-nn ok in 0.1 min, peak GPU memory 0.6 of 15.6 GB
[imw-alike-nn] Model unloaded.
--------------------------------------------------------------------------------
[band1] Running imw-sfd2-nn
[imw-sfd2-nn] Loading model...
[Coarse] pair 2: no reliable coarse offset (matcher: no matches; phasecorr: {'dx': 12574.81863509712, 'dy': -4254.296899816302, 'support': None, 'n': None, 'peak': 0.022171562748190796}); windows compared in place
[Coarse] pair 4: no reliable coarse offset (matcher: no matches; phasecorr: {'dx': -12384.074490808596, 'dy': -1224.9559256777015, 'support': None, 'n': None, 'peak': 0.028621533425649007}); windows compared in place
[Coarse] pair 5: no reliable coarse offset (matcher: no matches; phasecorr: {'dx': -12498.015398455027, 'dy': -1389.0155843820758, 'support': None, 'n': None, 'peak': 0.02882188277244568}); windows compared in place
[Coarse] pair 9: no reliable coarse offset (matcher: no matches; phasecorr: {'dx': 3042.052254335612, 'dy': 5076.0958523434165, 'support': None, 'n': None, 'peak': -0.10839922587076822}); windows compared in place
[Coarse] pair 10: no reliable coarse offset (matcher: no matches; phasecorr: {'dx': -15791.779157239504, 'dy': -27484.73946603707, 'support': None, 'n': None, 'peak': 0.0061897425567386324}); windows compared in place
[Coarse] pair 17: no reliable coarse offset (matcher: no matches; phasecorr: {'dx': -66083.54744225116, 'dy': 13836.37775522828, 'support': None, 'n': None, 'peak': 0.011340649922688802}); windows compared in place
[Coarse] pair 23: no reliable coarse offset (matcher: no matches; phasecorr: {'dx': 10626.331712949788, 'dy': 44081.26459194447, 'support': None, 'n': None, 'peak': 0.022681387839493927}); windows compared in place
[Coarse] pair 24: no reliable coarse offset (matcher: no matches; phasecorr: {'dx': -39044.25959720116, 'dy': 27033.45669197513, 'support': None, 'n': None, 'peak': 0.018840152319566702}); windows compared in place
[Coarse] pair 25: no reliable coarse offset (matcher: no matches; phasecorr: {'dx': -2967.3494804437037, 'dy': 31502.918072714525, 'support': None, 'n': None, 'peak': 0.017951171412880038}); windows compared in place
[Coarse] pair 1: phase correlation gave dE=11055 m dN=4646 m, 11.2 km from every offset the matcher measured; using pair 11's (dE=158 m dN=7718 m)
[Coarse] pair 3: phase correlation gave dE=435 m dN=-3096 m, 10.2 km from every offset the matcher measured; using pair 11's (dE=158 m dN=7718 m)
[Coarse] pair 6: phase correlation gave dE=-12273 m dN=-1453 m, 12.4 km from every offset the matcher measured; using pair 11's (dE=158 m dN=7718 m)
[Coarse] pair 13: phase correlation gave dE=1721 m dN=-10079 m, 17.3 km from every offset the matcher measured; using pair 11's (dE=158 m dN=7718 m)
[Coarse] pair 14: phase correlation gave dE=-2888 m dN=-8958 m, 15.6 km from every offset the matcher measured; using pair 11's (dE=158 m dN=7718 m)
[Coarse] pair 18: phase correlation gave dE=-752 m dN=-6939 m, 13.7 km from every offset the matcher measured; using pair 16's (dE=-2835 m dN=6615 m)
[Coarse] pair 19: phase correlation gave dE=-28033 m dN=-3217 m, 27.0 km from every offset the matcher measured; using pair 16's (dE=-2835 m dN=6615 m)
[Coarse] pair 20: phase correlation gave dE=-21837 m dN=-4782 m, 22.2 km from every offset the matcher measured; using pair 16's (dE=-2835 m dN=6615 m)
[Coarse] pair 21: phase correlation gave dE=-2511 m dN=-8880 m, 15.5 km from every offset the matcher measured; using pair 16's (dE=-2835 m dN=6615 m)
[Coarse] pair 22: phase correlation gave dE=-12201 m dN=-19785 m, 28.0 km from every offset the matcher measured; using pair 16's (dE=-2835 m dN=6615 m)
[Coarse] imw-sfd2-nn pair 1: dE=157.5 m dN=7717.5 m (from-pair-11 (phasecorr disagreed), support=None, peak=0.04583818592407085) 
imw-sfd2-nn: Processing pair 1 from disk...
imw-sfd2-nn: 1 match-sets in 0.16s
[Coarse] imw-sfd2-nn pair 2: dE=157.5 m dN=7717.5 m (from-pair-3, support=None, peak=None) 
imw-sfd2-nn: Processing pair 2 from disk...
imw-sfd2-nn: 0 match-sets in 0.08s
[Coarse] imw-sfd2-nn pair 3: dE=157.5 m dN=7717.5 m (from-pair-11 (phasecorr disagreed), support=None, peak=0.05141784302982283) 
imw-sfd2-nn: Processing pair 3 from disk...
imw-sfd2-nn: 0 match-sets in 0.07s
[Coarse] imw-sfd2-nn pair 4: dE=157.5 m dN=7717.5 m (from-pair-6, support=None, peak=None) 
imw-sfd2-nn: Processing pair 4 from disk...
imw-sfd2-nn: 1 match-sets in 0.14s
[Coarse] imw-sfd2-nn pair 5: dE=157.5 m dN=7717.5 m (from-pair-6, support=None, peak=None) 
imw-sfd2-nn: Processing pair 5 from disk...
imw-sfd2-nn: 1 match-sets in 0.09s
[Coarse] imw-sfd2-nn pair 6: dE=157.5 m dN=7717.5 m (from-pair-11 (phasecorr disagreed), support=None, peak=0.034774091529846195) 
imw-sfd2-nn: Processing pair 6 from disk...
imw-sfd2-nn: 1 match-sets in 0.08s
[Coarse] imw-sfd2-nn pair 7: dE=-75.1 m dN=5172.3 m (phasecorr@315m, support=None, peak=0.3776031465883608) 
imw-sfd2-nn: Processing pair 7 from disk...
imw-sfd2-nn: 0 match-sets in 0.00s
[Coarse] imw-sfd2-nn pair 8: dE=-1852.3 m dN=5084.1 m (phasecorr@315m, support=None, peak=0.2714075272878011) 
imw-sfd2-nn: Processing pair 8 from disk...
imw-sfd2-nn: 0 match-sets in 0.00s
[Coarse] imw-sfd2-nn pair 9: dE=-75.1 m dN=5172.3 m (from-pair-7, support=None, peak=None) 
imw-sfd2-nn: Processing pair 9 from disk...
imw-sfd2-nn: 0 match-sets in 0.00s
[Coarse] imw-sfd2-nn pair 10: dE=157.5 m dN=7717.5 m (from-pair-11, support=None, peak=None) 
imw-sfd2-nn: Processing pair 10 from disk...
imw-sfd2-nn: 0 match-sets in 0.33s
[Coarse] imw-sfd2-nn pair 11: dE=157.5 m dN=7717.5 m (matcher@315m, support=38, peak=None) field 1x1 cells, dE 158..158 m, dN 7718..7718 m, 0 filled
imw-sfd2-nn: Processing pair 11 from disk...
imw-sfd2-nn: 1 match-sets in 0.30s
[Coarse] imw-sfd2-nn pair 12: dE=315.0 m dN=7875.0 m (matcher@315m, support=22, peak=None) field 1x1 cells, dE 315..315 m, dN 7875..7875 m, 0 filled
imw-sfd2-nn: Processing pair 12 from disk...
imw-sfd2-nn: 1 match-sets in 0.21s
[Coarse] imw-sfd2-nn pair 13: dE=157.5 m dN=7717.5 m (from-pair-11 (phasecorr disagreed), support=None, peak=0.24878289219405916) 
imw-sfd2-nn: Processing pair 13 from disk...
imw-sfd2-nn: 0 match-sets in 0.00s
[Coarse] imw-sfd2-nn pair 14: dE=157.5 m dN=7717.5 m (from-pair-11 (phasecorr disagreed), support=None, peak=0.35633478768997723) 
imw-sfd2-nn: Processing pair 14 from disk...
imw-sfd2-nn: 0 match-sets in 0.00s
[Coarse] imw-sfd2-nn pair 15: dE=-1260.0 m dN=7245.0 m (matcher@315m, support=39, peak=None) field 1x1 cells, dE -1260..-1260 m, dN 7245..7245 m, 0 filled
imw-sfd2-nn: Processing pair 15 from disk...
imw-sfd2-nn: 1 match-sets in 0.39s
[Coarse] imw-sfd2-nn pair 16: dE=-2835.0 m dN=6615.0 m (matcher@315m, support=46, peak=None) field 1x1 cells, dE -2835..-2835 m, dN 6615..6615 m, 0 filled
imw-sfd2-nn: Processing pair 16 from disk...
imw-sfd2-nn: 1 match-sets in 0.31s
[Coarse] imw-sfd2-nn pair 17: dE=-2835.0 m dN=6615.0 m (from-pair-16, support=None, peak=None) 
imw-sfd2-nn: Processing pair 17 from disk...
imw-sfd2-nn: 0 match-sets in 0.17s
[Coarse] imw-sfd2-nn pair 18: dE=-2835.0 m dN=6615.0 m (from-pair-16 (phasecorr disagreed), support=None, peak=0.2454520107269287) 
imw-sfd2-nn: Processing pair 18 from disk...
imw-sfd2-nn: 0 match-sets in 0.00s
[Coarse] imw-sfd2-nn pair 19: dE=-2835.0 m dN=6615.0 m (from-pair-16 (phasecorr disagreed), support=None, peak=0.11735943231582642) 
imw-sfd2-nn: Processing pair 19 from disk...
imw-sfd2-nn: 0 match-sets in 0.00s
[Coarse] imw-sfd2-nn pair 20: dE=-2835.0 m dN=6615.0 m (from-pair-16 (phasecorr disagreed), support=None, peak=0.04500516567230225) 
imw-sfd2-nn: Processing pair 20 from disk...
imw-sfd2-nn: 0 match-sets in 0.00s
[Coarse] imw-sfd2-nn pair 21: dE=-2835.0 m dN=6615.0 m (from-pair-16 (phasecorr disagreed), support=None, peak=0.03828669300079346) 
imw-sfd2-nn: Processing pair 21 from disk...
imw-sfd2-nn: 0 match-sets in 0.00s
[Coarse] imw-sfd2-nn pair 22: dE=-2835.0 m dN=6615.0 m (from-pair-16 (phasecorr disagreed), support=None, peak=0.04219192933153223) 
imw-sfd2-nn: Processing pair 22 from disk...
imw-sfd2-nn: 0 match-sets in 0.25s
[Coarse] imw-sfd2-nn pair 23: dE=-2835.0 m dN=6615.0 m (from-pair-22, support=None, peak=None) 
imw-sfd2-nn: Processing pair 23 from disk...
imw-sfd2-nn: 0 match-sets in 0.17s
[Coarse] imw-sfd2-nn pair 24: dE=-2835.0 m dN=6615.0 m (from-pair-22, support=None, peak=None) 
imw-sfd2-nn: Processing pair 24 from disk...
imw-sfd2-nn: 1 match-sets in 0.10s
[Coarse] imw-sfd2-nn pair 25: dE=-2835.0 m dN=6615.0 m (from-pair-22, support=None, peak=None) 
imw-sfd2-nn: Processing pair 25 from disk...
imw-sfd2-nn: 1 match-sets in 0.10s
Saved:
 CHIP_STATS_ALL.csv
 CHIP_STATS_SURVIVORS.csv
 CONSENSUS_SCORES.csv
 BEST_CHIP_SET.csv
 BEST_CHIP_MANIFEST.csv
 BEST_FINAL_SUMMARY.csv
[band1] imw-sfd2-nn ok in 0.1 min, peak GPU memory 0.8 of 15.6 GB
[imw-sfd2-nn] Model unloaded.
--------------------------------------------------------------------------------
[band1] Running imw-rdd-nn
[imw-rdd-nn] Loading model...


Please compile MultiScaleDeformableAttention CUDA op with the following commands:
	`cd mask2former/modeling/pixel_decoder/ops`
	`sh make.sh`

config {'activation': 'relu', 'block_dims': [8, 16, 32, 64], 'd_model': 256, 'detection_threshold': 0.015, 'device': device(type='cuda'), 'dim_feedforward': 1024, 'dropout': 0.1, 'enc_n_points': 8, 'hidden_dim': 256, 'lr_backbone': 2e-05, 'nhead': 8, 'num_encoder_layers': 4, 'num_feature_levels': 5, 'top_k': 32000, 'train_detector': False, 'weights': '/maintenance/ICIGDev/GPUPOC/input/dqe/imw_runtime/imw_cache/huggingface/hub/models--Realcat--imcui_checkpoints/snapshots/e72b489e927e7a8202f505c1b4db1474fd22b8b7/rdd/RDD-v2.pth'}
[Coarse] pair 9: no reliable coarse offset (matcher: RuntimeError: selected index k out of range; phasecorr: {'dx': 3042.052254335612, 'dy': 5076.0958523434165, 'support': None, 'n': None, 'peak': -0.10839922587076822}); windows compared in place
[Coarse] pair 23: no reliable coarse offset (matcher: no matches; phasecorr: {'dx': 10626.331712949788, 'dy': 44081.26459194447, 'support': None, 'n': None, 'peak': 0.022681387839493927}); windows compared in place
[Coarse] pair 24: no reliable coarse offset (matcher: no matches; phasecorr: {'dx': -39044.25959720116, 'dy': 27033.45669197513, 'support': None, 'n': None, 'peak': 0.018840152319566702}); windows compared in place
[Coarse] pair 25: no reliable coarse offset (matcher: no matches; phasecorr: {'dx': -2967.3494804437037, 'dy': 31502.918072714525, 'support': None, 'n': None, 'peak': 0.017951171412880038}); windows compared in place
[Coarse] pair 3: phase correlation gave dE=435 m dN=-3096 m, 10.2 km from every offset the matcher measured; using pair 2's (dE=-9782 m dN=-8522 m)
[Coarse] pair 13: phase correlation gave dE=1721 m dN=-10079 m, 11.6 km from every offset the matcher measured; using pair 10's (dE=-82 m dN=7614 m)
[Coarse] pair 14: phase correlation gave dE=-2888 m dN=-8958 m, 6.9 km from every offset the matcher measured; using pair 10's (dE=-82 m dN=7614 m)
[Coarse] pair 18: phase correlation gave dE=-752 m dN=-6939 m, 9.2 km from every offset the matcher measured; using pair 16's (dE=-1533 m dN=7045 m)
[Coarse] pair 19: phase correlation gave dE=-28033 m dN=-3217 m, 18.8 km from every offset the matcher measured; using pair 16's (dE=-1533 m dN=7045 m)
[Coarse] pair 20: phase correlation gave dE=-21837 m dN=-4782 m, 12.4 km from every offset the matcher measured; using pair 16's (dE=-1533 m dN=7045 m)
[Coarse] pair 21: phase correlation gave dE=-2511 m dN=-8880 m, 7.3 km from every offset the matcher measured; using pair 16's (dE=-1533 m dN=7045 m)
[Coarse] pair 22: phase correlation gave dE=-12201 m dN=-19785 m, 11.5 km from every offset the matcher measured; using pair 17's (dE=-754 m dN=7017 m)
[Coarse] WARNING: imw-rdd-nn: the pairs' coarse offsets differ by up to 19 km, more than one image moves from place to place. Pairs with a wrong offset match the wrong ground (the chip consensus drops them when they are few); if most pairs disagree, check the input's pixel size and window size.
[Coarse] imw-rdd-nn pair 1: dE=-9889.0 m dN=-8276.1 m (matcher@315m, support=16, peak=None) field 1x1 cells, dE -9889..-9889 m, dN -8276..-8276 m, 0 filled
imw-rdd-nn: Processing pair 1 from disk...
imw-rdd-nn: 1 match-sets in 0.33s
[Coarse] imw-rdd-nn pair 2: dE=-9782.4 m dN=-8522.5 m (matcher@315m, support=35, peak=None) field 1x1 cells, dE -9782..-9782 m, dN -8522..-8522 m, 0 filled
imw-rdd-nn: Processing pair 2 from disk...
imw-rdd-nn: 1 match-sets in 0.31s
[Coarse] imw-rdd-nn pair 3: dE=-9782.4 m dN=-8522.5 m (from-pair-2 (phasecorr disagreed), support=None, peak=0.05141784302982283) 
imw-rdd-nn: Processing pair 3 from disk...
imw-rdd-nn: 1 match-sets in 0.30s
[Coarse] imw-rdd-nn pair 4: dE=-9995.2 m dN=10703.8 m (matcher@315m, support=17, peak=None) field 1x1 cells, dE -9995..-9995 m, dN 10704..10704 m, 0 filled
imw-rdd-nn: Processing pair 4 from disk...
imw-rdd-nn: 1 match-sets in 0.27s
[Coarse] imw-rdd-nn pair 5: dE=-9903.6 m dN=10525.2 m (matcher@315m, support=20, peak=None) field 1x1 cells, dE -9904..-9904 m, dN 10525..10525 m, 0 filled
imw-rdd-nn: Processing pair 5 from disk...
imw-rdd-nn: 1 match-sets in 0.28s
[Coarse] imw-rdd-nn pair 6: dE=-9202.1 m dN=10152.7 m (matcher@315m, support=11, peak=None) field 1x1 cells, dE -9202..-9202 m, dN 10153..10153 m, 0 filled
imw-rdd-nn: Processing pair 6 from disk...
imw-rdd-nn: 1 match-sets in 0.27s
[Coarse] imw-rdd-nn pair 7: dE=-75.1 m dN=5172.3 m (phasecorr@315m, support=None, peak=0.3776031465883608) 
imw-rdd-nn: Processing pair 7 from disk...
imw-rdd-nn: 0 match-sets in 0.00s
[Coarse] imw-rdd-nn pair 8: dE=-1852.3 m dN=5084.1 m (phasecorr@315m, support=None, peak=0.2714075272878011) 
imw-rdd-nn: Processing pair 8 from disk...
imw-rdd-nn: 0 match-sets in 0.00s
[Coarse] imw-rdd-nn pair 9: dE=-75.1 m dN=5172.3 m (from-pair-7, support=None, peak=None) 
imw-rdd-nn: Processing pair 9 from disk...
imw-rdd-nn: 0 match-sets in 0.00s
[Coarse] imw-rdd-nn pair 10: dE=-81.7 m dN=7613.8 m (matcher@315m, support=323, peak=None) field 1x1 cells, dE -82..-82 m, dN 7614..7614 m, 0 filled
imw-rdd-nn: Processing pair 10 from disk...
imw-rdd-nn: 1 match-sets in 1.08s
[Coarse] imw-rdd-nn pair 11: dE=-110.4 m dN=7517.1 m (matcher@315m, support=1127, peak=None) field 1x1 cells, dE -110..-110 m, dN 7517..7517 m, 0 filled
imw-rdd-nn: Processing pair 11 from disk...
imw-rdd-nn: 1 match-sets in 0.82s
[Coarse] imw-rdd-nn pair 12: dE=-327.6 m dN=7484.7 m (matcher@315m, support=946, peak=None) field 1x1 cells, dE -328..-328 m, dN 7485..7485 m, 0 filled
imw-rdd-nn: Processing pair 12 from disk...
imw-rdd-nn: 1 match-sets in 0.53s
[Coarse] imw-rdd-nn pair 13: dE=-81.7 m dN=7613.8 m (from-pair-10 (phasecorr disagreed), support=None, peak=0.24878289219405916) 
imw-rdd-nn: Processing pair 13 from disk...
imw-rdd-nn: 0 match-sets in 0.00s
[Coarse] imw-rdd-nn pair 14: dE=-81.7 m dN=7613.8 m (from-pair-10 (phasecorr disagreed), support=None, peak=0.35633478768997723) 
imw-rdd-nn: Processing pair 14 from disk...
imw-rdd-nn: 0 match-sets in 0.00s
[Coarse] imw-rdd-nn pair 15: dE=-1455.2 m dN=7032.2 m (matcher@315m, support=1829, peak=None) field 1x1 cells, dE -1455..-1455 m, dN 7032..7032 m, 0 filled
imw-rdd-nn: Processing pair 15 from disk...
imw-rdd-nn: 1 match-sets in 1.25s
[Coarse] imw-rdd-nn pair 16: dE=-1532.8 m dN=7044.6 m (matcher@315m, support=1586, peak=None) field 1x1 cells, dE -1533..-1533 m, dN 7045..7045 m, 0 filled
imw-rdd-nn: Processing pair 16 from disk...
imw-rdd-nn: 1 match-sets in 0.88s
[Coarse] imw-rdd-nn pair 17: dE=-753.6 m dN=7016.9 m (matcher@315m, support=72, peak=None) field 1x1 cells, dE -754..-754 m, dN 7017..7017 m, 0 filled
imw-rdd-nn: Processing pair 17 from disk...
imw-rdd-nn: 1 match-sets in 0.63s
[Coarse] imw-rdd-nn pair 18: dE=-1532.8 m dN=7044.6 m (from-pair-16 (phasecorr disagreed), support=None, peak=0.2454520107269287) 
imw-rdd-nn: Processing pair 18 from disk...
imw-rdd-nn: 0 match-sets in 0.00s
[Coarse] imw-rdd-nn pair 19: dE=-1532.8 m dN=7044.6 m (from-pair-16 (phasecorr disagreed), support=None, peak=0.11735943231582642) 
imw-rdd-nn: Processing pair 19 from disk...
imw-rdd-nn: 0 match-sets in 0.00s
[Coarse] imw-rdd-nn pair 20: dE=-1532.8 m dN=7044.6 m (from-pair-16 (phasecorr disagreed), support=None, peak=0.04500516567230225) 
imw-rdd-nn: Processing pair 20 from disk...
imw-rdd-nn: 0 match-sets in 0.00s
[Coarse] imw-rdd-nn pair 21: dE=-1532.8 m dN=7044.6 m (from-pair-16 (phasecorr disagreed), support=None, peak=0.03828669300079346) 
imw-rdd-nn: Processing pair 21 from disk...
imw-rdd-nn: 0 match-sets in 0.00s
[Coarse] imw-rdd-nn pair 22: dE=-753.6 m dN=7016.9 m (from-pair-17 (phasecorr disagreed), support=None, peak=0.04219192933153223) 
imw-rdd-nn: Processing pair 22 from disk...
imw-rdd-nn: 1 match-sets in 0.97s
[Coarse] imw-rdd-nn pair 23: dE=-753.6 m dN=7016.9 m (from-pair-22, support=None, peak=None) 
imw-rdd-nn: Processing pair 23 from disk...
imw-rdd-nn: 1 match-sets in 0.64s
[Coarse] imw-rdd-nn pair 24: dE=-753.6 m dN=7016.9 m (from-pair-22, support=None, peak=None) 
imw-rdd-nn: Processing pair 24 from disk...
imw-rdd-nn: 1 match-sets in 0.41s
[Coarse] imw-rdd-nn pair 25: dE=-753.6 m dN=7016.9 m (from-pair-22, support=None, peak=None) 
imw-rdd-nn: Processing pair 25 from disk...
imw-rdd-nn: 1 match-sets in 0.40s
Saved:
 CHIP_STATS_ALL.csv
 CHIP_STATS_SURVIVORS.csv
 CONSENSUS_SCORES.csv
 BEST_CHIP_SET.csv
 BEST_CHIP_MANIFEST.csv
 BEST_FINAL_SUMMARY.csv
[band1] imw-rdd-nn ok in 0.4 min, peak GPU memory 5.7 of 15.6 GB
[imw-rdd-nn] Model unloaded.
--------------------------------------------------------------------------------
[band1] Running imw-liftfeat-nn
[imw-liftfeat-nn] Loading model...
load weight successfully.
[Coarse] pair 2: no reliable coarse offset (matcher: {'dx': -9765.0, 'dy': -8505.0, 'support': 5, 'n': 6, 'peak': None}; phasecorr: {'dx': 12574.81863509712, 'dy': -4254.296899816302, 'support': None, 'n': None, 'peak': 0.022171562748190796}); windows compared in place
[Coarse] pair 4: no reliable coarse offset (matcher: no matches; phasecorr: {'dx': -12384.074490808596, 'dy': -1224.9559256777015, 'support': None, 'n': None, 'peak': 0.028621533425649007}); windows compared in place
[Coarse] pair 5: no reliable coarse offset (matcher: no matches; phasecorr: {'dx': -12498.015398455027, 'dy': -1389.0155843820758, 'support': None, 'n': None, 'peak': 0.02882188277244568}); windows compared in place
[Coarse] pair 9: no reliable coarse offset (matcher: {'dx': 0.0, 'dy': -10080.0, 'support': 1, 'n': 4, 'peak': None}; phasecorr: {'dx': 3042.052254335612, 'dy': 5076.0958523434165, 'support': None, 'n': None, 'peak': -0.10839922587076822}); windows compared in place
[Coarse] pair 10: no reliable coarse offset (matcher: {'dx': -472.5, 'dy': -7245.0, 'support': 6, 'n': 9, 'peak': None}; phasecorr: {'dx': -15791.779157239504, 'dy': -27484.73946603707, 'support': None, 'n': None, 'peak': 0.0061897425567386324}); windows compared in place
[Coarse] pair 17: no reliable coarse offset (matcher: no matches; phasecorr: {'dx': -66083.54744225116, 'dy': 13836.37775522828, 'support': None, 'n': None, 'peak': 0.011340649922688802}); windows compared in place
[Coarse] pair 23: no reliable coarse offset (matcher: no matches; phasecorr: {'dx': 10626.331712949788, 'dy': 44081.26459194447, 'support': None, 'n': None, 'peak': 0.022681387839493927}); windows compared in place
[Coarse] pair 24: no reliable coarse offset (matcher: no matches; phasecorr: {'dx': -39044.25959720116, 'dy': 27033.45669197513, 'support': None, 'n': None, 'peak': 0.018840152319566702}); windows compared in place
[Coarse] pair 25: no reliable coarse offset (matcher: no matches; phasecorr: {'dx': -2967.3494804437037, 'dy': 31502.918072714525, 'support': None, 'n': None, 'peak': 0.017951171412880038}); windows compared in place
[Coarse] pair 1: phase correlation gave dE=11055 m dN=4646 m, 11.4 km from every offset the matcher measured; using pair 11's (dE=0 m dN=7245 m)
[Coarse] pair 3: phase correlation gave dE=435 m dN=-3096 m, 10.2 km from every offset the matcher measured; using pair 11's (dE=0 m dN=7245 m)
[Coarse] pair 6: phase correlation gave dE=-12273 m dN=-1453 m, 12.7 km from every offset the matcher measured; using pair 11's (dE=0 m dN=7245 m)
[Coarse] pair 13: phase correlation gave dE=1721 m dN=-10079 m, 17.2 km from every offset the matcher measured; using pair 11's (dE=0 m dN=7245 m)
[Coarse] pair 14: phase correlation gave dE=-2888 m dN=-8958 m, 15.6 km from every offset the matcher measured; using pair 11's (dE=0 m dN=7245 m)
[Coarse] pair 18: phase correlation gave dE=-752 m dN=-6939 m, 13.7 km from every offset the matcher measured; using pair 16's (dE=-2520 m dN=6615 m)
[Coarse] pair 19: phase correlation gave dE=-28033 m dN=-3217 m, 27.3 km from every offset the matcher measured; using pair 16's (dE=-2520 m dN=6615 m)
[Coarse] pair 20: phase correlation gave dE=-21837 m dN=-4782 m, 22.4 km from every offset the matcher measured; using pair 16's (dE=-2520 m dN=6615 m)
[Coarse] pair 21: phase correlation gave dE=-2511 m dN=-8880 m, 15.5 km from every offset the matcher measured; using pair 16's (dE=-2520 m dN=6615 m)
[Coarse] pair 22: phase correlation gave dE=-12201 m dN=-19785 m, 28.1 km from every offset the matcher measured; using pair 16's (dE=-2520 m dN=6615 m)
[Coarse] imw-liftfeat-nn pair 1: dE=0.0 m dN=7245.0 m (from-pair-11 (phasecorr disagreed), support=None, peak=0.04583818592407085) 
imw-liftfeat-nn: Processing pair 1 from disk...
imw-liftfeat-nn: 1 match-sets in 0.22s
[Coarse] imw-liftfeat-nn pair 2: dE=0.0 m dN=7245.0 m (from-pair-3, support=None, peak=None) 
imw-liftfeat-nn: Processing pair 2 from disk...
imw-liftfeat-nn: 1 match-sets in 0.09s
[Coarse] imw-liftfeat-nn pair 3: dE=0.0 m dN=7245.0 m (from-pair-11 (phasecorr disagreed), support=None, peak=0.05141784302982283) 
imw-liftfeat-nn: Processing pair 3 from disk...
imw-liftfeat-nn: 1 match-sets in 0.10s
[Coarse] imw-liftfeat-nn pair 4: dE=0.0 m dN=7245.0 m (from-pair-6, support=None, peak=None) 
imw-liftfeat-nn: Processing pair 4 from disk...
imw-liftfeat-nn: 1 match-sets in 0.20s
[Coarse] imw-liftfeat-nn pair 5: dE=0.0 m dN=7245.0 m (from-pair-6, support=None, peak=None) 
imw-liftfeat-nn: Processing pair 5 from disk...
imw-liftfeat-nn: 1 match-sets in 0.08s
[Coarse] imw-liftfeat-nn pair 6: dE=0.0 m dN=7245.0 m (from-pair-11 (phasecorr disagreed), support=None, peak=0.034774091529846195) 
imw-liftfeat-nn: Processing pair 6 from disk...
imw-liftfeat-nn: 1 match-sets in 0.09s
[Coarse] imw-liftfeat-nn pair 7: dE=-75.1 m dN=5172.3 m (phasecorr@315m, support=None, peak=0.3776031465883608) 
imw-liftfeat-nn: Processing pair 7 from disk...
imw-liftfeat-nn: 0 match-sets in 0.00s
[Coarse] imw-liftfeat-nn pair 8: dE=-1852.3 m dN=5084.1 m (phasecorr@315m, support=None, peak=0.2714075272878011) 
imw-liftfeat-nn: Processing pair 8 from disk...
imw-liftfeat-nn: 0 match-sets in 0.00s
[Coarse] imw-liftfeat-nn pair 9: dE=-75.1 m dN=5172.3 m (from-pair-7, support=None, peak=None) 
imw-liftfeat-nn: Processing pair 9 from disk...
imw-liftfeat-nn: 0 match-sets in 0.00s
[Coarse] imw-liftfeat-nn pair 10: dE=0.0 m dN=7245.0 m (from-pair-11, support=None, peak=None) 
imw-liftfeat-nn: Processing pair 10 from disk...
imw-liftfeat-nn: 1 match-sets in 0.46s
[Coarse] imw-liftfeat-nn pair 11: dE=0.0 m dN=7245.0 m (matcher@315m, support=48, peak=None) field 1x1 cells, dE 0..0 m, dN 7245..7245 m, 0 filled
imw-liftfeat-nn: Processing pair 11 from disk...
imw-liftfeat-nn: 1 match-sets in 0.29s
[Coarse] imw-liftfeat-nn pair 12: dE=-630.0 m dN=7560.0 m (matcher@315m, support=86, peak=None) field 1x1 cells, dE -630..-630 m, dN 7560..7560 m, 0 filled
imw-liftfeat-nn: Processing pair 12 from disk...
imw-liftfeat-nn: 1 match-sets in 0.19s
[Coarse] imw-liftfeat-nn pair 13: dE=0.0 m dN=7245.0 m (from-pair-11 (phasecorr disagreed), support=None, peak=0.24878289219405916) 
imw-liftfeat-nn: Processing pair 13 from disk...
imw-liftfeat-nn: 0 match-sets in 0.00s
[Coarse] imw-liftfeat-nn pair 14: dE=0.0 m dN=7245.0 m (from-pair-11 (phasecorr disagreed), support=None, peak=0.35633478768997723) 
imw-liftfeat-nn: Processing pair 14 from disk...
imw-liftfeat-nn: 0 match-sets in 0.00s
[Coarse] imw-liftfeat-nn pair 15: dE=-1575.0 m dN=6930.0 m (matcher@315m, support=103, peak=None) field 1x1 cells, dE -1575..-1575 m, dN 6930..6930 m, 0 filled
imw-liftfeat-nn: Processing pair 15 from disk...
imw-liftfeat-nn: 1 match-sets in 0.47s
[Coarse] imw-liftfeat-nn pair 16: dE=-2520.0 m dN=6615.0 m (matcher@315m, support=85, peak=None) field 1x1 cells, dE -2520..-2520 m, dN 6615..6615 m, 0 filled
imw-liftfeat-nn: Processing pair 16 from disk...
imw-liftfeat-nn: 1 match-sets in 0.30s
[Coarse] imw-liftfeat-nn pair 17: dE=-2520.0 m dN=6615.0 m (from-pair-16, support=None, peak=None) 
imw-liftfeat-nn: Processing pair 17 from disk...
imw-liftfeat-nn: 1 match-sets in 0.19s
[Coarse] imw-liftfeat-nn pair 18: dE=-2520.0 m dN=6615.0 m (from-pair-16 (phasecorr disagreed), support=None, peak=0.2454520107269287) 
imw-liftfeat-nn: Processing pair 18 from disk...
imw-liftfeat-nn: 0 match-sets in 0.00s
[Coarse] imw-liftfeat-nn pair 19: dE=-2520.0 m dN=6615.0 m (from-pair-16 (phasecorr disagreed), support=None, peak=0.11735943231582642) 
imw-liftfeat-nn: Processing pair 19 from disk...
imw-liftfeat-nn: 0 match-sets in 0.00s
[Coarse] imw-liftfeat-nn pair 20: dE=-2520.0 m dN=6615.0 m (from-pair-16 (phasecorr disagreed), support=None, peak=0.04500516567230225) 
imw-liftfeat-nn: Processing pair 20 from disk...
imw-liftfeat-nn: 0 match-sets in 0.00s
[Coarse] imw-liftfeat-nn pair 21: dE=-2520.0 m dN=6615.0 m (from-pair-16 (phasecorr disagreed), support=None, peak=0.03828669300079346) 
imw-liftfeat-nn: Processing pair 21 from disk...
imw-liftfeat-nn: 0 match-sets in 0.00s
[Coarse] imw-liftfeat-nn pair 22: dE=-2520.0 m dN=6615.0 m (from-pair-16 (phasecorr disagreed), support=None, peak=0.04219192933153223) 
imw-liftfeat-nn: Processing pair 22 from disk...
imw-liftfeat-nn: 1 match-sets in 0.36s
[Coarse] imw-liftfeat-nn pair 23: dE=-2520.0 m dN=6615.0 m (from-pair-22, support=None, peak=None) 
imw-liftfeat-nn: Processing pair 23 from disk...
imw-liftfeat-nn: 1 match-sets in 0.20s
[Coarse] imw-liftfeat-nn pair 24: dE=-2520.0 m dN=6615.0 m (from-pair-22, support=None, peak=None) 
imw-liftfeat-nn: Processing pair 24 from disk...
imw-liftfeat-nn: 1 match-sets in 0.11s
[Coarse] imw-liftfeat-nn pair 25: dE=-2520.0 m dN=6615.0 m (from-pair-22, support=None, peak=None) 
imw-liftfeat-nn: Processing pair 25 from disk...
imw-liftfeat-nn: 1 match-sets in 0.11s
Saved:
 CHIP_STATS_ALL.csv
 CHIP_STATS_SURVIVORS.csv
 CONSENSUS_SCORES.csv
 BEST_CHIP_SET.csv
 BEST_CHIP_MANIFEST.csv
 BEST_FINAL_SUMMARY.csv
[band1] imw-liftfeat-nn ok in 0.2 min, peak GPU memory 1.7 of 15.6 GB
[imw-liftfeat-nn] Model unloaded.
--------------------------------------------------------------------------------
[band1] Running imw-ripe-nn
[imw-ripe-nn] Loading model...
INFO:ripe.models.ripe:Training with window size 8.
INFO:ripe.models.ripe:Use None as final non-linearity before the detection heatmap.
INFO:ripe.models.ripe:Training dim reduction descriptor with 960 -> 256 1x1 conv
[Coarse] pair 2: no reliable coarse offset (matcher: {'dx': -10395.0, 'dy': 3780.0, 'support': 1, 'n': 7, 'peak': None}; phasecorr: {'dx': 12574.81863509712, 'dy': -4254.296899816302, 'support': None, 'n': None, 'peak': 0.022171562748190796}); windows compared in place
[Coarse] pair 4: no reliable coarse offset (matcher: no matches; phasecorr: {'dx': -12384.074490808596, 'dy': -1224.9559256777015, 'support': None, 'n': None, 'peak': 0.028621533425649007}); windows compared in place
[Coarse] pair 5: no reliable coarse offset (matcher: no matches; phasecorr: {'dx': -12498.015398455027, 'dy': -1389.0155843820758, 'support': None, 'n': None, 'peak': 0.02882188277244568}); windows compared in place
[Coarse] pair 9: no reliable coarse offset (matcher: no matches; phasecorr: {'dx': 3042.052254335612, 'dy': 5076.0958523434165, 'support': None, 'n': None, 'peak': -0.10839922587076822}); windows compared in place
[Coarse] pair 10: no reliable coarse offset (matcher: no matches; phasecorr: {'dx': -15791.779157239504, 'dy': -27484.73946603707, 'support': None, 'n': None, 'peak': 0.0061897425567386324}); windows compared in place
[Coarse] pair 23: no reliable coarse offset (matcher: no matches; phasecorr: {'dx': 10626.331712949788, 'dy': 44081.26459194447, 'support': None, 'n': None, 'peak': 0.022681387839493927}); windows compared in place
[Coarse] pair 24: no reliable coarse offset (matcher: no matches; phasecorr: {'dx': -39044.25959720116, 'dy': 27033.45669197513, 'support': None, 'n': None, 'peak': 0.018840152319566702}); windows compared in place
[Coarse] pair 25: no reliable coarse offset (matcher: no matches; phasecorr: {'dx': -2967.3494804437037, 'dy': 31502.918072714525, 'support': None, 'n': None, 'peak': 0.017951171412880038}); windows compared in place
[Coarse] pair 1: phase correlation gave dE=11055 m dN=4646 m, 11.1 km from every offset the matcher measured; using pair 11's (dE=315 m dN=7560 m)
[Coarse] pair 3: phase correlation gave dE=435 m dN=-3096 m, 10.2 km from every offset the matcher measured; using pair 11's (dE=315 m dN=7560 m)
[Coarse] pair 6: phase correlation gave dE=-12273 m dN=-1453 m, 13.8 km from every offset the matcher measured; using pair 11's (dE=315 m dN=7560 m)
[Coarse] pair 13: phase correlation gave dE=1721 m dN=-10079 m, 17.3 km from every offset the matcher measured; using pair 11's (dE=315 m dN=7560 m)
[Coarse] pair 14: phase correlation gave dE=-2888 m dN=-8958 m, 16.0 km from every offset the matcher measured; using pair 11's (dE=315 m dN=7560 m)
[Coarse] pair 18: phase correlation gave dE=-752 m dN=-6939 m, 13.9 km from every offset the matcher measured; using pair 16's (dE=-1260 m dN=6930 m)
[Coarse] pair 19: phase correlation gave dE=-28033 m dN=-3217 m, 28.6 km from every offset the matcher measured; using pair 16's (dE=-1260 m dN=6930 m)
[Coarse] pair 20: phase correlation gave dE=-21837 m dN=-4782 m, 23.7 km from every offset the matcher measured; using pair 16's (dE=-1260 m dN=6930 m)
[Coarse] pair 21: phase correlation gave dE=-2511 m dN=-8880 m, 15.9 km from every offset the matcher measured; using pair 16's (dE=-1260 m dN=6930 m)
[Coarse] pair 22: phase correlation gave dE=-12201 m dN=-19785 m, 28.9 km from every offset the matcher measured; using pair 17's (dE=-945 m dN=7245 m)
[Coarse] imw-ripe-nn pair 1: dE=315.0 m dN=7560.0 m (from-pair-11 (phasecorr disagreed), support=None, peak=0.04583818592407085) 
imw-ripe-nn: Processing pair 1 from disk...
imw-ripe-nn: 0 match-sets in 0.21s
[Coarse] imw-ripe-nn pair 2: dE=315.0 m dN=7560.0 m (from-pair-3, support=None, peak=None) 
imw-ripe-nn: Processing pair 2 from disk...
imw-ripe-nn: 1 match-sets in 0.15s
[Coarse] imw-ripe-nn pair 3: dE=315.0 m dN=7560.0 m (from-pair-11 (phasecorr disagreed), support=None, peak=0.05141784302982283) 
imw-ripe-nn: Processing pair 3 from disk...
imw-ripe-nn: 1 match-sets in 0.14s
[Coarse] imw-ripe-nn pair 4: dE=315.0 m dN=7560.0 m (from-pair-6, support=None, peak=None) 
imw-ripe-nn: Processing pair 4 from disk...
imw-ripe-nn: 0 match-sets in 0.20s
[Coarse] imw-ripe-nn pair 5: dE=315.0 m dN=7560.0 m (from-pair-6, support=None, peak=None) 
imw-ripe-nn: Processing pair 5 from disk...
imw-ripe-nn: 1 match-sets in 0.13s
[Coarse] imw-ripe-nn pair 6: dE=315.0 m dN=7560.0 m (from-pair-11 (phasecorr disagreed), support=None, peak=0.034774091529846195) 
imw-ripe-nn: Processing pair 6 from disk...
imw-ripe-nn: 1 match-sets in 0.13s
[Coarse] imw-ripe-nn pair 7: dE=-75.1 m dN=5172.3 m (phasecorr@315m, support=None, peak=0.3776031465883608) 
imw-ripe-nn: Processing pair 7 from disk...
imw-ripe-nn: 0 match-sets in 0.00s
[Coarse] imw-ripe-nn pair 8: dE=-1852.3 m dN=5084.1 m (phasecorr@315m, support=None, peak=0.2714075272878011) 
imw-ripe-nn: Processing pair 8 from disk...
imw-ripe-nn: 0 match-sets in 0.00s
[Coarse] imw-ripe-nn pair 9: dE=-75.1 m dN=5172.3 m (from-pair-7, support=None, peak=None) 
imw-ripe-nn: Processing pair 9 from disk...
imw-ripe-nn: 0 match-sets in 0.00s
[Coarse] imw-ripe-nn pair 10: dE=315.0 m dN=7560.0 m (from-pair-11, support=None, peak=None) 
imw-ripe-nn: Processing pair 10 from disk...
imw-ripe-nn: 1 match-sets in 0.62s
[Coarse] imw-ripe-nn pair 11: dE=315.0 m dN=7560.0 m (matcher@315m, support=59, peak=None) field 1x1 cells, dE 315..315 m, dN 7560..7560 m, 0 filled
imw-ripe-nn: Processing pair 11 from disk...
imw-ripe-nn: 1 match-sets in 0.44s
[Coarse] imw-ripe-nn pair 12: dE=-315.0 m dN=7560.0 m (matcher@315m, support=138, peak=None) field 1x1 cells, dE -315..-315 m, dN 7560..7560 m, 0 filled
imw-ripe-nn: Processing pair 12 from disk...
imw-ripe-nn: 1 match-sets in 0.30s
[Coarse] imw-ripe-nn pair 13: dE=315.0 m dN=7560.0 m (from-pair-11 (phasecorr disagreed), support=None, peak=0.24878289219405916) 
imw-ripe-nn: Processing pair 13 from disk...
imw-ripe-nn: 0 match-sets in 0.00s
[Coarse] imw-ripe-nn pair 14: dE=315.0 m dN=7560.0 m (from-pair-11 (phasecorr disagreed), support=None, peak=0.35633478768997723) 
imw-ripe-nn: Processing pair 14 from disk...
imw-ripe-nn: 0 match-sets in 0.00s
[Coarse] imw-ripe-nn pair 15: dE=-1260.0 m dN=6930.0 m (matcher@315m, support=220, peak=None) field 1x1 cells, dE -1260..-1260 m, dN 6930..6930 m, 0 filled
imw-ripe-nn: Processing pair 15 from disk...
imw-ripe-nn: 1 match-sets in 0.63s
[Coarse] imw-ripe-nn pair 16: dE=-1260.0 m dN=6930.0 m (matcher@315m, support=218, peak=None) field 1x1 cells, dE -1260..-1260 m, dN 6930..6930 m, 0 filled
imw-ripe-nn: Processing pair 16 from disk...
imw-ripe-nn: 1 match-sets in 0.47s
[Coarse] imw-ripe-nn pair 17: dE=-945.0 m dN=7245.0 m (matcher@315m, support=22, peak=None) field 1x1 cells, dE -945..-945 m, dN 7245..7245 m, 0 filled
imw-ripe-nn: Processing pair 17 from disk...
imw-ripe-nn: 1 match-sets in 0.30s
[Coarse] imw-ripe-nn pair 18: dE=-1260.0 m dN=6930.0 m (from-pair-16 (phasecorr disagreed), support=None, peak=0.2454520107269287) 
imw-ripe-nn: Processing pair 18 from disk...
imw-ripe-nn: 0 match-sets in 0.00s
[Coarse] imw-ripe-nn pair 19: dE=-1260.0 m dN=6930.0 m (from-pair-16 (phasecorr disagreed), support=None, peak=0.11735943231582642) 
imw-ripe-nn: Processing pair 19 from disk...
imw-ripe-nn: 0 match-sets in 0.00s
[Coarse] imw-ripe-nn pair 20: dE=-1260.0 m dN=6930.0 m (from-pair-16 (phasecorr disagreed), support=None, peak=0.04500516567230225) 
imw-ripe-nn: Processing pair 20 from disk...
imw-ripe-nn: 0 match-sets in 0.00s
[Coarse] imw-ripe-nn pair 21: dE=-1260.0 m dN=6930.0 m (from-pair-16 (phasecorr disagreed), support=None, peak=0.03828669300079346) 
imw-ripe-nn: Processing pair 21 from disk...
imw-ripe-nn: 0 match-sets in 0.00s
[Coarse] imw-ripe-nn pair 22: dE=-945.0 m dN=7245.0 m (from-pair-17 (phasecorr disagreed), support=None, peak=0.04219192933153223) 
imw-ripe-nn: Processing pair 22 from disk...
imw-ripe-nn: 1 match-sets in 0.47s
[Coarse] imw-ripe-nn pair 23: dE=-945.0 m dN=7245.0 m (from-pair-22, support=None, peak=None) 
imw-ripe-nn: Processing pair 23 from disk...
imw-ripe-nn: 1 match-sets in 0.33s
[Coarse] imw-ripe-nn pair 24: dE=-945.0 m dN=7245.0 m (from-pair-22, support=None, peak=None) 
imw-ripe-nn: Processing pair 24 from disk...
imw-ripe-nn: 0 match-sets in 0.15s
[Coarse] imw-ripe-nn pair 25: dE=-945.0 m dN=7245.0 m (from-pair-22, support=None, peak=None) 
imw-ripe-nn: Processing pair 25 from disk...
imw-ripe-nn: 1 match-sets in 0.17s
Saved:
 CHIP_STATS_ALL.csv
 CHIP_STATS_SURVIVORS.csv
 CONSENSUS_SCORES.csv
 BEST_CHIP_SET.csv
 BEST_CHIP_MANIFEST.csv
 BEST_FINAL_SUMMARY.csv
[band1] imw-ripe-nn ok in 0.2 min, peak GPU memory 1.1 of 15.6 GB
[imw-ripe-nn] Model unloaded.
--------------------------------------------------------------------------------
[band1] Running imw-darkfeat-nn
[imw-darkfeat-nn] Loading model...
Loaded DarkFeat model
[Coarse] pair 2: no reliable coarse offset (matcher: no matches; phasecorr: {'dx': 12574.81863509712, 'dy': -4254.296899816302, 'support': None, 'n': None, 'peak': 0.022171562748190796}); windows compared in place
[Coarse] pair 4: no reliable coarse offset (matcher: no matches; phasecorr: {'dx': -12384.074490808596, 'dy': -1224.9559256777015, 'support': None, 'n': None, 'peak': 0.028621533425649007}); windows compared in place
[Coarse] pair 5: no reliable coarse offset (matcher: no matches; phasecorr: {'dx': -12498.015398455027, 'dy': -1389.0155843820758, 'support': None, 'n': None, 'peak': 0.02882188277244568}); windows compared in place
[Coarse] pair 9: no reliable coarse offset (matcher: no matches; phasecorr: {'dx': 3042.052254335612, 'dy': 5076.0958523434165, 'support': None, 'n': None, 'peak': -0.10839922587076822}); windows compared in place
[Coarse] pair 10: no reliable coarse offset (matcher: no matches; phasecorr: {'dx': -15791.779157239504, 'dy': -27484.73946603707, 'support': None, 'n': None, 'peak': 0.0061897425567386324}); windows compared in place
[Coarse] pair 11: no reliable coarse offset (matcher: no matches; phasecorr: {'dx': 848.0603845427108, 'dy': 31371.840712601417, 'support': None, 'n': None, 'peak': 0.01344987770749463}); windows compared in place
[Coarse] pair 23: no reliable coarse offset (matcher: no matches; phasecorr: {'dx': 10626.331712949788, 'dy': 44081.26459194447, 'support': None, 'n': None, 'peak': 0.022681387839493927}); windows compared in place
[Coarse] pair 24: no reliable coarse offset (matcher: no matches; phasecorr: {'dx': -39044.25959720116, 'dy': 27033.45669197513, 'support': None, 'n': None, 'peak': 0.018840152319566702}); windows compared in place
[Coarse] pair 25: no reliable coarse offset (matcher: no matches; phasecorr: {'dx': -2967.3494804437037, 'dy': 31502.918072714525, 'support': None, 'n': None, 'peak': 0.017951171412880038}); windows compared in place
[Coarse] pair 1: phase correlation gave dE=11055 m dN=4646 m, 11.7 km from every offset the matcher measured; using pair 12's (dE=-315 m dN=7560 m)
[Coarse] pair 3: phase correlation gave dE=435 m dN=-3096 m, 10.2 km from every offset the matcher measured; using pair 12's (dE=-315 m dN=7560 m)
[Coarse] pair 6: phase correlation gave dE=-12273 m dN=-1453 m, 13.8 km from every offset the matcher measured; using pair 12's (dE=-315 m dN=7560 m)
[Coarse] pair 13: phase correlation gave dE=1721 m dN=-10079 m, 17.3 km from every offset the matcher measured; using pair 15's (dE=-1260 m dN=6930 m)
[Coarse] pair 14: phase correlation gave dE=-2888 m dN=-8958 m, 16.0 km from every offset the matcher measured; using pair 15's (dE=-1260 m dN=6930 m)
[Coarse] pair 18: phase correlation gave dE=-752 m dN=-6939 m, 13.9 km from every offset the matcher measured; using pair 16's (dE=-1260 m dN=6930 m)
[Coarse] pair 19: phase correlation gave dE=-28033 m dN=-3217 m, 28.6 km from every offset the matcher measured; using pair 16's (dE=-1260 m dN=6930 m)
[Coarse] pair 20: phase correlation gave dE=-21837 m dN=-4782 m, 23.7 km from every offset the matcher measured; using pair 16's (dE=-1260 m dN=6930 m)
[Coarse] pair 21: phase correlation gave dE=-2511 m dN=-8880 m, 15.9 km from every offset the matcher measured; using pair 16's (dE=-1260 m dN=6930 m)
[Coarse] pair 22: phase correlation gave dE=-12201 m dN=-19785 m, 28.9 km from every offset the matcher measured; using pair 17's (dE=-1260 m dN=7245 m)
[Coarse] imw-darkfeat-nn pair 1: dE=-315.0 m dN=7560.0 m (from-pair-12 (phasecorr disagreed), support=None, peak=0.04583818592407085) 
imw-darkfeat-nn: Processing pair 1 from disk...
imw-darkfeat-nn: 1 match-sets in 0.13s
[Coarse] imw-darkfeat-nn pair 2: dE=-315.0 m dN=7560.0 m (from-pair-3, support=None, peak=None) 
imw-darkfeat-nn: Processing pair 2 from disk...
imw-darkfeat-nn: 1 match-sets in 0.11s
[Coarse] imw-darkfeat-nn pair 3: dE=-315.0 m dN=7560.0 m (from-pair-12 (phasecorr disagreed), support=None, peak=0.05141784302982283) 
imw-darkfeat-nn: Processing pair 3 from disk...
imw-darkfeat-nn: 1 match-sets in 0.11s
[Coarse] imw-darkfeat-nn pair 4: dE=-315.0 m dN=7560.0 m (from-pair-6, support=None, peak=None) 
imw-darkfeat-nn: Processing pair 4 from disk...
imw-darkfeat-nn: 1 match-sets in 0.13s
[Coarse] imw-darkfeat-nn pair 5: dE=-315.0 m dN=7560.0 m (from-pair-6, support=None, peak=None) 
imw-darkfeat-nn: Processing pair 5 from disk...
imw-darkfeat-nn: 1 match-sets in 0.10s
[Coarse] imw-darkfeat-nn pair 6: dE=-315.0 m dN=7560.0 m (from-pair-12 (phasecorr disagreed), support=None, peak=0.034774091529846195) 
imw-darkfeat-nn: Processing pair 6 from disk...
imw-darkfeat-nn: 1 match-sets in 0.10s
[Coarse] imw-darkfeat-nn pair 7: dE=-75.1 m dN=5172.3 m (phasecorr@315m, support=None, peak=0.3776031465883608) 
imw-darkfeat-nn: Processing pair 7 from disk...
imw-darkfeat-nn: 0 match-sets in 0.00s
[Coarse] imw-darkfeat-nn pair 8: dE=-1852.3 m dN=5084.1 m (phasecorr@315m, support=None, peak=0.2714075272878011) 
imw-darkfeat-nn: Processing pair 8 from disk...
imw-darkfeat-nn: 0 match-sets in 0.00s
[Coarse] imw-darkfeat-nn pair 9: dE=-75.1 m dN=5172.3 m (from-pair-7, support=None, peak=None) 
imw-darkfeat-nn: Processing pair 9 from disk...
imw-darkfeat-nn: 0 match-sets in 0.00s
[Coarse] imw-darkfeat-nn pair 10: dE=-315.0 m dN=7560.0 m (from-pair-12, support=None, peak=None) 
imw-darkfeat-nn: Processing pair 10 from disk...
imw-darkfeat-nn: 1 match-sets in 0.40s
[Coarse] imw-darkfeat-nn pair 11: dE=-315.0 m dN=7560.0 m (from-pair-12, support=None, peak=None) 
imw-darkfeat-nn: Processing pair 11 from disk...
imw-darkfeat-nn: 1 match-sets in 0.35s
[Coarse] imw-darkfeat-nn pair 12: dE=-315.0 m dN=7560.0 m (matcher@315m, support=151, peak=None) field 1x1 cells, dE -315..-315 m, dN 7560..7560 m, 0 filled
imw-darkfeat-nn: Processing pair 12 from disk...
imw-darkfeat-nn: 1 match-sets in 0.24s
[Coarse] imw-darkfeat-nn pair 13: dE=-1260.0 m dN=6930.0 m (from-pair-15 (phasecorr disagreed), support=None, peak=0.24878289219405916) 
imw-darkfeat-nn: Processing pair 13 from disk...
imw-darkfeat-nn: 0 match-sets in 0.00s
[Coarse] imw-darkfeat-nn pair 14: dE=-1260.0 m dN=6930.0 m (from-pair-15 (phasecorr disagreed), support=None, peak=0.35633478768997723) 
imw-darkfeat-nn: Processing pair 14 from disk...
imw-darkfeat-nn: 0 match-sets in 0.00s
[Coarse] imw-darkfeat-nn pair 15: dE=-1260.0 m dN=6930.0 m (matcher@315m, support=477, peak=None) field 1x1 cells, dE -1260..-1260 m, dN 6930..6930 m, 0 filled
imw-darkfeat-nn: Processing pair 15 from disk...
imw-darkfeat-nn: 1 match-sets in 0.38s
[Coarse] imw-darkfeat-nn pair 16: dE=-1260.0 m dN=6930.0 m (matcher@315m, support=466, peak=None) field 1x1 cells, dE -1260..-1260 m, dN 6930..6930 m, 0 filled
imw-darkfeat-nn: Processing pair 16 from disk...
imw-darkfeat-nn: 1 match-sets in 0.34s
[Coarse] imw-darkfeat-nn pair 17: dE=-1260.0 m dN=7245.0 m (matcher@315m, support=27, peak=None) field 1x1 cells, dE -1260..-1260 m, dN 7245..7245 m, 0 filled
imw-darkfeat-nn: Processing pair 17 from disk...
imw-darkfeat-nn: 1 match-sets in 0.21s
[Coarse] imw-darkfeat-nn pair 18: dE=-1260.0 m dN=6930.0 m (from-pair-16 (phasecorr disagreed), support=None, peak=0.2454520107269287) 
imw-darkfeat-nn: Processing pair 18 from disk...
imw-darkfeat-nn: 0 match-sets in 0.00s
[Coarse] imw-darkfeat-nn pair 19: dE=-1260.0 m dN=6930.0 m (from-pair-16 (phasecorr disagreed), support=None, peak=0.11735943231582642) 
imw-darkfeat-nn: Processing pair 19 from disk...
imw-darkfeat-nn: 0 match-sets in 0.00s
[Coarse] imw-darkfeat-nn pair 20: dE=-1260.0 m dN=6930.0 m (from-pair-16 (phasecorr disagreed), support=None, peak=0.04500516567230225) 
imw-darkfeat-nn: Processing pair 20 from disk...
imw-darkfeat-nn: 0 match-sets in 0.00s
[Coarse] imw-darkfeat-nn pair 21: dE=-1260.0 m dN=6930.0 m (from-pair-16 (phasecorr disagreed), support=None, peak=0.03828669300079346) 
imw-darkfeat-nn: Processing pair 21 from disk...
imw-darkfeat-nn: 0 match-sets in 0.00s
[Coarse] imw-darkfeat-nn pair 22: dE=-1260.0 m dN=7245.0 m (from-pair-17 (phasecorr disagreed), support=None, peak=0.04219192933153223) 
imw-darkfeat-nn: Processing pair 22 from disk...
imw-darkfeat-nn: 1 match-sets in 0.29s
[Coarse] imw-darkfeat-nn pair 23: dE=-1260.0 m dN=7245.0 m (from-pair-22, support=None, peak=None) 
imw-darkfeat-nn: Processing pair 23 from disk...
imw-darkfeat-nn: 1 match-sets in 0.24s
[Coarse] imw-darkfeat-nn pair 24: dE=-1260.0 m dN=7245.0 m (from-pair-22, support=None, peak=None) 
imw-darkfeat-nn: Processing pair 24 from disk...
imw-darkfeat-nn: 1 match-sets in 0.12s
[Coarse] imw-darkfeat-nn pair 25: dE=-1260.0 m dN=7245.0 m (from-pair-22, support=None, peak=None) 
imw-darkfeat-nn: Processing pair 25 from disk...
imw-darkfeat-nn: 1 match-sets in 0.12s
Saved:
 CHIP_STATS_ALL.csv
 CHIP_STATS_SURVIVORS.csv
 CONSENSUS_SCORES.csv
 BEST_CHIP_SET.csv
 BEST_CHIP_MANIFEST.csv
 BEST_FINAL_SUMMARY.csv
[band1] imw-darkfeat-nn ok in 0.1 min, peak GPU memory 0.6 of 15.6 GB
[imw-darkfeat-nn] Model unloaded.
--------------------------------------------------------------------------------
[band1] Running imw-lanet-nn
[imw-lanet-nn] Loading model...
[Coarse] pair 2: no reliable coarse offset (matcher: {'dx': 7789.239692687988, 'dy': -1990.3925514221191, 'support': 3, 'n': 6, 'peak': None}; phasecorr: {'dx': 12574.81863509712, 'dy': -4254.296899816302, 'support': None, 'n': None, 'peak': 0.022171562748190796}); windows compared in place
[Coarse] pair 4: no reliable coarse offset (matcher: no matches; phasecorr: {'dx': -12384.074490808596, 'dy': -1224.9559256777015, 'support': None, 'n': None, 'peak': 0.028621533425649007}); windows compared in place
[Coarse] pair 5: no reliable coarse offset (matcher: no matches; phasecorr: {'dx': -12498.015398455027, 'dy': -1389.0155843820758, 'support': None, 'n': None, 'peak': 0.02882188277244568}); windows compared in place
[Coarse] pair 9: no reliable coarse offset (matcher: no matches; phasecorr: {'dx': 3042.052254335612, 'dy': 5076.0958523434165, 'support': None, 'n': None, 'peak': -0.10839922587076822}); windows compared in place
[Coarse] pair 10: no reliable coarse offset (matcher: no matches; phasecorr: {'dx': -15791.779157239504, 'dy': -27484.73946603707, 'support': None, 'n': None, 'peak': 0.0061897425567386324}); windows compared in place
[Coarse] pair 12: no reliable coarse offset (matcher: {'dx': -4226.366958618164, 'dy': 632.1052551269531, 'support': 1, 'n': 3, 'peak': None}; phasecorr: {'dx': -13536.498852975745, 'dy': 7947.8626155329175, 'support': None, 'n': None, 'peak': 0.014224803613733362}); windows compared in place
[Coarse] pair 17: no reliable coarse offset (matcher: no matches; phasecorr: {'dx': -66083.54744225116, 'dy': 13836.37775522828, 'support': None, 'n': None, 'peak': 0.011340649922688802}); windows compared in place
[Coarse] pair 23: no reliable coarse offset (matcher: no matches; phasecorr: {'dx': 10626.331712949788, 'dy': 44081.26459194447, 'support': None, 'n': None, 'peak': 0.022681387839493927}); windows compared in place
[Coarse] pair 24: no reliable coarse offset (matcher: no matches; phasecorr: {'dx': -39044.25959720116, 'dy': 27033.45669197513, 'support': None, 'n': None, 'peak': 0.018840152319566702}); windows compared in place
[Coarse] pair 25: no reliable coarse offset (matcher: no matches; phasecorr: {'dx': -2967.3494804437037, 'dy': 31502.918072714525, 'support': None, 'n': None, 'peak': 0.017951171412880038}); windows compared in place
[Coarse] pair 1: phase correlation gave dE=11055 m dN=4646 m, 11.4 km from every offset the matcher measured; using pair 11's (dE=60 m dN=7495 m)
[Coarse] pair 3: phase correlation gave dE=435 m dN=-3096 m, 10.2 km from every offset the matcher measured; using pair 11's (dE=60 m dN=7495 m)
[Coarse] pair 6: phase correlation gave dE=-12273 m dN=-1453 m, 12.8 km from every offset the matcher measured; using pair 11's (dE=60 m dN=7495 m)
[Coarse] pair 13: phase correlation gave dE=1721 m dN=-10079 m, 17.3 km from every offset the matcher measured; using pair 11's (dE=60 m dN=7495 m)
[Coarse] pair 14: phase correlation gave dE=-2888 m dN=-8958 m, 15.7 km from every offset the matcher measured; using pair 11's (dE=60 m dN=7495 m)
[Coarse] pair 18: phase correlation gave dE=-752 m dN=-6939 m, 13.8 km from every offset the matcher measured; using pair 16's (dE=-2449 m dN=6782 m)
[Coarse] pair 19: phase correlation gave dE=-28033 m dN=-3217 m, 27.5 km from every offset the matcher measured; using pair 16's (dE=-2449 m dN=6782 m)
[Coarse] pair 20: phase correlation gave dE=-21837 m dN=-4782 m, 22.6 km from every offset the matcher measured; using pair 16's (dE=-2449 m dN=6782 m)
[Coarse] pair 21: phase correlation gave dE=-2511 m dN=-8880 m, 15.7 km from every offset the matcher measured; using pair 16's (dE=-2449 m dN=6782 m)
[Coarse] pair 22: phase correlation gave dE=-12201 m dN=-19785 m, 28.3 km from every offset the matcher measured; using pair 16's (dE=-2449 m dN=6782 m)
[Coarse] imw-lanet-nn pair 1: dE=59.6 m dN=7494.6 m (from-pair-11 (phasecorr disagreed), support=None, peak=0.04583818592407085) 
imw-lanet-nn: Processing pair 1 from disk...
imw-lanet-nn: 1 match-sets in 0.11s
[Coarse] imw-lanet-nn pair 2: dE=59.6 m dN=7494.6 m (from-pair-3, support=None, peak=None) 
imw-lanet-nn: Processing pair 2 from disk...
imw-lanet-nn: 1 match-sets in 0.09s
[Coarse] imw-lanet-nn pair 3: dE=59.6 m dN=7494.6 m (from-pair-11 (phasecorr disagreed), support=None, peak=0.05141784302982283) 
imw-lanet-nn: Processing pair 3 from disk...
imw-lanet-nn: 1 match-sets in 0.09s
[Coarse] imw-lanet-nn pair 4: dE=59.6 m dN=7494.6 m (from-pair-6, support=None, peak=None) 
imw-lanet-nn: Processing pair 4 from disk...
imw-lanet-nn: 1 match-sets in 0.10s
[Coarse] imw-lanet-nn pair 5: dE=59.6 m dN=7494.6 m (from-pair-6, support=None, peak=None) 
imw-lanet-nn: Processing pair 5 from disk...
imw-lanet-nn: 1 match-sets in 0.08s
[Coarse] imw-lanet-nn pair 6: dE=59.6 m dN=7494.6 m (from-pair-11 (phasecorr disagreed), support=None, peak=0.034774091529846195) 
imw-lanet-nn: Processing pair 6 from disk...
imw-lanet-nn: 1 match-sets in 0.08s
[Coarse] imw-lanet-nn pair 7: dE=-75.1 m dN=5172.3 m (phasecorr@315m, support=None, peak=0.3776031465883608) 
imw-lanet-nn: Processing pair 7 from disk...
imw-lanet-nn: 0 match-sets in 0.00s
[Coarse] imw-lanet-nn pair 8: dE=-1852.3 m dN=5084.1 m (phasecorr@315m, support=None, peak=0.2714075272878011) 
imw-lanet-nn: Processing pair 8 from disk...
imw-lanet-nn: 0 match-sets in 0.00s
[Coarse] imw-lanet-nn pair 9: dE=-75.1 m dN=5172.3 m (from-pair-7, support=None, peak=None) 
imw-lanet-nn: Processing pair 9 from disk...
imw-lanet-nn: 0 match-sets in 0.00s
[Coarse] imw-lanet-nn pair 10: dE=59.6 m dN=7494.6 m (from-pair-11, support=None, peak=None) 
imw-lanet-nn: Processing pair 10 from disk...
imw-lanet-nn: 1 match-sets in 0.31s
[Coarse] imw-lanet-nn pair 11: dE=59.6 m dN=7494.6 m (matcher@315m, support=32, peak=None) field 1x1 cells, dE 60..60 m, dN 7495..7495 m, 0 filled
imw-lanet-nn: Processing pair 11 from disk...
imw-lanet-nn: 1 match-sets in 0.28s
[Coarse] imw-lanet-nn pair 12: dE=59.6 m dN=7494.6 m (from-pair-11, support=None, peak=None) 
imw-lanet-nn: Processing pair 12 from disk...
imw-lanet-nn: 1 match-sets in 0.19s
[Coarse] imw-lanet-nn pair 13: dE=59.6 m dN=7494.6 m (from-pair-11 (phasecorr disagreed), support=None, peak=0.24878289219405916) 
imw-lanet-nn: Processing pair 13 from disk...
imw-lanet-nn: 0 match-sets in 0.00s
[Coarse] imw-lanet-nn pair 14: dE=59.6 m dN=7494.6 m (from-pair-11 (phasecorr disagreed), support=None, peak=0.35633478768997723) 
imw-lanet-nn: Processing pair 14 from disk...
imw-lanet-nn: 0 match-sets in 0.00s
[Coarse] imw-lanet-nn pair 15: dE=-1423.2 m dN=6935.3 m (matcher@315m, support=59, peak=None) field 1x1 cells, dE -1423..-1423 m, dN 6935..6935 m, 0 filled
imw-lanet-nn: Processing pair 15 from disk...
imw-lanet-nn: 1 match-sets in 0.31s
[Coarse] imw-lanet-nn pair 16: dE=-2448.8 m dN=6782.0 m (matcher@315m, support=59, peak=None) field 1x1 cells, dE -2449..-2449 m, dN 6782..6782 m, 0 filled
imw-lanet-nn: Processing pair 16 from disk...
imw-lanet-nn: 1 match-sets in 0.27s
[Coarse] imw-lanet-nn pair 17: dE=-2448.8 m dN=6782.0 m (from-pair-16, support=None, peak=None) 
imw-lanet-nn: Processing pair 17 from disk...
imw-lanet-nn: 1 match-sets in 0.18s
[Coarse] imw-lanet-nn pair 18: dE=-2448.8 m dN=6782.0 m (from-pair-16 (phasecorr disagreed), support=None, peak=0.2454520107269287) 
imw-lanet-nn: Processing pair 18 from disk...
imw-lanet-nn: 0 match-sets in 0.00s
[Coarse] imw-lanet-nn pair 19: dE=-2448.8 m dN=6782.0 m (from-pair-16 (phasecorr disagreed), support=None, peak=0.11735943231582642) 
imw-lanet-nn: Processing pair 19 from disk...
imw-lanet-nn: 0 match-sets in 0.00s
[Coarse] imw-lanet-nn pair 20: dE=-2448.8 m dN=6782.0 m (from-pair-16 (phasecorr disagreed), support=None, peak=0.04500516567230225) 
imw-lanet-nn: Processing pair 20 from disk...
imw-lanet-nn: 0 match-sets in 0.00s
[Coarse] imw-lanet-nn pair 21: dE=-2448.8 m dN=6782.0 m (from-pair-16 (phasecorr disagreed), support=None, peak=0.03828669300079346) 
imw-lanet-nn: Processing pair 21 from disk...
imw-lanet-nn: 0 match-sets in 0.00s
[Coarse] imw-lanet-nn pair 22: dE=-2448.8 m dN=6782.0 m (from-pair-16 (phasecorr disagreed), support=None, peak=0.04219192933153223) 
imw-lanet-nn: Processing pair 22 from disk...
imw-lanet-nn: 1 match-sets in 0.20s
[Coarse] imw-lanet-nn pair 23: dE=-2448.8 m dN=6782.0 m (from-pair-22, support=None, peak=None) 
imw-lanet-nn: Processing pair 23 from disk...
imw-lanet-nn: 1 match-sets in 0.19s
[Coarse] imw-lanet-nn pair 24: dE=-2448.8 m dN=6782.0 m (from-pair-22, support=None, peak=None) 
imw-lanet-nn: Processing pair 24 from disk...
imw-lanet-nn: 1 match-sets in 0.10s
[Coarse] imw-lanet-nn pair 25: dE=-2448.8 m dN=6782.0 m (from-pair-22, support=None, peak=None) 
imw-lanet-nn: Processing pair 25 from disk...
imw-lanet-nn: 1 match-sets in 0.10s
Saved:
 CHIP_STATS_ALL.csv
 CHIP_STATS_SURVIVORS.csv
 CONSENSUS_SCORES.csv
 BEST_CHIP_SET.csv
 BEST_CHIP_MANIFEST.csv
 BEST_FINAL_SUMMARY.csv
[band1] imw-lanet-nn ok in 0.1 min, peak GPU memory 0.4 of 15.6 GB
[imw-lanet-nn] Model unloaded.
--------------------------------------------------------------------------------
[band1] Running imw-minima-loftr
[imw-minima-loftr] Loading model...
[Coarse] pair 2: no reliable coarse offset (matcher: no matches; phasecorr: {'dx': 12574.81863509712, 'dy': -4254.296899816302, 'support': None, 'n': None, 'peak': 0.022171562748190796}); windows compared in place
[Coarse] pair 4: no reliable coarse offset (matcher: no matches; phasecorr: {'dx': -12384.074490808596, 'dy': -1224.9559256777015, 'support': None, 'n': None, 'peak': 0.028621533425649007}); windows compared in place
[Coarse] pair 5: no reliable coarse offset (matcher: {'dx': -8195.855541229248, 'dy': 10012.518882751465, 'support': 6, 'n': 6, 'peak': None}; phasecorr: {'dx': -12498.015398455027, 'dy': -1389.0155843820758, 'support': None, 'n': None, 'peak': 0.02882188277244568}); windows compared in place
[Coarse] pair 9: no reliable coarse offset (matcher: no matches; phasecorr: {'dx': 3042.052254335612, 'dy': 5076.0958523434165, 'support': None, 'n': None, 'peak': -0.10839922587076822}); windows compared in place
[Coarse] pair 10: no reliable coarse offset (matcher: {'dx': -4935.03044128418, 'dy': -9692.017822265625, 'support': 3, 'n': 3, 'peak': None}; phasecorr: {'dx': -15791.779157239504, 'dy': -27484.73946603707, 'support': None, 'n': None, 'peak': 0.0061897425567386324}); windows compared in place
[Coarse] pair 23: no reliable coarse offset (matcher: no matches; phasecorr: {'dx': 10626.331712949788, 'dy': 44081.26459194447, 'support': None, 'n': None, 'peak': 0.022681387839493927}); windows compared in place
[Coarse] pair 24: no reliable coarse offset (matcher: no matches; phasecorr: {'dx': -39044.25959720116, 'dy': 27033.45669197513, 'support': None, 'n': None, 'peak': 0.018840152319566702}); windows compared in place
[Coarse] pair 25: no reliable coarse offset (matcher: no matches; phasecorr: {'dx': -2967.3494804437037, 'dy': 31502.918072714525, 'support': None, 'n': None, 'peak': 0.017951171412880038}); windows compared in place
[Coarse] pair 1: phase correlation gave dE=11055 m dN=4646 m, 11.5 km from every offset the matcher measured; using pair 11's (dE=-92 m dN=7486 m)
[Coarse] pair 3: phase correlation gave dE=435 m dN=-3096 m, 10.0 km from every offset the matcher measured; using pair 11's (dE=-92 m dN=7486 m)
[Coarse] pair 6: phase correlation gave dE=-12273 m dN=-1453 m, 12.5 km from every offset the matcher measured; using pair 11's (dE=-92 m dN=7486 m)
[Coarse] pair 13: phase correlation gave dE=1721 m dN=-10079 m, 17.0 km from every offset the matcher measured; using pair 11's (dE=-92 m dN=7486 m)
[Coarse] pair 14: phase correlation gave dE=-2888 m dN=-8958 m, 15.4 km from every offset the matcher measured; using pair 11's (dE=-92 m dN=7486 m)
[Coarse] pair 18: phase correlation gave dE=-752 m dN=-6939 m, 13.5 km from every offset the matcher measured; using pair 16's (dE=-2555 m dN=6405 m)
[Coarse] pair 19: phase correlation gave dE=-28033 m dN=-3217 m, 27.2 km from every offset the matcher measured; using pair 16's (dE=-2555 m dN=6405 m)
[Coarse] pair 20: phase correlation gave dE=-21837 m dN=-4782 m, 22.3 km from every offset the matcher measured; using pair 16's (dE=-2555 m dN=6405 m)
[Coarse] pair 21: phase correlation gave dE=-2511 m dN=-8880 m, 15.3 km from every offset the matcher measured; using pair 16's (dE=-2555 m dN=6405 m)
[Coarse] pair 22: phase correlation gave dE=-12201 m dN=-19785 m, 27.9 km from every offset the matcher measured; using pair 17's (dE=-688 m dN=7349 m)
[Coarse] imw-minima-loftr pair 1: dE=-91.7 m dN=7485.6 m (from-pair-11 (phasecorr disagreed), support=None, peak=0.04583818592407085) 
imw-minima-loftr: Processing pair 1 from disk...
imw-minima-loftr: 1 match-sets in 0.37s
[Coarse] imw-minima-loftr pair 2: dE=-91.7 m dN=7485.6 m (from-pair-3, support=None, peak=None) 
imw-minima-loftr: Processing pair 2 from disk...
imw-minima-loftr: 1 match-sets in 0.10s
[Coarse] imw-minima-loftr pair 3: dE=-91.7 m dN=7485.6 m (from-pair-11 (phasecorr disagreed), support=None, peak=0.05141784302982283) 
imw-minima-loftr: Processing pair 3 from disk...
imw-minima-loftr: 1 match-sets in 0.10s
[Coarse] imw-minima-loftr pair 4: dE=-91.7 m dN=7485.6 m (from-pair-6, support=None, peak=None) 
imw-minima-loftr: Processing pair 4 from disk...
imw-minima-loftr: 1 match-sets in 0.33s
[Coarse] imw-minima-loftr pair 5: dE=-91.7 m dN=7485.6 m (from-pair-6, support=None, peak=None) 
imw-minima-loftr: Processing pair 5 from disk...
imw-minima-loftr: 1 match-sets in 0.09s
[Coarse] imw-minima-loftr pair 6: dE=-91.7 m dN=7485.6 m (from-pair-11 (phasecorr disagreed), support=None, peak=0.034774091529846195) 
imw-minima-loftr: Processing pair 6 from disk...
imw-minima-loftr: 1 match-sets in 0.09s
[Coarse] imw-minima-loftr pair 7: dE=-75.1 m dN=5172.3 m (phasecorr@315m, support=None, peak=0.3776031465883608) 
imw-minima-loftr: Processing pair 7 from disk...
imw-minima-loftr: 0 match-sets in 0.00s
[Coarse] imw-minima-loftr pair 8: dE=-1852.3 m dN=5084.1 m (phasecorr@315m, support=None, peak=0.2714075272878011) 
imw-minima-loftr: Processing pair 8 from disk...
imw-minima-loftr: 0 match-sets in 0.00s
[Coarse] imw-minima-loftr pair 9: dE=-75.1 m dN=5172.3 m (from-pair-7, support=None, peak=None) 
imw-minima-loftr: Processing pair 9 from disk...
imw-minima-loftr: 0 match-sets in 0.00s
[Coarse] imw-minima-loftr pair 10: dE=-91.7 m dN=7485.6 m (from-pair-11, support=None, peak=None) 
imw-minima-loftr: Processing pair 10 from disk...
imw-minima-loftr: 1 match-sets in 0.63s
[Coarse] imw-minima-loftr pair 11: dE=-91.7 m dN=7485.6 m (matcher@315m, support=246, peak=None) field 1x1 cells, dE -92..-92 m, dN 7486..7486 m, 0 filled
imw-minima-loftr: Processing pair 11 from disk...
imw-minima-loftr: 1 match-sets in 0.39s
[Coarse] imw-minima-loftr pair 12: dE=-389.1 m dN=7472.5 m (matcher@315m, support=408, peak=None) field 1x1 cells, dE -389..-389 m, dN 7472..7472 m, 0 filled
imw-minima-loftr: Processing pair 12 from disk...
imw-minima-loftr: 1 match-sets in 0.24s
[Coarse] imw-minima-loftr pair 13: dE=-91.7 m dN=7485.6 m (from-pair-11 (phasecorr disagreed), support=None, peak=0.24878289219405916) 
imw-minima-loftr: Processing pair 13 from disk...
imw-minima-loftr: 0 match-sets in 0.00s
[Coarse] imw-minima-loftr pair 14: dE=-91.7 m dN=7485.6 m (from-pair-11 (phasecorr disagreed), support=None, peak=0.35633478768997723) 
imw-minima-loftr: Processing pair 14 from disk...
imw-minima-loftr: 0 match-sets in 0.00s
[Coarse] imw-minima-loftr pair 15: dE=-2391.1 m dN=6486.7 m (matcher@315m, support=331, peak=None) field 1x1 cells, dE -2391..-2391 m, dN 6487..6487 m, 0 filled
imw-minima-loftr: Processing pair 15 from disk...
imw-minima-loftr: 1 match-sets in 0.66s
[Coarse] imw-minima-loftr pair 16: dE=-2555.3 m dN=6405.0 m (matcher@315m, support=355, peak=None) field 1x1 cells, dE -2555..-2555 m, dN 6405..6405 m, 0 filled
imw-minima-loftr: Processing pair 16 from disk...
imw-minima-loftr: 1 match-sets in 0.36s
[Coarse] imw-minima-loftr pair 17: dE=-687.9 m dN=7349.2 m (matcher@315m, support=18, peak=None) field 1x1 cells, dE -688..-688 m, dN 7349..7349 m, 0 filled
imw-minima-loftr: Processing pair 17 from disk...
imw-minima-loftr: 1 match-sets in 0.23s
[Coarse] imw-minima-loftr pair 18: dE=-2555.3 m dN=6405.0 m (from-pair-16 (phasecorr disagreed), support=None, peak=0.2454520107269287) 
imw-minima-loftr: Processing pair 18 from disk...
imw-minima-loftr: 0 match-sets in 0.00s
[Coarse] imw-minima-loftr pair 19: dE=-2555.3 m dN=6405.0 m (from-pair-16 (phasecorr disagreed), support=None, peak=0.11735943231582642) 
imw-minima-loftr: Processing pair 19 from disk...
imw-minima-loftr: 0 match-sets in 0.00s
[Coarse] imw-minima-loftr pair 20: dE=-2555.3 m dN=6405.0 m (from-pair-16 (phasecorr disagreed), support=None, peak=0.04500516567230225) 
imw-minima-loftr: Processing pair 20 from disk...
imw-minima-loftr: 0 match-sets in 0.00s
[Coarse] imw-minima-loftr pair 21: dE=-2555.3 m dN=6405.0 m (from-pair-16 (phasecorr disagreed), support=None, peak=0.03828669300079346) 
imw-minima-loftr: Processing pair 21 from disk...
imw-minima-loftr: 0 match-sets in 0.00s
[Coarse] imw-minima-loftr pair 22: dE=-687.9 m dN=7349.2 m (from-pair-17 (phasecorr disagreed), support=None, peak=0.04219192933153223) 
imw-minima-loftr: Processing pair 22 from disk...
imw-minima-loftr: 0 match-sets in 0.48s
[Coarse] imw-minima-loftr pair 23: dE=-687.9 m dN=7349.2 m (from-pair-22, support=None, peak=None) 
imw-minima-loftr: Processing pair 23 from disk...
imw-minima-loftr: 1 match-sets in 0.23s
[Coarse] imw-minima-loftr pair 24: dE=-687.9 m dN=7349.2 m (from-pair-22, support=None, peak=None) 
imw-minima-loftr: Processing pair 24 from disk...
imw-minima-loftr: 1 match-sets in 0.43s
[Coarse] imw-minima-loftr pair 25: dE=-687.9 m dN=7349.2 m (from-pair-22, support=None, peak=None) 
imw-minima-loftr: Processing pair 25 from disk...
imw-minima-loftr: 1 match-sets in 0.12s
Saved:
 CHIP_STATS_ALL.csv
 CHIP_STATS_SURVIVORS.csv
 CONSENSUS_SCORES.csv
 BEST_CHIP_SET.csv
 BEST_CHIP_MANIFEST.csv
 BEST_FINAL_SUMMARY.csv
[band1] imw-minima-loftr ok in 0.2 min, peak GPU memory 1.9 of 15.6 GB
[imw-minima-loftr] Model unloaded.
--------------------------------------------------------------------------------
[band1] Running imw-minima-roma
[imw-minima-roma] Loading model...
[Coarse] pair 2: no reliable coarse offset (matcher: {'dx': -10867.173156738281, 'dy': -4309.784088134766, 'support': 4, 'n': 4, 'peak': None}; phasecorr: {'dx': 12574.81863509712, 'dy': -4254.296899816302, 'support': None, 'n': None, 'peak': 0.022171562748190796}); windows compared in place
[Coarse] pair 10: no reliable coarse offset (matcher: {'dx': -7591.237564086914, 'dy': -7426.864242553711, 'support': 6, 'n': 108, 'peak': None}; phasecorr: {'dx': -15791.779157239504, 'dy': -27484.73946603707, 'support': None, 'n': None, 'peak': 0.0061897425567386324}); windows compared in place
[Coarse] pair 23: no reliable coarse offset (matcher: no matches; phasecorr: {'dx': 10626.331712949788, 'dy': 44081.26459194447, 'support': None, 'n': None, 'peak': 0.022681387839493927}); windows compared in place
[Coarse] pair 24: no reliable coarse offset (matcher: no matches; phasecorr: {'dx': -39044.25959720116, 'dy': 27033.45669197513, 'support': None, 'n': None, 'peak': 0.018840152319566702}); windows compared in place
[Coarse] pair 25: no reliable coarse offset (matcher: no matches; phasecorr: {'dx': -2967.3494804437037, 'dy': 31502.918072714525, 'support': None, 'n': None, 'peak': 0.017951171412880038}); windows compared in place
[Coarse] pair 1: phase correlation gave dE=11055 m dN=4646 m, 8.3 km from every offset the matcher measured; using pair 6's (dE=-9481 m dN=10040 m)
[Coarse] pair 3: phase correlation gave dE=435 m dN=-3096 m, 7.7 km from every offset the matcher measured; using pair 6's (dE=-9481 m dN=10040 m)
[Coarse] pair 22: phase correlation gave dE=-12201 m dN=-19785 m, 15.3 km from every offset the matcher measured; using pair 19's (dE=179 m dN=-10804 m)
[Coarse] WARNING: imw-minima-roma: the pairs' coarse offsets differ by up to 21 km, more than one image moves from place to place. Pairs with a wrong offset match the wrong ground (the chip consensus drops them when they are few); if most pairs disagree, check the input's pixel size and window size.
[Coarse] imw-minima-roma pair 1: dE=-9480.6 m dN=10040.2 m (from-pair-6 (phasecorr disagreed), support=None, peak=0.04583818592407085) 
imw-minima-roma: Processing pair 1 from disk...
imw-minima-roma: 1 match-sets in 1.15s
[Coarse] imw-minima-roma pair 2: dE=-9480.6 m dN=10040.2 m (from-pair-3, support=None, peak=None) 
imw-minima-roma: Processing pair 2 from disk...
imw-minima-roma: 1 match-sets in 1.21s
[Coarse] imw-minima-roma pair 3: dE=-9480.6 m dN=10040.2 m (from-pair-6 (phasecorr disagreed), support=None, peak=0.05141784302982283) 
imw-minima-roma: Processing pair 3 from disk...
imw-minima-roma: 1 match-sets in 1.17s
[Coarse] imw-minima-roma pair 4: dE=-2289.5 m dN=8166.0 m (matcher@315m, support=165, peak=None) field 1x1 cells, dE -2289..-2289 m, dN 8166..8166 m, 0 filled
imw-minima-roma: Processing pair 4 from disk...
imw-minima-roma: 1 match-sets in 1.14s
[Coarse] imw-minima-roma pair 5: dE=-10093.8 m dN=9402.9 m (matcher@315m, support=20, peak=None) field 1x1 cells, dE -10094..-10094 m, dN 9403..9403 m, 0 filled
imw-minima-roma: Processing pair 5 from disk...
imw-minima-roma: 1 match-sets in 1.21s
[Coarse] imw-minima-roma pair 6: dE=-9480.6 m dN=10040.2 m (matcher@315m, support=13, peak=None) field 1x1 cells, dE -9481..-9481 m, dN 10040..10040 m, 0 filled
imw-minima-roma: Processing pair 6 from disk...
imw-minima-roma: 1 match-sets in 1.18s
[Coarse] imw-minima-roma pair 7: dE=4396.0 m dN=-10736.0 m (matcher@315m, support=514, peak=None) field 1x1 cells, dE 4396..4396 m, dN -10736..-10736 m, 0 filled
imw-minima-roma: Processing pair 7 from disk...
imw-minima-roma: 0 match-sets in 0.00s
[Coarse] imw-minima-roma pair 8: dE=7189.2 m dN=-10159.0 m (matcher@315m, support=195, peak=None) field 1x1 cells, dE 7189..7189 m, dN -10159..-10159 m, 0 filled
imw-minima-roma: Processing pair 8 from disk...
imw-minima-roma: 0 match-sets in 0.00s
[Coarse] imw-minima-roma pair 9: dE=4511.8 m dN=-10783.6 m (matcher@315m, support=423, peak=None) field 1x1 cells, dE 4512..4512 m, dN -10784..-10784 m, 0 filled
imw-minima-roma: Processing pair 9 from disk...
imw-minima-roma: 0 match-sets in 0.00s
[Coarse] imw-minima-roma pair 10: dE=194.0 m dN=7456.9 m (from-pair-11, support=None, peak=None) 
imw-minima-roma: Processing pair 10 from disk...
imw-minima-roma: 1 match-sets in 1.36s
[Coarse] imw-minima-roma pair 11: dE=194.0 m dN=7456.9 m (matcher@315m, support=1101, peak=None) field 1x1 cells, dE 194..194 m, dN 7457..7457 m, 0 filled
imw-minima-roma: Processing pair 11 from disk...
imw-minima-roma: 1 match-sets in 1.32s
[Coarse] imw-minima-roma pair 12: dE=-406.2 m dN=7433.1 m (matcher@315m, support=1445, peak=None) field 1x1 cells, dE -406..-406 m, dN 7433..7433 m, 0 filled
imw-minima-roma: Processing pair 12 from disk...
imw-minima-roma: 1 match-sets in 1.22s
[Coarse] imw-minima-roma pair 13: dE=6820.3 m dN=-10897.6 m (matcher@315m, support=9, peak=None) field 1x1 cells, dE 6820..6820 m, dN -10898..-10898 m, 0 filled
imw-minima-roma: Processing pair 13 from disk...
imw-minima-roma: 0 match-sets in 0.00s
[Coarse] imw-minima-roma pair 14: dE=2875.0 m dN=-10636.9 m (matcher@315m, support=25, peak=None) field 1x1 cells, dE 2875..2875 m, dN -10637..-10637 m, 0 filled
imw-minima-roma: Processing pair 14 from disk...
imw-minima-roma: 0 match-sets in 0.00s
[Coarse] imw-minima-roma pair 15: dE=-2558.0 m dN=6766.0 m (matcher@315m, support=2373, peak=None) field 1x1 cells, dE -2558..-2558 m, dN 6766..6766 m, 0 filled
imw-minima-roma: Processing pair 15 from disk...
imw-minima-roma: 1 match-sets in 1.31s
[Coarse] imw-minima-roma pair 16: dE=-2564.6 m dN=6710.0 m (matcher@315m, support=1960, peak=None) field 1x1 cells, dE -2565..-2565 m, dN 6710..6710 m, 0 filled
imw-minima-roma: Processing pair 16 from disk...
imw-minima-roma: 1 match-sets in 1.30s
[Coarse] imw-minima-roma pair 17: dE=4759.9 m dN=10005.5 m (matcher@315m, support=110, peak=None) field 1x1 cells, dE 4760..4760 m, dN 10006..10006 m, 0 filled
imw-minima-roma: Processing pair 17 from disk...
imw-minima-roma: 1 match-sets in 1.25s
[Coarse] imw-minima-roma pair 18: dE=-752.2 m dN=-6939.3 m (phasecorr@315m, support=None, peak=0.2454520107269287) field 1x1 cells, dE -1065..-1065 m, dN -6975..-6975 m, 0 filled
imw-minima-roma: Processing pair 18 from disk...
imw-minima-roma: 0 match-sets in 0.00s
[Coarse] imw-minima-roma pair 19: dE=179.0 m dN=-10803.6 m (matcher@315m, support=35, peak=None) field 1x1 cells, dE 179..179 m, dN -10804..-10804 m, 0 filled
imw-minima-roma: Processing pair 19 from disk...
imw-minima-roma: 0 match-sets in 0.00s
[Coarse] imw-minima-roma pair 20: dE=10425.6 m dN=-10654.2 m (matcher@315m, support=79, peak=None) field 1x1 cells, dE 10426..10426 m, dN -10654..-10654 m, 0 filled
imw-minima-roma: Processing pair 20 from disk...
imw-minima-roma: 0 match-sets in 0.00s
[Coarse] imw-minima-roma pair 21: dE=8072.0 m dN=-10751.1 m (matcher@315m, support=39, peak=None) field 1x1 cells, dE 8072..8072 m, dN -10751..-10751 m, 0 filled
imw-minima-roma: Processing pair 21 from disk...
imw-minima-roma: 0 match-sets in 0.00s
[Coarse] imw-minima-roma pair 22: dE=179.0 m dN=-10803.6 m (from-pair-19 (phasecorr disagreed), support=None, peak=0.04219192933153223) 
imw-minima-roma: Processing pair 22 from disk...
imw-minima-roma: 1 match-sets in 1.25s
[Coarse] imw-minima-roma pair 23: dE=179.0 m dN=-10803.6 m (from-pair-22, support=None, peak=None) 
imw-minima-roma: Processing pair 23 from disk...
imw-minima-roma: 1 match-sets in 1.27s
[Coarse] imw-minima-roma pair 24: dE=179.0 m dN=-10803.6 m (from-pair-22, support=None, peak=None) 
imw-minima-roma: Processing pair 24 from disk...
imw-minima-roma: 1 match-sets in 1.17s
[Coarse] imw-minima-roma pair 25: dE=179.0 m dN=-10803.6 m (from-pair-22, support=None, peak=None) 
imw-minima-roma: Processing pair 25 from disk...
imw-minima-roma: 1 match-sets in 1.18s
Saved:
 CHIP_STATS_ALL.csv
 CHIP_STATS_SURVIVORS.csv
 CONSENSUS_SCORES.csv
 BEST_CHIP_SET.csv
 BEST_CHIP_MANIFEST.csv
 BEST_FINAL_SUMMARY.csv
[band1] imw-minima-roma ok in 1.1 min, peak GPU memory 5.3 of 15.6 GB
[imw-minima-roma] Model unloaded.
--------------------------------------------------------------------------------
[band1] Running imw-xoftr
[imw-xoftr] Loading model...
[Coarse] pair 2: no reliable coarse offset (matcher: {'dx': -10900.371780395508, 'dy': -8414.173622131348, 'support': 7, 'n': 8, 'peak': None}; phasecorr: {'dx': 12574.81863509712, 'dy': -4254.296899816302, 'support': None, 'n': None, 'peak': 0.022171562748190796}); windows compared in place
[Coarse] pair 4: no reliable coarse offset (matcher: no matches; phasecorr: {'dx': -12384.074490808596, 'dy': -1224.9559256777015, 'support': None, 'n': None, 'peak': 0.028621533425649007}); windows compared in place
[Coarse] pair 5: no reliable coarse offset (matcher: no matches; phasecorr: {'dx': -12498.015398455027, 'dy': -1389.0155843820758, 'support': None, 'n': None, 'peak': 0.02882188277244568}); windows compared in place
[Coarse] pair 9: no reliable coarse offset (matcher: no matches; phasecorr: {'dx': 3042.052254335612, 'dy': 5076.0958523434165, 'support': None, 'n': None, 'peak': -0.10839922587076822}); windows compared in place
[Coarse] pair 10: no reliable coarse offset (matcher: {'dx': -164.42138671875, 'dy': -6669.205513000488, 'support': 2, 'n': 8, 'peak': None}; phasecorr: {'dx': -15791.779157239504, 'dy': -27484.73946603707, 'support': None, 'n': None, 'peak': 0.0061897425567386324}); windows compared in place
[Coarse] pair 17: no reliable coarse offset (matcher: {'dx': 211.77040100097656, 'dy': -3079.738311767578, 'support': 5, 'n': 10, 'peak': None}; phasecorr: {'dx': -66083.54744225116, 'dy': 13836.37775522828, 'support': None, 'n': None, 'peak': 0.011340649922688802}); windows compared in place
[Coarse] pair 23: no reliable coarse offset (matcher: {'dx': 6848.106536865234, 'dy': -4735.708923339844, 'support': 4, 'n': 4, 'peak': None}; phasecorr: {'dx': 10626.331712949788, 'dy': 44081.26459194447, 'support': None, 'n': None, 'peak': 0.022681387839493927}); windows compared in place
[Coarse] pair 24: no reliable coarse offset (matcher: no matches; phasecorr: {'dx': -39044.25959720116, 'dy': 27033.45669197513, 'support': None, 'n': None, 'peak': 0.018840152319566702}); windows compared in place
[Coarse] pair 25: no reliable coarse offset (matcher: no matches; phasecorr: {'dx': -2967.3494804437037, 'dy': 31502.918072714525, 'support': None, 'n': None, 'peak': 0.017951171412880038}); windows compared in place
[Coarse] pair 6: phase correlation gave dE=-12273 m dN=-1453 m, 6.8 km from every offset the matcher measured; using pair 1's (dE=-10419 m dN=-9187 m)
[Coarse] pair 13: phase correlation gave dE=1721 m dN=-10079 m, 12.2 km from every offset the matcher measured; using pair 11's (dE=-350 m dN=7431 m)
[Coarse] pair 14: phase correlation gave dE=-2888 m dN=-8958 m, 7.5 km from every offset the matcher measured; using pair 11's (dE=-350 m dN=7431 m)
[Coarse] pair 18: phase correlation gave dE=-752 m dN=-6939 m, 9.9 km from every offset the matcher measured; using pair 16's (dE=-1201 m dN=7046 m)
[Coarse] pair 19: phase correlation gave dE=-28033 m dN=-3217 m, 18.0 km from every offset the matcher measured; using pair 16's (dE=-1201 m dN=7046 m)
[Coarse] pair 20: phase correlation gave dE=-21837 m dN=-4782 m, 11.6 km from every offset the matcher measured; using pair 16's (dE=-1201 m dN=7046 m)
[Coarse] pair 21: phase correlation gave dE=-2511 m dN=-8880 m, 7.9 km from every offset the matcher measured; using pair 16's (dE=-1201 m dN=7046 m)
[Coarse] pair 22: phase correlation gave dE=-12201 m dN=-19785 m, 10.7 km from every offset the matcher measured; using pair 16's (dE=-1201 m dN=7046 m)
[Coarse] WARNING: imw-xoftr: the pairs' coarse offsets differ by up to 17 km, more than one image moves from place to place. Pairs with a wrong offset match the wrong ground (the chip consensus drops them when they are few); if most pairs disagree, check the input's pixel size and window size.
[Coarse] imw-xoftr pair 1: dE=-10419.2 m dN=-9187.1 m (matcher@315m, support=15, peak=None) field 1x1 cells, dE -10419..-10419 m, dN -9187..-9187 m, 0 filled
imw-xoftr: Processing pair 1 from disk...
imw-xoftr: 1 match-sets in 0.17s
[Coarse] imw-xoftr pair 2: dE=-10705.4 m dN=-8027.0 m (from-pair-3, support=None, peak=None) 
imw-xoftr: Processing pair 2 from disk...
imw-xoftr: 1 match-sets in 0.16s
[Coarse] imw-xoftr pair 3: dE=-10705.4 m dN=-8027.0 m (matcher@315m, support=21, peak=None) field 1x1 cells, dE -10705..-10705 m, dN -8027..-8027 m, 0 filled
imw-xoftr: Processing pair 3 from disk...
imw-xoftr: 1 match-sets in 0.16s
[Coarse] imw-xoftr pair 4: dE=-10419.2 m dN=-9187.1 m (from-pair-6, support=None, peak=None) 
imw-xoftr: Processing pair 4 from disk...
imw-xoftr: 1 match-sets in 0.19s
[Coarse] imw-xoftr pair 5: dE=-10419.2 m dN=-9187.1 m (from-pair-6, support=None, peak=None) 
imw-xoftr: Processing pair 5 from disk...
imw-xoftr: 1 match-sets in 0.13s
[Coarse] imw-xoftr pair 6: dE=-10419.2 m dN=-9187.1 m (from-pair-1 (phasecorr disagreed), support=None, peak=0.034774091529846195) 
imw-xoftr: Processing pair 6 from disk...
imw-xoftr: 1 match-sets in 0.14s
[Coarse] imw-xoftr pair 7: dE=-75.1 m dN=5172.3 m (phasecorr@315m, support=None, peak=0.3776031465883608) 
imw-xoftr: Processing pair 7 from disk...
imw-xoftr: 0 match-sets in 0.00s
[Coarse] imw-xoftr pair 8: dE=-1852.3 m dN=5084.1 m (phasecorr@315m, support=None, peak=0.2714075272878011) 
imw-xoftr: Processing pair 8 from disk...
imw-xoftr: 0 match-sets in 0.00s
[Coarse] imw-xoftr pair 9: dE=-75.1 m dN=5172.3 m (from-pair-7, support=None, peak=None) 
imw-xoftr: Processing pair 9 from disk...
imw-xoftr: 0 match-sets in 0.00s
[Coarse] imw-xoftr pair 10: dE=-350.2 m dN=7430.8 m (from-pair-11, support=None, peak=None) 
imw-xoftr: Processing pair 10 from disk...
imw-xoftr: 1 match-sets in 0.38s
[Coarse] imw-xoftr pair 11: dE=-350.2 m dN=7430.8 m (matcher@315m, support=141, peak=None) field 1x1 cells, dE -350..-350 m, dN 7431..7431 m, 0 filled
imw-xoftr: Processing pair 11 from disk...
imw-xoftr: 1 match-sets in 0.37s
[Coarse] imw-xoftr pair 12: dE=-415.1 m dN=7516.5 m (matcher@315m, support=551, peak=None) field 1x1 cells, dE -415..-415 m, dN 7516..7516 m, 0 filled
imw-xoftr: Processing pair 12 from disk...
imw-xoftr: 1 match-sets in 0.28s
[Coarse] imw-xoftr pair 13: dE=-350.2 m dN=7430.8 m (from-pair-11 (phasecorr disagreed), support=None, peak=0.24878289219405916) 
imw-xoftr: Processing pair 13 from disk...
imw-xoftr: 0 match-sets in 0.00s
[Coarse] imw-xoftr pair 14: dE=-350.2 m dN=7430.8 m (from-pair-11 (phasecorr disagreed), support=None, peak=0.35633478768997723) 
imw-xoftr: Processing pair 14 from disk...
imw-xoftr: 0 match-sets in 0.00s
[Coarse] imw-xoftr pair 15: dE=-1289.7 m dN=7029.1 m (matcher@315m, support=479, peak=None) field 1x1 cells, dE -1290..-1290 m, dN 7029..7029 m, 0 filled
imw-xoftr: Processing pair 15 from disk...
imw-xoftr: 1 match-sets in 0.40s
[Coarse] imw-xoftr pair 16: dE=-1200.5 m dN=7046.2 m (matcher@315m, support=341, peak=None) field 1x1 cells, dE -1201..-1201 m, dN 7046..7046 m, 0 filled
imw-xoftr: Processing pair 16 from disk...
imw-xoftr: 1 match-sets in 0.35s
[Coarse] imw-xoftr pair 17: dE=-1200.5 m dN=7046.2 m (from-pair-16, support=None, peak=None) 
imw-xoftr: Processing pair 17 from disk...
imw-xoftr: 1 match-sets in 0.23s
[Coarse] imw-xoftr pair 18: dE=-1200.5 m dN=7046.2 m (from-pair-16 (phasecorr disagreed), support=None, peak=0.2454520107269287) 
imw-xoftr: Processing pair 18 from disk...
imw-xoftr: 0 match-sets in 0.00s
[Coarse] imw-xoftr pair 19: dE=-1200.5 m dN=7046.2 m (from-pair-16 (phasecorr disagreed), support=None, peak=0.11735943231582642) 
imw-xoftr: Processing pair 19 from disk...
imw-xoftr: 0 match-sets in 0.00s
[Coarse] imw-xoftr pair 20: dE=-1200.5 m dN=7046.2 m (from-pair-16 (phasecorr disagreed), support=None, peak=0.04500516567230225) 
imw-xoftr: Processing pair 20 from disk...
imw-xoftr: 0 match-sets in 0.00s
[Coarse] imw-xoftr pair 21: dE=-1200.5 m dN=7046.2 m (from-pair-16 (phasecorr disagreed), support=None, peak=0.03828669300079346) 
imw-xoftr: Processing pair 21 from disk...
imw-xoftr: 0 match-sets in 0.00s
[Coarse] imw-xoftr pair 22: dE=-1200.5 m dN=7046.2 m (from-pair-16 (phasecorr disagreed), support=None, peak=0.04219192933153223) 
imw-xoftr: Processing pair 22 from disk...
imw-xoftr: 1 match-sets in 0.26s
[Coarse] imw-xoftr pair 23: dE=-1200.5 m dN=7046.2 m (from-pair-22, support=None, peak=None) 
imw-xoftr: Processing pair 23 from disk...
imw-xoftr: 1 match-sets in 0.26s
[Coarse] imw-xoftr pair 24: dE=-1200.5 m dN=7046.2 m (from-pair-22, support=None, peak=None) 
imw-xoftr: Processing pair 24 from disk...
imw-xoftr: 0 match-sets in 0.12s
[Coarse] imw-xoftr pair 25: dE=-1200.5 m dN=7046.2 m (from-pair-22, support=None, peak=None) 
imw-xoftr: Processing pair 25 from disk...
imw-xoftr: 1 match-sets in 0.13s
Saved:
 CHIP_STATS_ALL.csv
 CHIP_STATS_SURVIVORS.csv
 CONSENSUS_SCORES.csv
 BEST_CHIP_SET.csv
 BEST_CHIP_MANIFEST.csv
 BEST_FINAL_SUMMARY.csv
[band1] imw-xoftr ok in 0.2 min, peak GPU memory 1.1 of 15.6 GB
[imw-xoftr] Model unloaded.
--------------------------------------------------------------------------------
[band1] Running imw-omniglue
[imw-omniglue] Loading model...
[Coarse] pair 2: no reliable coarse offset (matcher: no matches; phasecorr: {'dx': 12574.81863509712, 'dy': -4254.296899816302, 'support': None, 'n': None, 'peak': 0.022171562748190796}); windows compared in place
[Coarse] pair 4: no reliable coarse offset (matcher: no matches; phasecorr: {'dx': -12384.074490808596, 'dy': -1224.9559256777015, 'support': None, 'n': None, 'peak': 0.028621533425649007}); windows compared in place
[Coarse] pair 5: no reliable coarse offset (matcher: no matches; phasecorr: {'dx': -12498.015398455027, 'dy': -1389.0155843820758, 'support': None, 'n': None, 'peak': 0.02882188277244568}); windows compared in place
[Coarse] pair 9: no reliable coarse offset (matcher: no matches; phasecorr: {'dx': 3042.052254335612, 'dy': 5076.0958523434165, 'support': None, 'n': None, 'peak': -0.10839922587076822}); windows compared in place
[Coarse] pair 10: no reliable coarse offset (matcher: no matches; phasecorr: {'dx': -15791.779157239504, 'dy': -27484.73946603707, 'support': None, 'n': None, 'peak': 0.0061897425567386324}); windows compared in place
[Coarse] pair 11: no reliable coarse offset (matcher: no matches; phasecorr: {'dx': 848.0603845427108, 'dy': 31371.840712601417, 'support': None, 'n': None, 'peak': 0.01344987770749463}); windows compared in place
[Coarse] pair 12: no reliable coarse offset (matcher: no matches; phasecorr: {'dx': -13536.498852975745, 'dy': 7947.8626155329175, 'support': None, 'n': None, 'peak': 0.014224803613733362}); windows compared in place
[Coarse] pair 15: no reliable coarse offset (matcher: {'dx': -1575.0, 'dy': 7245.0, 'support': 3, 'n': 4, 'peak': None}; phasecorr: {'dx': -41182.32612775494, 'dy': -16523.509648524217, 'support': None, 'n': None, 'peak': -0.0012744354870584276}); windows compared in place
[Coarse] pair 17: no reliable coarse offset (matcher: no matches; phasecorr: {'dx': -66083.54744225116, 'dy': 13836.37775522828, 'support': None, 'n': None, 'peak': 0.011340649922688802}); windows compared in place
[Coarse] pair 23: no reliable coarse offset (matcher: no matches; phasecorr: {'dx': 10626.331712949788, 'dy': 44081.26459194447, 'support': None, 'n': None, 'peak': 0.022681387839493927}); windows compared in place
[Coarse] pair 24: no reliable coarse offset (matcher: no matches; phasecorr: {'dx': -39044.25959720116, 'dy': 27033.45669197513, 'support': None, 'n': None, 'peak': 0.018840152319566702}); windows compared in place
[Coarse] pair 25: no reliable coarse offset (matcher: no matches; phasecorr: {'dx': -2967.3494804437037, 'dy': 31502.918072714525, 'support': None, 'n': None, 'peak': 0.017951171412880038}); windows compared in place
[Coarse] pair 1: phase correlation gave dE=11055 m dN=4646 m, 11.9 km from every offset the matcher measured; using pair 16's (dE=-630 m dN=6930 m)
[Coarse] pair 3: phase correlation gave dE=435 m dN=-3096 m, 10.1 km from every offset the matcher measured; using pair 16's (dE=-630 m dN=6930 m)
[Coarse] pair 6: phase correlation gave dE=-12273 m dN=-1453 m, 14.3 km from every offset the matcher measured; using pair 16's (dE=-630 m dN=6930 m)
[Coarse] pair 13: phase correlation gave dE=1721 m dN=-10079 m, 17.2 km from every offset the matcher measured; using pair 16's (dE=-630 m dN=6930 m)
[Coarse] pair 14: phase correlation gave dE=-2888 m dN=-8958 m, 16.0 km from every offset the matcher measured; using pair 16's (dE=-630 m dN=6930 m)
[Coarse] pair 18: phase correlation gave dE=-752 m dN=-6939 m, 13.9 km from every offset the matcher measured; using pair 16's (dE=-630 m dN=6930 m)
[Coarse] pair 19: phase correlation gave dE=-28033 m dN=-3217 m, 29.2 km from every offset the matcher measured; using pair 16's (dE=-630 m dN=6930 m)
[Coarse] pair 20: phase correlation gave dE=-21837 m dN=-4782 m, 24.2 km from every offset the matcher measured; using pair 16's (dE=-630 m dN=6930 m)
[Coarse] pair 21: phase correlation gave dE=-2511 m dN=-8880 m, 15.9 km from every offset the matcher measured; using pair 16's (dE=-630 m dN=6930 m)
[Coarse] pair 22: phase correlation gave dE=-12201 m dN=-19785 m, 29.1 km from every offset the matcher measured; using pair 16's (dE=-630 m dN=6930 m)
[Coarse] imw-omniglue pair 1: dE=-630.0 m dN=6930.0 m (from-pair-16 (phasecorr disagreed), support=None, peak=0.04583818592407085) 
imw-omniglue: Processing pair 1 from disk...
imw-omniglue: 0 match-sets in 0.84s
[Coarse] imw-omniglue pair 2: dE=-630.0 m dN=6930.0 m (from-pair-3, support=None, peak=None) 
imw-omniglue: Processing pair 2 from disk...
imw-omniglue: 0 match-sets in 0.87s
[Coarse] imw-omniglue pair 3: dE=-630.0 m dN=6930.0 m (from-pair-16 (phasecorr disagreed), support=None, peak=0.05141784302982283) 
imw-omniglue: Processing pair 3 from disk...
imw-omniglue: 0 match-sets in 0.91s
[Coarse] imw-omniglue pair 4: dE=-630.0 m dN=6930.0 m (from-pair-6, support=None, peak=None) 
imw-omniglue: Processing pair 4 from disk...
imw-omniglue: 1 match-sets in 0.83s
[Coarse] imw-omniglue pair 5: dE=-630.0 m dN=6930.0 m (from-pair-6, support=None, peak=None) 
imw-omniglue: Processing pair 5 from disk...
imw-omniglue: 0 match-sets in 0.78s
[Coarse] imw-omniglue pair 6: dE=-630.0 m dN=6930.0 m (from-pair-16 (phasecorr disagreed), support=None, peak=0.034774091529846195) 
imw-omniglue: Processing pair 6 from disk...
imw-omniglue: 0 match-sets in 0.76s
[Coarse] imw-omniglue pair 7: dE=-75.1 m dN=5172.3 m (phasecorr@315m, support=None, peak=0.3776031465883608) 
imw-omniglue: Processing pair 7 from disk...
imw-omniglue: 0 match-sets in 0.00s
[Coarse] imw-omniglue pair 8: dE=-1852.3 m dN=5084.1 m (phasecorr@315m, support=None, peak=0.2714075272878011) 
imw-omniglue: Processing pair 8 from disk...
imw-omniglue: 0 match-sets in 0.00s
[Coarse] imw-omniglue pair 9: dE=-75.1 m dN=5172.3 m (from-pair-7, support=None, peak=None) 
imw-omniglue: Processing pair 9 from disk...
imw-omniglue: 0 match-sets in 0.00s
[Coarse] imw-omniglue pair 10: dE=-630.0 m dN=6930.0 m (from-pair-1, support=None, peak=None) 
imw-omniglue: Processing pair 10 from disk...
imw-omniglue: 0 match-sets in 3.28s
[Coarse] imw-omniglue pair 11: dE=-630.0 m dN=6930.0 m (from-pair-1, support=None, peak=None) 
imw-omniglue: Processing pair 11 from disk...
imw-omniglue: 0 match-sets in 3.33s
[Coarse] imw-omniglue pair 12: dE=-630.0 m dN=6930.0 m (from-pair-6, support=None, peak=None) 
imw-omniglue: Processing pair 12 from disk...
imw-omniglue: 1 match-sets in 2.17s
[Coarse] imw-omniglue pair 13: dE=-630.0 m dN=6930.0 m (from-pair-16 (phasecorr disagreed), support=None, peak=0.24878289219405916) 
imw-omniglue: Processing pair 13 from disk...
imw-omniglue: 0 match-sets in 0.00s
[Coarse] imw-omniglue pair 14: dE=-630.0 m dN=6930.0 m (from-pair-16 (phasecorr disagreed), support=None, peak=0.35633478768997723) 
imw-omniglue: Processing pair 14 from disk...
imw-omniglue: 0 match-sets in 0.00s
[Coarse] imw-omniglue pair 15: dE=-630.0 m dN=6930.0 m (from-pair-16, support=None, peak=None) 
imw-omniglue: Processing pair 15 from disk...
imw-omniglue: 1 match-sets in 3.34s
[Coarse] imw-omniglue pair 16: dE=-630.0 m dN=6930.0 m (matcher@315m, support=11, peak=None) field 1x1 cells, dE -630..-630 m, dN 6930..6930 m, 0 filled
imw-omniglue: Processing pair 16 from disk...
imw-omniglue: 0 match-sets in 3.32s
[Coarse] imw-omniglue pair 17: dE=-630.0 m dN=6930.0 m (from-pair-16, support=None, peak=None) 
imw-omniglue: Processing pair 17 from disk...
imw-omniglue: 0 match-sets in 2.02s
[Coarse] imw-omniglue pair 18: dE=-630.0 m dN=6930.0 m (from-pair-16 (phasecorr disagreed), support=None, peak=0.2454520107269287) 
imw-omniglue: Processing pair 18 from disk...
imw-omniglue: 0 match-sets in 0.00s
[Coarse] imw-omniglue pair 19: dE=-630.0 m dN=6930.0 m (from-pair-16 (phasecorr disagreed), support=None, peak=0.11735943231582642) 
imw-omniglue: Processing pair 19 from disk...
imw-omniglue: 0 match-sets in 0.00s
[Coarse] imw-omniglue pair 20: dE=-630.0 m dN=6930.0 m (from-pair-16 (phasecorr disagreed), support=None, peak=0.04500516567230225) 
imw-omniglue: Processing pair 20 from disk...
imw-omniglue: 0 match-sets in 0.00s
[Coarse] imw-omniglue pair 21: dE=-630.0 m dN=6930.0 m (from-pair-16 (phasecorr disagreed), support=None, peak=0.03828669300079346) 
imw-omniglue: Processing pair 21 from disk...
imw-omniglue: 0 match-sets in 0.00s
[Coarse] imw-omniglue pair 22: dE=-630.0 m dN=6930.0 m (from-pair-16 (phasecorr disagreed), support=None, peak=0.04219192933153223) 
imw-omniglue: Processing pair 22 from disk...
imw-omniglue: 0 match-sets in 2.72s
[Coarse] imw-omniglue pair 23: dE=-630.0 m dN=6930.0 m (from-pair-22, support=None, peak=None) 
imw-omniglue: Processing pair 23 from disk...
imw-omniglue: 0 match-sets in 2.85s
[Coarse] imw-omniglue pair 24: dE=-630.0 m dN=6930.0 m (from-pair-22, support=None, peak=None) 
imw-omniglue: Processing pair 24 from disk...
imw-omniglue: 0 match-sets in 1.02s
[Coarse] imw-omniglue pair 25: dE=-630.0 m dN=6930.0 m (from-pair-22, support=None, peak=None) 
imw-omniglue: Processing pair 25 from disk...
imw-omniglue: 0 match-sets in 1.04s
Saved:
 CHIP_STATS_ALL.csv
 CHIP_STATS_SURVIVORS.csv
 CONSENSUS_SCORES.csv
 BEST_CHIP_SET.csv
 BEST_CHIP_MANIFEST.csv
 BEST_FINAL_SUMMARY.csv
[band1] imw-omniglue ok in 1.3 min, peak GPU memory 0.0 of 15.6 GB
[imw-omniglue] Model unloaded.
--------------------------------------------------------------------------------
[band1] Running imw-gim-roma
[imw-gim-roma] Loading model...
[Coarse] pair 5: no reliable coarse offset (matcher: no matches; phasecorr: {'dx': -12498.015398455027, 'dy': -1389.0155843820758, 'support': None, 'n': None, 'peak': 0.02882188277244568}); windows compared in place
[Coarse] pair 23: no reliable coarse offset (matcher: no matches; phasecorr: {'dx': 10626.331712949788, 'dy': 44081.26459194447, 'support': None, 'n': None, 'peak': 0.022681387839493927}); windows compared in place
[Coarse] pair 25: no reliable coarse offset (matcher: no matches; phasecorr: {'dx': -2967.3494804437037, 'dy': 31502.918072714525, 'support': None, 'n': None, 'peak': 0.017951171412880038}); windows compared in place
[Coarse] pair 22: phase correlation gave dE=-12201 m dN=-19785 m, 11.4 km from every offset the matcher measured; using pair 24's (dE=6800 m dN=9200 m)
[Coarse] WARNING: imw-gim-roma: the pairs' coarse offsets differ by up to 21 km, more than one image moves from place to place. Pairs with a wrong offset match the wrong ground (the chip consensus drops them when they are few); if most pairs disagree, check the input's pixel size and window size.
[Coarse] imw-gim-roma pair 1: dE=11055.1 m dN=4645.5 m (phasecorr@315m, support=None, peak=0.04583818592407085) field 1x1 cells, dE 2522..2522 m, dN 4039..4039 m, 0 filled
imw-gim-roma: Processing pair 1 from disk...
imw-gim-roma: 1 match-sets in 1.12s
[Coarse] imw-gim-roma pair 2: dE=-7131.7 m dN=-9541.0 m (matcher@315m, support=69, peak=None) field 1x1 cells, dE -7132..-7132 m, dN -9541..-9541 m, 0 filled
imw-gim-roma: Processing pair 2 from disk...
imw-gim-roma: 1 match-sets in 1.10s
[Coarse] imw-gim-roma pair 3: dE=434.6 m dN=-3095.9 m (phasecorr@315m, support=None, peak=0.05141784302982283) field 1x1 cells, dE 2566..2566 m, dN 1955..1955 m, 0 filled
imw-gim-roma: Processing pair 3 from disk...
imw-gim-roma: 1 match-sets in 1.10s
[Coarse] imw-gim-roma pair 4: dE=-1011.7 m dN=-4586.2 m (matcher@315m, support=57, peak=None) field 1x1 cells, dE -1012..-1012 m, dN -4586..-4586 m, 0 filled
imw-gim-roma: Processing pair 4 from disk...
imw-gim-roma: 1 match-sets in 1.08s
[Coarse] imw-gim-roma pair 5: dE=-1011.7 m dN=-4586.2 m (from-pair-4, support=None, peak=None) 
imw-gim-roma: Processing pair 5 from disk...
imw-gim-roma: 1 match-sets in 1.08s
[Coarse] imw-gim-roma pair 6: dE=-2754.1 m dN=10114.1 m (matcher@315m, support=26, peak=None) field 1x1 cells, dE -2754..-2754 m, dN 10114..10114 m, 0 filled
imw-gim-roma: Processing pair 6 from disk...
imw-gim-roma: 1 match-sets in 1.09s
[Coarse] imw-gim-roma pair 7: dE=-1793.6 m dN=-10276.4 m (matcher@315m, support=1322, peak=None) field 1x1 cells, dE -1794..-1794 m, dN -10276..-10276 m, 0 filled
imw-gim-roma: Processing pair 7 from disk...
imw-gim-roma: 0 match-sets in 0.00s
[Coarse] imw-gim-roma pair 8: dE=4186.4 m dN=-10542.4 m (matcher@315m, support=149, peak=None) field 1x1 cells, dE 4186..4186 m, dN -10542..-10542 m, 0 filled
imw-gim-roma: Processing pair 8 from disk...
imw-gim-roma: 0 match-sets in 0.00s
[Coarse] imw-gim-roma pair 9: dE=1529.8 m dN=-10621.9 m (matcher@315m, support=609, peak=None) field 1x1 cells, dE 1530..1530 m, dN -10622..-10622 m, 0 filled
imw-gim-roma: Processing pair 9 from disk...
imw-gim-roma: 0 match-sets in 0.00s
[Coarse] imw-gim-roma pair 10: dE=8539.4 m dN=7180.7 m (matcher@315m, support=44, peak=None) field 1x1 cells, dE 8539..8539 m, dN 7181..7181 m, 0 filled
imw-gim-roma: Processing pair 10 from disk...
imw-gim-roma: 1 match-sets in 1.27s
[Coarse] imw-gim-roma pair 11: dE=3638.9 m dN=9506.0 m (matcher@315m, support=742, peak=None) field 1x1 cells, dE 3639..3639 m, dN 9506..9506 m, 0 filled
imw-gim-roma: Processing pair 11 from disk...
imw-gim-roma: 1 match-sets in 1.27s
[Coarse] imw-gim-roma pair 12: dE=-685.3 m dN=7207.8 m (matcher@315m, support=491, peak=None) field 1x1 cells, dE -685..-685 m, dN 7208..7208 m, 0 filled
imw-gim-roma: Processing pair 12 from disk...
imw-gim-roma: 1 match-sets in 1.17s
[Coarse] imw-gim-roma pair 13: dE=1721.5 m dN=-10079.3 m (phasecorr@315m, support=None, peak=0.24878289219405916) field 1x1 cells, dE 2629..2629 m, dN -9631..-9631 m, 0 filled
imw-gim-roma: Processing pair 13 from disk...
imw-gim-roma: 0 match-sets in 0.00s
[Coarse] imw-gim-roma pair 14: dE=2973.0 m dN=-10650.6 m (matcher@315m, support=59, peak=None) field 1x1 cells, dE 2973..2973 m, dN -10651..-10651 m, 0 filled
imw-gim-roma: Processing pair 14 from disk...
imw-gim-roma: 0 match-sets in 0.00s
[Coarse] imw-gim-roma pair 15: dE=-1641.4 m dN=6967.0 m (matcher@315m, support=1955, peak=None) field 1x1 cells, dE -1641..-1641 m, dN 6967..6967 m, 0 filled
imw-gim-roma: Processing pair 15 from disk...
imw-gim-roma: 1 match-sets in 1.26s
[Coarse] imw-gim-roma pair 16: dE=-1892.2 m dN=6783.0 m (matcher@315m, support=1807, peak=None) field 1x1 cells, dE -1892..-1892 m, dN 6783..6783 m, 0 filled
imw-gim-roma: Processing pair 16 from disk...
imw-gim-roma: 1 match-sets in 1.28s
[Coarse] imw-gim-roma pair 17: dE=-4974.6 m dN=-8367.6 m (matcher@315m, support=31, peak=None) field 1x1 cells, dE -4975..-4975 m, dN -8368..-8368 m, 0 filled
imw-gim-roma: Processing pair 17 from disk...
imw-gim-roma: 1 match-sets in 1.20s
[Coarse] imw-gim-roma pair 18: dE=-9046.2 m dN=-8421.6 m (matcher@315m, support=50, peak=None) field 1x1 cells, dE -9046..-9046 m, dN -8422..-8422 m, 0 filled
imw-gim-roma: Processing pair 18 from disk...
imw-gim-roma: 0 match-sets in 0.00s
[Coarse] imw-gim-roma pair 19: dE=-5823.5 m dN=-9947.2 m (matcher@315m, support=81, peak=None) field 1x1 cells, dE -5824..-5824 m, dN -9947..-9947 m, 0 filled
imw-gim-roma: Processing pair 19 from disk...
imw-gim-roma: 0 match-sets in 0.00s
[Coarse] imw-gim-roma pair 20: dE=-8310.6 m dN=-8472.0 m (matcher@315m, support=74, peak=None) field 1x1 cells, dE -8311..-8311 m, dN -8472..-8472 m, 0 filled
imw-gim-roma: Processing pair 20 from disk...
imw-gim-roma: 0 match-sets in 0.00s
[Coarse] imw-gim-roma pair 21: dE=-2511.3 m dN=-8879.5 m (phasecorr@315m, support=None, peak=0.03828669300079346) field 1x1 cells, dE -4371..-4371 m, dN -8475..-8475 m, 0 filled
imw-gim-roma: Processing pair 21 from disk...
imw-gim-roma: 0 match-sets in 0.00s
[Coarse] imw-gim-roma pair 22: dE=6799.6 m dN=9200.2 m (from-pair-24 (phasecorr disagreed), support=None, peak=0.04219192933153223) 
imw-gim-roma: Processing pair 22 from disk...
imw-gim-roma: 1 match-sets in 1.21s
[Coarse] imw-gim-roma pair 23: dE=6799.6 m dN=9200.2 m (from-pair-22, support=None, peak=None) 
imw-gim-roma: Processing pair 23 from disk...
imw-gim-roma: 1 match-sets in 1.18s
[Coarse] imw-gim-roma pair 24: dE=6799.6 m dN=9200.2 m (matcher@315m, support=284, peak=None) field 1x1 cells, dE 6800..6800 m, dN 9200..9200 m, 0 filled
imw-gim-roma: Processing pair 24 from disk...
imw-gim-roma: 1 match-sets in 1.10s
[Coarse] imw-gim-roma pair 25: dE=6799.6 m dN=9200.2 m (from-pair-24, support=None, peak=None) 
imw-gim-roma: Processing pair 25 from disk...
imw-gim-roma: 1 match-sets in 1.12s
Saved:
 CHIP_STATS_ALL.csv
 CHIP_STATS_SURVIVORS.csv
 CONSENSUS_SCORES.csv
 BEST_CHIP_SET.csv
 BEST_CHIP_MANIFEST.csv
 BEST_FINAL_SUMMARY.csv
[band1] imw-gim-roma ok in 0.9 min, peak GPU memory 5.3 of 15.6 GB
[imw-gim-roma] Model unloaded.
--------------------------------------------------------------------------------
[band1] Running imw-gim-dkm
[imw-gim-dkm] Loading model...
[Coarse] pair 4: no reliable coarse offset (matcher: no matches; phasecorr: {'dx': -12384.074490808596, 'dy': -1224.9559256777015, 'support': None, 'n': None, 'peak': 0.028621533425649007}); windows compared in place
[Coarse] pair 5: no reliable coarse offset (matcher: no matches; phasecorr: {'dx': -12498.015398455027, 'dy': -1389.0155843820758, 'support': None, 'n': None, 'peak': 0.02882188277244568}); windows compared in place
[Coarse] pair 9: no reliable coarse offset (matcher: no matches; phasecorr: {'dx': 3042.052254335612, 'dy': 5076.0958523434165, 'support': None, 'n': None, 'peak': -0.10839922587076822}); windows compared in place
[Coarse] pair 24: no reliable coarse offset (matcher: no matches; phasecorr: {'dx': -39044.25959720116, 'dy': 27033.45669197513, 'support': None, 'n': None, 'peak': 0.018840152319566702}); windows compared in place
[Coarse] pair 25: no reliable coarse offset (matcher: no matches; phasecorr: {'dx': -2967.3494804437037, 'dy': 31502.918072714525, 'support': None, 'n': None, 'peak': 0.017951171412880038}); windows compared in place
[Coarse] pair 1: phase correlation gave dE=11055 m dN=4646 m, 12.5 km from every offset the matcher measured; using pair 2's (dE=-9011 m dN=-8438 m)
[Coarse] pair 6: phase correlation gave dE=-12273 m dN=-1453 m, 7.7 km from every offset the matcher measured; using pair 2's (dE=-9011 m dN=-8438 m)
[Coarse] pair 13: phase correlation gave dE=1721 m dN=-10079 m, 6.3 km from every offset the matcher measured; using pair 10's (dE=-7033 m dN=-7307 m)
[Coarse] pair 18: phase correlation gave dE=-752 m dN=-6939 m, 6.3 km from every offset the matcher measured; using pair 23's (dE=8041 m dN=-9662 m)
[Coarse] pair 19: phase correlation gave dE=-28033 m dN=-3217 m, 19.7 km from every offset the matcher measured; using pair 23's (dE=8041 m dN=-9662 m)
[Coarse] pair 20: phase correlation gave dE=-21837 m dN=-4782 m, 13.3 km from every offset the matcher measured; using pair 23's (dE=8041 m dN=-9662 m)
[Coarse] pair 22: phase correlation gave dE=-12201 m dN=-19785 m, 10.8 km from every offset the matcher measured; using pair 23's (dE=8041 m dN=-9662 m)
[Coarse] WARNING: imw-gim-dkm: the pairs' coarse offsets differ by up to 18 km, more than one image moves from place to place. Pairs with a wrong offset match the wrong ground (the chip consensus drops them when they are few); if most pairs disagree, check the input's pixel size and window size.
[Coarse] imw-gim-dkm pair 1: dE=-9010.9 m dN=-8437.8 m (from-pair-2 (phasecorr disagreed), support=None, peak=0.04583818592407085) 
imw-gim-dkm: Processing pair 1 from disk...
imw-gim-dkm: 1 match-sets in 1.88s
[Coarse] imw-gim-dkm pair 2: dE=-9010.9 m dN=-8437.8 m (matcher@315m, support=347, peak=None) field 1x1 cells, dE -9011..-9011 m, dN -8438..-8438 m, 0 filled
imw-gim-dkm: Processing pair 2 from disk...
imw-gim-dkm: 1 match-sets in 1.91s
[Coarse] imw-gim-dkm pair 3: dE=434.6 m dN=-3095.9 m (phasecorr@315m, support=None, peak=0.05141784302982283) field 1x1 cells, dE 2566..2566 m, dN 1955..1955 m, 0 filled
imw-gim-dkm: Processing pair 3 from disk...
imw-gim-dkm: 1 match-sets in 1.92s
[Coarse] imw-gim-dkm pair 4: dE=-9010.9 m dN=-8437.8 m (from-pair-6, support=None, peak=None) 
imw-gim-dkm: Processing pair 4 from disk...
imw-gim-dkm: 1 match-sets in 1.94s
[Coarse] imw-gim-dkm pair 5: dE=-9010.9 m dN=-8437.8 m (from-pair-6, support=None, peak=None) 
imw-gim-dkm: Processing pair 5 from disk...
imw-gim-dkm: 1 match-sets in 1.88s
[Coarse] imw-gim-dkm pair 6: dE=-9010.9 m dN=-8437.8 m (from-pair-2 (phasecorr disagreed), support=None, peak=0.034774091529846195) 
imw-gim-dkm: Processing pair 6 from disk...
imw-gim-dkm: 1 match-sets in 1.92s
[Coarse] imw-gim-dkm pair 7: dE=-75.1 m dN=5172.3 m (phasecorr@315m, support=None, peak=0.3776031465883608) 
imw-gim-dkm: Processing pair 7 from disk...
imw-gim-dkm: 0 match-sets in 0.00s
[Coarse] imw-gim-dkm pair 8: dE=-1852.3 m dN=5084.1 m (phasecorr@315m, support=None, peak=0.2714075272878011) 
imw-gim-dkm: Processing pair 8 from disk...
imw-gim-dkm: 0 match-sets in 0.00s
[Coarse] imw-gim-dkm pair 9: dE=-75.1 m dN=5172.3 m (from-pair-7, support=None, peak=None) 
imw-gim-dkm: Processing pair 9 from disk...
imw-gim-dkm: 0 match-sets in 0.00s
[Coarse] imw-gim-dkm pair 10: dE=-7032.8 m dN=-7306.6 m (matcher@315m, support=15, peak=None) field 1x1 cells, dE -7033..-7033 m, dN -7307..-7307 m, 0 filled
imw-gim-dkm: Processing pair 10 from disk...
imw-gim-dkm: 1 match-sets in 2.06s
[Coarse] imw-gim-dkm pair 11: dE=-2425.3 m dN=2450.2 m (matcher@315m, support=3252, peak=None) field 1x1 cells, dE -2425..-2425 m, dN 2450..2450 m, 0 filled
imw-gim-dkm: Processing pair 11 from disk...
imw-gim-dkm: 1 match-sets in 2.02s
[Coarse] imw-gim-dkm pair 12: dE=-512.5 m dN=-208.0 m (matcher@315m, support=2335, peak=None) field 1x1 cells, dE -512..-512 m, dN -208..-208 m, 0 filled
imw-gim-dkm: Processing pair 12 from disk...
imw-gim-dkm: 1 match-sets in 1.91s
[Coarse] imw-gim-dkm pair 13: dE=-7032.9 m dN=-7306.6 m (from-pair-10 (phasecorr disagreed), support=None, peak=0.24878289219405916) 
imw-gim-dkm: Processing pair 13 from disk...
imw-gim-dkm: 0 match-sets in 0.00s
[Coarse] imw-gim-dkm pair 14: dE=-2887.9 m dN=-8958.2 m (phasecorr@315m, support=None, peak=0.35633478768997723) field 1x1 cells, dE -2930..-2930 m, dN -9091..-9091 m, 0 filled
imw-gim-dkm: Processing pair 14 from disk...
imw-gim-dkm: 0 match-sets in 0.00s
[Coarse] imw-gim-dkm pair 15: dE=-6885.6 m dN=-10434.1 m (matcher@315m, support=42, peak=None) field 1x1 cells, dE -6886..-6886 m, dN -10434..-10434 m, 0 filled
imw-gim-dkm: Processing pair 15 from disk...
imw-gim-dkm: 1 match-sets in 2.06s
[Coarse] imw-gim-dkm pair 16: dE=-6246.8 m dN=7105.3 m (matcher@315m, support=2447, peak=None) field 1x1 cells, dE -6247..-6247 m, dN 7105..7105 m, 0 filled
imw-gim-dkm: Processing pair 16 from disk...
imw-gim-dkm: 1 match-sets in 2.02s
[Coarse] imw-gim-dkm pair 17: dE=-1362.5 m dN=-390.9 m (matcher@315m, support=1553, peak=None) field 1x1 cells, dE -1363..-1363 m, dN -391..-391 m, 0 filled
imw-gim-dkm: Processing pair 17 from disk...
imw-gim-dkm: 1 match-sets in 1.93s
[Coarse] imw-gim-dkm pair 18: dE=8040.9 m dN=-9662.4 m (from-pair-23 (phasecorr disagreed), support=None, peak=0.2454520107269287) 
imw-gim-dkm: Processing pair 18 from disk...
imw-gim-dkm: 0 match-sets in 0.00s
[Coarse] imw-gim-dkm pair 19: dE=8040.9 m dN=-9662.4 m (from-pair-23 (phasecorr disagreed), support=None, peak=0.11735943231582642) 
imw-gim-dkm: Processing pair 19 from disk...
imw-gim-dkm: 0 match-sets in 0.00s
[Coarse] imw-gim-dkm pair 20: dE=8040.9 m dN=-9662.4 m (from-pair-23 (phasecorr disagreed), support=None, peak=0.04500516567230225) 
imw-gim-dkm: Processing pair 20 from disk...
imw-gim-dkm: 0 match-sets in 0.00s
[Coarse] imw-gim-dkm pair 21: dE=-2511.3 m dN=-8879.5 m (phasecorr@315m, support=None, peak=0.03828669300079346) field 1x1 cells, dE -4371..-4371 m, dN -8475..-8475 m, 0 filled
imw-gim-dkm: Processing pair 21 from disk...
imw-gim-dkm: 0 match-sets in 0.00s
[Coarse] imw-gim-dkm pair 22: dE=8040.9 m dN=-9662.4 m (from-pair-23 (phasecorr disagreed), support=None, peak=0.04219192933153223) 
imw-gim-dkm: Processing pair 22 from disk...
imw-gim-dkm: 1 match-sets in 1.97s
[Coarse] imw-gim-dkm pair 23: dE=8040.9 m dN=-9662.4 m (matcher@315m, support=84, peak=None) field 1x1 cells, dE 8041..8041 m, dN -9662..-9662 m, 0 filled
imw-gim-dkm: Processing pair 23 from disk...
imw-gim-dkm: 1 match-sets in 1.96s
[Coarse] imw-gim-dkm pair 24: dE=8040.9 m dN=-9662.4 m (from-pair-22, support=None, peak=None) 
imw-gim-dkm: Processing pair 24 from disk...
imw-gim-dkm: 1 match-sets in 1.87s
[Coarse] imw-gim-dkm pair 25: dE=8040.9 m dN=-9662.4 m (from-pair-22, support=None, peak=None) 
imw-gim-dkm: Processing pair 25 from disk...
imw-gim-dkm: 1 match-sets in 1.90s
Saved:
 CHIP_STATS_ALL.csv
 CHIP_STATS_SURVIVORS.csv
 CONSENSUS_SCORES.csv
 BEST_CHIP_SET.csv
 BEST_CHIP_MANIFEST.csv
 BEST_FINAL_SUMMARY.csv
[band1] imw-gim-dkm ok in 1.4 min, peak GPU memory 12.8 of 15.6 GB
[imw-gim-dkm] Model unloaded.
--------------------------------------------------------------------------------
[band1] Running imw-eloftr
[imw-eloftr] Loading model...
[Coarse] pair 2: no reliable coarse offset (matcher: {'dx': -9909.445495605469, 'dy': -5230.472717285156, 'support': 4, 'n': 6, 'peak': None}; phasecorr: {'dx': 12574.81863509712, 'dy': -4254.296899816302, 'support': None, 'n': None, 'peak': 0.022171562748190796}); windows compared in place
[Coarse] pair 4: no reliable coarse offset (matcher: {'dx': -8207.937927246094, 'dy': 2197.7133178710938, 'support': 5, 'n': 5, 'peak': None}; phasecorr: {'dx': -12384.074490808596, 'dy': -1224.9559256777015, 'support': None, 'n': None, 'peak': 0.028621533425649007}); windows compared in place
[Coarse] pair 5: no reliable coarse offset (matcher: {'dx': -10427.511291503906, 'dy': 5054.890594482422, 'support': 2, 'n': 9, 'peak': None}; phasecorr: {'dx': -12498.015398455027, 'dy': -1389.0155843820758, 'support': None, 'n': None, 'peak': 0.02882188277244568}); windows compared in place
[Coarse] pair 9: no reliable coarse offset (matcher: no matches; phasecorr: {'dx': 3042.052254335612, 'dy': 5076.0958523434165, 'support': None, 'n': None, 'peak': -0.10839922587076822}); windows compared in place
[Coarse] pair 23: no reliable coarse offset (matcher: no matches; phasecorr: {'dx': 10626.331712949788, 'dy': 44081.26459194447, 'support': None, 'n': None, 'peak': 0.022681387839493927}); windows compared in place
[Coarse] pair 24: no reliable coarse offset (matcher: no matches; phasecorr: {'dx': -39044.25959720116, 'dy': 27033.45669197513, 'support': None, 'n': None, 'peak': 0.018840152319566702}); windows compared in place
[Coarse] pair 25: no reliable coarse offset (matcher: no matches; phasecorr: {'dx': -2967.3494804437037, 'dy': 31502.918072714525, 'support': None, 'n': None, 'peak': 0.017951171412880038}); windows compared in place
[Coarse] pair 1: phase correlation gave dE=11055 m dN=4646 m, 11.1 km from every offset the matcher measured; using pair 11's (dE=-281 m dN=7277 m)
[Coarse] pair 3: phase correlation gave dE=435 m dN=-3096 m, 10.1 km from every offset the matcher measured; using pair 11's (dE=-281 m dN=7277 m)
[Coarse] pair 6: phase correlation gave dE=-12273 m dN=-1453 m, 12.6 km from every offset the matcher measured; using pair 11's (dE=-281 m dN=7277 m)
[Coarse] pair 13: phase correlation gave dE=1721 m dN=-10079 m, 17.2 km from every offset the matcher measured; using pair 10's (dE=310 m dN=7554 m)
[Coarse] pair 14: phase correlation gave dE=-2888 m dN=-8958 m, 15.6 km from every offset the matcher measured; using pair 10's (dE=310 m dN=7554 m)
[Coarse] pair 18: phase correlation gave dE=-752 m dN=-6939 m, 13.7 km from every offset the matcher measured; using pair 16's (dE=-2545 m dN=6615 m)
[Coarse] pair 19: phase correlation gave dE=-28033 m dN=-3217 m, 27.3 km from every offset the matcher measured; using pair 16's (dE=-2545 m dN=6615 m)
[Coarse] pair 20: phase correlation gave dE=-21837 m dN=-4782 m, 22.4 km from every offset the matcher measured; using pair 16's (dE=-2545 m dN=6615 m)
[Coarse] pair 21: phase correlation gave dE=-2511 m dN=-8880 m, 15.5 km from every offset the matcher measured; using pair 16's (dE=-2545 m dN=6615 m)
[Coarse] pair 22: phase correlation gave dE=-12201 m dN=-19785 m, 28.1 km from every offset the matcher measured; using pair 17's (dE=-912 m dN=7242 m)
[Coarse] imw-eloftr pair 1: dE=-281.2 m dN=7277.3 m (from-pair-11 (phasecorr disagreed), support=None, peak=0.04583818592407085) 
imw-eloftr: Processing pair 1 from disk...
imw-eloftr: 1 match-sets in 0.19s
[Coarse] imw-eloftr pair 2: dE=-281.2 m dN=7277.3 m (from-pair-3, support=None, peak=None) 
imw-eloftr: Processing pair 2 from disk...
imw-eloftr: 1 match-sets in 0.11s
[Coarse] imw-eloftr pair 3: dE=-281.2 m dN=7277.3 m (from-pair-11 (phasecorr disagreed), support=None, peak=0.05141784302982283) 
imw-eloftr: Processing pair 3 from disk...
imw-eloftr: 1 match-sets in 0.10s
[Coarse] imw-eloftr pair 4: dE=-281.2 m dN=7277.3 m (from-pair-6, support=None, peak=None) 
imw-eloftr: Processing pair 4 from disk...
imw-eloftr: 1 match-sets in 0.17s
[Coarse] imw-eloftr pair 5: dE=-281.2 m dN=7277.3 m (from-pair-6, support=None, peak=None) 
imw-eloftr: Processing pair 5 from disk...
imw-eloftr: 1 match-sets in 0.09s
[Coarse] imw-eloftr pair 6: dE=-281.2 m dN=7277.3 m (from-pair-11 (phasecorr disagreed), support=None, peak=0.034774091529846195) 
imw-eloftr: Processing pair 6 from disk...
imw-eloftr: 1 match-sets in 0.09s
[Coarse] imw-eloftr pair 7: dE=-75.1 m dN=5172.3 m (phasecorr@315m, support=None, peak=0.3776031465883608) 
imw-eloftr: Processing pair 7 from disk...
imw-eloftr: 0 match-sets in 0.00s
[Coarse] imw-eloftr pair 8: dE=-1852.3 m dN=5084.1 m (phasecorr@315m, support=None, peak=0.2714075272878011) 
imw-eloftr: Processing pair 8 from disk...
imw-eloftr: 0 match-sets in 0.00s
[Coarse] imw-eloftr pair 9: dE=-75.1 m dN=5172.3 m (from-pair-7, support=None, peak=None) 
imw-eloftr: Processing pair 9 from disk...
imw-eloftr: 0 match-sets in 0.00s
[Coarse] imw-eloftr pair 10: dE=310.4 m dN=7553.9 m (matcher@315m, support=67, peak=None) field 1x1 cells, dE 310..310 m, dN 7554..7554 m, 0 filled
imw-eloftr: Processing pair 10 from disk...
imw-eloftr: 1 match-sets in 0.40s
[Coarse] imw-eloftr pair 11: dE=-281.2 m dN=7277.3 m (matcher@315m, support=446, peak=None) field 1x1 cells, dE -281..-281 m, dN 7277..7277 m, 0 filled
imw-eloftr: Processing pair 11 from disk...
imw-eloftr: 1 match-sets in 0.30s
[Coarse] imw-eloftr pair 12: dE=-614.4 m dN=7260.3 m (matcher@315m, support=478, peak=None) field 1x1 cells, dE -614..-614 m, dN 7260..7260 m, 0 filled
imw-eloftr: Processing pair 12 from disk...
imw-eloftr: 1 match-sets in 0.20s
[Coarse] imw-eloftr pair 13: dE=310.4 m dN=7553.9 m (from-pair-10 (phasecorr disagreed), support=None, peak=0.24878289219405916) 
imw-eloftr: Processing pair 13 from disk...
imw-eloftr: 0 match-sets in 0.00s
[Coarse] imw-eloftr pair 14: dE=310.4 m dN=7553.9 m (from-pair-10 (phasecorr disagreed), support=None, peak=0.35633478768997723) 
imw-eloftr: Processing pair 14 from disk...
imw-eloftr: 0 match-sets in 0.00s
[Coarse] imw-eloftr pair 15: dE=-2225.3 m dN=6661.3 m (matcher@315m, support=371, peak=None) field 1x1 cells, dE -2225..-2225 m, dN 6661..6661 m, 0 filled
imw-eloftr: Processing pair 15 from disk...
imw-eloftr: 1 match-sets in 0.39s
[Coarse] imw-eloftr pair 16: dE=-2545.1 m dN=6615.5 m (matcher@315m, support=520, peak=None) field 1x1 cells, dE -2545..-2545 m, dN 6615..6615 m, 0 filled
imw-eloftr: Processing pair 16 from disk...
imw-eloftr: 1 match-sets in 0.31s
[Coarse] imw-eloftr pair 17: dE=-911.5 m dN=7241.6 m (matcher@315m, support=47, peak=None) field 1x1 cells, dE -912..-912 m, dN 7242..7242 m, 0 filled
imw-eloftr: Processing pair 17 from disk...
imw-eloftr: 1 match-sets in 0.19s
[Coarse] imw-eloftr pair 18: dE=-2545.1 m dN=6615.5 m (from-pair-16 (phasecorr disagreed), support=None, peak=0.2454520107269287) 
imw-eloftr: Processing pair 18 from disk...
imw-eloftr: 0 match-sets in 0.00s
[Coarse] imw-eloftr pair 19: dE=-2545.1 m dN=6615.5 m (from-pair-16 (phasecorr disagreed), support=None, peak=0.11735943231582642) 
imw-eloftr: Processing pair 19 from disk...
imw-eloftr: 0 match-sets in 0.00s
[Coarse] imw-eloftr pair 20: dE=-2545.1 m dN=6615.5 m (from-pair-16 (phasecorr disagreed), support=None, peak=0.04500516567230225) 
imw-eloftr: Processing pair 20 from disk...
imw-eloftr: 0 match-sets in 0.00s
[Coarse] imw-eloftr pair 21: dE=-2545.1 m dN=6615.5 m (from-pair-16 (phasecorr disagreed), support=None, peak=0.03828669300079346) 
imw-eloftr: Processing pair 21 from disk...
imw-eloftr: 0 match-sets in 0.00s
[Coarse] imw-eloftr pair 22: dE=-911.5 m dN=7241.6 m (from-pair-17 (phasecorr disagreed), support=None, peak=0.04219192933153223) 
imw-eloftr: Processing pair 22 from disk...
imw-eloftr: 1 match-sets in 0.30s
[Coarse] imw-eloftr pair 23: dE=-911.5 m dN=7241.6 m (from-pair-22, support=None, peak=None) 
imw-eloftr: Processing pair 23 from disk...
imw-eloftr: 0 match-sets in 0.19s
[Coarse] imw-eloftr pair 24: dE=-911.5 m dN=7241.6 m (from-pair-22, support=None, peak=None) 
imw-eloftr: Processing pair 24 from disk...
imw-eloftr: 1 match-sets in 0.22s
[Coarse] imw-eloftr pair 25: dE=-911.5 m dN=7241.6 m (from-pair-22, support=None, peak=None) 
imw-eloftr: Processing pair 25 from disk...
imw-eloftr: 0 match-sets in 0.11s
Saved:
 CHIP_STATS_ALL.csv
 CHIP_STATS_SURVIVORS.csv
 CONSENSUS_SCORES.csv
 BEST_CHIP_SET.csv
 BEST_CHIP_MANIFEST.csv
 BEST_FINAL_SUMMARY.csv
[band1] imw-eloftr ok in 0.2 min, peak GPU memory 1.1 of 15.6 GB
[imw-eloftr] Model unloaded.
--------------------------------------------------------------------------------
[band1] Running imw-aspanformer
[imw-aspanformer] Loading model...
[Coarse] pair 2: no reliable coarse offset (matcher: {'dx': -9594.620933532715, 'dy': -9757.790222167969, 'support': 4, 'n': 4, 'peak': None}; phasecorr: {'dx': 12574.81863509712, 'dy': -4254.296899816302, 'support': None, 'n': None, 'peak': 0.022171562748190796}); windows compared in place
[Coarse] pair 4: no reliable coarse offset (matcher: {'dx': -5618.046340942383, 'dy': 4938.2940673828125, 'support': 7, 'n': 10, 'peak': None}; phasecorr: {'dx': -12384.074490808596, 'dy': -1224.9559256777015, 'support': None, 'n': None, 'peak': 0.028621533425649007}); windows compared in place
[Coarse] pair 9: no reliable coarse offset (matcher: no matches; phasecorr: {'dx': 3042.052254335612, 'dy': 5076.0958523434165, 'support': None, 'n': None, 'peak': -0.10839922587076822}); windows compared in place
[Coarse] pair 10: no reliable coarse offset (matcher: no matches; phasecorr: {'dx': -15791.779157239504, 'dy': -27484.73946603707, 'support': None, 'n': None, 'peak': 0.0061897425567386324}); windows compared in place
[Coarse] pair 23: no reliable coarse offset (matcher: no matches; phasecorr: {'dx': 10626.331712949788, 'dy': 44081.26459194447, 'support': None, 'n': None, 'peak': 0.022681387839493927}); windows compared in place
[Coarse] pair 24: no reliable coarse offset (matcher: no matches; phasecorr: {'dx': -39044.25959720116, 'dy': 27033.45669197513, 'support': None, 'n': None, 'peak': 0.018840152319566702}); windows compared in place
[Coarse] pair 25: no reliable coarse offset (matcher: no matches; phasecorr: {'dx': -2967.3494804437037, 'dy': 31502.918072714525, 'support': None, 'n': None, 'peak': 0.017951171412880038}); windows compared in place
[Coarse] pair 1: phase correlation gave dE=11055 m dN=4646 m, 11.5 km from every offset the matcher measured; using pair 5's (dE=-8357 m dN=10305 m)
[Coarse] pair 3: phase correlation gave dE=435 m dN=-3096 m, 10.1 km from every offset the matcher measured; using pair 5's (dE=-8357 m dN=10305 m)
[Coarse] pair 6: phase correlation gave dE=-12273 m dN=-1453 m, 12.4 km from every offset the matcher measured; using pair 5's (dE=-8357 m dN=10305 m)
[Coarse] pair 13: phase correlation gave dE=1721 m dN=-10079 m, 17.2 km from every offset the matcher measured; using pair 11's (dE=-135 m dN=7466 m)
[Coarse] pair 14: phase correlation gave dE=-2888 m dN=-8958 m, 15.6 km from every offset the matcher measured; using pair 11's (dE=-135 m dN=7466 m)
[Coarse] pair 18: phase correlation gave dE=-752 m dN=-6939 m, 13.7 km from every offset the matcher measured; using pair 16's (dE=-2553 m dN=6596 m)
[Coarse] pair 19: phase correlation gave dE=-28033 m dN=-3217 m, 23.9 km from every offset the matcher measured; using pair 16's (dE=-2553 m dN=6596 m)
[Coarse] pair 20: phase correlation gave dE=-21837 m dN=-4782 m, 20.2 km from every offset the matcher measured; using pair 16's (dE=-2553 m dN=6596 m)
[Coarse] pair 21: phase correlation gave dE=-2511 m dN=-8880 m, 15.5 km from every offset the matcher measured; using pair 16's (dE=-2553 m dN=6596 m)
[Coarse] pair 22: phase correlation gave dE=-12201 m dN=-19785 m, 28.1 km from every offset the matcher measured; using pair 17's (dE=-864 m dN=7256 m)
[Coarse] WARNING: imw-aspanformer: the pairs' coarse offsets differ by up to 8 km, more than one image moves from place to place. Pairs with a wrong offset match the wrong ground (the chip consensus drops them when they are few); if most pairs disagree, check the input's pixel size and window size.
[Coarse] imw-aspanformer pair 1: dE=-8356.7 m dN=10304.7 m (from-pair-5 (phasecorr disagreed), support=None, peak=0.04583818592407085) 
imw-aspanformer: Processing pair 1 from disk...
imw-aspanformer: 1 match-sets in 0.43s
[Coarse] imw-aspanformer pair 2: dE=-8356.7 m dN=10304.7 m (from-pair-3, support=None, peak=None) 
imw-aspanformer: Processing pair 2 from disk...
imw-aspanformer: 1 match-sets in 0.19s
[Coarse] imw-aspanformer pair 3: dE=-8356.7 m dN=10304.7 m (from-pair-5 (phasecorr disagreed), support=None, peak=0.05141784302982283) 
imw-aspanformer: Processing pair 3 from disk...
imw-aspanformer: 1 match-sets in 0.19s
[Coarse] imw-aspanformer pair 4: dE=-8356.7 m dN=10304.7 m (from-pair-5, support=None, peak=None) 
imw-aspanformer: Processing pair 4 from disk...
imw-aspanformer: 1 match-sets in 0.18s
[Coarse] imw-aspanformer pair 5: dE=-8356.7 m dN=10304.7 m (matcher@315m, support=10, peak=None) field 1x1 cells, dE -8357..-8357 m, dN 10305..10305 m, 0 filled
imw-aspanformer: Processing pair 5 from disk...
imw-aspanformer: 1 match-sets in 0.18s
[Coarse] imw-aspanformer pair 6: dE=-8356.7 m dN=10304.7 m (from-pair-5 (phasecorr disagreed), support=None, peak=0.034774091529846195) 
imw-aspanformer: Processing pair 6 from disk...
imw-aspanformer: 1 match-sets in 0.18s
[Coarse] imw-aspanformer pair 7: dE=-75.1 m dN=5172.3 m (phasecorr@315m, support=None, peak=0.3776031465883608) 
imw-aspanformer: Processing pair 7 from disk...
imw-aspanformer: 0 match-sets in 0.00s
[Coarse] imw-aspanformer pair 8: dE=-1852.3 m dN=5084.1 m (phasecorr@315m, support=None, peak=0.2714075272878011) 
imw-aspanformer: Processing pair 8 from disk...
imw-aspanformer: 0 match-sets in 0.00s
[Coarse] imw-aspanformer pair 9: dE=-75.1 m dN=5172.3 m (from-pair-7, support=None, peak=None) 
imw-aspanformer: Processing pair 9 from disk...
imw-aspanformer: 0 match-sets in 0.00s
[Coarse] imw-aspanformer pair 10: dE=-135.0 m dN=7466.5 m (from-pair-11, support=None, peak=None) 
imw-aspanformer: Processing pair 10 from disk...
imw-aspanformer: 1 match-sets in 0.54s
[Coarse] imw-aspanformer pair 11: dE=-135.0 m dN=7466.5 m (matcher@315m, support=472, peak=None) field 1x1 cells, dE -135..-135 m, dN 7466..7466 m, 0 filled
imw-aspanformer: Processing pair 11 from disk...
imw-aspanformer: 1 match-sets in 0.44s
[Coarse] imw-aspanformer pair 12: dE=-451.5 m dN=7428.0 m (matcher@315m, support=604, peak=None) field 1x1 cells, dE -452..-452 m, dN 7428..7428 m, 0 filled
imw-aspanformer: Processing pair 12 from disk...
imw-aspanformer: 1 match-sets in 0.31s
[Coarse] imw-aspanformer pair 13: dE=-135.0 m dN=7466.5 m (from-pair-11 (phasecorr disagreed), support=None, peak=0.24878289219405916) 
imw-aspanformer: Processing pair 13 from disk...
imw-aspanformer: 0 match-sets in 0.00s
[Coarse] imw-aspanformer pair 14: dE=-135.0 m dN=7466.5 m (from-pair-11 (phasecorr disagreed), support=None, peak=0.35633478768997723) 
imw-aspanformer: Processing pair 14 from disk...
imw-aspanformer: 0 match-sets in 0.00s
[Coarse] imw-aspanformer pair 15: dE=-2444.4 m dN=6693.8 m (matcher@315m, support=688, peak=None) field 1x1 cells, dE -2444..-2444 m, dN 6694..6694 m, 0 filled
imw-aspanformer: Processing pair 15 from disk...
imw-aspanformer: 1 match-sets in 0.56s
[Coarse] imw-aspanformer pair 16: dE=-2553.0 m dN=6595.7 m (matcher@315m, support=687, peak=None) field 1x1 cells, dE -2553..-2553 m, dN 6596..6596 m, 0 filled
imw-aspanformer: Processing pair 16 from disk...
imw-aspanformer: 1 match-sets in 0.46s
[Coarse] imw-aspanformer pair 17: dE=-863.6 m dN=7255.6 m (matcher@315m, support=92, peak=None) field 1x1 cells, dE -864..-864 m, dN 7256..7256 m, 0 filled
imw-aspanformer: Processing pair 17 from disk...
imw-aspanformer: 1 match-sets in 0.31s
[Coarse] imw-aspanformer pair 18: dE=-2553.0 m dN=6595.7 m (from-pair-16 (phasecorr disagreed), support=None, peak=0.2454520107269287) 
imw-aspanformer: Processing pair 18 from disk...
imw-aspanformer: 0 match-sets in 0.00s
[Coarse] imw-aspanformer pair 19: dE=-2553.0 m dN=6595.7 m (from-pair-16 (phasecorr disagreed), support=None, peak=0.11735943231582642) 
imw-aspanformer: Processing pair 19 from disk...
imw-aspanformer: 0 match-sets in 0.00s
[Coarse] imw-aspanformer pair 20: dE=-2553.0 m dN=6595.7 m (from-pair-16 (phasecorr disagreed), support=None, peak=0.04500516567230225) 
imw-aspanformer: Processing pair 20 from disk...
imw-aspanformer: 0 match-sets in 0.00s
[Coarse] imw-aspanformer pair 21: dE=-2553.0 m dN=6595.7 m (from-pair-16 (phasecorr disagreed), support=None, peak=0.03828669300079346) 
imw-aspanformer: Processing pair 21 from disk...
imw-aspanformer: 0 match-sets in 0.00s
[Coarse] imw-aspanformer pair 22: dE=-863.6 m dN=7255.6 m (from-pair-17 (phasecorr disagreed), support=None, peak=0.04219192933153223) 
imw-aspanformer: Processing pair 22 from disk...
imw-aspanformer: 1 match-sets in 0.42s
[Coarse] imw-aspanformer pair 23: dE=-863.6 m dN=7255.6 m (from-pair-22, support=None, peak=None) 
imw-aspanformer: Processing pair 23 from disk...
imw-aspanformer: 0 match-sets in 0.29s
[Coarse] imw-aspanformer pair 24: dE=-863.6 m dN=7255.6 m (from-pair-22, support=None, peak=None) 
imw-aspanformer: Processing pair 24 from disk...
imw-aspanformer: 1 match-sets in 0.20s
[Coarse] imw-aspanformer pair 25: dE=-863.6 m dN=7255.6 m (from-pair-22, support=None, peak=None) 
imw-aspanformer: Processing pair 25 from disk...
imw-aspanformer: 0 match-sets in 0.18s
Saved:
 CHIP_STATS_ALL.csv
 CHIP_STATS_SURVIVORS.csv
 CONSENSUS_SCORES.csv
 BEST_CHIP_SET.csv
 BEST_CHIP_MANIFEST.csv
 BEST_FINAL_SUMMARY.csv
[band1] imw-aspanformer ok in 0.2 min, peak GPU memory 1.1 of 15.6 GB
[imw-aspanformer] Model unloaded.
--------------------------------------------------------------------------------
[band1] Running imw-topicfm
[imw-topicfm] Loading model...
2026-10-06 11:37:15.562 | WARNING  | TopicFM.src.models.modules.transformer:forward:163 - topic distribution is highly sparse!
[Coarse] pair 2: no reliable coarse offset (matcher: no matches; phasecorr: {'dx': 12574.81863509712, 'dy': -4254.296899816302, 'support': None, 'n': None, 'peak': 0.022171562748190796}); windows compared in place
[Coarse] pair 4: no reliable coarse offset (matcher: {'dx': -8211.898498535156, 'dy': 10087.200164794922, 'support': 1, 'n': 4, 'peak': None}; phasecorr: {'dx': -12384.074490808596, 'dy': -1224.9559256777015, 'support': None, 'n': None, 'peak': 0.028621533425649007}); windows compared in place
[Coarse] pair 5: no reliable coarse offset (matcher: {'dx': -10213.652458190918, 'dy': 10157.215518951416, 'support': 2, 'n': 10, 'peak': None}; phasecorr: {'dx': -12498.015398455027, 'dy': -1389.0155843820758, 'support': None, 'n': None, 'peak': 0.02882188277244568}); windows compared in place
2026-10-06 11:37:16.859 | WARNING  | TopicFM.src.models.modules.transformer:forward:163 - topic distribution is highly sparse!
2026-10-06 11:37:16.900 | WARNING  | TopicFM.src.models.modules.transformer:forward:163 - topic distribution is highly sparse!
2026-10-06 11:37:16.945 | WARNING  | TopicFM.src.models.modules.transformer:forward:163 - topic distribution is highly sparse!
[Coarse] pair 9: no reliable coarse offset (matcher: no matches; phasecorr: {'dx': 3042.052254335612, 'dy': 5076.0958523434165, 'support': None, 'n': None, 'peak': -0.10839922587076822}); windows compared in place
2026-10-06 11:37:18.628 | WARNING  | TopicFM.src.models.modules.transformer:forward:163 - topic distribution is highly sparse!
2026-10-06 11:37:18.778 | WARNING  | TopicFM.src.models.modules.transformer:forward:163 - topic distribution is highly sparse!
2026-10-06 11:37:20.287 | WARNING  | TopicFM.src.models.modules.transformer:forward:163 - topic distribution is highly sparse!
2026-10-06 11:37:20.348 | WARNING  | TopicFM.src.models.modules.transformer:forward:163 - topic distribution is highly sparse!
2026-10-06 11:37:20.407 | WARNING  | TopicFM.src.models.modules.transformer:forward:163 - topic distribution is highly sparse!
2026-10-06 11:37:20.468 | WARNING  | TopicFM.src.models.modules.transformer:forward:163 - topic distribution is highly sparse!
[Coarse] pair 23: no reliable coarse offset (matcher: no matches; phasecorr: {'dx': 10626.331712949788, 'dy': 44081.26459194447, 'support': None, 'n': None, 'peak': 0.022681387839493927}); windows compared in place
[Coarse] pair 24: no reliable coarse offset (matcher: no matches; phasecorr: {'dx': -39044.25959720116, 'dy': 27033.45669197513, 'support': None, 'n': None, 'peak': 0.018840152319566702}); windows compared in place
[Coarse] pair 25: no reliable coarse offset (matcher: no matches; phasecorr: {'dx': -2967.3494804437037, 'dy': 31502.918072714525, 'support': None, 'n': None, 'peak': 0.017951171412880038}); windows compared in place
[Coarse] pair 1: phase correlation gave dE=11055 m dN=4646 m, 11.3 km from every offset the matcher measured; using pair 11's (dE=-170 m dN=7527 m)
[Coarse] pair 3: phase correlation gave dE=435 m dN=-3096 m, 10.1 km from every offset the matcher measured; using pair 11's (dE=-170 m dN=7527 m)
[Coarse] pair 6: phase correlation gave dE=-12273 m dN=-1453 m, 12.5 km from every offset the matcher measured; using pair 11's (dE=-170 m dN=7527 m)
[Coarse] pair 13: phase correlation gave dE=1721 m dN=-10079 m, 17.1 km from every offset the matcher measured; using pair 10's (dE=195 m dN=7668 m)
[Coarse] pair 14: phase correlation gave dE=-2888 m dN=-8958 m, 15.5 km from every offset the matcher measured; using pair 10's (dE=195 m dN=7668 m)
[Coarse] pair 18: phase correlation gave dE=-752 m dN=-6939 m, 13.6 km from every offset the matcher measured; using pair 16's (dE=-2614 m dN=6489 m)
[Coarse] pair 19: phase correlation gave dE=-28033 m dN=-3217 m, 27.2 km from every offset the matcher measured; using pair 16's (dE=-2614 m dN=6489 m)
[Coarse] pair 20: phase correlation gave dE=-21837 m dN=-4782 m, 22.3 km from every offset the matcher measured; using pair 16's (dE=-2614 m dN=6489 m)
[Coarse] pair 21: phase correlation gave dE=-2511 m dN=-8880 m, 15.4 km from every offset the matcher measured; using pair 16's (dE=-2614 m dN=6489 m)
[Coarse] pair 22: phase correlation gave dE=-12201 m dN=-19785 m, 28.0 km from every offset the matcher measured; using pair 17's (dE=-820 m dN=7230 m)
[Coarse] imw-topicfm pair 1: dE=-170.0 m dN=7527.0 m (from-pair-11 (phasecorr disagreed), support=None, peak=0.04583818592407085) 
imw-topicfm: Processing pair 1 from disk...
imw-topicfm: 1 match-sets in 0.30s
[Coarse] imw-topicfm pair 2: dE=-170.0 m dN=7527.0 m (from-pair-3, support=None, peak=None) 
imw-topicfm: Processing pair 2 from disk...
imw-topicfm: 1 match-sets in 0.11s
[Coarse] imw-topicfm pair 3: dE=-170.0 m dN=7527.0 m (from-pair-11 (phasecorr disagreed), support=None, peak=0.05141784302982283) 
imw-topicfm: Processing pair 3 from disk...
imw-topicfm: 1 match-sets in 0.13s
[Coarse] imw-topicfm pair 4: dE=-170.0 m dN=7527.0 m (from-pair-6, support=None, peak=None) 
imw-topicfm: Processing pair 4 from disk...
imw-topicfm: 1 match-sets in 0.28s
[Coarse] imw-topicfm pair 5: dE=-170.0 m dN=7527.0 m (from-pair-6, support=None, peak=None) 
imw-topicfm: Processing pair 5 from disk...
imw-topicfm: 1 match-sets in 0.11s
[Coarse] imw-topicfm pair 6: dE=-170.0 m dN=7527.0 m (from-pair-11 (phasecorr disagreed), support=None, peak=0.034774091529846195) 
imw-topicfm: Processing pair 6 from disk...
imw-topicfm: 1 match-sets in 0.10s
[Coarse] imw-topicfm pair 7: dE=-75.1 m dN=5172.3 m (phasecorr@315m, support=None, peak=0.3776031465883608) 
imw-topicfm: Processing pair 7 from disk...
imw-topicfm: 0 match-sets in 0.00s
[Coarse] imw-topicfm pair 8: dE=-1852.3 m dN=5084.1 m (phasecorr@315m, support=None, peak=0.2714075272878011) 
imw-topicfm: Processing pair 8 from disk...
imw-topicfm: 0 match-sets in 0.00s
[Coarse] imw-topicfm pair 9: dE=-75.1 m dN=5172.3 m (from-pair-7, support=None, peak=None) 
imw-topicfm: Processing pair 9 from disk...
imw-topicfm: 0 match-sets in 0.00s
[Coarse] imw-topicfm pair 10: dE=194.8 m dN=7667.6 m (matcher@315m, support=129, peak=None) field 1x1 cells, dE 195..195 m, dN 7668..7668 m, 0 filled
imw-topicfm: Processing pair 10 from disk...
imw-topicfm: 1 match-sets in 0.52s
[Coarse] imw-topicfm pair 11: dE=-170.0 m dN=7527.0 m (matcher@315m, support=488, peak=None) field 1x1 cells, dE -170..-170 m, dN 7527..7527 m, 0 filled
imw-topicfm: Processing pair 11 from disk...
imw-topicfm: 1 match-sets in 0.34s
[Coarse] imw-topicfm pair 12: dE=-442.2 m dN=7420.3 m (matcher@315m, support=525, peak=None) field 1x1 cells, dE -442..-442 m, dN 7420..7420 m, 0 filled
imw-topicfm: Processing pair 12 from disk...
imw-topicfm: 1 match-sets in 0.22s
[Coarse] imw-topicfm pair 13: dE=194.8 m dN=7667.6 m (from-pair-10 (phasecorr disagreed), support=None, peak=0.24878289219405916) 
imw-topicfm: Processing pair 13 from disk...
imw-topicfm: 0 match-sets in 0.00s
[Coarse] imw-topicfm pair 14: dE=194.8 m dN=7667.6 m (from-pair-10 (phasecorr disagreed), support=None, peak=0.35633478768997723) 
imw-topicfm: Processing pair 14 from disk...
imw-topicfm: 0 match-sets in 0.00s
[Coarse] imw-topicfm pair 15: dE=-2443.6 m dN=6627.7 m (matcher@315m, support=504, peak=None) field 1x1 cells, dE -2444..-2444 m, dN 6628..6628 m, 0 filled
imw-topicfm: Processing pair 15 from disk...
imw-topicfm: 1 match-sets in 0.52s
[Coarse] imw-topicfm pair 16: dE=-2613.5 m dN=6489.5 m (matcher@315m, support=565, peak=None) field 1x1 cells, dE -2614..-2614 m, dN 6489..6489 m, 0 filled
imw-topicfm: Processing pair 16 from disk...
imw-topicfm: 1 match-sets in 0.34s
[Coarse] imw-topicfm pair 17: dE=-820.3 m dN=7229.9 m (matcher@315m, support=49, peak=None) field 1x1 cells, dE -820..-820 m, dN 7230..7230 m, 0 filled
imw-topicfm: Processing pair 17 from disk...
imw-topicfm: 1 match-sets in 0.22s
[Coarse] imw-topicfm pair 18: dE=-2613.5 m dN=6489.5 m (from-pair-16 (phasecorr disagreed), support=None, peak=0.2454520107269287) 
imw-topicfm: Processing pair 18 from disk...
imw-topicfm: 0 match-sets in 0.00s
[Coarse] imw-topicfm pair 19: dE=-2613.5 m dN=6489.5 m (from-pair-16 (phasecorr disagreed), support=None, peak=0.11735943231582642) 
imw-topicfm: Processing pair 19 from disk...
imw-topicfm: 0 match-sets in 0.00s
[Coarse] imw-topicfm pair 20: dE=-2613.5 m dN=6489.5 m (from-pair-16 (phasecorr disagreed), support=None, peak=0.04500516567230225) 
imw-topicfm: Processing pair 20 from disk...
imw-topicfm: 0 match-sets in 0.00s
[Coarse] imw-topicfm pair 21: dE=-2613.5 m dN=6489.5 m (from-pair-16 (phasecorr disagreed), support=None, peak=0.03828669300079346) 
imw-topicfm: Processing pair 21 from disk...
imw-topicfm: 0 match-sets in 0.00s
[Coarse] imw-topicfm pair 22: dE=-820.3 m dN=7229.9 m (from-pair-17 (phasecorr disagreed), support=None, peak=0.04219192933153223) 
imw-topicfm: Processing pair 22 from disk...
imw-topicfm: 1 match-sets in 0.38s
[Coarse] imw-topicfm pair 23: dE=-820.3 m dN=7229.9 m (from-pair-22, support=None, peak=None) 
imw-topicfm: Processing pair 23 from disk...
imw-topicfm: 0 match-sets in 0.20s
[Coarse] imw-topicfm pair 24: dE=-820.3 m dN=7229.9 m (from-pair-22, support=None, peak=None) 
imw-topicfm: Processing pair 24 from disk...
imw-topicfm: 1 match-sets in 0.26s
[Coarse] imw-topicfm pair 25: dE=-820.3 m dN=7229.9 m (from-pair-22, support=None, peak=None) 
imw-topicfm: Processing pair 25 from disk...
imw-topicfm: 0 match-sets in 0.11s
Saved:
 CHIP_STATS_ALL.csv
 CHIP_STATS_SURVIVORS.csv
 CONSENSUS_SCORES.csv
 BEST_CHIP_SET.csv
 BEST_CHIP_MANIFEST.csv
 BEST_FINAL_SUMMARY.csv
[band1] imw-topicfm ok in 0.2 min, peak GPU memory 1.1 of 15.6 GB
[imw-topicfm] Model unloaded.
--------------------------------------------------------------------------------
[band1] Running imw-roma
[imw-roma] Loading model...
[Coarse] pair 4: no reliable coarse offset (matcher: {'dx': -10149.808673858643, 'dy': -10505.342044830322, 'support': 78, 'n': 442, 'peak': None}; phasecorr: {'dx': -12384.074490808596, 'dy': -1224.9559256777015, 'support': None, 'n': None, 'peak': 0.028621533425649007}); windows compared in place
[Coarse] pair 10: no reliable coarse offset (matcher: {'dx': -4603.881740570068, 'dy': 10526.717834472656, 'support': 6, 'n': 8, 'peak': None}; phasecorr: {'dx': -15791.779157239504, 'dy': -27484.73946603707, 'support': None, 'n': None, 'peak': 0.0061897425567386324}); windows compared in place
[Coarse] pair 17: no reliable coarse offset (matcher: no matches; phasecorr: {'dx': -66083.54744225116, 'dy': 13836.37775522828, 'support': None, 'n': None, 'peak': 0.011340649922688802}); windows compared in place
[Coarse] pair 23: no reliable coarse offset (matcher: no matches; phasecorr: {'dx': 10626.331712949788, 'dy': 44081.26459194447, 'support': None, 'n': None, 'peak': 0.022681387839493927}); windows compared in place
[Coarse] pair 24: no reliable coarse offset (matcher: no matches; phasecorr: {'dx': -39044.25959720116, 'dy': 27033.45669197513, 'support': None, 'n': None, 'peak': 0.018840152319566702}); windows compared in place
[Coarse] pair 25: no reliable coarse offset (matcher: no matches; phasecorr: {'dx': -2967.3494804437037, 'dy': 31502.918072714525, 'support': None, 'n': None, 'peak': 0.017951171412880038}); windows compared in place
[Coarse] pair 3: phase correlation gave dE=435 m dN=-3096 m, 6.6 km from every offset the matcher measured; using pair 2's (dE=3453 m dN=10117 m)
[Coarse] pair 6: phase correlation gave dE=-12273 m dN=-1453 m, 9.8 km from every offset the matcher measured; using pair 5's (dE=-4507 m dN=-7454 m)
[Coarse] pair 20: phase correlation gave dE=-21837 m dN=-4782 m, 17.2 km from every offset the matcher measured; using pair 19's (dE=6548 m dN=-10776 m)
[Coarse] pair 22: phase correlation gave dE=-12201 m dN=-19785 m, 11.8 km from every offset the matcher measured; using pair 19's (dE=6548 m dN=-10776 m)
[Coarse] WARNING: imw-roma: the pairs' coarse offsets differ by up to 21 km, more than one image moves from place to place. Pairs with a wrong offset match the wrong ground (the chip consensus drops them when they are few); if most pairs disagree, check the input's pixel size and window size.
[Coarse] imw-roma pair 1: dE=2788.2 m dN=-9367.0 m (matcher@315m, support=22, peak=None) field 1x1 cells, dE 2788..2788 m, dN -9367..-9367 m, 0 filled
imw-roma: Processing pair 1 from disk...
imw-roma: 1 match-sets in 1.15s
[Coarse] imw-roma pair 2: dE=3452.8 m dN=10117.4 m (matcher@315m, support=39, peak=None) field 1x1 cells, dE 3453..3453 m, dN 10117..10117 m, 0 filled
imw-roma: Processing pair 2 from disk...
imw-roma: 1 match-sets in 1.14s
[Coarse] imw-roma pair 3: dE=3452.8 m dN=10117.4 m (from-pair-2 (phasecorr disagreed), support=None, peak=0.05141784302982283) 
imw-roma: Processing pair 3 from disk...
imw-roma: 1 match-sets in 1.10s
[Coarse] imw-roma pair 4: dE=-4507.5 m dN=-7453.7 m (from-pair-5, support=None, peak=None) 
imw-roma: Processing pair 4 from disk...
imw-roma: 1 match-sets in 1.09s
[Coarse] imw-roma pair 5: dE=-4507.5 m dN=-7453.7 m (matcher@315m, support=35, peak=None) field 1x1 cells, dE -4507..-4507 m, dN -7454..-7454 m, 0 filled
imw-roma: Processing pair 5 from disk...
imw-roma: 1 match-sets in 1.13s
[Coarse] imw-roma pair 6: dE=-4507.5 m dN=-7453.7 m (from-pair-5 (phasecorr disagreed), support=None, peak=0.034774091529846195) 
imw-roma: Processing pair 6 from disk...
imw-roma: 1 match-sets in 1.12s
[Coarse] imw-roma pair 7: dE=-2601.0 m dN=-10705.6 m (matcher@315m, support=259, peak=None) field 1x1 cells, dE -2601..-2601 m, dN -10706..-10706 m, 0 filled
imw-roma: Processing pair 7 from disk...
imw-roma: 0 match-sets in 0.00s
[Coarse] imw-roma pair 8: dE=-1852.3 m dN=5084.1 m (phasecorr@315m, support=None, peak=0.2714075272878011) 
imw-roma: Processing pair 8 from disk...
imw-roma: 0 match-sets in 0.00s
[Coarse] imw-roma pair 9: dE=4038.2 m dN=-10738.1 m (matcher@315m, support=198, peak=None) field 1x1 cells, dE 4038..4038 m, dN -10738..-10738 m, 0 filled
imw-roma: Processing pair 9 from disk...
imw-roma: 0 match-sets in 0.00s
[Coarse] imw-roma pair 10: dE=-143.1 m dN=7443.3 m (from-pair-11, support=None, peak=None) 
imw-roma: Processing pair 10 from disk...
imw-roma: 1 match-sets in 1.29s
[Coarse] imw-roma pair 11: dE=-143.1 m dN=7443.3 m (matcher@315m, support=1428, peak=None) field 1x1 cells, dE -143..-143 m, dN 7443..7443 m, 0 filled
imw-roma: Processing pair 11 from disk...
imw-roma: 1 match-sets in 1.29s
[Coarse] imw-roma pair 12: dE=-431.9 m dN=7398.2 m (matcher@315m, support=1789, peak=None) field 1x1 cells, dE -432..-432 m, dN 7398..7398 m, 0 filled
imw-roma: Processing pair 12 from disk...
imw-roma: 1 match-sets in 1.19s
[Coarse] imw-roma pair 13: dE=-5469.1 m dN=-10150.3 m (matcher@315m, support=248, peak=None) field 1x1 cells, dE -5469..-5469 m, dN -10150..-10150 m, 0 filled
imw-roma: Processing pair 13 from disk...
imw-roma: 0 match-sets in 0.00s
[Coarse] imw-roma pair 14: dE=-1049.7 m dN=-10859.2 m (matcher@315m, support=51, peak=None) field 1x1 cells, dE -1050..-1050 m, dN -10859..-10859 m, 0 filled
imw-roma: Processing pair 14 from disk...
imw-roma: 0 match-sets in 0.00s
[Coarse] imw-roma pair 15: dE=-1199.6 m dN=7060.0 m (matcher@315m, support=1290, peak=None) field 1x1 cells, dE -1200..-1200 m, dN 7060..7060 m, 0 filled
imw-roma: Processing pair 15 from disk...
imw-roma: 1 match-sets in 1.26s
[Coarse] imw-roma pair 16: dE=-2439.8 m dN=6738.9 m (matcher@315m, support=1919, peak=None) field 1x1 cells, dE -2440..-2440 m, dN 6739..6739 m, 0 filled
imw-roma: Processing pair 16 from disk...
imw-roma: 1 match-sets in 1.26s
[Coarse] imw-roma pair 17: dE=-2439.8 m dN=6738.9 m (from-pair-16, support=None, peak=None) 
imw-roma: Processing pair 17 from disk...
imw-roma: 1 match-sets in 1.18s
[Coarse] imw-roma pair 18: dE=-752.2 m dN=-6939.3 m (phasecorr@315m, support=None, peak=0.2454520107269287) field 1x1 cells, dE -1065..-1065 m, dN -6975..-6975 m, 0 filled
imw-roma: Processing pair 18 from disk...
imw-roma: 0 match-sets in 0.00s
[Coarse] imw-roma pair 19: dE=6547.9 m dN=-10775.8 m (matcher@315m, support=40, peak=None) field 1x1 cells, dE 6548..6548 m, dN -10776..-10776 m, 0 filled
imw-roma: Processing pair 19 from disk...
imw-roma: 0 match-sets in 0.00s
[Coarse] imw-roma pair 20: dE=6547.9 m dN=-10775.8 m (from-pair-19 (phasecorr disagreed), support=None, peak=0.04500516567230225) 
imw-roma: Processing pair 20 from disk...
imw-roma: 0 match-sets in 0.00s
[Coarse] imw-roma pair 21: dE=-2511.3 m dN=-8879.5 m (phasecorr@315m, support=None, peak=0.03828669300079346) field 1x1 cells, dE -4371..-4371 m, dN -8475..-8475 m, 0 filled
imw-roma: Processing pair 21 from disk...
imw-roma: 0 match-sets in 0.00s
[Coarse] imw-roma pair 22: dE=6547.9 m dN=-10775.8 m (from-pair-19 (phasecorr disagreed), support=None, peak=0.04219192933153223) 
imw-roma: Processing pair 22 from disk...
imw-roma: 1 match-sets in 1.21s
[Coarse] imw-roma pair 23: dE=6547.9 m dN=-10775.8 m (from-pair-22, support=None, peak=None) 
imw-roma: Processing pair 23 from disk...
imw-roma: 1 match-sets in 1.22s
[Coarse] imw-roma pair 24: dE=6547.9 m dN=-10775.8 m (from-pair-22, support=None, peak=None) 
imw-roma: Processing pair 24 from disk...
imw-roma: 1 match-sets in 1.16s
[Coarse] imw-roma pair 25: dE=6547.9 m dN=-10775.8 m (from-pair-22, support=None, peak=None) 
imw-roma: Processing pair 25 from disk...
imw-roma: 1 match-sets in 1.14s
Saved:
 CHIP_STATS_ALL.csv
 CHIP_STATS_SURVIVORS.csv
 CONSENSUS_SCORES.csv
 BEST_CHIP_SET.csv
 BEST_CHIP_MANIFEST.csv
 BEST_FINAL_SUMMARY.csv
[band1] imw-roma ok in 0.9 min, peak GPU memory 5.3 of 15.6 GB
[imw-roma] Model unloaded.
--------------------------------------------------------------------------------
[band1] Running imw-dkm
[imw-dkm] Loading model...
[Coarse] pair 4: no reliable coarse offset (matcher: no matches; phasecorr: {'dx': -12384.074490808596, 'dy': -1224.9559256777015, 'support': None, 'n': None, 'peak': 0.028621533425649007}); windows compared in place
[Coarse] pair 10: no reliable coarse offset (matcher: no matches; phasecorr: {'dx': -15791.779157239504, 'dy': -27484.73946603707, 'support': None, 'n': None, 'peak': 0.0061897425567386324}); windows compared in place
[Coarse] pair 24: no reliable coarse offset (matcher: no matches; phasecorr: {'dx': -39044.25959720116, 'dy': 27033.45669197513, 'support': None, 'n': None, 'peak': 0.018840152319566702}); windows compared in place
[Coarse] pair 25: no reliable coarse offset (matcher: no matches; phasecorr: {'dx': -2967.3494804437037, 'dy': 31502.918072714525, 'support': None, 'n': None, 'peak': 0.017951171412880038}); windows compared in place
[Coarse] pair 1: phase correlation gave dE=11055 m dN=4646 m, 11.6 km from every offset the matcher measured; using pair 2's (dE=-7303 m dN=-3711 m)
[Coarse] pair 3: phase correlation gave dE=435 m dN=-3096 m, 6.3 km from every offset the matcher measured; using pair 2's (dE=-7303 m dN=-3711 m)
[Coarse] pair 6: phase correlation gave dE=-12273 m dN=-1453 m, 5.5 km from every offset the matcher measured; using pair 5's (dE=-10047 m dN=10831 m)
[Coarse] pair 20: phase correlation gave dE=-21837 m dN=-4782 m, 14.6 km from every offset the matcher measured; using pair 18's (dE=-5845 m dN=-10354 m)
[Coarse] pair 22: phase correlation gave dE=-12201 m dN=-19785 m, 11.4 km from every offset the matcher measured; using pair 23's (dE=7303 m dN=-9606 m)
[Coarse] WARNING: imw-dkm: the pairs' coarse offsets differ by up to 22 km, more than one image moves from place to place. Pairs with a wrong offset match the wrong ground (the chip consensus drops them when they are few); if most pairs disagree, check the input's pixel size and window size.
[Coarse] imw-dkm pair 1: dE=-7303.1 m dN=-3710.7 m (from-pair-2 (phasecorr disagreed), support=None, peak=0.04583818592407085) 
imw-dkm: Processing pair 1 from disk...
imw-dkm: 1 match-sets in 1.19s
[Coarse] imw-dkm pair 2: dE=-7303.1 m dN=-3710.7 m (matcher@315m, support=206, peak=None) field 1x1 cells, dE -7303..-7303 m, dN -3711..-3711 m, 0 filled
imw-dkm: Processing pair 2 from disk...
imw-dkm: 1 match-sets in 1.19s
[Coarse] imw-dkm pair 3: dE=-7303.1 m dN=-3710.7 m (from-pair-2 (phasecorr disagreed), support=None, peak=0.05141784302982283) 
imw-dkm: Processing pair 3 from disk...
imw-dkm: 1 match-sets in 1.18s
[Coarse] imw-dkm pair 4: dE=-10047.3 m dN=10831.0 m (from-pair-5, support=None, peak=None) 
imw-dkm: Processing pair 4 from disk...
imw-dkm: 1 match-sets in 1.18s
[Coarse] imw-dkm pair 5: dE=-10047.3 m dN=10831.0 m (matcher@315m, support=74, peak=None) field 1x1 cells, dE -10047..-10047 m, dN 10831..10831 m, 0 filled
imw-dkm: Processing pair 5 from disk...
imw-dkm: 1 match-sets in 1.22s
[Coarse] imw-dkm pair 6: dE=-10047.3 m dN=10831.0 m (from-pair-5 (phasecorr disagreed), support=None, peak=0.034774091529846195) 
imw-dkm: Processing pair 6 from disk...
imw-dkm: 1 match-sets in 1.19s
[Coarse] imw-dkm pair 7: dE=997.4 m dN=-10692.7 m (matcher@315m, support=47, peak=None) field 1x1 cells, dE 997..997 m, dN -10693..-10693 m, 0 filled
imw-dkm: Processing pair 7 from disk...
imw-dkm: 0 match-sets in 0.00s
[Coarse] imw-dkm pair 8: dE=5278.8 m dN=-10741.7 m (matcher@315m, support=79, peak=None) field 1x1 cells, dE 5279..5279 m, dN -10742..-10742 m, 0 filled
imw-dkm: Processing pair 8 from disk...
imw-dkm: 0 match-sets in 0.00s
[Coarse] imw-dkm pair 9: dE=-2667.4 m dN=-10697.9 m (matcher@315m, support=143, peak=None) field 1x1 cells, dE -2667..-2667 m, dN -10698..-10698 m, 0 filled
imw-dkm: Processing pair 9 from disk...
imw-dkm: 0 match-sets in 0.00s
[Coarse] imw-dkm pair 10: dE=-233.1 m dN=7336.9 m (from-pair-11, support=None, peak=None) 
imw-dkm: Processing pair 10 from disk...
imw-dkm: 1 match-sets in 1.35s
[Coarse] imw-dkm pair 11: dE=-233.1 m dN=7336.9 m (matcher@315m, support=1143, peak=None) field 1x1 cells, dE -233..-233 m, dN 7337..7337 m, 0 filled
imw-dkm: Processing pair 11 from disk...
imw-dkm: 1 match-sets in 1.39s
[Coarse] imw-dkm pair 12: dE=-506.6 m dN=7401.1 m (matcher@315m, support=1659, peak=None) field 1x1 cells, dE -507..-507 m, dN 7401..7401 m, 0 filled
imw-dkm: Processing pair 12 from disk...
imw-dkm: 1 match-sets in 1.24s
[Coarse] imw-dkm pair 13: dE=1721.5 m dN=-10079.3 m (phasecorr@315m, support=None, peak=0.24878289219405916) field 1x1 cells, dE 2629..2629 m, dN -9631..-9631 m, 0 filled
imw-dkm: Processing pair 13 from disk...
imw-dkm: 0 match-sets in 0.00s
[Coarse] imw-dkm pair 14: dE=-2887.9 m dN=-8958.2 m (phasecorr@315m, support=None, peak=0.35633478768997723) field 1x1 cells, dE -2930..-2930 m, dN -9091..-9091 m, 0 filled
imw-dkm: Processing pair 14 from disk...
imw-dkm: 0 match-sets in 0.00s
[Coarse] imw-dkm pair 15: dE=-1436.8 m dN=7060.2 m (matcher@315m, support=3013, peak=None) field 1x1 cells, dE -1437..-1437 m, dN 7060..7060 m, 0 filled
imw-dkm: Processing pair 15 from disk...
imw-dkm: 1 match-sets in 1.34s
[Coarse] imw-dkm pair 16: dE=-1366.4 m dN=7078.8 m (matcher@315m, support=2793, peak=None) field 1x1 cells, dE -1366..-1366 m, dN 7079..7079 m, 0 filled
imw-dkm: Processing pair 16 from disk...
imw-dkm: 1 match-sets in 1.33s
[Coarse] imw-dkm pair 17: dE=-1338.2 m dN=7040.8 m (matcher@315m, support=1270, peak=None) field 1x1 cells, dE -1338..-1338 m, dN 7041..7041 m, 0 filled
imw-dkm: Processing pair 17 from disk...
imw-dkm: 1 match-sets in 1.24s
[Coarse] imw-dkm pair 18: dE=-5844.7 m dN=-10354.3 m (matcher@315m, support=91, peak=None) field 1x1 cells, dE -5845..-5845 m, dN -10354..-10354 m, 0 filled
imw-dkm: Processing pair 18 from disk...
imw-dkm: 0 match-sets in 0.00s
[Coarse] imw-dkm pair 19: dE=-2743.0 m dN=-8532.8 m (matcher@315m, support=51, peak=None) field 1x1 cells, dE -2743..-2743 m, dN -8533..-8533 m, 0 filled
imw-dkm: Processing pair 19 from disk...
imw-dkm: 0 match-sets in 0.00s
[Coarse] imw-dkm pair 20: dE=-5844.7 m dN=-10354.3 m (from-pair-18 (phasecorr disagreed), support=None, peak=0.04500516567230225) 
imw-dkm: Processing pair 20 from disk...
imw-dkm: 0 match-sets in 0.00s
[Coarse] imw-dkm pair 21: dE=-2511.3 m dN=-8879.5 m (phasecorr@315m, support=None, peak=0.03828669300079346) field 1x1 cells, dE -4371..-4371 m, dN -8475..-8475 m, 0 filled
imw-dkm: Processing pair 21 from disk...
imw-dkm: 0 match-sets in 0.00s
[Coarse] imw-dkm pair 22: dE=7302.6 m dN=-9605.5 m (from-pair-23 (phasecorr disagreed), support=None, peak=0.04219192933153223) 
imw-dkm: Processing pair 22 from disk...
imw-dkm: 1 match-sets in 1.30s
[Coarse] imw-dkm pair 23: dE=7302.6 m dN=-9605.5 m (matcher@315m, support=39, peak=None) field 1x1 cells, dE 7303..7303 m, dN -9606..-9606 m, 0 filled
imw-dkm: Processing pair 23 from disk...
imw-dkm: 1 match-sets in 1.30s
[Coarse] imw-dkm pair 24: dE=7302.6 m dN=-9605.5 m (from-pair-22, support=None, peak=None) 
imw-dkm: Processing pair 24 from disk...
imw-dkm: 1 match-sets in 1.19s
[Coarse] imw-dkm pair 25: dE=7302.6 m dN=-9605.5 m (from-pair-22, support=None, peak=None) 
imw-dkm: Processing pair 25 from disk...
imw-dkm: 1 match-sets in 1.21s
Saved:
 CHIP_STATS_ALL.csv
 CHIP_STATS_SURVIVORS.csv
 CONSENSUS_SCORES.csv
 BEST_CHIP_SET.csv
 BEST_CHIP_MANIFEST.csv
 BEST_FINAL_SUMMARY.csv
[band1] imw-dkm ok in 0.9 min, peak GPU memory 7.3 of 15.6 GB
[imw-dkm] Model unloaded.
--------------------------------------------------------------------------------
[band1] Running imw-dad-roma
[imw-dad-roma] Loading model...
[Coarse] pair 2: no reliable coarse offset (matcher: {'dx': 5165.421295166016, 'dy': 3476.718292236328, 'support': 1, 'n': 4, 'peak': None}; phasecorr: {'dx': 12574.81863509712, 'dy': -4254.296899816302, 'support': None, 'n': None, 'peak': 0.022171562748190796}); windows compared in place
[Coarse] pair 4: no reliable coarse offset (matcher: {'dx': -10610.860748291016, 'dy': 2614.862651824951, 'support': 4, 'n': 19, 'peak': None}; phasecorr: {'dx': -12384.074490808596, 'dy': -1224.9559256777015, 'support': None, 'n': None, 'peak': 0.028621533425649007}); windows compared in place
[Coarse] pair 5: no reliable coarse offset (matcher: {'dx': -8307.154083251953, 'dy': 8015.194129943848, 'support': 1, 'n': 10, 'peak': None}; phasecorr: {'dx': -12498.015398455027, 'dy': -1389.0155843820758, 'support': None, 'n': None, 'peak': 0.02882188277244568}); windows compared in place
[Coarse] pair 9: no reliable coarse offset (matcher: no matches; phasecorr: {'dx': 3042.052254335612, 'dy': 5076.0958523434165, 'support': None, 'n': None, 'peak': -0.10839922587076822}); windows compared in place
[Coarse] pair 10: no reliable coarse offset (matcher: no matches; phasecorr: {'dx': -15791.779157239504, 'dy': -27484.73946603707, 'support': None, 'n': None, 'peak': 0.0061897425567386324}); windows compared in place
[Coarse] pair 15: no reliable coarse offset (matcher: {'dx': 5000.942230224609, 'dy': -1077.6695251464844, 'support': 3, 'n': 5, 'peak': None}; phasecorr: {'dx': -41182.32612775494, 'dy': -16523.509648524217, 'support': None, 'n': None, 'peak': -0.0012744354870584276}); windows compared in place
[Coarse] pair 17: no reliable coarse offset (matcher: no matches; phasecorr: {'dx': -66083.54744225116, 'dy': 13836.37775522828, 'support': None, 'n': None, 'peak': 0.011340649922688802}); windows compared in place
[Coarse] pair 23: no reliable coarse offset (matcher: no matches; phasecorr: {'dx': 10626.331712949788, 'dy': 44081.26459194447, 'support': None, 'n': None, 'peak': 0.022681387839493927}); windows compared in place
[Coarse] pair 24: no reliable coarse offset (matcher: no matches; phasecorr: {'dx': -39044.25959720116, 'dy': 27033.45669197513, 'support': None, 'n': None, 'peak': 0.018840152319566702}); windows compared in place
[Coarse] pair 25: no reliable coarse offset (matcher: no matches; phasecorr: {'dx': -2967.3494804437037, 'dy': 31502.918072714525, 'support': None, 'n': None, 'peak': 0.017951171412880038}); windows compared in place
[Coarse] pair 1: phase correlation gave dE=11055 m dN=4646 m, 11.6 km from every offset the matcher measured; using pair 11's (dE=-276 m dN=7385 m)
[Coarse] pair 3: phase correlation gave dE=435 m dN=-3096 m, 10.3 km from every offset the matcher measured; using pair 11's (dE=-276 m dN=7385 m)
[Coarse] pair 6: phase correlation gave dE=-12273 m dN=-1453 m, 12.9 km from every offset the matcher measured; using pair 11's (dE=-276 m dN=7385 m)
[Coarse] pair 13: phase correlation gave dE=1721 m dN=-10079 m, 17.4 km from every offset the matcher measured; using pair 11's (dE=-276 m dN=7385 m)
[Coarse] pair 14: phase correlation gave dE=-2888 m dN=-8958 m, 15.7 km from every offset the matcher measured; using pair 11's (dE=-276 m dN=7385 m)
[Coarse] pair 18: phase correlation gave dE=-752 m dN=-6939 m, 13.8 km from every offset the matcher measured; using pair 16's (dE=-2386 m dN=6780 m)
[Coarse] pair 19: phase correlation gave dE=-28033 m dN=-3217 m, 27.5 km from every offset the matcher measured; using pair 16's (dE=-2386 m dN=6780 m)
[Coarse] pair 20: phase correlation gave dE=-21837 m dN=-4782 m, 22.6 km from every offset the matcher measured; using pair 16's (dE=-2386 m dN=6780 m)
[Coarse] pair 21: phase correlation gave dE=-2511 m dN=-8880 m, 15.7 km from every offset the matcher measured; using pair 16's (dE=-2386 m dN=6780 m)
[Coarse] pair 22: phase correlation gave dE=-12201 m dN=-19785 m, 28.3 km from every offset the matcher measured; using pair 16's (dE=-2386 m dN=6780 m)
[Coarse] imw-dad-roma pair 1: dE=-276.4 m dN=7385.4 m (from-pair-11 (phasecorr disagreed), support=None, peak=0.04583818592407085) 
imw-dad-roma: Processing pair 1 from disk...
imw-dad-roma: 1 match-sets in 1.50s
[Coarse] imw-dad-roma pair 2: dE=-276.4 m dN=7385.4 m (from-pair-3, support=None, peak=None) 
imw-dad-roma: Processing pair 2 from disk...
imw-dad-roma: 1 match-sets in 0.88s
[Coarse] imw-dad-roma pair 3: dE=-276.4 m dN=7385.4 m (from-pair-11 (phasecorr disagreed), support=None, peak=0.05141784302982283) 
imw-dad-roma: Processing pair 3 from disk...
imw-dad-roma: 1 match-sets in 0.87s
[Coarse] imw-dad-roma pair 4: dE=-276.4 m dN=7385.4 m (from-pair-6, support=None, peak=None) 
imw-dad-roma: Processing pair 4 from disk...
imw-dad-roma: 1 match-sets in 1.66s
[Coarse] imw-dad-roma pair 5: dE=-276.4 m dN=7385.4 m (from-pair-6, support=None, peak=None) 
imw-dad-roma: Processing pair 5 from disk...
imw-dad-roma: 1 match-sets in 0.90s
[Coarse] imw-dad-roma pair 6: dE=-276.4 m dN=7385.4 m (from-pair-11 (phasecorr disagreed), support=None, peak=0.034774091529846195) 
imw-dad-roma: Processing pair 6 from disk...
imw-dad-roma: 1 match-sets in 0.90s
[Coarse] imw-dad-roma pair 7: dE=-75.1 m dN=5172.3 m (phasecorr@315m, support=None, peak=0.3776031465883608) 
imw-dad-roma: Processing pair 7 from disk...
imw-dad-roma: 0 match-sets in 0.00s
[Coarse] imw-dad-roma pair 8: dE=-1852.3 m dN=5084.1 m (phasecorr@315m, support=None, peak=0.2714075272878011) 
imw-dad-roma: Processing pair 8 from disk...
imw-dad-roma: 0 match-sets in 0.00s
[Coarse] imw-dad-roma pair 9: dE=-75.1 m dN=5172.3 m (from-pair-7, support=None, peak=None) 
imw-dad-roma: Processing pair 9 from disk...
imw-dad-roma: 0 match-sets in 0.00s
[Coarse] imw-dad-roma pair 10: dE=-276.4 m dN=7385.4 m (from-pair-11, support=None, peak=None) 
imw-dad-roma: Processing pair 10 from disk...
imw-dad-roma: 1 match-sets in 2.09s
[Coarse] imw-dad-roma pair 11: dE=-276.4 m dN=7385.4 m (matcher@315m, support=148, peak=None) field 1x1 cells, dE -276..-276 m, dN 7385..7385 m, 0 filled
imw-dad-roma: Processing pair 11 from disk...
imw-dad-roma: 1 match-sets in 1.26s
[Coarse] imw-dad-roma pair 12: dE=-213.1 m dN=7452.8 m (matcher@315m, support=166, peak=None) field 1x1 cells, dE -213..-213 m, dN 7453..7453 m, 0 filled
imw-dad-roma: Processing pair 12 from disk...
imw-dad-roma: 1 match-sets in 1.03s
[Coarse] imw-dad-roma pair 13: dE=-276.4 m dN=7385.4 m (from-pair-11 (phasecorr disagreed), support=None, peak=0.24878289219405916) 
imw-dad-roma: Processing pair 13 from disk...
imw-dad-roma: 0 match-sets in 0.00s
[Coarse] imw-dad-roma pair 14: dE=-276.4 m dN=7385.4 m (from-pair-11 (phasecorr disagreed), support=None, peak=0.35633478768997723) 
imw-dad-roma: Processing pair 14 from disk...
imw-dad-roma: 0 match-sets in 0.00s
[Coarse] imw-dad-roma pair 15: dE=-2386.1 m dN=6780.2 m (from-pair-16, support=None, peak=None) 
imw-dad-roma: Processing pair 15 from disk...
imw-dad-roma: 1 match-sets in 1.99s
[Coarse] imw-dad-roma pair 16: dE=-2386.1 m dN=6780.2 m (matcher@315m, support=232, peak=None) field 1x1 cells, dE -2386..-2386 m, dN 6780..6780 m, 0 filled
imw-dad-roma: Processing pair 16 from disk...
imw-dad-roma: 1 match-sets in 1.22s
[Coarse] imw-dad-roma pair 17: dE=-2386.1 m dN=6780.2 m (from-pair-16, support=None, peak=None) 
imw-dad-roma: Processing pair 17 from disk...
imw-dad-roma: 1 match-sets in 1.00s
[Coarse] imw-dad-roma pair 18: dE=-2386.1 m dN=6780.2 m (from-pair-16 (phasecorr disagreed), support=None, peak=0.2454520107269287) 
imw-dad-roma: Processing pair 18 from disk...
imw-dad-roma: 0 match-sets in 0.00s
[Coarse] imw-dad-roma pair 19: dE=-2386.1 m dN=6780.2 m (from-pair-16 (phasecorr disagreed), support=None, peak=0.11735943231582642) 
imw-dad-roma: Processing pair 19 from disk...
imw-dad-roma: 0 match-sets in 0.00s
[Coarse] imw-dad-roma pair 20: dE=-2386.1 m dN=6780.2 m (from-pair-16 (phasecorr disagreed), support=None, peak=0.04500516567230225) 
imw-dad-roma: Processing pair 20 from disk...
imw-dad-roma: 0 match-sets in 0.00s
[Coarse] imw-dad-roma pair 21: dE=-2386.1 m dN=6780.2 m (from-pair-16 (phasecorr disagreed), support=None, peak=0.03828669300079346) 
imw-dad-roma: Processing pair 21 from disk...
imw-dad-roma: 0 match-sets in 0.00s
[Coarse] imw-dad-roma pair 22: dE=-2386.1 m dN=6780.2 m (from-pair-16 (phasecorr disagreed), support=None, peak=0.04219192933153223) 
imw-dad-roma: Processing pair 22 from disk...
imw-dad-roma: 1 match-sets in 1.12s
[Coarse] imw-dad-roma pair 23: dE=-2386.1 m dN=6780.2 m (from-pair-22, support=None, peak=None) 
imw-dad-roma: Processing pair 23 from disk...
imw-dad-roma: 1 match-sets in 1.14s
[Coarse] imw-dad-roma pair 24: dE=-2386.1 m dN=6780.2 m (from-pair-22, support=None, peak=None) 
imw-dad-roma: Processing pair 24 from disk...
imw-dad-roma: 1 match-sets in 0.89s
[Coarse] imw-dad-roma pair 25: dE=-2386.1 m dN=6780.2 m (from-pair-22, support=None, peak=None) 
imw-dad-roma: Processing pair 25 from disk...
imw-dad-roma: 1 match-sets in 0.90s
Saved:
 CHIP_STATS_ALL.csv
 CHIP_STATS_SURVIVORS.csv
 CONSENSUS_SCORES.csv
 BEST_CHIP_SET.csv
 BEST_CHIP_MANIFEST.csv
 BEST_FINAL_SUMMARY.csv
[band1] imw-dad-roma ok in 1.1 min, peak GPU memory 4.7 of 15.6 GB
[imw-dad-roma] Model unloaded.
--------------------------------------------------------------------------------
[band1] Running imw-rdd-dense
[imw-rdd-dense] Loading model...
config {'activation': 'relu', 'block_dims': [8, 16, 32, 64], 'd_model': 256, 'detection_threshold': 0.1, 'device': device(type='cuda'), 'dim_feedforward': 1024, 'dropout': 0.1, 'enc_n_points': 8, 'hidden_dim': 256, 'lr_backbone': 2e-05, 'nhead': 8, 'num_encoder_layers': 4, 'num_feature_levels': 5, 'top_k': 4096, 'train_detector': False, 'weights': '/maintenance/ICIGDev/GPUPOC/input/dqe/imw_runtime/imw_cache/huggingface/hub/models--Realcat--imcui_checkpoints/snapshots/e72b489e927e7a8202f505c1b4db1474fd22b8b7/rdd/RDD-v2.pth'}
[Coarse] pair 2: no reliable coarse offset (matcher: no matches; phasecorr: {'dx': 12574.81863509712, 'dy': -4254.296899816302, 'support': None, 'n': None, 'peak': 0.022171562748190796}); windows compared in place
[Coarse] pair 4: no reliable coarse offset (matcher: no matches; phasecorr: {'dx': -12384.074490808596, 'dy': -1224.9559256777015, 'support': None, 'n': None, 'peak': 0.028621533425649007}); windows compared in place
[Coarse] pair 5: no reliable coarse offset (matcher: no matches; phasecorr: {'dx': -12498.015398455027, 'dy': -1389.0155843820758, 'support': None, 'n': None, 'peak': 0.02882188277244568}); windows compared in place
[Coarse] pair 9: no reliable coarse offset (matcher: RuntimeError: selected index k out of range; phasecorr: {'dx': 3042.052254335612, 'dy': 5076.0958523434165, 'support': None, 'n': None, 'peak': -0.10839922587076822}); windows compared in place
[Coarse] pair 10: no reliable coarse offset (matcher: no matches; phasecorr: {'dx': -15791.779157239504, 'dy': -27484.73946603707, 'support': None, 'n': None, 'peak': 0.0061897425567386324}); windows compared in place
[Coarse] pair 17: no reliable coarse offset (matcher: no matches; phasecorr: {'dx': -66083.54744225116, 'dy': 13836.37775522828, 'support': None, 'n': None, 'peak': 0.011340649922688802}); windows compared in place
[Coarse] pair 23: no reliable coarse offset (matcher: no matches; phasecorr: {'dx': 10626.331712949788, 'dy': 44081.26459194447, 'support': None, 'n': None, 'peak': 0.022681387839493927}); windows compared in place
[Coarse] pair 24: no reliable coarse offset (matcher: no matches; phasecorr: {'dx': -39044.25959720116, 'dy': 27033.45669197513, 'support': None, 'n': None, 'peak': 0.018840152319566702}); windows compared in place
[Coarse] pair 25: no reliable coarse offset (matcher: no matches; phasecorr: {'dx': -2967.3494804437037, 'dy': 31502.918072714525, 'support': None, 'n': None, 'peak': 0.017951171412880038}); windows compared in place
[Coarse] pair 1: phase correlation gave dE=11055 m dN=4646 m, 11.5 km from every offset the matcher measured; using pair 11's (dE=-447 m dN=7267 m)
[Coarse] pair 3: phase correlation gave dE=435 m dN=-3096 m, 10.2 km from every offset the matcher measured; using pair 11's (dE=-447 m dN=7267 m)
[Coarse] pair 6: phase correlation gave dE=-12273 m dN=-1453 m, 13.9 km from every offset the matcher measured; using pair 11's (dE=-447 m dN=7267 m)
[Coarse] pair 13: phase correlation gave dE=1721 m dN=-10079 m, 17.3 km from every offset the matcher measured; using pair 11's (dE=-447 m dN=7267 m)
[Coarse] pair 14: phase correlation gave dE=-2888 m dN=-8958 m, 16.1 km from every offset the matcher measured; using pair 11's (dE=-447 m dN=7267 m)
[Coarse] pair 18: phase correlation gave dE=-752 m dN=-6939 m, 14.0 km from every offset the matcher measured; using pair 16's (dE=-1295 m dN=7041 m)
[Coarse] pair 19: phase correlation gave dE=-28033 m dN=-3217 m, 28.6 km from every offset the matcher measured; using pair 16's (dE=-1295 m dN=7041 m)
[Coarse] pair 20: phase correlation gave dE=-21837 m dN=-4782 m, 23.7 km from every offset the matcher measured; using pair 16's (dE=-1295 m dN=7041 m)
[Coarse] pair 21: phase correlation gave dE=-2511 m dN=-8880 m, 16.0 km from every offset the matcher measured; using pair 16's (dE=-1295 m dN=7041 m)
[Coarse] pair 22: phase correlation gave dE=-12201 m dN=-19785 m, 29.0 km from every offset the matcher measured; using pair 16's (dE=-1295 m dN=7041 m)
[Coarse] imw-rdd-dense pair 1: dE=-447.5 m dN=7267.2 m (from-pair-11 (phasecorr disagreed), support=None, peak=0.04583818592407085) 
imw-rdd-dense: Processing pair 1 from disk...
imw-rdd-dense: 0 match-sets in 0.42s
[Coarse] imw-rdd-dense pair 2: dE=-447.5 m dN=7267.2 m (from-pair-3, support=None, peak=None) 
imw-rdd-dense: Processing pair 2 from disk...
imw-rdd-dense: 0 match-sets in 0.25s
[Coarse] imw-rdd-dense pair 3: dE=-447.5 m dN=7267.2 m (from-pair-11 (phasecorr disagreed), support=None, peak=0.05141784302982283) 
imw-rdd-dense: Processing pair 3 from disk...
imw-rdd-dense: 0 match-sets in 0.25s
[Coarse] imw-rdd-dense pair 4: dE=-447.5 m dN=7267.2 m (from-pair-6, support=None, peak=None) 
imw-rdd-dense: Processing pair 4 from disk...
imw-rdd-dense: 0 match-sets in 0.43s
[Coarse] imw-rdd-dense pair 5: dE=-447.5 m dN=7267.2 m (from-pair-6, support=None, peak=None) 
imw-rdd-dense: Processing pair 5 from disk...
imw-rdd-dense: 0 match-sets in 0.22s
[Coarse] imw-rdd-dense pair 6: dE=-447.5 m dN=7267.2 m (from-pair-11 (phasecorr disagreed), support=None, peak=0.034774091529846195) 
imw-rdd-dense: Processing pair 6 from disk...
imw-rdd-dense: 0 match-sets in 0.23s
[Coarse] imw-rdd-dense pair 7: dE=-75.1 m dN=5172.3 m (phasecorr@315m, support=None, peak=0.3776031465883608) 
imw-rdd-dense: Processing pair 7 from disk...
imw-rdd-dense: 0 match-sets in 0.00s
[Coarse] imw-rdd-dense pair 8: dE=-1852.3 m dN=5084.1 m (phasecorr@315m, support=None, peak=0.2714075272878011) 
imw-rdd-dense: Processing pair 8 from disk...
imw-rdd-dense: 0 match-sets in 0.00s
[Coarse] imw-rdd-dense pair 9: dE=-75.1 m dN=5172.3 m (from-pair-7, support=None, peak=None) 
imw-rdd-dense: Processing pair 9 from disk...
imw-rdd-dense: 0 match-sets in 0.00s
[Coarse] imw-rdd-dense pair 10: dE=-447.5 m dN=7267.2 m (from-pair-11, support=None, peak=None) 
imw-rdd-dense: Processing pair 10 from disk...
imw-rdd-dense: 0 match-sets in 0.68s
[Coarse] imw-rdd-dense pair 11: dE=-447.5 m dN=7267.2 m (matcher@315m, support=25, peak=None) field 1x1 cells, dE -447..-447 m, dN 7267..7267 m, 0 filled
imw-rdd-dense: Processing pair 11 from disk...
imw-rdd-dense: 1 match-sets in 0.74s
[Coarse] imw-rdd-dense pair 12: dE=-27.2 m dN=7536.4 m (matcher@315m, support=51, peak=None) field 1x1 cells, dE -27..-27 m, dN 7536..7536 m, 0 filled
imw-rdd-dense: Processing pair 12 from disk...
imw-rdd-dense: 1 match-sets in 0.52s
[Coarse] imw-rdd-dense pair 13: dE=-447.5 m dN=7267.2 m (from-pair-11 (phasecorr disagreed), support=None, peak=0.24878289219405916) 
imw-rdd-dense: Processing pair 13 from disk...
imw-rdd-dense: 0 match-sets in 0.00s
[Coarse] imw-rdd-dense pair 14: dE=-447.5 m dN=7267.2 m (from-pair-11 (phasecorr disagreed), support=None, peak=0.35633478768997723) 
imw-rdd-dense: Processing pair 14 from disk...
imw-rdd-dense: 0 match-sets in 0.00s
[Coarse] imw-rdd-dense pair 15: dE=-886.5 m dN=7066.8 m (matcher@315m, support=29, peak=None) field 1x1 cells, dE -887..-887 m, dN 7067..7067 m, 0 filled
imw-rdd-dense: Processing pair 15 from disk...
imw-rdd-dense: 1 match-sets in 0.88s
[Coarse] imw-rdd-dense pair 16: dE=-1294.8 m dN=7040.9 m (matcher@315m, support=41, peak=None) field 1x1 cells, dE -1295..-1295 m, dN 7041..7041 m, 0 filled
imw-rdd-dense: Processing pair 16 from disk...
imw-rdd-dense: 1 match-sets in 0.90s
[Coarse] imw-rdd-dense pair 17: dE=-1294.8 m dN=7040.9 m (from-pair-16, support=None, peak=None) 
imw-rdd-dense: Processing pair 17 from disk...
imw-rdd-dense: 0 match-sets in 0.47s
[Coarse] imw-rdd-dense pair 18: dE=-1294.8 m dN=7040.9 m (from-pair-16 (phasecorr disagreed), support=None, peak=0.2454520107269287) 
imw-rdd-dense: Processing pair 18 from disk...
imw-rdd-dense: 0 match-sets in 0.00s
[Coarse] imw-rdd-dense pair 19: dE=-1294.8 m dN=7040.9 m (from-pair-16 (phasecorr disagreed), support=None, peak=0.11735943231582642) 
imw-rdd-dense: Processing pair 19 from disk...
imw-rdd-dense: 0 match-sets in 0.00s
[Coarse] imw-rdd-dense pair 20: dE=-1294.8 m dN=7040.9 m (from-pair-16 (phasecorr disagreed), support=None, peak=0.04500516567230225) 
imw-rdd-dense: Processing pair 20 from disk...
imw-rdd-dense: 0 match-sets in 0.00s
[Coarse] imw-rdd-dense pair 21: dE=-1294.8 m dN=7040.9 m (from-pair-16 (phasecorr disagreed), support=None, peak=0.03828669300079346) 
imw-rdd-dense: Processing pair 21 from disk...
imw-rdd-dense: 0 match-sets in 0.00s
[Coarse] imw-rdd-dense pair 22: dE=-1294.8 m dN=7040.9 m (from-pair-16 (phasecorr disagreed), support=None, peak=0.04219192933153223) 
imw-rdd-dense: Processing pair 22 from disk...
imw-rdd-dense: 0 match-sets in 0.50s
[Coarse] imw-rdd-dense pair 23: dE=-1294.8 m dN=7040.9 m (from-pair-22, support=None, peak=None) 
imw-rdd-dense: Processing pair 23 from disk...
imw-rdd-dense: 0 match-sets in 0.50s
[Coarse] imw-rdd-dense pair 24: dE=-1294.8 m dN=7040.9 m (from-pair-22, support=None, peak=None) 
imw-rdd-dense: Processing pair 24 from disk...
imw-rdd-dense: 0 match-sets in 0.26s
[Coarse] imw-rdd-dense pair 25: dE=-1294.8 m dN=7040.9 m (from-pair-22, support=None, peak=None) 
imw-rdd-dense: Processing pair 25 from disk...
imw-rdd-dense: 0 match-sets in 0.25s
Saved:
 CHIP_STATS_ALL.csv
 CHIP_STATS_SURVIVORS.csv
 CONSENSUS_SCORES.csv
 BEST_CHIP_SET.csv
 BEST_CHIP_MANIFEST.csv
 BEST_FINAL_SUMMARY.csv
[band1] imw-rdd-dense ok in 0.3 min, peak GPU memory 7.7 of 15.6 GB
[imw-rdd-dense] Model unloaded.
--------------------------------------------------------------------------------
[band1] Running imw-xfeat-lg
[imw-xfeat-lg] Loading model...
Using cache found in /maintenance/ICIGDev/GPUPOC/input/dqe/imw_runtime/imw_cache/torch/hub/verlab_accelerated_features_main
Loaded LightGlue model
[Coarse] pair 2: no reliable coarse offset (matcher: no matches; phasecorr: {'dx': 12574.81863509712, 'dy': -4254.296899816302, 'support': None, 'n': None, 'peak': 0.022171562748190796}); windows compared in place
[Coarse] pair 4: no reliable coarse offset (matcher: {'dx': -9450.0, 'dy': 5985.0, 'support': 5, 'n': 22, 'peak': None}; phasecorr: {'dx': -12384.074490808596, 'dy': -1224.9559256777015, 'support': None, 'n': None, 'peak': 0.028621533425649007}); windows compared in place
[Coarse] pair 9: no reliable coarse offset (matcher: no matches; phasecorr: {'dx': 3042.052254335612, 'dy': 5076.0958523434165, 'support': None, 'n': None, 'peak': -0.10839922587076822}); windows compared in place
[Coarse] pair 10: no reliable coarse offset (matcher: no matches; phasecorr: {'dx': -15791.779157239504, 'dy': -27484.73946603707, 'support': None, 'n': None, 'peak': 0.0061897425567386324}); windows compared in place
[Coarse] pair 23: no reliable coarse offset (matcher: no matches; phasecorr: {'dx': 10626.331712949788, 'dy': 44081.26459194447, 'support': None, 'n': None, 'peak': 0.022681387839493927}); windows compared in place
[Coarse] pair 24: no reliable coarse offset (matcher: no matches; phasecorr: {'dx': -39044.25959720116, 'dy': 27033.45669197513, 'support': None, 'n': None, 'peak': 0.018840152319566702}); windows compared in place
[Coarse] pair 25: no reliable coarse offset (matcher: no matches; phasecorr: {'dx': -2967.3494804437037, 'dy': 31502.918072714525, 'support': None, 'n': None, 'peak': 0.017951171412880038}); windows compared in place
[Coarse] pair 1: phase correlation gave dE=11055 m dN=4646 m, 11.5 km from every offset the matcher measured; using pair 5's (dE=-9765 m dN=8820 m)
[Coarse] pair 3: phase correlation gave dE=435 m dN=-3096 m, 10.2 km from every offset the matcher measured; using pair 5's (dE=-9765 m dN=8820 m)
[Coarse] pair 6: phase correlation gave dE=-12273 m dN=-1453 m, 10.6 km from every offset the matcher measured; using pair 5's (dE=-9765 m dN=8820 m)
[Coarse] pair 13: phase correlation gave dE=1721 m dN=-10079 m, 17.2 km from every offset the matcher measured; using pair 11's (dE=-158 m dN=7245 m)
[Coarse] pair 14: phase correlation gave dE=-2888 m dN=-8958 m, 15.6 km from every offset the matcher measured; using pair 11's (dE=-158 m dN=7245 m)
[Coarse] pair 18: phase correlation gave dE=-752 m dN=-6939 m, 13.7 km from every offset the matcher measured; using pair 16's (dE=-2520 m dN=6615 m)
[Coarse] pair 19: phase correlation gave dE=-28033 m dN=-3217 m, 21.9 km from every offset the matcher measured; using pair 16's (dE=-2520 m dN=6615 m)
[Coarse] pair 20: phase correlation gave dE=-21837 m dN=-4782 m, 18.2 km from every offset the matcher measured; using pair 16's (dE=-2520 m dN=6615 m)
[Coarse] pair 21: phase correlation gave dE=-2511 m dN=-8880 m, 15.5 km from every offset the matcher measured; using pair 16's (dE=-2520 m dN=6615 m)
[Coarse] pair 22: phase correlation gave dE=-12201 m dN=-19785 m, 28.1 km from every offset the matcher measured; using pair 17's (dE=-1890 m dN=8348 m)
[Coarse] WARNING: imw-xfeat-lg: the pairs' coarse offsets differ by up to 10 km, more than one image moves from place to place. Pairs with a wrong offset match the wrong ground (the chip consensus drops them when they are few); if most pairs disagree, check the input's pixel size and window size.
[Coarse] imw-xfeat-lg pair 1: dE=-9765.0 m dN=8820.0 m (from-pair-5 (phasecorr disagreed), support=None, peak=0.04583818592407085) 
imw-xfeat-lg: Processing pair 1 from disk...
imw-xfeat-lg: 0 match-sets in 0.15s
[Coarse] imw-xfeat-lg pair 2: dE=-9765.0 m dN=8820.0 m (from-pair-3, support=None, peak=None) 
imw-xfeat-lg: Processing pair 2 from disk...
imw-xfeat-lg: 1 match-sets in 0.10s
[Coarse] imw-xfeat-lg pair 3: dE=-9765.0 m dN=8820.0 m (from-pair-5 (phasecorr disagreed), support=None, peak=0.05141784302982283) 
imw-xfeat-lg: Processing pair 3 from disk...
imw-xfeat-lg: 1 match-sets in 0.10s
[Coarse] imw-xfeat-lg pair 4: dE=-9765.0 m dN=8820.0 m (from-pair-5, support=None, peak=None) 
imw-xfeat-lg: Processing pair 4 from disk...
imw-xfeat-lg: 1 match-sets in 0.09s
[Coarse] imw-xfeat-lg pair 5: dE=-9765.0 m dN=8820.0 m (matcher@315m, support=9, peak=None) field 1x1 cells, dE -9765..-9765 m, dN 8820..8820 m, 0 filled
imw-xfeat-lg: Processing pair 5 from disk...
imw-xfeat-lg: 1 match-sets in 0.09s
[Coarse] imw-xfeat-lg pair 6: dE=-9765.0 m dN=8820.0 m (from-pair-5 (phasecorr disagreed), support=None, peak=0.034774091529846195) 
imw-xfeat-lg: Processing pair 6 from disk...
imw-xfeat-lg: 1 match-sets in 0.09s
[Coarse] imw-xfeat-lg pair 7: dE=-75.1 m dN=5172.3 m (phasecorr@315m, support=None, peak=0.3776031465883608) 
imw-xfeat-lg: Processing pair 7 from disk...
imw-xfeat-lg: 0 match-sets in 0.00s
[Coarse] imw-xfeat-lg pair 8: dE=-1852.3 m dN=5084.1 m (phasecorr@315m, support=None, peak=0.2714075272878011) 
imw-xfeat-lg: Processing pair 8 from disk...
imw-xfeat-lg: 0 match-sets in 0.00s
[Coarse] imw-xfeat-lg pair 9: dE=-75.1 m dN=5172.3 m (from-pair-7, support=None, peak=None) 
imw-xfeat-lg: Processing pair 9 from disk...
imw-xfeat-lg: 0 match-sets in 0.00s
[Coarse] imw-xfeat-lg pair 10: dE=-157.5 m dN=7245.0 m (from-pair-11, support=None, peak=None) 
imw-xfeat-lg: Processing pair 10 from disk...
imw-xfeat-lg: 1 match-sets in 0.35s
[Coarse] imw-xfeat-lg pair 11: dE=-157.5 m dN=7245.0 m (matcher@315m, support=146, peak=None) field 1x1 cells, dE -158..-158 m, dN 7245..7245 m, 0 filled
imw-xfeat-lg: Processing pair 11 from disk...
imw-xfeat-lg: 1 match-sets in 0.28s
[Coarse] imw-xfeat-lg pair 12: dE=-630.0 m dN=7245.0 m (matcher@315m, support=300, peak=None) field 1x1 cells, dE -630..-630 m, dN 7245..7245 m, 0 filled
imw-xfeat-lg: Processing pair 12 from disk...
imw-xfeat-lg: 1 match-sets in 0.20s
[Coarse] imw-xfeat-lg pair 13: dE=-157.5 m dN=7245.0 m (from-pair-11 (phasecorr disagreed), support=None, peak=0.24878289219405916) 
imw-xfeat-lg: Processing pair 13 from disk...
imw-xfeat-lg: 0 match-sets in 0.00s
[Coarse] imw-xfeat-lg pair 14: dE=-157.5 m dN=7245.0 m (from-pair-11 (phasecorr disagreed), support=None, peak=0.35633478768997723) 
imw-xfeat-lg: Processing pair 14 from disk...
imw-xfeat-lg: 0 match-sets in 0.00s
[Coarse] imw-xfeat-lg pair 15: dE=-1575.0 m dN=6930.0 m (matcher@315m, support=405, peak=None) field 1x1 cells, dE -1575..-1575 m, dN 6930..6930 m, 0 filled
imw-xfeat-lg: Processing pair 15 from disk...
imw-xfeat-lg: 1 match-sets in 0.37s
[Coarse] imw-xfeat-lg pair 16: dE=-2520.0 m dN=6615.0 m (matcher@315m, support=392, peak=None) field 1x1 cells, dE -2520..-2520 m, dN 6615..6615 m, 0 filled
imw-xfeat-lg: Processing pair 16 from disk...
imw-xfeat-lg: 1 match-sets in 0.30s
[Coarse] imw-xfeat-lg pair 17: dE=-1890.0 m dN=8347.5 m (matcher@315m, support=14, peak=None) field 1x1 cells, dE -1890..-1890 m, dN 8348..8348 m, 0 filled
imw-xfeat-lg: Processing pair 17 from disk...
imw-xfeat-lg: 1 match-sets in 0.19s
[Coarse] imw-xfeat-lg pair 18: dE=-2520.0 m dN=6615.0 m (from-pair-16 (phasecorr disagreed), support=None, peak=0.2454520107269287) 
imw-xfeat-lg: Processing pair 18 from disk...
imw-xfeat-lg: 0 match-sets in 0.00s
[Coarse] imw-xfeat-lg pair 19: dE=-2520.0 m dN=6615.0 m (from-pair-16 (phasecorr disagreed), support=None, peak=0.11735943231582642) 
imw-xfeat-lg: Processing pair 19 from disk...
imw-xfeat-lg: 0 match-sets in 0.00s
[Coarse] imw-xfeat-lg pair 20: dE=-2520.0 m dN=6615.0 m (from-pair-16 (phasecorr disagreed), support=None, peak=0.04500516567230225) 
imw-xfeat-lg: Processing pair 20 from disk...
imw-xfeat-lg: 0 match-sets in 0.00s
[Coarse] imw-xfeat-lg pair 21: dE=-2520.0 m dN=6615.0 m (from-pair-16 (phasecorr disagreed), support=None, peak=0.03828669300079346) 
imw-xfeat-lg: Processing pair 21 from disk...
imw-xfeat-lg: 0 match-sets in 0.00s
[Coarse] imw-xfeat-lg pair 22: dE=-1890.0 m dN=8347.5 m (from-pair-17 (phasecorr disagreed), support=None, peak=0.04219192933153223) 
imw-xfeat-lg: Processing pair 22 from disk...
imw-xfeat-lg: 0 match-sets in 0.23s
[Coarse] imw-xfeat-lg pair 23: dE=-1890.0 m dN=8347.5 m (from-pair-22, support=None, peak=None) 
imw-xfeat-lg: Processing pair 23 from disk...
imw-xfeat-lg: 0 match-sets in 0.16s
[Coarse] imw-xfeat-lg pair 24: dE=-1890.0 m dN=8347.5 m (from-pair-22, support=None, peak=None) 
imw-xfeat-lg: Processing pair 24 from disk...
imw-xfeat-lg: 1 match-sets in 0.11s
[Coarse] imw-xfeat-lg pair 25: dE=-1890.0 m dN=8347.5 m (from-pair-22, support=None, peak=None) 
imw-xfeat-lg: Processing pair 25 from disk...
imw-xfeat-lg: 0 match-sets in 0.09s
Saved:
 CHIP_STATS_ALL.csv
 CHIP_STATS_SURVIVORS.csv
 CONSENSUS_SCORES.csv
 BEST_CHIP_SET.csv
 BEST_CHIP_MANIFEST.csv
 BEST_FINAL_SUMMARY.csv
[band1] imw-xfeat-lg ok in 0.3 min, peak GPU memory 0.5 of 15.6 GB
[imw-xfeat-lg] Model unloaded.
--------------------------------------------------------------------------------
[band1] Running imw-xfeat-dense
[imw-xfeat-dense] Loading model...
Using cache found in /maintenance/ICIGDev/GPUPOC/input/dqe/imw_runtime/imw_cache/torch/hub/verlab_accelerated_features_main
[Coarse] pair 2: no reliable coarse offset (matcher: {'dx': -10451.327590942383, 'dy': -5349.789733886719, 'support': 3, 'n': 3, 'peak': None}; phasecorr: {'dx': 12574.81863509712, 'dy': -4254.296899816302, 'support': None, 'n': None, 'peak': 0.022171562748190796}); windows compared in place
[Coarse] pair 4: no reliable coarse offset (matcher: {'dx': -9775.165786743164, 'dy': 10320.024318695068, 'support': 3, 'n': 7, 'peak': None}; phasecorr: {'dx': -12384.074490808596, 'dy': -1224.9559256777015, 'support': None, 'n': None, 'peak': 0.028621533425649007}); windows compared in place
[Coarse] pair 5: no reliable coarse offset (matcher: no matches; phasecorr: {'dx': -12498.015398455027, 'dy': -1389.0155843820758, 'support': None, 'n': None, 'peak': 0.02882188277244568}); windows compared in place
[Coarse] pair 9: no reliable coarse offset (matcher: ZeroDivisionError: division by zero; phasecorr: {'dx': 3042.052254335612, 'dy': 5076.0958523434165, 'support': None, 'n': None, 'peak': -0.10839922587076822}); windows compared in place
[Coarse] pair 10: no reliable coarse offset (matcher: no matches; phasecorr: {'dx': -15791.779157239504, 'dy': -27484.73946603707, 'support': None, 'n': None, 'peak': 0.0061897425567386324}); windows compared in place
[Coarse] pair 17: no reliable coarse offset (matcher: no matches; phasecorr: {'dx': -66083.54744225116, 'dy': 13836.37775522828, 'support': None, 'n': None, 'peak': 0.011340649922688802}); windows compared in place
[Coarse] pair 23: no reliable coarse offset (matcher: no matches; phasecorr: {'dx': 10626.331712949788, 'dy': 44081.26459194447, 'support': None, 'n': None, 'peak': 0.022681387839493927}); windows compared in place
[Coarse] pair 24: no reliable coarse offset (matcher: no matches; phasecorr: {'dx': -39044.25959720116, 'dy': 27033.45669197513, 'support': None, 'n': None, 'peak': 0.018840152319566702}); windows compared in place
[Coarse] pair 25: no reliable coarse offset (matcher: no matches; phasecorr: {'dx': -2967.3494804437037, 'dy': 31502.918072714525, 'support': None, 'n': None, 'peak': 0.017951171412880038}); windows compared in place
[Coarse] pair 1: phase correlation gave dE=11055 m dN=4646 m, 12.0 km from every offset the matcher measured; using pair 11's (dE=-598 m dN=7844 m)
[Coarse] pair 3: phase correlation gave dE=435 m dN=-3096 m, 10.3 km from every offset the matcher measured; using pair 11's (dE=-598 m dN=7844 m)
[Coarse] pair 6: phase correlation gave dE=-12273 m dN=-1453 m, 12.1 km from every offset the matcher measured; using pair 11's (dE=-598 m dN=7844 m)
[Coarse] pair 13: phase correlation gave dE=1721 m dN=-10079 m, 17.4 km from every offset the matcher measured; using pair 11's (dE=-598 m dN=7844 m)
[Coarse] pair 14: phase correlation gave dE=-2888 m dN=-8958 m, 15.6 km from every offset the matcher measured; using pair 11's (dE=-598 m dN=7844 m)
[Coarse] pair 18: phase correlation gave dE=-752 m dN=-6939 m, 13.8 km from every offset the matcher measured; using pair 16's (dE=-3195 m dN=6615 m)
[Coarse] pair 19: phase correlation gave dE=-28033 m dN=-3217 m, 26.7 km from every offset the matcher measured; using pair 16's (dE=-3195 m dN=6615 m)
[Coarse] pair 20: phase correlation gave dE=-21837 m dN=-4782 m, 21.8 km from every offset the matcher measured; using pair 16's (dE=-3195 m dN=6615 m)
[Coarse] pair 21: phase correlation gave dE=-2511 m dN=-8880 m, 15.5 km from every offset the matcher measured; using pair 16's (dE=-3195 m dN=6615 m)
[Coarse] pair 22: phase correlation gave dE=-12201 m dN=-19785 m, 27.9 km from every offset the matcher measured; using pair 16's (dE=-3195 m dN=6615 m)
[Coarse] imw-xfeat-dense pair 1: dE=-597.5 m dN=7843.7 m (from-pair-11 (phasecorr disagreed), support=None, peak=0.04583818592407085) 
imw-xfeat-dense: Processing pair 1 from disk...
imw-xfeat-dense: 1 match-sets in 0.22s
[Coarse] imw-xfeat-dense pair 2: dE=-597.5 m dN=7843.7 m (from-pair-3, support=None, peak=None) 
imw-xfeat-dense: Processing pair 2 from disk...
imw-xfeat-dense: 1 match-sets in 0.09s
[Coarse] imw-xfeat-dense pair 3: dE=-597.5 m dN=7843.7 m (from-pair-11 (phasecorr disagreed), support=None, peak=0.05141784302982283) 
imw-xfeat-dense: Processing pair 3 from disk...
imw-xfeat-dense: 1 match-sets in 0.10s
[Coarse] imw-xfeat-dense pair 4: dE=-597.5 m dN=7843.7 m (from-pair-6, support=None, peak=None) 
imw-xfeat-dense: Processing pair 4 from disk...
imw-xfeat-dense: 1 match-sets in 0.21s
[Coarse] imw-xfeat-dense pair 5: dE=-597.5 m dN=7843.7 m (from-pair-6, support=None, peak=None) 
imw-xfeat-dense: Processing pair 5 from disk...
imw-xfeat-dense: 1 match-sets in 0.09s
[Coarse] imw-xfeat-dense pair 6: dE=-597.5 m dN=7843.7 m (from-pair-11 (phasecorr disagreed), support=None, peak=0.034774091529846195) 
imw-xfeat-dense: Processing pair 6 from disk...
imw-xfeat-dense: 1 match-sets in 0.08s
[Coarse] imw-xfeat-dense pair 7: dE=-75.1 m dN=5172.3 m (phasecorr@315m, support=None, peak=0.3776031465883608) 
imw-xfeat-dense: Processing pair 7 from disk...
imw-xfeat-dense: 0 match-sets in 0.00s
[Coarse] imw-xfeat-dense pair 8: dE=-1852.3 m dN=5084.1 m (phasecorr@315m, support=None, peak=0.2714075272878011) 
imw-xfeat-dense: Processing pair 8 from disk...
imw-xfeat-dense: 0 match-sets in 0.00s
[Coarse] imw-xfeat-dense pair 9: dE=-75.1 m dN=5172.3 m (from-pair-7, support=None, peak=None) 
imw-xfeat-dense: Processing pair 9 from disk...
imw-xfeat-dense: 0 match-sets in 0.00s
[Coarse] imw-xfeat-dense pair 10: dE=-597.5 m dN=7843.7 m (from-pair-11, support=None, peak=None) 
imw-xfeat-dense: Processing pair 10 from disk...
imw-xfeat-dense: 1 match-sets in 0.43s
[Coarse] imw-xfeat-dense pair 11: dE=-597.5 m dN=7843.7 m (matcher@315m, support=37, peak=None) field 1x1 cells, dE -598..-598 m, dN 7844..7844 m, 0 filled
imw-xfeat-dense: Processing pair 11 from disk...
imw-xfeat-dense: 1 match-sets in 0.27s
[Coarse] imw-xfeat-dense pair 12: dE=-481.3 m dN=8066.5 m (matcher@315m, support=52, peak=None) field 1x1 cells, dE -481..-481 m, dN 8067..8067 m, 0 filled
imw-xfeat-dense: Processing pair 12 from disk...
imw-xfeat-dense: 1 match-sets in 0.18s
[Coarse] imw-xfeat-dense pair 13: dE=-597.5 m dN=7843.7 m (from-pair-11 (phasecorr disagreed), support=None, peak=0.24878289219405916) 
imw-xfeat-dense: Processing pair 13 from disk...
imw-xfeat-dense: 0 match-sets in 0.00s
[Coarse] imw-xfeat-dense pair 14: dE=-597.5 m dN=7843.7 m (from-pair-11 (phasecorr disagreed), support=None, peak=0.35633478768997723) 
imw-xfeat-dense: Processing pair 14 from disk...
imw-xfeat-dense: 0 match-sets in 0.00s
[Coarse] imw-xfeat-dense pair 15: dE=-1824.4 m dN=6963.0 m (matcher@315m, support=33, peak=None) field 1x1 cells, dE -1824..-1824 m, dN 6963..6963 m, 0 filled
imw-xfeat-dense: Processing pair 15 from disk...
imw-xfeat-dense: 1 match-sets in 0.38s
[Coarse] imw-xfeat-dense pair 16: dE=-3195.4 m dN=6615.3 m (matcher@315m, support=67, peak=None) field 1x1 cells, dE -3195..-3195 m, dN 6615..6615 m, 0 filled
imw-xfeat-dense: Processing pair 16 from disk...
imw-xfeat-dense: 1 match-sets in 0.27s
[Coarse] imw-xfeat-dense pair 17: dE=-3195.4 m dN=6615.3 m (from-pair-16, support=None, peak=None) 
imw-xfeat-dense: Processing pair 17 from disk...
imw-xfeat-dense: 1 match-sets in 0.20s
[Coarse] imw-xfeat-dense pair 18: dE=-3195.4 m dN=6615.3 m (from-pair-16 (phasecorr disagreed), support=None, peak=0.2454520107269287) 
imw-xfeat-dense: Processing pair 18 from disk...
imw-xfeat-dense: 0 match-sets in 0.00s
[Coarse] imw-xfeat-dense pair 19: dE=-3195.4 m dN=6615.3 m (from-pair-16 (phasecorr disagreed), support=None, peak=0.11735943231582642) 
imw-xfeat-dense: Processing pair 19 from disk...
imw-xfeat-dense: 0 match-sets in 0.00s
[Coarse] imw-xfeat-dense pair 20: dE=-3195.4 m dN=6615.3 m (from-pair-16 (phasecorr disagreed), support=None, peak=0.04500516567230225) 
imw-xfeat-dense: Processing pair 20 from disk...
imw-xfeat-dense: 0 match-sets in 0.00s
[Coarse] imw-xfeat-dense pair 21: dE=-3195.4 m dN=6615.3 m (from-pair-16 (phasecorr disagreed), support=None, peak=0.03828669300079346) 
imw-xfeat-dense: Processing pair 21 from disk...
imw-xfeat-dense: 0 match-sets in 0.00s
[Coarse] imw-xfeat-dense pair 22: dE=-3195.4 m dN=6615.3 m (from-pair-16 (phasecorr disagreed), support=None, peak=0.04219192933153223) 
imw-xfeat-dense: Processing pair 22 from disk...
imw-xfeat-dense: 1 match-sets in 0.26s
[Coarse] imw-xfeat-dense pair 23: dE=-3195.4 m dN=6615.3 m (from-pair-22, support=None, peak=None) 
imw-xfeat-dense: Processing pair 23 from disk...
imw-xfeat-dense: 1 match-sets in 0.18s
[Coarse] imw-xfeat-dense pair 24: dE=-3195.4 m dN=6615.3 m (from-pair-22, support=None, peak=None) 
imw-xfeat-dense: Processing pair 24 from disk...
imw-xfeat-dense: 1 match-sets in 0.22s
[Coarse] imw-xfeat-dense pair 25: dE=-3195.4 m dN=6615.3 m (from-pair-22, support=None, peak=None) 
imw-xfeat-dense: Processing pair 25 from disk...
imw-xfeat-dense: 1 match-sets in 0.10s
Saved:
 CHIP_STATS_ALL.csv
 CHIP_STATS_SURVIVORS.csv
 CONSENSUS_SCORES.csv
 BEST_CHIP_SET.csv
 BEST_CHIP_MANIFEST.csv
 BEST_FINAL_SUMMARY.csv
[band1] imw-xfeat-dense ok in 0.3 min, peak GPU memory 0.8 of 15.6 GB
[imw-xfeat-dense] Model unloaded.
================================================================================
ALL CHANNELS COMPLETE
================================================================================
[Truth] 7 ground-truth point(s); tool error from a local plane through its matches within 2 km (else its error surface); consensus chips. Best detector + matcher:
    # channel  detector                   matcher setting          RMSE m  bias dE  bias dN    max m  reached  s/window
    1 band1    imw-roma                   internal internal magsac630   1411.9    384.7   -609.4   2628.6    6/7        1.2
    2 band1    imw-dkm                    internal internal lmeds630   3686.8   1117.7  -1384.8   8649.6    6/7        1.3
    3 band1    imw-xfeat-lg               internal internal lmeds630   4611.6     31.1  -1417.7   6818.4    4/7        0.2
    4 band1    imw-liftfeat-nn            internal internal lmeds630   4872.3  -1463.7     36.4   7268.0    5/7        0.2
    5 band1    imw-gim-roma               internal internal magsac630   5154.8    906.8  -1252.4   9371.3    5/7        1.2
    6 band1    keynet                     ada     ada lmeds630     5423.6   1449.3  -1974.2   9360.7    4/7        0.2
    7 band1    disk_depth                 ada     ada lmeds630     5633.6   2920.0   -988.9   9122.6    4/7        0.1
    8 band1    imw-rdd-nn                 internal internal magsac630   5652.3   1827.2   -717.2   9666.2    5/7        0.6
    9 band1    dedode_L-C4_B-C4           fginn   fginn_fm1 lmeds630   5729.0    943.9  -3606.5   7443.4    4/7        0.3
   10 band1    imw-minima-roma            internal internal lmeds630   5972.4   1537.4   -820.4  10935.8    7/7        1.2
   11 band1    dog_hardnet                ada     ada magsac630    6126.3  -2261.3   2461.4  10686.2    5/7        0.1
   12 band1    sift                       ada     ada lmeds630     6173.8   1350.4   -269.1   9845.0    4/7        0.1
   13 band1    dedode_L-C4_B-upright      mnn     mnn lmeds630     6560.8  -2833.2  -2046.6   9639.6    5/7        0.2
   14 band1    imw-sfd2-nn                internal internal lmeds630   6734.5   2730.7  -1180.6  10595.3    5/7        0.3
   15 band1    imw-xoftr                  internal internal lmeds630   6916.2    470.6   -565.9  11315.3    4/7        0.2
   16 band1    imw-dad-roma               internal internal magsac630   8122.6  -1760.9  -3217.9  10568.4    4/7        1.2
   17 band1    sift                       mnn     mnn lmeds630     8205.5   2923.4  -3926.1  13645.9    5/7        0.1
   18 band1    imw-xfeat-dense            internal internal magsac630   8710.9  -5528.3  -4685.9  11158.1    4/7        0.2
   19 band1    hessian                    ada     ada lmeds630     8772.7  -1935.9  -2508.2  10139.8    5/7        0.1
   20 band1    keynet                     mnn     mnn lmeds630     9065.4   1062.4  -7507.1  12069.3    4/7        0.2
[Truth] best for band1: imw-roma + internal magsac630 -> /maintenance/ICIGDev/GPUPOC/output/output328/RIVAL_TRUTH_BEST_band1.csv
[Job] detector + matcher performance (PERFORMANCE.csv):
  channel  detector                   matcher       s/window  chips  inliers  truth RMSE m  reached  GPU GB
  band1    imw-roma                   internal          1.18     16    13657        1411.9      6/7     5.3
  band1    imw-dkm                    internal          1.25     15    18073        3686.8      6/7     7.3
  band1    imw-xfeat-lg               internal          0.24     10     1577        4611.6      4/7     0.5
  band1    imw-liftfeat-nn            internal          0.22     13      514        4872.3      5/7     1.7
  band1    imw-gim-roma               internal          1.16     16     9823        5154.8      5/7     5.3
  band1    keynet                     ada               0.19     15     3753        5423.6      4/7     1.6
  band1    disk_depth                 ada               0.13     14     7551        5633.6      4/7     0.7
  band1    imw-rdd-nn                 internal          0.59     15     7202        5652.3      5/7     5.7
  band1    dedode_L-C4_B-C4           fginn_fm1         0.33      8     1012        5729.0      4/7     8.0
  band1    imw-minima-roma            internal          1.23     16    12701        5972.4      7/7     5.3
  band1    dog_hardnet                ada               0.11     16     4773        6126.3      5/7     2.0
  band1    sift                       ada               0.12     13     3983        6173.8      4/7     2.0
  band1    dedode_L-C4_B-upright      mnn               0.24     16     4876        6560.8      5/7     9.8
  band1    imw-sfd2-nn                internal          0.29      6      197        6734.5      5/7     0.8
  band1    imw-xoftr                  internal          0.25     14     1927        6916.2      4/7     1.1
  band1    imw-dad-roma               internal          1.21     16     1154        8122.6      4/7     4.7
  band1    sift                       mnn               0.09     16     1607        8205.5      5/7     2.0
  band1    imw-xfeat-dense            internal          0.20      7      199        8710.9      4/7     0.8
  band1    hessian                    ada               0.15     16     7287        8772.7      5/7     2.5
  band1    keynet                     mnn               0.17     16     2178        9065.4      4/7     1.6
  band1    imw-gim-dkm                internal          1.95     16    15427        9181.6      5/7    12.8
  band1    dedode_L-upright_B-C4      mnn               0.23     15     4513        9506.4      6/7    10.9
  band1    hessian                    mnn               0.14     16     5483        9536.8      4/7     2.5
  band1    dedode_L-C4-v2_B-upright   mnn               0.37     16     3919        9864.5      5/7    11.8
  band1    imw-lanet-nn               internal          0.17      9      146       10524.7      5/7     0.4
  band1    dedode_L-upright_B-upright ada               0.28     16     2442       11514.5      5/7    11.5
  band1    dedode_L-C4-v2_B-C4        mnn               0.25     16     4085       11605.2      5/7    11.8
  band1    disk_depth                 lgm               0.13     14     2194       12915.8      5/7     0.7
  band1    dedode_L-upright_B-upright mnn               0.23     16     4309       13269.4      5/7    11.5
  band1    loftr                      loftr_internal      0.16     16     2956       14553.4      5/7     0.8
  band1    dedode_L-C4_B-upright      fginn_fm1         0.27     10      437       14980.6      4/7     9.8
  band1    disk_epipolar              nn                0.15     16    37935       15526.1      4/7     0.7
  band1    dedode_L-C4_B-C4           mnn               0.33     16     5908       15723.1      5/7     8.0
  band1    dedode_L-C4-v2_B-C4        nn                0.40     16   181148       17734.2      5/7    11.8
  band1    dog_hardnet                lgm               0.13     12     1764       18227.2      4/7     2.0
  band1    dog_hardnet                mnn               0.11     16     4832       18386.1      5/7     2.0
  band1    hessian                    nn                0.17     16    35781       18868.2      5/7     2.5
  band1    dedode_L-C4_B-C4           ada               0.35     16    14605       18908.6      5/7     8.0
  band1    dedode_L-C4_B-upright      ada               0.28     16    11273       19083.6      5/7     9.8
  band1    keynet                     nn                0.19     16    18995       19652.3      5/7     1.6
[Job] consensus pick for band1: dedode_L-C4-v2_B-upright win2048_nfauto (mean dE -9949.9 m, dN -20517.0 m, CE90 117801.1 m) -> /maintenance/ICIGDev/GPUPOC/output/output328/RIVAL_CONSENSUS_BEST_cog_band1.csv
[Job] best for band1 by ground truth: imw-roma + internal magsac630 win2048_nfauto (truth RMSE 1411.9 m) -> /maintenance/ICIGDev/GPUPOC/output/output328/RIVAL_BEST_cog_band1.csv
[Job] done in 27.1 min; manifest /maintenance/ICIGDev/GPUPOC/output/output328/RUN_MANIFEST.csv
