[Coarse] loftr pair 29: dE=-38619.1 m dN=100113.5 m (matcher@315m, support=38, peak=None) 
loftr: Processing pair 29 from disk...
loftr: 1 match-sets in 0.09s
[Coarse] loftr pair 30: dE=-86678.4 m dN=-97415.3 m (from-pair-31, support=None, peak=None) 
loftr: Processing pair 30 from disk...
loftr: 0 match-sets in 0.00s
[Coarse] loftr pair 31: dE=-86678.4 m dN=-97415.3 m (from-pair-24 (phasecorr disagreed), support=None, peak=0.11020252078648948) 
loftr: Processing pair 31 from disk...
loftr: 0 match-sets in 0.00s
[Coarse] loftr pair 32: dE=57956.2 m dN=-93309.0 m (matcher@315m, support=49, peak=None) 
loftr: Processing pair 32 from disk...
loftr: 1 match-sets in 0.10s
[Coarse] loftr pair 33: dE=58914.6 m dN=-93285.7 m (matcher@315m, support=53, peak=None) 
loftr: Processing pair 33 from disk...
loftr: 1 match-sets in 0.10s
[Coarse] loftr pair 34: dE=91696.8 m dN=10694.2 m (matcher@315m, support=63, peak=None) 
loftr: Processing pair 34 from disk...
loftr: 1 match-sets in 0.48s
[Coarse] loftr pair 35: dE=93206.1 m dN=10713.1 m (matcher@315m, support=77, peak=None) 
loftr: Processing pair 35 from disk...
loftr: 1 match-sets in 0.12s
[Coarse] loftr pair 36: dE=98820.4 m dN=80615.9 m (matcher@315m, support=46, peak=None) 
loftr: Processing pair 36 from disk...
loftr: 1 match-sets in 0.29s
[Coarse] loftr pair 37: dE=99130.9 m dN=80505.8 m (matcher@315m, support=36, peak=None) 
loftr: Processing pair 37 from disk...
loftr: 1 match-sets in 0.06s
[Coarse] loftr pair 38: dE=90805.0 m dN=-93376.3 m (from-pair-39, support=None, peak=None) 
loftr: Processing pair 38 from disk...
loftr: 0 match-sets in 0.00s
[Coarse] loftr pair 39: dE=90805.0 m dN=-93376.3 m (from-pair-40 (phasecorr disagreed), support=None, peak=0.37484617568828443) 
loftr: Processing pair 39 from disk...
loftr: 0 match-sets in 0.00s
[Coarse] loftr pair 40: dE=90805.0 m dN=-93376.3 m (matcher@315m, support=13, peak=None) 
loftr: Processing pair 40 from disk...
loftr: 1 match-sets in 0.22s
[Coarse] loftr pair 41: dE=90586.5 m dN=-93638.2 m (matcher@315m, support=13, peak=None) 
loftr: Processing pair 41 from disk...
loftr: 1 match-sets in 0.21s
[Coarse] loftr pair 42: dE=100701.0 m dN=22546.1 m (matcher@315m, support=17, peak=None) 
loftr: Processing pair 42 from disk...
loftr: 1 match-sets in 0.31s
[Coarse] loftr pair 43: dE=100584.9 m dN=22107.5 m (matcher@315m, support=11, peak=None) 
loftr: Processing pair 43 from disk...
loftr: 1 match-sets in 0.32s
[Coarse] loftr pair 44: dE=-66700.2 m dN=27164.4 m (phasecorr@315m, support=None, peak=0.060047009852197436) 
loftr: Processing pair 44 from disk...
loftr: 0 match-sets in 0.00s
[Coarse] loftr pair 45: dE=100794.5 m dN=68114.4 m (matcher@315m, support=11, peak=None) 
loftr: Processing pair 45 from disk...
loftr: 1 match-sets in 0.15s
Saved:
 CHIP_STATS_ALL.csv
 CHIP_STATS_SURVIVORS.csv
 CONSENSUS_SCORES.csv
 BEST_CHIP_SET.csv
 BEST_CHIP_MANIFEST.csv
 BEST_FINAL_SUMMARY.csv
[band3] loftr ok in 0.4 min, peak GPU memory 2.0 of 15.6 GB
--------------------------------------------------------------------------------
[band3] Running loftr-windoor
LoFTR: Initializing model (indoor weights, coarse threshold 0.2)...
[band3] loftr-windoor SKIPPED -- model not available (see message above)
[band3] loftr-windoor failed in 0.0 min, peak GPU memory 0.0 of 15.6 GB
--------------------------------------------------------------------------------
[band3] Running loftr-windoornew
LoFTR: Initializing model (indoor_new weights, coarse threshold 0.2)...
[band3] loftr-windoornew SKIPPED -- model not available (see message above)
[band3] loftr-windoornew failed in 0.0 min, peak GPU memory 0.0 of 15.6 GB
--------------------------------------------------------------------------------
[band3] Running imw-sp-lg-kt0p2
[imw-sp-lg] Loading model...
Loaded SuperPoint model
[imw-sp-lg-kt0p2] warm-up on a synthetic pair failed (IndexError: max(): Expected reduction dim 1 to have non-zero size.) -- carrying on with the real windows
[Coarse] pair 1: no reliable coarse offset (matcher: no matches; phasecorr: {'dx': 72221.31426491275, 'dy': -10662.850823270848, 'support': None, 'n': None, 'peak': 0.02032967514970684}); windows compared in place
[Coarse] pair 2: no reliable coarse offset (matcher: no matches; phasecorr: {'dx': 65394.283402378176, 'dy': -25649.46980266543, 'support': None, 'n': None, 'peak': 0.022622975002173116}); windows compared in place
[Coarse] pair 3: no reliable coarse offset (matcher: no matches; phasecorr: {'dx': -84951.32174473844, 'dy': -16333.25546038059, 'support': None, 'n': None, 'peak': 0.023098598562204843}); windows compared in place
[Coarse] pair 4: no reliable coarse offset (matcher: no matches; phasecorr: {'dx': -71296.19311950017, 'dy': -18548.86611268403, 'support': None, 'n': None, 'peak': 0.02308651422222401}); windows compared in place
[Coarse] pair 5: no reliable coarse offset (matcher: no matches; phasecorr: {'dx': -66471.0041660463, 'dy': 19677.698496104596, 'support': None, 'n': None, 'peak': 0.0007051175513875827}); windows compared in place
[Coarse] pair 6: no reliable coarse offset (matcher: no matches; phasecorr: {'dx': -63117.55771771344, 'dy': 45344.79793689909, 'support': None, 'n': None, 'peak': 0.016527041937588666}); windows compared in place
[Coarse] pair 9: no reliable coarse offset (matcher: no matches; phasecorr: {'dx': -16699.175274071407, 'dy': 24436.94053537555, 'support': None, 'n': None, 'peak': -0.010903077867296006}); windows compared in place
[Coarse] pair 11: no reliable coarse offset (matcher: no matches; phasecorr: {'dx': -17156.568569433253, 'dy': 26769.77008011288, 'support': None, 'n': None, 'peak': -0.005567667855156793}); windows compared in place
[Coarse] pair 12: no reliable coarse offset (matcher: no matches; phasecorr: {'dx': -54138.7373906018, 'dy': -62739.11738734777, 'support': None, 'n': None, 'peak': 0.019588654039171007}); windows compared in place
[Coarse] pair 13: no reliable coarse offset (matcher: no matches; phasecorr: {'dx': -3843.534072827219, 'dy': -91640.0194769223, 'support': None, 'n': None, 'peak': 0.015414013681642857}); windows compared in place
[Coarse] pair 15: no reliable coarse offset (matcher: no matches; phasecorr: {'dx': -94939.8559147267, 'dy': -82659.23661442024, 'support': None, 'n': None, 'peak': 0.008939644289605411}); windows compared in place
[Coarse] pair 16: no reliable coarse offset (matcher: no matches; phasecorr: {'dx': -60639.28459076655, 'dy': -33832.56066827953, 'support': None, 'n': None, 'peak': 0.007406430218281896}); windows compared in place
[Coarse] pair 17: no reliable coarse offset (matcher: no matches; phasecorr: {'dx': -75606.28869913492, 'dy': -40258.11314932236, 'support': None, 'n': None, 'peak': 0.002259464960529971}); windows compared in place
[Coarse] pair 18: no reliable coarse offset (matcher: no matches; phasecorr: {'dx': -47574.86505103309, 'dy': 30736.089922927127, 'support': None, 'n': None, 'peak': -0.005526255078658046}); windows compared in place
[Coarse] pair 19: no reliable coarse offset (matcher: no matches; phasecorr: {'dx': -134048.08681427932, 'dy': 22202.75100943282, 'support': None, 'n': None, 'peak': 0.01199757972153889}); windows compared in place
[Coarse] pair 20: no reliable coarse offset (matcher: no matches; phasecorr: {'dx': -51737.17622911178, 'dy': 31055.668515360256, 'support': None, 'n': None, 'peak': -0.013213375402903196}); windows compared in place
[Coarse] pair 22: no reliable coarse offset (matcher: no matches; phasecorr: {'dx': -22501.36818549658, 'dy': 56480.21235681643, 'support': None, 'n': None, 'peak': -0.0038632059607486176}); windows compared in place
[Coarse] pair 23: no reliable coarse offset (matcher: no matches; phasecorr: {'dx': -38768.62470648129, 'dy': 60272.71480887387, 'support': None, 'n': None, 'peak': 0.018053494174784593}); windows compared in place
[Coarse] pair 24: no reliable coarse offset (matcher: no matches; phasecorr: {'dx': 5060.875137458928, 'dy': -132702.46963164263, 'support': None, 'n': None, 'peak': 0.004566593000623915}); windows compared in place
[Coarse] pair 25: no reliable coarse offset (matcher: no matches; phasecorr: {'dx': 19115.97600195751, 'dy': -87876.18077077619, 'support': None, 'n': None, 'peak': 0.014515514945983887}); windows compared in place
[Coarse] pair 26: no reliable coarse offset (matcher: no matches; phasecorr: {'dx': -25110.617324353138, 'dy': -110321.271036598, 'support': None, 'n': None, 'peak': 0.028688357883029515}); windows compared in place
[Coarse] pair 27: no reliable coarse offset (matcher: no matches; phasecorr: {'dx': -24618.815192443915, 'dy': -51702.316299651786, 'support': None, 'n': None, 'peak': 0.024773373663302803}); windows compared in place
[Coarse] pair 28: no reliable coarse offset (matcher: no matches; phasecorr: {'dx': -34345.520193795004, 'dy': -31836.47230271583, 'support': None, 'n': None, 'peak': 0.007815724782982971}); windows compared in place
[Coarse] pair 29: no reliable coarse offset (matcher: no matches; phasecorr: {'dx': -23015.789594526494, 'dy': 27033.23829875427, 'support': None, 'n': None, 'peak': -0.010339975127467402}); windows compared in place
[Coarse] pair 30: no reliable coarse offset (matcher: no matches; phasecorr: {'dx': 44341.741084490575, 'dy': 33964.32140920293, 'support': None, 'n': None, 'peak': 0.012143600762135697}); windows compared in place
[Coarse] pair 32: no reliable coarse offset (matcher: no matches; phasecorr: {'dx': 76928.68966913699, 'dy': -17747.191922768525, 'support': None, 'n': None, 'peak': 0.018933949931462607}); windows compared in place
[Coarse] pair 33: no reliable coarse offset (matcher: no matches; phasecorr: {'dx': 76984.7825803246, 'dy': -17783.154749211222, 'support': None, 'n': None, 'peak': 0.01788282951116562}); windows compared in place
[Coarse] pair 36: no reliable coarse offset (matcher: no matches; phasecorr: {'dx': 19637.281743784188, 'dy': 28659.270855444367, 'support': None, 'n': None, 'peak': 0.011020430701750296}); windows compared in place
[Coarse] pair 37: no reliable coarse offset (matcher: no matches; phasecorr: {'dx': 7507.0015977467065, 'dy': 32833.49977892313, 'support': None, 'n': None, 'peak': 0.0048901353058991605}); windows compared in place
[Coarse] pair 38: no reliable coarse offset (matcher: IndexError: max(): Expected reduction dim 1 to have non-zero size.; phasecorr: {'dx': 23247.53686111282, 'dy': 17041.62175906921, 'support': None, 'n': None, 'peak': 0.019549365950219427}); windows compared in place
[Coarse] pair 43: no reliable coarse offset (matcher: no matches; phasecorr: {'dx': 59869.22805112187, 'dy': -96325.01557673489, 'support': None, 'n': None, 'peak': 0.00793376685672336}); windows compared in place
[Coarse] WARNING: imw-sp-lg-kt0p2: the pairs' coarse offsets differ by up to 148 km, more than one image moves from place to place. Pairs with a wrong offset match the wrong ground (the chip consensus drops them when they are few); if most pairs disagree, check the input's pixel size and window size.
[Coarse] imw-sp-lg-kt0p2 pair 1: dE=-30060.9 m dN=24674.4 m (from-pair-7, support=None, peak=None) 
imw-sp-lg-kt0p2: Processing pair 1 from disk...
imw-sp-lg-kt0p2: 0 match-sets in 0.00s
[Coarse] imw-sp-lg-kt0p2 pair 2: dE=-30060.9 m dN=24674.4 m (from-pair-7, support=None, peak=None) 
imw-sp-lg-kt0p2: Processing pair 2 from disk...
imw-sp-lg-kt0p2: 0 match-sets in 0.00s
[Coarse] imw-sp-lg-kt0p2 pair 3: dE=73258.3 m dN=-12396.0 m (from-pair-14, support=None, peak=None) 
imw-sp-lg-kt0p2: Processing pair 3 from disk...
imw-sp-lg-kt0p2: 0 match-sets in 0.00s
[Coarse] imw-sp-lg-kt0p2 pair 4: dE=73258.3 m dN=-12396.0 m (from-pair-14, support=None, peak=None) 
imw-sp-lg-kt0p2: Processing pair 4 from disk...
imw-sp-lg-kt0p2: 0 match-sets in 0.00s
[Coarse] imw-sp-lg-kt0p2 pair 5: dE=73258.3 m dN=-12396.0 m (from-pair-14, support=None, peak=None) 
imw-sp-lg-kt0p2: Processing pair 5 from disk...
imw-sp-lg-kt0p2: 0 match-sets in 0.00s
[Coarse] imw-sp-lg-kt0p2 pair 6: dE=73258.3 m dN=-12396.0 m (from-pair-14, support=None, peak=None) 
imw-sp-lg-kt0p2: Processing pair 6 from disk...
imw-sp-lg-kt0p2: 0 match-sets in 0.00s
[Coarse] imw-sp-lg-kt0p2 pair 7: dE=-30060.9 m dN=24674.4 m (phasecorr@315m, support=None, peak=0.07485453462600708) 
imw-sp-lg-kt0p2: Processing pair 7 from disk...
imw-sp-lg-kt0p2: 0 match-sets in 0.00s
[Coarse] imw-sp-lg-kt0p2 pair 8: dE=-34085.2 m dN=23031.2 m (phasecorr@315m, support=None, peak=0.048964771058824325) 
imw-sp-lg-kt0p2: Processing pair 8 from disk...
imw-sp-lg-kt0p2: 0 match-sets in 0.00s
[Coarse] imw-sp-lg-kt0p2 pair 9: dE=-35432.1 m dN=24320.0 m (from-pair-10, support=None, peak=None) 
imw-sp-lg-kt0p2: Processing pair 9 from disk...
imw-sp-lg-kt0p2: 0 match-sets in 0.00s
[Coarse] imw-sp-lg-kt0p2 pair 10: dE=-35432.1 m dN=24320.0 m (phasecorr@315m, support=None, peak=0.12360441419813369) 
imw-sp-lg-kt0p2: Processing pair 10 from disk...
imw-sp-lg-kt0p2: 0 match-sets in 0.00s
[Coarse] imw-sp-lg-kt0p2 pair 11: dE=-34085.2 m dN=23031.2 m (from-pair-8, support=None, peak=None) 
imw-sp-lg-kt0p2: Processing pair 11 from disk...
imw-sp-lg-kt0p2: 0 match-sets in 0.00s
[Coarse] imw-sp-lg-kt0p2 pair 12: dE=73258.3 m dN=-12396.0 m (from-pair-14, support=None, peak=None) 
imw-sp-lg-kt0p2: Processing pair 12 from disk...
imw-sp-lg-kt0p2: 0 match-sets in 0.17s
[Coarse] imw-sp-lg-kt0p2 pair 13: dE=73258.3 m dN=-12396.0 m (from-pair-14, support=None, peak=None) 
imw-sp-lg-kt0p2: Processing pair 13 from disk...
imw-sp-lg-kt0p2: 0 match-sets in 0.12s
[Coarse] imw-sp-lg-kt0p2 pair 14: dE=73258.3 m dN=-12396.0 m (phasecorr@315m, support=None, peak=0.0750410366821289) 
imw-sp-lg-kt0p2: Processing pair 14 from disk...
imw-sp-lg-kt0p2: 0 match-sets in 0.17s
[Coarse] imw-sp-lg-kt0p2 pair 15: dE=73258.3 m dN=-12396.0 m (from-pair-14, support=None, peak=None) 
imw-sp-lg-kt0p2: Processing pair 15 from disk...
imw-sp-lg-kt0p2: 0 match-sets in 0.24s
[Coarse] imw-sp-lg-kt0p2 pair 16: dE=73258.3 m dN=-12396.0 m (from-pair-14, support=None, peak=None) 
imw-sp-lg-kt0p2: Processing pair 16 from disk...
imw-sp-lg-kt0p2: 0 match-sets in 0.17s
[Coarse] imw-sp-lg-kt0p2 pair 17: dE=73258.3 m dN=-12396.0 m (from-pair-14, support=None, peak=None) 
imw-sp-lg-kt0p2: Processing pair 17 from disk...
imw-sp-lg-kt0p2: 0 match-sets in 0.17s
[Coarse] imw-sp-lg-kt0p2 pair 18: dE=73258.3 m dN=-12396.0 m (from-pair-14, support=None, peak=None) 
imw-sp-lg-kt0p2: Processing pair 18 from disk...
imw-sp-lg-kt0p2: 0 match-sets in 0.15s
[Coarse] imw-sp-lg-kt0p2 pair 19: dE=73258.3 m dN=-12396.0 m (from-pair-14, support=None, peak=None) 
imw-sp-lg-kt0p2: Processing pair 19 from disk...
imw-sp-lg-kt0p2: 0 match-sets in 0.11s
[Coarse] imw-sp-lg-kt0p2 pair 20: dE=73258.3 m dN=-12396.0 m (from-pair-14, support=None, peak=None) 
imw-sp-lg-kt0p2: Processing pair 20 from disk...
imw-sp-lg-kt0p2: 0 match-sets in 0.11s
[Coarse] imw-sp-lg-kt0p2 pair 21: dE=-34651.5 m dN=64354.3 m (phasecorr@315m, support=None, peak=0.03061729173699524) 
imw-sp-lg-kt0p2: Processing pair 21 from disk...
imw-sp-lg-kt0p2: 0 match-sets in 0.00s
[Coarse] imw-sp-lg-kt0p2 pair 22: dE=-34651.5 m dN=64354.3 m (from-pair-21, support=None, peak=None) 
imw-sp-lg-kt0p2: Processing pair 22 from disk...
imw-sp-lg-kt0p2: 0 match-sets in 0.00s
[Coarse] imw-sp-lg-kt0p2 pair 23: dE=-34651.5 m dN=64354.3 m (from-pair-21, support=None, peak=None) 
imw-sp-lg-kt0p2: Processing pair 23 from disk...
imw-sp-lg-kt0p2: 0 match-sets in 0.00s
[Coarse] imw-sp-lg-kt0p2 pair 24: dE=75555.3 m dN=-16017.9 m (from-pair-34, support=None, peak=None) 
imw-sp-lg-kt0p2: Processing pair 24 from disk...
imw-sp-lg-kt0p2: 1 match-sets in 0.37s
[Coarse] imw-sp-lg-kt0p2 pair 25: dE=75555.3 m dN=-16017.9 m (from-pair-34, support=None, peak=None) 
imw-sp-lg-kt0p2: Processing pair 25 from disk...
imw-sp-lg-kt0p2: 0 match-sets in 0.24s
[Coarse] imw-sp-lg-kt0p2 pair 26: dE=75555.3 m dN=-16017.9 m (from-pair-34, support=None, peak=None) 
imw-sp-lg-kt0p2: Processing pair 26 from disk...
imw-sp-lg-kt0p2: 0 match-sets in 0.24s
[Coarse] imw-sp-lg-kt0p2 pair 27: dE=75555.3 m dN=-16017.9 m (from-pair-34, support=None, peak=None) 
imw-sp-lg-kt0p2: Processing pair 27 from disk...
imw-sp-lg-kt0p2: 0 match-sets in 0.28s
[Coarse] imw-sp-lg-kt0p2 pair 28: dE=75555.3 m dN=-16017.9 m (from-pair-34, support=None, peak=None) 
imw-sp-lg-kt0p2: Processing pair 28 from disk...
imw-sp-lg-kt0p2: 0 match-sets in 0.40s
[Coarse] imw-sp-lg-kt0p2 pair 29: dE=75555.3 m dN=-16017.9 m (from-pair-34, support=None, peak=None) 
imw-sp-lg-kt0p2: Processing pair 29 from disk...
imw-sp-lg-kt0p2: 0 match-sets in 0.01s
[Coarse] imw-sp-lg-kt0p2 pair 30: dE=29320.3 m dN=32717.6 m (from-pair-31, support=None, peak=None) 
imw-sp-lg-kt0p2: Processing pair 30 from disk...
imw-sp-lg-kt0p2: 0 match-sets in 0.00s
[Coarse] imw-sp-lg-kt0p2 pair 31: dE=29320.3 m dN=32717.6 m (phasecorr@315m, support=None, peak=0.11020252078648948) 
imw-sp-lg-kt0p2: Processing pair 31 from disk...
imw-sp-lg-kt0p2: 0 match-sets in 0.00s
[Coarse] imw-sp-lg-kt0p2 pair 32: dE=75555.3 m dN=-16017.9 m (from-pair-34, support=None, peak=None) 
imw-sp-lg-kt0p2: Processing pair 32 from disk...
imw-sp-lg-kt0p2: 1 match-sets in 0.36s
[Coarse] imw-sp-lg-kt0p2 pair 33: dE=75555.3 m dN=-16017.9 m (from-pair-34, support=None, peak=None) 
imw-sp-lg-kt0p2: Processing pair 33 from disk...
imw-sp-lg-kt0p2: 0 match-sets in 0.22s
[Coarse] imw-sp-lg-kt0p2 pair 34: dE=75555.3 m dN=-16017.9 m (phasecorr@315m, support=None, peak=0.06293188095092773) 
imw-sp-lg-kt0p2: Processing pair 34 from disk...
imw-sp-lg-kt0p2: 0 match-sets in 0.22s
[Coarse] imw-sp-lg-kt0p2 pair 35: dE=75568.1 m dN=-15961.2 m (phasecorr@315m, support=None, peak=0.0629165448612637) 
imw-sp-lg-kt0p2: Processing pair 35 from disk...
imw-sp-lg-kt0p2: 1 match-sets in 0.27s
[Coarse] imw-sp-lg-kt0p2 pair 36: dE=75568.1 m dN=-15961.2 m (from-pair-35, support=None, peak=None) 
imw-sp-lg-kt0p2: Processing pair 36 from disk...
imw-sp-lg-kt0p2: 0 match-sets in 0.18s
[Coarse] imw-sp-lg-kt0p2 pair 37: dE=75568.1 m dN=-15961.2 m (from-pair-35, support=None, peak=None) 
imw-sp-lg-kt0p2: Processing pair 37 from disk...
imw-sp-lg-kt0p2: 0 match-sets in 0.13s
[Coarse] imw-sp-lg-kt0p2 pair 38: dE=10133.5 m dN=16958.4 m (from-pair-39, support=None, peak=None) 
imw-sp-lg-kt0p2: Processing pair 38 from disk...
imw-sp-lg-kt0p2: 0 match-sets in 0.00s
[Coarse] imw-sp-lg-kt0p2 pair 39: dE=10133.5 m dN=16958.4 m (phasecorr@315m, support=None, peak=0.37484617568828443) 
imw-sp-lg-kt0p2: Processing pair 39 from disk...
imw-sp-lg-kt0p2: 0 match-sets in 0.00s
[Coarse] imw-sp-lg-kt0p2 pair 40: dE=76842.6 m dN=-18012.8 m (phasecorr@315m, support=None, peak=0.16032237420847387) 
imw-sp-lg-kt0p2: Processing pair 40 from disk...
imw-sp-lg-kt0p2: 0 match-sets in 0.18s
[Coarse] imw-sp-lg-kt0p2 pair 41: dE=76821.7 m dN=-17970.8 m (phasecorr@315m, support=None, peak=0.1293754681834468) 
imw-sp-lg-kt0p2: Processing pair 41 from disk...
imw-sp-lg-kt0p2: 0 match-sets in 0.11s
[Coarse] imw-sp-lg-kt0p2 pair 42: dE=71418.1 m dN=-83226.9 m (phasecorr@315m, support=None, peak=0.04043954435560439) 
imw-sp-lg-kt0p2: Processing pair 42 from disk...
imw-sp-lg-kt0p2: 0 match-sets in 0.14s
[Coarse] imw-sp-lg-kt0p2 pair 43: dE=71418.1 m dN=-83226.9 m (from-pair-42, support=None, peak=None) 
imw-sp-lg-kt0p2: Processing pair 43 from disk...
imw-sp-lg-kt0p2: 0 match-sets in 0.08s
[Coarse] imw-sp-lg-kt0p2 pair 44: dE=-66700.2 m dN=27164.4 m (phasecorr@315m, support=None, peak=0.060047009852197436) 
imw-sp-lg-kt0p2: Processing pair 44 from disk...
imw-sp-lg-kt0p2: 0 match-sets in 0.00s
[Coarse] imw-sp-lg-kt0p2 pair 45: dE=-65468.5 m dN=11952.3 m (phasecorr@315m, support=None, peak=0.062489196923861616) 
imw-sp-lg-kt0p2: Processing pair 45 from disk...
imw-sp-lg-kt0p2: 0 match-sets in 0.00s
Saved:
 CHIP_STATS_ALL.csv
 CHIP_STATS_SURVIVORS.csv
 CONSENSUS_SCORES.csv
 BEST_CHIP_SET.csv
 BEST_CHIP_MANIFEST.csv
 BEST_FINAL_SUMMARY.csv
[band3] imw-sp-lg-kt0p2 ok in 0.3 min, peak GPU memory 1.3 of 15.6 GB
[imw-sp-lg] Model unloaded.
--------------------------------------------------------------------------------
[band3] Running imw-aliked-lg-kt0p2
[imw-aliked-lg] Loading model...
[Coarse] pair 1: no reliable coarse offset (matcher: no matches; phasecorr: {'dx': 72221.31426491275, 'dy': -10662.850823270848, 'support': None, 'n': None, 'peak': 0.02032967514970684}); windows compared in place
[Coarse] pair 2: no reliable coarse offset (matcher: no matches; phasecorr: {'dx': 65394.283402378176, 'dy': -25649.46980266543, 'support': None, 'n': None, 'peak': 0.022622975002173116}); windows compared in place
[Coarse] pair 3: no reliable coarse offset (matcher: {'dx': -99849.07356262207, 'dy': 16300.250244140625, 'support': 2, 'n': 3, 'peak': None}; phasecorr: {'dx': -84951.32174473844, 'dy': -16333.25546038059, 'support': None, 'n': None, 'peak': 0.023098598562204843}); windows compared in place
[Coarse] pair 4: no reliable coarse offset (matcher: {'dx': -100019.95491027832, 'dy': 14395.72494506836, 'support': 1, 'n': 3, 'peak': None}; phasecorr: {'dx': -71296.19311950017, 'dy': -18548.86611268403, 'support': None, 'n': None, 'peak': 0.02308651422222401}); windows compared in place
[Coarse] pair 5: no reliable coarse offset (matcher: {'dx': -88669.63411331177, 'dy': 61194.844665527344, 'support': 1, 'n': 6, 'peak': None}; phasecorr: {'dx': -66471.0041660463, 'dy': 19677.698496104596, 'support': None, 'n': None, 'peak': 0.0007051175513875827}); windows compared in place
[Coarse] pair 6: no reliable coarse offset (matcher: {'dx': -84000.32183647156, 'dy': 93440.45104980469, 'support': 1, 'n': 5, 'peak': None}; phasecorr: {'dx': -63117.55771771344, 'dy': 45344.79793689909, 'support': None, 'n': None, 'peak': 0.016527041937588666}); windows compared in place
[Coarse] pair 9: no reliable coarse offset (matcher: no matches; phasecorr: {'dx': -16699.175274071407, 'dy': 24436.94053537555, 'support': None, 'n': None, 'peak': -0.010903077867296006}); windows compared in place
[Coarse] pair 11: no reliable coarse offset (matcher: no matches; phasecorr: {'dx': -17156.568569433253, 'dy': 26769.77008011288, 'support': None, 'n': None, 'peak': -0.005567667855156793}); windows compared in place
[Coarse] pair 12: no reliable coarse offset (matcher: no matches; phasecorr: {'dx': -54138.7373906018, 'dy': -62739.11738734777, 'support': None, 'n': None, 'peak': 0.019588654039171007}); windows compared in place
[Coarse] pair 13: no reliable coarse offset (matcher: no matches; phasecorr: {'dx': -3843.534072827219, 'dy': -91640.0194769223, 'support': None, 'n': None, 'peak': 0.015414013681642857}); windows compared in place
[Coarse] pair 15: no reliable coarse offset (matcher: {'dx': -81540.86654663086, 'dy': -1726.3572692871094, 'support': 1, 'n': 4, 'peak': None}; phasecorr: {'dx': -94939.8559147267, 'dy': -82659.23661442024, 'support': None, 'n': None, 'peak': 0.008939644289605411}); windows compared in place
[Coarse] pair 16: no reliable coarse offset (matcher: no matches; phasecorr: {'dx': -60639.28459076655, 'dy': -33832.56066827953, 'support': None, 'n': None, 'peak': 0.007406430218281896}); windows compared in place
[Coarse] pair 17: no reliable coarse offset (matcher: {'dx': -84081.76528930664, 'dy': 1672.9376220703125, 'support': 1, 'n': 3, 'peak': None}; phasecorr: {'dx': -75606.28869913492, 'dy': -40258.11314932236, 'support': None, 'n': None, 'peak': 0.002259464960529971}); windows compared in place
[Coarse] pair 18: no reliable coarse offset (matcher: no matches; phasecorr: {'dx': -47574.86505103309, 'dy': 30736.089922927127, 'support': None, 'n': None, 'peak': -0.005526255078658046}); windows compared in place
[Coarse] pair 19: no reliable coarse offset (matcher: {'dx': -72696.86279296875, 'dy': 98254.31396484375, 'support': 1, 'n': 4, 'peak': None}; phasecorr: {'dx': -134048.08681427932, 'dy': 22202.75100943282, 'support': None, 'n': None, 'peak': 0.01199757972153889}); windows compared in place
[Coarse] pair 20: no reliable coarse offset (matcher: no matches; phasecorr: {'dx': -51737.17622911178, 'dy': 31055.668515360256, 'support': None, 'n': None, 'peak': -0.013213375402903196}); windows compared in place
[Coarse] pair 22: no reliable coarse offset (matcher: no matches; phasecorr: {'dx': -22501.36818549658, 'dy': 56480.21235681643, 'support': None, 'n': None, 'peak': -0.0038632059607486176}); windows compared in place
[Coarse] pair 23: no reliable coarse offset (matcher: no matches; phasecorr: {'dx': -38768.62470648129, 'dy': 60272.71480887387, 'support': None, 'n': None, 'peak': 0.018053494174784593}); windows compared in place
[Coarse] pair 24: no reliable coarse offset (matcher: no matches; phasecorr: {'dx': 5060.875137458928, 'dy': -132702.46963164263, 'support': None, 'n': None, 'peak': 0.004566593000623915}); windows compared in place
[Coarse] pair 25: no reliable coarse offset (matcher: no matches; phasecorr: {'dx': 19115.97600195751, 'dy': -87876.18077077619, 'support': None, 'n': None, 'peak': 0.014515514945983887}); windows compared in place
[Coarse] pair 26: no reliable coarse offset (matcher: no matches; phasecorr: {'dx': -25110.617324353138, 'dy': -110321.271036598, 'support': None, 'n': None, 'peak': 0.028688357883029515}); windows compared in place
[Coarse] pair 27: no reliable coarse offset (matcher: no matches; phasecorr: {'dx': -24618.815192443915, 'dy': -51702.316299651786, 'support': None, 'n': None, 'peak': 0.024773373663302803}); windows compared in place
[Coarse] pair 28: no reliable coarse offset (matcher: {'dx': -51102.78030395508, 'dy': -27623.773498535156, 'support': 1, 'n': 4, 'peak': None}; phasecorr: {'dx': -34345.520193795004, 'dy': -31836.47230271583, 'support': None, 'n': None, 'peak': 0.007815724782982971}); windows compared in place
[Coarse] pair 29: no reliable coarse offset (matcher: no matches; phasecorr: {'dx': -23015.789594526494, 'dy': 27033.23829875427, 'support': None, 'n': None, 'peak': -0.010339975127467402}); windows compared in place
[Coarse] pair 30: no reliable coarse offset (matcher: no matches; phasecorr: {'dx': 44341.741084490575, 'dy': 33964.32140920293, 'support': None, 'n': None, 'peak': 0.012143600762135697}); windows compared in place
[Coarse] pair 32: no reliable coarse offset (matcher: no matches; phasecorr: {'dx': 76928.68966913699, 'dy': -17747.191922768525, 'support': None, 'n': None, 'peak': 0.018933949931462607}); windows compared in place
[Coarse] pair 33: no reliable coarse offset (matcher: no matches; phasecorr: {'dx': 76984.7825803246, 'dy': -17783.154749211222, 'support': None, 'n': None, 'peak': 0.01788282951116562}); windows compared in place
[Coarse] pair 36: no reliable coarse offset (matcher: no matches; phasecorr: {'dx': 19637.281743784188, 'dy': 28659.270855444367, 'support': None, 'n': None, 'peak': 0.011020430701750296}); windows compared in place
[Coarse] pair 37: no reliable coarse offset (matcher: {'dx': 40771.93771362305, 'dy': 48309.75082397461, 'support': 2, 'n': 3, 'peak': None}; phasecorr: {'dx': 7507.0015977467065, 'dy': 32833.49977892313, 'support': None, 'n': None, 'peak': 0.0048901353058991605}); windows compared in place
[Coarse] pair 38: no reliable coarse offset (matcher: no matches; phasecorr: {'dx': 23247.53686111282, 'dy': 17041.62175906921, 'support': None, 'n': None, 'peak': 0.019549365950219427}); windows compared in place
[Coarse] pair 43: no reliable coarse offset (matcher: no matches; phasecorr: {'dx': 59869.22805112187, 'dy': -96325.01557673489, 'support': None, 'n': None, 'peak': 0.00793376685672336}); windows compared in place
[Coarse] WARNING: imw-aliked-lg-kt0p2: the pairs' coarse offsets differ by up to 148 km, more than one image moves from place to place. Pairs with a wrong offset match the wrong ground (the chip consensus drops them when they are few); if most pairs disagree, check the input's pixel size and window size.
[Coarse] imw-aliked-lg-kt0p2 pair 1: dE=-30060.9 m dN=24674.4 m (from-pair-7, support=None, peak=None) 
imw-aliked-lg-kt0p2: Processing pair 1 from disk...
imw-aliked-lg-kt0p2: 0 match-sets in 0.00s
[Coarse] imw-aliked-lg-kt0p2 pair 2: dE=-30060.9 m dN=24674.4 m (from-pair-7, support=None, peak=None) 
imw-aliked-lg-kt0p2: Processing pair 2 from disk...
imw-aliked-lg-kt0p2: 0 match-sets in 0.00s
[Coarse] imw-aliked-lg-kt0p2 pair 3: dE=73258.3 m dN=-12396.0 m (from-pair-14, support=None, peak=None) 
imw-aliked-lg-kt0p2: Processing pair 3 from disk...
imw-aliked-lg-kt0p2: 0 match-sets in 0.00s
[Coarse] imw-aliked-lg-kt0p2 pair 4: dE=73258.3 m dN=-12396.0 m (from-pair-14, support=None, peak=None) 
imw-aliked-lg-kt0p2: Processing pair 4 from disk...
imw-aliked-lg-kt0p2: 0 match-sets in 0.00s
[Coarse] imw-aliked-lg-kt0p2 pair 5: dE=73258.3 m dN=-12396.0 m (from-pair-14, support=None, peak=None) 
imw-aliked-lg-kt0p2: Processing pair 5 from disk...
imw-aliked-lg-kt0p2: 0 match-sets in 0.00s
[Coarse] imw-aliked-lg-kt0p2 pair 6: dE=73258.3 m dN=-12396.0 m (from-pair-14, support=None, peak=None) 
imw-aliked-lg-kt0p2: Processing pair 6 from disk...
imw-aliked-lg-kt0p2: 0 match-sets in 0.00s
[Coarse] imw-aliked-lg-kt0p2 pair 7: dE=-30060.9 m dN=24674.4 m (phasecorr@315m, support=None, peak=0.07485453462600708) 
imw-aliked-lg-kt0p2: Processing pair 7 from disk...
imw-aliked-lg-kt0p2: 0 match-sets in 0.00s
[Coarse] imw-aliked-lg-kt0p2 pair 8: dE=-34085.2 m dN=23031.2 m (phasecorr@315m, support=None, peak=0.048964771058824325) 
imw-aliked-lg-kt0p2: Processing pair 8 from disk...
imw-aliked-lg-kt0p2: 0 match-sets in 0.00s
[Coarse] imw-aliked-lg-kt0p2 pair 9: dE=-35432.1 m dN=24320.0 m (from-pair-10, support=None, peak=None) 
imw-aliked-lg-kt0p2: Processing pair 9 from disk...
imw-aliked-lg-kt0p2: 0 match-sets in 0.00s
[Coarse] imw-aliked-lg-kt0p2 pair 10: dE=-35432.1 m dN=24320.0 m (phasecorr@315m, support=None, peak=0.12360441419813369) 
imw-aliked-lg-kt0p2: Processing pair 10 from disk...
imw-aliked-lg-kt0p2: 0 match-sets in 0.00s
[Coarse] imw-aliked-lg-kt0p2 pair 11: dE=-34085.2 m dN=23031.2 m (from-pair-8, support=None, peak=None) 
imw-aliked-lg-kt0p2: Processing pair 11 from disk...
imw-aliked-lg-kt0p2: 0 match-sets in 0.00s
[Coarse] imw-aliked-lg-kt0p2 pair 12: dE=73258.3 m dN=-12396.0 m (from-pair-14, support=None, peak=None) 
imw-aliked-lg-kt0p2: Processing pair 12 from disk...
imw-aliked-lg-kt0p2: 1 match-sets in 0.26s
[Coarse] imw-aliked-lg-kt0p2 pair 13: dE=73258.3 m dN=-12396.0 m (from-pair-14, support=None, peak=None) 
imw-aliked-lg-kt0p2: Processing pair 13 from disk...
imw-aliked-lg-kt0p2: 0 match-sets in 0.15s
[Coarse] imw-aliked-lg-kt0p2 pair 14: dE=73258.3 m dN=-12396.0 m (phasecorr@315m, support=None, peak=0.0750410366821289) 
imw-aliked-lg-kt0p2: Processing pair 14 from disk...
imw-aliked-lg-kt0p2: 0 match-sets in 0.23s
[Coarse] imw-aliked-lg-kt0p2 pair 15: dE=73258.3 m dN=-12396.0 m (from-pair-14, support=None, peak=None) 
imw-aliked-lg-kt0p2: Processing pair 15 from disk...
imw-aliked-lg-kt0p2: 1 match-sets in 0.33s
[Coarse] imw-aliked-lg-kt0p2 pair 16: dE=73258.3 m dN=-12396.0 m (from-pair-14, support=None, peak=None) 
imw-aliked-lg-kt0p2: Processing pair 16 from disk...
imw-aliked-lg-kt0p2: 1 match-sets in 0.23s
[Coarse] imw-aliked-lg-kt0p2 pair 17: dE=73258.3 m dN=-12396.0 m (from-pair-14, support=None, peak=None) 
imw-aliked-lg-kt0p2: Processing pair 17 from disk...
imw-aliked-lg-kt0p2: 0 match-sets in 0.21s
[Coarse] imw-aliked-lg-kt0p2 pair 18: dE=73258.3 m dN=-12396.0 m (from-pair-14, support=None, peak=None) 
imw-aliked-lg-kt0p2: Processing pair 18 from disk...
imw-aliked-lg-kt0p2: 0 match-sets in 0.21s
[Coarse] imw-aliked-lg-kt0p2 pair 19: dE=73258.3 m dN=-12396.0 m (from-pair-14, support=None, peak=None) 
imw-aliked-lg-kt0p2: Processing pair 19 from disk...
imw-aliked-lg-kt0p2: 0 match-sets in 0.13s
[Coarse] imw-aliked-lg-kt0p2 pair 20: dE=73258.3 m dN=-12396.0 m (from-pair-14, support=None, peak=None) 
imw-aliked-lg-kt0p2: Processing pair 20 from disk...
imw-aliked-lg-kt0p2: 0 match-sets in 0.14s
[Coarse] imw-aliked-lg-kt0p2 pair 21: dE=-34651.5 m dN=64354.3 m (phasecorr@315m, support=None, peak=0.03061729173699524) 
imw-aliked-lg-kt0p2: Processing pair 21 from disk...
imw-aliked-lg-kt0p2: 0 match-sets in 0.00s
[Coarse] imw-aliked-lg-kt0p2 pair 22: dE=-34651.5 m dN=64354.3 m (from-pair-21, support=None, peak=None) 
imw-aliked-lg-kt0p2: Processing pair 22 from disk...
imw-aliked-lg-kt0p2: 0 match-sets in 0.00s
[Coarse] imw-aliked-lg-kt0p2 pair 23: dE=-34651.5 m dN=64354.3 m (from-pair-21, support=None, peak=None) 
imw-aliked-lg-kt0p2: Processing pair 23 from disk...
imw-aliked-lg-kt0p2: 0 match-sets in 0.00s
[Coarse] imw-aliked-lg-kt0p2 pair 24: dE=75555.3 m dN=-16017.9 m (from-pair-34, support=None, peak=None) 
imw-aliked-lg-kt0p2: Processing pair 24 from disk...
imw-aliked-lg-kt0p2: 0 match-sets in 0.41s
[Coarse] imw-aliked-lg-kt0p2 pair 25: dE=75555.3 m dN=-16017.9 m (from-pair-34, support=None, peak=None) 
imw-aliked-lg-kt0p2: Processing pair 25 from disk...
imw-aliked-lg-kt0p2: 1 match-sets in 0.32s
[Coarse] imw-aliked-lg-kt0p2 pair 26: dE=75555.3 m dN=-16017.9 m (from-pair-34, support=None, peak=None) 
imw-aliked-lg-kt0p2: Processing pair 26 from disk...
imw-aliked-lg-kt0p2: 1 match-sets in 0.31s
[Coarse] imw-aliked-lg-kt0p2 pair 27: dE=75555.3 m dN=-16017.9 m (from-pair-34, support=None, peak=None) 
imw-aliked-lg-kt0p2: Processing pair 27 from disk...
imw-aliked-lg-kt0p2: 1 match-sets in 0.37s
[Coarse] imw-aliked-lg-kt0p2 pair 28: dE=75555.3 m dN=-16017.9 m (from-pair-34, support=None, peak=None) 
imw-aliked-lg-kt0p2: Processing pair 28 from disk...
imw-aliked-lg-kt0p2: 0 match-sets in 0.48s
[Coarse] imw-aliked-lg-kt0p2 pair 29: dE=75555.3 m dN=-16017.9 m (from-pair-34, support=None, peak=None) 
imw-aliked-lg-kt0p2: Processing pair 29 from disk...
imw-aliked-lg-kt0p2: 0 match-sets in 0.01s
[Coarse] imw-aliked-lg-kt0p2 pair 30: dE=29320.3 m dN=32717.6 m (from-pair-31, support=None, peak=None) 
imw-aliked-lg-kt0p2: Processing pair 30 from disk...
imw-aliked-lg-kt0p2: 0 match-sets in 0.00s
[Coarse] imw-aliked-lg-kt0p2 pair 31: dE=29320.3 m dN=32717.6 m (phasecorr@315m, support=None, peak=0.11020252078648948) 
imw-aliked-lg-kt0p2: Processing pair 31 from disk...
imw-aliked-lg-kt0p2: 0 match-sets in 0.00s
[Coarse] imw-aliked-lg-kt0p2 pair 32: dE=75555.3 m dN=-16017.9 m (from-pair-34, support=None, peak=None) 
imw-aliked-lg-kt0p2: Processing pair 32 from disk...
imw-aliked-lg-kt0p2: 1 match-sets in 0.42s
[Coarse] imw-aliked-lg-kt0p2 pair 33: dE=75555.3 m dN=-16017.9 m (from-pair-34, support=None, peak=None) 
imw-aliked-lg-kt0p2: Processing pair 33 from disk...
imw-aliked-lg-kt0p2: 1 match-sets in 0.29s
[Coarse] imw-aliked-lg-kt0p2 pair 34: dE=75555.3 m dN=-16017.9 m (phasecorr@315m, support=None, peak=0.06293188095092773) 
imw-aliked-lg-kt0p2: Processing pair 34 from disk...
imw-aliked-lg-kt0p2: 1 match-sets in 0.30s
[Coarse] imw-aliked-lg-kt0p2 pair 35: dE=75568.1 m dN=-15961.2 m (phasecorr@315m, support=None, peak=0.0629165448612637) 
imw-aliked-lg-kt0p2: Processing pair 35 from disk...
imw-aliked-lg-kt0p2: 1 match-sets in 0.30s
[Coarse] imw-aliked-lg-kt0p2 pair 36: dE=75568.1 m dN=-15961.2 m (from-pair-35, support=None, peak=None) 
imw-aliked-lg-kt0p2: Processing pair 36 from disk...
imw-aliked-lg-kt0p2: 0 match-sets in 0.22s
[Coarse] imw-aliked-lg-kt0p2 pair 37: dE=75568.1 m dN=-15961.2 m (from-pair-35, support=None, peak=None) 
imw-aliked-lg-kt0p2: Processing pair 37 from disk...
imw-aliked-lg-kt0p2: 0 match-sets in 0.15s
[Coarse] imw-aliked-lg-kt0p2 pair 38: dE=10133.5 m dN=16958.4 m (from-pair-39, support=None, peak=None) 
imw-aliked-lg-kt0p2: Processing pair 38 from disk...
imw-aliked-lg-kt0p2: 0 match-sets in 0.00s
[Coarse] imw-aliked-lg-kt0p2 pair 39: dE=10133.5 m dN=16958.4 m (phasecorr@315m, support=None, peak=0.37484617568828443) 
imw-aliked-lg-kt0p2: Processing pair 39 from disk...
imw-aliked-lg-kt0p2: 0 match-sets in 0.00s
[Coarse] imw-aliked-lg-kt0p2 pair 40: dE=76842.6 m dN=-18012.8 m (phasecorr@315m, support=None, peak=0.16032237420847387) 
imw-aliked-lg-kt0p2: Processing pair 40 from disk...
imw-aliked-lg-kt0p2: 1 match-sets in 0.24s
[Coarse] imw-aliked-lg-kt0p2 pair 41: dE=76821.7 m dN=-17970.8 m (phasecorr@315m, support=None, peak=0.1293754681834468) 
imw-aliked-lg-kt0p2: Processing pair 41 from disk...
imw-aliked-lg-kt0p2: 1 match-sets in 0.15s
[Coarse] imw-aliked-lg-kt0p2 pair 42: dE=71418.1 m dN=-83226.9 m (phasecorr@315m, support=None, peak=0.04043954435560439) 
imw-aliked-lg-kt0p2: Processing pair 42 from disk...
imw-aliked-lg-kt0p2: 1 match-sets in 0.20s
[Coarse] imw-aliked-lg-kt0p2 pair 43: dE=71418.1 m dN=-83226.9 m (from-pair-42, support=None, peak=None) 
imw-aliked-lg-kt0p2: Processing pair 43 from disk...
imw-aliked-lg-kt0p2: 0 match-sets in 0.10s
[Coarse] imw-aliked-lg-kt0p2 pair 44: dE=-66700.2 m dN=27164.4 m (phasecorr@315m, support=None, peak=0.060047009852197436) 
imw-aliked-lg-kt0p2: Processing pair 44 from disk...
imw-aliked-lg-kt0p2: 0 match-sets in 0.00s
[Coarse] imw-aliked-lg-kt0p2 pair 45: dE=-65468.5 m dN=11952.3 m (phasecorr@315m, support=None, peak=0.062489196923861616) 
imw-aliked-lg-kt0p2: Processing pair 45 from disk...
imw-aliked-lg-kt0p2: 0 match-sets in 0.00s
Saved:
 CHIP_STATS_ALL.csv
 CHIP_STATS_SURVIVORS.csv
 CONSENSUS_SCORES.csv
 BEST_CHIP_SET.csv
 BEST_CHIP_MANIFEST.csv
 BEST_FINAL_SUMMARY.csv
[band3] imw-aliked-lg-kt0p2 ok in 0.4 min, peak GPU memory 2.3 of 15.6 GB
[imw-aliked-lg] Model unloaded.
--------------------------------------------------------------------------------
[band3] Running imw-sp-sg-kt0p2
[imw-sp-sg] Loading model...
Loaded SuperPoint model
[Coarse] pair 1: no reliable coarse offset (matcher: {'dx': -100170.0, 'dy': -15435.0, 'support': 1, 'n': 4, 'peak': None}; phasecorr: {'dx': 72221.31426491275, 'dy': -10662.850823270848, 'support': None, 'n': None, 'peak': 0.02032967514970684}); windows compared in place
[Coarse] pair 2: no reliable coarse offset (matcher: no matches; phasecorr: {'dx': 65394.283402378176, 'dy': -25649.46980266543, 'support': None, 'n': None, 'peak': 0.022622975002173116}); windows compared in place
[Coarse] pair 3: no reliable coarse offset (matcher: no matches; phasecorr: {'dx': -84951.32174473844, 'dy': -16333.25546038059, 'support': None, 'n': None, 'peak': 0.023098598562204843}); windows compared in place
[Coarse] pair 4: no reliable coarse offset (matcher: no matches; phasecorr: {'dx': -71296.19311950017, 'dy': -18548.86611268403, 'support': None, 'n': None, 'peak': 0.02308651422222401}); windows compared in place
[Coarse] pair 5: no reliable coarse offset (matcher: no matches; phasecorr: {'dx': -66471.0041660463, 'dy': 19677.698496104596, 'support': None, 'n': None, 'peak': 0.0007051175513875827}); windows compared in place
[Coarse] pair 6: no reliable coarse offset (matcher: no matches; phasecorr: {'dx': -63117.55771771344, 'dy': 45344.79793689909, 'support': None, 'n': None, 'peak': 0.016527041937588666}); windows compared in place
[Coarse] pair 9: no reliable coarse offset (matcher: no matches; phasecorr: {'dx': -16699.175274071407, 'dy': 24436.94053537555, 'support': None, 'n': None, 'peak': -0.010903077867296006}); windows compared in place
[Coarse] pair 11: no reliable coarse offset (matcher: no matches; phasecorr: {'dx': -17156.568569433253, 'dy': 26769.77008011288, 'support': None, 'n': None, 'peak': -0.005567667855156793}); windows compared in place
[Coarse] pair 12: no reliable coarse offset (matcher: {'dx': -76230.0, 'dy': -76230.0, 'support': 1, 'n': 3, 'peak': None}; phasecorr: {'dx': -54138.7373906018, 'dy': -62739.11738734777, 'support': None, 'n': None, 'peak': 0.019588654039171007}); windows compared in place
[Coarse] pair 13: no reliable coarse offset (matcher: no matches; phasecorr: {'dx': -3843.534072827219, 'dy': -91640.0194769223, 'support': None, 'n': None, 'peak': 0.015414013681642857}); windows compared in place
[Coarse] pair 15: no reliable coarse offset (matcher: no matches; phasecorr: {'dx': -94939.8559147267, 'dy': -82659.23661442024, 'support': None, 'n': None, 'peak': 0.008939644289605411}); windows compared in place
[Coarse] pair 16: no reliable coarse offset (matcher: {'dx': -80010.0, 'dy': 13545.0, 'support': 1, 'n': 3, 'peak': None}; phasecorr: {'dx': -60639.28459076655, 'dy': -33832.56066827953, 'support': None, 'n': None, 'peak': 0.007406430218281896}); windows compared in place
[Coarse] pair 17: no reliable coarse offset (matcher: no matches; phasecorr: {'dx': -75606.28869913492, 'dy': -40258.11314932236, 'support': None, 'n': None, 'peak': 0.002259464960529971}); windows compared in place
[Coarse] pair 18: no reliable coarse offset (matcher: no matches; phasecorr: {'dx': -47574.86505103309, 'dy': 30736.089922927127, 'support': None, 'n': None, 'peak': -0.005526255078658046}); windows compared in place
[Coarse] pair 19: no reliable coarse offset (matcher: no matches; phasecorr: {'dx': -134048.08681427932, 'dy': 22202.75100943282, 'support': None, 'n': None, 'peak': 0.01199757972153889}); windows compared in place
[Coarse] pair 20: no reliable coarse offset (matcher: no matches; phasecorr: {'dx': -51737.17622911178, 'dy': 31055.668515360256, 'support': None, 'n': None, 'peak': -0.013213375402903196}); windows compared in place
[Coarse] pair 22: no reliable coarse offset (matcher: no matches; phasecorr: {'dx': -22501.36818549658, 'dy': 56480.21235681643, 'support': None, 'n': None, 'peak': -0.0038632059607486176}); windows compared in place
[Coarse] pair 23: no reliable coarse offset (matcher: no matches; phasecorr: {'dx': -38768.62470648129, 'dy': 60272.71480887387, 'support': None, 'n': None, 'peak': 0.018053494174784593}); windows compared in place
[Coarse] pair 24: no reliable coarse offset (matcher: no matches; phasecorr: {'dx': 5060.875137458928, 'dy': -132702.46963164263, 'support': None, 'n': None, 'peak': 0.004566593000623915}); windows compared in place
[Coarse] pair 25: no reliable coarse offset (matcher: no matches; phasecorr: {'dx': 19115.97600195751, 'dy': -87876.18077077619, 'support': None, 'n': None, 'peak': 0.014515514945983887}); windows compared in place
[Coarse] pair 26: no reliable coarse offset (matcher: no matches; phasecorr: {'dx': -25110.617324353138, 'dy': -110321.271036598, 'support': None, 'n': None, 'peak': 0.028688357883029515}); windows compared in place
[Coarse] pair 27: no reliable coarse offset (matcher: no matches; phasecorr: {'dx': -24618.815192443915, 'dy': -51702.316299651786, 'support': None, 'n': None, 'peak': 0.024773373663302803}); windows compared in place
[Coarse] pair 28: no reliable coarse offset (matcher: no matches; phasecorr: {'dx': -34345.520193795004, 'dy': -31836.47230271583, 'support': None, 'n': None, 'peak': 0.007815724782982971}); windows compared in place
[Coarse] pair 29: no reliable coarse offset (matcher: no matches; phasecorr: {'dx': -23015.789594526494, 'dy': 27033.23829875427, 'support': None, 'n': None, 'peak': -0.010339975127467402}); windows compared in place
[Coarse] pair 30: no reliable coarse offset (matcher: no matches; phasecorr: {'dx': 44341.741084490575, 'dy': 33964.32140920293, 'support': None, 'n': None, 'peak': 0.012143600762135697}); windows compared in place
[Coarse] pair 32: no reliable coarse offset (matcher: no matches; phasecorr: {'dx': 76928.68966913699, 'dy': -17747.191922768525, 'support': None, 'n': None, 'peak': 0.018933949931462607}); windows compared in place
[Coarse] pair 33: no reliable coarse offset (matcher: no matches; phasecorr: {'dx': 76984.7825803246, 'dy': -17783.154749211222, 'support': None, 'n': None, 'peak': 0.01788282951116562}); windows compared in place
[Coarse] pair 36: no reliable coarse offset (matcher: no matches; phasecorr: {'dx': 19637.281743784188, 'dy': 28659.270855444367, 'support': None, 'n': None, 'peak': 0.011020430701750296}); windows compared in place
[Coarse] pair 37: no reliable coarse offset (matcher: no matches; phasecorr: {'dx': 7507.0015977467065, 'dy': 32833.49977892313, 'support': None, 'n': None, 'peak': 0.0048901353058991605}); windows compared in place
[Coarse] pair 38: no reliable coarse offset (matcher: no matches; phasecorr: {'dx': 23247.53686111282, 'dy': 17041.62175906921, 'support': None, 'n': None, 'peak': 0.019549365950219427}); windows compared in place
[Coarse] pair 43: no reliable coarse offset (matcher: no matches; phasecorr: {'dx': 59869.22805112187, 'dy': -96325.01557673489, 'support': None, 'n': None, 'peak': 0.00793376685672336}); windows compared in place
[Coarse] WARNING: imw-sp-sg-kt0p2: the pairs' coarse offsets differ by up to 148 km, more than one image moves from place to place. Pairs with a wrong offset match the wrong ground (the chip consensus drops them when they are few); if most pairs disagree, check the input's pixel size and window size.
[Coarse] imw-sp-sg-kt0p2 pair 1: dE=-30060.9 m dN=24674.4 m (from-pair-7, support=None, peak=None) 
imw-sp-sg-kt0p2: Processing pair 1 from disk...
imw-sp-sg-kt0p2: 0 match-sets in 0.00s
[Coarse] imw-sp-sg-kt0p2 pair 2: dE=-30060.9 m dN=24674.4 m (from-pair-7, support=None, peak=None) 
imw-sp-sg-kt0p2: Processing pair 2 from disk...
imw-sp-sg-kt0p2: 0 match-sets in 0.00s
[Coarse] imw-sp-sg-kt0p2 pair 3: dE=73258.3 m dN=-12396.0 m (from-pair-14, support=None, peak=None) 
imw-sp-sg-kt0p2: Processing pair 3 from disk...
imw-sp-sg-kt0p2: 0 match-sets in 0.00s
[Coarse] imw-sp-sg-kt0p2 pair 4: dE=73258.3 m dN=-12396.0 m (from-pair-14, support=None, peak=None) 
imw-sp-sg-kt0p2: Processing pair 4 from disk...
imw-sp-sg-kt0p2: 0 match-sets in 0.00s
[Coarse] imw-sp-sg-kt0p2 pair 5: dE=73258.3 m dN=-12396.0 m (from-pair-14, support=None, peak=None) 
imw-sp-sg-kt0p2: Processing pair 5 from disk...
imw-sp-sg-kt0p2: 0 match-sets in 0.00s
[Coarse] imw-sp-sg-kt0p2 pair 6: dE=73258.3 m dN=-12396.0 m (from-pair-14, support=None, peak=None) 
imw-sp-sg-kt0p2: Processing pair 6 from disk...
imw-sp-sg-kt0p2: 0 match-sets in 0.00s
[Coarse] imw-sp-sg-kt0p2 pair 7: dE=-30060.9 m dN=24674.4 m (phasecorr@315m, support=None, peak=0.07485453462600708) 
imw-sp-sg-kt0p2: Processing pair 7 from disk...
imw-sp-sg-kt0p2: 0 match-sets in 0.00s
[Coarse] imw-sp-sg-kt0p2 pair 8: dE=-34085.2 m dN=23031.2 m (phasecorr@315m, support=None, peak=0.048964771058824325) 
imw-sp-sg-kt0p2: Processing pair 8 from disk...
imw-sp-sg-kt0p2: 0 match-sets in 0.00s
[Coarse] imw-sp-sg-kt0p2 pair 9: dE=-35432.1 m dN=24320.0 m (from-pair-10, support=None, peak=None) 
imw-sp-sg-kt0p2: Processing pair 9 from disk...
imw-sp-sg-kt0p2: 0 match-sets in 0.00s
[Coarse] imw-sp-sg-kt0p2 pair 10: dE=-35432.1 m dN=24320.0 m (phasecorr@315m, support=None, peak=0.12360441419813369) 
imw-sp-sg-kt0p2: Processing pair 10 from disk...
imw-sp-sg-kt0p2: 0 match-sets in 0.00s
[Coarse] imw-sp-sg-kt0p2 pair 11: dE=-34085.2 m dN=23031.2 m (from-pair-8, support=None, peak=None) 
imw-sp-sg-kt0p2: Processing pair 11 from disk...
imw-sp-sg-kt0p2: 0 match-sets in 0.00s
[Coarse] imw-sp-sg-kt0p2 pair 12: dE=73258.3 m dN=-12396.0 m (from-pair-14, support=None, peak=None) 
imw-sp-sg-kt0p2: Processing pair 12 from disk...
imw-sp-sg-kt0p2: 0 match-sets in 0.18s
[Coarse] imw-sp-sg-kt0p2 pair 13: dE=73258.3 m dN=-12396.0 m (from-pair-14, support=None, peak=None) 
imw-sp-sg-kt0p2: Processing pair 13 from disk...
imw-sp-sg-kt0p2: 0 match-sets in 0.17s
[Coarse] imw-sp-sg-kt0p2 pair 14: dE=73258.3 m dN=-12396.0 m (phasecorr@315m, support=None, peak=0.0750410366821289) 
imw-sp-sg-kt0p2: Processing pair 14 from disk...
imw-sp-sg-kt0p2: 0 match-sets in 0.15s
[Coarse] imw-sp-sg-kt0p2 pair 15: dE=73258.3 m dN=-12396.0 m (from-pair-14, support=None, peak=None) 
imw-sp-sg-kt0p2: Processing pair 15 from disk...
imw-sp-sg-kt0p2: 0 match-sets in 0.19s
[Coarse] imw-sp-sg-kt0p2 pair 16: dE=73258.3 m dN=-12396.0 m (from-pair-14, support=None, peak=None) 
imw-sp-sg-kt0p2: Processing pair 16 from disk...
imw-sp-sg-kt0p2: 0 match-sets in 0.19s
[Coarse] imw-sp-sg-kt0p2 pair 17: dE=73258.3 m dN=-12396.0 m (from-pair-14, support=None, peak=None) 
imw-sp-sg-kt0p2: Processing pair 17 from disk...
imw-sp-sg-kt0p2: 0 match-sets in 0.19s
[Coarse] imw-sp-sg-kt0p2 pair 18: dE=73258.3 m dN=-12396.0 m (from-pair-14, support=None, peak=None) 
imw-sp-sg-kt0p2: Processing pair 18 from disk...
imw-sp-sg-kt0p2: 0 match-sets in 0.15s
[Coarse] imw-sp-sg-kt0p2 pair 19: dE=73258.3 m dN=-12396.0 m (from-pair-14, support=None, peak=None) 
imw-sp-sg-kt0p2: Processing pair 19 from disk...
imw-sp-sg-kt0p2: 0 match-sets in 0.13s
[Coarse] imw-sp-sg-kt0p2 pair 20: dE=73258.3 m dN=-12396.0 m (from-pair-14, support=None, peak=None) 
imw-sp-sg-kt0p2: Processing pair 20 from disk...
imw-sp-sg-kt0p2: 0 match-sets in 0.13s
[Coarse] imw-sp-sg-kt0p2 pair 21: dE=-34651.5 m dN=64354.3 m (phasecorr@315m, support=None, peak=0.03061729173699524) 
imw-sp-sg-kt0p2: Processing pair 21 from disk...
imw-sp-sg-kt0p2: 0 match-sets in 0.00s
[Coarse] imw-sp-sg-kt0p2 pair 22: dE=-34651.5 m dN=64354.3 m (from-pair-21, support=None, peak=None) 
imw-sp-sg-kt0p2: Processing pair 22 from disk...
imw-sp-sg-kt0p2: 0 match-sets in 0.00s
[Coarse] imw-sp-sg-kt0p2 pair 23: dE=-34651.5 m dN=64354.3 m (from-pair-21, support=None, peak=None) 
imw-sp-sg-kt0p2: Processing pair 23 from disk...
imw-sp-sg-kt0p2: 0 match-sets in 0.00s
[Coarse] imw-sp-sg-kt0p2 pair 24: dE=75555.3 m dN=-16017.9 m (from-pair-34, support=None, peak=None) 
imw-sp-sg-kt0p2: Processing pair 24 from disk...
imw-sp-sg-kt0p2: 1 match-sets in 0.33s
[Coarse] imw-sp-sg-kt0p2 pair 25: dE=75555.3 m dN=-16017.9 m (from-pair-34, support=None, peak=None) 
imw-sp-sg-kt0p2: Processing pair 25 from disk...
imw-sp-sg-kt0p2: 0 match-sets in 0.28s
[Coarse] imw-sp-sg-kt0p2 pair 26: dE=75555.3 m dN=-16017.9 m (from-pair-34, support=None, peak=None) 
imw-sp-sg-kt0p2: Processing pair 26 from disk...
imw-sp-sg-kt0p2: 0 match-sets in 0.26s
[Coarse] imw-sp-sg-kt0p2 pair 27: dE=75555.3 m dN=-16017.9 m (from-pair-34, support=None, peak=None) 
imw-sp-sg-kt0p2: Processing pair 27 from disk...
imw-sp-sg-kt0p2: 0 match-sets in 0.30s
[Coarse] imw-sp-sg-kt0p2 pair 28: dE=75555.3 m dN=-16017.9 m (from-pair-34, support=None, peak=None) 
imw-sp-sg-kt0p2: Processing pair 28 from disk...
imw-sp-sg-kt0p2: 1 match-sets in 0.40s
[Coarse] imw-sp-sg-kt0p2 pair 29: dE=75555.3 m dN=-16017.9 m (from-pair-34, support=None, peak=None) 
imw-sp-sg-kt0p2: Processing pair 29 from disk...
imw-sp-sg-kt0p2: 0 match-sets in 0.01s
[Coarse] imw-sp-sg-kt0p2 pair 30: dE=29320.3 m dN=32717.6 m (from-pair-31, support=None, peak=None) 
imw-sp-sg-kt0p2: Processing pair 30 from disk...
imw-sp-sg-kt0p2: 0 match-sets in 0.00s
[Coarse] imw-sp-sg-kt0p2 pair 31: dE=29320.3 m dN=32717.6 m (phasecorr@315m, support=None, peak=0.11020252078648948) 
imw-sp-sg-kt0p2: Processing pair 31 from disk...
imw-sp-sg-kt0p2: 0 match-sets in 0.00s
[Coarse] imw-sp-sg-kt0p2 pair 32: dE=75555.3 m dN=-16017.9 m (from-pair-34, support=None, peak=None) 
imw-sp-sg-kt0p2: Processing pair 32 from disk...
imw-sp-sg-kt0p2: 1 match-sets in 0.28s
[Coarse] imw-sp-sg-kt0p2 pair 33: dE=75555.3 m dN=-16017.9 m (from-pair-34, support=None, peak=None) 
imw-sp-sg-kt0p2: Processing pair 33 from disk...
imw-sp-sg-kt0p2: 0 match-sets in 0.27s
[Coarse] imw-sp-sg-kt0p2 pair 34: dE=75555.3 m dN=-16017.9 m (phasecorr@315m, support=None, peak=0.06293188095092773) 
imw-sp-sg-kt0p2: Processing pair 34 from disk...
imw-sp-sg-kt0p2: 1 match-sets in 0.31s
[Coarse] imw-sp-sg-kt0p2 pair 35: dE=75568.1 m dN=-15961.2 m (phasecorr@315m, support=None, peak=0.0629165448612637) 
imw-sp-sg-kt0p2: Processing pair 35 from disk...
imw-sp-sg-kt0p2: 0 match-sets in 0.26s
[Coarse] imw-sp-sg-kt0p2 pair 36: dE=75568.1 m dN=-15961.2 m (from-pair-35, support=None, peak=None) 
imw-sp-sg-kt0p2: Processing pair 36 from disk...
imw-sp-sg-kt0p2: 0 match-sets in 0.14s
[Coarse] imw-sp-sg-kt0p2 pair 37: dE=75568.1 m dN=-15961.2 m (from-pair-35, support=None, peak=None) 
imw-sp-sg-kt0p2: Processing pair 37 from disk...
imw-sp-sg-kt0p2: 0 match-sets in 0.15s
[Coarse] imw-sp-sg-kt0p2 pair 38: dE=10133.5 m dN=16958.4 m (from-pair-39, support=None, peak=None) 
imw-sp-sg-kt0p2: Processing pair 38 from disk...
imw-sp-sg-kt0p2: 0 match-sets in 0.00s
[Coarse] imw-sp-sg-kt0p2 pair 39: dE=10133.5 m dN=16958.4 m (phasecorr@315m, support=None, peak=0.37484617568828443) 
imw-sp-sg-kt0p2: Processing pair 39 from disk...
imw-sp-sg-kt0p2: 0 match-sets in 0.00s
[Coarse] imw-sp-sg-kt0p2 pair 40: dE=76842.6 m dN=-18012.8 m (phasecorr@315m, support=None, peak=0.16032237420847387) 
imw-sp-sg-kt0p2: Processing pair 40 from disk...
imw-sp-sg-kt0p2: 1 match-sets in 0.17s
[Coarse] imw-sp-sg-kt0p2 pair 41: dE=76821.7 m dN=-17970.8 m (phasecorr@315m, support=None, peak=0.1293754681834468) 
imw-sp-sg-kt0p2: Processing pair 41 from disk...
imw-sp-sg-kt0p2: 1 match-sets in 0.17s
[Coarse] imw-sp-sg-kt0p2 pair 42: dE=71418.1 m dN=-83226.9 m (phasecorr@315m, support=None, peak=0.04043954435560439) 
imw-sp-sg-kt0p2: Processing pair 42 from disk...
imw-sp-sg-kt0p2: 0 match-sets in 0.10s
[Coarse] imw-sp-sg-kt0p2 pair 43: dE=71418.1 m dN=-83226.9 m (from-pair-42, support=None, peak=None) 
imw-sp-sg-kt0p2: Processing pair 43 from disk...
imw-sp-sg-kt0p2: 1 match-sets in 0.12s
[Coarse] imw-sp-sg-kt0p2 pair 44: dE=-66700.2 m dN=27164.4 m (phasecorr@315m, support=None, peak=0.060047009852197436) 
imw-sp-sg-kt0p2: Processing pair 44 from disk...
imw-sp-sg-kt0p2: 0 match-sets in 0.00s
[Coarse] imw-sp-sg-kt0p2 pair 45: dE=-65468.5 m dN=11952.3 m (phasecorr@315m, support=None, peak=0.062489196923861616) 
imw-sp-sg-kt0p2: Processing pair 45 from disk...
imw-sp-sg-kt0p2: 0 match-sets in 0.00s
Saved:
 CHIP_STATS_ALL.csv
 CHIP_STATS_SURVIVORS.csv
 CONSENSUS_SCORES.csv
 BEST_CHIP_SET.csv
 BEST_CHIP_MANIFEST.csv
 BEST_FINAL_SUMMARY.csv
[band3] imw-sp-sg-kt0p2 ok in 0.3 min, peak GPU memory 0.7 of 15.6 GB
[imw-sp-sg] Model unloaded.
--------------------------------------------------------------------------------
[band3] Running imw-sp-nn-kt0p2
[imw-sp-nn] Loading model...
Loaded SuperPoint model
[imw-sp-nn-kt0p2] warm-up on a synthetic pair failed (IndexError: boolean index did not match indexed array along dimension 0; dimension is 0 but corresponding boolean dimension is 256) -- carrying on with the real windows
[Coarse] pair 1: no reliable coarse offset (matcher: {'dx': -99540.0, 'dy': -25830.0, 'support': 1, 'n': 3, 'peak': None}; phasecorr: {'dx': 72221.31426491275, 'dy': -10662.850823270848, 'support': None, 'n': None, 'peak': 0.02032967514970684}); windows compared in place
[Coarse] pair 2: no reliable coarse offset (matcher: no matches; phasecorr: {'dx': 65394.283402378176, 'dy': -25649.46980266543, 'support': None, 'n': None, 'peak': 0.022622975002173116}); windows compared in place
[Coarse] pair 3: no reliable coarse offset (matcher: no matches; phasecorr: {'dx': -84951.32174473844, 'dy': -16333.25546038059, 'support': None, 'n': None, 'peak': 0.023098598562204843}); windows compared in place
[Coarse] pair 4: no reliable coarse offset (matcher: no matches; phasecorr: {'dx': -71296.19311950017, 'dy': -18548.86611268403, 'support': None, 'n': None, 'peak': 0.02308651422222401}); windows compared in place
[Coarse] pair 5: no reliable coarse offset (matcher: {'dx': -81585.0, 'dy': 90720.0, 'support': 1, 'n': 4, 'peak': None}; phasecorr: {'dx': -66471.0041660463, 'dy': 19677.698496104596, 'support': None, 'n': None, 'peak': 0.0007051175513875827}); windows compared in place
[Coarse] pair 6: no reliable coarse offset (matcher: {'dx': -55755.0, 'dy': 9765.0, 'support': 1, 'n': 3, 'peak': None}; phasecorr: {'dx': -63117.55771771344, 'dy': 45344.79793689909, 'support': None, 'n': None, 'peak': 0.016527041937588666}); windows compared in place
[Coarse] pair 9: no reliable coarse offset (matcher: no matches; phasecorr: {'dx': -16699.175274071407, 'dy': 24436.94053537555, 'support': None, 'n': None, 'peak': -0.010903077867296006}); windows compared in place
[Coarse] pair 11: no reliable coarse offset (matcher: no matches; phasecorr: {'dx': -17156.568569433253, 'dy': 26769.77008011288, 'support': None, 'n': None, 'peak': -0.005567667855156793}); windows compared in place
[Coarse] pair 12: no reliable coarse offset (matcher: no matches; phasecorr: {'dx': -54138.7373906018, 'dy': -62739.11738734777, 'support': None, 'n': None, 'peak': 0.019588654039171007}); windows compared in place
[Coarse] pair 13: no reliable coarse offset (matcher: no matches; phasecorr: {'dx': -3843.534072827219, 'dy': -91640.0194769223, 'support': None, 'n': None, 'peak': 0.015414013681642857}); windows compared in place
[Coarse] pair 15: no reliable coarse offset (matcher: no matches; phasecorr: {'dx': -94939.8559147267, 'dy': -82659.23661442024, 'support': None, 'n': None, 'peak': 0.008939644289605411}); windows compared in place
[Coarse] pair 16: no reliable coarse offset (matcher: no matches; phasecorr: {'dx': -60639.28459076655, 'dy': -33832.56066827953, 'support': None, 'n': None, 'peak': 0.007406430218281896}); windows compared in place
[Coarse] pair 17: no reliable coarse offset (matcher: no matches; phasecorr: {'dx': -75606.28869913492, 'dy': -40258.11314932236, 'support': None, 'n': None, 'peak': 0.002259464960529971}); windows compared in place
[Coarse] pair 18: no reliable coarse offset (matcher: no matches; phasecorr: {'dx': -47574.86505103309, 'dy': 30736.089922927127, 'support': None, 'n': None, 'peak': -0.005526255078658046}); windows compared in place
[Coarse] pair 19: no reliable coarse offset (matcher: no matches; phasecorr: {'dx': -134048.08681427932, 'dy': 22202.75100943282, 'support': None, 'n': None, 'peak': 0.01199757972153889}); windows compared in place
[Coarse] pair 20: no reliable coarse offset (matcher: no matches; phasecorr: {'dx': -51737.17622911178, 'dy': 31055.668515360256, 'support': None, 'n': None, 'peak': -0.013213375402903196}); windows compared in place
[Coarse] pair 22: no reliable coarse offset (matcher: no matches; phasecorr: {'dx': -22501.36818549658, 'dy': 56480.21235681643, 'support': None, 'n': None, 'peak': -0.0038632059607486176}); windows compared in place
[Coarse] pair 23: no reliable coarse offset (matcher: no matches; phasecorr: {'dx': -38768.62470648129, 'dy': 60272.71480887387, 'support': None, 'n': None, 'peak': 0.018053494174784593}); windows compared in place
[Coarse] pair 24: no reliable coarse offset (matcher: no matches; phasecorr: {'dx': 5060.875137458928, 'dy': -132702.46963164263, 'support': None, 'n': None, 'peak': 0.004566593000623915}); windows compared in place
[Coarse] pair 25: no reliable coarse offset (matcher: no matches; phasecorr: {'dx': 19115.97600195751, 'dy': -87876.18077077619, 'support': None, 'n': None, 'peak': 0.014515514945983887}); windows compared in place
[Coarse] pair 26: no reliable coarse offset (matcher: no matches; phasecorr: {'dx': -25110.617324353138, 'dy': -110321.271036598, 'support': None, 'n': None, 'peak': 0.028688357883029515}); windows compared in place
[Coarse] pair 27: no reliable coarse offset (matcher: {'dx': -66465.0, 'dy': -39060.0, 'support': 1, 'n': 3, 'peak': None}; phasecorr: {'dx': -24618.815192443915, 'dy': -51702.316299651786, 'support': None, 'n': None, 'peak': 0.024773373663302803}); windows compared in place
[Coarse] pair 28: no reliable coarse offset (matcher: no matches; phasecorr: {'dx': -34345.520193795004, 'dy': -31836.47230271583, 'support': None, 'n': None, 'peak': 0.007815724782982971}); windows compared in place
[Coarse] pair 29: no reliable coarse offset (matcher: {'dx': -51030.0, 'dy': 97335.0, 'support': 1, 'n': 3, 'peak': None}; phasecorr: {'dx': -23015.789594526494, 'dy': 27033.23829875427, 'support': None, 'n': None, 'peak': -0.010339975127467402}); windows compared in place
[Coarse] pair 30: no reliable coarse offset (matcher: no matches; phasecorr: {'dx': 44341.741084490575, 'dy': 33964.32140920293, 'support': None, 'n': None, 'peak': 0.012143600762135697}); windows compared in place
[Coarse] pair 32: no reliable coarse offset (matcher: no matches; phasecorr: {'dx': 76928.68966913699, 'dy': -17747.191922768525, 'support': None, 'n': None, 'peak': 0.018933949931462607}); windows compared in place
[Coarse] pair 33: no reliable coarse offset (matcher: no matches; phasecorr: {'dx': 76984.7825803246, 'dy': -17783.154749211222, 'support': None, 'n': None, 'peak': 0.01788282951116562}); windows compared in place
[Coarse] pair 36: no reliable coarse offset (matcher: no matches; phasecorr: {'dx': 19637.281743784188, 'dy': 28659.270855444367, 'support': None, 'n': None, 'peak': 0.011020430701750296}); windows compared in place
[Coarse] pair 37: no reliable coarse offset (matcher: no matches; phasecorr: {'dx': 7507.0015977467065, 'dy': 32833.49977892313, 'support': None, 'n': None, 'peak': 0.0048901353058991605}); windows compared in place
[Coarse] pair 38: no reliable coarse offset (matcher: IndexError: boolean index did not match indexed array along dimension 0; dimension is 4 but corresponding boolean dimension is 256; phasecorr: {'dx': 23247.53686111282, 'dy': 17041.62175906921, 'support': None, 'n': None, 'peak': 0.019549365950219427}); windows compared in place
[Coarse] pair 43: no reliable coarse offset (matcher: no matches; phasecorr: {'dx': 59869.22805112187, 'dy': -96325.01557673489, 'support': None, 'n': None, 'peak': 0.00793376685672336}); windows compared in place
[Coarse] WARNING: imw-sp-nn-kt0p2: the pairs' coarse offsets differ by up to 148 km, more than one image moves from place to place. Pairs with a wrong offset match the wrong ground (the chip consensus drops them when they are few); if most pairs disagree, check the input's pixel size and window size.
[Coarse] imw-sp-nn-kt0p2 pair 1: dE=-30060.9 m dN=24674.4 m (from-pair-7, support=None, peak=None) 
imw-sp-nn-kt0p2: Processing pair 1 from disk...
imw-sp-nn-kt0p2: 0 match-sets in 0.00s
[Coarse] imw-sp-nn-kt0p2 pair 2: dE=-30060.9 m dN=24674.4 m (from-pair-7, support=None, peak=None) 
imw-sp-nn-kt0p2: Processing pair 2 from disk...
imw-sp-nn-kt0p2: 0 match-sets in 0.00s
[Coarse] imw-sp-nn-kt0p2 pair 3: dE=73258.3 m dN=-12396.0 m (from-pair-14, support=None, peak=None) 
imw-sp-nn-kt0p2: Processing pair 3 from disk...
imw-sp-nn-kt0p2: 0 match-sets in 0.00s
[Coarse] imw-sp-nn-kt0p2 pair 4: dE=73258.3 m dN=-12396.0 m (from-pair-14, support=None, peak=None) 
imw-sp-nn-kt0p2: Processing pair 4 from disk...
imw-sp-nn-kt0p2: 0 match-sets in 0.00s
[Coarse] imw-sp-nn-kt0p2 pair 5: dE=73258.3 m dN=-12396.0 m (from-pair-14, support=None, peak=None) 
imw-sp-nn-kt0p2: Processing pair 5 from disk...
imw-sp-nn-kt0p2: 0 match-sets in 0.00s
[Coarse] imw-sp-nn-kt0p2 pair 6: dE=73258.3 m dN=-12396.0 m (from-pair-14, support=None, peak=None) 
imw-sp-nn-kt0p2: Processing pair 6 from disk...
imw-sp-nn-kt0p2: 0 match-sets in 0.00s
[Coarse] imw-sp-nn-kt0p2 pair 7: dE=-30060.9 m dN=24674.4 m (phasecorr@315m, support=None, peak=0.07485453462600708) 
imw-sp-nn-kt0p2: Processing pair 7 from disk...
imw-sp-nn-kt0p2: 0 match-sets in 0.00s
[Coarse] imw-sp-nn-kt0p2 pair 8: dE=-34085.2 m dN=23031.2 m (phasecorr@315m, support=None, peak=0.048964771058824325) 
imw-sp-nn-kt0p2: Processing pair 8 from disk...
imw-sp-nn-kt0p2: 0 match-sets in 0.00s
[Coarse] imw-sp-nn-kt0p2 pair 9: dE=-35432.1 m dN=24320.0 m (from-pair-10, support=None, peak=None) 
imw-sp-nn-kt0p2: Processing pair 9 from disk...
imw-sp-nn-kt0p2: 0 match-sets in 0.00s
[Coarse] imw-sp-nn-kt0p2 pair 10: dE=-35432.1 m dN=24320.0 m (phasecorr@315m, support=None, peak=0.12360441419813369) 
imw-sp-nn-kt0p2: Processing pair 10 from disk...
imw-sp-nn-kt0p2: 0 match-sets in 0.00s
[Coarse] imw-sp-nn-kt0p2 pair 11: dE=-34085.2 m dN=23031.2 m (from-pair-8, support=None, peak=None) 
imw-sp-nn-kt0p2: Processing pair 11 from disk...
imw-sp-nn-kt0p2: 0 match-sets in 0.00s
[Coarse] imw-sp-nn-kt0p2 pair 12: dE=73258.3 m dN=-12396.0 m (from-pair-14, support=None, peak=None) 
imw-sp-nn-kt0p2: Processing pair 12 from disk...
imw-sp-nn-kt0p2: 1 match-sets in 0.14s
[Coarse] imw-sp-nn-kt0p2 pair 13: dE=73258.3 m dN=-12396.0 m (from-pair-14, support=None, peak=None) 
imw-sp-nn-kt0p2: Processing pair 13 from disk...
imw-sp-nn-kt0p2: 1 match-sets in 0.13s
[Coarse] imw-sp-nn-kt0p2 pair 14: dE=73258.3 m dN=-12396.0 m (phasecorr@315m, support=None, peak=0.0750410366821289) 
imw-sp-nn-kt0p2: Processing pair 14 from disk...
imw-sp-nn-kt0p2: 1 match-sets in 0.14s
[Coarse] imw-sp-nn-kt0p2 pair 15: dE=73258.3 m dN=-12396.0 m (from-pair-14, support=None, peak=None) 
imw-sp-nn-kt0p2: Processing pair 15 from disk...
imw-sp-nn-kt0p2: 1 match-sets in 0.19s
[Coarse] imw-sp-nn-kt0p2 pair 16: dE=73258.3 m dN=-12396.0 m (from-pair-14, support=None, peak=None) 
imw-sp-nn-kt0p2: Processing pair 16 from disk...
imw-sp-nn-kt0p2: 0 match-sets in 0.17s
[Coarse] imw-sp-nn-kt0p2 pair 17: dE=73258.3 m dN=-12396.0 m (from-pair-14, support=None, peak=None) 
imw-sp-nn-kt0p2: Processing pair 17 from disk...
imw-sp-nn-kt0p2: 1 match-sets in 0.19s
[Coarse] imw-sp-nn-kt0p2 pair 18: dE=73258.3 m dN=-12396.0 m (from-pair-14, support=None, peak=None) 
imw-sp-nn-kt0p2: Processing pair 18 from disk...
imw-sp-nn-kt0p2: 1 match-sets in 0.11s
[Coarse] imw-sp-nn-kt0p2 pair 19: dE=73258.3 m dN=-12396.0 m (from-pair-14, support=None, peak=None) 
imw-sp-nn-kt0p2: Processing pair 19 from disk...
imw-sp-nn-kt0p2: 1 match-sets in 0.11s
[Coarse] imw-sp-nn-kt0p2 pair 20: dE=73258.3 m dN=-12396.0 m (from-pair-14, support=None, peak=None) 
imw-sp-nn-kt0p2: Processing pair 20 from disk...
imw-sp-nn-kt0p2: 0 match-sets in 0.10s
[Coarse] imw-sp-nn-kt0p2 pair 21: dE=-34651.5 m dN=64354.3 m (phasecorr@315m, support=None, peak=0.03061729173699524) 
imw-sp-nn-kt0p2: Processing pair 21 from disk...
imw-sp-nn-kt0p2: 0 match-sets in 0.00s
[Coarse] imw-sp-nn-kt0p2 pair 22: dE=-34651.5 m dN=64354.3 m (from-pair-21, support=None, peak=None) 
imw-sp-nn-kt0p2: Processing pair 22 from disk...
imw-sp-nn-kt0p2: 0 match-sets in 0.00s
[Coarse] imw-sp-nn-kt0p2 pair 23: dE=-34651.5 m dN=64354.3 m (from-pair-21, support=None, peak=None) 
imw-sp-nn-kt0p2: Processing pair 23 from disk...
imw-sp-nn-kt0p2: 0 match-sets in 0.00s
[Coarse] imw-sp-nn-kt0p2 pair 24: dE=75555.3 m dN=-16017.9 m (from-pair-34, support=None, peak=None) 
imw-sp-nn-kt0p2: Processing pair 24 from disk...
imw-sp-nn-kt0p2: 1 match-sets in 0.28s
[Coarse] imw-sp-nn-kt0p2 pair 25: dE=75555.3 m dN=-16017.9 m (from-pair-34, support=None, peak=None) 
imw-sp-nn-kt0p2: Processing pair 25 from disk...
[imw-sp-nn-kt0p2/internal] window (0,0) error: AttributeError: 'NoneType' object has no attribute 'tolist'
imw-sp-nn-kt0p2: 0 match-sets in 0.24s
[Coarse] imw-sp-nn-kt0p2 pair 26: dE=75555.3 m dN=-16017.9 m (from-pair-34, support=None, peak=None) 
imw-sp-nn-kt0p2: Processing pair 26 from disk...
imw-sp-nn-kt0p2: 1 match-sets in 0.29s
[Coarse] imw-sp-nn-kt0p2 pair 27: dE=75555.3 m dN=-16017.9 m (from-pair-34, support=None, peak=None) 
imw-sp-nn-kt0p2: Processing pair 27 from disk...
imw-sp-nn-kt0p2: 1 match-sets in 0.34s
[Coarse] imw-sp-nn-kt0p2 pair 28: dE=75555.3 m dN=-16017.9 m (from-pair-34, support=None, peak=None) 
imw-sp-nn-kt0p2: Processing pair 28 from disk...
imw-sp-nn-kt0p2: 1 match-sets in 0.33s
[Coarse] imw-sp-nn-kt0p2 pair 29: dE=75555.3 m dN=-16017.9 m (from-pair-34, support=None, peak=None) 
imw-sp-nn-kt0p2: Processing pair 29 from disk...
imw-sp-nn-kt0p2: 0 match-sets in 0.01s
[Coarse] imw-sp-nn-kt0p2 pair 30: dE=29320.3 m dN=32717.6 m (from-pair-31, support=None, peak=None) 
imw-sp-nn-kt0p2: Processing pair 30 from disk...
imw-sp-nn-kt0p2: 0 match-sets in 0.00s
[Coarse] imw-sp-nn-kt0p2 pair 31: dE=29320.3 m dN=32717.6 m (phasecorr@315m, support=None, peak=0.11020252078648948) 
imw-sp-nn-kt0p2: Processing pair 31 from disk...
imw-sp-nn-kt0p2: 0 match-sets in 0.00s
[Coarse] imw-sp-nn-kt0p2 pair 32: dE=75555.3 m dN=-16017.9 m (from-pair-34, support=None, peak=None) 
imw-sp-nn-kt0p2: Processing pair 32 from disk...
imw-sp-nn-kt0p2: 1 match-sets in 0.26s
[Coarse] imw-sp-nn-kt0p2 pair 33: dE=75555.3 m dN=-16017.9 m (from-pair-34, support=None, peak=None) 
imw-sp-nn-kt0p2: Processing pair 33 from disk...
imw-sp-nn-kt0p2: 1 match-sets in 0.25s
[Coarse] imw-sp-nn-kt0p2 pair 34: dE=75555.3 m dN=-16017.9 m (phasecorr@315m, support=None, peak=0.06293188095092773) 
imw-sp-nn-kt0p2: Processing pair 34 from disk...
imw-sp-nn-kt0p2: 1 match-sets in 0.26s
[Coarse] imw-sp-nn-kt0p2 pair 35: dE=75568.1 m dN=-15961.2 m (phasecorr@315m, support=None, peak=0.0629165448612637) 
imw-sp-nn-kt0p2: Processing pair 35 from disk...
imw-sp-nn-kt0p2: 1 match-sets in 0.26s
[Coarse] imw-sp-nn-kt0p2 pair 36: dE=75568.1 m dN=-15961.2 m (from-pair-35, support=None, peak=None) 
imw-sp-nn-kt0p2: Processing pair 36 from disk...
imw-sp-nn-kt0p2: 0 match-sets in 0.12s
[Coarse] imw-sp-nn-kt0p2 pair 37: dE=75568.1 m dN=-15961.2 m (from-pair-35, support=None, peak=None) 
imw-sp-nn-kt0p2: Processing pair 37 from disk...
imw-sp-nn-kt0p2: 0 match-sets in 0.12s
[Coarse] imw-sp-nn-kt0p2 pair 38: dE=10133.5 m dN=16958.4 m (from-pair-39, support=None, peak=None) 
imw-sp-nn-kt0p2: Processing pair 38 from disk...
imw-sp-nn-kt0p2: 0 match-sets in 0.00s
[Coarse] imw-sp-nn-kt0p2 pair 39: dE=10133.5 m dN=16958.4 m (phasecorr@315m, support=None, peak=0.37484617568828443) 
imw-sp-nn-kt0p2: Processing pair 39 from disk...
imw-sp-nn-kt0p2: 0 match-sets in 0.00s
[Coarse] imw-sp-nn-kt0p2 pair 40: dE=76842.6 m dN=-18012.8 m (phasecorr@315m, support=None, peak=0.16032237420847387) 
imw-sp-nn-kt0p2: Processing pair 40 from disk...
imw-sp-nn-kt0p2: 1 match-sets in 0.11s
[Coarse] imw-sp-nn-kt0p2 pair 41: dE=76821.7 m dN=-17970.8 m (phasecorr@315m, support=None, peak=0.1293754681834468) 
imw-sp-nn-kt0p2: Processing pair 41 from disk...
imw-sp-nn-kt0p2: 1 match-sets in 0.12s
[Coarse] imw-sp-nn-kt0p2 pair 42: dE=71418.1 m dN=-83226.9 m (phasecorr@315m, support=None, peak=0.04043954435560439) 
imw-sp-nn-kt0p2: Processing pair 42 from disk...
imw-sp-nn-kt0p2: 1 match-sets in 0.09s
[Coarse] imw-sp-nn-kt0p2 pair 43: dE=71418.1 m dN=-83226.9 m (from-pair-42, support=None, peak=None) 
imw-sp-nn-kt0p2: Processing pair 43 from disk...
imw-sp-nn-kt0p2: 1 match-sets in 0.08s
[Coarse] imw-sp-nn-kt0p2 pair 44: dE=-66700.2 m dN=27164.4 m (phasecorr@315m, support=None, peak=0.060047009852197436) 
imw-sp-nn-kt0p2: Processing pair 44 from disk...
imw-sp-nn-kt0p2: 0 match-sets in 0.00s
[Coarse] imw-sp-nn-kt0p2 pair 45: dE=-65468.5 m dN=11952.3 m (phasecorr@315m, support=None, peak=0.062489196923861616) 
imw-sp-nn-kt0p2: Processing pair 45 from disk...
imw-sp-nn-kt0p2: 0 match-sets in 0.00s
No configuration survived the chip consensus filter.
[band3] imw-sp-nn-kt0p2 no-consensus in 0.3 min, peak GPU memory 0.6 of 15.6 GB
[imw-sp-nn] Model unloaded.
--------------------------------------------------------------------------------
[band3] Running imw-r2d2-nn-kt0p2
[imw-r2d2-nn] Loading model...

>> Creating net = Quad_L2Net_ConfCFS()
 ( Model size: 486K parameters )
[Coarse] pair 1: no reliable coarse offset (matcher: no matches; phasecorr: {'dx': 72221.31426491275, 'dy': -10662.850823270848, 'support': None, 'n': None, 'peak': 0.02032967514970684}); windows compared in place
[Coarse] pair 2: no reliable coarse offset (matcher: no matches; phasecorr: {'dx': 65394.283402378176, 'dy': -25649.46980266543, 'support': None, 'n': None, 'peak': 0.022622975002173116}); windows compared in place
[Coarse] pair 3: no reliable coarse offset (matcher: no matches; phasecorr: {'dx': -84951.32174473844, 'dy': -16333.25546038059, 'support': None, 'n': None, 'peak': 0.023098598562204843}); windows compared in place
[Coarse] pair 4: no reliable coarse offset (matcher: no matches; phasecorr: {'dx': -71296.19311950017, 'dy': -18548.86611268403, 'support': None, 'n': None, 'peak': 0.02308651422222401}); windows compared in place
[Coarse] pair 5: no reliable coarse offset (matcher: no matches; phasecorr: {'dx': -66471.0041660463, 'dy': 19677.698496104596, 'support': None, 'n': None, 'peak': 0.0007051175513875827}); windows compared in place
[Coarse] pair 6: no reliable coarse offset (matcher: no matches; phasecorr: {'dx': -63117.55771771344, 'dy': 45344.79793689909, 'support': None, 'n': None, 'peak': 0.016527041937588666}); windows compared in place
[Coarse] pair 9: no reliable coarse offset (matcher: RuntimeError: torch.cat(): expected a non-empty list of Tensors; phasecorr: {'dx': -16699.175274071407, 'dy': 24436.94053537555, 'support': None, 'n': None, 'peak': -0.010903077867296006}); windows compared in place
[Coarse] pair 11: no reliable coarse offset (matcher: RuntimeError: torch.cat(): expected a non-empty list of Tensors; phasecorr: {'dx': -17156.568569433253, 'dy': 26769.77008011288, 'support': None, 'n': None, 'peak': -0.005567667855156793}); windows compared in place
[Coarse] pair 12: no reliable coarse offset (matcher: no matches; phasecorr: {'dx': -54138.7373906018, 'dy': -62739.11738734777, 'support': None, 'n': None, 'peak': 0.019588654039171007}); windows compared in place
[Coarse] pair 13: no reliable coarse offset (matcher: no matches; phasecorr: {'dx': -3843.534072827219, 'dy': -91640.0194769223, 'support': None, 'n': None, 'peak': 0.015414013681642857}); windows compared in place
[Coarse] pair 15: no reliable coarse offset (matcher: no matches; phasecorr: {'dx': -94939.8559147267, 'dy': -82659.23661442024, 'support': None, 'n': None, 'peak': 0.008939644289605411}); windows compared in place
[Coarse] pair 16: no reliable coarse offset (matcher: no matches; phasecorr: {'dx': -60639.28459076655, 'dy': -33832.56066827953, 'support': None, 'n': None, 'peak': 0.007406430218281896}); windows compared in place
[Coarse] pair 17: no reliable coarse offset (matcher: no matches; phasecorr: {'dx': -75606.28869913492, 'dy': -40258.11314932236, 'support': None, 'n': None, 'peak': 0.002259464960529971}); windows compared in place
[Coarse] pair 18: no reliable coarse offset (matcher: no matches; phasecorr: {'dx': -47574.86505103309, 'dy': 30736.089922927127, 'support': None, 'n': None, 'peak': -0.005526255078658046}); windows compared in place
[Coarse] pair 19: no reliable coarse offset (matcher: no matches; phasecorr: {'dx': -134048.08681427932, 'dy': 22202.75100943282, 'support': None, 'n': None, 'peak': 0.01199757972153889}); windows compared in place
[Coarse] pair 20: no reliable coarse offset (matcher: no matches; phasecorr: {'dx': -51737.17622911178, 'dy': 31055.668515360256, 'support': None, 'n': None, 'peak': -0.013213375402903196}); windows compared in place
[Coarse] pair 22: no reliable coarse offset (matcher: no matches; phasecorr: {'dx': -22501.36818549658, 'dy': 56480.21235681643, 'support': None, 'n': None, 'peak': -0.0038632059607486176}); windows compared in place
[Coarse] pair 23: no reliable coarse offset (matcher: no matches; phasecorr: {'dx': -38768.62470648129, 'dy': 60272.71480887387, 'support': None, 'n': None, 'peak': 0.018053494174784593}); windows compared in place
[Coarse] pair 24: no reliable coarse offset (matcher: no matches; phasecorr: {'dx': 5060.875137458928, 'dy': -132702.46963164263, 'support': None, 'n': None, 'peak': 0.004566593000623915}); windows compared in place
[Coarse] pair 25: no reliable coarse offset (matcher: no matches; phasecorr: {'dx': 19115.97600195751, 'dy': -87876.18077077619, 'support': None, 'n': None, 'peak': 0.014515514945983887}); windows compared in place
[Coarse] pair 26: no reliable coarse offset (matcher: no matches; phasecorr: {'dx': -25110.617324353138, 'dy': -110321.271036598, 'support': None, 'n': None, 'peak': 0.028688357883029515}); windows compared in place
[Coarse] pair 27: no reliable coarse offset (matcher: no matches; phasecorr: {'dx': -24618.815192443915, 'dy': -51702.316299651786, 'support': None, 'n': None, 'peak': 0.024773373663302803}); windows compared in place
[Coarse] pair 28: no reliable coarse offset (matcher: no matches; phasecorr: {'dx': -34345.520193795004, 'dy': -31836.47230271583, 'support': None, 'n': None, 'peak': 0.007815724782982971}); windows compared in place
[Coarse] pair 29: no reliable coarse offset (matcher: no matches; phasecorr: {'dx': -23015.789594526494, 'dy': 27033.23829875427, 'support': None, 'n': None, 'peak': -0.010339975127467402}); windows compared in place
[Coarse] pair 30: no reliable coarse offset (matcher: no matches; phasecorr: {'dx': 44341.741084490575, 'dy': 33964.32140920293, 'support': None, 'n': None, 'peak': 0.012143600762135697}); windows compared in place
[Coarse] pair 32: no reliable coarse offset (matcher: no matches; phasecorr: {'dx': 76928.68966913699, 'dy': -17747.191922768525, 'support': None, 'n': None, 'peak': 0.018933949931462607}); windows compared in place
[Coarse] pair 33: no reliable coarse offset (matcher: no matches; phasecorr: {'dx': 76984.7825803246, 'dy': -17783.154749211222, 'support': None, 'n': None, 'peak': 0.01788282951116562}); windows compared in place
[Coarse] pair 36: no reliable coarse offset (matcher: no matches; phasecorr: {'dx': 19637.281743784188, 'dy': 28659.270855444367, 'support': None, 'n': None, 'peak': 0.011020430701750296}); windows compared in place
[Coarse] pair 37: no reliable coarse offset (matcher: no matches; phasecorr: {'dx': 7507.0015977467065, 'dy': 32833.49977892313, 'support': None, 'n': None, 'peak': 0.0048901353058991605}); windows compared in place
[Coarse] pair 38: no reliable coarse offset (matcher: RuntimeError: torch.cat(): expected a non-empty list of Tensors; phasecorr: {'dx': 23247.53686111282, 'dy': 17041.62175906921, 'support': None, 'n': None, 'peak': 0.019549365950219427}); windows compared in place
[Coarse] pair 43: no reliable coarse offset (matcher: no matches; phasecorr: {'dx': 59869.22805112187, 'dy': -96325.01557673489, 'support': None, 'n': None, 'peak': 0.00793376685672336}); windows compared in place
[Coarse] pair 7: phase correlation gave dE=-30061 m dN=24674 m, 115.1 km from every offset the matcher measured; using pair 40's (dE=76860 m dN=-17872 m)
[Coarse] pair 8: phase correlation gave dE=-34085 m dN=23031 m, 118.2 km from every offset the matcher measured; using pair 40's (dE=76860 m dN=-17872 m)
[Coarse] pair 10: phase correlation gave dE=-35432 m dN=24320 m, 120.0 km from every offset the matcher measured; using pair 40's (dE=76860 m dN=-17872 m)
[Coarse] pair 14: phase correlation gave dE=73258 m dN=-12396 m, 6.6 km from every offset the matcher measured; using pair 40's (dE=76860 m dN=-17872 m)
[Coarse] pair 21: phase correlation gave dE=-34652 m dN=64354 m, 138.5 km from every offset the matcher measured; using pair 40's (dE=76860 m dN=-17872 m)
[Coarse] pair 31: phase correlation gave dE=29320 m dN=32718 m, 69.4 km from every offset the matcher measured; using pair 40's (dE=76860 m dN=-17872 m)
[Coarse] pair 39: phase correlation gave dE=10133 m dN=16958 m, 75.3 km from every offset the matcher measured; using pair 40's (dE=76860 m dN=-17872 m)
[Coarse] pair 42: phase correlation gave dE=71418 m dN=-83227 m, 65.6 km from every offset the matcher measured; using pair 40's (dE=76860 m dN=-17872 m)
[Coarse] pair 44: phase correlation gave dE=-66700 m dN=27164 m, 150.5 km from every offset the matcher measured; using pair 40's (dE=76860 m dN=-17872 m)
[Coarse] pair 45: phase correlation gave dE=-65469 m dN=11952 m, 145.4 km from every offset the matcher measured; using pair 40's (dE=76860 m dN=-17872 m)
[Coarse] imw-r2d2-nn-kt0p2 pair 1: dE=76860.0 m dN=-17871.6 m (from-pair-7, support=None, peak=None) 
imw-r2d2-nn-kt0p2: Processing pair 1 from disk...
imw-r2d2-nn-kt0p2: 0 match-sets in 0.00s
[Coarse] imw-r2d2-nn-kt0p2 pair 2: dE=76860.0 m dN=-17871.6 m (from-pair-7, support=None, peak=None) 
imw-r2d2-nn-kt0p2: Processing pair 2 from disk...
imw-r2d2-nn-kt0p2: 0 match-sets in 0.00s
[Coarse] imw-r2d2-nn-kt0p2 pair 3: dE=76860.0 m dN=-17871.6 m (from-pair-14, support=None, peak=None) 
imw-r2d2-nn-kt0p2: Processing pair 3 from disk...
imw-r2d2-nn-kt0p2: 0 match-sets in 0.00s
[Coarse] imw-r2d2-nn-kt0p2 pair 4: dE=76860.0 m dN=-17871.6 m (from-pair-14, support=None, peak=None) 
imw-r2d2-nn-kt0p2: Processing pair 4 from disk...
imw-r2d2-nn-kt0p2: 0 match-sets in 0.00s
[Coarse] imw-r2d2-nn-kt0p2 pair 5: dE=76860.0 m dN=-17871.6 m (from-pair-14, support=None, peak=None) 
imw-r2d2-nn-kt0p2: Processing pair 5 from disk...
imw-r2d2-nn-kt0p2: 0 match-sets in 0.00s
[Coarse] imw-r2d2-nn-kt0p2 pair 6: dE=76860.0 m dN=-17871.6 m (from-pair-14, support=None, peak=None) 
imw-r2d2-nn-kt0p2: Processing pair 6 from disk...
imw-r2d2-nn-kt0p2: 0 match-sets in 0.00s
[Coarse] imw-r2d2-nn-kt0p2 pair 7: dE=76860.0 m dN=-17871.6 m (from-pair-40 (phasecorr disagreed), support=None, peak=0.07485453462600708) 
imw-r2d2-nn-kt0p2: Processing pair 7 from disk...
imw-r2d2-nn-kt0p2: 0 match-sets in 0.00s
[Coarse] imw-r2d2-nn-kt0p2 pair 8: dE=76860.0 m dN=-17871.6 m (from-pair-40 (phasecorr disagreed), support=None, peak=0.048964771058824325) 
imw-r2d2-nn-kt0p2: Processing pair 8 from disk...
imw-r2d2-nn-kt0p2: 0 match-sets in 0.00s
[Coarse] imw-r2d2-nn-kt0p2 pair 9: dE=76860.0 m dN=-17871.6 m (from-pair-10, support=None, peak=None) 
imw-r2d2-nn-kt0p2: Processing pair 9 from disk...
imw-r2d2-nn-kt0p2: 0 match-sets in 0.00s
[Coarse] imw-r2d2-nn-kt0p2 pair 10: dE=76860.0 m dN=-17871.6 m (from-pair-40 (phasecorr disagreed), support=None, peak=0.12360441419813369) 
imw-r2d2-nn-kt0p2: Processing pair 10 from disk...
imw-r2d2-nn-kt0p2: 0 match-sets in 0.00s
[Coarse] imw-r2d2-nn-kt0p2 pair 11: dE=76860.0 m dN=-17871.6 m (from-pair-8, support=None, peak=None) 
imw-r2d2-nn-kt0p2: Processing pair 11 from disk...
imw-r2d2-nn-kt0p2: 0 match-sets in 0.00s
[Coarse] imw-r2d2-nn-kt0p2 pair 12: dE=76860.0 m dN=-17871.6 m (from-pair-14, support=None, peak=None) 
imw-r2d2-nn-kt0p2: Processing pair 12 from disk...
imw-r2d2-nn-kt0p2: 0 match-sets in 0.36s
[Coarse] imw-r2d2-nn-kt0p2 pair 13: dE=76860.0 m dN=-17871.6 m (from-pair-14, support=None, peak=None) 
imw-r2d2-nn-kt0p2: Processing pair 13 from disk...
imw-r2d2-nn-kt0p2: 0 match-sets in 0.34s
[Coarse] imw-r2d2-nn-kt0p2 pair 14: dE=76860.0 m dN=-17871.6 m (from-pair-40 (phasecorr disagreed), support=None, peak=0.0750410366821289) 
imw-r2d2-nn-kt0p2: Processing pair 14 from disk...
imw-r2d2-nn-kt0p2: 0 match-sets in 0.34s
[Coarse] imw-r2d2-nn-kt0p2 pair 15: dE=76860.0 m dN=-17871.6 m (from-pair-14, support=None, peak=None) 
imw-r2d2-nn-kt0p2: Processing pair 15 from disk...
imw-r2d2-nn-kt0p2: 0 match-sets in 0.55s
[Coarse] imw-r2d2-nn-kt0p2 pair 16: dE=76860.0 m dN=-17871.6 m (from-pair-14, support=None, peak=None) 
imw-r2d2-nn-kt0p2: Processing pair 16 from disk...
imw-r2d2-nn-kt0p2: 0 match-sets in 0.53s
[Coarse] imw-r2d2-nn-kt0p2 pair 17: dE=76860.0 m dN=-17871.6 m (from-pair-14, support=None, peak=None) 
imw-r2d2-nn-kt0p2: Processing pair 17 from disk...
imw-r2d2-nn-kt0p2: 0 match-sets in 0.53s
[Coarse] imw-r2d2-nn-kt0p2 pair 18: dE=76860.0 m dN=-17871.6 m (from-pair-14, support=None, peak=None) 
imw-r2d2-nn-kt0p2: Processing pair 18 from disk...
imw-r2d2-nn-kt0p2: 0 match-sets in 0.30s
[Coarse] imw-r2d2-nn-kt0p2 pair 19: dE=76860.0 m dN=-17871.6 m (from-pair-14, support=None, peak=None) 
imw-r2d2-nn-kt0p2: Processing pair 19 from disk...
imw-r2d2-nn-kt0p2: 0 match-sets in 0.29s
[Coarse] imw-r2d2-nn-kt0p2 pair 20: dE=76860.0 m dN=-17871.6 m (from-pair-14, support=None, peak=None) 
imw-r2d2-nn-kt0p2: Processing pair 20 from disk...
imw-r2d2-nn-kt0p2: 1 match-sets in 0.32s
[Coarse] imw-r2d2-nn-kt0p2 pair 21: dE=76860.0 m dN=-17871.6 m (from-pair-40 (phasecorr disagreed), support=None, peak=0.03061729173699524) 
imw-r2d2-nn-kt0p2: Processing pair 21 from disk...
imw-r2d2-nn-kt0p2: 0 match-sets in 0.00s
[Coarse] imw-r2d2-nn-kt0p2 pair 22: dE=76860.0 m dN=-17871.6 m (from-pair-21, support=None, peak=None) 
imw-r2d2-nn-kt0p2: Processing pair 22 from disk...
imw-r2d2-nn-kt0p2: 0 match-sets in 0.00s
[Coarse] imw-r2d2-nn-kt0p2 pair 23: dE=76860.0 m dN=-17871.6 m (from-pair-21, support=None, peak=None) 
imw-r2d2-nn-kt0p2: Processing pair 23 from disk...
imw-r2d2-nn-kt0p2: 0 match-sets in 0.00s
[Coarse] imw-r2d2-nn-kt0p2 pair 24: dE=75555.3 m dN=-16017.9 m (from-pair-34, support=None, peak=None) 
imw-r2d2-nn-kt0p2: Processing pair 24 from disk...
imw-r2d2-nn-kt0p2: 0 match-sets in 0.67s
[Coarse] imw-r2d2-nn-kt0p2 pair 25: dE=75555.3 m dN=-16017.9 m (from-pair-34, support=None, peak=None) 
imw-r2d2-nn-kt0p2: Processing pair 25 from disk...
imw-r2d2-nn-kt0p2: 0 match-sets in 0.64s
[Coarse] imw-r2d2-nn-kt0p2 pair 26: dE=75555.3 m dN=-16017.9 m (from-pair-34, support=None, peak=None) 
imw-r2d2-nn-kt0p2: Processing pair 26 from disk...
imw-r2d2-nn-kt0p2: 0 match-sets in 0.64s
[Coarse] imw-r2d2-nn-kt0p2 pair 27: dE=75555.3 m dN=-16017.9 m (from-pair-34, support=None, peak=None) 
imw-r2d2-nn-kt0p2: Processing pair 27 from disk...
imw-r2d2-nn-kt0p2: 1 match-sets in 0.90s
[Coarse] imw-r2d2-nn-kt0p2 pair 28: dE=75555.3 m dN=-16017.9 m (from-pair-34, support=None, peak=None) 
imw-r2d2-nn-kt0p2: Processing pair 28 from disk...
imw-r2d2-nn-kt0p2: 0 match-sets in 0.83s
[Coarse] imw-r2d2-nn-kt0p2 pair 29: dE=75555.3 m dN=-16017.9 m (from-pair-34, support=None, peak=None) 
imw-r2d2-nn-kt0p2: Processing pair 29 from disk...
imw-r2d2-nn-kt0p2: 0 match-sets in 0.01s
[Coarse] imw-r2d2-nn-kt0p2 pair 30: dE=76860.0 m dN=-17871.6 m (from-pair-31, support=None, peak=None) 
imw-r2d2-nn-kt0p2: Processing pair 30 from disk...
imw-r2d2-nn-kt0p2: 0 match-sets in 0.00s
[Coarse] imw-r2d2-nn-kt0p2 pair 31: dE=76860.0 m dN=-17871.6 m (from-pair-40 (phasecorr disagreed), support=None, peak=0.11020252078648948) 
imw-r2d2-nn-kt0p2: Processing pair 31 from disk...
imw-r2d2-nn-kt0p2: 0 match-sets in 0.00s
[Coarse] imw-r2d2-nn-kt0p2 pair 32: dE=75555.3 m dN=-16017.9 m (from-pair-34, support=None, peak=None) 
imw-r2d2-nn-kt0p2: Processing pair 32 from disk...
imw-r2d2-nn-kt0p2: 0 match-sets in 0.66s
[Coarse] imw-r2d2-nn-kt0p2 pair 33: dE=75555.3 m dN=-16017.9 m (from-pair-34, support=None, peak=None) 
imw-r2d2-nn-kt0p2: Processing pair 33 from disk...
imw-r2d2-nn-kt0p2: 1 match-sets in 0.65s
[Coarse] imw-r2d2-nn-kt0p2 pair 34: dE=75555.3 m dN=-16017.9 m (phasecorr@315m, support=None, peak=0.06293188095092773) 
imw-r2d2-nn-kt0p2: Processing pair 34 from disk...
imw-r2d2-nn-kt0p2: 1 match-sets in 0.83s
[Coarse] imw-r2d2-nn-kt0p2 pair 35: dE=75568.1 m dN=-15961.2 m (phasecorr@315m, support=None, peak=0.0629165448612637) 
imw-r2d2-nn-kt0p2: Processing pair 35 from disk...
imw-r2d2-nn-kt0p2: 0 match-sets in 0.71s
[Coarse] imw-r2d2-nn-kt0p2 pair 36: dE=75568.1 m dN=-15961.2 m (from-pair-35, support=None, peak=None) 
imw-r2d2-nn-kt0p2: Processing pair 36 from disk...
imw-r2d2-nn-kt0p2: 1 match-sets in 0.34s
[Coarse] imw-r2d2-nn-kt0p2 pair 37: dE=75568.1 m dN=-15961.2 m (from-pair-35, support=None, peak=None) 
imw-r2d2-nn-kt0p2: Processing pair 37 from disk...
imw-r2d2-nn-kt0p2: 0 match-sets in 0.30s
[Coarse] imw-r2d2-nn-kt0p2 pair 38: dE=76860.0 m dN=-17871.6 m (from-pair-39, support=None, peak=None) 
imw-r2d2-nn-kt0p2: Processing pair 38 from disk...
imw-r2d2-nn-kt0p2: 0 match-sets in 0.00s
[Coarse] imw-r2d2-nn-kt0p2 pair 39: dE=76860.0 m dN=-17871.6 m (from-pair-40 (phasecorr disagreed), support=None, peak=0.37484617568828443) 
imw-r2d2-nn-kt0p2: Processing pair 39 from disk...
imw-r2d2-nn-kt0p2: 0 match-sets in 0.00s
[Coarse] imw-r2d2-nn-kt0p2 pair 40: dE=76860.0 m dN=-17871.6 m (matcher@315m, support=9, peak=None) 
imw-r2d2-nn-kt0p2: Processing pair 40 from disk...
imw-r2d2-nn-kt0p2: 1 match-sets in 0.25s
[Coarse] imw-r2d2-nn-kt0p2 pair 41: dE=76821.7 m dN=-17970.8 m (phasecorr@315m, support=None, peak=0.1293754681834468) 
imw-r2d2-nn-kt0p2: Processing pair 41 from disk...
imw-r2d2-nn-kt0p2: 0 match-sets in 0.23s
[Coarse] imw-r2d2-nn-kt0p2 pair 42: dE=76860.0 m dN=-17871.6 m (from-pair-40 (phasecorr disagreed), support=None, peak=0.04043954435560439) 
imw-r2d2-nn-kt0p2: Processing pair 42 from disk...
imw-r2d2-nn-kt0p2: 1 match-sets in 0.30s
[Coarse] imw-r2d2-nn-kt0p2 pair 43: dE=76860.0 m dN=-17871.6 m (from-pair-42, support=None, peak=None) 
imw-r2d2-nn-kt0p2: Processing pair 43 from disk...
imw-r2d2-nn-kt0p2: 0 match-sets in 0.26s
[Coarse] imw-r2d2-nn-kt0p2 pair 44: dE=76860.0 m dN=-17871.6 m (from-pair-40 (phasecorr disagreed), support=None, peak=0.060047009852197436) 
imw-r2d2-nn-kt0p2: Processing pair 44 from disk...
imw-r2d2-nn-kt0p2: 0 match-sets in 0.00s
[Coarse] imw-r2d2-nn-kt0p2 pair 45: dE=76860.0 m dN=-17871.6 m (from-pair-40 (phasecorr disagreed), support=None, peak=0.062489196923861616) 
imw-r2d2-nn-kt0p2: Processing pair 45 from disk...
imw-r2d2-nn-kt0p2: 0 match-sets in 0.00s
No valid chip CSV files found.
[band3] imw-r2d2-nn-kt0p2 no-consensus in 0.6 min, peak GPU memory 3.2 of 15.6 GB
[imw-r2d2-nn] Model unloaded.
--------------------------------------------------------------------------------
[band3] Running imw-rord-nn-kt0p2-fm1
[imw-rord-nn] Loading model...
[Coarse] pair 1: no reliable coarse offset (matcher: no matches; phasecorr: {'dx': 72221.31426491275, 'dy': -10662.850823270848, 'support': None, 'n': None, 'peak': 0.02032967514970684}); windows compared in place
[Coarse] pair 2: no reliable coarse offset (matcher: no matches; phasecorr: {'dx': 65394.283402378176, 'dy': -25649.46980266543, 'support': None, 'n': None, 'peak': 0.022622975002173116}); windows compared in place
[Coarse] pair 3: no reliable coarse offset (matcher: no matches; phasecorr: {'dx': -84951.32174473844, 'dy': -16333.25546038059, 'support': None, 'n': None, 'peak': 0.023098598562204843}); windows compared in place
[Coarse] pair 4: no reliable coarse offset (matcher: {'dx': -98223.82621765137, 'dy': 24557.330017089844, 'support': 1, 'n': 4, 'peak': None}; phasecorr: {'dx': -71296.19311950017, 'dy': -18548.86611268403, 'support': None, 'n': None, 'peak': 0.02308651422222401}); windows compared in place
[Coarse] pair 5: no reliable coarse offset (matcher: {'dx': -86971.05972290039, 'dy': 66750.98064422607, 'support': 1, 'n': 4, 'peak': None}; phasecorr: {'dx': -66471.0041660463, 'dy': 19677.698496104596, 'support': None, 'n': None, 'peak': 0.0007051175513875827}); windows compared in place
[Coarse] pair 6: no reliable coarse offset (matcher: {'dx': -80962.38521575928, 'dy': 79831.69738769531, 'support': 1, 'n': 4, 'peak': None}; phasecorr: {'dx': -63117.55771771344, 'dy': 45344.79793689909, 'support': None, 'n': None, 'peak': 0.016527041937588666}); windows compared in place
[Coarse] pair 9: no reliable coarse offset (matcher: no matches; phasecorr: {'dx': -16699.175274071407, 'dy': 24436.94053537555, 'support': None, 'n': None, 'peak': -0.010903077867296006}); windows compared in place
[Coarse] pair 11: no reliable coarse offset (matcher: no matches; phasecorr: {'dx': -17156.568569433253, 'dy': 26769.77008011288, 'support': None, 'n': None, 'peak': -0.005567667855156793}); windows compared in place
[Coarse] pair 12: no reliable coarse offset (matcher: no matches; phasecorr: {'dx': -54138.7373906018, 'dy': -62739.11738734777, 'support': None, 'n': None, 'peak': 0.019588654039171007}); windows compared in place
[Coarse] pair 13: no reliable coarse offset (matcher: no matches; phasecorr: {'dx': -3843.534072827219, 'dy': -91640.0194769223, 'support': None, 'n': None, 'peak': 0.015414013681642857}); windows compared in place
[Coarse] pair 15: no reliable coarse offset (matcher: no matches; phasecorr: {'dx': -94939.8559147267, 'dy': -82659.23661442024, 'support': None, 'n': None, 'peak': 0.008939644289605411}); windows compared in place
[Coarse] pair 16: no reliable coarse offset (matcher: no matches; phasecorr: {'dx': -60639.28459076655, 'dy': -33832.56066827953, 'support': None, 'n': None, 'peak': 0.007406430218281896}); windows compared in place
[Coarse] pair 17: no reliable coarse offset (matcher: no matches; phasecorr: {'dx': -75606.28869913492, 'dy': -40258.11314932236, 'support': None, 'n': None, 'peak': 0.002259464960529971}); windows compared in place
[Coarse] pair 18: no reliable coarse offset (matcher: {'dx': -85420.07188796997, 'dy': 79690.92407226562, 'support': 1, 'n': 3, 'peak': None}; phasecorr: {'dx': -47574.86505103309, 'dy': 30736.089922927127, 'support': None, 'n': None, 'peak': -0.005526255078658046}); windows compared in place
[Coarse] pair 19: no reliable coarse offset (matcher: no matches; phasecorr: {'dx': -134048.08681427932, 'dy': 22202.75100943282, 'support': None, 'n': None, 'peak': 0.01199757972153889}); windows compared in place
[Coarse] pair 20: no reliable coarse offset (matcher: no matches; phasecorr: {'dx': -51737.17622911178, 'dy': 31055.668515360256, 'support': None, 'n': None, 'peak': -0.013213375402903196}); windows compared in place
[Coarse] pair 22: no reliable coarse offset (matcher: no matches; phasecorr: {'dx': -22501.36818549658, 'dy': 56480.21235681643, 'support': None, 'n': None, 'peak': -0.0038632059607486176}); windows compared in place
[Coarse] pair 23: no reliable coarse offset (matcher: no matches; phasecorr: {'dx': -38768.62470648129, 'dy': 60272.71480887387, 'support': None, 'n': None, 'peak': 0.018053494174784593}); windows compared in place
[Coarse] pair 24: no reliable coarse offset (matcher: no matches; phasecorr: {'dx': 5060.875137458928, 'dy': -132702.46963164263, 'support': None, 'n': None, 'peak': 0.004566593000623915}); windows compared in place
[Coarse] pair 25: no reliable coarse offset (matcher: no matches; phasecorr: {'dx': 19115.97600195751, 'dy': -87876.18077077619, 'support': None, 'n': None, 'peak': 0.014515514945983887}); windows compared in place
[Coarse] pair 26: no reliable coarse offset (matcher: no matches; phasecorr: {'dx': -25110.617324353138, 'dy': -110321.271036598, 'support': None, 'n': None, 'peak': 0.028688357883029515}); windows compared in place
[Coarse] pair 27: no reliable coarse offset (matcher: {'dx': -98759.80590820312, 'dy': -42959.288177490234, 'support': 1, 'n': 3, 'peak': None}; phasecorr: {'dx': -24618.815192443915, 'dy': -51702.316299651786, 'support': None, 'n': None, 'peak': 0.024773373663302803}); windows compared in place
[Coarse] pair 28: no reliable coarse offset (matcher: no matches; phasecorr: {'dx': -34345.520193795004, 'dy': -31836.47230271583, 'support': None, 'n': None, 'peak': 0.007815724782982971}); windows compared in place
[Coarse] pair 29: no reliable coarse offset (matcher: no matches; phasecorr: {'dx': -23015.789594526494, 'dy': 27033.23829875427, 'support': None, 'n': None, 'peak': -0.010339975127467402}); windows compared in place
[Coarse] pair 30: no reliable coarse offset (matcher: no matches; phasecorr: {'dx': 44341.741084490575, 'dy': 33964.32140920293, 'support': None, 'n': None, 'peak': 0.012143600762135697}); windows compared in place
[Coarse] pair 32: no reliable coarse offset (matcher: no matches; phasecorr: {'dx': 76928.68966913699, 'dy': -17747.191922768525, 'support': None, 'n': None, 'peak': 0.018933949931462607}); windows compared in place
[Coarse] pair 33: no reliable coarse offset (matcher: no matches; phasecorr: {'dx': 76984.7825803246, 'dy': -17783.154749211222, 'support': None, 'n': None, 'peak': 0.01788282951116562}); windows compared in place
[Coarse] pair 36: no reliable coarse offset (matcher: no matches; phasecorr: {'dx': 19637.281743784188, 'dy': 28659.270855444367, 'support': None, 'n': None, 'peak': 0.011020430701750296}); windows compared in place
[Coarse] pair 37: no reliable coarse offset (matcher: {'dx': -3817.633237838745, 'dy': 99755.1205444336, 'support': 2, 'n': 3, 'peak': None}; phasecorr: {'dx': 7507.0015977467065, 'dy': 32833.49977892313, 'support': None, 'n': None, 'peak': 0.0048901353058991605}); windows compared in place
[Coarse] pair 38: no reliable coarse offset (matcher: no matches; phasecorr: {'dx': 23247.53686111282, 'dy': 17041.62175906921, 'support': None, 'n': None, 'peak': 0.019549365950219427}); windows compared in place
[Coarse] pair 43: no reliable coarse offset (matcher: {'dx': 72135.62965393066, 'dy': -56721.29588127136, 'support': 1, 'n': 5, 'peak': None}; phasecorr: {'dx': 59869.22805112187, 'dy': -96325.01557673489, 'support': None, 'n': None, 'peak': 0.00793376685672336}); windows compared in place
[Coarse] WARNING: imw-rord-nn-kt0p2-fm1: the pairs' coarse offsets differ by up to 148 km, more than one image moves from place to place. Pairs with a wrong offset match the wrong ground (the chip consensus drops them when they are few); if most pairs disagree, check the input's pixel size and window size.
[Coarse] imw-rord-nn-kt0p2-fm1 pair 1: dE=-30060.9 m dN=24674.4 m (from-pair-7, support=None, peak=None) 
imw-rord-nn-kt0p2-fm1: Processing pair 1 from disk...
imw-rord-nn-kt0p2-fm1: 0 match-sets in 0.00s
[Coarse] imw-rord-nn-kt0p2-fm1 pair 2: dE=-30060.9 m dN=24674.4 m (from-pair-7, support=None, peak=None) 
imw-rord-nn-kt0p2-fm1: Processing pair 2 from disk...
imw-rord-nn-kt0p2-fm1: 0 match-sets in 0.00s
[Coarse] imw-rord-nn-kt0p2-fm1 pair 3: dE=73258.3 m dN=-12396.0 m (from-pair-14, support=None, peak=None) 
imw-rord-nn-kt0p2-fm1: Processing pair 3 from disk...
imw-rord-nn-kt0p2-fm1: 0 match-sets in 0.00s
[Coarse] imw-rord-nn-kt0p2-fm1 pair 4: dE=73258.3 m dN=-12396.0 m (from-pair-14, support=None, peak=None) 
imw-rord-nn-kt0p2-fm1: Processing pair 4 from disk...
imw-rord-nn-kt0p2-fm1: 0 match-sets in 0.00s
[Coarse] imw-rord-nn-kt0p2-fm1 pair 5: dE=73258.3 m dN=-12396.0 m (from-pair-14, support=None, peak=None) 
imw-rord-nn-kt0p2-fm1: Processing pair 5 from disk...
imw-rord-nn-kt0p2-fm1: 0 match-sets in 0.00s
[Coarse] imw-rord-nn-kt0p2-fm1 pair 6: dE=73258.3 m dN=-12396.0 m (from-pair-14, support=None, peak=None) 
imw-rord-nn-kt0p2-fm1: Processing pair 6 from disk...
imw-rord-nn-kt0p2-fm1: 0 match-sets in 0.00s
[Coarse] imw-rord-nn-kt0p2-fm1 pair 7: dE=-30060.9 m dN=24674.4 m (phasecorr@315m, support=None, peak=0.07485453462600708) 
imw-rord-nn-kt0p2-fm1: Processing pair 7 from disk...
imw-rord-nn-kt0p2-fm1: 0 match-sets in 0.00s
[Coarse] imw-rord-nn-kt0p2-fm1 pair 8: dE=-34085.2 m dN=23031.2 m (phasecorr@315m, support=None, peak=0.048964771058824325) 
imw-rord-nn-kt0p2-fm1: Processing pair 8 from disk...
imw-rord-nn-kt0p2-fm1: 0 match-sets in 0.00s
[Coarse] imw-rord-nn-kt0p2-fm1 pair 9: dE=-35432.1 m dN=24320.0 m (from-pair-10, support=None, peak=None) 
imw-rord-nn-kt0p2-fm1: Processing pair 9 from disk...
imw-rord-nn-kt0p2-fm1: 0 match-sets in 0.00s
[Coarse] imw-rord-nn-kt0p2-fm1 pair 10: dE=-35432.1 m dN=24320.0 m (phasecorr@315m, support=None, peak=0.12360441419813369) 
imw-rord-nn-kt0p2-fm1: Processing pair 10 from disk...
imw-rord-nn-kt0p2-fm1: 0 match-sets in 0.00s
[Coarse] imw-rord-nn-kt0p2-fm1 pair 11: dE=-34085.2 m dN=23031.2 m (from-pair-8, support=None, peak=None) 
imw-rord-nn-kt0p2-fm1: Processing pair 11 from disk...
imw-rord-nn-kt0p2-fm1: 0 match-sets in 0.00s
[Coarse] imw-rord-nn-kt0p2-fm1 pair 12: dE=73258.3 m dN=-12396.0 m (from-pair-14, support=None, peak=None) 
imw-rord-nn-kt0p2-fm1: Processing pair 12 from disk...
imw-rord-nn-kt0p2-fm1: 0 match-sets in 0.92s
[Coarse] imw-rord-nn-kt0p2-fm1 pair 13: dE=73258.3 m dN=-12396.0 m (from-pair-14, support=None, peak=None) 
imw-rord-nn-kt0p2-fm1: Processing pair 13 from disk...
imw-rord-nn-kt0p2-fm1: 1 match-sets in 0.65s
[Coarse] imw-rord-nn-kt0p2-fm1 pair 14: dE=73258.3 m dN=-12396.0 m (phasecorr@315m, support=None, peak=0.0750410366821289) 
imw-rord-nn-kt0p2-fm1: Processing pair 14 from disk...
imw-rord-nn-kt0p2-fm1: 1 match-sets in 0.90s
[Coarse] imw-rord-nn-kt0p2-fm1 pair 15: dE=73258.3 m dN=-12396.0 m (from-pair-14, support=None, peak=None) 
imw-rord-nn-kt0p2-fm1: Processing pair 15 from disk...
imw-rord-nn-kt0p2-fm1: 1 match-sets in 1.52s
[Coarse] imw-rord-nn-kt0p2-fm1 pair 16: dE=73258.3 m dN=-12396.0 m (from-pair-14, support=None, peak=None) 
imw-rord-nn-kt0p2-fm1: Processing pair 16 from disk...
imw-rord-nn-kt0p2-fm1: 0 match-sets in 0.92s
[Coarse] imw-rord-nn-kt0p2-fm1 pair 17: dE=73258.3 m dN=-12396.0 m (from-pair-14, support=None, peak=None) 
imw-rord-nn-kt0p2-fm1: Processing pair 17 from disk...
imw-rord-nn-kt0p2-fm1: 1 match-sets in 0.95s
[Coarse] imw-rord-nn-kt0p2-fm1 pair 18: dE=73258.3 m dN=-12396.0 m (from-pair-14, support=None, peak=None) 
imw-rord-nn-kt0p2-fm1: Processing pair 18 from disk...
imw-rord-nn-kt0p2-fm1: 0 match-sets in 0.76s
[Coarse] imw-rord-nn-kt0p2-fm1 pair 19: dE=73258.3 m dN=-12396.0 m (from-pair-14, support=None, peak=None) 
imw-rord-nn-kt0p2-fm1: Processing pair 19 from disk...
imw-rord-nn-kt0p2-fm1: 1 match-sets in 0.57s
[Coarse] imw-rord-nn-kt0p2-fm1 pair 20: dE=73258.3 m dN=-12396.0 m (from-pair-14, support=None, peak=None) 
imw-rord-nn-kt0p2-fm1: Processing pair 20 from disk...
imw-rord-nn-kt0p2-fm1: 0 match-sets in 0.56s
[Coarse] imw-rord-nn-kt0p2-fm1 pair 21: dE=-34651.5 m dN=64354.3 m (phasecorr@315m, support=None, peak=0.03061729173699524) 
imw-rord-nn-kt0p2-fm1: Processing pair 21 from disk...
imw-rord-nn-kt0p2-fm1: 0 match-sets in 0.00s
[Coarse] imw-rord-nn-kt0p2-fm1 pair 22: dE=-34651.5 m dN=64354.3 m (from-pair-21, support=None, peak=None) 
imw-rord-nn-kt0p2-fm1: Processing pair 22 from disk...
imw-rord-nn-kt0p2-fm1: 0 match-sets in 0.00s
[Coarse] imw-rord-nn-kt0p2-fm1 pair 23: dE=-34651.5 m dN=64354.3 m (from-pair-21, support=None, peak=None) 
imw-rord-nn-kt0p2-fm1: Processing pair 23 from disk...
imw-rord-nn-kt0p2-fm1: 0 match-sets in 0.00s
[Coarse] imw-rord-nn-kt0p2-fm1 pair 24: dE=75555.3 m dN=-16017.9 m (from-pair-34, support=None, peak=None) 
imw-rord-nn-kt0p2-fm1: Processing pair 24 from disk...
imw-rord-nn-kt0p2-fm1: 1 match-sets in 2.10s
[Coarse] imw-rord-nn-kt0p2-fm1 pair 25: dE=75555.3 m dN=-16017.9 m (from-pair-34, support=None, peak=None) 
imw-rord-nn-kt0p2-fm1: Processing pair 25 from disk...
imw-rord-nn-kt0p2-fm1: 1 match-sets in 1.29s
[Coarse] imw-rord-nn-kt0p2-fm1 pair 26: dE=75555.3 m dN=-16017.9 m (from-pair-34, support=None, peak=None) 
imw-rord-nn-kt0p2-fm1: Processing pair 26 from disk...
imw-rord-nn-kt0p2-fm1: 0 match-sets in 1.25s
[Coarse] imw-rord-nn-kt0p2-fm1 pair 27: dE=75555.3 m dN=-16017.9 m (from-pair-34, support=None, peak=None) 
imw-rord-nn-kt0p2-fm1: Processing pair 27 from disk...
imw-rord-nn-kt0p2-fm1: 1 match-sets in 1.78s
[Coarse] imw-rord-nn-kt0p2-fm1 pair 28: dE=75555.3 m dN=-16017.9 m (from-pair-34, support=None, peak=None) 
imw-rord-nn-kt0p2-fm1: Processing pair 28 from disk...
imw-rord-nn-kt0p2-fm1: 0 match-sets in 3.12s
[Coarse] imw-rord-nn-kt0p2-fm1 pair 29: dE=75555.3 m dN=-16017.9 m (from-pair-34, support=None, peak=None) 
imw-rord-nn-kt0p2-fm1: Processing pair 29 from disk...
imw-rord-nn-kt0p2-fm1: 0 match-sets in 0.01s
[Coarse] imw-rord-nn-kt0p2-fm1 pair 30: dE=29320.3 m dN=32717.6 m (from-pair-31, support=None, peak=None) 
imw-rord-nn-kt0p2-fm1: Processing pair 30 from disk...
imw-rord-nn-kt0p2-fm1: 0 match-sets in 0.00s
[Coarse] imw-rord-nn-kt0p2-fm1 pair 31: dE=29320.3 m dN=32717.6 m (phasecorr@315m, support=None, peak=0.11020252078648948) 
imw-rord-nn-kt0p2-fm1: Processing pair 31 from disk...
imw-rord-nn-kt0p2-fm1: 0 match-sets in 0.00s
[Coarse] imw-rord-nn-kt0p2-fm1 pair 32: dE=75555.3 m dN=-16017.9 m (from-pair-34, support=None, peak=None) 
imw-rord-nn-kt0p2-fm1: Processing pair 32 from disk...
imw-rord-nn-kt0p2-fm1: 1 match-sets in 1.99s
[Coarse] imw-rord-nn-kt0p2-fm1 pair 33: dE=75555.3 m dN=-16017.9 m (from-pair-34, support=None, peak=None) 
imw-rord-nn-kt0p2-fm1: Processing pair 33 from disk...
imw-rord-nn-kt0p2-fm1: 0 match-sets in 1.01s
[Coarse] imw-rord-nn-kt0p2-fm1 pair 34: dE=75555.3 m dN=-16017.9 m (phasecorr@315m, support=None, peak=0.06293188095092773) 
imw-rord-nn-kt0p2-fm1: Processing pair 34 from disk...
imw-rord-nn-kt0p2-fm1: 0 match-sets in 1.29s
[Coarse] imw-rord-nn-kt0p2-fm1 pair 35: dE=75568.1 m dN=-15961.2 m (phasecorr@315m, support=None, peak=0.0629165448612637) 
imw-rord-nn-kt0p2-fm1: Processing pair 35 from disk...
imw-rord-nn-kt0p2-fm1: 1 match-sets in 1.34s
[Coarse] imw-rord-nn-kt0p2-fm1 pair 36: dE=75568.1 m dN=-15961.2 m (from-pair-35, support=None, peak=None) 
imw-rord-nn-kt0p2-fm1: Processing pair 36 from disk...
imw-rord-nn-kt0p2-fm1: 1 match-sets in 0.75s
[Coarse] imw-rord-nn-kt0p2-fm1 pair 37: dE=75568.1 m dN=-15961.2 m (from-pair-35, support=None, peak=None) 
imw-rord-nn-kt0p2-fm1: Processing pair 37 from disk...
imw-rord-nn-kt0p2-fm1: 0 match-sets in 0.47s
[Coarse] imw-rord-nn-kt0p2-fm1 pair 38: dE=10133.5 m dN=16958.4 m (from-pair-39, support=None, peak=None) 
imw-rord-nn-kt0p2-fm1: Processing pair 38 from disk...
imw-rord-nn-kt0p2-fm1: 0 match-sets in 0.00s
[Coarse] imw-rord-nn-kt0p2-fm1 pair 39: dE=10133.5 m dN=16958.4 m (phasecorr@315m, support=None, peak=0.37484617568828443) 
imw-rord-nn-kt0p2-fm1: Processing pair 39 from disk...
imw-rord-nn-kt0p2-fm1: 0 match-sets in 0.00s
[Coarse] imw-rord-nn-kt0p2-fm1 pair 40: dE=76842.6 m dN=-18012.8 m (phasecorr@315m, support=None, peak=0.16032237420847387) 
imw-rord-nn-kt0p2-fm1: Processing pair 40 from disk...
imw-rord-nn-kt0p2-fm1: 1 match-sets in 0.84s
[Coarse] imw-rord-nn-kt0p2-fm1 pair 41: dE=76821.7 m dN=-17970.8 m (phasecorr@315m, support=None, peak=0.1293754681834468) 
imw-rord-nn-kt0p2-fm1: Processing pair 41 from disk...
imw-rord-nn-kt0p2-fm1: 1 match-sets in 0.44s
[Coarse] imw-rord-nn-kt0p2-fm1 pair 42: dE=71418.1 m dN=-83226.9 m (phasecorr@315m, support=None, peak=0.04043954435560439) 
imw-rord-nn-kt0p2-fm1: Processing pair 42 from disk...
imw-rord-nn-kt0p2-fm1: 1 match-sets in 0.65s
[Coarse] imw-rord-nn-kt0p2-fm1 pair 43: dE=71418.1 m dN=-83226.9 m (from-pair-42, support=None, peak=None) 
imw-rord-nn-kt0p2-fm1: Processing pair 43 from disk...
imw-rord-nn-kt0p2-fm1: 1 match-sets in 0.38s
[Coarse] imw-rord-nn-kt0p2-fm1 pair 44: dE=-66700.2 m dN=27164.4 m (phasecorr@315m, support=None, peak=0.060047009852197436) 
imw-rord-nn-kt0p2-fm1: Processing pair 44 from disk...
imw-rord-nn-kt0p2-fm1: 0 match-sets in 0.00s
[Coarse] imw-rord-nn-kt0p2-fm1 pair 45: dE=-65468.5 m dN=11952.3 m (phasecorr@315m, support=None, peak=0.062489196923861616) 
imw-rord-nn-kt0p2-fm1: Processing pair 45 from disk...
imw-rord-nn-kt0p2-fm1: 0 match-sets in 0.00s
Saved:
 CHIP_STATS_ALL.csv
 CHIP_STATS_SURVIVORS.csv
 CONSENSUS_SCORES.csv
 BEST_CHIP_SET.csv
 BEST_CHIP_MANIFEST.csv
 BEST_FINAL_SUMMARY.csv
[band3] imw-rord-nn-kt0p2-fm1 ok in 1.6 min, peak GPU memory 4.6 of 15.6 GB
[imw-rord-nn] Model unloaded.
--------------------------------------------------------------------------------
[band3] Running imw-rord-nn-kt0p2
[imw-rord-nn] Loading model...
[Coarse] pair 1: no reliable coarse offset (matcher: no matches; phasecorr: {'dx': 72221.31426491275, 'dy': -10662.850823270848, 'support': None, 'n': None, 'peak': 0.02032967514970684}); windows compared in place
[Coarse] pair 2: no reliable coarse offset (matcher: no matches; phasecorr: {'dx': 65394.283402378176, 'dy': -25649.46980266543, 'support': None, 'n': None, 'peak': 0.022622975002173116}); windows compared in place
[Coarse] pair 3: no reliable coarse offset (matcher: no matches; phasecorr: {'dx': -84951.32174473844, 'dy': -16333.25546038059, 'support': None, 'n': None, 'peak': 0.023098598562204843}); windows compared in place
[Coarse] pair 4: no reliable coarse offset (matcher: no matches; phasecorr: {'dx': -71296.19311950017, 'dy': -18548.86611268403, 'support': None, 'n': None, 'peak': 0.02308651422222401}); windows compared in place
[Coarse] pair 5: no reliable coarse offset (matcher: no matches; phasecorr: {'dx': -66471.0041660463, 'dy': 19677.698496104596, 'support': None, 'n': None, 'peak': 0.0007051175513875827}); windows compared in place
[Coarse] pair 6: no reliable coarse offset (matcher: no matches; phasecorr: {'dx': -63117.55771771344, 'dy': 45344.79793689909, 'support': None, 'n': None, 'peak': 0.016527041937588666}); windows compared in place
[Coarse] pair 9: no reliable coarse offset (matcher: no matches; phasecorr: {'dx': -16699.175274071407, 'dy': 24436.94053537555, 'support': None, 'n': None, 'peak': -0.010903077867296006}); windows compared in place
[Coarse] pair 11: no reliable coarse offset (matcher: no matches; phasecorr: {'dx': -17156.568569433253, 'dy': 26769.77008011288, 'support': None, 'n': None, 'peak': -0.005567667855156793}); windows compared in place
[Coarse] pair 12: no reliable coarse offset (matcher: no matches; phasecorr: {'dx': -54138.7373906018, 'dy': -62739.11738734777, 'support': None, 'n': None, 'peak': 0.019588654039171007}); windows compared in place
[Coarse] pair 13: no reliable coarse offset (matcher: no matches; phasecorr: {'dx': -3843.534072827219, 'dy': -91640.0194769223, 'support': None, 'n': None, 'peak': 0.015414013681642857}); windows compared in place
[Coarse] pair 15: no reliable coarse offset (matcher: no matches; phasecorr: {'dx': -94939.8559147267, 'dy': -82659.23661442024, 'support': None, 'n': None, 'peak': 0.008939644289605411}); windows compared in place
[Coarse] pair 16: no reliable coarse offset (matcher: no matches; phasecorr: {'dx': -60639.28459076655, 'dy': -33832.56066827953, 'support': None, 'n': None, 'peak': 0.007406430218281896}); windows compared in place
[Coarse] pair 17: no reliable coarse offset (matcher: no matches; phasecorr: {'dx': -75606.28869913492, 'dy': -40258.11314932236, 'support': None, 'n': None, 'peak': 0.002259464960529971}); windows compared in place
[Coarse] pair 18: no reliable coarse offset (matcher: no matches; phasecorr: {'dx': -47574.86505103309, 'dy': 30736.089922927127, 'support': None, 'n': None, 'peak': -0.005526255078658046}); windows compared in place
[Coarse] pair 19: no reliable coarse offset (matcher: no matches; phasecorr: {'dx': -134048.08681427932, 'dy': 22202.75100943282, 'support': None, 'n': None, 'peak': 0.01199757972153889}); windows compared in place
[Coarse] pair 20: no reliable coarse offset (matcher: no matches; phasecorr: {'dx': -51737.17622911178, 'dy': 31055.668515360256, 'support': None, 'n': None, 'peak': -0.013213375402903196}); windows compared in place
[Coarse] pair 22: no reliable coarse offset (matcher: no matches; phasecorr: {'dx': -22501.36818549658, 'dy': 56480.21235681643, 'support': None, 'n': None, 'peak': -0.0038632059607486176}); windows compared in place
[Coarse] pair 23: no reliable coarse offset (matcher: no matches; phasecorr: {'dx': -38768.62470648129, 'dy': 60272.71480887387, 'support': None, 'n': None, 'peak': 0.018053494174784593}); windows compared in place
[Coarse] pair 24: no reliable coarse offset (matcher: no matches; phasecorr: {'dx': 5060.875137458928, 'dy': -132702.46963164263, 'support': None, 'n': None, 'peak': 0.004566593000623915}); windows compared in place
[Coarse] pair 25: no reliable coarse offset (matcher: no matches; phasecorr: {'dx': 19115.97600195751, 'dy': -87876.18077077619, 'support': None, 'n': None, 'peak': 0.014515514945983887}); windows compared in place
[Coarse] pair 26: no reliable coarse offset (matcher: no matches; phasecorr: {'dx': -25110.617324353138, 'dy': -110321.271036598, 'support': None, 'n': None, 'peak': 0.028688357883029515}); windows compared in place
[Coarse] pair 27: no reliable coarse offset (matcher: {'dx': 21389.430541992188, 'dy': 32526.75407409668, 'support': 1, 'n': 3, 'peak': None}; phasecorr: {'dx': -24618.815192443915, 'dy': -51702.316299651786, 'support': None, 'n': None, 'peak': 0.024773373663302803}); windows compared in place
[Coarse] pair 28: no reliable coarse offset (matcher: no matches; phasecorr: {'dx': -34345.520193795004, 'dy': -31836.47230271583, 'support': None, 'n': None, 'peak': 0.007815724782982971}); windows compared in place
[Coarse] pair 29: no reliable coarse offset (matcher: no matches; phasecorr: {'dx': -23015.789594526494, 'dy': 27033.23829875427, 'support': None, 'n': None, 'peak': -0.010339975127467402}); windows compared in place
[Coarse] pair 30: no reliable coarse offset (matcher: no matches; phasecorr: {'dx': 44341.741084490575, 'dy': 33964.32140920293, 'support': None, 'n': None, 'peak': 0.012143600762135697}); windows compared in place
[Coarse] pair 32: no reliable coarse offset (matcher: no matches; phasecorr: {'dx': 76928.68966913699, 'dy': -17747.191922768525, 'support': None, 'n': None, 'peak': 0.018933949931462607}); windows compared in place
[Coarse] pair 33: no reliable coarse offset (matcher: no matches; phasecorr: {'dx': 76984.7825803246, 'dy': -17783.154749211222, 'support': None, 'n': None, 'peak': 0.01788282951116562}); windows compared in place
[Coarse] pair 36: no reliable coarse offset (matcher: {'dx': -7083.479347229004, 'dy': 100677.37609863281, 'support': 1, 'n': 3, 'peak': None}; phasecorr: {'dx': 19637.281743784188, 'dy': 28659.270855444367, 'support': None, 'n': None, 'peak': 0.011020430701750296}); windows compared in place
[Coarse] pair 37: no reliable coarse offset (matcher: {'dx': -7754.512596130371, 'dy': 100618.59237670898, 'support': 1, 'n': 4, 'peak': None}; phasecorr: {'dx': 7507.0015977467065, 'dy': 32833.49977892313, 'support': None, 'n': None, 'peak': 0.0048901353058991605}); windows compared in place
[Coarse] pair 38: no reliable coarse offset (matcher: no matches; phasecorr: {'dx': 23247.53686111282, 'dy': 17041.62175906921, 'support': None, 'n': None, 'peak': 0.019549365950219427}); windows compared in place
[Coarse] pair 43: no reliable coarse offset (matcher: {'dx': 76928.84857177734, 'dy': -84899.08012390137, 'support': 1, 'n': 4, 'peak': None}; phasecorr: {'dx': 59869.22805112187, 'dy': -96325.01557673489, 'support': None, 'n': None, 'peak': 0.00793376685672336}); windows compared in place
[Coarse] WARNING: imw-rord-nn-kt0p2: the pairs' coarse offsets differ by up to 148 km, more than one image moves from place to place. Pairs with a wrong offset match the wrong ground (the chip consensus drops them when they are few); if most pairs disagree, check the input's pixel size and window size.
[Coarse] imw-rord-nn-kt0p2 pair 1: dE=-30060.9 m dN=24674.4 m (from-pair-7, support=None, peak=None) 
imw-rord-nn-kt0p2: Processing pair 1 from disk...
imw-rord-nn-kt0p2: 0 match-sets in 0.00s
[Coarse] imw-rord-nn-kt0p2 pair 2: dE=-30060.9 m dN=24674.4 m (from-pair-7, support=None, peak=None) 
imw-rord-nn-kt0p2: Processing pair 2 from disk...
imw-rord-nn-kt0p2: 0 match-sets in 0.00s
[Coarse] imw-rord-nn-kt0p2 pair 3: dE=73258.3 m dN=-12396.0 m (from-pair-14, support=None, peak=None) 
imw-rord-nn-kt0p2: Processing pair 3 from disk...
imw-rord-nn-kt0p2: 0 match-sets in 0.00s
[Coarse] imw-rord-nn-kt0p2 pair 4: dE=73258.3 m dN=-12396.0 m (from-pair-14, support=None, peak=None) 
imw-rord-nn-kt0p2: Processing pair 4 from disk...
imw-rord-nn-kt0p2: 0 match-sets in 0.00s
[Coarse] imw-rord-nn-kt0p2 pair 5: dE=73258.3 m dN=-12396.0 m (from-pair-14, support=None, peak=None) 
imw-rord-nn-kt0p2: Processing pair 5 from disk...
imw-rord-nn-kt0p2: 0 match-sets in 0.00s
[Coarse] imw-rord-nn-kt0p2 pair 6: dE=73258.3 m dN=-12396.0 m (from-pair-14, support=None, peak=None) 
imw-rord-nn-kt0p2: Processing pair 6 from disk...
imw-rord-nn-kt0p2: 0 match-sets in 0.00s
[Coarse] imw-rord-nn-kt0p2 pair 7: dE=-30060.9 m dN=24674.4 m (phasecorr@315m, support=None, peak=0.07485453462600708) 
imw-rord-nn-kt0p2: Processing pair 7 from disk...
imw-rord-nn-kt0p2: 0 match-sets in 0.00s
[Coarse] imw-rord-nn-kt0p2 pair 8: dE=-34085.2 m dN=23031.2 m (phasecorr@315m, support=None, peak=0.048964771058824325) 
imw-rord-nn-kt0p2: Processing pair 8 from disk...
imw-rord-nn-kt0p2: 0 match-sets in 0.00s
[Coarse] imw-rord-nn-kt0p2 pair 9: dE=-35432.1 m dN=24320.0 m (from-pair-10, support=None, peak=None) 
imw-rord-nn-kt0p2: Processing pair 9 from disk...
imw-rord-nn-kt0p2: 0 match-sets in 0.00s
[Coarse] imw-rord-nn-kt0p2 pair 10: dE=-35432.1 m dN=24320.0 m (phasecorr@315m, support=None, peak=0.12360441419813369) 
imw-rord-nn-kt0p2: Processing pair 10 from disk...
imw-rord-nn-kt0p2: 0 match-sets in 0.00s
[Coarse] imw-rord-nn-kt0p2 pair 11: dE=-34085.2 m dN=23031.2 m (from-pair-8, support=None, peak=None) 
imw-rord-nn-kt0p2: Processing pair 11 from disk...
imw-rord-nn-kt0p2: 0 match-sets in 0.00s
[Coarse] imw-rord-nn-kt0p2 pair 12: dE=73258.3 m dN=-12396.0 m (from-pair-14, support=None, peak=None) 
imw-rord-nn-kt0p2: Processing pair 12 from disk...
imw-rord-nn-kt0p2: 1 match-sets in 0.23s
[Coarse] imw-rord-nn-kt0p2 pair 13: dE=73258.3 m dN=-12396.0 m (from-pair-14, support=None, peak=None) 
imw-rord-nn-kt0p2: Processing pair 13 from disk...
imw-rord-nn-kt0p2: 1 match-sets in 0.23s
[Coarse] imw-rord-nn-kt0p2 pair 14: dE=73258.3 m dN=-12396.0 m (phasecorr@315m, support=None, peak=0.0750410366821289) 
imw-rord-nn-kt0p2: Processing pair 14 from disk...
imw-rord-nn-kt0p2: 0 match-sets in 0.21s
[Coarse] imw-rord-nn-kt0p2 pair 15: dE=73258.3 m dN=-12396.0 m (from-pair-14, support=None, peak=None) 
imw-rord-nn-kt0p2: Processing pair 15 from disk...
imw-rord-nn-kt0p2: 0 match-sets in 0.30s
[Coarse] imw-rord-nn-kt0p2 pair 16: dE=73258.3 m dN=-12396.0 m (from-pair-14, support=None, peak=None) 
imw-rord-nn-kt0p2: Processing pair 16 from disk...
imw-rord-nn-kt0p2: 0 match-sets in 0.30s
[Coarse] imw-rord-nn-kt0p2 pair 17: dE=73258.3 m dN=-12396.0 m (from-pair-14, support=None, peak=None) 
imw-rord-nn-kt0p2: Processing pair 17 from disk...
imw-rord-nn-kt0p2: 1 match-sets in 0.33s
[Coarse] imw-rord-nn-kt0p2 pair 18: dE=73258.3 m dN=-12396.0 m (from-pair-14, support=None, peak=None) 
imw-rord-nn-kt0p2: Processing pair 18 from disk...
imw-rord-nn-kt0p2: 0 match-sets in 0.18s
[Coarse] imw-rord-nn-kt0p2 pair 19: dE=73258.3 m dN=-12396.0 m (from-pair-14, support=None, peak=None) 
imw-rord-nn-kt0p2: Processing pair 19 from disk...
imw-rord-nn-kt0p2: 1 match-sets in 0.20s
[Coarse] imw-rord-nn-kt0p2 pair 20: dE=73258.3 m dN=-12396.0 m (from-pair-14, support=None, peak=None) 
imw-rord-nn-kt0p2: Processing pair 20 from disk...
imw-rord-nn-kt0p2: 1 match-sets in 0.20s
[Coarse] imw-rord-nn-kt0p2 pair 21: dE=-34651.5 m dN=64354.3 m (phasecorr@315m, support=None, peak=0.03061729173699524) 
imw-rord-nn-kt0p2: Processing pair 21 from disk...
imw-rord-nn-kt0p2: 0 match-sets in 0.00s
[Coarse] imw-rord-nn-kt0p2 pair 22: dE=-34651.5 m dN=64354.3 m (from-pair-21, support=None, peak=None) 
imw-rord-nn-kt0p2: Processing pair 22 from disk...
imw-rord-nn-kt0p2: 0 match-sets in 0.00s
[Coarse] imw-rord-nn-kt0p2 pair 23: dE=-34651.5 m dN=64354.3 m (from-pair-21, support=None, peak=None) 
imw-rord-nn-kt0p2: Processing pair 23 from disk...
imw-rord-nn-kt0p2: 0 match-sets in 0.00s
[Coarse] imw-rord-nn-kt0p2 pair 24: dE=75555.3 m dN=-16017.9 m (from-pair-34, support=None, peak=None) 
imw-rord-nn-kt0p2: Processing pair 24 from disk...
imw-rord-nn-kt0p2: 1 match-sets in 0.46s
[Coarse] imw-rord-nn-kt0p2 pair 25: dE=75555.3 m dN=-16017.9 m (from-pair-34, support=None, peak=None) 
imw-rord-nn-kt0p2: Processing pair 25 from disk...
imw-rord-nn-kt0p2: 0 match-sets in 0.41s
[Coarse] imw-rord-nn-kt0p2 pair 26: dE=75555.3 m dN=-16017.9 m (from-pair-34, support=None, peak=None) 
imw-rord-nn-kt0p2: Processing pair 26 from disk...
imw-rord-nn-kt0p2: 1 match-sets in 0.45s
[Coarse] imw-rord-nn-kt0p2 pair 27: dE=75555.3 m dN=-16017.9 m (from-pair-34, support=None, peak=None) 
imw-rord-nn-kt0p2: Processing pair 27 from disk...
imw-rord-nn-kt0p2: 0 match-sets in 0.50s
[Coarse] imw-rord-nn-kt0p2 pair 28: dE=75555.3 m dN=-16017.9 m (from-pair-34, support=None, peak=None) 
imw-rord-nn-kt0p2: Processing pair 28 from disk...
imw-rord-nn-kt0p2: 0 match-sets in 0.50s
[Coarse] imw-rord-nn-kt0p2 pair 29: dE=75555.3 m dN=-16017.9 m (from-pair-34, support=None, peak=None) 
imw-rord-nn-kt0p2: Processing pair 29 from disk...
imw-rord-nn-kt0p2: 0 match-sets in 0.01s
[Coarse] imw-rord-nn-kt0p2 pair 30: dE=29320.3 m dN=32717.6 m (from-pair-31, support=None, peak=None) 
imw-rord-nn-kt0p2: Processing pair 30 from disk...
imw-rord-nn-kt0p2: 0 match-sets in 0.00s
[Coarse] imw-rord-nn-kt0p2 pair 31: dE=29320.3 m dN=32717.6 m (phasecorr@315m, support=None, peak=0.11020252078648948) 
imw-rord-nn-kt0p2: Processing pair 31 from disk...
imw-rord-nn-kt0p2: 0 match-sets in 0.00s
[Coarse] imw-rord-nn-kt0p2 pair 32: dE=75555.3 m dN=-16017.9 m (from-pair-34, support=None, peak=None) 
imw-rord-nn-kt0p2: Processing pair 32 from disk...
imw-rord-nn-kt0p2: 0 match-sets in 0.36s
[Coarse] imw-rord-nn-kt0p2 pair 33: dE=75555.3 m dN=-16017.9 m (from-pair-34, support=None, peak=None) 
imw-rord-nn-kt0p2: Processing pair 33 from disk...
imw-rord-nn-kt0p2: 1 match-sets in 0.39s
[Coarse] imw-rord-nn-kt0p2 pair 34: dE=75555.3 m dN=-16017.9 m (phasecorr@315m, support=None, peak=0.06293188095092773) 
imw-rord-nn-kt0p2: Processing pair 34 from disk...
imw-rord-nn-kt0p2: 0 match-sets in 0.39s
[Coarse] imw-rord-nn-kt0p2 pair 35: dE=75568.1 m dN=-15961.2 m (phasecorr@315m, support=None, peak=0.0629165448612637) 
imw-rord-nn-kt0p2: Processing pair 35 from disk...
imw-rord-nn-kt0p2: 1 match-sets in 0.44s
[Coarse] imw-rord-nn-kt0p2 pair 36: dE=75568.1 m dN=-15961.2 m (from-pair-35, support=None, peak=None) 
imw-rord-nn-kt0p2: Processing pair 36 from disk...
imw-rord-nn-kt0p2: 1 match-sets in 0.21s
[Coarse] imw-rord-nn-kt0p2 pair 37: dE=75568.1 m dN=-15961.2 m (from-pair-35, support=None, peak=None) 
imw-rord-nn-kt0p2: Processing pair 37 from disk...
imw-rord-nn-kt0p2: 0 match-sets in 0.20s
[Coarse] imw-rord-nn-kt0p2 pair 38: dE=10133.5 m dN=16958.4 m (from-pair-39, support=None, peak=None) 
imw-rord-nn-kt0p2: Processing pair 38 from disk...
imw-rord-nn-kt0p2: 0 match-sets in 0.00s
[Coarse] imw-rord-nn-kt0p2 pair 39: dE=10133.5 m dN=16958.4 m (phasecorr@315m, support=None, peak=0.37484617568828443) 
imw-rord-nn-kt0p2: Processing pair 39 from disk...
imw-rord-nn-kt0p2: 0 match-sets in 0.00s
[Coarse] imw-rord-nn-kt0p2 pair 40: dE=76842.6 m dN=-18012.8 m (phasecorr@315m, support=None, peak=0.16032237420847387) 
imw-rord-nn-kt0p2: Processing pair 40 from disk...
imw-rord-nn-kt0p2: 1 match-sets in 0.19s
[Coarse] imw-rord-nn-kt0p2 pair 41: dE=76821.7 m dN=-17970.8 m (phasecorr@315m, support=None, peak=0.1293754681834468) 
imw-rord-nn-kt0p2: Processing pair 41 from disk...
imw-rord-nn-kt0p2: 1 match-sets in 0.19s
[Coarse] imw-rord-nn-kt0p2 pair 42: dE=71418.1 m dN=-83226.9 m (phasecorr@315m, support=None, peak=0.04043954435560439) 
imw-rord-nn-kt0p2: Processing pair 42 from disk...
imw-rord-nn-kt0p2: 1 match-sets in 0.16s
[Coarse] imw-rord-nn-kt0p2 pair 43: dE=71418.1 m dN=-83226.9 m (from-pair-42, support=None, peak=None) 
imw-rord-nn-kt0p2: Processing pair 43 from disk...
imw-rord-nn-kt0p2: 1 match-sets in 0.16s
[Coarse] imw-rord-nn-kt0p2 pair 44: dE=-66700.2 m dN=27164.4 m (phasecorr@315m, support=None, peak=0.060047009852197436) 
imw-rord-nn-kt0p2: Processing pair 44 from disk...
imw-rord-nn-kt0p2: 0 match-sets in 0.00s
[Coarse] imw-rord-nn-kt0p2 pair 45: dE=-65468.5 m dN=11952.3 m (phasecorr@315m, support=None, peak=0.062489196923861616) 
imw-rord-nn-kt0p2: Processing pair 45 from disk...
imw-rord-nn-kt0p2: 0 match-sets in 0.00s
Saved:
 CHIP_STATS_ALL.csv
 CHIP_STATS_SURVIVORS.csv
 CONSENSUS_SCORES.csv
 BEST_CHIP_SET.csv
 BEST_CHIP_MANIFEST.csv
 BEST_FINAL_SUMMARY.csv
[band3] imw-rord-nn-kt0p2 ok in 0.4 min, peak GPU memory 1.2 of 15.6 GB
[imw-rord-nn] Model unloaded.
--------------------------------------------------------------------------------
[band3] Running imw-d2net-nn-kt0p2-fm1
[imw-d2net-nn] Loading model...
[Coarse] pair 1: no reliable coarse offset (matcher: no matches; phasecorr: {'dx': 72221.31426491275, 'dy': -10662.850823270848, 'support': None, 'n': None, 'peak': 0.02032967514970684}); windows compared in place
[Coarse] pair 2: no reliable coarse offset (matcher: no matches; phasecorr: {'dx': 65394.283402378176, 'dy': -25649.46980266543, 'support': None, 'n': None, 'peak': 0.022622975002173116}); windows compared in place
[Coarse] pair 3: no reliable coarse offset (matcher: no matches; phasecorr: {'dx': -84951.32174473844, 'dy': -16333.25546038059, 'support': None, 'n': None, 'peak': 0.023098598562204843}); windows compared in place
[Coarse] pair 4: no reliable coarse offset (matcher: no matches; phasecorr: {'dx': -71296.19311950017, 'dy': -18548.86611268403, 'support': None, 'n': None, 'peak': 0.02308651422222401}); windows compared in place
[Coarse] pair 5: no reliable coarse offset (matcher: no matches; phasecorr: {'dx': -66471.0041660463, 'dy': 19677.698496104596, 'support': None, 'n': None, 'peak': 0.0007051175513875827}); windows compared in place
[Coarse] pair 6: no reliable coarse offset (matcher: {'dx': -95987.8106546402, 'dy': 31476.182498931885, 'support': 2, 'n': 3, 'peak': None}; phasecorr: {'dx': -63117.55771771344, 'dy': 45344.79793689909, 'support': None, 'n': None, 'peak': 0.016527041937588666}); windows compared in place
[Coarse] pair 9: no reliable coarse offset (matcher: no matches; phasecorr: {'dx': -16699.175274071407, 'dy': 24436.94053537555, 'support': None, 'n': None, 'peak': -0.010903077867296006}); windows compared in place
[Coarse] pair 11: no reliable coarse offset (matcher: no matches; phasecorr: {'dx': -17156.568569433253, 'dy': 26769.77008011288, 'support': None, 'n': None, 'peak': -0.005567667855156793}); windows compared in place
[Coarse] pair 12: no reliable coarse offset (matcher: {'dx': -74377.38510131836, 'dy': -85201.97731018066, 'support': 2, 'n': 3, 'peak': None}; phasecorr: {'dx': -54138.7373906018, 'dy': -62739.11738734777, 'support': None, 'n': None, 'peak': 0.019588654039171007}); windows compared in place
[Coarse] pair 13: no reliable coarse offset (matcher: {'dx': -77202.97393798828, 'dy': -88731.27410888672, 'support': 1, 'n': 4, 'peak': None}; phasecorr: {'dx': -3843.534072827219, 'dy': -91640.0194769223, 'support': None, 'n': None, 'peak': 0.015414013681642857}); windows compared in place
[Coarse] pair 15: no reliable coarse offset (matcher: no matches; phasecorr: {'dx': -94939.8559147267, 'dy': -82659.23661442024, 'support': None, 'n': None, 'peak': 0.008939644289605411}); windows compared in place
[Coarse] pair 16: no reliable coarse offset (matcher: {'dx': -73731.11022949219, 'dy': 13391.97006225586, 'support': 1, 'n': 4, 'peak': None}; phasecorr: {'dx': -60639.28459076655, 'dy': -33832.56066827953, 'support': None, 'n': None, 'peak': 0.007406430218281896}); windows compared in place
[Coarse] pair 17: no reliable coarse offset (matcher: no matches; phasecorr: {'dx': -75606.28869913492, 'dy': -40258.11314932236, 'support': None, 'n': None, 'peak': 0.002259464960529971}); windows compared in place
[Coarse] pair 18: no reliable coarse offset (matcher: no matches; phasecorr: {'dx': -47574.86505103309, 'dy': 30736.089922927127, 'support': None, 'n': None, 'peak': -0.005526255078658046}); windows compared in place
[Coarse] pair 19: no reliable coarse offset (matcher: no matches; phasecorr: {'dx': -134048.08681427932, 'dy': 22202.75100943282, 'support': None, 'n': None, 'peak': 0.01199757972153889}); windows compared in place
[Coarse] pair 20: no reliable coarse offset (matcher: {'dx': -59869.591369628906, 'dy': 53157.92266845703, 'support': 1, 'n': 4, 'peak': None}; phasecorr: {'dx': -51737.17622911178, 'dy': 31055.668515360256, 'support': None, 'n': None, 'peak': -0.013213375402903196}); windows compared in place
[Coarse] pair 22: no reliable coarse offset (matcher: no matches; phasecorr: {'dx': -22501.36818549658, 'dy': 56480.21235681643, 'support': None, 'n': None, 'peak': -0.0038632059607486176}); windows compared in place
[Coarse] pair 23: no reliable coarse offset (matcher: no matches; phasecorr: {'dx': -38768.62470648129, 'dy': 60272.71480887387, 'support': None, 'n': None, 'peak': 0.018053494174784593}); windows compared in place
[Coarse] pair 24: no reliable coarse offset (matcher: no matches; phasecorr: {'dx': 5060.875137458928, 'dy': -132702.46963164263, 'support': None, 'n': None, 'peak': 0.004566593000623915}); windows compared in place
[Coarse] pair 25: no reliable coarse offset (matcher: no matches; phasecorr: {'dx': 19115.97600195751, 'dy': -87876.18077077619, 'support': None, 'n': None, 'peak': 0.014515514945983887}); windows compared in place
[Coarse] pair 26: no reliable coarse offset (matcher: {'dx': -40481.60717010498, 'dy': -93214.68887329102, 'support': 1, 'n': 3, 'peak': None}; phasecorr: {'dx': -25110.617324353138, 'dy': -110321.271036598, 'support': None, 'n': None, 'peak': 0.028688357883029515}); windows compared in place
[Coarse] pair 27: no reliable coarse offset (matcher: no matches; phasecorr: {'dx': -24618.815192443915, 'dy': -51702.316299651786, 'support': None, 'n': None, 'peak': 0.024773373663302803}); windows compared in place
[Coarse] pair 28: no reliable coarse offset (matcher: {'dx': -64661.906061172485, 'dy': 29822.5634765625, 'support': 1, 'n': 4, 'peak': None}; phasecorr: {'dx': -34345.520193795004, 'dy': -31836.47230271583, 'support': None, 'n': None, 'peak': 0.007815724782982971}); windows compared in place
[Coarse] pair 29: no reliable coarse offset (matcher: no matches; phasecorr: {'dx': -23015.789594526494, 'dy': 27033.23829875427, 'support': None, 'n': None, 'peak': -0.010339975127467402}); windows compared in place
[Coarse] pair 30: no reliable coarse offset (matcher: no matches; phasecorr: {'dx': 44341.741084490575, 'dy': 33964.32140920293, 'support': None, 'n': None, 'peak': 0.012143600762135697}); windows compared in place
[Coarse] pair 32: no reliable coarse offset (matcher: no matches; phasecorr: {'dx': 76928.68966913699, 'dy': -17747.191922768525, 'support': None, 'n': None, 'peak': 0.018933949931462607}); windows compared in place
[Coarse] pair 33: no reliable coarse offset (matcher: no matches; phasecorr: {'dx': 76984.7825803246, 'dy': -17783.154749211222, 'support': None, 'n': None, 'peak': 0.01788282951116562}); windows compared in place
[Coarse] pair 36: no reliable coarse offset (matcher: no matches; phasecorr: {'dx': 19637.281743784188, 'dy': 28659.270855444367, 'support': None, 'n': None, 'peak': 0.011020430701750296}); windows compared in place
[Coarse] pair 37: no reliable coarse offset (matcher: no matches; phasecorr: {'dx': 7507.0015977467065, 'dy': 32833.49977892313, 'support': None, 'n': None, 'peak': 0.0048901353058991605}); windows compared in place
[Coarse] pair 38: no reliable coarse offset (matcher: no matches; phasecorr: {'dx': 23247.53686111282, 'dy': 17041.62175906921, 'support': None, 'n': None, 'peak': 0.019549365950219427}); windows compared in place
[Coarse] pair 43: no reliable coarse offset (matcher: no matches; phasecorr: {'dx': 59869.22805112187, 'dy': -96325.01557673489, 'support': None, 'n': None, 'peak': 0.00793376685672336}); windows compared in place
[Coarse] pair 7: phase correlation gave dE=-30061 m dN=24674 m, 114.9 km from every offset the matcher measured; using pair 41's (dE=76755 m dN=-17706 m)
[Coarse] pair 8: phase correlation gave dE=-34085 m dN=23031 m, 118.1 km from every offset the matcher measured; using pair 41's (dE=76755 m dN=-17706 m)
[Coarse] pair 10: phase correlation gave dE=-35432 m dN=24320 m, 119.8 km from every offset the matcher measured; using pair 41's (dE=76755 m dN=-17706 m)
[Coarse] pair 14: phase correlation gave dE=73258 m dN=-12396 m, 6.4 km from every offset the matcher measured; using pair 41's (dE=76755 m dN=-17706 m)
[Coarse] pair 21: phase correlation gave dE=-34652 m dN=64354 m, 138.4 km from every offset the matcher measured; using pair 41's (dE=76755 m dN=-17706 m)
[Coarse] pair 31: phase correlation gave dE=29320 m dN=32718 m, 69.2 km from every offset the matcher measured; using pair 41's (dE=76755 m dN=-17706 m)
[Coarse] pair 39: phase correlation gave dE=10133 m dN=16958 m, 75.1 km from every offset the matcher measured; using pair 40's (dE=77213 m dN=-17722 m)
[Coarse] pair 42: phase correlation gave dE=71418 m dN=-83227 m, 65.7 km from every offset the matcher measured; using pair 40's (dE=77213 m dN=-17722 m)
[Coarse] pair 44: phase correlation gave dE=-66700 m dN=27164 m, 150.3 km from every offset the matcher measured; using pair 40's (dE=77213 m dN=-17722 m)
[Coarse] pair 45: phase correlation gave dE=-65469 m dN=11952 m, 145.3 km from every offset the matcher measured; using pair 40's (dE=77213 m dN=-17722 m)
[Coarse] imw-d2net-nn-kt0p2-fm1 pair 1: dE=76755.3 m dN=-17705.5 m (from-pair-7, support=None, peak=None) 
imw-d2net-nn-kt0p2-fm1: Processing pair 1 from disk...
imw-d2net-nn-kt0p2-fm1: 0 match-sets in 0.00s
[Coarse] imw-d2net-nn-kt0p2-fm1 pair 2: dE=76755.3 m dN=-17705.5 m (from-pair-7, support=None, peak=None) 
imw-d2net-nn-kt0p2-fm1: Processing pair 2 from disk...
imw-d2net-nn-kt0p2-fm1: 0 match-sets in 0.00s
[Coarse] imw-d2net-nn-kt0p2-fm1 pair 3: dE=76755.3 m dN=-17705.5 m (from-pair-14, support=None, peak=None) 
imw-d2net-nn-kt0p2-fm1: Processing pair 3 from disk...
imw-d2net-nn-kt0p2-fm1: 0 match-sets in 0.00s
[Coarse] imw-d2net-nn-kt0p2-fm1 pair 4: dE=76755.3 m dN=-17705.5 m (from-pair-14, support=None, peak=None) 
imw-d2net-nn-kt0p2-fm1: Processing pair 4 from disk...
imw-d2net-nn-kt0p2-fm1: 0 match-sets in 0.00s
[Coarse] imw-d2net-nn-kt0p2-fm1 pair 5: dE=76755.3 m dN=-17705.5 m (from-pair-14, support=None, peak=None) 
imw-d2net-nn-kt0p2-fm1: Processing pair 5 from disk...
imw-d2net-nn-kt0p2-fm1: 0 match-sets in 0.00s
[Coarse] imw-d2net-nn-kt0p2-fm1 pair 6: dE=76755.3 m dN=-17705.5 m (from-pair-14, support=None, peak=None) 
imw-d2net-nn-kt0p2-fm1: Processing pair 6 from disk...
imw-d2net-nn-kt0p2-fm1: 0 match-sets in 0.00s
[Coarse] imw-d2net-nn-kt0p2-fm1 pair 7: dE=76755.3 m dN=-17705.5 m (from-pair-41 (phasecorr disagreed), support=None, peak=0.07485453462600708) 
imw-d2net-nn-kt0p2-fm1: Processing pair 7 from disk...
imw-d2net-nn-kt0p2-fm1: 0 match-sets in 0.00s
[Coarse] imw-d2net-nn-kt0p2-fm1 pair 8: dE=76755.3 m dN=-17705.5 m (from-pair-41 (phasecorr disagreed), support=None, peak=0.048964771058824325) 
imw-d2net-nn-kt0p2-fm1: Processing pair 8 from disk...
imw-d2net-nn-kt0p2-fm1: 0 match-sets in 0.00s
[Coarse] imw-d2net-nn-kt0p2-fm1 pair 9: dE=76755.3 m dN=-17705.5 m (from-pair-10, support=None, peak=None) 
imw-d2net-nn-kt0p2-fm1: Processing pair 9 from disk...
imw-d2net-nn-kt0p2-fm1: 0 match-sets in 0.00s
[Coarse] imw-d2net-nn-kt0p2-fm1 pair 10: dE=76755.3 m dN=-17705.5 m (from-pair-41 (phasecorr disagreed), support=None, peak=0.12360441419813369) 
imw-d2net-nn-kt0p2-fm1: Processing pair 10 from disk...
imw-d2net-nn-kt0p2-fm1: 0 match-sets in 0.00s
[Coarse] imw-d2net-nn-kt0p2-fm1 pair 11: dE=76755.3 m dN=-17705.5 m (from-pair-8, support=None, peak=None) 
imw-d2net-nn-kt0p2-fm1: Processing pair 11 from disk...
imw-d2net-nn-kt0p2-fm1: 0 match-sets in 0.00s
[Coarse] imw-d2net-nn-kt0p2-fm1 pair 12: dE=76755.3 m dN=-17705.5 m (from-pair-14, support=None, peak=None) 
imw-d2net-nn-kt0p2-fm1: Processing pair 12 from disk...
imw-d2net-nn-kt0p2-fm1: 1 match-sets in 0.65s
[Coarse] imw-d2net-nn-kt0p2-fm1 pair 13: dE=76755.3 m dN=-17705.5 m (from-pair-14, support=None, peak=None) 
imw-d2net-nn-kt0p2-fm1: Processing pair 13 from disk...
imw-d2net-nn-kt0p2-fm1: 1 match-sets in 0.65s
[Coarse] imw-d2net-nn-kt0p2-fm1 pair 14: dE=76755.3 m dN=-17705.5 m (from-pair-41 (phasecorr disagreed), support=None, peak=0.0750410366821289) 
imw-d2net-nn-kt0p2-fm1: Processing pair 14 from disk...
imw-d2net-nn-kt0p2-fm1: 0 match-sets in 0.63s
[Coarse] imw-d2net-nn-kt0p2-fm1 pair 15: dE=76755.3 m dN=-17705.5 m (from-pair-14, support=None, peak=None) 
imw-d2net-nn-kt0p2-fm1: Processing pair 15 from disk...
imw-d2net-nn-kt0p2-fm1: 1 match-sets in 1.48s
[Coarse] imw-d2net-nn-kt0p2-fm1 pair 16: dE=76755.3 m dN=-17705.5 m (from-pair-14, support=None, peak=None) 
imw-d2net-nn-kt0p2-fm1: Processing pair 16 from disk...
imw-d2net-nn-kt0p2-fm1: 1 match-sets in 0.92s
[Coarse] imw-d2net-nn-kt0p2-fm1 pair 17: dE=76755.3 m dN=-17705.5 m (from-pair-14, support=None, peak=None) 
imw-d2net-nn-kt0p2-fm1: Processing pair 17 from disk...
imw-d2net-nn-kt0p2-fm1: 1 match-sets in 0.92s
[Coarse] imw-d2net-nn-kt0p2-fm1 pair 18: dE=76755.3 m dN=-17705.5 m (from-pair-14, support=None, peak=None) 
imw-d2net-nn-kt0p2-fm1: Processing pair 18 from disk...
imw-d2net-nn-kt0p2-fm1: 0 match-sets in 0.71s
[Coarse] imw-d2net-nn-kt0p2-fm1 pair 19: dE=76755.3 m dN=-17705.5 m (from-pair-14, support=None, peak=None) 
imw-d2net-nn-kt0p2-fm1: Processing pair 19 from disk...
imw-d2net-nn-kt0p2-fm1: 0 match-sets in 0.54s
[Coarse] imw-d2net-nn-kt0p2-fm1 pair 20: dE=76755.3 m dN=-17705.5 m (from-pair-14, support=None, peak=None) 
imw-d2net-nn-kt0p2-fm1: Processing pair 20 from disk...
imw-d2net-nn-kt0p2-fm1: 0 match-sets in 0.54s
[Coarse] imw-d2net-nn-kt0p2-fm1 pair 21: dE=76755.3 m dN=-17705.5 m (from-pair-41 (phasecorr disagreed), support=None, peak=0.03061729173699524) 
imw-d2net-nn-kt0p2-fm1: Processing pair 21 from disk...
imw-d2net-nn-kt0p2-fm1: 0 match-sets in 0.00s
[Coarse] imw-d2net-nn-kt0p2-fm1 pair 22: dE=76755.3 m dN=-17705.5 m (from-pair-21, support=None, peak=None) 
imw-d2net-nn-kt0p2-fm1: Processing pair 22 from disk...
imw-d2net-nn-kt0p2-fm1: 0 match-sets in 0.00s
[Coarse] imw-d2net-nn-kt0p2-fm1 pair 23: dE=76755.3 m dN=-17705.5 m (from-pair-21, support=None, peak=None) 
imw-d2net-nn-kt0p2-fm1: Processing pair 23 from disk...
imw-d2net-nn-kt0p2-fm1: 0 match-sets in 0.00s
[Coarse] imw-d2net-nn-kt0p2-fm1 pair 24: dE=75555.3 m dN=-16017.9 m (from-pair-34, support=None, peak=None) 
imw-d2net-nn-kt0p2-fm1: Processing pair 24 from disk...
imw-d2net-nn-kt0p2-fm1: 1 match-sets in 1.31s
[Coarse] imw-d2net-nn-kt0p2-fm1 pair 25: dE=75555.3 m dN=-16017.9 m (from-pair-34, support=None, peak=None) 
imw-d2net-nn-kt0p2-fm1: Processing pair 25 from disk...
imw-d2net-nn-kt0p2-fm1: 0 match-sets in 1.27s
[Coarse] imw-d2net-nn-kt0p2-fm1 pair 26: dE=75555.3 m dN=-16017.9 m (from-pair-34, support=None, peak=None) 
imw-d2net-nn-kt0p2-fm1: Processing pair 26 from disk...
imw-d2net-nn-kt0p2-fm1: 0 match-sets in 1.26s
[Coarse] imw-d2net-nn-kt0p2-fm1 pair 27: dE=75555.3 m dN=-16017.9 m (from-pair-34, support=None, peak=None) 
imw-d2net-nn-kt0p2-fm1: Processing pair 27 from disk...
imw-d2net-nn-kt0p2-fm1: 1 match-sets in 1.81s
[Coarse] imw-d2net-nn-kt0p2-fm1 pair 28: dE=75555.3 m dN=-16017.9 m (from-pair-34, support=None, peak=None) 
imw-d2net-nn-kt0p2-fm1: Processing pair 28 from disk...
imw-d2net-nn-kt0p2-fm1: 1 match-sets in 1.78s
[Coarse] imw-d2net-nn-kt0p2-fm1 pair 29: dE=75555.3 m dN=-16017.9 m (from-pair-34, support=None, peak=None) 
imw-d2net-nn-kt0p2-fm1: Processing pair 29 from disk...
imw-d2net-nn-kt0p2-fm1: 0 match-sets in 0.01s
[Coarse] imw-d2net-nn-kt0p2-fm1 pair 30: dE=76755.3 m dN=-17705.5 m (from-pair-31, support=None, peak=None) 
imw-d2net-nn-kt0p2-fm1: Processing pair 30 from disk...
imw-d2net-nn-kt0p2-fm1: 0 match-sets in 0.00s
[Coarse] imw-d2net-nn-kt0p2-fm1 pair 31: dE=76755.3 m dN=-17705.5 m (from-pair-41 (phasecorr disagreed), support=None, peak=0.11020252078648948) 
imw-d2net-nn-kt0p2-fm1: Processing pair 31 from disk...
imw-d2net-nn-kt0p2-fm1: 0 match-sets in 0.00s
[Coarse] imw-d2net-nn-kt0p2-fm1 pair 32: dE=75555.3 m dN=-16017.9 m (from-pair-34, support=None, peak=None) 
imw-d2net-nn-kt0p2-fm1: Processing pair 32 from disk...
imw-d2net-nn-kt0p2-fm1: 1 match-sets in 1.07s
[Coarse] imw-d2net-nn-kt0p2-fm1 pair 33: dE=75555.3 m dN=-16017.9 m (from-pair-34, support=None, peak=None) 
imw-d2net-nn-kt0p2-fm1: Processing pair 33 from disk...
imw-d2net-nn-kt0p2-fm1: 0 match-sets in 1.01s
[Coarse] imw-d2net-nn-kt0p2-fm1 pair 34: dE=75555.3 m dN=-16017.9 m (phasecorr@315m, support=None, peak=0.06293188095092773) 
imw-d2net-nn-kt0p2-fm1: Processing pair 34 from disk...
imw-d2net-nn-kt0p2-fm1: 0 match-sets in 1.29s
[Coarse] imw-d2net-nn-kt0p2-fm1 pair 35: dE=75568.1 m dN=-15961.2 m (phasecorr@315m, support=None, peak=0.0629165448612637) 
imw-d2net-nn-kt0p2-fm1: Processing pair 35 from disk...
imw-d2net-nn-kt0p2-fm1: 1 match-sets in 1.33s
[Coarse] imw-d2net-nn-kt0p2-fm1 pair 36: dE=75568.1 m dN=-15961.2 m (from-pair-35, support=None, peak=None) 
imw-d2net-nn-kt0p2-fm1: Processing pair 36 from disk...
imw-d2net-nn-kt0p2-fm1: 1 match-sets in 0.48s
[Coarse] imw-d2net-nn-kt0p2-fm1 pair 37: dE=75568.1 m dN=-15961.2 m (from-pair-35, support=None, peak=None) 
imw-d2net-nn-kt0p2-fm1: Processing pair 37 from disk...
imw-d2net-nn-kt0p2-fm1: 0 match-sets in 0.46s
[Coarse] imw-d2net-nn-kt0p2-fm1 pair 38: dE=77213.4 m dN=-17721.9 m (from-pair-39, support=None, peak=None) 
imw-d2net-nn-kt0p2-fm1: Processing pair 38 from disk...
imw-d2net-nn-kt0p2-fm1: 0 match-sets in 0.00s
[Coarse] imw-d2net-nn-kt0p2-fm1 pair 39: dE=77213.4 m dN=-17721.9 m (from-pair-40 (phasecorr disagreed), support=None, peak=0.37484617568828443) 
imw-d2net-nn-kt0p2-fm1: Processing pair 39 from disk...
imw-d2net-nn-kt0p2-fm1: 0 match-sets in 0.00s
[Coarse] imw-d2net-nn-kt0p2-fm1 pair 40: dE=77213.4 m dN=-17721.9 m (matcher@315m, support=17, peak=None) 
imw-d2net-nn-kt0p2-fm1: Processing pair 40 from disk...
imw-d2net-nn-kt0p2-fm1: 1 match-sets in 0.41s
[Coarse] imw-d2net-nn-kt0p2-fm1 pair 41: dE=76755.3 m dN=-17705.5 m (matcher@315m, support=12, peak=None) 
imw-d2net-nn-kt0p2-fm1: Processing pair 41 from disk...
imw-d2net-nn-kt0p2-fm1: 1 match-sets in 0.43s
[Coarse] imw-d2net-nn-kt0p2-fm1 pair 42: dE=77213.4 m dN=-17721.9 m (from-pair-40 (phasecorr disagreed), support=None, peak=0.04043954435560439) 
imw-d2net-nn-kt0p2-fm1: Processing pair 42 from disk...
imw-d2net-nn-kt0p2-fm1: 1 match-sets in 0.94s
[Coarse] imw-d2net-nn-kt0p2-fm1 pair 43: dE=77213.4 m dN=-17721.9 m (from-pair-42, support=None, peak=None) 
imw-d2net-nn-kt0p2-fm1: Processing pair 43 from disk...
imw-d2net-nn-kt0p2-fm1: 0 match-sets in 0.42s
[Coarse] imw-d2net-nn-kt0p2-fm1 pair 44: dE=77213.4 m dN=-17721.9 m (from-pair-40 (phasecorr disagreed), support=None, peak=0.060047009852197436) 
imw-d2net-nn-kt0p2-fm1: Processing pair 44 from disk...
imw-d2net-nn-kt0p2-fm1: 0 match-sets in 0.00s
[Coarse] imw-d2net-nn-kt0p2-fm1 pair 45: dE=77213.4 m dN=-17721.9 m (from-pair-40 (phasecorr disagreed), support=None, peak=0.062489196923861616) 
imw-d2net-nn-kt0p2-fm1: Processing pair 45 from disk...
imw-d2net-nn-kt0p2-fm1: 0 match-sets in 0.00s
Saved:
 CHIP_STATS_ALL.csv
 CHIP_STATS_SURVIVORS.csv
 CONSENSUS_SCORES.csv
 BEST_CHIP_SET.csv
 BEST_CHIP_MANIFEST.csv
 BEST_FINAL_SUMMARY.csv
[band3] imw-d2net-nn-kt0p2-fm1 ok in 1.0 min, peak GPU memory 4.6 of 15.6 GB
[imw-d2net-nn] Model unloaded.
--------------------------------------------------------------------------------
[band3] Running imw-d2net-nn-kt0p2
[imw-d2net-nn] Loading model...
[Coarse] pair 1: no reliable coarse offset (matcher: no matches; phasecorr: {'dx': 72221.31426491275, 'dy': -10662.850823270848, 'support': None, 'n': None, 'peak': 0.02032967514970684}); windows compared in place
[Coarse] pair 2: no reliable coarse offset (matcher: no matches; phasecorr: {'dx': 65394.283402378176, 'dy': -25649.46980266543, 'support': None, 'n': None, 'peak': 0.022622975002173116}); windows compared in place
[Coarse] pair 3: no reliable coarse offset (matcher: no matches; phasecorr: {'dx': -84951.32174473844, 'dy': -16333.25546038059, 'support': None, 'n': None, 'peak': 0.023098598562204843}); windows compared in place
[Coarse] pair 4: no reliable coarse offset (matcher: no matches; phasecorr: {'dx': -71296.19311950017, 'dy': -18548.86611268403, 'support': None, 'n': None, 'peak': 0.02308651422222401}); windows compared in place
[Coarse] pair 5: no reliable coarse offset (matcher: no matches; phasecorr: {'dx': -66471.0041660463, 'dy': 19677.698496104596, 'support': None, 'n': None, 'peak': 0.0007051175513875827}); windows compared in place
[Coarse] pair 6: no reliable coarse offset (matcher: no matches; phasecorr: {'dx': -63117.55771771344, 'dy': 45344.79793689909, 'support': None, 'n': None, 'peak': 0.016527041937588666}); windows compared in place
[Coarse] pair 9: no reliable coarse offset (matcher: no matches; phasecorr: {'dx': -16699.175274071407, 'dy': 24436.94053537555, 'support': None, 'n': None, 'peak': -0.010903077867296006}); windows compared in place
[Coarse] pair 11: no reliable coarse offset (matcher: no matches; phasecorr: {'dx': -17156.568569433253, 'dy': 26769.77008011288, 'support': None, 'n': None, 'peak': -0.005567667855156793}); windows compared in place
[Coarse] pair 12: no reliable coarse offset (matcher: no matches; phasecorr: {'dx': -54138.7373906018, 'dy': -62739.11738734777, 'support': None, 'n': None, 'peak': 0.019588654039171007}); windows compared in place
[Coarse] pair 13: no reliable coarse offset (matcher: no matches; phasecorr: {'dx': -3843.534072827219, 'dy': -91640.0194769223, 'support': None, 'n': None, 'peak': 0.015414013681642857}); windows compared in place
[Coarse] pair 15: no reliable coarse offset (matcher: no matches; phasecorr: {'dx': -94939.8559147267, 'dy': -82659.23661442024, 'support': None, 'n': None, 'peak': 0.008939644289605411}); windows compared in place
[Coarse] pair 16: no reliable coarse offset (matcher: no matches; phasecorr: {'dx': -60639.28459076655, 'dy': -33832.56066827953, 'support': None, 'n': None, 'peak': 0.007406430218281896}); windows compared in place
[Coarse] pair 17: no reliable coarse offset (matcher: no matches; phasecorr: {'dx': -75606.28869913492, 'dy': -40258.11314932236, 'support': None, 'n': None, 'peak': 0.002259464960529971}); windows compared in place
[Coarse] pair 18: no reliable coarse offset (matcher: no matches; phasecorr: {'dx': -47574.86505103309, 'dy': 30736.089922927127, 'support': None, 'n': None, 'peak': -0.005526255078658046}); windows compared in place
[Coarse] pair 19: no reliable coarse offset (matcher: no matches; phasecorr: {'dx': -134048.08681427932, 'dy': 22202.75100943282, 'support': None, 'n': None, 'peak': 0.01199757972153889}); windows compared in place
[Coarse] pair 20: no reliable coarse offset (matcher: no matches; phasecorr: {'dx': -51737.17622911178, 'dy': 31055.668515360256, 'support': None, 'n': None, 'peak': -0.013213375402903196}); windows compared in place
[Coarse] pair 22: no reliable coarse offset (matcher: no matches; phasecorr: {'dx': -22501.36818549658, 'dy': 56480.21235681643, 'support': None, 'n': None, 'peak': -0.0038632059607486176}); windows compared in place
[Coarse] pair 23: no reliable coarse offset (matcher: no matches; phasecorr: {'dx': -38768.62470648129, 'dy': 60272.71480887387, 'support': None, 'n': None, 'peak': 0.018053494174784593}); windows compared in place
[Coarse] pair 24: no reliable coarse offset (matcher: no matches; phasecorr: {'dx': 5060.875137458928, 'dy': -132702.46963164263, 'support': None, 'n': None, 'peak': 0.004566593000623915}); windows compared in place
[Coarse] pair 25: no reliable coarse offset (matcher: no matches; phasecorr: {'dx': 19115.97600195751, 'dy': -87876.18077077619, 'support': None, 'n': None, 'peak': 0.014515514945983887}); windows compared in place
[Coarse] pair 26: no reliable coarse offset (matcher: {'dx': -79889.59671020508, 'dy': -86295.0325012207, 'support': 1, 'n': 3, 'peak': None}; phasecorr: {'dx': -25110.617324353138, 'dy': -110321.271036598, 'support': None, 'n': None, 'peak': 0.028688357883029515}); windows compared in place
[Coarse] pair 27: no reliable coarse offset (matcher: no matches; phasecorr: {'dx': -24618.815192443915, 'dy': -51702.316299651786, 'support': None, 'n': None, 'peak': 0.024773373663302803}); windows compared in place
[Coarse] pair 28: no reliable coarse offset (matcher: no matches; phasecorr: {'dx': -34345.520193795004, 'dy': -31836.47230271583, 'support': None, 'n': None, 'peak': 0.007815724782982971}); windows compared in place
[Coarse] pair 29: no reliable coarse offset (matcher: no matches; phasecorr: {'dx': -23015.789594526494, 'dy': 27033.23829875427, 'support': None, 'n': None, 'peak': -0.010339975127467402}); windows compared in place
[Coarse] pair 30: no reliable coarse offset (matcher: no matches; phasecorr: {'dx': 44341.741084490575, 'dy': 33964.32140920293, 'support': None, 'n': None, 'peak': 0.012143600762135697}); windows compared in place
[Coarse] pair 32: no reliable coarse offset (matcher: no matches; phasecorr: {'dx': 76928.68966913699, 'dy': -17747.191922768525, 'support': None, 'n': None, 'peak': 0.018933949931462607}); windows compared in place
[Coarse] pair 33: no reliable coarse offset (matcher: no matches; phasecorr: {'dx': 76984.7825803246, 'dy': -17783.154749211222, 'support': None, 'n': None, 'peak': 0.01788282951116562}); windows compared in place
[Coarse] pair 36: no reliable coarse offset (matcher: no matches; phasecorr: {'dx': 19637.281743784188, 'dy': 28659.270855444367, 'support': None, 'n': None, 'peak': 0.011020430701750296}); windows compared in place
[Coarse] pair 37: no reliable coarse offset (matcher: no matches; phasecorr: {'dx': 7507.0015977467065, 'dy': 32833.49977892313, 'support': None, 'n': None, 'peak': 0.0048901353058991605}); windows compared in place
[Coarse] pair 38: no reliable coarse offset (matcher: no matches; phasecorr: {'dx': 23247.53686111282, 'dy': 17041.62175906921, 'support': None, 'n': None, 'peak': 0.019549365950219427}); windows compared in place
[Coarse] pair 43: no reliable coarse offset (matcher: {'dx': 78198.62022399902, 'dy': -17751.82846069336, 'support': 1, 'n': 5, 'peak': None}; phasecorr: {'dx': 59869.22805112187, 'dy': -96325.01557673489, 'support': None, 'n': None, 'peak': 0.00793376685672336}); windows compared in place
[Coarse] pair 7: phase correlation gave dE=-30061 m dN=24674 m, 114.8 km from every offset the matcher measured; using pair 41's (dE=76449 m dN=-18157 m)
[Coarse] pair 8: phase correlation gave dE=-34085 m dN=23031 m, 118.0 km from every offset the matcher measured; using pair 41's (dE=76449 m dN=-18157 m)
[Coarse] pair 10: phase correlation gave dE=-35432 m dN=24320 m, 119.7 km from every offset the matcher measured; using pair 41's (dE=76449 m dN=-18157 m)
[Coarse] pair 14: phase correlation gave dE=73258 m dN=-12396 m, 6.6 km from every offset the matcher measured; using pair 41's (dE=76449 m dN=-18157 m)
[Coarse] pair 21: phase correlation gave dE=-34652 m dN=64354 m, 138.4 km from every offset the matcher measured; using pair 41's (dE=76449 m dN=-18157 m)
[Coarse] pair 31: phase correlation gave dE=29320 m dN=32718 m, 69.3 km from every offset the matcher measured; using pair 41's (dE=76449 m dN=-18157 m)
[Coarse] pair 39: phase correlation gave dE=10133 m dN=16958 m, 75.0 km from every offset the matcher measured; using pair 40's (dE=76355 m dN=-18552 m)
[Coarse] pair 42: phase correlation gave dE=71418 m dN=-83227 m, 64.9 km from every offset the matcher measured; using pair 40's (dE=76355 m dN=-18552 m)
[Coarse] pair 44: phase correlation gave dE=-66700 m dN=27164 m, 150.2 km from every offset the matcher measured; using pair 40's (dE=76355 m dN=-18552 m)
[Coarse] pair 45: phase correlation gave dE=-65469 m dN=11952 m, 145.1 km from every offset the matcher measured; using pair 40's (dE=76355 m dN=-18552 m)
[Coarse] imw-d2net-nn-kt0p2 pair 1: dE=76449.4 m dN=-18157.3 m (from-pair-7, support=None, peak=None) 
imw-d2net-nn-kt0p2: Processing pair 1 from disk...
imw-d2net-nn-kt0p2: 0 match-sets in 0.00s
[Coarse] imw-d2net-nn-kt0p2 pair 2: dE=76449.4 m dN=-18157.3 m (from-pair-7, support=None, peak=None) 
imw-d2net-nn-kt0p2: Processing pair 2 from disk...
imw-d2net-nn-kt0p2: 0 match-sets in 0.00s
[Coarse] imw-d2net-nn-kt0p2 pair 3: dE=76449.4 m dN=-18157.3 m (from-pair-14, support=None, peak=None) 
imw-d2net-nn-kt0p2: Processing pair 3 from disk...
imw-d2net-nn-kt0p2: 0 match-sets in 0.00s
[Coarse] imw-d2net-nn-kt0p2 pair 4: dE=76449.4 m dN=-18157.3 m (from-pair-14, support=None, peak=None) 
imw-d2net-nn-kt0p2: Processing pair 4 from disk...
imw-d2net-nn-kt0p2: 0 match-sets in 0.00s
[Coarse] imw-d2net-nn-kt0p2 pair 5: dE=76449.4 m dN=-18157.3 m (from-pair-14, support=None, peak=None) 
imw-d2net-nn-kt0p2: Processing pair 5 from disk...
imw-d2net-nn-kt0p2: 0 match-sets in 0.00s
[Coarse] imw-d2net-nn-kt0p2 pair 6: dE=76449.4 m dN=-18157.3 m (from-pair-14, support=None, peak=None) 
imw-d2net-nn-kt0p2: Processing pair 6 from disk...
imw-d2net-nn-kt0p2: 0 match-sets in 0.00s
[Coarse] imw-d2net-nn-kt0p2 pair 7: dE=76449.4 m dN=-18157.3 m (from-pair-41 (phasecorr disagreed), support=None, peak=0.07485453462600708) 
imw-d2net-nn-kt0p2: Processing pair 7 from disk...
imw-d2net-nn-kt0p2: 0 match-sets in 0.00s
[Coarse] imw-d2net-nn-kt0p2 pair 8: dE=76449.4 m dN=-18157.3 m (from-pair-41 (phasecorr disagreed), support=None, peak=0.048964771058824325) 
imw-d2net-nn-kt0p2: Processing pair 8 from disk...
imw-d2net-nn-kt0p2: 0 match-sets in 0.00s
[Coarse] imw-d2net-nn-kt0p2 pair 9: dE=76449.4 m dN=-18157.3 m (from-pair-10, support=None, peak=None) 
imw-d2net-nn-kt0p2: Processing pair 9 from disk...
imw-d2net-nn-kt0p2: 0 match-sets in 0.00s
[Coarse] imw-d2net-nn-kt0p2 pair 10: dE=76449.4 m dN=-18157.3 m (from-pair-41 (phasecorr disagreed), support=None, peak=0.12360441419813369) 
imw-d2net-nn-kt0p2: Processing pair 10 from disk...
imw-d2net-nn-kt0p2: 0 match-sets in 0.00s
[Coarse] imw-d2net-nn-kt0p2 pair 11: dE=76449.4 m dN=-18157.3 m (from-pair-8, support=None, peak=None) 
imw-d2net-nn-kt0p2: Processing pair 11 from disk...
imw-d2net-nn-kt0p2: 0 match-sets in 0.00s
[Coarse] imw-d2net-nn-kt0p2 pair 12: dE=76449.4 m dN=-18157.3 m (from-pair-14, support=None, peak=None) 
imw-d2net-nn-kt0p2: Processing pair 12 from disk...
imw-d2net-nn-kt0p2: 1 match-sets in 0.24s
[Coarse] imw-d2net-nn-kt0p2 pair 13: dE=76449.4 m dN=-18157.3 m (from-pair-14, support=None, peak=None) 
imw-d2net-nn-kt0p2: Processing pair 13 from disk...
imw-d2net-nn-kt0p2: 1 match-sets in 0.24s
[Coarse] imw-d2net-nn-kt0p2 pair 14: dE=76449.4 m dN=-18157.3 m (from-pair-41 (phasecorr disagreed), support=None, peak=0.0750410366821289) 
imw-d2net-nn-kt0p2: Processing pair 14 from disk...
imw-d2net-nn-kt0p2: 0 match-sets in 0.22s
[Coarse] imw-d2net-nn-kt0p2 pair 15: dE=76449.4 m dN=-18157.3 m (from-pair-14, support=None, peak=None) 
imw-d2net-nn-kt0p2: Processing pair 15 from disk...
imw-d2net-nn-kt0p2: 1 match-sets in 0.33s
[Coarse] imw-d2net-nn-kt0p2 pair 16: dE=76449.4 m dN=-18157.3 m (from-pair-14, support=None, peak=None) 
imw-d2net-nn-kt0p2: Processing pair 16 from disk...
imw-d2net-nn-kt0p2: 1 match-sets in 0.33s
[Coarse] imw-d2net-nn-kt0p2 pair 17: dE=76449.4 m dN=-18157.3 m (from-pair-14, support=None, peak=None) 
imw-d2net-nn-kt0p2: Processing pair 17 from disk...
imw-d2net-nn-kt0p2: 1 match-sets in 0.33s
[Coarse] imw-d2net-nn-kt0p2 pair 18: dE=76449.4 m dN=-18157.3 m (from-pair-14, support=None, peak=None) 
imw-d2net-nn-kt0p2: Processing pair 18 from disk...
imw-d2net-nn-kt0p2: 0 match-sets in 0.19s
[Coarse] imw-d2net-nn-kt0p2 pair 19: dE=76449.4 m dN=-18157.3 m (from-pair-14, support=None, peak=None) 
imw-d2net-nn-kt0p2: Processing pair 19 from disk...
imw-d2net-nn-kt0p2: 0 match-sets in 0.19s
[Coarse] imw-d2net-nn-kt0p2 pair 20: dE=76449.4 m dN=-18157.3 m (from-pair-14, support=None, peak=None) 
imw-d2net-nn-kt0p2: Processing pair 20 from disk...
imw-d2net-nn-kt0p2: 0 match-sets in 0.19s
[Coarse] imw-d2net-nn-kt0p2 pair 21: dE=76449.4 m dN=-18157.3 m (from-pair-41 (phasecorr disagreed), support=None, peak=0.03061729173699524) 
imw-d2net-nn-kt0p2: Processing pair 21 from disk...
imw-d2net-nn-kt0p2: 0 match-sets in 0.00s
[Coarse] imw-d2net-nn-kt0p2 pair 22: dE=76449.4 m dN=-18157.3 m (from-pair-21, support=None, peak=None) 
imw-d2net-nn-kt0p2: Processing pair 22 from disk...
imw-d2net-nn-kt0p2: 0 match-sets in 0.00s
[Coarse] imw-d2net-nn-kt0p2 pair 23: dE=76449.4 m dN=-18157.3 m (from-pair-21, support=None, peak=None) 
imw-d2net-nn-kt0p2: Processing pair 23 from disk...
imw-d2net-nn-kt0p2: 0 match-sets in 0.00s
[Coarse] imw-d2net-nn-kt0p2 pair 24: dE=75555.3 m dN=-16017.9 m (from-pair-34, support=None, peak=None) 
imw-d2net-nn-kt0p2: Processing pair 24 from disk...
imw-d2net-nn-kt0p2: 1 match-sets in 0.46s
[Coarse] imw-d2net-nn-kt0p2 pair 25: dE=75555.3 m dN=-16017.9 m (from-pair-34, support=None, peak=None) 
imw-d2net-nn-kt0p2: Processing pair 25 from disk...
imw-d2net-nn-kt0p2: 0 match-sets in 0.42s
[Coarse] imw-d2net-nn-kt0p2 pair 26: dE=75555.3 m dN=-16017.9 m (from-pair-34, support=None, peak=None) 
imw-d2net-nn-kt0p2: Processing pair 26 from disk...
imw-d2net-nn-kt0p2: 1 match-sets in 0.46s
[Coarse] imw-d2net-nn-kt0p2 pair 27: dE=75555.3 m dN=-16017.9 m (from-pair-34, support=None, peak=None) 
imw-d2net-nn-kt0p2: Processing pair 27 from disk...
imw-d2net-nn-kt0p2: 0 match-sets in 0.53s
[Coarse] imw-d2net-nn-kt0p2 pair 28: dE=75555.3 m dN=-16017.9 m (from-pair-34, support=None, peak=None) 
imw-d2net-nn-kt0p2: Processing pair 28 from disk...
imw-d2net-nn-kt0p2: 1 match-sets in 0.58s
[Coarse] imw-d2net-nn-kt0p2 pair 29: dE=75555.3 m dN=-16017.9 m (from-pair-34, support=None, peak=None) 
imw-d2net-nn-kt0p2: Processing pair 29 from disk...
imw-d2net-nn-kt0p2: 0 match-sets in 0.01s
[Coarse] imw-d2net-nn-kt0p2 pair 30: dE=76449.4 m dN=-18157.3 m (from-pair-31, support=None, peak=None) 
imw-d2net-nn-kt0p2: Processing pair 30 from disk...
imw-d2net-nn-kt0p2: 0 match-sets in 0.00s
[Coarse] imw-d2net-nn-kt0p2 pair 31: dE=76449.4 m dN=-18157.3 m (from-pair-41 (phasecorr disagreed), support=None, peak=0.11020252078648948) 
imw-d2net-nn-kt0p2: Processing pair 31 from disk...
imw-d2net-nn-kt0p2: 0 match-sets in 0.00s
[Coarse] imw-d2net-nn-kt0p2 pair 32: dE=75555.3 m dN=-16017.9 m (from-pair-34, support=None, peak=None) 
imw-d2net-nn-kt0p2: Processing pair 32 from disk...
imw-d2net-nn-kt0p2: 1 match-sets in 0.40s
[Coarse] imw-d2net-nn-kt0p2 pair 33: dE=75555.3 m dN=-16017.9 m (from-pair-34, support=None, peak=None) 
imw-d2net-nn-kt0p2: Processing pair 33 from disk...
imw-d2net-nn-kt0p2: 1 match-sets in 0.39s
[Coarse] imw-d2net-nn-kt0p2 pair 34: dE=75555.3 m dN=-16017.9 m (phasecorr@315m, support=None, peak=0.06293188095092773) 
imw-d2net-nn-kt0p2: Processing pair 34 from disk...
imw-d2net-nn-kt0p2: 0 match-sets in 0.40s
[Coarse] imw-d2net-nn-kt0p2 pair 35: dE=75568.1 m dN=-15961.2 m (phasecorr@315m, support=None, peak=0.0629165448612637) 
imw-d2net-nn-kt0p2: Processing pair 35 from disk...
imw-d2net-nn-kt0p2: 0 match-sets in 0.40s
[Coarse] imw-d2net-nn-kt0p2 pair 36: dE=75568.1 m dN=-15961.2 m (from-pair-35, support=None, peak=None) 
imw-d2net-nn-kt0p2: Processing pair 36 from disk...
imw-d2net-nn-kt0p2: 0 match-sets in 0.20s
[Coarse] imw-d2net-nn-kt0p2 pair 37: dE=75568.1 m dN=-15961.2 m (from-pair-35, support=None, peak=None) 
imw-d2net-nn-kt0p2: Processing pair 37 from disk...
imw-d2net-nn-kt0p2: 1 match-sets in 0.21s
[Coarse] imw-d2net-nn-kt0p2 pair 38: dE=76354.8 m dN=-18552.0 m (from-pair-39, support=None, peak=None) 
imw-d2net-nn-kt0p2: Processing pair 38 from disk...
imw-d2net-nn-kt0p2: 0 match-sets in 0.00s
[Coarse] imw-d2net-nn-kt0p2 pair 39: dE=76354.8 m dN=-18552.0 m (from-pair-40 (phasecorr disagreed), support=None, peak=0.37484617568828443) 
imw-d2net-nn-kt0p2: Processing pair 39 from disk...
imw-d2net-nn-kt0p2: 0 match-sets in 0.00s
[Coarse] imw-d2net-nn-kt0p2 pair 40: dE=76354.8 m dN=-18552.0 m (matcher@315m, support=10, peak=None) 
imw-d2net-nn-kt0p2: Processing pair 40 from disk...
imw-d2net-nn-kt0p2: 1 match-sets in 0.19s
[Coarse] imw-d2net-nn-kt0p2 pair 41: dE=76449.4 m dN=-18157.3 m (matcher@315m, support=13, peak=None) 
imw-d2net-nn-kt0p2: Processing pair 41 from disk...
imw-d2net-nn-kt0p2: 1 match-sets in 0.19s
[Coarse] imw-d2net-nn-kt0p2 pair 42: dE=76354.8 m dN=-18552.0 m (from-pair-40 (phasecorr disagreed), support=None, peak=0.04043954435560439) 
imw-d2net-nn-kt0p2: Processing pair 42 from disk...
imw-d2net-nn-kt0p2: 0 match-sets in 0.29s
[Coarse] imw-d2net-nn-kt0p2 pair 43: dE=76354.8 m dN=-18552.0 m (from-pair-42, support=None, peak=None) 
imw-d2net-nn-kt0p2: Processing pair 43 from disk...
imw-d2net-nn-kt0p2: 1 match-sets in 0.18s
[Coarse] imw-d2net-nn-kt0p2 pair 44: dE=76354.8 m dN=-18552.0 m (from-pair-40 (phasecorr disagreed), support=None, peak=0.060047009852197436) 
imw-d2net-nn-kt0p2: Processing pair 44 from disk...
imw-d2net-nn-kt0p2: 0 match-sets in 0.00s
[Coarse] imw-d2net-nn-kt0p2 pair 45: dE=76354.8 m dN=-18552.0 m (from-pair-40 (phasecorr disagreed), support=None, peak=0.062489196923861616) 
imw-d2net-nn-kt0p2: Processing pair 45 from disk...
imw-d2net-nn-kt0p2: 0 match-sets in 0.00s
Saved:
 CHIP_STATS_ALL.csv
 CHIP_STATS_SURVIVORS.csv
 CONSENSUS_SCORES.csv
 BEST_CHIP_SET.csv
 BEST_CHIP_MANIFEST.csv
 BEST_FINAL_SUMMARY.csv
[band3] imw-d2net-nn-kt0p2 ok in 0.4 min, peak GPU memory 1.2 of 15.6 GB
[imw-d2net-nn] Model unloaded.
--------------------------------------------------------------------------------
[band3] Running imw-alike-nn-kt0p2-fm1-fsp1
[imw-alike-nn] Loading model...
[Coarse] pair 1: no reliable coarse offset (matcher: no matches; phasecorr: {'dx': 72221.31426491275, 'dy': -10662.850823270848, 'support': None, 'n': None, 'peak': 0.02032967514970684}); windows compared in place
[Coarse] pair 2: no reliable coarse offset (matcher: no matches; phasecorr: {'dx': 65394.283402378176, 'dy': -25649.46980266543, 'support': None, 'n': None, 'peak': 0.022622975002173116}); windows compared in place
[Coarse] pair 3: no reliable coarse offset (matcher: no matches; phasecorr: {'dx': -84951.32174473844, 'dy': -16333.25546038059, 'support': None, 'n': None, 'peak': 0.023098598562204843}); windows compared in place
[Coarse] pair 4: no reliable coarse offset (matcher: no matches; phasecorr: {'dx': -71296.19311950017, 'dy': -18548.86611268403, 'support': None, 'n': None, 'peak': 0.02308651422222401}); windows compared in place
[Coarse] pair 5: no reliable coarse offset (matcher: no matches; phasecorr: {'dx': -66471.0041660463, 'dy': 19677.698496104596, 'support': None, 'n': None, 'peak': 0.0007051175513875827}); windows compared in place
[Coarse] pair 6: no reliable coarse offset (matcher: {'dx': -89361.26449584961, 'dy': 45368.18550109863, 'support': 1, 'n': 4, 'peak': None}; phasecorr: {'dx': -63117.55771771344, 'dy': 45344.79793689909, 'support': None, 'n': None, 'peak': 0.016527041937588666}); windows compared in place
[Coarse] pair 9: no reliable coarse offset (matcher: {'dx': -73124.15508270264, 'dy': -86278.66089820862, 'support': 1, 'n': 3, 'peak': None}; phasecorr: {'dx': -16699.175274071407, 'dy': 24436.94053537555, 'support': None, 'n': None, 'peak': -0.010903077867296006}); windows compared in place
[Coarse] pair 11: no reliable coarse offset (matcher: {'dx': -59497.783126831055, 'dy': -84130.20478248596, 'support': 1, 'n': 3, 'peak': None}; phasecorr: {'dx': -17156.568569433253, 'dy': 26769.77008011288, 'support': None, 'n': None, 'peak': -0.005567667855156793}); windows compared in place
[Coarse] pair 12: no reliable coarse offset (matcher: {'dx': -78432.83946990967, 'dy': -99383.07678222656, 'support': 1, 'n': 5, 'peak': None}; phasecorr: {'dx': -54138.7373906018, 'dy': -62739.11738734777, 'support': None, 'n': None, 'peak': 0.019588654039171007}); windows compared in place
[Coarse] pair 13: no reliable coarse offset (matcher: no matches; phasecorr: {'dx': -3843.534072827219, 'dy': -91640.0194769223, 'support': None, 'n': None, 'peak': 0.015414013681642857}); windows compared in place
[Coarse] pair 15: no reliable coarse offset (matcher: {'dx': -83202.73956298828, 'dy': -16707.025909423828, 'support': 1, 'n': 5, 'peak': None}; phasecorr: {'dx': -94939.8559147267, 'dy': -82659.23661442024, 'support': None, 'n': None, 'peak': 0.008939644289605411}); windows compared in place
[Coarse] pair 16: no reliable coarse offset (matcher: {'dx': -87963.01940917969, 'dy': -32769.82452392578, 'support': 1, 'n': 4, 'peak': None}; phasecorr: {'dx': -60639.28459076655, 'dy': -33832.56066827953, 'support': None, 'n': None, 'peak': 0.007406430218281896}); windows compared in place
[Coarse] pair 17: no reliable coarse offset (matcher: {'dx': -97366.34811401367, 'dy': -8189.057922363281, 'support': 1, 'n': 4, 'peak': None}; phasecorr: {'dx': -75606.28869913492, 'dy': -40258.11314932236, 'support': None, 'n': None, 'peak': 0.002259464960529971}); windows compared in place
[Coarse] pair 18: no reliable coarse offset (matcher: no matches; phasecorr: {'dx': -47574.86505103309, 'dy': 30736.089922927127, 'support': None, 'n': None, 'peak': -0.005526255078658046}); windows compared in place
[Coarse] pair 19: no reliable coarse offset (matcher: {'dx': -85054.28981781006, 'dy': 63012.290267944336, 'support': 1, 'n': 3, 'peak': None}; phasecorr: {'dx': -134048.08681427932, 'dy': 22202.75100943282, 'support': None, 'n': None, 'peak': 0.01199757972153889}); windows compared in place
[Coarse] pair 20: no reliable coarse offset (matcher: no matches; phasecorr: {'dx': -51737.17622911178, 'dy': 31055.668515360256, 'support': None, 'n': None, 'peak': -0.013213375402903196}); windows compared in place
[Coarse] pair 22: no reliable coarse offset (matcher: {'dx': 18561.217346191406, 'dy': -90189.57063674927, 'support': 2, 'n': 7, 'peak': None}; phasecorr: {'dx': -22501.36818549658, 'dy': 56480.21235681643, 'support': None, 'n': None, 'peak': -0.0038632059607486176}); windows compared in place
[Coarse] pair 23: no reliable coarse offset (matcher: no matches; phasecorr: {'dx': -38768.62470648129, 'dy': 60272.71480887387, 'support': None, 'n': None, 'peak': 0.018053494174784593}); windows compared in place
[Coarse] pair 24: no reliable coarse offset (matcher: no matches; phasecorr: {'dx': 5060.875137458928, 'dy': -132702.46963164263, 'support': None, 'n': None, 'peak': 0.004566593000623915}); windows compared in place
[Coarse] pair 25: no reliable coarse offset (matcher: no matches; phasecorr: {'dx': 19115.97600195751, 'dy': -87876.18077077619, 'support': None, 'n': None, 'peak': 0.014515514945983887}); windows compared in place
[Coarse] pair 26: no reliable coarse offset (matcher: no matches; phasecorr: {'dx': -25110.617324353138, 'dy': -110321.271036598, 'support': None, 'n': None, 'peak': 0.028688357883029515}); windows compared in place
[Coarse] pair 27: no reliable coarse offset (matcher: {'dx': -62051.89498901367, 'dy': -32444.53857421875, 'support': 1, 'n': 5, 'peak': None}; phasecorr: {'dx': -24618.815192443915, 'dy': -51702.316299651786, 'support': None, 'n': None, 'peak': 0.024773373663302803}); windows compared in place
[Coarse] pair 28: no reliable coarse offset (matcher: {'dx': -98607.33352661133, 'dy': -27391.128387451172, 'support': 1, 'n': 4, 'peak': None}; phasecorr: {'dx': -34345.520193795004, 'dy': -31836.47230271583, 'support': None, 'n': None, 'peak': 0.007815724782982971}); windows compared in place
[Coarse] pair 29: no reliable coarse offset (matcher: {'dx': -94244.73481178284, 'dy': 14175.708961486816, 'support': 1, 'n': 5, 'peak': None}; phasecorr: {'dx': -23015.789594526494, 'dy': 27033.23829875427, 'support': None, 'n': None, 'peak': -0.010339975127467402}); windows compared in place
[Coarse] pair 30: no reliable coarse offset (matcher: no matches; phasecorr: {'dx': 44341.741084490575, 'dy': 33964.32140920293, 'support': None, 'n': None, 'peak': 0.012143600762135697}); windows compared in place
[Coarse] pair 32: no reliable coarse offset (matcher: no matches; phasecorr: {'dx': 76928.68966913699, 'dy': -17747.191922768525, 'support': None, 'n': None, 'peak': 0.018933949931462607}); windows compared in place
[Coarse] pair 33: no reliable coarse offset (matcher: {'dx': -76532.85873413086, 'dy': -77500.18981933594, 'support': 1, 'n': 5, 'peak': None}; phasecorr: {'dx': 76984.7825803246, 'dy': -17783.154749211222, 'support': None, 'n': None, 'peak': 0.01788282951116562}); windows compared in place
[Coarse] pair 36: no reliable coarse offset (matcher: {'dx': 3566.0101890563965, 'dy': 99992.73559570312, 'support': 1, 'n': 3, 'peak': None}; phasecorr: {'dx': 19637.281743784188, 'dy': 28659.270855444367, 'support': None, 'n': None, 'peak': 0.011020430701750296}); windows compared in place
[Coarse] pair 37: no reliable coarse offset (matcher: {'dx': 9450.00961303711, 'dy': 58904.995193481445, 'support': 1, 'n': 5, 'peak': None}; phasecorr: {'dx': 7507.0015977467065, 'dy': 32833.49977892313, 'support': None, 'n': None, 'peak': 0.0048901353058991605}); windows compared in place
[Coarse] pair 38: no reliable coarse offset (matcher: {'dx': 16436.732540130615, 'dy': -99299.40971374512, 'support': 2, 'n': 3, 'peak': None}; phasecorr: {'dx': 23247.53686111282, 'dy': 17041.62175906921, 'support': None, 'n': None, 'peak': 0.019549365950219427}); windows compared in place
[Coarse] pair 43: no reliable coarse offset (matcher: {'dx': 74962.22305297852, 'dy': -65825.83877563477, 'support': 1, 'n': 4, 'peak': None}; phasecorr: {'dx': 59869.22805112187, 'dy': -96325.01557673489, 'support': None, 'n': None, 'peak': 0.00793376685672336}); windows compared in place
[Coarse] WARNING: imw-alike-nn-kt0p2-fm1-fsp1: the pairs' coarse offsets differ by up to 148 km, more than one image moves from place to place. Pairs with a wrong offset match the wrong ground (the chip consensus drops them when they are few); if most pairs disagree, check the input's pixel size and window size.
[Coarse] imw-alike-nn-kt0p2-fm1-fsp1 pair 1: dE=-30060.9 m dN=24674.4 m (from-pair-7, support=None, peak=None) 
imw-alike-nn-kt0p2-fm1-fsp1: Processing pair 1 from disk...
imw-alike-nn-kt0p2-fm1-fsp1: 0 match-sets in 0.00s
[Coarse] imw-alike-nn-kt0p2-fm1-fsp1 pair 2: dE=-30060.9 m dN=24674.4 m (from-pair-7, support=None, peak=None) 
imw-alike-nn-kt0p2-fm1-fsp1: Processing pair 2 from disk...
imw-alike-nn-kt0p2-fm1-fsp1: 0 match-sets in 0.00s
[Coarse] imw-alike-nn-kt0p2-fm1-fsp1 pair 3: dE=73258.3 m dN=-12396.0 m (from-pair-14, support=None, peak=None) 
imw-alike-nn-kt0p2-fm1-fsp1: Processing pair 3 from disk...
imw-alike-nn-kt0p2-fm1-fsp1: 0 match-sets in 0.00s
[Coarse] imw-alike-nn-kt0p2-fm1-fsp1 pair 4: dE=73258.3 m dN=-12396.0 m (from-pair-14, support=None, peak=None) 
imw-alike-nn-kt0p2-fm1-fsp1: Processing pair 4 from disk...
imw-alike-nn-kt0p2-fm1-fsp1: 0 match-sets in 0.00s
[Coarse] imw-alike-nn-kt0p2-fm1-fsp1 pair 5: dE=73258.3 m dN=-12396.0 m (from-pair-14, support=None, peak=None) 
imw-alike-nn-kt0p2-fm1-fsp1: Processing pair 5 from disk...
imw-alike-nn-kt0p2-fm1-fsp1: 0 match-sets in 0.00s
[Coarse] imw-alike-nn-kt0p2-fm1-fsp1 pair 6: dE=73258.3 m dN=-12396.0 m (from-pair-14, support=None, peak=None) 
imw-alike-nn-kt0p2-fm1-fsp1: Processing pair 6 from disk...
imw-alike-nn-kt0p2-fm1-fsp1: 0 match-sets in 0.00s
[Coarse] imw-alike-nn-kt0p2-fm1-fsp1 pair 7: dE=-30060.9 m dN=24674.4 m (phasecorr@315m, support=None, peak=0.07485453462600708) 
imw-alike-nn-kt0p2-fm1-fsp1: Processing pair 7 from disk...
imw-alike-nn-kt0p2-fm1-fsp1: 0 match-sets in 0.00s
[Coarse] imw-alike-nn-kt0p2-fm1-fsp1 pair 8: dE=-34085.2 m dN=23031.2 m (phasecorr@315m, support=None, peak=0.048964771058824325) 
imw-alike-nn-kt0p2-fm1-fsp1: Processing pair 8 from disk...
imw-alike-nn-kt0p2-fm1-fsp1: 0 match-sets in 0.00s
[Coarse] imw-alike-nn-kt0p2-fm1-fsp1 pair 9: dE=-35432.1 m dN=24320.0 m (from-pair-10, support=None, peak=None) 
imw-alike-nn-kt0p2-fm1-fsp1: Processing pair 9 from disk...
imw-alike-nn-kt0p2-fm1-fsp1: 0 match-sets in 0.00s
[Coarse] imw-alike-nn-kt0p2-fm1-fsp1 pair 10: dE=-35432.1 m dN=24320.0 m (phasecorr@315m, support=None, peak=0.12360441419813369) 
imw-alike-nn-kt0p2-fm1-fsp1: Processing pair 10 from disk...
imw-alike-nn-kt0p2-fm1-fsp1: 0 match-sets in 0.00s
[Coarse] imw-alike-nn-kt0p2-fm1-fsp1 pair 11: dE=-34085.2 m dN=23031.2 m (from-pair-8, support=None, peak=None) 
imw-alike-nn-kt0p2-fm1-fsp1: Processing pair 11 from disk...
imw-alike-nn-kt0p2-fm1-fsp1: 0 match-sets in 0.00s
[Coarse] imw-alike-nn-kt0p2-fm1-fsp1 pair 12: dE=73258.3 m dN=-12396.0 m (from-pair-14, support=None, peak=None) 
imw-alike-nn-kt0p2-fm1-fsp1: Processing pair 12 from disk...
imw-alike-nn-kt0p2-fm1-fsp1: 1 match-sets in 0.22s
[Coarse] imw-alike-nn-kt0p2-fm1-fsp1 pair 13: dE=73258.3 m dN=-12396.0 m (from-pair-14, support=None, peak=None) 
imw-alike-nn-kt0p2-fm1-fsp1: Processing pair 13 from disk...
imw-alike-nn-kt0p2-fm1-fsp1: 1 match-sets in 0.16s
[Coarse] imw-alike-nn-kt0p2-fm1-fsp1 pair 14: dE=73258.3 m dN=-12396.0 m (phasecorr@315m, support=None, peak=0.0750410366821289) 
imw-alike-nn-kt0p2-fm1-fsp1: Processing pair 14 from disk...
imw-alike-nn-kt0p2-fm1-fsp1: 1 match-sets in 0.21s
[Coarse] imw-alike-nn-kt0p2-fm1-fsp1 pair 15: dE=73258.3 m dN=-12396.0 m (from-pair-14, support=None, peak=None) 
imw-alike-nn-kt0p2-fm1-fsp1: Processing pair 15 from disk...
imw-alike-nn-kt0p2-fm1-fsp1: 1 match-sets in 0.29s
[Coarse] imw-alike-nn-kt0p2-fm1-fsp1 pair 16: dE=73258.3 m dN=-12396.0 m (from-pair-14, support=None, peak=None) 
imw-alike-nn-kt0p2-fm1-fsp1: Processing pair 16 from disk...
imw-alike-nn-kt0p2-fm1-fsp1: 1 match-sets in 0.19s
[Coarse] imw-alike-nn-kt0p2-fm1-fsp1 pair 17: dE=73258.3 m dN=-12396.0 m (from-pair-14, support=None, peak=None) 
imw-alike-nn-kt0p2-fm1-fsp1: Processing pair 17 from disk...
imw-alike-nn-kt0p2-fm1-fsp1: 1 match-sets in 0.19s
[Coarse] imw-alike-nn-kt0p2-fm1-fsp1 pair 18: dE=73258.3 m dN=-12396.0 m (from-pair-14, support=None, peak=None) 
imw-alike-nn-kt0p2-fm1-fsp1: Processing pair 18 from disk...
imw-alike-nn-kt0p2-fm1-fsp1: 1 match-sets in 0.18s
[Coarse] imw-alike-nn-kt0p2-fm1-fsp1 pair 19: dE=73258.3 m dN=-12396.0 m (from-pair-14, support=None, peak=None) 
imw-alike-nn-kt0p2-fm1-fsp1: Processing pair 19 from disk...
imw-alike-nn-kt0p2-fm1-fsp1: 1 match-sets in 0.11s
[Coarse] imw-alike-nn-kt0p2-fm1-fsp1 pair 20: dE=73258.3 m dN=-12396.0 m (from-pair-14, support=None, peak=None) 
imw-alike-nn-kt0p2-fm1-fsp1: Processing pair 20 from disk...
imw-alike-nn-kt0p2-fm1-fsp1: 1 match-sets in 0.11s
[Coarse] imw-alike-nn-kt0p2-fm1-fsp1 pair 21: dE=-34651.5 m dN=64354.3 m (phasecorr@315m, support=None, peak=0.03061729173699524) 
imw-alike-nn-kt0p2-fm1-fsp1: Processing pair 21 from disk...
imw-alike-nn-kt0p2-fm1-fsp1: 0 match-sets in 0.00s
[Coarse] imw-alike-nn-kt0p2-fm1-fsp1 pair 22: dE=-34651.5 m dN=64354.3 m (from-pair-21, support=None, peak=None) 
imw-alike-nn-kt0p2-fm1-fsp1: Processing pair 22 from disk...
imw-alike-nn-kt0p2-fm1-fsp1: 0 match-sets in 0.00s
[Coarse] imw-alike-nn-kt0p2-fm1-fsp1 pair 23: dE=-34651.5 m dN=64354.3 m (from-pair-21, support=None, peak=None) 
imw-alike-nn-kt0p2-fm1-fsp1: Processing pair 23 from disk...
imw-alike-nn-kt0p2-fm1-fsp1: 0 match-sets in 0.00s
[Coarse] imw-alike-nn-kt0p2-fm1-fsp1 pair 24: dE=75555.3 m dN=-16017.9 m (from-pair-34, support=None, peak=None) 
imw-alike-nn-kt0p2-fm1-fsp1: Processing pair 24 from disk...
imw-alike-nn-kt0p2-fm1-fsp1: 1 match-sets in 0.34s
[Coarse] imw-alike-nn-kt0p2-fm1-fsp1 pair 25: dE=75555.3 m dN=-16017.9 m (from-pair-34, support=None, peak=None) 
imw-alike-nn-kt0p2-fm1-fsp1: Processing pair 25 from disk...
imw-alike-nn-kt0p2-fm1-fsp1: 1 match-sets in 0.26s
[Coarse] imw-alike-nn-kt0p2-fm1-fsp1 pair 26: dE=75555.3 m dN=-16017.9 m (from-pair-34, support=None, peak=None) 
imw-alike-nn-kt0p2-fm1-fsp1: Processing pair 26 from disk...
imw-alike-nn-kt0p2-fm1-fsp1: 1 match-sets in 0.26s
[Coarse] imw-alike-nn-kt0p2-fm1-fsp1 pair 27: dE=75555.3 m dN=-16017.9 m (from-pair-34, support=None, peak=None) 
imw-alike-nn-kt0p2-fm1-fsp1: Processing pair 27 from disk...
imw-alike-nn-kt0p2-fm1-fsp1: 1 match-sets in 0.32s
[Coarse] imw-alike-nn-kt0p2-fm1-fsp1 pair 28: dE=75555.3 m dN=-16017.9 m (from-pair-34, support=None, peak=None) 
imw-alike-nn-kt0p2-fm1-fsp1: Processing pair 28 from disk...
imw-alike-nn-kt0p2-fm1-fsp1: 1 match-sets in 0.44s
[Coarse] imw-alike-nn-kt0p2-fm1-fsp1 pair 29: dE=75555.3 m dN=-16017.9 m (from-pair-34, support=None, peak=None) 
imw-alike-nn-kt0p2-fm1-fsp1: Processing pair 29 from disk...
imw-alike-nn-kt0p2-fm1-fsp1: 0 match-sets in 0.01s
[Coarse] imw-alike-nn-kt0p2-fm1-fsp1 pair 30: dE=29320.3 m dN=32717.6 m (from-pair-31, support=None, peak=None) 
imw-alike-nn-kt0p2-fm1-fsp1: Processing pair 30 from disk...
imw-alike-nn-kt0p2-fm1-fsp1: 0 match-sets in 0.00s
[Coarse] imw-alike-nn-kt0p2-fm1-fsp1 pair 31: dE=29320.3 m dN=32717.6 m (phasecorr@315m, support=None, peak=0.11020252078648948) 
imw-alike-nn-kt0p2-fm1-fsp1: Processing pair 31 from disk...
imw-alike-nn-kt0p2-fm1-fsp1: 0 match-sets in 0.00s
[Coarse] imw-alike-nn-kt0p2-fm1-fsp1 pair 32: dE=75555.3 m dN=-16017.9 m (from-pair-34, support=None, peak=None) 
imw-alike-nn-kt0p2-fm1-fsp1: Processing pair 32 from disk...
imw-alike-nn-kt0p2-fm1-fsp1: 1 match-sets in 0.34s
[Coarse] imw-alike-nn-kt0p2-fm1-fsp1 pair 33: dE=75555.3 m dN=-16017.9 m (from-pair-34, support=None, peak=None) 
imw-alike-nn-kt0p2-fm1-fsp1: Processing pair 33 from disk...
imw-alike-nn-kt0p2-fm1-fsp1: 1 match-sets in 0.25s
[Coarse] imw-alike-nn-kt0p2-fm1-fsp1 pair 34: dE=75555.3 m dN=-16017.9 m (phasecorr@315m, support=None, peak=0.06293188095092773) 
imw-alike-nn-kt0p2-fm1-fsp1: Processing pair 34 from disk...
imw-alike-nn-kt0p2-fm1-fsp1: 1 match-sets in 0.24s
[Coarse] imw-alike-nn-kt0p2-fm1-fsp1 pair 35: dE=75568.1 m dN=-15961.2 m (phasecorr@315m, support=None, peak=0.0629165448612637) 
imw-alike-nn-kt0p2-fm1-fsp1: Processing pair 35 from disk...
imw-alike-nn-kt0p2-fm1-fsp1: 1 match-sets in 0.24s
[Coarse] imw-alike-nn-kt0p2-fm1-fsp1 pair 36: dE=75568.1 m dN=-15961.2 m (from-pair-35, support=None, peak=None) 
imw-alike-nn-kt0p2-fm1-fsp1: Processing pair 36 from disk...
imw-alike-nn-kt0p2-fm1-fsp1: 1 match-sets in 0.20s
[Coarse] imw-alike-nn-kt0p2-fm1-fsp1 pair 37: dE=75568.1 m dN=-15961.2 m (from-pair-35, support=None, peak=None) 
imw-alike-nn-kt0p2-fm1-fsp1: Processing pair 37 from disk...
imw-alike-nn-kt0p2-fm1-fsp1: 1 match-sets in 0.15s
[Coarse] imw-alike-nn-kt0p2-fm1-fsp1 pair 38: dE=10133.5 m dN=16958.4 m (from-pair-39, support=None, peak=None) 
imw-alike-nn-kt0p2-fm1-fsp1: Processing pair 38 from disk...
imw-alike-nn-kt0p2-fm1-fsp1: 0 match-sets in 0.00s
[Coarse] imw-alike-nn-kt0p2-fm1-fsp1 pair 39: dE=10133.5 m dN=16958.4 m (phasecorr@315m, support=None, peak=0.37484617568828443) 
imw-alike-nn-kt0p2-fm1-fsp1: Processing pair 39 from disk...
imw-alike-nn-kt0p2-fm1-fsp1: 0 match-sets in 0.00s
[Coarse] imw-alike-nn-kt0p2-fm1-fsp1 pair 40: dE=76842.6 m dN=-18012.8 m (phasecorr@315m, support=None, peak=0.16032237420847387) 
imw-alike-nn-kt0p2-fm1-fsp1: Processing pair 40 from disk...
imw-alike-nn-kt0p2-fm1-fsp1: 1 match-sets in 0.20s
[Coarse] imw-alike-nn-kt0p2-fm1-fsp1 pair 41: dE=76821.7 m dN=-17970.8 m (phasecorr@315m, support=None, peak=0.1293754681834468) 
imw-alike-nn-kt0p2-fm1-fsp1: Processing pair 41 from disk...
imw-alike-nn-kt0p2-fm1-fsp1: 1 match-sets in 0.12s
[Coarse] imw-alike-nn-kt0p2-fm1-fsp1 pair 42: dE=71418.1 m dN=-83226.9 m (phasecorr@315m, support=None, peak=0.04043954435560439) 
imw-alike-nn-kt0p2-fm1-fsp1: Processing pair 42 from disk...
imw-alike-nn-kt0p2-fm1-fsp1: 1 match-sets in 0.17s
[Coarse] imw-alike-nn-kt0p2-fm1-fsp1 pair 43: dE=71418.1 m dN=-83226.9 m (from-pair-42, support=None, peak=None) 
imw-alike-nn-kt0p2-fm1-fsp1: Processing pair 43 from disk...
imw-alike-nn-kt0p2-fm1-fsp1: 1 match-sets in 0.10s
[Coarse] imw-alike-nn-kt0p2-fm1-fsp1 pair 44: dE=-66700.2 m dN=27164.4 m (phasecorr@315m, support=None, peak=0.060047009852197436) 
imw-alike-nn-kt0p2-fm1-fsp1: Processing pair 44 from disk...
imw-alike-nn-kt0p2-fm1-fsp1: 0 match-sets in 0.00s
[Coarse] imw-alike-nn-kt0p2-fm1-fsp1 pair 45: dE=-65468.5 m dN=11952.3 m (phasecorr@315m, support=None, peak=0.062489196923861616) 
imw-alike-nn-kt0p2-fm1-fsp1: Processing pair 45 from disk...
imw-alike-nn-kt0p2-fm1-fsp1: 0 match-sets in 0.00s
No configuration survived the chip consensus filter.
[band3] imw-alike-nn-kt0p2-fm1-fsp1 no-consensus in 0.3 min, peak GPU memory 1.1 of 15.6 GB
[imw-alike-nn] Model unloaded.
--------------------------------------------------------------------------------
[band3] Running imw-alike-nn-kt0p2-fm1
[imw-alike-nn] Loading model...
[Coarse] pair 1: no reliable coarse offset (matcher: no matches; phasecorr: {'dx': 72221.31426491275, 'dy': -10662.850823270848, 'support': None, 'n': None, 'peak': 0.02032967514970684}); windows compared in place
[Coarse] pair 2: no reliable coarse offset (matcher: no matches; phasecorr: {'dx': 65394.283402378176, 'dy': -25649.46980266543, 'support': None, 'n': None, 'peak': 0.022622975002173116}); windows compared in place
[Coarse] pair 3: no reliable coarse offset (matcher: {'dx': -99225.0, 'dy': -630.0096130371094, 'support': 1, 'n': 4, 'peak': None}; phasecorr: {'dx': -84951.32174473844, 'dy': -16333.25546038059, 'support': None, 'n': None, 'peak': 0.023098598562204843}); windows compared in place
[Coarse] pair 4: no reliable coarse offset (matcher: {'dx': -100012.5, 'dy': 22207.5, 'support': 2, 'n': 3, 'peak': None}; phasecorr: {'dx': -71296.19311950017, 'dy': -18548.86611268403, 'support': None, 'n': None, 'peak': 0.02308651422222401}); windows compared in place
[Coarse] pair 5: no reliable coarse offset (matcher: {'dx': -99855.0, 'dy': 75600.0, 'support': 1, 'n': 5, 'peak': None}; phasecorr: {'dx': -66471.0041660463, 'dy': 19677.698496104596, 'support': None, 'n': None, 'peak': 0.0007051175513875827}); windows compared in place
[Coarse] pair 6: no reliable coarse offset (matcher: {'dx': -95760.0, 'dy': 44415.0, 'support': 1, 'n': 3, 'peak': None}; phasecorr: {'dx': -63117.55771771344, 'dy': 45344.79793689909, 'support': None, 'n': None, 'peak': 0.016527041937588666}); windows compared in place
[Coarse] pair 9: no reliable coarse offset (matcher: no matches; phasecorr: {'dx': -16699.175274071407, 'dy': 24436.94053537555, 'support': None, 'n': None, 'peak': -0.010903077867296006}); windows compared in place
[Coarse] pair 11: no reliable coarse offset (matcher: {'dx': -50715.0, 'dy': -91980.0, 'support': 1, 'n': 5, 'peak': None}; phasecorr: {'dx': -17156.568569433253, 'dy': 26769.77008011288, 'support': None, 'n': None, 'peak': -0.005567667855156793}); windows compared in place
[Coarse] pair 12: no reliable coarse offset (matcher: {'dx': -91035.0, 'dy': -83475.0, 'support': 1, 'n': 5, 'peak': None}; phasecorr: {'dx': -54138.7373906018, 'dy': -62739.11738734777, 'support': None, 'n': None, 'peak': 0.019588654039171007}); windows compared in place
[Coarse] pair 13: no reliable coarse offset (matcher: no matches; phasecorr: {'dx': -3843.534072827219, 'dy': -91640.0194769223, 'support': None, 'n': None, 'peak': 0.015414013681642857}); windows compared in place
[Coarse] pair 15: no reliable coarse offset (matcher: {'dx': -81270.0, 'dy': -18270.0, 'support': 1, 'n': 5, 'peak': None}; phasecorr: {'dx': -94939.8559147267, 'dy': -82659.23661442024, 'support': None, 'n': None, 'peak': 0.008939644289605411}); windows compared in place
[Coarse] pair 16: no reliable coarse offset (matcher: {'dx': -77175.0, 'dy': -18584.99038696289, 'support': 1, 'n': 4, 'peak': None}; phasecorr: {'dx': -60639.28459076655, 'dy': -33832.56066827953, 'support': None, 'n': None, 'peak': 0.007406430218281896}); windows compared in place
[Coarse] pair 17: no reliable coarse offset (matcher: {'dx': -89145.0, 'dy': -22364.99038696289, 'support': 1, 'n': 5, 'peak': None}; phasecorr: {'dx': -75606.28869913492, 'dy': -40258.11314932236, 'support': None, 'n': None, 'peak': 0.002259464960529971}); windows compared in place
[Coarse] pair 18: no reliable coarse offset (matcher: {'dx': -59850.0, 'dy': 95445.0, 'support': 2, 'n': 3, 'peak': None}; phasecorr: {'dx': -47574.86505103309, 'dy': 30736.089922927127, 'support': None, 'n': None, 'peak': -0.005526255078658046}); windows compared in place
[Coarse] pair 19: no reliable coarse offset (matcher: no matches; phasecorr: {'dx': -134048.08681427932, 'dy': 22202.75100943282, 'support': None, 'n': None, 'peak': 0.01199757972153889}); windows compared in place
[Coarse] pair 20: no reliable coarse offset (matcher: {'dx': -79380.00240325928, 'dy': 70560.0, 'support': 1, 'n': 3, 'peak': None}; phasecorr: {'dx': -51737.17622911178, 'dy': 31055.668515360256, 'support': None, 'n': None, 'peak': -0.013213375402903196}); windows compared in place
[Coarse] pair 22: no reliable coarse offset (matcher: no matches; phasecorr: {'dx': -22501.36818549658, 'dy': 56480.21235681643, 'support': None, 'n': None, 'peak': -0.0038632059607486176}); windows compared in place
[Coarse] pair 23: no reliable coarse offset (matcher: {'dx': -47565.0, 'dy': -85995.0, 'support': 1, 'n': 5, 'peak': None}; phasecorr: {'dx': -38768.62470648129, 'dy': 60272.71480887387, 'support': None, 'n': None, 'peak': 0.018053494174784593}); windows compared in place
[Coarse] pair 24: no reliable coarse offset (matcher: no matches; phasecorr: {'dx': 5060.875137458928, 'dy': -132702.46963164263, 'support': None, 'n': None, 'peak': 0.004566593000623915}); windows compared in place
[Coarse] pair 25: no reliable coarse offset (matcher: no matches; phasecorr: {'dx': 19115.97600195751, 'dy': -87876.18077077619, 'support': None, 'n': None, 'peak': 0.014515514945983887}); windows compared in place
[Coarse] pair 26: no reliable coarse offset (matcher: no matches; phasecorr: {'dx': -25110.617324353138, 'dy': -110321.271036598, 'support': None, 'n': None, 'peak': 0.028688357883029515}); windows compared in place
[Coarse] pair 27: no reliable coarse offset (matcher: no matches; phasecorr: {'dx': -24618.815192443915, 'dy': -51702.316299651786, 'support': None, 'n': None, 'peak': 0.024773373663302803}); windows compared in place
[Coarse] pair 28: no reliable coarse offset (matcher: {'dx': 39059.98077392578, 'dy': -31815.0, 'support': 1, 'n': 4, 'peak': None}; phasecorr: {'dx': -34345.520193795004, 'dy': -31836.47230271583, 'support': None, 'n': None, 'peak': 0.007815724782982971}); windows compared in place
[Coarse] pair 29: no reliable coarse offset (matcher: {'dx': -55439.99759674072, 'dy': 40950.0, 'support': 1, 'n': 3, 'peak': None}; phasecorr: {'dx': -23015.789594526494, 'dy': 27033.23829875427, 'support': None, 'n': None, 'peak': -0.010339975127467402}); windows compared in place
[Coarse] pair 30: no reliable coarse offset (matcher: {'dx': 13860.0, 'dy': -94500.0, 'support': 1, 'n': 3, 'peak': None}; phasecorr: {'dx': 44341.741084490575, 'dy': 33964.32140920293, 'support': None, 'n': None, 'peak': 0.012143600762135697}); windows compared in place
[Coarse] pair 32: no reliable coarse offset (matcher: no matches; phasecorr: {'dx': 76928.68966913699, 'dy': -17747.191922768525, 'support': None, 'n': None, 'peak': 0.018933949931462607}); windows compared in place
[Coarse] pair 33: no reliable coarse offset (matcher: no matches; phasecorr: {'dx': 76984.7825803246, 'dy': -17783.154749211222, 'support': None, 'n': None, 'peak': 0.01788282951116562}); windows compared in place
[Coarse] pair 36: no reliable coarse offset (matcher: {'dx': 6142.502403259277, 'dy': 100485.0, 'support': 2, 'n': 5, 'peak': None}; phasecorr: {'dx': 19637.281743784188, 'dy': 28659.270855444367, 'support': None, 'n': None, 'peak': 0.011020430701750296}); windows compared in place
[Coarse] pair 37: no reliable coarse offset (matcher: {'dx': -3149.9915885925293, 'dy': 54810.0, 'support': 1, 'n': 4, 'peak': None}; phasecorr: {'dx': 7507.0015977467065, 'dy': 32833.49977892313, 'support': None, 'n': None, 'peak': 0.0048901353058991605}); windows compared in place
[Coarse] pair 38: no reliable coarse offset (matcher: {'dx': 11812.500450611115, 'dy': -100327.5, 'support': 2, 'n': 3, 'peak': None}; phasecorr: {'dx': 23247.53686111282, 'dy': 17041.62175906921, 'support': None, 'n': None, 'peak': 0.019549365950219427}); windows compared in place
[Coarse] pair 43: no reliable coarse offset (matcher: {'dx': 76860.0, 'dy': -77490.0, 'support': 1, 'n': 6, 'peak': None}; phasecorr: {'dx': 59869.22805112187, 'dy': -96325.01557673489, 'support': None, 'n': None, 'peak': 0.00793376685672336}); windows compared in place
[Coarse] WARNING: imw-alike-nn-kt0p2-fm1: the pairs' coarse offsets differ by up to 148 km, more than one image moves from place to place. Pairs with a wrong offset match the wrong ground (the chip consensus drops them when they are few); if most pairs disagree, check the input's pixel size and window size.
[Coarse] imw-alike-nn-kt0p2-fm1 pair 1: dE=-30060.9 m dN=24674.4 m (from-pair-7, support=None, peak=None) 
imw-alike-nn-kt0p2-fm1: Processing pair 1 from disk...
imw-alike-nn-kt0p2-fm1: 0 match-sets in 0.00s
[Coarse] imw-alike-nn-kt0p2-fm1 pair 2: dE=-30060.9 m dN=24674.4 m (from-pair-7, support=None, peak=None) 
imw-alike-nn-kt0p2-fm1: Processing pair 2 from disk...
imw-alike-nn-kt0p2-fm1: 0 match-sets in 0.00s
[Coarse] imw-alike-nn-kt0p2-fm1 pair 3: dE=73258.3 m dN=-12396.0 m (from-pair-14, support=None, peak=None) 
imw-alike-nn-kt0p2-fm1: Processing pair 3 from disk...
imw-alike-nn-kt0p2-fm1: 0 match-sets in 0.00s
[Coarse] imw-alike-nn-kt0p2-fm1 pair 4: dE=73258.3 m dN=-12396.0 m (from-pair-14, support=None, peak=None) 
imw-alike-nn-kt0p2-fm1: Processing pair 4 from disk...
imw-alike-nn-kt0p2-fm1: 0 match-sets in 0.00s
[Coarse] imw-alike-nn-kt0p2-fm1 pair 5: dE=73258.3 m dN=-12396.0 m (from-pair-14, support=None, peak=None) 
imw-alike-nn-kt0p2-fm1: Processing pair 5 from disk...
imw-alike-nn-kt0p2-fm1: 0 match-sets in 0.00s
[Coarse] imw-alike-nn-kt0p2-fm1 pair 6: dE=73258.3 m dN=-12396.0 m (from-pair-14, support=None, peak=None) 
imw-alike-nn-kt0p2-fm1: Processing pair 6 from disk...
imw-alike-nn-kt0p2-fm1: 0 match-sets in 0.00s
[Coarse] imw-alike-nn-kt0p2-fm1 pair 7: dE=-30060.9 m dN=24674.4 m (phasecorr@315m, support=None, peak=0.07485453462600708) 
imw-alike-nn-kt0p2-fm1: Processing pair 7 from disk...
imw-alike-nn-kt0p2-fm1: 0 match-sets in 0.00s
[Coarse] imw-alike-nn-kt0p2-fm1 pair 8: dE=-34085.2 m dN=23031.2 m (phasecorr@315m, support=None, peak=0.048964771058824325) 
imw-alike-nn-kt0p2-fm1: Processing pair 8 from disk...
imw-alike-nn-kt0p2-fm1: 0 match-sets in 0.00s
[Coarse] imw-alike-nn-kt0p2-fm1 pair 9: dE=-35432.1 m dN=24320.0 m (from-pair-10, support=None, peak=None) 
imw-alike-nn-kt0p2-fm1: Processing pair 9 from disk...
imw-alike-nn-kt0p2-fm1: 0 match-sets in 0.00s
[Coarse] imw-alike-nn-kt0p2-fm1 pair 10: dE=-35432.1 m dN=24320.0 m (phasecorr@315m, support=None, peak=0.12360441419813369) 
imw-alike-nn-kt0p2-fm1: Processing pair 10 from disk...
imw-alike-nn-kt0p2-fm1: 0 match-sets in 0.00s
[Coarse] imw-alike-nn-kt0p2-fm1 pair 11: dE=-34085.2 m dN=23031.2 m (from-pair-8, support=None, peak=None) 
imw-alike-nn-kt0p2-fm1: Processing pair 11 from disk...
imw-alike-nn-kt0p2-fm1: 0 match-sets in 0.00s
[Coarse] imw-alike-nn-kt0p2-fm1 pair 12: dE=73258.3 m dN=-12396.0 m (from-pair-14, support=None, peak=None) 
imw-alike-nn-kt0p2-fm1: Processing pair 12 from disk...
imw-alike-nn-kt0p2-fm1: 1 match-sets in 0.15s
[Coarse] imw-alike-nn-kt0p2-fm1 pair 13: dE=73258.3 m dN=-12396.0 m (from-pair-14, support=None, peak=None) 
imw-alike-nn-kt0p2-fm1: Processing pair 13 from disk...
imw-alike-nn-kt0p2-fm1: 1 match-sets in 0.15s
[Coarse] imw-alike-nn-kt0p2-fm1 pair 14: dE=73258.3 m dN=-12396.0 m (phasecorr@315m, support=None, peak=0.0750410366821289) 
imw-alike-nn-kt0p2-fm1: Processing pair 14 from disk...
imw-alike-nn-kt0p2-fm1: 1 match-sets in 0.15s
[Coarse] imw-alike-nn-kt0p2-fm1 pair 15: dE=73258.3 m dN=-12396.0 m (from-pair-14, support=None, peak=None) 
imw-alike-nn-kt0p2-fm1: Processing pair 15 from disk...
imw-alike-nn-kt0p2-fm1: 1 match-sets in 0.21s
[Coarse] imw-alike-nn-kt0p2-fm1 pair 16: dE=73258.3 m dN=-12396.0 m (from-pair-14, support=None, peak=None) 
imw-alike-nn-kt0p2-fm1: Processing pair 16 from disk...
imw-alike-nn-kt0p2-fm1: 1 match-sets in 0.19s
[Coarse] imw-alike-nn-kt0p2-fm1 pair 17: dE=73258.3 m dN=-12396.0 m (from-pair-14, support=None, peak=None) 
imw-alike-nn-kt0p2-fm1: Processing pair 17 from disk...
imw-alike-nn-kt0p2-fm1: 1 match-sets in 0.19s
[Coarse] imw-alike-nn-kt0p2-fm1 pair 18: dE=73258.3 m dN=-12396.0 m (from-pair-14, support=None, peak=None) 
imw-alike-nn-kt0p2-fm1: Processing pair 18 from disk...
imw-alike-nn-kt0p2-fm1: 1 match-sets in 0.12s
[Coarse] imw-alike-nn-kt0p2-fm1 pair 19: dE=73258.3 m dN=-12396.0 m (from-pair-14, support=None, peak=None) 
imw-alike-nn-kt0p2-fm1: Processing pair 19 from disk...
imw-alike-nn-kt0p2-fm1: 1 match-sets in 0.12s
[Coarse] imw-alike-nn-kt0p2-fm1 pair 20: dE=73258.3 m dN=-12396.0 m (from-pair-14, support=None, peak=None) 
imw-alike-nn-kt0p2-fm1: Processing pair 20 from disk...
imw-alike-nn-kt0p2-fm1: 1 match-sets in 0.13s
[Coarse] imw-alike-nn-kt0p2-fm1 pair 21: dE=-34651.5 m dN=64354.3 m (phasecorr@315m, support=None, peak=0.03061729173699524) 
imw-alike-nn-kt0p2-fm1: Processing pair 21 from disk...
imw-alike-nn-kt0p2-fm1: 0 match-sets in 0.00s
[Coarse] imw-alike-nn-kt0p2-fm1 pair 22: dE=-34651.5 m dN=64354.3 m (from-pair-21, support=None, peak=None) 
imw-alike-nn-kt0p2-fm1: Processing pair 22 from disk...
imw-alike-nn-kt0p2-fm1: 0 match-sets in 0.00s
[Coarse] imw-alike-nn-kt0p2-fm1 pair 23: dE=-34651.5 m dN=64354.3 m (from-pair-21, support=None, peak=None) 
imw-alike-nn-kt0p2-fm1: Processing pair 23 from disk...
imw-alike-nn-kt0p2-fm1: 0 match-sets in 0.00s
[Coarse] imw-alike-nn-kt0p2-fm1 pair 24: dE=75555.3 m dN=-16017.9 m (from-pair-34, support=None, peak=None) 
imw-alike-nn-kt0p2-fm1: Processing pair 24 from disk...
imw-alike-nn-kt0p2-fm1: 1 match-sets in 0.26s
[Coarse] imw-alike-nn-kt0p2-fm1 pair 25: dE=75555.3 m dN=-16017.9 m (from-pair-34, support=None, peak=None) 
imw-alike-nn-kt0p2-fm1: Processing pair 25 from disk...
imw-alike-nn-kt0p2-fm1: 1 match-sets in 0.26s
[Coarse] imw-alike-nn-kt0p2-fm1 pair 26: dE=75555.3 m dN=-16017.9 m (from-pair-34, support=None, peak=None) 
imw-alike-nn-kt0p2-fm1: Processing pair 26 from disk...
imw-alike-nn-kt0p2-fm1: 1 match-sets in 0.26s
[Coarse] imw-alike-nn-kt0p2-fm1 pair 27: dE=75555.3 m dN=-16017.9 m (from-pair-34, support=None, peak=None) 
imw-alike-nn-kt0p2-fm1: Processing pair 27 from disk...
imw-alike-nn-kt0p2-fm1: 1 match-sets in 0.30s
[Coarse] imw-alike-nn-kt0p2-fm1 pair 28: dE=75555.3 m dN=-16017.9 m (from-pair-34, support=None, peak=None) 
imw-alike-nn-kt0p2-fm1: Processing pair 28 from disk...
imw-alike-nn-kt0p2-fm1: 1 match-sets in 0.31s
[Coarse] imw-alike-nn-kt0p2-fm1 pair 29: dE=75555.3 m dN=-16017.9 m (from-pair-34, support=None, peak=None) 
imw-alike-nn-kt0p2-fm1: Processing pair 29 from disk...
imw-alike-nn-kt0p2-fm1: 0 match-sets in 0.01s
[Coarse] imw-alike-nn-kt0p2-fm1 pair 30: dE=29320.3 m dN=32717.6 m (from-pair-31, support=None, peak=None) 
imw-alike-nn-kt0p2-fm1: Processing pair 30 from disk...
imw-alike-nn-kt0p2-fm1: 0 match-sets in 0.00s
[Coarse] imw-alike-nn-kt0p2-fm1 pair 31: dE=29320.3 m dN=32717.6 m (phasecorr@315m, support=None, peak=0.11020252078648948) 
imw-alike-nn-kt0p2-fm1: Processing pair 31 from disk...
imw-alike-nn-kt0p2-fm1: 0 match-sets in 0.00s
[Coarse] imw-alike-nn-kt0p2-fm1 pair 32: dE=75555.3 m dN=-16017.9 m (from-pair-34, support=None, peak=None) 
imw-alike-nn-kt0p2-fm1: Processing pair 32 from disk...
imw-alike-nn-kt0p2-fm1: 1 match-sets in 0.24s
[Coarse] imw-alike-nn-kt0p2-fm1 pair 33: dE=75555.3 m dN=-16017.9 m (from-pair-34, support=None, peak=None) 
imw-alike-nn-kt0p2-fm1: Processing pair 33 from disk...
imw-alike-nn-kt0p2-fm1: 1 match-sets in 0.24s
[Coarse] imw-alike-nn-kt0p2-fm1 pair 34: dE=75555.3 m dN=-16017.9 m (phasecorr@315m, support=None, peak=0.06293188095092773) 
imw-alike-nn-kt0p2-fm1: Processing pair 34 from disk...
imw-alike-nn-kt0p2-fm1: 1 match-sets in 0.23s
[Coarse] imw-alike-nn-kt0p2-fm1 pair 35: dE=75568.1 m dN=-15961.2 m (phasecorr@315m, support=None, peak=0.0629165448612637) 
imw-alike-nn-kt0p2-fm1: Processing pair 35 from disk...
imw-alike-nn-kt0p2-fm1: 1 match-sets in 0.23s
[Coarse] imw-alike-nn-kt0p2-fm1 pair 36: dE=75568.1 m dN=-15961.2 m (from-pair-35, support=None, peak=None) 
imw-alike-nn-kt0p2-fm1: Processing pair 36 from disk...
imw-alike-nn-kt0p2-fm1: 1 match-sets in 0.13s
[Coarse] imw-alike-nn-kt0p2-fm1 pair 37: dE=75568.1 m dN=-15961.2 m (from-pair-35, support=None, peak=None) 
imw-alike-nn-kt0p2-fm1: Processing pair 37 from disk...
imw-alike-nn-kt0p2-fm1: 1 match-sets in 0.13s
[Coarse] imw-alike-nn-kt0p2-fm1 pair 38: dE=10133.5 m dN=16958.4 m (from-pair-39, support=None, peak=None) 
imw-alike-nn-kt0p2-fm1: Processing pair 38 from disk...
imw-alike-nn-kt0p2-fm1: 0 match-sets in 0.00s
[Coarse] imw-alike-nn-kt0p2-fm1 pair 39: dE=10133.5 m dN=16958.4 m (phasecorr@315m, support=None, peak=0.37484617568828443) 
imw-alike-nn-kt0p2-fm1: Processing pair 39 from disk...
imw-alike-nn-kt0p2-fm1: 0 match-sets in 0.00s
[Coarse] imw-alike-nn-kt0p2-fm1 pair 40: dE=76842.6 m dN=-18012.8 m (phasecorr@315m, support=None, peak=0.16032237420847387) 
imw-alike-nn-kt0p2-fm1: Processing pair 40 from disk...
imw-alike-nn-kt0p2-fm1: 1 match-sets in 0.12s
[Coarse] imw-alike-nn-kt0p2-fm1 pair 41: dE=76821.7 m dN=-17970.8 m (phasecorr@315m, support=None, peak=0.1293754681834468) 
imw-alike-nn-kt0p2-fm1: Processing pair 41 from disk...
imw-alike-nn-kt0p2-fm1: 1 match-sets in 0.12s
[Coarse] imw-alike-nn-kt0p2-fm1 pair 42: dE=71418.1 m dN=-83226.9 m (phasecorr@315m, support=None, peak=0.04043954435560439) 
imw-alike-nn-kt0p2-fm1: Processing pair 42 from disk...
imw-alike-nn-kt0p2-fm1: 1 match-sets in 0.09s
[Coarse] imw-alike-nn-kt0p2-fm1 pair 43: dE=71418.1 m dN=-83226.9 m (from-pair-42, support=None, peak=None) 
imw-alike-nn-kt0p2-fm1: Processing pair 43 from disk...
imw-alike-nn-kt0p2-fm1: 1 match-sets in 0.10s
[Coarse] imw-alike-nn-kt0p2-fm1 pair 44: dE=-66700.2 m dN=27164.4 m (phasecorr@315m, support=None, peak=0.060047009852197436) 
imw-alike-nn-kt0p2-fm1: Processing pair 44 from disk...
imw-alike-nn-kt0p2-fm1: 0 match-sets in 0.00s
[Coarse] imw-alike-nn-kt0p2-fm1 pair 45: dE=-65468.5 m dN=11952.3 m (phasecorr@315m, support=None, peak=0.062489196923861616) 
imw-alike-nn-kt0p2-fm1: Processing pair 45 from disk...
imw-alike-nn-kt0p2-fm1: 0 match-sets in 0.00s
Saved:
 CHIP_STATS_ALL.csv
 CHIP_STATS_SURVIVORS.csv
 CONSENSUS_SCORES.csv
 BEST_CHIP_SET.csv
 BEST_CHIP_MANIFEST.csv
 BEST_FINAL_SUMMARY.csv
[band3] imw-alike-nn-kt0p2-fm1 ok in 0.3 min, peak GPU memory 0.7 of 15.6 GB
[imw-alike-nn] Model unloaded.
--------------------------------------------------------------------------------
[band3] Running imw-alike-nn-kt0p2-fsp1
[imw-alike-nn] Loading model...
[Coarse] pair 1: no reliable coarse offset (matcher: no matches; phasecorr: {'dx': 72221.31426491275, 'dy': -10662.850823270848, 'support': None, 'n': None, 'peak': 0.02032967514970684}); windows compared in place
[Coarse] pair 2: no reliable coarse offset (matcher: no matches; phasecorr: {'dx': 65394.283402378176, 'dy': -25649.46980266543, 'support': None, 'n': None, 'peak': 0.022622975002173116}); windows compared in place
[Coarse] pair 3: no reliable coarse offset (matcher: no matches; phasecorr: {'dx': -84951.32174473844, 'dy': -16333.25546038059, 'support': None, 'n': None, 'peak': 0.023098598562204843}); windows compared in place
[Coarse] pair 4: no reliable coarse offset (matcher: no matches; phasecorr: {'dx': -71296.19311950017, 'dy': -18548.86611268403, 'support': None, 'n': None, 'peak': 0.02308651422222401}); windows compared in place
[Coarse] pair 5: no reliable coarse offset (matcher: no matches; phasecorr: {'dx': -66471.0041660463, 'dy': 19677.698496104596, 'support': None, 'n': None, 'peak': 0.0007051175513875827}); windows compared in place
[Coarse] pair 6: no reliable coarse offset (matcher: {'dx': -89361.26449584961, 'dy': 45368.18550109863, 'support': 1, 'n': 4, 'peak': None}; phasecorr: {'dx': -63117.55771771344, 'dy': 45344.79793689909, 'support': None, 'n': None, 'peak': 0.016527041937588666}); windows compared in place
[Coarse] pair 9: no reliable coarse offset (matcher: {'dx': -73124.15508270264, 'dy': -86278.66089820862, 'support': 1, 'n': 3, 'peak': None}; phasecorr: {'dx': -16699.175274071407, 'dy': 24436.94053537555, 'support': None, 'n': None, 'peak': -0.010903077867296006}); windows compared in place
[Coarse] pair 11: no reliable coarse offset (matcher: {'dx': -59497.783126831055, 'dy': -84130.20478248596, 'support': 1, 'n': 3, 'peak': None}; phasecorr: {'dx': -17156.568569433253, 'dy': 26769.77008011288, 'support': None, 'n': None, 'peak': -0.005567667855156793}); windows compared in place
[Coarse] pair 12: no reliable coarse offset (matcher: {'dx': -78432.83946990967, 'dy': -99383.07678222656, 'support': 1, 'n': 5, 'peak': None}; phasecorr: {'dx': -54138.7373906018, 'dy': -62739.11738734777, 'support': None, 'n': None, 'peak': 0.019588654039171007}); windows compared in place
[Coarse] pair 13: no reliable coarse offset (matcher: no matches; phasecorr: {'dx': -3843.534072827219, 'dy': -91640.0194769223, 'support': None, 'n': None, 'peak': 0.015414013681642857}); windows compared in place
[Coarse] pair 15: no reliable coarse offset (matcher: {'dx': -83202.73956298828, 'dy': -16707.025909423828, 'support': 1, 'n': 5, 'peak': None}; phasecorr: {'dx': -94939.8559147267, 'dy': -82659.23661442024, 'support': None, 'n': None, 'peak': 0.008939644289605411}); windows compared in place
[Coarse] pair 16: no reliable coarse offset (matcher: {'dx': -87963.01940917969, 'dy': -32769.82452392578, 'support': 1, 'n': 4, 'peak': None}; phasecorr: {'dx': -60639.28459076655, 'dy': -33832.56066827953, 'support': None, 'n': None, 'peak': 0.007406430218281896}); windows compared in place
[Coarse] pair 17: no reliable coarse offset (matcher: {'dx': -97366.34811401367, 'dy': -8189.057922363281, 'support': 1, 'n': 4, 'peak': None}; phasecorr: {'dx': -75606.28869913492, 'dy': -40258.11314932236, 'support': None, 'n': None, 'peak': 0.002259464960529971}); windows compared in place
[Coarse] pair 18: no reliable coarse offset (matcher: no matches; phasecorr: {'dx': -47574.86505103309, 'dy': 30736.089922927127, 'support': None, 'n': None, 'peak': -0.005526255078658046}); windows compared in place
[Coarse] pair 19: no reliable coarse offset (matcher: {'dx': -85054.28981781006, 'dy': 63012.290267944336, 'support': 1, 'n': 3, 'peak': None}; phasecorr: {'dx': -134048.08681427932, 'dy': 22202.75100943282, 'support': None, 'n': None, 'peak': 0.01199757972153889}); windows compared in place
[Coarse] pair 20: no reliable coarse offset (matcher: no matches; phasecorr: {'dx': -51737.17622911178, 'dy': 31055.668515360256, 'support': None, 'n': None, 'peak': -0.013213375402903196}); windows compared in place
[Coarse] pair 22: no reliable coarse offset (matcher: {'dx': 18561.217346191406, 'dy': -90189.57063674927, 'support': 2, 'n': 7, 'peak': None}; phasecorr: {'dx': -22501.36818549658, 'dy': 56480.21235681643, 'support': None, 'n': None, 'peak': -0.0038632059607486176}); windows compared in place
[Coarse] pair 23: no reliable coarse offset (matcher: no matches; phasecorr: {'dx': -38768.62470648129, 'dy': 60272.71480887387, 'support': None, 'n': None, 'peak': 0.018053494174784593}); windows compared in place
[Coarse] pair 24: no reliable coarse offset (matcher: no matches; phasecorr: {'dx': 5060.875137458928, 'dy': -132702.46963164263, 'support': None, 'n': None, 'peak': 0.004566593000623915}); windows compared in place
[Coarse] pair 25: no reliable coarse offset (matcher: no matches; phasecorr: {'dx': 19115.97600195751, 'dy': -87876.18077077619, 'support': None, 'n': None, 'peak': 0.014515514945983887}); windows compared in place
[Coarse] pair 26: no reliable coarse offset (matcher: no matches; phasecorr: {'dx': -25110.617324353138, 'dy': -110321.271036598, 'support': None, 'n': None, 'peak': 0.028688357883029515}); windows compared in place
[Coarse] pair 27: no reliable coarse offset (matcher: {'dx': -62051.89498901367, 'dy': -32444.53857421875, 'support': 1, 'n': 5, 'peak': None}; phasecorr: {'dx': -24618.815192443915, 'dy': -51702.316299651786, 'support': None, 'n': None, 'peak': 0.024773373663302803}); windows compared in place
[Coarse] pair 28: no reliable coarse offset (matcher: {'dx': -98607.33352661133, 'dy': -27391.128387451172, 'support': 1, 'n': 4, 'peak': None}; phasecorr: {'dx': -34345.520193795004, 'dy': -31836.47230271583, 'support': None, 'n': None, 'peak': 0.007815724782982971}); windows compared in place
[Coarse] pair 29: no reliable coarse offset (matcher: {'dx': -94244.73481178284, 'dy': 14175.708961486816, 'support': 1, 'n': 5, 'peak': None}; phasecorr: {'dx': -23015.789594526494, 'dy': 27033.23829875427, 'support': None, 'n': None, 'peak': -0.010339975127467402}); windows compared in place
[Coarse] pair 30: no reliable coarse offset (matcher: no matches; phasecorr: {'dx': 44341.741084490575, 'dy': 33964.32140920293, 'support': None, 'n': None, 'peak': 0.012143600762135697}); windows compared in place
[Coarse] pair 32: no reliable coarse offset (matcher: no matches; phasecorr: {'dx': 76928.68966913699, 'dy': -17747.191922768525, 'support': None, 'n': None, 'peak': 0.018933949931462607}); windows compared in place
[Coarse] pair 33: no reliable coarse offset (matcher: {'dx': -76532.85873413086, 'dy': -77500.18981933594, 'support': 1, 'n': 5, 'peak': None}; phasecorr: {'dx': 76984.7825803246, 'dy': -17783.154749211222, 'support': None, 'n': None, 'peak': 0.01788282951116562}); windows compared in place
[Coarse] pair 36: no reliable coarse offset (matcher: {'dx': 3566.0101890563965, 'dy': 99992.73559570312, 'support': 1, 'n': 3, 'peak': None}; phasecorr: {'dx': 19637.281743784188, 'dy': 28659.270855444367, 'support': None, 'n': None, 'peak': 0.011020430701750296}); windows compared in place
[Coarse] pair 37: no reliable coarse offset (matcher: {'dx': 9450.00961303711, 'dy': 58904.995193481445, 'support': 1, 'n': 5, 'peak': None}; phasecorr: {'dx': 7507.0015977467065, 'dy': 32833.49977892313, 'support': None, 'n': None, 'peak': 0.0048901353058991605}); windows compared in place
[Coarse] pair 38: no reliable coarse offset (matcher: {'dx': 16436.732540130615, 'dy': -99299.40971374512, 'support': 2, 'n': 3, 'peak': None}; phasecorr: {'dx': 23247.53686111282, 'dy': 17041.62175906921, 'support': None, 'n': None, 'peak': 0.019549365950219427}); windows compared in place
[Coarse] pair 43: no reliable coarse offset (matcher: {'dx': 74962.22305297852, 'dy': -65825.83877563477, 'support': 1, 'n': 4, 'peak': None}; phasecorr: {'dx': 59869.22805112187, 'dy': -96325.01557673489, 'support': None, 'n': None, 'peak': 0.00793376685672336}); windows compared in place
[Coarse] WARNING: imw-alike-nn-kt0p2-fsp1: the pairs' coarse offsets differ by up to 148 km, more than one image moves from place to place. Pairs with a wrong offset match the wrong ground (the chip consensus drops them when they are few); if most pairs disagree, check the input's pixel size and window size.
[Coarse] imw-alike-nn-kt0p2-fsp1 pair 1: dE=-30060.9 m dN=24674.4 m (from-pair-7, support=None, peak=None) 
imw-alike-nn-kt0p2-fsp1: Processing pair 1 from disk...
imw-alike-nn-kt0p2-fsp1: 0 match-sets in 0.00s
[Coarse] imw-alike-nn-kt0p2-fsp1 pair 2: dE=-30060.9 m dN=24674.4 m (from-pair-7, support=None, peak=None) 
imw-alike-nn-kt0p2-fsp1: Processing pair 2 from disk...
imw-alike-nn-kt0p2-fsp1: 0 match-sets in 0.00s
[Coarse] imw-alike-nn-kt0p2-fsp1 pair 3: dE=73258.3 m dN=-12396.0 m (from-pair-14, support=None, peak=None) 
imw-alike-nn-kt0p2-fsp1: Processing pair 3 from disk...
imw-alike-nn-kt0p2-fsp1: 0 match-sets in 0.00s
[Coarse] imw-alike-nn-kt0p2-fsp1 pair 4: dE=73258.3 m dN=-12396.0 m (from-pair-14, support=None, peak=None) 
imw-alike-nn-kt0p2-fsp1: Processing pair 4 from disk...
imw-alike-nn-kt0p2-fsp1: 0 match-sets in 0.00s
[Coarse] imw-alike-nn-kt0p2-fsp1 pair 5: dE=73258.3 m dN=-12396.0 m (from-pair-14, support=None, peak=None) 
imw-alike-nn-kt0p2-fsp1: Processing pair 5 from disk...
imw-alike-nn-kt0p2-fsp1: 0 match-sets in 0.00s
[Coarse] imw-alike-nn-kt0p2-fsp1 pair 6: dE=73258.3 m dN=-12396.0 m (from-pair-14, support=None, peak=None) 
imw-alike-nn-kt0p2-fsp1: Processing pair 6 from disk...
imw-alike-nn-kt0p2-fsp1: 0 match-sets in 0.00s
[Coarse] imw-alike-nn-kt0p2-fsp1 pair 7: dE=-30060.9 m dN=24674.4 m (phasecorr@315m, support=None, peak=0.07485453462600708) 
imw-alike-nn-kt0p2-fsp1: Processing pair 7 from disk...
imw-alike-nn-kt0p2-fsp1: 0 match-sets in 0.00s
[Coarse] imw-alike-nn-kt0p2-fsp1 pair 8: dE=-34085.2 m dN=23031.2 m (phasecorr@315m, support=None, peak=0.048964771058824325) 
imw-alike-nn-kt0p2-fsp1: Processing pair 8 from disk...
imw-alike-nn-kt0p2-fsp1: 0 match-sets in 0.00s
[Coarse] imw-alike-nn-kt0p2-fsp1 pair 9: dE=-35432.1 m dN=24320.0 m (from-pair-10, support=None, peak=None) 
imw-alike-nn-kt0p2-fsp1: Processing pair 9 from disk...
imw-alike-nn-kt0p2-fsp1: 0 match-sets in 0.00s
[Coarse] imw-alike-nn-kt0p2-fsp1 pair 10: dE=-35432.1 m dN=24320.0 m (phasecorr@315m, support=None, peak=0.12360441419813369) 
imw-alike-nn-kt0p2-fsp1: Processing pair 10 from disk...
imw-alike-nn-kt0p2-fsp1: 0 match-sets in 0.00s
[Coarse] imw-alike-nn-kt0p2-fsp1 pair 11: dE=-34085.2 m dN=23031.2 m (from-pair-8, support=None, peak=None) 
imw-alike-nn-kt0p2-fsp1: Processing pair 11 from disk...
imw-alike-nn-kt0p2-fsp1: 0 match-sets in 0.00s
[Coarse] imw-alike-nn-kt0p2-fsp1 pair 12: dE=73258.3 m dN=-12396.0 m (from-pair-14, support=None, peak=None) 
imw-alike-nn-kt0p2-fsp1: Processing pair 12 from disk...
imw-alike-nn-kt0p2-fsp1: 1 match-sets in 0.16s
[Coarse] imw-alike-nn-kt0p2-fsp1 pair 13: dE=73258.3 m dN=-12396.0 m (from-pair-14, support=None, peak=None) 
imw-alike-nn-kt0p2-fsp1: Processing pair 13 from disk...
imw-alike-nn-kt0p2-fsp1: 1 match-sets in 0.16s
[Coarse] imw-alike-nn-kt0p2-fsp1 pair 14: dE=73258.3 m dN=-12396.0 m (phasecorr@315m, support=None, peak=0.0750410366821289) 
imw-alike-nn-kt0p2-fsp1: Processing pair 14 from disk...
imw-alike-nn-kt0p2-fsp1: 1 match-sets in 0.15s
[Coarse] imw-alike-nn-kt0p2-fsp1 pair 15: dE=73258.3 m dN=-12396.0 m (from-pair-14, support=None, peak=None) 
imw-alike-nn-kt0p2-fsp1: Processing pair 15 from disk...
imw-alike-nn-kt0p2-fsp1: 1 match-sets in 0.21s
[Coarse] imw-alike-nn-kt0p2-fsp1 pair 16: dE=73258.3 m dN=-12396.0 m (from-pair-14, support=None, peak=None) 
imw-alike-nn-kt0p2-fsp1: Processing pair 16 from disk...
imw-alike-nn-kt0p2-fsp1: 1 match-sets in 0.19s
[Coarse] imw-alike-nn-kt0p2-fsp1 pair 17: dE=73258.3 m dN=-12396.0 m (from-pair-14, support=None, peak=None) 
imw-alike-nn-kt0p2-fsp1: Processing pair 17 from disk...
imw-alike-nn-kt0p2-fsp1: 1 match-sets in 0.19s
[Coarse] imw-alike-nn-kt0p2-fsp1 pair 18: dE=73258.3 m dN=-12396.0 m (from-pair-14, support=None, peak=None) 
imw-alike-nn-kt0p2-fsp1: Processing pair 18 from disk...
imw-alike-nn-kt0p2-fsp1: 1 match-sets in 0.11s
[Coarse] imw-alike-nn-kt0p2-fsp1 pair 19: dE=73258.3 m dN=-12396.0 m (from-pair-14, support=None, peak=None) 
imw-alike-nn-kt0p2-fsp1: Processing pair 19 from disk...
imw-alike-nn-kt0p2-fsp1: 1 match-sets in 0.11s
[Coarse] imw-alike-nn-kt0p2-fsp1 pair 20: dE=73258.3 m dN=-12396.0 m (from-pair-14, support=None, peak=None) 
imw-alike-nn-kt0p2-fsp1: Processing pair 20 from disk...
imw-alike-nn-kt0p2-fsp1: 1 match-sets in 0.12s
[Coarse] imw-alike-nn-kt0p2-fsp1 pair 21: dE=-34651.5 m dN=64354.3 m (phasecorr@315m, support=None, peak=0.03061729173699524) 
imw-alike-nn-kt0p2-fsp1: Processing pair 21 from disk...
imw-alike-nn-kt0p2-fsp1: 0 match-sets in 0.00s
[Coarse] imw-alike-nn-kt0p2-fsp1 pair 22: dE=-34651.5 m dN=64354.3 m (from-pair-21, support=None, peak=None) 
imw-alike-nn-kt0p2-fsp1: Processing pair 22 from disk...
imw-alike-nn-kt0p2-fsp1: 0 match-sets in 0.00s
[Coarse] imw-alike-nn-kt0p2-fsp1 pair 23: dE=-34651.5 m dN=64354.3 m (from-pair-21, support=None, peak=None) 
imw-alike-nn-kt0p2-fsp1: Processing pair 23 from disk...
imw-alike-nn-kt0p2-fsp1: 0 match-sets in 0.00s
[Coarse] imw-alike-nn-kt0p2-fsp1 pair 24: dE=75555.3 m dN=-16017.9 m (from-pair-34, support=None, peak=None) 
imw-alike-nn-kt0p2-fsp1: Processing pair 24 from disk...
imw-alike-nn-kt0p2-fsp1: 1 match-sets in 0.25s
[Coarse] imw-alike-nn-kt0p2-fsp1 pair 25: dE=75555.3 m dN=-16017.9 m (from-pair-34, support=None, peak=None) 
imw-alike-nn-kt0p2-fsp1: Processing pair 25 from disk...
imw-alike-nn-kt0p2-fsp1: 1 match-sets in 0.26s
[Coarse] imw-alike-nn-kt0p2-fsp1 pair 26: dE=75555.3 m dN=-16017.9 m (from-pair-34, support=None, peak=None) 
imw-alike-nn-kt0p2-fsp1: Processing pair 26 from disk...
imw-alike-nn-kt0p2-fsp1: 1 match-sets in 0.26s
[Coarse] imw-alike-nn-kt0p2-fsp1 pair 27: dE=75555.3 m dN=-16017.9 m (from-pair-34, support=None, peak=None) 
imw-alike-nn-kt0p2-fsp1: Processing pair 27 from disk...
imw-alike-nn-kt0p2-fsp1: 1 match-sets in 0.30s
[Coarse] imw-alike-nn-kt0p2-fsp1 pair 28: dE=75555.3 m dN=-16017.9 m (from-pair-34, support=None, peak=None) 
imw-alike-nn-kt0p2-fsp1: Processing pair 28 from disk...
imw-alike-nn-kt0p2-fsp1: 1 match-sets in 0.30s
[Coarse] imw-alike-nn-kt0p2-fsp1 pair 29: dE=75555.3 m dN=-16017.9 m (from-pair-34, support=None, peak=None) 
imw-alike-nn-kt0p2-fsp1: Processing pair 29 from disk...
imw-alike-nn-kt0p2-fsp1: 0 match-sets in 0.01s
[Coarse] imw-alike-nn-kt0p2-fsp1 pair 30: dE=29320.3 m dN=32717.6 m (from-pair-31, support=None, peak=None) 
imw-alike-nn-kt0p2-fsp1: Processing pair 30 from disk...
imw-alike-nn-kt0p2-fsp1: 0 match-sets in 0.00s
[Coarse] imw-alike-nn-kt0p2-fsp1 pair 31: dE=29320.3 m dN=32717.6 m (phasecorr@315m, support=None, peak=0.11020252078648948) 
imw-alike-nn-kt0p2-fsp1: Processing pair 31 from disk...
imw-alike-nn-kt0p2-fsp1: 0 match-sets in 0.00s
[Coarse] imw-alike-nn-kt0p2-fsp1 pair 32: dE=75555.3 m dN=-16017.9 m (from-pair-34, support=None, peak=None) 
imw-alike-nn-kt0p2-fsp1: Processing pair 32 from disk...
imw-alike-nn-kt0p2-fsp1: 1 match-sets in 0.24s
[Coarse] imw-alike-nn-kt0p2-fsp1 pair 33: dE=75555.3 m dN=-16017.9 m (from-pair-34, support=None, peak=None) 
imw-alike-nn-kt0p2-fsp1: Processing pair 33 from disk...
imw-alike-nn-kt0p2-fsp1: 1 match-sets in 0.24s
[Coarse] imw-alike-nn-kt0p2-fsp1 pair 34: dE=75555.3 m dN=-16017.9 m (phasecorr@315m, support=None, peak=0.06293188095092773) 
imw-alike-nn-kt0p2-fsp1: Processing pair 34 from disk...
imw-alike-nn-kt0p2-fsp1: 1 match-sets in 0.23s
[Coarse] imw-alike-nn-kt0p2-fsp1 pair 35: dE=75568.1 m dN=-15961.2 m (phasecorr@315m, support=None, peak=0.0629165448612637) 
imw-alike-nn-kt0p2-fsp1: Processing pair 35 from disk...
imw-alike-nn-kt0p2-fsp1: 1 match-sets in 0.24s
[Coarse] imw-alike-nn-kt0p2-fsp1 pair 36: dE=75568.1 m dN=-15961.2 m (from-pair-35, support=None, peak=None) 
imw-alike-nn-kt0p2-fsp1: Processing pair 36 from disk...
imw-alike-nn-kt0p2-fsp1: 1 match-sets in 0.13s
[Coarse] imw-alike-nn-kt0p2-fsp1 pair 37: dE=75568.1 m dN=-15961.2 m (from-pair-35, support=None, peak=None) 
imw-alike-nn-kt0p2-fsp1: Processing pair 37 from disk...
imw-alike-nn-kt0p2-fsp1: 1 match-sets in 0.14s
[Coarse] imw-alike-nn-kt0p2-fsp1 pair 38: dE=10133.5 m dN=16958.4 m (from-pair-39, support=None, peak=None) 
imw-alike-nn-kt0p2-fsp1: Processing pair 38 from disk...
imw-alike-nn-kt0p2-fsp1: 0 match-sets in 0.00s
[Coarse] imw-alike-nn-kt0p2-fsp1 pair 39: dE=10133.5 m dN=16958.4 m (phasecorr@315m, support=None, peak=0.37484617568828443) 
imw-alike-nn-kt0p2-fsp1: Processing pair 39 from disk...
imw-alike-nn-kt0p2-fsp1: 0 match-sets in 0.00s
[Coarse] imw-alike-nn-kt0p2-fsp1 pair 40: dE=76842.6 m dN=-18012.8 m (phasecorr@315m, support=None, peak=0.16032237420847387) 
imw-alike-nn-kt0p2-fsp1: Processing pair 40 from disk...
imw-alike-nn-kt0p2-fsp1: 1 match-sets in 0.12s
[Coarse] imw-alike-nn-kt0p2-fsp1 pair 41: dE=76821.7 m dN=-17970.8 m (phasecorr@315m, support=None, peak=0.1293754681834468) 
imw-alike-nn-kt0p2-fsp1: Processing pair 41 from disk...
imw-alike-nn-kt0p2-fsp1: 1 match-sets in 0.12s
[Coarse] imw-alike-nn-kt0p2-fsp1 pair 42: dE=71418.1 m dN=-83226.9 m (phasecorr@315m, support=None, peak=0.04043954435560439) 
imw-alike-nn-kt0p2-fsp1: Processing pair 42 from disk...
imw-alike-nn-kt0p2-fsp1: 1 match-sets in 0.09s
[Coarse] imw-alike-nn-kt0p2-fsp1 pair 43: dE=71418.1 m dN=-83226.9 m (from-pair-42, support=None, peak=None) 
imw-alike-nn-kt0p2-fsp1: Processing pair 43 from disk...
imw-alike-nn-kt0p2-fsp1: 1 match-sets in 0.10s
[Coarse] imw-alike-nn-kt0p2-fsp1 pair 44: dE=-66700.2 m dN=27164.4 m (phasecorr@315m, support=None, peak=0.060047009852197436) 
imw-alike-nn-kt0p2-fsp1: Processing pair 44 from disk...
imw-alike-nn-kt0p2-fsp1: 0 match-sets in 0.00s
[Coarse] imw-alike-nn-kt0p2-fsp1 pair 45: dE=-65468.5 m dN=11952.3 m (phasecorr@315m, support=None, peak=0.062489196923861616) 
imw-alike-nn-kt0p2-fsp1: Processing pair 45 from disk...
imw-alike-nn-kt0p2-fsp1: 0 match-sets in 0.00s
No configuration survived the chip consensus filter.
[band3] imw-alike-nn-kt0p2-fsp1 no-consensus in 0.3 min, peak GPU memory 0.7 of 15.6 GB
[imw-alike-nn] Model unloaded.
--------------------------------------------------------------------------------
[band3] Running imw-alike-nn-kt0p2
[imw-alike-nn] Loading model...
[Coarse] pair 1: no reliable coarse offset (matcher: no matches; phasecorr: {'dx': 72221.31426491275, 'dy': -10662.850823270848, 'support': None, 'n': None, 'peak': 0.02032967514970684}); windows compared in place
[Coarse] pair 2: no reliable coarse offset (matcher: no matches; phasecorr: {'dx': 65394.283402378176, 'dy': -25649.46980266543, 'support': None, 'n': None, 'peak': 0.022622975002173116}); windows compared in place
[Coarse] pair 3: no reliable coarse offset (matcher: {'dx': -99225.0, 'dy': -630.0096130371094, 'support': 1, 'n': 4, 'peak': None}; phasecorr: {'dx': -84951.32174473844, 'dy': -16333.25546038059, 'support': None, 'n': None, 'peak': 0.023098598562204843}); windows compared in place
[Coarse] pair 4: no reliable coarse offset (matcher: {'dx': -100012.5, 'dy': 22207.5, 'support': 2, 'n': 3, 'peak': None}; phasecorr: {'dx': -71296.19311950017, 'dy': -18548.86611268403, 'support': None, 'n': None, 'peak': 0.02308651422222401}); windows compared in place
[Coarse] pair 5: no reliable coarse offset (matcher: {'dx': -99855.0, 'dy': 75600.0, 'support': 1, 'n': 5, 'peak': None}; phasecorr: {'dx': -66471.0041660463, 'dy': 19677.698496104596, 'support': None, 'n': None, 'peak': 0.0007051175513875827}); windows compared in place
[Coarse] pair 6: no reliable coarse offset (matcher: {'dx': -95760.0, 'dy': 44415.0, 'support': 1, 'n': 3, 'peak': None}; phasecorr: {'dx': -63117.55771771344, 'dy': 45344.79793689909, 'support': None, 'n': None, 'peak': 0.016527041937588666}); windows compared in place
[Coarse] pair 9: no reliable coarse offset (matcher: no matches; phasecorr: {'dx': -16699.175274071407, 'dy': 24436.94053537555, 'support': None, 'n': None, 'peak': -0.010903077867296006}); windows compared in place
[Coarse] pair 11: no reliable coarse offset (matcher: {'dx': -50715.0, 'dy': -91980.0, 'support': 1, 'n': 5, 'peak': None}; phasecorr: {'dx': -17156.568569433253, 'dy': 26769.77008011288, 'support': None, 'n': None, 'peak': -0.005567667855156793}); windows compared in place
[Coarse] pair 12: no reliable coarse offset (matcher: {'dx': -91035.0, 'dy': -83475.0, 'support': 1, 'n': 5, 'peak': None}; phasecorr: {'dx': -54138.7373906018, 'dy': -62739.11738734777, 'support': None, 'n': None, 'peak': 0.019588654039171007}); windows compared in place
[Coarse] pair 13: no reliable coarse offset (matcher: no matches; phasecorr: {'dx': -3843.534072827219, 'dy': -91640.0194769223, 'support': None, 'n': None, 'peak': 0.015414013681642857}); windows compared in place
[Coarse] pair 15: no reliable coarse offset (matcher: {'dx': -81270.0, 'dy': -18270.0, 'support': 1, 'n': 5, 'peak': None}; phasecorr: {'dx': -94939.8559147267, 'dy': -82659.23661442024, 'support': None, 'n': None, 'peak': 0.008939644289605411}); windows compared in place
[Coarse] pair 16: no reliable coarse offset (matcher: {'dx': -77175.0, 'dy': -18584.99038696289, 'support': 1, 'n': 4, 'peak': None}; phasecorr: {'dx': -60639.28459076655, 'dy': -33832.56066827953, 'support': None, 'n': None, 'peak': 0.007406430218281896}); windows compared in place
[Coarse] pair 17: no reliable coarse offset (matcher: {'dx': -89145.0, 'dy': -22364.99038696289, 'support': 1, 'n': 5, 'peak': None}; phasecorr: {'dx': -75606.28869913492, 'dy': -40258.11314932236, 'support': None, 'n': None, 'peak': 0.002259464960529971}); windows compared in place
[Coarse] pair 18: no reliable coarse offset (matcher: {'dx': -59850.0, 'dy': 95445.0, 'support': 2, 'n': 3, 'peak': None}; phasecorr: {'dx': -47574.86505103309, 'dy': 30736.089922927127, 'support': None, 'n': None, 'peak': -0.005526255078658046}); windows compared in place
[Coarse] pair 19: no reliable coarse offset (matcher: no matches; phasecorr: {'dx': -134048.08681427932, 'dy': 22202.75100943282, 'support': None, 'n': None, 'peak': 0.01199757972153889}); windows compared in place
[Coarse] pair 20: no reliable coarse offset (matcher: {'dx': -79380.00240325928, 'dy': 70560.0, 'support': 1, 'n': 3, 'peak': None}; phasecorr: {'dx': -51737.17622911178, 'dy': 31055.668515360256, 'support': None, 'n': None, 'peak': -0.013213375402903196}); windows compared in place
[Coarse] pair 22: no reliable coarse offset (matcher: no matches; phasecorr: {'dx': -22501.36818549658, 'dy': 56480.21235681643, 'support': None, 'n': None, 'peak': -0.0038632059607486176}); windows compared in place
[Coarse] pair 23: no reliable coarse offset (matcher: {'dx': -47565.0, 'dy': -85995.0, 'support': 1, 'n': 5, 'peak': None}; phasecorr: {'dx': -38768.62470648129, 'dy': 60272.71480887387, 'support': None, 'n': None, 'peak': 0.018053494174784593}); windows compared in place
[Coarse] pair 24: no reliable coarse offset (matcher: no matches; phasecorr: {'dx': 5060.875137458928, 'dy': -132702.46963164263, 'support': None, 'n': None, 'peak': 0.004566593000623915}); windows compared in place
[Coarse] pair 25: no reliable coarse offset (matcher: no matches; phasecorr: {'dx': 19115.97600195751, 'dy': -87876.18077077619, 'support': None, 'n': None, 'peak': 0.014515514945983887}); windows compared in place
[Coarse] pair 26: no reliable coarse offset (matcher: no matches; phasecorr: {'dx': -25110.617324353138, 'dy': -110321.271036598, 'support': None, 'n': None, 'peak': 0.028688357883029515}); windows compared in place
[Coarse] pair 27: no reliable coarse offset (matcher: no matches; phasecorr: {'dx': -24618.815192443915, 'dy': -51702.316299651786, 'support': None, 'n': None, 'peak': 0.024773373663302803}); windows compared in place
[Coarse] pair 28: no reliable coarse offset (matcher: {'dx': 39059.98077392578, 'dy': -31815.0, 'support': 1, 'n': 4, 'peak': None}; phasecorr: {'dx': -34345.520193795004, 'dy': -31836.47230271583, 'support': None, 'n': None, 'peak': 0.007815724782982971}); windows compared in place
[Coarse] pair 29: no reliable coarse offset (matcher: {'dx': -55439.99759674072, 'dy': 40950.0, 'support': 1, 'n': 3, 'peak': None}; phasecorr: {'dx': -23015.789594526494, 'dy': 27033.23829875427, 'support': None, 'n': None, 'peak': -0.010339975127467402}); windows compared in place
[Coarse] pair 30: no reliable coarse offset (matcher: {'dx': 13860.0, 'dy': -94500.0, 'support': 1, 'n': 3, 'peak': None}; phasecorr: {'dx': 44341.741084490575, 'dy': 33964.32140920293, 'support': None, 'n': None, 'peak': 0.012143600762135697}); windows compared in place
[Coarse] pair 32: no reliable coarse offset (matcher: no matches; phasecorr: {'dx': 76928.68966913699, 'dy': -17747.191922768525, 'support': None, 'n': None, 'peak': 0.018933949931462607}); windows compared in place
[Coarse] pair 33: no reliable coarse offset (matcher: no matches; phasecorr: {'dx': 76984.7825803246, 'dy': -17783.154749211222, 'support': None, 'n': None, 'peak': 0.01788282951116562}); windows compared in place
[Coarse] pair 36: no reliable coarse offset (matcher: {'dx': 6142.502403259277, 'dy': 100485.0, 'support': 2, 'n': 5, 'peak': None}; phasecorr: {'dx': 19637.281743784188, 'dy': 28659.270855444367, 'support': None, 'n': None, 'peak': 0.011020430701750296}); windows compared in place
[Coarse] pair 37: no reliable coarse offset (matcher: {'dx': -3149.9915885925293, 'dy': 54810.0, 'support': 1, 'n': 4, 'peak': None}; phasecorr: {'dx': 7507.0015977467065, 'dy': 32833.49977892313, 'support': None, 'n': None, 'peak': 0.0048901353058991605}); windows compared in place
[Coarse] pair 38: no reliable coarse offset (matcher: {'dx': 11812.500450611115, 'dy': -100327.5, 'support': 2, 'n': 3, 'peak': None}; phasecorr: {'dx': 23247.53686111282, 'dy': 17041.62175906921, 'support': None, 'n': None, 'peak': 0.019549365950219427}); windows compared in place
[Coarse] pair 43: no reliable coarse offset (matcher: {'dx': 76860.0, 'dy': -77490.0, 'support': 1, 'n': 6, 'peak': None}; phasecorr: {'dx': 59869.22805112187, 'dy': -96325.01557673489, 'support': None, 'n': None, 'peak': 0.00793376685672336}); windows compared in place
[Coarse] WARNING: imw-alike-nn-kt0p2: the pairs' coarse offsets differ by up to 148 km, more than one image moves from place to place. Pairs with a wrong offset match the wrong ground (the chip consensus drops them when they are few); if most pairs disagree, check the input's pixel size and window size.
[Coarse] imw-alike-nn-kt0p2 pair 1: dE=-30060.9 m dN=24674.4 m (from-pair-7, support=None, peak=None) 
imw-alike-nn-kt0p2: Processing pair 1 from disk...
imw-alike-nn-kt0p2: 0 match-sets in 0.00s
[Coarse] imw-alike-nn-kt0p2 pair 2: dE=-30060.9 m dN=24674.4 m (from-pair-7, support=None, peak=None) 
imw-alike-nn-kt0p2: Processing pair 2 from disk...
imw-alike-nn-kt0p2: 0 match-sets in 0.00s
[Coarse] imw-alike-nn-kt0p2 pair 3: dE=73258.3 m dN=-12396.0 m (from-pair-14, support=None, peak=None) 
imw-alike-nn-kt0p2: Processing pair 3 from disk...
imw-alike-nn-kt0p2: 0 match-sets in 0.00s
[Coarse] imw-alike-nn-kt0p2 pair 4: dE=73258.3 m dN=-12396.0 m (from-pair-14, support=None, peak=None) 
imw-alike-nn-kt0p2: Processing pair 4 from disk...
imw-alike-nn-kt0p2: 0 match-sets in 0.00s
[Coarse] imw-alike-nn-kt0p2 pair 5: dE=73258.3 m dN=-12396.0 m (from-pair-14, support=None, peak=None) 
imw-alike-nn-kt0p2: Processing pair 5 from disk...
imw-alike-nn-kt0p2: 0 match-sets in 0.00s
[Coarse] imw-alike-nn-kt0p2 pair 6: dE=73258.3 m dN=-12396.0 m (from-pair-14, support=None, peak=None) 
imw-alike-nn-kt0p2: Processing pair 6 from disk...
imw-alike-nn-kt0p2: 0 match-sets in 0.00s
[Coarse] imw-alike-nn-kt0p2 pair 7: dE=-30060.9 m dN=24674.4 m (phasecorr@315m, support=None, peak=0.07485453462600708) 
imw-alike-nn-kt0p2: Processing pair 7 from disk...
imw-alike-nn-kt0p2: 0 match-sets in 0.00s
[Coarse] imw-alike-nn-kt0p2 pair 8: dE=-34085.2 m dN=23031.2 m (phasecorr@315m, support=None, peak=0.048964771058824325) 
imw-alike-nn-kt0p2: Processing pair 8 from disk...
imw-alike-nn-kt0p2: 0 match-sets in 0.00s
[Coarse] imw-alike-nn-kt0p2 pair 9: dE=-35432.1 m dN=24320.0 m (from-pair-10, support=None, peak=None) 
imw-alike-nn-kt0p2: Processing pair 9 from disk...
imw-alike-nn-kt0p2: 0 match-sets in 0.00s
[Coarse] imw-alike-nn-kt0p2 pair 10: dE=-35432.1 m dN=24320.0 m (phasecorr@315m, support=None, peak=0.12360441419813369) 
imw-alike-nn-kt0p2: Processing pair 10 from disk...
imw-alike-nn-kt0p2: 0 match-sets in 0.00s
[Coarse] imw-alike-nn-kt0p2 pair 11: dE=-34085.2 m dN=23031.2 m (from-pair-8, support=None, peak=None) 
imw-alike-nn-kt0p2: Processing pair 11 from disk...
imw-alike-nn-kt0p2: 0 match-sets in 0.00s
[Coarse] imw-alike-nn-kt0p2 pair 12: dE=73258.3 m dN=-12396.0 m (from-pair-14, support=None, peak=None) 
imw-alike-nn-kt0p2: Processing pair 12 from disk...
imw-alike-nn-kt0p2: 1 match-sets in 0.15s
[Coarse] imw-alike-nn-kt0p2 pair 13: dE=73258.3 m dN=-12396.0 m (from-pair-14, support=None, peak=None) 
imw-alike-nn-kt0p2: Processing pair 13 from disk...
imw-alike-nn-kt0p2: 1 match-sets in 0.15s
[Coarse] imw-alike-nn-kt0p2 pair 14: dE=73258.3 m dN=-12396.0 m (phasecorr@315m, support=None, peak=0.0750410366821289) 
imw-alike-nn-kt0p2: Processing pair 14 from disk...
imw-alike-nn-kt0p2: 1 match-sets in 0.15s
[Coarse] imw-alike-nn-kt0p2 pair 15: dE=73258.3 m dN=-12396.0 m (from-pair-14, support=None, peak=None) 
imw-alike-nn-kt0p2: Processing pair 15 from disk...
imw-alike-nn-kt0p2: 1 match-sets in 0.21s
[Coarse] imw-alike-nn-kt0p2 pair 16: dE=73258.3 m dN=-12396.0 m (from-pair-14, support=None, peak=None) 
imw-alike-nn-kt0p2: Processing pair 16 from disk...
imw-alike-nn-kt0p2: 1 match-sets in 0.19s
[Coarse] imw-alike-nn-kt0p2 pair 17: dE=73258.3 m dN=-12396.0 m (from-pair-14, support=None, peak=None) 
imw-alike-nn-kt0p2: Processing pair 17 from disk...
imw-alike-nn-kt0p2: 1 match-sets in 0.19s
[Coarse] imw-alike-nn-kt0p2 pair 18: dE=73258.3 m dN=-12396.0 m (from-pair-14, support=None, peak=None) 
imw-alike-nn-kt0p2: Processing pair 18 from disk...
imw-alike-nn-kt0p2: 1 match-sets in 0.11s
[Coarse] imw-alike-nn-kt0p2 pair 19: dE=73258.3 m dN=-12396.0 m (from-pair-14, support=None, peak=None) 
imw-alike-nn-kt0p2: Processing pair 19 from disk...
imw-alike-nn-kt0p2: 1 match-sets in 0.11s
[Coarse] imw-alike-nn-kt0p2 pair 20: dE=73258.3 m dN=-12396.0 m (from-pair-14, support=None, peak=None) 
imw-alike-nn-kt0p2: Processing pair 20 from disk...
imw-alike-nn-kt0p2: 1 match-sets in 0.12s
[Coarse] imw-alike-nn-kt0p2 pair 21: dE=-34651.5 m dN=64354.3 m (phasecorr@315m, support=None, peak=0.03061729173699524) 
imw-alike-nn-kt0p2: Processing pair 21 from disk...
imw-alike-nn-kt0p2: 0 match-sets in 0.00s
[Coarse] imw-alike-nn-kt0p2 pair 22: dE=-34651.5 m dN=64354.3 m (from-pair-21, support=None, peak=None) 
imw-alike-nn-kt0p2: Processing pair 22 from disk...
imw-alike-nn-kt0p2: 0 match-sets in 0.00s
[Coarse] imw-alike-nn-kt0p2 pair 23: dE=-34651.5 m dN=64354.3 m (from-pair-21, support=None, peak=None) 
imw-alike-nn-kt0p2: Processing pair 23 from disk...
imw-alike-nn-kt0p2: 0 match-sets in 0.00s
[Coarse] imw-alike-nn-kt0p2 pair 24: dE=75555.3 m dN=-16017.9 m (from-pair-34, support=None, peak=None) 
imw-alike-nn-kt0p2: Processing pair 24 from disk...
imw-alike-nn-kt0p2: 1 match-sets in 0.26s
[Coarse] imw-alike-nn-kt0p2 pair 25: dE=75555.3 m dN=-16017.9 m (from-pair-34, support=None, peak=None) 
imw-alike-nn-kt0p2: Processing pair 25 from disk...
imw-alike-nn-kt0p2: 1 match-sets in 0.26s
[Coarse] imw-alike-nn-kt0p2 pair 26: dE=75555.3 m dN=-16017.9 m (from-pair-34, support=None, peak=None) 
imw-alike-nn-kt0p2: Processing pair 26 from disk...
imw-alike-nn-kt0p2: 1 match-sets in 0.26s
[Coarse] imw-alike-nn-kt0p2 pair 27: dE=75555.3 m dN=-16017.9 m (from-pair-34, support=None, peak=None) 
imw-alike-nn-kt0p2: Processing pair 27 from disk...
imw-alike-nn-kt0p2: 1 match-sets in 0.31s
[Coarse] imw-alike-nn-kt0p2 pair 28: dE=75555.3 m dN=-16017.9 m (from-pair-34, support=None, peak=None) 
imw-alike-nn-kt0p2: Processing pair 28 from disk...
imw-alike-nn-kt0p2: 1 match-sets in 0.31s
[Coarse] imw-alike-nn-kt0p2 pair 29: dE=75555.3 m dN=-16017.9 m (from-pair-34, support=None, peak=None) 
imw-alike-nn-kt0p2: Processing pair 29 from disk...
imw-alike-nn-kt0p2: 0 match-sets in 0.01s
[Coarse] imw-alike-nn-kt0p2 pair 30: dE=29320.3 m dN=32717.6 m (from-pair-31, support=None, peak=None) 
imw-alike-nn-kt0p2: Processing pair 30 from disk...
imw-alike-nn-kt0p2: 0 match-sets in 0.00s
[Coarse] imw-alike-nn-kt0p2 pair 31: dE=29320.3 m dN=32717.6 m (phasecorr@315m, support=None, peak=0.11020252078648948) 
imw-alike-nn-kt0p2: Processing pair 31 from disk...
imw-alike-nn-kt0p2: 0 match-sets in 0.00s
[Coarse] imw-alike-nn-kt0p2 pair 32: dE=75555.3 m dN=-16017.9 m (from-pair-34, support=None, peak=None) 
imw-alike-nn-kt0p2: Processing pair 32 from disk...
imw-alike-nn-kt0p2: 1 match-sets in 0.24s
[Coarse] imw-alike-nn-kt0p2 pair 33: dE=75555.3 m dN=-16017.9 m (from-pair-34, support=None, peak=None) 
imw-alike-nn-kt0p2: Processing pair 33 from disk...
imw-alike-nn-kt0p2: 1 match-sets in 0.24s
[Coarse] imw-alike-nn-kt0p2 pair 34: dE=75555.3 m dN=-16017.9 m (phasecorr@315m, support=None, peak=0.06293188095092773) 
imw-alike-nn-kt0p2: Processing pair 34 from disk...
imw-alike-nn-kt0p2: 1 match-sets in 0.23s
[Coarse] imw-alike-nn-kt0p2 pair 35: dE=75568.1 m dN=-15961.2 m (phasecorr@315m, support=None, peak=0.0629165448612637) 
imw-alike-nn-kt0p2: Processing pair 35 from disk...
imw-alike-nn-kt0p2: 1 match-sets in 0.23s
[Coarse] imw-alike-nn-kt0p2 pair 36: dE=75568.1 m dN=-15961.2 m (from-pair-35, support=None, peak=None) 
imw-alike-nn-kt0p2: Processing pair 36 from disk...
imw-alike-nn-kt0p2: 1 match-sets in 0.13s
[Coarse] imw-alike-nn-kt0p2 pair 37: dE=75568.1 m dN=-15961.2 m (from-pair-35, support=None, peak=None) 
imw-alike-nn-kt0p2: Processing pair 37 from disk...
imw-alike-nn-kt0p2: 1 match-sets in 0.13s
[Coarse] imw-alike-nn-kt0p2 pair 38: dE=10133.5 m dN=16958.4 m (from-pair-39, support=None, peak=None) 
imw-alike-nn-kt0p2: Processing pair 38 from disk...
imw-alike-nn-kt0p2: 0 match-sets in 0.00s
[Coarse] imw-alike-nn-kt0p2 pair 39: dE=10133.5 m dN=16958.4 m (phasecorr@315m, support=None, peak=0.37484617568828443) 
imw-alike-nn-kt0p2: Processing pair 39 from disk...
imw-alike-nn-kt0p2: 0 match-sets in 0.00s
[Coarse] imw-alike-nn-kt0p2 pair 40: dE=76842.6 m dN=-18012.8 m (phasecorr@315m, support=None, peak=0.16032237420847387) 
imw-alike-nn-kt0p2: Processing pair 40 from disk...
imw-alike-nn-kt0p2: 1 match-sets in 0.12s
[Coarse] imw-alike-nn-kt0p2 pair 41: dE=76821.7 m dN=-17970.8 m (phasecorr@315m, support=None, peak=0.1293754681834468) 
imw-alike-nn-kt0p2: Processing pair 41 from disk...
imw-alike-nn-kt0p2: 1 match-sets in 0.12s
[Coarse] imw-alike-nn-kt0p2 pair 42: dE=71418.1 m dN=-83226.9 m (phasecorr@315m, support=None, peak=0.04043954435560439) 
imw-alike-nn-kt0p2: Processing pair 42 from disk...
imw-alike-nn-kt0p2: 1 match-sets in 0.09s
[Coarse] imw-alike-nn-kt0p2 pair 43: dE=71418.1 m dN=-83226.9 m (from-pair-42, support=None, peak=None) 
imw-alike-nn-kt0p2: Processing pair 43 from disk...
imw-alike-nn-kt0p2: 1 match-sets in 0.10s
[Coarse] imw-alike-nn-kt0p2 pair 44: dE=-66700.2 m dN=27164.4 m (phasecorr@315m, support=None, peak=0.060047009852197436) 
imw-alike-nn-kt0p2: Processing pair 44 from disk...
imw-alike-nn-kt0p2: 0 match-sets in 0.00s
[Coarse] imw-alike-nn-kt0p2 pair 45: dE=-65468.5 m dN=11952.3 m (phasecorr@315m, support=None, peak=0.062489196923861616) 
imw-alike-nn-kt0p2: Processing pair 45 from disk...
imw-alike-nn-kt0p2: 0 match-sets in 0.00s
Saved:
 CHIP_STATS_ALL.csv
 CHIP_STATS_SURVIVORS.csv
 CONSENSUS_SCORES.csv
 BEST_CHIP_SET.csv
 BEST_CHIP_MANIFEST.csv
 BEST_FINAL_SUMMARY.csv
[band3] imw-alike-nn-kt0p2 ok in 0.3 min, peak GPU memory 0.7 of 15.6 GB
[imw-alike-nn] Model unloaded.
--------------------------------------------------------------------------------
[band3] Running imw-sfd2-nn-kt0p2
[imw-sfd2-nn] Loading model...
[Coarse] pair 1: no reliable coarse offset (matcher: no matches; phasecorr: {'dx': 72221.31426491275, 'dy': -10662.850823270848, 'support': None, 'n': None, 'peak': 0.02032967514970684}); windows compared in place
[Coarse] pair 2: no reliable coarse offset (matcher: no matches; phasecorr: {'dx': 65394.283402378176, 'dy': -25649.46980266543, 'support': None, 'n': None, 'peak': 0.022622975002173116}); windows compared in place
[Coarse] pair 3: no reliable coarse offset (matcher: no matches; phasecorr: {'dx': -84951.32174473844, 'dy': -16333.25546038059, 'support': None, 'n': None, 'peak': 0.023098598562204843}); windows compared in place
[Coarse] pair 4: no reliable coarse offset (matcher: no matches; phasecorr: {'dx': -71296.19311950017, 'dy': -18548.86611268403, 'support': None, 'n': None, 'peak': 0.02308651422222401}); windows compared in place
[Coarse] pair 5: no reliable coarse offset (matcher: no matches; phasecorr: {'dx': -66471.0041660463, 'dy': 19677.698496104596, 'support': None, 'n': None, 'peak': 0.0007051175513875827}); windows compared in place
[Coarse] pair 6: no reliable coarse offset (matcher: {'dx': -92925.0, 'dy': 61425.0, 'support': 1, 'n': 4, 'peak': None}; phasecorr: {'dx': -63117.55771771344, 'dy': 45344.79793689909, 'support': None, 'n': None, 'peak': 0.016527041937588666}); windows compared in place
[Coarse] pair 9: no reliable coarse offset (matcher: no matches; phasecorr: {'dx': -16699.175274071407, 'dy': 24436.94053537555, 'support': None, 'n': None, 'peak': -0.010903077867296006}); windows compared in place
[Coarse] pair 11: no reliable coarse offset (matcher: no matches; phasecorr: {'dx': -17156.568569433253, 'dy': 26769.77008011288, 'support': None, 'n': None, 'peak': -0.005567667855156793}); windows compared in place
[Coarse] pair 12: no reliable coarse offset (matcher: no matches; phasecorr: {'dx': -54138.7373906018, 'dy': -62739.11738734777, 'support': None, 'n': None, 'peak': 0.019588654039171007}); windows compared in place
[Coarse] pair 13: no reliable coarse offset (matcher: no matches; phasecorr: {'dx': -3843.534072827219, 'dy': -91640.0194769223, 'support': None, 'n': None, 'peak': 0.015414013681642857}); windows compared in place
[Coarse] pair 15: no reliable coarse offset (matcher: no matches; phasecorr: {'dx': -94939.8559147267, 'dy': -82659.23661442024, 'support': None, 'n': None, 'peak': 0.008939644289605411}); windows compared in place
[Coarse] pair 16: no reliable coarse offset (matcher: no matches; phasecorr: {'dx': -60639.28459076655, 'dy': -33832.56066827953, 'support': None, 'n': None, 'peak': 0.007406430218281896}); windows compared in place
[Coarse] pair 17: no reliable coarse offset (matcher: {'dx': -92925.0, 'dy': 61110.0, 'support': 1, 'n': 5, 'peak': None}; phasecorr: {'dx': -75606.28869913492, 'dy': -40258.11314932236, 'support': None, 'n': None, 'peak': 0.002259464960529971}); windows compared in place
[Coarse] pair 18: no reliable coarse offset (matcher: no matches; phasecorr: {'dx': -47574.86505103309, 'dy': 30736.089922927127, 'support': None, 'n': None, 'peak': -0.005526255078658046}); windows compared in place
[Coarse] pair 19: no reliable coarse offset (matcher: no matches; phasecorr: {'dx': -134048.08681427932, 'dy': 22202.75100943282, 'support': None, 'n': None, 'peak': 0.01199757972153889}); windows compared in place
[Coarse] pair 20: no reliable coarse offset (matcher: no matches; phasecorr: {'dx': -51737.17622911178, 'dy': 31055.668515360256, 'support': None, 'n': None, 'peak': -0.013213375402903196}); windows compared in place
[Coarse] pair 22: no reliable coarse offset (matcher: no matches; phasecorr: {'dx': -22501.36818549658, 'dy': 56480.21235681643, 'support': None, 'n': None, 'peak': -0.0038632059607486176}); windows compared in place
[Coarse] pair 23: no reliable coarse offset (matcher: no matches; phasecorr: {'dx': -38768.62470648129, 'dy': 60272.71480887387, 'support': None, 'n': None, 'peak': 0.018053494174784593}); windows compared in place
[Coarse] pair 24: no reliable coarse offset (matcher: no matches; phasecorr: {'dx': 5060.875137458928, 'dy': -132702.46963164263, 'support': None, 'n': None, 'peak': 0.004566593000623915}); windows compared in place
[Coarse] pair 25: no reliable coarse offset (matcher: no matches; phasecorr: {'dx': 19115.97600195751, 'dy': -87876.18077077619, 'support': None, 'n': None, 'peak': 0.014515514945983887}); windows compared in place
[Coarse] pair 26: no reliable coarse offset (matcher: no matches; phasecorr: {'dx': -25110.617324353138, 'dy': -110321.271036598, 'support': None, 'n': None, 'peak': 0.028688357883029515}); windows compared in place
[Coarse] pair 27: no reliable coarse offset (matcher: {'dx': -86625.0, 'dy': -85680.0, 'support': 1, 'n': 3, 'peak': None}; phasecorr: {'dx': -24618.815192443915, 'dy': -51702.316299651786, 'support': None, 'n': None, 'peak': 0.024773373663302803}); windows compared in place
[Coarse] pair 28: no reliable coarse offset (matcher: no matches; phasecorr: {'dx': -34345.520193795004, 'dy': -31836.47230271583, 'support': None, 'n': None, 'peak': 0.007815724782982971}); windows compared in place
[Coarse] pair 29: no reliable coarse offset (matcher: no matches; phasecorr: {'dx': -23015.789594526494, 'dy': 27033.23829875427, 'support': None, 'n': None, 'peak': -0.010339975127467402}); windows compared in place
[Coarse] pair 30: no reliable coarse offset (matcher: {'dx': -20475.0, 'dy': -98280.0, 'support': 1, 'n': 5, 'peak': None}; phasecorr: {'dx': 44341.741084490575, 'dy': 33964.32140920293, 'support': None, 'n': None, 'peak': 0.012143600762135697}); windows compared in place
[Coarse] pair 32: no reliable coarse offset (matcher: no matches; phasecorr: {'dx': 76928.68966913699, 'dy': -17747.191922768525, 'support': None, 'n': None, 'peak': 0.018933949931462607}); windows compared in place
[Coarse] pair 33: no reliable coarse offset (matcher: AttributeError: 'NoneType' object has no attribute 'tolist'; phasecorr: {'dx': 76984.7825803246, 'dy': -17783.154749211222, 'support': None, 'n': None, 'peak': 0.01788282951116562}); windows compared in place
[Coarse] pair 36: no reliable coarse offset (matcher: no matches; phasecorr: {'dx': 19637.281743784188, 'dy': 28659.270855444367, 'support': None, 'n': None, 'peak': 0.011020430701750296}); windows compared in place
[Coarse] pair 37: no reliable coarse offset (matcher: no matches; phasecorr: {'dx': 7507.0015977467065, 'dy': 32833.49977892313, 'support': None, 'n': None, 'peak': 0.0048901353058991605}); windows compared in place
[Coarse] pair 38: no reliable coarse offset (matcher: no matches; phasecorr: {'dx': 23247.53686111282, 'dy': 17041.62175906921, 'support': None, 'n': None, 'peak': 0.019549365950219427}); windows compared in place
[Coarse] pair 43: no reliable coarse offset (matcher: no matches; phasecorr: {'dx': 59869.22805112187, 'dy': -96325.01557673489, 'support': None, 'n': None, 'peak': 0.00793376685672336}); windows compared in place
[Coarse] pair 7: phase correlation gave dE=-30061 m dN=24674 m, 114.8 km from every offset the matcher measured; using pair 41's (dE=76860 m dN=-17955 m)
[Coarse] pair 8: phase correlation gave dE=-34085 m dN=23031 m, 118.0 km from every offset the matcher measured; using pair 41's (dE=76860 m dN=-17955 m)
[Coarse] pair 10: phase correlation gave dE=-35432 m dN=24320 m, 119.7 km from every offset the matcher measured; using pair 41's (dE=76860 m dN=-17955 m)
[Coarse] pair 14: phase correlation gave dE=73258 m dN=-12396 m, 6.5 km from every offset the matcher measured; using pair 41's (dE=76860 m dN=-17955 m)
[Coarse] pair 21: phase correlation gave dE=-34652 m dN=64354 m, 138.3 km from every offset the matcher measured; using pair 41's (dE=76860 m dN=-17955 m)
[Coarse] pair 31: phase correlation gave dE=29320 m dN=32718 m, 69.3 km from every offset the matcher measured; using pair 41's (dE=76860 m dN=-17955 m)
[Coarse] pair 39: phase correlation gave dE=10133 m dN=16958 m, 75.0 km from every offset the matcher measured; using pair 40's (dE=76545 m dN=-17955 m)
[Coarse] pair 42: phase correlation gave dE=71418 m dN=-83227 m, 65.5 km from every offset the matcher measured; using pair 40's (dE=76545 m dN=-17955 m)
[Coarse] pair 44: phase correlation gave dE=-66700 m dN=27164 m, 150.2 km from every offset the matcher measured; using pair 40's (dE=76545 m dN=-17955 m)
[Coarse] pair 45: phase correlation gave dE=-65469 m dN=11952 m, 145.1 km from every offset the matcher measured; using pair 40's (dE=76545 m dN=-17955 m)
[Coarse] imw-sfd2-nn-kt0p2 pair 1: dE=76860.0 m dN=-17955.0 m (from-pair-7, support=None, peak=None) 
imw-sfd2-nn-kt0p2: Processing pair 1 from disk...
imw-sfd2-nn-kt0p2: 0 match-sets in 0.00s
[Coarse] imw-sfd2-nn-kt0p2 pair 2: dE=76860.0 m dN=-17955.0 m (from-pair-7, support=None, peak=None) 
imw-sfd2-nn-kt0p2: Processing pair 2 from disk...
imw-sfd2-nn-kt0p2: 0 match-sets in 0.00s
[Coarse] imw-sfd2-nn-kt0p2 pair 3: dE=76860.0 m dN=-17955.0 m (from-pair-14, support=None, peak=None) 
imw-sfd2-nn-kt0p2: Processing pair 3 from disk...
imw-sfd2-nn-kt0p2: 0 match-sets in 0.00s
[Coarse] imw-sfd2-nn-kt0p2 pair 4: dE=76860.0 m dN=-17955.0 m (from-pair-14, support=None, peak=None) 
imw-sfd2-nn-kt0p2: Processing pair 4 from disk...
imw-sfd2-nn-kt0p2: 0 match-sets in 0.00s
[Coarse] imw-sfd2-nn-kt0p2 pair 5: dE=76860.0 m dN=-17955.0 m (from-pair-14, support=None, peak=None) 
imw-sfd2-nn-kt0p2: Processing pair 5 from disk...
imw-sfd2-nn-kt0p2: 0 match-sets in 0.00s
[Coarse] imw-sfd2-nn-kt0p2 pair 6: dE=76860.0 m dN=-17955.0 m (from-pair-14, support=None, peak=None) 
imw-sfd2-nn-kt0p2: Processing pair 6 from disk...
imw-sfd2-nn-kt0p2: 0 match-sets in 0.00s
[Coarse] imw-sfd2-nn-kt0p2 pair 7: dE=76860.0 m dN=-17955.0 m (from-pair-41 (phasecorr disagreed), support=None, peak=0.07485453462600708) 
imw-sfd2-nn-kt0p2: Processing pair 7 from disk...
imw-sfd2-nn-kt0p2: 0 match-sets in 0.00s
[Coarse] imw-sfd2-nn-kt0p2 pair 8: dE=76860.0 m dN=-17955.0 m (from-pair-41 (phasecorr disagreed), support=None, peak=0.048964771058824325) 
imw-sfd2-nn-kt0p2: Processing pair 8 from disk...
imw-sfd2-nn-kt0p2: 0 match-sets in 0.00s
[Coarse] imw-sfd2-nn-kt0p2 pair 9: dE=76860.0 m dN=-17955.0 m (from-pair-10, support=None, peak=None) 
imw-sfd2-nn-kt0p2: Processing pair 9 from disk...
imw-sfd2-nn-kt0p2: 0 match-sets in 0.00s
[Coarse] imw-sfd2-nn-kt0p2 pair 10: dE=76860.0 m dN=-17955.0 m (from-pair-41 (phasecorr disagreed), support=None, peak=0.12360441419813369) 
imw-sfd2-nn-kt0p2: Processing pair 10 from disk...
imw-sfd2-nn-kt0p2: 0 match-sets in 0.00s
[Coarse] imw-sfd2-nn-kt0p2 pair 11: dE=76860.0 m dN=-17955.0 m (from-pair-8, support=None, peak=None) 
imw-sfd2-nn-kt0p2: Processing pair 11 from disk...
imw-sfd2-nn-kt0p2: 0 match-sets in 0.00s
[Coarse] imw-sfd2-nn-kt0p2 pair 12: dE=76860.0 m dN=-17955.0 m (from-pair-14, support=None, peak=None) 
imw-sfd2-nn-kt0p2: Processing pair 12 from disk...
imw-sfd2-nn-kt0p2: 0 match-sets in 0.18s
[Coarse] imw-sfd2-nn-kt0p2 pair 13: dE=76860.0 m dN=-17955.0 m (from-pair-14, support=None, peak=None) 
imw-sfd2-nn-kt0p2: Processing pair 13 from disk...
imw-sfd2-nn-kt0p2: 0 match-sets in 0.14s
[Coarse] imw-sfd2-nn-kt0p2 pair 14: dE=76860.0 m dN=-17955.0 m (from-pair-41 (phasecorr disagreed), support=None, peak=0.0750410366821289) 
imw-sfd2-nn-kt0p2: Processing pair 14 from disk...
imw-sfd2-nn-kt0p2: 0 match-sets in 0.14s
[Coarse] imw-sfd2-nn-kt0p2 pair 15: dE=76860.0 m dN=-17955.0 m (from-pair-14, support=None, peak=None) 
imw-sfd2-nn-kt0p2: Processing pair 15 from disk...
imw-sfd2-nn-kt0p2: 1 match-sets in 0.28s
[Coarse] imw-sfd2-nn-kt0p2 pair 16: dE=76860.0 m dN=-17955.0 m (from-pair-14, support=None, peak=None) 
imw-sfd2-nn-kt0p2: Processing pair 16 from disk...
imw-sfd2-nn-kt0p2: 1 match-sets in 0.23s
[Coarse] imw-sfd2-nn-kt0p2 pair 17: dE=76860.0 m dN=-17955.0 m (from-pair-14, support=None, peak=None) 
imw-sfd2-nn-kt0p2: Processing pair 17 from disk...
imw-sfd2-nn-kt0p2: 0 match-sets in 0.20s
[Coarse] imw-sfd2-nn-kt0p2 pair 18: dE=76860.0 m dN=-17955.0 m (from-pair-14, support=None, peak=None) 
imw-sfd2-nn-kt0p2: Processing pair 18 from disk...
imw-sfd2-nn-kt0p2: 0 match-sets in 0.15s
[Coarse] imw-sfd2-nn-kt0p2 pair 19: dE=76860.0 m dN=-17955.0 m (from-pair-14, support=None, peak=None) 
imw-sfd2-nn-kt0p2: Processing pair 19 from disk...
imw-sfd2-nn-kt0p2: 1 match-sets in 0.13s
[Coarse] imw-sfd2-nn-kt0p2 pair 20: dE=76860.0 m dN=-17955.0 m (from-pair-14, support=None, peak=None) 
imw-sfd2-nn-kt0p2: Processing pair 20 from disk...
imw-sfd2-nn-kt0p2: 0 match-sets in 0.11s
[Coarse] imw-sfd2-nn-kt0p2 pair 21: dE=76860.0 m dN=-17955.0 m (from-pair-41 (phasecorr disagreed), support=None, peak=0.03061729173699524) 
imw-sfd2-nn-kt0p2: Processing pair 21 from disk...
imw-sfd2-nn-kt0p2: 0 match-sets in 0.00s
[Coarse] imw-sfd2-nn-kt0p2 pair 22: dE=76860.0 m dN=-17955.0 m (from-pair-21, support=None, peak=None) 
imw-sfd2-nn-kt0p2: Processing pair 22 from disk...
imw-sfd2-nn-kt0p2: 0 match-sets in 0.00s
[Coarse] imw-sfd2-nn-kt0p2 pair 23: dE=76860.0 m dN=-17955.0 m (from-pair-21, support=None, peak=None) 
imw-sfd2-nn-kt0p2: Processing pair 23 from disk...
imw-sfd2-nn-kt0p2: 0 match-sets in 0.00s
[Coarse] imw-sfd2-nn-kt0p2 pair 24: dE=75555.3 m dN=-16017.9 m (from-pair-34, support=None, peak=None) 
imw-sfd2-nn-kt0p2: Processing pair 24 from disk...
imw-sfd2-nn-kt0p2: 0 match-sets in 0.34s
[Coarse] imw-sfd2-nn-kt0p2 pair 25: dE=75555.3 m dN=-16017.9 m (from-pair-34, support=None, peak=None) 
imw-sfd2-nn-kt0p2: Processing pair 25 from disk...
imw-sfd2-nn-kt0p2: 0 match-sets in 0.28s
[Coarse] imw-sfd2-nn-kt0p2 pair 26: dE=75555.3 m dN=-16017.9 m (from-pair-34, support=None, peak=None) 
imw-sfd2-nn-kt0p2: Processing pair 26 from disk...
imw-sfd2-nn-kt0p2: 0 match-sets in 0.28s
[Coarse] imw-sfd2-nn-kt0p2 pair 27: dE=75555.3 m dN=-16017.9 m (from-pair-34, support=None, peak=None) 
imw-sfd2-nn-kt0p2: Processing pair 27 from disk...
imw-sfd2-nn-kt0p2: 0 match-sets in 0.33s
[Coarse] imw-sfd2-nn-kt0p2 pair 28: dE=75555.3 m dN=-16017.9 m (from-pair-34, support=None, peak=None) 
imw-sfd2-nn-kt0p2: Processing pair 28 from disk...
imw-sfd2-nn-kt0p2: 0 match-sets in 0.43s
[Coarse] imw-sfd2-nn-kt0p2 pair 29: dE=75555.3 m dN=-16017.9 m (from-pair-34, support=None, peak=None) 
imw-sfd2-nn-kt0p2: Processing pair 29 from disk...
imw-sfd2-nn-kt0p2: 0 match-sets in 0.01s
[Coarse] imw-sfd2-nn-kt0p2 pair 30: dE=76860.0 m dN=-17955.0 m (from-pair-31, support=None, peak=None) 
imw-sfd2-nn-kt0p2: Processing pair 30 from disk...
imw-sfd2-nn-kt0p2: 0 match-sets in 0.00s
[Coarse] imw-sfd2-nn-kt0p2 pair 31: dE=76860.0 m dN=-17955.0 m (from-pair-41 (phasecorr disagreed), support=None, peak=0.11020252078648948) 
imw-sfd2-nn-kt0p2: Processing pair 31 from disk...
imw-sfd2-nn-kt0p2: 0 match-sets in 0.00s
[Coarse] imw-sfd2-nn-kt0p2 pair 32: dE=75555.3 m dN=-16017.9 m (from-pair-34, support=None, peak=None) 
imw-sfd2-nn-kt0p2: Processing pair 32 from disk...
imw-sfd2-nn-kt0p2: 1 match-sets in 0.36s
[Coarse] imw-sfd2-nn-kt0p2 pair 33: dE=75555.3 m dN=-16017.9 m (from-pair-34, support=None, peak=None) 
imw-sfd2-nn-kt0p2: Processing pair 33 from disk...
imw-sfd2-nn-kt0p2: 1 match-sets in 0.29s
[Coarse] imw-sfd2-nn-kt0p2 pair 34: dE=75555.3 m dN=-16017.9 m (phasecorr@315m, support=None, peak=0.06293188095092773) 
imw-sfd2-nn-kt0p2: Processing pair 34 from disk...
imw-sfd2-nn-kt0p2: 1 match-sets in 0.31s
[Coarse] imw-sfd2-nn-kt0p2 pair 35: dE=75568.1 m dN=-15961.2 m (phasecorr@315m, support=None, peak=0.0629165448612637) 
imw-sfd2-nn-kt0p2: Processing pair 35 from disk...
imw-sfd2-nn-kt0p2: 0 match-sets in 0.25s
[Coarse] imw-sfd2-nn-kt0p2 pair 36: dE=75568.1 m dN=-15961.2 m (from-pair-35, support=None, peak=None) 
imw-sfd2-nn-kt0p2: Processing pair 36 from disk...
imw-sfd2-nn-kt0p2: 1 match-sets in 0.18s
[Coarse] imw-sfd2-nn-kt0p2 pair 37: dE=75568.1 m dN=-15961.2 m (from-pair-35, support=None, peak=None) 
imw-sfd2-nn-kt0p2: Processing pair 37 from disk...
imw-sfd2-nn-kt0p2: 1 match-sets in 0.16s
[Coarse] imw-sfd2-nn-kt0p2 pair 38: dE=76545.0 m dN=-17955.0 m (from-pair-39, support=None, peak=None) 
imw-sfd2-nn-kt0p2: Processing pair 38 from disk...
imw-sfd2-nn-kt0p2: 0 match-sets in 0.00s
[Coarse] imw-sfd2-nn-kt0p2 pair 39: dE=76545.0 m dN=-17955.0 m (from-pair-40 (phasecorr disagreed), support=None, peak=0.37484617568828443) 
imw-sfd2-nn-kt0p2: Processing pair 39 from disk...
imw-sfd2-nn-kt0p2: 0 match-sets in 0.00s
[Coarse] imw-sfd2-nn-kt0p2 pair 40: dE=76545.0 m dN=-17955.0 m (matcher@315m, support=13, peak=None) 
imw-sfd2-nn-kt0p2: Processing pair 40 from disk...
imw-sfd2-nn-kt0p2: 1 match-sets in 0.18s
[Coarse] imw-sfd2-nn-kt0p2 pair 41: dE=76860.0 m dN=-17955.0 m (matcher@315m, support=19, peak=None) 
imw-sfd2-nn-kt0p2: Processing pair 41 from disk...
imw-sfd2-nn-kt0p2: 1 match-sets in 0.14s
[Coarse] imw-sfd2-nn-kt0p2 pair 42: dE=76545.0 m dN=-17955.0 m (from-pair-40 (phasecorr disagreed), support=None, peak=0.04043954435560439) 
imw-sfd2-nn-kt0p2: Processing pair 42 from disk...
imw-sfd2-nn-kt0p2: 0 match-sets in 0.17s
[Coarse] imw-sfd2-nn-kt0p2 pair 43: dE=76545.0 m dN=-17955.0 m (from-pair-42, support=None, peak=None) 
imw-sfd2-nn-kt0p2: Processing pair 43 from disk...
imw-sfd2-nn-kt0p2: 0 match-sets in 0.12s
[Coarse] imw-sfd2-nn-kt0p2 pair 44: dE=76545.0 m dN=-17955.0 m (from-pair-40 (phasecorr disagreed), support=None, peak=0.060047009852197436) 
imw-sfd2-nn-kt0p2: Processing pair 44 from disk...
imw-sfd2-nn-kt0p2: 0 match-sets in 0.00s
[Coarse] imw-sfd2-nn-kt0p2 pair 45: dE=76545.0 m dN=-17955.0 m (from-pair-40 (phasecorr disagreed), support=None, peak=0.062489196923861616) 
imw-sfd2-nn-kt0p2: Processing pair 45 from disk...
imw-sfd2-nn-kt0p2: 0 match-sets in 0.00s
No configuration survived the chip consensus filter.
[band3] imw-sfd2-nn-kt0p2 no-consensus in 0.3 min, peak GPU memory 1.5 of 15.6 GB
[imw-sfd2-nn] Model unloaded.
--------------------------------------------------------------------------------
[band3] Running imw-rdd-nn-kt0p2
[imw-rdd-nn] Loading model...
config {'activation': 'relu', 'block_dims': [8, 16, 32, 64], 'd_model': 256, 'detection_threshold': 0.2, 'device': device(type='cuda'), 'dim_feedforward': 1024, 'dropout': 0.1, 'enc_n_points': 8, 'hidden_dim': 256, 'lr_backbone': 2e-05, 'nhead': 8, 'num_encoder_layers': 4, 'num_feature_levels': 5, 'top_k': 32000, 'train_detector': False, 'weights': '/maintenance/ICIGDev/GPUPOC/input/dqe/imw_runtime/imw_cache/huggingface/hub/models--Realcat--imcui_checkpoints/snapshots/e72b489e927e7a8202f505c1b4db1474fd22b8b7/rdd/RDD-v2.pth'}
[Coarse] pair 2: no reliable coarse offset (matcher: {'dx': -95295.85132598877, 'dy': -58434.64370727539, 'support': 6, 'n': 14, 'peak': None}; phasecorr: {'dx': 65394.283402378176, 'dy': -25649.46980266543, 'support': None, 'n': None, 'peak': 0.022622975002173116}); windows compared in place
[Coarse] pair 4: no reliable coarse offset (matcher: {'dx': -100798.87767791748, 'dy': -27313.512725830078, 'support': 2, 'n': 3, 'peak': None}; phasecorr: {'dx': -71296.19311950017, 'dy': -18548.86611268403, 'support': None, 'n': None, 'peak': 0.02308651422222401}); windows compared in place
[Coarse] pair 5: no reliable coarse offset (matcher: {'dx': -79751.63520812988, 'dy': 66209.50229644775, 'support': 6, 'n': 22, 'peak': None}; phasecorr: {'dx': -66471.0041660463, 'dy': 19677.698496104596, 'support': None, 'n': None, 'peak': 0.0007051175513875827}); windows compared in place
[Coarse] pair 9: no reliable coarse offset (matcher: RuntimeError: selected index k out of range; phasecorr: {'dx': -16699.175274071407, 'dy': 24436.94053537555, 'support': None, 'n': None, 'peak': -0.010903077867296006}); windows compared in place
[Coarse] pair 11: no reliable coarse offset (matcher: RuntimeError: selected index k out of range; phasecorr: {'dx': -17156.568569433253, 'dy': 26769.77008011288, 'support': None, 'n': None, 'peak': -0.005567667855156793}); windows compared in place
[Coarse] pair 12: no reliable coarse offset (matcher: no matches; phasecorr: {'dx': -54138.7373906018, 'dy': -62739.11738734777, 'support': None, 'n': None, 'peak': 0.019588654039171007}); windows compared in place
[Coarse] pair 13: no reliable coarse offset (matcher: no matches; phasecorr: {'dx': -3843.534072827219, 'dy': -91640.0194769223, 'support': None, 'n': None, 'peak': 0.015414013681642857}); windows compared in place
[Coarse] pair 15: no reliable coarse offset (matcher: no matches; phasecorr: {'dx': -94939.8559147267, 'dy': -82659.23661442024, 'support': None, 'n': None, 'peak': 0.008939644289605411}); windows compared in place
[Coarse] pair 16: no reliable coarse offset (matcher: {'dx': -100394.07989501953, 'dy': -79298.29879760742, 'support': 3, 'n': 5, 'peak': None}; phasecorr: {'dx': -60639.28459076655, 'dy': -33832.56066827953, 'support': None, 'n': None, 'peak': 0.007406430218281896}); windows compared in place
[Coarse] pair 17: no reliable coarse offset (matcher: {'dx': -93145.36926269531, 'dy': 25935.243530273438, 'support': 3, 'n': 16, 'peak': None}; phasecorr: {'dx': -75606.28869913492, 'dy': -40258.11314932236, 'support': None, 'n': None, 'peak': 0.002259464960529971}); windows compared in place
[Coarse] pair 19: no reliable coarse offset (matcher: {'dx': -89186.9849395752, 'dy': 63147.191219329834, 'support': 2, 'n': 17, 'peak': None}; phasecorr: {'dx': -134048.08681427932, 'dy': 22202.75100943282, 'support': None, 'n': None, 'peak': 0.01199757972153889}); windows compared in place
[Coarse] pair 20: no reliable coarse offset (matcher: {'dx': -69453.84704589844, 'dy': 97842.3568725586, 'support': 1, 'n': 10, 'peak': None}; phasecorr: {'dx': -51737.17622911178, 'dy': 31055.668515360256, 'support': None, 'n': None, 'peak': -0.013213375402903196}); windows compared in place
[Coarse] pair 22: no reliable coarse offset (matcher: no matches; phasecorr: {'dx': -22501.36818549658, 'dy': 56480.21235681643, 'support': None, 'n': None, 'peak': -0.0038632059607486176}); windows compared in place
[Coarse] pair 24: no reliable coarse offset (matcher: no matches; phasecorr: {'dx': 5060.875137458928, 'dy': -132702.46963164263, 'support': None, 'n': None, 'peak': 0.004566593000623915}); windows compared in place
[Coarse] pair 25: no reliable coarse offset (matcher: no matches; phasecorr: {'dx': 19115.97600195751, 'dy': -87876.18077077619, 'support': None, 'n': None, 'peak': 0.014515514945983887}); windows compared in place
[Coarse] pair 26: no reliable coarse offset (matcher: no matches; phasecorr: {'dx': -25110.617324353138, 'dy': -110321.271036598, 'support': None, 'n': None, 'peak': 0.028688357883029515}); windows compared in place
[Coarse] pair 27: no reliable coarse offset (matcher: {'dx': -22235.183143615723, 'dy': 5657.829895019531, 'support': 1, 'n': 3, 'peak': None}; phasecorr: {'dx': -24618.815192443915, 'dy': -51702.316299651786, 'support': None, 'n': None, 'peak': 0.024773373663302803}); windows compared in place
[Coarse] pair 28: no reliable coarse offset (matcher: {'dx': -11335.587615966797, 'dy': -52306.96220397949, 'support': 7, 'n': 19, 'peak': None}; phasecorr: {'dx': -34345.520193795004, 'dy': -31836.47230271583, 'support': None, 'n': None, 'peak': 0.007815724782982971}); windows compared in place
[Coarse] pair 29: no reliable coarse offset (matcher: {'dx': 77205.31951904297, 'dy': 94348.8013458252, 'support': 3, 'n': 6, 'peak': None}; phasecorr: {'dx': -23015.789594526494, 'dy': 27033.23829875427, 'support': None, 'n': None, 'peak': -0.010339975127467402}); windows compared in place
[Coarse] pair 30: no reliable coarse offset (matcher: RuntimeError: selected index k out of range; phasecorr: {'dx': 44341.741084490575, 'dy': 33964.32140920293, 'support': None, 'n': None, 'peak': 0.012143600762135697}); windows compared in place
[Coarse] pair 32: no reliable coarse offset (matcher: no matches; phasecorr: {'dx': 76928.68966913699, 'dy': -17747.191922768525, 'support': None, 'n': None, 'peak': 0.018933949931462607}); windows compared in place
[Coarse] pair 33: no reliable coarse offset (matcher: no matches; phasecorr: {'dx': 76984.7825803246, 'dy': -17783.154749211222, 'support': None, 'n': None, 'peak': 0.01788282951116562}); windows compared in place
[Coarse] pair 36: no reliable coarse offset (matcher: {'dx': 89456.51527404785, 'dy': 82093.74114990234, 'support': 4, 'n': 9, 'peak': None}; phasecorr: {'dx': 19637.281743784188, 'dy': 28659.270855444367, 'support': None, 'n': None, 'peak': 0.011020430701750296}); windows compared in place
[Coarse] pair 37: no reliable coarse offset (matcher: no matches; phasecorr: {'dx': 7507.0015977467065, 'dy': 32833.49977892313, 'support': None, 'n': None, 'peak': 0.0048901353058991605}); windows compared in place
[Coarse] pair 38: no reliable coarse offset (matcher: RuntimeError: selected index k out of range; phasecorr: {'dx': 23247.53686111282, 'dy': 17041.62175906921, 'support': None, 'n': None, 'peak': 0.019549365950219427}); windows compared in place
[Coarse] pair 43: no reliable coarse offset (matcher: {'dx': 100508.77784729004, 'dy': 29203.762664794922, 'support': 3, 'n': 4, 'peak': None}; phasecorr: {'dx': 59869.22805112187, 'dy': -96325.01557673489, 'support': None, 'n': None, 'peak': 0.00793376685672336}); windows compared in place
[Coarse] pair 7: phase correlation gave dE=-30061 m dN=24674 m, 64.5 km from every offset the matcher measured; using pair 23's (dE=19753 m dN=-91519 m)
[Coarse] pair 8: phase correlation gave dE=-34085 m dN=23031 m, 62.6 km from every offset the matcher measured; using pair 23's (dE=19753 m dN=-91519 m)
[Coarse] pair 10: phase correlation gave dE=-35432 m dN=24320 m, 60.8 km from every offset the matcher measured; using pair 23's (dE=19753 m dN=-91519 m)
[Coarse] pair 14: phase correlation gave dE=73258 m dN=-12396 m, 92.3 km from every offset the matcher measured; using pair 3's (dE=-97512 m dN=11941 m)
[Coarse] pair 21: phase correlation gave dE=-34652 m dN=64354 m, 40.8 km from every offset the matcher measured; using pair 23's (dE=19753 m dN=-91519 m)
[Coarse] pair 31: phase correlation gave dE=29320 m dN=32718 m, 77.9 km from every offset the matcher measured; using pair 23's (dE=19753 m dN=-91519 m)
[Coarse] pair 34: phase correlation gave dE=75555 m dN=-16018 m, 93.9 km from every offset the matcher measured; using pair 45's (dE=92806 m dN=77784 m)
[Coarse] pair 35: phase correlation gave dE=75568 m dN=-15961 m, 93.9 km from every offset the matcher measured; using pair 45's (dE=92806 m dN=77784 m)
[Coarse] pair 39: phase correlation gave dE=10133 m dN=16958 m, 102.1 km from every offset the matcher measured; using pair 45's (dE=92806 m dN=77784 m)
[Coarse] pair 40: phase correlation gave dE=76843 m dN=-18013 m, 93.1 km from every offset the matcher measured; using pair 45's (dE=92806 m dN=77784 m)
[Coarse] pair 41: phase correlation gave dE=76822 m dN=-17971 m, 93.1 km from every offset the matcher measured; using pair 45's (dE=92806 m dN=77784 m)
[Coarse] pair 42: phase correlation gave dE=71418 m dN=-83227 m, 52.3 km from every offset the matcher measured; using pair 45's (dE=92806 m dN=77784 m)
[Coarse] pair 44: phase correlation gave dE=-66700 m dN=27164 m, 34.4 km from every offset the matcher measured; using pair 45's (dE=92806 m dN=77784 m)
[Coarse] WARNING: imw-rdd-nn-kt0p2: the pairs' coarse offsets differ by up to 190 km, more than one image moves from place to place. Pairs with a wrong offset match the wrong ground (the chip consensus drops them when they are few); if most pairs disagree, check the input's pixel size and window size.
[Coarse] imw-rdd-nn-kt0p2 pair 1: dE=-84889.6 m dN=-56970.8 m (matcher@315m, support=9, peak=None) 
imw-rdd-nn-kt0p2: Processing pair 1 from disk...
imw-rdd-nn-kt0p2: 1 match-sets in 0.37s
[Coarse] imw-rdd-nn-kt0p2 pair 2: dE=-84889.6 m dN=-56970.8 m (from-pair-1, support=None, peak=None) 
imw-rdd-nn-kt0p2: Processing pair 2 from disk...
imw-rdd-nn-kt0p2: 1 match-sets in 0.17s
[Coarse] imw-rdd-nn-kt0p2 pair 3: dE=-97512.2 m dN=11940.9 m (matcher@315m, support=9, peak=None) 
imw-rdd-nn-kt0p2: Processing pair 3 from disk...
imw-rdd-nn-kt0p2: 1 match-sets in 0.38s
[Coarse] imw-rdd-nn-kt0p2 pair 4: dE=-97512.2 m dN=11940.9 m (from-pair-3, support=None, peak=None) 
imw-rdd-nn-kt0p2: Processing pair 4 from disk...
imw-rdd-nn-kt0p2: 1 match-sets in 0.38s
[Coarse] imw-rdd-nn-kt0p2 pair 5: dE=-78980.4 m dN=66722.3 m (from-pair-6, support=None, peak=None) 
imw-rdd-nn-kt0p2: Processing pair 5 from disk...
imw-rdd-nn-kt0p2: 1 match-sets in 0.44s
[Coarse] imw-rdd-nn-kt0p2 pair 6: dE=-78980.4 m dN=66722.3 m (matcher@315m, support=16, peak=None) 
imw-rdd-nn-kt0p2: Processing pair 6 from disk...
imw-rdd-nn-kt0p2: 1 match-sets in 0.43s
[Coarse] imw-rdd-nn-kt0p2 pair 7: dE=19753.3 m dN=-91519.2 m (from-pair-23 (phasecorr disagreed), support=None, peak=0.07485453462600708) 
imw-rdd-nn-kt0p2: Processing pair 7 from disk...
imw-rdd-nn-kt0p2: 0 match-sets in 0.00s
[Coarse] imw-rdd-nn-kt0p2 pair 8: dE=19753.3 m dN=-91519.2 m (from-pair-23 (phasecorr disagreed), support=None, peak=0.048964771058824325) 
imw-rdd-nn-kt0p2: Processing pair 8 from disk...
imw-rdd-nn-kt0p2: 0 match-sets in 0.00s
[Coarse] imw-rdd-nn-kt0p2 pair 9: dE=19753.3 m dN=-91519.2 m (from-pair-10, support=None, peak=None) 
imw-rdd-nn-kt0p2: Processing pair 9 from disk...
imw-rdd-nn-kt0p2: 0 match-sets in 0.00s
[Coarse] imw-rdd-nn-kt0p2 pair 10: dE=19753.3 m dN=-91519.2 m (from-pair-23 (phasecorr disagreed), support=None, peak=0.12360441419813369) 
imw-rdd-nn-kt0p2: Processing pair 10 from disk...
imw-rdd-nn-kt0p2: 0 match-sets in 0.00s
[Coarse] imw-rdd-nn-kt0p2 pair 11: dE=19753.3 m dN=-91519.2 m (from-pair-8, support=None, peak=None) 
imw-rdd-nn-kt0p2: Processing pair 11 from disk...
imw-rdd-nn-kt0p2: 0 match-sets in 0.00s
[Coarse] imw-rdd-nn-kt0p2 pair 12: dE=-97512.2 m dN=11940.9 m (from-pair-14, support=None, peak=None) 
imw-rdd-nn-kt0p2: Processing pair 12 from disk...
imw-rdd-nn-kt0p2: 1 match-sets in 0.84s
[Coarse] imw-rdd-nn-kt0p2 pair 13: dE=-97512.2 m dN=11940.9 m (from-pair-14, support=None, peak=None) 
imw-rdd-nn-kt0p2: Processing pair 13 from disk...
imw-rdd-nn-kt0p2: 1 match-sets in 0.54s
[Coarse] imw-rdd-nn-kt0p2 pair 14: dE=-97512.2 m dN=11940.9 m (from-pair-3 (phasecorr disagreed), support=None, peak=0.0750410366821289) 
imw-rdd-nn-kt0p2: Processing pair 14 from disk...
imw-rdd-nn-kt0p2: 1 match-sets in 0.54s
[Coarse] imw-rdd-nn-kt0p2 pair 15: dE=-97512.2 m dN=11940.9 m (from-pair-14, support=None, peak=None) 
imw-rdd-nn-kt0p2: Processing pair 15 from disk...
imw-rdd-nn-kt0p2: 1 match-sets in 1.34s
[Coarse] imw-rdd-nn-kt0p2 pair 16: dE=-97512.2 m dN=11940.9 m (from-pair-14, support=None, peak=None) 
imw-rdd-nn-kt0p2: Processing pair 16 from disk...
imw-rdd-nn-kt0p2: 1 match-sets in 0.94s
[Coarse] imw-rdd-nn-kt0p2 pair 17: dE=-97512.2 m dN=11940.9 m (from-pair-14, support=None, peak=None) 
imw-rdd-nn-kt0p2: Processing pair 17 from disk...
imw-rdd-nn-kt0p2: 1 match-sets in 0.95s
[Coarse] imw-rdd-nn-kt0p2 pair 18: dE=-61937.1 m dN=94706.0 m (matcher@315m, support=12, peak=None) 
imw-rdd-nn-kt0p2: Processing pair 18 from disk...
imw-rdd-nn-kt0p2: 1 match-sets in 0.59s
[Coarse] imw-rdd-nn-kt0p2 pair 19: dE=-61937.1 m dN=94706.0 m (from-pair-18, support=None, peak=None) 
imw-rdd-nn-kt0p2: Processing pair 19 from disk...
imw-rdd-nn-kt0p2: 1 match-sets in 0.56s
[Coarse] imw-rdd-nn-kt0p2 pair 20: dE=-61937.1 m dN=94706.0 m (from-pair-18, support=None, peak=None) 
imw-rdd-nn-kt0p2: Processing pair 20 from disk...
imw-rdd-nn-kt0p2: 1 match-sets in 0.56s
[Coarse] imw-rdd-nn-kt0p2 pair 21: dE=19753.3 m dN=-91519.2 m (from-pair-23 (phasecorr disagreed), support=None, peak=0.03061729173699524) 
imw-rdd-nn-kt0p2: Processing pair 21 from disk...
imw-rdd-nn-kt0p2: 0 match-sets in 0.00s
[Coarse] imw-rdd-nn-kt0p2 pair 22: dE=19753.3 m dN=-91519.2 m (from-pair-23, support=None, peak=None) 
imw-rdd-nn-kt0p2: Processing pair 22 from disk...
imw-rdd-nn-kt0p2: 0 match-sets in 0.00s
[Coarse] imw-rdd-nn-kt0p2 pair 23: dE=19753.3 m dN=-91519.2 m (matcher@315m, support=10, peak=None) 
imw-rdd-nn-kt0p2: Processing pair 23 from disk...
imw-rdd-nn-kt0p2: 0 match-sets in 0.00s
[Coarse] imw-rdd-nn-kt0p2 pair 24: dE=92806.5 m dN=77784.2 m (from-pair-34, support=None, peak=None) 
imw-rdd-nn-kt0p2: Processing pair 24 from disk...
imw-rdd-nn-kt0p2: 0 match-sets in 0.02s
[Coarse] imw-rdd-nn-kt0p2 pair 25: dE=92806.5 m dN=77784.2 m (from-pair-34, support=None, peak=None) 
imw-rdd-nn-kt0p2: Processing pair 25 from disk...
imw-rdd-nn-kt0p2: 0 match-sets in 0.02s
[Coarse] imw-rdd-nn-kt0p2 pair 26: dE=92806.5 m dN=77784.2 m (from-pair-34, support=None, peak=None) 
imw-rdd-nn-kt0p2: Processing pair 26 from disk...
imw-rdd-nn-kt0p2: 0 match-sets in 0.02s
[Coarse] imw-rdd-nn-kt0p2 pair 27: dE=92806.5 m dN=77784.2 m (from-pair-34, support=None, peak=None) 
imw-rdd-nn-kt0p2: Processing pair 27 from disk...
imw-rdd-nn-kt0p2: 1 match-sets in 1.42s
[Coarse] imw-rdd-nn-kt0p2 pair 28: dE=92806.5 m dN=77784.2 m (from-pair-34, support=None, peak=None) 
imw-rdd-nn-kt0p2: Processing pair 28 from disk...
imw-rdd-nn-kt0p2: 1 match-sets in 1.03s
[Coarse] imw-rdd-nn-kt0p2 pair 29: dE=-61937.1 m dN=94706.0 m (from-pair-18, support=None, peak=None) 
imw-rdd-nn-kt0p2: Processing pair 29 from disk...
imw-rdd-nn-kt0p2: 1 match-sets in 1.05s
[Coarse] imw-rdd-nn-kt0p2 pair 30: dE=19753.3 m dN=-91519.2 m (from-pair-31, support=None, peak=None) 
imw-rdd-nn-kt0p2: Processing pair 30 from disk...
imw-rdd-nn-kt0p2: 0 match-sets in 0.00s
[Coarse] imw-rdd-nn-kt0p2 pair 31: dE=19753.3 m dN=-91519.2 m (from-pair-23 (phasecorr disagreed), support=None, peak=0.11020252078648948) 
imw-rdd-nn-kt0p2: Processing pair 31 from disk...
imw-rdd-nn-kt0p2: 0 match-sets in 0.00s
[Coarse] imw-rdd-nn-kt0p2 pair 32: dE=92806.5 m dN=77784.2 m (from-pair-34, support=None, peak=None) 
imw-rdd-nn-kt0p2: Processing pair 32 from disk...
imw-rdd-nn-kt0p2: 0 match-sets in 0.01s
[Coarse] imw-rdd-nn-kt0p2 pair 33: dE=92806.5 m dN=77784.2 m (from-pair-34, support=None, peak=None) 
imw-rdd-nn-kt0p2: Processing pair 33 from disk...
imw-rdd-nn-kt0p2: 0 match-sets in 0.01s
[Coarse] imw-rdd-nn-kt0p2 pair 34: dE=92806.5 m dN=77784.2 m (from-pair-45 (phasecorr disagreed), support=None, peak=0.06293188095092773) 
imw-rdd-nn-kt0p2: Processing pair 34 from disk...
imw-rdd-nn-kt0p2: 1 match-sets in 1.19s
[Coarse] imw-rdd-nn-kt0p2 pair 35: dE=92806.5 m dN=77784.2 m (from-pair-45 (phasecorr disagreed), support=None, peak=0.0629165448612637) 
imw-rdd-nn-kt0p2: Processing pair 35 from disk...
imw-rdd-nn-kt0p2: 1 match-sets in 0.82s
[Coarse] imw-rdd-nn-kt0p2 pair 36: dE=92806.5 m dN=77784.2 m (from-pair-35, support=None, peak=None) 
imw-rdd-nn-kt0p2: Processing pair 36 from disk...
imw-rdd-nn-kt0p2: 1 match-sets in 0.49s
[Coarse] imw-rdd-nn-kt0p2 pair 37: dE=92806.5 m dN=77784.2 m (from-pair-35, support=None, peak=None) 
imw-rdd-nn-kt0p2: Processing pair 37 from disk...
imw-rdd-nn-kt0p2: 1 match-sets in 0.48s
[Coarse] imw-rdd-nn-kt0p2 pair 38: dE=92806.5 m dN=77784.2 m (from-pair-39, support=None, peak=None) 
imw-rdd-nn-kt0p2: Processing pair 38 from disk...
imw-rdd-nn-kt0p2: 0 match-sets in 0.00s
[Coarse] imw-rdd-nn-kt0p2 pair 39: dE=92806.5 m dN=77784.2 m (from-pair-45 (phasecorr disagreed), support=None, peak=0.37484617568828443) 
imw-rdd-nn-kt0p2: Processing pair 39 from disk...
imw-rdd-nn-kt0p2: 0 match-sets in 0.00s
[Coarse] imw-rdd-nn-kt0p2 pair 40: dE=92806.5 m dN=77784.2 m (from-pair-45 (phasecorr disagreed), support=None, peak=0.16032237420847387) 
imw-rdd-nn-kt0p2: Processing pair 40 from disk...
imw-rdd-nn-kt0p2: 0 match-sets in 0.00s
[Coarse] imw-rdd-nn-kt0p2 pair 41: dE=92806.5 m dN=77784.2 m (from-pair-45 (phasecorr disagreed), support=None, peak=0.1293754681834468) 
imw-rdd-nn-kt0p2: Processing pair 41 from disk...
imw-rdd-nn-kt0p2: 0 match-sets in 0.00s
[Coarse] imw-rdd-nn-kt0p2 pair 42: dE=92806.5 m dN=77784.2 m (from-pair-45 (phasecorr disagreed), support=None, peak=0.04043954435560439) 
imw-rdd-nn-kt0p2: Processing pair 42 from disk...
imw-rdd-nn-kt0p2: 1 match-sets in 0.57s
[Coarse] imw-rdd-nn-kt0p2 pair 43: dE=92806.5 m dN=77784.2 m (from-pair-42, support=None, peak=None) 
imw-rdd-nn-kt0p2: Processing pair 43 from disk...
imw-rdd-nn-kt0p2: 1 match-sets in 0.33s
[Coarse] imw-rdd-nn-kt0p2 pair 44: dE=92806.5 m dN=77784.2 m (from-pair-45 (phasecorr disagreed), support=None, peak=0.060047009852197436) 
imw-rdd-nn-kt0p2: Processing pair 44 from disk...
imw-rdd-nn-kt0p2: 1 match-sets in 0.33s
[Coarse] imw-rdd-nn-kt0p2 pair 45: dE=92806.5 m dN=77784.2 m (matcher@315m, support=12, peak=None) 
imw-rdd-nn-kt0p2: Processing pair 45 from disk...
imw-rdd-nn-kt0p2: 1 match-sets in 0.14s
Saved:
 CHIP_STATS_ALL.csv
 CHIP_STATS_SURVIVORS.csv
 CONSENSUS_SCORES.csv
 BEST_CHIP_SET.csv
 BEST_CHIP_MANIFEST.csv
 BEST_FINAL_SUMMARY.csv
[band3] imw-rdd-nn-kt0p2 ok in 0.8 min, peak GPU memory 9.4 of 15.6 GB
[imw-rdd-nn] Model unloaded.
--------------------------------------------------------------------------------
[band3] Running imw-liftfeat-nn-kt0p2
[imw-liftfeat-nn] Loading model...
load weight successfully.
[Coarse] pair 1: no reliable coarse offset (matcher: {'dx': -98595.0, 'dy': -73395.0, 'support': 1, 'n': 6, 'peak': None}; phasecorr: {'dx': 72221.31426491275, 'dy': -10662.850823270848, 'support': None, 'n': None, 'peak': 0.02032967514970684}); windows compared in place
[Coarse] pair 2: no reliable coarse offset (matcher: no matches; phasecorr: {'dx': 65394.283402378176, 'dy': -25649.46980266543, 'support': None, 'n': None, 'peak': 0.022622975002173116}); windows compared in place
[Coarse] pair 3: no reliable coarse offset (matcher: {'dx': -99382.5, 'dy': 16380.0, 'support': 2, 'n': 4, 'peak': None}; phasecorr: {'dx': -84951.32174473844, 'dy': -16333.25546038059, 'support': None, 'n': None, 'peak': 0.023098598562204843}); windows compared in place
[Coarse] pair 4: no reliable coarse offset (matcher: {'dx': -99697.5, 'dy': 6300.0, 'support': 2, 'n': 6, 'peak': None}; phasecorr: {'dx': -71296.19311950017, 'dy': -18548.86611268403, 'support': None, 'n': None, 'peak': 0.02308651422222401}); windows compared in place
[Coarse] pair 5: no reliable coarse offset (matcher: {'dx': -73867.5, 'dy': 70875.0, 'support': 2, 'n': 5, 'peak': None}; phasecorr: {'dx': -66471.0041660463, 'dy': 19677.698496104596, 'support': None, 'n': None, 'peak': 0.0007051175513875827}); windows compared in place
[Coarse] pair 6: no reliable coarse offset (matcher: {'dx': -96232.5, 'dy': 67252.5, 'support': 2, 'n': 8, 'peak': None}; phasecorr: {'dx': -63117.55771771344, 'dy': 45344.79793689909, 'support': None, 'n': None, 'peak': 0.016527041937588666}); windows compared in place
[Coarse] pair 9: no reliable coarse offset (matcher: {'dx': -38115.0, 'dy': -96390.0, 'support': 1, 'n': 6, 'peak': None}; phasecorr: {'dx': -16699.175274071407, 'dy': 24436.94053537555, 'support': None, 'n': None, 'peak': -0.010903077867296006}); windows compared in place
[Coarse] pair 11: no reliable coarse offset (matcher: no matches; phasecorr: {'dx': -17156.568569433253, 'dy': 26769.77008011288, 'support': None, 'n': None, 'peak': -0.005567667855156793}); windows compared in place
[Coarse] pair 12: no reliable coarse offset (matcher: no matches; phasecorr: {'dx': -54138.7373906018, 'dy': -62739.11738734777, 'support': None, 'n': None, 'peak': 0.019588654039171007}); windows compared in place
[Coarse] pair 13: no reliable coarse offset (matcher: no matches; phasecorr: {'dx': -3843.534072827219, 'dy': -91640.0194769223, 'support': None, 'n': None, 'peak': 0.015414013681642857}); windows compared in place
[Coarse] pair 15: no reliable coarse offset (matcher: no matches; phasecorr: {'dx': -94939.8559147267, 'dy': -82659.23661442024, 'support': None, 'n': None, 'peak': 0.008939644289605411}); windows compared in place
[Coarse] pair 16: no reliable coarse offset (matcher: {'dx': -98595.0, 'dy': -5985.0, 'support': 1, 'n': 5, 'peak': None}; phasecorr: {'dx': -60639.28459076655, 'dy': -33832.56066827953, 'support': None, 'n': None, 'peak': 0.007406430218281896}); windows compared in place
[Coarse] pair 17: no reliable coarse offset (matcher: {'dx': -100170.0, 'dy': 28035.0, 'support': 2, 'n': 3, 'peak': None}; phasecorr: {'dx': -75606.28869913492, 'dy': -40258.11314932236, 'support': None, 'n': None, 'peak': 0.002259464960529971}); windows compared in place
[Coarse] pair 18: no reliable coarse offset (matcher: {'dx': -91035.0, 'dy': 62685.0, 'support': 3, 'n': 9, 'peak': None}; phasecorr: {'dx': -47574.86505103309, 'dy': 30736.089922927127, 'support': None, 'n': None, 'peak': -0.005526255078658046}); windows compared in place
[Coarse] pair 19: no reliable coarse offset (matcher: {'dx': -97020.0, 'dy': 70560.0, 'support': 1, 'n': 6, 'peak': None}; phasecorr: {'dx': -134048.08681427932, 'dy': 22202.75100943282, 'support': None, 'n': None, 'peak': 0.01199757972153889}); windows compared in place
[Coarse] pair 20: no reliable coarse offset (matcher: {'dx': -95760.0, 'dy': 61740.0, 'support': 1, 'n': 6, 'peak': None}; phasecorr: {'dx': -51737.17622911178, 'dy': 31055.668515360256, 'support': None, 'n': None, 'peak': -0.013213375402903196}); windows compared in place
[Coarse] pair 22: no reliable coarse offset (matcher: {'dx': 19372.5, 'dy': -92610.0, 'support': 4, 'n': 7, 'peak': None}; phasecorr: {'dx': -22501.36818549658, 'dy': 56480.21235681643, 'support': None, 'n': None, 'peak': -0.0038632059607486176}); windows compared in place
[Coarse] pair 23: no reliable coarse offset (matcher: no matches; phasecorr: {'dx': -38768.62470648129, 'dy': 60272.71480887387, 'support': None, 'n': None, 'peak': 0.018053494174784593}); windows compared in place
[Coarse] pair 24: no reliable coarse offset (matcher: no matches; phasecorr: {'dx': 5060.875137458928, 'dy': -132702.46963164263, 'support': None, 'n': None, 'peak': 0.004566593000623915}); windows compared in place
[Coarse] pair 25: no reliable coarse offset (matcher: no matches; phasecorr: {'dx': 19115.97600195751, 'dy': -87876.18077077619, 'support': None, 'n': None, 'peak': 0.014515514945983887}); windows compared in place
[Coarse] pair 26: no reliable coarse offset (matcher: no matches; phasecorr: {'dx': -25110.617324353138, 'dy': -110321.271036598, 'support': None, 'n': None, 'peak': 0.028688357883029515}); windows compared in place
[Coarse] pair 27: no reliable coarse offset (matcher: {'dx': 28035.0, 'dy': -56070.0, 'support': 1, 'n': 7, 'peak': None}; phasecorr: {'dx': -24618.815192443915, 'dy': -51702.316299651786, 'support': None, 'n': None, 'peak': 0.024773373663302803}); windows compared in place
[Coarse] pair 28: no reliable coarse offset (matcher: {'dx': -93240.0, 'dy': -99225.0, 'support': 1, 'n': 3, 'peak': None}; phasecorr: {'dx': -34345.520193795004, 'dy': -31836.47230271583, 'support': None, 'n': None, 'peak': 0.007815724782982971}); windows compared in place
[Coarse] pair 29: no reliable coarse offset (matcher: {'dx': 83475.0, 'dy': 78750.0, 'support': 5, 'n': 9, 'peak': None}; phasecorr: {'dx': -23015.789594526494, 'dy': 27033.23829875427, 'support': None, 'n': None, 'peak': -0.010339975127467402}); windows compared in place
[Coarse] pair 30: no reliable coarse offset (matcher: no matches; phasecorr: {'dx': 44341.741084490575, 'dy': 33964.32140920293, 'support': None, 'n': None, 'peak': 0.012143600762135697}); windows compared in place
[Coarse] pair 32: no reliable coarse offset (matcher: {'dx': -33390.0, 'dy': -96547.5, 'support': 2, 'n': 3, 'peak': None}; phasecorr: {'dx': 76928.68966913699, 'dy': -17747.191922768525, 'support': None, 'n': None, 'peak': 0.018933949931462607}); windows compared in place
[Coarse] pair 33: no reliable coarse offset (matcher: no matches; phasecorr: {'dx': 76984.7825803246, 'dy': -17783.154749211222, 'support': None, 'n': None, 'peak': 0.01788282951116562}); windows compared in place
[Coarse] pair 36: no reliable coarse offset (matcher: {'dx': 37170.0, 'dy': 82057.5, 'support': 2, 'n': 5, 'peak': None}; phasecorr: {'dx': 19637.281743784188, 'dy': 28659.270855444367, 'support': None, 'n': None, 'peak': 0.011020430701750296}); windows compared in place
[Coarse] pair 37: no reliable coarse offset (matcher: {'dx': 70560.0, 'dy': 89145.0, 'support': 1, 'n': 4, 'peak': None}; phasecorr: {'dx': 7507.0015977467065, 'dy': 32833.49977892313, 'support': None, 'n': None, 'peak': 0.0048901353058991605}); windows compared in place
[Coarse] pair 38: no reliable coarse offset (matcher: no matches; phasecorr: {'dx': 23247.53686111282, 'dy': 17041.62175906921, 'support': None, 'n': None, 'peak': 0.019549365950219427}); windows compared in place
[Coarse] pair 43: no reliable coarse offset (matcher: {'dx': 92925.0, 'dy': -70875.0, 'support': 1, 'n': 4, 'peak': None}; phasecorr: {'dx': 59869.22805112187, 'dy': -96325.01557673489, 'support': None, 'n': None, 'peak': 0.00793376685672336}); windows compared in place
[Coarse] WARNING: imw-liftfeat-nn-kt0p2: the pairs' coarse offsets differ by up to 148 km, more than one image moves from place to place. Pairs with a wrong offset match the wrong ground (the chip consensus drops them when they are few); if most pairs disagree, check the input's pixel size and window size.
[Coarse] imw-liftfeat-nn-kt0p2 pair 1: dE=-30060.9 m dN=24674.4 m (from-pair-7, support=None, peak=None) 
imw-liftfeat-nn-kt0p2: Processing pair 1 from disk...
imw-liftfeat-nn-kt0p2: 0 match-sets in 0.00s
[Coarse] imw-liftfeat-nn-kt0p2 pair 2: dE=-30060.9 m dN=24674.4 m (from-pair-7, support=None, peak=None) 
imw-liftfeat-nn-kt0p2: Processing pair 2 from disk...
imw-liftfeat-nn-kt0p2: 0 match-sets in 0.00s
[Coarse] imw-liftfeat-nn-kt0p2 pair 3: dE=73258.3 m dN=-12396.0 m (from-pair-14, support=None, peak=None) 
imw-liftfeat-nn-kt0p2: Processing pair 3 from disk...
imw-liftfeat-nn-kt0p2: 0 match-sets in 0.00s
[Coarse] imw-liftfeat-nn-kt0p2 pair 4: dE=73258.3 m dN=-12396.0 m (from-pair-14, support=None, peak=None) 
imw-liftfeat-nn-kt0p2: Processing pair 4 from disk...
imw-liftfeat-nn-kt0p2: 0 match-sets in 0.00s
[Coarse] imw-liftfeat-nn-kt0p2 pair 5: dE=73258.3 m dN=-12396.0 m (from-pair-14, support=None, peak=None) 
imw-liftfeat-nn-kt0p2: Processing pair 5 from disk...
imw-liftfeat-nn-kt0p2: 0 match-sets in 0.00s
[Coarse] imw-liftfeat-nn-kt0p2 pair 6: dE=73258.3 m dN=-12396.0 m (from-pair-14, support=None, peak=None) 
imw-liftfeat-nn-kt0p2: Processing pair 6 from disk...
imw-liftfeat-nn-kt0p2: 0 match-sets in 0.00s
[Coarse] imw-liftfeat-nn-kt0p2 pair 7: dE=-30060.9 m dN=24674.4 m (phasecorr@315m, support=None, peak=0.07485453462600708) 
imw-liftfeat-nn-kt0p2: Processing pair 7 from disk...
imw-liftfeat-nn-kt0p2: 0 match-sets in 0.00s
[Coarse] imw-liftfeat-nn-kt0p2 pair 8: dE=-34085.2 m dN=23031.2 m (phasecorr@315m, support=None, peak=0.048964771058824325) 
imw-liftfeat-nn-kt0p2: Processing pair 8 from disk...
imw-liftfeat-nn-kt0p2: 0 match-sets in 0.00s
[Coarse] imw-liftfeat-nn-kt0p2 pair 9: dE=-35432.1 m dN=24320.0 m (from-pair-10, support=None, peak=None) 
imw-liftfeat-nn-kt0p2: Processing pair 9 from disk...
imw-liftfeat-nn-kt0p2: 0 match-sets in 0.00s
[Coarse] imw-liftfeat-nn-kt0p2 pair 10: dE=-35432.1 m dN=24320.0 m (phasecorr@315m, support=None, peak=0.12360441419813369) 
imw-liftfeat-nn-kt0p2: Processing pair 10 from disk...
imw-liftfeat-nn-kt0p2: 0 match-sets in 0.00s
[Coarse] imw-liftfeat-nn-kt0p2 pair 11: dE=-34085.2 m dN=23031.2 m (from-pair-8, support=None, peak=None) 
imw-liftfeat-nn-kt0p2: Processing pair 11 from disk...
imw-liftfeat-nn-kt0p2: 0 match-sets in 0.00s
[Coarse] imw-liftfeat-nn-kt0p2 pair 12: dE=73258.3 m dN=-12396.0 m (from-pair-14, support=None, peak=None) 
imw-liftfeat-nn-kt0p2: Processing pair 12 from disk...
imw-liftfeat-nn-kt0p2: 1 match-sets in 0.29s
[Coarse] imw-liftfeat-nn-kt0p2 pair 13: dE=73258.3 m dN=-12396.0 m (from-pair-14, support=None, peak=None) 
imw-liftfeat-nn-kt0p2: Processing pair 13 from disk...
imw-liftfeat-nn-kt0p2: 1 match-sets in 0.17s
[Coarse] imw-liftfeat-nn-kt0p2 pair 14: dE=73258.3 m dN=-12396.0 m (phasecorr@315m, support=None, peak=0.0750410366821289) 
imw-liftfeat-nn-kt0p2: Processing pair 14 from disk...
imw-liftfeat-nn-kt0p2: 1 match-sets in 0.26s
[Coarse] imw-liftfeat-nn-kt0p2 pair 15: dE=73258.3 m dN=-12396.0 m (from-pair-14, support=None, peak=None) 
imw-liftfeat-nn-kt0p2: Processing pair 15 from disk...
imw-liftfeat-nn-kt0p2: 1 match-sets in 0.35s
[Coarse] imw-liftfeat-nn-kt0p2 pair 16: dE=73258.3 m dN=-12396.0 m (from-pair-14, support=None, peak=None) 
imw-liftfeat-nn-kt0p2: Processing pair 16 from disk...
imw-liftfeat-nn-kt0p2: 1 match-sets in 0.22s
[Coarse] imw-liftfeat-nn-kt0p2 pair 17: dE=73258.3 m dN=-12396.0 m (from-pair-14, support=None, peak=None) 
imw-liftfeat-nn-kt0p2: Processing pair 17 from disk...
imw-liftfeat-nn-kt0p2: 1 match-sets in 0.22s
[Coarse] imw-liftfeat-nn-kt0p2 pair 18: dE=73258.3 m dN=-12396.0 m (from-pair-14, support=None, peak=None) 
imw-liftfeat-nn-kt0p2: Processing pair 18 from disk...
imw-liftfeat-nn-kt0p2: 1 match-sets in 0.22s
[Coarse] imw-liftfeat-nn-kt0p2 pair 19: dE=73258.3 m dN=-12396.0 m (from-pair-14, support=None, peak=None) 
imw-liftfeat-nn-kt0p2: Processing pair 19 from disk...
imw-liftfeat-nn-kt0p2: 1 match-sets in 0.12s
[Coarse] imw-liftfeat-nn-kt0p2 pair 20: dE=73258.3 m dN=-12396.0 m (from-pair-14, support=None, peak=None) 
imw-liftfeat-nn-kt0p2: Processing pair 20 from disk...
imw-liftfeat-nn-kt0p2: 1 match-sets in 0.11s
[Coarse] imw-liftfeat-nn-kt0p2 pair 21: dE=-34651.5 m dN=64354.3 m (phasecorr@315m, support=None, peak=0.03061729173699524) 
imw-liftfeat-nn-kt0p2: Processing pair 21 from disk...
imw-liftfeat-nn-kt0p2: 0 match-sets in 0.00s
[Coarse] imw-liftfeat-nn-kt0p2 pair 22: dE=-34651.5 m dN=64354.3 m (from-pair-21, support=None, peak=None) 
imw-liftfeat-nn-kt0p2: Processing pair 22 from disk...
imw-liftfeat-nn-kt0p2: 0 match-sets in 0.00s
[Coarse] imw-liftfeat-nn-kt0p2 pair 23: dE=-34651.5 m dN=64354.3 m (from-pair-21, support=None, peak=None) 
imw-liftfeat-nn-kt0p2: Processing pair 23 from disk...
imw-liftfeat-nn-kt0p2: 0 match-sets in 0.00s
[Coarse] imw-liftfeat-nn-kt0p2 pair 24: dE=75555.3 m dN=-16017.9 m (from-pair-34, support=None, peak=None) 
imw-liftfeat-nn-kt0p2: Processing pair 24 from disk...
imw-liftfeat-nn-kt0p2: 1 match-sets in 0.41s
[Coarse] imw-liftfeat-nn-kt0p2 pair 25: dE=75555.3 m dN=-16017.9 m (from-pair-34, support=None, peak=None) 
imw-liftfeat-nn-kt0p2: Processing pair 25 from disk...
imw-liftfeat-nn-kt0p2: 1 match-sets in 0.27s
[Coarse] imw-liftfeat-nn-kt0p2 pair 26: dE=75555.3 m dN=-16017.9 m (from-pair-34, support=None, peak=None) 
imw-liftfeat-nn-kt0p2: Processing pair 26 from disk...
imw-liftfeat-nn-kt0p2: 1 match-sets in 0.27s
[Coarse] imw-liftfeat-nn-kt0p2 pair 27: dE=75555.3 m dN=-16017.9 m (from-pair-34, support=None, peak=None) 
imw-liftfeat-nn-kt0p2: Processing pair 27 from disk...
imw-liftfeat-nn-kt0p2: 1 match-sets in 0.32s
[Coarse] imw-liftfeat-nn-kt0p2 pair 28: dE=75555.3 m dN=-16017.9 m (from-pair-34, support=None, peak=None) 
imw-liftfeat-nn-kt0p2: Processing pair 28 from disk...
imw-liftfeat-nn-kt0p2: 1 match-sets in 0.50s
[Coarse] imw-liftfeat-nn-kt0p2 pair 29: dE=75555.3 m dN=-16017.9 m (from-pair-34, support=None, peak=None) 
imw-liftfeat-nn-kt0p2: Processing pair 29 from disk...
imw-liftfeat-nn-kt0p2: 0 match-sets in 0.01s
[Coarse] imw-liftfeat-nn-kt0p2 pair 30: dE=29320.3 m dN=32717.6 m (from-pair-31, support=None, peak=None) 
imw-liftfeat-nn-kt0p2: Processing pair 30 from disk...
imw-liftfeat-nn-kt0p2: 0 match-sets in 0.00s
[Coarse] imw-liftfeat-nn-kt0p2 pair 31: dE=29320.3 m dN=32717.6 m (phasecorr@315m, support=None, peak=0.11020252078648948) 
imw-liftfeat-nn-kt0p2: Processing pair 31 from disk...
imw-liftfeat-nn-kt0p2: 0 match-sets in 0.00s
[Coarse] imw-liftfeat-nn-kt0p2 pair 32: dE=75555.3 m dN=-16017.9 m (from-pair-34, support=None, peak=None) 
imw-liftfeat-nn-kt0p2: Processing pair 32 from disk...
imw-liftfeat-nn-kt0p2: 1 match-sets in 0.41s
[Coarse] imw-liftfeat-nn-kt0p2 pair 33: dE=75555.3 m dN=-16017.9 m (from-pair-34, support=None, peak=None) 
imw-liftfeat-nn-kt0p2: Processing pair 33 from disk...
imw-liftfeat-nn-kt0p2: 1 match-sets in 0.25s
[Coarse] imw-liftfeat-nn-kt0p2 pair 34: dE=75555.3 m dN=-16017.9 m (phasecorr@315m, support=None, peak=0.06293188095092773) 
imw-liftfeat-nn-kt0p2: Processing pair 34 from disk...
imw-liftfeat-nn-kt0p2: 1 match-sets in 0.25s
[Coarse] imw-liftfeat-nn-kt0p2 pair 35: dE=75568.1 m dN=-15961.2 m (phasecorr@315m, support=None, peak=0.0629165448612637) 
imw-liftfeat-nn-kt0p2: Processing pair 35 from disk...
imw-liftfeat-nn-kt0p2: 1 match-sets in 0.25s
[Coarse] imw-liftfeat-nn-kt0p2 pair 36: dE=75568.1 m dN=-15961.2 m (from-pair-35, support=None, peak=None) 
imw-liftfeat-nn-kt0p2: Processing pair 36 from disk...
imw-liftfeat-nn-kt0p2: 1 match-sets in 0.24s
[Coarse] imw-liftfeat-nn-kt0p2 pair 37: dE=75568.1 m dN=-15961.2 m (from-pair-35, support=None, peak=None) 
imw-liftfeat-nn-kt0p2: Processing pair 37 from disk...
imw-liftfeat-nn-kt0p2: 1 match-sets in 0.14s
[Coarse] imw-liftfeat-nn-kt0p2 pair 38: dE=10133.5 m dN=16958.4 m (from-pair-39, support=None, peak=None) 
imw-liftfeat-nn-kt0p2: Processing pair 38 from disk...
imw-liftfeat-nn-kt0p2: 0 match-sets in 0.00s
[Coarse] imw-liftfeat-nn-kt0p2 pair 39: dE=10133.5 m dN=16958.4 m (phasecorr@315m, support=None, peak=0.37484617568828443) 
imw-liftfeat-nn-kt0p2: Processing pair 39 from disk...
imw-liftfeat-nn-kt0p2: 0 match-sets in 0.00s
[Coarse] imw-liftfeat-nn-kt0p2 pair 40: dE=76842.6 m dN=-18012.8 m (phasecorr@315m, support=None, peak=0.16032237420847387) 
imw-liftfeat-nn-kt0p2: Processing pair 40 from disk...
imw-liftfeat-nn-kt0p2: 1 match-sets in 0.22s
[Coarse] imw-liftfeat-nn-kt0p2 pair 41: dE=76821.7 m dN=-17970.8 m (phasecorr@315m, support=None, peak=0.1293754681834468) 
imw-liftfeat-nn-kt0p2: Processing pair 41 from disk...
imw-liftfeat-nn-kt0p2: 1 match-sets in 0.13s
[Coarse] imw-liftfeat-nn-kt0p2 pair 42: dE=71418.1 m dN=-83226.9 m (phasecorr@315m, support=None, peak=0.04043954435560439) 
imw-liftfeat-nn-kt0p2: Processing pair 42 from disk...
imw-liftfeat-nn-kt0p2: 1 match-sets in 0.21s
[Coarse] imw-liftfeat-nn-kt0p2 pair 43: dE=71418.1 m dN=-83226.9 m (from-pair-42, support=None, peak=None) 
imw-liftfeat-nn-kt0p2: Processing pair 43 from disk...
imw-liftfeat-nn-kt0p2: 1 match-sets in 0.10s
[Coarse] imw-liftfeat-nn-kt0p2 pair 44: dE=-66700.2 m dN=27164.4 m (phasecorr@315m, support=None, peak=0.060047009852197436) 
imw-liftfeat-nn-kt0p2: Processing pair 44 from disk...
imw-liftfeat-nn-kt0p2: 0 match-sets in 0.00s
[Coarse] imw-liftfeat-nn-kt0p2 pair 45: dE=-65468.5 m dN=11952.3 m (phasecorr@315m, support=None, peak=0.062489196923861616) 
imw-liftfeat-nn-kt0p2: Processing pair 45 from disk...
imw-liftfeat-nn-kt0p2: 0 match-sets in 0.00s
No configuration survived the chip consensus filter.
[band3] imw-liftfeat-nn-kt0p2 no-consensus in 0.4 min, peak GPU memory 3.3 of 15.6 GB
[imw-liftfeat-nn] Model unloaded.
--------------------------------------------------------------------------------
[band3] Running imw-ripe-nn-kt0p2
[imw-ripe-nn] Loading model...
INFO:ripe.models.ripe:Training with window size 8.
INFO:ripe.models.ripe:Use None as final non-linearity before the detection heatmap.
INFO:ripe.models.ripe:Training dim reduction descriptor with 960 -> 256 1x1 conv
[Coarse] pair 1: no reliable coarse offset (matcher: no matches; phasecorr: {'dx': 72221.31426491275, 'dy': -10662.850823270848, 'support': None, 'n': None, 'peak': 0.02032967514970684}); windows compared in place
[Coarse] pair 2: no reliable coarse offset (matcher: no matches; phasecorr: {'dx': 65394.283402378176, 'dy': -25649.46980266543, 'support': None, 'n': None, 'peak': 0.022622975002173116}); windows compared in place
[Coarse] pair 3: no reliable coarse offset (matcher: no matches; phasecorr: {'dx': -84951.32174473844, 'dy': -16333.25546038059, 'support': None, 'n': None, 'peak': 0.023098598562204843}); windows compared in place
[Coarse] pair 4: no reliable coarse offset (matcher: {'dx': -98595.0, 'dy': 31185.0, 'support': 1, 'n': 3, 'peak': None}; phasecorr: {'dx': -71296.19311950017, 'dy': -18548.86611268403, 'support': None, 'n': None, 'peak': 0.02308651422222401}); windows compared in place
[Coarse] pair 5: no reliable coarse offset (matcher: {'dx': -98910.0, 'dy': 47880.0, 'support': 1, 'n': 5, 'peak': None}; phasecorr: {'dx': -66471.0041660463, 'dy': 19677.698496104596, 'support': None, 'n': None, 'peak': 0.0007051175513875827}); windows compared in place
[Coarse] pair 6: no reliable coarse offset (matcher: {'dx': -93712.5, 'dy': 68670.0, 'support': 2, 'n': 4, 'peak': None}; phasecorr: {'dx': -63117.55771771344, 'dy': 45344.79793689909, 'support': None, 'n': None, 'peak': 0.016527041937588666}); windows compared in place
[Coarse] pair 9: no reliable coarse offset (matcher: no matches; phasecorr: {'dx': -16699.175274071407, 'dy': 24436.94053537555, 'support': None, 'n': None, 'peak': -0.010903077867296006}); windows compared in place
[Coarse] pair 11: no reliable coarse offset (matcher: no matches; phasecorr: {'dx': -17156.568569433253, 'dy': 26769.77008011288, 'support': None, 'n': None, 'peak': -0.005567667855156793}); windows compared in place
[Coarse] pair 12: no reliable coarse offset (matcher: no matches; phasecorr: {'dx': -54138.7373906018, 'dy': -62739.11738734777, 'support': None, 'n': None, 'peak': 0.019588654039171007}); windows compared in place
[Coarse] pair 13: no reliable coarse offset (matcher: no matches; phasecorr: {'dx': -3843.534072827219, 'dy': -91640.0194769223, 'support': None, 'n': None, 'peak': 0.015414013681642857}); windows compared in place
[Coarse] pair 15: no reliable coarse offset (matcher: {'dx': -90090.0, 'dy': -62685.0, 'support': 1, 'n': 3, 'peak': None}; phasecorr: {'dx': -94939.8559147267, 'dy': -82659.23661442024, 'support': None, 'n': None, 'peak': 0.008939644289605411}); windows compared in place
[Coarse] pair 16: no reliable coarse offset (matcher: no matches; phasecorr: {'dx': -60639.28459076655, 'dy': -33832.56066827953, 'support': None, 'n': None, 'peak': 0.007406430218281896}); windows compared in place
[Coarse] pair 17: no reliable coarse offset (matcher: no matches; phasecorr: {'dx': -75606.28869913492, 'dy': -40258.11314932236, 'support': None, 'n': None, 'peak': 0.002259464960529971}); windows compared in place
[Coarse] pair 18: no reliable coarse offset (matcher: no matches; phasecorr: {'dx': -47574.86505103309, 'dy': 30736.089922927127, 'support': None, 'n': None, 'peak': -0.005526255078658046}); windows compared in place
[Coarse] pair 19: no reliable coarse offset (matcher: {'dx': -92295.0, 'dy': 85995.0, 'support': 1, 'n': 4, 'peak': None}; phasecorr: {'dx': -134048.08681427932, 'dy': 22202.75100943282, 'support': None, 'n': None, 'peak': 0.01199757972153889}); windows compared in place
[Coarse] pair 20: no reliable coarse offset (matcher: {'dx': -73395.0, 'dy': 93240.0, 'support': 1, 'n': 3, 'peak': None}; phasecorr: {'dx': -51737.17622911178, 'dy': 31055.668515360256, 'support': None, 'n': None, 'peak': -0.013213375402903196}); windows compared in place
[Coarse] pair 22: no reliable coarse offset (matcher: no matches; phasecorr: {'dx': -22501.36818549658, 'dy': 56480.21235681643, 'support': None, 'n': None, 'peak': -0.0038632059607486176}); windows compared in place
[Coarse] pair 23: no reliable coarse offset (matcher: no matches; phasecorr: {'dx': -38768.62470648129, 'dy': 60272.71480887387, 'support': None, 'n': None, 'peak': 0.018053494174784593}); windows compared in place
[Coarse] pair 24: no reliable coarse offset (matcher: no matches; phasecorr: {'dx': 5060.875137458928, 'dy': -132702.46963164263, 'support': None, 'n': None, 'peak': 0.004566593000623915}); windows compared in place
[Coarse] pair 25: no reliable coarse offset (matcher: no matches; phasecorr: {'dx': 19115.97600195751, 'dy': -87876.18077077619, 'support': None, 'n': None, 'peak': 0.014515514945983887}); windows compared in place
[Coarse] pair 26: no reliable coarse offset (matcher: no matches; phasecorr: {'dx': -25110.617324353138, 'dy': -110321.271036598, 'support': None, 'n': None, 'peak': 0.028688357883029515}); windows compared in place
[Coarse] pair 27: no reliable coarse offset (matcher: {'dx': -72765.0, 'dy': 1575.0, 'support': 1, 'n': 4, 'peak': None}; phasecorr: {'dx': -24618.815192443915, 'dy': -51702.316299651786, 'support': None, 'n': None, 'peak': 0.024773373663302803}); windows compared in place
[Coarse] pair 28: no reliable coarse offset (matcher: {'dx': 2835.0, 'dy': 1575.0, 'support': 1, 'n': 3, 'peak': None}; phasecorr: {'dx': -34345.520193795004, 'dy': -31836.47230271583, 'support': None, 'n': None, 'peak': 0.007815724782982971}); windows compared in place
[Coarse] pair 29: no reliable coarse offset (matcher: {'dx': -71190.0, 'dy': 68355.0, 'support': 1, 'n': 3, 'peak': None}; phasecorr: {'dx': -23015.789594526494, 'dy': 27033.23829875427, 'support': None, 'n': None, 'peak': -0.010339975127467402}); windows compared in place
[Coarse] pair 30: no reliable coarse offset (matcher: no matches; phasecorr: {'dx': 44341.741084490575, 'dy': 33964.32140920293, 'support': None, 'n': None, 'peak': 0.012143600762135697}); windows compared in place
[Coarse] pair 32: no reliable coarse offset (matcher: no matches; phasecorr: {'dx': 76928.68966913699, 'dy': -17747.191922768525, 'support': None, 'n': None, 'peak': 0.018933949931462607}); windows compared in place
[Coarse] pair 33: no reliable coarse offset (matcher: no matches; phasecorr: {'dx': 76984.7825803246, 'dy': -17783.154749211222, 'support': None, 'n': None, 'peak': 0.01788282951116562}); windows compared in place
[Coarse] pair 36: no reliable coarse offset (matcher: no matches; phasecorr: {'dx': 19637.281743784188, 'dy': 28659.270855444367, 'support': None, 'n': None, 'peak': 0.011020430701750296}); windows compared in place
[Coarse] pair 37: no reliable coarse offset (matcher: {'dx': 92452.5, 'dy': 76230.0, 'support': 2, 'n': 4, 'peak': None}; phasecorr: {'dx': 7507.0015977467065, 'dy': 32833.49977892313, 'support': None, 'n': None, 'peak': 0.0048901353058991605}); windows compared in place
[Coarse] pair 38: no reliable coarse offset (matcher: no matches; phasecorr: {'dx': 23247.53686111282, 'dy': 17041.62175906921, 'support': None, 'n': None, 'peak': 0.019549365950219427}); windows compared in place
[Coarse] pair 43: no reliable coarse offset (matcher: {'dx': 76545.0, 'dy': -18900.0, 'support': 1, 'n': 6, 'peak': None}; phasecorr: {'dx': 59869.22805112187, 'dy': -96325.01557673489, 'support': None, 'n': None, 'peak': 0.00793376685672336}); windows compared in place
[Coarse] pair 7: phase correlation gave dE=-30061 m dN=24674 m, 115.1 km from every offset the matcher measured; using pair 41's (dE=76860 m dN=-17955 m)
[Coarse] pair 8: phase correlation gave dE=-34085 m dN=23031 m, 118.3 km from every offset the matcher measured; using pair 41's (dE=76860 m dN=-17955 m)
[Coarse] pair 10: phase correlation gave dE=-35432 m dN=24320 m, 120.0 km from every offset the matcher measured; using pair 41's (dE=76860 m dN=-17955 m)
[Coarse] pair 14: phase correlation gave dE=73258 m dN=-12396 m, 6.6 km from every offset the matcher measured; using pair 41's (dE=76860 m dN=-17955 m)
[Coarse] pair 21: phase correlation gave dE=-34652 m dN=64354 m, 138.6 km from every offset the matcher measured; using pair 41's (dE=76860 m dN=-17955 m)
[Coarse] pair 31: phase correlation gave dE=29320 m dN=32718 m, 69.5 km from every offset the matcher measured; using pair 41's (dE=76860 m dN=-17955 m)
[Coarse] pair 39: phase correlation gave dE=10133 m dN=16958 m, 75.3 km from every offset the matcher measured; using pair 40's (dE=76860 m dN=-17955 m)
[Coarse] pair 42: phase correlation gave dE=71418 m dN=-83227 m, 65.5 km from every offset the matcher measured; using pair 40's (dE=76860 m dN=-17955 m)
[Coarse] pair 44: phase correlation gave dE=-66700 m dN=27164 m, 150.5 km from every offset the matcher measured; using pair 40's (dE=76860 m dN=-17955 m)
[Coarse] pair 45: phase correlation gave dE=-65469 m dN=11952 m, 145.4 km from every offset the matcher measured; using pair 40's (dE=76860 m dN=-17955 m)
[Coarse] imw-ripe-nn-kt0p2 pair 1: dE=76860.0 m dN=-17955.0 m (from-pair-7, support=None, peak=None) 
imw-ripe-nn-kt0p2: Processing pair 1 from disk...
imw-ripe-nn-kt0p2: 0 match-sets in 0.00s
[Coarse] imw-ripe-nn-kt0p2 pair 2: dE=76860.0 m dN=-17955.0 m (from-pair-7, support=None, peak=None) 
imw-ripe-nn-kt0p2: Processing pair 2 from disk...
imw-ripe-nn-kt0p2: 0 match-sets in 0.00s
[Coarse] imw-ripe-nn-kt0p2 pair 3: dE=76860.0 m dN=-17955.0 m (from-pair-14, support=None, peak=None) 
imw-ripe-nn-kt0p2: Processing pair 3 from disk...
imw-ripe-nn-kt0p2: 0 match-sets in 0.00s
[Coarse] imw-ripe-nn-kt0p2 pair 4: dE=76860.0 m dN=-17955.0 m (from-pair-14, support=None, peak=None) 
imw-ripe-nn-kt0p2: Processing pair 4 from disk...
imw-ripe-nn-kt0p2: 0 match-sets in 0.00s
[Coarse] imw-ripe-nn-kt0p2 pair 5: dE=76860.0 m dN=-17955.0 m (from-pair-14, support=None, peak=None) 
imw-ripe-nn-kt0p2: Processing pair 5 from disk...
imw-ripe-nn-kt0p2: 0 match-sets in 0.00s
[Coarse] imw-ripe-nn-kt0p2 pair 6: dE=76860.0 m dN=-17955.0 m (from-pair-14, support=None, peak=None) 
imw-ripe-nn-kt0p2: Processing pair 6 from disk...
imw-ripe-nn-kt0p2: 0 match-sets in 0.00s
[Coarse] imw-ripe-nn-kt0p2 pair 7: dE=76860.0 m dN=-17955.0 m (from-pair-41 (phasecorr disagreed), support=None, peak=0.07485453462600708) 
imw-ripe-nn-kt0p2: Processing pair 7 from disk...
imw-ripe-nn-kt0p2: 0 match-sets in 0.00s
[Coarse] imw-ripe-nn-kt0p2 pair 8: dE=76860.0 m dN=-17955.0 m (from-pair-41 (phasecorr disagreed), support=None, peak=0.048964771058824325) 
imw-ripe-nn-kt0p2: Processing pair 8 from disk...
imw-ripe-nn-kt0p2: 0 match-sets in 0.00s
[Coarse] imw-ripe-nn-kt0p2 pair 9: dE=76860.0 m dN=-17955.0 m (from-pair-10, support=None, peak=None) 
imw-ripe-nn-kt0p2: Processing pair 9 from disk...
imw-ripe-nn-kt0p2: 0 match-sets in 0.00s
[Coarse] imw-ripe-nn-kt0p2 pair 10: dE=76860.0 m dN=-17955.0 m (from-pair-41 (phasecorr disagreed), support=None, peak=0.12360441419813369) 
imw-ripe-nn-kt0p2: Processing pair 10 from disk...
imw-ripe-nn-kt0p2: 0 match-sets in 0.00s
[Coarse] imw-ripe-nn-kt0p2 pair 11: dE=76860.0 m dN=-17955.0 m (from-pair-8, support=None, peak=None) 
imw-ripe-nn-kt0p2: Processing pair 11 from disk...
imw-ripe-nn-kt0p2: 0 match-sets in 0.00s
[Coarse] imw-ripe-nn-kt0p2 pair 12: dE=76860.0 m dN=-17955.0 m (from-pair-14, support=None, peak=None) 
imw-ripe-nn-kt0p2: Processing pair 12 from disk...
imw-ripe-nn-kt0p2: 1 match-sets in 0.35s
[Coarse] imw-ripe-nn-kt0p2 pair 13: dE=76860.0 m dN=-17955.0 m (from-pair-14, support=None, peak=None) 
imw-ripe-nn-kt0p2: Processing pair 13 from disk...
imw-ripe-nn-kt0p2: 1 match-sets in 0.26s
[Coarse] imw-ripe-nn-kt0p2 pair 14: dE=76860.0 m dN=-17955.0 m (from-pair-41 (phasecorr disagreed), support=None, peak=0.0750410366821289) 
imw-ripe-nn-kt0p2: Processing pair 14 from disk...
imw-ripe-nn-kt0p2: 1 match-sets in 0.26s
[Coarse] imw-ripe-nn-kt0p2 pair 15: dE=76860.0 m dN=-17955.0 m (from-pair-14, support=None, peak=None) 
imw-ripe-nn-kt0p2: Processing pair 15 from disk...
imw-ripe-nn-kt0p2: 1 match-sets in 0.46s
[Coarse] imw-ripe-nn-kt0p2 pair 16: dE=76860.0 m dN=-17955.0 m (from-pair-14, support=None, peak=None) 
imw-ripe-nn-kt0p2: Processing pair 16 from disk...
imw-ripe-nn-kt0p2: 1 match-sets in 0.37s
[Coarse] imw-ripe-nn-kt0p2 pair 17: dE=76860.0 m dN=-17955.0 m (from-pair-14, support=None, peak=None) 
imw-ripe-nn-kt0p2: Processing pair 17 from disk...
imw-ripe-nn-kt0p2: 1 match-sets in 0.37s
[Coarse] imw-ripe-nn-kt0p2 pair 18: dE=76860.0 m dN=-17955.0 m (from-pair-14, support=None, peak=None) 
imw-ripe-nn-kt0p2: Processing pair 18 from disk...
imw-ripe-nn-kt0p2: 1 match-sets in 0.28s
[Coarse] imw-ripe-nn-kt0p2 pair 19: dE=76860.0 m dN=-17955.0 m (from-pair-14, support=None, peak=None) 
imw-ripe-nn-kt0p2: Processing pair 19 from disk...
imw-ripe-nn-kt0p2: 1 match-sets in 0.22s
[Coarse] imw-ripe-nn-kt0p2 pair 20: dE=76860.0 m dN=-17955.0 m (from-pair-14, support=None, peak=None) 
imw-ripe-nn-kt0p2: Processing pair 20 from disk...
imw-ripe-nn-kt0p2: 1 match-sets in 0.22s
[Coarse] imw-ripe-nn-kt0p2 pair 21: dE=76860.0 m dN=-17955.0 m (from-pair-41 (phasecorr disagreed), support=None, peak=0.03061729173699524) 
imw-ripe-nn-kt0p2: Processing pair 21 from disk...
imw-ripe-nn-kt0p2: 0 match-sets in 0.00s
[Coarse] imw-ripe-nn-kt0p2 pair 22: dE=76860.0 m dN=-17955.0 m (from-pair-21, support=None, peak=None) 
imw-ripe-nn-kt0p2: Processing pair 22 from disk...
imw-ripe-nn-kt0p2: 0 match-sets in 0.00s
[Coarse] imw-ripe-nn-kt0p2 pair 23: dE=76860.0 m dN=-17955.0 m (from-pair-21, support=None, peak=None) 
imw-ripe-nn-kt0p2: Processing pair 23 from disk...
imw-ripe-nn-kt0p2: 0 match-sets in 0.00s
[Coarse] imw-ripe-nn-kt0p2 pair 24: dE=75555.3 m dN=-16017.9 m (from-pair-34, support=None, peak=None) 
imw-ripe-nn-kt0p2: Processing pair 24 from disk...
imw-ripe-nn-kt0p2: 1 match-sets in 0.63s
[Coarse] imw-ripe-nn-kt0p2 pair 25: dE=75555.3 m dN=-16017.9 m (from-pair-34, support=None, peak=None) 
imw-ripe-nn-kt0p2: Processing pair 25 from disk...
imw-ripe-nn-kt0p2: 1 match-sets in 0.50s
[Coarse] imw-ripe-nn-kt0p2 pair 26: dE=75555.3 m dN=-16017.9 m (from-pair-34, support=None, peak=None) 
imw-ripe-nn-kt0p2: Processing pair 26 from disk...
imw-ripe-nn-kt0p2: 1 match-sets in 0.51s
[Coarse] imw-ripe-nn-kt0p2 pair 27: dE=75555.3 m dN=-16017.9 m (from-pair-34, support=None, peak=None) 
imw-ripe-nn-kt0p2: Processing pair 27 from disk...
imw-ripe-nn-kt0p2: 1 match-sets in 0.68s
[Coarse] imw-ripe-nn-kt0p2 pair 28: dE=75555.3 m dN=-16017.9 m (from-pair-34, support=None, peak=None) 
imw-ripe-nn-kt0p2: Processing pair 28 from disk...
imw-ripe-nn-kt0p2: 1 match-sets in 0.82s
[Coarse] imw-ripe-nn-kt0p2 pair 29: dE=75555.3 m dN=-16017.9 m (from-pair-34, support=None, peak=None) 
imw-ripe-nn-kt0p2: Processing pair 29 from disk...
imw-ripe-nn-kt0p2: 0 match-sets in 0.01s
[Coarse] imw-ripe-nn-kt0p2 pair 30: dE=76860.0 m dN=-17955.0 m (from-pair-31, support=None, peak=None) 
imw-ripe-nn-kt0p2: Processing pair 30 from disk...
imw-ripe-nn-kt0p2: 0 match-sets in 0.00s
[Coarse] imw-ripe-nn-kt0p2 pair 31: dE=76860.0 m dN=-17955.0 m (from-pair-41 (phasecorr disagreed), support=None, peak=0.11020252078648948) 
imw-ripe-nn-kt0p2: Processing pair 31 from disk...
imw-ripe-nn-kt0p2: 0 match-sets in 0.00s
[Coarse] imw-ripe-nn-kt0p2 pair 32: dE=75555.3 m dN=-16017.9 m (from-pair-34, support=None, peak=None) 
imw-ripe-nn-kt0p2: Processing pair 32 from disk...
imw-ripe-nn-kt0p2: 1 match-sets in 0.57s
[Coarse] imw-ripe-nn-kt0p2 pair 33: dE=75555.3 m dN=-16017.9 m (from-pair-34, support=None, peak=None) 
imw-ripe-nn-kt0p2: Processing pair 33 from disk...
imw-ripe-nn-kt0p2: 1 match-sets in 0.40s
[Coarse] imw-ripe-nn-kt0p2 pair 34: dE=75555.3 m dN=-16017.9 m (phasecorr@315m, support=None, peak=0.06293188095092773) 
imw-ripe-nn-kt0p2: Processing pair 34 from disk...
imw-ripe-nn-kt0p2: 1 match-sets in 0.44s
[Coarse] imw-ripe-nn-kt0p2 pair 35: dE=75568.1 m dN=-15961.2 m (phasecorr@315m, support=None, peak=0.0629165448612637) 
imw-ripe-nn-kt0p2: Processing pair 35 from disk...
imw-ripe-nn-kt0p2: 1 match-sets in 0.44s
[Coarse] imw-ripe-nn-kt0p2 pair 36: dE=75568.1 m dN=-15961.2 m (from-pair-35, support=None, peak=None) 
imw-ripe-nn-kt0p2: Processing pair 36 from disk...
imw-ripe-nn-kt0p2: 1 match-sets in 0.29s
[Coarse] imw-ripe-nn-kt0p2 pair 37: dE=75568.1 m dN=-15961.2 m (from-pair-35, support=None, peak=None) 
imw-ripe-nn-kt0p2: Processing pair 37 from disk...
imw-ripe-nn-kt0p2: 0 match-sets in 0.22s
[Coarse] imw-ripe-nn-kt0p2 pair 38: dE=76860.0 m dN=-17955.0 m (from-pair-39, support=None, peak=None) 
imw-ripe-nn-kt0p2: Processing pair 38 from disk...
imw-ripe-nn-kt0p2: 0 match-sets in 0.00s
[Coarse] imw-ripe-nn-kt0p2 pair 39: dE=76860.0 m dN=-17955.0 m (from-pair-40 (phasecorr disagreed), support=None, peak=0.37484617568828443) 
imw-ripe-nn-kt0p2: Processing pair 39 from disk...
imw-ripe-nn-kt0p2: 0 match-sets in 0.00s
[Coarse] imw-ripe-nn-kt0p2 pair 40: dE=76860.0 m dN=-17955.0 m (matcher@315m, support=77, peak=None) 
imw-ripe-nn-kt0p2: Processing pair 40 from disk...
imw-ripe-nn-kt0p2: 1 match-sets in 0.28s
[Coarse] imw-ripe-nn-kt0p2 pair 41: dE=76860.0 m dN=-17955.0 m (matcher@315m, support=54, peak=None) 
imw-ripe-nn-kt0p2: Processing pair 41 from disk...
imw-ripe-nn-kt0p2: 1 match-sets in 0.20s
[Coarse] imw-ripe-nn-kt0p2 pair 42: dE=76860.0 m dN=-17955.0 m (from-pair-40 (phasecorr disagreed), support=None, peak=0.04043954435560439) 
imw-ripe-nn-kt0p2: Processing pair 42 from disk...
imw-ripe-nn-kt0p2: 1 match-sets in 0.28s
[Coarse] imw-ripe-nn-kt0p2 pair 43: dE=76860.0 m dN=-17955.0 m (from-pair-42, support=None, peak=None) 
imw-ripe-nn-kt0p2: Processing pair 43 from disk...
imw-ripe-nn-kt0p2: 1 match-sets in 0.20s
[Coarse] imw-ripe-nn-kt0p2 pair 44: dE=76860.0 m dN=-17955.0 m (from-pair-40 (phasecorr disagreed), support=None, peak=0.060047009852197436) 
imw-ripe-nn-kt0p2: Processing pair 44 from disk...
imw-ripe-nn-kt0p2: 0 match-sets in 0.00s
[Coarse] imw-ripe-nn-kt0p2 pair 45: dE=76860.0 m dN=-17955.0 m (from-pair-40 (phasecorr disagreed), support=None, peak=0.062489196923861616) 
imw-ripe-nn-kt0p2: Processing pair 45 from disk...
imw-ripe-nn-kt0p2: 0 match-sets in 0.00s
Saved:
 CHIP_STATS_ALL.csv
 CHIP_STATS_SURVIVORS.csv
 CONSENSUS_SCORES.csv
 BEST_CHIP_SET.csv
 BEST_CHIP_MANIFEST.csv
 BEST_FINAL_SUMMARY.csv
[band3] imw-ripe-nn-kt0p2 ok in 0.6 min, peak GPU memory 2.1 of 15.6 GB
[imw-ripe-nn] Model unloaded.
--------------------------------------------------------------------------------
[band3] Running imw-darkfeat-nn-kt0p2
[imw-darkfeat-nn] Loading model...
Loaded DarkFeat model
[Coarse] pair 1: no reliable coarse offset (matcher: {'dx': -100485.0, 'dy': -56070.0, 'support': 1, 'n': 4, 'peak': None}; phasecorr: {'dx': 72221.31426491275, 'dy': -10662.850823270848, 'support': None, 'n': None, 'peak': 0.02032967514970684}); windows compared in place
[Coarse] pair 2: no reliable coarse offset (matcher: no matches; phasecorr: {'dx': 65394.283402378176, 'dy': -25649.46980266543, 'support': None, 'n': None, 'peak': 0.022622975002173116}); windows compared in place
[Coarse] pair 3: no reliable coarse offset (matcher: {'dx': -83475.0, 'dy': -10867.5, 'support': 2, 'n': 5, 'peak': None}; phasecorr: {'dx': -84951.32174473844, 'dy': -16333.25546038059, 'support': None, 'n': None, 'peak': 0.023098598562204843}); windows compared in place
[Coarse] pair 4: no reliable coarse offset (matcher: {'dx': -83160.0, 'dy': 13230.0, 'support': 1, 'n': 6, 'peak': None}; phasecorr: {'dx': -71296.19311950017, 'dy': -18548.86611268403, 'support': None, 'n': None, 'peak': 0.02308651422222401}); windows compared in place
[Coarse] pair 5: no reliable coarse offset (matcher: no matches; phasecorr: {'dx': -66471.0041660463, 'dy': 19677.698496104596, 'support': None, 'n': None, 'peak': 0.0007051175513875827}); windows compared in place
[Coarse] pair 6: no reliable coarse offset (matcher: {'dx': -88042.5, 'dy': 59535.0, 'support': 4, 'n': 6, 'peak': None}; phasecorr: {'dx': -63117.55771771344, 'dy': 45344.79793689909, 'support': None, 'n': None, 'peak': 0.016527041937588666}); windows compared in place
[Coarse] pair 9: no reliable coarse offset (matcher: {'dx': -50715.0, 'dy': -92610.0, 'support': 3, 'n': 7, 'peak': None}; phasecorr: {'dx': -16699.175274071407, 'dy': 24436.94053537555, 'support': None, 'n': None, 'peak': -0.010903077867296006}); windows compared in place
[Coarse] pair 11: no reliable coarse offset (matcher: {'dx': -38745.0, 'dy': -99855.0, 'support': 2, 'n': 4, 'peak': None}; phasecorr: {'dx': -17156.568569433253, 'dy': 26769.77008011288, 'support': None, 'n': None, 'peak': -0.005567667855156793}); windows compared in place
[Coarse] pair 12: no reliable coarse offset (matcher: no matches; phasecorr: {'dx': -54138.7373906018, 'dy': -62739.11738734777, 'support': None, 'n': None, 'peak': 0.019588654039171007}); windows compared in place
[Coarse] pair 13: no reliable coarse offset (matcher: {'dx': -84105.0, 'dy': 4410.0, 'support': 1, 'n': 4, 'peak': None}; phasecorr: {'dx': -3843.534072827219, 'dy': -91640.0194769223, 'support': None, 'n': None, 'peak': 0.015414013681642857}); windows compared in place
[Coarse] pair 15: no reliable coarse offset (matcher: no matches; phasecorr: {'dx': -94939.8559147267, 'dy': -82659.23661442024, 'support': None, 'n': None, 'peak': 0.008939644289605411}); windows compared in place
[Coarse] pair 16: no reliable coarse offset (matcher: {'dx': -63630.0, 'dy': -31185.0, 'support': 4, 'n': 8, 'peak': None}; phasecorr: {'dx': -60639.28459076655, 'dy': -33832.56066827953, 'support': None, 'n': None, 'peak': 0.007406430218281896}); windows compared in place
[Coarse] pair 17: no reliable coarse offset (matcher: {'dx': -98595.0, 'dy': 77490.0, 'support': 3, 'n': 5, 'peak': None}; phasecorr: {'dx': -75606.28869913492, 'dy': -40258.11314932236, 'support': None, 'n': None, 'peak': 0.002259464960529971}); windows compared in place
[Coarse] pair 18: no reliable coarse offset (matcher: no matches; phasecorr: {'dx': -47574.86505103309, 'dy': 30736.089922927127, 'support': None, 'n': None, 'peak': -0.005526255078658046}); windows compared in place
[Coarse] pair 19: no reliable coarse offset (matcher: {'dx': -69300.0, 'dy': 77175.0, 'support': 1, 'n': 3, 'peak': None}; phasecorr: {'dx': -134048.08681427932, 'dy': 22202.75100943282, 'support': None, 'n': None, 'peak': 0.01199757972153889}); windows compared in place
[Coarse] pair 20: no reliable coarse offset (matcher: {'dx': -89145.0, 'dy': 98595.0, 'support': 1, 'n': 3, 'peak': None}; phasecorr: {'dx': -51737.17622911178, 'dy': 31055.668515360256, 'support': None, 'n': None, 'peak': -0.013213375402903196}); windows compared in place
[Coarse] pair 22: no reliable coarse offset (matcher: {'dx': 4410.0, 'dy': -99225.0, 'support': 3, 'n': 6, 'peak': None}; phasecorr: {'dx': -22501.36818549658, 'dy': 56480.21235681643, 'support': None, 'n': None, 'peak': -0.0038632059607486176}); windows compared in place
[Coarse] pair 23: no reliable coarse offset (matcher: {'dx': -16695.0, 'dy': -99855.0, 'support': 1, 'n': 8, 'peak': None}; phasecorr: {'dx': -38768.62470648129, 'dy': 60272.71480887387, 'support': None, 'n': None, 'peak': 0.018053494174784593}); windows compared in place
[Coarse] pair 24: no reliable coarse offset (matcher: no matches; phasecorr: {'dx': 5060.875137458928, 'dy': -132702.46963164263, 'support': None, 'n': None, 'peak': 0.004566593000623915}); windows compared in place
[Coarse] pair 26: no reliable coarse offset (matcher: no matches; phasecorr: {'dx': -25110.617324353138, 'dy': -110321.271036598, 'support': None, 'n': None, 'peak': 0.028688357883029515}); windows compared in place
[Coarse] pair 27: no reliable coarse offset (matcher: {'dx': -91035.0, 'dy': -26775.0, 'support': 1, 'n': 8, 'peak': None}; phasecorr: {'dx': -24618.815192443915, 'dy': -51702.316299651786, 'support': None, 'n': None, 'peak': 0.024773373663302803}); windows compared in place
[Coarse] pair 28: no reliable coarse offset (matcher: {'dx': -100485.0, 'dy': 36855.0, 'support': 3, 'n': 5, 'peak': None}; phasecorr: {'dx': -34345.520193795004, 'dy': -31836.47230271583, 'support': None, 'n': None, 'peak': 0.007815724782982971}); windows compared in place
[Coarse] pair 29: no reliable coarse offset (matcher: {'dx': -85050.0, 'dy': 91350.0, 'support': 3, 'n': 8, 'peak': None}; phasecorr: {'dx': -23015.789594526494, 'dy': 27033.23829875427, 'support': None, 'n': None, 'peak': -0.010339975127467402}); windows compared in place
[Coarse] pair 30: no reliable coarse offset (matcher: {'dx': -20160.0, 'dy': -97650.0, 'support': 5, 'n': 8, 'peak': None}; phasecorr: {'dx': 44341.741084490575, 'dy': 33964.32140920293, 'support': None, 'n': None, 'peak': 0.012143600762135697}); windows compared in place
[Coarse] pair 32: no reliable coarse offset (matcher: {'dx': 77175.0, 'dy': -18112.5, 'support': 4, 'n': 4, 'peak': None}; phasecorr: {'dx': 76928.68966913699, 'dy': -17747.191922768525, 'support': None, 'n': None, 'peak': 0.018933949931462607}); windows compared in place
[Coarse] pair 36: no reliable coarse offset (matcher: no matches; phasecorr: {'dx': 19637.281743784188, 'dy': 28659.270855444367, 'support': None, 'n': None, 'peak': 0.011020430701750296}); windows compared in place
[Coarse] pair 37: no reliable coarse offset (matcher: no matches; phasecorr: {'dx': 7507.0015977467065, 'dy': 32833.49977892313, 'support': None, 'n': None, 'peak': 0.0048901353058991605}); windows compared in place
[Coarse] pair 38: no reliable coarse offset (matcher: {'dx': 12600.0, 'dy': -99855.0, 'support': 5, 'n': 5, 'peak': None}; phasecorr: {'dx': 23247.53686111282, 'dy': 17041.62175906921, 'support': None, 'n': None, 'peak': 0.019549365950219427}); windows compared in place
[Coarse] pair 43: no reliable coarse offset (matcher: {'dx': 77490.0, 'dy': -18270.0, 'support': 6, 'n': 9, 'peak': None}; phasecorr: {'dx': 59869.22805112187, 'dy': -96325.01557673489, 'support': None, 'n': None, 'peak': 0.00793376685672336}); windows compared in place
[Coarse] pair 7: phase correlation gave dE=-30061 m dN=24674 m, 110.8 km from every offset the matcher measured; using pair 25's (dE=74025 m dN=-13230 m)
[Coarse] pair 8: phase correlation gave dE=-34085 m dN=23031 m, 114.0 km from every offset the matcher measured; using pair 25's (dE=74025 m dN=-13230 m)
[Coarse] pair 10: phase correlation gave dE=-35432 m dN=24320 m, 115.7 km from every offset the matcher measured; using pair 25's (dE=74025 m dN=-13230 m)
[Coarse] pair 21: phase correlation gave dE=-34652 m dN=64354 m, 133.5 km from every offset the matcher measured; using pair 25's (dE=74025 m dN=-13230 m)
[Coarse] pair 31: phase correlation gave dE=29320 m dN=32718 m, 64.1 km from every offset the matcher measured; using pair 25's (dE=74025 m dN=-13230 m)
[Coarse] pair 39: phase correlation gave dE=10133 m dN=16958 m, 70.7 km from every offset the matcher measured; using pair 40's (dE=76860 m dN=-18270 m)
[Coarse] pair 44: phase correlation gave dE=-66700 m dN=27164 m, 146.4 km from every offset the matcher measured; using pair 42's (dE=76860 m dN=-18112 m)
[Coarse] pair 45: phase correlation gave dE=-65469 m dN=11952 m, 141.7 km from every offset the matcher measured; using pair 42's (dE=76860 m dN=-18112 m)
[Coarse] imw-darkfeat-nn-kt0p2 pair 1: dE=74025.0 m dN=-13230.0 m (from-pair-7, support=None, peak=None) 
imw-darkfeat-nn-kt0p2: Processing pair 1 from disk...
imw-darkfeat-nn-kt0p2: 0 match-sets in 0.00s
[Coarse] imw-darkfeat-nn-kt0p2 pair 2: dE=74025.0 m dN=-13230.0 m (from-pair-7, support=None, peak=None) 
imw-darkfeat-nn-kt0p2: Processing pair 2 from disk...
imw-darkfeat-nn-kt0p2: 0 match-sets in 0.00s
[Coarse] imw-darkfeat-nn-kt0p2 pair 3: dE=73258.3 m dN=-12396.0 m (from-pair-14, support=None, peak=None) 
imw-darkfeat-nn-kt0p2: Processing pair 3 from disk...
imw-darkfeat-nn-kt0p2: 0 match-sets in 0.00s
[Coarse] imw-darkfeat-nn-kt0p2 pair 4: dE=73258.3 m dN=-12396.0 m (from-pair-14, support=None, peak=None) 
imw-darkfeat-nn-kt0p2: Processing pair 4 from disk...
imw-darkfeat-nn-kt0p2: 0 match-sets in 0.00s
[Coarse] imw-darkfeat-nn-kt0p2 pair 5: dE=73258.3 m dN=-12396.0 m (from-pair-14, support=None, peak=None) 
imw-darkfeat-nn-kt0p2: Processing pair 5 from disk...
imw-darkfeat-nn-kt0p2: 0 match-sets in 0.00s
[Coarse] imw-darkfeat-nn-kt0p2 pair 6: dE=73258.3 m dN=-12396.0 m (from-pair-14, support=None, peak=None) 
imw-darkfeat-nn-kt0p2: Processing pair 6 from disk...
imw-darkfeat-nn-kt0p2: 0 match-sets in 0.00s
[Coarse] imw-darkfeat-nn-kt0p2 pair 7: dE=74025.0 m dN=-13230.0 m (from-pair-25 (phasecorr disagreed), support=None, peak=0.07485453462600708) 
imw-darkfeat-nn-kt0p2: Processing pair 7 from disk...
imw-darkfeat-nn-kt0p2: 0 match-sets in 0.00s
[Coarse] imw-darkfeat-nn-kt0p2 pair 8: dE=74025.0 m dN=-13230.0 m (from-pair-25 (phasecorr disagreed), support=None, peak=0.048964771058824325) 
imw-darkfeat-nn-kt0p2: Processing pair 8 from disk...
imw-darkfeat-nn-kt0p2: 0 match-sets in 0.00s
[Coarse] imw-darkfeat-nn-kt0p2 pair 9: dE=74025.0 m dN=-13230.0 m (from-pair-10, support=None, peak=None) 
imw-darkfeat-nn-kt0p2: Processing pair 9 from disk...
imw-darkfeat-nn-kt0p2: 0 match-sets in 0.00s
[Coarse] imw-darkfeat-nn-kt0p2 pair 10: dE=74025.0 m dN=-13230.0 m (from-pair-25 (phasecorr disagreed), support=None, peak=0.12360441419813369) 
imw-darkfeat-nn-kt0p2: Processing pair 10 from disk...
imw-darkfeat-nn-kt0p2: 0 match-sets in 0.00s
[Coarse] imw-darkfeat-nn-kt0p2 pair 11: dE=74025.0 m dN=-13230.0 m (from-pair-8, support=None, peak=None) 
imw-darkfeat-nn-kt0p2: Processing pair 11 from disk...
imw-darkfeat-nn-kt0p2: 0 match-sets in 0.00s
[Coarse] imw-darkfeat-nn-kt0p2 pair 12: dE=73258.3 m dN=-12396.0 m (from-pair-14, support=None, peak=None) 
imw-darkfeat-nn-kt0p2: Processing pair 12 from disk...
imw-darkfeat-nn-kt0p2: 1 match-sets in 0.21s
[Coarse] imw-darkfeat-nn-kt0p2 pair 13: dE=73258.3 m dN=-12396.0 m (from-pair-14, support=None, peak=None) 
imw-darkfeat-nn-kt0p2: Processing pair 13 from disk...
imw-darkfeat-nn-kt0p2: 1 match-sets in 0.19s
[Coarse] imw-darkfeat-nn-kt0p2 pair 14: dE=73258.3 m dN=-12396.0 m (phasecorr@315m, support=None, peak=0.0750410366821289) 
imw-darkfeat-nn-kt0p2: Processing pair 14 from disk...
imw-darkfeat-nn-kt0p2: 1 match-sets in 0.22s
[Coarse] imw-darkfeat-nn-kt0p2 pair 15: dE=73258.3 m dN=-12396.0 m (from-pair-14, support=None, peak=None) 
imw-darkfeat-nn-kt0p2: Processing pair 15 from disk...
imw-darkfeat-nn-kt0p2: 1 match-sets in 0.32s
[Coarse] imw-darkfeat-nn-kt0p2 pair 16: dE=73258.3 m dN=-12396.0 m (from-pair-14, support=None, peak=None) 
imw-darkfeat-nn-kt0p2: Processing pair 16 from disk...
imw-darkfeat-nn-kt0p2: 1 match-sets in 0.25s
[Coarse] imw-darkfeat-nn-kt0p2 pair 17: dE=73258.3 m dN=-12396.0 m (from-pair-14, support=None, peak=None) 
imw-darkfeat-nn-kt0p2: Processing pair 17 from disk...
imw-darkfeat-nn-kt0p2: 1 match-sets in 0.25s
[Coarse] imw-darkfeat-nn-kt0p2 pair 18: dE=73258.3 m dN=-12396.0 m (from-pair-14, support=None, peak=None) 
imw-darkfeat-nn-kt0p2: Processing pair 18 from disk...
imw-darkfeat-nn-kt0p2: 1 match-sets in 0.18s
[Coarse] imw-darkfeat-nn-kt0p2 pair 19: dE=73258.3 m dN=-12396.0 m (from-pair-14, support=None, peak=None) 
imw-darkfeat-nn-kt0p2: Processing pair 19 from disk...
imw-darkfeat-nn-kt0p2: 1 match-sets in 0.16s
[Coarse] imw-darkfeat-nn-kt0p2 pair 20: dE=73258.3 m dN=-12396.0 m (from-pair-14, support=None, peak=None) 
imw-darkfeat-nn-kt0p2: Processing pair 20 from disk...
imw-darkfeat-nn-kt0p2: 1 match-sets in 0.15s
[Coarse] imw-darkfeat-nn-kt0p2 pair 21: dE=74025.0 m dN=-13230.0 m (from-pair-25 (phasecorr disagreed), support=None, peak=0.03061729173699524) 
imw-darkfeat-nn-kt0p2: Processing pair 21 from disk...
imw-darkfeat-nn-kt0p2: 0 match-sets in 0.00s
[Coarse] imw-darkfeat-nn-kt0p2 pair 22: dE=74025.0 m dN=-13230.0 m (from-pair-21, support=None, peak=None) 
imw-darkfeat-nn-kt0p2: Processing pair 22 from disk...
imw-darkfeat-nn-kt0p2: 0 match-sets in 0.00s
[Coarse] imw-darkfeat-nn-kt0p2 pair 23: dE=74025.0 m dN=-13230.0 m (from-pair-21, support=None, peak=None) 
imw-darkfeat-nn-kt0p2: Processing pair 23 from disk...
imw-darkfeat-nn-kt0p2: 0 match-sets in 0.00s
[Coarse] imw-darkfeat-nn-kt0p2 pair 24: dE=74025.0 m dN=-13230.0 m (from-pair-25, support=None, peak=None) 
imw-darkfeat-nn-kt0p2: Processing pair 24 from disk...
imw-darkfeat-nn-kt0p2: 1 match-sets in 0.38s
[Coarse] imw-darkfeat-nn-kt0p2 pair 25: dE=74025.0 m dN=-13230.0 m (matcher@315m, support=22, peak=None) 
imw-darkfeat-nn-kt0p2: Processing pair 25 from disk...
imw-darkfeat-nn-kt0p2: 1 match-sets in 0.34s
[Coarse] imw-darkfeat-nn-kt0p2 pair 26: dE=74025.0 m dN=-13230.0 m (from-pair-25, support=None, peak=None) 
imw-darkfeat-nn-kt0p2: Processing pair 26 from disk...
imw-darkfeat-nn-kt0p2: 1 match-sets in 0.35s
[Coarse] imw-darkfeat-nn-kt0p2 pair 27: dE=74025.0 m dN=-13230.0 m (from-pair-25, support=None, peak=None) 
imw-darkfeat-nn-kt0p2: Processing pair 27 from disk...
imw-darkfeat-nn-kt0p2: 1 match-sets in 0.41s
[Coarse] imw-darkfeat-nn-kt0p2 pair 28: dE=74025.0 m dN=-13230.0 m (from-pair-25, support=None, peak=None) 
imw-darkfeat-nn-kt0p2: Processing pair 28 from disk...
imw-darkfeat-nn-kt0p2: 1 match-sets in 0.39s
[Coarse] imw-darkfeat-nn-kt0p2 pair 29: dE=74025.0 m dN=-13230.0 m (from-pair-25, support=None, peak=None) 
imw-darkfeat-nn-kt0p2: Processing pair 29 from disk...
imw-darkfeat-nn-kt0p2: 1 match-sets in 0.30s
[Coarse] imw-darkfeat-nn-kt0p2 pair 30: dE=74025.0 m dN=-13230.0 m (from-pair-31, support=None, peak=None) 
imw-darkfeat-nn-kt0p2: Processing pair 30 from disk...
imw-darkfeat-nn-kt0p2: 0 match-sets in 0.00s
[Coarse] imw-darkfeat-nn-kt0p2 pair 31: dE=74025.0 m dN=-13230.0 m (from-pair-25 (phasecorr disagreed), support=None, peak=0.11020252078648948) 
imw-darkfeat-nn-kt0p2: Processing pair 31 from disk...
imw-darkfeat-nn-kt0p2: 0 match-sets in 0.00s
[Coarse] imw-darkfeat-nn-kt0p2 pair 32: dE=76860.0 m dN=-18270.0 m (from-pair-33, support=None, peak=None) 
imw-darkfeat-nn-kt0p2: Processing pair 32 from disk...
imw-darkfeat-nn-kt0p2: 1 match-sets in 0.41s
[Coarse] imw-darkfeat-nn-kt0p2 pair 33: dE=76860.0 m dN=-18270.0 m (matcher@315m, support=26, peak=None) 
imw-darkfeat-nn-kt0p2: Processing pair 33 from disk...
imw-darkfeat-nn-kt0p2: 1 match-sets in 0.35s
[Coarse] imw-darkfeat-nn-kt0p2 pair 34: dE=76860.0 m dN=-18270.0 m (matcher@315m, support=21, peak=None) 
imw-darkfeat-nn-kt0p2: Processing pair 34 from disk...
imw-darkfeat-nn-kt0p2: 1 match-sets in 0.36s
[Coarse] imw-darkfeat-nn-kt0p2 pair 35: dE=75568.1 m dN=-15961.2 m (phasecorr@315m, support=None, peak=0.0629165448612637) 
imw-darkfeat-nn-kt0p2: Processing pair 35 from disk...
imw-darkfeat-nn-kt0p2: 1 match-sets in 0.32s
[Coarse] imw-darkfeat-nn-kt0p2 pair 36: dE=75568.1 m dN=-15961.2 m (from-pair-35, support=None, peak=None) 
imw-darkfeat-nn-kt0p2: Processing pair 36 from disk...
imw-darkfeat-nn-kt0p2: 1 match-sets in 0.18s
[Coarse] imw-darkfeat-nn-kt0p2 pair 37: dE=75568.1 m dN=-15961.2 m (from-pair-35, support=None, peak=None) 
imw-darkfeat-nn-kt0p2: Processing pair 37 from disk...
imw-darkfeat-nn-kt0p2: 1 match-sets in 0.16s
[Coarse] imw-darkfeat-nn-kt0p2 pair 38: dE=76860.0 m dN=-18270.0 m (from-pair-39, support=None, peak=None) 
imw-darkfeat-nn-kt0p2: Processing pair 38 from disk...
imw-darkfeat-nn-kt0p2: 0 match-sets in 0.00s
[Coarse] imw-darkfeat-nn-kt0p2 pair 39: dE=76860.0 m dN=-18270.0 m (from-pair-40 (phasecorr disagreed), support=None, peak=0.37484617568828443) 
imw-darkfeat-nn-kt0p2: Processing pair 39 from disk...
imw-darkfeat-nn-kt0p2: 0 match-sets in 0.00s
[Coarse] imw-darkfeat-nn-kt0p2 pair 40: dE=76860.0 m dN=-18270.0 m (matcher@315m, support=46, peak=None) 
imw-darkfeat-nn-kt0p2: Processing pair 40 from disk...
imw-darkfeat-nn-kt0p2: 1 match-sets in 0.16s
[Coarse] imw-darkfeat-nn-kt0p2 pair 41: dE=76860.0 m dN=-18270.0 m (matcher@315m, support=45, peak=None) 
imw-darkfeat-nn-kt0p2: Processing pair 41 from disk...
imw-darkfeat-nn-kt0p2: 1 match-sets in 0.14s
[Coarse] imw-darkfeat-nn-kt0p2 pair 42: dE=76860.0 m dN=-18112.5 m (matcher@315m, support=12, peak=None) 
imw-darkfeat-nn-kt0p2: Processing pair 42 from disk...
imw-darkfeat-nn-kt0p2: 1 match-sets in 0.19s
[Coarse] imw-darkfeat-nn-kt0p2 pair 43: dE=76860.0 m dN=-18112.5 m (from-pair-42, support=None, peak=None) 
imw-darkfeat-nn-kt0p2: Processing pair 43 from disk...
imw-darkfeat-nn-kt0p2: 1 match-sets in 0.16s
[Coarse] imw-darkfeat-nn-kt0p2 pair 44: dE=76860.0 m dN=-18112.5 m (from-pair-42 (phasecorr disagreed), support=None, peak=0.060047009852197436) 
imw-darkfeat-nn-kt0p2: Processing pair 44 from disk...
imw-darkfeat-nn-kt0p2: 0 match-sets in 0.00s
[Coarse] imw-darkfeat-nn-kt0p2 pair 45: dE=76860.0 m dN=-18112.5 m (from-pair-42 (phasecorr disagreed), support=None, peak=0.062489196923861616) 
imw-darkfeat-nn-kt0p2: Processing pair 45 from disk...
imw-darkfeat-nn-kt0p2: 0 match-sets in 0.00s
Saved:
 CHIP_STATS_ALL.csv
 CHIP_STATS_SURVIVORS.csv
 CONSENSUS_SCORES.csv
 BEST_CHIP_SET.csv
 BEST_CHIP_MANIFEST.csv
 BEST_FINAL_SUMMARY.csv
[band3] imw-darkfeat-nn-kt0p2 ok in 0.4 min, peak GPU memory 1.2 of 15.6 GB
[imw-darkfeat-nn] Model unloaded.
--------------------------------------------------------------------------------
[band3] Running imw-lanet-nn-kt0p2
[imw-lanet-nn] Loading model...
[Coarse] pair 1: no reliable coarse offset (matcher: no matches; phasecorr: {'dx': 72221.31426491275, 'dy': -10662.850823270848, 'support': None, 'n': None, 'peak': 0.02032967514970684}); windows compared in place
[Coarse] pair 2: no reliable coarse offset (matcher: no matches; phasecorr: {'dx': 65394.283402378176, 'dy': -25649.46980266543, 'support': None, 'n': None, 'peak': 0.022622975002173116}); windows compared in place
[Coarse] pair 3: no reliable coarse offset (matcher: no matches; phasecorr: {'dx': -84951.32174473844, 'dy': -16333.25546038059, 'support': None, 'n': None, 'peak': 0.023098598562204843}); windows compared in place
[Coarse] pair 4: no reliable coarse offset (matcher: no matches; phasecorr: {'dx': -71296.19311950017, 'dy': -18548.86611268403, 'support': None, 'n': None, 'peak': 0.02308651422222401}); windows compared in place
[Coarse] pair 5: no reliable coarse offset (matcher: {'dx': -75958.07722091675, 'dy': 90450.75805664062, 'support': 2, 'n': 3, 'peak': None}; phasecorr: {'dx': -66471.0041660463, 'dy': 19677.698496104596, 'support': None, 'n': None, 'peak': 0.0007051175513875827}); windows compared in place
[Coarse] pair 6: no reliable coarse offset (matcher: {'dx': -50318.098125457764, 'dy': 89224.94682312012, 'support': 2, 'n': 3, 'peak': None}; phasecorr: {'dx': -63117.55771771344, 'dy': 45344.79793689909, 'support': None, 'n': None, 'peak': 0.016527041937588666}); windows compared in place
[Coarse] pair 9: no reliable coarse offset (matcher: {'dx': -51155.45253753662, 'dy': -99250.16047239304, 'support': 2, 'n': 5, 'peak': None}; phasecorr: {'dx': -16699.175274071407, 'dy': 24436.94053537555, 'support': None, 'n': None, 'peak': -0.010903077867296006}); windows compared in place
[Coarse] pair 11: no reliable coarse offset (matcher: {'dx': -45768.43391418457, 'dy': -93139.23494338989, 'support': 3, 'n': 5, 'peak': None}; phasecorr: {'dx': -17156.568569433253, 'dy': 26769.77008011288, 'support': None, 'n': None, 'peak': -0.005567667855156793}); windows compared in place
[Coarse] pair 12: no reliable coarse offset (matcher: no matches; phasecorr: {'dx': -54138.7373906018, 'dy': -62739.11738734777, 'support': None, 'n': None, 'peak': 0.019588654039171007}); windows compared in place
[Coarse] pair 13: no reliable coarse offset (matcher: {'dx': -20824.087829589844, 'dy': -90417.22778320312, 'support': 3, 'n': 4, 'peak': None}; phasecorr: {'dx': -3843.534072827219, 'dy': -91640.0194769223, 'support': None, 'n': None, 'peak': 0.015414013681642857}); windows compared in place
[Coarse] pair 15: no reliable coarse offset (matcher: {'dx': -67566.82708740234, 'dy': -3873.1407165527344, 'support': 2, 'n': 7, 'peak': None}; phasecorr: {'dx': -94939.8559147267, 'dy': -82659.23661442024, 'support': None, 'n': None, 'peak': 0.008939644289605411}); windows compared in place
[Coarse] pair 16: no reliable coarse offset (matcher: no matches; phasecorr: {'dx': -60639.28459076655, 'dy': -33832.56066827953, 'support': None, 'n': None, 'peak': 0.007406430218281896}); windows compared in place
[Coarse] pair 17: no reliable coarse offset (matcher: {'dx': -36333.32931518555, 'dy': -35548.58585357666, 'support': 2, 'n': 6, 'peak': None}; phasecorr: {'dx': -75606.28869913492, 'dy': -40258.11314932236, 'support': None, 'n': None, 'peak': 0.002259464960529971}); windows compared in place
[Coarse] pair 18: no reliable coarse offset (matcher: {'dx': -97159.62936401367, 'dy': 48787.12944030762, 'support': 3, 'n': 5, 'peak': None}; phasecorr: {'dx': -47574.86505103309, 'dy': 30736.089922927127, 'support': None, 'n': None, 'peak': -0.005526255078658046}); windows compared in place
[Coarse] pair 19: no reliable coarse offset (matcher: no matches; phasecorr: {'dx': -134048.08681427932, 'dy': 22202.75100943282, 'support': None, 'n': None, 'peak': 0.01199757972153889}); windows compared in place
[Coarse] pair 20: no reliable coarse offset (matcher: {'dx': -62462.227478027344, 'dy': 52886.73228263855, 'support': 2, 'n': 4, 'peak': None}; phasecorr: {'dx': -51737.17622911178, 'dy': 31055.668515360256, 'support': None, 'n': None, 'peak': -0.013213375402903196}); windows compared in place
[Coarse] pair 22: no reliable coarse offset (matcher: {'dx': 18105.43441772461, 'dy': -99850.38213729858, 'support': 3, 'n': 4, 'peak': None}; phasecorr: {'dx': -22501.36818549658, 'dy': 56480.21235681643, 'support': None, 'n': None, 'peak': -0.0038632059607486176}); windows compared in place
[Coarse] pair 23: no reliable coarse offset (matcher: {'dx': 18175.912399291992, 'dy': -99703.80975723267, 'support': 3, 'n': 5, 'peak': None}; phasecorr: {'dx': -38768.62470648129, 'dy': 60272.71480887387, 'support': None, 'n': None, 'peak': 0.018053494174784593}); windows compared in place
[Coarse] pair 24: no reliable coarse offset (matcher: no matches; phasecorr: {'dx': 5060.875137458928, 'dy': -132702.46963164263, 'support': None, 'n': None, 'peak': 0.004566593000623915}); windows compared in place
[Coarse] pair 25: no reliable coarse offset (matcher: no matches; phasecorr: {'dx': 19115.97600195751, 'dy': -87876.18077077619, 'support': None, 'n': None, 'peak': 0.014515514945983887}); windows compared in place
[Coarse] pair 26: no reliable coarse offset (matcher: no matches; phasecorr: {'dx': -25110.617324353138, 'dy': -110321.271036598, 'support': None, 'n': None, 'peak': 0.028688357883029515}); windows compared in place
[Coarse] pair 27: no reliable coarse offset (matcher: {'dx': -85460.1498413086, 'dy': 64479.45602416992, 'support': 1, 'n': 5, 'peak': None}; phasecorr: {'dx': -24618.815192443915, 'dy': -51702.316299651786, 'support': None, 'n': None, 'peak': 0.024773373663302803}); windows compared in place
[Coarse] pair 28: no reliable coarse offset (matcher: {'dx': -97235.1830291748, 'dy': 14125.122756958008, 'support': 2, 'n': 5, 'peak': None}; phasecorr: {'dx': -34345.520193795004, 'dy': -31836.47230271583, 'support': None, 'n': None, 'peak': 0.007815724782982971}); windows compared in place
[Coarse] pair 29: no reliable coarse offset (matcher: no matches; phasecorr: {'dx': -23015.789594526494, 'dy': 27033.23829875427, 'support': None, 'n': None, 'peak': -0.010339975127467402}); windows compared in place
[Coarse] pair 30: no reliable coarse offset (matcher: {'dx': -42552.25115776062, 'dy': -93514.0184211731, 'support': 2, 'n': 6, 'peak': None}; phasecorr: {'dx': 44341.741084490575, 'dy': 33964.32140920293, 'support': None, 'n': None, 'peak': 0.012143600762135697}); windows compared in place
[Coarse] pair 32: no reliable coarse offset (matcher: no matches; phasecorr: {'dx': 76928.68966913699, 'dy': -17747.191922768525, 'support': None, 'n': None, 'peak': 0.018933949931462607}); windows compared in place
[Coarse] pair 33: no reliable coarse offset (matcher: no matches; phasecorr: {'dx': 76984.7825803246, 'dy': -17783.154749211222, 'support': None, 'n': None, 'peak': 0.01788282951116562}); windows compared in place
[Coarse] pair 36: no reliable coarse offset (matcher: no matches; phasecorr: {'dx': 19637.281743784188, 'dy': 28659.270855444367, 'support': None, 'n': None, 'peak': 0.011020430701750296}); windows compared in place
[Coarse] pair 37: no reliable coarse offset (matcher: no matches; phasecorr: {'dx': 7507.0015977467065, 'dy': 32833.49977892313, 'support': None, 'n': None, 'peak': 0.0048901353058991605}); windows compared in place
[Coarse] pair 38: no reliable coarse offset (matcher: {'dx': 27742.30104446411, 'dy': -100204.93077278137, 'support': 1, 'n': 3, 'peak': None}; phasecorr: {'dx': 23247.53686111282, 'dy': 17041.62175906921, 'support': None, 'n': None, 'peak': 0.019549365950219427}); windows compared in place
[Coarse] pair 43: no reliable coarse offset (matcher: no matches; phasecorr: {'dx': 59869.22805112187, 'dy': -96325.01557673489, 'support': None, 'n': None, 'peak': 0.00793376685672336}); windows compared in place
[Coarse] WARNING: imw-lanet-nn-kt0p2: the pairs' coarse offsets differ by up to 148 km, more than one image moves from place to place. Pairs with a wrong offset match the wrong ground (the chip consensus drops them when they are few); if most pairs disagree, check the input's pixel size and window size.
[Coarse] imw-lanet-nn-kt0p2 pair 1: dE=-30060.9 m dN=24674.4 m (from-pair-7, support=None, peak=None) 
imw-lanet-nn-kt0p2: Processing pair 1 from disk...
imw-lanet-nn-kt0p2: 0 match-sets in 0.00s
[Coarse] imw-lanet-nn-kt0p2 pair 2: dE=-30060.9 m dN=24674.4 m (from-pair-7, support=None, peak=None) 
imw-lanet-nn-kt0p2: Processing pair 2 from disk...
imw-lanet-nn-kt0p2: 0 match-sets in 0.00s
[Coarse] imw-lanet-nn-kt0p2 pair 3: dE=73258.3 m dN=-12396.0 m (from-pair-14, support=None, peak=None) 
imw-lanet-nn-kt0p2: Processing pair 3 from disk...
imw-lanet-nn-kt0p2: 0 match-sets in 0.00s
[Coarse] imw-lanet-nn-kt0p2 pair 4: dE=73258.3 m dN=-12396.0 m (from-pair-14, support=None, peak=None) 
imw-lanet-nn-kt0p2: Processing pair 4 from disk...
imw-lanet-nn-kt0p2: 0 match-sets in 0.00s
[Coarse] imw-lanet-nn-kt0p2 pair 5: dE=73258.3 m dN=-12396.0 m (from-pair-14, support=None, peak=None) 
imw-lanet-nn-kt0p2: Processing pair 5 from disk...
imw-lanet-nn-kt0p2: 0 match-sets in 0.00s
[Coarse] imw-lanet-nn-kt0p2 pair 6: dE=73258.3 m dN=-12396.0 m (from-pair-14, support=None, peak=None) 
imw-lanet-nn-kt0p2: Processing pair 6 from disk...
imw-lanet-nn-kt0p2: 0 match-sets in 0.00s
[Coarse] imw-lanet-nn-kt0p2 pair 7: dE=-30060.9 m dN=24674.4 m (phasecorr@315m, support=None, peak=0.07485453462600708) 
imw-lanet-nn-kt0p2: Processing pair 7 from disk...
imw-lanet-nn-kt0p2: 0 match-sets in 0.00s
[Coarse] imw-lanet-nn-kt0p2 pair 8: dE=-34085.2 m dN=23031.2 m (phasecorr@315m, support=None, peak=0.048964771058824325) 
imw-lanet-nn-kt0p2: Processing pair 8 from disk...
imw-lanet-nn-kt0p2: 0 match-sets in 0.00s
[Coarse] imw-lanet-nn-kt0p2 pair 9: dE=-35432.1 m dN=24320.0 m (from-pair-10, support=None, peak=None) 
imw-lanet-nn-kt0p2: Processing pair 9 from disk...
imw-lanet-nn-kt0p2: 0 match-sets in 0.00s
[Coarse] imw-lanet-nn-kt0p2 pair 10: dE=-35432.1 m dN=24320.0 m (phasecorr@315m, support=None, peak=0.12360441419813369) 
imw-lanet-nn-kt0p2: Processing pair 10 from disk...
imw-lanet-nn-kt0p2: 0 match-sets in 0.00s
[Coarse] imw-lanet-nn-kt0p2 pair 11: dE=-34085.2 m dN=23031.2 m (from-pair-8, support=None, peak=None) 
imw-lanet-nn-kt0p2: Processing pair 11 from disk...
imw-lanet-nn-kt0p2: 0 match-sets in 0.00s
[Coarse] imw-lanet-nn-kt0p2 pair 12: dE=73258.3 m dN=-12396.0 m (from-pair-14, support=None, peak=None) 
imw-lanet-nn-kt0p2: Processing pair 12 from disk...
imw-lanet-nn-kt0p2: 1 match-sets in 0.22s
[Coarse] imw-lanet-nn-kt0p2 pair 13: dE=73258.3 m dN=-12396.0 m (from-pair-14, support=None, peak=None) 
imw-lanet-nn-kt0p2: Processing pair 13 from disk...
imw-lanet-nn-kt0p2: 1 match-sets in 0.16s
[Coarse] imw-lanet-nn-kt0p2 pair 14: dE=73258.3 m dN=-12396.0 m (phasecorr@315m, support=None, peak=0.0750410366821289) 
imw-lanet-nn-kt0p2: Processing pair 14 from disk...
imw-lanet-nn-kt0p2: 1 match-sets in 0.18s
[Coarse] imw-lanet-nn-kt0p2 pair 15: dE=73258.3 m dN=-12396.0 m (from-pair-14, support=None, peak=None) 
imw-lanet-nn-kt0p2: Processing pair 15 from disk...
imw-lanet-nn-kt0p2: 1 match-sets in 0.24s
[Coarse] imw-lanet-nn-kt0p2 pair 16: dE=73258.3 m dN=-12396.0 m (from-pair-14, support=None, peak=None) 
imw-lanet-nn-kt0p2: Processing pair 16 from disk...
imw-lanet-nn-kt0p2: 1 match-sets in 0.22s
[Coarse] imw-lanet-nn-kt0p2 pair 17: dE=73258.3 m dN=-12396.0 m (from-pair-14, support=None, peak=None) 
imw-lanet-nn-kt0p2: Processing pair 17 from disk...
imw-lanet-nn-kt0p2: 1 match-sets in 0.19s
[Coarse] imw-lanet-nn-kt0p2 pair 18: dE=73258.3 m dN=-12396.0 m (from-pair-14, support=None, peak=None) 
imw-lanet-nn-kt0p2: Processing pair 18 from disk...
imw-lanet-nn-kt0p2: 1 match-sets in 0.14s
[Coarse] imw-lanet-nn-kt0p2 pair 19: dE=73258.3 m dN=-12396.0 m (from-pair-14, support=None, peak=None) 
imw-lanet-nn-kt0p2: Processing pair 19 from disk...
imw-lanet-nn-kt0p2: 1 match-sets in 0.12s
[Coarse] imw-lanet-nn-kt0p2 pair 20: dE=73258.3 m dN=-12396.0 m (from-pair-14, support=None, peak=None) 
imw-lanet-nn-kt0p2: Processing pair 20 from disk...
imw-lanet-nn-kt0p2: 1 match-sets in 0.12s
[Coarse] imw-lanet-nn-kt0p2 pair 21: dE=-34651.5 m dN=64354.3 m (phasecorr@315m, support=None, peak=0.03061729173699524) 
imw-lanet-nn-kt0p2: Processing pair 21 from disk...
imw-lanet-nn-kt0p2: 0 match-sets in 0.00s
[Coarse] imw-lanet-nn-kt0p2 pair 22: dE=-34651.5 m dN=64354.3 m (from-pair-21, support=None, peak=None) 
imw-lanet-nn-kt0p2: Processing pair 22 from disk...
imw-lanet-nn-kt0p2: 0 match-sets in 0.00s
[Coarse] imw-lanet-nn-kt0p2 pair 23: dE=-34651.5 m dN=64354.3 m (from-pair-21, support=None, peak=None) 
imw-lanet-nn-kt0p2: Processing pair 23 from disk...
imw-lanet-nn-kt0p2: 0 match-sets in 0.00s
[Coarse] imw-lanet-nn-kt0p2 pair 24: dE=75555.3 m dN=-16017.9 m (from-pair-34, support=None, peak=None) 
imw-lanet-nn-kt0p2: Processing pair 24 from disk...
imw-lanet-nn-kt0p2: 1 match-sets in 0.28s
[Coarse] imw-lanet-nn-kt0p2 pair 25: dE=75555.3 m dN=-16017.9 m (from-pair-34, support=None, peak=None) 
imw-lanet-nn-kt0p2: Processing pair 25 from disk...
imw-lanet-nn-kt0p2: 1 match-sets in 0.25s
[Coarse] imw-lanet-nn-kt0p2 pair 26: dE=75555.3 m dN=-16017.9 m (from-pair-34, support=None, peak=None) 
imw-lanet-nn-kt0p2: Processing pair 26 from disk...
imw-lanet-nn-kt0p2: 1 match-sets in 0.26s
[Coarse] imw-lanet-nn-kt0p2 pair 27: dE=75555.3 m dN=-16017.9 m (from-pair-34, support=None, peak=None) 
imw-lanet-nn-kt0p2: Processing pair 27 from disk...
imw-lanet-nn-kt0p2: 1 match-sets in 0.30s
[Coarse] imw-lanet-nn-kt0p2 pair 28: dE=75555.3 m dN=-16017.9 m (from-pair-34, support=None, peak=None) 
imw-lanet-nn-kt0p2: Processing pair 28 from disk...
imw-lanet-nn-kt0p2: 1 match-sets in 0.33s
[Coarse] imw-lanet-nn-kt0p2 pair 29: dE=75555.3 m dN=-16017.9 m (from-pair-34, support=None, peak=None) 
imw-lanet-nn-kt0p2: Processing pair 29 from disk...
imw-lanet-nn-kt0p2: 0 match-sets in 0.01s
[Coarse] imw-lanet-nn-kt0p2 pair 30: dE=29320.3 m dN=32717.6 m (from-pair-31, support=None, peak=None) 
imw-lanet-nn-kt0p2: Processing pair 30 from disk...
imw-lanet-nn-kt0p2: 0 match-sets in 0.00s
[Coarse] imw-lanet-nn-kt0p2 pair 31: dE=29320.3 m dN=32717.6 m (phasecorr@315m, support=None, peak=0.11020252078648948) 
imw-lanet-nn-kt0p2: Processing pair 31 from disk...
imw-lanet-nn-kt0p2: 0 match-sets in 0.00s
[Coarse] imw-lanet-nn-kt0p2 pair 32: dE=75555.3 m dN=-16017.9 m (from-pair-34, support=None, peak=None) 
imw-lanet-nn-kt0p2: Processing pair 32 from disk...
imw-lanet-nn-kt0p2: 1 match-sets in 0.26s
[Coarse] imw-lanet-nn-kt0p2 pair 33: dE=75555.3 m dN=-16017.9 m (from-pair-34, support=None, peak=None) 
imw-lanet-nn-kt0p2: Processing pair 33 from disk...
imw-lanet-nn-kt0p2: 1 match-sets in 0.24s
[Coarse] imw-lanet-nn-kt0p2 pair 34: dE=75555.3 m dN=-16017.9 m (phasecorr@315m, support=None, peak=0.06293188095092773) 
imw-lanet-nn-kt0p2: Processing pair 34 from disk...
imw-lanet-nn-kt0p2: 1 match-sets in 0.23s
[Coarse] imw-lanet-nn-kt0p2 pair 35: dE=75568.1 m dN=-15961.2 m (phasecorr@315m, support=None, peak=0.0629165448612637) 
imw-lanet-nn-kt0p2: Processing pair 35 from disk...
imw-lanet-nn-kt0p2: 1 match-sets in 0.23s
[Coarse] imw-lanet-nn-kt0p2 pair 36: dE=75568.1 m dN=-15961.2 m (from-pair-35, support=None, peak=None) 
imw-lanet-nn-kt0p2: Processing pair 36 from disk...
imw-lanet-nn-kt0p2: 1 match-sets in 0.16s
[Coarse] imw-lanet-nn-kt0p2 pair 37: dE=75568.1 m dN=-15961.2 m (from-pair-35, support=None, peak=None) 
imw-lanet-nn-kt0p2: Processing pair 37 from disk...
imw-lanet-nn-kt0p2: 1 match-sets in 0.14s
[Coarse] imw-lanet-nn-kt0p2 pair 38: dE=10133.5 m dN=16958.4 m (from-pair-39, support=None, peak=None) 
imw-lanet-nn-kt0p2: Processing pair 38 from disk...
imw-lanet-nn-kt0p2: 0 match-sets in 0.00s
[Coarse] imw-lanet-nn-kt0p2 pair 39: dE=10133.5 m dN=16958.4 m (phasecorr@315m, support=None, peak=0.37484617568828443) 
imw-lanet-nn-kt0p2: Processing pair 39 from disk...
imw-lanet-nn-kt0p2: 0 match-sets in 0.00s
[Coarse] imw-lanet-nn-kt0p2 pair 40: dE=76842.6 m dN=-18012.8 m (phasecorr@315m, support=None, peak=0.16032237420847387) 
imw-lanet-nn-kt0p2: Processing pair 40 from disk...
imw-lanet-nn-kt0p2: 1 match-sets in 0.15s
[Coarse] imw-lanet-nn-kt0p2 pair 41: dE=76821.7 m dN=-17970.8 m (phasecorr@315m, support=None, peak=0.1293754681834468) 
imw-lanet-nn-kt0p2: Processing pair 41 from disk...
imw-lanet-nn-kt0p2: 1 match-sets in 0.12s
[Coarse] imw-lanet-nn-kt0p2 pair 42: dE=71418.1 m dN=-83226.9 m (phasecorr@315m, support=None, peak=0.04043954435560439) 
imw-lanet-nn-kt0p2: Processing pair 42 from disk...
imw-lanet-nn-kt0p2: 1 match-sets in 0.13s
[Coarse] imw-lanet-nn-kt0p2 pair 43: dE=71418.1 m dN=-83226.9 m (from-pair-42, support=None, peak=None) 
imw-lanet-nn-kt0p2: Processing pair 43 from disk...
imw-lanet-nn-kt0p2: 1 match-sets in 0.10s
[Coarse] imw-lanet-nn-kt0p2 pair 44: dE=-66700.2 m dN=27164.4 m (phasecorr@315m, support=None, peak=0.060047009852197436) 
imw-lanet-nn-kt0p2: Processing pair 44 from disk...
imw-lanet-nn-kt0p2: 0 match-sets in 0.00s
[Coarse] imw-lanet-nn-kt0p2 pair 45: dE=-65468.5 m dN=11952.3 m (phasecorr@315m, support=None, peak=0.062489196923861616) 
imw-lanet-nn-kt0p2: Processing pair 45 from disk...
imw-lanet-nn-kt0p2: 0 match-sets in 0.00s
Saved:
 CHIP_STATS_ALL.csv
 CHIP_STATS_SURVIVORS.csv
 CONSENSUS_SCORES.csv
 BEST_CHIP_SET.csv
 BEST_CHIP_MANIFEST.csv
 BEST_FINAL_SUMMARY.csv
[band3] imw-lanet-nn-kt0p2 ok in 0.3 min, peak GPU memory 0.8 of 15.6 GB
[imw-lanet-nn] Model unloaded.
--------------------------------------------------------------------------------
[band3] Running imw-minima-loftr
[imw-minima-loftr] Loading model...
[Coarse] pair 1: no reliable coarse offset (matcher: no matches; phasecorr: {'dx': 72221.31426491275, 'dy': -10662.850823270848, 'support': None, 'n': None, 'peak': 0.02032967514970684}); windows compared in place
[Coarse] pair 2: no reliable coarse offset (matcher: no matches; phasecorr: {'dx': 65394.283402378176, 'dy': -25649.46980266543, 'support': None, 'n': None, 'peak': 0.022622975002173116}); windows compared in place
[Coarse] pair 3: no reliable coarse offset (matcher: {'dx': -96680.87368011475, 'dy': 6382.467842102051, 'support': 6, 'n': 14, 'peak': None}; phasecorr: {'dx': -84951.32174473844, 'dy': -16333.25546038059, 'support': None, 'n': None, 'peak': 0.023098598562204843}); windows compared in place
[Coarse] pair 4: no reliable coarse offset (matcher: no matches; phasecorr: {'dx': -71296.19311950017, 'dy': -18548.86611268403, 'support': None, 'n': None, 'peak': 0.02308651422222401}); windows compared in place
[Coarse] pair 5: no reliable coarse offset (matcher: {'dx': -88604.92155075073, 'dy': 66018.33503723145, 'support': 3, 'n': 3, 'peak': None}; phasecorr: {'dx': -66471.0041660463, 'dy': 19677.698496104596, 'support': None, 'n': None, 'peak': 0.0007051175513875827}); windows compared in place
[Coarse] pair 6: no reliable coarse offset (matcher: no matches; phasecorr: {'dx': -63117.55771771344, 'dy': 45344.79793689909, 'support': None, 'n': None, 'peak': 0.016527041937588666}); windows compared in place
[Coarse] pair 9: no reliable coarse offset (matcher: no matches; phasecorr: {'dx': -16699.175274071407, 'dy': 24436.94053537555, 'support': None, 'n': None, 'peak': -0.010903077867296006}); windows compared in place
[Coarse] pair 11: no reliable coarse offset (matcher: no matches; phasecorr: {'dx': -17156.568569433253, 'dy': 26769.77008011288, 'support': None, 'n': None, 'peak': -0.005567667855156793}); windows compared in place
[Coarse] pair 12: no reliable coarse offset (matcher: no matches; phasecorr: {'dx': -54138.7373906018, 'dy': -62739.11738734777, 'support': None, 'n': None, 'peak': 0.019588654039171007}); windows compared in place
[Coarse] pair 13: no reliable coarse offset (matcher: no matches; phasecorr: {'dx': -3843.534072827219, 'dy': -91640.0194769223, 'support': None, 'n': None, 'peak': 0.015414013681642857}); windows compared in place
[Coarse] pair 16: no reliable coarse offset (matcher: {'dx': -37289.31701660156, 'dy': 26062.145233154297, 'support': 3, 'n': 7, 'peak': None}; phasecorr: {'dx': -60639.28459076655, 'dy': -33832.56066827953, 'support': None, 'n': None, 'peak': 0.007406430218281896}); windows compared in place
[Coarse] pair 17: no reliable coarse offset (matcher: {'dx': -64449.13650512695, 'dy': 43599.64141845703, 'support': 3, 'n': 5, 'peak': None}; phasecorr: {'dx': -75606.28869913492, 'dy': -40258.11314932236, 'support': None, 'n': None, 'peak': 0.002259464960529971}); windows compared in place
[Coarse] pair 18: no reliable coarse offset (matcher: no matches; phasecorr: {'dx': -47574.86505103309, 'dy': 30736.089922927127, 'support': None, 'n': None, 'peak': -0.005526255078658046}); windows compared in place
[Coarse] pair 19: no reliable coarse offset (matcher: no matches; phasecorr: {'dx': -134048.08681427932, 'dy': 22202.75100943282, 'support': None, 'n': None, 'peak': 0.01199757972153889}); windows compared in place
[Coarse] pair 20: no reliable coarse offset (matcher: no matches; phasecorr: {'dx': -51737.17622911178, 'dy': 31055.668515360256, 'support': None, 'n': None, 'peak': -0.013213375402903196}); windows compared in place
[Coarse] pair 22: no reliable coarse offset (matcher: no matches; phasecorr: {'dx': -22501.36818549658, 'dy': 56480.21235681643, 'support': None, 'n': None, 'peak': -0.0038632059607486176}); windows compared in place
[Coarse] pair 23: no reliable coarse offset (matcher: {'dx': 29000.6103515625, 'dy': -99420.36214828491, 'support': 3, 'n': 3, 'peak': None}; phasecorr: {'dx': -38768.62470648129, 'dy': 60272.71480887387, 'support': None, 'n': None, 'peak': 0.018053494174784593}); windows compared in place
[Coarse] pair 24: no reliable coarse offset (matcher: no matches; phasecorr: {'dx': 5060.875137458928, 'dy': -132702.46963164263, 'support': None, 'n': None, 'peak': 0.004566593000623915}); windows compared in place
[Coarse] pair 25: no reliable coarse offset (matcher: {'dx': -51698.293533325195, 'dy': -92573.37432861328, 'support': 3, 'n': 3, 'peak': None}; phasecorr: {'dx': 19115.97600195751, 'dy': -87876.18077077619, 'support': None, 'n': None, 'peak': 0.014515514945983887}); windows compared in place
[Coarse] pair 26: no reliable coarse offset (matcher: {'dx': -91398.27186584473, 'dy': -97044.02297973633, 'support': 1, 'n': 3, 'peak': None}; phasecorr: {'dx': -25110.617324353138, 'dy': -110321.271036598, 'support': None, 'n': None, 'peak': 0.028688357883029515}); windows compared in place
[Coarse] pair 27: no reliable coarse offset (matcher: no matches; phasecorr: {'dx': -24618.815192443915, 'dy': -51702.316299651786, 'support': None, 'n': None, 'peak': 0.024773373663302803}); windows compared in place
[Coarse] pair 28: no reliable coarse offset (matcher: {'dx': -56415.20896911621, 'dy': 33434.65255737305, 'support': 2, 'n': 4, 'peak': None}; phasecorr: {'dx': -34345.520193795004, 'dy': -31836.47230271583, 'support': None, 'n': None, 'peak': 0.007815724782982971}); windows compared in place
[Coarse] pair 29: no reliable coarse offset (matcher: no matches; phasecorr: {'dx': -23015.789594526494, 'dy': 27033.23829875427, 'support': None, 'n': None, 'peak': -0.010339975127467402}); windows compared in place
[Coarse] pair 30: no reliable coarse offset (matcher: {'dx': 53984.514083862305, 'dy': -99381.64924621582, 'support': 4, 'n': 4, 'peak': None}; phasecorr: {'dx': 44341.741084490575, 'dy': 33964.32140920293, 'support': None, 'n': None, 'peak': 0.012143600762135697}); windows compared in place
[Coarse] pair 32: no reliable coarse offset (matcher: no matches; phasecorr: {'dx': 76928.68966913699, 'dy': -17747.191922768525, 'support': None, 'n': None, 'peak': 0.018933949931462607}); windows compared in place
[Coarse] pair 33: no reliable coarse offset (matcher: no matches; phasecorr: {'dx': 76984.7825803246, 'dy': -17783.154749211222, 'support': None, 'n': None, 'peak': 0.01788282951116562}); windows compared in place
[Coarse] pair 36: no reliable coarse offset (matcher: {'dx': 23314.412984848022, 'dy': 85455.00205993652, 'support': 3, 'n': 11, 'peak': None}; phasecorr: {'dx': 19637.281743784188, 'dy': 28659.270855444367, 'support': None, 'n': None, 'peak': 0.011020430701750296}); windows compared in place
[Coarse] pair 37: no reliable coarse offset (matcher: {'dx': 38506.84181213379, 'dy': 95289.69177246094, 'support': 3, 'n': 5, 'peak': None}; phasecorr: {'dx': 7507.0015977467065, 'dy': 32833.49977892313, 'support': None, 'n': None, 'peak': 0.0048901353058991605}); windows compared in place
[Coarse] pair 38: no reliable coarse offset (matcher: no matches; phasecorr: {'dx': 23247.53686111282, 'dy': 17041.62175906921, 'support': None, 'n': None, 'peak': 0.019549365950219427}); windows compared in place
[Coarse] pair 15: the matcher gave dE=-64834 m dN=43539 m on 8 matches, apart from the 7 pairs that agree; using pair 34's (dE=76641 m dN=-17272 m)
[Coarse] pair 7: phase correlation gave dE=-30061 m dN=24674 m, 114.1 km from every offset the matcher measured; using pair 34's (dE=76641 m dN=-17272 m)
[Coarse] pair 8: phase correlation gave dE=-34085 m dN=23031 m, 117.3 km from every offset the matcher measured; using pair 34's (dE=76641 m dN=-17272 m)
[Coarse] pair 10: phase correlation gave dE=-35432 m dN=24320 m, 119.0 km from every offset the matcher measured; using pair 34's (dE=76641 m dN=-17272 m)
[Coarse] pair 14: phase correlation gave dE=73258 m dN=-12396 m, 5.5 km from every offset the matcher measured; using pair 34's (dE=76641 m dN=-17272 m)
[Coarse] pair 21: phase correlation gave dE=-34652 m dN=64354 m, 137.5 km from every offset the matcher measured; using pair 34's (dE=76641 m dN=-17272 m)
[Coarse] pair 31: phase correlation gave dE=29320 m dN=32718 m, 68.4 km from every offset the matcher measured; using pair 34's (dE=76641 m dN=-17272 m)
[Coarse] pair 39: phase correlation gave dE=10133 m dN=16958 m, 74.3 km from every offset the matcher measured; using pair 43's (dE=77372 m dN=-18001 m)
[Coarse] pair 44: phase correlation gave dE=-66700 m dN=27164 m, 149.5 km from every offset the matcher measured; using pair 42's (dE=75957 m dN=-17746 m)
[Coarse] pair 45: phase correlation gave dE=-65469 m dN=11952 m, 144.5 km from every offset the matcher measured; using pair 42's (dE=75957 m dN=-17746 m)
[Coarse] imw-minima-loftr pair 1: dE=76641.2 m dN=-17272.4 m (from-pair-7, support=None, peak=None) 
imw-minima-loftr: Processing pair 1 from disk...
imw-minima-loftr: 0 match-sets in 0.00s
[Coarse] imw-minima-loftr pair 2: dE=76641.2 m dN=-17272.4 m (from-pair-7, support=None, peak=None) 
imw-minima-loftr: Processing pair 2 from disk...
imw-minima-loftr: 0 match-sets in 0.00s
[Coarse] imw-minima-loftr pair 3: dE=76641.2 m dN=-17272.4 m (from-pair-14, support=None, peak=None) 
imw-minima-loftr: Processing pair 3 from disk...
imw-minima-loftr: 0 match-sets in 0.00s
[Coarse] imw-minima-loftr pair 4: dE=76641.2 m dN=-17272.4 m (from-pair-14, support=None, peak=None) 
imw-minima-loftr: Processing pair 4 from disk...
imw-minima-loftr: 0 match-sets in 0.00s
[Coarse] imw-minima-loftr pair 5: dE=76641.2 m dN=-17272.4 m (from-pair-14, support=None, peak=None) 
imw-minima-loftr: Processing pair 5 from disk...
imw-minima-loftr: 0 match-sets in 0.00s
[Coarse] imw-minima-loftr pair 6: dE=76641.2 m dN=-17272.4 m (from-pair-14, support=None, peak=None) 
imw-minima-loftr: Processing pair 6 from disk...
imw-minima-loftr: 0 match-sets in 0.00s
[Coarse] imw-minima-loftr pair 7: dE=76641.2 m dN=-17272.4 m (from-pair-34 (phasecorr disagreed), support=None, peak=0.07485453462600708) 
imw-minima-loftr: Processing pair 7 from disk...
imw-minima-loftr: 0 match-sets in 0.00s
[Coarse] imw-minima-loftr pair 8: dE=76641.2 m dN=-17272.4 m (from-pair-34 (phasecorr disagreed), support=None, peak=0.048964771058824325) 
imw-minima-loftr: Processing pair 8 from disk...
imw-minima-loftr: 0 match-sets in 0.00s
[Coarse] imw-minima-loftr pair 9: dE=76641.2 m dN=-17272.4 m (from-pair-10, support=None, peak=None) 
imw-minima-loftr: Processing pair 9 from disk...
imw-minima-loftr: 0 match-sets in 0.00s
[Coarse] imw-minima-loftr pair 10: dE=76641.2 m dN=-17272.4 m (from-pair-34 (phasecorr disagreed), support=None, peak=0.12360441419813369) 
imw-minima-loftr: Processing pair 10 from disk...
imw-minima-loftr: 0 match-sets in 0.00s
[Coarse] imw-minima-loftr pair 11: dE=76641.2 m dN=-17272.4 m (from-pair-8, support=None, peak=None) 
imw-minima-loftr: Processing pair 11 from disk...
imw-minima-loftr: 0 match-sets in 0.00s
[Coarse] imw-minima-loftr pair 12: dE=76641.2 m dN=-17272.4 m (from-pair-14, support=None, peak=None) 
imw-minima-loftr: Processing pair 12 from disk...
imw-minima-loftr: 0 match-sets in 0.24s
[Coarse] imw-minima-loftr pair 13: dE=76641.2 m dN=-17272.4 m (from-pair-14, support=None, peak=None) 
imw-minima-loftr: Processing pair 13 from disk...
imw-minima-loftr: 1 match-sets in 0.18s
[Coarse] imw-minima-loftr pair 14: dE=76641.2 m dN=-17272.4 m (from-pair-34 (phasecorr disagreed), support=None, peak=0.0750410366821289) 
imw-minima-loftr: Processing pair 14 from disk...
imw-minima-loftr: 0 match-sets in 0.16s
[Coarse] imw-minima-loftr pair 15: dE=76641.2 m dN=-17272.4 m (from-pair-34 (matcher outlier), support=None, peak=None) 
imw-minima-loftr: Processing pair 15 from disk...
imw-minima-loftr: 1 match-sets in 0.45s
[Coarse] imw-minima-loftr pair 16: dE=76641.2 m dN=-17272.4 m (from-pair-15, support=None, peak=None) 
imw-minima-loftr: Processing pair 16 from disk...
imw-minima-loftr: 1 match-sets in 0.26s
[Coarse] imw-minima-loftr pair 17: dE=76641.2 m dN=-17272.4 m (from-pair-15, support=None, peak=None) 
imw-minima-loftr: Processing pair 17 from disk...
imw-minima-loftr: 1 match-sets in 0.26s
[Coarse] imw-minima-loftr pair 18: dE=76641.2 m dN=-17272.4 m (from-pair-15, support=None, peak=None) 
imw-minima-loftr: Processing pair 18 from disk...
imw-minima-loftr: 0 match-sets in 0.20s
[Coarse] imw-minima-loftr pair 19: dE=76641.2 m dN=-17272.4 m (from-pair-15, support=None, peak=None) 
imw-minima-loftr: Processing pair 19 from disk...
imw-minima-loftr: 1 match-sets in 0.29s
[Coarse] imw-minima-loftr pair 20: dE=76641.2 m dN=-17272.4 m (from-pair-15, support=None, peak=None) 
imw-minima-loftr: Processing pair 20 from disk...
imw-minima-loftr: 1 match-sets in 0.14s
[Coarse] imw-minima-loftr pair 21: dE=76641.2 m dN=-17272.4 m (from-pair-34 (phasecorr disagreed), support=None, peak=0.03061729173699524) 
imw-minima-loftr: Processing pair 21 from disk...
imw-minima-loftr: 0 match-sets in 0.00s
[Coarse] imw-minima-loftr pair 22: dE=76641.2 m dN=-17272.4 m (from-pair-21, support=None, peak=None) 
imw-minima-loftr: Processing pair 22 from disk...
imw-minima-loftr: 0 match-sets in 0.00s
[Coarse] imw-minima-loftr pair 23: dE=76641.2 m dN=-17272.4 m (from-pair-21, support=None, peak=None) 
imw-minima-loftr: Processing pair 23 from disk...
imw-minima-loftr: 0 match-sets in 0.00s
[Coarse] imw-minima-loftr pair 24: dE=76641.2 m dN=-17272.4 m (from-pair-15, support=None, peak=None) 
imw-minima-loftr: Processing pair 24 from disk...
imw-minima-loftr: 1 match-sets in 0.57s
[Coarse] imw-minima-loftr pair 25: dE=76641.2 m dN=-17272.4 m (from-pair-15, support=None, peak=None) 
imw-minima-loftr: Processing pair 25 from disk...
imw-minima-loftr: 1 match-sets in 0.48s
[Coarse] imw-minima-loftr pair 26: dE=76641.2 m dN=-17272.4 m (from-pair-15, support=None, peak=None) 
imw-minima-loftr: Processing pair 26 from disk...
imw-minima-loftr: 1 match-sets in 0.37s
[Coarse] imw-minima-loftr pair 27: dE=76641.2 m dN=-17272.4 m (from-pair-15, support=None, peak=None) 
imw-minima-loftr: Processing pair 27 from disk...
imw-minima-loftr: 1 match-sets in 1.12s
[Coarse] imw-minima-loftr pair 28: dE=76641.2 m dN=-17272.4 m (from-pair-15, support=None, peak=None) 
imw-minima-loftr: Processing pair 28 from disk...
imw-minima-loftr: 1 match-sets in 1.57s
[Coarse] imw-minima-loftr pair 29: dE=76641.2 m dN=-17272.4 m (from-pair-34, support=None, peak=None) 
imw-minima-loftr: Processing pair 29 from disk...
imw-minima-loftr: 0 match-sets in 0.01s
[Coarse] imw-minima-loftr pair 30: dE=76641.2 m dN=-17272.4 m (from-pair-31, support=None, peak=None) 
imw-minima-loftr: Processing pair 30 from disk...
imw-minima-loftr: 0 match-sets in 0.00s
[Coarse] imw-minima-loftr pair 31: dE=76641.2 m dN=-17272.4 m (from-pair-34 (phasecorr disagreed), support=None, peak=0.11020252078648948) 
imw-minima-loftr: Processing pair 31 from disk...
imw-minima-loftr: 0 match-sets in 0.00s
[Coarse] imw-minima-loftr pair 32: dE=76641.2 m dN=-17272.4 m (from-pair-34, support=None, peak=None) 
imw-minima-loftr: Processing pair 32 from disk...
imw-minima-loftr: 1 match-sets in 0.56s
[Coarse] imw-minima-loftr pair 33: dE=76641.2 m dN=-17272.4 m (from-pair-34, support=None, peak=None) 
imw-minima-loftr: Processing pair 33 from disk...
imw-minima-loftr: 1 match-sets in 0.34s
[Coarse] imw-minima-loftr pair 34: dE=76641.2 m dN=-17272.4 m (matcher@315m, support=21, peak=None) 
imw-minima-loftr: Processing pair 34 from disk...
imw-minima-loftr: 1 match-sets in 0.32s
[Coarse] imw-minima-loftr pair 35: dE=76088.7 m dN=-17144.1 m (matcher@315m, support=11, peak=None) 
imw-minima-loftr: Processing pair 35 from disk...
imw-minima-loftr: 1 match-sets in 0.32s
[Coarse] imw-minima-loftr pair 36: dE=76088.7 m dN=-17144.1 m (from-pair-35, support=None, peak=None) 
imw-minima-loftr: Processing pair 36 from disk...
imw-minima-loftr: 1 match-sets in 0.25s
[Coarse] imw-minima-loftr pair 37: dE=76088.7 m dN=-17144.1 m (from-pair-35, support=None, peak=None) 
imw-minima-loftr: Processing pair 37 from disk...
imw-minima-loftr: 0 match-sets in 0.01s
[Coarse] imw-minima-loftr pair 38: dE=77372.1 m dN=-18001.4 m (from-pair-39, support=None, peak=None) 
imw-minima-loftr: Processing pair 38 from disk...
imw-minima-loftr: 0 match-sets in 0.00s
[Coarse] imw-minima-loftr pair 39: dE=77372.1 m dN=-18001.4 m (from-pair-43 (phasecorr disagreed), support=None, peak=0.37484617568828443) 
imw-minima-loftr: Processing pair 39 from disk...
imw-minima-loftr: 0 match-sets in 0.00s
[Coarse] imw-minima-loftr pair 40: dE=76842.6 m dN=-18012.8 m (phasecorr@315m, support=None, peak=0.16032237420847387) 
imw-minima-loftr: Processing pair 40 from disk...
imw-minima-loftr: 1 match-sets in 0.27s
[Coarse] imw-minima-loftr pair 41: dE=76821.7 m dN=-17970.8 m (phasecorr@315m, support=None, peak=0.1293754681834468) 
imw-minima-loftr: Processing pair 41 from disk...
imw-minima-loftr: 0 match-sets in 0.14s
[Coarse] imw-minima-loftr pair 42: dE=75957.2 m dN=-17746.3 m (matcher@315m, support=11, peak=None) 
imw-minima-loftr: Processing pair 42 from disk...
imw-minima-loftr: 1 match-sets in 0.27s
[Coarse] imw-minima-loftr pair 43: dE=77372.1 m dN=-18001.4 m (matcher@315m, support=15, peak=None) 
imw-minima-loftr: Processing pair 43 from disk...
imw-minima-loftr: 1 match-sets in 0.27s
[Coarse] imw-minima-loftr pair 44: dE=75957.2 m dN=-17746.3 m (from-pair-42 (phasecorr disagreed), support=None, peak=0.060047009852197436) 
imw-minima-loftr: Processing pair 44 from disk...
imw-minima-loftr: 0 match-sets in 0.00s
[Coarse] imw-minima-loftr pair 45: dE=75957.2 m dN=-17746.3 m (from-pair-42 (phasecorr disagreed), support=None, peak=0.062489196923861616) 
imw-minima-loftr: Processing pair 45 from disk...
imw-minima-loftr: 0 match-sets in 0.00s
Saved:
 CHIP_STATS_ALL.csv
 CHIP_STATS_SURVIVORS.csv
 CONSENSUS_SCORES.csv
 BEST_CHIP_SET.csv
 BEST_CHIP_MANIFEST.csv
 BEST_FINAL_SUMMARY.csv
[band3] imw-minima-loftr ok in 0.6 min, peak GPU memory 3.6 of 15.6 GB
[imw-minima-loftr] Model unloaded.
--------------------------------------------------------------------------------
[band3] Running imw-minima-roma
[imw-minima-roma] Loading model...
[Coarse] pair 2: no reliable coarse offset (matcher: {'dx': -99009.36756134033, 'dy': -32805.19148826599, 'support': 39, 'n': 422, 'peak': None}; phasecorr: {'dx': 65394.283402378176, 'dy': -25649.46980266543, 'support': None, 'n': None, 'peak': 0.022622975002173116}); windows compared in place
[Coarse] pair 9: no reliable coarse offset (matcher: {'dx': -18487.960596084595, 'dy': -100083.40636253357, 'support': 18, 'n': 124, 'peak': None}; phasecorr: {'dx': -16699.175274071407, 'dy': 24436.94053537555, 'support': None, 'n': None, 'peak': -0.010903077867296006}); windows compared in place
[Coarse] pair 11: no reliable coarse offset (matcher: {'dx': -24881.342239379883, 'dy': -98510.24215221405, 'support': 44, 'n': 352, 'peak': None}; phasecorr: {'dx': -17156.568569433253, 'dy': 26769.77008011288, 'support': None, 'n': None, 'peak': -0.005567667855156793}); windows compared in place
[Coarse] pair 12: no reliable coarse offset (matcher: {'dx': -45354.12643432617, 'dy': -92496.35467529297, 'support': 11, 'n': 121, 'peak': None}; phasecorr: {'dx': -54138.7373906018, 'dy': -62739.11738734777, 'support': None, 'n': None, 'peak': 0.019588654039171007}); windows compared in place
[Coarse] pair 13: no reliable coarse offset (matcher: {'dx': -21088.504028320312, 'dy': -36979.52247619629, 'support': 6, 'n': 126, 'peak': None}; phasecorr: {'dx': -3843.534072827219, 'dy': -91640.0194769223, 'support': None, 'n': None, 'peak': 0.015414013681642857}); windows compared in place
[Coarse] pair 15: no reliable coarse offset (matcher: {'dx': -91456.64222717285, 'dy': 32906.31042480469, 'support': 13, 'n': 160, 'peak': None}; phasecorr: {'dx': -94939.8559147267, 'dy': -82659.23661442024, 'support': None, 'n': None, 'peak': 0.008939644289605411}); windows compared in place
[Coarse] pair 16: no reliable coarse offset (matcher: {'dx': -96825.00915527344, 'dy': 28306.746139526367, 'support': 34, 'n': 270, 'peak': None}; phasecorr: {'dx': -60639.28459076655, 'dy': -33832.56066827953, 'support': None, 'n': None, 'peak': 0.007406430218281896}); windows compared in place
[Coarse] pair 17: no reliable coarse offset (matcher: {'dx': -81534.74304199219, 'dy': 41231.7244720459, 'support': 45, 'n': 226, 'peak': None}; phasecorr: {'dx': -75606.28869913492, 'dy': -40258.11314932236, 'support': None, 'n': None, 'peak': 0.002259464960529971}); windows compared in place
[Coarse] pair 18: no reliable coarse offset (matcher: {'dx': -95096.09722137451, 'dy': 100734.91012573242, 'support': 7, 'n': 81, 'peak': None}; phasecorr: {'dx': -47574.86505103309, 'dy': 30736.089922927127, 'support': None, 'n': None, 'peak': -0.005526255078658046}); windows compared in place
[Coarse] pair 19: no reliable coarse offset (matcher: {'dx': -76426.30783081055, 'dy': 96426.33728027344, 'support': 16, 'n': 93, 'peak': None}; phasecorr: {'dx': -134048.08681427932, 'dy': 22202.75100943282, 'support': None, 'n': None, 'peak': 0.01199757972153889}); windows compared in place
[Coarse] pair 20: no reliable coarse offset (matcher: {'dx': -89413.78051757812, 'dy': 96581.18408203125, 'support': 9, 'n': 67, 'peak': None}; phasecorr: {'dx': -51737.17622911178, 'dy': 31055.668515360256, 'support': None, 'n': None, 'peak': -0.013213375402903196}); windows compared in place
[Coarse] pair 22: no reliable coarse offset (matcher: {'dx': -16479.792938232422, 'dy': -100511.19071960449, 'support': 5, 'n': 17, 'peak': None}; phasecorr: {'dx': -22501.36818549658, 'dy': 56480.21235681643, 'support': None, 'n': None, 'peak': -0.0038632059607486176}); windows compared in place
[Coarse] pair 23: no reliable coarse offset (matcher: no matches; phasecorr: {'dx': -38768.62470648129, 'dy': 60272.71480887387, 'support': None, 'n': None, 'peak': 0.018053494174784593}); windows compared in place
[Coarse] pair 24: no reliable coarse offset (matcher: {'dx': -43762.18826293945, 'dy': -100629.74109649658, 'support': 3, 'n': 6, 'peak': None}; phasecorr: {'dx': 5060.875137458928, 'dy': -132702.46963164263, 'support': None, 'n': None, 'peak': 0.004566593000623915}); windows compared in place
[Coarse] pair 25: no reliable coarse offset (matcher: {'dx': -6535.995254516602, 'dy': -53763.18832397461, 'support': 2, 'n': 157, 'peak': None}; phasecorr: {'dx': 19115.97600195751, 'dy': -87876.18077077619, 'support': None, 'n': None, 'peak': 0.014515514945983887}); windows compared in place
[Coarse] pair 26: no reliable coarse offset (matcher: {'dx': -83417.27130889893, 'dy': -46758.639221191406, 'support': 3, 'n': 137, 'peak': None}; phasecorr: {'dx': -25110.617324353138, 'dy': -110321.271036598, 'support': None, 'n': None, 'peak': 0.028688357883029515}); windows compared in place
[Coarse] pair 27: no reliable coarse offset (matcher: {'dx': 40016.56929016113, 'dy': 53346.84288024902, 'support': 6, 'n': 101, 'peak': None}; phasecorr: {'dx': -24618.815192443915, 'dy': -51702.316299651786, 'support': None, 'n': None, 'peak': 0.024773373663302803}); windows compared in place
[Coarse] pair 28: no reliable coarse offset (matcher: {'dx': -63315.99494934082, 'dy': 46015.935974121094, 'support': 3, 'n': 191, 'peak': None}; phasecorr: {'dx': -34345.520193795004, 'dy': -31836.47230271583, 'support': None, 'n': None, 'peak': 0.007815724782982971}); windows compared in place
[Coarse] pair 30: no reliable coarse offset (matcher: {'dx': 24514.554405212402, 'dy': -100404.89576339722, 'support': 7, 'n': 14, 'peak': None}; phasecorr: {'dx': 44341.741084490575, 'dy': 33964.32140920293, 'support': None, 'n': None, 'peak': 0.012143600762135697}); windows compared in place
[Coarse] pair 32: no reliable coarse offset (matcher: {'dx': 76027.53021240234, 'dy': -88938.1851196289, 'support': 15, 'n': 147, 'peak': None}; phasecorr: {'dx': 76928.68966913699, 'dy': -17747.191922768525, 'support': None, 'n': None, 'peak': 0.018933949931462607}); windows compared in place
[Coarse] pair 36: no reliable coarse offset (matcher: no matches; phasecorr: {'dx': 19637.281743784188, 'dy': 28659.270855444367, 'support': None, 'n': None, 'peak': 0.011020430701750296}); windows compared in place
[Coarse] pair 43: no reliable coarse offset (matcher: {'dx': 91366.92855834961, 'dy': -6436.815147399902, 'support': 24, 'n': 294, 'peak': None}; phasecorr: {'dx': 59869.22805112187, 'dy': -96325.01557673489, 'support': None, 'n': None, 'peak': 0.00793376685672336}); windows compared in place
[Coarse] pair 7: phase correlation gave dE=-30061 m dN=24674 m, 68.7 km from every offset the matcher measured; using pair 21's (dE=33165 m dN=-99911 m)
[Coarse] pair 8: phase correlation gave dE=-34085 m dN=23031 m, 64.5 km from every offset the matcher measured; using pair 21's (dE=33165 m dN=-99911 m)
[Coarse] pair 10: phase correlation gave dE=-35432 m dN=24320 m, 63.3 km from every offset the matcher measured; using pair 21's (dE=33165 m dN=-99911 m)
[Coarse] pair 31: phase correlation gave dE=29320 m dN=32718 m, 67.8 km from every offset the matcher measured; using pair 33's (dE=71902 m dN=-88513 m)
[Coarse] pair 44: phase correlation gave dE=-66700 m dN=27164 m, 33.0 km from every offset the matcher measured; using pair 45's (dE=99691 m dN=66065 m)
[Coarse] WARNING: imw-minima-roma: the pairs' coarse offsets differ by up to 200 km, more than one image moves from place to place. Pairs with a wrong offset match the wrong ground (the chip consensus drops them when they are few); if most pairs disagree, check the input's pixel size and window size.
[Coarse] imw-minima-roma pair 1: dE=-100315.1 m dN=-42850.3 m (matcher@315m, support=135, peak=None) 
imw-minima-roma: Processing pair 1 from disk...
imw-minima-roma: 1 match-sets in 1.22s
[Coarse] imw-minima-roma pair 2: dE=-100315.1 m dN=-42850.3 m (from-pair-1, support=None, peak=None) 
imw-minima-roma: Processing pair 2 from disk...
imw-minima-roma: 1 match-sets in 1.23s
[Coarse] imw-minima-roma pair 3: dE=-100262.3 m dN=30032.7 m (matcher@315m, support=86, peak=None) 
imw-minima-roma: Processing pair 3 from disk...
imw-minima-roma: 1 match-sets in 1.39s
[Coarse] imw-minima-roma pair 4: dE=-98440.6 m dN=18250.5 m (matcher@315m, support=64, peak=None) 
imw-minima-roma: Processing pair 4 from disk...
imw-minima-roma: 1 match-sets in 1.36s
[Coarse] imw-minima-roma pair 5: dE=-83515.6 m dN=69664.3 m (matcher@315m, support=70, peak=None) 
imw-minima-roma: Processing pair 5 from disk...
imw-minima-roma: 1 match-sets in 1.20s
[Coarse] imw-minima-roma pair 6: dE=-86183.4 m dN=90791.1 m (matcher@315m, support=40, peak=None) 
imw-minima-roma: Processing pair 6 from disk...
imw-minima-roma: 1 match-sets in 1.22s
[Coarse] imw-minima-roma pair 7: dE=33165.1 m dN=-99910.8 m (from-pair-21 (phasecorr disagreed), support=None, peak=0.07485453462600708) 
imw-minima-roma: Processing pair 7 from disk...
imw-minima-roma: 0 match-sets in 0.00s
[Coarse] imw-minima-roma pair 8: dE=33165.1 m dN=-99910.8 m (from-pair-21 (phasecorr disagreed), support=None, peak=0.048964771058824325) 
imw-minima-roma: Processing pair 8 from disk...
imw-minima-roma: 0 match-sets in 0.00s
[Coarse] imw-minima-roma pair 9: dE=33165.1 m dN=-99910.8 m (from-pair-10, support=None, peak=None) 
imw-minima-roma: Processing pair 9 from disk...
imw-minima-roma: 0 match-sets in 0.00s
[Coarse] imw-minima-roma pair 10: dE=33165.1 m dN=-99910.8 m (from-pair-21 (phasecorr disagreed), support=None, peak=0.12360441419813369) 
imw-minima-roma: Processing pair 10 from disk...
imw-minima-roma: 0 match-sets in 0.00s
[Coarse] imw-minima-roma pair 11: dE=33165.1 m dN=-99910.8 m (from-pair-8, support=None, peak=None) 
imw-minima-roma: Processing pair 11 from disk...
imw-minima-roma: 0 match-sets in 0.00s
[Coarse] imw-minima-roma pair 12: dE=-98788.5 m dN=-51332.1 m (from-pair-14, support=None, peak=None) 
imw-minima-roma: Processing pair 12 from disk...
imw-minima-roma: 1 match-sets in 1.36s
[Coarse] imw-minima-roma pair 13: dE=-98788.5 m dN=-51332.1 m (from-pair-14, support=None, peak=None) 
imw-minima-roma: Processing pair 13 from disk...
imw-minima-roma: 1 match-sets in 1.37s
[Coarse] imw-minima-roma pair 14: dE=-98788.5 m dN=-51332.1 m (matcher@315m, support=13, peak=None) 
imw-minima-roma: Processing pair 14 from disk...
imw-minima-roma: 1 match-sets in 1.33s
[Coarse] imw-minima-roma pair 15: dE=-98788.5 m dN=-51332.1 m (from-pair-14, support=None, peak=None) 
imw-minima-roma: Processing pair 15 from disk...
imw-minima-roma: 1 match-sets in 1.35s
[Coarse] imw-minima-roma pair 16: dE=-98788.5 m dN=-51332.1 m (from-pair-14, support=None, peak=None) 
imw-minima-roma: Processing pair 16 from disk...
imw-minima-roma: 1 match-sets in 1.37s
[Coarse] imw-minima-roma pair 17: dE=-98788.5 m dN=-51332.1 m (from-pair-14, support=None, peak=None) 
imw-minima-roma: Processing pair 17 from disk...
imw-minima-roma: 1 match-sets in 1.38s
[Coarse] imw-minima-roma pair 18: dE=28050.9 m dN=100477.6 m (from-pair-29, support=None, peak=None) 
imw-minima-roma: Processing pair 18 from disk...
imw-minima-roma: 1 match-sets in 1.30s
[Coarse] imw-minima-roma pair 19: dE=28050.9 m dN=100477.6 m (from-pair-29, support=None, peak=None) 
imw-minima-roma: Processing pair 19 from disk...
imw-minima-roma: 1 match-sets in 1.21s
[Coarse] imw-minima-roma pair 20: dE=28050.9 m dN=100477.6 m (from-pair-29, support=None, peak=None) 
imw-minima-roma: Processing pair 20 from disk...
imw-minima-roma: 1 match-sets in 1.23s
[Coarse] imw-minima-roma pair 21: dE=33165.1 m dN=-99910.8 m (matcher@315m, support=67, peak=None) 
imw-minima-roma: Processing pair 21 from disk...
imw-minima-roma: 0 match-sets in 0.00s
[Coarse] imw-minima-roma pair 22: dE=33165.1 m dN=-99910.8 m (from-pair-21, support=None, peak=None) 
imw-minima-roma: Processing pair 22 from disk...
imw-minima-roma: 0 match-sets in 0.00s
[Coarse] imw-minima-roma pair 23: dE=33165.1 m dN=-99910.8 m (from-pair-21, support=None, peak=None) 
imw-minima-roma: Processing pair 23 from disk...
imw-minima-roma: 0 match-sets in 0.00s
[Coarse] imw-minima-roma pair 24: dE=71901.6 m dN=-88512.7 m (from-pair-33, support=None, peak=None) 
imw-minima-roma: Processing pair 24 from disk...
imw-minima-roma: 1 match-sets in 1.37s
[Coarse] imw-minima-roma pair 25: dE=71901.6 m dN=-88512.7 m (from-pair-33, support=None, peak=None) 
imw-minima-roma: Processing pair 25 from disk...
imw-minima-roma: 1 match-sets in 1.37s
[Coarse] imw-minima-roma pair 26: dE=71901.6 m dN=-88512.7 m (from-pair-33, support=None, peak=None) 
imw-minima-roma: Processing pair 26 from disk...
imw-minima-roma: 1 match-sets in 1.33s
[Coarse] imw-minima-roma pair 27: dE=28050.9 m dN=100477.6 m (from-pair-29, support=None, peak=None) 
imw-minima-roma: Processing pair 27 from disk...
imw-minima-roma: 1 match-sets in 1.40s
[Coarse] imw-minima-roma pair 28: dE=28050.9 m dN=100477.6 m (from-pair-29, support=None, peak=None) 
imw-minima-roma: Processing pair 28 from disk...
imw-minima-roma: 1 match-sets in 1.43s
[Coarse] imw-minima-roma pair 29: dE=28050.9 m dN=100477.6 m (matcher@315m, support=24, peak=None) 
imw-minima-roma: Processing pair 29 from disk...
imw-minima-roma: 1 match-sets in 1.39s
[Coarse] imw-minima-roma pair 30: dE=71901.6 m dN=-88512.7 m (from-pair-31, support=None, peak=None) 
imw-minima-roma: Processing pair 30 from disk...
imw-minima-roma: 0 match-sets in 0.00s
[Coarse] imw-minima-roma pair 31: dE=71901.6 m dN=-88512.7 m (from-pair-33 (phasecorr disagreed), support=None, peak=0.11020252078648948) 
imw-minima-roma: Processing pair 31 from disk...
imw-minima-roma: 0 match-sets in 0.00s
[Coarse] imw-minima-roma pair 32: dE=71901.6 m dN=-88512.7 m (from-pair-33, support=None, peak=None) 
imw-minima-roma: Processing pair 32 from disk...
imw-minima-roma: 1 match-sets in 1.39s
[Coarse] imw-minima-roma pair 33: dE=71901.6 m dN=-88512.7 m (matcher@315m, support=46, peak=None) 
imw-minima-roma: Processing pair 33 from disk...
imw-minima-roma: 1 match-sets in 1.38s
[Coarse] imw-minima-roma pair 34: dE=76738.0 m dN=-17773.3 m (matcher@315m, support=464, peak=None) 
imw-minima-roma: Processing pair 34 from disk...
imw-minima-roma: 1 match-sets in 1.28s
[Coarse] imw-minima-roma pair 35: dE=76813.4 m dN=-18001.1 m (matcher@315m, support=266, peak=None) 
imw-minima-roma: Processing pair 35 from disk...
imw-minima-roma: 1 match-sets in 1.34s
[Coarse] imw-minima-roma pair 36: dE=95575.5 m dN=89627.3 m (from-pair-37, support=None, peak=None) 
imw-minima-roma: Processing pair 36 from disk...
imw-minima-roma: 1 match-sets in 1.26s
[Coarse] imw-minima-roma pair 37: dE=95575.5 m dN=89627.3 m (matcher@315m, support=13, peak=None) 
imw-minima-roma: Processing pair 37 from disk...
imw-minima-roma: 1 match-sets in 1.27s
[Coarse] imw-minima-roma pair 38: dE=40399.8 m dN=-96223.0 m (matcher@315m, support=169, peak=None) 
imw-minima-roma: Processing pair 38 from disk...
imw-minima-roma: 0 match-sets in 0.00s
[Coarse] imw-minima-roma pair 39: dE=24581.8 m dN=-99697.3 m (matcher@315m, support=160, peak=None) 
imw-minima-roma: Processing pair 39 from disk...
imw-minima-roma: 0 match-sets in 0.00s
[Coarse] imw-minima-roma pair 40: dE=76842.6 m dN=-18012.8 m (phasecorr@315m, support=None, peak=0.16032237420847387) 
imw-minima-roma: Processing pair 40 from disk...
imw-minima-roma: 1 match-sets in 1.21s
[Coarse] imw-minima-roma pair 41: dE=76821.7 m dN=-17970.8 m (phasecorr@315m, support=None, peak=0.1293754681834468) 
imw-minima-roma: Processing pair 41 from disk...
imw-minima-roma: 1 match-sets in 1.24s
[Coarse] imw-minima-roma pair 42: dE=99746.6 m dN=-18931.5 m (matcher@315m, support=17, peak=None) 
imw-minima-roma: Processing pair 42 from disk...
imw-minima-roma: 1 match-sets in 1.22s
[Coarse] imw-minima-roma pair 43: dE=99746.6 m dN=-18931.5 m (from-pair-42, support=None, peak=None) 
imw-minima-roma: Processing pair 43 from disk...
imw-minima-roma: 1 match-sets in 1.19s
[Coarse] imw-minima-roma pair 44: dE=99691.2 m dN=66065.2 m (from-pair-45 (phasecorr disagreed), support=None, peak=0.060047009852197436) 
imw-minima-roma: Processing pair 44 from disk...
imw-minima-roma: 1 match-sets in 1.15s
[Coarse] imw-minima-roma pair 45: dE=99691.2 m dN=66065.2 m (matcher@315m, support=192, peak=None) 
imw-minima-roma: Processing pair 45 from disk...
imw-minima-roma: 1 match-sets in 1.16s
Saved:
 CHIP_STATS_ALL.csv
 CHIP_STATS_SURVIVORS.csv
 CONSENSUS_SCORES.csv
 BEST_CHIP_SET.csv
 BEST_CHIP_MANIFEST.csv
 BEST_FINAL_SUMMARY.csv
[band3] imw-minima-roma ok in 2.0 min, peak GPU memory 5.4 of 15.6 GB
[imw-minima-roma] Model unloaded.
--------------------------------------------------------------------------------
[band3] Running imw-xoftr
[imw-xoftr] Loading model...
[Coarse] pair 1: no reliable coarse offset (matcher: no matches; phasecorr: {'dx': 72221.31426491275, 'dy': -10662.850823270848, 'support': None, 'n': None, 'peak': 0.02032967514970684}); windows compared in place
[Coarse] pair 2: no reliable coarse offset (matcher: {'dx': -100624.01893615723, 'dy': -39456.70000076294, 'support': 2, 'n': 4, 'peak': None}; phasecorr: {'dx': 65394.283402378176, 'dy': -25649.46980266543, 'support': None, 'n': None, 'peak': 0.022622975002173116}); windows compared in place
[Coarse] pair 3: no reliable coarse offset (matcher: {'dx': -94792.47905731201, 'dy': 4249.589653015137, 'support': 4, 'n': 13, 'peak': None}; phasecorr: {'dx': -84951.32174473844, 'dy': -16333.25546038059, 'support': None, 'n': None, 'peak': 0.023098598562204843}); windows compared in place
[Coarse] pair 4: no reliable coarse offset (matcher: {'dx': -96594.08958435059, 'dy': 17895.661725997925, 'support': 6, 'n': 10, 'peak': None}; phasecorr: {'dx': -71296.19311950017, 'dy': -18548.86611268403, 'support': None, 'n': None, 'peak': 0.02308651422222401}); windows compared in place
[Coarse] pair 5: no reliable coarse offset (matcher: {'dx': -92046.75413131714, 'dy': 44027.80188560486, 'support': 3, 'n': 5, 'peak': None}; phasecorr: {'dx': -66471.0041660463, 'dy': 19677.698496104596, 'support': None, 'n': None, 'peak': 0.0007051175513875827}); windows compared in place
[Coarse] pair 6: no reliable coarse offset (matcher: no matches; phasecorr: {'dx': -63117.55771771344, 'dy': 45344.79793689909, 'support': None, 'n': None, 'peak': 0.016527041937588666}); windows compared in place
[Coarse] pair 11: no reliable coarse offset (matcher: {'dx': -12906.704549789429, 'dy': -100451.38320922852, 'support': 4, 'n': 7, 'peak': None}; phasecorr: {'dx': -17156.568569433253, 'dy': 26769.77008011288, 'support': None, 'n': None, 'peak': -0.005567667855156793}); windows compared in place
[Coarse] pair 12: no reliable coarse offset (matcher: no matches; phasecorr: {'dx': -54138.7373906018, 'dy': -62739.11738734777, 'support': None, 'n': None, 'peak': 0.019588654039171007}); windows compared in place
[Coarse] pair 13: no reliable coarse offset (matcher: no matches; phasecorr: {'dx': -3843.534072827219, 'dy': -91640.0194769223, 'support': None, 'n': None, 'peak': 0.015414013681642857}); windows compared in place
[Coarse] pair 15: no reliable coarse offset (matcher: no matches; phasecorr: {'dx': -94939.8559147267, 'dy': -82659.23661442024, 'support': None, 'n': None, 'peak': 0.008939644289605411}); windows compared in place
[Coarse] pair 16: no reliable coarse offset (matcher: no matches; phasecorr: {'dx': -60639.28459076655, 'dy': -33832.56066827953, 'support': None, 'n': None, 'peak': 0.007406430218281896}); windows compared in place
[Coarse] pair 17: no reliable coarse offset (matcher: no matches; phasecorr: {'dx': -75606.28869913492, 'dy': -40258.11314932236, 'support': None, 'n': None, 'peak': 0.002259464960529971}); windows compared in place
[Coarse] pair 18: no reliable coarse offset (matcher: no matches; phasecorr: {'dx': -47574.86505103309, 'dy': 30736.089922927127, 'support': None, 'n': None, 'peak': -0.005526255078658046}); windows compared in place
[Coarse] pair 19: no reliable coarse offset (matcher: no matches; phasecorr: {'dx': -134048.08681427932, 'dy': 22202.75100943282, 'support': None, 'n': None, 'peak': 0.01199757972153889}); windows compared in place
[Coarse] pair 20: no reliable coarse offset (matcher: no matches; phasecorr: {'dx': -51737.17622911178, 'dy': 31055.668515360256, 'support': None, 'n': None, 'peak': -0.013213375402903196}); windows compared in place
[Coarse] pair 22: no reliable coarse offset (matcher: {'dx': 30758.80599975586, 'dy': -100444.97191429138, 'support': 4, 'n': 4, 'peak': None}; phasecorr: {'dx': -22501.36818549658, 'dy': 56480.21235681643, 'support': None, 'n': None, 'peak': -0.0038632059607486176}); windows compared in place
[Coarse] pair 23: no reliable coarse offset (matcher: no matches; phasecorr: {'dx': -38768.62470648129, 'dy': 60272.71480887387, 'support': None, 'n': None, 'peak': 0.018053494174784593}); windows compared in place
[Coarse] pair 24: no reliable coarse offset (matcher: no matches; phasecorr: {'dx': 5060.875137458928, 'dy': -132702.46963164263, 'support': None, 'n': None, 'peak': 0.004566593000623915}); windows compared in place
[Coarse] pair 25: no reliable coarse offset (matcher: no matches; phasecorr: {'dx': 19115.97600195751, 'dy': -87876.18077077619, 'support': None, 'n': None, 'peak': 0.014515514945983887}); windows compared in place
[Coarse] pair 26: no reliable coarse offset (matcher: no matches; phasecorr: {'dx': -25110.617324353138, 'dy': -110321.271036598, 'support': None, 'n': None, 'peak': 0.028688357883029515}); windows compared in place
[Coarse] pair 27: no reliable coarse offset (matcher: no matches; phasecorr: {'dx': -24618.815192443915, 'dy': -51702.316299651786, 'support': None, 'n': None, 'peak': 0.024773373663302803}); windows compared in place
[Coarse] pair 28: no reliable coarse offset (matcher: {'dx': -96865.13277053833, 'dy': -84039.40544128418, 'support': 2, 'n': 4, 'peak': None}; phasecorr: {'dx': -34345.520193795004, 'dy': -31836.47230271583, 'support': None, 'n': None, 'peak': 0.007815724782982971}); windows compared in place
[Coarse] pair 29: no reliable coarse offset (matcher: no matches; phasecorr: {'dx': -23015.789594526494, 'dy': 27033.23829875427, 'support': None, 'n': None, 'peak': -0.010339975127467402}); windows compared in place
[Coarse] pair 30: no reliable coarse offset (matcher: {'dx': 28784.398727416992, 'dy': -99895.58444023132, 'support': 3, 'n': 3, 'peak': None}; phasecorr: {'dx': 44341.741084490575, 'dy': 33964.32140920293, 'support': None, 'n': None, 'peak': 0.012143600762135697}); windows compared in place
[Coarse] pair 32: no reliable coarse offset (matcher: {'dx': 27897.670555114746, 'dy': -99787.51527786255, 'support': 3, 'n': 3, 'peak': None}; phasecorr: {'dx': 76928.68966913699, 'dy': -17747.191922768525, 'support': None, 'n': None, 'peak': 0.018933949931462607}); windows compared in place
[Coarse] pair 33: no reliable coarse offset (matcher: {'dx': 36881.947746276855, 'dy': -100213.5013961792, 'support': 3, 'n': 4, 'peak': None}; phasecorr: {'dx': 76984.7825803246, 'dy': -17783.154749211222, 'support': None, 'n': None, 'peak': 0.01788282951116562}); windows compared in place
[Coarse] pair 36: no reliable coarse offset (matcher: {'dx': 88541.37577056885, 'dy': 68861.86660766602, 'support': 2, 'n': 15, 'peak': None}; phasecorr: {'dx': 19637.281743784188, 'dy': 28659.270855444367, 'support': None, 'n': None, 'peak': 0.011020430701750296}); windows compared in place
[Coarse] pair 37: no reliable coarse offset (matcher: {'dx': 68105.76759338379, 'dy': 72748.36944580078, 'support': 3, 'n': 14, 'peak': None}; phasecorr: {'dx': 7507.0015977467065, 'dy': 32833.49977892313, 'support': None, 'n': None, 'peak': 0.0048901353058991605}); windows compared in place
[Coarse] pair 38: no reliable coarse offset (matcher: no matches; phasecorr: {'dx': 23247.53686111282, 'dy': 17041.62175906921, 'support': None, 'n': None, 'peak': 0.019549365950219427}); windows compared in place
[Coarse] pair 43: no reliable coarse offset (matcher: {'dx': 92634.71632003784, 'dy': -67930.8920288086, 'support': 2, 'n': 7, 'peak': None}; phasecorr: {'dx': 59869.22805112187, 'dy': -96325.01557673489, 'support': None, 'n': None, 'peak': 0.00793376685672336}); windows compared in place
[Coarse] pair 7: phase correlation gave dE=-30061 m dN=24674 m, 120.5 km from every offset the matcher measured; using pair 9's (dE=-33268 m dN=-95775 m)
[Coarse] pair 8: phase correlation gave dE=-34085 m dN=23031 m, 118.8 km from every offset the matcher measured; using pair 9's (dE=-33268 m dN=-95775 m)
[Coarse] pair 10: phase correlation gave dE=-35432 m dN=24320 m, 120.1 km from every offset the matcher measured; using pair 9's (dE=-33268 m dN=-95775 m)
[Coarse] pair 14: phase correlation gave dE=73258 m dN=-12396 m, 135.3 km from every offset the matcher measured; using pair 9's (dE=-33268 m dN=-95775 m)
[Coarse] pair 21: phase correlation gave dE=-34652 m dN=64354 m, 160.1 km from every offset the matcher measured; using pair 9's (dE=-33268 m dN=-95775 m)
[Coarse] pair 31: phase correlation gave dE=29320 m dN=32718 m, 142.9 km from every offset the matcher measured; using pair 9's (dE=-33268 m dN=-95775 m)
[Coarse] pair 34: phase correlation gave dE=75555 m dN=-16018 m, 134.9 km from every offset the matcher measured; using pair 9's (dE=-33268 m dN=-95775 m)
[Coarse] pair 35: phase correlation gave dE=75568 m dN=-15961 m, 135.0 km from every offset the matcher measured; using pair 9's (dE=-33268 m dN=-95775 m)
[Coarse] pair 39: phase correlation gave dE=10133 m dN=16958 m, 120.8 km from every offset the matcher measured; using pair 9's (dE=-33268 m dN=-95775 m)
[Coarse] pair 40: phase correlation gave dE=76843 m dN=-18013 m, 134.8 km from every offset the matcher measured; using pair 9's (dE=-33268 m dN=-95775 m)
[Coarse] pair 41: phase correlation gave dE=76822 m dN=-17971 m, 134.8 km from every offset the matcher measured; using pair 9's (dE=-33268 m dN=-95775 m)
[Coarse] pair 42: phase correlation gave dE=71418 m dN=-83227 m, 105.4 km from every offset the matcher measured; using pair 9's (dE=-33268 m dN=-95775 m)
[Coarse] pair 44: phase correlation gave dE=-66700 m dN=27164 m, 127.4 km from every offset the matcher measured; using pair 9's (dE=-33268 m dN=-95775 m)
[Coarse] pair 45: phase correlation gave dE=-65469 m dN=11952 m, 112.4 km from every offset the matcher measured; using pair 9's (dE=-33268 m dN=-95775 m)
[Coarse] imw-xoftr pair 1: dE=-33267.8 m dN=-95774.6 m (from-pair-7, support=None, peak=None) 
imw-xoftr: Processing pair 1 from disk...
imw-xoftr: 0 match-sets in 0.00s
[Coarse] imw-xoftr pair 2: dE=-33267.8 m dN=-95774.6 m (from-pair-7, support=None, peak=None) 
imw-xoftr: Processing pair 2 from disk...
imw-xoftr: 0 match-sets in 0.00s
[Coarse] imw-xoftr pair 3: dE=-33267.8 m dN=-95774.6 m (from-pair-14, support=None, peak=None) 
imw-xoftr: Processing pair 3 from disk...
imw-xoftr: 0 match-sets in 0.00s
[Coarse] imw-xoftr pair 4: dE=-33267.8 m dN=-95774.6 m (from-pair-14, support=None, peak=None) 
imw-xoftr: Processing pair 4 from disk...
imw-xoftr: 0 match-sets in 0.00s
[Coarse] imw-xoftr pair 5: dE=-33267.8 m dN=-95774.6 m (from-pair-14, support=None, peak=None) 
imw-xoftr: Processing pair 5 from disk...
imw-xoftr: 0 match-sets in 0.00s
[Coarse] imw-xoftr pair 6: dE=-33267.8 m dN=-95774.6 m (from-pair-14, support=None, peak=None) 
imw-xoftr: Processing pair 6 from disk...
imw-xoftr: 0 match-sets in 0.00s
[Coarse] imw-xoftr pair 7: dE=-33267.8 m dN=-95774.6 m (from-pair-9 (phasecorr disagreed), support=None, peak=0.07485453462600708) 
imw-xoftr: Processing pair 7 from disk...
imw-xoftr: 0 match-sets in 0.00s
[Coarse] imw-xoftr pair 8: dE=-33267.8 m dN=-95774.6 m (from-pair-9 (phasecorr disagreed), support=None, peak=0.048964771058824325) 
imw-xoftr: Processing pair 8 from disk...
imw-xoftr: 0 match-sets in 0.00s
[Coarse] imw-xoftr pair 9: dE=-33267.8 m dN=-95774.6 m (matcher@315m, support=11, peak=None) 
imw-xoftr: Processing pair 9 from disk...
imw-xoftr: 0 match-sets in 0.00s
[Coarse] imw-xoftr pair 10: dE=-33267.8 m dN=-95774.6 m (from-pair-9 (phasecorr disagreed), support=None, peak=0.12360441419813369) 
imw-xoftr: Processing pair 10 from disk...
imw-xoftr: 0 match-sets in 0.00s
[Coarse] imw-xoftr pair 11: dE=-33267.8 m dN=-95774.6 m (from-pair-8, support=None, peak=None) 
imw-xoftr: Processing pair 11 from disk...
imw-xoftr: 0 match-sets in 0.00s
[Coarse] imw-xoftr pair 12: dE=-33267.8 m dN=-95774.6 m (from-pair-14, support=None, peak=None) 
imw-xoftr: Processing pair 12 from disk...
imw-xoftr: 1 match-sets in 0.42s
[Coarse] imw-xoftr pair 13: dE=-33267.8 m dN=-95774.6 m (from-pair-14, support=None, peak=None) 
imw-xoftr: Processing pair 13 from disk...
imw-xoftr: 1 match-sets in 0.27s
[Coarse] imw-xoftr pair 14: dE=-33267.8 m dN=-95774.6 m (from-pair-9 (phasecorr disagreed), support=None, peak=0.0750410366821289) 
imw-xoftr: Processing pair 14 from disk...
imw-xoftr: 1 match-sets in 0.27s
[Coarse] imw-xoftr pair 15: dE=-33267.8 m dN=-95774.6 m (from-pair-14, support=None, peak=None) 
imw-xoftr: Processing pair 15 from disk...
imw-xoftr: 1 match-sets in 0.39s
[Coarse] imw-xoftr pair 16: dE=-33267.8 m dN=-95774.6 m (from-pair-14, support=None, peak=None) 
imw-xoftr: Processing pair 16 from disk...
imw-xoftr: 1 match-sets in 0.27s
[Coarse] imw-xoftr pair 17: dE=-33267.8 m dN=-95774.6 m (from-pair-14, support=None, peak=None) 
imw-xoftr: Processing pair 17 from disk...
imw-xoftr: 1 match-sets in 0.28s
[Coarse] imw-xoftr pair 18: dE=-33267.8 m dN=-95774.6 m (from-pair-14, support=None, peak=None) 
imw-xoftr: Processing pair 18 from disk...
imw-xoftr: 0 match-sets in 0.00s
[Coarse] imw-xoftr pair 19: dE=-33267.8 m dN=-95774.6 m (from-pair-14, support=None, peak=None) 
imw-xoftr: Processing pair 19 from disk...
imw-xoftr: 0 match-sets in 0.00s
[Coarse] imw-xoftr pair 20: dE=-33267.8 m dN=-95774.6 m (from-pair-14, support=None, peak=None) 
imw-xoftr: Processing pair 20 from disk...
imw-xoftr: 0 match-sets in 0.00s
[Coarse] imw-xoftr pair 21: dE=-33267.8 m dN=-95774.6 m (from-pair-9 (phasecorr disagreed), support=None, peak=0.03061729173699524) 
imw-xoftr: Processing pair 21 from disk...
imw-xoftr: 0 match-sets in 0.00s
[Coarse] imw-xoftr pair 22: dE=-33267.8 m dN=-95774.6 m (from-pair-21, support=None, peak=None) 
imw-xoftr: Processing pair 22 from disk...
imw-xoftr: 0 match-sets in 0.00s
[Coarse] imw-xoftr pair 23: dE=-33267.8 m dN=-95774.6 m (from-pair-21, support=None, peak=None) 
imw-xoftr: Processing pair 23 from disk...
imw-xoftr: 0 match-sets in 0.00s
[Coarse] imw-xoftr pair 24: dE=-33267.8 m dN=-95774.6 m (from-pair-34, support=None, peak=None) 
imw-xoftr: Processing pair 24 from disk...
imw-xoftr: 1 match-sets in 0.41s
[Coarse] imw-xoftr pair 25: dE=-33267.8 m dN=-95774.6 m (from-pair-34, support=None, peak=None) 
imw-xoftr: Processing pair 25 from disk...
imw-xoftr: 1 match-sets in 0.42s
[Coarse] imw-xoftr pair 26: dE=-33267.8 m dN=-95774.6 m (from-pair-34, support=None, peak=None) 
imw-xoftr: Processing pair 26 from disk...
imw-xoftr: 1 match-sets in 0.43s
[Coarse] imw-xoftr pair 27: dE=-33267.8 m dN=-95774.6 m (from-pair-34, support=None, peak=None) 
imw-xoftr: Processing pair 27 from disk...
imw-xoftr: 1 match-sets in 0.37s
[Coarse] imw-xoftr pair 28: dE=-33267.8 m dN=-95774.6 m (from-pair-34, support=None, peak=None) 
imw-xoftr: Processing pair 28 from disk...
imw-xoftr: 1 match-sets in 0.34s
[Coarse] imw-xoftr pair 29: dE=-33267.8 m dN=-95774.6 m (from-pair-34, support=None, peak=None) 
imw-xoftr: Processing pair 29 from disk...
imw-xoftr: 0 match-sets in 0.00s
[Coarse] imw-xoftr pair 30: dE=-33267.8 m dN=-95774.6 m (from-pair-31, support=None, peak=None) 
imw-xoftr: Processing pair 30 from disk...
imw-xoftr: 0 match-sets in 0.00s
[Coarse] imw-xoftr pair 31: dE=-33267.8 m dN=-95774.6 m (from-pair-9 (phasecorr disagreed), support=None, peak=0.11020252078648948) 
imw-xoftr: Processing pair 31 from disk...
imw-xoftr: 0 match-sets in 0.00s
[Coarse] imw-xoftr pair 32: dE=-33267.8 m dN=-95774.6 m (from-pair-34, support=None, peak=None) 
imw-xoftr: Processing pair 32 from disk...
imw-xoftr: 1 match-sets in 0.41s
[Coarse] imw-xoftr pair 33: dE=-33267.8 m dN=-95774.6 m (from-pair-34, support=None, peak=None) 
imw-xoftr: Processing pair 33 from disk...
imw-xoftr: 1 match-sets in 0.27s
[Coarse] imw-xoftr pair 34: dE=-33267.8 m dN=-95774.6 m (from-pair-9 (phasecorr disagreed), support=None, peak=0.06293188095092773) 
imw-xoftr: Processing pair 34 from disk...
imw-xoftr: 1 match-sets in 0.29s
[Coarse] imw-xoftr pair 35: dE=-33267.8 m dN=-95774.6 m (from-pair-9 (phasecorr disagreed), support=None, peak=0.0629165448612637) 
imw-xoftr: Processing pair 35 from disk...
imw-xoftr: 1 match-sets in 0.20s
[Coarse] imw-xoftr pair 36: dE=-33267.8 m dN=-95774.6 m (from-pair-35, support=None, peak=None) 
imw-xoftr: Processing pair 36 from disk...
imw-xoftr: 0 match-sets in 0.00s
[Coarse] imw-xoftr pair 37: dE=-33267.8 m dN=-95774.6 m (from-pair-35, support=None, peak=None) 
imw-xoftr: Processing pair 37 from disk...
imw-xoftr: 0 match-sets in 0.00s
[Coarse] imw-xoftr pair 38: dE=-33267.8 m dN=-95774.6 m (from-pair-39, support=None, peak=None) 
imw-xoftr: Processing pair 38 from disk...
imw-xoftr: 0 match-sets in 0.00s
[Coarse] imw-xoftr pair 39: dE=-33267.8 m dN=-95774.6 m (from-pair-9 (phasecorr disagreed), support=None, peak=0.37484617568828443) 
imw-xoftr: Processing pair 39 from disk...
imw-xoftr: 0 match-sets in 0.00s
[Coarse] imw-xoftr pair 40: dE=-33267.8 m dN=-95774.6 m (from-pair-9 (phasecorr disagreed), support=None, peak=0.16032237420847387) 
imw-xoftr: Processing pair 40 from disk...
imw-xoftr: 0 match-sets in 0.00s
[Coarse] imw-xoftr pair 41: dE=-33267.8 m dN=-95774.6 m (from-pair-9 (phasecorr disagreed), support=None, peak=0.1293754681834468) 
imw-xoftr: Processing pair 41 from disk...
imw-xoftr: 0 match-sets in 0.00s
[Coarse] imw-xoftr pair 42: dE=-33267.8 m dN=-95774.6 m (from-pair-9 (phasecorr disagreed), support=None, peak=0.04043954435560439) 
imw-xoftr: Processing pair 42 from disk...
imw-xoftr: 0 match-sets in 0.00s
[Coarse] imw-xoftr pair 43: dE=-33267.8 m dN=-95774.6 m (from-pair-42, support=None, peak=None) 
imw-xoftr: Processing pair 43 from disk...
imw-xoftr: 0 match-sets in 0.00s
[Coarse] imw-xoftr pair 44: dE=-33267.8 m dN=-95774.6 m (from-pair-9 (phasecorr disagreed), support=None, peak=0.060047009852197436) 
imw-xoftr: Processing pair 44 from disk...
imw-xoftr: 0 match-sets in 0.00s
[Coarse] imw-xoftr pair 45: dE=-33267.8 m dN=-95774.6 m (from-pair-9 (phasecorr disagreed), support=None, peak=0.062489196923861616) 
imw-xoftr: Processing pair 45 from disk...
imw-xoftr: 0 match-sets in 0.00s
Saved:
 CHIP_STATS_ALL.csv
 CHIP_STATS_SURVIVORS.csv
 CONSENSUS_SCORES.csv
 BEST_CHIP_SET.csv
 BEST_CHIP_MANIFEST.csv
 BEST_FINAL_SUMMARY.csv
[band3] imw-xoftr ok in 0.3 min, peak GPU memory 1.8 of 15.6 GB
[imw-xoftr] Model unloaded.
--------------------------------------------------------------------------------
[band3] Running imw-omniglue
[imw-omniglue] Loading model...
[Coarse] pair 1: no reliable coarse offset (matcher: no matches; phasecorr: {'dx': 72221.31426491275, 'dy': -10662.850823270848, 'support': None, 'n': None, 'peak': 0.02032967514970684}); windows compared in place
[Coarse] pair 2: no reliable coarse offset (matcher: no matches; phasecorr: {'dx': 65394.283402378176, 'dy': -25649.46980266543, 'support': None, 'n': None, 'peak': 0.022622975002173116}); windows compared in place
[Coarse] pair 3: no reliable coarse offset (matcher: no matches; phasecorr: {'dx': -84951.32174473844, 'dy': -16333.25546038059, 'support': None, 'n': None, 'peak': 0.023098598562204843}); windows compared in place
[Coarse] pair 4: no reliable coarse offset (matcher: no matches; phasecorr: {'dx': -71296.19311950017, 'dy': -18548.86611268403, 'support': None, 'n': None, 'peak': 0.02308651422222401}); windows compared in place
[Coarse] pair 5: no reliable coarse offset (matcher: no matches; phasecorr: {'dx': -66471.0041660463, 'dy': 19677.698496104596, 'support': None, 'n': None, 'peak': 0.0007051175513875827}); windows compared in place
[Coarse] pair 6: no reliable coarse offset (matcher: no matches; phasecorr: {'dx': -63117.55771771344, 'dy': 45344.79793689909, 'support': None, 'n': None, 'peak': 0.016527041937588666}); windows compared in place
[Coarse] pair 9: no reliable coarse offset (matcher: no matches; phasecorr: {'dx': -16699.175274071407, 'dy': 24436.94053537555, 'support': None, 'n': None, 'peak': -0.010903077867296006}); windows compared in place
[Coarse] pair 11: no reliable coarse offset (matcher: no matches; phasecorr: {'dx': -17156.568569433253, 'dy': 26769.77008011288, 'support': None, 'n': None, 'peak': -0.005567667855156793}); windows compared in place
[Coarse] pair 12: no reliable coarse offset (matcher: no matches; phasecorr: {'dx': -54138.7373906018, 'dy': -62739.11738734777, 'support': None, 'n': None, 'peak': 0.019588654039171007}); windows compared in place
[Coarse] pair 13: no reliable coarse offset (matcher: no matches; phasecorr: {'dx': -3843.534072827219, 'dy': -91640.0194769223, 'support': None, 'n': None, 'peak': 0.015414013681642857}); windows compared in place
[Coarse] pair 15: no reliable coarse offset (matcher: no matches; phasecorr: {'dx': -94939.8559147267, 'dy': -82659.23661442024, 'support': None, 'n': None, 'peak': 0.008939644289605411}); windows compared in place
[Coarse] pair 16: no reliable coarse offset (matcher: no matches; phasecorr: {'dx': -60639.28459076655, 'dy': -33832.56066827953, 'support': None, 'n': None, 'peak': 0.007406430218281896}); windows compared in place
[Coarse] pair 17: no reliable coarse offset (matcher: no matches; phasecorr: {'dx': -75606.28869913492, 'dy': -40258.11314932236, 'support': None, 'n': None, 'peak': 0.002259464960529971}); windows compared in place
[Coarse] pair 18: no reliable coarse offset (matcher: no matches; phasecorr: {'dx': -47574.86505103309, 'dy': 30736.089922927127, 'support': None, 'n': None, 'peak': -0.005526255078658046}); windows compared in place
[Coarse] pair 19: no reliable coarse offset (matcher: no matches; phasecorr: {'dx': -134048.08681427932, 'dy': 22202.75100943282, 'support': None, 'n': None, 'peak': 0.01199757972153889}); windows compared in place
[Coarse] pair 20: no reliable coarse offset (matcher: no matches; phasecorr: {'dx': -51737.17622911178, 'dy': 31055.668515360256, 'support': None, 'n': None, 'peak': -0.013213375402903196}); windows compared in place
[Coarse] pair 22: no reliable coarse offset (matcher: no matches; phasecorr: {'dx': -22501.36818549658, 'dy': 56480.21235681643, 'support': None, 'n': None, 'peak': -0.0038632059607486176}); windows compared in place
[Coarse] pair 23: no reliable coarse offset (matcher: no matches; phasecorr: {'dx': -38768.62470648129, 'dy': 60272.71480887387, 'support': None, 'n': None, 'peak': 0.018053494174784593}); windows compared in place
[Coarse] pair 24: no reliable coarse offset (matcher: no matches; phasecorr: {'dx': 5060.875137458928, 'dy': -132702.46963164263, 'support': None, 'n': None, 'peak': 0.004566593000623915}); windows compared in place
[Coarse] pair 25: no reliable coarse offset (matcher: no matches; phasecorr: {'dx': 19115.97600195751, 'dy': -87876.18077077619, 'support': None, 'n': None, 'peak': 0.014515514945983887}); windows compared in place
[Coarse] pair 26: no reliable coarse offset (matcher: no matches; phasecorr: {'dx': -25110.617324353138, 'dy': -110321.271036598, 'support': None, 'n': None, 'peak': 0.028688357883029515}); windows compared in place
[Coarse] pair 27: no reliable coarse offset (matcher: no matches; phasecorr: {'dx': -24618.815192443915, 'dy': -51702.316299651786, 'support': None, 'n': None, 'peak': 0.024773373663302803}); windows compared in place
[Coarse] pair 28: no reliable coarse offset (matcher: no matches; phasecorr: {'dx': -34345.520193795004, 'dy': -31836.47230271583, 'support': None, 'n': None, 'peak': 0.007815724782982971}); windows compared in place
[Coarse] pair 29: no reliable coarse offset (matcher: no matches; phasecorr: {'dx': -23015.789594526494, 'dy': 27033.23829875427, 'support': None, 'n': None, 'peak': -0.010339975127467402}); windows compared in place
[Coarse] pair 30: no reliable coarse offset (matcher: no matches; phasecorr: {'dx': 44341.741084490575, 'dy': 33964.32140920293, 'support': None, 'n': None, 'peak': 0.012143600762135697}); windows compared in place
[Coarse] pair 32: no reliable coarse offset (matcher: no matches; phasecorr: {'dx': 76928.68966913699, 'dy': -17747.191922768525, 'support': None, 'n': None, 'peak': 0.018933949931462607}); windows compared in place
[Coarse] pair 33: no reliable coarse offset (matcher: no matches; phasecorr: {'dx': 76984.7825803246, 'dy': -17783.154749211222, 'support': None, 'n': None, 'peak': 0.01788282951116562}); windows compared in place
[Coarse] pair 36: no reliable coarse offset (matcher: no matches; phasecorr: {'dx': 19637.281743784188, 'dy': 28659.270855444367, 'support': None, 'n': None, 'peak': 0.011020430701750296}); windows compared in place
[Coarse] pair 37: no reliable coarse offset (matcher: no matches; phasecorr: {'dx': 7507.0015977467065, 'dy': 32833.49977892313, 'support': None, 'n': None, 'peak': 0.0048901353058991605}); windows compared in place
[Coarse] pair 38: no reliable coarse offset (matcher: no matches; phasecorr: {'dx': 23247.53686111282, 'dy': 17041.62175906921, 'support': None, 'n': None, 'peak': 0.019549365950219427}); windows compared in place
[Coarse] pair 43: no reliable coarse offset (matcher: no matches; phasecorr: {'dx': 59869.22805112187, 'dy': -96325.01557673489, 'support': None, 'n': None, 'peak': 0.00793376685672336}); windows compared in place
[Coarse] WARNING: imw-omniglue: the pairs' coarse offsets differ by up to 148 km, more than one image moves from place to place. Pairs with a wrong offset match the wrong ground (the chip consensus drops them when they are few); if most pairs disagree, check the input's pixel size and window size.
[Coarse] imw-omniglue pair 1: dE=-30060.9 m dN=24674.4 m (from-pair-7, support=None, peak=None) 
imw-omniglue: Processing pair 1 from disk...
imw-omniglue: 0 match-sets in 0.00s
[Coarse] imw-omniglue pair 2: dE=-30060.9 m dN=24674.4 m (from-pair-7, support=None, peak=None) 
imw-omniglue: Processing pair 2 from disk...
imw-omniglue: 0 match-sets in 0.00s
[Coarse] imw-omniglue pair 3: dE=73258.3 m dN=-12396.0 m (from-pair-14, support=None, peak=None) 
imw-omniglue: Processing pair 3 from disk...
imw-omniglue: 0 match-sets in 0.00s
[Coarse] imw-omniglue pair 4: dE=73258.3 m dN=-12396.0 m (from-pair-14, support=None, peak=None) 
imw-omniglue: Processing pair 4 from disk...
imw-omniglue: 0 match-sets in 0.00s
[Coarse] imw-omniglue pair 5: dE=73258.3 m dN=-12396.0 m (from-pair-14, support=None, peak=None) 
imw-omniglue: Processing pair 5 from disk...
imw-omniglue: 0 match-sets in 0.00s
[Coarse] imw-omniglue pair 6: dE=73258.3 m dN=-12396.0 m (from-pair-14, support=None, peak=None) 
imw-omniglue: Processing pair 6 from disk...
imw-omniglue: 0 match-sets in 0.00s
[Coarse] imw-omniglue pair 7: dE=-30060.9 m dN=24674.4 m (phasecorr@315m, support=None, peak=0.07485453462600708) 
imw-omniglue: Processing pair 7 from disk...
imw-omniglue: 0 match-sets in 0.00s
[Coarse] imw-omniglue pair 8: dE=-34085.2 m dN=23031.2 m (phasecorr@315m, support=None, peak=0.048964771058824325) 
imw-omniglue: Processing pair 8 from disk...
imw-omniglue: 0 match-sets in 0.00s
[Coarse] imw-omniglue pair 9: dE=-35432.1 m dN=24320.0 m (from-pair-10, support=None, peak=None) 
imw-omniglue: Processing pair 9 from disk...
imw-omniglue: 0 match-sets in 0.00s
[Coarse] imw-omniglue pair 10: dE=-35432.1 m dN=24320.0 m (phasecorr@315m, support=None, peak=0.12360441419813369) 
imw-omniglue: Processing pair 10 from disk...
imw-omniglue: 0 match-sets in 0.00s
[Coarse] imw-omniglue pair 11: dE=-34085.2 m dN=23031.2 m (from-pair-8, support=None, peak=None) 
imw-omniglue: Processing pair 11 from disk...
imw-omniglue: 0 match-sets in 0.00s
[Coarse] imw-omniglue pair 12: dE=73258.3 m dN=-12396.0 m (from-pair-14, support=None, peak=None) 
imw-omniglue: Processing pair 12 from disk...
imw-omniglue: 0 match-sets in 2.57s
[Coarse] imw-omniglue pair 13: dE=73258.3 m dN=-12396.0 m (from-pair-14, support=None, peak=None) 
imw-omniglue: Processing pair 13 from disk...
imw-omniglue: 0 match-sets in 2.59s
[Coarse] imw-omniglue pair 14: dE=73258.3 m dN=-12396.0 m (phasecorr@315m, support=None, peak=0.0750410366821289) 
imw-omniglue: Processing pair 14 from disk...
imw-omniglue: 0 match-sets in 2.63s
[Coarse] imw-omniglue pair 15: dE=73258.3 m dN=-12396.0 m (from-pair-14, support=None, peak=None) 
imw-omniglue: Processing pair 15 from disk...
imw-omniglue: 0 match-sets in 4.14s
[Coarse] imw-omniglue pair 16: dE=73258.3 m dN=-12396.0 m (from-pair-14, support=None, peak=None) 
imw-omniglue: Processing pair 16 from disk...
imw-omniglue: 0 match-sets in 4.11s
[Coarse] imw-omniglue pair 17: dE=73258.3 m dN=-12396.0 m (from-pair-14, support=None, peak=None) 
imw-omniglue: Processing pair 17 from disk...
imw-omniglue: 0 match-sets in 3.97s
[Coarse] imw-omniglue pair 18: dE=73258.3 m dN=-12396.0 m (from-pair-14, support=None, peak=None) 
imw-omniglue: Processing pair 18 from disk...
imw-omniglue: 0 match-sets in 2.51s
[Coarse] imw-omniglue pair 19: dE=73258.3 m dN=-12396.0 m (from-pair-14, support=None, peak=None) 
imw-omniglue: Processing pair 19 from disk...
imw-omniglue: 0 match-sets in 2.40s
[Coarse] imw-omniglue pair 20: dE=73258.3 m dN=-12396.0 m (from-pair-14, support=None, peak=None) 
imw-omniglue: Processing pair 20 from disk...
imw-omniglue: 0 match-sets in 2.46s
[Coarse] imw-omniglue pair 21: dE=-34651.5 m dN=64354.3 m (phasecorr@315m, support=None, peak=0.03061729173699524) 
imw-omniglue: Processing pair 21 from disk...
imw-omniglue: 0 match-sets in 0.00s
[Coarse] imw-omniglue pair 22: dE=-34651.5 m dN=64354.3 m (from-pair-21, support=None, peak=None) 
imw-omniglue: Processing pair 22 from disk...
imw-omniglue: 0 match-sets in 0.00s
[Coarse] imw-omniglue pair 23: dE=-34651.5 m dN=64354.3 m (from-pair-21, support=None, peak=None) 
imw-omniglue: Processing pair 23 from disk...
imw-omniglue: 0 match-sets in 0.00s
[Coarse] imw-omniglue pair 24: dE=75555.3 m dN=-16017.9 m (from-pair-34, support=None, peak=None) 
imw-omniglue: Processing pair 24 from disk...
imw-omniglue: 0 match-sets in 4.39s
[Coarse] imw-omniglue pair 25: dE=75555.3 m dN=-16017.9 m (from-pair-34, support=None, peak=None) 
imw-omniglue: Processing pair 25 from disk...
imw-omniglue: 0 match-sets in 4.32s
[Coarse] imw-omniglue pair 26: dE=75555.3 m dN=-16017.9 m (from-pair-34, support=None, peak=None) 
imw-omniglue: Processing pair 26 from disk...
imw-omniglue: 0 match-sets in 4.36s
[Coarse] imw-omniglue pair 27: dE=75555.3 m dN=-16017.9 m (from-pair-34, support=None, peak=None) 
imw-omniglue: Processing pair 27 from disk...
imw-omniglue: 0 match-sets in 7.40s
[Coarse] imw-omniglue pair 28: dE=75555.3 m dN=-16017.9 m (from-pair-34, support=None, peak=None) 
imw-omniglue: Processing pair 28 from disk...
imw-omniglue: 0 match-sets in 6.73s
[Coarse] imw-omniglue pair 29: dE=75555.3 m dN=-16017.9 m (from-pair-34, support=None, peak=None) 
imw-omniglue: Processing pair 29 from disk...
imw-omniglue: 0 match-sets in 0.01s
[Coarse] imw-omniglue pair 30: dE=29320.3 m dN=32717.6 m (from-pair-31, support=None, peak=None) 
imw-omniglue: Processing pair 30 from disk...
imw-omniglue: 0 match-sets in 0.00s
[Coarse] imw-omniglue pair 31: dE=29320.3 m dN=32717.6 m (phasecorr@315m, support=None, peak=0.11020252078648948) 
imw-omniglue: Processing pair 31 from disk...
imw-omniglue: 0 match-sets in 0.00s
[Coarse] imw-omniglue pair 32: dE=75555.3 m dN=-16017.9 m (from-pair-34, support=None, peak=None) 
imw-omniglue: Processing pair 32 from disk...
imw-omniglue: 0 match-sets in 4.01s
[Coarse] imw-omniglue pair 33: dE=75555.3 m dN=-16017.9 m (from-pair-34, support=None, peak=None) 
imw-omniglue: Processing pair 33 from disk...
imw-omniglue: 0 match-sets in 3.95s
[Coarse] imw-omniglue pair 34: dE=75555.3 m dN=-16017.9 m (phasecorr@315m, support=None, peak=0.06293188095092773) 
imw-omniglue: Processing pair 34 from disk...
imw-omniglue: 0 match-sets in 5.80s
[Coarse] imw-omniglue pair 35: dE=75568.1 m dN=-15961.2 m (phasecorr@315m, support=None, peak=0.0629165448612637) 
imw-omniglue: Processing pair 35 from disk...
imw-omniglue: 0 match-sets in 5.69s
[Coarse] imw-omniglue pair 36: dE=75568.1 m dN=-15961.2 m (from-pair-35, support=None, peak=None) 
imw-omniglue: Processing pair 36 from disk...
imw-omniglue: 0 match-sets in 2.12s
[Coarse] imw-omniglue pair 37: dE=75568.1 m dN=-15961.2 m (from-pair-35, support=None, peak=None) 
imw-omniglue: Processing pair 37 from disk...
imw-omniglue: 0 match-sets in 2.10s
[Coarse] imw-omniglue pair 38: dE=10133.5 m dN=16958.4 m (from-pair-39, support=None, peak=None) 
imw-omniglue: Processing pair 38 from disk...
imw-omniglue: 0 match-sets in 0.00s
[Coarse] imw-omniglue pair 39: dE=10133.5 m dN=16958.4 m (phasecorr@315m, support=None, peak=0.37484617568828443) 
imw-omniglue: Processing pair 39 from disk...
imw-omniglue: 0 match-sets in 0.00s
[Coarse] imw-omniglue pair 40: dE=76842.6 m dN=-18012.8 m (phasecorr@315m, support=None, peak=0.16032237420847387) 
imw-omniglue: Processing pair 40 from disk...
imw-omniglue: 0 match-sets in 1.38s
[Coarse] imw-omniglue pair 41: dE=76821.7 m dN=-17970.8 m (phasecorr@315m, support=None, peak=0.1293754681834468) 
imw-omniglue: Processing pair 41 from disk...
imw-omniglue: 0 match-sets in 1.42s
[Coarse] imw-omniglue pair 42: dE=71418.1 m dN=-83226.9 m (phasecorr@315m, support=None, peak=0.04043954435560439) 
imw-omniglue: Processing pair 42 from disk...
imw-omniglue: 0 match-sets in 1.31s
[Coarse] imw-omniglue pair 43: dE=71418.1 m dN=-83226.9 m (from-pair-42, support=None, peak=None) 
imw-omniglue: Processing pair 43 from disk...
imw-omniglue: 0 match-sets in 1.22s
[Coarse] imw-omniglue pair 44: dE=-66700.2 m dN=27164.4 m (phasecorr@315m, support=None, peak=0.060047009852197436) 
imw-omniglue: Processing pair 44 from disk...
imw-omniglue: 0 match-sets in 0.00s
[Coarse] imw-omniglue pair 45: dE=-65468.5 m dN=11952.3 m (phasecorr@315m, support=None, peak=0.062489196923861616) 
imw-omniglue: Processing pair 45 from disk...
imw-omniglue: 0 match-sets in 0.00s
No valid chip CSV files found.
[band3] imw-omniglue no-consensus in 4.0 min, peak GPU memory 0.0 of 15.6 GB
[imw-omniglue] Model unloaded.
--------------------------------------------------------------------------------
[band3] Running imw-gim-roma
[imw-gim-roma] Loading model...
[Coarse] pair 1: no reliable coarse offset (matcher: {'dx': -95203.91704559326, 'dy': -48931.10269546509, 'support': 14, 'n': 155, 'peak': None}; phasecorr: {'dx': 72221.31426491275, 'dy': -10662.850823270848, 'support': None, 'n': None, 'peak': 0.02032967514970684}); windows compared in place
[Coarse] pair 3: no reliable coarse offset (matcher: {'dx': -70980.8143043518, 'dy': 76122.33879089355, 'support': 2, 'n': 6, 'peak': None}; phasecorr: {'dx': -84951.32174473844, 'dy': -16333.25546038059, 'support': None, 'n': None, 'peak': 0.023098598562204843}); windows compared in place
[Coarse] pair 4: no reliable coarse offset (matcher: no matches; phasecorr: {'dx': -71296.19311950017, 'dy': -18548.86611268403, 'support': None, 'n': None, 'peak': 0.02308651422222401}); windows compared in place
[Coarse] pair 5: no reliable coarse offset (matcher: {'dx': -72246.87532424927, 'dy': 70675.43575286865, 'support': 4, 'n': 12, 'peak': None}; phasecorr: {'dx': -66471.0041660463, 'dy': 19677.698496104596, 'support': None, 'n': None, 'peak': 0.0007051175513875827}); windows compared in place
[Coarse] pair 6: no reliable coarse offset (matcher: {'dx': -90515.51507949829, 'dy': 87026.92348480225, 'support': 4, 'n': 6, 'peak': None}; phasecorr: {'dx': -63117.55771771344, 'dy': 45344.79793689909, 'support': None, 'n': None, 'peak': 0.016527041937588666}); windows compared in place
[Coarse] pair 13: no reliable coarse offset (matcher: no matches; phasecorr: {'dx': -3843.534072827219, 'dy': -91640.0194769223, 'support': None, 'n': None, 'peak': 0.015414013681642857}); windows compared in place
[Coarse] pair 15: no reliable coarse offset (matcher: no matches; phasecorr: {'dx': -94939.8559147267, 'dy': -82659.23661442024, 'support': None, 'n': None, 'peak': 0.008939644289605411}); windows compared in place
[Coarse] pair 16: no reliable coarse offset (matcher: {'dx': -82393.89621734619, 'dy': 37831.04049682617, 'support': 12, 'n': 146, 'peak': None}; phasecorr: {'dx': -60639.28459076655, 'dy': -33832.56066827953, 'support': None, 'n': None, 'peak': 0.007406430218281896}); windows compared in place
[Coarse] pair 17: no reliable coarse offset (matcher: {'dx': -30577.24937438965, 'dy': -1859.0267944335938, 'support': 11, 'n': 359, 'peak': None}; phasecorr: {'dx': -75606.28869913492, 'dy': -40258.11314932236, 'support': None, 'n': None, 'peak': 0.002259464960529971}); windows compared in place
[Coarse] pair 18: no reliable coarse offset (matcher: no matches; phasecorr: {'dx': -47574.86505103309, 'dy': 30736.089922927127, 'support': None, 'n': None, 'peak': -0.005526255078658046}); windows compared in place
[Coarse] pair 22: no reliable coarse offset (matcher: no matches; phasecorr: {'dx': -22501.36818549658, 'dy': 56480.21235681643, 'support': None, 'n': None, 'peak': -0.0038632059607486176}); windows compared in place
[Coarse] pair 23: no reliable coarse offset (matcher: no matches; phasecorr: {'dx': -38768.62470648129, 'dy': 60272.71480887387, 'support': None, 'n': None, 'peak': 0.018053494174784593}); windows compared in place
[Coarse] pair 24: no reliable coarse offset (matcher: {'dx': -100109.96658325195, 'dy': -95057.6570892334, 'support': 2, 'n': 6, 'peak': None}; phasecorr: {'dx': 5060.875137458928, 'dy': -132702.46963164263, 'support': None, 'n': None, 'peak': 0.004566593000623915}); windows compared in place
[Coarse] pair 25: no reliable coarse offset (matcher: {'dx': -11472.876205444336, 'dy': 31402.867469787598, 'support': 2, 'n': 47, 'peak': None}; phasecorr: {'dx': 19115.97600195751, 'dy': -87876.18077077619, 'support': None, 'n': None, 'peak': 0.014515514945983887}); windows compared in place
[Coarse] pair 26: no reliable coarse offset (matcher: {'dx': -24108.785705566406, 'dy': 26870.22434234619, 'support': 2, 'n': 137, 'peak': None}; phasecorr: {'dx': -25110.617324353138, 'dy': -110321.271036598, 'support': None, 'n': None, 'peak': 0.028688357883029515}); windows compared in place
[Coarse] pair 27: no reliable coarse offset (matcher: {'dx': 95298.57421875, 'dy': 50581.92672729492, 'support': 6, 'n': 48, 'peak': None}; phasecorr: {'dx': -24618.815192443915, 'dy': -51702.316299651786, 'support': None, 'n': None, 'peak': 0.024773373663302803}); windows compared in place
[Coarse] pair 28: no reliable coarse offset (matcher: {'dx': -1335.0153350830078, 'dy': 10106.921310424805, 'support': 3, 'n': 80, 'peak': None}; phasecorr: {'dx': -34345.520193795004, 'dy': -31836.47230271583, 'support': None, 'n': None, 'peak': 0.007815724782982971}); windows compared in place
[Coarse] pair 32: no reliable coarse offset (matcher: no matches; phasecorr: {'dx': 76928.68966913699, 'dy': -17747.191922768525, 'support': None, 'n': None, 'peak': 0.018933949931462607}); windows compared in place
[Coarse] pair 33: no reliable coarse offset (matcher: {'dx': -14521.098175048828, 'dy': -91709.86404418945, 'support': 1, 'n': 8, 'peak': None}; phasecorr: {'dx': 76984.7825803246, 'dy': -17783.154749211222, 'support': None, 'n': None, 'peak': 0.01788282951116562}); windows compared in place
[Coarse] pair 36: no reliable coarse offset (matcher: {'dx': 40217.568283081055, 'dy': 55615.95462799072, 'support': 4, 'n': 43, 'peak': None}; phasecorr: {'dx': 19637.281743784188, 'dy': 28659.270855444367, 'support': None, 'n': None, 'peak': 0.011020430701750296}); windows compared in place
[Coarse] pair 37: no reliable coarse offset (matcher: {'dx': 1776.4411926269531, 'dy': 92855.60348510742, 'support': 5, 'n': 84, 'peak': None}; phasecorr: {'dx': 7507.0015977467065, 'dy': 32833.49977892313, 'support': None, 'n': None, 'peak': 0.0048901353058991605}); windows compared in place
[Coarse] pair 2: the matcher gave dE=-97652 m dN=-59785 m on 63 matches, apart from the 6 pairs that agree; using pair 34's (dE=76792 m dN=-17992 m)
[Coarse] pair 7: the matcher gave dE=-35553 m dN=-98428 m on 103 matches, apart from the 6 pairs that agree; using pair 34's (dE=76792 m dN=-17992 m)
[Coarse] pair 8: the matcher gave dE=-32376 m dN=-97321 m on 99 matches, apart from the 6 pairs that agree; using pair 34's (dE=76792 m dN=-17992 m)
[Coarse] pair 9: the matcher gave dE=-44692 m dN=-95802 m on 92 matches, apart from the 6 pairs that agree; using pair 34's (dE=76792 m dN=-17992 m)
[Coarse] pair 10: the matcher gave dE=-29356 m dN=-99546 m on 45 matches, apart from the 6 pairs that agree; using pair 34's (dE=76792 m dN=-17992 m)
[Coarse] pair 11: the matcher gave dE=-27276 m dN=-97381 m on 8 matches, apart from the 6 pairs that agree; using pair 34's (dE=76792 m dN=-17992 m)
[Coarse] pair 12: the matcher gave dE=-47535 m dN=-63459 m on 28 matches, apart from the 6 pairs that agree; using pair 34's (dE=76792 m dN=-17992 m)
[Coarse] pair 19: the matcher gave dE=-38869 m dN=98003 m on 552 matches, apart from the 6 pairs that agree; using pair 34's (dE=76792 m dN=-17992 m)
[Coarse] pair 20: the matcher gave dE=-81015 m dN=95387 m on 559 matches, apart from the 6 pairs that agree; using pair 34's (dE=76792 m dN=-17992 m)
[Coarse] pair 21: the matcher gave dE=-59740 m dN=-100254 m on 30 matches, apart from the 6 pairs that agree; using pair 34's (dE=76792 m dN=-17992 m)
[Coarse] pair 29: the matcher gave dE=5629 m dN=98355 m on 13 matches, apart from the 6 pairs that agree; using pair 34's (dE=76792 m dN=-17992 m)
[Coarse] pair 30: the matcher gave dE=52367 m dN=-99500 m on 115 matches, apart from the 6 pairs that agree; using pair 34's (dE=76792 m dN=-17992 m)
[Coarse] pair 38: the matcher gave dE=25903 m dN=-99059 m on 379 matches, apart from the 6 pairs that agree; using pair 43's (dE=76743 m dN=-17951 m)
[Coarse] pair 39: the matcher gave dE=13357 m dN=-99985 m on 239 matches, apart from the 6 pairs that agree; using pair 43's (dE=76743 m dN=-17951 m)
[Coarse] pair 42: the matcher gave dE=94721 m dN=-17551 m on 49 matches, apart from the 6 pairs that agree; using pair 43's (dE=76743 m dN=-17951 m)
[Coarse] pair 45: the matcher gave dE=91015 m dN=56967 m on 36 matches, apart from the 6 pairs that agree; using pair 43's (dE=76743 m dN=-17951 m)
[Coarse] pair 14: phase correlation gave dE=73258 m dN=-12396 m, 6.6 km from every offset the matcher measured; using pair 34's (dE=76792 m dN=-17992 m)
[Coarse] pair 31: phase correlation gave dE=29320 m dN=32718 m, 69.4 km from every offset the matcher measured; using pair 34's (dE=76792 m dN=-17992 m)
[Coarse] pair 44: phase correlation gave dE=-66700 m dN=27164 m, 150.4 km from every offset the matcher measured; using pair 43's (dE=76743 m dN=-17951 m)
[Coarse] imw-gim-roma pair 1: dE=76792.4 m dN=-17991.6 m (from-pair-2, support=None, peak=None) 
imw-gim-roma: Processing pair 1 from disk...
imw-gim-roma: 0 match-sets in 0.00s
[Coarse] imw-gim-roma pair 2: dE=76792.4 m dN=-17991.6 m (from-pair-34 (matcher outlier), support=None, peak=None) 
imw-gim-roma: Processing pair 2 from disk...
imw-gim-roma: 0 match-sets in 0.00s
[Coarse] imw-gim-roma pair 3: dE=76792.4 m dN=-17991.6 m (from-pair-2, support=None, peak=None) 
imw-gim-roma: Processing pair 3 from disk...
imw-gim-roma: 0 match-sets in 0.00s
[Coarse] imw-gim-roma pair 4: dE=76792.4 m dN=-17991.6 m (from-pair-2, support=None, peak=None) 
imw-gim-roma: Processing pair 4 from disk...
imw-gim-roma: 0 match-sets in 0.00s
[Coarse] imw-gim-roma pair 5: dE=76792.4 m dN=-17991.6 m (from-pair-2, support=None, peak=None) 
imw-gim-roma: Processing pair 5 from disk...
imw-gim-roma: 0 match-sets in 0.00s
[Coarse] imw-gim-roma pair 6: dE=76792.4 m dN=-17991.6 m (from-pair-2, support=None, peak=None) 
imw-gim-roma: Processing pair 6 from disk...
imw-gim-roma: 0 match-sets in 0.00s
[Coarse] imw-gim-roma pair 7: dE=76792.4 m dN=-17991.6 m (from-pair-34 (matcher outlier), support=None, peak=None) 
imw-gim-roma: Processing pair 7 from disk...
imw-gim-roma: 0 match-sets in 0.00s
[Coarse] imw-gim-roma pair 8: dE=76792.4 m dN=-17991.6 m (from-pair-34 (matcher outlier), support=None, peak=None) 
imw-gim-roma: Processing pair 8 from disk...
imw-gim-roma: 0 match-sets in 0.00s
[Coarse] imw-gim-roma pair 9: dE=76792.4 m dN=-17991.6 m (from-pair-34 (matcher outlier), support=None, peak=None) 
imw-gim-roma: Processing pair 9 from disk...
imw-gim-roma: 0 match-sets in 0.00s
[Coarse] imw-gim-roma pair 10: dE=76792.4 m dN=-17991.6 m (from-pair-34 (matcher outlier), support=None, peak=None) 
imw-gim-roma: Processing pair 10 from disk...
imw-gim-roma: 0 match-sets in 0.00s
[Coarse] imw-gim-roma pair 11: dE=76792.4 m dN=-17991.6 m (from-pair-34 (matcher outlier), support=None, peak=None) 
imw-gim-roma: Processing pair 11 from disk...
imw-gim-roma: 0 match-sets in 0.00s
[Coarse] imw-gim-roma pair 12: dE=76792.4 m dN=-17991.6 m (from-pair-34 (matcher outlier), support=None, peak=None) 
imw-gim-roma: Processing pair 12 from disk...
imw-gim-roma: 1 match-sets in 1.18s
[Coarse] imw-gim-roma pair 13: dE=76792.4 m dN=-17991.6 m (from-pair-14, support=None, peak=None) 
imw-gim-roma: Processing pair 13 from disk...
imw-gim-roma: 1 match-sets in 1.15s
[Coarse] imw-gim-roma pair 14: dE=76792.4 m dN=-17991.6 m (from-pair-34 (phasecorr disagreed), support=None, peak=0.0750410366821289) 
imw-gim-roma: Processing pair 14 from disk...
imw-gim-roma: 1 match-sets in 1.18s
[Coarse] imw-gim-roma pair 15: dE=76792.4 m dN=-17991.6 m (from-pair-12, support=None, peak=None) 
imw-gim-roma: Processing pair 15 from disk...
imw-gim-roma: 1 match-sets in 1.25s
[Coarse] imw-gim-roma pair 16: dE=76792.4 m dN=-17991.6 m (from-pair-12, support=None, peak=None) 
imw-gim-roma: Processing pair 16 from disk...
imw-gim-roma: 1 match-sets in 1.30s
[Coarse] imw-gim-roma pair 17: dE=76792.4 m dN=-17991.6 m (from-pair-12, support=None, peak=None) 
imw-gim-roma: Processing pair 17 from disk...
imw-gim-roma: 1 match-sets in 1.21s
[Coarse] imw-gim-roma pair 18: dE=76792.4 m dN=-17991.6 m (from-pair-20, support=None, peak=None) 
imw-gim-roma: Processing pair 18 from disk...
imw-gim-roma: 1 match-sets in 1.17s
[Coarse] imw-gim-roma pair 19: dE=76792.4 m dN=-17991.6 m (from-pair-34 (matcher outlier), support=None, peak=None) 
imw-gim-roma: Processing pair 19 from disk...
imw-gim-roma: 1 match-sets in 1.15s
[Coarse] imw-gim-roma pair 20: dE=76792.4 m dN=-17991.6 m (from-pair-34 (matcher outlier), support=None, peak=None) 
imw-gim-roma: Processing pair 20 from disk...
imw-gim-roma: 1 match-sets in 1.19s
[Coarse] imw-gim-roma pair 21: dE=76792.4 m dN=-17991.6 m (from-pair-34 (matcher outlier), support=None, peak=None) 
imw-gim-roma: Processing pair 21 from disk...
imw-gim-roma: 0 match-sets in 0.00s
[Coarse] imw-gim-roma pair 22: dE=76792.4 m dN=-17991.6 m (from-pair-21, support=None, peak=None) 
imw-gim-roma: Processing pair 22 from disk...
imw-gim-roma: 0 match-sets in 0.00s
[Coarse] imw-gim-roma pair 23: dE=76792.4 m dN=-17991.6 m (from-pair-21, support=None, peak=None) 
imw-gim-roma: Processing pair 23 from disk...
imw-gim-roma: 0 match-sets in 0.00s
[Coarse] imw-gim-roma pair 24: dE=76792.4 m dN=-17991.6 m (from-pair-29, support=None, peak=None) 
imw-gim-roma: Processing pair 24 from disk...
imw-gim-roma: 1 match-sets in 1.29s
[Coarse] imw-gim-roma pair 25: dE=76792.4 m dN=-17991.6 m (from-pair-29, support=None, peak=None) 
imw-gim-roma: Processing pair 25 from disk...
imw-gim-roma: 1 match-sets in 1.32s
[Coarse] imw-gim-roma pair 26: dE=76792.4 m dN=-17991.6 m (from-pair-29, support=None, peak=None) 
imw-gim-roma: Processing pair 26 from disk...
imw-gim-roma: 1 match-sets in 1.26s
[Coarse] imw-gim-roma pair 27: dE=76792.4 m dN=-17991.6 m (from-pair-29, support=None, peak=None) 
imw-gim-roma: Processing pair 27 from disk...
imw-gim-roma: 1 match-sets in 1.33s
[Coarse] imw-gim-roma pair 28: dE=76792.4 m dN=-17991.6 m (from-pair-29, support=None, peak=None) 
imw-gim-roma: Processing pair 28 from disk...
imw-gim-roma: 1 match-sets in 1.32s
[Coarse] imw-gim-roma pair 29: dE=76792.4 m dN=-17991.6 m (from-pair-34 (matcher outlier), support=None, peak=None) 
imw-gim-roma: Processing pair 29 from disk...
imw-gim-roma: 0 match-sets in 0.01s
[Coarse] imw-gim-roma pair 30: dE=76792.4 m dN=-17991.6 m (from-pair-34 (matcher outlier), support=None, peak=None) 
imw-gim-roma: Processing pair 30 from disk...
imw-gim-roma: 0 match-sets in 0.00s
[Coarse] imw-gim-roma pair 31: dE=76792.4 m dN=-17991.6 m (from-pair-34 (phasecorr disagreed), support=None, peak=0.11020252078648948) 
imw-gim-roma: Processing pair 31 from disk...
imw-gim-roma: 0 match-sets in 0.00s
[Coarse] imw-gim-roma pair 32: dE=76792.4 m dN=-17991.6 m (from-pair-34, support=None, peak=None) 
imw-gim-roma: Processing pair 32 from disk...
imw-gim-roma: 1 match-sets in 1.26s
[Coarse] imw-gim-roma pair 33: dE=76792.4 m dN=-17991.6 m (from-pair-34, support=None, peak=None) 
imw-gim-roma: Processing pair 33 from disk...
imw-gim-roma: 1 match-sets in 1.28s
[Coarse] imw-gim-roma pair 34: dE=76792.4 m dN=-17991.6 m (matcher@315m, support=2886, peak=None) 
imw-gim-roma: Processing pair 34 from disk...
imw-gim-roma: 1 match-sets in 1.25s
[Coarse] imw-gim-roma pair 35: dE=76740.8 m dN=-18060.3 m (matcher@315m, support=3889, peak=None) 
imw-gim-roma: Processing pair 35 from disk...
imw-gim-roma: 1 match-sets in 1.28s
[Coarse] imw-gim-roma pair 36: dE=76740.8 m dN=-18060.3 m (from-pair-35, support=None, peak=None) 
imw-gim-roma: Processing pair 36 from disk...
imw-gim-roma: 0 match-sets in 0.01s
[Coarse] imw-gim-roma pair 37: dE=76740.8 m dN=-18060.3 m (from-pair-35, support=None, peak=None) 
imw-gim-roma: Processing pair 37 from disk...
imw-gim-roma: 0 match-sets in 0.01s
[Coarse] imw-gim-roma pair 38: dE=76743.1 m dN=-17951.2 m (from-pair-43 (matcher outlier), support=None, peak=None) 
imw-gim-roma: Processing pair 38 from disk...
imw-gim-roma: 0 match-sets in 0.00s
[Coarse] imw-gim-roma pair 39: dE=76743.1 m dN=-17951.2 m (from-pair-43 (matcher outlier), support=None, peak=None) 
imw-gim-roma: Processing pair 39 from disk...
imw-gim-roma: 0 match-sets in 0.00s
[Coarse] imw-gim-roma pair 40: dE=76842.6 m dN=-18012.8 m (phasecorr@315m, support=None, peak=0.16032237420847387) 
imw-gim-roma: Processing pair 40 from disk...
imw-gim-roma: 1 match-sets in 1.17s
[Coarse] imw-gim-roma pair 41: dE=76821.7 m dN=-17970.8 m (phasecorr@315m, support=None, peak=0.1293754681834468) 
imw-gim-roma: Processing pair 41 from disk...
imw-gim-roma: 1 match-sets in 1.23s
[Coarse] imw-gim-roma pair 42: dE=76743.1 m dN=-17951.2 m (from-pair-43 (matcher outlier), support=None, peak=None) 
imw-gim-roma: Processing pair 42 from disk...
imw-gim-roma: 1 match-sets in 1.22s
[Coarse] imw-gim-roma pair 43: dE=76743.1 m dN=-17951.2 m (matcher@315m, support=919, peak=None) 
imw-gim-roma: Processing pair 43 from disk...
imw-gim-roma: 1 match-sets in 1.18s
[Coarse] imw-gim-roma pair 44: dE=76743.1 m dN=-17951.2 m (from-pair-43 (phasecorr disagreed), support=None, peak=0.060047009852197436) 
imw-gim-roma: Processing pair 44 from disk...
imw-gim-roma: 0 match-sets in 0.00s
[Coarse] imw-gim-roma pair 45: dE=76743.1 m dN=-17951.2 m (from-pair-43 (matcher outlier), support=None, peak=None) 
imw-gim-roma: Processing pair 45 from disk...
imw-gim-roma: 0 match-sets in 0.00s
No configuration survived the chip consensus filter.
[band3] imw-gim-roma no-consensus in 1.5 min, peak GPU memory 5.4 of 15.6 GB
[imw-gim-roma] Model unloaded.
--------------------------------------------------------------------------------
[band3] Running imw-gim-dkm
[imw-gim-dkm] Loading model...
[Coarse] pair 1: no reliable coarse offset (matcher: no matches; phasecorr: {'dx': 72221.31426491275, 'dy': -10662.850823270848, 'support': None, 'n': None, 'peak': 0.02032967514970684}); windows compared in place
[Coarse] pair 2: no reliable coarse offset (matcher: no matches; phasecorr: {'dx': 65394.283402378176, 'dy': -25649.46980266543, 'support': None, 'n': None, 'peak': 0.022622975002173116}); windows compared in place
[Coarse] pair 3: no reliable coarse offset (matcher: no matches; phasecorr: {'dx': -84951.32174473844, 'dy': -16333.25546038059, 'support': None, 'n': None, 'peak': 0.023098598562204843}); windows compared in place
[Coarse] pair 4: no reliable coarse offset (matcher: no matches; phasecorr: {'dx': -71296.19311950017, 'dy': -18548.86611268403, 'support': None, 'n': None, 'peak': 0.02308651422222401}); windows compared in place
[Coarse] pair 9: no reliable coarse offset (matcher: no matches; phasecorr: {'dx': -16699.175274071407, 'dy': 24436.94053537555, 'support': None, 'n': None, 'peak': -0.010903077867296006}); windows compared in place
[Coarse] pair 11: no reliable coarse offset (matcher: no matches; phasecorr: {'dx': -17156.568569433253, 'dy': 26769.77008011288, 'support': None, 'n': None, 'peak': -0.005567667855156793}); windows compared in place
[Coarse] pair 12: no reliable coarse offset (matcher: {'dx': -92820.85956573486, 'dy': -76689.05616760254, 'support': 12, 'n': 329, 'peak': None}; phasecorr: {'dx': -54138.7373906018, 'dy': -62739.11738734777, 'support': None, 'n': None, 'peak': 0.019588654039171007}); windows compared in place
[Coarse] pair 16: no reliable coarse offset (matcher: {'dx': -72859.66918945312, 'dy': 22885.892028808594, 'support': 5, 'n': 156, 'peak': None}; phasecorr: {'dx': -60639.28459076655, 'dy': -33832.56066827953, 'support': None, 'n': None, 'peak': 0.007406430218281896}); windows compared in place
[Coarse] pair 17: no reliable coarse offset (matcher: {'dx': -91433.78723144531, 'dy': 26788.962936401367, 'support': 10, 'n': 189, 'peak': None}; phasecorr: {'dx': -75606.28869913492, 'dy': -40258.11314932236, 'support': None, 'n': None, 'peak': 0.002259464960529971}); windows compared in place
[Coarse] pair 20: no reliable coarse offset (matcher: {'dx': -99801.13334655762, 'dy': 94971.00517272949, 'support': 4, 'n': 4, 'peak': None}; phasecorr: {'dx': -51737.17622911178, 'dy': 31055.668515360256, 'support': None, 'n': None, 'peak': -0.013213375402903196}); windows compared in place
[Coarse] pair 22: no reliable coarse offset (matcher: no matches; phasecorr: {'dx': -22501.36818549658, 'dy': 56480.21235681643, 'support': None, 'n': None, 'peak': -0.0038632059607486176}); windows compared in place
[Coarse] pair 23: no reliable coarse offset (matcher: no matches; phasecorr: {'dx': -38768.62470648129, 'dy': 60272.71480887387, 'support': None, 'n': None, 'peak': 0.018053494174784593}); windows compared in place
[Coarse] pair 24: no reliable coarse offset (matcher: {'dx': 24202.589721679688, 'dy': -55338.91410827637, 'support': 3, 'n': 21, 'peak': None}; phasecorr: {'dx': 5060.875137458928, 'dy': -132702.46963164263, 'support': None, 'n': None, 'peak': 0.004566593000623915}); windows compared in place
[Coarse] pair 25: no reliable coarse offset (matcher: no matches; phasecorr: {'dx': 19115.97600195751, 'dy': -87876.18077077619, 'support': None, 'n': None, 'peak': 0.014515514945983887}); windows compared in place
[Coarse] pair 26: no reliable coarse offset (matcher: {'dx': -26145.91323852539, 'dy': -83871.87423706055, 'support': 3, 'n': 134, 'peak': None}; phasecorr: {'dx': -25110.617324353138, 'dy': -110321.271036598, 'support': None, 'n': None, 'peak': 0.028688357883029515}); windows compared in place
[Coarse] pair 27: no reliable coarse offset (matcher: {'dx': -70355.28076171875, 'dy': 21309.40200805664, 'support': 2, 'n': 124, 'peak': None}; phasecorr: {'dx': -24618.815192443915, 'dy': -51702.316299651786, 'support': None, 'n': None, 'peak': 0.024773373663302803}); windows compared in place
[Coarse] pair 28: no reliable coarse offset (matcher: {'dx': 59860.9684753418, 'dy': 32680.740509033203, 'support': 6, 'n': 285, 'peak': None}; phasecorr: {'dx': -34345.520193795004, 'dy': -31836.47230271583, 'support': None, 'n': None, 'peak': 0.007815724782982971}); windows compared in place
[Coarse] pair 29: no reliable coarse offset (matcher: {'dx': -42904.695739746094, 'dy': 70036.77680969238, 'support': 3, 'n': 59, 'peak': None}; phasecorr: {'dx': -23015.789594526494, 'dy': 27033.23829875427, 'support': None, 'n': None, 'peak': -0.010339975127467402}); windows compared in place
[Coarse] pair 30: no reliable coarse offset (matcher: no matches; phasecorr: {'dx': 44341.741084490575, 'dy': 33964.32140920293, 'support': None, 'n': None, 'peak': 0.012143600762135697}); windows compared in place
[Coarse] pair 32: no reliable coarse offset (matcher: no matches; phasecorr: {'dx': 76928.68966913699, 'dy': -17747.191922768525, 'support': None, 'n': None, 'peak': 0.018933949931462607}); windows compared in place
[Coarse] pair 33: no reliable coarse offset (matcher: no matches; phasecorr: {'dx': 76984.7825803246, 'dy': -17783.154749211222, 'support': None, 'n': None, 'peak': 0.01788282951116562}); windows compared in place
[Coarse] pair 36: no reliable coarse offset (matcher: no matches; phasecorr: {'dx': 19637.281743784188, 'dy': 28659.270855444367, 'support': None, 'n': None, 'peak': 0.011020430701750296}); windows compared in place
[Coarse] pair 37: no reliable coarse offset (matcher: {'dx': 79804.87701416016, 'dy': 86095.85037231445, 'support': 19, 'n': 289, 'peak': None}; phasecorr: {'dx': 7507.0015977467065, 'dy': 32833.49977892313, 'support': None, 'n': None, 'peak': 0.0048901353058991605}); windows compared in place
[Coarse] pair 38: no reliable coarse offset (matcher: no matches; phasecorr: {'dx': 23247.53686111282, 'dy': 17041.62175906921, 'support': None, 'n': None, 'peak': 0.019549365950219427}); windows compared in place
[Coarse] pair 43: no reliable coarse offset (matcher: no matches; phasecorr: {'dx': 59869.22805112187, 'dy': -96325.01557673489, 'support': None, 'n': None, 'peak': 0.00793376685672336}); windows compared in place
[Coarse] pair 5: the matcher gave dE=-79521 m dN=87691 m on 144 matches, apart from the 1 pairs that agree; using pair 34's (dE=58021 m dN=-17775 m)
[Coarse] pair 6: the matcher gave dE=-70902 m dN=92055 m on 112 matches, apart from the 1 pairs that agree; using pair 34's (dE=58021 m dN=-17775 m)
[Coarse] pair 13: the matcher gave dE=-92722 m dN=-86171 m on 53 matches, apart from the 1 pairs that agree; using pair 34's (dE=58021 m dN=-17775 m)
[Coarse] pair 14: the matcher gave dE=-93089 m dN=-83302 m on 115 matches, apart from the 1 pairs that agree; using pair 34's (dE=58021 m dN=-17775 m)
[Coarse] pair 15: the matcher gave dE=-82592 m dN=35123 m on 10 matches, apart from the 1 pairs that agree; using pair 34's (dE=58021 m dN=-17775 m)
[Coarse] pair 18: the matcher gave dE=-62252 m dN=76658 m on 10 matches, apart from the 1 pairs that agree; using pair 34's (dE=58021 m dN=-17775 m)
[Coarse] pair 19: the matcher gave dE=-56913 m dN=91684 m on 11 matches, apart from the 1 pairs that agree; using pair 34's (dE=58021 m dN=-17775 m)
[Coarse] pair 39: the matcher gave dE=41040 m dN=-98905 m on 22 matches, apart from the 1 pairs that agree; using pair 34's (dE=58021 m dN=-17775 m)
[Coarse] pair 7: phase correlation gave dE=-30061 m dN=24674 m, 97.8 km from every offset the matcher measured; using pair 34's (dE=58021 m dN=-17775 m)
[Coarse] pair 8: phase correlation gave dE=-34085 m dN=23031 m, 100.7 km from every offset the matcher measured; using pair 34's (dE=58021 m dN=-17775 m)
[Coarse] pair 10: phase correlation gave dE=-35432 m dN=24320 m, 102.5 km from every offset the matcher measured; using pair 34's (dE=58021 m dN=-17775 m)
[Coarse] pair 21: phase correlation gave dE=-34652 m dN=64354 m, 123.8 km from every offset the matcher measured; using pair 34's (dE=58021 m dN=-17775 m)
[Coarse] pair 31: phase correlation gave dE=29320 m dN=32718 m, 58.1 km from every offset the matcher measured; using pair 34's (dE=58021 m dN=-17775 m)
[Coarse] pair 35: phase correlation gave dE=75568 m dN=-15961 m, 17.6 km from every offset the matcher measured; using pair 34's (dE=58021 m dN=-17775 m)
[Coarse] pair 40: phase correlation gave dE=76843 m dN=-18013 m, 18.8 km from every offset the matcher measured; using pair 34's (dE=58021 m dN=-17775 m)
[Coarse] pair 41: phase correlation gave dE=76822 m dN=-17971 m, 18.8 km from every offset the matcher measured; using pair 34's (dE=58021 m dN=-17775 m)
[Coarse] pair 42: phase correlation gave dE=71418 m dN=-83227 m, 66.8 km from every offset the matcher measured; using pair 34's (dE=58021 m dN=-17775 m)
[Coarse] pair 44: phase correlation gave dE=-66700 m dN=27164 m, 132.6 km from every offset the matcher measured; using pair 34's (dE=58021 m dN=-17775 m)
[Coarse] pair 45: phase correlation gave dE=-65469 m dN=11952 m, 127.0 km from every offset the matcher measured; using pair 34's (dE=58021 m dN=-17775 m)
[Coarse] imw-gim-dkm pair 1: dE=58021.5 m dN=-17775.0 m (from-pair-7, support=None, peak=None) 
imw-gim-dkm: Processing pair 1 from disk...
imw-gim-dkm: 0 match-sets in 0.00s
[Coarse] imw-gim-dkm pair 2: dE=58021.5 m dN=-17775.0 m (from-pair-7, support=None, peak=None) 
imw-gim-dkm: Processing pair 2 from disk...
imw-gim-dkm: 0 match-sets in 0.00s
[Coarse] imw-gim-dkm pair 3: dE=58021.5 m dN=-17775.0 m (from-pair-5, support=None, peak=None) 
imw-gim-dkm: Processing pair 3 from disk...
imw-gim-dkm: 0 match-sets in 0.00s
[Coarse] imw-gim-dkm pair 4: dE=58021.5 m dN=-17775.0 m (from-pair-5, support=None, peak=None) 
imw-gim-dkm: Processing pair 4 from disk...
imw-gim-dkm: 0 match-sets in 0.00s
[Coarse] imw-gim-dkm pair 5: dE=58021.5 m dN=-17775.0 m (from-pair-34 (matcher outlier), support=None, peak=None) 
imw-gim-dkm: Processing pair 5 from disk...
imw-gim-dkm: 0 match-sets in 0.00s
[Coarse] imw-gim-dkm pair 6: dE=58021.5 m dN=-17775.0 m (from-pair-34 (matcher outlier), support=None, peak=None) 
imw-gim-dkm: Processing pair 6 from disk...
imw-gim-dkm: 0 match-sets in 0.00s
[Coarse] imw-gim-dkm pair 7: dE=58021.5 m dN=-17775.0 m (from-pair-34 (phasecorr disagreed), support=None, peak=0.07485453462600708) 
imw-gim-dkm: Processing pair 7 from disk...
imw-gim-dkm: 0 match-sets in 0.00s
[Coarse] imw-gim-dkm pair 8: dE=58021.5 m dN=-17775.0 m (from-pair-34 (phasecorr disagreed), support=None, peak=0.048964771058824325) 
imw-gim-dkm: Processing pair 8 from disk...
imw-gim-dkm: 0 match-sets in 0.00s
[Coarse] imw-gim-dkm pair 9: dE=58021.5 m dN=-17775.0 m (from-pair-10, support=None, peak=None) 
imw-gim-dkm: Processing pair 9 from disk...
imw-gim-dkm: 0 match-sets in 0.00s
[Coarse] imw-gim-dkm pair 10: dE=58021.5 m dN=-17775.0 m (from-pair-34 (phasecorr disagreed), support=None, peak=0.12360441419813369) 
imw-gim-dkm: Processing pair 10 from disk...
imw-gim-dkm: 0 match-sets in 0.00s
[Coarse] imw-gim-dkm pair 11: dE=58021.5 m dN=-17775.0 m (from-pair-8, support=None, peak=None) 
imw-gim-dkm: Processing pair 11 from disk...
imw-gim-dkm: 0 match-sets in 0.00s
[Coarse] imw-gim-dkm pair 12: dE=58021.5 m dN=-17775.0 m (from-pair-14, support=None, peak=None) 
imw-gim-dkm: Processing pair 12 from disk...
imw-gim-dkm: 0 match-sets in 1.89s
[Coarse] imw-gim-dkm pair 13: dE=58021.5 m dN=-17775.0 m (from-pair-34 (matcher outlier), support=None, peak=None) 
imw-gim-dkm: Processing pair 13 from disk...
imw-gim-dkm: 0 match-sets in 1.90s
[Coarse] imw-gim-dkm pair 14: dE=58021.5 m dN=-17775.0 m (from-pair-34 (matcher outlier), support=None, peak=None) 
imw-gim-dkm: Processing pair 14 from disk...
imw-gim-dkm: 0 match-sets in 1.95s
[Coarse] imw-gim-dkm pair 15: dE=58021.5 m dN=-17775.0 m (from-pair-34 (matcher outlier), support=None, peak=None) 
imw-gim-dkm: Processing pair 15 from disk...
imw-gim-dkm: 1 match-sets in 1.98s
[Coarse] imw-gim-dkm pair 16: dE=58021.5 m dN=-17775.0 m (from-pair-15, support=None, peak=None) 
imw-gim-dkm: Processing pair 16 from disk...
imw-gim-dkm: 0 match-sets in 1.92s
[Coarse] imw-gim-dkm pair 17: dE=58021.5 m dN=-17775.0 m (from-pair-15, support=None, peak=None) 
imw-gim-dkm: Processing pair 17 from disk...
imw-gim-dkm: 0 match-sets in 1.92s
[Coarse] imw-gim-dkm pair 18: dE=58021.5 m dN=-17775.0 m (from-pair-34 (matcher outlier), support=None, peak=None) 
imw-gim-dkm: Processing pair 18 from disk...
imw-gim-dkm: 0 match-sets in 1.87s
[Coarse] imw-gim-dkm pair 19: dE=58021.5 m dN=-17775.0 m (from-pair-34 (matcher outlier), support=None, peak=None) 
imw-gim-dkm: Processing pair 19 from disk...
imw-gim-dkm: 0 match-sets in 1.92s
[Coarse] imw-gim-dkm pair 20: dE=58021.5 m dN=-17775.0 m (from-pair-19, support=None, peak=None) 
imw-gim-dkm: Processing pair 20 from disk...
imw-gim-dkm: 0 match-sets in 1.83s
[Coarse] imw-gim-dkm pair 21: dE=58021.5 m dN=-17775.0 m (from-pair-34 (phasecorr disagreed), support=None, peak=0.03061729173699524) 
imw-gim-dkm: Processing pair 21 from disk...
imw-gim-dkm: 0 match-sets in 0.00s
[Coarse] imw-gim-dkm pair 22: dE=58021.5 m dN=-17775.0 m (from-pair-21, support=None, peak=None) 
imw-gim-dkm: Processing pair 22 from disk...
imw-gim-dkm: 0 match-sets in 0.00s
[Coarse] imw-gim-dkm pair 23: dE=58021.5 m dN=-17775.0 m (from-pair-21, support=None, peak=None) 
imw-gim-dkm: Processing pair 23 from disk...
imw-gim-dkm: 0 match-sets in 0.00s
[Coarse] imw-gim-dkm pair 24: dE=58021.5 m dN=-17775.0 m (from-pair-15, support=None, peak=None) 
imw-gim-dkm: Processing pair 24 from disk...
imw-gim-dkm: 0 match-sets in 2.07s
[Coarse] imw-gim-dkm pair 25: dE=58021.5 m dN=-17775.0 m (from-pair-15, support=None, peak=None) 
imw-gim-dkm: Processing pair 25 from disk...
imw-gim-dkm: 1 match-sets in 2.07s
[Coarse] imw-gim-dkm pair 26: dE=58021.5 m dN=-17775.0 m (from-pair-15, support=None, peak=None) 
imw-gim-dkm: Processing pair 26 from disk...
imw-gim-dkm: 1 match-sets in 2.07s
[Coarse] imw-gim-dkm pair 27: dE=58021.5 m dN=-17775.0 m (from-pair-15, support=None, peak=None) 
imw-gim-dkm: Processing pair 27 from disk...
imw-gim-dkm: 1 match-sets in 2.09s
[Coarse] imw-gim-dkm pair 28: dE=58021.5 m dN=-17775.0 m (from-pair-15, support=None, peak=None) 
imw-gim-dkm: Processing pair 28 from disk...
imw-gim-dkm: 1 match-sets in 2.12s
[Coarse] imw-gim-dkm pair 29: dE=58021.5 m dN=-17775.0 m (from-pair-18, support=None, peak=None) 
imw-gim-dkm: Processing pair 29 from disk...
imw-gim-dkm: 0 match-sets in 0.01s
[Coarse] imw-gim-dkm pair 30: dE=58021.5 m dN=-17775.0 m (from-pair-31, support=None, peak=None) 
imw-gim-dkm: Processing pair 30 from disk...
imw-gim-dkm: 0 match-sets in 0.00s
[Coarse] imw-gim-dkm pair 31: dE=58021.5 m dN=-17775.0 m (from-pair-34 (phasecorr disagreed), support=None, peak=0.11020252078648948) 
imw-gim-dkm: Processing pair 31 from disk...
imw-gim-dkm: 0 match-sets in 0.00s
[Coarse] imw-gim-dkm pair 32: dE=58021.5 m dN=-17775.0 m (from-pair-34, support=None, peak=None) 
imw-gim-dkm: Processing pair 32 from disk...
imw-gim-dkm: 1 match-sets in 2.02s
[Coarse] imw-gim-dkm pair 33: dE=58021.5 m dN=-17775.0 m (from-pair-34, support=None, peak=None) 
imw-gim-dkm: Processing pair 33 from disk...
imw-gim-dkm: 1 match-sets in 2.03s
[Coarse] imw-gim-dkm pair 34: dE=58021.5 m dN=-17775.0 m (matcher@315m, support=3668, peak=None) 
imw-gim-dkm: Processing pair 34 from disk...
imw-gim-dkm: 1 match-sets in 2.04s
[Coarse] imw-gim-dkm pair 35: dE=58021.5 m dN=-17775.0 m (from-pair-34 (phasecorr disagreed), support=None, peak=0.0629165448612637) 
imw-gim-dkm: Processing pair 35 from disk...
imw-gim-dkm: 1 match-sets in 2.07s
[Coarse] imw-gim-dkm pair 36: dE=58021.5 m dN=-17775.0 m (from-pair-35, support=None, peak=None) 
imw-gim-dkm: Processing pair 36 from disk...
imw-gim-dkm: 0 match-sets in 0.01s
[Coarse] imw-gim-dkm pair 37: dE=58021.5 m dN=-17775.0 m (from-pair-35, support=None, peak=None) 
imw-gim-dkm: Processing pair 37 from disk...
imw-gim-dkm: 0 match-sets in 0.01s
[Coarse] imw-gim-dkm pair 38: dE=58021.5 m dN=-17775.0 m (from-pair-39, support=None, peak=None) 
imw-gim-dkm: Processing pair 38 from disk...
imw-gim-dkm: 0 match-sets in 0.00s
[Coarse] imw-gim-dkm pair 39: dE=58021.5 m dN=-17775.0 m (from-pair-34 (matcher outlier), support=None, peak=None) 
imw-gim-dkm: Processing pair 39 from disk...
imw-gim-dkm: 0 match-sets in 0.00s
[Coarse] imw-gim-dkm pair 40: dE=58021.5 m dN=-17775.0 m (from-pair-34 (phasecorr disagreed), support=None, peak=0.16032237420847387) 
imw-gim-dkm: Processing pair 40 from disk...
imw-gim-dkm: 1 match-sets in 1.89s
[Coarse] imw-gim-dkm pair 41: dE=58021.5 m dN=-17775.0 m (from-pair-34 (phasecorr disagreed), support=None, peak=0.1293754681834468) 
imw-gim-dkm: Processing pair 41 from disk...
imw-gim-dkm: 0 match-sets in 1.93s
[Coarse] imw-gim-dkm pair 42: dE=58021.5 m dN=-17775.0 m (from-pair-34 (phasecorr disagreed), support=None, peak=0.04043954435560439) 
imw-gim-dkm: Processing pair 42 from disk...
imw-gim-dkm: 0 match-sets in 1.89s
[Coarse] imw-gim-dkm pair 43: dE=58021.5 m dN=-17775.0 m (from-pair-42, support=None, peak=None) 
imw-gim-dkm: Processing pair 43 from disk...
imw-gim-dkm: 0 match-sets in 1.88s
[Coarse] imw-gim-dkm pair 44: dE=58021.5 m dN=-17775.0 m (from-pair-34 (phasecorr disagreed), support=None, peak=0.060047009852197436) 
imw-gim-dkm: Processing pair 44 from disk...
imw-gim-dkm: 0 match-sets in 0.00s
[Coarse] imw-gim-dkm pair 45: dE=58021.5 m dN=-17775.0 m (from-pair-34 (phasecorr disagreed), support=None, peak=0.062489196923861616) 
imw-gim-dkm: Processing pair 45 from disk...
imw-gim-dkm: 0 match-sets in 0.00s
No configuration survived the chip consensus filter.
[band3] imw-gim-dkm no-consensus in 2.3 min, peak GPU memory 12.8 of 15.6 GB
[imw-gim-dkm] Model unloaded.
--------------------------------------------------------------------------------
[band3] Running imw-eloftr
[imw-eloftr] Loading model...
[Coarse] pair 1: no reliable coarse offset (matcher: {'dx': -95132.5570678711, 'dy': -100782.10052490234, 'support': 1, 'n': 3, 'peak': None}; phasecorr: {'dx': 72221.31426491275, 'dy': -10662.850823270848, 'support': None, 'n': None, 'peak': 0.02032967514970684}); windows compared in place
[Coarse] pair 2: no reliable coarse offset (matcher: {'dx': -99850.23193359375, 'dy': -47256.709899902344, 'support': 1, 'n': 3, 'peak': None}; phasecorr: {'dx': 65394.283402378176, 'dy': -25649.46980266543, 'support': None, 'n': None, 'peak': 0.022622975002173116}); windows compared in place
[Coarse] pair 3: no reliable coarse offset (matcher: no matches; phasecorr: {'dx': -84951.32174473844, 'dy': -16333.25546038059, 'support': None, 'n': None, 'peak': 0.023098598562204843}); windows compared in place
[Coarse] pair 4: no reliable coarse offset (matcher: {'dx': -99082.21755981445, 'dy': 16699.681549072266, 'support': 2, 'n': 6, 'peak': None}; phasecorr: {'dx': -71296.19311950017, 'dy': -18548.86611268403, 'support': None, 'n': None, 'peak': 0.02308651422222401}); windows compared in place
[Coarse] pair 5: no reliable coarse offset (matcher: {'dx': -92915.95413208008, 'dy': 85485.28793334961, 'support': 2, 'n': 7, 'peak': None}; phasecorr: {'dx': -66471.0041660463, 'dy': 19677.698496104596, 'support': None, 'n': None, 'peak': 0.0007051175513875827}); windows compared in place
[Coarse] pair 6: no reliable coarse offset (matcher: {'dx': -98614.66827392578, 'dy': 58599.440002441406, 'support': 1, 'n': 7, 'peak': None}; phasecorr: {'dx': -63117.55771771344, 'dy': 45344.79793689909, 'support': None, 'n': None, 'peak': 0.016527041937588666}); windows compared in place
[Coarse] pair 9: no reliable coarse offset (matcher: no matches; phasecorr: {'dx': -16699.175274071407, 'dy': 24436.94053537555, 'support': None, 'n': None, 'peak': -0.010903077867296006}); windows compared in place
[Coarse] pair 11: no reliable coarse offset (matcher: no matches; phasecorr: {'dx': -17156.568569433253, 'dy': 26769.77008011288, 'support': None, 'n': None, 'peak': -0.005567667855156793}); windows compared in place
[Coarse] pair 12: no reliable coarse offset (matcher: {'dx': -96384.96276855469, 'dy': -98930.16815185547, 'support': 1, 'n': 4, 'peak': None}; phasecorr: {'dx': -54138.7373906018, 'dy': -62739.11738734777, 'support': None, 'n': None, 'peak': 0.019588654039171007}); windows compared in place
[Coarse] pair 13: no reliable coarse offset (matcher: {'dx': -96081.53686523438, 'dy': -92124.0705871582, 'support': 2, 'n': 3, 'peak': None}; phasecorr: {'dx': -3843.534072827219, 'dy': -91640.0194769223, 'support': None, 'n': None, 'peak': 0.015414013681642857}); windows compared in place
[Coarse] pair 15: no reliable coarse offset (matcher: no matches; phasecorr: {'dx': -94939.8559147267, 'dy': -82659.23661442024, 'support': None, 'n': None, 'peak': 0.008939644289605411}); windows compared in place
[Coarse] pair 16: no reliable coarse offset (matcher: {'dx': -42207.452545166016, 'dy': 71526.35055541992, 'support': 2, 'n': 5, 'peak': None}; phasecorr: {'dx': -60639.28459076655, 'dy': -33832.56066827953, 'support': None, 'n': None, 'peak': 0.007406430218281896}); windows compared in place
[Coarse] pair 17: no reliable coarse offset (matcher: no matches; phasecorr: {'dx': -75606.28869913492, 'dy': -40258.11314932236, 'support': None, 'n': None, 'peak': 0.002259464960529971}); windows compared in place
[Coarse] pair 18: no reliable coarse offset (matcher: no matches; phasecorr: {'dx': -47574.86505103309, 'dy': 30736.089922927127, 'support': None, 'n': None, 'peak': -0.005526255078658046}); windows compared in place
[Coarse] pair 19: no reliable coarse offset (matcher: no matches; phasecorr: {'dx': -134048.08681427932, 'dy': 22202.75100943282, 'support': None, 'n': None, 'peak': 0.01199757972153889}); windows compared in place
[Coarse] pair 20: no reliable coarse offset (matcher: no matches; phasecorr: {'dx': -51737.17622911178, 'dy': 31055.668515360256, 'support': None, 'n': None, 'peak': -0.013213375402903196}); windows compared in place
[Coarse] pair 22: no reliable coarse offset (matcher: no matches; phasecorr: {'dx': -22501.36818549658, 'dy': 56480.21235681643, 'support': None, 'n': None, 'peak': -0.0038632059607486176}); windows compared in place
[Coarse] pair 23: no reliable coarse offset (matcher: no matches; phasecorr: {'dx': -38768.62470648129, 'dy': 60272.71480887387, 'support': None, 'n': None, 'peak': 0.018053494174784593}); windows compared in place
[Coarse] pair 24: no reliable coarse offset (matcher: no matches; phasecorr: {'dx': 5060.875137458928, 'dy': -132702.46963164263, 'support': None, 'n': None, 'peak': 0.004566593000623915}); windows compared in place
[Coarse] pair 25: no reliable coarse offset (matcher: no matches; phasecorr: {'dx': 19115.97600195751, 'dy': -87876.18077077619, 'support': None, 'n': None, 'peak': 0.014515514945983887}); windows compared in place
[Coarse] pair 26: no reliable coarse offset (matcher: no matches; phasecorr: {'dx': -25110.617324353138, 'dy': -110321.271036598, 'support': None, 'n': None, 'peak': 0.028688357883029515}); windows compared in place
[Coarse] pair 27: no reliable coarse offset (matcher: {'dx': -54811.36505126953, 'dy': -4095.7882690429688, 'support': 1, 'n': 3, 'peak': None}; phasecorr: {'dx': -24618.815192443915, 'dy': -51702.316299651786, 'support': None, 'n': None, 'peak': 0.024773373663302803}); windows compared in place
[Coarse] pair 28: no reliable coarse offset (matcher: {'dx': -54191.65100097656, 'dy': -70199.7802734375, 'support': 1, 'n': 4, 'peak': None}; phasecorr: {'dx': -34345.520193795004, 'dy': -31836.47230271583, 'support': None, 'n': None, 'peak': 0.007815724782982971}); windows compared in place
[Coarse] pair 29: no reliable coarse offset (matcher: no matches; phasecorr: {'dx': -23015.789594526494, 'dy': 27033.23829875427, 'support': None, 'n': None, 'peak': -0.010339975127467402}); windows compared in place
[Coarse] pair 30: no reliable coarse offset (matcher: no matches; phasecorr: {'dx': 44341.741084490575, 'dy': 33964.32140920293, 'support': None, 'n': None, 'peak': 0.012143600762135697}); windows compared in place
[Coarse] pair 32: no reliable coarse offset (matcher: no matches; phasecorr: {'dx': 76928.68966913699, 'dy': -17747.191922768525, 'support': None, 'n': None, 'peak': 0.018933949931462607}); windows compared in place
[Coarse] pair 33: no reliable coarse offset (matcher: no matches; phasecorr: {'dx': 76984.7825803246, 'dy': -17783.154749211222, 'support': None, 'n': None, 'peak': 0.01788282951116562}); windows compared in place
[Coarse] pair 36: no reliable coarse offset (matcher: {'dx': 18547.393798828125, 'dy': 100124.54956054688, 'support': 1, 'n': 4, 'peak': None}; phasecorr: {'dx': 19637.281743784188, 'dy': 28659.270855444367, 'support': None, 'n': None, 'peak': 0.011020430701750296}); windows compared in place
[Coarse] pair 37: no reliable coarse offset (matcher: no matches; phasecorr: {'dx': 7507.0015977467065, 'dy': 32833.49977892313, 'support': None, 'n': None, 'peak': 0.0048901353058991605}); windows compared in place
[Coarse] pair 38: no reliable coarse offset (matcher: no matches; phasecorr: {'dx': 23247.53686111282, 'dy': 17041.62175906921, 'support': None, 'n': None, 'peak': 0.019549365950219427}); windows compared in place
[Coarse] pair 43: no reliable coarse offset (matcher: {'dx': 94190.21026611328, 'dy': -40005.557556152344, 'support': 1, 'n': 4, 'peak': None}; phasecorr: {'dx': 59869.22805112187, 'dy': -96325.01557673489, 'support': None, 'n': None, 'peak': 0.00793376685672336}); windows compared in place
[Coarse] pair 7: phase correlation gave dE=-30061 m dN=24674 m, 115.1 km from every offset the matcher measured; using pair 41's (dE=76861 m dN=-17952 m)
[Coarse] pair 8: phase correlation gave dE=-34085 m dN=23031 m, 118.3 km from every offset the matcher measured; using pair 41's (dE=76861 m dN=-17952 m)
[Coarse] pair 10: phase correlation gave dE=-35432 m dN=24320 m, 120.0 km from every offset the matcher measured; using pair 41's (dE=76861 m dN=-17952 m)
[Coarse] pair 14: phase correlation gave dE=73258 m dN=-12396 m, 6.6 km from every offset the matcher measured; using pair 41's (dE=76861 m dN=-17952 m)
[Coarse] pair 21: phase correlation gave dE=-34652 m dN=64354 m, 138.6 km from every offset the matcher measured; using pair 41's (dE=76861 m dN=-17952 m)
[Coarse] pair 31: phase correlation gave dE=29320 m dN=32718 m, 69.5 km from every offset the matcher measured; using pair 41's (dE=76861 m dN=-17952 m)
[Coarse] pair 39: phase correlation gave dE=10133 m dN=16958 m, 75.3 km from every offset the matcher measured; using pair 40's (dE=76861 m dN=-18124 m)
[Coarse] pair 42: phase correlation gave dE=71418 m dN=-83227 m, 65.3 km from every offset the matcher measured; using pair 40's (dE=76861 m dN=-18124 m)
[Coarse] pair 44: phase correlation gave dE=-66700 m dN=27164 m, 150.5 km from every offset the matcher measured; using pair 40's (dE=76861 m dN=-18124 m)
[Coarse] pair 45: phase correlation gave dE=-65469 m dN=11952 m, 145.4 km from every offset the matcher measured; using pair 40's (dE=76861 m dN=-18124 m)
[Coarse] imw-eloftr pair 1: dE=76861.0 m dN=-17952.3 m (from-pair-7, support=None, peak=None) 
imw-eloftr: Processing pair 1 from disk...
imw-eloftr: 0 match-sets in 0.00s
[Coarse] imw-eloftr pair 2: dE=76861.0 m dN=-17952.3 m (from-pair-7, support=None, peak=None) 
imw-eloftr: Processing pair 2 from disk...
imw-eloftr: 0 match-sets in 0.00s
[Coarse] imw-eloftr pair 3: dE=76861.0 m dN=-17952.3 m (from-pair-14, support=None, peak=None) 
imw-eloftr: Processing pair 3 from disk...
imw-eloftr: 0 match-sets in 0.00s
[Coarse] imw-eloftr pair 4: dE=76861.0 m dN=-17952.3 m (from-pair-14, support=None, peak=None) 
imw-eloftr: Processing pair 4 from disk...
imw-eloftr: 0 match-sets in 0.00s
[Coarse] imw-eloftr pair 5: dE=76861.0 m dN=-17952.3 m (from-pair-14, support=None, peak=None) 
imw-eloftr: Processing pair 5 from disk...
imw-eloftr: 0 match-sets in 0.00s
[Coarse] imw-eloftr pair 6: dE=76861.0 m dN=-17952.3 m (from-pair-14, support=None, peak=None) 
imw-eloftr: Processing pair 6 from disk...
imw-eloftr: 0 match-sets in 0.00s
[Coarse] imw-eloftr pair 7: dE=76861.0 m dN=-17952.3 m (from-pair-41 (phasecorr disagreed), support=None, peak=0.07485453462600708) 
imw-eloftr: Processing pair 7 from disk...
imw-eloftr: 0 match-sets in 0.00s
[Coarse] imw-eloftr pair 8: dE=76861.0 m dN=-17952.3 m (from-pair-41 (phasecorr disagreed), support=None, peak=0.048964771058824325) 
imw-eloftr: Processing pair 8 from disk...
imw-eloftr: 0 match-sets in 0.00s
[Coarse] imw-eloftr pair 9: dE=76861.0 m dN=-17952.3 m (from-pair-10, support=None, peak=None) 
imw-eloftr: Processing pair 9 from disk...
imw-eloftr: 0 match-sets in 0.00s
[Coarse] imw-eloftr pair 10: dE=76861.0 m dN=-17952.3 m (from-pair-41 (phasecorr disagreed), support=None, peak=0.12360441419813369) 
imw-eloftr: Processing pair 10 from disk...
imw-eloftr: 0 match-sets in 0.00s
[Coarse] imw-eloftr pair 11: dE=76861.0 m dN=-17952.3 m (from-pair-8, support=None, peak=None) 
imw-eloftr: Processing pair 11 from disk...
imw-eloftr: 0 match-sets in 0.00s
[Coarse] imw-eloftr pair 12: dE=76861.0 m dN=-17952.3 m (from-pair-14, support=None, peak=None) 
imw-eloftr: Processing pair 12 from disk...
imw-eloftr: 0 match-sets in 0.18s
[Coarse] imw-eloftr pair 13: dE=76861.0 m dN=-17952.3 m (from-pair-14, support=None, peak=None) 
imw-eloftr: Processing pair 13 from disk...
imw-eloftr: 1 match-sets in 0.17s
[Coarse] imw-eloftr pair 14: dE=76861.0 m dN=-17952.3 m (from-pair-41 (phasecorr disagreed), support=None, peak=0.0750410366821289) 
imw-eloftr: Processing pair 14 from disk...
imw-eloftr: 0 match-sets in 0.15s
[Coarse] imw-eloftr pair 15: dE=76861.0 m dN=-17952.3 m (from-pair-14, support=None, peak=None) 
imw-eloftr: Processing pair 15 from disk...
imw-eloftr: 1 match-sets in 0.31s
[Coarse] imw-eloftr pair 16: dE=76861.0 m dN=-17952.3 m (from-pair-14, support=None, peak=None) 
imw-eloftr: Processing pair 16 from disk...
imw-eloftr: 1 match-sets in 0.24s
[Coarse] imw-eloftr pair 17: dE=76861.0 m dN=-17952.3 m (from-pair-14, support=None, peak=None) 
imw-eloftr: Processing pair 17 from disk...
imw-eloftr: 1 match-sets in 0.23s
[Coarse] imw-eloftr pair 18: dE=76861.0 m dN=-17952.3 m (from-pair-14, support=None, peak=None) 
imw-eloftr: Processing pair 18 from disk...
imw-eloftr: 1 match-sets in 0.17s
[Coarse] imw-eloftr pair 19: dE=76861.0 m dN=-17952.3 m (from-pair-14, support=None, peak=None) 
imw-eloftr: Processing pair 19 from disk...
imw-eloftr: 1 match-sets in 0.13s
[Coarse] imw-eloftr pair 20: dE=76861.0 m dN=-17952.3 m (from-pair-14, support=None, peak=None) 
imw-eloftr: Processing pair 20 from disk...
imw-eloftr: 1 match-sets in 0.14s
[Coarse] imw-eloftr pair 21: dE=76861.0 m dN=-17952.3 m (from-pair-41 (phasecorr disagreed), support=None, peak=0.03061729173699524) 
imw-eloftr: Processing pair 21 from disk...
imw-eloftr: 0 match-sets in 0.00s
[Coarse] imw-eloftr pair 22: dE=76861.0 m dN=-17952.3 m (from-pair-21, support=None, peak=None) 
imw-eloftr: Processing pair 22 from disk...
imw-eloftr: 0 match-sets in 0.00s
[Coarse] imw-eloftr pair 23: dE=76861.0 m dN=-17952.3 m (from-pair-21, support=None, peak=None) 
imw-eloftr: Processing pair 23 from disk...
imw-eloftr: 0 match-sets in 0.00s
[Coarse] imw-eloftr pair 24: dE=75555.3 m dN=-16017.9 m (from-pair-34, support=None, peak=None) 
imw-eloftr: Processing pair 24 from disk...
imw-eloftr: 1 match-sets in 0.41s
[Coarse] imw-eloftr pair 25: dE=75555.3 m dN=-16017.9 m (from-pair-34, support=None, peak=None) 
imw-eloftr: Processing pair 25 from disk...
imw-eloftr: 1 match-sets in 0.34s
[Coarse] imw-eloftr pair 26: dE=75555.3 m dN=-16017.9 m (from-pair-34, support=None, peak=None) 
imw-eloftr: Processing pair 26 from disk...
imw-eloftr: 1 match-sets in 0.34s
[Coarse] imw-eloftr pair 27: dE=75555.3 m dN=-16017.9 m (from-pair-34, support=None, peak=None) 
imw-eloftr: Processing pair 27 from disk...
imw-eloftr: 1 match-sets in 0.42s
[Coarse] imw-eloftr pair 28: dE=75555.3 m dN=-16017.9 m (from-pair-34, support=None, peak=None) 
imw-eloftr: Processing pair 28 from disk...
imw-eloftr: 1 match-sets in 0.52s
[Coarse] imw-eloftr pair 29: dE=75555.3 m dN=-16017.9 m (from-pair-34, support=None, peak=None) 
imw-eloftr: Processing pair 29 from disk...
imw-eloftr: 0 match-sets in 0.01s
[Coarse] imw-eloftr pair 30: dE=76861.0 m dN=-17952.3 m (from-pair-31, support=None, peak=None) 
imw-eloftr: Processing pair 30 from disk...
imw-eloftr: 0 match-sets in 0.00s
[Coarse] imw-eloftr pair 31: dE=76861.0 m dN=-17952.3 m (from-pair-41 (phasecorr disagreed), support=None, peak=0.11020252078648948) 
imw-eloftr: Processing pair 31 from disk...
imw-eloftr: 0 match-sets in 0.00s
[Coarse] imw-eloftr pair 32: dE=75555.3 m dN=-16017.9 m (from-pair-34, support=None, peak=None) 
imw-eloftr: Processing pair 32 from disk...
imw-eloftr: 1 match-sets in 0.38s
[Coarse] imw-eloftr pair 33: dE=75555.3 m dN=-16017.9 m (from-pair-34, support=None, peak=None) 
imw-eloftr: Processing pair 33 from disk...
imw-eloftr: 1 match-sets in 0.31s
[Coarse] imw-eloftr pair 34: dE=75555.3 m dN=-16017.9 m (phasecorr@315m, support=None, peak=0.06293188095092773) 
imw-eloftr: Processing pair 34 from disk...
imw-eloftr: 1 match-sets in 0.33s
[Coarse] imw-eloftr pair 35: dE=75568.1 m dN=-15961.2 m (phasecorr@315m, support=None, peak=0.0629165448612637) 
imw-eloftr: Processing pair 35 from disk...
imw-eloftr: 1 match-sets in 0.28s
[Coarse] imw-eloftr pair 36: dE=75568.1 m dN=-15961.2 m (from-pair-35, support=None, peak=None) 
imw-eloftr: Processing pair 36 from disk...
imw-eloftr: 0 match-sets in 0.17s
[Coarse] imw-eloftr pair 37: dE=75568.1 m dN=-15961.2 m (from-pair-35, support=None, peak=None) 
imw-eloftr: Processing pair 37 from disk...
imw-eloftr: 1 match-sets in 0.14s
[Coarse] imw-eloftr pair 38: dE=76860.7 m dN=-18123.8 m (from-pair-39, support=None, peak=None) 
imw-eloftr: Processing pair 38 from disk...
imw-eloftr: 0 match-sets in 0.00s
[Coarse] imw-eloftr pair 39: dE=76860.7 m dN=-18123.8 m (from-pair-40 (phasecorr disagreed), support=None, peak=0.37484617568828443) 
imw-eloftr: Processing pair 39 from disk...
imw-eloftr: 0 match-sets in 0.00s
[Coarse] imw-eloftr pair 40: dE=76860.7 m dN=-18123.8 m (matcher@315m, support=34, peak=None) 
imw-eloftr: Processing pair 40 from disk...
imw-eloftr: 1 match-sets in 0.19s
[Coarse] imw-eloftr pair 41: dE=76861.0 m dN=-17952.3 m (matcher@315m, support=17, peak=None) 
imw-eloftr: Processing pair 41 from disk...
imw-eloftr: 1 match-sets in 0.14s
[Coarse] imw-eloftr pair 42: dE=76860.7 m dN=-18123.8 m (from-pair-40 (phasecorr disagreed), support=None, peak=0.04043954435560439) 
imw-eloftr: Processing pair 42 from disk...
imw-eloftr: 1 match-sets in 0.18s
[Coarse] imw-eloftr pair 43: dE=76860.7 m dN=-18123.8 m (from-pair-42, support=None, peak=None) 
imw-eloftr: Processing pair 43 from disk...
imw-eloftr: 1 match-sets in 0.13s
[Coarse] imw-eloftr pair 44: dE=76860.7 m dN=-18123.8 m (from-pair-40 (phasecorr disagreed), support=None, peak=0.060047009852197436) 
imw-eloftr: Processing pair 44 from disk...
imw-eloftr: 0 match-sets in 0.00s
[Coarse] imw-eloftr pair 45: dE=76860.7 m dN=-18123.8 m (from-pair-40 (phasecorr disagreed), support=None, peak=0.062489196923861616) 
imw-eloftr: Processing pair 45 from disk...
imw-eloftr: 0 match-sets in 0.00s
Saved:
 CHIP_STATS_ALL.csv
 CHIP_STATS_SURVIVORS.csv
 CONSENSUS_SCORES.csv
 BEST_CHIP_SET.csv
 BEST_CHIP_MANIFEST.csv
 BEST_FINAL_SUMMARY.csv
[band3] imw-eloftr ok in 0.4 min, peak GPU memory 2.2 of 15.6 GB
[imw-eloftr] Model unloaded.
--------------------------------------------------------------------------------
[band3] Running imw-aspanformer
[imw-aspanformer] Loading model...
[Coarse] pair 1: no reliable coarse offset (matcher: no matches; phasecorr: {'dx': 72221.31426491275, 'dy': -10662.850823270848, 'support': None, 'n': None, 'peak': 0.02032967514970684}); windows compared in place
[Coarse] pair 2: no reliable coarse offset (matcher: no matches; phasecorr: {'dx': 65394.283402378176, 'dy': -25649.46980266543, 'support': None, 'n': None, 'peak': 0.022622975002173116}); windows compared in place
[Coarse] pair 3: no reliable coarse offset (matcher: {'dx': -99066.7730140686, 'dy': 16514.29412841797, 'support': 3, 'n': 7, 'peak': None}; phasecorr: {'dx': -84951.32174473844, 'dy': -16333.25546038059, 'support': None, 'n': None, 'peak': 0.023098598562204843}); windows compared in place
[Coarse] pair 4: no reliable coarse offset (matcher: {'dx': -99395.89817047119, 'dy': 36831.49612426758, 'support': 6, 'n': 8, 'peak': None}; phasecorr: {'dx': -71296.19311950017, 'dy': -18548.86611268403, 'support': None, 'n': None, 'peak': 0.02308651422222401}); windows compared in place
[Coarse] pair 5: no reliable coarse offset (matcher: {'dx': -98509.63623046875, 'dy': 98306.28204345703, 'support': 1, 'n': 3, 'peak': None}; phasecorr: {'dx': -66471.0041660463, 'dy': 19677.698496104596, 'support': None, 'n': None, 'peak': 0.0007051175513875827}); windows compared in place
[Coarse] pair 6: no reliable coarse offset (matcher: {'dx': -93299.80270385742, 'dy': 60889.986419677734, 'support': 1, 'n': 3, 'peak': None}; phasecorr: {'dx': -63117.55771771344, 'dy': 45344.79793689909, 'support': None, 'n': None, 'peak': 0.016527041937588666}); windows compared in place
[Coarse] pair 9: no reliable coarse offset (matcher: no matches; phasecorr: {'dx': -16699.175274071407, 'dy': 24436.94053537555, 'support': None, 'n': None, 'peak': -0.010903077867296006}); windows compared in place
[Coarse] pair 11: no reliable coarse offset (matcher: no matches; phasecorr: {'dx': -17156.568569433253, 'dy': 26769.77008011288, 'support': None, 'n': None, 'peak': -0.005567667855156793}); windows compared in place
[Coarse] pair 12: no reliable coarse offset (matcher: no matches; phasecorr: {'dx': -54138.7373906018, 'dy': -62739.11738734777, 'support': None, 'n': None, 'peak': 0.019588654039171007}); windows compared in place
[Coarse] pair 13: no reliable coarse offset (matcher: no matches; phasecorr: {'dx': -3843.534072827219, 'dy': -91640.0194769223, 'support': None, 'n': None, 'peak': 0.015414013681642857}); windows compared in place
[Coarse] pair 15: no reliable coarse offset (matcher: no matches; phasecorr: {'dx': -94939.8559147267, 'dy': -82659.23661442024, 'support': None, 'n': None, 'peak': 0.008939644289605411}); windows compared in place
[Coarse] pair 16: no reliable coarse offset (matcher: {'dx': -100134.67629432678, 'dy': 15824.169387817383, 'support': 2, 'n': 5, 'peak': None}; phasecorr: {'dx': -60639.28459076655, 'dy': -33832.56066827953, 'support': None, 'n': None, 'peak': 0.007406430218281896}); windows compared in place
[Coarse] pair 17: no reliable coarse offset (matcher: {'dx': -99635.64971923828, 'dy': 26221.409225463867, 'support': 2, 'n': 7, 'peak': None}; phasecorr: {'dx': -75606.28869913492, 'dy': -40258.11314932236, 'support': None, 'n': None, 'peak': 0.002259464960529971}); windows compared in place
[Coarse] pair 18: no reliable coarse offset (matcher: {'dx': -94723.4358215332, 'dy': 92211.54441833496, 'support': 4, 'n': 5, 'peak': None}; phasecorr: {'dx': -47574.86505103309, 'dy': 30736.089922927127, 'support': None, 'n': None, 'peak': -0.005526255078658046}); windows compared in place
[Coarse] pair 19: no reliable coarse offset (matcher: no matches; phasecorr: {'dx': -134048.08681427932, 'dy': 22202.75100943282, 'support': None, 'n': None, 'peak': 0.01199757972153889}); windows compared in place
[Coarse] pair 20: no reliable coarse offset (matcher: {'dx': -97404.63684082031, 'dy': 97276.12976074219, 'support': 1, 'n': 5, 'peak': None}; phasecorr: {'dx': -51737.17622911178, 'dy': 31055.668515360256, 'support': None, 'n': None, 'peak': -0.013213375402903196}); windows compared in place
[Coarse] pair 22: no reliable coarse offset (matcher: no matches; phasecorr: {'dx': -22501.36818549658, 'dy': 56480.21235681643, 'support': None, 'n': None, 'peak': -0.0038632059607486176}); windows compared in place
[Coarse] pair 23: no reliable coarse offset (matcher: {'dx': 28058.907623291016, 'dy': -99487.31935501099, 'support': 3, 'n': 6, 'peak': None}; phasecorr: {'dx': -38768.62470648129, 'dy': 60272.71480887387, 'support': None, 'n': None, 'peak': 0.018053494174784593}); windows compared in place
[Coarse] pair 24: no reliable coarse offset (matcher: {'dx': -61500.154724121094, 'dy': -89912.8125, 'support': 1, 'n': 3, 'peak': None}; phasecorr: {'dx': 5060.875137458928, 'dy': -132702.46963164263, 'support': None, 'n': None, 'peak': 0.004566593000623915}); windows compared in place
[Coarse] pair 25: no reliable coarse offset (matcher: no matches; phasecorr: {'dx': 19115.97600195751, 'dy': -87876.18077077619, 'support': None, 'n': None, 'peak': 0.014515514945983887}); windows compared in place
[Coarse] pair 26: no reliable coarse offset (matcher: no matches; phasecorr: {'dx': -25110.617324353138, 'dy': -110321.271036598, 'support': None, 'n': None, 'peak': 0.028688357883029515}); windows compared in place
[Coarse] pair 27: no reliable coarse offset (matcher: {'dx': -63708.88458251953, 'dy': 38571.580810546875, 'support': 1, 'n': 6, 'peak': None}; phasecorr: {'dx': -24618.815192443915, 'dy': -51702.316299651786, 'support': None, 'n': None, 'peak': 0.024773373663302803}); windows compared in place
[Coarse] pair 28: no reliable coarse offset (matcher: {'dx': -98903.58810424805, 'dy': -11922.357788085938, 'support': 1, 'n': 6, 'peak': None}; phasecorr: {'dx': -34345.520193795004, 'dy': -31836.47230271583, 'support': None, 'n': None, 'peak': 0.007815724782982971}); windows compared in place
[Coarse] pair 29: no reliable coarse offset (matcher: no matches; phasecorr: {'dx': -23015.789594526494, 'dy': 27033.23829875427, 'support': None, 'n': None, 'peak': -0.010339975127467402}); windows compared in place
[Coarse] pair 30: no reliable coarse offset (matcher: no matches; phasecorr: {'dx': 44341.741084490575, 'dy': 33964.32140920293, 'support': None, 'n': None, 'peak': 0.012143600762135697}); windows compared in place
[Coarse] pair 32: no reliable coarse offset (matcher: no matches; phasecorr: {'dx': 76928.68966913699, 'dy': -17747.191922768525, 'support': None, 'n': None, 'peak': 0.018933949931462607}); windows compared in place
[Coarse] pair 33: no reliable coarse offset (matcher: no matches; phasecorr: {'dx': 76984.7825803246, 'dy': -17783.154749211222, 'support': None, 'n': None, 'peak': 0.01788282951116562}); windows compared in place
[Coarse] pair 36: no reliable coarse offset (matcher: {'dx': 4871.675720214844, 'dy': 100514.25247192383, 'support': 1, 'n': 5, 'peak': None}; phasecorr: {'dx': 19637.281743784188, 'dy': 28659.270855444367, 'support': None, 'n': None, 'peak': 0.011020430701750296}); windows compared in place
[Coarse] pair 37: no reliable coarse offset (matcher: {'dx': -1714.4178771972656, 'dy': 88200.86517333984, 'support': 1, 'n': 6, 'peak': None}; phasecorr: {'dx': 7507.0015977467065, 'dy': 32833.49977892313, 'support': None, 'n': None, 'peak': 0.0048901353058991605}); windows compared in place
[Coarse] pair 38: no reliable coarse offset (matcher: no matches; phasecorr: {'dx': 23247.53686111282, 'dy': 17041.62175906921, 'support': None, 'n': None, 'peak': 0.019549365950219427}); windows compared in place
[Coarse] pair 43: no reliable coarse offset (matcher: {'dx': 78611.51458740234, 'dy': -15948.787994384766, 'support': 1, 'n': 5, 'peak': None}; phasecorr: {'dx': 59869.22805112187, 'dy': -96325.01557673489, 'support': None, 'n': None, 'peak': 0.00793376685672336}); windows compared in place
[Coarse] pair 7: phase correlation gave dE=-30061 m dN=24674 m, 114.7 km from every offset the matcher measured; using pair 41's (dE=77065 m dN=-17974 m)
[Coarse] pair 8: phase correlation gave dE=-34085 m dN=23031 m, 117.9 km from every offset the matcher measured; using pair 41's (dE=77065 m dN=-17974 m)
[Coarse] pair 10: phase correlation gave dE=-35432 m dN=24320 m, 119.6 km from every offset the matcher measured; using pair 41's (dE=77065 m dN=-17974 m)
[Coarse] pair 14: phase correlation gave dE=73258 m dN=-12396 m, 6.3 km from every offset the matcher measured; using pair 41's (dE=77065 m dN=-17974 m)
[Coarse] pair 21: phase correlation gave dE=-34652 m dN=64354 m, 138.2 km from every offset the matcher measured; using pair 41's (dE=77065 m dN=-17974 m)
[Coarse] pair 31: phase correlation gave dE=29320 m dN=32718 m, 69.1 km from every offset the matcher measured; using pair 41's (dE=77065 m dN=-17974 m)
[Coarse] pair 39: phase correlation gave dE=10133 m dN=16958 m, 74.9 km from every offset the matcher measured; using pair 40's (dE=76485 m dN=-17847 m)
[Coarse] pair 42: phase correlation gave dE=71418 m dN=-83227 m, 65.5 km from every offset the matcher measured; using pair 40's (dE=76485 m dN=-17847 m)
[Coarse] pair 44: phase correlation gave dE=-66700 m dN=27164 m, 150.1 km from every offset the matcher measured; using pair 40's (dE=76485 m dN=-17847 m)
[Coarse] pair 45: phase correlation gave dE=-65469 m dN=11952 m, 145.0 km from every offset the matcher measured; using pair 40's (dE=76485 m dN=-17847 m)
[Coarse] imw-aspanformer pair 1: dE=77065.0 m dN=-17973.6 m (from-pair-7, support=None, peak=None) 
imw-aspanformer: Processing pair 1 from disk...
imw-aspanformer: 0 match-sets in 0.00s
[Coarse] imw-aspanformer pair 2: dE=77065.0 m dN=-17973.6 m (from-pair-7, support=None, peak=None) 
imw-aspanformer: Processing pair 2 from disk...
imw-aspanformer: 0 match-sets in 0.00s
[Coarse] imw-aspanformer pair 3: dE=77065.0 m dN=-17973.6 m (from-pair-14, support=None, peak=None) 
imw-aspanformer: Processing pair 3 from disk...
imw-aspanformer: 0 match-sets in 0.00s
[Coarse] imw-aspanformer pair 4: dE=77065.0 m dN=-17973.6 m (from-pair-14, support=None, peak=None) 
imw-aspanformer: Processing pair 4 from disk...
imw-aspanformer: 0 match-sets in 0.00s
[Coarse] imw-aspanformer pair 5: dE=77065.0 m dN=-17973.6 m (from-pair-14, support=None, peak=None) 
imw-aspanformer: Processing pair 5 from disk...
imw-aspanformer: 0 match-sets in 0.00s
[Coarse] imw-aspanformer pair 6: dE=77065.0 m dN=-17973.6 m (from-pair-14, support=None, peak=None) 
imw-aspanformer: Processing pair 6 from disk...
imw-aspanformer: 0 match-sets in 0.00s
[Coarse] imw-aspanformer pair 7: dE=77065.0 m dN=-17973.6 m (from-pair-41 (phasecorr disagreed), support=None, peak=0.07485453462600708) 
imw-aspanformer: Processing pair 7 from disk...
imw-aspanformer: 0 match-sets in 0.00s
[Coarse] imw-aspanformer pair 8: dE=77065.0 m dN=-17973.6 m (from-pair-41 (phasecorr disagreed), support=None, peak=0.048964771058824325) 
imw-aspanformer: Processing pair 8 from disk...
imw-aspanformer: 0 match-sets in 0.00s
[Coarse] imw-aspanformer pair 9: dE=77065.0 m dN=-17973.6 m (from-pair-10, support=None, peak=None) 
imw-aspanformer: Processing pair 9 from disk...
imw-aspanformer: 0 match-sets in 0.00s
[Coarse] imw-aspanformer pair 10: dE=77065.0 m dN=-17973.6 m (from-pair-41 (phasecorr disagreed), support=None, peak=0.12360441419813369) 
imw-aspanformer: Processing pair 10 from disk...
imw-aspanformer: 0 match-sets in 0.00s
[Coarse] imw-aspanformer pair 11: dE=77065.0 m dN=-17973.6 m (from-pair-8, support=None, peak=None) 
imw-aspanformer: Processing pair 11 from disk...
imw-aspanformer: 0 match-sets in 0.00s
[Coarse] imw-aspanformer pair 12: dE=77065.0 m dN=-17973.6 m (from-pair-14, support=None, peak=None) 
imw-aspanformer: Processing pair 12 from disk...
imw-aspanformer: 1 match-sets in 0.33s
[Coarse] imw-aspanformer pair 13: dE=77065.0 m dN=-17973.6 m (from-pair-14, support=None, peak=None) 
imw-aspanformer: Processing pair 13 from disk...
imw-aspanformer: 0 match-sets in 0.26s
[Coarse] imw-aspanformer pair 14: dE=77065.0 m dN=-17973.6 m (from-pair-41 (phasecorr disagreed), support=None, peak=0.0750410366821289) 
imw-aspanformer: Processing pair 14 from disk...
imw-aspanformer: 0 match-sets in 0.27s
[Coarse] imw-aspanformer pair 15: dE=77065.0 m dN=-17973.6 m (from-pair-14, support=None, peak=None) 
imw-aspanformer: Processing pair 15 from disk...
imw-aspanformer: 1 match-sets in 0.45s
[Coarse] imw-aspanformer pair 16: dE=77065.0 m dN=-17973.6 m (from-pair-14, support=None, peak=None) 
imw-aspanformer: Processing pair 16 from disk...
imw-aspanformer: 1 match-sets in 0.36s
[Coarse] imw-aspanformer pair 17: dE=77065.0 m dN=-17973.6 m (from-pair-14, support=None, peak=None) 
imw-aspanformer: Processing pair 17 from disk...
imw-aspanformer: 1 match-sets in 0.36s
[Coarse] imw-aspanformer pair 18: dE=77065.0 m dN=-17973.6 m (from-pair-14, support=None, peak=None) 
imw-aspanformer: Processing pair 18 from disk...
imw-aspanformer: 1 match-sets in 0.33s
[Coarse] imw-aspanformer pair 19: dE=77065.0 m dN=-17973.6 m (from-pair-14, support=None, peak=None) 
imw-aspanformer: Processing pair 19 from disk...
imw-aspanformer: 1 match-sets in 0.43s
[Coarse] imw-aspanformer pair 20: dE=77065.0 m dN=-17973.6 m (from-pair-14, support=None, peak=None) 
imw-aspanformer: Processing pair 20 from disk...
imw-aspanformer: 0 match-sets in 0.24s
[Coarse] imw-aspanformer pair 21: dE=77065.0 m dN=-17973.6 m (from-pair-41 (phasecorr disagreed), support=None, peak=0.03061729173699524) 
imw-aspanformer: Processing pair 21 from disk...
imw-aspanformer: 0 match-sets in 0.00s
[Coarse] imw-aspanformer pair 22: dE=77065.0 m dN=-17973.6 m (from-pair-21, support=None, peak=None) 
imw-aspanformer: Processing pair 22 from disk...
imw-aspanformer: 0 match-sets in 0.00s
[Coarse] imw-aspanformer pair 23: dE=77065.0 m dN=-17973.6 m (from-pair-21, support=None, peak=None) 
imw-aspanformer: Processing pair 23 from disk...
imw-aspanformer: 0 match-sets in 0.00s
[Coarse] imw-aspanformer pair 24: dE=75555.3 m dN=-16017.9 m (from-pair-34, support=None, peak=None) 
imw-aspanformer: Processing pair 24 from disk...
imw-aspanformer: 0 match-sets in 0.55s
[Coarse] imw-aspanformer pair 25: dE=75555.3 m dN=-16017.9 m (from-pair-34, support=None, peak=None) 
imw-aspanformer: Processing pair 25 from disk...
imw-aspanformer: 1 match-sets in 0.50s
[Coarse] imw-aspanformer pair 26: dE=75555.3 m dN=-16017.9 m (from-pair-34, support=None, peak=None) 
imw-aspanformer: Processing pair 26 from disk...
imw-aspanformer: 0 match-sets in 0.47s
[Coarse] imw-aspanformer pair 27: dE=75555.3 m dN=-16017.9 m (from-pair-34, support=None, peak=None) 
imw-aspanformer: Processing pair 27 from disk...
imw-aspanformer: 1 match-sets in 0.65s
[Coarse] imw-aspanformer pair 28: dE=75555.3 m dN=-16017.9 m (from-pair-34, support=None, peak=None) 
imw-aspanformer: Processing pair 28 from disk...
imw-aspanformer: 1 match-sets in 0.75s
[Coarse] imw-aspanformer pair 29: dE=75555.3 m dN=-16017.9 m (from-pair-34, support=None, peak=None) 
imw-aspanformer: Processing pair 29 from disk...
imw-aspanformer: 0 match-sets in 0.01s
[Coarse] imw-aspanformer pair 30: dE=77065.0 m dN=-17973.6 m (from-pair-31, support=None, peak=None) 
imw-aspanformer: Processing pair 30 from disk...
imw-aspanformer: 0 match-sets in 0.00s
[Coarse] imw-aspanformer pair 31: dE=77065.0 m dN=-17973.6 m (from-pair-41 (phasecorr disagreed), support=None, peak=0.11020252078648948) 
imw-aspanformer: Processing pair 31 from disk...
imw-aspanformer: 0 match-sets in 0.00s
[Coarse] imw-aspanformer pair 32: dE=75555.3 m dN=-16017.9 m (from-pair-34, support=None, peak=None) 
imw-aspanformer: Processing pair 32 from disk...
imw-aspanformer: 1 match-sets in 0.57s
[Coarse] imw-aspanformer pair 33: dE=75555.3 m dN=-16017.9 m (from-pair-34, support=None, peak=None) 
imw-aspanformer: Processing pair 33 from disk...
imw-aspanformer: 1 match-sets in 0.43s
[Coarse] imw-aspanformer pair 34: dE=75555.3 m dN=-16017.9 m (phasecorr@315m, support=None, peak=0.06293188095092773) 
imw-aspanformer: Processing pair 34 from disk...
imw-aspanformer: 1 match-sets in 0.47s
[Coarse] imw-aspanformer pair 35: dE=75568.1 m dN=-15961.2 m (phasecorr@315m, support=None, peak=0.0629165448612637) 
imw-aspanformer: Processing pair 35 from disk...
imw-aspanformer: 1 match-sets in 0.66s
[Coarse] imw-aspanformer pair 36: dE=75568.1 m dN=-15961.2 m (from-pair-35, support=None, peak=None) 
imw-aspanformer: Processing pair 36 from disk...
imw-aspanformer: 0 match-sets in 0.35s
[Coarse] imw-aspanformer pair 37: dE=75568.1 m dN=-15961.2 m (from-pair-35, support=None, peak=None) 
imw-aspanformer: Processing pair 37 from disk...
imw-aspanformer: 1 match-sets in 0.29s
[Coarse] imw-aspanformer pair 38: dE=76484.7 m dN=-17847.5 m (from-pair-39, support=None, peak=None) 
imw-aspanformer: Processing pair 38 from disk...
imw-aspanformer: 0 match-sets in 0.00s
[Coarse] imw-aspanformer pair 39: dE=76484.7 m dN=-17847.5 m (from-pair-40 (phasecorr disagreed), support=None, peak=0.37484617568828443) 
imw-aspanformer: Processing pair 39 from disk...
imw-aspanformer: 0 match-sets in 0.00s
[Coarse] imw-aspanformer pair 40: dE=76484.7 m dN=-17847.5 m (matcher@315m, support=32, peak=None) 
imw-aspanformer: Processing pair 40 from disk...
imw-aspanformer: 1 match-sets in 0.33s
[Coarse] imw-aspanformer pair 41: dE=77065.0 m dN=-17973.6 m (matcher@315m, support=50, peak=None) 
imw-aspanformer: Processing pair 41 from disk...
imw-aspanformer: 1 match-sets in 0.26s
[Coarse] imw-aspanformer pair 42: dE=76484.7 m dN=-17847.5 m (from-pair-40 (phasecorr disagreed), support=None, peak=0.04043954435560439) 
imw-aspanformer: Processing pair 42 from disk...
imw-aspanformer: 1 match-sets in 0.48s
[Coarse] imw-aspanformer pair 43: dE=76484.7 m dN=-17847.5 m (from-pair-42, support=None, peak=None) 
imw-aspanformer: Processing pair 43 from disk...
imw-aspanformer: 1 match-sets in 0.26s
[Coarse] imw-aspanformer pair 44: dE=76484.7 m dN=-17847.5 m (from-pair-40 (phasecorr disagreed), support=None, peak=0.060047009852197436) 
imw-aspanformer: Processing pair 44 from disk...
imw-aspanformer: 0 match-sets in 0.00s
[Coarse] imw-aspanformer pair 45: dE=76484.7 m dN=-17847.5 m (from-pair-40 (phasecorr disagreed), support=None, peak=0.062489196923861616) 
imw-aspanformer: Processing pair 45 from disk...
imw-aspanformer: 0 match-sets in 0.00s
Saved:
 CHIP_STATS_ALL.csv
 CHIP_STATS_SURVIVORS.csv
 CONSENSUS_SCORES.csv
 BEST_CHIP_SET.csv
 BEST_CHIP_MANIFEST.csv
 BEST_FINAL_SUMMARY.csv
[band3] imw-aspanformer ok in 0.5 min, peak GPU memory 2.2 of 15.6 GB
[imw-aspanformer] Model unloaded.
--------------------------------------------------------------------------------
[band3] Running imw-topicfm
[imw-topicfm] Loading model...
2026-10-09 07:47:24.332 | WARNING  | TopicFM.src.models.modules.transformer:forward:163 - topic distribution is highly sparse!
[Coarse] pair 1: no reliable coarse offset (matcher: no matches; phasecorr: {'dx': 72221.31426491275, 'dy': -10662.850823270848, 'support': None, 'n': None, 'peak': 0.02032967514970684}); windows compared in place
[Coarse] pair 2: no reliable coarse offset (matcher: no matches; phasecorr: {'dx': 65394.283402378176, 'dy': -25649.46980266543, 'support': None, 'n': None, 'peak': 0.022622975002173116}); windows compared in place
[Coarse] pair 3: no reliable coarse offset (matcher: no matches; phasecorr: {'dx': -84951.32174473844, 'dy': -16333.25546038059, 'support': None, 'n': None, 'peak': 0.023098598562204843}); windows compared in place
[Coarse] pair 4: no reliable coarse offset (matcher: no matches; phasecorr: {'dx': -71296.19311950017, 'dy': -18548.86611268403, 'support': None, 'n': None, 'peak': 0.02308651422222401}); windows compared in place
[Coarse] pair 5: no reliable coarse offset (matcher: no matches; phasecorr: {'dx': -66471.0041660463, 'dy': 19677.698496104596, 'support': None, 'n': None, 'peak': 0.0007051175513875827}); windows compared in place
[Coarse] pair 6: no reliable coarse offset (matcher: no matches; phasecorr: {'dx': -63117.55771771344, 'dy': 45344.79793689909, 'support': None, 'n': None, 'peak': 0.016527041937588666}); windows compared in place
2026-10-09 07:47:26.136 | WARNING  | TopicFM.src.models.modules.transformer:forward:163 - topic distribution is highly sparse!
[Coarse] pair 9: no reliable coarse offset (matcher: no matches; phasecorr: {'dx': -16699.175274071407, 'dy': 24436.94053537555, 'support': None, 'n': None, 'peak': -0.010903077867296006}); windows compared in place
2026-10-09 07:47:26.210 | WARNING  | TopicFM.src.models.modules.transformer:forward:163 - topic distribution is highly sparse!
2026-10-09 07:47:26.332 | WARNING  | TopicFM.src.models.modules.transformer:forward:163 - topic distribution is highly sparse!
[Coarse] pair 11: no reliable coarse offset (matcher: no matches; phasecorr: {'dx': -17156.568569433253, 'dy': 26769.77008011288, 'support': None, 'n': None, 'peak': -0.005567667855156793}); windows compared in place
[Coarse] pair 12: no reliable coarse offset (matcher: no matches; phasecorr: {'dx': -54138.7373906018, 'dy': -62739.11738734777, 'support': None, 'n': None, 'peak': 0.019588654039171007}); windows compared in place
[Coarse] pair 13: no reliable coarse offset (matcher: {'dx': -87214.96170043945, 'dy': -74811.53869628906, 'support': 1, 'n': 4, 'peak': None}; phasecorr: {'dx': -3843.534072827219, 'dy': -91640.0194769223, 'support': None, 'n': None, 'peak': 0.015414013681642857}); windows compared in place
[Coarse] pair 15: no reliable coarse offset (matcher: no matches; phasecorr: {'dx': -94939.8559147267, 'dy': -82659.23661442024, 'support': None, 'n': None, 'peak': 0.008939644289605411}); windows compared in place
[Coarse] pair 16: no reliable coarse offset (matcher: no matches; phasecorr: {'dx': -60639.28459076655, 'dy': -33832.56066827953, 'support': None, 'n': None, 'peak': 0.007406430218281896}); windows compared in place
[Coarse] pair 17: no reliable coarse offset (matcher: no matches; phasecorr: {'dx': -75606.28869913492, 'dy': -40258.11314932236, 'support': None, 'n': None, 'peak': 0.002259464960529971}); windows compared in place
[Coarse] pair 18: no reliable coarse offset (matcher: no matches; phasecorr: {'dx': -47574.86505103309, 'dy': 30736.089922927127, 'support': None, 'n': None, 'peak': -0.005526255078658046}); windows compared in place
[Coarse] pair 19: no reliable coarse offset (matcher: no matches; phasecorr: {'dx': -134048.08681427932, 'dy': 22202.75100943282, 'support': None, 'n': None, 'peak': 0.01199757972153889}); windows compared in place
[Coarse] pair 20: no reliable coarse offset (matcher: no matches; phasecorr: {'dx': -51737.17622911178, 'dy': 31055.668515360256, 'support': None, 'n': None, 'peak': -0.013213375402903196}); windows compared in place
[Coarse] pair 22: no reliable coarse offset (matcher: no matches; phasecorr: {'dx': -22501.36818549658, 'dy': 56480.21235681643, 'support': None, 'n': None, 'peak': -0.0038632059607486176}); windows compared in place
[Coarse] pair 23: no reliable coarse offset (matcher: no matches; phasecorr: {'dx': -38768.62470648129, 'dy': 60272.71480887387, 'support': None, 'n': None, 'peak': 0.018053494174784593}); windows compared in place
[Coarse] pair 24: no reliable coarse offset (matcher: {'dx': 74623.2625579834, 'dy': -14340.325012207031, 'support': 4, 'n': 6, 'peak': None}; phasecorr: {'dx': 5060.875137458928, 'dy': -132702.46963164263, 'support': None, 'n': None, 'peak': 0.004566593000623915}); windows compared in place
[Coarse] pair 27: no reliable coarse offset (matcher: {'dx': -90109.65745925903, 'dy': -90036.90238952637, 'support': 2, 'n': 5, 'peak': None}; phasecorr: {'dx': -24618.815192443915, 'dy': -51702.316299651786, 'support': None, 'n': None, 'peak': 0.024773373663302803}); windows compared in place
[Coarse] pair 28: no reliable coarse offset (matcher: no matches; phasecorr: {'dx': -34345.520193795004, 'dy': -31836.47230271583, 'support': None, 'n': None, 'peak': 0.007815724782982971}); windows compared in place
[Coarse] pair 29: no reliable coarse offset (matcher: {'dx': 1774.2061614990234, 'dy': 100383.32050323486, 'support': 6, 'n': 7, 'peak': None}; phasecorr: {'dx': -23015.789594526494, 'dy': 27033.23829875427, 'support': None, 'n': None, 'peak': -0.010339975127467402}); windows compared in place
[Coarse] pair 30: no reliable coarse offset (matcher: no matches; phasecorr: {'dx': 44341.741084490575, 'dy': 33964.32140920293, 'support': None, 'n': None, 'peak': 0.012143600762135697}); windows compared in place
[Coarse] pair 32: no reliable coarse offset (matcher: {'dx': -62982.398529052734, 'dy': -88094.50653076172, 'support': 3, 'n': 4, 'peak': None}; phasecorr: {'dx': 76928.68966913699, 'dy': -17747.191922768525, 'support': None, 'n': None, 'peak': 0.018933949931462607}); windows compared in place
[Coarse] pair 33: no reliable coarse offset (matcher: {'dx': -34278.302307128906, 'dy': -95608.94073486328, 'support': 3, 'n': 9, 'peak': None}; phasecorr: {'dx': 76984.7825803246, 'dy': -17783.154749211222, 'support': None, 'n': None, 'peak': 0.01788282951116562}); windows compared in place
[Coarse] pair 36: no reliable coarse offset (matcher: {'dx': 46113.80630493164, 'dy': 58038.113136291504, 'support': 4, 'n': 8, 'peak': None}; phasecorr: {'dx': 19637.281743784188, 'dy': 28659.270855444367, 'support': None, 'n': None, 'peak': 0.011020430701750296}); windows compared in place
[Coarse] pair 37: no reliable coarse offset (matcher: no matches; phasecorr: {'dx': 7507.0015977467065, 'dy': 32833.49977892313, 'support': None, 'n': None, 'peak': 0.0048901353058991605}); windows compared in place
2026-10-09 07:47:40.209 | WARNING  | TopicFM.src.models.modules.transformer:forward:163 - topic distribution is highly sparse!
[Coarse] pair 38: no reliable coarse offset (matcher: no matches; phasecorr: {'dx': 23247.53686111282, 'dy': 17041.62175906921, 'support': None, 'n': None, 'peak': 0.019549365950219427}); windows compared in place
2026-10-09 07:47:40.258 | WARNING  | TopicFM.src.models.modules.transformer:forward:163 - topic distribution is highly sparse!
2026-10-09 07:47:41.741 | WARNING  | TopicFM.src.models.modules.transformer:forward:163 - topic distribution is highly sparse!
[Coarse] pair 7: phase correlation gave dE=-30061 m dN=24674 m, 111.4 km from every offset the matcher measured; using pair 25's (dE=74282 m dN=-14256 m)
[Coarse] pair 8: phase correlation gave dE=-34085 m dN=23031 m, 114.6 km from every offset the matcher measured; using pair 25's (dE=74282 m dN=-14256 m)
[Coarse] pair 10: phase correlation gave dE=-35432 m dN=24320 m, 116.3 km from every offset the matcher measured; using pair 25's (dE=74282 m dN=-14256 m)
[Coarse] pair 21: phase correlation gave dE=-34652 m dN=64354 m, 134.3 km from every offset the matcher measured; using pair 25's (dE=74282 m dN=-14256 m)
[Coarse] pair 31: phase correlation gave dE=29320 m dN=32718 m, 65.0 km from every offset the matcher measured; using pair 26's (dE=74668 m dN=-14306 m)
[Coarse] pair 39: phase correlation gave dE=10133 m dN=16958 m, 71.3 km from every offset the matcher measured; using pair 40's (dE=76507 m dN=-17960 m)
[Coarse] pair 44: phase correlation gave dE=-66700 m dN=27164 m, 146.9 km from every offset the matcher measured; using pair 42's (dE=76407 m dN=-17801 m)
[Coarse] pair 45: phase correlation gave dE=-65469 m dN=11952 m, 142.2 km from every offset the matcher measured; using pair 42's (dE=76407 m dN=-17801 m)
[Coarse] imw-topicfm pair 1: dE=74281.9 m dN=-14256.4 m (from-pair-7, support=None, peak=None) 
imw-topicfm: Processing pair 1 from disk...
imw-topicfm: 0 match-sets in 0.00s
[Coarse] imw-topicfm pair 2: dE=74281.9 m dN=-14256.4 m (from-pair-7, support=None, peak=None) 
imw-topicfm: Processing pair 2 from disk...
imw-topicfm: 0 match-sets in 0.00s
[Coarse] imw-topicfm pair 3: dE=73258.3 m dN=-12396.0 m (from-pair-14, support=None, peak=None) 
imw-topicfm: Processing pair 3 from disk...
imw-topicfm: 0 match-sets in 0.00s
[Coarse] imw-topicfm pair 4: dE=73258.3 m dN=-12396.0 m (from-pair-14, support=None, peak=None) 
imw-topicfm: Processing pair 4 from disk...
imw-topicfm: 0 match-sets in 0.00s
[Coarse] imw-topicfm pair 5: dE=73258.3 m dN=-12396.0 m (from-pair-14, support=None, peak=None) 
imw-topicfm: Processing pair 5 from disk...
imw-topicfm: 0 match-sets in 0.00s
[Coarse] imw-topicfm pair 6: dE=73258.3 m dN=-12396.0 m (from-pair-14, support=None, peak=None) 
imw-topicfm: Processing pair 6 from disk...
imw-topicfm: 0 match-sets in 0.00s
[Coarse] imw-topicfm pair 7: dE=74281.9 m dN=-14256.4 m (from-pair-25 (phasecorr disagreed), support=None, peak=0.07485453462600708) 
imw-topicfm: Processing pair 7 from disk...
imw-topicfm: 0 match-sets in 0.00s
[Coarse] imw-topicfm pair 8: dE=74281.9 m dN=-14256.4 m (from-pair-25 (phasecorr disagreed), support=None, peak=0.048964771058824325) 
imw-topicfm: Processing pair 8 from disk...
imw-topicfm: 0 match-sets in 0.00s
[Coarse] imw-topicfm pair 9: dE=74281.9 m dN=-14256.4 m (from-pair-10, support=None, peak=None) 
imw-topicfm: Processing pair 9 from disk...
imw-topicfm: 0 match-sets in 0.00s
[Coarse] imw-topicfm pair 10: dE=74281.9 m dN=-14256.4 m (from-pair-25 (phasecorr disagreed), support=None, peak=0.12360441419813369) 
imw-topicfm: Processing pair 10 from disk...
imw-topicfm: 0 match-sets in 0.00s
[Coarse] imw-topicfm pair 11: dE=74281.9 m dN=-14256.4 m (from-pair-8, support=None, peak=None) 
imw-topicfm: Processing pair 11 from disk...
imw-topicfm: 0 match-sets in 0.00s
[Coarse] imw-topicfm pair 12: dE=73258.3 m dN=-12396.0 m (from-pair-14, support=None, peak=None) 
imw-topicfm: Processing pair 12 from disk...
imw-topicfm: 0 match-sets in 0.23s
[Coarse] imw-topicfm pair 13: dE=73258.3 m dN=-12396.0 m (from-pair-14, support=None, peak=None) 
imw-topicfm: Processing pair 13 from disk...
imw-topicfm: 1 match-sets in 0.19s
[Coarse] imw-topicfm pair 14: dE=73258.3 m dN=-12396.0 m (phasecorr@315m, support=None, peak=0.0750410366821289) 
imw-topicfm: Processing pair 14 from disk...
imw-topicfm: 1 match-sets in 0.26s
[Coarse] imw-topicfm pair 15: dE=73258.3 m dN=-12396.0 m (from-pair-14, support=None, peak=None) 
imw-topicfm: Processing pair 15 from disk...
imw-topicfm: 1 match-sets in 0.36s
[Coarse] imw-topicfm pair 16: dE=73258.3 m dN=-12396.0 m (from-pair-14, support=None, peak=None) 
imw-topicfm: Processing pair 16 from disk...
imw-topicfm: 0 match-sets in 0.23s
[Coarse] imw-topicfm pair 17: dE=73258.3 m dN=-12396.0 m (from-pair-14, support=None, peak=None) 
imw-topicfm: Processing pair 17 from disk...
imw-topicfm: 1 match-sets in 0.26s
[Coarse] imw-topicfm pair 18: dE=73258.3 m dN=-12396.0 m (from-pair-14, support=None, peak=None) 
imw-topicfm: Processing pair 18 from disk...
imw-topicfm: 1 match-sets in 0.21s
[Coarse] imw-topicfm pair 19: dE=73258.3 m dN=-12396.0 m (from-pair-14, support=None, peak=None) 
imw-topicfm: Processing pair 19 from disk...
imw-topicfm: 1 match-sets in 0.15s
[Coarse] imw-topicfm pair 20: dE=73258.3 m dN=-12396.0 m (from-pair-14, support=None, peak=None) 
imw-topicfm: Processing pair 20 from disk...
imw-topicfm: 1 match-sets in 0.15s
[Coarse] imw-topicfm pair 21: dE=74281.9 m dN=-14256.4 m (from-pair-25 (phasecorr disagreed), support=None, peak=0.03061729173699524) 
imw-topicfm: Processing pair 21 from disk...
imw-topicfm: 0 match-sets in 0.00s
[Coarse] imw-topicfm pair 22: dE=74281.9 m dN=-14256.4 m (from-pair-21, support=None, peak=None) 
imw-topicfm: Processing pair 22 from disk...
imw-topicfm: 0 match-sets in 0.00s
[Coarse] imw-topicfm pair 23: dE=74281.9 m dN=-14256.4 m (from-pair-21, support=None, peak=None) 
imw-topicfm: Processing pair 23 from disk...
imw-topicfm: 0 match-sets in 0.00s
[Coarse] imw-topicfm pair 24: dE=74667.9 m dN=-14306.1 m (from-pair-26, support=None, peak=None) 
imw-topicfm: Processing pair 24 from disk...
imw-topicfm: 1 match-sets in 0.47s
[Coarse] imw-topicfm pair 25: dE=74281.9 m dN=-14256.4 m (matcher@315m, support=60, peak=None) 
imw-topicfm: Processing pair 25 from disk...
imw-topicfm: 1 match-sets in 0.34s
[Coarse] imw-topicfm pair 26: dE=74667.9 m dN=-14306.1 m (matcher@315m, support=19, peak=None) 
imw-topicfm: Processing pair 26 from disk...
imw-topicfm: 1 match-sets in 0.35s
[Coarse] imw-topicfm pair 27: dE=74667.9 m dN=-14306.1 m (from-pair-26, support=None, peak=None) 
imw-topicfm: Processing pair 27 from disk...
imw-topicfm: 1 match-sets in 0.45s
[Coarse] imw-topicfm pair 28: dE=74667.9 m dN=-14306.1 m (from-pair-26, support=None, peak=None) 
imw-topicfm: Processing pair 28 from disk...
imw-topicfm: 0 match-sets in 0.57s
[Coarse] imw-topicfm pair 29: dE=74667.9 m dN=-14306.1 m (from-pair-26, support=None, peak=None) 
imw-topicfm: Processing pair 29 from disk...
imw-topicfm: 1 match-sets in 0.38s
[Coarse] imw-topicfm pair 30: dE=74667.9 m dN=-14306.1 m (from-pair-31, support=None, peak=None) 
imw-topicfm: Processing pair 30 from disk...
imw-topicfm: 0 match-sets in 0.00s
[Coarse] imw-topicfm pair 31: dE=74667.9 m dN=-14306.1 m (from-pair-26 (phasecorr disagreed), support=None, peak=0.11020252078648948) 
imw-topicfm: Processing pair 31 from disk...
imw-topicfm: 0 match-sets in 0.00s
[Coarse] imw-topicfm pair 32: dE=76722.8 m dN=-17543.3 m (from-pair-34, support=None, peak=None) 
imw-topicfm: Processing pair 32 from disk...
imw-topicfm: 1 match-sets in 0.52s
[Coarse] imw-topicfm pair 33: dE=76722.8 m dN=-17543.3 m (from-pair-34, support=None, peak=None) 
imw-topicfm: Processing pair 33 from disk...
imw-topicfm: 1 match-sets in 0.32s
[Coarse] imw-topicfm pair 34: dE=76722.8 m dN=-17543.3 m (matcher@315m, support=25, peak=None) 
imw-topicfm: Processing pair 34 from disk...
imw-topicfm: 1 match-sets in 0.34s
[Coarse] imw-topicfm pair 35: dE=75568.1 m dN=-15961.2 m (phasecorr@315m, support=None, peak=0.0629165448612637) 
imw-topicfm: Processing pair 35 from disk...
imw-topicfm: 1 match-sets in 0.34s
[Coarse] imw-topicfm pair 36: dE=75568.1 m dN=-15961.2 m (from-pair-35, support=None, peak=None) 
imw-topicfm: Processing pair 36 from disk...
imw-topicfm: 0 match-sets in 0.23s
[Coarse] imw-topicfm pair 37: dE=75568.1 m dN=-15961.2 m (from-pair-35, support=None, peak=None) 
imw-topicfm: Processing pair 37 from disk...
imw-topicfm: 0 match-sets in 0.16s
[Coarse] imw-topicfm pair 38: dE=76507.1 m dN=-17959.6 m (from-pair-39, support=None, peak=None) 
imw-topicfm: Processing pair 38 from disk...
imw-topicfm: 0 match-sets in 0.00s
[Coarse] imw-topicfm pair 39: dE=76507.1 m dN=-17959.6 m (from-pair-40 (phasecorr disagreed), support=None, peak=0.37484617568828443) 
imw-topicfm: Processing pair 39 from disk...
imw-topicfm: 0 match-sets in 0.00s
[Coarse] imw-topicfm pair 40: dE=76507.1 m dN=-17959.6 m (matcher@315m, support=57, peak=None) 
imw-topicfm: Processing pair 40 from disk...
imw-topicfm: 1 match-sets in 0.24s
[Coarse] imw-topicfm pair 41: dE=76998.2 m dN=-17972.8 m (matcher@315m, support=44, peak=None) 
imw-topicfm: Processing pair 41 from disk...
imw-topicfm: 1 match-sets in 0.16s
[Coarse] imw-topicfm pair 42: dE=76406.9 m dN=-17800.9 m (matcher@315m, support=13, peak=None) 
imw-topicfm: Processing pair 42 from disk...
imw-topicfm: 1 match-sets in 0.22s
[Coarse] imw-topicfm pair 43: dE=76386.3 m dN=-17968.2 m (matcher@315m, support=22, peak=None) 
imw-topicfm: Processing pair 43 from disk...
imw-topicfm: 1 match-sets in 0.24s
[Coarse] imw-topicfm pair 44: dE=76406.9 m dN=-17800.9 m (from-pair-42 (phasecorr disagreed), support=None, peak=0.060047009852197436) 
imw-topicfm: Processing pair 44 from disk...
imw-topicfm: 0 match-sets in 0.00s
[Coarse] imw-topicfm pair 45: dE=76406.9 m dN=-17800.9 m (from-pair-42 (phasecorr disagreed), support=None, peak=0.062489196923861616) 
imw-topicfm: Processing pair 45 from disk...
imw-topicfm: 0 match-sets in 0.00s
Saved:
 CHIP_STATS_ALL.csv
 CHIP_STATS_SURVIVORS.csv
 CONSENSUS_SCORES.csv
 BEST_CHIP_SET.csv
 BEST_CHIP_MANIFEST.csv
 BEST_FINAL_SUMMARY.csv
[band3] imw-topicfm ok in 0.4 min, peak GPU memory 2.5 of 15.6 GB
[imw-topicfm] Model unloaded.
--------------------------------------------------------------------------------
[band3] Running imw-roma
[imw-roma] Loading model...
[Coarse] pair 1: no reliable coarse offset (matcher: {'dx': -99668.74740600586, 'dy': -90125.02029418945, 'support': 23, 'n': 597, 'peak': None}; phasecorr: {'dx': 72221.31426491275, 'dy': -10662.850823270848, 'support': None, 'n': None, 'peak': 0.02032967514970684}); windows compared in place
[Coarse] pair 2: no reliable coarse offset (matcher: {'dx': -99272.38265991211, 'dy': -65843.57482910156, 'support': 31, 'n': 706, 'peak': None}; phasecorr: {'dx': 65394.283402378176, 'dy': -25649.46980266543, 'support': None, 'n': None, 'peak': 0.022622975002173116}); windows compared in place
[Coarse] pair 3: no reliable coarse offset (matcher: {'dx': -87076.26480102539, 'dy': 65435.771169662476, 'support': 42, 'n': 301, 'peak': None}; phasecorr: {'dx': -84951.32174473844, 'dy': -16333.25546038059, 'support': None, 'n': None, 'peak': 0.023098598562204843}); windows compared in place
[Coarse] pair 4: no reliable coarse offset (matcher: no matches; phasecorr: {'dx': -71296.19311950017, 'dy': -18548.86611268403, 'support': None, 'n': None, 'peak': 0.02308651422222401}); windows compared in place
[Coarse] pair 5: no reliable coarse offset (matcher: no matches; phasecorr: {'dx': -66471.0041660463, 'dy': 19677.698496104596, 'support': None, 'n': None, 'peak': 0.0007051175513875827}); windows compared in place
[Coarse] pair 9: no reliable coarse offset (matcher: no matches; phasecorr: {'dx': -16699.175274071407, 'dy': 24436.94053537555, 'support': None, 'n': None, 'peak': -0.010903077867296006}); windows compared in place
[Coarse] pair 12: no reliable coarse offset (matcher: {'dx': -70278.66725921631, 'dy': -38085.53844451904, 'support': 6, 'n': 290, 'peak': None}; phasecorr: {'dx': -54138.7373906018, 'dy': -62739.11738734777, 'support': None, 'n': None, 'peak': 0.019588654039171007}); windows compared in place
[Coarse] pair 13: no reliable coarse offset (matcher: {'dx': -92867.24607467651, 'dy': -68083.25145721436, 'support': 4, 'n': 319, 'peak': None}; phasecorr: {'dx': -3843.534072827219, 'dy': -91640.0194769223, 'support': None, 'n': None, 'peak': 0.015414013681642857}); windows compared in place
[Coarse] pair 15: no reliable coarse offset (matcher: no matches; phasecorr: {'dx': -94939.8559147267, 'dy': -82659.23661442024, 'support': None, 'n': None, 'peak': 0.008939644289605411}); windows compared in place
[Coarse] pair 16: no reliable coarse offset (matcher: {'dx': -24965.9561920166, 'dy': 97132.95799255371, 'support': 9, 'n': 1132, 'peak': None}; phasecorr: {'dx': -60639.28459076655, 'dy': -33832.56066827953, 'support': None, 'n': None, 'peak': 0.007406430218281896}); windows compared in place
[Coarse] pair 17: no reliable coarse offset (matcher: {'dx': 38112.42370605469, 'dy': 80147.33905792236, 'support': 8, 'n': 1111, 'peak': None}; phasecorr: {'dx': -75606.28869913492, 'dy': -40258.11314932236, 'support': None, 'n': None, 'peak': 0.002259464960529971}); windows compared in place
[Coarse] pair 19: no reliable coarse offset (matcher: no matches; phasecorr: {'dx': -134048.08681427932, 'dy': 22202.75100943282, 'support': None, 'n': None, 'peak': 0.01199757972153889}); windows compared in place
[Coarse] pair 22: no reliable coarse offset (matcher: no matches; phasecorr: {'dx': -22501.36818549658, 'dy': 56480.21235681643, 'support': None, 'n': None, 'peak': -0.0038632059607486176}); windows compared in place
[Coarse] pair 23: no reliable coarse offset (matcher: no matches; phasecorr: {'dx': -38768.62470648129, 'dy': 60272.71480887387, 'support': None, 'n': None, 'peak': 0.018053494174784593}); windows compared in place
[Coarse] pair 25: no reliable coarse offset (matcher: no matches; phasecorr: {'dx': 19115.97600195751, 'dy': -87876.18077077619, 'support': None, 'n': None, 'peak': 0.014515514945983887}); windows compared in place
[Coarse] pair 26: no reliable coarse offset (matcher: {'dx': -34106.788902282715, 'dy': -14702.416877746582, 'support': 2, 'n': 35, 'peak': None}; phasecorr: {'dx': -25110.617324353138, 'dy': -110321.271036598, 'support': None, 'n': None, 'peak': 0.028688357883029515}); windows compared in place
[Coarse] pair 27: no reliable coarse offset (matcher: {'dx': -44879.88347053528, 'dy': 30644.151306152344, 'support': 28, 'n': 204, 'peak': None}; phasecorr: {'dx': -24618.815192443915, 'dy': -51702.316299651786, 'support': None, 'n': None, 'peak': 0.024773373663302803}); windows compared in place
[Coarse] pair 29: no reliable coarse offset (matcher: no matches; phasecorr: {'dx': -23015.789594526494, 'dy': 27033.23829875427, 'support': None, 'n': None, 'peak': -0.010339975127467402}); windows compared in place
[Coarse] pair 30: no reliable coarse offset (matcher: {'dx': 24174.707107543945, 'dy': -95173.62636566162, 'support': 48, 'n': 261, 'peak': None}; phasecorr: {'dx': 44341.741084490575, 'dy': 33964.32140920293, 'support': None, 'n': None, 'peak': 0.012143600762135697}); windows compared in place
[Coarse] pair 32: no reliable coarse offset (matcher: {'dx': 43591.92695617676, 'dy': -65069.326400756836, 'support': 5, 'n': 11, 'peak': None}; phasecorr: {'dx': 76928.68966913699, 'dy': -17747.191922768525, 'support': None, 'n': None, 'peak': 0.018933949931462607}); windows compared in place
[Coarse] pair 36: no reliable coarse offset (matcher: {'dx': 95250.69047927856, 'dy': 70988.00605773926, 'support': 32, 'n': 277, 'peak': None}; phasecorr: {'dx': 19637.281743784188, 'dy': 28659.270855444367, 'support': None, 'n': None, 'peak': 0.011020430701750296}); windows compared in place
[Coarse] pair 37: no reliable coarse offset (matcher: {'dx': 96167.26472854614, 'dy': 86954.14798736572, 'support': 18, 'n': 144, 'peak': None}; phasecorr: {'dx': 7507.0015977467065, 'dy': 32833.49977892313, 'support': None, 'n': None, 'peak': 0.0048901353058991605}); windows compared in place
[Coarse] pair 38: no reliable coarse offset (matcher: {'dx': 44308.44429016113, 'dy': -95738.65365028381, 'support': 51, 'n': 394, 'peak': None}; phasecorr: {'dx': 23247.53686111282, 'dy': 17041.62175906921, 'support': None, 'n': None, 'peak': 0.019549365950219427}); windows compared in place
[Coarse] pair 43: no reliable coarse offset (matcher: no matches; phasecorr: {'dx': 59869.22805112187, 'dy': -96325.01557673489, 'support': None, 'n': None, 'peak': 0.00793376685672336}); windows compared in place
[Coarse] pair 10: phase correlation gave dE=-35432 m dN=24320 m, 20.2 km from every offset the matcher measured; using pair 7's (dE=2143 m dN=-100760 m)
[Coarse] pair 14: phase correlation gave dE=73258 m dN=-12396 m, 28.3 km from every offset the matcher measured; using pair 20's (dE=-93774 m dN=100398 m)
[Coarse] pair 21: phase correlation gave dE=-34652 m dN=64354 m, 22.1 km from every offset the matcher measured; using pair 7's (dE=2143 m dN=-100760 m)
[Coarse] pair 35: phase correlation gave dE=75568 m dN=-15961 m, 25.0 km from every offset the matcher measured; using pair 34's (dE=68985 m dN=-46623 m)
[Coarse] pair 40: phase correlation gave dE=76843 m dN=-18013 m, 23.3 km from every offset the matcher measured; using pair 42's (dE=99575 m dN=-22927 m)
[Coarse] pair 41: phase correlation gave dE=76822 m dN=-17971 m, 23.3 km from every offset the matcher measured; using pair 42's (dE=99575 m dN=-22927 m)
[Coarse] pair 44: phase correlation gave dE=-66700 m dN=27164 m, 29.7 km from every offset the matcher measured; using pair 45's (dE=99148 m dN=28727 m)
[Coarse] WARNING: imw-roma: the pairs' coarse offsets differ by up to 201 km, more than one image moves from place to place. Pairs with a wrong offset match the wrong ground (the chip consensus drops them when they are few); if most pairs disagree, check the input's pixel size and window size.
[Coarse] imw-roma pair 1: dE=2142.6 m dN=-100759.9 m (from-pair-7, support=None, peak=None) 
imw-roma: Processing pair 1 from disk...
imw-roma: 0 match-sets in 0.00s
[Coarse] imw-roma pair 2: dE=2142.6 m dN=-100759.9 m (from-pair-7, support=None, peak=None) 
imw-roma: Processing pair 2 from disk...
imw-roma: 0 match-sets in 0.00s
[Coarse] imw-roma pair 3: dE=-85337.0 m dN=92914.6 m (from-pair-6, support=None, peak=None) 
imw-roma: Processing pair 3 from disk...
imw-roma: 1 match-sets in 1.24s
[Coarse] imw-roma pair 4: dE=-85337.0 m dN=92914.6 m (from-pair-6, support=None, peak=None) 
imw-roma: Processing pair 4 from disk...
imw-roma: 1 match-sets in 1.27s
[Coarse] imw-roma pair 5: dE=-85337.0 m dN=92914.6 m (from-pair-6, support=None, peak=None) 
imw-roma: Processing pair 5 from disk...
imw-roma: 1 match-sets in 1.23s
[Coarse] imw-roma pair 6: dE=-85337.0 m dN=92914.6 m (matcher@315m, support=75, peak=None) 
imw-roma: Processing pair 6 from disk...
imw-roma: 1 match-sets in 1.20s
[Coarse] imw-roma pair 7: dE=2142.6 m dN=-100759.9 m (matcher@315m, support=13, peak=None) 
imw-roma: Processing pair 7 from disk...
imw-roma: 0 match-sets in 0.00s
[Coarse] imw-roma pair 8: dE=-17049.2 m dN=-100177.8 m (matcher@315m, support=52, peak=None) 
imw-roma: Processing pair 8 from disk...
imw-roma: 0 match-sets in 0.00s
[Coarse] imw-roma pair 9: dE=2142.6 m dN=-100759.9 m (from-pair-10, support=None, peak=None) 
imw-roma: Processing pair 9 from disk...
imw-roma: 0 match-sets in 0.00s
[Coarse] imw-roma pair 10: dE=2142.6 m dN=-100759.9 m (from-pair-7 (phasecorr disagreed), support=None, peak=0.12360441419813369) 
imw-roma: Processing pair 10 from disk...
imw-roma: 0 match-sets in 0.00s
[Coarse] imw-roma pair 11: dE=-16758.4 m dN=-99554.2 m (matcher@315m, support=52, peak=None) 
imw-roma: Processing pair 11 from disk...
imw-roma: 0 match-sets in 0.00s
[Coarse] imw-roma pair 12: dE=-93774.0 m dN=100398.1 m (from-pair-14, support=None, peak=None) 
imw-roma: Processing pair 12 from disk...
imw-roma: 0 match-sets in 0.00s
[Coarse] imw-roma pair 13: dE=-93774.0 m dN=100398.1 m (from-pair-14, support=None, peak=None) 
imw-roma: Processing pair 13 from disk...
imw-roma: 0 match-sets in 0.00s
[Coarse] imw-roma pair 14: dE=-93774.0 m dN=100398.1 m (from-pair-20 (phasecorr disagreed), support=None, peak=0.0750410366821289) 
imw-roma: Processing pair 14 from disk...
imw-roma: 0 match-sets in 0.00s
[Coarse] imw-roma pair 15: dE=-93774.0 m dN=100398.1 m (from-pair-14, support=None, peak=None) 
imw-roma: Processing pair 15 from disk...
imw-roma: 1 match-sets in 1.35s
[Coarse] imw-roma pair 16: dE=-93774.0 m dN=100398.1 m (from-pair-14, support=None, peak=None) 
imw-roma: Processing pair 16 from disk...
imw-roma: 1 match-sets in 1.31s
[Coarse] imw-roma pair 17: dE=-93774.0 m dN=100398.1 m (from-pair-14, support=None, peak=None) 
imw-roma: Processing pair 17 from disk...
imw-roma: 1 match-sets in 1.36s
[Coarse] imw-roma pair 18: dE=-41092.1 m dN=93793.4 m (matcher@315m, support=33, peak=None) 
imw-roma: Processing pair 18 from disk...
imw-roma: 1 match-sets in 1.27s
[Coarse] imw-roma pair 19: dE=-93774.0 m dN=100398.1 m (from-pair-20, support=None, peak=None) 
imw-roma: Processing pair 19 from disk...
imw-roma: 1 match-sets in 1.20s
[Coarse] imw-roma pair 20: dE=-93774.0 m dN=100398.1 m (matcher@315m, support=9, peak=None) 
imw-roma: Processing pair 20 from disk...
imw-roma: 1 match-sets in 1.29s
[Coarse] imw-roma pair 21: dE=2142.6 m dN=-100759.9 m (from-pair-7 (phasecorr disagreed), support=None, peak=0.03061729173699524) 
imw-roma: Processing pair 21 from disk...
imw-roma: 0 match-sets in 0.00s
[Coarse] imw-roma pair 22: dE=2142.6 m dN=-100759.9 m (from-pair-21, support=None, peak=None) 
imw-roma: Processing pair 22 from disk...
imw-roma: 0 match-sets in 0.00s
[Coarse] imw-roma pair 23: dE=2142.6 m dN=-100759.9 m (from-pair-21, support=None, peak=None) 
imw-roma: Processing pair 23 from disk...
imw-roma: 0 match-sets in 0.00s
[Coarse] imw-roma pair 24: dE=-70947.4 m dN=-59777.3 m (matcher@315m, support=24, peak=None) 
imw-roma: Processing pair 24 from disk...
imw-roma: 1 match-sets in 1.37s
[Coarse] imw-roma pair 25: dE=-70947.4 m dN=-59777.3 m (from-pair-24, support=None, peak=None) 
imw-roma: Processing pair 25 from disk...
imw-roma: 1 match-sets in 1.38s
[Coarse] imw-roma pair 26: dE=-70947.4 m dN=-59777.3 m (from-pair-24, support=None, peak=None) 
imw-roma: Processing pair 26 from disk...
imw-roma: 1 match-sets in 1.40s
[Coarse] imw-roma pair 27: dE=-41827.7 m dN=43437.0 m (from-pair-28, support=None, peak=None) 
imw-roma: Processing pair 27 from disk...
imw-roma: 1 match-sets in 1.39s
[Coarse] imw-roma pair 28: dE=-41827.7 m dN=43437.0 m (matcher@315m, support=16, peak=None) 
imw-roma: Processing pair 28 from disk...
imw-roma: 1 match-sets in 1.41s
[Coarse] imw-roma pair 29: dE=-41827.7 m dN=43437.0 m (from-pair-28, support=None, peak=None) 
imw-roma: Processing pair 29 from disk...
imw-roma: 1 match-sets in 1.29s
[Coarse] imw-roma pair 30: dE=37235.6 m dN=-100814.9 m (from-pair-31, support=None, peak=None) 
imw-roma: Processing pair 30 from disk...
imw-roma: 0 match-sets in 0.00s
[Coarse] imw-roma pair 31: dE=37235.6 m dN=-100814.9 m (matcher@315m, support=27, peak=None) 
imw-roma: Processing pair 31 from disk...
imw-roma: 0 match-sets in 0.00s
[Coarse] imw-roma pair 32: dE=64327.5 m dN=-96486.5 m (from-pair-33, support=None, peak=None) 
imw-roma: Processing pair 32 from disk...
imw-roma: 1 match-sets in 1.38s
[Coarse] imw-roma pair 33: dE=64327.5 m dN=-96486.5 m (matcher@315m, support=14, peak=None) 
imw-roma: Processing pair 33 from disk...
imw-roma: 1 match-sets in 1.37s
[Coarse] imw-roma pair 34: dE=68984.5 m dN=-46623.4 m (matcher@315m, support=10, peak=None) 
imw-roma: Processing pair 34 from disk...
imw-roma: 1 match-sets in 1.28s
[Coarse] imw-roma pair 35: dE=68984.5 m dN=-46623.4 m (from-pair-34 (phasecorr disagreed), support=None, peak=0.0629165448612637) 
imw-roma: Processing pair 35 from disk...
imw-roma: 1 match-sets in 1.29s
[Coarse] imw-roma pair 36: dE=68984.5 m dN=-46623.4 m (from-pair-35, support=None, peak=None) 
imw-roma: Processing pair 36 from disk...
imw-roma: 0 match-sets in 0.00s
[Coarse] imw-roma pair 37: dE=68984.5 m dN=-46623.4 m (from-pair-35, support=None, peak=None) 
imw-roma: Processing pair 37 from disk...
imw-roma: 0 match-sets in 0.00s
[Coarse] imw-roma pair 38: dE=27913.6 m dN=-92491.5 m (from-pair-39, support=None, peak=None) 
imw-roma: Processing pair 38 from disk...
imw-roma: 0 match-sets in 0.00s
[Coarse] imw-roma pair 39: dE=27913.6 m dN=-92491.5 m (matcher@315m, support=146, peak=None) 
imw-roma: Processing pair 39 from disk...
imw-roma: 0 match-sets in 0.00s
[Coarse] imw-roma pair 40: dE=99575.1 m dN=-22927.0 m (from-pair-42 (phasecorr disagreed), support=None, peak=0.16032237420847387) 
imw-roma: Processing pair 40 from disk...
imw-roma: 1 match-sets in 1.19s
[Coarse] imw-roma pair 41: dE=99575.1 m dN=-22927.0 m (from-pair-42 (phasecorr disagreed), support=None, peak=0.1293754681834468) 
imw-roma: Processing pair 41 from disk...
imw-roma: 0 match-sets in 1.19s
[Coarse] imw-roma pair 42: dE=99575.1 m dN=-22927.0 m (matcher@315m, support=14, peak=None) 
imw-roma: Processing pair 42 from disk...
imw-roma: 1 match-sets in 1.22s
[Coarse] imw-roma pair 43: dE=99575.1 m dN=-22927.0 m (from-pair-42, support=None, peak=None) 
imw-roma: Processing pair 43 from disk...
imw-roma: 1 match-sets in 1.24s
[Coarse] imw-roma pair 44: dE=99148.1 m dN=28726.9 m (from-pair-45 (phasecorr disagreed), support=None, peak=0.060047009852197436) 
imw-roma: Processing pair 44 from disk...
imw-roma: 1 match-sets in 1.14s
[Coarse] imw-roma pair 45: dE=99148.1 m dN=28726.9 m (matcher@315m, support=76, peak=None) 
imw-roma: Processing pair 45 from disk...
imw-roma: 1 match-sets in 1.11s
No configuration survived the chip consensus filter.
[band3] imw-roma no-consensus in 1.7 min, peak GPU memory 5.4 of 15.6 GB
[imw-roma] Model unloaded.
--------------------------------------------------------------------------------
[band3] Running imw-dkm
[imw-dkm] Loading model...
[Coarse] pair 1: no reliable coarse offset (matcher: {'dx': -99183.43803405762, 'dy': -39856.098861694336, 'support': 88, 'n': 638, 'peak': None}; phasecorr: {'dx': 72221.31426491275, 'dy': -10662.850823270848, 'support': None, 'n': None, 'peak': 0.02032967514970684}); windows compared in place
[Coarse] pair 2: no reliable coarse offset (matcher: {'dx': -98787.20306396484, 'dy': -22811.049728393555, 'support': 185, 'n': 2250, 'peak': None}; phasecorr: {'dx': 65394.283402378176, 'dy': -25649.46980266543, 'support': None, 'n': None, 'peak': 0.022622975002173116}); windows compared in place
[Coarse] pair 4: no reliable coarse offset (matcher: {'dx': -95523.31741333008, 'dy': 17957.835845947266, 'support': 290, 'n': 1617, 'peak': None}; phasecorr: {'dx': -71296.19311950017, 'dy': -18548.86611268403, 'support': None, 'n': None, 'peak': 0.02308651422222401}); windows compared in place
[Coarse] pair 5: no reliable coarse offset (matcher: {'dx': -95135.14778137207, 'dy': 33210.03673553467, 'support': 69, 'n': 420, 'peak': None}; phasecorr: {'dx': -66471.0041660463, 'dy': 19677.698496104596, 'support': None, 'n': None, 'peak': 0.0007051175513875827}); windows compared in place
[Coarse] pair 6: no reliable coarse offset (matcher: {'dx': -77834.53605651855, 'dy': 39984.63718414307, 'support': 45, 'n': 472, 'peak': None}; phasecorr: {'dx': -63117.55771771344, 'dy': 45344.79793689909, 'support': None, 'n': None, 'peak': 0.016527041937588666}); windows compared in place
[Coarse] pair 9: no reliable coarse offset (matcher: no matches; phasecorr: {'dx': -16699.175274071407, 'dy': 24436.94053537555, 'support': None, 'n': None, 'peak': -0.010903077867296006}); windows compared in place
[Coarse] pair 12: no reliable coarse offset (matcher: no matches; phasecorr: {'dx': -54138.7373906018, 'dy': -62739.11738734777, 'support': None, 'n': None, 'peak': 0.019588654039171007}); windows compared in place
[Coarse] pair 15: no reliable coarse offset (matcher: {'dx': -100855.97671508789, 'dy': -96777.32368469238, 'support': 1, 'n': 32, 'peak': None}; phasecorr: {'dx': -94939.8559147267, 'dy': -82659.23661442024, 'support': None, 'n': None, 'peak': 0.008939644289605411}); windows compared in place
[Coarse] pair 16: no reliable coarse offset (matcher: {'dx': -52646.50909423828, 'dy': -22376.333770751953, 'support': 14, 'n': 363, 'peak': None}; phasecorr: {'dx': -60639.28459076655, 'dy': -33832.56066827953, 'support': None, 'n': None, 'peak': 0.007406430218281896}); windows compared in place
[Coarse] pair 17: no reliable coarse offset (matcher: {'dx': 53686.69258117676, 'dy': 57698.366775512695, 'support': 20, 'n': 128, 'peak': None}; phasecorr: {'dx': -75606.28869913492, 'dy': -40258.11314932236, 'support': None, 'n': None, 'peak': 0.002259464960529971}); windows compared in place
[Coarse] pair 19: no reliable coarse offset (matcher: no matches; phasecorr: {'dx': -134048.08681427932, 'dy': 22202.75100943282, 'support': None, 'n': None, 'peak': 0.01199757972153889}); windows compared in place
[Coarse] pair 20: no reliable coarse offset (matcher: no matches; phasecorr: {'dx': -51737.17622911178, 'dy': 31055.668515360256, 'support': None, 'n': None, 'peak': -0.013213375402903196}); windows compared in place
[Coarse] pair 22: no reliable coarse offset (matcher: no matches; phasecorr: {'dx': -22501.36818549658, 'dy': 56480.21235681643, 'support': None, 'n': None, 'peak': -0.0038632059607486176}); windows compared in place
[Coarse] pair 23: no reliable coarse offset (matcher: no matches; phasecorr: {'dx': -38768.62470648129, 'dy': 60272.71480887387, 'support': None, 'n': None, 'peak': 0.018053494174784593}); windows compared in place
[Coarse] pair 27: no reliable coarse offset (matcher: {'dx': -29678.57940673828, 'dy': 23594.882354736328, 'support': 41, 'n': 328, 'peak': None}; phasecorr: {'dx': -24618.815192443915, 'dy': -51702.316299651786, 'support': None, 'n': None, 'peak': 0.024773373663302803}); windows compared in place
[Coarse] pair 28: no reliable coarse offset (matcher: {'dx': 28538.377075195312, 'dy': 5894.945068359375, 'support': 31, 'n': 454, 'peak': None}; phasecorr: {'dx': -34345.520193795004, 'dy': -31836.47230271583, 'support': None, 'n': None, 'peak': 0.007815724782982971}); windows compared in place
[Coarse] pair 29: no reliable coarse offset (matcher: {'dx': -15362.988739013672, 'dy': 92658.57948303223, 'support': 22, 'n': 537, 'peak': None}; phasecorr: {'dx': -23015.789594526494, 'dy': 27033.23829875427, 'support': None, 'n': None, 'peak': -0.010339975127467402}); windows compared in place
[Coarse] pair 30: no reliable coarse offset (matcher: no matches; phasecorr: {'dx': 44341.741084490575, 'dy': 33964.32140920293, 'support': None, 'n': None, 'peak': 0.012143600762135697}); windows compared in place
[Coarse] pair 32: no reliable coarse offset (matcher: {'dx': -2523.2612228393555, 'dy': -67352.51403808594, 'support': 18, 'n': 240, 'peak': None}; phasecorr: {'dx': 76928.68966913699, 'dy': -17747.191922768525, 'support': None, 'n': None, 'peak': 0.018933949931462607}); windows compared in place
[Coarse] pair 33: no reliable coarse offset (matcher: {'dx': 6823.016510009766, 'dy': -55966.318588256836, 'support': 10, 'n': 498, 'peak': None}; phasecorr: {'dx': 76984.7825803246, 'dy': -17783.154749211222, 'support': None, 'n': None, 'peak': 0.01788282951116562}); windows compared in place
[Coarse] pair 36: no reliable coarse offset (matcher: no matches; phasecorr: {'dx': 19637.281743784188, 'dy': 28659.270855444367, 'support': None, 'n': None, 'peak': 0.011020430701750296}); windows compared in place
[Coarse] pair 37: no reliable coarse offset (matcher: no matches; phasecorr: {'dx': 7507.0015977467065, 'dy': 32833.49977892313, 'support': None, 'n': None, 'peak': 0.0048901353058991605}); windows compared in place
[Coarse] pair 8: phase correlation gave dE=-34085 m dN=23031 m, 75.9 km from every offset the matcher measured; using pair 11's (dE=-19482 m dN=-100259 m)
[Coarse] pair 10: phase correlation gave dE=-35432 m dN=24320 m, 74.0 km from every offset the matcher measured; using pair 7's (dE=-37769 m dN=-99357 m)
[Coarse] pair 31: phase correlation gave dE=29320 m dN=32718 m, 66.9 km from every offset the matcher measured; using pair 24's (dE=-43702 m dN=-93036 m)
[Coarse] pair 34: phase correlation gave dE=75555 m dN=-16018 m, 31.9 km from every offset the matcher measured; using pair 24's (dE=-43702 m dN=-93036 m)
[Coarse] pair 35: phase correlation gave dE=75568 m dN=-15961 m, 31.9 km from every offset the matcher measured; using pair 24's (dE=-43702 m dN=-93036 m)
[Coarse] pair 40: phase correlation gave dE=76843 m dN=-18013 m, 29.5 km from every offset the matcher measured; using pair 41's (dE=94811 m dN=-41397 m)
[Coarse] pair 42: phase correlation gave dE=71418 m dN=-83227 m, 17.0 km from every offset the matcher measured; using pair 43's (dE=97751 m dN=47780 m)
[Coarse] pair 45: phase correlation gave dE=-65469 m dN=11952 m, 64.3 km from every offset the matcher measured; using pair 44's (dE=93828 m dN=14959 m)
[Coarse] WARNING: imw-dkm: the pairs' coarse offsets differ by up to 197 km, more than one image moves from place to place. Pairs with a wrong offset match the wrong ground (the chip consensus drops them when they are few); if most pairs disagree, check the input's pixel size and window size.
[Coarse] imw-dkm pair 1: dE=-94024.5 m dN=69512.9 m (from-pair-3, support=None, peak=None) 
imw-dkm: Processing pair 1 from disk...
imw-dkm: 0 match-sets in 0.00s
[Coarse] imw-dkm pair 2: dE=-94024.5 m dN=69512.9 m (from-pair-3, support=None, peak=None) 
imw-dkm: Processing pair 2 from disk...
imw-dkm: 0 match-sets in 0.00s
[Coarse] imw-dkm pair 3: dE=-94024.5 m dN=69512.9 m (matcher@315m, support=417, peak=None) 
imw-dkm: Processing pair 3 from disk...
imw-dkm: 1 match-sets in 1.23s
[Coarse] imw-dkm pair 4: dE=-94024.5 m dN=69512.9 m (from-pair-3, support=None, peak=None) 
imw-dkm: Processing pair 4 from disk...
imw-dkm: 1 match-sets in 1.23s
[Coarse] imw-dkm pair 5: dE=-94024.5 m dN=69512.9 m (from-pair-3, support=None, peak=None) 
imw-dkm: Processing pair 5 from disk...
imw-dkm: 1 match-sets in 1.24s
[Coarse] imw-dkm pair 6: dE=-94024.5 m dN=69512.9 m (from-pair-3, support=None, peak=None) 
imw-dkm: Processing pair 6 from disk...
imw-dkm: 1 match-sets in 1.22s
[Coarse] imw-dkm pair 7: dE=-37768.9 m dN=-99356.6 m (matcher@315m, support=33, peak=None) 
imw-dkm: Processing pair 7 from disk...
imw-dkm: 0 match-sets in 0.00s
[Coarse] imw-dkm pair 8: dE=-19482.3 m dN=-100259.1 m (from-pair-11 (phasecorr disagreed), support=None, peak=0.048964771058824325) 
imw-dkm: Processing pair 8 from disk...
imw-dkm: 0 match-sets in 0.00s
[Coarse] imw-dkm pair 9: dE=-37768.9 m dN=-99356.6 m (from-pair-10, support=None, peak=None) 
imw-dkm: Processing pair 9 from disk...
imw-dkm: 0 match-sets in 0.00s
[Coarse] imw-dkm pair 10: dE=-37768.9 m dN=-99356.6 m (from-pair-7 (phasecorr disagreed), support=None, peak=0.12360441419813369) 
imw-dkm: Processing pair 10 from disk...
imw-dkm: 0 match-sets in 0.00s
[Coarse] imw-dkm pair 11: dE=-19482.3 m dN=-100259.1 m (matcher@315m, support=68, peak=None) 
imw-dkm: Processing pair 11 from disk...
imw-dkm: 0 match-sets in 0.00s
[Coarse] imw-dkm pair 12: dE=-64892.0 m dN=-89336.2 m (from-pair-14, support=None, peak=None) 
imw-dkm: Processing pair 12 from disk...
imw-dkm: 1 match-sets in 1.29s
[Coarse] imw-dkm pair 13: dE=-4479.5 m dN=-99694.4 m (matcher@315m, support=14, peak=None) 
imw-dkm: Processing pair 13 from disk...
imw-dkm: 1 match-sets in 1.26s
[Coarse] imw-dkm pair 14: dE=-64892.0 m dN=-89336.2 m (matcher@315m, support=8, peak=None) 
imw-dkm: Processing pair 14 from disk...
imw-dkm: 1 match-sets in 1.30s
[Coarse] imw-dkm pair 15: dE=-64892.0 m dN=-89336.2 m (from-pair-14, support=None, peak=None) 
imw-dkm: Processing pair 15 from disk...
imw-dkm: 1 match-sets in 1.30s
[Coarse] imw-dkm pair 16: dE=-64892.0 m dN=-89336.2 m (from-pair-14, support=None, peak=None) 
imw-dkm: Processing pair 16 from disk...
imw-dkm: 1 match-sets in 1.31s
[Coarse] imw-dkm pair 17: dE=-64892.0 m dN=-89336.2 m (from-pair-14, support=None, peak=None) 
imw-dkm: Processing pair 17 from disk...
imw-dkm: 1 match-sets in 1.30s
[Coarse] imw-dkm pair 18: dE=-98805.7 m dN=91369.5 m (matcher@315m, support=9, peak=None) 
imw-dkm: Processing pair 18 from disk...
imw-dkm: 0 match-sets in 1.26s
[Coarse] imw-dkm pair 19: dE=-98805.7 m dN=91369.5 m (from-pair-18, support=None, peak=None) 
imw-dkm: Processing pair 19 from disk...
imw-dkm: 1 match-sets in 1.32s
[Coarse] imw-dkm pair 20: dE=-98805.7 m dN=91369.5 m (from-pair-18, support=None, peak=None) 
imw-dkm: Processing pair 20 from disk...
imw-dkm: 1 match-sets in 1.29s
[Coarse] imw-dkm pair 21: dE=-18668.8 m dN=-98876.4 m (matcher@315m, support=23, peak=None) 
imw-dkm: Processing pair 21 from disk...
imw-dkm: 0 match-sets in 0.00s
[Coarse] imw-dkm pair 22: dE=-18668.8 m dN=-98876.4 m (from-pair-21, support=None, peak=None) 
imw-dkm: Processing pair 22 from disk...
imw-dkm: 0 match-sets in 0.00s
[Coarse] imw-dkm pair 23: dE=-18668.8 m dN=-98876.4 m (from-pair-21, support=None, peak=None) 
imw-dkm: Processing pair 23 from disk...
imw-dkm: 0 match-sets in 0.00s
[Coarse] imw-dkm pair 24: dE=-43702.0 m dN=-93036.2 m (matcher@315m, support=37, peak=None) 
imw-dkm: Processing pair 24 from disk...
imw-dkm: 1 match-sets in 1.44s
[Coarse] imw-dkm pair 25: dE=-30361.0 m dN=-97082.5 m (matcher@315m, support=58, peak=None) 
imw-dkm: Processing pair 25 from disk...
imw-dkm: 1 match-sets in 1.44s
[Coarse] imw-dkm pair 26: dE=71495.6 m dN=-100199.4 m (matcher@315m, support=10, peak=None) 
imw-dkm: Processing pair 26 from disk...
imw-dkm: 1 match-sets in 1.40s
[Coarse] imw-dkm pair 27: dE=-43702.0 m dN=-93036.2 m (from-pair-24, support=None, peak=None) 
imw-dkm: Processing pair 27 from disk...
imw-dkm: 1 match-sets in 1.37s
[Coarse] imw-dkm pair 28: dE=-43702.0 m dN=-93036.2 m (from-pair-24, support=None, peak=None) 
imw-dkm: Processing pair 28 from disk...
imw-dkm: 1 match-sets in 1.33s
[Coarse] imw-dkm pair 29: dE=-43702.0 m dN=-93036.2 m (from-pair-24, support=None, peak=None) 
imw-dkm: Processing pair 29 from disk...
imw-dkm: 0 match-sets in 0.00s
[Coarse] imw-dkm pair 30: dE=-43702.0 m dN=-93036.2 m (from-pair-31, support=None, peak=None) 
imw-dkm: Processing pair 30 from disk...
imw-dkm: 0 match-sets in 0.00s
[Coarse] imw-dkm pair 31: dE=-43702.0 m dN=-93036.2 m (from-pair-24 (phasecorr disagreed), support=None, peak=0.11020252078648948) 
imw-dkm: Processing pair 31 from disk...
imw-dkm: 0 match-sets in 0.00s
[Coarse] imw-dkm pair 32: dE=-43702.0 m dN=-93036.2 m (from-pair-34, support=None, peak=None) 
imw-dkm: Processing pair 32 from disk...
imw-dkm: 1 match-sets in 1.31s
[Coarse] imw-dkm pair 33: dE=-43702.0 m dN=-93036.2 m (from-pair-34, support=None, peak=None) 
imw-dkm: Processing pair 33 from disk...
imw-dkm: 1 match-sets in 1.29s
[Coarse] imw-dkm pair 34: dE=-43702.0 m dN=-93036.2 m (from-pair-24 (phasecorr disagreed), support=None, peak=0.06293188095092773) 
imw-dkm: Processing pair 34 from disk...
imw-dkm: 1 match-sets in 1.27s
[Coarse] imw-dkm pair 35: dE=-43702.0 m dN=-93036.2 m (from-pair-24 (phasecorr disagreed), support=None, peak=0.0629165448612637) 
imw-dkm: Processing pair 35 from disk...
imw-dkm: 1 match-sets in 1.24s
[Coarse] imw-dkm pair 36: dE=-43702.0 m dN=-93036.2 m (from-pair-35, support=None, peak=None) 
imw-dkm: Processing pair 36 from disk...
imw-dkm: 0 match-sets in 0.00s
[Coarse] imw-dkm pair 37: dE=-43702.0 m dN=-93036.2 m (from-pair-35, support=None, peak=None) 
imw-dkm: Processing pair 37 from disk...
imw-dkm: 0 match-sets in 0.00s
[Coarse] imw-dkm pair 38: dE=13090.9 m dN=-99203.7 m (matcher@315m, support=696, peak=None) 
imw-dkm: Processing pair 38 from disk...
imw-dkm: 0 match-sets in 0.00s
[Coarse] imw-dkm pair 39: dE=21485.9 m dN=-98933.6 m (matcher@315m, support=120, peak=None) 
imw-dkm: Processing pair 39 from disk...
imw-dkm: 0 match-sets in 0.00s
[Coarse] imw-dkm pair 40: dE=94810.7 m dN=-41396.5 m (from-pair-41 (phasecorr disagreed), support=None, peak=0.16032237420847387) 
imw-dkm: Processing pair 40 from disk...
imw-dkm: 1 match-sets in 1.22s
[Coarse] imw-dkm pair 41: dE=94810.7 m dN=-41396.5 m (matcher@315m, support=145, peak=None) 
imw-dkm: Processing pair 41 from disk...
imw-dkm: 1 match-sets in 1.25s
[Coarse] imw-dkm pair 42: dE=97750.9 m dN=47779.7 m (from-pair-43 (phasecorr disagreed), support=None, peak=0.04043954435560439) 
imw-dkm: Processing pair 42 from disk...
imw-dkm: 1 match-sets in 1.24s
[Coarse] imw-dkm pair 43: dE=97750.9 m dN=47779.7 m (matcher@315m, support=473, peak=None) 
imw-dkm: Processing pair 43 from disk...
imw-dkm: 1 match-sets in 1.24s
[Coarse] imw-dkm pair 44: dE=93828.4 m dN=14958.8 m (matcher@315m, support=51, peak=None) 
imw-dkm: Processing pair 44 from disk...
imw-dkm: 1 match-sets in 1.15s
[Coarse] imw-dkm pair 45: dE=93828.4 m dN=14958.8 m (from-pair-44 (phasecorr disagreed), support=None, peak=0.062489196923861616) 
imw-dkm: Processing pair 45 from disk...
imw-dkm: 1 match-sets in 1.17s
Saved:
 CHIP_STATS_ALL.csv
 CHIP_STATS_SURVIVORS.csv
 CONSENSUS_SCORES.csv
 BEST_CHIP_SET.csv
 BEST_CHIP_MANIFEST.csv
 BEST_FINAL_SUMMARY.csv
[band3] imw-dkm ok in 1.7 min, peak GPU memory 7.3 of 15.6 GB
[imw-dkm] Model unloaded.
--------------------------------------------------------------------------------
[band3] Running imw-dad-roma
[imw-dad-roma] Loading model...
[Coarse] pair 1: no reliable coarse offset (matcher: {'dx': -99001.03786468506, 'dy': -79242.19711303711, 'support': 1, 'n': 10, 'peak': None}; phasecorr: {'dx': 72221.31426491275, 'dy': -10662.850823270848, 'support': None, 'n': None, 'peak': 0.02032967514970684}); windows compared in place
[Coarse] pair 2: no reliable coarse offset (matcher: {'dx': -100168.4619140625, 'dy': -95904.36138153076, 'support': 4, 'n': 6, 'peak': None}; phasecorr: {'dx': 65394.283402378176, 'dy': -25649.46980266543, 'support': None, 'n': None, 'peak': 0.022622975002173116}); windows compared in place
[Coarse] pair 3: no reliable coarse offset (matcher: {'dx': -100294.64744567871, 'dy': 28504.519958496094, 'support': 3, 'n': 6, 'peak': None}; phasecorr: {'dx': -84951.32174473844, 'dy': -16333.25546038059, 'support': None, 'n': None, 'peak': 0.023098598562204843}); windows compared in place
[Coarse] pair 4: no reliable coarse offset (matcher: no matches; phasecorr: {'dx': -71296.19311950017, 'dy': -18548.86611268403, 'support': None, 'n': None, 'peak': 0.02308651422222401}); windows compared in place
[Coarse] pair 5: no reliable coarse offset (matcher: {'dx': -78165.52494049072, 'dy': 67212.81978607178, 'support': 1, 'n': 12, 'peak': None}; phasecorr: {'dx': -66471.0041660463, 'dy': 19677.698496104596, 'support': None, 'n': None, 'peak': 0.0007051175513875827}); windows compared in place
[Coarse] pair 6: no reliable coarse offset (matcher: {'dx': -87359.87823486328, 'dy': 30211.588668823242, 'support': 2, 'n': 6, 'peak': None}; phasecorr: {'dx': -63117.55771771344, 'dy': 45344.79793689909, 'support': None, 'n': None, 'peak': 0.016527041937588666}); windows compared in place
[Coarse] pair 9: no reliable coarse offset (matcher: no matches; phasecorr: {'dx': -16699.175274071407, 'dy': 24436.94053537555, 'support': None, 'n': None, 'peak': -0.010903077867296006}); windows compared in place
[Coarse] pair 11: no reliable coarse offset (matcher: {'dx': -12785.943775177002, 'dy': -100651.48818969727, 'support': 4, 'n': 16, 'peak': None}; phasecorr: {'dx': -17156.568569433253, 'dy': 26769.77008011288, 'support': None, 'n': None, 'peak': -0.005567667855156793}); windows compared in place
[Coarse] pair 12: no reliable coarse offset (matcher: {'dx': -98809.66873168945, 'dy': -30150.191402435303, 'support': 1, 'n': 3, 'peak': None}; phasecorr: {'dx': -54138.7373906018, 'dy': -62739.11738734777, 'support': None, 'n': None, 'peak': 0.019588654039171007}); windows compared in place
[Coarse] pair 13: no reliable coarse offset (matcher: no matches; phasecorr: {'dx': -3843.534072827219, 'dy': -91640.0194769223, 'support': None, 'n': None, 'peak': 0.015414013681642857}); windows compared in place
[Coarse] pair 15: no reliable coarse offset (matcher: no matches; phasecorr: {'dx': -94939.8559147267, 'dy': -82659.23661442024, 'support': None, 'n': None, 'peak': 0.008939644289605411}); windows compared in place
[Coarse] pair 16: no reliable coarse offset (matcher: {'dx': 74744.66199874878, 'dy': -24703.159790039062, 'support': 2, 'n': 5, 'peak': None}; phasecorr: {'dx': -60639.28459076655, 'dy': -33832.56066827953, 'support': None, 'n': None, 'peak': 0.007406430218281896}); windows compared in place
[Coarse] pair 17: no reliable coarse offset (matcher: {'dx': -76879.30658340454, 'dy': 11877.176513671875, 'support': 2, 'n': 9, 'peak': None}; phasecorr: {'dx': -75606.28869913492, 'dy': -40258.11314932236, 'support': None, 'n': None, 'peak': 0.002259464960529971}); windows compared in place
[Coarse] pair 18: no reliable coarse offset (matcher: no matches; phasecorr: {'dx': -47574.86505103309, 'dy': 30736.089922927127, 'support': None, 'n': None, 'peak': -0.005526255078658046}); windows compared in place
[Coarse] pair 19: no reliable coarse offset (matcher: no matches; phasecorr: {'dx': -134048.08681427932, 'dy': 22202.75100943282, 'support': None, 'n': None, 'peak': 0.01199757972153889}); windows compared in place
[Coarse] pair 20: no reliable coarse offset (matcher: no matches; phasecorr: {'dx': -51737.17622911178, 'dy': 31055.668515360256, 'support': None, 'n': None, 'peak': -0.013213375402903196}); windows compared in place
[Coarse] pair 22: no reliable coarse offset (matcher: no matches; phasecorr: {'dx': -22501.36818549658, 'dy': 56480.21235681643, 'support': None, 'n': None, 'peak': -0.0038632059607486176}); windows compared in place
[Coarse] pair 23: no reliable coarse offset (matcher: no matches; phasecorr: {'dx': -38768.62470648129, 'dy': 60272.71480887387, 'support': None, 'n': None, 'peak': 0.018053494174784593}); windows compared in place
[Coarse] pair 24: no reliable coarse offset (matcher: {'dx': -39450.12107849121, 'dy': -79397.4380493164, 'support': 1, 'n': 7, 'peak': None}; phasecorr: {'dx': 5060.875137458928, 'dy': -132702.46963164263, 'support': None, 'n': None, 'peak': 0.004566593000623915}); windows compared in place
[Coarse] pair 25: no reliable coarse offset (matcher: no matches; phasecorr: {'dx': 19115.97600195751, 'dy': -87876.18077077619, 'support': None, 'n': None, 'peak': 0.014515514945983887}); windows compared in place
[Coarse] pair 26: no reliable coarse offset (matcher: {'dx': -52679.962463378906, 'dy': -77994.85748291016, 'support': 1, 'n': 8, 'peak': None}; phasecorr: {'dx': -25110.617324353138, 'dy': -110321.271036598, 'support': None, 'n': None, 'peak': 0.028688357883029515}); windows compared in place
[Coarse] pair 27: no reliable coarse offset (matcher: {'dx': -64977.89019584656, 'dy': -6644.473571777344, 'support': 1, 'n': 3, 'peak': None}; phasecorr: {'dx': -24618.815192443915, 'dy': -51702.316299651786, 'support': None, 'n': None, 'peak': 0.024773373663302803}); windows compared in place
[Coarse] pair 28: no reliable coarse offset (matcher: {'dx': -70034.78691101074, 'dy': -12624.955444335938, 'support': 1, 'n': 4, 'peak': None}; phasecorr: {'dx': -34345.520193795004, 'dy': -31836.47230271583, 'support': None, 'n': None, 'peak': 0.007815724782982971}); windows compared in place
[Coarse] pair 29: no reliable coarse offset (matcher: no matches; phasecorr: {'dx': -23015.789594526494, 'dy': 27033.23829875427, 'support': None, 'n': None, 'peak': -0.010339975127467402}); windows compared in place
[Coarse] pair 30: no reliable coarse offset (matcher: no matches; phasecorr: {'dx': 44341.741084490575, 'dy': 33964.32140920293, 'support': None, 'n': None, 'peak': 0.012143600762135697}); windows compared in place
[Coarse] pair 32: no reliable coarse offset (matcher: no matches; phasecorr: {'dx': 76928.68966913699, 'dy': -17747.191922768525, 'support': None, 'n': None, 'peak': 0.018933949931462607}); windows compared in place
[Coarse] pair 33: no reliable coarse offset (matcher: no matches; phasecorr: {'dx': 76984.7825803246, 'dy': -17783.154749211222, 'support': None, 'n': None, 'peak': 0.01788282951116562}); windows compared in place
[Coarse] pair 36: no reliable coarse offset (matcher: {'dx': 95030.59278488159, 'dy': 98882.51152038574, 'support': 2, 'n': 5, 'peak': None}; phasecorr: {'dx': 19637.281743784188, 'dy': 28659.270855444367, 'support': None, 'n': None, 'peak': 0.011020430701750296}); windows compared in place
[Coarse] pair 37: no reliable coarse offset (matcher: no matches; phasecorr: {'dx': 7507.0015977467065, 'dy': 32833.49977892313, 'support': None, 'n': None, 'peak': 0.0048901353058991605}); windows compared in place
[Coarse] pair 38: no reliable coarse offset (matcher: {'dx': 40156.461210250854, 'dy': -97889.60374832153, 'support': 3, 'n': 13, 'peak': None}; phasecorr: {'dx': 23247.53686111282, 'dy': 17041.62175906921, 'support': None, 'n': None, 'peak': 0.019549365950219427}); windows compared in place
[Coarse] pair 43: no reliable coarse offset (matcher: {'dx': 99339.51650619507, 'dy': 26528.560180664062, 'support': 5, 'n': 10, 'peak': None}; phasecorr: {'dx': 59869.22805112187, 'dy': -96325.01557673489, 'support': None, 'n': None, 'peak': 0.00793376685672336}); windows compared in place
[Coarse] WARNING: imw-dad-roma: the pairs' coarse offsets differ by up to 148 km, more than one image moves from place to place. Pairs with a wrong offset match the wrong ground (the chip consensus drops them when they are few); if most pairs disagree, check the input's pixel size and window size.
[Coarse] imw-dad-roma pair 1: dE=-30060.9 m dN=24674.4 m (from-pair-7, support=None, peak=None) 
imw-dad-roma: Processing pair 1 from disk...
imw-dad-roma: 0 match-sets in 0.00s
[Coarse] imw-dad-roma pair 2: dE=-30060.9 m dN=24674.4 m (from-pair-7, support=None, peak=None) 
imw-dad-roma: Processing pair 2 from disk...
imw-dad-roma: 0 match-sets in 0.00s
[Coarse] imw-dad-roma pair 3: dE=73258.3 m dN=-12396.0 m (from-pair-14, support=None, peak=None) 
imw-dad-roma: Processing pair 3 from disk...
imw-dad-roma: 0 match-sets in 0.00s
[Coarse] imw-dad-roma pair 4: dE=73258.3 m dN=-12396.0 m (from-pair-14, support=None, peak=None) 
imw-dad-roma: Processing pair 4 from disk...
imw-dad-roma: 0 match-sets in 0.00s
[Coarse] imw-dad-roma pair 5: dE=73258.3 m dN=-12396.0 m (from-pair-14, support=None, peak=None) 
imw-dad-roma: Processing pair 5 from disk...
imw-dad-roma: 0 match-sets in 0.00s
[Coarse] imw-dad-roma pair 6: dE=73258.3 m dN=-12396.0 m (from-pair-14, support=None, peak=None) 
imw-dad-roma: Processing pair 6 from disk...
imw-dad-roma: 0 match-sets in 0.00s
[Coarse] imw-dad-roma pair 7: dE=-30060.9 m dN=24674.4 m (phasecorr@315m, support=None, peak=0.07485453462600708) 
imw-dad-roma: Processing pair 7 from disk...
imw-dad-roma: 0 match-sets in 0.00s
[Coarse] imw-dad-roma pair 8: dE=-34085.2 m dN=23031.2 m (phasecorr@315m, support=None, peak=0.048964771058824325) 
imw-dad-roma: Processing pair 8 from disk...
imw-dad-roma: 0 match-sets in 0.00s
[Coarse] imw-dad-roma pair 9: dE=-35432.1 m dN=24320.0 m (from-pair-10, support=None, peak=None) 
imw-dad-roma: Processing pair 9 from disk...
imw-dad-roma: 0 match-sets in 0.00s
[Coarse] imw-dad-roma pair 10: dE=-35432.1 m dN=24320.0 m (phasecorr@315m, support=None, peak=0.12360441419813369) 
imw-dad-roma: Processing pair 10 from disk...
imw-dad-roma: 0 match-sets in 0.00s
[Coarse] imw-dad-roma pair 11: dE=-34085.2 m dN=23031.2 m (from-pair-8, support=None, peak=None) 
imw-dad-roma: Processing pair 11 from disk...
imw-dad-roma: 0 match-sets in 0.00s
[Coarse] imw-dad-roma pair 12: dE=73258.3 m dN=-12396.0 m (from-pair-14, support=None, peak=None) 
imw-dad-roma: Processing pair 12 from disk...
imw-dad-roma: 1 match-sets in 1.50s
[Coarse] imw-dad-roma pair 13: dE=73258.3 m dN=-12396.0 m (from-pair-14, support=None, peak=None) 
imw-dad-roma: Processing pair 13 from disk...
imw-dad-roma: 1 match-sets in 0.98s
[Coarse] imw-dad-roma pair 14: dE=73258.3 m dN=-12396.0 m (phasecorr@315m, support=None, peak=0.0750410366821289) 
imw-dad-roma: Processing pair 14 from disk...
imw-dad-roma: 1 match-sets in 1.48s
[Coarse] imw-dad-roma pair 15: dE=73258.3 m dN=-12396.0 m (from-pair-14, support=None, peak=None) 
imw-dad-roma: Processing pair 15 from disk...
imw-dad-roma: 1 match-sets in 1.60s
[Coarse] imw-dad-roma pair 16: dE=73258.3 m dN=-12396.0 m (from-pair-14, support=None, peak=None) 
imw-dad-roma: Processing pair 16 from disk...
imw-dad-roma: 1 match-sets in 1.15s
[Coarse] imw-dad-roma pair 17: dE=73258.3 m dN=-12396.0 m (from-pair-14, support=None, peak=None) 
imw-dad-roma: Processing pair 17 from disk...
imw-dad-roma: 1 match-sets in 1.11s
[Coarse] imw-dad-roma pair 18: dE=73258.3 m dN=-12396.0 m (from-pair-14, support=None, peak=None) 
imw-dad-roma: Processing pair 18 from disk...
imw-dad-roma: 1 match-sets in 0.95s
[Coarse] imw-dad-roma pair 19: dE=73258.3 m dN=-12396.0 m (from-pair-14, support=None, peak=None) 
imw-dad-roma: Processing pair 19 from disk...
imw-dad-roma: 1 match-sets in 0.89s
[Coarse] imw-dad-roma pair 20: dE=73258.3 m dN=-12396.0 m (from-pair-14, support=None, peak=None) 
imw-dad-roma: Processing pair 20 from disk...
imw-dad-roma: 1 match-sets in 0.90s
[Coarse] imw-dad-roma pair 21: dE=-34651.5 m dN=64354.3 m (phasecorr@315m, support=None, peak=0.03061729173699524) 
imw-dad-roma: Processing pair 21 from disk...
imw-dad-roma: 0 match-sets in 0.00s
[Coarse] imw-dad-roma pair 22: dE=-34651.5 m dN=64354.3 m (from-pair-21, support=None, peak=None) 
imw-dad-roma: Processing pair 22 from disk...
imw-dad-roma: 0 match-sets in 0.00s
[Coarse] imw-dad-roma pair 23: dE=-34651.5 m dN=64354.3 m (from-pair-21, support=None, peak=None) 
imw-dad-roma: Processing pair 23 from disk...
imw-dad-roma: 0 match-sets in 0.00s
[Coarse] imw-dad-roma pair 24: dE=75555.3 m dN=-16017.9 m (from-pair-34, support=None, peak=None) 
imw-dad-roma: Processing pair 24 from disk...
imw-dad-roma: 1 match-sets in 1.93s
[Coarse] imw-dad-roma pair 25: dE=75555.3 m dN=-16017.9 m (from-pair-34, support=None, peak=None) 
imw-dad-roma: Processing pair 25 from disk...
imw-dad-roma: 1 match-sets in 1.17s
[Coarse] imw-dad-roma pair 26: dE=75555.3 m dN=-16017.9 m (from-pair-34, support=None, peak=None) 
imw-dad-roma: Processing pair 26 from disk...
imw-dad-roma: 1 match-sets in 1.19s
[Coarse] imw-dad-roma pair 27: dE=75555.3 m dN=-16017.9 m (from-pair-34, support=None, peak=None) 
imw-dad-roma: Processing pair 27 from disk...
imw-dad-roma: 0 match-sets in 1.31s
[Coarse] imw-dad-roma pair 28: dE=75555.3 m dN=-16017.9 m (from-pair-34, support=None, peak=None) 
imw-dad-roma: Processing pair 28 from disk...
imw-dad-roma: 1 match-sets in 2.23s
[Coarse] imw-dad-roma pair 29: dE=75555.3 m dN=-16017.9 m (from-pair-34, support=None, peak=None) 
imw-dad-roma: Processing pair 29 from disk...
imw-dad-roma: 0 match-sets in 0.01s
[Coarse] imw-dad-roma pair 30: dE=29320.3 m dN=32717.6 m (from-pair-31, support=None, peak=None) 
imw-dad-roma: Processing pair 30 from disk...
imw-dad-roma: 0 match-sets in 0.00s
[Coarse] imw-dad-roma pair 31: dE=29320.3 m dN=32717.6 m (phasecorr@315m, support=None, peak=0.11020252078648948) 
imw-dad-roma: Processing pair 31 from disk...
imw-dad-roma: 0 match-sets in 0.00s
[Coarse] imw-dad-roma pair 32: dE=75555.3 m dN=-16017.9 m (from-pair-34, support=None, peak=None) 
imw-dad-roma: Processing pair 32 from disk...
imw-dad-roma: 1 match-sets in 1.76s
[Coarse] imw-dad-roma pair 33: dE=75555.3 m dN=-16017.9 m (from-pair-34, support=None, peak=None) 
imw-dad-roma: Processing pair 33 from disk...
imw-dad-roma: 1 match-sets in 1.19s
[Coarse] imw-dad-roma pair 34: dE=75555.3 m dN=-16017.9 m (phasecorr@315m, support=None, peak=0.06293188095092773) 
imw-dad-roma: Processing pair 34 from disk...
imw-dad-roma: 1 match-sets in 1.24s
[Coarse] imw-dad-roma pair 35: dE=75568.1 m dN=-15961.2 m (phasecorr@315m, support=None, peak=0.0629165448612637) 
imw-dad-roma: Processing pair 35 from disk...
imw-dad-roma: 1 match-sets in 1.21s
[Coarse] imw-dad-roma pair 36: dE=75568.1 m dN=-15961.2 m (from-pair-35, support=None, peak=None) 
imw-dad-roma: Processing pair 36 from disk...
imw-dad-roma: 1 match-sets in 1.21s
[Coarse] imw-dad-roma pair 37: dE=75568.1 m dN=-15961.2 m (from-pair-35, support=None, peak=None) 
imw-dad-roma: Processing pair 37 from disk...
imw-dad-roma: 1 match-sets in 0.90s
[Coarse] imw-dad-roma pair 38: dE=10133.5 m dN=16958.4 m (from-pair-39, support=None, peak=None) 
imw-dad-roma: Processing pair 38 from disk...
imw-dad-roma: 0 match-sets in 0.00s
[Coarse] imw-dad-roma pair 39: dE=10133.5 m dN=16958.4 m (phasecorr@315m, support=None, peak=0.37484617568828443) 
imw-dad-roma: Processing pair 39 from disk...
imw-dad-roma: 0 match-sets in 0.00s
[Coarse] imw-dad-roma pair 40: dE=76842.6 m dN=-18012.8 m (phasecorr@315m, support=None, peak=0.16032237420847387) 
imw-dad-roma: Processing pair 40 from disk...
imw-dad-roma: 1 match-sets in 0.96s
[Coarse] imw-dad-roma pair 41: dE=76821.7 m dN=-17970.8 m (phasecorr@315m, support=None, peak=0.1293754681834468) 
imw-dad-roma: Processing pair 41 from disk...
imw-dad-roma: 1 match-sets in 0.97s
[Coarse] imw-dad-roma pair 42: dE=71418.1 m dN=-83226.9 m (phasecorr@315m, support=None, peak=0.04043954435560439) 
imw-dad-roma: Processing pair 42 from disk...
imw-dad-roma: 1 match-sets in 1.58s
[Coarse] imw-dad-roma pair 43: dE=71418.1 m dN=-83226.9 m (from-pair-42, support=None, peak=None) 
imw-dad-roma: Processing pair 43 from disk...
imw-dad-roma: 1 match-sets in 0.89s
[Coarse] imw-dad-roma pair 44: dE=-66700.2 m dN=27164.4 m (phasecorr@315m, support=None, peak=0.060047009852197436) 
imw-dad-roma: Processing pair 44 from disk...
imw-dad-roma: 0 match-sets in 0.00s
[Coarse] imw-dad-roma pair 45: dE=-65468.5 m dN=11952.3 m (phasecorr@315m, support=None, peak=0.062489196923861616) 
imw-dad-roma: Processing pair 45 from disk...
imw-dad-roma: 0 match-sets in 0.00s
Saved:
 CHIP_STATS_ALL.csv
 CHIP_STATS_SURVIVORS.csv
 CONSENSUS_SCORES.csv
 BEST_CHIP_SET.csv
 BEST_CHIP_MANIFEST.csv
 BEST_FINAL_SUMMARY.csv
[band3] imw-dad-roma ok in 1.9 min, peak GPU memory 4.7 of 15.6 GB
[imw-dad-roma] Model unloaded.
--------------------------------------------------------------------------------
[band3] Running imw-rdd-dense
[imw-rdd-dense] Loading model...
config {'activation': 'relu', 'block_dims': [8, 16, 32, 64], 'd_model': 256, 'detection_threshold': 0.1, 'device': device(type='cuda'), 'dim_feedforward': 1024, 'dropout': 0.1, 'enc_n_points': 8, 'hidden_dim': 256, 'lr_backbone': 2e-05, 'nhead': 8, 'num_encoder_layers': 4, 'num_feature_levels': 5, 'top_k': 4096, 'train_detector': False, 'weights': '/maintenance/ICIGDev/GPUPOC/input/dqe/imw_runtime/imw_cache/huggingface/hub/models--Realcat--imcui_checkpoints/snapshots/e72b489e927e7a8202f505c1b4db1474fd22b8b7/rdd/RDD-v2.pth'}
[Coarse] pair 1: no reliable coarse offset (matcher: no matches; phasecorr: {'dx': 72221.31426491275, 'dy': -10662.850823270848, 'support': None, 'n': None, 'peak': 0.02032967514970684}); windows compared in place
[Coarse] pair 2: no reliable coarse offset (matcher: no matches; phasecorr: {'dx': 65394.283402378176, 'dy': -25649.46980266543, 'support': None, 'n': None, 'peak': 0.022622975002173116}); windows compared in place
[Coarse] pair 3: no reliable coarse offset (matcher: no matches; phasecorr: {'dx': -84951.32174473844, 'dy': -16333.25546038059, 'support': None, 'n': None, 'peak': 0.023098598562204843}); windows compared in place
[Coarse] pair 4: no reliable coarse offset (matcher: no matches; phasecorr: {'dx': -71296.19311950017, 'dy': -18548.86611268403, 'support': None, 'n': None, 'peak': 0.02308651422222401}); windows compared in place
[Coarse] pair 5: no reliable coarse offset (matcher: no matches; phasecorr: {'dx': -66471.0041660463, 'dy': 19677.698496104596, 'support': None, 'n': None, 'peak': 0.0007051175513875827}); windows compared in place
[Coarse] pair 6: no reliable coarse offset (matcher: no matches; phasecorr: {'dx': -63117.55771771344, 'dy': 45344.79793689909, 'support': None, 'n': None, 'peak': 0.016527041937588666}); windows compared in place
[Coarse] pair 9: no reliable coarse offset (matcher: RuntimeError: selected index k out of range; phasecorr: {'dx': -16699.175274071407, 'dy': 24436.94053537555, 'support': None, 'n': None, 'peak': -0.010903077867296006}); windows compared in place
[Coarse] pair 11: no reliable coarse offset (matcher: RuntimeError: selected index k out of range; phasecorr: {'dx': -17156.568569433253, 'dy': 26769.77008011288, 'support': None, 'n': None, 'peak': -0.005567667855156793}); windows compared in place
[Coarse] pair 12: no reliable coarse offset (matcher: no matches; phasecorr: {'dx': -54138.7373906018, 'dy': -62739.11738734777, 'support': None, 'n': None, 'peak': 0.019588654039171007}); windows compared in place
[Coarse] pair 13: no reliable coarse offset (matcher: no matches; phasecorr: {'dx': -3843.534072827219, 'dy': -91640.0194769223, 'support': None, 'n': None, 'peak': 0.015414013681642857}); windows compared in place
[Coarse] pair 15: no reliable coarse offset (matcher: no matches; phasecorr: {'dx': -94939.8559147267, 'dy': -82659.23661442024, 'support': None, 'n': None, 'peak': 0.008939644289605411}); windows compared in place
[Coarse] pair 16: no reliable coarse offset (matcher: no matches; phasecorr: {'dx': -60639.28459076655, 'dy': -33832.56066827953, 'support': None, 'n': None, 'peak': 0.007406430218281896}); windows compared in place
[Coarse] pair 17: no reliable coarse offset (matcher: no matches; phasecorr: {'dx': -75606.28869913492, 'dy': -40258.11314932236, 'support': None, 'n': None, 'peak': 0.002259464960529971}); windows compared in place
[Coarse] pair 18: no reliable coarse offset (matcher: no matches; phasecorr: {'dx': -47574.86505103309, 'dy': 30736.089922927127, 'support': None, 'n': None, 'peak': -0.005526255078658046}); windows compared in place
[Coarse] pair 19: no reliable coarse offset (matcher: no matches; phasecorr: {'dx': -134048.08681427932, 'dy': 22202.75100943282, 'support': None, 'n': None, 'peak': 0.01199757972153889}); windows compared in place
[Coarse] pair 20: no reliable coarse offset (matcher: no matches; phasecorr: {'dx': -51737.17622911178, 'dy': 31055.668515360256, 'support': None, 'n': None, 'peak': -0.013213375402903196}); windows compared in place
[Coarse] pair 22: no reliable coarse offset (matcher: no matches; phasecorr: {'dx': -22501.36818549658, 'dy': 56480.21235681643, 'support': None, 'n': None, 'peak': -0.0038632059607486176}); windows compared in place
[Coarse] pair 23: no reliable coarse offset (matcher: no matches; phasecorr: {'dx': -38768.62470648129, 'dy': 60272.71480887387, 'support': None, 'n': None, 'peak': 0.018053494174784593}); windows compared in place
[Coarse] pair 24: no reliable coarse offset (matcher: no matches; phasecorr: {'dx': 5060.875137458928, 'dy': -132702.46963164263, 'support': None, 'n': None, 'peak': 0.004566593000623915}); windows compared in place
[Coarse] pair 25: no reliable coarse offset (matcher: no matches; phasecorr: {'dx': 19115.97600195751, 'dy': -87876.18077077619, 'support': None, 'n': None, 'peak': 0.014515514945983887}); windows compared in place
[Coarse] pair 26: no reliable coarse offset (matcher: no matches; phasecorr: {'dx': -25110.617324353138, 'dy': -110321.271036598, 'support': None, 'n': None, 'peak': 0.028688357883029515}); windows compared in place
[Coarse] pair 27: no reliable coarse offset (matcher: no matches; phasecorr: {'dx': -24618.815192443915, 'dy': -51702.316299651786, 'support': None, 'n': None, 'peak': 0.024773373663302803}); windows compared in place
[Coarse] pair 28: no reliable coarse offset (matcher: no matches; phasecorr: {'dx': -34345.520193795004, 'dy': -31836.47230271583, 'support': None, 'n': None, 'peak': 0.007815724782982971}); windows compared in place
[Coarse] pair 29: no reliable coarse offset (matcher: no matches; phasecorr: {'dx': -23015.789594526494, 'dy': 27033.23829875427, 'support': None, 'n': None, 'peak': -0.010339975127467402}); windows compared in place
[Coarse] pair 30: no reliable coarse offset (matcher: RuntimeError: selected index k out of range; phasecorr: {'dx': 44341.741084490575, 'dy': 33964.32140920293, 'support': None, 'n': None, 'peak': 0.012143600762135697}); windows compared in place
[Coarse] pair 32: no reliable coarse offset (matcher: no matches; phasecorr: {'dx': 76928.68966913699, 'dy': -17747.191922768525, 'support': None, 'n': None, 'peak': 0.018933949931462607}); windows compared in place
[Coarse] pair 33: no reliable coarse offset (matcher: no matches; phasecorr: {'dx': 76984.7825803246, 'dy': -17783.154749211222, 'support': None, 'n': None, 'peak': 0.01788282951116562}); windows compared in place
[Coarse] pair 36: no reliable coarse offset (matcher: no matches; phasecorr: {'dx': 19637.281743784188, 'dy': 28659.270855444367, 'support': None, 'n': None, 'peak': 0.011020430701750296}); windows compared in place
[Coarse] pair 37: no reliable coarse offset (matcher: no matches; phasecorr: {'dx': 7507.0015977467065, 'dy': 32833.49977892313, 'support': None, 'n': None, 'peak': 0.0048901353058991605}); windows compared in place
[Coarse] pair 38: no reliable coarse offset (matcher: RuntimeError: selected index k out of range; phasecorr: {'dx': 23247.53686111282, 'dy': 17041.62175906921, 'support': None, 'n': None, 'peak': 0.019549365950219427}); windows compared in place
[Coarse] pair 43: no reliable coarse offset (matcher: no matches; phasecorr: {'dx': 59869.22805112187, 'dy': -96325.01557673489, 'support': None, 'n': None, 'peak': 0.00793376685672336}); windows compared in place
[Coarse] WARNING: imw-rdd-dense: the pairs' coarse offsets differ by up to 148 km, more than one image moves from place to place. Pairs with a wrong offset match the wrong ground (the chip consensus drops them when they are few); if most pairs disagree, check the input's pixel size and window size.
[Coarse] imw-rdd-dense pair 1: dE=-30060.9 m dN=24674.4 m (from-pair-7, support=None, peak=None) 
imw-rdd-dense: Processing pair 1 from disk...
imw-rdd-dense: 0 match-sets in 0.00s
[Coarse] imw-rdd-dense pair 2: dE=-30060.9 m dN=24674.4 m (from-pair-7, support=None, peak=None) 
imw-rdd-dense: Processing pair 2 from disk...
imw-rdd-dense: 0 match-sets in 0.00s
[Coarse] imw-rdd-dense pair 3: dE=73258.3 m dN=-12396.0 m (from-pair-14, support=None, peak=None) 
imw-rdd-dense: Processing pair 3 from disk...
imw-rdd-dense: 0 match-sets in 0.00s
[Coarse] imw-rdd-dense pair 4: dE=73258.3 m dN=-12396.0 m (from-pair-14, support=None, peak=None) 
imw-rdd-dense: Processing pair 4 from disk...
imw-rdd-dense: 0 match-sets in 0.00s
[Coarse] imw-rdd-dense pair 5: dE=73258.3 m dN=-12396.0 m (from-pair-14, support=None, peak=None) 
imw-rdd-dense: Processing pair 5 from disk...
imw-rdd-dense: 0 match-sets in 0.00s
[Coarse] imw-rdd-dense pair 6: dE=73258.3 m dN=-12396.0 m (from-pair-14, support=None, peak=None) 
imw-rdd-dense: Processing pair 6 from disk...
imw-rdd-dense: 0 match-sets in 0.00s
[Coarse] imw-rdd-dense pair 7: dE=-30060.9 m dN=24674.4 m (phasecorr@315m, support=None, peak=0.07485453462600708) 
imw-rdd-dense: Processing pair 7 from disk...
imw-rdd-dense: 0 match-sets in 0.00s
[Coarse] imw-rdd-dense pair 8: dE=-34085.2 m dN=23031.2 m (phasecorr@315m, support=None, peak=0.048964771058824325) 
imw-rdd-dense: Processing pair 8 from disk...
imw-rdd-dense: 0 match-sets in 0.00s
[Coarse] imw-rdd-dense pair 9: dE=-35432.1 m dN=24320.0 m (from-pair-10, support=None, peak=None) 
imw-rdd-dense: Processing pair 9 from disk...
imw-rdd-dense: 0 match-sets in 0.00s
[Coarse] imw-rdd-dense pair 10: dE=-35432.1 m dN=24320.0 m (phasecorr@315m, support=None, peak=0.12360441419813369) 
imw-rdd-dense: Processing pair 10 from disk...
imw-rdd-dense: 0 match-sets in 0.00s
[Coarse] imw-rdd-dense pair 11: dE=-34085.2 m dN=23031.2 m (from-pair-8, support=None, peak=None) 
imw-rdd-dense: Processing pair 11 from disk...
imw-rdd-dense: 0 match-sets in 0.00s
[Coarse] imw-rdd-dense pair 12: dE=73258.3 m dN=-12396.0 m (from-pair-14, support=None, peak=None) 
imw-rdd-dense: Processing pair 12 from disk...
imw-rdd-dense: 0 match-sets in 0.55s
[Coarse] imw-rdd-dense pair 13: dE=73258.3 m dN=-12396.0 m (from-pair-14, support=None, peak=None) 
imw-rdd-dense: Processing pair 13 from disk...
imw-rdd-dense: 0 match-sets in 0.41s
[Coarse] imw-rdd-dense pair 14: dE=73258.3 m dN=-12396.0 m (phasecorr@315m, support=None, peak=0.0750410366821289) 
imw-rdd-dense: Processing pair 14 from disk...
imw-rdd-dense: 0 match-sets in 0.57s
[Coarse] imw-rdd-dense pair 15: dE=73258.3 m dN=-12396.0 m (from-pair-14, support=None, peak=None) 
imw-rdd-dense: Processing pair 15 from disk...
imw-rdd-dense: 0 match-sets in 0.80s
[Coarse] imw-rdd-dense pair 16: dE=73258.3 m dN=-12396.0 m (from-pair-14, support=None, peak=None) 
imw-rdd-dense: Processing pair 16 from disk...
imw-rdd-dense: 0 match-sets in 0.61s
[Coarse] imw-rdd-dense pair 17: dE=73258.3 m dN=-12396.0 m (from-pair-14, support=None, peak=None) 
imw-rdd-dense: Processing pair 17 from disk...
imw-rdd-dense: 0 match-sets in 0.62s
[Coarse] imw-rdd-dense pair 18: dE=73258.3 m dN=-12396.0 m (from-pair-14, support=None, peak=None) 
imw-rdd-dense: Processing pair 18 from disk...
[imw-rdd-dense/internal] window (0,0) error: RuntimeError: selected index k out of range
imw-rdd-dense: 0 match-sets in 0.51s
[Coarse] imw-rdd-dense pair 19: dE=73258.3 m dN=-12396.0 m (from-pair-14, support=None, peak=None) 
imw-rdd-dense: Processing pair 19 from disk...
[imw-rdd-dense/internal] window (0,0) error: RuntimeError: selected index k out of range
imw-rdd-dense: 0 match-sets in 0.31s
[Coarse] imw-rdd-dense pair 20: dE=73258.3 m dN=-12396.0 m (from-pair-14, support=None, peak=None) 
imw-rdd-dense: Processing pair 20 from disk...
[imw-rdd-dense/internal] window (0,0) error: RuntimeError: selected index k out of range
imw-rdd-dense: 0 match-sets in 0.31s
[Coarse] imw-rdd-dense pair 21: dE=-34651.5 m dN=64354.3 m (phasecorr@315m, support=None, peak=0.03061729173699524) 
imw-rdd-dense: Processing pair 21 from disk...
imw-rdd-dense: 0 match-sets in 0.00s
[Coarse] imw-rdd-dense pair 22: dE=-34651.5 m dN=64354.3 m (from-pair-21, support=None, peak=None) 
imw-rdd-dense: Processing pair 22 from disk...
imw-rdd-dense: 0 match-sets in 0.00s
[Coarse] imw-rdd-dense pair 23: dE=-34651.5 m dN=64354.3 m (from-pair-21, support=None, peak=None) 
imw-rdd-dense: Processing pair 23 from disk...
imw-rdd-dense: 0 match-sets in 0.00s
[Coarse] imw-rdd-dense pair 24: dE=75555.3 m dN=-16017.9 m (from-pair-34, support=None, peak=None) 
imw-rdd-dense: Processing pair 24 from disk...
imw-rdd-dense: 0 match-sets in 1.08s
[Coarse] imw-rdd-dense pair 25: dE=75555.3 m dN=-16017.9 m (from-pair-34, support=None, peak=None) 
imw-rdd-dense: Processing pair 25 from disk...
imw-rdd-dense: 0 match-sets in 0.86s
[Coarse] imw-rdd-dense pair 26: dE=75555.3 m dN=-16017.9 m (from-pair-34, support=None, peak=None) 
imw-rdd-dense: Processing pair 26 from disk...
imw-rdd-dense: 0 match-sets in 0.85s
[Coarse] imw-rdd-dense pair 27: dE=75555.3 m dN=-16017.9 m (from-pair-34, support=None, peak=None) 
imw-rdd-dense: Processing pair 27 from disk...
imw-rdd-dense: 0 match-sets in 1.09s
[Coarse] imw-rdd-dense pair 28: dE=75555.3 m dN=-16017.9 m (from-pair-34, support=None, peak=None) 
imw-rdd-dense: Processing pair 28 from disk...
imw-rdd-dense: 0 match-sets in 1.42s
[Coarse] imw-rdd-dense pair 29: dE=75555.3 m dN=-16017.9 m (from-pair-34, support=None, peak=None) 
imw-rdd-dense: Processing pair 29 from disk...
imw-rdd-dense: 0 match-sets in 0.01s
[Coarse] imw-rdd-dense pair 30: dE=29320.3 m dN=32717.6 m (from-pair-31, support=None, peak=None) 
imw-rdd-dense: Processing pair 30 from disk...
imw-rdd-dense: 0 match-sets in 0.00s
[Coarse] imw-rdd-dense pair 31: dE=29320.3 m dN=32717.6 m (phasecorr@315m, support=None, peak=0.11020252078648948) 
imw-rdd-dense: Processing pair 31 from disk...
imw-rdd-dense: 0 match-sets in 0.00s
[Coarse] imw-rdd-dense pair 32: dE=75555.3 m dN=-16017.9 m (from-pair-34, support=None, peak=None) 
imw-rdd-dense: Processing pair 32 from disk...
imw-rdd-dense: 0 match-sets in 0.95s
[Coarse] imw-rdd-dense pair 33: dE=75555.3 m dN=-16017.9 m (from-pair-34, support=None, peak=None) 
imw-rdd-dense: Processing pair 33 from disk...
imw-rdd-dense: 0 match-sets in 0.71s
[Coarse] imw-rdd-dense pair 34: dE=75555.3 m dN=-16017.9 m (phasecorr@315m, support=None, peak=0.06293188095092773) 
imw-rdd-dense: Processing pair 34 from disk...
imw-rdd-dense: 0 match-sets in 0.81s
[Coarse] imw-rdd-dense pair 35: dE=75568.1 m dN=-15961.2 m (phasecorr@315m, support=None, peak=0.0629165448612637) 
imw-rdd-dense: Processing pair 35 from disk...
imw-rdd-dense: 0 match-sets in 0.81s
[Coarse] imw-rdd-dense pair 36: dE=75568.1 m dN=-15961.2 m (from-pair-35, support=None, peak=None) 
imw-rdd-dense: Processing pair 36 from disk...
imw-rdd-dense: 0 match-sets in 0.56s
[Coarse] imw-rdd-dense pair 37: dE=75568.1 m dN=-15961.2 m (from-pair-35, support=None, peak=None) 
imw-rdd-dense: Processing pair 37 from disk...
imw-rdd-dense: 0 match-sets in 0.35s
[Coarse] imw-rdd-dense pair 38: dE=10133.5 m dN=16958.4 m (from-pair-39, support=None, peak=None) 
imw-rdd-dense: Processing pair 38 from disk...
imw-rdd-dense: 0 match-sets in 0.00s
[Coarse] imw-rdd-dense pair 39: dE=10133.5 m dN=16958.4 m (phasecorr@315m, support=None, peak=0.37484617568828443) 
imw-rdd-dense: Processing pair 39 from disk...
imw-rdd-dense: 0 match-sets in 0.00s
[Coarse] imw-rdd-dense pair 40: dE=76842.6 m dN=-18012.8 m (phasecorr@315m, support=None, peak=0.16032237420847387) 
imw-rdd-dense: Processing pair 40 from disk...
imw-rdd-dense: 0 match-sets in 0.47s
[Coarse] imw-rdd-dense pair 41: dE=76821.7 m dN=-17970.8 m (phasecorr@315m, support=None, peak=0.1293754681834468) 
imw-rdd-dense: Processing pair 41 from disk...
imw-rdd-dense: 0 match-sets in 0.32s
[Coarse] imw-rdd-dense pair 42: dE=71418.1 m dN=-83226.9 m (phasecorr@315m, support=None, peak=0.04043954435560439) 
imw-rdd-dense: Processing pair 42 from disk...
imw-rdd-dense: 0 match-sets in 0.46s
[Coarse] imw-rdd-dense pair 43: dE=71418.1 m dN=-83226.9 m (from-pair-42, support=None, peak=None) 
imw-rdd-dense: Processing pair 43 from disk...
imw-rdd-dense: 0 match-sets in 0.26s
[Coarse] imw-rdd-dense pair 44: dE=-66700.2 m dN=27164.4 m (phasecorr@315m, support=None, peak=0.060047009852197436) 
imw-rdd-dense: Processing pair 44 from disk...
imw-rdd-dense: 0 match-sets in 0.00s
[Coarse] imw-rdd-dense pair 45: dE=-65468.5 m dN=11952.3 m (phasecorr@315m, support=None, peak=0.062489196923861616) 
imw-rdd-dense: Processing pair 45 from disk...
imw-rdd-dense: 0 match-sets in 0.00s
No valid chip CSV files found.
[band3] imw-rdd-dense no-consensus in 0.7 min, peak GPU memory 9.4 of 15.6 GB
[imw-rdd-dense] Model unloaded.
--------------------------------------------------------------------------------
[band3] Running imw-xfeat-lg
[imw-xfeat-lg] Loading model...
Using cache found in /maintenance/ICIGDev/GPUPOC/input/dqe/imw_runtime/imw_cache/torch/hub/verlab_accelerated_features_main
Loaded LightGlue model
[Coarse] pair 1: no reliable coarse offset (matcher: no matches; phasecorr: {'dx': 72221.31426491275, 'dy': -10662.850823270848, 'support': None, 'n': None, 'peak': 0.02032967514970684}); windows compared in place
[Coarse] pair 2: no reliable coarse offset (matcher: no matches; phasecorr: {'dx': 65394.283402378176, 'dy': -25649.46980266543, 'support': None, 'n': None, 'peak': 0.022622975002173116}); windows compared in place
[Coarse] pair 3: no reliable coarse offset (matcher: no matches; phasecorr: {'dx': -84951.32174473844, 'dy': -16333.25546038059, 'support': None, 'n': None, 'peak': 0.023098598562204843}); windows compared in place
[Coarse] pair 4: no reliable coarse offset (matcher: no matches; phasecorr: {'dx': -71296.19311950017, 'dy': -18548.86611268403, 'support': None, 'n': None, 'peak': 0.02308651422222401}); windows compared in place
[Coarse] pair 5: no reliable coarse offset (matcher: {'dx': -100327.5, 'dy': 68512.5, 'support': 2, 'n': 3, 'peak': None}; phasecorr: {'dx': -66471.0041660463, 'dy': 19677.698496104596, 'support': None, 'n': None, 'peak': 0.0007051175513875827}); windows compared in place
[Coarse] pair 6: no reliable coarse offset (matcher: {'dx': -100800.0, 'dy': 69142.5, 'support': 2, 'n': 5, 'peak': None}; phasecorr: {'dx': -63117.55771771344, 'dy': 45344.79793689909, 'support': None, 'n': None, 'peak': 0.016527041937588666}); windows compared in place
[Coarse] pair 9: no reliable coarse offset (matcher: no matches; phasecorr: {'dx': -16699.175274071407, 'dy': 24436.94053537555, 'support': None, 'n': None, 'peak': -0.010903077867296006}); windows compared in place
[Coarse] pair 11: no reliable coarse offset (matcher: no matches; phasecorr: {'dx': -17156.568569433253, 'dy': 26769.77008011288, 'support': None, 'n': None, 'peak': -0.005567667855156793}); windows compared in place
[Coarse] pair 12: no reliable coarse offset (matcher: no matches; phasecorr: {'dx': -54138.7373906018, 'dy': -62739.11738734777, 'support': None, 'n': None, 'peak': 0.019588654039171007}); windows compared in place
[Coarse] pair 13: no reliable coarse offset (matcher: no matches; phasecorr: {'dx': -3843.534072827219, 'dy': -91640.0194769223, 'support': None, 'n': None, 'peak': 0.015414013681642857}); windows compared in place
[Coarse] pair 15: no reliable coarse offset (matcher: no matches; phasecorr: {'dx': -94939.8559147267, 'dy': -82659.23661442024, 'support': None, 'n': None, 'peak': 0.008939644289605411}); windows compared in place
[Coarse] pair 16: no reliable coarse offset (matcher: no matches; phasecorr: {'dx': -60639.28459076655, 'dy': -33832.56066827953, 'support': None, 'n': None, 'peak': 0.007406430218281896}); windows compared in place
[Coarse] pair 17: no reliable coarse offset (matcher: no matches; phasecorr: {'dx': -75606.28869913492, 'dy': -40258.11314932236, 'support': None, 'n': None, 'peak': 0.002259464960529971}); windows compared in place
[Coarse] pair 18: no reliable coarse offset (matcher: no matches; phasecorr: {'dx': -47574.86505103309, 'dy': 30736.089922927127, 'support': None, 'n': None, 'peak': -0.005526255078658046}); windows compared in place
[Coarse] pair 19: no reliable coarse offset (matcher: no matches; phasecorr: {'dx': -134048.08681427932, 'dy': 22202.75100943282, 'support': None, 'n': None, 'peak': 0.01199757972153889}); windows compared in place
[Coarse] pair 20: no reliable coarse offset (matcher: no matches; phasecorr: {'dx': -51737.17622911178, 'dy': 31055.668515360256, 'support': None, 'n': None, 'peak': -0.013213375402903196}); windows compared in place
[Coarse] pair 22: no reliable coarse offset (matcher: no matches; phasecorr: {'dx': -22501.36818549658, 'dy': 56480.21235681643, 'support': None, 'n': None, 'peak': -0.0038632059607486176}); windows compared in place
[Coarse] pair 23: no reliable coarse offset (matcher: no matches; phasecorr: {'dx': -38768.62470648129, 'dy': 60272.71480887387, 'support': None, 'n': None, 'peak': 0.018053494174784593}); windows compared in place
[Coarse] pair 24: no reliable coarse offset (matcher: no matches; phasecorr: {'dx': 5060.875137458928, 'dy': -132702.46963164263, 'support': None, 'n': None, 'peak': 0.004566593000623915}); windows compared in place
[Coarse] pair 25: no reliable coarse offset (matcher: no matches; phasecorr: {'dx': 19115.97600195751, 'dy': -87876.18077077619, 'support': None, 'n': None, 'peak': 0.014515514945983887}); windows compared in place
[Coarse] pair 26: no reliable coarse offset (matcher: no matches; phasecorr: {'dx': -25110.617324353138, 'dy': -110321.271036598, 'support': None, 'n': None, 'peak': 0.028688357883029515}); windows compared in place
[Coarse] pair 27: no reliable coarse offset (matcher: no matches; phasecorr: {'dx': -24618.815192443915, 'dy': -51702.316299651786, 'support': None, 'n': None, 'peak': 0.024773373663302803}); windows compared in place
[Coarse] pair 28: no reliable coarse offset (matcher: no matches; phasecorr: {'dx': -34345.520193795004, 'dy': -31836.47230271583, 'support': None, 'n': None, 'peak': 0.007815724782982971}); windows compared in place
[Coarse] pair 29: no reliable coarse offset (matcher: no matches; phasecorr: {'dx': -23015.789594526494, 'dy': 27033.23829875427, 'support': None, 'n': None, 'peak': -0.010339975127467402}); windows compared in place
[Coarse] pair 30: no reliable coarse offset (matcher: no matches; phasecorr: {'dx': 44341.741084490575, 'dy': 33964.32140920293, 'support': None, 'n': None, 'peak': 0.012143600762135697}); windows compared in place
[Coarse] pair 32: no reliable coarse offset (matcher: no matches; phasecorr: {'dx': 76928.68966913699, 'dy': -17747.191922768525, 'support': None, 'n': None, 'peak': 0.018933949931462607}); windows compared in place
[Coarse] pair 33: no reliable coarse offset (matcher: no matches; phasecorr: {'dx': 76984.7825803246, 'dy': -17783.154749211222, 'support': None, 'n': None, 'peak': 0.01788282951116562}); windows compared in place
[Coarse] pair 36: no reliable coarse offset (matcher: no matches; phasecorr: {'dx': 19637.281743784188, 'dy': 28659.270855444367, 'support': None, 'n': None, 'peak': 0.011020430701750296}); windows compared in place
[Coarse] pair 37: no reliable coarse offset (matcher: no matches; phasecorr: {'dx': 7507.0015977467065, 'dy': 32833.49977892313, 'support': None, 'n': None, 'peak': 0.0048901353058991605}); windows compared in place
[Coarse] pair 38: no reliable coarse offset (matcher: no matches; phasecorr: {'dx': 23247.53686111282, 'dy': 17041.62175906921, 'support': None, 'n': None, 'peak': 0.019549365950219427}); windows compared in place
[Coarse] pair 43: no reliable coarse offset (matcher: no matches; phasecorr: {'dx': 59869.22805112187, 'dy': -96325.01557673489, 'support': None, 'n': None, 'peak': 0.00793376685672336}); windows compared in place
[Coarse] WARNING: imw-xfeat-lg: the pairs' coarse offsets differ by up to 148 km, more than one image moves from place to place. Pairs with a wrong offset match the wrong ground (the chip consensus drops them when they are few); if most pairs disagree, check the input's pixel size and window size.
[Coarse] imw-xfeat-lg pair 1: dE=-30060.9 m dN=24674.4 m (from-pair-7, support=None, peak=None) 
imw-xfeat-lg: Processing pair 1 from disk...
imw-xfeat-lg: 0 match-sets in 0.00s
[Coarse] imw-xfeat-lg pair 2: dE=-30060.9 m dN=24674.4 m (from-pair-7, support=None, peak=None) 
imw-xfeat-lg: Processing pair 2 from disk...
imw-xfeat-lg: 0 match-sets in 0.00s
[Coarse] imw-xfeat-lg pair 3: dE=73258.3 m dN=-12396.0 m (from-pair-14, support=None, peak=None) 
imw-xfeat-lg: Processing pair 3 from disk...
imw-xfeat-lg: 0 match-sets in 0.00s
[Coarse] imw-xfeat-lg pair 4: dE=73258.3 m dN=-12396.0 m (from-pair-14, support=None, peak=None) 
imw-xfeat-lg: Processing pair 4 from disk...
imw-xfeat-lg: 0 match-sets in 0.00s
[Coarse] imw-xfeat-lg pair 5: dE=73258.3 m dN=-12396.0 m (from-pair-14, support=None, peak=None) 
imw-xfeat-lg: Processing pair 5 from disk...
imw-xfeat-lg: 0 match-sets in 0.00s
[Coarse] imw-xfeat-lg pair 6: dE=73258.3 m dN=-12396.0 m (from-pair-14, support=None, peak=None) 
imw-xfeat-lg: Processing pair 6 from disk...
imw-xfeat-lg: 0 match-sets in 0.00s
[Coarse] imw-xfeat-lg pair 7: dE=-30060.9 m dN=24674.4 m (phasecorr@315m, support=None, peak=0.07485453462600708) 
imw-xfeat-lg: Processing pair 7 from disk...
imw-xfeat-lg: 0 match-sets in 0.00s
[Coarse] imw-xfeat-lg pair 8: dE=-34085.2 m dN=23031.2 m (phasecorr@315m, support=None, peak=0.048964771058824325) 
imw-xfeat-lg: Processing pair 8 from disk...
imw-xfeat-lg: 0 match-sets in 0.00s
[Coarse] imw-xfeat-lg pair 9: dE=-35432.1 m dN=24320.0 m (from-pair-10, support=None, peak=None) 
imw-xfeat-lg: Processing pair 9 from disk...
imw-xfeat-lg: 0 match-sets in 0.00s
[Coarse] imw-xfeat-lg pair 10: dE=-35432.1 m dN=24320.0 m (phasecorr@315m, support=None, peak=0.12360441419813369) 
imw-xfeat-lg: Processing pair 10 from disk...
imw-xfeat-lg: 0 match-sets in 0.00s
[Coarse] imw-xfeat-lg pair 11: dE=-34085.2 m dN=23031.2 m (from-pair-8, support=None, peak=None) 
imw-xfeat-lg: Processing pair 11 from disk...
imw-xfeat-lg: 0 match-sets in 0.00s
[Coarse] imw-xfeat-lg pair 12: dE=73258.3 m dN=-12396.0 m (from-pair-14, support=None, peak=None) 
imw-xfeat-lg: Processing pair 12 from disk...
imw-xfeat-lg: 0 match-sets in 0.22s
[Coarse] imw-xfeat-lg pair 13: dE=73258.3 m dN=-12396.0 m (from-pair-14, support=None, peak=None) 
imw-xfeat-lg: Processing pair 13 from disk...
imw-xfeat-lg: 0 match-sets in 0.14s
[Coarse] imw-xfeat-lg pair 14: dE=73258.3 m dN=-12396.0 m (phasecorr@315m, support=None, peak=0.0750410366821289) 
imw-xfeat-lg: Processing pair 14 from disk...
imw-xfeat-lg: 0 match-sets in 0.21s
[Coarse] imw-xfeat-lg pair 15: dE=73258.3 m dN=-12396.0 m (from-pair-14, support=None, peak=None) 
imw-xfeat-lg: Processing pair 15 from disk...
imw-xfeat-lg: 0 match-sets in 0.25s
[Coarse] imw-xfeat-lg pair 16: dE=73258.3 m dN=-12396.0 m (from-pair-14, support=None, peak=None) 
imw-xfeat-lg: Processing pair 16 from disk...
imw-xfeat-lg: 0 match-sets in 0.20s
[Coarse] imw-xfeat-lg pair 17: dE=73258.3 m dN=-12396.0 m (from-pair-14, support=None, peak=None) 
imw-xfeat-lg: Processing pair 17 from disk...
imw-xfeat-lg: 0 match-sets in 0.22s
[Coarse] imw-xfeat-lg pair 18: dE=73258.3 m dN=-12396.0 m (from-pair-14, support=None, peak=None) 
imw-xfeat-lg: Processing pair 18 from disk...
imw-xfeat-lg: 0 match-sets in 0.17s
[Coarse] imw-xfeat-lg pair 19: dE=73258.3 m dN=-12396.0 m (from-pair-14, support=None, peak=None) 
imw-xfeat-lg: Processing pair 19 from disk...
imw-xfeat-lg: 0 match-sets in 0.11s
[Coarse] imw-xfeat-lg pair 20: dE=73258.3 m dN=-12396.0 m (from-pair-14, support=None, peak=None) 
imw-xfeat-lg: Processing pair 20 from disk...
imw-xfeat-lg: 0 match-sets in 0.12s
[Coarse] imw-xfeat-lg pair 21: dE=-34651.5 m dN=64354.3 m (phasecorr@315m, support=None, peak=0.03061729173699524) 
imw-xfeat-lg: Processing pair 21 from disk...
imw-xfeat-lg: 0 match-sets in 0.00s
[Coarse] imw-xfeat-lg pair 22: dE=-34651.5 m dN=64354.3 m (from-pair-21, support=None, peak=None) 
imw-xfeat-lg: Processing pair 22 from disk...
imw-xfeat-lg: 0 match-sets in 0.00s
[Coarse] imw-xfeat-lg pair 23: dE=-34651.5 m dN=64354.3 m (from-pair-21, support=None, peak=None) 
imw-xfeat-lg: Processing pair 23 from disk...
imw-xfeat-lg: 0 match-sets in 0.00s
[Coarse] imw-xfeat-lg pair 24: dE=75555.3 m dN=-16017.9 m (from-pair-34, support=None, peak=None) 
imw-xfeat-lg: Processing pair 24 from disk...
imw-xfeat-lg: 0 match-sets in 0.33s
[Coarse] imw-xfeat-lg pair 25: dE=75555.3 m dN=-16017.9 m (from-pair-34, support=None, peak=None) 
imw-xfeat-lg: Processing pair 25 from disk...
imw-xfeat-lg: 0 match-sets in 0.26s
[Coarse] imw-xfeat-lg pair 26: dE=75555.3 m dN=-16017.9 m (from-pair-34, support=None, peak=None) 
imw-xfeat-lg: Processing pair 26 from disk...
imw-xfeat-lg: 0 match-sets in 0.26s
[Coarse] imw-xfeat-lg pair 27: dE=75555.3 m dN=-16017.9 m (from-pair-34, support=None, peak=None) 
imw-xfeat-lg: Processing pair 27 from disk...
imw-xfeat-lg: 0 match-sets in 0.30s
[Coarse] imw-xfeat-lg pair 28: dE=75555.3 m dN=-16017.9 m (from-pair-34, support=None, peak=None) 
imw-xfeat-lg: Processing pair 28 from disk...
imw-xfeat-lg: 0 match-sets in 0.37s
[Coarse] imw-xfeat-lg pair 29: dE=75555.3 m dN=-16017.9 m (from-pair-34, support=None, peak=None) 
imw-xfeat-lg: Processing pair 29 from disk...
imw-xfeat-lg: 0 match-sets in 0.01s
[Coarse] imw-xfeat-lg pair 30: dE=29320.3 m dN=32717.6 m (from-pair-31, support=None, peak=None) 
imw-xfeat-lg: Processing pair 30 from disk...
imw-xfeat-lg: 0 match-sets in 0.00s
[Coarse] imw-xfeat-lg pair 31: dE=29320.3 m dN=32717.6 m (phasecorr@315m, support=None, peak=0.11020252078648948) 
imw-xfeat-lg: Processing pair 31 from disk...
imw-xfeat-lg: 0 match-sets in 0.00s
[Coarse] imw-xfeat-lg pair 32: dE=75555.3 m dN=-16017.9 m (from-pair-34, support=None, peak=None) 
imw-xfeat-lg: Processing pair 32 from disk...
imw-xfeat-lg: 0 match-sets in 0.37s
[Coarse] imw-xfeat-lg pair 33: dE=75555.3 m dN=-16017.9 m (from-pair-34, support=None, peak=None) 
imw-xfeat-lg: Processing pair 33 from disk...
imw-xfeat-lg: 0 match-sets in 0.24s
[Coarse] imw-xfeat-lg pair 34: dE=75555.3 m dN=-16017.9 m (phasecorr@315m, support=None, peak=0.06293188095092773) 
imw-xfeat-lg: Processing pair 34 from disk...
imw-xfeat-lg: 1 match-sets in 0.28s
[Coarse] imw-xfeat-lg pair 35: dE=75568.1 m dN=-15961.2 m (phasecorr@315m, support=None, peak=0.0629165448612637) 
imw-xfeat-lg: Processing pair 35 from disk...
imw-xfeat-lg: 1 match-sets in 0.28s
[Coarse] imw-xfeat-lg pair 36: dE=75568.1 m dN=-15961.2 m (from-pair-35, support=None, peak=None) 
imw-xfeat-lg: Processing pair 36 from disk...
imw-xfeat-lg: 0 match-sets in 0.20s
[Coarse] imw-xfeat-lg pair 37: dE=75568.1 m dN=-15961.2 m (from-pair-35, support=None, peak=None) 
imw-xfeat-lg: Processing pair 37 from disk...
imw-xfeat-lg: 0 match-sets in 0.14s
[Coarse] imw-xfeat-lg pair 38: dE=10133.5 m dN=16958.4 m (from-pair-39, support=None, peak=None) 
imw-xfeat-lg: Processing pair 38 from disk...
imw-xfeat-lg: 0 match-sets in 0.00s
[Coarse] imw-xfeat-lg pair 39: dE=10133.5 m dN=16958.4 m (phasecorr@315m, support=None, peak=0.37484617568828443) 
imw-xfeat-lg: Processing pair 39 from disk...
imw-xfeat-lg: 0 match-sets in 0.00s
[Coarse] imw-xfeat-lg pair 40: dE=76842.6 m dN=-18012.8 m (phasecorr@315m, support=None, peak=0.16032237420847387) 
imw-xfeat-lg: Processing pair 40 from disk...
imw-xfeat-lg: 1 match-sets in 0.21s
[Coarse] imw-xfeat-lg pair 41: dE=76821.7 m dN=-17970.8 m (phasecorr@315m, support=None, peak=0.1293754681834468) 
imw-xfeat-lg: Processing pair 41 from disk...
imw-xfeat-lg: 0 match-sets in 0.13s
[Coarse] imw-xfeat-lg pair 42: dE=71418.1 m dN=-83226.9 m (phasecorr@315m, support=None, peak=0.04043954435560439) 
imw-xfeat-lg: Processing pair 42 from disk...
imw-xfeat-lg: 0 match-sets in 0.17s
[Coarse] imw-xfeat-lg pair 43: dE=71418.1 m dN=-83226.9 m (from-pair-42, support=None, peak=None) 
imw-xfeat-lg: Processing pair 43 from disk...
imw-xfeat-lg: 0 match-sets in 0.10s
[Coarse] imw-xfeat-lg pair 44: dE=-66700.2 m dN=27164.4 m (phasecorr@315m, support=None, peak=0.060047009852197436) 
imw-xfeat-lg: Processing pair 44 from disk...
imw-xfeat-lg: 0 match-sets in 0.00s
[Coarse] imw-xfeat-lg pair 45: dE=-65468.5 m dN=11952.3 m (phasecorr@315m, support=None, peak=0.062489196923861616) 
imw-xfeat-lg: Processing pair 45 from disk...
imw-xfeat-lg: 0 match-sets in 0.00s
Saved:
 CHIP_STATS_ALL.csv
 CHIP_STATS_SURVIVORS.csv
 CONSENSUS_SCORES.csv
 BEST_CHIP_SET.csv
 BEST_CHIP_MANIFEST.csv
 BEST_FINAL_SUMMARY.csv
[band3] imw-xfeat-lg ok in 0.5 min, peak GPU memory 0.9 of 15.6 GB
[imw-xfeat-lg] Model unloaded.
--------------------------------------------------------------------------------
[band3] Running imw-xfeat-dense
[imw-xfeat-dense] Loading model...
Using cache found in /maintenance/ICIGDev/GPUPOC/input/dqe/imw_runtime/imw_cache/torch/hub/verlab_accelerated_features_main
[Coarse] pair 1: no reliable coarse offset (matcher: no matches; phasecorr: {'dx': 72221.31426491275, 'dy': -10662.850823270848, 'support': None, 'n': None, 'peak': 0.02032967514970684}); windows compared in place
[Coarse] pair 2: no reliable coarse offset (matcher: no matches; phasecorr: {'dx': 65394.283402378176, 'dy': -25649.46980266543, 'support': None, 'n': None, 'peak': 0.022622975002173116}); windows compared in place
[Coarse] pair 3: no reliable coarse offset (matcher: no matches; phasecorr: {'dx': -84951.32174473844, 'dy': -16333.25546038059, 'support': None, 'n': None, 'peak': 0.023098598562204843}); windows compared in place
[Coarse] pair 4: no reliable coarse offset (matcher: {'dx': -98770.68305969238, 'dy': 20857.598876953125, 'support': 2, 'n': 3, 'peak': None}; phasecorr: {'dx': -71296.19311950017, 'dy': -18548.86611268403, 'support': None, 'n': None, 'peak': 0.02308651422222401}); windows compared in place
[Coarse] pair 5: no reliable coarse offset (matcher: {'dx': -100790.08415222168, 'dy': 49103.6483001709, 'support': 1, 'n': 4, 'peak': None}; phasecorr: {'dx': -66471.0041660463, 'dy': 19677.698496104596, 'support': None, 'n': None, 'peak': 0.0007051175513875827}); windows compared in place
[Coarse] pair 6: no reliable coarse offset (matcher: no matches; phasecorr: {'dx': -63117.55771771344, 'dy': 45344.79793689909, 'support': None, 'n': None, 'peak': 0.016527041937588666}); windows compared in place
[Coarse] pair 9: no reliable coarse offset (matcher: {'dx': -78904.39498901367, 'dy': -85337.7278137207, 'support': 1, 'n': 5, 'peak': None}; phasecorr: {'dx': -16699.175274071407, 'dy': 24436.94053537555, 'support': None, 'n': None, 'peak': -0.010903077867296006}); windows compared in place
[Coarse] pair 11: no reliable coarse offset (matcher: no matches; phasecorr: {'dx': -17156.568569433253, 'dy': 26769.77008011288, 'support': None, 'n': None, 'peak': -0.005567667855156793}); windows compared in place
[Coarse] pair 12: no reliable coarse offset (matcher: no matches; phasecorr: {'dx': -54138.7373906018, 'dy': -62739.11738734777, 'support': None, 'n': None, 'peak': 0.019588654039171007}); windows compared in place
[Coarse] pair 13: no reliable coarse offset (matcher: {'dx': -94449.13261413574, 'dy': -100701.66343688965, 'support': 2, 'n': 3, 'peak': None}; phasecorr: {'dx': -3843.534072827219, 'dy': -91640.0194769223, 'support': None, 'n': None, 'peak': 0.015414013681642857}); windows compared in place
[Coarse] pair 15: no reliable coarse offset (matcher: {'dx': -98822.57904052734, 'dy': -23813.838500976562, 'support': 2, 'n': 5, 'peak': None}; phasecorr: {'dx': -94939.8559147267, 'dy': -82659.23661442024, 'support': None, 'n': None, 'peak': 0.008939644289605411}); windows compared in place
[Coarse] pair 16: no reliable coarse offset (matcher: {'dx': -18254.72007751465, 'dy': 47620.24612426758, 'support': 2, 'n': 4, 'peak': None}; phasecorr: {'dx': -60639.28459076655, 'dy': -33832.56066827953, 'support': None, 'n': None, 'peak': 0.007406430218281896}); windows compared in place
[Coarse] pair 17: no reliable coarse offset (matcher: {'dx': -90857.88940429688, 'dy': -63243.71212005615, 'support': 1, 'n': 3, 'peak': None}; phasecorr: {'dx': -75606.28869913492, 'dy': -40258.11314932236, 'support': None, 'n': None, 'peak': 0.002259464960529971}); windows compared in place
[Coarse] pair 18: no reliable coarse offset (matcher: no matches; phasecorr: {'dx': -47574.86505103309, 'dy': 30736.089922927127, 'support': None, 'n': None, 'peak': -0.005526255078658046}); windows compared in place
[Coarse] pair 19: no reliable coarse offset (matcher: {'dx': -69859.94979858398, 'dy': 79504.08508300781, 'support': 1, 'n': 4, 'peak': None}; phasecorr: {'dx': -134048.08681427932, 'dy': 22202.75100943282, 'support': None, 'n': None, 'peak': 0.01199757972153889}); windows compared in place
[Coarse] pair 20: no reliable coarse offset (matcher: {'dx': -84481.65802001953, 'dy': 84801.49337768555, 'support': 1, 'n': 6, 'peak': None}; phasecorr: {'dx': -51737.17622911178, 'dy': 31055.668515360256, 'support': None, 'n': None, 'peak': -0.013213375402903196}); windows compared in place
[Coarse] pair 22: no reliable coarse offset (matcher: no matches; phasecorr: {'dx': -22501.36818549658, 'dy': 56480.21235681643, 'support': None, 'n': None, 'peak': -0.0038632059607486176}); windows compared in place
[Coarse] pair 23: no reliable coarse offset (matcher: {'dx': -9087.242431640625, 'dy': -98932.48128890991, 'support': 1, 'n': 3, 'peak': None}; phasecorr: {'dx': -38768.62470648129, 'dy': 60272.71480887387, 'support': None, 'n': None, 'peak': 0.018053494174784593}); windows compared in place
[Coarse] pair 24: no reliable coarse offset (matcher: no matches; phasecorr: {'dx': 5060.875137458928, 'dy': -132702.46963164263, 'support': None, 'n': None, 'peak': 0.004566593000623915}); windows compared in place
[Coarse] pair 25: no reliable coarse offset (matcher: no matches; phasecorr: {'dx': 19115.97600195751, 'dy': -87876.18077077619, 'support': None, 'n': None, 'peak': 0.014515514945983887}); windows compared in place
[Coarse] pair 26: no reliable coarse offset (matcher: no matches; phasecorr: {'dx': -25110.617324353138, 'dy': -110321.271036598, 'support': None, 'n': None, 'peak': 0.028688357883029515}); windows compared in place
[Coarse] pair 27: no reliable coarse offset (matcher: {'dx': -70510.82931518555, 'dy': -21192.03643798828, 'support': 1, 'n': 3, 'peak': None}; phasecorr: {'dx': -24618.815192443915, 'dy': -51702.316299651786, 'support': None, 'n': None, 'peak': 0.024773373663302803}); windows compared in place
[Coarse] pair 28: no reliable coarse offset (matcher: {'dx': 77938.32801818848, 'dy': -13962.729721069336, 'support': 2, 'n': 4, 'peak': None}; phasecorr: {'dx': -34345.520193795004, 'dy': -31836.47230271583, 'support': None, 'n': None, 'peak': 0.007815724782982971}); windows compared in place
[Coarse] pair 29: no reliable coarse offset (matcher: no matches; phasecorr: {'dx': -23015.789594526494, 'dy': 27033.23829875427, 'support': None, 'n': None, 'peak': -0.010339975127467402}); windows compared in place
[Coarse] pair 30: no reliable coarse offset (matcher: no matches; phasecorr: {'dx': 44341.741084490575, 'dy': 33964.32140920293, 'support': None, 'n': None, 'peak': 0.012143600762135697}); windows compared in place
[Coarse] pair 32: no reliable coarse offset (matcher: no matches; phasecorr: {'dx': 76928.68966913699, 'dy': -17747.191922768525, 'support': None, 'n': None, 'peak': 0.018933949931462607}); windows compared in place
[Coarse] pair 33: no reliable coarse offset (matcher: no matches; phasecorr: {'dx': 76984.7825803246, 'dy': -17783.154749211222, 'support': None, 'n': None, 'peak': 0.01788282951116562}); windows compared in place
[Coarse] pair 36: no reliable coarse offset (matcher: no matches; phasecorr: {'dx': 19637.281743784188, 'dy': 28659.270855444367, 'support': None, 'n': None, 'peak': 0.011020430701750296}); windows compared in place
[Coarse] pair 37: no reliable coarse offset (matcher: {'dx': 85081.31927490234, 'dy': 78051.32926940918, 'support': 1, 'n': 3, 'peak': None}; phasecorr: {'dx': 7507.0015977467065, 'dy': 32833.49977892313, 'support': None, 'n': None, 'peak': 0.0048901353058991605}); windows compared in place
[Coarse] pair 38: no reliable coarse offset (matcher: ZeroDivisionError: division by zero; phasecorr: {'dx': 23247.53686111282, 'dy': 17041.62175906921, 'support': None, 'n': None, 'peak': 0.019549365950219427}); windows compared in place
[Coarse] pair 43: no reliable coarse offset (matcher: no matches; phasecorr: {'dx': 59869.22805112187, 'dy': -96325.01557673489, 'support': None, 'n': None, 'peak': 0.00793376685672336}); windows compared in place
[Coarse] WARNING: imw-xfeat-dense: the pairs' coarse offsets differ by up to 148 km, more than one image moves from place to place. Pairs with a wrong offset match the wrong ground (the chip consensus drops them when they are few); if most pairs disagree, check the input's pixel size and window size.
[Coarse] imw-xfeat-dense pair 1: dE=-30060.9 m dN=24674.4 m (from-pair-7, support=None, peak=None) 
imw-xfeat-dense: Processing pair 1 from disk...
imw-xfeat-dense: 0 match-sets in 0.00s
[Coarse] imw-xfeat-dense pair 2: dE=-30060.9 m dN=24674.4 m (from-pair-7, support=None, peak=None) 
imw-xfeat-dense: Processing pair 2 from disk...
imw-xfeat-dense: 0 match-sets in 0.00s
[Coarse] imw-xfeat-dense pair 3: dE=73258.3 m dN=-12396.0 m (from-pair-14, support=None, peak=None) 
imw-xfeat-dense: Processing pair 3 from disk...
imw-xfeat-dense: 0 match-sets in 0.00s
[Coarse] imw-xfeat-dense pair 4: dE=73258.3 m dN=-12396.0 m (from-pair-14, support=None, peak=None) 
imw-xfeat-dense: Processing pair 4 from disk...
imw-xfeat-dense: 0 match-sets in 0.00s
[Coarse] imw-xfeat-dense pair 5: dE=73258.3 m dN=-12396.0 m (from-pair-14, support=None, peak=None) 
imw-xfeat-dense: Processing pair 5 from disk...
imw-xfeat-dense: 0 match-sets in 0.00s
[Coarse] imw-xfeat-dense pair 6: dE=73258.3 m dN=-12396.0 m (from-pair-14, support=None, peak=None) 
imw-xfeat-dense: Processing pair 6 from disk...
imw-xfeat-dense: 0 match-sets in 0.00s
[Coarse] imw-xfeat-dense pair 7: dE=-30060.9 m dN=24674.4 m (phasecorr@315m, support=None, peak=0.07485453462600708) 
imw-xfeat-dense: Processing pair 7 from disk...
imw-xfeat-dense: 0 match-sets in 0.00s
[Coarse] imw-xfeat-dense pair 8: dE=-34085.2 m dN=23031.2 m (phasecorr@315m, support=None, peak=0.048964771058824325) 
imw-xfeat-dense: Processing pair 8 from disk...
imw-xfeat-dense: 0 match-sets in 0.00s
[Coarse] imw-xfeat-dense pair 9: dE=-35432.1 m dN=24320.0 m (from-pair-10, support=None, peak=None) 
imw-xfeat-dense: Processing pair 9 from disk...
imw-xfeat-dense: 0 match-sets in 0.00s
[Coarse] imw-xfeat-dense pair 10: dE=-35432.1 m dN=24320.0 m (phasecorr@315m, support=None, peak=0.12360441419813369) 
imw-xfeat-dense: Processing pair 10 from disk...
imw-xfeat-dense: 0 match-sets in 0.00s
[Coarse] imw-xfeat-dense pair 11: dE=-34085.2 m dN=23031.2 m (from-pair-8, support=None, peak=None) 
imw-xfeat-dense: Processing pair 11 from disk...
imw-xfeat-dense: 0 match-sets in 0.00s
[Coarse] imw-xfeat-dense pair 12: dE=73258.3 m dN=-12396.0 m (from-pair-14, support=None, peak=None) 
imw-xfeat-dense: Processing pair 12 from disk...
imw-xfeat-dense: 1 match-sets in 0.27s
[Coarse] imw-xfeat-dense pair 13: dE=73258.3 m dN=-12396.0 m (from-pair-14, support=None, peak=None) 
imw-xfeat-dense: Processing pair 13 from disk...
imw-xfeat-dense: 0 match-sets in 0.12s
[Coarse] imw-xfeat-dense pair 14: dE=73258.3 m dN=-12396.0 m (phasecorr@315m, support=None, peak=0.0750410366821289) 
imw-xfeat-dense: Processing pair 14 from disk...
imw-xfeat-dense: 0 match-sets in 0.25s
[Coarse] imw-xfeat-dense pair 15: dE=73258.3 m dN=-12396.0 m (from-pair-14, support=None, peak=None) 
imw-xfeat-dense: Processing pair 15 from disk...
imw-xfeat-dense: 1 match-sets in 0.30s
[Coarse] imw-xfeat-dense pair 16: dE=73258.3 m dN=-12396.0 m (from-pair-14, support=None, peak=None) 
imw-xfeat-dense: Processing pair 16 from disk...
imw-xfeat-dense: 1 match-sets in 0.23s
[Coarse] imw-xfeat-dense pair 17: dE=73258.3 m dN=-12396.0 m (from-pair-14, support=None, peak=None) 
imw-xfeat-dense: Processing pair 17 from disk...
imw-xfeat-dense: 1 match-sets in 0.22s
[Coarse] imw-xfeat-dense pair 18: dE=73258.3 m dN=-12396.0 m (from-pair-14, support=None, peak=None) 
imw-xfeat-dense: Processing pair 18 from disk...
imw-xfeat-dense: 1 match-sets in 0.24s
[Coarse] imw-xfeat-dense pair 19: dE=73258.3 m dN=-12396.0 m (from-pair-14, support=None, peak=None) 
imw-xfeat-dense: Processing pair 19 from disk...
imw-xfeat-dense: 1 match-sets in 0.12s
[Coarse] imw-xfeat-dense pair 20: dE=73258.3 m dN=-12396.0 m (from-pair-14, support=None, peak=None) 
imw-xfeat-dense: Processing pair 20 from disk...
imw-xfeat-dense: 1 match-sets in 0.12s
[Coarse] imw-xfeat-dense pair 21: dE=-34651.5 m dN=64354.3 m (phasecorr@315m, support=None, peak=0.03061729173699524) 
imw-xfeat-dense: Processing pair 21 from disk...
imw-xfeat-dense: 0 match-sets in 0.00s
[Coarse] imw-xfeat-dense pair 22: dE=-34651.5 m dN=64354.3 m (from-pair-21, support=None, peak=None) 
imw-xfeat-dense: Processing pair 22 from disk...
imw-xfeat-dense: 0 match-sets in 0.00s
[Coarse] imw-xfeat-dense pair 23: dE=-34651.5 m dN=64354.3 m (from-pair-21, support=None, peak=None) 
imw-xfeat-dense: Processing pair 23 from disk...
imw-xfeat-dense: 0 match-sets in 0.00s
[Coarse] imw-xfeat-dense pair 24: dE=75555.3 m dN=-16017.9 m (from-pair-34, support=None, peak=None) 
imw-xfeat-dense: Processing pair 24 from disk...
imw-xfeat-dense: 1 match-sets in 0.45s
[Coarse] imw-xfeat-dense pair 25: dE=75555.3 m dN=-16017.9 m (from-pair-34, support=None, peak=None) 
imw-xfeat-dense: Processing pair 25 from disk...
imw-xfeat-dense: 1 match-sets in 0.30s
[Coarse] imw-xfeat-dense pair 26: dE=75555.3 m dN=-16017.9 m (from-pair-34, support=None, peak=None) 
imw-xfeat-dense: Processing pair 26 from disk...
imw-xfeat-dense: 1 match-sets in 0.29s
[Coarse] imw-xfeat-dense pair 27: dE=75555.3 m dN=-16017.9 m (from-pair-34, support=None, peak=None) 
imw-xfeat-dense: Processing pair 27 from disk...
imw-xfeat-dense: 1 match-sets in 0.58s
[Coarse] imw-xfeat-dense pair 28: dE=75555.3 m dN=-16017.9 m (from-pair-34, support=None, peak=None) 
imw-xfeat-dense: Processing pair 28 from disk...
imw-xfeat-dense: 1 match-sets in 0.44s
[Coarse] imw-xfeat-dense pair 29: dE=75555.3 m dN=-16017.9 m (from-pair-34, support=None, peak=None) 
imw-xfeat-dense: Processing pair 29 from disk...
imw-xfeat-dense: 0 match-sets in 0.01s
[Coarse] imw-xfeat-dense pair 30: dE=29320.3 m dN=32717.6 m (from-pair-31, support=None, peak=None) 
imw-xfeat-dense: Processing pair 30 from disk...
imw-xfeat-dense: 0 match-sets in 0.00s
[Coarse] imw-xfeat-dense pair 31: dE=29320.3 m dN=32717.6 m (phasecorr@315m, support=None, peak=0.11020252078648948) 
imw-xfeat-dense: Processing pair 31 from disk...
imw-xfeat-dense: 0 match-sets in 0.00s
[Coarse] imw-xfeat-dense pair 32: dE=75555.3 m dN=-16017.9 m (from-pair-34, support=None, peak=None) 
imw-xfeat-dense: Processing pair 32 from disk...
imw-xfeat-dense: 1 match-sets in 0.42s
[Coarse] imw-xfeat-dense pair 33: dE=75555.3 m dN=-16017.9 m (from-pair-34, support=None, peak=None) 
imw-xfeat-dense: Processing pair 33 from disk...
imw-xfeat-dense: 1 match-sets in 0.27s
[Coarse] imw-xfeat-dense pair 34: dE=75555.3 m dN=-16017.9 m (phasecorr@315m, support=None, peak=0.06293188095092773) 
imw-xfeat-dense: Processing pair 34 from disk...
imw-xfeat-dense: 1 match-sets in 0.31s
[Coarse] imw-xfeat-dense pair 35: dE=75568.1 m dN=-15961.2 m (phasecorr@315m, support=None, peak=0.0629165448612637) 
imw-xfeat-dense: Processing pair 35 from disk...
imw-xfeat-dense: 1 match-sets in 0.23s
[Coarse] imw-xfeat-dense pair 36: dE=75568.1 m dN=-15961.2 m (from-pair-35, support=None, peak=None) 
imw-xfeat-dense: Processing pair 36 from disk...
imw-xfeat-dense: 1 match-sets in 0.26s
[Coarse] imw-xfeat-dense pair 37: dE=75568.1 m dN=-15961.2 m (from-pair-35, support=None, peak=None) 
imw-xfeat-dense: Processing pair 37 from disk...
imw-xfeat-dense: 1 match-sets in 0.12s
[Coarse] imw-xfeat-dense pair 38: dE=10133.5 m dN=16958.4 m (from-pair-39, support=None, peak=None) 
imw-xfeat-dense: Processing pair 38 from disk...
imw-xfeat-dense: 0 match-sets in 0.00s
[Coarse] imw-xfeat-dense pair 39: dE=10133.5 m dN=16958.4 m (phasecorr@315m, support=None, peak=0.37484617568828443) 
imw-xfeat-dense: Processing pair 39 from disk...
imw-xfeat-dense: 0 match-sets in 0.00s
[Coarse] imw-xfeat-dense pair 40: dE=76842.6 m dN=-18012.8 m (phasecorr@315m, support=None, peak=0.16032237420847387) 
imw-xfeat-dense: Processing pair 40 from disk...
imw-xfeat-dense: 1 match-sets in 0.24s
[Coarse] imw-xfeat-dense pair 41: dE=76821.7 m dN=-17970.8 m (phasecorr@315m, support=None, peak=0.1293754681834468) 
imw-xfeat-dense: Processing pair 41 from disk...
imw-xfeat-dense: 1 match-sets in 0.12s
[Coarse] imw-xfeat-dense pair 42: dE=71418.1 m dN=-83226.9 m (phasecorr@315m, support=None, peak=0.04043954435560439) 
imw-xfeat-dense: Processing pair 42 from disk...
imw-xfeat-dense: 1 match-sets in 0.22s
[Coarse] imw-xfeat-dense pair 43: dE=71418.1 m dN=-83226.9 m (from-pair-42, support=None, peak=None) 
imw-xfeat-dense: Processing pair 43 from disk...
imw-xfeat-dense: 0 match-sets in 0.09s
[Coarse] imw-xfeat-dense pair 44: dE=-66700.2 m dN=27164.4 m (phasecorr@315m, support=None, peak=0.060047009852197436) 
imw-xfeat-dense: Processing pair 44 from disk...
imw-xfeat-dense: 0 match-sets in 0.00s
[Coarse] imw-xfeat-dense pair 45: dE=-65468.5 m dN=11952.3 m (phasecorr@315m, support=None, peak=0.062489196923861616) 
imw-xfeat-dense: Processing pair 45 from disk...
imw-xfeat-dense: 0 match-sets in 0.00s
Saved:
 CHIP_STATS_ALL.csv
 CHIP_STATS_SURVIVORS.csv
 CONSENSUS_SCORES.csv
 BEST_CHIP_SET.csv
 BEST_CHIP_MANIFEST.csv
 BEST_FINAL_SUMMARY.csv
[band3] imw-xfeat-dense ok in 0.5 min, peak GPU memory 1.4 of 15.6 GB
[imw-xfeat-dense] Model unloaded.
================================================================================
ALL CHANNELS COMPLETE
================================================================================
[Truth] final_same-res_imw-omniglue: no consensus tables -- rebuilding them from the saved matches
No valid chip CSV files found.
[Truth] final_same-res_imw-rdd-dense: no consensus tables -- rebuilding them from the saved matches
No valid chip CSV files found.
[Truth] final_same-res_imw-sp-lg-kt0p2: no consensus tables -- rebuilding them from the saved matches
No valid chip CSV files found.
[Truth] final_same-res_imw-omniglue: no consensus tables -- rebuilding them from the saved matches
No valid chip CSV files found.
[Truth] final_same-res_imw-rdd-dense: no consensus tables -- rebuilding them from the saved matches
No valid chip CSV files found.
[Truth] final_same-res_imw-sp-lg-kt0p2: no consensus tables -- rebuilding them from the saved matches
No valid chip CSV files found.
[Truth] final_same-res_imw-omniglue: no consensus tables -- rebuilding them from the saved matches
No valid chip CSV files found.
[Truth] final_same-res_imw-rdd-dense: no consensus tables -- rebuilding them from the saved matches
No valid chip CSV files found.
[Truth] final_same-res_imw-sp-lg-kt0p2: no consensus tables -- rebuilding them from the saved matches
No valid chip CSV files found.
[Truth] final_same-res_imw-omniglue: no consensus tables -- rebuilding them from the saved matches
No valid chip CSV files found.
[Truth] final_same-res_imw-rdd-dense: no consensus tables -- rebuilding them from the saved matches
No valid chip CSV files found.
[Truth] final_same-res_imw-sp-lg-kt0p2: no consensus tables -- rebuilding them from the saved matches
No valid chip CSV files found.
[Truth] final_same-res_imw-r2d2-nn-kt0p2: no consensus tables -- rebuilding them from the saved matches
No valid chip CSV files found.
[Truth] final_same-res_imw-omniglue: no consensus tables -- rebuilding them from the saved matches
No valid chip CSV files found.
[Truth] final_same-res_imw-rdd-dense: no consensus tables -- rebuilding them from the saved matches
No valid chip CSV files found.
[Truth] final_same-res_imw-sp-lg-kt0p2: no consensus tables -- rebuilding them from the saved matches
No valid chip CSV files found.
[Truth] final_same-res_imw-r2d2-nn-kt0p2: no consensus tables -- rebuilding them from the saved matches
No valid chip CSV files found.
[Truth] final_same-res_imw-omniglue: no consensus tables -- rebuilding them from the saved matches
No valid chip CSV files found.
[Truth] final_same-res_imw-rdd-dense: no consensus tables -- rebuilding them from the saved matches
No valid chip CSV files found.
[Truth] final_same-res_imw-sp-lg-kt0p2: no consensus tables -- rebuilding them from the saved matches
No valid chip CSV files found.
[Truth] final_same-res_imw-r2d2-nn-kt0p2: no consensus tables -- rebuilding them from the saved matches
No valid chip CSV files found.
[Truth] final_same-res_imw-omniglue: no consensus tables -- rebuilding them from the saved matches
No valid chip CSV files found.
[Truth] final_same-res_imw-rdd-dense: no consensus tables -- rebuilding them from the saved matches
No valid chip CSV files found.
[Truth] final_same-res_imw-sp-sg-kt0p2: no consensus tables -- rebuilding them from the saved matches
No valid chip CSV files found.
[Truth] final_same-res_imw-r2d2-nn-kt0p2: no consensus tables -- rebuilding them from the saved matches
No valid chip CSV files found.
[Truth] final_same-res_imw-omniglue: no consensus tables -- rebuilding them from the saved matches
No valid chip CSV files found.
[Truth] final_same-res_imw-rdd-dense: no consensus tables -- rebuilding them from the saved matches
No valid chip CSV files found.
[Truth] final_same-res_imw-r2d2-nn-kt0p2: no consensus tables -- rebuilding them from the saved matches
No valid chip CSV files found.
[Truth] final_same-res_imw-omniglue: no consensus tables -- rebuilding them from the saved matches
No valid chip CSV files found.
[Truth] final_same-res_imw-rdd-dense: no consensus tables -- rebuilding them from the saved matches
No valid chip CSV files found.
[Truth] final_same-res_imw-r2d2-nn-kt0p2: no consensus tables -- rebuilding them from the saved matches
No valid chip CSV files found.
[Truth] final_same-res_imw-omniglue: no consensus tables -- rebuilding them from the saved matches
No valid chip CSV files found.
[Truth] final_same-res_imw-rdd-dense: no consensus tables -- rebuilding them from the saved matches
No valid chip CSV files found.
[Truth] final_same-res_imw-r2d2-nn-kt0p2: no consensus tables -- rebuilding them from the saved matches
No valid chip CSV files found.
[Truth] final_same-res_imw-omniglue: no consensus tables -- rebuilding them from the saved matches
No valid chip CSV files found.
[Truth] final_same-res_imw-rdd-dense: no consensus tables -- rebuilding them from the saved matches
No valid chip CSV files found.
[Truth] final_same-res_imw-r2d2-nn-kt0p2: no consensus tables -- rebuilding them from the saved matches
No valid chip CSV files found.
[Truth] final_same-res_imw-omniglue: no consensus tables -- rebuilding them from the saved matches
No valid chip CSV files found.
[Truth] final_same-res_imw-rdd-dense: no consensus tables -- rebuilding them from the saved matches
No valid chip CSV files found.
[Truth] final_same-res_imw-r2d2-nn-kt0p2: no consensus tables -- rebuilding them from the saved matches
No valid chip CSV files found.
[Truth] final_same-res_imw-omniglue: no consensus tables -- rebuilding them from the saved matches
No valid chip CSV files found.
[Truth] final_same-res_imw-rdd-dense: no consensus tables -- rebuilding them from the saved matches
No valid chip CSV files found.
[Truth] final_same-res_imw-r2d2-nn-kt0p2: no consensus tables -- rebuilding them from the saved matches
No valid chip CSV files found.
[Truth] final_same-res_imw-omniglue: no consensus tables -- rebuilding them from the saved matches
No valid chip CSV files found.
[Truth] final_same-res_imw-rdd-dense: no consensus tables -- rebuilding them from the saved matches
No valid chip CSV files found.
[Truth] final_same-res_imw-xfeat-dense: no consensus tables -- rebuilding them from the saved matches
No valid chip CSV files found.
[Truth] final_same-res_imw-r2d2-nn-kt0p2: no consensus tables -- rebuilding them from the saved matches
No valid chip CSV files found.
[Truth] final_same-res_imw-omniglue: no consensus tables -- rebuilding them from the saved matches
No valid chip CSV files found.
[Truth] final_same-res_imw-rdd-dense: no consensus tables -- rebuilding them from the saved matches
No valid chip CSV files found.
[Truth] 9 ground-truth point(s); tool error from a local plane through its matches within 5 km (else its error surface); consensus chips. Best detector + matcher:
    # channel  detector                   matcher setting          RMSE m  bias dE  bias dN    max m  reached  s/window
    1 band3    imw-minima-loftr           internal internal magsac630   1112.0   -124.4    428.9   2191.3    5/9        0.1
    2 band3    imw-sfd2-nn-kt0p2          internal internal lmeds630   2121.8   -377.3   1249.5   3791.4    5/9        0.1
    3 band3    imw-darkfeat-nn-kt0p2      internal internal lmeds630   2195.9   -349.4    534.6   4429.5    5/9        0.1
    4 band3    imw-ripe-nn-kt0p2          internal internal lmeds630   2411.6   -531.1    443.3   4249.0    6/9        0.1
    5 band3    imw-lanet-nn-kt0p2         internal internal lmeds630   2982.6   -960.7   1510.5   4896.8    5/9        0.1
    6 band3    imw-d2net-nn-kt0p2         internal internal lmeds630   3499.5   1712.2   1338.2   5375.6    5/9        0.2
    7 band3    disk_epipolar              nn      nn magsac630     4864.3   -686.5    243.2   7781.8    9/9        0.0
    8 band3    keynet                     ada     ada magsac630    5073.8    811.9  -1947.8   7072.1    7/9        0.1
    9 band3    imw-rdd-nn-kt0p2           internal internal lmeds630   6459.0     79.8   4239.7  10405.0    9/9        0.2
   10 band3    hessian                    ada     ada lmeds630     7439.6  -3401.5  -3665.7  10741.1    5/9        0.1
   11 band3    disk_depth                 lgm     lgm lmeds630     8004.3   1125.7  -1251.5  15124.7    5/9        0.1
   12 band3    disk_epipolar              ada     ada magsac630    8107.9   1142.4  -2511.8  18014.0    8/9        0.0
   13 band3    disk_epipolar              mnn     mnn magsac630    8736.7  -2238.6   5061.5  18573.5    9/9        0.0
   14 band3    dedode_L-C4-v2_G-C4        mnn     mnn lmeds630     8994.1   2121.8   1265.6  16377.0    7/9        0.1
   15 band3    dog_sosnet                 ada     ada magsac630    9747.9   -687.9    605.5  20176.8    9/9        0.1
   16 band3    disk_depth                 ada     ada magsac630    9909.9   6001.8   2237.8  15767.3    6/9        0.1
   17 band3    imw-liftfeat-nn-kt0p2      internal internal lmeds630  10940.3    731.1   2768.9  16914.4    7/9        0.1
   18 band3    imw-aspanformer            internal internal lmeds630  10966.4   7927.7   2621.7  20823.3    7/9        0.2
   19 band3    disk_depth                 mnn     mnn lmeds630    11146.4   1940.3   3011.1  24116.2    9/9        0.0
   20 band3    dedode_L-C4-v2_B-C4        mnn     mnn lmeds630    11267.3   2945.5   5653.4  14176.5    5/9        0.1
[Truth] best for band3: imw-minima-loftr + internal magsac630 -> /maintenance/ICIGDev/GPUPOC/output/output343/RIVAL_TRUTH_BEST_band3.csv
[Job] matched in tiles to fit the GPU: dedode_L-C4_B-upright 1664 px in 832 px tiles, dedode_L-C4_G-C4 1664 px in 832 px tiles, dedode_L-upright_G-C4 1792 px in 896 px tiles, dedode_L-C4_B-upright 1792 px in 896 px tiles, dedode_L-C4_B-C4 1792 px in 896 px tiles, dedode_L-C4_G-C4 1792 px in 896 px tiles, dedode_L-C4-v2_B-upright 1792 px in 896 px tiles, dedode_L-C4-v2_G-C4 1792 px in 896 px tiles, dedode_L-upright_G-C4 1920 px in 960 px tiles, dedode_L-C4_B-upright 1920 px in 960 px tiles, dedode_L-C4_B-C4 1920 px in 960 px tiles, dedode_L-C4_G-C4 1920 px in 960 px tiles, dedode_L-C4-v2_B-upright 1920 px in 960 px tiles, dedode_L-C4-v2_B-C4 1920 px in 960 px tiles, dedode_L-C4-v2_G-C4 1920 px in 960 px tiles, dedode_L-upright_G-C4 2048 px in 1024 px tiles, dedode_L-C4_B-upright 2048 px in 1024 px tiles, dedode_L-C4_B-C4 2048 px in 1024 px tiles, dedode_L-C4_G-C4 2048 px in 1024 px tiles, dedode_L-C4-v2_B-upright 2048 px in 1024 px tiles, dedode_L-C4-v2_B-C4 2048 px in 1024 px tiles, dedode_L-C4-v2_G-C4 2048 px in 1024 px tiles
[Job] detector + matcher performance (PERFORMANCE.csv):
  channel  detector                   matcher       s/window  chips  inliers  truth RMSE m  reached  GPU GB
  band3    imw-minima-loftr           internal          0.09     31      615        1112.0      5/9     3.5
  band3    imw-sfd2-nn-kt0p2          internal          0.06     27      344        2121.8      5/9     1.5
  band3    imw-darkfeat-nn-kt0p2      internal          0.10     24      962        2195.9      5/9     1.2
  band3    imw-minima-loftr           internal          0.16     20      365        2249.2      6/9     3.5
  band3    imw-ripe-nn-kt0p2          internal          0.11     34      734        2411.6      6/9     2.1
  band3    imw-ripe-nn-kt0p2          internal          0.19     16      529        2494.0      6/9     2.1
  band3    imw-darkfeat-nn-kt0p2      internal          0.06     46     1772        2948.6      7/9     1.2
  band3    imw-lanet-nn-kt0p2         internal          0.06     22      376        2982.6      5/9     0.8
  band3    imw-d2net-nn-kt0p2         internal          0.20     11      109        3499.5      5/9     1.2
  band3    disk_epipolar              nn                0.04     56    35307        4864.3      9/9     1.2
  band3    keynet                     ada               0.12     42      882        5073.8      7/9     1.5
  band3    imw-rdd-nn-kt0p2           internal          0.18     52     2379        6459.0      9/9     9.4
  band3    hessian                    ada               0.10     13      542        7439.6      5/9     1.2
  band3    disk_depth                 lgm               0.07     21     2115        8004.3      5/9     1.2
  band3    disk_epipolar              ada               0.04     58    10462        8107.9      8/9     1.2
  band3    disk_epipolar              mnn               0.03     29     1132        8736.7      9/9     1.2
  band3    dedode_L-C4-v2_G-C4        mnn               0.09     45     3396        8994.1      7/9     3.0
  band3    dog_sosnet                 ada               0.07     59     8123        9747.9      9/9     0.7
  band3    disk_depth                 ada               0.07     12      211        9909.9      6/9     1.2
  band3    hessian                    ada               0.07     56     9622       10518.2      8/9     0.8
  band3    imw-liftfeat-nn-kt0p2      internal          0.08     26      269       10940.3      7/9     3.3
  band3    imw-aspanformer            internal          0.22     12      145       10966.4      7/9     2.2
  band3    disk_depth                 mnn               0.03     59     3286       11146.4      9/9     1.2
  band3    dedode_L-C4-v2_B-C4        mnn               0.10     22     1282       11267.3      5/9     2.4
  band3    dedode_L-C4_G-C4           mnn               0.09     41     2185       11667.2      6/9     3.0
  band3    disk_depth                 ada               0.04     56     9560       12155.0      8/9     1.2
  band3    dog_sosnet                 mnn               0.06     51     4031       12381.8      9/9     0.7
  band3    imw-dad-roma               internal          1.24     11      143       12496.0      6/9     4.7
  band3    imw-gim-roma               internal          1.20     20    17535       12746.2      7/9     5.3
  band3    imw-minima-loftr           internal          0.26     12      241       12933.8      5/9     3.5
  band3    disk_depth                 lgm               0.05     45     2985       12974.2      7/9     1.2
  band3    disk_depth                 nn                0.04     60    41079       13051.3      8/9     1.2
  band3    imw-rdd-nn-kt0p2           internal          0.30     23      648       13659.5      7/9     9.4
  band3    imw-gim-dkm                internal          2.52     22    18318       13665.7      6/9    12.8
  band3    dedode_L-upright_B-C4      mnn               0.06     53     2439       13987.9      8/9     2.4
  band3    imw-alike-nn-kt0p2-fm1     internal          0.04     19      178       14493.7      7/9     0.7
  band3    imw-alike-nn-kt0p2         internal          0.04     19      178       14493.7      7/9     0.7
  band3    dedode_L-upright_G-C4      nn                0.10     49    42035       14703.3      9/9     3.0
  band3    dog_sosnet                 mnn               0.10     13      980       15354.5      5/9     0.7
  band3    dedode_L-C4-v2_B-upright   mnn               0.06     38     1382       15480.0      7/9     2.4
[Job] consensus pick for band3: dedode_L-C4-v2_B-upright win1536_nfauto (mean dE -27121.5 m, dN -118029.2 m, CE90 236233.8 m) -> /maintenance/ICIGDev/GPUPOC/output/output343/RIVAL_CONSENSUS_BEST_G1A_HV_G_06OCT2026_261006064217_26100603_SPLC00GTD_3_1_band3.csv
[Job] best for band3 by ground truth: imw-minima-loftr + internal magsac630 win256_nfauto (truth RMSE 1112.0 m) -> /maintenance/ICIGDev/GPUPOC/output/output343/RIVAL_BEST_G1A_HV_G_06OCT2026_261006064217_26100603_SPLC00GTD_3_1_band3.csv
[Job] done in 930.7 min; manifest /maintenance/ICIGDev/GPUPOC/output/output343/RUN_MANIFEST.csv
