Logging to /maintenance/ICIGDev/GPUPOC/output/output335/automatch.log
[Job] automatch 2026.10.05, code b17d90f9 (/maintenance/ICIGDev/GPUPOC/exe/g1a_automatch)
Using device: cuda
GPU: NVIDIA A100-SXM4-40GB
CUDA: 12.4
GPU Memory: 39.4 GB
[Job] cog: 31 sweep point(s), working resolution 315.0 m, RANSAC thresholds [630.0] m
[Job] >>> win256_nfauto: window 256 px, 1000 keypoints per window (15259 per megapixel)
================================================================================
AUTOMATCH PIPELINE
================================================================================
              kind: raster
              name: cog
              path: /maintenance/ICIGDev/GPUPOC/input/dqe/g1a/267403461/input/cog.tif
          channels: ['band1', 'band2', 'band3']
       working_crs: PROJCS["unnamed",GEOGCS["WGS 84",DATUM["WGS_1984",SPHEROID["WGS 84",6378137,298.25722293287,AUTHORITY["EPSG","7030"]],AUTHORITY["EPSG","6326"]],PRIMEM["Greenwich",0],UNIT["degree",0.0174532925199433,AUTHORITY["EPSG","9122"]],AUTHORITY["EPSG","4326"]],PROJECTION["Lambert_Conformal_Conic_2SP"],PARAMETER["latitude_of_origin",15.383741091973],PARAMETER["central_meridian",74.7795684183937],PARAMETER["standard_parallel_1",15.7612595267751],PARAMETER["standard_parallel_2",15.0140763016093],PARAMETER["false_easting",0],PARAMETER["false_northing",0],UNIT["metre",1,AUTHORITY["EPSG","9001"]],AXIS["Easting",EAST],AXIS["Northing",NORTH]]
        source_crs: PROJCS["unnamed",GEOGCS["WGS 84",DATUM["WGS_1984",SPHEROID["WGS 84",6378137,298.25722293287,AUTHORITY["EPSG","7030"]],AUTHORITY["EPSG","6326"]],PRIMEM["Greenwich",0],UNIT["degree",0.0174532925199433,AUTHORITY["EPSG","9122"]],AUTHORITY["EPSG","4326"]],PROJECTION["Lambert_Conformal_Conic_2SP"],PARAMETER["latitude_of_origin",15.383741091973],PARAMETER["central_meridian",74.7795684183937],PARAMETER["standard_parallel_1",15.7612595267751],PARAMETER["standard_parallel_2",15.0140763016093],PARAMETER["false_easting",0],PARAMETER["false_northing",0],UNIT["metre",1,AUTHORITY["EPSG","9001"]],AXIS["Easting",EAST],AXIS["Northing",NORTH]]
        native_res: 315.0
 band_descriptions: {'band1': None, 'band2': None, 'band3': None}
      channels run: ['band1']
         detectors: ['sift', 'disk', 'dedode', 'keynet', 'dog', 'gftt', 'hessian', 'loftr', 'imw-sp-lg', 'imw-aliked-lg', 'imw-sp-sg', 'imw-sp-nn', 'imw-r2d2-nn', 'imw-rord-nn', 'imw-d2net-nn', 'imw-alike-nn', 'imw-sfd2-nn', 'imw-rdd-nn', 'imw-liftfeat-nn', 'imw-ripe-nn', 'imw-darkfeat-nn', 'imw-lanet-nn', 'imw-minima-loftr', 'imw-minima-roma', 'imw-xoftr', 'imw-omniglue', 'imw-gim-roma', 'imw-gim-dkm', 'imw-eloftr', 'imw-aspanformer', 'imw-topicfm', 'imw-roma', 'imw-dkm', 'imw-dad-roma', 'imw-rdd-dense', 'imw-xfeat-lg', 'imw-xfeat-dense']
--------------------------------------------------------------------------------
Running channel: band1
[band1] footprint from valid-data-hull: 72.473, 14.524, 77.073, 16.254 (lon/lat)
[RefFetch] Searching in: /maintenance/ICIGDev/GPUPOC/input/dqe/g1a/267403461/reference/L8Ref (search buffer 20.0 km)
[REFS] index.shp: raster names from attribute 'FileName' (reader: builtin)
[REFS] index.shp: 7393 index entr(ies) name a raster not in this folder; 32 matched
[REFS] L8Ref: 32 raster(s), 32 footprint(s) from index-shp
[RefFetch] Candidate: LC81440482015045LGN00_B8.tif (index (index.shp:FileName)) - checking valid pixels...
[RefFetch] LC81440482015045LGN00_B8.tif: no valid pixels near the swath -- skipped
[RefFetch] Candidate: LC81440482016144LGN00_B8.tif (index (index.shp:FileName)) - checking valid pixels...
[RefFetch] LC81440482016144LGN00_B8.tif: no valid pixels near the swath -- skipped
[RefFetch] Candidate: LC81440482017114LGN00_B8.tif (index (index.shp:FileName)) - checking valid pixels...
[RefFetch] LC81440482017114LGN00_B8.tif: no valid pixels near the swath -- skipped
[RefFetch] Candidate: LC81440492015093LGN00_B8.tif (index (index.shp:FileName)) - checking valid pixels...
[RefFetch] OK LC81440492015093LGN00_B8.tif | NISAR area 4089.5 km2, reference area 3668.3 km2
[RefFetch] Candidate: LC81440492016288LGN00_B8.tif (index (index.shp:FileName)) - checking valid pixels...
[RefFetch] OK LC81440492016288LGN00_B8.tif | NISAR area 4231.7 km2, reference area 3812.8 km2
[RefFetch] Candidate: LC81440492017034LGN00_B8.tif (index (index.shp:FileName)) - checking valid pixels...
[RefFetch] OK LC81440492017034LGN00_B8.tif | NISAR area 4162.2 km2, reference area 3741.3 km2
[RefFetch] Candidate: LC81440502015109LGN00_B8.tif (index (index.shp:FileName)) - checking valid pixels...
[RefFetch] OK LC81440502015109LGN00_B8.tif | NISAR area 6302.9 km2, reference area 6643.0 km2
[RefFetch] Candidate: LC81440502016320LGN00_B8.tif (index (index.shp:FileName)) - checking valid pixels...
[RefFetch] OK LC81440502016320LGN00_B8.tif | NISAR area 5862.7 km2, reference area 6222.1 km2
[RefFetch] Candidate: LC81440502017034LGN00_B8.tif (index (index.shp:FileName)) - checking valid pixels...
[RefFetch] OK LC81440502017034LGN00_B8.tif | NISAR area 5764.1 km2, reference area 6125.0 km2
[RefFetch] Candidate: LC81450482015084LGN00_B8.tif (index (index.shp:FileName)) - checking valid pixels...
[RefFetch] LC81450482015084LGN00_B8.tif: no valid pixels near the swath -- skipped
[RefFetch] Candidate: LC81450482016295LGN00_B8.tif (index (index.shp:FileName)) - checking valid pixels...
[RefFetch] LC81450482016295LGN00_B8.tif: no valid pixels near the swath -- skipped
[RefFetch] Candidate: LC81450492015084LGN00_B8.tif (index (index.shp:FileName)) - checking valid pixels...
[RefFetch] OK LC81450492015084LGN00_B8.tif | NISAR area 29271.5 km2, reference area 28026.0 km2
[RefFetch] Candidate: LC81450492015116LGN00_B8.tif (index (index.shp:FileName)) - checking valid pixels...
[RefFetch] OK LC81450492015116LGN00_B8.tif | NISAR area 29893.6 km2, reference area 28218.9 km2
[RefFetch] Candidate: LC81450492016311LGN00_B8.tif (index (index.shp:FileName)) - checking valid pixels...
[RefFetch] OK LC81450492016311LGN00_B8.tif | NISAR area 29234.8 km2, reference area 28012.2 km2
[RefFetch] Candidate: LC81450502015084LGN00_B8.tif (index (index.shp:FileName)) - checking valid pixels...
[RefFetch] OK LC81450502015084LGN00_B8.tif | NISAR area 23256.7 km2, reference area 20707.3 km2
[RefFetch] Candidate: LC81450502016311LGN00_B8.tif (index (index.shp:FileName)) - checking valid pixels...
[RefFetch] OK LC81450502016311LGN00_B8.tif | NISAR area 23234.5 km2, reference area 20699.7 km2
[RefFetch] Candidate: LC81460482015043LGN00_B8.tif (index (index.shp:FileName)) - checking valid pixels...
[RefFetch] OK LC81460482015043LGN00_B8.tif | NISAR area 324.4 km2, reference area 214.7 km2
[RefFetch] Candidate: LC81460482016318LGN00_B8.tif (index (index.shp:FileName)) - checking valid pixels...
[RefFetch] OK LC81460482016318LGN00_B8.tif | NISAR area 325.4 km2, reference area 215.4 km2
[RefFetch] Candidate: LC81460492015043LGN00_B8.tif (index (index.shp:FileName)) - checking valid pixels...
[RefFetch] OK LC81460492015043LGN00_B8.tif | NISAR area 35318.2 km2, reference area 29411.8 km2
[RefFetch] Candidate: LC81460492016318LGN00_B8.tif (index (index.shp:FileName)) - checking valid pixels...
[RefFetch] OK LC81460492016318LGN00_B8.tif | NISAR area 35310.2 km2, reference area 29402.7 km2
[RefFetch] Candidate: LC81460502015043LGN00_B8.tif (index (index.shp:FileName)) - checking valid pixels...
[RefFetch] OK LC81460502015043LGN00_B8.tif | NISAR area 23860.1 km2, reference area 19948.7 km2
[RefFetch] Candidate: LC81460502016318LGN00_B8.tif (index (index.shp:FileName)) - checking valid pixels...
[RefFetch] OK LC81460502016318LGN00_B8.tif | NISAR area 23856.6 km2, reference area 19949.1 km2
[RefFetch] Candidate: LC81470482015018LGN00_B8.tif (index (index.shp:FileName)) - checking valid pixels...
[RefFetch] OK LC81470482015018LGN00_B8.tif | NISAR area 644.5 km2, reference area 456.1 km2
[RefFetch] Candidate: LC81470482015066LGN00_B8.tif (index (index.shp:FileName)) - checking valid pixels...
[RefFetch] OK LC81470482015066LGN00_B8.tif | NISAR area 642.8 km2, reference area 457.0 km2
[RefFetch] Candidate: LC81470482015098LGN00_B8.tif (index (index.shp:FileName)) - checking valid pixels...
[RefFetch] OK LC81470482015098LGN00_B8.tif | NISAR area 640.1 km2, reference area 456.1 km2
[RefFetch] Candidate: LC81470482016309LGN00_B8.tif (index (index.shp:FileName)) - checking valid pixels...
[RefFetch] OK LC81470482016309LGN00_B8.tif | NISAR area 639.4 km2, reference area 454.0 km2
[RefFetch] Candidate: LC81470492015034LGN00_B8.tif (index (index.shp:FileName)) - checking valid pixels...
[RefFetch] OK LC81470492015034LGN00_B8.tif | NISAR area 30983.2 km2, reference area 29953.8 km2
[RefFetch] Candidate: LC81470492015066LGN00_B8.tif (index (index.shp:FileName)) - checking valid pixels...
[RefFetch] OK LC81470492015066LGN00_B8.tif | NISAR area 30971.5 km2, reference area 29953.0 km2
[RefFetch] Candidate: LC81470492015098LGN00_B8.tif (index (index.shp:FileName)) - checking valid pixels...
[RefFetch] OK LC81470492015098LGN00_B8.tif | NISAR area 30982.3 km2, reference area 29954.8 km2
[RefFetch] Candidate: LC81470492016309LGN00_B8.tif (index (index.shp:FileName)) - checking valid pixels...
[RefFetch] OK LC81470492016309LGN00_B8.tif | NISAR area 30996.3 km2, reference area 29950.0 km2
[RefFetch] Candidate: LC81470502016309LGN00_B8.tif (index (index.shp:FileName)) - checking valid pixels...
[RefFetch] OK LC81470502016309LGN00_B8.tif | NISAR area 17201.7 km2, reference area 17458.9 km2
[RefFetch] Candidate: LC81470502017023LGN00_B8.tif (index (index.shp:FileName)) - checking valid pixels...
[RefFetch] OK LC81470502017023LGN00_B8.tif | NISAR area 17220.4 km2, reference area 17478.5 km2
[RefFetch] Total confirmed: 27 references (of 32 in the index-shp catalog)
[Preprocessor] cog band1: 1565x603, res=315.00, nodata=0.0, ref=L8Ref
[Preprocessor] Pair 1: metadata saved -> /maintenance/ICIGDev/GPUPOC/output/output335/_cache/cog/raster/band1_toL8Ref/pair001_meta.json
[Memory] Pair 1 done, cache cleared
[Preprocessor] Pair 2: metadata saved -> /maintenance/ICIGDev/GPUPOC/output/output335/_cache/cog/raster/band1_toL8Ref/pair002_meta.json
[Memory] Pair 2 done, cache cleared
[Preprocessor] Pair 3: metadata saved -> /maintenance/ICIGDev/GPUPOC/output/output335/_cache/cog/raster/band1_toL8Ref/pair003_meta.json
[Memory] Pair 3 done, cache cleared
[Preprocessor] Pair 4: metadata saved -> /maintenance/ICIGDev/GPUPOC/output/output335/_cache/cog/raster/band1_toL8Ref/pair004_meta.json
[Memory] Pair 4 done, cache cleared
[Preprocessor] Pair 5: metadata saved -> /maintenance/ICIGDev/GPUPOC/output/output335/_cache/cog/raster/band1_toL8Ref/pair005_meta.json
[Memory] Pair 5 done, cache cleared
[Preprocessor] Pair 6: metadata saved -> /maintenance/ICIGDev/GPUPOC/output/output335/_cache/cog/raster/band1_toL8Ref/pair006_meta.json
[Memory] Pair 6 done, cache cleared
[Preprocessor] Pair 7: metadata saved -> /maintenance/ICIGDev/GPUPOC/output/output335/_cache/cog/raster/band1_toL8Ref/pair007_meta.json
[Memory] Pair 7 done, cache cleared
[Preprocessor] Pair 8: metadata saved -> /maintenance/ICIGDev/GPUPOC/output/output335/_cache/cog/raster/band1_toL8Ref/pair008_meta.json
[Memory] Pair 8 done, cache cleared
[Preprocessor] Pair 9: metadata saved -> /maintenance/ICIGDev/GPUPOC/output/output335/_cache/cog/raster/band1_toL8Ref/pair009_meta.json
[Memory] Pair 9 done, cache cleared
[Preprocessor] Pair 10: metadata saved -> /maintenance/ICIGDev/GPUPOC/output/output335/_cache/cog/raster/band1_toL8Ref/pair010_meta.json
[Memory] Pair 10 done, cache cleared
[Preprocessor] Pair 11: metadata saved -> /maintenance/ICIGDev/GPUPOC/output/output335/_cache/cog/raster/band1_toL8Ref/pair011_meta.json
[Memory] Pair 11 done, cache cleared
[Preprocessor] Pair 12: metadata saved -> /maintenance/ICIGDev/GPUPOC/output/output335/_cache/cog/raster/band1_toL8Ref/pair012_meta.json
[Memory] Pair 12 done, cache cleared
[Preprocessor] Pair 13: metadata saved -> /maintenance/ICIGDev/GPUPOC/output/output335/_cache/cog/raster/band1_toL8Ref/pair013_meta.json
[Memory] Pair 13 done, cache cleared
[Preprocessor] Pair 14: metadata saved -> /maintenance/ICIGDev/GPUPOC/output/output335/_cache/cog/raster/band1_toL8Ref/pair014_meta.json
[Memory] Pair 14 done, cache cleared
[Preprocessor] Pair 15: metadata saved -> /maintenance/ICIGDev/GPUPOC/output/output335/_cache/cog/raster/band1_toL8Ref/pair015_meta.json
[Memory] Pair 15 done, cache cleared
[Preprocessor] Pair 16: metadata saved -> /maintenance/ICIGDev/GPUPOC/output/output335/_cache/cog/raster/band1_toL8Ref/pair016_meta.json
[Memory] Pair 16 done, cache cleared
[Preprocessor] Pair 17: metadata saved -> /maintenance/ICIGDev/GPUPOC/output/output335/_cache/cog/raster/band1_toL8Ref/pair017_meta.json
[Memory] Pair 17 done, cache cleared
[Preprocessor] Pair 18: metadata saved -> /maintenance/ICIGDev/GPUPOC/output/output335/_cache/cog/raster/band1_toL8Ref/pair018_meta.json
[Memory] Pair 18 done, cache cleared
[Preprocessor] Pair 19: metadata saved -> /maintenance/ICIGDev/GPUPOC/output/output335/_cache/cog/raster/band1_toL8Ref/pair019_meta.json
[Memory] Pair 19 done, cache cleared
[Preprocessor] Pair 20: metadata saved -> /maintenance/ICIGDev/GPUPOC/output/output335/_cache/cog/raster/band1_toL8Ref/pair020_meta.json
[Memory] Pair 20 done, cache cleared
[Preprocessor] Pair 21: metadata saved -> /maintenance/ICIGDev/GPUPOC/output/output335/_cache/cog/raster/band1_toL8Ref/pair021_meta.json
[Memory] Pair 21 done, cache cleared
[Preprocessor] Pair 22: metadata saved -> /maintenance/ICIGDev/GPUPOC/output/output335/_cache/cog/raster/band1_toL8Ref/pair022_meta.json
[Memory] Pair 22 done, cache cleared
[Preprocessor] Pair 23: metadata saved -> /maintenance/ICIGDev/GPUPOC/output/output335/_cache/cog/raster/band1_toL8Ref/pair023_meta.json
[Memory] Pair 23 done, cache cleared
[Preprocessor] Pair 24: metadata saved -> /maintenance/ICIGDev/GPUPOC/output/output335/_cache/cog/raster/band1_toL8Ref/pair024_meta.json
[Memory] Pair 24 done, cache cleared
[Preprocessor] Pair 25: metadata saved -> /maintenance/ICIGDev/GPUPOC/output/output335/_cache/cog/raster/band1_toL8Ref/pair025_meta.json
[Memory] Pair 25 done, cache cleared
[Preprocessor] Pair 26: metadata saved -> /maintenance/ICIGDev/GPUPOC/output/output335/_cache/cog/raster/band1_toL8Ref/pair026_meta.json
[Memory] Pair 26 done, cache cleared
[Preprocessor] Pair 27: metadata saved -> /maintenance/ICIGDev/GPUPOC/output/output335/_cache/cog/raster/band1_toL8Ref/pair027_meta.json
[Memory] Pair 27 done, cache cleared
--------------------------------------------------------------------------------
[band1] Running sift
SIFT: Initializing (rootsift=True, upright=True)...
sift: Initializing LightGlue {'filter_threshold': 0.1, 'depth_confidence': 0.95, 'width_confidence': 0.99}...
Loaded LightGlue model
[Coarse] pair 3: no reliable coarse offset (matcher: {'dx': -18526.234375, 'dy': -580.8671875, 'support': 2, 'n': 3, 'peak': None}; phasecorr: {'dx': -16147.443677524008, 'dy': -26751.975000537102, 'support': None, 'n': None, 'peak': 0.00032880983234923565}); windows compared in place
[Coarse] pair 4: no reliable coarse offset (matcher: no matches; phasecorr: {'dx': 12882.472481301173, 'dy': 92621.70938170607, 'support': None, 'n': None, 'peak': -0.00012715039429841217}); windows compared in place
[Coarse] pair 5: no reliable coarse offset (matcher: no matches; phasecorr: {'dx': 3156.3479216096807, 'dy': 18300.67805989782, 'support': None, 'n': None, 'peak': 0.020832994549224774}); windows compared in place
[Coarse] pair 6: no reliable coarse offset (matcher: no matches; phasecorr: {'dx': -15852.800158210905, 'dy': 18737.59796077822, 'support': None, 'n': None, 'peak': -0.0027571213742097218}); windows compared in place
[Coarse] pair 7: no reliable coarse offset (matcher: no matches; phasecorr: {'dx': -17660.72648465004, 'dy': -478.5174601560547, 'support': None, 'n': None, 'peak': 0.0218074359204816}); windows compared in place
[Coarse] pair 8: no reliable coarse offset (matcher: no matches; phasecorr: {'dx': -18002.059573769864, 'dy': -489.60497923140906, 'support': None, 'n': None, 'peak': 0.011968647486368816}); windows compared in place
[Coarse] pair 11: no reliable coarse offset (matcher: no matches; phasecorr: {'dx': -18107.733154651494, 'dy': -332.5590928480355, 'support': None, 'n': None, 'peak': 0.020898853179031604}); windows compared in place
[Coarse] pair 20: no reliable coarse offset (matcher: no matches; phasecorr: {'dx': -28903.23193639674, 'dy': -12953.216285335406, 'support': None, 'n': None, 'peak': 0.008737401829825507}); windows compared in place
[Coarse] pair 26: no reliable coarse offset (matcher: no matches; phasecorr: {'dx': -96306.08142606622, 'dy': -17142.367293993742, 'support': None, 'n': None, 'peak': 0.02253384519977334}); windows compared in place
[Coarse] pair 2: phase correlation gave dE=-8934 m dN=5487 m, 10.3 km from every offset the matcher measured; using pair 16's (dE=-18005 m dN=-145 m)
[Coarse] pair 10: phase correlation gave dE=43169 m dN=-4147 m, 60.9 km from every offset the matcher measured; using pair 16's (dE=-18005 m dN=-145 m)
[Coarse] pair 12: phase correlation gave dE=-1877 m dN=10017 m, 18.7 km from every offset the matcher measured; using pair 16's (dE=-18005 m dN=-145 m)
[Coarse] pair 13: phase correlation gave dE=7584 m dN=8567 m, 26.7 km from every offset the matcher measured; using pair 16's (dE=-18005 m dN=-145 m)
[Coarse] pair 18: phase correlation gave dE=744 m dN=-16615 m, 24.6 km from every offset the matcher measured; using pair 25's (dE=-17640 m dN=-315 m)
[Coarse] pair 19: phase correlation gave dE=11920 m dN=-17918 m, 34.4 km from every offset the matcher measured; using pair 25's (dE=-17640 m dN=-315 m)
[Coarse] pair 21: phase correlation gave dE=-11414 m dN=-17047 m, 17.9 km from every offset the matcher measured; using pair 25's (dE=-17640 m dN=-315 m)
[Coarse] pair 27: phase correlation gave dE=-97898 m dN=-6012 m, 80.1 km from every offset the matcher measured; using pair 23's (dE=-17938 m dN=-315 m)
[Coarse] sift pair 1: dE=-18062.2 m dN=-904.8 m (phasecorr@315m, support=None, peak=0.03257782713572184) 
sift: Processing pair 1 from disk...
sift: 9 match-sets in 1.49s
[Coarse] sift pair 2: dE=-18004.7 m dN=-144.6 m (from-pair-16 (phasecorr disagreed), support=None, peak=0.03413578109976686) 
sift: Processing pair 2 from disk...
sift: 10 match-sets in 1.44s
[Coarse] sift pair 3: dE=-18062.2 m dN=-904.8 m (from-pair-1, support=None, peak=None) 
sift: Processing pair 3 from disk...
sift: 10 match-sets in 1.32s
[Coarse] sift pair 4: dE=-18004.7 m dN=-144.6 m (from-pair-2, support=None, peak=None) 
sift: Processing pair 4 from disk...
sift: 9 match-sets in 1.59s
[Coarse] sift pair 5: dE=-18004.7 m dN=-144.6 m (from-pair-2, support=None, peak=None) 
sift: Processing pair 5 from disk...
sift: 11 match-sets in 1.58s
[Coarse] sift pair 6: dE=-18004.7 m dN=-144.6 m (from-pair-2, support=None, peak=None) 
sift: Processing pair 6 from disk...
sift: 8 match-sets in 1.47s
[Coarse] sift pair 7: dE=-17790.5 m dN=-428.0 m (from-pair-9, support=None, peak=None) 
sift: Processing pair 7 from disk...
sift: 31 match-sets in 4.10s
[Coarse] sift pair 8: dE=-17790.5 m dN=-428.0 m (from-pair-9, support=None, peak=None) 
sift: Processing pair 8 from disk...
sift: 28 match-sets in 3.23s
[Coarse] sift pair 9: dE=-17790.5 m dN=-428.0 m (phasecorr@315m, support=None, peak=0.031066529352914596) 
sift: Processing pair 9 from disk...
sift: 29 match-sets in 4.06s
[Coarse] sift pair 10: dE=-18004.7 m dN=-144.6 m (from-pair-16 (phasecorr disagreed), support=None, peak=0.04791493653487985) 
sift: Processing pair 10 from disk...
sift: 25 match-sets in 4.21s
[Coarse] sift pair 11: dE=-18004.7 m dN=-144.6 m (from-pair-10, support=None, peak=None) 
sift: Processing pair 11 from disk...
sift: 26 match-sets in 3.01s
[Coarse] sift pair 12: dE=-18004.7 m dN=-144.6 m (from-pair-16 (phasecorr disagreed), support=None, peak=0.1047012765466431) 
sift: Processing pair 12 from disk...
sift: 0 match-sets in 0.00s
[Coarse] sift pair 13: dE=-18004.7 m dN=-144.6 m (from-pair-16 (phasecorr disagreed), support=None, peak=0.09384612739086151) 
sift: Processing pair 13 from disk...
sift: 0 match-sets in 0.00s
[Coarse] sift pair 14: dE=-18039.9 m dN=-308.2 m (phasecorr@315m, support=None, peak=0.04961982255158601) 
sift: Processing pair 14 from disk...
sift: 33 match-sets in 3.86s
[Coarse] sift pair 15: dE=-18033.6 m dN=-269.1 m (phasecorr@315m, support=None, peak=0.0587093012491862) 
sift: Processing pair 15 from disk...
sift: 33 match-sets in 3.29s
[Coarse] sift pair 16: dE=-18004.7 m dN=-144.6 m (matcher@315m, support=26, peak=None) 
sift: Processing pair 16 from disk...
sift: 37 match-sets in 3.45s
[Coarse] sift pair 17: dE=-17955.0 m dN=-315.0 m (matcher@315m, support=24, peak=None) 
sift: Processing pair 17 from disk...
sift: 35 match-sets in 2.90s
[Coarse] sift pair 18: dE=-17640.0 m dN=-315.0 m (from-pair-25 (phasecorr disagreed), support=None, peak=0.06863816733713503) 
sift: Processing pair 18 from disk...
sift: 0 match-sets in 0.00s
[Coarse] sift pair 19: dE=-17640.0 m dN=-315.0 m (from-pair-25 (phasecorr disagreed), support=None, peak=0.15104582491848204) 
sift: Processing pair 19 from disk...
sift: 0 match-sets in 0.00s
[Coarse] sift pair 20: dE=-17640.0 m dN=-315.0 m (from-pair-19, support=None, peak=None) 
sift: Processing pair 20 from disk...
sift: 0 match-sets in 0.00s
[Coarse] sift pair 21: dE=-17640.0 m dN=-315.0 m (from-pair-25 (phasecorr disagreed), support=None, peak=0.036990950946454645) 
sift: Processing pair 21 from disk...
sift: 0 match-sets in 0.00s
[Coarse] sift pair 22: dE=-17689.2 m dN=-17.0 m (matcher@315m, support=10, peak=None) 
sift: Processing pair 22 from disk...
sift: 28 match-sets in 2.74s
[Coarse] sift pair 23: dE=-17938.4 m dN=-315.0 m (matcher@315m, support=9, peak=None) 
sift: Processing pair 23 from disk...
sift: 22 match-sets in 1.96s
[Coarse] sift pair 24: dE=-17928.8 m dN=-415.6 m (phasecorr@315m, support=None, peak=0.035175936365127565) 
sift: Processing pair 24 from disk...
sift: 29 match-sets in 2.34s
[Coarse] sift pair 25: dE=-17640.0 m dN=-315.0 m (matcher@315m, support=15, peak=None) 
sift: Processing pair 25 from disk...
sift: 26 match-sets in 2.16s
[Coarse] sift pair 26: dE=-17938.4 m dN=-315.0 m (from-pair-27, support=None, peak=None) 
sift: Processing pair 26 from disk...
sift: 9 match-sets in 1.23s
[Coarse] sift pair 27: dE=-17938.4 m dN=-315.0 m (from-pair-23 (phasecorr disagreed), support=None, peak=0.05064041456057702) 
sift: Processing pair 27 from disk...
sift: 10 match-sets in 1.03s
Saved:
 CHIP_STATS_ALL.csv
 CHIP_STATS_SURVIVORS.csv
 CONSENSUS_SCORES.csv
 BEST_CHIP_SET.csv
 BEST_CHIP_MANIFEST.csv
 BEST_FINAL_SUMMARY.csv
[band1] sift ok in 1.3 min, peak GPU memory 1.7 of 39.4 GB
--------------------------------------------------------------------------------
[band1] Running disk_depth
DISK: Loading depth model...
disk: Initializing LightGlue {'filter_threshold': 0.1, 'depth_confidence': 0.95, 'width_confidence': 0.99}...
Loaded LightGlue model
[Coarse] pair 3: no reliable coarse offset (matcher: no matches; phasecorr: {'dx': -16147.443677524008, 'dy': -26751.975000537102, 'support': None, 'n': None, 'peak': 0.00032880983234923565}); windows compared in place
[Coarse] pair 4: no reliable coarse offset (matcher: {'dx': -18112.5, 'dy': -315.0, 'support': 4, 'n': 4, 'peak': None}; phasecorr: {'dx': 12882.472481301173, 'dy': 92621.70938170607, 'support': None, 'n': None, 'peak': -0.00012715039429841217}); windows compared in place
[Coarse] pair 5: no reliable coarse offset (matcher: {'dx': -17797.5, 'dy': -315.0, 'support': 4, 'n': 4, 'peak': None}; phasecorr: {'dx': 3156.3479216096807, 'dy': 18300.67805989782, 'support': None, 'n': None, 'peak': 0.020832994549224774}); windows compared in place
[Coarse] pair 6: no reliable coarse offset (matcher: no matches; phasecorr: {'dx': -15852.800158210905, 'dy': 18737.59796077822, 'support': None, 'n': None, 'peak': -0.0027571213742097218}); windows compared in place
[Coarse] pair 7: no reliable coarse offset (matcher: no matches; phasecorr: {'dx': -17660.72648465004, 'dy': -478.5174601560547, 'support': None, 'n': None, 'peak': 0.0218074359204816}); windows compared in place
[Coarse] pair 8: no reliable coarse offset (matcher: {'dx': -17640.0, 'dy': -315.0, 'support': 3, 'n': 3, 'peak': None}; phasecorr: {'dx': -18002.059573769864, 'dy': -489.60497923140906, 'support': None, 'n': None, 'peak': 0.011968647486368816}); windows compared in place
[Coarse] pair 11: no reliable coarse offset (matcher: no matches; phasecorr: {'dx': -18107.733154651494, 'dy': -332.5590928480355, 'support': None, 'n': None, 'peak': 0.020898853179031604}); windows compared in place
[Coarse] pair 20: no reliable coarse offset (matcher: no matches; phasecorr: {'dx': -28903.23193639674, 'dy': -12953.216285335406, 'support': None, 'n': None, 'peak': 0.008737401829825507}); windows compared in place
[Coarse] pair 26: no reliable coarse offset (matcher: no matches; phasecorr: {'dx': -96306.08142606622, 'dy': -17142.367293993742, 'support': None, 'n': None, 'peak': 0.02253384519977334}); windows compared in place
[Coarse] pair 2: phase correlation gave dE=-8934 m dN=5487 m, 10.5 km from every offset the matcher measured; using pair 1's (dE=-17955 m dN=-630 m)
[Coarse] pair 10: phase correlation gave dE=43169 m dN=-4147 m, 60.9 km from every offset the matcher measured; using pair 1's (dE=-17955 m dN=-630 m)
[Coarse] pair 12: phase correlation gave dE=-1877 m dN=10017 m, 18.8 km from every offset the matcher measured; using pair 14's (dE=-17955 m dN=-315 m)
[Coarse] pair 13: phase correlation gave dE=7584 m dN=8567 m, 26.7 km from every offset the matcher measured; using pair 14's (dE=-17955 m dN=-315 m)
[Coarse] pair 18: phase correlation gave dE=744 m dN=-16615 m, 24.6 km from every offset the matcher measured; using pair 25's (dE=-17955 m dN=-315 m)
[Coarse] pair 19: phase correlation gave dE=11920 m dN=-17918 m, 34.4 km from every offset the matcher measured; using pair 25's (dE=-17955 m dN=-315 m)
[Coarse] pair 21: phase correlation gave dE=-11414 m dN=-17047 m, 17.7 km from every offset the matcher measured; using pair 25's (dE=-17955 m dN=-315 m)
[Coarse] pair 27: phase correlation gave dE=-97898 m dN=-6012 m, 80.1 km from every offset the matcher measured; using pair 23's (dE=-17640 m dN=-315 m)
[Coarse] disk_depth pair 1: dE=-17955.0 m dN=-630.0 m (matcher@315m, support=22, peak=None) 
disk_depth: Processing pair 1 from disk...
disk_depth: 13 match-sets in 0.78s
[Coarse] disk_depth pair 2: dE=-17955.0 m dN=-630.0 m (from-pair-1 (phasecorr disagreed), support=None, peak=0.03413578109976686) 
disk_depth: Processing pair 2 from disk...
disk_depth: 11 match-sets in 0.60s
[Coarse] disk_depth pair 3: dE=-17955.0 m dN=-630.0 m (from-pair-1, support=None, peak=None) 
disk_depth: Processing pair 3 from disk...
disk_depth: 9 match-sets in 0.42s
[Coarse] disk_depth pair 4: dE=-17955.0 m dN=-630.0 m (from-pair-2, support=None, peak=None) 
disk_depth: Processing pair 4 from disk...
disk_depth: 12 match-sets in 0.82s
[Coarse] disk_depth pair 5: dE=-17955.0 m dN=-630.0 m (from-pair-2, support=None, peak=None) 
disk_depth: Processing pair 5 from disk...
disk_depth: 11 match-sets in 0.80s
[Coarse] disk_depth pair 6: dE=-17955.0 m dN=-630.0 m (from-pair-2, support=None, peak=None) 
disk_depth: Processing pair 6 from disk...
disk_depth: 9 match-sets in 0.47s
[Coarse] disk_depth pair 7: dE=-17790.5 m dN=-428.0 m (from-pair-9, support=None, peak=None) 
disk_depth: Processing pair 7 from disk...
disk_depth: 37 match-sets in 2.17s
[Coarse] disk_depth pair 8: dE=-17790.5 m dN=-428.0 m (from-pair-9, support=None, peak=None) 
disk_depth: Processing pair 8 from disk...
disk_depth: 30 match-sets in 1.72s
[Coarse] disk_depth pair 9: dE=-17790.5 m dN=-428.0 m (phasecorr@315m, support=None, peak=0.031066529352914596) 
disk_depth: Processing pair 9 from disk...
disk_depth: 35 match-sets in 1.97s
[Coarse] disk_depth pair 10: dE=-17955.0 m dN=-630.0 m (from-pair-1 (phasecorr disagreed), support=None, peak=0.04791493653487985) 
disk_depth: Processing pair 10 from disk...
disk_depth: 25 match-sets in 2.02s
[Coarse] disk_depth pair 11: dE=-17955.0 m dN=-630.0 m (from-pair-10, support=None, peak=None) 
disk_depth: Processing pair 11 from disk...
disk_depth: 32 match-sets in 1.47s
[Coarse] disk_depth pair 12: dE=-17955.0 m dN=-315.0 m (from-pair-14 (phasecorr disagreed), support=None, peak=0.1047012765466431) 
disk_depth: Processing pair 12 from disk...
disk_depth: 0 match-sets in 0.00s
[Coarse] disk_depth pair 13: dE=-17955.0 m dN=-315.0 m (from-pair-14 (phasecorr disagreed), support=None, peak=0.09384612739086151) 
disk_depth: Processing pair 13 from disk...
disk_depth: 0 match-sets in 0.00s
[Coarse] disk_depth pair 14: dE=-17955.0 m dN=-315.0 m (matcher@315m, support=18, peak=None) 
disk_depth: Processing pair 14 from disk...
disk_depth: 39 match-sets in 1.97s
[Coarse] disk_depth pair 15: dE=-17955.0 m dN=-315.0 m (matcher@315m, support=19, peak=None) 
disk_depth: Processing pair 15 from disk...
disk_depth: 38 match-sets in 1.70s
[Coarse] disk_depth pair 16: dE=-17955.0 m dN=-315.0 m (matcher@315m, support=64, peak=None) 
disk_depth: Processing pair 16 from disk...
disk_depth: 36 match-sets in 1.80s
[Coarse] disk_depth pair 17: dE=-17955.0 m dN=-315.0 m (matcher@315m, support=76, peak=None) 
disk_depth: Processing pair 17 from disk...
disk_depth: 36 match-sets in 1.56s
[Coarse] disk_depth pair 18: dE=-17955.0 m dN=-315.0 m (from-pair-25 (phasecorr disagreed), support=None, peak=0.06863816733713503) 
disk_depth: Processing pair 18 from disk...
disk_depth: 0 match-sets in 0.00s
[Coarse] disk_depth pair 19: dE=-17955.0 m dN=-315.0 m (from-pair-25 (phasecorr disagreed), support=None, peak=0.15104582491848204) 
disk_depth: Processing pair 19 from disk...
disk_depth: 0 match-sets in 0.00s
[Coarse] disk_depth pair 20: dE=-17955.0 m dN=-315.0 m (from-pair-19, support=None, peak=None) 
disk_depth: Processing pair 20 from disk...
disk_depth: 0 match-sets in 0.00s
[Coarse] disk_depth pair 21: dE=-17955.0 m dN=-315.0 m (from-pair-25 (phasecorr disagreed), support=None, peak=0.036990950946454645) 
disk_depth: Processing pair 21 from disk...
disk_depth: 0 match-sets in 0.00s
[Coarse] disk_depth pair 22: dE=-17640.0 m dN=-315.0 m (matcher@315m, support=24, peak=None) 
disk_depth: Processing pair 22 from disk...
disk_depth: 28 match-sets in 1.29s
[Coarse] disk_depth pair 23: dE=-17640.0 m dN=-315.0 m (matcher@315m, support=27, peak=None) 
disk_depth: Processing pair 23 from disk...
disk_depth: 29 match-sets in 1.09s
[Coarse] disk_depth pair 24: dE=-17955.0 m dN=0.0 m (matcher@315m, support=36, peak=None) 
disk_depth: Processing pair 24 from disk...
disk_depth: 29 match-sets in 1.10s
[Coarse] disk_depth pair 25: dE=-17955.0 m dN=-315.0 m (matcher@315m, support=30, peak=None) 
disk_depth: Processing pair 25 from disk...
disk_depth: 27 match-sets in 1.11s
[Coarse] disk_depth pair 26: dE=-17640.0 m dN=-315.0 m (from-pair-27, support=None, peak=None) 
disk_depth: Processing pair 26 from disk...
disk_depth: 8 match-sets in 0.83s
[Coarse] disk_depth pair 27: dE=-17640.0 m dN=-315.0 m (from-pair-23 (phasecorr disagreed), support=None, peak=0.05064041456057702) 
disk_depth: Processing pair 27 from disk...
disk_depth: 9 match-sets in 0.66s
Saved:
 CHIP_STATS_ALL.csv
 CHIP_STATS_SURVIVORS.csv
 CONSENSUS_SCORES.csv
 BEST_CHIP_SET.csv
 BEST_CHIP_MANIFEST.csv
 BEST_FINAL_SUMMARY.csv
[band1] disk_depth ok in 0.7 min, peak GPU memory 12.9 of 39.4 GB
--------------------------------------------------------------------------------
[band1] Running disk_epipolar
DISK: Loading epipolar model...
disk: Initializing LightGlue {'filter_threshold': 0.1, 'depth_confidence': 0.95, 'width_confidence': 0.99}...
Loaded LightGlue model
[Coarse] pair 3: no reliable coarse offset (matcher: {'dx': -18270.0, 'dy': -630.0, 'support': 5, 'n': 5, 'peak': None}; phasecorr: {'dx': -16147.443677524008, 'dy': -26751.975000537102, 'support': None, 'n': None, 'peak': 0.00032880983234923565}); windows compared in place
[Coarse] pair 6: no reliable coarse offset (matcher: {'dx': -18585.0, 'dy': -315.0, 'support': 3, 'n': 3, 'peak': None}; phasecorr: {'dx': -15852.800158210905, 'dy': 18737.59796077822, 'support': None, 'n': None, 'peak': -0.0027571213742097218}); windows compared in place
[Coarse] pair 7: no reliable coarse offset (matcher: {'dx': -17955.0, 'dy': -472.5, 'support': 6, 'n': 6, 'peak': None}; phasecorr: {'dx': -17660.72648465004, 'dy': -478.5174601560547, 'support': None, 'n': None, 'peak': 0.0218074359204816}); windows compared in place
[Coarse] pair 8: no reliable coarse offset (matcher: {'dx': -17955.0, 'dy': -787.5, 'support': 2, 'n': 3, 'peak': None}; phasecorr: {'dx': -18002.059573769864, 'dy': -489.60497923140906, 'support': None, 'n': None, 'peak': 0.011968647486368816}); windows compared in place
[Coarse] pair 11: no reliable coarse offset (matcher: {'dx': -18427.5, 'dy': -157.5, 'support': 4, 'n': 4, 'peak': None}; phasecorr: {'dx': -18107.733154651494, 'dy': -332.5590928480355, 'support': None, 'n': None, 'peak': 0.020898853179031604}); windows compared in place
[Coarse] pair 20: no reliable coarse offset (matcher: no matches; phasecorr: {'dx': -28903.23193639674, 'dy': -12953.216285335406, 'support': None, 'n': None, 'peak': 0.008737401829825507}); windows compared in place
[Coarse] pair 26: no reliable coarse offset (matcher: no matches; phasecorr: {'dx': -96306.08142606622, 'dy': -17142.367293993742, 'support': None, 'n': None, 'peak': 0.02253384519977334}); windows compared in place
[Coarse] pair 10: phase correlation gave dE=43169 m dN=-4147 m, 60.9 km from every offset the matcher measured; using pair 4's (dE=-18112 m dN=-630 m)
[Coarse] pair 12: phase correlation gave dE=-1877 m dN=10017 m, 18.8 km from every offset the matcher measured; using pair 14's (dE=-17955 m dN=-315 m)
[Coarse] pair 13: phase correlation gave dE=7584 m dN=8567 m, 26.7 km from every offset the matcher measured; using pair 14's (dE=-17955 m dN=-315 m)
[Coarse] pair 18: phase correlation gave dE=744 m dN=-16615 m, 24.6 km from every offset the matcher measured; using pair 25's (dE=-17640 m dN=-315 m)
[Coarse] pair 19: phase correlation gave dE=11920 m dN=-17918 m, 34.4 km from every offset the matcher measured; using pair 25's (dE=-17640 m dN=-315 m)
[Coarse] pair 21: phase correlation gave dE=-11414 m dN=-17047 m, 17.7 km from every offset the matcher measured; using pair 25's (dE=-17640 m dN=-315 m)
[Coarse] pair 27: phase correlation gave dE=-97898 m dN=-6012 m, 80.0 km from every offset the matcher measured; using pair 23's (dE=-17640 m dN=-315 m)
[Coarse] disk_epipolar pair 1: dE=-17955.0 m dN=-630.0 m (matcher@315m, support=37, peak=None) 
disk_epipolar: Processing pair 1 from disk...
disk_epipolar: 13 match-sets in 0.37s
[Coarse] disk_epipolar pair 2: dE=-17955.0 m dN=-630.0 m (matcher@315m, support=15, peak=None) 
disk_epipolar: Processing pair 2 from disk...
disk_epipolar: 13 match-sets in 0.37s
[Coarse] disk_epipolar pair 3: dE=-17955.0 m dN=-630.0 m (from-pair-1, support=None, peak=None) 
disk_epipolar: Processing pair 3 from disk...
disk_epipolar: 10 match-sets in 0.36s
[Coarse] disk_epipolar pair 4: dE=-18112.5 m dN=-630.0 m (matcher@315m, support=18, peak=None) 
disk_epipolar: Processing pair 4 from disk...
disk_epipolar: 12 match-sets in 0.52s
[Coarse] disk_epipolar pair 5: dE=-18112.5 m dN=-472.5 m (matcher@315m, support=10, peak=None) 
disk_epipolar: Processing pair 5 from disk...
disk_epipolar: 11 match-sets in 0.46s
[Coarse] disk_epipolar pair 6: dE=-18112.5 m dN=-472.5 m (from-pair-5, support=None, peak=None) 
disk_epipolar: Processing pair 6 from disk...
disk_epipolar: 9 match-sets in 0.45s
[Coarse] disk_epipolar pair 7: dE=-17790.5 m dN=-428.0 m (from-pair-9, support=None, peak=None) 
disk_epipolar: Processing pair 7 from disk...
disk_epipolar: 35 match-sets in 1.48s
[Coarse] disk_epipolar pair 8: dE=-17790.5 m dN=-428.0 m (from-pair-9, support=None, peak=None) 
disk_epipolar: Processing pair 8 from disk...
disk_epipolar: 32 match-sets in 1.52s
[Coarse] disk_epipolar pair 9: dE=-17790.5 m dN=-428.0 m (phasecorr@315m, support=None, peak=0.031066529352914596) 
disk_epipolar: Processing pair 9 from disk...
disk_epipolar: 37 match-sets in 1.47s
[Coarse] disk_epipolar pair 10: dE=-18112.5 m dN=-630.0 m (from-pair-4 (phasecorr disagreed), support=None, peak=0.04791493653487985) 
disk_epipolar: Processing pair 10 from disk...
disk_epipolar: 27 match-sets in 1.42s
[Coarse] disk_epipolar pair 11: dE=-18112.5 m dN=-630.0 m (from-pair-10, support=None, peak=None) 
disk_epipolar: Processing pair 11 from disk...
disk_epipolar: 31 match-sets in 1.40s
[Coarse] disk_epipolar pair 12: dE=-17955.0 m dN=-315.0 m (from-pair-14 (phasecorr disagreed), support=None, peak=0.1047012765466431) 
disk_epipolar: Processing pair 12 from disk...
disk_epipolar: 0 match-sets in 0.00s
[Coarse] disk_epipolar pair 13: dE=-17955.0 m dN=-315.0 m (from-pair-14 (phasecorr disagreed), support=None, peak=0.09384612739086151) 
disk_epipolar: Processing pair 13 from disk...
disk_epipolar: 0 match-sets in 0.00s
[Coarse] disk_epipolar pair 14: dE=-17955.0 m dN=-315.0 m (matcher@315m, support=16, peak=None) 
disk_epipolar: Processing pair 14 from disk...
disk_epipolar: 36 match-sets in 1.61s
[Coarse] disk_epipolar pair 15: dE=-17955.0 m dN=-315.0 m (matcher@315m, support=24, peak=None) 
disk_epipolar: Processing pair 15 from disk...
disk_epipolar: 36 match-sets in 1.56s
[Coarse] disk_epipolar pair 16: dE=-17955.0 m dN=-315.0 m (matcher@315m, support=79, peak=None) 
disk_epipolar: Processing pair 16 from disk...
disk_epipolar: 35 match-sets in 1.41s
[Coarse] disk_epipolar pair 17: dE=-17955.0 m dN=-315.0 m (matcher@315m, support=91, peak=None) 
disk_epipolar: Processing pair 17 from disk...
disk_epipolar: 36 match-sets in 1.41s
[Coarse] disk_epipolar pair 18: dE=-17640.0 m dN=-315.0 m (from-pair-25 (phasecorr disagreed), support=None, peak=0.06863816733713503) 
disk_epipolar: Processing pair 18 from disk...
disk_epipolar: 0 match-sets in 0.00s
[Coarse] disk_epipolar pair 19: dE=-17640.0 m dN=-315.0 m (from-pair-25 (phasecorr disagreed), support=None, peak=0.15104582491848204) 
disk_epipolar: Processing pair 19 from disk...
disk_epipolar: 0 match-sets in 0.00s
[Coarse] disk_epipolar pair 20: dE=-17640.0 m dN=-315.0 m (from-pair-19, support=None, peak=None) 
disk_epipolar: Processing pair 20 from disk...
disk_epipolar: 0 match-sets in 0.00s
[Coarse] disk_epipolar pair 21: dE=-17640.0 m dN=-315.0 m (from-pair-25 (phasecorr disagreed), support=None, peak=0.036990950946454645) 
disk_epipolar: Processing pair 21 from disk...
disk_epipolar: 0 match-sets in 0.00s
[Coarse] disk_epipolar pair 22: dE=-17640.0 m dN=-315.0 m (matcher@315m, support=49, peak=None) 
disk_epipolar: Processing pair 22 from disk...
disk_epipolar: 29 match-sets in 1.02s
[Coarse] disk_epipolar pair 23: dE=-17640.0 m dN=-315.0 m (matcher@315m, support=38, peak=None) 
disk_epipolar: Processing pair 23 from disk...
disk_epipolar: 27 match-sets in 0.99s
[Coarse] disk_epipolar pair 24: dE=-17640.0 m dN=-315.0 m (matcher@315m, support=38, peak=None) 
disk_epipolar: Processing pair 24 from disk...
disk_epipolar: 27 match-sets in 0.97s
[Coarse] disk_epipolar pair 25: dE=-17640.0 m dN=-315.0 m (matcher@315m, support=59, peak=None) 
disk_epipolar: Processing pair 25 from disk...
disk_epipolar: 29 match-sets in 1.00s
[Coarse] disk_epipolar pair 26: dE=-17640.0 m dN=-315.0 m (from-pair-27, support=None, peak=None) 
disk_epipolar: Processing pair 26 from disk...
disk_epipolar: 8 match-sets in 0.66s
[Coarse] disk_epipolar pair 27: dE=-17640.0 m dN=-315.0 m (from-pair-23 (phasecorr disagreed), support=None, peak=0.05064041456057702) 
disk_epipolar: Processing pair 27 from disk...
disk_epipolar: 7 match-sets in 0.65s
Saved:
 CHIP_STATS_ALL.csv
 CHIP_STATS_SURVIVORS.csv
 CONSENSUS_SCORES.csv
 BEST_CHIP_SET.csv
 BEST_CHIP_MANIFEST.csv
 BEST_FINAL_SUMMARY.csv
[band1] disk_epipolar ok in 0.6 min, peak GPU memory 5.2 of 39.4 GB
--------------------------------------------------------------------------------
[band1] Running dedode_L-upright_B-upright
DeDoDe: Loading L-upright/B-upright...
dedode: Initializing LightGlue {'filter_threshold': 0.1, 'depth_confidence': 0.95, 'width_confidence': 0.99}...
Loaded LightGlue model
[Coarse] pair 3: no reliable coarse offset (matcher: no matches; phasecorr: {'dx': -16147.443677524008, 'dy': -26751.975000537102, 'support': None, 'n': None, 'peak': 0.00032880983234923565}); windows compared in place
[Coarse] pair 4: no reliable coarse offset (matcher: no matches; phasecorr: {'dx': 12882.472481301173, 'dy': 92621.70938170607, 'support': None, 'n': None, 'peak': -0.00012715039429841217}); windows compared in place
[Coarse] pair 5: no reliable coarse offset (matcher: no matches; phasecorr: {'dx': 3156.3479216096807, 'dy': 18300.67805989782, 'support': None, 'n': None, 'peak': 0.020832994549224774}); windows compared in place
[Coarse] pair 6: no reliable coarse offset (matcher: no matches; phasecorr: {'dx': -15852.800158210905, 'dy': 18737.59796077822, 'support': None, 'n': None, 'peak': -0.0027571213742097218}); windows compared in place
[Coarse] pair 7: no reliable coarse offset (matcher: no matches; phasecorr: {'dx': -17660.72648465004, 'dy': -478.5174601560547, 'support': None, 'n': None, 'peak': 0.0218074359204816}); windows compared in place
[Coarse] pair 8: no reliable coarse offset (matcher: no matches; phasecorr: {'dx': -18002.059573769864, 'dy': -489.60497923140906, 'support': None, 'n': None, 'peak': 0.011968647486368816}); windows compared in place
[Coarse] pair 11: no reliable coarse offset (matcher: no matches; phasecorr: {'dx': -18107.733154651494, 'dy': -332.5590928480355, 'support': None, 'n': None, 'peak': 0.020898853179031604}); windows compared in place
[Coarse] pair 20: no reliable coarse offset (matcher: no matches; phasecorr: {'dx': -28903.23193639674, 'dy': -12953.216285335406, 'support': None, 'n': None, 'peak': 0.008737401829825507}); windows compared in place
[Coarse] pair 26: no reliable coarse offset (matcher: no matches; phasecorr: {'dx': -96306.08142606622, 'dy': -17142.367293993742, 'support': None, 'n': None, 'peak': 0.02253384519977334}); windows compared in place
[Coarse] pair 2: phase correlation gave dE=-8934 m dN=5487 m, 10.5 km from every offset the matcher measured; using pair 16's (dE=-17640 m dN=-315 m)
[Coarse] pair 10: phase correlation gave dE=43169 m dN=-4147 m, 60.9 km from every offset the matcher measured; using pair 16's (dE=-17640 m dN=-315 m)
[Coarse] pair 12: phase correlation gave dE=-1877 m dN=10017 m, 18.8 km from every offset the matcher measured; using pair 16's (dE=-17640 m dN=-315 m)
[Coarse] pair 13: phase correlation gave dE=7584 m dN=8567 m, 26.7 km from every offset the matcher measured; using pair 16's (dE=-17640 m dN=-315 m)
[Coarse] pair 18: phase correlation gave dE=744 m dN=-16615 m, 24.6 km from every offset the matcher measured; using pair 16's (dE=-17640 m dN=-315 m)
[Coarse] pair 19: phase correlation gave dE=11920 m dN=-17918 m, 34.4 km from every offset the matcher measured; using pair 16's (dE=-17640 m dN=-315 m)
[Coarse] pair 21: phase correlation gave dE=-11414 m dN=-17047 m, 17.9 km from every offset the matcher measured; using pair 16's (dE=-17640 m dN=-315 m)
[Coarse] pair 27: phase correlation gave dE=-97898 m dN=-6012 m, 80.5 km from every offset the matcher measured; using pair 16's (dE=-17640 m dN=-315 m)
[Coarse] dedode_L-upright_B-upright pair 1: dE=-18062.2 m dN=-904.8 m (phasecorr@315m, support=None, peak=0.03257782713572184) 
dedode_L-upright_B-upright: Processing pair 1 from disk...
dedode_L-upright_B-upright: 11 match-sets in 7.01s
[Coarse] dedode_L-upright_B-upright pair 2: dE=-17640.0 m dN=-315.0 m (from-pair-16 (phasecorr disagreed), support=None, peak=0.03413578109976686) 
dedode_L-upright_B-upright: Processing pair 2 from disk...
dedode_L-upright_B-upright: 11 match-sets in 5.10s
[Coarse] dedode_L-upright_B-upright pair 3: dE=-18062.2 m dN=-904.8 m (from-pair-1, support=None, peak=None) 
dedode_L-upright_B-upright: Processing pair 3 from disk...
dedode_L-upright_B-upright: 10 match-sets in 0.84s
[Coarse] dedode_L-upright_B-upright pair 4: dE=-17640.0 m dN=-315.0 m (from-pair-2, support=None, peak=None) 
dedode_L-upright_B-upright: Processing pair 4 from disk...
dedode_L-upright_B-upright: 8 match-sets in 7.96s
[Coarse] dedode_L-upright_B-upright pair 5: dE=-17640.0 m dN=-315.0 m (from-pair-2, support=None, peak=None) 
dedode_L-upright_B-upright: Processing pair 5 from disk...
dedode_L-upright_B-upright: 10 match-sets in 8.03s
[Coarse] dedode_L-upright_B-upright pair 6: dE=-17640.0 m dN=-315.0 m (from-pair-2, support=None, peak=None) 
dedode_L-upright_B-upright: Processing pair 6 from disk...
dedode_L-upright_B-upright: 9 match-sets in 0.88s
[Coarse] dedode_L-upright_B-upright pair 7: dE=-17790.5 m dN=-428.0 m (from-pair-9, support=None, peak=None) 
dedode_L-upright_B-upright: Processing pair 7 from disk...
dedode_L-upright_B-upright: 29 match-sets in 30.48s
[Coarse] dedode_L-upright_B-upright pair 8: dE=-17790.5 m dN=-428.0 m (from-pair-9, support=None, peak=None) 
dedode_L-upright_B-upright: Processing pair 8 from disk...
dedode_L-upright_B-upright: 27 match-sets in 6.63s
[Coarse] dedode_L-upright_B-upright pair 9: dE=-17790.5 m dN=-428.0 m (phasecorr@315m, support=None, peak=0.031066529352914596) 
dedode_L-upright_B-upright: Processing pair 9 from disk...
dedode_L-upright_B-upright: 32 match-sets in 10.48s
[Coarse] dedode_L-upright_B-upright pair 10: dE=-17640.0 m dN=-315.0 m (from-pair-16 (phasecorr disagreed), support=None, peak=0.04791493653487985) 
dedode_L-upright_B-upright: Processing pair 10 from disk...
dedode_L-upright_B-upright: 31 match-sets in 15.48s
[Coarse] dedode_L-upright_B-upright pair 11: dE=-17640.0 m dN=-315.0 m (from-pair-10, support=None, peak=None) 
dedode_L-upright_B-upright: Processing pair 11 from disk...
dedode_L-upright_B-upright: 31 match-sets in 2.48s
[Coarse] dedode_L-upright_B-upright pair 12: dE=-17640.0 m dN=-315.0 m (from-pair-16 (phasecorr disagreed), support=None, peak=0.1047012765466431) 
dedode_L-upright_B-upright: Processing pair 12 from disk...
dedode_L-upright_B-upright: 0 match-sets in 0.00s
[Coarse] dedode_L-upright_B-upright pair 13: dE=-17640.0 m dN=-315.0 m (from-pair-16 (phasecorr disagreed), support=None, peak=0.09384612739086151) 
dedode_L-upright_B-upright: Processing pair 13 from disk...
dedode_L-upright_B-upright: 0 match-sets in 0.00s
[Coarse] dedode_L-upright_B-upright pair 14: dE=-18039.9 m dN=-308.2 m (phasecorr@315m, support=None, peak=0.04961982255158601) 
dedode_L-upright_B-upright: Processing pair 14 from disk...
dedode_L-upright_B-upright: 35 match-sets in 7.54s
[Coarse] dedode_L-upright_B-upright pair 15: dE=-18033.6 m dN=-269.1 m (phasecorr@315m, support=None, peak=0.0587093012491862) 
dedode_L-upright_B-upright: Processing pair 15 from disk...
dedode_L-upright_B-upright: 34 match-sets in 2.70s
[Coarse] dedode_L-upright_B-upright pair 16: dE=-17640.0 m dN=-315.0 m (matcher@315m, support=9, peak=None) 
dedode_L-upright_B-upright: Processing pair 16 from disk...
dedode_L-upright_B-upright: 37 match-sets in 8.05s
[Coarse] dedode_L-upright_B-upright pair 17: dE=-18272.3 m dN=-53.0 m (phasecorr@315m, support=None, peak=0.05276745311419169) 
dedode_L-upright_B-upright: Processing pair 17 from disk...
dedode_L-upright_B-upright: 36 match-sets in 6.92s
[Coarse] dedode_L-upright_B-upright pair 18: dE=-17640.0 m dN=-315.0 m (from-pair-16 (phasecorr disagreed), support=None, peak=0.06863816733713503) 
dedode_L-upright_B-upright: Processing pair 18 from disk...
dedode_L-upright_B-upright: 0 match-sets in 0.00s
[Coarse] dedode_L-upright_B-upright pair 19: dE=-17640.0 m dN=-315.0 m (from-pair-16 (phasecorr disagreed), support=None, peak=0.15104582491848204) 
dedode_L-upright_B-upright: Processing pair 19 from disk...
dedode_L-upright_B-upright: 0 match-sets in 0.00s
[Coarse] dedode_L-upright_B-upright pair 20: dE=-17640.0 m dN=-315.0 m (from-pair-19, support=None, peak=None) 
dedode_L-upright_B-upright: Processing pair 20 from disk...
dedode_L-upright_B-upright: 0 match-sets in 0.00s
[Coarse] dedode_L-upright_B-upright pair 21: dE=-17640.0 m dN=-315.0 m (from-pair-16 (phasecorr disagreed), support=None, peak=0.036990950946454645) 
dedode_L-upright_B-upright: Processing pair 21 from disk...
dedode_L-upright_B-upright: 0 match-sets in 0.00s
[Coarse] dedode_L-upright_B-upright pair 22: dE=-17882.3 m dN=-311.5 m (phasecorr@315m, support=None, peak=0.12721613845825194) 
dedode_L-upright_B-upright: Processing pair 22 from disk...
dedode_L-upright_B-upright: 25 match-sets in 5.14s
[Coarse] dedode_L-upright_B-upright pair 23: dE=-17911.9 m dN=-326.6 m (phasecorr@315m, support=None, peak=0.12881409482955933) 
dedode_L-upright_B-upright: Processing pair 23 from disk...
dedode_L-upright_B-upright: 21 match-sets in 1.51s
[Coarse] dedode_L-upright_B-upright pair 24: dE=-17928.8 m dN=-415.6 m (phasecorr@315m, support=None, peak=0.035175936365127565) 
dedode_L-upright_B-upright: Processing pair 24 from disk...
dedode_L-upright_B-upright: 26 match-sets in 1.95s
[Coarse] dedode_L-upright_B-upright pair 25: dE=-17844.2 m dN=-348.0 m (phasecorr@315m, support=None, peak=0.15328786741892497) 
dedode_L-upright_B-upright: Processing pair 25 from disk...
dedode_L-upright_B-upright: 26 match-sets in 1.92s
[Coarse] dedode_L-upright_B-upright pair 26: dE=-17640.0 m dN=-315.0 m (from-pair-27, support=None, peak=None) 
dedode_L-upright_B-upright: Processing pair 26 from disk...
dedode_L-upright_B-upright: 9 match-sets in 5.01s
[Coarse] dedode_L-upright_B-upright pair 27: dE=-17640.0 m dN=-315.0 m (from-pair-16 (phasecorr disagreed), support=None, peak=0.05064041456057702) 
dedode_L-upright_B-upright: Processing pair 27 from disk...
dedode_L-upright_B-upright: 8 match-sets in 1.00s
Saved:
 CHIP_STATS_ALL.csv
 CHIP_STATS_SURVIVORS.csv
 CONSENSUS_SCORES.csv
 BEST_CHIP_SET.csv
 BEST_CHIP_MANIFEST.csv
 BEST_FINAL_SUMMARY.csv
[band1] dedode_L-upright_B-upright ok in 4.3 min, peak GPU memory 32.9 of 39.4 GB
--------------------------------------------------------------------------------
[band1] Running dedode_L-upright_B-C4
DeDoDe: Loading L-upright/B-C4...
dedode: Initializing LightGlue {'filter_threshold': 0.1, 'depth_confidence': 0.95, 'width_confidence': 0.99}...
Loaded LightGlue model
[Coarse] pair 3: no reliable coarse offset (matcher: no matches; phasecorr: {'dx': -16147.443677524008, 'dy': -26751.975000537102, 'support': None, 'n': None, 'peak': 0.00032880983234923565}); windows compared in place
[Coarse] pair 4: no reliable coarse offset (matcher: no matches; phasecorr: {'dx': 12882.472481301173, 'dy': 92621.70938170607, 'support': None, 'n': None, 'peak': -0.00012715039429841217}); windows compared in place
[Coarse] pair 5: no reliable coarse offset (matcher: no matches; phasecorr: {'dx': 3156.3479216096807, 'dy': 18300.67805989782, 'support': None, 'n': None, 'peak': 0.020832994549224774}); windows compared in place
[Coarse] pair 6: no reliable coarse offset (matcher: no matches; phasecorr: {'dx': -15852.800158210905, 'dy': 18737.59796077822, 'support': None, 'n': None, 'peak': -0.0027571213742097218}); windows compared in place
[Coarse] pair 7: no reliable coarse offset (matcher: no matches; phasecorr: {'dx': -17660.72648465004, 'dy': -478.5174601560547, 'support': None, 'n': None, 'peak': 0.0218074359204816}); windows compared in place
[Coarse] pair 8: no reliable coarse offset (matcher: no matches; phasecorr: {'dx': -18002.059573769864, 'dy': -489.60497923140906, 'support': None, 'n': None, 'peak': 0.011968647486368816}); windows compared in place
[Coarse] pair 11: no reliable coarse offset (matcher: no matches; phasecorr: {'dx': -18107.733154651494, 'dy': -332.5590928480355, 'support': None, 'n': None, 'peak': 0.020898853179031604}); windows compared in place
[Coarse] pair 20: no reliable coarse offset (matcher: no matches; phasecorr: {'dx': -28903.23193639674, 'dy': -12953.216285335406, 'support': None, 'n': None, 'peak': 0.008737401829825507}); windows compared in place
[Coarse] pair 26: no reliable coarse offset (matcher: no matches; phasecorr: {'dx': -96306.08142606622, 'dy': -17142.367293993742, 'support': None, 'n': None, 'peak': 0.02253384519977334}); windows compared in place
[Coarse] pair 2: phase correlation gave dE=-8934 m dN=5487 m, 10.5 km from every offset the matcher measured; using pair 16's (dE=-17640 m dN=-315 m)
[Coarse] pair 10: phase correlation gave dE=43169 m dN=-4147 m, 60.9 km from every offset the matcher measured; using pair 16's (dE=-17640 m dN=-315 m)
[Coarse] pair 12: phase correlation gave dE=-1877 m dN=10017 m, 18.8 km from every offset the matcher measured; using pair 16's (dE=-17640 m dN=-315 m)
[Coarse] pair 13: phase correlation gave dE=7584 m dN=8567 m, 26.7 km from every offset the matcher measured; using pair 16's (dE=-17640 m dN=-315 m)
[Coarse] pair 18: phase correlation gave dE=744 m dN=-16615 m, 24.6 km from every offset the matcher measured; using pair 16's (dE=-17640 m dN=-315 m)
[Coarse] pair 19: phase correlation gave dE=11920 m dN=-17918 m, 34.4 km from every offset the matcher measured; using pair 16's (dE=-17640 m dN=-315 m)
[Coarse] pair 21: phase correlation gave dE=-11414 m dN=-17047 m, 17.9 km from every offset the matcher measured; using pair 16's (dE=-17640 m dN=-315 m)
[Coarse] pair 27: phase correlation gave dE=-97898 m dN=-6012 m, 80.5 km from every offset the matcher measured; using pair 16's (dE=-17640 m dN=-315 m)
[Coarse] dedode_L-upright_B-C4 pair 1: dE=-18062.2 m dN=-904.8 m (phasecorr@315m, support=None, peak=0.03257782713572184) 
dedode_L-upright_B-C4: Processing pair 1 from disk...
dedode_L-upright_B-C4: 12 match-sets in 0.76s
[Coarse] dedode_L-upright_B-C4 pair 2: dE=-17640.0 m dN=-315.0 m (from-pair-16 (phasecorr disagreed), support=None, peak=0.03413578109976686) 
dedode_L-upright_B-C4: Processing pair 2 from disk...
dedode_L-upright_B-C4: 11 match-sets in 0.76s
[Coarse] dedode_L-upright_B-C4 pair 3: dE=-18062.2 m dN=-904.8 m (from-pair-1, support=None, peak=None) 
dedode_L-upright_B-C4: Processing pair 3 from disk...
dedode_L-upright_B-C4: 10 match-sets in 0.75s
[Coarse] dedode_L-upright_B-C4 pair 4: dE=-17640.0 m dN=-315.0 m (from-pair-2, support=None, peak=None) 
dedode_L-upright_B-C4: Processing pair 4 from disk...
dedode_L-upright_B-C4: 11 match-sets in 0.81s
[Coarse] dedode_L-upright_B-C4 pair 5: dE=-17640.0 m dN=-315.0 m (from-pair-2, support=None, peak=None) 
dedode_L-upright_B-C4: Processing pair 5 from disk...
dedode_L-upright_B-C4: 11 match-sets in 0.81s
[Coarse] dedode_L-upright_B-C4 pair 6: dE=-17640.0 m dN=-315.0 m (from-pair-2, support=None, peak=None) 
dedode_L-upright_B-C4: Processing pair 6 from disk...
dedode_L-upright_B-C4: 9 match-sets in 0.81s
[Coarse] dedode_L-upright_B-C4 pair 7: dE=-17790.5 m dN=-428.0 m (from-pair-9, support=None, peak=None) 
dedode_L-upright_B-C4: Processing pair 7 from disk...
dedode_L-upright_B-C4: 27 match-sets in 2.54s
[Coarse] dedode_L-upright_B-C4 pair 8: dE=-17790.5 m dN=-428.0 m (from-pair-9, support=None, peak=None) 
dedode_L-upright_B-C4: Processing pair 8 from disk...
dedode_L-upright_B-C4: 34 match-sets in 2.54s
[Coarse] dedode_L-upright_B-C4 pair 9: dE=-17790.5 m dN=-428.0 m (phasecorr@315m, support=None, peak=0.031066529352914596) 
dedode_L-upright_B-C4: Processing pair 9 from disk...
dedode_L-upright_B-C4: 27 match-sets in 2.47s
[Coarse] dedode_L-upright_B-C4 pair 10: dE=-17640.0 m dN=-315.0 m (from-pair-16 (phasecorr disagreed), support=None, peak=0.04791493653487985) 
dedode_L-upright_B-C4: Processing pair 10 from disk...
dedode_L-upright_B-C4: 26 match-sets in 2.45s
[Coarse] dedode_L-upright_B-C4 pair 11: dE=-17640.0 m dN=-315.0 m (from-pair-10, support=None, peak=None) 
dedode_L-upright_B-C4: Processing pair 11 from disk...
dedode_L-upright_B-C4: 24 match-sets in 2.47s
[Coarse] dedode_L-upright_B-C4 pair 12: dE=-17640.0 m dN=-315.0 m (from-pair-16 (phasecorr disagreed), support=None, peak=0.1047012765466431) 
dedode_L-upright_B-C4: Processing pair 12 from disk...
dedode_L-upright_B-C4: 0 match-sets in 0.00s
[Coarse] dedode_L-upright_B-C4 pair 13: dE=-17640.0 m dN=-315.0 m (from-pair-16 (phasecorr disagreed), support=None, peak=0.09384612739086151) 
dedode_L-upright_B-C4: Processing pair 13 from disk...
dedode_L-upright_B-C4: 0 match-sets in 0.00s
[Coarse] dedode_L-upright_B-C4 pair 14: dE=-18039.9 m dN=-308.2 m (phasecorr@315m, support=None, peak=0.04961982255158601) 
dedode_L-upright_B-C4: Processing pair 14 from disk...
dedode_L-upright_B-C4: 35 match-sets in 2.67s
[Coarse] dedode_L-upright_B-C4 pair 15: dE=-18033.6 m dN=-269.1 m (phasecorr@315m, support=None, peak=0.0587093012491862) 
dedode_L-upright_B-C4: Processing pair 15 from disk...
dedode_L-upright_B-C4: 33 match-sets in 2.69s
[Coarse] dedode_L-upright_B-C4 pair 16: dE=-17640.0 m dN=-315.0 m (matcher@315m, support=10, peak=None) 
dedode_L-upright_B-C4: Processing pair 16 from disk...
dedode_L-upright_B-C4: 35 match-sets in 2.57s
[Coarse] dedode_L-upright_B-C4 pair 17: dE=-18272.3 m dN=-53.0 m (phasecorr@315m, support=None, peak=0.05276745311419169) 
dedode_L-upright_B-C4: Processing pair 17 from disk...
dedode_L-upright_B-C4: 37 match-sets in 2.55s
[Coarse] dedode_L-upright_B-C4 pair 18: dE=-17640.0 m dN=-315.0 m (from-pair-16 (phasecorr disagreed), support=None, peak=0.06863816733713503) 
dedode_L-upright_B-C4: Processing pair 18 from disk...
dedode_L-upright_B-C4: 0 match-sets in 0.00s
[Coarse] dedode_L-upright_B-C4 pair 19: dE=-17640.0 m dN=-315.0 m (from-pair-16 (phasecorr disagreed), support=None, peak=0.15104582491848204) 
dedode_L-upright_B-C4: Processing pair 19 from disk...
dedode_L-upright_B-C4: 0 match-sets in 0.00s
[Coarse] dedode_L-upright_B-C4 pair 20: dE=-17640.0 m dN=-315.0 m (from-pair-19, support=None, peak=None) 
dedode_L-upright_B-C4: Processing pair 20 from disk...
dedode_L-upright_B-C4: 0 match-sets in 0.00s
[Coarse] dedode_L-upright_B-C4 pair 21: dE=-17640.0 m dN=-315.0 m (from-pair-16 (phasecorr disagreed), support=None, peak=0.036990950946454645) 
dedode_L-upright_B-C4: Processing pair 21 from disk...
dedode_L-upright_B-C4: 0 match-sets in 0.00s
[Coarse] dedode_L-upright_B-C4 pair 22: dE=-17882.3 m dN=-311.5 m (phasecorr@315m, support=None, peak=0.12721613845825194) 
dedode_L-upright_B-C4: Processing pair 22 from disk...
dedode_L-upright_B-C4: 25 match-sets in 2.05s
[Coarse] dedode_L-upright_B-C4 pair 23: dE=-17911.9 m dN=-326.6 m (phasecorr@315m, support=None, peak=0.12881409482955933) 
dedode_L-upright_B-C4: Processing pair 23 from disk...
dedode_L-upright_B-C4: 20 match-sets in 1.72s
[Coarse] dedode_L-upright_B-C4 pair 24: dE=-17928.8 m dN=-415.6 m (phasecorr@315m, support=None, peak=0.035175936365127565) 
dedode_L-upright_B-C4: Processing pair 24 from disk...
dedode_L-upright_B-C4: 26 match-sets in 2.10s
[Coarse] dedode_L-upright_B-C4 pair 25: dE=-17844.2 m dN=-348.0 m (phasecorr@315m, support=None, peak=0.15328786741892497) 
dedode_L-upright_B-C4: Processing pair 25 from disk...
dedode_L-upright_B-C4: 26 match-sets in 1.94s
[Coarse] dedode_L-upright_B-C4 pair 26: dE=-17640.0 m dN=-315.0 m (from-pair-27, support=None, peak=None) 
dedode_L-upright_B-C4: Processing pair 26 from disk...
dedode_L-upright_B-C4: 8 match-sets in 1.03s
[Coarse] dedode_L-upright_B-C4 pair 27: dE=-17640.0 m dN=-315.0 m (from-pair-16 (phasecorr disagreed), support=None, peak=0.05064041456057702) 
dedode_L-upright_B-C4: Processing pair 27 from disk...
dedode_L-upright_B-C4: 9 match-sets in 1.11s
Saved:
 CHIP_STATS_ALL.csv
 CHIP_STATS_SURVIVORS.csv
 CONSENSUS_SCORES.csv
 BEST_CHIP_SET.csv
 BEST_CHIP_MANIFEST.csv
 BEST_FINAL_SUMMARY.csv
[band1] dedode_L-upright_B-C4 ok in 0.9 min, peak GPU memory 1.4 of 39.4 GB
--------------------------------------------------------------------------------
[band1] Running dedode_L-upright_G-C4
DeDoDe: Loading L-upright/G-C4...
xFormers not available
dedode: Initializing LightGlue {'filter_threshold': 0.1, 'depth_confidence': 0.95, 'width_confidence': 0.99}...
Loaded LightGlue model
[Coarse] pair 3: no reliable coarse offset (matcher: no matches; phasecorr: {'dx': -16147.443677524008, 'dy': -26751.975000537102, 'support': None, 'n': None, 'peak': 0.00032880983234923565}); windows compared in place
[Coarse] pair 4: no reliable coarse offset (matcher: no matches; phasecorr: {'dx': 12882.472481301173, 'dy': 92621.70938170607, 'support': None, 'n': None, 'peak': -0.00012715039429841217}); windows compared in place
[Coarse] pair 5: no reliable coarse offset (matcher: no matches; phasecorr: {'dx': 3156.3479216096807, 'dy': 18300.67805989782, 'support': None, 'n': None, 'peak': 0.020832994549224774}); windows compared in place
[Coarse] pair 6: no reliable coarse offset (matcher: no matches; phasecorr: {'dx': -15852.800158210905, 'dy': 18737.59796077822, 'support': None, 'n': None, 'peak': -0.0027571213742097218}); windows compared in place
[Coarse] pair 7: no reliable coarse offset (matcher: no matches; phasecorr: {'dx': -17660.72648465004, 'dy': -478.5174601560547, 'support': None, 'n': None, 'peak': 0.0218074359204816}); windows compared in place
[Coarse] pair 8: no reliable coarse offset (matcher: no matches; phasecorr: {'dx': -18002.059573769864, 'dy': -489.60497923140906, 'support': None, 'n': None, 'peak': 0.011968647486368816}); windows compared in place
[Coarse] pair 11: no reliable coarse offset (matcher: no matches; phasecorr: {'dx': -18107.733154651494, 'dy': -332.5590928480355, 'support': None, 'n': None, 'peak': 0.020898853179031604}); windows compared in place
[Coarse] pair 20: no reliable coarse offset (matcher: no matches; phasecorr: {'dx': -28903.23193639674, 'dy': -12953.216285335406, 'support': None, 'n': None, 'peak': 0.008737401829825507}); windows compared in place
[Coarse] pair 26: no reliable coarse offset (matcher: no matches; phasecorr: {'dx': -96306.08142606622, 'dy': -17142.367293993742, 'support': None, 'n': None, 'peak': 0.02253384519977334}); windows compared in place
[Coarse] WARNING: dedode_L-upright_G-C4: the pairs' coarse offsets differ by up to 141 km, more than one image moves from place to place. Pairs with a wrong offset match the wrong ground (the chip consensus drops them when they are few); if most pairs disagree, check the input's pixel size and window size.
[Coarse] dedode_L-upright_G-C4 pair 1: dE=-18062.2 m dN=-904.8 m (phasecorr@315m, support=None, peak=0.03257782713572184) 
dedode_L-upright_G-C4: Processing pair 1 from disk...
dedode_L-upright_G-C4: 11 match-sets in 1.91s
[Coarse] dedode_L-upright_G-C4 pair 2: dE=-8933.5 m dN=5486.9 m (phasecorr@315m, support=None, peak=0.03413578109976686) 
dedode_L-upright_G-C4: Processing pair 2 from disk...
dedode_L-upright_G-C4: 11 match-sets in 5.68s
[Coarse] dedode_L-upright_G-C4 pair 3: dE=-18062.2 m dN=-904.8 m (from-pair-1, support=None, peak=None) 
dedode_L-upright_G-C4: Processing pair 3 from disk...
dedode_L-upright_G-C4: 10 match-sets in 1.58s
[Coarse] dedode_L-upright_G-C4 pair 4: dE=-8933.5 m dN=5486.9 m (from-pair-2, support=None, peak=None) 
dedode_L-upright_G-C4: Processing pair 4 from disk...
dedode_L-upright_G-C4: 12 match-sets in 4.41s
[Coarse] dedode_L-upright_G-C4 pair 5: dE=-8933.5 m dN=5486.9 m (from-pair-2, support=None, peak=None) 
dedode_L-upright_G-C4: Processing pair 5 from disk...
dedode_L-upright_G-C4: 10 match-sets in 4.39s
[Coarse] dedode_L-upright_G-C4 pair 6: dE=-8933.5 m dN=5486.9 m (from-pair-2, support=None, peak=None) 
dedode_L-upright_G-C4: Processing pair 6 from disk...
dedode_L-upright_G-C4: 9 match-sets in 1.19s
[Coarse] dedode_L-upright_G-C4 pair 7: dE=-17790.5 m dN=-428.0 m (from-pair-9, support=None, peak=None) 
dedode_L-upright_G-C4: Processing pair 7 from disk...
dedode_L-upright_G-C4: 31 match-sets in 8.08s
[Coarse] dedode_L-upright_G-C4 pair 8: dE=-17790.5 m dN=-428.0 m (from-pair-9, support=None, peak=None) 
dedode_L-upright_G-C4: Processing pair 8 from disk...
dedode_L-upright_G-C4: 29 match-sets in 3.88s
[Coarse] dedode_L-upright_G-C4 pair 9: dE=-17790.5 m dN=-428.0 m (phasecorr@315m, support=None, peak=0.031066529352914596) 
dedode_L-upright_G-C4: Processing pair 9 from disk...
dedode_L-upright_G-C4: 29 match-sets in 4.44s
[Coarse] dedode_L-upright_G-C4 pair 10: dE=43169.1 m dN=-4146.8 m (phasecorr@315m, support=None, peak=0.04791493653487985) 
dedode_L-upright_G-C4: Processing pair 10 from disk...
dedode_L-upright_G-C4: 21 match-sets in 12.67s
[Coarse] dedode_L-upright_G-C4 pair 11: dE=43169.1 m dN=-4146.8 m (from-pair-10, support=None, peak=None) 
dedode_L-upright_G-C4: Processing pair 11 from disk...
dedode_L-upright_G-C4: 22 match-sets in 7.33s
[Coarse] dedode_L-upright_G-C4 pair 12: dE=-1877.4 m dN=10017.4 m (phasecorr@315m, support=None, peak=0.1047012765466431) 
dedode_L-upright_G-C4: Processing pair 12 from disk...
dedode_L-upright_G-C4: 0 match-sets in 0.00s
[Coarse] dedode_L-upright_G-C4 pair 13: dE=7584.5 m dN=8567.1 m (phasecorr@315m, support=None, peak=0.09384612739086151) 
dedode_L-upright_G-C4: Processing pair 13 from disk...
dedode_L-upright_G-C4: 0 match-sets in 0.00s
[Coarse] dedode_L-upright_G-C4 pair 14: dE=-18039.9 m dN=-308.2 m (phasecorr@315m, support=None, peak=0.04961982255158601) 
dedode_L-upright_G-C4: Processing pair 14 from disk...
dedode_L-upright_G-C4: 31 match-sets in 4.61s
[Coarse] dedode_L-upright_G-C4 pair 15: dE=-18033.6 m dN=-269.1 m (phasecorr@315m, support=None, peak=0.0587093012491862) 
dedode_L-upright_G-C4: Processing pair 15 from disk...
dedode_L-upright_G-C4: 32 match-sets in 4.34s
[Coarse] dedode_L-upright_G-C4 pair 16: dE=-18113.0 m dN=-129.2 m (phasecorr@315m, support=None, peak=0.054434785683949785) 
dedode_L-upright_G-C4: Processing pair 16 from disk...
dedode_L-upright_G-C4: 33 match-sets in 4.55s
[Coarse] dedode_L-upright_G-C4 pair 17: dE=-18272.3 m dN=-53.0 m (phasecorr@315m, support=None, peak=0.05276745311419169) 
dedode_L-upright_G-C4: Processing pair 17 from disk...
dedode_L-upright_G-C4: 36 match-sets in 4.49s
[Coarse] dedode_L-upright_G-C4 pair 18: dE=744.1 m dN=-16614.6 m (phasecorr@315m, support=None, peak=0.06863816733713503) 
dedode_L-upright_G-C4: Processing pair 18 from disk...
dedode_L-upright_G-C4: 0 match-sets in 0.00s
[Coarse] dedode_L-upright_G-C4 pair 19: dE=11920.5 m dN=-17918.4 m (phasecorr@315m, support=None, peak=0.15104582491848204) 
dedode_L-upright_G-C4: Processing pair 19 from disk...
dedode_L-upright_G-C4: 0 match-sets in 0.00s
[Coarse] dedode_L-upright_G-C4 pair 20: dE=11920.5 m dN=-17918.4 m (from-pair-19, support=None, peak=None) 
dedode_L-upright_G-C4: Processing pair 20 from disk...
dedode_L-upright_G-C4: 0 match-sets in 0.00s
[Coarse] dedode_L-upright_G-C4 pair 21: dE=-11413.6 m dN=-17047.1 m (phasecorr@315m, support=None, peak=0.036990950946454645) 
dedode_L-upright_G-C4: Processing pair 21 from disk...
dedode_L-upright_G-C4: 0 match-sets in 0.00s
[Coarse] dedode_L-upright_G-C4 pair 22: dE=-17882.3 m dN=-311.5 m (phasecorr@315m, support=None, peak=0.12721613845825194) 
dedode_L-upright_G-C4: Processing pair 22 from disk...
dedode_L-upright_G-C4: 23 match-sets in 3.45s
[Coarse] dedode_L-upright_G-C4 pair 23: dE=-17911.9 m dN=-326.6 m (phasecorr@315m, support=None, peak=0.12881409482955933) 
dedode_L-upright_G-C4: Processing pair 23 from disk...
dedode_L-upright_G-C4: 18 match-sets in 2.44s
[Coarse] dedode_L-upright_G-C4 pair 24: dE=-17928.8 m dN=-415.6 m (phasecorr@315m, support=None, peak=0.035175936365127565) 
dedode_L-upright_G-C4: Processing pair 24 from disk...
dedode_L-upright_G-C4: 22 match-sets in 2.82s
[Coarse] dedode_L-upright_G-C4 pair 25: dE=-17844.2 m dN=-348.0 m (phasecorr@315m, support=None, peak=0.15328786741892497) 
dedode_L-upright_G-C4: Processing pair 25 from disk...
dedode_L-upright_G-C4: 24 match-sets in 2.80s
[Coarse] dedode_L-upright_G-C4 pair 26: dE=-97897.6 m dN=-6011.8 m (from-pair-27, support=None, peak=None) 
dedode_L-upright_G-C4: Processing pair 26 from disk...
dedode_L-upright_G-C4: 4 match-sets in 0.68s
[Coarse] dedode_L-upright_G-C4 pair 27: dE=-97897.6 m dN=-6011.8 m (phasecorr@315m, support=None, peak=0.05064041456057702) 
dedode_L-upright_G-C4: Processing pair 27 from disk...
dedode_L-upright_G-C4: 4 match-sets in 0.70s
Saved:
 CHIP_STATS_ALL.csv
 CHIP_STATS_SURVIVORS.csv
 CONSENSUS_SCORES.csv
 BEST_CHIP_SET.csv
 BEST_CHIP_MANIFEST.csv
 BEST_FINAL_SUMMARY.csv
[band1] dedode_L-upright_G-C4 ok in 2.1 min, peak GPU memory 25.7 of 39.4 GB
--------------------------------------------------------------------------------
[band1] Running dedode_L-C4_B-upright
DeDoDe: Loading L-C4/B-upright...
dedode: Initializing LightGlue {'filter_threshold': 0.1, 'depth_confidence': 0.95, 'width_confidence': 0.99}...
Loaded LightGlue model
[Coarse] pair 3: no reliable coarse offset (matcher: no matches; phasecorr: {'dx': -16147.443677524008, 'dy': -26751.975000537102, 'support': None, 'n': None, 'peak': 0.00032880983234923565}); windows compared in place
[Coarse] pair 4: no reliable coarse offset (matcher: no matches; phasecorr: {'dx': 12882.472481301173, 'dy': 92621.70938170607, 'support': None, 'n': None, 'peak': -0.00012715039429841217}); windows compared in place
[Coarse] pair 5: no reliable coarse offset (matcher: no matches; phasecorr: {'dx': 3156.3479216096807, 'dy': 18300.67805989782, 'support': None, 'n': None, 'peak': 0.020832994549224774}); windows compared in place
[Coarse] pair 6: no reliable coarse offset (matcher: no matches; phasecorr: {'dx': -15852.800158210905, 'dy': 18737.59796077822, 'support': None, 'n': None, 'peak': -0.0027571213742097218}); windows compared in place
[Coarse] pair 7: no reliable coarse offset (matcher: no matches; phasecorr: {'dx': -17660.72648465004, 'dy': -478.5174601560547, 'support': None, 'n': None, 'peak': 0.0218074359204816}); windows compared in place
[Coarse] pair 8: no reliable coarse offset (matcher: no matches; phasecorr: {'dx': -18002.059573769864, 'dy': -489.60497923140906, 'support': None, 'n': None, 'peak': 0.011968647486368816}); windows compared in place
[Coarse] pair 11: no reliable coarse offset (matcher: no matches; phasecorr: {'dx': -18107.733154651494, 'dy': -332.5590928480355, 'support': None, 'n': None, 'peak': 0.020898853179031604}); windows compared in place
[Coarse] pair 20: no reliable coarse offset (matcher: no matches; phasecorr: {'dx': -28903.23193639674, 'dy': -12953.216285335406, 'support': None, 'n': None, 'peak': 0.008737401829825507}); windows compared in place
[Coarse] pair 26: no reliable coarse offset (matcher: no matches; phasecorr: {'dx': -96306.08142606622, 'dy': -17142.367293993742, 'support': None, 'n': None, 'peak': 0.02253384519977334}); windows compared in place
[Coarse] pair 2: phase correlation gave dE=-8934 m dN=5487 m, 10.6 km from every offset the matcher measured; using pair 17's (dE=-17955 m dN=0 m)
[Coarse] pair 10: phase correlation gave dE=43169 m dN=-4147 m, 61.3 km from every offset the matcher measured; using pair 17's (dE=-17955 m dN=0 m)
[Coarse] pair 12: phase correlation gave dE=-1877 m dN=10017 m, 18.9 km from every offset the matcher measured; using pair 17's (dE=-17955 m dN=0 m)
[Coarse] pair 13: phase correlation gave dE=7584 m dN=8567 m, 26.9 km from every offset the matcher measured; using pair 17's (dE=-17955 m dN=0 m)
[Coarse] pair 18: phase correlation gave dE=744 m dN=-16615 m, 25.0 km from every offset the matcher measured; using pair 17's (dE=-17955 m dN=0 m)
[Coarse] pair 19: phase correlation gave dE=11920 m dN=-17918 m, 34.8 km from every offset the matcher measured; using pair 17's (dE=-17955 m dN=0 m)
[Coarse] pair 21: phase correlation gave dE=-11414 m dN=-17047 m, 18.3 km from every offset the matcher measured; using pair 17's (dE=-17955 m dN=0 m)
[Coarse] pair 27: phase correlation gave dE=-97898 m dN=-6012 m, 80.2 km from every offset the matcher measured; using pair 17's (dE=-17955 m dN=0 m)
[Coarse] dedode_L-C4_B-upright pair 1: dE=-18062.2 m dN=-904.8 m (phasecorr@315m, support=None, peak=0.03257782713572184) 
dedode_L-C4_B-upright: Processing pair 1 from disk...
dedode_L-C4_B-upright: 11 match-sets in 0.88s
[Coarse] dedode_L-C4_B-upright pair 2: dE=-17955.0 m dN=0.0 m (from-pair-17 (phasecorr disagreed), support=None, peak=0.03413578109976686) 
dedode_L-C4_B-upright: Processing pair 2 from disk...
dedode_L-C4_B-upright: 10 match-sets in 0.91s
[Coarse] dedode_L-C4_B-upright pair 3: dE=-18062.2 m dN=-904.8 m (from-pair-1, support=None, peak=None) 
dedode_L-C4_B-upright: Processing pair 3 from disk...
dedode_L-C4_B-upright: 9 match-sets in 0.88s
[Coarse] dedode_L-C4_B-upright pair 4: dE=-17955.0 m dN=0.0 m (from-pair-2, support=None, peak=None) 
dedode_L-C4_B-upright: Processing pair 4 from disk...
dedode_L-C4_B-upright: 10 match-sets in 0.95s
[Coarse] dedode_L-C4_B-upright pair 5: dE=-17955.0 m dN=0.0 m (from-pair-2, support=None, peak=None) 
dedode_L-C4_B-upright: Processing pair 5 from disk...
dedode_L-C4_B-upright: 9 match-sets in 0.94s
[Coarse] dedode_L-C4_B-upright pair 6: dE=-17955.0 m dN=0.0 m (from-pair-2, support=None, peak=None) 
dedode_L-C4_B-upright: Processing pair 6 from disk...
dedode_L-C4_B-upright: 9 match-sets in 0.95s
[Coarse] dedode_L-C4_B-upright pair 7: dE=-17790.5 m dN=-428.0 m (from-pair-9, support=None, peak=None) 
dedode_L-C4_B-upright: Processing pair 7 from disk...
dedode_L-C4_B-upright: 29 match-sets in 2.87s
[Coarse] dedode_L-C4_B-upright pair 8: dE=-17790.5 m dN=-428.0 m (from-pair-9, support=None, peak=None) 
dedode_L-C4_B-upright: Processing pair 8 from disk...
dedode_L-C4_B-upright: 25 match-sets in 2.89s
[Coarse] dedode_L-C4_B-upright pair 9: dE=-17790.5 m dN=-428.0 m (phasecorr@315m, support=None, peak=0.031066529352914596) 
dedode_L-C4_B-upright: Processing pair 9 from disk...
dedode_L-C4_B-upright: 31 match-sets in 2.84s
[Coarse] dedode_L-C4_B-upright pair 10: dE=-17955.0 m dN=0.0 m (from-pair-17 (phasecorr disagreed), support=None, peak=0.04791493653487985) 
dedode_L-C4_B-upright: Processing pair 10 from disk...
dedode_L-C4_B-upright: 29 match-sets in 3.25s
[Coarse] dedode_L-C4_B-upright pair 11: dE=-17955.0 m dN=0.0 m (from-pair-10, support=None, peak=None) 
dedode_L-C4_B-upright: Processing pair 11 from disk...
dedode_L-C4_B-upright: 28 match-sets in 2.84s
[Coarse] dedode_L-C4_B-upright pair 12: dE=-17955.0 m dN=0.0 m (from-pair-17 (phasecorr disagreed), support=None, peak=0.1047012765466431) 
dedode_L-C4_B-upright: Processing pair 12 from disk...
dedode_L-C4_B-upright: 0 match-sets in 0.00s
[Coarse] dedode_L-C4_B-upright pair 13: dE=-17955.0 m dN=0.0 m (from-pair-17 (phasecorr disagreed), support=None, peak=0.09384612739086151) 
dedode_L-C4_B-upright: Processing pair 13 from disk...
dedode_L-C4_B-upright: 0 match-sets in 0.00s
[Coarse] dedode_L-C4_B-upright pair 14: dE=-18039.9 m dN=-308.2 m (phasecorr@315m, support=None, peak=0.04961982255158601) 
dedode_L-C4_B-upright: Processing pair 14 from disk...
dedode_L-C4_B-upright: 35 match-sets in 3.03s
[Coarse] dedode_L-C4_B-upright pair 15: dE=-18033.6 m dN=-269.1 m (phasecorr@315m, support=None, peak=0.0587093012491862) 
dedode_L-C4_B-upright: Processing pair 15 from disk...
dedode_L-C4_B-upright: 34 match-sets in 3.12s
[Coarse] dedode_L-C4_B-upright pair 16: dE=-18113.0 m dN=-129.2 m (phasecorr@315m, support=None, peak=0.054434785683949785) 
dedode_L-C4_B-upright: Processing pair 16 from disk...
dedode_L-C4_B-upright: 33 match-sets in 2.90s
[Coarse] dedode_L-C4_B-upright pair 17: dE=-17955.0 m dN=0.0 m (matcher@315m, support=11, peak=None) 
dedode_L-C4_B-upright: Processing pair 17 from disk...
dedode_L-C4_B-upright: 34 match-sets in 2.93s
[Coarse] dedode_L-C4_B-upright pair 18: dE=-17955.0 m dN=0.0 m (from-pair-17 (phasecorr disagreed), support=None, peak=0.06863816733713503) 
dedode_L-C4_B-upright: Processing pair 18 from disk...
dedode_L-C4_B-upright: 0 match-sets in 0.00s
[Coarse] dedode_L-C4_B-upright pair 19: dE=-17955.0 m dN=0.0 m (from-pair-17 (phasecorr disagreed), support=None, peak=0.15104582491848204) 
dedode_L-C4_B-upright: Processing pair 19 from disk...
dedode_L-C4_B-upright: 0 match-sets in 0.00s
[Coarse] dedode_L-C4_B-upright pair 20: dE=-17955.0 m dN=0.0 m (from-pair-19, support=None, peak=None) 
dedode_L-C4_B-upright: Processing pair 20 from disk...
dedode_L-C4_B-upright: 0 match-sets in 0.00s
[Coarse] dedode_L-C4_B-upright pair 21: dE=-17955.0 m dN=0.0 m (from-pair-17 (phasecorr disagreed), support=None, peak=0.036990950946454645) 
dedode_L-C4_B-upright: Processing pair 21 from disk...
dedode_L-C4_B-upright: 0 match-sets in 0.00s
[Coarse] dedode_L-C4_B-upright pair 22: dE=-17882.3 m dN=-311.5 m (phasecorr@315m, support=None, peak=0.12721613845825194) 
dedode_L-C4_B-upright: Processing pair 22 from disk...
dedode_L-C4_B-upright: 27 match-sets in 2.24s
[Coarse] dedode_L-C4_B-upright pair 23: dE=-17911.9 m dN=-326.6 m (phasecorr@315m, support=None, peak=0.12881409482955933) 
dedode_L-C4_B-upright: Processing pair 23 from disk...
dedode_L-C4_B-upright: 21 match-sets in 1.78s
[Coarse] dedode_L-C4_B-upright pair 24: dE=-17928.8 m dN=-415.6 m (phasecorr@315m, support=None, peak=0.035175936365127565) 
dedode_L-C4_B-upright: Processing pair 24 from disk...
dedode_L-C4_B-upright: 26 match-sets in 2.23s
[Coarse] dedode_L-C4_B-upright pair 25: dE=-17844.2 m dN=-348.0 m (phasecorr@315m, support=None, peak=0.15328786741892497) 
dedode_L-C4_B-upright: Processing pair 25 from disk...
dedode_L-C4_B-upright: 25 match-sets in 2.24s
[Coarse] dedode_L-C4_B-upright pair 26: dE=-17955.0 m dN=0.0 m (from-pair-27, support=None, peak=None) 
dedode_L-C4_B-upright: Processing pair 26 from disk...
dedode_L-C4_B-upright: 8 match-sets in 1.12s
[Coarse] dedode_L-C4_B-upright pair 27: dE=-17955.0 m dN=0.0 m (from-pair-17 (phasecorr disagreed), support=None, peak=0.05064041456057702) 
dedode_L-C4_B-upright: Processing pair 27 from disk...
dedode_L-C4_B-upright: 10 match-sets in 1.12s
Saved:
 CHIP_STATS_ALL.csv
 CHIP_STATS_SURVIVORS.csv
 CONSENSUS_SCORES.csv
 BEST_CHIP_SET.csv
 BEST_CHIP_MANIFEST.csv
 BEST_FINAL_SUMMARY.csv
[band1] dedode_L-C4_B-upright ok in 1.0 min, peak GPU memory 4.4 of 39.4 GB
--------------------------------------------------------------------------------
[band1] Running dedode_L-C4_B-C4
DeDoDe: Loading L-C4/B-C4...
dedode: Initializing LightGlue {'filter_threshold': 0.1, 'depth_confidence': 0.95, 'width_confidence': 0.99}...
Loaded LightGlue model
[Coarse] pair 3: no reliable coarse offset (matcher: no matches; phasecorr: {'dx': -16147.443677524008, 'dy': -26751.975000537102, 'support': None, 'n': None, 'peak': 0.00032880983234923565}); windows compared in place
[Coarse] pair 4: no reliable coarse offset (matcher: no matches; phasecorr: {'dx': 12882.472481301173, 'dy': 92621.70938170607, 'support': None, 'n': None, 'peak': -0.00012715039429841217}); windows compared in place
[Coarse] pair 5: no reliable coarse offset (matcher: no matches; phasecorr: {'dx': 3156.3479216096807, 'dy': 18300.67805989782, 'support': None, 'n': None, 'peak': 0.020832994549224774}); windows compared in place
[Coarse] pair 6: no reliable coarse offset (matcher: no matches; phasecorr: {'dx': -15852.800158210905, 'dy': 18737.59796077822, 'support': None, 'n': None, 'peak': -0.0027571213742097218}); windows compared in place
[Coarse] pair 7: no reliable coarse offset (matcher: no matches; phasecorr: {'dx': -17660.72648465004, 'dy': -478.5174601560547, 'support': None, 'n': None, 'peak': 0.0218074359204816}); windows compared in place
[Coarse] pair 8: no reliable coarse offset (matcher: no matches; phasecorr: {'dx': -18002.059573769864, 'dy': -489.60497923140906, 'support': None, 'n': None, 'peak': 0.011968647486368816}); windows compared in place
[Coarse] pair 11: no reliable coarse offset (matcher: no matches; phasecorr: {'dx': -18107.733154651494, 'dy': -332.5590928480355, 'support': None, 'n': None, 'peak': 0.020898853179031604}); windows compared in place
[Coarse] pair 20: no reliable coarse offset (matcher: no matches; phasecorr: {'dx': -28903.23193639674, 'dy': -12953.216285335406, 'support': None, 'n': None, 'peak': 0.008737401829825507}); windows compared in place
[Coarse] pair 26: no reliable coarse offset (matcher: no matches; phasecorr: {'dx': -96306.08142606622, 'dy': -17142.367293993742, 'support': None, 'n': None, 'peak': 0.02253384519977334}); windows compared in place
[Coarse] pair 2: phase correlation gave dE=-8934 m dN=5487 m, 10.6 km from every offset the matcher measured; using pair 17's (dE=-17955 m dN=0 m)
[Coarse] pair 10: phase correlation gave dE=43169 m dN=-4147 m, 61.3 km from every offset the matcher measured; using pair 17's (dE=-17955 m dN=0 m)
[Coarse] pair 12: phase correlation gave dE=-1877 m dN=10017 m, 18.9 km from every offset the matcher measured; using pair 17's (dE=-17955 m dN=0 m)
[Coarse] pair 13: phase correlation gave dE=7584 m dN=8567 m, 26.9 km from every offset the matcher measured; using pair 17's (dE=-17955 m dN=0 m)
[Coarse] pair 18: phase correlation gave dE=744 m dN=-16615 m, 25.0 km from every offset the matcher measured; using pair 17's (dE=-17955 m dN=0 m)
[Coarse] pair 19: phase correlation gave dE=11920 m dN=-17918 m, 34.8 km from every offset the matcher measured; using pair 17's (dE=-17955 m dN=0 m)
[Coarse] pair 21: phase correlation gave dE=-11414 m dN=-17047 m, 18.3 km from every offset the matcher measured; using pair 17's (dE=-17955 m dN=0 m)
[Coarse] pair 27: phase correlation gave dE=-97898 m dN=-6012 m, 80.2 km from every offset the matcher measured; using pair 17's (dE=-17955 m dN=0 m)
[Coarse] dedode_L-C4_B-C4 pair 1: dE=-18062.2 m dN=-904.8 m (phasecorr@315m, support=None, peak=0.03257782713572184) 
dedode_L-C4_B-C4: Processing pair 1 from disk...
dedode_L-C4_B-C4: 12 match-sets in 0.76s
[Coarse] dedode_L-C4_B-C4 pair 2: dE=-17955.0 m dN=0.0 m (from-pair-17 (phasecorr disagreed), support=None, peak=0.03413578109976686) 
dedode_L-C4_B-C4: Processing pair 2 from disk...
dedode_L-C4_B-C4: 12 match-sets in 0.76s
[Coarse] dedode_L-C4_B-C4 pair 3: dE=-18062.2 m dN=-904.8 m (from-pair-1, support=None, peak=None) 
dedode_L-C4_B-C4: Processing pair 3 from disk...
dedode_L-C4_B-C4: 8 match-sets in 0.76s
[Coarse] dedode_L-C4_B-C4 pair 4: dE=-17955.0 m dN=0.0 m (from-pair-2, support=None, peak=None) 
dedode_L-C4_B-C4: Processing pair 4 from disk...
dedode_L-C4_B-C4: 9 match-sets in 0.81s
[Coarse] dedode_L-C4_B-C4 pair 5: dE=-17955.0 m dN=0.0 m (from-pair-2, support=None, peak=None) 
dedode_L-C4_B-C4: Processing pair 5 from disk...
dedode_L-C4_B-C4: 9 match-sets in 0.81s
[Coarse] dedode_L-C4_B-C4 pair 6: dE=-17955.0 m dN=0.0 m (from-pair-2, support=None, peak=None) 
dedode_L-C4_B-C4: Processing pair 6 from disk...
dedode_L-C4_B-C4: 9 match-sets in 0.81s
[Coarse] dedode_L-C4_B-C4 pair 7: dE=-17790.5 m dN=-428.0 m (from-pair-9, support=None, peak=None) 
dedode_L-C4_B-C4: Processing pair 7 from disk...
dedode_L-C4_B-C4: 26 match-sets in 2.51s
[Coarse] dedode_L-C4_B-C4 pair 8: dE=-17790.5 m dN=-428.0 m (from-pair-9, support=None, peak=None) 
dedode_L-C4_B-C4: Processing pair 8 from disk...
dedode_L-C4_B-C4: 28 match-sets in 2.51s
[Coarse] dedode_L-C4_B-C4 pair 9: dE=-17790.5 m dN=-428.0 m (phasecorr@315m, support=None, peak=0.031066529352914596) 
dedode_L-C4_B-C4: Processing pair 9 from disk...
dedode_L-C4_B-C4: 28 match-sets in 2.48s
[Coarse] dedode_L-C4_B-C4 pair 10: dE=-17955.0 m dN=0.0 m (from-pair-17 (phasecorr disagreed), support=None, peak=0.04791493653487985) 
dedode_L-C4_B-C4: Processing pair 10 from disk...
dedode_L-C4_B-C4: 26 match-sets in 2.46s
[Coarse] dedode_L-C4_B-C4 pair 11: dE=-17955.0 m dN=0.0 m (from-pair-10, support=None, peak=None) 
dedode_L-C4_B-C4: Processing pair 11 from disk...
dedode_L-C4_B-C4: 29 match-sets in 2.46s
[Coarse] dedode_L-C4_B-C4 pair 12: dE=-17955.0 m dN=0.0 m (from-pair-17 (phasecorr disagreed), support=None, peak=0.1047012765466431) 
dedode_L-C4_B-C4: Processing pair 12 from disk...
dedode_L-C4_B-C4: 0 match-sets in 0.00s
[Coarse] dedode_L-C4_B-C4 pair 13: dE=-17955.0 m dN=0.0 m (from-pair-17 (phasecorr disagreed), support=None, peak=0.09384612739086151) 
dedode_L-C4_B-C4: Processing pair 13 from disk...
dedode_L-C4_B-C4: 0 match-sets in 0.00s
[Coarse] dedode_L-C4_B-C4 pair 14: dE=-18039.9 m dN=-308.2 m (phasecorr@315m, support=None, peak=0.04961982255158601) 
dedode_L-C4_B-C4: Processing pair 14 from disk...
dedode_L-C4_B-C4: 36 match-sets in 2.66s
[Coarse] dedode_L-C4_B-C4 pair 15: dE=-18033.6 m dN=-269.1 m (phasecorr@315m, support=None, peak=0.0587093012491862) 
dedode_L-C4_B-C4: Processing pair 15 from disk...
dedode_L-C4_B-C4: 34 match-sets in 2.65s
[Coarse] dedode_L-C4_B-C4 pair 16: dE=-18113.0 m dN=-129.2 m (phasecorr@315m, support=None, peak=0.054434785683949785) 
dedode_L-C4_B-C4: Processing pair 16 from disk...
dedode_L-C4_B-C4: 35 match-sets in 2.51s
[Coarse] dedode_L-C4_B-C4 pair 17: dE=-17955.0 m dN=0.0 m (matcher@315m, support=16, peak=None) 
dedode_L-C4_B-C4: Processing pair 17 from disk...
dedode_L-C4_B-C4: 36 match-sets in 2.58s
[Coarse] dedode_L-C4_B-C4 pair 18: dE=-17955.0 m dN=0.0 m (from-pair-17 (phasecorr disagreed), support=None, peak=0.06863816733713503) 
dedode_L-C4_B-C4: Processing pair 18 from disk...
dedode_L-C4_B-C4: 0 match-sets in 0.00s
[Coarse] dedode_L-C4_B-C4 pair 19: dE=-17955.0 m dN=0.0 m (from-pair-17 (phasecorr disagreed), support=None, peak=0.15104582491848204) 
dedode_L-C4_B-C4: Processing pair 19 from disk...
dedode_L-C4_B-C4: 0 match-sets in 0.00s
[Coarse] dedode_L-C4_B-C4 pair 20: dE=-17955.0 m dN=0.0 m (from-pair-19, support=None, peak=None) 
dedode_L-C4_B-C4: Processing pair 20 from disk...
dedode_L-C4_B-C4: 0 match-sets in 0.00s
[Coarse] dedode_L-C4_B-C4 pair 21: dE=-17955.0 m dN=0.0 m (from-pair-17 (phasecorr disagreed), support=None, peak=0.036990950946454645) 
dedode_L-C4_B-C4: Processing pair 21 from disk...
dedode_L-C4_B-C4: 0 match-sets in 0.00s
[Coarse] dedode_L-C4_B-C4 pair 22: dE=-17882.3 m dN=-311.5 m (phasecorr@315m, support=None, peak=0.12721613845825194) 
dedode_L-C4_B-C4: Processing pair 22 from disk...
dedode_L-C4_B-C4: 28 match-sets in 1.96s
[Coarse] dedode_L-C4_B-C4 pair 23: dE=-17911.9 m dN=-326.6 m (phasecorr@315m, support=None, peak=0.12881409482955933) 
dedode_L-C4_B-C4: Processing pair 23 from disk...
dedode_L-C4_B-C4: 21 match-sets in 1.53s
[Coarse] dedode_L-C4_B-C4 pair 24: dE=-17928.8 m dN=-415.6 m (phasecorr@315m, support=None, peak=0.035175936365127565) 
dedode_L-C4_B-C4: Processing pair 24 from disk...
dedode_L-C4_B-C4: 26 match-sets in 1.93s
[Coarse] dedode_L-C4_B-C4 pair 25: dE=-17844.2 m dN=-348.0 m (phasecorr@315m, support=None, peak=0.15328786741892497) 
dedode_L-C4_B-C4: Processing pair 25 from disk...
dedode_L-C4_B-C4: 27 match-sets in 1.92s
[Coarse] dedode_L-C4_B-C4 pair 26: dE=-17955.0 m dN=0.0 m (from-pair-27, support=None, peak=None) 
dedode_L-C4_B-C4: Processing pair 26 from disk...
dedode_L-C4_B-C4: 8 match-sets in 0.99s
[Coarse] dedode_L-C4_B-C4 pair 27: dE=-17955.0 m dN=0.0 m (from-pair-17 (phasecorr disagreed), support=None, peak=0.05064041456057702) 
dedode_L-C4_B-C4: Processing pair 27 from disk...
dedode_L-C4_B-C4: 8 match-sets in 0.98s
Saved:
 CHIP_STATS_ALL.csv
 CHIP_STATS_SURVIVORS.csv
 CONSENSUS_SCORES.csv
 BEST_CHIP_SET.csv
 BEST_CHIP_MANIFEST.csv
 BEST_FINAL_SUMMARY.csv
[band1] dedode_L-C4_B-C4 ok in 0.8 min, peak GPU memory 1.4 of 39.4 GB
--------------------------------------------------------------------------------
[band1] Running dedode_L-C4_G-C4
DeDoDe: Loading L-C4/G-C4...
dedode: Initializing LightGlue {'filter_threshold': 0.1, 'depth_confidence': 0.95, 'width_confidence': 0.99}...
Loaded LightGlue model
[Coarse] pair 3: no reliable coarse offset (matcher: no matches; phasecorr: {'dx': -16147.443677524008, 'dy': -26751.975000537102, 'support': None, 'n': None, 'peak': 0.00032880983234923565}); windows compared in place
[Coarse] pair 4: no reliable coarse offset (matcher: no matches; phasecorr: {'dx': 12882.472481301173, 'dy': 92621.70938170607, 'support': None, 'n': None, 'peak': -0.00012715039429841217}); windows compared in place
[Coarse] pair 5: no reliable coarse offset (matcher: no matches; phasecorr: {'dx': 3156.3479216096807, 'dy': 18300.67805989782, 'support': None, 'n': None, 'peak': 0.020832994549224774}); windows compared in place
[Coarse] pair 6: no reliable coarse offset (matcher: no matches; phasecorr: {'dx': -15852.800158210905, 'dy': 18737.59796077822, 'support': None, 'n': None, 'peak': -0.0027571213742097218}); windows compared in place
[Coarse] pair 7: no reliable coarse offset (matcher: no matches; phasecorr: {'dx': -17660.72648465004, 'dy': -478.5174601560547, 'support': None, 'n': None, 'peak': 0.0218074359204816}); windows compared in place
[Coarse] pair 8: no reliable coarse offset (matcher: {'dx': -17010.0, 'dy': -630.0, 'support': 3, 'n': 3, 'peak': None}; phasecorr: {'dx': -18002.059573769864, 'dy': -489.60497923140906, 'support': None, 'n': None, 'peak': 0.011968647486368816}); windows compared in place
[Coarse] pair 11: no reliable coarse offset (matcher: {'dx': -19214.9921875, 'dy': -314.99609375, 'support': 1, 'n': 3, 'peak': None}; phasecorr: {'dx': -18107.733154651494, 'dy': -332.5590928480355, 'support': None, 'n': None, 'peak': 0.020898853179031604}); windows compared in place
[Coarse] pair 20: no reliable coarse offset (matcher: no matches; phasecorr: {'dx': -28903.23193639674, 'dy': -12953.216285335406, 'support': None, 'n': None, 'peak': 0.008737401829825507}); windows compared in place
[Coarse] pair 26: no reliable coarse offset (matcher: no matches; phasecorr: {'dx': -96306.08142606622, 'dy': -17142.367293993742, 'support': None, 'n': None, 'peak': 0.02253384519977334}); windows compared in place
[Coarse] WARNING: dedode_L-C4_G-C4: the pairs' coarse offsets differ by up to 141 km, more than one image moves from place to place. Pairs with a wrong offset match the wrong ground (the chip consensus drops them when they are few); if most pairs disagree, check the input's pixel size and window size.
[Coarse] dedode_L-C4_G-C4 pair 1: dE=-18062.2 m dN=-904.8 m (phasecorr@315m, support=None, peak=0.03257782713572184) 
dedode_L-C4_G-C4: Processing pair 1 from disk...
dedode_L-C4_G-C4: 12 match-sets in 1.11s
[Coarse] dedode_L-C4_G-C4 pair 2: dE=-8933.5 m dN=5486.9 m (phasecorr@315m, support=None, peak=0.03413578109976686) 
dedode_L-C4_G-C4: Processing pair 2 from disk...
dedode_L-C4_G-C4: 9 match-sets in 1.10s
[Coarse] dedode_L-C4_G-C4 pair 3: dE=-18062.2 m dN=-904.8 m (from-pair-1, support=None, peak=None) 
dedode_L-C4_G-C4: Processing pair 3 from disk...
dedode_L-C4_G-C4: 11 match-sets in 1.11s
[Coarse] dedode_L-C4_G-C4 pair 4: dE=-8933.5 m dN=5486.9 m (from-pair-2, support=None, peak=None) 
dedode_L-C4_G-C4: Processing pair 4 from disk...
dedode_L-C4_G-C4: 10 match-sets in 1.16s
[Coarse] dedode_L-C4_G-C4 pair 5: dE=-8933.5 m dN=5486.9 m (from-pair-2, support=None, peak=None) 
dedode_L-C4_G-C4: Processing pair 5 from disk...
dedode_L-C4_G-C4: 10 match-sets in 1.16s
[Coarse] dedode_L-C4_G-C4 pair 6: dE=-8933.5 m dN=5486.9 m (from-pair-2, support=None, peak=None) 
dedode_L-C4_G-C4: Processing pair 6 from disk...
dedode_L-C4_G-C4: 10 match-sets in 1.15s
[Coarse] dedode_L-C4_G-C4 pair 7: dE=-17790.5 m dN=-428.0 m (from-pair-9, support=None, peak=None) 
dedode_L-C4_G-C4: Processing pair 7 from disk...
dedode_L-C4_G-C4: 33 match-sets in 3.57s
[Coarse] dedode_L-C4_G-C4 pair 8: dE=-17790.5 m dN=-428.0 m (from-pair-9, support=None, peak=None) 
dedode_L-C4_G-C4: Processing pair 8 from disk...
dedode_L-C4_G-C4: 28 match-sets in 3.60s
[Coarse] dedode_L-C4_G-C4 pair 9: dE=-17790.5 m dN=-428.0 m (phasecorr@315m, support=None, peak=0.031066529352914596) 
dedode_L-C4_G-C4: Processing pair 9 from disk...
dedode_L-C4_G-C4: 30 match-sets in 3.53s
[Coarse] dedode_L-C4_G-C4 pair 10: dE=43169.1 m dN=-4146.8 m (phasecorr@315m, support=None, peak=0.04791493653487985) 
dedode_L-C4_G-C4: Processing pair 10 from disk...
dedode_L-C4_G-C4: 23 match-sets in 2.74s
[Coarse] dedode_L-C4_G-C4 pair 11: dE=43169.1 m dN=-4146.8 m (from-pair-10, support=None, peak=None) 
dedode_L-C4_G-C4: Processing pair 11 from disk...
dedode_L-C4_G-C4: 23 match-sets in 2.74s
[Coarse] dedode_L-C4_G-C4 pair 12: dE=-1877.4 m dN=10017.4 m (phasecorr@315m, support=None, peak=0.1047012765466431) 
dedode_L-C4_G-C4: Processing pair 12 from disk...
dedode_L-C4_G-C4: 0 match-sets in 0.00s
[Coarse] dedode_L-C4_G-C4 pair 13: dE=7584.5 m dN=8567.1 m (phasecorr@315m, support=None, peak=0.09384612739086151) 
dedode_L-C4_G-C4: Processing pair 13 from disk...
dedode_L-C4_G-C4: 0 match-sets in 0.00s
[Coarse] dedode_L-C4_G-C4 pair 14: dE=-18039.9 m dN=-308.2 m (phasecorr@315m, support=None, peak=0.04961982255158601) 
dedode_L-C4_G-C4: Processing pair 14 from disk...
dedode_L-C4_G-C4: 33 match-sets in 3.70s
[Coarse] dedode_L-C4_G-C4 pair 15: dE=-18033.6 m dN=-269.1 m (phasecorr@315m, support=None, peak=0.0587093012491862) 
dedode_L-C4_G-C4: Processing pair 15 from disk...
dedode_L-C4_G-C4: 31 match-sets in 3.85s
[Coarse] dedode_L-C4_G-C4 pair 16: dE=-18113.0 m dN=-129.2 m (phasecorr@315m, support=None, peak=0.054434785683949785) 
dedode_L-C4_G-C4: Processing pair 16 from disk...
dedode_L-C4_G-C4: 32 match-sets in 3.57s
[Coarse] dedode_L-C4_G-C4 pair 17: dE=-18272.3 m dN=-53.0 m (phasecorr@315m, support=None, peak=0.05276745311419169) 
dedode_L-C4_G-C4: Processing pair 17 from disk...
dedode_L-C4_G-C4: 34 match-sets in 3.89s
[Coarse] dedode_L-C4_G-C4 pair 18: dE=744.1 m dN=-16614.6 m (phasecorr@315m, support=None, peak=0.06863816733713503) 
dedode_L-C4_G-C4: Processing pair 18 from disk...
dedode_L-C4_G-C4: 0 match-sets in 0.00s
[Coarse] dedode_L-C4_G-C4 pair 19: dE=11920.5 m dN=-17918.4 m (phasecorr@315m, support=None, peak=0.15104582491848204) 
dedode_L-C4_G-C4: Processing pair 19 from disk...
dedode_L-C4_G-C4: 0 match-sets in 0.00s
[Coarse] dedode_L-C4_G-C4 pair 20: dE=11920.5 m dN=-17918.4 m (from-pair-19, support=None, peak=None) 
dedode_L-C4_G-C4: Processing pair 20 from disk...
dedode_L-C4_G-C4: 0 match-sets in 0.00s
[Coarse] dedode_L-C4_G-C4 pair 21: dE=-11413.6 m dN=-17047.1 m (phasecorr@315m, support=None, peak=0.036990950946454645) 
dedode_L-C4_G-C4: Processing pair 21 from disk...
dedode_L-C4_G-C4: 0 match-sets in 0.00s
[Coarse] dedode_L-C4_G-C4 pair 22: dE=-17882.3 m dN=-311.5 m (phasecorr@315m, support=None, peak=0.12721613845825194) 
dedode_L-C4_G-C4: Processing pair 22 from disk...
dedode_L-C4_G-C4: 25 match-sets in 2.90s
[Coarse] dedode_L-C4_G-C4 pair 23: dE=-17911.9 m dN=-326.6 m (phasecorr@315m, support=None, peak=0.12881409482955933) 
dedode_L-C4_G-C4: Processing pair 23 from disk...
dedode_L-C4_G-C4: 21 match-sets in 2.27s
[Coarse] dedode_L-C4_G-C4 pair 24: dE=-17928.8 m dN=-415.6 m (phasecorr@315m, support=None, peak=0.035175936365127565) 
dedode_L-C4_G-C4: Processing pair 24 from disk...
dedode_L-C4_G-C4: 23 match-sets in 2.80s
[Coarse] dedode_L-C4_G-C4 pair 25: dE=-17844.2 m dN=-348.0 m (phasecorr@315m, support=None, peak=0.15328786741892497) 
dedode_L-C4_G-C4: Processing pair 25 from disk...
dedode_L-C4_G-C4: 23 match-sets in 2.81s
[Coarse] dedode_L-C4_G-C4 pair 26: dE=-97897.6 m dN=-6011.8 m (from-pair-27, support=None, peak=None) 
dedode_L-C4_G-C4: Processing pair 26 from disk...
dedode_L-C4_G-C4: 3 match-sets in 0.65s
[Coarse] dedode_L-C4_G-C4 pair 27: dE=-97897.6 m dN=-6011.8 m (phasecorr@315m, support=None, peak=0.05064041456057702) 
dedode_L-C4_G-C4: Processing pair 27 from disk...
dedode_L-C4_G-C4: 4 match-sets in 0.65s
Saved:
 CHIP_STATS_ALL.csv
 CHIP_STATS_SURVIVORS.csv
 CONSENSUS_SCORES.csv
 BEST_CHIP_SET.csv
 BEST_CHIP_MANIFEST.csv
 BEST_FINAL_SUMMARY.csv
[band1] dedode_L-C4_G-C4 ok in 1.2 min, peak GPU memory 2.0 of 39.4 GB
--------------------------------------------------------------------------------
[band1] Running dedode_L-C4-v2_B-upright
DeDoDe: Loading L-C4-v2/B-upright...
dedode: Initializing LightGlue {'filter_threshold': 0.1, 'depth_confidence': 0.95, 'width_confidence': 0.99}...
Loaded LightGlue model
[Coarse] pair 3: no reliable coarse offset (matcher: no matches; phasecorr: {'dx': -16147.443677524008, 'dy': -26751.975000537102, 'support': None, 'n': None, 'peak': 0.00032880983234923565}); windows compared in place
[Coarse] pair 4: no reliable coarse offset (matcher: no matches; phasecorr: {'dx': 12882.472481301173, 'dy': 92621.70938170607, 'support': None, 'n': None, 'peak': -0.00012715039429841217}); windows compared in place
[Coarse] pair 5: no reliable coarse offset (matcher: no matches; phasecorr: {'dx': 3156.3479216096807, 'dy': 18300.67805989782, 'support': None, 'n': None, 'peak': 0.020832994549224774}); windows compared in place
[Coarse] pair 6: no reliable coarse offset (matcher: no matches; phasecorr: {'dx': -15852.800158210905, 'dy': 18737.59796077822, 'support': None, 'n': None, 'peak': -0.0027571213742097218}); windows compared in place
[Coarse] pair 7: no reliable coarse offset (matcher: no matches; phasecorr: {'dx': -17660.72648465004, 'dy': -478.5174601560547, 'support': None, 'n': None, 'peak': 0.0218074359204816}); windows compared in place
[Coarse] pair 8: no reliable coarse offset (matcher: no matches; phasecorr: {'dx': -18002.059573769864, 'dy': -489.60497923140906, 'support': None, 'n': None, 'peak': 0.011968647486368816}); windows compared in place
[Coarse] pair 11: no reliable coarse offset (matcher: no matches; phasecorr: {'dx': -18107.733154651494, 'dy': -332.5590928480355, 'support': None, 'n': None, 'peak': 0.020898853179031604}); windows compared in place
[Coarse] pair 20: no reliable coarse offset (matcher: no matches; phasecorr: {'dx': -28903.23193639674, 'dy': -12953.216285335406, 'support': None, 'n': None, 'peak': 0.008737401829825507}); windows compared in place
[Coarse] pair 26: no reliable coarse offset (matcher: no matches; phasecorr: {'dx': -96306.08142606622, 'dy': -17142.367293993742, 'support': None, 'n': None, 'peak': 0.02253384519977334}); windows compared in place
[Coarse] pair 2: phase correlation gave dE=-8934 m dN=5487 m, 10.6 km from every offset the matcher measured; using pair 14's (dE=-17955 m dN=-315 m)
[Coarse] pair 10: phase correlation gave dE=43169 m dN=-4147 m, 61.2 km from every offset the matcher measured; using pair 14's (dE=-17955 m dN=-315 m)
[Coarse] pair 12: phase correlation gave dE=-1877 m dN=10017 m, 18.9 km from every offset the matcher measured; using pair 14's (dE=-17955 m dN=-315 m)
[Coarse] pair 13: phase correlation gave dE=7584 m dN=8567 m, 26.9 km from every offset the matcher measured; using pair 14's (dE=-17955 m dN=-315 m)
[Coarse] pair 18: phase correlation gave dE=744 m dN=-16615 m, 24.8 km from every offset the matcher measured; using pair 15's (dE=-17955 m dN=-315 m)
[Coarse] pair 19: phase correlation gave dE=11920 m dN=-17918 m, 34.7 km from every offset the matcher measured; using pair 15's (dE=-17955 m dN=-315 m)
[Coarse] pair 21: phase correlation gave dE=-11414 m dN=-17047 m, 18.0 km from every offset the matcher measured; using pair 15's (dE=-17955 m dN=-315 m)
[Coarse] pair 27: phase correlation gave dE=-97898 m dN=-6012 m, 80.1 km from every offset the matcher measured; using pair 17's (dE=-17955 m dN=0 m)
[Coarse] dedode_L-C4-v2_B-upright pair 1: dE=-18062.2 m dN=-904.8 m (phasecorr@315m, support=None, peak=0.03257782713572184) 
dedode_L-C4-v2_B-upright: Processing pair 1 from disk...
dedode_L-C4-v2_B-upright: 12 match-sets in 0.76s
[Coarse] dedode_L-C4-v2_B-upright pair 2: dE=-17955.0 m dN=-315.0 m (from-pair-14 (phasecorr disagreed), support=None, peak=0.03413578109976686) 
dedode_L-C4-v2_B-upright: Processing pair 2 from disk...
dedode_L-C4-v2_B-upright: 10 match-sets in 0.77s
[Coarse] dedode_L-C4-v2_B-upright pair 3: dE=-18062.2 m dN=-904.8 m (from-pair-1, support=None, peak=None) 
dedode_L-C4-v2_B-upright: Processing pair 3 from disk...
dedode_L-C4-v2_B-upright: 9 match-sets in 0.76s
[Coarse] dedode_L-C4-v2_B-upright pair 4: dE=-17955.0 m dN=-315.0 m (from-pair-2, support=None, peak=None) 
dedode_L-C4-v2_B-upright: Processing pair 4 from disk...
dedode_L-C4-v2_B-upright: 8 match-sets in 0.81s
[Coarse] dedode_L-C4-v2_B-upright pair 5: dE=-17955.0 m dN=-315.0 m (from-pair-2, support=None, peak=None) 
dedode_L-C4-v2_B-upright: Processing pair 5 from disk...
dedode_L-C4-v2_B-upright: 9 match-sets in 0.81s
[Coarse] dedode_L-C4-v2_B-upright pair 6: dE=-17955.0 m dN=-315.0 m (from-pair-2, support=None, peak=None) 
dedode_L-C4-v2_B-upright: Processing pair 6 from disk...
dedode_L-C4-v2_B-upright: 9 match-sets in 0.81s
[Coarse] dedode_L-C4-v2_B-upright pair 7: dE=-17790.5 m dN=-428.0 m (from-pair-9, support=None, peak=None) 
dedode_L-C4-v2_B-upright: Processing pair 7 from disk...
dedode_L-C4-v2_B-upright: 29 match-sets in 2.49s
[Coarse] dedode_L-C4-v2_B-upright pair 8: dE=-17790.5 m dN=-428.0 m (from-pair-9, support=None, peak=None) 
dedode_L-C4-v2_B-upright: Processing pair 8 from disk...
dedode_L-C4-v2_B-upright: 30 match-sets in 2.55s
[Coarse] dedode_L-C4-v2_B-upright pair 9: dE=-17790.5 m dN=-428.0 m (phasecorr@315m, support=None, peak=0.031066529352914596) 
dedode_L-C4-v2_B-upright: Processing pair 9 from disk...
dedode_L-C4-v2_B-upright: 28 match-sets in 2.46s
[Coarse] dedode_L-C4-v2_B-upright pair 10: dE=-17955.0 m dN=-315.0 m (from-pair-14 (phasecorr disagreed), support=None, peak=0.04791493653487985) 
dedode_L-C4-v2_B-upright: Processing pair 10 from disk...
dedode_L-C4-v2_B-upright: 29 match-sets in 2.45s
[Coarse] dedode_L-C4-v2_B-upright pair 11: dE=-17955.0 m dN=-315.0 m (from-pair-10, support=None, peak=None) 
dedode_L-C4-v2_B-upright: Processing pair 11 from disk...
dedode_L-C4-v2_B-upright: 29 match-sets in 2.46s
[Coarse] dedode_L-C4-v2_B-upright pair 12: dE=-17955.0 m dN=-315.0 m (from-pair-14 (phasecorr disagreed), support=None, peak=0.1047012765466431) 
dedode_L-C4-v2_B-upright: Processing pair 12 from disk...
dedode_L-C4-v2_B-upright: 0 match-sets in 0.00s
[Coarse] dedode_L-C4-v2_B-upright pair 13: dE=-17955.0 m dN=-315.0 m (from-pair-14 (phasecorr disagreed), support=None, peak=0.09384612739086151) 
dedode_L-C4-v2_B-upright: Processing pair 13 from disk...
dedode_L-C4-v2_B-upright: 0 match-sets in 0.00s
[Coarse] dedode_L-C4-v2_B-upright pair 14: dE=-17955.0 m dN=-315.0 m (matcher@315m, support=9, peak=None) 
dedode_L-C4-v2_B-upright: Processing pair 14 from disk...
dedode_L-C4-v2_B-upright: 34 match-sets in 2.66s
[Coarse] dedode_L-C4-v2_B-upright pair 15: dE=-17955.0 m dN=-315.0 m (matcher@315m, support=13, peak=None) 
dedode_L-C4-v2_B-upright: Processing pair 15 from disk...
dedode_L-C4-v2_B-upright: 37 match-sets in 2.67s
[Coarse] dedode_L-C4-v2_B-upright pair 16: dE=-17955.0 m dN=-315.0 m (matcher@315m, support=10, peak=None) 
dedode_L-C4-v2_B-upright: Processing pair 16 from disk...
dedode_L-C4-v2_B-upright: 34 match-sets in 2.58s
[Coarse] dedode_L-C4-v2_B-upright pair 17: dE=-17955.0 m dN=0.0 m (matcher@315m, support=25, peak=None) 
dedode_L-C4-v2_B-upright: Processing pair 17 from disk...
dedode_L-C4-v2_B-upright: 38 match-sets in 2.56s
[Coarse] dedode_L-C4-v2_B-upright pair 18: dE=-17955.0 m dN=-315.0 m (from-pair-15 (phasecorr disagreed), support=None, peak=0.06863816733713503) 
dedode_L-C4-v2_B-upright: Processing pair 18 from disk...
dedode_L-C4-v2_B-upright: 0 match-sets in 0.00s
[Coarse] dedode_L-C4-v2_B-upright pair 19: dE=-17955.0 m dN=-315.0 m (from-pair-15 (phasecorr disagreed), support=None, peak=0.15104582491848204) 
dedode_L-C4-v2_B-upright: Processing pair 19 from disk...
dedode_L-C4-v2_B-upright: 0 match-sets in 0.00s
[Coarse] dedode_L-C4-v2_B-upright pair 20: dE=-17955.0 m dN=-315.0 m (from-pair-19, support=None, peak=None) 
dedode_L-C4-v2_B-upright: Processing pair 20 from disk...
dedode_L-C4-v2_B-upright: 0 match-sets in 0.00s
[Coarse] dedode_L-C4-v2_B-upright pair 21: dE=-17955.0 m dN=-315.0 m (from-pair-15 (phasecorr disagreed), support=None, peak=0.036990950946454645) 
dedode_L-C4-v2_B-upright: Processing pair 21 from disk...
dedode_L-C4-v2_B-upright: 0 match-sets in 0.00s
[Coarse] dedode_L-C4-v2_B-upright pair 22: dE=-17882.3 m dN=-311.5 m (phasecorr@315m, support=None, peak=0.12721613845825194) 
dedode_L-C4-v2_B-upright: Processing pair 22 from disk...
dedode_L-C4-v2_B-upright: 26 match-sets in 1.93s
[Coarse] dedode_L-C4-v2_B-upright pair 23: dE=-17911.9 m dN=-326.6 m (phasecorr@315m, support=None, peak=0.12881409482955933) 
dedode_L-C4-v2_B-upright: Processing pair 23 from disk...
dedode_L-C4-v2_B-upright: 22 match-sets in 1.54s
[Coarse] dedode_L-C4-v2_B-upright pair 24: dE=-17928.8 m dN=-415.6 m (phasecorr@315m, support=None, peak=0.035175936365127565) 
dedode_L-C4-v2_B-upright: Processing pair 24 from disk...
dedode_L-C4-v2_B-upright: 26 match-sets in 1.93s
[Coarse] dedode_L-C4-v2_B-upright pair 25: dE=-17844.2 m dN=-348.0 m (phasecorr@315m, support=None, peak=0.15328786741892497) 
dedode_L-C4-v2_B-upright: Processing pair 25 from disk...
dedode_L-C4-v2_B-upright: 26 match-sets in 1.92s
[Coarse] dedode_L-C4-v2_B-upright pair 26: dE=-17955.0 m dN=0.0 m (from-pair-27, support=None, peak=None) 
dedode_L-C4-v2_B-upright: Processing pair 26 from disk...
dedode_L-C4-v2_B-upright: 9 match-sets in 0.97s
[Coarse] dedode_L-C4-v2_B-upright pair 27: dE=-17955.0 m dN=0.0 m (from-pair-17 (phasecorr disagreed), support=None, peak=0.05064041456057702) 
dedode_L-C4-v2_B-upright: Processing pair 27 from disk...
dedode_L-C4-v2_B-upright: 9 match-sets in 0.98s
Saved:
 CHIP_STATS_ALL.csv
 CHIP_STATS_SURVIVORS.csv
 CONSENSUS_SCORES.csv
 BEST_CHIP_SET.csv
 BEST_CHIP_MANIFEST.csv
 BEST_FINAL_SUMMARY.csv
[band1] dedode_L-C4-v2_B-upright ok in 0.9 min, peak GPU memory 1.4 of 39.4 GB
--------------------------------------------------------------------------------
[band1] Running dedode_L-C4-v2_B-C4
DeDoDe: Loading L-C4-v2/B-C4...
dedode: Initializing LightGlue {'filter_threshold': 0.1, 'depth_confidence': 0.95, 'width_confidence': 0.99}...
Loaded LightGlue model
[Coarse] pair 3: no reliable coarse offset (matcher: no matches; phasecorr: {'dx': -16147.443677524008, 'dy': -26751.975000537102, 'support': None, 'n': None, 'peak': 0.00032880983234923565}); windows compared in place
[Coarse] pair 4: no reliable coarse offset (matcher: no matches; phasecorr: {'dx': 12882.472481301173, 'dy': 92621.70938170607, 'support': None, 'n': None, 'peak': -0.00012715039429841217}); windows compared in place
[Coarse] pair 5: no reliable coarse offset (matcher: no matches; phasecorr: {'dx': 3156.3479216096807, 'dy': 18300.67805989782, 'support': None, 'n': None, 'peak': 0.020832994549224774}); windows compared in place
[Coarse] pair 6: no reliable coarse offset (matcher: no matches; phasecorr: {'dx': -15852.800158210905, 'dy': 18737.59796077822, 'support': None, 'n': None, 'peak': -0.0027571213742097218}); windows compared in place
[Coarse] pair 7: no reliable coarse offset (matcher: no matches; phasecorr: {'dx': -17660.72648465004, 'dy': -478.5174601560547, 'support': None, 'n': None, 'peak': 0.0218074359204816}); windows compared in place
[Coarse] pair 8: no reliable coarse offset (matcher: no matches; phasecorr: {'dx': -18002.059573769864, 'dy': -489.60497923140906, 'support': None, 'n': None, 'peak': 0.011968647486368816}); windows compared in place
[Coarse] pair 11: no reliable coarse offset (matcher: no matches; phasecorr: {'dx': -18107.733154651494, 'dy': -332.5590928480355, 'support': None, 'n': None, 'peak': 0.020898853179031604}); windows compared in place
[Coarse] pair 20: no reliable coarse offset (matcher: no matches; phasecorr: {'dx': -28903.23193639674, 'dy': -12953.216285335406, 'support': None, 'n': None, 'peak': 0.008737401829825507}); windows compared in place
[Coarse] pair 26: no reliable coarse offset (matcher: no matches; phasecorr: {'dx': -96306.08142606622, 'dy': -17142.367293993742, 'support': None, 'n': None, 'peak': 0.02253384519977334}); windows compared in place
[Coarse] pair 2: phase correlation gave dE=-8934 m dN=5487 m, 10.6 km from every offset the matcher measured; using pair 14's (dE=-17955 m dN=-315 m)
[Coarse] pair 10: phase correlation gave dE=43169 m dN=-4147 m, 61.2 km from every offset the matcher measured; using pair 14's (dE=-17955 m dN=-315 m)
[Coarse] pair 12: phase correlation gave dE=-1877 m dN=10017 m, 18.9 km from every offset the matcher measured; using pair 14's (dE=-17955 m dN=-315 m)
[Coarse] pair 13: phase correlation gave dE=7584 m dN=8567 m, 26.9 km from every offset the matcher measured; using pair 14's (dE=-17955 m dN=-315 m)
[Coarse] pair 18: phase correlation gave dE=744 m dN=-16615 m, 24.8 km from every offset the matcher measured; using pair 15's (dE=-17955 m dN=-315 m)
[Coarse] pair 19: phase correlation gave dE=11920 m dN=-17918 m, 34.7 km from every offset the matcher measured; using pair 15's (dE=-17955 m dN=-315 m)
[Coarse] pair 21: phase correlation gave dE=-11414 m dN=-17047 m, 18.0 km from every offset the matcher measured; using pair 15's (dE=-17955 m dN=-315 m)
[Coarse] pair 27: phase correlation gave dE=-97898 m dN=-6012 m, 80.1 km from every offset the matcher measured; using pair 17's (dE=-17955 m dN=0 m)
[Coarse] dedode_L-C4-v2_B-C4 pair 1: dE=-18062.2 m dN=-904.8 m (phasecorr@315m, support=None, peak=0.03257782713572184) 
dedode_L-C4-v2_B-C4: Processing pair 1 from disk...
dedode_L-C4-v2_B-C4: 13 match-sets in 0.78s
[Coarse] dedode_L-C4-v2_B-C4 pair 2: dE=-17955.0 m dN=-315.0 m (from-pair-14 (phasecorr disagreed), support=None, peak=0.03413578109976686) 
dedode_L-C4-v2_B-C4: Processing pair 2 from disk...
dedode_L-C4-v2_B-C4: 12 match-sets in 0.79s
[Coarse] dedode_L-C4-v2_B-C4 pair 3: dE=-18062.2 m dN=-904.8 m (from-pair-1, support=None, peak=None) 
dedode_L-C4-v2_B-C4: Processing pair 3 from disk...
dedode_L-C4-v2_B-C4: 8 match-sets in 0.78s
[Coarse] dedode_L-C4-v2_B-C4 pair 4: dE=-17955.0 m dN=-315.0 m (from-pair-2, support=None, peak=None) 
dedode_L-C4-v2_B-C4: Processing pair 4 from disk...
dedode_L-C4-v2_B-C4: 10 match-sets in 0.83s
[Coarse] dedode_L-C4-v2_B-C4 pair 5: dE=-17955.0 m dN=-315.0 m (from-pair-2, support=None, peak=None) 
dedode_L-C4-v2_B-C4: Processing pair 5 from disk...
dedode_L-C4-v2_B-C4: 8 match-sets in 0.83s
[Coarse] dedode_L-C4-v2_B-C4 pair 6: dE=-17955.0 m dN=-315.0 m (from-pair-2, support=None, peak=None) 
dedode_L-C4-v2_B-C4: Processing pair 6 from disk...
dedode_L-C4-v2_B-C4: 9 match-sets in 0.91s
[Coarse] dedode_L-C4-v2_B-C4 pair 7: dE=-17790.5 m dN=-428.0 m (from-pair-9, support=None, peak=None) 
dedode_L-C4-v2_B-C4: Processing pair 7 from disk...
dedode_L-C4-v2_B-C4: 30 match-sets in 2.99s
[Coarse] dedode_L-C4-v2_B-C4 pair 8: dE=-17790.5 m dN=-428.0 m (from-pair-9, support=None, peak=None) 
dedode_L-C4-v2_B-C4: Processing pair 8 from disk...
dedode_L-C4-v2_B-C4: 33 match-sets in 2.88s
[Coarse] dedode_L-C4-v2_B-C4 pair 9: dE=-17790.5 m dN=-428.0 m (phasecorr@315m, support=None, peak=0.031066529352914596) 
dedode_L-C4-v2_B-C4: Processing pair 9 from disk...
dedode_L-C4-v2_B-C4: 28 match-sets in 2.51s
[Coarse] dedode_L-C4-v2_B-C4 pair 10: dE=-17955.0 m dN=-315.0 m (from-pair-14 (phasecorr disagreed), support=None, peak=0.04791493653487985) 
dedode_L-C4-v2_B-C4: Processing pair 10 from disk...
dedode_L-C4-v2_B-C4: 26 match-sets in 2.51s
[Coarse] dedode_L-C4-v2_B-C4 pair 11: dE=-17955.0 m dN=-315.0 m (from-pair-10, support=None, peak=None) 
dedode_L-C4-v2_B-C4: Processing pair 11 from disk...
dedode_L-C4-v2_B-C4: 29 match-sets in 2.72s
[Coarse] dedode_L-C4-v2_B-C4 pair 12: dE=-17955.0 m dN=-315.0 m (from-pair-14 (phasecorr disagreed), support=None, peak=0.1047012765466431) 
dedode_L-C4-v2_B-C4: Processing pair 12 from disk...
dedode_L-C4-v2_B-C4: 0 match-sets in 0.00s
[Coarse] dedode_L-C4-v2_B-C4 pair 13: dE=-17955.0 m dN=-315.0 m (from-pair-14 (phasecorr disagreed), support=None, peak=0.09384612739086151) 
dedode_L-C4-v2_B-C4: Processing pair 13 from disk...
dedode_L-C4-v2_B-C4: 0 match-sets in 0.00s
[Coarse] dedode_L-C4-v2_B-C4 pair 14: dE=-17955.0 m dN=-315.0 m (matcher@315m, support=9, peak=None) 
dedode_L-C4-v2_B-C4: Processing pair 14 from disk...
dedode_L-C4-v2_B-C4: 36 match-sets in 3.04s
[Coarse] dedode_L-C4-v2_B-C4 pair 15: dE=-17955.0 m dN=-315.0 m (matcher@315m, support=12, peak=None) 
dedode_L-C4-v2_B-C4: Processing pair 15 from disk...
dedode_L-C4-v2_B-C4: 37 match-sets in 3.04s
[Coarse] dedode_L-C4-v2_B-C4 pair 16: dE=-17955.0 m dN=-315.0 m (matcher@315m, support=14, peak=None) 
dedode_L-C4-v2_B-C4: Processing pair 16 from disk...
dedode_L-C4-v2_B-C4: 37 match-sets in 2.91s
[Coarse] dedode_L-C4-v2_B-C4 pair 17: dE=-17955.0 m dN=0.0 m (matcher@315m, support=40, peak=None) 
dedode_L-C4-v2_B-C4: Processing pair 17 from disk...
dedode_L-C4-v2_B-C4: 36 match-sets in 2.94s
[Coarse] dedode_L-C4-v2_B-C4 pair 18: dE=-17955.0 m dN=-315.0 m (from-pair-15 (phasecorr disagreed), support=None, peak=0.06863816733713503) 
dedode_L-C4-v2_B-C4: Processing pair 18 from disk...
dedode_L-C4-v2_B-C4: 0 match-sets in 0.00s
[Coarse] dedode_L-C4-v2_B-C4 pair 19: dE=-17955.0 m dN=-315.0 m (from-pair-15 (phasecorr disagreed), support=None, peak=0.15104582491848204) 
dedode_L-C4-v2_B-C4: Processing pair 19 from disk...
dedode_L-C4-v2_B-C4: 0 match-sets in 0.00s
[Coarse] dedode_L-C4-v2_B-C4 pair 20: dE=-17955.0 m dN=-315.0 m (from-pair-19, support=None, peak=None) 
dedode_L-C4-v2_B-C4: Processing pair 20 from disk...
dedode_L-C4-v2_B-C4: 0 match-sets in 0.00s
[Coarse] dedode_L-C4-v2_B-C4 pair 21: dE=-17955.0 m dN=-315.0 m (from-pair-15 (phasecorr disagreed), support=None, peak=0.036990950946454645) 
dedode_L-C4-v2_B-C4: Processing pair 21 from disk...
dedode_L-C4-v2_B-C4: 0 match-sets in 0.00s
[Coarse] dedode_L-C4-v2_B-C4 pair 22: dE=-17882.3 m dN=-311.5 m (phasecorr@315m, support=None, peak=0.12721613845825194) 
dedode_L-C4-v2_B-C4: Processing pair 22 from disk...
dedode_L-C4-v2_B-C4: 26 match-sets in 2.30s
[Coarse] dedode_L-C4-v2_B-C4 pair 23: dE=-17911.9 m dN=-326.6 m (phasecorr@315m, support=None, peak=0.12881409482955933) 
dedode_L-C4-v2_B-C4: Processing pair 23 from disk...
dedode_L-C4-v2_B-C4: 25 match-sets in 1.84s
[Coarse] dedode_L-C4-v2_B-C4 pair 24: dE=-17928.8 m dN=-415.6 m (phasecorr@315m, support=None, peak=0.035175936365127565) 
dedode_L-C4-v2_B-C4: Processing pair 24 from disk...
dedode_L-C4-v2_B-C4: 29 match-sets in 2.24s
[Coarse] dedode_L-C4-v2_B-C4 pair 25: dE=-17844.2 m dN=-348.0 m (phasecorr@315m, support=None, peak=0.15328786741892497) 
dedode_L-C4-v2_B-C4: Processing pair 25 from disk...
dedode_L-C4-v2_B-C4: 27 match-sets in 2.23s
[Coarse] dedode_L-C4-v2_B-C4 pair 26: dE=-17955.0 m dN=0.0 m (from-pair-27, support=None, peak=None) 
dedode_L-C4-v2_B-C4: Processing pair 26 from disk...
dedode_L-C4-v2_B-C4: 8 match-sets in 1.11s
[Coarse] dedode_L-C4-v2_B-C4 pair 27: dE=-17955.0 m dN=0.0 m (from-pair-17 (phasecorr disagreed), support=None, peak=0.05064041456057702) 
dedode_L-C4-v2_B-C4: Processing pair 27 from disk...
dedode_L-C4-v2_B-C4: 8 match-sets in 1.10s
Saved:
 CHIP_STATS_ALL.csv
 CHIP_STATS_SURVIVORS.csv
 CONSENSUS_SCORES.csv
 BEST_CHIP_SET.csv
 BEST_CHIP_MANIFEST.csv
 BEST_FINAL_SUMMARY.csv
[band1] dedode_L-C4-v2_B-C4 ok in 0.9 min, peak GPU memory 1.4 of 39.4 GB
--------------------------------------------------------------------------------
[band1] Running dedode_L-C4-v2_G-C4
DeDoDe: Loading L-C4-v2/G-C4...
dedode: Initializing LightGlue {'filter_threshold': 0.1, 'depth_confidence': 0.95, 'width_confidence': 0.99}...
Loaded LightGlue model
[Coarse] pair 3: no reliable coarse offset (matcher: no matches; phasecorr: {'dx': -16147.443677524008, 'dy': -26751.975000537102, 'support': None, 'n': None, 'peak': 0.00032880983234923565}); windows compared in place
[Coarse] pair 4: no reliable coarse offset (matcher: no matches; phasecorr: {'dx': 12882.472481301173, 'dy': 92621.70938170607, 'support': None, 'n': None, 'peak': -0.00012715039429841217}); windows compared in place
[Coarse] pair 5: no reliable coarse offset (matcher: no matches; phasecorr: {'dx': 3156.3479216096807, 'dy': 18300.67805989782, 'support': None, 'n': None, 'peak': 0.020832994549224774}); windows compared in place
[Coarse] pair 6: no reliable coarse offset (matcher: no matches; phasecorr: {'dx': -15852.800158210905, 'dy': 18737.59796077822, 'support': None, 'n': None, 'peak': -0.0027571213742097218}); windows compared in place
[Coarse] pair 7: no reliable coarse offset (matcher: no matches; phasecorr: {'dx': -17660.72648465004, 'dy': -478.5174601560547, 'support': None, 'n': None, 'peak': 0.0218074359204816}); windows compared in place
[Coarse] pair 8: no reliable coarse offset (matcher: {'dx': -17482.5, 'dy': -945.0, 'support': 2, 'n': 3, 'peak': None}; phasecorr: {'dx': -18002.059573769864, 'dy': -489.60497923140906, 'support': None, 'n': None, 'peak': 0.011968647486368816}); windows compared in place
[Coarse] pair 11: no reliable coarse offset (matcher: {'dx': -18585.0, 'dy': 472.5, 'support': 2, 'n': 5, 'peak': None}; phasecorr: {'dx': -18107.733154651494, 'dy': -332.5590928480355, 'support': None, 'n': None, 'peak': 0.020898853179031604}); windows compared in place
[Coarse] pair 20: no reliable coarse offset (matcher: no matches; phasecorr: {'dx': -28903.23193639674, 'dy': -12953.216285335406, 'support': None, 'n': None, 'peak': 0.008737401829825507}); windows compared in place
[Coarse] pair 26: no reliable coarse offset (matcher: no matches; phasecorr: {'dx': -96306.08142606622, 'dy': -17142.367293993742, 'support': None, 'n': None, 'peak': 0.02253384519977334}); windows compared in place
[Coarse] pair 2: phase correlation gave dE=-8934 m dN=5487 m, 10.4 km from every offset the matcher measured; using pair 1's (dE=-17955 m dN=315 m)
[Coarse] pair 10: phase correlation gave dE=43169 m dN=-4147 m, 61.2 km from every offset the matcher measured; using pair 1's (dE=-17955 m dN=315 m)
[Coarse] pair 12: phase correlation gave dE=-1877 m dN=10017 m, 18.8 km from every offset the matcher measured; using pair 15's (dE=-17955 m dN=-0 m)
[Coarse] pair 13: phase correlation gave dE=7584 m dN=8567 m, 26.8 km from every offset the matcher measured; using pair 15's (dE=-17955 m dN=-0 m)
[Coarse] pair 18: phase correlation gave dE=744 m dN=-16615 m, 24.8 km from every offset the matcher measured; using pair 15's (dE=-17955 m dN=-0 m)
[Coarse] pair 19: phase correlation gave dE=11920 m dN=-17918 m, 34.7 km from every offset the matcher measured; using pair 15's (dE=-17955 m dN=-0 m)
[Coarse] pair 21: phase correlation gave dE=-11414 m dN=-17047 m, 18.0 km from every offset the matcher measured; using pair 15's (dE=-17955 m dN=-0 m)
[Coarse] pair 27: phase correlation gave dE=-97898 m dN=-6012 m, 80.1 km from every offset the matcher measured; using pair 17's (dE=-17955 m dN=-315 m)
[Coarse] dedode_L-C4-v2_G-C4 pair 1: dE=-17955.0 m dN=315.0 m (matcher@315m, support=9, peak=None) 
dedode_L-C4-v2_G-C4: Processing pair 1 from disk...
dedode_L-C4-v2_G-C4: 14 match-sets in 1.38s
[Coarse] dedode_L-C4-v2_G-C4 pair 2: dE=-17955.0 m dN=315.0 m (from-pair-1 (phasecorr disagreed), support=None, peak=0.03413578109976686) 
dedode_L-C4-v2_G-C4: Processing pair 2 from disk...
dedode_L-C4-v2_G-C4: 10 match-sets in 1.36s
[Coarse] dedode_L-C4-v2_G-C4 pair 3: dE=-17955.0 m dN=315.0 m (from-pair-1, support=None, peak=None) 
dedode_L-C4-v2_G-C4: Processing pair 3 from disk...
dedode_L-C4-v2_G-C4: 9 match-sets in 1.37s
[Coarse] dedode_L-C4-v2_G-C4 pair 4: dE=-17955.0 m dN=315.0 m (from-pair-2, support=None, peak=None) 
dedode_L-C4-v2_G-C4: Processing pair 4 from disk...
dedode_L-C4-v2_G-C4: 11 match-sets in 1.60s
[Coarse] dedode_L-C4-v2_G-C4 pair 5: dE=-17955.0 m dN=315.0 m (from-pair-2, support=None, peak=None) 
dedode_L-C4-v2_G-C4: Processing pair 5 from disk...
dedode_L-C4-v2_G-C4: 9 match-sets in 1.58s
[Coarse] dedode_L-C4-v2_G-C4 pair 6: dE=-17955.0 m dN=315.0 m (from-pair-2, support=None, peak=None) 
dedode_L-C4-v2_G-C4: Processing pair 6 from disk...
dedode_L-C4-v2_G-C4: 9 match-sets in 1.40s
[Coarse] dedode_L-C4-v2_G-C4 pair 7: dE=-17790.5 m dN=-428.0 m (from-pair-9, support=None, peak=None) 
dedode_L-C4-v2_G-C4: Processing pair 7 from disk...
dedode_L-C4-v2_G-C4: 32 match-sets in 4.27s
[Coarse] dedode_L-C4-v2_G-C4 pair 8: dE=-17790.5 m dN=-428.0 m (from-pair-9, support=None, peak=None) 
dedode_L-C4-v2_G-C4: Processing pair 8 from disk...
dedode_L-C4-v2_G-C4: 32 match-sets in 4.30s
[Coarse] dedode_L-C4-v2_G-C4 pair 9: dE=-17790.5 m dN=-428.0 m (phasecorr@315m, support=None, peak=0.031066529352914596) 
dedode_L-C4-v2_G-C4: Processing pair 9 from disk...
dedode_L-C4-v2_G-C4: 30 match-sets in 4.19s
[Coarse] dedode_L-C4-v2_G-C4 pair 10: dE=-17955.0 m dN=315.0 m (from-pair-1 (phasecorr disagreed), support=None, peak=0.04791493653487985) 
dedode_L-C4-v2_G-C4: Processing pair 10 from disk...
dedode_L-C4-v2_G-C4: 31 match-sets in 4.49s
[Coarse] dedode_L-C4-v2_G-C4 pair 11: dE=-17955.0 m dN=315.0 m (from-pair-10, support=None, peak=None) 
dedode_L-C4-v2_G-C4: Processing pair 11 from disk...
dedode_L-C4-v2_G-C4: 29 match-sets in 4.29s
[Coarse] dedode_L-C4-v2_G-C4 pair 12: dE=-17955.0 m dN=-0.0 m (from-pair-15 (phasecorr disagreed), support=None, peak=0.1047012765466431) 
dedode_L-C4-v2_G-C4: Processing pair 12 from disk...
dedode_L-C4-v2_G-C4: 0 match-sets in 0.00s
[Coarse] dedode_L-C4-v2_G-C4 pair 13: dE=-17955.0 m dN=-0.0 m (from-pair-15 (phasecorr disagreed), support=None, peak=0.09384612739086151) 
dedode_L-C4-v2_G-C4: Processing pair 13 from disk...
dedode_L-C4-v2_G-C4: 0 match-sets in 0.00s
[Coarse] dedode_L-C4-v2_G-C4 pair 14: dE=-18039.9 m dN=-308.2 m (phasecorr@315m, support=None, peak=0.04961982255158601) 
dedode_L-C4-v2_G-C4: Processing pair 14 from disk...
dedode_L-C4-v2_G-C4: 33 match-sets in 4.38s
[Coarse] dedode_L-C4-v2_G-C4 pair 15: dE=-17955.0 m dN=-0.0 m (matcher@315m, support=13, peak=None) 
dedode_L-C4-v2_G-C4: Processing pair 15 from disk...
dedode_L-C4-v2_G-C4: 34 match-sets in 4.43s
[Coarse] dedode_L-C4-v2_G-C4 pair 16: dE=-18113.0 m dN=-129.2 m (phasecorr@315m, support=None, peak=0.054434785683949785) 
dedode_L-C4-v2_G-C4: Processing pair 16 from disk...
dedode_L-C4-v2_G-C4: 32 match-sets in 4.28s
[Coarse] dedode_L-C4-v2_G-C4 pair 17: dE=-17955.0 m dN=-315.0 m (matcher@315m, support=15, peak=None) 
dedode_L-C4-v2_G-C4: Processing pair 17 from disk...
dedode_L-C4-v2_G-C4: 35 match-sets in 4.25s
[Coarse] dedode_L-C4-v2_G-C4 pair 18: dE=-17955.0 m dN=-0.0 m (from-pair-15 (phasecorr disagreed), support=None, peak=0.06863816733713503) 
dedode_L-C4-v2_G-C4: Processing pair 18 from disk...
dedode_L-C4-v2_G-C4: 0 match-sets in 0.00s
[Coarse] dedode_L-C4-v2_G-C4 pair 19: dE=-17955.0 m dN=-0.0 m (from-pair-15 (phasecorr disagreed), support=None, peak=0.15104582491848204) 
dedode_L-C4-v2_G-C4: Processing pair 19 from disk...
dedode_L-C4-v2_G-C4: 0 match-sets in 0.00s
[Coarse] dedode_L-C4-v2_G-C4 pair 20: dE=-17955.0 m dN=-0.0 m (from-pair-19, support=None, peak=None) 
dedode_L-C4-v2_G-C4: Processing pair 20 from disk...
dedode_L-C4-v2_G-C4: 0 match-sets in 0.00s
[Coarse] dedode_L-C4-v2_G-C4 pair 21: dE=-17955.0 m dN=-0.0 m (from-pair-15 (phasecorr disagreed), support=None, peak=0.036990950946454645) 
dedode_L-C4-v2_G-C4: Processing pair 21 from disk...
dedode_L-C4-v2_G-C4: 0 match-sets in 0.00s
[Coarse] dedode_L-C4-v2_G-C4 pair 22: dE=-17882.3 m dN=-311.5 m (phasecorr@315m, support=None, peak=0.12721613845825194) 
dedode_L-C4-v2_G-C4: Processing pair 22 from disk...
dedode_L-C4-v2_G-C4: 24 match-sets in 3.37s
[Coarse] dedode_L-C4-v2_G-C4 pair 23: dE=-17911.9 m dN=-326.6 m (phasecorr@315m, support=None, peak=0.12881409482955933) 
dedode_L-C4-v2_G-C4: Processing pair 23 from disk...
dedode_L-C4-v2_G-C4: 20 match-sets in 2.69s
[Coarse] dedode_L-C4-v2_G-C4 pair 24: dE=-17928.8 m dN=-415.6 m (phasecorr@315m, support=None, peak=0.035175936365127565) 
dedode_L-C4-v2_G-C4: Processing pair 24 from disk...
dedode_L-C4-v2_G-C4: 23 match-sets in 3.37s
[Coarse] dedode_L-C4-v2_G-C4 pair 25: dE=-17844.2 m dN=-348.0 m (phasecorr@315m, support=None, peak=0.15328786741892497) 
dedode_L-C4-v2_G-C4: Processing pair 25 from disk...
dedode_L-C4-v2_G-C4: 23 match-sets in 3.37s
[Coarse] dedode_L-C4-v2_G-C4 pair 26: dE=-17955.0 m dN=-315.0 m (from-pair-27, support=None, peak=None) 
dedode_L-C4-v2_G-C4: Processing pair 26 from disk...
dedode_L-C4-v2_G-C4: 8 match-sets in 1.81s
[Coarse] dedode_L-C4-v2_G-C4 pair 27: dE=-17955.0 m dN=-315.0 m (from-pair-17 (phasecorr disagreed), support=None, peak=0.05064041456057702) 
dedode_L-C4-v2_G-C4: Processing pair 27 from disk...
dedode_L-C4-v2_G-C4: 7 match-sets in 1.57s
Saved:
 CHIP_STATS_ALL.csv
 CHIP_STATS_SURVIVORS.csv
 CONSENSUS_SCORES.csv
 BEST_CHIP_SET.csv
 BEST_CHIP_MANIFEST.csv
 BEST_FINAL_SUMMARY.csv
[band1] dedode_L-C4-v2_G-C4 ok in 1.4 min, peak GPU memory 17.4 of 39.4 GB
--------------------------------------------------------------------------------
[band1] Running keynet
KeyNet: Loading KeyNet-AffNet-HardNet (upright=True)...
keynet: Initializing LightGlue {'filter_threshold': 0.1, 'depth_confidence': 0.95, 'width_confidence': 0.99}...
Loaded LightGlue model
[Coarse] pair 3: no reliable coarse offset (matcher: no matches; phasecorr: {'dx': -16147.443677524008, 'dy': -26751.975000537102, 'support': None, 'n': None, 'peak': 0.00032880983234923565}); windows compared in place
[Coarse] pair 4: no reliable coarse offset (matcher: no matches; phasecorr: {'dx': 12882.472481301173, 'dy': 92621.70938170607, 'support': None, 'n': None, 'peak': -0.00012715039429841217}); windows compared in place
[Coarse] pair 5: no reliable coarse offset (matcher: no matches; phasecorr: {'dx': 3156.3479216096807, 'dy': 18300.67805989782, 'support': None, 'n': None, 'peak': 0.020832994549224774}); windows compared in place
[Coarse] pair 6: no reliable coarse offset (matcher: no matches; phasecorr: {'dx': -15852.800158210905, 'dy': 18737.59796077822, 'support': None, 'n': None, 'peak': -0.0027571213742097218}); windows compared in place
[Coarse] pair 7: no reliable coarse offset (matcher: no matches; phasecorr: {'dx': -17660.72648465004, 'dy': -478.5174601560547, 'support': None, 'n': None, 'peak': 0.0218074359204816}); windows compared in place
[Coarse] pair 8: no reliable coarse offset (matcher: no matches; phasecorr: {'dx': -18002.059573769864, 'dy': -489.60497923140906, 'support': None, 'n': None, 'peak': 0.011968647486368816}); windows compared in place
[Coarse] pair 11: no reliable coarse offset (matcher: no matches; phasecorr: {'dx': -18107.733154651494, 'dy': -332.5590928480355, 'support': None, 'n': None, 'peak': 0.020898853179031604}); windows compared in place
[Coarse] pair 20: no reliable coarse offset (matcher: no matches; phasecorr: {'dx': -28903.23193639674, 'dy': -12953.216285335406, 'support': None, 'n': None, 'peak': 0.008737401829825507}); windows compared in place
[Coarse] pair 26: no reliable coarse offset (matcher: no matches; phasecorr: {'dx': -96306.08142606622, 'dy': -17142.367293993742, 'support': None, 'n': None, 'peak': 0.02253384519977334}); windows compared in place
[Coarse] pair 2: phase correlation gave dE=-8934 m dN=5487 m, 10.7 km from every offset the matcher measured; using pair 1's (dE=-18089 m dN=-482 m)
[Coarse] pair 10: phase correlation gave dE=43169 m dN=-4147 m, 61.1 km from every offset the matcher measured; using pair 1's (dE=-18089 m dN=-482 m)
[Coarse] pair 12: phase correlation gave dE=-1877 m dN=10017 m, 19.1 km from every offset the matcher measured; using pair 1's (dE=-18089 m dN=-482 m)
[Coarse] pair 13: phase correlation gave dE=7584 m dN=8567 m, 27.0 km from every offset the matcher measured; using pair 1's (dE=-18089 m dN=-482 m)
[Coarse] pair 18: phase correlation gave dE=744 m dN=-16615 m, 24.6 km from every offset the matcher measured; using pair 25's (dE=-17808 m dN=-479 m)
[Coarse] pair 19: phase correlation gave dE=11920 m dN=-17918 m, 34.5 km from every offset the matcher measured; using pair 25's (dE=-17808 m dN=-479 m)
[Coarse] pair 21: phase correlation gave dE=-11414 m dN=-17047 m, 17.8 km from every offset the matcher measured; using pair 25's (dE=-17808 m dN=-479 m)
[Coarse] pair 27: phase correlation gave dE=-97898 m dN=-6012 m, 80.0 km from every offset the matcher measured; using pair 22's (dE=-17875 m dN=-370 m)
[Coarse] keynet pair 1: dE=-18088.9 m dN=-481.9 m (matcher@315m, support=10, peak=None) 
keynet: Processing pair 1 from disk...
keynet: 11 match-sets in 3.98s
[Coarse] keynet pair 2: dE=-18088.9 m dN=-481.9 m (from-pair-1 (phasecorr disagreed), support=None, peak=0.03413578109976686) 
keynet: Processing pair 2 from disk...
keynet: 11 match-sets in 3.95s
[Coarse] keynet pair 3: dE=-18088.9 m dN=-481.9 m (from-pair-1, support=None, peak=None) 
keynet: Processing pair 3 from disk...
keynet: 8 match-sets in 3.14s
[Coarse] keynet pair 4: dE=-18088.9 m dN=-481.9 m (from-pair-2, support=None, peak=None) 
keynet: Processing pair 4 from disk...
keynet: 9 match-sets in 3.66s
[Coarse] keynet pair 5: dE=-18088.9 m dN=-481.9 m (from-pair-2, support=None, peak=None) 
keynet: Processing pair 5 from disk...
keynet: 12 match-sets in 3.75s
[Coarse] keynet pair 6: dE=-18088.9 m dN=-481.9 m (from-pair-2, support=None, peak=None) 
keynet: Processing pair 6 from disk...
keynet: 10 match-sets in 3.45s
[Coarse] keynet pair 7: dE=-17790.5 m dN=-428.0 m (from-pair-9, support=None, peak=None) 
keynet: Processing pair 7 from disk...
keynet: 35 match-sets in 9.73s
[Coarse] keynet pair 8: dE=-17790.5 m dN=-428.0 m (from-pair-9, support=None, peak=None) 
keynet: Processing pair 8 from disk...
keynet: 36 match-sets in 7.88s
[Coarse] keynet pair 9: dE=-17790.5 m dN=-428.0 m (phasecorr@315m, support=None, peak=0.031066529352914596) 
keynet: Processing pair 9 from disk...
keynet: 36 match-sets in 9.32s
[Coarse] keynet pair 10: dE=-18088.9 m dN=-481.9 m (from-pair-1 (phasecorr disagreed), support=None, peak=0.04791493653487985) 
keynet: Processing pair 10 from disk...
keynet: 24 match-sets in 9.59s
[Coarse] keynet pair 11: dE=-18088.9 m dN=-481.9 m (from-pair-10, support=None, peak=None) 
keynet: Processing pair 11 from disk...
keynet: 27 match-sets in 7.29s
[Coarse] keynet pair 12: dE=-18088.9 m dN=-481.9 m (from-pair-1 (phasecorr disagreed), support=None, peak=0.1047012765466431) 
keynet: Processing pair 12 from disk...
keynet: 0 match-sets in 0.00s
[Coarse] keynet pair 13: dE=-18088.9 m dN=-481.9 m (from-pair-1 (phasecorr disagreed), support=None, peak=0.09384612739086151) 
keynet: Processing pair 13 from disk...
keynet: 0 match-sets in 0.00s
[Coarse] keynet pair 14: dE=-18039.9 m dN=-308.2 m (phasecorr@315m, support=None, peak=0.04961982255158601) 
keynet: Processing pair 14 from disk...
keynet: 38 match-sets in 9.14s
[Coarse] keynet pair 15: dE=-18033.6 m dN=-269.1 m (phasecorr@315m, support=None, peak=0.0587093012491862) 
keynet: Processing pair 15 from disk...
keynet: 40 match-sets in 7.61s
[Coarse] keynet pair 16: dE=-18064.2 m dN=-213.3 m (matcher@315m, support=31, peak=None) 
keynet: Processing pair 16 from disk...
keynet: 36 match-sets in 8.29s
[Coarse] keynet pair 17: dE=-18058.0 m dN=-213.3 m (matcher@315m, support=47, peak=None) 
keynet: Processing pair 17 from disk...
keynet: 34 match-sets in 5.80s
[Coarse] keynet pair 18: dE=-17808.2 m dN=-479.1 m (from-pair-25 (phasecorr disagreed), support=None, peak=0.06863816733713503) 
keynet: Processing pair 18 from disk...
keynet: 0 match-sets in 0.00s
[Coarse] keynet pair 19: dE=-17808.2 m dN=-479.1 m (from-pair-25 (phasecorr disagreed), support=None, peak=0.15104582491848204) 
keynet: Processing pair 19 from disk...
keynet: 0 match-sets in 0.00s
[Coarse] keynet pair 20: dE=-17808.2 m dN=-479.1 m (from-pair-19, support=None, peak=None) 
keynet: Processing pair 20 from disk...
keynet: 0 match-sets in 0.00s
[Coarse] keynet pair 21: dE=-17808.2 m dN=-479.1 m (from-pair-25 (phasecorr disagreed), support=None, peak=0.036990950946454645) 
keynet: Processing pair 21 from disk...
keynet: 0 match-sets in 0.00s
[Coarse] keynet pair 22: dE=-17874.9 m dN=-370.4 m (matcher@315m, support=10, peak=None) 
keynet: Processing pair 22 from disk...
keynet: 29 match-sets in 6.43s
[Coarse] keynet pair 23: dE=-17911.9 m dN=-326.6 m (phasecorr@315m, support=None, peak=0.12881409482955933) 
keynet: Processing pair 23 from disk...
keynet: 21 match-sets in 3.99s
[Coarse] keynet pair 24: dE=-17928.8 m dN=-415.6 m (phasecorr@315m, support=None, peak=0.035175936365127565) 
keynet: Processing pair 24 from disk...
keynet: 25 match-sets in 5.52s
[Coarse] keynet pair 25: dE=-17808.2 m dN=-479.1 m (matcher@315m, support=12, peak=None) 
keynet: Processing pair 25 from disk...
keynet: 26 match-sets in 5.26s
[Coarse] keynet pair 26: dE=-17874.9 m dN=-370.4 m (from-pair-27, support=None, peak=None) 
keynet: Processing pair 26 from disk...
keynet: 7 match-sets in 2.75s
[Coarse] keynet pair 27: dE=-17874.9 m dN=-370.4 m (from-pair-22 (phasecorr disagreed), support=None, peak=0.05064041456057702) 
keynet: Processing pair 27 from disk...
keynet: 8 match-sets in 2.42s
Saved:
 CHIP_STATS_ALL.csv
 CHIP_STATS_SURVIVORS.csv
 CONSENSUS_SCORES.csv
 BEST_CHIP_SET.csv
 BEST_CHIP_MANIFEST.csv
 BEST_FINAL_SUMMARY.csv
[band1] keynet ok in 2.6 min, peak GPU memory 3.1 of 39.4 GB
--------------------------------------------------------------------------------
[band1] Running dog_hardnet
DoG: Loading HardNet (upright=True)...
dog: Initializing LightGlue {'filter_threshold': 0.1, 'depth_confidence': 0.95, 'width_confidence': 0.99}...
Loaded LightGlue model
[Coarse] pair 3: no reliable coarse offset (matcher: no matches; phasecorr: {'dx': -16147.443677524008, 'dy': -26751.975000537102, 'support': None, 'n': None, 'peak': 0.00032880983234923565}); windows compared in place
[Coarse] pair 4: no reliable coarse offset (matcher: no matches; phasecorr: {'dx': 12882.472481301173, 'dy': 92621.70938170607, 'support': None, 'n': None, 'peak': -0.00012715039429841217}); windows compared in place
[Coarse] pair 5: no reliable coarse offset (matcher: {'dx': -18270.0, 'dy': -733.78515625, 'support': 3, 'n': 3, 'peak': None}; phasecorr: {'dx': 3156.3479216096807, 'dy': 18300.67805989782, 'support': None, 'n': None, 'peak': 0.020832994549224774}); windows compared in place
[Coarse] pair 6: no reliable coarse offset (matcher: no matches; phasecorr: {'dx': -15852.800158210905, 'dy': 18737.59796077822, 'support': None, 'n': None, 'peak': -0.0027571213742097218}); windows compared in place
[Coarse] pair 7: no reliable coarse offset (matcher: no matches; phasecorr: {'dx': -17660.72648465004, 'dy': -478.5174601560547, 'support': None, 'n': None, 'peak': 0.0218074359204816}); windows compared in place
[Coarse] pair 8: no reliable coarse offset (matcher: no matches; phasecorr: {'dx': -18002.059573769864, 'dy': -489.60497923140906, 'support': None, 'n': None, 'peak': 0.011968647486368816}); windows compared in place
[Coarse] pair 11: no reliable coarse offset (matcher: no matches; phasecorr: {'dx': -18107.733154651494, 'dy': -332.5590928480355, 'support': None, 'n': None, 'peak': 0.020898853179031604}); windows compared in place
[Coarse] pair 20: no reliable coarse offset (matcher: no matches; phasecorr: {'dx': -28903.23193639674, 'dy': -12953.216285335406, 'support': None, 'n': None, 'peak': 0.008737401829825507}); windows compared in place
[Coarse] pair 26: no reliable coarse offset (matcher: no matches; phasecorr: {'dx': -96306.08142606622, 'dy': -17142.367293993742, 'support': None, 'n': None, 'peak': 0.02253384519977334}); windows compared in place
[Coarse] pair 2: phase correlation gave dE=-8934 m dN=5487 m, 10.4 km from every offset the matcher measured; using pair 16's (dE=-17955 m dN=-145 m)
[Coarse] pair 10: phase correlation gave dE=43169 m dN=-4147 m, 60.9 km from every offset the matcher measured; using pair 16's (dE=-17955 m dN=-145 m)
[Coarse] pair 12: phase correlation gave dE=-1877 m dN=10017 m, 18.8 km from every offset the matcher measured; using pair 16's (dE=-17955 m dN=-145 m)
[Coarse] pair 13: phase correlation gave dE=7584 m dN=8567 m, 26.7 km from every offset the matcher measured; using pair 16's (dE=-17955 m dN=-145 m)
[Coarse] pair 18: phase correlation gave dE=744 m dN=-16615 m, 24.6 km from every offset the matcher measured; using pair 25's (dE=-17640 m dN=-315 m)
[Coarse] pair 19: phase correlation gave dE=11920 m dN=-17918 m, 34.4 km from every offset the matcher measured; using pair 25's (dE=-17640 m dN=-315 m)
[Coarse] pair 21: phase correlation gave dE=-11414 m dN=-17047 m, 17.9 km from every offset the matcher measured; using pair 25's (dE=-17640 m dN=-315 m)
[Coarse] pair 27: phase correlation gave dE=-97898 m dN=-6012 m, 80.1 km from every offset the matcher measured; using pair 23's (dE=-17922 m dN=-275 m)
[Coarse] dog_hardnet pair 1: dE=-18062.2 m dN=-904.8 m (phasecorr@315m, support=None, peak=0.03257782713572184) 
dog_hardnet: Processing pair 1 from disk...
dog_hardnet: 11 match-sets in 1.49s
[Coarse] dog_hardnet pair 2: dE=-17955.0 m dN=-145.1 m (from-pair-16 (phasecorr disagreed), support=None, peak=0.03413578109976686) 
dog_hardnet: Processing pair 2 from disk...
dog_hardnet: 11 match-sets in 1.38s
[Coarse] dog_hardnet pair 3: dE=-18062.2 m dN=-904.8 m (from-pair-1, support=None, peak=None) 
dog_hardnet: Processing pair 3 from disk...
dog_hardnet: 10 match-sets in 1.26s
[Coarse] dog_hardnet pair 4: dE=-17955.0 m dN=-145.1 m (from-pair-2, support=None, peak=None) 
dog_hardnet: Processing pair 4 from disk...
dog_hardnet: 10 match-sets in 1.38s
[Coarse] dog_hardnet pair 5: dE=-17955.0 m dN=-145.1 m (from-pair-2, support=None, peak=None) 
dog_hardnet: Processing pair 5 from disk...
dog_hardnet: 10 match-sets in 1.39s
[Coarse] dog_hardnet pair 6: dE=-17955.0 m dN=-145.1 m (from-pair-2, support=None, peak=None) 
dog_hardnet: Processing pair 6 from disk...
dog_hardnet: 8 match-sets in 1.24s
[Coarse] dog_hardnet pair 7: dE=-17790.5 m dN=-428.0 m (from-pair-9, support=None, peak=None) 
dog_hardnet: Processing pair 7 from disk...
dog_hardnet: 33 match-sets in 3.83s
[Coarse] dog_hardnet pair 8: dE=-17790.5 m dN=-428.0 m (from-pair-9, support=None, peak=None) 
dog_hardnet: Processing pair 8 from disk...
dog_hardnet: 33 match-sets in 3.37s
[Coarse] dog_hardnet pair 9: dE=-17790.5 m dN=-428.0 m (phasecorr@315m, support=None, peak=0.031066529352914596) 
dog_hardnet: Processing pair 9 from disk...
dog_hardnet: 35 match-sets in 3.68s
[Coarse] dog_hardnet pair 10: dE=-17955.0 m dN=-145.1 m (from-pair-16 (phasecorr disagreed), support=None, peak=0.04791493653487985) 
dog_hardnet: Processing pair 10 from disk...
dog_hardnet: 27 match-sets in 4.03s
[Coarse] dog_hardnet pair 11: dE=-17955.0 m dN=-145.1 m (from-pair-10, support=None, peak=None) 
dog_hardnet: Processing pair 11 from disk...
dog_hardnet: 30 match-sets in 3.23s
[Coarse] dog_hardnet pair 12: dE=-17955.0 m dN=-145.1 m (from-pair-16 (phasecorr disagreed), support=None, peak=0.1047012765466431) 
dog_hardnet: Processing pair 12 from disk...
dog_hardnet: 0 match-sets in 0.00s
[Coarse] dog_hardnet pair 13: dE=-17955.0 m dN=-145.1 m (from-pair-16 (phasecorr disagreed), support=None, peak=0.09384612739086151) 
dog_hardnet: Processing pair 13 from disk...
dog_hardnet: 0 match-sets in 0.00s
[Coarse] dog_hardnet pair 14: dE=-18039.9 m dN=-308.2 m (phasecorr@315m, support=None, peak=0.04961982255158601) 
dog_hardnet: Processing pair 14 from disk...
dog_hardnet: 39 match-sets in 3.77s
[Coarse] dog_hardnet pair 15: dE=-18033.6 m dN=-269.1 m (phasecorr@315m, support=None, peak=0.0587093012491862) 
dog_hardnet: Processing pair 15 from disk...
dog_hardnet: 38 match-sets in 3.39s
[Coarse] dog_hardnet pair 16: dE=-17955.0 m dN=-145.1 m (matcher@315m, support=24, peak=None) 
dog_hardnet: Processing pair 16 from disk...
dog_hardnet: 39 match-sets in 3.39s
[Coarse] dog_hardnet pair 17: dE=-17955.0 m dN=-315.0 m (matcher@315m, support=18, peak=None) 
dog_hardnet: Processing pair 17 from disk...
dog_hardnet: 37 match-sets in 3.12s
[Coarse] dog_hardnet pair 18: dE=-17640.0 m dN=-315.0 m (from-pair-25 (phasecorr disagreed), support=None, peak=0.06863816733713503) 
dog_hardnet: Processing pair 18 from disk...
dog_hardnet: 0 match-sets in 0.00s
[Coarse] dog_hardnet pair 19: dE=-17640.0 m dN=-315.0 m (from-pair-25 (phasecorr disagreed), support=None, peak=0.15104582491848204) 
dog_hardnet: Processing pair 19 from disk...
dog_hardnet: 0 match-sets in 0.00s
[Coarse] dog_hardnet pair 20: dE=-17640.0 m dN=-315.0 m (from-pair-19, support=None, peak=None) 
dog_hardnet: Processing pair 20 from disk...
dog_hardnet: 0 match-sets in 0.00s
[Coarse] dog_hardnet pair 21: dE=-17640.0 m dN=-315.0 m (from-pair-25 (phasecorr disagreed), support=None, peak=0.036990950946454645) 
dog_hardnet: Processing pair 21 from disk...
dog_hardnet: 0 match-sets in 0.00s
[Coarse] dog_hardnet pair 22: dE=-17738.5 m dN=-33.9 m (matcher@315m, support=15, peak=None) 
dog_hardnet: Processing pair 22 from disk...
dog_hardnet: 31 match-sets in 2.87s
[Coarse] dog_hardnet pair 23: dE=-17922.4 m dN=-275.4 m (matcher@315m, support=13, peak=None) 
dog_hardnet: Processing pair 23 from disk...
dog_hardnet: 23 match-sets in 1.95s
[Coarse] dog_hardnet pair 24: dE=-17928.8 m dN=-415.6 m (phasecorr@315m, support=None, peak=0.035175936365127565) 
dog_hardnet: Processing pair 24 from disk...
dog_hardnet: 28 match-sets in 2.32s
[Coarse] dog_hardnet pair 25: dE=-17640.0 m dN=-315.0 m (matcher@315m, support=18, peak=None) 
dog_hardnet: Processing pair 25 from disk...
dog_hardnet: 29 match-sets in 2.43s
[Coarse] dog_hardnet pair 26: dE=-17922.4 m dN=-275.4 m (from-pair-27, support=None, peak=None) 
dog_hardnet: Processing pair 26 from disk...
dog_hardnet: 10 match-sets in 1.29s
[Coarse] dog_hardnet pair 27: dE=-17922.4 m dN=-275.4 m (from-pair-23 (phasecorr disagreed), support=None, peak=0.05064041456057702) 
dog_hardnet: Processing pair 27 from disk...
dog_hardnet: 11 match-sets in 1.14s
Saved:
 CHIP_STATS_ALL.csv
 CHIP_STATS_SURVIVORS.csv
 CONSENSUS_SCORES.csv
 BEST_CHIP_SET.csv
 BEST_CHIP_MANIFEST.csv
 BEST_FINAL_SUMMARY.csv
[band1] dog_hardnet ok in 1.2 min, peak GPU memory 1.4 of 39.4 GB
--------------------------------------------------------------------------------
[band1] Running dog_hardnet8
[dog_hardnet8] lgm not available for this variant -- skipped (available: smnn, ada, mnn, snn, nn, fginn)
DoG: Loading HardNet8 (upright=True)...
Downloading: "http://cmp.felk.cvut.cz/~mishkdmy/hardnet8v2.pt" to /home/gpuworker/.cache/torch/hub/checkpoints/hardnet8v2.pt
[dog_hardnet8] MODEL LOAD FAILED: DoG-HardNet8 could not be loaded (URLError: <urlopen error [Errno -2] Name or service not known>). Looked for its weights in: /home/gpuworker/.cache/torch/hub/checkpoints; /maintenance/ICIGDev/GPUPOC/input/dqe/imw_runtime/imw_cache/torch/hub/checkpoints. On an offline machine, run prefetch_weights.py on a connected one and set the weights folder to its output (or copy the files into one of these).
[band1] dog_hardnet8 SKIPPED -- model not available (see message above)
[band1] dog_hardnet8 failed in 0.0 min, peak GPU memory 0.0 of 39.4 GB
--------------------------------------------------------------------------------
[band1] Running dog_sosnet
[dog_sosnet] lgm not available for this variant -- skipped (available: smnn, ada, mnn, snn, nn, fginn)
DoG: Loading SOSNet (upright=True)...
[Weights] sosnet_32x32_liberty.pth from /maintenance/ICIGDev/GPUPOC/input/dqe/imw_runtime/imw_cache/torch/hub/checkpoints
[Coarse] pair 3: no reliable coarse offset (matcher: no matches; phasecorr: {'dx': -16147.443677524008, 'dy': -26751.975000537102, 'support': None, 'n': None, 'peak': 0.00032880983234923565}); windows compared in place
[Coarse] pair 4: no reliable coarse offset (matcher: {'dx': -18616.3671875, 'dy': -86.134765625, 'support': 2, 'n': 3, 'peak': None}; phasecorr: {'dx': 12882.472481301173, 'dy': 92621.70938170607, 'support': None, 'n': None, 'peak': -0.00012715039429841217}); windows compared in place
[Coarse] pair 5: no reliable coarse offset (matcher: no matches; phasecorr: {'dx': 3156.3479216096807, 'dy': 18300.67805989782, 'support': None, 'n': None, 'peak': 0.020832994549224774}); windows compared in place
[Coarse] pair 6: no reliable coarse offset (matcher: no matches; phasecorr: {'dx': -15852.800158210905, 'dy': 18737.59796077822, 'support': None, 'n': None, 'peak': -0.0027571213742097218}); windows compared in place
[Coarse] pair 7: no reliable coarse offset (matcher: no matches; phasecorr: {'dx': -17660.72648465004, 'dy': -478.5174601560547, 'support': None, 'n': None, 'peak': 0.0218074359204816}); windows compared in place
[Coarse] pair 8: no reliable coarse offset (matcher: no matches; phasecorr: {'dx': -18002.059573769864, 'dy': -489.60497923140906, 'support': None, 'n': None, 'peak': 0.011968647486368816}); windows compared in place
[Coarse] pair 11: no reliable coarse offset (matcher: no matches; phasecorr: {'dx': -18107.733154651494, 'dy': -332.5590928480355, 'support': None, 'n': None, 'peak': 0.020898853179031604}); windows compared in place
[Coarse] pair 20: no reliable coarse offset (matcher: no matches; phasecorr: {'dx': -28903.23193639674, 'dy': -12953.216285335406, 'support': None, 'n': None, 'peak': 0.008737401829825507}); windows compared in place
[Coarse] pair 26: no reliable coarse offset (matcher: no matches; phasecorr: {'dx': -96306.08142606622, 'dy': -17142.367293993742, 'support': None, 'n': None, 'peak': 0.02253384519977334}); windows compared in place
[Coarse] pair 2: phase correlation gave dE=-8934 m dN=5487 m, 10.3 km from every offset the matcher measured; using pair 16's (dE=-18053 m dN=-100 m)
[Coarse] pair 10: phase correlation gave dE=43169 m dN=-4147 m, 60.9 km from every offset the matcher measured; using pair 16's (dE=-18053 m dN=-100 m)
[Coarse] pair 12: phase correlation gave dE=-1877 m dN=10017 m, 18.7 km from every offset the matcher measured; using pair 16's (dE=-18053 m dN=-100 m)
[Coarse] pair 13: phase correlation gave dE=7584 m dN=8567 m, 26.7 km from every offset the matcher measured; using pair 16's (dE=-18053 m dN=-100 m)
[Coarse] pair 18: phase correlation gave dE=744 m dN=-16615 m, 24.8 km from every offset the matcher measured; using pair 25's (dE=-17640 m dN=-33 m)
[Coarse] pair 19: phase correlation gave dE=11920 m dN=-17918 m, 34.5 km from every offset the matcher measured; using pair 25's (dE=-17640 m dN=-33 m)
[Coarse] pair 21: phase correlation gave dE=-11414 m dN=-17047 m, 18.0 km from every offset the matcher measured; using pair 25's (dE=-17640 m dN=-33 m)
[Coarse] pair 27: phase correlation gave dE=-97898 m dN=-6012 m, 80.1 km from every offset the matcher measured; using pair 23's (dE=-17922 m dN=0 m)
[Coarse] dog_sosnet pair 1: dE=-18062.2 m dN=-904.8 m (phasecorr@315m, support=None, peak=0.03257782713572184) 
dog_sosnet: Processing pair 1 from disk...
dog_sosnet: 9 match-sets in 0.62s
[Coarse] dog_sosnet pair 2: dE=-18053.3 m dN=-100.3 m (from-pair-16 (phasecorr disagreed), support=None, peak=0.03413578109976686) 
dog_sosnet: Processing pair 2 from disk...
dog_sosnet: 8 match-sets in 0.62s
[Coarse] dog_sosnet pair 3: dE=-18062.2 m dN=-904.8 m (from-pair-1, support=None, peak=None) 
dog_sosnet: Processing pair 3 from disk...
dog_sosnet: 8 match-sets in 0.62s
[Coarse] dog_sosnet pair 4: dE=-18053.3 m dN=-100.3 m (from-pair-2, support=None, peak=None) 
dog_sosnet: Processing pair 4 from disk...
dog_sosnet: 7 match-sets in 0.64s
[Coarse] dog_sosnet pair 5: dE=-18053.3 m dN=-100.3 m (from-pair-2, support=None, peak=None) 
dog_sosnet: Processing pair 5 from disk...
dog_sosnet: 9 match-sets in 0.64s
[Coarse] dog_sosnet pair 6: dE=-18053.3 m dN=-100.3 m (from-pair-2, support=None, peak=None) 
dog_sosnet: Processing pair 6 from disk...
dog_sosnet: 8 match-sets in 0.64s
[Coarse] dog_sosnet pair 7: dE=-17790.5 m dN=-428.0 m (from-pair-9, support=None, peak=None) 
dog_sosnet: Processing pair 7 from disk...
dog_sosnet: 30 match-sets in 2.15s
[Coarse] dog_sosnet pair 8: dE=-17790.5 m dN=-428.0 m (from-pair-9, support=None, peak=None) 
dog_sosnet: Processing pair 8 from disk...
dog_sosnet: 28 match-sets in 2.16s
[Coarse] dog_sosnet pair 9: dE=-17790.5 m dN=-428.0 m (phasecorr@315m, support=None, peak=0.031066529352914596) 
dog_sosnet: Processing pair 9 from disk...
dog_sosnet: 31 match-sets in 2.14s
[Coarse] dog_sosnet pair 10: dE=-18053.3 m dN=-100.3 m (from-pair-16 (phasecorr disagreed), support=None, peak=0.04791493653487985) 
dog_sosnet: Processing pair 10 from disk...
dog_sosnet: 20 match-sets in 2.44s
[Coarse] dog_sosnet pair 11: dE=-18053.3 m dN=-100.3 m (from-pair-10, support=None, peak=None) 
dog_sosnet: Processing pair 11 from disk...
dog_sosnet: 23 match-sets in 2.16s
[Coarse] dog_sosnet pair 12: dE=-18053.3 m dN=-100.3 m (from-pair-16 (phasecorr disagreed), support=None, peak=0.1047012765466431) 
dog_sosnet: Processing pair 12 from disk...
dog_sosnet: 0 match-sets in 0.00s
[Coarse] dog_sosnet pair 13: dE=-18053.3 m dN=-100.3 m (from-pair-16 (phasecorr disagreed), support=None, peak=0.09384612739086151) 
dog_sosnet: Processing pair 13 from disk...
dog_sosnet: 0 match-sets in 0.00s
[Coarse] dog_sosnet pair 14: dE=-18039.9 m dN=-308.2 m (phasecorr@315m, support=None, peak=0.04961982255158601) 
dog_sosnet: Processing pair 14 from disk...
dog_sosnet: 33 match-sets in 2.19s
[Coarse] dog_sosnet pair 15: dE=-18033.6 m dN=-269.1 m (phasecorr@315m, support=None, peak=0.0587093012491862) 
dog_sosnet: Processing pair 15 from disk...
dog_sosnet: 32 match-sets in 2.19s
[Coarse] dog_sosnet pair 16: dE=-18053.3 m dN=-100.3 m (matcher@315m, support=27, peak=None) 
dog_sosnet: Processing pair 16 from disk...
dog_sosnet: 31 match-sets in 2.46s
[Coarse] dog_sosnet pair 17: dE=-17955.0 m dN=-287.2 m (matcher@315m, support=20, peak=None) 
dog_sosnet: Processing pair 17 from disk...
dog_sosnet: 30 match-sets in 2.00s
[Coarse] dog_sosnet pair 18: dE=-17640.0 m dN=-33.4 m (from-pair-25 (phasecorr disagreed), support=None, peak=0.06863816733713503) 
dog_sosnet: Processing pair 18 from disk...
dog_sosnet: 0 match-sets in 0.00s
[Coarse] dog_sosnet pair 19: dE=-17640.0 m dN=-33.4 m (from-pair-25 (phasecorr disagreed), support=None, peak=0.15104582491848204) 
dog_sosnet: Processing pair 19 from disk...
dog_sosnet: 0 match-sets in 0.00s
[Coarse] dog_sosnet pair 20: dE=-17640.0 m dN=-33.4 m (from-pair-19, support=None, peak=None) 
dog_sosnet: Processing pair 20 from disk...
dog_sosnet: 0 match-sets in 0.00s
[Coarse] dog_sosnet pair 21: dE=-17640.0 m dN=-33.4 m (from-pair-25 (phasecorr disagreed), support=None, peak=0.036990950946454645) 
dog_sosnet: Processing pair 21 from disk...
dog_sosnet: 0 match-sets in 0.00s
[Coarse] dog_sosnet pair 22: dE=-17946.7 m dN=-42.7 m (matcher@315m, support=14, peak=None) 
dog_sosnet: Processing pair 22 from disk...
dog_sosnet: 23 match-sets in 2.06s
[Coarse] dog_sosnet pair 23: dE=-17922.4 m dN=0.0 m (matcher@315m, support=11, peak=None) 
dog_sosnet: Processing pair 23 from disk...
dog_sosnet: 20 match-sets in 1.61s
[Coarse] dog_sosnet pair 24: dE=-17928.8 m dN=-415.6 m (phasecorr@315m, support=None, peak=0.035175936365127565) 
dog_sosnet: Processing pair 24 from disk...
dog_sosnet: 23 match-sets in 1.71s
[Coarse] dog_sosnet pair 25: dE=-17640.0 m dN=-33.4 m (matcher@315m, support=14, peak=None) 
dog_sosnet: Processing pair 25 from disk...
dog_sosnet: 24 match-sets in 1.96s
[Coarse] dog_sosnet pair 26: dE=-17922.4 m dN=0.0 m (from-pair-27, support=None, peak=None) 
dog_sosnet: Processing pair 26 from disk...
dog_sosnet: 6 match-sets in 1.14s
[Coarse] dog_sosnet pair 27: dE=-17922.4 m dN=0.0 m (from-pair-23 (phasecorr disagreed), support=None, peak=0.05064041456057702) 
dog_sosnet: Processing pair 27 from disk...
dog_sosnet: 7 match-sets in 0.97s
Saved:
 CHIP_STATS_ALL.csv
 CHIP_STATS_SURVIVORS.csv
 CONSENSUS_SCORES.csv
 BEST_CHIP_SET.csv
 BEST_CHIP_MANIFEST.csv
 BEST_FINAL_SUMMARY.csv
[band1] dog_sosnet ok in 0.7 min, peak GPU memory 0.9 of 39.4 GB
--------------------------------------------------------------------------------
[band1] Running dog_hynet
[dog_hynet] lgm not available for this variant -- skipped (available: smnn, ada, mnn, snn, nn, fginn)
DoG: Loading HyNet (upright=True)...
[Coarse] pair 3: no reliable coarse offset (matcher: no matches; phasecorr: {'dx': -16147.443677524008, 'dy': -26751.975000537102, 'support': None, 'n': None, 'peak': 0.00032880983234923565}); windows compared in place
[Coarse] pair 4: no reliable coarse offset (matcher: no matches; phasecorr: {'dx': 12882.472481301173, 'dy': 92621.70938170607, 'support': None, 'n': None, 'peak': -0.00012715039429841217}); windows compared in place
[Coarse] pair 5: no reliable coarse offset (matcher: no matches; phasecorr: {'dx': 3156.3479216096807, 'dy': 18300.67805989782, 'support': None, 'n': None, 'peak': 0.020832994549224774}); windows compared in place
[Coarse] pair 6: no reliable coarse offset (matcher: no matches; phasecorr: {'dx': -15852.800158210905, 'dy': 18737.59796077822, 'support': None, 'n': None, 'peak': -0.0027571213742097218}); windows compared in place
[Coarse] pair 7: no reliable coarse offset (matcher: no matches; phasecorr: {'dx': -17660.72648465004, 'dy': -478.5174601560547, 'support': None, 'n': None, 'peak': 0.0218074359204816}); windows compared in place
[Coarse] pair 8: no reliable coarse offset (matcher: no matches; phasecorr: {'dx': -18002.059573769864, 'dy': -489.60497923140906, 'support': None, 'n': None, 'peak': 0.011968647486368816}); windows compared in place
[Coarse] pair 11: no reliable coarse offset (matcher: no matches; phasecorr: {'dx': -18107.733154651494, 'dy': -332.5590928480355, 'support': None, 'n': None, 'peak': 0.020898853179031604}); windows compared in place
[Coarse] pair 20: no reliable coarse offset (matcher: no matches; phasecorr: {'dx': -28903.23193639674, 'dy': -12953.216285335406, 'support': None, 'n': None, 'peak': 0.008737401829825507}); windows compared in place
[Coarse] pair 26: no reliable coarse offset (matcher: no matches; phasecorr: {'dx': -96306.08142606622, 'dy': -17142.367293993742, 'support': None, 'n': None, 'peak': 0.02253384519977334}); windows compared in place
[Coarse] pair 2: phase correlation gave dE=-8934 m dN=5487 m, 10.4 km from every offset the matcher measured; using pair 16's (dE=-17955 m dN=-30 m)
[Coarse] pair 10: phase correlation gave dE=43169 m dN=-4147 m, 61.0 km from every offset the matcher measured; using pair 16's (dE=-17955 m dN=-30 m)
[Coarse] pair 12: phase correlation gave dE=-1877 m dN=10017 m, 18.8 km from every offset the matcher measured; using pair 16's (dE=-17955 m dN=-30 m)
[Coarse] pair 13: phase correlation gave dE=7584 m dN=8567 m, 26.8 km from every offset the matcher measured; using pair 16's (dE=-17955 m dN=-30 m)
[Coarse] pair 18: phase correlation gave dE=744 m dN=-16615 m, 24.6 km from every offset the matcher measured; using pair 25's (dE=-17694 m dN=-315 m)
[Coarse] pair 19: phase correlation gave dE=11920 m dN=-17918 m, 34.5 km from every offset the matcher measured; using pair 25's (dE=-17694 m dN=-315 m)
[Coarse] pair 21: phase correlation gave dE=-11414 m dN=-17047 m, 17.9 km from every offset the matcher measured; using pair 25's (dE=-17694 m dN=-315 m)
[Coarse] pair 27: phase correlation gave dE=-97898 m dN=-6012 m, 80.2 km from every offset the matcher measured; using pair 23's (dE=-17771 m dN=-158 m)
[Coarse] dog_hynet pair 1: dE=-18062.2 m dN=-904.8 m (phasecorr@315m, support=None, peak=0.03257782713572184) 
dog_hynet: Processing pair 1 from disk...
dog_hynet: 9 match-sets in 0.65s
[Coarse] dog_hynet pair 2: dE=-17955.0 m dN=-30.0 m (from-pair-16 (phasecorr disagreed), support=None, peak=0.03413578109976686) 
dog_hynet: Processing pair 2 from disk...
dog_hynet: 9 match-sets in 0.64s
[Coarse] dog_hynet pair 3: dE=-18062.2 m dN=-904.8 m (from-pair-1, support=None, peak=None) 
dog_hynet: Processing pair 3 from disk...
dog_hynet: 7 match-sets in 0.65s
[Coarse] dog_hynet pair 4: dE=-17955.0 m dN=-30.0 m (from-pair-2, support=None, peak=None) 
dog_hynet: Processing pair 4 from disk...
dog_hynet: 8 match-sets in 0.70s
[Coarse] dog_hynet pair 5: dE=-17955.0 m dN=-30.0 m (from-pair-2, support=None, peak=None) 
dog_hynet: Processing pair 5 from disk...
dog_hynet: 7 match-sets in 0.68s
[Coarse] dog_hynet pair 6: dE=-17955.0 m dN=-30.0 m (from-pair-2, support=None, peak=None) 
dog_hynet: Processing pair 6 from disk...
dog_hynet: 6 match-sets in 0.66s
[Coarse] dog_hynet pair 7: dE=-17790.5 m dN=-428.0 m (from-pair-9, support=None, peak=None) 
dog_hynet: Processing pair 7 from disk...
dog_hynet: 31 match-sets in 2.30s
[Coarse] dog_hynet pair 8: dE=-17790.5 m dN=-428.0 m (from-pair-9, support=None, peak=None) 
dog_hynet: Processing pair 8 from disk...
dog_hynet: 30 match-sets in 2.31s
[Coarse] dog_hynet pair 9: dE=-17790.5 m dN=-428.0 m (phasecorr@315m, support=None, peak=0.031066529352914596) 
dog_hynet: Processing pair 9 from disk...
dog_hynet: 30 match-sets in 2.26s
[Coarse] dog_hynet pair 10: dE=-17955.0 m dN=-30.0 m (from-pair-16 (phasecorr disagreed), support=None, peak=0.04791493653487985) 
dog_hynet: Processing pair 10 from disk...
dog_hynet: 21 match-sets in 2.07s
[Coarse] dog_hynet pair 11: dE=-17955.0 m dN=-30.0 m (from-pair-10, support=None, peak=None) 
dog_hynet: Processing pair 11 from disk...
dog_hynet: 23 match-sets in 2.20s
[Coarse] dog_hynet pair 12: dE=-17955.0 m dN=-30.0 m (from-pair-16 (phasecorr disagreed), support=None, peak=0.1047012765466431) 
dog_hynet: Processing pair 12 from disk...
dog_hynet: 0 match-sets in 0.00s
[Coarse] dog_hynet pair 13: dE=-17955.0 m dN=-30.0 m (from-pair-16 (phasecorr disagreed), support=None, peak=0.09384612739086151) 
dog_hynet: Processing pair 13 from disk...
dog_hynet: 0 match-sets in 0.00s
[Coarse] dog_hynet pair 14: dE=-18039.9 m dN=-308.2 m (phasecorr@315m, support=None, peak=0.04961982255158601) 
dog_hynet: Processing pair 14 from disk...
dog_hynet: 33 match-sets in 2.39s
[Coarse] dog_hynet pair 15: dE=-18033.6 m dN=-269.1 m (phasecorr@315m, support=None, peak=0.0587093012491862) 
dog_hynet: Processing pair 15 from disk...
dog_hynet: 33 match-sets in 2.33s
[Coarse] dog_hynet pair 16: dE=-17955.0 m dN=-30.0 m (matcher@315m, support=21, peak=None) 
dog_hynet: Processing pair 16 from disk...
dog_hynet: 30 match-sets in 2.44s
[Coarse] dog_hynet pair 17: dE=-17955.0 m dN=-207.4 m (matcher@315m, support=16, peak=None) 
dog_hynet: Processing pair 17 from disk...
dog_hynet: 30 match-sets in 2.21s
[Coarse] dog_hynet pair 18: dE=-17694.0 m dN=-315.0 m (from-pair-25 (phasecorr disagreed), support=None, peak=0.06863816733713503) 
dog_hynet: Processing pair 18 from disk...
dog_hynet: 0 match-sets in 0.00s
[Coarse] dog_hynet pair 19: dE=-17694.0 m dN=-315.0 m (from-pair-25 (phasecorr disagreed), support=None, peak=0.15104582491848204) 
dog_hynet: Processing pair 19 from disk...
dog_hynet: 0 match-sets in 0.00s
[Coarse] dog_hynet pair 20: dE=-17694.0 m dN=-315.0 m (from-pair-19, support=None, peak=None) 
dog_hynet: Processing pair 20 from disk...
dog_hynet: 0 match-sets in 0.00s
[Coarse] dog_hynet pair 21: dE=-17694.0 m dN=-315.0 m (from-pair-25 (phasecorr disagreed), support=None, peak=0.036990950946454645) 
dog_hynet: Processing pair 21 from disk...
dog_hynet: 0 match-sets in 0.00s
[Coarse] dog_hynet pair 22: dE=-17774.7 m dN=-31.5 m (matcher@315m, support=14, peak=None) 
dog_hynet: Processing pair 22 from disk...
dog_hynet: 24 match-sets in 1.91s
[Coarse] dog_hynet pair 23: dE=-17771.2 m dN=-158.3 m (matcher@315m, support=14, peak=None) 
dog_hynet: Processing pair 23 from disk...
dog_hynet: 21 match-sets in 1.78s
[Coarse] dog_hynet pair 24: dE=-17928.8 m dN=-415.6 m (phasecorr@315m, support=None, peak=0.035175936365127565) 
dog_hynet: Processing pair 24 from disk...
dog_hynet: 23 match-sets in 1.83s
[Coarse] dog_hynet pair 25: dE=-17694.0 m dN=-315.0 m (matcher@315m, support=18, peak=None) 
dog_hynet: Processing pair 25 from disk...
dog_hynet: 22 match-sets in 1.89s
[Coarse] dog_hynet pair 26: dE=-17771.2 m dN=-158.3 m (from-pair-27, support=None, peak=None) 
dog_hynet: Processing pair 26 from disk...
dog_hynet: 7 match-sets in 0.70s
[Coarse] dog_hynet pair 27: dE=-17771.2 m dN=-158.3 m (from-pair-23 (phasecorr disagreed), support=None, peak=0.05064041456057702) 
dog_hynet: Processing pair 27 from disk...
dog_hynet: 9 match-sets in 0.69s
Saved:
 CHIP_STATS_ALL.csv
 CHIP_STATS_SURVIVORS.csv
 CONSENSUS_SCORES.csv
 BEST_CHIP_SET.csv
 BEST_CHIP_MANIFEST.csv
 BEST_FINAL_SUMMARY.csv
[band1] dog_hynet ok in 0.7 min, peak GPU memory 1.0 of 39.4 GB
--------------------------------------------------------------------------------
[band1] Running dog_tfeat
[dog_tfeat] lgm not available for this variant -- skipped (available: smnn, ada, mnn, snn, nn, fginn)
DoG: Loading TFeat (upright=True)...
Downloading: "https://github.com/vbalnt/tfeat/raw/master/pretrained-models/tfeat-liberty.params" to /home/gpuworker/.cache/torch/hub/checkpoints/tfeat-liberty.params
[dog_tfeat] MODEL LOAD FAILED: DoG-TFeat could not be loaded (URLError: <urlopen error [Errno -2] Name or service not known>). Looked for its weights in: /home/gpuworker/.cache/torch/hub/checkpoints; /maintenance/ICIGDev/GPUPOC/input/dqe/imw_runtime/imw_cache/torch/hub/checkpoints. On an offline machine, run prefetch_weights.py on a connected one and set the weights folder to its output (or copy the files into one of these).
[band1] dog_tfeat SKIPPED -- model not available (see message above)
[band1] dog_tfeat failed in 0.0 min, peak GPU memory 0.0 of 39.4 GB
--------------------------------------------------------------------------------
[band1] Running gftt
GFTT-AffNet-HardNet: Loading (upright=True)...
[Coarse] pair 3: no reliable coarse offset (matcher: no matches; phasecorr: {'dx': -16147.443677524008, 'dy': -26751.975000537102, 'support': None, 'n': None, 'peak': 0.00032880983234923565}); windows compared in place
[Coarse] pair 4: no reliable coarse offset (matcher: no matches; phasecorr: {'dx': 12882.472481301173, 'dy': 92621.70938170607, 'support': None, 'n': None, 'peak': -0.00012715039429841217}); windows compared in place
[Coarse] pair 5: no reliable coarse offset (matcher: no matches; phasecorr: {'dx': 3156.3479216096807, 'dy': 18300.67805989782, 'support': None, 'n': None, 'peak': 0.020832994549224774}); windows compared in place
[Coarse] pair 6: no reliable coarse offset (matcher: no matches; phasecorr: {'dx': -15852.800158210905, 'dy': 18737.59796077822, 'support': None, 'n': None, 'peak': -0.0027571213742097218}); windows compared in place
[Coarse] pair 7: no reliable coarse offset (matcher: no matches; phasecorr: {'dx': -17660.72648465004, 'dy': -478.5174601560547, 'support': None, 'n': None, 'peak': 0.0218074359204816}); windows compared in place
[Coarse] pair 8: no reliable coarse offset (matcher: no matches; phasecorr: {'dx': -18002.059573769864, 'dy': -489.60497923140906, 'support': None, 'n': None, 'peak': 0.011968647486368816}); windows compared in place
[Coarse] pair 11: no reliable coarse offset (matcher: no matches; phasecorr: {'dx': -18107.733154651494, 'dy': -332.5590928480355, 'support': None, 'n': None, 'peak': 0.020898853179031604}); windows compared in place
[Coarse] pair 20: no reliable coarse offset (matcher: no matches; phasecorr: {'dx': -28903.23193639674, 'dy': -12953.216285335406, 'support': None, 'n': None, 'peak': 0.008737401829825507}); windows compared in place
[Coarse] pair 26: no reliable coarse offset (matcher: no matches; phasecorr: {'dx': -96306.08142606622, 'dy': -17142.367293993742, 'support': None, 'n': None, 'peak': 0.02253384519977334}); windows compared in place
[Coarse] pair 2: phase correlation gave dE=-8934 m dN=5487 m, 10.6 km from every offset the matcher measured; using pair 17's (dE=-17800 m dN=-350 m)
[Coarse] pair 10: phase correlation gave dE=43169 m dN=-4147 m, 61.1 km from every offset the matcher measured; using pair 17's (dE=-17800 m dN=-350 m)
[Coarse] pair 12: phase correlation gave dE=-1877 m dN=10017 m, 19.0 km from every offset the matcher measured; using pair 17's (dE=-17800 m dN=-350 m)
[Coarse] pair 13: phase correlation gave dE=7584 m dN=8567 m, 26.9 km from every offset the matcher measured; using pair 17's (dE=-17800 m dN=-350 m)
[Coarse] pair 18: phase correlation gave dE=744 m dN=-16615 m, 24.7 km from every offset the matcher measured; using pair 22's (dE=-17955 m dN=-315 m)
[Coarse] pair 19: phase correlation gave dE=11920 m dN=-17918 m, 34.5 km from every offset the matcher measured; using pair 22's (dE=-17955 m dN=-315 m)
[Coarse] pair 21: phase correlation gave dE=-11414 m dN=-17047 m, 17.9 km from every offset the matcher measured; using pair 22's (dE=-17955 m dN=-315 m)
[Coarse] pair 27: phase correlation gave dE=-97898 m dN=-6012 m, 80.1 km from every offset the matcher measured; using pair 22's (dE=-17955 m dN=-315 m)
[Coarse] gftt pair 1: dE=-18062.2 m dN=-904.8 m (phasecorr@315m, support=None, peak=0.03257782713572184) 
gftt: Processing pair 1 from disk...
gftt: 10 match-sets in 1.71s
[Coarse] gftt pair 2: dE=-17799.8 m dN=-349.8 m (from-pair-17 (phasecorr disagreed), support=None, peak=0.03413578109976686) 
gftt: Processing pair 2 from disk...
gftt: 9 match-sets in 1.55s
[Coarse] gftt pair 3: dE=-18062.2 m dN=-904.8 m (from-pair-1, support=None, peak=None) 
gftt: Processing pair 3 from disk...
gftt: 9 match-sets in 1.50s
[Coarse] gftt pair 4: dE=-17799.8 m dN=-349.8 m (from-pair-2, support=None, peak=None) 
gftt: Processing pair 4 from disk...
gftt: 9 match-sets in 1.66s
[Coarse] gftt pair 5: dE=-17799.8 m dN=-349.8 m (from-pair-2, support=None, peak=None) 
gftt: Processing pair 5 from disk...
gftt: 10 match-sets in 1.51s
[Coarse] gftt pair 6: dE=-17799.8 m dN=-349.8 m (from-pair-2, support=None, peak=None) 
gftt: Processing pair 6 from disk...
gftt: 7 match-sets in 1.60s
[Coarse] gftt pair 7: dE=-17790.5 m dN=-428.0 m (from-pair-9, support=None, peak=None) 
gftt: Processing pair 7 from disk...
gftt: 27 match-sets in 4.51s
[Coarse] gftt pair 8: dE=-17790.5 m dN=-428.0 m (from-pair-9, support=None, peak=None) 
gftt: Processing pair 8 from disk...
gftt: 26 match-sets in 4.64s
[Coarse] gftt pair 9: dE=-17790.5 m dN=-428.0 m (phasecorr@315m, support=None, peak=0.031066529352914596) 
gftt: Processing pair 9 from disk...
gftt: 30 match-sets in 4.73s
[Coarse] gftt pair 10: dE=-17799.8 m dN=-349.8 m (from-pair-17 (phasecorr disagreed), support=None, peak=0.04791493653487985) 
gftt: Processing pair 10 from disk...
gftt: 21 match-sets in 4.97s
[Coarse] gftt pair 11: dE=-17799.8 m dN=-349.8 m (from-pair-10, support=None, peak=None) 
gftt: Processing pair 11 from disk...
gftt: 26 match-sets in 4.04s
[Coarse] gftt pair 12: dE=-17799.8 m dN=-349.8 m (from-pair-17 (phasecorr disagreed), support=None, peak=0.1047012765466431) 
gftt: Processing pair 12 from disk...
gftt: 0 match-sets in 0.00s
[Coarse] gftt pair 13: dE=-17799.8 m dN=-349.8 m (from-pair-17 (phasecorr disagreed), support=None, peak=0.09384612739086151) 
gftt: Processing pair 13 from disk...
gftt: 0 match-sets in 0.00s
[Coarse] gftt pair 14: dE=-18039.9 m dN=-308.2 m (phasecorr@315m, support=None, peak=0.04961982255158601) 
gftt: Processing pair 14 from disk...
gftt: 32 match-sets in 4.46s
[Coarse] gftt pair 15: dE=-18033.6 m dN=-269.1 m (phasecorr@315m, support=None, peak=0.0587093012491862) 
gftt: Processing pair 15 from disk...
gftt: 33 match-sets in 4.35s
[Coarse] gftt pair 16: dE=-18113.0 m dN=-129.2 m (phasecorr@315m, support=None, peak=0.054434785683949785) 
gftt: Processing pair 16 from disk...
gftt: 31 match-sets in 4.26s
[Coarse] gftt pair 17: dE=-17799.8 m dN=-349.8 m (matcher@315m, support=10, peak=None) 
gftt: Processing pair 17 from disk...
gftt: 30 match-sets in 4.16s
[Coarse] gftt pair 18: dE=-17955.0 m dN=-315.0 m (from-pair-22 (phasecorr disagreed), support=None, peak=0.06863816733713503) 
gftt: Processing pair 18 from disk...
gftt: 0 match-sets in 0.00s
[Coarse] gftt pair 19: dE=-17955.0 m dN=-315.0 m (from-pair-22 (phasecorr disagreed), support=None, peak=0.15104582491848204) 
gftt: Processing pair 19 from disk...
gftt: 0 match-sets in 0.00s
[Coarse] gftt pair 20: dE=-17955.0 m dN=-315.0 m (from-pair-19, support=None, peak=None) 
gftt: Processing pair 20 from disk...
gftt: 0 match-sets in 0.00s
[Coarse] gftt pair 21: dE=-17955.0 m dN=-315.0 m (from-pair-22 (phasecorr disagreed), support=None, peak=0.036990950946454645) 
gftt: Processing pair 21 from disk...
gftt: 0 match-sets in 0.00s
[Coarse] gftt pair 22: dE=-17955.0 m dN=-315.0 m (matcher@315m, support=12, peak=None) 
gftt: Processing pair 22 from disk...
gftt: 23 match-sets in 3.63s
[Coarse] gftt pair 23: dE=-17911.9 m dN=-326.6 m (phasecorr@315m, support=None, peak=0.12881409482955933) 
gftt: Processing pair 23 from disk...
gftt: 18 match-sets in 2.82s
[Coarse] gftt pair 24: dE=-17928.8 m dN=-415.6 m (phasecorr@315m, support=None, peak=0.035175936365127565) 
gftt: Processing pair 24 from disk...
gftt: 22 match-sets in 3.19s
[Coarse] gftt pair 25: dE=-17844.2 m dN=-348.0 m (phasecorr@315m, support=None, peak=0.15328786741892497) 
gftt: Processing pair 25 from disk...
gftt: 23 match-sets in 3.17s
[Coarse] gftt pair 26: dE=-17955.0 m dN=-315.0 m (from-pair-27, support=None, peak=None) 
gftt: Processing pair 26 from disk...
gftt: 7 match-sets in 1.61s
[Coarse] gftt pair 27: dE=-17955.0 m dN=-315.0 m (from-pair-22 (phasecorr disagreed), support=None, peak=0.05064041456057702) 
gftt: Processing pair 27 from disk...
gftt: 8 match-sets in 1.25s
Saved:
 CHIP_STATS_ALL.csv
 CHIP_STATS_SURVIVORS.csv
 CONSENSUS_SCORES.csv
 BEST_CHIP_SET.csv
 BEST_CHIP_MANIFEST.csv
 BEST_FINAL_SUMMARY.csv
[band1] gftt ok in 1.3 min, peak GPU memory 1.0 of 39.4 GB
--------------------------------------------------------------------------------
[band1] Running hessian
Hessian-AffNet-HardNet: Loading (upright=True)...
[Coarse] pair 3: no reliable coarse offset (matcher: no matches; phasecorr: {'dx': -16147.443677524008, 'dy': -26751.975000537102, 'support': None, 'n': None, 'peak': 0.00032880983234923565}); windows compared in place
[Coarse] pair 4: no reliable coarse offset (matcher: {'dx': -17772.03125, 'dy': -194.220703125, 'support': 3, 'n': 4, 'peak': None}; phasecorr: {'dx': 12882.472481301173, 'dy': 92621.70938170607, 'support': None, 'n': None, 'peak': -0.00012715039429841217}); windows compared in place
[Coarse] pair 5: no reliable coarse offset (matcher: no matches; phasecorr: {'dx': 3156.3479216096807, 'dy': 18300.67805989782, 'support': None, 'n': None, 'peak': 0.020832994549224774}); windows compared in place
[Coarse] pair 6: no reliable coarse offset (matcher: no matches; phasecorr: {'dx': -15852.800158210905, 'dy': 18737.59796077822, 'support': None, 'n': None, 'peak': -0.0027571213742097218}); windows compared in place
[Coarse] pair 7: no reliable coarse offset (matcher: no matches; phasecorr: {'dx': -17660.72648465004, 'dy': -478.5174601560547, 'support': None, 'n': None, 'peak': 0.0218074359204816}); windows compared in place
[Coarse] pair 8: no reliable coarse offset (matcher: no matches; phasecorr: {'dx': -18002.059573769864, 'dy': -489.60497923140906, 'support': None, 'n': None, 'peak': 0.011968647486368816}); windows compared in place
[Coarse] pair 11: no reliable coarse offset (matcher: no matches; phasecorr: {'dx': -18107.733154651494, 'dy': -332.5590928480355, 'support': None, 'n': None, 'peak': 0.020898853179031604}); windows compared in place
[Coarse] pair 20: no reliable coarse offset (matcher: no matches; phasecorr: {'dx': -28903.23193639674, 'dy': -12953.216285335406, 'support': None, 'n': None, 'peak': 0.008737401829825507}); windows compared in place
[Coarse] pair 26: no reliable coarse offset (matcher: no matches; phasecorr: {'dx': -96306.08142606622, 'dy': -17142.367293993742, 'support': None, 'n': None, 'peak': 0.02253384519977334}); windows compared in place
[Coarse] pair 2: phase correlation gave dE=-8934 m dN=5487 m, 10.6 km from every offset the matcher measured; using pair 1's (dE=-18034 m dN=-813 m)
[Coarse] pair 10: phase correlation gave dE=43169 m dN=-4147 m, 60.9 km from every offset the matcher measured; using pair 1's (dE=-18034 m dN=-813 m)
[Coarse] pair 12: phase correlation gave dE=-1877 m dN=10017 m, 18.9 km from every offset the matcher measured; using pair 1's (dE=-18034 m dN=-813 m)
[Coarse] pair 13: phase correlation gave dE=7584 m dN=8567 m, 26.8 km from every offset the matcher measured; using pair 1's (dE=-18034 m dN=-813 m)
[Coarse] pair 18: phase correlation gave dE=744 m dN=-16615 m, 24.5 km from every offset the matcher measured; using pair 22's (dE=-17640 m dN=-472 m)
[Coarse] pair 19: phase correlation gave dE=11920 m dN=-17918 m, 34.3 km from every offset the matcher measured; using pair 22's (dE=-17640 m dN=-472 m)
[Coarse] pair 21: phase correlation gave dE=-11414 m dN=-17047 m, 17.5 km from every offset the matcher measured; using pair 22's (dE=-17640 m dN=-472 m)
[Coarse] pair 27: phase correlation gave dE=-97898 m dN=-6012 m, 80.0 km from every offset the matcher measured; using pair 22's (dE=-17640 m dN=-472 m)
[Coarse] hessian pair 1: dE=-18033.8 m dN=-813.4 m (matcher@315m, support=10, peak=None) 
hessian: Processing pair 1 from disk...
hessian: 9 match-sets in 1.35s
[Coarse] hessian pair 2: dE=-18033.8 m dN=-813.4 m (from-pair-1 (phasecorr disagreed), support=None, peak=0.03413578109976686) 
hessian: Processing pair 2 from disk...
hessian: 9 match-sets in 1.34s
[Coarse] hessian pair 3: dE=-18033.8 m dN=-813.4 m (from-pair-1, support=None, peak=None) 
hessian: Processing pair 3 from disk...
hessian: 9 match-sets in 1.07s
[Coarse] hessian pair 4: dE=-18033.8 m dN=-813.4 m (from-pair-2, support=None, peak=None) 
hessian: Processing pair 4 from disk...
hessian: 8 match-sets in 1.53s
[Coarse] hessian pair 5: dE=-18033.8 m dN=-813.4 m (from-pair-2, support=None, peak=None) 
hessian: Processing pair 5 from disk...
hessian: 11 match-sets in 1.51s
[Coarse] hessian pair 6: dE=-18033.8 m dN=-813.4 m (from-pair-2, support=None, peak=None) 
hessian: Processing pair 6 from disk...
hessian: 9 match-sets in 1.28s
[Coarse] hessian pair 7: dE=-17790.5 m dN=-428.0 m (from-pair-9, support=None, peak=None) 
hessian: Processing pair 7 from disk...
hessian: 27 match-sets in 4.36s
[Coarse] hessian pair 8: dE=-17790.5 m dN=-428.0 m (from-pair-9, support=None, peak=None) 
hessian: Processing pair 8 from disk...
hessian: 28 match-sets in 4.52s
[Coarse] hessian pair 9: dE=-17790.5 m dN=-428.0 m (phasecorr@315m, support=None, peak=0.031066529352914596) 
hessian: Processing pair 9 from disk...
hessian: 29 match-sets in 3.80s
[Coarse] hessian pair 10: dE=-18033.8 m dN=-813.4 m (from-pair-1 (phasecorr disagreed), support=None, peak=0.04791493653487985) 
hessian: Processing pair 10 from disk...
hessian: 23 match-sets in 3.38s
[Coarse] hessian pair 11: dE=-18033.8 m dN=-813.4 m (from-pair-10, support=None, peak=None) 
hessian: Processing pair 11 from disk...
hessian: 23 match-sets in 2.92s
[Coarse] hessian pair 12: dE=-18033.8 m dN=-813.4 m (from-pair-1 (phasecorr disagreed), support=None, peak=0.1047012765466431) 
hessian: Processing pair 12 from disk...
hessian: 0 match-sets in 0.00s
[Coarse] hessian pair 13: dE=-18033.8 m dN=-813.4 m (from-pair-1 (phasecorr disagreed), support=None, peak=0.09384612739086151) 
hessian: Processing pair 13 from disk...
hessian: 0 match-sets in 0.00s
[Coarse] hessian pair 14: dE=-18039.9 m dN=-308.2 m (phasecorr@315m, support=None, peak=0.04961982255158601) 
hessian: Processing pair 14 from disk...
hessian: 32 match-sets in 3.63s
[Coarse] hessian pair 15: dE=-18033.6 m dN=-269.1 m (phasecorr@315m, support=None, peak=0.0587093012491862) 
hessian: Processing pair 15 from disk...
hessian: 33 match-sets in 3.58s
[Coarse] hessian pair 16: dE=-18113.0 m dN=-129.2 m (phasecorr@315m, support=None, peak=0.054434785683949785) 
hessian: Processing pair 16 from disk...
hessian: 31 match-sets in 3.00s
[Coarse] hessian pair 17: dE=-18272.3 m dN=-53.0 m (phasecorr@315m, support=None, peak=0.05276745311419169) 
hessian: Processing pair 17 from disk...
hessian: 31 match-sets in 3.23s
[Coarse] hessian pair 18: dE=-17640.0 m dN=-472.5 m (from-pair-22 (phasecorr disagreed), support=None, peak=0.06863816733713503) 
hessian: Processing pair 18 from disk...
hessian: 0 match-sets in 0.00s
[Coarse] hessian pair 19: dE=-17640.0 m dN=-472.5 m (from-pair-22 (phasecorr disagreed), support=None, peak=0.15104582491848204) 
hessian: Processing pair 19 from disk...
hessian: 0 match-sets in 0.00s
[Coarse] hessian pair 20: dE=-17640.0 m dN=-472.5 m (from-pair-19, support=None, peak=None) 
hessian: Processing pair 20 from disk...
hessian: 0 match-sets in 0.00s
[Coarse] hessian pair 21: dE=-17640.0 m dN=-472.5 m (from-pair-22 (phasecorr disagreed), support=None, peak=0.036990950946454645) 
hessian: Processing pair 21 from disk...
hessian: 0 match-sets in 0.00s
[Coarse] hessian pair 22: dE=-17640.0 m dN=-472.5 m (matcher@315m, support=10, peak=None) 
hessian: Processing pair 22 from disk...
hessian: 23 match-sets in 2.66s
[Coarse] hessian pair 23: dE=-17911.9 m dN=-326.6 m (phasecorr@315m, support=None, peak=0.12881409482955933) 
hessian: Processing pair 23 from disk...
hessian: 19 match-sets in 2.18s
[Coarse] hessian pair 24: dE=-17928.8 m dN=-415.6 m (phasecorr@315m, support=None, peak=0.035175936365127565) 
hessian: Processing pair 24 from disk...
hessian: 22 match-sets in 2.11s
[Coarse] hessian pair 25: dE=-17844.2 m dN=-348.0 m (phasecorr@315m, support=None, peak=0.15328786741892497) 
hessian: Processing pair 25 from disk...
hessian: 24 match-sets in 2.40s
[Coarse] hessian pair 26: dE=-17640.0 m dN=-472.5 m (from-pair-27, support=None, peak=None) 
hessian: Processing pair 26 from disk...
hessian: 7 match-sets in 1.02s
[Coarse] hessian pair 27: dE=-17640.0 m dN=-472.5 m (from-pair-22 (phasecorr disagreed), support=None, peak=0.05064041456057702) 
hessian: Processing pair 27 from disk...
hessian: 10 match-sets in 1.07s
Saved:
 CHIP_STATS_ALL.csv
 CHIP_STATS_SURVIVORS.csv
 CONSENSUS_SCORES.csv
 BEST_CHIP_SET.csv
 BEST_CHIP_MANIFEST.csv
 BEST_FINAL_SUMMARY.csv
[band1] hessian ok in 1.1 min, peak GPU memory 1.1 of 39.4 GB
--------------------------------------------------------------------------------
[band1] Running loftr
LoFTR: Initializing model (outdoor weights, coarse threshold 0.2)...
[Coarse] pair 20: no reliable coarse offset (matcher: no matches; phasecorr: {'dx': -28903.23193639674, 'dy': -12953.216285335406, 'support': None, 'n': None, 'peak': 0.008737401829825507}); windows compared in place
[Coarse] pair 26: no reliable coarse offset (matcher: {'dx': 10331.515625, 'dy': 18734.396484375, 'support': 3, 'n': 9, 'peak': None}; phasecorr: {'dx': -96306.08142606622, 'dy': -17142.367293993742, 'support': None, 'n': None, 'peak': 0.02253384519977334}); windows compared in place
[Coarse] pair 12: phase correlation gave dE=-1877 m dN=10017 m, 18.9 km from every offset the matcher measured; using pair 8's (dE=-17752 m dN=-336 m)
[Coarse] pair 13: phase correlation gave dE=7584 m dN=8567 m, 26.8 km from every offset the matcher measured; using pair 8's (dE=-17752 m dN=-336 m)
[Coarse] pair 18: phase correlation gave dE=744 m dN=-16615 m, 24.4 km from every offset the matcher measured; using pair 25's (dE=-17725 m dN=-323 m)
[Coarse] pair 19: phase correlation gave dE=11920 m dN=-17918 m, 34.3 km from every offset the matcher measured; using pair 25's (dE=-17725 m dN=-323 m)
[Coarse] pair 21: phase correlation gave dE=-11414 m dN=-17047 m, 17.5 km from every offset the matcher measured; using pair 25's (dE=-17725 m dN=-323 m)
[Coarse] pair 27: phase correlation gave dE=-97898 m dN=-6012 m, 79.6 km from every offset the matcher measured; using pair 23's (dE=-17694 m dN=-287 m)
[Coarse] loftr pair 1: dE=-17899.6 m dN=-728.0 m (matcher@315m, support=165, peak=None) 
loftr: Processing pair 1 from disk...
loftr: 2 match-sets in 5.10s
[Coarse] loftr pair 2: dE=-17861.6 m dN=-769.9 m (matcher@315m, support=78, peak=None) 
loftr: Processing pair 2 from disk...
loftr: 2 match-sets in 2.62s
[Coarse] loftr pair 3: dE=-17797.9 m dN=-782.3 m (matcher@315m, support=45, peak=None) 
loftr: Processing pair 3 from disk...
loftr: 2 match-sets in 0.06s
[Coarse] loftr pair 4: dE=-18386.3 m dN=-400.8 m (matcher@315m, support=149, peak=None) 
loftr: Processing pair 4 from disk...
loftr: 2 match-sets in 3.31s
[Coarse] loftr pair 5: dE=-18392.9 m dN=-353.5 m (matcher@315m, support=170, peak=None) 
loftr: Processing pair 5 from disk...
loftr: 2 match-sets in 3.58s
[Coarse] loftr pair 6: dE=-18527.1 m dN=-228.5 m (matcher@315m, support=59, peak=None) 
loftr: Processing pair 6 from disk...
loftr: 2 match-sets in 0.06s
[Coarse] loftr pair 7: dE=-17865.3 m dN=-410.8 m (matcher@315m, support=144, peak=None) 
loftr: Processing pair 7 from disk...
loftr: 6 match-sets in 15.30s
[Coarse] loftr pair 8: dE=-17752.1 m dN=-336.0 m (matcher@315m, support=289, peak=None) 
loftr: Processing pair 8 from disk...
loftr: 6 match-sets in 4.71s
[Coarse] loftr pair 9: dE=-17832.7 m dN=-355.3 m (matcher@315m, support=320, peak=None) 
loftr: Processing pair 9 from disk...
loftr: 6 match-sets in 0.18s
[Coarse] loftr pair 10: dE=-18379.7 m dN=-147.6 m (matcher@315m, support=43, peak=None) 
loftr: Processing pair 10 from disk...
loftr: 6 match-sets in 9.80s
[Coarse] loftr pair 11: dE=-18203.8 m dN=-191.3 m (matcher@315m, support=161, peak=None) 
loftr: Processing pair 11 from disk...
loftr: 6 match-sets in 0.18s
[Coarse] loftr pair 12: dE=-17752.1 m dN=-336.0 m (from-pair-8 (phasecorr disagreed), support=None, peak=0.1047012765466431) 
loftr: Processing pair 12 from disk...
loftr: 0 match-sets in 0.00s
[Coarse] loftr pair 13: dE=-17752.1 m dN=-336.0 m (from-pair-8 (phasecorr disagreed), support=None, peak=0.09384612739086151) 
loftr: Processing pair 13 from disk...
loftr: 0 match-sets in 0.00s
[Coarse] loftr pair 14: dE=-17806.3 m dN=-165.3 m (matcher@315m, support=804, peak=None) 
loftr: Processing pair 14 from disk...
loftr: 6 match-sets in 6.97s
[Coarse] loftr pair 15: dE=-17859.3 m dN=-185.2 m (matcher@315m, support=1476, peak=None) 
loftr: Processing pair 15 from disk...
loftr: 6 match-sets in 0.19s
[Coarse] loftr pair 16: dE=-18014.6 m dN=-183.5 m (matcher@315m, support=721, peak=None) 
loftr: Processing pair 16 from disk...
loftr: 6 match-sets in 4.52s
[Coarse] loftr pair 17: dE=-18007.4 m dN=-164.9 m (matcher@315m, support=1288, peak=None) 
loftr: Processing pair 17 from disk...
loftr: 6 match-sets in 0.18s
[Coarse] loftr pair 18: dE=-17725.5 m dN=-323.2 m (from-pair-25 (phasecorr disagreed), support=None, peak=0.06863816733713503) 
loftr: Processing pair 18 from disk...
loftr: 0 match-sets in 0.00s
[Coarse] loftr pair 19: dE=-17725.5 m dN=-323.2 m (from-pair-25 (phasecorr disagreed), support=None, peak=0.15104582491848204) 
loftr: Processing pair 19 from disk...
loftr: 0 match-sets in 0.00s
[Coarse] loftr pair 20: dE=-17725.5 m dN=-323.2 m (from-pair-19, support=None, peak=None) 
loftr: Processing pair 20 from disk...
loftr: 0 match-sets in 0.00s
[Coarse] loftr pair 21: dE=-17725.5 m dN=-323.2 m (from-pair-25 (phasecorr disagreed), support=None, peak=0.036990950946454645) 
loftr: Processing pair 21 from disk...
loftr: 0 match-sets in 0.00s
[Coarse] loftr pair 22: dE=-17699.8 m dN=-286.0 m (matcher@315m, support=589, peak=None) 
loftr: Processing pair 22 from disk...
loftr: 5 match-sets in 4.50s
[Coarse] loftr pair 23: dE=-17694.5 m dN=-286.8 m (matcher@315m, support=159, peak=None) 
loftr: Processing pair 23 from disk...
loftr: 5 match-sets in 0.15s
[Coarse] loftr pair 24: dE=-17702.5 m dN=-249.9 m (matcher@315m, support=476, peak=None) 
loftr: Processing pair 24 from disk...
loftr: 5 match-sets in 0.15s
[Coarse] loftr pair 25: dE=-17725.5 m dN=-323.2 m (matcher@315m, support=285, peak=None) 
loftr: Processing pair 25 from disk...
loftr: 5 match-sets in 0.15s
[Coarse] loftr pair 26: dE=-17694.5 m dN=-286.8 m (from-pair-27, support=None, peak=None) 
loftr: Processing pair 26 from disk...
loftr: 2 match-sets in 2.48s
[Coarse] loftr pair 27: dE=-17694.5 m dN=-286.8 m (from-pair-23 (phasecorr disagreed), support=None, peak=0.05064041456057702) 
loftr: Processing pair 27 from disk...
loftr: 2 match-sets in 0.06s
Saved:
 CHIP_STATS_ALL.csv
 CHIP_STATS_SURVIVORS.csv
 CONSENSUS_SCORES.csv
 BEST_CHIP_SET.csv
 BEST_CHIP_MANIFEST.csv
 BEST_FINAL_SUMMARY.csv
[band1] loftr ok in 2.4 min, peak GPU memory 32.7 of 39.4 GB
--------------------------------------------------------------------------------
[band1] Running loftr-windoor
LoFTR: Initializing model (indoor weights, coarse threshold 0.2)...
Downloading: "http://cmp.felk.cvut.cz/~mishkdmy/models/loftr_indoor.ckpt" to /home/gpuworker/.cache/torch/hub/checkpoints/loftr_indoor.ckpt
[loftr-windoor] MODEL LOAD FAILED: LoFTR (indoor weights) could not be loaded (URLError: <urlopen error [Errno -2] Name or service not known>). Looked for its weights in: /home/gpuworker/.cache/torch/hub/checkpoints; /maintenance/ICIGDev/GPUPOC/input/dqe/imw_runtime/imw_cache/torch/hub/checkpoints. On an offline machine, run prefetch_weights.py on a connected one and set the weights folder to its output (or copy the files into one of these).
[band1] loftr-windoor SKIPPED -- model not available (see message above)
[band1] loftr-windoor failed in 0.0 min, peak GPU memory 0.0 of 39.4 GB
--------------------------------------------------------------------------------
[band1] Running loftr-windoornew
LoFTR: Initializing model (indoor_new weights, coarse threshold 0.2)...
Downloading: "http://cmp.felk.cvut.cz/~mishkdmy/models/loftr_indoor_ds_new.ckpt" to /home/gpuworker/.cache/torch/hub/checkpoints/loftr_indoor_ds_new.ckpt
[loftr-windoornew] MODEL LOAD FAILED: LoFTR (indoor_new weights) could not be loaded (URLError: <urlopen error [Errno -2] Name or service not known>). Looked for its weights in: /home/gpuworker/.cache/torch/hub/checkpoints; /maintenance/ICIGDev/GPUPOC/input/dqe/imw_runtime/imw_cache/torch/hub/checkpoints. On an offline machine, run prefetch_weights.py on a connected one and set the weights folder to its output (or copy the files into one of these).
[band1] loftr-windoornew SKIPPED -- model not available (see message above)
[band1] loftr-windoornew failed in 0.0 min, peak GPU memory 0.0 of 39.4 GB
--------------------------------------------------------------------------------
[band1] Running imw-sp-lg-kt0p2
[imw-sp-lg] Loading model...
Loaded SuperPoint model
[imw-sp-lg-kt0p2] warm-up on a synthetic pair failed (IndexError: max(): Expected reduction dim 1 to have non-zero size.) -- carrying on with the real windows
[Coarse] pair 3: no reliable coarse offset (matcher: no matches; phasecorr: {'dx': -16147.443677524008, 'dy': -26751.975000537102, 'support': None, 'n': None, 'peak': 0.00032880983234923565}); windows compared in place
[Coarse] pair 4: no reliable coarse offset (matcher: no matches; phasecorr: {'dx': 12882.472481301173, 'dy': 92621.70938170607, 'support': None, 'n': None, 'peak': -0.00012715039429841217}); windows compared in place
[Coarse] pair 5: no reliable coarse offset (matcher: no matches; phasecorr: {'dx': 3156.3479216096807, 'dy': 18300.67805989782, 'support': None, 'n': None, 'peak': 0.020832994549224774}); windows compared in place
[Coarse] pair 6: no reliable coarse offset (matcher: no matches; phasecorr: {'dx': -15852.800158210905, 'dy': 18737.59796077822, 'support': None, 'n': None, 'peak': -0.0027571213742097218}); windows compared in place
[Coarse] pair 7: no reliable coarse offset (matcher: no matches; phasecorr: {'dx': -17660.72648465004, 'dy': -478.5174601560547, 'support': None, 'n': None, 'peak': 0.0218074359204816}); windows compared in place
[Coarse] pair 8: no reliable coarse offset (matcher: no matches; phasecorr: {'dx': -18002.059573769864, 'dy': -489.60497923140906, 'support': None, 'n': None, 'peak': 0.011968647486368816}); windows compared in place
[Coarse] pair 11: no reliable coarse offset (matcher: no matches; phasecorr: {'dx': -18107.733154651494, 'dy': -332.5590928480355, 'support': None, 'n': None, 'peak': 0.020898853179031604}); windows compared in place
[Coarse] pair 20: no reliable coarse offset (matcher: IndexError: max(): Expected reduction dim 1 to have non-zero size.; phasecorr: {'dx': -28903.23193639674, 'dy': -12953.216285335406, 'support': None, 'n': None, 'peak': 0.008737401829825507}); windows compared in place
[Coarse] pair 26: no reliable coarse offset (matcher: no matches; phasecorr: {'dx': -96306.08142606622, 'dy': -17142.367293993742, 'support': None, 'n': None, 'peak': 0.02253384519977334}); windows compared in place
[Coarse] pair 2: phase correlation gave dE=-8934 m dN=5487 m, 10.6 km from every offset the matcher measured; using pair 14's (dE=-17955 m dN=0 m)
[Coarse] pair 10: phase correlation gave dE=43169 m dN=-4147 m, 61.2 km from every offset the matcher measured; using pair 14's (dE=-17955 m dN=0 m)
[Coarse] pair 12: phase correlation gave dE=-1877 m dN=10017 m, 18.9 km from every offset the matcher measured; using pair 14's (dE=-17955 m dN=0 m)
[Coarse] pair 13: phase correlation gave dE=7584 m dN=8567 m, 26.9 km from every offset the matcher measured; using pair 14's (dE=-17955 m dN=0 m)
[Coarse] pair 18: phase correlation gave dE=744 m dN=-16615 m, 24.8 km from every offset the matcher measured; using pair 22's (dE=-17955 m dN=-315 m)
[Coarse] pair 19: phase correlation gave dE=11920 m dN=-17918 m, 34.7 km from every offset the matcher measured; using pair 22's (dE=-17955 m dN=-315 m)
[Coarse] pair 21: phase correlation gave dE=-11414 m dN=-17047 m, 18.0 km from every offset the matcher measured; using pair 22's (dE=-17955 m dN=-315 m)
[Coarse] pair 27: phase correlation gave dE=-97898 m dN=-6012 m, 80.1 km from every offset the matcher measured; using pair 22's (dE=-17955 m dN=-315 m)
[Coarse] imw-sp-lg-kt0p2 pair 1: dE=-18062.2 m dN=-904.8 m (phasecorr@315m, support=None, peak=0.03257782713572184) 
imw-sp-lg-kt0p2: Processing pair 1 from disk...
imw-sp-lg-kt0p2: 0 match-sets in 0.51s
[Coarse] imw-sp-lg-kt0p2 pair 2: dE=-17955.0 m dN=0.0 m (from-pair-14 (phasecorr disagreed), support=None, peak=0.03413578109976686) 
imw-sp-lg-kt0p2: Processing pair 2 from disk...
imw-sp-lg-kt0p2: 0 match-sets in 0.08s
[Coarse] imw-sp-lg-kt0p2 pair 3: dE=-18062.2 m dN=-904.8 m (from-pair-1, support=None, peak=None) 
imw-sp-lg-kt0p2: Processing pair 3 from disk...
imw-sp-lg-kt0p2: 0 match-sets in 0.08s
[Coarse] imw-sp-lg-kt0p2 pair 4: dE=-17955.0 m dN=0.0 m (from-pair-2, support=None, peak=None) 
imw-sp-lg-kt0p2: Processing pair 4 from disk...
imw-sp-lg-kt0p2: 0 match-sets in 0.46s
[Coarse] imw-sp-lg-kt0p2 pair 5: dE=-17955.0 m dN=0.0 m (from-pair-2, support=None, peak=None) 
imw-sp-lg-kt0p2: Processing pair 5 from disk...
imw-sp-lg-kt0p2: 0 match-sets in 0.34s
[Coarse] imw-sp-lg-kt0p2 pair 6: dE=-17955.0 m dN=0.0 m (from-pair-2, support=None, peak=None) 
imw-sp-lg-kt0p2: Processing pair 6 from disk...
imw-sp-lg-kt0p2: 0 match-sets in 0.08s
[Coarse] imw-sp-lg-kt0p2 pair 7: dE=-17790.5 m dN=-428.0 m (from-pair-9, support=None, peak=None) 
imw-sp-lg-kt0p2: Processing pair 7 from disk...
imw-sp-lg-kt0p2: 0 match-sets in 0.96s
[Coarse] imw-sp-lg-kt0p2 pair 8: dE=-17790.5 m dN=-428.0 m (from-pair-9, support=None, peak=None) 
imw-sp-lg-kt0p2: Processing pair 8 from disk...
imw-sp-lg-kt0p2: 0 match-sets in 0.29s
[Coarse] imw-sp-lg-kt0p2 pair 9: dE=-17790.5 m dN=-428.0 m (phasecorr@315m, support=None, peak=0.031066529352914596) 
imw-sp-lg-kt0p2: Processing pair 9 from disk...
imw-sp-lg-kt0p2: 0 match-sets in 0.67s
[Coarse] imw-sp-lg-kt0p2 pair 10: dE=-17955.0 m dN=0.0 m (from-pair-14 (phasecorr disagreed), support=None, peak=0.04791493653487985) 
imw-sp-lg-kt0p2: Processing pair 10 from disk...
imw-sp-lg-kt0p2: 0 match-sets in 0.64s
[Coarse] imw-sp-lg-kt0p2 pair 11: dE=-17955.0 m dN=0.0 m (from-pair-10, support=None, peak=None) 
imw-sp-lg-kt0p2: Processing pair 11 from disk...
imw-sp-lg-kt0p2: 0 match-sets in 0.26s
[Coarse] imw-sp-lg-kt0p2 pair 12: dE=-17955.0 m dN=0.0 m (from-pair-14 (phasecorr disagreed), support=None, peak=0.1047012765466431) 
imw-sp-lg-kt0p2: Processing pair 12 from disk...
imw-sp-lg-kt0p2: 0 match-sets in 0.00s
[Coarse] imw-sp-lg-kt0p2 pair 13: dE=-17955.0 m dN=0.0 m (from-pair-14 (phasecorr disagreed), support=None, peak=0.09384612739086151) 
imw-sp-lg-kt0p2: Processing pair 13 from disk...
imw-sp-lg-kt0p2: 0 match-sets in 0.00s
[Coarse] imw-sp-lg-kt0p2 pair 14: dE=-17955.0 m dN=0.0 m (matcher@315m, support=9, peak=None) 
imw-sp-lg-kt0p2: Processing pair 14 from disk...
imw-sp-lg-kt0p2: 1 match-sets in 0.35s
[Coarse] imw-sp-lg-kt0p2 pair 15: dE=-17955.0 m dN=-315.0 m (matcher@315m, support=8, peak=None) 
imw-sp-lg-kt0p2: Processing pair 15 from disk...
imw-sp-lg-kt0p2: 1 match-sets in 0.28s
[Coarse] imw-sp-lg-kt0p2 pair 16: dE=-17955.0 m dN=0.0 m (matcher@315m, support=10, peak=None) 
imw-sp-lg-kt0p2: Processing pair 16 from disk...
imw-sp-lg-kt0p2: 4 match-sets in 0.36s
[Coarse] imw-sp-lg-kt0p2 pair 17: dE=-17955.0 m dN=-315.0 m (matcher@315m, support=14, peak=None) 
imw-sp-lg-kt0p2: Processing pair 17 from disk...
imw-sp-lg-kt0p2: 1 match-sets in 0.28s
[Coarse] imw-sp-lg-kt0p2 pair 18: dE=-17955.0 m dN=-315.0 m (from-pair-22 (phasecorr disagreed), support=None, peak=0.06863816733713503) 
imw-sp-lg-kt0p2: Processing pair 18 from disk...
imw-sp-lg-kt0p2: 0 match-sets in 0.00s
[Coarse] imw-sp-lg-kt0p2 pair 19: dE=-17955.0 m dN=-315.0 m (from-pair-22 (phasecorr disagreed), support=None, peak=0.15104582491848204) 
imw-sp-lg-kt0p2: Processing pair 19 from disk...
imw-sp-lg-kt0p2: 0 match-sets in 0.00s
[Coarse] imw-sp-lg-kt0p2 pair 20: dE=-17955.0 m dN=-315.0 m (from-pair-19, support=None, peak=None) 
imw-sp-lg-kt0p2: Processing pair 20 from disk...
imw-sp-lg-kt0p2: 0 match-sets in 0.00s
[Coarse] imw-sp-lg-kt0p2 pair 21: dE=-17955.0 m dN=-315.0 m (from-pair-22 (phasecorr disagreed), support=None, peak=0.036990950946454645) 
imw-sp-lg-kt0p2: Processing pair 21 from disk...
imw-sp-lg-kt0p2: 0 match-sets in 0.00s
[Coarse] imw-sp-lg-kt0p2 pair 22: dE=-17955.0 m dN=-315.0 m (matcher@315m, support=9, peak=None) 
imw-sp-lg-kt0p2: Processing pair 22 from disk...
imw-sp-lg-kt0p2: 2 match-sets in 0.26s
[Coarse] imw-sp-lg-kt0p2 pair 23: dE=-17911.9 m dN=-326.6 m (phasecorr@315m, support=None, peak=0.12881409482955933) 
imw-sp-lg-kt0p2: Processing pair 23 from disk...
imw-sp-lg-kt0p2: 1 match-sets in 0.15s
[Coarse] imw-sp-lg-kt0p2 pair 24: dE=-17928.8 m dN=-415.6 m (phasecorr@315m, support=None, peak=0.035175936365127565) 
imw-sp-lg-kt0p2: Processing pair 24 from disk...
imw-sp-lg-kt0p2: 1 match-sets in 0.20s
[Coarse] imw-sp-lg-kt0p2 pair 25: dE=-17844.2 m dN=-348.0 m (phasecorr@315m, support=None, peak=0.15328786741892497) 
imw-sp-lg-kt0p2: Processing pair 25 from disk...
imw-sp-lg-kt0p2: 1 match-sets in 0.18s
[Coarse] imw-sp-lg-kt0p2 pair 26: dE=-17955.0 m dN=-315.0 m (from-pair-27, support=None, peak=None) 
imw-sp-lg-kt0p2: Processing pair 26 from disk...
imw-sp-lg-kt0p2: 0 match-sets in 0.11s
[Coarse] imw-sp-lg-kt0p2 pair 27: dE=-17955.0 m dN=-315.0 m (from-pair-22 (phasecorr disagreed), support=None, peak=0.05064041456057702) 
imw-sp-lg-kt0p2: Processing pair 27 from disk...
imw-sp-lg-kt0p2: 0 match-sets in 0.10s
Saved:
 CHIP_STATS_ALL.csv
 CHIP_STATS_SURVIVORS.csv
 CONSENSUS_SCORES.csv
 BEST_CHIP_SET.csv
 BEST_CHIP_MANIFEST.csv
 BEST_FINAL_SUMMARY.csv
[band1] imw-sp-lg-kt0p2 ok in 0.3 min, peak GPU memory 8.5 of 39.4 GB
[imw-sp-lg] Model unloaded.
--------------------------------------------------------------------------------
[band1] Running imw-aliked-lg-kt0p2
[imw-aliked-lg] Loading model...
[Coarse] pair 3: no reliable coarse offset (matcher: no matches; phasecorr: {'dx': -16147.443677524008, 'dy': -26751.975000537102, 'support': None, 'n': None, 'peak': 0.00032880983234923565}); windows compared in place
[Coarse] pair 4: no reliable coarse offset (matcher: no matches; phasecorr: {'dx': 12882.472481301173, 'dy': 92621.70938170607, 'support': None, 'n': None, 'peak': -0.00012715039429841217}); windows compared in place
[Coarse] pair 5: no reliable coarse offset (matcher: no matches; phasecorr: {'dx': 3156.3479216096807, 'dy': 18300.67805989782, 'support': None, 'n': None, 'peak': 0.020832994549224774}); windows compared in place
[Coarse] pair 6: no reliable coarse offset (matcher: no matches; phasecorr: {'dx': -15852.800158210905, 'dy': 18737.59796077822, 'support': None, 'n': None, 'peak': -0.0027571213742097218}); windows compared in place
[Coarse] pair 11: no reliable coarse offset (matcher: no matches; phasecorr: {'dx': -18107.733154651494, 'dy': -332.5590928480355, 'support': None, 'n': None, 'peak': 0.020898853179031604}); windows compared in place
[Coarse] pair 20: no reliable coarse offset (matcher: no matches; phasecorr: {'dx': -28903.23193639674, 'dy': -12953.216285335406, 'support': None, 'n': None, 'peak': 0.008737401829825507}); windows compared in place
[Coarse] pair 26: no reliable coarse offset (matcher: no matches; phasecorr: {'dx': -96306.08142606622, 'dy': -17142.367293993742, 'support': None, 'n': None, 'peak': 0.02253384519977334}); windows compared in place
[Coarse] pair 2: phase correlation gave dE=-8934 m dN=5487 m, 10.6 km from every offset the matcher measured; using pair 9's (dE=-17954 m dN=-452 m)
[Coarse] pair 10: phase correlation gave dE=43169 m dN=-4147 m, 61.1 km from every offset the matcher measured; using pair 8's (dE=-17795 m dN=-403 m)
[Coarse] pair 12: phase correlation gave dE=-1877 m dN=10017 m, 19.0 km from every offset the matcher measured; using pair 8's (dE=-17795 m dN=-403 m)
[Coarse] pair 13: phase correlation gave dE=7584 m dN=8567 m, 26.9 km from every offset the matcher measured; using pair 8's (dE=-17795 m dN=-403 m)
[Coarse] pair 18: phase correlation gave dE=744 m dN=-16615 m, 24.6 km from every offset the matcher measured; using pair 25's (dE=-17818 m dN=-323 m)
[Coarse] pair 19: phase correlation gave dE=11920 m dN=-17918 m, 34.5 km from every offset the matcher measured; using pair 25's (dE=-17818 m dN=-323 m)
[Coarse] pair 21: phase correlation gave dE=-11414 m dN=-17047 m, 17.8 km from every offset the matcher measured; using pair 25's (dE=-17818 m dN=-323 m)
[Coarse] pair 27: phase correlation gave dE=-97898 m dN=-6012 m, 80.1 km from every offset the matcher measured; using pair 23's (dE=-17848 m dN=-264 m)
[Coarse] imw-aliked-lg-kt0p2 pair 1: dE=-18062.2 m dN=-904.8 m (phasecorr@315m, support=None, peak=0.03257782713572184) 
imw-aliked-lg-kt0p2: Processing pair 1 from disk...
imw-aliked-lg-kt0p2: 1 match-sets in 0.42s
[Coarse] imw-aliked-lg-kt0p2 pair 2: dE=-17953.9 m dN=-451.8 m (from-pair-9 (phasecorr disagreed), support=None, peak=0.03413578109976686) 
imw-aliked-lg-kt0p2: Processing pair 2 from disk...
imw-aliked-lg-kt0p2: 0 match-sets in 0.11s
[Coarse] imw-aliked-lg-kt0p2 pair 3: dE=-18062.2 m dN=-904.8 m (from-pair-1, support=None, peak=None) 
imw-aliked-lg-kt0p2: Processing pair 3 from disk...
imw-aliked-lg-kt0p2: 1 match-sets in 0.10s
[Coarse] imw-aliked-lg-kt0p2 pair 4: dE=-17953.9 m dN=-451.8 m (from-pair-2, support=None, peak=None) 
imw-aliked-lg-kt0p2: Processing pair 4 from disk...
imw-aliked-lg-kt0p2: 0 match-sets in 0.42s
[Coarse] imw-aliked-lg-kt0p2 pair 5: dE=-17953.9 m dN=-451.8 m (from-pair-2, support=None, peak=None) 
imw-aliked-lg-kt0p2: Processing pair 5 from disk...
imw-aliked-lg-kt0p2: 1 match-sets in 0.30s
[Coarse] imw-aliked-lg-kt0p2 pair 6: dE=-17953.9 m dN=-451.8 m (from-pair-2, support=None, peak=None) 
imw-aliked-lg-kt0p2: Processing pair 6 from disk...
imw-aliked-lg-kt0p2: 0 match-sets in 0.12s
[Coarse] imw-aliked-lg-kt0p2 pair 7: dE=-17924.0 m dN=-474.1 m (matcher@315m, support=121, peak=None) 
imw-aliked-lg-kt0p2: Processing pair 7 from disk...
imw-aliked-lg-kt0p2: 1 match-sets in 0.90s
[Coarse] imw-aliked-lg-kt0p2 pair 8: dE=-17794.6 m dN=-402.7 m (matcher@315m, support=24, peak=None) 
imw-aliked-lg-kt0p2: Processing pair 8 from disk...
imw-aliked-lg-kt0p2: 2 match-sets in 0.41s
[Coarse] imw-aliked-lg-kt0p2 pair 9: dE=-17953.9 m dN=-451.8 m (matcher@315m, support=166, peak=None) 
imw-aliked-lg-kt0p2: Processing pair 9 from disk...
imw-aliked-lg-kt0p2: 3 match-sets in 0.42s
[Coarse] imw-aliked-lg-kt0p2 pair 10: dE=-17794.6 m dN=-402.7 m (from-pair-8 (phasecorr disagreed), support=None, peak=0.04791493653487985) 
imw-aliked-lg-kt0p2: Processing pair 10 from disk...
imw-aliked-lg-kt0p2: 0 match-sets in 0.58s
[Coarse] imw-aliked-lg-kt0p2 pair 11: dE=-17794.6 m dN=-402.7 m (from-pair-10, support=None, peak=None) 
imw-aliked-lg-kt0p2: Processing pair 11 from disk...
imw-aliked-lg-kt0p2: 0 match-sets in 0.36s
[Coarse] imw-aliked-lg-kt0p2 pair 12: dE=-17794.6 m dN=-402.7 m (from-pair-8 (phasecorr disagreed), support=None, peak=0.1047012765466431) 
imw-aliked-lg-kt0p2: Processing pair 12 from disk...
imw-aliked-lg-kt0p2: 0 match-sets in 0.00s
[Coarse] imw-aliked-lg-kt0p2 pair 13: dE=-17794.6 m dN=-402.7 m (from-pair-8 (phasecorr disagreed), support=None, peak=0.09384612739086151) 
imw-aliked-lg-kt0p2: Processing pair 13 from disk...
imw-aliked-lg-kt0p2: 0 match-sets in 0.00s
[Coarse] imw-aliked-lg-kt0p2 pair 14: dE=-17900.5 m dN=-220.5 m (matcher@315m, support=640, peak=None) 
imw-aliked-lg-kt0p2: Processing pair 14 from disk...
imw-aliked-lg-kt0p2: 4 match-sets in 0.66s
[Coarse] imw-aliked-lg-kt0p2 pair 15: dE=-17927.4 m dN=-241.7 m (matcher@315m, support=738, peak=None) 
imw-aliked-lg-kt0p2: Processing pair 15 from disk...
imw-aliked-lg-kt0p2: 4 match-sets in 0.47s
[Coarse] imw-aliked-lg-kt0p2 pair 16: dE=-17957.4 m dN=-199.5 m (matcher@315m, support=341, peak=None) 
imw-aliked-lg-kt0p2: Processing pair 16 from disk...
imw-aliked-lg-kt0p2: 3 match-sets in 0.48s
[Coarse] imw-aliked-lg-kt0p2 pair 17: dE=-17978.6 m dN=-221.6 m (matcher@315m, support=382, peak=None) 
imw-aliked-lg-kt0p2: Processing pair 17 from disk...
imw-aliked-lg-kt0p2: 4 match-sets in 0.41s
[Coarse] imw-aliked-lg-kt0p2 pair 18: dE=-17817.7 m dN=-322.8 m (from-pair-25 (phasecorr disagreed), support=None, peak=0.06863816733713503) 
imw-aliked-lg-kt0p2: Processing pair 18 from disk...
imw-aliked-lg-kt0p2: 0 match-sets in 0.00s
[Coarse] imw-aliked-lg-kt0p2 pair 19: dE=-17817.7 m dN=-322.8 m (from-pair-25 (phasecorr disagreed), support=None, peak=0.15104582491848204) 
imw-aliked-lg-kt0p2: Processing pair 19 from disk...
imw-aliked-lg-kt0p2: 0 match-sets in 0.00s
[Coarse] imw-aliked-lg-kt0p2 pair 20: dE=-17817.7 m dN=-322.8 m (from-pair-19, support=None, peak=None) 
imw-aliked-lg-kt0p2: Processing pair 20 from disk...
imw-aliked-lg-kt0p2: 0 match-sets in 0.00s
[Coarse] imw-aliked-lg-kt0p2 pair 21: dE=-17817.7 m dN=-322.8 m (from-pair-25 (phasecorr disagreed), support=None, peak=0.036990950946454645) 
imw-aliked-lg-kt0p2: Processing pair 21 from disk...
imw-aliked-lg-kt0p2: 0 match-sets in 0.00s
[Coarse] imw-aliked-lg-kt0p2 pair 22: dE=-17854.9 m dN=-293.8 m (matcher@315m, support=202, peak=None) 
imw-aliked-lg-kt0p2: Processing pair 22 from disk...
imw-aliked-lg-kt0p2: 2 match-sets in 0.42s
[Coarse] imw-aliked-lg-kt0p2 pair 23: dE=-17848.3 m dN=-263.6 m (matcher@315m, support=198, peak=None) 
imw-aliked-lg-kt0p2: Processing pair 23 from disk...
imw-aliked-lg-kt0p2: 3 match-sets in 0.25s
[Coarse] imw-aliked-lg-kt0p2 pair 24: dE=-17810.2 m dN=-253.0 m (matcher@315m, support=160, peak=None) 
imw-aliked-lg-kt0p2: Processing pair 24 from disk...
imw-aliked-lg-kt0p2: 2 match-sets in 0.30s
[Coarse] imw-aliked-lg-kt0p2 pair 25: dE=-17817.7 m dN=-322.8 m (matcher@315m, support=204, peak=None) 
imw-aliked-lg-kt0p2: Processing pair 25 from disk...
imw-aliked-lg-kt0p2: 2 match-sets in 0.30s
[Coarse] imw-aliked-lg-kt0p2 pair 26: dE=-17848.3 m dN=-263.6 m (from-pair-27, support=None, peak=None) 
imw-aliked-lg-kt0p2: Processing pair 26 from disk...
imw-aliked-lg-kt0p2: 0 match-sets in 0.13s
[Coarse] imw-aliked-lg-kt0p2 pair 27: dE=-17848.3 m dN=-263.6 m (from-pair-23 (phasecorr disagreed), support=None, peak=0.05064041456057702) 
imw-aliked-lg-kt0p2: Processing pair 27 from disk...
imw-aliked-lg-kt0p2: 0 match-sets in 0.15s
Saved:
 CHIP_STATS_ALL.csv
 CHIP_STATS_SURVIVORS.csv
 CONSENSUS_SCORES.csv
 BEST_CHIP_SET.csv
 BEST_CHIP_MANIFEST.csv
 BEST_FINAL_SUMMARY.csv
[band1] imw-aliked-lg-kt0p2 ok in 0.3 min, peak GPU memory 2.2 of 39.4 GB
[imw-aliked-lg] Model unloaded.
--------------------------------------------------------------------------------
[band1] Running imw-sp-sg-kt0p2
[imw-sp-sg] Loading model...
Loaded SuperPoint model
[Coarse] pair 3: no reliable coarse offset (matcher: no matches; phasecorr: {'dx': -16147.443677524008, 'dy': -26751.975000537102, 'support': None, 'n': None, 'peak': 0.00032880983234923565}); windows compared in place
[Coarse] pair 4: no reliable coarse offset (matcher: no matches; phasecorr: {'dx': 12882.472481301173, 'dy': 92621.70938170607, 'support': None, 'n': None, 'peak': -0.00012715039429841217}); windows compared in place
[Coarse] pair 5: no reliable coarse offset (matcher: no matches; phasecorr: {'dx': 3156.3479216096807, 'dy': 18300.67805989782, 'support': None, 'n': None, 'peak': 0.020832994549224774}); windows compared in place
[Coarse] pair 6: no reliable coarse offset (matcher: no matches; phasecorr: {'dx': -15852.800158210905, 'dy': 18737.59796077822, 'support': None, 'n': None, 'peak': -0.0027571213742097218}); windows compared in place
[Coarse] pair 7: no reliable coarse offset (matcher: no matches; phasecorr: {'dx': -17660.72648465004, 'dy': -478.5174601560547, 'support': None, 'n': None, 'peak': 0.0218074359204816}); windows compared in place
[Coarse] pair 8: no reliable coarse offset (matcher: no matches; phasecorr: {'dx': -18002.059573769864, 'dy': -489.60497923140906, 'support': None, 'n': None, 'peak': 0.011968647486368816}); windows compared in place
[Coarse] pair 11: no reliable coarse offset (matcher: no matches; phasecorr: {'dx': -18107.733154651494, 'dy': -332.5590928480355, 'support': None, 'n': None, 'peak': 0.020898853179031604}); windows compared in place
[Coarse] pair 20: no reliable coarse offset (matcher: no matches; phasecorr: {'dx': -28903.23193639674, 'dy': -12953.216285335406, 'support': None, 'n': None, 'peak': 0.008737401829825507}); windows compared in place
[Coarse] pair 26: no reliable coarse offset (matcher: no matches; phasecorr: {'dx': -96306.08142606622, 'dy': -17142.367293993742, 'support': None, 'n': None, 'peak': 0.02253384519977334}); windows compared in place
[Coarse] pair 2: phase correlation gave dE=-8934 m dN=5487 m, 10.6 km from every offset the matcher measured; using pair 14's (dE=-17955 m dN=0 m)
[Coarse] pair 10: phase correlation gave dE=43169 m dN=-4147 m, 61.1 km from every offset the matcher measured; using pair 14's (dE=-17955 m dN=0 m)
[Coarse] pair 12: phase correlation gave dE=-1877 m dN=10017 m, 18.9 km from every offset the matcher measured; using pair 14's (dE=-17955 m dN=0 m)
[Coarse] pair 13: phase correlation gave dE=7584 m dN=8567 m, 26.9 km from every offset the matcher measured; using pair 14's (dE=-17955 m dN=0 m)
[Coarse] pair 18: phase correlation gave dE=744 m dN=-16615 m, 24.7 km from every offset the matcher measured; using pair 25's (dE=-17798 m dN=-315 m)
[Coarse] pair 19: phase correlation gave dE=11920 m dN=-17918 m, 34.5 km from every offset the matcher measured; using pair 25's (dE=-17798 m dN=-315 m)
[Coarse] pair 21: phase correlation gave dE=-11414 m dN=-17047 m, 17.9 km from every offset the matcher measured; using pair 25's (dE=-17798 m dN=-315 m)
[Coarse] pair 27: phase correlation gave dE=-97898 m dN=-6012 m, 80.1 km from every offset the matcher measured; using pair 22's (dE=-17955 m dN=-315 m)
[Coarse] imw-sp-sg-kt0p2 pair 1: dE=-18062.2 m dN=-904.8 m (phasecorr@315m, support=None, peak=0.03257782713572184) 
imw-sp-sg-kt0p2: Processing pair 1 from disk...
imw-sp-sg-kt0p2: 0 match-sets in 0.11s
[Coarse] imw-sp-sg-kt0p2 pair 2: dE=-17955.0 m dN=0.0 m (from-pair-14 (phasecorr disagreed), support=None, peak=0.03413578109976686) 
imw-sp-sg-kt0p2: Processing pair 2 from disk...
imw-sp-sg-kt0p2: 2 match-sets in 0.17s
[Coarse] imw-sp-sg-kt0p2 pair 3: dE=-18062.2 m dN=-904.8 m (from-pair-1, support=None, peak=None) 
imw-sp-sg-kt0p2: Processing pair 3 from disk...
imw-sp-sg-kt0p2: 1 match-sets in 0.13s
[Coarse] imw-sp-sg-kt0p2 pair 4: dE=-17955.0 m dN=0.0 m (from-pair-2, support=None, peak=None) 
imw-sp-sg-kt0p2: Processing pair 4 from disk...
imw-sp-sg-kt0p2: 1 match-sets in 0.16s
[Coarse] imw-sp-sg-kt0p2 pair 5: dE=-17955.0 m dN=0.0 m (from-pair-2, support=None, peak=None) 
imw-sp-sg-kt0p2: Processing pair 5 from disk...
imw-sp-sg-kt0p2: 1 match-sets in 0.15s
[Coarse] imw-sp-sg-kt0p2 pair 6: dE=-17955.0 m dN=0.0 m (from-pair-2, support=None, peak=None) 
imw-sp-sg-kt0p2: Processing pair 6 from disk...
imw-sp-sg-kt0p2: 2 match-sets in 0.22s
[Coarse] imw-sp-sg-kt0p2 pair 7: dE=-17790.5 m dN=-428.0 m (from-pair-9, support=None, peak=None) 
imw-sp-sg-kt0p2: Processing pair 7 from disk...
imw-sp-sg-kt0p2: 4 match-sets in 0.48s
[Coarse] imw-sp-sg-kt0p2 pair 8: dE=-17790.5 m dN=-428.0 m (from-pair-9, support=None, peak=None) 
imw-sp-sg-kt0p2: Processing pair 8 from disk...
imw-sp-sg-kt0p2: 3 match-sets in 0.40s
[Coarse] imw-sp-sg-kt0p2 pair 9: dE=-17790.5 m dN=-428.0 m (phasecorr@315m, support=None, peak=0.031066529352914596) 
imw-sp-sg-kt0p2: Processing pair 9 from disk...
imw-sp-sg-kt0p2: 4 match-sets in 0.45s
[Coarse] imw-sp-sg-kt0p2 pair 10: dE=-17955.0 m dN=0.0 m (from-pair-14 (phasecorr disagreed), support=None, peak=0.04791493653487985) 
imw-sp-sg-kt0p2: Processing pair 10 from disk...
imw-sp-sg-kt0p2: 1 match-sets in 0.41s
[Coarse] imw-sp-sg-kt0p2 pair 11: dE=-17955.0 m dN=0.0 m (from-pair-10, support=None, peak=None) 
imw-sp-sg-kt0p2: Processing pair 11 from disk...
imw-sp-sg-kt0p2: 2 match-sets in 0.35s
[Coarse] imw-sp-sg-kt0p2 pair 12: dE=-17955.0 m dN=0.0 m (from-pair-14 (phasecorr disagreed), support=None, peak=0.1047012765466431) 
imw-sp-sg-kt0p2: Processing pair 12 from disk...
imw-sp-sg-kt0p2: 0 match-sets in 0.00s
[Coarse] imw-sp-sg-kt0p2 pair 13: dE=-17955.0 m dN=0.0 m (from-pair-14 (phasecorr disagreed), support=None, peak=0.09384612739086151) 
imw-sp-sg-kt0p2: Processing pair 13 from disk...
imw-sp-sg-kt0p2: 0 match-sets in 0.00s
[Coarse] imw-sp-sg-kt0p2 pair 14: dE=-17955.0 m dN=0.0 m (matcher@315m, support=10, peak=None) 
imw-sp-sg-kt0p2: Processing pair 14 from disk...
imw-sp-sg-kt0p2: 3 match-sets in 0.50s
[Coarse] imw-sp-sg-kt0p2 pair 15: dE=-17955.0 m dN=-315.0 m (matcher@315m, support=16, peak=None) 
imw-sp-sg-kt0p2: Processing pair 15 from disk...
imw-sp-sg-kt0p2: 5 match-sets in 0.56s
[Coarse] imw-sp-sg-kt0p2 pair 16: dE=-17955.0 m dN=-315.0 m (matcher@315m, support=22, peak=None) 
imw-sp-sg-kt0p2: Processing pair 16 from disk...
imw-sp-sg-kt0p2: 3 match-sets in 0.77s
[Coarse] imw-sp-sg-kt0p2 pair 17: dE=-17955.0 m dN=-315.0 m (matcher@315m, support=21, peak=None) 
imw-sp-sg-kt0p2: Processing pair 17 from disk...
imw-sp-sg-kt0p2: 4 match-sets in 0.37s
[Coarse] imw-sp-sg-kt0p2 pair 18: dE=-17797.5 m dN=-315.0 m (from-pair-25 (phasecorr disagreed), support=None, peak=0.06863816733713503) 
imw-sp-sg-kt0p2: Processing pair 18 from disk...
imw-sp-sg-kt0p2: 0 match-sets in 0.00s
[Coarse] imw-sp-sg-kt0p2 pair 19: dE=-17797.5 m dN=-315.0 m (from-pair-25 (phasecorr disagreed), support=None, peak=0.15104582491848204) 
imw-sp-sg-kt0p2: Processing pair 19 from disk...
imw-sp-sg-kt0p2: 0 match-sets in 0.00s
[Coarse] imw-sp-sg-kt0p2 pair 20: dE=-17797.5 m dN=-315.0 m (from-pair-19, support=None, peak=None) 
imw-sp-sg-kt0p2: Processing pair 20 from disk...
imw-sp-sg-kt0p2: 0 match-sets in 0.00s
[Coarse] imw-sp-sg-kt0p2 pair 21: dE=-17797.5 m dN=-315.0 m (from-pair-25 (phasecorr disagreed), support=None, peak=0.036990950946454645) 
imw-sp-sg-kt0p2: Processing pair 21 from disk...
imw-sp-sg-kt0p2: 0 match-sets in 0.00s
[Coarse] imw-sp-sg-kt0p2 pair 22: dE=-17955.0 m dN=-315.0 m (matcher@315m, support=11, peak=None) 
imw-sp-sg-kt0p2: Processing pair 22 from disk...
imw-sp-sg-kt0p2: 2 match-sets in 0.29s
[Coarse] imw-sp-sg-kt0p2 pair 23: dE=-17911.9 m dN=-326.6 m (phasecorr@315m, support=None, peak=0.12881409482955933) 
imw-sp-sg-kt0p2: Processing pair 23 from disk...
imw-sp-sg-kt0p2: 3 match-sets in 0.21s
[Coarse] imw-sp-sg-kt0p2 pair 24: dE=-17928.8 m dN=-415.6 m (phasecorr@315m, support=None, peak=0.035175936365127565) 
imw-sp-sg-kt0p2: Processing pair 24 from disk...
imw-sp-sg-kt0p2: 4 match-sets in 1.74s
[Coarse] imw-sp-sg-kt0p2 pair 25: dE=-17797.5 m dN=-315.0 m (matcher@315m, support=12, peak=None) 
imw-sp-sg-kt0p2: Processing pair 25 from disk...
imw-sp-sg-kt0p2: 3 match-sets in 0.30s
[Coarse] imw-sp-sg-kt0p2 pair 26: dE=-17955.0 m dN=-315.0 m (from-pair-27, support=None, peak=None) 
imw-sp-sg-kt0p2: Processing pair 26 from disk...
imw-sp-sg-kt0p2: 0 match-sets in 0.15s
[Coarse] imw-sp-sg-kt0p2 pair 27: dE=-17955.0 m dN=-315.0 m (from-pair-22 (phasecorr disagreed), support=None, peak=0.05064041456057702) 
imw-sp-sg-kt0p2: Processing pair 27 from disk...
imw-sp-sg-kt0p2: 2 match-sets in 0.15s
Saved:
 CHIP_STATS_ALL.csv
 CHIP_STATS_SURVIVORS.csv
 CONSENSUS_SCORES.csv
 BEST_CHIP_SET.csv
 BEST_CHIP_MANIFEST.csv
 BEST_FINAL_SUMMARY.csv
[band1] imw-sp-sg-kt0p2 ok in 0.8 min, peak GPU memory 32.6 of 39.4 GB
[imw-sp-sg] Model unloaded.
--------------------------------------------------------------------------------
[band1] Running imw-sp-nn-kt0p2
[imw-sp-nn] Loading model...
Loaded SuperPoint model
[imw-sp-nn-kt0p2] warm-up on a synthetic pair failed (IndexError: boolean index did not match indexed array along axis 0; size of axis is 0 but size of corresponding boolean axis is 256) -- carrying on with the real windows
[Coarse] pair 3: no reliable coarse offset (matcher: {'dx': -19215.0, 'dy': 2835.0, 'support': 1, 'n': 3, 'peak': None}; phasecorr: {'dx': -16147.443677524008, 'dy': -26751.975000537102, 'support': None, 'n': None, 'peak': 0.00032880983234923565}); windows compared in place
[Coarse] pair 4: no reliable coarse offset (matcher: no matches; phasecorr: {'dx': 12882.472481301173, 'dy': 92621.70938170607, 'support': None, 'n': None, 'peak': -0.00012715039429841217}); windows compared in place
[Coarse] pair 5: no reliable coarse offset (matcher: no matches; phasecorr: {'dx': 3156.3479216096807, 'dy': 18300.67805989782, 'support': None, 'n': None, 'peak': 0.020832994549224774}); windows compared in place
[Coarse] pair 6: no reliable coarse offset (matcher: no matches; phasecorr: {'dx': -15852.800158210905, 'dy': 18737.59796077822, 'support': None, 'n': None, 'peak': -0.0027571213742097218}); windows compared in place
[Coarse] pair 7: no reliable coarse offset (matcher: no matches; phasecorr: {'dx': -17660.72648465004, 'dy': -478.5174601560547, 'support': None, 'n': None, 'peak': 0.0218074359204816}); windows compared in place
[Coarse] pair 8: no reliable coarse offset (matcher: no matches; phasecorr: {'dx': -18002.059573769864, 'dy': -489.60497923140906, 'support': None, 'n': None, 'peak': 0.011968647486368816}); windows compared in place
[Coarse] pair 11: no reliable coarse offset (matcher: no matches; phasecorr: {'dx': -18107.733154651494, 'dy': -332.5590928480355, 'support': None, 'n': None, 'peak': 0.020898853179031604}); windows compared in place
[Coarse] pair 20: no reliable coarse offset (matcher: IndexError: boolean index did not match indexed array along axis 0; size of axis is 9 but size of corresponding boolean axis is 256; phasecorr: {'dx': -28903.23193639674, 'dy': -12953.216285335406, 'support': None, 'n': None, 'peak': 0.008737401829825507}); windows compared in place
[Coarse] pair 26: no reliable coarse offset (matcher: no matches; phasecorr: {'dx': -96306.08142606622, 'dy': -17142.367293993742, 'support': None, 'n': None, 'peak': 0.02253384519977334}); windows compared in place
[Coarse] pair 2: phase correlation gave dE=-8934 m dN=5487 m, 10.6 km from every offset the matcher measured; using pair 14's (dE=-17955 m dN=-158 m)
[Coarse] pair 10: phase correlation gave dE=43169 m dN=-4147 m, 61.2 km from every offset the matcher measured; using pair 14's (dE=-17955 m dN=-158 m)
[Coarse] pair 12: phase correlation gave dE=-1877 m dN=10017 m, 19.0 km from every offset the matcher measured; using pair 14's (dE=-17955 m dN=-158 m)
[Coarse] pair 13: phase correlation gave dE=7584 m dN=8567 m, 27.0 km from every offset the matcher measured; using pair 14's (dE=-17955 m dN=-158 m)
[Coarse] pair 18: phase correlation gave dE=744 m dN=-16615 m, 24.8 km from every offset the matcher measured; using pair 15's (dE=-17955 m dN=-315 m)
[Coarse] pair 19: phase correlation gave dE=11920 m dN=-17918 m, 34.7 km from every offset the matcher measured; using pair 15's (dE=-17955 m dN=-315 m)
[Coarse] pair 21: phase correlation gave dE=-11414 m dN=-17047 m, 18.0 km from every offset the matcher measured; using pair 15's (dE=-17955 m dN=-315 m)
[Coarse] pair 27: phase correlation gave dE=-97898 m dN=-6012 m, 80.1 km from every offset the matcher measured; using pair 17's (dE=-17955 m dN=-315 m)
[Coarse] imw-sp-nn-kt0p2 pair 1: dE=-18062.2 m dN=-904.8 m (phasecorr@315m, support=None, peak=0.03257782713572184) 
imw-sp-nn-kt0p2: Processing pair 1 from disk...
imw-sp-nn-kt0p2: 1 match-sets in 0.05s
[Coarse] imw-sp-nn-kt0p2 pair 2: dE=-17955.0 m dN=-157.5 m (from-pair-14 (phasecorr disagreed), support=None, peak=0.03413578109976686) 
imw-sp-nn-kt0p2: Processing pair 2 from disk...
imw-sp-nn-kt0p2: 2 match-sets in 0.06s
[Coarse] imw-sp-nn-kt0p2 pair 3: dE=-18062.2 m dN=-904.8 m (from-pair-1, support=None, peak=None) 
imw-sp-nn-kt0p2: Processing pair 3 from disk...
imw-sp-nn-kt0p2: 1 match-sets in 0.05s
[Coarse] imw-sp-nn-kt0p2 pair 4: dE=-17955.0 m dN=-157.5 m (from-pair-2, support=None, peak=None) 
imw-sp-nn-kt0p2: Processing pair 4 from disk...
imw-sp-nn-kt0p2: 2 match-sets in 0.07s
[Coarse] imw-sp-nn-kt0p2 pair 5: dE=-17955.0 m dN=-157.5 m (from-pair-2, support=None, peak=None) 
imw-sp-nn-kt0p2: Processing pair 5 from disk...
imw-sp-nn-kt0p2: 1 match-sets in 0.06s
[Coarse] imw-sp-nn-kt0p2 pair 6: dE=-17955.0 m dN=-157.5 m (from-pair-2, support=None, peak=None) 
imw-sp-nn-kt0p2: Processing pair 6 from disk...
imw-sp-nn-kt0p2: 1 match-sets in 0.06s
[Coarse] imw-sp-nn-kt0p2 pair 7: dE=-17790.5 m dN=-428.0 m (from-pair-9, support=None, peak=None) 
imw-sp-nn-kt0p2: Processing pair 7 from disk...
imw-sp-nn-kt0p2: 5 match-sets in 0.21s
[Coarse] imw-sp-nn-kt0p2 pair 8: dE=-17790.5 m dN=-428.0 m (from-pair-9, support=None, peak=None) 
imw-sp-nn-kt0p2: Processing pair 8 from disk...
imw-sp-nn-kt0p2: 5 match-sets in 0.22s
[Coarse] imw-sp-nn-kt0p2 pair 9: dE=-17790.5 m dN=-428.0 m (phasecorr@315m, support=None, peak=0.031066529352914596) 
imw-sp-nn-kt0p2: Processing pair 9 from disk...
imw-sp-nn-kt0p2: 4 match-sets in 0.19s
[Coarse] imw-sp-nn-kt0p2 pair 10: dE=-17955.0 m dN=-157.5 m (from-pair-14 (phasecorr disagreed), support=None, peak=0.04791493653487985) 
imw-sp-nn-kt0p2: Processing pair 10 from disk...
imw-sp-nn-kt0p2: 3 match-sets in 0.18s
[Coarse] imw-sp-nn-kt0p2 pair 11: dE=-17955.0 m dN=-157.5 m (from-pair-10, support=None, peak=None) 
imw-sp-nn-kt0p2: Processing pair 11 from disk...
imw-sp-nn-kt0p2: 3 match-sets in 0.18s
[Coarse] imw-sp-nn-kt0p2 pair 12: dE=-17955.0 m dN=-157.5 m (from-pair-14 (phasecorr disagreed), support=None, peak=0.1047012765466431) 
imw-sp-nn-kt0p2: Processing pair 12 from disk...
imw-sp-nn-kt0p2: 0 match-sets in 0.00s
[Coarse] imw-sp-nn-kt0p2 pair 13: dE=-17955.0 m dN=-157.5 m (from-pair-14 (phasecorr disagreed), support=None, peak=0.09384612739086151) 
imw-sp-nn-kt0p2: Processing pair 13 from disk...
imw-sp-nn-kt0p2: 0 match-sets in 0.00s
[Coarse] imw-sp-nn-kt0p2 pair 14: dE=-17955.0 m dN=-157.5 m (matcher@315m, support=8, peak=None) 
imw-sp-nn-kt0p2: Processing pair 14 from disk...
imw-sp-nn-kt0p2: 5 match-sets in 0.21s
[Coarse] imw-sp-nn-kt0p2 pair 15: dE=-17955.0 m dN=-315.0 m (matcher@315m, support=13, peak=None) 
imw-sp-nn-kt0p2: Processing pair 15 from disk...
imw-sp-nn-kt0p2: 6 match-sets in 0.19s
[Coarse] imw-sp-nn-kt0p2 pair 16: dE=-17955.0 m dN=-315.0 m (matcher@315m, support=18, peak=None) 
imw-sp-nn-kt0p2: Processing pair 16 from disk...
imw-sp-nn-kt0p2: 4 match-sets in 0.17s
[Coarse] imw-sp-nn-kt0p2 pair 17: dE=-17955.0 m dN=-315.0 m (matcher@315m, support=17, peak=None) 
imw-sp-nn-kt0p2: Processing pair 17 from disk...
imw-sp-nn-kt0p2: 5 match-sets in 0.17s
[Coarse] imw-sp-nn-kt0p2 pair 18: dE=-17955.0 m dN=-315.0 m (from-pair-15 (phasecorr disagreed), support=None, peak=0.06863816733713503) 
imw-sp-nn-kt0p2: Processing pair 18 from disk...
imw-sp-nn-kt0p2: 0 match-sets in 0.00s
[Coarse] imw-sp-nn-kt0p2 pair 19: dE=-17955.0 m dN=-315.0 m (from-pair-15 (phasecorr disagreed), support=None, peak=0.15104582491848204) 
imw-sp-nn-kt0p2: Processing pair 19 from disk...
imw-sp-nn-kt0p2: 0 match-sets in 0.00s
[Coarse] imw-sp-nn-kt0p2 pair 20: dE=-17955.0 m dN=-315.0 m (from-pair-19, support=None, peak=None) 
imw-sp-nn-kt0p2: Processing pair 20 from disk...
imw-sp-nn-kt0p2: 0 match-sets in 0.00s
[Coarse] imw-sp-nn-kt0p2 pair 21: dE=-17955.0 m dN=-315.0 m (from-pair-15 (phasecorr disagreed), support=None, peak=0.036990950946454645) 
imw-sp-nn-kt0p2: Processing pair 21 from disk...
imw-sp-nn-kt0p2: 0 match-sets in 0.00s
[Coarse] imw-sp-nn-kt0p2 pair 22: dE=-17882.3 m dN=-311.5 m (phasecorr@315m, support=None, peak=0.12721613845825194) 
imw-sp-nn-kt0p2: Processing pair 22 from disk...
imw-sp-nn-kt0p2: 4 match-sets in 0.12s
[Coarse] imw-sp-nn-kt0p2 pair 23: dE=-17911.9 m dN=-326.6 m (phasecorr@315m, support=None, peak=0.12881409482955933) 
imw-sp-nn-kt0p2: Processing pair 23 from disk...
imw-sp-nn-kt0p2: 4 match-sets in 0.09s
[Coarse] imw-sp-nn-kt0p2 pair 24: dE=-17928.8 m dN=-415.6 m (phasecorr@315m, support=None, peak=0.035175936365127565) 
imw-sp-nn-kt0p2: Processing pair 24 from disk...
imw-sp-nn-kt0p2: 4 match-sets in 0.12s
[Coarse] imw-sp-nn-kt0p2 pair 25: dE=-17844.2 m dN=-348.0 m (phasecorr@315m, support=None, peak=0.15328786741892497) 
imw-sp-nn-kt0p2: Processing pair 25 from disk...
imw-sp-nn-kt0p2: 4 match-sets in 0.11s
[Coarse] imw-sp-nn-kt0p2 pair 26: dE=-17955.0 m dN=-315.0 m (from-pair-27, support=None, peak=None) 
imw-sp-nn-kt0p2: Processing pair 26 from disk...
imw-sp-nn-kt0p2: 2 match-sets in 0.08s
[Coarse] imw-sp-nn-kt0p2 pair 27: dE=-17955.0 m dN=-315.0 m (from-pair-17 (phasecorr disagreed), support=None, peak=0.05064041456057702) 
imw-sp-nn-kt0p2: Processing pair 27 from disk...
imw-sp-nn-kt0p2: 2 match-sets in 0.08s
Saved:
 CHIP_STATS_ALL.csv
 CHIP_STATS_SURVIVORS.csv
 CONSENSUS_SCORES.csv
 BEST_CHIP_SET.csv
 BEST_CHIP_MANIFEST.csv
 BEST_FINAL_SUMMARY.csv
[band1] imw-sp-nn-kt0p2 ok in 0.1 min, peak GPU memory 0.4 of 39.4 GB
[imw-sp-nn] Model unloaded.
--------------------------------------------------------------------------------
[band1] Running imw-r2d2-nn-kt0p2
[imw-r2d2-nn] Loading model...

>> Creating net = Quad_L2Net_ConfCFS()
 ( Model size: 486K parameters )
[Coarse] pair 3: no reliable coarse offset (matcher: no matches; phasecorr: {'dx': -16147.443677524008, 'dy': -26751.975000537102, 'support': None, 'n': None, 'peak': 0.00032880983234923565}); windows compared in place
[Coarse] pair 4: no reliable coarse offset (matcher: {'dx': -17992.922229766846, 'dy': -688.4977340698242, 'support': 4, 'n': 4, 'peak': None}; phasecorr: {'dx': 12882.472481301173, 'dy': 92621.70938170607, 'support': None, 'n': None, 'peak': -0.00012715039429841217}); windows compared in place
[Coarse] pair 5: no reliable coarse offset (matcher: no matches; phasecorr: {'dx': 3156.3479216096807, 'dy': 18300.67805989782, 'support': None, 'n': None, 'peak': 0.020832994549224774}); windows compared in place
[Coarse] pair 6: no reliable coarse offset (matcher: no matches; phasecorr: {'dx': -15852.800158210905, 'dy': 18737.59796077822, 'support': None, 'n': None, 'peak': -0.0027571213742097218}); windows compared in place
[Coarse] pair 8: no reliable coarse offset (matcher: {'dx': -18120.123138427734, 'dy': -630.0, 'support': 7, 'n': 7, 'peak': None}; phasecorr: {'dx': -18002.059573769864, 'dy': -489.60497923140906, 'support': None, 'n': None, 'peak': 0.011968647486368816}); windows compared in place
[Coarse] pair 11: no reliable coarse offset (matcher: no matches; phasecorr: {'dx': -18107.733154651494, 'dy': -332.5590928480355, 'support': None, 'n': None, 'peak': 0.020898853179031604}); windows compared in place
[Coarse] pair 20: no reliable coarse offset (matcher: RuntimeError: torch.cat(): expected a non-empty list of Tensors; phasecorr: {'dx': -28903.23193639674, 'dy': -12953.216285335406, 'support': None, 'n': None, 'peak': 0.008737401829825507}); windows compared in place
[Coarse] pair 26: no reliable coarse offset (matcher: no matches; phasecorr: {'dx': -96306.08142606622, 'dy': -17142.367293993742, 'support': None, 'n': None, 'peak': 0.02253384519977334}); windows compared in place
[Coarse] pair 2: phase correlation gave dE=-8934 m dN=5487 m, 10.4 km from every offset the matcher measured; using pair 1's (dE=-17930 m dN=-630 m)
[Coarse] pair 10: phase correlation gave dE=43169 m dN=-4147 m, 60.9 km from every offset the matcher measured; using pair 7's (dE=-17972 m dN=-630 m)
[Coarse] pair 12: phase correlation gave dE=-1877 m dN=10017 m, 18.8 km from every offset the matcher measured; using pair 7's (dE=-17972 m dN=-630 m)
[Coarse] pair 13: phase correlation gave dE=7584 m dN=8567 m, 26.7 km from every offset the matcher measured; using pair 7's (dE=-17972 m dN=-630 m)
[Coarse] pair 18: phase correlation gave dE=744 m dN=-16615 m, 24.4 km from every offset the matcher measured; using pair 25's (dE=-17640 m dN=-547 m)
[Coarse] pair 19: phase correlation gave dE=11920 m dN=-17918 m, 34.3 km from every offset the matcher measured; using pair 25's (dE=-17640 m dN=-547 m)
[Coarse] pair 21: phase correlation gave dE=-11414 m dN=-17047 m, 17.6 km from every offset the matcher measured; using pair 25's (dE=-17640 m dN=-547 m)
[Coarse] pair 27: phase correlation gave dE=-97898 m dN=-6012 m, 80.1 km from every offset the matcher measured; using pair 23's (dE=-17769 m dN=-315 m)
[Coarse] imw-r2d2-nn-kt0p2 pair 1: dE=-17929.9 m dN=-630.0 m (matcher@315m, support=19, peak=None) 
imw-r2d2-nn-kt0p2: Processing pair 1 from disk...
[imw-r2d2-nn-kt0p2/internal] window (256,0) error: RuntimeError: torch.cat(): expected a non-empty list of Tensors
imw-r2d2-nn-kt0p2: 1 match-sets in 0.07s
[Coarse] imw-r2d2-nn-kt0p2 pair 2: dE=-17929.9 m dN=-630.0 m (from-pair-1 (phasecorr disagreed), support=None, peak=0.03413578109976686) 
imw-r2d2-nn-kt0p2: Processing pair 2 from disk...
[imw-r2d2-nn-kt0p2/internal] window (256,0) error: RuntimeError: torch.cat(): expected a non-empty list of Tensors
imw-r2d2-nn-kt0p2: 0 match-sets in 0.06s
[Coarse] imw-r2d2-nn-kt0p2 pair 3: dE=-17929.9 m dN=-630.0 m (from-pair-1, support=None, peak=None) 
imw-r2d2-nn-kt0p2: Processing pair 3 from disk...
[imw-r2d2-nn-kt0p2/internal] window (256,0) error: RuntimeError: torch.cat(): expected a non-empty list of Tensors
imw-r2d2-nn-kt0p2: 0 match-sets in 0.06s
[Coarse] imw-r2d2-nn-kt0p2 pair 4: dE=-17929.9 m dN=-630.0 m (from-pair-2, support=None, peak=None) 
imw-r2d2-nn-kt0p2: Processing pair 4 from disk...
[imw-r2d2-nn-kt0p2/internal] window (0,0) error: RuntimeError: torch.cat(): expected a non-empty list of Tensors
[imw-r2d2-nn-kt0p2/internal] window (256,0) error: RuntimeError: torch.cat(): expected a non-empty list of Tensors
imw-r2d2-nn-kt0p2: 0 match-sets in 0.06s
[Coarse] imw-r2d2-nn-kt0p2 pair 5: dE=-17929.9 m dN=-630.0 m (from-pair-2, support=None, peak=None) 
imw-r2d2-nn-kt0p2: Processing pair 5 from disk...
[imw-r2d2-nn-kt0p2/internal] window (0,0) error: RuntimeError: torch.cat(): expected a non-empty list of Tensors
[imw-r2d2-nn-kt0p2/internal] window (256,0) error: RuntimeError: torch.cat(): expected a non-empty list of Tensors
imw-r2d2-nn-kt0p2: 0 match-sets in 0.05s
[Coarse] imw-r2d2-nn-kt0p2 pair 6: dE=-17929.9 m dN=-630.0 m (from-pair-2, support=None, peak=None) 
imw-r2d2-nn-kt0p2: Processing pair 6 from disk...
[imw-r2d2-nn-kt0p2/internal] window (0,0) error: RuntimeError: torch.cat(): expected a non-empty list of Tensors
[imw-r2d2-nn-kt0p2/internal] window (256,0) error: RuntimeError: torch.cat(): expected a non-empty list of Tensors
imw-r2d2-nn-kt0p2: 0 match-sets in 0.05s
[Coarse] imw-r2d2-nn-kt0p2 pair 7: dE=-17971.7 m dN=-630.0 m (matcher@315m, support=21, peak=None) 
imw-r2d2-nn-kt0p2: Processing pair 7 from disk...
[imw-r2d2-nn-kt0p2/internal] window (256,512) error: RuntimeError: torch.cat(): expected a non-empty list of Tensors
imw-r2d2-nn-kt0p2: 3 match-sets in 0.30s
[Coarse] imw-r2d2-nn-kt0p2 pair 8: dE=-17971.7 m dN=-630.0 m (from-pair-7, support=None, peak=None) 
imw-r2d2-nn-kt0p2: Processing pair 8 from disk...
imw-r2d2-nn-kt0p2: 3 match-sets in 0.31s
[Coarse] imw-r2d2-nn-kt0p2 pair 9: dE=-17790.5 m dN=-428.0 m (phasecorr@315m, support=None, peak=0.031066529352914596) 
imw-r2d2-nn-kt0p2: Processing pair 9 from disk...
[imw-r2d2-nn-kt0p2/internal] window (256,512) error: RuntimeError: torch.cat(): expected a non-empty list of Tensors
imw-r2d2-nn-kt0p2: 2 match-sets in 0.27s
[Coarse] imw-r2d2-nn-kt0p2 pair 10: dE=-17971.7 m dN=-630.0 m (from-pair-7 (phasecorr disagreed), support=None, peak=0.04791493653487985) 
imw-r2d2-nn-kt0p2: Processing pair 10 from disk...
[imw-r2d2-nn-kt0p2/internal] window (0,512) error: RuntimeError: torch.cat(): expected a non-empty list of Tensors
[imw-r2d2-nn-kt0p2/internal] window (256,512) error: RuntimeError: torch.cat(): expected a non-empty list of Tensors
imw-r2d2-nn-kt0p2: 1 match-sets in 0.24s
[Coarse] imw-r2d2-nn-kt0p2 pair 11: dE=-17971.7 m dN=-630.0 m (from-pair-10, support=None, peak=None) 
imw-r2d2-nn-kt0p2: Processing pair 11 from disk...
[imw-r2d2-nn-kt0p2/internal] window (0,512) error: RuntimeError: torch.cat(): expected a non-empty list of Tensors
[imw-r2d2-nn-kt0p2/internal] window (256,512) error: RuntimeError: torch.cat(): expected a non-empty list of Tensors
imw-r2d2-nn-kt0p2: 2 match-sets in 0.24s
[Coarse] imw-r2d2-nn-kt0p2 pair 12: dE=-17971.7 m dN=-630.0 m (from-pair-7 (phasecorr disagreed), support=None, peak=0.1047012765466431) 
imw-r2d2-nn-kt0p2: Processing pair 12 from disk...
imw-r2d2-nn-kt0p2: 0 match-sets in 0.00s
[Coarse] imw-r2d2-nn-kt0p2 pair 13: dE=-17971.7 m dN=-630.0 m (from-pair-7 (phasecorr disagreed), support=None, peak=0.09384612739086151) 
imw-r2d2-nn-kt0p2: Processing pair 13 from disk...
imw-r2d2-nn-kt0p2: 0 match-sets in 0.00s
[Coarse] imw-r2d2-nn-kt0p2 pair 14: dE=-17640.0 m dN=-177.3 m (matcher@315m, support=57, peak=None) 
imw-r2d2-nn-kt0p2: Processing pair 14 from disk...
imw-r2d2-nn-kt0p2: 6 match-sets in 0.35s
[Coarse] imw-r2d2-nn-kt0p2 pair 15: dE=-17934.8 m dN=-315.0 m (matcher@315m, support=92, peak=None) 
imw-r2d2-nn-kt0p2: Processing pair 15 from disk...
imw-r2d2-nn-kt0p2: 6 match-sets in 0.34s
[Coarse] imw-r2d2-nn-kt0p2 pair 16: dE=-17854.9 m dN=-342.9 m (matcher@315m, support=88, peak=None) 
imw-r2d2-nn-kt0p2: Processing pair 16 from disk...
[imw-r2d2-nn-kt0p2/internal] window (0,512) error: RuntimeError: torch.cat(): expected a non-empty list of Tensors
[imw-r2d2-nn-kt0p2/internal] window (256,512) error: RuntimeError: torch.cat(): expected a non-empty list of Tensors
imw-r2d2-nn-kt0p2: 4 match-sets in 0.27s
[Coarse] imw-r2d2-nn-kt0p2 pair 17: dE=-17955.0 m dN=-342.9 m (matcher@315m, support=150, peak=None) 
imw-r2d2-nn-kt0p2: Processing pair 17 from disk...
[imw-r2d2-nn-kt0p2/internal] window (0,512) error: RuntimeError: torch.cat(): expected a non-empty list of Tensors
[imw-r2d2-nn-kt0p2/internal] window (256,512) error: RuntimeError: torch.cat(): expected a non-empty list of Tensors
imw-r2d2-nn-kt0p2: 4 match-sets in 0.26s
[Coarse] imw-r2d2-nn-kt0p2 pair 18: dE=-17640.0 m dN=-546.7 m (from-pair-25 (phasecorr disagreed), support=None, peak=0.06863816733713503) 
imw-r2d2-nn-kt0p2: Processing pair 18 from disk...
imw-r2d2-nn-kt0p2: 0 match-sets in 0.00s
[Coarse] imw-r2d2-nn-kt0p2 pair 19: dE=-17640.0 m dN=-546.7 m (from-pair-25 (phasecorr disagreed), support=None, peak=0.15104582491848204) 
imw-r2d2-nn-kt0p2: Processing pair 19 from disk...
imw-r2d2-nn-kt0p2: 0 match-sets in 0.00s
[Coarse] imw-r2d2-nn-kt0p2 pair 20: dE=-17640.0 m dN=-546.7 m (from-pair-19, support=None, peak=None) 
imw-r2d2-nn-kt0p2: Processing pair 20 from disk...
imw-r2d2-nn-kt0p2: 0 match-sets in 0.00s
[Coarse] imw-r2d2-nn-kt0p2 pair 21: dE=-17640.0 m dN=-546.7 m (from-pair-25 (phasecorr disagreed), support=None, peak=0.036990950946454645) 
imw-r2d2-nn-kt0p2: Processing pair 21 from disk...
imw-r2d2-nn-kt0p2: 0 match-sets in 0.00s
[Coarse] imw-r2d2-nn-kt0p2 pair 22: dE=-17704.4 m dN=-315.0 m (matcher@315m, support=24, peak=None) 
imw-r2d2-nn-kt0p2: Processing pair 22 from disk...
imw-r2d2-nn-kt0p2: 4 match-sets in 0.21s
[Coarse] imw-r2d2-nn-kt0p2 pair 23: dE=-17769.5 m dN=-315.0 m (matcher@315m, support=35, peak=None) 
imw-r2d2-nn-kt0p2: Processing pair 23 from disk...
imw-r2d2-nn-kt0p2: 2 match-sets in 0.17s
[Coarse] imw-r2d2-nn-kt0p2 pair 24: dE=-17834.8 m dN=-283.3 m (matcher@315m, support=46, peak=None) 
imw-r2d2-nn-kt0p2: Processing pair 24 from disk...
imw-r2d2-nn-kt0p2: 3 match-sets in 0.22s
[Coarse] imw-r2d2-nn-kt0p2 pair 25: dE=-17640.0 m dN=-546.7 m (matcher@315m, support=33, peak=None) 
imw-r2d2-nn-kt0p2: Processing pair 25 from disk...
imw-r2d2-nn-kt0p2: 3 match-sets in 0.21s
[Coarse] imw-r2d2-nn-kt0p2 pair 26: dE=-17769.5 m dN=-315.0 m (from-pair-27, support=None, peak=None) 
imw-r2d2-nn-kt0p2: Processing pair 26 from disk...
[imw-r2d2-nn-kt0p2/internal] window (0,256) error: RuntimeError: torch.cat(): expected a non-empty list of Tensors
imw-r2d2-nn-kt0p2: 1 match-sets in 0.10s
[Coarse] imw-r2d2-nn-kt0p2 pair 27: dE=-17769.5 m dN=-315.0 m (from-pair-23 (phasecorr disagreed), support=None, peak=0.05064041456057702) 
imw-r2d2-nn-kt0p2: Processing pair 27 from disk...
[imw-r2d2-nn-kt0p2/internal] window (0,256) error: RuntimeError: torch.cat(): expected a non-empty list of Tensors
imw-r2d2-nn-kt0p2: 0 match-sets in 0.09s
Saved:
 CHIP_STATS_ALL.csv
 CHIP_STATS_SURVIVORS.csv
 CONSENSUS_SCORES.csv
 BEST_CHIP_SET.csv
 BEST_CHIP_MANIFEST.csv
 BEST_FINAL_SUMMARY.csv
[band1] imw-r2d2-nn-kt0p2 ok in 0.2 min, peak GPU memory 2.5 of 39.4 GB
[imw-r2d2-nn] Model unloaded.
--------------------------------------------------------------------------------
[band1] Running imw-rord-nn-kt0p2-fm1
[imw-rord-nn] Loading model...
[Coarse] pair 3: no reliable coarse offset (matcher: no matches; phasecorr: {'dx': -16147.443677524008, 'dy': -26751.975000537102, 'support': None, 'n': None, 'peak': 0.00032880983234923565}); windows compared in place
[Coarse] pair 4: no reliable coarse offset (matcher: no matches; phasecorr: {'dx': 12882.472481301173, 'dy': 92621.70938170607, 'support': None, 'n': None, 'peak': -0.00012715039429841217}); windows compared in place
[Coarse] pair 5: no reliable coarse offset (matcher: no matches; phasecorr: {'dx': 3156.3479216096807, 'dy': 18300.67805989782, 'support': None, 'n': None, 'peak': 0.020832994549224774}); windows compared in place
[Coarse] pair 6: no reliable coarse offset (matcher: no matches; phasecorr: {'dx': -15852.800158210905, 'dy': 18737.59796077822, 'support': None, 'n': None, 'peak': -0.0027571213742097218}); windows compared in place
[Coarse] pair 7: no reliable coarse offset (matcher: {'dx': -18201.41098022461, 'dy': -1185.626335144043, 'support': 4, 'n': 6, 'peak': None}; phasecorr: {'dx': -17660.72648465004, 'dy': -478.5174601560547, 'support': None, 'n': None, 'peak': 0.0218074359204816}); windows compared in place
[Coarse] pair 8: no reliable coarse offset (matcher: no matches; phasecorr: {'dx': -18002.059573769864, 'dy': -489.60497923140906, 'support': None, 'n': None, 'peak': 0.011968647486368816}); windows compared in place
[Coarse] pair 11: no reliable coarse offset (matcher: no matches; phasecorr: {'dx': -18107.733154651494, 'dy': -332.5590928480355, 'support': None, 'n': None, 'peak': 0.020898853179031604}); windows compared in place
[Coarse] pair 20: no reliable coarse offset (matcher: no matches; phasecorr: {'dx': -28903.23193639674, 'dy': -12953.216285335406, 'support': None, 'n': None, 'peak': 0.008737401829825507}); windows compared in place
[Coarse] pair 26: no reliable coarse offset (matcher: no matches; phasecorr: {'dx': -96306.08142606622, 'dy': -17142.367293993742, 'support': None, 'n': None, 'peak': 0.02253384519977334}); windows compared in place
[Coarse] pair 2: phase correlation gave dE=-8934 m dN=5487 m, 10.4 km from every offset the matcher measured; using pair 14's (dE=-17664 m dN=-223 m)
[Coarse] pair 10: phase correlation gave dE=43169 m dN=-4147 m, 61.0 km from every offset the matcher measured; using pair 14's (dE=-17664 m dN=-223 m)
[Coarse] pair 12: phase correlation gave dE=-1877 m dN=10017 m, 18.8 km from every offset the matcher measured; using pair 14's (dE=-17664 m dN=-223 m)
[Coarse] pair 13: phase correlation gave dE=7584 m dN=8567 m, 26.7 km from every offset the matcher measured; using pair 14's (dE=-17664 m dN=-223 m)
[Coarse] pair 18: phase correlation gave dE=744 m dN=-16615 m, 24.6 km from every offset the matcher measured; using pair 15's (dE=-17952 m dN=-105 m)
[Coarse] pair 19: phase correlation gave dE=11920 m dN=-17918 m, 34.5 km from every offset the matcher measured; using pair 15's (dE=-17952 m dN=-105 m)
[Coarse] pair 21: phase correlation gave dE=-11414 m dN=-17047 m, 17.9 km from every offset the matcher measured; using pair 15's (dE=-17952 m dN=-105 m)
[Coarse] pair 27: phase correlation gave dE=-97898 m dN=-6012 m, 79.9 km from every offset the matcher measured; using pair 17's (dE=-18159 m dN=-242 m)
[Coarse] imw-rord-nn-kt0p2-fm1 pair 1: dE=-18062.2 m dN=-904.8 m (phasecorr@315m, support=None, peak=0.03257782713572184) 
imw-rord-nn-kt0p2-fm1: Processing pair 1 from disk...
imw-rord-nn-kt0p2-fm1: 1 match-sets in 6.08s
[Coarse] imw-rord-nn-kt0p2-fm1 pair 2: dE=-17664.0 m dN=-223.4 m (from-pair-14 (phasecorr disagreed), support=None, peak=0.03413578109976686) 
imw-rord-nn-kt0p2-fm1: Processing pair 2 from disk...
imw-rord-nn-kt0p2-fm1: 1 match-sets in 0.42s
[Coarse] imw-rord-nn-kt0p2-fm1 pair 3: dE=-18062.2 m dN=-904.8 m (from-pair-1, support=None, peak=None) 
imw-rord-nn-kt0p2-fm1: Processing pair 3 from disk...
imw-rord-nn-kt0p2-fm1: 1 match-sets in 0.39s
[Coarse] imw-rord-nn-kt0p2-fm1 pair 4: dE=-17664.0 m dN=-223.4 m (from-pair-2, support=None, peak=None) 
imw-rord-nn-kt0p2-fm1: Processing pair 4 from disk...
imw-rord-nn-kt0p2-fm1: 0 match-sets in 5.34s
[Coarse] imw-rord-nn-kt0p2-fm1 pair 5: dE=-17664.0 m dN=-223.4 m (from-pair-2, support=None, peak=None) 
imw-rord-nn-kt0p2-fm1: Processing pair 5 from disk...
imw-rord-nn-kt0p2-fm1: 1 match-sets in 3.61s
[Coarse] imw-rord-nn-kt0p2-fm1 pair 6: dE=-17664.0 m dN=-223.4 m (from-pair-2, support=None, peak=None) 
imw-rord-nn-kt0p2-fm1: Processing pair 6 from disk...
imw-rord-nn-kt0p2-fm1: 0 match-sets in 0.45s
[Coarse] imw-rord-nn-kt0p2-fm1 pair 7: dE=-17790.5 m dN=-428.0 m (from-pair-9, support=None, peak=None) 
imw-rord-nn-kt0p2-fm1: Processing pair 7 from disk...
imw-rord-nn-kt0p2-fm1: 5 match-sets in 8.61s
[Coarse] imw-rord-nn-kt0p2-fm1 pair 8: dE=-17790.5 m dN=-428.0 m (from-pair-9, support=None, peak=None) 
imw-rord-nn-kt0p2-fm1: Processing pair 8 from disk...
imw-rord-nn-kt0p2-fm1: 4 match-sets in 1.61s
[Coarse] imw-rord-nn-kt0p2-fm1 pair 9: dE=-17790.5 m dN=-428.0 m (phasecorr@315m, support=None, peak=0.031066529352914596) 
imw-rord-nn-kt0p2-fm1: Processing pair 9 from disk...
imw-rord-nn-kt0p2-fm1: 3 match-sets in 9.22s
[Coarse] imw-rord-nn-kt0p2-fm1 pair 10: dE=-17664.0 m dN=-223.4 m (from-pair-14 (phasecorr disagreed), support=None, peak=0.04791493653487985) 
imw-rord-nn-kt0p2-fm1: Processing pair 10 from disk...
imw-rord-nn-kt0p2-fm1: 2 match-sets in 6.55s
[Coarse] imw-rord-nn-kt0p2-fm1 pair 11: dE=-17664.0 m dN=-223.4 m (from-pair-10, support=None, peak=None) 
imw-rord-nn-kt0p2-fm1: Processing pair 11 from disk...
imw-rord-nn-kt0p2-fm1: 4 match-sets in 1.40s
[Coarse] imw-rord-nn-kt0p2-fm1 pair 12: dE=-17664.0 m dN=-223.4 m (from-pair-14 (phasecorr disagreed), support=None, peak=0.1047012765466431) 
imw-rord-nn-kt0p2-fm1: Processing pair 12 from disk...
imw-rord-nn-kt0p2-fm1: 0 match-sets in 0.00s
[Coarse] imw-rord-nn-kt0p2-fm1 pair 13: dE=-17664.0 m dN=-223.4 m (from-pair-14 (phasecorr disagreed), support=None, peak=0.09384612739086151) 
imw-rord-nn-kt0p2-fm1: Processing pair 13 from disk...
imw-rord-nn-kt0p2-fm1: 0 match-sets in 0.00s
[Coarse] imw-rord-nn-kt0p2-fm1 pair 14: dE=-17664.0 m dN=-223.4 m (matcher@315m, support=11, peak=None) 
imw-rord-nn-kt0p2-fm1: Processing pair 14 from disk...
imw-rord-nn-kt0p2-fm1: 6 match-sets in 3.61s
[Coarse] imw-rord-nn-kt0p2-fm1 pair 15: dE=-17952.3 m dN=-104.6 m (matcher@315m, support=20, peak=None) 
imw-rord-nn-kt0p2-fm1: Processing pair 15 from disk...
imw-rord-nn-kt0p2-fm1: 5 match-sets in 1.62s
[Coarse] imw-rord-nn-kt0p2-fm1 pair 16: dE=-18113.0 m dN=-129.2 m (phasecorr@315m, support=None, peak=0.054434785683949785) 
imw-rord-nn-kt0p2-fm1: Processing pair 16 from disk...
imw-rord-nn-kt0p2-fm1: 5 match-sets in 2.93s
[Coarse] imw-rord-nn-kt0p2-fm1 pair 17: dE=-18159.1 m dN=-241.9 m (matcher@315m, support=28, peak=None) 
imw-rord-nn-kt0p2-fm1: Processing pair 17 from disk...
imw-rord-nn-kt0p2-fm1: 5 match-sets in 1.39s
[Coarse] imw-rord-nn-kt0p2-fm1 pair 18: dE=-17952.3 m dN=-104.6 m (from-pair-15 (phasecorr disagreed), support=None, peak=0.06863816733713503) 
imw-rord-nn-kt0p2-fm1: Processing pair 18 from disk...
imw-rord-nn-kt0p2-fm1: 0 match-sets in 0.00s
[Coarse] imw-rord-nn-kt0p2-fm1 pair 19: dE=-17952.3 m dN=-104.6 m (from-pair-15 (phasecorr disagreed), support=None, peak=0.15104582491848204) 
imw-rord-nn-kt0p2-fm1: Processing pair 19 from disk...
imw-rord-nn-kt0p2-fm1: 0 match-sets in 0.00s
[Coarse] imw-rord-nn-kt0p2-fm1 pair 20: dE=-17952.3 m dN=-104.6 m (from-pair-19, support=None, peak=None) 
imw-rord-nn-kt0p2-fm1: Processing pair 20 from disk...
imw-rord-nn-kt0p2-fm1: 0 match-sets in 0.00s
[Coarse] imw-rord-nn-kt0p2-fm1 pair 21: dE=-17952.3 m dN=-104.6 m (from-pair-15 (phasecorr disagreed), support=None, peak=0.036990950946454645) 
imw-rord-nn-kt0p2-fm1: Processing pair 21 from disk...
imw-rord-nn-kt0p2-fm1: 0 match-sets in 0.00s
[Coarse] imw-rord-nn-kt0p2-fm1 pair 22: dE=-17882.3 m dN=-311.5 m (phasecorr@315m, support=None, peak=0.12721613845825194) 
imw-rord-nn-kt0p2-fm1: Processing pair 22 from disk...
imw-rord-nn-kt0p2-fm1: 3 match-sets in 2.60s
[Coarse] imw-rord-nn-kt0p2-fm1 pair 23: dE=-17911.9 m dN=-326.6 m (phasecorr@315m, support=None, peak=0.12881409482955933) 
imw-rord-nn-kt0p2-fm1: Processing pair 23 from disk...
imw-rord-nn-kt0p2-fm1: 4 match-sets in 1.09s
[Coarse] imw-rord-nn-kt0p2-fm1 pair 24: dE=-17928.8 m dN=-415.6 m (phasecorr@315m, support=None, peak=0.035175936365127565) 
imw-rord-nn-kt0p2-fm1: Processing pair 24 from disk...
imw-rord-nn-kt0p2-fm1: 4 match-sets in 1.22s
[Coarse] imw-rord-nn-kt0p2-fm1 pair 25: dE=-17844.2 m dN=-348.0 m (phasecorr@315m, support=None, peak=0.15328786741892497) 
imw-rord-nn-kt0p2-fm1: Processing pair 25 from disk...
imw-rord-nn-kt0p2-fm1: 4 match-sets in 1.20s
[Coarse] imw-rord-nn-kt0p2-fm1 pair 26: dE=-18159.1 m dN=-241.9 m (from-pair-27, support=None, peak=None) 
imw-rord-nn-kt0p2-fm1: Processing pair 26 from disk...
imw-rord-nn-kt0p2-fm1: 1 match-sets in 0.53s
[Coarse] imw-rord-nn-kt0p2-fm1 pair 27: dE=-18159.1 m dN=-241.9 m (from-pair-17 (phasecorr disagreed), support=None, peak=0.05064041456057702) 
imw-rord-nn-kt0p2-fm1: Processing pair 27 from disk...
imw-rord-nn-kt0p2-fm1: 0 match-sets in 0.56s
Saved:
 CHIP_STATS_ALL.csv
 CHIP_STATS_SURVIVORS.csv
 CONSENSUS_SCORES.csv
 BEST_CHIP_SET.csv
 BEST_CHIP_MANIFEST.csv
 BEST_FINAL_SUMMARY.csv
[band1] imw-rord-nn-kt0p2-fm1 ok in 2.2 min, peak GPU memory 32.5 of 39.4 GB
[imw-rord-nn] Model unloaded.
--------------------------------------------------------------------------------
[band1] Running imw-rord-nn-kt0p2
[imw-rord-nn] Loading model...
[Coarse] pair 3: no reliable coarse offset (matcher: {'dx': -19111.530075073242, 'dy': -1645.8168411254883, 'support': 1, 'n': 4, 'peak': None}; phasecorr: {'dx': -16147.443677524008, 'dy': -26751.975000537102, 'support': None, 'n': None, 'peak': 0.00032880983234923565}); windows compared in place
[Coarse] pair 4: no reliable coarse offset (matcher: no matches; phasecorr: {'dx': 12882.472481301173, 'dy': 92621.70938170607, 'support': None, 'n': None, 'peak': -0.00012715039429841217}); windows compared in place
[Coarse] pair 5: no reliable coarse offset (matcher: no matches; phasecorr: {'dx': 3156.3479216096807, 'dy': 18300.67805989782, 'support': None, 'n': None, 'peak': 0.020832994549224774}); windows compared in place
[Coarse] pair 6: no reliable coarse offset (matcher: no matches; phasecorr: {'dx': -15852.800158210905, 'dy': 18737.59796077822, 'support': None, 'n': None, 'peak': -0.0027571213742097218}); windows compared in place
[Coarse] pair 7: no reliable coarse offset (matcher: {'dx': -17899.898071289062, 'dy': -1012.9593658447266, 'support': 3, 'n': 4, 'peak': None}; phasecorr: {'dx': -17660.72648465004, 'dy': -478.5174601560547, 'support': None, 'n': None, 'peak': 0.0218074359204816}); windows compared in place
[Coarse] pair 8: no reliable coarse offset (matcher: no matches; phasecorr: {'dx': -18002.059573769864, 'dy': -489.60497923140906, 'support': None, 'n': None, 'peak': 0.011968647486368816}); windows compared in place
[Coarse] pair 11: no reliable coarse offset (matcher: {'dx': -17814.440574645996, 'dy': -637.5942993164062, 'support': 3, 'n': 4, 'peak': None}; phasecorr: {'dx': -18107.733154651494, 'dy': -332.5590928480355, 'support': None, 'n': None, 'peak': 0.020898853179031604}); windows compared in place
[Coarse] pair 20: no reliable coarse offset (matcher: no matches; phasecorr: {'dx': -28903.23193639674, 'dy': -12953.216285335406, 'support': None, 'n': None, 'peak': 0.008737401829825507}); windows compared in place
[Coarse] pair 26: no reliable coarse offset (matcher: no matches; phasecorr: {'dx': -96306.08142606622, 'dy': -17142.367293993742, 'support': None, 'n': None, 'peak': 0.02253384519977334}); windows compared in place
[Coarse] pair 2: phase correlation gave dE=-8934 m dN=5487 m, 10.2 km from every offset the matcher measured; using pair 14's (dE=-17915 m dN=-375 m)
[Coarse] pair 10: phase correlation gave dE=43169 m dN=-4147 m, 60.6 km from every offset the matcher measured; using pair 14's (dE=-17915 m dN=-375 m)
[Coarse] pair 12: phase correlation gave dE=-1877 m dN=10017 m, 18.6 km from every offset the matcher measured; using pair 14's (dE=-17915 m dN=-375 m)
[Coarse] pair 13: phase correlation gave dE=7584 m dN=8567 m, 26.4 km from every offset the matcher measured; using pair 14's (dE=-17915 m dN=-375 m)
[Coarse] pair 18: phase correlation gave dE=744 m dN=-16615 m, 24.2 km from every offset the matcher measured; using pair 25's (dE=-17482 m dN=-208 m)
[Coarse] pair 19: phase correlation gave dE=11920 m dN=-17918 m, 34.0 km from every offset the matcher measured; using pair 25's (dE=-17482 m dN=-208 m)
[Coarse] pair 21: phase correlation gave dE=-11414 m dN=-17047 m, 17.6 km from every offset the matcher measured; using pair 25's (dE=-17482 m dN=-208 m)
[Coarse] pair 27: phase correlation gave dE=-97898 m dN=-6012 m, 79.9 km from every offset the matcher measured; using pair 23's (dE=-17748 m dN=-165 m)
[Coarse] imw-rord-nn-kt0p2 pair 1: dE=-18062.2 m dN=-904.8 m (phasecorr@315m, support=None, peak=0.03257782713572184) 
imw-rord-nn-kt0p2: Processing pair 1 from disk...
imw-rord-nn-kt0p2: 0 match-sets in 0.16s
[Coarse] imw-rord-nn-kt0p2 pair 2: dE=-17915.3 m dN=-375.2 m (from-pair-14 (phasecorr disagreed), support=None, peak=0.03413578109976686) 
imw-rord-nn-kt0p2: Processing pair 2 from disk...
imw-rord-nn-kt0p2: 0 match-sets in 0.17s
[Coarse] imw-rord-nn-kt0p2 pair 3: dE=-18062.2 m dN=-904.8 m (from-pair-1, support=None, peak=None) 
imw-rord-nn-kt0p2: Processing pair 3 from disk...
imw-rord-nn-kt0p2: 0 match-sets in 0.16s
[Coarse] imw-rord-nn-kt0p2 pair 4: dE=-17915.3 m dN=-375.2 m (from-pair-2, support=None, peak=None) 
imw-rord-nn-kt0p2: Processing pair 4 from disk...
imw-rord-nn-kt0p2: 2 match-sets in 0.21s
[Coarse] imw-rord-nn-kt0p2 pair 5: dE=-17915.3 m dN=-375.2 m (from-pair-2, support=None, peak=None) 
imw-rord-nn-kt0p2: Processing pair 5 from disk...
imw-rord-nn-kt0p2: 1 match-sets in 0.18s
[Coarse] imw-rord-nn-kt0p2 pair 6: dE=-17915.3 m dN=-375.2 m (from-pair-2, support=None, peak=None) 
imw-rord-nn-kt0p2: Processing pair 6 from disk...
imw-rord-nn-kt0p2: 2 match-sets in 0.21s
[Coarse] imw-rord-nn-kt0p2 pair 7: dE=-17790.5 m dN=-428.0 m (from-pair-9, support=None, peak=None) 
imw-rord-nn-kt0p2: Processing pair 7 from disk...
imw-rord-nn-kt0p2: 5 match-sets in 0.68s
[Coarse] imw-rord-nn-kt0p2 pair 8: dE=-17790.5 m dN=-428.0 m (from-pair-9, support=None, peak=None) 
imw-rord-nn-kt0p2: Processing pair 8 from disk...
imw-rord-nn-kt0p2: 4 match-sets in 0.66s
[Coarse] imw-rord-nn-kt0p2 pair 9: dE=-17790.5 m dN=-428.0 m (phasecorr@315m, support=None, peak=0.031066529352914596) 
imw-rord-nn-kt0p2: Processing pair 9 from disk...
imw-rord-nn-kt0p2: 5 match-sets in 0.66s
[Coarse] imw-rord-nn-kt0p2 pair 10: dE=-17915.3 m dN=-375.2 m (from-pair-14 (phasecorr disagreed), support=None, peak=0.04791493653487985) 
imw-rord-nn-kt0p2: Processing pair 10 from disk...
imw-rord-nn-kt0p2: 4 match-sets in 0.62s
[Coarse] imw-rord-nn-kt0p2 pair 11: dE=-17915.3 m dN=-375.2 m (from-pair-10, support=None, peak=None) 
imw-rord-nn-kt0p2: Processing pair 11 from disk...
imw-rord-nn-kt0p2: 3 match-sets in 0.62s
[Coarse] imw-rord-nn-kt0p2 pair 12: dE=-17915.3 m dN=-375.2 m (from-pair-14 (phasecorr disagreed), support=None, peak=0.1047012765466431) 
imw-rord-nn-kt0p2: Processing pair 12 from disk...
imw-rord-nn-kt0p2: 0 match-sets in 0.00s
[Coarse] imw-rord-nn-kt0p2 pair 13: dE=-17915.3 m dN=-375.2 m (from-pair-14 (phasecorr disagreed), support=None, peak=0.09384612739086151) 
imw-rord-nn-kt0p2: Processing pair 13 from disk...
imw-rord-nn-kt0p2: 0 match-sets in 0.00s
[Coarse] imw-rord-nn-kt0p2 pair 14: dE=-17915.3 m dN=-375.2 m (matcher@315m, support=23, peak=None) 
imw-rord-nn-kt0p2: Processing pair 14 from disk...
imw-rord-nn-kt0p2: 6 match-sets in 0.70s
[Coarse] imw-rord-nn-kt0p2 pair 15: dE=-17809.2 m dN=-242.8 m (matcher@315m, support=21, peak=None) 
imw-rord-nn-kt0p2: Processing pair 15 from disk...
imw-rord-nn-kt0p2: 5 match-sets in 0.65s
[Coarse] imw-rord-nn-kt0p2 pair 16: dE=-17933.3 m dN=-371.2 m (matcher@315m, support=33, peak=None) 
imw-rord-nn-kt0p2: Processing pair 16 from disk...
imw-rord-nn-kt0p2: 5 match-sets in 0.57s
[Coarse] imw-rord-nn-kt0p2 pair 17: dE=-18142.5 m dN=-539.7 m (matcher@315m, support=42, peak=None) 
imw-rord-nn-kt0p2: Processing pair 17 from disk...
imw-rord-nn-kt0p2: 5 match-sets in 0.57s
[Coarse] imw-rord-nn-kt0p2 pair 18: dE=-17482.4 m dN=-207.5 m (from-pair-25 (phasecorr disagreed), support=None, peak=0.06863816733713503) 
imw-rord-nn-kt0p2: Processing pair 18 from disk...
imw-rord-nn-kt0p2: 0 match-sets in 0.00s
[Coarse] imw-rord-nn-kt0p2 pair 19: dE=-17482.4 m dN=-207.5 m (from-pair-25 (phasecorr disagreed), support=None, peak=0.15104582491848204) 
imw-rord-nn-kt0p2: Processing pair 19 from disk...
imw-rord-nn-kt0p2: 0 match-sets in 0.00s
[Coarse] imw-rord-nn-kt0p2 pair 20: dE=-17482.4 m dN=-207.5 m (from-pair-19, support=None, peak=None) 
imw-rord-nn-kt0p2: Processing pair 20 from disk...
imw-rord-nn-kt0p2: 0 match-sets in 0.00s
[Coarse] imw-rord-nn-kt0p2 pair 21: dE=-17482.4 m dN=-207.5 m (from-pair-25 (phasecorr disagreed), support=None, peak=0.036990950946454645) 
imw-rord-nn-kt0p2: Processing pair 21 from disk...
imw-rord-nn-kt0p2: 0 match-sets in 0.00s
[Coarse] imw-rord-nn-kt0p2 pair 22: dE=-17958.4 m dN=-402.1 m (matcher@315m, support=27, peak=None) 
imw-rord-nn-kt0p2: Processing pair 22 from disk...
imw-rord-nn-kt0p2: 4 match-sets in 0.51s
[Coarse] imw-rord-nn-kt0p2 pair 23: dE=-17748.5 m dN=-164.6 m (matcher@315m, support=22, peak=None) 
imw-rord-nn-kt0p2: Processing pair 23 from disk...
imw-rord-nn-kt0p2: 3 match-sets in 0.40s
[Coarse] imw-rord-nn-kt0p2 pair 24: dE=-17276.7 m dN=-408.2 m (matcher@315m, support=9, peak=None) 
imw-rord-nn-kt0p2: Processing pair 24 from disk...
imw-rord-nn-kt0p2: 3 match-sets in 0.47s
[Coarse] imw-rord-nn-kt0p2 pair 25: dE=-17482.4 m dN=-207.5 m (matcher@315m, support=25, peak=None) 
imw-rord-nn-kt0p2: Processing pair 25 from disk...
imw-rord-nn-kt0p2: 4 match-sets in 0.47s
[Coarse] imw-rord-nn-kt0p2 pair 26: dE=-17748.5 m dN=-164.6 m (from-pair-27, support=None, peak=None) 
imw-rord-nn-kt0p2: Processing pair 26 from disk...
imw-rord-nn-kt0p2: 0 match-sets in 0.23s
[Coarse] imw-rord-nn-kt0p2 pair 27: dE=-17748.5 m dN=-164.6 m (from-pair-23 (phasecorr disagreed), support=None, peak=0.05064041456057702) 
imw-rord-nn-kt0p2: Processing pair 27 from disk...
imw-rord-nn-kt0p2: 0 match-sets in 0.24s
Saved:
 CHIP_STATS_ALL.csv
 CHIP_STATS_SURVIVORS.csv
 CONSENSUS_SCORES.csv
 BEST_CHIP_SET.csv
 BEST_CHIP_MANIFEST.csv
 BEST_FINAL_SUMMARY.csv
[band1] imw-rord-nn-kt0p2 ok in 0.3 min, peak GPU memory 0.7 of 39.4 GB
[imw-rord-nn] Model unloaded.
--------------------------------------------------------------------------------
[band1] Running imw-d2net-nn-kt0p2-fm1
[imw-d2net-nn] Loading model...
[Coarse] pair 3: no reliable coarse offset (matcher: {'dx': -20413.682641983032, 'dy': -7256.516418457031, 'support': 1, 'n': 8, 'peak': None}; phasecorr: {'dx': -16147.443677524008, 'dy': -26751.975000537102, 'support': None, 'n': None, 'peak': 0.00032880983234923565}); windows compared in place
[Coarse] pair 4: no reliable coarse offset (matcher: {'dx': -18164.213333129883, 'dy': -1118.184871673584, 'support': 6, 'n': 6, 'peak': None}; phasecorr: {'dx': 12882.472481301173, 'dy': 92621.70938170607, 'support': None, 'n': None, 'peak': -0.00012715039429841217}); windows compared in place
[Coarse] pair 5: no reliable coarse offset (matcher: {'dx': -18195.292282104492, 'dy': -883.7961959838867, 'support': 2, 'n': 6, 'peak': None}; phasecorr: {'dx': 3156.3479216096807, 'dy': 18300.67805989782, 'support': None, 'n': None, 'peak': 0.020832994549224774}); windows compared in place
[Coarse] pair 6: no reliable coarse offset (matcher: no matches; phasecorr: {'dx': -15852.800158210905, 'dy': 18737.59796077822, 'support': None, 'n': None, 'peak': -0.0027571213742097218}); windows compared in place
[Coarse] pair 7: no reliable coarse offset (matcher: {'dx': -18393.65249633789, 'dy': -1087.2813606262207, 'support': 4, 'n': 6, 'peak': None}; phasecorr: {'dx': -17660.72648465004, 'dy': -478.5174601560547, 'support': None, 'n': None, 'peak': 0.0218074359204816}); windows compared in place
[Coarse] pair 8: no reliable coarse offset (matcher: no matches; phasecorr: {'dx': -18002.059573769864, 'dy': -489.60497923140906, 'support': None, 'n': None, 'peak': 0.011968647486368816}); windows compared in place
[Coarse] pair 11: no reliable coarse offset (matcher: no matches; phasecorr: {'dx': -18107.733154651494, 'dy': -332.5590928480355, 'support': None, 'n': None, 'peak': 0.020898853179031604}); windows compared in place
[Coarse] pair 20: no reliable coarse offset (matcher: no matches; phasecorr: {'dx': -28903.23193639674, 'dy': -12953.216285335406, 'support': None, 'n': None, 'peak': 0.008737401829825507}); windows compared in place
[Coarse] pair 26: no reliable coarse offset (matcher: no matches; phasecorr: {'dx': -96306.08142606622, 'dy': -17142.367293993742, 'support': None, 'n': None, 'peak': 0.02253384519977334}); windows compared in place
[Coarse] pair 2: phase correlation gave dE=-8934 m dN=5487 m, 10.1 km from every offset the matcher measured; using pair 1's (dE=-18061 m dN=-445 m)
[Coarse] pair 10: phase correlation gave dE=43169 m dN=-4147 m, 60.8 km from every offset the matcher measured; using pair 1's (dE=-18061 m dN=-445 m)
[Coarse] pair 12: phase correlation gave dE=-1877 m dN=10017 m, 18.5 km from every offset the matcher measured; using pair 14's (dE=-17853 m dN=-147 m)
[Coarse] pair 13: phase correlation gave dE=7584 m dN=8567 m, 26.5 km from every offset the matcher measured; using pair 14's (dE=-17853 m dN=-147 m)
[Coarse] pair 18: phase correlation gave dE=744 m dN=-16615 m, 24.7 km from every offset the matcher measured; using pair 25's (dE=-18023 m dN=242 m)
[Coarse] pair 19: phase correlation gave dE=11920 m dN=-17918 m, 34.5 km from every offset the matcher measured; using pair 25's (dE=-18023 m dN=242 m)
[Coarse] pair 21: phase correlation gave dE=-11414 m dN=-17047 m, 17.9 km from every offset the matcher measured; using pair 25's (dE=-18023 m dN=242 m)
[Coarse] pair 27: phase correlation gave dE=-97898 m dN=-6012 m, 79.9 km from every offset the matcher measured; using pair 23's (dE=-17476 m dN=91 m)
[Coarse] imw-d2net-nn-kt0p2-fm1 pair 1: dE=-18060.7 m dN=-444.6 m (matcher@315m, support=13, peak=None) 
imw-d2net-nn-kt0p2-fm1: Processing pair 1 from disk...
imw-d2net-nn-kt0p2-fm1: 2 match-sets in 0.40s
[Coarse] imw-d2net-nn-kt0p2-fm1 pair 2: dE=-18060.7 m dN=-444.6 m (from-pair-1 (phasecorr disagreed), support=None, peak=0.03413578109976686) 
imw-d2net-nn-kt0p2-fm1: Processing pair 2 from disk...
imw-d2net-nn-kt0p2-fm1: 1 match-sets in 0.40s
[Coarse] imw-d2net-nn-kt0p2-fm1 pair 3: dE=-18060.7 m dN=-444.6 m (from-pair-1, support=None, peak=None) 
imw-d2net-nn-kt0p2-fm1: Processing pair 3 from disk...
imw-d2net-nn-kt0p2-fm1: 2 match-sets in 0.40s
[Coarse] imw-d2net-nn-kt0p2-fm1 pair 4: dE=-18060.7 m dN=-444.6 m (from-pair-2, support=None, peak=None) 
imw-d2net-nn-kt0p2-fm1: Processing pair 4 from disk...
imw-d2net-nn-kt0p2-fm1: 2 match-sets in 0.48s
[Coarse] imw-d2net-nn-kt0p2-fm1 pair 5: dE=-18060.7 m dN=-444.6 m (from-pair-2, support=None, peak=None) 
imw-d2net-nn-kt0p2-fm1: Processing pair 5 from disk...
imw-d2net-nn-kt0p2-fm1: 2 match-sets in 0.44s
[Coarse] imw-d2net-nn-kt0p2-fm1 pair 6: dE=-18060.7 m dN=-444.6 m (from-pair-2, support=None, peak=None) 
imw-d2net-nn-kt0p2-fm1: Processing pair 6 from disk...
imw-d2net-nn-kt0p2-fm1: 2 match-sets in 0.46s
[Coarse] imw-d2net-nn-kt0p2-fm1 pair 7: dE=-17790.5 m dN=-428.0 m (from-pair-9, support=None, peak=None) 
imw-d2net-nn-kt0p2-fm1: Processing pair 7 from disk...
imw-d2net-nn-kt0p2-fm1: 5 match-sets in 1.60s
[Coarse] imw-d2net-nn-kt0p2-fm1 pair 8: dE=-17790.5 m dN=-428.0 m (from-pair-9, support=None, peak=None) 
imw-d2net-nn-kt0p2-fm1: Processing pair 8 from disk...
imw-d2net-nn-kt0p2-fm1: 6 match-sets in 1.73s
[Coarse] imw-d2net-nn-kt0p2-fm1 pair 9: dE=-17790.5 m dN=-428.0 m (phasecorr@315m, support=None, peak=0.031066529352914596) 
imw-d2net-nn-kt0p2-fm1: Processing pair 9 from disk...
imw-d2net-nn-kt0p2-fm1: 6 match-sets in 1.54s
[Coarse] imw-d2net-nn-kt0p2-fm1 pair 10: dE=-18060.7 m dN=-444.6 m (from-pair-1 (phasecorr disagreed), support=None, peak=0.04791493653487985) 
imw-d2net-nn-kt0p2-fm1: Processing pair 10 from disk...
imw-d2net-nn-kt0p2-fm1: 3 match-sets in 1.47s
[Coarse] imw-d2net-nn-kt0p2-fm1 pair 11: dE=-18060.7 m dN=-444.6 m (from-pair-10, support=None, peak=None) 
imw-d2net-nn-kt0p2-fm1: Processing pair 11 from disk...
imw-d2net-nn-kt0p2-fm1: 5 match-sets in 1.43s
[Coarse] imw-d2net-nn-kt0p2-fm1 pair 12: dE=-17852.9 m dN=-147.1 m (from-pair-14 (phasecorr disagreed), support=None, peak=0.1047012765466431) 
imw-d2net-nn-kt0p2-fm1: Processing pair 12 from disk...
imw-d2net-nn-kt0p2-fm1: 0 match-sets in 0.00s
[Coarse] imw-d2net-nn-kt0p2-fm1 pair 13: dE=-17852.9 m dN=-147.1 m (from-pair-14 (phasecorr disagreed), support=None, peak=0.09384612739086151) 
imw-d2net-nn-kt0p2-fm1: Processing pair 13 from disk...
imw-d2net-nn-kt0p2-fm1: 0 match-sets in 0.00s
[Coarse] imw-d2net-nn-kt0p2-fm1 pair 14: dE=-17852.9 m dN=-147.1 m (matcher@315m, support=23, peak=None) 
imw-d2net-nn-kt0p2-fm1: Processing pair 14 from disk...
imw-d2net-nn-kt0p2-fm1: 6 match-sets in 1.58s
[Coarse] imw-d2net-nn-kt0p2-fm1 pair 15: dE=-17980.2 m dN=-335.5 m (matcher@315m, support=26, peak=None) 
imw-d2net-nn-kt0p2-fm1: Processing pair 15 from disk...
imw-d2net-nn-kt0p2-fm1: 6 match-sets in 1.59s
[Coarse] imw-d2net-nn-kt0p2-fm1 pair 16: dE=-18149.5 m dN=-499.4 m (matcher@315m, support=19, peak=None) 
imw-d2net-nn-kt0p2-fm1: Processing pair 16 from disk...
imw-d2net-nn-kt0p2-fm1: 6 match-sets in 1.37s
[Coarse] imw-d2net-nn-kt0p2-fm1 pair 17: dE=-17856.5 m dN=-374.9 m (matcher@315m, support=29, peak=None) 
imw-d2net-nn-kt0p2-fm1: Processing pair 17 from disk...
imw-d2net-nn-kt0p2-fm1: 5 match-sets in 1.38s
[Coarse] imw-d2net-nn-kt0p2-fm1 pair 18: dE=-18023.3 m dN=242.1 m (from-pair-25 (phasecorr disagreed), support=None, peak=0.06863816733713503) 
imw-d2net-nn-kt0p2-fm1: Processing pair 18 from disk...
imw-d2net-nn-kt0p2-fm1: 0 match-sets in 0.00s
[Coarse] imw-d2net-nn-kt0p2-fm1 pair 19: dE=-18023.3 m dN=242.1 m (from-pair-25 (phasecorr disagreed), support=None, peak=0.15104582491848204) 
imw-d2net-nn-kt0p2-fm1: Processing pair 19 from disk...
imw-d2net-nn-kt0p2-fm1: 0 match-sets in 0.00s
[Coarse] imw-d2net-nn-kt0p2-fm1 pair 20: dE=-18023.3 m dN=242.1 m (from-pair-19, support=None, peak=None) 
imw-d2net-nn-kt0p2-fm1: Processing pair 20 from disk...
imw-d2net-nn-kt0p2-fm1: 0 match-sets in 0.00s
[Coarse] imw-d2net-nn-kt0p2-fm1 pair 21: dE=-18023.3 m dN=242.1 m (from-pair-25 (phasecorr disagreed), support=None, peak=0.036990950946454645) 
imw-d2net-nn-kt0p2-fm1: Processing pair 21 from disk...
imw-d2net-nn-kt0p2-fm1: 0 match-sets in 0.00s
[Coarse] imw-d2net-nn-kt0p2-fm1 pair 22: dE=-17882.3 m dN=-311.5 m (phasecorr@315m, support=None, peak=0.12721613845825194) 
imw-d2net-nn-kt0p2-fm1: Processing pair 22 from disk...
imw-d2net-nn-kt0p2-fm1: 4 match-sets in 1.23s
[Coarse] imw-d2net-nn-kt0p2-fm1 pair 23: dE=-17475.8 m dN=90.6 m (matcher@315m, support=11, peak=None) 
imw-d2net-nn-kt0p2-fm1: Processing pair 23 from disk...
imw-d2net-nn-kt0p2-fm1: 4 match-sets in 1.21s
[Coarse] imw-d2net-nn-kt0p2-fm1 pair 24: dE=-17928.8 m dN=-415.6 m (phasecorr@315m, support=None, peak=0.035175936365127565) 
imw-d2net-nn-kt0p2-fm1: Processing pair 24 from disk...
imw-d2net-nn-kt0p2-fm1: 4 match-sets in 1.24s
[Coarse] imw-d2net-nn-kt0p2-fm1 pair 25: dE=-18023.3 m dN=242.1 m (matcher@315m, support=18, peak=None) 
imw-d2net-nn-kt0p2-fm1: Processing pair 25 from disk...
imw-d2net-nn-kt0p2-fm1: 4 match-sets in 1.21s
[Coarse] imw-d2net-nn-kt0p2-fm1 pair 26: dE=-17475.8 m dN=90.6 m (from-pair-27, support=None, peak=None) 
imw-d2net-nn-kt0p2-fm1: Processing pair 26 from disk...
imw-d2net-nn-kt0p2-fm1: 1 match-sets in 0.56s
[Coarse] imw-d2net-nn-kt0p2-fm1 pair 27: dE=-17475.8 m dN=90.6 m (from-pair-23 (phasecorr disagreed), support=None, peak=0.05064041456057702) 
imw-d2net-nn-kt0p2-fm1: Processing pair 27 from disk...
imw-d2net-nn-kt0p2-fm1: 1 match-sets in 0.53s
Saved:
 CHIP_STATS_ALL.csv
 CHIP_STATS_SURVIVORS.csv
 CONSENSUS_SCORES.csv
 BEST_CHIP_SET.csv
 BEST_CHIP_MANIFEST.csv
 BEST_FINAL_SUMMARY.csv
[band1] imw-d2net-nn-kt0p2-fm1 ok in 0.7 min, peak GPU memory 2.6 of 39.4 GB
[imw-d2net-nn] Model unloaded.
--------------------------------------------------------------------------------
[band1] Running imw-d2net-nn-kt0p2
[imw-d2net-nn] Loading model...
[Coarse] pair 3: no reliable coarse offset (matcher: {'dx': -19650.410499572754, 'dy': -1650.5608749389648, 'support': 3, 'n': 5, 'peak': None}; phasecorr: {'dx': -16147.443677524008, 'dy': -26751.975000537102, 'support': None, 'n': None, 'peak': 0.00032880983234923565}); windows compared in place
[Coarse] pair 6: no reliable coarse offset (matcher: {'dx': -17675.29426574707, 'dy': -982.3274230957031, 'support': 3, 'n': 5, 'peak': None}; phasecorr: {'dx': -15852.800158210905, 'dy': 18737.59796077822, 'support': None, 'n': None, 'peak': -0.0027571213742097218}); windows compared in place
[Coarse] pair 8: no reliable coarse offset (matcher: {'dx': -18038.07586669922, 'dy': -1948.1636810302734, 'support': 3, 'n': 3, 'peak': None}; phasecorr: {'dx': -18002.059573769864, 'dy': -489.60497923140906, 'support': None, 'n': None, 'peak': 0.011968647486368816}); windows compared in place
[Coarse] pair 11: no reliable coarse offset (matcher: {'dx': -19120.128936767578, 'dy': 2108.9657592773438, 'support': 1, 'n': 3, 'peak': None}; phasecorr: {'dx': -18107.733154651494, 'dy': -332.5590928480355, 'support': None, 'n': None, 'peak': 0.020898853179031604}); windows compared in place
[Coarse] pair 20: no reliable coarse offset (matcher: no matches; phasecorr: {'dx': -28903.23193639674, 'dy': -12953.216285335406, 'support': None, 'n': None, 'peak': 0.008737401829825507}); windows compared in place
[Coarse] pair 26: no reliable coarse offset (matcher: no matches; phasecorr: {'dx': -96306.08142606622, 'dy': -17142.367293993742, 'support': None, 'n': None, 'peak': 0.02253384519977334}); windows compared in place
[Coarse] pair 2: phase correlation gave dE=-8934 m dN=5487 m, 10.4 km from every offset the matcher measured; using pair 1's (dE=-18968 m dN=-195 m)
[Coarse] pair 10: phase correlation gave dE=43169 m dN=-4147 m, 60.8 km from every offset the matcher measured; using pair 7's (dE=-18596 m dN=-979 m)
[Coarse] pair 12: phase correlation gave dE=-1877 m dN=10017 m, 18.8 km from every offset the matcher measured; using pair 7's (dE=-18596 m dN=-979 m)
[Coarse] pair 13: phase correlation gave dE=7584 m dN=8567 m, 26.7 km from every offset the matcher measured; using pair 7's (dE=-18596 m dN=-979 m)
[Coarse] pair 18: phase correlation gave dE=744 m dN=-16615 m, 24.5 km from every offset the matcher measured; using pair 25's (dE=-17559 m dN=-358 m)
[Coarse] pair 19: phase correlation gave dE=11920 m dN=-17918 m, 34.3 km from every offset the matcher measured; using pair 25's (dE=-17559 m dN=-358 m)
[Coarse] pair 21: phase correlation gave dE=-11414 m dN=-17047 m, 17.6 km from every offset the matcher measured; using pair 25's (dE=-17559 m dN=-358 m)
[Coarse] pair 27: phase correlation gave dE=-97898 m dN=-6012 m, 79.1 km from every offset the matcher measured; using pair 23's (dE=-17941 m dN=-60 m)
[Coarse] imw-d2net-nn-kt0p2 pair 1: dE=-18967.7 m dN=-195.2 m (matcher@315m, support=9, peak=None) 
imw-d2net-nn-kt0p2: Processing pair 1 from disk...
imw-d2net-nn-kt0p2: 2 match-sets in 0.17s
[Coarse] imw-d2net-nn-kt0p2 pair 2: dE=-18967.7 m dN=-195.2 m (from-pair-1 (phasecorr disagreed), support=None, peak=0.03413578109976686) 
imw-d2net-nn-kt0p2: Processing pair 2 from disk...
imw-d2net-nn-kt0p2: 2 match-sets in 0.17s
[Coarse] imw-d2net-nn-kt0p2 pair 3: dE=-18967.7 m dN=-195.2 m (from-pair-1, support=None, peak=None) 
imw-d2net-nn-kt0p2: Processing pair 3 from disk...
imw-d2net-nn-kt0p2: 1 match-sets in 0.17s
[Coarse] imw-d2net-nn-kt0p2 pair 4: dE=-18193.7 m dN=-291.7 m (matcher@315m, support=15, peak=None) 
imw-d2net-nn-kt0p2: Processing pair 4 from disk...
imw-d2net-nn-kt0p2: 2 match-sets in 0.20s
[Coarse] imw-d2net-nn-kt0p2 pair 5: dE=-18755.7 m dN=-848.2 m (matcher@315m, support=10, peak=None) 
imw-d2net-nn-kt0p2: Processing pair 5 from disk...
imw-d2net-nn-kt0p2: 2 match-sets in 0.19s
[Coarse] imw-d2net-nn-kt0p2 pair 6: dE=-18755.7 m dN=-848.2 m (from-pair-5, support=None, peak=None) 
imw-d2net-nn-kt0p2: Processing pair 6 from disk...
imw-d2net-nn-kt0p2: 2 match-sets in 0.23s
[Coarse] imw-d2net-nn-kt0p2 pair 7: dE=-18595.7 m dN=-979.0 m (matcher@315m, support=10, peak=None) 
imw-d2net-nn-kt0p2: Processing pair 7 from disk...
imw-d2net-nn-kt0p2: 6 match-sets in 0.69s
[Coarse] imw-d2net-nn-kt0p2 pair 8: dE=-18595.7 m dN=-979.0 m (from-pair-7, support=None, peak=None) 
imw-d2net-nn-kt0p2: Processing pair 8 from disk...
imw-d2net-nn-kt0p2: 6 match-sets in 0.71s
[Coarse] imw-d2net-nn-kt0p2 pair 9: dE=-17790.5 m dN=-428.0 m (phasecorr@315m, support=None, peak=0.031066529352914596) 
imw-d2net-nn-kt0p2: Processing pair 9 from disk...
imw-d2net-nn-kt0p2: 5 match-sets in 0.68s
[Coarse] imw-d2net-nn-kt0p2 pair 10: dE=-18595.7 m dN=-979.0 m (from-pair-7 (phasecorr disagreed), support=None, peak=0.04791493653487985) 
imw-d2net-nn-kt0p2: Processing pair 10 from disk...
imw-d2net-nn-kt0p2: 5 match-sets in 0.62s
[Coarse] imw-d2net-nn-kt0p2 pair 11: dE=-18595.7 m dN=-979.0 m (from-pair-10, support=None, peak=None) 
imw-d2net-nn-kt0p2: Processing pair 11 from disk...
imw-d2net-nn-kt0p2: 5 match-sets in 0.62s
[Coarse] imw-d2net-nn-kt0p2 pair 12: dE=-18595.7 m dN=-979.0 m (from-pair-7 (phasecorr disagreed), support=None, peak=0.1047012765466431) 
imw-d2net-nn-kt0p2: Processing pair 12 from disk...
imw-d2net-nn-kt0p2: 0 match-sets in 0.00s
[Coarse] imw-d2net-nn-kt0p2 pair 13: dE=-18595.7 m dN=-979.0 m (from-pair-7 (phasecorr disagreed), support=None, peak=0.09384612739086151) 
imw-d2net-nn-kt0p2: Processing pair 13 from disk...
imw-d2net-nn-kt0p2: 0 match-sets in 0.00s
[Coarse] imw-d2net-nn-kt0p2 pair 14: dE=-17883.8 m dN=-241.4 m (matcher@315m, support=29, peak=None) 
imw-d2net-nn-kt0p2: Processing pair 14 from disk...
imw-d2net-nn-kt0p2: 5 match-sets in 0.63s
[Coarse] imw-d2net-nn-kt0p2 pair 15: dE=-17913.2 m dN=-385.1 m (matcher@315m, support=41, peak=None) 
imw-d2net-nn-kt0p2: Processing pair 15 from disk...
imw-d2net-nn-kt0p2: 6 match-sets in 0.61s
[Coarse] imw-d2net-nn-kt0p2 pair 16: dE=-18059.5 m dN=-440.4 m (matcher@315m, support=41, peak=None) 
imw-d2net-nn-kt0p2: Processing pair 16 from disk...
imw-d2net-nn-kt0p2: 6 match-sets in 0.56s
[Coarse] imw-d2net-nn-kt0p2 pair 17: dE=-18092.0 m dN=-480.8 m (matcher@315m, support=65, peak=None) 
imw-d2net-nn-kt0p2: Processing pair 17 from disk...
imw-d2net-nn-kt0p2: 6 match-sets in 0.55s
[Coarse] imw-d2net-nn-kt0p2 pair 18: dE=-17558.8 m dN=-357.7 m (from-pair-25 (phasecorr disagreed), support=None, peak=0.06863816733713503) 
imw-d2net-nn-kt0p2: Processing pair 18 from disk...
imw-d2net-nn-kt0p2: 0 match-sets in 0.00s
[Coarse] imw-d2net-nn-kt0p2 pair 19: dE=-17558.8 m dN=-357.7 m (from-pair-25 (phasecorr disagreed), support=None, peak=0.15104582491848204) 
imw-d2net-nn-kt0p2: Processing pair 19 from disk...
imw-d2net-nn-kt0p2: 0 match-sets in 0.00s
[Coarse] imw-d2net-nn-kt0p2 pair 20: dE=-17558.8 m dN=-357.7 m (from-pair-19, support=None, peak=None) 
imw-d2net-nn-kt0p2: Processing pair 20 from disk...
imw-d2net-nn-kt0p2: 0 match-sets in 0.00s
[Coarse] imw-d2net-nn-kt0p2 pair 21: dE=-17558.8 m dN=-357.7 m (from-pair-25 (phasecorr disagreed), support=None, peak=0.036990950946454645) 
imw-d2net-nn-kt0p2: Processing pair 21 from disk...
imw-d2net-nn-kt0p2: 0 match-sets in 0.00s
[Coarse] imw-d2net-nn-kt0p2 pair 22: dE=-17763.2 m dN=-287.1 m (matcher@315m, support=29, peak=None) 
imw-d2net-nn-kt0p2: Processing pair 22 from disk...
imw-d2net-nn-kt0p2: 3 match-sets in 0.46s
[Coarse] imw-d2net-nn-kt0p2 pair 23: dE=-17941.4 m dN=-59.6 m (matcher@315m, support=29, peak=None) 
imw-d2net-nn-kt0p2: Processing pair 23 from disk...
imw-d2net-nn-kt0p2: 3 match-sets in 0.39s
[Coarse] imw-d2net-nn-kt0p2 pair 24: dE=-17928.8 m dN=-415.6 m (phasecorr@315m, support=None, peak=0.035175936365127565) 
imw-d2net-nn-kt0p2: Processing pair 24 from disk...
imw-d2net-nn-kt0p2: 4 match-sets in 0.47s
[Coarse] imw-d2net-nn-kt0p2 pair 25: dE=-17558.8 m dN=-357.7 m (matcher@315m, support=19, peak=None) 
imw-d2net-nn-kt0p2: Processing pair 25 from disk...
imw-d2net-nn-kt0p2: 3 match-sets in 0.47s
[Coarse] imw-d2net-nn-kt0p2 pair 26: dE=-17941.4 m dN=-59.6 m (from-pair-27, support=None, peak=None) 
imw-d2net-nn-kt0p2: Processing pair 26 from disk...
imw-d2net-nn-kt0p2: 1 match-sets in 0.25s
[Coarse] imw-d2net-nn-kt0p2 pair 27: dE=-17941.4 m dN=-59.6 m (from-pair-23 (phasecorr disagreed), support=None, peak=0.05064041456057702) 
imw-d2net-nn-kt0p2: Processing pair 27 from disk...
imw-d2net-nn-kt0p2: 1 match-sets in 0.25s
Saved:
 CHIP_STATS_ALL.csv
 CHIP_STATS_SURVIVORS.csv
 CONSENSUS_SCORES.csv
 BEST_CHIP_SET.csv
 BEST_CHIP_MANIFEST.csv
 BEST_FINAL_SUMMARY.csv
[band1] imw-d2net-nn-kt0p2 ok in 0.3 min, peak GPU memory 0.7 of 39.4 GB
[imw-d2net-nn] Model unloaded.
--------------------------------------------------------------------------------
[band1] Running imw-alike-nn-kt0p2-fm1-fsp1
[imw-alike-nn] Loading model...
[Coarse] pair 3: no reliable coarse offset (matcher: no matches; phasecorr: {'dx': -16147.443677524008, 'dy': -26751.975000537102, 'support': None, 'n': None, 'peak': 0.00032880983234923565}); windows compared in place
[Coarse] pair 4: no reliable coarse offset (matcher: no matches; phasecorr: {'dx': 12882.472481301173, 'dy': 92621.70938170607, 'support': None, 'n': None, 'peak': -0.00012715039429841217}); windows compared in place
[Coarse] pair 5: no reliable coarse offset (matcher: {'dx': -20536.348600387573, 'dy': 322.81299591064453, 'support': 2, 'n': 5, 'peak': None}; phasecorr: {'dx': 3156.3479216096807, 'dy': 18300.67805989782, 'support': None, 'n': None, 'peak': 0.020832994549224774}); windows compared in place
[Coarse] pair 6: no reliable coarse offset (matcher: {'dx': -18986.21452331543, 'dy': 8446.269149780273, 'support': 1, 'n': 3, 'peak': None}; phasecorr: {'dx': -15852.800158210905, 'dy': 18737.59796077822, 'support': None, 'n': None, 'peak': -0.0027571213742097218}); windows compared in place
[Coarse] pair 7: no reliable coarse offset (matcher: no matches; phasecorr: {'dx': -17660.72648465004, 'dy': -478.5174601560547, 'support': None, 'n': None, 'peak': 0.0218074359204816}); windows compared in place
[Coarse] pair 8: no reliable coarse offset (matcher: no matches; phasecorr: {'dx': -18002.059573769864, 'dy': -489.60497923140906, 'support': None, 'n': None, 'peak': 0.011968647486368816}); windows compared in place
[Coarse] pair 11: no reliable coarse offset (matcher: no matches; phasecorr: {'dx': -18107.733154651494, 'dy': -332.5590928480355, 'support': None, 'n': None, 'peak': 0.020898853179031604}); windows compared in place
[Coarse] pair 20: no reliable coarse offset (matcher: no matches; phasecorr: {'dx': -28903.23193639674, 'dy': -12953.216285335406, 'support': None, 'n': None, 'peak': 0.008737401829825507}); windows compared in place
[Coarse] pair 26: no reliable coarse offset (matcher: no matches; phasecorr: {'dx': -96306.08142606622, 'dy': -17142.367293993742, 'support': None, 'n': None, 'peak': 0.02253384519977334}); windows compared in place
[Coarse] pair 2: phase correlation gave dE=-8934 m dN=5487 m, 10.6 km from every offset the matcher measured; using pair 14's (dE=-17875 m dN=-177 m)
[Coarse] pair 10: phase correlation gave dE=43169 m dN=-4147 m, 61.2 km from every offset the matcher measured; using pair 14's (dE=-17875 m dN=-177 m)
[Coarse] pair 12: phase correlation gave dE=-1877 m dN=10017 m, 19.0 km from every offset the matcher measured; using pair 14's (dE=-17875 m dN=-177 m)
[Coarse] pair 13: phase correlation gave dE=7584 m dN=8567 m, 26.9 km from every offset the matcher measured; using pair 14's (dE=-17875 m dN=-177 m)
[Coarse] pair 18: phase correlation gave dE=744 m dN=-16615 m, 24.8 km from every offset the matcher measured; using pair 15's (dE=-17944 m dN=-233 m)
[Coarse] pair 19: phase correlation gave dE=11920 m dN=-17918 m, 34.7 km from every offset the matcher measured; using pair 15's (dE=-17944 m dN=-233 m)
[Coarse] pair 21: phase correlation gave dE=-11414 m dN=-17047 m, 18.0 km from every offset the matcher measured; using pair 15's (dE=-17944 m dN=-233 m)
[Coarse] pair 27: phase correlation gave dE=-97898 m dN=-6012 m, 80.1 km from every offset the matcher measured; using pair 17's (dE=-18037 m dN=-264 m)
[Coarse] imw-alike-nn-kt0p2-fm1-fsp1 pair 1: dE=-18062.2 m dN=-904.8 m (phasecorr@315m, support=None, peak=0.03257782713572184) 
imw-alike-nn-kt0p2-fm1-fsp1: Processing pair 1 from disk...
imw-alike-nn-kt0p2-fm1-fsp1: 2 match-sets in 0.37s
[Coarse] imw-alike-nn-kt0p2-fm1-fsp1 pair 2: dE=-17875.5 m dN=-177.5 m (from-pair-14 (phasecorr disagreed), support=None, peak=0.03413578109976686) 
imw-alike-nn-kt0p2-fm1-fsp1: Processing pair 2 from disk...
imw-alike-nn-kt0p2-fm1-fsp1: 2 match-sets in 0.12s
[Coarse] imw-alike-nn-kt0p2-fm1-fsp1 pair 3: dE=-18062.2 m dN=-904.8 m (from-pair-1, support=None, peak=None) 
imw-alike-nn-kt0p2-fm1-fsp1: Processing pair 3 from disk...
imw-alike-nn-kt0p2-fm1-fsp1: 2 match-sets in 0.10s
[Coarse] imw-alike-nn-kt0p2-fm1-fsp1 pair 4: dE=-17875.5 m dN=-177.5 m (from-pair-2, support=None, peak=None) 
imw-alike-nn-kt0p2-fm1-fsp1: Processing pair 4 from disk...
imw-alike-nn-kt0p2-fm1-fsp1: 2 match-sets in 0.44s
[Coarse] imw-alike-nn-kt0p2-fm1-fsp1 pair 5: dE=-17875.5 m dN=-177.5 m (from-pair-2, support=None, peak=None) 
imw-alike-nn-kt0p2-fm1-fsp1: Processing pair 5 from disk...
imw-alike-nn-kt0p2-fm1-fsp1: 2 match-sets in 0.27s
[Coarse] imw-alike-nn-kt0p2-fm1-fsp1 pair 6: dE=-17875.5 m dN=-177.5 m (from-pair-2, support=None, peak=None) 
imw-alike-nn-kt0p2-fm1-fsp1: Processing pair 6 from disk...
imw-alike-nn-kt0p2-fm1-fsp1: 2 match-sets in 0.12s
[Coarse] imw-alike-nn-kt0p2-fm1-fsp1 pair 7: dE=-17790.5 m dN=-428.0 m (from-pair-9, support=None, peak=None) 
imw-alike-nn-kt0p2-fm1-fsp1: Processing pair 7 from disk...
imw-alike-nn-kt0p2-fm1-fsp1: 6 match-sets in 0.65s
[Coarse] imw-alike-nn-kt0p2-fm1-fsp1 pair 8: dE=-17790.5 m dN=-428.0 m (from-pair-9, support=None, peak=None) 
imw-alike-nn-kt0p2-fm1-fsp1: Processing pair 8 from disk...
imw-alike-nn-kt0p2-fm1-fsp1: 6 match-sets in 0.44s
[Coarse] imw-alike-nn-kt0p2-fm1-fsp1 pair 9: dE=-17790.5 m dN=-428.0 m (phasecorr@315m, support=None, peak=0.031066529352914596) 
imw-alike-nn-kt0p2-fm1-fsp1: Processing pair 9 from disk...
imw-alike-nn-kt0p2-fm1-fsp1: 6 match-sets in 0.69s
[Coarse] imw-alike-nn-kt0p2-fm1-fsp1 pair 10: dE=-17875.5 m dN=-177.5 m (from-pair-14 (phasecorr disagreed), support=None, peak=0.04791493653487985) 
imw-alike-nn-kt0p2-fm1-fsp1: Processing pair 10 from disk...
imw-alike-nn-kt0p2-fm1-fsp1: 6 match-sets in 0.58s
[Coarse] imw-alike-nn-kt0p2-fm1-fsp1 pair 11: dE=-17875.5 m dN=-177.5 m (from-pair-10, support=None, peak=None) 
imw-alike-nn-kt0p2-fm1-fsp1: Processing pair 11 from disk...
imw-alike-nn-kt0p2-fm1-fsp1: 6 match-sets in 0.37s
[Coarse] imw-alike-nn-kt0p2-fm1-fsp1 pair 12: dE=-17875.5 m dN=-177.5 m (from-pair-14 (phasecorr disagreed), support=None, peak=0.1047012765466431) 
imw-alike-nn-kt0p2-fm1-fsp1: Processing pair 12 from disk...
imw-alike-nn-kt0p2-fm1-fsp1: 0 match-sets in 0.00s
[Coarse] imw-alike-nn-kt0p2-fm1-fsp1 pair 13: dE=-17875.5 m dN=-177.5 m (from-pair-14 (phasecorr disagreed), support=None, peak=0.09384612739086151) 
imw-alike-nn-kt0p2-fm1-fsp1: Processing pair 13 from disk...
imw-alike-nn-kt0p2-fm1-fsp1: 0 match-sets in 0.00s
[Coarse] imw-alike-nn-kt0p2-fm1-fsp1 pair 14: dE=-17875.5 m dN=-177.5 m (matcher@315m, support=39, peak=None) 
imw-alike-nn-kt0p2-fm1-fsp1: Processing pair 14 from disk...
imw-alike-nn-kt0p2-fm1-fsp1: 6 match-sets in 0.45s
[Coarse] imw-alike-nn-kt0p2-fm1-fsp1 pair 15: dE=-17944.1 m dN=-233.3 m (matcher@315m, support=73, peak=None) 
imw-alike-nn-kt0p2-fm1-fsp1: Processing pair 15 from disk...
imw-alike-nn-kt0p2-fm1-fsp1: 6 match-sets in 0.37s
[Coarse] imw-alike-nn-kt0p2-fm1-fsp1 pair 16: dE=-17951.8 m dN=-289.8 m (matcher@315m, support=24, peak=None) 
imw-alike-nn-kt0p2-fm1-fsp1: Processing pair 16 from disk...
imw-alike-nn-kt0p2-fm1-fsp1: 6 match-sets in 0.36s
[Coarse] imw-alike-nn-kt0p2-fm1-fsp1 pair 17: dE=-18037.2 m dN=-263.5 m (matcher@315m, support=35, peak=None) 
imw-alike-nn-kt0p2-fm1-fsp1: Processing pair 17 from disk...
imw-alike-nn-kt0p2-fm1-fsp1: 6 match-sets in 0.27s
[Coarse] imw-alike-nn-kt0p2-fm1-fsp1 pair 18: dE=-17944.1 m dN=-233.3 m (from-pair-15 (phasecorr disagreed), support=None, peak=0.06863816733713503) 
imw-alike-nn-kt0p2-fm1-fsp1: Processing pair 18 from disk...
imw-alike-nn-kt0p2-fm1-fsp1: 0 match-sets in 0.00s
[Coarse] imw-alike-nn-kt0p2-fm1-fsp1 pair 19: dE=-17944.1 m dN=-233.3 m (from-pair-15 (phasecorr disagreed), support=None, peak=0.15104582491848204) 
imw-alike-nn-kt0p2-fm1-fsp1: Processing pair 19 from disk...
imw-alike-nn-kt0p2-fm1-fsp1: 0 match-sets in 0.00s
[Coarse] imw-alike-nn-kt0p2-fm1-fsp1 pair 20: dE=-17944.1 m dN=-233.3 m (from-pair-19, support=None, peak=None) 
imw-alike-nn-kt0p2-fm1-fsp1: Processing pair 20 from disk...
imw-alike-nn-kt0p2-fm1-fsp1: 0 match-sets in 0.00s
[Coarse] imw-alike-nn-kt0p2-fm1-fsp1 pair 21: dE=-17944.1 m dN=-233.3 m (from-pair-15 (phasecorr disagreed), support=None, peak=0.036990950946454645) 
imw-alike-nn-kt0p2-fm1-fsp1: Processing pair 21 from disk...
imw-alike-nn-kt0p2-fm1-fsp1: 0 match-sets in 0.00s
[Coarse] imw-alike-nn-kt0p2-fm1-fsp1 pair 22: dE=-17882.3 m dN=-311.5 m (phasecorr@315m, support=None, peak=0.12721613845825194) 
imw-alike-nn-kt0p2-fm1-fsp1: Processing pair 22 from disk...
imw-alike-nn-kt0p2-fm1-fsp1: 5 match-sets in 0.29s
[Coarse] imw-alike-nn-kt0p2-fm1-fsp1 pair 23: dE=-17911.9 m dN=-326.6 m (phasecorr@315m, support=None, peak=0.12881409482955933) 
imw-alike-nn-kt0p2-fm1-fsp1: Processing pair 23 from disk...
imw-alike-nn-kt0p2-fm1-fsp1: 4 match-sets in 0.16s
[Coarse] imw-alike-nn-kt0p2-fm1-fsp1 pair 24: dE=-17928.8 m dN=-415.6 m (phasecorr@315m, support=None, peak=0.035175936365127565) 
imw-alike-nn-kt0p2-fm1-fsp1: Processing pair 24 from disk...
imw-alike-nn-kt0p2-fm1-fsp1: 5 match-sets in 0.20s
[Coarse] imw-alike-nn-kt0p2-fm1-fsp1 pair 25: dE=-17844.2 m dN=-348.0 m (phasecorr@315m, support=None, peak=0.15328786741892497) 
imw-alike-nn-kt0p2-fm1-fsp1: Processing pair 25 from disk...
imw-alike-nn-kt0p2-fm1-fsp1: 5 match-sets in 0.20s
[Coarse] imw-alike-nn-kt0p2-fm1-fsp1 pair 26: dE=-18037.2 m dN=-263.5 m (from-pair-27, support=None, peak=None) 
imw-alike-nn-kt0p2-fm1-fsp1: Processing pair 26 from disk...
imw-alike-nn-kt0p2-fm1-fsp1: 2 match-sets in 0.12s
[Coarse] imw-alike-nn-kt0p2-fm1-fsp1 pair 27: dE=-18037.2 m dN=-263.5 m (from-pair-17 (phasecorr disagreed), support=None, peak=0.05064041456057702) 
imw-alike-nn-kt0p2-fm1-fsp1: Processing pair 27 from disk...
imw-alike-nn-kt0p2-fm1-fsp1: 2 match-sets in 0.11s
Saved:
 CHIP_STATS_ALL.csv
 CHIP_STATS_SURVIVORS.csv
 CONSENSUS_SCORES.csv
 BEST_CHIP_SET.csv
 BEST_CHIP_MANIFEST.csv
 BEST_FINAL_SUMMARY.csv
[band1] imw-alike-nn-kt0p2-fm1-fsp1 ok in 0.2 min, peak GPU memory 2.1 of 39.4 GB
[imw-alike-nn] Model unloaded.
--------------------------------------------------------------------------------
[band1] Running imw-alike-nn-kt0p2-fm1
[imw-alike-nn] Loading model...
[Coarse] pair 3: no reliable coarse offset (matcher: {'dx': -20474.99939918518, 'dy': -4725.0, 'support': 1, 'n': 5, 'peak': None}; phasecorr: {'dx': -16147.443677524008, 'dy': -26751.975000537102, 'support': None, 'n': None, 'peak': 0.00032880983234923565}); windows compared in place
[Coarse] pair 4: no reliable coarse offset (matcher: no matches; phasecorr: {'dx': 12882.472481301173, 'dy': 92621.70938170607, 'support': None, 'n': None, 'peak': -0.00012715039429841217}); windows compared in place
[Coarse] pair 5: no reliable coarse offset (matcher: {'dx': -20159.99939918518, 'dy': 3150.0, 'support': 1, 'n': 4, 'peak': None}; phasecorr: {'dx': 3156.3479216096807, 'dy': 18300.67805989782, 'support': None, 'n': None, 'peak': 0.020832994549224774}); windows compared in place
[Coarse] pair 6: no reliable coarse offset (matcher: {'dx': -19530.0, 'dy': 7875.0, 'support': 1, 'n': 3, 'peak': None}; phasecorr: {'dx': -15852.800158210905, 'dy': 18737.59796077822, 'support': None, 'n': None, 'peak': -0.0027571213742097218}); windows compared in place
[Coarse] pair 7: no reliable coarse offset (matcher: no matches; phasecorr: {'dx': -17660.72648465004, 'dy': -478.5174601560547, 'support': None, 'n': None, 'peak': 0.0218074359204816}); windows compared in place
[Coarse] pair 8: no reliable coarse offset (matcher: no matches; phasecorr: {'dx': -18002.059573769864, 'dy': -489.60497923140906, 'support': None, 'n': None, 'peak': 0.011968647486368816}); windows compared in place
[Coarse] pair 11: no reliable coarse offset (matcher: no matches; phasecorr: {'dx': -18107.733154651494, 'dy': -332.5590928480355, 'support': None, 'n': None, 'peak': 0.020898853179031604}); windows compared in place
[Coarse] pair 20: no reliable coarse offset (matcher: no matches; phasecorr: {'dx': -28903.23193639674, 'dy': -12953.216285335406, 'support': None, 'n': None, 'peak': 0.008737401829825507}); windows compared in place
[Coarse] pair 26: no reliable coarse offset (matcher: no matches; phasecorr: {'dx': -96306.08142606622, 'dy': -17142.367293993742, 'support': None, 'n': None, 'peak': 0.02253384519977334}); windows compared in place
[Coarse] pair 2: phase correlation gave dE=-8934 m dN=5487 m, 10.6 km from every offset the matcher measured; using pair 14's (dE=-17955 m dN=-0 m)
[Coarse] pair 10: phase correlation gave dE=43169 m dN=-4147 m, 61.2 km from every offset the matcher measured; using pair 14's (dE=-17955 m dN=-0 m)
[Coarse] pair 12: phase correlation gave dE=-1877 m dN=10017 m, 18.9 km from every offset the matcher measured; using pair 14's (dE=-17955 m dN=-0 m)
[Coarse] pair 13: phase correlation gave dE=7584 m dN=8567 m, 26.9 km from every offset the matcher measured; using pair 14's (dE=-17955 m dN=-0 m)
[Coarse] pair 18: phase correlation gave dE=744 m dN=-16615 m, 24.8 km from every offset the matcher measured; using pair 15's (dE=-17955 m dN=-315 m)
[Coarse] pair 19: phase correlation gave dE=11920 m dN=-17918 m, 34.7 km from every offset the matcher measured; using pair 15's (dE=-17955 m dN=-315 m)
[Coarse] pair 21: phase correlation gave dE=-11414 m dN=-17047 m, 18.0 km from every offset the matcher measured; using pair 15's (dE=-17955 m dN=-315 m)
[Coarse] pair 27: phase correlation gave dE=-97898 m dN=-6012 m, 80.1 km from every offset the matcher measured; using pair 17's (dE=-17955 m dN=-315 m)
[Coarse] imw-alike-nn-kt0p2-fm1 pair 1: dE=-18062.2 m dN=-904.8 m (phasecorr@315m, support=None, peak=0.03257782713572184) 
imw-alike-nn-kt0p2-fm1: Processing pair 1 from disk...
imw-alike-nn-kt0p2-fm1: 2 match-sets in 0.09s
[Coarse] imw-alike-nn-kt0p2-fm1 pair 2: dE=-17955.0 m dN=-0.0 m (from-pair-14 (phasecorr disagreed), support=None, peak=0.03413578109976686) 
imw-alike-nn-kt0p2-fm1: Processing pair 2 from disk...
imw-alike-nn-kt0p2-fm1: 2 match-sets in 0.10s
[Coarse] imw-alike-nn-kt0p2-fm1 pair 3: dE=-18062.2 m dN=-904.8 m (from-pair-1, support=None, peak=None) 
imw-alike-nn-kt0p2-fm1: Processing pair 3 from disk...
imw-alike-nn-kt0p2-fm1: 2 match-sets in 0.10s
[Coarse] imw-alike-nn-kt0p2-fm1 pair 4: dE=-17955.0 m dN=-0.0 m (from-pair-2, support=None, peak=None) 
imw-alike-nn-kt0p2-fm1: Processing pair 4 from disk...
imw-alike-nn-kt0p2-fm1: 2 match-sets in 0.14s
[Coarse] imw-alike-nn-kt0p2-fm1 pair 5: dE=-17955.0 m dN=-0.0 m (from-pair-2, support=None, peak=None) 
imw-alike-nn-kt0p2-fm1: Processing pair 5 from disk...
imw-alike-nn-kt0p2-fm1: 2 match-sets in 0.12s
[Coarse] imw-alike-nn-kt0p2-fm1 pair 6: dE=-17955.0 m dN=-0.0 m (from-pair-2, support=None, peak=None) 
imw-alike-nn-kt0p2-fm1: Processing pair 6 from disk...
imw-alike-nn-kt0p2-fm1: 2 match-sets in 0.12s
[Coarse] imw-alike-nn-kt0p2-fm1 pair 7: dE=-17790.5 m dN=-428.0 m (from-pair-9, support=None, peak=None) 
imw-alike-nn-kt0p2-fm1: Processing pair 7 from disk...
imw-alike-nn-kt0p2-fm1: 6 match-sets in 0.45s
[Coarse] imw-alike-nn-kt0p2-fm1 pair 8: dE=-17790.5 m dN=-428.0 m (from-pair-9, support=None, peak=None) 
imw-alike-nn-kt0p2-fm1: Processing pair 8 from disk...
imw-alike-nn-kt0p2-fm1: 6 match-sets in 0.45s
[Coarse] imw-alike-nn-kt0p2-fm1 pair 9: dE=-17790.5 m dN=-428.0 m (phasecorr@315m, support=None, peak=0.031066529352914596) 
imw-alike-nn-kt0p2-fm1: Processing pair 9 from disk...
imw-alike-nn-kt0p2-fm1: 6 match-sets in 0.40s
[Coarse] imw-alike-nn-kt0p2-fm1 pair 10: dE=-17955.0 m dN=-0.0 m (from-pair-14 (phasecorr disagreed), support=None, peak=0.04791493653487985) 
imw-alike-nn-kt0p2-fm1: Processing pair 10 from disk...
imw-alike-nn-kt0p2-fm1: 6 match-sets in 0.35s
[Coarse] imw-alike-nn-kt0p2-fm1 pair 11: dE=-17955.0 m dN=-0.0 m (from-pair-10, support=None, peak=None) 
imw-alike-nn-kt0p2-fm1: Processing pair 11 from disk...
imw-alike-nn-kt0p2-fm1: 6 match-sets in 0.37s
[Coarse] imw-alike-nn-kt0p2-fm1 pair 12: dE=-17955.0 m dN=-0.0 m (from-pair-14 (phasecorr disagreed), support=None, peak=0.1047012765466431) 
imw-alike-nn-kt0p2-fm1: Processing pair 12 from disk...
imw-alike-nn-kt0p2-fm1: 0 match-sets in 0.00s
[Coarse] imw-alike-nn-kt0p2-fm1 pair 13: dE=-17955.0 m dN=-0.0 m (from-pair-14 (phasecorr disagreed), support=None, peak=0.09384612739086151) 
imw-alike-nn-kt0p2-fm1: Processing pair 13 from disk...
imw-alike-nn-kt0p2-fm1: 0 match-sets in 0.00s
[Coarse] imw-alike-nn-kt0p2-fm1 pair 14: dE=-17955.0 m dN=-0.0 m (matcher@315m, support=26, peak=None) 
imw-alike-nn-kt0p2-fm1: Processing pair 14 from disk...
imw-alike-nn-kt0p2-fm1: 6 match-sets in 0.39s
[Coarse] imw-alike-nn-kt0p2-fm1 pair 15: dE=-17955.0 m dN=-315.0 m (matcher@315m, support=59, peak=None) 
imw-alike-nn-kt0p2-fm1: Processing pair 15 from disk...
imw-alike-nn-kt0p2-fm1: 6 match-sets in 0.37s
[Coarse] imw-alike-nn-kt0p2-fm1 pair 16: dE=-17955.0 m dN=-315.0 m (matcher@315m, support=17, peak=None) 
imw-alike-nn-kt0p2-fm1: Processing pair 16 from disk...
imw-alike-nn-kt0p2-fm1: 6 match-sets in 0.28s
[Coarse] imw-alike-nn-kt0p2-fm1 pair 17: dE=-17955.0 m dN=-315.0 m (matcher@315m, support=31, peak=None) 
imw-alike-nn-kt0p2-fm1: Processing pair 17 from disk...
imw-alike-nn-kt0p2-fm1: 6 match-sets in 0.27s
[Coarse] imw-alike-nn-kt0p2-fm1 pair 18: dE=-17955.0 m dN=-315.0 m (from-pair-15 (phasecorr disagreed), support=None, peak=0.06863816733713503) 
imw-alike-nn-kt0p2-fm1: Processing pair 18 from disk...
imw-alike-nn-kt0p2-fm1: 0 match-sets in 0.00s
[Coarse] imw-alike-nn-kt0p2-fm1 pair 19: dE=-17955.0 m dN=-315.0 m (from-pair-15 (phasecorr disagreed), support=None, peak=0.15104582491848204) 
imw-alike-nn-kt0p2-fm1: Processing pair 19 from disk...
imw-alike-nn-kt0p2-fm1: 0 match-sets in 0.00s
[Coarse] imw-alike-nn-kt0p2-fm1 pair 20: dE=-17955.0 m dN=-315.0 m (from-pair-19, support=None, peak=None) 
imw-alike-nn-kt0p2-fm1: Processing pair 20 from disk...
imw-alike-nn-kt0p2-fm1: 0 match-sets in 0.00s
[Coarse] imw-alike-nn-kt0p2-fm1 pair 21: dE=-17955.0 m dN=-315.0 m (from-pair-15 (phasecorr disagreed), support=None, peak=0.036990950946454645) 
imw-alike-nn-kt0p2-fm1: Processing pair 21 from disk...
imw-alike-nn-kt0p2-fm1: 0 match-sets in 0.00s
[Coarse] imw-alike-nn-kt0p2-fm1 pair 22: dE=-17882.3 m dN=-311.5 m (phasecorr@315m, support=None, peak=0.12721613845825194) 
imw-alike-nn-kt0p2-fm1: Processing pair 22 from disk...
imw-alike-nn-kt0p2-fm1: 5 match-sets in 0.22s
[Coarse] imw-alike-nn-kt0p2-fm1 pair 23: dE=-17911.9 m dN=-326.6 m (phasecorr@315m, support=None, peak=0.12881409482955933) 
imw-alike-nn-kt0p2-fm1: Processing pair 23 from disk...
imw-alike-nn-kt0p2-fm1: 4 match-sets in 0.15s
[Coarse] imw-alike-nn-kt0p2-fm1 pair 24: dE=-17928.8 m dN=-415.6 m (phasecorr@315m, support=None, peak=0.035175936365127565) 
imw-alike-nn-kt0p2-fm1: Processing pair 24 from disk...
imw-alike-nn-kt0p2-fm1: 5 match-sets in 0.21s
[Coarse] imw-alike-nn-kt0p2-fm1 pair 25: dE=-17844.2 m dN=-348.0 m (phasecorr@315m, support=None, peak=0.15328786741892497) 
imw-alike-nn-kt0p2-fm1: Processing pair 25 from disk...
imw-alike-nn-kt0p2-fm1: 5 match-sets in 0.20s
[Coarse] imw-alike-nn-kt0p2-fm1 pair 26: dE=-17955.0 m dN=-315.0 m (from-pair-27, support=None, peak=None) 
imw-alike-nn-kt0p2-fm1: Processing pair 26 from disk...
imw-alike-nn-kt0p2-fm1: 2 match-sets in 0.11s
[Coarse] imw-alike-nn-kt0p2-fm1 pair 27: dE=-17955.0 m dN=-315.0 m (from-pair-17 (phasecorr disagreed), support=None, peak=0.05064041456057702) 
imw-alike-nn-kt0p2-fm1: Processing pair 27 from disk...
imw-alike-nn-kt0p2-fm1: 2 match-sets in 0.11s
Saved:
 CHIP_STATS_ALL.csv
 CHIP_STATS_SURVIVORS.csv
 CONSENSUS_SCORES.csv
 BEST_CHIP_SET.csv
 BEST_CHIP_MANIFEST.csv
 BEST_FINAL_SUMMARY.csv
[band1] imw-alike-nn-kt0p2-fm1 ok in 0.2 min, peak GPU memory 0.4 of 39.4 GB
[imw-alike-nn] Model unloaded.
--------------------------------------------------------------------------------
[band1] Running imw-alike-nn-kt0p2-fsp1
[imw-alike-nn] Loading model...
[Coarse] pair 3: no reliable coarse offset (matcher: no matches; phasecorr: {'dx': -16147.443677524008, 'dy': -26751.975000537102, 'support': None, 'n': None, 'peak': 0.00032880983234923565}); windows compared in place
[Coarse] pair 4: no reliable coarse offset (matcher: no matches; phasecorr: {'dx': 12882.472481301173, 'dy': 92621.70938170607, 'support': None, 'n': None, 'peak': -0.00012715039429841217}); windows compared in place
[Coarse] pair 5: no reliable coarse offset (matcher: {'dx': -20536.348600387573, 'dy': 322.81299591064453, 'support': 2, 'n': 5, 'peak': None}; phasecorr: {'dx': 3156.3479216096807, 'dy': 18300.67805989782, 'support': None, 'n': None, 'peak': 0.020832994549224774}); windows compared in place
[Coarse] pair 6: no reliable coarse offset (matcher: {'dx': -18986.21452331543, 'dy': 8446.269149780273, 'support': 1, 'n': 3, 'peak': None}; phasecorr: {'dx': -15852.800158210905, 'dy': 18737.59796077822, 'support': None, 'n': None, 'peak': -0.0027571213742097218}); windows compared in place
[Coarse] pair 7: no reliable coarse offset (matcher: no matches; phasecorr: {'dx': -17660.72648465004, 'dy': -478.5174601560547, 'support': None, 'n': None, 'peak': 0.0218074359204816}); windows compared in place
[Coarse] pair 8: no reliable coarse offset (matcher: no matches; phasecorr: {'dx': -18002.059573769864, 'dy': -489.60497923140906, 'support': None, 'n': None, 'peak': 0.011968647486368816}); windows compared in place
[Coarse] pair 11: no reliable coarse offset (matcher: no matches; phasecorr: {'dx': -18107.733154651494, 'dy': -332.5590928480355, 'support': None, 'n': None, 'peak': 0.020898853179031604}); windows compared in place
[Coarse] pair 20: no reliable coarse offset (matcher: no matches; phasecorr: {'dx': -28903.23193639674, 'dy': -12953.216285335406, 'support': None, 'n': None, 'peak': 0.008737401829825507}); windows compared in place
[Coarse] pair 26: no reliable coarse offset (matcher: no matches; phasecorr: {'dx': -96306.08142606622, 'dy': -17142.367293993742, 'support': None, 'n': None, 'peak': 0.02253384519977334}); windows compared in place
[Coarse] pair 2: phase correlation gave dE=-8934 m dN=5487 m, 10.6 km from every offset the matcher measured; using pair 14's (dE=-17875 m dN=-177 m)
[Coarse] pair 10: phase correlation gave dE=43169 m dN=-4147 m, 61.2 km from every offset the matcher measured; using pair 14's (dE=-17875 m dN=-177 m)
[Coarse] pair 12: phase correlation gave dE=-1877 m dN=10017 m, 19.0 km from every offset the matcher measured; using pair 14's (dE=-17875 m dN=-177 m)
[Coarse] pair 13: phase correlation gave dE=7584 m dN=8567 m, 26.9 km from every offset the matcher measured; using pair 14's (dE=-17875 m dN=-177 m)
[Coarse] pair 18: phase correlation gave dE=744 m dN=-16615 m, 24.8 km from every offset the matcher measured; using pair 15's (dE=-17944 m dN=-233 m)
[Coarse] pair 19: phase correlation gave dE=11920 m dN=-17918 m, 34.7 km from every offset the matcher measured; using pair 15's (dE=-17944 m dN=-233 m)
[Coarse] pair 21: phase correlation gave dE=-11414 m dN=-17047 m, 18.0 km from every offset the matcher measured; using pair 15's (dE=-17944 m dN=-233 m)
[Coarse] pair 27: phase correlation gave dE=-97898 m dN=-6012 m, 80.1 km from every offset the matcher measured; using pair 17's (dE=-18037 m dN=-264 m)
[Coarse] imw-alike-nn-kt0p2-fsp1 pair 1: dE=-18062.2 m dN=-904.8 m (phasecorr@315m, support=None, peak=0.03257782713572184) 
imw-alike-nn-kt0p2-fsp1: Processing pair 1 from disk...
imw-alike-nn-kt0p2-fsp1: 2 match-sets in 0.09s
[Coarse] imw-alike-nn-kt0p2-fsp1 pair 2: dE=-17875.5 m dN=-177.5 m (from-pair-14 (phasecorr disagreed), support=None, peak=0.03413578109976686) 
imw-alike-nn-kt0p2-fsp1: Processing pair 2 from disk...
imw-alike-nn-kt0p2-fsp1: 2 match-sets in 0.12s
[Coarse] imw-alike-nn-kt0p2-fsp1 pair 3: dE=-18062.2 m dN=-904.8 m (from-pair-1, support=None, peak=None) 
imw-alike-nn-kt0p2-fsp1: Processing pair 3 from disk...
imw-alike-nn-kt0p2-fsp1: 2 match-sets in 0.10s
[Coarse] imw-alike-nn-kt0p2-fsp1 pair 4: dE=-17875.5 m dN=-177.5 m (from-pair-2, support=None, peak=None) 
imw-alike-nn-kt0p2-fsp1: Processing pair 4 from disk...
imw-alike-nn-kt0p2-fsp1: 2 match-sets in 0.14s
[Coarse] imw-alike-nn-kt0p2-fsp1 pair 5: dE=-17875.5 m dN=-177.5 m (from-pair-2, support=None, peak=None) 
imw-alike-nn-kt0p2-fsp1: Processing pair 5 from disk...
imw-alike-nn-kt0p2-fsp1: 2 match-sets in 0.13s
[Coarse] imw-alike-nn-kt0p2-fsp1 pair 6: dE=-17875.5 m dN=-177.5 m (from-pair-2, support=None, peak=None) 
imw-alike-nn-kt0p2-fsp1: Processing pair 6 from disk...
imw-alike-nn-kt0p2-fsp1: 2 match-sets in 0.12s
[Coarse] imw-alike-nn-kt0p2-fsp1 pair 7: dE=-17790.5 m dN=-428.0 m (from-pair-9, support=None, peak=None) 
imw-alike-nn-kt0p2-fsp1: Processing pair 7 from disk...
imw-alike-nn-kt0p2-fsp1: 6 match-sets in 0.45s
[Coarse] imw-alike-nn-kt0p2-fsp1 pair 8: dE=-17790.5 m dN=-428.0 m (from-pair-9, support=None, peak=None) 
imw-alike-nn-kt0p2-fsp1: Processing pair 8 from disk...
imw-alike-nn-kt0p2-fsp1: 6 match-sets in 0.44s
[Coarse] imw-alike-nn-kt0p2-fsp1 pair 9: dE=-17790.5 m dN=-428.0 m (phasecorr@315m, support=None, peak=0.031066529352914596) 
imw-alike-nn-kt0p2-fsp1: Processing pair 9 from disk...
imw-alike-nn-kt0p2-fsp1: 6 match-sets in 0.40s
[Coarse] imw-alike-nn-kt0p2-fsp1 pair 10: dE=-17875.5 m dN=-177.5 m (from-pair-14 (phasecorr disagreed), support=None, peak=0.04791493653487985) 
imw-alike-nn-kt0p2-fsp1: Processing pair 10 from disk...
imw-alike-nn-kt0p2-fsp1: 6 match-sets in 0.36s
[Coarse] imw-alike-nn-kt0p2-fsp1 pair 11: dE=-17875.5 m dN=-177.5 m (from-pair-10, support=None, peak=None) 
imw-alike-nn-kt0p2-fsp1: Processing pair 11 from disk...
imw-alike-nn-kt0p2-fsp1: 6 match-sets in 0.37s
[Coarse] imw-alike-nn-kt0p2-fsp1 pair 12: dE=-17875.5 m dN=-177.5 m (from-pair-14 (phasecorr disagreed), support=None, peak=0.1047012765466431) 
imw-alike-nn-kt0p2-fsp1: Processing pair 12 from disk...
imw-alike-nn-kt0p2-fsp1: 0 match-sets in 0.00s
[Coarse] imw-alike-nn-kt0p2-fsp1 pair 13: dE=-17875.5 m dN=-177.5 m (from-pair-14 (phasecorr disagreed), support=None, peak=0.09384612739086151) 
imw-alike-nn-kt0p2-fsp1: Processing pair 13 from disk...
imw-alike-nn-kt0p2-fsp1: 0 match-sets in 0.00s
[Coarse] imw-alike-nn-kt0p2-fsp1 pair 14: dE=-17875.5 m dN=-177.5 m (matcher@315m, support=39, peak=None) 
imw-alike-nn-kt0p2-fsp1: Processing pair 14 from disk...
imw-alike-nn-kt0p2-fsp1: 6 match-sets in 0.38s
[Coarse] imw-alike-nn-kt0p2-fsp1 pair 15: dE=-17944.1 m dN=-233.3 m (matcher@315m, support=73, peak=None) 
imw-alike-nn-kt0p2-fsp1: Processing pair 15 from disk...
imw-alike-nn-kt0p2-fsp1: 6 match-sets in 0.36s
[Coarse] imw-alike-nn-kt0p2-fsp1 pair 16: dE=-17951.8 m dN=-289.8 m (matcher@315m, support=24, peak=None) 
imw-alike-nn-kt0p2-fsp1: Processing pair 16 from disk...
imw-alike-nn-kt0p2-fsp1: 6 match-sets in 0.29s
[Coarse] imw-alike-nn-kt0p2-fsp1 pair 17: dE=-18037.2 m dN=-263.5 m (matcher@315m, support=35, peak=None) 
imw-alike-nn-kt0p2-fsp1: Processing pair 17 from disk...
imw-alike-nn-kt0p2-fsp1: 6 match-sets in 0.28s
[Coarse] imw-alike-nn-kt0p2-fsp1 pair 18: dE=-17944.1 m dN=-233.3 m (from-pair-15 (phasecorr disagreed), support=None, peak=0.06863816733713503) 
imw-alike-nn-kt0p2-fsp1: Processing pair 18 from disk...
imw-alike-nn-kt0p2-fsp1: 0 match-sets in 0.00s
[Coarse] imw-alike-nn-kt0p2-fsp1 pair 19: dE=-17944.1 m dN=-233.3 m (from-pair-15 (phasecorr disagreed), support=None, peak=0.15104582491848204) 
imw-alike-nn-kt0p2-fsp1: Processing pair 19 from disk...
imw-alike-nn-kt0p2-fsp1: 0 match-sets in 0.00s
[Coarse] imw-alike-nn-kt0p2-fsp1 pair 20: dE=-17944.1 m dN=-233.3 m (from-pair-19, support=None, peak=None) 
imw-alike-nn-kt0p2-fsp1: Processing pair 20 from disk...
imw-alike-nn-kt0p2-fsp1: 0 match-sets in 0.00s
[Coarse] imw-alike-nn-kt0p2-fsp1 pair 21: dE=-17944.1 m dN=-233.3 m (from-pair-15 (phasecorr disagreed), support=None, peak=0.036990950946454645) 
imw-alike-nn-kt0p2-fsp1: Processing pair 21 from disk...
imw-alike-nn-kt0p2-fsp1: 0 match-sets in 0.00s
[Coarse] imw-alike-nn-kt0p2-fsp1 pair 22: dE=-17882.3 m dN=-311.5 m (phasecorr@315m, support=None, peak=0.12721613845825194) 
imw-alike-nn-kt0p2-fsp1: Processing pair 22 from disk...
imw-alike-nn-kt0p2-fsp1: 5 match-sets in 0.23s
[Coarse] imw-alike-nn-kt0p2-fsp1 pair 23: dE=-17911.9 m dN=-326.6 m (phasecorr@315m, support=None, peak=0.12881409482955933) 
imw-alike-nn-kt0p2-fsp1: Processing pair 23 from disk...
imw-alike-nn-kt0p2-fsp1: 4 match-sets in 0.16s
[Coarse] imw-alike-nn-kt0p2-fsp1 pair 24: dE=-17928.8 m dN=-415.6 m (phasecorr@315m, support=None, peak=0.035175936365127565) 
imw-alike-nn-kt0p2-fsp1: Processing pair 24 from disk...
imw-alike-nn-kt0p2-fsp1: 5 match-sets in 0.20s
[Coarse] imw-alike-nn-kt0p2-fsp1 pair 25: dE=-17844.2 m dN=-348.0 m (phasecorr@315m, support=None, peak=0.15328786741892497) 
imw-alike-nn-kt0p2-fsp1: Processing pair 25 from disk...
imw-alike-nn-kt0p2-fsp1: 5 match-sets in 0.20s
[Coarse] imw-alike-nn-kt0p2-fsp1 pair 26: dE=-18037.2 m dN=-263.5 m (from-pair-27, support=None, peak=None) 
imw-alike-nn-kt0p2-fsp1: Processing pair 26 from disk...
imw-alike-nn-kt0p2-fsp1: 2 match-sets in 0.12s
[Coarse] imw-alike-nn-kt0p2-fsp1 pair 27: dE=-18037.2 m dN=-263.5 m (from-pair-17 (phasecorr disagreed), support=None, peak=0.05064041456057702) 
imw-alike-nn-kt0p2-fsp1: Processing pair 27 from disk...
imw-alike-nn-kt0p2-fsp1: 2 match-sets in 0.11s
Saved:
 CHIP_STATS_ALL.csv
 CHIP_STATS_SURVIVORS.csv
 CONSENSUS_SCORES.csv
 BEST_CHIP_SET.csv
 BEST_CHIP_MANIFEST.csv
 BEST_FINAL_SUMMARY.csv
[band1] imw-alike-nn-kt0p2-fsp1 ok in 0.2 min, peak GPU memory 0.4 of 39.4 GB
[imw-alike-nn] Model unloaded.
--------------------------------------------------------------------------------
[band1] Running imw-alike-nn-kt0p2
[imw-alike-nn] Loading model...
[Coarse] pair 3: no reliable coarse offset (matcher: {'dx': -20474.99939918518, 'dy': -4725.0, 'support': 1, 'n': 5, 'peak': None}; phasecorr: {'dx': -16147.443677524008, 'dy': -26751.975000537102, 'support': None, 'n': None, 'peak': 0.00032880983234923565}); windows compared in place
[Coarse] pair 4: no reliable coarse offset (matcher: no matches; phasecorr: {'dx': 12882.472481301173, 'dy': 92621.70938170607, 'support': None, 'n': None, 'peak': -0.00012715039429841217}); windows compared in place
[Coarse] pair 5: no reliable coarse offset (matcher: {'dx': -20159.99939918518, 'dy': 3150.0, 'support': 1, 'n': 4, 'peak': None}; phasecorr: {'dx': 3156.3479216096807, 'dy': 18300.67805989782, 'support': None, 'n': None, 'peak': 0.020832994549224774}); windows compared in place
[Coarse] pair 6: no reliable coarse offset (matcher: {'dx': -19530.0, 'dy': 7875.0, 'support': 1, 'n': 3, 'peak': None}; phasecorr: {'dx': -15852.800158210905, 'dy': 18737.59796077822, 'support': None, 'n': None, 'peak': -0.0027571213742097218}); windows compared in place
[Coarse] pair 7: no reliable coarse offset (matcher: no matches; phasecorr: {'dx': -17660.72648465004, 'dy': -478.5174601560547, 'support': None, 'n': None, 'peak': 0.0218074359204816}); windows compared in place
[Coarse] pair 8: no reliable coarse offset (matcher: no matches; phasecorr: {'dx': -18002.059573769864, 'dy': -489.60497923140906, 'support': None, 'n': None, 'peak': 0.011968647486368816}); windows compared in place
[Coarse] pair 11: no reliable coarse offset (matcher: no matches; phasecorr: {'dx': -18107.733154651494, 'dy': -332.5590928480355, 'support': None, 'n': None, 'peak': 0.020898853179031604}); windows compared in place
[Coarse] pair 20: no reliable coarse offset (matcher: no matches; phasecorr: {'dx': -28903.23193639674, 'dy': -12953.216285335406, 'support': None, 'n': None, 'peak': 0.008737401829825507}); windows compared in place
[Coarse] pair 26: no reliable coarse offset (matcher: no matches; phasecorr: {'dx': -96306.08142606622, 'dy': -17142.367293993742, 'support': None, 'n': None, 'peak': 0.02253384519977334}); windows compared in place
[Coarse] pair 2: phase correlation gave dE=-8934 m dN=5487 m, 10.6 km from every offset the matcher measured; using pair 14's (dE=-17955 m dN=-0 m)
[Coarse] pair 10: phase correlation gave dE=43169 m dN=-4147 m, 61.2 km from every offset the matcher measured; using pair 14's (dE=-17955 m dN=-0 m)
[Coarse] pair 12: phase correlation gave dE=-1877 m dN=10017 m, 18.9 km from every offset the matcher measured; using pair 14's (dE=-17955 m dN=-0 m)
[Coarse] pair 13: phase correlation gave dE=7584 m dN=8567 m, 26.9 km from every offset the matcher measured; using pair 14's (dE=-17955 m dN=-0 m)
[Coarse] pair 18: phase correlation gave dE=744 m dN=-16615 m, 24.8 km from every offset the matcher measured; using pair 15's (dE=-17955 m dN=-315 m)
[Coarse] pair 19: phase correlation gave dE=11920 m dN=-17918 m, 34.7 km from every offset the matcher measured; using pair 15's (dE=-17955 m dN=-315 m)
[Coarse] pair 21: phase correlation gave dE=-11414 m dN=-17047 m, 18.0 km from every offset the matcher measured; using pair 15's (dE=-17955 m dN=-315 m)
[Coarse] pair 27: phase correlation gave dE=-97898 m dN=-6012 m, 80.1 km from every offset the matcher measured; using pair 17's (dE=-17955 m dN=-315 m)
[Coarse] imw-alike-nn-kt0p2 pair 1: dE=-18062.2 m dN=-904.8 m (phasecorr@315m, support=None, peak=0.03257782713572184) 
imw-alike-nn-kt0p2: Processing pair 1 from disk...
imw-alike-nn-kt0p2: 2 match-sets in 0.09s
[Coarse] imw-alike-nn-kt0p2 pair 2: dE=-17955.0 m dN=-0.0 m (from-pair-14 (phasecorr disagreed), support=None, peak=0.03413578109976686) 
imw-alike-nn-kt0p2: Processing pair 2 from disk...
imw-alike-nn-kt0p2: 2 match-sets in 0.11s
[Coarse] imw-alike-nn-kt0p2 pair 3: dE=-18062.2 m dN=-904.8 m (from-pair-1, support=None, peak=None) 
imw-alike-nn-kt0p2: Processing pair 3 from disk...
imw-alike-nn-kt0p2: 2 match-sets in 0.10s
[Coarse] imw-alike-nn-kt0p2 pair 4: dE=-17955.0 m dN=-0.0 m (from-pair-2, support=None, peak=None) 
imw-alike-nn-kt0p2: Processing pair 4 from disk...
imw-alike-nn-kt0p2: 2 match-sets in 0.14s
[Coarse] imw-alike-nn-kt0p2 pair 5: dE=-17955.0 m dN=-0.0 m (from-pair-2, support=None, peak=None) 
imw-alike-nn-kt0p2: Processing pair 5 from disk...
imw-alike-nn-kt0p2: 2 match-sets in 0.12s
[Coarse] imw-alike-nn-kt0p2 pair 6: dE=-17955.0 m dN=-0.0 m (from-pair-2, support=None, peak=None) 
imw-alike-nn-kt0p2: Processing pair 6 from disk...
imw-alike-nn-kt0p2: 2 match-sets in 0.12s
[Coarse] imw-alike-nn-kt0p2 pair 7: dE=-17790.5 m dN=-428.0 m (from-pair-9, support=None, peak=None) 
imw-alike-nn-kt0p2: Processing pair 7 from disk...
imw-alike-nn-kt0p2: 6 match-sets in 0.45s
[Coarse] imw-alike-nn-kt0p2 pair 8: dE=-17790.5 m dN=-428.0 m (from-pair-9, support=None, peak=None) 
imw-alike-nn-kt0p2: Processing pair 8 from disk...
imw-alike-nn-kt0p2: 6 match-sets in 0.45s
[Coarse] imw-alike-nn-kt0p2 pair 9: dE=-17790.5 m dN=-428.0 m (phasecorr@315m, support=None, peak=0.031066529352914596) 
imw-alike-nn-kt0p2: Processing pair 9 from disk...
imw-alike-nn-kt0p2: 6 match-sets in 0.40s
[Coarse] imw-alike-nn-kt0p2 pair 10: dE=-17955.0 m dN=-0.0 m (from-pair-14 (phasecorr disagreed), support=None, peak=0.04791493653487985) 
imw-alike-nn-kt0p2: Processing pair 10 from disk...
imw-alike-nn-kt0p2: 6 match-sets in 0.35s
[Coarse] imw-alike-nn-kt0p2 pair 11: dE=-17955.0 m dN=-0.0 m (from-pair-10, support=None, peak=None) 
imw-alike-nn-kt0p2: Processing pair 11 from disk...
imw-alike-nn-kt0p2: 6 match-sets in 0.36s
[Coarse] imw-alike-nn-kt0p2 pair 12: dE=-17955.0 m dN=-0.0 m (from-pair-14 (phasecorr disagreed), support=None, peak=0.1047012765466431) 
imw-alike-nn-kt0p2: Processing pair 12 from disk...
imw-alike-nn-kt0p2: 0 match-sets in 0.00s
[Coarse] imw-alike-nn-kt0p2 pair 13: dE=-17955.0 m dN=-0.0 m (from-pair-14 (phasecorr disagreed), support=None, peak=0.09384612739086151) 
imw-alike-nn-kt0p2: Processing pair 13 from disk...
imw-alike-nn-kt0p2: 0 match-sets in 0.00s
[Coarse] imw-alike-nn-kt0p2 pair 14: dE=-17955.0 m dN=-0.0 m (matcher@315m, support=26, peak=None) 
imw-alike-nn-kt0p2: Processing pair 14 from disk...
imw-alike-nn-kt0p2: 6 match-sets in 0.39s
[Coarse] imw-alike-nn-kt0p2 pair 15: dE=-17955.0 m dN=-315.0 m (matcher@315m, support=59, peak=None) 
imw-alike-nn-kt0p2: Processing pair 15 from disk...
imw-alike-nn-kt0p2: 6 match-sets in 0.38s
[Coarse] imw-alike-nn-kt0p2 pair 16: dE=-17955.0 m dN=-315.0 m (matcher@315m, support=17, peak=None) 
imw-alike-nn-kt0p2: Processing pair 16 from disk...
imw-alike-nn-kt0p2: 6 match-sets in 0.28s
[Coarse] imw-alike-nn-kt0p2 pair 17: dE=-17955.0 m dN=-315.0 m (matcher@315m, support=31, peak=None) 
imw-alike-nn-kt0p2: Processing pair 17 from disk...
imw-alike-nn-kt0p2: 6 match-sets in 0.27s
[Coarse] imw-alike-nn-kt0p2 pair 18: dE=-17955.0 m dN=-315.0 m (from-pair-15 (phasecorr disagreed), support=None, peak=0.06863816733713503) 
imw-alike-nn-kt0p2: Processing pair 18 from disk...
imw-alike-nn-kt0p2: 0 match-sets in 0.00s
[Coarse] imw-alike-nn-kt0p2 pair 19: dE=-17955.0 m dN=-315.0 m (from-pair-15 (phasecorr disagreed), support=None, peak=0.15104582491848204) 
imw-alike-nn-kt0p2: Processing pair 19 from disk...
imw-alike-nn-kt0p2: 0 match-sets in 0.00s
[Coarse] imw-alike-nn-kt0p2 pair 20: dE=-17955.0 m dN=-315.0 m (from-pair-19, support=None, peak=None) 
imw-alike-nn-kt0p2: Processing pair 20 from disk...
imw-alike-nn-kt0p2: 0 match-sets in 0.00s
[Coarse] imw-alike-nn-kt0p2 pair 21: dE=-17955.0 m dN=-315.0 m (from-pair-15 (phasecorr disagreed), support=None, peak=0.036990950946454645) 
imw-alike-nn-kt0p2: Processing pair 21 from disk...
imw-alike-nn-kt0p2: 0 match-sets in 0.00s
[Coarse] imw-alike-nn-kt0p2 pair 22: dE=-17882.3 m dN=-311.5 m (phasecorr@315m, support=None, peak=0.12721613845825194) 
imw-alike-nn-kt0p2: Processing pair 22 from disk...
imw-alike-nn-kt0p2: 5 match-sets in 0.22s
[Coarse] imw-alike-nn-kt0p2 pair 23: dE=-17911.9 m dN=-326.6 m (phasecorr@315m, support=None, peak=0.12881409482955933) 
imw-alike-nn-kt0p2: Processing pair 23 from disk...
imw-alike-nn-kt0p2: 4 match-sets in 0.15s
[Coarse] imw-alike-nn-kt0p2 pair 24: dE=-17928.8 m dN=-415.6 m (phasecorr@315m, support=None, peak=0.035175936365127565) 
imw-alike-nn-kt0p2: Processing pair 24 from disk...
imw-alike-nn-kt0p2: 5 match-sets in 0.21s
[Coarse] imw-alike-nn-kt0p2 pair 25: dE=-17844.2 m dN=-348.0 m (phasecorr@315m, support=None, peak=0.15328786741892497) 
imw-alike-nn-kt0p2: Processing pair 25 from disk...
imw-alike-nn-kt0p2: 5 match-sets in 0.20s
[Coarse] imw-alike-nn-kt0p2 pair 26: dE=-17955.0 m dN=-315.0 m (from-pair-27, support=None, peak=None) 
imw-alike-nn-kt0p2: Processing pair 26 from disk...
imw-alike-nn-kt0p2: 2 match-sets in 0.11s
[Coarse] imw-alike-nn-kt0p2 pair 27: dE=-17955.0 m dN=-315.0 m (from-pair-17 (phasecorr disagreed), support=None, peak=0.05064041456057702) 
imw-alike-nn-kt0p2: Processing pair 27 from disk...
imw-alike-nn-kt0p2: 2 match-sets in 0.11s
Saved:
 CHIP_STATS_ALL.csv
 CHIP_STATS_SURVIVORS.csv
 CONSENSUS_SCORES.csv
 BEST_CHIP_SET.csv
 BEST_CHIP_MANIFEST.csv
 BEST_FINAL_SUMMARY.csv
[band1] imw-alike-nn-kt0p2 ok in 0.2 min, peak GPU memory 0.4 of 39.4 GB
[imw-alike-nn] Model unloaded.
--------------------------------------------------------------------------------
[band1] Running imw-sfd2-nn-kt0p2
[imw-sfd2-nn] Loading model...
[Coarse] pair 3: no reliable coarse offset (matcher: {'dx': -17955.0, 'dy': -630.0, 'support': 4, 'n': 6, 'peak': None}; phasecorr: {'dx': -16147.443677524008, 'dy': -26751.975000537102, 'support': None, 'n': None, 'peak': 0.00032880983234923565}); windows compared in place
[Coarse] pair 4: no reliable coarse offset (matcher: no matches; phasecorr: {'dx': 12882.472481301173, 'dy': 92621.70938170607, 'support': None, 'n': None, 'peak': -0.00012715039429841217}); windows compared in place
[Coarse] pair 5: no reliable coarse offset (matcher: {'dx': -18270.0, 'dy': -630.0, 'support': 4, 'n': 5, 'peak': None}; phasecorr: {'dx': 3156.3479216096807, 'dy': 18300.67805989782, 'support': None, 'n': None, 'peak': 0.020832994549224774}); windows compared in place
[Coarse] pair 6: no reliable coarse offset (matcher: {'dx': -16695.0, 'dy': -1102.5, 'support': 2, 'n': 4, 'peak': None}; phasecorr: {'dx': -15852.800158210905, 'dy': 18737.59796077822, 'support': None, 'n': None, 'peak': -0.0027571213742097218}); windows compared in place
[Coarse] pair 20: no reliable coarse offset (matcher: no matches; phasecorr: {'dx': -28903.23193639674, 'dy': -12953.216285335406, 'support': None, 'n': None, 'peak': 0.008737401829825507}); windows compared in place
[Coarse] pair 26: no reliable coarse offset (matcher: no matches; phasecorr: {'dx': -96306.08142606622, 'dy': -17142.367293993742, 'support': None, 'n': None, 'peak': 0.02253384519977334}); windows compared in place
[Coarse] pair 2: phase correlation gave dE=-8934 m dN=5487 m, 10.5 km from every offset the matcher measured; using pair 1's (dE=-19845 m dN=-630 m)
[Coarse] pair 10: phase correlation gave dE=43169 m dN=-4147 m, 60.9 km from every offset the matcher measured; using pair 11's (dE=-18428 m dN=-158 m)
[Coarse] pair 12: phase correlation gave dE=-1877 m dN=10017 m, 18.8 km from every offset the matcher measured; using pair 8's (dE=-17955 m dN=-472 m)
[Coarse] pair 13: phase correlation gave dE=7584 m dN=8567 m, 26.7 km from every offset the matcher measured; using pair 8's (dE=-17955 m dN=-472 m)
[Coarse] pair 18: phase correlation gave dE=744 m dN=-16615 m, 24.6 km from every offset the matcher measured; using pair 25's (dE=-17798 m dN=-315 m)
[Coarse] pair 19: phase correlation gave dE=11920 m dN=-17918 m, 34.4 km from every offset the matcher measured; using pair 25's (dE=-17798 m dN=-315 m)
[Coarse] pair 21: phase correlation gave dE=-11414 m dN=-17047 m, 17.7 km from every offset the matcher measured; using pair 25's (dE=-17798 m dN=-315 m)
[Coarse] pair 27: phase correlation gave dE=-97898 m dN=-6012 m, 78.2 km from every offset the matcher measured; using pair 23's (dE=-17955 m dN=-315 m)
[Coarse] imw-sfd2-nn-kt0p2 pair 1: dE=-19845.0 m dN=-630.0 m (matcher@315m, support=12, peak=None) 
imw-sfd2-nn-kt0p2: Processing pair 1 from disk...
imw-sfd2-nn-kt0p2: 2 match-sets in 0.64s
[Coarse] imw-sfd2-nn-kt0p2 pair 2: dE=-19845.0 m dN=-630.0 m (from-pair-1 (phasecorr disagreed), support=None, peak=0.03413578109976686) 
imw-sfd2-nn-kt0p2: Processing pair 2 from disk...
imw-sfd2-nn-kt0p2: 2 match-sets in 0.07s
[Coarse] imw-sfd2-nn-kt0p2 pair 3: dE=-19845.0 m dN=-630.0 m (from-pair-1, support=None, peak=None) 
imw-sfd2-nn-kt0p2: Processing pair 3 from disk...
imw-sfd2-nn-kt0p2: 2 match-sets in 0.07s
[Coarse] imw-sfd2-nn-kt0p2 pair 4: dE=-19845.0 m dN=-630.0 m (from-pair-2, support=None, peak=None) 
imw-sfd2-nn-kt0p2: Processing pair 4 from disk...
imw-sfd2-nn-kt0p2: 2 match-sets in 0.24s
[Coarse] imw-sfd2-nn-kt0p2 pair 5: dE=-19845.0 m dN=-630.0 m (from-pair-2, support=None, peak=None) 
imw-sfd2-nn-kt0p2: Processing pair 5 from disk...
imw-sfd2-nn-kt0p2: 2 match-sets in 0.17s
[Coarse] imw-sfd2-nn-kt0p2 pair 6: dE=-19845.0 m dN=-630.0 m (from-pair-2, support=None, peak=None) 
imw-sfd2-nn-kt0p2: Processing pair 6 from disk...
imw-sfd2-nn-kt0p2: 2 match-sets in 0.10s
[Coarse] imw-sfd2-nn-kt0p2 pair 7: dE=-17955.0 m dN=-630.0 m (matcher@315m, support=35, peak=None) 
imw-sfd2-nn-kt0p2: Processing pair 7 from disk...
imw-sfd2-nn-kt0p2: 6 match-sets in 1.25s
[Coarse] imw-sfd2-nn-kt0p2 pair 8: dE=-17955.0 m dN=-472.5 m (matcher@315m, support=24, peak=None) 
imw-sfd2-nn-kt0p2: Processing pair 8 from disk...
imw-sfd2-nn-kt0p2: 6 match-sets in 0.34s
[Coarse] imw-sfd2-nn-kt0p2 pair 9: dE=-17955.0 m dN=-630.0 m (matcher@315m, support=32, peak=None) 
imw-sfd2-nn-kt0p2: Processing pair 9 from disk...
imw-sfd2-nn-kt0p2: 6 match-sets in 0.28s
[Coarse] imw-sfd2-nn-kt0p2 pair 10: dE=-18427.5 m dN=-157.5 m (from-pair-11 (phasecorr disagreed), support=None, peak=0.04791493653487985) 
imw-sfd2-nn-kt0p2: Processing pair 10 from disk...
imw-sfd2-nn-kt0p2: 5 match-sets in 0.41s
[Coarse] imw-sfd2-nn-kt0p2 pair 11: dE=-18427.5 m dN=-157.5 m (matcher@315m, support=10, peak=None) 
imw-sfd2-nn-kt0p2: Processing pair 11 from disk...
imw-sfd2-nn-kt0p2: 6 match-sets in 0.34s
[Coarse] imw-sfd2-nn-kt0p2 pair 12: dE=-17955.0 m dN=-472.5 m (from-pair-8 (phasecorr disagreed), support=None, peak=0.1047012765466431) 
imw-sfd2-nn-kt0p2: Processing pair 12 from disk...
imw-sfd2-nn-kt0p2: 0 match-sets in 0.00s
[Coarse] imw-sfd2-nn-kt0p2 pair 13: dE=-17955.0 m dN=-472.5 m (from-pair-8 (phasecorr disagreed), support=None, peak=0.09384612739086151) 
imw-sfd2-nn-kt0p2: Processing pair 13 from disk...
imw-sfd2-nn-kt0p2: 0 match-sets in 0.00s
[Coarse] imw-sfd2-nn-kt0p2 pair 14: dE=-17955.0 m dN=-315.0 m (matcher@315m, support=115, peak=None) 
imw-sfd2-nn-kt0p2: Processing pair 14 from disk...
imw-sfd2-nn-kt0p2: 5 match-sets in 0.43s
[Coarse] imw-sfd2-nn-kt0p2 pair 15: dE=-17955.0 m dN=-315.0 m (matcher@315m, support=116, peak=None) 
imw-sfd2-nn-kt0p2: Processing pair 15 from disk...
imw-sfd2-nn-kt0p2: 6 match-sets in 0.28s
[Coarse] imw-sfd2-nn-kt0p2 pair 16: dE=-17955.0 m dN=-315.0 m (matcher@315m, support=152, peak=None) 
imw-sfd2-nn-kt0p2: Processing pair 16 from disk...
imw-sfd2-nn-kt0p2: 6 match-sets in 0.23s
[Coarse] imw-sfd2-nn-kt0p2 pair 17: dE=-17955.0 m dN=-315.0 m (matcher@315m, support=161, peak=None) 
imw-sfd2-nn-kt0p2: Processing pair 17 from disk...
imw-sfd2-nn-kt0p2: 6 match-sets in 0.23s
[Coarse] imw-sfd2-nn-kt0p2 pair 18: dE=-17797.5 m dN=-315.0 m (from-pair-25 (phasecorr disagreed), support=None, peak=0.06863816733713503) 
imw-sfd2-nn-kt0p2: Processing pair 18 from disk...
imw-sfd2-nn-kt0p2: 0 match-sets in 0.00s
[Coarse] imw-sfd2-nn-kt0p2 pair 19: dE=-17797.5 m dN=-315.0 m (from-pair-25 (phasecorr disagreed), support=None, peak=0.15104582491848204) 
imw-sfd2-nn-kt0p2: Processing pair 19 from disk...
imw-sfd2-nn-kt0p2: 0 match-sets in 0.00s
[Coarse] imw-sfd2-nn-kt0p2 pair 20: dE=-17797.5 m dN=-315.0 m (from-pair-19, support=None, peak=None) 
imw-sfd2-nn-kt0p2: Processing pair 20 from disk...
imw-sfd2-nn-kt0p2: 0 match-sets in 0.00s
[Coarse] imw-sfd2-nn-kt0p2 pair 21: dE=-17797.5 m dN=-315.0 m (from-pair-25 (phasecorr disagreed), support=None, peak=0.036990950946454645) 
imw-sfd2-nn-kt0p2: Processing pair 21 from disk...
imw-sfd2-nn-kt0p2: 0 match-sets in 0.00s
[Coarse] imw-sfd2-nn-kt0p2 pair 22: dE=-17640.0 m dN=-315.0 m (matcher@315m, support=56, peak=None) 
imw-sfd2-nn-kt0p2: Processing pair 22 from disk...
imw-sfd2-nn-kt0p2: 5 match-sets in 0.24s
[Coarse] imw-sfd2-nn-kt0p2 pair 23: dE=-17955.0 m dN=-315.0 m (matcher@315m, support=55, peak=None) 
imw-sfd2-nn-kt0p2: Processing pair 23 from disk...
imw-sfd2-nn-kt0p2: 4 match-sets in 0.16s
[Coarse] imw-sfd2-nn-kt0p2 pair 24: dE=-17955.0 m dN=0.0 m (matcher@315m, support=34, peak=None) 
imw-sfd2-nn-kt0p2: Processing pair 24 from disk...
imw-sfd2-nn-kt0p2: 5 match-sets in 0.19s
[Coarse] imw-sfd2-nn-kt0p2 pair 25: dE=-17797.5 m dN=-315.0 m (matcher@315m, support=70, peak=None) 
imw-sfd2-nn-kt0p2: Processing pair 25 from disk...
imw-sfd2-nn-kt0p2: 4 match-sets in 0.17s
[Coarse] imw-sfd2-nn-kt0p2 pair 26: dE=-17955.0 m dN=-315.0 m (from-pair-27, support=None, peak=None) 
imw-sfd2-nn-kt0p2: Processing pair 26 from disk...
imw-sfd2-nn-kt0p2: 2 match-sets in 0.11s
[Coarse] imw-sfd2-nn-kt0p2 pair 27: dE=-17955.0 m dN=-315.0 m (from-pair-23 (phasecorr disagreed), support=None, peak=0.05064041456057702) 
imw-sfd2-nn-kt0p2: Processing pair 27 from disk...
imw-sfd2-nn-kt0p2: 2 match-sets in 0.11s
Saved:
 CHIP_STATS_ALL.csv
 CHIP_STATS_SURVIVORS.csv
 CONSENSUS_SCORES.csv
 BEST_CHIP_SET.csv
 BEST_CHIP_MANIFEST.csv
 BEST_FINAL_SUMMARY.csv
[band1] imw-sfd2-nn-kt0p2 ok in 0.4 min, peak GPU memory 32.7 of 39.4 GB
[imw-sfd2-nn] Model unloaded.
--------------------------------------------------------------------------------
[band1] Running imw-rdd-nn-kt0p2
[imw-rdd-nn] Loading model...


Please compile MultiScaleDeformableAttention CUDA op with the following commands:
	`cd mask2former/modeling/pixel_decoder/ops`
	`sh make.sh`

config {'activation': 'relu', 'block_dims': [8, 16, 32, 64], 'd_model': 256, 'detection_threshold': 0.2, 'device': device(type='cuda'), 'dim_feedforward': 1024, 'dropout': 0.1, 'enc_n_points': 8, 'hidden_dim': 256, 'lr_backbone': 2e-05, 'nhead': 8, 'num_encoder_layers': 4, 'num_feature_levels': 5, 'top_k': 1000, 'train_detector': False, 'weights': '/maintenance/ICIGDev/GPUPOC/input/dqe/imw_runtime/imw_cache/huggingface/hub/models--Realcat--imcui_checkpoints/snapshots/e72b489e927e7a8202f505c1b4db1474fd22b8b7/rdd/RDD-v2.pth'}
[Coarse] pair 20: no reliable coarse offset (matcher: no matches; phasecorr: {'dx': -28903.23193639674, 'dy': -12953.216285335406, 'support': None, 'n': None, 'peak': 0.008737401829825507}); windows compared in place
[Coarse] pair 26: no reliable coarse offset (matcher: no matches; phasecorr: {'dx': -96306.08142606622, 'dy': -17142.367293993742, 'support': None, 'n': None, 'peak': 0.02253384519977334}); windows compared in place
[Coarse] pair 10: phase correlation gave dE=43169 m dN=-4147 m, 61.0 km from every offset the matcher measured; using pair 11's (dE=-17855 m dN=-364 m)
[Coarse] pair 12: phase correlation gave dE=-1877 m dN=10017 m, 18.9 km from every offset the matcher measured; using pair 8's (dE=-17920 m dN=-336 m)
[Coarse] pair 13: phase correlation gave dE=7584 m dN=8567 m, 26.8 km from every offset the matcher measured; using pair 8's (dE=-17920 m dN=-336 m)
[Coarse] pair 18: phase correlation gave dE=744 m dN=-16615 m, 24.4 km from every offset the matcher measured; using pair 25's (dE=-17845 m dN=-260 m)
[Coarse] pair 19: phase correlation gave dE=11920 m dN=-17918 m, 34.3 km from every offset the matcher measured; using pair 25's (dE=-17845 m dN=-260 m)
[Coarse] pair 21: phase correlation gave dE=-11414 m dN=-17047 m, 17.5 km from every offset the matcher measured; using pair 25's (dE=-17845 m dN=-260 m)
[Coarse] pair 27: phase correlation gave dE=-97898 m dN=-6012 m, 79.9 km from every offset the matcher measured; using pair 23's (dE=-17855 m dN=-181 m)
[Coarse] imw-rdd-nn-kt0p2 pair 1: dE=-17930.1 m dN=-363.6 m (matcher@315m, support=141, peak=None) 
imw-rdd-nn-kt0p2: Processing pair 1 from disk...
imw-rdd-nn-kt0p2: 2 match-sets in 1.90s
[Coarse] imw-rdd-nn-kt0p2 pair 2: dE=-17904.3 m dN=-593.5 m (matcher@315m, support=125, peak=None) 
imw-rdd-nn-kt0p2: Processing pair 2 from disk...
imw-rdd-nn-kt0p2: 2 match-sets in 0.18s
[Coarse] imw-rdd-nn-kt0p2 pair 3: dE=-17935.4 m dN=-587.0 m (matcher@315m, support=68, peak=None) 
imw-rdd-nn-kt0p2: Processing pair 3 from disk...
imw-rdd-nn-kt0p2: 2 match-sets in 0.19s
[Coarse] imw-rdd-nn-kt0p2 pair 4: dE=-18128.0 m dN=-707.9 m (matcher@315m, support=60, peak=None) 
imw-rdd-nn-kt0p2: Processing pair 4 from disk...
imw-rdd-nn-kt0p2: 2 match-sets in 1.10s
[Coarse] imw-rdd-nn-kt0p2 pair 5: dE=-18200.5 m dN=-547.6 m (matcher@315m, support=81, peak=None) 
imw-rdd-nn-kt0p2: Processing pair 5 from disk...
imw-rdd-nn-kt0p2: 2 match-sets in 1.01s
[Coarse] imw-rdd-nn-kt0p2 pair 6: dE=-17695.0 m dN=-697.1 m (matcher@315m, support=23, peak=None) 
imw-rdd-nn-kt0p2: Processing pair 6 from disk...
imw-rdd-nn-kt0p2: 2 match-sets in 0.21s
[Coarse] imw-rdd-nn-kt0p2 pair 7: dE=-17813.3 m dN=-443.0 m (matcher@315m, support=21, peak=None) 
imw-rdd-nn-kt0p2: Processing pair 7 from disk...
imw-rdd-nn-kt0p2: 6 match-sets in 4.84s
[Coarse] imw-rdd-nn-kt0p2 pair 8: dE=-17920.0 m dN=-336.0 m (matcher@315m, support=31, peak=None) 
imw-rdd-nn-kt0p2: Processing pair 8 from disk...
imw-rdd-nn-kt0p2: 6 match-sets in 0.71s
[Coarse] imw-rdd-nn-kt0p2 pair 9: dE=-17713.0 m dN=-373.5 m (matcher@315m, support=31, peak=None) 
imw-rdd-nn-kt0p2: Processing pair 9 from disk...
imw-rdd-nn-kt0p2: 6 match-sets in 0.62s
[Coarse] imw-rdd-nn-kt0p2 pair 10: dE=-17855.2 m dN=-363.7 m (from-pair-11 (phasecorr disagreed), support=None, peak=0.04791493653487985) 
imw-rdd-nn-kt0p2: Processing pair 10 from disk...
imw-rdd-nn-kt0p2: 6 match-sets in 1.35s
[Coarse] imw-rdd-nn-kt0p2 pair 11: dE=-17855.2 m dN=-363.7 m (matcher@315m, support=23, peak=None) 
imw-rdd-nn-kt0p2: Processing pair 11 from disk...
imw-rdd-nn-kt0p2: 6 match-sets in 1.22s
[Coarse] imw-rdd-nn-kt0p2 pair 12: dE=-17920.0 m dN=-336.0 m (from-pair-8 (phasecorr disagreed), support=None, peak=0.1047012765466431) 
imw-rdd-nn-kt0p2: Processing pair 12 from disk...
imw-rdd-nn-kt0p2: 0 match-sets in 0.00s
[Coarse] imw-rdd-nn-kt0p2 pair 13: dE=-17920.0 m dN=-336.0 m (from-pair-8 (phasecorr disagreed), support=None, peak=0.09384612739086151) 
imw-rdd-nn-kt0p2: Processing pair 13 from disk...
imw-rdd-nn-kt0p2: 0 match-sets in 0.00s
[Coarse] imw-rdd-nn-kt0p2 pair 14: dE=-17885.6 m dN=-165.6 m (matcher@315m, support=105, peak=None) 
imw-rdd-nn-kt0p2: Processing pair 14 from disk...
imw-rdd-nn-kt0p2: 6 match-sets in 2.09s
[Coarse] imw-rdd-nn-kt0p2 pair 15: dE=-17927.0 m dN=-171.9 m (matcher@315m, support=139, peak=None) 
imw-rdd-nn-kt0p2: Processing pair 15 from disk...
imw-rdd-nn-kt0p2: 6 match-sets in 0.67s
[Coarse] imw-rdd-nn-kt0p2 pair 16: dE=-18050.6 m dN=-249.6 m (matcher@315m, support=138, peak=None) 
imw-rdd-nn-kt0p2: Processing pair 16 from disk...
imw-rdd-nn-kt0p2: 6 match-sets in 0.60s
[Coarse] imw-rdd-nn-kt0p2 pair 17: dE=-18046.9 m dN=-247.5 m (matcher@315m, support=165, peak=None) 
imw-rdd-nn-kt0p2: Processing pair 17 from disk...
imw-rdd-nn-kt0p2: 6 match-sets in 0.54s
[Coarse] imw-rdd-nn-kt0p2 pair 18: dE=-17844.6 m dN=-260.0 m (from-pair-25 (phasecorr disagreed), support=None, peak=0.06863816733713503) 
imw-rdd-nn-kt0p2: Processing pair 18 from disk...
imw-rdd-nn-kt0p2: 0 match-sets in 0.00s
[Coarse] imw-rdd-nn-kt0p2 pair 19: dE=-17844.6 m dN=-260.0 m (from-pair-25 (phasecorr disagreed), support=None, peak=0.15104582491848204) 
imw-rdd-nn-kt0p2: Processing pair 19 from disk...
imw-rdd-nn-kt0p2: 0 match-sets in 0.00s
[Coarse] imw-rdd-nn-kt0p2 pair 20: dE=-17844.6 m dN=-260.0 m (from-pair-19, support=None, peak=None) 
imw-rdd-nn-kt0p2: Processing pair 20 from disk...
imw-rdd-nn-kt0p2: 0 match-sets in 0.00s
[Coarse] imw-rdd-nn-kt0p2 pair 21: dE=-17844.6 m dN=-260.0 m (from-pair-25 (phasecorr disagreed), support=None, peak=0.036990950946454645) 
imw-rdd-nn-kt0p2: Processing pair 21 from disk...
imw-rdd-nn-kt0p2: 0 match-sets in 0.00s
[Coarse] imw-rdd-nn-kt0p2 pair 22: dE=-17851.2 m dN=-188.2 m (matcher@315m, support=105, peak=None) 
imw-rdd-nn-kt0p2: Processing pair 22 from disk...
imw-rdd-nn-kt0p2: 5 match-sets in 0.69s
[Coarse] imw-rdd-nn-kt0p2 pair 23: dE=-17855.4 m dN=-181.1 m (matcher@315m, support=115, peak=None) 
imw-rdd-nn-kt0p2: Processing pair 23 from disk...
imw-rdd-nn-kt0p2: 4 match-sets in 0.46s
[Coarse] imw-rdd-nn-kt0p2 pair 24: dE=-17886.7 m dN=-131.2 m (matcher@315m, support=73, peak=None) 
imw-rdd-nn-kt0p2: Processing pair 24 from disk...
imw-rdd-nn-kt0p2: 5 match-sets in 0.52s
[Coarse] imw-rdd-nn-kt0p2 pair 25: dE=-17844.6 m dN=-260.0 m (matcher@315m, support=115, peak=None) 
imw-rdd-nn-kt0p2: Processing pair 25 from disk...
imw-rdd-nn-kt0p2: 5 match-sets in 0.48s
[Coarse] imw-rdd-nn-kt0p2 pair 26: dE=-17855.4 m dN=-181.1 m (from-pair-27, support=None, peak=None) 
imw-rdd-nn-kt0p2: Processing pair 26 from disk...
imw-rdd-nn-kt0p2: 2 match-sets in 0.23s
[Coarse] imw-rdd-nn-kt0p2 pair 27: dE=-17855.4 m dN=-181.1 m (from-pair-23 (phasecorr disagreed), support=None, peak=0.05064041456057702) 
imw-rdd-nn-kt0p2: Processing pair 27 from disk...
imw-rdd-nn-kt0p2: 2 match-sets in 0.22s
Saved:
 CHIP_STATS_ALL.csv
 CHIP_STATS_SURVIVORS.csv
 CONSENSUS_SCORES.csv
 BEST_CHIP_SET.csv
 BEST_CHIP_MANIFEST.csv
 BEST_FINAL_SUMMARY.csv
[band1] imw-rdd-nn-kt0p2 ok in 1.1 min, peak GPU memory 16.7 of 39.4 GB
[imw-rdd-nn] Model unloaded.
--------------------------------------------------------------------------------
[band1] Running imw-liftfeat-nn-kt0p2
[imw-liftfeat-nn] Loading model...
load weight successfully.
[Coarse] pair 3: no reliable coarse offset (matcher: {'dx': -19530.0, 'dy': 3780.0, 'support': 3, 'n': 8, 'peak': None}; phasecorr: {'dx': -16147.443677524008, 'dy': -26751.975000537102, 'support': None, 'n': None, 'peak': 0.00032880983234923565}); windows compared in place
[Coarse] pair 6: no reliable coarse offset (matcher: {'dx': -17640.0, 'dy': 12915.0, 'support': 1, 'n': 6, 'peak': None}; phasecorr: {'dx': -15852.800158210905, 'dy': 18737.59796077822, 'support': None, 'n': None, 'peak': -0.0027571213742097218}); windows compared in place
[Coarse] pair 8: no reliable coarse offset (matcher: {'dx': -18742.5, 'dy': -1575.0, 'support': 2, 'n': 6, 'peak': None}; phasecorr: {'dx': -18002.059573769864, 'dy': -489.60497923140906, 'support': None, 'n': None, 'peak': 0.011968647486368816}); windows compared in place
[Coarse] pair 20: no reliable coarse offset (matcher: no matches; phasecorr: {'dx': -28903.23193639674, 'dy': -12953.216285335406, 'support': None, 'n': None, 'peak': 0.008737401829825507}); windows compared in place
[Coarse] pair 26: no reliable coarse offset (matcher: no matches; phasecorr: {'dx': -96306.08142606622, 'dy': -17142.367293993742, 'support': None, 'n': None, 'peak': 0.02253384519977334}); windows compared in place
[Coarse] pair 2: phase correlation gave dE=-8934 m dN=5487 m, 10.5 km from every offset the matcher measured; using pair 1's (dE=-17955 m dN=-630 m)
[Coarse] pair 10: phase correlation gave dE=43169 m dN=-4147 m, 60.9 km from every offset the matcher measured; using pair 11's (dE=-17640 m dN=-630 m)
[Coarse] pair 12: phase correlation gave dE=-1877 m dN=10017 m, 18.8 km from every offset the matcher measured; using pair 7's (dE=-17955 m dN=-630 m)
[Coarse] pair 13: phase correlation gave dE=7584 m dN=8567 m, 26.7 km from every offset the matcher measured; using pair 7's (dE=-17955 m dN=-630 m)
[Coarse] pair 18: phase correlation gave dE=744 m dN=-16615 m, 24.4 km from every offset the matcher measured; using pair 25's (dE=-17955 m dN=-315 m)
[Coarse] pair 19: phase correlation gave dE=11920 m dN=-17918 m, 34.2 km from every offset the matcher measured; using pair 25's (dE=-17955 m dN=-315 m)
[Coarse] pair 21: phase correlation gave dE=-11414 m dN=-17047 m, 17.6 km from every offset the matcher measured; using pair 25's (dE=-17955 m dN=-315 m)
[Coarse] pair 27: phase correlation gave dE=-97898 m dN=-6012 m, 79.8 km from every offset the matcher measured; using pair 23's (dE=-17955 m dN=-315 m)
[Coarse] imw-liftfeat-nn-kt0p2 pair 1: dE=-17955.0 m dN=-630.0 m (matcher@315m, support=21, peak=None) 
imw-liftfeat-nn-kt0p2: Processing pair 1 from disk...
imw-liftfeat-nn-kt0p2: 2 match-sets in 0.50s
[Coarse] imw-liftfeat-nn-kt0p2 pair 2: dE=-17955.0 m dN=-630.0 m (from-pair-1 (phasecorr disagreed), support=None, peak=0.03413578109976686) 
imw-liftfeat-nn-kt0p2: Processing pair 2 from disk...
imw-liftfeat-nn-kt0p2: 2 match-sets in 0.11s
[Coarse] imw-liftfeat-nn-kt0p2 pair 3: dE=-17955.0 m dN=-630.0 m (from-pair-1, support=None, peak=None) 
imw-liftfeat-nn-kt0p2: Processing pair 3 from disk...
imw-liftfeat-nn-kt0p2: 2 match-sets in 0.10s
[Coarse] imw-liftfeat-nn-kt0p2 pair 4: dE=-17955.0 m dN=-630.0 m (matcher@315m, support=25, peak=None) 
imw-liftfeat-nn-kt0p2: Processing pair 4 from disk...
imw-liftfeat-nn-kt0p2: 2 match-sets in 0.41s
[Coarse] imw-liftfeat-nn-kt0p2 pair 5: dE=-18270.0 m dN=-315.0 m (matcher@315m, support=24, peak=None) 
imw-liftfeat-nn-kt0p2: Processing pair 5 from disk...
imw-liftfeat-nn-kt0p2: 2 match-sets in 0.32s
[Coarse] imw-liftfeat-nn-kt0p2 pair 6: dE=-18270.0 m dN=-315.0 m (from-pair-5, support=None, peak=None) 
imw-liftfeat-nn-kt0p2: Processing pair 6 from disk...
imw-liftfeat-nn-kt0p2: 2 match-sets in 0.24s
[Coarse] imw-liftfeat-nn-kt0p2 pair 7: dE=-17955.0 m dN=-630.0 m (matcher@315m, support=11, peak=None) 
imw-liftfeat-nn-kt0p2: Processing pair 7 from disk...
imw-liftfeat-nn-kt0p2: 6 match-sets in 1.07s
[Coarse] imw-liftfeat-nn-kt0p2 pair 8: dE=-17955.0 m dN=-630.0 m (from-pair-7, support=None, peak=None) 
imw-liftfeat-nn-kt0p2: Processing pair 8 from disk...
imw-liftfeat-nn-kt0p2: 6 match-sets in 0.58s
[Coarse] imw-liftfeat-nn-kt0p2 pair 9: dE=-17955.0 m dN=-630.0 m (matcher@315m, support=13, peak=None) 
imw-liftfeat-nn-kt0p2: Processing pair 9 from disk...
imw-liftfeat-nn-kt0p2: 6 match-sets in 0.42s
[Coarse] imw-liftfeat-nn-kt0p2 pair 10: dE=-17640.0 m dN=-630.0 m (from-pair-11 (phasecorr disagreed), support=None, peak=0.04791493653487985) 
imw-liftfeat-nn-kt0p2: Processing pair 10 from disk...
imw-liftfeat-nn-kt0p2: 6 match-sets in 0.69s
[Coarse] imw-liftfeat-nn-kt0p2 pair 11: dE=-17640.0 m dN=-630.0 m (matcher@315m, support=11, peak=None) 
imw-liftfeat-nn-kt0p2: Processing pair 11 from disk...
imw-liftfeat-nn-kt0p2: 6 match-sets in 0.48s
[Coarse] imw-liftfeat-nn-kt0p2 pair 12: dE=-17955.0 m dN=-630.0 m (from-pair-7 (phasecorr disagreed), support=None, peak=0.1047012765466431) 
imw-liftfeat-nn-kt0p2: Processing pair 12 from disk...
imw-liftfeat-nn-kt0p2: 0 match-sets in 0.00s
[Coarse] imw-liftfeat-nn-kt0p2 pair 13: dE=-17955.0 m dN=-630.0 m (from-pair-7 (phasecorr disagreed), support=None, peak=0.09384612739086151) 
imw-liftfeat-nn-kt0p2: Processing pair 13 from disk...
imw-liftfeat-nn-kt0p2: 0 match-sets in 0.00s
[Coarse] imw-liftfeat-nn-kt0p2 pair 14: dE=-17955.0 m dN=-315.0 m (matcher@315m, support=37, peak=None) 
imw-liftfeat-nn-kt0p2: Processing pair 14 from disk...
imw-liftfeat-nn-kt0p2: 6 match-sets in 0.53s
[Coarse] imw-liftfeat-nn-kt0p2 pair 15: dE=-17955.0 m dN=-315.0 m (matcher@315m, support=57, peak=None) 
imw-liftfeat-nn-kt0p2: Processing pair 15 from disk...
imw-liftfeat-nn-kt0p2: 6 match-sets in 0.42s
[Coarse] imw-liftfeat-nn-kt0p2 pair 16: dE=-17955.0 m dN=-315.0 m (matcher@315m, support=79, peak=None) 
imw-liftfeat-nn-kt0p2: Processing pair 16 from disk...
imw-liftfeat-nn-kt0p2: 6 match-sets in 0.34s
[Coarse] imw-liftfeat-nn-kt0p2 pair 17: dE=-17955.0 m dN=-315.0 m (matcher@315m, support=106, peak=None) 
imw-liftfeat-nn-kt0p2: Processing pair 17 from disk...
imw-liftfeat-nn-kt0p2: 6 match-sets in 0.33s
[Coarse] imw-liftfeat-nn-kt0p2 pair 18: dE=-17955.0 m dN=-315.0 m (from-pair-25 (phasecorr disagreed), support=None, peak=0.06863816733713503) 
imw-liftfeat-nn-kt0p2: Processing pair 18 from disk...
imw-liftfeat-nn-kt0p2: 0 match-sets in 0.00s
[Coarse] imw-liftfeat-nn-kt0p2 pair 19: dE=-17955.0 m dN=-315.0 m (from-pair-25 (phasecorr disagreed), support=None, peak=0.15104582491848204) 
imw-liftfeat-nn-kt0p2: Processing pair 19 from disk...
imw-liftfeat-nn-kt0p2: 0 match-sets in 0.00s
[Coarse] imw-liftfeat-nn-kt0p2 pair 20: dE=-17955.0 m dN=-315.0 m (from-pair-19, support=None, peak=None) 
imw-liftfeat-nn-kt0p2: Processing pair 20 from disk...
imw-liftfeat-nn-kt0p2: 0 match-sets in 0.00s
[Coarse] imw-liftfeat-nn-kt0p2 pair 21: dE=-17955.0 m dN=-315.0 m (from-pair-25 (phasecorr disagreed), support=None, peak=0.036990950946454645) 
imw-liftfeat-nn-kt0p2: Processing pair 21 from disk...
imw-liftfeat-nn-kt0p2: 0 match-sets in 0.00s
[Coarse] imw-liftfeat-nn-kt0p2 pair 22: dE=-17955.0 m dN=-315.0 m (matcher@315m, support=25, peak=None) 
imw-liftfeat-nn-kt0p2: Processing pair 22 from disk...
imw-liftfeat-nn-kt0p2: 5 match-sets in 0.40s
[Coarse] imw-liftfeat-nn-kt0p2 pair 23: dE=-17955.0 m dN=-315.0 m (matcher@315m, support=12, peak=None) 
imw-liftfeat-nn-kt0p2: Processing pair 23 from disk...
imw-liftfeat-nn-kt0p2: 4 match-sets in 0.26s
[Coarse] imw-liftfeat-nn-kt0p2 pair 24: dE=-17640.0 m dN=-315.0 m (matcher@315m, support=15, peak=None) 
imw-liftfeat-nn-kt0p2: Processing pair 24 from disk...
imw-liftfeat-nn-kt0p2: 4 match-sets in 0.29s
[Coarse] imw-liftfeat-nn-kt0p2 pair 25: dE=-17955.0 m dN=-315.0 m (matcher@315m, support=31, peak=None) 
imw-liftfeat-nn-kt0p2: Processing pair 25 from disk...
imw-liftfeat-nn-kt0p2: 5 match-sets in 0.29s
[Coarse] imw-liftfeat-nn-kt0p2 pair 26: dE=-17955.0 m dN=-315.0 m (from-pair-27, support=None, peak=None) 
imw-liftfeat-nn-kt0p2: Processing pair 26 from disk...
imw-liftfeat-nn-kt0p2: 2 match-sets in 0.17s
[Coarse] imw-liftfeat-nn-kt0p2 pair 27: dE=-17955.0 m dN=-315.0 m (from-pair-23 (phasecorr disagreed), support=None, peak=0.05064041456057702) 
imw-liftfeat-nn-kt0p2: Processing pair 27 from disk...
imw-liftfeat-nn-kt0p2: 2 match-sets in 0.16s
Saved:
 CHIP_STATS_ALL.csv
 CHIP_STATS_SURVIVORS.csv
 CONSENSUS_SCORES.csv
 BEST_CHIP_SET.csv
 BEST_CHIP_MANIFEST.csv
 BEST_FINAL_SUMMARY.csv
[band1] imw-liftfeat-nn-kt0p2 ok in 0.3 min, peak GPU memory 3.2 of 39.4 GB
[imw-liftfeat-nn] Model unloaded.
--------------------------------------------------------------------------------
[band1] Running imw-ripe-nn-kt0p2
[imw-ripe-nn] Loading model...
INFO:ripe.models.ripe:Training with window size 8.
INFO:ripe.models.ripe:Use None as final non-linearity before the detection heatmap.
INFO:ripe.models.ripe:Training dim reduction descriptor with 960 -> 256 1x1 conv
[Coarse] pair 20: no reliable coarse offset (matcher: no matches; phasecorr: {'dx': -28903.23193639674, 'dy': -12953.216285335406, 'support': None, 'n': None, 'peak': 0.008737401829825507}); windows compared in place
[Coarse] pair 26: no reliable coarse offset (matcher: no matches; phasecorr: {'dx': -96306.08142606622, 'dy': -17142.367293993742, 'support': None, 'n': None, 'peak': 0.02253384519977334}); windows compared in place
[Coarse] pair 10: phase correlation gave dE=43169 m dN=-4147 m, 61.2 km from every offset the matcher measured; using pair 11's (dE=-17955 m dN=-315 m)
[Coarse] pair 12: phase correlation gave dE=-1877 m dN=10017 m, 19.1 km from every offset the matcher measured; using pair 8's (dE=-17955 m dN=-315 m)
[Coarse] pair 13: phase correlation gave dE=7584 m dN=8567 m, 27.0 km from every offset the matcher measured; using pair 8's (dE=-17955 m dN=-315 m)
[Coarse] pair 18: phase correlation gave dE=744 m dN=-16615 m, 24.6 km from every offset the matcher measured; using pair 25's (dE=-17955 m dN=-315 m)
[Coarse] pair 19: phase correlation gave dE=11920 m dN=-17918 m, 34.5 km from every offset the matcher measured; using pair 25's (dE=-17955 m dN=-315 m)
[Coarse] pair 21: phase correlation gave dE=-11414 m dN=-17047 m, 17.6 km from every offset the matcher measured; using pair 25's (dE=-17955 m dN=-315 m)
[Coarse] pair 27: phase correlation gave dE=-97898 m dN=-6012 m, 79.8 km from every offset the matcher measured; using pair 23's (dE=-17955 m dN=-315 m)
[Coarse] imw-ripe-nn-kt0p2 pair 1: dE=-17955.0 m dN=-630.0 m (matcher@315m, support=110, peak=None) 
imw-ripe-nn-kt0p2: Processing pair 1 from disk...
imw-ripe-nn-kt0p2: 2 match-sets in 3.89s
[Coarse] imw-ripe-nn-kt0p2 pair 2: dE=-17955.0 m dN=-472.5 m (matcher@315m, support=52, peak=None) 
imw-ripe-nn-kt0p2: Processing pair 2 from disk...
imw-ripe-nn-kt0p2: 2 match-sets in 0.14s
[Coarse] imw-ripe-nn-kt0p2 pair 3: dE=-17955.0 m dN=-630.0 m (matcher@315m, support=28, peak=None) 
imw-ripe-nn-kt0p2: Processing pair 3 from disk...
imw-ripe-nn-kt0p2: 2 match-sets in 0.15s
[Coarse] imw-ripe-nn-kt0p2 pair 4: dE=-17955.0 m dN=-630.0 m (matcher@315m, support=38, peak=None) 
imw-ripe-nn-kt0p2: Processing pair 4 from disk...
imw-ripe-nn-kt0p2: 2 match-sets in 2.19s
[Coarse] imw-ripe-nn-kt0p2 pair 5: dE=-18270.0 m dN=-315.0 m (matcher@315m, support=51, peak=None) 
imw-ripe-nn-kt0p2: Processing pair 5 from disk...
imw-ripe-nn-kt0p2: 2 match-sets in 1.66s
[Coarse] imw-ripe-nn-kt0p2 pair 6: dE=-18270.0 m dN=-787.5 m (matcher@315m, support=14, peak=None) 
imw-ripe-nn-kt0p2: Processing pair 6 from disk...
imw-ripe-nn-kt0p2: 2 match-sets in 0.17s
[Coarse] imw-ripe-nn-kt0p2 pair 7: dE=-17955.0 m dN=-630.0 m (matcher@315m, support=37, peak=None) 
imw-ripe-nn-kt0p2: Processing pair 7 from disk...
imw-ripe-nn-kt0p2: 6 match-sets in 9.82s
[Coarse] imw-ripe-nn-kt0p2 pair 8: dE=-17955.0 m dN=-315.0 m (matcher@315m, support=22, peak=None) 
imw-ripe-nn-kt0p2: Processing pair 8 from disk...
imw-ripe-nn-kt0p2: 6 match-sets in 0.63s
[Coarse] imw-ripe-nn-kt0p2 pair 9: dE=-17955.0 m dN=-315.0 m (matcher@315m, support=43, peak=None) 
imw-ripe-nn-kt0p2: Processing pair 9 from disk...
imw-ripe-nn-kt0p2: 6 match-sets in 0.50s
[Coarse] imw-ripe-nn-kt0p2 pair 10: dE=-17955.0 m dN=-315.0 m (from-pair-11 (phasecorr disagreed), support=None, peak=0.04791493653487985) 
imw-ripe-nn-kt0p2: Processing pair 10 from disk...
imw-ripe-nn-kt0p2: 6 match-sets in 3.02s
[Coarse] imw-ripe-nn-kt0p2 pair 11: dE=-17955.0 m dN=-315.0 m (matcher@315m, support=12, peak=None) 
imw-ripe-nn-kt0p2: Processing pair 11 from disk...
imw-ripe-nn-kt0p2: 6 match-sets in 2.75s
[Coarse] imw-ripe-nn-kt0p2 pair 12: dE=-17955.0 m dN=-315.0 m (from-pair-8 (phasecorr disagreed), support=None, peak=0.1047012765466431) 
imw-ripe-nn-kt0p2: Processing pair 12 from disk...
imw-ripe-nn-kt0p2: 0 match-sets in 0.00s
[Coarse] imw-ripe-nn-kt0p2 pair 13: dE=-17955.0 m dN=-315.0 m (from-pair-8 (phasecorr disagreed), support=None, peak=0.09384612739086151) 
imw-ripe-nn-kt0p2: Processing pair 13 from disk...
imw-ripe-nn-kt0p2: 0 match-sets in 0.00s
[Coarse] imw-ripe-nn-kt0p2 pair 14: dE=-17955.0 m dN=-315.0 m (matcher@315m, support=94, peak=None) 
imw-ripe-nn-kt0p2: Processing pair 14 from disk...
imw-ripe-nn-kt0p2: 6 match-sets in 3.62s
[Coarse] imw-ripe-nn-kt0p2 pair 15: dE=-17955.0 m dN=-315.0 m (matcher@315m, support=122, peak=None) 
imw-ripe-nn-kt0p2: Processing pair 15 from disk...
imw-ripe-nn-kt0p2: 6 match-sets in 0.43s
[Coarse] imw-ripe-nn-kt0p2 pair 16: dE=-17955.0 m dN=-315.0 m (matcher@315m, support=128, peak=None) 
imw-ripe-nn-kt0p2: Processing pair 16 from disk...
imw-ripe-nn-kt0p2: 6 match-sets in 0.46s
[Coarse] imw-ripe-nn-kt0p2 pair 17: dE=-17955.0 m dN=-315.0 m (matcher@315m, support=157, peak=None) 
imw-ripe-nn-kt0p2: Processing pair 17 from disk...
imw-ripe-nn-kt0p2: 6 match-sets in 0.38s
[Coarse] imw-ripe-nn-kt0p2 pair 18: dE=-17955.0 m dN=-315.0 m (from-pair-25 (phasecorr disagreed), support=None, peak=0.06863816733713503) 
imw-ripe-nn-kt0p2: Processing pair 18 from disk...
imw-ripe-nn-kt0p2: 0 match-sets in 0.00s
[Coarse] imw-ripe-nn-kt0p2 pair 19: dE=-17955.0 m dN=-315.0 m (from-pair-25 (phasecorr disagreed), support=None, peak=0.15104582491848204) 
imw-ripe-nn-kt0p2: Processing pair 19 from disk...
imw-ripe-nn-kt0p2: 0 match-sets in 0.00s
[Coarse] imw-ripe-nn-kt0p2 pair 20: dE=-17955.0 m dN=-315.0 m (from-pair-19, support=None, peak=None) 
imw-ripe-nn-kt0p2: Processing pair 20 from disk...
imw-ripe-nn-kt0p2: 0 match-sets in 0.00s
[Coarse] imw-ripe-nn-kt0p2 pair 21: dE=-17955.0 m dN=-315.0 m (from-pair-25 (phasecorr disagreed), support=None, peak=0.036990950946454645) 
imw-ripe-nn-kt0p2: Processing pair 21 from disk...
imw-ripe-nn-kt0p2: 0 match-sets in 0.00s
[Coarse] imw-ripe-nn-kt0p2 pair 22: dE=-17955.0 m dN=-315.0 m (matcher@315m, support=107, peak=None) 
imw-ripe-nn-kt0p2: Processing pair 22 from disk...
imw-ripe-nn-kt0p2: 4 match-sets in 1.57s
[Coarse] imw-ripe-nn-kt0p2 pair 23: dE=-17955.0 m dN=-315.0 m (matcher@315m, support=115, peak=None) 
imw-ripe-nn-kt0p2: Processing pair 23 from disk...
imw-ripe-nn-kt0p2: 4 match-sets in 0.28s
[Coarse] imw-ripe-nn-kt0p2 pair 24: dE=-17955.0 m dN=-315.0 m (matcher@315m, support=51, peak=None) 
imw-ripe-nn-kt0p2: Processing pair 24 from disk...
imw-ripe-nn-kt0p2: 4 match-sets in 0.35s
[Coarse] imw-ripe-nn-kt0p2 pair 25: dE=-17955.0 m dN=-315.0 m (matcher@315m, support=118, peak=None) 
imw-ripe-nn-kt0p2: Processing pair 25 from disk...
imw-ripe-nn-kt0p2: 5 match-sets in 0.33s
[Coarse] imw-ripe-nn-kt0p2 pair 26: dE=-17955.0 m dN=-315.0 m (from-pair-27, support=None, peak=None) 
imw-ripe-nn-kt0p2: Processing pair 26 from disk...
imw-ripe-nn-kt0p2: 2 match-sets in 0.17s
[Coarse] imw-ripe-nn-kt0p2 pair 27: dE=-17955.0 m dN=-315.0 m (from-pair-23 (phasecorr disagreed), support=None, peak=0.05064041456057702) 
imw-ripe-nn-kt0p2: Processing pair 27 from disk...
imw-ripe-nn-kt0p2: 2 match-sets in 0.18s
Saved:
 CHIP_STATS_ALL.csv
 CHIP_STATS_SURVIVORS.csv
 CONSENSUS_SCORES.csv
 BEST_CHIP_SET.csv
 BEST_CHIP_MANIFEST.csv
 BEST_FINAL_SUMMARY.csv
[band1] imw-ripe-nn-kt0p2 ok in 1.4 min, peak GPU memory 32.9 of 39.4 GB
[imw-ripe-nn] Model unloaded.
--------------------------------------------------------------------------------
[band1] Running imw-darkfeat-nn-kt0p2
[imw-darkfeat-nn] Loading model...
Loaded DarkFeat model
[Coarse] pair 4: no reliable coarse offset (matcher: {'dx': -17640.0, 'dy': -945.0, 'support': 5, 'n': 5, 'peak': None}; phasecorr: {'dx': 12882.472481301173, 'dy': 92621.70938170607, 'support': None, 'n': None, 'peak': -0.00012715039429841217}); windows compared in place
[Coarse] pair 7: no reliable coarse offset (matcher: no matches; phasecorr: {'dx': -17660.72648465004, 'dy': -478.5174601560547, 'support': None, 'n': None, 'peak': 0.0218074359204816}); windows compared in place
[Coarse] pair 8: no reliable coarse offset (matcher: no matches; phasecorr: {'dx': -18002.059573769864, 'dy': -489.60497923140906, 'support': None, 'n': None, 'peak': 0.011968647486368816}); windows compared in place
[Coarse] pair 11: no reliable coarse offset (matcher: {'dx': -13230.0, 'dy': 0.0, 'support': 4, 'n': 4, 'peak': None}; phasecorr: {'dx': -18107.733154651494, 'dy': -332.5590928480355, 'support': None, 'n': None, 'peak': 0.020898853179031604}); windows compared in place
[Coarse] pair 20: no reliable coarse offset (matcher: no matches; phasecorr: {'dx': -28903.23193639674, 'dy': -12953.216285335406, 'support': None, 'n': None, 'peak': 0.008737401829825507}); windows compared in place
[Coarse] pair 26: no reliable coarse offset (matcher: no matches; phasecorr: {'dx': -96306.08142606622, 'dy': -17142.367293993742, 'support': None, 'n': None, 'peak': 0.02253384519977334}); windows compared in place
[Coarse] pair 10: phase correlation gave dE=43169 m dN=-4147 m, 60.6 km from every offset the matcher measured; using pair 5's (dE=-18270 m dN=-315 m)
[Coarse] pair 12: phase correlation gave dE=-1877 m dN=10017 m, 18.9 km from every offset the matcher measured; using pair 14's (dE=-17955 m dN=-315 m)
[Coarse] pair 13: phase correlation gave dE=7584 m dN=8567 m, 26.7 km from every offset the matcher measured; using pair 14's (dE=-17955 m dN=-315 m)
[Coarse] pair 18: phase correlation gave dE=744 m dN=-16615 m, 23.9 km from every offset the matcher measured; using pair 14's (dE=-17955 m dN=-315 m)
[Coarse] pair 19: phase correlation gave dE=11920 m dN=-17918 m, 33.8 km from every offset the matcher measured; using pair 14's (dE=-17955 m dN=-315 m)
[Coarse] pair 21: phase correlation gave dE=-11414 m dN=-17047 m, 17.2 km from every offset the matcher measured; using pair 14's (dE=-17955 m dN=-315 m)
[Coarse] pair 27: phase correlation gave dE=-97898 m dN=-6012 m, 79.8 km from every offset the matcher measured; using pair 14's (dE=-17955 m dN=-315 m)
[Coarse] imw-darkfeat-nn-kt0p2 pair 1: dE=-17955.0 m dN=-630.0 m (matcher@315m, support=99, peak=None) 
imw-darkfeat-nn-kt0p2: Processing pair 1 from disk...
imw-darkfeat-nn-kt0p2: 2 match-sets in 0.20s
[Coarse] imw-darkfeat-nn-kt0p2 pair 2: dE=-17955.0 m dN=-630.0 m (matcher@315m, support=45, peak=None) 
imw-darkfeat-nn-kt0p2: Processing pair 2 from disk...
imw-darkfeat-nn-kt0p2: 2 match-sets in 0.10s
[Coarse] imw-darkfeat-nn-kt0p2 pair 3: dE=-17640.0 m dN=-945.0 m (matcher@315m, support=13, peak=None) 
imw-darkfeat-nn-kt0p2: Processing pair 3 from disk...
imw-darkfeat-nn-kt0p2: 2 match-sets in 0.12s
[Coarse] imw-darkfeat-nn-kt0p2 pair 4: dE=-18270.0 m dN=-315.0 m (from-pair-5, support=None, peak=None) 
imw-darkfeat-nn-kt0p2: Processing pair 4 from disk...
imw-darkfeat-nn-kt0p2: 2 match-sets in 0.26s
[Coarse] imw-darkfeat-nn-kt0p2 pair 5: dE=-18270.0 m dN=-315.0 m (matcher@315m, support=16, peak=None) 
imw-darkfeat-nn-kt0p2: Processing pair 5 from disk...
imw-darkfeat-nn-kt0p2: 2 match-sets in 0.20s
[Coarse] imw-darkfeat-nn-kt0p2 pair 6: dE=-17325.0 m dN=-945.0 m (matcher@315m, support=11, peak=None) 
imw-darkfeat-nn-kt0p2: Processing pair 6 from disk...
imw-darkfeat-nn-kt0p2: 2 match-sets in 0.15s
[Coarse] imw-darkfeat-nn-kt0p2 pair 7: dE=-17790.5 m dN=-428.0 m (from-pair-9, support=None, peak=None) 
imw-darkfeat-nn-kt0p2: Processing pair 7 from disk...
imw-darkfeat-nn-kt0p2: 6 match-sets in 0.55s
[Coarse] imw-darkfeat-nn-kt0p2 pair 8: dE=-17790.5 m dN=-428.0 m (from-pair-9, support=None, peak=None) 
imw-darkfeat-nn-kt0p2: Processing pair 8 from disk...
imw-darkfeat-nn-kt0p2: 6 match-sets in 0.53s
[Coarse] imw-darkfeat-nn-kt0p2 pair 9: dE=-17790.5 m dN=-428.0 m (phasecorr@315m, support=None, peak=0.031066529352914596) 
imw-darkfeat-nn-kt0p2: Processing pair 9 from disk...
imw-darkfeat-nn-kt0p2: 6 match-sets in 0.52s
[Coarse] imw-darkfeat-nn-kt0p2 pair 10: dE=-18270.0 m dN=-315.0 m (from-pair-5 (phasecorr disagreed), support=None, peak=0.04791493653487985) 
imw-darkfeat-nn-kt0p2: Processing pair 10 from disk...
imw-darkfeat-nn-kt0p2: 6 match-sets in 0.52s
[Coarse] imw-darkfeat-nn-kt0p2 pair 11: dE=-18270.0 m dN=-315.0 m (from-pair-10, support=None, peak=None) 
imw-darkfeat-nn-kt0p2: Processing pair 11 from disk...
imw-darkfeat-nn-kt0p2: 6 match-sets in 0.43s
[Coarse] imw-darkfeat-nn-kt0p2 pair 12: dE=-17955.0 m dN=-315.0 m (from-pair-14 (phasecorr disagreed), support=None, peak=0.1047012765466431) 
imw-darkfeat-nn-kt0p2: Processing pair 12 from disk...
imw-darkfeat-nn-kt0p2: 0 match-sets in 0.00s
[Coarse] imw-darkfeat-nn-kt0p2 pair 13: dE=-17955.0 m dN=-315.0 m (from-pair-14 (phasecorr disagreed), support=None, peak=0.09384612739086151) 
imw-darkfeat-nn-kt0p2: Processing pair 13 from disk...
imw-darkfeat-nn-kt0p2: 0 match-sets in 0.00s
[Coarse] imw-darkfeat-nn-kt0p2 pair 14: dE=-17955.0 m dN=-315.0 m (matcher@315m, support=18, peak=None) 
imw-darkfeat-nn-kt0p2: Processing pair 14 from disk...
imw-darkfeat-nn-kt0p2: 6 match-sets in 0.44s
[Coarse] imw-darkfeat-nn-kt0p2 pair 15: dE=-18033.6 m dN=-269.1 m (phasecorr@315m, support=None, peak=0.0587093012491862) 
imw-darkfeat-nn-kt0p2: Processing pair 15 from disk...
imw-darkfeat-nn-kt0p2: 6 match-sets in 0.41s
[Coarse] imw-darkfeat-nn-kt0p2 pair 16: dE=-18113.0 m dN=-129.2 m (phasecorr@315m, support=None, peak=0.054434785683949785) 
imw-darkfeat-nn-kt0p2: Processing pair 16 from disk...
imw-darkfeat-nn-kt0p2: 6 match-sets in 0.40s
[Coarse] imw-darkfeat-nn-kt0p2 pair 17: dE=-18272.3 m dN=-53.0 m (phasecorr@315m, support=None, peak=0.05276745311419169) 
imw-darkfeat-nn-kt0p2: Processing pair 17 from disk...
imw-darkfeat-nn-kt0p2: 6 match-sets in 0.39s
[Coarse] imw-darkfeat-nn-kt0p2 pair 18: dE=-17955.0 m dN=-315.0 m (from-pair-14 (phasecorr disagreed), support=None, peak=0.06863816733713503) 
imw-darkfeat-nn-kt0p2: Processing pair 18 from disk...
imw-darkfeat-nn-kt0p2: 0 match-sets in 0.00s
[Coarse] imw-darkfeat-nn-kt0p2 pair 19: dE=-17955.0 m dN=-315.0 m (from-pair-14 (phasecorr disagreed), support=None, peak=0.15104582491848204) 
imw-darkfeat-nn-kt0p2: Processing pair 19 from disk...
imw-darkfeat-nn-kt0p2: 0 match-sets in 0.00s
[Coarse] imw-darkfeat-nn-kt0p2 pair 20: dE=-17955.0 m dN=-315.0 m (from-pair-19, support=None, peak=None) 
imw-darkfeat-nn-kt0p2: Processing pair 20 from disk...
imw-darkfeat-nn-kt0p2: 0 match-sets in 0.00s
[Coarse] imw-darkfeat-nn-kt0p2 pair 21: dE=-17955.0 m dN=-315.0 m (from-pair-14 (phasecorr disagreed), support=None, peak=0.036990950946454645) 
imw-darkfeat-nn-kt0p2: Processing pair 21 from disk...
imw-darkfeat-nn-kt0p2: 0 match-sets in 0.00s
[Coarse] imw-darkfeat-nn-kt0p2 pair 22: dE=-17882.3 m dN=-311.5 m (phasecorr@315m, support=None, peak=0.12721613845825194) 
imw-darkfeat-nn-kt0p2: Processing pair 22 from disk...
imw-darkfeat-nn-kt0p2: 5 match-sets in 0.32s
[Coarse] imw-darkfeat-nn-kt0p2 pair 23: dE=-17911.9 m dN=-326.6 m (phasecorr@315m, support=None, peak=0.12881409482955933) 
imw-darkfeat-nn-kt0p2: Processing pair 23 from disk...
imw-darkfeat-nn-kt0p2: 4 match-sets in 0.26s
[Coarse] imw-darkfeat-nn-kt0p2 pair 24: dE=-17928.8 m dN=-415.6 m (phasecorr@315m, support=None, peak=0.035175936365127565) 
imw-darkfeat-nn-kt0p2: Processing pair 24 from disk...
imw-darkfeat-nn-kt0p2: 5 match-sets in 0.31s
[Coarse] imw-darkfeat-nn-kt0p2 pair 25: dE=-17844.2 m dN=-348.0 m (phasecorr@315m, support=None, peak=0.15328786741892497) 
imw-darkfeat-nn-kt0p2: Processing pair 25 from disk...
imw-darkfeat-nn-kt0p2: 5 match-sets in 0.30s
[Coarse] imw-darkfeat-nn-kt0p2 pair 26: dE=-17955.0 m dN=-315.0 m (from-pair-27, support=None, peak=None) 
imw-darkfeat-nn-kt0p2: Processing pair 26 from disk...
imw-darkfeat-nn-kt0p2: 2 match-sets in 0.18s
[Coarse] imw-darkfeat-nn-kt0p2 pair 27: dE=-17955.0 m dN=-315.0 m (from-pair-14 (phasecorr disagreed), support=None, peak=0.05064041456057702) 
imw-darkfeat-nn-kt0p2: Processing pair 27 from disk...
imw-darkfeat-nn-kt0p2: 2 match-sets in 0.18s
Saved:
 CHIP_STATS_ALL.csv
 CHIP_STATS_SURVIVORS.csv
 CONSENSUS_SCORES.csv
 BEST_CHIP_SET.csv
 BEST_CHIP_MANIFEST.csv
 BEST_FINAL_SUMMARY.csv
[band1] imw-darkfeat-nn-kt0p2 ok in 0.2 min, peak GPU memory 0.7 of 39.4 GB
[imw-darkfeat-nn] Model unloaded.
--------------------------------------------------------------------------------
[band1] Running imw-lanet-nn-kt0p2
[imw-lanet-nn] Loading model...
[Coarse] pair 3: no reliable coarse offset (matcher: {'dx': -17949.537391662598, 'dy': -778.3868408203125, 'support': 5, 'n': 8, 'peak': None}; phasecorr: {'dx': -16147.443677524008, 'dy': -26751.975000537102, 'support': None, 'n': None, 'peak': 0.00032880983234923565}); windows compared in place
[Coarse] pair 4: no reliable coarse offset (matcher: no matches; phasecorr: {'dx': 12882.472481301173, 'dy': 92621.70938170607, 'support': None, 'n': None, 'peak': -0.00012715039429841217}); windows compared in place
[Coarse] pair 5: no reliable coarse offset (matcher: no matches; phasecorr: {'dx': 3156.3479216096807, 'dy': 18300.67805989782, 'support': None, 'n': None, 'peak': 0.020832994549224774}); windows compared in place
[Coarse] pair 6: no reliable coarse offset (matcher: no matches; phasecorr: {'dx': -15852.800158210905, 'dy': 18737.59796077822, 'support': None, 'n': None, 'peak': -0.0027571213742097218}); windows compared in place
[Coarse] pair 7: no reliable coarse offset (matcher: no matches; phasecorr: {'dx': -17660.72648465004, 'dy': -478.5174601560547, 'support': None, 'n': None, 'peak': 0.0218074359204816}); windows compared in place
[Coarse] pair 8: no reliable coarse offset (matcher: no matches; phasecorr: {'dx': -18002.059573769864, 'dy': -489.60497923140906, 'support': None, 'n': None, 'peak': 0.011968647486368816}); windows compared in place
[Coarse] pair 11: no reliable coarse offset (matcher: no matches; phasecorr: {'dx': -18107.733154651494, 'dy': -332.5590928480355, 'support': None, 'n': None, 'peak': 0.020898853179031604}); windows compared in place
[Coarse] pair 20: no reliable coarse offset (matcher: no matches; phasecorr: {'dx': -28903.23193639674, 'dy': -12953.216285335406, 'support': None, 'n': None, 'peak': 0.008737401829825507}); windows compared in place
[Coarse] pair 26: no reliable coarse offset (matcher: no matches; phasecorr: {'dx': -96306.08142606622, 'dy': -17142.367293993742, 'support': None, 'n': None, 'peak': 0.02253384519977334}); windows compared in place
[Coarse] pair 2: phase correlation gave dE=-8934 m dN=5487 m, 10.5 km from every offset the matcher measured; using pair 1's (dE=-18071 m dN=-520 m)
[Coarse] pair 10: phase correlation gave dE=43169 m dN=-4147 m, 61.0 km from every offset the matcher measured; using pair 1's (dE=-18071 m dN=-520 m)
[Coarse] pair 12: phase correlation gave dE=-1877 m dN=10017 m, 18.9 km from every offset the matcher measured; using pair 15's (dE=-17867 m dN=-290 m)
[Coarse] pair 13: phase correlation gave dE=7584 m dN=8567 m, 26.8 km from every offset the matcher measured; using pair 15's (dE=-17867 m dN=-290 m)
[Coarse] pair 18: phase correlation gave dE=744 m dN=-16615 m, 24.6 km from every offset the matcher measured; using pair 25's (dE=-17705 m dN=-323 m)
[Coarse] pair 19: phase correlation gave dE=11920 m dN=-17918 m, 34.5 km from every offset the matcher measured; using pair 25's (dE=-17705 m dN=-323 m)
[Coarse] pair 21: phase correlation gave dE=-11414 m dN=-17047 m, 17.8 km from every offset the matcher measured; using pair 25's (dE=-17705 m dN=-323 m)
[Coarse] pair 27: phase correlation gave dE=-97898 m dN=-6012 m, 80.0 km from every offset the matcher measured; using pair 23's (dE=-17754 m dN=-296 m)
[Coarse] imw-lanet-nn-kt0p2 pair 1: dE=-18070.8 m dN=-520.3 m (matcher@315m, support=21, peak=None) 
imw-lanet-nn-kt0p2: Processing pair 1 from disk...
imw-lanet-nn-kt0p2: 2 match-sets in 0.17s
[Coarse] imw-lanet-nn-kt0p2 pair 2: dE=-18070.8 m dN=-520.3 m (from-pair-1 (phasecorr disagreed), support=None, peak=0.03413578109976686) 
imw-lanet-nn-kt0p2: Processing pair 2 from disk...
imw-lanet-nn-kt0p2: 2 match-sets in 0.10s
[Coarse] imw-lanet-nn-kt0p2 pair 3: dE=-18070.8 m dN=-520.3 m (from-pair-1, support=None, peak=None) 
imw-lanet-nn-kt0p2: Processing pair 3 from disk...
imw-lanet-nn-kt0p2: 2 match-sets in 0.09s
[Coarse] imw-lanet-nn-kt0p2 pair 4: dE=-18070.8 m dN=-520.3 m (from-pair-2, support=None, peak=None) 
imw-lanet-nn-kt0p2: Processing pair 4 from disk...
imw-lanet-nn-kt0p2: 2 match-sets in 0.19s
[Coarse] imw-lanet-nn-kt0p2 pair 5: dE=-18070.8 m dN=-520.3 m (from-pair-2, support=None, peak=None) 
imw-lanet-nn-kt0p2: Processing pair 5 from disk...
imw-lanet-nn-kt0p2: 2 match-sets in 0.15s
[Coarse] imw-lanet-nn-kt0p2 pair 6: dE=-18070.8 m dN=-520.3 m (from-pair-2, support=None, peak=None) 
imw-lanet-nn-kt0p2: Processing pair 6 from disk...
imw-lanet-nn-kt0p2: 2 match-sets in 0.11s
[Coarse] imw-lanet-nn-kt0p2 pair 7: dE=-17790.5 m dN=-428.0 m (from-pair-9, support=None, peak=None) 
imw-lanet-nn-kt0p2: Processing pair 7 from disk...
imw-lanet-nn-kt0p2: 6 match-sets in 0.41s
[Coarse] imw-lanet-nn-kt0p2 pair 8: dE=-17790.5 m dN=-428.0 m (from-pair-9, support=None, peak=None) 
imw-lanet-nn-kt0p2: Processing pair 8 from disk...
imw-lanet-nn-kt0p2: 6 match-sets in 0.35s
[Coarse] imw-lanet-nn-kt0p2 pair 9: dE=-17790.5 m dN=-428.0 m (phasecorr@315m, support=None, peak=0.031066529352914596) 
imw-lanet-nn-kt0p2: Processing pair 9 from disk...
imw-lanet-nn-kt0p2: 6 match-sets in 0.42s
[Coarse] imw-lanet-nn-kt0p2 pair 10: dE=-18070.8 m dN=-520.3 m (from-pair-1 (phasecorr disagreed), support=None, peak=0.04791493653487985) 
imw-lanet-nn-kt0p2: Processing pair 10 from disk...
imw-lanet-nn-kt0p2: 6 match-sets in 0.36s
[Coarse] imw-lanet-nn-kt0p2 pair 11: dE=-18070.8 m dN=-520.3 m (from-pair-10, support=None, peak=None) 
imw-lanet-nn-kt0p2: Processing pair 11 from disk...
imw-lanet-nn-kt0p2: 6 match-sets in 0.29s
[Coarse] imw-lanet-nn-kt0p2 pair 12: dE=-17867.0 m dN=-289.6 m (from-pair-15 (phasecorr disagreed), support=None, peak=0.1047012765466431) 
imw-lanet-nn-kt0p2: Processing pair 12 from disk...
imw-lanet-nn-kt0p2: 0 match-sets in 0.00s
[Coarse] imw-lanet-nn-kt0p2 pair 13: dE=-17867.0 m dN=-289.6 m (from-pair-15 (phasecorr disagreed), support=None, peak=0.09384612739086151) 
imw-lanet-nn-kt0p2: Processing pair 13 from disk...
imw-lanet-nn-kt0p2: 0 match-sets in 0.00s
[Coarse] imw-lanet-nn-kt0p2 pair 14: dE=-18039.9 m dN=-308.2 m (phasecorr@315m, support=None, peak=0.04961982255158601) 
imw-lanet-nn-kt0p2: Processing pair 14 from disk...
imw-lanet-nn-kt0p2: 6 match-sets in 0.31s
[Coarse] imw-lanet-nn-kt0p2 pair 15: dE=-17867.0 m dN=-289.6 m (matcher@315m, support=27, peak=None) 
imw-lanet-nn-kt0p2: Processing pair 15 from disk...
imw-lanet-nn-kt0p2: 6 match-sets in 0.29s
[Coarse] imw-lanet-nn-kt0p2 pair 16: dE=-17946.5 m dN=-199.2 m (matcher@315m, support=55, peak=None) 
imw-lanet-nn-kt0p2: Processing pair 16 from disk...
imw-lanet-nn-kt0p2: 6 match-sets in 0.26s
[Coarse] imw-lanet-nn-kt0p2 pair 17: dE=-17960.4 m dN=-149.8 m (matcher@315m, support=69, peak=None) 
imw-lanet-nn-kt0p2: Processing pair 17 from disk...
imw-lanet-nn-kt0p2: 6 match-sets in 0.23s
[Coarse] imw-lanet-nn-kt0p2 pair 18: dE=-17704.5 m dN=-323.3 m (from-pair-25 (phasecorr disagreed), support=None, peak=0.06863816733713503) 
imw-lanet-nn-kt0p2: Processing pair 18 from disk...
imw-lanet-nn-kt0p2: 0 match-sets in 0.00s
[Coarse] imw-lanet-nn-kt0p2 pair 19: dE=-17704.5 m dN=-323.3 m (from-pair-25 (phasecorr disagreed), support=None, peak=0.15104582491848204) 
imw-lanet-nn-kt0p2: Processing pair 19 from disk...
imw-lanet-nn-kt0p2: 0 match-sets in 0.00s
[Coarse] imw-lanet-nn-kt0p2 pair 20: dE=-17704.5 m dN=-323.3 m (from-pair-19, support=None, peak=None) 
imw-lanet-nn-kt0p2: Processing pair 20 from disk...
imw-lanet-nn-kt0p2: 0 match-sets in 0.00s
[Coarse] imw-lanet-nn-kt0p2 pair 21: dE=-17704.5 m dN=-323.3 m (from-pair-25 (phasecorr disagreed), support=None, peak=0.036990950946454645) 
imw-lanet-nn-kt0p2: Processing pair 21 from disk...
imw-lanet-nn-kt0p2: 0 match-sets in 0.00s
[Coarse] imw-lanet-nn-kt0p2 pair 22: dE=-17730.8 m dN=-209.0 m (matcher@315m, support=35, peak=None) 
imw-lanet-nn-kt0p2: Processing pair 22 from disk...
imw-lanet-nn-kt0p2: 5 match-sets in 0.21s
[Coarse] imw-lanet-nn-kt0p2 pair 23: dE=-17754.3 m dN=-296.0 m (matcher@315m, support=29, peak=None) 
imw-lanet-nn-kt0p2: Processing pair 23 from disk...
imw-lanet-nn-kt0p2: 4 match-sets in 0.14s
[Coarse] imw-lanet-nn-kt0p2 pair 24: dE=-17928.8 m dN=-415.6 m (phasecorr@315m, support=None, peak=0.035175936365127565) 
imw-lanet-nn-kt0p2: Processing pair 24 from disk...
imw-lanet-nn-kt0p2: 5 match-sets in 0.19s
[Coarse] imw-lanet-nn-kt0p2 pair 25: dE=-17704.5 m dN=-323.3 m (matcher@315m, support=39, peak=None) 
imw-lanet-nn-kt0p2: Processing pair 25 from disk...
imw-lanet-nn-kt0p2: 5 match-sets in 0.17s
[Coarse] imw-lanet-nn-kt0p2 pair 26: dE=-17754.3 m dN=-296.0 m (from-pair-27, support=None, peak=None) 
imw-lanet-nn-kt0p2: Processing pair 26 from disk...
imw-lanet-nn-kt0p2: 2 match-sets in 0.10s
[Coarse] imw-lanet-nn-kt0p2 pair 27: dE=-17754.3 m dN=-296.0 m (from-pair-23 (phasecorr disagreed), support=None, peak=0.05064041456057702) 
imw-lanet-nn-kt0p2: Processing pair 27 from disk...
imw-lanet-nn-kt0p2: 2 match-sets in 0.11s
Saved:
 CHIP_STATS_ALL.csv
 CHIP_STATS_SURVIVORS.csv
 CONSENSUS_SCORES.csv
 BEST_CHIP_SET.csv
 BEST_CHIP_MANIFEST.csv
 BEST_FINAL_SUMMARY.csv
[band1] imw-lanet-nn-kt0p2 ok in 0.2 min, peak GPU memory 1.1 of 39.4 GB
[imw-lanet-nn] Model unloaded.
--------------------------------------------------------------------------------
[band1] Running imw-minima-loftr
[imw-minima-loftr] Loading model...
[Coarse] pair 7: no reliable coarse offset (matcher: {'dx': -19970.080032348633, 'dy': -17181.20819091797, 'support': 4, 'n': 4, 'peak': None}; phasecorr: {'dx': -17660.72648465004, 'dy': -478.5174601560547, 'support': None, 'n': None, 'peak': 0.0218074359204816}); windows compared in place
[Coarse] pair 20: no reliable coarse offset (matcher: no matches; phasecorr: {'dx': -28903.23193639674, 'dy': -12953.216285335406, 'support': None, 'n': None, 'peak': 0.008737401829825507}); windows compared in place
[Coarse] pair 26: no reliable coarse offset (matcher: {'dx': 15699.703388214111, 'dy': 18293.610219955444, 'support': 2, 'n': 3, 'peak': None}; phasecorr: {'dx': -96306.08142606622, 'dy': -17142.367293993742, 'support': None, 'n': None, 'peak': 0.02253384519977334}); windows compared in place
[Coarse] pair 10: phase correlation gave dE=43169 m dN=-4147 m, 60.8 km from every offset the matcher measured; using pair 11's (dE=-18171 m dN=-76 m)
[Coarse] pair 12: phase correlation gave dE=-1877 m dN=10017 m, 18.8 km from every offset the matcher measured; using pair 8's (dE=-17903 m dN=-1150 m)
[Coarse] pair 13: phase correlation gave dE=7584 m dN=8567 m, 26.7 km from every offset the matcher measured; using pair 8's (dE=-17903 m dN=-1150 m)
[Coarse] pair 18: phase correlation gave dE=744 m dN=-16615 m, 20.9 km from every offset the matcher measured; using pair 25's (dE=-17542 m dN=-427 m)
[Coarse] pair 19: phase correlation gave dE=11920 m dN=-17918 m, 32.1 km from every offset the matcher measured; using pair 25's (dE=-17542 m dN=-427 m)
[Coarse] pair 21: phase correlation gave dE=-11414 m dN=-17047 m, 8.8 km from every offset the matcher measured; using pair 25's (dE=-17542 m dN=-427 m)
[Coarse] pair 27: phase correlation gave dE=-97898 m dN=-6012 m, 78.5 km from every offset the matcher measured; using pair 23's (dE=-17510 m dN=-410 m)
[Coarse] WARNING: imw-minima-loftr: the pairs' coarse offsets differ by up to 17 km, more than one image moves from place to place. Pairs with a wrong offset match the wrong ground (the chip consensus drops them when they are few); if most pairs disagree, check the input's pixel size and window size.
[Coarse] imw-minima-loftr pair 1: dE=-17889.6 m dN=-777.3 m (matcher@315m, support=123, peak=None) 
imw-minima-loftr: Processing pair 1 from disk...
imw-minima-loftr: 2 match-sets in 3.74s
[Coarse] imw-minima-loftr pair 2: dE=-20174.7 m dN=-16940.4 m (matcher@315m, support=8, peak=None) 
imw-minima-loftr: Processing pair 2 from disk...
imw-minima-loftr: 2 match-sets in 0.41s
[Coarse] imw-minima-loftr pair 3: dE=-18016.4 m dN=-1116.5 m (matcher@315m, support=33, peak=None) 
imw-minima-loftr: Processing pair 3 from disk...
imw-minima-loftr: 2 match-sets in 0.10s
[Coarse] imw-minima-loftr pair 4: dE=-18462.5 m dN=-258.5 m (matcher@315m, support=48, peak=None) 
imw-minima-loftr: Processing pair 4 from disk...
imw-minima-loftr: 2 match-sets in 2.45s
[Coarse] imw-minima-loftr pair 5: dE=-18546.9 m dN=-232.7 m (matcher@315m, support=58, peak=None) 
imw-minima-loftr: Processing pair 5 from disk...
imw-minima-loftr: 2 match-sets in 2.25s
[Coarse] imw-minima-loftr pair 6: dE=-18574.0 m dN=-206.3 m (matcher@315m, support=21, peak=None) 
imw-minima-loftr: Processing pair 6 from disk...
imw-minima-loftr: 2 match-sets in 0.12s
[Coarse] imw-minima-loftr pair 7: dE=-18008.8 m dN=-1161.8 m (from-pair-9, support=None, peak=None) 
imw-minima-loftr: Processing pair 7 from disk...
imw-minima-loftr: 6 match-sets in 6.65s
[Coarse] imw-minima-loftr pair 8: dE=-17903.1 m dN=-1150.5 m (matcher@315m, support=10, peak=None) 
imw-minima-loftr: Processing pair 8 from disk...
imw-minima-loftr: 6 match-sets in 4.04s
[Coarse] imw-minima-loftr pair 9: dE=-18008.8 m dN=-1161.8 m (matcher@315m, support=20, peak=None) 
imw-minima-loftr: Processing pair 9 from disk...
imw-minima-loftr: 6 match-sets in 0.37s
[Coarse] imw-minima-loftr pair 10: dE=-18171.5 m dN=-76.4 m (from-pair-11 (phasecorr disagreed), support=None, peak=0.04791493653487985) 
imw-minima-loftr: Processing pair 10 from disk...
imw-minima-loftr: 6 match-sets in 4.93s
[Coarse] imw-minima-loftr pair 11: dE=-18171.5 m dN=-76.4 m (matcher@315m, support=105, peak=None) 
imw-minima-loftr: Processing pair 11 from disk...
imw-minima-loftr: 6 match-sets in 2.48s
[Coarse] imw-minima-loftr pair 12: dE=-17903.1 m dN=-1150.5 m (from-pair-8 (phasecorr disagreed), support=None, peak=0.1047012765466431) 
imw-minima-loftr: Processing pair 12 from disk...
imw-minima-loftr: 0 match-sets in 0.00s
[Coarse] imw-minima-loftr pair 13: dE=-17903.1 m dN=-1150.5 m (from-pair-8 (phasecorr disagreed), support=None, peak=0.09384612739086151) 
imw-minima-loftr: Processing pair 13 from disk...
imw-minima-loftr: 0 match-sets in 0.00s
[Coarse] imw-minima-loftr pair 14: dE=-17723.4 m dN=-513.6 m (matcher@315m, support=561, peak=None) 
imw-minima-loftr: Processing pair 14 from disk...
imw-minima-loftr: 6 match-sets in 1.40s
[Coarse] imw-minima-loftr pair 15: dE=-17777.7 m dN=-517.2 m (matcher@315m, support=955, peak=None) 
imw-minima-loftr: Processing pair 15 from disk...
imw-minima-loftr: 6 match-sets in 0.38s
[Coarse] imw-minima-loftr pair 16: dE=-18002.0 m dN=-234.1 m (matcher@315m, support=408, peak=None) 
imw-minima-loftr: Processing pair 16 from disk...
imw-minima-loftr: 5 match-sets in 0.35s
[Coarse] imw-minima-loftr pair 17: dE=-18072.3 m dN=-224.9 m (matcher@315m, support=741, peak=None) 
imw-minima-loftr: Processing pair 17 from disk...
imw-minima-loftr: 6 match-sets in 0.27s
[Coarse] imw-minima-loftr pair 18: dE=-17542.1 m dN=-427.0 m (from-pair-25 (phasecorr disagreed), support=None, peak=0.06863816733713503) 
imw-minima-loftr: Processing pair 18 from disk...
imw-minima-loftr: 0 match-sets in 0.00s
[Coarse] imw-minima-loftr pair 19: dE=-17542.1 m dN=-427.0 m (from-pair-25 (phasecorr disagreed), support=None, peak=0.15104582491848204) 
imw-minima-loftr: Processing pair 19 from disk...
imw-minima-loftr: 0 match-sets in 0.00s
[Coarse] imw-minima-loftr pair 20: dE=-17542.1 m dN=-427.0 m (from-pair-19, support=None, peak=None) 
imw-minima-loftr: Processing pair 20 from disk...
imw-minima-loftr: 0 match-sets in 0.00s
[Coarse] imw-minima-loftr pair 21: dE=-17542.1 m dN=-427.0 m (from-pair-25 (phasecorr disagreed), support=None, peak=0.036990950946454645) 
imw-minima-loftr: Processing pair 21 from disk...
imw-minima-loftr: 0 match-sets in 0.00s
[Coarse] imw-minima-loftr pair 22: dE=-17505.9 m dN=-423.0 m (matcher@315m, support=521, peak=None) 
imw-minima-loftr: Processing pair 22 from disk...
imw-minima-loftr: 5 match-sets in 1.16s
[Coarse] imw-minima-loftr pair 23: dE=-17510.0 m dN=-409.8 m (matcher@315m, support=452, peak=None) 
imw-minima-loftr: Processing pair 23 from disk...
imw-minima-loftr: 5 match-sets in 0.26s
[Coarse] imw-minima-loftr pair 24: dE=-17533.9 m dN=-396.5 m (matcher@315m, support=503, peak=None) 
imw-minima-loftr: Processing pair 24 from disk...
imw-minima-loftr: 5 match-sets in 0.26s
[Coarse] imw-minima-loftr pair 25: dE=-17542.1 m dN=-427.0 m (matcher@315m, support=523, peak=None) 
imw-minima-loftr: Processing pair 25 from disk...
imw-minima-loftr: 4 match-sets in 0.26s
[Coarse] imw-minima-loftr pair 26: dE=-17510.0 m dN=-409.8 m (from-pair-27, support=None, peak=None) 
imw-minima-loftr: Processing pair 26 from disk...
imw-minima-loftr: 2 match-sets in 0.11s
[Coarse] imw-minima-loftr pair 27: dE=-17510.0 m dN=-409.8 m (from-pair-23 (phasecorr disagreed), support=None, peak=0.05064041456057702) 
imw-minima-loftr: Processing pair 27 from disk...
imw-minima-loftr: 2 match-sets in 0.11s
Saved:
 CHIP_STATS_ALL.csv
 CHIP_STATS_SURVIVORS.csv
 CONSENSUS_SCORES.csv
 BEST_CHIP_SET.csv
 BEST_CHIP_MANIFEST.csv
 BEST_FINAL_SUMMARY.csv
[band1] imw-minima-loftr ok in 1.3 min, peak GPU memory 33.0 of 39.4 GB
[imw-minima-loftr] Model unloaded.
--------------------------------------------------------------------------------
[band1] Running imw-minima-roma
[imw-minima-roma] Loading model...
[Coarse] pair 26: no reliable coarse offset (matcher: no matches; phasecorr: {'dx': -96306.08142606622, 'dy': -17142.367293993742, 'support': None, 'n': None, 'peak': 0.02253384519977334}); windows compared in place
[Coarse] pair 12: the matcher gave dE=4992 m dN=-20536 m on 85 matches, apart from the 20 pairs that agree; using pair 8's (dE=-17914 m dN=-585 m)
[Coarse] pair 13: the matcher gave dE=3581 m dN=-20639 m on 68 matches, apart from the 20 pairs that agree; using pair 8's (dE=-17914 m dN=-585 m)
[Coarse] pair 19: the matcher gave dE=-2277 m dN=-20681 m on 8 matches, apart from the 20 pairs that agree; using pair 25's (dE=-17781 m dN=-320 m)
[Coarse] pair 20: the matcher gave dE=10019 m dN=-20733 m on 49 matches, apart from the 20 pairs that agree; using pair 25's (dE=-17781 m dN=-320 m)
[Coarse] pair 23: the matcher gave dE=10794 m dN=-19250 m on 45 matches, apart from the 20 pairs that agree; using pair 24's (dE=-17772 m dN=-282 m)
[Coarse] pair 18: phase correlation gave dE=744 m dN=-16615 m, 18.8 km from every offset the matcher measured; using pair 25's (dE=-17781 m dN=-320 m)
[Coarse] pair 21: phase correlation gave dE=-11414 m dN=-17047 m, 17.6 km from every offset the matcher measured; using pair 25's (dE=-17781 m dN=-320 m)
[Coarse] WARNING: imw-minima-roma: the pairs' coarse offsets differ by up to 28 km, more than one image moves from place to place. Pairs with a wrong offset match the wrong ground (the chip consensus drops them when they are few); if most pairs disagree, check the input's pixel size and window size.
[Coarse] imw-minima-roma pair 1: dE=-17980.7 m dN=-638.3 m (matcher@315m, support=2769, peak=None) 
imw-minima-roma: Processing pair 1 from disk...
imw-minima-roma: 2 match-sets in 1.14s
[Coarse] imw-minima-roma pair 2: dE=-17993.7 m dN=-636.8 m (matcher@315m, support=2181, peak=None) 
imw-minima-roma: Processing pair 2 from disk...
imw-minima-roma: 2 match-sets in 1.15s
[Coarse] imw-minima-roma pair 3: dE=-17958.9 m dN=-659.4 m (matcher@315m, support=2149, peak=None) 
imw-minima-roma: Processing pair 3 from disk...
imw-minima-roma: 2 match-sets in 1.17s
[Coarse] imw-minima-roma pair 4: dE=-18114.1 m dN=-440.4 m (matcher@315m, support=3207, peak=None) 
imw-minima-roma: Processing pair 4 from disk...
imw-minima-roma: 2 match-sets in 1.18s
[Coarse] imw-minima-roma pair 5: dE=-18165.5 m dN=-465.0 m (matcher@315m, support=2491, peak=None) 
imw-minima-roma: Processing pair 5 from disk...
imw-minima-roma: 2 match-sets in 1.17s
[Coarse] imw-minima-roma pair 6: dE=-18175.6 m dN=-423.8 m (matcher@315m, support=2351, peak=None) 
imw-minima-roma: Processing pair 6 from disk...
imw-minima-roma: 2 match-sets in 1.17s
[Coarse] imw-minima-roma pair 7: dE=-17908.0 m dN=-571.5 m (matcher@315m, support=2717, peak=None) 
imw-minima-roma: Processing pair 7 from disk...
imw-minima-roma: 6 match-sets in 3.63s
[Coarse] imw-minima-roma pair 8: dE=-17913.6 m dN=-585.3 m (matcher@315m, support=855, peak=None) 
imw-minima-roma: Processing pair 8 from disk...
imw-minima-roma: 6 match-sets in 3.53s
[Coarse] imw-minima-roma pair 9: dE=-17892.3 m dN=-562.4 m (matcher@315m, support=2919, peak=None) 
imw-minima-roma: Processing pair 9 from disk...
imw-minima-roma: 6 match-sets in 3.52s
[Coarse] imw-minima-roma pair 10: dE=9619.8 m dN=4198.0 m (matcher@315m, support=17, peak=None) 
imw-minima-roma: Processing pair 10 from disk...
imw-minima-roma: 6 match-sets in 3.70s
[Coarse] imw-minima-roma pair 11: dE=-18009.8 m dN=-313.7 m (matcher@315m, support=2944, peak=None) 
imw-minima-roma: Processing pair 11 from disk...
imw-minima-roma: 6 match-sets in 3.54s
[Coarse] imw-minima-roma pair 12: dE=-17913.6 m dN=-585.3 m (from-pair-8 (matcher outlier), support=None, peak=None) 
imw-minima-roma: Processing pair 12 from disk...
imw-minima-roma: 0 match-sets in 0.00s
[Coarse] imw-minima-roma pair 13: dE=-17913.6 m dN=-585.3 m (from-pair-8 (matcher outlier), support=None, peak=None) 
imw-minima-roma: Processing pair 13 from disk...
imw-minima-roma: 0 match-sets in 0.00s
[Coarse] imw-minima-roma pair 14: dE=-17880.9 m dN=-213.9 m (matcher@315m, support=3740, peak=None) 
imw-minima-roma: Processing pair 14 from disk...
imw-minima-roma: 6 match-sets in 3.55s
[Coarse] imw-minima-roma pair 15: dE=-17886.3 m dN=-256.6 m (matcher@315m, support=3872, peak=None) 
imw-minima-roma: Processing pair 15 from disk...
imw-minima-roma: 6 match-sets in 3.54s
[Coarse] imw-minima-roma pair 16: dE=-17968.9 m dN=-155.3 m (matcher@315m, support=3394, peak=None) 
imw-minima-roma: Processing pair 16 from disk...
imw-minima-roma: 6 match-sets in 3.45s
[Coarse] imw-minima-roma pair 17: dE=-17988.7 m dN=-186.6 m (matcher@315m, support=3323, peak=None) 
imw-minima-roma: Processing pair 17 from disk...
imw-minima-roma: 6 match-sets in 3.52s
[Coarse] imw-minima-roma pair 18: dE=-17781.3 m dN=-319.9 m (from-pair-25 (phasecorr disagreed), support=None, peak=0.06863816733713503) 
imw-minima-roma: Processing pair 18 from disk...
imw-minima-roma: 0 match-sets in 0.00s
[Coarse] imw-minima-roma pair 19: dE=-17781.3 m dN=-319.9 m (from-pair-25 (matcher outlier), support=None, peak=None) 
imw-minima-roma: Processing pair 19 from disk...
imw-minima-roma: 0 match-sets in 0.00s
[Coarse] imw-minima-roma pair 20: dE=-17781.3 m dN=-319.9 m (from-pair-25 (matcher outlier), support=None, peak=None) 
imw-minima-roma: Processing pair 20 from disk...
imw-minima-roma: 0 match-sets in 0.00s
[Coarse] imw-minima-roma pair 21: dE=-17781.3 m dN=-319.9 m (from-pair-25 (phasecorr disagreed), support=None, peak=0.036990950946454645) 
imw-minima-roma: Processing pair 21 from disk...
imw-minima-roma: 0 match-sets in 0.00s
[Coarse] imw-minima-roma pair 22: dE=-17882.3 m dN=-311.5 m (phasecorr@315m, support=None, peak=0.12721613845825194) 
imw-minima-roma: Processing pair 22 from disk...
imw-minima-roma: 5 match-sets in 2.91s
[Coarse] imw-minima-roma pair 23: dE=-17771.9 m dN=-282.4 m (from-pair-24 (matcher outlier), support=None, peak=None) 
imw-minima-roma: Processing pair 23 from disk...
imw-minima-roma: 5 match-sets in 2.93s
[Coarse] imw-minima-roma pair 24: dE=-17771.9 m dN=-282.4 m (matcher@315m, support=1072, peak=None) 
imw-minima-roma: Processing pair 24 from disk...
imw-minima-roma: 5 match-sets in 2.95s
[Coarse] imw-minima-roma pair 25: dE=-17781.3 m dN=-319.9 m (matcher@315m, support=1716, peak=None) 
imw-minima-roma: Processing pair 25 from disk...
imw-minima-roma: 5 match-sets in 2.92s
[Coarse] imw-minima-roma pair 26: dE=-6411.3 m dN=741.6 m (from-pair-27, support=None, peak=None) 
imw-minima-roma: Processing pair 26 from disk...
imw-minima-roma: 2 match-sets in 1.24s
[Coarse] imw-minima-roma pair 27: dE=-6411.3 m dN=741.6 m (matcher@315m, support=39, peak=None) 
imw-minima-roma: Processing pair 27 from disk...
imw-minima-roma: 2 match-sets in 1.24s
Saved:
 CHIP_STATS_ALL.csv
 CHIP_STATS_SURVIVORS.csv
 CONSENSUS_SCORES.csv
 BEST_CHIP_SET.csv
 BEST_CHIP_MANIFEST.csv
 BEST_FINAL_SUMMARY.csv
[band1] imw-minima-roma ok in 1.6 min, peak GPU memory 34.0 of 39.4 GB
[imw-minima-roma] Model unloaded.
--------------------------------------------------------------------------------
[band1] Running imw-xoftr
[imw-xoftr] Loading model...
[Coarse] pair 20: no reliable coarse offset (matcher: no matches; phasecorr: {'dx': -28903.23193639674, 'dy': -12953.216285335406, 'support': None, 'n': None, 'peak': 0.008737401829825507}); windows compared in place
[Coarse] pair 26: no reliable coarse offset (matcher: no matches; phasecorr: {'dx': -96306.08142606622, 'dy': -17142.367293993742, 'support': None, 'n': None, 'peak': 0.02253384519977334}); windows compared in place
[Coarse] pair 2: phase correlation gave dE=-8934 m dN=5487 m, 10.5 km from every offset the matcher measured; using pair 3's (dE=-18059 m dN=-776 m)
[Coarse] pair 10: phase correlation gave dE=43169 m dN=-4147 m, 61.0 km from every offset the matcher measured; using pair 11's (dE=-18112 m dN=-108 m)
[Coarse] pair 12: phase correlation gave dE=-1877 m dN=10017 m, 18.9 km from every offset the matcher measured; using pair 8's (dE=-17918 m dN=-548 m)
[Coarse] pair 13: phase correlation gave dE=7584 m dN=8567 m, 26.8 km from every offset the matcher measured; using pair 8's (dE=-17918 m dN=-548 m)
[Coarse] pair 18: phase correlation gave dE=744 m dN=-16615 m, 24.6 km from every offset the matcher measured; using pair 25's (dE=-17738 m dN=-416 m)
[Coarse] pair 19: phase correlation gave dE=11920 m dN=-17918 m, 34.4 km from every offset the matcher measured; using pair 25's (dE=-17738 m dN=-416 m)
[Coarse] pair 21: phase correlation gave dE=-11414 m dN=-17047 m, 17.6 km from every offset the matcher measured; using pair 25's (dE=-17738 m dN=-416 m)
[Coarse] pair 27: phase correlation gave dE=-97898 m dN=-6012 m, 79.9 km from every offset the matcher measured; using pair 23's (dE=-17745 m dN=-349 m)
[Coarse] imw-xoftr pair 1: dE=-17996.4 m dN=-580.9 m (matcher@315m, support=134, peak=None) 
imw-xoftr: Processing pair 1 from disk...
imw-xoftr: 2 match-sets in 0.19s
[Coarse] imw-xoftr pair 2: dE=-18059.4 m dN=-775.9 m (from-pair-3 (phasecorr disagreed), support=None, peak=0.03413578109976686) 
imw-xoftr: Processing pair 2 from disk...
imw-xoftr: 2 match-sets in 0.13s
[Coarse] imw-xoftr pair 3: dE=-18059.4 m dN=-775.9 m (matcher@315m, support=81, peak=None) 
imw-xoftr: Processing pair 3 from disk...
imw-xoftr: 2 match-sets in 0.14s
[Coarse] imw-xoftr pair 4: dE=-18117.5 m dN=-340.2 m (matcher@315m, support=148, peak=None) 
imw-xoftr: Processing pair 4 from disk...
imw-xoftr: 2 match-sets in 0.19s
[Coarse] imw-xoftr pair 5: dE=-18207.6 m dN=-450.7 m (matcher@315m, support=87, peak=None) 
imw-xoftr: Processing pair 5 from disk...
imw-xoftr: 2 match-sets in 0.18s
[Coarse] imw-xoftr pair 6: dE=-18111.3 m dN=-468.8 m (matcher@315m, support=62, peak=None) 
imw-xoftr: Processing pair 6 from disk...
imw-xoftr: 2 match-sets in 0.14s
[Coarse] imw-xoftr pair 7: dE=-17937.9 m dN=-556.5 m (matcher@315m, support=156, peak=None) 
imw-xoftr: Processing pair 7 from disk...
imw-xoftr: 6 match-sets in 0.69s
[Coarse] imw-xoftr pair 8: dE=-17918.4 m dN=-547.7 m (matcher@315m, support=156, peak=None) 
imw-xoftr: Processing pair 8 from disk...
imw-xoftr: 6 match-sets in 0.51s
[Coarse] imw-xoftr pair 9: dE=-17819.8 m dN=-543.8 m (matcher@315m, support=333, peak=None) 
imw-xoftr: Processing pair 9 from disk...
imw-xoftr: 6 match-sets in 0.43s
[Coarse] imw-xoftr pair 10: dE=-18112.2 m dN=-107.8 m (from-pair-11 (phasecorr disagreed), support=None, peak=0.04791493653487985) 
imw-xoftr: Processing pair 10 from disk...
imw-xoftr: 6 match-sets in 0.44s
[Coarse] imw-xoftr pair 11: dE=-18112.2 m dN=-107.8 m (matcher@315m, support=204, peak=None) 
imw-xoftr: Processing pair 11 from disk...
imw-xoftr: 6 match-sets in 0.44s
[Coarse] imw-xoftr pair 12: dE=-17918.4 m dN=-547.7 m (from-pair-8 (phasecorr disagreed), support=None, peak=0.1047012765466431) 
imw-xoftr: Processing pair 12 from disk...
imw-xoftr: 0 match-sets in 0.00s
[Coarse] imw-xoftr pair 13: dE=-17918.4 m dN=-547.7 m (from-pair-8 (phasecorr disagreed), support=None, peak=0.09384612739086151) 
imw-xoftr: Processing pair 13 from disk...
imw-xoftr: 0 match-sets in 0.00s
[Coarse] imw-xoftr pair 14: dE=-17756.1 m dN=-289.4 m (matcher@315m, support=529, peak=None) 
imw-xoftr: Processing pair 14 from disk...
imw-xoftr: 6 match-sets in 0.50s
[Coarse] imw-xoftr pair 15: dE=-17799.0 m dN=-287.2 m (matcher@315m, support=795, peak=None) 
imw-xoftr: Processing pair 15 from disk...
imw-xoftr: 6 match-sets in 0.41s
[Coarse] imw-xoftr pair 16: dE=-17930.9 m dN=-140.2 m (matcher@315m, support=627, peak=None) 
imw-xoftr: Processing pair 16 from disk...
imw-xoftr: 6 match-sets in 0.34s
[Coarse] imw-xoftr pair 17: dE=-17963.1 m dN=-168.7 m (matcher@315m, support=1145, peak=None) 
imw-xoftr: Processing pair 17 from disk...
imw-xoftr: 6 match-sets in 0.34s
[Coarse] imw-xoftr pair 18: dE=-17738.1 m dN=-415.6 m (from-pair-25 (phasecorr disagreed), support=None, peak=0.06863816733713503) 
imw-xoftr: Processing pair 18 from disk...
imw-xoftr: 0 match-sets in 0.00s
[Coarse] imw-xoftr pair 19: dE=-17738.1 m dN=-415.6 m (from-pair-25 (phasecorr disagreed), support=None, peak=0.15104582491848204) 
imw-xoftr: Processing pair 19 from disk...
imw-xoftr: 0 match-sets in 0.00s
[Coarse] imw-xoftr pair 20: dE=-17738.1 m dN=-415.6 m (from-pair-19, support=None, peak=None) 
imw-xoftr: Processing pair 20 from disk...
imw-xoftr: 0 match-sets in 0.00s
[Coarse] imw-xoftr pair 21: dE=-17738.1 m dN=-415.6 m (from-pair-25 (phasecorr disagreed), support=None, peak=0.036990950946454645) 
imw-xoftr: Processing pair 21 from disk...
imw-xoftr: 0 match-sets in 0.00s
[Coarse] imw-xoftr pair 22: dE=-17720.9 m dN=-393.6 m (matcher@315m, support=517, peak=None) 
imw-xoftr: Processing pair 22 from disk...
imw-xoftr: 5 match-sets in 0.31s
[Coarse] imw-xoftr pair 23: dE=-17745.3 m dN=-349.3 m (matcher@315m, support=479, peak=None) 
imw-xoftr: Processing pair 23 from disk...
imw-xoftr: 4 match-sets in 0.24s
[Coarse] imw-xoftr pair 24: dE=-17757.3 m dN=-191.3 m (matcher@315m, support=406, peak=None) 
imw-xoftr: Processing pair 24 from disk...
imw-xoftr: 5 match-sets in 0.28s
[Coarse] imw-xoftr pair 25: dE=-17738.1 m dN=-415.6 m (matcher@315m, support=599, peak=None) 
imw-xoftr: Processing pair 25 from disk...
imw-xoftr: 4 match-sets in 0.26s
[Coarse] imw-xoftr pair 26: dE=-17745.3 m dN=-349.3 m (from-pair-27, support=None, peak=None) 
imw-xoftr: Processing pair 26 from disk...
imw-xoftr: 2 match-sets in 0.13s
[Coarse] imw-xoftr pair 27: dE=-17745.3 m dN=-349.3 m (from-pair-23 (phasecorr disagreed), support=None, peak=0.05064041456057702) 
imw-xoftr: Processing pair 27 from disk...
imw-xoftr: 2 match-sets in 0.13s
Saved:
 CHIP_STATS_ALL.csv
 CHIP_STATS_SURVIVORS.csv
 CONSENSUS_SCORES.csv
 BEST_CHIP_SET.csv
 BEST_CHIP_MANIFEST.csv
 BEST_FINAL_SUMMARY.csv
[band1] imw-xoftr ok in 0.3 min, peak GPU memory 19.5 of 39.4 GB
[imw-xoftr] Model unloaded.
--------------------------------------------------------------------------------
[band1] Running imw-omniglue
[imw-omniglue] Loading model...
[Coarse] pair 3: no reliable coarse offset (matcher: no matches; phasecorr: {'dx': -16147.443677524008, 'dy': -26751.975000537102, 'support': None, 'n': None, 'peak': 0.00032880983234923565}); windows compared in place
[Coarse] pair 4: no reliable coarse offset (matcher: no matches; phasecorr: {'dx': 12882.472481301173, 'dy': 92621.70938170607, 'support': None, 'n': None, 'peak': -0.00012715039429841217}); windows compared in place
[Coarse] pair 5: no reliable coarse offset (matcher: {'dx': -15907.5, 'dy': 9450.0, 'support': 2, 'n': 7, 'peak': None}; phasecorr: {'dx': 3156.3479216096807, 'dy': 18300.67805989782, 'support': None, 'n': None, 'peak': 0.020832994549224774}); windows compared in place
[Coarse] pair 6: no reliable coarse offset (matcher: no matches; phasecorr: {'dx': -15852.800158210905, 'dy': 18737.59796077822, 'support': None, 'n': None, 'peak': -0.0027571213742097218}); windows compared in place
[Coarse] pair 7: no reliable coarse offset (matcher: no matches; phasecorr: {'dx': -17660.72648465004, 'dy': -478.5174601560547, 'support': None, 'n': None, 'peak': 0.0218074359204816}); windows compared in place
[Coarse] pair 8: no reliable coarse offset (matcher: no matches; phasecorr: {'dx': -18002.059573769864, 'dy': -489.60497923140906, 'support': None, 'n': None, 'peak': 0.011968647486368816}); windows compared in place
[Coarse] pair 11: no reliable coarse offset (matcher: no matches; phasecorr: {'dx': -18107.733154651494, 'dy': -332.5590928480355, 'support': None, 'n': None, 'peak': 0.020898853179031604}); windows compared in place
[Coarse] pair 20: no reliable coarse offset (matcher: no matches; phasecorr: {'dx': -28903.23193639674, 'dy': -12953.216285335406, 'support': None, 'n': None, 'peak': 0.008737401829825507}); windows compared in place
[Coarse] pair 26: no reliable coarse offset (matcher: no matches; phasecorr: {'dx': -96306.08142606622, 'dy': -17142.367293993742, 'support': None, 'n': None, 'peak': 0.02253384519977334}); windows compared in place
[Coarse] pair 2: phase correlation gave dE=-8934 m dN=5487 m, 10.7 km from every offset the matcher measured; using pair 14's (dE=-17955 m dN=-315 m)
[Coarse] pair 10: phase correlation gave dE=43169 m dN=-4147 m, 61.2 km from every offset the matcher measured; using pair 14's (dE=-17955 m dN=-315 m)
[Coarse] pair 12: phase correlation gave dE=-1877 m dN=10017 m, 19.1 km from every offset the matcher measured; using pair 14's (dE=-17955 m dN=-315 m)
[Coarse] pair 13: phase correlation gave dE=7584 m dN=8567 m, 27.0 km from every offset the matcher measured; using pair 14's (dE=-17955 m dN=-315 m)
[Coarse] pair 18: phase correlation gave dE=744 m dN=-16615 m, 24.8 km from every offset the matcher measured; using pair 25's (dE=-17955 m dN=-315 m)
[Coarse] pair 19: phase correlation gave dE=11920 m dN=-17918 m, 34.7 km from every offset the matcher measured; using pair 25's (dE=-17955 m dN=-315 m)
[Coarse] pair 21: phase correlation gave dE=-11414 m dN=-17047 m, 18.0 km from every offset the matcher measured; using pair 25's (dE=-17955 m dN=-315 m)
[Coarse] pair 27: phase correlation gave dE=-97898 m dN=-6012 m, 80.1 km from every offset the matcher measured; using pair 23's (dE=-17955 m dN=-315 m)
[Coarse] imw-omniglue pair 1: dE=-18062.2 m dN=-904.8 m (phasecorr@315m, support=None, peak=0.03257782713572184) 
imw-omniglue: Processing pair 1 from disk...
imw-omniglue: 0 match-sets in 1.10s
[Coarse] imw-omniglue pair 2: dE=-17955.0 m dN=-315.0 m (from-pair-14 (phasecorr disagreed), support=None, peak=0.03413578109976686) 
imw-omniglue: Processing pair 2 from disk...
imw-omniglue: 0 match-sets in 1.11s
[Coarse] imw-omniglue pair 3: dE=-18062.2 m dN=-904.8 m (from-pair-1, support=None, peak=None) 
imw-omniglue: Processing pair 3 from disk...
imw-omniglue: 0 match-sets in 1.16s
[Coarse] imw-omniglue pair 4: dE=-17955.0 m dN=-315.0 m (from-pair-2, support=None, peak=None) 
imw-omniglue: Processing pair 4 from disk...
imw-omniglue: 0 match-sets in 1.40s
[Coarse] imw-omniglue pair 5: dE=-17955.0 m dN=-315.0 m (from-pair-2, support=None, peak=None) 
imw-omniglue: Processing pair 5 from disk...
imw-omniglue: 0 match-sets in 1.30s
[Coarse] imw-omniglue pair 6: dE=-17955.0 m dN=-315.0 m (from-pair-2, support=None, peak=None) 
imw-omniglue: Processing pair 6 from disk...
imw-omniglue: 0 match-sets in 1.27s
[Coarse] imw-omniglue pair 7: dE=-17790.5 m dN=-428.0 m (from-pair-9, support=None, peak=None) 
imw-omniglue: Processing pair 7 from disk...
imw-omniglue: 0 match-sets in 5.53s
[Coarse] imw-omniglue pair 8: dE=-17790.5 m dN=-428.0 m (from-pair-9, support=None, peak=None) 
imw-omniglue: Processing pair 8 from disk...
imw-omniglue: 0 match-sets in 5.58s
[Coarse] imw-omniglue pair 9: dE=-17790.5 m dN=-428.0 m (phasecorr@315m, support=None, peak=0.031066529352914596) 
imw-omniglue: Processing pair 9 from disk...
imw-omniglue: 1 match-sets in 5.32s
[Coarse] imw-omniglue pair 10: dE=-17955.0 m dN=-315.0 m (from-pair-14 (phasecorr disagreed), support=None, peak=0.04791493653487985) 
imw-omniglue: Processing pair 10 from disk...
imw-omniglue: 0 match-sets in 4.50s
[Coarse] imw-omniglue pair 11: dE=-17955.0 m dN=-315.0 m (from-pair-10, support=None, peak=None) 
imw-omniglue: Processing pair 11 from disk...
imw-omniglue: 0 match-sets in 4.74s
[Coarse] imw-omniglue pair 12: dE=-17955.0 m dN=-315.0 m (from-pair-14 (phasecorr disagreed), support=None, peak=0.1047012765466431) 
imw-omniglue: Processing pair 12 from disk...
imw-omniglue: 0 match-sets in 0.00s
[Coarse] imw-omniglue pair 13: dE=-17955.0 m dN=-315.0 m (from-pair-14 (phasecorr disagreed), support=None, peak=0.09384612739086151) 
imw-omniglue: Processing pair 13 from disk...
imw-omniglue: 0 match-sets in 0.00s
[Coarse] imw-omniglue pair 14: dE=-17955.0 m dN=-315.0 m (matcher@315m, support=72, peak=None) 
imw-omniglue: Processing pair 14 from disk...
imw-omniglue: 3 match-sets in 6.36s
[Coarse] imw-omniglue pair 15: dE=-17955.0 m dN=-315.0 m (matcher@315m, support=70, peak=None) 
imw-omniglue: Processing pair 15 from disk...
imw-omniglue: 4 match-sets in 6.16s
[Coarse] imw-omniglue pair 16: dE=-17955.0 m dN=-315.0 m (matcher@315m, support=68, peak=None) 
imw-omniglue: Processing pair 16 from disk...
imw-omniglue: 4 match-sets in 4.71s
[Coarse] imw-omniglue pair 17: dE=-17955.0 m dN=-315.0 m (matcher@315m, support=115, peak=None) 
imw-omniglue: Processing pair 17 from disk...
imw-omniglue: 4 match-sets in 4.69s
[Coarse] imw-omniglue pair 18: dE=-17955.0 m dN=-315.0 m (from-pair-25 (phasecorr disagreed), support=None, peak=0.06863816733713503) 
imw-omniglue: Processing pair 18 from disk...
imw-omniglue: 0 match-sets in 0.00s
[Coarse] imw-omniglue pair 19: dE=-17955.0 m dN=-315.0 m (from-pair-25 (phasecorr disagreed), support=None, peak=0.15104582491848204) 
imw-omniglue: Processing pair 19 from disk...
imw-omniglue: 0 match-sets in 0.00s
[Coarse] imw-omniglue pair 20: dE=-17955.0 m dN=-315.0 m (from-pair-19, support=None, peak=None) 
imw-omniglue: Processing pair 20 from disk...
imw-omniglue: 0 match-sets in 0.00s
[Coarse] imw-omniglue pair 21: dE=-17955.0 m dN=-315.0 m (from-pair-25 (phasecorr disagreed), support=None, peak=0.036990950946454645) 
imw-omniglue: Processing pair 21 from disk...
imw-omniglue: 0 match-sets in 0.00s
[Coarse] imw-omniglue pair 22: dE=-17955.0 m dN=-315.0 m (matcher@315m, support=44, peak=None) 
imw-omniglue: Processing pair 22 from disk...
imw-omniglue: 2 match-sets in 4.75s
[Coarse] imw-omniglue pair 23: dE=-17955.0 m dN=-315.0 m (matcher@315m, support=40, peak=None) 
imw-omniglue: Processing pair 23 from disk...
imw-omniglue: 2 match-sets in 4.11s
[Coarse] imw-omniglue pair 24: dE=-17955.0 m dN=-315.0 m (matcher@315m, support=45, peak=None) 
imw-omniglue: Processing pair 24 from disk...
imw-omniglue: 2 match-sets in 4.63s
[Coarse] imw-omniglue pair 25: dE=-17955.0 m dN=-315.0 m (matcher@315m, support=37, peak=None) 
imw-omniglue: Processing pair 25 from disk...
imw-omniglue: 2 match-sets in 4.76s
[Coarse] imw-omniglue pair 26: dE=-17955.0 m dN=-315.0 m (from-pair-27, support=None, peak=None) 
imw-omniglue: Processing pair 26 from disk...
imw-omniglue: 0 match-sets in 1.81s
[Coarse] imw-omniglue pair 27: dE=-17955.0 m dN=-315.0 m (from-pair-23 (phasecorr disagreed), support=None, peak=0.05064041456057702) 
imw-omniglue: Processing pair 27 from disk...
imw-omniglue: 0 match-sets in 1.74s
Saved:
 CHIP_STATS_ALL.csv
 CHIP_STATS_SURVIVORS.csv
 CONSENSUS_SCORES.csv
 BEST_CHIP_SET.csv
 BEST_CHIP_MANIFEST.csv
 BEST_FINAL_SUMMARY.csv
[band1] imw-omniglue ok in 2.7 min, peak GPU memory 0.0 of 39.4 GB
[imw-omniglue] Model unloaded.
--------------------------------------------------------------------------------
[band1] Running imw-gim-roma
[imw-gim-roma] Loading model...
[Coarse] pair 8: no reliable coarse offset (matcher: no matches; phasecorr: {'dx': -18002.059573769864, 'dy': -489.60497923140906, 'support': None, 'n': None, 'peak': 0.011968647486368816}); windows compared in place
[Coarse] pair 20: no reliable coarse offset (matcher: no matches; phasecorr: {'dx': -28903.23193639674, 'dy': -12953.216285335406, 'support': None, 'n': None, 'peak': 0.008737401829825507}); windows compared in place
[Coarse] pair 26: no reliable coarse offset (matcher: no matches; phasecorr: {'dx': -96306.08142606622, 'dy': -17142.367293993742, 'support': None, 'n': None, 'peak': 0.02253384519977334}); windows compared in place
[Coarse] pair 19: the matcher gave dE=-2829 m dN=-20528 m on 155 matches, apart from the 18 pairs that agree; using pair 25's (dE=-17775 m dN=-310 m)
[Coarse] pair 21: the matcher gave dE=1191 m dN=-20889 m on 16 matches, apart from the 18 pairs that agree; using pair 25's (dE=-17775 m dN=-310 m)
[Coarse] pair 12: phase correlation gave dE=-1877 m dN=10017 m, 18.9 km from every offset the matcher measured; using pair 7's (dE=-17855 m dN=-479 m)
[Coarse] pair 13: phase correlation gave dE=7584 m dN=8567 m, 26.8 km from every offset the matcher measured; using pair 7's (dE=-17855 m dN=-479 m)
[Coarse] pair 18: phase correlation gave dE=744 m dN=-16615 m, 24.6 km from every offset the matcher measured; using pair 25's (dE=-17775 m dN=-310 m)
[Coarse] pair 27: phase correlation gave dE=-97898 m dN=-6012 m, 77.6 km from every offset the matcher measured; using pair 23's (dE=-17799 m dN=-367 m)
[Coarse] imw-gim-roma pair 1: dE=-17959.8 m dN=-557.8 m (matcher@315m, support=3035, peak=None) 
imw-gim-roma: Processing pair 1 from disk...
imw-gim-roma: 2 match-sets in 1.15s
[Coarse] imw-gim-roma pair 2: dE=-17980.5 m dN=-615.5 m (matcher@315m, support=1920, peak=None) 
imw-gim-roma: Processing pair 2 from disk...
imw-gim-roma: 2 match-sets in 1.16s
[Coarse] imw-gim-roma pair 3: dE=-17862.7 m dN=-528.7 m (matcher@315m, support=2042, peak=None) 
imw-gim-roma: Processing pair 3 from disk...
imw-gim-roma: 2 match-sets in 1.18s
[Coarse] imw-gim-roma pair 4: dE=-18132.9 m dN=-680.1 m (matcher@315m, support=1465, peak=None) 
imw-gim-roma: Processing pair 4 from disk...
imw-gim-roma: 2 match-sets in 1.19s
[Coarse] imw-gim-roma pair 5: dE=-18066.5 m dN=-629.9 m (matcher@315m, support=1858, peak=None) 
imw-gim-roma: Processing pair 5 from disk...
imw-gim-roma: 2 match-sets in 1.18s
[Coarse] imw-gim-roma pair 6: dE=-20599.2 m dN=300.8 m (matcher@315m, support=279, peak=None) 
imw-gim-roma: Processing pair 6 from disk...
imw-gim-roma: 2 match-sets in 1.17s
[Coarse] imw-gim-roma pair 7: dE=-17855.3 m dN=-478.6 m (matcher@315m, support=2290, peak=None) 
imw-gim-roma: Processing pair 7 from disk...
imw-gim-roma: 6 match-sets in 3.56s
[Coarse] imw-gim-roma pair 8: dE=-17855.3 m dN=-478.6 m (from-pair-7, support=None, peak=None) 
imw-gim-roma: Processing pair 8 from disk...
imw-gim-roma: 6 match-sets in 3.68s
[Coarse] imw-gim-roma pair 9: dE=-17941.4 m dN=-505.8 m (matcher@315m, support=2828, peak=None) 
imw-gim-roma: Processing pair 9 from disk...
imw-gim-roma: 6 match-sets in 3.51s
[Coarse] imw-gim-roma pair 10: dE=-17991.7 m dN=-612.4 m (matcher@315m, support=283, peak=None) 
imw-gim-roma: Processing pair 10 from disk...
imw-gim-roma: 6 match-sets in 3.53s
[Coarse] imw-gim-roma pair 11: dE=-18006.7 m dN=-347.1 m (matcher@315m, support=2542, peak=None) 
imw-gim-roma: Processing pair 11 from disk...
imw-gim-roma: 6 match-sets in 3.55s
[Coarse] imw-gim-roma pair 12: dE=-17855.3 m dN=-478.6 m (from-pair-7 (phasecorr disagreed), support=None, peak=0.1047012765466431) 
imw-gim-roma: Processing pair 12 from disk...
imw-gim-roma: 0 match-sets in 0.00s
[Coarse] imw-gim-roma pair 13: dE=-17855.3 m dN=-478.6 m (from-pair-7 (phasecorr disagreed), support=None, peak=0.09384612739086151) 
imw-gim-roma: Processing pair 13 from disk...
imw-gim-roma: 0 match-sets in 0.00s
[Coarse] imw-gim-roma pair 14: dE=-17864.8 m dN=-193.9 m (matcher@315m, support=3794, peak=None) 
imw-gim-roma: Processing pair 14 from disk...
imw-gim-roma: 6 match-sets in 3.60s
[Coarse] imw-gim-roma pair 15: dE=-17873.8 m dN=-227.4 m (matcher@315m, support=3778, peak=None) 
imw-gim-roma: Processing pair 15 from disk...
imw-gim-roma: 6 match-sets in 3.63s
[Coarse] imw-gim-roma pair 16: dE=-17979.3 m dN=-209.2 m (matcher@315m, support=3466, peak=None) 
imw-gim-roma: Processing pair 16 from disk...
imw-gim-roma: 6 match-sets in 3.62s
[Coarse] imw-gim-roma pair 17: dE=-17984.6 m dN=-203.9 m (matcher@315m, support=3325, peak=None) 
imw-gim-roma: Processing pair 17 from disk...
imw-gim-roma: 6 match-sets in 3.58s
[Coarse] imw-gim-roma pair 18: dE=-17774.9 m dN=-310.2 m (from-pair-25 (phasecorr disagreed), support=None, peak=0.06863816733713503) 
imw-gim-roma: Processing pair 18 from disk...
imw-gim-roma: 0 match-sets in 0.00s
[Coarse] imw-gim-roma pair 19: dE=-17774.9 m dN=-310.2 m (from-pair-25 (matcher outlier), support=None, peak=None) 
imw-gim-roma: Processing pair 19 from disk...
imw-gim-roma: 0 match-sets in 0.00s
[Coarse] imw-gim-roma pair 20: dE=-17774.9 m dN=-310.2 m (from-pair-19, support=None, peak=None) 
imw-gim-roma: Processing pair 20 from disk...
imw-gim-roma: 0 match-sets in 0.00s
[Coarse] imw-gim-roma pair 21: dE=-17774.9 m dN=-310.2 m (from-pair-25 (matcher outlier), support=None, peak=None) 
imw-gim-roma: Processing pair 21 from disk...
imw-gim-roma: 0 match-sets in 0.00s
[Coarse] imw-gim-roma pair 22: dE=-17739.1 m dN=-393.8 m (matcher@315m, support=3526, peak=None) 
imw-gim-roma: Processing pair 22 from disk...
imw-gim-roma: 5 match-sets in 3.00s
[Coarse] imw-gim-roma pair 23: dE=-17799.0 m dN=-366.6 m (matcher@315m, support=3522, peak=None) 
imw-gim-roma: Processing pair 23 from disk...
imw-gim-roma: 4 match-sets in 2.43s
[Coarse] imw-gim-roma pair 24: dE=-17754.9 m dN=-267.0 m (matcher@315m, support=2624, peak=None) 
imw-gim-roma: Processing pair 24 from disk...
imw-gim-roma: 5 match-sets in 2.99s
[Coarse] imw-gim-roma pair 25: dE=-17774.9 m dN=-310.2 m (matcher@315m, support=2917, peak=None) 
imw-gim-roma: Processing pair 25 from disk...
imw-gim-roma: 5 match-sets in 3.02s
[Coarse] imw-gim-roma pair 26: dE=-17799.0 m dN=-366.6 m (from-pair-27, support=None, peak=None) 
imw-gim-roma: Processing pair 26 from disk...
imw-gim-roma: 2 match-sets in 1.23s
[Coarse] imw-gim-roma pair 27: dE=-17799.0 m dN=-366.6 m (from-pair-23 (phasecorr disagreed), support=None, peak=0.05064041456057702) 
imw-gim-roma: Processing pair 27 from disk...
imw-gim-roma: 2 match-sets in 1.24s
Saved:
 CHIP_STATS_ALL.csv
 CHIP_STATS_SURVIVORS.csv
 CONSENSUS_SCORES.csv
 BEST_CHIP_SET.csv
 BEST_CHIP_MANIFEST.csv
 BEST_FINAL_SUMMARY.csv
[band1] imw-gim-roma ok in 1.5 min, peak GPU memory 5.3 of 39.4 GB
[imw-gim-roma] Model unloaded.
--------------------------------------------------------------------------------
[band1] Running imw-gim-dkm
[imw-gim-dkm] Loading model...
[Coarse] pair 3: no reliable coarse offset (matcher: no matches; phasecorr: {'dx': -16147.443677524008, 'dy': -26751.975000537102, 'support': None, 'n': None, 'peak': 0.00032880983234923565}); windows compared in place
[Coarse] pair 4: no reliable coarse offset (matcher: no matches; phasecorr: {'dx': 12882.472481301173, 'dy': 92621.70938170607, 'support': None, 'n': None, 'peak': -0.00012715039429841217}); windows compared in place
[Coarse] pair 8: no reliable coarse offset (matcher: no matches; phasecorr: {'dx': -18002.059573769864, 'dy': -489.60497923140906, 'support': None, 'n': None, 'peak': 0.011968647486368816}); windows compared in place
[Coarse] pair 20: no reliable coarse offset (matcher: no matches; phasecorr: {'dx': -28903.23193639674, 'dy': -12953.216285335406, 'support': None, 'n': None, 'peak': 0.008737401829825507}); windows compared in place
[Coarse] pair 26: no reliable coarse offset (matcher: no matches; phasecorr: {'dx': -96306.08142606622, 'dy': -17142.367293993742, 'support': None, 'n': None, 'peak': 0.02253384519977334}); windows compared in place
[Coarse] pair 2: phase correlation gave dE=-8934 m dN=5487 m, 6.9 km from every offset the matcher measured; using pair 6's (dE=-11528 m dN=15605 m)
[Coarse] pair 12: phase correlation gave dE=-1877 m dN=10017 m, 7.1 km from every offset the matcher measured; using pair 7's (dE=-17952 m dN=-444 m)
[Coarse] pair 13: phase correlation gave dE=7584 m dN=8567 m, 11.2 km from every offset the matcher measured; using pair 7's (dE=-17952 m dN=-444 m)
[Coarse] pair 18: phase correlation gave dE=744 m dN=-16615 m, 19.3 km from every offset the matcher measured; using pair 25's (dE=-12844 m dN=-215 m)
[Coarse] pair 19: phase correlation gave dE=11920 m dN=-17918 m, 30.4 km from every offset the matcher measured; using pair 25's (dE=-12844 m dN=-215 m)
[Coarse] pair 21: phase correlation gave dE=-11414 m dN=-17047 m, 8.5 km from every offset the matcher measured; using pair 25's (dE=-12844 m dN=-215 m)
[Coarse] pair 27: phase correlation gave dE=-97898 m dN=-6012 m, 80.1 km from every offset the matcher measured; using pair 24's (dE=-12787 m dN=-243 m)
[Coarse] WARNING: imw-gim-dkm: the pairs' coarse offsets differ by up to 30 km, more than one image moves from place to place. Pairs with a wrong offset match the wrong ground (the chip consensus drops them when they are few); if most pairs disagree, check the input's pixel size and window size.
[Coarse] imw-gim-dkm pair 1: dE=-18062.2 m dN=-904.8 m (phasecorr@315m, support=None, peak=0.03257782713572184) 
imw-gim-dkm: Processing pair 1 from disk...
imw-gim-dkm: 2 match-sets in 1.87s
[Coarse] imw-gim-dkm pair 2: dE=-11528.5 m dN=15604.6 m (from-pair-6 (phasecorr disagreed), support=None, peak=0.03413578109976686) 
imw-gim-dkm: Processing pair 2 from disk...
imw-gim-dkm: 1 match-sets in 1.82s
[Coarse] imw-gim-dkm pair 3: dE=-18062.2 m dN=-904.8 m (from-pair-1, support=None, peak=None) 
imw-gim-dkm: Processing pair 3 from disk...
imw-gim-dkm: 2 match-sets in 1.82s
[Coarse] imw-gim-dkm pair 4: dE=-11359.7 m dN=18089.6 m (from-pair-5, support=None, peak=None) 
imw-gim-dkm: Processing pair 4 from disk...
imw-gim-dkm: 2 match-sets in 1.93s
[Coarse] imw-gim-dkm pair 5: dE=-11359.7 m dN=18089.6 m (matcher@315m, support=76, peak=None) 
imw-gim-dkm: Processing pair 5 from disk...
imw-gim-dkm: 2 match-sets in 1.96s
[Coarse] imw-gim-dkm pair 6: dE=-11528.5 m dN=15604.6 m (matcher@315m, support=67, peak=None) 
imw-gim-dkm: Processing pair 6 from disk...
imw-gim-dkm: 2 match-sets in 1.93s
[Coarse] imw-gim-dkm pair 7: dE=-17951.9 m dN=-443.8 m (matcher@315m, support=2830, peak=None) 
imw-gim-dkm: Processing pair 7 from disk...
imw-gim-dkm: 6 match-sets in 5.83s
[Coarse] imw-gim-dkm pair 8: dE=-17951.9 m dN=-443.8 m (from-pair-7, support=None, peak=None) 
imw-gim-dkm: Processing pair 8 from disk...
imw-gim-dkm: 6 match-sets in 5.87s
[Coarse] imw-gim-dkm pair 9: dE=-17905.4 m dN=-404.4 m (matcher@315m, support=457, peak=None) 
imw-gim-dkm: Processing pair 9 from disk...
imw-gim-dkm: 6 match-sets in 5.85s
[Coarse] imw-gim-dkm pair 10: dE=1245.9 m dN=17753.5 m (matcher@315m, support=198, peak=None) 
imw-gim-dkm: Processing pair 10 from disk...
imw-gim-dkm: 5 match-sets in 5.77s
[Coarse] imw-gim-dkm pair 11: dE=-1710.7 m dN=17121.1 m (matcher@315m, support=173, peak=None) 
imw-gim-dkm: Processing pair 11 from disk...
imw-gim-dkm: 6 match-sets in 5.87s
[Coarse] imw-gim-dkm pair 12: dE=-17951.9 m dN=-443.8 m (from-pair-7 (phasecorr disagreed), support=None, peak=0.1047012765466431) 
imw-gim-dkm: Processing pair 12 from disk...
imw-gim-dkm: 0 match-sets in 0.00s
[Coarse] imw-gim-dkm pair 13: dE=-17951.9 m dN=-443.8 m (from-pair-7 (phasecorr disagreed), support=None, peak=0.09384612739086151) 
imw-gim-dkm: Processing pair 13 from disk...
imw-gim-dkm: 0 match-sets in 0.00s
[Coarse] imw-gim-dkm pair 14: dE=-18039.9 m dN=-308.2 m (phasecorr@315m, support=None, peak=0.04961982255158601) 
imw-gim-dkm: Processing pair 14 from disk...
imw-gim-dkm: 5 match-sets in 5.84s
[Coarse] imw-gim-dkm pair 15: dE=-18033.6 m dN=-269.1 m (phasecorr@315m, support=None, peak=0.0587093012491862) 
imw-gim-dkm: Processing pair 15 from disk...
imw-gim-dkm: 6 match-sets in 5.86s
[Coarse] imw-gim-dkm pair 16: dE=-17914.7 m dN=-11530.3 m (matcher@315m, support=2877, peak=None) 
imw-gim-dkm: Processing pair 16 from disk...
imw-gim-dkm: 5 match-sets in 5.64s
[Coarse] imw-gim-dkm pair 17: dE=-17931.3 m dN=-11576.0 m (matcher@315m, support=2781, peak=None) 
imw-gim-dkm: Processing pair 17 from disk...
imw-gim-dkm: 6 match-sets in 5.85s
[Coarse] imw-gim-dkm pair 18: dE=-12843.5 m dN=-215.1 m (from-pair-25 (phasecorr disagreed), support=None, peak=0.06863816733713503) 
imw-gim-dkm: Processing pair 18 from disk...
imw-gim-dkm: 0 match-sets in 0.00s
[Coarse] imw-gim-dkm pair 19: dE=-12843.5 m dN=-215.1 m (from-pair-25 (phasecorr disagreed), support=None, peak=0.15104582491848204) 
imw-gim-dkm: Processing pair 19 from disk...
imw-gim-dkm: 0 match-sets in 0.00s
[Coarse] imw-gim-dkm pair 20: dE=-12843.5 m dN=-215.1 m (from-pair-19, support=None, peak=None) 
imw-gim-dkm: Processing pair 20 from disk...
imw-gim-dkm: 0 match-sets in 0.00s
[Coarse] imw-gim-dkm pair 21: dE=-12843.5 m dN=-215.1 m (from-pair-25 (phasecorr disagreed), support=None, peak=0.036990950946454645) 
imw-gim-dkm: Processing pair 21 from disk...
imw-gim-dkm: 0 match-sets in 0.00s
[Coarse] imw-gim-dkm pair 22: dE=-12856.0 m dN=-230.3 m (matcher@315m, support=420, peak=None) 
imw-gim-dkm: Processing pair 22 from disk...
imw-gim-dkm: 4 match-sets in 4.87s
[Coarse] imw-gim-dkm pair 23: dE=-17911.9 m dN=-326.6 m (phasecorr@315m, support=None, peak=0.12881409482955933) 
imw-gim-dkm: Processing pair 23 from disk...
imw-gim-dkm: 4 match-sets in 3.91s
[Coarse] imw-gim-dkm pair 24: dE=-12787.3 m dN=-243.5 m (matcher@315m, support=2436, peak=None) 
imw-gim-dkm: Processing pair 24 from disk...
imw-gim-dkm: 4 match-sets in 4.93s
[Coarse] imw-gim-dkm pair 25: dE=-12843.5 m dN=-215.1 m (matcher@315m, support=2988, peak=None) 
imw-gim-dkm: Processing pair 25 from disk...
imw-gim-dkm: 4 match-sets in 4.88s
[Coarse] imw-gim-dkm pair 26: dE=-12787.3 m dN=-243.5 m (from-pair-27, support=None, peak=None) 
imw-gim-dkm: Processing pair 26 from disk...
imw-gim-dkm: 1 match-sets in 1.96s
[Coarse] imw-gim-dkm pair 27: dE=-12787.3 m dN=-243.5 m (from-pair-24 (phasecorr disagreed), support=None, peak=0.05064041456057702) 
imw-gim-dkm: Processing pair 27 from disk...
imw-gim-dkm: 0 match-sets in 1.96s
Saved:
 CHIP_STATS_ALL.csv
 CHIP_STATS_SURVIVORS.csv
 CONSENSUS_SCORES.csv
 BEST_CHIP_SET.csv
 BEST_CHIP_MANIFEST.csv
 BEST_FINAL_SUMMARY.csv
[band1] imw-gim-dkm ok in 2.2 min, peak GPU memory 34.1 of 39.4 GB
[imw-gim-dkm] Model unloaded.
--------------------------------------------------------------------------------
[band1] Running imw-eloftr
[imw-eloftr] Loading model...
[Coarse] pair 20: no reliable coarse offset (matcher: no matches; phasecorr: {'dx': -28903.23193639674, 'dy': -12953.216285335406, 'support': None, 'n': None, 'peak': 0.008737401829825507}); windows compared in place
[Coarse] pair 26: no reliable coarse offset (matcher: no matches; phasecorr: {'dx': -96306.08142606622, 'dy': -17142.367293993742, 'support': None, 'n': None, 'peak': 0.02253384519977334}); windows compared in place
[Coarse] pair 10: phase correlation gave dE=43169 m dN=-4147 m, 60.9 km from every offset the matcher measured; using pair 11's (dE=-18256 m dN=-301 m)
[Coarse] pair 12: phase correlation gave dE=-1877 m dN=10017 m, 18.9 km from every offset the matcher measured; using pair 8's (dE=-17932 m dN=-581 m)
[Coarse] pair 13: phase correlation gave dE=7584 m dN=8567 m, 26.8 km from every offset the matcher measured; using pair 8's (dE=-17932 m dN=-581 m)
[Coarse] pair 18: phase correlation gave dE=744 m dN=-16615 m, 24.6 km from every offset the matcher measured; using pair 25's (dE=-17658 m dN=-314 m)
[Coarse] pair 19: phase correlation gave dE=11920 m dN=-17918 m, 34.4 km from every offset the matcher measured; using pair 25's (dE=-17658 m dN=-314 m)
[Coarse] pair 21: phase correlation gave dE=-11414 m dN=-17047 m, 17.7 km from every offset the matcher measured; using pair 25's (dE=-17658 m dN=-314 m)
[Coarse] pair 27: phase correlation gave dE=-97898 m dN=-6012 m, 79.8 km from every offset the matcher measured; using pair 23's (dE=-17661 m dN=-313 m)
[Coarse] imw-eloftr pair 1: dE=-17939.7 m dN=-634.7 m (matcher@315m, support=163, peak=None) 
imw-eloftr: Processing pair 1 from disk...
imw-eloftr: 2 match-sets in 0.28s
[Coarse] imw-eloftr pair 2: dE=-17936.2 m dN=-640.7 m (matcher@315m, support=88, peak=None) 
imw-eloftr: Processing pair 2 from disk...
imw-eloftr: 2 match-sets in 0.10s
[Coarse] imw-eloftr pair 3: dE=-17935.9 m dN=-641.4 m (matcher@315m, support=50, peak=None) 
imw-eloftr: Processing pair 3 from disk...
imw-eloftr: 2 match-sets in 0.10s
[Coarse] imw-eloftr pair 4: dE=-18248.2 m dN=-343.9 m (matcher@315m, support=115, peak=None) 
imw-eloftr: Processing pair 4 from disk...
imw-eloftr: 2 match-sets in 0.34s
[Coarse] imw-eloftr pair 5: dE=-18255.8 m dN=-327.7 m (matcher@315m, support=75, peak=None) 
imw-eloftr: Processing pair 5 from disk...
imw-eloftr: 2 match-sets in 0.46s
[Coarse] imw-eloftr pair 6: dE=-18255.2 m dN=-583.9 m (matcher@315m, support=37, peak=None) 
imw-eloftr: Processing pair 6 from disk...
imw-eloftr: 2 match-sets in 0.11s
[Coarse] imw-eloftr pair 7: dE=-17937.2 m dN=-580.8 m (matcher@315m, support=266, peak=None) 
imw-eloftr: Processing pair 7 from disk...
imw-eloftr: 6 match-sets in 2.54s
[Coarse] imw-eloftr pair 8: dE=-17931.7 m dN=-580.8 m (matcher@315m, support=205, peak=None) 
imw-eloftr: Processing pair 8 from disk...
imw-eloftr: 6 match-sets in 0.37s
[Coarse] imw-eloftr pair 9: dE=-17941.7 m dN=-588.2 m (matcher@315m, support=446, peak=None) 
imw-eloftr: Processing pair 9 from disk...
imw-eloftr: 6 match-sets in 0.32s
[Coarse] imw-eloftr pair 10: dE=-18256.0 m dN=-300.8 m (from-pair-11 (phasecorr disagreed), support=None, peak=0.04791493653487985) 
imw-eloftr: Processing pair 10 from disk...
imw-eloftr: 6 match-sets in 0.44s
[Coarse] imw-eloftr pair 11: dE=-18256.0 m dN=-300.8 m (matcher@315m, support=136, peak=None) 
imw-eloftr: Processing pair 11 from disk...
imw-eloftr: 5 match-sets in 0.37s
[Coarse] imw-eloftr pair 12: dE=-17931.7 m dN=-580.8 m (from-pair-8 (phasecorr disagreed), support=None, peak=0.1047012765466431) 
imw-eloftr: Processing pair 12 from disk...
imw-eloftr: 0 match-sets in 0.00s
[Coarse] imw-eloftr pair 13: dE=-17931.7 m dN=-580.8 m (from-pair-8 (phasecorr disagreed), support=None, peak=0.09384612739086151) 
imw-eloftr: Processing pair 13 from disk...
imw-eloftr: 0 match-sets in 0.00s
[Coarse] imw-eloftr pair 14: dE=-17920.0 m dN=-289.8 m (matcher@315m, support=564, peak=None) 
imw-eloftr: Processing pair 14 from disk...
imw-eloftr: 6 match-sets in 0.83s
[Coarse] imw-eloftr pair 15: dE=-17943.2 m dN=-292.6 m (matcher@315m, support=1337, peak=None) 
imw-eloftr: Processing pair 15 from disk...
imw-eloftr: 6 match-sets in 0.34s
[Coarse] imw-eloftr pair 16: dE=-17960.4 m dN=-302.0 m (matcher@315m, support=770, peak=None) 
imw-eloftr: Processing pair 16 from disk...
imw-eloftr: 5 match-sets in 0.30s
[Coarse] imw-eloftr pair 17: dE=-17962.5 m dN=-295.3 m (matcher@315m, support=1253, peak=None) 
imw-eloftr: Processing pair 17 from disk...
imw-eloftr: 6 match-sets in 0.30s
[Coarse] imw-eloftr pair 18: dE=-17657.7 m dN=-313.5 m (from-pair-25 (phasecorr disagreed), support=None, peak=0.06863816733713503) 
imw-eloftr: Processing pair 18 from disk...
imw-eloftr: 0 match-sets in 0.00s
[Coarse] imw-eloftr pair 19: dE=-17657.7 m dN=-313.5 m (from-pair-25 (phasecorr disagreed), support=None, peak=0.15104582491848204) 
imw-eloftr: Processing pair 19 from disk...
imw-eloftr: 0 match-sets in 0.00s
[Coarse] imw-eloftr pair 20: dE=-17657.7 m dN=-313.5 m (from-pair-19, support=None, peak=None) 
imw-eloftr: Processing pair 20 from disk...
imw-eloftr: 0 match-sets in 0.00s
[Coarse] imw-eloftr pair 21: dE=-17657.7 m dN=-313.5 m (from-pair-25 (phasecorr disagreed), support=None, peak=0.036990950946454645) 
imw-eloftr: Processing pair 21 from disk...
imw-eloftr: 0 match-sets in 0.00s
[Coarse] imw-eloftr pair 22: dE=-17662.4 m dN=-317.4 m (matcher@315m, support=176, peak=None) 
imw-eloftr: Processing pair 22 from disk...
imw-eloftr: 4 match-sets in 0.28s
[Coarse] imw-eloftr pair 23: dE=-17661.2 m dN=-313.3 m (matcher@315m, support=242, peak=None) 
imw-eloftr: Processing pair 23 from disk...
imw-eloftr: 4 match-sets in 0.23s
[Coarse] imw-eloftr pair 24: dE=-17669.9 m dN=-304.9 m (matcher@315m, support=503, peak=None) 
imw-eloftr: Processing pair 24 from disk...
imw-eloftr: 5 match-sets in 0.23s
[Coarse] imw-eloftr pair 25: dE=-17657.7 m dN=-313.5 m (matcher@315m, support=137, peak=None) 
imw-eloftr: Processing pair 25 from disk...
imw-eloftr: 4 match-sets in 0.21s
[Coarse] imw-eloftr pair 26: dE=-17661.2 m dN=-313.3 m (from-pair-27, support=None, peak=None) 
imw-eloftr: Processing pair 26 from disk...
imw-eloftr: 2 match-sets in 0.12s
[Coarse] imw-eloftr pair 27: dE=-17661.2 m dN=-313.3 m (from-pair-23 (phasecorr disagreed), support=None, peak=0.05064041456057702) 
imw-eloftr: Processing pair 27 from disk...
imw-eloftr: 1 match-sets in 0.12s
Saved:
 CHIP_STATS_ALL.csv
 CHIP_STATS_SURVIVORS.csv
 CONSENSUS_SCORES.csv
 BEST_CHIP_SET.csv
 BEST_CHIP_MANIFEST.csv
 BEST_FINAL_SUMMARY.csv
[band1] imw-eloftr ok in 0.5 min, peak GPU memory 17.1 of 39.4 GB
[imw-eloftr] Model unloaded.
--------------------------------------------------------------------------------
[band1] Running imw-aspanformer
[imw-aspanformer] Loading model...
[Coarse] pair 20: no reliable coarse offset (matcher: no matches; phasecorr: {'dx': -28903.23193639674, 'dy': -12953.216285335406, 'support': None, 'n': None, 'peak': 0.008737401829825507}); windows compared in place
[Coarse] pair 26: no reliable coarse offset (matcher: no matches; phasecorr: {'dx': -96306.08142606622, 'dy': -17142.367293993742, 'support': None, 'n': None, 'peak': 0.02253384519977334}); windows compared in place
[Coarse] pair 10: phase correlation gave dE=43169 m dN=-4147 m, 60.9 km from every offset the matcher measured; using pair 11's (dE=-18158 m dN=-272 m)
[Coarse] pair 12: phase correlation gave dE=-1877 m dN=10017 m, 18.8 km from every offset the matcher measured; using pair 8's (dE=-17807 m dN=-675 m)
[Coarse] pair 13: phase correlation gave dE=7584 m dN=8567 m, 26.7 km from every offset the matcher measured; using pair 8's (dE=-17807 m dN=-675 m)
[Coarse] pair 18: phase correlation gave dE=744 m dN=-16615 m, 24.2 km from every offset the matcher measured; using pair 25's (dE=-17664 m dN=-384 m)
[Coarse] pair 19: phase correlation gave dE=11920 m dN=-17918 m, 34.2 km from every offset the matcher measured; using pair 25's (dE=-17664 m dN=-384 m)
[Coarse] pair 21: phase correlation gave dE=-11414 m dN=-17047 m, 17.2 km from every offset the matcher measured; using pair 25's (dE=-17664 m dN=-384 m)
[Coarse] pair 27: phase correlation gave dE=-97898 m dN=-6012 m, 79.5 km from every offset the matcher measured; using pair 23's (dE=-17709 m dN=-300 m)
[Coarse] imw-aspanformer pair 1: dE=-17875.5 m dN=-717.9 m (matcher@315m, support=173, peak=None) 
imw-aspanformer: Processing pair 1 from disk...
imw-aspanformer: 2 match-sets in 1.28s
[Coarse] imw-aspanformer pair 2: dE=-17859.9 m dN=-801.2 m (matcher@315m, support=103, peak=None) 
imw-aspanformer: Processing pair 2 from disk...
imw-aspanformer: 2 match-sets in 0.48s
[Coarse] imw-aspanformer pair 3: dE=-17788.0 m dN=-1063.5 m (matcher@315m, support=80, peak=None) 
imw-aspanformer: Processing pair 3 from disk...
imw-aspanformer: 2 match-sets in 0.46s
[Coarse] imw-aspanformer pair 4: dE=-18482.9 m dN=-386.7 m (matcher@315m, support=145, peak=None) 
imw-aspanformer: Processing pair 4 from disk...
imw-aspanformer: 2 match-sets in 0.75s
[Coarse] imw-aspanformer pair 5: dE=-18412.7 m dN=-321.3 m (matcher@315m, support=183, peak=None) 
imw-aspanformer: Processing pair 5 from disk...
imw-aspanformer: 2 match-sets in 0.71s
[Coarse] imw-aspanformer pair 6: dE=-18587.5 m dN=-259.3 m (matcher@315m, support=55, peak=None) 
imw-aspanformer: Processing pair 6 from disk...
imw-aspanformer: 2 match-sets in 0.47s
[Coarse] imw-aspanformer pair 7: dE=-17810.0 m dN=-452.8 m (matcher@315m, support=618, peak=None) 
imw-aspanformer: Processing pair 7 from disk...
imw-aspanformer: 6 match-sets in 6.02s
[Coarse] imw-aspanformer pair 8: dE=-17807.4 m dN=-675.1 m (matcher@315m, support=361, peak=None) 
imw-aspanformer: Processing pair 8 from disk...
imw-aspanformer: 6 match-sets in 1.13s
[Coarse] imw-aspanformer pair 9: dE=-17840.9 m dN=-427.2 m (matcher@315m, support=779, peak=None) 
imw-aspanformer: Processing pair 9 from disk...
imw-aspanformer: 6 match-sets in 0.99s
[Coarse] imw-aspanformer pair 10: dE=-18157.9 m dN=-272.3 m (from-pair-11 (phasecorr disagreed), support=None, peak=0.04791493653487985) 
imw-aspanformer: Processing pair 10 from disk...
imw-aspanformer: 6 match-sets in 1.32s
[Coarse] imw-aspanformer pair 11: dE=-18157.9 m dN=-272.3 m (matcher@315m, support=159, peak=None) 
imw-aspanformer: Processing pair 11 from disk...
imw-aspanformer: 6 match-sets in 1.31s
[Coarse] imw-aspanformer pair 12: dE=-17807.4 m dN=-675.1 m (from-pair-8 (phasecorr disagreed), support=None, peak=0.1047012765466431) 
imw-aspanformer: Processing pair 12 from disk...
imw-aspanformer: 0 match-sets in 0.00s
[Coarse] imw-aspanformer pair 13: dE=-17807.4 m dN=-675.1 m (from-pair-8 (phasecorr disagreed), support=None, peak=0.09384612739086151) 
imw-aspanformer: Processing pair 13 from disk...
imw-aspanformer: 0 match-sets in 0.00s
[Coarse] imw-aspanformer pair 14: dE=-17816.7 m dN=-183.0 m (matcher@315m, support=1375, peak=None) 
imw-aspanformer: Processing pair 14 from disk...
imw-aspanformer: 6 match-sets in 1.44s
[Coarse] imw-aspanformer pair 15: dE=-17851.3 m dN=-240.7 m (matcher@315m, support=2069, peak=None) 
imw-aspanformer: Processing pair 15 from disk...
imw-aspanformer: 6 match-sets in 1.13s
[Coarse] imw-aspanformer pair 16: dE=-17986.3 m dN=-200.0 m (matcher@315m, support=1300, peak=None) 
imw-aspanformer: Processing pair 16 from disk...
imw-aspanformer: 6 match-sets in 0.93s
[Coarse] imw-aspanformer pair 17: dE=-17992.7 m dN=-189.8 m (matcher@315m, support=1494, peak=None) 
imw-aspanformer: Processing pair 17 from disk...
imw-aspanformer: 5 match-sets in 0.89s
[Coarse] imw-aspanformer pair 18: dE=-17664.4 m dN=-384.1 m (from-pair-25 (phasecorr disagreed), support=None, peak=0.06863816733713503) 
imw-aspanformer: Processing pair 18 from disk...
imw-aspanformer: 0 match-sets in 0.00s
[Coarse] imw-aspanformer pair 19: dE=-17664.4 m dN=-384.1 m (from-pair-25 (phasecorr disagreed), support=None, peak=0.15104582491848204) 
imw-aspanformer: Processing pair 19 from disk...
imw-aspanformer: 0 match-sets in 0.00s
[Coarse] imw-aspanformer pair 20: dE=-17664.4 m dN=-384.1 m (from-pair-19, support=None, peak=None) 
imw-aspanformer: Processing pair 20 from disk...
imw-aspanformer: 0 match-sets in 0.00s
[Coarse] imw-aspanformer pair 21: dE=-17664.4 m dN=-384.1 m (from-pair-25 (phasecorr disagreed), support=None, peak=0.036990950946454645) 
imw-aspanformer: Processing pair 21 from disk...
imw-aspanformer: 0 match-sets in 0.00s
[Coarse] imw-aspanformer pair 22: dE=-17693.0 m dN=-310.9 m (matcher@315m, support=646, peak=None) 
imw-aspanformer: Processing pair 22 from disk...
imw-aspanformer: 4 match-sets in 0.99s
[Coarse] imw-aspanformer pair 23: dE=-17708.9 m dN=-300.2 m (matcher@315m, support=539, peak=None) 
imw-aspanformer: Processing pair 23 from disk...
imw-aspanformer: 4 match-sets in 0.80s
[Coarse] imw-aspanformer pair 24: dE=-17646.3 m dN=-285.3 m (matcher@315m, support=485, peak=None) 
imw-aspanformer: Processing pair 24 from disk...
imw-aspanformer: 5 match-sets in 0.75s
[Coarse] imw-aspanformer pair 25: dE=-17664.4 m dN=-384.1 m (matcher@315m, support=474, peak=None) 
imw-aspanformer: Processing pair 25 from disk...
imw-aspanformer: 4 match-sets in 0.74s
[Coarse] imw-aspanformer pair 26: dE=-17708.9 m dN=-300.2 m (from-pair-27, support=None, peak=None) 
imw-aspanformer: Processing pair 26 from disk...
imw-aspanformer: 1 match-sets in 0.35s
[Coarse] imw-aspanformer pair 27: dE=-17708.9 m dN=-300.2 m (from-pair-23 (phasecorr disagreed), support=None, peak=0.05064041456057702) 
imw-aspanformer: Processing pair 27 from disk...
imw-aspanformer: 2 match-sets in 0.34s
Saved:
 CHIP_STATS_ALL.csv
 CHIP_STATS_SURVIVORS.csv
 CONSENSUS_SCORES.csv
 BEST_CHIP_SET.csv
 BEST_CHIP_MANIFEST.csv
 BEST_FINAL_SUMMARY.csv
[band1] imw-aspanformer ok in 1.1 min, peak GPU memory 32.7 of 39.4 GB
[imw-aspanformer] Model unloaded.
--------------------------------------------------------------------------------
[band1] Running imw-topicfm
[imw-topicfm] Loading model...
2026-10-07 12:04:52.403 | WARNING  | TopicFM.src.models.modules.transformer:forward:163 - topic distribution is highly sparse!
2026-10-07 12:04:56.612 | WARNING  | TopicFM.src.models.modules.transformer:forward:163 - topic distribution is highly sparse!
2026-10-07 12:04:59.672 | WARNING  | TopicFM.src.models.modules.transformer:forward:163 - topic distribution is highly sparse!
2026-10-07 12:05:11.267 | WARNING  | TopicFM.src.models.modules.transformer:forward:163 - topic distribution is highly sparse!
2026-10-07 12:05:11.315 | WARNING  | TopicFM.src.models.modules.transformer:forward:163 - topic distribution is highly sparse!
2026-10-07 12:05:21.012 | WARNING  | TopicFM.src.models.modules.transformer:forward:163 - topic distribution is highly sparse!
2026-10-07 12:05:21.078 | WARNING  | TopicFM.src.models.modules.transformer:forward:163 - topic distribution is highly sparse!
2026-10-07 12:05:21.141 | WARNING  | TopicFM.src.models.modules.transformer:forward:163 - topic distribution is highly sparse!
[Coarse] pair 20: no reliable coarse offset (matcher: no matches; phasecorr: {'dx': -28903.23193639674, 'dy': -12953.216285335406, 'support': None, 'n': None, 'peak': 0.008737401829825507}); windows compared in place
2026-10-07 12:05:21.201 | WARNING  | TopicFM.src.models.modules.transformer:forward:163 - topic distribution is highly sparse!
[Coarse] pair 26: no reliable coarse offset (matcher: {'dx': 15413.386287689209, 'dy': 18725.167694091797, 'support': 2, 'n': 5, 'peak': None}; phasecorr: {'dx': -96306.08142606622, 'dy': -17142.367293993742, 'support': None, 'n': None, 'peak': 0.02253384519977334}); windows compared in place
[Coarse] pair 10: phase correlation gave dE=43169 m dN=-4147 m, 61.0 km from every offset the matcher measured; using pair 11's (dE=-18210 m dN=-189 m)
[Coarse] pair 12: phase correlation gave dE=-1877 m dN=10017 m, 18.9 km from every offset the matcher measured; using pair 8's (dE=-17756 m dN=-239 m)
[Coarse] pair 13: phase correlation gave dE=7584 m dN=8567 m, 26.8 km from every offset the matcher measured; using pair 8's (dE=-17756 m dN=-239 m)
[Coarse] pair 18: phase correlation gave dE=744 m dN=-16615 m, 24.2 km from every offset the matcher measured; using pair 25's (dE=-17702 m dN=-367 m)
[Coarse] pair 19: phase correlation gave dE=11920 m dN=-17918 m, 34.1 km from every offset the matcher measured; using pair 25's (dE=-17702 m dN=-367 m)
[Coarse] pair 21: phase correlation gave dE=-11414 m dN=-17047 m, 17.2 km from every offset the matcher measured; using pair 25's (dE=-17702 m dN=-367 m)
[Coarse] pair 27: phase correlation gave dE=-97898 m dN=-6012 m, 79.6 km from every offset the matcher measured; using pair 23's (dE=-17685 m dN=-306 m)
[Coarse] imw-topicfm pair 1: dE=-17873.4 m dN=-724.1 m (matcher@315m, support=171, peak=None) 
imw-topicfm: Processing pair 1 from disk...
2026-10-07 12:05:33.978 | WARNING  | TopicFM.src.models.modules.transformer:forward:163 - topic distribution is highly sparse!
2026-10-07 12:05:34.643 | WARNING  | TopicFM.src.models.modules.transformer:forward:163 - topic distribution is highly sparse!
imw-topicfm: 2 match-sets in 2.60s
[Coarse] imw-topicfm pair 2: dE=-17864.0 m dN=-805.8 m (matcher@315m, support=88, peak=None) 
imw-topicfm: Processing pair 2 from disk...
2026-10-07 12:05:34.720 | WARNING  | TopicFM.src.models.modules.transformer:forward:163 - topic distribution is highly sparse!
2026-10-07 12:05:34.773 | WARNING  | TopicFM.src.models.modules.transformer:forward:163 - topic distribution is highly sparse!
imw-topicfm: 2 match-sets in 0.12s
[Coarse] imw-topicfm pair 3: dE=-17778.7 m dN=-1068.3 m (matcher@315m, support=45, peak=None) 
imw-topicfm: Processing pair 3 from disk...
2026-10-07 12:05:34.841 | WARNING  | TopicFM.src.models.modules.transformer:forward:163 - topic distribution is highly sparse!
2026-10-07 12:05:34.892 | WARNING  | TopicFM.src.models.modules.transformer:forward:163 - topic distribution is highly sparse!
imw-topicfm: 2 match-sets in 0.11s
[Coarse] imw-topicfm pair 4: dE=-18374.2 m dN=-401.7 m (matcher@315m, support=188, peak=None) 
imw-topicfm: Processing pair 4 from disk...
2026-10-07 12:05:35.748 | WARNING  | TopicFM.src.models.modules.transformer:forward:163 - topic distribution is highly sparse!
2026-10-07 12:05:36.175 | WARNING  | TopicFM.src.models.modules.transformer:forward:163 - topic distribution is highly sparse!
imw-topicfm: 2 match-sets in 1.28s
[Coarse] imw-topicfm pair 5: dE=-18457.9 m dN=-354.0 m (matcher@315m, support=161, peak=None) 
imw-topicfm: Processing pair 5 from disk...
2026-10-07 12:05:37.336 | WARNING  | TopicFM.src.models.modules.transformer:forward:163 - topic distribution is highly sparse!
2026-10-07 12:05:37.527 | WARNING  | TopicFM.src.models.modules.transformer:forward:163 - topic distribution is highly sparse!
imw-topicfm: 2 match-sets in 1.34s
[Coarse] imw-topicfm pair 6: dE=-18521.2 m dN=-200.0 m (matcher@315m, support=61, peak=None) 
imw-topicfm: Processing pair 6 from disk...
2026-10-07 12:05:37.606 | WARNING  | TopicFM.src.models.modules.transformer:forward:163 - topic distribution is highly sparse!
2026-10-07 12:05:37.659 | WARNING  | TopicFM.src.models.modules.transformer:forward:163 - topic distribution is highly sparse!
imw-topicfm: 2 match-sets in 0.13s
[Coarse] imw-topicfm pair 7: dE=-17821.6 m dN=-338.2 m (matcher@315m, support=258, peak=None) 
imw-topicfm: Processing pair 7 from disk...
2026-10-07 12:05:41.544 | WARNING  | TopicFM.src.models.modules.transformer:forward:163 - topic distribution is highly sparse!
2026-10-07 12:05:42.880 | WARNING  | TopicFM.src.models.modules.transformer:forward:163 - topic distribution is highly sparse!
2026-10-07 12:05:43.386 | WARNING  | TopicFM.src.models.modules.transformer:forward:163 - topic distribution is highly sparse!
2026-10-07 12:05:44.552 | WARNING  | TopicFM.src.models.modules.transformer:forward:163 - topic distribution is highly sparse!
2026-10-07 12:05:45.009 | WARNING  | TopicFM.src.models.modules.transformer:forward:163 - topic distribution is highly sparse!
imw-topicfm: 5 match-sets in 7.35s
[Coarse] imw-topicfm pair 8: dE=-17755.7 m dN=-239.1 m (matcher@315m, support=240, peak=None) 
imw-topicfm: Processing pair 8 from disk...
2026-10-07 12:05:45.090 | WARNING  | TopicFM.src.models.modules.transformer:forward:163 - topic distribution is highly sparse!
2026-10-07 12:05:45.149 | WARNING  | TopicFM.src.models.modules.transformer:forward:163 - topic distribution is highly sparse!
2026-10-07 12:05:45.308 | WARNING  | TopicFM.src.models.modules.transformer:forward:163 - topic distribution is highly sparse!
2026-10-07 12:05:45.388 | WARNING  | TopicFM.src.models.modules.transformer:forward:163 - topic distribution is highly sparse!
2026-10-07 12:05:45.452 | WARNING  | TopicFM.src.models.modules.transformer:forward:163 - topic distribution is highly sparse!
imw-topicfm: 6 match-sets in 0.44s
[Coarse] imw-topicfm pair 9: dE=-17847.3 m dN=-283.4 m (matcher@315m, support=304, peak=None) 
imw-topicfm: Processing pair 9 from disk...
2026-10-07 12:05:45.594 | WARNING  | TopicFM.src.models.modules.transformer:forward:163 - topic distribution is highly sparse!
2026-10-07 12:05:45.656 | WARNING  | TopicFM.src.models.modules.transformer:forward:163 - topic distribution is highly sparse!
2026-10-07 12:05:45.795 | WARNING  | TopicFM.src.models.modules.transformer:forward:163 - topic distribution is highly sparse!
2026-10-07 12:05:45.843 | WARNING  | TopicFM.src.models.modules.transformer:forward:163 - topic distribution is highly sparse!
imw-topicfm: 6 match-sets in 0.37s
[Coarse] imw-topicfm pair 10: dE=-18209.8 m dN=-189.0 m (from-pair-11 (phasecorr disagreed), support=None, peak=0.04791493653487985) 
imw-topicfm: Processing pair 10 from disk...
2026-10-07 12:05:45.912 | WARNING  | TopicFM.src.models.modules.transformer:forward:163 - topic distribution is highly sparse!
2026-10-07 12:05:47.920 | WARNING  | TopicFM.src.models.modules.transformer:forward:163 - topic distribution is highly sparse!
2026-10-07 12:05:47.965 | WARNING  | TopicFM.src.models.modules.transformer:forward:163 - topic distribution is highly sparse!
2026-10-07 12:05:48.076 | WARNING  | TopicFM.src.models.modules.transformer:forward:163 - topic distribution is highly sparse!
imw-topicfm: 5 match-sets in 2.23s
[Coarse] imw-topicfm pair 11: dE=-18209.8 m dN=-189.0 m (matcher@315m, support=285, peak=None) 
imw-topicfm: Processing pair 11 from disk...
2026-10-07 12:05:49.260 | WARNING  | TopicFM.src.models.modules.transformer:forward:163 - topic distribution is highly sparse!
2026-10-07 12:05:49.302 | WARNING  | TopicFM.src.models.modules.transformer:forward:163 - topic distribution is highly sparse!
2026-10-07 12:05:49.346 | WARNING  | TopicFM.src.models.modules.transformer:forward:163 - topic distribution is highly sparse!
imw-topicfm: 5 match-sets in 1.26s
[Coarse] imw-topicfm pair 12: dE=-17755.7 m dN=-239.1 m (from-pair-8 (phasecorr disagreed), support=None, peak=0.1047012765466431) 
imw-topicfm: Processing pair 12 from disk...
imw-topicfm: 0 match-sets in 0.00s
[Coarse] imw-topicfm pair 13: dE=-17755.7 m dN=-239.1 m (from-pair-8 (phasecorr disagreed), support=None, peak=0.09384612739086151) 
imw-topicfm: Processing pair 13 from disk...
imw-topicfm: 0 match-sets in 0.00s
[Coarse] imw-topicfm pair 14: dE=-17798.7 m dN=-94.3 m (matcher@315m, support=1107, peak=None) 
imw-topicfm: Processing pair 14 from disk...
2026-10-07 12:05:49.429 | WARNING  | TopicFM.src.models.modules.transformer:forward:163 - topic distribution is highly sparse!
2026-10-07 12:05:49.484 | WARNING  | TopicFM.src.models.modules.transformer:forward:163 - topic distribution is highly sparse!
2026-10-07 12:05:50.592 | WARNING  | TopicFM.src.models.modules.transformer:forward:163 - topic distribution is highly sparse!
2026-10-07 12:05:50.693 | WARNING  | TopicFM.src.models.modules.transformer:forward:163 - topic distribution is highly sparse!
2026-10-07 12:05:52.222 | WARNING  | TopicFM.src.models.modules.transformer:forward:163 - topic distribution is highly sparse!
2026-10-07 12:05:52.290 | WARNING  | TopicFM.src.models.modules.transformer:forward:163 - topic distribution is highly sparse!
imw-topicfm: 6 match-sets in 2.93s
[Coarse] imw-topicfm pair 15: dE=-17847.1 m dN=-138.2 m (matcher@315m, support=1586, peak=None) 
imw-topicfm: Processing pair 15 from disk...
2026-10-07 12:05:52.367 | WARNING  | TopicFM.src.models.modules.transformer:forward:163 - topic distribution is highly sparse!
2026-10-07 12:05:52.419 | WARNING  | TopicFM.src.models.modules.transformer:forward:163 - topic distribution is highly sparse!
2026-10-07 12:05:52.581 | WARNING  | TopicFM.src.models.modules.transformer:forward:163 - topic distribution is highly sparse!
2026-10-07 12:05:52.631 | WARNING  | TopicFM.src.models.modules.transformer:forward:163 - topic distribution is highly sparse!
2026-10-07 12:05:52.690 | WARNING  | TopicFM.src.models.modules.transformer:forward:163 - topic distribution is highly sparse!
imw-topicfm: 6 match-sets in 0.39s
[Coarse] imw-topicfm pair 16: dE=-18012.4 m dN=-189.3 m (matcher@315m, support=1131, peak=None) 
imw-topicfm: Processing pair 16 from disk...
2026-10-07 12:05:52.936 | WARNING  | TopicFM.src.models.modules.transformer:forward:163 - topic distribution is highly sparse!
2026-10-07 12:05:52.971 | WARNING  | TopicFM.src.models.modules.transformer:forward:163 - topic distribution is highly sparse!
2026-10-07 12:05:53.010 | WARNING  | TopicFM.src.models.modules.transformer:forward:163 - topic distribution is highly sparse!
imw-topicfm: 5 match-sets in 0.31s
[Coarse] imw-topicfm pair 17: dE=-18031.5 m dN=-191.1 m (matcher@315m, support=1376, peak=None) 
imw-topicfm: Processing pair 17 from disk...
2026-10-07 12:05:53.254 | WARNING  | TopicFM.src.models.modules.transformer:forward:163 - topic distribution is highly sparse!
2026-10-07 12:05:53.289 | WARNING  | TopicFM.src.models.modules.transformer:forward:163 - topic distribution is highly sparse!
2026-10-07 12:05:53.328 | WARNING  | TopicFM.src.models.modules.transformer:forward:163 - topic distribution is highly sparse!
imw-topicfm: 6 match-sets in 0.32s
[Coarse] imw-topicfm pair 18: dE=-17702.1 m dN=-367.4 m (from-pair-25 (phasecorr disagreed), support=None, peak=0.06863816733713503) 
imw-topicfm: Processing pair 18 from disk...
imw-topicfm: 0 match-sets in 0.00s
[Coarse] imw-topicfm pair 19: dE=-17702.1 m dN=-367.4 m (from-pair-25 (phasecorr disagreed), support=None, peak=0.15104582491848204) 
imw-topicfm: Processing pair 19 from disk...
imw-topicfm: 0 match-sets in 0.00s
[Coarse] imw-topicfm pair 20: dE=-17702.1 m dN=-367.4 m (from-pair-19, support=None, peak=None) 
imw-topicfm: Processing pair 20 from disk...
imw-topicfm: 0 match-sets in 0.00s
[Coarse] imw-topicfm pair 21: dE=-17702.1 m dN=-367.4 m (from-pair-25 (phasecorr disagreed), support=None, peak=0.036990950946454645) 
imw-topicfm: Processing pair 21 from disk...
imw-topicfm: 0 match-sets in 0.00s
[Coarse] imw-topicfm pair 22: dE=-17672.1 m dN=-310.4 m (matcher@315m, support=564, peak=None) 
imw-topicfm: Processing pair 22 from disk...
2026-10-07 12:05:53.394 | WARNING  | TopicFM.src.models.modules.transformer:forward:163 - topic distribution is highly sparse!
2026-10-07 12:05:53.435 | WARNING  | TopicFM.src.models.modules.transformer:forward:163 - topic distribution is highly sparse!
imw-topicfm: 5 match-sets in 1.25s
[Coarse] imw-topicfm pair 23: dE=-17685.4 m dN=-306.0 m (matcher@315m, support=508, peak=None) 
imw-topicfm: Processing pair 23 from disk...
2026-10-07 12:05:54.659 | WARNING  | TopicFM.src.models.modules.transformer:forward:163 - topic distribution is highly sparse!
2026-10-07 12:05:54.713 | WARNING  | TopicFM.src.models.modules.transformer:forward:163 - topic distribution is highly sparse!
imw-topicfm: 4 match-sets in 0.28s
[Coarse] imw-topicfm pair 24: dE=-17689.6 m dN=-280.0 m (matcher@315m, support=600, peak=None) 
imw-topicfm: Processing pair 24 from disk...
2026-10-07 12:05:54.935 | WARNING  | TopicFM.src.models.modules.transformer:forward:163 - topic distribution is highly sparse!
2026-10-07 12:05:54.973 | WARNING  | TopicFM.src.models.modules.transformer:forward:163 - topic distribution is highly sparse!
2026-10-07 12:05:55.075 | WARNING  | TopicFM.src.models.modules.transformer:forward:163 - topic distribution is highly sparse!
2026-10-07 12:05:55.124 | WARNING  | TopicFM.src.models.modules.transformer:forward:163 - topic distribution is highly sparse!
imw-topicfm: 4 match-sets in 0.23s
[Coarse] imw-topicfm pair 25: dE=-17702.1 m dN=-367.4 m (matcher@315m, support=619, peak=None) 
imw-topicfm: Processing pair 25 from disk...
2026-10-07 12:05:55.170 | WARNING  | TopicFM.src.models.modules.transformer:forward:163 - topic distribution is highly sparse!
2026-10-07 12:05:55.211 | WARNING  | TopicFM.src.models.modules.transformer:forward:163 - topic distribution is highly sparse!
2026-10-07 12:05:55.316 | WARNING  | TopicFM.src.models.modules.transformer:forward:163 - topic distribution is highly sparse!
imw-topicfm: 5 match-sets in 0.23s
[Coarse] imw-topicfm pair 26: dE=-17685.4 m dN=-306.0 m (from-pair-27, support=None, peak=None) 
imw-topicfm: Processing pair 26 from disk...
2026-10-07 12:05:55.428 | WARNING  | TopicFM.src.models.modules.transformer:forward:163 - topic distribution is highly sparse!
imw-topicfm: 0 match-sets in 0.13s
[Coarse] imw-topicfm pair 27: dE=-17685.4 m dN=-306.0 m (from-pair-23 (phasecorr disagreed), support=None, peak=0.05064041456057702) 
imw-topicfm: Processing pair 27 from disk...
imw-topicfm: 0 match-sets in 0.13s
Saved:
 CHIP_STATS_ALL.csv
 CHIP_STATS_SURVIVORS.csv
 CONSENSUS_SCORES.csv
 BEST_CHIP_SET.csv
 BEST_CHIP_MANIFEST.csv
 BEST_FINAL_SUMMARY.csv
[band1] imw-topicfm ok in 1.1 min, peak GPU memory 24.9 of 39.4 GB
[imw-topicfm] Model unloaded.
--------------------------------------------------------------------------------
[band1] Running imw-roma
[imw-roma] Loading model...
[Coarse] pair 8: no reliable coarse offset (matcher: {'dx': -2327.017078399658, 'dy': 993.5434341430664, 'support': 6, 'n': 12, 'peak': None}; phasecorr: {'dx': -18002.059573769864, 'dy': -489.60497923140906, 'support': None, 'n': None, 'peak': 0.011968647486368816}); windows compared in place
[Coarse] pair 26: no reliable coarse offset (matcher: no matches; phasecorr: {'dx': -96306.08142606622, 'dy': -17142.367293993742, 'support': None, 'n': None, 'peak': 0.02253384519977334}); windows compared in place
[Coarse] pair 10: phase correlation gave dE=43169 m dN=-4147 m, 48.6 km from every offset the matcher measured; using pair 11's (dE=-17986 m dN=-279 m)
[Coarse] pair 19: phase correlation gave dE=11920 m dN=-17918 m, 14.8 km from every offset the matcher measured; using pair 20's (dE=-5073 m dN=-20342 m)
[Coarse] pair 27: phase correlation gave dE=-97898 m dN=-6012 m, 78.8 km from every offset the matcher measured; using pair 24's (dE=-17793 m dN=-324 m)
[Coarse] WARNING: imw-roma: the pairs' coarse offsets differ by up to 20 km, more than one image moves from place to place. Pairs with a wrong offset match the wrong ground (the chip consensus drops them when they are few); if most pairs disagree, check the input's pixel size and window size.
[Coarse] imw-roma pair 1: dE=-17970.6 m dN=-662.5 m (matcher@315m, support=2086, peak=None) 
imw-roma: Processing pair 1 from disk...
imw-roma: 2 match-sets in 1.11s
[Coarse] imw-roma pair 2: dE=-18052.3 m dN=-521.8 m (matcher@315m, support=392, peak=None) 
imw-roma: Processing pair 2 from disk...
imw-roma: 2 match-sets in 1.12s
[Coarse] imw-roma pair 3: dE=-17800.4 m dN=-601.3 m (matcher@315m, support=850, peak=None) 
imw-roma: Processing pair 3 from disk...
imw-roma: 2 match-sets in 1.13s
[Coarse] imw-roma pair 4: dE=-18045.8 m dN=-490.2 m (matcher@315m, support=456, peak=None) 
imw-roma: Processing pair 4 from disk...
imw-roma: 2 match-sets in 1.16s
[Coarse] imw-roma pair 5: dE=-18194.0 m dN=-319.3 m (matcher@315m, support=948, peak=None) 
imw-roma: Processing pair 5 from disk...
imw-roma: 2 match-sets in 1.16s
[Coarse] imw-roma pair 6: dE=-19083.6 m dN=-4003.8 m (matcher@315m, support=48, peak=None) 
imw-roma: Processing pair 6 from disk...
imw-roma: 2 match-sets in 1.13s
[Coarse] imw-roma pair 7: dE=-17861.7 m dN=-512.6 m (matcher@315m, support=1333, peak=None) 
imw-roma: Processing pair 7 from disk...
imw-roma: 6 match-sets in 3.48s
[Coarse] imw-roma pair 8: dE=-17861.7 m dN=-512.6 m (from-pair-7, support=None, peak=None) 
imw-roma: Processing pair 8 from disk...
imw-roma: 6 match-sets in 3.51s
[Coarse] imw-roma pair 9: dE=-17790.5 m dN=-428.0 m (phasecorr@315m, support=None, peak=0.031066529352914596) 
imw-roma: Processing pair 9 from disk...
imw-roma: 6 match-sets in 3.41s
[Coarse] imw-roma pair 10: dE=-17985.8 m dN=-279.2 m (from-pair-11 (phasecorr disagreed), support=None, peak=0.04791493653487985) 
imw-roma: Processing pair 10 from disk...
imw-roma: 6 match-sets in 3.47s
[Coarse] imw-roma pair 11: dE=-17985.8 m dN=-279.2 m (matcher@315m, support=1529, peak=None) 
imw-roma: Processing pair 11 from disk...
imw-roma: 6 match-sets in 3.41s
[Coarse] imw-roma pair 12: dE=-7967.4 m dN=-19956.3 m (matcher@315m, support=18, peak=None) 
imw-roma: Processing pair 12 from disk...
imw-roma: 0 match-sets in 0.00s
[Coarse] imw-roma pair 13: dE=-2711.2 m dN=-20152.6 m (matcher@315m, support=250, peak=None) 
imw-roma: Processing pair 13 from disk...
imw-roma: 0 match-sets in 0.00s
[Coarse] imw-roma pair 14: dE=-17869.8 m dN=-165.4 m (matcher@315m, support=3256, peak=None) 
imw-roma: Processing pair 14 from disk...
imw-roma: 6 match-sets in 3.43s
[Coarse] imw-roma pair 15: dE=-17883.2 m dN=-217.9 m (matcher@315m, support=3835, peak=None) 
imw-roma: Processing pair 15 from disk...
imw-roma: 6 match-sets in 3.48s
[Coarse] imw-roma pair 16: dE=-17953.1 m dN=-168.4 m (matcher@315m, support=3805, peak=None) 
imw-roma: Processing pair 16 from disk...
imw-roma: 6 match-sets in 3.37s
[Coarse] imw-roma pair 17: dE=-17970.5 m dN=-183.6 m (matcher@315m, support=3711, peak=None) 
imw-roma: Processing pair 17 from disk...
imw-roma: 6 match-sets in 3.40s
[Coarse] imw-roma pair 18: dE=744.1 m dN=-16614.6 m (phasecorr@315m, support=None, peak=0.06863816733713503) 
imw-roma: Processing pair 18 from disk...
imw-roma: 0 match-sets in 0.00s
[Coarse] imw-roma pair 19: dE=-5072.5 m dN=-20342.5 m (from-pair-20 (phasecorr disagreed), support=None, peak=0.15104582491848204) 
imw-roma: Processing pair 19 from disk...
imw-roma: 0 match-sets in 0.00s
[Coarse] imw-roma pair 20: dE=-5072.5 m dN=-20342.5 m (matcher@315m, support=120, peak=None) 
imw-roma: Processing pair 20 from disk...
imw-roma: 0 match-sets in 0.00s
[Coarse] imw-roma pair 21: dE=-11413.6 m dN=-17047.1 m (phasecorr@315m, support=None, peak=0.036990950946454645) 
imw-roma: Processing pair 21 from disk...
imw-roma: 0 match-sets in 0.00s
[Coarse] imw-roma pair 22: dE=-17882.3 m dN=-311.5 m (phasecorr@315m, support=None, peak=0.12721613845825194) 
imw-roma: Processing pair 22 from disk...
imw-roma: 5 match-sets in 2.85s
[Coarse] imw-roma pair 23: dE=-17911.9 m dN=-326.6 m (phasecorr@315m, support=None, peak=0.12881409482955933) 
imw-roma: Processing pair 23 from disk...
imw-roma: 3 match-sets in 2.28s
[Coarse] imw-roma pair 24: dE=-17792.7 m dN=-323.6 m (matcher@315m, support=1299, peak=None) 
imw-roma: Processing pair 24 from disk...
imw-roma: 5 match-sets in 2.89s
[Coarse] imw-roma pair 25: dE=-17813.5 m dN=-385.3 m (matcher@315m, support=508, peak=None) 
imw-roma: Processing pair 25 from disk...
imw-roma: 4 match-sets in 2.81s
[Coarse] imw-roma pair 26: dE=-17792.7 m dN=-323.6 m (from-pair-27, support=None, peak=None) 
imw-roma: Processing pair 26 from disk...
imw-roma: 2 match-sets in 1.17s
[Coarse] imw-roma pair 27: dE=-17792.7 m dN=-323.6 m (from-pair-24 (phasecorr disagreed), support=None, peak=0.05064041456057702) 
imw-roma: Processing pair 27 from disk...
imw-roma: 2 match-sets in 1.20s
Saved:
 CHIP_STATS_ALL.csv
 CHIP_STATS_SURVIVORS.csv
 CONSENSUS_SCORES.csv
 BEST_CHIP_SET.csv
 BEST_CHIP_MANIFEST.csv
 BEST_FINAL_SUMMARY.csv
[band1] imw-roma ok in 1.4 min, peak GPU memory 5.3 of 39.4 GB
[imw-roma] Model unloaded.
--------------------------------------------------------------------------------
[band1] Running imw-dkm
[imw-dkm] Loading model...
[Coarse] pair 8: no reliable coarse offset (matcher: no matches; phasecorr: {'dx': -18002.059573769864, 'dy': -489.60497923140906, 'support': None, 'n': None, 'peak': 0.011968647486368816}); windows compared in place
[Coarse] pair 20: no reliable coarse offset (matcher: {'dx': 4894.4970703125, 'dy': -20706.471118927002, 'support': 63, 'n': 455, 'peak': None}; phasecorr: {'dx': -28903.23193639674, 'dy': -12953.216285335406, 'support': None, 'n': None, 'peak': 0.008737401829825507}); windows compared in place
[Coarse] pair 26: no reliable coarse offset (matcher: no matches; phasecorr: {'dx': -96306.08142606622, 'dy': -17142.367293993742, 'support': None, 'n': None, 'peak': 0.02253384519977334}); windows compared in place
[Coarse] pair 18: the matcher gave dE=1662 m dN=-20638 m on 113 matches, apart from the 19 pairs that agree; using pair 25's (dE=-17767 m dN=-297 m)
[Coarse] pair 21: the matcher gave dE=5652 m dN=-20600 m on 132 matches, apart from the 19 pairs that agree; using pair 25's (dE=-17767 m dN=-297 m)
[Coarse] pair 12: phase correlation gave dE=-1877 m dN=10017 m, 8.3 km from every offset the matcher measured; using pair 7's (dE=-17894 m dN=-514 m)
[Coarse] pair 13: phase correlation gave dE=7584 m dN=8567 m, 12.8 km from every offset the matcher measured; using pair 7's (dE=-17894 m dN=-514 m)
[Coarse] pair 19: phase correlation gave dE=11920 m dN=-17918 m, 34.5 km from every offset the matcher measured; using pair 25's (dE=-17767 m dN=-297 m)
[Coarse] pair 27: phase correlation gave dE=-97898 m dN=-6012 m, 80.0 km from every offset the matcher measured; using pair 24's (dE=-17760 m dN=-240 m)
[Coarse] WARNING: imw-dkm: the pairs' coarse offsets differ by up to 19 km, more than one image moves from place to place. Pairs with a wrong offset match the wrong ground (the chip consensus drops them when they are few); if most pairs disagree, check the input's pixel size and window size.
[Coarse] imw-dkm pair 1: dE=-17969.0 m dN=-564.9 m (matcher@315m, support=2580, peak=None) 
imw-dkm: Processing pair 1 from disk...
imw-dkm: 2 match-sets in 0.95s
[Coarse] imw-dkm pair 2: dE=-18042.5 m dN=-447.8 m (matcher@315m, support=605, peak=None) 
imw-dkm: Processing pair 2 from disk...
imw-dkm: 2 match-sets in 0.95s
[Coarse] imw-dkm pair 3: dE=-19820.6 m dN=18561.2 m (matcher@315m, support=9, peak=None) 
imw-dkm: Processing pair 3 from disk...
imw-dkm: 2 match-sets in 0.96s
[Coarse] imw-dkm pair 4: dE=-18072.4 m dN=-528.6 m (matcher@315m, support=2793, peak=None) 
imw-dkm: Processing pair 4 from disk...
imw-dkm: 2 match-sets in 0.96s
[Coarse] imw-dkm pair 5: dE=-17671.1 m dN=17987.2 m (matcher@315m, support=1371, peak=None) 
imw-dkm: Processing pair 5 from disk...
imw-dkm: 2 match-sets in 0.97s
[Coarse] imw-dkm pair 6: dE=-12144.5 m dN=16945.3 m (matcher@315m, support=197, peak=None) 
imw-dkm: Processing pair 6 from disk...
imw-dkm: 2 match-sets in 0.97s
[Coarse] imw-dkm pair 7: dE=-17893.9 m dN=-513.7 m (matcher@315m, support=1741, peak=None) 
imw-dkm: Processing pair 7 from disk...
imw-dkm: 6 match-sets in 2.94s
[Coarse] imw-dkm pair 8: dE=-17893.9 m dN=-513.7 m (from-pair-7, support=None, peak=None) 
imw-dkm: Processing pair 8 from disk...
imw-dkm: 6 match-sets in 2.97s
[Coarse] imw-dkm pair 9: dE=-17933.9 m dN=-521.7 m (matcher@315m, support=2254, peak=None) 
imw-dkm: Processing pair 9 from disk...
imw-dkm: 6 match-sets in 2.91s
[Coarse] imw-dkm pair 10: dE=-757.5 m dN=18263.0 m (matcher@315m, support=10, peak=None) 
imw-dkm: Processing pair 10 from disk...
imw-dkm: 6 match-sets in 2.86s
[Coarse] imw-dkm pair 11: dE=-17983.6 m dN=-289.6 m (matcher@315m, support=2112, peak=None) 
imw-dkm: Processing pair 11 from disk...
imw-dkm: 6 match-sets in 2.84s
[Coarse] imw-dkm pair 12: dE=-17893.9 m dN=-513.7 m (from-pair-7 (phasecorr disagreed), support=None, peak=0.1047012765466431) 
imw-dkm: Processing pair 12 from disk...
imw-dkm: 0 match-sets in 0.00s
[Coarse] imw-dkm pair 13: dE=-17893.9 m dN=-513.7 m (from-pair-7 (phasecorr disagreed), support=None, peak=0.09384612739086151) 
imw-dkm: Processing pair 13 from disk...
imw-dkm: 0 match-sets in 0.00s
[Coarse] imw-dkm pair 14: dE=-17878.6 m dN=-183.2 m (matcher@315m, support=3040, peak=None) 
imw-dkm: Processing pair 14 from disk...
imw-dkm: 6 match-sets in 2.91s
[Coarse] imw-dkm pair 15: dE=-17883.7 m dN=-219.9 m (matcher@315m, support=3431, peak=None) 
imw-dkm: Processing pair 15 from disk...
imw-dkm: 6 match-sets in 2.91s
[Coarse] imw-dkm pair 16: dE=-17954.9 m dN=-160.0 m (matcher@315m, support=3853, peak=None) 
imw-dkm: Processing pair 16 from disk...
imw-dkm: 6 match-sets in 2.91s
[Coarse] imw-dkm pair 17: dE=-17977.8 m dN=-195.2 m (matcher@315m, support=3580, peak=None) 
imw-dkm: Processing pair 17 from disk...
imw-dkm: 6 match-sets in 2.90s
[Coarse] imw-dkm pair 18: dE=-17766.6 m dN=-297.4 m (from-pair-25 (matcher outlier), support=None, peak=None) 
imw-dkm: Processing pair 18 from disk...
imw-dkm: 0 match-sets in 0.00s
[Coarse] imw-dkm pair 19: dE=-17766.6 m dN=-297.4 m (from-pair-25 (phasecorr disagreed), support=None, peak=0.15104582491848204) 
imw-dkm: Processing pair 19 from disk...
imw-dkm: 0 match-sets in 0.00s
[Coarse] imw-dkm pair 20: dE=-17766.6 m dN=-297.4 m (from-pair-19, support=None, peak=None) 
imw-dkm: Processing pair 20 from disk...
imw-dkm: 0 match-sets in 0.00s
[Coarse] imw-dkm pair 21: dE=-17766.6 m dN=-297.4 m (from-pair-25 (matcher outlier), support=None, peak=None) 
imw-dkm: Processing pair 21 from disk...
imw-dkm: 0 match-sets in 0.00s
[Coarse] imw-dkm pair 22: dE=-17754.6 m dN=-245.9 m (matcher@315m, support=3100, peak=None) 
imw-dkm: Processing pair 22 from disk...
imw-dkm: 5 match-sets in 2.37s
[Coarse] imw-dkm pair 23: dE=-17911.9 m dN=-326.6 m (phasecorr@315m, support=None, peak=0.12881409482955933) 
imw-dkm: Processing pair 23 from disk...
imw-dkm: 4 match-sets in 1.92s
[Coarse] imw-dkm pair 24: dE=-17760.5 m dN=-240.4 m (matcher@315m, support=2238, peak=None) 
imw-dkm: Processing pair 24 from disk...
imw-dkm: 5 match-sets in 2.41s
[Coarse] imw-dkm pair 25: dE=-17766.6 m dN=-297.4 m (matcher@315m, support=3573, peak=None) 
imw-dkm: Processing pair 25 from disk...
imw-dkm: 5 match-sets in 2.36s
[Coarse] imw-dkm pair 26: dE=-17760.5 m dN=-240.4 m (from-pair-27, support=None, peak=None) 
imw-dkm: Processing pair 26 from disk...
imw-dkm: 2 match-sets in 1.01s
[Coarse] imw-dkm pair 27: dE=-17760.5 m dN=-240.4 m (from-pair-24 (phasecorr disagreed), support=None, peak=0.05064041456057702) 
imw-dkm: Processing pair 27 from disk...
imw-dkm: 2 match-sets in 1.00s
Saved:
 CHIP_STATS_ALL.csv
 CHIP_STATS_SURVIVORS.csv
 CONSENSUS_SCORES.csv
 BEST_CHIP_SET.csv
 BEST_CHIP_MANIFEST.csv
 BEST_FINAL_SUMMARY.csv
[band1] imw-dkm ok in 1.4 min, peak GPU memory 33.8 of 39.4 GB
[imw-dkm] Model unloaded.
--------------------------------------------------------------------------------
[band1] Running imw-dad-roma
[imw-dad-roma] Loading model...
[Coarse] pair 5: no reliable coarse offset (matcher: no matches; phasecorr: {'dx': 3156.3479216096807, 'dy': 18300.67805989782, 'support': None, 'n': None, 'peak': 0.020832994549224774}); windows compared in place
[Coarse] pair 7: no reliable coarse offset (matcher: no matches; phasecorr: {'dx': -17660.72648465004, 'dy': -478.5174601560547, 'support': None, 'n': None, 'peak': 0.0218074359204816}); windows compared in place
[Coarse] pair 8: no reliable coarse offset (matcher: no matches; phasecorr: {'dx': -18002.059573769864, 'dy': -489.60497923140906, 'support': None, 'n': None, 'peak': 0.011968647486368816}); windows compared in place
[Coarse] pair 20: no reliable coarse offset (matcher: no matches; phasecorr: {'dx': -28903.23193639674, 'dy': -12953.216285335406, 'support': None, 'n': None, 'peak': 0.008737401829825507}); windows compared in place
[Coarse] pair 26: no reliable coarse offset (matcher: no matches; phasecorr: {'dx': -96306.08142606622, 'dy': -17142.367293993742, 'support': None, 'n': None, 'peak': 0.02253384519977334}); windows compared in place
[Coarse] pair 10: phase correlation gave dE=43169 m dN=-4147 m, 61.1 km from every offset the matcher measured; using pair 11's (dE=-18036 m dN=-238 m)
[Coarse] pair 12: phase correlation gave dE=-1877 m dN=10017 m, 17.3 km from every offset the matcher measured; using pair 11's (dE=-18036 m dN=-238 m)
[Coarse] pair 13: phase correlation gave dE=7584 m dN=8567 m, 25.8 km from every offset the matcher measured; using pair 11's (dE=-18036 m dN=-238 m)
[Coarse] pair 18: phase correlation gave dE=744 m dN=-16615 m, 24.7 km from every offset the matcher measured; using pair 15's (dE=-17918 m dN=-189 m)
[Coarse] pair 19: phase correlation gave dE=11920 m dN=-17918 m, 34.6 km from every offset the matcher measured; using pair 15's (dE=-17918 m dN=-189 m)
[Coarse] pair 21: phase correlation gave dE=-11414 m dN=-17047 m, 17.8 km from every offset the matcher measured; using pair 15's (dE=-17918 m dN=-189 m)
[Coarse] pair 27: phase correlation gave dE=-97898 m dN=-6012 m, 77.9 km from every offset the matcher measured; using pair 17's (dE=-17982 m dN=-148 m)
[Coarse] imw-dad-roma pair 1: dE=-17941.3 m dN=-422.9 m (matcher@315m, support=15, peak=None) 
imw-dad-roma: Processing pair 1 from disk...
imw-dad-roma: 2 match-sets in 11.05s
[Coarse] imw-dad-roma pair 2: dE=-20210.0 m dN=74.6 m (matcher@315m, support=8, peak=None) 
imw-dad-roma: Processing pair 2 from disk...
imw-dad-roma: 2 match-sets in 0.98s
[Coarse] imw-dad-roma pair 3: dE=-19731.3 m dN=1126.8 m (matcher@315m, support=11, peak=None) 
imw-dad-roma: Processing pair 3 from disk...
imw-dad-roma: 2 match-sets in 0.99s
[Coarse] imw-dad-roma pair 4: dE=-18070.5 m dN=-486.2 m (matcher@315m, support=36, peak=None) 
imw-dad-roma: Processing pair 4 from disk...
imw-dad-roma: 2 match-sets in 7.35s
[Coarse] imw-dad-roma pair 5: dE=-17562.4 m dN=2734.9 m (from-pair-6, support=None, peak=None) 
imw-dad-roma: Processing pair 5 from disk...
imw-dad-roma: 2 match-sets in 7.41s
[Coarse] imw-dad-roma pair 6: dE=-17562.4 m dN=2734.9 m (matcher@315m, support=9, peak=None) 
imw-dad-roma: Processing pair 6 from disk...
imw-dad-roma: 2 match-sets in 1.08s
[Coarse] imw-dad-roma pair 7: dE=-17790.5 m dN=-428.0 m (from-pair-9, support=None, peak=None) 
imw-dad-roma: Processing pair 7 from disk...
imw-dad-roma: 6 match-sets in 10.03s
[Coarse] imw-dad-roma pair 8: dE=-17790.5 m dN=-428.0 m (from-pair-9, support=None, peak=None) 
imw-dad-roma: Processing pair 8 from disk...
imw-dad-roma: 6 match-sets in 3.37s
[Coarse] imw-dad-roma pair 9: dE=-17790.5 m dN=-428.0 m (phasecorr@315m, support=None, peak=0.031066529352914596) 
imw-dad-roma: Processing pair 9 from disk...
imw-dad-roma: 6 match-sets in 16.05s
[Coarse] imw-dad-roma pair 10: dE=-18035.9 m dN=-238.2 m (from-pair-11 (phasecorr disagreed), support=None, peak=0.04791493653487985) 
imw-dad-roma: Processing pair 10 from disk...
imw-dad-roma: 6 match-sets in 6.14s
[Coarse] imw-dad-roma pair 11: dE=-18035.9 m dN=-238.2 m (matcher@315m, support=135, peak=None) 
imw-dad-roma: Processing pair 11 from disk...
imw-dad-roma: 6 match-sets in 6.02s
[Coarse] imw-dad-roma pair 12: dE=-18035.9 m dN=-238.2 m (from-pair-11 (phasecorr disagreed), support=None, peak=0.1047012765466431) 
imw-dad-roma: Processing pair 12 from disk...
imw-dad-roma: 0 match-sets in 0.00s
[Coarse] imw-dad-roma pair 13: dE=-18035.9 m dN=-238.2 m (from-pair-11 (phasecorr disagreed), support=None, peak=0.09384612739086151) 
imw-dad-roma: Processing pair 13 from disk...
imw-dad-roma: 0 match-sets in 0.00s
[Coarse] imw-dad-roma pair 14: dE=-17864.5 m dN=-245.3 m (matcher@315m, support=118, peak=None) 
imw-dad-roma: Processing pair 14 from disk...
imw-dad-roma: 6 match-sets in 6.34s
[Coarse] imw-dad-roma pair 15: dE=-17917.6 m dN=-188.9 m (matcher@315m, support=728, peak=None) 
imw-dad-roma: Processing pair 15 from disk...
imw-dad-roma: 6 match-sets in 3.32s
[Coarse] imw-dad-roma pair 16: dE=-17976.2 m dN=-139.2 m (matcher@315m, support=747, peak=None) 
imw-dad-roma: Processing pair 16 from disk...
imw-dad-roma: 6 match-sets in 3.09s
[Coarse] imw-dad-roma pair 17: dE=-17981.7 m dN=-147.6 m (matcher@315m, support=822, peak=None) 
imw-dad-roma: Processing pair 17 from disk...
imw-dad-roma: 6 match-sets in 3.10s
[Coarse] imw-dad-roma pair 18: dE=-17917.6 m dN=-188.9 m (from-pair-15 (phasecorr disagreed), support=None, peak=0.06863816733713503) 
imw-dad-roma: Processing pair 18 from disk...
imw-dad-roma: 0 match-sets in 0.00s
[Coarse] imw-dad-roma pair 19: dE=-17917.6 m dN=-188.9 m (from-pair-15 (phasecorr disagreed), support=None, peak=0.15104582491848204) 
imw-dad-roma: Processing pair 19 from disk...
imw-dad-roma: 0 match-sets in 0.00s
[Coarse] imw-dad-roma pair 20: dE=-17917.6 m dN=-188.9 m (from-pair-19, support=None, peak=None) 
imw-dad-roma: Processing pair 20 from disk...
imw-dad-roma: 0 match-sets in 0.00s
[Coarse] imw-dad-roma pair 21: dE=-17917.6 m dN=-188.9 m (from-pair-15 (phasecorr disagreed), support=None, peak=0.036990950946454645) 
imw-dad-roma: Processing pair 21 from disk...
imw-dad-roma: 0 match-sets in 0.00s
[Coarse] imw-dad-roma pair 22: dE=-17882.3 m dN=-311.5 m (phasecorr@315m, support=None, peak=0.12721613845825194) 
imw-dad-roma: Processing pair 22 from disk...
imw-dad-roma: 5 match-sets in 5.23s
[Coarse] imw-dad-roma pair 23: dE=-17911.9 m dN=-326.6 m (phasecorr@315m, support=None, peak=0.12881409482955933) 
imw-dad-roma: Processing pair 23 from disk...
imw-dad-roma: 4 match-sets in 2.18s
[Coarse] imw-dad-roma pair 24: dE=-17928.8 m dN=-415.6 m (phasecorr@315m, support=None, peak=0.035175936365127565) 
imw-dad-roma: Processing pair 24 from disk...
imw-dad-roma: 5 match-sets in 2.64s
[Coarse] imw-dad-roma pair 25: dE=-17844.2 m dN=-348.0 m (phasecorr@315m, support=None, peak=0.15328786741892497) 
imw-dad-roma: Processing pair 25 from disk...
imw-dad-roma: 5 match-sets in 2.63s
[Coarse] imw-dad-roma pair 26: dE=-17981.7 m dN=-147.6 m (from-pair-27, support=None, peak=None) 
imw-dad-roma: Processing pair 26 from disk...
imw-dad-roma: 2 match-sets in 1.11s
[Coarse] imw-dad-roma pair 27: dE=-17981.7 m dN=-147.6 m (from-pair-17 (phasecorr disagreed), support=None, peak=0.05064041456057702) 
imw-dad-roma: Processing pair 27 from disk...
imw-dad-roma: 2 match-sets in 1.13s
Saved:
 CHIP_STATS_ALL.csv
 CHIP_STATS_SURVIVORS.csv
 CONSENSUS_SCORES.csv
 BEST_CHIP_SET.csv
 BEST_CHIP_MANIFEST.csv
 BEST_FINAL_SUMMARY.csv
[band1] imw-dad-roma ok in 3.2 min, peak GPU memory 33.9 of 39.4 GB
[imw-dad-roma] Model unloaded.
--------------------------------------------------------------------------------
[band1] Running imw-rdd-dense
[imw-rdd-dense] Loading model...
config {'activation': 'relu', 'block_dims': [8, 16, 32, 64], 'd_model': 256, 'detection_threshold': 0.1, 'device': device(type='cuda'), 'dim_feedforward': 1024, 'dropout': 0.1, 'enc_n_points': 8, 'hidden_dim': 256, 'lr_backbone': 2e-05, 'nhead': 8, 'num_encoder_layers': 4, 'num_feature_levels': 5, 'top_k': 4096, 'train_detector': False, 'weights': '/maintenance/ICIGDev/GPUPOC/input/dqe/imw_runtime/imw_cache/huggingface/hub/models--Realcat--imcui_checkpoints/snapshots/e72b489e927e7a8202f505c1b4db1474fd22b8b7/rdd/RDD-v2.pth'}
[Coarse] pair 3: no reliable coarse offset (matcher: no matches; phasecorr: {'dx': -16147.443677524008, 'dy': -26751.975000537102, 'support': None, 'n': None, 'peak': 0.00032880983234923565}); windows compared in place
[Coarse] pair 4: no reliable coarse offset (matcher: no matches; phasecorr: {'dx': 12882.472481301173, 'dy': 92621.70938170607, 'support': None, 'n': None, 'peak': -0.00012715039429841217}); windows compared in place
[Coarse] pair 5: no reliable coarse offset (matcher: no matches; phasecorr: {'dx': 3156.3479216096807, 'dy': 18300.67805989782, 'support': None, 'n': None, 'peak': 0.020832994549224774}); windows compared in place
[Coarse] pair 6: no reliable coarse offset (matcher: no matches; phasecorr: {'dx': -15852.800158210905, 'dy': 18737.59796077822, 'support': None, 'n': None, 'peak': -0.0027571213742097218}); windows compared in place
[Coarse] pair 7: no reliable coarse offset (matcher: no matches; phasecorr: {'dx': -17660.72648465004, 'dy': -478.5174601560547, 'support': None, 'n': None, 'peak': 0.0218074359204816}); windows compared in place
[Coarse] pair 8: no reliable coarse offset (matcher: no matches; phasecorr: {'dx': -18002.059573769864, 'dy': -489.60497923140906, 'support': None, 'n': None, 'peak': 0.011968647486368816}); windows compared in place
[Coarse] pair 11: no reliable coarse offset (matcher: no matches; phasecorr: {'dx': -18107.733154651494, 'dy': -332.5590928480355, 'support': None, 'n': None, 'peak': 0.020898853179031604}); windows compared in place
[Coarse] pair 20: no reliable coarse offset (matcher: RuntimeError: selected index k out of range; phasecorr: {'dx': -28903.23193639674, 'dy': -12953.216285335406, 'support': None, 'n': None, 'peak': 0.008737401829825507}); windows compared in place
[Coarse] pair 26: no reliable coarse offset (matcher: no matches; phasecorr: {'dx': -96306.08142606622, 'dy': -17142.367293993742, 'support': None, 'n': None, 'peak': 0.02253384519977334}); windows compared in place
[Coarse] pair 2: phase correlation gave dE=-8934 m dN=5487 m, 10.5 km from every offset the matcher measured; using pair 14's (dE=-17864 m dN=-113 m)
[Coarse] pair 10: phase correlation gave dE=43169 m dN=-4147 m, 61.1 km from every offset the matcher measured; using pair 14's (dE=-17864 m dN=-113 m)
[Coarse] pair 12: phase correlation gave dE=-1877 m dN=10017 m, 18.9 km from every offset the matcher measured; using pair 14's (dE=-17864 m dN=-113 m)
[Coarse] pair 13: phase correlation gave dE=7584 m dN=8567 m, 26.9 km from every offset the matcher measured; using pair 14's (dE=-17864 m dN=-113 m)
[Coarse] pair 18: phase correlation gave dE=744 m dN=-16615 m, 24.7 km from every offset the matcher measured; using pair 25's (dE=-17909 m dN=-258 m)
[Coarse] pair 19: phase correlation gave dE=11920 m dN=-17918 m, 34.6 km from every offset the matcher measured; using pair 25's (dE=-17909 m dN=-258 m)
[Coarse] pair 21: phase correlation gave dE=-11414 m dN=-17047 m, 17.9 km from every offset the matcher measured; using pair 25's (dE=-17909 m dN=-258 m)
[Coarse] pair 27: phase correlation gave dE=-97898 m dN=-6012 m, 80.1 km from every offset the matcher measured; using pair 23's (dE=-17822 m dN=-229 m)
[Coarse] imw-rdd-dense pair 1: dE=-18062.2 m dN=-904.8 m (phasecorr@315m, support=None, peak=0.03257782713572184) 
imw-rdd-dense: Processing pair 1 from disk...
[imw-rdd-dense/internal] window (256,0) error: RuntimeError: selected index k out of range
imw-rdd-dense: 0 match-sets in 0.17s
[Coarse] imw-rdd-dense pair 2: dE=-17863.8 m dN=-113.3 m (from-pair-14 (phasecorr disagreed), support=None, peak=0.03413578109976686) 
imw-rdd-dense: Processing pair 2 from disk...
[imw-rdd-dense/internal] window (256,0) error: RuntimeError: selected index k out of range
imw-rdd-dense: 0 match-sets in 0.15s
[Coarse] imw-rdd-dense pair 3: dE=-18062.2 m dN=-904.8 m (from-pair-1, support=None, peak=None) 
imw-rdd-dense: Processing pair 3 from disk...
[imw-rdd-dense/internal] window (256,0) error: RuntimeError: selected index k out of range
imw-rdd-dense: 0 match-sets in 0.15s
[Coarse] imw-rdd-dense pair 4: dE=-17863.8 m dN=-113.3 m (from-pair-2, support=None, peak=None) 
imw-rdd-dense: Processing pair 4 from disk...
imw-rdd-dense: 1 match-sets in 0.38s
[Coarse] imw-rdd-dense pair 5: dE=-17863.8 m dN=-113.3 m (from-pair-2, support=None, peak=None) 
imw-rdd-dense: Processing pair 5 from disk...
imw-rdd-dense: 0 match-sets in 0.24s
[Coarse] imw-rdd-dense pair 6: dE=-17863.8 m dN=-113.3 m (from-pair-2, support=None, peak=None) 
imw-rdd-dense: Processing pair 6 from disk...
imw-rdd-dense: 0 match-sets in 0.24s
[Coarse] imw-rdd-dense pair 7: dE=-17790.5 m dN=-428.0 m (from-pair-9, support=None, peak=None) 
imw-rdd-dense: Processing pair 7 from disk...
imw-rdd-dense: 0 match-sets in 0.81s
[Coarse] imw-rdd-dense pair 8: dE=-17790.5 m dN=-428.0 m (from-pair-9, support=None, peak=None) 
imw-rdd-dense: Processing pair 8 from disk...
imw-rdd-dense: 0 match-sets in 0.82s
[Coarse] imw-rdd-dense pair 9: dE=-17790.5 m dN=-428.0 m (phasecorr@315m, support=None, peak=0.031066529352914596) 
imw-rdd-dense: Processing pair 9 from disk...
imw-rdd-dense: 0 match-sets in 0.80s
[Coarse] imw-rdd-dense pair 10: dE=-17863.8 m dN=-113.3 m (from-pair-14 (phasecorr disagreed), support=None, peak=0.04791493653487985) 
imw-rdd-dense: Processing pair 10 from disk...
imw-rdd-dense: 0 match-sets in 0.70s
[Coarse] imw-rdd-dense pair 11: dE=-17863.8 m dN=-113.3 m (from-pair-10, support=None, peak=None) 
imw-rdd-dense: Processing pair 11 from disk...
imw-rdd-dense: 0 match-sets in 0.71s
[Coarse] imw-rdd-dense pair 12: dE=-17863.8 m dN=-113.3 m (from-pair-14 (phasecorr disagreed), support=None, peak=0.1047012765466431) 
imw-rdd-dense: Processing pair 12 from disk...
imw-rdd-dense: 0 match-sets in 0.00s
[Coarse] imw-rdd-dense pair 13: dE=-17863.8 m dN=-113.3 m (from-pair-14 (phasecorr disagreed), support=None, peak=0.09384612739086151) 
imw-rdd-dense: Processing pair 13 from disk...
imw-rdd-dense: 0 match-sets in 0.00s
[Coarse] imw-rdd-dense pair 14: dE=-17863.8 m dN=-113.3 m (matcher@315m, support=100, peak=None) 
imw-rdd-dense: Processing pair 14 from disk...
imw-rdd-dense: 2 match-sets in 0.89s
[Coarse] imw-rdd-dense pair 15: dE=-17902.9 m dN=-268.3 m (matcher@315m, support=257, peak=None) 
imw-rdd-dense: Processing pair 15 from disk...
imw-rdd-dense: 1 match-sets in 0.88s
[Coarse] imw-rdd-dense pair 16: dE=-17974.2 m dN=-376.7 m (matcher@315m, support=146, peak=None) 
imw-rdd-dense: Processing pair 16 from disk...
imw-rdd-dense: 2 match-sets in 0.73s
[Coarse] imw-rdd-dense pair 17: dE=-17998.1 m dN=-362.1 m (matcher@315m, support=284, peak=None) 
imw-rdd-dense: Processing pair 17 from disk...
imw-rdd-dense: 2 match-sets in 0.74s
[Coarse] imw-rdd-dense pair 18: dE=-17908.5 m dN=-257.6 m (from-pair-25 (phasecorr disagreed), support=None, peak=0.06863816733713503) 
imw-rdd-dense: Processing pair 18 from disk...
imw-rdd-dense: 0 match-sets in 0.00s
[Coarse] imw-rdd-dense pair 19: dE=-17908.5 m dN=-257.6 m (from-pair-25 (phasecorr disagreed), support=None, peak=0.15104582491848204) 
imw-rdd-dense: Processing pair 19 from disk...
imw-rdd-dense: 0 match-sets in 0.00s
[Coarse] imw-rdd-dense pair 20: dE=-17908.5 m dN=-257.6 m (from-pair-19, support=None, peak=None) 
imw-rdd-dense: Processing pair 20 from disk...
imw-rdd-dense: 0 match-sets in 0.00s
[Coarse] imw-rdd-dense pair 21: dE=-17908.5 m dN=-257.6 m (from-pair-25 (phasecorr disagreed), support=None, peak=0.036990950946454645) 
imw-rdd-dense: Processing pair 21 from disk...
imw-rdd-dense: 0 match-sets in 0.00s
[Coarse] imw-rdd-dense pair 22: dE=-17782.0 m dN=-243.7 m (matcher@315m, support=12, peak=None) 
imw-rdd-dense: Processing pair 22 from disk...
[imw-rdd-dense/internal] window (0,512) error: RuntimeError: selected index k out of range
imw-rdd-dense: 1 match-sets in 0.60s
[Coarse] imw-rdd-dense pair 23: dE=-17821.7 m dN=-229.1 m (matcher@315m, support=20, peak=None) 
imw-rdd-dense: Processing pair 23 from disk...
imw-rdd-dense: 1 match-sets in 0.54s
[Coarse] imw-rdd-dense pair 24: dE=-17868.8 m dN=-215.4 m (matcher@315m, support=49, peak=None) 
imw-rdd-dense: Processing pair 24 from disk...
[imw-rdd-dense/internal] window (0,512) error: RuntimeError: selected index k out of range
imw-rdd-dense: 1 match-sets in 0.58s
[Coarse] imw-rdd-dense pair 25: dE=-17908.5 m dN=-257.6 m (matcher@315m, support=39, peak=None) 
imw-rdd-dense: Processing pair 25 from disk...
[imw-rdd-dense/internal] window (0,512) error: RuntimeError: selected index k out of range
imw-rdd-dense: 1 match-sets in 0.60s
[Coarse] imw-rdd-dense pair 26: dE=-17821.7 m dN=-229.1 m (from-pair-27, support=None, peak=None) 
imw-rdd-dense: Processing pair 26 from disk...
imw-rdd-dense: 0 match-sets in 0.24s
[Coarse] imw-rdd-dense pair 27: dE=-17821.7 m dN=-229.1 m (from-pair-23 (phasecorr disagreed), support=None, peak=0.05064041456057702) 
imw-rdd-dense: Processing pair 27 from disk...
imw-rdd-dense: 0 match-sets in 0.23s
Saved:
 CHIP_STATS_ALL.csv
 CHIP_STATS_SURVIVORS.csv
 CONSENSUS_SCORES.csv
 BEST_CHIP_SET.csv
 BEST_CHIP_MANIFEST.csv
 BEST_FINAL_SUMMARY.csv
[band1] imw-rdd-dense ok in 0.3 min, peak GPU memory 8.7 of 39.4 GB
[imw-rdd-dense] Model unloaded.
--------------------------------------------------------------------------------
[band1] Running imw-xfeat-lg
[imw-xfeat-lg] Loading model...
Using cache found in /maintenance/ICIGDev/GPUPOC/input/dqe/imw_runtime/imw_cache/torch/hub/verlab_accelerated_features_main
Loaded LightGlue model
[Coarse] pair 6: no reliable coarse offset (matcher: no matches; phasecorr: {'dx': -15852.800158210905, 'dy': 18737.59796077822, 'support': None, 'n': None, 'peak': -0.0027571213742097218}); windows compared in place
[Coarse] pair 7: no reliable coarse offset (matcher: no matches; phasecorr: {'dx': -17660.72648465004, 'dy': -478.5174601560547, 'support': None, 'n': None, 'peak': 0.0218074359204816}); windows compared in place
[Coarse] pair 8: no reliable coarse offset (matcher: no matches; phasecorr: {'dx': -18002.059573769864, 'dy': -489.60497923140906, 'support': None, 'n': None, 'peak': 0.011968647486368816}); windows compared in place
[Coarse] pair 20: no reliable coarse offset (matcher: no matches; phasecorr: {'dx': -28903.23193639674, 'dy': -12953.216285335406, 'support': None, 'n': None, 'peak': 0.008737401829825507}); windows compared in place
[Coarse] pair 26: no reliable coarse offset (matcher: no matches; phasecorr: {'dx': -96306.08142606622, 'dy': -17142.367293993742, 'support': None, 'n': None, 'peak': 0.02253384519977334}); windows compared in place
[Coarse] pair 10: phase correlation gave dE=43169 m dN=-4147 m, 60.9 km from every offset the matcher measured; using pair 11's (dE=-17955 m dN=-315 m)
[Coarse] pair 12: phase correlation gave dE=-1877 m dN=10017 m, 18.7 km from every offset the matcher measured; using pair 11's (dE=-17955 m dN=-315 m)
[Coarse] pair 13: phase correlation gave dE=7584 m dN=8567 m, 26.6 km from every offset the matcher measured; using pair 11's (dE=-17955 m dN=-315 m)
[Coarse] pair 18: phase correlation gave dE=744 m dN=-16615 m, 24.6 km from every offset the matcher measured; using pair 25's (dE=-17955 m dN=-315 m)
[Coarse] pair 19: phase correlation gave dE=11920 m dN=-17918 m, 34.4 km from every offset the matcher measured; using pair 25's (dE=-17955 m dN=-315 m)
[Coarse] pair 21: phase correlation gave dE=-11414 m dN=-17047 m, 17.7 km from every offset the matcher measured; using pair 25's (dE=-17955 m dN=-315 m)
[Coarse] pair 27: phase correlation gave dE=-97898 m dN=-6012 m, 78.0 km from every offset the matcher measured; using pair 23's (dE=-17640 m dN=-315 m)
[Coarse] imw-xfeat-lg pair 1: dE=-18270.0 m dN=-630.0 m (matcher@315m, support=92, peak=None) 
imw-xfeat-lg: Processing pair 1 from disk...
imw-xfeat-lg: 2 match-sets in 0.28s
[Coarse] imw-xfeat-lg pair 2: dE=-17955.0 m dN=-630.0 m (matcher@315m, support=85, peak=None) 
imw-xfeat-lg: Processing pair 2 from disk...
imw-xfeat-lg: 2 match-sets in 0.09s
[Coarse] imw-xfeat-lg pair 3: dE=-20160.0 m dN=945.0 m (matcher@315m, support=10, peak=None) 
imw-xfeat-lg: Processing pair 3 from disk...
imw-xfeat-lg: 1 match-sets in 0.09s
[Coarse] imw-xfeat-lg pair 4: dE=-17640.0 m dN=0.0 m (matcher@315m, support=11, peak=None) 
imw-xfeat-lg: Processing pair 4 from disk...
imw-xfeat-lg: 2 match-sets in 0.24s
[Coarse] imw-xfeat-lg pair 5: dE=-17955.0 m dN=0.0 m (matcher@315m, support=61, peak=None) 
imw-xfeat-lg: Processing pair 5 from disk...
imw-xfeat-lg: 2 match-sets in 0.20s
[Coarse] imw-xfeat-lg pair 6: dE=-17955.0 m dN=0.0 m (from-pair-5, support=None, peak=None) 
imw-xfeat-lg: Processing pair 6 from disk...
imw-xfeat-lg: 0 match-sets in 0.13s
[Coarse] imw-xfeat-lg pair 7: dE=-17790.5 m dN=-428.0 m (from-pair-9, support=None, peak=None) 
imw-xfeat-lg: Processing pair 7 from disk...
imw-xfeat-lg: 6 match-sets in 0.49s
[Coarse] imw-xfeat-lg pair 8: dE=-17790.5 m dN=-428.0 m (from-pair-9, support=None, peak=None) 
imw-xfeat-lg: Processing pair 8 from disk...
imw-xfeat-lg: 5 match-sets in 0.34s
[Coarse] imw-xfeat-lg pair 9: dE=-17790.5 m dN=-428.0 m (phasecorr@315m, support=None, peak=0.031066529352914596) 
imw-xfeat-lg: Processing pair 9 from disk...
imw-xfeat-lg: 6 match-sets in 0.54s
[Coarse] imw-xfeat-lg pair 10: dE=-17955.0 m dN=-315.0 m (from-pair-11 (phasecorr disagreed), support=None, peak=0.04791493653487985) 
imw-xfeat-lg: Processing pair 10 from disk...
imw-xfeat-lg: 4 match-sets in 0.44s
[Coarse] imw-xfeat-lg pair 11: dE=-17955.0 m dN=-315.0 m (matcher@315m, support=19, peak=None) 
imw-xfeat-lg: Processing pair 11 from disk...
imw-xfeat-lg: 5 match-sets in 0.32s
[Coarse] imw-xfeat-lg pair 12: dE=-17955.0 m dN=-315.0 m (from-pair-11 (phasecorr disagreed), support=None, peak=0.1047012765466431) 
imw-xfeat-lg: Processing pair 12 from disk...
imw-xfeat-lg: 0 match-sets in 0.00s
[Coarse] imw-xfeat-lg pair 13: dE=-17955.0 m dN=-315.0 m (from-pair-11 (phasecorr disagreed), support=None, peak=0.09384612739086151) 
imw-xfeat-lg: Processing pair 13 from disk...
imw-xfeat-lg: 0 match-sets in 0.00s
[Coarse] imw-xfeat-lg pair 14: dE=-17955.0 m dN=-315.0 m (matcher@315m, support=400, peak=None) 
imw-xfeat-lg: Processing pair 14 from disk...
imw-xfeat-lg: 5 match-sets in 0.36s
[Coarse] imw-xfeat-lg pair 15: dE=-17955.0 m dN=-315.0 m (matcher@315m, support=821, peak=None) 
imw-xfeat-lg: Processing pair 15 from disk...
imw-xfeat-lg: 6 match-sets in 0.31s
[Coarse] imw-xfeat-lg pair 16: dE=-17955.0 m dN=-315.0 m (matcher@315m, support=712, peak=None) 
imw-xfeat-lg: Processing pair 16 from disk...
imw-xfeat-lg: 4 match-sets in 0.29s
[Coarse] imw-xfeat-lg pair 17: dE=-17955.0 m dN=-315.0 m (matcher@315m, support=890, peak=None) 
imw-xfeat-lg: Processing pair 17 from disk...
imw-xfeat-lg: 4 match-sets in 0.28s
[Coarse] imw-xfeat-lg pair 18: dE=-17955.0 m dN=-315.0 m (from-pair-25 (phasecorr disagreed), support=None, peak=0.06863816733713503) 
imw-xfeat-lg: Processing pair 18 from disk...
imw-xfeat-lg: 0 match-sets in 0.00s
[Coarse] imw-xfeat-lg pair 19: dE=-17955.0 m dN=-315.0 m (from-pair-25 (phasecorr disagreed), support=None, peak=0.15104582491848204) 
imw-xfeat-lg: Processing pair 19 from disk...
imw-xfeat-lg: 0 match-sets in 0.00s
[Coarse] imw-xfeat-lg pair 20: dE=-17955.0 m dN=-315.0 m (from-pair-19, support=None, peak=None) 
imw-xfeat-lg: Processing pair 20 from disk...
imw-xfeat-lg: 0 match-sets in 0.00s
[Coarse] imw-xfeat-lg pair 21: dE=-17955.0 m dN=-315.0 m (from-pair-25 (phasecorr disagreed), support=None, peak=0.036990950946454645) 
imw-xfeat-lg: Processing pair 21 from disk...
imw-xfeat-lg: 0 match-sets in 0.00s
[Coarse] imw-xfeat-lg pair 22: dE=-17640.0 m dN=-315.0 m (matcher@315m, support=395, peak=None) 
imw-xfeat-lg: Processing pair 22 from disk...
imw-xfeat-lg: 2 match-sets in 0.26s
[Coarse] imw-xfeat-lg pair 23: dE=-17640.0 m dN=-315.0 m (matcher@315m, support=389, peak=None) 
imw-xfeat-lg: Processing pair 23 from disk...
imw-xfeat-lg: 4 match-sets in 0.21s
[Coarse] imw-xfeat-lg pair 24: dE=-17955.0 m dN=-315.0 m (matcher@315m, support=337, peak=None) 
imw-xfeat-lg: Processing pair 24 from disk...
imw-xfeat-lg: 4 match-sets in 0.22s
[Coarse] imw-xfeat-lg pair 25: dE=-17955.0 m dN=-315.0 m (matcher@315m, support=484, peak=None) 
imw-xfeat-lg: Processing pair 25 from disk...
imw-xfeat-lg: 4 match-sets in 0.21s
[Coarse] imw-xfeat-lg pair 26: dE=-17640.0 m dN=-315.0 m (from-pair-27, support=None, peak=None) 
imw-xfeat-lg: Processing pair 26 from disk...
imw-xfeat-lg: 2 match-sets in 0.12s
[Coarse] imw-xfeat-lg pair 27: dE=-17640.0 m dN=-315.0 m (from-pair-23 (phasecorr disagreed), support=None, peak=0.05064041456057702) 
imw-xfeat-lg: Processing pair 27 from disk...
imw-xfeat-lg: 2 match-sets in 0.11s
Saved:
 CHIP_STATS_ALL.csv
 CHIP_STATS_SURVIVORS.csv
 CONSENSUS_SCORES.csv
 BEST_CHIP_SET.csv
 BEST_CHIP_MANIFEST.csv
 BEST_FINAL_SUMMARY.csv
[band1] imw-xfeat-lg ok in 0.2 min, peak GPU memory 0.6 of 39.4 GB
[imw-xfeat-lg] Model unloaded.
--------------------------------------------------------------------------------
[band1] Running imw-xfeat-dense
[imw-xfeat-dense] Loading model...
Using cache found in /maintenance/ICIGDev/GPUPOC/input/dqe/imw_runtime/imw_cache/torch/hub/verlab_accelerated_features_main
[Coarse] pair 6: no reliable coarse offset (matcher: no matches; phasecorr: {'dx': -15852.800158210905, 'dy': 18737.59796077822, 'support': None, 'n': None, 'peak': -0.0027571213742097218}); windows compared in place
[Coarse] pair 11: no reliable coarse offset (matcher: {'dx': -19067.72346496582, 'dy': 301.1956787109375, 'support': 4, 'n': 7, 'peak': None}; phasecorr: {'dx': -18107.733154651494, 'dy': -332.5590928480355, 'support': None, 'n': None, 'peak': 0.020898853179031604}); windows compared in place
[Coarse] pair 20: no reliable coarse offset (matcher: no matches; phasecorr: {'dx': -28903.23193639674, 'dy': -12953.216285335406, 'support': None, 'n': None, 'peak': 0.008737401829825507}); windows compared in place
[Coarse] pair 26: no reliable coarse offset (matcher: no matches; phasecorr: {'dx': -96306.08142606622, 'dy': -17142.367293993742, 'support': None, 'n': None, 'peak': 0.02253384519977334}); windows compared in place
[Coarse] pair 10: phase correlation gave dE=43169 m dN=-4147 m, 61.2 km from every offset the matcher measured; using pair 8's (dE=-17905 m dN=118 m)
[Coarse] pair 12: phase correlation gave dE=-1877 m dN=10017 m, 18.8 km from every offset the matcher measured; using pair 8's (dE=-17905 m dN=118 m)
[Coarse] pair 13: phase correlation gave dE=7584 m dN=8567 m, 26.9 km from every offset the matcher measured; using pair 8's (dE=-17905 m dN=118 m)
[Coarse] pair 18: phase correlation gave dE=744 m dN=-16615 m, 24.7 km from every offset the matcher measured; using pair 25's (dE=-18090 m dN=-348 m)
[Coarse] pair 19: phase correlation gave dE=11920 m dN=-17918 m, 34.6 km from every offset the matcher measured; using pair 25's (dE=-18090 m dN=-348 m)
[Coarse] pair 21: phase correlation gave dE=-11414 m dN=-17047 m, 17.9 km from every offset the matcher measured; using pair 25's (dE=-18090 m dN=-348 m)
[Coarse] pair 27: phase correlation gave dE=-97898 m dN=-6012 m, 79.6 km from every offset the matcher measured; using pair 23's (dE=-18069 m dN=-412 m)
[Coarse] imw-xfeat-dense pair 1: dE=-18338.9 m dN=-352.5 m (matcher@315m, support=45, peak=None) 
imw-xfeat-dense: Processing pair 1 from disk...
imw-xfeat-dense: 2 match-sets in 0.36s
[Coarse] imw-xfeat-dense pair 2: dE=-18220.7 m dN=257.5 m (matcher@315m, support=18, peak=None) 
imw-xfeat-dense: Processing pair 2 from disk...
imw-xfeat-dense: 2 match-sets in 0.08s
[Coarse] imw-xfeat-dense pair 3: dE=-18291.4 m dN=-533.6 m (matcher@315m, support=11, peak=None) 
imw-xfeat-dense: Processing pair 3 from disk...
imw-xfeat-dense: 1 match-sets in 0.07s
[Coarse] imw-xfeat-dense pair 4: dE=-18490.1 m dN=45.9 m (matcher@315m, support=8, peak=None) 
imw-xfeat-dense: Processing pair 4 from disk...
imw-xfeat-dense: 1 match-sets in 0.19s
[Coarse] imw-xfeat-dense pair 5: dE=-18497.5 m dN=32.1 m (matcher@315m, support=10, peak=None) 
imw-xfeat-dense: Processing pair 5 from disk...
imw-xfeat-dense: 1 match-sets in 0.14s
[Coarse] imw-xfeat-dense pair 6: dE=-18497.5 m dN=32.1 m (from-pair-5, support=None, peak=None) 
imw-xfeat-dense: Processing pair 6 from disk...
imw-xfeat-dense: 2 match-sets in 0.09s
[Coarse] imw-xfeat-dense pair 7: dE=-18152.7 m dN=-167.7 m (matcher@315m, support=44, peak=None) 
imw-xfeat-dense: Processing pair 7 from disk...
imw-xfeat-dense: 6 match-sets in 0.63s
[Coarse] imw-xfeat-dense pair 8: dE=-17904.9 m dN=118.5 m (matcher@315m, support=8, peak=None) 
imw-xfeat-dense: Processing pair 8 from disk...
imw-xfeat-dense: 6 match-sets in 0.31s
[Coarse] imw-xfeat-dense pair 9: dE=-18273.6 m dN=-113.7 m (matcher@315m, support=17, peak=None) 
imw-xfeat-dense: Processing pair 9 from disk...
imw-xfeat-dense: 6 match-sets in 0.29s
[Coarse] imw-xfeat-dense pair 10: dE=-17904.9 m dN=118.5 m (from-pair-8 (phasecorr disagreed), support=None, peak=0.04791493653487985) 
imw-xfeat-dense: Processing pair 10 from disk...
imw-xfeat-dense: 5 match-sets in 0.35s
[Coarse] imw-xfeat-dense pair 11: dE=-17904.9 m dN=118.5 m (from-pair-10, support=None, peak=None) 
imw-xfeat-dense: Processing pair 11 from disk...
imw-xfeat-dense: 5 match-sets in 0.23s
[Coarse] imw-xfeat-dense pair 12: dE=-17904.9 m dN=118.5 m (from-pair-8 (phasecorr disagreed), support=None, peak=0.1047012765466431) 
imw-xfeat-dense: Processing pair 12 from disk...
imw-xfeat-dense: 0 match-sets in 0.00s
[Coarse] imw-xfeat-dense pair 13: dE=-17904.9 m dN=118.5 m (from-pair-8 (phasecorr disagreed), support=None, peak=0.09384612739086151) 
imw-xfeat-dense: Processing pair 13 from disk...
imw-xfeat-dense: 0 match-sets in 0.00s
[Coarse] imw-xfeat-dense pair 14: dE=-18151.6 m dN=318.6 m (matcher@315m, support=98, peak=None) 
imw-xfeat-dense: Processing pair 14 from disk...
imw-xfeat-dense: 5 match-sets in 0.38s
[Coarse] imw-xfeat-dense pair 15: dE=-18218.3 m dN=304.4 m (matcher@315m, support=251, peak=None) 
imw-xfeat-dense: Processing pair 15 from disk...
imw-xfeat-dense: 6 match-sets in 0.26s
[Coarse] imw-xfeat-dense pair 16: dE=-18293.5 m dN=-59.1 m (matcher@315m, support=162, peak=None) 
imw-xfeat-dense: Processing pair 16 from disk...
imw-xfeat-dense: 4 match-sets in 0.29s
[Coarse] imw-xfeat-dense pair 17: dE=-18314.7 m dN=-22.0 m (matcher@315m, support=311, peak=None) 
imw-xfeat-dense: Processing pair 17 from disk...
imw-xfeat-dense: 4 match-sets in 0.23s
[Coarse] imw-xfeat-dense pair 18: dE=-18089.9 m dN=-348.3 m (from-pair-25 (phasecorr disagreed), support=None, peak=0.06863816733713503) 
imw-xfeat-dense: Processing pair 18 from disk...
imw-xfeat-dense: 0 match-sets in 0.00s
[Coarse] imw-xfeat-dense pair 19: dE=-18089.9 m dN=-348.3 m (from-pair-25 (phasecorr disagreed), support=None, peak=0.15104582491848204) 
imw-xfeat-dense: Processing pair 19 from disk...
imw-xfeat-dense: 0 match-sets in 0.00s
[Coarse] imw-xfeat-dense pair 20: dE=-18089.9 m dN=-348.3 m (from-pair-19, support=None, peak=None) 
imw-xfeat-dense: Processing pair 20 from disk...
imw-xfeat-dense: 0 match-sets in 0.00s
[Coarse] imw-xfeat-dense pair 21: dE=-18089.9 m dN=-348.3 m (from-pair-25 (phasecorr disagreed), support=None, peak=0.036990950946454645) 
imw-xfeat-dense: Processing pair 21 from disk...
imw-xfeat-dense: 0 match-sets in 0.00s
[Coarse] imw-xfeat-dense pair 22: dE=-17958.0 m dN=-405.8 m (matcher@315m, support=36, peak=None) 
imw-xfeat-dense: Processing pair 22 from disk...
imw-xfeat-dense: 2 match-sets in 0.29s
[Coarse] imw-xfeat-dense pair 23: dE=-18068.8 m dN=-411.7 m (matcher@315m, support=28, peak=None) 
imw-xfeat-dense: Processing pair 23 from disk...
imw-xfeat-dense: 4 match-sets in 0.14s
[Coarse] imw-xfeat-dense pair 24: dE=-18167.6 m dN=-377.7 m (matcher@315m, support=27, peak=None) 
imw-xfeat-dense: Processing pair 24 from disk...
imw-xfeat-dense: 3 match-sets in 0.14s
[Coarse] imw-xfeat-dense pair 25: dE=-18089.9 m dN=-348.3 m (matcher@315m, support=52, peak=None) 
imw-xfeat-dense: Processing pair 25 from disk...
imw-xfeat-dense: 3 match-sets in 0.14s
[Coarse] imw-xfeat-dense pair 26: dE=-18068.8 m dN=-411.7 m (from-pair-27, support=None, peak=None) 
imw-xfeat-dense: Processing pair 26 from disk...
imw-xfeat-dense: 2 match-sets in 0.10s
[Coarse] imw-xfeat-dense pair 27: dE=-18068.8 m dN=-411.7 m (from-pair-23 (phasecorr disagreed), support=None, peak=0.05064041456057702) 
imw-xfeat-dense: Processing pair 27 from disk...
imw-xfeat-dense: 1 match-sets in 0.10s
Saved:
 CHIP_STATS_ALL.csv
 CHIP_STATS_SURVIVORS.csv
 CONSENSUS_SCORES.csv
 BEST_CHIP_SET.csv
 BEST_CHIP_MANIFEST.csv
 BEST_FINAL_SUMMARY.csv
[band1] imw-xfeat-dense ok in 0.2 min, peak GPU memory 2.2 of 39.4 GB
[imw-xfeat-dense] Model unloaded.
================================================================================
ALL CHANNELS COMPLETE
================================================================================
[Job] >>> win384_nfauto: window 384 px, 1327 keypoints per window (8999 per megapixel)
================================================================================
AUTOMATCH PIPELINE
================================================================================
              kind: raster
              name: cog
              path: /maintenance/ICIGDev/GPUPOC/input/dqe/g1a/267403461/input/cog.tif
          channels: ['band1', 'band2', 'band3']
       working_crs: PROJCS["unnamed",GEOGCS["WGS 84",DATUM["WGS_1984",SPHEROID["WGS 84",6378137,298.25722293287,AUTHORITY["EPSG","7030"]],AUTHORITY["EPSG","6326"]],PRIMEM["Greenwich",0],UNIT["degree",0.0174532925199433,AUTHORITY["EPSG","9122"]],AUTHORITY["EPSG","4326"]],PROJECTION["Lambert_Conformal_Conic_2SP"],PARAMETER["latitude_of_origin",15.383741091973],PARAMETER["central_meridian",74.7795684183937],PARAMETER["standard_parallel_1",15.7612595267751],PARAMETER["standard_parallel_2",15.0140763016093],PARAMETER["false_easting",0],PARAMETER["false_northing",0],UNIT["metre",1,AUTHORITY["EPSG","9001"]],AXIS["Easting",EAST],AXIS["Northing",NORTH]]
        source_crs: PROJCS["unnamed",GEOGCS["WGS 84",DATUM["WGS_1984",SPHEROID["WGS 84",6378137,298.25722293287,AUTHORITY["EPSG","7030"]],AUTHORITY["EPSG","6326"]],PRIMEM["Greenwich",0],UNIT["degree",0.0174532925199433,AUTHORITY["EPSG","9122"]],AUTHORITY["EPSG","4326"]],PROJECTION["Lambert_Conformal_Conic_2SP"],PARAMETER["latitude_of_origin",15.383741091973],PARAMETER["central_meridian",74.7795684183937],PARAMETER["standard_parallel_1",15.7612595267751],PARAMETER["standard_parallel_2",15.0140763016093],PARAMETER["false_easting",0],PARAMETER["false_northing",0],UNIT["metre",1,AUTHORITY["EPSG","9001"]],AXIS["Easting",EAST],AXIS["Northing",NORTH]]
        native_res: 315.0
 band_descriptions: {'band1': None, 'band2': None, 'band3': None}
      channels run: ['band1']
         detectors: ['sift', 'disk', 'dedode', 'keynet', 'dog', 'gftt', 'hessian', 'loftr', 'imw-sp-lg', 'imw-aliked-lg', 'imw-sp-sg', 'imw-sp-nn', 'imw-r2d2-nn', 'imw-rord-nn', 'imw-d2net-nn', 'imw-alike-nn', 'imw-sfd2-nn', 'imw-rdd-nn', 'imw-liftfeat-nn', 'imw-ripe-nn', 'imw-darkfeat-nn', 'imw-lanet-nn', 'imw-minima-loftr', 'imw-minima-roma', 'imw-xoftr', 'imw-omniglue', 'imw-gim-roma', 'imw-gim-dkm', 'imw-eloftr', 'imw-aspanformer', 'imw-topicfm', 'imw-roma', 'imw-dkm', 'imw-dad-roma', 'imw-rdd-dense', 'imw-xfeat-lg', 'imw-xfeat-dense']
--------------------------------------------------------------------------------
Running channel: band1
[Cache] All 27 pairs loaded from /maintenance/ICIGDev/GPUPOC/output/output335/_cache/cog/raster/band1_toL8Ref
--------------------------------------------------------------------------------
[band1] Running sift
SIFT: Initializing (rootsift=True, upright=True)...
sift: Initializing LightGlue {'filter_threshold': 0.1, 'depth_confidence': 0.95, 'width_confidence': 0.99}...
[LightGlue] kornia defaults put back (another model, e.g. imcui XFeat + LighterGlue, had replaced them)
Loaded LightGlue model
[Coarse] pair 3: no reliable coarse offset (matcher: {'dx': -18526.234375, 'dy': -580.8671875, 'support': 2, 'n': 3, 'peak': None}; phasecorr: {'dx': -16147.443677524008, 'dy': -26751.975000537102, 'support': None, 'n': None, 'peak': 0.00032880983234923565}); windows compared in place
[Coarse] pair 4: no reliable coarse offset (matcher: no matches; phasecorr: {'dx': 12882.472481301173, 'dy': 92621.70938170607, 'support': None, 'n': None, 'peak': -0.00012715039429841217}); windows compared in place
[Coarse] pair 5: no reliable coarse offset (matcher: no matches; phasecorr: {'dx': 3156.3479216096807, 'dy': 18300.67805989782, 'support': None, 'n': None, 'peak': 0.020832994549224774}); windows compared in place
[Coarse] pair 6: no reliable coarse offset (matcher: no matches; phasecorr: {'dx': -15852.800158210905, 'dy': 18737.59796077822, 'support': None, 'n': None, 'peak': -0.0027571213742097218}); windows compared in place
[Coarse] pair 7: no reliable coarse offset (matcher: no matches; phasecorr: {'dx': -17660.72648465004, 'dy': -478.5174601560547, 'support': None, 'n': None, 'peak': 0.0218074359204816}); windows compared in place
[Coarse] pair 8: no reliable coarse offset (matcher: no matches; phasecorr: {'dx': -18002.059573769864, 'dy': -489.60497923140906, 'support': None, 'n': None, 'peak': 0.011968647486368816}); windows compared in place
[Coarse] pair 11: no reliable coarse offset (matcher: no matches; phasecorr: {'dx': -18107.733154651494, 'dy': -332.5590928480355, 'support': None, 'n': None, 'peak': 0.020898853179031604}); windows compared in place
[Coarse] pair 20: no reliable coarse offset (matcher: no matches; phasecorr: {'dx': -28903.23193639674, 'dy': -12953.216285335406, 'support': None, 'n': None, 'peak': 0.008737401829825507}); windows compared in place
[Coarse] pair 26: no reliable coarse offset (matcher: no matches; phasecorr: {'dx': -96306.08142606622, 'dy': -17142.367293993742, 'support': None, 'n': None, 'peak': 0.02253384519977334}); windows compared in place
[Coarse] pair 2: phase correlation gave dE=-8934 m dN=5487 m, 10.4 km from every offset the matcher measured; using pair 16's (dE=-17955 m dN=-13 m)
[Coarse] pair 10: phase correlation gave dE=43169 m dN=-4147 m, 60.9 km from every offset the matcher measured; using pair 16's (dE=-17955 m dN=-13 m)
[Coarse] pair 12: phase correlation gave dE=-1877 m dN=10017 m, 18.8 km from every offset the matcher measured; using pair 16's (dE=-17955 m dN=-13 m)
[Coarse] pair 13: phase correlation gave dE=7584 m dN=8567 m, 26.7 km from every offset the matcher measured; using pair 16's (dE=-17955 m dN=-13 m)
[Coarse] pair 18: phase correlation gave dE=744 m dN=-16615 m, 24.6 km from every offset the matcher measured; using pair 25's (dE=-17640 m dN=-288 m)
[Coarse] pair 19: phase correlation gave dE=11920 m dN=-17918 m, 34.4 km from every offset the matcher measured; using pair 25's (dE=-17640 m dN=-288 m)
[Coarse] pair 21: phase correlation gave dE=-11414 m dN=-17047 m, 17.9 km from every offset the matcher measured; using pair 25's (dE=-17640 m dN=-288 m)
[Coarse] pair 27: phase correlation gave dE=-97898 m dN=-6012 m, 80.2 km from every offset the matcher measured; using pair 23's (dE=-17927 m dN=-281 m)
[Coarse] sift pair 1: dE=-18062.2 m dN=-904.8 m (phasecorr@315m, support=None, peak=0.03257782713572184) 
sift: Processing pair 1 from disk...
sift: 6 match-sets in 0.84s
[Coarse] sift pair 2: dE=-17955.0 m dN=-12.7 m (from-pair-16 (phasecorr disagreed), support=None, peak=0.03413578109976686) 
sift: Processing pair 2 from disk...
sift: 3 match-sets in 0.82s
[Coarse] sift pair 3: dE=-18062.2 m dN=-904.8 m (from-pair-1, support=None, peak=None) 
sift: Processing pair 3 from disk...
sift: 5 match-sets in 0.76s
[Coarse] sift pair 4: dE=-17955.0 m dN=-12.7 m (from-pair-2, support=None, peak=None) 
sift: Processing pair 4 from disk...
sift: 5 match-sets in 0.93s
[Coarse] sift pair 5: dE=-17955.0 m dN=-12.7 m (from-pair-2, support=None, peak=None) 
sift: Processing pair 5 from disk...
sift: 3 match-sets in 0.92s
[Coarse] sift pair 6: dE=-17955.0 m dN=-12.7 m (from-pair-2, support=None, peak=None) 
sift: Processing pair 6 from disk...
sift: 3 match-sets in 0.85s
[Coarse] sift pair 7: dE=-17790.5 m dN=-428.0 m (from-pair-9, support=None, peak=None) 
sift: Processing pair 7 from disk...
sift: 17 match-sets in 3.22s
[Coarse] sift pair 8: dE=-17790.5 m dN=-428.0 m (from-pair-9, support=None, peak=None) 
sift: Processing pair 8 from disk...
sift: 15 match-sets in 2.53s
[Coarse] sift pair 9: dE=-17790.5 m dN=-428.0 m (phasecorr@315m, support=None, peak=0.031066529352914596) 
sift: Processing pair 9 from disk...
sift: 15 match-sets in 2.84s
[Coarse] sift pair 10: dE=-17955.0 m dN=-12.7 m (from-pair-16 (phasecorr disagreed), support=None, peak=0.04791493653487985) 
sift: Processing pair 10 from disk...
sift: 10 match-sets in 2.00s
[Coarse] sift pair 11: dE=-17955.0 m dN=-12.7 m (from-pair-10, support=None, peak=None) 
sift: Processing pair 11 from disk...
sift: 8 match-sets in 1.49s
[Coarse] sift pair 12: dE=-17955.0 m dN=-12.7 m (from-pair-16 (phasecorr disagreed), support=None, peak=0.1047012765466431) 
sift: Processing pair 12 from disk...
sift: 0 match-sets in 0.00s
[Coarse] sift pair 13: dE=-17955.0 m dN=-12.7 m (from-pair-16 (phasecorr disagreed), support=None, peak=0.09384612739086151) 
sift: Processing pair 13 from disk...
sift: 0 match-sets in 0.00s
[Coarse] sift pair 14: dE=-18039.9 m dN=-308.2 m (phasecorr@315m, support=None, peak=0.04961982255158601) 
sift: Processing pair 14 from disk...
sift: 17 match-sets in 2.65s
[Coarse] sift pair 15: dE=-18033.6 m dN=-269.1 m (phasecorr@315m, support=None, peak=0.0587093012491862) 
sift: Processing pair 15 from disk...
sift: 18 match-sets in 2.11s
[Coarse] sift pair 16: dE=-17955.0 m dN=-12.7 m (matcher@315m, support=56, peak=None) 
sift: Processing pair 16 from disk...
sift: 13 match-sets in 1.71s
[Coarse] sift pair 17: dE=-17955.0 m dN=-242.9 m (matcher@315m, support=67, peak=None) 
sift: Processing pair 17 from disk...
sift: 14 match-sets in 1.46s
[Coarse] sift pair 18: dE=-17640.0 m dN=-288.5 m (from-pair-25 (phasecorr disagreed), support=None, peak=0.06863816733713503) 
sift: Processing pair 18 from disk...
sift: 0 match-sets in 0.00s
[Coarse] sift pair 19: dE=-17640.0 m dN=-288.5 m (from-pair-25 (phasecorr disagreed), support=None, peak=0.15104582491848204) 
sift: Processing pair 19 from disk...
sift: 0 match-sets in 0.00s
[Coarse] sift pair 20: dE=-17640.0 m dN=-288.5 m (from-pair-19, support=None, peak=None) 
sift: Processing pair 20 from disk...
sift: 0 match-sets in 0.00s
[Coarse] sift pair 21: dE=-17640.0 m dN=-288.5 m (from-pair-25 (phasecorr disagreed), support=None, peak=0.036990950946454645) 
sift: Processing pair 21 from disk...
sift: 0 match-sets in 0.00s
[Coarse] sift pair 22: dE=-17739.3 m dN=-51.1 m (matcher@315m, support=24, peak=None) 
sift: Processing pair 22 from disk...
sift: 23 match-sets in 3.61s
[Coarse] sift pair 23: dE=-17926.9 m dN=-280.6 m (matcher@315m, support=20, peak=None) 
sift: Processing pair 23 from disk...
sift: 22 match-sets in 3.00s
[Coarse] sift pair 24: dE=-17771.7 m dN=-248.8 m (matcher@315m, support=13, peak=None) 
sift: Processing pair 24 from disk...
sift: 19 match-sets in 2.00s
[Coarse] sift pair 25: dE=-17640.0 m dN=-288.5 m (matcher@315m, support=28, peak=None) 
sift: Processing pair 25 from disk...
sift: 25 match-sets in 2.24s
[Coarse] sift pair 26: dE=-17926.9 m dN=-280.6 m (from-pair-27, support=None, peak=None) 
sift: Processing pair 26 from disk...
sift: 9 match-sets in 2.10s
[Coarse] sift pair 27: dE=-17926.9 m dN=-280.6 m (from-pair-23 (phasecorr disagreed), support=None, peak=0.05064041456057702) 
sift: Processing pair 27 from disk...
sift: 9 match-sets in 1.11s
Saved:
 CHIP_STATS_ALL.csv
 CHIP_STATS_SURVIVORS.csv
 CONSENSUS_SCORES.csv
 BEST_CHIP_SET.csv
 BEST_CHIP_MANIFEST.csv
 BEST_FINAL_SUMMARY.csv
[band1] sift ok in 1.1 min, peak GPU memory 1.7 of 39.4 GB
--------------------------------------------------------------------------------
[band1] Running disk_depth
DISK: Loading depth model...
disk: Initializing LightGlue {'filter_threshold': 0.1, 'depth_confidence': 0.95, 'width_confidence': 0.99}...
Loaded LightGlue model
[Coarse] pair 3: no reliable coarse offset (matcher: no matches; phasecorr: {'dx': -16147.443677524008, 'dy': -26751.975000537102, 'support': None, 'n': None, 'peak': 0.00032880983234923565}); windows compared in place
[Coarse] pair 4: no reliable coarse offset (matcher: {'dx': -18112.5, 'dy': -315.0, 'support': 4, 'n': 4, 'peak': None}; phasecorr: {'dx': 12882.472481301173, 'dy': 92621.70938170607, 'support': None, 'n': None, 'peak': -0.00012715039429841217}); windows compared in place
[Coarse] pair 5: no reliable coarse offset (matcher: {'dx': -17797.5, 'dy': -315.0, 'support': 4, 'n': 4, 'peak': None}; phasecorr: {'dx': 3156.3479216096807, 'dy': 18300.67805989782, 'support': None, 'n': None, 'peak': 0.020832994549224774}); windows compared in place
[Coarse] pair 6: no reliable coarse offset (matcher: no matches; phasecorr: {'dx': -15852.800158210905, 'dy': 18737.59796077822, 'support': None, 'n': None, 'peak': -0.0027571213742097218}); windows compared in place
[Coarse] pair 7: no reliable coarse offset (matcher: {'dx': -17797.5, 'dy': -315.0, 'support': 4, 'n': 4, 'peak': None}; phasecorr: {'dx': -17660.72648465004, 'dy': -478.5174601560547, 'support': None, 'n': None, 'peak': 0.0218074359204816}); windows compared in place
[Coarse] pair 8: no reliable coarse offset (matcher: {'dx': -17797.5, 'dy': -472.5, 'support': 4, 'n': 4, 'peak': None}; phasecorr: {'dx': -18002.059573769864, 'dy': -489.60497923140906, 'support': None, 'n': None, 'peak': 0.011968647486368816}); windows compared in place
[Coarse] pair 11: no reliable coarse offset (matcher: no matches; phasecorr: {'dx': -18107.733154651494, 'dy': -332.5590928480355, 'support': None, 'n': None, 'peak': 0.020898853179031604}); windows compared in place
[Coarse] pair 20: no reliable coarse offset (matcher: no matches; phasecorr: {'dx': -28903.23193639674, 'dy': -12953.216285335406, 'support': None, 'n': None, 'peak': 0.008737401829825507}); windows compared in place
[Coarse] pair 26: no reliable coarse offset (matcher: no matches; phasecorr: {'dx': -96306.08142606622, 'dy': -17142.367293993742, 'support': None, 'n': None, 'peak': 0.02253384519977334}); windows compared in place
[Coarse] pair 2: phase correlation gave dE=-8934 m dN=5487 m, 10.5 km from every offset the matcher measured; using pair 1's (dE=-17955 m dN=-630 m)
[Coarse] pair 10: phase correlation gave dE=43169 m dN=-4147 m, 60.9 km from every offset the matcher measured; using pair 1's (dE=-17955 m dN=-630 m)
[Coarse] pair 12: phase correlation gave dE=-1877 m dN=10017 m, 18.8 km from every offset the matcher measured; using pair 14's (dE=-17955 m dN=-315 m)
[Coarse] pair 13: phase correlation gave dE=7584 m dN=8567 m, 26.7 km from every offset the matcher measured; using pair 14's (dE=-17955 m dN=-315 m)
[Coarse] pair 18: phase correlation gave dE=744 m dN=-16615 m, 24.6 km from every offset the matcher measured; using pair 25's (dE=-17955 m dN=-315 m)
[Coarse] pair 19: phase correlation gave dE=11920 m dN=-17918 m, 34.4 km from every offset the matcher measured; using pair 25's (dE=-17955 m dN=-315 m)
[Coarse] pair 21: phase correlation gave dE=-11414 m dN=-17047 m, 17.7 km from every offset the matcher measured; using pair 25's (dE=-17955 m dN=-315 m)
[Coarse] pair 27: phase correlation gave dE=-97898 m dN=-6012 m, 80.1 km from every offset the matcher measured; using pair 23's (dE=-17640 m dN=-315 m)
[Coarse] disk_depth pair 1: dE=-17955.0 m dN=-630.0 m (matcher@315m, support=22, peak=None) 
disk_depth: Processing pair 1 from disk...
disk_depth: 7 match-sets in 0.45s
[Coarse] disk_depth pair 2: dE=-17955.0 m dN=-630.0 m (from-pair-1 (phasecorr disagreed), support=None, peak=0.03413578109976686) 
disk_depth: Processing pair 2 from disk...
disk_depth: 6 match-sets in 0.30s
[Coarse] disk_depth pair 3: dE=-17955.0 m dN=-630.0 m (from-pair-1, support=None, peak=None) 
disk_depth: Processing pair 3 from disk...
disk_depth: 5 match-sets in 0.28s
[Coarse] disk_depth pair 4: dE=-17955.0 m dN=-630.0 m (from-pair-2, support=None, peak=None) 
disk_depth: Processing pair 4 from disk...
disk_depth: 7 match-sets in 0.55s
[Coarse] disk_depth pair 5: dE=-17955.0 m dN=-630.0 m (from-pair-2, support=None, peak=None) 
disk_depth: Processing pair 5 from disk...
disk_depth: 6 match-sets in 0.53s
[Coarse] disk_depth pair 6: dE=-17955.0 m dN=-630.0 m (from-pair-2, support=None, peak=None) 
disk_depth: Processing pair 6 from disk...
disk_depth: 5 match-sets in 0.34s
[Coarse] disk_depth pair 7: dE=-17790.5 m dN=-428.0 m (from-pair-9, support=None, peak=None) 
disk_depth: Processing pair 7 from disk...
disk_depth: 18 match-sets in 1.45s
[Coarse] disk_depth pair 8: dE=-17790.5 m dN=-428.0 m (from-pair-9, support=None, peak=None) 
disk_depth: Processing pair 8 from disk...
disk_depth: 16 match-sets in 1.25s
[Coarse] disk_depth pair 9: dE=-17790.5 m dN=-428.0 m (phasecorr@315m, support=None, peak=0.031066529352914596) 
disk_depth: Processing pair 9 from disk...
disk_depth: 18 match-sets in 1.12s
[Coarse] disk_depth pair 10: dE=-17955.0 m dN=-630.0 m (from-pair-1 (phasecorr disagreed), support=None, peak=0.04791493653487985) 
disk_depth: Processing pair 10 from disk...
disk_depth: 9 match-sets in 1.25s
[Coarse] disk_depth pair 11: dE=-17955.0 m dN=-630.0 m (from-pair-10, support=None, peak=None) 
disk_depth: Processing pair 11 from disk...
disk_depth: 11 match-sets in 0.95s
[Coarse] disk_depth pair 12: dE=-17955.0 m dN=-315.0 m (from-pair-14 (phasecorr disagreed), support=None, peak=0.1047012765466431) 
disk_depth: Processing pair 12 from disk...
disk_depth: 0 match-sets in 0.00s
[Coarse] disk_depth pair 13: dE=-17955.0 m dN=-315.0 m (from-pair-14 (phasecorr disagreed), support=None, peak=0.09384612739086151) 
disk_depth: Processing pair 13 from disk...
disk_depth: 0 match-sets in 0.00s
[Coarse] disk_depth pair 14: dE=-17955.0 m dN=-315.0 m (matcher@315m, support=32, peak=None) 
disk_depth: Processing pair 14 from disk...
disk_depth: 18 match-sets in 1.30s
[Coarse] disk_depth pair 15: dE=-17955.0 m dN=-315.0 m (matcher@315m, support=36, peak=None) 
disk_depth: Processing pair 15 from disk...
disk_depth: 18 match-sets in 1.02s
[Coarse] disk_depth pair 16: dE=-17955.0 m dN=-315.0 m (matcher@315m, support=97, peak=None) 
disk_depth: Processing pair 16 from disk...
disk_depth: 14 match-sets in 1.02s
[Coarse] disk_depth pair 17: dE=-17955.0 m dN=-315.0 m (matcher@315m, support=131, peak=None) 
disk_depth: Processing pair 17 from disk...
disk_depth: 14 match-sets in 1.04s
[Coarse] disk_depth pair 18: dE=-17955.0 m dN=-315.0 m (from-pair-25 (phasecorr disagreed), support=None, peak=0.06863816733713503) 
disk_depth: Processing pair 18 from disk...
disk_depth: 0 match-sets in 0.00s
[Coarse] disk_depth pair 19: dE=-17955.0 m dN=-315.0 m (from-pair-25 (phasecorr disagreed), support=None, peak=0.15104582491848204) 
disk_depth: Processing pair 19 from disk...
disk_depth: 0 match-sets in 0.00s
[Coarse] disk_depth pair 20: dE=-17955.0 m dN=-315.0 m (from-pair-19, support=None, peak=None) 
disk_depth: Processing pair 20 from disk...
disk_depth: 0 match-sets in 0.00s
[Coarse] disk_depth pair 21: dE=-17955.0 m dN=-315.0 m (from-pair-25 (phasecorr disagreed), support=None, peak=0.036990950946454645) 
disk_depth: Processing pair 21 from disk...
disk_depth: 0 match-sets in 0.00s
[Coarse] disk_depth pair 22: dE=-17640.0 m dN=-315.0 m (matcher@315m, support=37, peak=None) 
disk_depth: Processing pair 22 from disk...
disk_depth: 19 match-sets in 1.81s
[Coarse] disk_depth pair 23: dE=-17640.0 m dN=-315.0 m (matcher@315m, support=42, peak=None) 
disk_depth: Processing pair 23 from disk...
disk_depth: 21 match-sets in 1.22s
[Coarse] disk_depth pair 24: dE=-17955.0 m dN=-315.0 m (matcher@315m, support=77, peak=None) 
disk_depth: Processing pair 24 from disk...
disk_depth: 20 match-sets in 1.23s
[Coarse] disk_depth pair 25: dE=-17955.0 m dN=-315.0 m (matcher@315m, support=46, peak=None) 
disk_depth: Processing pair 25 from disk...
disk_depth: 19 match-sets in 1.25s
[Coarse] disk_depth pair 26: dE=-17640.0 m dN=-315.0 m (from-pair-27, support=None, peak=None) 
disk_depth: Processing pair 26 from disk...
disk_depth: 9 match-sets in 1.00s
[Coarse] disk_depth pair 27: dE=-17640.0 m dN=-315.0 m (from-pair-23 (phasecorr disagreed), support=None, peak=0.05064041456057702) 
disk_depth: Processing pair 27 from disk...
disk_depth: 8 match-sets in 0.80s
Saved:
 CHIP_STATS_ALL.csv
 CHIP_STATS_SURVIVORS.csv
 CONSENSUS_SCORES.csv
 BEST_CHIP_SET.csv
 BEST_CHIP_MANIFEST.csv
 BEST_FINAL_SUMMARY.csv
[band1] disk_depth ok in 0.5 min, peak GPU memory 12.9 of 39.4 GB
--------------------------------------------------------------------------------
[band1] Running disk_epipolar
DISK: Loading epipolar model...
disk: Initializing LightGlue {'filter_threshold': 0.1, 'depth_confidence': 0.95, 'width_confidence': 0.99}...
Loaded LightGlue model
[Coarse] pair 3: no reliable coarse offset (matcher: {'dx': -18270.0, 'dy': -630.0, 'support': 5, 'n': 5, 'peak': None}; phasecorr: {'dx': -16147.443677524008, 'dy': -26751.975000537102, 'support': None, 'n': None, 'peak': 0.00032880983234923565}); windows compared in place
[Coarse] pair 6: no reliable coarse offset (matcher: {'dx': -18585.0, 'dy': -315.0, 'support': 3, 'n': 3, 'peak': None}; phasecorr: {'dx': -15852.800158210905, 'dy': 18737.59796077822, 'support': None, 'n': None, 'peak': -0.0027571213742097218}); windows compared in place
[Coarse] pair 8: no reliable coarse offset (matcher: {'dx': -18112.5, 'dy': -315.0, 'support': 4, 'n': 4, 'peak': None}; phasecorr: {'dx': -18002.059573769864, 'dy': -489.60497923140906, 'support': None, 'n': None, 'peak': 0.011968647486368816}); windows compared in place
[Coarse] pair 11: no reliable coarse offset (matcher: {'dx': -18270.0, 'dy': -315.0, 'support': 5, 'n': 5, 'peak': None}; phasecorr: {'dx': -18107.733154651494, 'dy': -332.5590928480355, 'support': None, 'n': None, 'peak': 0.020898853179031604}); windows compared in place
[Coarse] pair 20: no reliable coarse offset (matcher: no matches; phasecorr: {'dx': -28903.23193639674, 'dy': -12953.216285335406, 'support': None, 'n': None, 'peak': 0.008737401829825507}); windows compared in place
[Coarse] pair 26: no reliable coarse offset (matcher: no matches; phasecorr: {'dx': -96306.08142606622, 'dy': -17142.367293993742, 'support': None, 'n': None, 'peak': 0.02253384519977334}); windows compared in place
[Coarse] pair 10: phase correlation gave dE=43169 m dN=-4147 m, 60.9 km from every offset the matcher measured; using pair 7's (dE=-17955 m dN=-472 m)
[Coarse] pair 12: phase correlation gave dE=-1877 m dN=10017 m, 18.8 km from every offset the matcher measured; using pair 7's (dE=-17955 m dN=-472 m)
[Coarse] pair 13: phase correlation gave dE=7584 m dN=8567 m, 26.7 km from every offset the matcher measured; using pair 7's (dE=-17955 m dN=-472 m)
[Coarse] pair 18: phase correlation gave dE=744 m dN=-16615 m, 24.4 km from every offset the matcher measured; using pair 25's (dE=-17955 m dN=-315 m)
[Coarse] pair 19: phase correlation gave dE=11920 m dN=-17918 m, 34.2 km from every offset the matcher measured; using pair 25's (dE=-17955 m dN=-315 m)
[Coarse] pair 21: phase correlation gave dE=-11414 m dN=-17047 m, 17.6 km from every offset the matcher measured; using pair 25's (dE=-17955 m dN=-315 m)
[Coarse] pair 27: phase correlation gave dE=-97898 m dN=-6012 m, 80.1 km from every offset the matcher measured; using pair 23's (dE=-17640 m dN=-315 m)
[Coarse] disk_epipolar pair 1: dE=-17955.0 m dN=-630.0 m (matcher@315m, support=37, peak=None) 
disk_epipolar: Processing pair 1 from disk...
disk_epipolar: 7 match-sets in 0.28s
[Coarse] disk_epipolar pair 2: dE=-17955.0 m dN=-630.0 m (matcher@315m, support=15, peak=None) 
disk_epipolar: Processing pair 2 from disk...
disk_epipolar: 7 match-sets in 0.28s
[Coarse] disk_epipolar pair 3: dE=-17955.0 m dN=-630.0 m (from-pair-1, support=None, peak=None) 
disk_epipolar: Processing pair 3 from disk...
disk_epipolar: 5 match-sets in 0.28s
[Coarse] disk_epipolar pair 4: dE=-17955.0 m dN=-630.0 m (matcher@315m, support=17, peak=None) 
disk_epipolar: Processing pair 4 from disk...
disk_epipolar: 7 match-sets in 0.35s
[Coarse] disk_epipolar pair 5: dE=-17955.0 m dN=-630.0 m (matcher@315m, support=13, peak=None) 
disk_epipolar: Processing pair 5 from disk...
disk_epipolar: 6 match-sets in 0.34s
[Coarse] disk_epipolar pair 6: dE=-17955.0 m dN=-630.0 m (from-pair-5, support=None, peak=None) 
disk_epipolar: Processing pair 6 from disk...
disk_epipolar: 5 match-sets in 0.34s
[Coarse] disk_epipolar pair 7: dE=-17955.0 m dN=-472.5 m (matcher@315m, support=10, peak=None) 
disk_epipolar: Processing pair 7 from disk...
disk_epipolar: 13 match-sets in 0.82s
[Coarse] disk_epipolar pair 8: dE=-17955.0 m dN=-472.5 m (from-pair-7, support=None, peak=None) 
disk_epipolar: Processing pair 8 from disk...
disk_epipolar: 13 match-sets in 0.85s
[Coarse] disk_epipolar pair 9: dE=-17640.0 m dN=-630.0 m (matcher@315m, support=10, peak=None) 
disk_epipolar: Processing pair 9 from disk...
disk_epipolar: 15 match-sets in 0.81s
[Coarse] disk_epipolar pair 10: dE=-17955.0 m dN=-472.5 m (from-pair-7 (phasecorr disagreed), support=None, peak=0.04791493653487985) 
disk_epipolar: Processing pair 10 from disk...
disk_epipolar: 8 match-sets in 0.95s
[Coarse] disk_epipolar pair 11: dE=-17955.0 m dN=-472.5 m (from-pair-10, support=None, peak=None) 
disk_epipolar: Processing pair 11 from disk...
disk_epipolar: 9 match-sets in 0.96s
[Coarse] disk_epipolar pair 12: dE=-17955.0 m dN=-472.5 m (from-pair-7 (phasecorr disagreed), support=None, peak=0.1047012765466431) 
disk_epipolar: Processing pair 12 from disk...
disk_epipolar: 0 match-sets in 0.00s
[Coarse] disk_epipolar pair 13: dE=-17955.0 m dN=-472.5 m (from-pair-7 (phasecorr disagreed), support=None, peak=0.09384612739086151) 
disk_epipolar: Processing pair 13 from disk...
disk_epipolar: 0 match-sets in 0.00s
[Coarse] disk_epipolar pair 14: dE=-17955.0 m dN=-315.0 m (matcher@315m, support=32, peak=None) 
disk_epipolar: Processing pair 14 from disk...
disk_epipolar: 16 match-sets in 1.02s
[Coarse] disk_epipolar pair 15: dE=-17955.0 m dN=-315.0 m (matcher@315m, support=40, peak=None) 
disk_epipolar: Processing pair 15 from disk...
disk_epipolar: 19 match-sets in 1.04s
[Coarse] disk_epipolar pair 16: dE=-17955.0 m dN=-315.0 m (matcher@315m, support=133, peak=None) 
disk_epipolar: Processing pair 16 from disk...
disk_epipolar: 14 match-sets in 1.03s
[Coarse] disk_epipolar pair 17: dE=-17955.0 m dN=-315.0 m (matcher@315m, support=145, peak=None) 
disk_epipolar: Processing pair 17 from disk...
disk_epipolar: 14 match-sets in 1.04s
[Coarse] disk_epipolar pair 18: dE=-17955.0 m dN=-315.0 m (from-pair-25 (phasecorr disagreed), support=None, peak=0.06863816733713503) 
disk_epipolar: Processing pair 18 from disk...
disk_epipolar: 0 match-sets in 0.00s
[Coarse] disk_epipolar pair 19: dE=-17955.0 m dN=-315.0 m (from-pair-25 (phasecorr disagreed), support=None, peak=0.15104582491848204) 
disk_epipolar: Processing pair 19 from disk...
disk_epipolar: 0 match-sets in 0.00s
[Coarse] disk_epipolar pair 20: dE=-17955.0 m dN=-315.0 m (from-pair-19, support=None, peak=None) 
disk_epipolar: Processing pair 20 from disk...
disk_epipolar: 0 match-sets in 0.00s
[Coarse] disk_epipolar pair 21: dE=-17955.0 m dN=-315.0 m (from-pair-25 (phasecorr disagreed), support=None, peak=0.036990950946454645) 
disk_epipolar: Processing pair 21 from disk...
disk_epipolar: 0 match-sets in 0.00s
[Coarse] disk_epipolar pair 22: dE=-17640.0 m dN=-315.0 m (matcher@315m, support=63, peak=None) 
disk_epipolar: Processing pair 22 from disk...
disk_epipolar: 19 match-sets in 1.23s
[Coarse] disk_epipolar pair 23: dE=-17640.0 m dN=-315.0 m (matcher@315m, support=54, peak=None) 
disk_epipolar: Processing pair 23 from disk...
disk_epipolar: 21 match-sets in 1.23s
[Coarse] disk_epipolar pair 24: dE=-17640.0 m dN=-315.0 m (matcher@315m, support=59, peak=None) 
disk_epipolar: Processing pair 24 from disk...
disk_epipolar: 19 match-sets in 1.23s
[Coarse] disk_epipolar pair 25: dE=-17955.0 m dN=-315.0 m (matcher@315m, support=81, peak=None) 
disk_epipolar: Processing pair 25 from disk...
disk_epipolar: 21 match-sets in 1.25s
[Coarse] disk_epipolar pair 26: dE=-17640.0 m dN=-315.0 m (from-pair-27, support=None, peak=None) 
disk_epipolar: Processing pair 26 from disk...
disk_epipolar: 6 match-sets in 0.79s
[Coarse] disk_epipolar pair 27: dE=-17640.0 m dN=-315.0 m (from-pair-23 (phasecorr disagreed), support=None, peak=0.05064041456057702) 
disk_epipolar: Processing pair 27 from disk...
disk_epipolar: 8 match-sets in 0.80s
Saved:
 CHIP_STATS_ALL.csv
 CHIP_STATS_SURVIVORS.csv
 CONSENSUS_SCORES.csv
 BEST_CHIP_SET.csv
 BEST_CHIP_MANIFEST.csv
 BEST_FINAL_SUMMARY.csv
[band1] disk_epipolar ok in 0.4 min, peak GPU memory 0.7 of 39.4 GB
--------------------------------------------------------------------------------
[band1] Running dedode_L-upright_B-upright
DeDoDe: Loading L-upright/B-upright...
dedode: Initializing LightGlue {'filter_threshold': 0.1, 'depth_confidence': 0.95, 'width_confidence': 0.99}...
Loaded LightGlue model
[Coarse] pair 3: no reliable coarse offset (matcher: no matches; phasecorr: {'dx': -16147.443677524008, 'dy': -26751.975000537102, 'support': None, 'n': None, 'peak': 0.00032880983234923565}); windows compared in place
[Coarse] pair 4: no reliable coarse offset (matcher: no matches; phasecorr: {'dx': 12882.472481301173, 'dy': 92621.70938170607, 'support': None, 'n': None, 'peak': -0.00012715039429841217}); windows compared in place
[Coarse] pair 5: no reliable coarse offset (matcher: no matches; phasecorr: {'dx': 3156.3479216096807, 'dy': 18300.67805989782, 'support': None, 'n': None, 'peak': 0.020832994549224774}); windows compared in place
[Coarse] pair 6: no reliable coarse offset (matcher: no matches; phasecorr: {'dx': -15852.800158210905, 'dy': 18737.59796077822, 'support': None, 'n': None, 'peak': -0.0027571213742097218}); windows compared in place
[Coarse] pair 7: no reliable coarse offset (matcher: no matches; phasecorr: {'dx': -17660.72648465004, 'dy': -478.5174601560547, 'support': None, 'n': None, 'peak': 0.0218074359204816}); windows compared in place
[Coarse] pair 8: no reliable coarse offset (matcher: no matches; phasecorr: {'dx': -18002.059573769864, 'dy': -489.60497923140906, 'support': None, 'n': None, 'peak': 0.011968647486368816}); windows compared in place
[Coarse] pair 11: no reliable coarse offset (matcher: no matches; phasecorr: {'dx': -18107.733154651494, 'dy': -332.5590928480355, 'support': None, 'n': None, 'peak': 0.020898853179031604}); windows compared in place
[Coarse] pair 20: no reliable coarse offset (matcher: no matches; phasecorr: {'dx': -28903.23193639674, 'dy': -12953.216285335406, 'support': None, 'n': None, 'peak': 0.008737401829825507}); windows compared in place
[Coarse] pair 26: no reliable coarse offset (matcher: no matches; phasecorr: {'dx': -96306.08142606622, 'dy': -17142.367293993742, 'support': None, 'n': None, 'peak': 0.02253384519977334}); windows compared in place
[Coarse] pair 2: phase correlation gave dE=-8934 m dN=5487 m, 10.5 km from every offset the matcher measured; using pair 16's (dE=-17798 m dN=-157 m)
[Coarse] pair 10: phase correlation gave dE=43169 m dN=-4147 m, 61.1 km from every offset the matcher measured; using pair 16's (dE=-17798 m dN=-157 m)
[Coarse] pair 12: phase correlation gave dE=-1877 m dN=10017 m, 18.9 km from every offset the matcher measured; using pair 16's (dE=-17798 m dN=-157 m)
[Coarse] pair 13: phase correlation gave dE=7584 m dN=8567 m, 26.8 km from every offset the matcher measured; using pair 16's (dE=-17798 m dN=-157 m)
[Coarse] pair 18: phase correlation gave dE=744 m dN=-16615 m, 24.8 km from every offset the matcher measured; using pair 16's (dE=-17798 m dN=-157 m)
[Coarse] pair 19: phase correlation gave dE=11920 m dN=-17918 m, 34.6 km from every offset the matcher measured; using pair 16's (dE=-17798 m dN=-157 m)
[Coarse] pair 21: phase correlation gave dE=-11414 m dN=-17047 m, 18.1 km from every offset the matcher measured; using pair 16's (dE=-17798 m dN=-157 m)
[Coarse] pair 27: phase correlation gave dE=-97898 m dN=-6012 m, 80.3 km from every offset the matcher measured; using pair 16's (dE=-17798 m dN=-157 m)
[Coarse] dedode_L-upright_B-upright pair 1: dE=-18062.2 m dN=-904.8 m (phasecorr@315m, support=None, peak=0.03257782713572184) 
dedode_L-upright_B-upright: Processing pair 1 from disk...
dedode_L-upright_B-upright: 6 match-sets in 8.34s
[Coarse] dedode_L-upright_B-upright pair 2: dE=-17797.5 m dN=-157.5 m (from-pair-16 (phasecorr disagreed), support=None, peak=0.03413578109976686) 
dedode_L-upright_B-upright: Processing pair 2 from disk...
dedode_L-upright_B-upright: 6 match-sets in 0.53s
[Coarse] dedode_L-upright_B-upright pair 3: dE=-18062.2 m dN=-904.8 m (from-pair-1, support=None, peak=None) 
dedode_L-upright_B-upright: Processing pair 3 from disk...
dedode_L-upright_B-upright: 5 match-sets in 0.51s
[Coarse] dedode_L-upright_B-upright pair 4: dE=-17797.5 m dN=-157.5 m (from-pair-2, support=None, peak=None) 
dedode_L-upright_B-upright: Processing pair 4 from disk...
dedode_L-upright_B-upright: 4 match-sets in 7.85s
[Coarse] dedode_L-upright_B-upright pair 5: dE=-17797.5 m dN=-157.5 m (from-pair-2, support=None, peak=None) 
dedode_L-upright_B-upright: Processing pair 5 from disk...
dedode_L-upright_B-upright: 6 match-sets in 7.95s
[Coarse] dedode_L-upright_B-upright pair 6: dE=-17797.5 m dN=-157.5 m (from-pair-2, support=None, peak=None) 
dedode_L-upright_B-upright: Processing pair 6 from disk...
dedode_L-upright_B-upright: 4 match-sets in 0.58s
[Coarse] dedode_L-upright_B-upright pair 7: dE=-17790.5 m dN=-428.0 m (from-pair-9, support=None, peak=None) 
dedode_L-upright_B-upright: Processing pair 7 from disk...
dedode_L-upright_B-upright: 16 match-sets in 23.64s
[Coarse] dedode_L-upright_B-upright pair 8: dE=-17790.5 m dN=-428.0 m (from-pair-9, support=None, peak=None) 
dedode_L-upright_B-upright: Processing pair 8 from disk...
dedode_L-upright_B-upright: 13 match-sets in 1.61s
[Coarse] dedode_L-upright_B-upright pair 9: dE=-17790.5 m dN=-428.0 m (phasecorr@315m, support=None, peak=0.031066529352914596) 
dedode_L-upright_B-upright: Processing pair 9 from disk...
dedode_L-upright_B-upright: 13 match-sets in 8.14s
[Coarse] dedode_L-upright_B-upright pair 10: dE=-17797.5 m dN=-157.5 m (from-pair-16 (phasecorr disagreed), support=None, peak=0.04791493653487985) 
dedode_L-upright_B-upright: Processing pair 10 from disk...
dedode_L-upright_B-upright: 9 match-sets in 12.98s
[Coarse] dedode_L-upright_B-upright pair 11: dE=-17797.5 m dN=-157.5 m (from-pair-10, support=None, peak=None) 
dedode_L-upright_B-upright: Processing pair 11 from disk...
dedode_L-upright_B-upright: 9 match-sets in 1.45s
[Coarse] dedode_L-upright_B-upright pair 12: dE=-17797.5 m dN=-157.5 m (from-pair-16 (phasecorr disagreed), support=None, peak=0.1047012765466431) 
dedode_L-upright_B-upright: Processing pair 12 from disk...
dedode_L-upright_B-upright: 0 match-sets in 0.00s
[Coarse] dedode_L-upright_B-upright pair 13: dE=-17797.5 m dN=-157.5 m (from-pair-16 (phasecorr disagreed), support=None, peak=0.09384612739086151) 
dedode_L-upright_B-upright: Processing pair 13 from disk...
dedode_L-upright_B-upright: 0 match-sets in 0.00s
[Coarse] dedode_L-upright_B-upright pair 14: dE=-18039.9 m dN=-308.2 m (phasecorr@315m, support=None, peak=0.04961982255158601) 
dedode_L-upright_B-upright: Processing pair 14 from disk...
dedode_L-upright_B-upright: 18 match-sets in 12.33s
[Coarse] dedode_L-upright_B-upright pair 15: dE=-18033.6 m dN=-269.1 m (phasecorr@315m, support=None, peak=0.0587093012491862) 
dedode_L-upright_B-upright: Processing pair 15 from disk...
dedode_L-upright_B-upright: 17 match-sets in 1.77s
[Coarse] dedode_L-upright_B-upright pair 16: dE=-17797.5 m dN=-157.5 m (matcher@315m, support=8, peak=None) 
dedode_L-upright_B-upright: Processing pair 16 from disk...
dedode_L-upright_B-upright: 13 match-sets in 5.01s
[Coarse] dedode_L-upright_B-upright pair 17: dE=-18272.3 m dN=-53.0 m (phasecorr@315m, support=None, peak=0.05276745311419169) 
dedode_L-upright_B-upright: Processing pair 17 from disk...
dedode_L-upright_B-upright: 14 match-sets in 1.53s
[Coarse] dedode_L-upright_B-upright pair 18: dE=-17797.5 m dN=-157.5 m (from-pair-16 (phasecorr disagreed), support=None, peak=0.06863816733713503) 
dedode_L-upright_B-upright: Processing pair 18 from disk...
dedode_L-upright_B-upright: 0 match-sets in 0.00s
[Coarse] dedode_L-upright_B-upright pair 19: dE=-17797.5 m dN=-157.5 m (from-pair-16 (phasecorr disagreed), support=None, peak=0.15104582491848204) 
dedode_L-upright_B-upright: Processing pair 19 from disk...
dedode_L-upright_B-upright: 0 match-sets in 0.00s
[Coarse] dedode_L-upright_B-upright pair 20: dE=-17797.5 m dN=-157.5 m (from-pair-19, support=None, peak=None) 
dedode_L-upright_B-upright: Processing pair 20 from disk...
dedode_L-upright_B-upright: 0 match-sets in 0.00s
[Coarse] dedode_L-upright_B-upright pair 21: dE=-17797.5 m dN=-157.5 m (from-pair-16 (phasecorr disagreed), support=None, peak=0.036990950946454645) 
dedode_L-upright_B-upright: Processing pair 21 from disk...
dedode_L-upright_B-upright: 0 match-sets in 0.00s
[Coarse] dedode_L-upright_B-upright pair 22: dE=-17882.3 m dN=-311.5 m (phasecorr@315m, support=None, peak=0.12721613845825194) 
dedode_L-upright_B-upright: Processing pair 22 from disk...
dedode_L-upright_B-upright: 22 match-sets in 13.31s
[Coarse] dedode_L-upright_B-upright pair 23: dE=-17911.9 m dN=-326.6 m (phasecorr@315m, support=None, peak=0.12881409482955933) 
dedode_L-upright_B-upright: Processing pair 23 from disk...
dedode_L-upright_B-upright: 20 match-sets in 2.15s
[Coarse] dedode_L-upright_B-upright pair 24: dE=-17928.8 m dN=-415.6 m (phasecorr@315m, support=None, peak=0.035175936365127565) 
dedode_L-upright_B-upright: Processing pair 24 from disk...
dedode_L-upright_B-upright: 23 match-sets in 2.13s
[Coarse] dedode_L-upright_B-upright pair 25: dE=-17844.2 m dN=-348.0 m (phasecorr@315m, support=None, peak=0.15328786741892497) 
dedode_L-upright_B-upright: Processing pair 25 from disk...
dedode_L-upright_B-upright: 20 match-sets in 2.15s
[Coarse] dedode_L-upright_B-upright pair 26: dE=-17797.5 m dN=-157.5 m (from-pair-27, support=None, peak=None) 
dedode_L-upright_B-upright: Processing pair 26 from disk...
dedode_L-upright_B-upright: 9 match-sets in 12.52s
[Coarse] dedode_L-upright_B-upright pair 27: dE=-17797.5 m dN=-157.5 m (from-pair-16 (phasecorr disagreed), support=None, peak=0.05064041456057702) 
dedode_L-upright_B-upright: Processing pair 27 from disk...
dedode_L-upright_B-upright: 8 match-sets in 1.26s
Saved:
 CHIP_STATS_ALL.csv
 CHIP_STATS_SURVIVORS.csv
 CONSENSUS_SCORES.csv
 BEST_CHIP_SET.csv
 BEST_CHIP_MANIFEST.csv
 BEST_FINAL_SUMMARY.csv
[band1] dedode_L-upright_B-upright ok in 4.1 min, peak GPU memory 32.9 of 39.4 GB
--------------------------------------------------------------------------------
[band1] Running dedode_L-upright_B-C4
DeDoDe: Loading L-upright/B-C4...
dedode: Initializing LightGlue {'filter_threshold': 0.1, 'depth_confidence': 0.95, 'width_confidence': 0.99}...
Loaded LightGlue model
[Coarse] pair 3: no reliable coarse offset (matcher: no matches; phasecorr: {'dx': -16147.443677524008, 'dy': -26751.975000537102, 'support': None, 'n': None, 'peak': 0.00032880983234923565}); windows compared in place
[Coarse] pair 4: no reliable coarse offset (matcher: no matches; phasecorr: {'dx': 12882.472481301173, 'dy': 92621.70938170607, 'support': None, 'n': None, 'peak': -0.00012715039429841217}); windows compared in place
[Coarse] pair 5: no reliable coarse offset (matcher: no matches; phasecorr: {'dx': 3156.3479216096807, 'dy': 18300.67805989782, 'support': None, 'n': None, 'peak': 0.020832994549224774}); windows compared in place
[Coarse] pair 6: no reliable coarse offset (matcher: no matches; phasecorr: {'dx': -15852.800158210905, 'dy': 18737.59796077822, 'support': None, 'n': None, 'peak': -0.0027571213742097218}); windows compared in place
[Coarse] pair 7: no reliable coarse offset (matcher: no matches; phasecorr: {'dx': -17660.72648465004, 'dy': -478.5174601560547, 'support': None, 'n': None, 'peak': 0.0218074359204816}); windows compared in place
[Coarse] pair 8: no reliable coarse offset (matcher: no matches; phasecorr: {'dx': -18002.059573769864, 'dy': -489.60497923140906, 'support': None, 'n': None, 'peak': 0.011968647486368816}); windows compared in place
[Coarse] pair 11: no reliable coarse offset (matcher: no matches; phasecorr: {'dx': -18107.733154651494, 'dy': -332.5590928480355, 'support': None, 'n': None, 'peak': 0.020898853179031604}); windows compared in place
[Coarse] pair 20: no reliable coarse offset (matcher: no matches; phasecorr: {'dx': -28903.23193639674, 'dy': -12953.216285335406, 'support': None, 'n': None, 'peak': 0.008737401829825507}); windows compared in place
[Coarse] pair 26: no reliable coarse offset (matcher: no matches; phasecorr: {'dx': -96306.08142606622, 'dy': -17142.367293993742, 'support': None, 'n': None, 'peak': 0.02253384519977334}); windows compared in place
[Coarse] pair 2: phase correlation gave dE=-8934 m dN=5487 m, 10.5 km from every offset the matcher measured; using pair 16's (dE=-17640 m dN=-315 m)
[Coarse] pair 10: phase correlation gave dE=43169 m dN=-4147 m, 60.9 km from every offset the matcher measured; using pair 16's (dE=-17640 m dN=-315 m)
[Coarse] pair 12: phase correlation gave dE=-1877 m dN=10017 m, 18.8 km from every offset the matcher measured; using pair 16's (dE=-17640 m dN=-315 m)
[Coarse] pair 13: phase correlation gave dE=7584 m dN=8567 m, 26.7 km from every offset the matcher measured; using pair 16's (dE=-17640 m dN=-315 m)
[Coarse] pair 18: phase correlation gave dE=744 m dN=-16615 m, 24.6 km from every offset the matcher measured; using pair 16's (dE=-17640 m dN=-315 m)
[Coarse] pair 19: phase correlation gave dE=11920 m dN=-17918 m, 34.4 km from every offset the matcher measured; using pair 16's (dE=-17640 m dN=-315 m)
[Coarse] pair 21: phase correlation gave dE=-11414 m dN=-17047 m, 17.9 km from every offset the matcher measured; using pair 16's (dE=-17640 m dN=-315 m)
[Coarse] pair 27: phase correlation gave dE=-97898 m dN=-6012 m, 80.5 km from every offset the matcher measured; using pair 16's (dE=-17640 m dN=-315 m)
[Coarse] dedode_L-upright_B-C4 pair 1: dE=-18062.2 m dN=-904.8 m (phasecorr@315m, support=None, peak=0.03257782713572184) 
dedode_L-upright_B-C4: Processing pair 1 from disk...
dedode_L-upright_B-C4: 7 match-sets in 0.49s
[Coarse] dedode_L-upright_B-C4 pair 2: dE=-17640.0 m dN=-315.0 m (from-pair-16 (phasecorr disagreed), support=None, peak=0.03413578109976686) 
dedode_L-upright_B-C4: Processing pair 2 from disk...
dedode_L-upright_B-C4: 6 match-sets in 0.52s
[Coarse] dedode_L-upright_B-C4 pair 3: dE=-18062.2 m dN=-904.8 m (from-pair-1, support=None, peak=None) 
dedode_L-upright_B-C4: Processing pair 3 from disk...
dedode_L-upright_B-C4: 5 match-sets in 0.48s
[Coarse] dedode_L-upright_B-C4 pair 4: dE=-17640.0 m dN=-315.0 m (from-pair-2, support=None, peak=None) 
dedode_L-upright_B-C4: Processing pair 4 from disk...
dedode_L-upright_B-C4: 3 match-sets in 0.55s
[Coarse] dedode_L-upright_B-C4 pair 5: dE=-17640.0 m dN=-315.0 m (from-pair-2, support=None, peak=None) 
dedode_L-upright_B-C4: Processing pair 5 from disk...
dedode_L-upright_B-C4: 3 match-sets in 0.54s
[Coarse] dedode_L-upright_B-C4 pair 6: dE=-17640.0 m dN=-315.0 m (from-pair-2, support=None, peak=None) 
dedode_L-upright_B-C4: Processing pair 6 from disk...
dedode_L-upright_B-C4: 4 match-sets in 0.54s
[Coarse] dedode_L-upright_B-C4 pair 7: dE=-17790.5 m dN=-428.0 m (from-pair-9, support=None, peak=None) 
dedode_L-upright_B-C4: Processing pair 7 from disk...
dedode_L-upright_B-C4: 13 match-sets in 1.52s
[Coarse] dedode_L-upright_B-C4 pair 8: dE=-17790.5 m dN=-428.0 m (from-pair-9, support=None, peak=None) 
dedode_L-upright_B-C4: Processing pair 8 from disk...
dedode_L-upright_B-C4: 13 match-sets in 1.53s
[Coarse] dedode_L-upright_B-C4 pair 9: dE=-17790.5 m dN=-428.0 m (phasecorr@315m, support=None, peak=0.031066529352914596) 
dedode_L-upright_B-C4: Processing pair 9 from disk...
dedode_L-upright_B-C4: 16 match-sets in 1.52s
[Coarse] dedode_L-upright_B-C4 pair 10: dE=-17640.0 m dN=-315.0 m (from-pair-16 (phasecorr disagreed), support=None, peak=0.04791493653487985) 
dedode_L-upright_B-C4: Processing pair 10 from disk...
dedode_L-upright_B-C4: 9 match-sets in 1.44s
[Coarse] dedode_L-upright_B-C4 pair 11: dE=-17640.0 m dN=-315.0 m (from-pair-10, support=None, peak=None) 
dedode_L-upright_B-C4: Processing pair 11 from disk...
dedode_L-upright_B-C4: 8 match-sets in 1.44s
[Coarse] dedode_L-upright_B-C4 pair 12: dE=-17640.0 m dN=-315.0 m (from-pair-16 (phasecorr disagreed), support=None, peak=0.1047012765466431) 
dedode_L-upright_B-C4: Processing pair 12 from disk...
dedode_L-upright_B-C4: 0 match-sets in 0.00s
[Coarse] dedode_L-upright_B-C4 pair 13: dE=-17640.0 m dN=-315.0 m (from-pair-16 (phasecorr disagreed), support=None, peak=0.09384612739086151) 
dedode_L-upright_B-C4: Processing pair 13 from disk...
dedode_L-upright_B-C4: 0 match-sets in 0.00s
[Coarse] dedode_L-upright_B-C4 pair 14: dE=-18039.9 m dN=-308.2 m (phasecorr@315m, support=None, peak=0.04961982255158601) 
dedode_L-upright_B-C4: Processing pair 14 from disk...
dedode_L-upright_B-C4: 18 match-sets in 1.74s
[Coarse] dedode_L-upright_B-C4 pair 15: dE=-18033.6 m dN=-269.1 m (phasecorr@315m, support=None, peak=0.0587093012491862) 
dedode_L-upright_B-C4: Processing pair 15 from disk...
dedode_L-upright_B-C4: 17 match-sets in 1.74s
[Coarse] dedode_L-upright_B-C4 pair 16: dE=-17640.0 m dN=-315.0 m (matcher@315m, support=11, peak=None) 
dedode_L-upright_B-C4: Processing pair 16 from disk...
dedode_L-upright_B-C4: 14 match-sets in 1.55s
[Coarse] dedode_L-upright_B-C4 pair 17: dE=-18272.3 m dN=-53.0 m (phasecorr@315m, support=None, peak=0.05276745311419169) 
dedode_L-upright_B-C4: Processing pair 17 from disk...
dedode_L-upright_B-C4: 14 match-sets in 1.54s
[Coarse] dedode_L-upright_B-C4 pair 18: dE=-17640.0 m dN=-315.0 m (from-pair-16 (phasecorr disagreed), support=None, peak=0.06863816733713503) 
dedode_L-upright_B-C4: Processing pair 18 from disk...
dedode_L-upright_B-C4: 0 match-sets in 0.00s
[Coarse] dedode_L-upright_B-C4 pair 19: dE=-17640.0 m dN=-315.0 m (from-pair-16 (phasecorr disagreed), support=None, peak=0.15104582491848204) 
dedode_L-upright_B-C4: Processing pair 19 from disk...
dedode_L-upright_B-C4: 0 match-sets in 0.00s
[Coarse] dedode_L-upright_B-C4 pair 20: dE=-17640.0 m dN=-315.0 m (from-pair-19, support=None, peak=None) 
dedode_L-upright_B-C4: Processing pair 20 from disk...
dedode_L-upright_B-C4: 0 match-sets in 0.00s
[Coarse] dedode_L-upright_B-C4 pair 21: dE=-17640.0 m dN=-315.0 m (from-pair-16 (phasecorr disagreed), support=None, peak=0.036990950946454645) 
dedode_L-upright_B-C4: Processing pair 21 from disk...
dedode_L-upright_B-C4: 0 match-sets in 0.00s
[Coarse] dedode_L-upright_B-C4 pair 22: dE=-17882.3 m dN=-311.5 m (phasecorr@315m, support=None, peak=0.12721613845825194) 
dedode_L-upright_B-C4: Processing pair 22 from disk...
dedode_L-upright_B-C4: 20 match-sets in 2.13s
[Coarse] dedode_L-upright_B-C4 pair 23: dE=-17911.9 m dN=-326.6 m (phasecorr@315m, support=None, peak=0.12881409482955933) 
dedode_L-upright_B-C4: Processing pair 23 from disk...
dedode_L-upright_B-C4: 19 match-sets in 2.14s
[Coarse] dedode_L-upright_B-C4 pair 24: dE=-17928.8 m dN=-415.6 m (phasecorr@315m, support=None, peak=0.035175936365127565) 
dedode_L-upright_B-C4: Processing pair 24 from disk...
dedode_L-upright_B-C4: 19 match-sets in 2.13s
[Coarse] dedode_L-upright_B-C4 pair 25: dE=-17844.2 m dN=-348.0 m (phasecorr@315m, support=None, peak=0.15328786741892497) 
dedode_L-upright_B-C4: Processing pair 25 from disk...
dedode_L-upright_B-C4: 20 match-sets in 2.12s
[Coarse] dedode_L-upright_B-C4 pair 26: dE=-17640.0 m dN=-315.0 m (from-pair-27, support=None, peak=None) 
dedode_L-upright_B-C4: Processing pair 26 from disk...
dedode_L-upright_B-C4: 10 match-sets in 1.27s
[Coarse] dedode_L-upright_B-C4 pair 27: dE=-17640.0 m dN=-315.0 m (from-pair-16 (phasecorr disagreed), support=None, peak=0.05064041456057702) 
dedode_L-upright_B-C4: Processing pair 27 from disk...
dedode_L-upright_B-C4: 8 match-sets in 1.26s
Saved:
 CHIP_STATS_ALL.csv
 CHIP_STATS_SURVIVORS.csv
 CONSENSUS_SCORES.csv
 BEST_CHIP_SET.csv
 BEST_CHIP_MANIFEST.csv
 BEST_FINAL_SUMMARY.csv
[band1] dedode_L-upright_B-C4 ok in 0.7 min, peak GPU memory 1.4 of 39.4 GB
--------------------------------------------------------------------------------
[band1] Running dedode_L-upright_G-C4
DeDoDe: Loading L-upright/G-C4...
dedode: Initializing LightGlue {'filter_threshold': 0.1, 'depth_confidence': 0.95, 'width_confidence': 0.99}...
Loaded LightGlue model
[Coarse] pair 3: no reliable coarse offset (matcher: no matches; phasecorr: {'dx': -16147.443677524008, 'dy': -26751.975000537102, 'support': None, 'n': None, 'peak': 0.00032880983234923565}); windows compared in place
[Coarse] pair 4: no reliable coarse offset (matcher: no matches; phasecorr: {'dx': 12882.472481301173, 'dy': 92621.70938170607, 'support': None, 'n': None, 'peak': -0.00012715039429841217}); windows compared in place
[Coarse] pair 5: no reliable coarse offset (matcher: no matches; phasecorr: {'dx': 3156.3479216096807, 'dy': 18300.67805989782, 'support': None, 'n': None, 'peak': 0.020832994549224774}); windows compared in place
[Coarse] pair 6: no reliable coarse offset (matcher: no matches; phasecorr: {'dx': -15852.800158210905, 'dy': 18737.59796077822, 'support': None, 'n': None, 'peak': -0.0027571213742097218}); windows compared in place
[Coarse] pair 7: no reliable coarse offset (matcher: no matches; phasecorr: {'dx': -17660.72648465004, 'dy': -478.5174601560547, 'support': None, 'n': None, 'peak': 0.0218074359204816}); windows compared in place
[Coarse] pair 8: no reliable coarse offset (matcher: no matches; phasecorr: {'dx': -18002.059573769864, 'dy': -489.60497923140906, 'support': None, 'n': None, 'peak': 0.011968647486368816}); windows compared in place
[Coarse] pair 11: no reliable coarse offset (matcher: no matches; phasecorr: {'dx': -18107.733154651494, 'dy': -332.5590928480355, 'support': None, 'n': None, 'peak': 0.020898853179031604}); windows compared in place
[Coarse] pair 20: no reliable coarse offset (matcher: no matches; phasecorr: {'dx': -28903.23193639674, 'dy': -12953.216285335406, 'support': None, 'n': None, 'peak': 0.008737401829825507}); windows compared in place
[Coarse] pair 26: no reliable coarse offset (matcher: no matches; phasecorr: {'dx': -96306.08142606622, 'dy': -17142.367293993742, 'support': None, 'n': None, 'peak': 0.02253384519977334}); windows compared in place
[Coarse] WARNING: dedode_L-upright_G-C4: the pairs' coarse offsets differ by up to 141 km, more than one image moves from place to place. Pairs with a wrong offset match the wrong ground (the chip consensus drops them when they are few); if most pairs disagree, check the input's pixel size and window size.
[Coarse] dedode_L-upright_G-C4 pair 1: dE=-18062.2 m dN=-904.8 m (phasecorr@315m, support=None, peak=0.03257782713572184) 
dedode_L-upright_G-C4: Processing pair 1 from disk...
dedode_L-upright_G-C4: 6 match-sets in 1.95s
[Coarse] dedode_L-upright_G-C4 pair 2: dE=-8933.5 m dN=5486.9 m (phasecorr@315m, support=None, peak=0.03413578109976686) 
dedode_L-upright_G-C4: Processing pair 2 from disk...
dedode_L-upright_G-C4: 4 match-sets in 4.93s
[Coarse] dedode_L-upright_G-C4 pair 3: dE=-18062.2 m dN=-904.8 m (from-pair-1, support=None, peak=None) 
dedode_L-upright_G-C4: Processing pair 3 from disk...
dedode_L-upright_G-C4: 4 match-sets in 0.66s
[Coarse] dedode_L-upright_G-C4 pair 4: dE=-8933.5 m dN=5486.9 m (from-pair-2, support=None, peak=None) 
dedode_L-upright_G-C4: Processing pair 4 from disk...
dedode_L-upright_G-C4: 5 match-sets in 5.80s
[Coarse] dedode_L-upright_G-C4 pair 5: dE=-8933.5 m dN=5486.9 m (from-pair-2, support=None, peak=None) 
dedode_L-upright_G-C4: Processing pair 5 from disk...
dedode_L-upright_G-C4: 5 match-sets in 5.85s
[Coarse] dedode_L-upright_G-C4 pair 6: dE=-8933.5 m dN=5486.9 m (from-pair-2, support=None, peak=None) 
dedode_L-upright_G-C4: Processing pair 6 from disk...
dedode_L-upright_G-C4: 4 match-sets in 0.77s
[Coarse] dedode_L-upright_G-C4 pair 7: dE=-17790.5 m dN=-428.0 m (from-pair-9, support=None, peak=None) 
dedode_L-upright_G-C4: Processing pair 7 from disk...
dedode_L-upright_G-C4: 14 match-sets in 6.50s
[Coarse] dedode_L-upright_G-C4 pair 8: dE=-17790.5 m dN=-428.0 m (from-pair-9, support=None, peak=None) 
dedode_L-upright_G-C4: Processing pair 8 from disk...
dedode_L-upright_G-C4: 14 match-sets in 2.27s
[Coarse] dedode_L-upright_G-C4 pair 9: dE=-17790.5 m dN=-428.0 m (phasecorr@315m, support=None, peak=0.031066529352914596) 
dedode_L-upright_G-C4: Processing pair 9 from disk...
dedode_L-upright_G-C4: 14 match-sets in 3.35s
[Coarse] dedode_L-upright_G-C4 pair 10: dE=43169.1 m dN=-4146.8 m (phasecorr@315m, support=None, peak=0.04791493653487985) 
dedode_L-upright_G-C4: Processing pair 10 from disk...
dedode_L-upright_G-C4: 10 match-sets in 11.63s
[Coarse] dedode_L-upright_G-C4 pair 11: dE=43169.1 m dN=-4146.8 m (from-pair-10, support=None, peak=None) 
dedode_L-upright_G-C4: Processing pair 11 from disk...
dedode_L-upright_G-C4: 10 match-sets in 1.78s
[Coarse] dedode_L-upright_G-C4 pair 12: dE=-1877.4 m dN=10017.4 m (phasecorr@315m, support=None, peak=0.1047012765466431) 
dedode_L-upright_G-C4: Processing pair 12 from disk...
dedode_L-upright_G-C4: 0 match-sets in 0.00s
[Coarse] dedode_L-upright_G-C4 pair 13: dE=7584.5 m dN=8567.1 m (phasecorr@315m, support=None, peak=0.09384612739086151) 
dedode_L-upright_G-C4: Processing pair 13 from disk...
dedode_L-upright_G-C4: 0 match-sets in 0.00s
[Coarse] dedode_L-upright_G-C4 pair 14: dE=-18039.9 m dN=-308.2 m (phasecorr@315m, support=None, peak=0.04961982255158601) 
dedode_L-upright_G-C4: Processing pair 14 from disk...
dedode_L-upright_G-C4: 14 match-sets in 4.44s
[Coarse] dedode_L-upright_G-C4 pair 15: dE=-18033.6 m dN=-269.1 m (phasecorr@315m, support=None, peak=0.0587093012491862) 
dedode_L-upright_G-C4: Processing pair 15 from disk...
dedode_L-upright_G-C4: 16 match-sets in 2.51s
[Coarse] dedode_L-upright_G-C4 pair 16: dE=-18113.0 m dN=-129.2 m (phasecorr@315m, support=None, peak=0.054434785683949785) 
dedode_L-upright_G-C4: Processing pair 16 from disk...
dedode_L-upright_G-C4: 13 match-sets in 3.12s
[Coarse] dedode_L-upright_G-C4 pair 17: dE=-18272.3 m dN=-53.0 m (phasecorr@315m, support=None, peak=0.05276745311419169) 
dedode_L-upright_G-C4: Processing pair 17 from disk...
dedode_L-upright_G-C4: 12 match-sets in 2.02s
[Coarse] dedode_L-upright_G-C4 pair 18: dE=744.1 m dN=-16614.6 m (phasecorr@315m, support=None, peak=0.06863816733713503) 
dedode_L-upright_G-C4: Processing pair 18 from disk...
dedode_L-upright_G-C4: 0 match-sets in 0.00s
[Coarse] dedode_L-upright_G-C4 pair 19: dE=11920.5 m dN=-17918.4 m (phasecorr@315m, support=None, peak=0.15104582491848204) 
dedode_L-upright_G-C4: Processing pair 19 from disk...
dedode_L-upright_G-C4: 0 match-sets in 0.00s
[Coarse] dedode_L-upright_G-C4 pair 20: dE=11920.5 m dN=-17918.4 m (from-pair-19, support=None, peak=None) 
dedode_L-upright_G-C4: Processing pair 20 from disk...
dedode_L-upright_G-C4: 0 match-sets in 0.00s
[Coarse] dedode_L-upright_G-C4 pair 21: dE=-11413.6 m dN=-17047.1 m (phasecorr@315m, support=None, peak=0.036990950946454645) 
dedode_L-upright_G-C4: Processing pair 21 from disk...
dedode_L-upright_G-C4: 0 match-sets in 0.00s
[Coarse] dedode_L-upright_G-C4 pair 22: dE=-17882.3 m dN=-311.5 m (phasecorr@315m, support=None, peak=0.12721613845825194) 
dedode_L-upright_G-C4: Processing pair 22 from disk...
dedode_L-upright_G-C4: 19 match-sets in 4.85s
[Coarse] dedode_L-upright_G-C4 pair 23: dE=-17911.9 m dN=-326.6 m (phasecorr@315m, support=None, peak=0.12881409482955933) 
dedode_L-upright_G-C4: Processing pair 23 from disk...
dedode_L-upright_G-C4: 19 match-sets in 3.00s
[Coarse] dedode_L-upright_G-C4 pair 24: dE=-17928.8 m dN=-415.6 m (phasecorr@315m, support=None, peak=0.035175936365127565) 
dedode_L-upright_G-C4: Processing pair 24 from disk...
dedode_L-upright_G-C4: 19 match-sets in 3.00s
[Coarse] dedode_L-upright_G-C4 pair 25: dE=-17844.2 m dN=-348.0 m (phasecorr@315m, support=None, peak=0.15328786741892497) 
dedode_L-upright_G-C4: Processing pair 25 from disk...
dedode_L-upright_G-C4: 18 match-sets in 3.01s
[Coarse] dedode_L-upright_G-C4 pair 26: dE=-97897.6 m dN=-6011.8 m (from-pair-27, support=None, peak=None) 
dedode_L-upright_G-C4: Processing pair 26 from disk...
dedode_L-upright_G-C4: 4 match-sets in 6.02s
[Coarse] dedode_L-upright_G-C4 pair 27: dE=-97897.6 m dN=-6011.8 m (phasecorr@315m, support=None, peak=0.05064041456057702) 
dedode_L-upright_G-C4: Processing pair 27 from disk...
dedode_L-upright_G-C4: 4 match-sets in 0.90s
Saved:
 CHIP_STATS_ALL.csv
 CHIP_STATS_SURVIVORS.csv
 CONSENSUS_SCORES.csv
 BEST_CHIP_SET.csv
 BEST_CHIP_MANIFEST.csv
 BEST_FINAL_SUMMARY.csv
[band1] dedode_L-upright_G-C4 ok in 1.9 min, peak GPU memory 25.7 of 39.4 GB
--------------------------------------------------------------------------------
[band1] Running dedode_L-C4_B-upright
DeDoDe: Loading L-C4/B-upright...
dedode: Initializing LightGlue {'filter_threshold': 0.1, 'depth_confidence': 0.95, 'width_confidence': 0.99}...
Loaded LightGlue model
[Coarse] pair 3: no reliable coarse offset (matcher: no matches; phasecorr: {'dx': -16147.443677524008, 'dy': -26751.975000537102, 'support': None, 'n': None, 'peak': 0.00032880983234923565}); windows compared in place
[Coarse] pair 4: no reliable coarse offset (matcher: no matches; phasecorr: {'dx': 12882.472481301173, 'dy': 92621.70938170607, 'support': None, 'n': None, 'peak': -0.00012715039429841217}); windows compared in place
[Coarse] pair 5: no reliable coarse offset (matcher: no matches; phasecorr: {'dx': 3156.3479216096807, 'dy': 18300.67805989782, 'support': None, 'n': None, 'peak': 0.020832994549224774}); windows compared in place
[Coarse] pair 6: no reliable coarse offset (matcher: no matches; phasecorr: {'dx': -15852.800158210905, 'dy': 18737.59796077822, 'support': None, 'n': None, 'peak': -0.0027571213742097218}); windows compared in place
[Coarse] pair 7: no reliable coarse offset (matcher: no matches; phasecorr: {'dx': -17660.72648465004, 'dy': -478.5174601560547, 'support': None, 'n': None, 'peak': 0.0218074359204816}); windows compared in place
[Coarse] pair 8: no reliable coarse offset (matcher: no matches; phasecorr: {'dx': -18002.059573769864, 'dy': -489.60497923140906, 'support': None, 'n': None, 'peak': 0.011968647486368816}); windows compared in place
[Coarse] pair 11: no reliable coarse offset (matcher: no matches; phasecorr: {'dx': -18107.733154651494, 'dy': -332.5590928480355, 'support': None, 'n': None, 'peak': 0.020898853179031604}); windows compared in place
[Coarse] pair 20: no reliable coarse offset (matcher: no matches; phasecorr: {'dx': -28903.23193639674, 'dy': -12953.216285335406, 'support': None, 'n': None, 'peak': 0.008737401829825507}); windows compared in place
[Coarse] pair 26: no reliable coarse offset (matcher: no matches; phasecorr: {'dx': -96306.08142606622, 'dy': -17142.367293993742, 'support': None, 'n': None, 'peak': 0.02253384519977334}); windows compared in place
[Coarse] pair 2: phase correlation gave dE=-8934 m dN=5487 m, 10.7 km from every offset the matcher measured; using pair 14's (dE=-17955 m dN=-315 m)
[Coarse] pair 10: phase correlation gave dE=43169 m dN=-4147 m, 61.2 km from every offset the matcher measured; using pair 14's (dE=-17955 m dN=-315 m)
[Coarse] pair 12: phase correlation gave dE=-1877 m dN=10017 m, 19.1 km from every offset the matcher measured; using pair 14's (dE=-17955 m dN=-315 m)
[Coarse] pair 13: phase correlation gave dE=7584 m dN=8567 m, 27.0 km from every offset the matcher measured; using pair 14's (dE=-17955 m dN=-315 m)
[Coarse] pair 18: phase correlation gave dE=744 m dN=-16615 m, 24.8 km from every offset the matcher measured; using pair 14's (dE=-17955 m dN=-315 m)
[Coarse] pair 19: phase correlation gave dE=11920 m dN=-17918 m, 34.7 km from every offset the matcher measured; using pair 14's (dE=-17955 m dN=-315 m)
[Coarse] pair 21: phase correlation gave dE=-11414 m dN=-17047 m, 18.0 km from every offset the matcher measured; using pair 14's (dE=-17955 m dN=-315 m)
[Coarse] pair 27: phase correlation gave dE=-97898 m dN=-6012 m, 80.1 km from every offset the matcher measured; using pair 14's (dE=-17955 m dN=-315 m)
[Coarse] dedode_L-C4_B-upright pair 1: dE=-18062.2 m dN=-904.8 m (phasecorr@315m, support=None, peak=0.03257782713572184) 
dedode_L-C4_B-upright: Processing pair 1 from disk...
dedode_L-C4_B-upright: 6 match-sets in 0.48s
[Coarse] dedode_L-C4_B-upright pair 2: dE=-17955.0 m dN=-315.0 m (from-pair-14 (phasecorr disagreed), support=None, peak=0.03413578109976686) 
dedode_L-C4_B-upright: Processing pair 2 from disk...
dedode_L-C4_B-upright: 5 match-sets in 0.49s
[Coarse] dedode_L-C4_B-upright pair 3: dE=-18062.2 m dN=-904.8 m (from-pair-1, support=None, peak=None) 
dedode_L-C4_B-upright: Processing pair 3 from disk...
dedode_L-C4_B-upright: 5 match-sets in 0.48s
[Coarse] dedode_L-C4_B-upright pair 4: dE=-17955.0 m dN=-315.0 m (from-pair-2, support=None, peak=None) 
dedode_L-C4_B-upright: Processing pair 4 from disk...
dedode_L-C4_B-upright: 4 match-sets in 0.54s
[Coarse] dedode_L-C4_B-upright pair 5: dE=-17955.0 m dN=-315.0 m (from-pair-2, support=None, peak=None) 
dedode_L-C4_B-upright: Processing pair 5 from disk...
dedode_L-C4_B-upright: 5 match-sets in 0.53s
[Coarse] dedode_L-C4_B-upright pair 6: dE=-17955.0 m dN=-315.0 m (from-pair-2, support=None, peak=None) 
dedode_L-C4_B-upright: Processing pair 6 from disk...
dedode_L-C4_B-upright: 5 match-sets in 0.54s
[Coarse] dedode_L-C4_B-upright pair 7: dE=-17790.5 m dN=-428.0 m (from-pair-9, support=None, peak=None) 
dedode_L-C4_B-upright: Processing pair 7 from disk...
dedode_L-C4_B-upright: 16 match-sets in 1.50s
[Coarse] dedode_L-C4_B-upright pair 8: dE=-17790.5 m dN=-428.0 m (from-pair-9, support=None, peak=None) 
dedode_L-C4_B-upright: Processing pair 8 from disk...
dedode_L-C4_B-upright: 13 match-sets in 1.52s
[Coarse] dedode_L-C4_B-upright pair 9: dE=-17790.5 m dN=-428.0 m (phasecorr@315m, support=None, peak=0.031066529352914596) 
dedode_L-C4_B-upright: Processing pair 9 from disk...
dedode_L-C4_B-upright: 14 match-sets in 1.47s
[Coarse] dedode_L-C4_B-upright pair 10: dE=-17955.0 m dN=-315.0 m (from-pair-14 (phasecorr disagreed), support=None, peak=0.04791493653487985) 
dedode_L-C4_B-upright: Processing pair 10 from disk...
dedode_L-C4_B-upright: 10 match-sets in 1.39s
[Coarse] dedode_L-C4_B-upright pair 11: dE=-17955.0 m dN=-315.0 m (from-pair-10, support=None, peak=None) 
dedode_L-C4_B-upright: Processing pair 11 from disk...
dedode_L-C4_B-upright: 9 match-sets in 1.42s
[Coarse] dedode_L-C4_B-upright pair 12: dE=-17955.0 m dN=-315.0 m (from-pair-14 (phasecorr disagreed), support=None, peak=0.1047012765466431) 
dedode_L-C4_B-upright: Processing pair 12 from disk...
dedode_L-C4_B-upright: 0 match-sets in 0.00s
[Coarse] dedode_L-C4_B-upright pair 13: dE=-17955.0 m dN=-315.0 m (from-pair-14 (phasecorr disagreed), support=None, peak=0.09384612739086151) 
dedode_L-C4_B-upright: Processing pair 13 from disk...
dedode_L-C4_B-upright: 0 match-sets in 0.00s
[Coarse] dedode_L-C4_B-upright pair 14: dE=-17955.0 m dN=-315.0 m (matcher@315m, support=8, peak=None) 
dedode_L-C4_B-upright: Processing pair 14 from disk...
dedode_L-C4_B-upright: 17 match-sets in 1.71s
[Coarse] dedode_L-C4_B-upright pair 15: dE=-18033.6 m dN=-269.1 m (phasecorr@315m, support=None, peak=0.0587093012491862) 
dedode_L-C4_B-upright: Processing pair 15 from disk...
dedode_L-C4_B-upright: 18 match-sets in 1.71s
[Coarse] dedode_L-C4_B-upright pair 16: dE=-18113.0 m dN=-129.2 m (phasecorr@315m, support=None, peak=0.054434785683949785) 
dedode_L-C4_B-upright: Processing pair 16 from disk...
dedode_L-C4_B-upright: 12 match-sets in 1.47s
[Coarse] dedode_L-C4_B-upright pair 17: dE=-18272.3 m dN=-53.0 m (phasecorr@315m, support=None, peak=0.05276745311419169) 
dedode_L-C4_B-upright: Processing pair 17 from disk...
dedode_L-C4_B-upright: 14 match-sets in 1.50s
[Coarse] dedode_L-C4_B-upright pair 18: dE=-17955.0 m dN=-315.0 m (from-pair-14 (phasecorr disagreed), support=None, peak=0.06863816733713503) 
dedode_L-C4_B-upright: Processing pair 18 from disk...
dedode_L-C4_B-upright: 0 match-sets in 0.00s
[Coarse] dedode_L-C4_B-upright pair 19: dE=-17955.0 m dN=-315.0 m (from-pair-14 (phasecorr disagreed), support=None, peak=0.15104582491848204) 
dedode_L-C4_B-upright: Processing pair 19 from disk...
dedode_L-C4_B-upright: 0 match-sets in 0.00s
[Coarse] dedode_L-C4_B-upright pair 20: dE=-17955.0 m dN=-315.0 m (from-pair-19, support=None, peak=None) 
dedode_L-C4_B-upright: Processing pair 20 from disk...
dedode_L-C4_B-upright: 0 match-sets in 0.00s
[Coarse] dedode_L-C4_B-upright pair 21: dE=-17955.0 m dN=-315.0 m (from-pair-14 (phasecorr disagreed), support=None, peak=0.036990950946454645) 
dedode_L-C4_B-upright: Processing pair 21 from disk...
dedode_L-C4_B-upright: 0 match-sets in 0.00s
[Coarse] dedode_L-C4_B-upright pair 22: dE=-17882.3 m dN=-311.5 m (phasecorr@315m, support=None, peak=0.12721613845825194) 
dedode_L-C4_B-upright: Processing pair 22 from disk...
dedode_L-C4_B-upright: 21 match-sets in 2.10s
[Coarse] dedode_L-C4_B-upright pair 23: dE=-17911.9 m dN=-326.6 m (phasecorr@315m, support=None, peak=0.12881409482955933) 
dedode_L-C4_B-upright: Processing pair 23 from disk...
dedode_L-C4_B-upright: 20 match-sets in 2.09s
[Coarse] dedode_L-C4_B-upright pair 24: dE=-17928.8 m dN=-415.6 m (phasecorr@315m, support=None, peak=0.035175936365127565) 
dedode_L-C4_B-upright: Processing pair 24 from disk...
dedode_L-C4_B-upright: 25 match-sets in 2.10s
[Coarse] dedode_L-C4_B-upright pair 25: dE=-17844.2 m dN=-348.0 m (phasecorr@315m, support=None, peak=0.15328786741892497) 
dedode_L-C4_B-upright: Processing pair 25 from disk...
dedode_L-C4_B-upright: 22 match-sets in 2.10s
[Coarse] dedode_L-C4_B-upright pair 26: dE=-17955.0 m dN=-315.0 m (from-pair-27, support=None, peak=None) 
dedode_L-C4_B-upright: Processing pair 26 from disk...
dedode_L-C4_B-upright: 8 match-sets in 1.24s
[Coarse] dedode_L-C4_B-upright pair 27: dE=-17955.0 m dN=-315.0 m (from-pair-14 (phasecorr disagreed), support=None, peak=0.05064041456057702) 
dedode_L-C4_B-upright: Processing pair 27 from disk...
dedode_L-C4_B-upright: 9 match-sets in 1.24s
Saved:
 CHIP_STATS_ALL.csv
 CHIP_STATS_SURVIVORS.csv
 CONSENSUS_SCORES.csv
 BEST_CHIP_SET.csv
 BEST_CHIP_MANIFEST.csv
 BEST_FINAL_SUMMARY.csv
[band1] dedode_L-C4_B-upright ok in 0.7 min, peak GPU memory 1.4 of 39.4 GB
--------------------------------------------------------------------------------
[band1] Running dedode_L-C4_B-C4
DeDoDe: Loading L-C4/B-C4...
dedode: Initializing LightGlue {'filter_threshold': 0.1, 'depth_confidence': 0.95, 'width_confidence': 0.99}...
Loaded LightGlue model
[Coarse] pair 3: no reliable coarse offset (matcher: no matches; phasecorr: {'dx': -16147.443677524008, 'dy': -26751.975000537102, 'support': None, 'n': None, 'peak': 0.00032880983234923565}); windows compared in place
[Coarse] pair 4: no reliable coarse offset (matcher: no matches; phasecorr: {'dx': 12882.472481301173, 'dy': 92621.70938170607, 'support': None, 'n': None, 'peak': -0.00012715039429841217}); windows compared in place
[Coarse] pair 5: no reliable coarse offset (matcher: no matches; phasecorr: {'dx': 3156.3479216096807, 'dy': 18300.67805989782, 'support': None, 'n': None, 'peak': 0.020832994549224774}); windows compared in place
[Coarse] pair 6: no reliable coarse offset (matcher: no matches; phasecorr: {'dx': -15852.800158210905, 'dy': 18737.59796077822, 'support': None, 'n': None, 'peak': -0.0027571213742097218}); windows compared in place
[Coarse] pair 7: no reliable coarse offset (matcher: no matches; phasecorr: {'dx': -17660.72648465004, 'dy': -478.5174601560547, 'support': None, 'n': None, 'peak': 0.0218074359204816}); windows compared in place
[Coarse] pair 8: no reliable coarse offset (matcher: no matches; phasecorr: {'dx': -18002.059573769864, 'dy': -489.60497923140906, 'support': None, 'n': None, 'peak': 0.011968647486368816}); windows compared in place
[Coarse] pair 11: no reliable coarse offset (matcher: no matches; phasecorr: {'dx': -18107.733154651494, 'dy': -332.5590928480355, 'support': None, 'n': None, 'peak': 0.020898853179031604}); windows compared in place
[Coarse] pair 20: no reliable coarse offset (matcher: no matches; phasecorr: {'dx': -28903.23193639674, 'dy': -12953.216285335406, 'support': None, 'n': None, 'peak': 0.008737401829825507}); windows compared in place
[Coarse] pair 26: no reliable coarse offset (matcher: no matches; phasecorr: {'dx': -96306.08142606622, 'dy': -17142.367293993742, 'support': None, 'n': None, 'peak': 0.02253384519977334}); windows compared in place
[Coarse] pair 2: phase correlation gave dE=-8934 m dN=5487 m, 10.5 km from every offset the matcher measured; using pair 16's (dE=-17640 m dN=-315 m)
[Coarse] pair 10: phase correlation gave dE=43169 m dN=-4147 m, 60.9 km from every offset the matcher measured; using pair 16's (dE=-17640 m dN=-315 m)
[Coarse] pair 12: phase correlation gave dE=-1877 m dN=10017 m, 18.8 km from every offset the matcher measured; using pair 16's (dE=-17640 m dN=-315 m)
[Coarse] pair 13: phase correlation gave dE=7584 m dN=8567 m, 26.7 km from every offset the matcher measured; using pair 16's (dE=-17640 m dN=-315 m)
[Coarse] pair 18: phase correlation gave dE=744 m dN=-16615 m, 24.6 km from every offset the matcher measured; using pair 17's (dE=-17955 m dN=0 m)
[Coarse] pair 19: phase correlation gave dE=11920 m dN=-17918 m, 34.4 km from every offset the matcher measured; using pair 17's (dE=-17955 m dN=0 m)
[Coarse] pair 21: phase correlation gave dE=-11414 m dN=-17047 m, 17.9 km from every offset the matcher measured; using pair 17's (dE=-17955 m dN=0 m)
[Coarse] pair 27: phase correlation gave dE=-97898 m dN=-6012 m, 80.2 km from every offset the matcher measured; using pair 17's (dE=-17955 m dN=0 m)
[Coarse] dedode_L-C4_B-C4 pair 1: dE=-18062.2 m dN=-904.8 m (phasecorr@315m, support=None, peak=0.03257782713572184) 
dedode_L-C4_B-C4: Processing pair 1 from disk...
dedode_L-C4_B-C4: 6 match-sets in 0.47s
[Coarse] dedode_L-C4_B-C4 pair 2: dE=-17640.0 m dN=-315.0 m (from-pair-16 (phasecorr disagreed), support=None, peak=0.03413578109976686) 
dedode_L-C4_B-C4: Processing pair 2 from disk...
dedode_L-C4_B-C4: 6 match-sets in 0.49s
[Coarse] dedode_L-C4_B-C4 pair 3: dE=-18062.2 m dN=-904.8 m (from-pair-1, support=None, peak=None) 
dedode_L-C4_B-C4: Processing pair 3 from disk...
dedode_L-C4_B-C4: 4 match-sets in 0.48s
[Coarse] dedode_L-C4_B-C4 pair 4: dE=-17640.0 m dN=-315.0 m (from-pair-2, support=None, peak=None) 
dedode_L-C4_B-C4: Processing pair 4 from disk...
dedode_L-C4_B-C4: 6 match-sets in 0.54s
[Coarse] dedode_L-C4_B-C4 pair 5: dE=-17640.0 m dN=-315.0 m (from-pair-2, support=None, peak=None) 
dedode_L-C4_B-C4: Processing pair 5 from disk...
dedode_L-C4_B-C4: 3 match-sets in 0.54s
[Coarse] dedode_L-C4_B-C4 pair 6: dE=-17640.0 m dN=-315.0 m (from-pair-2, support=None, peak=None) 
dedode_L-C4_B-C4: Processing pair 6 from disk...
dedode_L-C4_B-C4: 4 match-sets in 0.54s
[Coarse] dedode_L-C4_B-C4 pair 7: dE=-17790.5 m dN=-428.0 m (from-pair-9, support=None, peak=None) 
dedode_L-C4_B-C4: Processing pair 7 from disk...
dedode_L-C4_B-C4: 13 match-sets in 1.50s
[Coarse] dedode_L-C4_B-C4 pair 8: dE=-17790.5 m dN=-428.0 m (from-pair-9, support=None, peak=None) 
dedode_L-C4_B-C4: Processing pair 8 from disk...
dedode_L-C4_B-C4: 14 match-sets in 1.52s
[Coarse] dedode_L-C4_B-C4 pair 9: dE=-17790.5 m dN=-428.0 m (phasecorr@315m, support=None, peak=0.031066529352914596) 
dedode_L-C4_B-C4: Processing pair 9 from disk...
dedode_L-C4_B-C4: 13 match-sets in 1.49s
[Coarse] dedode_L-C4_B-C4 pair 10: dE=-17640.0 m dN=-315.0 m (from-pair-16 (phasecorr disagreed), support=None, peak=0.04791493653487985) 
dedode_L-C4_B-C4: Processing pair 10 from disk...
dedode_L-C4_B-C4: 8 match-sets in 1.42s
[Coarse] dedode_L-C4_B-C4 pair 11: dE=-17640.0 m dN=-315.0 m (from-pair-10, support=None, peak=None) 
dedode_L-C4_B-C4: Processing pair 11 from disk...
dedode_L-C4_B-C4: 8 match-sets in 1.44s
[Coarse] dedode_L-C4_B-C4 pair 12: dE=-17640.0 m dN=-315.0 m (from-pair-16 (phasecorr disagreed), support=None, peak=0.1047012765466431) 
dedode_L-C4_B-C4: Processing pair 12 from disk...
dedode_L-C4_B-C4: 0 match-sets in 0.00s
[Coarse] dedode_L-C4_B-C4 pair 13: dE=-17640.0 m dN=-315.0 m (from-pair-16 (phasecorr disagreed), support=None, peak=0.09384612739086151) 
dedode_L-C4_B-C4: Processing pair 13 from disk...
dedode_L-C4_B-C4: 0 match-sets in 0.00s
[Coarse] dedode_L-C4_B-C4 pair 14: dE=-18039.9 m dN=-308.2 m (phasecorr@315m, support=None, peak=0.04961982255158601) 
dedode_L-C4_B-C4: Processing pair 14 from disk...
dedode_L-C4_B-C4: 18 match-sets in 1.73s
[Coarse] dedode_L-C4_B-C4 pair 15: dE=-18033.6 m dN=-269.1 m (phasecorr@315m, support=None, peak=0.0587093012491862) 
dedode_L-C4_B-C4: Processing pair 15 from disk...
dedode_L-C4_B-C4: 20 match-sets in 1.72s
[Coarse] dedode_L-C4_B-C4 pair 16: dE=-17640.0 m dN=-315.0 m (matcher@315m, support=10, peak=None) 
dedode_L-C4_B-C4: Processing pair 16 from disk...
dedode_L-C4_B-C4: 14 match-sets in 1.48s
[Coarse] dedode_L-C4_B-C4 pair 17: dE=-17955.0 m dN=0.0 m (matcher@315m, support=19, peak=None) 
dedode_L-C4_B-C4: Processing pair 17 from disk...
dedode_L-C4_B-C4: 14 match-sets in 1.52s
[Coarse] dedode_L-C4_B-C4 pair 18: dE=-17955.0 m dN=0.0 m (from-pair-17 (phasecorr disagreed), support=None, peak=0.06863816733713503) 
dedode_L-C4_B-C4: Processing pair 18 from disk...
dedode_L-C4_B-C4: 0 match-sets in 0.00s
[Coarse] dedode_L-C4_B-C4 pair 19: dE=-17955.0 m dN=0.0 m (from-pair-17 (phasecorr disagreed), support=None, peak=0.15104582491848204) 
dedode_L-C4_B-C4: Processing pair 19 from disk...
dedode_L-C4_B-C4: 0 match-sets in 0.00s
[Coarse] dedode_L-C4_B-C4 pair 20: dE=-17955.0 m dN=0.0 m (from-pair-19, support=None, peak=None) 
dedode_L-C4_B-C4: Processing pair 20 from disk...
dedode_L-C4_B-C4: 0 match-sets in 0.00s
[Coarse] dedode_L-C4_B-C4 pair 21: dE=-17955.0 m dN=0.0 m (from-pair-17 (phasecorr disagreed), support=None, peak=0.036990950946454645) 
dedode_L-C4_B-C4: Processing pair 21 from disk...
dedode_L-C4_B-C4: 0 match-sets in 0.00s
[Coarse] dedode_L-C4_B-C4 pair 22: dE=-17882.3 m dN=-311.5 m (phasecorr@315m, support=None, peak=0.12721613845825194) 
dedode_L-C4_B-C4: Processing pair 22 from disk...
dedode_L-C4_B-C4: 19 match-sets in 2.12s
[Coarse] dedode_L-C4_B-C4 pair 23: dE=-17911.9 m dN=-326.6 m (phasecorr@315m, support=None, peak=0.12881409482955933) 
dedode_L-C4_B-C4: Processing pair 23 from disk...
dedode_L-C4_B-C4: 19 match-sets in 2.12s
[Coarse] dedode_L-C4_B-C4 pair 24: dE=-17928.8 m dN=-415.6 m (phasecorr@315m, support=None, peak=0.035175936365127565) 
dedode_L-C4_B-C4: Processing pair 24 from disk...
dedode_L-C4_B-C4: 21 match-sets in 2.13s
[Coarse] dedode_L-C4_B-C4 pair 25: dE=-17844.2 m dN=-348.0 m (phasecorr@315m, support=None, peak=0.15328786741892497) 
dedode_L-C4_B-C4: Processing pair 25 from disk...
dedode_L-C4_B-C4: 19 match-sets in 2.12s
[Coarse] dedode_L-C4_B-C4 pair 26: dE=-17955.0 m dN=0.0 m (from-pair-27, support=None, peak=None) 
dedode_L-C4_B-C4: Processing pair 26 from disk...
dedode_L-C4_B-C4: 8 match-sets in 1.28s
[Coarse] dedode_L-C4_B-C4 pair 27: dE=-17955.0 m dN=0.0 m (from-pair-17 (phasecorr disagreed), support=None, peak=0.05064041456057702) 
dedode_L-C4_B-C4: Processing pair 27 from disk...
dedode_L-C4_B-C4: 8 match-sets in 1.27s
Saved:
 CHIP_STATS_ALL.csv
 CHIP_STATS_SURVIVORS.csv
 CONSENSUS_SCORES.csv
 BEST_CHIP_SET.csv
 BEST_CHIP_MANIFEST.csv
 BEST_FINAL_SUMMARY.csv
[band1] dedode_L-C4_B-C4 ok in 0.7 min, peak GPU memory 1.4 of 39.4 GB
--------------------------------------------------------------------------------
[band1] Running dedode_L-C4_G-C4
DeDoDe: Loading L-C4/G-C4...
dedode: Initializing LightGlue {'filter_threshold': 0.1, 'depth_confidence': 0.95, 'width_confidence': 0.99}...
Loaded LightGlue model
[Coarse] pair 3: no reliable coarse offset (matcher: no matches; phasecorr: {'dx': -16147.443677524008, 'dy': -26751.975000537102, 'support': None, 'n': None, 'peak': 0.00032880983234923565}); windows compared in place
[Coarse] pair 4: no reliable coarse offset (matcher: no matches; phasecorr: {'dx': 12882.472481301173, 'dy': 92621.70938170607, 'support': None, 'n': None, 'peak': -0.00012715039429841217}); windows compared in place
[Coarse] pair 5: no reliable coarse offset (matcher: no matches; phasecorr: {'dx': 3156.3479216096807, 'dy': 18300.67805989782, 'support': None, 'n': None, 'peak': 0.020832994549224774}); windows compared in place
[Coarse] pair 6: no reliable coarse offset (matcher: no matches; phasecorr: {'dx': -15852.800158210905, 'dy': 18737.59796077822, 'support': None, 'n': None, 'peak': -0.0027571213742097218}); windows compared in place
[Coarse] pair 7: no reliable coarse offset (matcher: no matches; phasecorr: {'dx': -17660.72648465004, 'dy': -478.5174601560547, 'support': None, 'n': None, 'peak': 0.0218074359204816}); windows compared in place
[Coarse] pair 8: no reliable coarse offset (matcher: no matches; phasecorr: {'dx': -18002.059573769864, 'dy': -489.60497923140906, 'support': None, 'n': None, 'peak': 0.011968647486368816}); windows compared in place
[Coarse] pair 11: no reliable coarse offset (matcher: no matches; phasecorr: {'dx': -18107.733154651494, 'dy': -332.5590928480355, 'support': None, 'n': None, 'peak': 0.020898853179031604}); windows compared in place
[Coarse] pair 20: no reliable coarse offset (matcher: no matches; phasecorr: {'dx': -28903.23193639674, 'dy': -12953.216285335406, 'support': None, 'n': None, 'peak': 0.008737401829825507}); windows compared in place
[Coarse] pair 26: no reliable coarse offset (matcher: no matches; phasecorr: {'dx': -96306.08142606622, 'dy': -17142.367293993742, 'support': None, 'n': None, 'peak': 0.02253384519977334}); windows compared in place
[Coarse] WARNING: dedode_L-C4_G-C4: the pairs' coarse offsets differ by up to 141 km, more than one image moves from place to place. Pairs with a wrong offset match the wrong ground (the chip consensus drops them when they are few); if most pairs disagree, check the input's pixel size and window size.
[Coarse] dedode_L-C4_G-C4 pair 1: dE=-18062.2 m dN=-904.8 m (phasecorr@315m, support=None, peak=0.03257782713572184) 
dedode_L-C4_G-C4: Processing pair 1 from disk...
dedode_L-C4_G-C4: 6 match-sets in 0.66s
[Coarse] dedode_L-C4_G-C4 pair 2: dE=-8933.5 m dN=5486.9 m (phasecorr@315m, support=None, peak=0.03413578109976686) 
dedode_L-C4_G-C4: Processing pair 2 from disk...
dedode_L-C4_G-C4: 5 match-sets in 0.64s
[Coarse] dedode_L-C4_G-C4 pair 3: dE=-18062.2 m dN=-904.8 m (from-pair-1, support=None, peak=None) 
dedode_L-C4_G-C4: Processing pair 3 from disk...
dedode_L-C4_G-C4: 4 match-sets in 0.66s
[Coarse] dedode_L-C4_G-C4 pair 4: dE=-8933.5 m dN=5486.9 m (from-pair-2, support=None, peak=None) 
dedode_L-C4_G-C4: Processing pair 4 from disk...
dedode_L-C4_G-C4: 4 match-sets in 0.72s
[Coarse] dedode_L-C4_G-C4 pair 5: dE=-8933.5 m dN=5486.9 m (from-pair-2, support=None, peak=None) 
dedode_L-C4_G-C4: Processing pair 5 from disk...
dedode_L-C4_G-C4: 4 match-sets in 0.71s
[Coarse] dedode_L-C4_G-C4 pair 6: dE=-8933.5 m dN=5486.9 m (from-pair-2, support=None, peak=None) 
dedode_L-C4_G-C4: Processing pair 6 from disk...
dedode_L-C4_G-C4: 4 match-sets in 0.72s
[Coarse] dedode_L-C4_G-C4 pair 7: dE=-17790.5 m dN=-428.0 m (from-pair-9, support=None, peak=None) 
dedode_L-C4_G-C4: Processing pair 7 from disk...
dedode_L-C4_G-C4: 15 match-sets in 2.25s
[Coarse] dedode_L-C4_G-C4 pair 8: dE=-17790.5 m dN=-428.0 m (from-pair-9, support=None, peak=None) 
dedode_L-C4_G-C4: Processing pair 8 from disk...
dedode_L-C4_G-C4: 15 match-sets in 2.27s
[Coarse] dedode_L-C4_G-C4 pair 9: dE=-17790.5 m dN=-428.0 m (phasecorr@315m, support=None, peak=0.031066529352914596) 
dedode_L-C4_G-C4: Processing pair 9 from disk...
dedode_L-C4_G-C4: 14 match-sets in 2.22s
[Coarse] dedode_L-C4_G-C4 pair 10: dE=43169.1 m dN=-4146.8 m (phasecorr@315m, support=None, peak=0.04791493653487985) 
dedode_L-C4_G-C4: Processing pair 10 from disk...
dedode_L-C4_G-C4: 10 match-sets in 1.73s
[Coarse] dedode_L-C4_G-C4 pair 11: dE=43169.1 m dN=-4146.8 m (from-pair-10, support=None, peak=None) 
dedode_L-C4_G-C4: Processing pair 11 from disk...
dedode_L-C4_G-C4: 10 match-sets in 1.74s
[Coarse] dedode_L-C4_G-C4 pair 12: dE=-1877.4 m dN=10017.4 m (phasecorr@315m, support=None, peak=0.1047012765466431) 
dedode_L-C4_G-C4: Processing pair 12 from disk...
dedode_L-C4_G-C4: 0 match-sets in 0.00s
[Coarse] dedode_L-C4_G-C4 pair 13: dE=7584.5 m dN=8567.1 m (phasecorr@315m, support=None, peak=0.09384612739086151) 
dedode_L-C4_G-C4: Processing pair 13 from disk...
dedode_L-C4_G-C4: 0 match-sets in 0.00s
[Coarse] dedode_L-C4_G-C4 pair 14: dE=-18039.9 m dN=-308.2 m (phasecorr@315m, support=None, peak=0.04961982255158601) 
dedode_L-C4_G-C4: Processing pair 14 from disk...
dedode_L-C4_G-C4: 16 match-sets in 2.49s
[Coarse] dedode_L-C4_G-C4 pair 15: dE=-18033.6 m dN=-269.1 m (phasecorr@315m, support=None, peak=0.0587093012491862) 
dedode_L-C4_G-C4: Processing pair 15 from disk...
dedode_L-C4_G-C4: 17 match-sets in 2.50s
[Coarse] dedode_L-C4_G-C4 pair 16: dE=-18113.0 m dN=-129.2 m (phasecorr@315m, support=None, peak=0.054434785683949785) 
dedode_L-C4_G-C4: Processing pair 16 from disk...
dedode_L-C4_G-C4: 12 match-sets in 2.02s
[Coarse] dedode_L-C4_G-C4 pair 17: dE=-18272.3 m dN=-53.0 m (phasecorr@315m, support=None, peak=0.05276745311419169) 
dedode_L-C4_G-C4: Processing pair 17 from disk...
dedode_L-C4_G-C4: 13 match-sets in 2.01s
[Coarse] dedode_L-C4_G-C4 pair 18: dE=744.1 m dN=-16614.6 m (phasecorr@315m, support=None, peak=0.06863816733713503) 
dedode_L-C4_G-C4: Processing pair 18 from disk...
dedode_L-C4_G-C4: 0 match-sets in 0.00s
[Coarse] dedode_L-C4_G-C4 pair 19: dE=11920.5 m dN=-17918.4 m (phasecorr@315m, support=None, peak=0.15104582491848204) 
dedode_L-C4_G-C4: Processing pair 19 from disk...
dedode_L-C4_G-C4: 0 match-sets in 0.00s
[Coarse] dedode_L-C4_G-C4 pair 20: dE=11920.5 m dN=-17918.4 m (from-pair-19, support=None, peak=None) 
dedode_L-C4_G-C4: Processing pair 20 from disk...
dedode_L-C4_G-C4: 0 match-sets in 0.00s
[Coarse] dedode_L-C4_G-C4 pair 21: dE=-11413.6 m dN=-17047.1 m (phasecorr@315m, support=None, peak=0.036990950946454645) 
dedode_L-C4_G-C4: Processing pair 21 from disk...
dedode_L-C4_G-C4: 0 match-sets in 0.00s
[Coarse] dedode_L-C4_G-C4 pair 22: dE=-17882.3 m dN=-311.5 m (phasecorr@315m, support=None, peak=0.12721613845825194) 
dedode_L-C4_G-C4: Processing pair 22 from disk...
dedode_L-C4_G-C4: 19 match-sets in 3.01s
[Coarse] dedode_L-C4_G-C4 pair 23: dE=-17911.9 m dN=-326.6 m (phasecorr@315m, support=None, peak=0.12881409482955933) 
dedode_L-C4_G-C4: Processing pair 23 from disk...
dedode_L-C4_G-C4: 19 match-sets in 2.99s
[Coarse] dedode_L-C4_G-C4 pair 24: dE=-17928.8 m dN=-415.6 m (phasecorr@315m, support=None, peak=0.035175936365127565) 
dedode_L-C4_G-C4: Processing pair 24 from disk...
dedode_L-C4_G-C4: 17 match-sets in 3.00s
[Coarse] dedode_L-C4_G-C4 pair 25: dE=-17844.2 m dN=-348.0 m (phasecorr@315m, support=None, peak=0.15328786741892497) 
dedode_L-C4_G-C4: Processing pair 25 from disk...
dedode_L-C4_G-C4: 18 match-sets in 3.00s
[Coarse] dedode_L-C4_G-C4 pair 26: dE=-97897.6 m dN=-6011.8 m (from-pair-27, support=None, peak=None) 
dedode_L-C4_G-C4: Processing pair 26 from disk...
dedode_L-C4_G-C4: 4 match-sets in 0.88s
[Coarse] dedode_L-C4_G-C4 pair 27: dE=-97897.6 m dN=-6011.8 m (phasecorr@315m, support=None, peak=0.05064041456057702) 
dedode_L-C4_G-C4: Processing pair 27 from disk...
dedode_L-C4_G-C4: 4 match-sets in 0.88s
Saved:
 CHIP_STATS_ALL.csv
 CHIP_STATS_SURVIVORS.csv
 CONSENSUS_SCORES.csv
 BEST_CHIP_SET.csv
 BEST_CHIP_MANIFEST.csv
 BEST_FINAL_SUMMARY.csv
[band1] dedode_L-C4_G-C4 ok in 0.9 min, peak GPU memory 2.0 of 39.4 GB
--------------------------------------------------------------------------------
[band1] Running dedode_L-C4-v2_B-upright
DeDoDe: Loading L-C4-v2/B-upright...
dedode: Initializing LightGlue {'filter_threshold': 0.1, 'depth_confidence': 0.95, 'width_confidence': 0.99}...
Loaded LightGlue model
[Coarse] pair 3: no reliable coarse offset (matcher: no matches; phasecorr: {'dx': -16147.443677524008, 'dy': -26751.975000537102, 'support': None, 'n': None, 'peak': 0.00032880983234923565}); windows compared in place
[Coarse] pair 4: no reliable coarse offset (matcher: no matches; phasecorr: {'dx': 12882.472481301173, 'dy': 92621.70938170607, 'support': None, 'n': None, 'peak': -0.00012715039429841217}); windows compared in place
[Coarse] pair 5: no reliable coarse offset (matcher: no matches; phasecorr: {'dx': 3156.3479216096807, 'dy': 18300.67805989782, 'support': None, 'n': None, 'peak': 0.020832994549224774}); windows compared in place
[Coarse] pair 6: no reliable coarse offset (matcher: no matches; phasecorr: {'dx': -15852.800158210905, 'dy': 18737.59796077822, 'support': None, 'n': None, 'peak': -0.0027571213742097218}); windows compared in place
[Coarse] pair 7: no reliable coarse offset (matcher: no matches; phasecorr: {'dx': -17660.72648465004, 'dy': -478.5174601560547, 'support': None, 'n': None, 'peak': 0.0218074359204816}); windows compared in place
[Coarse] pair 8: no reliable coarse offset (matcher: no matches; phasecorr: {'dx': -18002.059573769864, 'dy': -489.60497923140906, 'support': None, 'n': None, 'peak': 0.011968647486368816}); windows compared in place
[Coarse] pair 11: no reliable coarse offset (matcher: no matches; phasecorr: {'dx': -18107.733154651494, 'dy': -332.5590928480355, 'support': None, 'n': None, 'peak': 0.020898853179031604}); windows compared in place
[Coarse] pair 20: no reliable coarse offset (matcher: no matches; phasecorr: {'dx': -28903.23193639674, 'dy': -12953.216285335406, 'support': None, 'n': None, 'peak': 0.008737401829825507}); windows compared in place
[Coarse] pair 26: no reliable coarse offset (matcher: no matches; phasecorr: {'dx': -96306.08142606622, 'dy': -17142.367293993742, 'support': None, 'n': None, 'peak': 0.02253384519977334}); windows compared in place
[Coarse] pair 2: phase correlation gave dE=-8934 m dN=5487 m, 10.6 km from every offset the matcher measured; using pair 14's (dE=-17798 m dN=-315 m)
[Coarse] pair 10: phase correlation gave dE=43169 m dN=-4147 m, 61.1 km from every offset the matcher measured; using pair 14's (dE=-17798 m dN=-315 m)
[Coarse] pair 12: phase correlation gave dE=-1877 m dN=10017 m, 18.9 km from every offset the matcher measured; using pair 14's (dE=-17798 m dN=-315 m)
[Coarse] pair 13: phase correlation gave dE=7584 m dN=8567 m, 26.9 km from every offset the matcher measured; using pair 14's (dE=-17798 m dN=-315 m)
[Coarse] pair 18: phase correlation gave dE=744 m dN=-16615 m, 24.7 km from every offset the matcher measured; using pair 15's (dE=-17955 m dN=-315 m)
[Coarse] pair 19: phase correlation gave dE=11920 m dN=-17918 m, 34.5 km from every offset the matcher measured; using pair 15's (dE=-17955 m dN=-315 m)
[Coarse] pair 21: phase correlation gave dE=-11414 m dN=-17047 m, 17.9 km from every offset the matcher measured; using pair 15's (dE=-17955 m dN=-315 m)
[Coarse] pair 27: phase correlation gave dE=-97898 m dN=-6012 m, 80.1 km from every offset the matcher measured; using pair 17's (dE=-17955 m dN=0 m)
[Coarse] dedode_L-C4-v2_B-upright pair 1: dE=-18062.2 m dN=-904.8 m (phasecorr@315m, support=None, peak=0.03257782713572184) 
dedode_L-C4-v2_B-upright: Processing pair 1 from disk...
dedode_L-C4-v2_B-upright: 6 match-sets in 0.50s
[Coarse] dedode_L-C4-v2_B-upright pair 2: dE=-17797.5 m dN=-315.0 m (from-pair-14 (phasecorr disagreed), support=None, peak=0.03413578109976686) 
dedode_L-C4-v2_B-upright: Processing pair 2 from disk...
dedode_L-C4-v2_B-upright: 7 match-sets in 0.50s
[Coarse] dedode_L-C4-v2_B-upright pair 3: dE=-18062.2 m dN=-904.8 m (from-pair-1, support=None, peak=None) 
dedode_L-C4-v2_B-upright: Processing pair 3 from disk...
dedode_L-C4-v2_B-upright: 4 match-sets in 0.48s
[Coarse] dedode_L-C4-v2_B-upright pair 4: dE=-17797.5 m dN=-315.0 m (from-pair-2, support=None, peak=None) 
dedode_L-C4-v2_B-upright: Processing pair 4 from disk...
dedode_L-C4-v2_B-upright: 4 match-sets in 0.57s
[Coarse] dedode_L-C4-v2_B-upright pair 5: dE=-17797.5 m dN=-315.0 m (from-pair-2, support=None, peak=None) 
dedode_L-C4-v2_B-upright: Processing pair 5 from disk...
dedode_L-C4-v2_B-upright: 4 match-sets in 0.54s
[Coarse] dedode_L-C4-v2_B-upright pair 6: dE=-17797.5 m dN=-315.0 m (from-pair-2, support=None, peak=None) 
dedode_L-C4-v2_B-upright: Processing pair 6 from disk...
dedode_L-C4-v2_B-upright: 4 match-sets in 0.54s
[Coarse] dedode_L-C4-v2_B-upright pair 7: dE=-17790.5 m dN=-428.0 m (from-pair-9, support=None, peak=None) 
dedode_L-C4-v2_B-upright: Processing pair 7 from disk...
dedode_L-C4-v2_B-upright: 15 match-sets in 1.51s
[Coarse] dedode_L-C4-v2_B-upright pair 8: dE=-17790.5 m dN=-428.0 m (from-pair-9, support=None, peak=None) 
dedode_L-C4-v2_B-upright: Processing pair 8 from disk...
dedode_L-C4-v2_B-upright: 14 match-sets in 1.52s
[Coarse] dedode_L-C4-v2_B-upright pair 9: dE=-17790.5 m dN=-428.0 m (phasecorr@315m, support=None, peak=0.031066529352914596) 
dedode_L-C4-v2_B-upright: Processing pair 9 from disk...
dedode_L-C4-v2_B-upright: 16 match-sets in 1.48s
[Coarse] dedode_L-C4-v2_B-upright pair 10: dE=-17797.5 m dN=-315.0 m (from-pair-14 (phasecorr disagreed), support=None, peak=0.04791493653487985) 
dedode_L-C4-v2_B-upright: Processing pair 10 from disk...
dedode_L-C4-v2_B-upright: 9 match-sets in 1.40s
[Coarse] dedode_L-C4-v2_B-upright pair 11: dE=-17797.5 m dN=-315.0 m (from-pair-10, support=None, peak=None) 
dedode_L-C4-v2_B-upright: Processing pair 11 from disk...
dedode_L-C4-v2_B-upright: 11 match-sets in 1.43s
[Coarse] dedode_L-C4-v2_B-upright pair 12: dE=-17797.5 m dN=-315.0 m (from-pair-14 (phasecorr disagreed), support=None, peak=0.1047012765466431) 
dedode_L-C4-v2_B-upright: Processing pair 12 from disk...
dedode_L-C4-v2_B-upright: 0 match-sets in 0.00s
[Coarse] dedode_L-C4-v2_B-upright pair 13: dE=-17797.5 m dN=-315.0 m (from-pair-14 (phasecorr disagreed), support=None, peak=0.09384612739086151) 
dedode_L-C4-v2_B-upright: Processing pair 13 from disk...
dedode_L-C4-v2_B-upright: 0 match-sets in 0.00s
[Coarse] dedode_L-C4-v2_B-upright pair 14: dE=-17797.5 m dN=-315.0 m (matcher@315m, support=12, peak=None) 
dedode_L-C4-v2_B-upright: Processing pair 14 from disk...
dedode_L-C4-v2_B-upright: 17 match-sets in 1.75s
[Coarse] dedode_L-C4-v2_B-upright pair 15: dE=-17955.0 m dN=-315.0 m (matcher@315m, support=28, peak=None) 
dedode_L-C4-v2_B-upright: Processing pair 15 from disk...
dedode_L-C4-v2_B-upright: 16 match-sets in 1.72s
[Coarse] dedode_L-C4-v2_B-upright pair 16: dE=-17955.0 m dN=-315.0 m (matcher@315m, support=9, peak=None) 
dedode_L-C4-v2_B-upright: Processing pair 16 from disk...
dedode_L-C4-v2_B-upright: 13 match-sets in 1.47s
[Coarse] dedode_L-C4-v2_B-upright pair 17: dE=-17955.0 m dN=0.0 m (matcher@315m, support=36, peak=None) 
dedode_L-C4-v2_B-upright: Processing pair 17 from disk...
dedode_L-C4-v2_B-upright: 14 match-sets in 1.54s
[Coarse] dedode_L-C4-v2_B-upright pair 18: dE=-17955.0 m dN=-315.0 m (from-pair-15 (phasecorr disagreed), support=None, peak=0.06863816733713503) 
dedode_L-C4-v2_B-upright: Processing pair 18 from disk...
dedode_L-C4-v2_B-upright: 0 match-sets in 0.00s
[Coarse] dedode_L-C4-v2_B-upright pair 19: dE=-17955.0 m dN=-315.0 m (from-pair-15 (phasecorr disagreed), support=None, peak=0.15104582491848204) 
dedode_L-C4-v2_B-upright: Processing pair 19 from disk...
dedode_L-C4-v2_B-upright: 0 match-sets in 0.00s
[Coarse] dedode_L-C4-v2_B-upright pair 20: dE=-17955.0 m dN=-315.0 m (from-pair-19, support=None, peak=None) 
dedode_L-C4-v2_B-upright: Processing pair 20 from disk...
dedode_L-C4-v2_B-upright: 0 match-sets in 0.00s
[Coarse] dedode_L-C4-v2_B-upright pair 21: dE=-17955.0 m dN=-315.0 m (from-pair-15 (phasecorr disagreed), support=None, peak=0.036990950946454645) 
dedode_L-C4-v2_B-upright: Processing pair 21 from disk...
dedode_L-C4-v2_B-upright: 0 match-sets in 0.00s
[Coarse] dedode_L-C4-v2_B-upright pair 22: dE=-17882.3 m dN=-311.5 m (phasecorr@315m, support=None, peak=0.12721613845825194) 
dedode_L-C4-v2_B-upright: Processing pair 22 from disk...
dedode_L-C4-v2_B-upright: 22 match-sets in 2.12s
[Coarse] dedode_L-C4-v2_B-upright pair 23: dE=-17911.9 m dN=-326.6 m (phasecorr@315m, support=None, peak=0.12881409482955933) 
dedode_L-C4-v2_B-upright: Processing pair 23 from disk...
dedode_L-C4-v2_B-upright: 21 match-sets in 2.10s
[Coarse] dedode_L-C4-v2_B-upright pair 24: dE=-17928.8 m dN=-415.6 m (phasecorr@315m, support=None, peak=0.035175936365127565) 
dedode_L-C4-v2_B-upright: Processing pair 24 from disk...
dedode_L-C4-v2_B-upright: 23 match-sets in 2.12s
[Coarse] dedode_L-C4-v2_B-upright pair 25: dE=-17844.2 m dN=-348.0 m (phasecorr@315m, support=None, peak=0.15328786741892497) 
dedode_L-C4-v2_B-upright: Processing pair 25 from disk...
dedode_L-C4-v2_B-upright: 20 match-sets in 2.14s
[Coarse] dedode_L-C4-v2_B-upright pair 26: dE=-17955.0 m dN=0.0 m (from-pair-27, support=None, peak=None) 
dedode_L-C4-v2_B-upright: Processing pair 26 from disk...
dedode_L-C4-v2_B-upright: 10 match-sets in 1.26s
[Coarse] dedode_L-C4-v2_B-upright pair 27: dE=-17955.0 m dN=0.0 m (from-pair-17 (phasecorr disagreed), support=None, peak=0.05064041456057702) 
dedode_L-C4-v2_B-upright: Processing pair 27 from disk...
dedode_L-C4-v2_B-upright: 9 match-sets in 1.24s
Saved:
 CHIP_STATS_ALL.csv
 CHIP_STATS_SURVIVORS.csv
 CONSENSUS_SCORES.csv
 BEST_CHIP_SET.csv
 BEST_CHIP_MANIFEST.csv
 BEST_FINAL_SUMMARY.csv
[band1] dedode_L-C4-v2_B-upright ok in 0.7 min, peak GPU memory 1.4 of 39.4 GB
--------------------------------------------------------------------------------
[band1] Running dedode_L-C4-v2_B-C4
DeDoDe: Loading L-C4-v2/B-C4...
dedode: Initializing LightGlue {'filter_threshold': 0.1, 'depth_confidence': 0.95, 'width_confidence': 0.99}...
Loaded LightGlue model
[Coarse] pair 3: no reliable coarse offset (matcher: no matches; phasecorr: {'dx': -16147.443677524008, 'dy': -26751.975000537102, 'support': None, 'n': None, 'peak': 0.00032880983234923565}); windows compared in place
[Coarse] pair 4: no reliable coarse offset (matcher: no matches; phasecorr: {'dx': 12882.472481301173, 'dy': 92621.70938170607, 'support': None, 'n': None, 'peak': -0.00012715039429841217}); windows compared in place
[Coarse] pair 5: no reliable coarse offset (matcher: no matches; phasecorr: {'dx': 3156.3479216096807, 'dy': 18300.67805989782, 'support': None, 'n': None, 'peak': 0.020832994549224774}); windows compared in place
[Coarse] pair 6: no reliable coarse offset (matcher: no matches; phasecorr: {'dx': -15852.800158210905, 'dy': 18737.59796077822, 'support': None, 'n': None, 'peak': -0.0027571213742097218}); windows compared in place
[Coarse] pair 7: no reliable coarse offset (matcher: no matches; phasecorr: {'dx': -17660.72648465004, 'dy': -478.5174601560547, 'support': None, 'n': None, 'peak': 0.0218074359204816}); windows compared in place
[Coarse] pair 8: no reliable coarse offset (matcher: no matches; phasecorr: {'dx': -18002.059573769864, 'dy': -489.60497923140906, 'support': None, 'n': None, 'peak': 0.011968647486368816}); windows compared in place
[Coarse] pair 11: no reliable coarse offset (matcher: no matches; phasecorr: {'dx': -18107.733154651494, 'dy': -332.5590928480355, 'support': None, 'n': None, 'peak': 0.020898853179031604}); windows compared in place
[Coarse] pair 20: no reliable coarse offset (matcher: no matches; phasecorr: {'dx': -28903.23193639674, 'dy': -12953.216285335406, 'support': None, 'n': None, 'peak': 0.008737401829825507}); windows compared in place
[Coarse] pair 26: no reliable coarse offset (matcher: no matches; phasecorr: {'dx': -96306.08142606622, 'dy': -17142.367293993742, 'support': None, 'n': None, 'peak': 0.02253384519977334}); windows compared in place
[Coarse] pair 2: phase correlation gave dE=-8934 m dN=5487 m, 10.6 km from every offset the matcher measured; using pair 14's (dE=-17955 m dN=-315 m)
[Coarse] pair 10: phase correlation gave dE=43169 m dN=-4147 m, 61.2 km from every offset the matcher measured; using pair 14's (dE=-17955 m dN=-315 m)
[Coarse] pair 12: phase correlation gave dE=-1877 m dN=10017 m, 18.9 km from every offset the matcher measured; using pair 14's (dE=-17955 m dN=-315 m)
[Coarse] pair 13: phase correlation gave dE=7584 m dN=8567 m, 26.9 km from every offset the matcher measured; using pair 14's (dE=-17955 m dN=-315 m)
[Coarse] pair 18: phase correlation gave dE=744 m dN=-16615 m, 24.8 km from every offset the matcher measured; using pair 15's (dE=-17955 m dN=-315 m)
[Coarse] pair 19: phase correlation gave dE=11920 m dN=-17918 m, 34.7 km from every offset the matcher measured; using pair 15's (dE=-17955 m dN=-315 m)
[Coarse] pair 21: phase correlation gave dE=-11414 m dN=-17047 m, 18.0 km from every offset the matcher measured; using pair 15's (dE=-17955 m dN=-315 m)
[Coarse] pair 27: phase correlation gave dE=-97898 m dN=-6012 m, 80.1 km from every offset the matcher measured; using pair 17's (dE=-17955 m dN=0 m)
[Coarse] dedode_L-C4-v2_B-C4 pair 1: dE=-18062.2 m dN=-904.8 m (phasecorr@315m, support=None, peak=0.03257782713572184) 
dedode_L-C4-v2_B-C4: Processing pair 1 from disk...
dedode_L-C4-v2_B-C4: 6 match-sets in 0.48s
[Coarse] dedode_L-C4-v2_B-C4 pair 2: dE=-17955.0 m dN=-315.0 m (from-pair-14 (phasecorr disagreed), support=None, peak=0.03413578109976686) 
dedode_L-C4-v2_B-C4: Processing pair 2 from disk...
dedode_L-C4-v2_B-C4: 7 match-sets in 0.50s
[Coarse] dedode_L-C4-v2_B-C4 pair 3: dE=-18062.2 m dN=-904.8 m (from-pair-1, support=None, peak=None) 
dedode_L-C4-v2_B-C4: Processing pair 3 from disk...
dedode_L-C4-v2_B-C4: 4 match-sets in 0.49s
[Coarse] dedode_L-C4-v2_B-C4 pair 4: dE=-17955.0 m dN=-315.0 m (from-pair-2, support=None, peak=None) 
dedode_L-C4-v2_B-C4: Processing pair 4 from disk...
dedode_L-C4-v2_B-C4: 5 match-sets in 0.55s
[Coarse] dedode_L-C4-v2_B-C4 pair 5: dE=-17955.0 m dN=-315.0 m (from-pair-2, support=None, peak=None) 
dedode_L-C4-v2_B-C4: Processing pair 5 from disk...
dedode_L-C4-v2_B-C4: 5 match-sets in 0.54s
[Coarse] dedode_L-C4-v2_B-C4 pair 6: dE=-17955.0 m dN=-315.0 m (from-pair-2, support=None, peak=None) 
dedode_L-C4-v2_B-C4: Processing pair 6 from disk...
dedode_L-C4-v2_B-C4: 6 match-sets in 0.54s
[Coarse] dedode_L-C4-v2_B-C4 pair 7: dE=-17790.5 m dN=-428.0 m (from-pair-9, support=None, peak=None) 
dedode_L-C4-v2_B-C4: Processing pair 7 from disk...
dedode_L-C4-v2_B-C4: 14 match-sets in 1.52s
[Coarse] dedode_L-C4-v2_B-C4 pair 8: dE=-17790.5 m dN=-428.0 m (from-pair-9, support=None, peak=None) 
dedode_L-C4-v2_B-C4: Processing pair 8 from disk...
dedode_L-C4-v2_B-C4: 14 match-sets in 1.53s
[Coarse] dedode_L-C4-v2_B-C4 pair 9: dE=-17790.5 m dN=-428.0 m (phasecorr@315m, support=None, peak=0.031066529352914596) 
dedode_L-C4-v2_B-C4: Processing pair 9 from disk...
dedode_L-C4-v2_B-C4: 14 match-sets in 1.48s
[Coarse] dedode_L-C4-v2_B-C4 pair 10: dE=-17955.0 m dN=-315.0 m (from-pair-14 (phasecorr disagreed), support=None, peak=0.04791493653487985) 
dedode_L-C4-v2_B-C4: Processing pair 10 from disk...
dedode_L-C4-v2_B-C4: 10 match-sets in 1.41s
[Coarse] dedode_L-C4-v2_B-C4 pair 11: dE=-17955.0 m dN=-315.0 m (from-pair-10, support=None, peak=None) 
dedode_L-C4-v2_B-C4: Processing pair 11 from disk...
dedode_L-C4-v2_B-C4: 11 match-sets in 1.43s
[Coarse] dedode_L-C4-v2_B-C4 pair 12: dE=-17955.0 m dN=-315.0 m (from-pair-14 (phasecorr disagreed), support=None, peak=0.1047012765466431) 
dedode_L-C4-v2_B-C4: Processing pair 12 from disk...
dedode_L-C4-v2_B-C4: 0 match-sets in 0.00s
[Coarse] dedode_L-C4-v2_B-C4 pair 13: dE=-17955.0 m dN=-315.0 m (from-pair-14 (phasecorr disagreed), support=None, peak=0.09384612739086151) 
dedode_L-C4-v2_B-C4: Processing pair 13 from disk...
dedode_L-C4-v2_B-C4: 0 match-sets in 0.00s
[Coarse] dedode_L-C4-v2_B-C4 pair 14: dE=-17955.0 m dN=-315.0 m (matcher@315m, support=16, peak=None) 
dedode_L-C4-v2_B-C4: Processing pair 14 from disk...
dedode_L-C4-v2_B-C4: 17 match-sets in 1.73s
[Coarse] dedode_L-C4-v2_B-C4 pair 15: dE=-17955.0 m dN=-315.0 m (matcher@315m, support=21, peak=None) 
dedode_L-C4-v2_B-C4: Processing pair 15 from disk...
dedode_L-C4-v2_B-C4: 18 match-sets in 1.72s
[Coarse] dedode_L-C4-v2_B-C4 pair 16: dE=-17955.0 m dN=-315.0 m (matcher@315m, support=23, peak=None) 
dedode_L-C4-v2_B-C4: Processing pair 16 from disk...
dedode_L-C4-v2_B-C4: 14 match-sets in 1.49s
[Coarse] dedode_L-C4-v2_B-C4 pair 17: dE=-17955.0 m dN=0.0 m (matcher@315m, support=61, peak=None) 
dedode_L-C4-v2_B-C4: Processing pair 17 from disk...
dedode_L-C4-v2_B-C4: 14 match-sets in 1.53s
[Coarse] dedode_L-C4-v2_B-C4 pair 18: dE=-17955.0 m dN=-315.0 m (from-pair-15 (phasecorr disagreed), support=None, peak=0.06863816733713503) 
dedode_L-C4-v2_B-C4: Processing pair 18 from disk...
dedode_L-C4-v2_B-C4: 0 match-sets in 0.00s
[Coarse] dedode_L-C4-v2_B-C4 pair 19: dE=-17955.0 m dN=-315.0 m (from-pair-15 (phasecorr disagreed), support=None, peak=0.15104582491848204) 
dedode_L-C4-v2_B-C4: Processing pair 19 from disk...
dedode_L-C4-v2_B-C4: 0 match-sets in 0.00s
[Coarse] dedode_L-C4-v2_B-C4 pair 20: dE=-17955.0 m dN=-315.0 m (from-pair-19, support=None, peak=None) 
dedode_L-C4-v2_B-C4: Processing pair 20 from disk...
dedode_L-C4-v2_B-C4: 0 match-sets in 0.00s
[Coarse] dedode_L-C4-v2_B-C4 pair 21: dE=-17955.0 m dN=-315.0 m (from-pair-15 (phasecorr disagreed), support=None, peak=0.036990950946454645) 
dedode_L-C4-v2_B-C4: Processing pair 21 from disk...
dedode_L-C4-v2_B-C4: 0 match-sets in 0.00s
[Coarse] dedode_L-C4-v2_B-C4 pair 22: dE=-17882.3 m dN=-311.5 m (phasecorr@315m, support=None, peak=0.12721613845825194) 
dedode_L-C4-v2_B-C4: Processing pair 22 from disk...
dedode_L-C4-v2_B-C4: 19 match-sets in 2.11s
[Coarse] dedode_L-C4-v2_B-C4 pair 23: dE=-17911.9 m dN=-326.6 m (phasecorr@315m, support=None, peak=0.12881409482955933) 
dedode_L-C4-v2_B-C4: Processing pair 23 from disk...
dedode_L-C4-v2_B-C4: 20 match-sets in 2.11s
[Coarse] dedode_L-C4-v2_B-C4 pair 24: dE=-17928.8 m dN=-415.6 m (phasecorr@315m, support=None, peak=0.035175936365127565) 
dedode_L-C4-v2_B-C4: Processing pair 24 from disk...
dedode_L-C4-v2_B-C4: 21 match-sets in 2.10s
[Coarse] dedode_L-C4-v2_B-C4 pair 25: dE=-17844.2 m dN=-348.0 m (phasecorr@315m, support=None, peak=0.15328786741892497) 
dedode_L-C4-v2_B-C4: Processing pair 25 from disk...
dedode_L-C4-v2_B-C4: 20 match-sets in 2.12s
[Coarse] dedode_L-C4-v2_B-C4 pair 26: dE=-17955.0 m dN=0.0 m (from-pair-27, support=None, peak=None) 
dedode_L-C4-v2_B-C4: Processing pair 26 from disk...
dedode_L-C4-v2_B-C4: 10 match-sets in 1.24s
[Coarse] dedode_L-C4-v2_B-C4 pair 27: dE=-17955.0 m dN=0.0 m (from-pair-17 (phasecorr disagreed), support=None, peak=0.05064041456057702) 
dedode_L-C4-v2_B-C4: Processing pair 27 from disk...
dedode_L-C4-v2_B-C4: 8 match-sets in 1.25s
Saved:
 CHIP_STATS_ALL.csv
 CHIP_STATS_SURVIVORS.csv
 CONSENSUS_SCORES.csv
 BEST_CHIP_SET.csv
 BEST_CHIP_MANIFEST.csv
 BEST_FINAL_SUMMARY.csv
[band1] dedode_L-C4-v2_B-C4 ok in 0.7 min, peak GPU memory 1.4 of 39.4 GB
--------------------------------------------------------------------------------
[band1] Running dedode_L-C4-v2_G-C4
DeDoDe: Loading L-C4-v2/G-C4...
dedode: Initializing LightGlue {'filter_threshold': 0.1, 'depth_confidence': 0.95, 'width_confidence': 0.99}...
Loaded LightGlue model
[Coarse] pair 3: no reliable coarse offset (matcher: no matches; phasecorr: {'dx': -16147.443677524008, 'dy': -26751.975000537102, 'support': None, 'n': None, 'peak': 0.00032880983234923565}); windows compared in place
[Coarse] pair 4: no reliable coarse offset (matcher: no matches; phasecorr: {'dx': 12882.472481301173, 'dy': 92621.70938170607, 'support': None, 'n': None, 'peak': -0.00012715039429841217}); windows compared in place
[Coarse] pair 5: no reliable coarse offset (matcher: no matches; phasecorr: {'dx': 3156.3479216096807, 'dy': 18300.67805989782, 'support': None, 'n': None, 'peak': 0.020832994549224774}); windows compared in place
[Coarse] pair 6: no reliable coarse offset (matcher: no matches; phasecorr: {'dx': -15852.800158210905, 'dy': 18737.59796077822, 'support': None, 'n': None, 'peak': -0.0027571213742097218}); windows compared in place
[Coarse] pair 7: no reliable coarse offset (matcher: no matches; phasecorr: {'dx': -17660.72648465004, 'dy': -478.5174601560547, 'support': None, 'n': None, 'peak': 0.0218074359204816}); windows compared in place
[Coarse] pair 8: no reliable coarse offset (matcher: {'dx': -17482.5, 'dy': -945.0, 'support': 2, 'n': 3, 'peak': None}; phasecorr: {'dx': -18002.059573769864, 'dy': -489.60497923140906, 'support': None, 'n': None, 'peak': 0.011968647486368816}); windows compared in place
[Coarse] pair 11: no reliable coarse offset (matcher: {'dx': -18112.501953125, 'dy': 157.5, 'support': 2, 'n': 4, 'peak': None}; phasecorr: {'dx': -18107.733154651494, 'dy': -332.5590928480355, 'support': None, 'n': None, 'peak': 0.020898853179031604}); windows compared in place
[Coarse] pair 20: no reliable coarse offset (matcher: no matches; phasecorr: {'dx': -28903.23193639674, 'dy': -12953.216285335406, 'support': None, 'n': None, 'peak': 0.008737401829825507}); windows compared in place
[Coarse] pair 26: no reliable coarse offset (matcher: no matches; phasecorr: {'dx': -96306.08142606622, 'dy': -17142.367293993742, 'support': None, 'n': None, 'peak': 0.02253384519977334}); windows compared in place
[Coarse] pair 2: phase correlation gave dE=-8934 m dN=5487 m, 10.6 km from every offset the matcher measured; using pair 15's (dE=-17955 m dN=-157 m)
[Coarse] pair 10: phase correlation gave dE=43169 m dN=-4147 m, 61.2 km from every offset the matcher measured; using pair 15's (dE=-17955 m dN=-157 m)
[Coarse] pair 12: phase correlation gave dE=-1877 m dN=10017 m, 19.0 km from every offset the matcher measured; using pair 15's (dE=-17955 m dN=-157 m)
[Coarse] pair 13: phase correlation gave dE=7584 m dN=8567 m, 27.0 km from every offset the matcher measured; using pair 15's (dE=-17955 m dN=-157 m)
[Coarse] pair 18: phase correlation gave dE=744 m dN=-16615 m, 24.8 km from every offset the matcher measured; using pair 15's (dE=-17955 m dN=-157 m)
[Coarse] pair 19: phase correlation gave dE=11920 m dN=-17918 m, 34.7 km from every offset the matcher measured; using pair 15's (dE=-17955 m dN=-157 m)
[Coarse] pair 21: phase correlation gave dE=-11414 m dN=-17047 m, 18.0 km from every offset the matcher measured; using pair 15's (dE=-17955 m dN=-157 m)
[Coarse] pair 27: phase correlation gave dE=-97898 m dN=-6012 m, 80.1 km from every offset the matcher measured; using pair 17's (dE=-17955 m dN=-315 m)
[Coarse] dedode_L-C4-v2_G-C4 pair 1: dE=-18062.2 m dN=-904.8 m (phasecorr@315m, support=None, peak=0.03257782713572184) 
dedode_L-C4-v2_G-C4: Processing pair 1 from disk...
dedode_L-C4-v2_G-C4: 6 match-sets in 0.66s
[Coarse] dedode_L-C4-v2_G-C4 pair 2: dE=-17955.0 m dN=-157.5 m (from-pair-15 (phasecorr disagreed), support=None, peak=0.03413578109976686) 
dedode_L-C4-v2_G-C4: Processing pair 2 from disk...
dedode_L-C4-v2_G-C4: 6 match-sets in 0.67s
[Coarse] dedode_L-C4-v2_G-C4 pair 3: dE=-18062.2 m dN=-904.8 m (from-pair-1, support=None, peak=None) 
dedode_L-C4-v2_G-C4: Processing pair 3 from disk...
dedode_L-C4-v2_G-C4: 5 match-sets in 0.67s
[Coarse] dedode_L-C4-v2_G-C4 pair 4: dE=-17955.0 m dN=-157.5 m (from-pair-2, support=None, peak=None) 
dedode_L-C4-v2_G-C4: Processing pair 4 from disk...
dedode_L-C4-v2_G-C4: 5 match-sets in 1.18s
[Coarse] dedode_L-C4-v2_G-C4 pair 5: dE=-17955.0 m dN=-157.5 m (from-pair-2, support=None, peak=None) 
dedode_L-C4-v2_G-C4: Processing pair 5 from disk...
dedode_L-C4-v2_G-C4: 4 match-sets in 1.15s
[Coarse] dedode_L-C4-v2_G-C4 pair 6: dE=-17955.0 m dN=-157.5 m (from-pair-2, support=None, peak=None) 
dedode_L-C4-v2_G-C4: Processing pair 6 from disk...
dedode_L-C4-v2_G-C4: 4 match-sets in 0.72s
[Coarse] dedode_L-C4-v2_G-C4 pair 7: dE=-17790.5 m dN=-428.0 m (from-pair-9, support=None, peak=None) 
dedode_L-C4-v2_G-C4: Processing pair 7 from disk...
dedode_L-C4-v2_G-C4: 15 match-sets in 2.25s
[Coarse] dedode_L-C4-v2_G-C4 pair 8: dE=-17790.5 m dN=-428.0 m (from-pair-9, support=None, peak=None) 
dedode_L-C4-v2_G-C4: Processing pair 8 from disk...
dedode_L-C4-v2_G-C4: 14 match-sets in 2.27s
[Coarse] dedode_L-C4-v2_G-C4 pair 9: dE=-17790.5 m dN=-428.0 m (phasecorr@315m, support=None, peak=0.031066529352914596) 
dedode_L-C4-v2_G-C4: Processing pair 9 from disk...
dedode_L-C4-v2_G-C4: 13 match-sets in 2.21s
[Coarse] dedode_L-C4-v2_G-C4 pair 10: dE=-17955.0 m dN=-157.5 m (from-pair-15 (phasecorr disagreed), support=None, peak=0.04791493653487985) 
dedode_L-C4-v2_G-C4: Processing pair 10 from disk...
dedode_L-C4-v2_G-C4: 11 match-sets in 2.31s
[Coarse] dedode_L-C4-v2_G-C4 pair 11: dE=-17955.0 m dN=-157.5 m (from-pair-10, support=None, peak=None) 
dedode_L-C4-v2_G-C4: Processing pair 11 from disk...
dedode_L-C4-v2_G-C4: 12 match-sets in 1.93s
[Coarse] dedode_L-C4-v2_G-C4 pair 12: dE=-17955.0 m dN=-157.5 m (from-pair-15 (phasecorr disagreed), support=None, peak=0.1047012765466431) 
dedode_L-C4-v2_G-C4: Processing pair 12 from disk...
dedode_L-C4-v2_G-C4: 0 match-sets in 0.00s
[Coarse] dedode_L-C4-v2_G-C4 pair 13: dE=-17955.0 m dN=-157.5 m (from-pair-15 (phasecorr disagreed), support=None, peak=0.09384612739086151) 
dedode_L-C4-v2_G-C4: Processing pair 13 from disk...
dedode_L-C4-v2_G-C4: 0 match-sets in 0.00s
[Coarse] dedode_L-C4-v2_G-C4 pair 14: dE=-18039.9 m dN=-308.2 m (phasecorr@315m, support=None, peak=0.04961982255158601) 
dedode_L-C4-v2_G-C4: Processing pair 14 from disk...
dedode_L-C4-v2_G-C4: 16 match-sets in 2.50s
[Coarse] dedode_L-C4-v2_G-C4 pair 15: dE=-17955.0 m dN=-157.5 m (matcher@315m, support=18, peak=None) 
dedode_L-C4-v2_G-C4: Processing pair 15 from disk...
dedode_L-C4-v2_G-C4: 17 match-sets in 2.55s
[Coarse] dedode_L-C4-v2_G-C4 pair 16: dE=-18113.0 m dN=-129.2 m (phasecorr@315m, support=None, peak=0.054434785683949785) 
dedode_L-C4-v2_G-C4: Processing pair 16 from disk...
dedode_L-C4-v2_G-C4: 13 match-sets in 2.00s
[Coarse] dedode_L-C4-v2_G-C4 pair 17: dE=-17955.0 m dN=-315.0 m (matcher@315m, support=18, peak=None) 
dedode_L-C4-v2_G-C4: Processing pair 17 from disk...
dedode_L-C4-v2_G-C4: 13 match-sets in 2.00s
[Coarse] dedode_L-C4-v2_G-C4 pair 18: dE=-17955.0 m dN=-157.5 m (from-pair-15 (phasecorr disagreed), support=None, peak=0.06863816733713503) 
dedode_L-C4-v2_G-C4: Processing pair 18 from disk...
dedode_L-C4-v2_G-C4: 0 match-sets in 0.00s
[Coarse] dedode_L-C4-v2_G-C4 pair 19: dE=-17955.0 m dN=-157.5 m (from-pair-15 (phasecorr disagreed), support=None, peak=0.15104582491848204) 
dedode_L-C4-v2_G-C4: Processing pair 19 from disk...
dedode_L-C4-v2_G-C4: 0 match-sets in 0.00s
[Coarse] dedode_L-C4-v2_G-C4 pair 20: dE=-17955.0 m dN=-157.5 m (from-pair-19, support=None, peak=None) 
dedode_L-C4-v2_G-C4: Processing pair 20 from disk...
dedode_L-C4-v2_G-C4: 0 match-sets in 0.00s
[Coarse] dedode_L-C4-v2_G-C4 pair 21: dE=-17955.0 m dN=-157.5 m (from-pair-15 (phasecorr disagreed), support=None, peak=0.036990950946454645) 
dedode_L-C4-v2_G-C4: Processing pair 21 from disk...
dedode_L-C4-v2_G-C4: 0 match-sets in 0.00s
[Coarse] dedode_L-C4-v2_G-C4 pair 22: dE=-17882.3 m dN=-311.5 m (phasecorr@315m, support=None, peak=0.12721613845825194) 
dedode_L-C4-v2_G-C4: Processing pair 22 from disk...
dedode_L-C4-v2_G-C4: 19 match-sets in 2.99s
[Coarse] dedode_L-C4-v2_G-C4 pair 23: dE=-17911.9 m dN=-326.6 m (phasecorr@315m, support=None, peak=0.12881409482955933) 
dedode_L-C4-v2_G-C4: Processing pair 23 from disk...
dedode_L-C4-v2_G-C4: 20 match-sets in 2.98s
[Coarse] dedode_L-C4-v2_G-C4 pair 24: dE=-17928.8 m dN=-415.6 m (phasecorr@315m, support=None, peak=0.035175936365127565) 
dedode_L-C4-v2_G-C4: Processing pair 24 from disk...
dedode_L-C4-v2_G-C4: 22 match-sets in 2.99s
[Coarse] dedode_L-C4-v2_G-C4 pair 25: dE=-17844.2 m dN=-348.0 m (phasecorr@315m, support=None, peak=0.15328786741892497) 
dedode_L-C4-v2_G-C4: Processing pair 25 from disk...
dedode_L-C4-v2_G-C4: 20 match-sets in 2.99s
[Coarse] dedode_L-C4-v2_G-C4 pair 26: dE=-17955.0 m dN=-315.0 m (from-pair-27, support=None, peak=None) 
dedode_L-C4-v2_G-C4: Processing pair 26 from disk...
dedode_L-C4-v2_G-C4: 9 match-sets in 2.57s
[Coarse] dedode_L-C4-v2_G-C4 pair 27: dE=-17955.0 m dN=-315.0 m (from-pair-17 (phasecorr disagreed), support=None, peak=0.05064041456057702) 
dedode_L-C4-v2_G-C4: Processing pair 27 from disk...
dedode_L-C4-v2_G-C4: 7 match-sets in 1.71s
Saved:
 CHIP_STATS_ALL.csv
 CHIP_STATS_SURVIVORS.csv
 CONSENSUS_SCORES.csv
 BEST_CHIP_SET.csv
 BEST_CHIP_MANIFEST.csv
 BEST_FINAL_SUMMARY.csv
[band1] dedode_L-C4-v2_G-C4 ok in 1.0 min, peak GPU memory 17.4 of 39.4 GB
--------------------------------------------------------------------------------
[band1] Running keynet
KeyNet: Loading KeyNet-AffNet-HardNet (upright=True)...
keynet: Initializing LightGlue {'filter_threshold': 0.1, 'depth_confidence': 0.95, 'width_confidence': 0.99}...
Loaded LightGlue model
[Coarse] pair 3: no reliable coarse offset (matcher: no matches; phasecorr: {'dx': -16147.443677524008, 'dy': -26751.975000537102, 'support': None, 'n': None, 'peak': 0.00032880983234923565}); windows compared in place
[Coarse] pair 4: no reliable coarse offset (matcher: no matches; phasecorr: {'dx': 12882.472481301173, 'dy': 92621.70938170607, 'support': None, 'n': None, 'peak': -0.00012715039429841217}); windows compared in place
[Coarse] pair 5: no reliable coarse offset (matcher: no matches; phasecorr: {'dx': 3156.3479216096807, 'dy': 18300.67805989782, 'support': None, 'n': None, 'peak': 0.020832994549224774}); windows compared in place
[Coarse] pair 6: no reliable coarse offset (matcher: no matches; phasecorr: {'dx': -15852.800158210905, 'dy': 18737.59796077822, 'support': None, 'n': None, 'peak': -0.0027571213742097218}); windows compared in place
[Coarse] pair 7: no reliable coarse offset (matcher: no matches; phasecorr: {'dx': -17660.72648465004, 'dy': -478.5174601560547, 'support': None, 'n': None, 'peak': 0.0218074359204816}); windows compared in place
[Coarse] pair 8: no reliable coarse offset (matcher: no matches; phasecorr: {'dx': -18002.059573769864, 'dy': -489.60497923140906, 'support': None, 'n': None, 'peak': 0.011968647486368816}); windows compared in place
[Coarse] pair 11: no reliable coarse offset (matcher: no matches; phasecorr: {'dx': -18107.733154651494, 'dy': -332.5590928480355, 'support': None, 'n': None, 'peak': 0.020898853179031604}); windows compared in place
[Coarse] pair 20: no reliable coarse offset (matcher: no matches; phasecorr: {'dx': -28903.23193639674, 'dy': -12953.216285335406, 'support': None, 'n': None, 'peak': 0.008737401829825507}); windows compared in place
[Coarse] pair 26: no reliable coarse offset (matcher: no matches; phasecorr: {'dx': -96306.08142606622, 'dy': -17142.367293993742, 'support': None, 'n': None, 'peak': 0.02253384519977334}); windows compared in place
[Coarse] pair 2: phase correlation gave dE=-8934 m dN=5487 m, 10.6 km from every offset the matcher measured; using pair 1's (dE=-18089 m dN=-482 m)
[Coarse] pair 10: phase correlation gave dE=43169 m dN=-4147 m, 61.3 km from every offset the matcher measured; using pair 1's (dE=-18089 m dN=-482 m)
[Coarse] pair 12: phase correlation gave dE=-1877 m dN=10017 m, 18.9 km from every offset the matcher measured; using pair 1's (dE=-18089 m dN=-482 m)
[Coarse] pair 13: phase correlation gave dE=7584 m dN=8567 m, 26.9 km from every offset the matcher measured; using pair 1's (dE=-18089 m dN=-482 m)
[Coarse] pair 18: phase correlation gave dE=744 m dN=-16615 m, 24.8 km from every offset the matcher measured; using pair 25's (dE=-18021 m dN=-315 m)
[Coarse] pair 19: phase correlation gave dE=11920 m dN=-17918 m, 34.7 km from every offset the matcher measured; using pair 25's (dE=-18021 m dN=-315 m)
[Coarse] pair 21: phase correlation gave dE=-11414 m dN=-17047 m, 17.9 km from every offset the matcher measured; using pair 25's (dE=-18021 m dN=-315 m)
[Coarse] pair 27: phase correlation gave dE=-97898 m dN=-6012 m, 80.0 km from every offset the matcher measured; using pair 23's (dE=-17955 m dN=0 m)
[Coarse] keynet pair 1: dE=-18088.9 m dN=-481.9 m (matcher@315m, support=10, peak=None) 
keynet: Processing pair 1 from disk...
keynet: 7 match-sets in 1.83s
[Coarse] keynet pair 2: dE=-18088.9 m dN=-481.9 m (from-pair-1 (phasecorr disagreed), support=None, peak=0.03413578109976686) 
keynet: Processing pair 2 from disk...
keynet: 6 match-sets in 1.79s
[Coarse] keynet pair 3: dE=-18088.9 m dN=-481.9 m (from-pair-1, support=None, peak=None) 
keynet: Processing pair 3 from disk...
keynet: 5 match-sets in 1.64s
[Coarse] keynet pair 4: dE=-18088.9 m dN=-481.9 m (from-pair-2, support=None, peak=None) 
keynet: Processing pair 4 from disk...
keynet: 5 match-sets in 1.96s
[Coarse] keynet pair 5: dE=-18088.9 m dN=-481.9 m (from-pair-2, support=None, peak=None) 
keynet: Processing pair 5 from disk...
keynet: 6 match-sets in 1.93s
[Coarse] keynet pair 6: dE=-18088.9 m dN=-481.9 m (from-pair-2, support=None, peak=None) 
keynet: Processing pair 6 from disk...
keynet: 7 match-sets in 1.83s
[Coarse] keynet pair 7: dE=-17790.5 m dN=-428.0 m (from-pair-9, support=None, peak=None) 
keynet: Processing pair 7 from disk...
keynet: 18 match-sets in 5.89s
[Coarse] keynet pair 8: dE=-17790.5 m dN=-428.0 m (from-pair-9, support=None, peak=None) 
keynet: Processing pair 8 from disk...
keynet: 17 match-sets in 4.95s
[Coarse] keynet pair 9: dE=-17790.5 m dN=-428.0 m (phasecorr@315m, support=None, peak=0.031066529352914596) 
keynet: Processing pair 9 from disk...
keynet: 18 match-sets in 5.33s
[Coarse] keynet pair 10: dE=-18088.9 m dN=-481.9 m (from-pair-1 (phasecorr disagreed), support=None, peak=0.04791493653487985) 
keynet: Processing pair 10 from disk...
keynet: 11 match-sets in 4.07s
[Coarse] keynet pair 11: dE=-18088.9 m dN=-481.9 m (from-pair-10, support=None, peak=None) 
keynet: Processing pair 11 from disk...
keynet: 12 match-sets in 3.24s
[Coarse] keynet pair 12: dE=-18088.9 m dN=-481.9 m (from-pair-1 (phasecorr disagreed), support=None, peak=0.1047012765466431) 
keynet: Processing pair 12 from disk...
keynet: 0 match-sets in 0.00s
[Coarse] keynet pair 13: dE=-18088.9 m dN=-481.9 m (from-pair-1 (phasecorr disagreed), support=None, peak=0.09384612739086151) 
keynet: Processing pair 13 from disk...
keynet: 0 match-sets in 0.00s
[Coarse] keynet pair 14: dE=-18039.9 m dN=-308.2 m (phasecorr@315m, support=None, peak=0.04961982255158601) 
keynet: Processing pair 14 from disk...
keynet: 20 match-sets in 5.86s
[Coarse] keynet pair 15: dE=-18033.6 m dN=-269.1 m (phasecorr@315m, support=None, peak=0.0587093012491862) 
keynet: Processing pair 15 from disk...
keynet: 20 match-sets in 5.03s
[Coarse] keynet pair 16: dE=-18063.9 m dN=-186.1 m (matcher@315m, support=61, peak=None) 
keynet: Processing pair 16 from disk...
keynet: 14 match-sets in 3.58s
[Coarse] keynet pair 17: dE=-18057.0 m dN=-242.2 m (matcher@315m, support=95, peak=None) 
keynet: Processing pair 17 from disk...
keynet: 14 match-sets in 2.53s
[Coarse] keynet pair 18: dE=-18020.8 m dN=-315.0 m (from-pair-25 (phasecorr disagreed), support=None, peak=0.06863816733713503) 
keynet: Processing pair 18 from disk...
keynet: 0 match-sets in 0.00s
[Coarse] keynet pair 19: dE=-18020.8 m dN=-315.0 m (from-pair-25 (phasecorr disagreed), support=None, peak=0.15104582491848204) 
keynet: Processing pair 19 from disk...
keynet: 0 match-sets in 0.00s
[Coarse] keynet pair 20: dE=-18020.8 m dN=-315.0 m (from-pair-19, support=None, peak=None) 
keynet: Processing pair 20 from disk...
keynet: 0 match-sets in 0.00s
[Coarse] keynet pair 21: dE=-18020.8 m dN=-315.0 m (from-pair-25 (phasecorr disagreed), support=None, peak=0.036990950946454645) 
keynet: Processing pair 21 from disk...
keynet: 0 match-sets in 0.00s
[Coarse] keynet pair 22: dE=-18016.0 m dN=-264.4 m (matcher@315m, support=19, peak=None) 
keynet: Processing pair 22 from disk...
keynet: 21 match-sets in 7.79s
[Coarse] keynet pair 23: dE=-17955.0 m dN=0.0 m (matcher@315m, support=11, peak=None) 
keynet: Processing pair 23 from disk...
keynet: 22 match-sets in 5.50s
[Coarse] keynet pair 24: dE=-17928.8 m dN=-415.6 m (phasecorr@315m, support=None, peak=0.035175936365127565) 
keynet: Processing pair 24 from disk...
keynet: 21 match-sets in 5.40s
[Coarse] keynet pair 25: dE=-18020.8 m dN=-315.0 m (matcher@315m, support=20, peak=None) 
keynet: Processing pair 25 from disk...
keynet: 22 match-sets in 5.05s
[Coarse] keynet pair 26: dE=-17955.0 m dN=0.0 m (from-pair-27, support=None, peak=None) 
keynet: Processing pair 26 from disk...
keynet: 8 match-sets in 4.32s
[Coarse] keynet pair 27: dE=-17955.0 m dN=0.0 m (from-pair-23 (phasecorr disagreed), support=None, peak=0.05064041456057702) 
keynet: Processing pair 27 from disk...
keynet: 7 match-sets in 2.50s
Saved:
 CHIP_STATS_ALL.csv
 CHIP_STATS_SURVIVORS.csv
 CONSENSUS_SCORES.csv
 BEST_CHIP_SET.csv
 BEST_CHIP_MANIFEST.csv
 BEST_FINAL_SUMMARY.csv
[band1] keynet ok in 1.8 min, peak GPU memory 3.1 of 39.4 GB
--------------------------------------------------------------------------------
[band1] Running dog_hardnet
DoG: Loading HardNet (upright=True)...
dog: Initializing LightGlue {'filter_threshold': 0.1, 'depth_confidence': 0.95, 'width_confidence': 0.99}...
Loaded LightGlue model
[Coarse] pair 3: no reliable coarse offset (matcher: no matches; phasecorr: {'dx': -16147.443677524008, 'dy': -26751.975000537102, 'support': None, 'n': None, 'peak': 0.00032880983234923565}); windows compared in place
[Coarse] pair 4: no reliable coarse offset (matcher: no matches; phasecorr: {'dx': 12882.472481301173, 'dy': 92621.70938170607, 'support': None, 'n': None, 'peak': -0.00012715039429841217}); windows compared in place
[Coarse] pair 5: no reliable coarse offset (matcher: {'dx': -18270.0, 'dy': -733.78515625, 'support': 3, 'n': 3, 'peak': None}; phasecorr: {'dx': 3156.3479216096807, 'dy': 18300.67805989782, 'support': None, 'n': None, 'peak': 0.020832994549224774}); windows compared in place
[Coarse] pair 6: no reliable coarse offset (matcher: no matches; phasecorr: {'dx': -15852.800158210905, 'dy': 18737.59796077822, 'support': None, 'n': None, 'peak': -0.0027571213742097218}); windows compared in place
[Coarse] pair 7: no reliable coarse offset (matcher: no matches; phasecorr: {'dx': -17660.72648465004, 'dy': -478.5174601560547, 'support': None, 'n': None, 'peak': 0.0218074359204816}); windows compared in place
[Coarse] pair 8: no reliable coarse offset (matcher: no matches; phasecorr: {'dx': -18002.059573769864, 'dy': -489.60497923140906, 'support': None, 'n': None, 'peak': 0.011968647486368816}); windows compared in place
[Coarse] pair 11: no reliable coarse offset (matcher: no matches; phasecorr: {'dx': -18107.733154651494, 'dy': -332.5590928480355, 'support': None, 'n': None, 'peak': 0.020898853179031604}); windows compared in place
[Coarse] pair 20: no reliable coarse offset (matcher: no matches; phasecorr: {'dx': -28903.23193639674, 'dy': -12953.216285335406, 'support': None, 'n': None, 'peak': 0.008737401829825507}); windows compared in place
[Coarse] pair 26: no reliable coarse offset (matcher: no matches; phasecorr: {'dx': -96306.08142606622, 'dy': -17142.367293993742, 'support': None, 'n': None, 'peak': 0.02253384519977334}); windows compared in place
[Coarse] pair 2: phase correlation gave dE=-8934 m dN=5487 m, 10.4 km from every offset the matcher measured; using pair 16's (dE=-17955 m dN=-56 m)
[Coarse] pair 10: phase correlation gave dE=43169 m dN=-4147 m, 61.0 km from every offset the matcher measured; using pair 16's (dE=-17955 m dN=-56 m)
[Coarse] pair 12: phase correlation gave dE=-1877 m dN=10017 m, 18.8 km from every offset the matcher measured; using pair 16's (dE=-17955 m dN=-56 m)
[Coarse] pair 13: phase correlation gave dE=7584 m dN=8567 m, 26.8 km from every offset the matcher measured; using pair 16's (dE=-17955 m dN=-56 m)
[Coarse] pair 18: phase correlation gave dE=744 m dN=-16615 m, 24.6 km from every offset the matcher measured; using pair 25's (dE=-17742 m dN=-315 m)
[Coarse] pair 19: phase correlation gave dE=11920 m dN=-17918 m, 34.5 km from every offset the matcher measured; using pair 25's (dE=-17742 m dN=-315 m)
[Coarse] pair 21: phase correlation gave dE=-11414 m dN=-17047 m, 17.9 km from every offset the matcher measured; using pair 25's (dE=-17742 m dN=-315 m)
[Coarse] pair 27: phase correlation gave dE=-97898 m dN=-6012 m, 80.2 km from every offset the matcher measured; using pair 23's (dE=-17861 m dN=-278 m)
[Coarse] dog_hardnet pair 1: dE=-18062.2 m dN=-904.8 m (phasecorr@315m, support=None, peak=0.03257782713572184) 
dog_hardnet: Processing pair 1 from disk...
dog_hardnet: 7 match-sets in 0.77s
[Coarse] dog_hardnet pair 2: dE=-17955.0 m dN=-55.6 m (from-pair-16 (phasecorr disagreed), support=None, peak=0.03413578109976686) 
dog_hardnet: Processing pair 2 from disk...
dog_hardnet: 6 match-sets in 0.80s
[Coarse] dog_hardnet pair 3: dE=-18062.2 m dN=-904.8 m (from-pair-1, support=None, peak=None) 
dog_hardnet: Processing pair 3 from disk...
dog_hardnet: 5 match-sets in 0.75s
[Coarse] dog_hardnet pair 4: dE=-17955.0 m dN=-55.6 m (from-pair-2, support=None, peak=None) 
dog_hardnet: Processing pair 4 from disk...
dog_hardnet: 6 match-sets in 0.90s
[Coarse] dog_hardnet pair 5: dE=-17955.0 m dN=-55.6 m (from-pair-2, support=None, peak=None) 
dog_hardnet: Processing pair 5 from disk...
dog_hardnet: 6 match-sets in 0.86s
[Coarse] dog_hardnet pair 6: dE=-17955.0 m dN=-55.6 m (from-pair-2, support=None, peak=None) 
dog_hardnet: Processing pair 6 from disk...
dog_hardnet: 5 match-sets in 0.83s
[Coarse] dog_hardnet pair 7: dE=-17790.5 m dN=-428.0 m (from-pair-9, support=None, peak=None) 
dog_hardnet: Processing pair 7 from disk...
dog_hardnet: 17 match-sets in 2.32s
[Coarse] dog_hardnet pair 8: dE=-17790.5 m dN=-428.0 m (from-pair-9, support=None, peak=None) 
dog_hardnet: Processing pair 8 from disk...
dog_hardnet: 18 match-sets in 2.02s
[Coarse] dog_hardnet pair 9: dE=-17790.5 m dN=-428.0 m (phasecorr@315m, support=None, peak=0.031066529352914596) 
dog_hardnet: Processing pair 9 from disk...
dog_hardnet: 19 match-sets in 2.27s
[Coarse] dog_hardnet pair 10: dE=-17955.0 m dN=-55.6 m (from-pair-16 (phasecorr disagreed), support=None, peak=0.04791493653487985) 
dog_hardnet: Processing pair 10 from disk...
dog_hardnet: 12 match-sets in 1.90s
[Coarse] dog_hardnet pair 11: dE=-17955.0 m dN=-55.6 m (from-pair-10, support=None, peak=None) 
dog_hardnet: Processing pair 11 from disk...
dog_hardnet: 12 match-sets in 1.48s
[Coarse] dog_hardnet pair 12: dE=-17955.0 m dN=-55.6 m (from-pair-16 (phasecorr disagreed), support=None, peak=0.1047012765466431) 
dog_hardnet: Processing pair 12 from disk...
dog_hardnet: 0 match-sets in 0.00s
[Coarse] dog_hardnet pair 13: dE=-17955.0 m dN=-55.6 m (from-pair-16 (phasecorr disagreed), support=None, peak=0.09384612739086151) 
dog_hardnet: Processing pair 13 from disk...
dog_hardnet: 0 match-sets in 0.00s
[Coarse] dog_hardnet pair 14: dE=-18039.9 m dN=-308.2 m (phasecorr@315m, support=None, peak=0.04961982255158601) 
dog_hardnet: Processing pair 14 from disk...
dog_hardnet: 20 match-sets in 2.00s
[Coarse] dog_hardnet pair 15: dE=-18033.6 m dN=-269.1 m (phasecorr@315m, support=None, peak=0.0587093012491862) 
dog_hardnet: Processing pair 15 from disk...
dog_hardnet: 20 match-sets in 1.72s
[Coarse] dog_hardnet pair 16: dE=-17955.0 m dN=-55.6 m (matcher@315m, support=60, peak=None) 
dog_hardnet: Processing pair 16 from disk...
dog_hardnet: 14 match-sets in 1.82s
[Coarse] dog_hardnet pair 17: dE=-17955.0 m dN=-135.6 m (matcher@315m, support=58, peak=None) 
dog_hardnet: Processing pair 17 from disk...
dog_hardnet: 14 match-sets in 1.59s
[Coarse] dog_hardnet pair 18: dE=-17741.5 m dN=-315.0 m (from-pair-25 (phasecorr disagreed), support=None, peak=0.06863816733713503) 
dog_hardnet: Processing pair 18 from disk...
dog_hardnet: 0 match-sets in 0.00s
[Coarse] dog_hardnet pair 19: dE=-17741.5 m dN=-315.0 m (from-pair-25 (phasecorr disagreed), support=None, peak=0.15104582491848204) 
dog_hardnet: Processing pair 19 from disk...
dog_hardnet: 0 match-sets in 0.00s
[Coarse] dog_hardnet pair 20: dE=-17741.5 m dN=-315.0 m (from-pair-19, support=None, peak=None) 
dog_hardnet: Processing pair 20 from disk...
dog_hardnet: 0 match-sets in 0.00s
[Coarse] dog_hardnet pair 21: dE=-17741.5 m dN=-315.0 m (from-pair-25 (phasecorr disagreed), support=None, peak=0.036990950946454645) 
dog_hardnet: Processing pair 21 from disk...
dog_hardnet: 0 match-sets in 0.00s
[Coarse] dog_hardnet pair 22: dE=-17755.9 m dN=-54.5 m (matcher@315m, support=30, peak=None) 
dog_hardnet: Processing pair 22 from disk...
dog_hardnet: 23 match-sets in 3.25s
[Coarse] dog_hardnet pair 23: dE=-17861.2 m dN=-278.3 m (matcher@315m, support=27, peak=None) 
dog_hardnet: Processing pair 23 from disk...
dog_hardnet: 22 match-sets in 2.42s
[Coarse] dog_hardnet pair 24: dE=-17796.1 m dN=-118.6 m (matcher@315m, support=17, peak=None) 
dog_hardnet: Processing pair 24 from disk...
dog_hardnet: 25 match-sets in 2.52s
[Coarse] dog_hardnet pair 25: dE=-17741.5 m dN=-315.0 m (matcher@315m, support=35, peak=None) 
dog_hardnet: Processing pair 25 from disk...
dog_hardnet: 23 match-sets in 2.10s
[Coarse] dog_hardnet pair 26: dE=-17861.2 m dN=-278.3 m (from-pair-27, support=None, peak=None) 
dog_hardnet: Processing pair 26 from disk...
dog_hardnet: 11 match-sets in 1.88s
[Coarse] dog_hardnet pair 27: dE=-17861.2 m dN=-278.3 m (from-pair-23 (phasecorr disagreed), support=None, peak=0.05064041456057702) 
dog_hardnet: Processing pair 27 from disk...
dog_hardnet: 11 match-sets in 1.31s
Saved:
 CHIP_STATS_ALL.csv
 CHIP_STATS_SURVIVORS.csv
 CONSENSUS_SCORES.csv
 BEST_CHIP_SET.csv
 BEST_CHIP_MANIFEST.csv
 BEST_FINAL_SUMMARY.csv
[band1] dog_hardnet ok in 0.8 min, peak GPU memory 1.6 of 39.4 GB
--------------------------------------------------------------------------------
[band1] Running dog_hardnet8
[dog_hardnet8] lgm not available for this variant -- skipped (available: smnn, ada, mnn, snn, nn, fginn)
DoG: Loading HardNet8 (upright=True)...
[band1] dog_hardnet8 SKIPPED -- model not available (see message above)
[band1] dog_hardnet8 failed in 0.0 min, peak GPU memory 0.0 of 39.4 GB
--------------------------------------------------------------------------------
[band1] Running dog_sosnet
[dog_sosnet] lgm not available for this variant -- skipped (available: smnn, ada, mnn, snn, nn, fginn)
DoG: Loading SOSNet (upright=True)...
[Weights] sosnet_32x32_liberty.pth from /maintenance/ICIGDev/GPUPOC/input/dqe/imw_runtime/imw_cache/torch/hub/checkpoints
[Coarse] pair 3: no reliable coarse offset (matcher: no matches; phasecorr: {'dx': -16147.443677524008, 'dy': -26751.975000537102, 'support': None, 'n': None, 'peak': 0.00032880983234923565}); windows compared in place
[Coarse] pair 4: no reliable coarse offset (matcher: {'dx': -18616.3671875, 'dy': -86.134765625, 'support': 2, 'n': 3, 'peak': None}; phasecorr: {'dx': 12882.472481301173, 'dy': 92621.70938170607, 'support': None, 'n': None, 'peak': -0.00012715039429841217}); windows compared in place
[Coarse] pair 5: no reliable coarse offset (matcher: no matches; phasecorr: {'dx': 3156.3479216096807, 'dy': 18300.67805989782, 'support': None, 'n': None, 'peak': 0.020832994549224774}); windows compared in place
[Coarse] pair 6: no reliable coarse offset (matcher: no matches; phasecorr: {'dx': -15852.800158210905, 'dy': 18737.59796077822, 'support': None, 'n': None, 'peak': -0.0027571213742097218}); windows compared in place
[Coarse] pair 7: no reliable coarse offset (matcher: no matches; phasecorr: {'dx': -17660.72648465004, 'dy': -478.5174601560547, 'support': None, 'n': None, 'peak': 0.0218074359204816}); windows compared in place
[Coarse] pair 8: no reliable coarse offset (matcher: no matches; phasecorr: {'dx': -18002.059573769864, 'dy': -489.60497923140906, 'support': None, 'n': None, 'peak': 0.011968647486368816}); windows compared in place
[Coarse] pair 11: no reliable coarse offset (matcher: no matches; phasecorr: {'dx': -18107.733154651494, 'dy': -332.5590928480355, 'support': None, 'n': None, 'peak': 0.020898853179031604}); windows compared in place
[Coarse] pair 20: no reliable coarse offset (matcher: no matches; phasecorr: {'dx': -28903.23193639674, 'dy': -12953.216285335406, 'support': None, 'n': None, 'peak': 0.008737401829825507}); windows compared in place
[Coarse] pair 26: no reliable coarse offset (matcher: no matches; phasecorr: {'dx': -96306.08142606622, 'dy': -17142.367293993742, 'support': None, 'n': None, 'peak': 0.02253384519977334}); windows compared in place
[Coarse] pair 2: phase correlation gave dE=-8934 m dN=5487 m, 10.4 km from every offset the matcher measured; using pair 14's (dE=-17874 m dN=-44 m)
[Coarse] pair 10: phase correlation gave dE=43169 m dN=-4147 m, 61.0 km from every offset the matcher measured; using pair 14's (dE=-17874 m dN=-44 m)
[Coarse] pair 12: phase correlation gave dE=-1877 m dN=10017 m, 18.8 km from every offset the matcher measured; using pair 14's (dE=-17874 m dN=-44 m)
[Coarse] pair 13: phase correlation gave dE=7584 m dN=8567 m, 26.7 km from every offset the matcher measured; using pair 14's (dE=-17874 m dN=-44 m)
[Coarse] pair 18: phase correlation gave dE=744 m dN=-16615 m, 24.7 km from every offset the matcher measured; using pair 25's (dE=-17806 m dN=-240 m)
[Coarse] pair 19: phase correlation gave dE=11920 m dN=-17918 m, 34.6 km from every offset the matcher measured; using pair 25's (dE=-17806 m dN=-240 m)
[Coarse] pair 21: phase correlation gave dE=-11414 m dN=-17047 m, 18.0 km from every offset the matcher measured; using pair 25's (dE=-17806 m dN=-240 m)
[Coarse] pair 27: phase correlation gave dE=-97898 m dN=-6012 m, 80.2 km from every offset the matcher measured; using pair 23's (dE=-17926 m dN=-275 m)
[Coarse] dog_sosnet pair 1: dE=-18062.2 m dN=-904.8 m (phasecorr@315m, support=None, peak=0.03257782713572184) 
dog_sosnet: Processing pair 1 from disk...
dog_sosnet: 6 match-sets in 0.33s
[Coarse] dog_sosnet pair 2: dE=-17873.8 m dN=-44.4 m (from-pair-14 (phasecorr disagreed), support=None, peak=0.03413578109976686) 
dog_sosnet: Processing pair 2 from disk...
dog_sosnet: 5 match-sets in 0.33s
[Coarse] dog_sosnet pair 3: dE=-18062.2 m dN=-904.8 m (from-pair-1, support=None, peak=None) 
dog_sosnet: Processing pair 3 from disk...
dog_sosnet: 4 match-sets in 0.32s
[Coarse] dog_sosnet pair 4: dE=-17873.8 m dN=-44.4 m (from-pair-2, support=None, peak=None) 
dog_sosnet: Processing pair 4 from disk...
dog_sosnet: 4 match-sets in 0.35s
[Coarse] dog_sosnet pair 5: dE=-17873.8 m dN=-44.4 m (from-pair-2, support=None, peak=None) 
dog_sosnet: Processing pair 5 from disk...
dog_sosnet: 4 match-sets in 0.34s
[Coarse] dog_sosnet pair 6: dE=-17873.8 m dN=-44.4 m (from-pair-2, support=None, peak=None) 
dog_sosnet: Processing pair 6 from disk...
dog_sosnet: 4 match-sets in 0.35s
[Coarse] dog_sosnet pair 7: dE=-17790.5 m dN=-428.0 m (from-pair-9, support=None, peak=None) 
dog_sosnet: Processing pair 7 from disk...
dog_sosnet: 14 match-sets in 1.28s
[Coarse] dog_sosnet pair 8: dE=-17790.5 m dN=-428.0 m (from-pair-9, support=None, peak=None) 
dog_sosnet: Processing pair 8 from disk...
dog_sosnet: 15 match-sets in 1.28s
[Coarse] dog_sosnet pair 9: dE=-17790.5 m dN=-428.0 m (phasecorr@315m, support=None, peak=0.031066529352914596) 
dog_sosnet: Processing pair 9 from disk...
dog_sosnet: 16 match-sets in 1.26s
[Coarse] dog_sosnet pair 10: dE=-17873.8 m dN=-44.4 m (from-pair-14 (phasecorr disagreed), support=None, peak=0.04791493653487985) 
dog_sosnet: Processing pair 10 from disk...
dog_sosnet: 8 match-sets in 1.24s
[Coarse] dog_sosnet pair 11: dE=-17873.8 m dN=-44.4 m (from-pair-10, support=None, peak=None) 
dog_sosnet: Processing pair 11 from disk...
dog_sosnet: 8 match-sets in 0.90s
[Coarse] dog_sosnet pair 12: dE=-17873.8 m dN=-44.4 m (from-pair-14 (phasecorr disagreed), support=None, peak=0.1047012765466431) 
dog_sosnet: Processing pair 12 from disk...
dog_sosnet: 0 match-sets in 0.00s
[Coarse] dog_sosnet pair 13: dE=-17873.8 m dN=-44.4 m (from-pair-14 (phasecorr disagreed), support=None, peak=0.09384612739086151) 
dog_sosnet: Processing pair 13 from disk...
dog_sosnet: 0 match-sets in 0.00s
[Coarse] dog_sosnet pair 14: dE=-17873.8 m dN=-44.4 m (matcher@315m, support=10, peak=None) 
dog_sosnet: Processing pair 14 from disk...
dog_sosnet: 16 match-sets in 1.43s
[Coarse] dog_sosnet pair 15: dE=-18033.6 m dN=-269.1 m (phasecorr@315m, support=None, peak=0.0587093012491862) 
dog_sosnet: Processing pair 15 from disk...
dog_sosnet: 17 match-sets in 1.31s
[Coarse] dog_sosnet pair 16: dE=-17955.0 m dN=-53.0 m (matcher@315m, support=62, peak=None) 
dog_sosnet: Processing pair 16 from disk...
dog_sosnet: 12 match-sets in 0.90s
[Coarse] dog_sosnet pair 17: dE=-17955.0 m dN=-171.0 m (matcher@315m, support=59, peak=None) 
dog_sosnet: Processing pair 17 from disk...
dog_sosnet: 12 match-sets in 0.90s
[Coarse] dog_sosnet pair 18: dE=-17806.4 m dN=-240.2 m (from-pair-25 (phasecorr disagreed), support=None, peak=0.06863816733713503) 
dog_sosnet: Processing pair 18 from disk...
dog_sosnet: 0 match-sets in 0.00s
[Coarse] dog_sosnet pair 19: dE=-17806.4 m dN=-240.2 m (from-pair-25 (phasecorr disagreed), support=None, peak=0.15104582491848204) 
dog_sosnet: Processing pair 19 from disk...
dog_sosnet: 0 match-sets in 0.00s
[Coarse] dog_sosnet pair 20: dE=-17806.4 m dN=-240.2 m (from-pair-19, support=None, peak=None) 
dog_sosnet: Processing pair 20 from disk...
dog_sosnet: 0 match-sets in 0.00s
[Coarse] dog_sosnet pair 21: dE=-17806.4 m dN=-240.2 m (from-pair-25 (phasecorr disagreed), support=None, peak=0.036990950946454645) 
dog_sosnet: Processing pair 21 from disk...
dog_sosnet: 0 match-sets in 0.00s
[Coarse] dog_sosnet pair 22: dE=-17800.9 m dN=-52.6 m (matcher@315m, support=29, peak=None) 
dog_sosnet: Processing pair 22 from disk...
dog_sosnet: 20 match-sets in 1.47s
[Coarse] dog_sosnet pair 23: dE=-17926.0 m dN=-275.4 m (matcher@315m, support=23, peak=None) 
dog_sosnet: Processing pair 23 from disk...
dog_sosnet: 19 match-sets in 1.76s
[Coarse] dog_sosnet pair 24: dE=-17700.7 m dN=-56.4 m (matcher@315m, support=15, peak=None) 
dog_sosnet: Processing pair 24 from disk...
dog_sosnet: 20 match-sets in 1.76s
[Coarse] dog_sosnet pair 25: dE=-17806.4 m dN=-240.2 m (matcher@315m, support=26, peak=None) 
dog_sosnet: Processing pair 25 from disk...
dog_sosnet: 18 match-sets in 1.51s
[Coarse] dog_sosnet pair 26: dE=-17926.0 m dN=-275.4 m (from-pair-27, support=None, peak=None) 
dog_sosnet: Processing pair 26 from disk...
dog_sosnet: 8 match-sets in 0.78s
[Coarse] dog_sosnet pair 27: dE=-17926.0 m dN=-275.4 m (from-pair-23 (phasecorr disagreed), support=None, peak=0.05064041456057702) 
dog_sosnet: Processing pair 27 from disk...
dog_sosnet: 7 match-sets in 0.78s
Saved:
 CHIP_STATS_ALL.csv
 CHIP_STATS_SURVIVORS.csv
 CONSENSUS_SCORES.csv
 BEST_CHIP_SET.csv
 BEST_CHIP_MANIFEST.csv
 BEST_FINAL_SUMMARY.csv
[band1] dog_sosnet ok in 0.5 min, peak GPU memory 1.4 of 39.4 GB
--------------------------------------------------------------------------------
[band1] Running dog_hynet
[dog_hynet] lgm not available for this variant -- skipped (available: smnn, ada, mnn, snn, nn, fginn)
DoG: Loading HyNet (upright=True)...
[Coarse] pair 3: no reliable coarse offset (matcher: no matches; phasecorr: {'dx': -16147.443677524008, 'dy': -26751.975000537102, 'support': None, 'n': None, 'peak': 0.00032880983234923565}); windows compared in place
[Coarse] pair 4: no reliable coarse offset (matcher: no matches; phasecorr: {'dx': 12882.472481301173, 'dy': 92621.70938170607, 'support': None, 'n': None, 'peak': -0.00012715039429841217}); windows compared in place
[Coarse] pair 5: no reliable coarse offset (matcher: no matches; phasecorr: {'dx': 3156.3479216096807, 'dy': 18300.67805989782, 'support': None, 'n': None, 'peak': 0.020832994549224774}); windows compared in place
[Coarse] pair 6: no reliable coarse offset (matcher: no matches; phasecorr: {'dx': -15852.800158210905, 'dy': 18737.59796077822, 'support': None, 'n': None, 'peak': -0.0027571213742097218}); windows compared in place
[Coarse] pair 7: no reliable coarse offset (matcher: no matches; phasecorr: {'dx': -17660.72648465004, 'dy': -478.5174601560547, 'support': None, 'n': None, 'peak': 0.0218074359204816}); windows compared in place
[Coarse] pair 8: no reliable coarse offset (matcher: no matches; phasecorr: {'dx': -18002.059573769864, 'dy': -489.60497923140906, 'support': None, 'n': None, 'peak': 0.011968647486368816}); windows compared in place
[Coarse] pair 11: no reliable coarse offset (matcher: no matches; phasecorr: {'dx': -18107.733154651494, 'dy': -332.5590928480355, 'support': None, 'n': None, 'peak': 0.020898853179031604}); windows compared in place
[Coarse] pair 20: no reliable coarse offset (matcher: no matches; phasecorr: {'dx': -28903.23193639674, 'dy': -12953.216285335406, 'support': None, 'n': None, 'peak': 0.008737401829825507}); windows compared in place
[Coarse] pair 26: no reliable coarse offset (matcher: no matches; phasecorr: {'dx': -96306.08142606622, 'dy': -17142.367293993742, 'support': None, 'n': None, 'peak': 0.02253384519977334}); windows compared in place
[Coarse] pair 2: phase correlation gave dE=-8934 m dN=5487 m, 10.4 km from every offset the matcher measured; using pair 15's (dE=-17955 m dN=-45 m)
[Coarse] pair 10: phase correlation gave dE=43169 m dN=-4147 m, 61.1 km from every offset the matcher measured; using pair 15's (dE=-17955 m dN=-45 m)
[Coarse] pair 12: phase correlation gave dE=-1877 m dN=10017 m, 18.8 km from every offset the matcher measured; using pair 15's (dE=-17955 m dN=-45 m)
[Coarse] pair 13: phase correlation gave dE=7584 m dN=8567 m, 26.8 km from every offset the matcher measured; using pair 15's (dE=-17955 m dN=-45 m)
[Coarse] pair 18: phase correlation gave dE=744 m dN=-16615 m, 24.7 km from every offset the matcher measured; using pair 25's (dE=-17759 m dN=-269 m)
[Coarse] pair 19: phase correlation gave dE=11920 m dN=-17918 m, 34.5 km from every offset the matcher measured; using pair 25's (dE=-17759 m dN=-269 m)
[Coarse] pair 21: phase correlation gave dE=-11414 m dN=-17047 m, 17.9 km from every offset the matcher measured; using pair 25's (dE=-17759 m dN=-269 m)
[Coarse] pair 27: phase correlation gave dE=-97898 m dN=-6012 m, 80.2 km from every offset the matcher measured; using pair 23's (dE=-17922 m dN=-278 m)
[Coarse] dog_hynet pair 1: dE=-18062.2 m dN=-904.8 m (phasecorr@315m, support=None, peak=0.03257782713572184) 
dog_hynet: Processing pair 1 from disk...
dog_hynet: 6 match-sets in 0.43s
[Coarse] dog_hynet pair 2: dE=-17955.0 m dN=-45.1 m (from-pair-15 (phasecorr disagreed), support=None, peak=0.03413578109976686) 
dog_hynet: Processing pair 2 from disk...
dog_hynet: 5 match-sets in 0.35s
[Coarse] dog_hynet pair 3: dE=-18062.2 m dN=-904.8 m (from-pair-1, support=None, peak=None) 
dog_hynet: Processing pair 3 from disk...
dog_hynet: 5 match-sets in 0.35s
[Coarse] dog_hynet pair 4: dE=-17955.0 m dN=-45.1 m (from-pair-2, support=None, peak=None) 
dog_hynet: Processing pair 4 from disk...
dog_hynet: 5 match-sets in 0.40s
[Coarse] dog_hynet pair 5: dE=-17955.0 m dN=-45.1 m (from-pair-2, support=None, peak=None) 
dog_hynet: Processing pair 5 from disk...
dog_hynet: 4 match-sets in 0.37s
[Coarse] dog_hynet pair 6: dE=-17955.0 m dN=-45.1 m (from-pair-2, support=None, peak=None) 
dog_hynet: Processing pair 6 from disk...
dog_hynet: 4 match-sets in 0.38s
[Coarse] dog_hynet pair 7: dE=-17790.5 m dN=-428.0 m (from-pair-9, support=None, peak=None) 
dog_hynet: Processing pair 7 from disk...
dog_hynet: 14 match-sets in 1.40s
[Coarse] dog_hynet pair 8: dE=-17790.5 m dN=-428.0 m (from-pair-9, support=None, peak=None) 
dog_hynet: Processing pair 8 from disk...
dog_hynet: 15 match-sets in 1.43s
[Coarse] dog_hynet pair 9: dE=-17790.5 m dN=-428.0 m (phasecorr@315m, support=None, peak=0.031066529352914596) 
dog_hynet: Processing pair 9 from disk...
dog_hynet: 16 match-sets in 1.40s
[Coarse] dog_hynet pair 10: dE=-17955.0 m dN=-45.1 m (from-pair-15 (phasecorr disagreed), support=None, peak=0.04791493653487985) 
dog_hynet: Processing pair 10 from disk...
dog_hynet: 8 match-sets in 0.99s
[Coarse] dog_hynet pair 11: dE=-17955.0 m dN=-45.1 m (from-pair-10, support=None, peak=None) 
dog_hynet: Processing pair 11 from disk...
dog_hynet: 8 match-sets in 1.02s
[Coarse] dog_hynet pair 12: dE=-17955.0 m dN=-45.1 m (from-pair-15 (phasecorr disagreed), support=None, peak=0.1047012765466431) 
dog_hynet: Processing pair 12 from disk...
dog_hynet: 0 match-sets in 0.00s
[Coarse] dog_hynet pair 13: dE=-17955.0 m dN=-45.1 m (from-pair-15 (phasecorr disagreed), support=None, peak=0.09384612739086151) 
dog_hynet: Processing pair 13 from disk...
dog_hynet: 0 match-sets in 0.00s
[Coarse] dog_hynet pair 14: dE=-18039.9 m dN=-308.2 m (phasecorr@315m, support=None, peak=0.04961982255158601) 
dog_hynet: Processing pair 14 from disk...
dog_hynet: 17 match-sets in 1.49s
[Coarse] dog_hynet pair 15: dE=-17955.0 m dN=-45.1 m (matcher@315m, support=9, peak=None) 
dog_hynet: Processing pair 15 from disk...
dog_hynet: 17 match-sets in 1.56s
[Coarse] dog_hynet pair 16: dE=-17955.0 m dN=-50.7 m (matcher@315m, support=54, peak=None) 
dog_hynet: Processing pair 16 from disk...
dog_hynet: 12 match-sets in 1.03s
[Coarse] dog_hynet pair 17: dE=-17955.0 m dN=-171.0 m (matcher@315m, support=57, peak=None) 
dog_hynet: Processing pair 17 from disk...
dog_hynet: 12 match-sets in 1.03s
[Coarse] dog_hynet pair 18: dE=-17759.2 m dN=-269.0 m (from-pair-25 (phasecorr disagreed), support=None, peak=0.06863816733713503) 
dog_hynet: Processing pair 18 from disk...
dog_hynet: 0 match-sets in 0.00s
[Coarse] dog_hynet pair 19: dE=-17759.2 m dN=-269.0 m (from-pair-25 (phasecorr disagreed), support=None, peak=0.15104582491848204) 
dog_hynet: Processing pair 19 from disk...
dog_hynet: 0 match-sets in 0.00s
[Coarse] dog_hynet pair 20: dE=-17759.2 m dN=-269.0 m (from-pair-19, support=None, peak=None) 
dog_hynet: Processing pair 20 from disk...
dog_hynet: 0 match-sets in 0.00s
[Coarse] dog_hynet pair 21: dE=-17759.2 m dN=-269.0 m (from-pair-25 (phasecorr disagreed), support=None, peak=0.036990950946454645) 
dog_hynet: Processing pair 21 from disk...
dog_hynet: 0 match-sets in 0.00s
[Coarse] dog_hynet pair 22: dE=-17771.7 m dN=-56.4 m (matcher@315m, support=33, peak=None) 
dog_hynet: Processing pair 22 from disk...
dog_hynet: 18 match-sets in 1.63s
[Coarse] dog_hynet pair 23: dE=-17922.4 m dN=-278.3 m (matcher@315m, support=27, peak=None) 
dog_hynet: Processing pair 23 from disk...
dog_hynet: 19 match-sets in 1.63s
[Coarse] dog_hynet pair 24: dE=-17797.1 m dN=-183.7 m (matcher@315m, support=14, peak=None) 
dog_hynet: Processing pair 24 from disk...
dog_hynet: 18 match-sets in 1.61s
[Coarse] dog_hynet pair 25: dE=-17759.2 m dN=-269.0 m (matcher@315m, support=30, peak=None) 
dog_hynet: Processing pair 25 from disk...
dog_hynet: 20 match-sets in 1.63s
[Coarse] dog_hynet pair 26: dE=-17922.4 m dN=-278.3 m (from-pair-27, support=None, peak=None) 
dog_hynet: Processing pair 26 from disk...
dog_hynet: 6 match-sets in 0.84s
[Coarse] dog_hynet pair 27: dE=-17922.4 m dN=-278.3 m (from-pair-23 (phasecorr disagreed), support=None, peak=0.05064041456057702) 
dog_hynet: Processing pair 27 from disk...
dog_hynet: 7 match-sets in 0.84s
Saved:
 CHIP_STATS_ALL.csv
 CHIP_STATS_SURVIVORS.csv
 CONSENSUS_SCORES.csv
 BEST_CHIP_SET.csv
 BEST_CHIP_MANIFEST.csv
 BEST_FINAL_SUMMARY.csv
[band1] dog_hynet ok in 0.5 min, peak GPU memory 0.8 of 39.4 GB
--------------------------------------------------------------------------------
[band1] Running dog_tfeat
[dog_tfeat] lgm not available for this variant -- skipped (available: smnn, ada, mnn, snn, nn, fginn)
DoG: Loading TFeat (upright=True)...
[band1] dog_tfeat SKIPPED -- model not available (see message above)
[band1] dog_tfeat failed in 0.0 min, peak GPU memory 0.0 of 39.4 GB
--------------------------------------------------------------------------------
[band1] Running gftt
GFTT-AffNet-HardNet: Loading (upright=True)...
[Coarse] pair 3: no reliable coarse offset (matcher: no matches; phasecorr: {'dx': -16147.443677524008, 'dy': -26751.975000537102, 'support': None, 'n': None, 'peak': 0.00032880983234923565}); windows compared in place
[Coarse] pair 4: no reliable coarse offset (matcher: no matches; phasecorr: {'dx': 12882.472481301173, 'dy': 92621.70938170607, 'support': None, 'n': None, 'peak': -0.00012715039429841217}); windows compared in place
[Coarse] pair 5: no reliable coarse offset (matcher: no matches; phasecorr: {'dx': 3156.3479216096807, 'dy': 18300.67805989782, 'support': None, 'n': None, 'peak': 0.020832994549224774}); windows compared in place
[Coarse] pair 6: no reliable coarse offset (matcher: no matches; phasecorr: {'dx': -15852.800158210905, 'dy': 18737.59796077822, 'support': None, 'n': None, 'peak': -0.0027571213742097218}); windows compared in place
[Coarse] pair 7: no reliable coarse offset (matcher: no matches; phasecorr: {'dx': -17660.72648465004, 'dy': -478.5174601560547, 'support': None, 'n': None, 'peak': 0.0218074359204816}); windows compared in place
[Coarse] pair 8: no reliable coarse offset (matcher: no matches; phasecorr: {'dx': -18002.059573769864, 'dy': -489.60497923140906, 'support': None, 'n': None, 'peak': 0.011968647486368816}); windows compared in place
[Coarse] pair 11: no reliable coarse offset (matcher: no matches; phasecorr: {'dx': -18107.733154651494, 'dy': -332.5590928480355, 'support': None, 'n': None, 'peak': 0.020898853179031604}); windows compared in place
[Coarse] pair 20: no reliable coarse offset (matcher: no matches; phasecorr: {'dx': -28903.23193639674, 'dy': -12953.216285335406, 'support': None, 'n': None, 'peak': 0.008737401829825507}); windows compared in place
[Coarse] pair 26: no reliable coarse offset (matcher: no matches; phasecorr: {'dx': -96306.08142606622, 'dy': -17142.367293993742, 'support': None, 'n': None, 'peak': 0.02253384519977334}); windows compared in place
[Coarse] pair 2: phase correlation gave dE=-8934 m dN=5487 m, 10.5 km from every offset the matcher measured; using pair 16's (dE=-18055 m dN=-285 m)
[Coarse] pair 10: phase correlation gave dE=43169 m dN=-4147 m, 61.0 km from every offset the matcher measured; using pair 16's (dE=-18055 m dN=-285 m)
[Coarse] pair 12: phase correlation gave dE=-1877 m dN=10017 m, 18.9 km from every offset the matcher measured; using pair 16's (dE=-18055 m dN=-285 m)
[Coarse] pair 13: phase correlation gave dE=7584 m dN=8567 m, 26.8 km from every offset the matcher measured; using pair 16's (dE=-18055 m dN=-285 m)
[Coarse] pair 18: phase correlation gave dE=744 m dN=-16615 m, 24.6 km from every offset the matcher measured; using pair 25's (dE=-17743 m dN=-315 m)
[Coarse] pair 19: phase correlation gave dE=11920 m dN=-17918 m, 34.5 km from every offset the matcher measured; using pair 25's (dE=-17743 m dN=-315 m)
[Coarse] pair 21: phase correlation gave dE=-11414 m dN=-17047 m, 17.9 km from every offset the matcher measured; using pair 25's (dE=-17743 m dN=-315 m)
[Coarse] pair 27: phase correlation gave dE=-97898 m dN=-6012 m, 80.0 km from every offset the matcher measured; using pair 23's (dE=-17955 m dN=0 m)
[Coarse] gftt pair 1: dE=-18062.2 m dN=-904.8 m (phasecorr@315m, support=None, peak=0.03257782713572184) 
gftt: Processing pair 1 from disk...
gftt: 5 match-sets in 0.87s
[Coarse] gftt pair 2: dE=-18055.0 m dN=-285.2 m (from-pair-16 (phasecorr disagreed), support=None, peak=0.03413578109976686) 
gftt: Processing pair 2 from disk...
gftt: 4 match-sets in 0.84s
[Coarse] gftt pair 3: dE=-18062.2 m dN=-904.8 m (from-pair-1, support=None, peak=None) 
gftt: Processing pair 3 from disk...
gftt: 5 match-sets in 0.81s
[Coarse] gftt pair 4: dE=-18055.0 m dN=-285.2 m (from-pair-2, support=None, peak=None) 
gftt: Processing pair 4 from disk...
gftt: 4 match-sets in 0.91s
[Coarse] gftt pair 5: dE=-18055.0 m dN=-285.2 m (from-pair-2, support=None, peak=None) 
gftt: Processing pair 5 from disk...
gftt: 5 match-sets in 0.91s
[Coarse] gftt pair 6: dE=-18055.0 m dN=-285.2 m (from-pair-2, support=None, peak=None) 
gftt: Processing pair 6 from disk...
gftt: 5 match-sets in 0.90s
[Coarse] gftt pair 7: dE=-17790.5 m dN=-428.0 m (from-pair-9, support=None, peak=None) 
gftt: Processing pair 7 from disk...
gftt: 14 match-sets in 2.56s
[Coarse] gftt pair 8: dE=-17790.5 m dN=-428.0 m (from-pair-9, support=None, peak=None) 
gftt: Processing pair 8 from disk...
gftt: 12 match-sets in 2.53s
[Coarse] gftt pair 9: dE=-17790.5 m dN=-428.0 m (phasecorr@315m, support=None, peak=0.031066529352914596) 
gftt: Processing pair 9 from disk...
gftt: 14 match-sets in 2.39s
[Coarse] gftt pair 10: dE=-18055.0 m dN=-285.2 m (from-pair-16 (phasecorr disagreed), support=None, peak=0.04791493653487985) 
gftt: Processing pair 10 from disk...
gftt: 8 match-sets in 1.80s
[Coarse] gftt pair 11: dE=-18055.0 m dN=-285.2 m (from-pair-10, support=None, peak=None) 
gftt: Processing pair 11 from disk...
gftt: 8 match-sets in 1.75s
[Coarse] gftt pair 12: dE=-18055.0 m dN=-285.2 m (from-pair-16 (phasecorr disagreed), support=None, peak=0.1047012765466431) 
gftt: Processing pair 12 from disk...
gftt: 0 match-sets in 0.00s
[Coarse] gftt pair 13: dE=-18055.0 m dN=-285.2 m (from-pair-16 (phasecorr disagreed), support=None, peak=0.09384612739086151) 
gftt: Processing pair 13 from disk...
gftt: 0 match-sets in 0.00s
[Coarse] gftt pair 14: dE=-18039.9 m dN=-308.2 m (phasecorr@315m, support=None, peak=0.04961982255158601) 
gftt: Processing pair 14 from disk...
gftt: 15 match-sets in 2.36s
[Coarse] gftt pair 15: dE=-18033.6 m dN=-269.1 m (phasecorr@315m, support=None, peak=0.0587093012491862) 
gftt: Processing pair 15 from disk...
gftt: 17 match-sets in 2.07s
[Coarse] gftt pair 16: dE=-18055.0 m dN=-285.2 m (matcher@315m, support=28, peak=None) 
gftt: Processing pair 16 from disk...
gftt: 12 match-sets in 1.69s
[Coarse] gftt pair 17: dE=-17955.0 m dN=-315.0 m (matcher@315m, support=40, peak=None) 
gftt: Processing pair 17 from disk...
gftt: 12 match-sets in 1.98s
[Coarse] gftt pair 18: dE=-17743.0 m dN=-315.0 m (from-pair-25 (phasecorr disagreed), support=None, peak=0.06863816733713503) 
gftt: Processing pair 18 from disk...
gftt: 0 match-sets in 0.00s
[Coarse] gftt pair 19: dE=-17743.0 m dN=-315.0 m (from-pair-25 (phasecorr disagreed), support=None, peak=0.15104582491848204) 
gftt: Processing pair 19 from disk...
gftt: 0 match-sets in 0.00s
[Coarse] gftt pair 20: dE=-17743.0 m dN=-315.0 m (from-pair-19, support=None, peak=None) 
gftt: Processing pair 20 from disk...
gftt: 0 match-sets in 0.00s
[Coarse] gftt pair 21: dE=-17743.0 m dN=-315.0 m (from-pair-25 (phasecorr disagreed), support=None, peak=0.036990950946454645) 
gftt: Processing pair 21 from disk...
gftt: 0 match-sets in 0.00s
[Coarse] gftt pair 22: dE=-17955.0 m dN=-315.0 m (matcher@315m, support=19, peak=None) 
gftt: Processing pair 22 from disk...
gftt: 20 match-sets in 3.31s
[Coarse] gftt pair 23: dE=-17955.0 m dN=0.0 m (matcher@315m, support=12, peak=None) 
gftt: Processing pair 23 from disk...
gftt: 17 match-sets in 2.99s
[Coarse] gftt pair 24: dE=-17928.8 m dN=-415.6 m (phasecorr@315m, support=None, peak=0.035175936365127565) 
gftt: Processing pair 24 from disk...
gftt: 19 match-sets in 2.61s
[Coarse] gftt pair 25: dE=-17743.0 m dN=-315.0 m (matcher@315m, support=11, peak=None) 
gftt: Processing pair 25 from disk...
gftt: 20 match-sets in 3.08s
[Coarse] gftt pair 26: dE=-17955.0 m dN=0.0 m (from-pair-27, support=None, peak=None) 
gftt: Processing pair 26 from disk...
gftt: 7 match-sets in 1.71s
[Coarse] gftt pair 27: dE=-17955.0 m dN=0.0 m (from-pair-23 (phasecorr disagreed), support=None, peak=0.05064041456057702) 
gftt: Processing pair 27 from disk...
gftt: 8 match-sets in 1.59s
Saved:
 CHIP_STATS_ALL.csv
 CHIP_STATS_SURVIVORS.csv
 CONSENSUS_SCORES.csv
 BEST_CHIP_SET.csv
 BEST_CHIP_MANIFEST.csv
 BEST_FINAL_SUMMARY.csv
[band1] gftt ok in 0.9 min, peak GPU memory 1.6 of 39.4 GB
--------------------------------------------------------------------------------
[band1] Running hessian
Hessian-AffNet-HardNet: Loading (upright=True)...
[Coarse] pair 3: no reliable coarse offset (matcher: no matches; phasecorr: {'dx': -16147.443677524008, 'dy': -26751.975000537102, 'support': None, 'n': None, 'peak': 0.00032880983234923565}); windows compared in place
[Coarse] pair 4: no reliable coarse offset (matcher: {'dx': -17772.03125, 'dy': -194.220703125, 'support': 3, 'n': 4, 'peak': None}; phasecorr: {'dx': 12882.472481301173, 'dy': 92621.70938170607, 'support': None, 'n': None, 'peak': -0.00012715039429841217}); windows compared in place
[Coarse] pair 5: no reliable coarse offset (matcher: no matches; phasecorr: {'dx': 3156.3479216096807, 'dy': 18300.67805989782, 'support': None, 'n': None, 'peak': 0.020832994549224774}); windows compared in place
[Coarse] pair 6: no reliable coarse offset (matcher: no matches; phasecorr: {'dx': -15852.800158210905, 'dy': 18737.59796077822, 'support': None, 'n': None, 'peak': -0.0027571213742097218}); windows compared in place
[Coarse] pair 7: no reliable coarse offset (matcher: no matches; phasecorr: {'dx': -17660.72648465004, 'dy': -478.5174601560547, 'support': None, 'n': None, 'peak': 0.0218074359204816}); windows compared in place
[Coarse] pair 8: no reliable coarse offset (matcher: no matches; phasecorr: {'dx': -18002.059573769864, 'dy': -489.60497923140906, 'support': None, 'n': None, 'peak': 0.011968647486368816}); windows compared in place
[Coarse] pair 11: no reliable coarse offset (matcher: no matches; phasecorr: {'dx': -18107.733154651494, 'dy': -332.5590928480355, 'support': None, 'n': None, 'peak': 0.020898853179031604}); windows compared in place
[Coarse] pair 20: no reliable coarse offset (matcher: no matches; phasecorr: {'dx': -28903.23193639674, 'dy': -12953.216285335406, 'support': None, 'n': None, 'peak': 0.008737401829825507}); windows compared in place
[Coarse] pair 26: no reliable coarse offset (matcher: no matches; phasecorr: {'dx': -96306.08142606622, 'dy': -17142.367293993742, 'support': None, 'n': None, 'peak': 0.02253384519977334}); windows compared in place
[Coarse] pair 2: phase correlation gave dE=-8934 m dN=5487 m, 10.5 km from every offset the matcher measured; using pair 1's (dE=-18034 m dN=-813 m)
[Coarse] pair 10: phase correlation gave dE=43169 m dN=-4147 m, 60.9 km from every offset the matcher measured; using pair 1's (dE=-18034 m dN=-813 m)
[Coarse] pair 12: phase correlation gave dE=-1877 m dN=10017 m, 18.8 km from every offset the matcher measured; using pair 1's (dE=-18034 m dN=-813 m)
[Coarse] pair 13: phase correlation gave dE=7584 m dN=8567 m, 26.7 km from every offset the matcher measured; using pair 1's (dE=-18034 m dN=-813 m)
[Coarse] pair 18: phase correlation gave dE=744 m dN=-16615 m, 24.5 km from every offset the matcher measured; using pair 25's (dE=-17693 m dN=-472 m)
[Coarse] pair 19: phase correlation gave dE=11920 m dN=-17918 m, 34.4 km from every offset the matcher measured; using pair 25's (dE=-17693 m dN=-472 m)
[Coarse] pair 21: phase correlation gave dE=-11414 m dN=-17047 m, 17.5 km from every offset the matcher measured; using pair 25's (dE=-17693 m dN=-472 m)
[Coarse] pair 27: phase correlation gave dE=-97898 m dN=-6012 m, 80.0 km from every offset the matcher measured; using pair 22's (dE=-17640 m dN=-315 m)
[Coarse] hessian pair 1: dE=-18033.8 m dN=-813.4 m (matcher@315m, support=10, peak=None) 
hessian: Processing pair 1 from disk...
hessian: 6 match-sets in 0.66s
[Coarse] hessian pair 2: dE=-18033.8 m dN=-813.4 m (from-pair-1 (phasecorr disagreed), support=None, peak=0.03413578109976686) 
hessian: Processing pair 2 from disk...
hessian: 6 match-sets in 0.73s
[Coarse] hessian pair 3: dE=-18033.8 m dN=-813.4 m (from-pair-1, support=None, peak=None) 
hessian: Processing pair 3 from disk...
hessian: 5 match-sets in 0.64s
[Coarse] hessian pair 4: dE=-18033.8 m dN=-813.4 m (from-pair-2, support=None, peak=None) 
hessian: Processing pair 4 from disk...
hessian: 5 match-sets in 0.69s
[Coarse] hessian pair 5: dE=-18033.8 m dN=-813.4 m (from-pair-2, support=None, peak=None) 
hessian: Processing pair 5 from disk...
hessian: 5 match-sets in 0.67s
[Coarse] hessian pair 6: dE=-18033.8 m dN=-813.4 m (from-pair-2, support=None, peak=None) 
hessian: Processing pair 6 from disk...
hessian: 5 match-sets in 0.79s
[Coarse] hessian pair 7: dE=-17790.5 m dN=-428.0 m (from-pair-9, support=None, peak=None) 
hessian: Processing pair 7 from disk...
hessian: 13 match-sets in 1.75s
[Coarse] hessian pair 8: dE=-17790.5 m dN=-428.0 m (from-pair-9, support=None, peak=None) 
hessian: Processing pair 8 from disk...
hessian: 14 match-sets in 1.35s
[Coarse] hessian pair 9: dE=-17790.5 m dN=-428.0 m (phasecorr@315m, support=None, peak=0.031066529352914596) 
hessian: Processing pair 9 from disk...
hessian: 14 match-sets in 1.71s
[Coarse] hessian pair 10: dE=-18033.8 m dN=-813.4 m (from-pair-1 (phasecorr disagreed), support=None, peak=0.04791493653487985) 
hessian: Processing pair 10 from disk...
hessian: 9 match-sets in 1.63s
[Coarse] hessian pair 11: dE=-18033.8 m dN=-813.4 m (from-pair-10, support=None, peak=None) 
hessian: Processing pair 11 from disk...
hessian: 8 match-sets in 1.39s
[Coarse] hessian pair 12: dE=-18033.8 m dN=-813.4 m (from-pair-1 (phasecorr disagreed), support=None, peak=0.1047012765466431) 
hessian: Processing pair 12 from disk...
hessian: 0 match-sets in 0.00s
[Coarse] hessian pair 13: dE=-18033.8 m dN=-813.4 m (from-pair-1 (phasecorr disagreed), support=None, peak=0.09384612739086151) 
hessian: Processing pair 13 from disk...
hessian: 0 match-sets in 0.00s
[Coarse] hessian pair 14: dE=-18039.9 m dN=-308.2 m (phasecorr@315m, support=None, peak=0.04961982255158601) 
hessian: Processing pair 14 from disk...
hessian: 16 match-sets in 1.63s
[Coarse] hessian pair 15: dE=-18033.6 m dN=-269.1 m (phasecorr@315m, support=None, peak=0.0587093012491862) 
hessian: Processing pair 15 from disk...
hessian: 15 match-sets in 1.56s
[Coarse] hessian pair 16: dE=-18059.5 m dN=-238.4 m (matcher@315m, support=12, peak=None) 
hessian: Processing pair 16 from disk...
hessian: 12 match-sets in 1.10s
[Coarse] hessian pair 17: dE=-17955.0 m dN=-384.5 m (matcher@315m, support=21, peak=None) 
hessian: Processing pair 17 from disk...
hessian: 12 match-sets in 1.09s
[Coarse] hessian pair 18: dE=-17693.0 m dN=-472.5 m (from-pair-25 (phasecorr disagreed), support=None, peak=0.06863816733713503) 
hessian: Processing pair 18 from disk...
hessian: 0 match-sets in 0.00s
[Coarse] hessian pair 19: dE=-17693.0 m dN=-472.5 m (from-pair-25 (phasecorr disagreed), support=None, peak=0.15104582491848204) 
hessian: Processing pair 19 from disk...
hessian: 0 match-sets in 0.00s
[Coarse] hessian pair 20: dE=-17693.0 m dN=-472.5 m (from-pair-19, support=None, peak=None) 
hessian: Processing pair 20 from disk...
hessian: 0 match-sets in 0.00s
[Coarse] hessian pair 21: dE=-17693.0 m dN=-472.5 m (from-pair-25 (phasecorr disagreed), support=None, peak=0.036990950946454645) 
hessian: Processing pair 21 from disk...
hessian: 0 match-sets in 0.00s
[Coarse] hessian pair 22: dE=-17640.0 m dN=-315.0 m (matcher@315m, support=17, peak=None) 
hessian: Processing pair 22 from disk...
hessian: 20 match-sets in 2.45s
[Coarse] hessian pair 23: dE=-17911.9 m dN=-326.6 m (phasecorr@315m, support=None, peak=0.12881409482955933) 
hessian: Processing pair 23 from disk...
hessian: 20 match-sets in 1.99s
[Coarse] hessian pair 24: dE=-17928.8 m dN=-415.6 m (phasecorr@315m, support=None, peak=0.035175936365127565) 
hessian: Processing pair 24 from disk...
hessian: 19 match-sets in 1.96s
[Coarse] hessian pair 25: dE=-17693.0 m dN=-472.5 m (matcher@315m, support=12, peak=None) 
hessian: Processing pair 25 from disk...
hessian: 19 match-sets in 2.35s
[Coarse] hessian pair 26: dE=-17640.0 m dN=-315.0 m (from-pair-27, support=None, peak=None) 
hessian: Processing pair 26 from disk...
hessian: 8 match-sets in 1.33s
[Coarse] hessian pair 27: dE=-17640.0 m dN=-315.0 m (from-pair-22 (phasecorr disagreed), support=None, peak=0.05064041456057702) 
hessian: Processing pair 27 from disk...
hessian: 8 match-sets in 1.03s
Saved:
 CHIP_STATS_ALL.csv
 CHIP_STATS_SURVIVORS.csv
 CONSENSUS_SCORES.csv
 BEST_CHIP_SET.csv
 BEST_CHIP_MANIFEST.csv
 BEST_FINAL_SUMMARY.csv
[band1] hessian ok in 0.7 min, peak GPU memory 1.6 of 39.4 GB
--------------------------------------------------------------------------------
[band1] Running loftr
LoFTR: Initializing model (outdoor weights, coarse threshold 0.2)...
[Coarse] pair 20: no reliable coarse offset (matcher: {'dx': -2323.765625, 'dy': -20245.578125, 'support': 3, 'n': 4, 'peak': None}; phasecorr: {'dx': -28903.23193639674, 'dy': -12953.216285335406, 'support': None, 'n': None, 'peak': 0.008737401829825507}); windows compared in place
[Coarse] pair 12: phase correlation gave dE=-1877 m dN=10017 m, 17.4 km from every offset the matcher measured; using pair 8's (dE=-19879 m dN=-19473 m)
[Coarse] pair 13: phase correlation gave dE=7584 m dN=8567 m, 15.0 km from every offset the matcher measured; using pair 8's (dE=-19879 m dN=-19473 m)
[Coarse] pair 18: phase correlation gave dE=744 m dN=-16615 m, 20.2 km from every offset the matcher measured; using pair 25's (dE=20639 m dN=-20634 m)
[Coarse] pair 19: phase correlation gave dE=11920 m dN=-17918 m, 9.1 km from every offset the matcher measured; using pair 25's (dE=20639 m dN=-20634 m)
[Coarse] pair 21: phase correlation gave dE=-11414 m dN=-17047 m, 8.8 km from every offset the matcher measured; using pair 25's (dE=20639 m dN=-20634 m)
[Coarse] WARNING: loftr: the pairs' coarse offsets differ by up to 41 km, more than one image moves from place to place. Pairs with a wrong offset match the wrong ground (the chip consensus drops them when they are few); if most pairs disagree, check the input's pixel size and window size.
[Coarse] loftr pair 1: dE=-20251.2 m dN=-18948.8 m (matcher@315m, support=24, peak=None) 
loftr: Processing pair 1 from disk...
loftr: 1 match-sets in 5.12s
[Coarse] loftr pair 2: dE=-20238.9 m dN=-19263.0 m (matcher@315m, support=18, peak=None) 
loftr: Processing pair 2 from disk...
loftr: 1 match-sets in 4.76s
[Coarse] loftr pair 3: dE=-20212.4 m dN=-19267.1 m (matcher@315m, support=15, peak=None) 
loftr: Processing pair 3 from disk...
loftr: 1 match-sets in 0.03s
[Coarse] loftr pair 4: dE=-16427.7 m dN=19785.6 m (matcher@315m, support=55, peak=None) 
loftr: Processing pair 4 from disk...
loftr: 1 match-sets in 4.72s
[Coarse] loftr pair 5: dE=-16399.4 m dN=20219.6 m (matcher@315m, support=39, peak=None) 
loftr: Processing pair 5 from disk...
loftr: 1 match-sets in 4.77s
[Coarse] loftr pair 6: dE=-16396.7 m dN=20049.9 m (matcher@315m, support=42, peak=None) 
loftr: Processing pair 6 from disk...
loftr: 1 match-sets in 2.38s
[Coarse] loftr pair 7: dE=-19835.1 m dN=-19619.2 m (matcher@315m, support=120, peak=None) 
loftr: Processing pair 7 from disk...
loftr: 4 match-sets in 16.73s
[Coarse] loftr pair 8: dE=-19879.5 m dN=-19472.6 m (matcher@315m, support=110, peak=None) 
loftr: Processing pair 8 from disk...
loftr: 4 match-sets in 7.20s
[Coarse] loftr pair 9: dE=-20170.3 m dN=-19542.2 m (matcher@315m, support=125, peak=None) 
loftr: Processing pair 9 from disk...
loftr: 4 match-sets in 0.14s
[Coarse] loftr pair 10: dE=-16390.7 m dN=20119.5 m (matcher@315m, support=105, peak=None) 
loftr: Processing pair 10 from disk...
loftr: 2 match-sets in 2.26s
[Coarse] loftr pair 11: dE=-16086.0 m dN=20107.8 m (matcher@315m, support=128, peak=None) 
loftr: Processing pair 11 from disk...
loftr: 2 match-sets in 2.39s
[Coarse] loftr pair 12: dE=-19879.5 m dN=-19472.6 m (from-pair-8 (phasecorr disagreed), support=None, peak=0.1047012765466431) 
loftr: Processing pair 12 from disk...
loftr: 0 match-sets in 0.00s
[Coarse] loftr pair 13: dE=-19879.5 m dN=-19472.6 m (from-pair-8 (phasecorr disagreed), support=None, peak=0.09384612739086151) 
loftr: Processing pair 13 from disk...
loftr: 0 match-sets in 0.00s
[Coarse] loftr pair 14: dE=-20226.6 m dN=-19174.9 m (matcher@315m, support=112, peak=None) 
loftr: Processing pair 14 from disk...
loftr: 4 match-sets in 9.54s
[Coarse] loftr pair 15: dE=-20125.4 m dN=-19213.0 m (matcher@315m, support=107, peak=None) 
loftr: Processing pair 15 from disk...
loftr: 4 match-sets in 0.15s
[Coarse] loftr pair 16: dE=-16042.6 m dN=20112.9 m (matcher@315m, support=65, peak=None) 
loftr: Processing pair 16 from disk...
loftr: 2 match-sets in 0.07s
[Coarse] loftr pair 17: dE=-15999.7 m dN=20145.6 m (matcher@315m, support=80, peak=None) 
loftr: Processing pair 17 from disk...
loftr: 2 match-sets in 0.07s
[Coarse] loftr pair 18: dE=20639.0 m dN=-20634.4 m (from-pair-25 (phasecorr disagreed), support=None, peak=0.06863816733713503) 
loftr: Processing pair 18 from disk...
loftr: 0 match-sets in 0.00s
[Coarse] loftr pair 19: dE=20639.0 m dN=-20634.4 m (from-pair-25 (phasecorr disagreed), support=None, peak=0.15104582491848204) 
loftr: Processing pair 19 from disk...
loftr: 0 match-sets in 0.00s
[Coarse] loftr pair 20: dE=20639.0 m dN=-20634.4 m (from-pair-19, support=None, peak=None) 
loftr: Processing pair 20 from disk...
loftr: 0 match-sets in 0.00s
[Coarse] loftr pair 21: dE=20639.0 m dN=-20634.4 m (from-pair-25 (phasecorr disagreed), support=None, peak=0.036990950946454645) 
loftr: Processing pair 21 from disk...
loftr: 0 match-sets in 0.00s
[Coarse] loftr pair 22: dE=20671.0 m dN=-20566.1 m (matcher@315m, support=26, peak=None) 
loftr: Processing pair 22 from disk...
loftr: 4 match-sets in 9.34s
[Coarse] loftr pair 23: dE=20561.1 m dN=-20655.8 m (matcher@315m, support=23, peak=None) 
loftr: Processing pair 23 from disk...
loftr: 4 match-sets in 2.38s
[Coarse] loftr pair 24: dE=20739.0 m dN=-20652.4 m (matcher@315m, support=28, peak=None) 
loftr: Processing pair 24 from disk...
loftr: 4 match-sets in 0.14s
[Coarse] loftr pair 25: dE=20639.0 m dN=-20634.4 m (matcher@315m, support=22, peak=None) 
loftr: Processing pair 25 from disk...
loftr: 4 match-sets in 0.13s
[Coarse] loftr pair 26: dE=20547.6 m dN=16190.8 m (matcher@315m, support=46, peak=None) 
loftr: Processing pair 26 from disk...
loftr: 2 match-sets in 4.56s
[Coarse] loftr pair 27: dE=20680.5 m dN=16084.8 m (matcher@315m, support=26, peak=None) 
loftr: Processing pair 27 from disk...
loftr: 2 match-sets in 4.78s
Saved:
 CHIP_STATS_ALL.csv
 CHIP_STATS_SURVIVORS.csv
 CONSENSUS_SCORES.csv
 BEST_CHIP_SET.csv
 BEST_CHIP_MANIFEST.csv
 BEST_FINAL_SUMMARY.csv
[band1] loftr ok in 2.7 min, peak GPU memory 32.7 of 39.4 GB
--------------------------------------------------------------------------------
[band1] Running loftr-windoor
LoFTR: Initializing model (indoor weights, coarse threshold 0.2)...
[band1] loftr-windoor SKIPPED -- model not available (see message above)
[band1] loftr-windoor failed in 0.0 min, peak GPU memory 0.0 of 39.4 GB
--------------------------------------------------------------------------------
[band1] Running loftr-windoornew
LoFTR: Initializing model (indoor_new weights, coarse threshold 0.2)...
[band1] loftr-windoornew SKIPPED -- model not available (see message above)
[band1] loftr-windoornew failed in 0.0 min, peak GPU memory 0.0 of 39.4 GB
--------------------------------------------------------------------------------
[band1] Running imw-sp-lg-kt0p2
[imw-sp-lg] Loading model...
Loaded SuperPoint model
[imw-sp-lg-kt0p2] warm-up on a synthetic pair failed (IndexError: max(): Expected reduction dim 1 to have non-zero size.) -- carrying on with the real windows
[Coarse] pair 3: no reliable coarse offset (matcher: no matches; phasecorr: {'dx': -16147.443677524008, 'dy': -26751.975000537102, 'support': None, 'n': None, 'peak': 0.00032880983234923565}); windows compared in place
[Coarse] pair 4: no reliable coarse offset (matcher: no matches; phasecorr: {'dx': 12882.472481301173, 'dy': 92621.70938170607, 'support': None, 'n': None, 'peak': -0.00012715039429841217}); windows compared in place
[Coarse] pair 5: no reliable coarse offset (matcher: no matches; phasecorr: {'dx': 3156.3479216096807, 'dy': 18300.67805989782, 'support': None, 'n': None, 'peak': 0.020832994549224774}); windows compared in place
[Coarse] pair 6: no reliable coarse offset (matcher: no matches; phasecorr: {'dx': -15852.800158210905, 'dy': 18737.59796077822, 'support': None, 'n': None, 'peak': -0.0027571213742097218}); windows compared in place
[Coarse] pair 7: no reliable coarse offset (matcher: no matches; phasecorr: {'dx': -17660.72648465004, 'dy': -478.5174601560547, 'support': None, 'n': None, 'peak': 0.0218074359204816}); windows compared in place
[Coarse] pair 8: no reliable coarse offset (matcher: no matches; phasecorr: {'dx': -18002.059573769864, 'dy': -489.60497923140906, 'support': None, 'n': None, 'peak': 0.011968647486368816}); windows compared in place
[Coarse] pair 11: no reliable coarse offset (matcher: no matches; phasecorr: {'dx': -18107.733154651494, 'dy': -332.5590928480355, 'support': None, 'n': None, 'peak': 0.020898853179031604}); windows compared in place
[Coarse] pair 20: no reliable coarse offset (matcher: IndexError: max(): Expected reduction dim 1 to have non-zero size.; phasecorr: {'dx': -28903.23193639674, 'dy': -12953.216285335406, 'support': None, 'n': None, 'peak': 0.008737401829825507}); windows compared in place
[Coarse] pair 26: no reliable coarse offset (matcher: no matches; phasecorr: {'dx': -96306.08142606622, 'dy': -17142.367293993742, 'support': None, 'n': None, 'peak': 0.02253384519977334}); windows compared in place
[Coarse] pair 2: phase correlation gave dE=-8934 m dN=5487 m, 10.6 km from every offset the matcher measured; using pair 14's (dE=-17955 m dN=0 m)
[Coarse] pair 10: phase correlation gave dE=43169 m dN=-4147 m, 61.2 km from every offset the matcher measured; using pair 14's (dE=-17955 m dN=0 m)
[Coarse] pair 12: phase correlation gave dE=-1877 m dN=10017 m, 18.9 km from every offset the matcher measured; using pair 14's (dE=-17955 m dN=0 m)
[Coarse] pair 13: phase correlation gave dE=7584 m dN=8567 m, 26.9 km from every offset the matcher measured; using pair 14's (dE=-17955 m dN=0 m)
[Coarse] pair 18: phase correlation gave dE=744 m dN=-16615 m, 24.8 km from every offset the matcher measured; using pair 22's (dE=-17955 m dN=-315 m)
[Coarse] pair 19: phase correlation gave dE=11920 m dN=-17918 m, 34.7 km from every offset the matcher measured; using pair 22's (dE=-17955 m dN=-315 m)
[Coarse] pair 21: phase correlation gave dE=-11414 m dN=-17047 m, 18.0 km from every offset the matcher measured; using pair 22's (dE=-17955 m dN=-315 m)
[Coarse] pair 27: phase correlation gave dE=-97898 m dN=-6012 m, 80.1 km from every offset the matcher measured; using pair 22's (dE=-17955 m dN=-315 m)
[Coarse] imw-sp-lg-kt0p2 pair 1: dE=-18062.2 m dN=-904.8 m (phasecorr@315m, support=None, peak=0.03257782713572184) 
imw-sp-lg-kt0p2: Processing pair 1 from disk...
imw-sp-lg-kt0p2: 0 match-sets in 0.12s
[Coarse] imw-sp-lg-kt0p2 pair 2: dE=-17955.0 m dN=0.0 m (from-pair-14 (phasecorr disagreed), support=None, peak=0.03413578109976686) 
imw-sp-lg-kt0p2: Processing pair 2 from disk...
imw-sp-lg-kt0p2: 1 match-sets in 0.07s
[Coarse] imw-sp-lg-kt0p2 pair 3: dE=-18062.2 m dN=-904.8 m (from-pair-1, support=None, peak=None) 
imw-sp-lg-kt0p2: Processing pair 3 from disk...
imw-sp-lg-kt0p2: 0 match-sets in 0.06s
[Coarse] imw-sp-lg-kt0p2 pair 4: dE=-17955.0 m dN=0.0 m (from-pair-2, support=None, peak=None) 
imw-sp-lg-kt0p2: Processing pair 4 from disk...
imw-sp-lg-kt0p2: 1 match-sets in 0.49s
[Coarse] imw-sp-lg-kt0p2 pair 5: dE=-17955.0 m dN=0.0 m (from-pair-2, support=None, peak=None) 
imw-sp-lg-kt0p2: Processing pair 5 from disk...
imw-sp-lg-kt0p2: 0 match-sets in 0.27s
[Coarse] imw-sp-lg-kt0p2 pair 6: dE=-17955.0 m dN=0.0 m (from-pair-2, support=None, peak=None) 
imw-sp-lg-kt0p2: Processing pair 6 from disk...
imw-sp-lg-kt0p2: 1 match-sets in 0.08s
[Coarse] imw-sp-lg-kt0p2 pair 7: dE=-17790.5 m dN=-428.0 m (from-pair-9, support=None, peak=None) 
imw-sp-lg-kt0p2: Processing pair 7 from disk...
imw-sp-lg-kt0p2: 2 match-sets in 1.84s
[Coarse] imw-sp-lg-kt0p2 pair 8: dE=-17790.5 m dN=-428.0 m (from-pair-9, support=None, peak=None) 
imw-sp-lg-kt0p2: Processing pair 8 from disk...
imw-sp-lg-kt0p2: 1 match-sets in 0.74s
[Coarse] imw-sp-lg-kt0p2 pair 9: dE=-17790.5 m dN=-428.0 m (phasecorr@315m, support=None, peak=0.031066529352914596) 
imw-sp-lg-kt0p2: Processing pair 9 from disk...
imw-sp-lg-kt0p2: 2 match-sets in 0.63s
[Coarse] imw-sp-lg-kt0p2 pair 10: dE=-17955.0 m dN=0.0 m (from-pair-14 (phasecorr disagreed), support=None, peak=0.04791493653487985) 
imw-sp-lg-kt0p2: Processing pair 10 from disk...
imw-sp-lg-kt0p2: 1 match-sets in 1.06s
[Coarse] imw-sp-lg-kt0p2 pair 11: dE=-17955.0 m dN=0.0 m (from-pair-10, support=None, peak=None) 
imw-sp-lg-kt0p2: Processing pair 11 from disk...
imw-sp-lg-kt0p2: 1 match-sets in 0.18s
[Coarse] imw-sp-lg-kt0p2 pair 12: dE=-17955.0 m dN=0.0 m (from-pair-14 (phasecorr disagreed), support=None, peak=0.1047012765466431) 
imw-sp-lg-kt0p2: Processing pair 12 from disk...
imw-sp-lg-kt0p2: 0 match-sets in 0.00s
[Coarse] imw-sp-lg-kt0p2 pair 13: dE=-17955.0 m dN=0.0 m (from-pair-14 (phasecorr disagreed), support=None, peak=0.09384612739086151) 
imw-sp-lg-kt0p2: Processing pair 13 from disk...
imw-sp-lg-kt0p2: 0 match-sets in 0.00s
[Coarse] imw-sp-lg-kt0p2 pair 14: dE=-17955.0 m dN=0.0 m (matcher@315m, support=9, peak=None) 
imw-sp-lg-kt0p2: Processing pair 14 from disk...
imw-sp-lg-kt0p2: 1 match-sets in 0.75s
[Coarse] imw-sp-lg-kt0p2 pair 15: dE=-17955.0 m dN=-315.0 m (matcher@315m, support=8, peak=None) 
imw-sp-lg-kt0p2: Processing pair 15 from disk...
imw-sp-lg-kt0p2: 2 match-sets in 0.23s
[Coarse] imw-sp-lg-kt0p2 pair 16: dE=-17955.0 m dN=0.0 m (matcher@315m, support=10, peak=None) 
imw-sp-lg-kt0p2: Processing pair 16 from disk...
imw-sp-lg-kt0p2: 2 match-sets in 0.21s
[Coarse] imw-sp-lg-kt0p2 pair 17: dE=-17955.0 m dN=-315.0 m (matcher@315m, support=14, peak=None) 
imw-sp-lg-kt0p2: Processing pair 17 from disk...
imw-sp-lg-kt0p2: 2 match-sets in 0.21s
[Coarse] imw-sp-lg-kt0p2 pair 18: dE=-17955.0 m dN=-315.0 m (from-pair-22 (phasecorr disagreed), support=None, peak=0.06863816733713503) 
imw-sp-lg-kt0p2: Processing pair 18 from disk...
imw-sp-lg-kt0p2: 0 match-sets in 0.00s
[Coarse] imw-sp-lg-kt0p2 pair 19: dE=-17955.0 m dN=-315.0 m (from-pair-22 (phasecorr disagreed), support=None, peak=0.15104582491848204) 
imw-sp-lg-kt0p2: Processing pair 19 from disk...
imw-sp-lg-kt0p2: 0 match-sets in 0.00s
[Coarse] imw-sp-lg-kt0p2 pair 20: dE=-17955.0 m dN=-315.0 m (from-pair-19, support=None, peak=None) 
imw-sp-lg-kt0p2: Processing pair 20 from disk...
imw-sp-lg-kt0p2: 0 match-sets in 0.00s
[Coarse] imw-sp-lg-kt0p2 pair 21: dE=-17955.0 m dN=-315.0 m (from-pair-22 (phasecorr disagreed), support=None, peak=0.036990950946454645) 
imw-sp-lg-kt0p2: Processing pair 21 from disk...
imw-sp-lg-kt0p2: 0 match-sets in 0.00s
[Coarse] imw-sp-lg-kt0p2 pair 22: dE=-17955.0 m dN=-315.0 m (matcher@315m, support=9, peak=None) 
imw-sp-lg-kt0p2: Processing pair 22 from disk...
imw-sp-lg-kt0p2: 1 match-sets in 0.43s
[Coarse] imw-sp-lg-kt0p2 pair 23: dE=-17911.9 m dN=-326.6 m (phasecorr@315m, support=None, peak=0.12881409482955933) 
imw-sp-lg-kt0p2: Processing pair 23 from disk...
imw-sp-lg-kt0p2: 0 match-sets in 0.23s
[Coarse] imw-sp-lg-kt0p2 pair 24: dE=-17928.8 m dN=-415.6 m (phasecorr@315m, support=None, peak=0.035175936365127565) 
imw-sp-lg-kt0p2: Processing pair 24 from disk...
imw-sp-lg-kt0p2: 1 match-sets in 0.25s
[Coarse] imw-sp-lg-kt0p2 pair 25: dE=-17844.2 m dN=-348.0 m (phasecorr@315m, support=None, peak=0.15328786741892497) 
imw-sp-lg-kt0p2: Processing pair 25 from disk...
imw-sp-lg-kt0p2: 1 match-sets in 0.24s
[Coarse] imw-sp-lg-kt0p2 pair 26: dE=-17955.0 m dN=-315.0 m (from-pair-27, support=None, peak=None) 
imw-sp-lg-kt0p2: Processing pair 26 from disk...
imw-sp-lg-kt0p2: 0 match-sets in 0.19s
[Coarse] imw-sp-lg-kt0p2 pair 27: dE=-17955.0 m dN=-315.0 m (from-pair-22 (phasecorr disagreed), support=None, peak=0.05064041456057702) 
imw-sp-lg-kt0p2: Processing pair 27 from disk...
imw-sp-lg-kt0p2: 0 match-sets in 0.14s
Saved:
 CHIP_STATS_ALL.csv
 CHIP_STATS_SURVIVORS.csv
 CONSENSUS_SCORES.csv
 BEST_CHIP_SET.csv
 BEST_CHIP_MANIFEST.csv
 BEST_FINAL_SUMMARY.csv
[band1] imw-sp-lg-kt0p2 ok in 0.4 min, peak GPU memory 8.5 of 39.4 GB
[imw-sp-lg] Model unloaded.
--------------------------------------------------------------------------------
[band1] Running imw-aliked-lg-kt0p2
[imw-aliked-lg] Loading model...
[Coarse] pair 3: no reliable coarse offset (matcher: no matches; phasecorr: {'dx': -16147.443677524008, 'dy': -26751.975000537102, 'support': None, 'n': None, 'peak': 0.00032880983234923565}); windows compared in place
[Coarse] pair 4: no reliable coarse offset (matcher: no matches; phasecorr: {'dx': 12882.472481301173, 'dy': 92621.70938170607, 'support': None, 'n': None, 'peak': -0.00012715039429841217}); windows compared in place
[Coarse] pair 5: no reliable coarse offset (matcher: no matches; phasecorr: {'dx': 3156.3479216096807, 'dy': 18300.67805989782, 'support': None, 'n': None, 'peak': 0.020832994549224774}); windows compared in place
[Coarse] pair 6: no reliable coarse offset (matcher: no matches; phasecorr: {'dx': -15852.800158210905, 'dy': 18737.59796077822, 'support': None, 'n': None, 'peak': -0.0027571213742097218}); windows compared in place
[Coarse] pair 11: no reliable coarse offset (matcher: no matches; phasecorr: {'dx': -18107.733154651494, 'dy': -332.5590928480355, 'support': None, 'n': None, 'peak': 0.020898853179031604}); windows compared in place
[Coarse] pair 20: no reliable coarse offset (matcher: no matches; phasecorr: {'dx': -28903.23193639674, 'dy': -12953.216285335406, 'support': None, 'n': None, 'peak': 0.008737401829825507}); windows compared in place
[Coarse] pair 26: no reliable coarse offset (matcher: no matches; phasecorr: {'dx': -96306.08142606622, 'dy': -17142.367293993742, 'support': None, 'n': None, 'peak': 0.02253384519977334}); windows compared in place
[Coarse] pair 2: phase correlation gave dE=-8934 m dN=5487 m, 10.6 km from every offset the matcher measured; using pair 9's (dE=-17951 m dN=-446 m)
[Coarse] pair 10: phase correlation gave dE=43169 m dN=-4147 m, 61.1 km from every offset the matcher measured; using pair 8's (dE=-17795 m dN=-403 m)
[Coarse] pair 12: phase correlation gave dE=-1877 m dN=10017 m, 19.0 km from every offset the matcher measured; using pair 8's (dE=-17795 m dN=-403 m)
[Coarse] pair 13: phase correlation gave dE=7584 m dN=8567 m, 26.9 km from every offset the matcher measured; using pair 8's (dE=-17795 m dN=-403 m)
[Coarse] pair 18: phase correlation gave dE=744 m dN=-16615 m, 24.6 km from every offset the matcher measured; using pair 25's (dE=-17818 m dN=-323 m)
[Coarse] pair 19: phase correlation gave dE=11920 m dN=-17918 m, 34.5 km from every offset the matcher measured; using pair 25's (dE=-17818 m dN=-323 m)
[Coarse] pair 21: phase correlation gave dE=-11414 m dN=-17047 m, 17.8 km from every offset the matcher measured; using pair 25's (dE=-17818 m dN=-323 m)
[Coarse] pair 27: phase correlation gave dE=-97898 m dN=-6012 m, 80.1 km from every offset the matcher measured; using pair 23's (dE=-17849 m dN=-271 m)
[Coarse] imw-aliked-lg-kt0p2 pair 1: dE=-18062.2 m dN=-904.8 m (phasecorr@315m, support=None, peak=0.03257782713572184) 
imw-aliked-lg-kt0p2: Processing pair 1 from disk...
imw-aliked-lg-kt0p2: 1 match-sets in 0.18s
[Coarse] imw-aliked-lg-kt0p2 pair 2: dE=-17951.5 m dN=-445.8 m (from-pair-9 (phasecorr disagreed), support=None, peak=0.03413578109976686) 
imw-aliked-lg-kt0p2: Processing pair 2 from disk...
imw-aliked-lg-kt0p2: 0 match-sets in 0.08s
[Coarse] imw-aliked-lg-kt0p2 pair 3: dE=-18062.2 m dN=-904.8 m (from-pair-1, support=None, peak=None) 
imw-aliked-lg-kt0p2: Processing pair 3 from disk...
imw-aliked-lg-kt0p2: 0 match-sets in 0.07s
[Coarse] imw-aliked-lg-kt0p2 pair 4: dE=-17951.5 m dN=-445.8 m (from-pair-2, support=None, peak=None) 
imw-aliked-lg-kt0p2: Processing pair 4 from disk...
imw-aliked-lg-kt0p2: 0 match-sets in 0.27s
[Coarse] imw-aliked-lg-kt0p2 pair 5: dE=-17951.5 m dN=-445.8 m (from-pair-2, support=None, peak=None) 
imw-aliked-lg-kt0p2: Processing pair 5 from disk...
imw-aliked-lg-kt0p2: 0 match-sets in 0.17s
[Coarse] imw-aliked-lg-kt0p2 pair 6: dE=-17951.5 m dN=-445.8 m (from-pair-2, support=None, peak=None) 
imw-aliked-lg-kt0p2: Processing pair 6 from disk...
imw-aliked-lg-kt0p2: 0 match-sets in 0.09s
[Coarse] imw-aliked-lg-kt0p2 pair 7: dE=-17924.0 m dN=-474.0 m (matcher@315m, support=121, peak=None) 
imw-aliked-lg-kt0p2: Processing pair 7 from disk...
imw-aliked-lg-kt0p2: 2 match-sets in 0.85s
[Coarse] imw-aliked-lg-kt0p2 pair 8: dE=-17794.6 m dN=-402.7 m (matcher@315m, support=24, peak=None) 
imw-aliked-lg-kt0p2: Processing pair 8 from disk...
imw-aliked-lg-kt0p2: 1 match-sets in 0.46s
[Coarse] imw-aliked-lg-kt0p2 pair 9: dE=-17951.5 m dN=-445.8 m (matcher@315m, support=163, peak=None) 
imw-aliked-lg-kt0p2: Processing pair 9 from disk...
imw-aliked-lg-kt0p2: 2 match-sets in 0.31s
[Coarse] imw-aliked-lg-kt0p2 pair 10: dE=-17794.6 m dN=-402.7 m (from-pair-8 (phasecorr disagreed), support=None, peak=0.04791493653487985) 
imw-aliked-lg-kt0p2: Processing pair 10 from disk...
imw-aliked-lg-kt0p2: 1 match-sets in 0.56s
[Coarse] imw-aliked-lg-kt0p2 pair 11: dE=-17794.6 m dN=-402.7 m (from-pair-10, support=None, peak=None) 
imw-aliked-lg-kt0p2: Processing pair 11 from disk...
imw-aliked-lg-kt0p2: 2 match-sets in 0.29s
[Coarse] imw-aliked-lg-kt0p2 pair 12: dE=-17794.6 m dN=-402.7 m (from-pair-8 (phasecorr disagreed), support=None, peak=0.1047012765466431) 
imw-aliked-lg-kt0p2: Processing pair 12 from disk...
imw-aliked-lg-kt0p2: 0 match-sets in 0.00s
[Coarse] imw-aliked-lg-kt0p2 pair 13: dE=-17794.6 m dN=-402.7 m (from-pair-8 (phasecorr disagreed), support=None, peak=0.09384612739086151) 
imw-aliked-lg-kt0p2: Processing pair 13 from disk...
imw-aliked-lg-kt0p2: 0 match-sets in 0.00s
[Coarse] imw-aliked-lg-kt0p2 pair 14: dE=-17899.0 m dN=-219.2 m (matcher@315m, support=643, peak=None) 
imw-aliked-lg-kt0p2: Processing pair 14 from disk...
imw-aliked-lg-kt0p2: 1 match-sets in 0.60s
[Coarse] imw-aliked-lg-kt0p2 pair 15: dE=-17926.9 m dN=-241.7 m (matcher@315m, support=740, peak=None) 
imw-aliked-lg-kt0p2: Processing pair 15 from disk...
imw-aliked-lg-kt0p2: 2 match-sets in 0.37s
[Coarse] imw-aliked-lg-kt0p2 pair 16: dE=-17957.4 m dN=-199.5 m (matcher@315m, support=341, peak=None) 
imw-aliked-lg-kt0p2: Processing pair 16 from disk...
imw-aliked-lg-kt0p2: 2 match-sets in 0.31s
[Coarse] imw-aliked-lg-kt0p2 pair 17: dE=-17979.1 m dN=-223.4 m (matcher@315m, support=380, peak=None) 
imw-aliked-lg-kt0p2: Processing pair 17 from disk...
imw-aliked-lg-kt0p2: 2 match-sets in 0.27s
[Coarse] imw-aliked-lg-kt0p2 pair 18: dE=-17817.9 m dN=-322.9 m (from-pair-25 (phasecorr disagreed), support=None, peak=0.06863816733713503) 
imw-aliked-lg-kt0p2: Processing pair 18 from disk...
imw-aliked-lg-kt0p2: 0 match-sets in 0.00s
[Coarse] imw-aliked-lg-kt0p2 pair 19: dE=-17817.9 m dN=-322.9 m (from-pair-25 (phasecorr disagreed), support=None, peak=0.15104582491848204) 
imw-aliked-lg-kt0p2: Processing pair 19 from disk...
imw-aliked-lg-kt0p2: 0 match-sets in 0.00s
[Coarse] imw-aliked-lg-kt0p2 pair 20: dE=-17817.9 m dN=-322.9 m (from-pair-19, support=None, peak=None) 
imw-aliked-lg-kt0p2: Processing pair 20 from disk...
imw-aliked-lg-kt0p2: 0 match-sets in 0.00s
[Coarse] imw-aliked-lg-kt0p2 pair 21: dE=-17817.9 m dN=-322.9 m (from-pair-25 (phasecorr disagreed), support=None, peak=0.036990950946454645) 
imw-aliked-lg-kt0p2: Processing pair 21 from disk...
imw-aliked-lg-kt0p2: 0 match-sets in 0.00s
[Coarse] imw-aliked-lg-kt0p2 pair 22: dE=-17854.9 m dN=-293.8 m (matcher@315m, support=202, peak=None) 
imw-aliked-lg-kt0p2: Processing pair 22 from disk...
imw-aliked-lg-kt0p2: 1 match-sets in 0.71s
[Coarse] imw-aliked-lg-kt0p2 pair 23: dE=-17849.0 m dN=-270.9 m (matcher@315m, support=194, peak=None) 
imw-aliked-lg-kt0p2: Processing pair 23 from disk...
imw-aliked-lg-kt0p2: 3 match-sets in 0.35s
[Coarse] imw-aliked-lg-kt0p2 pair 24: dE=-17810.2 m dN=-253.0 m (matcher@315m, support=160, peak=None) 
imw-aliked-lg-kt0p2: Processing pair 24 from disk...
imw-aliked-lg-kt0p2: 1 match-sets in 0.34s
[Coarse] imw-aliked-lg-kt0p2 pair 25: dE=-17817.9 m dN=-322.9 m (matcher@315m, support=204, peak=None) 
imw-aliked-lg-kt0p2: Processing pair 25 from disk...
imw-aliked-lg-kt0p2: 3 match-sets in 0.37s
[Coarse] imw-aliked-lg-kt0p2 pair 26: dE=-17849.0 m dN=-270.9 m (from-pair-27, support=None, peak=None) 
imw-aliked-lg-kt0p2: Processing pair 26 from disk...
imw-aliked-lg-kt0p2: 0 match-sets in 0.28s
[Coarse] imw-aliked-lg-kt0p2 pair 27: dE=-17849.0 m dN=-270.9 m (from-pair-23 (phasecorr disagreed), support=None, peak=0.05064041456057702) 
imw-aliked-lg-kt0p2: Processing pair 27 from disk...
imw-aliked-lg-kt0p2: 0 match-sets in 0.19s
Saved:
 CHIP_STATS_ALL.csv
 CHIP_STATS_SURVIVORS.csv
 CONSENSUS_SCORES.csv
 BEST_CHIP_SET.csv
 BEST_CHIP_MANIFEST.csv
 BEST_FINAL_SUMMARY.csv
[band1] imw-aliked-lg-kt0p2 ok in 0.3 min, peak GPU memory 2.2 of 39.4 GB
[imw-aliked-lg] Model unloaded.
--------------------------------------------------------------------------------
[band1] Running imw-sp-sg-kt0p2
[imw-sp-sg] Loading model...
Loaded SuperPoint model
[Coarse] pair 3: no reliable coarse offset (matcher: no matches; phasecorr: {'dx': -16147.443677524008, 'dy': -26751.975000537102, 'support': None, 'n': None, 'peak': 0.00032880983234923565}); windows compared in place
[Coarse] pair 4: no reliable coarse offset (matcher: no matches; phasecorr: {'dx': 12882.472481301173, 'dy': 92621.70938170607, 'support': None, 'n': None, 'peak': -0.00012715039429841217}); windows compared in place
[Coarse] pair 5: no reliable coarse offset (matcher: no matches; phasecorr: {'dx': 3156.3479216096807, 'dy': 18300.67805989782, 'support': None, 'n': None, 'peak': 0.020832994549224774}); windows compared in place
[Coarse] pair 6: no reliable coarse offset (matcher: no matches; phasecorr: {'dx': -15852.800158210905, 'dy': 18737.59796077822, 'support': None, 'n': None, 'peak': -0.0027571213742097218}); windows compared in place
[Coarse] pair 7: no reliable coarse offset (matcher: no matches; phasecorr: {'dx': -17660.72648465004, 'dy': -478.5174601560547, 'support': None, 'n': None, 'peak': 0.0218074359204816}); windows compared in place
[Coarse] pair 8: no reliable coarse offset (matcher: no matches; phasecorr: {'dx': -18002.059573769864, 'dy': -489.60497923140906, 'support': None, 'n': None, 'peak': 0.011968647486368816}); windows compared in place
[Coarse] pair 11: no reliable coarse offset (matcher: no matches; phasecorr: {'dx': -18107.733154651494, 'dy': -332.5590928480355, 'support': None, 'n': None, 'peak': 0.020898853179031604}); windows compared in place
[Coarse] pair 20: no reliable coarse offset (matcher: no matches; phasecorr: {'dx': -28903.23193639674, 'dy': -12953.216285335406, 'support': None, 'n': None, 'peak': 0.008737401829825507}); windows compared in place
[Coarse] pair 26: no reliable coarse offset (matcher: no matches; phasecorr: {'dx': -96306.08142606622, 'dy': -17142.367293993742, 'support': None, 'n': None, 'peak': 0.02253384519977334}); windows compared in place
[Coarse] pair 2: phase correlation gave dE=-8934 m dN=5487 m, 10.6 km from every offset the matcher measured; using pair 14's (dE=-17955 m dN=0 m)
[Coarse] pair 10: phase correlation gave dE=43169 m dN=-4147 m, 61.1 km from every offset the matcher measured; using pair 14's (dE=-17955 m dN=0 m)
[Coarse] pair 12: phase correlation gave dE=-1877 m dN=10017 m, 18.9 km from every offset the matcher measured; using pair 14's (dE=-17955 m dN=0 m)
[Coarse] pair 13: phase correlation gave dE=7584 m dN=8567 m, 26.9 km from every offset the matcher measured; using pair 14's (dE=-17955 m dN=0 m)
[Coarse] pair 18: phase correlation gave dE=744 m dN=-16615 m, 24.7 km from every offset the matcher measured; using pair 25's (dE=-17798 m dN=-315 m)
[Coarse] pair 19: phase correlation gave dE=11920 m dN=-17918 m, 34.5 km from every offset the matcher measured; using pair 25's (dE=-17798 m dN=-315 m)
[Coarse] pair 21: phase correlation gave dE=-11414 m dN=-17047 m, 17.9 km from every offset the matcher measured; using pair 25's (dE=-17798 m dN=-315 m)
[Coarse] pair 27: phase correlation gave dE=-97898 m dN=-6012 m, 80.1 km from every offset the matcher measured; using pair 22's (dE=-17955 m dN=-315 m)
[Coarse] imw-sp-sg-kt0p2 pair 1: dE=-18062.2 m dN=-904.8 m (phasecorr@315m, support=None, peak=0.03257782713572184) 
imw-sp-sg-kt0p2: Processing pair 1 from disk...
imw-sp-sg-kt0p2: 0 match-sets in 0.14s
[Coarse] imw-sp-sg-kt0p2 pair 2: dE=-17955.0 m dN=0.0 m (from-pair-14 (phasecorr disagreed), support=None, peak=0.03413578109976686) 
imw-sp-sg-kt0p2: Processing pair 2 from disk...
imw-sp-sg-kt0p2: 0 match-sets in 0.08s
[Coarse] imw-sp-sg-kt0p2 pair 3: dE=-18062.2 m dN=-904.8 m (from-pair-1, support=None, peak=None) 
imw-sp-sg-kt0p2: Processing pair 3 from disk...
imw-sp-sg-kt0p2: 1 match-sets in 0.08s
[Coarse] imw-sp-sg-kt0p2 pair 4: dE=-17955.0 m dN=0.0 m (from-pair-2, support=None, peak=None) 
imw-sp-sg-kt0p2: Processing pair 4 from disk...
imw-sp-sg-kt0p2: 1 match-sets in 0.13s
[Coarse] imw-sp-sg-kt0p2 pair 5: dE=-17955.0 m dN=0.0 m (from-pair-2, support=None, peak=None) 
imw-sp-sg-kt0p2: Processing pair 5 from disk...
imw-sp-sg-kt0p2: 1 match-sets in 0.13s
[Coarse] imw-sp-sg-kt0p2 pair 6: dE=-17955.0 m dN=0.0 m (from-pair-2, support=None, peak=None) 
imw-sp-sg-kt0p2: Processing pair 6 from disk...
imw-sp-sg-kt0p2: 1 match-sets in 0.10s
[Coarse] imw-sp-sg-kt0p2 pair 7: dE=-17790.5 m dN=-428.0 m (from-pair-9, support=None, peak=None) 
imw-sp-sg-kt0p2: Processing pair 7 from disk...
imw-sp-sg-kt0p2: 1 match-sets in 2.96s
[Coarse] imw-sp-sg-kt0p2 pair 8: dE=-17790.5 m dN=-428.0 m (from-pair-9, support=None, peak=None) 
imw-sp-sg-kt0p2: Processing pair 8 from disk...
imw-sp-sg-kt0p2: 2 match-sets in 1.27s
[Coarse] imw-sp-sg-kt0p2 pair 9: dE=-17790.5 m dN=-428.0 m (phasecorr@315m, support=None, peak=0.031066529352914596) 
imw-sp-sg-kt0p2: Processing pair 9 from disk...
imw-sp-sg-kt0p2: 1 match-sets in 0.60s
[Coarse] imw-sp-sg-kt0p2 pair 10: dE=-17955.0 m dN=0.0 m (from-pair-14 (phasecorr disagreed), support=None, peak=0.04791493653487985) 
imw-sp-sg-kt0p2: Processing pair 10 from disk...
imw-sp-sg-kt0p2: 2 match-sets in 0.80s
[Coarse] imw-sp-sg-kt0p2 pair 11: dE=-17955.0 m dN=0.0 m (from-pair-10, support=None, peak=None) 
imw-sp-sg-kt0p2: Processing pair 11 from disk...
imw-sp-sg-kt0p2: 1 match-sets in 0.30s
[Coarse] imw-sp-sg-kt0p2 pair 12: dE=-17955.0 m dN=0.0 m (from-pair-14 (phasecorr disagreed), support=None, peak=0.1047012765466431) 
imw-sp-sg-kt0p2: Processing pair 12 from disk...
imw-sp-sg-kt0p2: 0 match-sets in 0.00s
[Coarse] imw-sp-sg-kt0p2 pair 13: dE=-17955.0 m dN=0.0 m (from-pair-14 (phasecorr disagreed), support=None, peak=0.09384612739086151) 
imw-sp-sg-kt0p2: Processing pair 13 from disk...
imw-sp-sg-kt0p2: 0 match-sets in 0.00s
[Coarse] imw-sp-sg-kt0p2 pair 14: dE=-17955.0 m dN=0.0 m (matcher@315m, support=10, peak=None) 
imw-sp-sg-kt0p2: Processing pair 14 from disk...
imw-sp-sg-kt0p2: 2 match-sets in 0.69s
[Coarse] imw-sp-sg-kt0p2 pair 15: dE=-17955.0 m dN=-315.0 m (matcher@315m, support=16, peak=None) 
imw-sp-sg-kt0p2: Processing pair 15 from disk...
imw-sp-sg-kt0p2: 3 match-sets in 3.14s
[Coarse] imw-sp-sg-kt0p2 pair 16: dE=-17955.0 m dN=-315.0 m (matcher@315m, support=22, peak=None) 
imw-sp-sg-kt0p2: Processing pair 16 from disk...
imw-sp-sg-kt0p2: 2 match-sets in 2.61s
[Coarse] imw-sp-sg-kt0p2 pair 17: dE=-17955.0 m dN=-315.0 m (matcher@315m, support=21, peak=None) 
imw-sp-sg-kt0p2: Processing pair 17 from disk...
imw-sp-sg-kt0p2: 2 match-sets in 4.09s
[Coarse] imw-sp-sg-kt0p2 pair 18: dE=-17797.5 m dN=-315.0 m (from-pair-25 (phasecorr disagreed), support=None, peak=0.06863816733713503) 
imw-sp-sg-kt0p2: Processing pair 18 from disk...
imw-sp-sg-kt0p2: 0 match-sets in 0.00s
[Coarse] imw-sp-sg-kt0p2 pair 19: dE=-17797.5 m dN=-315.0 m (from-pair-25 (phasecorr disagreed), support=None, peak=0.15104582491848204) 
imw-sp-sg-kt0p2: Processing pair 19 from disk...
imw-sp-sg-kt0p2: 0 match-sets in 0.00s
[Coarse] imw-sp-sg-kt0p2 pair 20: dE=-17797.5 m dN=-315.0 m (from-pair-19, support=None, peak=None) 
imw-sp-sg-kt0p2: Processing pair 20 from disk...
imw-sp-sg-kt0p2: 0 match-sets in 0.00s
[Coarse] imw-sp-sg-kt0p2 pair 21: dE=-17797.5 m dN=-315.0 m (from-pair-25 (phasecorr disagreed), support=None, peak=0.036990950946454645) 
imw-sp-sg-kt0p2: Processing pair 21 from disk...
imw-sp-sg-kt0p2: 0 match-sets in 0.00s
[Coarse] imw-sp-sg-kt0p2 pair 22: dE=-17955.0 m dN=-315.0 m (matcher@315m, support=11, peak=None) 
imw-sp-sg-kt0p2: Processing pair 22 from disk...
imw-sp-sg-kt0p2: 2 match-sets in 0.57s
[Coarse] imw-sp-sg-kt0p2 pair 23: dE=-17911.9 m dN=-326.6 m (phasecorr@315m, support=None, peak=0.12881409482955933) 
imw-sp-sg-kt0p2: Processing pair 23 from disk...
imw-sp-sg-kt0p2: 1 match-sets in 0.37s
[Coarse] imw-sp-sg-kt0p2 pair 24: dE=-17928.8 m dN=-415.6 m (phasecorr@315m, support=None, peak=0.035175936365127565) 
imw-sp-sg-kt0p2: Processing pair 24 from disk...
imw-sp-sg-kt0p2: 2 match-sets in 1.54s
[Coarse] imw-sp-sg-kt0p2 pair 25: dE=-17797.5 m dN=-315.0 m (matcher@315m, support=12, peak=None) 
imw-sp-sg-kt0p2: Processing pair 25 from disk...
imw-sp-sg-kt0p2: 2 match-sets in 0.34s
[Coarse] imw-sp-sg-kt0p2 pair 26: dE=-17955.0 m dN=-315.0 m (from-pair-27, support=None, peak=None) 
imw-sp-sg-kt0p2: Processing pair 26 from disk...
imw-sp-sg-kt0p2: 0 match-sets in 0.18s
[Coarse] imw-sp-sg-kt0p2 pair 27: dE=-17955.0 m dN=-315.0 m (from-pair-22 (phasecorr disagreed), support=None, peak=0.05064041456057702) 
imw-sp-sg-kt0p2: Processing pair 27 from disk...
imw-sp-sg-kt0p2: 0 match-sets in 0.19s
Saved:
 CHIP_STATS_ALL.csv
 CHIP_STATS_SURVIVORS.csv
 CONSENSUS_SCORES.csv
 BEST_CHIP_SET.csv
 BEST_CHIP_MANIFEST.csv
 BEST_FINAL_SUMMARY.csv
[band1] imw-sp-sg-kt0p2 ok in 1.0 min, peak GPU memory 32.6 of 39.4 GB
[imw-sp-sg] Model unloaded.
--------------------------------------------------------------------------------
[band1] Running imw-sp-nn-kt0p2
[imw-sp-nn] Loading model...
Loaded SuperPoint model
[imw-sp-nn-kt0p2] warm-up on a synthetic pair failed (IndexError: boolean index did not match indexed array along axis 0; size of axis is 0 but size of corresponding boolean axis is 256) -- carrying on with the real windows
[Coarse] pair 3: no reliable coarse offset (matcher: {'dx': -19215.0, 'dy': 2835.0, 'support': 1, 'n': 3, 'peak': None}; phasecorr: {'dx': -16147.443677524008, 'dy': -26751.975000537102, 'support': None, 'n': None, 'peak': 0.00032880983234923565}); windows compared in place
[Coarse] pair 4: no reliable coarse offset (matcher: no matches; phasecorr: {'dx': 12882.472481301173, 'dy': 92621.70938170607, 'support': None, 'n': None, 'peak': -0.00012715039429841217}); windows compared in place
[Coarse] pair 5: no reliable coarse offset (matcher: no matches; phasecorr: {'dx': 3156.3479216096807, 'dy': 18300.67805989782, 'support': None, 'n': None, 'peak': 0.020832994549224774}); windows compared in place
[Coarse] pair 6: no reliable coarse offset (matcher: no matches; phasecorr: {'dx': -15852.800158210905, 'dy': 18737.59796077822, 'support': None, 'n': None, 'peak': -0.0027571213742097218}); windows compared in place
[Coarse] pair 7: no reliable coarse offset (matcher: no matches; phasecorr: {'dx': -17660.72648465004, 'dy': -478.5174601560547, 'support': None, 'n': None, 'peak': 0.0218074359204816}); windows compared in place
[Coarse] pair 8: no reliable coarse offset (matcher: no matches; phasecorr: {'dx': -18002.059573769864, 'dy': -489.60497923140906, 'support': None, 'n': None, 'peak': 0.011968647486368816}); windows compared in place
[Coarse] pair 11: no reliable coarse offset (matcher: no matches; phasecorr: {'dx': -18107.733154651494, 'dy': -332.5590928480355, 'support': None, 'n': None, 'peak': 0.020898853179031604}); windows compared in place
[Coarse] pair 20: no reliable coarse offset (matcher: IndexError: boolean index did not match indexed array along axis 0; size of axis is 9 but size of corresponding boolean axis is 256; phasecorr: {'dx': -28903.23193639674, 'dy': -12953.216285335406, 'support': None, 'n': None, 'peak': 0.008737401829825507}); windows compared in place
[Coarse] pair 26: no reliable coarse offset (matcher: no matches; phasecorr: {'dx': -96306.08142606622, 'dy': -17142.367293993742, 'support': None, 'n': None, 'peak': 0.02253384519977334}); windows compared in place
[Coarse] pair 2: phase correlation gave dE=-8934 m dN=5487 m, 10.6 km from every offset the matcher measured; using pair 14's (dE=-17955 m dN=-158 m)
[Coarse] pair 10: phase correlation gave dE=43169 m dN=-4147 m, 61.2 km from every offset the matcher measured; using pair 14's (dE=-17955 m dN=-158 m)
[Coarse] pair 12: phase correlation gave dE=-1877 m dN=10017 m, 19.0 km from every offset the matcher measured; using pair 14's (dE=-17955 m dN=-158 m)
[Coarse] pair 13: phase correlation gave dE=7584 m dN=8567 m, 27.0 km from every offset the matcher measured; using pair 14's (dE=-17955 m dN=-158 m)
[Coarse] pair 18: phase correlation gave dE=744 m dN=-16615 m, 24.8 km from every offset the matcher measured; using pair 15's (dE=-17955 m dN=-315 m)
[Coarse] pair 19: phase correlation gave dE=11920 m dN=-17918 m, 34.7 km from every offset the matcher measured; using pair 15's (dE=-17955 m dN=-315 m)
[Coarse] pair 21: phase correlation gave dE=-11414 m dN=-17047 m, 18.0 km from every offset the matcher measured; using pair 15's (dE=-17955 m dN=-315 m)
[Coarse] pair 27: phase correlation gave dE=-97898 m dN=-6012 m, 80.1 km from every offset the matcher measured; using pair 17's (dE=-17955 m dN=-315 m)
[Coarse] imw-sp-nn-kt0p2 pair 1: dE=-18062.2 m dN=-904.8 m (phasecorr@315m, support=None, peak=0.03257782713572184) 
imw-sp-nn-kt0p2: Processing pair 1 from disk...
imw-sp-nn-kt0p2: 1 match-sets in 0.05s
[Coarse] imw-sp-nn-kt0p2 pair 2: dE=-17955.0 m dN=-157.5 m (from-pair-14 (phasecorr disagreed), support=None, peak=0.03413578109976686) 
imw-sp-nn-kt0p2: Processing pair 2 from disk...
imw-sp-nn-kt0p2: 0 match-sets in 0.04s
[Coarse] imw-sp-nn-kt0p2 pair 3: dE=-18062.2 m dN=-904.8 m (from-pair-1, support=None, peak=None) 
imw-sp-nn-kt0p2: Processing pair 3 from disk...
imw-sp-nn-kt0p2: 1 match-sets in 0.04s
[Coarse] imw-sp-nn-kt0p2 pair 4: dE=-17955.0 m dN=-157.5 m (from-pair-2, support=None, peak=None) 
imw-sp-nn-kt0p2: Processing pair 4 from disk...
imw-sp-nn-kt0p2: 1 match-sets in 0.06s
[Coarse] imw-sp-nn-kt0p2 pair 5: dE=-17955.0 m dN=-157.5 m (from-pair-2, support=None, peak=None) 
imw-sp-nn-kt0p2: Processing pair 5 from disk...
imw-sp-nn-kt0p2: 1 match-sets in 0.06s
[Coarse] imw-sp-nn-kt0p2 pair 6: dE=-17955.0 m dN=-157.5 m (from-pair-2, support=None, peak=None) 
imw-sp-nn-kt0p2: Processing pair 6 from disk...
imw-sp-nn-kt0p2: 1 match-sets in 0.06s
[Coarse] imw-sp-nn-kt0p2 pair 7: dE=-17790.5 m dN=-428.0 m (from-pair-9, support=None, peak=None) 
imw-sp-nn-kt0p2: Processing pair 7 from disk...
imw-sp-nn-kt0p2: 2 match-sets in 0.14s
[Coarse] imw-sp-nn-kt0p2 pair 8: dE=-17790.5 m dN=-428.0 m (from-pair-9, support=None, peak=None) 
imw-sp-nn-kt0p2: Processing pair 8 from disk...
imw-sp-nn-kt0p2: 2 match-sets in 0.15s
[Coarse] imw-sp-nn-kt0p2 pair 9: dE=-17790.5 m dN=-428.0 m (phasecorr@315m, support=None, peak=0.031066529352914596) 
imw-sp-nn-kt0p2: Processing pair 9 from disk...
imw-sp-nn-kt0p2: 3 match-sets in 0.14s
[Coarse] imw-sp-nn-kt0p2 pair 10: dE=-17955.0 m dN=-157.5 m (from-pair-14 (phasecorr disagreed), support=None, peak=0.04791493653487985) 
imw-sp-nn-kt0p2: Processing pair 10 from disk...
imw-sp-nn-kt0p2: 1 match-sets in 0.15s
[Coarse] imw-sp-nn-kt0p2 pair 11: dE=-17955.0 m dN=-157.5 m (from-pair-10, support=None, peak=None) 
imw-sp-nn-kt0p2: Processing pair 11 from disk...
imw-sp-nn-kt0p2: 1 match-sets in 0.15s
[Coarse] imw-sp-nn-kt0p2 pair 12: dE=-17955.0 m dN=-157.5 m (from-pair-14 (phasecorr disagreed), support=None, peak=0.1047012765466431) 
imw-sp-nn-kt0p2: Processing pair 12 from disk...
imw-sp-nn-kt0p2: 0 match-sets in 0.00s
[Coarse] imw-sp-nn-kt0p2 pair 13: dE=-17955.0 m dN=-157.5 m (from-pair-14 (phasecorr disagreed), support=None, peak=0.09384612739086151) 
imw-sp-nn-kt0p2: Processing pair 13 from disk...
imw-sp-nn-kt0p2: 0 match-sets in 0.00s
[Coarse] imw-sp-nn-kt0p2 pair 14: dE=-17955.0 m dN=-157.5 m (matcher@315m, support=8, peak=None) 
imw-sp-nn-kt0p2: Processing pair 14 from disk...
imw-sp-nn-kt0p2: 3 match-sets in 0.18s
[Coarse] imw-sp-nn-kt0p2 pair 15: dE=-17955.0 m dN=-315.0 m (matcher@315m, support=13, peak=None) 
imw-sp-nn-kt0p2: Processing pair 15 from disk...
imw-sp-nn-kt0p2: 3 match-sets in 0.18s
[Coarse] imw-sp-nn-kt0p2 pair 16: dE=-17955.0 m dN=-315.0 m (matcher@315m, support=18, peak=None) 
imw-sp-nn-kt0p2: Processing pair 16 from disk...
imw-sp-nn-kt0p2: 2 match-sets in 0.17s
[Coarse] imw-sp-nn-kt0p2 pair 17: dE=-17955.0 m dN=-315.0 m (matcher@315m, support=17, peak=None) 
imw-sp-nn-kt0p2: Processing pair 17 from disk...
imw-sp-nn-kt0p2: 2 match-sets in 0.17s
[Coarse] imw-sp-nn-kt0p2 pair 18: dE=-17955.0 m dN=-315.0 m (from-pair-15 (phasecorr disagreed), support=None, peak=0.06863816733713503) 
imw-sp-nn-kt0p2: Processing pair 18 from disk...
imw-sp-nn-kt0p2: 0 match-sets in 0.00s
[Coarse] imw-sp-nn-kt0p2 pair 19: dE=-17955.0 m dN=-315.0 m (from-pair-15 (phasecorr disagreed), support=None, peak=0.15104582491848204) 
imw-sp-nn-kt0p2: Processing pair 19 from disk...
imw-sp-nn-kt0p2: 0 match-sets in 0.00s
[Coarse] imw-sp-nn-kt0p2 pair 20: dE=-17955.0 m dN=-315.0 m (from-pair-19, support=None, peak=None) 
imw-sp-nn-kt0p2: Processing pair 20 from disk...
imw-sp-nn-kt0p2: 0 match-sets in 0.00s
[Coarse] imw-sp-nn-kt0p2 pair 21: dE=-17955.0 m dN=-315.0 m (from-pair-15 (phasecorr disagreed), support=None, peak=0.036990950946454645) 
imw-sp-nn-kt0p2: Processing pair 21 from disk...
imw-sp-nn-kt0p2: 0 match-sets in 0.00s
[Coarse] imw-sp-nn-kt0p2 pair 22: dE=-17882.3 m dN=-311.5 m (phasecorr@315m, support=None, peak=0.12721613845825194) 
imw-sp-nn-kt0p2: Processing pair 22 from disk...
imw-sp-nn-kt0p2: 3 match-sets in 0.20s
[Coarse] imw-sp-nn-kt0p2 pair 23: dE=-17911.9 m dN=-326.6 m (phasecorr@315m, support=None, peak=0.12881409482955933) 
imw-sp-nn-kt0p2: Processing pair 23 from disk...
imw-sp-nn-kt0p2: 2 match-sets in 0.19s
[Coarse] imw-sp-nn-kt0p2 pair 24: dE=-17928.8 m dN=-415.6 m (phasecorr@315m, support=None, peak=0.035175936365127565) 
imw-sp-nn-kt0p2: Processing pair 24 from disk...
imw-sp-nn-kt0p2: 4 match-sets in 0.20s
[Coarse] imw-sp-nn-kt0p2 pair 25: dE=-17844.2 m dN=-348.0 m (phasecorr@315m, support=None, peak=0.15328786741892497) 
imw-sp-nn-kt0p2: Processing pair 25 from disk...
imw-sp-nn-kt0p2: 2 match-sets in 0.16s
[Coarse] imw-sp-nn-kt0p2 pair 26: dE=-17955.0 m dN=-315.0 m (from-pair-27, support=None, peak=None) 
imw-sp-nn-kt0p2: Processing pair 26 from disk...
imw-sp-nn-kt0p2: 2 match-sets in 0.11s
[Coarse] imw-sp-nn-kt0p2 pair 27: dE=-17955.0 m dN=-315.0 m (from-pair-17 (phasecorr disagreed), support=None, peak=0.05064041456057702) 
imw-sp-nn-kt0p2: Processing pair 27 from disk...
imw-sp-nn-kt0p2: 1 match-sets in 0.11s
Saved:
 CHIP_STATS_ALL.csv
 CHIP_STATS_SURVIVORS.csv
 CONSENSUS_SCORES.csv
 BEST_CHIP_SET.csv
 BEST_CHIP_MANIFEST.csv
 BEST_FINAL_SUMMARY.csv
[band1] imw-sp-nn-kt0p2 ok in 0.1 min, peak GPU memory 0.4 of 39.4 GB
[imw-sp-nn] Model unloaded.
--------------------------------------------------------------------------------
[band1] Running imw-r2d2-nn-kt0p2
[imw-r2d2-nn] Loading model...

>> Creating net = Quad_L2Net_ConfCFS()
 ( Model size: 486K parameters )
[Coarse] pair 3: no reliable coarse offset (matcher: no matches; phasecorr: {'dx': -16147.443677524008, 'dy': -26751.975000537102, 'support': None, 'n': None, 'peak': 0.00032880983234923565}); windows compared in place
[Coarse] pair 4: no reliable coarse offset (matcher: no matches; phasecorr: {'dx': 12882.472481301173, 'dy': 92621.70938170607, 'support': None, 'n': None, 'peak': -0.00012715039429841217}); windows compared in place
[Coarse] pair 5: no reliable coarse offset (matcher: no matches; phasecorr: {'dx': 3156.3479216096807, 'dy': 18300.67805989782, 'support': None, 'n': None, 'peak': 0.020832994549224774}); windows compared in place
[Coarse] pair 6: no reliable coarse offset (matcher: no matches; phasecorr: {'dx': -15852.800158210905, 'dy': 18737.59796077822, 'support': None, 'n': None, 'peak': -0.0027571213742097218}); windows compared in place
[Coarse] pair 11: no reliable coarse offset (matcher: no matches; phasecorr: {'dx': -18107.733154651494, 'dy': -332.5590928480355, 'support': None, 'n': None, 'peak': 0.020898853179031604}); windows compared in place
[Coarse] pair 20: no reliable coarse offset (matcher: RuntimeError: torch.cat(): expected a non-empty list of Tensors; phasecorr: {'dx': -28903.23193639674, 'dy': -12953.216285335406, 'support': None, 'n': None, 'peak': 0.008737401829825507}); windows compared in place
[Coarse] pair 26: no reliable coarse offset (matcher: no matches; phasecorr: {'dx': -96306.08142606622, 'dy': -17142.367293993742, 'support': None, 'n': None, 'peak': 0.02253384519977334}); windows compared in place
[Coarse] pair 2: phase correlation gave dE=-8934 m dN=5487 m, 10.4 km from every offset the matcher measured; using pair 1's (dE=-17930 m dN=-630 m)
[Coarse] pair 10: phase correlation gave dE=43169 m dN=-4147 m, 60.9 km from every offset the matcher measured; using pair 8's (dE=-17972 m dN=-630 m)
[Coarse] pair 12: phase correlation gave dE=-1877 m dN=10017 m, 18.8 km from every offset the matcher measured; using pair 8's (dE=-17972 m dN=-630 m)
[Coarse] pair 13: phase correlation gave dE=7584 m dN=8567 m, 26.7 km from every offset the matcher measured; using pair 8's (dE=-17972 m dN=-630 m)
[Coarse] pair 18: phase correlation gave dE=744 m dN=-16615 m, 24.5 km from every offset the matcher measured; using pair 25's (dE=-17768 m dN=-547 m)
[Coarse] pair 19: phase correlation gave dE=11920 m dN=-17918 m, 34.4 km from every offset the matcher measured; using pair 25's (dE=-17768 m dN=-547 m)
[Coarse] pair 21: phase correlation gave dE=-11414 m dN=-17047 m, 17.7 km from every offset the matcher measured; using pair 25's (dE=-17768 m dN=-547 m)
[Coarse] pair 27: phase correlation gave dE=-97898 m dN=-6012 m, 80.1 km from every offset the matcher measured; using pair 23's (dE=-17769 m dN=-315 m)
[Coarse] imw-r2d2-nn-kt0p2 pair 1: dE=-17929.9 m dN=-630.0 m (matcher@315m, support=20, peak=None) 
imw-r2d2-nn-kt0p2: Processing pair 1 from disk...
imw-r2d2-nn-kt0p2: 1 match-sets in 0.11s
[Coarse] imw-r2d2-nn-kt0p2 pair 2: dE=-17929.9 m dN=-630.0 m (from-pair-1 (phasecorr disagreed), support=None, peak=0.03413578109976686) 
imw-r2d2-nn-kt0p2: Processing pair 2 from disk...
imw-r2d2-nn-kt0p2: 1 match-sets in 0.10s
[Coarse] imw-r2d2-nn-kt0p2 pair 3: dE=-17929.9 m dN=-630.0 m (from-pair-1, support=None, peak=None) 
imw-r2d2-nn-kt0p2: Processing pair 3 from disk...
imw-r2d2-nn-kt0p2: 0 match-sets in 0.09s
[Coarse] imw-r2d2-nn-kt0p2 pair 4: dE=-17929.9 m dN=-630.0 m (from-pair-2, support=None, peak=None) 
imw-r2d2-nn-kt0p2: Processing pair 4 from disk...
imw-r2d2-nn-kt0p2: 1 match-sets in 0.12s
[Coarse] imw-r2d2-nn-kt0p2 pair 5: dE=-17929.9 m dN=-630.0 m (from-pair-2, support=None, peak=None) 
imw-r2d2-nn-kt0p2: Processing pair 5 from disk...
imw-r2d2-nn-kt0p2: 0 match-sets in 0.11s
[Coarse] imw-r2d2-nn-kt0p2 pair 6: dE=-17929.9 m dN=-630.0 m (from-pair-2, support=None, peak=None) 
imw-r2d2-nn-kt0p2: Processing pair 6 from disk...
imw-r2d2-nn-kt0p2: 0 match-sets in 0.09s
[Coarse] imw-r2d2-nn-kt0p2 pair 7: dE=-17971.7 m dN=-630.0 m (matcher@315m, support=28, peak=None) 
imw-r2d2-nn-kt0p2: Processing pair 7 from disk...
imw-r2d2-nn-kt0p2: 2 match-sets in 0.34s
[Coarse] imw-r2d2-nn-kt0p2 pair 8: dE=-17972.0 m dN=-630.0 m (matcher@315m, support=9, peak=None) 
imw-r2d2-nn-kt0p2: Processing pair 8 from disk...
imw-r2d2-nn-kt0p2: 1 match-sets in 0.32s
[Coarse] imw-r2d2-nn-kt0p2 pair 9: dE=-17955.0 m dN=-568.7 m (matcher@315m, support=11, peak=None) 
imw-r2d2-nn-kt0p2: Processing pair 9 from disk...
imw-r2d2-nn-kt0p2: 3 match-sets in 0.29s
[Coarse] imw-r2d2-nn-kt0p2 pair 10: dE=-17972.0 m dN=-630.0 m (from-pair-8 (phasecorr disagreed), support=None, peak=0.04791493653487985) 
imw-r2d2-nn-kt0p2: Processing pair 10 from disk...
imw-r2d2-nn-kt0p2: 1 match-sets in 0.30s
[Coarse] imw-r2d2-nn-kt0p2 pair 11: dE=-17972.0 m dN=-630.0 m (from-pair-10, support=None, peak=None) 
imw-r2d2-nn-kt0p2: Processing pair 11 from disk...
imw-r2d2-nn-kt0p2: 0 match-sets in 0.26s
[Coarse] imw-r2d2-nn-kt0p2 pair 12: dE=-17972.0 m dN=-630.0 m (from-pair-8 (phasecorr disagreed), support=None, peak=0.1047012765466431) 
imw-r2d2-nn-kt0p2: Processing pair 12 from disk...
imw-r2d2-nn-kt0p2: 0 match-sets in 0.00s
[Coarse] imw-r2d2-nn-kt0p2 pair 13: dE=-17972.0 m dN=-630.0 m (from-pair-8 (phasecorr disagreed), support=None, peak=0.09384612739086151) 
imw-r2d2-nn-kt0p2: Processing pair 13 from disk...
imw-r2d2-nn-kt0p2: 0 match-sets in 0.00s
[Coarse] imw-r2d2-nn-kt0p2 pair 14: dE=-17640.0 m dN=-177.3 m (matcher@315m, support=73, peak=None) 
imw-r2d2-nn-kt0p2: Processing pair 14 from disk...
imw-r2d2-nn-kt0p2: 2 match-sets in 0.37s
[Coarse] imw-r2d2-nn-kt0p2 pair 15: dE=-17939.6 m dN=-315.0 m (matcher@315m, support=119, peak=None) 
imw-r2d2-nn-kt0p2: Processing pair 15 from disk...
imw-r2d2-nn-kt0p2: 3 match-sets in 0.35s
[Coarse] imw-r2d2-nn-kt0p2 pair 16: dE=-17856.4 m dN=-342.9 m (matcher@315m, support=114, peak=None) 
imw-r2d2-nn-kt0p2: Processing pair 16 from disk...
imw-r2d2-nn-kt0p2: 2 match-sets in 0.28s
[Coarse] imw-r2d2-nn-kt0p2 pair 17: dE=-17955.0 m dN=-342.9 m (matcher@315m, support=201, peak=None) 
imw-r2d2-nn-kt0p2: Processing pair 17 from disk...
imw-r2d2-nn-kt0p2: 2 match-sets in 0.28s
[Coarse] imw-r2d2-nn-kt0p2 pair 18: dE=-17768.0 m dN=-546.7 m (from-pair-25 (phasecorr disagreed), support=None, peak=0.06863816733713503) 
imw-r2d2-nn-kt0p2: Processing pair 18 from disk...
imw-r2d2-nn-kt0p2: 0 match-sets in 0.00s
[Coarse] imw-r2d2-nn-kt0p2 pair 19: dE=-17768.0 m dN=-546.7 m (from-pair-25 (phasecorr disagreed), support=None, peak=0.15104582491848204) 
imw-r2d2-nn-kt0p2: Processing pair 19 from disk...
imw-r2d2-nn-kt0p2: 0 match-sets in 0.00s
[Coarse] imw-r2d2-nn-kt0p2 pair 20: dE=-17768.0 m dN=-546.7 m (from-pair-19, support=None, peak=None) 
imw-r2d2-nn-kt0p2: Processing pair 20 from disk...
imw-r2d2-nn-kt0p2: 0 match-sets in 0.00s
[Coarse] imw-r2d2-nn-kt0p2 pair 21: dE=-17768.0 m dN=-546.7 m (from-pair-25 (phasecorr disagreed), support=None, peak=0.036990950946454645) 
imw-r2d2-nn-kt0p2: Processing pair 21 from disk...
imw-r2d2-nn-kt0p2: 0 match-sets in 0.00s
[Coarse] imw-r2d2-nn-kt0p2 pair 22: dE=-17640.0 m dN=-315.0 m (matcher@315m, support=26, peak=None) 
imw-r2d2-nn-kt0p2: Processing pair 22 from disk...
[imw-r2d2-nn-kt0p2/internal] window (384,384) error: RuntimeError: torch.cat(): expected a non-empty list of Tensors
imw-r2d2-nn-kt0p2: 2 match-sets in 0.39s
[Coarse] imw-r2d2-nn-kt0p2 pair 23: dE=-17769.5 m dN=-315.0 m (matcher@315m, support=35, peak=None) 
imw-r2d2-nn-kt0p2: Processing pair 23 from disk...
[imw-r2d2-nn-kt0p2/internal] window (384,384) error: RuntimeError: torch.cat(): expected a non-empty list of Tensors
imw-r2d2-nn-kt0p2: 3 match-sets in 0.37s
[Coarse] imw-r2d2-nn-kt0p2 pair 24: dE=-17864.1 m dN=-227.5 m (matcher@315m, support=56, peak=None) 
imw-r2d2-nn-kt0p2: Processing pair 24 from disk...
[imw-r2d2-nn-kt0p2/internal] window (384,384) error: RuntimeError: torch.cat(): expected a non-empty list of Tensors
imw-r2d2-nn-kt0p2: 2 match-sets in 0.36s
[Coarse] imw-r2d2-nn-kt0p2 pair 25: dE=-17768.0 m dN=-546.7 m (matcher@315m, support=44, peak=None) 
imw-r2d2-nn-kt0p2: Processing pair 25 from disk...
[imw-r2d2-nn-kt0p2/internal] window (384,384) error: RuntimeError: torch.cat(): expected a non-empty list of Tensors
imw-r2d2-nn-kt0p2: 3 match-sets in 0.38s
[Coarse] imw-r2d2-nn-kt0p2 pair 26: dE=-17769.5 m dN=-315.0 m (from-pair-27, support=None, peak=None) 
imw-r2d2-nn-kt0p2: Processing pair 26 from disk...
imw-r2d2-nn-kt0p2: 1 match-sets in 0.23s
[Coarse] imw-r2d2-nn-kt0p2 pair 27: dE=-17769.5 m dN=-315.0 m (from-pair-23 (phasecorr disagreed), support=None, peak=0.05064041456057702) 
imw-r2d2-nn-kt0p2: Processing pair 27 from disk...
imw-r2d2-nn-kt0p2: 1 match-sets in 0.24s
Saved:
 CHIP_STATS_ALL.csv
 CHIP_STATS_SURVIVORS.csv
 CONSENSUS_SCORES.csv
 BEST_CHIP_SET.csv
 BEST_CHIP_MANIFEST.csv
 BEST_FINAL_SUMMARY.csv
[band1] imw-r2d2-nn-kt0p2 ok in 0.2 min, peak GPU memory 2.5 of 39.4 GB
[imw-r2d2-nn] Model unloaded.
--------------------------------------------------------------------------------
[band1] Running imw-rord-nn-kt0p2-fm1
[imw-rord-nn] Loading model...
[Coarse] pair 3: no reliable coarse offset (matcher: no matches; phasecorr: {'dx': -16147.443677524008, 'dy': -26751.975000537102, 'support': None, 'n': None, 'peak': 0.00032880983234923565}); windows compared in place
[Coarse] pair 4: no reliable coarse offset (matcher: no matches; phasecorr: {'dx': 12882.472481301173, 'dy': 92621.70938170607, 'support': None, 'n': None, 'peak': -0.00012715039429841217}); windows compared in place
[Coarse] pair 5: no reliable coarse offset (matcher: {'dx': -13146.724662780762, 'dy': 3208.7572860717773, 'support': 1, 'n': 3, 'peak': None}; phasecorr: {'dx': 3156.3479216096807, 'dy': 18300.67805989782, 'support': None, 'n': None, 'peak': 0.020832994549224774}); windows compared in place
[Coarse] pair 6: no reliable coarse offset (matcher: no matches; phasecorr: {'dx': -15852.800158210905, 'dy': 18737.59796077822, 'support': None, 'n': None, 'peak': -0.0027571213742097218}); windows compared in place
[Coarse] pair 7: no reliable coarse offset (matcher: {'dx': -17701.98486328125, 'dy': -834.3767738342285, 'support': 4, 'n': 5, 'peak': None}; phasecorr: {'dx': -17660.72648465004, 'dy': -478.5174601560547, 'support': None, 'n': None, 'peak': 0.0218074359204816}); windows compared in place
[Coarse] pair 8: no reliable coarse offset (matcher: no matches; phasecorr: {'dx': -18002.059573769864, 'dy': -489.60497923140906, 'support': None, 'n': None, 'peak': 0.011968647486368816}); windows compared in place
[Coarse] pair 11: no reliable coarse offset (matcher: no matches; phasecorr: {'dx': -18107.733154651494, 'dy': -332.5590928480355, 'support': None, 'n': None, 'peak': 0.020898853179031604}); windows compared in place
[Coarse] pair 20: no reliable coarse offset (matcher: no matches; phasecorr: {'dx': -28903.23193639674, 'dy': -12953.216285335406, 'support': None, 'n': None, 'peak': 0.008737401829825507}); windows compared in place
[Coarse] pair 26: no reliable coarse offset (matcher: no matches; phasecorr: {'dx': -96306.08142606622, 'dy': -17142.367293993742, 'support': None, 'n': None, 'peak': 0.02253384519977334}); windows compared in place
[Coarse] pair 2: phase correlation gave dE=-8934 m dN=5487 m, 10.2 km from every offset the matcher measured; using pair 14's (dE=-17703 m dN=-258 m)
[Coarse] pair 10: phase correlation gave dE=43169 m dN=-4147 m, 60.8 km from every offset the matcher measured; using pair 14's (dE=-17703 m dN=-258 m)
[Coarse] pair 12: phase correlation gave dE=-1877 m dN=10017 m, 18.5 km from every offset the matcher measured; using pair 14's (dE=-17703 m dN=-258 m)
[Coarse] pair 13: phase correlation gave dE=7584 m dN=8567 m, 26.5 km from every offset the matcher measured; using pair 14's (dE=-17703 m dN=-258 m)
[Coarse] pair 18: phase correlation gave dE=744 m dN=-16615 m, 24.7 km from every offset the matcher measured; using pair 25's (dE=-17497 m dN=24 m)
[Coarse] pair 19: phase correlation gave dE=11920 m dN=-17918 m, 34.5 km from every offset the matcher measured; using pair 25's (dE=-17497 m dN=24 m)
[Coarse] pair 21: phase correlation gave dE=-11414 m dN=-17047 m, 17.9 km from every offset the matcher measured; using pair 25's (dE=-17497 m dN=24 m)
[Coarse] pair 27: phase correlation gave dE=-97898 m dN=-6012 m, 80.1 km from every offset the matcher measured; using pair 22's (dE=-18000 m dN=-219 m)
[Coarse] imw-rord-nn-kt0p2-fm1 pair 1: dE=-18062.2 m dN=-904.8 m (phasecorr@315m, support=None, peak=0.03257782713572184) 
imw-rord-nn-kt0p2-fm1: Processing pair 1 from disk...
imw-rord-nn-kt0p2-fm1: 1 match-sets in 1.91s
[Coarse] imw-rord-nn-kt0p2-fm1 pair 2: dE=-17703.0 m dN=-258.2 m (from-pair-14 (phasecorr disagreed), support=None, peak=0.03413578109976686) 
imw-rord-nn-kt0p2-fm1: Processing pair 2 from disk...
imw-rord-nn-kt0p2-fm1: 1 match-sets in 0.26s
[Coarse] imw-rord-nn-kt0p2-fm1 pair 3: dE=-18062.2 m dN=-904.8 m (from-pair-1, support=None, peak=None) 
imw-rord-nn-kt0p2-fm1: Processing pair 3 from disk...
imw-rord-nn-kt0p2-fm1: 0 match-sets in 0.24s
[Coarse] imw-rord-nn-kt0p2-fm1 pair 4: dE=-17703.0 m dN=-258.2 m (from-pair-2, support=None, peak=None) 
imw-rord-nn-kt0p2-fm1: Processing pair 4 from disk...
imw-rord-nn-kt0p2-fm1: 1 match-sets in 4.96s
[Coarse] imw-rord-nn-kt0p2-fm1 pair 5: dE=-17703.0 m dN=-258.2 m (from-pair-2, support=None, peak=None) 
imw-rord-nn-kt0p2-fm1: Processing pair 5 from disk...
imw-rord-nn-kt0p2-fm1: 0 match-sets in 2.80s
[Coarse] imw-rord-nn-kt0p2-fm1 pair 6: dE=-17703.0 m dN=-258.2 m (from-pair-2, support=None, peak=None) 
imw-rord-nn-kt0p2-fm1: Processing pair 6 from disk...
imw-rord-nn-kt0p2-fm1: 0 match-sets in 0.33s
[Coarse] imw-rord-nn-kt0p2-fm1 pair 7: dE=-17790.5 m dN=-428.0 m (from-pair-9, support=None, peak=None) 
imw-rord-nn-kt0p2-fm1: Processing pair 7 from disk...
imw-rord-nn-kt0p2-fm1: 3 match-sets in 17.38s
[Coarse] imw-rord-nn-kt0p2-fm1 pair 8: dE=-17790.5 m dN=-428.0 m (from-pair-9, support=None, peak=None) 
imw-rord-nn-kt0p2-fm1: Processing pair 8 from disk...
imw-rord-nn-kt0p2-fm1: 3 match-sets in 5.85s
[Coarse] imw-rord-nn-kt0p2-fm1 pair 9: dE=-17790.5 m dN=-428.0 m (phasecorr@315m, support=None, peak=0.031066529352914596) 
imw-rord-nn-kt0p2-fm1: Processing pair 9 from disk...
imw-rord-nn-kt0p2-fm1: 2 match-sets in 5.90s
[Coarse] imw-rord-nn-kt0p2-fm1 pair 10: dE=-17703.0 m dN=-258.2 m (from-pair-14 (phasecorr disagreed), support=None, peak=0.04791493653487985) 
imw-rord-nn-kt0p2-fm1: Processing pair 10 from disk...
imw-rord-nn-kt0p2-fm1: 0 match-sets in 9.54s
[Coarse] imw-rord-nn-kt0p2-fm1 pair 11: dE=-17703.0 m dN=-258.2 m (from-pair-10, support=None, peak=None) 
imw-rord-nn-kt0p2-fm1: Processing pair 11 from disk...
imw-rord-nn-kt0p2-fm1: 0 match-sets in 0.78s
[Coarse] imw-rord-nn-kt0p2-fm1 pair 12: dE=-17703.0 m dN=-258.2 m (from-pair-14 (phasecorr disagreed), support=None, peak=0.1047012765466431) 
imw-rord-nn-kt0p2-fm1: Processing pair 12 from disk...
imw-rord-nn-kt0p2-fm1: 0 match-sets in 0.00s
[Coarse] imw-rord-nn-kt0p2-fm1 pair 13: dE=-17703.0 m dN=-258.2 m (from-pair-14 (phasecorr disagreed), support=None, peak=0.09384612739086151) 
imw-rord-nn-kt0p2-fm1: Processing pair 13 from disk...
imw-rord-nn-kt0p2-fm1: 0 match-sets in 0.00s
[Coarse] imw-rord-nn-kt0p2-fm1 pair 14: dE=-17703.0 m dN=-258.2 m (matcher@315m, support=10, peak=None) 
imw-rord-nn-kt0p2-fm1: Processing pair 14 from disk...
imw-rord-nn-kt0p2-fm1: 3 match-sets in 8.26s
[Coarse] imw-rord-nn-kt0p2-fm1 pair 15: dE=-17744.5 m dN=-217.1 m (matcher@315m, support=19, peak=None) 
imw-rord-nn-kt0p2-fm1: Processing pair 15 from disk...
imw-rord-nn-kt0p2-fm1: 2 match-sets in 1.06s
[Coarse] imw-rord-nn-kt0p2-fm1 pair 16: dE=-18113.0 m dN=-129.2 m (phasecorr@315m, support=None, peak=0.054434785683949785) 
imw-rord-nn-kt0p2-fm1: Processing pair 16 from disk...
imw-rord-nn-kt0p2-fm1: 2 match-sets in 0.79s
[Coarse] imw-rord-nn-kt0p2-fm1 pair 17: dE=-17984.3 m dN=-241.9 m (matcher@315m, support=32, peak=None) 
imw-rord-nn-kt0p2-fm1: Processing pair 17 from disk...
imw-rord-nn-kt0p2-fm1: 2 match-sets in 0.78s
[Coarse] imw-rord-nn-kt0p2-fm1 pair 18: dE=-17497.0 m dN=24.4 m (from-pair-25 (phasecorr disagreed), support=None, peak=0.06863816733713503) 
imw-rord-nn-kt0p2-fm1: Processing pair 18 from disk...
imw-rord-nn-kt0p2-fm1: 0 match-sets in 0.00s
[Coarse] imw-rord-nn-kt0p2-fm1 pair 19: dE=-17497.0 m dN=24.4 m (from-pair-25 (phasecorr disagreed), support=None, peak=0.15104582491848204) 
imw-rord-nn-kt0p2-fm1: Processing pair 19 from disk...
imw-rord-nn-kt0p2-fm1: 0 match-sets in 0.00s
[Coarse] imw-rord-nn-kt0p2-fm1 pair 20: dE=-17497.0 m dN=24.4 m (from-pair-19, support=None, peak=None) 
imw-rord-nn-kt0p2-fm1: Processing pair 20 from disk...
imw-rord-nn-kt0p2-fm1: 0 match-sets in 0.00s
[Coarse] imw-rord-nn-kt0p2-fm1 pair 21: dE=-17497.0 m dN=24.4 m (from-pair-25 (phasecorr disagreed), support=None, peak=0.036990950946454645) 
imw-rord-nn-kt0p2-fm1: Processing pair 21 from disk...
imw-rord-nn-kt0p2-fm1: 0 match-sets in 0.00s
[Coarse] imw-rord-nn-kt0p2-fm1 pair 22: dE=-17999.7 m dN=-218.8 m (matcher@315m, support=8, peak=None) 
imw-rord-nn-kt0p2-fm1: Processing pair 22 from disk...
imw-rord-nn-kt0p2-fm1: 4 match-sets in 6.26s
[Coarse] imw-rord-nn-kt0p2-fm1 pair 23: dE=-17911.9 m dN=-326.6 m (phasecorr@315m, support=None, peak=0.12881409482955933) 
imw-rord-nn-kt0p2-fm1: Processing pair 23 from disk...
imw-rord-nn-kt0p2-fm1: 2 match-sets in 1.16s
[Coarse] imw-rord-nn-kt0p2-fm1 pair 24: dE=-17928.8 m dN=-415.6 m (phasecorr@315m, support=None, peak=0.035175936365127565) 
imw-rord-nn-kt0p2-fm1: Processing pair 24 from disk...
imw-rord-nn-kt0p2-fm1: 4 match-sets in 1.14s
[Coarse] imw-rord-nn-kt0p2-fm1 pair 25: dE=-17497.0 m dN=24.4 m (matcher@315m, support=12, peak=None) 
imw-rord-nn-kt0p2-fm1: Processing pair 25 from disk...
imw-rord-nn-kt0p2-fm1: 3 match-sets in 1.11s
[Coarse] imw-rord-nn-kt0p2-fm1 pair 26: dE=-17999.7 m dN=-218.8 m (from-pair-27, support=None, peak=None) 
imw-rord-nn-kt0p2-fm1: Processing pair 26 from disk...
imw-rord-nn-kt0p2-fm1: 2 match-sets in 2.13s
[Coarse] imw-rord-nn-kt0p2-fm1 pair 27: dE=-17999.7 m dN=-218.8 m (from-pair-22 (phasecorr disagreed), support=None, peak=0.05064041456057702) 
imw-rord-nn-kt0p2-fm1: Processing pair 27 from disk...
imw-rord-nn-kt0p2-fm1: 1 match-sets in 0.68s
Saved:
 CHIP_STATS_ALL.csv
 CHIP_STATS_SURVIVORS.csv
 CONSENSUS_SCORES.csv
 BEST_CHIP_SET.csv
 BEST_CHIP_MANIFEST.csv
 BEST_FINAL_SUMMARY.csv
[band1] imw-rord-nn-kt0p2-fm1 ok in 2.4 min, peak GPU memory 32.5 of 39.4 GB
[imw-rord-nn] Model unloaded.
--------------------------------------------------------------------------------
[band1] Running imw-rord-nn-kt0p2
[imw-rord-nn] Loading model...
[Coarse] pair 3: no reliable coarse offset (matcher: {'dx': -19111.555309295654, 'dy': -1645.9370040893555, 'support': 1, 'n': 4, 'peak': None}; phasecorr: {'dx': -16147.443677524008, 'dy': -26751.975000537102, 'support': None, 'n': None, 'peak': 0.00032880983234923565}); windows compared in place
[Coarse] pair 4: no reliable coarse offset (matcher: no matches; phasecorr: {'dx': 12882.472481301173, 'dy': 92621.70938170607, 'support': None, 'n': None, 'peak': -0.00012715039429841217}); windows compared in place
[Coarse] pair 5: no reliable coarse offset (matcher: no matches; phasecorr: {'dx': 3156.3479216096807, 'dy': 18300.67805989782, 'support': None, 'n': None, 'peak': 0.020832994549224774}); windows compared in place
[Coarse] pair 6: no reliable coarse offset (matcher: no matches; phasecorr: {'dx': -15852.800158210905, 'dy': 18737.59796077822, 'support': None, 'n': None, 'peak': -0.0027571213742097218}); windows compared in place
[Coarse] pair 7: no reliable coarse offset (matcher: {'dx': -18943.676834106445, 'dy': -1456.7380142211914, 'support': 2, 'n': 3, 'peak': None}; phasecorr: {'dx': -17660.72648465004, 'dy': -478.5174601560547, 'support': None, 'n': None, 'peak': 0.0218074359204816}); windows compared in place
[Coarse] pair 8: no reliable coarse offset (matcher: no matches; phasecorr: {'dx': -18002.059573769864, 'dy': -489.60497923140906, 'support': None, 'n': None, 'peak': 0.011968647486368816}); windows compared in place
[Coarse] pair 11: no reliable coarse offset (matcher: no matches; phasecorr: {'dx': -18107.733154651494, 'dy': -332.5590928480355, 'support': None, 'n': None, 'peak': 0.020898853179031604}); windows compared in place
[Coarse] pair 20: no reliable coarse offset (matcher: no matches; phasecorr: {'dx': -28903.23193639674, 'dy': -12953.216285335406, 'support': None, 'n': None, 'peak': 0.008737401829825507}); windows compared in place
[Coarse] pair 26: no reliable coarse offset (matcher: no matches; phasecorr: {'dx': -96306.08142606622, 'dy': -17142.367293993742, 'support': None, 'n': None, 'peak': 0.02253384519977334}); windows compared in place
[Coarse] pair 2: phase correlation gave dE=-8934 m dN=5487 m, 10.3 km from every offset the matcher measured; using pair 14's (dE=-17890 m dN=-231 m)
[Coarse] pair 10: phase correlation gave dE=43169 m dN=-4147 m, 60.8 km from every offset the matcher measured; using pair 14's (dE=-17890 m dN=-231 m)
[Coarse] pair 12: phase correlation gave dE=-1877 m dN=10017 m, 18.7 km from every offset the matcher measured; using pair 14's (dE=-17890 m dN=-231 m)
[Coarse] pair 13: phase correlation gave dE=7584 m dN=8567 m, 26.6 km from every offset the matcher measured; using pair 14's (dE=-17890 m dN=-231 m)
[Coarse] pair 18: phase correlation gave dE=744 m dN=-16615 m, 24.4 km from every offset the matcher measured; using pair 25's (dE=-17527 m dN=-230 m)
[Coarse] pair 19: phase correlation gave dE=11920 m dN=-17918 m, 34.3 km from every offset the matcher measured; using pair 25's (dE=-17527 m dN=-230 m)
[Coarse] pair 21: phase correlation gave dE=-11414 m dN=-17047 m, 17.7 km from every offset the matcher measured; using pair 25's (dE=-17527 m dN=-230 m)
[Coarse] pair 27: phase correlation gave dE=-97898 m dN=-6012 m, 80.0 km from every offset the matcher measured; using pair 23's (dE=-17913 m dN=-97 m)
[Coarse] imw-rord-nn-kt0p2 pair 1: dE=-18062.2 m dN=-904.8 m (phasecorr@315m, support=None, peak=0.03257782713572184) 
imw-rord-nn-kt0p2: Processing pair 1 from disk...
imw-rord-nn-kt0p2: 0 match-sets in 0.13s
[Coarse] imw-rord-nn-kt0p2 pair 2: dE=-17890.1 m dN=-231.4 m (from-pair-14 (phasecorr disagreed), support=None, peak=0.03413578109976686) 
imw-rord-nn-kt0p2: Processing pair 2 from disk...
imw-rord-nn-kt0p2: 1 match-sets in 0.15s
[Coarse] imw-rord-nn-kt0p2 pair 3: dE=-18062.2 m dN=-904.8 m (from-pair-1, support=None, peak=None) 
imw-rord-nn-kt0p2: Processing pair 3 from disk...
imw-rord-nn-kt0p2: 1 match-sets in 0.13s
[Coarse] imw-rord-nn-kt0p2 pair 4: dE=-17890.1 m dN=-231.4 m (from-pair-2, support=None, peak=None) 
imw-rord-nn-kt0p2: Processing pair 4 from disk...
imw-rord-nn-kt0p2: 1 match-sets in 0.17s
[Coarse] imw-rord-nn-kt0p2 pair 5: dE=-17890.1 m dN=-231.4 m (from-pair-2, support=None, peak=None) 
imw-rord-nn-kt0p2: Processing pair 5 from disk...
imw-rord-nn-kt0p2: 0 match-sets in 0.15s
[Coarse] imw-rord-nn-kt0p2 pair 6: dE=-17890.1 m dN=-231.4 m (from-pair-2, support=None, peak=None) 
imw-rord-nn-kt0p2: Processing pair 6 from disk...
imw-rord-nn-kt0p2: 0 match-sets in 0.18s
[Coarse] imw-rord-nn-kt0p2 pair 7: dE=-17790.5 m dN=-428.0 m (from-pair-9, support=None, peak=None) 
imw-rord-nn-kt0p2: Processing pair 7 from disk...
imw-rord-nn-kt0p2: 1 match-sets in 0.54s
[Coarse] imw-rord-nn-kt0p2 pair 8: dE=-17790.5 m dN=-428.0 m (from-pair-9, support=None, peak=None) 
imw-rord-nn-kt0p2: Processing pair 8 from disk...
imw-rord-nn-kt0p2: 2 match-sets in 0.60s
[Coarse] imw-rord-nn-kt0p2 pair 9: dE=-17790.5 m dN=-428.0 m (phasecorr@315m, support=None, peak=0.031066529352914596) 
imw-rord-nn-kt0p2: Processing pair 9 from disk...
imw-rord-nn-kt0p2: 2 match-sets in 0.45s
[Coarse] imw-rord-nn-kt0p2 pair 10: dE=-17890.1 m dN=-231.4 m (from-pair-14 (phasecorr disagreed), support=None, peak=0.04791493653487985) 
imw-rord-nn-kt0p2: Processing pair 10 from disk...
imw-rord-nn-kt0p2: 1 match-sets in 0.36s
[Coarse] imw-rord-nn-kt0p2 pair 11: dE=-17890.1 m dN=-231.4 m (from-pair-10, support=None, peak=None) 
imw-rord-nn-kt0p2: Processing pair 11 from disk...
imw-rord-nn-kt0p2: 1 match-sets in 0.37s
[Coarse] imw-rord-nn-kt0p2 pair 12: dE=-17890.1 m dN=-231.4 m (from-pair-14 (phasecorr disagreed), support=None, peak=0.1047012765466431) 
imw-rord-nn-kt0p2: Processing pair 12 from disk...
imw-rord-nn-kt0p2: 0 match-sets in 0.00s
[Coarse] imw-rord-nn-kt0p2 pair 13: dE=-17890.1 m dN=-231.4 m (from-pair-14 (phasecorr disagreed), support=None, peak=0.09384612739086151) 
imw-rord-nn-kt0p2: Processing pair 13 from disk...
imw-rord-nn-kt0p2: 0 match-sets in 0.00s
[Coarse] imw-rord-nn-kt0p2 pair 14: dE=-17890.1 m dN=-231.4 m (matcher@315m, support=33, peak=None) 
imw-rord-nn-kt0p2: Processing pair 14 from disk...
imw-rord-nn-kt0p2: 3 match-sets in 0.47s
[Coarse] imw-rord-nn-kt0p2 pair 15: dE=-17860.8 m dN=-531.6 m (matcher@315m, support=26, peak=None) 
imw-rord-nn-kt0p2: Processing pair 15 from disk...
imw-rord-nn-kt0p2: 3 match-sets in 0.46s
[Coarse] imw-rord-nn-kt0p2 pair 16: dE=-17891.6 m dN=-371.2 m (matcher@315m, support=37, peak=None) 
imw-rord-nn-kt0p2: Processing pair 16 from disk...
imw-rord-nn-kt0p2: 2 match-sets in 0.39s
[Coarse] imw-rord-nn-kt0p2 pair 17: dE=-18142.6 m dN=-410.9 m (matcher@315m, support=55, peak=None) 
imw-rord-nn-kt0p2: Processing pair 17 from disk...
imw-rord-nn-kt0p2: 2 match-sets in 0.38s
[Coarse] imw-rord-nn-kt0p2 pair 18: dE=-17527.2 m dN=-229.9 m (from-pair-25 (phasecorr disagreed), support=None, peak=0.06863816733713503) 
imw-rord-nn-kt0p2: Processing pair 18 from disk...
imw-rord-nn-kt0p2: 0 match-sets in 0.00s
[Coarse] imw-rord-nn-kt0p2 pair 19: dE=-17527.2 m dN=-229.9 m (from-pair-25 (phasecorr disagreed), support=None, peak=0.15104582491848204) 
imw-rord-nn-kt0p2: Processing pair 19 from disk...
imw-rord-nn-kt0p2: 0 match-sets in 0.00s
[Coarse] imw-rord-nn-kt0p2 pair 20: dE=-17527.2 m dN=-229.9 m (from-pair-19, support=None, peak=None) 
imw-rord-nn-kt0p2: Processing pair 20 from disk...
imw-rord-nn-kt0p2: 0 match-sets in 0.00s
[Coarse] imw-rord-nn-kt0p2 pair 21: dE=-17527.2 m dN=-229.9 m (from-pair-25 (phasecorr disagreed), support=None, peak=0.036990950946454645) 
imw-rord-nn-kt0p2: Processing pair 21 from disk...
imw-rord-nn-kt0p2: 0 match-sets in 0.00s
[Coarse] imw-rord-nn-kt0p2 pair 22: dE=-17878.3 m dN=-346.6 m (matcher@315m, support=29, peak=None) 
imw-rord-nn-kt0p2: Processing pair 22 from disk...
imw-rord-nn-kt0p2: 3 match-sets in 0.52s
[Coarse] imw-rord-nn-kt0p2 pair 23: dE=-17913.3 m dN=-96.9 m (matcher@315m, support=27, peak=None) 
imw-rord-nn-kt0p2: Processing pair 23 from disk...
imw-rord-nn-kt0p2: 2 match-sets in 0.51s
[Coarse] imw-rord-nn-kt0p2 pair 24: dE=-17586.2 m dN=-481.3 m (matcher@315m, support=18, peak=None) 
imw-rord-nn-kt0p2: Processing pair 24 from disk...
imw-rord-nn-kt0p2: 2 match-sets in 0.51s
[Coarse] imw-rord-nn-kt0p2 pair 25: dE=-17527.2 m dN=-229.9 m (matcher@315m, support=32, peak=None) 
imw-rord-nn-kt0p2: Processing pair 25 from disk...
imw-rord-nn-kt0p2: 3 match-sets in 0.53s
[Coarse] imw-rord-nn-kt0p2 pair 26: dE=-17913.3 m dN=-96.9 m (from-pair-27, support=None, peak=None) 
imw-rord-nn-kt0p2: Processing pair 26 from disk...
imw-rord-nn-kt0p2: 2 match-sets in 0.32s
[Coarse] imw-rord-nn-kt0p2 pair 27: dE=-17913.3 m dN=-96.9 m (from-pair-23 (phasecorr disagreed), support=None, peak=0.05064041456057702) 
imw-rord-nn-kt0p2: Processing pair 27 from disk...
imw-rord-nn-kt0p2: 1 match-sets in 0.32s
Saved:
 CHIP_STATS_ALL.csv
 CHIP_STATS_SURVIVORS.csv
 CONSENSUS_SCORES.csv
 BEST_CHIP_SET.csv
 BEST_CHIP_MANIFEST.csv
 BEST_FINAL_SUMMARY.csv
[band1] imw-rord-nn-kt0p2 ok in 0.3 min, peak GPU memory 0.7 of 39.4 GB
[imw-rord-nn] Model unloaded.
--------------------------------------------------------------------------------
[band1] Running imw-d2net-nn-kt0p2-fm1
[imw-d2net-nn] Loading model...
[Coarse] pair 3: no reliable coarse offset (matcher: {'dx': -20413.45853805542, 'dy': -7256.449127197266, 'support': 1, 'n': 8, 'peak': None}; phasecorr: {'dx': -16147.443677524008, 'dy': -26751.975000537102, 'support': None, 'n': None, 'peak': 0.00032880983234923565}); windows compared in place
[Coarse] pair 5: no reliable coarse offset (matcher: {'dx': -20090.915908813477, 'dy': -1398.8314819335938, 'support': 1, 'n': 6, 'peak': None}; phasecorr: {'dx': 3156.3479216096807, 'dy': 18300.67805989782, 'support': None, 'n': None, 'peak': 0.020832994549224774}); windows compared in place
[Coarse] pair 6: no reliable coarse offset (matcher: no matches; phasecorr: {'dx': -15852.800158210905, 'dy': 18737.59796077822, 'support': None, 'n': None, 'peak': -0.0027571213742097218}); windows compared in place
[Coarse] pair 8: no reliable coarse offset (matcher: no matches; phasecorr: {'dx': -18002.059573769864, 'dy': -489.60497923140906, 'support': None, 'n': None, 'peak': 0.011968647486368816}); windows compared in place
[Coarse] pair 11: no reliable coarse offset (matcher: no matches; phasecorr: {'dx': -18107.733154651494, 'dy': -332.5590928480355, 'support': None, 'n': None, 'peak': 0.020898853179031604}); windows compared in place
[Coarse] pair 20: no reliable coarse offset (matcher: no matches; phasecorr: {'dx': -28903.23193639674, 'dy': -12953.216285335406, 'support': None, 'n': None, 'peak': 0.008737401829825507}); windows compared in place
[Coarse] pair 26: no reliable coarse offset (matcher: no matches; phasecorr: {'dx': -96306.08142606622, 'dy': -17142.367293993742, 'support': None, 'n': None, 'peak': 0.02253384519977334}); windows compared in place
[Coarse] pair 2: phase correlation gave dE=-8934 m dN=5487 m, 10.3 km from every offset the matcher measured; using pair 1's (dE=-18061 m dN=-445 m)
[Coarse] pair 10: phase correlation gave dE=43169 m dN=-4147 m, 60.9 km from every offset the matcher measured; using pair 7's (dE=-17604 m dN=-595 m)
[Coarse] pair 12: phase correlation gave dE=-1877 m dN=10017 m, 18.7 km from every offset the matcher measured; using pair 7's (dE=-17604 m dN=-595 m)
[Coarse] pair 13: phase correlation gave dE=7584 m dN=8567 m, 26.6 km from every offset the matcher measured; using pair 7's (dE=-17604 m dN=-595 m)
[Coarse] pair 18: phase correlation gave dE=744 m dN=-16615 m, 24.4 km from every offset the matcher measured; using pair 25's (dE=-17930 m dN=214 m)
[Coarse] pair 19: phase correlation gave dE=11920 m dN=-17918 m, 34.2 km from every offset the matcher measured; using pair 25's (dE=-17930 m dN=214 m)
[Coarse] pair 21: phase correlation gave dE=-11414 m dN=-17047 m, 17.6 km from every offset the matcher measured; using pair 25's (dE=-17930 m dN=214 m)
[Coarse] pair 27: phase correlation gave dE=-97898 m dN=-6012 m, 80.0 km from every offset the matcher measured; using pair 23's (dE=-17604 m dN=-71 m)
[Coarse] imw-d2net-nn-kt0p2-fm1 pair 1: dE=-18060.9 m dN=-444.6 m (matcher@315m, support=13, peak=None) 
imw-d2net-nn-kt0p2-fm1: Processing pair 1 from disk...
imw-d2net-nn-kt0p2-fm1: 1 match-sets in 0.25s
[Coarse] imw-d2net-nn-kt0p2-fm1 pair 2: dE=-18060.9 m dN=-444.6 m (from-pair-1 (phasecorr disagreed), support=None, peak=0.03413578109976686) 
imw-d2net-nn-kt0p2-fm1: Processing pair 2 from disk...
imw-d2net-nn-kt0p2-fm1: 0 match-sets in 0.24s
[Coarse] imw-d2net-nn-kt0p2-fm1 pair 3: dE=-18060.9 m dN=-444.6 m (from-pair-1, support=None, peak=None) 
imw-d2net-nn-kt0p2-fm1: Processing pair 3 from disk...
imw-d2net-nn-kt0p2-fm1: 1 match-sets in 0.25s
[Coarse] imw-d2net-nn-kt0p2-fm1 pair 4: dE=-18094.3 m dN=-799.3 m (matcher@315m, support=9, peak=None) 
imw-d2net-nn-kt0p2-fm1: Processing pair 4 from disk...
imw-d2net-nn-kt0p2-fm1: 1 match-sets in 0.29s
[Coarse] imw-d2net-nn-kt0p2-fm1 pair 5: dE=-18094.3 m dN=-799.3 m (from-pair-4, support=None, peak=None) 
imw-d2net-nn-kt0p2-fm1: Processing pair 5 from disk...
imw-d2net-nn-kt0p2-fm1: 1 match-sets in 0.29s
[Coarse] imw-d2net-nn-kt0p2-fm1 pair 6: dE=-18094.3 m dN=-799.3 m (from-pair-4, support=None, peak=None) 
imw-d2net-nn-kt0p2-fm1: Processing pair 6 from disk...
imw-d2net-nn-kt0p2-fm1: 0 match-sets in 0.27s
[Coarse] imw-d2net-nn-kt0p2-fm1 pair 7: dE=-17604.4 m dN=-595.4 m (matcher@315m, support=9, peak=None) 
imw-d2net-nn-kt0p2-fm1: Processing pair 7 from disk...
imw-d2net-nn-kt0p2-fm1: 3 match-sets in 0.92s
[Coarse] imw-d2net-nn-kt0p2-fm1 pair 8: dE=-17604.4 m dN=-595.4 m (from-pair-7, support=None, peak=None) 
imw-d2net-nn-kt0p2-fm1: Processing pair 8 from disk...
imw-d2net-nn-kt0p2-fm1: 2 match-sets in 0.95s
[Coarse] imw-d2net-nn-kt0p2-fm1 pair 9: dE=-17790.5 m dN=-428.0 m (phasecorr@315m, support=None, peak=0.031066529352914596) 
imw-d2net-nn-kt0p2-fm1: Processing pair 9 from disk...
imw-d2net-nn-kt0p2-fm1: 3 match-sets in 0.92s
[Coarse] imw-d2net-nn-kt0p2-fm1 pair 10: dE=-17604.4 m dN=-595.4 m (from-pair-7 (phasecorr disagreed), support=None, peak=0.04791493653487985) 
imw-d2net-nn-kt0p2-fm1: Processing pair 10 from disk...
imw-d2net-nn-kt0p2-fm1: 1 match-sets in 0.77s
[Coarse] imw-d2net-nn-kt0p2-fm1 pair 11: dE=-17604.4 m dN=-595.4 m (from-pair-10, support=None, peak=None) 
imw-d2net-nn-kt0p2-fm1: Processing pair 11 from disk...
imw-d2net-nn-kt0p2-fm1: 1 match-sets in 0.77s
[Coarse] imw-d2net-nn-kt0p2-fm1 pair 12: dE=-17604.4 m dN=-595.4 m (from-pair-7 (phasecorr disagreed), support=None, peak=0.1047012765466431) 
imw-d2net-nn-kt0p2-fm1: Processing pair 12 from disk...
imw-d2net-nn-kt0p2-fm1: 0 match-sets in 0.00s
[Coarse] imw-d2net-nn-kt0p2-fm1 pair 13: dE=-17604.4 m dN=-595.4 m (from-pair-7 (phasecorr disagreed), support=None, peak=0.09384612739086151) 
imw-d2net-nn-kt0p2-fm1: Processing pair 13 from disk...
imw-d2net-nn-kt0p2-fm1: 0 match-sets in 0.00s
[Coarse] imw-d2net-nn-kt0p2-fm1 pair 14: dE=-17718.7 m dN=-285.4 m (matcher@315m, support=26, peak=None) 
imw-d2net-nn-kt0p2-fm1: Processing pair 14 from disk...
imw-d2net-nn-kt0p2-fm1: 2 match-sets in 0.99s
[Coarse] imw-d2net-nn-kt0p2-fm1 pair 15: dE=-17954.1 m dN=-409.0 m (matcher@315m, support=32, peak=None) 
imw-d2net-nn-kt0p2-fm1: Processing pair 15 from disk...
imw-d2net-nn-kt0p2-fm1: 3 match-sets in 1.01s
[Coarse] imw-d2net-nn-kt0p2-fm1 pair 16: dE=-18070.7 m dN=-604.1 m (matcher@315m, support=29, peak=None) 
imw-d2net-nn-kt0p2-fm1: Processing pair 16 from disk...
imw-d2net-nn-kt0p2-fm1: 2 match-sets in 0.76s
[Coarse] imw-d2net-nn-kt0p2-fm1 pair 17: dE=-17967.0 m dN=-133.4 m (matcher@315m, support=40, peak=None) 
imw-d2net-nn-kt0p2-fm1: Processing pair 17 from disk...
imw-d2net-nn-kt0p2-fm1: 2 match-sets in 0.77s
[Coarse] imw-d2net-nn-kt0p2-fm1 pair 18: dE=-17930.3 m dN=214.4 m (from-pair-25 (phasecorr disagreed), support=None, peak=0.06863816733713503) 
imw-d2net-nn-kt0p2-fm1: Processing pair 18 from disk...
imw-d2net-nn-kt0p2-fm1: 0 match-sets in 0.00s
[Coarse] imw-d2net-nn-kt0p2-fm1 pair 19: dE=-17930.3 m dN=214.4 m (from-pair-25 (phasecorr disagreed), support=None, peak=0.15104582491848204) 
imw-d2net-nn-kt0p2-fm1: Processing pair 19 from disk...
imw-d2net-nn-kt0p2-fm1: 0 match-sets in 0.00s
[Coarse] imw-d2net-nn-kt0p2-fm1 pair 20: dE=-17930.3 m dN=214.4 m (from-pair-19, support=None, peak=None) 
imw-d2net-nn-kt0p2-fm1: Processing pair 20 from disk...
imw-d2net-nn-kt0p2-fm1: 0 match-sets in 0.00s
[Coarse] imw-d2net-nn-kt0p2-fm1 pair 21: dE=-17930.3 m dN=214.4 m (from-pair-25 (phasecorr disagreed), support=None, peak=0.036990950946454645) 
imw-d2net-nn-kt0p2-fm1: Processing pair 21 from disk...
imw-d2net-nn-kt0p2-fm1: 0 match-sets in 0.00s
[Coarse] imw-d2net-nn-kt0p2-fm1 pair 22: dE=-18006.3 m dN=499.2 m (matcher@315m, support=11, peak=None) 
imw-d2net-nn-kt0p2-fm1: Processing pair 22 from disk...
imw-d2net-nn-kt0p2-fm1: 2 match-sets in 1.10s
[Coarse] imw-d2net-nn-kt0p2-fm1 pair 23: dE=-17604.0 m dN=-71.0 m (matcher@315m, support=15, peak=None) 
imw-d2net-nn-kt0p2-fm1: Processing pair 23 from disk...
imw-d2net-nn-kt0p2-fm1: 3 match-sets in 1.14s
[Coarse] imw-d2net-nn-kt0p2-fm1 pair 24: dE=-17928.8 m dN=-415.6 m (phasecorr@315m, support=None, peak=0.035175936365127565) 
imw-d2net-nn-kt0p2-fm1: Processing pair 24 from disk...
imw-d2net-nn-kt0p2-fm1: 2 match-sets in 1.27s
[Coarse] imw-d2net-nn-kt0p2-fm1 pair 25: dE=-17930.3 m dN=214.4 m (matcher@315m, support=23, peak=None) 
imw-d2net-nn-kt0p2-fm1: Processing pair 25 from disk...
imw-d2net-nn-kt0p2-fm1: 2 match-sets in 1.10s
[Coarse] imw-d2net-nn-kt0p2-fm1 pair 26: dE=-17604.0 m dN=-71.0 m (from-pair-27, support=None, peak=None) 
imw-d2net-nn-kt0p2-fm1: Processing pair 26 from disk...
imw-d2net-nn-kt0p2-fm1: 1 match-sets in 0.62s
[Coarse] imw-d2net-nn-kt0p2-fm1 pair 27: dE=-17604.0 m dN=-71.0 m (from-pair-23 (phasecorr disagreed), support=None, peak=0.05064041456057702) 
imw-d2net-nn-kt0p2-fm1: Processing pair 27 from disk...
imw-d2net-nn-kt0p2-fm1: 1 match-sets in 0.63s
Saved:
 CHIP_STATS_ALL.csv
 CHIP_STATS_SURVIVORS.csv
 CONSENSUS_SCORES.csv
 BEST_CHIP_SET.csv
 BEST_CHIP_MANIFEST.csv
 BEST_FINAL_SUMMARY.csv
[band1] imw-d2net-nn-kt0p2-fm1 ok in 0.5 min, peak GPU memory 2.6 of 39.4 GB
[imw-d2net-nn] Model unloaded.
--------------------------------------------------------------------------------
[band1] Running imw-d2net-nn-kt0p2
[imw-d2net-nn] Loading model...
[Coarse] pair 3: no reliable coarse offset (matcher: {'dx': -19649.840927124023, 'dy': -1650.5368423461914, 'support': 3, 'n': 5, 'peak': None}; phasecorr: {'dx': -16147.443677524008, 'dy': -26751.975000537102, 'support': None, 'n': None, 'peak': 0.00032880983234923565}); windows compared in place
[Coarse] pair 6: no reliable coarse offset (matcher: {'dx': -17675.29426574707, 'dy': -982.3274230957031, 'support': 3, 'n': 5, 'peak': None}; phasecorr: {'dx': -15852.800158210905, 'dy': 18737.59796077822, 'support': None, 'n': None, 'peak': -0.0027571213742097218}); windows compared in place
[Coarse] pair 8: no reliable coarse offset (matcher: {'dx': -18909.286193847656, 'dy': -1333.0278396606445, 'support': 7, 'n': 8, 'peak': None}; phasecorr: {'dx': -18002.059573769864, 'dy': -489.60497923140906, 'support': None, 'n': None, 'peak': 0.011968647486368816}); windows compared in place
[Coarse] pair 11: no reliable coarse offset (matcher: no matches; phasecorr: {'dx': -18107.733154651494, 'dy': -332.5590928480355, 'support': None, 'n': None, 'peak': 0.020898853179031604}); windows compared in place
[Coarse] pair 20: no reliable coarse offset (matcher: no matches; phasecorr: {'dx': -28903.23193639674, 'dy': -12953.216285335406, 'support': None, 'n': None, 'peak': 0.008737401829825507}); windows compared in place
[Coarse] pair 26: no reliable coarse offset (matcher: no matches; phasecorr: {'dx': -96306.08142606622, 'dy': -17142.367293993742, 'support': None, 'n': None, 'peak': 0.02253384519977334}); windows compared in place
[Coarse] pair 2: phase correlation gave dE=-8934 m dN=5487 m, 10.4 km from every offset the matcher measured; using pair 5's (dE=-18756 m dN=-848 m)
[Coarse] pair 10: phase correlation gave dE=43169 m dN=-4147 m, 60.8 km from every offset the matcher measured; using pair 7's (dE=-18241 m dN=-588 m)
[Coarse] pair 12: phase correlation gave dE=-1877 m dN=10017 m, 18.8 km from every offset the matcher measured; using pair 7's (dE=-18241 m dN=-588 m)
[Coarse] pair 13: phase correlation gave dE=7584 m dN=8567 m, 26.7 km from every offset the matcher measured; using pair 7's (dE=-18241 m dN=-588 m)
[Coarse] pair 18: phase correlation gave dE=744 m dN=-16615 m, 24.4 km from every offset the matcher measured; using pair 25's (dE=-17559 m dN=-295 m)
[Coarse] pair 19: phase correlation gave dE=11920 m dN=-17918 m, 34.3 km from every offset the matcher measured; using pair 25's (dE=-17559 m dN=-295 m)
[Coarse] pair 21: phase correlation gave dE=-11414 m dN=-17047 m, 17.4 km from every offset the matcher measured; using pair 25's (dE=-17559 m dN=-295 m)
[Coarse] pair 27: phase correlation gave dE=-97898 m dN=-6012 m, 79.3 km from every offset the matcher measured; using pair 23's (dE=-17950 m dN=-170 m)
[Coarse] imw-d2net-nn-kt0p2 pair 1: dE=-18062.2 m dN=-904.8 m (phasecorr@315m, support=None, peak=0.03257782713572184) 
imw-d2net-nn-kt0p2: Processing pair 1 from disk...
imw-d2net-nn-kt0p2: 1 match-sets in 0.11s
[Coarse] imw-d2net-nn-kt0p2 pair 2: dE=-18755.7 m dN=-848.2 m (from-pair-5 (phasecorr disagreed), support=None, peak=0.03413578109976686) 
imw-d2net-nn-kt0p2: Processing pair 2 from disk...
imw-d2net-nn-kt0p2: 1 match-sets in 0.12s
[Coarse] imw-d2net-nn-kt0p2 pair 3: dE=-18062.2 m dN=-904.8 m (from-pair-1, support=None, peak=None) 
imw-d2net-nn-kt0p2: Processing pair 3 from disk...
imw-d2net-nn-kt0p2: 1 match-sets in 0.12s
[Coarse] imw-d2net-nn-kt0p2 pair 4: dE=-18193.7 m dN=-291.7 m (matcher@315m, support=15, peak=None) 
imw-d2net-nn-kt0p2: Processing pair 4 from disk...
imw-d2net-nn-kt0p2: 1 match-sets in 0.13s
[Coarse] imw-d2net-nn-kt0p2 pair 5: dE=-18755.7 m dN=-848.2 m (matcher@315m, support=10, peak=None) 
imw-d2net-nn-kt0p2: Processing pair 5 from disk...
imw-d2net-nn-kt0p2: 1 match-sets in 0.13s
[Coarse] imw-d2net-nn-kt0p2 pair 6: dE=-18755.7 m dN=-848.2 m (from-pair-5, support=None, peak=None) 
imw-d2net-nn-kt0p2: Processing pair 6 from disk...
imw-d2net-nn-kt0p2: 1 match-sets in 0.13s
[Coarse] imw-d2net-nn-kt0p2 pair 7: dE=-18241.5 m dN=-588.4 m (matcher@315m, support=20, peak=None) 
imw-d2net-nn-kt0p2: Processing pair 7 from disk...
imw-d2net-nn-kt0p2: 2 match-sets in 0.41s
[Coarse] imw-d2net-nn-kt0p2 pair 8: dE=-18241.5 m dN=-588.4 m (from-pair-7, support=None, peak=None) 
imw-d2net-nn-kt0p2: Processing pair 8 from disk...
imw-d2net-nn-kt0p2: 2 match-sets in 0.43s
[Coarse] imw-d2net-nn-kt0p2 pair 9: dE=-18572.7 m dN=-18.2 m (matcher@315m, support=9, peak=None) 
imw-d2net-nn-kt0p2: Processing pair 9 from disk...
imw-d2net-nn-kt0p2: 2 match-sets in 1.13s
[Coarse] imw-d2net-nn-kt0p2 pair 10: dE=-18241.5 m dN=-588.4 m (from-pair-7 (phasecorr disagreed), support=None, peak=0.04791493653487985) 
imw-d2net-nn-kt0p2: Processing pair 10 from disk...
imw-d2net-nn-kt0p2: 1 match-sets in 0.37s
[Coarse] imw-d2net-nn-kt0p2 pair 11: dE=-18241.5 m dN=-588.4 m (from-pair-10, support=None, peak=None) 
imw-d2net-nn-kt0p2: Processing pair 11 from disk...
imw-d2net-nn-kt0p2: 2 match-sets in 0.41s
[Coarse] imw-d2net-nn-kt0p2 pair 12: dE=-18241.5 m dN=-588.4 m (from-pair-7 (phasecorr disagreed), support=None, peak=0.1047012765466431) 
imw-d2net-nn-kt0p2: Processing pair 12 from disk...
imw-d2net-nn-kt0p2: 0 match-sets in 0.00s
[Coarse] imw-d2net-nn-kt0p2 pair 13: dE=-18241.5 m dN=-588.4 m (from-pair-7 (phasecorr disagreed), support=None, peak=0.09384612739086151) 
imw-d2net-nn-kt0p2: Processing pair 13 from disk...
imw-d2net-nn-kt0p2: 0 match-sets in 0.00s
[Coarse] imw-d2net-nn-kt0p2 pair 14: dE=-17874.9 m dN=-316.2 m (matcher@315m, support=44, peak=None) 
imw-d2net-nn-kt0p2: Processing pair 14 from disk...
imw-d2net-nn-kt0p2: 3 match-sets in 0.47s
[Coarse] imw-d2net-nn-kt0p2 pair 15: dE=-17956.8 m dN=-213.2 m (matcher@315m, support=58, peak=None) 
imw-d2net-nn-kt0p2: Processing pair 15 from disk...
imw-d2net-nn-kt0p2: 2 match-sets in 0.46s
[Coarse] imw-d2net-nn-kt0p2 pair 16: dE=-18007.9 m dN=-331.4 m (matcher@315m, support=59, peak=None) 
imw-d2net-nn-kt0p2: Processing pair 16 from disk...
imw-d2net-nn-kt0p2: 2 match-sets in 0.37s
[Coarse] imw-d2net-nn-kt0p2 pair 17: dE=-18118.4 m dN=-411.5 m (matcher@315m, support=95, peak=None) 
imw-d2net-nn-kt0p2: Processing pair 17 from disk...
imw-d2net-nn-kt0p2: 2 match-sets in 0.36s
[Coarse] imw-d2net-nn-kt0p2 pair 18: dE=-17558.8 m dN=-295.4 m (from-pair-25 (phasecorr disagreed), support=None, peak=0.06863816733713503) 
imw-d2net-nn-kt0p2: Processing pair 18 from disk...
imw-d2net-nn-kt0p2: 0 match-sets in 0.00s
[Coarse] imw-d2net-nn-kt0p2 pair 19: dE=-17558.8 m dN=-295.4 m (from-pair-25 (phasecorr disagreed), support=None, peak=0.15104582491848204) 
imw-d2net-nn-kt0p2: Processing pair 19 from disk...
imw-d2net-nn-kt0p2: 0 match-sets in 0.00s
[Coarse] imw-d2net-nn-kt0p2 pair 20: dE=-17558.8 m dN=-295.4 m (from-pair-19, support=None, peak=None) 
imw-d2net-nn-kt0p2: Processing pair 20 from disk...
imw-d2net-nn-kt0p2: 0 match-sets in 0.00s
[Coarse] imw-d2net-nn-kt0p2 pair 21: dE=-17558.8 m dN=-295.4 m (from-pair-25 (phasecorr disagreed), support=None, peak=0.036990950946454645) 
imw-d2net-nn-kt0p2: Processing pair 21 from disk...
imw-d2net-nn-kt0p2: 0 match-sets in 0.00s
[Coarse] imw-d2net-nn-kt0p2 pair 22: dE=-17793.4 m dN=-176.8 m (matcher@315m, support=42, peak=None) 
imw-d2net-nn-kt0p2: Processing pair 22 from disk...
imw-d2net-nn-kt0p2: 2 match-sets in 0.51s
[Coarse] imw-d2net-nn-kt0p2 pair 23: dE=-17949.8 m dN=-169.7 m (matcher@315m, support=44, peak=None) 
imw-d2net-nn-kt0p2: Processing pair 23 from disk...
imw-d2net-nn-kt0p2: 4 match-sets in 0.51s
[Coarse] imw-d2net-nn-kt0p2 pair 24: dE=-17930.6 m dN=-876.4 m (matcher@315m, support=8, peak=None) 
imw-d2net-nn-kt0p2: Processing pair 24 from disk...
imw-d2net-nn-kt0p2: 3 match-sets in 0.48s
[Coarse] imw-d2net-nn-kt0p2 pair 25: dE=-17558.8 m dN=-295.4 m (matcher@315m, support=35, peak=None) 
imw-d2net-nn-kt0p2: Processing pair 25 from disk...
imw-d2net-nn-kt0p2: 3 match-sets in 0.48s
[Coarse] imw-d2net-nn-kt0p2 pair 26: dE=-17949.8 m dN=-169.7 m (from-pair-27, support=None, peak=None) 
imw-d2net-nn-kt0p2: Processing pair 26 from disk...
imw-d2net-nn-kt0p2: 2 match-sets in 0.30s
[Coarse] imw-d2net-nn-kt0p2 pair 27: dE=-17949.8 m dN=-169.7 m (from-pair-23 (phasecorr disagreed), support=None, peak=0.05064041456057702) 
imw-d2net-nn-kt0p2: Processing pair 27 from disk...
imw-d2net-nn-kt0p2: 2 match-sets in 0.30s
Saved:
 CHIP_STATS_ALL.csv
 CHIP_STATS_SURVIVORS.csv
 CONSENSUS_SCORES.csv
 BEST_CHIP_SET.csv
 BEST_CHIP_MANIFEST.csv
 BEST_FINAL_SUMMARY.csv
[band1] imw-d2net-nn-kt0p2 ok in 0.3 min, peak GPU memory 8.2 of 39.4 GB
[imw-d2net-nn] Model unloaded.
--------------------------------------------------------------------------------
[band1] Running imw-alike-nn-kt0p2-fm1-fsp1
[imw-alike-nn] Loading model...
[Coarse] pair 3: no reliable coarse offset (matcher: no matches; phasecorr: {'dx': -16147.443677524008, 'dy': -26751.975000537102, 'support': None, 'n': None, 'peak': 0.00032880983234923565}); windows compared in place
[Coarse] pair 4: no reliable coarse offset (matcher: no matches; phasecorr: {'dx': 12882.472481301173, 'dy': 92621.70938170607, 'support': None, 'n': None, 'peak': -0.00012715039429841217}); windows compared in place
[Coarse] pair 5: no reliable coarse offset (matcher: {'dx': -20536.348600387573, 'dy': 322.81299591064453, 'support': 2, 'n': 5, 'peak': None}; phasecorr: {'dx': 3156.3479216096807, 'dy': 18300.67805989782, 'support': None, 'n': None, 'peak': 0.020832994549224774}); windows compared in place
[Coarse] pair 6: no reliable coarse offset (matcher: {'dx': -18986.21452331543, 'dy': 8446.269149780273, 'support': 1, 'n': 3, 'peak': None}; phasecorr: {'dx': -15852.800158210905, 'dy': 18737.59796077822, 'support': None, 'n': None, 'peak': -0.0027571213742097218}); windows compared in place
[Coarse] pair 7: no reliable coarse offset (matcher: no matches; phasecorr: {'dx': -17660.72648465004, 'dy': -478.5174601560547, 'support': None, 'n': None, 'peak': 0.0218074359204816}); windows compared in place
[Coarse] pair 8: no reliable coarse offset (matcher: no matches; phasecorr: {'dx': -18002.059573769864, 'dy': -489.60497923140906, 'support': None, 'n': None, 'peak': 0.011968647486368816}); windows compared in place
[Coarse] pair 11: no reliable coarse offset (matcher: no matches; phasecorr: {'dx': -18107.733154651494, 'dy': -332.5590928480355, 'support': None, 'n': None, 'peak': 0.020898853179031604}); windows compared in place
[Coarse] pair 20: no reliable coarse offset (matcher: no matches; phasecorr: {'dx': -28903.23193639674, 'dy': -12953.216285335406, 'support': None, 'n': None, 'peak': 0.008737401829825507}); windows compared in place
[Coarse] pair 26: no reliable coarse offset (matcher: no matches; phasecorr: {'dx': -96306.08142606622, 'dy': -17142.367293993742, 'support': None, 'n': None, 'peak': 0.02253384519977334}); windows compared in place
[Coarse] pair 2: phase correlation gave dE=-8934 m dN=5487 m, 10.6 km from every offset the matcher measured; using pair 14's (dE=-17860 m dN=-172 m)
[Coarse] pair 10: phase correlation gave dE=43169 m dN=-4147 m, 61.2 km from every offset the matcher measured; using pair 14's (dE=-17860 m dN=-172 m)
[Coarse] pair 12: phase correlation gave dE=-1877 m dN=10017 m, 19.0 km from every offset the matcher measured; using pair 14's (dE=-17860 m dN=-172 m)
[Coarse] pair 13: phase correlation gave dE=7584 m dN=8567 m, 26.9 km from every offset the matcher measured; using pair 14's (dE=-17860 m dN=-172 m)
[Coarse] pair 18: phase correlation gave dE=744 m dN=-16615 m, 24.8 km from every offset the matcher measured; using pair 15's (dE=-17944 m dN=-233 m)
[Coarse] pair 19: phase correlation gave dE=11920 m dN=-17918 m, 34.6 km from every offset the matcher measured; using pair 15's (dE=-17944 m dN=-233 m)
[Coarse] pair 21: phase correlation gave dE=-11414 m dN=-17047 m, 18.0 km from every offset the matcher measured; using pair 15's (dE=-17944 m dN=-233 m)
[Coarse] pair 27: phase correlation gave dE=-97898 m dN=-6012 m, 80.1 km from every offset the matcher measured; using pair 17's (dE=-18037 m dN=-264 m)
[Coarse] imw-alike-nn-kt0p2-fm1-fsp1 pair 1: dE=-18062.2 m dN=-904.8 m (phasecorr@315m, support=None, peak=0.03257782713572184) 
imw-alike-nn-kt0p2-fm1-fsp1: Processing pair 1 from disk...
imw-alike-nn-kt0p2-fm1-fsp1: 1 match-sets in 0.15s
[Coarse] imw-alike-nn-kt0p2-fm1-fsp1 pair 2: dE=-17859.9 m dN=-171.9 m (from-pair-14 (phasecorr disagreed), support=None, peak=0.03413578109976686) 
imw-alike-nn-kt0p2-fm1-fsp1: Processing pair 2 from disk...
imw-alike-nn-kt0p2-fm1-fsp1: 1 match-sets in 0.09s
[Coarse] imw-alike-nn-kt0p2-fm1-fsp1 pair 3: dE=-18062.2 m dN=-904.8 m (from-pair-1, support=None, peak=None) 
imw-alike-nn-kt0p2-fm1-fsp1: Processing pair 3 from disk...
imw-alike-nn-kt0p2-fm1-fsp1: 1 match-sets in 0.07s
[Coarse] imw-alike-nn-kt0p2-fm1-fsp1 pair 4: dE=-17859.9 m dN=-171.9 m (from-pair-2, support=None, peak=None) 
imw-alike-nn-kt0p2-fm1-fsp1: Processing pair 4 from disk...
imw-alike-nn-kt0p2-fm1-fsp1: 1 match-sets in 0.24s
[Coarse] imw-alike-nn-kt0p2-fm1-fsp1 pair 5: dE=-17859.9 m dN=-171.9 m (from-pair-2, support=None, peak=None) 
imw-alike-nn-kt0p2-fm1-fsp1: Processing pair 5 from disk...
imw-alike-nn-kt0p2-fm1-fsp1: 1 match-sets in 0.17s
[Coarse] imw-alike-nn-kt0p2-fm1-fsp1 pair 6: dE=-17859.9 m dN=-171.9 m (from-pair-2, support=None, peak=None) 
imw-alike-nn-kt0p2-fm1-fsp1: Processing pair 6 from disk...
imw-alike-nn-kt0p2-fm1-fsp1: 1 match-sets in 0.09s
[Coarse] imw-alike-nn-kt0p2-fm1-fsp1 pair 7: dE=-17790.5 m dN=-428.0 m (from-pair-9, support=None, peak=None) 
imw-alike-nn-kt0p2-fm1-fsp1: Processing pair 7 from disk...
imw-alike-nn-kt0p2-fm1-fsp1: 3 match-sets in 0.70s
[Coarse] imw-alike-nn-kt0p2-fm1-fsp1 pair 8: dE=-17790.5 m dN=-428.0 m (from-pair-9, support=None, peak=None) 
imw-alike-nn-kt0p2-fm1-fsp1: Processing pair 8 from disk...
imw-alike-nn-kt0p2-fm1-fsp1: 3 match-sets in 0.41s
[Coarse] imw-alike-nn-kt0p2-fm1-fsp1 pair 9: dE=-17790.5 m dN=-428.0 m (phasecorr@315m, support=None, peak=0.031066529352914596) 
imw-alike-nn-kt0p2-fm1-fsp1: Processing pair 9 from disk...
imw-alike-nn-kt0p2-fm1-fsp1: 3 match-sets in 0.48s
[Coarse] imw-alike-nn-kt0p2-fm1-fsp1 pair 10: dE=-17859.9 m dN=-171.9 m (from-pair-14 (phasecorr disagreed), support=None, peak=0.04791493653487985) 
imw-alike-nn-kt0p2-fm1-fsp1: Processing pair 10 from disk...
imw-alike-nn-kt0p2-fm1-fsp1: 2 match-sets in 0.48s
[Coarse] imw-alike-nn-kt0p2-fm1-fsp1 pair 11: dE=-17859.9 m dN=-171.9 m (from-pair-10, support=None, peak=None) 
imw-alike-nn-kt0p2-fm1-fsp1: Processing pair 11 from disk...
imw-alike-nn-kt0p2-fm1-fsp1: 2 match-sets in 0.27s
[Coarse] imw-alike-nn-kt0p2-fm1-fsp1 pair 12: dE=-17859.9 m dN=-171.9 m (from-pair-14 (phasecorr disagreed), support=None, peak=0.1047012765466431) 
imw-alike-nn-kt0p2-fm1-fsp1: Processing pair 12 from disk...
imw-alike-nn-kt0p2-fm1-fsp1: 0 match-sets in 0.00s
[Coarse] imw-alike-nn-kt0p2-fm1-fsp1 pair 13: dE=-17859.9 m dN=-171.9 m (from-pair-14 (phasecorr disagreed), support=None, peak=0.09384612739086151) 
imw-alike-nn-kt0p2-fm1-fsp1: Processing pair 13 from disk...
imw-alike-nn-kt0p2-fm1-fsp1: 0 match-sets in 0.00s
[Coarse] imw-alike-nn-kt0p2-fm1-fsp1 pair 14: dE=-17859.9 m dN=-171.9 m (matcher@315m, support=38, peak=None) 
imw-alike-nn-kt0p2-fm1-fsp1: Processing pair 14 from disk...
imw-alike-nn-kt0p2-fm1-fsp1: 3 match-sets in 0.51s
[Coarse] imw-alike-nn-kt0p2-fm1-fsp1 pair 15: dE=-17943.7 m dN=-233.2 m (matcher@315m, support=73, peak=None) 
imw-alike-nn-kt0p2-fm1-fsp1: Processing pair 15 from disk...
imw-alike-nn-kt0p2-fm1-fsp1: 3 match-sets in 0.29s
[Coarse] imw-alike-nn-kt0p2-fm1-fsp1 pair 16: dE=-17903.0 m dN=-289.8 m (matcher@315m, support=26, peak=None) 
imw-alike-nn-kt0p2-fm1-fsp1: Processing pair 16 from disk...
imw-alike-nn-kt0p2-fm1-fsp1: 2 match-sets in 0.24s
[Coarse] imw-alike-nn-kt0p2-fm1-fsp1 pair 17: dE=-18037.2 m dN=-263.5 m (matcher@315m, support=35, peak=None) 
imw-alike-nn-kt0p2-fm1-fsp1: Processing pair 17 from disk...
imw-alike-nn-kt0p2-fm1-fsp1: 2 match-sets in 0.21s
[Coarse] imw-alike-nn-kt0p2-fm1-fsp1 pair 18: dE=-17943.7 m dN=-233.2 m (from-pair-15 (phasecorr disagreed), support=None, peak=0.06863816733713503) 
imw-alike-nn-kt0p2-fm1-fsp1: Processing pair 18 from disk...
imw-alike-nn-kt0p2-fm1-fsp1: 0 match-sets in 0.00s
[Coarse] imw-alike-nn-kt0p2-fm1-fsp1 pair 19: dE=-17943.7 m dN=-233.2 m (from-pair-15 (phasecorr disagreed), support=None, peak=0.15104582491848204) 
imw-alike-nn-kt0p2-fm1-fsp1: Processing pair 19 from disk...
imw-alike-nn-kt0p2-fm1-fsp1: 0 match-sets in 0.00s
[Coarse] imw-alike-nn-kt0p2-fm1-fsp1 pair 20: dE=-17943.7 m dN=-233.2 m (from-pair-19, support=None, peak=None) 
imw-alike-nn-kt0p2-fm1-fsp1: Processing pair 20 from disk...
imw-alike-nn-kt0p2-fm1-fsp1: 0 match-sets in 0.00s
[Coarse] imw-alike-nn-kt0p2-fm1-fsp1 pair 21: dE=-17943.7 m dN=-233.2 m (from-pair-15 (phasecorr disagreed), support=None, peak=0.036990950946454645) 
imw-alike-nn-kt0p2-fm1-fsp1: Processing pair 21 from disk...
imw-alike-nn-kt0p2-fm1-fsp1: 0 match-sets in 0.00s
[Coarse] imw-alike-nn-kt0p2-fm1-fsp1 pair 22: dE=-17882.3 m dN=-311.5 m (phasecorr@315m, support=None, peak=0.12721613845825194) 
imw-alike-nn-kt0p2-fm1-fsp1: Processing pair 22 from disk...
imw-alike-nn-kt0p2-fm1-fsp1: 4 match-sets in 0.48s
[Coarse] imw-alike-nn-kt0p2-fm1-fsp1 pair 23: dE=-17911.9 m dN=-326.6 m (phasecorr@315m, support=None, peak=0.12881409482955933) 
imw-alike-nn-kt0p2-fm1-fsp1: Processing pair 23 from disk...
imw-alike-nn-kt0p2-fm1-fsp1: 4 match-sets in 0.24s
[Coarse] imw-alike-nn-kt0p2-fm1-fsp1 pair 24: dE=-17928.8 m dN=-415.6 m (phasecorr@315m, support=None, peak=0.035175936365127565) 
imw-alike-nn-kt0p2-fm1-fsp1: Processing pair 24 from disk...
imw-alike-nn-kt0p2-fm1-fsp1: 4 match-sets in 0.26s
[Coarse] imw-alike-nn-kt0p2-fm1-fsp1 pair 25: dE=-17844.2 m dN=-348.0 m (phasecorr@315m, support=None, peak=0.15328786741892497) 
imw-alike-nn-kt0p2-fm1-fsp1: Processing pair 25 from disk...
imw-alike-nn-kt0p2-fm1-fsp1: 4 match-sets in 0.24s
[Coarse] imw-alike-nn-kt0p2-fm1-fsp1 pair 26: dE=-18037.2 m dN=-263.5 m (from-pair-27, support=None, peak=None) 
imw-alike-nn-kt0p2-fm1-fsp1: Processing pair 26 from disk...
imw-alike-nn-kt0p2-fm1-fsp1: 2 match-sets in 0.22s
[Coarse] imw-alike-nn-kt0p2-fm1-fsp1 pair 27: dE=-18037.2 m dN=-263.5 m (from-pair-17 (phasecorr disagreed), support=None, peak=0.05064041456057702) 
imw-alike-nn-kt0p2-fm1-fsp1: Processing pair 27 from disk...
imw-alike-nn-kt0p2-fm1-fsp1: 2 match-sets in 0.15s
Saved:
 CHIP_STATS_ALL.csv
 CHIP_STATS_SURVIVORS.csv
 CONSENSUS_SCORES.csv
 BEST_CHIP_SET.csv
 BEST_CHIP_MANIFEST.csv
 BEST_FINAL_SUMMARY.csv
[band1] imw-alike-nn-kt0p2-fm1-fsp1 ok in 0.2 min, peak GPU memory 2.1 of 39.4 GB
[imw-alike-nn] Model unloaded.
--------------------------------------------------------------------------------
[band1] Running imw-alike-nn-kt0p2-fm1
[imw-alike-nn] Loading model...
[Coarse] pair 3: no reliable coarse offset (matcher: {'dx': -20474.99939918518, 'dy': -4725.0, 'support': 1, 'n': 5, 'peak': None}; phasecorr: {'dx': -16147.443677524008, 'dy': -26751.975000537102, 'support': None, 'n': None, 'peak': 0.00032880983234923565}); windows compared in place
[Coarse] pair 4: no reliable coarse offset (matcher: no matches; phasecorr: {'dx': 12882.472481301173, 'dy': 92621.70938170607, 'support': None, 'n': None, 'peak': -0.00012715039429841217}); windows compared in place
[Coarse] pair 5: no reliable coarse offset (matcher: {'dx': -20159.99939918518, 'dy': 3150.0, 'support': 1, 'n': 4, 'peak': None}; phasecorr: {'dx': 3156.3479216096807, 'dy': 18300.67805989782, 'support': None, 'n': None, 'peak': 0.020832994549224774}); windows compared in place
[Coarse] pair 6: no reliable coarse offset (matcher: {'dx': -19530.0, 'dy': 7875.0, 'support': 1, 'n': 3, 'peak': None}; phasecorr: {'dx': -15852.800158210905, 'dy': 18737.59796077822, 'support': None, 'n': None, 'peak': -0.0027571213742097218}); windows compared in place
[Coarse] pair 7: no reliable coarse offset (matcher: {'dx': -17797.5, 'dy': -630.0, 'support': 2, 'n': 4, 'peak': None}; phasecorr: {'dx': -17660.72648465004, 'dy': -478.5174601560547, 'support': None, 'n': None, 'peak': 0.0218074359204816}); windows compared in place
[Coarse] pair 8: no reliable coarse offset (matcher: no matches; phasecorr: {'dx': -18002.059573769864, 'dy': -489.60497923140906, 'support': None, 'n': None, 'peak': 0.011968647486368816}); windows compared in place
[Coarse] pair 11: no reliable coarse offset (matcher: no matches; phasecorr: {'dx': -18107.733154651494, 'dy': -332.5590928480355, 'support': None, 'n': None, 'peak': 0.020898853179031604}); windows compared in place
[Coarse] pair 20: no reliable coarse offset (matcher: no matches; phasecorr: {'dx': -28903.23193639674, 'dy': -12953.216285335406, 'support': None, 'n': None, 'peak': 0.008737401829825507}); windows compared in place
[Coarse] pair 26: no reliable coarse offset (matcher: no matches; phasecorr: {'dx': -96306.08142606622, 'dy': -17142.367293993742, 'support': None, 'n': None, 'peak': 0.02253384519977334}); windows compared in place
[Coarse] pair 2: phase correlation gave dE=-8934 m dN=5487 m, 10.5 km from every offset the matcher measured; using pair 14's (dE=-17955 m dN=-0 m)
[Coarse] pair 10: phase correlation gave dE=43169 m dN=-4147 m, 60.9 km from every offset the matcher measured; using pair 14's (dE=-17955 m dN=-0 m)
[Coarse] pair 12: phase correlation gave dE=-1877 m dN=10017 m, 18.8 km from every offset the matcher measured; using pair 14's (dE=-17955 m dN=-0 m)
[Coarse] pair 13: phase correlation gave dE=7584 m dN=8567 m, 26.7 km from every offset the matcher measured; using pair 14's (dE=-17955 m dN=-0 m)
[Coarse] pair 18: phase correlation gave dE=744 m dN=-16615 m, 24.6 km from every offset the matcher measured; using pair 15's (dE=-17955 m dN=-315 m)
[Coarse] pair 19: phase correlation gave dE=11920 m dN=-17918 m, 34.4 km from every offset the matcher measured; using pair 15's (dE=-17955 m dN=-315 m)
[Coarse] pair 21: phase correlation gave dE=-11414 m dN=-17047 m, 17.9 km from every offset the matcher measured; using pair 15's (dE=-17955 m dN=-315 m)
[Coarse] pair 27: phase correlation gave dE=-97898 m dN=-6012 m, 80.1 km from every offset the matcher measured; using pair 17's (dE=-17955 m dN=-315 m)
[Coarse] imw-alike-nn-kt0p2-fm1 pair 1: dE=-18062.2 m dN=-904.8 m (phasecorr@315m, support=None, peak=0.03257782713572184) 
imw-alike-nn-kt0p2-fm1: Processing pair 1 from disk...
imw-alike-nn-kt0p2-fm1: 1 match-sets in 0.08s
[Coarse] imw-alike-nn-kt0p2-fm1 pair 2: dE=-17955.0 m dN=-0.0 m (from-pair-14 (phasecorr disagreed), support=None, peak=0.03413578109976686) 
imw-alike-nn-kt0p2-fm1: Processing pair 2 from disk...
imw-alike-nn-kt0p2-fm1: 1 match-sets in 0.09s
[Coarse] imw-alike-nn-kt0p2-fm1 pair 3: dE=-18062.2 m dN=-904.8 m (from-pair-1, support=None, peak=None) 
imw-alike-nn-kt0p2-fm1: Processing pair 3 from disk...
imw-alike-nn-kt0p2-fm1: 1 match-sets in 0.09s
[Coarse] imw-alike-nn-kt0p2-fm1 pair 4: dE=-17955.0 m dN=-0.0 m (from-pair-2, support=None, peak=None) 
imw-alike-nn-kt0p2-fm1: Processing pair 4 from disk...
imw-alike-nn-kt0p2-fm1: 1 match-sets in 0.10s
[Coarse] imw-alike-nn-kt0p2-fm1 pair 5: dE=-17955.0 m dN=-0.0 m (from-pair-2, support=None, peak=None) 
imw-alike-nn-kt0p2-fm1: Processing pair 5 from disk...
imw-alike-nn-kt0p2-fm1: 1 match-sets in 0.10s
[Coarse] imw-alike-nn-kt0p2-fm1 pair 6: dE=-17955.0 m dN=-0.0 m (from-pair-2, support=None, peak=None) 
imw-alike-nn-kt0p2-fm1: Processing pair 6 from disk...
imw-alike-nn-kt0p2-fm1: 1 match-sets in 0.10s
[Coarse] imw-alike-nn-kt0p2-fm1 pair 7: dE=-17790.5 m dN=-428.0 m (from-pair-9, support=None, peak=None) 
imw-alike-nn-kt0p2-fm1: Processing pair 7 from disk...
imw-alike-nn-kt0p2-fm1: 3 match-sets in 0.26s
[Coarse] imw-alike-nn-kt0p2-fm1 pair 8: dE=-17790.5 m dN=-428.0 m (from-pair-9, support=None, peak=None) 
imw-alike-nn-kt0p2-fm1: Processing pair 8 from disk...
imw-alike-nn-kt0p2-fm1: 3 match-sets in 0.27s
[Coarse] imw-alike-nn-kt0p2-fm1 pair 9: dE=-17790.5 m dN=-428.0 m (phasecorr@315m, support=None, peak=0.031066529352914596) 
imw-alike-nn-kt0p2-fm1: Processing pair 9 from disk...
imw-alike-nn-kt0p2-fm1: 3 match-sets in 0.27s
[Coarse] imw-alike-nn-kt0p2-fm1 pair 10: dE=-17955.0 m dN=-0.0 m (from-pair-14 (phasecorr disagreed), support=None, peak=0.04791493653487985) 
imw-alike-nn-kt0p2-fm1: Processing pair 10 from disk...
imw-alike-nn-kt0p2-fm1: 2 match-sets in 0.33s
[Coarse] imw-alike-nn-kt0p2-fm1 pair 11: dE=-17955.0 m dN=-0.0 m (from-pair-10, support=None, peak=None) 
imw-alike-nn-kt0p2-fm1: Processing pair 11 from disk...
imw-alike-nn-kt0p2-fm1: 2 match-sets in 0.27s
[Coarse] imw-alike-nn-kt0p2-fm1 pair 12: dE=-17955.0 m dN=-0.0 m (from-pair-14 (phasecorr disagreed), support=None, peak=0.1047012765466431) 
imw-alike-nn-kt0p2-fm1: Processing pair 12 from disk...
imw-alike-nn-kt0p2-fm1: 0 match-sets in 0.00s
[Coarse] imw-alike-nn-kt0p2-fm1 pair 13: dE=-17955.0 m dN=-0.0 m (from-pair-14 (phasecorr disagreed), support=None, peak=0.09384612739086151) 
imw-alike-nn-kt0p2-fm1: Processing pair 13 from disk...
imw-alike-nn-kt0p2-fm1: 0 match-sets in 0.00s
[Coarse] imw-alike-nn-kt0p2-fm1 pair 14: dE=-17955.0 m dN=-0.0 m (matcher@315m, support=26, peak=None) 
imw-alike-nn-kt0p2-fm1: Processing pair 14 from disk...
imw-alike-nn-kt0p2-fm1: 3 match-sets in 0.30s
[Coarse] imw-alike-nn-kt0p2-fm1 pair 15: dE=-17955.0 m dN=-315.0 m (matcher@315m, support=60, peak=None) 
imw-alike-nn-kt0p2-fm1: Processing pair 15 from disk...
imw-alike-nn-kt0p2-fm1: 3 match-sets in 0.29s
[Coarse] imw-alike-nn-kt0p2-fm1 pair 16: dE=-17640.0 m dN=-315.0 m (matcher@315m, support=17, peak=None) 
imw-alike-nn-kt0p2-fm1: Processing pair 16 from disk...
imw-alike-nn-kt0p2-fm1: 2 match-sets in 0.22s
[Coarse] imw-alike-nn-kt0p2-fm1 pair 17: dE=-17955.0 m dN=-315.0 m (matcher@315m, support=31, peak=None) 
imw-alike-nn-kt0p2-fm1: Processing pair 17 from disk...
imw-alike-nn-kt0p2-fm1: 2 match-sets in 0.21s
[Coarse] imw-alike-nn-kt0p2-fm1 pair 18: dE=-17955.0 m dN=-315.0 m (from-pair-15 (phasecorr disagreed), support=None, peak=0.06863816733713503) 
imw-alike-nn-kt0p2-fm1: Processing pair 18 from disk...
imw-alike-nn-kt0p2-fm1: 0 match-sets in 0.00s
[Coarse] imw-alike-nn-kt0p2-fm1 pair 19: dE=-17955.0 m dN=-315.0 m (from-pair-15 (phasecorr disagreed), support=None, peak=0.15104582491848204) 
imw-alike-nn-kt0p2-fm1: Processing pair 19 from disk...
imw-alike-nn-kt0p2-fm1: 0 match-sets in 0.00s
[Coarse] imw-alike-nn-kt0p2-fm1 pair 20: dE=-17955.0 m dN=-315.0 m (from-pair-19, support=None, peak=None) 
imw-alike-nn-kt0p2-fm1: Processing pair 20 from disk...
imw-alike-nn-kt0p2-fm1: 0 match-sets in 0.00s
[Coarse] imw-alike-nn-kt0p2-fm1 pair 21: dE=-17955.0 m dN=-315.0 m (from-pair-15 (phasecorr disagreed), support=None, peak=0.036990950946454645) 
imw-alike-nn-kt0p2-fm1: Processing pair 21 from disk...
imw-alike-nn-kt0p2-fm1: 0 match-sets in 0.00s
[Coarse] imw-alike-nn-kt0p2-fm1 pair 22: dE=-17882.3 m dN=-311.5 m (phasecorr@315m, support=None, peak=0.12721613845825194) 
imw-alike-nn-kt0p2-fm1: Processing pair 22 from disk...
imw-alike-nn-kt0p2-fm1: 4 match-sets in 0.28s
[Coarse] imw-alike-nn-kt0p2-fm1 pair 23: dE=-17911.9 m dN=-326.6 m (phasecorr@315m, support=None, peak=0.12881409482955933) 
imw-alike-nn-kt0p2-fm1: Processing pair 23 from disk...
imw-alike-nn-kt0p2-fm1: 3 match-sets in 0.27s
[Coarse] imw-alike-nn-kt0p2-fm1 pair 24: dE=-17928.8 m dN=-415.6 m (phasecorr@315m, support=None, peak=0.035175936365127565) 
imw-alike-nn-kt0p2-fm1: Processing pair 24 from disk...
imw-alike-nn-kt0p2-fm1: 4 match-sets in 0.26s
[Coarse] imw-alike-nn-kt0p2-fm1 pair 25: dE=-17844.2 m dN=-348.0 m (phasecorr@315m, support=None, peak=0.15328786741892497) 
imw-alike-nn-kt0p2-fm1: Processing pair 25 from disk...
imw-alike-nn-kt0p2-fm1: 4 match-sets in 0.25s
[Coarse] imw-alike-nn-kt0p2-fm1 pair 26: dE=-17955.0 m dN=-315.0 m (from-pair-27, support=None, peak=None) 
imw-alike-nn-kt0p2-fm1: Processing pair 26 from disk...
imw-alike-nn-kt0p2-fm1: 2 match-sets in 0.14s
[Coarse] imw-alike-nn-kt0p2-fm1 pair 27: dE=-17955.0 m dN=-315.0 m (from-pair-17 (phasecorr disagreed), support=None, peak=0.05064041456057702) 
imw-alike-nn-kt0p2-fm1: Processing pair 27 from disk...
imw-alike-nn-kt0p2-fm1: 2 match-sets in 0.16s
Saved:
 CHIP_STATS_ALL.csv
 CHIP_STATS_SURVIVORS.csv
 CONSENSUS_SCORES.csv
 BEST_CHIP_SET.csv
 BEST_CHIP_MANIFEST.csv
 BEST_FINAL_SUMMARY.csv
[band1] imw-alike-nn-kt0p2-fm1 ok in 0.2 min, peak GPU memory 0.4 of 39.4 GB
[imw-alike-nn] Model unloaded.
--------------------------------------------------------------------------------
[band1] Running imw-alike-nn-kt0p2-fsp1
[imw-alike-nn] Loading model...
[Coarse] pair 3: no reliable coarse offset (matcher: no matches; phasecorr: {'dx': -16147.443677524008, 'dy': -26751.975000537102, 'support': None, 'n': None, 'peak': 0.00032880983234923565}); windows compared in place
[Coarse] pair 4: no reliable coarse offset (matcher: no matches; phasecorr: {'dx': 12882.472481301173, 'dy': 92621.70938170607, 'support': None, 'n': None, 'peak': -0.00012715039429841217}); windows compared in place
[Coarse] pair 5: no reliable coarse offset (matcher: {'dx': -20536.348600387573, 'dy': 322.81299591064453, 'support': 2, 'n': 5, 'peak': None}; phasecorr: {'dx': 3156.3479216096807, 'dy': 18300.67805989782, 'support': None, 'n': None, 'peak': 0.020832994549224774}); windows compared in place
[Coarse] pair 6: no reliable coarse offset (matcher: {'dx': -18986.21452331543, 'dy': 8446.269149780273, 'support': 1, 'n': 3, 'peak': None}; phasecorr: {'dx': -15852.800158210905, 'dy': 18737.59796077822, 'support': None, 'n': None, 'peak': -0.0027571213742097218}); windows compared in place
[Coarse] pair 7: no reliable coarse offset (matcher: no matches; phasecorr: {'dx': -17660.72648465004, 'dy': -478.5174601560547, 'support': None, 'n': None, 'peak': 0.0218074359204816}); windows compared in place
[Coarse] pair 8: no reliable coarse offset (matcher: no matches; phasecorr: {'dx': -18002.059573769864, 'dy': -489.60497923140906, 'support': None, 'n': None, 'peak': 0.011968647486368816}); windows compared in place
[Coarse] pair 11: no reliable coarse offset (matcher: no matches; phasecorr: {'dx': -18107.733154651494, 'dy': -332.5590928480355, 'support': None, 'n': None, 'peak': 0.020898853179031604}); windows compared in place
[Coarse] pair 20: no reliable coarse offset (matcher: no matches; phasecorr: {'dx': -28903.23193639674, 'dy': -12953.216285335406, 'support': None, 'n': None, 'peak': 0.008737401829825507}); windows compared in place
[Coarse] pair 26: no reliable coarse offset (matcher: no matches; phasecorr: {'dx': -96306.08142606622, 'dy': -17142.367293993742, 'support': None, 'n': None, 'peak': 0.02253384519977334}); windows compared in place
[Coarse] pair 2: phase correlation gave dE=-8934 m dN=5487 m, 10.6 km from every offset the matcher measured; using pair 14's (dE=-17860 m dN=-172 m)
[Coarse] pair 10: phase correlation gave dE=43169 m dN=-4147 m, 61.2 km from every offset the matcher measured; using pair 14's (dE=-17860 m dN=-172 m)
[Coarse] pair 12: phase correlation gave dE=-1877 m dN=10017 m, 19.0 km from every offset the matcher measured; using pair 14's (dE=-17860 m dN=-172 m)
[Coarse] pair 13: phase correlation gave dE=7584 m dN=8567 m, 26.9 km from every offset the matcher measured; using pair 14's (dE=-17860 m dN=-172 m)
[Coarse] pair 18: phase correlation gave dE=744 m dN=-16615 m, 24.8 km from every offset the matcher measured; using pair 15's (dE=-17944 m dN=-233 m)
[Coarse] pair 19: phase correlation gave dE=11920 m dN=-17918 m, 34.6 km from every offset the matcher measured; using pair 15's (dE=-17944 m dN=-233 m)
[Coarse] pair 21: phase correlation gave dE=-11414 m dN=-17047 m, 18.0 km from every offset the matcher measured; using pair 15's (dE=-17944 m dN=-233 m)
[Coarse] pair 27: phase correlation gave dE=-97898 m dN=-6012 m, 80.1 km from every offset the matcher measured; using pair 17's (dE=-18037 m dN=-264 m)
[Coarse] imw-alike-nn-kt0p2-fsp1 pair 1: dE=-18062.2 m dN=-904.8 m (phasecorr@315m, support=None, peak=0.03257782713572184) 
imw-alike-nn-kt0p2-fsp1: Processing pair 1 from disk...
imw-alike-nn-kt0p2-fsp1: 1 match-sets in 0.08s
[Coarse] imw-alike-nn-kt0p2-fsp1 pair 2: dE=-17859.9 m dN=-171.9 m (from-pair-14 (phasecorr disagreed), support=None, peak=0.03413578109976686) 
imw-alike-nn-kt0p2-fsp1: Processing pair 2 from disk...
imw-alike-nn-kt0p2-fsp1: 1 match-sets in 0.08s
[Coarse] imw-alike-nn-kt0p2-fsp1 pair 3: dE=-18062.2 m dN=-904.8 m (from-pair-1, support=None, peak=None) 
imw-alike-nn-kt0p2-fsp1: Processing pair 3 from disk...
imw-alike-nn-kt0p2-fsp1: 1 match-sets in 0.07s
[Coarse] imw-alike-nn-kt0p2-fsp1 pair 4: dE=-17859.9 m dN=-171.9 m (from-pair-2, support=None, peak=None) 
imw-alike-nn-kt0p2-fsp1: Processing pair 4 from disk...
imw-alike-nn-kt0p2-fsp1: 1 match-sets in 0.10s
[Coarse] imw-alike-nn-kt0p2-fsp1 pair 5: dE=-17859.9 m dN=-171.9 m (from-pair-2, support=None, peak=None) 
imw-alike-nn-kt0p2-fsp1: Processing pair 5 from disk...
imw-alike-nn-kt0p2-fsp1: 1 match-sets in 0.10s
[Coarse] imw-alike-nn-kt0p2-fsp1 pair 6: dE=-17859.9 m dN=-171.9 m (from-pair-2, support=None, peak=None) 
imw-alike-nn-kt0p2-fsp1: Processing pair 6 from disk...
imw-alike-nn-kt0p2-fsp1: 1 match-sets in 0.09s
[Coarse] imw-alike-nn-kt0p2-fsp1 pair 7: dE=-17790.5 m dN=-428.0 m (from-pair-9, support=None, peak=None) 
imw-alike-nn-kt0p2-fsp1: Processing pair 7 from disk...
imw-alike-nn-kt0p2-fsp1: 3 match-sets in 0.29s
[Coarse] imw-alike-nn-kt0p2-fsp1 pair 8: dE=-17790.5 m dN=-428.0 m (from-pair-9, support=None, peak=None) 
imw-alike-nn-kt0p2-fsp1: Processing pair 8 from disk...
imw-alike-nn-kt0p2-fsp1: 3 match-sets in 0.30s
[Coarse] imw-alike-nn-kt0p2-fsp1 pair 9: dE=-17790.5 m dN=-428.0 m (phasecorr@315m, support=None, peak=0.031066529352914596) 
imw-alike-nn-kt0p2-fsp1: Processing pair 9 from disk...
imw-alike-nn-kt0p2-fsp1: 3 match-sets in 0.26s
[Coarse] imw-alike-nn-kt0p2-fsp1 pair 10: dE=-17859.9 m dN=-171.9 m (from-pair-14 (phasecorr disagreed), support=None, peak=0.04791493653487985) 
imw-alike-nn-kt0p2-fsp1: Processing pair 10 from disk...
imw-alike-nn-kt0p2-fsp1: 2 match-sets in 0.26s
[Coarse] imw-alike-nn-kt0p2-fsp1 pair 11: dE=-17859.9 m dN=-171.9 m (from-pair-10, support=None, peak=None) 
imw-alike-nn-kt0p2-fsp1: Processing pair 11 from disk...
imw-alike-nn-kt0p2-fsp1: 2 match-sets in 0.27s
[Coarse] imw-alike-nn-kt0p2-fsp1 pair 12: dE=-17859.9 m dN=-171.9 m (from-pair-14 (phasecorr disagreed), support=None, peak=0.1047012765466431) 
imw-alike-nn-kt0p2-fsp1: Processing pair 12 from disk...
imw-alike-nn-kt0p2-fsp1: 0 match-sets in 0.00s
[Coarse] imw-alike-nn-kt0p2-fsp1 pair 13: dE=-17859.9 m dN=-171.9 m (from-pair-14 (phasecorr disagreed), support=None, peak=0.09384612739086151) 
imw-alike-nn-kt0p2-fsp1: Processing pair 13 from disk...
imw-alike-nn-kt0p2-fsp1: 0 match-sets in 0.00s
[Coarse] imw-alike-nn-kt0p2-fsp1 pair 14: dE=-17859.9 m dN=-171.9 m (matcher@315m, support=38, peak=None) 
imw-alike-nn-kt0p2-fsp1: Processing pair 14 from disk...
imw-alike-nn-kt0p2-fsp1: 3 match-sets in 0.30s
[Coarse] imw-alike-nn-kt0p2-fsp1 pair 15: dE=-17943.7 m dN=-233.2 m (matcher@315m, support=73, peak=None) 
imw-alike-nn-kt0p2-fsp1: Processing pair 15 from disk...
imw-alike-nn-kt0p2-fsp1: 3 match-sets in 0.29s
[Coarse] imw-alike-nn-kt0p2-fsp1 pair 16: dE=-17903.0 m dN=-289.8 m (matcher@315m, support=26, peak=None) 
imw-alike-nn-kt0p2-fsp1: Processing pair 16 from disk...
imw-alike-nn-kt0p2-fsp1: 2 match-sets in 0.24s
[Coarse] imw-alike-nn-kt0p2-fsp1 pair 17: dE=-18037.2 m dN=-263.5 m (matcher@315m, support=35, peak=None) 
imw-alike-nn-kt0p2-fsp1: Processing pair 17 from disk...
imw-alike-nn-kt0p2-fsp1: 2 match-sets in 0.21s
[Coarse] imw-alike-nn-kt0p2-fsp1 pair 18: dE=-17943.7 m dN=-233.2 m (from-pair-15 (phasecorr disagreed), support=None, peak=0.06863816733713503) 
imw-alike-nn-kt0p2-fsp1: Processing pair 18 from disk...
imw-alike-nn-kt0p2-fsp1: 0 match-sets in 0.00s
[Coarse] imw-alike-nn-kt0p2-fsp1 pair 19: dE=-17943.7 m dN=-233.2 m (from-pair-15 (phasecorr disagreed), support=None, peak=0.15104582491848204) 
imw-alike-nn-kt0p2-fsp1: Processing pair 19 from disk...
imw-alike-nn-kt0p2-fsp1: 0 match-sets in 0.00s
[Coarse] imw-alike-nn-kt0p2-fsp1 pair 20: dE=-17943.7 m dN=-233.2 m (from-pair-19, support=None, peak=None) 
imw-alike-nn-kt0p2-fsp1: Processing pair 20 from disk...
imw-alike-nn-kt0p2-fsp1: 0 match-sets in 0.00s
[Coarse] imw-alike-nn-kt0p2-fsp1 pair 21: dE=-17943.7 m dN=-233.2 m (from-pair-15 (phasecorr disagreed), support=None, peak=0.036990950946454645) 
imw-alike-nn-kt0p2-fsp1: Processing pair 21 from disk...
imw-alike-nn-kt0p2-fsp1: 0 match-sets in 0.00s
[Coarse] imw-alike-nn-kt0p2-fsp1 pair 22: dE=-17882.3 m dN=-311.5 m (phasecorr@315m, support=None, peak=0.12721613845825194) 
imw-alike-nn-kt0p2-fsp1: Processing pair 22 from disk...
imw-alike-nn-kt0p2-fsp1: 4 match-sets in 0.26s
[Coarse] imw-alike-nn-kt0p2-fsp1 pair 23: dE=-17911.9 m dN=-326.6 m (phasecorr@315m, support=None, peak=0.12881409482955933) 
imw-alike-nn-kt0p2-fsp1: Processing pair 23 from disk...
imw-alike-nn-kt0p2-fsp1: 4 match-sets in 0.24s
[Coarse] imw-alike-nn-kt0p2-fsp1 pair 24: dE=-17928.8 m dN=-415.6 m (phasecorr@315m, support=None, peak=0.035175936365127565) 
imw-alike-nn-kt0p2-fsp1: Processing pair 24 from disk...
imw-alike-nn-kt0p2-fsp1: 4 match-sets in 0.26s
[Coarse] imw-alike-nn-kt0p2-fsp1 pair 25: dE=-17844.2 m dN=-348.0 m (phasecorr@315m, support=None, peak=0.15328786741892497) 
imw-alike-nn-kt0p2-fsp1: Processing pair 25 from disk...
imw-alike-nn-kt0p2-fsp1: 4 match-sets in 0.24s
[Coarse] imw-alike-nn-kt0p2-fsp1 pair 26: dE=-18037.2 m dN=-263.5 m (from-pair-27, support=None, peak=None) 
imw-alike-nn-kt0p2-fsp1: Processing pair 26 from disk...
imw-alike-nn-kt0p2-fsp1: 2 match-sets in 0.15s
[Coarse] imw-alike-nn-kt0p2-fsp1 pair 27: dE=-18037.2 m dN=-263.5 m (from-pair-17 (phasecorr disagreed), support=None, peak=0.05064041456057702) 
imw-alike-nn-kt0p2-fsp1: Processing pair 27 from disk...
imw-alike-nn-kt0p2-fsp1: 2 match-sets in 0.15s
Saved:
 CHIP_STATS_ALL.csv
 CHIP_STATS_SURVIVORS.csv
 CONSENSUS_SCORES.csv
 BEST_CHIP_SET.csv
 BEST_CHIP_MANIFEST.csv
 BEST_FINAL_SUMMARY.csv
[band1] imw-alike-nn-kt0p2-fsp1 ok in 0.2 min, peak GPU memory 0.4 of 39.4 GB
[imw-alike-nn] Model unloaded.
--------------------------------------------------------------------------------
[band1] Running imw-alike-nn-kt0p2
[imw-alike-nn] Loading model...
[Coarse] pair 3: no reliable coarse offset (matcher: {'dx': -20474.99939918518, 'dy': -4725.0, 'support': 1, 'n': 5, 'peak': None}; phasecorr: {'dx': -16147.443677524008, 'dy': -26751.975000537102, 'support': None, 'n': None, 'peak': 0.00032880983234923565}); windows compared in place
[Coarse] pair 4: no reliable coarse offset (matcher: no matches; phasecorr: {'dx': 12882.472481301173, 'dy': 92621.70938170607, 'support': None, 'n': None, 'peak': -0.00012715039429841217}); windows compared in place
[Coarse] pair 5: no reliable coarse offset (matcher: {'dx': -20159.99939918518, 'dy': 3150.0, 'support': 1, 'n': 4, 'peak': None}; phasecorr: {'dx': 3156.3479216096807, 'dy': 18300.67805989782, 'support': None, 'n': None, 'peak': 0.020832994549224774}); windows compared in place
[Coarse] pair 6: no reliable coarse offset (matcher: {'dx': -19530.0, 'dy': 7875.0, 'support': 1, 'n': 3, 'peak': None}; phasecorr: {'dx': -15852.800158210905, 'dy': 18737.59796077822, 'support': None, 'n': None, 'peak': -0.0027571213742097218}); windows compared in place
[Coarse] pair 7: no reliable coarse offset (matcher: {'dx': -17797.5, 'dy': -630.0, 'support': 2, 'n': 4, 'peak': None}; phasecorr: {'dx': -17660.72648465004, 'dy': -478.5174601560547, 'support': None, 'n': None, 'peak': 0.0218074359204816}); windows compared in place
[Coarse] pair 8: no reliable coarse offset (matcher: no matches; phasecorr: {'dx': -18002.059573769864, 'dy': -489.60497923140906, 'support': None, 'n': None, 'peak': 0.011968647486368816}); windows compared in place
[Coarse] pair 11: no reliable coarse offset (matcher: no matches; phasecorr: {'dx': -18107.733154651494, 'dy': -332.5590928480355, 'support': None, 'n': None, 'peak': 0.020898853179031604}); windows compared in place
[Coarse] pair 20: no reliable coarse offset (matcher: no matches; phasecorr: {'dx': -28903.23193639674, 'dy': -12953.216285335406, 'support': None, 'n': None, 'peak': 0.008737401829825507}); windows compared in place
[Coarse] pair 26: no reliable coarse offset (matcher: no matches; phasecorr: {'dx': -96306.08142606622, 'dy': -17142.367293993742, 'support': None, 'n': None, 'peak': 0.02253384519977334}); windows compared in place
[Coarse] pair 2: phase correlation gave dE=-8934 m dN=5487 m, 10.5 km from every offset the matcher measured; using pair 14's (dE=-17955 m dN=-0 m)
[Coarse] pair 10: phase correlation gave dE=43169 m dN=-4147 m, 60.9 km from every offset the matcher measured; using pair 14's (dE=-17955 m dN=-0 m)
[Coarse] pair 12: phase correlation gave dE=-1877 m dN=10017 m, 18.8 km from every offset the matcher measured; using pair 14's (dE=-17955 m dN=-0 m)
[Coarse] pair 13: phase correlation gave dE=7584 m dN=8567 m, 26.7 km from every offset the matcher measured; using pair 14's (dE=-17955 m dN=-0 m)
[Coarse] pair 18: phase correlation gave dE=744 m dN=-16615 m, 24.6 km from every offset the matcher measured; using pair 15's (dE=-17955 m dN=-315 m)
[Coarse] pair 19: phase correlation gave dE=11920 m dN=-17918 m, 34.4 km from every offset the matcher measured; using pair 15's (dE=-17955 m dN=-315 m)
[Coarse] pair 21: phase correlation gave dE=-11414 m dN=-17047 m, 17.9 km from every offset the matcher measured; using pair 15's (dE=-17955 m dN=-315 m)
[Coarse] pair 27: phase correlation gave dE=-97898 m dN=-6012 m, 80.1 km from every offset the matcher measured; using pair 17's (dE=-17955 m dN=-315 m)
[Coarse] imw-alike-nn-kt0p2 pair 1: dE=-18062.2 m dN=-904.8 m (phasecorr@315m, support=None, peak=0.03257782713572184) 
imw-alike-nn-kt0p2: Processing pair 1 from disk...
imw-alike-nn-kt0p2: 1 match-sets in 0.08s
[Coarse] imw-alike-nn-kt0p2 pair 2: dE=-17955.0 m dN=-0.0 m (from-pair-14 (phasecorr disagreed), support=None, peak=0.03413578109976686) 
imw-alike-nn-kt0p2: Processing pair 2 from disk...
imw-alike-nn-kt0p2: 1 match-sets in 0.09s
[Coarse] imw-alike-nn-kt0p2 pair 3: dE=-18062.2 m dN=-904.8 m (from-pair-1, support=None, peak=None) 
imw-alike-nn-kt0p2: Processing pair 3 from disk...
imw-alike-nn-kt0p2: 1 match-sets in 0.09s
[Coarse] imw-alike-nn-kt0p2 pair 4: dE=-17955.0 m dN=-0.0 m (from-pair-2, support=None, peak=None) 
imw-alike-nn-kt0p2: Processing pair 4 from disk...
imw-alike-nn-kt0p2: 1 match-sets in 0.10s
[Coarse] imw-alike-nn-kt0p2 pair 5: dE=-17955.0 m dN=-0.0 m (from-pair-2, support=None, peak=None) 
imw-alike-nn-kt0p2: Processing pair 5 from disk...
imw-alike-nn-kt0p2: 1 match-sets in 0.10s
[Coarse] imw-alike-nn-kt0p2 pair 6: dE=-17955.0 m dN=-0.0 m (from-pair-2, support=None, peak=None) 
imw-alike-nn-kt0p2: Processing pair 6 from disk...
imw-alike-nn-kt0p2: 1 match-sets in 0.10s
[Coarse] imw-alike-nn-kt0p2 pair 7: dE=-17790.5 m dN=-428.0 m (from-pair-9, support=None, peak=None) 
imw-alike-nn-kt0p2: Processing pair 7 from disk...
imw-alike-nn-kt0p2: 3 match-sets in 0.26s
[Coarse] imw-alike-nn-kt0p2 pair 8: dE=-17790.5 m dN=-428.0 m (from-pair-9, support=None, peak=None) 
imw-alike-nn-kt0p2: Processing pair 8 from disk...
imw-alike-nn-kt0p2: 3 match-sets in 0.27s
[Coarse] imw-alike-nn-kt0p2 pair 9: dE=-17790.5 m dN=-428.0 m (phasecorr@315m, support=None, peak=0.031066529352914596) 
imw-alike-nn-kt0p2: Processing pair 9 from disk...
imw-alike-nn-kt0p2: 3 match-sets in 0.29s
[Coarse] imw-alike-nn-kt0p2 pair 10: dE=-17955.0 m dN=-0.0 m (from-pair-14 (phasecorr disagreed), support=None, peak=0.04791493653487985) 
imw-alike-nn-kt0p2: Processing pair 10 from disk...
imw-alike-nn-kt0p2: 2 match-sets in 0.32s
[Coarse] imw-alike-nn-kt0p2 pair 11: dE=-17955.0 m dN=-0.0 m (from-pair-10, support=None, peak=None) 
imw-alike-nn-kt0p2: Processing pair 11 from disk...
imw-alike-nn-kt0p2: 2 match-sets in 0.27s
[Coarse] imw-alike-nn-kt0p2 pair 12: dE=-17955.0 m dN=-0.0 m (from-pair-14 (phasecorr disagreed), support=None, peak=0.1047012765466431) 
imw-alike-nn-kt0p2: Processing pair 12 from disk...
imw-alike-nn-kt0p2: 0 match-sets in 0.00s
[Coarse] imw-alike-nn-kt0p2 pair 13: dE=-17955.0 m dN=-0.0 m (from-pair-14 (phasecorr disagreed), support=None, peak=0.09384612739086151) 
imw-alike-nn-kt0p2: Processing pair 13 from disk...
imw-alike-nn-kt0p2: 0 match-sets in 0.00s
[Coarse] imw-alike-nn-kt0p2 pair 14: dE=-17955.0 m dN=-0.0 m (matcher@315m, support=26, peak=None) 
imw-alike-nn-kt0p2: Processing pair 14 from disk...
imw-alike-nn-kt0p2: 3 match-sets in 0.30s
[Coarse] imw-alike-nn-kt0p2 pair 15: dE=-17955.0 m dN=-315.0 m (matcher@315m, support=60, peak=None) 
imw-alike-nn-kt0p2: Processing pair 15 from disk...
imw-alike-nn-kt0p2: 3 match-sets in 0.29s
[Coarse] imw-alike-nn-kt0p2 pair 16: dE=-17640.0 m dN=-315.0 m (matcher@315m, support=17, peak=None) 
imw-alike-nn-kt0p2: Processing pair 16 from disk...
imw-alike-nn-kt0p2: 2 match-sets in 0.21s
[Coarse] imw-alike-nn-kt0p2 pair 17: dE=-17955.0 m dN=-315.0 m (matcher@315m, support=31, peak=None) 
imw-alike-nn-kt0p2: Processing pair 17 from disk...
imw-alike-nn-kt0p2: 2 match-sets in 0.21s
[Coarse] imw-alike-nn-kt0p2 pair 18: dE=-17955.0 m dN=-315.0 m (from-pair-15 (phasecorr disagreed), support=None, peak=0.06863816733713503) 
imw-alike-nn-kt0p2: Processing pair 18 from disk...
imw-alike-nn-kt0p2: 0 match-sets in 0.00s
[Coarse] imw-alike-nn-kt0p2 pair 19: dE=-17955.0 m dN=-315.0 m (from-pair-15 (phasecorr disagreed), support=None, peak=0.15104582491848204) 
imw-alike-nn-kt0p2: Processing pair 19 from disk...
imw-alike-nn-kt0p2: 0 match-sets in 0.00s
[Coarse] imw-alike-nn-kt0p2 pair 20: dE=-17955.0 m dN=-315.0 m (from-pair-19, support=None, peak=None) 
imw-alike-nn-kt0p2: Processing pair 20 from disk...
imw-alike-nn-kt0p2: 0 match-sets in 0.00s
[Coarse] imw-alike-nn-kt0p2 pair 21: dE=-17955.0 m dN=-315.0 m (from-pair-15 (phasecorr disagreed), support=None, peak=0.036990950946454645) 
imw-alike-nn-kt0p2: Processing pair 21 from disk...
imw-alike-nn-kt0p2: 0 match-sets in 0.00s
[Coarse] imw-alike-nn-kt0p2 pair 22: dE=-17882.3 m dN=-311.5 m (phasecorr@315m, support=None, peak=0.12721613845825194) 
imw-alike-nn-kt0p2: Processing pair 22 from disk...
imw-alike-nn-kt0p2: 4 match-sets in 0.27s
[Coarse] imw-alike-nn-kt0p2 pair 23: dE=-17911.9 m dN=-326.6 m (phasecorr@315m, support=None, peak=0.12881409482955933) 
imw-alike-nn-kt0p2: Processing pair 23 from disk...
imw-alike-nn-kt0p2: 3 match-sets in 0.27s
[Coarse] imw-alike-nn-kt0p2 pair 24: dE=-17928.8 m dN=-415.6 m (phasecorr@315m, support=None, peak=0.035175936365127565) 
imw-alike-nn-kt0p2: Processing pair 24 from disk...
imw-alike-nn-kt0p2: 4 match-sets in 0.26s
[Coarse] imw-alike-nn-kt0p2 pair 25: dE=-17844.2 m dN=-348.0 m (phasecorr@315m, support=None, peak=0.15328786741892497) 
imw-alike-nn-kt0p2: Processing pair 25 from disk...
imw-alike-nn-kt0p2: 4 match-sets in 0.25s
[Coarse] imw-alike-nn-kt0p2 pair 26: dE=-17955.0 m dN=-315.0 m (from-pair-27, support=None, peak=None) 
imw-alike-nn-kt0p2: Processing pair 26 from disk...
imw-alike-nn-kt0p2: 2 match-sets in 0.14s
[Coarse] imw-alike-nn-kt0p2 pair 27: dE=-17955.0 m dN=-315.0 m (from-pair-17 (phasecorr disagreed), support=None, peak=0.05064041456057702) 
imw-alike-nn-kt0p2: Processing pair 27 from disk...
imw-alike-nn-kt0p2: 2 match-sets in 0.15s
Saved:
 CHIP_STATS_ALL.csv
 CHIP_STATS_SURVIVORS.csv
 CONSENSUS_SCORES.csv
 BEST_CHIP_SET.csv
 BEST_CHIP_MANIFEST.csv
 BEST_FINAL_SUMMARY.csv
[band1] imw-alike-nn-kt0p2 ok in 0.2 min, peak GPU memory 0.4 of 39.4 GB
[imw-alike-nn] Model unloaded.
--------------------------------------------------------------------------------
[band1] Running imw-sfd2-nn-kt0p2
[imw-sfd2-nn] Loading model...
[Coarse] pair 3: no reliable coarse offset (matcher: {'dx': -17955.0, 'dy': -630.0, 'support': 4, 'n': 6, 'peak': None}; phasecorr: {'dx': -16147.443677524008, 'dy': -26751.975000537102, 'support': None, 'n': None, 'peak': 0.00032880983234923565}); windows compared in place
[Coarse] pair 4: no reliable coarse offset (matcher: no matches; phasecorr: {'dx': 12882.472481301173, 'dy': 92621.70938170607, 'support': None, 'n': None, 'peak': -0.00012715039429841217}); windows compared in place
[Coarse] pair 5: no reliable coarse offset (matcher: {'dx': -18270.0, 'dy': -630.0, 'support': 4, 'n': 5, 'peak': None}; phasecorr: {'dx': 3156.3479216096807, 'dy': 18300.67805989782, 'support': None, 'n': None, 'peak': 0.020832994549224774}); windows compared in place
[Coarse] pair 6: no reliable coarse offset (matcher: {'dx': -16695.0, 'dy': -1102.5, 'support': 2, 'n': 4, 'peak': None}; phasecorr: {'dx': -15852.800158210905, 'dy': 18737.59796077822, 'support': None, 'n': None, 'peak': -0.0027571213742097218}); windows compared in place
[Coarse] pair 20: no reliable coarse offset (matcher: no matches; phasecorr: {'dx': -28903.23193639674, 'dy': -12953.216285335406, 'support': None, 'n': None, 'peak': 0.008737401829825507}); windows compared in place
[Coarse] pair 26: no reliable coarse offset (matcher: no matches; phasecorr: {'dx': -96306.08142606622, 'dy': -17142.367293993742, 'support': None, 'n': None, 'peak': 0.02253384519977334}); windows compared in place
[Coarse] pair 2: phase correlation gave dE=-8934 m dN=5487 m, 10.5 km from every offset the matcher measured; using pair 1's (dE=-19845 m dN=-630 m)
[Coarse] pair 10: phase correlation gave dE=43169 m dN=-4147 m, 60.9 km from every offset the matcher measured; using pair 11's (dE=-18428 m dN=-158 m)
[Coarse] pair 12: phase correlation gave dE=-1877 m dN=10017 m, 18.8 km from every offset the matcher measured; using pair 8's (dE=-17955 m dN=-315 m)
[Coarse] pair 13: phase correlation gave dE=7584 m dN=8567 m, 26.7 km from every offset the matcher measured; using pair 8's (dE=-17955 m dN=-315 m)
[Coarse] pair 18: phase correlation gave dE=744 m dN=-16615 m, 24.6 km from every offset the matcher measured; using pair 25's (dE=-17955 m dN=-315 m)
[Coarse] pair 19: phase correlation gave dE=11920 m dN=-17918 m, 34.4 km from every offset the matcher measured; using pair 25's (dE=-17955 m dN=-315 m)
[Coarse] pair 21: phase correlation gave dE=-11414 m dN=-17047 m, 17.7 km from every offset the matcher measured; using pair 25's (dE=-17955 m dN=-315 m)
[Coarse] pair 27: phase correlation gave dE=-97898 m dN=-6012 m, 78.2 km from every offset the matcher measured; using pair 23's (dE=-17955 m dN=-315 m)
[Coarse] imw-sfd2-nn-kt0p2 pair 1: dE=-19845.0 m dN=-630.0 m (matcher@315m, support=12, peak=None) 
imw-sfd2-nn-kt0p2: Processing pair 1 from disk...
imw-sfd2-nn-kt0p2: 1 match-sets in 0.67s
[Coarse] imw-sfd2-nn-kt0p2 pair 2: dE=-19845.0 m dN=-630.0 m (from-pair-1 (phasecorr disagreed), support=None, peak=0.03413578109976686) 
imw-sfd2-nn-kt0p2: Processing pair 2 from disk...
imw-sfd2-nn-kt0p2: 1 match-sets in 0.06s
[Coarse] imw-sfd2-nn-kt0p2 pair 3: dE=-19845.0 m dN=-630.0 m (from-pair-1, support=None, peak=None) 
imw-sfd2-nn-kt0p2: Processing pair 3 from disk...
imw-sfd2-nn-kt0p2: 1 match-sets in 0.05s
[Coarse] imw-sfd2-nn-kt0p2 pair 4: dE=-19845.0 m dN=-630.0 m (from-pair-2, support=None, peak=None) 
imw-sfd2-nn-kt0p2: Processing pair 4 from disk...
imw-sfd2-nn-kt0p2: 1 match-sets in 0.19s
[Coarse] imw-sfd2-nn-kt0p2 pair 5: dE=-19845.0 m dN=-630.0 m (from-pair-2, support=None, peak=None) 
imw-sfd2-nn-kt0p2: Processing pair 5 from disk...
imw-sfd2-nn-kt0p2: 1 match-sets in 0.29s
[Coarse] imw-sfd2-nn-kt0p2 pair 6: dE=-19845.0 m dN=-630.0 m (from-pair-2, support=None, peak=None) 
imw-sfd2-nn-kt0p2: Processing pair 6 from disk...
imw-sfd2-nn-kt0p2: 1 match-sets in 0.08s
[Coarse] imw-sfd2-nn-kt0p2 pair 7: dE=-17955.0 m dN=-630.0 m (matcher@315m, support=42, peak=None) 
imw-sfd2-nn-kt0p2: Processing pair 7 from disk...
imw-sfd2-nn-kt0p2: 3 match-sets in 2.04s
[Coarse] imw-sfd2-nn-kt0p2 pair 8: dE=-17955.0 m dN=-315.0 m (matcher@315m, support=25, peak=None) 
imw-sfd2-nn-kt0p2: Processing pair 8 from disk...
imw-sfd2-nn-kt0p2: 3 match-sets in 0.67s
[Coarse] imw-sfd2-nn-kt0p2 pair 9: dE=-17955.0 m dN=-630.0 m (matcher@315m, support=37, peak=None) 
imw-sfd2-nn-kt0p2: Processing pair 9 from disk...
imw-sfd2-nn-kt0p2: 3 match-sets in 0.19s
[Coarse] imw-sfd2-nn-kt0p2 pair 10: dE=-18427.5 m dN=-157.5 m (from-pair-11 (phasecorr disagreed), support=None, peak=0.04791493653487985) 
imw-sfd2-nn-kt0p2: Processing pair 10 from disk...
imw-sfd2-nn-kt0p2: 1 match-sets in 0.93s
[Coarse] imw-sfd2-nn-kt0p2 pair 11: dE=-18427.5 m dN=-157.5 m (matcher@315m, support=10, peak=None) 
imw-sfd2-nn-kt0p2: Processing pair 11 from disk...
imw-sfd2-nn-kt0p2: 2 match-sets in 0.21s
[Coarse] imw-sfd2-nn-kt0p2 pair 12: dE=-17955.0 m dN=-315.0 m (from-pair-8 (phasecorr disagreed), support=None, peak=0.1047012765466431) 
imw-sfd2-nn-kt0p2: Processing pair 12 from disk...
imw-sfd2-nn-kt0p2: 0 match-sets in 0.00s
[Coarse] imw-sfd2-nn-kt0p2 pair 13: dE=-17955.0 m dN=-315.0 m (from-pair-8 (phasecorr disagreed), support=None, peak=0.09384612739086151) 
imw-sfd2-nn-kt0p2: Processing pair 13 from disk...
imw-sfd2-nn-kt0p2: 0 match-sets in 0.00s
[Coarse] imw-sfd2-nn-kt0p2 pair 14: dE=-17955.0 m dN=-315.0 m (matcher@315m, support=140, peak=None) 
imw-sfd2-nn-kt0p2: Processing pair 14 from disk...
imw-sfd2-nn-kt0p2: 3 match-sets in 0.86s
[Coarse] imw-sfd2-nn-kt0p2 pair 15: dE=-17955.0 m dN=-315.0 m (matcher@315m, support=167, peak=None) 
imw-sfd2-nn-kt0p2: Processing pair 15 from disk...
imw-sfd2-nn-kt0p2: 3 match-sets in 0.23s
[Coarse] imw-sfd2-nn-kt0p2 pair 16: dE=-17955.0 m dN=-315.0 m (matcher@315m, support=155, peak=None) 
imw-sfd2-nn-kt0p2: Processing pair 16 from disk...
imw-sfd2-nn-kt0p2: 2 match-sets in 0.18s
[Coarse] imw-sfd2-nn-kt0p2 pair 17: dE=-17955.0 m dN=-315.0 m (matcher@315m, support=161, peak=None) 
imw-sfd2-nn-kt0p2: Processing pair 17 from disk...
imw-sfd2-nn-kt0p2: 2 match-sets in 0.15s
[Coarse] imw-sfd2-nn-kt0p2 pair 18: dE=-17955.0 m dN=-315.0 m (from-pair-25 (phasecorr disagreed), support=None, peak=0.06863816733713503) 
imw-sfd2-nn-kt0p2: Processing pair 18 from disk...
imw-sfd2-nn-kt0p2: 0 match-sets in 0.00s
[Coarse] imw-sfd2-nn-kt0p2 pair 19: dE=-17955.0 m dN=-315.0 m (from-pair-25 (phasecorr disagreed), support=None, peak=0.15104582491848204) 
imw-sfd2-nn-kt0p2: Processing pair 19 from disk...
imw-sfd2-nn-kt0p2: 0 match-sets in 0.00s
[Coarse] imw-sfd2-nn-kt0p2 pair 20: dE=-17955.0 m dN=-315.0 m (from-pair-19, support=None, peak=None) 
imw-sfd2-nn-kt0p2: Processing pair 20 from disk...
imw-sfd2-nn-kt0p2: 0 match-sets in 0.00s
[Coarse] imw-sfd2-nn-kt0p2 pair 21: dE=-17955.0 m dN=-315.0 m (from-pair-25 (phasecorr disagreed), support=None, peak=0.036990950946454645) 
imw-sfd2-nn-kt0p2: Processing pair 21 from disk...
imw-sfd2-nn-kt0p2: 0 match-sets in 0.00s
[Coarse] imw-sfd2-nn-kt0p2 pair 22: dE=-17640.0 m dN=-315.0 m (matcher@315m, support=70, peak=None) 
imw-sfd2-nn-kt0p2: Processing pair 22 from disk...
imw-sfd2-nn-kt0p2: 2 match-sets in 0.51s
[Coarse] imw-sfd2-nn-kt0p2 pair 23: dE=-17955.0 m dN=-315.0 m (matcher@315m, support=64, peak=None) 
imw-sfd2-nn-kt0p2: Processing pair 23 from disk...
imw-sfd2-nn-kt0p2: 4 match-sets in 0.21s
[Coarse] imw-sfd2-nn-kt0p2 pair 24: dE=-17955.0 m dN=-315.0 m (matcher@315m, support=53, peak=None) 
imw-sfd2-nn-kt0p2: Processing pair 24 from disk...
imw-sfd2-nn-kt0p2: 3 match-sets in 0.22s
[Coarse] imw-sfd2-nn-kt0p2 pair 25: dE=-17955.0 m dN=-315.0 m (matcher@315m, support=80, peak=None) 
imw-sfd2-nn-kt0p2: Processing pair 25 from disk...
imw-sfd2-nn-kt0p2: 4 match-sets in 0.22s
[Coarse] imw-sfd2-nn-kt0p2 pair 26: dE=-17955.0 m dN=-315.0 m (from-pair-27, support=None, peak=None) 
imw-sfd2-nn-kt0p2: Processing pair 26 from disk...
imw-sfd2-nn-kt0p2: 2 match-sets in 0.20s
[Coarse] imw-sfd2-nn-kt0p2 pair 27: dE=-17955.0 m dN=-315.0 m (from-pair-23 (phasecorr disagreed), support=None, peak=0.05064041456057702) 
imw-sfd2-nn-kt0p2: Processing pair 27 from disk...
imw-sfd2-nn-kt0p2: 2 match-sets in 0.14s
Saved:
 CHIP_STATS_ALL.csv
 CHIP_STATS_SURVIVORS.csv
 CONSENSUS_SCORES.csv
 BEST_CHIP_SET.csv
 BEST_CHIP_MANIFEST.csv
 BEST_FINAL_SUMMARY.csv
[band1] imw-sfd2-nn-kt0p2 ok in 0.4 min, peak GPU memory 32.7 of 39.4 GB
[imw-sfd2-nn] Model unloaded.
--------------------------------------------------------------------------------
[band1] Running imw-rdd-nn-kt0p2
[imw-rdd-nn] Loading model...
config {'activation': 'relu', 'block_dims': [8, 16, 32, 64], 'd_model': 256, 'detection_threshold': 0.2, 'device': device(type='cuda'), 'dim_feedforward': 1024, 'dropout': 0.1, 'enc_n_points': 8, 'hidden_dim': 256, 'lr_backbone': 2e-05, 'nhead': 8, 'num_encoder_layers': 4, 'num_feature_levels': 5, 'top_k': 1327, 'train_detector': False, 'weights': '/maintenance/ICIGDev/GPUPOC/input/dqe/imw_runtime/imw_cache/huggingface/hub/models--Realcat--imcui_checkpoints/snapshots/e72b489e927e7a8202f505c1b4db1474fd22b8b7/rdd/RDD-v2.pth'}
[Coarse] pair 20: no reliable coarse offset (matcher: no matches; phasecorr: {'dx': -28903.23193639674, 'dy': -12953.216285335406, 'support': None, 'n': None, 'peak': 0.008737401829825507}); windows compared in place
[Coarse] pair 26: no reliable coarse offset (matcher: {'dx': -19773.076457977295, 'dy': 19493.499298095703, 'support': 1, 'n': 3, 'peak': None}; phasecorr: {'dx': -96306.08142606622, 'dy': -17142.367293993742, 'support': None, 'n': None, 'peak': 0.02253384519977334}); windows compared in place
[Coarse] pair 10: phase correlation gave dE=43169 m dN=-4147 m, 61.0 km from every offset the matcher measured; using pair 11's (dE=-17873 m dN=-427 m)
[Coarse] pair 12: phase correlation gave dE=-1877 m dN=10017 m, 18.9 km from every offset the matcher measured; using pair 8's (dE=-17816 m dN=-320 m)
[Coarse] pair 13: phase correlation gave dE=7584 m dN=8567 m, 26.9 km from every offset the matcher measured; using pair 8's (dE=-17816 m dN=-320 m)
[Coarse] pair 18: phase correlation gave dE=744 m dN=-16615 m, 24.5 km from every offset the matcher measured; using pair 25's (dE=-17868 m dN=-280 m)
[Coarse] pair 19: phase correlation gave dE=11920 m dN=-17918 m, 34.4 km from every offset the matcher measured; using pair 25's (dE=-17868 m dN=-280 m)
[Coarse] pair 21: phase correlation gave dE=-11414 m dN=-17047 m, 17.7 km from every offset the matcher measured; using pair 25's (dE=-17868 m dN=-280 m)
[Coarse] pair 27: phase correlation gave dE=-97898 m dN=-6012 m, 79.9 km from every offset the matcher measured; using pair 23's (dE=-17898 m dN=-94 m)
[Coarse] imw-rdd-nn-kt0p2 pair 1: dE=-17927.8 m dN=-379.0 m (matcher@315m, support=144, peak=None) 
imw-rdd-nn-kt0p2: Processing pair 1 from disk...
imw-rdd-nn-kt0p2: 1 match-sets in 0.81s
[Coarse] imw-rdd-nn-kt0p2 pair 2: dE=-17924.6 m dN=-607.7 m (matcher@315m, support=129, peak=None) 
imw-rdd-nn-kt0p2: Processing pair 2 from disk...
imw-rdd-nn-kt0p2: 1 match-sets in 0.12s
[Coarse] imw-rdd-nn-kt0p2 pair 3: dE=-17913.3 m dN=-579.9 m (matcher@315m, support=70, peak=None) 
imw-rdd-nn-kt0p2: Processing pair 3 from disk...
imw-rdd-nn-kt0p2: 1 match-sets in 0.12s
[Coarse] imw-rdd-nn-kt0p2 pair 4: dE=-18046.1 m dN=-647.5 m (matcher@315m, support=76, peak=None) 
imw-rdd-nn-kt0p2: Processing pair 4 from disk...
imw-rdd-nn-kt0p2: 1 match-sets in 1.70s
[Coarse] imw-rdd-nn-kt0p2 pair 5: dE=-18229.6 m dN=-620.7 m (matcher@315m, support=86, peak=None) 
imw-rdd-nn-kt0p2: Processing pair 5 from disk...
imw-rdd-nn-kt0p2: 1 match-sets in 0.99s
[Coarse] imw-rdd-nn-kt0p2 pair 6: dE=-17750.5 m dN=-515.3 m (matcher@315m, support=20, peak=None) 
imw-rdd-nn-kt0p2: Processing pair 6 from disk...
imw-rdd-nn-kt0p2: 1 match-sets in 0.15s
[Coarse] imw-rdd-nn-kt0p2 pair 7: dE=-17931.3 m dN=-389.4 m (matcher@315m, support=22, peak=None) 
imw-rdd-nn-kt0p2: Processing pair 7 from disk...
imw-rdd-nn-kt0p2: 3 match-sets in 5.67s
[Coarse] imw-rdd-nn-kt0p2 pair 8: dE=-17815.9 m dN=-319.5 m (matcher@315m, support=43, peak=None) 
imw-rdd-nn-kt0p2: Processing pair 8 from disk...
imw-rdd-nn-kt0p2: 3 match-sets in 2.14s
[Coarse] imw-rdd-nn-kt0p2 pair 9: dE=-17842.0 m dN=-377.5 m (matcher@315m, support=67, peak=None) 
imw-rdd-nn-kt0p2: Processing pair 9 from disk...
imw-rdd-nn-kt0p2: 3 match-sets in 0.47s
[Coarse] imw-rdd-nn-kt0p2 pair 10: dE=-17872.9 m dN=-426.9 m (from-pair-11 (phasecorr disagreed), support=None, peak=0.04791493653487985) 
imw-rdd-nn-kt0p2: Processing pair 10 from disk...
imw-rdd-nn-kt0p2: 2 match-sets in 2.64s
[Coarse] imw-rdd-nn-kt0p2 pair 11: dE=-17872.9 m dN=-426.9 m (matcher@315m, support=40, peak=None) 
imw-rdd-nn-kt0p2: Processing pair 11 from disk...
imw-rdd-nn-kt0p2: 2 match-sets in 0.41s
[Coarse] imw-rdd-nn-kt0p2 pair 12: dE=-17815.9 m dN=-319.5 m (from-pair-8 (phasecorr disagreed), support=None, peak=0.1047012765466431) 
imw-rdd-nn-kt0p2: Processing pair 12 from disk...
imw-rdd-nn-kt0p2: 0 match-sets in 0.00s
[Coarse] imw-rdd-nn-kt0p2 pair 13: dE=-17815.9 m dN=-319.5 m (from-pair-8 (phasecorr disagreed), support=None, peak=0.09384612739086151) 
imw-rdd-nn-kt0p2: Processing pair 13 from disk...
imw-rdd-nn-kt0p2: 0 match-sets in 0.00s
[Coarse] imw-rdd-nn-kt0p2 pair 14: dE=-17885.3 m dN=-154.1 m (matcher@315m, support=154, peak=None) 
imw-rdd-nn-kt0p2: Processing pair 14 from disk...
imw-rdd-nn-kt0p2: 3 match-sets in 2.70s
[Coarse] imw-rdd-nn-kt0p2 pair 15: dE=-17918.7 m dN=-182.4 m (matcher@315m, support=219, peak=None) 
imw-rdd-nn-kt0p2: Processing pair 15 from disk...
imw-rdd-nn-kt0p2: 3 match-sets in 0.50s
[Coarse] imw-rdd-nn-kt0p2 pair 16: dE=-18060.5 m dN=-251.1 m (matcher@315m, support=203, peak=None) 
imw-rdd-nn-kt0p2: Processing pair 16 from disk...
imw-rdd-nn-kt0p2: 2 match-sets in 0.37s
[Coarse] imw-rdd-nn-kt0p2 pair 17: dE=-18050.3 m dN=-253.4 m (matcher@315m, support=254, peak=None) 
imw-rdd-nn-kt0p2: Processing pair 17 from disk...
imw-rdd-nn-kt0p2: 2 match-sets in 0.36s
[Coarse] imw-rdd-nn-kt0p2 pair 18: dE=-17867.6 m dN=-280.0 m (from-pair-25 (phasecorr disagreed), support=None, peak=0.06863816733713503) 
imw-rdd-nn-kt0p2: Processing pair 18 from disk...
imw-rdd-nn-kt0p2: 0 match-sets in 0.00s
[Coarse] imw-rdd-nn-kt0p2 pair 19: dE=-17867.6 m dN=-280.0 m (from-pair-25 (phasecorr disagreed), support=None, peak=0.15104582491848204) 
imw-rdd-nn-kt0p2: Processing pair 19 from disk...
imw-rdd-nn-kt0p2: 0 match-sets in 0.00s
[Coarse] imw-rdd-nn-kt0p2 pair 20: dE=-17867.6 m dN=-280.0 m (from-pair-19, support=None, peak=None) 
imw-rdd-nn-kt0p2: Processing pair 20 from disk...
imw-rdd-nn-kt0p2: 0 match-sets in 0.00s
[Coarse] imw-rdd-nn-kt0p2 pair 21: dE=-17867.6 m dN=-280.0 m (from-pair-25 (phasecorr disagreed), support=None, peak=0.036990950946454645) 
imw-rdd-nn-kt0p2: Processing pair 21 from disk...
imw-rdd-nn-kt0p2: 0 match-sets in 0.00s
[Coarse] imw-rdd-nn-kt0p2 pair 22: dE=-17854.0 m dN=-181.4 m (matcher@315m, support=137, peak=None) 
imw-rdd-nn-kt0p2: Processing pair 22 from disk...
imw-rdd-nn-kt0p2: 4 match-sets in 2.66s
[Coarse] imw-rdd-nn-kt0p2 pair 23: dE=-17898.4 m dN=-94.4 m (matcher@315m, support=153, peak=None) 
imw-rdd-nn-kt0p2: Processing pair 23 from disk...
imw-rdd-nn-kt0p2: 4 match-sets in 0.55s
[Coarse] imw-rdd-nn-kt0p2 pair 24: dE=-17896.4 m dN=-132.4 m (matcher@315m, support=106, peak=None) 
imw-rdd-nn-kt0p2: Processing pair 24 from disk...
imw-rdd-nn-kt0p2: 4 match-sets in 0.55s
[Coarse] imw-rdd-nn-kt0p2 pair 25: dE=-17867.6 m dN=-280.0 m (matcher@315m, support=151, peak=None) 
imw-rdd-nn-kt0p2: Processing pair 25 from disk...
imw-rdd-nn-kt0p2: 4 match-sets in 0.52s
[Coarse] imw-rdd-nn-kt0p2 pair 26: dE=-17898.4 m dN=-94.4 m (from-pair-27, support=None, peak=None) 
imw-rdd-nn-kt0p2: Processing pair 26 from disk...
imw-rdd-nn-kt0p2: 2 match-sets in 0.49s
[Coarse] imw-rdd-nn-kt0p2 pair 27: dE=-17898.4 m dN=-94.4 m (from-pair-23 (phasecorr disagreed), support=None, peak=0.05064041456057702) 
imw-rdd-nn-kt0p2: Processing pair 27 from disk...
imw-rdd-nn-kt0p2: 2 match-sets in 0.33s
Saved:
 CHIP_STATS_ALL.csv
 CHIP_STATS_SURVIVORS.csv
 CONSENSUS_SCORES.csv
 BEST_CHIP_SET.csv
 BEST_CHIP_MANIFEST.csv
 BEST_FINAL_SUMMARY.csv
[band1] imw-rdd-nn-kt0p2 ok in 1.2 min, peak GPU memory 16.7 of 39.4 GB
[imw-rdd-nn] Model unloaded.
--------------------------------------------------------------------------------
[band1] Running imw-liftfeat-nn-kt0p2
[imw-liftfeat-nn] Loading model...
load weight successfully.
[Coarse] pair 3: no reliable coarse offset (matcher: {'dx': -19530.0, 'dy': 3780.0, 'support': 3, 'n': 8, 'peak': None}; phasecorr: {'dx': -16147.443677524008, 'dy': -26751.975000537102, 'support': None, 'n': None, 'peak': 0.00032880983234923565}); windows compared in place
[Coarse] pair 6: no reliable coarse offset (matcher: {'dx': -17640.0, 'dy': 12915.0, 'support': 1, 'n': 6, 'peak': None}; phasecorr: {'dx': -15852.800158210905, 'dy': 18737.59796077822, 'support': None, 'n': None, 'peak': -0.0027571213742097218}); windows compared in place
[Coarse] pair 8: no reliable coarse offset (matcher: {'dx': -19215.0, 'dy': 157.5, 'support': 6, 'n': 9, 'peak': None}; phasecorr: {'dx': -18002.059573769864, 'dy': -489.60497923140906, 'support': None, 'n': None, 'peak': 0.011968647486368816}); windows compared in place
[Coarse] pair 11: no reliable coarse offset (matcher: {'dx': -17640.0, 'dy': 3465.0, 'support': 3, 'n': 9, 'peak': None}; phasecorr: {'dx': -18107.733154651494, 'dy': -332.5590928480355, 'support': None, 'n': None, 'peak': 0.020898853179031604}); windows compared in place
[Coarse] pair 20: no reliable coarse offset (matcher: no matches; phasecorr: {'dx': -28903.23193639674, 'dy': -12953.216285335406, 'support': None, 'n': None, 'peak': 0.008737401829825507}); windows compared in place
[Coarse] pair 26: no reliable coarse offset (matcher: no matches; phasecorr: {'dx': -96306.08142606622, 'dy': -17142.367293993742, 'support': None, 'n': None, 'peak': 0.02253384519977334}); windows compared in place
[Coarse] pair 2: phase correlation gave dE=-8934 m dN=5487 m, 10.5 km from every offset the matcher measured; using pair 1's (dE=-17955 m dN=-630 m)
[Coarse] pair 10: phase correlation gave dE=43169 m dN=-4147 m, 60.9 km from every offset the matcher measured; using pair 7's (dE=-17955 m dN=-630 m)
[Coarse] pair 12: phase correlation gave dE=-1877 m dN=10017 m, 18.8 km from every offset the matcher measured; using pair 7's (dE=-17955 m dN=-630 m)
[Coarse] pair 13: phase correlation gave dE=7584 m dN=8567 m, 26.7 km from every offset the matcher measured; using pair 7's (dE=-17955 m dN=-630 m)
[Coarse] pair 18: phase correlation gave dE=744 m dN=-16615 m, 24.6 km from every offset the matcher measured; using pair 25's (dE=-17955 m dN=-315 m)
[Coarse] pair 19: phase correlation gave dE=11920 m dN=-17918 m, 34.4 km from every offset the matcher measured; using pair 25's (dE=-17955 m dN=-315 m)
[Coarse] pair 21: phase correlation gave dE=-11414 m dN=-17047 m, 17.7 km from every offset the matcher measured; using pair 25's (dE=-17955 m dN=-315 m)
[Coarse] pair 27: phase correlation gave dE=-97898 m dN=-6012 m, 79.8 km from every offset the matcher measured; using pair 23's (dE=-17955 m dN=-315 m)
[Coarse] imw-liftfeat-nn-kt0p2 pair 1: dE=-17955.0 m dN=-630.0 m (matcher@315m, support=22, peak=None) 
imw-liftfeat-nn-kt0p2: Processing pair 1 from disk...
imw-liftfeat-nn-kt0p2: 1 match-sets in 0.20s
[Coarse] imw-liftfeat-nn-kt0p2 pair 2: dE=-17955.0 m dN=-630.0 m (from-pair-1 (phasecorr disagreed), support=None, peak=0.03413578109976686) 
imw-liftfeat-nn-kt0p2: Processing pair 2 from disk...
imw-liftfeat-nn-kt0p2: 1 match-sets in 0.08s
[Coarse] imw-liftfeat-nn-kt0p2 pair 3: dE=-17955.0 m dN=-630.0 m (from-pair-1, support=None, peak=None) 
imw-liftfeat-nn-kt0p2: Processing pair 3 from disk...
imw-liftfeat-nn-kt0p2: 1 match-sets in 0.08s
[Coarse] imw-liftfeat-nn-kt0p2 pair 4: dE=-17955.0 m dN=-315.0 m (matcher@315m, support=22, peak=None) 
imw-liftfeat-nn-kt0p2: Processing pair 4 from disk...
imw-liftfeat-nn-kt0p2: 1 match-sets in 0.31s
[Coarse] imw-liftfeat-nn-kt0p2 pair 5: dE=-18270.0 m dN=-315.0 m (matcher@315m, support=25, peak=None) 
imw-liftfeat-nn-kt0p2: Processing pair 5 from disk...
imw-liftfeat-nn-kt0p2: 1 match-sets in 0.21s
[Coarse] imw-liftfeat-nn-kt0p2 pair 6: dE=-18270.0 m dN=-315.0 m (from-pair-5, support=None, peak=None) 
imw-liftfeat-nn-kt0p2: Processing pair 6 from disk...
imw-liftfeat-nn-kt0p2: 1 match-sets in 0.10s
[Coarse] imw-liftfeat-nn-kt0p2 pair 7: dE=-17955.0 m dN=-630.0 m (matcher@315m, support=17, peak=None) 
imw-liftfeat-nn-kt0p2: Processing pair 7 from disk...
imw-liftfeat-nn-kt0p2: 3 match-sets in 0.97s
[Coarse] imw-liftfeat-nn-kt0p2 pair 8: dE=-17955.0 m dN=-630.0 m (from-pair-7, support=None, peak=None) 
imw-liftfeat-nn-kt0p2: Processing pair 8 from disk...
imw-liftfeat-nn-kt0p2: 3 match-sets in 0.80s
[Coarse] imw-liftfeat-nn-kt0p2 pair 9: dE=-17955.0 m dN=-630.0 m (matcher@315m, support=23, peak=None) 
imw-liftfeat-nn-kt0p2: Processing pair 9 from disk...
imw-liftfeat-nn-kt0p2: 3 match-sets in 0.29s
[Coarse] imw-liftfeat-nn-kt0p2 pair 10: dE=-17955.0 m dN=-630.0 m (from-pair-7 (phasecorr disagreed), support=None, peak=0.04791493653487985) 
imw-liftfeat-nn-kt0p2: Processing pair 10 from disk...
imw-liftfeat-nn-kt0p2: 2 match-sets in 0.65s
[Coarse] imw-liftfeat-nn-kt0p2 pair 11: dE=-17955.0 m dN=-630.0 m (from-pair-10, support=None, peak=None) 
imw-liftfeat-nn-kt0p2: Processing pair 11 from disk...
imw-liftfeat-nn-kt0p2: 2 match-sets in 0.30s
[Coarse] imw-liftfeat-nn-kt0p2 pair 12: dE=-17955.0 m dN=-630.0 m (from-pair-7 (phasecorr disagreed), support=None, peak=0.1047012765466431) 
imw-liftfeat-nn-kt0p2: Processing pair 12 from disk...
imw-liftfeat-nn-kt0p2: 0 match-sets in 0.00s
[Coarse] imw-liftfeat-nn-kt0p2 pair 13: dE=-17955.0 m dN=-630.0 m (from-pair-7 (phasecorr disagreed), support=None, peak=0.09384612739086151) 
imw-liftfeat-nn-kt0p2: Processing pair 13 from disk...
imw-liftfeat-nn-kt0p2: 0 match-sets in 0.00s
[Coarse] imw-liftfeat-nn-kt0p2 pair 14: dE=-17955.0 m dN=-315.0 m (matcher@315m, support=57, peak=None) 
imw-liftfeat-nn-kt0p2: Processing pair 14 from disk...
imw-liftfeat-nn-kt0p2: 3 match-sets in 0.66s
[Coarse] imw-liftfeat-nn-kt0p2 pair 15: dE=-17955.0 m dN=-315.0 m (matcher@315m, support=93, peak=None) 
imw-liftfeat-nn-kt0p2: Processing pair 15 from disk...
imw-liftfeat-nn-kt0p2: 3 match-sets in 0.32s
[Coarse] imw-liftfeat-nn-kt0p2 pair 16: dE=-17955.0 m dN=-315.0 m (matcher@315m, support=110, peak=None) 
imw-liftfeat-nn-kt0p2: Processing pair 16 from disk...
imw-liftfeat-nn-kt0p2: 2 match-sets in 0.24s
[Coarse] imw-liftfeat-nn-kt0p2 pair 17: dE=-17955.0 m dN=-315.0 m (matcher@315m, support=162, peak=None) 
imw-liftfeat-nn-kt0p2: Processing pair 17 from disk...
imw-liftfeat-nn-kt0p2: 2 match-sets in 0.22s
[Coarse] imw-liftfeat-nn-kt0p2 pair 18: dE=-17955.0 m dN=-315.0 m (from-pair-25 (phasecorr disagreed), support=None, peak=0.06863816733713503) 
imw-liftfeat-nn-kt0p2: Processing pair 18 from disk...
imw-liftfeat-nn-kt0p2: 0 match-sets in 0.00s
[Coarse] imw-liftfeat-nn-kt0p2 pair 19: dE=-17955.0 m dN=-315.0 m (from-pair-25 (phasecorr disagreed), support=None, peak=0.15104582491848204) 
imw-liftfeat-nn-kt0p2: Processing pair 19 from disk...
imw-liftfeat-nn-kt0p2: 0 match-sets in 0.00s
[Coarse] imw-liftfeat-nn-kt0p2 pair 20: dE=-17955.0 m dN=-315.0 m (from-pair-19, support=None, peak=None) 
imw-liftfeat-nn-kt0p2: Processing pair 20 from disk...
imw-liftfeat-nn-kt0p2: 0 match-sets in 0.00s
[Coarse] imw-liftfeat-nn-kt0p2 pair 21: dE=-17955.0 m dN=-315.0 m (from-pair-25 (phasecorr disagreed), support=None, peak=0.036990950946454645) 
imw-liftfeat-nn-kt0p2: Processing pair 21 from disk...
imw-liftfeat-nn-kt0p2: 0 match-sets in 0.00s
[Coarse] imw-liftfeat-nn-kt0p2 pair 22: dE=-17640.0 m dN=-315.0 m (matcher@315m, support=25, peak=None) 
imw-liftfeat-nn-kt0p2: Processing pair 22 from disk...
imw-liftfeat-nn-kt0p2: 4 match-sets in 0.61s
[Coarse] imw-liftfeat-nn-kt0p2 pair 23: dE=-17955.0 m dN=-315.0 m (matcher@315m, support=21, peak=None) 
imw-liftfeat-nn-kt0p2: Processing pair 23 from disk...
imw-liftfeat-nn-kt0p2: 4 match-sets in 0.31s
[Coarse] imw-liftfeat-nn-kt0p2 pair 24: dE=-17640.0 m dN=-315.0 m (matcher@315m, support=23, peak=None) 
imw-liftfeat-nn-kt0p2: Processing pair 24 from disk...
imw-liftfeat-nn-kt0p2: 4 match-sets in 0.31s
[Coarse] imw-liftfeat-nn-kt0p2 pair 25: dE=-17955.0 m dN=-315.0 m (matcher@315m, support=38, peak=None) 
imw-liftfeat-nn-kt0p2: Processing pair 25 from disk...
imw-liftfeat-nn-kt0p2: 4 match-sets in 0.32s
[Coarse] imw-liftfeat-nn-kt0p2 pair 26: dE=-17955.0 m dN=-315.0 m (from-pair-27, support=None, peak=None) 
imw-liftfeat-nn-kt0p2: Processing pair 26 from disk...
imw-liftfeat-nn-kt0p2: 2 match-sets in 0.32s
[Coarse] imw-liftfeat-nn-kt0p2 pair 27: dE=-17955.0 m dN=-315.0 m (from-pair-23 (phasecorr disagreed), support=None, peak=0.05064041456057702) 
imw-liftfeat-nn-kt0p2: Processing pair 27 from disk...
imw-liftfeat-nn-kt0p2: 2 match-sets in 0.22s
Saved:
 CHIP_STATS_ALL.csv
 CHIP_STATS_SURVIVORS.csv
 CONSENSUS_SCORES.csv
 BEST_CHIP_SET.csv
 BEST_CHIP_MANIFEST.csv
 BEST_FINAL_SUMMARY.csv
[band1] imw-liftfeat-nn-kt0p2 ok in 0.3 min, peak GPU memory 3.2 of 39.4 GB
[imw-liftfeat-nn] Model unloaded.
--------------------------------------------------------------------------------
[band1] Running imw-ripe-nn-kt0p2
[imw-ripe-nn] Loading model...
INFO:ripe.models.ripe:Training with window size 8.
INFO:ripe.models.ripe:Use None as final non-linearity before the detection heatmap.
INFO:ripe.models.ripe:Training dim reduction descriptor with 960 -> 256 1x1 conv
[Coarse] pair 11: no reliable coarse offset (matcher: {'dx': -17955.0, 'dy': -315.0, 'support': 6, 'n': 8, 'peak': None}; phasecorr: {'dx': -18107.733154651494, 'dy': -332.5590928480355, 'support': None, 'n': None, 'peak': 0.020898853179031604}); windows compared in place
[Coarse] pair 20: no reliable coarse offset (matcher: no matches; phasecorr: {'dx': -28903.23193639674, 'dy': -12953.216285335406, 'support': None, 'n': None, 'peak': 0.008737401829825507}); windows compared in place
[Coarse] pair 26: no reliable coarse offset (matcher: no matches; phasecorr: {'dx': -96306.08142606622, 'dy': -17142.367293993742, 'support': None, 'n': None, 'peak': 0.02253384519977334}); windows compared in place
[Coarse] pair 10: phase correlation gave dE=43169 m dN=-4147 m, 61.2 km from every offset the matcher measured; using pair 8's (dE=-17955 m dN=-315 m)
[Coarse] pair 12: phase correlation gave dE=-1877 m dN=10017 m, 19.1 km from every offset the matcher measured; using pair 8's (dE=-17955 m dN=-315 m)
[Coarse] pair 13: phase correlation gave dE=7584 m dN=8567 m, 27.0 km from every offset the matcher measured; using pair 8's (dE=-17955 m dN=-315 m)
[Coarse] pair 18: phase correlation gave dE=744 m dN=-16615 m, 24.6 km from every offset the matcher measured; using pair 25's (dE=-17955 m dN=-315 m)
[Coarse] pair 19: phase correlation gave dE=11920 m dN=-17918 m, 34.5 km from every offset the matcher measured; using pair 25's (dE=-17955 m dN=-315 m)
[Coarse] pair 21: phase correlation gave dE=-11414 m dN=-17047 m, 17.7 km from every offset the matcher measured; using pair 25's (dE=-17955 m dN=-315 m)
[Coarse] pair 27: phase correlation gave dE=-97898 m dN=-6012 m, 79.8 km from every offset the matcher measured; using pair 23's (dE=-17955 m dN=-315 m)
[Coarse] imw-ripe-nn-kt0p2 pair 1: dE=-17955.0 m dN=-630.0 m (matcher@315m, support=127, peak=None) 
imw-ripe-nn-kt0p2: Processing pair 1 from disk...
imw-ripe-nn-kt0p2: 1 match-sets in 1.57s
[Coarse] imw-ripe-nn-kt0p2 pair 2: dE=-17955.0 m dN=-630.0 m (matcher@315m, support=59, peak=None) 
imw-ripe-nn-kt0p2: Processing pair 2 from disk...
imw-ripe-nn-kt0p2: 1 match-sets in 0.09s
[Coarse] imw-ripe-nn-kt0p2 pair 3: dE=-17955.0 m dN=-315.0 m (matcher@315m, support=39, peak=None) 
imw-ripe-nn-kt0p2: Processing pair 3 from disk...
imw-ripe-nn-kt0p2: 1 match-sets in 0.10s
[Coarse] imw-ripe-nn-kt0p2 pair 4: dE=-17955.0 m dN=-315.0 m (matcher@315m, support=44, peak=None) 
imw-ripe-nn-kt0p2: Processing pair 4 from disk...
imw-ripe-nn-kt0p2: 1 match-sets in 4.11s
[Coarse] imw-ripe-nn-kt0p2 pair 5: dE=-18270.0 m dN=-315.0 m (matcher@315m, support=57, peak=None) 
imw-ripe-nn-kt0p2: Processing pair 5 from disk...
imw-ripe-nn-kt0p2: 1 match-sets in 2.04s
[Coarse] imw-ripe-nn-kt0p2 pair 6: dE=-17955.0 m dN=-630.0 m (matcher@315m, support=13, peak=None) 
imw-ripe-nn-kt0p2: Processing pair 6 from disk...
imw-ripe-nn-kt0p2: 1 match-sets in 0.10s
[Coarse] imw-ripe-nn-kt0p2 pair 7: dE=-17955.0 m dN=-630.0 m (matcher@315m, support=58, peak=None) 
imw-ripe-nn-kt0p2: Processing pair 7 from disk...
imw-ripe-nn-kt0p2: 2 match-sets in 12.09s
[Coarse] imw-ripe-nn-kt0p2 pair 8: dE=-17955.0 m dN=-315.0 m (matcher@315m, support=37, peak=None) 
imw-ripe-nn-kt0p2: Processing pair 8 from disk...
imw-ripe-nn-kt0p2: 3 match-sets in 4.43s
[Coarse] imw-ripe-nn-kt0p2 pair 9: dE=-17955.0 m dN=-630.0 m (matcher@315m, support=59, peak=None) 
imw-ripe-nn-kt0p2: Processing pair 9 from disk...
imw-ripe-nn-kt0p2: 3 match-sets in 0.31s
[Coarse] imw-ripe-nn-kt0p2 pair 10: dE=-17955.0 m dN=-315.0 m (from-pair-8 (phasecorr disagreed), support=None, peak=0.04791493653487985) 
imw-ripe-nn-kt0p2: Processing pair 10 from disk...
imw-ripe-nn-kt0p2: 2 match-sets in 6.06s
[Coarse] imw-ripe-nn-kt0p2 pair 11: dE=-17955.0 m dN=-315.0 m (from-pair-10, support=None, peak=None) 
imw-ripe-nn-kt0p2: Processing pair 11 from disk...
imw-ripe-nn-kt0p2: 2 match-sets in 0.27s
[Coarse] imw-ripe-nn-kt0p2 pair 12: dE=-17955.0 m dN=-315.0 m (from-pair-8 (phasecorr disagreed), support=None, peak=0.1047012765466431) 
imw-ripe-nn-kt0p2: Processing pair 12 from disk...
imw-ripe-nn-kt0p2: 0 match-sets in 0.00s
[Coarse] imw-ripe-nn-kt0p2 pair 13: dE=-17955.0 m dN=-315.0 m (from-pair-8 (phasecorr disagreed), support=None, peak=0.09384612739086151) 
imw-ripe-nn-kt0p2: Processing pair 13 from disk...
imw-ripe-nn-kt0p2: 0 match-sets in 0.00s
[Coarse] imw-ripe-nn-kt0p2 pair 14: dE=-17955.0 m dN=-315.0 m (matcher@315m, support=131, peak=None) 
imw-ripe-nn-kt0p2: Processing pair 14 from disk...
imw-ripe-nn-kt0p2: 3 match-sets in 6.00s
[Coarse] imw-ripe-nn-kt0p2 pair 15: dE=-17955.0 m dN=-315.0 m (matcher@315m, support=177, peak=None) 
imw-ripe-nn-kt0p2: Processing pair 15 from disk...
imw-ripe-nn-kt0p2: 3 match-sets in 0.34s
[Coarse] imw-ripe-nn-kt0p2 pair 16: dE=-17955.0 m dN=-315.0 m (matcher@315m, support=193, peak=None) 
imw-ripe-nn-kt0p2: Processing pair 16 from disk...
imw-ripe-nn-kt0p2: 2 match-sets in 0.27s
[Coarse] imw-ripe-nn-kt0p2 pair 17: dE=-17955.0 m dN=-315.0 m (matcher@315m, support=247, peak=None) 
imw-ripe-nn-kt0p2: Processing pair 17 from disk...
imw-ripe-nn-kt0p2: 2 match-sets in 0.23s
[Coarse] imw-ripe-nn-kt0p2 pair 18: dE=-17955.0 m dN=-315.0 m (from-pair-25 (phasecorr disagreed), support=None, peak=0.06863816733713503) 
imw-ripe-nn-kt0p2: Processing pair 18 from disk...
imw-ripe-nn-kt0p2: 0 match-sets in 0.00s
[Coarse] imw-ripe-nn-kt0p2 pair 19: dE=-17955.0 m dN=-315.0 m (from-pair-25 (phasecorr disagreed), support=None, peak=0.15104582491848204) 
imw-ripe-nn-kt0p2: Processing pair 19 from disk...
imw-ripe-nn-kt0p2: 0 match-sets in 0.00s
[Coarse] imw-ripe-nn-kt0p2 pair 20: dE=-17955.0 m dN=-315.0 m (from-pair-19, support=None, peak=None) 
imw-ripe-nn-kt0p2: Processing pair 20 from disk...
imw-ripe-nn-kt0p2: 0 match-sets in 0.00s
[Coarse] imw-ripe-nn-kt0p2 pair 21: dE=-17955.0 m dN=-315.0 m (from-pair-25 (phasecorr disagreed), support=None, peak=0.036990950946454645) 
imw-ripe-nn-kt0p2: Processing pair 21 from disk...
imw-ripe-nn-kt0p2: 0 match-sets in 0.00s
[Coarse] imw-ripe-nn-kt0p2 pair 22: dE=-17955.0 m dN=-315.0 m (matcher@315m, support=150, peak=None) 
imw-ripe-nn-kt0p2: Processing pair 22 from disk...
imw-ripe-nn-kt0p2: 4 match-sets in 6.34s
[Coarse] imw-ripe-nn-kt0p2 pair 23: dE=-17955.0 m dN=-315.0 m (matcher@315m, support=151, peak=None) 
imw-ripe-nn-kt0p2: Processing pair 23 from disk...
imw-ripe-nn-kt0p2: 2 match-sets in 0.37s
[Coarse] imw-ripe-nn-kt0p2 pair 24: dE=-17955.0 m dN=-315.0 m (matcher@315m, support=74, peak=None) 
imw-ripe-nn-kt0p2: Processing pair 24 from disk...
imw-ripe-nn-kt0p2: 3 match-sets in 0.36s
[Coarse] imw-ripe-nn-kt0p2 pair 25: dE=-17955.0 m dN=-315.0 m (matcher@315m, support=151, peak=None) 
imw-ripe-nn-kt0p2: Processing pair 25 from disk...
imw-ripe-nn-kt0p2: 3 match-sets in 0.35s
[Coarse] imw-ripe-nn-kt0p2 pair 26: dE=-17955.0 m dN=-315.0 m (from-pair-27, support=None, peak=None) 
imw-ripe-nn-kt0p2: Processing pair 26 from disk...
imw-ripe-nn-kt0p2: 1 match-sets in 1.45s
[Coarse] imw-ripe-nn-kt0p2 pair 27: dE=-17955.0 m dN=-315.0 m (from-pair-23 (phasecorr disagreed), support=None, peak=0.05064041456057702) 
imw-ripe-nn-kt0p2: Processing pair 27 from disk...
imw-ripe-nn-kt0p2: 2 match-sets in 0.22s
Saved:
 CHIP_STATS_ALL.csv
 CHIP_STATS_SURVIVORS.csv
 CONSENSUS_SCORES.csv
 BEST_CHIP_SET.csv
 BEST_CHIP_MANIFEST.csv
 BEST_FINAL_SUMMARY.csv
[band1] imw-ripe-nn-kt0p2 ok in 1.7 min, peak GPU memory 32.9 of 39.4 GB
[imw-ripe-nn] Model unloaded.
--------------------------------------------------------------------------------
[band1] Running imw-darkfeat-nn-kt0p2
[imw-darkfeat-nn] Loading model...
Loaded DarkFeat model
[Coarse] pair 7: no reliable coarse offset (matcher: no matches; phasecorr: {'dx': -17660.72648465004, 'dy': -478.5174601560547, 'support': None, 'n': None, 'peak': 0.0218074359204816}); windows compared in place
[Coarse] pair 8: no reliable coarse offset (matcher: no matches; phasecorr: {'dx': -18002.059573769864, 'dy': -489.60497923140906, 'support': None, 'n': None, 'peak': 0.011968647486368816}); windows compared in place
[Coarse] pair 11: no reliable coarse offset (matcher: {'dx': -13230.0, 'dy': 0.0, 'support': 3, 'n': 5, 'peak': None}; phasecorr: {'dx': -18107.733154651494, 'dy': -332.5590928480355, 'support': None, 'n': None, 'peak': 0.020898853179031604}); windows compared in place
[Coarse] pair 20: no reliable coarse offset (matcher: no matches; phasecorr: {'dx': -28903.23193639674, 'dy': -12953.216285335406, 'support': None, 'n': None, 'peak': 0.008737401829825507}); windows compared in place
[Coarse] pair 26: no reliable coarse offset (matcher: no matches; phasecorr: {'dx': -96306.08142606622, 'dy': -17142.367293993742, 'support': None, 'n': None, 'peak': 0.02253384519977334}); windows compared in place
[Coarse] pair 10: phase correlation gave dE=43169 m dN=-4147 m, 60.6 km from every offset the matcher measured; using pair 4's (dE=-17955 m dN=-315 m)
[Coarse] pair 12: phase correlation gave dE=-1877 m dN=10017 m, 18.9 km from every offset the matcher measured; using pair 14's (dE=-17798 m dN=-315 m)
[Coarse] pair 13: phase correlation gave dE=7584 m dN=8567 m, 26.7 km from every offset the matcher measured; using pair 14's (dE=-17798 m dN=-315 m)
[Coarse] pair 18: phase correlation gave dE=744 m dN=-16615 m, 23.9 km from every offset the matcher measured; using pair 22's (dE=-17640 m dN=-472 m)
[Coarse] pair 19: phase correlation gave dE=11920 m dN=-17918 m, 33.8 km from every offset the matcher measured; using pair 22's (dE=-17640 m dN=-472 m)
[Coarse] pair 21: phase correlation gave dE=-11414 m dN=-17047 m, 17.2 km from every offset the matcher measured; using pair 22's (dE=-17640 m dN=-472 m)
[Coarse] pair 27: phase correlation gave dE=-97898 m dN=-6012 m, 80.1 km from every offset the matcher measured; using pair 22's (dE=-17640 m dN=-472 m)
[Coarse] imw-darkfeat-nn-kt0p2 pair 1: dE=-17955.0 m dN=-630.0 m (matcher@315m, support=103, peak=None) 
imw-darkfeat-nn-kt0p2: Processing pair 1 from disk...
imw-darkfeat-nn-kt0p2: 1 match-sets in 0.12s
[Coarse] imw-darkfeat-nn-kt0p2 pair 2: dE=-17955.0 m dN=-630.0 m (matcher@315m, support=49, peak=None) 
imw-darkfeat-nn-kt0p2: Processing pair 2 from disk...
imw-darkfeat-nn-kt0p2: 1 match-sets in 0.13s
[Coarse] imw-darkfeat-nn-kt0p2 pair 3: dE=-17955.0 m dN=-630.0 m (matcher@315m, support=25, peak=None) 
imw-darkfeat-nn-kt0p2: Processing pair 3 from disk...
imw-darkfeat-nn-kt0p2: 1 match-sets in 0.14s
[Coarse] imw-darkfeat-nn-kt0p2 pair 4: dE=-17955.0 m dN=-315.0 m (matcher@315m, support=40, peak=None) 
imw-darkfeat-nn-kt0p2: Processing pair 4 from disk...
imw-darkfeat-nn-kt0p2: 1 match-sets in 0.22s
[Coarse] imw-darkfeat-nn-kt0p2 pair 5: dE=-17955.0 m dN=-315.0 m (matcher@315m, support=36, peak=None) 
imw-darkfeat-nn-kt0p2: Processing pair 5 from disk...
imw-darkfeat-nn-kt0p2: 1 match-sets in 0.19s
[Coarse] imw-darkfeat-nn-kt0p2 pair 6: dE=-17325.0 m dN=-945.0 m (matcher@315m, support=9, peak=None) 
imw-darkfeat-nn-kt0p2: Processing pair 6 from disk...
imw-darkfeat-nn-kt0p2: 1 match-sets in 0.17s
[Coarse] imw-darkfeat-nn-kt0p2 pair 7: dE=-17790.5 m dN=-428.0 m (from-pair-9, support=None, peak=None) 
imw-darkfeat-nn-kt0p2: Processing pair 7 from disk...
imw-darkfeat-nn-kt0p2: 3 match-sets in 0.62s
[Coarse] imw-darkfeat-nn-kt0p2 pair 8: dE=-17790.5 m dN=-428.0 m (from-pair-9, support=None, peak=None) 
imw-darkfeat-nn-kt0p2: Processing pair 8 from disk...
imw-darkfeat-nn-kt0p2: 3 match-sets in 0.53s
[Coarse] imw-darkfeat-nn-kt0p2 pair 9: dE=-17790.5 m dN=-428.0 m (phasecorr@315m, support=None, peak=0.031066529352914596) 
imw-darkfeat-nn-kt0p2: Processing pair 9 from disk...
imw-darkfeat-nn-kt0p2: 3 match-sets in 0.43s
[Coarse] imw-darkfeat-nn-kt0p2 pair 10: dE=-17955.0 m dN=-315.0 m (from-pair-4 (phasecorr disagreed), support=None, peak=0.04791493653487985) 
imw-darkfeat-nn-kt0p2: Processing pair 10 from disk...
imw-darkfeat-nn-kt0p2: 2 match-sets in 0.36s
[Coarse] imw-darkfeat-nn-kt0p2 pair 11: dE=-17955.0 m dN=-315.0 m (from-pair-10, support=None, peak=None) 
imw-darkfeat-nn-kt0p2: Processing pair 11 from disk...
imw-darkfeat-nn-kt0p2: 2 match-sets in 0.30s
[Coarse] imw-darkfeat-nn-kt0p2 pair 12: dE=-17797.5 m dN=-315.0 m (from-pair-14 (phasecorr disagreed), support=None, peak=0.1047012765466431) 
imw-darkfeat-nn-kt0p2: Processing pair 12 from disk...
imw-darkfeat-nn-kt0p2: 0 match-sets in 0.00s
[Coarse] imw-darkfeat-nn-kt0p2 pair 13: dE=-17797.5 m dN=-315.0 m (from-pair-14 (phasecorr disagreed), support=None, peak=0.09384612739086151) 
imw-darkfeat-nn-kt0p2: Processing pair 13 from disk...
imw-darkfeat-nn-kt0p2: 0 match-sets in 0.00s
[Coarse] imw-darkfeat-nn-kt0p2 pair 14: dE=-17797.5 m dN=-315.0 m (matcher@315m, support=20, peak=None) 
imw-darkfeat-nn-kt0p2: Processing pair 14 from disk...
imw-darkfeat-nn-kt0p2: 3 match-sets in 0.41s
[Coarse] imw-darkfeat-nn-kt0p2 pair 15: dE=-18033.6 m dN=-269.1 m (phasecorr@315m, support=None, peak=0.0587093012491862) 
imw-darkfeat-nn-kt0p2: Processing pair 15 from disk...
imw-darkfeat-nn-kt0p2: 3 match-sets in 0.33s
[Coarse] imw-darkfeat-nn-kt0p2 pair 16: dE=-17955.0 m dN=-315.0 m (matcher@315m, support=38, peak=None) 
imw-darkfeat-nn-kt0p2: Processing pair 16 from disk...
imw-darkfeat-nn-kt0p2: 2 match-sets in 0.25s
[Coarse] imw-darkfeat-nn-kt0p2 pair 17: dE=-17955.0 m dN=-315.0 m (matcher@315m, support=43, peak=None) 
imw-darkfeat-nn-kt0p2: Processing pair 17 from disk...
imw-darkfeat-nn-kt0p2: 2 match-sets in 0.25s
[Coarse] imw-darkfeat-nn-kt0p2 pair 18: dE=-17640.0 m dN=-472.5 m (from-pair-22 (phasecorr disagreed), support=None, peak=0.06863816733713503) 
imw-darkfeat-nn-kt0p2: Processing pair 18 from disk...
imw-darkfeat-nn-kt0p2: 0 match-sets in 0.00s
[Coarse] imw-darkfeat-nn-kt0p2 pair 19: dE=-17640.0 m dN=-472.5 m (from-pair-22 (phasecorr disagreed), support=None, peak=0.15104582491848204) 
imw-darkfeat-nn-kt0p2: Processing pair 19 from disk...
imw-darkfeat-nn-kt0p2: 0 match-sets in 0.00s
[Coarse] imw-darkfeat-nn-kt0p2 pair 20: dE=-17640.0 m dN=-472.5 m (from-pair-19, support=None, peak=None) 
imw-darkfeat-nn-kt0p2: Processing pair 20 from disk...
imw-darkfeat-nn-kt0p2: 0 match-sets in 0.00s
[Coarse] imw-darkfeat-nn-kt0p2 pair 21: dE=-17640.0 m dN=-472.5 m (from-pair-22 (phasecorr disagreed), support=None, peak=0.036990950946454645) 
imw-darkfeat-nn-kt0p2: Processing pair 21 from disk...
imw-darkfeat-nn-kt0p2: 0 match-sets in 0.00s
[Coarse] imw-darkfeat-nn-kt0p2 pair 22: dE=-17640.0 m dN=-472.5 m (matcher@315m, support=20, peak=None) 
imw-darkfeat-nn-kt0p2: Processing pair 22 from disk...
imw-darkfeat-nn-kt0p2: 4 match-sets in 0.41s
[Coarse] imw-darkfeat-nn-kt0p2 pair 23: dE=-17911.9 m dN=-326.6 m (phasecorr@315m, support=None, peak=0.12881409482955933) 
imw-darkfeat-nn-kt0p2: Processing pair 23 from disk...
imw-darkfeat-nn-kt0p2: 4 match-sets in 0.35s
[Coarse] imw-darkfeat-nn-kt0p2 pair 24: dE=-17928.8 m dN=-415.6 m (phasecorr@315m, support=None, peak=0.035175936365127565) 
imw-darkfeat-nn-kt0p2: Processing pair 24 from disk...
imw-darkfeat-nn-kt0p2: 4 match-sets in 0.37s
[Coarse] imw-darkfeat-nn-kt0p2 pair 25: dE=-17844.2 m dN=-348.0 m (phasecorr@315m, support=None, peak=0.15328786741892497) 
imw-darkfeat-nn-kt0p2: Processing pair 25 from disk...
imw-darkfeat-nn-kt0p2: 4 match-sets in 0.34s
[Coarse] imw-darkfeat-nn-kt0p2 pair 26: dE=-17640.0 m dN=-472.5 m (from-pair-27, support=None, peak=None) 
imw-darkfeat-nn-kt0p2: Processing pair 26 from disk...
imw-darkfeat-nn-kt0p2: 2 match-sets in 0.23s
[Coarse] imw-darkfeat-nn-kt0p2 pair 27: dE=-17640.0 m dN=-472.5 m (from-pair-22 (phasecorr disagreed), support=None, peak=0.05064041456057702) 
imw-darkfeat-nn-kt0p2: Processing pair 27 from disk...
imw-darkfeat-nn-kt0p2: 2 match-sets in 0.23s
Saved:
 CHIP_STATS_ALL.csv
 CHIP_STATS_SURVIVORS.csv
 CONSENSUS_SCORES.csv
 BEST_CHIP_SET.csv
 BEST_CHIP_MANIFEST.csv
 BEST_FINAL_SUMMARY.csv
[band1] imw-darkfeat-nn-kt0p2 ok in 0.2 min, peak GPU memory 0.7 of 39.4 GB
[imw-darkfeat-nn] Model unloaded.
--------------------------------------------------------------------------------
[band1] Running imw-lanet-nn-kt0p2
[imw-lanet-nn] Loading model...
[Coarse] pair 3: no reliable coarse offset (matcher: {'dx': -17949.496536254883, 'dy': -778.3748245239258, 'support': 5, 'n': 8, 'peak': None}; phasecorr: {'dx': -16147.443677524008, 'dy': -26751.975000537102, 'support': None, 'n': None, 'peak': 0.00032880983234923565}); windows compared in place
[Coarse] pair 4: no reliable coarse offset (matcher: no matches; phasecorr: {'dx': 12882.472481301173, 'dy': 92621.70938170607, 'support': None, 'n': None, 'peak': -0.00012715039429841217}); windows compared in place
[Coarse] pair 5: no reliable coarse offset (matcher: no matches; phasecorr: {'dx': 3156.3479216096807, 'dy': 18300.67805989782, 'support': None, 'n': None, 'peak': 0.020832994549224774}); windows compared in place
[Coarse] pair 6: no reliable coarse offset (matcher: no matches; phasecorr: {'dx': -15852.800158210905, 'dy': 18737.59796077822, 'support': None, 'n': None, 'peak': -0.0027571213742097218}); windows compared in place
[Coarse] pair 7: no reliable coarse offset (matcher: no matches; phasecorr: {'dx': -17660.72648465004, 'dy': -478.5174601560547, 'support': None, 'n': None, 'peak': 0.0218074359204816}); windows compared in place
[Coarse] pair 8: no reliable coarse offset (matcher: no matches; phasecorr: {'dx': -18002.059573769864, 'dy': -489.60497923140906, 'support': None, 'n': None, 'peak': 0.011968647486368816}); windows compared in place
[Coarse] pair 11: no reliable coarse offset (matcher: no matches; phasecorr: {'dx': -18107.733154651494, 'dy': -332.5590928480355, 'support': None, 'n': None, 'peak': 0.020898853179031604}); windows compared in place
[Coarse] pair 20: no reliable coarse offset (matcher: no matches; phasecorr: {'dx': -28903.23193639674, 'dy': -12953.216285335406, 'support': None, 'n': None, 'peak': 0.008737401829825507}); windows compared in place
[Coarse] pair 26: no reliable coarse offset (matcher: no matches; phasecorr: {'dx': -96306.08142606622, 'dy': -17142.367293993742, 'support': None, 'n': None, 'peak': 0.02253384519977334}); windows compared in place
[Coarse] pair 2: phase correlation gave dE=-8934 m dN=5487 m, 10.5 km from every offset the matcher measured; using pair 1's (dE=-18071 m dN=-520 m)
[Coarse] pair 10: phase correlation gave dE=43169 m dN=-4147 m, 61.1 km from every offset the matcher measured; using pair 1's (dE=-18071 m dN=-520 m)
[Coarse] pair 12: phase correlation gave dE=-1877 m dN=10017 m, 18.9 km from every offset the matcher measured; using pair 14's (dE=-17831 m dN=-252 m)
[Coarse] pair 13: phase correlation gave dE=7584 m dN=8567 m, 26.8 km from every offset the matcher measured; using pair 14's (dE=-17831 m dN=-252 m)
[Coarse] pair 18: phase correlation gave dE=744 m dN=-16615 m, 24.7 km from every offset the matcher measured; using pair 25's (dE=-17791 m dN=-291 m)
[Coarse] pair 19: phase correlation gave dE=11920 m dN=-17918 m, 34.5 km from every offset the matcher measured; using pair 25's (dE=-17791 m dN=-291 m)
[Coarse] pair 21: phase correlation gave dE=-11414 m dN=-17047 m, 17.8 km from every offset the matcher measured; using pair 25's (dE=-17791 m dN=-291 m)
[Coarse] pair 27: phase correlation gave dE=-97898 m dN=-6012 m, 80.0 km from every offset the matcher measured; using pair 23's (dE=-17767 m dN=-244 m)
[Coarse] imw-lanet-nn-kt0p2 pair 1: dE=-18070.7 m dN=-520.2 m (matcher@315m, support=21, peak=None) 
imw-lanet-nn-kt0p2: Processing pair 1 from disk...
imw-lanet-nn-kt0p2: 1 match-sets in 0.08s
[Coarse] imw-lanet-nn-kt0p2 pair 2: dE=-18070.7 m dN=-520.2 m (from-pair-1 (phasecorr disagreed), support=None, peak=0.03413578109976686) 
imw-lanet-nn-kt0p2: Processing pair 2 from disk...
imw-lanet-nn-kt0p2: 1 match-sets in 0.07s
[Coarse] imw-lanet-nn-kt0p2 pair 3: dE=-18070.7 m dN=-520.2 m (from-pair-1, support=None, peak=None) 
imw-lanet-nn-kt0p2: Processing pair 3 from disk...
imw-lanet-nn-kt0p2: 1 match-sets in 0.07s
[Coarse] imw-lanet-nn-kt0p2 pair 4: dE=-18070.7 m dN=-520.2 m (from-pair-2, support=None, peak=None) 
imw-lanet-nn-kt0p2: Processing pair 4 from disk...
imw-lanet-nn-kt0p2: 1 match-sets in 0.13s
[Coarse] imw-lanet-nn-kt0p2 pair 5: dE=-18070.7 m dN=-520.2 m (from-pair-2, support=None, peak=None) 
imw-lanet-nn-kt0p2: Processing pair 5 from disk...
imw-lanet-nn-kt0p2: 1 match-sets in 0.10s
[Coarse] imw-lanet-nn-kt0p2 pair 6: dE=-18070.7 m dN=-520.2 m (from-pair-2, support=None, peak=None) 
imw-lanet-nn-kt0p2: Processing pair 6 from disk...
imw-lanet-nn-kt0p2: 1 match-sets in 0.08s
[Coarse] imw-lanet-nn-kt0p2 pair 7: dE=-17790.5 m dN=-428.0 m (from-pair-9, support=None, peak=None) 
imw-lanet-nn-kt0p2: Processing pair 7 from disk...
imw-lanet-nn-kt0p2: 3 match-sets in 0.35s
[Coarse] imw-lanet-nn-kt0p2 pair 8: dE=-17790.5 m dN=-428.0 m (from-pair-9, support=None, peak=None) 
imw-lanet-nn-kt0p2: Processing pair 8 from disk...
imw-lanet-nn-kt0p2: 3 match-sets in 0.26s
[Coarse] imw-lanet-nn-kt0p2 pair 9: dE=-17790.5 m dN=-428.0 m (phasecorr@315m, support=None, peak=0.031066529352914596) 
imw-lanet-nn-kt0p2: Processing pair 9 from disk...
imw-lanet-nn-kt0p2: 3 match-sets in 0.25s
[Coarse] imw-lanet-nn-kt0p2 pair 10: dE=-18070.7 m dN=-520.2 m (from-pair-1 (phasecorr disagreed), support=None, peak=0.04791493653487985) 
imw-lanet-nn-kt0p2: Processing pair 10 from disk...
imw-lanet-nn-kt0p2: 2 match-sets in 0.28s
[Coarse] imw-lanet-nn-kt0p2 pair 11: dE=-18070.7 m dN=-520.2 m (from-pair-10, support=None, peak=None) 
imw-lanet-nn-kt0p2: Processing pair 11 from disk...
imw-lanet-nn-kt0p2: 2 match-sets in 0.21s
[Coarse] imw-lanet-nn-kt0p2 pair 12: dE=-17831.4 m dN=-251.5 m (from-pair-14 (phasecorr disagreed), support=None, peak=0.1047012765466431) 
imw-lanet-nn-kt0p2: Processing pair 12 from disk...
imw-lanet-nn-kt0p2: 0 match-sets in 0.00s
[Coarse] imw-lanet-nn-kt0p2 pair 13: dE=-17831.4 m dN=-251.5 m (from-pair-14 (phasecorr disagreed), support=None, peak=0.09384612739086151) 
imw-lanet-nn-kt0p2: Processing pair 13 from disk...
imw-lanet-nn-kt0p2: 0 match-sets in 0.00s
[Coarse] imw-lanet-nn-kt0p2 pair 14: dE=-17831.4 m dN=-251.5 m (matcher@315m, support=34, peak=None) 
imw-lanet-nn-kt0p2: Processing pair 14 from disk...
imw-lanet-nn-kt0p2: 3 match-sets in 0.31s
[Coarse] imw-lanet-nn-kt0p2 pair 15: dE=-17876.2 m dN=-233.7 m (matcher@315m, support=42, peak=None) 
imw-lanet-nn-kt0p2: Processing pair 15 from disk...
imw-lanet-nn-kt0p2: 3 match-sets in 0.24s
[Coarse] imw-lanet-nn-kt0p2 pair 16: dE=-17979.2 m dN=-148.2 m (matcher@315m, support=93, peak=None) 
imw-lanet-nn-kt0p2: Processing pair 16 from disk...
imw-lanet-nn-kt0p2: 2 match-sets in 0.20s
[Coarse] imw-lanet-nn-kt0p2 pair 17: dE=-17961.9 m dN=-195.4 m (matcher@315m, support=119, peak=None) 
imw-lanet-nn-kt0p2: Processing pair 17 from disk...
imw-lanet-nn-kt0p2: 2 match-sets in 0.18s
[Coarse] imw-lanet-nn-kt0p2 pair 18: dE=-17791.1 m dN=-290.6 m (from-pair-25 (phasecorr disagreed), support=None, peak=0.06863816733713503) 
imw-lanet-nn-kt0p2: Processing pair 18 from disk...
imw-lanet-nn-kt0p2: 0 match-sets in 0.00s
[Coarse] imw-lanet-nn-kt0p2 pair 19: dE=-17791.1 m dN=-290.6 m (from-pair-25 (phasecorr disagreed), support=None, peak=0.15104582491848204) 
imw-lanet-nn-kt0p2: Processing pair 19 from disk...
imw-lanet-nn-kt0p2: 0 match-sets in 0.00s
[Coarse] imw-lanet-nn-kt0p2 pair 20: dE=-17791.1 m dN=-290.6 m (from-pair-19, support=None, peak=None) 
imw-lanet-nn-kt0p2: Processing pair 20 from disk...
imw-lanet-nn-kt0p2: 0 match-sets in 0.00s
[Coarse] imw-lanet-nn-kt0p2 pair 21: dE=-17791.1 m dN=-290.6 m (from-pair-25 (phasecorr disagreed), support=None, peak=0.036990950946454645) 
imw-lanet-nn-kt0p2: Processing pair 21 from disk...
imw-lanet-nn-kt0p2: 0 match-sets in 0.00s
[Coarse] imw-lanet-nn-kt0p2 pair 22: dE=-17755.7 m dN=-204.2 m (matcher@315m, support=56, peak=None) 
imw-lanet-nn-kt0p2: Processing pair 22 from disk...
imw-lanet-nn-kt0p2: 4 match-sets in 0.27s
[Coarse] imw-lanet-nn-kt0p2 pair 23: dE=-17766.9 m dN=-243.5 m (matcher@315m, support=54, peak=None) 
imw-lanet-nn-kt0p2: Processing pair 23 from disk...
imw-lanet-nn-kt0p2: 4 match-sets in 0.20s
[Coarse] imw-lanet-nn-kt0p2 pair 24: dE=-17806.0 m dN=-180.4 m (matcher@315m, support=12, peak=None) 
imw-lanet-nn-kt0p2: Processing pair 24 from disk...
imw-lanet-nn-kt0p2: 4 match-sets in 0.20s
[Coarse] imw-lanet-nn-kt0p2 pair 25: dE=-17791.1 m dN=-290.6 m (matcher@315m, support=64, peak=None) 
imw-lanet-nn-kt0p2: Processing pair 25 from disk...
imw-lanet-nn-kt0p2: 4 match-sets in 0.20s
[Coarse] imw-lanet-nn-kt0p2 pair 26: dE=-17766.9 m dN=-243.5 m (from-pair-27, support=None, peak=None) 
imw-lanet-nn-kt0p2: Processing pair 26 from disk...
imw-lanet-nn-kt0p2: 2 match-sets in 0.15s
[Coarse] imw-lanet-nn-kt0p2 pair 27: dE=-17766.9 m dN=-243.5 m (from-pair-23 (phasecorr disagreed), support=None, peak=0.05064041456057702) 
imw-lanet-nn-kt0p2: Processing pair 27 from disk...
imw-lanet-nn-kt0p2: 2 match-sets in 0.13s
Saved:
 CHIP_STATS_ALL.csv
 CHIP_STATS_SURVIVORS.csv
 CONSENSUS_SCORES.csv
 BEST_CHIP_SET.csv
 BEST_CHIP_MANIFEST.csv
 BEST_FINAL_SUMMARY.csv
[band1] imw-lanet-nn-kt0p2 ok in 0.2 min, peak GPU memory 1.1 of 39.4 GB
[imw-lanet-nn] Model unloaded.
--------------------------------------------------------------------------------
[band1] Running imw-minima-loftr
[imw-minima-loftr] Loading model...
[Coarse] pair 7: no reliable coarse offset (matcher: {'dx': -19970.080032348633, 'dy': -17181.20819091797, 'support': 4, 'n': 4, 'peak': None}; phasecorr: {'dx': -17660.72648465004, 'dy': -478.5174601560547, 'support': None, 'n': None, 'peak': 0.0218074359204816}); windows compared in place
[Coarse] pair 20: no reliable coarse offset (matcher: no matches; phasecorr: {'dx': -28903.23193639674, 'dy': -12953.216285335406, 'support': None, 'n': None, 'peak': 0.008737401829825507}); windows compared in place
[Coarse] pair 26: no reliable coarse offset (matcher: {'dx': 15699.703388214111, 'dy': 18293.610219955444, 'support': 2, 'n': 3, 'peak': None}; phasecorr: {'dx': -96306.08142606622, 'dy': -17142.367293993742, 'support': None, 'n': None, 'peak': 0.02253384519977334}); windows compared in place
[Coarse] pair 10: phase correlation gave dE=43169 m dN=-4147 m, 60.8 km from every offset the matcher measured; using pair 11's (dE=-18171 m dN=-76 m)
[Coarse] pair 12: phase correlation gave dE=-1877 m dN=10017 m, 18.8 km from every offset the matcher measured; using pair 8's (dE=-17903 m dN=-1150 m)
[Coarse] pair 13: phase correlation gave dE=7584 m dN=8567 m, 26.7 km from every offset the matcher measured; using pair 8's (dE=-17903 m dN=-1150 m)
[Coarse] pair 18: phase correlation gave dE=744 m dN=-16615 m, 20.9 km from every offset the matcher measured; using pair 25's (dE=-17542 m dN=-427 m)
[Coarse] pair 19: phase correlation gave dE=11920 m dN=-17918 m, 32.1 km from every offset the matcher measured; using pair 25's (dE=-17542 m dN=-427 m)
[Coarse] pair 21: phase correlation gave dE=-11414 m dN=-17047 m, 8.8 km from every offset the matcher measured; using pair 25's (dE=-17542 m dN=-427 m)
[Coarse] pair 27: phase correlation gave dE=-97898 m dN=-6012 m, 78.5 km from every offset the matcher measured; using pair 23's (dE=-17510 m dN=-410 m)
[Coarse] WARNING: imw-minima-loftr: the pairs' coarse offsets differ by up to 17 km, more than one image moves from place to place. Pairs with a wrong offset match the wrong ground (the chip consensus drops them when they are few); if most pairs disagree, check the input's pixel size and window size.
[Coarse] imw-minima-loftr pair 1: dE=-17889.0 m dN=-776.9 m (matcher@315m, support=123, peak=None) 
imw-minima-loftr: Processing pair 1 from disk...
imw-minima-loftr: 1 match-sets in 2.65s
[Coarse] imw-minima-loftr pair 2: dE=-20174.7 m dN=-16939.9 m (matcher@315m, support=8, peak=None) 
imw-minima-loftr: Processing pair 2 from disk...
imw-minima-loftr: 1 match-sets in 1.81s
[Coarse] imw-minima-loftr pair 3: dE=-17979.7 m dN=-1116.4 m (matcher@315m, support=31, peak=None) 
imw-minima-loftr: Processing pair 3 from disk...
imw-minima-loftr: 1 match-sets in 0.08s
[Coarse] imw-minima-loftr pair 4: dE=-18462.5 m dN=-258.5 m (matcher@315m, support=48, peak=None) 
imw-minima-loftr: Processing pair 4 from disk...
imw-minima-loftr: 1 match-sets in 3.37s
[Coarse] imw-minima-loftr pair 5: dE=-18546.9 m dN=-232.7 m (matcher@315m, support=58, peak=None) 
imw-minima-loftr: Processing pair 5 from disk...
imw-minima-loftr: 1 match-sets in 1.79s
[Coarse] imw-minima-loftr pair 6: dE=-18574.0 m dN=-206.3 m (matcher@315m, support=21, peak=None) 
imw-minima-loftr: Processing pair 6 from disk...
imw-minima-loftr: 1 match-sets in 0.08s
[Coarse] imw-minima-loftr pair 7: dE=-18008.8 m dN=-1161.8 m (from-pair-9, support=None, peak=None) 
imw-minima-loftr: Processing pair 7 from disk...
imw-minima-loftr: 3 match-sets in 10.91s
[Coarse] imw-minima-loftr pair 8: dE=-17903.1 m dN=-1150.5 m (matcher@315m, support=10, peak=None) 
imw-minima-loftr: Processing pair 8 from disk...
imw-minima-loftr: 3 match-sets in 5.55s
[Coarse] imw-minima-loftr pair 9: dE=-18008.8 m dN=-1161.8 m (matcher@315m, support=20, peak=None) 
imw-minima-loftr: Processing pair 9 from disk...
imw-minima-loftr: 2 match-sets in 0.23s
[Coarse] imw-minima-loftr pair 10: dE=-18171.5 m dN=-76.4 m (from-pair-11 (phasecorr disagreed), support=None, peak=0.04791493653487985) 
imw-minima-loftr: Processing pair 10 from disk...
imw-minima-loftr: 2 match-sets in 5.35s
[Coarse] imw-minima-loftr pair 11: dE=-18171.5 m dN=-76.4 m (matcher@315m, support=105, peak=None) 
imw-minima-loftr: Processing pair 11 from disk...
imw-minima-loftr: 2 match-sets in 0.22s
[Coarse] imw-minima-loftr pair 12: dE=-17903.1 m dN=-1150.5 m (from-pair-8 (phasecorr disagreed), support=None, peak=0.1047012765466431) 
imw-minima-loftr: Processing pair 12 from disk...
imw-minima-loftr: 0 match-sets in 0.00s
[Coarse] imw-minima-loftr pair 13: dE=-17903.1 m dN=-1150.5 m (from-pair-8 (phasecorr disagreed), support=None, peak=0.09384612739086151) 
imw-minima-loftr: Processing pair 13 from disk...
imw-minima-loftr: 0 match-sets in 0.00s
[Coarse] imw-minima-loftr pair 14: dE=-17723.4 m dN=-513.6 m (matcher@315m, support=561, peak=None) 
imw-minima-loftr: Processing pair 14 from disk...
imw-minima-loftr: 3 match-sets in 5.29s
[Coarse] imw-minima-loftr pair 15: dE=-17777.7 m dN=-517.2 m (matcher@315m, support=955, peak=None) 
imw-minima-loftr: Processing pair 15 from disk...
imw-minima-loftr: 3 match-sets in 0.29s
[Coarse] imw-minima-loftr pair 16: dE=-18002.0 m dN=-234.1 m (matcher@315m, support=408, peak=None) 
imw-minima-loftr: Processing pair 16 from disk...
imw-minima-loftr: 2 match-sets in 0.24s
[Coarse] imw-minima-loftr pair 17: dE=-18072.3 m dN=-224.9 m (matcher@315m, support=741, peak=None) 
imw-minima-loftr: Processing pair 17 from disk...
imw-minima-loftr: 2 match-sets in 0.20s
[Coarse] imw-minima-loftr pair 18: dE=-17542.1 m dN=-427.0 m (from-pair-25 (phasecorr disagreed), support=None, peak=0.06863816733713503) 
imw-minima-loftr: Processing pair 18 from disk...
imw-minima-loftr: 0 match-sets in 0.00s
[Coarse] imw-minima-loftr pair 19: dE=-17542.1 m dN=-427.0 m (from-pair-25 (phasecorr disagreed), support=None, peak=0.15104582491848204) 
imw-minima-loftr: Processing pair 19 from disk...
imw-minima-loftr: 0 match-sets in 0.00s
[Coarse] imw-minima-loftr pair 20: dE=-17542.1 m dN=-427.0 m (from-pair-19, support=None, peak=None) 
imw-minima-loftr: Processing pair 20 from disk...
imw-minima-loftr: 0 match-sets in 0.00s
[Coarse] imw-minima-loftr pair 21: dE=-17542.1 m dN=-427.0 m (from-pair-25 (phasecorr disagreed), support=None, peak=0.036990950946454645) 
imw-minima-loftr: Processing pair 21 from disk...
imw-minima-loftr: 0 match-sets in 0.00s
[Coarse] imw-minima-loftr pair 22: dE=-17505.9 m dN=-423.0 m (matcher@315m, support=521, peak=None) 
imw-minima-loftr: Processing pair 22 from disk...
imw-minima-loftr: 4 match-sets in 3.83s
[Coarse] imw-minima-loftr pair 23: dE=-17510.0 m dN=-409.8 m (matcher@315m, support=452, peak=None) 
imw-minima-loftr: Processing pair 23 from disk...
imw-minima-loftr: 3 match-sets in 0.28s
[Coarse] imw-minima-loftr pair 24: dE=-17533.9 m dN=-396.5 m (matcher@315m, support=503, peak=None) 
imw-minima-loftr: Processing pair 24 from disk...
imw-minima-loftr: 4 match-sets in 0.26s
[Coarse] imw-minima-loftr pair 25: dE=-17542.1 m dN=-427.0 m (matcher@315m, support=523, peak=None) 
imw-minima-loftr: Processing pair 25 from disk...
imw-minima-loftr: 3 match-sets in 0.23s
[Coarse] imw-minima-loftr pair 26: dE=-17510.0 m dN=-409.8 m (from-pair-27, support=None, peak=None) 
imw-minima-loftr: Processing pair 26 from disk...
imw-minima-loftr: 1 match-sets in 1.64s
[Coarse] imw-minima-loftr pair 27: dE=-17510.0 m dN=-409.8 m (from-pair-23 (phasecorr disagreed), support=None, peak=0.05064041456057702) 
imw-minima-loftr: Processing pair 27 from disk...
imw-minima-loftr: 0 match-sets in 0.16s
Saved:
 CHIP_STATS_ALL.csv
 CHIP_STATS_SURVIVORS.csv
 CONSENSUS_SCORES.csv
 BEST_CHIP_SET.csv
 BEST_CHIP_MANIFEST.csv
 BEST_FINAL_SUMMARY.csv
[band1] imw-minima-loftr ok in 1.5 min, peak GPU memory 33.0 of 39.4 GB
[imw-minima-loftr] Model unloaded.
--------------------------------------------------------------------------------
[band1] Running imw-minima-roma
[imw-minima-roma] Loading model...
[Coarse] pair 20: no reliable coarse offset (matcher: no matches; phasecorr: {'dx': -28903.23193639674, 'dy': -12953.216285335406, 'support': None, 'n': None, 'peak': 0.008737401829825507}); windows compared in place
[Coarse] pair 26: no reliable coarse offset (matcher: no matches; phasecorr: {'dx': -96306.08142606622, 'dy': -17142.367293993742, 'support': None, 'n': None, 'peak': 0.02253384519977334}); windows compared in place
[Coarse] pair 10: the matcher gave dE=9891 m dN=4621 m on 8 matches, apart from the 19 pairs that agree; using pair 11's (dE=-18007 m dN=-315 m)
[Coarse] pair 12: the matcher gave dE=5473 m dN=-20714 m on 18 matches, apart from the 19 pairs that agree; using pair 8's (dE=-17931 m dN=-585 m)
[Coarse] pair 13: the matcher gave dE=3319 m dN=-20616 m on 74 matches, apart from the 19 pairs that agree; using pair 8's (dE=-17931 m dN=-585 m)
[Coarse] pair 18: phase correlation gave dE=744 m dN=-16615 m, 24.6 km from every offset the matcher measured; using pair 25's (dE=-17781 m dN=-322 m)
[Coarse] pair 19: phase correlation gave dE=11920 m dN=-17918 m, 34.5 km from every offset the matcher measured; using pair 25's (dE=-17781 m dN=-322 m)
[Coarse] pair 21: phase correlation gave dE=-11414 m dN=-17047 m, 17.6 km from every offset the matcher measured; using pair 25's (dE=-17781 m dN=-322 m)
[Coarse] pair 27: phase correlation gave dE=-97898 m dN=-6012 m, 79.9 km from every offset the matcher measured; using pair 24's (dE=-17776 m dN=-279 m)
[Coarse] imw-minima-roma pair 1: dE=-17981.1 m dN=-642.4 m (matcher@315m, support=2780, peak=None) 
imw-minima-roma: Processing pair 1 from disk...
imw-minima-roma: 1 match-sets in 0.58s
[Coarse] imw-minima-roma pair 2: dE=-17998.9 m dN=-643.7 m (matcher@315m, support=2292, peak=None) 
imw-minima-roma: Processing pair 2 from disk...
imw-minima-roma: 1 match-sets in 0.59s
[Coarse] imw-minima-roma pair 3: dE=-17956.9 m dN=-658.1 m (matcher@315m, support=2138, peak=None) 
imw-minima-roma: Processing pair 3 from disk...
imw-minima-roma: 1 match-sets in 0.57s
[Coarse] imw-minima-roma pair 4: dE=-18116.7 m dN=-448.1 m (matcher@315m, support=3215, peak=None) 
imw-minima-roma: Processing pair 4 from disk...
imw-minima-roma: 1 match-sets in 0.60s
[Coarse] imw-minima-roma pair 5: dE=-18154.6 m dN=-465.3 m (matcher@315m, support=2488, peak=None) 
imw-minima-roma: Processing pair 5 from disk...
imw-minima-roma: 1 match-sets in 0.61s
[Coarse] imw-minima-roma pair 6: dE=-18173.9 m dN=-427.1 m (matcher@315m, support=2361, peak=None) 
imw-minima-roma: Processing pair 6 from disk...
imw-minima-roma: 1 match-sets in 0.61s
[Coarse] imw-minima-roma pair 7: dE=-17914.1 m dN=-568.3 m (matcher@315m, support=2716, peak=None) 
imw-minima-roma: Processing pair 7 from disk...
imw-minima-roma: 3 match-sets in 1.90s
[Coarse] imw-minima-roma pair 8: dE=-17931.2 m dN=-585.5 m (matcher@315m, support=811, peak=None) 
imw-minima-roma: Processing pair 8 from disk...
imw-minima-roma: 3 match-sets in 1.79s
[Coarse] imw-minima-roma pair 9: dE=-17896.4 m dN=-567.6 m (matcher@315m, support=2931, peak=None) 
imw-minima-roma: Processing pair 9 from disk...
imw-minima-roma: 3 match-sets in 1.79s
[Coarse] imw-minima-roma pair 10: dE=-18007.0 m dN=-314.5 m (from-pair-11 (matcher outlier), support=None, peak=None) 
imw-minima-roma: Processing pair 10 from disk...
imw-minima-roma: 2 match-sets in 1.35s
[Coarse] imw-minima-roma pair 11: dE=-18007.0 m dN=-314.5 m (matcher@315m, support=2984, peak=None) 
imw-minima-roma: Processing pair 11 from disk...
imw-minima-roma: 2 match-sets in 1.26s
[Coarse] imw-minima-roma pair 12: dE=-17931.2 m dN=-585.5 m (from-pair-8 (matcher outlier), support=None, peak=None) 
imw-minima-roma: Processing pair 12 from disk...
imw-minima-roma: 0 match-sets in 0.00s
[Coarse] imw-minima-roma pair 13: dE=-17931.2 m dN=-585.5 m (from-pair-8 (matcher outlier), support=None, peak=None) 
imw-minima-roma: Processing pair 13 from disk...
imw-minima-roma: 0 match-sets in 0.00s
[Coarse] imw-minima-roma pair 14: dE=-17882.0 m dN=-212.9 m (matcher@315m, support=3722, peak=None) 
imw-minima-roma: Processing pair 14 from disk...
imw-minima-roma: 3 match-sets in 1.82s
[Coarse] imw-minima-roma pair 15: dE=-17885.3 m dN=-258.1 m (matcher@315m, support=3911, peak=None) 
imw-minima-roma: Processing pair 15 from disk...
imw-minima-roma: 3 match-sets in 1.81s
[Coarse] imw-minima-roma pair 16: dE=-17972.7 m dN=-152.6 m (matcher@315m, support=3358, peak=None) 
imw-minima-roma: Processing pair 16 from disk...
imw-minima-roma: 2 match-sets in 1.27s
[Coarse] imw-minima-roma pair 17: dE=-17985.2 m dN=-188.6 m (matcher@315m, support=3325, peak=None) 
imw-minima-roma: Processing pair 17 from disk...
imw-minima-roma: 2 match-sets in 1.25s
[Coarse] imw-minima-roma pair 18: dE=-17780.5 m dN=-322.3 m (from-pair-25 (phasecorr disagreed), support=None, peak=0.06863816733713503) 
imw-minima-roma: Processing pair 18 from disk...
imw-minima-roma: 0 match-sets in 0.00s
[Coarse] imw-minima-roma pair 19: dE=-17780.5 m dN=-322.3 m (from-pair-25 (phasecorr disagreed), support=None, peak=0.15104582491848204) 
imw-minima-roma: Processing pair 19 from disk...
imw-minima-roma: 0 match-sets in 0.00s
[Coarse] imw-minima-roma pair 20: dE=-17780.5 m dN=-322.3 m (from-pair-19, support=None, peak=None) 
imw-minima-roma: Processing pair 20 from disk...
imw-minima-roma: 0 match-sets in 0.00s
[Coarse] imw-minima-roma pair 21: dE=-17780.5 m dN=-322.3 m (from-pair-25 (phasecorr disagreed), support=None, peak=0.036990950946454645) 
imw-minima-roma: Processing pair 21 from disk...
imw-minima-roma: 0 match-sets in 0.00s
[Coarse] imw-minima-roma pair 22: dE=-17882.3 m dN=-311.5 m (phasecorr@315m, support=None, peak=0.12721613845825194) 
imw-minima-roma: Processing pair 22 from disk...
imw-minima-roma: 4 match-sets in 2.33s
[Coarse] imw-minima-roma pair 23: dE=-17911.9 m dN=-326.6 m (phasecorr@315m, support=None, peak=0.12881409482955933) 
imw-minima-roma: Processing pair 23 from disk...
imw-minima-roma: 4 match-sets in 2.30s
[Coarse] imw-minima-roma pair 24: dE=-17775.6 m dN=-279.2 m (matcher@315m, support=1127, peak=None) 
imw-minima-roma: Processing pair 24 from disk...
imw-minima-roma: 4 match-sets in 2.38s
[Coarse] imw-minima-roma pair 25: dE=-17780.5 m dN=-322.3 m (matcher@315m, support=1750, peak=None) 
imw-minima-roma: Processing pair 25 from disk...
imw-minima-roma: 4 match-sets in 2.35s
[Coarse] imw-minima-roma pair 26: dE=-17775.6 m dN=-279.2 m (from-pair-27, support=None, peak=None) 
imw-minima-roma: Processing pair 26 from disk...
imw-minima-roma: 2 match-sets in 1.25s
[Coarse] imw-minima-roma pair 27: dE=-17775.6 m dN=-279.2 m (from-pair-24 (phasecorr disagreed), support=None, peak=0.05064041456057702) 
imw-minima-roma: Processing pair 27 from disk...
imw-minima-roma: 2 match-sets in 1.24s
Saved:
 CHIP_STATS_ALL.csv
 CHIP_STATS_SURVIVORS.csv
 CONSENSUS_SCORES.csv
 BEST_CHIP_SET.csv
 BEST_CHIP_MANIFEST.csv
 BEST_FINAL_SUMMARY.csv
[band1] imw-minima-roma ok in 1.1 min, peak GPU memory 34.0 of 39.4 GB
[imw-minima-roma] Model unloaded.
--------------------------------------------------------------------------------
[band1] Running imw-xoftr
[imw-xoftr] Loading model...
[Coarse] pair 20: no reliable coarse offset (matcher: no matches; phasecorr: {'dx': -28903.23193639674, 'dy': -12953.216285335406, 'support': None, 'n': None, 'peak': 0.008737401829825507}); windows compared in place
[Coarse] pair 26: no reliable coarse offset (matcher: no matches; phasecorr: {'dx': -96306.08142606622, 'dy': -17142.367293993742, 'support': None, 'n': None, 'peak': 0.02253384519977334}); windows compared in place
[Coarse] pair 2: phase correlation gave dE=-8934 m dN=5487 m, 10.5 km from every offset the matcher measured; using pair 3's (dE=-18058 m dN=-778 m)
[Coarse] pair 10: phase correlation gave dE=43169 m dN=-4147 m, 61.0 km from every offset the matcher measured; using pair 11's (dE=-18112 m dN=-108 m)
[Coarse] pair 12: phase correlation gave dE=-1877 m dN=10017 m, 18.9 km from every offset the matcher measured; using pair 8's (dE=-17918 m dN=-548 m)
[Coarse] pair 13: phase correlation gave dE=7584 m dN=8567 m, 26.8 km from every offset the matcher measured; using pair 8's (dE=-17918 m dN=-548 m)
[Coarse] pair 18: phase correlation gave dE=744 m dN=-16615 m, 24.6 km from every offset the matcher measured; using pair 25's (dE=-17738 m dN=-416 m)
[Coarse] pair 19: phase correlation gave dE=11920 m dN=-17918 m, 34.4 km from every offset the matcher measured; using pair 25's (dE=-17738 m dN=-416 m)
[Coarse] pair 21: phase correlation gave dE=-11414 m dN=-17047 m, 17.6 km from every offset the matcher measured; using pair 25's (dE=-17738 m dN=-416 m)
[Coarse] pair 27: phase correlation gave dE=-97898 m dN=-6012 m, 79.9 km from every offset the matcher measured; using pair 23's (dE=-17745 m dN=-349 m)
[Coarse] imw-xoftr pair 1: dE=-17977.5 m dN=-581.1 m (matcher@315m, support=130, peak=None) 
imw-xoftr: Processing pair 1 from disk...
imw-xoftr: 1 match-sets in 0.27s
[Coarse] imw-xoftr pair 2: dE=-18058.1 m dN=-778.1 m (from-pair-3 (phasecorr disagreed), support=None, peak=0.03413578109976686) 
imw-xoftr: Processing pair 2 from disk...
imw-xoftr: 1 match-sets in 0.09s
[Coarse] imw-xoftr pair 3: dE=-18058.1 m dN=-778.1 m (matcher@315m, support=81, peak=None) 
imw-xoftr: Processing pair 3 from disk...
imw-xoftr: 1 match-sets in 0.08s
[Coarse] imw-xoftr pair 4: dE=-18117.5 m dN=-340.2 m (matcher@315m, support=148, peak=None) 
imw-xoftr: Processing pair 4 from disk...
imw-xoftr: 1 match-sets in 0.15s
[Coarse] imw-xoftr pair 5: dE=-18207.6 m dN=-450.7 m (matcher@315m, support=87, peak=None) 
imw-xoftr: Processing pair 5 from disk...
imw-xoftr: 1 match-sets in 0.12s
[Coarse] imw-xoftr pair 6: dE=-18111.3 m dN=-468.8 m (matcher@315m, support=62, peak=None) 
imw-xoftr: Processing pair 6 from disk...
imw-xoftr: 1 match-sets in 0.09s
[Coarse] imw-xoftr pair 7: dE=-17937.9 m dN=-556.5 m (matcher@315m, support=156, peak=None) 
imw-xoftr: Processing pair 7 from disk...
imw-xoftr: 3 match-sets in 1.51s
[Coarse] imw-xoftr pair 8: dE=-17918.4 m dN=-547.7 m (matcher@315m, support=156, peak=None) 
imw-xoftr: Processing pair 8 from disk...
imw-xoftr: 3 match-sets in 0.35s
[Coarse] imw-xoftr pair 9: dE=-17819.8 m dN=-543.8 m (matcher@315m, support=333, peak=None) 
imw-xoftr: Processing pair 9 from disk...
imw-xoftr: 3 match-sets in 0.26s
[Coarse] imw-xoftr pair 10: dE=-18112.2 m dN=-107.8 m (from-pair-11 (phasecorr disagreed), support=None, peak=0.04791493653487985) 
imw-xoftr: Processing pair 10 from disk...
imw-xoftr: 2 match-sets in 0.40s
[Coarse] imw-xoftr pair 11: dE=-18112.2 m dN=-107.8 m (matcher@315m, support=204, peak=None) 
imw-xoftr: Processing pair 11 from disk...
imw-xoftr: 2 match-sets in 0.31s
[Coarse] imw-xoftr pair 12: dE=-17918.4 m dN=-547.7 m (from-pair-8 (phasecorr disagreed), support=None, peak=0.1047012765466431) 
imw-xoftr: Processing pair 12 from disk...
imw-xoftr: 0 match-sets in 0.00s
[Coarse] imw-xoftr pair 13: dE=-17918.4 m dN=-547.7 m (from-pair-8 (phasecorr disagreed), support=None, peak=0.09384612739086151) 
imw-xoftr: Processing pair 13 from disk...
imw-xoftr: 0 match-sets in 0.00s
[Coarse] imw-xoftr pair 14: dE=-17756.1 m dN=-289.4 m (matcher@315m, support=529, peak=None) 
imw-xoftr: Processing pair 14 from disk...
imw-xoftr: 3 match-sets in 0.43s
[Coarse] imw-xoftr pair 15: dE=-17799.0 m dN=-287.2 m (matcher@315m, support=795, peak=None) 
imw-xoftr: Processing pair 15 from disk...
imw-xoftr: 3 match-sets in 0.36s
[Coarse] imw-xoftr pair 16: dE=-17930.9 m dN=-140.2 m (matcher@315m, support=627, peak=None) 
imw-xoftr: Processing pair 16 from disk...
imw-xoftr: 2 match-sets in 0.25s
[Coarse] imw-xoftr pair 17: dE=-17963.1 m dN=-168.7 m (matcher@315m, support=1145, peak=None) 
imw-xoftr: Processing pair 17 from disk...
imw-xoftr: 2 match-sets in 0.26s
[Coarse] imw-xoftr pair 18: dE=-17738.1 m dN=-415.6 m (from-pair-25 (phasecorr disagreed), support=None, peak=0.06863816733713503) 
imw-xoftr: Processing pair 18 from disk...
imw-xoftr: 0 match-sets in 0.00s
[Coarse] imw-xoftr pair 19: dE=-17738.1 m dN=-415.6 m (from-pair-25 (phasecorr disagreed), support=None, peak=0.15104582491848204) 
imw-xoftr: Processing pair 19 from disk...
imw-xoftr: 0 match-sets in 0.00s
[Coarse] imw-xoftr pair 20: dE=-17738.1 m dN=-415.6 m (from-pair-19, support=None, peak=None) 
imw-xoftr: Processing pair 20 from disk...
imw-xoftr: 0 match-sets in 0.00s
[Coarse] imw-xoftr pair 21: dE=-17738.1 m dN=-415.6 m (from-pair-25 (phasecorr disagreed), support=None, peak=0.036990950946454645) 
imw-xoftr: Processing pair 21 from disk...
imw-xoftr: 0 match-sets in 0.00s
[Coarse] imw-xoftr pair 22: dE=-17720.9 m dN=-393.6 m (matcher@315m, support=517, peak=None) 
imw-xoftr: Processing pair 22 from disk...
imw-xoftr: 3 match-sets in 0.42s
[Coarse] imw-xoftr pair 23: dE=-17745.3 m dN=-349.3 m (matcher@315m, support=479, peak=None) 
imw-xoftr: Processing pair 23 from disk...
imw-xoftr: 4 match-sets in 0.33s
[Coarse] imw-xoftr pair 24: dE=-17757.3 m dN=-191.3 m (matcher@315m, support=406, peak=None) 
imw-xoftr: Processing pair 24 from disk...
imw-xoftr: 4 match-sets in 0.30s
[Coarse] imw-xoftr pair 25: dE=-17738.1 m dN=-415.6 m (matcher@315m, support=599, peak=None) 
imw-xoftr: Processing pair 25 from disk...
imw-xoftr: 4 match-sets in 0.28s
[Coarse] imw-xoftr pair 26: dE=-17745.3 m dN=-349.3 m (from-pair-27, support=None, peak=None) 
imw-xoftr: Processing pair 26 from disk...
imw-xoftr: 2 match-sets in 0.20s
[Coarse] imw-xoftr pair 27: dE=-17745.3 m dN=-349.3 m (from-pair-23 (phasecorr disagreed), support=None, peak=0.05064041456057702) 
imw-xoftr: Processing pair 27 from disk...
imw-xoftr: 2 match-sets in 0.20s
Saved:
 CHIP_STATS_ALL.csv
 CHIP_STATS_SURVIVORS.csv
 CONSENSUS_SCORES.csv
 BEST_CHIP_SET.csv
 BEST_CHIP_MANIFEST.csv
 BEST_FINAL_SUMMARY.csv
[band1] imw-xoftr ok in 0.4 min, peak GPU memory 19.5 of 39.4 GB
[imw-xoftr] Model unloaded.
--------------------------------------------------------------------------------
[band1] Running imw-omniglue
[imw-omniglue] Loading model...
[Coarse] pair 3: no reliable coarse offset (matcher: no matches; phasecorr: {'dx': -16147.443677524008, 'dy': -26751.975000537102, 'support': None, 'n': None, 'peak': 0.00032880983234923565}); windows compared in place
[Coarse] pair 4: no reliable coarse offset (matcher: no matches; phasecorr: {'dx': 12882.472481301173, 'dy': 92621.70938170607, 'support': None, 'n': None, 'peak': -0.00012715039429841217}); windows compared in place
[Coarse] pair 5: no reliable coarse offset (matcher: {'dx': -15907.5, 'dy': 9450.0, 'support': 2, 'n': 7, 'peak': None}; phasecorr: {'dx': 3156.3479216096807, 'dy': 18300.67805989782, 'support': None, 'n': None, 'peak': 0.020832994549224774}); windows compared in place
[Coarse] pair 6: no reliable coarse offset (matcher: no matches; phasecorr: {'dx': -15852.800158210905, 'dy': 18737.59796077822, 'support': None, 'n': None, 'peak': -0.0027571213742097218}); windows compared in place
[Coarse] pair 7: no reliable coarse offset (matcher: no matches; phasecorr: {'dx': -17660.72648465004, 'dy': -478.5174601560547, 'support': None, 'n': None, 'peak': 0.0218074359204816}); windows compared in place
[Coarse] pair 8: no reliable coarse offset (matcher: no matches; phasecorr: {'dx': -18002.059573769864, 'dy': -489.60497923140906, 'support': None, 'n': None, 'peak': 0.011968647486368816}); windows compared in place
[Coarse] pair 11: no reliable coarse offset (matcher: no matches; phasecorr: {'dx': -18107.733154651494, 'dy': -332.5590928480355, 'support': None, 'n': None, 'peak': 0.020898853179031604}); windows compared in place
[Coarse] pair 20: no reliable coarse offset (matcher: no matches; phasecorr: {'dx': -28903.23193639674, 'dy': -12953.216285335406, 'support': None, 'n': None, 'peak': 0.008737401829825507}); windows compared in place
[Coarse] pair 26: no reliable coarse offset (matcher: no matches; phasecorr: {'dx': -96306.08142606622, 'dy': -17142.367293993742, 'support': None, 'n': None, 'peak': 0.02253384519977334}); windows compared in place
[Coarse] pair 2: phase correlation gave dE=-8934 m dN=5487 m, 10.7 km from every offset the matcher measured; using pair 14's (dE=-17955 m dN=-315 m)
[Coarse] pair 10: phase correlation gave dE=43169 m dN=-4147 m, 61.2 km from every offset the matcher measured; using pair 14's (dE=-17955 m dN=-315 m)
[Coarse] pair 12: phase correlation gave dE=-1877 m dN=10017 m, 19.1 km from every offset the matcher measured; using pair 14's (dE=-17955 m dN=-315 m)
[Coarse] pair 13: phase correlation gave dE=7584 m dN=8567 m, 27.0 km from every offset the matcher measured; using pair 14's (dE=-17955 m dN=-315 m)
[Coarse] pair 18: phase correlation gave dE=744 m dN=-16615 m, 24.8 km from every offset the matcher measured; using pair 25's (dE=-17955 m dN=-315 m)
[Coarse] pair 19: phase correlation gave dE=11920 m dN=-17918 m, 34.7 km from every offset the matcher measured; using pair 25's (dE=-17955 m dN=-315 m)
[Coarse] pair 21: phase correlation gave dE=-11414 m dN=-17047 m, 18.0 km from every offset the matcher measured; using pair 25's (dE=-17955 m dN=-315 m)
[Coarse] pair 27: phase correlation gave dE=-97898 m dN=-6012 m, 80.1 km from every offset the matcher measured; using pair 23's (dE=-17955 m dN=-315 m)
[Coarse] imw-omniglue pair 1: dE=-18062.2 m dN=-904.8 m (phasecorr@315m, support=None, peak=0.03257782713572184) 
imw-omniglue: Processing pair 1 from disk...
imw-omniglue: 0 match-sets in 0.85s
[Coarse] imw-omniglue pair 2: dE=-17955.0 m dN=-315.0 m (from-pair-14 (phasecorr disagreed), support=None, peak=0.03413578109976686) 
imw-omniglue: Processing pair 2 from disk...
imw-omniglue: 0 match-sets in 0.83s
[Coarse] imw-omniglue pair 3: dE=-18062.2 m dN=-904.8 m (from-pair-1, support=None, peak=None) 
imw-omniglue: Processing pair 3 from disk...
imw-omniglue: 0 match-sets in 0.86s
[Coarse] imw-omniglue pair 4: dE=-17955.0 m dN=-315.0 m (from-pair-2, support=None, peak=None) 
imw-omniglue: Processing pair 4 from disk...
imw-omniglue: 0 match-sets in 1.06s
[Coarse] imw-omniglue pair 5: dE=-17955.0 m dN=-315.0 m (from-pair-2, support=None, peak=None) 
imw-omniglue: Processing pair 5 from disk...
imw-omniglue: 0 match-sets in 0.97s
[Coarse] imw-omniglue pair 6: dE=-17955.0 m dN=-315.0 m (from-pair-2, support=None, peak=None) 
imw-omniglue: Processing pair 6 from disk...
imw-omniglue: 0 match-sets in 1.01s
[Coarse] imw-omniglue pair 7: dE=-17790.5 m dN=-428.0 m (from-pair-9, support=None, peak=None) 
imw-omniglue: Processing pair 7 from disk...
imw-omniglue: 0 match-sets in 4.84s
[Coarse] imw-omniglue pair 8: dE=-17790.5 m dN=-428.0 m (from-pair-9, support=None, peak=None) 
imw-omniglue: Processing pair 8 from disk...
imw-omniglue: 0 match-sets in 5.04s
[Coarse] imw-omniglue pair 9: dE=-17790.5 m dN=-428.0 m (phasecorr@315m, support=None, peak=0.031066529352914596) 
imw-omniglue: Processing pair 9 from disk...
imw-omniglue: 0 match-sets in 4.71s
[Coarse] imw-omniglue pair 10: dE=-17955.0 m dN=-315.0 m (from-pair-14 (phasecorr disagreed), support=None, peak=0.04791493653487985) 
imw-omniglue: Processing pair 10 from disk...
imw-omniglue: 0 match-sets in 4.15s
[Coarse] imw-omniglue pair 11: dE=-17955.0 m dN=-315.0 m (from-pair-10, support=None, peak=None) 
imw-omniglue: Processing pair 11 from disk...
imw-omniglue: 0 match-sets in 4.19s
[Coarse] imw-omniglue pair 12: dE=-17955.0 m dN=-315.0 m (from-pair-14 (phasecorr disagreed), support=None, peak=0.1047012765466431) 
imw-omniglue: Processing pair 12 from disk...
imw-omniglue: 0 match-sets in 0.00s
[Coarse] imw-omniglue pair 13: dE=-17955.0 m dN=-315.0 m (from-pair-14 (phasecorr disagreed), support=None, peak=0.09384612739086151) 
imw-omniglue: Processing pair 13 from disk...
imw-omniglue: 0 match-sets in 0.00s
[Coarse] imw-omniglue pair 14: dE=-17955.0 m dN=-315.0 m (matcher@315m, support=72, peak=None) 
imw-omniglue: Processing pair 14 from disk...
imw-omniglue: 1 match-sets in 5.62s
[Coarse] imw-omniglue pair 15: dE=-17955.0 m dN=-315.0 m (matcher@315m, support=70, peak=None) 
imw-omniglue: Processing pair 15 from disk...
imw-omniglue: 1 match-sets in 5.23s
[Coarse] imw-omniglue pair 16: dE=-17955.0 m dN=-315.0 m (matcher@315m, support=68, peak=None) 
imw-omniglue: Processing pair 16 from disk...
imw-omniglue: 2 match-sets in 3.93s
[Coarse] imw-omniglue pair 17: dE=-17955.0 m dN=-315.0 m (matcher@315m, support=115, peak=None) 
imw-omniglue: Processing pair 17 from disk...
imw-omniglue: 2 match-sets in 3.90s
[Coarse] imw-omniglue pair 18: dE=-17955.0 m dN=-315.0 m (from-pair-25 (phasecorr disagreed), support=None, peak=0.06863816733713503) 
imw-omniglue: Processing pair 18 from disk...
imw-omniglue: 0 match-sets in 0.00s
[Coarse] imw-omniglue pair 19: dE=-17955.0 m dN=-315.0 m (from-pair-25 (phasecorr disagreed), support=None, peak=0.15104582491848204) 
imw-omniglue: Processing pair 19 from disk...
imw-omniglue: 0 match-sets in 0.00s
[Coarse] imw-omniglue pair 20: dE=-17955.0 m dN=-315.0 m (from-pair-19, support=None, peak=None) 
imw-omniglue: Processing pair 20 from disk...
imw-omniglue: 0 match-sets in 0.00s
[Coarse] imw-omniglue pair 21: dE=-17955.0 m dN=-315.0 m (from-pair-25 (phasecorr disagreed), support=None, peak=0.036990950946454645) 
imw-omniglue: Processing pair 21 from disk...
imw-omniglue: 0 match-sets in 0.00s
[Coarse] imw-omniglue pair 22: dE=-17955.0 m dN=-315.0 m (matcher@315m, support=44, peak=None) 
imw-omniglue: Processing pair 22 from disk...
imw-omniglue: 1 match-sets in 4.95s
[Coarse] imw-omniglue pair 23: dE=-17955.0 m dN=-315.0 m (matcher@315m, support=40, peak=None) 
imw-omniglue: Processing pair 23 from disk...
imw-omniglue: 1 match-sets in 4.84s
[Coarse] imw-omniglue pair 24: dE=-17955.0 m dN=-315.0 m (matcher@315m, support=45, peak=None) 
imw-omniglue: Processing pair 24 from disk...
imw-omniglue: 1 match-sets in 4.92s
[Coarse] imw-omniglue pair 25: dE=-17955.0 m dN=-315.0 m (matcher@315m, support=37, peak=None) 
imw-omniglue: Processing pair 25 from disk...
imw-omniglue: 1 match-sets in 4.85s
[Coarse] imw-omniglue pair 26: dE=-17955.0 m dN=-315.0 m (from-pair-27, support=None, peak=None) 
imw-omniglue: Processing pair 26 from disk...
imw-omniglue: 0 match-sets in 2.67s
[Coarse] imw-omniglue pair 27: dE=-17955.0 m dN=-315.0 m (from-pair-23 (phasecorr disagreed), support=None, peak=0.05064041456057702) 
imw-omniglue: Processing pair 27 from disk...
imw-omniglue: 0 match-sets in 2.71s
Saved:
 CHIP_STATS_ALL.csv
 CHIP_STATS_SURVIVORS.csv
 CONSENSUS_SCORES.csv
 BEST_CHIP_SET.csv
 BEST_CHIP_MANIFEST.csv
 BEST_FINAL_SUMMARY.csv
[band1] imw-omniglue ok in 2.6 min, peak GPU memory 0.0 of 39.4 GB
[imw-omniglue] Model unloaded.
--------------------------------------------------------------------------------
[band1] Running imw-gim-roma
[imw-gim-roma] Loading model...
[Coarse] pair 20: no reliable coarse offset (matcher: no matches; phasecorr: {'dx': -28903.23193639674, 'dy': -12953.216285335406, 'support': None, 'n': None, 'peak': 0.008737401829825507}); windows compared in place
[Coarse] pair 26: no reliable coarse offset (matcher: no matches; phasecorr: {'dx': -96306.08142606622, 'dy': -17142.367293993742, 'support': None, 'n': None, 'peak': 0.02253384519977334}); windows compared in place
[Coarse] pair 19: the matcher gave dE=-2807 m dN=-20532 m on 152 matches, apart from the 20 pairs that agree; using pair 25's (dE=-17779 m dN=-305 m)
[Coarse] pair 21: the matcher gave dE=1243 m dN=-20898 m on 20 matches, apart from the 20 pairs that agree; using pair 25's (dE=-17779 m dN=-305 m)
[Coarse] pair 12: phase correlation gave dE=-1877 m dN=10017 m, 9.3 km from every offset the matcher measured; using pair 8's (dE=-11041 m dN=8460 m)
[Coarse] pair 13: phase correlation gave dE=7584 m dN=8567 m, 18.6 km from every offset the matcher measured; using pair 8's (dE=-11041 m dN=8460 m)
[Coarse] pair 18: phase correlation gave dE=744 m dN=-16615 m, 24.6 km from every offset the matcher measured; using pair 25's (dE=-17779 m dN=-305 m)
[Coarse] pair 27: phase correlation gave dE=-97898 m dN=-6012 m, 78.5 km from every offset the matcher measured; using pair 23's (dE=-17801 m dN=-360 m)
[Coarse] imw-gim-roma pair 1: dE=-17968.4 m dN=-551.2 m (matcher@315m, support=3075, peak=None) 
imw-gim-roma: Processing pair 1 from disk...
imw-gim-roma: 1 match-sets in 0.58s
[Coarse] imw-gim-roma pair 2: dE=-18003.5 m dN=-621.0 m (matcher@315m, support=2015, peak=None) 
imw-gim-roma: Processing pair 2 from disk...
imw-gim-roma: 1 match-sets in 0.59s
[Coarse] imw-gim-roma pair 3: dE=-17860.1 m dN=-517.3 m (matcher@315m, support=2046, peak=None) 
imw-gim-roma: Processing pair 3 from disk...
imw-gim-roma: 1 match-sets in 0.60s
[Coarse] imw-gim-roma pair 4: dE=-18133.3 m dN=-665.0 m (matcher@315m, support=1472, peak=None) 
imw-gim-roma: Processing pair 4 from disk...
imw-gim-roma: 1 match-sets in 0.60s
[Coarse] imw-gim-roma pair 5: dE=-18086.8 m dN=-612.6 m (matcher@315m, support=1862, peak=None) 
imw-gim-roma: Processing pair 5 from disk...
imw-gim-roma: 1 match-sets in 0.59s
[Coarse] imw-gim-roma pair 6: dE=-20083.2 m dN=4506.8 m (matcher@315m, support=208, peak=None) 
imw-gim-roma: Processing pair 6 from disk...
imw-gim-roma: 1 match-sets in 0.61s
[Coarse] imw-gim-roma pair 7: dE=-17845.5 m dN=-513.0 m (matcher@315m, support=2184, peak=None) 
imw-gim-roma: Processing pair 7 from disk...
imw-gim-roma: 3 match-sets in 1.78s
[Coarse] imw-gim-roma pair 8: dE=-11040.7 m dN=8459.9 m (matcher@315m, support=60, peak=None) 
imw-gim-roma: Processing pair 8 from disk...
imw-gim-roma: 3 match-sets in 1.79s
[Coarse] imw-gim-roma pair 9: dE=-17942.2 m dN=-484.6 m (matcher@315m, support=2861, peak=None) 
imw-gim-roma: Processing pair 9 from disk...
imw-gim-roma: 3 match-sets in 1.80s
[Coarse] imw-gim-roma pair 10: dE=-17969.9 m dN=-647.9 m (matcher@315m, support=344, peak=None) 
imw-gim-roma: Processing pair 10 from disk...
imw-gim-roma: 2 match-sets in 1.31s
[Coarse] imw-gim-roma pair 11: dE=-18006.2 m dN=-342.2 m (matcher@315m, support=2551, peak=None) 
imw-gim-roma: Processing pair 11 from disk...
imw-gim-roma: 2 match-sets in 1.30s
[Coarse] imw-gim-roma pair 12: dE=-11040.7 m dN=8459.9 m (from-pair-8 (phasecorr disagreed), support=None, peak=0.1047012765466431) 
imw-gim-roma: Processing pair 12 from disk...
imw-gim-roma: 0 match-sets in 0.00s
[Coarse] imw-gim-roma pair 13: dE=-11040.7 m dN=8459.9 m (from-pair-8 (phasecorr disagreed), support=None, peak=0.09384612739086151) 
imw-gim-roma: Processing pair 13 from disk...
imw-gim-roma: 0 match-sets in 0.00s
[Coarse] imw-gim-roma pair 14: dE=-17861.1 m dN=-195.6 m (matcher@315m, support=3785, peak=None) 
imw-gim-roma: Processing pair 14 from disk...
imw-gim-roma: 3 match-sets in 1.86s
[Coarse] imw-gim-roma pair 15: dE=-17871.1 m dN=-220.4 m (matcher@315m, support=3785, peak=None) 
imw-gim-roma: Processing pair 15 from disk...
imw-gim-roma: 3 match-sets in 1.77s
[Coarse] imw-gim-roma pair 16: dE=-17975.6 m dN=-207.0 m (matcher@315m, support=3459, peak=None) 
imw-gim-roma: Processing pair 16 from disk...
imw-gim-roma: 2 match-sets in 1.22s
[Coarse] imw-gim-roma pair 17: dE=-17985.8 m dN=-203.6 m (matcher@315m, support=3372, peak=None) 
imw-gim-roma: Processing pair 17 from disk...
imw-gim-roma: 2 match-sets in 1.25s
[Coarse] imw-gim-roma pair 18: dE=-17779.3 m dN=-305.3 m (from-pair-25 (phasecorr disagreed), support=None, peak=0.06863816733713503) 
imw-gim-roma: Processing pair 18 from disk...
imw-gim-roma: 0 match-sets in 0.00s
[Coarse] imw-gim-roma pair 19: dE=-17779.3 m dN=-305.3 m (from-pair-25 (matcher outlier), support=None, peak=None) 
imw-gim-roma: Processing pair 19 from disk...
imw-gim-roma: 0 match-sets in 0.00s
[Coarse] imw-gim-roma pair 20: dE=-17779.3 m dN=-305.3 m (from-pair-19, support=None, peak=None) 
imw-gim-roma: Processing pair 20 from disk...
imw-gim-roma: 0 match-sets in 0.00s
[Coarse] imw-gim-roma pair 21: dE=-17779.3 m dN=-305.3 m (from-pair-25 (matcher outlier), support=None, peak=None) 
imw-gim-roma: Processing pair 21 from disk...
imw-gim-roma: 0 match-sets in 0.00s
[Coarse] imw-gim-roma pair 22: dE=-17736.0 m dN=-390.6 m (matcher@315m, support=3522, peak=None) 
imw-gim-roma: Processing pair 22 from disk...
imw-gim-roma: 4 match-sets in 2.37s
[Coarse] imw-gim-roma pair 23: dE=-17801.1 m dN=-359.6 m (matcher@315m, support=3485, peak=None) 
imw-gim-roma: Processing pair 23 from disk...
imw-gim-roma: 3 match-sets in 2.34s
[Coarse] imw-gim-roma pair 24: dE=-17805.4 m dN=-334.4 m (matcher@315m, support=2661, peak=None) 
imw-gim-roma: Processing pair 24 from disk...
imw-gim-roma: 4 match-sets in 2.37s
[Coarse] imw-gim-roma pair 25: dE=-17779.3 m dN=-305.3 m (matcher@315m, support=2918, peak=None) 
imw-gim-roma: Processing pair 25 from disk...
imw-gim-roma: 3 match-sets in 2.33s
[Coarse] imw-gim-roma pair 26: dE=-17801.1 m dN=-359.6 m (from-pair-27, support=None, peak=None) 
imw-gim-roma: Processing pair 26 from disk...
imw-gim-roma: 2 match-sets in 1.23s
[Coarse] imw-gim-roma pair 27: dE=-17801.1 m dN=-359.6 m (from-pair-23 (phasecorr disagreed), support=None, peak=0.05064041456057702) 
imw-gim-roma: Processing pair 27 from disk...
imw-gim-roma: 2 match-sets in 1.26s
Saved:
 CHIP_STATS_ALL.csv
 CHIP_STATS_SURVIVORS.csv
 CONSENSUS_SCORES.csv
 BEST_CHIP_SET.csv
 BEST_CHIP_MANIFEST.csv
 BEST_FINAL_SUMMARY.csv
[band1] imw-gim-roma ok in 1.0 min, peak GPU memory 5.3 of 39.4 GB
[imw-gim-roma] Model unloaded.
--------------------------------------------------------------------------------
[band1] Running imw-gim-dkm
[imw-gim-dkm] Loading model...
[Coarse] pair 3: no reliable coarse offset (matcher: no matches; phasecorr: {'dx': -16147.443677524008, 'dy': -26751.975000537102, 'support': None, 'n': None, 'peak': 0.00032880983234923565}); windows compared in place
[Coarse] pair 4: no reliable coarse offset (matcher: no matches; phasecorr: {'dx': 12882.472481301173, 'dy': 92621.70938170607, 'support': None, 'n': None, 'peak': -0.00012715039429841217}); windows compared in place
[Coarse] pair 8: no reliable coarse offset (matcher: no matches; phasecorr: {'dx': -18002.059573769864, 'dy': -489.60497923140906, 'support': None, 'n': None, 'peak': 0.011968647486368816}); windows compared in place
[Coarse] pair 20: no reliable coarse offset (matcher: no matches; phasecorr: {'dx': -28903.23193639674, 'dy': -12953.216285335406, 'support': None, 'n': None, 'peak': 0.008737401829825507}); windows compared in place
[Coarse] pair 26: no reliable coarse offset (matcher: no matches; phasecorr: {'dx': -96306.08142606622, 'dy': -17142.367293993742, 'support': None, 'n': None, 'peak': 0.02253384519977334}); windows compared in place
[Coarse] pair 2: phase correlation gave dE=-8934 m dN=5487 m, 6.9 km from every offset the matcher measured; using pair 6's (dE=-11562 m dN=15762 m)
[Coarse] pair 12: phase correlation gave dE=-1877 m dN=10017 m, 6.8 km from every offset the matcher measured; using pair 7's (dE=-17947 m dN=-445 m)
[Coarse] pair 13: phase correlation gave dE=7584 m dN=8567 m, 11.2 km from every offset the matcher measured; using pair 7's (dE=-17947 m dN=-445 m)
[Coarse] pair 18: phase correlation gave dE=744 m dN=-16615 m, 19.3 km from every offset the matcher measured; using pair 25's (dE=-12844 m dN=-213 m)
[Coarse] pair 19: phase correlation gave dE=11920 m dN=-17918 m, 30.4 km from every offset the matcher measured; using pair 25's (dE=-12844 m dN=-213 m)
[Coarse] pair 21: phase correlation gave dE=-11414 m dN=-17047 m, 8.5 km from every offset the matcher measured; using pair 25's (dE=-12844 m dN=-213 m)
[Coarse] pair 27: phase correlation gave dE=-97898 m dN=-6012 m, 80.1 km from every offset the matcher measured; using pair 24's (dE=-12784 m dN=-258 m)
[Coarse] WARNING: imw-gim-dkm: the pairs' coarse offsets differ by up to 30 km, more than one image moves from place to place. Pairs with a wrong offset match the wrong ground (the chip consensus drops them when they are few); if most pairs disagree, check the input's pixel size and window size.
[Coarse] imw-gim-dkm pair 1: dE=-18062.2 m dN=-904.8 m (phasecorr@315m, support=None, peak=0.03257782713572184) 
imw-gim-dkm: Processing pair 1 from disk...
imw-gim-dkm: 0 match-sets in 0.86s
[Coarse] imw-gim-dkm pair 2: dE=-11561.7 m dN=15762.4 m (from-pair-6 (phasecorr disagreed), support=None, peak=0.03413578109976686) 
imw-gim-dkm: Processing pair 2 from disk...
imw-gim-dkm: 0 match-sets in 0.96s
[Coarse] imw-gim-dkm pair 3: dE=-18062.2 m dN=-904.8 m (from-pair-1, support=None, peak=None) 
imw-gim-dkm: Processing pair 3 from disk...
imw-gim-dkm: 0 match-sets in 0.96s
[Coarse] imw-gim-dkm pair 4: dE=-11350.8 m dN=18173.5 m (from-pair-5, support=None, peak=None) 
imw-gim-dkm: Processing pair 4 from disk...
imw-gim-dkm: 1 match-sets in 1.00s
[Coarse] imw-gim-dkm pair 5: dE=-11350.8 m dN=18173.5 m (matcher@315m, support=81, peak=None) 
imw-gim-dkm: Processing pair 5 from disk...
imw-gim-dkm: 1 match-sets in 0.97s
[Coarse] imw-gim-dkm pair 6: dE=-11561.7 m dN=15762.4 m (matcher@315m, support=79, peak=None) 
imw-gim-dkm: Processing pair 6 from disk...
imw-gim-dkm: 1 match-sets in 0.98s
[Coarse] imw-gim-dkm pair 7: dE=-17947.3 m dN=-445.2 m (matcher@315m, support=2868, peak=None) 
imw-gim-dkm: Processing pair 7 from disk...
imw-gim-dkm: 2 match-sets in 2.90s
[Coarse] imw-gim-dkm pair 8: dE=-17947.3 m dN=-445.2 m (from-pair-7, support=None, peak=None) 
imw-gim-dkm: Processing pair 8 from disk...
imw-gim-dkm: 2 match-sets in 2.93s
[Coarse] imw-gim-dkm pair 9: dE=-17901.7 m dN=-399.3 m (matcher@315m, support=487, peak=None) 
imw-gim-dkm: Processing pair 9 from disk...
imw-gim-dkm: 3 match-sets in 2.91s
[Coarse] imw-gim-dkm pair 10: dE=1248.8 m dN=17760.3 m (matcher@315m, support=153, peak=None) 
imw-gim-dkm: Processing pair 10 from disk...
imw-gim-dkm: 2 match-sets in 1.98s
[Coarse] imw-gim-dkm pair 11: dE=-1535.8 m dN=16833.0 m (matcher@315m, support=130, peak=None) 
imw-gim-dkm: Processing pair 11 from disk...
imw-gim-dkm: 1 match-sets in 1.91s
[Coarse] imw-gim-dkm pair 12: dE=-17947.3 m dN=-445.2 m (from-pair-7 (phasecorr disagreed), support=None, peak=0.1047012765466431) 
imw-gim-dkm: Processing pair 12 from disk...
imw-gim-dkm: 0 match-sets in 0.00s
[Coarse] imw-gim-dkm pair 13: dE=-17947.3 m dN=-445.2 m (from-pair-7 (phasecorr disagreed), support=None, peak=0.09384612739086151) 
imw-gim-dkm: Processing pair 13 from disk...
imw-gim-dkm: 0 match-sets in 0.00s
[Coarse] imw-gim-dkm pair 14: dE=-18039.9 m dN=-308.2 m (phasecorr@315m, support=None, peak=0.04961982255158601) 
imw-gim-dkm: Processing pair 14 from disk...
imw-gim-dkm: 2 match-sets in 2.91s
[Coarse] imw-gim-dkm pair 15: dE=-18033.6 m dN=-269.1 m (phasecorr@315m, support=None, peak=0.0587093012491862) 
imw-gim-dkm: Processing pair 15 from disk...
imw-gim-dkm: 3 match-sets in 2.92s
[Coarse] imw-gim-dkm pair 16: dE=-17915.8 m dN=-11531.6 m (matcher@315m, support=2926, peak=None) 
imw-gim-dkm: Processing pair 16 from disk...
imw-gim-dkm: 2 match-sets in 1.95s
[Coarse] imw-gim-dkm pair 17: dE=-17934.8 m dN=-11578.1 m (matcher@315m, support=2776, peak=None) 
imw-gim-dkm: Processing pair 17 from disk...
imw-gim-dkm: 2 match-sets in 1.98s
[Coarse] imw-gim-dkm pair 18: dE=-12843.8 m dN=-213.3 m (from-pair-25 (phasecorr disagreed), support=None, peak=0.06863816733713503) 
imw-gim-dkm: Processing pair 18 from disk...
imw-gim-dkm: 0 match-sets in 0.00s
[Coarse] imw-gim-dkm pair 19: dE=-12843.8 m dN=-213.3 m (from-pair-25 (phasecorr disagreed), support=None, peak=0.15104582491848204) 
imw-gim-dkm: Processing pair 19 from disk...
imw-gim-dkm: 0 match-sets in 0.00s
[Coarse] imw-gim-dkm pair 20: dE=-12843.8 m dN=-213.3 m (from-pair-19, support=None, peak=None) 
imw-gim-dkm: Processing pair 20 from disk...
imw-gim-dkm: 0 match-sets in 0.00s
[Coarse] imw-gim-dkm pair 21: dE=-12843.8 m dN=-213.3 m (from-pair-25 (phasecorr disagreed), support=None, peak=0.036990950946454645) 
imw-gim-dkm: Processing pair 21 from disk...
imw-gim-dkm: 0 match-sets in 0.00s
[Coarse] imw-gim-dkm pair 22: dE=-12842.1 m dN=-251.9 m (matcher@315m, support=508, peak=None) 
imw-gim-dkm: Processing pair 22 from disk...
imw-gim-dkm: 2 match-sets in 3.84s
[Coarse] imw-gim-dkm pair 23: dE=-17911.9 m dN=-326.6 m (phasecorr@315m, support=None, peak=0.12881409482955933) 
imw-gim-dkm: Processing pair 23 from disk...
imw-gim-dkm: 2 match-sets in 3.90s
[Coarse] imw-gim-dkm pair 24: dE=-12783.5 m dN=-257.8 m (matcher@315m, support=2437, peak=None) 
imw-gim-dkm: Processing pair 24 from disk...
imw-gim-dkm: 2 match-sets in 3.78s
[Coarse] imw-gim-dkm pair 25: dE=-12843.8 m dN=-213.3 m (matcher@315m, support=2939, peak=None) 
imw-gim-dkm: Processing pair 25 from disk...
imw-gim-dkm: 2 match-sets in 3.89s
[Coarse] imw-gim-dkm pair 26: dE=-12783.5 m dN=-257.8 m (from-pair-27, support=None, peak=None) 
imw-gim-dkm: Processing pair 26 from disk...
imw-gim-dkm: 0 match-sets in 1.92s
[Coarse] imw-gim-dkm pair 27: dE=-12783.5 m dN=-257.8 m (from-pair-24 (phasecorr disagreed), support=None, peak=0.05064041456057702) 
imw-gim-dkm: Processing pair 27 from disk...
imw-gim-dkm: 0 match-sets in 1.95s
Saved:
 CHIP_STATS_ALL.csv
 CHIP_STATS_SURVIVORS.csv
 CONSENSUS_SCORES.csv
 BEST_CHIP_SET.csv
 BEST_CHIP_MANIFEST.csv
 BEST_FINAL_SUMMARY.csv
[band1] imw-gim-dkm ok in 1.5 min, peak GPU memory 34.1 of 39.4 GB
[imw-gim-dkm] Model unloaded.
--------------------------------------------------------------------------------
[band1] Running imw-eloftr
[imw-eloftr] Loading model...
[Coarse] pair 20: no reliable coarse offset (matcher: no matches; phasecorr: {'dx': -28903.23193639674, 'dy': -12953.216285335406, 'support': None, 'n': None, 'peak': 0.008737401829825507}); windows compared in place
[Coarse] pair 26: no reliable coarse offset (matcher: no matches; phasecorr: {'dx': -96306.08142606622, 'dy': -17142.367293993742, 'support': None, 'n': None, 'peak': 0.02253384519977334}); windows compared in place
[Coarse] pair 10: phase correlation gave dE=43169 m dN=-4147 m, 60.9 km from every offset the matcher measured; using pair 11's (dE=-18256 m dN=-301 m)
[Coarse] pair 12: phase correlation gave dE=-1877 m dN=10017 m, 18.9 km from every offset the matcher measured; using pair 8's (dE=-17932 m dN=-581 m)
[Coarse] pair 13: phase correlation gave dE=7584 m dN=8567 m, 26.8 km from every offset the matcher measured; using pair 8's (dE=-17932 m dN=-581 m)
[Coarse] pair 18: phase correlation gave dE=744 m dN=-16615 m, 24.6 km from every offset the matcher measured; using pair 25's (dE=-17658 m dN=-314 m)
[Coarse] pair 19: phase correlation gave dE=11920 m dN=-17918 m, 34.4 km from every offset the matcher measured; using pair 25's (dE=-17658 m dN=-314 m)
[Coarse] pair 21: phase correlation gave dE=-11414 m dN=-17047 m, 17.7 km from every offset the matcher measured; using pair 25's (dE=-17658 m dN=-314 m)
[Coarse] pair 27: phase correlation gave dE=-97898 m dN=-6012 m, 79.8 km from every offset the matcher measured; using pair 23's (dE=-17661 m dN=-313 m)
[Coarse] imw-eloftr pair 1: dE=-17940.1 m dN=-634.2 m (matcher@315m, support=163, peak=None) 
imw-eloftr: Processing pair 1 from disk...
imw-eloftr: 1 match-sets in 0.17s
[Coarse] imw-eloftr pair 2: dE=-17939.9 m dN=-643.1 m (matcher@315m, support=90, peak=None) 
imw-eloftr: Processing pair 2 from disk...
imw-eloftr: 1 match-sets in 0.07s
[Coarse] imw-eloftr pair 3: dE=-17932.7 m dN=-641.7 m (matcher@315m, support=47, peak=None) 
imw-eloftr: Processing pair 3 from disk...
imw-eloftr: 1 match-sets in 0.07s
[Coarse] imw-eloftr pair 4: dE=-18248.2 m dN=-343.9 m (matcher@315m, support=115, peak=None) 
imw-eloftr: Processing pair 4 from disk...
imw-eloftr: 1 match-sets in 0.54s
[Coarse] imw-eloftr pair 5: dE=-18255.8 m dN=-327.7 m (matcher@315m, support=75, peak=None) 
imw-eloftr: Processing pair 5 from disk...
imw-eloftr: 1 match-sets in 0.48s
[Coarse] imw-eloftr pair 6: dE=-18255.2 m dN=-583.9 m (matcher@315m, support=37, peak=None) 
imw-eloftr: Processing pair 6 from disk...
imw-eloftr: 1 match-sets in 0.07s
[Coarse] imw-eloftr pair 7: dE=-17937.2 m dN=-580.8 m (matcher@315m, support=266, peak=None) 
imw-eloftr: Processing pair 7 from disk...
imw-eloftr: 3 match-sets in 2.66s
[Coarse] imw-eloftr pair 8: dE=-17931.7 m dN=-580.8 m (matcher@315m, support=205, peak=None) 
imw-eloftr: Processing pair 8 from disk...
imw-eloftr: 3 match-sets in 0.91s
[Coarse] imw-eloftr pair 9: dE=-17941.7 m dN=-588.2 m (matcher@315m, support=446, peak=None) 
imw-eloftr: Processing pair 9 from disk...
imw-eloftr: 3 match-sets in 0.22s
[Coarse] imw-eloftr pair 10: dE=-18256.1 m dN=-301.2 m (from-pair-11 (phasecorr disagreed), support=None, peak=0.04791493653487985) 
imw-eloftr: Processing pair 10 from disk...
imw-eloftr: 2 match-sets in 1.20s
[Coarse] imw-eloftr pair 11: dE=-18256.1 m dN=-301.2 m (matcher@315m, support=135, peak=None) 
imw-eloftr: Processing pair 11 from disk...
imw-eloftr: 1 match-sets in 0.22s
[Coarse] imw-eloftr pair 12: dE=-17931.7 m dN=-580.8 m (from-pair-8 (phasecorr disagreed), support=None, peak=0.1047012765466431) 
imw-eloftr: Processing pair 12 from disk...
imw-eloftr: 0 match-sets in 0.00s
[Coarse] imw-eloftr pair 13: dE=-17931.7 m dN=-580.8 m (from-pair-8 (phasecorr disagreed), support=None, peak=0.09384612739086151) 
imw-eloftr: Processing pair 13 from disk...
imw-eloftr: 0 match-sets in 0.00s
[Coarse] imw-eloftr pair 14: dE=-17918.0 m dN=-293.4 m (matcher@315m, support=562, peak=None) 
imw-eloftr: Processing pair 14 from disk...
imw-eloftr: 3 match-sets in 1.20s
[Coarse] imw-eloftr pair 15: dE=-17942.9 m dN=-292.5 m (matcher@315m, support=1337, peak=None) 
imw-eloftr: Processing pair 15 from disk...
imw-eloftr: 3 match-sets in 0.27s
[Coarse] imw-eloftr pair 16: dE=-17960.4 m dN=-302.2 m (matcher@315m, support=770, peak=None) 
imw-eloftr: Processing pair 16 from disk...
imw-eloftr: 2 match-sets in 0.23s
[Coarse] imw-eloftr pair 17: dE=-17962.4 m dN=-295.2 m (matcher@315m, support=1253, peak=None) 
imw-eloftr: Processing pair 17 from disk...
imw-eloftr: 2 match-sets in 0.21s
[Coarse] imw-eloftr pair 18: dE=-17657.7 m dN=-313.5 m (from-pair-25 (phasecorr disagreed), support=None, peak=0.06863816733713503) 
imw-eloftr: Processing pair 18 from disk...
imw-eloftr: 0 match-sets in 0.00s
[Coarse] imw-eloftr pair 19: dE=-17657.7 m dN=-313.5 m (from-pair-25 (phasecorr disagreed), support=None, peak=0.15104582491848204) 
imw-eloftr: Processing pair 19 from disk...
imw-eloftr: 0 match-sets in 0.00s
[Coarse] imw-eloftr pair 20: dE=-17657.7 m dN=-313.5 m (from-pair-19, support=None, peak=None) 
imw-eloftr: Processing pair 20 from disk...
imw-eloftr: 0 match-sets in 0.00s
[Coarse] imw-eloftr pair 21: dE=-17657.7 m dN=-313.5 m (from-pair-25 (phasecorr disagreed), support=None, peak=0.036990950946454645) 
imw-eloftr: Processing pair 21 from disk...
imw-eloftr: 0 match-sets in 0.00s
[Coarse] imw-eloftr pair 22: dE=-17662.4 m dN=-317.4 m (matcher@315m, support=176, peak=None) 
imw-eloftr: Processing pair 22 from disk...
imw-eloftr: 3 match-sets in 0.77s
[Coarse] imw-eloftr pair 23: dE=-17661.2 m dN=-313.3 m (matcher@315m, support=242, peak=None) 
imw-eloftr: Processing pair 23 from disk...
imw-eloftr: 2 match-sets in 0.27s
[Coarse] imw-eloftr pair 24: dE=-17669.9 m dN=-304.9 m (matcher@315m, support=503, peak=None) 
imw-eloftr: Processing pair 24 from disk...
imw-eloftr: 3 match-sets in 0.27s
[Coarse] imw-eloftr pair 25: dE=-17657.7 m dN=-313.5 m (matcher@315m, support=137, peak=None) 
imw-eloftr: Processing pair 25 from disk...
imw-eloftr: 4 match-sets in 0.27s
[Coarse] imw-eloftr pair 26: dE=-17661.2 m dN=-313.3 m (from-pair-27, support=None, peak=None) 
imw-eloftr: Processing pair 26 from disk...
imw-eloftr: 2 match-sets in 0.23s
[Coarse] imw-eloftr pair 27: dE=-17661.2 m dN=-313.3 m (from-pair-23 (phasecorr disagreed), support=None, peak=0.05064041456057702) 
imw-eloftr: Processing pair 27 from disk...
imw-eloftr: 2 match-sets in 0.18s
Saved:
 CHIP_STATS_ALL.csv
 CHIP_STATS_SURVIVORS.csv
 CONSENSUS_SCORES.csv
 BEST_CHIP_SET.csv
 BEST_CHIP_MANIFEST.csv
 BEST_FINAL_SUMMARY.csv
[band1] imw-eloftr ok in 0.5 min, peak GPU memory 17.1 of 39.4 GB
[imw-eloftr] Model unloaded.
--------------------------------------------------------------------------------
[band1] Running imw-aspanformer
[imw-aspanformer] Loading model...
[Coarse] pair 20: no reliable coarse offset (matcher: no matches; phasecorr: {'dx': -28903.23193639674, 'dy': -12953.216285335406, 'support': None, 'n': None, 'peak': 0.008737401829825507}); windows compared in place
[Coarse] pair 26: no reliable coarse offset (matcher: no matches; phasecorr: {'dx': -96306.08142606622, 'dy': -17142.367293993742, 'support': None, 'n': None, 'peak': 0.02253384519977334}); windows compared in place
[Coarse] pair 10: phase correlation gave dE=43169 m dN=-4147 m, 60.9 km from every offset the matcher measured; using pair 11's (dE=-18158 m dN=-272 m)
[Coarse] pair 12: phase correlation gave dE=-1877 m dN=10017 m, 18.8 km from every offset the matcher measured; using pair 8's (dE=-17807 m dN=-675 m)
[Coarse] pair 13: phase correlation gave dE=7584 m dN=8567 m, 26.7 km from every offset the matcher measured; using pair 8's (dE=-17807 m dN=-675 m)
[Coarse] pair 18: phase correlation gave dE=744 m dN=-16615 m, 24.2 km from every offset the matcher measured; using pair 25's (dE=-17664 m dN=-384 m)
[Coarse] pair 19: phase correlation gave dE=11920 m dN=-17918 m, 34.2 km from every offset the matcher measured; using pair 25's (dE=-17664 m dN=-384 m)
[Coarse] pair 21: phase correlation gave dE=-11414 m dN=-17047 m, 17.2 km from every offset the matcher measured; using pair 25's (dE=-17664 m dN=-384 m)
[Coarse] pair 27: phase correlation gave dE=-97898 m dN=-6012 m, 79.5 km from every offset the matcher measured; using pair 23's (dE=-17709 m dN=-300 m)
[Coarse] imw-aspanformer pair 1: dE=-17875.9 m dN=-717.8 m (matcher@315m, support=173, peak=None) 
imw-aspanformer: Processing pair 1 from disk...
imw-aspanformer: 1 match-sets in 0.62s
[Coarse] imw-aspanformer pair 2: dE=-17860.4 m dN=-805.1 m (matcher@315m, support=104, peak=None) 
imw-aspanformer: Processing pair 2 from disk...
imw-aspanformer: 1 match-sets in 0.25s
[Coarse] imw-aspanformer pair 3: dE=-17788.3 m dN=-1063.8 m (matcher@315m, support=80, peak=None) 
imw-aspanformer: Processing pair 3 from disk...
imw-aspanformer: 1 match-sets in 0.27s
[Coarse] imw-aspanformer pair 4: dE=-18482.9 m dN=-386.7 m (matcher@315m, support=145, peak=None) 
imw-aspanformer: Processing pair 4 from disk...
imw-aspanformer: 1 match-sets in 2.00s
[Coarse] imw-aspanformer pair 5: dE=-18412.6 m dN=-321.5 m (matcher@315m, support=183, peak=None) 
imw-aspanformer: Processing pair 5 from disk...
imw-aspanformer: 1 match-sets in 1.03s
[Coarse] imw-aspanformer pair 6: dE=-18587.5 m dN=-259.0 m (matcher@315m, support=55, peak=None) 
imw-aspanformer: Processing pair 6 from disk...
imw-aspanformer: 1 match-sets in 0.26s
[Coarse] imw-aspanformer pair 7: dE=-17810.0 m dN=-452.8 m (matcher@315m, support=618, peak=None) 
imw-aspanformer: Processing pair 7 from disk...
imw-aspanformer: 3 match-sets in 8.17s
[Coarse] imw-aspanformer pair 8: dE=-17807.4 m dN=-675.1 m (matcher@315m, support=361, peak=None) 
imw-aspanformer: Processing pair 8 from disk...
imw-aspanformer: 3 match-sets in 2.11s
[Coarse] imw-aspanformer pair 9: dE=-17840.9 m dN=-427.2 m (matcher@315m, support=779, peak=None) 
imw-aspanformer: Processing pair 9 from disk...
imw-aspanformer: 2 match-sets in 0.79s
[Coarse] imw-aspanformer pair 10: dE=-18157.9 m dN=-272.3 m (from-pair-11 (phasecorr disagreed), support=None, peak=0.04791493653487985) 
imw-aspanformer: Processing pair 10 from disk...
imw-aspanformer: 2 match-sets in 3.22s
[Coarse] imw-aspanformer pair 11: dE=-18157.9 m dN=-272.3 m (matcher@315m, support=159, peak=None) 
imw-aspanformer: Processing pair 11 from disk...
imw-aspanformer: 2 match-sets in 0.60s
[Coarse] imw-aspanformer pair 12: dE=-17807.4 m dN=-675.1 m (from-pair-8 (phasecorr disagreed), support=None, peak=0.1047012765466431) 
imw-aspanformer: Processing pair 12 from disk...
imw-aspanformer: 0 match-sets in 0.00s
[Coarse] imw-aspanformer pair 13: dE=-17807.4 m dN=-675.1 m (from-pair-8 (phasecorr disagreed), support=None, peak=0.09384612739086151) 
imw-aspanformer: Processing pair 13 from disk...
imw-aspanformer: 0 match-sets in 0.00s
[Coarse] imw-aspanformer pair 14: dE=-17816.9 m dN=-183.1 m (matcher@315m, support=1375, peak=None) 
imw-aspanformer: Processing pair 14 from disk...
imw-aspanformer: 3 match-sets in 1.88s
[Coarse] imw-aspanformer pair 15: dE=-17851.2 m dN=-239.6 m (matcher@315m, support=2066, peak=None) 
imw-aspanformer: Processing pair 15 from disk...
imw-aspanformer: 3 match-sets in 0.77s
[Coarse] imw-aspanformer pair 16: dE=-17986.3 m dN=-200.0 m (matcher@315m, support=1300, peak=None) 
imw-aspanformer: Processing pair 16 from disk...
imw-aspanformer: 2 match-sets in 0.49s
[Coarse] imw-aspanformer pair 17: dE=-17992.7 m dN=-189.8 m (matcher@315m, support=1494, peak=None) 
imw-aspanformer: Processing pair 17 from disk...
imw-aspanformer: 2 match-sets in 0.50s
[Coarse] imw-aspanformer pair 18: dE=-17664.4 m dN=-384.1 m (from-pair-25 (phasecorr disagreed), support=None, peak=0.06863816733713503) 
imw-aspanformer: Processing pair 18 from disk...
imw-aspanformer: 0 match-sets in 0.00s
[Coarse] imw-aspanformer pair 19: dE=-17664.4 m dN=-384.1 m (from-pair-25 (phasecorr disagreed), support=None, peak=0.15104582491848204) 
imw-aspanformer: Processing pair 19 from disk...
imw-aspanformer: 0 match-sets in 0.00s
[Coarse] imw-aspanformer pair 20: dE=-17664.4 m dN=-384.1 m (from-pair-19, support=None, peak=None) 
imw-aspanformer: Processing pair 20 from disk...
imw-aspanformer: 0 match-sets in 0.00s
[Coarse] imw-aspanformer pair 21: dE=-17664.4 m dN=-384.1 m (from-pair-25 (phasecorr disagreed), support=None, peak=0.036990950946454645) 
imw-aspanformer: Processing pair 21 from disk...
imw-aspanformer: 0 match-sets in 0.00s
[Coarse] imw-aspanformer pair 22: dE=-17693.0 m dN=-310.9 m (matcher@315m, support=646, peak=None) 
imw-aspanformer: Processing pair 22 from disk...
imw-aspanformer: 4 match-sets in 2.70s
[Coarse] imw-aspanformer pair 23: dE=-17708.9 m dN=-300.2 m (matcher@315m, support=539, peak=None) 
imw-aspanformer: Processing pair 23 from disk...
imw-aspanformer: 3 match-sets in 1.05s
[Coarse] imw-aspanformer pair 24: dE=-17646.3 m dN=-285.3 m (matcher@315m, support=485, peak=None) 
imw-aspanformer: Processing pair 24 from disk...
imw-aspanformer: 4 match-sets in 0.74s
[Coarse] imw-aspanformer pair 25: dE=-17664.4 m dN=-384.1 m (matcher@315m, support=474, peak=None) 
imw-aspanformer: Processing pair 25 from disk...
imw-aspanformer: 4 match-sets in 0.75s
[Coarse] imw-aspanformer pair 26: dE=-17708.9 m dN=-300.2 m (from-pair-27, support=None, peak=None) 
imw-aspanformer: Processing pair 26 from disk...
imw-aspanformer: 1 match-sets in 0.54s
[Coarse] imw-aspanformer pair 27: dE=-17708.9 m dN=-300.2 m (from-pair-23 (phasecorr disagreed), support=None, peak=0.05064041456057702) 
imw-aspanformer: Processing pair 27 from disk...
imw-aspanformer: 0 match-sets in 0.52s
Saved:
 CHIP_STATS_ALL.csv
 CHIP_STATS_SURVIVORS.csv
 CONSENSUS_SCORES.csv
 BEST_CHIP_SET.csv
 BEST_CHIP_MANIFEST.csv
 BEST_FINAL_SUMMARY.csv
[band1] imw-aspanformer ok in 1.2 min, peak GPU memory 32.7 of 39.4 GB
[imw-aspanformer] Model unloaded.
--------------------------------------------------------------------------------
[band1] Running imw-topicfm
[imw-topicfm] Loading model...
2026-10-07 12:55:03.835 | WARNING  | TopicFM.src.models.modules.transformer:forward:163 - topic distribution is highly sparse!
2026-10-07 12:55:08.003 | WARNING  | TopicFM.src.models.modules.transformer:forward:163 - topic distribution is highly sparse!
2026-10-07 12:55:11.076 | WARNING  | TopicFM.src.models.modules.transformer:forward:163 - topic distribution is highly sparse!
2026-10-07 12:55:22.577 | WARNING  | TopicFM.src.models.modules.transformer:forward:163 - topic distribution is highly sparse!
2026-10-07 12:55:22.625 | WARNING  | TopicFM.src.models.modules.transformer:forward:163 - topic distribution is highly sparse!
2026-10-07 12:55:32.351 | WARNING  | TopicFM.src.models.modules.transformer:forward:163 - topic distribution is highly sparse!
2026-10-07 12:55:32.417 | WARNING  | TopicFM.src.models.modules.transformer:forward:163 - topic distribution is highly sparse!
2026-10-07 12:55:32.481 | WARNING  | TopicFM.src.models.modules.transformer:forward:163 - topic distribution is highly sparse!
[Coarse] pair 20: no reliable coarse offset (matcher: no matches; phasecorr: {'dx': -28903.23193639674, 'dy': -12953.216285335406, 'support': None, 'n': None, 'peak': 0.008737401829825507}); windows compared in place
2026-10-07 12:55:32.541 | WARNING  | TopicFM.src.models.modules.transformer:forward:163 - topic distribution is highly sparse!
[Coarse] pair 26: no reliable coarse offset (matcher: {'dx': 15413.386287689209, 'dy': 18725.167694091797, 'support': 2, 'n': 5, 'peak': None}; phasecorr: {'dx': -96306.08142606622, 'dy': -17142.367293993742, 'support': None, 'n': None, 'peak': 0.02253384519977334}); windows compared in place
[Coarse] pair 10: phase correlation gave dE=43169 m dN=-4147 m, 61.0 km from every offset the matcher measured; using pair 11's (dE=-18210 m dN=-189 m)
[Coarse] pair 12: phase correlation gave dE=-1877 m dN=10017 m, 18.9 km from every offset the matcher measured; using pair 8's (dE=-17756 m dN=-239 m)
[Coarse] pair 13: phase correlation gave dE=7584 m dN=8567 m, 26.8 km from every offset the matcher measured; using pair 8's (dE=-17756 m dN=-239 m)
[Coarse] pair 18: phase correlation gave dE=744 m dN=-16615 m, 24.2 km from every offset the matcher measured; using pair 25's (dE=-17702 m dN=-367 m)
[Coarse] pair 19: phase correlation gave dE=11920 m dN=-17918 m, 34.1 km from every offset the matcher measured; using pair 25's (dE=-17702 m dN=-367 m)
[Coarse] pair 21: phase correlation gave dE=-11414 m dN=-17047 m, 17.2 km from every offset the matcher measured; using pair 25's (dE=-17702 m dN=-367 m)
[Coarse] pair 27: phase correlation gave dE=-97898 m dN=-6012 m, 79.6 km from every offset the matcher measured; using pair 23's (dE=-17685 m dN=-306 m)
[Coarse] imw-topicfm pair 1: dE=-17873.6 m dN=-724.0 m (matcher@315m, support=173, peak=None) 
imw-topicfm: Processing pair 1 from disk...
2026-10-07 12:55:44.630 | WARNING  | TopicFM.src.models.modules.transformer:forward:163 - topic distribution is highly sparse!
imw-topicfm: 1 match-sets in 1.24s
[Coarse] imw-topicfm pair 2: dE=-17867.4 m dN=-806.1 m (matcher@315m, support=86, peak=None) 
imw-topicfm: Processing pair 2 from disk...
imw-topicfm: 1 match-sets in 0.08s
[Coarse] imw-topicfm pair 3: dE=-17778.2 m dN=-1068.3 m (matcher@315m, support=45, peak=None) 
imw-topicfm: Processing pair 3 from disk...
imw-topicfm: 1 match-sets in 0.08s
[Coarse] imw-topicfm pair 4: dE=-18374.2 m dN=-401.7 m (matcher@315m, support=188, peak=None) 
imw-topicfm: Processing pair 4 from disk...
imw-topicfm: 1 match-sets in 2.79s
[Coarse] imw-topicfm pair 5: dE=-18457.9 m dN=-354.0 m (matcher@315m, support=161, peak=None) 
imw-topicfm: Processing pair 5 from disk...
imw-topicfm: 1 match-sets in 0.97s
[Coarse] imw-topicfm pair 6: dE=-18521.2 m dN=-200.0 m (matcher@315m, support=61, peak=None) 
imw-topicfm: Processing pair 6 from disk...
2026-10-07 12:55:48.672 | WARNING  | TopicFM.src.models.modules.transformer:forward:163 - topic distribution is highly sparse!
imw-topicfm: 1 match-sets in 0.09s
[Coarse] imw-topicfm pair 7: dE=-17821.6 m dN=-338.2 m (matcher@315m, support=258, peak=None) 
imw-topicfm: Processing pair 7 from disk...
2026-10-07 12:55:56.675 | WARNING  | TopicFM.src.models.modules.transformer:forward:163 - topic distribution is highly sparse!
imw-topicfm: 2 match-sets in 7.99s
[Coarse] imw-topicfm pair 8: dE=-17755.7 m dN=-239.1 m (matcher@315m, support=240, peak=None) 
imw-topicfm: Processing pair 8 from disk...
2026-10-07 12:55:59.405 | WARNING  | TopicFM.src.models.modules.transformer:forward:163 - topic distribution is highly sparse!
imw-topicfm: 3 match-sets in 2.73s
[Coarse] imw-topicfm pair 9: dE=-17847.3 m dN=-283.4 m (matcher@315m, support=304, peak=None) 
imw-topicfm: Processing pair 9 from disk...
2026-10-07 12:55:59.661 | WARNING  | TopicFM.src.models.modules.transformer:forward:163 - topic distribution is highly sparse!
imw-topicfm: 3 match-sets in 0.25s
[Coarse] imw-topicfm pair 10: dE=-18209.8 m dN=-189.0 m (from-pair-11 (phasecorr disagreed), support=None, peak=0.04791493653487985) 
imw-topicfm: Processing pair 10 from disk...
imw-topicfm: 2 match-sets in 3.67s
[Coarse] imw-topicfm pair 11: dE=-18209.8 m dN=-189.0 m (matcher@315m, support=285, peak=None) 
imw-topicfm: Processing pair 11 from disk...
imw-topicfm: 2 match-sets in 0.26s
[Coarse] imw-topicfm pair 12: dE=-17755.7 m dN=-239.1 m (from-pair-8 (phasecorr disagreed), support=None, peak=0.1047012765466431) 
imw-topicfm: Processing pair 12 from disk...
imw-topicfm: 0 match-sets in 0.00s
[Coarse] imw-topicfm pair 13: dE=-17755.7 m dN=-239.1 m (from-pair-8 (phasecorr disagreed), support=None, peak=0.09384612739086151) 
imw-topicfm: Processing pair 13 from disk...
imw-topicfm: 0 match-sets in 0.00s
[Coarse] imw-topicfm pair 14: dE=-17798.7 m dN=-94.3 m (matcher@315m, support=1107, peak=None) 
imw-topicfm: Processing pair 14 from disk...
2026-10-07 12:56:07.159 | WARNING  | TopicFM.src.models.modules.transformer:forward:163 - topic distribution is highly sparse!
imw-topicfm: 3 match-sets in 3.56s
[Coarse] imw-topicfm pair 15: dE=-17847.1 m dN=-138.2 m (matcher@315m, support=1586, peak=None) 
imw-topicfm: Processing pair 15 from disk...
2026-10-07 12:56:07.476 | WARNING  | TopicFM.src.models.modules.transformer:forward:163 - topic distribution is highly sparse!
imw-topicfm: 3 match-sets in 0.31s
[Coarse] imw-topicfm pair 16: dE=-18012.4 m dN=-189.3 m (matcher@315m, support=1131, peak=None) 
imw-topicfm: Processing pair 16 from disk...
imw-topicfm: 2 match-sets in 0.26s
[Coarse] imw-topicfm pair 17: dE=-18031.5 m dN=-191.1 m (matcher@315m, support=1376, peak=None) 
imw-topicfm: Processing pair 17 from disk...
imw-topicfm: 2 match-sets in 0.21s
[Coarse] imw-topicfm pair 18: dE=-17702.1 m dN=-367.4 m (from-pair-25 (phasecorr disagreed), support=None, peak=0.06863816733713503) 
imw-topicfm: Processing pair 18 from disk...
imw-topicfm: 0 match-sets in 0.00s
[Coarse] imw-topicfm pair 19: dE=-17702.1 m dN=-367.4 m (from-pair-25 (phasecorr disagreed), support=None, peak=0.15104582491848204) 
imw-topicfm: Processing pair 19 from disk...
imw-topicfm: 0 match-sets in 0.00s
[Coarse] imw-topicfm pair 20: dE=-17702.1 m dN=-367.4 m (from-pair-19, support=None, peak=None) 
imw-topicfm: Processing pair 20 from disk...
imw-topicfm: 0 match-sets in 0.00s
[Coarse] imw-topicfm pair 21: dE=-17702.1 m dN=-367.4 m (from-pair-25 (phasecorr disagreed), support=None, peak=0.036990950946454645) 
imw-topicfm: Processing pair 21 from disk...
imw-topicfm: 0 match-sets in 0.00s
[Coarse] imw-topicfm pair 22: dE=-17672.1 m dN=-310.4 m (matcher@315m, support=564, peak=None) 
imw-topicfm: Processing pair 22 from disk...
2026-10-07 12:56:10.382 | WARNING  | TopicFM.src.models.modules.transformer:forward:163 - topic distribution is highly sparse!
imw-topicfm: 3 match-sets in 3.78s
[Coarse] imw-topicfm pair 23: dE=-17685.4 m dN=-306.0 m (matcher@315m, support=508, peak=None) 
imw-topicfm: Processing pair 23 from disk...
imw-topicfm: 2 match-sets in 0.32s
[Coarse] imw-topicfm pair 24: dE=-17689.6 m dN=-280.0 m (matcher@315m, support=600, peak=None) 
imw-topicfm: Processing pair 24 from disk...
imw-topicfm: 4 match-sets in 0.31s
[Coarse] imw-topicfm pair 25: dE=-17702.1 m dN=-367.4 m (matcher@315m, support=619, peak=None) 
imw-topicfm: Processing pair 25 from disk...
imw-topicfm: 3 match-sets in 0.26s
[Coarse] imw-topicfm pair 26: dE=-17685.4 m dN=-306.0 m (from-pair-27, support=None, peak=None) 
imw-topicfm: Processing pair 26 from disk...
imw-topicfm: 2 match-sets in 1.16s
[Coarse] imw-topicfm pair 27: dE=-17685.4 m dN=-306.0 m (from-pair-23 (phasecorr disagreed), support=None, peak=0.05064041456057702) 
imw-topicfm: Processing pair 27 from disk...
imw-topicfm: 2 match-sets in 0.18s
Saved:
 CHIP_STATS_ALL.csv
 CHIP_STATS_SURVIVORS.csv
 CONSENSUS_SCORES.csv
 BEST_CHIP_SET.csv
 BEST_CHIP_MANIFEST.csv
 BEST_FINAL_SUMMARY.csv
[band1] imw-topicfm ok in 1.2 min, peak GPU memory 24.9 of 39.4 GB
[imw-topicfm] Model unloaded.
--------------------------------------------------------------------------------
[band1] Running imw-roma
[imw-roma] Loading model...
[Coarse] pair 26: no reliable coarse offset (matcher: no matches; phasecorr: {'dx': -96306.08142606622, 'dy': -17142.367293993742, 'support': None, 'n': None, 'peak': 0.02253384519977334}); windows compared in place
[Coarse] pair 27: the matcher gave dE=18012 m dN=16523 m on 31 matches, apart from the 24 pairs that agree; using pair 24's (dE=-17797 m dN=-322 m)
[Coarse] pair 10: phase correlation gave dE=43169 m dN=-4147 m, 36.9 km from every offset the matcher measured; using pair 11's (dE=-17987 m dN=-276 m)
[Coarse] pair 19: phase correlation gave dE=11920 m dN=-17918 m, 7.6 km from every offset the matcher measured; using pair 20's (dE=1898 m dN=-20711 m)
[Coarse] WARNING: imw-roma: the pairs' coarse offsets differ by up to 27 km, more than one image moves from place to place. Pairs with a wrong offset match the wrong ground (the chip consensus drops them when they are few); if most pairs disagree, check the input's pixel size and window size.
[Coarse] imw-roma pair 1: dE=-17962.4 m dN=-665.9 m (matcher@315m, support=2163, peak=None) 
imw-roma: Processing pair 1 from disk...
imw-roma: 1 match-sets in 0.58s
[Coarse] imw-roma pair 2: dE=-18055.7 m dN=-493.1 m (matcher@315m, support=358, peak=None) 
imw-roma: Processing pair 2 from disk...
imw-roma: 1 match-sets in 0.58s
[Coarse] imw-roma pair 3: dE=-17746.2 m dN=-599.0 m (matcher@315m, support=809, peak=None) 
imw-roma: Processing pair 3 from disk...
imw-roma: 1 match-sets in 0.58s
[Coarse] imw-roma pair 4: dE=-18043.9 m dN=-475.0 m (matcher@315m, support=405, peak=None) 
imw-roma: Processing pair 4 from disk...
imw-roma: 1 match-sets in 0.59s
[Coarse] imw-roma pair 5: dE=-18200.1 m dN=-337.6 m (matcher@315m, support=927, peak=None) 
imw-roma: Processing pair 5 from disk...
imw-roma: 1 match-sets in 0.60s
[Coarse] imw-roma pair 6: dE=-20235.7 m dN=-15597.4 m (matcher@315m, support=31, peak=None) 
imw-roma: Processing pair 6 from disk...
imw-roma: 1 match-sets in 0.60s
[Coarse] imw-roma pair 7: dE=-17864.6 m dN=-514.1 m (matcher@315m, support=1296, peak=None) 
imw-roma: Processing pair 7 from disk...
imw-roma: 3 match-sets in 1.77s
[Coarse] imw-roma pair 8: dE=7124.6 m dN=-11979.2 m (matcher@315m, support=16, peak=None) 
imw-roma: Processing pair 8 from disk...
imw-roma: 3 match-sets in 1.81s
[Coarse] imw-roma pair 9: dE=-17790.5 m dN=-428.0 m (phasecorr@315m, support=None, peak=0.031066529352914596) 
imw-roma: Processing pair 9 from disk...
imw-roma: 3 match-sets in 1.78s
[Coarse] imw-roma pair 10: dE=-17986.5 m dN=-275.8 m (from-pair-11 (phasecorr disagreed), support=None, peak=0.04791493653487985) 
imw-roma: Processing pair 10 from disk...
imw-roma: 2 match-sets in 1.27s
[Coarse] imw-roma pair 11: dE=-17986.5 m dN=-275.8 m (matcher@315m, support=1535, peak=None) 
imw-roma: Processing pair 11 from disk...
imw-roma: 2 match-sets in 1.31s
[Coarse] imw-roma pair 12: dE=-8222.4 m dN=-20515.6 m (matcher@315m, support=33, peak=None) 
imw-roma: Processing pair 12 from disk...
imw-roma: 0 match-sets in 0.00s
[Coarse] imw-roma pair 13: dE=-2650.9 m dN=-20210.5 m (matcher@315m, support=215, peak=None) 
imw-roma: Processing pair 13 from disk...
imw-roma: 0 match-sets in 0.00s
[Coarse] imw-roma pair 14: dE=-17866.9 m dN=-169.1 m (matcher@315m, support=3307, peak=None) 
imw-roma: Processing pair 14 from disk...
imw-roma: 3 match-sets in 1.84s
[Coarse] imw-roma pair 15: dE=-17882.7 m dN=-216.9 m (matcher@315m, support=3844, peak=None) 
imw-roma: Processing pair 15 from disk...
imw-roma: 3 match-sets in 1.86s
[Coarse] imw-roma pair 16: dE=-17953.8 m dN=-166.0 m (matcher@315m, support=3776, peak=None) 
imw-roma: Processing pair 16 from disk...
imw-roma: 2 match-sets in 1.23s
[Coarse] imw-roma pair 17: dE=-17973.5 m dN=-182.7 m (matcher@315m, support=3709, peak=None) 
imw-roma: Processing pair 17 from disk...
imw-roma: 2 match-sets in 1.24s
[Coarse] imw-roma pair 18: dE=744.1 m dN=-16614.6 m (phasecorr@315m, support=None, peak=0.06863816733713503) 
imw-roma: Processing pair 18 from disk...
imw-roma: 0 match-sets in 0.00s
[Coarse] imw-roma pair 19: dE=1898.1 m dN=-20710.8 m (from-pair-20 (phasecorr disagreed), support=None, peak=0.15104582491848204) 
imw-roma: Processing pair 19 from disk...
imw-roma: 0 match-sets in 0.00s
[Coarse] imw-roma pair 20: dE=1898.1 m dN=-20710.8 m (matcher@315m, support=93, peak=None) 
imw-roma: Processing pair 20 from disk...
imw-roma: 0 match-sets in 0.00s
[Coarse] imw-roma pair 21: dE=-11413.6 m dN=-17047.1 m (phasecorr@315m, support=None, peak=0.036990950946454645) 
imw-roma: Processing pair 21 from disk...
imw-roma: 0 match-sets in 0.00s
[Coarse] imw-roma pair 22: dE=-17882.3 m dN=-311.5 m (phasecorr@315m, support=None, peak=0.12721613845825194) 
imw-roma: Processing pair 22 from disk...
imw-roma: 4 match-sets in 2.33s
[Coarse] imw-roma pair 23: dE=-17911.9 m dN=-326.6 m (phasecorr@315m, support=None, peak=0.12881409482955933) 
imw-roma: Processing pair 23 from disk...
imw-roma: 4 match-sets in 2.33s
[Coarse] imw-roma pair 24: dE=-17796.7 m dN=-321.5 m (matcher@315m, support=1319, peak=None) 
imw-roma: Processing pair 24 from disk...
imw-roma: 4 match-sets in 2.36s
[Coarse] imw-roma pair 25: dE=-17844.2 m dN=-348.0 m (phasecorr@315m, support=None, peak=0.15328786741892497) 
imw-roma: Processing pair 25 from disk...
imw-roma: 4 match-sets in 2.34s
[Coarse] imw-roma pair 26: dE=-17796.7 m dN=-321.5 m (from-pair-27, support=None, peak=None) 
imw-roma: Processing pair 26 from disk...
imw-roma: 2 match-sets in 1.19s
[Coarse] imw-roma pair 27: dE=-17796.7 m dN=-321.5 m (from-pair-24 (matcher outlier), support=None, peak=None) 
imw-roma: Processing pair 27 from disk...
imw-roma: 2 match-sets in 1.20s
Saved:
 CHIP_STATS_ALL.csv
 CHIP_STATS_SURVIVORS.csv
 CONSENSUS_SCORES.csv
 BEST_CHIP_SET.csv
 BEST_CHIP_MANIFEST.csv
 BEST_FINAL_SUMMARY.csv
[band1] imw-roma ok in 1.0 min, peak GPU memory 5.3 of 39.4 GB
[imw-roma] Model unloaded.
--------------------------------------------------------------------------------
[band1] Running imw-dkm
[imw-dkm] Loading model...
[Coarse] pair 3: no reliable coarse offset (matcher: {'dx': -20849.682540893555, 'dy': -12046.841812133789, 'support': 2, 'n': 3, 'peak': None}; phasecorr: {'dx': -16147.443677524008, 'dy': -26751.975000537102, 'support': None, 'n': None, 'peak': 0.00032880983234923565}); windows compared in place
[Coarse] pair 8: no reliable coarse offset (matcher: no matches; phasecorr: {'dx': -18002.059573769864, 'dy': -489.60497923140906, 'support': None, 'n': None, 'peak': 0.011968647486368816}); windows compared in place
[Coarse] pair 26: no reliable coarse offset (matcher: no matches; phasecorr: {'dx': -96306.08142606622, 'dy': -17142.367293993742, 'support': None, 'n': None, 'peak': 0.02253384519977334}); windows compared in place
[Coarse] pair 21: the matcher gave dE=5550 m dN=-20683 m on 139 matches, apart from the 19 pairs that agree; using pair 20's (dE=-15668 m dN=-17205 m)
[Coarse] pair 12: phase correlation gave dE=-1877 m dN=10017 m, 8.3 km from every offset the matcher measured; using pair 7's (dE=-17891 m dN=-526 m)
[Coarse] pair 13: phase correlation gave dE=7584 m dN=8567 m, 12.2 km from every offset the matcher measured; using pair 7's (dE=-17891 m dN=-526 m)
[Coarse] pair 18: phase correlation gave dE=744 m dN=-16615 m, 16.4 km from every offset the matcher measured; using pair 20's (dE=-15668 m dN=-17205 m)
[Coarse] pair 19: phase correlation gave dE=11920 m dN=-17918 m, 27.6 km from every offset the matcher measured; using pair 20's (dE=-15668 m dN=-17205 m)
[Coarse] pair 27: phase correlation gave dE=-97898 m dN=-6012 m, 80.0 km from every offset the matcher measured; using pair 24's (dE=-17759 m dN=-238 m)
[Coarse] WARNING: imw-dkm: the pairs' coarse offsets differ by up to 37 km, more than one image moves from place to place. Pairs with a wrong offset match the wrong ground (the chip consensus drops them when they are few); if most pairs disagree, check the input's pixel size and window size.
[Coarse] imw-dkm pair 1: dE=-17969.1 m dN=-562.5 m (matcher@315m, support=2608, peak=None) 
imw-dkm: Processing pair 1 from disk...
imw-dkm: 1 match-sets in 0.49s
[Coarse] imw-dkm pair 2: dE=-18030.3 m dN=-447.8 m (matcher@315m, support=698, peak=None) 
imw-dkm: Processing pair 2 from disk...
imw-dkm: 1 match-sets in 0.50s
[Coarse] imw-dkm pair 3: dE=-17969.1 m dN=-562.5 m (from-pair-1, support=None, peak=None) 
imw-dkm: Processing pair 3 from disk...
imw-dkm: 1 match-sets in 0.51s
[Coarse] imw-dkm pair 4: dE=-18073.7 m dN=-526.0 m (matcher@315m, support=2822, peak=None) 
imw-dkm: Processing pair 4 from disk...
imw-dkm: 1 match-sets in 0.51s
[Coarse] imw-dkm pair 5: dE=-17676.8 m dN=17946.3 m (matcher@315m, support=1397, peak=None) 
imw-dkm: Processing pair 5 from disk...
imw-dkm: 1 match-sets in 0.51s
[Coarse] imw-dkm pair 6: dE=-10616.9 m dN=19896.8 m (matcher@315m, support=149, peak=None) 
imw-dkm: Processing pair 6 from disk...
imw-dkm: 1 match-sets in 0.51s
[Coarse] imw-dkm pair 7: dE=-17891.0 m dN=-525.7 m (matcher@315m, support=1621, peak=None) 
imw-dkm: Processing pair 7 from disk...
imw-dkm: 3 match-sets in 1.48s
[Coarse] imw-dkm pair 8: dE=-17891.0 m dN=-525.7 m (from-pair-7, support=None, peak=None) 
imw-dkm: Processing pair 8 from disk...
imw-dkm: 3 match-sets in 1.51s
[Coarse] imw-dkm pair 9: dE=-17934.6 m dN=-522.6 m (matcher@315m, support=2216, peak=None) 
imw-dkm: Processing pair 9 from disk...
imw-dkm: 3 match-sets in 1.51s
[Coarse] imw-dkm pair 10: dE=-57.1 m dN=18067.2 m (matcher@315m, support=15, peak=None) 
imw-dkm: Processing pair 10 from disk...
imw-dkm: 2 match-sets in 1.06s
[Coarse] imw-dkm pair 11: dE=-17992.2 m dN=-301.6 m (matcher@315m, support=2011, peak=None) 
imw-dkm: Processing pair 11 from disk...
imw-dkm: 2 match-sets in 1.05s
[Coarse] imw-dkm pair 12: dE=-17891.0 m dN=-525.7 m (from-pair-7 (phasecorr disagreed), support=None, peak=0.1047012765466431) 
imw-dkm: Processing pair 12 from disk...
imw-dkm: 0 match-sets in 0.00s
[Coarse] imw-dkm pair 13: dE=-17891.0 m dN=-525.7 m (from-pair-7 (phasecorr disagreed), support=None, peak=0.09384612739086151) 
imw-dkm: Processing pair 13 from disk...
imw-dkm: 0 match-sets in 0.00s
[Coarse] imw-dkm pair 14: dE=-17876.5 m dN=-186.2 m (matcher@315m, support=3048, peak=None) 
imw-dkm: Processing pair 14 from disk...
imw-dkm: 3 match-sets in 1.55s
[Coarse] imw-dkm pair 15: dE=-17887.3 m dN=-209.1 m (matcher@315m, support=3432, peak=None) 
imw-dkm: Processing pair 15 from disk...
imw-dkm: 3 match-sets in 1.55s
[Coarse] imw-dkm pair 16: dE=-17954.4 m dN=-158.7 m (matcher@315m, support=3772, peak=None) 
imw-dkm: Processing pair 16 from disk...
imw-dkm: 2 match-sets in 1.04s
[Coarse] imw-dkm pair 17: dE=-17979.1 m dN=-192.8 m (matcher@315m, support=3550, peak=None) 
imw-dkm: Processing pair 17 from disk...
imw-dkm: 2 match-sets in 1.06s
[Coarse] imw-dkm pair 18: dE=-15667.7 m dN=-17204.9 m (from-pair-20 (phasecorr disagreed), support=None, peak=0.06863816733713503) 
imw-dkm: Processing pair 18 from disk...
imw-dkm: 0 match-sets in 0.00s
[Coarse] imw-dkm pair 19: dE=-15667.7 m dN=-17204.9 m (from-pair-20 (phasecorr disagreed), support=None, peak=0.15104582491848204) 
imw-dkm: Processing pair 19 from disk...
imw-dkm: 0 match-sets in 0.00s
[Coarse] imw-dkm pair 20: dE=-15667.7 m dN=-17204.9 m (matcher@315m, support=111, peak=None) 
imw-dkm: Processing pair 20 from disk...
imw-dkm: 0 match-sets in 0.00s
[Coarse] imw-dkm pair 21: dE=-15667.7 m dN=-17204.9 m (from-pair-20 (matcher outlier), support=None, peak=None) 
imw-dkm: Processing pair 21 from disk...
imw-dkm: 0 match-sets in 0.00s
[Coarse] imw-dkm pair 22: dE=-17754.4 m dN=-246.2 m (matcher@315m, support=3135, peak=None) 
imw-dkm: Processing pair 22 from disk...
imw-dkm: 4 match-sets in 1.97s
[Coarse] imw-dkm pair 23: dE=-17911.9 m dN=-326.6 m (phasecorr@315m, support=None, peak=0.12881409482955933) 
imw-dkm: Processing pair 23 from disk...
imw-dkm: 4 match-sets in 1.96s
[Coarse] imw-dkm pair 24: dE=-17759.2 m dN=-238.5 m (matcher@315m, support=2181, peak=None) 
imw-dkm: Processing pair 24 from disk...
imw-dkm: 4 match-sets in 1.96s
[Coarse] imw-dkm pair 25: dE=-17766.5 m dN=-303.2 m (matcher@315m, support=3548, peak=None) 
imw-dkm: Processing pair 25 from disk...
imw-dkm: 4 match-sets in 1.98s
[Coarse] imw-dkm pair 26: dE=-17759.2 m dN=-238.5 m (from-pair-27, support=None, peak=None) 
imw-dkm: Processing pair 26 from disk...
imw-dkm: 2 match-sets in 1.01s
[Coarse] imw-dkm pair 27: dE=-17759.2 m dN=-238.5 m (from-pair-24 (phasecorr disagreed), support=None, peak=0.05064041456057702) 
imw-dkm: Processing pair 27 from disk...
imw-dkm: 2 match-sets in 0.99s
Saved:
 CHIP_STATS_ALL.csv
 CHIP_STATS_SURVIVORS.csv
 CONSENSUS_SCORES.csv
 BEST_CHIP_SET.csv
 BEST_CHIP_MANIFEST.csv
 BEST_FINAL_SUMMARY.csv
[band1] imw-dkm ok in 1.0 min, peak GPU memory 33.8 of 39.4 GB
[imw-dkm] Model unloaded.
--------------------------------------------------------------------------------
[band1] Running imw-dad-roma
[imw-dad-roma] Loading model...
[Coarse] pair 5: no reliable coarse offset (matcher: no matches; phasecorr: {'dx': 3156.3479216096807, 'dy': 18300.67805989782, 'support': None, 'n': None, 'peak': 0.020832994549224774}); windows compared in place
[Coarse] pair 7: no reliable coarse offset (matcher: no matches; phasecorr: {'dx': -17660.72648465004, 'dy': -478.5174601560547, 'support': None, 'n': None, 'peak': 0.0218074359204816}); windows compared in place
[Coarse] pair 8: no reliable coarse offset (matcher: no matches; phasecorr: {'dx': -18002.059573769864, 'dy': -489.60497923140906, 'support': None, 'n': None, 'peak': 0.011968647486368816}); windows compared in place
[Coarse] pair 20: no reliable coarse offset (matcher: no matches; phasecorr: {'dx': -28903.23193639674, 'dy': -12953.216285335406, 'support': None, 'n': None, 'peak': 0.008737401829825507}); windows compared in place
[Coarse] pair 26: no reliable coarse offset (matcher: no matches; phasecorr: {'dx': -96306.08142606622, 'dy': -17142.367293993742, 'support': None, 'n': None, 'peak': 0.02253384519977334}); windows compared in place
[Coarse] pair 10: phase correlation gave dE=43169 m dN=-4147 m, 61.1 km from every offset the matcher measured; using pair 11's (dE=-18036 m dN=-238 m)
[Coarse] pair 12: phase correlation gave dE=-1877 m dN=10017 m, 17.3 km from every offset the matcher measured; using pair 11's (dE=-18036 m dN=-238 m)
[Coarse] pair 13: phase correlation gave dE=7584 m dN=8567 m, 25.8 km from every offset the matcher measured; using pair 11's (dE=-18036 m dN=-238 m)
[Coarse] pair 18: phase correlation gave dE=744 m dN=-16615 m, 24.7 km from every offset the matcher measured; using pair 15's (dE=-17918 m dN=-189 m)
[Coarse] pair 19: phase correlation gave dE=11920 m dN=-17918 m, 34.6 km from every offset the matcher measured; using pair 15's (dE=-17918 m dN=-189 m)
[Coarse] pair 21: phase correlation gave dE=-11414 m dN=-17047 m, 17.8 km from every offset the matcher measured; using pair 15's (dE=-17918 m dN=-189 m)
[Coarse] pair 27: phase correlation gave dE=-97898 m dN=-6012 m, 77.9 km from every offset the matcher measured; using pair 17's (dE=-17982 m dN=-148 m)
[Coarse] imw-dad-roma pair 1: dE=-17941.3 m dN=-422.9 m (matcher@315m, support=15, peak=None) 
imw-dad-roma: Processing pair 1 from disk...
imw-dad-roma: 1 match-sets in 3.30s
[Coarse] imw-dad-roma pair 2: dE=-20210.0 m dN=74.6 m (matcher@315m, support=8, peak=None) 
imw-dad-roma: Processing pair 2 from disk...
imw-dad-roma: 1 match-sets in 0.52s
[Coarse] imw-dad-roma pair 3: dE=-19731.3 m dN=1126.8 m (matcher@315m, support=11, peak=None) 
imw-dad-roma: Processing pair 3 from disk...
imw-dad-roma: 1 match-sets in 0.53s
[Coarse] imw-dad-roma pair 4: dE=-18070.5 m dN=-486.2 m (matcher@315m, support=36, peak=None) 
imw-dad-roma: Processing pair 4 from disk...
imw-dad-roma: 1 match-sets in 7.32s
[Coarse] imw-dad-roma pair 5: dE=-17562.4 m dN=2734.9 m (from-pair-6, support=None, peak=None) 
imw-dad-roma: Processing pair 5 from disk...
imw-dad-roma: 1 match-sets in 3.81s
[Coarse] imw-dad-roma pair 6: dE=-17562.4 m dN=2734.9 m (matcher@315m, support=9, peak=None) 
imw-dad-roma: Processing pair 6 from disk...
imw-dad-roma: 1 match-sets in 0.57s
[Coarse] imw-dad-roma pair 7: dE=-17790.5 m dN=-428.0 m (from-pair-9, support=None, peak=None) 
imw-dad-roma: Processing pair 7 from disk...
imw-dad-roma: 3 match-sets in 14.90s
[Coarse] imw-dad-roma pair 8: dE=-17790.5 m dN=-428.0 m (from-pair-9, support=None, peak=None) 
imw-dad-roma: Processing pair 8 from disk...
imw-dad-roma: 3 match-sets in 8.23s
[Coarse] imw-dad-roma pair 9: dE=-17790.5 m dN=-428.0 m (phasecorr@315m, support=None, peak=0.031066529352914596) 
imw-dad-roma: Processing pair 9 from disk...
imw-dad-roma: 3 match-sets in 7.39s
[Coarse] imw-dad-roma pair 10: dE=-18035.9 m dN=-238.2 m (from-pair-11 (phasecorr disagreed), support=None, peak=0.04791493653487985) 
imw-dad-roma: Processing pair 10 from disk...
imw-dad-roma: 2 match-sets in 10.85s
[Coarse] imw-dad-roma pair 11: dE=-18035.9 m dN=-238.2 m (matcher@315m, support=135, peak=None) 
imw-dad-roma: Processing pair 11 from disk...
imw-dad-roma: 1 match-sets in 1.35s
[Coarse] imw-dad-roma pair 12: dE=-18035.9 m dN=-238.2 m (from-pair-11 (phasecorr disagreed), support=None, peak=0.1047012765466431) 
imw-dad-roma: Processing pair 12 from disk...
imw-dad-roma: 0 match-sets in 0.00s
[Coarse] imw-dad-roma pair 13: dE=-18035.9 m dN=-238.2 m (from-pair-11 (phasecorr disagreed), support=None, peak=0.09384612739086151) 
imw-dad-roma: Processing pair 13 from disk...
imw-dad-roma: 0 match-sets in 0.00s
[Coarse] imw-dad-roma pair 14: dE=-17864.5 m dN=-245.3 m (matcher@315m, support=118, peak=None) 
imw-dad-roma: Processing pair 14 from disk...
imw-dad-roma: 3 match-sets in 7.76s
[Coarse] imw-dad-roma pair 15: dE=-17917.6 m dN=-188.9 m (matcher@315m, support=728, peak=None) 
imw-dad-roma: Processing pair 15 from disk...
imw-dad-roma: 3 match-sets in 1.91s
[Coarse] imw-dad-roma pair 16: dE=-17976.2 m dN=-139.2 m (matcher@315m, support=747, peak=None) 
imw-dad-roma: Processing pair 16 from disk...
imw-dad-roma: 2 match-sets in 1.32s
[Coarse] imw-dad-roma pair 17: dE=-17981.7 m dN=-147.6 m (matcher@315m, support=822, peak=None) 
imw-dad-roma: Processing pair 17 from disk...
imw-dad-roma: 2 match-sets in 1.33s
[Coarse] imw-dad-roma pair 18: dE=-17917.6 m dN=-188.9 m (from-pair-15 (phasecorr disagreed), support=None, peak=0.06863816733713503) 
imw-dad-roma: Processing pair 18 from disk...
imw-dad-roma: 0 match-sets in 0.00s
[Coarse] imw-dad-roma pair 19: dE=-17917.6 m dN=-188.9 m (from-pair-15 (phasecorr disagreed), support=None, peak=0.15104582491848204) 
imw-dad-roma: Processing pair 19 from disk...
imw-dad-roma: 0 match-sets in 0.00s
[Coarse] imw-dad-roma pair 20: dE=-17917.6 m dN=-188.9 m (from-pair-19, support=None, peak=None) 
imw-dad-roma: Processing pair 20 from disk...
imw-dad-roma: 0 match-sets in 0.00s
[Coarse] imw-dad-roma pair 21: dE=-17917.6 m dN=-188.9 m (from-pair-15 (phasecorr disagreed), support=None, peak=0.036990950946454645) 
imw-dad-roma: Processing pair 21 from disk...
imw-dad-roma: 0 match-sets in 0.00s
[Coarse] imw-dad-roma pair 22: dE=-17882.3 m dN=-311.5 m (phasecorr@315m, support=None, peak=0.12721613845825194) 
imw-dad-roma: Processing pair 22 from disk...
imw-dad-roma: 4 match-sets in 8.13s
[Coarse] imw-dad-roma pair 23: dE=-17911.9 m dN=-326.6 m (phasecorr@315m, support=None, peak=0.12881409482955933) 
imw-dad-roma: Processing pair 23 from disk...
imw-dad-roma: 4 match-sets in 2.23s
[Coarse] imw-dad-roma pair 24: dE=-17928.8 m dN=-415.6 m (phasecorr@315m, support=None, peak=0.035175936365127565) 
imw-dad-roma: Processing pair 24 from disk...
imw-dad-roma: 4 match-sets in 2.20s
[Coarse] imw-dad-roma pair 25: dE=-17844.2 m dN=-348.0 m (phasecorr@315m, support=None, peak=0.15328786741892497) 
imw-dad-roma: Processing pair 25 from disk...
imw-dad-roma: 4 match-sets in 2.21s
[Coarse] imw-dad-roma pair 26: dE=-17981.7 m dN=-147.6 m (from-pair-27, support=None, peak=None) 
imw-dad-roma: Processing pair 26 from disk...
imw-dad-roma: 2 match-sets in 3.79s
[Coarse] imw-dad-roma pair 27: dE=-17981.7 m dN=-147.6 m (from-pair-17 (phasecorr disagreed), support=None, peak=0.05064041456057702) 
imw-dad-roma: Processing pair 27 from disk...
imw-dad-roma: 2 match-sets in 1.18s
Saved:
 CHIP_STATS_ALL.csv
 CHIP_STATS_SURVIVORS.csv
 CONSENSUS_SCORES.csv
 BEST_CHIP_SET.csv
 BEST_CHIP_MANIFEST.csv
 BEST_FINAL_SUMMARY.csv
[band1] imw-dad-roma ok in 3.0 min, peak GPU memory 33.9 of 39.4 GB
[imw-dad-roma] Model unloaded.
--------------------------------------------------------------------------------
[band1] Running imw-rdd-dense
[imw-rdd-dense] Loading model...
config {'activation': 'relu', 'block_dims': [8, 16, 32, 64], 'd_model': 256, 'detection_threshold': 0.1, 'device': device(type='cuda'), 'dim_feedforward': 1024, 'dropout': 0.1, 'enc_n_points': 8, 'hidden_dim': 256, 'lr_backbone': 2e-05, 'nhead': 8, 'num_encoder_layers': 4, 'num_feature_levels': 5, 'top_k': 4096, 'train_detector': False, 'weights': '/maintenance/ICIGDev/GPUPOC/input/dqe/imw_runtime/imw_cache/huggingface/hub/models--Realcat--imcui_checkpoints/snapshots/e72b489e927e7a8202f505c1b4db1474fd22b8b7/rdd/RDD-v2.pth'}
[Coarse] pair 3: no reliable coarse offset (matcher: no matches; phasecorr: {'dx': -16147.443677524008, 'dy': -26751.975000537102, 'support': None, 'n': None, 'peak': 0.00032880983234923565}); windows compared in place
[Coarse] pair 4: no reliable coarse offset (matcher: no matches; phasecorr: {'dx': 12882.472481301173, 'dy': 92621.70938170607, 'support': None, 'n': None, 'peak': -0.00012715039429841217}); windows compared in place
[Coarse] pair 5: no reliable coarse offset (matcher: no matches; phasecorr: {'dx': 3156.3479216096807, 'dy': 18300.67805989782, 'support': None, 'n': None, 'peak': 0.020832994549224774}); windows compared in place
[Coarse] pair 6: no reliable coarse offset (matcher: no matches; phasecorr: {'dx': -15852.800158210905, 'dy': 18737.59796077822, 'support': None, 'n': None, 'peak': -0.0027571213742097218}); windows compared in place
[Coarse] pair 7: no reliable coarse offset (matcher: no matches; phasecorr: {'dx': -17660.72648465004, 'dy': -478.5174601560547, 'support': None, 'n': None, 'peak': 0.0218074359204816}); windows compared in place
[Coarse] pair 8: no reliable coarse offset (matcher: no matches; phasecorr: {'dx': -18002.059573769864, 'dy': -489.60497923140906, 'support': None, 'n': None, 'peak': 0.011968647486368816}); windows compared in place
[Coarse] pair 11: no reliable coarse offset (matcher: no matches; phasecorr: {'dx': -18107.733154651494, 'dy': -332.5590928480355, 'support': None, 'n': None, 'peak': 0.020898853179031604}); windows compared in place
[Coarse] pair 20: no reliable coarse offset (matcher: RuntimeError: selected index k out of range; phasecorr: {'dx': -28903.23193639674, 'dy': -12953.216285335406, 'support': None, 'n': None, 'peak': 0.008737401829825507}); windows compared in place
[Coarse] pair 26: no reliable coarse offset (matcher: no matches; phasecorr: {'dx': -96306.08142606622, 'dy': -17142.367293993742, 'support': None, 'n': None, 'peak': 0.02253384519977334}); windows compared in place
[Coarse] pair 2: phase correlation gave dE=-8934 m dN=5487 m, 10.5 km from every offset the matcher measured; using pair 14's (dE=-17864 m dN=-113 m)
[Coarse] pair 10: phase correlation gave dE=43169 m dN=-4147 m, 61.1 km from every offset the matcher measured; using pair 14's (dE=-17864 m dN=-113 m)
[Coarse] pair 12: phase correlation gave dE=-1877 m dN=10017 m, 18.9 km from every offset the matcher measured; using pair 14's (dE=-17864 m dN=-113 m)
[Coarse] pair 13: phase correlation gave dE=7584 m dN=8567 m, 26.9 km from every offset the matcher measured; using pair 14's (dE=-17864 m dN=-113 m)
[Coarse] pair 18: phase correlation gave dE=744 m dN=-16615 m, 24.7 km from every offset the matcher measured; using pair 25's (dE=-17909 m dN=-258 m)
[Coarse] pair 19: phase correlation gave dE=11920 m dN=-17918 m, 34.6 km from every offset the matcher measured; using pair 25's (dE=-17909 m dN=-258 m)
[Coarse] pair 21: phase correlation gave dE=-11414 m dN=-17047 m, 17.9 km from every offset the matcher measured; using pair 25's (dE=-17909 m dN=-258 m)
[Coarse] pair 27: phase correlation gave dE=-97898 m dN=-6012 m, 80.1 km from every offset the matcher measured; using pair 23's (dE=-17822 m dN=-229 m)
[Coarse] imw-rdd-dense pair 1: dE=-18062.2 m dN=-904.8 m (phasecorr@315m, support=None, peak=0.03257782713572184) 
imw-rdd-dense: Processing pair 1 from disk...
imw-rdd-dense: 0 match-sets in 0.14s
[Coarse] imw-rdd-dense pair 2: dE=-17863.7 m dN=-113.3 m (from-pair-14 (phasecorr disagreed), support=None, peak=0.03413578109976686) 
imw-rdd-dense: Processing pair 2 from disk...
imw-rdd-dense: 0 match-sets in 0.12s
[Coarse] imw-rdd-dense pair 3: dE=-18062.2 m dN=-904.8 m (from-pair-1, support=None, peak=None) 
imw-rdd-dense: Processing pair 3 from disk...
imw-rdd-dense: 0 match-sets in 0.12s
[Coarse] imw-rdd-dense pair 4: dE=-17863.7 m dN=-113.3 m (from-pair-2, support=None, peak=None) 
imw-rdd-dense: Processing pair 4 from disk...
imw-rdd-dense: 1 match-sets in 0.15s
[Coarse] imw-rdd-dense pair 5: dE=-17863.7 m dN=-113.3 m (from-pair-2, support=None, peak=None) 
imw-rdd-dense: Processing pair 5 from disk...
imw-rdd-dense: 0 match-sets in 0.14s
[Coarse] imw-rdd-dense pair 6: dE=-17863.7 m dN=-113.3 m (from-pair-2, support=None, peak=None) 
imw-rdd-dense: Processing pair 6 from disk...
imw-rdd-dense: 0 match-sets in 0.14s
[Coarse] imw-rdd-dense pair 7: dE=-17790.5 m dN=-428.0 m (from-pair-9, support=None, peak=None) 
imw-rdd-dense: Processing pair 7 from disk...
imw-rdd-dense: 0 match-sets in 1.14s
[Coarse] imw-rdd-dense pair 8: dE=-17790.5 m dN=-428.0 m (from-pair-9, support=None, peak=None) 
imw-rdd-dense: Processing pair 8 from disk...
imw-rdd-dense: 0 match-sets in 0.51s
[Coarse] imw-rdd-dense pair 9: dE=-17790.5 m dN=-428.0 m (phasecorr@315m, support=None, peak=0.031066529352914596) 
imw-rdd-dense: Processing pair 9 from disk...
imw-rdd-dense: 0 match-sets in 0.49s
[Coarse] imw-rdd-dense pair 10: dE=-17863.7 m dN=-113.3 m (from-pair-14 (phasecorr disagreed), support=None, peak=0.04791493653487985) 
imw-rdd-dense: Processing pair 10 from disk...
imw-rdd-dense: 0 match-sets in 0.37s
[Coarse] imw-rdd-dense pair 11: dE=-17863.7 m dN=-113.3 m (from-pair-10, support=None, peak=None) 
imw-rdd-dense: Processing pair 11 from disk...
imw-rdd-dense: 1 match-sets in 0.37s
[Coarse] imw-rdd-dense pair 12: dE=-17863.7 m dN=-113.3 m (from-pair-14 (phasecorr disagreed), support=None, peak=0.1047012765466431) 
imw-rdd-dense: Processing pair 12 from disk...
imw-rdd-dense: 0 match-sets in 0.00s
[Coarse] imw-rdd-dense pair 13: dE=-17863.7 m dN=-113.3 m (from-pair-14 (phasecorr disagreed), support=None, peak=0.09384612739086151) 
imw-rdd-dense: Processing pair 13 from disk...
imw-rdd-dense: 0 match-sets in 0.00s
[Coarse] imw-rdd-dense pair 14: dE=-17863.7 m dN=-113.3 m (matcher@315m, support=100, peak=None) 
imw-rdd-dense: Processing pair 14 from disk...
imw-rdd-dense: 1 match-sets in 0.59s
[Coarse] imw-rdd-dense pair 15: dE=-17902.5 m dN=-269.9 m (matcher@315m, support=258, peak=None) 
imw-rdd-dense: Processing pair 15 from disk...
imw-rdd-dense: 1 match-sets in 0.60s
[Coarse] imw-rdd-dense pair 16: dE=-17974.4 m dN=-374.6 m (matcher@315m, support=147, peak=None) 
imw-rdd-dense: Processing pair 16 from disk...
imw-rdd-dense: 2 match-sets in 0.44s
[Coarse] imw-rdd-dense pair 17: dE=-17997.8 m dN=-363.2 m (matcher@315m, support=285, peak=None) 
imw-rdd-dense: Processing pair 17 from disk...
imw-rdd-dense: 2 match-sets in 0.45s
[Coarse] imw-rdd-dense pair 18: dE=-17908.5 m dN=-257.6 m (from-pair-25 (phasecorr disagreed), support=None, peak=0.06863816733713503) 
imw-rdd-dense: Processing pair 18 from disk...
imw-rdd-dense: 0 match-sets in 0.00s
[Coarse] imw-rdd-dense pair 19: dE=-17908.5 m dN=-257.6 m (from-pair-25 (phasecorr disagreed), support=None, peak=0.15104582491848204) 
imw-rdd-dense: Processing pair 19 from disk...
imw-rdd-dense: 0 match-sets in 0.00s
[Coarse] imw-rdd-dense pair 20: dE=-17908.5 m dN=-257.6 m (from-pair-19, support=None, peak=None) 
imw-rdd-dense: Processing pair 20 from disk...
imw-rdd-dense: 0 match-sets in 0.00s
[Coarse] imw-rdd-dense pair 21: dE=-17908.5 m dN=-257.6 m (from-pair-25 (phasecorr disagreed), support=None, peak=0.036990950946454645) 
imw-rdd-dense: Processing pair 21 from disk...
imw-rdd-dense: 0 match-sets in 0.00s
[Coarse] imw-rdd-dense pair 22: dE=-17782.0 m dN=-243.8 m (matcher@315m, support=12, peak=None) 
imw-rdd-dense: Processing pair 22 from disk...
[imw-rdd-dense/internal] window (384,384) error: RuntimeError: selected index k out of range
imw-rdd-dense: 1 match-sets in 0.60s
[Coarse] imw-rdd-dense pair 23: dE=-17821.7 m dN=-229.2 m (matcher@315m, support=20, peak=None) 
imw-rdd-dense: Processing pair 23 from disk...
[imw-rdd-dense/internal] window (384,384) error: RuntimeError: selected index k out of range
imw-rdd-dense: 1 match-sets in 0.58s
[Coarse] imw-rdd-dense pair 24: dE=-17868.7 m dN=-215.6 m (matcher@315m, support=49, peak=None) 
imw-rdd-dense: Processing pair 24 from disk...
[imw-rdd-dense/internal] window (384,384) error: RuntimeError: selected index k out of range
imw-rdd-dense: 2 match-sets in 0.60s
[Coarse] imw-rdd-dense pair 25: dE=-17908.5 m dN=-257.6 m (matcher@315m, support=39, peak=None) 
imw-rdd-dense: Processing pair 25 from disk...
[imw-rdd-dense/internal] window (384,384) error: RuntimeError: selected index k out of range
imw-rdd-dense: 2 match-sets in 0.60s
[Coarse] imw-rdd-dense pair 26: dE=-17821.7 m dN=-229.2 m (from-pair-27, support=None, peak=None) 
imw-rdd-dense: Processing pair 26 from disk...
imw-rdd-dense: 0 match-sets in 0.30s
[Coarse] imw-rdd-dense pair 27: dE=-17821.7 m dN=-229.2 m (from-pair-23 (phasecorr disagreed), support=None, peak=0.05064041456057702) 
imw-rdd-dense: Processing pair 27 from disk...
imw-rdd-dense: 0 match-sets in 0.30s
Saved:
 CHIP_STATS_ALL.csv
 CHIP_STATS_SURVIVORS.csv
 CONSENSUS_SCORES.csv
 BEST_CHIP_SET.csv
 BEST_CHIP_MANIFEST.csv
 BEST_FINAL_SUMMARY.csv
[band1] imw-rdd-dense ok in 0.3 min, peak GPU memory 8.7 of 39.4 GB
[imw-rdd-dense] Model unloaded.
--------------------------------------------------------------------------------
[band1] Running imw-xfeat-lg
[imw-xfeat-lg] Loading model...
Using cache found in /maintenance/ICIGDev/GPUPOC/input/dqe/imw_runtime/imw_cache/torch/hub/verlab_accelerated_features_main
Loaded LightGlue model
[Coarse] pair 6: no reliable coarse offset (matcher: no matches; phasecorr: {'dx': -15852.800158210905, 'dy': 18737.59796077822, 'support': None, 'n': None, 'peak': -0.0027571213742097218}); windows compared in place
[Coarse] pair 7: no reliable coarse offset (matcher: no matches; phasecorr: {'dx': -17660.72648465004, 'dy': -478.5174601560547, 'support': None, 'n': None, 'peak': 0.0218074359204816}); windows compared in place
[Coarse] pair 8: no reliable coarse offset (matcher: no matches; phasecorr: {'dx': -18002.059573769864, 'dy': -489.60497923140906, 'support': None, 'n': None, 'peak': 0.011968647486368816}); windows compared in place
[Coarse] pair 20: no reliable coarse offset (matcher: no matches; phasecorr: {'dx': -28903.23193639674, 'dy': -12953.216285335406, 'support': None, 'n': None, 'peak': 0.008737401829825507}); windows compared in place
[Coarse] pair 26: no reliable coarse offset (matcher: no matches; phasecorr: {'dx': -96306.08142606622, 'dy': -17142.367293993742, 'support': None, 'n': None, 'peak': 0.02253384519977334}); windows compared in place
[Coarse] pair 10: phase correlation gave dE=43169 m dN=-4147 m, 60.9 km from every offset the matcher measured; using pair 11's (dE=-18270 m dN=0 m)
[Coarse] pair 12: phase correlation gave dE=-1877 m dN=10017 m, 18.7 km from every offset the matcher measured; using pair 11's (dE=-18270 m dN=0 m)
[Coarse] pair 13: phase correlation gave dE=7584 m dN=8567 m, 26.6 km from every offset the matcher measured; using pair 11's (dE=-18270 m dN=0 m)
[Coarse] pair 18: phase correlation gave dE=744 m dN=-16615 m, 24.6 km from every offset the matcher measured; using pair 25's (dE=-17955 m dN=-315 m)
[Coarse] pair 19: phase correlation gave dE=11920 m dN=-17918 m, 34.4 km from every offset the matcher measured; using pair 25's (dE=-17955 m dN=-315 m)
[Coarse] pair 21: phase correlation gave dE=-11414 m dN=-17047 m, 17.7 km from every offset the matcher measured; using pair 25's (dE=-17955 m dN=-315 m)
[Coarse] pair 27: phase correlation gave dE=-97898 m dN=-6012 m, 78.0 km from every offset the matcher measured; using pair 23's (dE=-17640 m dN=-315 m)
[Coarse] imw-xfeat-lg pair 1: dE=-18270.0 m dN=-630.0 m (matcher@315m, support=90, peak=None) 
imw-xfeat-lg: Processing pair 1 from disk...
imw-xfeat-lg: 1 match-sets in 0.12s
[Coarse] imw-xfeat-lg pair 2: dE=-17955.0 m dN=-630.0 m (matcher@315m, support=83, peak=None) 
imw-xfeat-lg: Processing pair 2 from disk...
imw-xfeat-lg: 1 match-sets in 0.07s
[Coarse] imw-xfeat-lg pair 3: dE=-20160.0 m dN=945.0 m (matcher@315m, support=10, peak=None) 
imw-xfeat-lg: Processing pair 3 from disk...
imw-xfeat-lg: 1 match-sets in 0.07s
[Coarse] imw-xfeat-lg pair 4: dE=-17640.0 m dN=0.0 m (matcher@315m, support=11, peak=None) 
imw-xfeat-lg: Processing pair 4 from disk...
imw-xfeat-lg: 1 match-sets in 0.18s
[Coarse] imw-xfeat-lg pair 5: dE=-17955.0 m dN=0.0 m (matcher@315m, support=68, peak=None) 
imw-xfeat-lg: Processing pair 5 from disk...
imw-xfeat-lg: 1 match-sets in 0.13s
[Coarse] imw-xfeat-lg pair 6: dE=-17955.0 m dN=0.0 m (from-pair-5, support=None, peak=None) 
imw-xfeat-lg: Processing pair 6 from disk...
imw-xfeat-lg: 0 match-sets in 0.07s
[Coarse] imw-xfeat-lg pair 7: dE=-17790.5 m dN=-428.0 m (from-pair-9, support=None, peak=None) 
imw-xfeat-lg: Processing pair 7 from disk...
imw-xfeat-lg: 2 match-sets in 0.54s
[Coarse] imw-xfeat-lg pair 8: dE=-17790.5 m dN=-428.0 m (from-pair-9, support=None, peak=None) 
imw-xfeat-lg: Processing pair 8 from disk...
imw-xfeat-lg: 2 match-sets in 0.32s
[Coarse] imw-xfeat-lg pair 9: dE=-17790.5 m dN=-428.0 m (phasecorr@315m, support=None, peak=0.031066529352914596) 
imw-xfeat-lg: Processing pair 9 from disk...
imw-xfeat-lg: 3 match-sets in 0.33s
[Coarse] imw-xfeat-lg pair 10: dE=-18270.0 m dN=0.0 m (from-pair-11 (phasecorr disagreed), support=None, peak=0.04791493653487985) 
imw-xfeat-lg: Processing pair 10 from disk...
imw-xfeat-lg: 2 match-sets in 0.38s
[Coarse] imw-xfeat-lg pair 11: dE=-18270.0 m dN=0.0 m (matcher@315m, support=17, peak=None) 
imw-xfeat-lg: Processing pair 11 from disk...
imw-xfeat-lg: 2 match-sets in 0.22s
[Coarse] imw-xfeat-lg pair 12: dE=-18270.0 m dN=0.0 m (from-pair-11 (phasecorr disagreed), support=None, peak=0.1047012765466431) 
imw-xfeat-lg: Processing pair 12 from disk...
imw-xfeat-lg: 0 match-sets in 0.00s
[Coarse] imw-xfeat-lg pair 13: dE=-18270.0 m dN=0.0 m (from-pair-11 (phasecorr disagreed), support=None, peak=0.09384612739086151) 
imw-xfeat-lg: Processing pair 13 from disk...
imw-xfeat-lg: 0 match-sets in 0.00s
[Coarse] imw-xfeat-lg pair 14: dE=-17955.0 m dN=-315.0 m (matcher@315m, support=401, peak=None) 
imw-xfeat-lg: Processing pair 14 from disk...
imw-xfeat-lg: 2 match-sets in 0.41s
[Coarse] imw-xfeat-lg pair 15: dE=-17955.0 m dN=-315.0 m (matcher@315m, support=823, peak=None) 
imw-xfeat-lg: Processing pair 15 from disk...
imw-xfeat-lg: 2 match-sets in 0.25s
[Coarse] imw-xfeat-lg pair 16: dE=-17955.0 m dN=-315.0 m (matcher@315m, support=714, peak=None) 
imw-xfeat-lg: Processing pair 16 from disk...
imw-xfeat-lg: 2 match-sets in 0.23s
[Coarse] imw-xfeat-lg pair 17: dE=-17955.0 m dN=-315.0 m (matcher@315m, support=887, peak=None) 
imw-xfeat-lg: Processing pair 17 from disk...
imw-xfeat-lg: 2 match-sets in 0.24s
[Coarse] imw-xfeat-lg pair 18: dE=-17955.0 m dN=-315.0 m (from-pair-25 (phasecorr disagreed), support=None, peak=0.06863816733713503) 
imw-xfeat-lg: Processing pair 18 from disk...
imw-xfeat-lg: 0 match-sets in 0.00s
[Coarse] imw-xfeat-lg pair 19: dE=-17955.0 m dN=-315.0 m (from-pair-25 (phasecorr disagreed), support=None, peak=0.15104582491848204) 
imw-xfeat-lg: Processing pair 19 from disk...
imw-xfeat-lg: 0 match-sets in 0.00s
[Coarse] imw-xfeat-lg pair 20: dE=-17955.0 m dN=-315.0 m (from-pair-19, support=None, peak=None) 
imw-xfeat-lg: Processing pair 20 from disk...
imw-xfeat-lg: 0 match-sets in 0.00s
[Coarse] imw-xfeat-lg pair 21: dE=-17955.0 m dN=-315.0 m (from-pair-25 (phasecorr disagreed), support=None, peak=0.036990950946454645) 
imw-xfeat-lg: Processing pair 21 from disk...
imw-xfeat-lg: 0 match-sets in 0.00s
[Coarse] imw-xfeat-lg pair 22: dE=-17640.0 m dN=-315.0 m (matcher@315m, support=390, peak=None) 
imw-xfeat-lg: Processing pair 22 from disk...
imw-xfeat-lg: 3 match-sets in 0.44s
[Coarse] imw-xfeat-lg pair 23: dE=-17640.0 m dN=-315.0 m (matcher@315m, support=387, peak=None) 
imw-xfeat-lg: Processing pair 23 from disk...
imw-xfeat-lg: 2 match-sets in 0.28s
[Coarse] imw-xfeat-lg pair 24: dE=-17955.0 m dN=-315.0 m (matcher@315m, support=334, peak=None) 
imw-xfeat-lg: Processing pair 24 from disk...
imw-xfeat-lg: 3 match-sets in 0.25s
[Coarse] imw-xfeat-lg pair 25: dE=-17955.0 m dN=-315.0 m (matcher@315m, support=484, peak=None) 
imw-xfeat-lg: Processing pair 25 from disk...
imw-xfeat-lg: 3 match-sets in 0.25s
[Coarse] imw-xfeat-lg pair 26: dE=-17640.0 m dN=-315.0 m (from-pair-27, support=None, peak=None) 
imw-xfeat-lg: Processing pair 26 from disk...
imw-xfeat-lg: 1 match-sets in 0.21s
[Coarse] imw-xfeat-lg pair 27: dE=-17640.0 m dN=-315.0 m (from-pair-23 (phasecorr disagreed), support=None, peak=0.05064041456057702) 
imw-xfeat-lg: Processing pair 27 from disk...
imw-xfeat-lg: 2 match-sets in 0.16s
Saved:
 CHIP_STATS_ALL.csv
 CHIP_STATS_SURVIVORS.csv
 CONSENSUS_SCORES.csv
 BEST_CHIP_SET.csv
 BEST_CHIP_MANIFEST.csv
 BEST_FINAL_SUMMARY.csv
[band1] imw-xfeat-lg ok in 0.2 min, peak GPU memory 0.6 of 39.4 GB
[imw-xfeat-lg] Model unloaded.
--------------------------------------------------------------------------------
[band1] Running imw-xfeat-dense
[imw-xfeat-dense] Loading model...
Using cache found in /maintenance/ICIGDev/GPUPOC/input/dqe/imw_runtime/imw_cache/torch/hub/verlab_accelerated_features_main
[Coarse] pair 6: no reliable coarse offset (matcher: no matches; phasecorr: {'dx': -15852.800158210905, 'dy': 18737.59796077822, 'support': None, 'n': None, 'peak': -0.0027571213742097218}); windows compared in place
[Coarse] pair 11: no reliable coarse offset (matcher: {'dx': -19067.548027038574, 'dy': 40.526161193847656, 'support': 2, 'n': 4, 'peak': None}; phasecorr: {'dx': -18107.733154651494, 'dy': -332.5590928480355, 'support': None, 'n': None, 'peak': 0.020898853179031604}); windows compared in place
[Coarse] pair 20: no reliable coarse offset (matcher: no matches; phasecorr: {'dx': -28903.23193639674, 'dy': -12953.216285335406, 'support': None, 'n': None, 'peak': 0.008737401829825507}); windows compared in place
[Coarse] pair 26: no reliable coarse offset (matcher: no matches; phasecorr: {'dx': -96306.08142606622, 'dy': -17142.367293993742, 'support': None, 'n': None, 'peak': 0.02253384519977334}); windows compared in place
[Coarse] pair 10: phase correlation gave dE=43169 m dN=-4147 m, 61.2 km from every offset the matcher measured; using pair 8's (dE=-17905 m dN=118 m)
[Coarse] pair 12: phase correlation gave dE=-1877 m dN=10017 m, 18.8 km from every offset the matcher measured; using pair 8's (dE=-17905 m dN=118 m)
[Coarse] pair 13: phase correlation gave dE=7584 m dN=8567 m, 26.9 km from every offset the matcher measured; using pair 8's (dE=-17905 m dN=118 m)
[Coarse] pair 18: phase correlation gave dE=744 m dN=-16615 m, 24.7 km from every offset the matcher measured; using pair 25's (dE=-18081 m dN=-352 m)
[Coarse] pair 19: phase correlation gave dE=11920 m dN=-17918 m, 34.6 km from every offset the matcher measured; using pair 25's (dE=-18081 m dN=-352 m)
[Coarse] pair 21: phase correlation gave dE=-11414 m dN=-17047 m, 17.9 km from every offset the matcher measured; using pair 25's (dE=-18081 m dN=-352 m)
[Coarse] pair 27: phase correlation gave dE=-97898 m dN=-6012 m, 79.6 km from every offset the matcher measured; using pair 23's (dE=-18058 m dN=-427 m)
[Coarse] imw-xfeat-dense pair 1: dE=-18338.9 m dN=-352.5 m (matcher@315m, support=45, peak=None) 
imw-xfeat-dense: Processing pair 1 from disk...
imw-xfeat-dense: 1 match-sets in 0.12s
[Coarse] imw-xfeat-dense pair 2: dE=-18220.7 m dN=257.5 m (matcher@315m, support=18, peak=None) 
imw-xfeat-dense: Processing pair 2 from disk...
imw-xfeat-dense: 1 match-sets in 0.06s
[Coarse] imw-xfeat-dense pair 3: dE=-18291.4 m dN=-533.6 m (matcher@315m, support=11, peak=None) 
imw-xfeat-dense: Processing pair 3 from disk...
imw-xfeat-dense: 1 match-sets in 0.06s
[Coarse] imw-xfeat-dense pair 4: dE=-18490.1 m dN=45.9 m (matcher@315m, support=8, peak=None) 
imw-xfeat-dense: Processing pair 4 from disk...
imw-xfeat-dense: 1 match-sets in 0.25s
[Coarse] imw-xfeat-dense pair 5: dE=-18497.4 m dN=32.1 m (matcher@315m, support=10, peak=None) 
imw-xfeat-dense: Processing pair 5 from disk...
imw-xfeat-dense: 1 match-sets in 0.13s
[Coarse] imw-xfeat-dense pair 6: dE=-18497.4 m dN=32.1 m (from-pair-5, support=None, peak=None) 
imw-xfeat-dense: Processing pair 6 from disk...
imw-xfeat-dense: 0 match-sets in 0.06s
[Coarse] imw-xfeat-dense pair 7: dE=-18153.3 m dN=-167.7 m (matcher@315m, support=44, peak=None) 
imw-xfeat-dense: Processing pair 7 from disk...
imw-xfeat-dense: 3 match-sets in 0.82s
[Coarse] imw-xfeat-dense pair 8: dE=-17904.9 m dN=118.5 m (matcher@315m, support=8, peak=None) 
imw-xfeat-dense: Processing pair 8 from disk...
imw-xfeat-dense: 2 match-sets in 0.37s
[Coarse] imw-xfeat-dense pair 9: dE=-17790.5 m dN=-428.0 m (phasecorr@315m, support=None, peak=0.031066529352914596) 
imw-xfeat-dense: Processing pair 9 from disk...
imw-xfeat-dense: 2 match-sets in 0.20s
[Coarse] imw-xfeat-dense pair 10: dE=-17904.9 m dN=118.5 m (from-pair-8 (phasecorr disagreed), support=None, peak=0.04791493653487985) 
imw-xfeat-dense: Processing pair 10 from disk...
imw-xfeat-dense: 2 match-sets in 0.52s
[Coarse] imw-xfeat-dense pair 11: dE=-17904.9 m dN=118.5 m (from-pair-10, support=None, peak=None) 
imw-xfeat-dense: Processing pair 11 from disk...
imw-xfeat-dense: 2 match-sets in 0.22s
[Coarse] imw-xfeat-dense pair 12: dE=-17904.9 m dN=118.5 m (from-pair-8 (phasecorr disagreed), support=None, peak=0.1047012765466431) 
imw-xfeat-dense: Processing pair 12 from disk...
imw-xfeat-dense: 0 match-sets in 0.00s
[Coarse] imw-xfeat-dense pair 13: dE=-17904.9 m dN=118.5 m (from-pair-8 (phasecorr disagreed), support=None, peak=0.09384612739086151) 
imw-xfeat-dense: Processing pair 13 from disk...
imw-xfeat-dense: 0 match-sets in 0.00s
[Coarse] imw-xfeat-dense pair 14: dE=-18151.6 m dN=318.6 m (matcher@315m, support=98, peak=None) 
imw-xfeat-dense: Processing pair 14 from disk...
imw-xfeat-dense: 3 match-sets in 0.46s
[Coarse] imw-xfeat-dense pair 15: dE=-18218.3 m dN=304.4 m (matcher@315m, support=251, peak=None) 
imw-xfeat-dense: Processing pair 15 from disk...
imw-xfeat-dense: 3 match-sets in 0.24s
[Coarse] imw-xfeat-dense pair 16: dE=-18293.5 m dN=-59.1 m (matcher@315m, support=162, peak=None) 
imw-xfeat-dense: Processing pair 16 from disk...
imw-xfeat-dense: 2 match-sets in 0.19s
[Coarse] imw-xfeat-dense pair 17: dE=-18314.1 m dN=-22.0 m (matcher@315m, support=311, peak=None) 
imw-xfeat-dense: Processing pair 17 from disk...
imw-xfeat-dense: 2 match-sets in 0.20s
[Coarse] imw-xfeat-dense pair 18: dE=-18080.8 m dN=-351.8 m (from-pair-25 (phasecorr disagreed), support=None, peak=0.06863816733713503) 
imw-xfeat-dense: Processing pair 18 from disk...
imw-xfeat-dense: 0 match-sets in 0.00s
[Coarse] imw-xfeat-dense pair 19: dE=-18080.8 m dN=-351.8 m (from-pair-25 (phasecorr disagreed), support=None, peak=0.15104582491848204) 
imw-xfeat-dense: Processing pair 19 from disk...
imw-xfeat-dense: 0 match-sets in 0.00s
[Coarse] imw-xfeat-dense pair 20: dE=-18080.8 m dN=-351.8 m (from-pair-19, support=None, peak=None) 
imw-xfeat-dense: Processing pair 20 from disk...
imw-xfeat-dense: 0 match-sets in 0.00s
[Coarse] imw-xfeat-dense pair 21: dE=-18080.8 m dN=-351.8 m (from-pair-25 (phasecorr disagreed), support=None, peak=0.036990950946454645) 
imw-xfeat-dense: Processing pair 21 from disk...
imw-xfeat-dense: 0 match-sets in 0.00s
[Coarse] imw-xfeat-dense pair 22: dE=-17958.2 m dN=-406.3 m (matcher@315m, support=36, peak=None) 
imw-xfeat-dense: Processing pair 22 from disk...
imw-xfeat-dense: 4 match-sets in 0.46s
[Coarse] imw-xfeat-dense pair 23: dE=-18058.0 m dN=-427.1 m (matcher@315m, support=27, peak=None) 
imw-xfeat-dense: Processing pair 23 from disk...
imw-xfeat-dense: 2 match-sets in 0.22s
[Coarse] imw-xfeat-dense pair 24: dE=-18167.1 m dN=-377.5 m (matcher@315m, support=31, peak=None) 
imw-xfeat-dense: Processing pair 24 from disk...
imw-xfeat-dense: 4 match-sets in 0.22s
[Coarse] imw-xfeat-dense pair 25: dE=-18080.8 m dN=-351.8 m (matcher@315m, support=50, peak=None) 
imw-xfeat-dense: Processing pair 25 from disk...
imw-xfeat-dense: 3 match-sets in 0.22s
[Coarse] imw-xfeat-dense pair 26: dE=-18058.0 m dN=-427.1 m (from-pair-27, support=None, peak=None) 
imw-xfeat-dense: Processing pair 26 from disk...
imw-xfeat-dense: 1 match-sets in 0.25s
[Coarse] imw-xfeat-dense pair 27: dE=-18058.0 m dN=-427.1 m (from-pair-23 (phasecorr disagreed), support=None, peak=0.05064041456057702) 
imw-xfeat-dense: Processing pair 27 from disk...
imw-xfeat-dense: 0 match-sets in 0.15s
Saved:
 CHIP_STATS_ALL.csv
 CHIP_STATS_SURVIVORS.csv
 CONSENSUS_SCORES.csv
 BEST_CHIP_SET.csv
 BEST_CHIP_MANIFEST.csv
 BEST_FINAL_SUMMARY.csv
[band1] imw-xfeat-dense ok in 0.2 min, peak GPU memory 2.2 of 39.4 GB
[imw-xfeat-dense] Model unloaded.
================================================================================
ALL CHANNELS COMPLETE
================================================================================
[Job] >>> win512_nfauto: window 512 px, 2359 keypoints per window (8999 per megapixel)
================================================================================
AUTOMATCH PIPELINE
================================================================================
              kind: raster
              name: cog
              path: /maintenance/ICIGDev/GPUPOC/input/dqe/g1a/267403461/input/cog.tif
          channels: ['band1', 'band2', 'band3']
       working_crs: PROJCS["unnamed",GEOGCS["WGS 84",DATUM["WGS_1984",SPHEROID["WGS 84",6378137,298.25722293287,AUTHORITY["EPSG","7030"]],AUTHORITY["EPSG","6326"]],PRIMEM["Greenwich",0],UNIT["degree",0.0174532925199433,AUTHORITY["EPSG","9122"]],AUTHORITY["EPSG","4326"]],PROJECTION["Lambert_Conformal_Conic_2SP"],PARAMETER["latitude_of_origin",15.383741091973],PARAMETER["central_meridian",74.7795684183937],PARAMETER["standard_parallel_1",15.7612595267751],PARAMETER["standard_parallel_2",15.0140763016093],PARAMETER["false_easting",0],PARAMETER["false_northing",0],UNIT["metre",1,AUTHORITY["EPSG","9001"]],AXIS["Easting",EAST],AXIS["Northing",NORTH]]
        source_crs: PROJCS["unnamed",GEOGCS["WGS 84",DATUM["WGS_1984",SPHEROID["WGS 84",6378137,298.25722293287,AUTHORITY["EPSG","7030"]],AUTHORITY["EPSG","6326"]],PRIMEM["Greenwich",0],UNIT["degree",0.0174532925199433,AUTHORITY["EPSG","9122"]],AUTHORITY["EPSG","4326"]],PROJECTION["Lambert_Conformal_Conic_2SP"],PARAMETER["latitude_of_origin",15.383741091973],PARAMETER["central_meridian",74.7795684183937],PARAMETER["standard_parallel_1",15.7612595267751],PARAMETER["standard_parallel_2",15.0140763016093],PARAMETER["false_easting",0],PARAMETER["false_northing",0],UNIT["metre",1,AUTHORITY["EPSG","9001"]],AXIS["Easting",EAST],AXIS["Northing",NORTH]]
        native_res: 315.0
 band_descriptions: {'band1': None, 'band2': None, 'band3': None}
      channels run: ['band1']
         detectors: ['sift', 'disk', 'dedode', 'keynet', 'dog', 'gftt', 'hessian', 'loftr', 'imw-sp-lg', 'imw-aliked-lg', 'imw-sp-sg', 'imw-sp-nn', 'imw-r2d2-nn', 'imw-rord-nn', 'imw-d2net-nn', 'imw-alike-nn', 'imw-sfd2-nn', 'imw-rdd-nn', 'imw-liftfeat-nn', 'imw-ripe-nn', 'imw-darkfeat-nn', 'imw-lanet-nn', 'imw-minima-loftr', 'imw-minima-roma', 'imw-xoftr', 'imw-omniglue', 'imw-gim-roma', 'imw-gim-dkm', 'imw-eloftr', 'imw-aspanformer', 'imw-topicfm', 'imw-roma', 'imw-dkm', 'imw-dad-roma', 'imw-rdd-dense', 'imw-xfeat-lg', 'imw-xfeat-dense']
--------------------------------------------------------------------------------
Running channel: band1
[Cache] All 27 pairs loaded from /maintenance/ICIGDev/GPUPOC/output/output335/_cache/cog/raster/band1_toL8Ref
--------------------------------------------------------------------------------
[band1] Running sift
SIFT: Initializing (rootsift=True, upright=True)...
sift: Initializing LightGlue {'filter_threshold': 0.1, 'depth_confidence': 0.95, 'width_confidence': 0.99}...
[LightGlue] kornia defaults put back (another model, e.g. imcui XFeat + LighterGlue, had replaced them)
Loaded LightGlue model
[Coarse] pair 3: no reliable coarse offset (matcher: {'dx': -18526.234375, 'dy': -580.8671875, 'support': 2, 'n': 3, 'peak': None}; phasecorr: {'dx': -16147.443677524008, 'dy': -26751.975000537102, 'support': None, 'n': None, 'peak': 0.00032880983234923565}); windows compared in place
[Coarse] pair 4: no reliable coarse offset (matcher: no matches; phasecorr: {'dx': 12882.472481301173, 'dy': 92621.70938170607, 'support': None, 'n': None, 'peak': -0.00012715039429841217}); windows compared in place
[Coarse] pair 5: no reliable coarse offset (matcher: no matches; phasecorr: {'dx': 3156.3479216096807, 'dy': 18300.67805989782, 'support': None, 'n': None, 'peak': 0.020832994549224774}); windows compared in place
[Coarse] pair 6: no reliable coarse offset (matcher: no matches; phasecorr: {'dx': -15852.800158210905, 'dy': 18737.59796077822, 'support': None, 'n': None, 'peak': -0.0027571213742097218}); windows compared in place
[Coarse] pair 11: no reliable coarse offset (matcher: {'dx': -18164.53125, 'dy': -86.15234375, 'support': 4, 'n': 4, 'peak': None}; phasecorr: {'dx': -18107.733154651494, 'dy': -332.5590928480355, 'support': None, 'n': None, 'peak': 0.020898853179031604}); windows compared in place
[Coarse] pair 20: no reliable coarse offset (matcher: no matches; phasecorr: {'dx': -28903.23193639674, 'dy': -12953.216285335406, 'support': None, 'n': None, 'peak': 0.008737401829825507}); windows compared in place
[Coarse] pair 26: no reliable coarse offset (matcher: no matches; phasecorr: {'dx': -96306.08142606622, 'dy': -17142.367293993742, 'support': None, 'n': None, 'peak': 0.02253384519977334}); windows compared in place
[Coarse] pair 2: phase correlation gave dE=-8934 m dN=5487 m, 10.5 km from every offset the matcher measured; using pair 9's (dE=-17876 m dN=-630 m)
[Coarse] pair 10: phase correlation gave dE=43169 m dN=-4147 m, 61.0 km from every offset the matcher measured; using pair 8's (dE=-17855 m dN=-483 m)
[Coarse] pair 12: phase correlation gave dE=-1877 m dN=10017 m, 18.9 km from every offset the matcher measured; using pair 8's (dE=-17855 m dN=-483 m)
[Coarse] pair 13: phase correlation gave dE=7584 m dN=8567 m, 26.8 km from every offset the matcher measured; using pair 8's (dE=-17855 m dN=-483 m)
[Coarse] pair 18: phase correlation gave dE=744 m dN=-16615 m, 24.5 km from every offset the matcher measured; using pair 25's (dE=-17862 m dN=-295 m)
[Coarse] pair 19: phase correlation gave dE=11920 m dN=-17918 m, 34.4 km from every offset the matcher measured; using pair 25's (dE=-17862 m dN=-295 m)
[Coarse] pair 21: phase correlation gave dE=-11414 m dN=-17047 m, 17.6 km from every offset the matcher measured; using pair 25's (dE=-17862 m dN=-295 m)
[Coarse] pair 27: phase correlation gave dE=-97898 m dN=-6012 m, 80.1 km from every offset the matcher measured; using pair 23's (dE=-17718 m dN=-263 m)
[Coarse] sift pair 1: dE=-18062.2 m dN=-904.8 m (phasecorr@315m, support=None, peak=0.03257782713572184) 
sift: Processing pair 1 from disk...
sift: 6 match-sets in 0.64s
[Coarse] sift pair 2: dE=-17876.4 m dN=-630.0 m (from-pair-9 (phasecorr disagreed), support=None, peak=0.03413578109976686) 
sift: Processing pair 2 from disk...
sift: 5 match-sets in 0.61s
[Coarse] sift pair 3: dE=-18062.2 m dN=-904.8 m (from-pair-1, support=None, peak=None) 
sift: Processing pair 3 from disk...
sift: 6 match-sets in 0.61s
[Coarse] sift pair 4: dE=-17876.4 m dN=-630.0 m (from-pair-2, support=None, peak=None) 
sift: Processing pair 4 from disk...
sift: 4 match-sets in 0.68s
[Coarse] sift pair 5: dE=-17876.4 m dN=-630.0 m (from-pair-2, support=None, peak=None) 
sift: Processing pair 5 from disk...
sift: 4 match-sets in 0.66s
[Coarse] sift pair 6: dE=-17876.4 m dN=-630.0 m (from-pair-2, support=None, peak=None) 
sift: Processing pair 6 from disk...
sift: 3 match-sets in 0.62s
[Coarse] sift pair 7: dE=-17887.6 m dN=-575.7 m (matcher@315m, support=12, peak=None) 
sift: Processing pair 7 from disk...
sift: 13 match-sets in 2.66s
[Coarse] sift pair 8: dE=-17854.9 m dN=-482.9 m (matcher@315m, support=8, peak=None) 
sift: Processing pair 8 from disk...
sift: 10 match-sets in 2.25s
[Coarse] sift pair 9: dE=-17876.4 m dN=-630.0 m (matcher@315m, support=10, peak=None) 
sift: Processing pair 9 from disk...
sift: 12 match-sets in 2.12s
[Coarse] sift pair 10: dE=-17854.9 m dN=-482.9 m (from-pair-8 (phasecorr disagreed), support=None, peak=0.04791493653487985) 
sift: Processing pair 10 from disk...
sift: 8 match-sets in 2.43s
[Coarse] sift pair 11: dE=-17854.9 m dN=-482.9 m (from-pair-10, support=None, peak=None) 
sift: Processing pair 11 from disk...
sift: 10 match-sets in 1.67s
[Coarse] sift pair 12: dE=-17854.9 m dN=-482.9 m (from-pair-8 (phasecorr disagreed), support=None, peak=0.1047012765466431) 
sift: Processing pair 12 from disk...
sift: 0 match-sets in 0.00s
[Coarse] sift pair 13: dE=-17854.9 m dN=-482.9 m (from-pair-8 (phasecorr disagreed), support=None, peak=0.09384612739086151) 
sift: Processing pair 13 from disk...
sift: 0 match-sets in 0.00s
[Coarse] sift pair 14: dE=-17912.1 m dN=-48.6 m (matcher@315m, support=61, peak=None) 
sift: Processing pair 14 from disk...
sift: 9 match-sets in 2.47s
[Coarse] sift pair 15: dE=-17955.0 m dN=-261.0 m (matcher@315m, support=64, peak=None) 
sift: Processing pair 15 from disk...
sift: 10 match-sets in 2.06s
[Coarse] sift pair 16: dE=-17955.0 m dN=-59.5 m (matcher@315m, support=115, peak=None) 
sift: Processing pair 16 from disk...
sift: 10 match-sets in 2.44s
[Coarse] sift pair 17: dE=-17955.0 m dN=-315.0 m (matcher@315m, support=229, peak=None) 
sift: Processing pair 17 from disk...
sift: 11 match-sets in 1.51s
[Coarse] sift pair 18: dE=-17862.3 m dN=-294.7 m (from-pair-25 (phasecorr disagreed), support=None, peak=0.06863816733713503) 
sift: Processing pair 18 from disk...
sift: 0 match-sets in 0.00s
[Coarse] sift pair 19: dE=-17862.3 m dN=-294.7 m (from-pair-25 (phasecorr disagreed), support=None, peak=0.15104582491848204) 
sift: Processing pair 19 from disk...
sift: 0 match-sets in 0.00s
[Coarse] sift pair 20: dE=-17862.3 m dN=-294.7 m (from-pair-19, support=None, peak=None) 
sift: Processing pair 20 from disk...
sift: 0 match-sets in 0.00s
[Coarse] sift pair 21: dE=-17862.3 m dN=-294.7 m (from-pair-25 (phasecorr disagreed), support=None, peak=0.036990950946454645) 
sift: Processing pair 21 from disk...
sift: 0 match-sets in 0.00s
[Coarse] sift pair 22: dE=-17794.7 m dN=-228.5 m (matcher@315m, support=52, peak=None) 
sift: Processing pair 22 from disk...
sift: 7 match-sets in 1.35s
[Coarse] sift pair 23: dE=-17717.9 m dN=-262.6 m (matcher@315m, support=57, peak=None) 
sift: Processing pair 23 from disk...
sift: 7 match-sets in 1.28s
[Coarse] sift pair 24: dE=-17796.6 m dN=-251.3 m (matcher@315m, support=70, peak=None) 
sift: Processing pair 24 from disk...
sift: 7 match-sets in 1.24s
[Coarse] sift pair 25: dE=-17862.3 m dN=-294.7 m (matcher@315m, support=80, peak=None) 
sift: Processing pair 25 from disk...
sift: 7 match-sets in 0.86s
[Coarse] sift pair 26: dE=-17717.9 m dN=-262.6 m (from-pair-27, support=None, peak=None) 
sift: Processing pair 26 from disk...
sift: 3 match-sets in 1.38s
[Coarse] sift pair 27: dE=-17717.9 m dN=-262.6 m (from-pair-23 (phasecorr disagreed), support=None, peak=0.05064041456057702) 
sift: Processing pair 27 from disk...
sift: 7 match-sets in 1.01s
Saved:
 CHIP_STATS_ALL.csv
 CHIP_STATS_SURVIVORS.csv
 CONSENSUS_SCORES.csv
 BEST_CHIP_SET.csv
 BEST_CHIP_MANIFEST.csv
 BEST_FINAL_SUMMARY.csv
[band1] sift ok in 0.9 min, peak GPU memory 1.7 of 39.4 GB
--------------------------------------------------------------------------------
[band1] Running disk_depth
DISK: Loading depth model...
disk: Initializing LightGlue {'filter_threshold': 0.1, 'depth_confidence': 0.95, 'width_confidence': 0.99}...
Loaded LightGlue model
[Coarse] pair 3: no reliable coarse offset (matcher: no matches; phasecorr: {'dx': -16147.443677524008, 'dy': -26751.975000537102, 'support': None, 'n': None, 'peak': 0.00032880983234923565}); windows compared in place
[Coarse] pair 4: no reliable coarse offset (matcher: {'dx': -18112.5, 'dy': -315.0, 'support': 4, 'n': 4, 'peak': None}; phasecorr: {'dx': 12882.472481301173, 'dy': 92621.70938170607, 'support': None, 'n': None, 'peak': -0.00012715039429841217}); windows compared in place
[Coarse] pair 5: no reliable coarse offset (matcher: {'dx': -17797.5, 'dy': -315.0, 'support': 4, 'n': 4, 'peak': None}; phasecorr: {'dx': 3156.3479216096807, 'dy': 18300.67805989782, 'support': None, 'n': None, 'peak': 0.020832994549224774}); windows compared in place
[Coarse] pair 6: no reliable coarse offset (matcher: no matches; phasecorr: {'dx': -15852.800158210905, 'dy': 18737.59796077822, 'support': None, 'n': None, 'peak': -0.0027571213742097218}); windows compared in place
[Coarse] pair 8: no reliable coarse offset (matcher: {'dx': -17955.0, 'dy': -630.0, 'support': 7, 'n': 7, 'peak': None}; phasecorr: {'dx': -18002.059573769864, 'dy': -489.60497923140906, 'support': None, 'n': None, 'peak': 0.011968647486368816}); windows compared in place
[Coarse] pair 11: no reliable coarse offset (matcher: no matches; phasecorr: {'dx': -18107.733154651494, 'dy': -332.5590928480355, 'support': None, 'n': None, 'peak': 0.020898853179031604}); windows compared in place
[Coarse] pair 20: no reliable coarse offset (matcher: no matches; phasecorr: {'dx': -28903.23193639674, 'dy': -12953.216285335406, 'support': None, 'n': None, 'peak': 0.008737401829825507}); windows compared in place
[Coarse] pair 26: no reliable coarse offset (matcher: no matches; phasecorr: {'dx': -96306.08142606622, 'dy': -17142.367293993742, 'support': None, 'n': None, 'peak': 0.02253384519977334}); windows compared in place
[Coarse] pair 2: phase correlation gave dE=-8934 m dN=5487 m, 10.5 km from every offset the matcher measured; using pair 1's (dE=-17955 m dN=-630 m)
[Coarse] pair 10: phase correlation gave dE=43169 m dN=-4147 m, 60.9 km from every offset the matcher measured; using pair 7's (dE=-17955 m dN=-630 m)
[Coarse] pair 12: phase correlation gave dE=-1877 m dN=10017 m, 18.8 km from every offset the matcher measured; using pair 7's (dE=-17955 m dN=-630 m)
[Coarse] pair 13: phase correlation gave dE=7584 m dN=8567 m, 26.7 km from every offset the matcher measured; using pair 7's (dE=-17955 m dN=-630 m)
[Coarse] pair 18: phase correlation gave dE=744 m dN=-16615 m, 24.6 km from every offset the matcher measured; using pair 25's (dE=-17955 m dN=-315 m)
[Coarse] pair 19: phase correlation gave dE=11920 m dN=-17918 m, 34.4 km from every offset the matcher measured; using pair 25's (dE=-17955 m dN=-315 m)
[Coarse] pair 21: phase correlation gave dE=-11414 m dN=-17047 m, 17.7 km from every offset the matcher measured; using pair 25's (dE=-17955 m dN=-315 m)
[Coarse] pair 27: phase correlation gave dE=-97898 m dN=-6012 m, 80.1 km from every offset the matcher measured; using pair 23's (dE=-17640 m dN=-315 m)
[Coarse] disk_depth pair 1: dE=-17955.0 m dN=-630.0 m (matcher@315m, support=22, peak=None) 
disk_depth: Processing pair 1 from disk...
disk_depth: 7 match-sets in 0.39s
[Coarse] disk_depth pair 2: dE=-17955.0 m dN=-630.0 m (from-pair-1 (phasecorr disagreed), support=None, peak=0.03413578109976686) 
disk_depth: Processing pair 2 from disk...
disk_depth: 6 match-sets in 0.40s
[Coarse] disk_depth pair 3: dE=-17955.0 m dN=-630.0 m (from-pair-1, support=None, peak=None) 
disk_depth: Processing pair 3 from disk...
disk_depth: 5 match-sets in 0.30s
[Coarse] disk_depth pair 4: dE=-17955.0 m dN=-630.0 m (from-pair-2, support=None, peak=None) 
disk_depth: Processing pair 4 from disk...
disk_depth: 7 match-sets in 0.46s
[Coarse] disk_depth pair 5: dE=-17955.0 m dN=-630.0 m (from-pair-2, support=None, peak=None) 
disk_depth: Processing pair 5 from disk...
disk_depth: 7 match-sets in 0.45s
[Coarse] disk_depth pair 6: dE=-17955.0 m dN=-630.0 m (from-pair-2, support=None, peak=None) 
disk_depth: Processing pair 6 from disk...
disk_depth: 5 match-sets in 0.34s
[Coarse] disk_depth pair 7: dE=-17955.0 m dN=-630.0 m (matcher@315m, support=24, peak=None) 
disk_depth: Processing pair 7 from disk...
disk_depth: 14 match-sets in 1.57s
[Coarse] disk_depth pair 8: dE=-17955.0 m dN=-630.0 m (from-pair-7, support=None, peak=None) 
disk_depth: Processing pair 8 from disk...
disk_depth: 11 match-sets in 1.46s
[Coarse] disk_depth pair 9: dE=-17955.0 m dN=-630.0 m (matcher@315m, support=21, peak=None) 
disk_depth: Processing pair 9 from disk...
disk_depth: 14 match-sets in 1.07s
[Coarse] disk_depth pair 10: dE=-17955.0 m dN=-630.0 m (from-pair-7 (phasecorr disagreed), support=None, peak=0.04791493653487985) 
disk_depth: Processing pair 10 from disk...
disk_depth: 8 match-sets in 1.37s
[Coarse] disk_depth pair 11: dE=-17955.0 m dN=-630.0 m (from-pair-10, support=None, peak=None) 
disk_depth: Processing pair 11 from disk...
disk_depth: 12 match-sets in 1.01s
[Coarse] disk_depth pair 12: dE=-17955.0 m dN=-630.0 m (from-pair-7 (phasecorr disagreed), support=None, peak=0.1047012765466431) 
disk_depth: Processing pair 12 from disk...
disk_depth: 0 match-sets in 0.00s
[Coarse] disk_depth pair 13: dE=-17955.0 m dN=-630.0 m (from-pair-7 (phasecorr disagreed), support=None, peak=0.09384612739086151) 
disk_depth: Processing pair 13 from disk...
disk_depth: 0 match-sets in 0.00s
[Coarse] disk_depth pair 14: dE=-17955.0 m dN=-315.0 m (matcher@315m, support=99, peak=None) 
disk_depth: Processing pair 14 from disk...
disk_depth: 14 match-sets in 1.74s
[Coarse] disk_depth pair 15: dE=-17955.0 m dN=-315.0 m (matcher@315m, support=131, peak=None) 
disk_depth: Processing pair 15 from disk...
disk_depth: 12 match-sets in 1.37s
[Coarse] disk_depth pair 16: dE=-17955.0 m dN=-315.0 m (matcher@315m, support=232, peak=None) 
disk_depth: Processing pair 16 from disk...
disk_depth: 11 match-sets in 1.39s
[Coarse] disk_depth pair 17: dE=-17955.0 m dN=-315.0 m (matcher@315m, support=367, peak=None) 
disk_depth: Processing pair 17 from disk...
disk_depth: 11 match-sets in 1.14s
[Coarse] disk_depth pair 18: dE=-17955.0 m dN=-315.0 m (from-pair-25 (phasecorr disagreed), support=None, peak=0.06863816733713503) 
disk_depth: Processing pair 18 from disk...
disk_depth: 0 match-sets in 0.00s
[Coarse] disk_depth pair 19: dE=-17955.0 m dN=-315.0 m (from-pair-25 (phasecorr disagreed), support=None, peak=0.15104582491848204) 
disk_depth: Processing pair 19 from disk...
disk_depth: 0 match-sets in 0.00s
[Coarse] disk_depth pair 20: dE=-17955.0 m dN=-315.0 m (from-pair-19, support=None, peak=None) 
disk_depth: Processing pair 20 from disk...
disk_depth: 0 match-sets in 0.00s
[Coarse] disk_depth pair 21: dE=-17955.0 m dN=-315.0 m (from-pair-25 (phasecorr disagreed), support=None, peak=0.036990950946454645) 
disk_depth: Processing pair 21 from disk...
disk_depth: 0 match-sets in 0.00s
[Coarse] disk_depth pair 22: dE=-17640.0 m dN=-315.0 m (matcher@315m, support=52, peak=None) 
disk_depth: Processing pair 22 from disk...
disk_depth: 7 match-sets in 0.74s
[Coarse] disk_depth pair 23: dE=-17640.0 m dN=-315.0 m (matcher@315m, support=58, peak=None) 
disk_depth: Processing pair 23 from disk...
disk_depth: 7 match-sets in 0.56s
[Coarse] disk_depth pair 24: dE=-17955.0 m dN=-315.0 m (matcher@315m, support=162, peak=None) 
disk_depth: Processing pair 24 from disk...
disk_depth: 7 match-sets in 0.57s
[Coarse] disk_depth pair 25: dE=-17955.0 m dN=-315.0 m (matcher@315m, support=80, peak=None) 
disk_depth: Processing pair 25 from disk...
disk_depth: 7 match-sets in 0.57s
[Coarse] disk_depth pair 26: dE=-17640.0 m dN=-315.0 m (from-pair-27, support=None, peak=None) 
disk_depth: Processing pair 26 from disk...
disk_depth: 4 match-sets in 0.88s
[Coarse] disk_depth pair 27: dE=-17640.0 m dN=-315.0 m (from-pair-23 (phasecorr disagreed), support=None, peak=0.05064041456057702) 
disk_depth: Processing pair 27 from disk...
disk_depth: 5 match-sets in 0.63s
Saved:
 CHIP_STATS_ALL.csv
 CHIP_STATS_SURVIVORS.csv
 CONSENSUS_SCORES.csv
 BEST_CHIP_SET.csv
 BEST_CHIP_MANIFEST.csv
 BEST_FINAL_SUMMARY.csv
[band1] disk_depth ok in 0.5 min, peak GPU memory 12.9 of 39.4 GB
--------------------------------------------------------------------------------
[band1] Running disk_epipolar
DISK: Loading epipolar model...
disk: Initializing LightGlue {'filter_threshold': 0.1, 'depth_confidence': 0.95, 'width_confidence': 0.99}...
Loaded LightGlue model
[Coarse] pair 3: no reliable coarse offset (matcher: {'dx': -18270.0, 'dy': -630.0, 'support': 5, 'n': 5, 'peak': None}; phasecorr: {'dx': -16147.443677524008, 'dy': -26751.975000537102, 'support': None, 'n': None, 'peak': 0.00032880983234923565}); windows compared in place
[Coarse] pair 6: no reliable coarse offset (matcher: {'dx': -18585.0, 'dy': -315.0, 'support': 3, 'n': 3, 'peak': None}; phasecorr: {'dx': -15852.800158210905, 'dy': 18737.59796077822, 'support': None, 'n': None, 'peak': -0.0027571213742097218}); windows compared in place
[Coarse] pair 11: no reliable coarse offset (matcher: {'dx': -17955.0, 'dy': -315.0, 'support': 7, 'n': 7, 'peak': None}; phasecorr: {'dx': -18107.733154651494, 'dy': -332.5590928480355, 'support': None, 'n': None, 'peak': 0.020898853179031604}); windows compared in place
[Coarse] pair 20: no reliable coarse offset (matcher: no matches; phasecorr: {'dx': -28903.23193639674, 'dy': -12953.216285335406, 'support': None, 'n': None, 'peak': 0.008737401829825507}); windows compared in place
[Coarse] pair 26: no reliable coarse offset (matcher: no matches; phasecorr: {'dx': -96306.08142606622, 'dy': -17142.367293993742, 'support': None, 'n': None, 'peak': 0.02253384519977334}); windows compared in place
[Coarse] pair 10: phase correlation gave dE=43169 m dN=-4147 m, 60.9 km from every offset the matcher measured; using pair 8's (dE=-18270 m dN=-315 m)
[Coarse] pair 12: phase correlation gave dE=-1877 m dN=10017 m, 18.8 km from every offset the matcher measured; using pair 8's (dE=-18270 m dN=-315 m)
[Coarse] pair 13: phase correlation gave dE=7584 m dN=8567 m, 26.7 km from every offset the matcher measured; using pair 8's (dE=-18270 m dN=-315 m)
[Coarse] pair 18: phase correlation gave dE=744 m dN=-16615 m, 24.6 km from every offset the matcher measured; using pair 25's (dE=-17640 m dN=-315 m)
[Coarse] pair 19: phase correlation gave dE=11920 m dN=-17918 m, 34.4 km from every offset the matcher measured; using pair 25's (dE=-17640 m dN=-315 m)
[Coarse] pair 21: phase correlation gave dE=-11414 m dN=-17047 m, 17.7 km from every offset the matcher measured; using pair 25's (dE=-17640 m dN=-315 m)
[Coarse] pair 27: phase correlation gave dE=-97898 m dN=-6012 m, 79.8 km from every offset the matcher measured; using pair 23's (dE=-17640 m dN=-315 m)
[Coarse] disk_epipolar pair 1: dE=-17955.0 m dN=-630.0 m (matcher@315m, support=37, peak=None) 
disk_epipolar: Processing pair 1 from disk...
disk_epipolar: 7 match-sets in 0.29s
[Coarse] disk_epipolar pair 2: dE=-17955.0 m dN=-630.0 m (matcher@315m, support=15, peak=None) 
disk_epipolar: Processing pair 2 from disk...
disk_epipolar: 7 match-sets in 0.29s
[Coarse] disk_epipolar pair 3: dE=-17955.0 m dN=-630.0 m (from-pair-1, support=None, peak=None) 
disk_epipolar: Processing pair 3 from disk...
disk_epipolar: 4 match-sets in 0.29s
[Coarse] disk_epipolar pair 4: dE=-17955.0 m dN=-630.0 m (matcher@315m, support=18, peak=None) 
disk_epipolar: Processing pair 4 from disk...
disk_epipolar: 7 match-sets in 0.35s
[Coarse] disk_epipolar pair 5: dE=-17955.0 m dN=-630.0 m (matcher@315m, support=13, peak=None) 
disk_epipolar: Processing pair 5 from disk...
disk_epipolar: 6 match-sets in 0.35s
[Coarse] disk_epipolar pair 6: dE=-17955.0 m dN=-630.0 m (from-pair-5, support=None, peak=None) 
disk_epipolar: Processing pair 6 from disk...
disk_epipolar: 5 match-sets in 0.34s
[Coarse] disk_epipolar pair 7: dE=-17955.0 m dN=-630.0 m (matcher@315m, support=24, peak=None) 
disk_epipolar: Processing pair 7 from disk...
disk_epipolar: 12 match-sets in 1.06s
[Coarse] disk_epipolar pair 8: dE=-18270.0 m dN=-315.0 m (matcher@315m, support=13, peak=None) 
disk_epipolar: Processing pair 8 from disk...
disk_epipolar: 10 match-sets in 1.08s
[Coarse] disk_epipolar pair 9: dE=-17955.0 m dN=-630.0 m (matcher@315m, support=37, peak=None) 
disk_epipolar: Processing pair 9 from disk...
disk_epipolar: 12 match-sets in 1.06s
[Coarse] disk_epipolar pair 10: dE=-18270.0 m dN=-315.0 m (from-pair-8 (phasecorr disagreed), support=None, peak=0.04791493653487985) 
disk_epipolar: Processing pair 10 from disk...
disk_epipolar: 8 match-sets in 1.00s
[Coarse] disk_epipolar pair 11: dE=-18270.0 m dN=-315.0 m (from-pair-10, support=None, peak=None) 
disk_epipolar: Processing pair 11 from disk...
disk_epipolar: 9 match-sets in 1.14s
[Coarse] disk_epipolar pair 12: dE=-18270.0 m dN=-315.0 m (from-pair-8 (phasecorr disagreed), support=None, peak=0.1047012765466431) 
disk_epipolar: Processing pair 12 from disk...
disk_epipolar: 0 match-sets in 0.00s
[Coarse] disk_epipolar pair 13: dE=-18270.0 m dN=-315.0 m (from-pair-8 (phasecorr disagreed), support=None, peak=0.09384612739086151) 
disk_epipolar: Processing pair 13 from disk...
disk_epipolar: 0 match-sets in 0.00s
[Coarse] disk_epipolar pair 14: dE=-17955.0 m dN=-315.0 m (matcher@315m, support=74, peak=None) 
disk_epipolar: Processing pair 14 from disk...
disk_epipolar: 11 match-sets in 1.36s
[Coarse] disk_epipolar pair 15: dE=-17955.0 m dN=-315.0 m (matcher@315m, support=114, peak=None) 
disk_epipolar: Processing pair 15 from disk...
disk_epipolar: 11 match-sets in 1.37s
[Coarse] disk_epipolar pair 16: dE=-17955.0 m dN=-315.0 m (matcher@315m, support=262, peak=None) 
disk_epipolar: Processing pair 16 from disk...
disk_epipolar: 11 match-sets in 1.13s
[Coarse] disk_epipolar pair 17: dE=-17955.0 m dN=-315.0 m (matcher@315m, support=325, peak=None) 
disk_epipolar: Processing pair 17 from disk...
disk_epipolar: 11 match-sets in 1.15s
[Coarse] disk_epipolar pair 18: dE=-17640.0 m dN=-315.0 m (from-pair-25 (phasecorr disagreed), support=None, peak=0.06863816733713503) 
disk_epipolar: Processing pair 18 from disk...
disk_epipolar: 0 match-sets in 0.00s
[Coarse] disk_epipolar pair 19: dE=-17640.0 m dN=-315.0 m (from-pair-25 (phasecorr disagreed), support=None, peak=0.15104582491848204) 
disk_epipolar: Processing pair 19 from disk...
disk_epipolar: 0 match-sets in 0.00s
[Coarse] disk_epipolar pair 20: dE=-17640.0 m dN=-315.0 m (from-pair-19, support=None, peak=None) 
disk_epipolar: Processing pair 20 from disk...
disk_epipolar: 0 match-sets in 0.00s
[Coarse] disk_epipolar pair 21: dE=-17640.0 m dN=-315.0 m (from-pair-25 (phasecorr disagreed), support=None, peak=0.036990950946454645) 
disk_epipolar: Processing pair 21 from disk...
disk_epipolar: 0 match-sets in 0.00s
[Coarse] disk_epipolar pair 22: dE=-17640.0 m dN=-315.0 m (matcher@315m, support=95, peak=None) 
disk_epipolar: Processing pair 22 from disk...
disk_epipolar: 6 match-sets in 0.56s
[Coarse] disk_epipolar pair 23: dE=-17640.0 m dN=-315.0 m (matcher@315m, support=97, peak=None) 
disk_epipolar: Processing pair 23 from disk...
disk_epipolar: 6 match-sets in 0.56s
[Coarse] disk_epipolar pair 24: dE=-17955.0 m dN=-315.0 m (matcher@315m, support=126, peak=None) 
disk_epipolar: Processing pair 24 from disk...
disk_epipolar: 7 match-sets in 0.56s
[Coarse] disk_epipolar pair 25: dE=-17640.0 m dN=-315.0 m (matcher@315m, support=130, peak=None) 
disk_epipolar: Processing pair 25 from disk...
disk_epipolar: 6 match-sets in 0.56s
[Coarse] disk_epipolar pair 26: dE=-17640.0 m dN=-315.0 m (from-pair-27, support=None, peak=None) 
disk_epipolar: Processing pair 26 from disk...
disk_epipolar: 5 match-sets in 0.63s
[Coarse] disk_epipolar pair 27: dE=-17640.0 m dN=-315.0 m (from-pair-23 (phasecorr disagreed), support=None, peak=0.05064041456057702) 
disk_epipolar: Processing pair 27 from disk...
disk_epipolar: 4 match-sets in 0.63s
Saved:
 CHIP_STATS_ALL.csv
 CHIP_STATS_SURVIVORS.csv
 CONSENSUS_SCORES.csv
 BEST_CHIP_SET.csv
 BEST_CHIP_MANIFEST.csv
 BEST_FINAL_SUMMARY.csv
[band1] disk_epipolar ok in 0.4 min, peak GPU memory 5.4 of 39.4 GB
--------------------------------------------------------------------------------
[band1] Running dedode_L-upright_B-upright
DeDoDe: Loading L-upright/B-upright...
dedode: Initializing LightGlue {'filter_threshold': 0.1, 'depth_confidence': 0.95, 'width_confidence': 0.99}...
Loaded LightGlue model
[Coarse] pair 3: no reliable coarse offset (matcher: no matches; phasecorr: {'dx': -16147.443677524008, 'dy': -26751.975000537102, 'support': None, 'n': None, 'peak': 0.00032880983234923565}); windows compared in place
[Coarse] pair 4: no reliable coarse offset (matcher: no matches; phasecorr: {'dx': 12882.472481301173, 'dy': 92621.70938170607, 'support': None, 'n': None, 'peak': -0.00012715039429841217}); windows compared in place
[Coarse] pair 5: no reliable coarse offset (matcher: no matches; phasecorr: {'dx': 3156.3479216096807, 'dy': 18300.67805989782, 'support': None, 'n': None, 'peak': 0.020832994549224774}); windows compared in place
[Coarse] pair 6: no reliable coarse offset (matcher: no matches; phasecorr: {'dx': -15852.800158210905, 'dy': 18737.59796077822, 'support': None, 'n': None, 'peak': -0.0027571213742097218}); windows compared in place
[Coarse] pair 7: no reliable coarse offset (matcher: no matches; phasecorr: {'dx': -17660.72648465004, 'dy': -478.5174601560547, 'support': None, 'n': None, 'peak': 0.0218074359204816}); windows compared in place
[Coarse] pair 8: no reliable coarse offset (matcher: no matches; phasecorr: {'dx': -18002.059573769864, 'dy': -489.60497923140906, 'support': None, 'n': None, 'peak': 0.011968647486368816}); windows compared in place
[Coarse] pair 11: no reliable coarse offset (matcher: no matches; phasecorr: {'dx': -18107.733154651494, 'dy': -332.5590928480355, 'support': None, 'n': None, 'peak': 0.020898853179031604}); windows compared in place
[Coarse] pair 20: no reliable coarse offset (matcher: no matches; phasecorr: {'dx': -28903.23193639674, 'dy': -12953.216285335406, 'support': None, 'n': None, 'peak': 0.008737401829825507}); windows compared in place
[Coarse] pair 26: no reliable coarse offset (matcher: no matches; phasecorr: {'dx': -96306.08142606622, 'dy': -17142.367293993742, 'support': None, 'n': None, 'peak': 0.02253384519977334}); windows compared in place
[Coarse] pair 2: phase correlation gave dE=-8934 m dN=5487 m, 10.5 km from every offset the matcher measured; using pair 14's (dE=-17798 m dN=-315 m)
[Coarse] pair 10: phase correlation gave dE=43169 m dN=-4147 m, 61.1 km from every offset the matcher measured; using pair 14's (dE=-17798 m dN=-315 m)
[Coarse] pair 12: phase correlation gave dE=-1877 m dN=10017 m, 18.9 km from every offset the matcher measured; using pair 14's (dE=-17798 m dN=-315 m)
[Coarse] pair 13: phase correlation gave dE=7584 m dN=8567 m, 26.8 km from every offset the matcher measured; using pair 14's (dE=-17798 m dN=-315 m)
[Coarse] pair 18: phase correlation gave dE=744 m dN=-16615 m, 24.7 km from every offset the matcher measured; using pair 15's (dE=-17955 m dN=-315 m)
[Coarse] pair 19: phase correlation gave dE=11920 m dN=-17918 m, 34.5 km from every offset the matcher measured; using pair 15's (dE=-17955 m dN=-315 m)
[Coarse] pair 21: phase correlation gave dE=-11414 m dN=-17047 m, 17.9 km from every offset the matcher measured; using pair 15's (dE=-17955 m dN=-315 m)
[Coarse] pair 27: phase correlation gave dE=-97898 m dN=-6012 m, 80.1 km from every offset the matcher measured; using pair 17's (dE=-17798 m dN=-157 m)
[Coarse] dedode_L-upright_B-upright pair 1: dE=-18062.2 m dN=-904.8 m (phasecorr@315m, support=None, peak=0.03257782713572184) 
dedode_L-upright_B-upright: Processing pair 1 from disk...
dedode_L-upright_B-upright: 6 match-sets in 4.39s
[Coarse] dedode_L-upright_B-upright pair 2: dE=-17797.5 m dN=-315.0 m (from-pair-14 (phasecorr disagreed), support=None, peak=0.03413578109976686) 
dedode_L-upright_B-upright: Processing pair 2 from disk...
dedode_L-upright_B-upright: 5 match-sets in 0.54s
[Coarse] dedode_L-upright_B-upright pair 3: dE=-18062.2 m dN=-904.8 m (from-pair-1, support=None, peak=None) 
dedode_L-upright_B-upright: Processing pair 3 from disk...
dedode_L-upright_B-upright: 5 match-sets in 0.53s
[Coarse] dedode_L-upright_B-upright pair 4: dE=-17797.5 m dN=-315.0 m (from-pair-2, support=None, peak=None) 
dedode_L-upright_B-upright: Processing pair 4 from disk...
dedode_L-upright_B-upright: 5 match-sets in 4.01s
[Coarse] dedode_L-upright_B-upright pair 5: dE=-17797.5 m dN=-315.0 m (from-pair-2, support=None, peak=None) 
dedode_L-upright_B-upright: Processing pair 5 from disk...
dedode_L-upright_B-upright: 5 match-sets in 4.01s
[Coarse] dedode_L-upright_B-upright pair 6: dE=-17797.5 m dN=-315.0 m (from-pair-2, support=None, peak=None) 
dedode_L-upright_B-upright: Processing pair 6 from disk...
dedode_L-upright_B-upright: 5 match-sets in 0.58s
[Coarse] dedode_L-upright_B-upright pair 7: dE=-17790.5 m dN=-428.0 m (from-pair-9, support=None, peak=None) 
dedode_L-upright_B-upright: Processing pair 7 from disk...
dedode_L-upright_B-upright: 12 match-sets in 20.09s
[Coarse] dedode_L-upright_B-upright pair 8: dE=-17790.5 m dN=-428.0 m (from-pair-9, support=None, peak=None) 
dedode_L-upright_B-upright: Processing pair 8 from disk...
dedode_L-upright_B-upright: 10 match-sets in 5.06s
[Coarse] dedode_L-upright_B-upright pair 9: dE=-17790.5 m dN=-428.0 m (phasecorr@315m, support=None, peak=0.031066529352914596) 
dedode_L-upright_B-upright: Processing pair 9 from disk...
dedode_L-upright_B-upright: 11 match-sets in 5.97s
[Coarse] dedode_L-upright_B-upright pair 10: dE=-17797.5 m dN=-315.0 m (from-pair-14 (phasecorr disagreed), support=None, peak=0.04791493653487985) 
dedode_L-upright_B-upright: Processing pair 10 from disk...
dedode_L-upright_B-upright: 10 match-sets in 16.37s
[Coarse] dedode_L-upright_B-upright pair 11: dE=-17797.5 m dN=-315.0 m (from-pair-10, support=None, peak=None) 
dedode_L-upright_B-upright: Processing pair 11 from disk...
dedode_L-upright_B-upright: 9 match-sets in 1.57s
[Coarse] dedode_L-upright_B-upright pair 12: dE=-17797.5 m dN=-315.0 m (from-pair-14 (phasecorr disagreed), support=None, peak=0.1047012765466431) 
dedode_L-upright_B-upright: Processing pair 12 from disk...
dedode_L-upright_B-upright: 0 match-sets in 0.00s
[Coarse] dedode_L-upright_B-upright pair 13: dE=-17797.5 m dN=-315.0 m (from-pair-14 (phasecorr disagreed), support=None, peak=0.09384612739086151) 
dedode_L-upright_B-upright: Processing pair 13 from disk...
dedode_L-upright_B-upright: 0 match-sets in 0.00s
[Coarse] dedode_L-upright_B-upright pair 14: dE=-17797.5 m dN=-315.0 m (matcher@315m, support=8, peak=None) 
dedode_L-upright_B-upright: Processing pair 14 from disk...
dedode_L-upright_B-upright: 11 match-sets in 15.75s
[Coarse] dedode_L-upright_B-upright pair 15: dE=-17955.0 m dN=-315.0 m (matcher@315m, support=14, peak=None) 
dedode_L-upright_B-upright: Processing pair 15 from disk...
dedode_L-upright_B-upright: 11 match-sets in 2.06s
[Coarse] dedode_L-upright_B-upright pair 16: dE=-18113.0 m dN=-129.2 m (phasecorr@315m, support=None, peak=0.054434785683949785) 
dedode_L-upright_B-upright: Processing pair 16 from disk...
dedode_L-upright_B-upright: 12 match-sets in 5.28s
[Coarse] dedode_L-upright_B-upright pair 17: dE=-17797.5 m dN=-157.5 m (matcher@315m, support=10, peak=None) 
dedode_L-upright_B-upright: Processing pair 17 from disk...
dedode_L-upright_B-upright: 12 match-sets in 1.66s
[Coarse] dedode_L-upright_B-upright pair 18: dE=-17955.0 m dN=-315.0 m (from-pair-15 (phasecorr disagreed), support=None, peak=0.06863816733713503) 
dedode_L-upright_B-upright: Processing pair 18 from disk...
dedode_L-upright_B-upright: 0 match-sets in 0.00s
[Coarse] dedode_L-upright_B-upright pair 19: dE=-17955.0 m dN=-315.0 m (from-pair-15 (phasecorr disagreed), support=None, peak=0.15104582491848204) 
dedode_L-upright_B-upright: Processing pair 19 from disk...
dedode_L-upright_B-upright: 0 match-sets in 0.00s
[Coarse] dedode_L-upright_B-upright pair 20: dE=-17955.0 m dN=-315.0 m (from-pair-19, support=None, peak=None) 
dedode_L-upright_B-upright: Processing pair 20 from disk...
dedode_L-upright_B-upright: 0 match-sets in 0.00s
[Coarse] dedode_L-upright_B-upright pair 21: dE=-17955.0 m dN=-315.0 m (from-pair-15 (phasecorr disagreed), support=None, peak=0.036990950946454645) 
dedode_L-upright_B-upright: Processing pair 21 from disk...
dedode_L-upright_B-upright: 0 match-sets in 0.00s
[Coarse] dedode_L-upright_B-upright pair 22: dE=-17882.3 m dN=-311.5 m (phasecorr@315m, support=None, peak=0.12721613845825194) 
dedode_L-upright_B-upright: Processing pair 22 from disk...
dedode_L-upright_B-upright: 7 match-sets in 6.73s
[Coarse] dedode_L-upright_B-upright pair 23: dE=-17911.9 m dN=-326.6 m (phasecorr@315m, support=None, peak=0.12881409482955933) 
dedode_L-upright_B-upright: Processing pair 23 from disk...
dedode_L-upright_B-upright: 5 match-sets in 0.97s
[Coarse] dedode_L-upright_B-upright pair 24: dE=-17928.8 m dN=-415.6 m (phasecorr@315m, support=None, peak=0.035175936365127565) 
dedode_L-upright_B-upright: Processing pair 24 from disk...
dedode_L-upright_B-upright: 7 match-sets in 0.98s
[Coarse] dedode_L-upright_B-upright pair 25: dE=-17844.2 m dN=-348.0 m (phasecorr@315m, support=None, peak=0.15328786741892497) 
dedode_L-upright_B-upright: Processing pair 25 from disk...
dedode_L-upright_B-upright: 6 match-sets in 1.01s
[Coarse] dedode_L-upright_B-upright pair 26: dE=-17797.5 m dN=-157.5 m (from-pair-27, support=None, peak=None) 
dedode_L-upright_B-upright: Processing pair 26 from disk...
dedode_L-upright_B-upright: 5 match-sets in 9.48s
[Coarse] dedode_L-upright_B-upright pair 27: dE=-17797.5 m dN=-157.5 m (from-pair-17 (phasecorr disagreed), support=None, peak=0.05064041456057702) 
dedode_L-upright_B-upright: Processing pair 27 from disk...
dedode_L-upright_B-upright: 5 match-sets in 0.95s
Saved:
 CHIP_STATS_ALL.csv
 CHIP_STATS_SURVIVORS.csv
 CONSENSUS_SCORES.csv
 BEST_CHIP_SET.csv
 BEST_CHIP_MANIFEST.csv
 BEST_FINAL_SUMMARY.csv
[band1] dedode_L-upright_B-upright ok in 3.8 min, peak GPU memory 32.9 of 39.4 GB
--------------------------------------------------------------------------------
[band1] Running dedode_L-upright_B-C4
DeDoDe: Loading L-upright/B-C4...
dedode: Initializing LightGlue {'filter_threshold': 0.1, 'depth_confidence': 0.95, 'width_confidence': 0.99}...
Loaded LightGlue model
[Coarse] pair 3: no reliable coarse offset (matcher: no matches; phasecorr: {'dx': -16147.443677524008, 'dy': -26751.975000537102, 'support': None, 'n': None, 'peak': 0.00032880983234923565}); windows compared in place
[Coarse] pair 4: no reliable coarse offset (matcher: no matches; phasecorr: {'dx': 12882.472481301173, 'dy': 92621.70938170607, 'support': None, 'n': None, 'peak': -0.00012715039429841217}); windows compared in place
[Coarse] pair 5: no reliable coarse offset (matcher: no matches; phasecorr: {'dx': 3156.3479216096807, 'dy': 18300.67805989782, 'support': None, 'n': None, 'peak': 0.020832994549224774}); windows compared in place
[Coarse] pair 6: no reliable coarse offset (matcher: no matches; phasecorr: {'dx': -15852.800158210905, 'dy': 18737.59796077822, 'support': None, 'n': None, 'peak': -0.0027571213742097218}); windows compared in place
[Coarse] pair 7: no reliable coarse offset (matcher: no matches; phasecorr: {'dx': -17660.72648465004, 'dy': -478.5174601560547, 'support': None, 'n': None, 'peak': 0.0218074359204816}); windows compared in place
[Coarse] pair 8: no reliable coarse offset (matcher: no matches; phasecorr: {'dx': -18002.059573769864, 'dy': -489.60497923140906, 'support': None, 'n': None, 'peak': 0.011968647486368816}); windows compared in place
[Coarse] pair 11: no reliable coarse offset (matcher: no matches; phasecorr: {'dx': -18107.733154651494, 'dy': -332.5590928480355, 'support': None, 'n': None, 'peak': 0.020898853179031604}); windows compared in place
[Coarse] pair 20: no reliable coarse offset (matcher: no matches; phasecorr: {'dx': -28903.23193639674, 'dy': -12953.216285335406, 'support': None, 'n': None, 'peak': 0.008737401829825507}); windows compared in place
[Coarse] pair 26: no reliable coarse offset (matcher: no matches; phasecorr: {'dx': -96306.08142606622, 'dy': -17142.367293993742, 'support': None, 'n': None, 'peak': 0.02253384519977334}); windows compared in place
[Coarse] pair 2: phase correlation gave dE=-8934 m dN=5487 m, 10.5 km from every offset the matcher measured; using pair 14's (dE=-17955 m dN=-315 m)
[Coarse] pair 10: phase correlation gave dE=43169 m dN=-4147 m, 60.9 km from every offset the matcher measured; using pair 14's (dE=-17955 m dN=-315 m)
[Coarse] pair 12: phase correlation gave dE=-1877 m dN=10017 m, 18.8 km from every offset the matcher measured; using pair 14's (dE=-17955 m dN=-315 m)
[Coarse] pair 13: phase correlation gave dE=7584 m dN=8567 m, 26.7 km from every offset the matcher measured; using pair 14's (dE=-17955 m dN=-315 m)
[Coarse] pair 18: phase correlation gave dE=744 m dN=-16615 m, 24.6 km from every offset the matcher measured; using pair 15's (dE=-17955 m dN=-315 m)
[Coarse] pair 19: phase correlation gave dE=11920 m dN=-17918 m, 34.4 km from every offset the matcher measured; using pair 15's (dE=-17955 m dN=-315 m)
[Coarse] pair 21: phase correlation gave dE=-11414 m dN=-17047 m, 17.9 km from every offset the matcher measured; using pair 15's (dE=-17955 m dN=-315 m)
[Coarse] pair 27: phase correlation gave dE=-97898 m dN=-6012 m, 80.1 km from every offset the matcher measured; using pair 17's (dE=-17955 m dN=-315 m)
[Coarse] dedode_L-upright_B-C4 pair 1: dE=-18062.2 m dN=-904.8 m (phasecorr@315m, support=None, peak=0.03257782713572184) 
dedode_L-upright_B-C4: Processing pair 1 from disk...
dedode_L-upright_B-C4: 6 match-sets in 0.51s
[Coarse] dedode_L-upright_B-C4 pair 2: dE=-17955.0 m dN=-315.0 m (from-pair-14 (phasecorr disagreed), support=None, peak=0.03413578109976686) 
dedode_L-upright_B-C4: Processing pair 2 from disk...
dedode_L-upright_B-C4: 5 match-sets in 0.53s
[Coarse] dedode_L-upright_B-C4 pair 3: dE=-18062.2 m dN=-904.8 m (from-pair-1, support=None, peak=None) 
dedode_L-upright_B-C4: Processing pair 3 from disk...
dedode_L-upright_B-C4: 5 match-sets in 0.51s
[Coarse] dedode_L-upright_B-C4 pair 4: dE=-17955.0 m dN=-315.0 m (from-pair-2, support=None, peak=None) 
dedode_L-upright_B-C4: Processing pair 4 from disk...
dedode_L-upright_B-C4: 5 match-sets in 0.56s
[Coarse] dedode_L-upright_B-C4 pair 5: dE=-17955.0 m dN=-315.0 m (from-pair-2, support=None, peak=None) 
dedode_L-upright_B-C4: Processing pair 5 from disk...
dedode_L-upright_B-C4: 5 match-sets in 0.55s
[Coarse] dedode_L-upright_B-C4 pair 6: dE=-17955.0 m dN=-315.0 m (from-pair-2, support=None, peak=None) 
dedode_L-upright_B-C4: Processing pair 6 from disk...
dedode_L-upright_B-C4: 4 match-sets in 0.55s
[Coarse] dedode_L-upright_B-C4 pair 7: dE=-17790.5 m dN=-428.0 m (from-pair-9, support=None, peak=None) 
dedode_L-upright_B-C4: Processing pair 7 from disk...
dedode_L-upright_B-C4: 12 match-sets in 1.69s
[Coarse] dedode_L-upright_B-C4 pair 8: dE=-17790.5 m dN=-428.0 m (from-pair-9, support=None, peak=None) 
dedode_L-upright_B-C4: Processing pair 8 from disk...
dedode_L-upright_B-C4: 10 match-sets in 1.69s
[Coarse] dedode_L-upright_B-C4 pair 9: dE=-17790.5 m dN=-428.0 m (phasecorr@315m, support=None, peak=0.031066529352914596) 
dedode_L-upright_B-C4: Processing pair 9 from disk...
dedode_L-upright_B-C4: 10 match-sets in 1.66s
[Coarse] dedode_L-upright_B-C4 pair 10: dE=-17955.0 m dN=-315.0 m (from-pair-14 (phasecorr disagreed), support=None, peak=0.04791493653487985) 
dedode_L-upright_B-C4: Processing pair 10 from disk...
dedode_L-upright_B-C4: 8 match-sets in 1.52s
[Coarse] dedode_L-upright_B-C4 pair 11: dE=-17955.0 m dN=-315.0 m (from-pair-10, support=None, peak=None) 
dedode_L-upright_B-C4: Processing pair 11 from disk...
dedode_L-upright_B-C4: 9 match-sets in 1.53s
[Coarse] dedode_L-upright_B-C4 pair 12: dE=-17955.0 m dN=-315.0 m (from-pair-14 (phasecorr disagreed), support=None, peak=0.1047012765466431) 
dedode_L-upright_B-C4: Processing pair 12 from disk...
dedode_L-upright_B-C4: 0 match-sets in 0.00s
[Coarse] dedode_L-upright_B-C4 pair 13: dE=-17955.0 m dN=-315.0 m (from-pair-14 (phasecorr disagreed), support=None, peak=0.09384612739086151) 
dedode_L-upright_B-C4: Processing pair 13 from disk...
dedode_L-upright_B-C4: 0 match-sets in 0.00s
[Coarse] dedode_L-upright_B-C4 pair 14: dE=-17955.0 m dN=-315.0 m (matcher@315m, support=9, peak=None) 
dedode_L-upright_B-C4: Processing pair 14 from disk...
dedode_L-upright_B-C4: 11 match-sets in 1.99s
[Coarse] dedode_L-upright_B-C4 pair 15: dE=-17955.0 m dN=-315.0 m (matcher@315m, support=12, peak=None) 
dedode_L-upright_B-C4: Processing pair 15 from disk...
dedode_L-upright_B-C4: 12 match-sets in 1.99s
[Coarse] dedode_L-upright_B-C4 pair 16: dE=-17640.0 m dN=-315.0 m (matcher@315m, support=12, peak=None) 
dedode_L-upright_B-C4: Processing pair 16 from disk...
dedode_L-upright_B-C4: 11 match-sets in 1.67s
[Coarse] dedode_L-upright_B-C4 pair 17: dE=-17955.0 m dN=-315.0 m (matcher@315m, support=15, peak=None) 
dedode_L-upright_B-C4: Processing pair 17 from disk...
dedode_L-upright_B-C4: 11 match-sets in 1.65s
[Coarse] dedode_L-upright_B-C4 pair 18: dE=-17955.0 m dN=-315.0 m (from-pair-15 (phasecorr disagreed), support=None, peak=0.06863816733713503) 
dedode_L-upright_B-C4: Processing pair 18 from disk...
dedode_L-upright_B-C4: 0 match-sets in 0.00s
[Coarse] dedode_L-upright_B-C4 pair 19: dE=-17955.0 m dN=-315.0 m (from-pair-15 (phasecorr disagreed), support=None, peak=0.15104582491848204) 
dedode_L-upright_B-C4: Processing pair 19 from disk...
dedode_L-upright_B-C4: 0 match-sets in 0.00s
[Coarse] dedode_L-upright_B-C4 pair 20: dE=-17955.0 m dN=-315.0 m (from-pair-19, support=None, peak=None) 
dedode_L-upright_B-C4: Processing pair 20 from disk...
dedode_L-upright_B-C4: 0 match-sets in 0.00s
[Coarse] dedode_L-upright_B-C4 pair 21: dE=-17955.0 m dN=-315.0 m (from-pair-15 (phasecorr disagreed), support=None, peak=0.036990950946454645) 
dedode_L-upright_B-C4: Processing pair 21 from disk...
dedode_L-upright_B-C4: 0 match-sets in 0.00s
[Coarse] dedode_L-upright_B-C4 pair 22: dE=-17882.3 m dN=-311.5 m (phasecorr@315m, support=None, peak=0.12721613845825194) 
dedode_L-upright_B-C4: Processing pair 22 from disk...
dedode_L-upright_B-C4: 7 match-sets in 0.98s
[Coarse] dedode_L-upright_B-C4 pair 23: dE=-17911.9 m dN=-326.6 m (phasecorr@315m, support=None, peak=0.12881409482955933) 
dedode_L-upright_B-C4: Processing pair 23 from disk...
dedode_L-upright_B-C4: 6 match-sets in 0.97s
[Coarse] dedode_L-upright_B-C4 pair 24: dE=-17928.8 m dN=-415.6 m (phasecorr@315m, support=None, peak=0.035175936365127565) 
dedode_L-upright_B-C4: Processing pair 24 from disk...
dedode_L-upright_B-C4: 7 match-sets in 0.98s
[Coarse] dedode_L-upright_B-C4 pair 25: dE=-17844.2 m dN=-348.0 m (phasecorr@315m, support=None, peak=0.15328786741892497) 
dedode_L-upright_B-C4: Processing pair 25 from disk...
dedode_L-upright_B-C4: 6 match-sets in 0.98s
[Coarse] dedode_L-upright_B-C4 pair 26: dE=-17955.0 m dN=-315.0 m (from-pair-27, support=None, peak=None) 
dedode_L-upright_B-C4: Processing pair 26 from disk...
dedode_L-upright_B-C4: 4 match-sets in 0.91s
[Coarse] dedode_L-upright_B-C4 pair 27: dE=-17955.0 m dN=-315.0 m (from-pair-17 (phasecorr disagreed), support=None, peak=0.05064041456057702) 
dedode_L-upright_B-C4: Processing pair 27 from disk...
dedode_L-upright_B-C4: 4 match-sets in 0.91s
Saved:
 CHIP_STATS_ALL.csv
 CHIP_STATS_SURVIVORS.csv
 CONSENSUS_SCORES.csv
 BEST_CHIP_SET.csv
 BEST_CHIP_MANIFEST.csv
 BEST_FINAL_SUMMARY.csv
[band1] dedode_L-upright_B-C4 ok in 0.6 min, peak GPU memory 1.4 of 39.4 GB
--------------------------------------------------------------------------------
[band1] Running dedode_L-upright_G-C4
DeDoDe: Loading L-upright/G-C4...
dedode: Initializing LightGlue {'filter_threshold': 0.1, 'depth_confidence': 0.95, 'width_confidence': 0.99}...
Loaded LightGlue model
[Coarse] pair 3: no reliable coarse offset (matcher: no matches; phasecorr: {'dx': -16147.443677524008, 'dy': -26751.975000537102, 'support': None, 'n': None, 'peak': 0.00032880983234923565}); windows compared in place
[Coarse] pair 4: no reliable coarse offset (matcher: no matches; phasecorr: {'dx': 12882.472481301173, 'dy': 92621.70938170607, 'support': None, 'n': None, 'peak': -0.00012715039429841217}); windows compared in place
[Coarse] pair 5: no reliable coarse offset (matcher: no matches; phasecorr: {'dx': 3156.3479216096807, 'dy': 18300.67805989782, 'support': None, 'n': None, 'peak': 0.020832994549224774}); windows compared in place
[Coarse] pair 6: no reliable coarse offset (matcher: no matches; phasecorr: {'dx': -15852.800158210905, 'dy': 18737.59796077822, 'support': None, 'n': None, 'peak': -0.0027571213742097218}); windows compared in place
[Coarse] pair 7: no reliable coarse offset (matcher: no matches; phasecorr: {'dx': -17660.72648465004, 'dy': -478.5174601560547, 'support': None, 'n': None, 'peak': 0.0218074359204816}); windows compared in place
[Coarse] pair 8: no reliable coarse offset (matcher: no matches; phasecorr: {'dx': -18002.059573769864, 'dy': -489.60497923140906, 'support': None, 'n': None, 'peak': 0.011968647486368816}); windows compared in place
[Coarse] pair 11: no reliable coarse offset (matcher: no matches; phasecorr: {'dx': -18107.733154651494, 'dy': -332.5590928480355, 'support': None, 'n': None, 'peak': 0.020898853179031604}); windows compared in place
[Coarse] pair 20: no reliable coarse offset (matcher: no matches; phasecorr: {'dx': -28903.23193639674, 'dy': -12953.216285335406, 'support': None, 'n': None, 'peak': 0.008737401829825507}); windows compared in place
[Coarse] pair 26: no reliable coarse offset (matcher: no matches; phasecorr: {'dx': -96306.08142606622, 'dy': -17142.367293993742, 'support': None, 'n': None, 'peak': 0.02253384519977334}); windows compared in place
[Coarse] WARNING: dedode_L-upright_G-C4: the pairs' coarse offsets differ by up to 141 km, more than one image moves from place to place. Pairs with a wrong offset match the wrong ground (the chip consensus drops them when they are few); if most pairs disagree, check the input's pixel size and window size.
[Coarse] dedode_L-upright_G-C4 pair 1: dE=-18062.2 m dN=-904.8 m (phasecorr@315m, support=None, peak=0.03257782713572184) 
dedode_L-upright_G-C4: Processing pair 1 from disk...
dedode_L-upright_G-C4: 6 match-sets in 1.19s
[Coarse] dedode_L-upright_G-C4 pair 2: dE=-8933.5 m dN=5486.9 m (phasecorr@315m, support=None, peak=0.03413578109976686) 
dedode_L-upright_G-C4: Processing pair 2 from disk...
dedode_L-upright_G-C4: 5 match-sets in 4.92s
[Coarse] dedode_L-upright_G-C4 pair 3: dE=-18062.2 m dN=-904.8 m (from-pair-1, support=None, peak=None) 
dedode_L-upright_G-C4: Processing pair 3 from disk...
dedode_L-upright_G-C4: 5 match-sets in 0.73s
[Coarse] dedode_L-upright_G-C4 pair 4: dE=-8933.5 m dN=5486.9 m (from-pair-2, support=None, peak=None) 
dedode_L-upright_G-C4: Processing pair 4 from disk...
dedode_L-upright_G-C4: 5 match-sets in 5.00s
[Coarse] dedode_L-upright_G-C4 pair 5: dE=-8933.5 m dN=5486.9 m (from-pair-2, support=None, peak=None) 
dedode_L-upright_G-C4: Processing pair 5 from disk...
dedode_L-upright_G-C4: 5 match-sets in 5.10s
[Coarse] dedode_L-upright_G-C4 pair 6: dE=-8933.5 m dN=5486.9 m (from-pair-2, support=None, peak=None) 
dedode_L-upright_G-C4: Processing pair 6 from disk...
dedode_L-upright_G-C4: 6 match-sets in 0.79s
[Coarse] dedode_L-upright_G-C4 pair 7: dE=-17790.5 m dN=-428.0 m (from-pair-9, support=None, peak=None) 
dedode_L-upright_G-C4: Processing pair 7 from disk...
dedode_L-upright_G-C4: 9 match-sets in 9.17s
[Coarse] dedode_L-upright_G-C4 pair 8: dE=-17790.5 m dN=-428.0 m (from-pair-9, support=None, peak=None) 
dedode_L-upright_G-C4: Processing pair 8 from disk...
dedode_L-upright_G-C4: 10 match-sets in 3.83s
[Coarse] dedode_L-upright_G-C4 pair 9: dE=-17790.5 m dN=-428.0 m (phasecorr@315m, support=None, peak=0.031066529352914596) 
dedode_L-upright_G-C4: Processing pair 9 from disk...
dedode_L-upright_G-C4: 10 match-sets in 3.81s
[Coarse] dedode_L-upright_G-C4 pair 10: dE=43169.1 m dN=-4146.8 m (phasecorr@315m, support=None, peak=0.04791493653487985) 
dedode_L-upright_G-C4: Processing pair 10 from disk...
dedode_L-upright_G-C4: 9 match-sets in 12.68s
[Coarse] dedode_L-upright_G-C4 pair 11: dE=43169.1 m dN=-4146.8 m (from-pair-10, support=None, peak=None) 
dedode_L-upright_G-C4: Processing pair 11 from disk...
dedode_L-upright_G-C4: 11 match-sets in 2.03s
[Coarse] dedode_L-upright_G-C4 pair 12: dE=-1877.4 m dN=10017.4 m (phasecorr@315m, support=None, peak=0.1047012765466431) 
dedode_L-upright_G-C4: Processing pair 12 from disk...
dedode_L-upright_G-C4: 0 match-sets in 0.00s
[Coarse] dedode_L-upright_G-C4 pair 13: dE=7584.5 m dN=8567.1 m (phasecorr@315m, support=None, peak=0.09384612739086151) 
dedode_L-upright_G-C4: Processing pair 13 from disk...
dedode_L-upright_G-C4: 0 match-sets in 0.00s
[Coarse] dedode_L-upright_G-C4 pair 14: dE=-18039.9 m dN=-308.2 m (phasecorr@315m, support=None, peak=0.04961982255158601) 
dedode_L-upright_G-C4: Processing pair 14 from disk...
dedode_L-upright_G-C4: 12 match-sets in 7.81s
[Coarse] dedode_L-upright_G-C4 pair 15: dE=-18033.6 m dN=-269.1 m (phasecorr@315m, support=None, peak=0.0587093012491862) 
dedode_L-upright_G-C4: Processing pair 15 from disk...
dedode_L-upright_G-C4: 13 match-sets in 2.98s
[Coarse] dedode_L-upright_G-C4 pair 16: dE=-18113.0 m dN=-129.2 m (phasecorr@315m, support=None, peak=0.054434785683949785) 
dedode_L-upright_G-C4: Processing pair 16 from disk...
dedode_L-upright_G-C4: 12 match-sets in 4.43s
[Coarse] dedode_L-upright_G-C4 pair 17: dE=-18272.3 m dN=-53.0 m (phasecorr@315m, support=None, peak=0.05276745311419169) 
dedode_L-upright_G-C4: Processing pair 17 from disk...
dedode_L-upright_G-C4: 11 match-sets in 2.44s
[Coarse] dedode_L-upright_G-C4 pair 18: dE=744.1 m dN=-16614.6 m (phasecorr@315m, support=None, peak=0.06863816733713503) 
dedode_L-upright_G-C4: Processing pair 18 from disk...
dedode_L-upright_G-C4: 0 match-sets in 0.00s
[Coarse] dedode_L-upright_G-C4 pair 19: dE=11920.5 m dN=-17918.4 m (phasecorr@315m, support=None, peak=0.15104582491848204) 
dedode_L-upright_G-C4: Processing pair 19 from disk...
dedode_L-upright_G-C4: 0 match-sets in 0.00s
[Coarse] dedode_L-upright_G-C4 pair 20: dE=11920.5 m dN=-17918.4 m (from-pair-19, support=None, peak=None) 
dedode_L-upright_G-C4: Processing pair 20 from disk...
dedode_L-upright_G-C4: 0 match-sets in 0.00s
[Coarse] dedode_L-upright_G-C4 pair 21: dE=-11413.6 m dN=-17047.1 m (phasecorr@315m, support=None, peak=0.036990950946454645) 
dedode_L-upright_G-C4: Processing pair 21 from disk...
dedode_L-upright_G-C4: 0 match-sets in 0.00s
[Coarse] dedode_L-upright_G-C4 pair 22: dE=-17882.3 m dN=-311.5 m (phasecorr@315m, support=None, peak=0.12721613845825194) 
dedode_L-upright_G-C4: Processing pair 22 from disk...
dedode_L-upright_G-C4: 6 match-sets in 2.48s
[Coarse] dedode_L-upright_G-C4 pair 23: dE=-17911.9 m dN=-326.6 m (phasecorr@315m, support=None, peak=0.12881409482955933) 
dedode_L-upright_G-C4: Processing pair 23 from disk...
dedode_L-upright_G-C4: 7 match-sets in 1.63s
[Coarse] dedode_L-upright_G-C4 pair 24: dE=-17928.8 m dN=-415.6 m (phasecorr@315m, support=None, peak=0.035175936365127565) 
dedode_L-upright_G-C4: Processing pair 24 from disk...
dedode_L-upright_G-C4: 5 match-sets in 1.62s
[Coarse] dedode_L-upright_G-C4 pair 25: dE=-17844.2 m dN=-348.0 m (phasecorr@315m, support=None, peak=0.15328786741892497) 
dedode_L-upright_G-C4: Processing pair 25 from disk...
dedode_L-upright_G-C4: 5 match-sets in 1.62s
[Coarse] dedode_L-upright_G-C4 pair 26: dE=-97897.6 m dN=-6011.8 m (from-pair-27, support=None, peak=None) 
dedode_L-upright_G-C4: Processing pair 26 from disk...
dedode_L-upright_G-C4: 4 match-sets in 7.18s
[Coarse] dedode_L-upright_G-C4 pair 27: dE=-97897.6 m dN=-6011.8 m (phasecorr@315m, support=None, peak=0.05064041456057702) 
dedode_L-upright_G-C4: Processing pair 27 from disk...
dedode_L-upright_G-C4: 4 match-sets in 1.10s
Saved:
 CHIP_STATS_ALL.csv
 CHIP_STATS_SURVIVORS.csv
 CONSENSUS_SCORES.csv
 BEST_CHIP_SET.csv
 BEST_CHIP_MANIFEST.csv
 BEST_FINAL_SUMMARY.csv
[band1] dedode_L-upright_G-C4 ok in 2.0 min, peak GPU memory 25.7 of 39.4 GB
--------------------------------------------------------------------------------
[band1] Running dedode_L-C4_B-upright
DeDoDe: Loading L-C4/B-upright...
dedode: Initializing LightGlue {'filter_threshold': 0.1, 'depth_confidence': 0.95, 'width_confidence': 0.99}...
Loaded LightGlue model
[Coarse] pair 3: no reliable coarse offset (matcher: no matches; phasecorr: {'dx': -16147.443677524008, 'dy': -26751.975000537102, 'support': None, 'n': None, 'peak': 0.00032880983234923565}); windows compared in place
[Coarse] pair 4: no reliable coarse offset (matcher: no matches; phasecorr: {'dx': 12882.472481301173, 'dy': 92621.70938170607, 'support': None, 'n': None, 'peak': -0.00012715039429841217}); windows compared in place
[Coarse] pair 5: no reliable coarse offset (matcher: no matches; phasecorr: {'dx': 3156.3479216096807, 'dy': 18300.67805989782, 'support': None, 'n': None, 'peak': 0.020832994549224774}); windows compared in place
[Coarse] pair 6: no reliable coarse offset (matcher: no matches; phasecorr: {'dx': -15852.800158210905, 'dy': 18737.59796077822, 'support': None, 'n': None, 'peak': -0.0027571213742097218}); windows compared in place
[Coarse] pair 7: no reliable coarse offset (matcher: no matches; phasecorr: {'dx': -17660.72648465004, 'dy': -478.5174601560547, 'support': None, 'n': None, 'peak': 0.0218074359204816}); windows compared in place
