channel,sweep,detector,matcher,sec_per_window,pass_seconds,windows,chips_kept,inliers,surface_rmse_m,best_ransac,truth_rank,truth_rmse_m,truth_reached,truth_total,truth_ransac,detector_seconds,gpu_peak_gb,gpu_window_px
band1,win768_nfauto,imw-aliked-lg-kt0p2,internal,0.381,5.34,14,12.0,3130.0,,lmeds630,1.0,152.7125766532864,4.0,8.0,lmeds630,13.8,2.18,768
band1,win1536_nfauto,imw-aliked-lg-kt0p2,internal,0.326,4.57,14,12.0,3143.0,,lmeds630,2.0,153.22224386943907,4.0,8.0,lmeds630,12.6,2.18,1536
band1,win1664_nfauto,imw-aliked-lg-kt0p2,internal,0.329,4.61,14,12.0,3140.0,,lmeds630,3.0,153.22716982908122,4.0,8.0,lmeds630,12.7,2.18,1664
band1,win2176_nfauto,imw-aliked-lg-kt0p2,internal,0.338,4.73,14,12.0,3119.0,,lmeds630,4.0,153.22727688921415,4.0,8.0,lmeds630,13.0,2.18,2176
band1,win3072_nfauto,imw-aliked-lg-kt0p2,internal,0.329,4.61,14,12.0,3121.0,,lmeds630,5.0,153.2275329444564,4.0,8.0,lmeds630,12.7,2.18,3072
band1,win1152_nfauto,imw-aliked-lg-kt0p2,internal,0.327,4.58,14,12.0,3142.0,,lmeds630,6.0,153.22870659008768,4.0,8.0,lmeds630,12.9,2.18,1152
band1,win2560_nfauto,imw-aliked-lg-kt0p2,internal,0.335,4.69,14,12.0,3138.0,,lmeds630,7.0,153.23176947087572,4.0,8.0,lmeds630,13.0,2.18,2560
band1,win1408_nfauto,imw-aliked-lg-kt0p2,internal,0.329,4.6,14,12.0,3118.0,,lmeds630,8.0,153.23194577795542,4.0,8.0,lmeds630,12.6,2.18,1408
band1,win3328_nfauto,imw-aliked-lg-kt0p2,internal,0.327,4.57,14,12.0,3120.0,,lmeds630,9.0,153.23194577795542,4.0,8.0,lmeds630,12.6,2.18,3328
band1,win3456_nfauto,imw-aliked-lg-kt0p2,internal,0.331,4.63,14,12.0,3120.0,,lmeds630,10.0,153.23409150503554,4.0,8.0,lmeds630,13.4,2.18,3456
band1,win1792_nfauto,imw-aliked-lg-kt0p2,internal,0.339,4.74,14,12.0,3119.0,,lmeds630,11.0,153.2357319001309,4.0,8.0,lmeds630,13.2,2.18,1792
band1,win2048_nfauto,imw-aliked-lg-kt0p2,internal,0.333,4.67,14,12.0,3120.0,,lmeds630,12.0,153.23584644721143,4.0,8.0,lmeds630,12.9,2.18,2048
band1,win3200_nfauto,imw-aliked-lg-kt0p2,internal,0.33,4.62,14,12.0,3137.0,,lmeds630,13.0,153.24014663024514,4.0,8.0,lmeds630,12.9,2.18,3200
band1,win2688_nfauto,imw-aliked-lg-kt0p2,internal,0.341,4.78,14,12.0,3114.0,,lmeds630,14.0,153.2408533674865,4.0,8.0,lmeds630,13.2,2.18,2688
band1,win3712_nfauto,imw-aliked-lg-kt0p2,internal,0.346,4.85,14,12.0,3119.0,,lmeds630,15.0,153.24264023771235,4.0,8.0,lmeds630,13.1,2.18,3712
band1,win3840_nfauto,imw-aliked-lg-kt0p2,internal,0.34,4.76,14,12.0,3119.0,,lmeds630,16.0,153.24337223523656,4.0,8.0,lmeds630,13.5,2.18,3840
band1,win4096_nfauto,imw-aliked-lg-kt0p2,internal,0.337,4.72,14,12.0,3137.0,,lmeds630,17.0,153.24458629111285,4.0,8.0,lmeds630,12.9,2.18,4096
band1,win2944_nfauto,imw-aliked-lg-kt0p2,internal,0.343,4.8,14,12.0,3113.0,,lmeds630,18.0,153.24468964562053,4.0,8.0,lmeds630,13.2,2.18,2944
band1,win1920_nfauto,imw-aliked-lg-kt0p2,internal,0.334,4.68,14,12.0,3136.0,,lmeds630,19.0,153.2496859706037,4.0,8.0,lmeds630,12.9,2.18,1920
band1,win3584_nfauto,imw-aliked-lg-kt0p2,internal,0.441,6.18,14,12.0,3142.0,,lmeds630,20.0,153.24969103515616,4.0,8.0,lmeds630,15.2,2.18,3584
band1,win2304_nfauto,imw-aliked-lg-kt0p2,internal,0.423,5.92,14,12.0,3119.0,,lmeds630,21.0,153.2506586915754,4.0,8.0,lmeds630,18.0,2.18,2304
band1,win896_nfauto,imw-aliked-lg-kt0p2,internal,0.354,4.96,14,12.0,3119.0,,lmeds630,22.0,153.25084336198236,4.0,8.0,lmeds630,13.2,2.18,896
band1,win2816_nfauto,imw-aliked-lg-kt0p2,internal,0.33,4.62,14,12.0,3120.0,,lmeds630,23.0,153.25210961197502,4.0,8.0,lmeds630,12.7,2.18,2816
band1,win3968_nfauto,imw-aliked-lg-kt0p2,internal,0.334,4.67,14,12.0,3122.0,,lmeds630,24.0,153.2559046083713,4.0,8.0,lmeds630,12.9,2.18,3968
band1,win2432_nfauto,imw-aliked-lg-kt0p2,internal,0.36,5.04,14,12.0,3139.0,,lmeds630,25.0,153.26150996753813,4.0,8.0,lmeds630,13.5,2.18,2432
band1,win1024_nfauto,imw-aliked-lg-kt0p2,internal,0.34,4.76,14,12.0,3120.0,,lmeds630,26.0,153.26474846211983,4.0,8.0,lmeds630,13.3,2.18,1024
band1,win1280_nfauto,imw-aliked-lg-kt0p2,internal,0.347,4.85,14,12.0,3118.0,,lmeds630,27.0,153.26675880627948,4.0,8.0,lmeds630,13.4,2.18,1280
band1,win1024_nfauto,disk_depth,nn,0.129,2.7,21,13.0,3989.0,,magsac630,39.0,195.21816536255912,5.0,8.0,magsac630,32.0,12.89,1024
band1,win768_nfauto,disk_depth,nn,0.128,2.68,21,13.0,3888.0,,magsac630,40.0,196.48394981827104,5.0,8.0,magsac630,32.8,12.89,768
band1,win640_nfauto,disk_depth,mnn,0.105,2.2,21,17.0,3873.0,,magsac630,41.0,202.86934849883,4.0,8.0,lmeds630,30.1,12.89,640
band1,win2176_nfauto,disk_depth,mnn,0.118,2.49,21,17.0,4289.0,,magsac630,42.0,203.3829789024113,4.0,8.0,lmeds630,32.6,12.89,2176
band1,win896_nfauto,disk_depth,mnn,0.117,2.45,21,17.0,4224.0,,magsac630,43.0,203.48640486561357,4.0,8.0,lmeds630,33.3,12.89,896
band1,win1280_nfauto,disk_depth,mnn,0.118,2.48,21,17.0,4250.0,,magsac630,44.0,203.48640486561357,4.0,8.0,lmeds630,32.3,12.89,1280
band1,win1664_nfauto,disk_depth,mnn,0.117,2.46,21,17.0,4322.0,,magsac630,45.0,203.48640486561357,4.0,8.0,lmeds630,32.8,12.89,1664
band1,win1792_nfauto,disk_depth,mnn,0.121,2.55,21,17.0,4250.0,,magsac630,46.0,203.48640486561357,4.0,8.0,lmeds630,32.6,12.89,1792
band1,win1920_nfauto,disk_depth,mnn,0.116,2.44,21,17.0,4250.0,,magsac630,47.0,203.48640486561357,4.0,8.0,lmeds630,32.1,12.89,1920
band1,win2048_nfauto,disk_depth,mnn,0.116,2.45,21,17.0,4250.0,,magsac630,48.0,203.48640486561357,4.0,8.0,lmeds630,32.0,12.89,2048
band1,win2304_nfauto,disk_depth,mnn,0.119,2.49,21,17.0,4250.0,,magsac630,49.0,203.48640486561357,4.0,8.0,lmeds630,32.6,12.89,2304
band1,win2432_nfauto,disk_depth,mnn,0.117,2.46,21,17.0,4205.0,,magsac630,50.0,203.48640486561357,4.0,8.0,lmeds630,32.1,12.89,2432
band1,win2688_nfauto,disk_depth,mnn,0.118,2.47,21,17.0,4282.0,,magsac630,51.0,203.48640486561357,4.0,8.0,lmeds630,32.6,12.89,2688
band1,win2944_nfauto,disk_depth,mnn,0.118,2.49,21,17.0,4232.0,,magsac630,52.0,203.48640486561357,4.0,8.0,lmeds630,33.2,12.89,2944
band1,win3328_nfauto,disk_depth,mnn,0.12,2.53,21,17.0,4295.0,,magsac630,53.0,203.48640486561357,4.0,8.0,lmeds630,33.6,12.89,3328
band1,win3840_nfauto,disk_depth,mnn,0.122,2.56,21,17.0,4250.0,,magsac630,54.0,203.48640486561357,4.0,8.0,lmeds630,33.0,12.89,3840
band1,win4096_nfauto,disk_depth,mnn,0.117,2.46,21,17.0,4295.0,,magsac630,55.0,203.48640486561357,4.0,8.0,lmeds630,32.1,12.89,4096
band1,win256_nfauto,imw-minima-roma,internal,0.59,53.13,90,82.0,121587.0,,lmeds630,56.0,203.5222169416171,8.0,8.0,lmeds630,95.7,33.97,256
band1,win768_nfauto,disk_depth,mnn,0.115,2.41,21,17.0,4108.0,,magsac630,57.0,203.7201618717073,4.0,8.0,lmeds630,32.8,12.89,768
band1,win2560_nfauto,disk_depth,mnn,0.117,2.46,21,17.0,4201.0,,magsac630,58.0,203.82500961997317,4.0,8.0,lmeds630,32.3,12.89,2560
band1,win3584_nfauto,disk_depth,mnn,0.12,2.52,21,17.0,4156.0,,magsac630,59.0,203.82500961997317,4.0,8.0,lmeds630,34.6,12.89,3584
band1,win1408_nfauto,disk_depth,mnn,0.118,2.48,21,17.0,4209.0,,magsac630,60.0,203.90622348281093,4.0,8.0,lmeds630,32.7,12.89,1408
band1,win1152_nfauto,disk_depth,mnn,0.118,2.48,21,17.0,4251.0,,magsac630,61.0,204.9059331322903,4.0,8.0,lmeds630,32.5,12.89,1152
band1,win3072_nfauto,disk_depth,mnn,0.117,2.46,21,17.0,4256.0,,magsac630,62.0,204.9059331322903,4.0,8.0,lmeds630,32.1,12.89,3072
band1,win3200_nfauto,disk_depth,mnn,0.118,2.48,21,17.0,4278.0,,magsac630,63.0,204.9059331322903,4.0,8.0,lmeds630,32.5,12.89,3200
band1,win3456_nfauto,disk_depth,mnn,0.117,2.46,21,17.0,4323.0,,magsac630,64.0,204.9059331322903,4.0,8.0,lmeds630,32.1,12.89,3456
band1,win3712_nfauto,disk_depth,mnn,0.119,2.49,21,17.0,4251.0,,magsac630,65.0,204.9059331322903,4.0,8.0,lmeds630,32.3,12.89,3712
band1,win2816_nfauto,disk_depth,mnn,0.118,2.49,21,17.0,4259.0,,magsac630,66.0,204.98515998049584,4.0,8.0,lmeds630,32.5,12.89,2816
band1,win3968_nfauto,disk_depth,mnn,0.119,2.5,21,17.0,4214.0,,magsac630,67.0,204.98515998049584,4.0,8.0,lmeds630,32.5,12.89,3968
band1,win1536_nfauto,disk_depth,mnn,0.121,2.55,21,17.0,4256.0,,magsac630,68.0,205.1586574019529,4.0,8.0,lmeds630,33.5,12.89,1536
band1,win1024_nfauto,disk_depth,mnn,0.117,2.46,21,18.0,4306.0,,magsac630,69.0,210.3256380336974,4.0,8.0,lmeds630,32.0,12.89,1024
band1,win3200_nfauto,imw-dkm,internal,0.617,12.97,21,18.0,38488.0,,magsac630,70.0,211.9567475835564,8.0,8.0,magsac630,44.9,33.83,3200
band1,win2688_nfauto,imw-dkm,internal,0.67,14.07,21,17.0,38766.0,,magsac630,72.0,215.54079570386725,8.0,8.0,lmeds630,45.9,33.83,2688
band1,win3456_nfauto,imw-dkm,internal,0.609,12.79,21,17.0,39157.0,,magsac630,73.0,215.9469522304347,8.0,8.0,magsac630,44.2,33.83,3456
band1,win1280_nfauto,disk_depth,nn,0.13,2.74,21,13.0,3948.0,,magsac630,74.0,217.4703322287414,5.0,8.0,magsac630,32.3,12.89,1280
band1,win1792_nfauto,disk_depth,nn,0.134,2.81,21,13.0,3948.0,,magsac630,75.0,217.4703322287414,5.0,8.0,magsac630,32.6,12.89,1792
band1,win2048_nfauto,disk_depth,nn,0.129,2.71,21,13.0,3948.0,,magsac630,76.0,217.4703322287414,5.0,8.0,magsac630,32.0,12.89,2048
band1,win2304_nfauto,disk_depth,nn,0.132,2.77,21,13.0,3948.0,,magsac630,77.0,217.4703322287414,5.0,8.0,magsac630,32.6,12.89,2304
band1,win3072_nfauto,disk_depth,nn,0.129,2.72,21,13.0,3948.0,,magsac630,78.0,217.4703322287414,5.0,8.0,magsac630,32.1,12.89,3072
band1,win3840_nfauto,disk_depth,nn,0.135,2.83,21,13.0,3948.0,,magsac630,79.0,217.4703322287414,5.0,8.0,magsac630,33.0,12.89,3840
band1,win3712_nfauto,imw-dkm,internal,0.612,12.85,21,17.0,38466.0,,magsac630,80.0,217.6225561649177,8.0,8.0,magsac630,44.8,33.83,3712
band1,win768_nfauto,imw-dkm,internal,0.617,12.95,21,16.0,38240.0,,magsac630,81.0,218.096743062309,8.0,8.0,lmeds630,44.5,33.83,768
band1,win2944_nfauto,imw-dkm,internal,0.599,12.58,21,17.0,38145.0,,magsac630,82.0,219.30714258558555,8.0,8.0,lmeds630,43.8,33.83,2944
band1,win1024_nfauto,imw-dkm,internal,0.617,12.95,21,19.0,36316.0,,lmeds630,83.0,220.1108936864603,8.0,8.0,lmeds630,44.9,33.83,1024
band1,win4096_nfauto,imw-dkm,internal,0.625,13.13,21,17.0,39220.0,,magsac630,84.0,223.0576098176247,8.0,8.0,magsac630,44.4,33.83,4096
band1,win896_nfauto,imw-dkm,internal,0.61,12.81,21,18.0,38693.0,,magsac630,86.0,224.61003876603505,8.0,8.0,magsac630,44.0,33.83,896
band1,win3584_nfauto,imw-dkm,internal,0.613,12.87,21,17.0,38625.0,,magsac630,87.0,225.13185427839952,8.0,8.0,magsac630,44.8,33.83,3584
band1,win2944_nfauto,disk_depth,nn,0.132,2.77,21,13.0,3922.0,,magsac630,88.0,225.3674737337664,5.0,8.0,magsac630,33.2,12.89,2944
band1,win1792_nfauto,imw-dkm,internal,0.601,12.62,21,18.0,39523.0,,magsac630,92.0,229.86555145881505,8.0,8.0,lmeds630,43.6,33.83,1792
band1,win2560_nfauto,imw-dkm,internal,0.608,12.76,21,17.0,39087.0,,magsac630,94.0,232.9873454029845,8.0,8.0,lmeds630,45.3,33.83,2560
band1,win640_nfauto,imw-lanet-nn-kt0p2,internal,0.159,3.33,21,14.0,2001.0,,lmeds630,95.0,233.34262099255253,4.0,8.0,magsac630,8.7,1.07,640
band1,win1408_nfauto,imw-dkm,internal,0.614,12.89,21,18.0,39309.0,,magsac630,96.0,233.78016678813907,8.0,8.0,magsac630,44.3,33.83,1408
band1,win768_nfauto,keynet,lgm,0.22,4.39,20,17.0,3256.0,,lmeds630,97.0,235.9339384296277,4.0,8.0,magsac630,76.7,3.89,768
band1,win256_nfauto,imw-lanet-nn-kt0p2,internal,0.052,4.65,89,52.0,1971.0,,magsac630,99.0,237.77608409037296,5.0,8.0,lmeds630,10.9,1.05,256
band1,win1536_nfauto,disk_depth,lgm,0.146,3.06,21,18.0,12747.0,,lmeds630,100.0,242.97655890655287,6.0,8.0,magsac630,33.5,12.89,1536
band1,win1920_nfauto,imw-dkm,internal,0.607,12.76,21,18.0,38919.0,,magsac630,102.0,247.03038955597896,8.0,8.0,magsac630,44.8,33.83,1920
band1,win3968_nfauto,imw-minima-roma,internal,0.724,15.21,21,20.0,40827.0,,magsac630,104.0,250.20035055611453,8.0,8.0,magsac630,52.9,33.97,3968
band1,win3840_nfauto,imw-dkm,internal,0.62,13.03,21,18.0,39350.0,,magsac630,106.0,250.9654773896003,8.0,8.0,magsac630,44.9,33.83,3840
band1,win1152_nfauto,imw-minima-roma,internal,0.735,15.44,21,20.0,41088.0,,magsac630,107.0,251.37095082110275,8.0,8.0,magsac630,52.6,33.97,1152
band1,win3840_nfauto,imw-minima-roma,internal,0.737,15.48,21,20.0,40789.0,,magsac630,108.0,252.33874053571887,8.0,8.0,magsac630,52.8,33.97,3840
band1,win256_nfauto,imw-dkm,internal,0.483,42.99,89,76.0,145854.0,,lmeds630,109.0,252.9374103796435,7.0,8.0,magsac630,82.0,33.83,256
band1,win2048_nfauto,imw-minima-roma,internal,0.714,14.99,21,20.0,41263.0,,magsac630,111.0,254.1595859620436,8.0,8.0,magsac630,51.0,33.97,2048
band1,win640_nfauto,imw-minima-roma,internal,0.698,14.66,21,20.0,43733.0,,magsac630,112.0,254.172703276272,8.0,8.0,lmeds630,50.7,33.97,640
band1,win1536_nfauto,imw-dkm,internal,0.602,12.64,21,18.0,39189.0,,magsac630,114.0,254.85083154430507,8.0,8.0,lmeds630,43.7,33.83,1536
band1,win3072_nfauto,imw-dkm,internal,0.607,12.75,21,17.0,38254.0,,magsac630,115.0,254.94795288338392,8.0,8.0,lmeds630,44.5,33.83,3072
band1,win640_nfauto,imw-dkm,internal,0.598,12.56,21,18.0,36359.0,,magsac630,116.0,255.1725698743583,7.0,8.0,lmeds630,44.0,33.83,640
band1,win3456_nfauto,imw-minima-roma,internal,0.755,15.84,21,19.0,41553.0,,magsac630,119.0,255.75352851768844,8.0,8.0,magsac630,52.6,33.97,3456
band1,win2432_nfauto,imw-dkm,internal,0.61,12.81,21,17.0,38773.0,,magsac630,120.0,255.95387204253348,8.0,8.0,magsac630,44.4,33.83,2432
band1,win512_nfauto,imw-darkfeat-nn-kt0p2,internal,0.169,5.06,30,27.0,3406.0,,lmeds630,121.0,256.14476076150555,4.0,8.0,magsac630,12.2,0.69,512
band1,win512_nfauto,keynet,lgm,0.181,5.42,30,24.0,2902.0,,lmeds630,122.0,256.21248872081605,4.0,8.0,magsac630,85.7,3.11,512
band1,win3712_nfauto,imw-minima-roma,internal,0.726,15.25,21,20.0,40937.0,,magsac630,124.0,257.940721965063,8.0,8.0,magsac630,51.8,33.97,3712
band1,win3968_nfauto,imw-dkm,internal,0.609,12.8,21,18.0,36158.0,,lmeds630,128.0,258.43523938805805,8.0,8.0,lmeds630,44.2,33.83,3968
band1,win512_nfauto,imw-roma,internal,0.654,19.63,30,23.0,32840.0,,lmeds630,129.0,258.71985190456485,6.0,8.0,lmeds630,49.7,5.35,512
band1,win1792_nfauto,imw-minima-roma,internal,0.72,15.11,21,20.0,41380.0,,magsac630,133.0,259.6461845153439,8.0,8.0,magsac630,51.2,33.97,1792
band1,win1280_nfauto,imw-dkm,internal,0.606,12.73,21,17.0,39231.0,,magsac630,134.0,259.7835477932728,8.0,8.0,magsac630,44.6,33.83,1280
band1,win2688_nfauto,imw-minima-roma,internal,0.711,14.93,21,20.0,41600.0,,magsac630,136.0,260.09992559995885,8.0,8.0,lmeds630,51.0,33.97,2688
band1,win2816_nfauto,imw-minima-roma,internal,0.732,15.38,21,20.0,41085.0,,magsac630,137.0,260.3879755182543,8.0,8.0,magsac630,53.1,33.97,2816
band1,win640_nfauto,imw-dad-roma,internal,2.401,50.43,21,14.0,3581.0,,lmeds630,138.0,260.4133623944191,4.0,8.0,magsac630,141.4,33.92,640
band1,win896_nfauto,disk_depth,lgm,0.14,2.93,21,18.0,12753.0,,lmeds630,139.0,260.62924393668504,6.0,8.0,magsac630,33.3,12.89,896
band1,win1664_nfauto,imw-dkm,internal,0.606,12.72,21,18.0,39360.0,,magsac630,141.0,261.0079613810346,8.0,8.0,magsac630,43.9,33.83,1664
band1,win2304_nfauto,imw-minima-roma,internal,0.706,14.83,21,19.0,41575.0,,magsac630,143.0,261.5691519251116,8.0,8.0,lmeds630,50.4,33.97,2304
band1,win1280_nfauto,imw-minima-roma,internal,0.737,15.47,21,20.0,41281.0,,magsac630,144.0,261.5872148063803,8.0,8.0,magsac630,52.3,33.97,1280
band1,win384_nfauto,imw-dkm,internal,0.504,24.69,49,40.0,73318.0,,magsac630,145.0,261.7628440901885,8.0,8.0,lmeds630,58.2,33.83,384
band1,win2560_nfauto,disk_depth,lgm,0.14,2.95,21,18.0,12745.0,,lmeds630,146.0,261.86476818146264,5.0,8.0,magsac630,32.3,12.89,2560
band1,win1408_nfauto,disk_depth,lgm,0.143,3.0,21,18.0,12762.0,,lmeds630,147.0,261.96004873589334,5.0,8.0,magsac630,32.7,12.89,1408
band1,win2176_nfauto,disk_depth,lgm,0.143,3.0,21,18.0,12739.0,,lmeds630,150.0,262.7661529902869,6.0,8.0,magsac630,32.6,12.89,2176
band1,win1024_nfauto,imw-minima-roma,internal,0.725,15.23,21,20.0,41384.0,,lmeds630,151.0,263.2266601387784,8.0,8.0,magsac630,51.0,33.97,1024
band1,win3328_nfauto,imw-minima-roma,internal,0.732,15.37,21,20.0,41132.0,,lmeds630,152.0,263.4753106642302,8.0,8.0,magsac630,52.0,33.97,3328
band1,win1408_nfauto,imw-minima-roma,internal,0.721,15.14,21,20.0,41795.0,,magsac630,153.0,264.29206481357426,8.0,8.0,magsac630,52.7,33.97,1408
band1,win2816_nfauto,imw-dkm,internal,0.606,12.73,21,18.0,35628.0,,lmeds630,154.0,264.3138275598252,8.0,8.0,magsac630,44.1,33.83,2816
band1,win1536_nfauto,imw-minima-roma,internal,0.713,14.98,21,19.0,40260.0,,magsac630,156.0,265.0727770158185,8.0,8.0,magsac630,51.1,33.97,1536
band1,win3200_nfauto,imw-minima-roma,internal,0.724,15.19,21,20.0,41671.0,,lmeds630,159.0,265.89347608022433,8.0,8.0,magsac630,52.4,33.97,3200
band1,win3584_nfauto,imw-minima-roma,internal,0.713,14.98,21,20.0,41605.0,,magsac630,161.0,266.4348565572322,8.0,8.0,magsac630,51.1,33.97,3584
band1,win3072_nfauto,disk_epipolar,mnn,0.121,2.55,21,18.0,4188.0,,magsac630,162.0,266.55697098005606,4.0,8.0,magsac630,25.5,0.76,3072
band1,win768_nfauto,disk_depth,lgm,0.139,2.91,21,18.0,12271.0,,lmeds630,163.0,266.5920674608169,6.0,8.0,magsac630,32.8,12.89,768
band1,win3328_nfauto,imw-dkm,internal,0.608,12.77,21,18.0,38949.0,,magsac630,165.0,266.6200475036221,8.0,8.0,lmeds630,44.2,33.83,3328
band1,win1152_nfauto,disk_depth,lgm,0.143,2.99,21,18.0,12743.0,,lmeds630,166.0,266.7176022701353,6.0,8.0,magsac630,32.5,12.89,1152
band1,win3712_nfauto,disk_depth,lgm,0.143,3.0,21,18.0,12738.0,,lmeds630,167.0,266.8119704788032,6.0,8.0,magsac630,32.3,12.89,3712
band1,win1920_nfauto,imw-minima-roma,internal,0.719,15.11,21,20.0,40749.0,,magsac630,168.0,267.1193698254658,8.0,8.0,magsac630,51.3,33.97,1920
band1,win2432_nfauto,imw-minima-roma,internal,0.715,15.01,21,20.0,41383.0,,magsac630,173.0,267.99884009698883,8.0,8.0,lmeds630,50.9,33.97,2432
band1,win4096_nfauto,imw-minima-roma,internal,0.712,14.95,21,20.0,42045.0,,magsac630,175.0,268.0895919384403,8.0,8.0,magsac630,50.9,33.97,4096
band1,win2176_nfauto,imw-minima-roma,internal,0.719,15.1,21,20.0,41071.0,,lmeds630,177.0,269.19963326089743,8.0,8.0,magsac630,51.2,33.97,2176
band1,win768_nfauto,imw-minima-roma,internal,0.735,15.44,21,20.0,41469.0,,magsac630,178.0,269.21033106217783,8.0,8.0,magsac630,51.9,33.97,768
band1,win512_nfauto,imw-minima-roma,internal,0.649,19.48,30,29.0,50660.0,,magsac630,182.0,270.3551318624632,8.0,8.0,lmeds630,55.6,33.97,512
band1,win3200_nfauto,disk_depth,lgm,0.143,3.0,21,18.0,12750.0,,lmeds630,183.0,270.3699055769544,6.0,8.0,magsac630,32.5,12.89,3200
band1,win3456_nfauto,disk_depth,lgm,0.14,2.93,21,18.0,12760.0,,lmeds630,184.0,270.6506579573098,6.0,8.0,magsac630,32.1,12.89,3456
band1,win2816_nfauto,disk_depth,lgm,0.142,2.99,21,18.0,12760.0,,lmeds630,187.0,271.06575341910155,6.0,8.0,magsac630,32.5,12.89,2816
band1,win2560_nfauto,imw-minima-roma,internal,0.729,15.3,21,20.0,41349.0,,magsac630,188.0,271.3798807069091,8.0,8.0,magsac630,52.0,33.97,2560
band1,win3968_nfauto,disk_depth,lgm,0.144,3.03,21,18.0,12745.0,,lmeds630,189.0,271.8452687786236,6.0,8.0,magsac630,32.5,12.89,3968
band1,win640_nfauto,disk_depth,lgm,0.128,2.68,21,19.0,10728.0,,lmeds630,193.0,273.3168373722606,5.0,8.0,magsac630,30.1,12.89,640
band1,win3072_nfauto,imw-minima-roma,internal,0.712,14.95,21,20.0,40790.0,,magsac630,194.0,273.58793905880015,8.0,8.0,magsac630,51.3,33.97,3072
band1,win3072_nfauto,disk_depth,lgm,0.141,2.95,21,18.0,12757.0,,lmeds630,195.0,274.2927719457345,6.0,8.0,magsac630,32.1,12.89,3072
band1,win896_nfauto,imw-roma,internal,0.706,14.82,21,14.0,23393.0,,lmeds630,197.0,276.66533683276924,5.0,8.0,magsac630,43.7,5.35,896
band1,win256_nfauto,imw-ripe-nn-kt0p2,internal,0.376,32.69,87,70.0,7490.0,,lmeds630,198.0,280.7023616049328,5.0,8.0,magsac630,85.9,32.88,256
band1,win512_nfauto,imw-xoftr,internal,0.224,6.5,29,23.0,6825.0,,lmeds630,199.0,281.1954186320445,4.0,8.0,lmeds630,20.8,19.46,512
band1,win2944_nfauto,disk_epipolar,mnn,0.123,2.58,21,18.0,4338.0,,magsac630,200.0,281.9882839560999,4.0,8.0,magsac630,26.2,0.76,2944
band1,win3712_nfauto,imw-gim-roma,internal,0.735,15.44,21,19.0,46811.0,,lmeds630,201.0,285.55142941076207,8.0,8.0,lmeds630,47.3,5.35,3712
band1,win2304_nfauto,disk_depth,lgm,0.147,3.09,21,18.0,12746.0,,lmeds630,202.0,285.9792200231627,6.0,8.0,magsac630,32.6,12.89,2304
band1,win1792_nfauto,disk_depth,lgm,0.146,3.06,21,18.0,12744.0,,lmeds630,203.0,286.4730529185553,6.0,8.0,magsac630,32.6,12.89,1792
band1,win2688_nfauto,disk_depth,lgm,0.144,3.02,21,18.0,12744.0,,lmeds630,204.0,286.4730529185553,6.0,8.0,magsac630,32.6,12.89,2688
band1,win3840_nfauto,disk_depth,lgm,0.147,3.08,21,18.0,12744.0,,lmeds630,205.0,286.4730529185553,6.0,8.0,magsac630,33.0,12.89,3840
band1,win1280_nfauto,disk_depth,lgm,0.142,2.98,21,18.0,12745.0,,lmeds630,206.0,286.4791908964457,6.0,8.0,magsac630,32.3,12.89,1280
band1,win1920_nfauto,disk_depth,lgm,0.14,2.94,21,18.0,12749.0,,lmeds630,207.0,286.53154942997946,6.0,8.0,magsac630,32.1,12.89,1920
band1,win2048_nfauto,disk_depth,lgm,0.14,2.95,21,18.0,12749.0,,lmeds630,208.0,286.53154942997946,6.0,8.0,magsac630,32.0,12.89,2048
band1,win1792_nfauto,imw-gim-roma,internal,0.711,14.94,21,19.0,46732.0,,lmeds630,209.0,286.6907161653729,8.0,8.0,magsac630,44.8,5.35,1792
band1,win2944_nfauto,keynet,lgm,0.222,4.45,20,17.0,3244.0,,lmeds630,210.0,286.7572440428775,4.0,8.0,magsac630,75.1,3.89,2944
band1,win1664_nfauto,disk_depth,lgm,0.141,2.95,21,18.0,12759.0,,lmeds630,211.0,287.02360032678973,6.0,8.0,magsac630,32.8,12.89,1664
band1,win3328_nfauto,disk_depth,lgm,0.147,3.1,21,18.0,12759.0,,lmeds630,212.0,287.02360032678973,6.0,8.0,magsac630,33.6,12.89,3328
band1,win4096_nfauto,disk_depth,lgm,0.141,2.96,21,18.0,12759.0,,lmeds630,213.0,287.02360032678973,6.0,8.0,magsac630,32.1,12.89,4096
band1,win1024_nfauto,disk_depth,lgm,0.141,2.96,21,18.0,12757.0,,lmeds630,214.0,287.14480929051,6.0,8.0,magsac630,32.0,12.89,1024
band1,win2048_nfauto,keynet,lgm,0.223,4.45,20,17.0,3245.0,,lmeds630,215.0,287.1908390694836,4.0,8.0,magsac630,77.4,3.89,2048
band1,win3584_nfauto,disk_epipolar,mnn,0.122,2.57,21,18.0,4273.0,,magsac630,216.0,287.87069878634964,4.0,8.0,magsac630,26.5,0.76,3584
band1,win256_nfauto,imw-topicfm,internal,0.293,23.45,80,64.0,6735.0,,lmeds630,217.0,288.0784479202105,4.0,8.0,magsac630,64.3,24.93,256
band1,win2432_nfauto,disk_epipolar,mnn,0.121,2.54,21,18.0,4240.0,,magsac630,219.0,288.60788831523035,4.0,8.0,magsac630,25.6,0.76,2432
band1,win2304_nfauto,keynet,lgm,0.223,4.47,20,17.0,3246.0,,lmeds630,220.0,289.44986305991586,4.0,8.0,magsac630,75.2,3.89,2304
band1,win4096_nfauto,keynet,lgm,0.222,4.43,20,17.0,3238.0,,lmeds630,221.0,289.4714883935618,4.0,8.0,magsac630,75.2,3.89,4096
band1,win2560_nfauto,keynet,lgm,0.219,4.38,20,17.0,3245.0,,lmeds630,222.0,289.6300578751125,4.0,8.0,magsac630,74.9,3.89,2560
band1,win3200_nfauto,keynet,lgm,0.218,4.35,20,17.0,3241.0,,lmeds630,223.0,289.67071301749303,4.0,8.0,magsac630,74.7,3.89,3200
band1,win3968_nfauto,keynet,lgm,0.255,5.09,20,17.0,3242.0,,lmeds630,224.0,289.67071301749303,4.0,8.0,magsac630,80.8,3.89,3968
band1,win2432_nfauto,disk_depth,lgm,0.141,2.95,21,18.0,12740.0,,lmeds630,225.0,290.120618797266,6.0,8.0,magsac630,32.1,12.89,2432
band1,win2944_nfauto,disk_depth,lgm,0.144,3.03,21,18.0,12735.0,,lmeds630,226.0,290.1234962191752,6.0,8.0,magsac630,33.2,12.89,2944
band1,win2816_nfauto,keynet,lgm,0.219,4.39,20,17.0,3237.0,,lmeds630,227.0,290.47141115010334,4.0,8.0,magsac630,75.0,3.89,2816
band1,win384_nfauto,imw-rdd-nn-kt0p2,internal,0.495,24.26,49,40.0,5759.0,,lmeds630,228.0,290.8147558654412,4.0,8.0,magsac630,73.1,16.74,384
band1,win2176_nfauto,keynet,lgm,0.219,4.39,20,17.0,3244.0,,lmeds630,229.0,291.92137140597004,4.0,8.0,magsac630,74.6,3.89,2176
band1,win1920_nfauto,keynet,lgm,0.22,4.39,20,17.0,3256.0,,lmeds630,230.0,292.52281193984805,4.0,8.0,magsac630,75.0,3.89,1920
band1,win2688_nfauto,keynet,lgm,0.259,5.18,20,17.0,3238.0,,lmeds630,231.0,292.6965357389513,4.0,8.0,magsac630,81.5,3.89,2688
band1,win896_nfauto,keynet,lgm,0.222,4.43,20,17.0,3239.0,,lmeds630,232.0,292.8610097532123,4.0,8.0,magsac630,74.8,3.89,896
band1,win1024_nfauto,keynet,lgm,0.222,4.45,20,17.0,3239.0,,lmeds630,233.0,292.8610097532123,4.0,8.0,magsac630,75.2,3.89,1024
band1,win1152_nfauto,keynet,lgm,0.217,4.34,20,17.0,3239.0,,lmeds630,234.0,292.8610097532123,4.0,8.0,magsac630,74.5,3.89,1152
band1,win3584_nfauto,keynet,lgm,0.224,4.48,20,17.0,3241.0,,lmeds630,235.0,292.94345024228227,4.0,8.0,magsac630,75.5,3.89,3584
band1,win1280_nfauto,imw-gim-roma,internal,0.723,15.18,21,19.0,45685.0,,lmeds630,236.0,293.2658835631236,8.0,8.0,magsac630,45.6,5.35,1280
band1,win3584_nfauto,disk_depth,lgm,0.149,3.13,21,18.0,12739.0,,lmeds630,237.0,294.001813886493,6.0,8.0,magsac630,34.6,12.89,3584
band1,win3840_nfauto,keynet,lgm,0.222,4.44,20,17.0,3245.0,,lmeds630,239.0,297.1914266270836,4.0,8.0,magsac630,77.5,3.89,3840
band1,win4096_nfauto,imw-gim-roma,internal,0.728,15.29,21,19.0,45876.0,,lmeds630,240.0,297.6788817347741,8.0,8.0,magsac630,46.8,5.35,4096
band1,win1664_nfauto,imw-roma,internal,0.702,14.74,21,15.0,23439.0,,lmeds630,241.0,298.1944817956294,5.0,8.0,lmeds630,43.4,5.35,1664
band1,win1408_nfauto,keynet,lgm,0.216,4.32,20,17.0,3239.0,,lmeds630,243.0,299.9606783401995,4.0,8.0,magsac630,74.9,3.89,1408
band1,win256_nfauto,disk_depth,lgm,0.056,5.01,90,86.0,10859.0,,lmeds630,244.0,300.73979426419413,5.0,8.0,magsac630,41.3,12.89,256
band1,win3328_nfauto,imw-gim-roma,internal,0.746,15.67,21,19.0,46502.0,,lmeds630,245.0,301.8280052781863,8.0,8.0,magsac630,46.5,5.35,3328
band1,win2944_nfauto,imw-minima-roma,internal,0.718,15.07,21,20.0,40982.0,,lmeds630,246.0,301.9477904095989,8.0,8.0,magsac630,50.8,33.97,2944
band1,win1024_nfauto,imw-gim-roma,internal,0.727,15.28,21,19.0,45195.0,,lmeds630,247.0,302.56265402562593,8.0,8.0,magsac630,46.6,5.35,1024
band1,win2560_nfauto,disk_epipolar,ada,0.131,2.63,20,18.0,4017.0,,magsac630,248.0,302.5764604368772,5.0,8.0,magsac630,25.5,0.76,2560
band1,win2432_nfauto,keynet,lgm,0.222,4.43,20,17.0,3237.0,,lmeds630,249.0,302.9831876190106,4.0,8.0,magsac630,75.0,3.89,2432
band1,win3712_nfauto,keynet,lgm,0.22,4.4,20,17.0,3239.0,,lmeds630,250.0,302.9831876190106,4.0,8.0,magsac630,75.2,3.89,3712
band1,win1408_nfauto,imw-gim-roma,internal,0.726,15.24,21,19.0,44758.0,,lmeds630,251.0,303.0076803029949,8.0,8.0,lmeds630,46.8,5.35,1408
band1,win768_nfauto,disk_epipolar,ada,0.136,2.72,20,18.0,3983.0,,magsac630,253.0,303.2507665439695,6.0,8.0,lmeds630,27.1,0.74,768
band1,win2560_nfauto,imw-gim-roma,internal,0.729,15.3,21,19.0,46582.0,,lmeds630,254.0,303.54072867622614,8.0,8.0,magsac630,46.8,5.35,2560
band1,win896_nfauto,imw-gim-roma,internal,0.735,15.44,21,19.0,46261.0,,lmeds630,255.0,304.270193972985,8.0,8.0,magsac630,47.4,5.35,896
band1,win512_nfauto,imw-rdd-nn-kt0p2,internal,0.764,22.92,30,27.0,6311.0,,lmeds630,256.0,304.6653177699656,4.0,8.0,magsac630,72.0,16.74,512
band1,win640_nfauto,imw-gim-roma,internal,0.708,14.87,21,19.0,44222.0,,lmeds630,258.0,305.6472540490133,8.0,8.0,lmeds630,46.2,5.35,640
band1,win3584_nfauto,disk_epipolar,ada,0.133,2.66,20,18.0,4057.0,,magsac630,259.0,305.7519774523507,5.0,8.0,magsac630,26.5,0.76,3584
band1,win1792_nfauto,keynet,lgm,0.222,4.43,20,17.0,3244.0,,lmeds630,260.0,305.83856689692743,4.0,8.0,magsac630,75.1,3.89,1792
band1,win3840_nfauto,imw-roma,internal,0.726,15.24,21,15.0,22995.0,,magsac630,261.0,305.9861380226025,5.0,8.0,lmeds630,45.1,5.35,3840
band1,win3584_nfauto,imw-gim-roma,internal,0.729,15.32,21,19.0,45943.0,,lmeds630,262.0,306.1363170015558,8.0,8.0,magsac630,47.3,5.35,3584
band1,win2944_nfauto,disk_epipolar,ada,0.134,2.68,20,18.0,4009.0,,magsac630,263.0,306.37074158303136,6.0,8.0,lmeds630,26.2,0.76,2944
band1,win2432_nfauto,disk_epipolar,ada,0.133,2.65,20,18.0,4013.0,,magsac630,264.0,306.3707415830323,6.0,8.0,lmeds630,25.6,0.76,2432
band1,win2176_nfauto,disk_epipolar,ada,0.134,2.67,20,18.0,4055.0,,magsac630,266.0,306.5758995075844,6.0,8.0,lmeds630,26.4,0.76,2176
band1,win2816_nfauto,disk_epipolar,ada,0.14,2.8,20,18.0,4039.0,,magsac630,267.0,306.73812162740745,6.0,8.0,lmeds630,27.5,0.76,2816
band1,win3968_nfauto,disk_epipolar,ada,0.134,2.68,20,18.0,4039.0,,magsac630,268.0,306.73812162740745,6.0,8.0,lmeds630,26.3,0.76,3968
band1,win1408_nfauto,disk_epipolar,ada,0.139,2.78,20,18.0,4087.0,,magsac630,269.0,306.7381216274092,6.0,8.0,lmeds630,27.5,0.76,1408
band1,win1536_nfauto,disk_epipolar,ada,0.135,2.71,20,18.0,4084.0,,magsac630,270.0,306.7381216274092,6.0,8.0,lmeds630,26.1,0.76,1536
band1,win1280_nfauto,disk_epipolar,ada,0.134,2.67,20,18.0,3969.0,,magsac630,271.0,306.74599515228755,6.0,8.0,lmeds630,25.9,0.76,1280
band1,win1664_nfauto,disk_epipolar,ada,0.131,2.63,20,18.0,3969.0,,magsac630,272.0,306.74599515228755,6.0,8.0,lmeds630,25.7,0.76,1664
band1,win1792_nfauto,disk_epipolar,ada,0.132,2.64,20,18.0,3969.0,,magsac630,273.0,306.74599515228755,6.0,8.0,lmeds630,25.6,0.76,1792
band1,win2304_nfauto,disk_epipolar,ada,0.132,2.64,20,18.0,3969.0,,magsac630,274.0,306.74599515228755,6.0,8.0,lmeds630,25.7,0.76,2304
band1,win2688_nfauto,disk_epipolar,ada,0.136,2.72,20,18.0,3969.0,,magsac630,275.0,306.74599515228755,6.0,8.0,lmeds630,26.5,0.76,2688
band1,win3328_nfauto,disk_epipolar,ada,0.143,2.85,20,18.0,3969.0,,magsac630,276.0,306.74599515228755,6.0,8.0,lmeds630,27.5,0.76,3328
band1,win3456_nfauto,disk_epipolar,ada,0.132,2.63,20,18.0,3969.0,,magsac630,277.0,306.74599515228755,6.0,8.0,lmeds630,25.6,0.76,3456
band1,win3712_nfauto,disk_epipolar,ada,0.132,2.64,20,18.0,3969.0,,magsac630,278.0,306.74599515228755,6.0,8.0,lmeds630,25.6,0.76,3712
band1,win3840_nfauto,disk_epipolar,ada,0.137,2.74,20,18.0,3969.0,,magsac630,279.0,306.74599515228755,6.0,8.0,lmeds630,26.7,0.76,3840
band1,win4096_nfauto,disk_epipolar,ada,0.132,2.64,20,18.0,3969.0,,magsac630,280.0,306.74599515228755,6.0,8.0,lmeds630,26.0,0.76,4096
band1,win1024_nfauto,disk_epipolar,ada,0.132,2.64,20,18.0,3988.0,,magsac630,282.0,306.7459951522921,6.0,8.0,lmeds630,25.6,0.76,1024
band1,win1152_nfauto,disk_epipolar,ada,0.134,2.67,20,18.0,3973.0,,magsac630,283.0,306.7459951522921,6.0,8.0,lmeds630,26.6,0.76,1152
band1,win1920_nfauto,disk_epipolar,ada,0.134,2.67,20,18.0,3973.0,,magsac630,284.0,306.7459951522921,6.0,8.0,lmeds630,27.6,0.76,1920
band1,win2048_nfauto,disk_epipolar,ada,0.133,2.66,20,18.0,3973.0,,magsac630,285.0,306.7459951522921,6.0,8.0,lmeds630,25.7,0.76,2048
band1,win3200_nfauto,disk_epipolar,ada,0.134,2.67,20,18.0,3973.0,,magsac630,286.0,306.7459951522921,6.0,8.0,lmeds630,25.9,0.76,3200
band1,win896_nfauto,disk_epipolar,ada,0.131,2.62,20,18.0,3965.0,,magsac630,287.0,306.818509822439,6.0,8.0,lmeds630,25.6,0.76,896
band1,win3072_nfauto,disk_epipolar,ada,0.132,2.63,20,18.0,3965.0,,magsac630,288.0,306.818509822439,6.0,8.0,lmeds630,25.5,0.76,3072
band1,win1536_nfauto,keynet,lgm,0.22,4.39,20,17.0,3238.0,,lmeds630,289.0,306.99698030772186,4.0,8.0,magsac630,74.6,3.89,1536
band1,win2176_nfauto,imw-gim-roma,internal,0.726,15.25,21,19.0,45829.0,,lmeds630,291.0,307.55005873053165,8.0,8.0,magsac630,46.8,5.35,2176
band1,win3968_nfauto,imw-roma,internal,0.742,14.84,20,16.0,23635.0,,magsac630,292.0,308.57610067405096,5.0,8.0,lmeds630,44.0,5.35,3968
band1,win3584_nfauto,imw-ripe-nn-kt0p2,internal,1.202,25.25,21,18.0,3055.0,,lmeds630,293.0,308.9202183684104,4.0,8.0,lmeds630,79.1,32.88,3584
band1,win1280_nfauto,imw-ripe-nn-kt0p2,internal,1.231,25.86,21,18.0,3074.0,,lmeds630,294.0,309.01115740332386,4.0,8.0,lmeds630,80.7,32.88,1280
band1,win2688_nfauto,imw-ripe-nn-kt0p2,internal,1.194,25.07,21,18.0,3074.0,,lmeds630,295.0,309.01115740332386,4.0,8.0,lmeds630,79.0,32.88,2688
band1,win640_nfauto,dog_hynet,ada,0.151,2.71,18,14.0,2215.0,,magsac630,297.0,309.1301631800488,4.0,8.0,magsac630,22.7,4.26,640
band1,win1536_nfauto,imw-ripe-nn-kt0p2,internal,1.194,25.07,21,18.0,3063.0,,lmeds630,299.0,309.7556368146011,4.0,8.0,lmeds630,78.9,32.88,1536
band1,win1664_nfauto,imw-ripe-nn-kt0p2,internal,1.21,25.42,21,18.0,3063.0,,lmeds630,300.0,309.7556368146011,4.0,8.0,lmeds630,79.3,32.88,1664
band1,win2304_nfauto,imw-ripe-nn-kt0p2,internal,1.197,25.14,21,18.0,3063.0,,lmeds630,301.0,309.7556368146011,4.0,8.0,lmeds630,79.9,32.88,2304
band1,win2560_nfauto,imw-ripe-nn-kt0p2,internal,1.201,25.21,21,18.0,3063.0,,lmeds630,302.0,309.7556368146011,4.0,8.0,lmeds630,79.6,32.88,2560
band1,win2816_nfauto,imw-ripe-nn-kt0p2,internal,1.193,25.06,21,18.0,3063.0,,lmeds630,303.0,309.7556368146011,4.0,8.0,lmeds630,79.0,32.88,2816
band1,win3072_nfauto,imw-ripe-nn-kt0p2,internal,1.19,24.99,21,18.0,3063.0,,lmeds630,304.0,309.7556368146011,4.0,8.0,lmeds630,78.9,32.88,3072
band1,win3456_nfauto,imw-ripe-nn-kt0p2,internal,1.205,25.3,21,18.0,3063.0,,lmeds630,305.0,309.7556368146011,4.0,8.0,lmeds630,79.6,32.88,3456
band1,win1792_nfauto,imw-ripe-nn-kt0p2,internal,1.2,25.2,21,18.0,3057.0,,lmeds630,306.0,309.77433749482765,4.0,8.0,lmeds630,79.3,32.88,1792
band1,win2432_nfauto,imw-ripe-nn-kt0p2,internal,1.196,25.12,21,18.0,3057.0,,lmeds630,307.0,309.77433749482765,4.0,8.0,lmeds630,79.0,32.88,2432
band1,win768_nfauto,imw-ripe-nn-kt0p2,internal,1.52,31.92,21,18.0,3145.0,,lmeds630,308.0,309.8372430760965,4.0,8.0,lmeds630,86.4,32.88,768
band1,win3328_nfauto,imw-ripe-nn-kt0p2,internal,1.193,25.04,21,18.0,3060.0,,lmeds630,309.0,309.8483184776356,4.0,8.0,lmeds630,78.8,32.88,3328
band1,win2944_nfauto,imw-ripe-nn-kt0p2,internal,1.205,25.31,21,18.0,3048.0,,lmeds630,310.0,309.89031950621194,4.0,8.0,lmeds630,79.2,32.88,2944
band1,win512_nfauto,imw-ripe-nn-kt0p2,internal,1.556,45.11,29,25.0,4867.0,,lmeds630,311.0,309.9240661504086,5.0,8.0,lmeds630,99.0,32.88,512
band1,win3328_nfauto,keynet,lgm,0.221,4.41,20,17.0,3239.0,,lmeds630,312.0,310.02648045361445,4.0,8.0,magsac630,75.1,3.89,3328
band1,win640_nfauto,imw-rdd-nn-kt0p2,internal,1.422,29.87,21,20.0,6859.0,,lmeds630,313.0,310.0611445838326,4.0,8.0,magsac630,79.3,16.74,640
band1,win2688_nfauto,imw-roma,internal,0.766,15.33,20,15.0,23164.0,,magsac630,314.0,310.32095924405485,5.0,8.0,magsac630,45.5,5.35,2688
band1,win512_nfauto,imw-gim-roma,internal,0.654,19.63,30,25.0,50462.0,,lmeds630,315.0,310.3374116204547,8.0,8.0,magsac630,50.4,5.35,512
band1,win1536_nfauto,imw-roma,internal,0.696,14.62,21,15.0,23336.0,,magsac630,316.0,310.8635796686239,5.0,8.0,lmeds630,43.4,5.35,1536
band1,win512_nfauto,imw-aspanformer,internal,1.222,36.66,30,27.0,10469.0,,lmeds630,317.0,310.90815147508835,7.0,8.0,magsac630,81.3,32.71,512
band1,win2432_nfauto,imw-roma,internal,0.714,15.0,21,14.0,23074.0,,lmeds630,320.0,312.59970269144594,5.0,8.0,lmeds630,44.3,5.35,2432
band1,win3456_nfauto,imw-roma,internal,0.718,15.07,21,16.0,23874.0,,magsac630,321.0,312.96472934767905,5.0,8.0,magsac630,44.9,5.35,3456
band1,win1792_nfauto,imw-roma,internal,0.702,14.74,21,15.0,23495.0,,lmeds630,324.0,313.34920036513887,5.0,8.0,lmeds630,43.0,5.35,1792
band1,win4096_nfauto,imw-ripe-nn-kt0p2,internal,1.193,25.05,21,18.0,3075.0,,lmeds630,325.0,314.2866401045761,4.0,8.0,lmeds630,79.0,32.88,4096
band1,win3072_nfauto,imw-roma,internal,0.71,14.91,21,14.0,23137.0,,lmeds630,326.0,314.4278577308601,5.0,8.0,magsac630,45.0,5.35,3072
band1,win896_nfauto,imw-ripe-nn-kt0p2,internal,1.193,25.06,21,18.0,3057.0,,lmeds630,327.0,314.5878587970827,4.0,8.0,lmeds630,79.1,32.88,896
band1,win3712_nfauto,imw-ripe-nn-kt0p2,internal,1.197,25.13,21,18.0,3057.0,,lmeds630,328.0,314.5878587970827,4.0,8.0,lmeds630,79.3,32.88,3712
band1,win1024_nfauto,imw-ripe-nn-kt0p2,internal,1.194,25.07,21,18.0,3052.0,,lmeds630,329.0,314.59658253781674,4.0,8.0,lmeds630,79.1,32.88,1024
band1,win2048_nfauto,imw-ripe-nn-kt0p2,internal,1.193,25.04,21,18.0,3052.0,,lmeds630,330.0,314.59658253781674,4.0,8.0,lmeds630,79.0,32.88,2048
band1,win2176_nfauto,imw-ripe-nn-kt0p2,internal,1.201,25.22,21,18.0,3052.0,,lmeds630,331.0,314.59658253781674,4.0,8.0,lmeds630,79.6,32.88,2176
band1,win3968_nfauto,imw-ripe-nn-kt0p2,internal,1.209,25.39,21,18.0,3064.0,,lmeds630,332.0,314.61267139655627,4.0,8.0,lmeds630,79.5,32.88,3968
band1,win3200_nfauto,imw-ripe-nn-kt0p2,internal,1.196,25.12,21,18.0,3060.0,,lmeds630,333.0,314.61956298291983,4.0,8.0,lmeds630,79.3,32.88,3200
band1,win1408_nfauto,imw-ripe-nn-kt0p2,internal,1.203,25.27,21,18.0,3071.0,,lmeds630,334.0,314.7829765760054,4.0,8.0,lmeds630,79.2,32.88,1408
band1,win2688_nfauto,imw-darkfeat-nn-kt0p2,internal,0.258,5.42,21,19.0,5033.0,,lmeds630,337.0,315.8324934486908,5.0,8.0,lmeds630,12.9,3.2,2688
band1,win3712_nfauto,imw-roma,internal,0.715,15.02,21,16.0,23522.0,,magsac630,339.0,316.0322607680825,5.0,8.0,lmeds630,45.9,5.35,3712
band1,win384_nfauto,imw-xoftr,internal,0.139,6.67,48,41.0,8209.0,,lmeds630,340.0,316.11701510413974,5.0,8.0,magsac630,21.2,19.46,384
band1,win1152_nfauto,imw-darkfeat-nn-kt0p2,internal,0.283,5.94,21,19.0,5023.0,,lmeds630,348.0,317.3969895118032,4.0,8.0,magsac630,16.5,3.2,1152
band1,win1664_nfauto,imw-gim-roma,internal,0.741,15.55,21,19.0,45805.0,,lmeds630,350.0,317.69412594056945,8.0,8.0,magsac630,47.5,5.35,1664
band1,win3328_nfauto,imw-aspanformer,internal,1.181,23.63,20,19.0,11210.0,,lmeds630,353.0,318.0787258976982,7.0,8.0,magsac630,68.2,32.72,3328
band1,win3456_nfauto,keynet,lgm,0.218,4.36,20,17.0,3238.0,,lmeds630,355.0,318.936991251259,4.0,8.0,magsac630,75.4,3.89,3456
band1,win1536_nfauto,imw-darkfeat-nn-kt0p2,internal,0.256,5.38,21,19.0,5034.0,,lmeds630,356.0,318.96168964836943,5.0,8.0,lmeds630,12.8,3.2,1536
band1,win1920_nfauto,imw-darkfeat-nn-kt0p2,internal,0.269,5.65,21,19.0,5034.0,,lmeds630,357.0,318.96168964836943,5.0,8.0,lmeds630,13.3,3.2,1920
band1,win2304_nfauto,imw-darkfeat-nn-kt0p2,internal,0.279,5.86,21,19.0,5034.0,,lmeds630,358.0,318.96168964836943,5.0,8.0,lmeds630,13.2,3.2,2304
band1,win3072_nfauto,imw-darkfeat-nn-kt0p2,internal,0.256,5.37,21,19.0,5034.0,,lmeds630,359.0,318.96168964836943,5.0,8.0,lmeds630,12.5,3.2,3072
band1,win3200_nfauto,imw-darkfeat-nn-kt0p2,internal,0.259,5.43,21,19.0,5034.0,,lmeds630,360.0,318.96168964836943,5.0,8.0,lmeds630,12.6,3.2,3200
band1,win3456_nfauto,imw-darkfeat-nn-kt0p2,internal,0.266,5.59,21,19.0,5034.0,,lmeds630,361.0,318.96168964836943,5.0,8.0,lmeds630,13.9,3.2,3456
band1,win3584_nfauto,imw-darkfeat-nn-kt0p2,internal,0.255,5.36,21,19.0,5034.0,,lmeds630,362.0,318.96168964836943,5.0,8.0,lmeds630,12.5,3.2,3584
band1,win3712_nfauto,imw-darkfeat-nn-kt0p2,internal,0.259,5.45,21,19.0,5034.0,,lmeds630,363.0,318.96168964836943,5.0,8.0,lmeds630,12.7,3.2,3712
band1,win3840_nfauto,imw-darkfeat-nn-kt0p2,internal,0.259,5.43,21,19.0,5034.0,,lmeds630,364.0,318.96168964836943,5.0,8.0,lmeds630,12.5,3.2,3840
band1,win896_nfauto,imw-darkfeat-nn-kt0p2,internal,0.265,5.57,21,20.0,5040.0,,lmeds630,365.0,318.9616896483711,5.0,8.0,lmeds630,12.9,3.2,896
band1,win1024_nfauto,imw-darkfeat-nn-kt0p2,internal,0.297,6.24,21,20.0,5040.0,,lmeds630,366.0,318.9616896483711,5.0,8.0,lmeds630,13.3,3.2,1024
band1,win1280_nfauto,imw-darkfeat-nn-kt0p2,internal,0.269,5.64,21,20.0,5040.0,,lmeds630,367.0,318.9616896483711,5.0,8.0,lmeds630,13.1,3.2,1280
band1,win1408_nfauto,imw-darkfeat-nn-kt0p2,internal,0.266,5.59,21,20.0,5040.0,,lmeds630,368.0,318.9616896483711,5.0,8.0,lmeds630,13.0,3.2,1408
band1,win1664_nfauto,imw-darkfeat-nn-kt0p2,internal,0.29,6.09,21,20.0,5040.0,,lmeds630,369.0,318.9616896483711,5.0,8.0,lmeds630,13.5,3.2,1664
band1,win1792_nfauto,imw-darkfeat-nn-kt0p2,internal,0.256,5.37,21,20.0,5040.0,,lmeds630,370.0,318.9616896483711,5.0,8.0,lmeds630,12.5,3.2,1792
band1,win2048_nfauto,imw-darkfeat-nn-kt0p2,internal,0.254,5.33,21,20.0,5040.0,,lmeds630,371.0,318.9616896483711,5.0,8.0,lmeds630,12.4,3.2,2048
band1,win2176_nfauto,imw-darkfeat-nn-kt0p2,internal,0.27,5.66,21,20.0,5040.0,,lmeds630,372.0,318.9616896483711,5.0,8.0,lmeds630,13.1,3.2,2176
band1,win2432_nfauto,imw-darkfeat-nn-kt0p2,internal,0.257,5.39,21,20.0,5040.0,,lmeds630,373.0,318.9616896483711,5.0,8.0,lmeds630,12.6,3.2,2432
band1,win2560_nfauto,imw-darkfeat-nn-kt0p2,internal,0.275,5.78,21,20.0,5040.0,,lmeds630,374.0,318.9616896483711,5.0,8.0,lmeds630,13.3,3.2,2560
band1,win2816_nfauto,imw-darkfeat-nn-kt0p2,internal,0.258,5.42,21,20.0,5040.0,,lmeds630,375.0,318.9616896483711,5.0,8.0,lmeds630,12.8,3.2,2816
band1,win2944_nfauto,imw-darkfeat-nn-kt0p2,internal,0.261,5.48,21,20.0,5040.0,,lmeds630,376.0,318.9616896483711,5.0,8.0,lmeds630,13.0,3.2,2944
band1,win3328_nfauto,imw-darkfeat-nn-kt0p2,internal,0.26,5.46,21,20.0,5040.0,,lmeds630,377.0,318.9616896483711,5.0,8.0,lmeds630,12.6,3.2,3328
band1,win3968_nfauto,imw-darkfeat-nn-kt0p2,internal,0.285,5.98,21,20.0,5040.0,,lmeds630,378.0,318.9616896483711,5.0,8.0,lmeds630,13.8,3.2,3968
band1,win4096_nfauto,imw-darkfeat-nn-kt0p2,internal,0.255,5.35,21,20.0,5040.0,,lmeds630,379.0,318.9616896483711,5.0,8.0,lmeds630,12.5,3.2,4096
band1,win896_nfauto,disk_epipolar,mnn,0.12,2.52,21,18.0,4217.0,,magsac630,380.0,319.04347776333094,4.0,8.0,magsac630,25.6,0.76,896
band1,win768_nfauto,imw-xfeat-lg,internal,0.281,5.06,18,15.0,5468.0,,lmeds630,381.0,319.1602786310419,4.0,8.0,magsac630,11.8,0.58,768
band1,win640_nfauto,imw-xfeat-lg,internal,0.224,4.25,19,16.0,5922.0,,lmeds630,392.0,320.97857196803693,6.0,8.0,lmeds630,10.9,0.58,640
band1,win2048_nfauto,imw-roma,internal,0.737,15.48,21,14.0,23382.0,,lmeds630,420.0,322.37977786314167,5.0,8.0,lmeds630,45.7,5.35,2048
band1,win1280_nfauto,keynet,lgm,0.227,4.54,20,17.0,3260.0,,lmeds630,423.0,322.9164921679745,4.0,8.0,magsac630,75.6,3.89,1280
band1,win512_nfauto,imw-xfeat-lg,internal,0.162,4.38,27,22.0,7238.0,,lmeds630,427.0,323.9540362706076,7.0,8.0,lmeds630,11.1,0.58,512
band1,win2560_nfauto,imw-rdd-nn-kt0p2,internal,1.14,23.94,21,20.0,9124.0,,lmeds630,430.0,324.0711515397891,4.0,8.0,magsac630,72.5,16.75,2560
band1,win3200_nfauto,imw-gim-roma,internal,0.732,15.38,21,19.0,45607.0,,lmeds630,436.0,324.564230680083,8.0,8.0,magsac630,47.1,5.35,3200
band1,win768_nfauto,imw-gim-roma,internal,0.721,15.15,21,19.0,45684.0,,lmeds630,449.0,327.091362135008,8.0,8.0,lmeds630,45.2,5.35,768
band1,win1408_nfauto,imw-roma,internal,0.73,15.32,21,14.0,23037.0,,lmeds630,450.0,327.86310463316465,5.0,8.0,lmeds630,45.7,5.35,1408
band1,win1792_nfauto,imw-rdd-nn-kt0p2,internal,1.132,23.77,21,19.0,9086.0,,lmeds630,454.0,329.8845713060882,4.0,8.0,magsac630,72.5,16.75,1792
band1,win640_nfauto,imw-ripe-nn-kt0p2,internal,1.51,31.7,21,18.0,3629.0,,lmeds630,459.0,330.4813067346012,4.0,8.0,lmeds630,85.7,32.88,640
band1,win2816_nfauto,imw-roma,internal,0.764,15.27,20,15.0,23706.0,,magsac630,460.0,331.16805381156,5.0,8.0,lmeds630,44.1,5.35,2816
band1,win1152_nfauto,imw-roma,internal,0.715,15.01,21,13.0,23448.0,,lmeds630,463.0,331.5931816796454,5.0,8.0,lmeds630,44.5,5.35,1152
band1,win1024_nfauto,imw-rdd-nn-kt0p2,internal,1.117,23.45,21,19.0,8335.0,,lmeds630,465.0,331.6804208779363,6.0,8.0,lmeds630,72.3,16.75,1024
band1,win3328_nfauto,imw-roma,internal,0.705,14.81,21,16.0,23674.0,,magsac630,467.0,331.83550298581685,5.0,8.0,magsac630,44.2,5.35,3328
band1,win1024_nfauto,imw-roma,internal,0.759,15.19,20,15.0,23617.0,,magsac630,471.0,332.2512570366493,5.0,8.0,lmeds630,44.5,5.35,1024
band1,win2560_nfauto,imw-roma,internal,0.721,15.14,21,15.0,24563.0,,lmeds630,476.0,332.6609284462565,5.0,8.0,magsac630,44.6,5.35,2560
band1,win256_nfauto,disk_epipolar,mnn,0.031,2.75,90,87.0,21609.0,,lmeds630,481.0,333.2058919846172,5.0,8.0,magsac630,33.4,5.22,256
band1,win1280_nfauto,imw-rdd-nn-kt0p2,internal,1.086,22.8,21,19.0,8648.0,,lmeds630,484.0,334.0875081552384,4.0,8.0,magsac630,71.7,16.75,1280
band1,win2176_nfauto,imw-roma,internal,0.719,15.11,21,14.0,23510.0,,lmeds630,487.0,335.07454455661446,5.0,8.0,magsac630,44.3,5.35,2176
band1,win256_nfauto,imw-darkfeat-nn-kt0p2,internal,0.076,6.78,89,79.0,5677.0,,lmeds630,489.0,335.08847352049844,6.0,8.0,magsac630,14.9,0.69,256
band1,win3584_nfauto,disk_depth,nn,0.133,2.8,21,13.0,3713.0,,magsac630,490.0,335.13574498750813,5.0,8.0,magsac630,34.6,12.89,3584
band1,win2688_nfauto,imw-gim-roma,internal,0.728,15.29,21,19.0,45494.0,,lmeds630,491.0,335.5374976323407,8.0,8.0,lmeds630,46.9,5.35,2688
band1,win2944_nfauto,imw-roma,internal,0.697,14.63,21,17.0,24263.0,,magsac630,492.0,335.69366399802624,5.0,8.0,magsac630,44.4,5.35,2944
band1,win1920_nfauto,imw-gim-roma,internal,0.726,15.25,21,19.0,46564.0,,lmeds630,494.0,336.6023434547841,8.0,8.0,magsac630,47.4,5.35,1920
band1,win640_nfauto,disk_epipolar,ada,0.119,2.37,20,18.0,3662.0,,magsac630,495.0,336.95564405537976,5.0,8.0,lmeds630,23.4,0.74,640
band1,win768_nfauto,imw-darkfeat-nn-kt0p2,internal,0.264,5.54,21,19.0,5170.0,,lmeds630,496.0,337.0422319951768,5.0,8.0,lmeds630,13.0,0.7,768
band1,win1280_nfauto,imw-roma,internal,0.779,15.57,20,15.0,23309.0,,magsac630,497.0,337.41617844441754,5.0,8.0,lmeds630,45.8,5.35,1280
band1,win384_nfauto,disk_depth,mnn,0.046,2.27,49,32.0,5606.0,,lmeds630,499.0,338.96778239855706,4.0,8.0,magsac630,32.7,12.89,384
band1,win256_nfauto,dog_sosnet,mnn,0.055,4.91,89,87.0,8405.0,,lmeds630,500.0,339.0975471379732,5.0,8.0,magsac630,41.3,0.94,256
band1,win256_nfauto,disk_depth,mnn,0.031,2.79,90,89.0,9894.0,,lmeds630,502.0,340.25977870946554,5.0,8.0,magsac630,41.3,12.89,256
band1,win3072_nfauto,keynet,lgm,0.221,4.42,20,17.0,3240.0,,lmeds630,506.0,341.76154670515393,5.0,8.0,lmeds630,74.7,3.89,3072
band1,win1152_nfauto,imw-gim-roma,internal,0.719,15.1,21,19.0,44692.0,,lmeds630,508.0,342.7529400409356,8.0,8.0,magsac630,45.3,5.35,1152
band1,win2304_nfauto,imw-roma,internal,0.712,14.95,21,16.0,22447.0,,magsac630,509.0,342.8682796097915,5.0,8.0,magsac630,45.2,5.35,2304
band1,win4096_nfauto,imw-roma,internal,0.721,15.13,21,13.0,22363.0,,lmeds630,511.0,344.2238773355616,5.0,8.0,magsac630,44.3,5.35,4096
band1,win3584_nfauto,imw-roma,internal,0.745,15.65,21,16.0,22957.0,,magsac630,512.0,345.23952042493016,5.0,8.0,magsac630,46.7,5.35,3584
band1,win1152_nfauto,imw-ripe-nn-kt0p2,internal,1.21,25.41,21,18.0,3038.0,,lmeds630,514.0,345.4674878269911,4.0,8.0,lmeds630,80.7,32.88,1152
band1,win1920_nfauto,imw-ripe-nn-kt0p2,internal,1.2,25.19,21,18.0,3038.0,,lmeds630,515.0,345.4674878269911,4.0,8.0,lmeds630,79.2,32.88,1920
band1,win3840_nfauto,imw-ripe-nn-kt0p2,internal,1.193,25.06,21,18.0,3038.0,,lmeds630,516.0,345.4674878269911,4.0,8.0,lmeds630,79.0,32.88,3840
band1,win1280_nfauto,dedode_L-upright_B-upright,mnn,0.185,3.88,21,17.0,5026.0,,magsac630,519.0,346.4796085905657,4.0,8.0,magsac630,199.3,32.92,1280
band1,win1152_nfauto,imw-rdd-nn-kt0p2,internal,1.115,23.41,21,19.0,8482.0,,lmeds630,521.0,347.41958673517524,6.0,8.0,lmeds630,72.1,16.75,1152
band1,win256_nfauto,loftr,loftr_internal,0.714,64.25,90,86.0,7086.0,,lmeds630,522.0,347.8031954618937,4.0,8.0,magsac630,142.8,32.69,256
band1,win2432_nfauto,imw-gim-roma,internal,0.744,15.61,21,19.0,45279.0,,lmeds630,525.0,349.82366247193244,8.0,8.0,magsac630,47.8,5.35,2432
band1,win1920_nfauto,imw-roma,internal,0.716,15.04,21,14.0,22804.0,,lmeds630,527.0,351.69416218220186,5.0,8.0,lmeds630,44.6,5.35,1920
band1,win896_nfauto,dog_hynet,mnn,0.13,2.73,21,17.0,1808.0,,magsac630,528.0,351.82676895715144,4.0,8.0,magsac630,24.1,4.49,896
band1,win1024_nfauto,dog_hynet,mnn,0.137,2.87,21,17.0,1808.0,,magsac630,529.0,351.82676895715144,4.0,8.0,magsac630,25.4,4.49,1024
band1,win1152_nfauto,dog_hynet,mnn,0.126,2.64,21,17.0,1808.0,,magsac630,530.0,351.82676895715144,4.0,8.0,magsac630,23.5,4.49,1152
band1,win1280_nfauto,dog_hynet,mnn,0.129,2.7,21,17.0,1808.0,,magsac630,531.0,351.82676895715144,4.0,8.0,magsac630,23.9,4.49,1280
band1,win1408_nfauto,dog_hynet,mnn,0.129,2.71,21,17.0,1808.0,,magsac630,532.0,351.82676895715144,4.0,8.0,magsac630,24.0,4.49,1408
band1,win1536_nfauto,dog_hynet,mnn,0.125,2.63,21,17.0,1808.0,,magsac630,533.0,351.82676895715144,4.0,8.0,magsac630,23.4,4.49,1536
band1,win1664_nfauto,dog_hynet,mnn,0.13,2.73,21,17.0,1808.0,,magsac630,534.0,351.82676895715144,4.0,8.0,magsac630,24.1,4.49,1664
band1,win1792_nfauto,dog_hynet,mnn,0.13,2.74,21,17.0,1808.0,,magsac630,535.0,351.82676895715144,4.0,8.0,magsac630,24.3,4.49,1792
band1,win1920_nfauto,dog_hynet,mnn,0.128,2.69,21,17.0,1808.0,,magsac630,536.0,351.82676895715144,4.0,8.0,magsac630,24.0,4.49,1920
band1,win2048_nfauto,dog_hynet,mnn,0.136,2.86,21,17.0,1808.0,,magsac630,537.0,351.82676895715144,4.0,8.0,magsac630,25.4,4.49,2048
band1,win2176_nfauto,dog_hynet,mnn,0.137,2.88,21,17.0,1808.0,,magsac630,538.0,351.82676895715144,4.0,8.0,magsac630,25.7,4.49,2176
band1,win2304_nfauto,dog_hynet,mnn,0.13,2.74,21,17.0,1808.0,,magsac630,539.0,351.82676895715144,4.0,8.0,magsac630,24.2,4.49,2304
band1,win2432_nfauto,dog_hynet,mnn,0.129,2.71,21,17.0,1808.0,,magsac630,540.0,351.82676895715144,4.0,8.0,magsac630,23.9,4.49,2432
band1,win2560_nfauto,dog_hynet,mnn,0.126,2.65,21,17.0,1808.0,,magsac630,541.0,351.82676895715144,4.0,8.0,magsac630,23.5,4.49,2560
band1,win2688_nfauto,dog_hynet,mnn,0.128,2.7,21,17.0,1808.0,,magsac630,542.0,351.82676895715144,4.0,8.0,magsac630,24.2,4.49,2688
band1,win2816_nfauto,dog_hynet,mnn,0.127,2.66,21,17.0,1808.0,,magsac630,543.0,351.82676895715144,4.0,8.0,magsac630,23.6,4.49,2816
band1,win2944_nfauto,dog_hynet,mnn,0.131,2.74,21,17.0,1808.0,,magsac630,544.0,351.82676895715144,4.0,8.0,magsac630,24.4,4.49,2944
band1,win3072_nfauto,dog_hynet,mnn,0.13,2.73,21,17.0,1808.0,,magsac630,545.0,351.82676895715144,4.0,8.0,magsac630,24.2,4.49,3072
band1,win3200_nfauto,dog_hynet,mnn,0.131,2.75,21,17.0,1808.0,,magsac630,546.0,351.82676895715144,4.0,8.0,magsac630,24.7,4.49,3200
band1,win3328_nfauto,dog_hynet,mnn,0.129,2.71,21,17.0,1808.0,,magsac630,547.0,351.82676895715144,4.0,8.0,magsac630,24.0,4.49,3328
band1,win3456_nfauto,dog_hynet,mnn,0.125,2.61,21,17.0,1808.0,,magsac630,548.0,351.82676895715144,4.0,8.0,magsac630,23.4,4.49,3456
band1,win3584_nfauto,dog_hynet,mnn,0.126,2.66,21,17.0,1808.0,,magsac630,549.0,351.82676895715144,4.0,8.0,magsac630,24.4,4.49,3584
band1,win3840_nfauto,dog_hynet,mnn,0.127,2.66,21,17.0,1808.0,,magsac630,550.0,351.82676895715144,4.0,8.0,magsac630,23.8,4.49,3840
band1,win3968_nfauto,dog_hynet,mnn,0.143,3.0,21,17.0,1808.0,,magsac630,551.0,351.82676895715144,4.0,8.0,magsac630,26.5,4.49,3968
band1,win4096_nfauto,dog_hynet,mnn,0.129,2.72,21,17.0,1808.0,,magsac630,552.0,351.82676895715144,4.0,8.0,magsac630,24.0,4.49,4096
band1,win384_nfauto,imw-minima-loftr,internal,1.034,44.47,43,34.0,5189.0,,magsac630,553.0,351.8711613432768,4.0,8.0,lmeds630,89.3,33.05,384
band1,win256_nfauto,imw-eloftr,internal,0.1,8.38,84,63.0,5431.0,,lmeds630,555.0,351.9811433361709,5.0,8.0,lmeds630,27.1,17.14,256
band1,win3712_nfauto,dog_hynet,mnn,0.129,2.72,21,17.0,1812.0,,magsac630,556.0,352.03683216655503,4.0,8.0,magsac630,24.9,4.49,3712
band1,win256_nfauto,imw-aspanformer,internal,0.274,23.29,85,70.0,7793.0,,lmeds630,557.0,353.3793215766464,5.0,8.0,magsac630,67.9,32.71,256
band1,win256_nfauto,dog_hardnet,lgm,0.079,7.0,89,70.0,3393.0,,lmeds630,558.0,353.5326933734693,4.0,8.0,magsac630,70.0,1.39,256
band1,win3200_nfauto,imw-roma,internal,0.735,15.43,21,18.0,23559.0,,magsac630,559.0,354.5548286584977,5.0,8.0,lmeds630,48.5,5.35,3200
band1,win3456_nfauto,imw-xoftr,internal,0.452,9.49,21,19.0,6459.0,,lmeds630,561.0,355.90292791376487,5.0,8.0,magsac630,24.2,19.46,3456
band1,win256_nfauto,imw-xoftr,internal,0.073,6.4,88,80.0,7740.0,,lmeds630,563.0,356.3361435026541,5.0,8.0,magsac630,21.0,19.46,256
band1,win256_nfauto,imw-rdd-nn-kt0p2,internal,0.223,19.83,89,82.0,7870.0,,lmeds630,566.0,357.19144568972456,4.0,8.0,magsac630,68.0,16.74,256
band1,win512_nfauto,imw-eloftr,internal,0.414,11.58,28,22.0,6264.0,,lmeds630,567.0,357.46022780876206,5.0,8.0,lmeds630,30.0,17.14,512
band1,win2048_nfauto,imw-aspanformer,internal,1.236,24.72,20,18.0,11202.0,,lmeds630,568.0,357.66707167338893,7.0,8.0,magsac630,70.0,32.72,2048
band1,win1280_nfauto,imw-aspanformer,internal,1.197,23.95,20,18.0,11186.0,,lmeds630,569.0,358.1404625647747,7.0,8.0,magsac630,68.0,32.72,1280
band1,win2944_nfauto,imw-aspanformer,internal,1.214,24.27,20,18.0,11188.0,,lmeds630,572.0,358.722084367735,7.0,8.0,magsac630,68.7,32.72,2944
band1,win3584_nfauto,imw-aspanformer,internal,1.218,24.36,20,19.0,11202.0,,lmeds630,573.0,358.80005464670506,7.0,8.0,magsac630,69.1,32.72,3584
band1,win1152_nfauto,imw-aspanformer,internal,1.191,23.81,20,18.0,11206.0,,lmeds630,574.0,358.9755130874366,7.0,8.0,magsac630,67.8,32.72,1152
band1,win3840_nfauto,imw-aspanformer,internal,1.2,24.01,20,18.0,11190.0,,lmeds630,577.0,359.5997475257996,7.0,8.0,magsac630,68.1,32.72,3840
band1,win1024_nfauto,imw-aspanformer,internal,1.226,24.52,20,18.0,11190.0,,lmeds630,578.0,359.602554713573,7.0,8.0,magsac630,69.2,32.72,1024
band1,win4096_nfauto,imw-aspanformer,internal,1.207,24.14,20,19.0,11207.0,,lmeds630,579.0,359.69328036243445,7.0,8.0,magsac630,68.5,32.72,4096
band1,win2304_nfauto,imw-aspanformer,internal,1.232,24.63,20,19.0,11160.0,,lmeds630,580.0,360.01723543963124,6.0,8.0,magsac630,69.9,32.72,2304
band1,win768_nfauto,imw-roma,internal,0.759,15.19,20,16.0,23385.0,,magsac630,582.0,360.6964589979901,5.0,8.0,lmeds630,44.3,5.35,768
band1,win1792_nfauto,imw-aspanformer,internal,1.212,24.24,20,18.0,11203.0,,lmeds630,583.0,360.8272980152665,7.0,8.0,magsac630,68.3,32.72,1792
band1,win1408_nfauto,imw-aspanformer,internal,1.179,23.58,20,18.0,11180.0,,lmeds630,584.0,360.8520143787135,7.0,8.0,magsac630,67.9,32.72,1408
band1,win3200_nfauto,imw-aspanformer,internal,1.193,23.86,20,18.0,11203.0,,lmeds630,585.0,360.8532365087143,7.0,8.0,magsac630,67.9,32.72,3200
band1,win1664_nfauto,imw-aspanformer,internal,1.205,24.1,20,19.0,11190.0,,lmeds630,586.0,360.8741662286069,7.0,8.0,magsac630,68.5,32.72,1664
band1,win2688_nfauto,imw-aspanformer,internal,1.229,24.58,20,18.0,11203.0,,lmeds630,587.0,360.877960167965,7.0,8.0,magsac630,69.4,32.72,2688
band1,win3072_nfauto,imw-aspanformer,internal,1.237,24.74,20,19.0,11207.0,,lmeds630,588.0,361.0807047463399,7.0,8.0,magsac630,70.1,32.72,3072
band1,win2560_nfauto,imw-aspanformer,internal,1.226,24.53,20,19.0,11187.0,,lmeds630,589.0,361.1564689683429,7.0,8.0,magsac630,69.3,32.72,2560
band1,win2176_nfauto,imw-aspanformer,internal,1.181,23.62,20,19.0,11191.0,,lmeds630,590.0,361.3847082510144,7.0,8.0,magsac630,68.1,32.72,2176
band1,win1536_nfauto,imw-aspanformer,internal,1.181,23.62,20,19.0,11191.0,,lmeds630,591.0,361.3968323499503,7.0,8.0,magsac630,67.5,32.72,1536
band1,win2816_nfauto,imw-aspanformer,internal,1.203,24.05,20,19.0,11192.0,,lmeds630,592.0,361.4236105254637,7.0,8.0,magsac630,68.3,32.72,2816
band1,win2432_nfauto,imw-xoftr,internal,0.451,9.47,21,19.0,6455.0,,lmeds630,594.0,361.6885857538546,5.0,8.0,magsac630,23.8,19.46,2432
band1,win2816_nfauto,imw-xoftr,internal,0.452,9.48,21,19.0,6455.0,,lmeds630,595.0,361.6885857538546,5.0,8.0,magsac630,23.9,19.46,2816
band1,win2432_nfauto,imw-aspanformer,internal,1.224,24.49,20,18.0,11221.0,,lmeds630,597.0,361.88018165213794,7.0,8.0,magsac630,69.5,32.72,2432
band1,win640_nfauto,imw-aspanformer,internal,1.396,27.92,20,19.0,9788.0,,lmeds630,599.0,362.7849425960357,6.0,8.0,magsac630,72.9,32.71,640
band1,win3968_nfauto,imw-aspanformer,internal,1.192,23.85,20,19.0,11191.0,,lmeds630,601.0,363.8654457319062,6.0,8.0,magsac630,68.3,32.72,3968
band1,win3840_nfauto,imw-xoftr,internal,0.46,9.67,21,20.0,6483.0,,lmeds630,602.0,364.7079719923646,5.0,8.0,magsac630,24.5,19.46,3840
band1,win3712_nfauto,imw-aspanformer,internal,1.242,24.85,20,19.0,11200.0,,lmeds630,603.0,365.4926042448044,7.0,8.0,magsac630,70.0,32.72,3712
band1,win1152_nfauto,imw-xoftr,internal,0.458,9.63,21,20.0,6450.0,,lmeds630,605.0,365.60045309793065,5.0,8.0,magsac630,24.3,19.46,1152
band1,win2816_nfauto,disk_depth,ada,0.128,2.7,21,15.0,4463.0,,magsac630,606.0,366.1930062972955,4.0,8.0,magsac630,32.5,12.89,2816
band1,win384_nfauto,disk_epipolar,mnn,0.047,2.29,49,34.0,3660.0,,magsac630,607.0,366.4621328113357,4.0,8.0,magsac630,24.6,0.74,384
band1,win768_nfauto,imw-aspanformer,internal,1.457,29.14,20,19.0,11028.0,,lmeds630,610.0,367.30876832826686,6.0,8.0,magsac630,74.0,32.72,768
band1,win256_nfauto,imw-d2net-nn-kt0p2,internal,0.119,9.08,76,48.0,1430.0,,lmeds630,611.0,367.6783150516249,4.0,8.0,magsac630,17.8,0.67,256
band1,win1664_nfauto,keynet,lgm,0.222,4.43,20,17.0,3247.0,,lmeds630,612.0,367.9028343121891,5.0,8.0,lmeds630,74.9,3.89,1664
band1,win896_nfauto,imw-aspanformer,internal,1.204,24.07,20,19.0,11187.0,,lmeds630,614.0,370.6394393636948,7.0,8.0,magsac630,68.3,32.72,896
band1,win1920_nfauto,imw-aspanformer,internal,1.182,23.63,20,18.0,11180.0,,lmeds630,615.0,372.2422943600026,7.0,8.0,magsac630,67.6,32.72,1920
band1,win1408_nfauto,imw-rdd-nn-kt0p2,internal,1.126,23.64,21,20.0,8828.0,,lmeds630,617.0,374.0175756909716,6.0,8.0,lmeds630,71.8,16.75,1408
band1,win3456_nfauto,imw-gim-roma,internal,0.719,15.11,21,19.0,46772.0,,lmeds630,618.0,374.56229523466754,8.0,8.0,magsac630,49.3,5.35,3456
band1,win1536_nfauto,imw-gim-roma,internal,0.708,14.87,21,19.0,46169.0,,lmeds630,621.0,376.2978566093983,8.0,8.0,magsac630,44.6,5.35,1536
band1,win3072_nfauto,imw-xoftr,internal,0.451,9.48,21,20.0,6471.0,,lmeds630,622.0,376.3505835240712,5.0,8.0,magsac630,23.8,19.46,3072
band1,win3456_nfauto,imw-aspanformer,internal,1.189,23.77,20,19.0,11190.0,,lmeds630,624.0,377.811752514806,7.0,8.0,magsac630,67.9,32.72,3456
band1,win3840_nfauto,imw-rdd-nn-kt0p2,internal,1.104,23.19,21,19.0,9102.0,,lmeds630,625.0,378.1536708995645,5.0,8.0,lmeds630,71.3,16.75,3840
band1,win3968_nfauto,disk_depth,ada,0.129,2.71,21,15.0,4377.0,,magsac630,626.0,379.8302610969789,4.0,8.0,magsac630,32.5,12.89,3968
band1,win1536_nfauto,disk_depth,ada,0.131,2.76,21,15.0,4447.0,,magsac630,627.0,380.27695101543975,4.0,8.0,magsac630,33.5,12.89,1536
band1,win384_nfauto,imw-eloftr,internal,0.239,10.52,44,31.0,5863.0,,lmeds630,630.0,382.4489799389872,4.0,8.0,lmeds630,28.9,17.14,384
band1,win2048_nfauto,imw-rdd-nn-kt0p2,internal,1.13,23.74,21,19.0,9115.0,,lmeds630,632.0,382.7814998834976,5.0,8.0,lmeds630,72.3,16.75,2048
band1,win768_nfauto,disk_depth,ada,0.125,2.63,21,14.0,5720.0,,lmeds630,633.0,382.8297964565196,4.0,8.0,magsac630,32.8,12.89,768
band1,win3072_nfauto,imw-rdd-nn-kt0p2,internal,1.115,23.42,21,19.0,9110.0,,lmeds630,634.0,382.8817294208432,5.0,8.0,lmeds630,71.8,16.75,3072
band1,win3712_nfauto,imw-rdd-nn-kt0p2,internal,1.114,23.4,21,21.0,9126.0,,lmeds630,635.0,382.8969384312514,5.0,8.0,lmeds630,72.1,16.75,3712
band1,win1408_nfauto,disk_depth,ada,0.128,2.69,21,15.0,4423.0,,magsac630,636.0,383.0762166459716,4.0,8.0,magsac630,32.7,12.89,1408
band1,win512_nfauto,dog_hynet,mnn,0.098,2.94,30,19.0,1911.0,,magsac630,637.0,385.0155457096112,4.0,8.0,magsac630,26.6,2.5,512
band1,win640_nfauto,imw-topicfm,internal,1.227,25.78,21,19.0,8415.0,,lmeds630,638.0,385.2198900016024,5.0,8.0,lmeds630,72.8,24.94,640
band1,win3328_nfauto,imw-eloftr,internal,0.481,9.62,20,19.0,6730.0,,lmeds630,639.0,385.9105434317328,4.0,8.0,magsac630,28.2,17.14,3328
band1,win1536_nfauto,imw-eloftr,internal,0.486,9.72,20,19.0,6730.0,,lmeds630,640.0,386.0107530928241,4.0,8.0,magsac630,28.1,17.14,1536
band1,win1792_nfauto,imw-eloftr,internal,0.48,9.6,20,19.0,6730.0,,lmeds630,641.0,386.0107530928241,4.0,8.0,magsac630,28.0,17.14,1792
band1,win1920_nfauto,imw-eloftr,internal,0.48,9.61,20,19.0,6722.0,,lmeds630,642.0,386.0107530928241,4.0,8.0,magsac630,28.2,17.14,1920
band1,win2048_nfauto,imw-eloftr,internal,0.488,9.76,20,19.0,6722.0,,lmeds630,643.0,386.0107530928241,4.0,8.0,magsac630,28.7,17.14,2048
band1,win2176_nfauto,imw-eloftr,internal,0.484,9.67,20,19.0,6730.0,,lmeds630,644.0,386.0107530928241,4.0,8.0,magsac630,28.3,17.14,2176
band1,win2432_nfauto,imw-eloftr,internal,0.486,9.73,20,19.0,6748.0,,lmeds630,645.0,386.0107530928241,4.0,8.0,magsac630,28.7,17.14,2432
band1,win2944_nfauto,imw-eloftr,internal,0.485,9.71,20,19.0,6730.0,,lmeds630,646.0,386.0107530928241,4.0,8.0,magsac630,28.1,17.14,2944
band1,win4096_nfauto,imw-eloftr,internal,0.488,9.76,20,19.0,6721.0,,lmeds630,647.0,386.0107530928241,4.0,8.0,magsac630,28.1,17.14,4096
band1,win2688_nfauto,imw-eloftr,internal,0.494,9.87,20,19.0,6722.0,,lmeds630,648.0,386.0113632127076,4.0,8.0,magsac630,28.8,17.14,2688
band1,win2816_nfauto,imw-eloftr,internal,0.48,9.59,20,19.0,6757.0,,lmeds630,649.0,386.0496562612166,4.0,8.0,magsac630,27.9,17.14,2816
band1,win1664_nfauto,imw-eloftr,internal,0.479,9.58,20,19.0,6725.0,,lmeds630,650.0,386.185332623255,4.0,8.0,magsac630,27.9,17.14,1664
band1,win1024_nfauto,imw-eloftr,internal,0.481,9.63,20,19.0,6724.0,,lmeds630,651.0,386.3875326251045,4.0,8.0,magsac630,28.1,17.14,1024
band1,win3840_nfauto,imw-eloftr,internal,0.483,9.66,20,19.0,6740.0,,lmeds630,652.0,386.3875326251045,4.0,8.0,magsac630,28.2,17.14,3840
band1,win3712_nfauto,imw-eloftr,internal,0.48,9.61,20,19.0,6725.0,,lmeds630,653.0,386.3878154741904,4.0,8.0,magsac630,28.1,17.14,3712
band1,win2560_nfauto,disk_depth,ada,0.127,2.66,21,14.0,5961.0,,lmeds630,654.0,386.468963032085,4.0,8.0,magsac630,32.3,12.89,2560
band1,win3584_nfauto,disk_depth,ada,0.133,2.79,21,14.0,5961.0,,lmeds630,655.0,386.468963032085,4.0,8.0,magsac630,34.6,12.89,3584
band1,win896_nfauto,imw-eloftr,internal,0.479,9.59,20,19.0,6724.0,,lmeds630,656.0,386.55555992642616,4.0,8.0,magsac630,28.1,17.14,896
band1,win1280_nfauto,imw-eloftr,internal,0.494,9.87,20,19.0,6723.0,,lmeds630,657.0,386.55555992642616,4.0,8.0,magsac630,28.6,17.14,1280
band1,win2304_nfauto,imw-eloftr,internal,0.607,12.13,20,19.0,6725.0,,lmeds630,658.0,386.55555992642616,4.0,8.0,magsac630,31.4,17.14,2304
band1,win2560_nfauto,imw-eloftr,internal,0.46,9.67,21,19.0,6732.0,,lmeds630,659.0,386.55555992642616,4.0,8.0,magsac630,31.1,17.14,2560
band1,win3072_nfauto,imw-eloftr,internal,0.484,9.68,20,19.0,6724.0,,lmeds630,660.0,386.55555992642616,4.0,8.0,magsac630,28.4,17.14,3072
band1,win3456_nfauto,imw-eloftr,internal,0.484,9.69,20,19.0,6750.0,,lmeds630,661.0,386.55555992642616,4.0,8.0,magsac630,28.4,17.14,3456
band1,win3584_nfauto,imw-eloftr,internal,0.485,9.7,20,19.0,6724.0,,lmeds630,662.0,386.55555992642616,4.0,8.0,magsac630,28.7,17.14,3584
band1,win3968_nfauto,imw-eloftr,internal,0.484,9.69,20,19.0,6724.0,,lmeds630,663.0,386.55555992642616,4.0,8.0,magsac630,28.2,17.14,3968
band1,win1152_nfauto,imw-eloftr,internal,0.483,9.66,20,18.0,6733.0,,lmeds630,664.0,386.5738456473322,4.0,8.0,magsac630,28.2,17.14,1152
band1,win1408_nfauto,imw-eloftr,internal,0.481,9.63,20,19.0,6745.0,,lmeds630,665.0,386.7417898509228,4.0,8.0,magsac630,28.1,17.14,1408
band1,win3200_nfauto,imw-eloftr,internal,0.48,9.6,20,19.0,6750.0,,lmeds630,666.0,386.7417898509228,4.0,8.0,magsac630,28.1,17.14,3200
band1,win3072_nfauto,imw-gim-roma,internal,0.737,15.47,21,19.0,46845.0,,lmeds630,668.0,388.8251048846413,8.0,8.0,magsac630,47.4,5.35,3072
band1,win256_nfauto,disk_epipolar,ada,0.038,3.24,85,82.0,17360.0,,lmeds630,669.0,389.42046340137546,5.0,8.0,magsac630,33.4,5.22,256
band1,win640_nfauto,imw-eloftr,internal,0.517,9.83,19,18.0,6183.0,,lmeds630,696.0,391.23928575643953,4.0,8.0,magsac630,28.5,17.14,640
band1,win384_nfauto,dog_hardnet,lgm,0.085,4.19,49,38.0,3506.0,,lmeds630,697.0,392.3220973403323,4.0,8.0,magsac630,48.5,1.56,384
band1,win2176_nfauto,disk_depth,ada,0.129,2.71,21,14.0,5966.0,,lmeds630,698.0,393.8201724720871,4.0,8.0,magsac630,32.6,12.89,2176
band1,win1024_nfauto,disk_depth,ada,0.127,2.66,21,14.0,5980.0,,lmeds630,700.0,393.8569650294575,4.0,8.0,magsac630,32.0,12.89,1024
band1,win1664_nfauto,disk_depth,ada,0.127,2.68,21,14.0,5980.0,,lmeds630,701.0,393.8569650294575,4.0,8.0,magsac630,32.8,12.89,1664
band1,win3328_nfauto,disk_depth,ada,0.132,2.77,21,14.0,5980.0,,lmeds630,702.0,393.8569650294575,4.0,8.0,magsac630,33.6,12.89,3328
band1,win3456_nfauto,disk_depth,ada,0.127,2.66,21,14.0,5980.0,,lmeds630,703.0,393.8569650294575,4.0,8.0,magsac630,32.1,12.89,3456
band1,win4096_nfauto,disk_depth,ada,0.127,2.67,21,14.0,5980.0,,lmeds630,704.0,393.8569650294575,4.0,8.0,magsac630,32.1,12.89,4096
band1,win896_nfauto,disk_depth,ada,0.127,2.67,21,14.0,5962.0,,lmeds630,705.0,393.9578619371667,4.0,8.0,magsac630,33.3,12.89,896
band1,win1152_nfauto,disk_depth,ada,0.129,2.7,21,14.0,5962.0,,lmeds630,706.0,393.9578619371667,4.0,8.0,magsac630,32.5,12.89,1152
band1,win1280_nfauto,disk_depth,ada,0.128,2.69,21,15.0,6134.0,,lmeds630,707.0,393.9578619371667,4.0,8.0,magsac630,32.3,12.89,1280
band1,win1792_nfauto,disk_depth,ada,0.132,2.76,21,14.0,5962.0,,lmeds630,708.0,393.9578619371667,4.0,8.0,magsac630,32.6,12.89,1792
band1,win1920_nfauto,disk_depth,ada,0.126,2.65,21,14.0,5962.0,,lmeds630,709.0,393.9578619371667,4.0,8.0,magsac630,32.1,12.89,1920
band1,win2048_nfauto,disk_depth,ada,0.127,2.66,21,14.0,5962.0,,lmeds630,710.0,393.9578619371667,4.0,8.0,magsac630,32.0,12.89,2048
band1,win2304_nfauto,disk_depth,ada,0.13,2.73,21,14.0,5962.0,,lmeds630,711.0,393.9578619371667,4.0,8.0,magsac630,32.6,12.89,2304
band1,win2432_nfauto,disk_depth,ada,0.127,2.66,21,14.0,5962.0,,lmeds630,712.0,393.9578619371667,4.0,8.0,magsac630,32.1,12.89,2432
band1,win2944_nfauto,disk_depth,ada,0.129,2.71,21,14.0,5962.0,,lmeds630,713.0,393.9578619371667,4.0,8.0,magsac630,33.2,12.89,2944
band1,win3072_nfauto,disk_depth,ada,0.128,2.68,21,14.0,5962.0,,lmeds630,714.0,393.9578619371667,4.0,8.0,magsac630,32.1,12.89,3072
band1,win3200_nfauto,disk_depth,ada,0.129,2.7,21,14.0,5962.0,,lmeds630,715.0,393.9578619371667,4.0,8.0,magsac630,32.5,12.89,3200
band1,win3712_nfauto,disk_depth,ada,0.129,2.71,21,14.0,5962.0,,lmeds630,716.0,393.9578619371667,4.0,8.0,magsac630,32.3,12.89,3712
band1,win3840_nfauto,disk_depth,ada,0.132,2.78,21,14.0,5962.0,,lmeds630,717.0,393.9578619371667,4.0,8.0,magsac630,33.0,12.89,3840
band1,win2688_nfauto,disk_depth,ada,0.128,2.69,21,14.0,5960.0,,lmeds630,720.0,397.3313432815522,4.0,8.0,magsac630,32.6,12.89,2688
band1,win640_nfauto,imw-darkfeat-nn-kt0p2,internal,0.235,4.93,21,18.0,4259.0,,lmeds630,722.0,403.15519365125056,4.0,8.0,lmeds630,12.1,3.06,640
band1,win3968_nfauto,imw-gim-roma,internal,0.727,15.27,21,19.0,47321.0,,lmeds630,723.0,403.4695611855928,8.0,8.0,magsac630,45.6,5.35,3968
band1,win1664_nfauto,imw-topicfm,internal,1.116,23.43,21,19.0,8381.0,,lmeds630,725.0,404.4516628495804,5.0,8.0,lmeds630,64.1,24.94,1664
band1,win640_nfauto,hessian,ada,0.139,2.65,19,17.0,2491.0,,magsac630,726.0,404.6375702203845,4.0,8.0,lmeds630,36.9,4.24,640
band1,win3584_nfauto,imw-topicfm,internal,1.139,23.91,21,19.0,8366.0,,lmeds630,727.0,404.84094203630383,5.0,8.0,lmeds630,64.9,24.94,3584
band1,win768_nfauto,dog_hynet,mnn,0.132,2.78,21,17.0,1897.0,,magsac630,728.0,405.3529883095045,4.0,8.0,magsac630,24.9,4.49,768
band1,win256_nfauto,imw-minima-loftr,internal,0.365,32.09,88,69.0,6448.0,,lmeds630,730.0,409.16306621473535,4.0,8.0,lmeds630,76.4,33.05,256
band1,win384_nfauto,disk_epipolar,ada,0.052,2.52,48,38.0,3311.0,,magsac630,731.0,410.38495290996497,4.0,8.0,magsac630,24.6,0.74,384
band1,win896_nfauto,hessian,ada,0.153,2.91,19,17.0,2567.0,,magsac630,732.0,411.2970216134638,4.0,8.0,lmeds630,48.2,6.36,896
band1,win1024_nfauto,hessian,ada,0.164,3.12,19,17.0,2567.0,,magsac630,733.0,411.2970216134638,4.0,8.0,lmeds630,50.8,6.36,1024
band1,win1152_nfauto,hessian,ada,0.147,2.79,19,17.0,2567.0,,magsac630,734.0,411.2970216134638,4.0,8.0,lmeds630,47.6,6.36,1152
band1,win1280_nfauto,hessian,ada,0.147,2.79,19,17.0,2567.0,,magsac630,735.0,411.2970216134638,4.0,8.0,lmeds630,48.2,6.36,1280
band1,win1408_nfauto,hessian,ada,0.142,2.71,19,17.0,2567.0,,magsac630,736.0,411.2970216134638,4.0,8.0,lmeds630,46.9,6.36,1408
band1,win1664_nfauto,hessian,ada,0.153,2.91,19,17.0,2567.0,,magsac630,737.0,411.2970216134638,4.0,8.0,lmeds630,50.5,6.36,1664
band1,win1920_nfauto,hessian,ada,0.145,2.76,19,17.0,2567.0,,magsac630,738.0,411.2970216134638,4.0,8.0,lmeds630,47.4,6.36,1920
band1,win2048_nfauto,hessian,ada,0.16,3.05,19,17.0,2567.0,,magsac630,739.0,411.2970216134638,4.0,8.0,lmeds630,49.4,6.36,2048
band1,win2304_nfauto,hessian,ada,0.172,3.27,19,17.0,2567.0,,magsac630,740.0,411.2970216134638,4.0,8.0,lmeds630,51.6,6.36,2304
band1,win2432_nfauto,hessian,ada,0.151,2.87,19,17.0,2567.0,,magsac630,741.0,411.2970216134638,4.0,8.0,lmeds630,48.1,6.36,2432
band1,win2560_nfauto,hessian,ada,0.145,2.76,19,17.0,2567.0,,magsac630,742.0,411.2970216134638,4.0,8.0,lmeds630,48.3,6.36,2560
band1,win2688_nfauto,hessian,ada,0.145,2.76,19,17.0,2567.0,,magsac630,743.0,411.2970216134638,4.0,8.0,lmeds630,48.2,6.36,2688
band1,win2816_nfauto,hessian,ada,0.146,2.78,19,17.0,2567.0,,magsac630,744.0,411.2970216134638,4.0,8.0,lmeds630,47.4,6.36,2816
band1,win2944_nfauto,hessian,ada,0.154,2.92,19,17.0,2567.0,,magsac630,745.0,411.2970216134638,4.0,8.0,lmeds630,48.6,6.36,2944
band1,win3072_nfauto,hessian,ada,0.153,2.91,19,17.0,2567.0,,magsac630,746.0,411.2970216134638,4.0,8.0,lmeds630,48.6,6.36,3072
band1,win3200_nfauto,hessian,ada,0.151,2.86,19,17.0,2567.0,,magsac630,747.0,411.2970216134638,4.0,8.0,lmeds630,49.1,6.36,3200
band1,win3328_nfauto,hessian,ada,0.147,2.79,19,17.0,2567.0,,magsac630,748.0,411.2970216134638,4.0,8.0,lmeds630,48.3,6.36,3328
band1,win3456_nfauto,hessian,ada,0.144,2.74,19,17.0,2567.0,,magsac630,749.0,411.2970216134638,4.0,8.0,lmeds630,47.1,6.36,3456
band1,win3712_nfauto,hessian,ada,0.153,2.9,19,17.0,2567.0,,magsac630,750.0,411.2970216134638,4.0,8.0,lmeds630,48.3,6.36,3712
band1,win3840_nfauto,hessian,ada,0.162,3.07,19,17.0,2567.0,,magsac630,751.0,411.2970216134638,4.0,8.0,lmeds630,49.5,6.36,3840
band1,win3968_nfauto,hessian,ada,0.148,2.82,19,17.0,2567.0,,magsac630,752.0,411.2970216134638,4.0,8.0,lmeds630,48.0,6.36,3968
band1,win4096_nfauto,hessian,ada,0.15,2.85,19,17.0,2567.0,,magsac630,753.0,411.2970216134638,4.0,8.0,lmeds630,48.0,6.36,4096
band1,win512_nfauto,dog_sosnet,mnn,0.084,2.53,30,20.0,1956.0,,magsac630,754.0,411.7727691605853,4.0,8.0,magsac630,22.6,0.98,512
band1,win4096_nfauto,imw-topicfm,internal,1.122,23.56,21,18.0,8355.0,,lmeds630,755.0,411.7955536202954,5.0,8.0,lmeds630,64.5,24.94,4096
band1,win1024_nfauto,imw-topicfm,internal,1.115,23.42,21,18.0,8332.0,,lmeds630,756.0,411.81617412443785,5.0,8.0,lmeds630,64.1,24.94,1024
band1,win768_nfauto,hessian,ada,0.152,2.89,19,17.0,2647.0,,magsac630,757.0,411.8401707091923,4.0,8.0,lmeds630,48.7,6.09,768
band1,win2688_nfauto,imw-topicfm,internal,1.125,23.62,21,18.0,8355.0,,lmeds630,758.0,411.9018208329859,5.0,8.0,lmeds630,64.3,24.94,2688
band1,win2432_nfauto,imw-topicfm,internal,1.116,23.43,21,18.0,8355.0,,lmeds630,759.0,411.94420246610406,5.0,8.0,lmeds630,64.2,24.94,2432
band1,win1536_nfauto,imw-topicfm,internal,1.116,23.43,21,18.0,8352.0,,lmeds630,760.0,411.9902365768489,5.0,8.0,lmeds630,64.1,24.94,1536
band1,win3456_nfauto,imw-topicfm,internal,1.125,23.62,21,18.0,8331.0,,lmeds630,761.0,412.0231229387448,5.0,8.0,lmeds630,64.4,24.94,3456
band1,win2176_nfauto,imw-topicfm,internal,1.117,23.46,21,18.0,8352.0,,lmeds630,762.0,412.22287753403407,5.0,8.0,lmeds630,64.3,24.94,2176
band1,win1536_nfauto,hessian,ada,0.15,2.84,19,17.0,2563.0,,magsac630,763.0,412.7125462142619,4.0,8.0,lmeds630,47.9,6.36,1536
band1,win1792_nfauto,hessian,ada,0.155,2.95,19,17.0,2563.0,,magsac630,764.0,412.7125462142619,4.0,8.0,lmeds630,48.7,6.36,1792
band1,win2176_nfauto,hessian,ada,0.159,3.02,19,17.0,2563.0,,magsac630,765.0,412.7125462142619,4.0,8.0,lmeds630,49.5,6.36,2176
band1,win3584_nfauto,hessian,ada,0.146,2.78,19,17.0,2563.0,,magsac630,766.0,412.7125462142619,4.0,8.0,lmeds630,48.0,6.36,3584
band1,win2560_nfauto,imw-topicfm,internal,1.136,23.86,21,18.0,8318.0,,lmeds630,767.0,417.3423038602162,5.0,8.0,lmeds630,65.9,24.94,2560
band1,win1920_nfauto,imw-topicfm,internal,1.115,23.41,21,18.0,8323.0,,lmeds630,768.0,417.3497996144766,5.0,8.0,lmeds630,64.2,24.94,1920
band1,win2304_nfauto,imw-topicfm,internal,1.135,23.84,21,18.0,8323.0,,lmeds630,769.0,417.3497996144766,5.0,8.0,lmeds630,64.6,24.94,2304
band1,win3712_nfauto,imw-topicfm,internal,1.129,23.71,21,18.0,8324.0,,lmeds630,770.0,417.35075029928834,5.0,8.0,lmeds630,64.9,24.94,3712
band1,win3840_nfauto,imw-topicfm,internal,1.122,23.56,21,18.0,8323.0,,lmeds630,771.0,417.3993190779001,5.0,8.0,lmeds630,64.3,24.94,3840
band1,win896_nfauto,imw-topicfm,internal,1.117,23.47,21,18.0,8324.0,,lmeds630,772.0,417.4164651014937,5.0,8.0,lmeds630,64.2,24.94,896
band1,win2048_nfauto,imw-topicfm,internal,1.126,23.64,21,18.0,8324.0,,lmeds630,773.0,417.4178936677772,5.0,8.0,lmeds630,64.7,24.94,2048
band1,win1280_nfauto,imw-topicfm,internal,1.153,24.21,21,18.0,8330.0,,lmeds630,774.0,417.4619921191487,5.0,8.0,lmeds630,64.9,24.94,1280
band1,win768_nfauto,dog_hynet,ada,0.154,2.93,19,14.0,2286.0,,magsac630,775.0,417.5155539799304,4.0,8.0,lmeds630,24.9,4.49,768
band1,win1408_nfauto,imw-topicfm,internal,1.126,23.64,21,18.0,8321.0,,lmeds630,776.0,417.6039551528704,5.0,8.0,lmeds630,64.6,24.94,1408
band1,win3072_nfauto,imw-topicfm,internal,1.169,24.56,21,18.0,8321.0,,lmeds630,777.0,417.6095453746413,5.0,8.0,lmeds630,65.9,24.94,3072
band1,win3968_nfauto,imw-topicfm,internal,1.119,23.49,21,18.0,8344.0,,lmeds630,778.0,417.6352374598453,5.0,8.0,lmeds630,64.2,24.94,3968
band1,win1792_nfauto,imw-topicfm,internal,1.115,23.42,21,18.0,8341.0,,lmeds630,779.0,417.9548404696741,5.0,8.0,lmeds630,64.0,24.94,1792
band1,win3328_nfauto,imw-topicfm,internal,1.117,23.46,21,18.0,8327.0,,lmeds630,780.0,418.4871415993138,5.0,8.0,lmeds630,64.2,24.94,3328
band1,win3200_nfauto,imw-topicfm,internal,1.125,23.62,21,18.0,8348.0,,lmeds630,781.0,418.6963475274182,5.0,8.0,lmeds630,64.5,24.94,3200
band1,win2816_nfauto,imw-topicfm,internal,1.142,23.99,21,18.0,8348.0,,lmeds630,782.0,418.75453361057606,5.0,8.0,lmeds630,64.7,24.94,2816
band1,win1152_nfauto,imw-topicfm,internal,1.119,23.5,21,18.0,8348.0,,lmeds630,783.0,418.8436747487258,5.0,8.0,lmeds630,64.2,24.94,1152
band1,win2944_nfauto,imw-topicfm,internal,1.118,23.48,21,18.0,8329.0,,lmeds630,784.0,418.9888029355552,5.0,8.0,lmeds630,64.6,24.94,2944
band1,win768_nfauto,imw-eloftr,internal,0.578,11.57,20,19.0,6718.0,,lmeds630,785.0,419.288375655992,4.0,8.0,magsac630,32.5,17.14,768
band1,win896_nfauto,dog_hardnet,lgm,0.124,2.61,21,18.0,4168.0,,lmeds630,786.0,421.1836900689141,4.0,8.0,magsac630,34.9,4.94,896
band1,win1024_nfauto,dog_hardnet,lgm,0.132,2.77,21,18.0,4168.0,,lmeds630,787.0,421.1836900689141,4.0,8.0,magsac630,33.7,4.94,1024
band1,win1152_nfauto,dog_hardnet,lgm,0.123,2.59,21,18.0,4168.0,,lmeds630,788.0,421.1836900689141,4.0,8.0,magsac630,31.9,4.94,1152
band1,win1280_nfauto,dog_hardnet,lgm,0.124,2.61,21,18.0,4168.0,,lmeds630,789.0,421.1836900689141,4.0,8.0,magsac630,32.3,4.94,1280
band1,win1408_nfauto,dog_hardnet,lgm,0.126,2.64,21,18.0,4168.0,,lmeds630,790.0,421.1836900689141,4.0,8.0,magsac630,32.4,4.94,1408
band1,win1664_nfauto,dog_hardnet,lgm,0.125,2.62,21,18.0,4168.0,,lmeds630,791.0,421.1836900689141,4.0,8.0,magsac630,32.5,4.94,1664
band1,win1792_nfauto,dog_hardnet,lgm,0.13,2.73,21,18.0,4168.0,,lmeds630,792.0,421.1836900689141,4.0,8.0,magsac630,33.0,4.94,1792
band1,win1920_nfauto,dog_hardnet,lgm,0.125,2.62,21,18.0,4168.0,,lmeds630,793.0,421.1836900689141,4.0,8.0,magsac630,32.2,4.94,1920
band1,win2048_nfauto,dog_hardnet,lgm,0.13,2.74,21,18.0,4168.0,,lmeds630,794.0,421.1836900689141,4.0,8.0,magsac630,33.6,4.94,2048
band1,win2176_nfauto,dog_hardnet,lgm,0.13,2.73,21,18.0,4168.0,,lmeds630,795.0,421.1836900689141,4.0,8.0,magsac630,34.4,4.94,2176
band1,win2432_nfauto,dog_hardnet,lgm,0.124,2.61,21,18.0,4168.0,,lmeds630,796.0,421.1836900689141,4.0,8.0,magsac630,32.3,4.94,2432
band1,win2560_nfauto,dog_hardnet,lgm,0.141,2.96,21,18.0,4168.0,,lmeds630,797.0,421.1836900689141,4.0,8.0,magsac630,35.7,4.94,2560
band1,win2816_nfauto,dog_hardnet,lgm,0.123,2.58,21,18.0,4168.0,,lmeds630,798.0,421.1836900689141,4.0,8.0,magsac630,31.9,4.94,2816
band1,win2944_nfauto,dog_hardnet,lgm,0.125,2.63,21,18.0,4168.0,,lmeds630,799.0,421.1836900689141,4.0,8.0,magsac630,32.6,4.94,2944
band1,win3200_nfauto,dog_hardnet,lgm,0.129,2.7,21,18.0,4168.0,,lmeds630,800.0,421.1836900689141,4.0,8.0,magsac630,32.9,4.94,3200
band1,win3328_nfauto,dog_hardnet,lgm,0.124,2.61,21,18.0,4168.0,,lmeds630,801.0,421.1836900689141,4.0,8.0,magsac630,32.4,4.94,3328
band1,win3456_nfauto,dog_hardnet,lgm,0.122,2.56,21,18.0,4168.0,,lmeds630,802.0,421.1836900689141,4.0,8.0,magsac630,32.1,4.94,3456
band1,win3584_nfauto,dog_hardnet,lgm,0.127,2.66,21,18.0,4168.0,,lmeds630,803.0,421.1836900689141,4.0,8.0,magsac630,32.6,4.94,3584
band1,win3840_nfauto,dog_hardnet,lgm,0.124,2.6,21,18.0,4168.0,,lmeds630,804.0,421.1836900689141,4.0,8.0,magsac630,32.3,4.94,3840
band1,win3968_nfauto,dog_hardnet,lgm,0.142,2.99,21,18.0,4168.0,,lmeds630,805.0,421.1836900689141,4.0,8.0,magsac630,34.5,4.94,3968
band1,win4096_nfauto,dog_hardnet,lgm,0.126,2.64,21,18.0,4168.0,,lmeds630,806.0,421.1836900689141,4.0,8.0,magsac630,32.2,4.94,4096
band1,win512_nfauto,imw-topicfm,internal,1.149,32.17,28,27.0,8195.0,,lmeds630,808.0,424.3794482800896,5.0,8.0,lmeds630,73.0,24.94,512
band1,win768_nfauto,imw-topicfm,internal,1.358,28.51,21,18.0,8358.0,,lmeds630,810.0,429.0835879949328,5.0,8.0,lmeds630,69.6,24.94,768
band1,win640_nfauto,dog_sosnet,mnn,0.102,2.14,21,15.0,1925.0,,magsac630,811.0,429.8302998178218,4.0,8.0,magsac630,20.8,4.08,640
band1,win512_nfauto,imw-minima-loftr,internal,1.141,34.23,30,24.0,5360.0,,lmeds630,818.0,436.4222085005551,4.0,8.0,lmeds630,78.9,33.05,512
band1,win640_nfauto,keynet,lgm,0.206,4.33,21,17.0,3142.0,,lmeds630,872.0,444.9100036040692,5.0,8.0,lmeds630,78.8,3.89,640
band1,win512_nfauto,sift,ada,0.096,2.6,27,17.0,3817.0,,lmeds630,873.0,446.8971010048283,4.0,8.0,magsac630,54.0,1.72,512
band1,win256_nfauto,imw-xfeat-lg,internal,0.077,5.53,72,61.0,5775.0,,lmeds630,878.0,458.29030315095787,5.0,8.0,lmeds630,12.1,0.58,256
band1,win256_nfauto,imw-gim-roma,internal,0.598,53.18,89,78.0,148382.0,,lmeds630,902.0,470.6438139509888,8.0,8.0,lmeds630,91.5,5.35,256
band1,win384_nfauto,imw-aspanformer,internal,0.665,29.26,44,34.0,9647.0,,lmeds630,904.0,480.53413197370014,5.0,8.0,magsac630,73.3,32.71,384
band1,win2304_nfauto,imw-gim-roma,internal,0.764,16.05,21,19.0,48064.0,,lmeds630,905.0,483.704274455238,8.0,8.0,lmeds630,48.6,5.35,2304
band1,win384_nfauto,disk_depth,lgm,0.065,3.2,49,38.0,7743.0,,lmeds630,909.0,506.0608976491028,5.0,8.0,lmeds630,32.7,12.89,384
band1,win2816_nfauto,imw-gim-roma,internal,0.745,15.64,21,19.0,47329.0,,lmeds630,911.0,519.4587637242206,8.0,8.0,magsac630,48.1,5.35,2816
band1,win1536_nfauto,dedode_L-C4_B-C4,fginn_fm1,0.194,4.07,21,15.0,6297.0,,lmeds630,912.0,528.2913070895382,4.0,8.0,magsac630,51.1,7.79,1536
band1,win1920_nfauto,dedode_L-C4_B-C4,fginn_fm1,0.194,4.08,21,15.0,7009.0,,lmeds630,913.0,534.3833741836149,4.0,8.0,magsac630,50.2,8.24,1920
band1,win896_nfauto,imw-minima-roma,internal,0.718,15.08,21,19.0,41565.0,,magsac630,918.0,548.0307926437622,8.0,8.0,magsac630,50.7,33.97,896
band1,win3200_nfauto,dedode_L-C4_B-C4,fginn_fm1,0.205,4.31,21,15.0,7018.0,,lmeds630,924.0,561.2911669981291,4.0,8.0,lmeds630,52.8,8.24,3200
band1,win3584_nfauto,dedode_L-C4_B-C4,fginn_fm1,0.203,4.26,21,15.0,7018.0,,lmeds630,925.0,561.2911669981291,4.0,8.0,lmeds630,54.3,8.24,3584
band1,win3968_nfauto,dedode_L-C4_B-C4,fginn_fm1,0.198,4.17,21,15.0,6992.0,,lmeds630,926.0,561.3582240843488,4.0,8.0,lmeds630,52.1,8.24,3968
band1,win3712_nfauto,dedode_L-C4_B-C4,fginn_fm1,0.199,4.18,21,15.0,6989.0,,lmeds630,928.0,562.6271251473081,4.0,8.0,lmeds630,52.3,8.24,3712
band1,win2176_nfauto,dedode_L-C4_B-C4,fginn_fm1,0.194,4.08,21,15.0,7005.0,,lmeds630,930.0,562.9756659292315,4.0,8.0,lmeds630,51.2,8.24,2176
band1,win2432_nfauto,dedode_L-C4_B-C4,fginn_fm1,0.194,4.07,21,15.0,7005.0,,lmeds630,931.0,562.9756659292315,4.0,8.0,lmeds630,49.9,8.24,2432
band1,win2560_nfauto,dedode_L-C4_B-C4,fginn_fm1,0.197,4.14,21,15.0,7005.0,,lmeds630,932.0,562.9756659292315,4.0,8.0,lmeds630,51.6,8.24,2560
band1,win2688_nfauto,dedode_L-C4_B-C4,fginn_fm1,0.198,4.16,21,15.0,7005.0,,lmeds630,933.0,562.9756659292315,4.0,8.0,lmeds630,50.8,8.24,2688
band1,win2816_nfauto,dedode_L-C4_B-C4,fginn_fm1,0.194,4.08,21,15.0,7005.0,,lmeds630,934.0,562.9756659292315,4.0,8.0,lmeds630,50.8,8.24,2816
band1,win3072_nfauto,dedode_L-C4_B-C4,fginn_fm1,0.193,4.06,21,15.0,7005.0,,lmeds630,935.0,562.9756659292315,4.0,8.0,lmeds630,52.1,8.24,3072
band1,win3840_nfauto,dedode_L-C4_B-C4,fginn_fm1,0.197,4.14,21,15.0,7005.0,,lmeds630,936.0,562.9756659292315,4.0,8.0,lmeds630,50.8,8.24,3840
band1,win4096_nfauto,dedode_L-C4_B-C4,fginn_fm1,0.194,4.08,21,15.0,7005.0,,lmeds630,937.0,562.9756659292315,4.0,8.0,lmeds630,51.8,8.24,4096
band1,win1792_nfauto,dedode_L-C4_B-C4,fginn_fm1,0.199,4.17,21,15.0,7011.0,,lmeds630,938.0,563.0135514778881,4.0,8.0,lmeds630,51.3,8.24,1792
band1,win2048_nfauto,dedode_L-C4_B-C4,fginn_fm1,0.193,4.06,21,15.0,6990.0,,lmeds630,939.0,563.0515357931337,4.0,8.0,lmeds630,49.9,8.24,2048
band1,win2944_nfauto,dedode_L-C4_B-C4,fginn_fm1,0.194,4.07,21,15.0,6990.0,,lmeds630,940.0,563.0515357931337,4.0,8.0,lmeds630,50.0,8.24,2944
band1,win3328_nfauto,dedode_L-C4_B-C4,fginn_fm1,0.197,4.14,21,15.0,6990.0,,lmeds630,941.0,563.0515357931337,4.0,8.0,lmeds630,51.7,8.24,3328
band1,win3456_nfauto,dedode_L-C4_B-C4,fginn_fm1,0.197,4.14,21,15.0,6990.0,,lmeds630,942.0,563.0515357931337,4.0,8.0,lmeds630,52.9,8.24,3456
band1,win1664_nfauto,dedode_L-C4_B-C4,fginn_fm1,0.205,4.3,21,15.0,6762.0,,lmeds630,944.0,565.3804260494801,4.0,8.0,lmeds630,50.3,8.14,1664
band1,win1408_nfauto,dedode_L-C4_B-C4,fginn_fm1,0.191,4.01,21,15.0,5187.0,,lmeds630,946.0,573.4459064783059,4.0,8.0,lmeds630,47.9,6.08,1408
band1,win768_nfauto,disk_epipolar,nn,0.133,2.78,21,18.0,3303.0,,magsac630,947.0,576.9842439764681,4.0,8.0,magsac630,27.1,0.74,768
band1,win2304_nfauto,dedode_L-C4_B-C4,fginn_fm1,0.199,4.19,21,15.0,6952.0,,lmeds630,959.0,582.4138777684958,4.0,8.0,magsac630,52.2,8.23,2304
band1,win2048_nfauto,imw-gim-roma,internal,0.73,15.34,21,19.0,45422.0,,lmeds630,976.0,584.1343323700419,8.0,8.0,lmeds630,47.6,5.35,2048
band1,win512_nfauto,disk_depth,lgm,0.093,2.78,30,28.0,8477.0,,lmeds630,991.0,605.0191130791321,5.0,8.0,lmeds630,30.5,12.89,512
band1,win2944_nfauto,imw-gim-roma,internal,0.709,14.89,21,20.0,40005.0,,magsac630,995.0,639.4150134062936,8.0,8.0,lmeds630,44.6,5.35,2944
band1,win1280_nfauto,dedode_L-C4_B-C4,fginn_fm1,0.186,3.91,21,16.0,4409.0,,lmeds630,998.0,659.4802995321497,4.0,8.0,lmeds630,46.8,4.31,1280
band1,win768_nfauto,imw-rdd-nn-kt0p2,internal,1.427,29.97,21,20.0,7806.0,,lmeds630,999.0,683.1835964020478,6.0,8.0,lmeds630,79.8,16.74,768
band1,win1536_nfauto,imw-xoftr,internal,0.452,9.49,21,20.0,6481.0,,lmeds630,1000.0,695.1857850887063,5.0,8.0,magsac630,24.1,19.46,1536
band1,win1792_nfauto,imw-xoftr,internal,0.457,9.6,21,20.0,6481.0,,lmeds630,1001.0,695.1857850887063,5.0,8.0,magsac630,24.2,19.46,1792
band1,win2176_nfauto,imw-xoftr,internal,0.455,9.55,21,20.0,6481.0,,lmeds630,1002.0,695.1857850887063,5.0,8.0,magsac630,24.0,19.46,2176
band1,win2944_nfauto,imw-xoftr,internal,0.453,9.52,21,20.0,6481.0,,lmeds630,1003.0,695.1857850887063,5.0,8.0,magsac630,24.0,19.46,2944
band1,win3200_nfauto,imw-xoftr,internal,0.454,9.53,21,20.0,6481.0,,lmeds630,1004.0,695.1857850887063,5.0,8.0,magsac630,24.1,19.46,3200
band1,win1664_nfauto,dedode_L-upright_B-C4,mnn,0.194,4.08,21,20.0,10753.0,,magsac630,1005.0,695.5138261571703,5.0,8.0,magsac630,61.6,16.64,1664
band1,win1920_nfauto,dedode_L-upright_B-C4,mnn,0.197,4.13,21,19.0,10772.0,,magsac630,1007.0,704.1633474903565,5.0,8.0,magsac630,54.5,16.64,1920
band1,win2432_nfauto,dedode_L-upright_B-C4,mnn,0.196,4.11,21,18.0,10858.0,,magsac630,1008.0,706.2675370859777,5.0,8.0,magsac630,57.6,16.64,2432
band1,win1792_nfauto,dedode_L-upright_B-C4,mnn,0.2,4.19,21,19.0,10794.0,,magsac630,1009.0,722.4201814174975,4.0,8.0,lmeds630,61.3,16.64,1792
band1,win2560_nfauto,dedode_L-upright_B-C4,mnn,0.195,4.1,21,19.0,10846.0,,magsac630,1011.0,722.4201814174975,4.0,8.0,lmeds630,55.0,16.64,2560
band1,win2688_nfauto,dedode_L-upright_B-C4,mnn,0.197,4.13,21,19.0,10846.0,,magsac630,1012.0,722.4201814174975,4.0,8.0,lmeds630,57.2,16.64,2688
band1,win3200_nfauto,dedode_L-upright_B-C4,mnn,0.202,4.24,21,19.0,11256.0,,magsac630,1013.0,722.4201814174975,4.0,8.0,lmeds630,56.0,16.64,3200
band1,win3584_nfauto,dedode_L-upright_B-C4,mnn,0.203,4.27,21,19.0,11277.0,,magsac630,1014.0,722.4201814174975,4.0,8.0,lmeds630,57.8,16.64,3584
band1,win3712_nfauto,dedode_L-upright_B-C4,mnn,0.196,4.12,21,19.0,10719.0,,magsac630,1015.0,722.4201814174975,4.0,8.0,lmeds630,55.7,16.64,3712
band1,win3968_nfauto,dedode_L-upright_B-C4,mnn,0.2,4.21,21,19.0,11039.0,,magsac630,1016.0,722.4201814174975,4.0,8.0,lmeds630,55.5,16.64,3968
band1,win896_nfauto,imw-xoftr,internal,0.452,9.49,21,20.0,6482.0,,lmeds630,1017.0,728.6869736123987,5.0,8.0,magsac630,23.9,19.46,896
band1,win1024_nfauto,imw-xoftr,internal,0.45,9.46,21,20.0,6482.0,,lmeds630,1018.0,728.6869736123987,5.0,8.0,magsac630,24.3,19.46,1024
band1,win1408_nfauto,imw-xoftr,internal,0.45,9.45,21,20.0,6482.0,,lmeds630,1019.0,728.6869736123987,5.0,8.0,magsac630,23.9,19.46,1408
band1,win1664_nfauto,imw-xoftr,internal,0.451,9.46,21,20.0,6482.0,,lmeds630,1020.0,728.6869736123987,5.0,8.0,magsac630,24.0,19.46,1664
band1,win1920_nfauto,imw-xoftr,internal,0.452,9.49,21,20.0,6482.0,,lmeds630,1021.0,728.6869736123987,5.0,8.0,magsac630,24.2,19.46,1920
band1,win2048_nfauto,imw-xoftr,internal,0.453,9.52,21,20.0,6482.0,,lmeds630,1022.0,728.6869736123987,5.0,8.0,magsac630,24.0,19.46,2048
band1,win2304_nfauto,imw-xoftr,internal,0.45,9.45,21,20.0,6482.0,,lmeds630,1023.0,728.6869736123987,5.0,8.0,magsac630,23.7,19.46,2304
band1,win2560_nfauto,imw-xoftr,internal,0.462,9.71,21,20.0,6482.0,,lmeds630,1024.0,728.6869736123987,5.0,8.0,magsac630,24.4,19.46,2560
band1,win2688_nfauto,imw-xoftr,internal,0.45,9.45,21,20.0,6482.0,,lmeds630,1025.0,728.6869736123987,5.0,8.0,magsac630,23.8,19.46,2688
band1,win3584_nfauto,imw-xoftr,internal,0.456,9.58,21,20.0,6482.0,,lmeds630,1026.0,728.6869736123987,5.0,8.0,magsac630,24.2,19.46,3584
band1,win3712_nfauto,imw-xoftr,internal,0.452,9.49,21,20.0,6482.0,,lmeds630,1027.0,728.6869736123987,5.0,8.0,magsac630,24.0,19.46,3712
band1,win3968_nfauto,imw-xoftr,internal,0.455,9.55,21,20.0,6482.0,,lmeds630,1028.0,728.6869736123987,5.0,8.0,magsac630,24.1,19.46,3968
band1,win2816_nfauto,dedode_L-C4_B-upright,mnn,0.195,4.1,21,18.0,7795.0,,magsac630,1029.0,728.7332638677354,4.0,8.0,magsac630,51.6,9.17,2816
band1,win3840_nfauto,dedode_L-C4_B-upright,mnn,0.194,4.06,21,18.0,7795.0,,magsac630,1030.0,728.7332638677354,4.0,8.0,magsac630,50.2,9.17,3840
band1,win2176_nfauto,dedode_L-C4_B-upright,mnn,0.198,4.16,21,18.0,7801.0,,magsac630,1031.0,730.2197896990026,4.0,8.0,magsac630,53.2,9.17,2176
band1,win4096_nfauto,dedode_L-C4_B-upright,mnn,0.193,4.06,21,18.0,7801.0,,magsac630,1032.0,730.2197896990026,4.0,8.0,magsac630,50.8,9.17,4096
band1,win2560_nfauto,dedode_L-C4_B-upright,mnn,0.195,4.09,21,18.0,7760.0,,magsac630,1034.0,735.2893933146439,4.0,8.0,magsac630,52.1,9.17,2560
band1,win1792_nfauto,dedode_L-C4_B-upright,mnn,0.199,4.17,21,18.0,7921.0,,magsac630,1035.0,735.7516935931478,4.0,8.0,magsac630,51.4,9.17,1792
band1,win2688_nfauto,dedode_L-C4_B-upright,mnn,0.195,4.1,21,18.0,7766.0,,magsac630,1036.0,739.1754561347373,4.0,8.0,magsac630,51.3,9.17,2688
band1,win1920_nfauto,dedode_L-C4_B-upright,mnn,0.194,4.07,21,18.0,7972.0,,magsac630,1037.0,739.7925725773449,4.0,8.0,magsac630,51.7,9.17,1920
band1,win384_nfauto,dedode_L-upright_B-C4,ada,0.088,4.04,46,20.0,2057.0,,lmeds630,1038.0,746.1564515203239,4.0,8.0,magsac630,40.2,1.44,384
band1,win1408_nfauto,dedode_L-C4_B-C4,mnn,0.19,4.0,21,20.0,8922.0,,magsac630,1039.0,751.1075050493854,6.0,8.0,magsac630,47.9,6.08,1408
band1,win3200_nfauto,dedode_L-C4_B-upright,mnn,0.2,4.2,21,18.0,8213.0,,magsac630,1043.0,762.0286626758576,4.0,8.0,magsac630,53.9,9.17,3200
band1,win3584_nfauto,dedode_L-C4_B-upright,mnn,0.194,4.07,21,18.0,8213.0,,magsac630,1044.0,762.0286626758576,4.0,8.0,magsac630,50.4,9.17,3584
band1,win3328_nfauto,imw-xoftr,internal,0.455,9.56,21,19.0,6457.0,,lmeds630,1045.0,763.0417453169605,5.0,8.0,magsac630,24.1,19.46,3328
band1,win1280_nfauto,imw-xoftr,internal,0.48,10.09,21,20.0,6486.0,,lmeds630,1046.0,763.0424797850693,5.0,8.0,magsac630,25.6,19.46,1280
band1,win4096_nfauto,imw-xoftr,internal,0.451,9.46,21,20.0,6486.0,,lmeds630,1047.0,763.0424797850693,5.0,8.0,magsac630,23.8,19.46,4096
band1,win2432_nfauto,dedode_L-C4_B-upright,mnn,0.194,4.07,21,18.0,7754.0,,magsac630,1048.0,764.4878815925324,4.0,8.0,magsac630,59.9,9.17,2432
band1,win1408_nfauto,dedode_L-upright_B-C4,mnn,0.191,4.02,21,19.0,9013.0,,magsac630,1049.0,765.6896338347665,5.0,8.0,magsac630,61.0,16.64,1408
band1,win1664_nfauto,dedode_L-C4_B-upright,mnn,0.192,4.04,21,18.0,7929.0,,magsac630,1050.0,773.2019685951257,4.0,8.0,magsac630,49.9,9.17,1664
band1,win1152_nfauto,dedode_L-C4_B-C4,fginn_fm1,0.183,3.84,21,16.0,3297.0,,lmeds630,1051.0,777.7753720221319,4.0,8.0,lmeds630,44.2,2.93,1152
band1,win1920_nfauto,dedode_L-C4_B-C4,mnn,0.195,4.09,21,20.0,11245.0,,magsac630,1054.0,797.667777776078,4.0,8.0,magsac630,50.2,8.24,1920
band1,win1280_nfauto,dedode_L-upright_B-C4,mnn,0.185,3.89,21,19.0,6710.0,,magsac630,1055.0,803.6669683969175,4.0,8.0,lmeds630,54.5,16.64,1280
band1,win256_nfauto,dedode_L-C4_B-C4,mnn,0.056,4.99,89,85.0,4497.0,,lmeds630,1056.0,813.7181145758973,5.0,8.0,lmeds630,50.8,1.44,256
band1,win2176_nfauto,dedode_L-C4_B-C4,mnn,0.195,4.1,21,20.0,11451.0,,magsac630,1058.0,824.9773186392831,5.0,8.0,magsac630,51.2,8.24,2176
band1,win2432_nfauto,dedode_L-C4_B-C4,mnn,0.194,4.08,21,20.0,11440.0,,magsac630,1059.0,833.8831324312536,5.0,8.0,magsac630,49.9,8.24,2432
band1,win1792_nfauto,dedode_L-C4_B-C4,mnn,0.199,4.19,21,20.0,11222.0,,magsac630,1060.0,836.0469868562105,4.0,8.0,magsac630,51.3,8.24,1792
band1,win768_nfauto,dedode_L-C4_G-C4,fginn_fm1,0.277,5.55,20,11.0,384.0,,lmeds630,1061.0,839.2132015304834,4.0,8.0,lmeds630,63.6,25.66,768
band1,win896_nfauto,dog_hynet,ada,0.151,2.88,19,14.0,2117.0,,magsac630,1064.0,875.3918509904611,4.0,8.0,lmeds630,24.1,4.49,896
band1,win1024_nfauto,dog_hynet,ada,0.159,3.02,19,14.0,2117.0,,magsac630,1065.0,875.3918509904611,4.0,8.0,lmeds630,25.4,4.49,1024
band1,win1152_nfauto,dog_hynet,ada,0.147,2.79,19,14.0,2117.0,,magsac630,1066.0,875.3918509904611,4.0,8.0,lmeds630,23.5,4.49,1152
band1,win1280_nfauto,dog_hynet,ada,0.15,2.85,19,14.0,2117.0,,magsac630,1067.0,875.3918509904611,4.0,8.0,lmeds630,23.9,4.49,1280
band1,win1408_nfauto,dog_hynet,ada,0.15,2.86,19,14.0,2117.0,,magsac630,1068.0,875.3918509904611,4.0,8.0,lmeds630,24.0,4.49,1408
band1,win1536_nfauto,dog_hynet,ada,0.146,2.78,19,14.0,2117.0,,magsac630,1069.0,875.3918509904611,4.0,8.0,lmeds630,23.4,4.49,1536
band1,win1664_nfauto,dog_hynet,ada,0.151,2.88,19,14.0,2117.0,,magsac630,1070.0,875.3918509904611,4.0,8.0,lmeds630,24.1,4.49,1664
band1,win1792_nfauto,dog_hynet,ada,0.152,2.89,19,14.0,2117.0,,magsac630,1071.0,875.3918509904611,4.0,8.0,lmeds630,24.3,4.49,1792
band1,win1920_nfauto,dog_hynet,ada,0.15,2.86,19,14.0,2117.0,,magsac630,1072.0,875.3918509904611,4.0,8.0,lmeds630,24.0,4.49,1920
band1,win2048_nfauto,dog_hynet,ada,0.157,2.98,19,14.0,2117.0,,magsac630,1073.0,875.3918509904611,4.0,8.0,lmeds630,25.4,4.49,2048
band1,win2176_nfauto,dog_hynet,ada,0.159,3.03,19,14.0,2117.0,,magsac630,1074.0,875.3918509904611,4.0,8.0,lmeds630,25.7,4.49,2176
band1,win2304_nfauto,dog_hynet,ada,0.152,2.88,19,14.0,2117.0,,magsac630,1075.0,875.3918509904611,4.0,8.0,lmeds630,24.2,4.49,2304
band1,win2432_nfauto,dog_hynet,ada,0.15,2.85,19,14.0,2117.0,,magsac630,1076.0,875.3918509904611,4.0,8.0,lmeds630,23.9,4.49,2432
band1,win2560_nfauto,dog_hynet,ada,0.147,2.8,19,14.0,2117.0,,magsac630,1077.0,875.3918509904611,4.0,8.0,lmeds630,23.5,4.49,2560
band1,win2688_nfauto,dog_hynet,ada,0.15,2.85,19,14.0,2117.0,,magsac630,1078.0,875.3918509904611,4.0,8.0,lmeds630,24.2,4.49,2688
band1,win2816_nfauto,dog_hynet,ada,0.148,2.81,19,14.0,2117.0,,magsac630,1079.0,875.3918509904611,4.0,8.0,lmeds630,23.6,4.49,2816
band1,win2944_nfauto,dog_hynet,ada,0.152,2.89,19,14.0,2117.0,,magsac630,1080.0,875.3918509904611,4.0,8.0,lmeds630,24.4,4.49,2944
band1,win3072_nfauto,dog_hynet,ada,0.152,2.89,19,14.0,2117.0,,magsac630,1081.0,875.3918509904611,4.0,8.0,lmeds630,24.2,4.49,3072
band1,win3200_nfauto,dog_hynet,ada,0.153,2.9,19,14.0,2117.0,,magsac630,1082.0,875.3918509904611,4.0,8.0,lmeds630,24.7,4.49,3200
band1,win3328_nfauto,dog_hynet,ada,0.15,2.85,19,14.0,2117.0,,magsac630,1083.0,875.3918509904611,4.0,8.0,lmeds630,24.0,4.49,3328
band1,win3456_nfauto,dog_hynet,ada,0.145,2.76,19,14.0,2117.0,,magsac630,1084.0,875.3918509904611,4.0,8.0,lmeds630,23.4,4.49,3456
band1,win3584_nfauto,dog_hynet,ada,0.148,2.81,19,14.0,2117.0,,magsac630,1085.0,875.3918509904611,4.0,8.0,lmeds630,24.4,4.49,3584
band1,win3712_nfauto,dog_hynet,ada,0.15,2.85,19,14.0,2117.0,,magsac630,1086.0,875.3918509904611,4.0,8.0,lmeds630,24.9,4.49,3712
band1,win3840_nfauto,dog_hynet,ada,0.149,2.82,19,14.0,2117.0,,magsac630,1087.0,875.3918509904611,4.0,8.0,lmeds630,23.8,4.49,3840
band1,win3968_nfauto,dog_hynet,ada,0.168,3.2,19,14.0,2117.0,,magsac630,1088.0,875.3918509904611,4.0,8.0,lmeds630,26.5,4.49,3968
band1,win4096_nfauto,dog_hynet,ada,0.151,2.87,19,14.0,2117.0,,magsac630,1089.0,875.3918509904611,4.0,8.0,lmeds630,24.0,4.49,4096
band1,win512_nfauto,dog_sosnet,ada,0.101,2.73,27,19.0,2246.0,,magsac630,1092.0,913.5567751480232,4.0,8.0,magsac630,22.6,0.98,512
band1,win2304_nfauto,dedode_L-upright_B-C4,mnn,0.198,4.15,21,19.0,11154.0,,magsac630,1093.0,914.2319237082586,5.0,8.0,magsac630,55.2,16.64,2304
band1,win1536_nfauto,dedode_L-upright_B-C4,mnn,0.197,4.13,21,19.0,10453.0,,magsac630,1094.0,920.3785000749492,4.0,8.0,magsac630,54.7,16.64,1536
band1,win4096_nfauto,dedode_L-upright_B-C4,mnn,0.196,4.12,21,19.0,10833.0,,magsac630,1095.0,935.5680658419316,5.0,8.0,magsac630,54.6,16.64,4096
band1,win2176_nfauto,dedode_L-upright_B-C4,mnn,0.202,4.24,21,19.0,10831.0,,magsac630,1096.0,935.756049440232,5.0,8.0,magsac630,57.0,16.64,2176
band1,win3840_nfauto,dedode_L-upright_B-C4,mnn,0.2,4.21,21,19.0,10828.0,,magsac630,1099.0,943.5055517081788,5.0,8.0,magsac630,55.3,16.64,3840
band1,win2816_nfauto,dedode_L-upright_B-C4,mnn,0.197,4.13,21,19.0,10830.0,,magsac630,1100.0,949.4969141434289,5.0,8.0,magsac630,54.8,16.64,2816
band1,win3072_nfauto,dedode_L-upright_B-C4,mnn,0.195,4.09,21,19.0,10828.0,,magsac630,1101.0,951.2795736122512,5.0,8.0,magsac630,55.5,16.64,3072
band1,win3840_nfauto,imw-gim-roma,internal,0.715,15.01,21,19.0,45086.0,,lmeds630,1103.0,958.043840169384,8.0,8.0,magsac630,47.7,5.35,3840
band1,win1152_nfauto,dedode_L-upright_B-upright,lgm,0.226,4.52,20,16.0,7789.0,,lmeds630,1104.0,989.304813543601,4.0,8.0,lmeds630,197.8,32.92,1152
band1,win2048_nfauto,dedode_L-upright_B-C4,mnn,0.195,4.1,21,19.0,10709.0,,magsac630,1106.0,1006.8783825255708,5.0,8.0,magsac630,54.4,16.64,2048
band1,win3328_nfauto,dedode_L-upright_B-C4,mnn,0.196,4.12,21,19.0,10709.0,,magsac630,1107.0,1006.8783825255708,5.0,8.0,magsac630,54.7,16.64,3328
band1,win2944_nfauto,dedode_L-upright_B-C4,mnn,0.196,4.11,21,19.0,10707.0,,magsac630,1108.0,1006.8783825255736,5.0,8.0,magsac630,54.6,16.64,2944
band1,win3456_nfauto,dedode_L-upright_B-C4,mnn,0.198,4.16,21,19.0,10706.0,,magsac630,1110.0,1024.472868465317,5.0,8.0,magsac630,55.0,16.64,3456
band1,win256_nfauto,dedode_L-upright_B-upright,lgm,0.076,6.35,84,71.0,2946.0,,lmeds630,1111.0,1042.5538692930254,5.0,8.0,lmeds630,258.8,32.9,256
band1,win1408_nfauto,dedode_L-C4_B-upright,mnn,0.193,4.05,21,16.0,6325.0,,magsac630,1112.0,1048.5022886484876,5.0,8.0,magsac630,51.0,6.7,1408
band1,win256_nfauto,dedode_L-upright_B-C4,mnn,0.057,5.07,89,84.0,4701.0,,lmeds630,1113.0,1049.550933541845,4.0,8.0,magsac630,51.4,1.44,256
band1,win1792_nfauto,dedode_L-upright_B-upright,mnn,0.2,4.2,21,18.0,7972.0,,magsac630,1114.0,1060.865455394856,5.0,8.0,magsac630,204.7,32.93,1792
band1,win2304_nfauto,dedode_L-upright_B-upright,mnn,0.201,4.23,21,17.0,8448.0,,magsac630,1115.0,1062.0908910805929,5.0,8.0,magsac630,206.4,32.93,2304
band1,win2816_nfauto,dedode_L-upright_B-upright,mnn,0.196,4.12,21,17.0,8055.0,,magsac630,1117.0,1066.3765303422697,5.0,8.0,magsac630,205.4,32.93,2816
band1,win3072_nfauto,dedode_L-upright_B-upright,mnn,0.195,4.09,21,17.0,8055.0,,magsac630,1118.0,1066.3765303422697,5.0,8.0,magsac630,206.0,32.93,3072
band1,win3840_nfauto,dedode_L-upright_B-upright,mnn,0.2,4.2,21,17.0,8055.0,,magsac630,1119.0,1066.3765303422697,5.0,8.0,magsac630,205.5,32.93,3840
band1,win2560_nfauto,dedode_L-upright_B-upright,mnn,0.194,4.08,21,17.0,8055.0,,magsac630,1120.0,1067.5251892739238,5.0,8.0,magsac630,203.7,32.93,2560
band1,win1664_nfauto,dedode_L-C4-v2_B-C4,mnn,0.195,4.1,21,19.0,8340.0,,magsac630,1121.0,1068.2473446039082,5.0,8.0,magsac630,53.4,8.84,1664
band1,win2176_nfauto,dedode_L-upright_B-upright,mnn,0.198,4.16,21,17.0,8047.0,,magsac630,1122.0,1068.4756625498626,5.0,8.0,magsac630,205.9,32.93,2176
band1,win4096_nfauto,dedode_L-upright_B-upright,mnn,0.195,4.09,21,17.0,8044.0,,magsac630,1123.0,1068.4756625498626,5.0,8.0,magsac630,206.4,32.93,4096
band1,win3968_nfauto,dedode_L-upright_B-upright,mnn,0.198,4.16,21,17.0,8404.0,,magsac630,1124.0,1074.8171782814045,5.0,8.0,magsac630,205.9,32.93,3968
band1,win2688_nfauto,dedode_L-upright_B-upright,mnn,0.198,4.15,21,17.0,8062.0,,magsac630,1125.0,1078.504093983841,5.0,8.0,magsac630,206.7,32.93,2688
band1,win3712_nfauto,dedode_L-upright_B-upright,mnn,0.194,4.08,21,17.0,8052.0,,magsac630,1126.0,1078.8772459408074,5.0,8.0,magsac630,205.3,32.93,3712
band1,win2048_nfauto,dedode_L-upright_B-upright,mnn,0.194,4.08,21,17.0,8035.0,,magsac630,1127.0,1079.1875494151757,5.0,8.0,magsac630,205.1,32.93,2048
band1,win2944_nfauto,dedode_L-upright_B-upright,mnn,0.196,4.12,21,17.0,8035.0,,magsac630,1128.0,1079.1875494151757,5.0,8.0,magsac630,203.9,32.93,2944
band1,win3328_nfauto,dedode_L-upright_B-upright,mnn,0.196,4.11,21,17.0,8035.0,,magsac630,1129.0,1079.1875494151757,5.0,8.0,magsac630,205.6,32.93,3328
band1,win3200_nfauto,dedode_L-upright_B-upright,mnn,0.196,4.12,21,17.0,8478.0,,magsac630,1130.0,1079.703634289266,5.0,8.0,magsac630,205.9,32.93,3200
band1,win3584_nfauto,dedode_L-upright_B-upright,mnn,0.196,4.11,21,17.0,8478.0,,magsac630,1131.0,1079.703634289266,5.0,8.0,magsac630,205.5,32.93,3584
band1,win1664_nfauto,dedode_L-upright_B-upright,mnn,0.194,4.07,21,17.0,8037.0,,magsac630,1132.0,1081.3578747478316,5.0,8.0,magsac630,204.3,32.93,1664
band1,win256_nfauto,dedode_L-C4-v2_B-upright,lgm,0.071,6.22,88,78.0,5443.0,,lmeds630,1133.0,1088.858556543487,5.0,8.0,lmeds630,51.2,1.44,256
band1,win1536_nfauto,dedode_L-upright_B-upright,mnn,0.193,4.05,21,17.0,7455.0,,magsac630,1134.0,1089.532794834638,5.0,8.0,magsac630,203.8,32.93,1536
band1,win256_nfauto,dedode_L-C4_B-upright,lgm,0.085,7.33,86,70.0,2867.0,,lmeds630,1135.0,1097.1886074111628,4.0,8.0,lmeds630,57.5,4.37,256
band1,win256_nfauto,dedode_L-C4_G-C4,mnn,0.082,6.98,85,68.0,4402.0,,lmeds630,1136.0,1101.3865213789882,4.0,8.0,magsac630,71.0,2.05,256
band1,win2688_nfauto,dedode_L-C4-v2_B-upright,lgm,0.244,5.13,21,17.0,17011.0,,lmeds630,1137.0,1103.327844793244,4.0,8.0,magsac630,60.4,32.9,2688
band1,win2048_nfauto,dedode_L-C4-v2_B-upright,lgm,0.237,4.98,21,17.0,17023.0,,lmeds630,1138.0,1104.608347801008,4.0,8.0,magsac630,58.0,32.9,2048
band1,win3328_nfauto,dedode_L-C4-v2_B-upright,lgm,0.238,5.0,21,17.0,17023.0,,lmeds630,1139.0,1104.608347801008,4.0,8.0,magsac630,59.4,32.9,3328
band1,win2560_nfauto,dedode_L-C4-v2_B-upright,lgm,0.245,5.14,21,17.0,17016.0,,lmeds630,1140.0,1105.9296516744855,4.0,8.0,magsac630,60.2,32.9,2560
band1,win2944_nfauto,dedode_L-C4-v2_B-upright,lgm,0.24,5.03,21,17.0,17024.0,,lmeds630,1141.0,1106.1145891516844,4.0,8.0,magsac630,58.4,32.9,2944
band1,win3840_nfauto,dedode_L-C4-v2_B-upright,lgm,0.238,4.99,21,17.0,17022.0,,lmeds630,1142.0,1106.294938172783,4.0,8.0,magsac630,58.5,32.9,3840
band1,win3712_nfauto,dedode_L-C4-v2_B-upright,lgm,0.245,5.14,21,17.0,17019.0,,lmeds630,1143.0,1107.0009960229388,4.0,8.0,magsac630,60.3,32.9,3712
band1,win2176_nfauto,dedode_L-C4-v2_B-upright,lgm,0.237,4.98,21,17.0,17017.0,,lmeds630,1144.0,1107.2930327776646,4.0,8.0,magsac630,58.3,32.9,2176
band1,win4096_nfauto,dedode_L-C4-v2_B-upright,lgm,0.242,5.09,21,17.0,17017.0,,lmeds630,1145.0,1107.471960589566,4.0,8.0,magsac630,58.4,32.9,4096
band1,win1792_nfauto,dedode_L-C4-v2_B-upright,lgm,0.242,5.09,21,17.0,17006.0,,lmeds630,1146.0,1107.5118387841917,4.0,8.0,magsac630,60.3,32.9,1792
band1,win2816_nfauto,dedode_L-C4-v2_B-upright,lgm,0.238,5.01,21,17.0,17015.0,,lmeds630,1147.0,1108.4036902062749,4.0,8.0,magsac630,68.8,32.9,2816
band1,win3072_nfauto,dedode_L-C4-v2_B-upright,lgm,0.238,5.0,21,17.0,17015.0,,lmeds630,1148.0,1108.4036902062749,4.0,8.0,magsac630,58.9,32.9,3072
band1,win2432_nfauto,dedode_L-C4-v2_B-upright,lgm,0.238,5.0,21,17.0,17017.0,,lmeds630,1149.0,1110.9155519721085,4.0,8.0,magsac630,57.9,32.9,2432
band1,win3968_nfauto,dedode_L-C4-v2_B-upright,lgm,0.237,4.97,21,17.0,17007.0,,lmeds630,1153.0,1131.920183921526,4.0,8.0,magsac630,65.4,32.9,3968
band1,win3200_nfauto,dedode_L-C4-v2_B-upright,lgm,0.245,5.14,21,17.0,16886.0,,lmeds630,1154.0,1132.3008191754734,4.0,8.0,magsac630,60.1,32.9,3200
band1,win3584_nfauto,dedode_L-C4-v2_B-upright,lgm,0.24,5.04,21,17.0,16886.0,,lmeds630,1155.0,1132.3008191754734,4.0,8.0,magsac630,61.9,32.9,3584
band1,win3456_nfauto,dedode_L-upright_B-upright,mnn,0.194,4.07,21,17.0,8046.0,,magsac630,1156.0,1133.8939767630072,5.0,8.0,magsac630,203.7,32.93,3456
band1,win768_nfauto,imw-xoftr,internal,0.519,10.9,21,20.0,6410.0,,lmeds630,1157.0,1139.6431224893065,5.0,8.0,lmeds630,25.6,19.46,768
band1,win1408_nfauto,dedode_L-C4_B-upright,lgm,0.251,4.76,19,17.0,12087.0,,lmeds630,1158.0,1143.3655061741924,4.0,8.0,lmeds630,51.0,6.7,1408
band1,win3968_nfauto,dedode_L-C4-v2_B-C4,mnn,0.208,4.38,21,19.0,8450.0,,magsac630,1159.0,1143.9605911683043,4.0,8.0,magsac630,52.7,9.62,3968
band1,win1408_nfauto,dedode_L-C4-v2_B-C4,mnn,0.192,4.03,21,19.0,6941.0,,magsac630,1160.0,1144.3974991161813,4.0,8.0,magsac630,50.0,6.44,1408
band1,win3200_nfauto,dedode_L-C4-v2_B-C4,mnn,0.226,4.75,21,19.0,8598.0,,magsac630,1161.0,1145.3879127601715,4.0,8.0,magsac630,53.8,9.63,3200
band1,win3584_nfauto,dedode_L-C4-v2_B-C4,mnn,0.221,4.64,21,19.0,8598.0,,magsac630,1162.0,1145.3879127601715,4.0,8.0,magsac630,52.8,9.63,3584
band1,win896_nfauto,dedode_L-C4-v2_B-upright,lgm,0.195,4.09,21,19.0,7850.0,,lmeds630,1163.0,1146.7681911889772,5.0,8.0,lmeds630,44.3,16.58,896
band1,win1152_nfauto,dedode_L-C4-v2_B-upright,lgm,0.208,4.37,21,17.0,11382.0,,lmeds630,1164.0,1147.0053668877542,4.0,8.0,magsac630,51.0,32.89,1152
band1,win1408_nfauto,dedode_L-upright_B-C4,nn,0.231,4.86,21,9.0,17176.0,,magsac630,1165.0,1150.712771625156,4.0,8.0,magsac630,61.0,16.64,1408
band1,win1536_nfauto,dedode_L-C4_B-upright,mnn,0.193,4.05,21,18.0,7500.0,,magsac630,1166.0,1151.2889140663815,5.0,8.0,magsac630,51.3,8.71,1536
band1,win2048_nfauto,dedode_L-C4-v2_B-C4,mnn,0.207,4.36,21,19.0,8208.0,,magsac630,1167.0,1151.6040637473093,4.0,8.0,magsac630,51.6,9.62,2048
band1,win2944_nfauto,dedode_L-C4-v2_B-C4,mnn,0.208,4.38,21,19.0,8208.0,,magsac630,1168.0,1151.6040637473093,4.0,8.0,magsac630,51.6,9.62,2944
band1,win3328_nfauto,dedode_L-C4-v2_B-C4,mnn,0.209,4.39,21,19.0,8208.0,,magsac630,1169.0,1151.6040637473093,4.0,8.0,magsac630,52.9,9.62,3328
band1,win3456_nfauto,dedode_L-C4-v2_B-C4,mnn,0.217,4.55,21,19.0,8206.0,,magsac630,1170.0,1152.8397526567478,4.0,8.0,magsac630,68.1,9.62,3456
band1,win1792_nfauto,dedode_L-C4-v2_B-C4,mnn,0.213,4.46,21,19.0,8266.0,,magsac630,1171.0,1154.288538223048,4.0,8.0,magsac630,53.0,9.62,1792
band1,win896_nfauto,dedode_L-upright_B-upright,lgm,0.208,4.15,20,17.0,4792.0,,lmeds630,1172.0,1156.242622546517,4.0,8.0,lmeds630,191.9,32.91,896
band1,win3712_nfauto,dedode_L-C4-v2_B-C4,mnn,0.214,4.5,21,19.0,8185.0,,magsac630,1173.0,1158.6899155507483,4.0,8.0,magsac630,54.7,9.62,3712
band1,win2432_nfauto,dedode_L-C4-v2_B-C4,mnn,0.208,4.36,21,19.0,8453.0,,magsac630,1174.0,1162.594156404034,4.0,8.0,magsac630,51.4,9.62,2432
band1,win2816_nfauto,dedode_L-C4-v2_B-C4,mnn,0.228,4.78,21,19.0,8462.0,,magsac630,1175.0,1164.305134998918,4.0,8.0,magsac630,53.1,9.62,2816
band1,win3840_nfauto,dedode_L-C4-v2_B-C4,mnn,0.21,4.41,21,19.0,8462.0,,magsac630,1176.0,1164.305134998918,4.0,8.0,magsac630,53.2,9.62,3840
band1,win1920_nfauto,dedode_L-C4-v2_B-C4,mnn,0.209,4.38,21,19.0,8274.0,,magsac630,1177.0,1165.03137836265,4.0,8.0,magsac630,51.5,9.62,1920
band1,win2304_nfauto,dedode_L-C4-v2_B-C4,mnn,0.215,4.52,21,19.0,8054.0,,magsac630,1190.0,1165.861071379103,4.0,8.0,magsac630,53.2,9.63,2304
band1,win2560_nfauto,dedode_L-C4-v2_B-C4,mnn,0.221,4.64,21,19.0,8464.0,,magsac630,1191.0,1165.896747091255,4.0,8.0,magsac630,53.3,9.62,2560
band1,win4096_nfauto,dedode_L-C4-v2_B-C4,mnn,0.208,4.37,21,19.0,8464.0,,magsac630,1192.0,1165.896747091255,4.0,8.0,magsac630,51.5,9.62,4096
band1,win2688_nfauto,dedode_L-C4-v2_B-C4,mnn,0.231,4.85,21,19.0,8443.0,,magsac630,1194.0,1167.2152553419996,4.0,8.0,magsac630,55.1,9.62,2688
band1,win1280_nfauto,dedode_L-C4_B-C4,mnn,0.185,3.88,21,19.0,7554.0,,magsac630,1195.0,1170.0794844384302,5.0,8.0,magsac630,46.8,4.31,1280
band1,win3072_nfauto,dedode_L-C4-v2_B-C4,mnn,0.208,4.36,21,19.0,8469.0,,magsac630,1201.0,1170.7267375730585,4.0,8.0,magsac630,51.8,9.62,3072
band1,win1408_nfauto,dedode_L-upright_B-upright,mnn,0.193,4.05,21,18.0,6291.0,,magsac630,1202.0,1171.0072206342709,5.0,8.0,magsac630,204.6,32.92,1408
band1,win2176_nfauto,dedode_L-C4-v2_B-C4,mnn,0.211,4.43,21,19.0,8468.0,,magsac630,1204.0,1171.911195606653,4.0,8.0,magsac630,53.8,9.62,2176
band1,win1920_nfauto,dedode_L-C4-v2_B-upright,lgm,0.238,4.99,21,17.0,17008.0,,lmeds630,1207.0,1173.5682116758826,4.0,8.0,magsac630,57.8,32.9,1920
band1,win1920_nfauto,dedode_L-C4_B-upright,lgm,0.273,5.19,19,18.0,14568.0,,lmeds630,1220.0,1191.8427058384775,4.0,8.0,magsac630,51.7,9.17,1920
band1,win384_nfauto,dedode_L-upright_B-C4,mnn,0.078,3.83,49,31.0,2092.0,,lmeds630,1222.0,1195.2076921050605,4.0,8.0,lmeds630,40.2,1.44,384
band1,win1920_nfauto,dedode_L-upright_B-upright,mnn,0.197,4.13,21,18.0,7942.0,,magsac630,1224.0,1199.2463699445002,6.0,8.0,magsac630,208.6,32.93,1920
band1,win2432_nfauto,dedode_L-upright_B-upright,mnn,0.195,4.09,21,18.0,8091.0,,magsac630,1225.0,1199.794994165332,4.0,8.0,lmeds630,204.4,32.93,2432
band1,win1408_nfauto,dedode_L-C4_B-upright,ada,0.215,4.3,20,8.0,8632.0,,magsac630,1228.0,1202.4606549507428,4.0,8.0,magsac630,51.0,6.7,1408
band1,win1152_nfauto,dedode_L-upright_B-C4,mnn,0.177,3.73,21,19.0,5311.0,,magsac630,1229.0,1207.1923659076128,4.0,8.0,magsac630,50.9,16.63,1152
band1,win384_nfauto,imw-dad-roma,internal,1.893,90.84,48,38.0,6317.0,,lmeds630,1232.0,1212.859407153593,6.0,8.0,magsac630,179.6,33.92,384
band1,win1280_nfauto,dedode_L-C4_B-upright,lgm,0.238,4.52,19,18.0,10631.0,,lmeds630,1233.0,1214.7937684652825,4.0,8.0,magsac630,50.2,16.58,1280
band1,win256_nfauto,dedode_L-C4-v2_B-C4,mnn,0.062,5.54,89,87.0,6750.0,,lmeds630,1234.0,1217.6970955934612,4.0,8.0,magsac630,55.8,1.44,256
band1,win3456_nfauto,dedode_L-C4-v2_B-upright,lgm,0.244,5.12,21,17.0,17022.0,,lmeds630,1241.0,1238.5675363679748,4.0,8.0,lmeds630,59.9,32.9,3456
band1,win2304_nfauto,dedode_L-C4-v2_B-upright,lgm,0.238,5.0,21,17.0,16981.0,,lmeds630,1245.0,1238.8196986433943,4.0,8.0,lmeds630,62.1,32.9,2304
band1,win1024_nfauto,dedode_L-C4_B-C4,nn,0.199,4.19,21,8.0,5368.0,,magsac630,1249.0,1244.2592242451374,4.0,8.0,magsac630,41.7,1.96,1024
band1,win1280_nfauto,dedode_L-C4-v2_B-C4,mnn,0.187,3.93,21,19.0,5723.0,,magsac630,1252.0,1255.87357241917,4.0,8.0,lmeds630,47.6,4.6,1280
band1,win1024_nfauto,dedode_L-C4-v2_B-upright,lgm,0.202,4.25,21,19.0,9571.0,,lmeds630,1254.0,1272.3167569985687,4.0,8.0,lmeds630,52.3,32.89,1024
band1,win1792_nfauto,dedode_L-upright_B-C4,ada,0.216,4.54,21,10.0,18539.0,,magsac630,1255.0,1282.4590143832822,4.0,8.0,lmeds630,61.3,16.64,1792
band1,win1920_nfauto,dedode_L-upright_B-C4,ada,0.212,4.46,21,11.0,18647.0,,magsac630,1256.0,1282.4590143832822,4.0,8.0,lmeds630,54.5,16.64,1920
band1,win2048_nfauto,dedode_L-upright_B-C4,ada,0.211,4.43,21,11.0,18414.0,,magsac630,1257.0,1282.4590143832822,4.0,8.0,lmeds630,54.4,16.64,2048
band1,win2176_nfauto,dedode_L-upright_B-C4,ada,0.219,4.59,21,10.0,18640.0,,magsac630,1258.0,1282.4590143832822,4.0,8.0,lmeds630,57.0,16.64,2176
band1,win2304_nfauto,dedode_L-upright_B-C4,ada,0.213,4.48,21,11.0,18138.0,,magsac630,1259.0,1282.4590143832822,4.0,8.0,lmeds630,55.2,16.64,2304
band1,win2432_nfauto,dedode_L-upright_B-C4,ada,0.211,4.44,21,10.0,18554.0,,magsac630,1260.0,1282.4590143832822,4.0,8.0,lmeds630,57.6,16.64,2432
band1,win2560_nfauto,dedode_L-upright_B-C4,ada,0.211,4.43,21,10.0,18554.0,,magsac630,1261.0,1282.4590143832822,4.0,8.0,lmeds630,55.0,16.64,2560
band1,win2688_nfauto,dedode_L-upright_B-C4,ada,0.212,4.46,21,10.0,18547.0,,magsac630,1262.0,1282.4590143832822,4.0,8.0,lmeds630,57.2,16.64,2688
band1,win2816_nfauto,dedode_L-upright_B-C4,ada,0.213,4.47,21,12.0,18700.0,,magsac630,1263.0,1282.4590143832822,4.0,8.0,lmeds630,54.8,16.64,2816
band1,win2944_nfauto,dedode_L-upright_B-C4,ada,0.211,4.44,21,11.0,18414.0,,magsac630,1264.0,1282.4590143832822,4.0,8.0,lmeds630,54.6,16.64,2944
band1,win3072_nfauto,dedode_L-upright_B-C4,ada,0.211,4.43,21,12.0,18696.0,,magsac630,1265.0,1282.4590143832822,4.0,8.0,lmeds630,55.5,16.64,3072
band1,win3200_nfauto,dedode_L-upright_B-C4,ada,0.219,4.6,21,10.0,18316.0,,magsac630,1266.0,1282.4590143832822,4.0,8.0,lmeds630,56.0,16.64,3200
band1,win3328_nfauto,dedode_L-upright_B-C4,ada,0.212,4.45,21,11.0,18414.0,,magsac630,1267.0,1282.4590143832822,4.0,8.0,lmeds630,54.7,16.64,3328
band1,win3456_nfauto,dedode_L-upright_B-C4,ada,0.215,4.51,21,12.0,18455.0,,magsac630,1268.0,1282.4590143832822,4.0,8.0,lmeds630,55.0,16.64,3456
band1,win3584_nfauto,dedode_L-upright_B-C4,ada,0.221,4.63,21,10.0,18316.0,,magsac630,1269.0,1282.4590143832822,4.0,8.0,lmeds630,57.8,16.64,3584
band1,win3712_nfauto,dedode_L-upright_B-C4,ada,0.211,4.44,21,10.0,18242.0,,magsac630,1270.0,1282.4590143832822,4.0,8.0,lmeds630,55.7,16.64,3712
band1,win3840_nfauto,dedode_L-upright_B-C4,ada,0.216,4.54,21,12.0,18700.0,,magsac630,1271.0,1282.4590143832822,4.0,8.0,lmeds630,55.3,16.64,3840
band1,win3968_nfauto,dedode_L-upright_B-C4,ada,0.216,4.54,21,11.0,18083.0,,magsac630,1272.0,1282.4590143832822,4.0,8.0,lmeds630,55.5,16.64,3968
band1,win4096_nfauto,dedode_L-upright_B-C4,ada,0.213,4.46,21,11.0,18659.0,,magsac630,1273.0,1282.4590143832822,4.0,8.0,lmeds630,54.6,16.64,4096
band1,win256_nfauto,dedode_L-C4-v2_G-C4,mnn,0.097,8.63,89,85.0,8339.0,,lmeds630,1274.0,1282.986748828893,4.0,8.0,magsac630,85.3,17.38,256
band1,win1536_nfauto,dedode_L-upright_B-C4,ada,0.212,4.44,21,10.0,16169.0,,magsac630,1275.0,1287.7116040497451,4.0,8.0,lmeds630,54.7,16.64,1536
band1,win1664_nfauto,dedode_L-upright_B-C4,ada,0.209,4.38,21,11.0,17614.0,,magsac630,1276.0,1287.716447283907,4.0,8.0,lmeds630,61.6,16.64,1664
band1,win1664_nfauto,dedode_L-C4-v2_B-upright,lgm,0.237,4.97,21,16.0,16519.0,,lmeds630,1277.0,1301.1505012683792,4.0,8.0,magsac630,64.0,32.9,1664
band1,win1280_nfauto,dedode_L-C4-v2_B-upright,lgm,0.217,4.56,21,16.0,13056.0,,lmeds630,1278.0,1307.175407246066,4.0,8.0,magsac630,53.5,32.89,1280
band1,win1024_nfauto,dedode_L-C4_B-upright,lgm,0.208,4.16,20,18.0,7120.0,,lmeds630,1279.0,1314.8185534067195,4.0,8.0,magsac630,41.5,2.09,1024
band1,win1536_nfauto,dedode_L-C4_B-upright,lgm,0.255,4.84,19,17.0,13408.0,,lmeds630,1280.0,1316.1517657051477,4.0,8.0,lmeds630,51.3,8.71,1536
band1,win3712_nfauto,dedode_L-C4_B-upright,lgm,0.278,5.29,19,19.0,14616.0,,lmeds630,1281.0,1318.7474629218398,4.0,8.0,lmeds630,52.5,9.17,3712
band1,win3968_nfauto,dedode_L-C4_B-upright,lgm,0.295,5.6,19,18.0,14567.0,,lmeds630,1282.0,1319.3662627427618,4.0,8.0,magsac630,52.5,9.17,3968
band1,win2176_nfauto,dedode_L-C4_B-upright,lgm,0.294,5.58,19,18.0,14571.0,,lmeds630,1284.0,1320.7429574210232,4.0,8.0,lmeds630,53.2,9.17,2176
band1,win1408_nfauto,dedode_L-C4-v2_B-upright,lgm,0.231,4.86,21,17.0,14756.0,,lmeds630,1285.0,1320.836769740916,4.0,8.0,magsac630,56.9,32.9,1408
band1,win2688_nfauto,dedode_L-C4_B-upright,lgm,0.287,5.46,19,18.0,14569.0,,lmeds630,1286.0,1321.7079789243776,4.0,8.0,lmeds630,51.3,9.17,2688
band1,win2432_nfauto,dedode_L-C4_B-upright,lgm,0.271,5.14,19,18.0,14567.0,,lmeds630,1288.0,1322.5577860054302,4.0,8.0,magsac630,59.9,9.17,2432
band1,win1536_nfauto,dedode_L-C4-v2_B-upright,lgm,0.243,5.11,21,16.0,15839.0,,lmeds630,1290.0,1322.6807519038891,4.0,8.0,magsac630,64.0,32.9,1536
band1,win896_nfauto,imw-rdd-nn-kt0p2,internal,1.09,22.89,21,20.0,8137.0,,lmeds630,1291.0,1322.7430734033826,5.0,8.0,lmeds630,71.7,16.75,896
band1,win2816_nfauto,dedode_L-C4_B-upright,lgm,0.277,5.26,19,18.0,14565.0,,lmeds630,1292.0,1324.153681066763,4.0,8.0,lmeds630,51.6,9.17,2816
band1,win3456_nfauto,dedode_L-C4_B-upright,lgm,0.276,5.24,19,18.0,14604.0,,lmeds630,1293.0,1324.1737621130526,4.0,8.0,lmeds630,51.5,9.17,3456
band1,win2560_nfauto,dedode_L-C4_B-upright,lgm,0.288,5.47,19,18.0,14568.0,,lmeds630,1296.0,1325.4476404175462,4.0,8.0,lmeds630,52.1,9.17,2560
band1,win4096_nfauto,dedode_L-C4_B-upright,lgm,0.271,5.16,19,18.0,14568.0,,lmeds630,1297.0,1325.4476404175462,4.0,8.0,lmeds630,50.8,9.17,4096
band1,win2048_nfauto,dedode_L-C4_B-upright,lgm,0.27,5.14,19,18.0,14607.0,,lmeds630,1298.0,1325.4672652424972,4.0,8.0,lmeds630,52.4,9.17,2048
band1,win2944_nfauto,dedode_L-C4_B-upright,lgm,0.272,5.16,19,18.0,14607.0,,lmeds630,1299.0,1325.4672652424972,4.0,8.0,lmeds630,59.4,9.17,2944
band1,win3328_nfauto,dedode_L-C4_B-upright,lgm,0.29,5.52,19,18.0,14607.0,,lmeds630,1300.0,1325.4672652424972,4.0,8.0,lmeds630,52.8,9.17,3328
band1,win1792_nfauto,dedode_L-C4_B-upright,lgm,0.277,5.26,19,18.0,14568.0,,lmeds630,1301.0,1325.5286340620908,4.0,8.0,lmeds630,51.4,9.17,1792
band1,win3840_nfauto,dedode_L-C4_B-upright,lgm,0.273,5.19,19,18.0,14566.0,,lmeds630,1302.0,1325.613824749071,4.0,8.0,lmeds630,50.2,9.17,3840
band1,win2304_nfauto,dedode_L-C4_B-upright,lgm,0.292,5.54,19,18.0,14500.0,,lmeds630,1303.0,1326.083909753014,4.0,8.0,lmeds630,51.8,9.17,2304
band1,win3200_nfauto,dedode_L-C4_B-upright,lgm,0.294,5.58,19,18.0,14558.0,,lmeds630,1304.0,1326.1922616762267,4.0,8.0,lmeds630,53.9,9.17,3200
band1,win3584_nfauto,dedode_L-C4_B-upright,lgm,0.274,5.21,19,18.0,14558.0,,lmeds630,1305.0,1326.1922616762267,4.0,8.0,lmeds630,50.4,9.17,3584
band1,win3072_nfauto,dedode_L-C4_B-upright,lgm,0.274,5.2,19,18.0,14563.0,,lmeds630,1306.0,1327.452020087882,4.0,8.0,lmeds630,50.6,9.17,3072
band1,win1664_nfauto,dedode_L-C4_B-upright,lgm,0.272,5.17,19,18.0,14088.0,,lmeds630,1308.0,1330.9878180519352,4.0,8.0,lmeds630,49.9,9.17,1664
band1,win1920_nfauto,imw-rdd-nn-kt0p2,internal,1.124,23.6,21,20.0,9125.0,,lmeds630,1324.0,1358.1430741750885,6.0,8.0,lmeds630,72.3,16.75,1920
band1,win896_nfauto,dedode_L-C4_B-upright,lgm,0.215,4.09,19,18.0,5621.0,,lmeds630,1326.0,1369.36863385655,4.0,8.0,lmeds630,40.6,1.44,896
band1,win768_nfauto,disk_epipolar,mnn,0.123,2.59,21,18.0,3974.0,,magsac630,1327.0,1374.068241445163,4.0,8.0,lmeds630,27.1,0.74,768
band1,win2816_nfauto,imw-rdd-nn-kt0p2,internal,1.107,23.24,21,20.0,9125.0,,lmeds630,1328.0,1384.9853920830085,5.0,8.0,lmeds630,71.7,16.75,2816
band1,win3584_nfauto,imw-rdd-nn-kt0p2,internal,1.104,23.18,21,20.0,9121.0,,lmeds630,1329.0,1431.652631855074,5.0,8.0,lmeds630,71.7,16.75,3584
band1,win1152_nfauto,dedode_L-C4_B-C4,nn,0.213,4.46,21,8.0,8386.0,,magsac630,1330.0,1458.7773638827027,4.0,8.0,magsac630,44.2,2.93,1152
band1,win3968_nfauto,imw-rdd-nn-kt0p2,internal,1.134,23.81,21,20.0,9134.0,,lmeds630,1331.0,1462.5698979333922,5.0,8.0,lmeds630,72.4,16.75,3968
band1,win1536_nfauto,dedode_L-C4-v2_B-C4,mnn,0.194,4.08,21,19.0,7810.0,,magsac630,1333.0,1479.7209893813415,5.0,8.0,lmeds630,52.3,8.44,1536
band1,win2176_nfauto,imw-rdd-nn-kt0p2,internal,1.143,24.01,21,20.0,9117.0,,lmeds630,1339.0,1577.473543412441,5.0,8.0,lmeds630,72.8,16.75,2176
band1,win1664_nfauto,imw-rdd-nn-kt0p2,internal,1.132,23.78,21,20.0,8980.0,,lmeds630,1340.0,1578.428426952469,5.0,8.0,lmeds630,72.2,16.75,1664
band1,win896_nfauto,dedode_L-C4_G-C4,fginn_fm1,0.266,5.59,21,12.0,651.0,,lmeds630,1341.0,1590.8252625796872,4.0,8.0,magsac630,63.7,25.66,896
band1,win3456_nfauto,imw-rdd-nn-kt0p2,internal,1.132,23.77,21,20.0,9117.0,,lmeds630,1342.0,1602.176762230383,5.0,8.0,lmeds630,72.7,16.75,3456
band1,win3200_nfauto,imw-rdd-nn-kt0p2,internal,1.124,23.61,21,20.0,9121.0,,lmeds630,1354.0,1635.32492293757,5.0,8.0,lmeds630,72.6,16.75,3200
band1,win2304_nfauto,imw-rdd-nn-kt0p2,internal,1.172,24.61,21,20.0,9115.0,,lmeds630,1355.0,1635.6472404217466,5.0,8.0,lmeds630,73.1,16.75,2304
band1,win2432_nfauto,imw-rdd-nn-kt0p2,internal,1.118,23.48,21,20.0,9109.0,,lmeds630,1356.0,1637.6472597208535,5.0,8.0,lmeds630,71.9,16.75,2432
band1,win3328_nfauto,imw-rdd-nn-kt0p2,internal,1.108,23.26,21,20.0,9111.0,,lmeds630,1359.0,1643.6717492357764,5.0,8.0,lmeds630,71.9,16.75,3328
band1,win4096_nfauto,imw-rdd-nn-kt0p2,internal,1.119,23.51,21,20.0,9131.0,,lmeds630,1366.0,1654.8654326584456,5.0,8.0,lmeds630,71.8,16.75,4096
band1,win2688_nfauto,imw-rdd-nn-kt0p2,internal,1.108,23.28,21,20.0,9120.0,,lmeds630,1367.0,1672.0276271415366,5.0,8.0,lmeds630,71.6,16.75,2688
band1,win2944_nfauto,imw-rdd-nn-kt0p2,internal,1.108,23.27,21,20.0,9116.0,,lmeds630,1369.0,1687.507122612256,5.0,8.0,lmeds630,71.7,16.75,2944
band1,win384_nfauto,disk_depth,ada,0.055,2.55,46,34.0,3930.0,,magsac630,1370.0,1693.716278200977,4.0,8.0,lmeds630,32.7,12.89,384
band1,win1792_nfauto,dedode_L-C4_G-C4,mnn,0.28,5.89,21,19.0,5858.0,,magsac630,1371.0,1722.0636236078835,4.0,8.0,magsac630,76.0,7.44,1792
band1,win1536_nfauto,imw-rdd-nn-kt0p2,internal,1.132,23.77,21,20.0,8982.0,,lmeds630,1372.0,1742.5154641166637,6.0,8.0,lmeds630,72.3,16.75,1536
band1,win768_nfauto,dedode_L-C4_B-upright,lgm,0.204,4.08,20,17.0,4193.0,,lmeds630,1373.0,1748.032868562466,4.0,8.0,lmeds630,39.7,1.44,768
band1,win768_nfauto,dedode_L-C4-v2_B-upright,lgm,0.189,3.98,21,18.0,6009.0,,lmeds630,1374.0,1768.174843191781,4.0,8.0,lmeds630,45.3,32.88,768
band1,win2432_nfauto,dedode_L-C4_G-C4,mnn,0.279,5.86,21,19.0,5815.0,,magsac630,1376.0,1818.4042770658275,4.0,8.0,lmeds630,68.8,7.44,2432
band1,win384_nfauto,imw-gim-roma,internal,0.629,29.56,47,42.0,66488.0,,lmeds630,1381.0,1871.9606613428832,7.0,8.0,magsac630,60.6,5.35,384
band1,win896_nfauto,dedode_L-C4_B-C4,mnn,0.175,3.67,21,17.0,3245.0,,magsac630,1383.0,1981.132379152158,4.0,8.0,lmeds630,46.2,32.88,896
band1,win1024_nfauto,dedode_L-C4_B-C4,mnn,0.175,3.67,21,18.0,4134.0,,magsac630,1385.0,2026.4793918718565,4.0,8.0,lmeds630,41.7,1.96,1024
band1,win2048_nfauto,dedode_L-upright_G-C4,mnn,0.277,5.83,21,19.0,6827.0,,magsac630,1386.0,2058.858869656445,4.0,8.0,lmeds630,124.7,33.47,2048
band1,win1152_nfauto,dedode_L-C4_B-C4,mnn,0.178,3.73,21,18.0,5662.0,,magsac630,1387.0,2064.1579511702616,4.0,8.0,lmeds630,44.2,2.93,1152
band1,win256_nfauto,imw-roma,internal,0.586,51.0,87,65.0,100558.0,,lmeds630,1389.0,2066.840933713077,6.0,8.0,magsac630,85.4,5.35,256
band1,win896_nfauto,imw-dad-roma,internal,1.747,36.69,21,15.0,2969.0,,lmeds630,1391.0,2085.493436596869,4.0,8.0,lmeds630,125.3,33.92,896
band1,win1536_nfauto,imw-dad-roma,internal,1.747,36.69,21,16.0,2685.0,,magsac630,1392.0,2090.152888771755,4.0,8.0,lmeds630,125.4,33.92,1536
band1,win384_nfauto,dog_sosnet,ada,0.077,3.48,45,39.0,2306.0,,magsac630,1393.0,2119.4476684201286,5.0,8.0,magsac630,27.3,1.41,384
band1,win3968_nfauto,imw-dad-roma,internal,1.755,36.86,21,15.0,2643.0,,magsac630,1397.0,2179.4101213354625,4.0,8.0,magsac630,126.3,33.92,3968
band1,win2048_nfauto,dedode_L-C4_B-upright,mnn,0.193,4.06,21,17.0,7795.0,,magsac630,1399.0,2236.282480435023,5.0,8.0,lmeds630,52.4,9.17,2048
band1,win2944_nfauto,dedode_L-C4_B-upright,mnn,0.194,4.07,21,17.0,7797.0,,magsac630,1400.0,2236.282480435023,5.0,8.0,lmeds630,59.4,9.17,2944
band1,win3328_nfauto,dedode_L-C4_B-upright,mnn,0.196,4.12,21,17.0,7795.0,,magsac630,1401.0,2236.282480435023,5.0,8.0,lmeds630,52.8,9.17,3328
band1,win2304_nfauto,dedode_L-C4_B-upright,mnn,0.196,4.12,21,18.0,8176.0,,magsac630,1408.0,2237.6289847949247,5.0,8.0,lmeds630,51.8,9.17,2304
band1,win512_nfauto,dedode_L-C4_B-upright,lgm,0.14,4.06,29,24.0,2394.0,,lmeds630,1409.0,2240.280552963033,4.0,8.0,lmeds630,37.7,1.44,512
band1,win512_nfauto,imw-lanet-nn-kt0p2,internal,0.118,3.53,30,19.0,1553.0,,magsac630,1410.0,2243.504542292256,5.0,8.0,magsac630,9.1,1.07,512
band1,win256_nfauto,dedode_L-upright_G-C4,mnn,0.088,7.5,85,72.0,4778.0,,lmeds630,1413.0,2267.99354356312,5.0,8.0,lmeds630,125.5,25.73,256
band1,win3456_nfauto,dedode_L-C4_B-upright,mnn,0.196,4.12,21,17.0,7789.0,,magsac630,1415.0,2309.105271108863,5.0,8.0,lmeds630,51.5,9.17,3456
band1,win3968_nfauto,dedode_L-C4_B-upright,mnn,0.199,4.18,21,17.0,8253.0,,magsac630,1416.0,2309.249326684943,5.0,8.0,lmeds630,52.5,9.17,3968
band1,win3072_nfauto,dedode_L-C4_B-upright,mnn,0.196,4.11,21,19.0,7801.0,,magsac630,1419.0,2310.900041300387,5.0,8.0,lmeds630,50.6,9.17,3072
band1,win3712_nfauto,dedode_L-C4_B-upright,mnn,0.198,4.16,21,17.0,7765.0,,magsac630,1422.0,2367.5335943996715,5.0,8.0,lmeds630,52.5,9.17,3712
band1,win256_nfauto,disk_depth,ada,0.041,3.41,83,79.0,15388.0,,lmeds630,1423.0,2380.641173977788,5.0,8.0,lmeds630,41.3,12.89,256
band1,win1280_nfauto,dedode_L-C4_B-upright,ada,0.204,4.08,20,9.0,8576.0,,magsac630,1424.0,2402.362455698588,4.0,8.0,magsac630,50.2,16.58,1280
band1,win3584_nfauto,imw-dad-roma,internal,1.941,40.76,21,15.0,2946.0,,lmeds630,1426.0,2505.274009338602,4.0,8.0,lmeds630,132.1,33.92,3584
band1,win896_nfauto,dedode_L-C4_B-C4,ada,0.183,3.85,21,10.0,5338.0,,magsac630,1428.0,2610.3927418526346,4.0,8.0,magsac630,46.2,32.88,896
band1,win640_nfauto,imw-xoftr,internal,0.44,9.24,21,20.0,6332.0,,lmeds630,1430.0,2693.2784521450017,5.0,8.0,magsac630,23.6,19.46,640
band1,win1152_nfauto,dedode_L-C4_B-upright,mnn,0.179,3.77,21,18.0,4134.0,,magsac630,1431.0,2699.284491790211,4.0,8.0,magsac630,45.7,3.18,1152
band1,win3712_nfauto,imw-dad-roma,internal,1.77,37.17,21,15.0,2959.0,,lmeds630,1432.0,2701.3314420238853,4.0,8.0,lmeds630,127.3,33.92,3712
band1,win896_nfauto,dog_hardnet,ada,0.106,2.12,20,14.0,3756.0,,lmeds630,1433.0,2733.4545596733583,5.0,8.0,lmeds630,34.9,4.94,896
band1,win1024_nfauto,dog_hardnet,ada,0.113,2.27,20,14.0,3756.0,,lmeds630,1434.0,2733.4545596733583,5.0,8.0,lmeds630,33.7,4.94,1024
band1,win1152_nfauto,dog_hardnet,ada,0.103,2.05,20,14.0,3756.0,,lmeds630,1435.0,2733.4545596733583,5.0,8.0,lmeds630,31.9,4.94,1152
band1,win1280_nfauto,dog_hardnet,ada,0.105,2.1,20,14.0,3756.0,,lmeds630,1436.0,2733.4545596733583,5.0,8.0,lmeds630,32.3,4.94,1280
band1,win1408_nfauto,dog_hardnet,ada,0.104,2.08,20,14.0,3756.0,,lmeds630,1437.0,2733.4545596733583,5.0,8.0,lmeds630,32.4,4.94,1408
band1,win1536_nfauto,dog_hardnet,ada,0.103,2.06,20,14.0,3756.0,,lmeds630,1438.0,2733.4545596733583,5.0,8.0,lmeds630,32.0,4.94,1536
band1,win1664_nfauto,dog_hardnet,ada,0.106,2.13,20,14.0,3756.0,,lmeds630,1439.0,2733.4545596733583,5.0,8.0,lmeds630,32.5,4.94,1664
band1,win1792_nfauto,dog_hardnet,ada,0.11,2.2,20,14.0,3756.0,,lmeds630,1440.0,2733.4545596733583,5.0,8.0,lmeds630,33.0,4.94,1792
band1,win1920_nfauto,dog_hardnet,ada,0.105,2.1,20,14.0,3756.0,,lmeds630,1441.0,2733.4545596733583,5.0,8.0,lmeds630,32.2,4.94,1920
band1,win2048_nfauto,dog_hardnet,ada,0.113,2.26,20,14.0,3756.0,,lmeds630,1442.0,2733.4545596733583,5.0,8.0,lmeds630,33.6,4.94,2048
band1,win2176_nfauto,dog_hardnet,ada,0.113,2.26,20,14.0,3756.0,,lmeds630,1443.0,2733.4545596733583,5.0,8.0,lmeds630,34.4,4.94,2176
band1,win2304_nfauto,dog_hardnet,ada,0.106,2.13,20,14.0,3756.0,,lmeds630,1444.0,2733.4545596733583,5.0,8.0,lmeds630,32.6,4.94,2304
band1,win2432_nfauto,dog_hardnet,ada,0.106,2.12,20,14.0,3756.0,,lmeds630,1445.0,2733.4545596733583,5.0,8.0,lmeds630,32.3,4.94,2432
band1,win2560_nfauto,dog_hardnet,ada,0.116,2.32,20,14.0,3756.0,,lmeds630,1446.0,2733.4545596733583,5.0,8.0,lmeds630,35.7,4.94,2560
band1,win2688_nfauto,dog_hardnet,ada,0.111,2.22,20,14.0,3756.0,,lmeds630,1447.0,2733.4545596733583,5.0,8.0,lmeds630,33.5,4.94,2688
band1,win2816_nfauto,dog_hardnet,ada,0.103,2.06,20,14.0,3756.0,,lmeds630,1448.0,2733.4545596733583,5.0,8.0,lmeds630,31.9,4.94,2816
band1,win2944_nfauto,dog_hardnet,ada,0.107,2.14,20,14.0,3756.0,,lmeds630,1449.0,2733.4545596733583,5.0,8.0,lmeds630,32.6,4.94,2944
band1,win3072_nfauto,dog_hardnet,ada,0.107,2.13,20,14.0,3756.0,,lmeds630,1450.0,2733.4545596733583,5.0,8.0,lmeds630,32.4,4.94,3072
band1,win3200_nfauto,dog_hardnet,ada,0.108,2.16,20,14.0,3756.0,,lmeds630,1451.0,2733.4545596733583,5.0,8.0,lmeds630,32.9,4.94,3200
band1,win3328_nfauto,dog_hardnet,ada,0.105,2.11,20,14.0,3756.0,,lmeds630,1452.0,2733.4545596733583,5.0,8.0,lmeds630,32.4,4.94,3328
band1,win3456_nfauto,dog_hardnet,ada,0.102,2.05,20,14.0,3756.0,,lmeds630,1453.0,2733.4545596733583,5.0,8.0,lmeds630,32.1,4.94,3456
band1,win3584_nfauto,dog_hardnet,ada,0.104,2.08,20,14.0,3756.0,,lmeds630,1454.0,2733.4545596733583,5.0,8.0,lmeds630,32.6,4.94,3584
band1,win3712_nfauto,dog_hardnet,ada,0.111,2.23,20,14.0,3756.0,,lmeds630,1455.0,2733.4545596733583,5.0,8.0,lmeds630,33.7,4.94,3712
band1,win3840_nfauto,dog_hardnet,ada,0.103,2.07,20,14.0,3756.0,,lmeds630,1456.0,2733.4545596733583,5.0,8.0,lmeds630,32.3,4.94,3840
band1,win3968_nfauto,dog_hardnet,ada,0.119,2.37,20,14.0,3756.0,,lmeds630,1457.0,2733.4545596733583,5.0,8.0,lmeds630,34.5,4.94,3968
band1,win4096_nfauto,dog_hardnet,ada,0.106,2.12,20,14.0,3756.0,,lmeds630,1458.0,2733.4545596733583,5.0,8.0,lmeds630,32.2,4.94,4096
band1,win384_nfauto,disk_epipolar,nn,0.049,2.42,49,41.0,36220.0,,lmeds630,1459.0,2782.860136897963,4.0,8.0,magsac630,24.6,0.74,384
band1,win1024_nfauto,imw-dad-roma,internal,1.776,37.3,21,14.0,2991.0,,lmeds630,1461.0,2846.716853608449,4.0,8.0,magsac630,127.9,33.92,1024
band1,win2304_nfauto,imw-dkm,internal,0.601,12.62,21,17.0,39116.0,,magsac630,1462.0,2849.4657017088507,8.0,8.0,magsac630,44.0,33.83,2304
band1,win1664_nfauto,imw-minima-roma,internal,0.713,14.98,21,20.0,41179.0,,magsac630,1464.0,2940.1494645289467,8.0,8.0,magsac630,50.7,33.97,1664
band1,win3200_nfauto,dedode_L-C4_B-C4,mnn,0.205,4.3,21,20.0,11491.0,,magsac630,1466.0,2981.84115902656,7.0,8.0,magsac630,52.8,8.24,3200
band1,win3968_nfauto,dedode_L-C4_B-C4,mnn,0.2,4.2,21,20.0,11090.0,,magsac630,1467.0,3014.7826390702244,7.0,8.0,magsac630,52.1,8.24,3968
band1,win3584_nfauto,dedode_L-C4_B-C4,mnn,0.202,4.25,21,20.0,11490.0,,magsac630,1468.0,3022.261078334064,7.0,8.0,magsac630,54.3,8.24,3584
band1,win512_nfauto,hessian,ada,0.099,2.86,29,22.0,2638.0,,magsac630,1469.0,3035.026220560018,5.0,8.0,lmeds630,34.9,2.6,512
band1,win768_nfauto,dog_hardnet,ada,0.107,2.14,20,14.0,3750.0,,lmeds630,1470.0,3081.8721145529225,5.0,8.0,lmeds630,33.2,4.94,768
band1,win1536_nfauto,dedode_L-C4_B-C4,mnn,0.194,4.07,21,20.0,10273.0,,magsac630,1471.0,3140.2435877065755,7.0,8.0,magsac630,51.1,7.79,1536
band1,win1664_nfauto,imw-dad-roma,internal,2.033,42.69,21,14.0,2902.0,,lmeds630,1472.0,3155.5456988019487,4.0,8.0,magsac630,132.2,33.92,1664
band1,win768_nfauto,dedode_L-C4-v2_G-C4,mnn,0.264,5.53,21,19.0,1124.0,,magsac630,1474.0,3235.8970892708057,4.0,8.0,magsac630,62.1,25.71,768
band1,win2944_nfauto,dedode_L-C4_B-C4,mnn,0.194,4.08,21,20.0,11011.0,,magsac630,1475.0,3239.5955051886863,6.0,8.0,magsac630,50.0,8.24,2944
band1,win2048_nfauto,dedode_L-C4_B-C4,mnn,0.194,4.08,21,20.0,11012.0,,magsac630,1476.0,3240.7837969605366,6.0,8.0,magsac630,49.9,8.24,2048
band1,win3328_nfauto,dedode_L-C4_B-C4,mnn,0.198,4.16,21,20.0,11012.0,,magsac630,1477.0,3240.7837969605366,6.0,8.0,magsac630,51.7,8.24,3328
band1,win3456_nfauto,dedode_L-C4_B-C4,mnn,0.197,4.13,21,20.0,11012.0,,magsac630,1478.0,3240.7837969605366,6.0,8.0,magsac630,52.9,8.24,3456
band1,win1664_nfauto,dedode_L-C4_B-C4,mnn,0.193,4.06,21,20.0,10968.0,,magsac630,1479.0,3244.114471934851,6.0,8.0,magsac630,50.3,8.14,1664
band1,win3712_nfauto,dedode_L-C4_B-C4,mnn,0.199,4.18,21,20.0,11002.0,,magsac630,1480.0,3253.50285223612,6.0,8.0,magsac630,52.3,8.24,3712
band1,win2816_nfauto,dedode_L-C4_B-C4,mnn,0.195,4.1,21,20.0,11451.0,,magsac630,1481.0,3255.0258993212374,6.0,8.0,magsac630,50.8,8.24,2816
band1,win3072_nfauto,dedode_L-C4_B-C4,mnn,0.195,4.09,21,20.0,11451.0,,magsac630,1482.0,3255.0258993212374,6.0,8.0,magsac630,52.1,8.24,3072
band1,win3840_nfauto,dedode_L-C4_B-C4,mnn,0.197,4.13,21,20.0,11451.0,,magsac630,1483.0,3255.0258993212374,6.0,8.0,magsac630,50.8,8.24,3840
band1,win4096_nfauto,dedode_L-C4_B-C4,mnn,0.195,4.09,21,20.0,11451.0,,magsac630,1484.0,3255.0258993212374,6.0,8.0,magsac630,51.8,8.24,4096
band1,win2560_nfauto,dedode_L-C4_B-C4,mnn,0.197,4.14,21,20.0,11438.0,,magsac630,1485.0,3264.112207316908,6.0,8.0,magsac630,51.6,8.24,2560
band1,win2688_nfauto,disk_depth,nn,0.131,2.75,21,15.0,3969.0,,magsac630,1486.0,3266.1643078883985,5.0,8.0,magsac630,32.6,12.89,2688
band1,win2688_nfauto,dedode_L-C4_B-C4,mnn,0.197,4.13,21,20.0,11443.0,,magsac630,1487.0,3267.8806865831743,6.0,8.0,magsac630,50.8,8.24,2688
band1,win2304_nfauto,dedode_L-C4_B-C4,mnn,0.199,4.19,21,20.0,11297.0,,magsac630,1488.0,3290.5263699830884,6.0,8.0,magsac630,52.2,8.23,2304
band1,win512_nfauto,dedode_L-C4-v2_G-C4,mnn,0.169,5.07,30,25.0,4731.0,,lmeds630,1491.0,3318.9453305543657,4.0,8.0,lmeds630,57.9,25.66,512
band1,win1152_nfauto,imw-dkm,internal,0.622,13.06,21,16.0,37939.0,,magsac630,1492.0,3364.066049051084,8.0,8.0,magsac630,44.7,33.83,1152
band1,win1280_nfauto,dedode_L-C4_B-upright,mnn,0.183,3.84,21,17.0,5270.0,,magsac630,1493.0,3401.505210124108,5.0,8.0,magsac630,50.2,16.58,1280
band1,win512_nfauto,imw-dad-roma,internal,1.986,59.58,30,21.0,4412.0,,magsac630,1494.0,3468.836958111533,5.0,8.0,lmeds630,148.7,33.92,512
band1,win512_nfauto,dog_hynet,ada,0.116,3.14,27,18.0,4119.0,,lmeds630,1496.0,3554.589383248576,4.0,8.0,lmeds630,26.6,2.5,512
band1,win384_nfauto,imw-minima-roma,internal,0.605,29.66,49,46.0,71825.0,,lmeds630,1497.0,3572.2677680148167,8.0,8.0,magsac630,67.4,33.97,384
band1,win2176_nfauto,dedode_L-C4_B-C4,ada,0.211,4.43,21,7.0,17731.0,,magsac630,1498.0,3638.436274602961,4.0,8.0,lmeds630,51.2,8.24,2176
band1,win3328_nfauto,imw-dad-roma,internal,1.884,39.56,21,14.0,2962.0,,lmeds630,1504.0,3772.6146124098896,4.0,8.0,lmeds630,129.0,33.92,3328
band1,win768_nfauto,dedode_L-C4_B-C4,ada,0.18,3.78,21,8.0,5363.0,,lmeds630,1506.0,3836.409403745692,4.0,8.0,lmeds630,42.7,16.58,768
band1,win256_nfauto,dedode_L-C4_B-upright,mnn,0.064,5.7,89,82.0,4034.0,,lmeds630,1507.0,3869.0469285600366,5.0,8.0,lmeds630,57.5,4.37,256
band1,win2176_nfauto,imw-dkm,internal,0.603,12.67,21,17.0,38798.0,,magsac630,1508.0,3931.965026497129,8.0,8.0,magsac630,44.0,33.83,2176
band1,win2048_nfauto,imw-dkm,internal,0.618,12.99,21,17.0,38549.0,,magsac630,1509.0,3937.80574077745,8.0,8.0,magsac630,44.9,33.83,2048
band1,win256_nfauto,disk_depth,nn,0.033,2.97,90,87.0,52858.0,,lmeds630,1511.0,3991.667111452022,4.0,8.0,magsac630,41.3,12.89,256
band1,win640_nfauto,dedode_L-upright_B-upright,mnn,0.156,3.28,21,18.0,1120.0,,magsac630,1512.0,4088.499170849951,4.0,8.0,magsac630,206.8,32.91,640
band1,win1408_nfauto,dedode_L-C4-v2_B-C4,nn,0.236,4.95,21,6.0,7916.0,,magsac630,1514.0,4165.034110560576,5.0,8.0,magsac630,50.0,6.44,1408
band1,win1280_nfauto,dedode_L-C4-v2_B-upright,ada,0.2,4.19,21,10.0,4595.0,,magsac630,1545.0,4290.041251973737,4.0,8.0,magsac630,53.5,32.89,1280
band1,win3840_nfauto,imw-dad-roma,internal,1.755,36.86,21,15.0,3005.0,,lmeds630,1546.0,4317.621476333197,4.0,8.0,magsac630,126.2,33.92,3840
band1,win640_nfauto,imw-roma,internal,0.7,14.7,21,16.0,21610.0,,magsac630,1548.0,4341.196820990374,5.0,8.0,magsac630,45.6,5.35,640
band1,win256_nfauto,dog_sosnet,nn,0.057,5.05,89,89.0,33907.0,,lmeds630,1549.0,4369.978511687433,4.0,8.0,magsac630,41.3,0.94,256
band1,win640_nfauto,dog_hardnet,ada,0.105,2.09,20,14.0,3736.0,,lmeds630,1550.0,4375.974954912573,5.0,8.0,lmeds630,30.8,4.29,640
band1,win1152_nfauto,imw-dad-roma,internal,1.773,37.23,21,15.0,2678.0,,magsac630,1551.0,4378.757235177399,4.0,8.0,magsac630,128.1,33.92,1152
band1,win1664_nfauto,dedode_L-upright_G-C4,mnn,0.277,5.81,21,19.0,6589.0,,magsac630,1552.0,4411.106037818358,4.0,8.0,lmeds630,122.4,33.47,1664
band1,win256_nfauto,dedode_L-C4_G-C4,ada,0.093,7.24,78,54.0,8074.0,,lmeds630,1553.0,4422.532816747729,4.0,8.0,magsac630,71.0,2.05,256
band1,win3456_nfauto,dedode_L-upright_G-C4,mnn,0.276,5.8,21,19.0,6826.0,,magsac630,1554.0,4433.389677573346,4.0,8.0,lmeds630,122.6,33.47,3456
band1,win2816_nfauto,dedode_L-upright_G-C4,mnn,0.279,5.85,21,19.0,6825.0,,magsac630,1555.0,4434.300674798388,4.0,8.0,lmeds630,127.0,33.47,2816
band1,win3072_nfauto,dedode_L-upright_G-C4,mnn,0.278,5.84,21,19.0,6825.0,,magsac630,1556.0,4434.300674798388,4.0,8.0,lmeds630,123.2,33.47,3072
band1,win3840_nfauto,dedode_L-upright_G-C4,mnn,0.28,5.87,21,19.0,6821.0,,magsac630,1557.0,4442.530207895655,4.0,8.0,lmeds630,123.5,33.47,3840
band1,win512_nfauto,dog_hardnet,ada,0.106,2.44,23,19.0,4427.0,,lmeds630,1558.0,4483.319631081327,4.0,8.0,lmeds630,39.9,2.76,512
band1,win1536_nfauto,dedode_L-upright_G-C4,mnn,0.278,5.84,21,19.0,6018.0,,magsac630,1559.0,4496.971490494075,4.0,8.0,lmeds630,121.3,33.47,1536
band1,win512_nfauto,dog_hardnet,lgm,0.102,3.05,30,21.0,3634.0,,lmeds630,1561.0,4508.395065307221,5.0,8.0,lmeds630,39.9,2.76,512
band1,win3584_nfauto,dedode_L-upright_G-C4,mnn,0.28,5.87,21,19.0,6766.0,,magsac630,1562.0,4519.215489130876,4.0,8.0,lmeds630,124.3,33.47,3584
band1,win384_nfauto,gftt,mnn,0.088,4.3,49,24.0,2633.0,,lmeds630,1563.0,4524.937687053453,4.0,8.0,lmeds630,54.0,1.55,384
band1,win384_nfauto,sift,ada,0.084,3.51,42,36.0,2372.0,,magsac630,1564.0,4525.599783784267,4.0,8.0,magsac630,63.0,1.72,384
band1,win2304_nfauto,dedode_L-upright_G-C4,mnn,0.28,5.87,21,19.0,6691.0,,magsac630,1565.0,4527.352137064408,4.0,8.0,lmeds630,126.2,33.47,2304
band1,win1792_nfauto,dedode_L-upright_G-C4,mnn,0.281,5.89,21,19.0,6866.0,,magsac630,1568.0,4546.913772979684,4.0,8.0,lmeds630,124.4,33.47,1792
band1,win2944_nfauto,dedode_L-upright_G-C4,mnn,0.278,5.83,21,19.0,6827.0,,magsac630,1569.0,4546.913772979684,4.0,8.0,lmeds630,123.1,33.47,2944
band1,win3328_nfauto,dedode_L-upright_G-C4,mnn,0.278,5.84,21,19.0,6827.0,,magsac630,1570.0,4546.913772979684,4.0,8.0,lmeds630,124.2,33.47,3328
band1,win2560_nfauto,dedode_L-upright_G-C4,mnn,0.28,5.87,21,19.0,6853.0,,magsac630,1571.0,4547.218593536984,4.0,8.0,lmeds630,125.0,33.47,2560
band1,win4096_nfauto,dedode_L-upright_G-C4,mnn,0.277,5.82,21,19.0,6826.0,,magsac630,1572.0,4547.218593536984,4.0,8.0,lmeds630,122.8,33.47,4096
band1,win3200_nfauto,dedode_L-upright_G-C4,mnn,0.284,5.96,21,19.0,6694.0,,magsac630,1599.0,4615.897965684234,4.0,8.0,lmeds630,127.0,33.47,3200
band1,win2688_nfauto,dedode_L-upright_G-C4,mnn,0.279,5.87,21,19.0,6840.0,,magsac630,1600.0,4617.307494133462,4.0,8.0,lmeds630,124.2,33.47,2688
band1,win512_nfauto,dedode_L-C4_G-C4,ada,0.174,5.03,29,13.0,3767.0,,lmeds630,1601.0,4649.399122404268,4.0,8.0,magsac630,54.3,2.05,512
band1,win2176_nfauto,dedode_L-upright_G-C4,mnn,0.287,6.02,21,19.0,6826.0,,magsac630,1602.0,4650.274781968444,4.0,8.0,lmeds630,125.9,33.47,2176
band1,win384_nfauto,imw-roma,internal,0.6,29.4,49,36.0,56548.0,,lmeds630,1604.0,4725.869081186948,7.0,8.0,magsac630,60.1,5.35,384
band1,win384_nfauto,keynet,mnn,0.134,6.54,49,29.0,2778.0,,lmeds630,1605.0,4769.158975957597,4.0,8.0,lmeds630,110.8,3.11,384
band1,win256_nfauto,dog_hardnet,ada,0.066,5.15,78,75.0,9298.0,,lmeds630,1606.0,4846.529551507905,6.0,8.0,magsac630,70.0,1.39,256
band1,win640_nfauto,dog_hardnet,lgm,0.12,2.53,21,19.0,4044.0,,lmeds630,1608.0,4928.90712097643,5.0,8.0,lmeds630,30.8,4.29,640
band1,win1408_nfauto,dedode_L-upright_G-C4,mnn,0.273,5.73,21,19.0,5008.0,,magsac630,1609.0,5019.380758767513,4.0,8.0,lmeds630,121.5,33.47,1408
band1,win640_nfauto,dog_sosnet,ada,0.124,2.35,19,15.0,2267.0,,magsac630,1610.0,5097.100959067743,5.0,8.0,lmeds630,20.8,4.08,640
band1,win2304_nfauto,dog_hardnet,lgm,0.125,2.62,21,18.0,4167.0,,lmeds630,1611.0,5106.636343269145,5.0,8.0,lmeds630,32.6,4.94,2304
band1,win2688_nfauto,dog_hardnet,lgm,0.135,2.84,21,18.0,4167.0,,lmeds630,1612.0,5106.636343269145,5.0,8.0,lmeds630,33.5,4.94,2688
band1,win3072_nfauto,dog_hardnet,lgm,0.124,2.61,21,18.0,4167.0,,lmeds630,1613.0,5106.636343269145,5.0,8.0,lmeds630,32.4,4.94,3072
band1,win3712_nfauto,dog_hardnet,lgm,0.133,2.79,21,18.0,4167.0,,lmeds630,1614.0,5111.278960958339,5.0,8.0,lmeds630,33.7,4.94,3712
band1,win256_nfauto,keynet,nn,0.124,11.01,89,89.0,28119.0,,lmeds630,1636.0,5135.34458896412,5.0,8.0,magsac630,153.3,3.11,256
band1,win1536_nfauto,dog_hardnet,lgm,0.122,2.57,21,18.0,4168.0,,lmeds630,1637.0,5161.3889606746325,5.0,8.0,lmeds630,32.0,4.94,1536
band1,win1664_nfauto,disk_depth,nn,0.129,2.71,21,14.0,4003.0,,magsac630,1638.0,5202.453619611011,5.0,8.0,magsac630,32.8,12.89,1664
band1,win2816_nfauto,disk_depth,nn,0.131,2.76,21,14.0,4003.0,,magsac630,1639.0,5202.453619611011,5.0,8.0,magsac630,32.5,12.89,2816
band1,win3328_nfauto,disk_depth,nn,0.135,2.84,21,14.0,4003.0,,magsac630,1640.0,5202.453619611011,5.0,8.0,magsac630,33.6,12.89,3328
band1,win3456_nfauto,disk_depth,nn,0.13,2.73,21,14.0,4003.0,,magsac630,1641.0,5202.453619611011,5.0,8.0,magsac630,32.1,12.89,3456
band1,win4096_nfauto,disk_depth,nn,0.129,2.71,21,14.0,4003.0,,magsac630,1642.0,5202.453619611011,5.0,8.0,magsac630,32.1,12.89,4096
band1,win896_nfauto,disk_depth,nn,0.129,2.72,21,14.0,3962.0,,magsac630,1643.0,5214.027676088541,5.0,8.0,magsac630,33.3,12.89,896
band1,win1152_nfauto,disk_depth,nn,0.131,2.75,21,14.0,3962.0,,magsac630,1644.0,5214.027676088541,5.0,8.0,magsac630,32.5,12.89,1152
band1,win1920_nfauto,disk_depth,nn,0.128,2.69,21,14.0,3962.0,,magsac630,1645.0,5214.027676088541,5.0,8.0,magsac630,32.1,12.89,1920
band1,win2176_nfauto,disk_depth,nn,0.132,2.77,21,14.0,3962.0,,magsac630,1646.0,5214.027676088541,5.0,8.0,magsac630,32.6,12.89,2176
band1,win3200_nfauto,disk_depth,nn,0.131,2.76,21,14.0,3962.0,,magsac630,1647.0,5214.027676088541,5.0,8.0,magsac630,32.5,12.89,3200
band1,win3712_nfauto,disk_depth,nn,0.131,2.74,21,14.0,3962.0,,magsac630,1648.0,5214.027676088541,5.0,8.0,magsac630,32.3,12.89,3712
band1,win3968_nfauto,disk_depth,nn,0.134,2.81,21,14.0,3962.0,,magsac630,1649.0,5214.027676088541,5.0,8.0,magsac630,32.5,12.89,3968
band1,win1408_nfauto,disk_depth,nn,0.131,2.75,21,14.0,3794.0,,magsac630,1650.0,5251.274866323618,5.0,8.0,magsac630,32.7,12.89,1408
band1,win1536_nfauto,disk_depth,nn,0.134,2.82,21,14.0,3794.0,,magsac630,1651.0,5251.274866323618,5.0,8.0,magsac630,33.5,12.89,1536
band1,win2560_nfauto,disk_depth,nn,0.129,2.71,21,14.0,3753.0,,magsac630,1652.0,5259.442163442993,5.0,8.0,magsac630,32.3,12.89,2560
band1,win512_nfauto,imw-dkm,internal,0.573,16.61,29,23.0,52908.0,,magsac630,1653.0,5291.063895022788,7.0,8.0,magsac630,49.1,33.83,512
band1,win768_nfauto,dog_hardnet,lgm,0.123,2.58,21,18.0,4218.0,,lmeds630,1654.0,5322.733584232417,5.0,8.0,lmeds630,33.2,4.94,768
band1,win256_nfauto,imw-dad-roma,internal,1.138,101.24,89,65.0,10095.0,,lmeds630,1655.0,5434.246560522625,6.0,8.0,lmeds630,190.4,33.92,256
band1,win3712_nfauto,dedode_L-upright_G-C4,mnn,0.282,5.92,21,19.0,6847.0,,magsac630,1657.0,5449.8703300406205,4.0,8.0,lmeds630,124.6,33.47,3712
band1,win3968_nfauto,dedode_L-upright_G-C4,mnn,0.282,5.93,21,19.0,6781.0,,magsac630,1658.0,5501.698823926995,4.0,8.0,lmeds630,125.0,33.47,3968
band1,win1920_nfauto,dedode_L-upright_G-C4,mnn,0.281,5.89,21,19.0,6814.0,,magsac630,1659.0,5551.812225078052,4.0,8.0,lmeds630,123.7,33.47,1920
band1,win2048_nfauto,imw-dad-roma,internal,1.913,40.18,21,15.0,2670.0,,magsac630,1660.0,5581.30279617531,4.0,8.0,lmeds630,130.3,33.92,2048
band1,win384_nfauto,dog_sosnet,mnn,0.065,3.17,49,29.0,1827.0,,magsac630,1662.0,5639.479507583277,5.0,8.0,lmeds630,27.3,1.41,384
band1,win2176_nfauto,imw-dad-roma,internal,1.892,39.72,21,14.0,2679.0,,magsac630,1663.0,5652.991385546335,4.0,8.0,magsac630,129.2,33.92,2176
band1,win1280_nfauto,dedode_L-upright_G-C4,mnn,0.266,5.59,21,19.0,4249.0,,magsac630,1665.0,5756.764940427044,4.0,8.0,lmeds630,121.1,33.46,1280
band1,win2432_nfauto,dedode_L-upright_G-C4,mnn,0.278,5.84,21,19.0,6888.0,,magsac630,1666.0,5770.130979369347,4.0,8.0,lmeds630,132.5,33.47,2432
band1,win3072_nfauto,dedode_L-C4_G-C4,mnn,0.276,5.79,21,19.0,5865.0,,magsac630,1667.0,5785.390110737802,4.0,8.0,magsac630,67.4,7.44,3072
band1,win384_nfauto,imw-lanet-nn-kt0p2,internal,0.08,3.94,49,26.0,2042.0,,lmeds630,1668.0,5813.983420379503,6.0,8.0,lmeds630,9.6,1.07,384
band1,win1920_nfauto,imw-dad-roma,internal,2.03,42.62,21,14.0,2951.0,,lmeds630,1669.0,5850.86248933178,4.0,8.0,lmeds630,132.6,33.92,1920
band1,win2304_nfauto,imw-dad-roma,internal,2.028,42.59,21,14.0,2950.0,,lmeds630,1670.0,5852.737826351208,4.0,8.0,lmeds630,131.2,33.92,2304
band1,win2688_nfauto,imw-dad-roma,internal,2.061,43.28,21,14.0,2950.0,,lmeds630,1671.0,5852.739324697934,4.0,8.0,lmeds630,133.0,33.92,2688
band1,win3456_nfauto,imw-dad-roma,internal,2.055,43.16,21,14.0,2951.0,,lmeds630,1672.0,5853.904782187471,4.0,8.0,lmeds630,132.1,33.92,3456
band1,win512_nfauto,dedode_L-C4_B-upright,mnn,0.116,3.48,30,19.0,794.0,,magsac630,1673.0,5867.541722089625,4.0,8.0,lmeds630,37.7,1.44,512
band1,win2432_nfauto,disk_depth,nn,0.129,2.71,21,14.0,3936.0,,magsac630,1674.0,5886.866751196196,5.0,8.0,magsac630,32.1,12.89,2432
band1,win768_nfauto,dog_sosnet,ada,0.129,2.57,20,15.0,2277.0,,magsac630,1675.0,5911.89038414152,5.0,8.0,lmeds630,22.2,3.27,768
band1,win384_nfauto,disk_depth,nn,0.05,2.43,49,40.0,37069.0,,lmeds630,1676.0,5977.989024583723,4.0,8.0,magsac630,32.7,12.89,384
band1,win384_nfauto,dog_hardnet,ada,0.077,3.22,42,37.0,2383.0,,magsac630,1677.0,6007.464692828848,4.0,8.0,magsac630,48.5,1.56,384
band1,win1792_nfauto,dedode_L-upright_G-C4,ada,0.309,6.18,20,13.0,6570.0,,magsac630,1678.0,6022.696094574482,4.0,8.0,magsac630,124.4,33.47,1792
band1,win1280_nfauto,imw-dad-roma,internal,1.922,40.36,21,15.0,2688.0,,magsac630,1679.0,6055.333322897726,4.0,8.0,magsac630,130.1,33.92,1280
band1,win384_nfauto,imw-xfeat-lg,internal,0.135,5.14,38,31.0,5968.0,,lmeds630,1685.0,6602.569110256514,5.0,8.0,lmeds630,11.6,0.58,384
band1,win640_nfauto,dedode_L-upright_B-upright,fginn_fm1,0.183,3.29,18,8.0,408.0,,lmeds630,1686.0,6631.367543482097,4.0,8.0,magsac630,206.8,32.91,640
band1,win768_nfauto,dedode_L-C4_B-C4,mnn,0.173,3.64,21,19.0,1859.0,,magsac630,1689.0,6892.441735660177,4.0,8.0,magsac630,42.7,16.58,768
band1,win256_nfauto,keynet,ada,0.146,11.55,79,77.0,8069.0,,lmeds630,1690.0,7050.611232241663,4.0,8.0,magsac630,153.3,3.11,256
band1,win256_nfauto,sift,ada,0.068,5.36,79,74.0,9041.0,,lmeds630,1691.0,7070.894106002754,4.0,8.0,magsac630,80.2,1.72,256
band1,win256_nfauto,dedode_L-C4-v2_B-C4,ada,0.077,6.05,79,59.0,10561.0,,lmeds630,1694.0,7372.229542361461,4.0,8.0,lmeds630,55.8,1.44,256
band1,win1408_nfauto,dedode_L-C4_B-C4,ada,0.203,4.27,21,10.0,13842.0,,magsac630,1695.0,7485.666143797577,6.0,8.0,lmeds630,47.9,6.08,1408
band1,win256_nfauto,dog_hardnet,nn,0.053,4.72,89,89.0,33859.0,,lmeds630,1697.0,7536.233182128637,4.0,8.0,magsac630,70.0,1.39,256
band1,win1280_nfauto,dedode_L-C4_G-C4,ada,0.299,5.98,20,16.0,3428.0,,magsac630,1700.0,7663.398234523685,4.0,8.0,magsac630,67.7,25.67,1280
band1,win256_nfauto,dedode_L-upright_G-C4,ada,0.1,7.91,79,59.0,8214.0,,lmeds630,1701.0,7667.406235371074,6.0,8.0,magsac630,125.5,25.73,256
band1,win256_nfauto,imw-sp-nn-kt0p2,internal,0.039,2.65,68,10.0,64.0,,lmeds630,1702.0,7910.514511612494,4.0,8.0,lmeds630,7.5,0.36,256
band1,win1280_nfauto,dedode_L-C4_B-C4,ada,0.197,4.14,21,8.0,10821.0,,magsac630,1703.0,8079.942503447999,5.0,8.0,lmeds630,46.8,4.31,1280
band1,win256_nfauto,dedode_L-C4_B-upright,ada,0.074,6.09,82,57.0,8077.0,,lmeds630,1705.0,8121.28373358216,4.0,8.0,lmeds630,57.5,4.37,256
band1,win256_nfauto,dedode_L-upright_B-upright,ada,0.063,5.32,85,67.0,8289.0,,lmeds630,1707.0,8402.338743903585,6.0,8.0,lmeds630,258.8,32.9,256
band1,win1920_nfauto,dedode_L-upright_B-C4,nn,0.241,5.06,21,7.0,17236.0,,magsac630,1708.0,8577.21038601459,4.0,8.0,magsac630,54.5,16.64,1920
band1,win768_nfauto,imw-dad-roma,internal,2.331,48.96,21,14.0,2956.0,,magsac630,1709.0,8600.162200946266,4.0,8.0,magsac630,138.5,33.92,768
band1,win256_nfauto,dedode_L-upright_B-C4,ada,0.065,5.38,83,62.0,8425.0,,lmeds630,1710.0,8623.290645324198,6.0,8.0,magsac630,51.4,1.44,256
band1,win3712_nfauto,dedode_L-upright_B-C4,nn,0.239,5.02,21,7.0,17233.0,,magsac630,1711.0,8684.748409859507,4.0,8.0,magsac630,55.7,16.64,3712
band1,win2688_nfauto,dedode_L-upright_B-C4,nn,0.242,5.09,21,7.0,17239.0,,magsac630,1712.0,8700.801852859515,4.0,8.0,magsac630,57.2,16.64,2688
band1,win1408_nfauto,dedode_L-upright_B-upright,ada,0.205,4.31,21,11.0,9076.0,,magsac630,1713.0,8897.544231517064,4.0,8.0,magsac630,204.6,32.92,1408
band1,win256_nfauto,dog_hynet,nn,0.061,5.43,89,89.0,34207.0,,lmeds630,1714.0,9029.900864149737,5.0,8.0,magsac630,41.8,1.02,256
band1,win384_nfauto,dedode_L-C4-v2_B-upright,ada,0.087,4.02,46,28.0,1138.0,,magsac630,1718.0,9627.25850009273,4.0,8.0,magsac630,40.2,1.44,384
band1,win2816_nfauto,imw-dad-roma,internal,2.036,42.75,21,14.0,2904.0,,lmeds630,1719.0,9891.078862120972,5.0,8.0,magsac630,132.4,33.92,2816
band1,win2560_nfauto,dedode_L-upright_G-C4,ada,0.308,6.15,20,13.0,6472.0,,magsac630,1720.0,9895.111527706627,4.0,8.0,magsac630,125.0,33.47,2560
band1,win4096_nfauto,dedode_L-upright_G-C4,ada,0.306,6.12,20,13.0,6472.0,,magsac630,1721.0,9895.111527706627,4.0,8.0,magsac630,122.8,33.47,4096
band1,win2304_nfauto,dedode_L-upright_G-C4,ada,0.307,6.14,20,13.0,6239.0,,magsac630,1722.0,9895.407101612323,4.0,8.0,magsac630,126.2,33.47,2304
band1,win1536_nfauto,dedode_L-upright_G-C4,ada,0.306,6.12,20,13.0,5008.0,,magsac630,1723.0,9916.836289465657,5.0,8.0,magsac630,121.3,33.47,1536
band1,win3584_nfauto,dedode_L-C4_G-C4,mnn,0.278,5.84,21,19.0,5979.0,,magsac630,1725.0,9987.69174489482,4.0,8.0,lmeds630,68.2,7.44,3584
band1,win2560_nfauto,dedode_L-C4_G-C4,mnn,0.289,6.06,21,19.0,5858.0,,magsac630,1726.0,9987.70318950716,4.0,8.0,lmeds630,71.1,7.44,2560
band1,win4096_nfauto,dedode_L-C4_G-C4,mnn,0.275,5.78,21,19.0,5861.0,,magsac630,1727.0,9987.711596770028,4.0,8.0,lmeds630,67.5,7.44,4096
band1,win2304_nfauto,dedode_L-C4_G-C4,mnn,0.277,5.82,21,19.0,6077.0,,magsac630,1728.0,9987.744594024469,4.0,8.0,lmeds630,67.9,7.44,2304
band1,win3712_nfauto,dedode_L-upright_G-C4,ada,0.309,6.18,20,13.0,6464.0,,magsac630,1729.0,9996.97472639153,4.0,8.0,magsac630,124.6,33.47,3712
band1,win2048_nfauto,dedode_L-upright_G-C4,ada,0.307,6.13,20,13.0,6474.0,,magsac630,1730.0,10009.223392730648,4.0,8.0,magsac630,124.7,33.47,2048
band1,win2944_nfauto,dedode_L-upright_G-C4,ada,0.307,6.14,20,13.0,6474.0,,magsac630,1731.0,10009.223392730648,4.0,8.0,magsac630,123.1,33.47,2944
band1,win3328_nfauto,dedode_L-upright_G-C4,ada,0.307,6.14,20,13.0,6474.0,,magsac630,1732.0,10009.223392730648,4.0,8.0,magsac630,124.2,33.47,3328
band1,win3712_nfauto,dedode_L-C4_G-C4,mnn,0.281,5.91,21,19.0,5922.0,,magsac630,1733.0,10027.025558860354,4.0,8.0,lmeds630,70.4,7.44,3712
band1,win2048_nfauto,dedode_L-C4_G-C4,mnn,0.275,5.77,21,19.0,5923.0,,magsac630,1734.0,10028.111953792437,4.0,8.0,lmeds630,68.5,7.44,2048
band1,win2944_nfauto,dedode_L-C4_G-C4,mnn,0.276,5.79,21,19.0,5923.0,,magsac630,1735.0,10028.111953792437,4.0,8.0,lmeds630,68.0,7.44,2944
band1,win3328_nfauto,dedode_L-C4_G-C4,mnn,0.276,5.79,21,19.0,5923.0,,magsac630,1736.0,10028.111953792437,4.0,8.0,lmeds630,68.1,7.44,3328
band1,win3968_nfauto,dedode_L-C4_G-C4,mnn,0.283,5.94,21,19.0,6058.0,,magsac630,1737.0,10040.158320844268,4.0,8.0,lmeds630,72.8,7.44,3968
band1,win3456_nfauto,dedode_L-C4_G-C4,mnn,0.281,5.89,21,19.0,5925.0,,magsac630,1738.0,10047.587304898036,4.0,8.0,lmeds630,70.3,7.44,3456
band1,win1664_nfauto,dedode_L-upright_G-C4,ada,0.303,6.06,20,13.0,5491.0,,magsac630,1739.0,10162.402610462666,4.0,8.0,magsac630,122.4,33.47,1664
band1,win2816_nfauto,dedode_L-upright_G-C4,ada,0.306,6.12,20,13.0,6461.0,,magsac630,1740.0,10167.970197223962,4.0,8.0,magsac630,127.0,33.47,2816
band1,win3072_nfauto,dedode_L-upright_G-C4,ada,0.306,6.12,20,13.0,6461.0,,magsac630,1741.0,10167.970197223962,4.0,8.0,magsac630,123.2,33.47,3072
band1,win3840_nfauto,dedode_L-upright_G-C4,ada,0.308,6.15,20,13.0,6461.0,,magsac630,1742.0,10167.970197223962,4.0,8.0,magsac630,123.5,33.47,3840
band1,win640_nfauto,dog_hynet,mnn,0.122,2.57,21,16.0,1909.0,,magsac630,1743.0,10204.646507963049,4.0,8.0,lmeds630,22.7,4.26,640
band1,win256_nfauto,dedode_L-C4_B-C4,ada,0.063,5.32,84,68.0,9745.0,,lmeds630,1751.0,10253.546665855109,6.0,8.0,lmeds630,50.8,1.44,256
band1,win3456_nfauto,dedode_L-upright_G-C4,ada,0.303,6.06,20,13.0,6463.0,,magsac630,1752.0,10271.075711108646,4.0,8.0,magsac630,122.6,33.47,3456
band1,win3968_nfauto,dedode_L-upright_G-C4,ada,0.31,6.2,20,13.0,5970.0,,magsac630,1753.0,10277.534728259645,4.0,8.0,magsac630,125.0,33.47,3968
band1,win512_nfauto,dedode_L-C4_B-C4,mnn,0.115,3.45,30,26.0,1125.0,,magsac630,1754.0,10309.36063805007,4.0,8.0,magsac630,40.9,16.62,512
band1,win1024_nfauto,dedode_L-upright_G-C4,mnn,0.258,5.42,21,20.0,2204.0,,magsac630,1755.0,10364.840616212889,4.0,8.0,magsac630,115.7,33.46,1024
band1,win2432_nfauto,dedode_L-upright_G-C4,ada,0.306,6.11,20,13.0,6455.0,,magsac630,1756.0,10508.168220678286,4.0,8.0,magsac630,132.5,33.47,2432
band1,win1920_nfauto,dedode_L-C4_G-C4,mnn,0.275,5.78,21,19.0,5841.0,,magsac630,1758.0,10664.076931396236,4.0,8.0,lmeds630,67.9,7.44,1920
band1,win3200_nfauto,dedode_L-C4_G-C4,mnn,0.282,5.93,21,19.0,5957.0,,magsac630,1759.0,10665.82777900438,4.0,8.0,lmeds630,69.9,7.44,3200
band1,win2176_nfauto,dedode_L-C4_G-C4,mnn,0.275,5.78,21,19.0,5863.0,,magsac630,1760.0,10683.249949463992,4.0,8.0,lmeds630,68.7,7.44,2176
band1,win2688_nfauto,dedode_L-C4_G-C4,mnn,0.277,5.83,21,19.0,5858.0,,magsac630,1761.0,10694.828115331507,4.0,8.0,lmeds630,69.3,7.44,2688
band1,win1664_nfauto,dedode_L-C4_G-C4,mnn,0.274,5.76,21,19.0,5748.0,,magsac630,1762.0,10722.139701101292,4.0,8.0,lmeds630,76.1,5.98,1664
band1,win2816_nfauto,dedode_L-C4_G-C4,mnn,0.276,5.8,21,19.0,5863.0,,magsac630,1763.0,10723.958089494894,4.0,8.0,lmeds630,68.8,7.44,2816
band1,win3840_nfauto,dedode_L-C4_G-C4,mnn,0.275,5.78,21,19.0,5863.0,,magsac630,1764.0,10723.958089494894,4.0,8.0,lmeds630,67.3,7.44,3840
band1,win512_nfauto,disk_epipolar,ada,0.081,2.34,29,26.0,3173.0,,magsac630,1765.0,10731.531669312835,4.0,8.0,lmeds630,22.9,5.41,512
band1,win1280_nfauto,dedode_L-upright_G-C4,ada,0.305,5.79,19,13.0,3132.0,,magsac630,1767.0,10870.903741215692,4.0,8.0,magsac630,121.1,33.46,1280
band1,win3584_nfauto,dedode_L-upright_G-C4,ada,0.308,6.16,20,13.0,6429.0,,magsac630,1768.0,10911.584416889737,4.0,8.0,magsac630,124.3,33.47,3584
band1,win1920_nfauto,dedode_L-upright_G-C4,ada,0.31,6.2,20,13.0,6564.0,,magsac630,1769.0,10992.24538237289,4.0,8.0,magsac630,123.7,33.47,1920
band1,win256_nfauto,dog_hardnet,mnn,0.052,4.59,89,88.0,7579.0,,lmeds630,1770.0,11101.90390899578,6.0,8.0,lmeds630,70.0,1.39,256
band1,win256_nfauto,imw-gim-dkm,internal,1.092,86.23,79,74.0,106607.0,,lmeds630,1772.0,11231.479810254064,5.0,8.0,magsac630,132.2,34.14,256
band1,win1408_nfauto,dedode_L-C4_B-upright,nn,0.234,4.92,21,8.0,10145.0,,magsac630,1773.0,11339.728333521438,4.0,8.0,magsac630,51.0,6.7,1408
band1,win256_nfauto,disk_epipolar,nn,0.032,2.88,90,88.0,53400.0,,lmeds630,1776.0,11726.829223795545,7.0,8.0,lmeds630,33.4,5.22,256
band1,win1024_nfauto,dedode_L-C4_G-C4,nn,0.29,6.09,21,9.0,2733.0,,magsac630,1778.0,12064.643275113242,4.0,8.0,magsac630,63.2,25.67,1024
band1,win1152_nfauto,dedode_L-upright_G-C4,ada,0.284,5.69,20,13.0,3405.0,,magsac630,1782.0,12614.266779095093,4.0,8.0,magsac630,116.8,33.46,1152
band1,win768_nfauto,imw-gim-dkm,internal,1.247,19.95,16,12.0,23106.0,,lmeds630,1796.0,12762.58554912912,5.0,8.0,lmeds630,60.6,34.14,768
band1,win1536_nfauto,imw-gim-dkm,internal,1.244,19.9,16,12.0,22817.0,,lmeds630,1798.0,12881.911248246432,4.0,8.0,lmeds630,60.6,34.14,1536
band1,win256_nfauto,dedode_L-C4-v2_G-C4,ada,0.112,9.08,81,69.0,14569.0,,lmeds630,1801.0,13134.839782002491,5.0,8.0,lmeds630,85.3,17.38,256
band1,win896_nfauto,imw-gim-dkm,internal,1.243,19.88,16,12.0,23047.0,,lmeds630,1802.0,13218.28052737656,4.0,8.0,lmeds630,61.0,34.14,896
band1,win3840_nfauto,imw-gim-dkm,internal,1.262,20.19,16,12.0,23001.0,,lmeds630,1803.0,13223.874151548056,4.0,8.0,magsac630,60.8,34.14,3840
band1,win1152_nfauto,imw-gim-dkm,internal,1.267,20.26,16,12.0,23033.0,,lmeds630,1804.0,13224.709523016098,4.0,8.0,magsac630,61.2,34.14,1152
band1,win1792_nfauto,imw-gim-dkm,internal,1.406,19.69,14,12.0,23081.0,,lmeds630,1805.0,13225.037490056287,4.0,8.0,magsac630,60.2,34.14,1792
band1,win3072_nfauto,imw-gim-dkm,internal,1.263,20.22,16,12.0,22700.0,,lmeds630,1806.0,13225.826345893776,4.0,8.0,magsac630,61.2,34.14,3072
band1,win3968_nfauto,imw-gim-dkm,internal,1.264,20.23,16,12.0,22770.0,,lmeds630,1807.0,13226.076717512244,4.0,8.0,lmeds630,60.9,34.14,3968
band1,win1664_nfauto,imw-gim-dkm,internal,1.262,20.2,16,13.0,22926.0,,lmeds630,1810.0,13227.395850341854,4.0,8.0,magsac630,61.4,34.14,1664
band1,win2944_nfauto,imw-gim-dkm,internal,1.215,19.43,16,12.0,22285.0,,lmeds630,1812.0,13227.86170121524,4.0,8.0,lmeds630,59.3,34.14,2944
band1,win3328_nfauto,imw-gim-dkm,internal,1.264,20.22,16,11.0,22080.0,,lmeds630,1813.0,13228.16915568198,4.0,8.0,lmeds630,60.9,34.14,3328
band1,win3456_nfauto,imw-gim-dkm,internal,1.266,20.25,16,12.0,22797.0,,lmeds630,1817.0,13228.485867966869,4.0,8.0,lmeds630,61.2,34.14,3456
band1,win2304_nfauto,imw-gim-dkm,internal,1.262,20.2,16,12.0,22711.0,,magsac630,1818.0,13229.2566295713,4.0,8.0,magsac630,61.1,34.14,2304
band1,win2560_nfauto,imw-gim-dkm,internal,1.264,20.22,16,11.0,22130.0,,lmeds630,1819.0,13229.958182869115,4.0,8.0,lmeds630,61.2,34.14,2560
band1,win4096_nfauto,imw-gim-dkm,internal,1.263,20.2,16,12.0,23017.0,,lmeds630,1822.0,13230.076974679556,4.0,8.0,lmeds630,61.2,34.14,4096
band1,win3200_nfauto,imw-gim-dkm,internal,1.264,20.22,16,12.0,22732.0,,lmeds630,1824.0,13230.367551522304,4.0,8.0,magsac630,60.9,34.14,3200
band1,win1408_nfauto,imw-gim-dkm,internal,1.292,20.68,16,11.0,21792.0,,lmeds630,1825.0,13231.090375920268,4.0,8.0,lmeds630,61.2,34.14,1408
band1,win3712_nfauto,imw-gim-dkm,internal,1.263,20.21,16,12.0,22755.0,,lmeds630,1828.0,13232.032162544068,4.0,8.0,lmeds630,61.1,34.14,3712
band1,win3584_nfauto,imw-gim-dkm,internal,1.264,20.23,16,12.0,22710.0,,lmeds630,1830.0,13232.194254342752,4.0,8.0,lmeds630,61.0,34.14,3584
band1,win2688_nfauto,imw-gim-dkm,internal,1.273,20.37,16,11.0,21717.0,,lmeds630,1833.0,13233.128221055327,4.0,8.0,lmeds630,61.0,34.14,2688
band1,win2048_nfauto,imw-gim-dkm,internal,1.272,20.36,16,12.0,23127.0,,lmeds630,1835.0,13233.483475241514,4.0,8.0,magsac630,61.6,34.14,2048
band1,win2816_nfauto,imw-gim-dkm,internal,1.237,19.8,16,12.0,22810.0,,lmeds630,1838.0,13235.490534895183,4.0,8.0,lmeds630,60.0,34.14,2816
band1,win2432_nfauto,imw-gim-dkm,internal,1.265,20.24,16,12.0,22887.0,,lmeds630,1839.0,13235.820617701142,4.0,8.0,magsac630,61.5,34.14,2432
band1,win1280_nfauto,imw-gim-dkm,internal,1.208,19.33,16,12.0,23050.0,,lmeds630,1841.0,13237.47402658912,4.0,8.0,lmeds630,60.3,34.14,1280
band1,win1920_nfauto,imw-gim-dkm,internal,1.264,20.23,16,11.0,22039.0,,magsac630,1844.0,13238.04260666833,4.0,8.0,magsac630,60.9,34.14,1920
band1,win2176_nfauto,imw-gim-dkm,internal,1.265,20.25,16,12.0,23118.0,,lmeds630,1845.0,13239.441642229653,4.0,8.0,lmeds630,61.2,34.14,2176
band1,win1024_nfauto,imw-gim-dkm,internal,1.262,20.19,16,12.0,22750.0,,lmeds630,1847.0,13241.210255494718,4.0,8.0,lmeds630,60.8,34.14,1024
band1,win2688_nfauto,dedode_L-upright_G-C4,ada,0.308,6.16,20,13.0,6448.0,,magsac630,1850.0,13377.353655009494,4.0,8.0,magsac630,124.2,33.47,2688
band1,win256_nfauto,dog_hynet,mnn,0.06,5.34,89,86.0,9179.0,,lmeds630,1854.0,13598.792379818196,6.0,8.0,lmeds630,41.8,1.02,256
band1,win1024_nfauto,dedode_L-upright_G-C4,ada,0.279,5.57,20,14.0,2807.0,,magsac630,1855.0,13836.120679045182,4.0,8.0,magsac630,115.7,33.46,1024
band1,win384_nfauto,imw-gim-dkm,internal,1.58,47.41,30,17.0,20395.0,,lmeds630,1856.0,13950.493701056304,5.0,8.0,lmeds630,87.8,34.14,384
band1,win384_nfauto,dedode_L-C4_G-C4,ada,0.121,5.34,44,25.0,1050.0,,magsac630,1858.0,14261.30952475548,4.0,8.0,magsac630,55.8,2.05,384
band1,win256_nfauto,dog_hynet,ada,0.073,5.83,80,79.0,9402.0,,lmeds630,1861.0,14425.28390365014,6.0,8.0,lmeds630,41.8,1.02,256
band1,win1408_nfauto,dedode_L-upright_G-C4,ada,0.299,5.98,20,13.0,4027.0,,magsac630,1862.0,14475.986835281912,4.0,8.0,magsac630,121.5,33.47,1408
band1,win896_nfauto,dedode_L-C4_G-C4,ada,0.284,5.69,20,11.0,6066.0,,lmeds630,1871.0,14654.517433596317,4.0,8.0,lmeds630,63.7,25.66,896
band1,win384_nfauto,dedode_L-upright_B-upright,ada,0.084,4.03,48,26.0,863.0,,magsac630,1872.0,14684.485443184964,4.0,8.0,lmeds630,247.7,32.91,384
band1,win1408_nfauto,dedode_L-C4_G-C4,ada,0.326,6.19,19,13.0,9480.0,,lmeds630,1873.0,14947.829521914227,4.0,8.0,lmeds630,75.4,25.67,1408
band1,win2176_nfauto,dedode_L-upright_G-C4,ada,0.316,6.33,20,13.0,6461.0,,magsac630,1874.0,14981.014468210802,4.0,8.0,magsac630,125.9,33.47,2176
band1,win3200_nfauto,dedode_L-upright_G-C4,ada,0.313,6.26,20,13.0,6431.0,,magsac630,1875.0,14989.433575162078,4.0,8.0,magsac630,127.0,33.47,3200
band1,win256_nfauto,dedode_L-upright_B-upright,mnn,0.055,4.93,89,85.0,4345.0,,lmeds630,1878.0,15420.57012371102,6.0,8.0,lmeds630,258.8,32.9,256
band1,win256_nfauto,hessian,ada,0.075,5.83,78,75.0,12592.0,,lmeds630,1879.0,15461.192299347267,5.0,8.0,lmeds630,65.4,1.15,256
band1,win256_nfauto,dedode_L-upright_B-C4,nn,0.06,5.37,89,67.0,53527.0,,lmeds630,1880.0,15699.73447943894,8.0,8.0,lmeds630,51.4,1.44,256
band1,win256_nfauto,dog_sosnet,ada,0.07,5.49,79,76.0,8585.0,,lmeds630,1881.0,15786.96749372031,5.0,8.0,lmeds630,41.3,0.94,256
band1,win384_nfauto,dedode_L-C4-v2_G-C4,ada,0.129,5.66,44,28.0,933.0,,magsac630,1882.0,15801.291194618088,4.0,8.0,lmeds630,60.6,17.4,384
band1,win1024_nfauto,dedode_L-C4-v2_G-C4,ada,0.288,5.77,20,12.0,1750.0,,magsac630,1884.0,16096.37666943948,4.0,8.0,lmeds630,63.8,25.67,1024
band1,win256_nfauto,dedode_L-upright_B-upright,nn,0.058,5.18,89,61.0,50668.0,,lmeds630,1885.0,16145.41581882947,8.0,8.0,lmeds630,258.8,32.9,256
band1,win256_nfauto,gftt,mnn,0.083,7.38,89,85.0,6357.0,,lmeds630,1886.0,16147.44409917336,5.0,8.0,lmeds630,80.1,1.02,256
band1,win256_nfauto,gftt,ada,0.109,8.05,74,71.0,8994.0,,lmeds630,1888.0,16496.81801047687,5.0,8.0,lmeds630,80.1,1.02,256
band1,win256_nfauto,hessian,mnn,0.058,5.12,89,86.0,8450.0,,lmeds630,1889.0,16498.901332262638,6.0,8.0,lmeds630,65.4,1.15,256
band1,win256_nfauto,keynet,mnn,0.124,11.02,89,85.0,5606.0,,lmeds630,1891.0,16546.596460834597,5.0,8.0,lmeds630,153.3,3.11,256
band1,win384_nfauto,hessian,mnn,0.062,3.03,49,30.0,3366.0,,lmeds630,1892.0,16640.8203476746,4.0,8.0,lmeds630,40.0,1.55,384
band1,win640_nfauto,imw-gim-dkm,internal,1.258,20.14,16,12.0,24748.0,,lmeds630,1893.0,16648.340517851084,4.0,8.0,magsac630,60.6,34.14,640
band1,win384_nfauto,dog_hardnet,mnn,0.058,2.86,49,28.0,1792.0,,magsac630,1894.0,16895.082372918754,5.0,8.0,lmeds630,48.5,1.56,384
band1,win384_nfauto,dog_hynet,ada,0.088,3.88,44,33.0,2198.0,,magsac630,1897.0,17316.997725152825,6.0,8.0,lmeds630,29.3,0.79,384
band1,win384_nfauto,dedode_L-upright_G-C4,ada,0.125,5.38,43,27.0,3549.0,,lmeds630,1898.0,17638.84315487372,4.0,8.0,lmeds630,113.2,25.73,384
band1,win512_nfauto,disk_epipolar,nn,0.077,2.3,30,26.0,3109.0,,magsac630,1900.0,17766.67903288543,5.0,8.0,lmeds630,22.9,5.41,512
band1,win256_nfauto,dedode_L-C4_B-C4,nn,0.059,5.27,89,68.0,51472.0,,lmeds630,1903.0,17970.298800340985,4.0,8.0,magsac630,50.8,1.44,256
band1,win384_nfauto,hessian,nn,0.066,3.22,49,33.0,27010.0,,lmeds630,1904.0,17993.51385405627,4.0,8.0,magsac630,40.0,1.55,384
band1,win384_nfauto,dedode_L-C4_B-C4,ada,0.089,4.02,45,23.0,3251.0,,lmeds630,1905.0,18407.66888766796,4.0,8.0,lmeds630,39.9,1.44,384
band1,win256_nfauto,dedode_L-C4-v2_B-upright,ada,0.066,5.31,81,63.0,12301.0,,lmeds630,1906.0,18602.35729273541,4.0,8.0,lmeds630,51.2,1.44,256
band1,win640_nfauto,dedode_L-upright_G-C4,ada,0.251,5.02,20,12.0,1151.0,,magsac630,1908.0,19259.31814996685,5.0,8.0,magsac630,101.4,25.73,640
band1,win384_nfauto,dedode_L-C4_G-C4,nn,0.114,5.37,47,31.0,32878.0,,lmeds630,1910.0,19427.05094643385,4.0,8.0,magsac630,55.8,2.05,384
band1,win384_nfauto,dog_hynet,mnn,0.073,3.56,49,27.0,3635.0,,lmeds630,1912.0,19654.31277662028,4.0,8.0,lmeds630,29.3,0.79,384
band1,win512_nfauto,dedode_L-upright_B-upright,mnn,0.111,3.34,30,22.0,792.0,,magsac630,1916.0,20564.45624592408,4.0,8.0,lmeds630,228.1,32.91,512
band1,win1536_nfauto,dedode_L-upright_G-C4,fginn_fm1,0.276,5.81,21,17.0,4128.0,,lmeds630,1917.0,20874.45763781365,4.0,8.0,magsac630,121.3,33.47,1536
band1,win768_nfauto,dedode_L-upright_G-C4,ada,0.277,5.55,20,11.0,4233.0,,lmeds630,1920.0,21409.92492568127,4.0,8.0,lmeds630,113.9,33.45,768
band1,win256_nfauto,gftt,nn,0.084,7.46,89,89.0,34125.0,,lmeds630,1923.0,22452.615165138028,7.0,8.0,lmeds630,80.1,1.02,256
band1,win256_nfauto,dedode_L-C4-v2_B-C4,nn,0.066,5.86,89,58.0,48193.0,,lmeds630,1924.0,22609.873719749117,8.0,8.0,lmeds630,55.8,1.44,256
band1,win256_nfauto,dedode_L-C4-v2_G-C4,nn,0.1,8.93,89,71.0,59350.0,,lmeds630,1925.0,22728.05835266137,5.0,8.0,magsac630,85.3,17.38,256
band1,win512_nfauto,imw-gim-dkm,internal,1.709,29.04,17,14.0,25163.0,,lmeds630,1926.0,22745.79094914008,5.0,8.0,magsac630,70.0,34.14,512
band1,win384_nfauto,hessian,ada,0.082,3.45,42,34.0,2735.0,,magsac630,1928.0,23058.22433234184,6.0,8.0,lmeds630,40.0,1.55,384
band1,win256_nfauto,dedode_L-upright_G-C4,nn,0.091,7.74,85,52.0,41642.0,,lmeds630,1929.0,23454.620415914404,8.0,8.0,lmeds630,125.5,25.73,256
band1,win384_nfauto,dog_hynet,nn,0.076,3.7,49,40.0,27737.0,,lmeds630,1930.0,24337.943602717547,6.0,8.0,lmeds630,29.3,0.79,384
band1,win512_nfauto,dedode_L-upright_G-C4,ada,0.187,5.06,27,12.0,2845.0,,lmeds630,1932.0,24782.22779218981,4.0,8.0,lmeds630,117.9,25.73,512
band1,win384_nfauto,dedode_L-upright_B-C4,nn,0.083,4.05,49,12.0,1657.0,,magsac630,1935.0,25542.47175918658,6.0,8.0,lmeds630,40.2,1.44,384
band1,win256_nfauto,hessian,nn,0.06,5.31,89,88.0,44976.0,,lmeds630,1936.0,25935.850042628656,8.0,8.0,lmeds630,65.4,1.15,256
band1,win384_nfauto,dedode_L-C4-v2_B-upright,nn,0.083,4.05,49,24.0,27272.0,,lmeds630,1937.0,26589.55129408208,6.0,8.0,lmeds630,40.2,1.44,384
band1,win256_nfauto,dedode_L-C4_B-upright,nn,0.068,6.01,89,66.0,52662.0,,lmeds630,1939.0,27128.60422016928,8.0,8.0,lmeds630,57.5,4.37,256
band1,win384_nfauto,dedode_L-C4-v2_B-C4,nn,0.082,4.04,49,16.0,17441.0,,lmeds630,1940.0,27615.137626285592,7.0,8.0,lmeds630,40.1,1.44,384
band1,win256_nfauto,sift,nn,0.055,4.87,89,89.0,34784.0,,lmeds630,1942.0,27894.01856058501,8.0,8.0,lmeds630,80.2,1.72,256
band1,win384_nfauto,keynet,nn,0.136,6.67,49,33.0,18812.0,,lmeds630,1943.0,28051.66475602676,6.0,8.0,lmeds630,110.8,3.11,384
band1,win2048_nfauto,dedode_L-C4_G-C4,nn,0.316,6.64,21,10.0,13690.0,,magsac630,1946.0,29989.544335553863,5.0,8.0,lmeds630,68.5,7.44,2048
band1,win2944_nfauto,dedode_L-C4_G-C4,nn,0.317,6.66,21,10.0,13689.0,,magsac630,1947.0,29989.544335553863,5.0,8.0,lmeds630,68.0,7.44,2944
band1,win3328_nfauto,dedode_L-C4_G-C4,nn,0.32,6.72,21,10.0,13689.0,,magsac630,1948.0,29989.544335553863,5.0,8.0,lmeds630,68.1,7.44,3328
band1,win3456_nfauto,dedode_L-C4_G-C4,nn,0.329,6.92,21,10.0,13688.0,,magsac630,1949.0,29989.544335553863,5.0,8.0,lmeds630,70.3,7.44,3456
band1,win1664_nfauto,dedode_L-C4_G-C4,nn,0.314,6.59,21,10.0,13522.0,,magsac630,1950.0,29991.77876801822,5.0,8.0,lmeds630,76.1,5.98,1664
band1,win1792_nfauto,dedode_L-C4_G-C4,nn,0.324,6.8,21,10.0,13688.0,,magsac630,1951.0,29991.77876801822,5.0,8.0,lmeds630,76.0,7.44,1792
band1,win2176_nfauto,dedode_L-C4_G-C4,nn,0.319,6.71,21,10.0,13688.0,,magsac630,1952.0,29991.77876801822,5.0,8.0,lmeds630,68.7,7.44,2176
band1,win2304_nfauto,dedode_L-C4_G-C4,nn,0.321,6.75,21,10.0,14234.0,,magsac630,1953.0,29991.77876801822,5.0,8.0,lmeds630,67.9,7.44,2304
band1,win2560_nfauto,dedode_L-C4_G-C4,nn,0.339,7.11,21,10.0,13688.0,,magsac630,1954.0,29991.77876801822,5.0,8.0,lmeds630,71.1,7.44,2560
band1,win2688_nfauto,dedode_L-C4_G-C4,nn,0.323,6.77,21,10.0,13688.0,,magsac630,1955.0,29991.77876801822,5.0,8.0,lmeds630,69.3,7.44,2688
band1,win2816_nfauto,dedode_L-C4_G-C4,nn,0.319,6.69,21,10.0,13687.0,,magsac630,1956.0,29991.77876801822,5.0,8.0,lmeds630,68.8,7.44,2816
band1,win3072_nfauto,dedode_L-C4_G-C4,nn,0.318,6.68,21,10.0,13687.0,,magsac630,1957.0,29991.77876801822,5.0,8.0,lmeds630,67.4,7.44,3072
band1,win3200_nfauto,dedode_L-C4_G-C4,nn,0.33,6.93,21,10.0,14244.0,,magsac630,1958.0,29991.77876801822,5.0,8.0,lmeds630,69.9,7.44,3200
band1,win3584_nfauto,dedode_L-C4_G-C4,nn,0.324,6.8,21,10.0,14244.0,,magsac630,1959.0,29991.77876801822,5.0,8.0,lmeds630,68.2,7.44,3584
band1,win3840_nfauto,dedode_L-C4_G-C4,nn,0.317,6.66,21,10.0,13687.0,,magsac630,1960.0,29991.77876801822,5.0,8.0,lmeds630,67.3,7.44,3840
band1,win4096_nfauto,dedode_L-C4_G-C4,nn,0.318,6.67,21,10.0,13688.0,,magsac630,1961.0,29991.77876801822,5.0,8.0,lmeds630,67.5,7.44,4096
band1,win256_nfauto,dedode_L-C4-v2_B-upright,nn,0.059,5.29,89,66.0,57036.0,,lmeds630,1962.0,30128.29015369257,8.0,8.0,lmeds630,51.2,1.44,256
band1,win256_nfauto,dedode_L-C4_G-C4,nn,0.084,7.16,85,63.0,47546.0,,lmeds630,1963.0,30501.430501527444,8.0,8.0,lmeds630,71.0,2.05,256
band1,win1280_nfauto,dedode_L-upright_G-C4,nn,0.302,6.34,21,12.0,6579.0,,magsac630,1965.0,30964.744188187327,4.0,8.0,magsac630,121.1,33.46,1280
band1,win384_nfauto,dog_sosnet,nn,0.068,3.35,49,39.0,26536.0,,lmeds630,1966.0,31228.075293890102,7.0,8.0,lmeds630,27.3,1.41,384
band1,win384_nfauto,keynet,ada,0.153,6.88,45,34.0,2579.0,,magsac630,1967.0,32095.96901017443,4.0,8.0,lmeds630,110.8,3.11,384
band1,win384_nfauto,dedode_L-C4-v2_G-C4,nn,0.116,5.66,49,43.0,47992.0,,lmeds630,1968.0,32111.424721193645,8.0,8.0,lmeds630,60.6,17.4,384
band1,win384_nfauto,dedode_L-upright_B-upright,nn,0.082,4.0,49,27.0,28757.0,,lmeds630,1972.0,33351.6404858481,6.0,8.0,lmeds630,247.7,32.91,384
band1,win512_nfauto,hessian,nn,0.091,2.73,30,16.0,15785.0,,lmeds630,1973.0,33709.51508986152,5.0,8.0,lmeds630,34.9,2.6,512
band1,win768_nfauto,keynet,nn,0.185,3.89,21,8.0,1319.0,,magsac630,1974.0,33886.57760229064,5.0,8.0,lmeds630,76.7,3.89,768
band1,win384_nfauto,gftt,ada,0.117,4.69,40,27.0,3896.0,,lmeds630,1975.0,34222.09847553441,4.0,8.0,lmeds630,54.0,1.55,384
band1,win384_nfauto,dedode_L-upright_G-C4,nn,0.115,5.39,47,24.0,25215.0,,lmeds630,1976.0,34506.4304567754,7.0,8.0,lmeds630,113.2,25.73,384
band1,win384_nfauto,gftt,nn,0.091,4.47,49,33.0,23620.0,,lmeds630,1977.0,35829.341661163926,7.0,8.0,lmeds630,54.0,1.55,384
band1,win512_nfauto,gftt,nn,0.11,3.31,30,16.0,12162.0,,lmeds630,1979.0,37125.84172647194,5.0,8.0,lmeds630,44.9,2.57,512
band1,win384_nfauto,sift,nn,0.068,3.31,49,39.0,28733.0,,lmeds630,1980.0,37550.35336524656,6.0,8.0,lmeds630,63.0,1.72,384
band1,win512_nfauto,dedode_L-C4-v2_B-upright,nn,0.124,3.71,30,14.0,28022.0,,lmeds630,1982.0,40020.13731072861,5.0,8.0,lmeds630,38.3,1.44,512
band1,win3712_nfauto,dedode_L-C4_B-C4,nn,0.243,5.11,21,7.0,19456.0,,magsac630,1983.0,40149.90990840582,4.0,8.0,lmeds630,52.3,8.24,3712
band1,win512_nfauto,dog_hynet,nn,0.103,3.09,30,21.0,2169.0,,magsac630,1984.0,40434.80299988933,5.0,8.0,lmeds630,26.6,2.5,512
band1,win512_nfauto,disk_depth,nn,0.077,2.3,30,17.0,3062.0,,magsac630,1985.0,41207.98324837322,5.0,8.0,lmeds630,30.5,12.89,512
band1,win1408_nfauto,disk_epipolar,mnn,0.126,2.65,21,19.0,4105.0,,magsac630,1986.0,43604.006157228105,7.0,8.0,lmeds630,27.5,0.76,1408
band1,win384_nfauto,dog_hardnet,nn,0.062,3.05,49,41.0,28749.0,,lmeds630,1987.0,44168.83923894792,7.0,8.0,lmeds630,48.5,1.56,384
band1,win512_nfauto,dog_sosnet,nn,0.09,2.69,30,17.0,12482.0,,lmeds630,1988.0,47294.99473384642,5.0,8.0,lmeds630,22.6,0.98,512
band1,win512_nfauto,sift,nn,0.085,2.54,30,15.0,2071.0,,magsac630,1989.0,49822.90089707203,7.0,8.0,lmeds630,54.0,1.72,512
band1,win384_nfauto,dedode_L-C4_B-C4,nn,0.082,4.01,49,14.0,13824.0,,lmeds630,1990.0,52585.94038122873,5.0,8.0,lmeds630,39.9,1.44,384
band1,win1664_nfauto,dedode_L-C4_B-upright,nn,0.233,4.89,21,7.0,12738.0,,magsac630,1991.0,53459.646252385326,7.0,8.0,lmeds630,49.9,9.17,1664
band1,win896_nfauto,dog_sosnet,nn,0.118,2.47,21,12.0,1696.0,,magsac630,1992.0,53587.05732803988,7.0,8.0,lmeds630,20.9,3.27,896
band1,win1024_nfauto,dog_sosnet,nn,0.125,2.63,21,12.0,1696.0,,magsac630,1993.0,53587.05732803988,7.0,8.0,lmeds630,22.1,3.27,1024
band1,win1152_nfauto,dog_sosnet,nn,0.114,2.39,21,12.0,1696.0,,magsac630,1994.0,53587.05732803988,7.0,8.0,lmeds630,20.3,3.27,1152
band1,win1280_nfauto,dog_sosnet,nn,0.124,2.6,21,12.0,1696.0,,magsac630,1995.0,53587.05732803988,7.0,8.0,lmeds630,22.2,3.27,1280
band1,win1408_nfauto,dog_sosnet,nn,0.115,2.42,21,12.0,1696.0,,magsac630,1996.0,53587.05732803988,7.0,8.0,lmeds630,20.8,3.27,1408
band1,win1664_nfauto,dog_sosnet,nn,0.117,2.46,21,12.0,1696.0,,magsac630,1997.0,53587.05732803988,7.0,8.0,lmeds630,21.0,3.27,1664
band1,win1792_nfauto,dog_sosnet,nn,0.117,2.46,21,12.0,1696.0,,magsac630,1998.0,53587.05732803988,7.0,8.0,lmeds630,21.0,3.27,1792
band1,win1920_nfauto,dog_sosnet,nn,0.115,2.41,21,12.0,1696.0,,magsac630,1999.0,53587.05732803988,7.0,8.0,lmeds630,20.7,3.27,1920
band1,win2048_nfauto,dog_sosnet,nn,0.125,2.62,21,12.0,1696.0,,magsac630,2000.0,53587.05732803988,7.0,8.0,lmeds630,22.0,3.27,2048
band1,win2176_nfauto,dog_sosnet,nn,0.125,2.62,21,12.0,1696.0,,magsac630,2001.0,53587.05732803988,7.0,8.0,lmeds630,22.4,3.27,2176
band1,win2304_nfauto,dog_sosnet,nn,0.117,2.46,21,12.0,1696.0,,magsac630,2002.0,53587.05732803988,7.0,8.0,lmeds630,20.9,3.27,2304
band1,win2432_nfauto,dog_sosnet,nn,0.116,2.44,21,12.0,1696.0,,magsac630,2003.0,53587.05732803988,7.0,8.0,lmeds630,21.0,3.27,2432
band1,win2560_nfauto,dog_sosnet,nn,0.114,2.4,21,12.0,1696.0,,magsac630,2004.0,53587.05732803988,7.0,8.0,lmeds630,20.9,3.27,2560
band1,win2688_nfauto,dog_sosnet,nn,0.116,2.44,21,12.0,1696.0,,magsac630,2005.0,53587.05732803988,7.0,8.0,lmeds630,20.7,3.27,2688
band1,win2816_nfauto,dog_sosnet,nn,0.114,2.39,21,12.0,1696.0,,magsac630,2006.0,53587.05732803988,7.0,8.0,lmeds630,20.4,3.27,2816
band1,win2944_nfauto,dog_sosnet,nn,0.119,2.49,21,12.0,1696.0,,magsac630,2007.0,53587.05732803988,7.0,8.0,lmeds630,21.4,3.27,2944
band1,win3072_nfauto,dog_sosnet,nn,0.118,2.47,21,12.0,1696.0,,magsac630,2008.0,53587.05732803988,7.0,8.0,lmeds630,21.0,3.27,3072
band1,win3200_nfauto,dog_sosnet,nn,0.12,2.52,21,12.0,1696.0,,magsac630,2009.0,53587.05732803988,7.0,8.0,lmeds630,21.4,3.27,3200
band1,win3328_nfauto,dog_sosnet,nn,0.117,2.46,21,12.0,1696.0,,magsac630,2010.0,53587.05732803988,7.0,8.0,lmeds630,21.0,3.27,3328
band1,win3456_nfauto,dog_sosnet,nn,0.112,2.36,21,12.0,1696.0,,magsac630,2011.0,53587.05732803988,7.0,8.0,lmeds630,20.2,3.27,3456
band1,win3584_nfauto,dog_sosnet,nn,0.116,2.43,21,12.0,1696.0,,magsac630,2012.0,53587.05732803988,7.0,8.0,lmeds630,24.6,3.27,3584
band1,win3712_nfauto,dog_sosnet,nn,0.118,2.47,21,12.0,1696.0,,magsac630,2013.0,53587.05732803988,7.0,8.0,lmeds630,21.1,3.27,3712
band1,win3840_nfauto,dog_sosnet,nn,0.115,2.42,21,12.0,1696.0,,magsac630,2014.0,53587.05732803988,7.0,8.0,lmeds630,20.8,3.27,3840
band1,win3968_nfauto,dog_sosnet,nn,0.128,2.69,21,12.0,1696.0,,magsac630,2015.0,53587.05732803988,7.0,8.0,lmeds630,22.4,3.27,3968
band1,win4096_nfauto,dog_sosnet,nn,0.117,2.45,21,12.0,1696.0,,magsac630,2016.0,53587.05732803988,7.0,8.0,lmeds630,20.8,3.27,4096
band1,win768_nfauto,dog_sosnet,nn,0.125,2.62,21,12.0,31773.0,,lmeds630,2017.0,57836.815349576245,7.0,8.0,lmeds630,22.2,3.27,768
band1,win1536_nfauto,dog_sosnet,nn,0.114,2.38,21,12.0,32021.0,,lmeds630,2018.0,59305.92112960408,7.0,8.0,lmeds630,20.4,3.27,1536
band1,win3200_nfauto,dedode_L-C4_B-upright,nn,0.247,5.19,21,7.0,13967.0,,magsac630,2019.0,59574.76940751873,7.0,8.0,lmeds630,53.9,9.17,3200
band1,win3584_nfauto,dedode_L-C4_B-upright,nn,0.238,4.99,21,7.0,13967.0,,magsac630,2020.0,59574.76940751873,7.0,8.0,lmeds630,50.4,9.17,3584
band1,win768_nfauto,dedode_L-C4_B-upright,nn,0.191,4.02,21,9.0,38705.0,,lmeds630,2021.0,62210.94326858216,7.0,8.0,lmeds630,39.7,1.44,768
band1,win384_nfauto,dedode_L-C4_B-upright,nn,0.082,4.0,49,20.0,20331.0,,lmeds630,2022.0,63716.28765501175,5.0,8.0,lmeds630,39.6,1.44,384
band1,win768_nfauto,hessian,nn,0.127,2.66,21,10.0,1920.0,,magsac630,2023.0,66508.95516719103,7.0,8.0,lmeds630,48.7,6.09,768
band1,win3968_nfauto,dedode_L-upright_G-C4,nn,0.347,7.29,21,10.0,12209.0,,magsac630,2024.0,78914.54826178079,6.0,8.0,lmeds630,125.0,33.47,3968
band1,win2048_nfauto,dedode_L-upright_G-C4,nn,0.333,7.0,21,10.0,12232.0,,magsac630,2025.0,79076.72212062555,6.0,8.0,lmeds630,124.7,33.47,2048
band1,win2944_nfauto,dedode_L-upright_G-C4,nn,0.342,7.17,21,10.0,12232.0,,magsac630,2026.0,79076.72212062555,6.0,8.0,lmeds630,123.1,33.47,2944
band1,win3328_nfauto,dedode_L-upright_G-C4,nn,0.353,7.41,21,10.0,12232.0,,magsac630,2027.0,79076.72212062555,6.0,8.0,lmeds630,124.2,33.47,3328
band1,win3456_nfauto,dedode_L-upright_G-C4,nn,0.336,7.06,21,10.0,12233.0,,magsac630,2028.0,79076.72212062555,6.0,8.0,lmeds630,122.6,33.47,3456
band1,win3712_nfauto,dedode_L-upright_G-C4,nn,0.343,7.2,21,10.0,12216.0,,magsac630,2029.0,79076.72212062555,6.0,8.0,lmeds630,124.6,33.47,3712
band1,win768_nfauto,dedode_L-upright_G-C4,nn,0.275,5.77,21,4.0,18803.0,,lmeds630,2031.0,88681.8350553577,4.0,8.0,lmeds630,113.9,33.45,768
band1,win1664_nfauto,dedode_L-upright_G-C4,nn,0.32,6.73,21,10.0,11522.0,,magsac630,2032.0,91227.8945527182,6.0,8.0,lmeds630,122.4,33.47,1664
band1,win896_nfauto,gftt,fginn_fm1,0.148,2.66,18,10.0,701.0,,lmeds630,2033.0,14.473055490312934,1.0,8.0,lmeds630,43.5,4.7,896
band1,win1024_nfauto,gftt,fginn_fm1,0.156,2.8,18,10.0,701.0,,lmeds630,2034.0,14.473055490312934,1.0,8.0,lmeds630,44.6,4.7,1024
band1,win1152_nfauto,gftt,fginn_fm1,0.143,2.58,18,10.0,701.0,,lmeds630,2035.0,14.473055490312934,1.0,8.0,lmeds630,43.1,4.7,1152
band1,win1280_nfauto,gftt,fginn_fm1,0.144,2.6,18,10.0,701.0,,lmeds630,2036.0,14.473055490312934,1.0,8.0,lmeds630,43.3,4.7,1280
band1,win1408_nfauto,gftt,fginn_fm1,0.136,2.45,18,10.0,701.0,,lmeds630,2037.0,14.473055490312934,1.0,8.0,lmeds630,42.3,4.7,1408
band1,win1536_nfauto,gftt,fginn_fm1,0.142,2.56,18,10.0,701.0,,lmeds630,2038.0,14.473055490312934,1.0,8.0,lmeds630,43.0,4.7,1536
band1,win1664_nfauto,gftt,fginn_fm1,0.149,2.68,18,10.0,701.0,,lmeds630,2039.0,14.473055490312934,1.0,8.0,lmeds630,43.6,4.7,1664
band1,win1792_nfauto,gftt,fginn_fm1,0.15,2.69,18,10.0,701.0,,lmeds630,2040.0,14.473055490312934,1.0,8.0,lmeds630,43.6,4.7,1792
band1,win1920_nfauto,gftt,fginn_fm1,0.142,2.56,18,10.0,701.0,,lmeds630,2041.0,14.473055490312934,1.0,8.0,lmeds630,43.1,4.7,1920
band1,win2048_nfauto,gftt,fginn_fm1,0.155,2.78,18,10.0,701.0,,lmeds630,2042.0,14.473055490312934,1.0,8.0,lmeds630,44.5,4.7,2048
band1,win2176_nfauto,gftt,fginn_fm1,0.154,2.77,18,10.0,701.0,,lmeds630,2043.0,14.473055490312934,1.0,8.0,lmeds630,44.4,4.7,2176
band1,win2304_nfauto,gftt,fginn_fm1,0.148,2.66,18,10.0,701.0,,lmeds630,2044.0,14.473055490312934,1.0,8.0,lmeds630,43.6,4.7,2304
band1,win2432_nfauto,gftt,fginn_fm1,0.147,2.65,18,10.0,701.0,,lmeds630,2045.0,14.473055490312934,1.0,8.0,lmeds630,43.4,4.7,2432
band1,win2560_nfauto,gftt,fginn_fm1,0.146,2.63,18,10.0,701.0,,lmeds630,2046.0,14.473055490312934,1.0,8.0,lmeds630,43.3,4.7,2560
band1,win2688_nfauto,gftt,fginn_fm1,0.158,2.84,18,10.0,701.0,,lmeds630,2047.0,14.473055490312934,1.0,8.0,lmeds630,45.2,4.7,2688
band1,win2816_nfauto,gftt,fginn_fm1,0.143,2.57,18,10.0,701.0,,lmeds630,2048.0,14.473055490312934,1.0,8.0,lmeds630,43.1,4.7,2816
band1,win2944_nfauto,gftt,fginn_fm1,0.149,2.68,18,10.0,701.0,,lmeds630,2049.0,14.473055490312934,1.0,8.0,lmeds630,43.7,4.7,2944
band1,win3072_nfauto,gftt,fginn_fm1,0.148,2.66,18,10.0,701.0,,lmeds630,2050.0,14.473055490312934,1.0,8.0,lmeds630,43.5,4.7,3072
band1,win3200_nfauto,gftt,fginn_fm1,0.144,2.59,18,10.0,701.0,,lmeds630,2051.0,14.473055490312934,1.0,8.0,lmeds630,43.7,4.7,3200
band1,win3328_nfauto,gftt,fginn_fm1,0.144,2.58,18,10.0,701.0,,lmeds630,2052.0,14.473055490312934,1.0,8.0,lmeds630,42.9,4.7,3328
band1,win3456_nfauto,gftt,fginn_fm1,0.138,2.48,18,10.0,701.0,,lmeds630,2053.0,14.473055490312934,1.0,8.0,lmeds630,43.0,4.7,3456
band1,win3584_nfauto,gftt,fginn_fm1,0.143,2.57,18,10.0,701.0,,lmeds630,2054.0,14.473055490312934,1.0,8.0,lmeds630,44.5,4.7,3584
band1,win3712_nfauto,gftt,fginn_fm1,0.154,2.78,18,10.0,701.0,,lmeds630,2055.0,14.473055490312934,1.0,8.0,lmeds630,45.8,4.7,3712
band1,win3840_nfauto,gftt,fginn_fm1,0.142,2.56,18,10.0,701.0,,lmeds630,2056.0,14.473055490312934,1.0,8.0,lmeds630,43.1,4.7,3840
band1,win3968_nfauto,gftt,fginn_fm1,0.148,2.66,18,10.0,701.0,,lmeds630,2057.0,14.473055490312934,1.0,8.0,lmeds630,43.6,4.7,3968
band1,win4096_nfauto,gftt,fginn_fm1,0.147,2.64,18,10.0,701.0,,lmeds630,2058.0,14.473055490312934,1.0,8.0,lmeds630,43.3,4.7,4096
band1,win384_nfauto,dedode_L-C4_B-C4,lgm,0.168,4.54,27,12.0,314.0,,lmeds630,2059.0,16.83751844712269,1.0,8.0,magsac630,39.9,1.44,384
band1,win768_nfauto,gftt,fginn_fm1,0.147,2.65,18,10.0,734.0,,lmeds630,2060.0,18.74514675838265,1.0,8.0,lmeds630,44.5,4.7,768
band1,win512_nfauto,imw-aliked-lg-kt0p2,internal,0.379,5.68,15,12.0,2572.0,,lmeds630,2061.0,24.036328771352892,1.0,8.0,lmeds630,14.0,2.18,512
band1,win384_nfauto,keynet,smnn0.9,1.202,40.88,34,16.0,1163.0,,lmeds630,2064.0,26.73065561518257,1.0,8.0,lmeds630,110.8,3.11,384
band1,win768_nfauto,sift,fginn_fm1,0.139,2.22,16,10.0,1122.0,,lmeds630,2067.0,29.79758268508513,1.0,8.0,magsac630,50.7,1.72,768
band1,win256_nfauto,gftt,fginn_fm1,0.136,7.35,54,24.0,1012.0,,lmeds630,2068.0,30.675549797445758,1.0,8.0,lmeds630,80.1,1.02,256
band1,win256_nfauto,sift,smnn0.9,0.324,21.42,66,29.0,1280.0,,lmeds630,2069.0,32.24487766975255,1.0,8.0,lmeds630,80.2,1.72,256
band1,win512_nfauto,gftt,smnn0.9,0.5,14.0,28,14.0,833.0,,lmeds630,2070.0,33.34509775532588,1.0,8.0,lmeds630,44.9,2.57,512
band1,win640_nfauto,sift,smnn0.9,0.705,12.69,18,11.0,1198.0,,lmeds630,2071.0,35.45260821988828,1.0,8.0,lmeds630,51.0,1.72,640
band1,win768_nfauto,hessian,fginn_fm1,0.118,2.36,20,11.0,1080.0,,lmeds630,2072.0,35.539068473052986,1.0,8.0,magsac630,48.7,6.09,768
band1,win512_nfauto,sift,fginn_fm1,0.123,2.34,19,10.0,1172.0,,lmeds630,2073.0,35.741798283830235,1.0,8.0,magsac630,54.0,1.72,512
band1,win896_nfauto,dog_hardnet,fginn_fm1,0.111,1.89,17,10.0,1062.0,,lmeds630,2074.0,36.66937816097462,1.0,8.0,magsac630,34.9,4.94,896
band1,win1024_nfauto,dog_hardnet,fginn_fm1,0.118,2.0,17,10.0,1062.0,,lmeds630,2075.0,36.66937816097462,1.0,8.0,magsac630,33.7,4.94,1024
band1,win1152_nfauto,dog_hardnet,fginn_fm1,0.105,1.78,17,10.0,1062.0,,lmeds630,2076.0,36.66937816097462,1.0,8.0,magsac630,31.9,4.94,1152
band1,win1280_nfauto,dog_hardnet,fginn_fm1,0.109,1.86,17,10.0,1062.0,,lmeds630,2077.0,36.66937816097462,1.0,8.0,magsac630,32.3,4.94,1280
band1,win1408_nfauto,dog_hardnet,fginn_fm1,0.106,1.8,17,10.0,1062.0,,lmeds630,2078.0,36.66937816097462,1.0,8.0,magsac630,32.4,4.94,1408
band1,win1536_nfauto,dog_hardnet,fginn_fm1,0.105,1.79,17,10.0,1062.0,,lmeds630,2079.0,36.66937816097462,1.0,8.0,magsac630,32.0,4.94,1536
band1,win1664_nfauto,dog_hardnet,fginn_fm1,0.111,1.89,17,10.0,1062.0,,lmeds630,2080.0,36.66937816097462,1.0,8.0,magsac630,32.5,4.94,1664
band1,win1792_nfauto,dog_hardnet,fginn_fm1,0.114,1.94,17,10.0,1062.0,,lmeds630,2081.0,36.66937816097462,1.0,8.0,magsac630,33.0,4.94,1792
band1,win1920_nfauto,dog_hardnet,fginn_fm1,0.109,1.86,17,10.0,1062.0,,lmeds630,2082.0,36.66937816097462,1.0,8.0,magsac630,32.2,4.94,1920
band1,win2048_nfauto,dog_hardnet,fginn_fm1,0.118,2.01,17,10.0,1062.0,,lmeds630,2083.0,36.66937816097462,1.0,8.0,magsac630,33.6,4.94,2048
band1,win2176_nfauto,dog_hardnet,fginn_fm1,0.118,2.01,17,10.0,1062.0,,lmeds630,2084.0,36.66937816097462,1.0,8.0,magsac630,34.4,4.94,2176
band1,win2304_nfauto,dog_hardnet,fginn_fm1,0.11,1.88,17,10.0,1062.0,,lmeds630,2085.0,36.66937816097462,1.0,8.0,magsac630,32.6,4.94,2304
band1,win2432_nfauto,dog_hardnet,fginn_fm1,0.109,1.86,17,10.0,1062.0,,lmeds630,2086.0,36.66937816097462,1.0,8.0,magsac630,32.3,4.94,2432
band1,win2560_nfauto,dog_hardnet,fginn_fm1,0.12,2.03,17,10.0,1062.0,,lmeds630,2087.0,36.66937816097462,1.0,8.0,magsac630,35.7,4.94,2560
band1,win2688_nfauto,dog_hardnet,fginn_fm1,0.113,1.93,17,10.0,1062.0,,lmeds630,2088.0,36.66937816097462,1.0,8.0,magsac630,33.5,4.94,2688
band1,win2816_nfauto,dog_hardnet,fginn_fm1,0.106,1.8,17,10.0,1062.0,,lmeds630,2089.0,36.66937816097462,1.0,8.0,magsac630,31.9,4.94,2816
band1,win2944_nfauto,dog_hardnet,fginn_fm1,0.111,1.89,17,10.0,1062.0,,lmeds630,2090.0,36.66937816097462,1.0,8.0,magsac630,32.6,4.94,2944
band1,win3072_nfauto,dog_hardnet,fginn_fm1,0.111,1.88,17,10.0,1062.0,,lmeds630,2091.0,36.66937816097462,1.0,8.0,magsac630,32.4,4.94,3072
band1,win3200_nfauto,dog_hardnet,fginn_fm1,0.111,1.89,17,10.0,1062.0,,lmeds630,2092.0,36.66937816097462,1.0,8.0,magsac630,32.9,4.94,3200
band1,win3328_nfauto,dog_hardnet,fginn_fm1,0.109,1.85,17,10.0,1062.0,,lmeds630,2093.0,36.66937816097462,1.0,8.0,magsac630,32.4,4.94,3328
band1,win3456_nfauto,dog_hardnet,fginn_fm1,0.104,1.77,17,10.0,1062.0,,lmeds630,2094.0,36.66937816097462,1.0,8.0,magsac630,32.1,4.94,3456
band1,win3584_nfauto,dog_hardnet,fginn_fm1,0.108,1.84,17,10.0,1062.0,,lmeds630,2095.0,36.66937816097462,1.0,8.0,magsac630,32.6,4.94,3584
band1,win3712_nfauto,dog_hardnet,fginn_fm1,0.116,1.97,17,10.0,1062.0,,lmeds630,2096.0,36.66937816097462,1.0,8.0,magsac630,33.7,4.94,3712
band1,win3840_nfauto,dog_hardnet,fginn_fm1,0.106,1.81,17,10.0,1062.0,,lmeds630,2097.0,36.66937816097462,1.0,8.0,magsac630,32.3,4.94,3840
band1,win3968_nfauto,dog_hardnet,fginn_fm1,0.123,2.09,17,10.0,1062.0,,lmeds630,2098.0,36.66937816097462,1.0,8.0,magsac630,34.5,4.94,3968
band1,win4096_nfauto,dog_hardnet,fginn_fm1,0.11,1.87,17,10.0,1062.0,,lmeds630,2099.0,36.66937816097462,1.0,8.0,magsac630,32.2,4.94,4096
band1,win896_nfauto,gftt,mnn,0.128,2.68,21,11.0,881.0,,magsac630,2100.0,37.44319982823487,1.0,8.0,magsac630,43.5,4.7,896
band1,win1024_nfauto,gftt,mnn,0.134,2.82,21,11.0,881.0,,magsac630,2101.0,37.44319982823487,1.0,8.0,magsac630,44.6,4.7,1024
band1,win1152_nfauto,gftt,mnn,0.123,2.58,21,11.0,881.0,,magsac630,2102.0,37.44319982823487,1.0,8.0,magsac630,43.1,4.7,1152
band1,win1280_nfauto,gftt,mnn,0.124,2.61,21,11.0,881.0,,magsac630,2103.0,37.44319982823487,1.0,8.0,magsac630,43.3,4.7,1280
band1,win1408_nfauto,gftt,mnn,0.119,2.5,21,11.0,881.0,,magsac630,2104.0,37.44319982823487,1.0,8.0,magsac630,42.3,4.7,1408
band1,win1536_nfauto,gftt,mnn,0.122,2.56,21,11.0,881.0,,magsac630,2105.0,37.44319982823487,1.0,8.0,magsac630,43.0,4.7,1536
band1,win1664_nfauto,gftt,mnn,0.128,2.68,21,11.0,881.0,,magsac630,2106.0,37.44319982823487,1.0,8.0,magsac630,43.6,4.7,1664
band1,win1792_nfauto,gftt,mnn,0.128,2.68,21,11.0,881.0,,magsac630,2107.0,37.44319982823487,1.0,8.0,magsac630,43.6,4.7,1792
band1,win1920_nfauto,gftt,mnn,0.123,2.57,21,11.0,881.0,,magsac630,2108.0,37.44319982823487,1.0,8.0,magsac630,43.1,4.7,1920
band1,win2048_nfauto,gftt,mnn,0.132,2.78,21,11.0,881.0,,magsac630,2109.0,37.44319982823487,1.0,8.0,magsac630,44.5,4.7,2048
band1,win2176_nfauto,gftt,mnn,0.133,2.79,21,11.0,881.0,,magsac630,2110.0,37.44319982823487,1.0,8.0,magsac630,44.4,4.7,2176
band1,win2304_nfauto,gftt,mnn,0.127,2.67,21,11.0,881.0,,magsac630,2111.0,37.44319982823487,1.0,8.0,magsac630,43.6,4.7,2304
band1,win2432_nfauto,gftt,mnn,0.127,2.66,21,11.0,881.0,,magsac630,2112.0,37.44319982823487,1.0,8.0,magsac630,43.4,4.7,2432
band1,win2560_nfauto,gftt,mnn,0.123,2.59,21,11.0,881.0,,magsac630,2113.0,37.44319982823487,1.0,8.0,magsac630,43.3,4.7,2560
band1,win2688_nfauto,gftt,mnn,0.135,2.83,21,11.0,881.0,,magsac630,2114.0,37.44319982823487,1.0,8.0,magsac630,45.2,4.7,2688
band1,win2816_nfauto,gftt,mnn,0.124,2.6,21,11.0,881.0,,magsac630,2115.0,37.44319982823487,1.0,8.0,magsac630,43.1,4.7,2816
band1,win2944_nfauto,gftt,mnn,0.128,2.69,21,11.0,881.0,,magsac630,2116.0,37.44319982823487,1.0,8.0,magsac630,43.7,4.7,2944
band1,win3200_nfauto,gftt,mnn,0.124,2.6,21,11.0,881.0,,magsac630,2117.0,37.44319982823487,1.0,8.0,magsac630,43.7,4.7,3200
band1,win3328_nfauto,gftt,mnn,0.124,2.6,21,11.0,881.0,,magsac630,2118.0,37.44319982823487,1.0,8.0,magsac630,42.9,4.7,3328
band1,win3456_nfauto,gftt,mnn,0.119,2.5,21,11.0,881.0,,magsac630,2119.0,37.44319982823487,1.0,8.0,magsac630,43.0,4.7,3456
band1,win3584_nfauto,gftt,mnn,0.122,2.57,21,11.0,881.0,,magsac630,2120.0,37.44319982823487,1.0,8.0,magsac630,44.5,4.7,3584
band1,win3712_nfauto,gftt,mnn,0.134,2.81,21,11.0,881.0,,magsac630,2121.0,37.44319982823487,1.0,8.0,magsac630,45.8,4.7,3712
band1,win3840_nfauto,gftt,mnn,0.123,2.58,21,11.0,881.0,,magsac630,2122.0,37.44319982823487,1.0,8.0,magsac630,43.1,4.7,3840
band1,win3968_nfauto,gftt,mnn,0.127,2.66,21,11.0,881.0,,magsac630,2123.0,37.44319982823487,1.0,8.0,magsac630,43.6,4.7,3968
band1,win4096_nfauto,gftt,mnn,0.127,2.66,21,11.0,881.0,,magsac630,2124.0,37.44319982823487,1.0,8.0,magsac630,43.3,4.7,4096
band1,win896_nfauto,sift,snn,0.127,2.03,16,10.0,993.0,,lmeds630,2126.0,38.296962352827,1.0,8.0,lmeds630,47.2,1.72,896
band1,win1024_nfauto,sift,snn,0.14,2.24,16,10.0,993.0,,lmeds630,2127.0,38.296962352827,1.0,8.0,lmeds630,46.9,1.72,1024
band1,win1152_nfauto,sift,snn,0.145,2.32,16,10.0,993.0,,lmeds630,2128.0,38.296962352827,1.0,8.0,lmeds630,46.4,1.72,1152
band1,win1280_nfauto,sift,snn,0.134,2.14,16,10.0,993.0,,lmeds630,2129.0,38.296962352827,1.0,8.0,lmeds630,46.4,1.72,1280
band1,win1408_nfauto,sift,snn,0.119,1.9,16,10.0,993.0,,lmeds630,2130.0,38.296962352827,1.0,8.0,lmeds630,43.5,1.72,1408
band1,win1536_nfauto,sift,snn,0.118,1.89,16,10.0,993.0,,lmeds630,2131.0,38.296962352827,1.0,8.0,lmeds630,42.9,1.72,1536
band1,win1664_nfauto,sift,snn,0.124,1.98,16,10.0,993.0,,lmeds630,2132.0,38.296962352827,1.0,8.0,lmeds630,43.4,1.72,1664
band1,win1792_nfauto,sift,snn,0.127,2.04,16,10.0,993.0,,lmeds630,2133.0,38.296962352827,1.0,8.0,lmeds630,44.2,1.72,1792
band1,win1920_nfauto,sift,snn,0.128,2.04,16,10.0,993.0,,lmeds630,2134.0,38.296962352827,1.0,8.0,lmeds630,43.7,1.72,1920
band1,win2048_nfauto,sift,snn,0.12,1.92,16,10.0,993.0,,lmeds630,2135.0,38.296962352827,1.0,8.0,lmeds630,43.3,1.72,2048
band1,win2176_nfauto,sift,snn,0.127,2.04,16,10.0,993.0,,lmeds630,2136.0,38.296962352827,1.0,8.0,lmeds630,44.5,1.72,2176
band1,win2304_nfauto,sift,snn,0.125,2.0,16,10.0,993.0,,lmeds630,2137.0,38.296962352827,1.0,8.0,lmeds630,43.8,1.72,2304
band1,win2432_nfauto,sift,snn,0.121,1.94,16,10.0,993.0,,lmeds630,2138.0,38.296962352827,1.0,8.0,lmeds630,43.5,1.72,2432
band1,win2560_nfauto,sift,snn,0.119,1.91,16,10.0,993.0,,lmeds630,2139.0,38.296962352827,1.0,8.0,lmeds630,43.2,1.72,2560
band1,win2688_nfauto,sift,snn,0.124,1.99,16,10.0,993.0,,lmeds630,2140.0,38.296962352827,1.0,8.0,lmeds630,43.6,1.72,2688
band1,win2816_nfauto,sift,snn,0.138,2.2,16,10.0,993.0,,lmeds630,2141.0,38.296962352827,1.0,8.0,lmeds630,46.1,1.72,2816
band1,win2944_nfauto,sift,snn,0.146,2.33,16,10.0,993.0,,lmeds630,2142.0,38.296962352827,1.0,8.0,lmeds630,46.4,1.72,2944
band1,win3072_nfauto,sift,snn,0.124,1.99,16,10.0,993.0,,lmeds630,2143.0,38.296962352827,1.0,8.0,lmeds630,43.7,1.72,3072
band1,win3200_nfauto,sift,snn,0.146,2.34,16,10.0,993.0,,lmeds630,2144.0,38.296962352827,1.0,8.0,lmeds630,46.3,1.72,3200
band1,win3328_nfauto,sift,snn,0.124,1.98,16,10.0,993.0,,lmeds630,2145.0,38.296962352827,1.0,8.0,lmeds630,44.1,1.72,3328
band1,win3456_nfauto,sift,snn,0.119,1.91,16,10.0,993.0,,lmeds630,2146.0,38.296962352827,1.0,8.0,lmeds630,43.1,1.72,3456
band1,win3584_nfauto,sift,snn,0.118,1.88,16,10.0,993.0,,lmeds630,2147.0,38.296962352827,1.0,8.0,lmeds630,43.4,1.72,3584
band1,win3712_nfauto,sift,snn,0.144,2.3,16,10.0,993.0,,lmeds630,2148.0,38.296962352827,1.0,8.0,lmeds630,47.5,1.72,3712
band1,win3840_nfauto,sift,snn,0.124,1.99,16,10.0,993.0,,lmeds630,2149.0,38.296962352827,1.0,8.0,lmeds630,43.8,1.72,3840
band1,win3968_nfauto,sift,snn,0.143,2.29,16,10.0,993.0,,lmeds630,2150.0,38.296962352827,1.0,8.0,lmeds630,46.1,1.72,3968
band1,win4096_nfauto,sift,snn,0.125,2.0,16,10.0,993.0,,lmeds630,2151.0,38.296962352827,1.0,8.0,lmeds630,44.1,1.72,4096
band1,win2176_nfauto,imw-rdd-dense,internal,1.774,15.97,9,6.0,921.0,,lmeds630,2152.0,39.28032307575731,1.0,8.0,magsac630,25.5,32.65,2176
band1,win896_nfauto,sift,smnn0.9,0.524,9.42,18,11.0,1170.0,,lmeds630,2153.0,39.55551008967652,1.0,8.0,magsac630,47.2,1.72,896
band1,win1024_nfauto,sift,smnn0.9,0.544,9.78,18,11.0,1170.0,,lmeds630,2154.0,39.55551008967652,1.0,8.0,magsac630,46.9,1.72,1024
band1,win1152_nfauto,sift,smnn0.9,0.539,9.71,18,11.0,1170.0,,lmeds630,2155.0,39.55551008967652,1.0,8.0,magsac630,46.4,1.72,1152
band1,win1280_nfauto,sift,smnn0.9,0.545,9.82,18,11.0,1170.0,,lmeds630,2156.0,39.55551008967652,1.0,8.0,magsac630,46.4,1.72,1280
band1,win1408_nfauto,sift,smnn0.9,0.522,9.4,18,11.0,1170.0,,lmeds630,2157.0,39.55551008967652,1.0,8.0,magsac630,43.5,1.72,1408
band1,win1536_nfauto,sift,smnn0.9,0.523,9.42,18,11.0,1170.0,,lmeds630,2158.0,39.55551008967652,1.0,8.0,magsac630,42.9,1.72,1536
band1,win1664_nfauto,sift,smnn0.9,0.524,9.43,18,11.0,1170.0,,lmeds630,2159.0,39.55551008967652,1.0,8.0,magsac630,43.4,1.72,1664
band1,win1792_nfauto,sift,smnn0.9,0.529,9.52,18,11.0,1170.0,,lmeds630,2160.0,39.55551008967652,1.0,8.0,magsac630,44.2,1.72,1792
band1,win1920_nfauto,sift,smnn0.9,0.526,9.47,18,11.0,1170.0,,lmeds630,2161.0,39.55551008967652,1.0,8.0,magsac630,43.7,1.72,1920
band1,win2048_nfauto,sift,smnn0.9,0.523,9.42,18,11.0,1170.0,,lmeds630,2162.0,39.55551008967652,1.0,8.0,magsac630,43.3,1.72,2048
band1,win2176_nfauto,sift,smnn0.9,0.529,9.52,18,11.0,1170.0,,lmeds630,2163.0,39.55551008967652,1.0,8.0,magsac630,44.5,1.72,2176
band1,win2304_nfauto,sift,smnn0.9,0.526,9.46,18,11.0,1170.0,,lmeds630,2164.0,39.55551008967652,1.0,8.0,magsac630,43.8,1.72,2304
band1,win2432_nfauto,sift,smnn0.9,0.525,9.45,18,11.0,1170.0,,lmeds630,2165.0,39.55551008967652,1.0,8.0,magsac630,43.5,1.72,2432
band1,win2560_nfauto,sift,smnn0.9,0.522,9.39,18,11.0,1170.0,,lmeds630,2166.0,39.55551008967652,1.0,8.0,magsac630,43.2,1.72,2560
band1,win2688_nfauto,sift,smnn0.9,0.525,9.46,18,11.0,1170.0,,lmeds630,2167.0,39.55551008967652,1.0,8.0,magsac630,43.6,1.72,2688
band1,win2816_nfauto,sift,smnn0.9,0.533,9.59,18,11.0,1170.0,,lmeds630,2168.0,39.55551008967652,1.0,8.0,magsac630,46.1,1.72,2816
band1,win2944_nfauto,sift,smnn0.9,0.537,9.67,18,11.0,1170.0,,lmeds630,2169.0,39.55551008967652,1.0,8.0,magsac630,46.4,1.72,2944
band1,win3072_nfauto,sift,smnn0.9,0.524,9.43,18,11.0,1170.0,,lmeds630,2170.0,39.55551008967652,1.0,8.0,magsac630,43.7,1.72,3072
band1,win3200_nfauto,sift,smnn0.9,0.54,9.72,18,11.0,1170.0,,lmeds630,2171.0,39.55551008967652,1.0,8.0,magsac630,46.3,1.72,3200
band1,win3328_nfauto,sift,smnn0.9,0.527,9.48,18,11.0,1170.0,,lmeds630,2172.0,39.55551008967652,1.0,8.0,magsac630,44.1,1.72,3328
band1,win3456_nfauto,sift,smnn0.9,0.521,9.38,18,11.0,1170.0,,lmeds630,2173.0,39.55551008967652,1.0,8.0,magsac630,43.1,1.72,3456
band1,win3584_nfauto,sift,smnn0.9,0.525,9.44,18,11.0,1170.0,,lmeds630,2174.0,39.55551008967652,1.0,8.0,magsac630,43.4,1.72,3584
band1,win3712_nfauto,sift,smnn0.9,0.54,9.72,18,11.0,1170.0,,lmeds630,2175.0,39.55551008967652,1.0,8.0,magsac630,47.5,1.72,3712
band1,win3840_nfauto,sift,smnn0.9,0.528,9.51,18,11.0,1170.0,,lmeds630,2176.0,39.55551008967652,1.0,8.0,magsac630,43.8,1.72,3840
band1,win3968_nfauto,sift,smnn0.9,0.535,9.64,18,11.0,1170.0,,lmeds630,2177.0,39.55551008967652,1.0,8.0,magsac630,46.1,1.72,3968
band1,win4096_nfauto,sift,smnn0.9,0.53,9.54,18,11.0,1170.0,,lmeds630,2178.0,39.55551008967652,1.0,8.0,magsac630,44.1,1.72,4096
band1,win640_nfauto,sift,snn,0.134,2.15,16,10.0,1006.0,,lmeds630,2179.0,39.59384728023968,1.0,8.0,magsac630,51.0,1.72,640
band1,win768_nfauto,sift,snn,0.138,2.2,16,10.0,1014.0,,lmeds630,2181.0,40.126009204601104,1.0,8.0,lmeds630,50.7,1.72,768
band1,win768_nfauto,sift,smnn0.9,0.628,11.31,18,11.0,1201.0,,lmeds630,2182.0,40.14049645984584,1.0,8.0,lmeds630,50.7,1.72,768
band1,win640_nfauto,dog_sosnet,fginn_fm1,0.14,2.1,15,11.0,752.0,,magsac630,2183.0,40.45315862629468,1.0,8.0,lmeds630,20.8,4.08,640
band1,win512_nfauto,sift,snn,0.116,2.32,20,9.0,1029.0,,lmeds630,2184.0,41.39582974601789,1.0,8.0,magsac630,54.0,1.72,512
band1,win1536_nfauto,sift,nn,0.101,2.13,21,11.0,1440.0,,magsac630,2185.0,41.75263504067456,1.0,8.0,magsac630,42.9,1.72,1536
band1,win256_nfauto,dog_hardnet,fginn_fm1,0.096,4.62,48,25.0,1172.0,,lmeds630,2186.0,42.00019220704585,1.0,8.0,magsac630,70.0,1.39,256
band1,win512_nfauto,dog_hardnet,fginn_fm1,0.094,2.16,23,10.0,1126.0,,lmeds630,2213.0,42.88941924717787,1.0,8.0,lmeds630,39.9,2.76,512
band1,win768_nfauto,dog_hardnet,fginn_fm1,0.11,1.87,17,10.0,1086.0,,lmeds630,2214.0,43.280159170063776,1.0,8.0,lmeds630,33.2,4.94,768
band1,win640_nfauto,dog_hardnet,fginn_fm1,0.11,1.75,16,11.0,1095.0,,lmeds630,2217.0,43.87851628129228,1.0,8.0,lmeds630,30.8,4.29,640
band1,win640_nfauto,dog_sosnet,smnn0.9,0.166,3.32,20,12.0,1243.0,,lmeds630,2219.0,44.38651522229293,1.0,8.0,magsac630,20.8,4.08,640
band1,win640_nfauto,dog_hynet,fginn_fm1,0.158,2.53,16,11.0,717.0,,magsac630,2221.0,45.092667899186615,1.0,8.0,magsac630,22.7,4.26,640
band1,win1664_nfauto,imw-rdd-dense,internal,1.78,16.02,9,6.0,924.0,,lmeds630,2222.0,45.441642981722936,1.0,8.0,magsac630,25.8,32.65,1664
band1,win640_nfauto,sift,fginn_fm1,0.136,2.17,16,10.0,1112.0,,lmeds630,2224.0,46.9731344886272,1.0,8.0,lmeds630,51.0,1.72,640
band1,win896_nfauto,hessian,fginn_fm1,0.119,2.38,20,11.0,1048.0,,lmeds630,2225.0,47.38311306569077,1.0,8.0,magsac630,48.2,6.36,896
band1,win1024_nfauto,hessian,fginn_fm1,0.13,2.6,20,11.0,1048.0,,lmeds630,2226.0,47.38311306569077,1.0,8.0,magsac630,50.8,6.36,1024
band1,win1152_nfauto,hessian,fginn_fm1,0.111,2.22,20,11.0,1048.0,,lmeds630,2227.0,47.38311306569077,1.0,8.0,magsac630,47.6,6.36,1152
band1,win1280_nfauto,hessian,fginn_fm1,0.115,2.3,20,11.0,1048.0,,lmeds630,2228.0,47.38311306569077,1.0,8.0,magsac630,48.2,6.36,1280
band1,win1408_nfauto,hessian,fginn_fm1,0.105,2.11,20,11.0,1048.0,,lmeds630,2229.0,47.38311306569077,1.0,8.0,magsac630,46.9,6.36,1408
band1,win1536_nfauto,hessian,fginn_fm1,0.116,2.32,20,11.0,1048.0,,lmeds630,2230.0,47.38311306569077,1.0,8.0,magsac630,47.9,6.36,1536
band1,win1664_nfauto,hessian,fginn_fm1,0.121,2.42,20,11.0,1048.0,,lmeds630,2231.0,47.38311306569077,1.0,8.0,magsac630,50.5,6.36,1664
band1,win1792_nfauto,hessian,fginn_fm1,0.122,2.44,20,11.0,1048.0,,lmeds630,2232.0,47.38311306569077,1.0,8.0,magsac630,48.7,6.36,1792
band1,win1920_nfauto,hessian,fginn_fm1,0.111,2.21,20,11.0,1048.0,,lmeds630,2233.0,47.38311306569077,1.0,8.0,magsac630,47.4,6.36,1920
band1,win2048_nfauto,hessian,fginn_fm1,0.126,2.52,20,11.0,1048.0,,lmeds630,2234.0,47.38311306569077,1.0,8.0,magsac630,49.4,6.36,2048
band1,win2176_nfauto,hessian,fginn_fm1,0.125,2.51,20,11.0,1048.0,,lmeds630,2235.0,47.38311306569077,1.0,8.0,magsac630,49.5,6.36,2176
band1,win2304_nfauto,hessian,fginn_fm1,0.139,2.79,20,11.0,1048.0,,lmeds630,2236.0,47.38311306569077,1.0,8.0,magsac630,51.6,6.36,2304
band1,win2432_nfauto,hessian,fginn_fm1,0.118,2.35,20,11.0,1048.0,,lmeds630,2237.0,47.38311306569077,1.0,8.0,magsac630,48.1,6.36,2432
band1,win2560_nfauto,hessian,fginn_fm1,0.109,2.18,20,11.0,1048.0,,lmeds630,2238.0,47.38311306569077,1.0,8.0,magsac630,48.3,6.36,2560
band1,win2688_nfauto,hessian,fginn_fm1,0.111,2.22,20,11.0,1048.0,,lmeds630,2239.0,47.38311306569077,1.0,8.0,magsac630,48.2,6.36,2688
band1,win2816_nfauto,hessian,fginn_fm1,0.113,2.25,20,11.0,1048.0,,lmeds630,2240.0,47.38311306569077,1.0,8.0,magsac630,47.4,6.36,2816
band1,win2944_nfauto,hessian,fginn_fm1,0.121,2.41,20,11.0,1048.0,,lmeds630,2241.0,47.38311306569077,1.0,8.0,magsac630,48.6,6.36,2944
band1,win3072_nfauto,hessian,fginn_fm1,0.12,2.4,20,11.0,1048.0,,lmeds630,2242.0,47.38311306569077,1.0,8.0,magsac630,48.6,6.36,3072
band1,win3200_nfauto,hessian,fginn_fm1,0.116,2.32,20,11.0,1048.0,,lmeds630,2243.0,47.38311306569077,1.0,8.0,magsac630,49.1,6.36,3200
band1,win3328_nfauto,hessian,fginn_fm1,0.114,2.28,20,11.0,1048.0,,lmeds630,2244.0,47.38311306569077,1.0,8.0,magsac630,48.3,6.36,3328
band1,win3456_nfauto,hessian,fginn_fm1,0.108,2.15,20,11.0,1048.0,,lmeds630,2245.0,47.38311306569077,1.0,8.0,magsac630,47.1,6.36,3456
band1,win3584_nfauto,hessian,fginn_fm1,0.111,2.21,20,11.0,1048.0,,lmeds630,2246.0,47.38311306569077,1.0,8.0,magsac630,48.0,6.36,3584
band1,win3712_nfauto,hessian,fginn_fm1,0.117,2.34,20,11.0,1048.0,,lmeds630,2247.0,47.38311306569077,1.0,8.0,magsac630,48.3,6.36,3712
band1,win3840_nfauto,hessian,fginn_fm1,0.123,2.46,20,11.0,1048.0,,lmeds630,2248.0,47.38311306569077,1.0,8.0,magsac630,49.5,6.36,3840
band1,win3968_nfauto,hessian,fginn_fm1,0.114,2.28,20,11.0,1048.0,,lmeds630,2249.0,47.38311306569077,1.0,8.0,magsac630,48.0,6.36,3968
band1,win4096_nfauto,hessian,fginn_fm1,0.118,2.36,20,11.0,1048.0,,lmeds630,2250.0,47.38311306569077,1.0,8.0,magsac630,48.0,6.36,4096
band1,win896_nfauto,gftt,smnn0.9,0.432,9.06,21,12.0,761.0,,lmeds630,2251.0,47.53950314822027,1.0,8.0,lmeds630,43.5,4.7,896
band1,win1024_nfauto,gftt,smnn0.9,0.438,9.19,21,12.0,761.0,,lmeds630,2252.0,47.53950314822027,1.0,8.0,lmeds630,44.6,4.7,1024
band1,win1152_nfauto,gftt,smnn0.9,0.429,9.01,21,12.0,761.0,,lmeds630,2253.0,47.53950314822027,1.0,8.0,lmeds630,43.1,4.7,1152
band1,win1280_nfauto,gftt,smnn0.9,0.429,9.0,21,12.0,761.0,,lmeds630,2254.0,47.53950314822027,1.0,8.0,lmeds630,43.3,4.7,1280
band1,win1408_nfauto,gftt,smnn0.9,0.423,8.88,21,12.0,761.0,,lmeds630,2255.0,47.53950314822027,1.0,8.0,lmeds630,42.3,4.7,1408
band1,win1536_nfauto,gftt,smnn0.9,0.429,9.0,21,12.0,761.0,,lmeds630,2256.0,47.53950314822027,1.0,8.0,lmeds630,43.0,4.7,1536
band1,win1664_nfauto,gftt,smnn0.9,0.433,9.08,21,12.0,761.0,,lmeds630,2257.0,47.53950314822027,1.0,8.0,lmeds630,43.6,4.7,1664
band1,win1792_nfauto,gftt,smnn0.9,0.43,9.02,21,12.0,761.0,,lmeds630,2258.0,47.53950314822027,1.0,8.0,lmeds630,43.6,4.7,1792
band1,win1920_nfauto,gftt,smnn0.9,0.428,8.99,21,12.0,761.0,,lmeds630,2259.0,47.53950314822027,1.0,8.0,lmeds630,43.1,4.7,1920
band1,win2048_nfauto,gftt,smnn0.9,0.435,9.14,21,12.0,761.0,,lmeds630,2260.0,47.53950314822027,1.0,8.0,lmeds630,44.5,4.7,2048
band1,win2176_nfauto,gftt,smnn0.9,0.435,9.14,21,12.0,761.0,,lmeds630,2261.0,47.53950314822027,1.0,8.0,lmeds630,44.4,4.7,2176
band1,win2304_nfauto,gftt,smnn0.9,0.433,9.09,21,12.0,761.0,,lmeds630,2262.0,47.53950314822027,1.0,8.0,lmeds630,43.6,4.7,2304
band1,win2432_nfauto,gftt,smnn0.9,0.43,9.04,21,12.0,761.0,,lmeds630,2263.0,47.53950314822027,1.0,8.0,lmeds630,43.4,4.7,2432
band1,win2560_nfauto,gftt,smnn0.9,0.434,9.11,21,12.0,761.0,,lmeds630,2264.0,47.53950314822027,1.0,8.0,lmeds630,43.3,4.7,2560
band1,win2688_nfauto,gftt,smnn0.9,0.461,9.69,21,12.0,761.0,,lmeds630,2265.0,47.53950314822027,1.0,8.0,lmeds630,45.2,4.7,2688
band1,win2816_nfauto,gftt,smnn0.9,0.429,9.02,21,12.0,761.0,,lmeds630,2266.0,47.53950314822027,1.0,8.0,lmeds630,43.1,4.7,2816
band1,win2944_nfauto,gftt,smnn0.9,0.434,9.12,21,12.0,761.0,,lmeds630,2267.0,47.53950314822027,1.0,8.0,lmeds630,43.7,4.7,2944
band1,win3072_nfauto,gftt,smnn0.9,0.432,9.08,21,12.0,761.0,,lmeds630,2268.0,47.53950314822027,1.0,8.0,lmeds630,43.5,4.7,3072
band1,win3200_nfauto,gftt,smnn0.9,0.431,9.04,21,12.0,761.0,,lmeds630,2269.0,47.53950314822027,1.0,8.0,lmeds630,43.7,4.7,3200
band1,win3328_nfauto,gftt,smnn0.9,0.428,8.99,21,12.0,761.0,,lmeds630,2270.0,47.53950314822027,1.0,8.0,lmeds630,42.9,4.7,3328
band1,win3456_nfauto,gftt,smnn0.9,0.424,8.89,21,12.0,761.0,,lmeds630,2271.0,47.53950314822027,1.0,8.0,lmeds630,43.0,4.7,3456
band1,win3584_nfauto,gftt,smnn0.9,0.428,8.99,21,12.0,761.0,,lmeds630,2272.0,47.53950314822027,1.0,8.0,lmeds630,44.5,4.7,3584
band1,win3712_nfauto,gftt,smnn0.9,0.444,9.33,21,12.0,761.0,,lmeds630,2273.0,47.53950314822027,1.0,8.0,lmeds630,45.8,4.7,3712
band1,win3840_nfauto,gftt,smnn0.9,0.427,8.96,21,12.0,761.0,,lmeds630,2274.0,47.53950314822027,1.0,8.0,lmeds630,43.1,4.7,3840
band1,win3968_nfauto,gftt,smnn0.9,0.432,9.06,21,12.0,761.0,,lmeds630,2275.0,47.53950314822027,1.0,8.0,lmeds630,43.6,4.7,3968
band1,win4096_nfauto,gftt,smnn0.9,0.431,9.05,21,12.0,761.0,,lmeds630,2276.0,47.53950314822027,1.0,8.0,lmeds630,43.3,4.7,4096
band1,win256_nfauto,hessian,smnn0.9,0.356,25.63,72,29.0,1274.0,,lmeds630,2277.0,47.92207687808767,1.0,8.0,lmeds630,65.4,1.15,256
band1,win640_nfauto,hessian,fginn_fm1,0.11,2.21,20,11.0,991.0,,lmeds630,2278.0,48.03413070503449,1.0,8.0,magsac630,36.9,4.24,640
band1,win640_nfauto,sift,mnn,0.103,2.16,21,12.0,1482.0,,magsac630,2280.0,48.989174242389566,1.0,8.0,lmeds630,51.0,1.72,640
band1,win896_nfauto,dog_hynet,fginn_fm1,0.179,2.68,15,11.0,869.0,,lmeds630,2281.0,49.17257919274167,1.0,8.0,lmeds630,24.1,4.49,896
band1,win1024_nfauto,dog_hynet,fginn_fm1,0.189,2.83,15,11.0,869.0,,lmeds630,2282.0,49.17257919274167,1.0,8.0,lmeds630,25.4,4.49,1024
band1,win1152_nfauto,dog_hynet,fginn_fm1,0.172,2.58,15,11.0,869.0,,lmeds630,2283.0,49.17257919274167,1.0,8.0,lmeds630,23.5,4.49,1152
band1,win1280_nfauto,dog_hynet,fginn_fm1,0.177,2.66,15,11.0,869.0,,lmeds630,2284.0,49.17257919274167,1.0,8.0,lmeds630,23.9,4.49,1280
band1,win1408_nfauto,dog_hynet,fginn_fm1,0.176,2.64,15,11.0,869.0,,lmeds630,2285.0,49.17257919274167,1.0,8.0,lmeds630,24.0,4.49,1408
band1,win1536_nfauto,dog_hynet,fginn_fm1,0.172,2.58,15,11.0,869.0,,lmeds630,2286.0,49.17257919274167,1.0,8.0,lmeds630,23.4,4.49,1536
band1,win1664_nfauto,dog_hynet,fginn_fm1,0.179,2.69,15,11.0,869.0,,lmeds630,2287.0,49.17257919274167,1.0,8.0,lmeds630,24.1,4.49,1664
band1,win1792_nfauto,dog_hynet,fginn_fm1,0.179,2.69,15,11.0,869.0,,lmeds630,2288.0,49.17257919274167,1.0,8.0,lmeds630,24.3,4.49,1792
band1,win1920_nfauto,dog_hynet,fginn_fm1,0.177,2.66,15,11.0,869.0,,lmeds630,2289.0,49.17257919274167,1.0,8.0,lmeds630,24.0,4.49,1920
band1,win2048_nfauto,dog_hynet,fginn_fm1,0.185,2.78,15,11.0,869.0,,lmeds630,2290.0,49.17257919274167,1.0,8.0,lmeds630,25.4,4.49,2048
band1,win2176_nfauto,dog_hynet,fginn_fm1,0.188,2.82,15,11.0,869.0,,lmeds630,2291.0,49.17257919274167,1.0,8.0,lmeds630,25.7,4.49,2176
band1,win2304_nfauto,dog_hynet,fginn_fm1,0.179,2.69,15,11.0,869.0,,lmeds630,2292.0,49.17257919274167,1.0,8.0,lmeds630,24.2,4.49,2304
band1,win2432_nfauto,dog_hynet,fginn_fm1,0.178,2.66,15,11.0,869.0,,lmeds630,2293.0,49.17257919274167,1.0,8.0,lmeds630,23.9,4.49,2432
band1,win2560_nfauto,dog_hynet,fginn_fm1,0.173,2.6,15,11.0,869.0,,lmeds630,2294.0,49.17257919274167,1.0,8.0,lmeds630,23.5,4.49,2560
band1,win2688_nfauto,dog_hynet,fginn_fm1,0.176,2.64,15,11.0,869.0,,lmeds630,2295.0,49.17257919274167,1.0,8.0,lmeds630,24.2,4.49,2688
band1,win2816_nfauto,dog_hynet,fginn_fm1,0.174,2.61,15,11.0,869.0,,lmeds630,2296.0,49.17257919274167,1.0,8.0,lmeds630,23.6,4.49,2816
band1,win2944_nfauto,dog_hynet,fginn_fm1,0.18,2.7,15,11.0,869.0,,lmeds630,2297.0,49.17257919274167,1.0,8.0,lmeds630,24.4,4.49,2944
band1,win3072_nfauto,dog_hynet,fginn_fm1,0.179,2.69,15,11.0,869.0,,lmeds630,2298.0,49.17257919274167,1.0,8.0,lmeds630,24.2,4.49,3072
band1,win3200_nfauto,dog_hynet,fginn_fm1,0.18,2.7,15,11.0,869.0,,lmeds630,2299.0,49.17257919274167,1.0,8.0,lmeds630,24.7,4.49,3200
band1,win3328_nfauto,dog_hynet,fginn_fm1,0.178,2.66,15,11.0,869.0,,lmeds630,2300.0,49.17257919274167,1.0,8.0,lmeds630,24.0,4.49,3328
band1,win3456_nfauto,dog_hynet,fginn_fm1,0.172,2.58,15,11.0,869.0,,lmeds630,2301.0,49.17257919274167,1.0,8.0,lmeds630,23.4,4.49,3456
band1,win3584_nfauto,dog_hynet,fginn_fm1,0.174,2.61,15,11.0,869.0,,lmeds630,2302.0,49.17257919274167,1.0,8.0,lmeds630,24.4,4.49,3584
band1,win3712_nfauto,dog_hynet,fginn_fm1,0.178,2.67,15,11.0,869.0,,lmeds630,2303.0,49.17257919274167,1.0,8.0,lmeds630,24.9,4.49,3712
band1,win3840_nfauto,dog_hynet,fginn_fm1,0.174,2.61,15,11.0,869.0,,lmeds630,2304.0,49.17257919274167,1.0,8.0,lmeds630,23.8,4.49,3840
band1,win3968_nfauto,dog_hynet,fginn_fm1,0.196,2.95,15,11.0,869.0,,lmeds630,2305.0,49.17257919274167,1.0,8.0,lmeds630,26.5,4.49,3968
band1,win4096_nfauto,dog_hynet,fginn_fm1,0.178,2.67,15,11.0,869.0,,lmeds630,2306.0,49.17257919274167,1.0,8.0,lmeds630,24.0,4.49,4096
band1,win256_nfauto,gftt,smnn0.9,0.442,27.87,63,27.0,1029.0,,lmeds630,2307.0,49.18007616894882,1.0,8.0,lmeds630,80.1,1.02,256
band1,win3072_nfauto,gftt,mnn,0.127,2.67,21,11.0,3013.0,,lmeds630,2309.0,49.75978415650872,1.0,8.0,magsac630,43.5,4.7,3072
band1,win768_nfauto,dog_sosnet,smnn0.9,0.134,2.68,20,12.0,1215.0,,lmeds630,2310.0,49.99022541556125,1.0,8.0,magsac630,22.2,3.27,768
band1,win256_nfauto,imw-aliked-lg-kt0p2,internal,0.234,7.72,33,27.0,1872.0,,lmeds630,2311.0,50.0454924008985,1.0,8.0,magsac630,15.6,2.18,256
band1,win1536_nfauto,imw-rdd-dense,internal,1.783,16.05,9,6.0,923.0,,lmeds630,2312.0,50.11541615433399,1.0,8.0,magsac630,25.7,32.65,1536
band1,win640_nfauto,gftt,fginn_fm1,0.14,2.52,18,10.0,513.0,,magsac630,2313.0,51.86479687520404,1.0,8.0,lmeds630,43.3,4.23,640
band1,win896_nfauto,dog_sosnet,smnn0.9,0.129,2.57,20,12.0,1213.0,,lmeds630,2314.0,52.00626428833774,1.0,8.0,magsac630,20.9,3.27,896
band1,win1024_nfauto,dog_sosnet,smnn0.9,0.135,2.7,20,12.0,1213.0,,lmeds630,2315.0,52.00626428833774,1.0,8.0,magsac630,22.1,3.27,1024
band1,win1152_nfauto,dog_sosnet,smnn0.9,0.123,2.47,20,12.0,1213.0,,lmeds630,2316.0,52.00626428833774,1.0,8.0,magsac630,20.3,3.27,1152
band1,win1280_nfauto,dog_sosnet,smnn0.9,0.136,2.72,20,12.0,1213.0,,lmeds630,2317.0,52.00626428833774,1.0,8.0,magsac630,22.2,3.27,1280
band1,win1408_nfauto,dog_sosnet,smnn0.9,0.126,2.52,20,12.0,1213.0,,lmeds630,2318.0,52.00626428833774,1.0,8.0,magsac630,20.8,3.27,1408
band1,win1536_nfauto,dog_sosnet,smnn0.9,0.124,2.48,20,12.0,1213.0,,lmeds630,2319.0,52.00626428833774,1.0,8.0,magsac630,20.4,3.27,1536
band1,win1664_nfauto,dog_sosnet,smnn0.9,0.129,2.58,20,12.0,1213.0,,lmeds630,2320.0,52.00626428833774,1.0,8.0,magsac630,21.0,3.27,1664
band1,win1792_nfauto,dog_sosnet,smnn0.9,0.129,2.58,20,12.0,1213.0,,lmeds630,2321.0,52.00626428833774,1.0,8.0,magsac630,21.0,3.27,1792
band1,win1920_nfauto,dog_sosnet,smnn0.9,0.127,2.54,20,12.0,1213.0,,lmeds630,2322.0,52.00626428833774,1.0,8.0,magsac630,20.7,3.27,1920
band1,win2048_nfauto,dog_sosnet,smnn0.9,0.134,2.67,20,12.0,1213.0,,lmeds630,2323.0,52.00626428833774,1.0,8.0,magsac630,22.0,3.27,2048
band1,win2176_nfauto,dog_sosnet,smnn0.9,0.134,2.68,20,12.0,1213.0,,lmeds630,2324.0,52.00626428833774,1.0,8.0,magsac630,22.4,3.27,2176
band1,win2304_nfauto,dog_sosnet,smnn0.9,0.129,2.58,20,12.0,1213.0,,lmeds630,2325.0,52.00626428833774,1.0,8.0,magsac630,20.9,3.27,2304
band1,win2432_nfauto,dog_sosnet,smnn0.9,0.128,2.56,20,12.0,1213.0,,lmeds630,2326.0,52.00626428833774,1.0,8.0,magsac630,21.0,3.27,2432
band1,win2560_nfauto,dog_sosnet,smnn0.9,0.125,2.51,20,12.0,1213.0,,lmeds630,2327.0,52.00626428833774,1.0,8.0,magsac630,20.9,3.27,2560
band1,win2688_nfauto,dog_sosnet,smnn0.9,0.127,2.54,20,12.0,1213.0,,lmeds630,2328.0,52.00626428833774,1.0,8.0,magsac630,20.7,3.27,2688
band1,win2816_nfauto,dog_sosnet,smnn0.9,0.125,2.49,20,12.0,1213.0,,lmeds630,2329.0,52.00626428833774,1.0,8.0,magsac630,20.4,3.27,2816
band1,win2944_nfauto,dog_sosnet,smnn0.9,0.133,2.65,20,12.0,1213.0,,lmeds630,2330.0,52.00626428833774,1.0,8.0,magsac630,21.4,3.27,2944
band1,win3072_nfauto,dog_sosnet,smnn0.9,0.129,2.58,20,12.0,1213.0,,lmeds630,2331.0,52.00626428833774,1.0,8.0,magsac630,21.0,3.27,3072
band1,win3200_nfauto,dog_sosnet,smnn0.9,0.129,2.58,20,12.0,1213.0,,lmeds630,2332.0,52.00626428833774,1.0,8.0,magsac630,21.4,3.27,3200
band1,win3328_nfauto,dog_sosnet,smnn0.9,0.129,2.59,20,12.0,1213.0,,lmeds630,2333.0,52.00626428833774,1.0,8.0,magsac630,21.0,3.27,3328
band1,win3456_nfauto,dog_sosnet,smnn0.9,0.125,2.5,20,12.0,1213.0,,lmeds630,2334.0,52.00626428833774,1.0,8.0,magsac630,20.2,3.27,3456
band1,win3584_nfauto,dog_sosnet,smnn0.9,0.126,2.52,20,12.0,1213.0,,lmeds630,2335.0,52.00626428833774,1.0,8.0,magsac630,24.6,3.27,3584
band1,win3712_nfauto,dog_sosnet,smnn0.9,0.127,2.54,20,12.0,1213.0,,lmeds630,2336.0,52.00626428833774,1.0,8.0,magsac630,21.1,3.27,3712
band1,win3840_nfauto,dog_sosnet,smnn0.9,0.126,2.52,20,12.0,1213.0,,lmeds630,2337.0,52.00626428833774,1.0,8.0,magsac630,20.8,3.27,3840
band1,win3968_nfauto,dog_sosnet,smnn0.9,0.142,2.83,20,12.0,1213.0,,lmeds630,2338.0,52.00626428833774,1.0,8.0,magsac630,22.4,3.27,3968
band1,win4096_nfauto,dog_sosnet,smnn0.9,0.128,2.56,20,12.0,1213.0,,lmeds630,2339.0,52.00626428833774,1.0,8.0,magsac630,20.8,3.27,4096
band1,win640_nfauto,disk_epipolar,snn,0.143,2.15,15,11.0,1140.0,,lmeds630,2340.0,52.06661775246716,1.0,8.0,magsac630,23.4,0.74,640
band1,win512_nfauto,hessian,fginn_fm1,0.11,2.52,23,11.0,910.0,,lmeds630,2341.0,52.441399502687226,1.0,8.0,lmeds630,34.9,2.6,512
band1,win896_nfauto,gftt,snn,0.175,2.63,15,10.0,364.0,,lmeds630,2342.0,53.02452852531596,1.0,8.0,lmeds630,43.5,4.7,896
band1,win1024_nfauto,gftt,snn,0.184,2.76,15,10.0,364.0,,lmeds630,2343.0,53.02452852531596,1.0,8.0,lmeds630,44.6,4.7,1024
band1,win1152_nfauto,gftt,snn,0.169,2.54,15,10.0,364.0,,lmeds630,2344.0,53.02452852531596,1.0,8.0,lmeds630,43.1,4.7,1152
band1,win1280_nfauto,gftt,snn,0.172,2.58,15,10.0,364.0,,lmeds630,2345.0,53.02452852531596,1.0,8.0,lmeds630,43.3,4.7,1280
band1,win1408_nfauto,gftt,snn,0.163,2.44,15,10.0,364.0,,lmeds630,2346.0,53.02452852531596,1.0,8.0,lmeds630,42.3,4.7,1408
band1,win1536_nfauto,gftt,snn,0.169,2.54,15,10.0,364.0,,lmeds630,2347.0,53.02452852531596,1.0,8.0,lmeds630,43.0,4.7,1536
band1,win1664_nfauto,gftt,snn,0.177,2.65,15,10.0,364.0,,lmeds630,2348.0,53.02452852531596,1.0,8.0,lmeds630,43.6,4.7,1664
band1,win1792_nfauto,gftt,snn,0.176,2.64,15,10.0,364.0,,lmeds630,2349.0,53.02452852531596,1.0,8.0,lmeds630,43.6,4.7,1792
band1,win1920_nfauto,gftt,snn,0.169,2.53,15,10.0,364.0,,lmeds630,2350.0,53.02452852531596,1.0,8.0,lmeds630,43.1,4.7,1920
band1,win2048_nfauto,gftt,snn,0.184,2.77,15,10.0,364.0,,lmeds630,2351.0,53.02452852531596,1.0,8.0,lmeds630,44.5,4.7,2048
band1,win2176_nfauto,gftt,snn,0.182,2.74,15,10.0,364.0,,lmeds630,2352.0,53.02452852531596,1.0,8.0,lmeds630,44.4,4.7,2176
band1,win2304_nfauto,gftt,snn,0.176,2.64,15,10.0,364.0,,lmeds630,2353.0,53.02452852531596,1.0,8.0,lmeds630,43.6,4.7,2304
band1,win2432_nfauto,gftt,snn,0.175,2.63,15,10.0,364.0,,lmeds630,2354.0,53.02452852531596,1.0,8.0,lmeds630,43.4,4.7,2432
band1,win2560_nfauto,gftt,snn,0.172,2.57,15,10.0,364.0,,lmeds630,2355.0,53.02452852531596,1.0,8.0,lmeds630,43.3,4.7,2560
band1,win2688_nfauto,gftt,snn,0.184,2.77,15,10.0,364.0,,lmeds630,2356.0,53.02452852531596,1.0,8.0,lmeds630,45.2,4.7,2688
band1,win2816_nfauto,gftt,snn,0.169,2.54,15,10.0,364.0,,lmeds630,2357.0,53.02452852531596,1.0,8.0,lmeds630,43.1,4.7,2816
band1,win2944_nfauto,gftt,snn,0.177,2.65,15,10.0,364.0,,lmeds630,2358.0,53.02452852531596,1.0,8.0,lmeds630,43.7,4.7,2944
band1,win3072_nfauto,gftt,snn,0.176,2.64,15,10.0,364.0,,lmeds630,2359.0,53.02452852531596,1.0,8.0,lmeds630,43.5,4.7,3072
band1,win3200_nfauto,gftt,snn,0.17,2.55,15,10.0,364.0,,lmeds630,2360.0,53.02452852531596,1.0,8.0,lmeds630,43.7,4.7,3200
band1,win3328_nfauto,gftt,snn,0.17,2.55,15,10.0,364.0,,lmeds630,2361.0,53.02452852531596,1.0,8.0,lmeds630,42.9,4.7,3328
band1,win3456_nfauto,gftt,snn,0.164,2.45,15,10.0,364.0,,lmeds630,2362.0,53.02452852531596,1.0,8.0,lmeds630,43.0,4.7,3456
band1,win3584_nfauto,gftt,snn,0.168,2.52,15,10.0,364.0,,lmeds630,2363.0,53.02452852531596,1.0,8.0,lmeds630,44.5,4.7,3584
band1,win3712_nfauto,gftt,snn,0.183,2.75,15,10.0,364.0,,lmeds630,2364.0,53.02452852531596,1.0,8.0,lmeds630,45.8,4.7,3712
band1,win3840_nfauto,gftt,snn,0.17,2.55,15,10.0,364.0,,lmeds630,2365.0,53.02452852531596,1.0,8.0,lmeds630,43.1,4.7,3840
band1,win3968_nfauto,gftt,snn,0.175,2.62,15,10.0,364.0,,lmeds630,2366.0,53.02452852531596,1.0,8.0,lmeds630,43.6,4.7,3968
band1,win4096_nfauto,gftt,snn,0.175,2.62,15,10.0,364.0,,lmeds630,2367.0,53.02452852531596,1.0,8.0,lmeds630,43.3,4.7,4096
band1,win896_nfauto,dog_sosnet,fginn_fm1,0.16,2.25,14,11.0,833.0,,magsac630,2368.0,53.12146676955006,1.0,8.0,magsac630,20.9,3.27,896
band1,win1024_nfauto,dog_sosnet,fginn_fm1,0.171,2.39,14,11.0,833.0,,magsac630,2369.0,53.12146676955006,1.0,8.0,magsac630,22.1,3.27,1024
band1,win1152_nfauto,dog_sosnet,fginn_fm1,0.154,2.15,14,11.0,833.0,,magsac630,2370.0,53.12146676955006,1.0,8.0,magsac630,20.3,3.27,1152
band1,win1280_nfauto,dog_sosnet,fginn_fm1,0.17,2.38,14,11.0,833.0,,magsac630,2371.0,53.12146676955006,1.0,8.0,magsac630,22.2,3.27,1280
band1,win1408_nfauto,dog_sosnet,fginn_fm1,0.155,2.17,14,11.0,833.0,,magsac630,2372.0,53.12146676955006,1.0,8.0,magsac630,20.8,3.27,1408
band1,win1536_nfauto,dog_sosnet,fginn_fm1,0.155,2.17,14,11.0,833.0,,magsac630,2373.0,53.12146676955006,1.0,8.0,magsac630,20.4,3.27,1536
band1,win1664_nfauto,dog_sosnet,fginn_fm1,0.161,2.25,14,11.0,833.0,,magsac630,2374.0,53.12146676955006,1.0,8.0,magsac630,21.0,3.27,1664
band1,win1792_nfauto,dog_sosnet,fginn_fm1,0.161,2.25,14,11.0,833.0,,magsac630,2375.0,53.12146676955006,1.0,8.0,magsac630,21.0,3.27,1792
band1,win1920_nfauto,dog_sosnet,fginn_fm1,0.156,2.19,14,11.0,833.0,,magsac630,2376.0,53.12146676955006,1.0,8.0,magsac630,20.7,3.27,1920
band1,win2048_nfauto,dog_sosnet,fginn_fm1,0.17,2.38,14,11.0,833.0,,magsac630,2377.0,53.12146676955006,1.0,8.0,magsac630,22.0,3.27,2048
band1,win2176_nfauto,dog_sosnet,fginn_fm1,0.169,2.37,14,11.0,833.0,,magsac630,2378.0,53.12146676955006,1.0,8.0,magsac630,22.4,3.27,2176
band1,win2304_nfauto,dog_sosnet,fginn_fm1,0.16,2.24,14,11.0,833.0,,magsac630,2379.0,53.12146676955006,1.0,8.0,magsac630,20.9,3.27,2304
band1,win2432_nfauto,dog_sosnet,fginn_fm1,0.159,2.22,14,11.0,833.0,,magsac630,2380.0,53.12146676955006,1.0,8.0,magsac630,21.0,3.27,2432
band1,win2560_nfauto,dog_sosnet,fginn_fm1,0.155,2.17,14,11.0,833.0,,magsac630,2381.0,53.12146676955006,1.0,8.0,magsac630,20.9,3.27,2560
band1,win2688_nfauto,dog_sosnet,fginn_fm1,0.157,2.2,14,11.0,833.0,,magsac630,2382.0,53.12146676955006,1.0,8.0,magsac630,20.7,3.27,2688
band1,win2816_nfauto,dog_sosnet,fginn_fm1,0.154,2.16,14,11.0,833.0,,magsac630,2383.0,53.12146676955006,1.0,8.0,magsac630,20.4,3.27,2816
band1,win2944_nfauto,dog_sosnet,fginn_fm1,0.161,2.26,14,11.0,833.0,,magsac630,2384.0,53.12146676955006,1.0,8.0,magsac630,21.4,3.27,2944
band1,win3072_nfauto,dog_sosnet,fginn_fm1,0.161,2.26,14,11.0,833.0,,magsac630,2385.0,53.12146676955006,1.0,8.0,magsac630,21.0,3.27,3072
band1,win3200_nfauto,dog_sosnet,fginn_fm1,0.161,2.26,14,11.0,833.0,,magsac630,2386.0,53.12146676955006,1.0,8.0,magsac630,21.4,3.27,3200
band1,win3328_nfauto,dog_sosnet,fginn_fm1,0.16,2.24,14,11.0,833.0,,magsac630,2387.0,53.12146676955006,1.0,8.0,magsac630,21.0,3.27,3328
band1,win3456_nfauto,dog_sosnet,fginn_fm1,0.153,2.14,14,11.0,833.0,,magsac630,2388.0,53.12146676955006,1.0,8.0,magsac630,20.2,3.27,3456
band1,win3584_nfauto,dog_sosnet,fginn_fm1,0.155,2.18,14,11.0,833.0,,magsac630,2389.0,53.12146676955006,1.0,8.0,magsac630,24.6,3.27,3584
band1,win3712_nfauto,dog_sosnet,fginn_fm1,0.16,2.24,14,11.0,833.0,,magsac630,2390.0,53.12146676955006,1.0,8.0,magsac630,21.1,3.27,3712
band1,win3840_nfauto,dog_sosnet,fginn_fm1,0.157,2.19,14,11.0,833.0,,magsac630,2391.0,53.12146676955006,1.0,8.0,magsac630,20.8,3.27,3840
band1,win3968_nfauto,dog_sosnet,fginn_fm1,0.176,2.46,14,11.0,833.0,,magsac630,2392.0,53.12146676955006,1.0,8.0,magsac630,22.4,3.27,3968
band1,win4096_nfauto,dog_sosnet,fginn_fm1,0.159,2.23,14,11.0,833.0,,magsac630,2393.0,53.12146676955006,1.0,8.0,magsac630,20.8,3.27,4096
band1,win768_nfauto,gftt,smnn0.9,0.483,10.14,21,12.0,793.0,,lmeds630,2395.0,53.15830858746634,1.0,8.0,magsac630,44.5,4.7,768
band1,win768_nfauto,sift,mnn,0.105,2.21,21,12.0,1374.0,,magsac630,2396.0,53.24219476854674,1.0,8.0,lmeds630,50.7,1.72,768
band1,win512_nfauto,hessian,snn,0.146,2.48,17,10.0,548.0,,lmeds630,2397.0,53.4133836261878,1.0,8.0,magsac630,34.9,2.6,512
band1,win512_nfauto,dog_hynet,fginn_fm1,0.153,2.91,19,12.0,787.0,,magsac630,2398.0,53.57961791088648,1.0,8.0,lmeds630,26.6,2.5,512
band1,win640_nfauto,dedode_L-C4-v2_B-C4,lgm,0.173,3.63,21,15.0,2114.0,,lmeds630,2425.0,53.93198730049907,1.0,8.0,magsac630,36.0,1.44,640
band1,win1536_nfauto,dog_hardnet,nn,0.096,2.02,21,11.0,1883.0,,magsac630,2428.0,54.48144094541868,1.0,8.0,magsac630,32.0,4.94,1536
band1,win896_nfauto,dog_hynet,smnn0.9,0.151,3.02,20,11.0,1094.0,,lmeds630,2429.0,54.59658166914008,1.0,8.0,magsac630,24.1,4.49,896
band1,win1024_nfauto,dog_hynet,smnn0.9,0.159,3.17,20,11.0,1094.0,,lmeds630,2430.0,54.59658166914008,1.0,8.0,magsac630,25.4,4.49,1024
band1,win1152_nfauto,dog_hynet,smnn0.9,0.15,2.99,20,11.0,1094.0,,lmeds630,2431.0,54.59658166914008,1.0,8.0,magsac630,23.5,4.49,1152
band1,win1280_nfauto,dog_hynet,smnn0.9,0.15,2.99,20,11.0,1094.0,,lmeds630,2432.0,54.59658166914008,1.0,8.0,magsac630,23.9,4.49,1280
band1,win1408_nfauto,dog_hynet,smnn0.9,0.149,2.99,20,11.0,1094.0,,lmeds630,2433.0,54.59658166914008,1.0,8.0,magsac630,24.0,4.49,1408
band1,win1536_nfauto,dog_hynet,smnn0.9,0.146,2.92,20,11.0,1094.0,,lmeds630,2434.0,54.59658166914008,1.0,8.0,magsac630,23.4,4.49,1536
band1,win1664_nfauto,dog_hynet,smnn0.9,0.151,3.02,20,11.0,1094.0,,lmeds630,2435.0,54.59658166914008,1.0,8.0,magsac630,24.1,4.49,1664
band1,win1792_nfauto,dog_hynet,smnn0.9,0.152,3.04,20,11.0,1094.0,,lmeds630,2436.0,54.59658166914008,1.0,8.0,magsac630,24.3,4.49,1792
band1,win1920_nfauto,dog_hynet,smnn0.9,0.152,3.04,20,11.0,1094.0,,lmeds630,2437.0,54.59658166914008,1.0,8.0,magsac630,24.0,4.49,1920
band1,win2048_nfauto,dog_hynet,smnn0.9,0.156,3.12,20,11.0,1094.0,,lmeds630,2438.0,54.59658166914008,1.0,8.0,magsac630,25.4,4.49,2048
band1,win2176_nfauto,dog_hynet,smnn0.9,0.159,3.19,20,11.0,1094.0,,lmeds630,2439.0,54.59658166914008,1.0,8.0,magsac630,25.7,4.49,2176
band1,win2304_nfauto,dog_hynet,smnn0.9,0.151,3.02,20,11.0,1094.0,,lmeds630,2440.0,54.59658166914008,1.0,8.0,magsac630,24.2,4.49,2304
band1,win2432_nfauto,dog_hynet,smnn0.9,0.151,3.01,20,11.0,1094.0,,lmeds630,2441.0,54.59658166914008,1.0,8.0,magsac630,23.9,4.49,2432
band1,win2560_nfauto,dog_hynet,smnn0.9,0.146,2.92,20,11.0,1094.0,,lmeds630,2442.0,54.59658166914008,1.0,8.0,magsac630,23.5,4.49,2560
band1,win2688_nfauto,dog_hynet,smnn0.9,0.153,3.05,20,11.0,1094.0,,lmeds630,2443.0,54.59658166914008,1.0,8.0,magsac630,24.2,4.49,2688
band1,win2816_nfauto,dog_hynet,smnn0.9,0.148,2.96,20,11.0,1094.0,,lmeds630,2444.0,54.59658166914008,1.0,8.0,magsac630,23.6,4.49,2816
band1,win2944_nfauto,dog_hynet,smnn0.9,0.153,3.07,20,11.0,1094.0,,lmeds630,2445.0,54.59658166914008,1.0,8.0,magsac630,24.4,4.49,2944
band1,win3072_nfauto,dog_hynet,smnn0.9,0.151,3.03,20,11.0,1094.0,,lmeds630,2446.0,54.59658166914008,1.0,8.0,magsac630,24.2,4.49,3072
band1,win3200_nfauto,dog_hynet,smnn0.9,0.154,3.08,20,11.0,1094.0,,lmeds630,2447.0,54.59658166914008,1.0,8.0,magsac630,24.7,4.49,3200
band1,win3328_nfauto,dog_hynet,smnn0.9,0.15,3.01,20,11.0,1094.0,,lmeds630,2448.0,54.59658166914008,1.0,8.0,magsac630,24.0,4.49,3328
band1,win3456_nfauto,dog_hynet,smnn0.9,0.146,2.92,20,11.0,1094.0,,lmeds630,2449.0,54.59658166914008,1.0,8.0,magsac630,23.4,4.49,3456
band1,win3584_nfauto,dog_hynet,smnn0.9,0.148,2.95,20,11.0,1094.0,,lmeds630,2450.0,54.59658166914008,1.0,8.0,magsac630,24.4,4.49,3584
band1,win3712_nfauto,dog_hynet,smnn0.9,0.149,2.98,20,11.0,1094.0,,lmeds630,2451.0,54.59658166914008,1.0,8.0,magsac630,24.9,4.49,3712
band1,win3840_nfauto,dog_hynet,smnn0.9,0.15,3.0,20,11.0,1094.0,,lmeds630,2452.0,54.59658166914008,1.0,8.0,magsac630,23.8,4.49,3840
band1,win3968_nfauto,dog_hynet,smnn0.9,0.166,3.32,20,11.0,1094.0,,lmeds630,2453.0,54.59658166914008,1.0,8.0,magsac630,26.5,4.49,3968
band1,win4096_nfauto,dog_hynet,smnn0.9,0.15,3.01,20,11.0,1094.0,,lmeds630,2454.0,54.59658166914008,1.0,8.0,magsac630,24.0,4.49,4096
band1,win512_nfauto,dog_hardnet,snn,0.101,2.12,21,9.0,722.0,,lmeds630,2455.0,54.88596227290079,1.0,8.0,lmeds630,39.9,2.76,512
band1,win896_nfauto,sift,fginn_fm1,0.128,2.05,16,10.0,1113.0,,lmeds630,2456.0,55.20201543487173,1.0,8.0,lmeds630,47.2,1.72,896
band1,win1024_nfauto,sift,fginn_fm1,0.142,2.27,16,10.0,1113.0,,lmeds630,2457.0,55.20201543487173,1.0,8.0,lmeds630,46.9,1.72,1024
band1,win1152_nfauto,sift,fginn_fm1,0.147,2.36,16,10.0,1113.0,,lmeds630,2458.0,55.20201543487173,1.0,8.0,lmeds630,46.4,1.72,1152
band1,win1280_nfauto,sift,fginn_fm1,0.135,2.15,16,10.0,1113.0,,lmeds630,2459.0,55.20201543487173,1.0,8.0,lmeds630,46.4,1.72,1280
band1,win1408_nfauto,sift,fginn_fm1,0.12,1.92,16,10.0,1113.0,,lmeds630,2460.0,55.20201543487173,1.0,8.0,lmeds630,43.5,1.72,1408
band1,win1536_nfauto,sift,fginn_fm1,0.119,1.9,16,10.0,1113.0,,lmeds630,2461.0,55.20201543487173,1.0,8.0,lmeds630,42.9,1.72,1536
band1,win1664_nfauto,sift,fginn_fm1,0.124,1.99,16,10.0,1113.0,,lmeds630,2462.0,55.20201543487173,1.0,8.0,lmeds630,43.4,1.72,1664
band1,win1792_nfauto,sift,fginn_fm1,0.129,2.06,16,10.0,1113.0,,lmeds630,2463.0,55.20201543487173,1.0,8.0,lmeds630,44.2,1.72,1792
band1,win1920_nfauto,sift,fginn_fm1,0.128,2.05,16,10.0,1113.0,,lmeds630,2464.0,55.20201543487173,1.0,8.0,lmeds630,43.7,1.72,1920
band1,win2048_nfauto,sift,fginn_fm1,0.122,1.94,16,10.0,1113.0,,lmeds630,2465.0,55.20201543487173,1.0,8.0,lmeds630,43.3,1.72,2048
band1,win2176_nfauto,sift,fginn_fm1,0.129,2.07,16,10.0,1113.0,,lmeds630,2466.0,55.20201543487173,1.0,8.0,lmeds630,44.5,1.72,2176
band1,win2304_nfauto,sift,fginn_fm1,0.127,2.03,16,10.0,1113.0,,lmeds630,2467.0,55.20201543487173,1.0,8.0,lmeds630,43.8,1.72,2304
band1,win2432_nfauto,sift,fginn_fm1,0.123,1.98,16,10.0,1113.0,,lmeds630,2468.0,55.20201543487173,1.0,8.0,lmeds630,43.5,1.72,2432
band1,win2560_nfauto,sift,fginn_fm1,0.121,1.93,16,10.0,1113.0,,lmeds630,2469.0,55.20201543487173,1.0,8.0,lmeds630,43.2,1.72,2560
band1,win2688_nfauto,sift,fginn_fm1,0.126,2.02,16,10.0,1113.0,,lmeds630,2470.0,55.20201543487173,1.0,8.0,lmeds630,43.6,1.72,2688
band1,win2816_nfauto,sift,fginn_fm1,0.139,2.22,16,10.0,1113.0,,lmeds630,2471.0,55.20201543487173,1.0,8.0,lmeds630,46.1,1.72,2816
band1,win2944_nfauto,sift,fginn_fm1,0.146,2.34,16,10.0,1113.0,,lmeds630,2472.0,55.20201543487173,1.0,8.0,lmeds630,46.4,1.72,2944
band1,win3072_nfauto,sift,fginn_fm1,0.125,2.0,16,10.0,1113.0,,lmeds630,2473.0,55.20201543487173,1.0,8.0,lmeds630,43.7,1.72,3072
band1,win3200_nfauto,sift,fginn_fm1,0.147,2.36,16,10.0,1113.0,,lmeds630,2474.0,55.20201543487173,1.0,8.0,lmeds630,46.3,1.72,3200
band1,win3328_nfauto,sift,fginn_fm1,0.125,2.01,16,10.0,1113.0,,lmeds630,2475.0,55.20201543487173,1.0,8.0,lmeds630,44.1,1.72,3328
band1,win3456_nfauto,sift,fginn_fm1,0.12,1.92,16,10.0,1113.0,,lmeds630,2476.0,55.20201543487173,1.0,8.0,lmeds630,43.1,1.72,3456
band1,win3584_nfauto,sift,fginn_fm1,0.118,1.89,16,10.0,1113.0,,lmeds630,2477.0,55.20201543487173,1.0,8.0,lmeds630,43.4,1.72,3584
band1,win3712_nfauto,sift,fginn_fm1,0.145,2.32,16,10.0,1113.0,,lmeds630,2478.0,55.20201543487173,1.0,8.0,lmeds630,47.5,1.72,3712
band1,win3840_nfauto,sift,fginn_fm1,0.125,2.0,16,10.0,1113.0,,lmeds630,2479.0,55.20201543487173,1.0,8.0,lmeds630,43.8,1.72,3840
band1,win3968_nfauto,sift,fginn_fm1,0.144,2.31,16,10.0,1113.0,,lmeds630,2480.0,55.20201543487173,1.0,8.0,lmeds630,46.1,1.72,3968
band1,win4096_nfauto,sift,fginn_fm1,0.126,2.01,16,10.0,1113.0,,lmeds630,2481.0,55.20201543487173,1.0,8.0,lmeds630,44.1,1.72,4096
band1,win1280_nfauto,dedode_L-C4_G-C4,lgm,0.358,6.09,17,10.0,358.0,,lmeds630,2509.0,55.60031141569811,1.0,8.0,lmeds630,67.7,25.67,1280
band1,win384_nfauto,sift,snn,0.097,3.1,32,14.0,773.0,,magsac630,2510.0,55.61460577732643,1.0,8.0,magsac630,63.0,1.72,384
band1,win640_nfauto,hessian,mnn,0.112,2.34,21,14.0,1670.0,,magsac630,2537.0,56.58992480769152,1.0,8.0,lmeds630,36.9,4.24,640
band1,win256_nfauto,dog_sosnet,fginn_fm1,0.105,4.91,47,25.0,873.0,,magsac630,2565.0,57.50877797138547,1.0,8.0,magsac630,41.3,0.94,256
band1,win2944_nfauto,imw-rdd-dense,internal,1.783,16.05,9,6.0,921.0,,lmeds630,2567.0,58.192763320697445,1.0,8.0,magsac630,26.4,32.65,2944
band1,win1024_nfauto,dedode_L-C4_G-C4,lgm,0.346,5.88,17,11.0,410.0,,lmeds630,2594.0,59.26858715176645,1.0,8.0,lmeds630,63.2,25.67,1024
band1,win640_nfauto,gftt,smnn0.9,0.557,11.69,21,11.0,834.0,,lmeds630,2595.0,59.33170420968207,1.0,8.0,magsac630,43.3,4.23,640
band1,win1408_nfauto,dedode_L-C4_G-C4,lgm,0.35,6.3,18,10.0,348.0,,lmeds630,2596.0,59.71865842960892,1.0,8.0,magsac630,75.4,25.67,1408
band1,win256_nfauto,sift,snn,0.105,4.71,45,25.0,841.0,,magsac630,2597.0,59.89996741039854,1.0,8.0,magsac630,80.2,1.72,256
band1,win256_nfauto,sift,fginn_fm1,0.1,4.78,48,27.0,1182.0,,lmeds630,2624.0,60.91130605116497,1.0,8.0,lmeds630,80.2,1.72,256
band1,win768_nfauto,dog_hynet,fginn_fm1,0.182,2.74,15,11.0,878.0,,lmeds630,2626.0,61.07224602469346,1.0,8.0,lmeds630,24.9,4.49,768
band1,win896_nfauto,sift,mnn,0.097,2.03,21,12.0,1391.0,,magsac630,2627.0,61.08642456846759,1.0,8.0,lmeds630,47.2,1.72,896
band1,win1024_nfauto,sift,mnn,0.107,2.25,21,12.0,1391.0,,magsac630,2628.0,61.08642456846759,1.0,8.0,lmeds630,46.9,1.72,1024
band1,win1152_nfauto,sift,mnn,0.111,2.34,21,12.0,1391.0,,magsac630,2629.0,61.08642456846759,1.0,8.0,lmeds630,46.4,1.72,1152
band1,win1280_nfauto,sift,mnn,0.103,2.17,21,12.0,1391.0,,magsac630,2630.0,61.08642456846759,1.0,8.0,lmeds630,46.4,1.72,1280
band1,win1408_nfauto,sift,mnn,0.092,1.92,21,12.0,1391.0,,magsac630,2631.0,61.08642456846759,1.0,8.0,lmeds630,43.5,1.72,1408
band1,win1536_nfauto,sift,mnn,0.09,1.89,21,12.0,1391.0,,magsac630,2632.0,61.08642456846759,1.0,8.0,lmeds630,42.9,1.72,1536
band1,win1664_nfauto,sift,mnn,0.094,1.98,21,12.0,1391.0,,magsac630,2633.0,61.08642456846759,1.0,8.0,lmeds630,43.4,1.72,1664
band1,win1792_nfauto,sift,mnn,0.097,2.04,21,12.0,1391.0,,magsac630,2634.0,61.08642456846759,1.0,8.0,lmeds630,44.2,1.72,1792
band1,win1920_nfauto,sift,mnn,0.098,2.06,21,12.0,1391.0,,magsac630,2635.0,61.08642456846759,1.0,8.0,lmeds630,43.7,1.72,1920
band1,win2048_nfauto,sift,mnn,0.092,1.94,21,12.0,1391.0,,magsac630,2636.0,61.08642456846759,1.0,8.0,lmeds630,43.3,1.72,2048
band1,win2176_nfauto,sift,mnn,0.098,2.06,21,12.0,1391.0,,magsac630,2637.0,61.08642456846759,1.0,8.0,lmeds630,44.5,1.72,2176
band1,win2304_nfauto,sift,mnn,0.097,2.03,21,12.0,1391.0,,magsac630,2638.0,61.08642456846759,1.0,8.0,lmeds630,43.8,1.72,2304
band1,win2432_nfauto,sift,mnn,0.093,1.95,21,12.0,1391.0,,magsac630,2639.0,61.08642456846759,1.0,8.0,lmeds630,43.5,1.72,2432
band1,win2560_nfauto,sift,mnn,0.092,1.92,21,12.0,1391.0,,magsac630,2640.0,61.08642456846759,1.0,8.0,lmeds630,43.2,1.72,2560
band1,win2688_nfauto,sift,mnn,0.096,2.01,21,12.0,1391.0,,magsac630,2641.0,61.08642456846759,1.0,8.0,lmeds630,43.6,1.72,2688
band1,win2816_nfauto,sift,mnn,0.104,2.19,21,12.0,1391.0,,magsac630,2642.0,61.08642456846759,1.0,8.0,lmeds630,46.1,1.72,2816
band1,win2944_nfauto,sift,mnn,0.111,2.33,21,12.0,1391.0,,magsac630,2643.0,61.08642456846759,1.0,8.0,lmeds630,46.4,1.72,2944
band1,win3072_nfauto,sift,mnn,0.095,1.99,21,12.0,1391.0,,magsac630,2644.0,61.08642456846759,1.0,8.0,lmeds630,43.7,1.72,3072
band1,win3200_nfauto,sift,mnn,0.112,2.35,21,12.0,1391.0,,magsac630,2645.0,61.08642456846759,1.0,8.0,lmeds630,46.3,1.72,3200
band1,win3328_nfauto,sift,mnn,0.094,1.98,21,12.0,1391.0,,magsac630,2646.0,61.08642456846759,1.0,8.0,lmeds630,44.1,1.72,3328
band1,win3456_nfauto,sift,mnn,0.091,1.92,21,12.0,1391.0,,magsac630,2647.0,61.08642456846759,1.0,8.0,lmeds630,43.1,1.72,3456
band1,win3584_nfauto,sift,mnn,0.09,1.88,21,12.0,1391.0,,magsac630,2648.0,61.08642456846759,1.0,8.0,lmeds630,43.4,1.72,3584
band1,win3712_nfauto,sift,mnn,0.111,2.33,21,12.0,1391.0,,magsac630,2649.0,61.08642456846759,1.0,8.0,lmeds630,47.5,1.72,3712
band1,win3840_nfauto,sift,mnn,0.095,1.99,21,12.0,1391.0,,magsac630,2650.0,61.08642456846759,1.0,8.0,lmeds630,43.8,1.72,3840
band1,win3968_nfauto,sift,mnn,0.11,2.3,21,12.0,1391.0,,magsac630,2651.0,61.08642456846759,1.0,8.0,lmeds630,46.1,1.72,3968
band1,win4096_nfauto,sift,mnn,0.096,2.02,21,12.0,1391.0,,magsac630,2652.0,61.08642456846759,1.0,8.0,lmeds630,44.1,1.72,4096
band1,win512_nfauto,imw-omniglue,internal,8.152,65.21,8,6.0,407.0,,lmeds630,2653.0,61.16782634265939,1.0,8.0,magsac630,148.2,0.02,512
band1,win512_nfauto,dog_sosnet,fginn_fm1,0.139,2.5,18,12.0,841.0,,magsac630,2654.0,61.98208390072568,1.0,8.0,lmeds630,22.6,0.98,512
band1,win768_nfauto,dog_hynet,smnn0.9,0.153,3.07,20,11.0,1101.0,,lmeds630,2655.0,62.22523129695668,1.0,8.0,lmeds630,24.9,4.49,768
band1,win1280_nfauto,imw-rdd-dense,internal,1.794,16.15,9,6.0,924.0,,lmeds630,2656.0,62.696071042008505,1.0,8.0,magsac630,26.0,32.65,1280
band1,win512_nfauto,gftt,fginn_fm1,0.175,3.14,18,10.0,746.0,,lmeds630,2657.0,62.8652981696494,1.0,8.0,lmeds630,44.9,2.57,512
band1,win768_nfauto,gftt,snn,0.176,2.64,15,10.0,389.0,,lmeds630,2658.0,62.945755771916886,1.0,8.0,lmeds630,44.5,4.7,768
band1,win256_nfauto,disk_epipolar,snn,0.061,2.63,43,24.0,2166.0,,lmeds630,2659.0,63.43889691610813,1.0,8.0,lmeds630,33.4,5.22,256
band1,win640_nfauto,dog_hynet,smnn0.9,0.14,2.8,20,12.0,1114.0,,lmeds630,2660.0,63.87725522623664,1.0,8.0,magsac630,22.7,4.26,640
band1,win896_nfauto,dog_hardnet,smnn0.9,0.241,4.81,20,12.0,1245.0,,lmeds630,2714.0,65.74627104362685,1.0,8.0,lmeds630,34.9,4.94,896
band1,win1024_nfauto,dog_hardnet,smnn0.9,0.247,4.94,20,12.0,1245.0,,lmeds630,2715.0,65.74627104362685,1.0,8.0,lmeds630,33.7,4.94,1024
band1,win1152_nfauto,dog_hardnet,smnn0.9,0.236,4.73,20,12.0,1245.0,,lmeds630,2716.0,65.74627104362685,1.0,8.0,lmeds630,31.9,4.94,1152
band1,win1280_nfauto,dog_hardnet,smnn0.9,0.241,4.81,20,12.0,1245.0,,lmeds630,2717.0,65.74627104362685,1.0,8.0,lmeds630,32.3,4.94,1280
band1,win1408_nfauto,dog_hardnet,smnn0.9,0.244,4.87,20,12.0,1245.0,,lmeds630,2718.0,65.74627104362685,1.0,8.0,lmeds630,32.4,4.94,1408
band1,win1536_nfauto,dog_hardnet,smnn0.9,0.239,4.77,20,12.0,1245.0,,lmeds630,2719.0,65.74627104362685,1.0,8.0,lmeds630,32.0,4.94,1536
band1,win1664_nfauto,dog_hardnet,smnn0.9,0.241,4.82,20,12.0,1245.0,,lmeds630,2720.0,65.74627104362685,1.0,8.0,lmeds630,32.5,4.94,1664
band1,win1792_nfauto,dog_hardnet,smnn0.9,0.248,4.95,20,12.0,1245.0,,lmeds630,2721.0,65.74627104362685,1.0,8.0,lmeds630,33.0,4.94,1792
band1,win1920_nfauto,dog_hardnet,smnn0.9,0.241,4.82,20,12.0,1245.0,,lmeds630,2722.0,65.74627104362685,1.0,8.0,lmeds630,32.2,4.94,1920
band1,win2048_nfauto,dog_hardnet,smnn0.9,0.247,4.95,20,12.0,1245.0,,lmeds630,2723.0,65.74627104362685,1.0,8.0,lmeds630,33.6,4.94,2048
band1,win2176_nfauto,dog_hardnet,smnn0.9,0.248,4.96,20,12.0,1245.0,,lmeds630,2724.0,65.74627104362685,1.0,8.0,lmeds630,34.4,4.94,2176
band1,win2304_nfauto,dog_hardnet,smnn0.9,0.243,4.86,20,12.0,1245.0,,lmeds630,2725.0,65.74627104362685,1.0,8.0,lmeds630,32.6,4.94,2304
band1,win2432_nfauto,dog_hardnet,smnn0.9,0.241,4.81,20,12.0,1245.0,,lmeds630,2726.0,65.74627104362685,1.0,8.0,lmeds630,32.3,4.94,2432
band1,win2560_nfauto,dog_hardnet,smnn0.9,0.26,5.19,20,12.0,1245.0,,lmeds630,2727.0,65.74627104362685,1.0,8.0,lmeds630,35.7,4.94,2560
band1,win2688_nfauto,dog_hardnet,smnn0.9,0.249,4.99,20,12.0,1245.0,,lmeds630,2728.0,65.74627104362685,1.0,8.0,lmeds630,33.5,4.94,2688
band1,win2816_nfauto,dog_hardnet,smnn0.9,0.238,4.77,20,12.0,1245.0,,lmeds630,2729.0,65.74627104362685,1.0,8.0,lmeds630,31.9,4.94,2816
band1,win2944_nfauto,dog_hardnet,smnn0.9,0.245,4.89,20,12.0,1245.0,,lmeds630,2730.0,65.74627104362685,1.0,8.0,lmeds630,32.6,4.94,2944
band1,win3072_nfauto,dog_hardnet,smnn0.9,0.242,4.84,20,12.0,1245.0,,lmeds630,2731.0,65.74627104362685,1.0,8.0,lmeds630,32.4,4.94,3072
band1,win3200_nfauto,dog_hardnet,smnn0.9,0.248,4.97,20,12.0,1245.0,,lmeds630,2732.0,65.74627104362685,1.0,8.0,lmeds630,32.9,4.94,3200
band1,win3328_nfauto,dog_hardnet,smnn0.9,0.243,4.86,20,12.0,1245.0,,lmeds630,2733.0,65.74627104362685,1.0,8.0,lmeds630,32.4,4.94,3328
band1,win3456_nfauto,dog_hardnet,smnn0.9,0.239,4.79,20,12.0,1245.0,,lmeds630,2734.0,65.74627104362685,1.0,8.0,lmeds630,32.1,4.94,3456
band1,win3584_nfauto,dog_hardnet,smnn0.9,0.242,4.85,20,12.0,1245.0,,lmeds630,2735.0,65.74627104362685,1.0,8.0,lmeds630,32.6,4.94,3584
band1,win3712_nfauto,dog_hardnet,smnn0.9,0.25,4.99,20,12.0,1245.0,,lmeds630,2736.0,65.74627104362685,1.0,8.0,lmeds630,33.7,4.94,3712
band1,win3840_nfauto,dog_hardnet,smnn0.9,0.242,4.83,20,12.0,1245.0,,lmeds630,2737.0,65.74627104362685,1.0,8.0,lmeds630,32.3,4.94,3840
band1,win3968_nfauto,dog_hardnet,smnn0.9,0.258,5.16,20,12.0,1245.0,,lmeds630,2738.0,65.74627104362685,1.0,8.0,lmeds630,34.5,4.94,3968
band1,win4096_nfauto,dog_hardnet,smnn0.9,0.244,4.88,20,12.0,1245.0,,lmeds630,2739.0,65.74627104362685,1.0,8.0,lmeds630,32.2,4.94,4096
band1,win640_nfauto,gftt,snn,0.166,2.49,15,9.0,407.0,,lmeds630,2741.0,66.59130576022217,1.0,8.0,lmeds630,43.3,4.23,640
band1,win640_nfauto,dog_hynet,snn,0.167,2.5,15,9.0,450.0,,magsac630,2768.0,67.27215483657271,1.0,8.0,magsac630,22.7,4.26,640
band1,win768_nfauto,dog_sosnet,fginn_fm1,0.168,2.35,14,11.0,819.0,,magsac630,2770.0,67.47803639187586,1.0,8.0,lmeds630,22.2,3.27,768
band1,win896_nfauto,hessian,snn,0.139,2.35,17,9.0,626.0,,lmeds630,2771.0,67.93910472410697,1.0,8.0,lmeds630,48.2,6.36,896
band1,win1024_nfauto,hessian,snn,0.152,2.58,17,9.0,626.0,,lmeds630,2772.0,67.93910472410697,1.0,8.0,lmeds630,50.8,6.36,1024
band1,win1152_nfauto,hessian,snn,0.129,2.19,17,9.0,626.0,,lmeds630,2773.0,67.93910472410697,1.0,8.0,lmeds630,47.6,6.36,1152
band1,win1280_nfauto,hessian,snn,0.133,2.26,17,9.0,626.0,,lmeds630,2774.0,67.93910472410697,1.0,8.0,lmeds630,48.2,6.36,1280
band1,win1408_nfauto,hessian,snn,0.123,2.08,17,9.0,626.0,,lmeds630,2775.0,67.93910472410697,1.0,8.0,lmeds630,46.9,6.36,1408
band1,win1536_nfauto,hessian,snn,0.136,2.31,17,9.0,626.0,,lmeds630,2776.0,67.93910472410697,1.0,8.0,lmeds630,47.9,6.36,1536
band1,win1664_nfauto,hessian,snn,0.141,2.39,17,9.0,626.0,,lmeds630,2777.0,67.93910472410697,1.0,8.0,lmeds630,50.5,6.36,1664
band1,win1792_nfauto,hessian,snn,0.142,2.41,17,9.0,626.0,,lmeds630,2778.0,67.93910472410697,1.0,8.0,lmeds630,48.7,6.36,1792
band1,win1920_nfauto,hessian,snn,0.128,2.18,17,9.0,626.0,,lmeds630,2779.0,67.93910472410697,1.0,8.0,lmeds630,47.4,6.36,1920
band1,win2048_nfauto,hessian,snn,0.147,2.5,17,9.0,626.0,,lmeds630,2780.0,67.93910472410697,1.0,8.0,lmeds630,49.4,6.36,2048
band1,win2176_nfauto,hessian,snn,0.148,2.51,17,9.0,626.0,,lmeds630,2781.0,67.93910472410697,1.0,8.0,lmeds630,49.5,6.36,2176
band1,win2304_nfauto,hessian,snn,0.162,2.75,17,9.0,626.0,,lmeds630,2782.0,67.93910472410697,1.0,8.0,lmeds630,51.6,6.36,2304
band1,win2432_nfauto,hessian,snn,0.136,2.31,17,9.0,626.0,,lmeds630,2783.0,67.93910472410697,1.0,8.0,lmeds630,48.1,6.36,2432
band1,win2560_nfauto,hessian,snn,0.126,2.15,17,9.0,626.0,,lmeds630,2784.0,67.93910472410697,1.0,8.0,lmeds630,48.3,6.36,2560
band1,win2688_nfauto,hessian,snn,0.129,2.19,17,9.0,626.0,,lmeds630,2785.0,67.93910472410697,1.0,8.0,lmeds630,48.2,6.36,2688
band1,win2816_nfauto,hessian,snn,0.131,2.23,17,9.0,626.0,,lmeds630,2786.0,67.93910472410697,1.0,8.0,lmeds630,47.4,6.36,2816
band1,win2944_nfauto,hessian,snn,0.141,2.39,17,9.0,626.0,,lmeds630,2787.0,67.93910472410697,1.0,8.0,lmeds630,48.6,6.36,2944
band1,win3072_nfauto,hessian,snn,0.139,2.37,17,9.0,626.0,,lmeds630,2788.0,67.93910472410697,1.0,8.0,lmeds630,48.6,6.36,3072
band1,win3200_nfauto,hessian,snn,0.135,2.3,17,9.0,626.0,,lmeds630,2789.0,67.93910472410697,1.0,8.0,lmeds630,49.1,6.36,3200
band1,win3328_nfauto,hessian,snn,0.132,2.24,17,9.0,626.0,,lmeds630,2790.0,67.93910472410697,1.0,8.0,lmeds630,48.3,6.36,3328
band1,win3456_nfauto,hessian,snn,0.125,2.13,17,9.0,626.0,,lmeds630,2791.0,67.93910472410697,1.0,8.0,lmeds630,47.1,6.36,3456
band1,win3584_nfauto,hessian,snn,0.128,2.18,17,9.0,626.0,,lmeds630,2792.0,67.93910472410697,1.0,8.0,lmeds630,48.0,6.36,3584
band1,win3712_nfauto,hessian,snn,0.136,2.31,17,9.0,626.0,,lmeds630,2793.0,67.93910472410697,1.0,8.0,lmeds630,48.3,6.36,3712
band1,win3840_nfauto,hessian,snn,0.143,2.44,17,9.0,626.0,,lmeds630,2794.0,67.93910472410697,1.0,8.0,lmeds630,49.5,6.36,3840
band1,win3968_nfauto,hessian,snn,0.133,2.27,17,9.0,626.0,,lmeds630,2795.0,67.93910472410697,1.0,8.0,lmeds630,48.0,6.36,3968
band1,win4096_nfauto,hessian,snn,0.137,2.33,17,9.0,626.0,,lmeds630,2796.0,67.93910472410697,1.0,8.0,lmeds630,48.0,6.36,4096
band1,win256_nfauto,dog_sosnet,smnn0.9,0.119,7.88,66,28.0,1235.0,,lmeds630,2799.0,69.49390230273043,1.0,8.0,lmeds630,41.3,0.94,256
band1,win1536_nfauto,dog_hynet,nn,0.133,2.8,21,11.0,1457.0,,magsac630,2800.0,69.49714605415195,1.0,8.0,magsac630,23.4,4.49,1536
band1,win768_nfauto,gftt,mnn,0.128,2.7,21,11.0,893.0,,magsac630,2830.0,70.64277907372744,1.0,8.0,magsac630,44.5,4.7,768
band1,win640_nfauto,hessian,snn,0.129,2.2,17,9.0,612.0,,lmeds630,2832.0,72.75400602213756,1.0,8.0,lmeds630,36.9,4.24,640
band1,win512_nfauto,disk_depth,fginn_fm1,0.105,2.1,20,6.0,1175.0,,lmeds630,2833.0,72.83251968455143,1.0,8.0,magsac630,30.5,12.89,512
band1,win768_nfauto,dog_hardnet,smnn0.9,0.281,5.63,20,12.0,1268.0,,lmeds630,2836.0,73.27254436017341,1.0,8.0,magsac630,33.2,4.94,768
band1,win768_nfauto,gftt,nn,0.135,2.84,21,10.0,926.0,,magsac630,2837.0,73.81079127745807,1.0,8.0,magsac630,44.5,4.7,768
band1,win896_nfauto,dog_sosnet,snn,0.171,2.23,13,11.0,518.0,,magsac630,2838.0,74.17768781418287,1.0,8.0,lmeds630,20.9,3.27,896
band1,win1024_nfauto,dog_sosnet,snn,0.183,2.38,13,11.0,518.0,,magsac630,2839.0,74.17768781418287,1.0,8.0,lmeds630,22.1,3.27,1024
band1,win1152_nfauto,dog_sosnet,snn,0.164,2.13,13,11.0,518.0,,magsac630,2840.0,74.17768781418287,1.0,8.0,lmeds630,20.3,3.27,1152
band1,win1280_nfauto,dog_sosnet,snn,0.181,2.35,13,11.0,518.0,,magsac630,2841.0,74.17768781418287,1.0,8.0,lmeds630,22.2,3.27,1280
band1,win1408_nfauto,dog_sosnet,snn,0.165,2.15,13,11.0,518.0,,magsac630,2842.0,74.17768781418287,1.0,8.0,lmeds630,20.8,3.27,1408
band1,win1536_nfauto,dog_sosnet,snn,0.165,2.14,13,11.0,518.0,,magsac630,2843.0,74.17768781418287,1.0,8.0,lmeds630,20.4,3.27,1536
band1,win1664_nfauto,dog_sosnet,snn,0.171,2.23,13,11.0,518.0,,magsac630,2844.0,74.17768781418287,1.0,8.0,lmeds630,21.0,3.27,1664
band1,win1792_nfauto,dog_sosnet,snn,0.172,2.23,13,11.0,518.0,,magsac630,2845.0,74.17768781418287,1.0,8.0,lmeds630,21.0,3.27,1792
band1,win1920_nfauto,dog_sosnet,snn,0.167,2.18,13,11.0,518.0,,magsac630,2846.0,74.17768781418287,1.0,8.0,lmeds630,20.7,3.27,1920
band1,win2048_nfauto,dog_sosnet,snn,0.181,2.36,13,11.0,518.0,,magsac630,2847.0,74.17768781418287,1.0,8.0,lmeds630,22.0,3.27,2048
band1,win2176_nfauto,dog_sosnet,snn,0.181,2.36,13,11.0,518.0,,magsac630,2848.0,74.17768781418287,1.0,8.0,lmeds630,22.4,3.27,2176
band1,win2304_nfauto,dog_sosnet,snn,0.171,2.23,13,11.0,518.0,,magsac630,2849.0,74.17768781418287,1.0,8.0,lmeds630,20.9,3.27,2304
band1,win2432_nfauto,dog_sosnet,snn,0.17,2.21,13,11.0,518.0,,magsac630,2850.0,74.17768781418287,1.0,8.0,lmeds630,21.0,3.27,2432
band1,win2560_nfauto,dog_sosnet,snn,0.165,2.15,13,11.0,518.0,,magsac630,2851.0,74.17768781418287,1.0,8.0,lmeds630,20.9,3.27,2560
band1,win2688_nfauto,dog_sosnet,snn,0.169,2.19,13,11.0,518.0,,magsac630,2852.0,74.17768781418287,1.0,8.0,lmeds630,20.7,3.27,2688
band1,win2816_nfauto,dog_sosnet,snn,0.166,2.15,13,11.0,518.0,,magsac630,2853.0,74.17768781418287,1.0,8.0,lmeds630,20.4,3.27,2816
band1,win2944_nfauto,dog_sosnet,snn,0.173,2.24,13,11.0,518.0,,magsac630,2854.0,74.17768781418287,1.0,8.0,lmeds630,21.4,3.27,2944
band1,win3072_nfauto,dog_sosnet,snn,0.172,2.23,13,11.0,518.0,,magsac630,2855.0,74.17768781418287,1.0,8.0,lmeds630,21.0,3.27,3072
band1,win3200_nfauto,dog_sosnet,snn,0.173,2.25,13,11.0,518.0,,magsac630,2856.0,74.17768781418287,1.0,8.0,lmeds630,21.4,3.27,3200
band1,win3328_nfauto,dog_sosnet,snn,0.171,2.23,13,11.0,518.0,,magsac630,2857.0,74.17768781418287,1.0,8.0,lmeds630,21.0,3.27,3328
band1,win3456_nfauto,dog_sosnet,snn,0.163,2.12,13,11.0,518.0,,magsac630,2858.0,74.17768781418287,1.0,8.0,lmeds630,20.2,3.27,3456
band1,win3584_nfauto,dog_sosnet,snn,0.166,2.16,13,11.0,518.0,,magsac630,2859.0,74.17768781418287,1.0,8.0,lmeds630,24.6,3.27,3584
band1,win3712_nfauto,dog_sosnet,snn,0.171,2.23,13,11.0,518.0,,magsac630,2860.0,74.17768781418287,1.0,8.0,lmeds630,21.1,3.27,3712
band1,win3840_nfauto,dog_sosnet,snn,0.167,2.17,13,11.0,518.0,,magsac630,2861.0,74.17768781418287,1.0,8.0,lmeds630,20.8,3.27,3840
band1,win3968_nfauto,dog_sosnet,snn,0.186,2.41,13,11.0,518.0,,magsac630,2862.0,74.17768781418287,1.0,8.0,lmeds630,22.4,3.27,3968
band1,win4096_nfauto,dog_sosnet,snn,0.17,2.21,13,11.0,518.0,,magsac630,2863.0,74.17768781418287,1.0,8.0,lmeds630,20.8,3.27,4096
band1,win768_nfauto,dog_hardnet,snn,0.132,1.85,14,9.0,721.0,,lmeds630,2865.0,75.35695221404345,1.0,8.0,lmeds630,33.2,4.94,768
band1,win896_nfauto,dog_hardnet,snn,0.133,1.86,14,9.0,708.0,,lmeds630,2866.0,75.70482442691333,1.0,8.0,lmeds630,34.9,4.94,896
band1,win1024_nfauto,dog_hardnet,snn,0.142,1.99,14,9.0,708.0,,lmeds630,2867.0,75.70482442691333,1.0,8.0,lmeds630,33.7,4.94,1024
band1,win1152_nfauto,dog_hardnet,snn,0.125,1.75,14,9.0,708.0,,lmeds630,2868.0,75.70482442691333,1.0,8.0,lmeds630,31.9,4.94,1152
band1,win1280_nfauto,dog_hardnet,snn,0.131,1.83,14,9.0,708.0,,lmeds630,2869.0,75.70482442691333,1.0,8.0,lmeds630,32.3,4.94,1280
band1,win1408_nfauto,dog_hardnet,snn,0.127,1.78,14,9.0,708.0,,lmeds630,2870.0,75.70482442691333,1.0,8.0,lmeds630,32.4,4.94,1408
band1,win1536_nfauto,dog_hardnet,snn,0.127,1.78,14,9.0,708.0,,lmeds630,2871.0,75.70482442691333,1.0,8.0,lmeds630,32.0,4.94,1536
band1,win1664_nfauto,dog_hardnet,snn,0.132,1.85,14,9.0,708.0,,lmeds630,2872.0,75.70482442691333,1.0,8.0,lmeds630,32.5,4.94,1664
band1,win1792_nfauto,dog_hardnet,snn,0.137,1.92,14,9.0,708.0,,lmeds630,2873.0,75.70482442691333,1.0,8.0,lmeds630,33.0,4.94,1792
band1,win1920_nfauto,dog_hardnet,snn,0.13,1.83,14,9.0,708.0,,lmeds630,2874.0,75.70482442691333,1.0,8.0,lmeds630,32.2,4.94,1920
band1,win2048_nfauto,dog_hardnet,snn,0.142,1.98,14,9.0,708.0,,lmeds630,2875.0,75.70482442691333,1.0,8.0,lmeds630,33.6,4.94,2048
band1,win2176_nfauto,dog_hardnet,snn,0.142,1.99,14,9.0,708.0,,lmeds630,2876.0,75.70482442691333,1.0,8.0,lmeds630,34.4,4.94,2176
band1,win2304_nfauto,dog_hardnet,snn,0.132,1.85,14,9.0,708.0,,lmeds630,2877.0,75.70482442691333,1.0,8.0,lmeds630,32.6,4.94,2304
band1,win2432_nfauto,dog_hardnet,snn,0.132,1.84,14,9.0,708.0,,lmeds630,2878.0,75.70482442691333,1.0,8.0,lmeds630,32.3,4.94,2432
band1,win2560_nfauto,dog_hardnet,snn,0.143,2.0,14,9.0,708.0,,lmeds630,2879.0,75.70482442691333,1.0,8.0,lmeds630,35.7,4.94,2560
band1,win2688_nfauto,dog_hardnet,snn,0.136,1.91,14,9.0,708.0,,lmeds630,2880.0,75.70482442691333,1.0,8.0,lmeds630,33.5,4.94,2688
band1,win2816_nfauto,dog_hardnet,snn,0.127,1.78,14,9.0,708.0,,lmeds630,2881.0,75.70482442691333,1.0,8.0,lmeds630,31.9,4.94,2816
band1,win2944_nfauto,dog_hardnet,snn,0.133,1.87,14,9.0,708.0,,lmeds630,2882.0,75.70482442691333,1.0,8.0,lmeds630,32.6,4.94,2944
band1,win3072_nfauto,dog_hardnet,snn,0.133,1.86,14,9.0,708.0,,lmeds630,2883.0,75.70482442691333,1.0,8.0,lmeds630,32.4,4.94,3072
band1,win3200_nfauto,dog_hardnet,snn,0.134,1.88,14,9.0,708.0,,lmeds630,2884.0,75.70482442691333,1.0,8.0,lmeds630,32.9,4.94,3200
band1,win3328_nfauto,dog_hardnet,snn,0.13,1.82,14,9.0,708.0,,lmeds630,2885.0,75.70482442691333,1.0,8.0,lmeds630,32.4,4.94,3328
band1,win3456_nfauto,dog_hardnet,snn,0.125,1.75,14,9.0,708.0,,lmeds630,2886.0,75.70482442691333,1.0,8.0,lmeds630,32.1,4.94,3456
band1,win3584_nfauto,dog_hardnet,snn,0.131,1.83,14,9.0,708.0,,lmeds630,2887.0,75.70482442691333,1.0,8.0,lmeds630,32.6,4.94,3584
band1,win3712_nfauto,dog_hardnet,snn,0.14,1.96,14,9.0,708.0,,lmeds630,2888.0,75.70482442691333,1.0,8.0,lmeds630,33.7,4.94,3712
band1,win3840_nfauto,dog_hardnet,snn,0.128,1.79,14,9.0,708.0,,lmeds630,2889.0,75.70482442691333,1.0,8.0,lmeds630,32.3,4.94,3840
band1,win3968_nfauto,dog_hardnet,snn,0.146,2.04,14,9.0,708.0,,lmeds630,2890.0,75.70482442691333,1.0,8.0,lmeds630,34.5,4.94,3968
band1,win4096_nfauto,dog_hardnet,snn,0.132,1.84,14,9.0,708.0,,lmeds630,2891.0,75.70482442691333,1.0,8.0,lmeds630,32.2,4.94,4096
band1,win640_nfauto,disk_depth,snn,0.154,2.16,14,9.0,1126.0,,lmeds630,2892.0,75.72313267877762,1.0,8.0,magsac630,30.1,12.89,640
band1,win256_nfauto,dog_hardnet,snn,0.102,4.51,44,20.0,704.0,,lmeds630,2893.0,76.0994476500167,1.0,8.0,magsac630,70.0,1.39,256
band1,win640_nfauto,disk_epipolar,fginn_fm1,0.136,2.17,16,11.0,1521.0,,lmeds630,2894.0,76.32598552976474,1.0,8.0,lmeds630,23.4,0.74,640
band1,win512_nfauto,keynet,fginn_fm1,0.198,4.54,23,14.0,769.0,,magsac630,2921.0,76.68237145350089,1.0,8.0,magsac630,85.7,3.11,512
band1,win384_nfauto,imw-aliked-lg-kt0p2,internal,0.297,7.14,24,19.0,2258.0,,lmeds630,2922.0,77.1261263617957,1.0,8.0,magsac630,15.4,2.18,384
band1,win768_nfauto,dog_sosnet,snn,0.18,2.34,13,11.0,510.0,,magsac630,2950.0,78.72825869409564,1.0,8.0,magsac630,22.2,3.27,768
band1,win768_nfauto,hessian,snn,0.139,2.36,17,9.0,649.0,,lmeds630,2953.0,80.36141646186431,1.0,8.0,lmeds630,48.7,6.09,768
band1,win512_nfauto,sift,smnn0.9,0.703,15.47,22,12.0,1271.0,,lmeds630,2958.0,82.71062521254234,1.0,8.0,magsac630,54.0,1.72,512
band1,win1024_nfauto,dedode_L-C4-v2_B-C4,ada,0.186,3.9,21,7.0,3818.0,,magsac630,2959.0,83.3337086258152,1.0,8.0,magsac630,42.6,2.02,1024
band1,win640_nfauto,sift,nn,0.114,2.39,21,10.0,1480.0,,magsac630,2960.0,83.39453137521967,1.0,8.0,magsac630,51.0,1.72,640
band1,win512_nfauto,gftt,snn,0.184,3.12,17,8.0,400.0,,lmeds630,2961.0,83.50937266903846,1.0,8.0,lmeds630,44.9,2.57,512
band1,win640_nfauto,dog_sosnet,snn,0.149,2.09,14,9.0,467.0,,magsac630,2962.0,83.71238172844063,1.0,8.0,magsac630,20.8,4.08,640
band1,win640_nfauto,dog_hardnet,smnn0.9,0.363,7.25,20,12.0,1273.0,,lmeds630,3018.0,85.53833089245978,1.0,8.0,magsac630,30.8,4.29,640
band1,win768_nfauto,disk_depth,snn,0.168,2.36,14,9.0,987.0,,lmeds630,3020.0,86.49596959400036,1.0,8.0,magsac630,32.8,12.89,768
band1,win3968_nfauto,disk_depth,fginn_fm1,0.166,2.5,15,10.0,1178.0,,lmeds630,3021.0,87.75014739621926,1.0,8.0,magsac630,32.5,12.89,3968
band1,win1408_nfauto,disk_depth,fginn_fm1,0.164,2.47,15,10.0,1179.0,,lmeds630,3025.0,88.29752920516847,1.0,8.0,magsac630,32.7,12.89,1408
band1,win1536_nfauto,disk_depth,fginn_fm1,0.169,2.54,15,10.0,1179.0,,lmeds630,3026.0,88.29752920516847,1.0,8.0,magsac630,33.5,12.89,1536
band1,win2816_nfauto,disk_depth,fginn_fm1,0.166,2.49,15,10.0,1179.0,,lmeds630,3027.0,88.29752920516847,1.0,8.0,magsac630,32.5,12.89,2816
band1,win896_nfauto,disk_depth,fginn_fm1,0.162,2.43,15,10.0,1177.0,,lmeds630,3028.0,88.3656424007466,1.0,8.0,magsac630,33.3,12.89,896
band1,win1152_nfauto,disk_depth,fginn_fm1,0.164,2.46,15,10.0,1177.0,,lmeds630,3029.0,88.3656424007466,1.0,8.0,magsac630,32.5,12.89,1152
band1,win1280_nfauto,disk_depth,fginn_fm1,0.164,2.46,15,10.0,1177.0,,lmeds630,3030.0,88.3656424007466,1.0,8.0,magsac630,32.3,12.89,1280
band1,win1792_nfauto,disk_depth,fginn_fm1,0.169,2.54,15,10.0,1177.0,,lmeds630,3031.0,88.3656424007466,1.0,8.0,magsac630,32.6,12.89,1792
band1,win1920_nfauto,disk_depth,fginn_fm1,0.162,2.43,15,10.0,1177.0,,lmeds630,3032.0,88.3656424007466,1.0,8.0,magsac630,32.1,12.89,1920
band1,win2048_nfauto,disk_depth,fginn_fm1,0.162,2.44,15,10.0,1177.0,,lmeds630,3033.0,88.3656424007466,1.0,8.0,magsac630,32.0,12.89,2048
band1,win2176_nfauto,disk_depth,fginn_fm1,0.165,2.47,15,10.0,1177.0,,lmeds630,3034.0,88.3656424007466,1.0,8.0,magsac630,32.6,12.89,2176
band1,win2304_nfauto,disk_depth,fginn_fm1,0.166,2.49,15,10.0,1177.0,,lmeds630,3035.0,88.3656424007466,1.0,8.0,magsac630,32.6,12.89,2304
band1,win2432_nfauto,disk_depth,fginn_fm1,0.163,2.44,15,10.0,1177.0,,lmeds630,3036.0,88.3656424007466,1.0,8.0,magsac630,32.1,12.89,2432
band1,win2560_nfauto,disk_depth,fginn_fm1,0.163,2.44,15,10.0,1177.0,,lmeds630,3037.0,88.3656424007466,1.0,8.0,magsac630,32.3,12.89,2560
band1,win2688_nfauto,disk_depth,fginn_fm1,0.164,2.46,15,10.0,1177.0,,lmeds630,3038.0,88.3656424007466,1.0,8.0,magsac630,32.6,12.89,2688
band1,win2944_nfauto,disk_depth,fginn_fm1,0.165,2.48,15,10.0,1177.0,,lmeds630,3039.0,88.3656424007466,1.0,8.0,magsac630,33.2,12.89,2944
band1,win3072_nfauto,disk_depth,fginn_fm1,0.165,2.48,15,10.0,1177.0,,lmeds630,3040.0,88.3656424007466,1.0,8.0,magsac630,32.1,12.89,3072
band1,win3200_nfauto,disk_depth,fginn_fm1,0.164,2.46,15,10.0,1177.0,,lmeds630,3041.0,88.3656424007466,1.0,8.0,magsac630,32.5,12.89,3200
band1,win3584_nfauto,disk_depth,fginn_fm1,0.167,2.51,15,10.0,1177.0,,lmeds630,3042.0,88.3656424007466,1.0,8.0,magsac630,34.6,12.89,3584
band1,win3712_nfauto,disk_depth,fginn_fm1,0.165,2.47,15,10.0,1177.0,,lmeds630,3043.0,88.3656424007466,1.0,8.0,magsac630,32.3,12.89,3712
band1,win3840_nfauto,disk_depth,fginn_fm1,0.17,2.55,15,10.0,1177.0,,lmeds630,3044.0,88.3656424007466,1.0,8.0,magsac630,33.0,12.89,3840
band1,win384_nfauto,dog_hynet,snn,0.134,3.49,26,12.0,407.0,,magsac630,3045.0,88.64314812114209,1.0,8.0,lmeds630,29.3,0.79,384
band1,win1024_nfauto,disk_depth,fginn_fm1,0.163,2.45,15,10.0,1178.0,,lmeds630,3046.0,88.96228111932464,1.0,8.0,magsac630,32.0,12.89,1024
band1,win1664_nfauto,disk_depth,fginn_fm1,0.164,2.46,15,10.0,1178.0,,lmeds630,3047.0,88.96228111932464,1.0,8.0,magsac630,32.8,12.89,1664
band1,win3328_nfauto,disk_depth,fginn_fm1,0.168,2.53,15,10.0,1178.0,,lmeds630,3048.0,88.96228111932464,1.0,8.0,magsac630,33.6,12.89,3328
band1,win3456_nfauto,disk_depth,fginn_fm1,0.164,2.46,15,10.0,1178.0,,lmeds630,3049.0,88.96228111932464,1.0,8.0,magsac630,32.1,12.89,3456
band1,win4096_nfauto,disk_depth,fginn_fm1,0.163,2.45,15,10.0,1178.0,,lmeds630,3050.0,88.96228111932464,1.0,8.0,magsac630,32.1,12.89,4096
band1,win256_nfauto,dedode_L-C4_B-C4,lgm,0.097,6.22,64,22.0,474.0,,lmeds630,3051.0,89.29209075304438,1.0,8.0,magsac630,50.8,1.44,256
band1,win256_nfauto,disk_depth,fginn_fm1,0.063,2.78,44,24.0,1861.0,,magsac630,3052.0,90.45360973716949,1.0,8.0,lmeds630,41.3,12.89,256
band1,win640_nfauto,disk_depth,fginn_fm1,0.144,2.17,15,9.0,1216.0,,lmeds630,3054.0,90.8706355272385,1.0,8.0,magsac630,30.1,12.89,640
band1,win512_nfauto,disk_depth,smnn0.9,0.201,4.62,23,14.0,2180.0,,lmeds630,3055.0,90.9545747870948,1.0,8.0,magsac630,30.5,12.89,512
band1,win256_nfauto,gftt,snn,0.172,7.21,42,19.0,469.0,,lmeds630,3056.0,91.1247807114392,1.0,8.0,magsac630,80.1,1.02,256
band1,win896_nfauto,dog_hardnet,nn,0.1,2.1,21,11.0,1869.0,,magsac630,3058.0,91.38413237904663,1.0,8.0,magsac630,34.9,4.94,896
band1,win1024_nfauto,dog_hardnet,nn,0.106,2.24,21,11.0,1869.0,,magsac630,3059.0,91.38413237904663,1.0,8.0,magsac630,33.7,4.94,1024
band1,win1152_nfauto,dog_hardnet,nn,0.097,2.03,21,11.0,1869.0,,magsac630,3060.0,91.38413237904663,1.0,8.0,magsac630,31.9,4.94,1152
band1,win1280_nfauto,dog_hardnet,nn,0.098,2.07,21,11.0,1869.0,,magsac630,3061.0,91.38413237904663,1.0,8.0,magsac630,32.3,4.94,1280
band1,win1408_nfauto,dog_hardnet,nn,0.097,2.04,21,11.0,1869.0,,magsac630,3062.0,91.38413237904663,1.0,8.0,magsac630,32.4,4.94,1408
band1,win1664_nfauto,dog_hardnet,nn,0.1,2.1,21,11.0,1869.0,,magsac630,3063.0,91.38413237904663,1.0,8.0,magsac630,32.5,4.94,1664
band1,win1792_nfauto,dog_hardnet,nn,0.103,2.17,21,11.0,1869.0,,magsac630,3064.0,91.38413237904663,1.0,8.0,magsac630,33.0,4.94,1792
band1,win1920_nfauto,dog_hardnet,nn,0.098,2.05,21,11.0,1869.0,,magsac630,3065.0,91.38413237904663,1.0,8.0,magsac630,32.2,4.94,1920
band1,win2048_nfauto,dog_hardnet,nn,0.107,2.24,21,11.0,1869.0,,magsac630,3066.0,91.38413237904663,1.0,8.0,magsac630,33.6,4.94,2048
band1,win2176_nfauto,dog_hardnet,nn,0.107,2.25,21,11.0,1869.0,,magsac630,3067.0,91.38413237904663,1.0,8.0,magsac630,34.4,4.94,2176
band1,win2304_nfauto,dog_hardnet,nn,0.1,2.1,21,11.0,1869.0,,magsac630,3068.0,91.38413237904663,1.0,8.0,magsac630,32.6,4.94,2304
band1,win2432_nfauto,dog_hardnet,nn,0.099,2.07,21,11.0,1869.0,,magsac630,3069.0,91.38413237904663,1.0,8.0,magsac630,32.3,4.94,2432
band1,win2560_nfauto,dog_hardnet,nn,0.108,2.28,21,11.0,1869.0,,magsac630,3070.0,91.38413237904663,1.0,8.0,magsac630,35.7,4.94,2560
band1,win2688_nfauto,dog_hardnet,nn,0.106,2.22,21,11.0,1869.0,,magsac630,3071.0,91.38413237904663,1.0,8.0,magsac630,33.5,4.94,2688
band1,win2816_nfauto,dog_hardnet,nn,0.097,2.04,21,11.0,1869.0,,magsac630,3072.0,91.38413237904663,1.0,8.0,magsac630,31.9,4.94,2816
band1,win2944_nfauto,dog_hardnet,nn,0.1,2.11,21,11.0,1869.0,,magsac630,3073.0,91.38413237904663,1.0,8.0,magsac630,32.6,4.94,2944
band1,win3072_nfauto,dog_hardnet,nn,0.101,2.11,21,11.0,1869.0,,magsac630,3074.0,91.38413237904663,1.0,8.0,magsac630,32.4,4.94,3072
band1,win3200_nfauto,dog_hardnet,nn,0.102,2.15,21,11.0,1869.0,,magsac630,3075.0,91.38413237904663,1.0,8.0,magsac630,32.9,4.94,3200
band1,win3328_nfauto,dog_hardnet,nn,0.099,2.07,21,11.0,1869.0,,magsac630,3076.0,91.38413237904663,1.0,8.0,magsac630,32.4,4.94,3328
band1,win3456_nfauto,dog_hardnet,nn,0.099,2.09,21,11.0,1869.0,,magsac630,3077.0,91.38413237904663,1.0,8.0,magsac630,32.1,4.94,3456
band1,win3584_nfauto,dog_hardnet,nn,0.099,2.09,21,11.0,1869.0,,magsac630,3078.0,91.38413237904663,1.0,8.0,magsac630,32.6,4.94,3584
band1,win3712_nfauto,dog_hardnet,nn,0.106,2.23,21,11.0,1869.0,,magsac630,3079.0,91.38413237904663,1.0,8.0,magsac630,33.7,4.94,3712
band1,win3840_nfauto,dog_hardnet,nn,0.097,2.04,21,11.0,1869.0,,magsac630,3080.0,91.38413237904663,1.0,8.0,magsac630,32.3,4.94,3840
band1,win3968_nfauto,dog_hardnet,nn,0.111,2.33,21,11.0,1869.0,,magsac630,3081.0,91.38413237904663,1.0,8.0,magsac630,34.5,4.94,3968
band1,win4096_nfauto,dog_hardnet,nn,0.099,2.09,21,11.0,1869.0,,magsac630,3082.0,91.38413237904663,1.0,8.0,magsac630,32.2,4.94,4096
band1,win1408_nfauto,disk_depth,snn,0.174,2.44,14,9.0,1062.0,,lmeds630,3083.0,92.39990661019296,1.0,8.0,magsac630,32.7,12.89,1408
band1,win1536_nfauto,disk_depth,snn,0.179,2.5,14,9.0,1062.0,,lmeds630,3084.0,92.39990661019296,1.0,8.0,magsac630,33.5,12.89,1536
band1,win2816_nfauto,disk_depth,snn,0.175,2.45,14,9.0,1062.0,,lmeds630,3085.0,92.39990661019296,1.0,8.0,magsac630,32.5,12.89,2816
band1,win1024_nfauto,disk_depth,snn,0.173,2.42,14,9.0,1062.0,,lmeds630,3086.0,92.39990661020028,1.0,8.0,magsac630,32.0,12.89,1024
band1,win1664_nfauto,disk_depth,snn,0.173,2.42,14,9.0,1062.0,,lmeds630,3087.0,92.39990661020028,1.0,8.0,magsac630,32.8,12.89,1664
band1,win3328_nfauto,disk_depth,snn,0.178,2.49,14,9.0,1062.0,,lmeds630,3088.0,92.39990661020028,1.0,8.0,magsac630,33.6,12.89,3328
band1,win3456_nfauto,disk_depth,snn,0.174,2.44,14,9.0,1062.0,,lmeds630,3089.0,92.39990661020028,1.0,8.0,magsac630,32.1,12.89,3456
band1,win4096_nfauto,disk_depth,snn,0.173,2.42,14,9.0,1062.0,,lmeds630,3090.0,92.39990661020028,1.0,8.0,magsac630,32.1,12.89,4096
band1,win384_nfauto,sift,smnn0.9,0.512,18.94,37,16.0,1164.0,,lmeds630,3091.0,92.97342983619129,1.0,8.0,lmeds630,63.0,1.72,384
band1,win512_nfauto,disk_depth,snn,0.116,2.09,18,5.0,1066.0,,lmeds630,3092.0,93.04704583218088,1.0,8.0,magsac630,30.5,12.89,512
band1,win896_nfauto,disk_epipolar,fginn_fm1,0.144,2.44,17,11.0,1571.0,,lmeds630,3093.0,93.2121997022201,1.0,8.0,magsac630,25.6,0.76,896
band1,win1024_nfauto,disk_epipolar,fginn_fm1,0.145,2.46,17,11.0,1571.0,,lmeds630,3094.0,93.2121997022201,1.0,8.0,magsac630,25.6,0.76,1024
band1,win1152_nfauto,disk_epipolar,fginn_fm1,0.146,2.48,17,11.0,1571.0,,lmeds630,3095.0,93.2121997022201,1.0,8.0,magsac630,26.6,0.76,1152
band1,win1280_nfauto,disk_epipolar,fginn_fm1,0.146,2.48,17,11.0,1571.0,,lmeds630,3096.0,93.2121997022201,1.0,8.0,magsac630,25.9,0.76,1280
band1,win1408_nfauto,disk_epipolar,fginn_fm1,0.151,2.57,17,11.0,1571.0,,lmeds630,3097.0,93.2121997022201,1.0,8.0,magsac630,27.5,0.76,1408
band1,win1536_nfauto,disk_epipolar,fginn_fm1,0.147,2.5,17,11.0,1571.0,,lmeds630,3098.0,93.2121997022201,1.0,8.0,magsac630,26.1,0.76,1536
band1,win1664_nfauto,disk_epipolar,fginn_fm1,0.144,2.45,17,11.0,1571.0,,lmeds630,3099.0,93.2121997022201,1.0,8.0,magsac630,25.7,0.76,1664
band1,win1792_nfauto,disk_epipolar,fginn_fm1,0.144,2.46,17,11.0,1571.0,,lmeds630,3100.0,93.2121997022201,1.0,8.0,magsac630,25.6,0.76,1792
band1,win1920_nfauto,disk_epipolar,fginn_fm1,0.146,2.49,17,11.0,1571.0,,lmeds630,3101.0,93.2121997022201,1.0,8.0,magsac630,27.6,0.76,1920
band1,win2048_nfauto,disk_epipolar,fginn_fm1,0.146,2.47,17,11.0,1571.0,,lmeds630,3102.0,93.2121997022201,1.0,8.0,magsac630,25.7,0.76,2048
band1,win2176_nfauto,disk_epipolar,fginn_fm1,0.146,2.48,17,11.0,1571.0,,lmeds630,3103.0,93.2121997022201,1.0,8.0,magsac630,26.4,0.76,2176
band1,win2304_nfauto,disk_epipolar,fginn_fm1,0.145,2.46,17,11.0,1571.0,,lmeds630,3104.0,93.2121997022201,1.0,8.0,magsac630,25.7,0.76,2304
band1,win2432_nfauto,disk_epipolar,fginn_fm1,0.145,2.47,17,11.0,1571.0,,lmeds630,3105.0,93.2121997022201,1.0,8.0,magsac630,25.6,0.76,2432
band1,win2560_nfauto,disk_epipolar,fginn_fm1,0.144,2.45,17,11.0,1571.0,,lmeds630,3106.0,93.2121997022201,1.0,8.0,magsac630,25.5,0.76,2560
band1,win2688_nfauto,disk_epipolar,fginn_fm1,0.149,2.53,17,11.0,1571.0,,lmeds630,3107.0,93.2121997022201,1.0,8.0,magsac630,26.5,0.76,2688
band1,win2816_nfauto,disk_epipolar,fginn_fm1,0.152,2.58,17,11.0,1571.0,,lmeds630,3108.0,93.2121997022201,1.0,8.0,magsac630,27.5,0.76,2816
band1,win2944_nfauto,disk_epipolar,fginn_fm1,0.145,2.47,17,11.0,1571.0,,lmeds630,3109.0,93.2121997022201,1.0,8.0,magsac630,26.2,0.76,2944
band1,win3072_nfauto,disk_epipolar,fginn_fm1,0.145,2.46,17,11.0,1571.0,,lmeds630,3110.0,93.2121997022201,1.0,8.0,magsac630,25.5,0.76,3072
band1,win3200_nfauto,disk_epipolar,fginn_fm1,0.146,2.49,17,11.0,1571.0,,lmeds630,3111.0,93.2121997022201,1.0,8.0,magsac630,25.9,0.76,3200
band1,win3328_nfauto,disk_epipolar,fginn_fm1,0.154,2.62,17,11.0,1571.0,,lmeds630,3112.0,93.2121997022201,1.0,8.0,magsac630,27.5,0.76,3328
band1,win3456_nfauto,disk_epipolar,fginn_fm1,0.145,2.46,17,11.0,1571.0,,lmeds630,3113.0,93.2121997022201,1.0,8.0,magsac630,25.6,0.76,3456
band1,win3584_nfauto,disk_epipolar,fginn_fm1,0.146,2.48,17,11.0,1571.0,,lmeds630,3114.0,93.2121997022201,1.0,8.0,magsac630,26.5,0.76,3584
band1,win3712_nfauto,disk_epipolar,fginn_fm1,0.145,2.46,17,11.0,1571.0,,lmeds630,3115.0,93.2121997022201,1.0,8.0,magsac630,25.6,0.76,3712
band1,win3840_nfauto,disk_epipolar,fginn_fm1,0.15,2.55,17,11.0,1571.0,,lmeds630,3116.0,93.2121997022201,1.0,8.0,magsac630,26.7,0.76,3840
band1,win3968_nfauto,disk_epipolar,fginn_fm1,0.147,2.5,17,11.0,1571.0,,lmeds630,3117.0,93.2121997022201,1.0,8.0,magsac630,26.3,0.76,3968
band1,win4096_nfauto,disk_epipolar,fginn_fm1,0.144,2.45,17,11.0,1571.0,,lmeds630,3118.0,93.2121997022201,1.0,8.0,magsac630,26.0,0.76,4096
band1,win384_nfauto,disk_depth,fginn_fm1,0.102,2.24,22,10.0,1563.0,,lmeds630,3119.0,93.27763077120728,1.0,8.0,magsac630,32.7,12.89,384
band1,win896_nfauto,disk_epipolar,snn,0.151,2.42,16,11.0,1106.0,,lmeds630,3120.0,93.27763077120966,1.0,8.0,magsac630,25.6,0.76,896
band1,win1024_nfauto,disk_epipolar,snn,0.152,2.42,16,11.0,1106.0,,lmeds630,3121.0,93.27763077120966,1.0,8.0,magsac630,25.6,0.76,1024
band1,win1152_nfauto,disk_epipolar,snn,0.153,2.45,16,11.0,1106.0,,lmeds630,3122.0,93.27763077120966,1.0,8.0,magsac630,26.6,0.76,1152
band1,win1280_nfauto,disk_epipolar,snn,0.154,2.47,16,11.0,1106.0,,lmeds630,3123.0,93.27763077120966,1.0,8.0,magsac630,25.9,0.76,1280
band1,win1408_nfauto,disk_epipolar,snn,0.159,2.55,16,11.0,1106.0,,lmeds630,3124.0,93.27763077120966,1.0,8.0,magsac630,27.5,0.76,1408
band1,win1536_nfauto,disk_epipolar,snn,0.154,2.47,16,11.0,1106.0,,lmeds630,3125.0,93.27763077120966,1.0,8.0,magsac630,26.1,0.76,1536
band1,win1664_nfauto,disk_epipolar,snn,0.151,2.42,16,11.0,1106.0,,lmeds630,3126.0,93.27763077120966,1.0,8.0,magsac630,25.7,0.76,1664
band1,win1792_nfauto,disk_epipolar,snn,0.152,2.43,16,11.0,1106.0,,lmeds630,3127.0,93.27763077120966,1.0,8.0,magsac630,25.6,0.76,1792
band1,win1920_nfauto,disk_epipolar,snn,0.153,2.45,16,11.0,1106.0,,lmeds630,3128.0,93.27763077120966,1.0,8.0,magsac630,27.6,0.76,1920
band1,win2048_nfauto,disk_epipolar,snn,0.153,2.44,16,11.0,1106.0,,lmeds630,3129.0,93.27763077120966,1.0,8.0,magsac630,25.7,0.76,2048
band1,win2176_nfauto,disk_epipolar,snn,0.153,2.45,16,11.0,1106.0,,lmeds630,3130.0,93.27763077120966,1.0,8.0,magsac630,26.4,0.76,2176
band1,win2304_nfauto,disk_epipolar,snn,0.152,2.43,16,11.0,1106.0,,lmeds630,3131.0,93.27763077120966,1.0,8.0,magsac630,25.7,0.76,2304
band1,win2432_nfauto,disk_epipolar,snn,0.153,2.45,16,11.0,1106.0,,lmeds630,3132.0,93.27763077120966,1.0,8.0,magsac630,25.6,0.76,2432
band1,win2560_nfauto,disk_epipolar,snn,0.151,2.42,16,11.0,1106.0,,lmeds630,3133.0,93.27763077120966,1.0,8.0,magsac630,25.5,0.76,2560
band1,win2688_nfauto,disk_epipolar,snn,0.156,2.5,16,11.0,1106.0,,lmeds630,3134.0,93.27763077120966,1.0,8.0,magsac630,26.5,0.76,2688
band1,win2816_nfauto,disk_epipolar,snn,0.159,2.55,16,11.0,1106.0,,lmeds630,3135.0,93.27763077120966,1.0,8.0,magsac630,27.5,0.76,2816
band1,win2944_nfauto,disk_epipolar,snn,0.154,2.46,16,11.0,1106.0,,lmeds630,3136.0,93.27763077120966,1.0,8.0,magsac630,26.2,0.76,2944
band1,win3072_nfauto,disk_epipolar,snn,0.152,2.43,16,11.0,1106.0,,lmeds630,3137.0,93.27763077120966,1.0,8.0,magsac630,25.5,0.76,3072
band1,win3200_nfauto,disk_epipolar,snn,0.154,2.46,16,11.0,1106.0,,lmeds630,3138.0,93.27763077120966,1.0,8.0,magsac630,25.9,0.76,3200
band1,win3328_nfauto,disk_epipolar,snn,0.162,2.59,16,11.0,1106.0,,lmeds630,3139.0,93.27763077120966,1.0,8.0,magsac630,27.5,0.76,3328
band1,win3456_nfauto,disk_epipolar,snn,0.152,2.43,16,11.0,1106.0,,lmeds630,3140.0,93.27763077120966,1.0,8.0,magsac630,25.6,0.76,3456
band1,win3584_nfauto,disk_epipolar,snn,0.153,2.45,16,11.0,1106.0,,lmeds630,3141.0,93.27763077120966,1.0,8.0,magsac630,26.5,0.76,3584
band1,win3712_nfauto,disk_epipolar,snn,0.152,2.44,16,11.0,1106.0,,lmeds630,3142.0,93.27763077120966,1.0,8.0,magsac630,25.6,0.76,3712
band1,win3840_nfauto,disk_epipolar,snn,0.158,2.52,16,11.0,1106.0,,lmeds630,3143.0,93.27763077120966,1.0,8.0,magsac630,26.7,0.76,3840
band1,win3968_nfauto,disk_epipolar,snn,0.154,2.47,16,11.0,1106.0,,lmeds630,3144.0,93.27763077120966,1.0,8.0,magsac630,26.3,0.76,3968
band1,win4096_nfauto,disk_epipolar,snn,0.153,2.45,16,11.0,1106.0,,lmeds630,3145.0,93.27763077120966,1.0,8.0,magsac630,26.0,0.76,4096
band1,win384_nfauto,disk_depth,snn,0.105,2.22,21,10.0,1364.0,,lmeds630,3146.0,93.277630771212,1.0,8.0,lmeds630,32.7,12.89,384
band1,win640_nfauto,disk_depth,smnn0.9,0.214,4.06,19,12.0,2316.0,,lmeds630,3147.0,93.27763077121205,1.0,8.0,lmeds630,30.1,12.89,640
band1,win640_nfauto,disk_epipolar,lgm,0.347,2.43,7,3.0,1122.0,,lmeds630,3149.0,93.27763077121205,1.0,8.0,magsac630,23.4,0.74,640
band1,win768_nfauto,disk_epipolar,snn,0.165,2.48,15,11.0,1074.0,,lmeds630,3152.0,93.27763077121924,1.0,8.0,magsac630,27.1,0.74,768
band1,win896_nfauto,dog_hynet,snn,0.191,2.67,14,8.0,506.0,,lmeds630,3153.0,93.32498591232026,1.0,8.0,magsac630,24.1,4.49,896
band1,win1024_nfauto,dog_hynet,snn,0.2,2.81,14,8.0,506.0,,lmeds630,3154.0,93.32498591232026,1.0,8.0,magsac630,25.4,4.49,1024
band1,win1152_nfauto,dog_hynet,snn,0.183,2.56,14,8.0,506.0,,lmeds630,3155.0,93.32498591232026,1.0,8.0,magsac630,23.5,4.49,1152
band1,win1280_nfauto,dog_hynet,snn,0.188,2.63,14,8.0,506.0,,lmeds630,3156.0,93.32498591232026,1.0,8.0,magsac630,23.9,4.49,1280
band1,win1408_nfauto,dog_hynet,snn,0.187,2.62,14,8.0,506.0,,lmeds630,3157.0,93.32498591232026,1.0,8.0,magsac630,24.0,4.49,1408
band1,win1536_nfauto,dog_hynet,snn,0.183,2.57,14,8.0,506.0,,lmeds630,3158.0,93.32498591232026,1.0,8.0,magsac630,23.4,4.49,1536
band1,win1664_nfauto,dog_hynet,snn,0.19,2.67,14,8.0,506.0,,lmeds630,3159.0,93.32498591232026,1.0,8.0,magsac630,24.1,4.49,1664
band1,win1792_nfauto,dog_hynet,snn,0.191,2.68,14,8.0,506.0,,lmeds630,3160.0,93.32498591232026,1.0,8.0,magsac630,24.3,4.49,1792
band1,win1920_nfauto,dog_hynet,snn,0.187,2.62,14,8.0,506.0,,lmeds630,3161.0,93.32498591232026,1.0,8.0,magsac630,24.0,4.49,1920
band1,win2048_nfauto,dog_hynet,snn,0.198,2.77,14,8.0,506.0,,lmeds630,3162.0,93.32498591232026,1.0,8.0,magsac630,25.4,4.49,2048
band1,win2176_nfauto,dog_hynet,snn,0.201,2.81,14,8.0,506.0,,lmeds630,3163.0,93.32498591232026,1.0,8.0,magsac630,25.7,4.49,2176
band1,win2304_nfauto,dog_hynet,snn,0.191,2.67,14,8.0,506.0,,lmeds630,3164.0,93.32498591232026,1.0,8.0,magsac630,24.2,4.49,2304
band1,win2432_nfauto,dog_hynet,snn,0.189,2.65,14,8.0,506.0,,lmeds630,3165.0,93.32498591232026,1.0,8.0,magsac630,23.9,4.49,2432
band1,win2560_nfauto,dog_hynet,snn,0.184,2.58,14,8.0,506.0,,lmeds630,3166.0,93.32498591232026,1.0,8.0,magsac630,23.5,4.49,2560
band1,win2688_nfauto,dog_hynet,snn,0.187,2.62,14,8.0,506.0,,lmeds630,3167.0,93.32498591232026,1.0,8.0,magsac630,24.2,4.49,2688
band1,win2816_nfauto,dog_hynet,snn,0.185,2.59,14,8.0,506.0,,lmeds630,3168.0,93.32498591232026,1.0,8.0,magsac630,23.6,4.49,2816
band1,win2944_nfauto,dog_hynet,snn,0.192,2.68,14,8.0,506.0,,lmeds630,3169.0,93.32498591232026,1.0,8.0,magsac630,24.4,4.49,2944
band1,win3072_nfauto,dog_hynet,snn,0.191,2.67,14,8.0,506.0,,lmeds630,3170.0,93.32498591232026,1.0,8.0,magsac630,24.2,4.49,3072
band1,win3200_nfauto,dog_hynet,snn,0.191,2.68,14,8.0,506.0,,lmeds630,3171.0,93.32498591232026,1.0,8.0,magsac630,24.7,4.49,3200
band1,win3328_nfauto,dog_hynet,snn,0.189,2.65,14,8.0,506.0,,lmeds630,3172.0,93.32498591232026,1.0,8.0,magsac630,24.0,4.49,3328
band1,win3456_nfauto,dog_hynet,snn,0.182,2.55,14,8.0,506.0,,lmeds630,3173.0,93.32498591232026,1.0,8.0,magsac630,23.4,4.49,3456
band1,win3584_nfauto,dog_hynet,snn,0.185,2.59,14,8.0,506.0,,lmeds630,3174.0,93.32498591232026,1.0,8.0,magsac630,24.4,4.49,3584
band1,win3712_nfauto,dog_hynet,snn,0.19,2.66,14,8.0,506.0,,lmeds630,3175.0,93.32498591232026,1.0,8.0,magsac630,24.9,4.49,3712
band1,win3840_nfauto,dog_hynet,snn,0.186,2.6,14,8.0,506.0,,lmeds630,3176.0,93.32498591232026,1.0,8.0,magsac630,23.8,4.49,3840
band1,win3968_nfauto,dog_hynet,snn,0.209,2.93,14,8.0,506.0,,lmeds630,3177.0,93.32498591232026,1.0,8.0,magsac630,26.5,4.49,3968
band1,win4096_nfauto,dog_hynet,snn,0.19,2.66,14,8.0,506.0,,lmeds630,3178.0,93.32498591232026,1.0,8.0,magsac630,24.0,4.49,4096
band1,win896_nfauto,disk_depth,snn,0.172,2.41,14,9.0,1061.0,,lmeds630,3180.0,93.42989051169695,1.0,8.0,lmeds630,33.3,12.89,896
band1,win1152_nfauto,disk_depth,snn,0.174,2.43,14,9.0,1061.0,,lmeds630,3181.0,93.42989051169695,1.0,8.0,lmeds630,32.5,12.89,1152
band1,win1280_nfauto,disk_depth,snn,0.173,2.42,14,9.0,1061.0,,lmeds630,3182.0,93.42989051169695,1.0,8.0,lmeds630,32.3,12.89,1280
band1,win1792_nfauto,disk_depth,snn,0.179,2.51,14,9.0,1061.0,,lmeds630,3183.0,93.42989051169695,1.0,8.0,lmeds630,32.6,12.89,1792
band1,win1920_nfauto,disk_depth,snn,0.173,2.42,14,9.0,1061.0,,lmeds630,3184.0,93.42989051169695,1.0,8.0,lmeds630,32.1,12.89,1920
band1,win2048_nfauto,disk_depth,snn,0.172,2.41,14,9.0,1061.0,,lmeds630,3185.0,93.42989051169695,1.0,8.0,lmeds630,32.0,12.89,2048
band1,win2176_nfauto,disk_depth,snn,0.174,2.44,14,9.0,1061.0,,lmeds630,3186.0,93.42989051169695,1.0,8.0,lmeds630,32.6,12.89,2176
band1,win2304_nfauto,disk_depth,snn,0.175,2.45,14,9.0,1061.0,,lmeds630,3187.0,93.42989051169695,1.0,8.0,lmeds630,32.6,12.89,2304
band1,win2432_nfauto,disk_depth,snn,0.173,2.42,14,9.0,1061.0,,lmeds630,3188.0,93.42989051169695,1.0,8.0,lmeds630,32.1,12.89,2432
band1,win2560_nfauto,disk_depth,snn,0.173,2.42,14,9.0,1061.0,,lmeds630,3189.0,93.42989051169695,1.0,8.0,lmeds630,32.3,12.89,2560
band1,win2688_nfauto,disk_depth,snn,0.174,2.43,14,9.0,1061.0,,lmeds630,3190.0,93.42989051169695,1.0,8.0,lmeds630,32.6,12.89,2688
band1,win2944_nfauto,disk_depth,snn,0.174,2.44,14,9.0,1061.0,,lmeds630,3191.0,93.42989051169695,1.0,8.0,lmeds630,33.2,12.89,2944
band1,win3072_nfauto,disk_depth,snn,0.173,2.43,14,9.0,1061.0,,lmeds630,3192.0,93.42989051169695,1.0,8.0,lmeds630,32.1,12.89,3072
band1,win3200_nfauto,disk_depth,snn,0.174,2.43,14,9.0,1061.0,,lmeds630,3193.0,93.42989051169695,1.0,8.0,lmeds630,32.5,12.89,3200
band1,win3584_nfauto,disk_depth,snn,0.177,2.48,14,9.0,1061.0,,lmeds630,3194.0,93.42989051169695,1.0,8.0,lmeds630,34.6,12.89,3584
band1,win3712_nfauto,disk_depth,snn,0.176,2.46,14,9.0,1061.0,,lmeds630,3195.0,93.42989051169695,1.0,8.0,lmeds630,32.3,12.89,3712
band1,win3840_nfauto,disk_depth,snn,0.18,2.52,14,9.0,1061.0,,lmeds630,3196.0,93.42989051169695,1.0,8.0,lmeds630,33.0,12.89,3840
band1,win384_nfauto,sift,fginn_fm1,0.087,3.13,36,15.0,1097.0,,lmeds630,3203.0,93.60363058233892,1.0,8.0,lmeds630,63.0,1.72,384
band1,win3968_nfauto,disk_depth,snn,0.175,2.45,14,9.0,1061.0,,lmeds630,3204.0,93.71730728983312,1.0,8.0,lmeds630,32.5,12.89,3968
band1,win640_nfauto,gftt,mnn,0.121,2.54,21,12.0,999.0,,magsac630,3208.0,93.8580183014168,1.0,8.0,magsac630,43.3,4.23,640
band1,win512_nfauto,keynet,smnn0.9,1.0,26.01,26,14.0,977.0,,lmeds630,3209.0,93.95904308095558,1.0,8.0,lmeds630,85.7,3.11,512
band1,win768_nfauto,disk_epipolar,fginn_fm1,0.157,2.51,16,11.0,1526.0,,lmeds630,3236.0,95.22310202793508,1.0,8.0,lmeds630,27.1,0.74,768
band1,win384_nfauto,disk_depth,smnn0.9,0.165,5.27,32,16.0,2553.0,,lmeds630,3241.0,95.95088078293465,1.0,8.0,lmeds630,32.7,12.89,384
band1,win384_nfauto,dedode_L-C4-v2_B-C4,snn,0.271,3.79,14,8.0,185.0,,lmeds630,3243.0,97.1521778960245,1.0,8.0,lmeds630,40.1,1.44,384
band1,win768_nfauto,dog_hynet,nn,0.142,2.98,21,11.0,1650.0,,magsac630,3244.0,97.38178207727924,1.0,8.0,magsac630,24.9,4.49,768
band1,win256_nfauto,dog_hynet,snn,0.134,5.23,39,20.0,511.0,,lmeds630,3245.0,97.41077435279828,1.0,8.0,magsac630,41.8,1.02,256
band1,win256_nfauto,disk_depth,snn,0.065,2.71,42,22.0,1618.0,,magsac630,3246.0,97.9259796409706,1.0,8.0,magsac630,41.3,12.89,256
band1,win512_nfauto,disk_epipolar,fginn_fm1,0.111,2.11,19,10.0,1350.0,,lmeds630,3248.0,98.17171301833578,1.0,8.0,lmeds630,22.9,5.41,512
band1,win768_nfauto,disk_depth,fginn_fm1,0.16,2.4,15,10.0,1088.0,,lmeds630,3249.0,98.32090133087466,1.0,8.0,magsac630,32.8,12.89,768
band1,win896_nfauto,imw-rord-nn-kt0p2,internal,0.382,6.87,18,10.0,424.0,,lmeds630,3250.0,98.51299509132772,1.0,8.0,magsac630,15.7,0.68,896
band1,win1024_nfauto,imw-rord-nn-kt0p2,internal,0.339,6.11,18,10.0,424.0,,lmeds630,3251.0,98.51299509132772,1.0,8.0,magsac630,14.4,0.68,1024
band1,win1152_nfauto,imw-rord-nn-kt0p2,internal,0.427,7.68,18,10.0,424.0,,lmeds630,3252.0,98.51299509132772,1.0,8.0,magsac630,17.5,0.68,1152
band1,win1280_nfauto,imw-rord-nn-kt0p2,internal,0.342,6.15,18,10.0,424.0,,lmeds630,3253.0,98.51299509132772,1.0,8.0,magsac630,14.6,0.68,1280
band1,win1408_nfauto,imw-rord-nn-kt0p2,internal,0.324,5.83,18,10.0,424.0,,lmeds630,3254.0,98.51299509132772,1.0,8.0,magsac630,13.8,0.68,1408
band1,win1536_nfauto,imw-rord-nn-kt0p2,internal,0.342,6.15,18,10.0,424.0,,lmeds630,3255.0,98.51299509132772,1.0,8.0,magsac630,14.4,0.68,1536
band1,win1664_nfauto,imw-rord-nn-kt0p2,internal,0.425,7.66,18,10.0,424.0,,lmeds630,3256.0,98.51299509132772,1.0,8.0,magsac630,17.2,0.68,1664
band1,win1792_nfauto,imw-rord-nn-kt0p2,internal,0.347,6.25,18,10.0,424.0,,lmeds630,3257.0,98.51299509132772,1.0,8.0,magsac630,14.6,0.68,1792
band1,win1920_nfauto,imw-rord-nn-kt0p2,internal,0.351,6.32,18,10.0,424.0,,lmeds630,3258.0,98.51299509132772,1.0,8.0,magsac630,14.7,0.68,1920
band1,win2048_nfauto,imw-rord-nn-kt0p2,internal,0.35,6.31,18,10.0,424.0,,lmeds630,3259.0,98.51299509132772,1.0,8.0,magsac630,15.1,0.68,2048
band1,win2176_nfauto,imw-rord-nn-kt0p2,internal,0.341,6.14,18,10.0,424.0,,lmeds630,3260.0,98.51299509132772,1.0,8.0,magsac630,14.5,0.68,2176
band1,win2304_nfauto,imw-rord-nn-kt0p2,internal,0.341,6.13,18,10.0,424.0,,lmeds630,3261.0,98.51299509132772,1.0,8.0,magsac630,14.7,0.68,2304
band1,win2432_nfauto,imw-rord-nn-kt0p2,internal,0.344,6.19,18,10.0,424.0,,lmeds630,3262.0,98.51299509132772,1.0,8.0,magsac630,14.6,0.68,2432
band1,win2560_nfauto,imw-rord-nn-kt0p2,internal,0.323,5.82,18,10.0,424.0,,lmeds630,3263.0,98.51299509132772,1.0,8.0,magsac630,13.9,0.68,2560
band1,win2688_nfauto,imw-rord-nn-kt0p2,internal,0.34,6.13,18,10.0,424.0,,lmeds630,3264.0,98.51299509132772,1.0,8.0,magsac630,14.3,0.68,2688
band1,win2816_nfauto,imw-rord-nn-kt0p2,internal,0.345,6.21,18,10.0,424.0,,lmeds630,3265.0,98.51299509132772,1.0,8.0,magsac630,15.1,0.68,2816
band1,win2944_nfauto,imw-rord-nn-kt0p2,internal,0.342,6.15,18,10.0,424.0,,lmeds630,3266.0,98.51299509132772,1.0,8.0,magsac630,14.4,0.68,2944
band1,win3072_nfauto,imw-rord-nn-kt0p2,internal,0.348,6.27,18,10.0,424.0,,lmeds630,3267.0,98.51299509132772,1.0,8.0,magsac630,14.5,0.68,3072
band1,win3200_nfauto,imw-rord-nn-kt0p2,internal,0.345,6.22,18,10.0,424.0,,lmeds630,3268.0,98.51299509132772,1.0,8.0,magsac630,14.8,0.68,3200
band1,win3328_nfauto,imw-rord-nn-kt0p2,internal,0.39,7.41,19,10.0,424.0,,lmeds630,3269.0,98.51299509132772,1.0,8.0,magsac630,16.3,0.68,3328
band1,win3456_nfauto,imw-rord-nn-kt0p2,internal,0.323,5.82,18,10.0,424.0,,lmeds630,3270.0,98.51299509132772,1.0,8.0,magsac630,13.8,0.68,3456
band1,win3584_nfauto,imw-rord-nn-kt0p2,internal,0.36,6.11,17,10.0,424.0,,lmeds630,3271.0,98.51299509132772,1.0,8.0,magsac630,14.4,0.68,3584
band1,win3712_nfauto,imw-rord-nn-kt0p2,internal,0.335,6.03,18,10.0,424.0,,lmeds630,3272.0,98.51299509132772,1.0,8.0,magsac630,14.2,0.68,3712
band1,win3840_nfauto,imw-rord-nn-kt0p2,internal,0.335,6.02,18,10.0,424.0,,lmeds630,3273.0,98.51299509132772,1.0,8.0,magsac630,14.2,0.68,3840
band1,win3968_nfauto,imw-rord-nn-kt0p2,internal,0.347,6.24,18,10.0,424.0,,lmeds630,3274.0,98.51299509132772,1.0,8.0,magsac630,15.2,0.68,3968
band1,win4096_nfauto,imw-rord-nn-kt0p2,internal,0.344,6.19,18,10.0,424.0,,lmeds630,3275.0,98.51299509132772,1.0,8.0,magsac630,14.4,0.68,4096
band1,win256_nfauto,dog_sosnet,snn,0.122,4.87,40,18.0,559.0,,lmeds630,3278.0,99.20629231364704,1.0,8.0,lmeds630,41.3,0.94,256
band1,win512_nfauto,imw-rord-nn-kt0p2,internal,0.251,6.28,25,10.0,432.0,,lmeds630,3297.0,99.8109814941342,1.0,8.0,lmeds630,14.7,0.68,512
band1,win640_nfauto,dog_hardnet,snn,0.124,1.74,14,10.0,526.0,,magsac630,3299.0,100.4537733146246,1.0,8.0,lmeds630,30.8,4.29,640
band1,win896_nfauto,gftt,nn,0.136,2.85,21,10.0,807.0,,magsac630,3326.0,100.5894829802219,1.0,8.0,magsac630,43.5,4.7,896
band1,win1024_nfauto,gftt,nn,0.144,3.02,21,10.0,807.0,,magsac630,3327.0,100.5894829802219,1.0,8.0,magsac630,44.6,4.7,1024
band1,win1152_nfauto,gftt,nn,0.133,2.79,21,10.0,807.0,,magsac630,3328.0,100.5894829802219,1.0,8.0,magsac630,43.1,4.7,1152
band1,win1280_nfauto,gftt,nn,0.134,2.81,21,10.0,807.0,,magsac630,3329.0,100.5894829802219,1.0,8.0,magsac630,43.3,4.7,1280
band1,win1408_nfauto,gftt,nn,0.127,2.67,21,10.0,807.0,,magsac630,3330.0,100.5894829802219,1.0,8.0,magsac630,42.3,4.7,1408
band1,win1536_nfauto,gftt,nn,0.131,2.75,21,10.0,807.0,,magsac630,3331.0,100.5894829802219,1.0,8.0,magsac630,43.0,4.7,1536
band1,win1664_nfauto,gftt,nn,0.137,2.88,21,10.0,807.0,,magsac630,3332.0,100.5894829802219,1.0,8.0,magsac630,43.6,4.7,1664
band1,win1792_nfauto,gftt,nn,0.136,2.86,21,10.0,807.0,,magsac630,3333.0,100.5894829802219,1.0,8.0,magsac630,43.6,4.7,1792
band1,win1920_nfauto,gftt,nn,0.131,2.75,21,10.0,807.0,,magsac630,3334.0,100.5894829802219,1.0,8.0,magsac630,43.1,4.7,1920
band1,win2048_nfauto,gftt,nn,0.144,3.02,21,10.0,807.0,,magsac630,3335.0,100.5894829802219,1.0,8.0,magsac630,44.5,4.7,2048
band1,win2176_nfauto,gftt,nn,0.144,3.01,21,10.0,807.0,,magsac630,3336.0,100.5894829802219,1.0,8.0,magsac630,44.4,4.7,2176
band1,win2304_nfauto,gftt,nn,0.136,2.86,21,10.0,807.0,,magsac630,3337.0,100.5894829802219,1.0,8.0,magsac630,43.6,4.7,2304
band1,win2432_nfauto,gftt,nn,0.136,2.86,21,10.0,807.0,,magsac630,3338.0,100.5894829802219,1.0,8.0,magsac630,43.4,4.7,2432
band1,win2560_nfauto,gftt,nn,0.134,2.82,21,10.0,807.0,,magsac630,3339.0,100.5894829802219,1.0,8.0,magsac630,43.3,4.7,2560
band1,win2688_nfauto,gftt,nn,0.145,3.05,21,10.0,807.0,,magsac630,3340.0,100.5894829802219,1.0,8.0,magsac630,45.2,4.7,2688
band1,win2816_nfauto,gftt,nn,0.133,2.79,21,10.0,807.0,,magsac630,3341.0,100.5894829802219,1.0,8.0,magsac630,43.1,4.7,2816
band1,win2944_nfauto,gftt,nn,0.137,2.87,21,10.0,807.0,,magsac630,3342.0,100.5894829802219,1.0,8.0,magsac630,43.7,4.7,2944
band1,win3072_nfauto,gftt,nn,0.136,2.86,21,10.0,807.0,,magsac630,3343.0,100.5894829802219,1.0,8.0,magsac630,43.5,4.7,3072
band1,win3200_nfauto,gftt,nn,0.133,2.8,21,10.0,807.0,,magsac630,3344.0,100.5894829802219,1.0,8.0,magsac630,43.7,4.7,3200
band1,win3328_nfauto,gftt,nn,0.132,2.77,21,10.0,807.0,,magsac630,3345.0,100.5894829802219,1.0,8.0,magsac630,42.9,4.7,3328
band1,win3456_nfauto,gftt,nn,0.128,2.69,21,10.0,807.0,,magsac630,3346.0,100.5894829802219,1.0,8.0,magsac630,43.0,4.7,3456
band1,win3584_nfauto,gftt,nn,0.131,2.74,21,10.0,807.0,,magsac630,3347.0,100.5894829802219,1.0,8.0,magsac630,44.5,4.7,3584
band1,win3712_nfauto,gftt,nn,0.144,3.03,21,10.0,807.0,,magsac630,3348.0,100.5894829802219,1.0,8.0,magsac630,45.8,4.7,3712
band1,win3840_nfauto,gftt,nn,0.131,2.76,21,10.0,807.0,,magsac630,3349.0,100.5894829802219,1.0,8.0,magsac630,43.1,4.7,3840
band1,win3968_nfauto,gftt,nn,0.137,2.87,21,10.0,807.0,,magsac630,3350.0,100.5894829802219,1.0,8.0,magsac630,43.6,4.7,3968
band1,win4096_nfauto,gftt,nn,0.136,2.85,21,10.0,807.0,,magsac630,3351.0,100.5894829802219,1.0,8.0,magsac630,43.3,4.7,4096
band1,win640_nfauto,keynet,smnn0.9,1.221,21.98,18,13.0,954.0,,lmeds630,3353.0,102.73339967708696,1.0,8.0,magsac630,78.8,3.89,640
band1,win256_nfauto,dog_hynet,smnn0.9,0.093,6.14,66,28.0,912.0,,magsac630,3409.0,108.0545065627899,1.0,8.0,lmeds630,41.8,1.02,256
band1,win384_nfauto,gftt,snn,0.177,4.25,24,11.0,466.0,,lmeds630,3410.0,108.35610301208784,1.0,8.0,magsac630,54.0,1.55,384
band1,win256_nfauto,imw-alike-nn-kt0p2-fm1,internal,0.056,4.99,89,33.0,819.0,,lmeds630,3411.0,108.77005137015888,1.0,8.0,magsac630,11.2,0.38,256
band1,win256_nfauto,imw-alike-nn-kt0p2,internal,0.056,5.0,89,33.0,819.0,,lmeds630,3412.0,108.77005137015888,1.0,8.0,magsac630,11.2,0.38,256
band1,win384_nfauto,dog_hynet,fginn_fm1,0.126,3.52,28,13.0,860.0,,lmeds630,3413.0,110.09058365592388,1.0,8.0,magsac630,29.3,0.79,384
band1,win384_nfauto,dog_hardnet,smnn0.9,0.384,16.5,43,22.0,1238.0,,lmeds630,3416.0,111.17483922207668,1.0,8.0,magsac630,48.5,1.56,384
band1,win512_nfauto,imw-rord-nn-kt0p2-fm1,internal,2.931,52.76,18,8.0,329.0,,lmeds630,3417.0,112.56496663059212,1.0,8.0,lmeds630,122.4,32.53,512
band1,win640_nfauto,dog_hardnet,nn,0.094,1.98,21,11.0,1779.0,,magsac630,3418.0,115.01693745346404,1.0,8.0,magsac630,30.8,4.29,640
band1,win640_nfauto,keynet,snn,0.223,3.56,16,10.0,422.0,,magsac630,3419.0,115.55136229543852,1.0,8.0,lmeds630,78.8,3.89,640
band1,win896_nfauto,keynet,snn,0.234,3.75,16,10.0,457.0,,lmeds630,3420.0,115.95130282448504,1.0,8.0,lmeds630,74.8,3.89,896
band1,win1024_nfauto,keynet,snn,0.234,3.74,16,10.0,457.0,,lmeds630,3421.0,115.95130282448504,1.0,8.0,lmeds630,75.2,3.89,1024
band1,win1152_nfauto,keynet,snn,0.23,3.69,16,10.0,457.0,,lmeds630,3422.0,115.95130282448504,1.0,8.0,lmeds630,74.5,3.89,1152
band1,win1280_nfauto,keynet,snn,0.237,3.79,16,10.0,457.0,,lmeds630,3423.0,115.95130282448504,1.0,8.0,lmeds630,75.6,3.89,1280
band1,win1408_nfauto,keynet,snn,0.222,3.56,16,10.0,457.0,,lmeds630,3424.0,115.95130282448504,1.0,8.0,lmeds630,74.9,3.89,1408
band1,win1536_nfauto,keynet,snn,0.228,3.65,16,10.0,457.0,,lmeds630,3425.0,115.95130282448504,1.0,8.0,lmeds630,74.6,3.89,1536
band1,win1664_nfauto,keynet,snn,0.235,3.76,16,10.0,457.0,,lmeds630,3426.0,115.95130282448504,1.0,8.0,lmeds630,74.9,3.89,1664
band1,win1792_nfauto,keynet,snn,0.236,3.78,16,10.0,457.0,,lmeds630,3427.0,115.95130282448504,1.0,8.0,lmeds630,75.1,3.89,1792
band1,win1920_nfauto,keynet,snn,0.232,3.71,16,10.0,457.0,,lmeds630,3428.0,115.95130282448504,1.0,8.0,lmeds630,75.0,3.89,1920
band1,win2048_nfauto,keynet,snn,0.233,3.73,16,10.0,457.0,,lmeds630,3429.0,115.95130282448504,1.0,8.0,lmeds630,77.4,3.89,2048
band1,win2176_nfauto,keynet,snn,0.231,3.7,16,10.0,457.0,,lmeds630,3430.0,115.95130282448504,1.0,8.0,lmeds630,74.6,3.89,2176
band1,win2304_nfauto,keynet,snn,0.234,3.75,16,10.0,457.0,,lmeds630,3431.0,115.95130282448504,1.0,8.0,lmeds630,75.2,3.89,2304
band1,win2432_nfauto,keynet,snn,0.235,3.75,16,10.0,457.0,,lmeds630,3432.0,115.95130282448504,1.0,8.0,lmeds630,75.0,3.89,2432
band1,win2560_nfauto,keynet,snn,0.228,3.64,16,10.0,457.0,,lmeds630,3433.0,115.95130282448504,1.0,8.0,lmeds630,74.9,3.89,2560
band1,win2688_nfauto,keynet,snn,0.262,4.2,16,10.0,457.0,,lmeds630,3434.0,115.95130282448504,1.0,8.0,lmeds630,81.5,3.89,2688
band1,win2816_nfauto,keynet,snn,0.228,3.65,16,10.0,457.0,,lmeds630,3435.0,115.95130282448504,1.0,8.0,lmeds630,75.0,3.89,2816
band1,win2944_nfauto,keynet,snn,0.235,3.77,16,10.0,457.0,,lmeds630,3436.0,115.95130282448504,1.0,8.0,lmeds630,75.1,3.89,2944
band1,win3072_nfauto,keynet,snn,0.234,3.74,16,10.0,457.0,,lmeds630,3437.0,115.95130282448504,1.0,8.0,lmeds630,74.7,3.89,3072
band1,win3200_nfauto,keynet,snn,0.225,3.6,16,10.0,457.0,,lmeds630,3438.0,115.95130282448504,1.0,8.0,lmeds630,74.7,3.89,3200
band1,win3328_nfauto,keynet,snn,0.232,3.72,16,10.0,457.0,,lmeds630,3439.0,115.95130282448504,1.0,8.0,lmeds630,75.1,3.89,3328
band1,win3456_nfauto,keynet,snn,0.224,3.59,16,10.0,457.0,,lmeds630,3440.0,115.95130282448504,1.0,8.0,lmeds630,75.4,3.89,3456
band1,win3584_nfauto,keynet,snn,0.231,3.69,16,10.0,457.0,,lmeds630,3441.0,115.95130282448504,1.0,8.0,lmeds630,75.5,3.89,3584
band1,win3712_nfauto,keynet,snn,0.23,3.68,16,10.0,457.0,,lmeds630,3442.0,115.95130282448504,1.0,8.0,lmeds630,75.2,3.89,3712
band1,win3840_nfauto,keynet,snn,0.234,3.75,16,10.0,457.0,,lmeds630,3443.0,115.95130282448504,1.0,8.0,lmeds630,77.5,3.89,3840
band1,win3968_nfauto,keynet,snn,0.267,4.28,16,10.0,457.0,,lmeds630,3444.0,115.95130282448504,1.0,8.0,lmeds630,80.8,3.89,3968
band1,win4096_nfauto,keynet,snn,0.236,3.78,16,10.0,457.0,,lmeds630,3445.0,115.95130282448504,1.0,8.0,lmeds630,75.2,3.89,4096
band1,win896_nfauto,dedode_L-C4_B-C4,smnn0.9,0.964,9.64,10,5.0,84.0,,lmeds630,3446.0,115.9715501100961,1.0,8.0,magsac630,46.2,32.88,896
band1,win512_nfauto,dog_sosnet,smnn0.9,0.124,3.23,26,13.0,1254.0,,lmeds630,3447.0,116.07262430883408,1.0,8.0,magsac630,22.6,0.98,512
band1,win512_nfauto,keynet,snn,0.237,4.5,19,9.0,505.0,,lmeds630,3448.0,116.2525770666228,1.0,8.0,magsac630,85.7,3.11,512
band1,win384_nfauto,dog_hynet,smnn0.9,0.092,3.68,40,20.0,1065.0,,lmeds630,3451.0,117.30606143454094,1.0,8.0,magsac630,29.3,0.79,384
band1,win384_nfauto,keynet,fginn_fm1,0.201,6.64,33,13.0,1081.0,,lmeds630,3452.0,117.54716387946335,1.0,8.0,magsac630,110.8,3.11,384
band1,win512_nfauto,keynet,ada,0.192,4.79,25,19.0,3656.0,,lmeds630,3453.0,117.56654149625336,1.0,8.0,magsac630,85.7,3.11,512
band1,win640_nfauto,dedode_L-C4-v2_G-C4,smnn0.9,0.63,8.2,13,7.0,190.0,,lmeds630,3454.0,118.595095540402,2.0,8.0,magsac630,58.0,25.7,640
band1,win768_nfauto,sift,nn,0.118,2.49,21,11.0,1325.0,,magsac630,3455.0,119.2308836257199,1.0,8.0,magsac630,50.7,1.72,768
band1,win640_nfauto,keynet,fginn_fm1,0.2,3.61,18,11.0,890.0,,lmeds630,3457.0,119.7954638162232,1.0,8.0,lmeds630,78.8,3.89,640
band1,win1536_nfauto,dedode_L-C4_B-C4,lgm,0.277,4.71,17,10.0,4681.0,,lmeds630,3458.0,120.06644227547493,1.0,8.0,lmeds630,51.1,7.79,1536
band1,win1664_nfauto,dedode_L-C4_B-C4,lgm,0.277,4.71,17,10.0,4895.0,,lmeds630,3459.0,120.06644227547493,1.0,8.0,lmeds630,50.3,8.14,1664
band1,win3200_nfauto,dedode_L-C4_B-C4,lgm,0.294,5.0,17,10.0,5019.0,,lmeds630,3461.0,120.06644227547493,1.0,8.0,lmeds630,52.8,8.24,3200
band1,win3584_nfauto,dedode_L-C4_B-C4,lgm,0.293,4.98,17,10.0,5019.0,,lmeds630,3463.0,120.06644227547493,1.0,8.0,lmeds630,54.3,8.24,3584
band1,win512_nfauto,dog_hynet,smnn0.9,0.143,3.72,26,13.0,1150.0,,lmeds630,3469.0,122.58788627409253,1.0,8.0,magsac630,26.6,2.5,512
band1,win2304_nfauto,imw-liftfeat-nn-kt0p2,internal,0.264,5.54,21,19.0,1694.0,,lmeds630,3470.0,122.86183388796616,1.0,8.0,magsac630,16.3,3.2,2304
band1,win896_nfauto,dedode_L-C4_G-C4,lgm,0.365,5.84,16,10.0,410.0,,lmeds630,3471.0,124.8691425457198,1.0,8.0,lmeds630,63.7,25.66,896
band1,win384_nfauto,imw-rdd-dense,internal,0.625,8.76,14,12.0,1427.0,,lmeds630,3474.0,126.2969652252998,1.0,8.0,lmeds630,18.4,8.65,384
band1,win640_nfauto,dedode_L-C4-v2_B-upright,ada,0.162,3.41,21,9.0,1260.0,,magsac630,3479.0,127.19630436626996,1.0,8.0,lmeds630,42.1,32.88,640
band1,win768_nfauto,keynet,snn,0.231,3.69,16,10.0,464.0,,lmeds630,3480.0,128.2986526230347,1.0,8.0,lmeds630,76.7,3.89,768
band1,win256_nfauto,imw-alike-nn-kt0p2-fm1-fsp1,internal,0.075,6.69,89,36.0,906.0,,lmeds630,3481.0,129.1909937331465,1.0,8.0,magsac630,14.4,2.14,256
band1,win256_nfauto,imw-alike-nn-kt0p2-fsp1,internal,0.057,5.04,89,36.0,906.0,,lmeds630,3482.0,129.1909937331465,1.0,8.0,magsac630,11.3,0.38,256
band1,win1152_nfauto,dedode_L-C4_B-C4,lgm,0.252,4.29,17,11.0,2958.0,,lmeds630,3483.0,129.9505802292135,1.0,8.0,lmeds630,44.2,2.93,1152
band1,win384_nfauto,dog_sosnet,fginn_fm1,0.117,3.16,27,15.0,781.0,,magsac630,3484.0,130.08823123029003,1.0,8.0,magsac630,27.3,1.41,384
band1,win3072_nfauto,imw-liftfeat-nn-kt0p2,internal,0.261,5.47,21,19.0,1690.0,,lmeds630,3485.0,130.3534543043388,1.0,8.0,magsac630,14.2,3.2,3072
band1,win384_nfauto,dedode_L-C4-v2_B-C4,smnn0.9,0.163,3.9,24,11.0,367.0,,lmeds630,3489.0,132.3341494115739,1.0,8.0,magsac630,40.1,1.44,384
band1,win384_nfauto,gftt,fginn_fm1,0.135,4.3,32,12.0,907.0,,lmeds630,3491.0,132.95251799866014,1.0,8.0,lmeds630,54.0,1.55,384
band1,win384_nfauto,dog_sosnet,snn,0.124,3.11,25,11.0,530.0,,lmeds630,3493.0,135.46365104968936,1.0,8.0,magsac630,27.3,1.41,384
band1,win512_nfauto,disk_epipolar,snn,0.116,2.09,18,9.0,1053.0,,lmeds630,3500.0,136.92436294688903,1.0,8.0,magsac630,22.9,5.41,512
band1,win384_nfauto,gftt,smnn0.9,0.477,17.63,37,14.0,906.0,,lmeds630,3501.0,137.32394645305274,1.0,8.0,lmeds630,54.0,1.55,384
band1,win256_nfauto,hessian,snn,0.131,4.97,38,21.0,618.0,,lmeds630,3502.0,137.44275944246257,1.0,8.0,lmeds630,65.4,1.15,256
band1,win896_nfauto,keynet,smnn0.9,0.949,17.08,18,12.0,859.0,,lmeds630,3505.0,139.1989848308273,1.0,8.0,magsac630,74.8,3.89,896
band1,win1024_nfauto,keynet,smnn0.9,0.951,17.11,18,12.0,859.0,,lmeds630,3506.0,139.1989848308273,1.0,8.0,magsac630,75.2,3.89,1024
band1,win1152_nfauto,keynet,smnn0.9,0.945,17.01,18,12.0,859.0,,lmeds630,3507.0,139.1989848308273,1.0,8.0,magsac630,74.5,3.89,1152
band1,win1280_nfauto,keynet,smnn0.9,0.956,17.21,18,12.0,859.0,,lmeds630,3508.0,139.1989848308273,1.0,8.0,magsac630,75.6,3.89,1280
band1,win1408_nfauto,keynet,smnn0.9,0.959,17.26,18,12.0,859.0,,lmeds630,3509.0,139.1989848308273,1.0,8.0,magsac630,74.9,3.89,1408
band1,win1536_nfauto,keynet,smnn0.9,0.956,17.21,18,12.0,859.0,,lmeds630,3510.0,139.1989848308273,1.0,8.0,magsac630,74.6,3.89,1536
band1,win1664_nfauto,keynet,smnn0.9,0.944,17.0,18,12.0,859.0,,lmeds630,3511.0,139.1989848308273,1.0,8.0,magsac630,74.9,3.89,1664
band1,win1792_nfauto,keynet,smnn0.9,0.949,17.08,18,12.0,859.0,,lmeds630,3512.0,139.1989848308273,1.0,8.0,magsac630,75.1,3.89,1792
band1,win1920_nfauto,keynet,smnn0.9,0.949,17.09,18,12.0,859.0,,lmeds630,3513.0,139.1989848308273,1.0,8.0,magsac630,75.0,3.89,1920
band1,win2048_nfauto,keynet,smnn0.9,0.948,17.06,18,12.0,859.0,,lmeds630,3514.0,139.1989848308273,1.0,8.0,magsac630,77.4,3.89,2048
band1,win2176_nfauto,keynet,smnn0.9,0.946,17.03,18,12.0,859.0,,lmeds630,3515.0,139.1989848308273,1.0,8.0,magsac630,74.6,3.89,2176
band1,win2304_nfauto,keynet,smnn0.9,0.958,17.24,18,12.0,859.0,,lmeds630,3516.0,139.1989848308273,1.0,8.0,magsac630,75.2,3.89,2304
band1,win2432_nfauto,keynet,smnn0.9,0.949,17.09,18,12.0,859.0,,lmeds630,3517.0,139.1989848308273,1.0,8.0,magsac630,75.0,3.89,2432
band1,win2560_nfauto,keynet,smnn0.9,0.95,17.11,18,12.0,859.0,,lmeds630,3518.0,139.1989848308273,1.0,8.0,magsac630,74.9,3.89,2560
band1,win2688_nfauto,keynet,smnn0.9,1.016,18.29,18,12.0,859.0,,lmeds630,3519.0,139.1989848308273,1.0,8.0,magsac630,81.5,3.89,2688
band1,win2816_nfauto,keynet,smnn0.9,0.954,17.17,18,12.0,859.0,,lmeds630,3520.0,139.1989848308273,1.0,8.0,magsac630,75.0,3.89,2816
band1,win2944_nfauto,keynet,smnn0.9,0.948,17.07,18,12.0,859.0,,lmeds630,3521.0,139.1989848308273,1.0,8.0,magsac630,75.1,3.89,2944
band1,win3072_nfauto,keynet,smnn0.9,0.946,17.03,18,12.0,859.0,,lmeds630,3522.0,139.1989848308273,1.0,8.0,magsac630,74.7,3.89,3072
band1,win3200_nfauto,keynet,smnn0.9,0.947,17.05,18,12.0,859.0,,lmeds630,3523.0,139.1989848308273,1.0,8.0,magsac630,74.7,3.89,3200
band1,win3328_nfauto,keynet,smnn0.9,0.947,17.04,18,12.0,859.0,,lmeds630,3524.0,139.1989848308273,1.0,8.0,magsac630,75.1,3.89,3328
band1,win3456_nfauto,keynet,smnn0.9,0.958,17.24,18,12.0,859.0,,lmeds630,3525.0,139.1989848308273,1.0,8.0,magsac630,75.4,3.89,3456
band1,win3584_nfauto,keynet,smnn0.9,0.957,17.22,18,12.0,859.0,,lmeds630,3526.0,139.1989848308273,1.0,8.0,magsac630,75.5,3.89,3584
band1,win3712_nfauto,keynet,smnn0.9,0.957,17.22,18,12.0,859.0,,lmeds630,3527.0,139.1989848308273,1.0,8.0,magsac630,75.2,3.89,3712
band1,win3840_nfauto,keynet,smnn0.9,0.954,17.18,18,12.0,859.0,,lmeds630,3528.0,139.1989848308273,1.0,8.0,magsac630,77.5,3.89,3840
band1,win3968_nfauto,keynet,smnn0.9,0.988,17.79,18,12.0,859.0,,lmeds630,3529.0,139.1989848308273,1.0,8.0,magsac630,80.8,3.89,3968
band1,win4096_nfauto,keynet,smnn0.9,0.955,17.19,18,12.0,859.0,,lmeds630,3530.0,139.1989848308273,1.0,8.0,magsac630,75.2,3.89,4096
band1,win384_nfauto,dog_sosnet,smnn0.9,0.103,4.32,42,21.0,1170.0,,lmeds630,3531.0,139.32925338562143,1.0,8.0,lmeds630,27.3,1.41,384
band1,win384_nfauto,hessian,smnn0.9,0.328,12.8,39,17.0,990.0,,lmeds630,3532.0,141.18927283593433,1.0,8.0,lmeds630,40.0,1.55,384
band1,win640_nfauto,keynet,ada,0.212,3.81,18,13.0,2669.0,,lmeds630,3535.0,144.5186657486948,2.0,8.0,lmeds630,78.8,3.89,640
band1,win896_nfauto,keynet,ada,0.22,3.97,18,13.0,2482.0,,lmeds630,3537.0,145.21919537528666,1.0,8.0,lmeds630,74.8,3.89,896
band1,win1024_nfauto,keynet,ada,0.22,3.97,18,13.0,2482.0,,lmeds630,3538.0,145.21919537528666,1.0,8.0,lmeds630,75.2,3.89,1024
band1,win1152_nfauto,keynet,ada,0.213,3.83,18,13.0,2482.0,,lmeds630,3539.0,145.21919537528666,1.0,8.0,lmeds630,74.5,3.89,1152
band1,win1280_nfauto,keynet,ada,0.223,4.02,18,13.0,2482.0,,lmeds630,3540.0,145.21919537528666,1.0,8.0,lmeds630,75.6,3.89,1280
band1,win1408_nfauto,keynet,ada,0.21,3.77,18,13.0,2482.0,,lmeds630,3541.0,145.21919537528666,1.0,8.0,lmeds630,74.9,3.89,1408
band1,win1536_nfauto,keynet,ada,0.218,3.92,18,13.0,2482.0,,lmeds630,3542.0,145.21919537528666,1.0,8.0,lmeds630,74.6,3.89,1536
band1,win1664_nfauto,keynet,ada,0.221,3.98,18,13.0,2482.0,,lmeds630,3543.0,145.21919537528666,1.0,8.0,lmeds630,74.9,3.89,1664
band1,win1792_nfauto,keynet,ada,0.222,4.0,18,13.0,2482.0,,lmeds630,3544.0,145.21919537528666,1.0,8.0,lmeds630,75.1,3.89,1792
band1,win1920_nfauto,keynet,ada,0.22,3.95,18,13.0,2482.0,,lmeds630,3545.0,145.21919537528666,1.0,8.0,lmeds630,75.0,3.89,1920
band1,win2048_nfauto,keynet,ada,0.22,3.95,18,13.0,2482.0,,lmeds630,3546.0,145.21919537528666,1.0,8.0,lmeds630,77.4,3.89,2048
band1,win2176_nfauto,keynet,ada,0.218,3.92,18,13.0,2482.0,,lmeds630,3547.0,145.21919537528666,1.0,8.0,lmeds630,74.6,3.89,2176
band1,win2304_nfauto,keynet,ada,0.22,3.96,18,13.0,2482.0,,lmeds630,3548.0,145.21919537528666,1.0,8.0,lmeds630,75.2,3.89,2304
band1,win2432_nfauto,keynet,ada,0.222,3.99,18,13.0,2482.0,,lmeds630,3549.0,145.21919537528666,1.0,8.0,lmeds630,75.0,3.89,2432
band1,win2560_nfauto,keynet,ada,0.216,3.88,18,13.0,2482.0,,lmeds630,3550.0,145.21919537528666,1.0,8.0,lmeds630,74.9,3.89,2560
band1,win2688_nfauto,keynet,ada,0.25,4.5,18,13.0,2482.0,,lmeds630,3551.0,145.21919537528666,1.0,8.0,lmeds630,81.5,3.89,2688
band1,win2816_nfauto,keynet,ada,0.216,3.89,18,13.0,2482.0,,lmeds630,3552.0,145.21919537528666,1.0,8.0,lmeds630,75.0,3.89,2816
band1,win2944_nfauto,keynet,ada,0.222,3.99,18,13.0,2482.0,,lmeds630,3553.0,145.21919537528666,1.0,8.0,lmeds630,75.1,3.89,2944
band1,win3072_nfauto,keynet,ada,0.221,3.97,18,13.0,2482.0,,lmeds630,3554.0,145.21919537528666,1.0,8.0,lmeds630,74.7,3.89,3072
band1,win3200_nfauto,keynet,ada,0.213,3.83,18,13.0,2482.0,,lmeds630,3555.0,145.21919537528666,1.0,8.0,lmeds630,74.7,3.89,3200
band1,win3328_nfauto,keynet,ada,0.219,3.94,18,13.0,2482.0,,lmeds630,3556.0,145.21919537528666,1.0,8.0,lmeds630,75.1,3.89,3328
band1,win3456_nfauto,keynet,ada,0.212,3.81,18,13.0,2482.0,,lmeds630,3557.0,145.21919537528666,1.0,8.0,lmeds630,75.4,3.89,3456
band1,win3584_nfauto,keynet,ada,0.219,3.95,18,13.0,2482.0,,lmeds630,3558.0,145.21919537528666,1.0,8.0,lmeds630,75.5,3.89,3584
band1,win3712_nfauto,keynet,ada,0.216,3.9,18,13.0,2482.0,,lmeds630,3559.0,145.21919537528666,1.0,8.0,lmeds630,75.2,3.89,3712
band1,win3840_nfauto,keynet,ada,0.221,3.98,18,13.0,2482.0,,lmeds630,3560.0,145.21919537528666,1.0,8.0,lmeds630,77.5,3.89,3840
band1,win3968_nfauto,keynet,ada,0.253,4.56,18,13.0,2482.0,,lmeds630,3561.0,145.21919537528666,1.0,8.0,lmeds630,80.8,3.89,3968
band1,win4096_nfauto,keynet,ada,0.222,4.0,18,13.0,2482.0,,lmeds630,3562.0,145.21919537528666,1.0,8.0,lmeds630,75.2,3.89,4096
band1,win384_nfauto,keynet,snn,0.249,6.46,26,12.0,596.0,,lmeds630,3564.0,146.12575813518512,1.0,8.0,lmeds630,110.8,3.11,384
band1,win256_nfauto,hessian,fginn_fm1,0.1,5.1,51,26.0,1152.0,,lmeds630,3565.0,146.35035585621702,1.0,8.0,magsac630,65.4,1.15,256
band1,win256_nfauto,imw-rdd-dense,internal,0.932,11.18,12,10.0,1552.0,,magsac630,3568.0,148.83273096555686,1.0,8.0,lmeds630,20.7,8.65,256
band1,win2432_nfauto,imw-liftfeat-nn-kt0p2,internal,0.266,5.58,21,19.0,1700.0,,lmeds630,3569.0,149.01514367771253,2.0,8.0,magsac630,14.6,3.2,2432
band1,win384_nfauto,imw-alike-nn-kt0p2-fm1-fsp1,internal,0.122,5.99,49,19.0,710.0,,lmeds630,3571.0,153.66818609302103,1.0,8.0,magsac630,13.8,2.14,384
band1,win384_nfauto,imw-alike-nn-kt0p2-fsp1,internal,0.087,4.26,49,19.0,710.0,,lmeds630,3572.0,153.66818609302103,1.0,8.0,magsac630,10.5,0.38,384
band1,win1536_nfauto,dedode_L-C4_G-C4,lgm,0.336,6.04,18,10.0,323.0,,lmeds630,3575.0,155.58413809529193,1.0,8.0,magsac630,69.1,5.67,1536
band1,win3840_nfauto,imw-liftfeat-nn-kt0p2,internal,0.265,5.57,21,19.0,1684.0,,lmeds630,3576.0,156.2327442560318,1.0,8.0,lmeds630,14.5,3.2,3840
band1,win768_nfauto,dog_hynet,snn,0.194,2.71,14,8.0,506.0,,lmeds630,3577.0,156.55738924078898,1.0,8.0,lmeds630,24.9,4.49,768
band1,win384_nfauto,dog_hardnet,snn,0.094,2.81,30,14.0,588.0,,magsac630,3578.0,158.22634080089637,1.0,8.0,magsac630,48.5,1.56,384
band1,win640_nfauto,imw-rord-nn-kt0p2,internal,0.362,5.79,16,10.0,454.0,,lmeds630,3581.0,159.66983841315823,1.0,8.0,magsac630,14.2,0.68,640
band1,win640_nfauto,imw-aliked-lg-kt0p2,internal,0.341,4.78,14,12.0,3165.0,,lmeds630,3583.0,160.29776861951436,3.0,8.0,lmeds630,12.8,2.18,640
band1,win384_nfauto,hessian,snn,0.115,2.98,26,12.0,469.0,,magsac630,3584.0,160.60363682467894,1.0,8.0,lmeds630,40.0,1.55,384
band1,win256_nfauto,imw-sfd2-nn-kt0p2,internal,0.071,6.08,86,47.0,1102.0,,lmeds630,3586.0,161.79428317714329,2.0,8.0,magsac630,24.6,32.71,256
band1,win384_nfauto,dog_hardnet,fginn_fm1,0.084,2.86,34,17.0,887.0,,magsac630,3589.0,162.74274194765374,1.0,8.0,lmeds630,48.5,1.56,384
band1,win256_nfauto,keynet,lgm,0.216,13.62,63,33.0,1732.0,,lmeds630,3590.0,163.25349641661572,2.0,8.0,magsac630,153.3,3.11,256
band1,win2432_nfauto,imw-sfd2-nn-kt0p2,internal,0.427,8.97,21,15.0,1043.0,,lmeds630,3591.0,163.48907979365785,2.0,8.0,magsac630,27.3,32.72,2432
band1,win1024_nfauto,imw-sp-sg-kt0p2,internal,0.689,13.09,19,7.0,86.0,,lmeds630,3592.0,163.576182068464,2.0,8.0,magsac630,51.3,32.63,1024
band1,win1152_nfauto,imw-sp-sg-kt0p2,internal,0.685,13.02,19,7.0,86.0,,lmeds630,3593.0,163.576182068464,2.0,8.0,magsac630,51.2,32.63,1152
band1,win1408_nfauto,imw-sp-sg-kt0p2,internal,0.687,13.06,19,7.0,86.0,,lmeds630,3594.0,163.576182068464,2.0,8.0,magsac630,51.2,32.63,1408
band1,win1664_nfauto,imw-sp-sg-kt0p2,internal,0.687,13.06,19,7.0,86.0,,lmeds630,3595.0,163.576182068464,2.0,8.0,magsac630,51.1,32.63,1664
band1,win2048_nfauto,imw-sp-sg-kt0p2,internal,0.69,13.1,19,7.0,86.0,,lmeds630,3596.0,163.576182068464,2.0,8.0,magsac630,51.4,32.63,2048
band1,win2688_nfauto,imw-sp-sg-kt0p2,internal,0.688,13.07,19,7.0,86.0,,lmeds630,3597.0,163.576182068464,2.0,8.0,magsac630,51.3,32.63,2688
band1,win2816_nfauto,imw-sp-sg-kt0p2,internal,0.687,13.06,19,7.0,86.0,,lmeds630,3598.0,163.576182068464,2.0,8.0,magsac630,51.2,32.63,2816
band1,win2944_nfauto,imw-sp-sg-kt0p2,internal,0.688,13.06,19,7.0,86.0,,lmeds630,3599.0,163.576182068464,2.0,8.0,magsac630,51.2,32.63,2944
band1,win3456_nfauto,imw-sp-sg-kt0p2,internal,0.69,13.11,19,7.0,86.0,,lmeds630,3600.0,163.576182068464,2.0,8.0,magsac630,51.2,32.63,3456
band1,win3584_nfauto,imw-sp-sg-kt0p2,internal,0.715,13.58,19,7.0,86.0,,lmeds630,3601.0,163.576182068464,2.0,8.0,magsac630,52.0,32.63,3584
band1,win3712_nfauto,imw-sp-sg-kt0p2,internal,0.686,13.03,19,7.0,86.0,,lmeds630,3602.0,163.576182068464,2.0,8.0,magsac630,51.4,32.63,3712
band1,win3840_nfauto,imw-sp-sg-kt0p2,internal,0.689,13.1,19,7.0,86.0,,lmeds630,3603.0,163.576182068464,2.0,8.0,magsac630,51.3,32.63,3840
band1,win3968_nfauto,imw-sp-sg-kt0p2,internal,0.688,13.08,19,7.0,86.0,,lmeds630,3604.0,163.576182068464,2.0,8.0,magsac630,51.2,32.63,3968
band1,win512_nfauto,dog_sosnet,snn,0.145,2.47,17,8.0,602.0,,lmeds630,3607.0,164.6451234148341,1.0,8.0,lmeds630,22.6,0.98,512
band1,win640_nfauto,imw-sp-lg-kt0p2,internal,0.874,10.48,12,5.0,68.0,,lmeds630,3608.0,165.32065571820942,2.0,8.0,lmeds630,24.5,8.52,640
band1,win256_nfauto,imw-rord-nn-kt0p2,internal,0.15,9.13,61,27.0,451.0,,lmeds630,3609.0,165.35856101221032,1.0,8.0,magsac630,17.6,0.67,256
band1,win384_nfauto,imw-omniglue,internal,7.215,72.15,10,10.0,458.0,,lmeds630,3610.0,165.61675182410198,2.0,8.0,magsac630,158.5,0.02,384
band1,win768_nfauto,imw-sp-lg-kt0p2,internal,0.804,10.45,13,6.0,60.0,,magsac630,3611.0,165.62130299320174,2.0,8.0,lmeds630,25.6,8.52,768
band1,win896_nfauto,imw-omniglue,internal,5.859,64.45,11,8.0,477.0,,lmeds630,3612.0,165.74905456985664,2.0,8.0,magsac630,145.3,0.02,896
band1,win1024_nfauto,imw-omniglue,internal,5.922,65.14,11,8.0,477.0,,lmeds630,3613.0,165.74905456985664,2.0,8.0,magsac630,149.9,0.02,1024
band1,win1152_nfauto,imw-omniglue,internal,5.529,60.81,11,8.0,477.0,,lmeds630,3614.0,165.74905456985664,2.0,8.0,magsac630,142.9,0.02,1152
band1,win1280_nfauto,imw-omniglue,internal,4.698,51.67,11,8.0,477.0,,lmeds630,3615.0,165.74905456985664,2.0,8.0,magsac630,126.8,0.02,1280
band1,win1408_nfauto,imw-omniglue,internal,4.9,53.9,11,8.0,477.0,,lmeds630,3616.0,165.74905456985664,2.0,8.0,magsac630,125.1,0.02,1408
band1,win1536_nfauto,imw-omniglue,internal,5.257,57.82,11,8.0,477.0,,lmeds630,3617.0,165.74905456985664,2.0,8.0,magsac630,136.8,0.02,1536
band1,win1664_nfauto,imw-omniglue,internal,5.885,64.74,11,8.0,477.0,,lmeds630,3618.0,165.74905456985664,2.0,8.0,magsac630,152.9,0.02,1664
band1,win1792_nfauto,imw-omniglue,internal,5.385,59.23,11,8.0,477.0,,lmeds630,3619.0,165.74905456985664,2.0,8.0,magsac630,139.3,0.02,1792
band1,win1920_nfauto,imw-omniglue,internal,5.935,65.29,11,8.0,477.0,,lmeds630,3620.0,165.74905456985664,2.0,8.0,magsac630,152.0,0.02,1920
band1,win2048_nfauto,imw-omniglue,internal,6.117,67.29,11,8.0,477.0,,lmeds630,3621.0,165.74905456985664,2.0,8.0,magsac630,150.8,0.02,2048
band1,win2176_nfauto,imw-omniglue,internal,5.127,56.4,11,8.0,477.0,,lmeds630,3622.0,165.74905456985664,2.0,8.0,magsac630,134.6,0.02,2176
band1,win2304_nfauto,imw-omniglue,internal,5.923,65.15,11,8.0,477.0,,lmeds630,3623.0,165.74905456985664,2.0,8.0,magsac630,148.4,0.02,2304
band1,win2432_nfauto,imw-omniglue,internal,5.618,61.8,11,8.0,477.0,,lmeds630,3624.0,165.74905456985664,2.0,8.0,magsac630,144.4,0.02,2432
band1,win2560_nfauto,imw-omniglue,internal,4.965,54.61,11,8.0,477.0,,lmeds630,3625.0,165.74905456985664,2.0,8.0,magsac630,131.9,0.02,2560
band1,win2688_nfauto,imw-omniglue,internal,5.669,62.36,11,8.0,477.0,,lmeds630,3626.0,165.74905456985664,2.0,8.0,magsac630,141.6,0.02,2688
band1,win2816_nfauto,imw-omniglue,internal,5.785,63.63,11,8.0,477.0,,lmeds630,3627.0,165.74905456985664,2.0,8.0,magsac630,149.1,0.02,2816
band1,win2944_nfauto,imw-omniglue,internal,5.457,60.03,11,8.0,477.0,,lmeds630,3628.0,165.74905456985664,2.0,8.0,magsac630,139.8,0.02,2944
band1,win3072_nfauto,imw-omniglue,internal,5.905,64.95,11,8.0,477.0,,lmeds630,3629.0,165.74905456985664,2.0,8.0,magsac630,151.1,0.02,3072
band1,win3200_nfauto,imw-omniglue,internal,4.582,50.4,11,8.0,477.0,,lmeds630,3630.0,165.74905456985664,2.0,8.0,magsac630,117.7,0.02,3200
band1,win3328_nfauto,imw-omniglue,internal,5.583,61.41,11,8.0,477.0,,lmeds630,3631.0,165.74905456985664,2.0,8.0,magsac630,141.7,0.02,3328
band1,win3456_nfauto,imw-omniglue,internal,5.174,56.92,11,8.0,477.0,,lmeds630,3632.0,165.74905456985664,2.0,8.0,magsac630,138.3,0.02,3456
band1,win3584_nfauto,imw-omniglue,internal,5.937,65.3,11,8.0,477.0,,lmeds630,3633.0,165.74905456985664,2.0,8.0,magsac630,146.6,0.02,3584
band1,win3712_nfauto,imw-omniglue,internal,5.278,58.06,11,8.0,477.0,,lmeds630,3634.0,165.74905456985664,2.0,8.0,magsac630,135.8,0.02,3712
band1,win3840_nfauto,imw-omniglue,internal,5.224,57.47,11,8.0,477.0,,lmeds630,3635.0,165.74905456985664,2.0,8.0,magsac630,138.6,0.02,3840
band1,win3968_nfauto,imw-omniglue,internal,5.587,61.46,11,8.0,477.0,,lmeds630,3636.0,165.74905456985664,2.0,8.0,magsac630,143.7,0.02,3968
band1,win4096_nfauto,imw-omniglue,internal,5.7,62.7,11,8.0,477.0,,lmeds630,3637.0,165.74905456985664,2.0,8.0,magsac630,147.0,0.02,4096
band1,win1024_nfauto,imw-sfd2-nn-kt0p2,internal,0.447,8.94,20,15.0,1041.0,,lmeds630,3638.0,165.9262806872595,2.0,8.0,magsac630,27.5,32.72,1024
band1,win1408_nfauto,imw-sfd2-nn-kt0p2,internal,0.474,9.48,20,15.0,1041.0,,lmeds630,3639.0,165.9262806872595,2.0,8.0,magsac630,28.1,32.72,1408
band1,win1664_nfauto,imw-sfd2-nn-kt0p2,internal,0.457,9.14,20,15.0,1041.0,,lmeds630,3640.0,165.9262806872595,2.0,8.0,magsac630,27.8,32.72,1664
band1,win1920_nfauto,imw-sfd2-nn-kt0p2,internal,0.431,9.05,21,15.0,1041.0,,lmeds630,3641.0,165.9262806872595,2.0,8.0,magsac630,27.5,32.72,1920
band1,win2304_nfauto,imw-sfd2-nn-kt0p2,internal,0.449,9.42,21,15.0,1041.0,,lmeds630,3642.0,165.9262806872595,2.0,8.0,magsac630,28.1,32.72,2304
band1,win2560_nfauto,imw-sfd2-nn-kt0p2,internal,0.45,9.0,20,15.0,1041.0,,lmeds630,3643.0,165.9262806872595,2.0,8.0,magsac630,27.7,32.72,2560
band1,win2816_nfauto,imw-sfd2-nn-kt0p2,internal,0.426,8.95,21,15.0,1041.0,,lmeds630,3644.0,165.9262806872595,2.0,8.0,magsac630,27.3,32.72,2816
band1,win2944_nfauto,imw-sfd2-nn-kt0p2,internal,0.426,8.95,21,15.0,1041.0,,lmeds630,3645.0,165.9262806872595,2.0,8.0,magsac630,27.3,32.72,2944
band1,win3712_nfauto,imw-sfd2-nn-kt0p2,internal,0.426,8.95,21,15.0,1041.0,,lmeds630,3646.0,165.9262806872595,2.0,8.0,magsac630,27.4,32.72,3712
band1,win3968_nfauto,imw-sfd2-nn-kt0p2,internal,0.428,8.98,21,15.0,1041.0,,lmeds630,3647.0,165.9262806872595,2.0,8.0,magsac630,27.8,32.72,3968
band1,win4096_nfauto,imw-sfd2-nn-kt0p2,internal,0.431,9.04,21,15.0,1041.0,,lmeds630,3648.0,165.9262806872595,2.0,8.0,magsac630,27.6,32.72,4096
band1,win3328_nfauto,imw-liftfeat-nn-kt0p2,internal,0.261,5.48,21,18.0,1690.0,,lmeds630,3649.0,166.1106018080563,1.0,8.0,magsac630,14.2,3.2,3328
band1,win640_nfauto,imw-sp-nn-kt0p2,internal,0.134,2.81,21,6.0,76.0,,lmeds630,3650.0,166.14025092130842,2.0,8.0,magsac630,7.6,0.36,640
band1,win2688_nfauto,imw-sp-lg-kt0p2,internal,0.675,8.78,13,6.0,67.0,,lmeds630,3651.0,166.30377916717867,2.0,8.0,lmeds630,23.3,8.52,2688
band1,win896_nfauto,imw-sp-lg-kt0p2,internal,0.643,8.36,13,6.0,69.0,,lmeds630,3652.0,166.57469756789106,2.0,8.0,lmeds630,22.6,8.52,896
band1,win1024_nfauto,imw-sp-lg-kt0p2,internal,0.65,8.45,13,6.0,69.0,,lmeds630,3653.0,166.57469756789106,2.0,8.0,lmeds630,23.0,8.52,1024
band1,win1152_nfauto,imw-sp-lg-kt0p2,internal,0.672,8.73,13,6.0,69.0,,lmeds630,3654.0,166.57469756789106,2.0,8.0,lmeds630,23.0,8.52,1152
band1,win1280_nfauto,imw-sp-lg-kt0p2,internal,0.644,8.37,13,6.0,69.0,,lmeds630,3655.0,166.57469756789106,2.0,8.0,lmeds630,23.1,8.52,1280
band1,win1408_nfauto,imw-sp-lg-kt0p2,internal,0.672,8.73,13,6.0,69.0,,lmeds630,3656.0,166.57469756789106,2.0,8.0,lmeds630,22.9,8.52,1408
band1,win1536_nfauto,imw-sp-lg-kt0p2,internal,0.673,8.75,13,6.0,69.0,,lmeds630,3657.0,166.57469756789106,2.0,8.0,lmeds630,23.0,8.52,1536
band1,win1664_nfauto,imw-sp-lg-kt0p2,internal,0.671,8.73,13,6.0,69.0,,lmeds630,3658.0,166.57469756789106,2.0,8.0,lmeds630,23.0,8.52,1664
band1,win1792_nfauto,imw-sp-lg-kt0p2,internal,0.676,8.78,13,6.0,69.0,,lmeds630,3659.0,166.57469756789106,2.0,8.0,lmeds630,23.5,8.52,1792
band1,win1920_nfauto,imw-sp-lg-kt0p2,internal,0.646,8.4,13,6.0,69.0,,lmeds630,3660.0,166.57469756789106,2.0,8.0,lmeds630,23.0,8.52,1920
band1,win2048_nfauto,imw-sp-lg-kt0p2,internal,0.648,8.42,13,6.0,69.0,,lmeds630,3661.0,166.57469756789106,2.0,8.0,lmeds630,23.3,8.52,2048
band1,win2176_nfauto,imw-sp-lg-kt0p2,internal,0.644,8.38,13,6.0,69.0,,lmeds630,3662.0,166.57469756789106,2.0,8.0,lmeds630,22.6,8.52,2176
band1,win2304_nfauto,imw-sp-lg-kt0p2,internal,0.697,9.06,13,6.0,69.0,,lmeds630,3663.0,166.57469756789106,2.0,8.0,lmeds630,24.7,8.52,2304
band1,win2432_nfauto,imw-sp-lg-kt0p2,internal,0.644,8.37,13,6.0,69.0,,lmeds630,3664.0,166.57469756789106,2.0,8.0,lmeds630,23.0,8.52,2432
band1,win2560_nfauto,imw-sp-lg-kt0p2,internal,0.673,8.75,13,6.0,69.0,,lmeds630,3665.0,166.57469756789106,2.0,8.0,lmeds630,23.5,8.52,2560
band1,win2816_nfauto,imw-sp-lg-kt0p2,internal,0.671,8.72,13,6.0,69.0,,lmeds630,3666.0,166.57469756789106,2.0,8.0,lmeds630,23.2,8.52,2816
band1,win2944_nfauto,imw-sp-lg-kt0p2,internal,0.643,8.36,13,6.0,69.0,,lmeds630,3667.0,166.57469756789106,2.0,8.0,lmeds630,22.9,8.52,2944
band1,win3072_nfauto,imw-sp-lg-kt0p2,internal,0.642,8.35,13,6.0,69.0,,lmeds630,3668.0,166.57469756789106,2.0,8.0,lmeds630,22.4,8.52,3072
band1,win3200_nfauto,imw-sp-lg-kt0p2,internal,0.649,8.43,13,6.0,69.0,,lmeds630,3669.0,166.57469756789106,2.0,8.0,lmeds630,23.2,8.52,3200
band1,win3328_nfauto,imw-sp-lg-kt0p2,internal,0.672,8.74,13,6.0,69.0,,lmeds630,3670.0,166.57469756789106,2.0,8.0,lmeds630,23.0,8.52,3328
band1,win3456_nfauto,imw-sp-lg-kt0p2,internal,0.642,8.35,13,6.0,69.0,,lmeds630,3671.0,166.57469756789106,2.0,8.0,lmeds630,23.5,8.52,3456
band1,win3584_nfauto,imw-sp-lg-kt0p2,internal,0.677,8.8,13,6.0,69.0,,lmeds630,3672.0,166.57469756789106,2.0,8.0,lmeds630,22.8,8.52,3584
band1,win3712_nfauto,imw-sp-lg-kt0p2,internal,0.644,8.37,13,6.0,69.0,,lmeds630,3673.0,166.57469756789106,2.0,8.0,lmeds630,23.0,8.52,3712
band1,win3840_nfauto,imw-sp-lg-kt0p2,internal,0.668,8.68,13,6.0,69.0,,lmeds630,3674.0,166.57469756789106,2.0,8.0,lmeds630,24.4,8.52,3840
band1,win3968_nfauto,imw-sp-lg-kt0p2,internal,0.674,8.76,13,6.0,69.0,,lmeds630,3675.0,166.57469756789106,2.0,8.0,lmeds630,25.9,8.52,3968
band1,win4096_nfauto,imw-sp-lg-kt0p2,internal,0.676,8.78,13,6.0,69.0,,lmeds630,3676.0,166.57469756789106,2.0,8.0,lmeds630,23.3,8.52,4096
band1,win896_nfauto,keynet,fginn_fm1,0.209,3.77,18,11.0,836.0,,lmeds630,3679.0,166.92020789795623,1.0,8.0,lmeds630,74.8,3.89,896
band1,win1024_nfauto,keynet,fginn_fm1,0.209,3.77,18,11.0,836.0,,lmeds630,3680.0,166.92020789795623,1.0,8.0,lmeds630,75.2,3.89,1024
band1,win1152_nfauto,keynet,fginn_fm1,0.201,3.62,18,11.0,836.0,,lmeds630,3681.0,166.92020789795623,1.0,8.0,lmeds630,74.5,3.89,1152
band1,win1280_nfauto,keynet,fginn_fm1,0.211,3.81,18,11.0,836.0,,lmeds630,3682.0,166.92020789795623,1.0,8.0,lmeds630,75.6,3.89,1280
band1,win1408_nfauto,keynet,fginn_fm1,0.198,3.56,18,11.0,836.0,,lmeds630,3683.0,166.92020789795623,1.0,8.0,lmeds630,74.9,3.89,1408
band1,win1536_nfauto,keynet,fginn_fm1,0.204,3.67,18,11.0,836.0,,lmeds630,3684.0,166.92020789795623,1.0,8.0,lmeds630,74.6,3.89,1536
band1,win1664_nfauto,keynet,fginn_fm1,0.21,3.78,18,11.0,836.0,,lmeds630,3685.0,166.92020789795623,1.0,8.0,lmeds630,74.9,3.89,1664
band1,win1792_nfauto,keynet,fginn_fm1,0.211,3.8,18,11.0,836.0,,lmeds630,3686.0,166.92020789795623,1.0,8.0,lmeds630,75.1,3.89,1792
band1,win1920_nfauto,keynet,fginn_fm1,0.208,3.74,18,11.0,836.0,,lmeds630,3687.0,166.92020789795623,1.0,8.0,lmeds630,75.0,3.89,1920
band1,win2048_nfauto,keynet,fginn_fm1,0.208,3.75,18,11.0,836.0,,lmeds630,3688.0,166.92020789795623,1.0,8.0,lmeds630,77.4,3.89,2048
band1,win2176_nfauto,keynet,fginn_fm1,0.205,3.69,18,11.0,836.0,,lmeds630,3689.0,166.92020789795623,1.0,8.0,lmeds630,74.6,3.89,2176
band1,win2304_nfauto,keynet,fginn_fm1,0.209,3.75,18,11.0,836.0,,lmeds630,3690.0,166.92020789795623,1.0,8.0,lmeds630,75.2,3.89,2304
band1,win2432_nfauto,keynet,fginn_fm1,0.21,3.77,18,11.0,836.0,,lmeds630,3691.0,166.92020789795623,1.0,8.0,lmeds630,75.0,3.89,2432
band1,win2560_nfauto,keynet,fginn_fm1,0.204,3.66,18,11.0,836.0,,lmeds630,3692.0,166.92020789795623,1.0,8.0,lmeds630,74.9,3.89,2560
band1,win2688_nfauto,keynet,fginn_fm1,0.235,4.23,18,11.0,836.0,,lmeds630,3693.0,166.92020789795623,1.0,8.0,lmeds630,81.5,3.89,2688
band1,win2816_nfauto,keynet,fginn_fm1,0.203,3.66,18,11.0,836.0,,lmeds630,3694.0,166.92020789795623,1.0,8.0,lmeds630,75.0,3.89,2816
band1,win2944_nfauto,keynet,fginn_fm1,0.211,3.79,18,11.0,836.0,,lmeds630,3695.0,166.92020789795623,1.0,8.0,lmeds630,75.1,3.89,2944
band1,win3072_nfauto,keynet,fginn_fm1,0.209,3.76,18,11.0,836.0,,lmeds630,3696.0,166.92020789795623,1.0,8.0,lmeds630,74.7,3.89,3072
band1,win3200_nfauto,keynet,fginn_fm1,0.202,3.64,18,11.0,836.0,,lmeds630,3697.0,166.92020789795623,1.0,8.0,lmeds630,74.7,3.89,3200
band1,win3328_nfauto,keynet,fginn_fm1,0.208,3.75,18,11.0,836.0,,lmeds630,3698.0,166.92020789795623,1.0,8.0,lmeds630,75.1,3.89,3328
band1,win3456_nfauto,keynet,fginn_fm1,0.202,3.64,18,11.0,836.0,,lmeds630,3699.0,166.92020789795623,1.0,8.0,lmeds630,75.4,3.89,3456
band1,win3584_nfauto,keynet,fginn_fm1,0.208,3.74,18,11.0,836.0,,lmeds630,3700.0,166.92020789795623,1.0,8.0,lmeds630,75.5,3.89,3584
band1,win3712_nfauto,keynet,fginn_fm1,0.203,3.66,18,11.0,836.0,,lmeds630,3701.0,166.92020789795623,1.0,8.0,lmeds630,75.2,3.89,3712
band1,win3840_nfauto,keynet,fginn_fm1,0.209,3.76,18,11.0,836.0,,lmeds630,3702.0,166.92020789795623,1.0,8.0,lmeds630,77.5,3.89,3840
band1,win3968_nfauto,keynet,fginn_fm1,0.238,4.29,18,11.0,836.0,,lmeds630,3703.0,166.92020789795623,1.0,8.0,lmeds630,80.8,3.89,3968
band1,win4096_nfauto,keynet,fginn_fm1,0.21,3.78,18,11.0,836.0,,lmeds630,3704.0,166.92020789795623,1.0,8.0,lmeds630,75.2,3.89,4096
band1,win1280_nfauto,imw-sp-sg-kt0p2,internal,0.688,13.07,19,7.0,90.0,,lmeds630,3705.0,167.1953517352093,2.0,8.0,lmeds630,51.3,32.63,1280
band1,win2304_nfauto,imw-sp-sg-kt0p2,internal,0.69,13.11,19,7.0,90.0,,lmeds630,3706.0,167.1953517352093,2.0,8.0,lmeds630,59.2,32.63,2304
band1,win4096_nfauto,imw-sp-sg-kt0p2,internal,0.688,13.07,19,7.0,90.0,,lmeds630,3707.0,167.1953517352093,2.0,8.0,lmeds630,51.2,32.63,4096
band1,win512_nfauto,imw-sp-nn-kt0p2,internal,0.095,2.76,29,6.0,71.0,,lmeds630,3708.0,167.39067288900804,2.0,8.0,magsac630,7.7,0.36,512
band1,win256_nfauto,sift,lgm,0.157,6.59,42,12.0,627.0,,lmeds630,3709.0,167.6072344984457,2.0,8.0,magsac630,80.2,1.72,256
band1,win896_nfauto,imw-sp-sg-kt0p2,internal,0.687,13.06,19,7.0,88.0,,lmeds630,3710.0,167.6427258390929,2.0,8.0,lmeds630,51.2,32.63,896
band1,win1536_nfauto,imw-sp-sg-kt0p2,internal,0.687,13.06,19,7.0,88.0,,lmeds630,3711.0,167.6427258390929,2.0,8.0,lmeds630,51.1,32.63,1536
band1,win1792_nfauto,imw-sp-sg-kt0p2,internal,0.691,13.13,19,7.0,88.0,,lmeds630,3712.0,167.6427258390929,2.0,8.0,lmeds630,51.3,32.63,1792
band1,win2176_nfauto,imw-sp-sg-kt0p2,internal,0.689,13.08,19,7.0,88.0,,lmeds630,3713.0,167.6427258390929,2.0,8.0,lmeds630,51.3,32.63,2176
band1,win3072_nfauto,imw-sp-sg-kt0p2,internal,0.688,13.06,19,7.0,88.0,,lmeds630,3714.0,167.6427258390929,2.0,8.0,lmeds630,51.2,32.63,3072
band1,win3200_nfauto,imw-sp-sg-kt0p2,internal,0.685,13.01,19,7.0,88.0,,lmeds630,3715.0,167.6427258390929,2.0,8.0,lmeds630,51.4,32.63,3200
band1,win640_nfauto,imw-omniglue,internal,7.362,66.26,9,8.0,485.0,,lmeds630,3742.0,168.49037090016134,2.0,8.0,lmeds630,150.7,0.02,640
band1,win640_nfauto,imw-sp-sg-kt0p2,internal,1.503,28.56,19,7.0,94.0,,lmeds630,3743.0,168.62797888158914,2.0,8.0,lmeds630,66.8,32.63,640
band1,win768_nfauto,imw-omniglue,internal,5.703,62.73,11,8.0,480.0,,lmeds630,3745.0,169.69428940055494,2.0,8.0,magsac630,146.2,0.02,768
band1,win512_nfauto,imw-sp-sg-kt0p2,internal,1.078,25.86,24,6.0,83.0,,lmeds630,3773.0,170.6989402297353,2.0,8.0,magsac630,64.0,32.63,512
band1,win512_nfauto,imw-sp-lg-kt0p2,internal,0.63,10.07,16,5.0,52.0,,lmeds630,3775.0,171.14111215653423,2.0,8.0,magsac630,24.8,8.52,512
band1,win512_nfauto,imw-sfd2-nn-kt0p2,internal,0.336,8.07,24,18.0,1030.0,,lmeds630,3781.0,171.77932560889118,2.0,8.0,magsac630,26.7,32.71,512
band1,win1920_nfauto,imw-sp-sg-kt0p2,internal,0.685,13.01,19,7.0,88.0,,lmeds630,3782.0,172.21587619124918,2.0,8.0,lmeds630,51.1,32.63,1920
band1,win2432_nfauto,imw-sp-sg-kt0p2,internal,0.688,13.08,19,7.0,88.0,,lmeds630,3783.0,172.21587619124918,2.0,8.0,lmeds630,51.3,32.63,2432
band1,win2560_nfauto,imw-sp-sg-kt0p2,internal,0.684,13.0,19,7.0,88.0,,lmeds630,3784.0,172.21587619124918,2.0,8.0,lmeds630,51.3,32.63,2560
band1,win3328_nfauto,imw-sp-sg-kt0p2,internal,0.688,13.07,19,7.0,88.0,,lmeds630,3785.0,172.21587619124918,2.0,8.0,lmeds630,51.2,32.63,3328
band1,win768_nfauto,keynet,fginn_fm1,0.208,3.74,18,11.0,860.0,,lmeds630,3799.0,172.3016575095586,1.0,8.0,lmeds630,76.7,3.89,768
band1,win512_nfauto,dog_hynet,snn,0.169,2.88,17,8.0,564.0,,lmeds630,3800.0,173.02349048002,1.0,8.0,magsac630,26.6,2.5,512
band1,win768_nfauto,imw-sp-sg-kt0p2,internal,0.96,18.24,19,7.0,89.0,,lmeds630,3801.0,173.08749228051872,2.0,8.0,lmeds630,56.8,32.63,768
band1,win896_nfauto,imw-sp-nn-kt0p2,internal,0.146,3.06,21,5.0,56.0,,lmeds630,3828.0,174.1550595200574,2.0,8.0,lmeds630,7.9,0.36,896
band1,win1024_nfauto,imw-sp-nn-kt0p2,internal,0.146,3.06,21,5.0,56.0,,lmeds630,3829.0,174.1550595200574,2.0,8.0,lmeds630,7.8,0.36,1024
band1,win1152_nfauto,imw-sp-nn-kt0p2,internal,0.145,3.04,21,5.0,56.0,,lmeds630,3830.0,174.1550595200574,2.0,8.0,lmeds630,7.8,0.36,1152
band1,win1280_nfauto,imw-sp-nn-kt0p2,internal,0.152,3.19,21,5.0,56.0,,lmeds630,3831.0,174.1550595200574,2.0,8.0,lmeds630,8.1,0.36,1280
band1,win1408_nfauto,imw-sp-nn-kt0p2,internal,0.145,3.04,21,5.0,56.0,,lmeds630,3832.0,174.1550595200574,2.0,8.0,lmeds630,7.8,0.36,1408
band1,win1536_nfauto,imw-sp-nn-kt0p2,internal,0.147,3.08,21,5.0,56.0,,lmeds630,3833.0,174.1550595200574,2.0,8.0,lmeds630,8.2,0.36,1536
band1,win1664_nfauto,imw-sp-nn-kt0p2,internal,0.158,3.33,21,5.0,56.0,,lmeds630,3834.0,174.1550595200574,2.0,8.0,lmeds630,8.5,0.36,1664
band1,win1792_nfauto,imw-sp-nn-kt0p2,internal,0.152,3.19,21,5.0,56.0,,lmeds630,3835.0,174.1550595200574,2.0,8.0,lmeds630,8.3,0.36,1792
band1,win1920_nfauto,imw-sp-nn-kt0p2,internal,0.15,3.14,21,5.0,56.0,,lmeds630,3836.0,174.1550595200574,2.0,8.0,lmeds630,8.0,0.36,1920
band1,win2048_nfauto,imw-sp-nn-kt0p2,internal,0.158,3.32,21,5.0,56.0,,lmeds630,3837.0,174.1550595200574,2.0,8.0,lmeds630,8.4,0.36,2048
band1,win2176_nfauto,imw-sp-nn-kt0p2,internal,0.149,3.14,21,5.0,56.0,,lmeds630,3838.0,174.1550595200574,2.0,8.0,lmeds630,8.2,0.36,2176
band1,win2304_nfauto,imw-sp-nn-kt0p2,internal,0.15,3.15,21,5.0,56.0,,lmeds630,3839.0,174.1550595200574,2.0,8.0,lmeds630,8.0,0.36,2304
band1,win2432_nfauto,imw-sp-nn-kt0p2,internal,0.146,3.06,21,5.0,56.0,,lmeds630,3840.0,174.1550595200574,2.0,8.0,lmeds630,7.8,0.36,2432
band1,win2560_nfauto,imw-sp-nn-kt0p2,internal,0.147,3.09,21,5.0,56.0,,lmeds630,3841.0,174.1550595200574,2.0,8.0,lmeds630,8.2,0.36,2560
band1,win2688_nfauto,imw-sp-nn-kt0p2,internal,0.146,3.06,21,5.0,56.0,,lmeds630,3842.0,174.1550595200574,2.0,8.0,lmeds630,7.8,0.36,2688
band1,win2816_nfauto,imw-sp-nn-kt0p2,internal,0.144,3.02,21,5.0,56.0,,lmeds630,3843.0,174.1550595200574,2.0,8.0,lmeds630,7.7,0.36,2816
band1,win2944_nfauto,imw-sp-nn-kt0p2,internal,0.146,3.07,21,5.0,56.0,,lmeds630,3844.0,174.1550595200574,2.0,8.0,lmeds630,7.9,0.36,2944
band1,win3072_nfauto,imw-sp-nn-kt0p2,internal,0.146,3.07,21,5.0,56.0,,lmeds630,3845.0,174.1550595200574,2.0,8.0,lmeds630,7.9,0.36,3072
band1,win3200_nfauto,imw-sp-nn-kt0p2,internal,0.15,3.15,21,5.0,56.0,,lmeds630,3846.0,174.1550595200574,2.0,8.0,lmeds630,8.2,0.36,3200
band1,win3328_nfauto,imw-sp-nn-kt0p2,internal,0.144,3.02,21,5.0,56.0,,lmeds630,3847.0,174.1550595200574,2.0,8.0,lmeds630,7.7,0.36,3328
band1,win3456_nfauto,imw-sp-nn-kt0p2,internal,0.146,3.06,21,5.0,56.0,,lmeds630,3848.0,174.1550595200574,2.0,8.0,lmeds630,7.9,0.36,3456
band1,win3584_nfauto,imw-sp-nn-kt0p2,internal,0.151,3.18,21,5.0,56.0,,lmeds630,3849.0,174.1550595200574,2.0,8.0,lmeds630,9.2,0.36,3584
band1,win3712_nfauto,imw-sp-nn-kt0p2,internal,0.149,3.13,21,5.0,56.0,,lmeds630,3850.0,174.1550595200574,2.0,8.0,lmeds630,8.4,0.36,3712
band1,win3840_nfauto,imw-sp-nn-kt0p2,internal,0.146,3.06,21,5.0,56.0,,lmeds630,3851.0,174.1550595200574,2.0,8.0,lmeds630,7.8,0.36,3840
band1,win3968_nfauto,imw-sp-nn-kt0p2,internal,0.156,3.27,21,5.0,56.0,,lmeds630,3852.0,174.1550595200574,2.0,8.0,lmeds630,8.5,0.36,3968
band1,win4096_nfauto,imw-sp-nn-kt0p2,internal,0.148,3.1,21,5.0,56.0,,lmeds630,3853.0,174.1550595200574,2.0,8.0,lmeds630,7.9,0.36,4096
band1,win640_nfauto,dedode_L-C4-v2_B-upright,fginn_fm1,0.299,3.29,11,6.0,348.0,,lmeds630,3882.0,176.8115513639995,1.0,8.0,lmeds630,42.1,32.88,640
band1,win768_nfauto,imw-sp-nn-kt0p2,internal,0.151,3.18,21,5.0,63.0,,lmeds630,3885.0,179.10188590198118,2.0,8.0,lmeds630,8.3,0.36,768
band1,win768_nfauto,imw-rord-nn-kt0p2,internal,0.34,6.13,18,10.0,415.0,,lmeds630,3895.0,186.84712657401505,1.0,8.0,magsac630,14.5,0.68,768
band1,win384_nfauto,disk_epipolar,fginn_fm1,0.094,2.25,24,14.0,1915.0,,lmeds630,3896.0,187.1134908586589,1.0,8.0,lmeds630,24.6,0.74,384
band1,win3712_nfauto,imw-liftfeat-nn-kt0p2,internal,0.267,5.61,21,19.0,1699.0,,lmeds630,3901.0,188.66778095694195,2.0,8.0,magsac630,15.6,3.2,3712
band1,win4096_nfauto,dedode_L-C4-v2_B-upright,mnn,0.199,4.17,21,18.0,5956.0,,magsac630,3910.0,189.2721425319405,2.0,8.0,magsac630,58.4,32.9,4096
band1,win640_nfauto,dog_hynet,nn,0.129,2.72,21,14.0,1547.0,,magsac630,3911.0,189.2879092917398,2.0,8.0,magsac630,22.7,4.26,640
band1,win384_nfauto,hessian,fginn_fm1,0.089,3.02,34,14.0,917.0,,lmeds630,3912.0,189.4830179400511,1.0,8.0,lmeds630,40.0,1.55,384
band1,win640_nfauto,dedode_L-C4_B-C4,lgm,0.191,3.64,19,13.0,1152.0,,lmeds630,3913.0,189.58959572021877,1.0,8.0,magsac630,36.4,1.44,640
band1,win384_nfauto,imw-sp-nn-kt0p2,internal,0.071,2.71,38,7.0,53.0,,lmeds630,3914.0,189.85341976195485,1.0,8.0,lmeds630,7.6,0.36,384
band1,win2816_nfauto,imw-xfeat-dense,internal,0.212,4.46,21,16.0,1398.0,,lmeds630,3915.0,190.3529872534936,3.0,8.0,magsac630,11.3,2.16,2816
band1,win256_nfauto,keynet,fginn_fm1,0.21,10.94,52,25.0,1144.0,,lmeds630,3916.0,190.64189489362832,1.0,8.0,lmeds630,153.3,3.11,256
band1,win2560_nfauto,dedode_L-C4-v2_B-upright,mnn,0.202,4.24,21,18.0,5954.0,,magsac630,3918.0,191.75771860408204,2.0,8.0,magsac630,60.2,32.9,2560
band1,win256_nfauto,keynet,smnn0.9,0.816,53.86,66,26.0,1153.0,,lmeds630,3919.0,193.1154524760792,1.0,8.0,magsac630,153.3,3.11,256
band1,win4096_nfauto,imw-lanet-nn-kt0p2,internal,0.173,3.64,21,13.0,1719.0,,lmeds630,3920.0,193.83173607095003,3.0,8.0,lmeds630,9.0,1.07,4096
band1,win1024_nfauto,imw-lanet-nn-kt0p2,internal,0.181,3.8,21,13.0,1719.0,,lmeds630,3921.0,193.83790641019357,3.0,8.0,lmeds630,9.7,1.07,1024
band1,win3328_nfauto,imw-lanet-nn-kt0p2,internal,0.174,3.66,21,13.0,1719.0,,lmeds630,3922.0,193.83804337461035,3.0,8.0,lmeds630,9.0,1.07,3328
band1,win896_nfauto,imw-lanet-nn-kt0p2,internal,0.177,3.71,21,13.0,1719.0,,lmeds630,3923.0,193.8381412893633,3.0,8.0,lmeds630,9.1,1.07,896
band1,win1280_nfauto,imw-lanet-nn-kt0p2,internal,0.229,4.81,21,13.0,1719.0,,lmeds630,3924.0,193.8381412893633,3.0,8.0,lmeds630,11.2,1.07,1280
band1,win1920_nfauto,imw-lanet-nn-kt0p2,internal,0.18,3.77,21,13.0,1719.0,,lmeds630,3925.0,193.8381412893633,3.0,8.0,lmeds630,9.6,1.07,1920
band1,win2304_nfauto,imw-lanet-nn-kt0p2,internal,0.181,3.8,21,13.0,1719.0,,lmeds630,3926.0,193.8381412893633,3.0,8.0,lmeds630,9.4,1.07,2304
band1,win2560_nfauto,imw-lanet-nn-kt0p2,internal,0.185,3.89,21,13.0,1719.0,,lmeds630,3927.0,193.8381412893633,3.0,8.0,lmeds630,10.0,1.07,2560
band1,win3072_nfauto,imw-lanet-nn-kt0p2,internal,0.175,3.68,21,13.0,1719.0,,lmeds630,3928.0,193.8381412893633,3.0,8.0,lmeds630,9.2,1.07,3072
band1,win1152_nfauto,imw-lanet-nn-kt0p2,internal,0.175,3.67,21,13.0,1719.0,,lmeds630,3929.0,193.83814128936504,3.0,8.0,lmeds630,9.2,1.07,1152
band1,win1792_nfauto,imw-lanet-nn-kt0p2,internal,0.18,3.77,21,13.0,1719.0,,lmeds630,3930.0,193.83814128936504,3.0,8.0,lmeds630,9.4,1.07,1792
band1,win3200_nfauto,imw-lanet-nn-kt0p2,internal,0.179,3.75,21,13.0,1719.0,,lmeds630,3931.0,193.83814128936504,3.0,8.0,lmeds630,9.4,1.07,3200
band1,win3840_nfauto,imw-xfeat-dense,internal,0.221,4.63,21,16.0,1385.0,,lmeds630,3932.0,194.41356357228756,3.0,8.0,magsac630,11.6,2.16,3840
band1,win256_nfauto,keynet,snn,0.243,10.95,45,20.0,547.0,,lmeds630,3933.0,194.68134672414595,1.0,8.0,magsac630,153.3,3.11,256
band1,win768_nfauto,imw-lanet-nn-kt0p2,internal,0.188,3.96,21,13.0,1719.0,,lmeds630,3935.0,195.13684941921457,3.0,8.0,magsac630,9.8,8.21,768
band1,win640_nfauto,imw-sfd2-nn-kt0p2,internal,0.581,11.62,20,15.0,1019.0,,lmeds630,3936.0,197.25040626680905,2.0,8.0,magsac630,30.8,32.71,640
band1,win2688_nfauto,dedode_L-C4-v2_B-upright,mnn,0.2,4.21,21,18.0,5985.0,,magsac630,3937.0,197.52031318756536,2.0,8.0,magsac630,60.4,32.9,2688
band1,win1664_nfauto,imw-lanet-nn-kt0p2,internal,0.174,3.66,21,13.0,1720.0,,lmeds630,3939.0,198.02660049083576,3.0,8.0,lmeds630,11.0,1.07,1664
band1,win2688_nfauto,imw-lanet-nn-kt0p2,internal,0.173,3.63,21,13.0,1720.0,,lmeds630,3940.0,198.02766188563064,3.0,8.0,lmeds630,9.0,1.07,2688
band1,win3584_nfauto,imw-lanet-nn-kt0p2,internal,0.178,3.74,21,13.0,1720.0,,lmeds630,3941.0,198.02857554716093,3.0,8.0,lmeds630,9.2,1.07,3584
band1,win3712_nfauto,imw-lanet-nn-kt0p2,internal,0.177,3.71,21,13.0,1720.0,,lmeds630,3942.0,198.0286193466891,3.0,8.0,lmeds630,9.2,1.07,3712
band1,win3840_nfauto,imw-lanet-nn-kt0p2,internal,0.178,3.74,21,13.0,1720.0,,lmeds630,3943.0,198.02865779854616,3.0,8.0,lmeds630,9.1,1.07,3840
band1,win1408_nfauto,imw-lanet-nn-kt0p2,internal,0.176,3.69,21,13.0,1720.0,,lmeds630,3944.0,198.02865915111568,3.0,8.0,lmeds630,9.2,1.07,1408
band1,win2048_nfauto,imw-lanet-nn-kt0p2,internal,0.175,3.67,21,13.0,1720.0,,lmeds630,3945.0,198.02866350268752,3.0,8.0,lmeds630,9.2,1.07,2048
band1,win3968_nfauto,imw-lanet-nn-kt0p2,internal,0.175,3.67,21,13.0,1720.0,,lmeds630,3946.0,198.02866350268752,3.0,8.0,lmeds630,9.2,1.07,3968
band1,win1536_nfauto,imw-lanet-nn-kt0p2,internal,0.179,3.75,21,13.0,1720.0,,lmeds630,3947.0,198.0286635185836,3.0,8.0,lmeds630,9.2,1.07,1536
band1,win2176_nfauto,imw-lanet-nn-kt0p2,internal,0.176,3.7,21,13.0,1720.0,,lmeds630,3948.0,198.0286635185836,3.0,8.0,lmeds630,9.3,1.07,2176
band1,win2432_nfauto,imw-lanet-nn-kt0p2,internal,0.173,3.64,21,13.0,1720.0,,lmeds630,3949.0,198.02867319054116,3.0,8.0,lmeds630,9.1,1.07,2432
band1,win3456_nfauto,imw-lanet-nn-kt0p2,internal,0.183,3.85,21,13.0,1720.0,,lmeds630,3950.0,198.02867319054116,3.0,8.0,lmeds630,9.6,1.07,3456
band1,win2816_nfauto,imw-lanet-nn-kt0p2,internal,0.184,3.86,21,13.0,1720.0,,lmeds630,3951.0,198.0286802472992,3.0,8.0,lmeds630,9.6,1.07,2816
band1,win2944_nfauto,imw-lanet-nn-kt0p2,internal,0.182,3.81,21,13.0,1720.0,,lmeds630,3952.0,198.0287522067648,3.0,8.0,lmeds630,9.9,1.07,2944
band1,win2816_nfauto,dedode_L-C4-v2_B-upright,mnn,0.196,4.12,21,18.0,6002.0,,magsac630,3953.0,198.6983607111977,2.0,8.0,magsac630,68.8,32.9,2816
band1,win896_nfauto,hessian,nn,0.128,2.69,21,10.0,2104.0,,magsac630,3954.0,198.83690929002051,1.0,8.0,magsac630,48.2,6.36,896
band1,win1024_nfauto,hessian,nn,0.14,2.93,21,10.0,2104.0,,magsac630,3955.0,198.83690929002051,1.0,8.0,magsac630,50.8,6.36,1024
band1,win1152_nfauto,hessian,nn,0.124,2.61,21,10.0,2104.0,,magsac630,3956.0,198.83690929002051,1.0,8.0,magsac630,47.6,6.36,1152
band1,win1280_nfauto,hessian,nn,0.124,2.61,21,10.0,2104.0,,magsac630,3957.0,198.83690929002051,1.0,8.0,magsac630,48.2,6.36,1280
band1,win1408_nfauto,hessian,nn,0.115,2.42,21,10.0,2104.0,,magsac630,3958.0,198.83690929002051,1.0,8.0,magsac630,46.9,6.36,1408
band1,win1536_nfauto,hessian,nn,0.124,2.61,21,10.0,2104.0,,magsac630,3959.0,198.83690929002051,1.0,8.0,magsac630,47.9,6.36,1536
band1,win1664_nfauto,hessian,nn,0.129,2.71,21,10.0,2104.0,,magsac630,3960.0,198.83690929002051,1.0,8.0,magsac630,50.5,6.36,1664
band1,win1792_nfauto,hessian,nn,0.13,2.73,21,10.0,2104.0,,magsac630,3961.0,198.83690929002051,1.0,8.0,magsac630,48.7,6.36,1792
band1,win1920_nfauto,hessian,nn,0.119,2.51,21,10.0,2104.0,,magsac630,3962.0,198.83690929002051,1.0,8.0,magsac630,47.4,6.36,1920
band1,win2048_nfauto,hessian,nn,0.137,2.87,21,10.0,2104.0,,magsac630,3963.0,198.83690929002051,1.0,8.0,magsac630,49.4,6.36,2048
band1,win2176_nfauto,hessian,nn,0.135,2.84,21,10.0,2104.0,,magsac630,3964.0,198.83690929002051,1.0,8.0,magsac630,49.5,6.36,2176
band1,win2304_nfauto,hessian,nn,0.15,3.16,21,10.0,2104.0,,magsac630,3965.0,198.83690929002051,1.0,8.0,magsac630,51.6,6.36,2304
band1,win2432_nfauto,hessian,nn,0.126,2.64,21,10.0,2104.0,,magsac630,3966.0,198.83690929002051,1.0,8.0,magsac630,48.1,6.36,2432
band1,win2560_nfauto,hessian,nn,0.12,2.52,21,10.0,2104.0,,magsac630,3967.0,198.83690929002051,1.0,8.0,magsac630,48.3,6.36,2560
band1,win2688_nfauto,hessian,nn,0.122,2.56,21,10.0,2104.0,,magsac630,3968.0,198.83690929002051,1.0,8.0,magsac630,48.2,6.36,2688
band1,win2816_nfauto,hessian,nn,0.122,2.56,21,10.0,2104.0,,magsac630,3969.0,198.83690929002051,1.0,8.0,magsac630,47.4,6.36,2816
band1,win2944_nfauto,hessian,nn,0.13,2.73,21,10.0,2104.0,,magsac630,3970.0,198.83690929002051,1.0,8.0,magsac630,48.6,6.36,2944
band1,win3072_nfauto,hessian,nn,0.128,2.69,21,10.0,2104.0,,magsac630,3971.0,198.83690929002051,1.0,8.0,magsac630,48.6,6.36,3072
band1,win3200_nfauto,hessian,nn,0.128,2.68,21,10.0,2104.0,,magsac630,3972.0,198.83690929002051,1.0,8.0,magsac630,49.1,6.36,3200
band1,win3328_nfauto,hessian,nn,0.123,2.59,21,10.0,2104.0,,magsac630,3973.0,198.83690929002051,1.0,8.0,magsac630,48.3,6.36,3328
band1,win3456_nfauto,hessian,nn,0.118,2.49,21,10.0,2104.0,,magsac630,3974.0,198.83690929002051,1.0,8.0,magsac630,47.1,6.36,3456
band1,win3584_nfauto,hessian,nn,0.12,2.52,21,10.0,2104.0,,magsac630,3975.0,198.83690929002051,1.0,8.0,magsac630,48.0,6.36,3584
band1,win3712_nfauto,hessian,nn,0.128,2.69,21,10.0,2104.0,,magsac630,3976.0,198.83690929002051,1.0,8.0,magsac630,48.3,6.36,3712
band1,win3840_nfauto,hessian,nn,0.133,2.8,21,10.0,2104.0,,magsac630,3977.0,198.83690929002051,1.0,8.0,magsac630,49.5,6.36,3840
band1,win3968_nfauto,hessian,nn,0.125,2.63,21,10.0,2104.0,,magsac630,3978.0,198.83690929002051,1.0,8.0,magsac630,48.0,6.36,3968
band1,win4096_nfauto,hessian,nn,0.127,2.66,21,10.0,2104.0,,magsac630,3979.0,198.83690929002051,1.0,8.0,magsac630,48.0,6.36,4096
band1,win896_nfauto,gftt,ada,0.189,3.03,16,11.0,2726.0,,lmeds630,4007.0,200.2258689504335,3.0,8.0,lmeds630,43.5,4.7,896
band1,win1152_nfauto,gftt,ada,0.186,2.97,16,11.0,2726.0,,lmeds630,4008.0,200.2258689504335,3.0,8.0,lmeds630,43.1,4.7,1152
band1,win1408_nfauto,gftt,ada,0.181,2.9,16,11.0,2726.0,,lmeds630,4009.0,200.2258689504335,3.0,8.0,lmeds630,42.3,4.7,1408
band1,win1536_nfauto,gftt,ada,0.184,2.94,16,11.0,2726.0,,lmeds630,4010.0,200.2258689504335,3.0,8.0,lmeds630,43.0,4.7,1536
band1,win1664_nfauto,gftt,ada,0.19,3.04,16,11.0,2726.0,,lmeds630,4011.0,200.2258689504335,3.0,8.0,lmeds630,43.6,4.7,1664
band1,win1792_nfauto,gftt,ada,0.19,3.04,16,11.0,2726.0,,lmeds630,4012.0,200.2258689504335,3.0,8.0,lmeds630,43.6,4.7,1792
band1,win1920_nfauto,gftt,ada,0.184,2.95,16,11.0,2726.0,,lmeds630,4013.0,200.2258689504335,3.0,8.0,lmeds630,43.1,4.7,1920
band1,win2048_nfauto,gftt,ada,0.198,3.17,16,11.0,2726.0,,lmeds630,4014.0,200.2258689504335,3.0,8.0,lmeds630,44.5,4.7,2048
band1,win2176_nfauto,gftt,ada,0.194,3.11,16,11.0,2726.0,,lmeds630,4015.0,200.2258689504335,3.0,8.0,lmeds630,44.4,4.7,2176
band1,win2304_nfauto,gftt,ada,0.19,3.04,16,11.0,2726.0,,lmeds630,4016.0,200.2258689504335,3.0,8.0,lmeds630,43.6,4.7,2304
band1,win2688_nfauto,gftt,ada,0.203,3.25,16,11.0,2726.0,,lmeds630,4017.0,200.2258689504335,3.0,8.0,lmeds630,45.2,4.7,2688
band1,win2816_nfauto,gftt,ada,0.186,2.97,16,11.0,2726.0,,lmeds630,4018.0,200.2258689504335,3.0,8.0,lmeds630,43.1,4.7,2816
band1,win2944_nfauto,gftt,ada,0.189,3.03,16,11.0,2726.0,,lmeds630,4019.0,200.2258689504335,3.0,8.0,lmeds630,43.7,4.7,2944
band1,win3584_nfauto,gftt,ada,0.185,2.96,16,11.0,2726.0,,lmeds630,4020.0,200.2258689504335,3.0,8.0,lmeds630,44.5,4.7,3584
band1,win3968_nfauto,gftt,ada,0.191,3.05,16,11.0,2726.0,,lmeds630,4021.0,200.2258689504335,3.0,8.0,lmeds630,43.6,4.7,3968
band1,win1024_nfauto,gftt,ada,0.198,3.16,16,11.0,2703.0,,lmeds630,4022.0,200.22586895043352,3.0,8.0,lmeds630,44.6,4.7,1024
band1,win1280_nfauto,gftt,ada,0.187,2.99,16,11.0,2703.0,,lmeds630,4023.0,200.22586895043352,3.0,8.0,lmeds630,43.3,4.7,1280
band1,win2432_nfauto,gftt,ada,0.189,3.03,16,11.0,2703.0,,lmeds630,4024.0,200.22586895043352,3.0,8.0,lmeds630,43.4,4.7,2432
band1,win2560_nfauto,gftt,ada,0.187,2.99,16,11.0,2703.0,,lmeds630,4025.0,200.22586895043352,3.0,8.0,lmeds630,43.3,4.7,2560
band1,win3072_nfauto,gftt,ada,0.188,3.01,16,11.0,2703.0,,lmeds630,4026.0,200.22586895043352,3.0,8.0,lmeds630,43.5,4.7,3072
band1,win3200_nfauto,gftt,ada,0.187,2.99,16,11.0,2703.0,,lmeds630,4027.0,200.22586895043352,3.0,8.0,lmeds630,43.7,4.7,3200
band1,win3328_nfauto,gftt,ada,0.186,2.97,16,11.0,2703.0,,lmeds630,4028.0,200.22586895043352,3.0,8.0,lmeds630,42.9,4.7,3328
band1,win3456_nfauto,gftt,ada,0.181,2.9,16,11.0,2703.0,,lmeds630,4029.0,200.22586895043352,3.0,8.0,lmeds630,43.0,4.7,3456
band1,win3712_nfauto,gftt,ada,0.199,3.18,16,11.0,2703.0,,lmeds630,4030.0,200.22586895043352,3.0,8.0,lmeds630,45.8,4.7,3712
band1,win3840_nfauto,gftt,ada,0.184,2.95,16,11.0,2703.0,,lmeds630,4031.0,200.22586895043352,3.0,8.0,lmeds630,43.1,4.7,3840
band1,win4096_nfauto,gftt,ada,0.188,3.01,16,11.0,2703.0,,lmeds630,4032.0,200.22586895043352,3.0,8.0,lmeds630,43.3,4.7,4096
band1,win2560_nfauto,imw-liftfeat-nn-kt0p2,internal,0.267,5.61,21,18.0,1677.0,,lmeds630,4033.0,200.4124566076253,2.0,8.0,magsac630,15.1,3.2,2560
band1,win384_nfauto,imw-d2net-nn-kt0p2,internal,0.193,7.73,40,29.0,1241.0,,lmeds630,4034.0,200.6521277136196,2.0,8.0,magsac630,16.7,8.22,384
band1,win768_nfauto,gftt,ada,0.188,3.01,16,11.0,2765.0,,lmeds630,4036.0,201.01650573061573,3.0,8.0,lmeds630,44.5,4.7,768
band1,win1280_nfauto,dedode_L-C4-v2_B-C4,ada,0.198,4.17,21,6.0,6365.0,,magsac630,4037.0,201.7137346913971,1.0,8.0,magsac630,47.6,4.6,1280
band1,win1664_nfauto,dedode_L-C4_B-C4,smnn0.9,0.512,4.1,8,4.0,82.0,,magsac630,4038.0,201.7547969965831,1.0,8.0,lmeds630,50.3,8.14,1664
band1,win3072_nfauto,dedode_L-C4-v2_B-upright,mnn,0.196,4.12,21,18.0,6002.0,,magsac630,4039.0,202.0392116216536,2.0,8.0,magsac630,58.9,32.9,3072
band1,win512_nfauto,imw-d2net-nn-kt0p2-fm1,internal,0.475,13.29,28,18.0,856.0,,lmeds630,4040.0,202.31919567596464,2.0,8.0,magsac630,29.6,2.63,512
band1,win256_nfauto,imw-d2net-nn-kt0p2-fm1,internal,0.289,22.26,77,44.0,1137.0,,lmeds630,4044.0,203.4752838823473,1.0,8.0,lmeds630,41.0,2.62,256
band1,win640_nfauto,dedode_L-upright_B-C4,lgm,0.203,3.65,18,10.0,898.0,,lmeds630,4045.0,203.54062573483807,1.0,8.0,lmeds630,39.6,16.63,640
band1,win768_nfauto,keynet,smnn0.9,1.067,19.21,18,12.0,857.0,,lmeds630,4051.0,204.64958352961543,1.0,8.0,magsac630,76.7,3.89,768
band1,win640_nfauto,hessian,nn,0.117,2.46,21,10.0,1998.0,,magsac630,4052.0,204.8637370916028,1.0,8.0,magsac630,36.9,4.24,640
band1,win256_nfauto,imw-rord-nn-kt0p2-fm1,internal,1.024,60.43,59,20.0,338.0,,lmeds630,4053.0,205.93643345407517,1.0,8.0,magsac630,132.6,32.5,256
band1,win896_nfauto,dedode_L-C4-v2_G-C4,lgm,0.324,5.84,18,13.0,585.0,,lmeds630,4066.0,207.9005332383808,1.0,8.0,magsac630,62.3,25.71,896
band1,win384_nfauto,dedode_L-C4-v2_B-upright,smnn0.9,0.171,3.93,23,10.0,292.0,,lmeds630,4067.0,209.16602923522484,1.0,8.0,lmeds630,40.2,1.44,384
band1,win640_nfauto,dedode_L-C4_B-C4,fginn_fm1,0.182,3.28,18,10.0,783.0,,lmeds630,4069.0,211.0357979598324,2.0,8.0,lmeds630,36.4,1.44,640
band1,win2816_nfauto,dedode_L-C4-v2_G-C4,fginn_fm1,0.304,6.09,20,15.0,1575.0,,lmeds630,4070.0,211.58180125897425,2.0,8.0,magsac630,78.2,25.67,2816
band1,win3072_nfauto,dedode_L-C4-v2_G-C4,fginn_fm1,0.303,6.06,20,15.0,1575.0,,lmeds630,4071.0,211.58180125897425,2.0,8.0,magsac630,75.3,25.67,3072
band1,win3840_nfauto,dedode_L-C4-v2_G-C4,fginn_fm1,0.306,6.11,20,15.0,1575.0,,lmeds630,4072.0,211.58180125897425,2.0,8.0,magsac630,78.8,25.67,3840
band1,win2048_nfauto,dedode_L-C4_B-C4,smnn0.9,0.513,4.11,8,4.0,95.0,,lmeds630,4077.0,217.08987250333143,1.0,8.0,lmeds630,49.9,8.24,2048
band1,win2176_nfauto,dedode_L-C4_B-C4,smnn0.9,0.519,4.15,8,4.0,95.0,,lmeds630,4078.0,217.08987250333143,1.0,8.0,lmeds630,51.2,8.24,2176
band1,win2304_nfauto,dedode_L-C4_B-C4,smnn0.9,0.536,4.29,8,4.0,95.0,,lmeds630,4079.0,217.08987250333143,1.0,8.0,lmeds630,52.2,8.23,2304
band1,win2432_nfauto,dedode_L-C4_B-C4,smnn0.9,0.516,4.13,8,4.0,95.0,,lmeds630,4080.0,217.08987250333143,1.0,8.0,lmeds630,49.9,8.24,2432
band1,win2560_nfauto,dedode_L-C4_B-C4,smnn0.9,0.525,4.2,8,4.0,95.0,,lmeds630,4081.0,217.08987250333143,1.0,8.0,lmeds630,51.6,8.24,2560
band1,win2688_nfauto,dedode_L-C4_B-C4,smnn0.9,0.521,4.17,8,4.0,95.0,,lmeds630,4082.0,217.08987250333143,1.0,8.0,lmeds630,50.8,8.24,2688
band1,win2816_nfauto,dedode_L-C4_B-C4,smnn0.9,0.517,4.13,8,4.0,95.0,,lmeds630,4083.0,217.08987250333143,1.0,8.0,lmeds630,50.8,8.24,2816
band1,win2944_nfauto,dedode_L-C4_B-C4,smnn0.9,0.515,4.12,8,4.0,95.0,,lmeds630,4084.0,217.08987250333143,1.0,8.0,lmeds630,50.0,8.24,2944
band1,win3072_nfauto,dedode_L-C4_B-C4,smnn0.9,0.516,4.13,8,4.0,95.0,,lmeds630,4085.0,217.08987250333143,1.0,8.0,lmeds630,52.1,8.24,3072
band1,win3200_nfauto,dedode_L-C4_B-C4,smnn0.9,0.545,4.36,8,4.0,95.0,,lmeds630,4086.0,217.08987250333143,1.0,8.0,lmeds630,52.8,8.24,3200
band1,win3328_nfauto,dedode_L-C4_B-C4,smnn0.9,0.526,4.21,8,4.0,95.0,,lmeds630,4087.0,217.08987250333143,1.0,8.0,lmeds630,51.7,8.24,3328
band1,win3456_nfauto,dedode_L-C4_B-C4,smnn0.9,0.525,4.2,8,4.0,95.0,,lmeds630,4088.0,217.08987250333143,1.0,8.0,lmeds630,52.9,8.24,3456
band1,win3584_nfauto,dedode_L-C4_B-C4,smnn0.9,0.538,4.3,8,4.0,95.0,,lmeds630,4089.0,217.08987250333143,1.0,8.0,lmeds630,54.3,8.24,3584
band1,win3712_nfauto,dedode_L-C4_B-C4,smnn0.9,0.529,4.23,8,4.0,95.0,,lmeds630,4090.0,217.08987250333143,1.0,8.0,lmeds630,52.3,8.24,3712
band1,win3840_nfauto,dedode_L-C4_B-C4,smnn0.9,0.524,4.19,8,4.0,95.0,,lmeds630,4091.0,217.08987250333143,1.0,8.0,lmeds630,50.8,8.24,3840
band1,win3968_nfauto,dedode_L-C4_B-C4,smnn0.9,0.533,4.27,8,4.0,95.0,,lmeds630,4092.0,217.08987250333143,1.0,8.0,lmeds630,52.1,8.24,3968
band1,win4096_nfauto,dedode_L-C4_B-C4,smnn0.9,0.516,4.13,8,4.0,95.0,,lmeds630,4093.0,217.08987250333143,1.0,8.0,lmeds630,51.8,8.24,4096
band1,win1792_nfauto,dedode_L-C4_B-C4,smnn0.9,0.528,4.23,8,4.0,94.0,,lmeds630,4094.0,217.1276548906226,1.0,8.0,lmeds630,51.3,8.24,1792
band1,win1920_nfauto,dedode_L-C4_B-C4,smnn0.9,0.519,4.15,8,4.0,94.0,,lmeds630,4095.0,217.1276548906226,1.0,8.0,lmeds630,50.2,8.24,1920
band1,win256_nfauto,dog_hynet,fginn_fm1,0.106,5.31,50,25.0,788.0,,magsac630,4101.0,219.58860806967212,2.0,8.0,lmeds630,41.8,1.02,256
band1,win3456_nfauto,imw-xfeat-dense,internal,0.21,4.41,21,16.0,1389.0,,lmeds630,4103.0,222.5863968290221,3.0,8.0,magsac630,11.4,2.16,3456
band1,win2944_nfauto,imw-xfeat-dense,internal,0.206,4.34,21,16.0,1404.0,,lmeds630,4104.0,223.59823612802325,3.0,8.0,magsac630,11.2,2.16,2944
band1,win384_nfauto,dedode_L-upright_G-C4,mnn,0.11,5.19,47,31.0,2174.0,,lmeds630,4105.0,223.94530295491495,2.0,8.0,magsac630,113.2,25.73,384
band1,win256_nfauto,dedode_L-C4-v2_B-C4,smnn0.9,0.116,5.68,49,17.0,447.0,,lmeds630,4106.0,225.15822195348412,1.0,8.0,lmeds630,55.8,1.44,256
band1,win3328_nfauto,imw-xfeat-dense,internal,0.207,4.34,21,16.0,1411.0,,lmeds630,4107.0,225.5854798551965,3.0,8.0,magsac630,11.1,2.16,3328
band1,win1152_nfauto,dedode_L-C4-v2_B-upright,ada,0.189,3.97,21,8.0,3611.0,,magsac630,4135.0,227.1935086940684,1.0,8.0,magsac630,51.0,32.89,1152
band1,win1536_nfauto,dedode_L-C4_B-C4,smnn0.9,0.516,4.12,8,4.0,88.0,,magsac630,4136.0,227.47385021075465,1.0,8.0,lmeds630,51.1,7.79,1536
band1,win2176_nfauto,imw-xfeat-dense,internal,0.208,4.37,21,16.0,1420.0,,lmeds630,4138.0,228.4880192395997,3.0,8.0,magsac630,11.1,2.16,2176
band1,win1152_nfauto,dedode_L-C4-v2_B-C4,ada,0.194,4.08,21,6.0,8255.0,,lmeds630,4141.0,230.1074021780399,1.0,8.0,magsac630,45.5,3.13,1152
band1,win1024_nfauto,dedode_L-C4-v2_G-C4,lgm,0.326,5.87,18,11.0,588.0,,lmeds630,4142.0,230.28497472919616,1.0,8.0,lmeds630,63.8,25.67,1024
band1,win2688_nfauto,imw-xfeat-dense,internal,0.21,4.41,21,17.0,1413.0,,lmeds630,4143.0,230.2922017453172,3.0,8.0,lmeds630,11.3,2.16,2688
band1,win640_nfauto,dedode_L-C4_G-C4,ada,0.25,5.01,20,11.0,4040.0,,lmeds630,4144.0,230.41046312758837,1.0,8.0,lmeds630,53.8,2.05,640
band1,win896_nfauto,imw-xfeat-dense,internal,0.21,4.42,21,16.0,1387.0,,lmeds630,4145.0,230.5770795879907,3.0,8.0,magsac630,11.3,2.16,896
band1,win1280_nfauto,dedode_L-upright_B-upright,ada,0.198,4.17,21,6.0,9332.0,,lmeds630,4146.0,230.71120411202787,1.0,8.0,lmeds630,199.3,32.92,1280
band1,win1408_nfauto,dedode_L-C4_B-C4,smnn0.9,0.378,4.16,11,4.0,98.0,,lmeds630,4147.0,230.8826972297823,1.0,8.0,magsac630,47.9,6.08,1408
band1,win896_nfauto,dedode_L-upright_B-upright,ada,0.183,3.84,21,8.0,2443.0,,magsac630,4148.0,231.33084350387776,1.0,8.0,lmeds630,191.9,32.91,896
band1,win2688_nfauto,imw-liftfeat-nn-kt0p2,internal,0.265,5.57,21,19.0,1698.0,,lmeds630,4150.0,232.30705061573687,2.0,8.0,magsac630,14.4,3.2,2688
band1,win2304_nfauto,imw-xfeat-dense,internal,0.205,4.31,21,16.0,1392.0,,lmeds630,4151.0,232.46075127463564,3.0,8.0,lmeds630,11.0,2.16,2304
band1,win1024_nfauto,dedode_L-upright_B-upright,ada,0.184,3.86,21,9.0,4012.0,,magsac630,4153.0,233.83750989315624,1.0,8.0,lmeds630,193.5,32.92,1024
band1,win1408_nfauto,disk_epipolar,smnn0.9,0.127,2.66,21,16.0,2823.0,,lmeds630,4154.0,234.2777548716204,3.0,8.0,magsac630,27.5,0.76,1408
band1,win2816_nfauto,disk_epipolar,smnn0.9,0.126,2.66,21,16.0,2823.0,,lmeds630,4155.0,234.2777548716204,3.0,8.0,magsac630,27.5,0.76,2816
band1,win3968_nfauto,disk_epipolar,smnn0.9,0.122,2.57,21,16.0,2820.0,,lmeds630,4156.0,234.3125423959005,3.0,8.0,magsac630,26.3,0.76,3968
band1,win512_nfauto,dedode_L-C4-v2_B-upright,mnn,0.115,3.44,30,22.0,972.0,,magsac630,4157.0,234.326405668779,1.0,8.0,magsac630,38.3,1.44,512
band1,win2432_nfauto,imw-xfeat-dense,internal,0.215,4.52,21,17.0,1397.0,,lmeds630,4158.0,234.4011235691773,3.0,8.0,magsac630,11.5,2.16,2432
band1,win1280_nfauto,imw-xfeat-dense,internal,0.214,4.49,21,17.0,1418.0,,lmeds630,4159.0,234.59157239034883,3.0,8.0,lmeds630,13.7,2.16,1280
band1,win896_nfauto,disk_epipolar,smnn0.9,0.119,2.51,21,16.0,2821.0,,lmeds630,4160.0,234.76003427446324,3.0,8.0,magsac630,25.6,0.76,896
band1,win1152_nfauto,disk_epipolar,smnn0.9,0.122,2.56,21,16.0,2821.0,,lmeds630,4161.0,234.76003427446324,3.0,8.0,magsac630,26.6,0.76,1152
band1,win1280_nfauto,disk_epipolar,smnn0.9,0.123,2.58,21,16.0,2821.0,,lmeds630,4162.0,234.76003427446324,3.0,8.0,magsac630,25.9,0.76,1280
band1,win1792_nfauto,disk_epipolar,smnn0.9,0.12,2.52,21,16.0,2821.0,,lmeds630,4163.0,234.76003427446324,3.0,8.0,magsac630,25.6,0.76,1792
band1,win1920_nfauto,disk_epipolar,smnn0.9,0.123,2.59,21,16.0,2821.0,,lmeds630,4164.0,234.76003427446324,3.0,8.0,magsac630,27.6,0.76,1920
band1,win2048_nfauto,disk_epipolar,smnn0.9,0.121,2.54,21,16.0,2821.0,,lmeds630,4165.0,234.76003427446324,3.0,8.0,magsac630,25.7,0.76,2048
band1,win2304_nfauto,disk_epipolar,smnn0.9,0.12,2.52,21,16.0,2821.0,,lmeds630,4166.0,234.76003427446324,3.0,8.0,magsac630,25.7,0.76,2304
band1,win2432_nfauto,disk_epipolar,smnn0.9,0.121,2.53,21,16.0,2821.0,,lmeds630,4167.0,234.76003427446324,3.0,8.0,magsac630,25.6,0.76,2432
band1,win2560_nfauto,disk_epipolar,smnn0.9,0.12,2.52,21,16.0,2821.0,,lmeds630,4168.0,234.76003427446324,3.0,8.0,magsac630,25.5,0.76,2560
band1,win2944_nfauto,disk_epipolar,smnn0.9,0.122,2.56,21,16.0,2821.0,,lmeds630,4169.0,234.76003427446324,3.0,8.0,magsac630,26.2,0.76,2944
band1,win3072_nfauto,disk_epipolar,smnn0.9,0.12,2.52,21,16.0,2821.0,,lmeds630,4170.0,234.76003427446324,3.0,8.0,magsac630,25.5,0.76,3072
band1,win3200_nfauto,disk_epipolar,smnn0.9,0.122,2.56,21,16.0,2821.0,,lmeds630,4171.0,234.76003427446324,3.0,8.0,magsac630,25.9,0.76,3200
band1,win3584_nfauto,disk_epipolar,smnn0.9,0.121,2.54,21,16.0,2821.0,,lmeds630,4172.0,234.76003427446324,3.0,8.0,magsac630,26.5,0.76,3584
band1,win3712_nfauto,disk_epipolar,smnn0.9,0.121,2.54,21,16.0,2821.0,,lmeds630,4173.0,234.76003427446324,3.0,8.0,magsac630,25.6,0.76,3712
band1,win3840_nfauto,disk_epipolar,smnn0.9,0.125,2.63,21,16.0,2821.0,,lmeds630,4174.0,234.76003427446324,3.0,8.0,magsac630,26.7,0.76,3840
band1,win1024_nfauto,disk_epipolar,smnn0.9,0.121,2.53,21,16.0,2824.0,,lmeds630,4175.0,234.8641924220559,3.0,8.0,magsac630,25.6,0.76,1024
band1,win1664_nfauto,disk_epipolar,smnn0.9,0.12,2.51,21,16.0,2824.0,,lmeds630,4176.0,234.8641924220559,3.0,8.0,magsac630,25.7,0.76,1664
band1,win3328_nfauto,disk_epipolar,smnn0.9,0.128,2.7,21,16.0,2824.0,,lmeds630,4177.0,234.8641924220559,3.0,8.0,magsac630,27.5,0.76,3328
band1,win3456_nfauto,disk_epipolar,smnn0.9,0.12,2.51,21,16.0,2824.0,,lmeds630,4178.0,234.8641924220559,3.0,8.0,magsac630,25.6,0.76,3456
band1,win4096_nfauto,disk_epipolar,smnn0.9,0.12,2.52,21,16.0,2824.0,,lmeds630,4179.0,234.8641924220559,3.0,8.0,magsac630,26.0,0.76,4096
band1,win1024_nfauto,imw-xfeat-dense,internal,0.234,4.91,21,17.0,1414.0,,lmeds630,4180.0,235.089430773952,3.0,8.0,magsac630,12.4,2.16,1024
band1,win2176_nfauto,disk_epipolar,smnn0.9,0.123,2.57,21,16.0,2820.0,,lmeds630,4181.0,235.2672524570524,3.0,8.0,magsac630,26.4,0.76,2176
band1,win384_nfauto,keynet,lgm,0.176,7.91,45,27.0,2374.0,,lmeds630,4183.0,238.01054592610387,3.0,8.0,lmeds630,110.8,3.11,384
band1,win896_nfauto,dedode_L-C4_B-upright,ada,0.181,3.81,21,8.0,2698.0,,magsac630,4185.0,238.6500122231513,1.0,8.0,lmeds630,40.6,1.44,896
band1,win1024_nfauto,dedode_L-C4_B-upright,ada,0.192,3.85,20,9.0,4499.0,,magsac630,4200.0,239.18242543440567,1.0,8.0,lmeds630,41.5,2.09,1024
band1,win1408_nfauto,disk_epipolar,nn,0.136,2.85,21,17.0,3435.0,,magsac630,4201.0,239.2564029963944,2.0,8.0,magsac630,27.5,0.76,1408
band1,win1536_nfauto,disk_epipolar,nn,0.132,2.78,21,17.0,3435.0,,magsac630,4202.0,239.2564029963944,2.0,8.0,magsac630,26.1,0.76,1536
band1,win2560_nfauto,disk_epipolar,nn,0.129,2.71,21,17.0,3434.0,,magsac630,4203.0,239.2564029963944,2.0,8.0,magsac630,25.5,0.76,2560
band1,win3584_nfauto,disk_epipolar,nn,0.131,2.76,21,18.0,3414.0,,magsac630,4204.0,239.2564029963944,2.0,8.0,magsac630,26.5,0.76,3584
band1,win1664_nfauto,dedode_L-C4-v2_G-C4,fginn_fm1,0.299,5.97,20,15.0,1538.0,,lmeds630,4218.0,242.0735461416957,2.0,8.0,magsac630,75.6,25.67,1664
band1,win384_nfauto,dedode_L-C4-v2_B-upright,mnn,0.077,3.8,49,31.0,2672.0,,lmeds630,4219.0,242.43638111101893,2.0,8.0,magsac630,40.2,1.44,384
band1,win4096_nfauto,imw-xfeat-dense,internal,0.207,4.36,21,16.0,1392.0,,lmeds630,4220.0,243.54964593646412,3.0,8.0,magsac630,11.1,2.16,4096
band1,win1792_nfauto,imw-liftfeat-nn-kt0p2,internal,0.261,5.49,21,19.0,1693.0,,lmeds630,4221.0,245.20726784344964,2.0,8.0,magsac630,14.3,3.2,1792
band1,win2816_nfauto,imw-liftfeat-nn-kt0p2,internal,0.265,5.57,21,18.0,1683.0,,lmeds630,4223.0,245.6548932384369,1.0,8.0,lmeds630,14.5,3.2,2816
band1,win384_nfauto,dedode_L-C4-v2_B-upright,lgm,0.1,4.52,45,31.0,3669.0,,lmeds630,4224.0,246.11610029223817,1.0,8.0,magsac630,40.2,1.44,384
band1,win2048_nfauto,imw-xfeat-dense,internal,0.213,4.46,21,17.0,1398.0,,lmeds630,4226.0,246.5317622849115,3.0,8.0,magsac630,11.5,2.16,2048
band1,win256_nfauto,disk_epipolar,fginn_fm1,0.054,2.69,50,30.0,2439.0,,magsac630,4227.0,247.73918715177768,3.0,8.0,lmeds630,33.4,5.22,256
band1,win1152_nfauto,imw-xfeat-dense,internal,0.274,5.75,21,16.0,1399.0,,lmeds630,4228.0,248.29276585768767,3.0,8.0,magsac630,13.6,2.16,1152
band1,win3968_nfauto,imw-liftfeat-nn-kt0p2,internal,0.301,6.33,21,20.0,1702.0,,lmeds630,4229.0,248.73700429736527,2.0,8.0,magsac630,16.6,3.2,3968
band1,win768_nfauto,disk_depth,smnn0.9,0.234,4.45,19,12.0,2269.0,,lmeds630,4230.0,250.0199418527097,2.0,8.0,lmeds630,32.8,12.89,768
band1,win896_nfauto,disk_depth,smnn0.9,0.196,3.72,19,12.0,2403.0,,lmeds630,4232.0,250.0199418527097,2.0,8.0,lmeds630,33.3,12.89,896
band1,win1024_nfauto,disk_depth,smnn0.9,0.197,3.75,19,12.0,2405.0,,lmeds630,4234.0,250.0199418527097,2.0,8.0,lmeds630,32.0,12.89,1024
band1,win1152_nfauto,disk_depth,smnn0.9,0.199,3.78,19,12.0,2403.0,,lmeds630,4236.0,250.0199418527097,2.0,8.0,lmeds630,32.5,12.89,1152
band1,win1280_nfauto,disk_depth,smnn0.9,0.199,3.78,19,12.0,2403.0,,lmeds630,4238.0,250.0199418527097,2.0,8.0,lmeds630,32.3,12.89,1280
band1,win1408_nfauto,disk_depth,smnn0.9,0.2,3.79,19,12.0,2405.0,,lmeds630,4240.0,250.0199418527097,2.0,8.0,lmeds630,32.7,12.89,1408
band1,win1536_nfauto,disk_depth,smnn0.9,0.204,3.87,19,12.0,2404.0,,lmeds630,4242.0,250.0199418527097,2.0,8.0,lmeds630,33.5,12.89,1536
band1,win1664_nfauto,disk_depth,smnn0.9,0.197,3.74,19,12.0,2405.0,,lmeds630,4244.0,250.0199418527097,2.0,8.0,lmeds630,32.8,12.89,1664
band1,win1792_nfauto,disk_depth,smnn0.9,0.204,3.87,19,12.0,2403.0,,lmeds630,4246.0,250.0199418527097,2.0,8.0,lmeds630,32.6,12.89,1792
band1,win1920_nfauto,disk_depth,smnn0.9,0.197,3.74,19,12.0,2403.0,,lmeds630,4248.0,250.0199418527097,2.0,8.0,lmeds630,32.1,12.89,1920
band1,win2048_nfauto,disk_depth,smnn0.9,0.197,3.74,19,12.0,2403.0,,lmeds630,4250.0,250.0199418527097,2.0,8.0,lmeds630,32.0,12.89,2048
band1,win2176_nfauto,disk_depth,smnn0.9,0.2,3.8,19,12.0,2405.0,,lmeds630,4252.0,250.0199418527097,2.0,8.0,lmeds630,32.6,12.89,2176
band1,win2304_nfauto,disk_depth,smnn0.9,0.2,3.8,19,12.0,2403.0,,lmeds630,4254.0,250.0199418527097,2.0,8.0,lmeds630,32.6,12.89,2304
band1,win2432_nfauto,disk_depth,smnn0.9,0.197,3.75,19,12.0,2403.0,,lmeds630,4256.0,250.0199418527097,2.0,8.0,lmeds630,32.1,12.89,2432
band1,win2560_nfauto,disk_depth,smnn0.9,0.197,3.75,19,12.0,2403.0,,lmeds630,4258.0,250.0199418527097,2.0,8.0,lmeds630,32.3,12.89,2560
band1,win2688_nfauto,disk_depth,smnn0.9,0.198,3.76,19,12.0,2403.0,,lmeds630,4260.0,250.0199418527097,2.0,8.0,lmeds630,32.6,12.89,2688
band1,win2816_nfauto,disk_depth,smnn0.9,0.2,3.8,19,12.0,2405.0,,lmeds630,4262.0,250.0199418527097,2.0,8.0,lmeds630,32.5,12.89,2816
band1,win2944_nfauto,disk_depth,smnn0.9,0.199,3.79,19,12.0,2403.0,,lmeds630,4264.0,250.0199418527097,2.0,8.0,lmeds630,33.2,12.89,2944
band1,win3072_nfauto,disk_depth,smnn0.9,0.197,3.74,19,12.0,2403.0,,lmeds630,4266.0,250.0199418527097,2.0,8.0,lmeds630,32.1,12.89,3072
band1,win3200_nfauto,disk_depth,smnn0.9,0.2,3.8,19,12.0,2403.0,,lmeds630,4268.0,250.0199418527097,2.0,8.0,lmeds630,32.5,12.89,3200
band1,win3328_nfauto,disk_depth,smnn0.9,0.203,3.85,19,12.0,2405.0,,lmeds630,4270.0,250.0199418527097,2.0,8.0,lmeds630,33.6,12.89,3328
band1,win3456_nfauto,disk_depth,smnn0.9,0.196,3.73,19,12.0,2405.0,,lmeds630,4272.0,250.0199418527097,2.0,8.0,lmeds630,32.1,12.89,3456
band1,win3584_nfauto,disk_depth,smnn0.9,0.203,3.85,19,12.0,2403.0,,lmeds630,4274.0,250.0199418527097,2.0,8.0,lmeds630,34.6,12.89,3584
band1,win3712_nfauto,disk_depth,smnn0.9,0.2,3.81,19,12.0,2403.0,,lmeds630,4276.0,250.0199418527097,2.0,8.0,lmeds630,32.3,12.89,3712
band1,win3840_nfauto,disk_depth,smnn0.9,0.205,3.89,19,12.0,2403.0,,lmeds630,4278.0,250.0199418527097,2.0,8.0,lmeds630,33.0,12.89,3840
band1,win3968_nfauto,disk_depth,smnn0.9,0.201,3.82,19,12.0,2403.0,,lmeds630,4280.0,250.0199418527097,2.0,8.0,lmeds630,32.5,12.89,3968
band1,win4096_nfauto,disk_depth,smnn0.9,0.198,3.76,19,12.0,2405.0,,lmeds630,4282.0,250.0199418527097,2.0,8.0,lmeds630,32.1,12.89,4096
band1,win3456_nfauto,dedode_L-C4-v2_G-C4,fginn_fm1,0.305,6.1,20,15.0,1575.0,,lmeds630,4284.0,250.47152418066827,2.0,8.0,magsac630,78.4,25.67,3456
band1,win1536_nfauto,dedode_L-C4-v2_B-C4,ada,0.21,4.42,21,7.0,9352.0,,magsac630,4286.0,250.790224437426,1.0,8.0,magsac630,52.3,8.44,1536
band1,win896_nfauto,dog_sosnet,ada,0.122,2.44,20,15.0,2316.0,,magsac630,4287.0,250.7936623886246,2.0,8.0,magsac630,20.9,3.27,896
band1,win1024_nfauto,dog_sosnet,ada,0.129,2.58,20,15.0,2316.0,,magsac630,4288.0,250.7936623886246,2.0,8.0,magsac630,22.1,3.27,1024
band1,win1152_nfauto,dog_sosnet,ada,0.118,2.35,20,15.0,2316.0,,magsac630,4289.0,250.7936623886246,2.0,8.0,magsac630,20.3,3.27,1152
band1,win1280_nfauto,dog_sosnet,ada,0.13,2.61,20,15.0,2316.0,,magsac630,4290.0,250.7936623886246,2.0,8.0,magsac630,22.2,3.27,1280
band1,win1408_nfauto,dog_sosnet,ada,0.119,2.38,20,15.0,2316.0,,magsac630,4291.0,250.7936623886246,2.0,8.0,magsac630,20.8,3.27,1408
band1,win1536_nfauto,dog_sosnet,ada,0.118,2.36,20,15.0,2316.0,,magsac630,4292.0,250.7936623886246,2.0,8.0,magsac630,20.4,3.27,1536
band1,win1664_nfauto,dog_sosnet,ada,0.122,2.44,20,15.0,2316.0,,magsac630,4293.0,250.7936623886246,2.0,8.0,magsac630,21.0,3.27,1664
band1,win1792_nfauto,dog_sosnet,ada,0.122,2.44,20,15.0,2316.0,,magsac630,4294.0,250.7936623886246,2.0,8.0,magsac630,21.0,3.27,1792
band1,win1920_nfauto,dog_sosnet,ada,0.12,2.4,20,15.0,2316.0,,magsac630,4295.0,250.7936623886246,2.0,8.0,magsac630,20.7,3.27,1920
band1,win2048_nfauto,dog_sosnet,ada,0.129,2.57,20,15.0,2316.0,,magsac630,4296.0,250.7936623886246,2.0,8.0,magsac630,22.0,3.27,2048
band1,win2176_nfauto,dog_sosnet,ada,0.129,2.58,20,15.0,2316.0,,magsac630,4297.0,250.7936623886246,2.0,8.0,magsac630,22.4,3.27,2176
band1,win2304_nfauto,dog_sosnet,ada,0.122,2.43,20,15.0,2316.0,,magsac630,4298.0,250.7936623886246,2.0,8.0,magsac630,20.9,3.27,2304
band1,win2432_nfauto,dog_sosnet,ada,0.12,2.41,20,15.0,2316.0,,magsac630,4299.0,250.7936623886246,2.0,8.0,magsac630,21.0,3.27,2432
band1,win2560_nfauto,dog_sosnet,ada,0.118,2.36,20,15.0,2316.0,,magsac630,4300.0,250.7936623886246,2.0,8.0,magsac630,20.9,3.27,2560
band1,win2688_nfauto,dog_sosnet,ada,0.122,2.43,20,15.0,2316.0,,magsac630,4301.0,250.7936623886246,2.0,8.0,magsac630,20.7,3.27,2688
band1,win2816_nfauto,dog_sosnet,ada,0.118,2.37,20,15.0,2316.0,,magsac630,4302.0,250.7936623886246,2.0,8.0,magsac630,20.4,3.27,2816
band1,win2944_nfauto,dog_sosnet,ada,0.123,2.45,20,15.0,2316.0,,magsac630,4303.0,250.7936623886246,2.0,8.0,magsac630,21.4,3.27,2944
band1,win3072_nfauto,dog_sosnet,ada,0.122,2.45,20,15.0,2316.0,,magsac630,4304.0,250.7936623886246,2.0,8.0,magsac630,21.0,3.27,3072
band1,win3200_nfauto,dog_sosnet,ada,0.124,2.47,20,15.0,2316.0,,magsac630,4305.0,250.7936623886246,2.0,8.0,magsac630,21.4,3.27,3200
band1,win3328_nfauto,dog_sosnet,ada,0.123,2.45,20,15.0,2316.0,,magsac630,4306.0,250.7936623886246,2.0,8.0,magsac630,21.0,3.27,3328
band1,win3456_nfauto,dog_sosnet,ada,0.118,2.35,20,15.0,2316.0,,magsac630,4307.0,250.7936623886246,2.0,8.0,magsac630,20.2,3.27,3456
band1,win3584_nfauto,dog_sosnet,ada,0.119,2.38,20,15.0,2316.0,,magsac630,4308.0,250.7936623886246,2.0,8.0,magsac630,24.6,3.27,3584
band1,win3712_nfauto,dog_sosnet,ada,0.121,2.42,20,15.0,2316.0,,magsac630,4309.0,250.7936623886246,2.0,8.0,magsac630,21.1,3.27,3712
band1,win3840_nfauto,dog_sosnet,ada,0.119,2.38,20,15.0,2316.0,,magsac630,4310.0,250.7936623886246,2.0,8.0,magsac630,20.8,3.27,3840
band1,win3968_nfauto,dog_sosnet,ada,0.134,2.69,20,15.0,2316.0,,magsac630,4311.0,250.7936623886246,2.0,8.0,magsac630,22.4,3.27,3968
band1,win4096_nfauto,dog_sosnet,ada,0.121,2.42,20,15.0,2316.0,,magsac630,4312.0,250.7936623886246,2.0,8.0,magsac630,20.8,3.27,4096
band1,win896_nfauto,dedode_L-upright_B-upright,fginn_fm1,0.176,3.69,21,10.0,880.0,,lmeds630,4313.0,250.85004914045484,1.0,8.0,magsac630,191.9,32.91,896
band1,win2944_nfauto,dedode_L-C4-v2_B-upright,ada,0.217,4.56,21,10.0,7570.0,,magsac630,4314.0,250.98210042765427,1.0,8.0,magsac630,58.4,32.9,2944
band1,win1408_nfauto,dedode_L-C4-v2_B-C4,ada,0.206,4.33,21,8.0,8135.0,,magsac630,4316.0,251.21169967715545,1.0,8.0,magsac630,50.0,6.44,1408
band1,win512_nfauto,disk_epipolar,lgm,0.274,2.46,9,4.0,1435.0,,lmeds630,4317.0,251.50219271469464,1.0,8.0,lmeds630,22.9,5.41,512
band1,win1152_nfauto,dedode_L-C4-v2_B-C4,lgm,0.218,4.36,20,13.0,4849.0,,lmeds630,4320.0,251.50219271469464,1.0,8.0,magsac630,45.5,3.13,1152
band1,win1664_nfauto,dedode_L-C4-v2_B-C4,lgm,0.24,4.8,20,14.0,6631.0,,lmeds630,4321.0,251.50219271469464,1.0,8.0,magsac630,53.4,8.84,1664
band1,win1792_nfauto,dedode_L-C4-v2_B-C4,lgm,0.247,4.93,20,14.0,6810.0,,lmeds630,4322.0,251.50219271469464,1.0,8.0,magsac630,53.0,9.62,1792
band1,win1920_nfauto,dedode_L-C4-v2_B-C4,lgm,0.242,4.84,20,14.0,6806.0,,lmeds630,4323.0,251.50219271469464,1.0,8.0,magsac630,51.5,9.62,1920
band1,win3200_nfauto,dedode_L-C4-v2_B-C4,lgm,0.248,4.96,20,14.0,6783.0,,lmeds630,4324.0,251.50219271469464,1.0,8.0,magsac630,53.8,9.63,3200
band1,win3584_nfauto,dedode_L-C4-v2_B-C4,lgm,0.244,4.88,20,14.0,6783.0,,lmeds630,4325.0,251.50219271469464,1.0,8.0,magsac630,52.8,9.63,3584
band1,win1536_nfauto,dedode_L-C4-v2_B-C4,lgm,0.237,4.74,20,14.0,6462.0,,lmeds630,4326.0,251.50315659785164,1.0,8.0,magsac630,52.3,8.44,1536
band1,win2048_nfauto,dedode_L-C4-v2_B-C4,lgm,0.241,4.82,20,14.0,6809.0,,lmeds630,4327.0,251.50315659785164,1.0,8.0,magsac630,51.6,9.62,2048
band1,win2176_nfauto,dedode_L-C4-v2_B-C4,lgm,0.241,4.82,20,14.0,6807.0,,lmeds630,4328.0,251.50315659785164,1.0,8.0,magsac630,53.8,9.62,2176
band1,win2304_nfauto,dedode_L-C4-v2_B-C4,lgm,0.242,4.83,20,14.0,6791.0,,lmeds630,4329.0,251.50315659785164,1.0,8.0,magsac630,53.2,9.63,2304
band1,win2432_nfauto,dedode_L-C4-v2_B-C4,lgm,0.243,4.85,20,14.0,6805.0,,lmeds630,4330.0,251.50315659785164,1.0,8.0,magsac630,51.4,9.62,2432
band1,win2560_nfauto,dedode_L-C4-v2_B-C4,lgm,0.248,4.96,20,14.0,6807.0,,lmeds630,4331.0,251.50315659785164,1.0,8.0,magsac630,53.3,9.62,2560
band1,win2688_nfauto,dedode_L-C4-v2_B-C4,lgm,0.251,5.02,20,14.0,6806.0,,lmeds630,4332.0,251.50315659785164,1.0,8.0,magsac630,55.1,9.62,2688
band1,win2816_nfauto,dedode_L-C4-v2_B-C4,lgm,0.247,4.94,20,14.0,6806.0,,lmeds630,4333.0,251.50315659785164,1.0,8.0,magsac630,53.1,9.62,2816
band1,win2944_nfauto,dedode_L-C4-v2_B-C4,lgm,0.242,4.83,20,14.0,6808.0,,lmeds630,4334.0,251.50315659785164,1.0,8.0,magsac630,51.6,9.62,2944
band1,win3072_nfauto,dedode_L-C4-v2_B-C4,lgm,0.241,4.82,20,14.0,6806.0,,lmeds630,4335.0,251.50315659785164,1.0,8.0,magsac630,51.8,9.62,3072
band1,win3328_nfauto,dedode_L-C4-v2_B-C4,lgm,0.242,4.84,20,14.0,6809.0,,lmeds630,4336.0,251.50315659785164,1.0,8.0,magsac630,52.9,9.62,3328
band1,win3456_nfauto,dedode_L-C4-v2_B-C4,lgm,0.244,4.88,20,14.0,6808.0,,lmeds630,4337.0,251.50315659785164,1.0,8.0,magsac630,68.1,9.62,3456
band1,win3712_nfauto,dedode_L-C4-v2_B-C4,lgm,0.248,4.96,20,14.0,6804.0,,lmeds630,4338.0,251.50315659785164,1.0,8.0,magsac630,54.7,9.62,3712
band1,win3840_nfauto,dedode_L-C4-v2_B-C4,lgm,0.246,4.91,20,14.0,6806.0,,lmeds630,4339.0,251.50315659785164,1.0,8.0,magsac630,53.2,9.62,3840
band1,win3968_nfauto,dedode_L-C4-v2_B-C4,lgm,0.242,4.84,20,14.0,6783.0,,lmeds630,4340.0,251.50315659785164,1.0,8.0,magsac630,52.7,9.62,3968
band1,win4096_nfauto,dedode_L-C4-v2_B-C4,lgm,0.242,4.85,20,14.0,6806.0,,lmeds630,4341.0,251.50315659785164,1.0,8.0,magsac630,51.5,9.62,4096
band1,win1664_nfauto,dedode_L-upright_B-C4,lgm,0.299,4.79,16,10.0,4308.0,,lmeds630,4342.0,251.90385225162004,1.0,8.0,magsac630,61.6,16.64,1664
band1,win384_nfauto,imw-rord-nn-kt0p2,internal,0.232,7.64,33,15.0,418.0,,lmeds630,4343.0,252.232496190144,1.0,8.0,magsac630,15.9,0.67,384
band1,win1664_nfauto,dedode_L-upright_B-upright,ada,0.209,4.4,21,11.0,11055.0,,magsac630,4344.0,252.656253116938,1.0,8.0,lmeds630,204.3,32.93,1664
band1,win3584_nfauto,imw-xfeat-dense,internal,0.21,4.4,21,17.0,1408.0,,lmeds630,4345.0,252.6651052119323,3.0,8.0,magsac630,11.3,2.16,3584
band1,win1536_nfauto,dedode_L-upright_B-upright,ada,0.207,4.36,21,11.0,9532.0,,magsac630,4346.0,253.0840282699621,1.0,8.0,lmeds630,203.8,32.93,1536
band1,win1536_nfauto,dedode_L-upright_B-C4,lgm,0.303,4.85,16,10.0,4069.0,,lmeds630,4347.0,253.10926996269907,1.0,8.0,magsac630,54.7,16.64,1536
band1,win3968_nfauto,imw-xfeat-dense,internal,0.22,4.62,21,17.0,1410.0,,lmeds630,4348.0,253.70488748675996,3.0,8.0,magsac630,12.0,2.16,3968
band1,win768_nfauto,imw-xfeat-dense,internal,0.216,4.54,21,16.0,1431.0,,lmeds630,4349.0,254.49952242311932,3.0,8.0,magsac630,12.2,2.16,768
band1,win640_nfauto,dedode_L-C4_B-C4,nn,0.168,3.53,21,4.0,1843.0,,magsac630,4350.0,254.5467275708812,1.0,8.0,magsac630,36.4,1.44,640
band1,win1536_nfauto,disk_epipolar,smnn0.9,0.123,2.58,21,16.0,2827.0,,lmeds630,4352.0,254.82353311911643,3.0,8.0,magsac630,26.1,0.76,1536
band1,win768_nfauto,imw-sfd2-nn-kt0p2,internal,0.688,13.76,20,15.0,1052.0,,lmeds630,4385.0,257.77030335169786,3.0,8.0,lmeds630,38.7,32.72,768
band1,win1536_nfauto,imw-liftfeat-nn-kt0p2,internal,0.264,5.54,21,19.0,1698.0,,lmeds630,4386.0,257.8918944686787,2.0,8.0,magsac630,14.4,3.2,1536
band1,win896_nfauto,dedode_L-C4-v2_B-upright,ada,0.183,3.83,21,10.0,2118.0,,magsac630,4387.0,259.26875621541825,1.0,8.0,lmeds630,44.3,16.58,896
band1,win1280_nfauto,dedode_L-upright_B-C4,lgm,0.278,4.45,16,10.0,3055.0,,lmeds630,4388.0,259.5111350486932,1.0,8.0,lmeds630,54.5,16.64,1280
band1,win2304_nfauto,dedode_L-upright_B-C4,lgm,0.301,4.81,16,10.0,4305.0,,lmeds630,4395.0,261.51459732908603,1.0,8.0,magsac630,55.2,16.64,2304
band1,win640_nfauto,dedode_L-upright_B-C4,ada,0.162,3.4,21,7.0,2950.0,,lmeds630,4396.0,261.53727616611377,1.0,8.0,magsac630,39.6,16.63,640
band1,win1664_nfauto,imw-xfeat-dense,internal,0.207,4.35,21,17.0,1396.0,,lmeds630,4397.0,261.582928292227,3.0,8.0,magsac630,11.3,2.16,1664
band1,win256_nfauto,imw-sp-sg-kt0p2,internal,0.162,8.08,50,6.0,39.0,,lmeds630,4398.0,261.9706814979095,2.0,8.0,lmeds630,47.0,32.63,256
band1,win1152_nfauto,dedode_L-C4-v2_G-C4,lgm,0.339,6.1,18,13.0,660.0,,lmeds630,4399.0,263.2402520563609,1.0,8.0,magsac630,69.0,25.67,1152
band1,win2176_nfauto,dedode_L-upright_B-C4,lgm,0.307,4.91,16,10.0,4305.0,,lmeds630,4400.0,264.03082327159404,1.0,8.0,magsac630,57.0,16.64,2176
band1,win2560_nfauto,dedode_L-upright_B-C4,lgm,0.298,4.77,16,10.0,4305.0,,lmeds630,4401.0,264.03082327159404,1.0,8.0,magsac630,55.0,16.64,2560
band1,win2688_nfauto,dedode_L-upright_B-C4,lgm,0.299,4.79,16,10.0,4305.0,,lmeds630,4402.0,264.03082327159404,1.0,8.0,magsac630,57.2,16.64,2688
band1,win2816_nfauto,dedode_L-upright_B-C4,lgm,0.301,4.82,16,10.0,4305.0,,lmeds630,4403.0,264.03082327159404,1.0,8.0,magsac630,54.8,16.64,2816
band1,win3072_nfauto,dedode_L-upright_B-C4,lgm,0.298,4.77,16,10.0,4305.0,,lmeds630,4404.0,264.03082327159404,1.0,8.0,magsac630,55.5,16.64,3072
band1,win3840_nfauto,dedode_L-upright_B-C4,lgm,0.306,4.9,16,10.0,4305.0,,lmeds630,4405.0,264.03082327159404,1.0,8.0,magsac630,55.3,16.64,3840
band1,win4096_nfauto,dedode_L-upright_B-C4,lgm,0.299,4.79,16,10.0,4305.0,,lmeds630,4406.0,264.03082327159404,1.0,8.0,magsac630,54.6,16.64,4096
band1,win1408_nfauto,dedode_L-C4-v2_B-C4,lgm,0.232,4.64,20,14.0,6106.0,,lmeds630,4407.0,264.0924444040462,1.0,8.0,magsac630,50.0,6.44,1408
band1,win1792_nfauto,dedode_L-C4_B-C4,lgm,0.285,4.84,17,10.0,4996.0,,lmeds630,4409.0,264.0924444040462,1.0,8.0,lmeds630,51.3,8.24,1792
band1,win1920_nfauto,dedode_L-C4_B-C4,lgm,0.279,4.74,17,10.0,4996.0,,lmeds630,4411.0,264.0924444040462,1.0,8.0,lmeds630,50.2,8.24,1920
band1,win2048_nfauto,dedode_L-C4_B-C4,lgm,0.277,4.71,17,10.0,5015.0,,lmeds630,4413.0,264.0924444040462,1.0,8.0,lmeds630,49.9,8.24,2048
band1,win2176_nfauto,dedode_L-C4_B-C4,lgm,0.28,4.77,17,10.0,5015.0,,lmeds630,4415.0,264.0924444040462,1.0,8.0,lmeds630,51.2,8.24,2176
band1,win2304_nfauto,dedode_L-C4_B-C4,lgm,0.287,4.88,17,10.0,5020.0,,lmeds630,4417.0,264.0924444040462,1.0,8.0,lmeds630,52.2,8.23,2304
band1,win2432_nfauto,dedode_L-C4_B-C4,lgm,0.279,4.74,17,10.0,5016.0,,lmeds630,4419.0,264.0924444040462,1.0,8.0,lmeds630,49.9,8.24,2432
band1,win2560_nfauto,dedode_L-C4_B-C4,lgm,0.281,4.79,17,10.0,5015.0,,lmeds630,4421.0,264.0924444040462,1.0,8.0,lmeds630,51.6,8.24,2560
band1,win2688_nfauto,dedode_L-C4_B-C4,lgm,0.282,4.79,17,10.0,5015.0,,lmeds630,4423.0,264.0924444040462,1.0,8.0,lmeds630,50.8,8.24,2688
band1,win2816_nfauto,dedode_L-C4_B-C4,lgm,0.28,4.76,17,10.0,5015.0,,lmeds630,4425.0,264.0924444040462,1.0,8.0,lmeds630,50.8,8.24,2816
band1,win2944_nfauto,dedode_L-C4_B-C4,lgm,0.28,4.75,17,10.0,5015.0,,lmeds630,4427.0,264.0924444040462,1.0,8.0,lmeds630,50.0,8.24,2944
band1,win3072_nfauto,dedode_L-C4_B-C4,lgm,0.278,4.72,17,10.0,5015.0,,lmeds630,4429.0,264.0924444040462,1.0,8.0,lmeds630,52.1,8.24,3072
band1,win3328_nfauto,dedode_L-C4_B-C4,lgm,0.284,4.83,17,10.0,5015.0,,lmeds630,4431.0,264.0924444040462,1.0,8.0,lmeds630,51.7,8.24,3328
band1,win3456_nfauto,dedode_L-C4_B-C4,lgm,0.282,4.79,17,10.0,5015.0,,lmeds630,4433.0,264.0924444040462,1.0,8.0,lmeds630,52.9,8.24,3456
band1,win3712_nfauto,dedode_L-C4_B-C4,lgm,0.285,4.85,17,10.0,5015.0,,lmeds630,4435.0,264.0924444040462,1.0,8.0,lmeds630,52.3,8.24,3712
band1,win3840_nfauto,dedode_L-C4_B-C4,lgm,0.284,4.83,17,10.0,5015.0,,lmeds630,4437.0,264.0924444040462,1.0,8.0,lmeds630,50.8,8.24,3840
band1,win3968_nfauto,dedode_L-C4_B-C4,lgm,0.287,4.88,17,10.0,5013.0,,lmeds630,4439.0,264.0924444040462,1.0,8.0,lmeds630,52.1,8.24,3968
band1,win4096_nfauto,dedode_L-C4_B-C4,lgm,0.28,4.75,17,10.0,5015.0,,lmeds630,4441.0,264.0924444040462,1.0,8.0,lmeds630,51.8,8.24,4096
band1,win1280_nfauto,dedode_L-C4-v2_B-C4,lgm,0.222,4.43,20,14.0,5479.0,,lmeds630,4443.0,264.09351830632204,1.0,8.0,magsac630,47.6,4.6,1280
band1,win896_nfauto,dedode_L-C4-v2_B-C4,lgm,0.201,4.02,20,14.0,3267.0,,lmeds630,4444.0,264.0945922648154,1.0,8.0,lmeds630,41.1,1.44,896
band1,win1024_nfauto,dedode_L-C4-v2_B-C4,lgm,0.206,4.12,20,13.0,4111.0,,lmeds630,4446.0,264.0945922648154,1.0,8.0,lmeds630,42.6,2.02,1024
band1,win1408_nfauto,dedode_L-C4_B-C4,lgm,0.27,4.59,17,11.0,4113.0,,lmeds630,4448.0,264.0945922648154,1.0,8.0,lmeds630,47.9,6.08,1408
band1,win1792_nfauto,imw-xfeat-dense,internal,0.219,4.61,21,16.0,1395.0,,lmeds630,4450.0,264.43905138099586,3.0,8.0,magsac630,11.3,2.16,1792
band1,win2432_nfauto,dedode_L-upright_B-C4,lgm,0.299,4.79,16,10.0,4304.0,,lmeds630,4451.0,264.4648326937888,1.0,8.0,magsac630,57.6,16.64,2432
band1,win1792_nfauto,dedode_L-upright_B-upright,ada,0.216,4.54,21,11.0,11341.0,,magsac630,4453.0,265.75071566650684,1.0,8.0,lmeds630,204.7,32.93,1792
band1,win1920_nfauto,dedode_L-upright_B-upright,ada,0.215,4.51,21,12.0,11366.0,,magsac630,4454.0,265.75071566650684,1.0,8.0,lmeds630,208.6,32.93,1920
band1,win2048_nfauto,dedode_L-upright_B-upright,ada,0.21,4.4,21,11.0,11521.0,,magsac630,4455.0,265.75071566650684,1.0,8.0,lmeds630,205.1,32.93,2048
band1,win2176_nfauto,dedode_L-upright_B-upright,ada,0.215,4.51,21,11.0,11340.0,,magsac630,4456.0,265.75071566650684,1.0,8.0,lmeds630,205.9,32.93,2176
band1,win2304_nfauto,dedode_L-upright_B-upright,ada,0.219,4.59,21,11.0,11016.0,,magsac630,4457.0,265.75071566650684,1.0,8.0,lmeds630,206.4,32.93,2304
band1,win2432_nfauto,dedode_L-upright_B-upright,ada,0.209,4.39,21,11.0,11338.0,,magsac630,4458.0,265.75071566650684,1.0,8.0,lmeds630,204.4,32.93,2432
band1,win2560_nfauto,dedode_L-upright_B-upright,ada,0.21,4.4,21,11.0,11338.0,,magsac630,4459.0,265.75071566650684,1.0,8.0,lmeds630,203.7,32.93,2560
band1,win2688_nfauto,dedode_L-upright_B-upright,ada,0.214,4.5,21,12.0,11365.0,,magsac630,4460.0,265.75071566650684,1.0,8.0,lmeds630,206.7,32.93,2688
band1,win2816_nfauto,dedode_L-upright_B-upright,ada,0.213,4.47,21,11.0,11338.0,,magsac630,4461.0,265.75071566650684,1.0,8.0,lmeds630,205.4,32.93,2816
band1,win2944_nfauto,dedode_L-upright_B-upright,ada,0.212,4.44,21,11.0,11521.0,,magsac630,4462.0,265.75071566650684,1.0,8.0,lmeds630,203.9,32.93,2944
band1,win3072_nfauto,dedode_L-upright_B-upright,ada,0.209,4.39,21,11.0,11343.0,,magsac630,4463.0,265.75071566650684,1.0,8.0,lmeds630,206.0,32.93,3072
band1,win3328_nfauto,dedode_L-upright_B-upright,ada,0.212,4.45,21,11.0,11521.0,,magsac630,4464.0,265.75071566650684,1.0,8.0,lmeds630,205.6,32.93,3328
band1,win3456_nfauto,dedode_L-upright_B-upright,ada,0.209,4.4,21,11.0,11521.0,,magsac630,4465.0,265.75071566650684,1.0,8.0,lmeds630,203.7,32.93,3456
band1,win3712_nfauto,dedode_L-upright_B-upright,ada,0.21,4.42,21,11.0,11519.0,,magsac630,4466.0,265.75071566650684,1.0,8.0,lmeds630,205.3,32.93,3712
band1,win3840_nfauto,dedode_L-upright_B-upright,ada,0.216,4.54,21,12.0,11365.0,,magsac630,4467.0,265.75071566650684,1.0,8.0,lmeds630,205.5,32.93,3840
band1,win4096_nfauto,dedode_L-upright_B-upright,ada,0.209,4.39,21,11.0,11338.0,,magsac630,4468.0,265.75071566650684,1.0,8.0,lmeds630,206.4,32.93,4096
band1,win2048_nfauto,dedode_L-C4-v2_B-upright,ada,0.215,4.51,21,12.0,7598.0,,magsac630,4469.0,266.00593297349127,1.0,8.0,lmeds630,58.0,32.9,2048
band1,win3328_nfauto,dedode_L-C4-v2_B-upright,ada,0.216,4.53,21,12.0,7598.0,,magsac630,4471.0,266.00593297349127,1.0,8.0,lmeds630,59.4,32.9,3328
band1,win1024_nfauto,dedode_L-upright_B-C4,nn,0.202,4.24,21,6.0,5345.0,,magsac630,4472.0,266.0270655131331,1.0,8.0,magsac630,45.9,16.63,1024
band1,win3968_nfauto,dedode_L-upright_B-upright,ada,0.213,4.47,21,11.0,10656.0,,magsac630,4473.0,266.1087797645503,1.0,8.0,lmeds630,205.9,32.93,3968
band1,win1152_nfauto,imw-liftfeat-nn-kt0p2,internal,0.269,5.64,21,19.0,1686.0,,lmeds630,4474.0,266.16172928700627,2.0,8.0,magsac630,15.1,3.2,1152
band1,win3200_nfauto,dedode_L-upright_B-upright,ada,0.213,4.47,21,11.0,11053.0,,magsac630,4475.0,266.4762870907892,1.0,8.0,lmeds630,205.9,32.93,3200
band1,win3584_nfauto,dedode_L-upright_B-upright,ada,0.213,4.47,21,11.0,11053.0,,magsac630,4476.0,266.4762870907892,1.0,8.0,lmeds630,205.5,32.93,3584
band1,win512_nfauto,dedode_L-C4-v2_B-C4,lgm,0.139,3.89,28,21.0,1529.0,,lmeds630,4477.0,266.82488239785874,1.0,8.0,magsac630,37.5,1.44,512
band1,win1152_nfauto,imw-sfd2-nn-kt0p2,internal,0.429,9.0,21,15.0,1048.0,,lmeds630,4478.0,267.022137279582,3.0,8.0,lmeds630,27.7,32.72,1152
band1,win1280_nfauto,imw-sfd2-nn-kt0p2,internal,0.45,9.0,20,15.0,1048.0,,lmeds630,4479.0,267.022137279582,3.0,8.0,lmeds630,27.5,32.72,1280
band1,win1536_nfauto,imw-sfd2-nn-kt0p2,internal,0.429,9.02,21,15.0,1048.0,,lmeds630,4480.0,267.022137279582,3.0,8.0,lmeds630,27.4,32.72,1536
band1,win1792_nfauto,imw-sfd2-nn-kt0p2,internal,0.452,9.03,20,15.0,1048.0,,lmeds630,4481.0,267.022137279582,3.0,8.0,lmeds630,27.5,32.72,1792
band1,win2688_nfauto,imw-sfd2-nn-kt0p2,internal,0.425,8.93,21,15.0,1048.0,,lmeds630,4482.0,267.022137279582,3.0,8.0,lmeds630,27.3,32.72,2688
band1,win3072_nfauto,imw-sfd2-nn-kt0p2,internal,0.447,8.95,20,15.0,1048.0,,lmeds630,4483.0,267.022137279582,3.0,8.0,lmeds630,27.8,32.72,3072
band1,win3328_nfauto,imw-sfd2-nn-kt0p2,internal,0.447,8.93,20,15.0,1048.0,,lmeds630,4484.0,267.022137279582,3.0,8.0,lmeds630,27.3,32.72,3328
band1,win3456_nfauto,imw-sfd2-nn-kt0p2,internal,0.43,9.02,21,15.0,1048.0,,lmeds630,4485.0,267.022137279582,3.0,8.0,lmeds630,27.6,32.72,3456
band1,win3584_nfauto,imw-sfd2-nn-kt0p2,internal,0.446,8.92,20,15.0,1048.0,,lmeds630,4486.0,267.022137279582,3.0,8.0,lmeds630,27.4,32.72,3584
band1,win3840_nfauto,imw-sfd2-nn-kt0p2,internal,0.447,8.94,20,15.0,1048.0,,lmeds630,4487.0,267.022137279582,3.0,8.0,lmeds630,27.3,32.72,3840
band1,win2304_nfauto,dedode_L-C4-v2_B-upright,ada,0.216,4.54,21,12.0,7462.0,,magsac630,4488.0,267.062038047301,1.0,8.0,lmeds630,62.1,32.9,2304
band1,win2176_nfauto,dedode_L-C4-v2_B-upright,ada,0.215,4.51,21,12.0,7789.0,,magsac630,4489.0,267.19449533815055,1.0,8.0,lmeds630,58.3,32.9,2176
band1,win2560_nfauto,dedode_L-C4-v2_B-upright,ada,0.222,4.67,21,12.0,7789.0,,magsac630,4490.0,267.19449533815055,1.0,8.0,lmeds630,60.2,32.9,2560
band1,win4096_nfauto,dedode_L-C4-v2_B-upright,ada,0.217,4.56,21,12.0,7789.0,,magsac630,4491.0,267.19449533815055,1.0,8.0,lmeds630,58.4,32.9,4096
band1,win1152_nfauto,dedode_L-upright_B-upright,ada,0.194,4.08,21,9.0,5020.0,,magsac630,4492.0,267.27614650296096,1.0,8.0,lmeds630,197.8,32.92,1152
band1,win1280_nfauto,imw-liftfeat-nn-kt0p2,internal,0.268,5.63,21,19.0,1688.0,,lmeds630,4493.0,267.32575743616803,2.0,8.0,magsac630,15.7,3.2,1280
band1,win3200_nfauto,dedode_L-C4-v2_B-upright,ada,0.223,4.68,21,12.0,7247.0,,magsac630,4494.0,267.351022119904,1.0,8.0,lmeds630,60.1,32.9,3200
band1,win3584_nfauto,dedode_L-C4-v2_B-upright,ada,0.219,4.59,21,12.0,7247.0,,magsac630,4495.0,267.351022119904,1.0,8.0,lmeds630,61.9,32.9,3584
band1,win2560_nfauto,imw-xfeat-dense,internal,0.207,4.35,21,16.0,1405.0,,lmeds630,4515.0,267.7017204889546,3.0,8.0,magsac630,11.1,2.16,2560
band1,win3200_nfauto,dedode_L-upright_B-C4,lgm,0.306,4.9,16,10.0,4294.0,,lmeds630,4516.0,267.90462395905456,1.0,8.0,magsac630,56.0,16.64,3200
band1,win3584_nfauto,dedode_L-upright_B-C4,lgm,0.31,4.97,16,10.0,4294.0,,lmeds630,4517.0,267.90462395905456,1.0,8.0,magsac630,57.8,16.64,3584
band1,win3712_nfauto,imw-xfeat-lg,internal,0.231,4.15,18,16.0,5293.0,,lmeds630,4518.0,268.01395994247264,3.0,8.0,magsac630,10.8,0.58,3712
band1,win3072_nfauto,imw-xfeat-dense,internal,0.211,4.42,21,17.0,1384.0,,lmeds630,4519.0,268.2513062385872,3.0,8.0,magsac630,11.4,2.16,3072
band1,win1280_nfauto,dedode_L-C4_B-C4,lgm,0.276,4.41,16,11.0,3509.0,,lmeds630,4520.0,268.7278912186073,1.0,8.0,magsac630,46.8,4.31,1280
band1,win1536_nfauto,dedode_L-C4-v2_B-upright,ada,0.219,4.6,21,10.0,6363.0,,magsac630,4522.0,270.0587650298698,1.0,8.0,lmeds630,64.0,32.9,1536
band1,win3200_nfauto,dedode_L-C4-v2_B-upright,mnn,0.202,4.25,21,18.0,6138.0,,magsac630,4523.0,271.157887597412,3.0,8.0,magsac630,60.1,32.9,3200
band1,win384_nfauto,disk_epipolar,snn,0.116,2.21,19,13.0,1464.0,,lmeds630,4524.0,273.0834622595776,1.0,8.0,lmeds630,24.6,0.74,384
band1,win896_nfauto,imw-sfd2-nn-kt0p2,internal,0.446,8.93,20,15.0,1048.0,,lmeds630,4525.0,273.1756636322111,3.0,8.0,lmeds630,27.3,32.72,896
band1,win2048_nfauto,imw-sfd2-nn-kt0p2,internal,0.43,9.03,21,15.0,1048.0,,lmeds630,4526.0,273.1756636322111,3.0,8.0,lmeds630,27.5,32.72,2048
band1,win2176_nfauto,imw-sfd2-nn-kt0p2,internal,0.452,9.03,20,15.0,1048.0,,lmeds630,4527.0,273.1756636322111,3.0,8.0,lmeds630,27.6,32.72,2176
band1,win3200_nfauto,imw-sfd2-nn-kt0p2,internal,0.429,9.02,21,15.0,1048.0,,lmeds630,4528.0,273.1756636322111,3.0,8.0,lmeds630,27.6,32.72,3200
band1,win2432_nfauto,imw-xfeat-lg,internal,0.24,4.32,18,15.0,5283.0,,lmeds630,4529.0,273.2335866764213,2.0,8.0,magsac630,11.1,0.58,2432
band1,win1408_nfauto,imw-xfeat-lg,internal,0.227,4.08,18,15.0,5285.0,,lmeds630,4530.0,273.4768881931207,3.0,8.0,magsac630,10.5,0.58,1408
band1,win2688_nfauto,disk_epipolar,smnn0.9,0.125,2.62,21,16.0,2822.0,,lmeds630,4552.0,273.7796582479009,3.0,8.0,lmeds630,26.5,0.76,2688
band1,win384_nfauto,dedode_L-upright_G-C4,fginn_fm1,0.14,5.19,37,13.0,168.0,,lmeds630,4559.0,276.0136682747199,1.0,8.0,magsac630,113.2,25.73,384
band1,win1280_nfauto,dedode_L-C4_G-C4,mnn,0.276,5.79,21,18.0,3940.0,,magsac630,4560.0,276.78612473465734,2.0,8.0,magsac630,67.7,25.67,1280
band1,win2048_nfauto,dedode_L-C4-v2_B-upright,mnn,0.196,4.12,21,19.0,5900.0,,magsac630,4561.0,276.9406838177634,2.0,8.0,magsac630,58.0,32.9,2048
band1,win3328_nfauto,dedode_L-C4-v2_B-upright,mnn,0.196,4.12,21,19.0,5900.0,,magsac630,4562.0,276.9406838177634,2.0,8.0,magsac630,59.4,32.9,3328
band1,win1280_nfauto,dedode_L-upright_B-upright,fginn_fm1,0.185,3.89,21,13.0,2333.0,,magsac630,4564.0,277.79347061525795,2.0,8.0,lmeds630,199.3,32.92,1280
band1,win256_nfauto,imw-r2d2-nn-kt0p2,internal,0.087,3.9,45,30.0,1135.0,,lmeds630,4565.0,278.16049863256995,2.0,8.0,magsac630,11.6,2.54,256
band1,win1152_nfauto,dedode_L-upright_B-C4,lgm,0.225,4.28,19,10.0,2448.0,,lmeds630,4568.0,279.43707833867427,1.0,8.0,magsac630,50.9,16.63,1152
band1,win384_nfauto,disk_epipolar,lgm,0.143,2.85,20,12.0,4117.0,,lmeds630,4570.0,282.5692242020337,3.0,8.0,lmeds630,24.6,0.74,384
band1,win896_nfauto,dedode_L-upright_B-C4,ada,0.181,3.81,21,9.0,3972.0,,magsac630,4572.0,283.613412521731,1.0,8.0,magsac630,44.8,16.63,896
band1,win2176_nfauto,imw-liftfeat-nn-kt0p2,internal,0.268,5.63,21,19.0,1707.0,,lmeds630,4574.0,286.8326057779962,2.0,8.0,magsac630,14.8,3.2,2176
band1,win384_nfauto,imw-xfeat-dense,internal,0.136,5.43,40,26.0,2081.0,,lmeds630,4577.0,288.9993242987579,2.0,8.0,lmeds630,12.4,2.16,384
band1,win2176_nfauto,disk_epipolar,mnn,0.123,2.58,21,18.0,4218.0,,magsac630,4580.0,290.1255485139719,3.0,8.0,magsac630,26.4,0.76,2176
band1,win3968_nfauto,dedode_L-upright_B-C4,lgm,0.287,4.88,17,10.0,4304.0,,lmeds630,4581.0,290.6775977283297,1.0,8.0,magsac630,55.5,16.64,3968
band1,win1792_nfauto,dedode_L-upright_B-C4,lgm,0.286,4.87,17,10.0,4310.0,,lmeds630,4583.0,291.7100344925275,1.0,8.0,magsac630,61.3,16.64,1792
band1,win1920_nfauto,dedode_L-upright_B-C4,lgm,0.282,4.8,17,10.0,4310.0,,lmeds630,4584.0,291.7100344925275,1.0,8.0,magsac630,54.5,16.64,1920
band1,win1920_nfauto,imw-xfeat-dense,internal,0.212,4.46,21,17.0,1371.0,,lmeds630,4585.0,291.82283541662514,3.0,8.0,magsac630,11.4,2.16,1920
band1,win2304_nfauto,disk_epipolar,mnn,0.121,2.55,21,18.0,4228.0,,magsac630,4586.0,292.09846843462384,3.0,8.0,magsac630,25.7,0.76,2304
band1,win640_nfauto,dedode_L-C4_B-upright,fginn_fm1,0.174,3.3,19,8.0,422.0,,lmeds630,4587.0,292.1641535969598,1.0,8.0,lmeds630,36.2,1.44,640
band1,win2048_nfauto,dedode_L-upright_B-C4,lgm,0.28,4.77,17,10.0,4306.0,,lmeds630,4588.0,292.2483759053608,1.0,8.0,magsac630,54.4,16.64,2048
band1,win2944_nfauto,dedode_L-upright_B-C4,lgm,0.281,4.78,17,10.0,4306.0,,lmeds630,4589.0,292.2483759053608,1.0,8.0,magsac630,54.6,16.64,2944
band1,win3328_nfauto,dedode_L-upright_B-C4,lgm,0.282,4.79,17,10.0,4306.0,,lmeds630,4590.0,292.2483759053608,1.0,8.0,magsac630,54.7,16.64,3328
band1,win3456_nfauto,dedode_L-upright_B-C4,lgm,0.287,4.88,17,10.0,4306.0,,lmeds630,4591.0,292.2483759053608,1.0,8.0,magsac630,55.0,16.64,3456
band1,win3712_nfauto,dedode_L-upright_B-C4,lgm,0.281,4.78,17,9.0,4299.0,,lmeds630,4592.0,292.62346950218495,1.0,8.0,magsac630,55.7,16.64,3712
band1,win256_nfauto,imw-omniglue,internal,3.197,76.73,24,21.0,420.0,,lmeds630,4594.0,294.08035199091734,2.0,8.0,lmeds630,161.0,0.02,256
band1,win640_nfauto,dedode_L-upright_B-upright,ada,0.163,3.42,21,7.0,2101.0,,lmeds630,4596.0,295.2550803463311,1.0,8.0,magsac630,206.8,32.91,640
band1,win768_nfauto,disk_epipolar,smnn0.9,0.123,2.58,21,16.0,2731.0,,lmeds630,4597.0,295.3512559839174,3.0,8.0,magsac630,27.1,0.74,768
band1,win640_nfauto,disk_epipolar,mnn,0.108,2.26,21,18.0,3545.0,,magsac630,4598.0,296.1311407561892,3.0,8.0,magsac630,23.4,0.74,640
band1,win1152_nfauto,disk_epipolar,mnn,0.122,2.57,21,18.0,4242.0,,magsac630,4600.0,298.9139647594459,3.0,8.0,magsac630,26.6,0.76,1152
band1,win3712_nfauto,disk_epipolar,mnn,0.121,2.54,21,18.0,4240.0,,magsac630,4601.0,299.233867902108,3.0,8.0,magsac630,25.6,0.76,3712
band1,win3584_nfauto,imw-d2net-nn-kt0p2-fm1,internal,0.88,17.6,20,15.0,1150.0,,lmeds630,4602.0,299.6503443616973,2.0,8.0,magsac630,34.3,32.48,3584
band1,win1280_nfauto,disk_epipolar,mnn,0.123,2.59,21,18.0,4217.0,,magsac630,4603.0,299.8856219691915,3.0,8.0,magsac630,25.9,0.76,1280
band1,win512_nfauto,dedode_L-C4-v2_B-C4,mnn,0.115,3.44,30,23.0,1199.0,,magsac630,4607.0,300.8021313493703,2.0,8.0,magsac630,37.5,1.44,512
band1,win1408_nfauto,imw-liftfeat-nn-kt0p2,internal,0.323,6.46,20,19.0,1706.0,,lmeds630,4610.0,301.7786985349152,2.0,8.0,magsac630,17.1,3.2,1408
band1,win3712_nfauto,dedode_L-C4-v2_B-upright,ada,0.221,4.64,21,12.0,7465.0,,magsac630,4612.0,302.3109353383939,1.0,8.0,lmeds630,60.3,32.9,3712
band1,win3200_nfauto,disk_epipolar,mnn,0.123,2.58,21,18.0,4327.0,,magsac630,4613.0,302.7193611081455,3.0,8.0,magsac630,25.9,0.76,3200
band1,win3456_nfauto,disk_epipolar,mnn,0.12,2.53,21,18.0,4305.0,,magsac630,4614.0,302.7543412496146,3.0,8.0,magsac630,25.6,0.76,3456
band1,win1408_nfauto,dedode_L-C4-v2_B-upright,ada,0.208,4.36,21,10.0,5370.0,,magsac630,4617.0,303.3359544713502,1.0,8.0,lmeds630,56.9,32.9,1408
band1,win1664_nfauto,disk_epipolar,mnn,0.12,2.52,21,18.0,4302.0,,magsac630,4618.0,303.5809805136733,3.0,8.0,magsac630,25.7,0.76,1664
band1,win1664_nfauto,dedode_L-C4-v2_B-upright,ada,0.214,4.48,21,12.0,6895.0,,magsac630,4619.0,304.1001884652263,1.0,8.0,lmeds630,64.0,32.9,1664
band1,win3456_nfauto,dedode_L-C4-v2_B-upright,ada,0.221,4.65,21,12.0,7578.0,,magsac630,4620.0,304.11268461918195,1.0,8.0,lmeds630,59.9,32.9,3456
band1,win3968_nfauto,dedode_L-C4-v2_B-upright,ada,0.215,4.5,21,12.0,7328.0,,magsac630,4621.0,304.27341918600297,1.0,8.0,lmeds630,65.4,32.9,3968
band1,win768_nfauto,imw-d2net-nn-kt0p2,internal,0.358,7.15,20,17.0,1216.0,,lmeds630,4622.0,304.33593521570185,3.0,8.0,lmeds630,15.8,0.68,768
band1,win2688_nfauto,dedode_L-C4-v2_B-upright,ada,0.222,4.66,21,12.0,7805.0,,magsac630,4623.0,304.41261228286845,1.0,8.0,lmeds630,60.4,32.9,2688
band1,win640_nfauto,disk_epipolar,smnn0.9,0.108,2.27,21,16.0,2573.0,,lmeds630,4624.0,304.4573333653441,3.0,8.0,lmeds630,23.4,0.74,640
band1,win512_nfauto,disk_epipolar,smnn0.9,0.077,2.31,30,20.0,2332.0,,lmeds630,4625.0,304.7272044996603,2.0,8.0,magsac630,22.9,5.41,512
band1,win2816_nfauto,dedode_L-C4-v2_B-upright,ada,0.216,4.53,21,12.0,7769.0,,magsac630,4652.0,305.1750966453089,1.0,8.0,lmeds630,68.8,32.9,2816
band1,win3072_nfauto,dedode_L-C4-v2_B-upright,ada,0.215,4.52,21,12.0,7769.0,,magsac630,4653.0,305.1750966453089,1.0,8.0,lmeds630,58.9,32.9,3072
band1,win3840_nfauto,dedode_L-C4-v2_B-upright,ada,0.215,4.51,21,12.0,7769.0,,magsac630,4654.0,305.1750966453089,1.0,8.0,lmeds630,58.5,32.9,3840
band1,win2432_nfauto,dedode_L-C4-v2_B-upright,ada,0.215,4.51,21,12.0,7764.0,,magsac630,4656.0,305.23125276999104,1.0,8.0,lmeds630,57.9,32.9,2432
band1,win896_nfauto,imw-liftfeat-nn-kt0p2,internal,0.259,5.44,21,19.0,1683.0,,lmeds630,4659.0,306.37657226920595,2.0,8.0,magsac630,14.1,3.2,896
band1,win2560_nfauto,disk_epipolar,mnn,0.12,2.52,21,18.0,4264.0,,magsac630,4662.0,308.7537500812486,3.0,8.0,magsac630,25.5,0.76,2560
band1,win1920_nfauto,disk_epipolar,mnn,0.123,2.59,21,18.0,4231.0,,magsac630,4664.0,309.525111651544,3.0,8.0,magsac630,27.6,0.76,1920
band1,win2048_nfauto,disk_epipolar,mnn,0.121,2.55,21,18.0,4231.0,,magsac630,4665.0,309.525111651544,3.0,8.0,magsac630,25.7,0.76,2048
band1,win3328_nfauto,disk_epipolar,mnn,0.129,2.71,21,18.0,4209.0,,magsac630,4666.0,309.5958894734129,3.0,8.0,magsac630,27.5,0.76,3328
band1,win4096_nfauto,disk_epipolar,mnn,0.121,2.54,21,18.0,4209.0,,magsac630,4667.0,309.5958894734129,3.0,8.0,magsac630,26.0,0.76,4096
band1,win1792_nfauto,disk_epipolar,mnn,0.12,2.53,21,18.0,4229.0,,magsac630,4668.0,309.61280465397687,3.0,8.0,magsac630,25.6,0.76,1792
band1,win3840_nfauto,disk_epipolar,mnn,0.125,2.63,21,18.0,4229.0,,magsac630,4669.0,309.61280465397687,3.0,8.0,magsac630,26.7,0.76,3840
band1,win1792_nfauto,dedode_L-C4-v2_B-upright,ada,0.22,4.61,21,12.0,7495.0,,magsac630,4670.0,309.80148012183224,1.0,8.0,lmeds630,60.3,32.9,1792
band1,win640_nfauto,keynet,mnn,0.171,3.6,21,16.0,1409.0,,magsac630,4672.0,311.09347948296613,2.0,8.0,lmeds630,78.8,3.89,640
band1,win768_nfauto,keynet,mnn,0.177,3.72,21,16.0,1265.0,,magsac630,4674.0,311.61495669383027,2.0,8.0,lmeds630,76.7,3.89,768
band1,win640_nfauto,imw-d2net-nn-kt0p2-fm1,internal,0.592,12.44,21,14.0,1020.0,,lmeds630,4691.0,313.15387659853945,2.0,8.0,magsac630,29.3,2.63,640
band1,win3328_nfauto,imw-xfeat-lg,internal,0.222,4.0,18,16.0,5307.0,,lmeds630,4692.0,313.20270041828246,3.0,8.0,magsac630,10.5,0.58,3328
band1,win3584_nfauto,dedode_L-C4-v2_B-upright,mnn,0.199,4.17,21,18.0,6153.0,,magsac630,4697.0,314.5273941220478,3.0,8.0,magsac630,61.9,32.9,3584
band1,win2560_nfauto,imw-xfeat-lg,internal,0.248,4.46,18,15.0,5280.0,,lmeds630,4700.0,315.2822404263279,3.0,8.0,magsac630,10.8,0.58,2560
band1,win1920_nfauto,dedode_L-C4-v2_B-upright,nn,0.246,5.17,21,6.0,4544.0,,magsac630,4701.0,317.55914583570666,2.0,8.0,magsac630,57.8,32.9,1920
band1,win640_nfauto,gftt,ada,0.183,2.93,16,11.0,2995.0,,lmeds630,4702.0,317.70876627091576,2.0,8.0,magsac630,43.3,4.23,640
band1,win3456_nfauto,imw-liftfeat-nn-kt0p2,internal,0.275,5.77,21,19.0,1697.0,,lmeds630,4703.0,318.0199340219448,2.0,8.0,magsac630,16.1,3.2,3456
band1,win896_nfauto,sift,ada,0.118,2.23,19,13.0,2058.0,,magsac630,4704.0,318.5967688308287,2.0,8.0,lmeds630,47.2,1.72,896
band1,win1024_nfauto,sift,ada,0.132,2.51,19,13.0,2058.0,,magsac630,4705.0,318.5967688308287,2.0,8.0,lmeds630,46.9,1.72,1024
band1,win1152_nfauto,sift,ada,0.134,2.54,19,13.0,2058.0,,magsac630,4706.0,318.5967688308287,2.0,8.0,lmeds630,46.4,1.72,1152
band1,win1280_nfauto,sift,ada,0.127,2.41,19,13.0,2058.0,,magsac630,4707.0,318.5967688308287,2.0,8.0,lmeds630,46.4,1.72,1280
band1,win1408_nfauto,sift,ada,0.111,2.12,19,13.0,2058.0,,magsac630,4708.0,318.5967688308287,2.0,8.0,lmeds630,43.5,1.72,1408
band1,win1536_nfauto,sift,ada,0.11,2.09,19,13.0,2058.0,,magsac630,4709.0,318.5967688308287,2.0,8.0,lmeds630,42.9,1.72,1536
band1,win1664_nfauto,sift,ada,0.115,2.19,19,13.0,2058.0,,magsac630,4710.0,318.5967688308287,2.0,8.0,lmeds630,43.4,1.72,1664
band1,win1792_nfauto,sift,ada,0.119,2.25,19,13.0,2058.0,,magsac630,4711.0,318.5967688308287,2.0,8.0,lmeds630,44.2,1.72,1792
band1,win1920_nfauto,sift,ada,0.118,2.24,19,13.0,2058.0,,magsac630,4712.0,318.5967688308287,2.0,8.0,lmeds630,43.7,1.72,1920
band1,win2048_nfauto,sift,ada,0.113,2.14,19,13.0,2058.0,,magsac630,4713.0,318.5967688308287,2.0,8.0,lmeds630,43.3,1.72,2048
band1,win2176_nfauto,sift,ada,0.119,2.26,19,13.0,2058.0,,magsac630,4714.0,318.5967688308287,2.0,8.0,lmeds630,44.5,1.72,2176
band1,win2304_nfauto,sift,ada,0.117,2.22,19,13.0,2058.0,,magsac630,4715.0,318.5967688308287,2.0,8.0,lmeds630,43.8,1.72,2304
band1,win2432_nfauto,sift,ada,0.114,2.16,19,13.0,2058.0,,magsac630,4716.0,318.5967688308287,2.0,8.0,lmeds630,43.5,1.72,2432
band1,win2560_nfauto,sift,ada,0.112,2.12,19,13.0,2058.0,,magsac630,4717.0,318.5967688308287,2.0,8.0,lmeds630,43.2,1.72,2560
band1,win2688_nfauto,sift,ada,0.116,2.21,19,13.0,2058.0,,magsac630,4718.0,318.5967688308287,2.0,8.0,lmeds630,43.6,1.72,2688
band1,win2816_nfauto,sift,ada,0.128,2.43,19,13.0,2058.0,,magsac630,4719.0,318.5967688308287,2.0,8.0,lmeds630,46.1,1.72,2816
band1,win2944_nfauto,sift,ada,0.134,2.55,19,13.0,2058.0,,magsac630,4720.0,318.5967688308287,2.0,8.0,lmeds630,46.4,1.72,2944
band1,win3072_nfauto,sift,ada,0.117,2.22,19,13.0,2058.0,,magsac630,4721.0,318.5967688308287,2.0,8.0,lmeds630,43.7,1.72,3072
band1,win3200_nfauto,sift,ada,0.135,2.57,19,13.0,2058.0,,magsac630,4722.0,318.5967688308287,2.0,8.0,lmeds630,46.3,1.72,3200
band1,win3328_nfauto,sift,ada,0.115,2.18,19,13.0,2058.0,,magsac630,4723.0,318.5967688308287,2.0,8.0,lmeds630,44.1,1.72,3328
band1,win3456_nfauto,sift,ada,0.112,2.12,19,13.0,2058.0,,magsac630,4724.0,318.5967688308287,2.0,8.0,lmeds630,43.1,1.72,3456
band1,win3584_nfauto,sift,ada,0.11,2.09,19,13.0,2058.0,,magsac630,4725.0,318.5967688308287,2.0,8.0,lmeds630,43.4,1.72,3584
band1,win3712_nfauto,sift,ada,0.133,2.52,19,13.0,2058.0,,magsac630,4726.0,318.5967688308287,2.0,8.0,lmeds630,47.5,1.72,3712
band1,win3840_nfauto,sift,ada,0.116,2.2,19,13.0,2058.0,,magsac630,4727.0,318.5967688308287,2.0,8.0,lmeds630,43.8,1.72,3840
band1,win3968_nfauto,sift,ada,0.132,2.52,19,13.0,2058.0,,magsac630,4728.0,318.5967688308287,2.0,8.0,lmeds630,46.1,1.72,3968
band1,win4096_nfauto,sift,ada,0.116,2.21,19,13.0,2058.0,,magsac630,4729.0,318.5967688308287,2.0,8.0,lmeds630,44.1,1.72,4096
band1,win512_nfauto,dedode_L-C4-v2_B-upright,fginn_fm1,0.23,3.45,15,6.0,226.0,,lmeds630,4732.0,319.75029690058153,1.0,8.0,magsac630,38.3,1.44,512
band1,win384_nfauto,imw-sfd2-nn-kt0p2,internal,0.185,8.31,45,26.0,1008.0,,lmeds630,4733.0,319.8001399278201,2.0,8.0,magsac630,26.7,32.71,384
band1,win1536_nfauto,dedode_L-C4_B-upright,ada,0.217,4.33,20,6.0,13467.0,,lmeds630,4734.0,320.0597729372505,2.0,8.0,lmeds630,51.3,8.71,1536
band1,win3840_nfauto,imw-xfeat-lg,internal,0.23,4.14,18,16.0,5282.0,,lmeds630,4735.0,320.90640047336484,3.0,8.0,magsac630,10.7,0.58,3840
band1,win896_nfauto,imw-d2net-nn-kt0p2,internal,0.342,6.84,20,17.0,1228.0,,lmeds630,4736.0,321.9376018548551,2.0,8.0,magsac630,15.9,0.68,896
band1,win1024_nfauto,imw-d2net-nn-kt0p2,internal,0.313,6.26,20,17.0,1228.0,,lmeds630,4737.0,321.9376018548551,2.0,8.0,magsac630,15.2,0.68,1024
band1,win1280_nfauto,imw-d2net-nn-kt0p2,internal,0.31,6.21,20,17.0,1228.0,,lmeds630,4738.0,321.9376018548551,2.0,8.0,magsac630,14.4,0.68,1280
band1,win1408_nfauto,imw-d2net-nn-kt0p2,internal,0.321,6.41,20,17.0,1228.0,,lmeds630,4739.0,321.9376018548551,2.0,8.0,magsac630,15.0,0.68,1408
band1,win1536_nfauto,imw-d2net-nn-kt0p2,internal,0.309,6.18,20,17.0,1228.0,,lmeds630,4740.0,321.9376018548551,2.0,8.0,magsac630,14.4,0.68,1536
band1,win1664_nfauto,imw-d2net-nn-kt0p2,internal,0.32,6.41,20,17.0,1228.0,,lmeds630,4741.0,321.9376018548551,2.0,8.0,magsac630,15.2,0.68,1664
band1,win1920_nfauto,imw-d2net-nn-kt0p2,internal,0.318,6.36,20,17.0,1228.0,,lmeds630,4742.0,321.9376018548551,2.0,8.0,magsac630,14.6,0.68,1920
band1,win2048_nfauto,imw-d2net-nn-kt0p2,internal,0.332,6.64,20,17.0,1228.0,,lmeds630,4743.0,321.9376018548551,2.0,8.0,magsac630,15.4,0.68,2048
band1,win2176_nfauto,imw-d2net-nn-kt0p2,internal,0.323,6.46,20,17.0,1228.0,,lmeds630,4744.0,321.9376018548551,2.0,8.0,magsac630,14.9,0.68,2176
band1,win2432_nfauto,imw-d2net-nn-kt0p2,internal,0.312,6.23,20,17.0,1228.0,,lmeds630,4745.0,321.9376018548551,2.0,8.0,magsac630,14.5,0.68,2432
band1,win2560_nfauto,imw-d2net-nn-kt0p2,internal,0.311,6.22,20,17.0,1228.0,,lmeds630,4746.0,321.9376018548551,2.0,8.0,magsac630,14.5,0.68,2560
band1,win2688_nfauto,imw-d2net-nn-kt0p2,internal,0.312,6.24,20,17.0,1228.0,,lmeds630,4747.0,321.9376018548551,2.0,8.0,magsac630,14.4,0.68,2688
band1,win2816_nfauto,imw-d2net-nn-kt0p2,internal,0.312,6.24,20,17.0,1228.0,,lmeds630,4748.0,321.9376018548551,2.0,8.0,magsac630,14.5,0.68,2816
band1,win2944_nfauto,imw-d2net-nn-kt0p2,internal,0.315,6.3,20,17.0,1228.0,,lmeds630,4749.0,321.9376018548551,2.0,8.0,magsac630,14.6,0.68,2944
band1,win3072_nfauto,imw-d2net-nn-kt0p2,internal,0.32,6.41,20,17.0,1228.0,,lmeds630,4750.0,321.9376018548551,2.0,8.0,magsac630,14.8,0.68,3072
band1,win3200_nfauto,imw-d2net-nn-kt0p2,internal,0.331,6.62,20,17.0,1228.0,,lmeds630,4751.0,321.9376018548551,2.0,8.0,magsac630,15.5,0.68,3200
band1,win3328_nfauto,imw-d2net-nn-kt0p2,internal,0.312,6.24,20,17.0,1228.0,,lmeds630,4752.0,321.9376018548551,2.0,8.0,magsac630,14.4,0.68,3328
band1,win3584_nfauto,imw-d2net-nn-kt0p2,internal,0.315,6.3,20,17.0,1228.0,,lmeds630,4753.0,321.9376018548551,2.0,8.0,magsac630,14.6,0.68,3584
band1,win3712_nfauto,imw-d2net-nn-kt0p2,internal,0.304,6.08,20,17.0,1228.0,,lmeds630,4754.0,321.9376018548551,2.0,8.0,magsac630,14.2,0.68,3712
band1,win3840_nfauto,imw-d2net-nn-kt0p2,internal,0.308,6.16,20,17.0,1228.0,,lmeds630,4755.0,321.9376018548551,2.0,8.0,magsac630,14.3,0.68,3840
band1,win3968_nfauto,imw-d2net-nn-kt0p2,internal,0.324,6.48,20,17.0,1228.0,,lmeds630,4756.0,321.9376018548551,2.0,8.0,magsac630,14.9,0.68,3968
band1,win4096_nfauto,imw-d2net-nn-kt0p2,internal,0.312,6.23,20,17.0,1228.0,,lmeds630,4757.0,321.9376018548551,2.0,8.0,magsac630,14.5,0.68,4096
band1,win896_nfauto,keynet,mnn,0.179,3.77,21,16.0,1271.0,,magsac630,4758.0,322.18155629944874,2.0,8.0,magsac630,74.8,3.89,896
band1,win1024_nfauto,keynet,mnn,0.179,3.76,21,16.0,1271.0,,magsac630,4759.0,322.18155629944874,2.0,8.0,magsac630,75.2,3.89,1024
band1,win1152_nfauto,keynet,mnn,0.175,3.68,21,16.0,1271.0,,magsac630,4760.0,322.18155629944874,2.0,8.0,magsac630,74.5,3.89,1152
band1,win1280_nfauto,keynet,mnn,0.18,3.78,21,16.0,1271.0,,magsac630,4761.0,322.18155629944874,2.0,8.0,magsac630,75.6,3.89,1280
band1,win1408_nfauto,keynet,mnn,0.17,3.57,21,16.0,1271.0,,magsac630,4762.0,322.18155629944874,2.0,8.0,magsac630,74.9,3.89,1408
band1,win1536_nfauto,keynet,mnn,0.176,3.69,21,16.0,1271.0,,magsac630,4763.0,322.18155629944874,2.0,8.0,magsac630,74.6,3.89,1536
band1,win1664_nfauto,keynet,mnn,0.18,3.78,21,16.0,1271.0,,magsac630,4764.0,322.18155629944874,2.0,8.0,magsac630,74.9,3.89,1664
band1,win1792_nfauto,keynet,mnn,0.18,3.78,21,16.0,1271.0,,magsac630,4765.0,322.18155629944874,2.0,8.0,magsac630,75.1,3.89,1792
band1,win1920_nfauto,keynet,mnn,0.179,3.76,21,16.0,1271.0,,magsac630,4766.0,322.18155629944874,2.0,8.0,magsac630,75.0,3.89,1920
band1,win2048_nfauto,keynet,mnn,0.178,3.75,21,16.0,1271.0,,magsac630,4767.0,322.18155629944874,2.0,8.0,magsac630,77.4,3.89,2048
band1,win2176_nfauto,keynet,mnn,0.177,3.72,21,16.0,1271.0,,magsac630,4768.0,322.18155629944874,2.0,8.0,magsac630,74.6,3.89,2176
band1,win2304_nfauto,keynet,mnn,0.179,3.75,21,16.0,1271.0,,magsac630,4769.0,322.18155629944874,2.0,8.0,magsac630,75.2,3.89,2304
band1,win2432_nfauto,keynet,mnn,0.18,3.78,21,16.0,1271.0,,magsac630,4770.0,322.18155629944874,2.0,8.0,magsac630,75.0,3.89,2432
band1,win2560_nfauto,keynet,mnn,0.175,3.67,21,16.0,1271.0,,magsac630,4771.0,322.18155629944874,2.0,8.0,magsac630,74.9,3.89,2560
band1,win2688_nfauto,keynet,mnn,0.201,4.23,21,16.0,1271.0,,magsac630,4772.0,322.18155629944874,2.0,8.0,magsac630,81.5,3.89,2688
band1,win2816_nfauto,keynet,mnn,0.176,3.69,21,16.0,1271.0,,magsac630,4773.0,322.18155629944874,2.0,8.0,magsac630,75.0,3.89,2816
band1,win2944_nfauto,keynet,mnn,0.181,3.81,21,16.0,1271.0,,magsac630,4774.0,322.18155629944874,2.0,8.0,magsac630,75.1,3.89,2944
band1,win3072_nfauto,keynet,mnn,0.179,3.76,21,16.0,1271.0,,magsac630,4775.0,322.18155629944874,2.0,8.0,magsac630,74.7,3.89,3072
band1,win3200_nfauto,keynet,mnn,0.174,3.65,21,16.0,1271.0,,magsac630,4776.0,322.18155629944874,2.0,8.0,magsac630,74.7,3.89,3200
band1,win3328_nfauto,keynet,mnn,0.178,3.74,21,16.0,1271.0,,magsac630,4777.0,322.18155629944874,2.0,8.0,magsac630,75.1,3.89,3328
band1,win3456_nfauto,keynet,mnn,0.173,3.63,21,16.0,1271.0,,magsac630,4778.0,322.18155629944874,2.0,8.0,magsac630,75.4,3.89,3456
band1,win3584_nfauto,keynet,mnn,0.177,3.72,21,16.0,1271.0,,magsac630,4779.0,322.18155629944874,2.0,8.0,magsac630,75.5,3.89,3584
band1,win3712_nfauto,keynet,mnn,0.177,3.71,21,16.0,1271.0,,magsac630,4780.0,322.18155629944874,2.0,8.0,magsac630,75.2,3.89,3712
band1,win3840_nfauto,keynet,mnn,0.18,3.78,21,16.0,1271.0,,magsac630,4781.0,322.18155629944874,2.0,8.0,magsac630,77.5,3.89,3840
band1,win3968_nfauto,keynet,mnn,0.203,4.27,21,16.0,1271.0,,magsac630,4782.0,322.18155629944874,2.0,8.0,magsac630,80.8,3.89,3968
band1,win4096_nfauto,keynet,mnn,0.181,3.79,21,16.0,1271.0,,magsac630,4783.0,322.18155629944874,2.0,8.0,magsac630,75.2,3.89,4096
band1,win256_nfauto,disk_depth,smnn0.9,0.104,6.65,64,37.0,3578.0,,lmeds630,4784.0,322.5926934695029,3.0,8.0,lmeds630,41.3,12.89,256
band1,win1152_nfauto,dedode_L-upright_B-upright,mnn,0.181,3.8,21,17.0,4015.0,,magsac630,4785.0,322.74460234026174,2.0,8.0,lmeds630,197.8,32.92,1152
band1,win512_nfauto,imw-liftfeat-nn-kt0p2,internal,0.215,6.45,30,26.0,1857.0,,lmeds630,4788.0,323.550182497501,2.0,8.0,magsac630,15.2,3.2,512
band1,win768_nfauto,imw-liftfeat-nn-kt0p2,internal,0.281,5.9,21,19.0,1698.0,,lmeds630,4789.0,323.57099037181746,2.0,8.0,magsac630,14.7,3.2,768
band1,win1152_nfauto,dedode_L-C4_B-upright,ada,0.189,3.96,21,11.0,6667.0,,magsac630,4791.0,323.7635666992213,2.0,8.0,lmeds630,45.7,3.18,1152
band1,win640_nfauto,imw-liftfeat-nn-kt0p2,internal,0.266,5.58,21,19.0,1761.0,,lmeds630,4792.0,323.7953182633519,2.0,8.0,magsac630,14.7,3.2,640
band1,win1024_nfauto,disk_epipolar,mnn,0.121,2.53,21,18.0,4202.0,,magsac630,4793.0,323.9482641964674,3.0,8.0,magsac630,25.6,0.76,1024
band1,win768_nfauto,sift,ada,0.129,2.45,19,13.0,2201.0,,magsac630,4795.0,325.06872955094366,2.0,8.0,lmeds630,50.7,1.72,768
band1,win3200_nfauto,imw-xfeat-lg,internal,0.234,4.22,18,15.0,5267.0,,lmeds630,4796.0,325.60889646895487,3.0,8.0,magsac630,10.9,0.58,3200
band1,win2304_nfauto,dedode_L-C4_B-upright,ada,0.223,4.45,20,7.0,12503.0,,magsac630,4798.0,326.2352675707344,2.0,8.0,lmeds630,51.8,9.17,2304
band1,win256_nfauto,dedode_L-C4-v2_B-upright,smnn0.9,0.117,5.15,44,15.0,363.0,,lmeds630,4799.0,327.263022158758,1.0,8.0,lmeds630,51.2,1.44,256
band1,win1024_nfauto,imw-liftfeat-nn-kt0p2,internal,0.262,5.5,21,19.0,1685.0,,lmeds630,4800.0,327.3967895140527,2.0,8.0,magsac630,14.3,3.2,1024
band1,win1664_nfauto,dedode_L-C4_B-upright,ada,0.217,4.33,20,7.0,11735.0,,magsac630,4801.0,327.45873860227846,2.0,8.0,lmeds630,49.9,9.17,1664
band1,win1792_nfauto,dedode_L-C4_B-C4,ada,0.216,4.53,21,6.0,17653.0,,magsac630,4802.0,327.5814774474584,2.0,8.0,lmeds630,51.3,8.24,1792
band1,win1920_nfauto,dedode_L-C4_B-C4,ada,0.211,4.43,21,6.0,17653.0,,magsac630,4803.0,327.5814774474584,2.0,8.0,lmeds630,50.2,8.24,1920
band1,win2048_nfauto,dedode_L-C4_B-C4,ada,0.21,4.4,21,6.0,17675.0,,magsac630,4804.0,327.5814774474584,2.0,8.0,lmeds630,49.9,8.24,2048
band1,win2432_nfauto,dedode_L-C4_B-C4,ada,0.21,4.42,21,6.0,17648.0,,magsac630,4805.0,327.5814774474584,2.0,8.0,lmeds630,49.9,8.24,2432
band1,win2560_nfauto,dedode_L-C4_B-C4,ada,0.214,4.5,21,7.0,17731.0,,magsac630,4806.0,327.5814774474584,2.0,8.0,lmeds630,51.6,8.24,2560
band1,win2688_nfauto,dedode_L-C4_B-C4,ada,0.214,4.49,21,7.0,17731.0,,magsac630,4807.0,327.5814774474584,2.0,8.0,lmeds630,50.8,8.24,2688
band1,win2816_nfauto,dedode_L-C4_B-C4,ada,0.212,4.45,21,7.0,17731.0,,magsac630,4808.0,327.5814774474584,2.0,8.0,lmeds630,50.8,8.24,2816
band1,win2944_nfauto,dedode_L-C4_B-C4,ada,0.21,4.42,21,6.0,17675.0,,magsac630,4809.0,327.5814774474584,2.0,8.0,lmeds630,50.0,8.24,2944
band1,win3072_nfauto,dedode_L-C4_B-C4,ada,0.211,4.43,21,7.0,17731.0,,magsac630,4810.0,327.5814774474584,2.0,8.0,lmeds630,52.1,8.24,3072
band1,win3200_nfauto,dedode_L-C4_B-C4,ada,0.224,4.69,21,7.0,17053.0,,magsac630,4811.0,327.5814774474584,2.0,8.0,lmeds630,52.8,8.24,3200
band1,win3328_nfauto,dedode_L-C4_B-C4,ada,0.216,4.53,21,6.0,17675.0,,magsac630,4812.0,327.5814774474584,2.0,8.0,lmeds630,51.7,8.24,3328
band1,win3456_nfauto,dedode_L-C4_B-C4,ada,0.215,4.51,21,6.0,17675.0,,magsac630,4813.0,327.5814774474584,2.0,8.0,lmeds630,52.9,8.24,3456
band1,win3584_nfauto,dedode_L-C4_B-C4,ada,0.22,4.63,21,7.0,17053.0,,magsac630,4814.0,327.5814774474584,2.0,8.0,lmeds630,54.3,8.24,3584
band1,win3712_nfauto,dedode_L-C4_B-C4,ada,0.217,4.55,21,6.0,17675.0,,magsac630,4815.0,327.5814774474584,2.0,8.0,lmeds630,52.3,8.24,3712
band1,win3840_nfauto,dedode_L-C4_B-C4,ada,0.213,4.48,21,7.0,17731.0,,magsac630,4816.0,327.5814774474584,2.0,8.0,lmeds630,50.8,8.24,3840
band1,win4096_nfauto,dedode_L-C4_B-C4,ada,0.21,4.42,21,7.0,17731.0,,magsac630,4817.0,327.5814774474584,2.0,8.0,lmeds630,51.8,8.24,4096
band1,win512_nfauto,dedode_L-upright_B-C4,lgm,0.141,3.81,27,15.0,578.0,,lmeds630,4819.0,328.2567347333252,1.0,8.0,magsac630,36.9,1.44,512
band1,win1536_nfauto,dedode_L-C4_B-C4,ada,0.21,4.4,21,9.0,16186.0,,magsac630,4820.0,328.5253852809253,2.0,8.0,lmeds630,51.1,7.79,1536
band1,win256_nfauto,disk_epipolar,smnn0.9,0.036,2.88,80,43.0,4379.0,,lmeds630,4824.0,329.5271943981939,3.0,8.0,magsac630,33.4,5.22,256
band1,win512_nfauto,sift,mnn,0.078,2.35,30,14.0,1509.0,,magsac630,4825.0,329.6959669464915,2.0,8.0,magsac630,54.0,1.72,512
band1,win1408_nfauto,dedode_L-upright_B-C4,lgm,0.312,4.67,15,10.0,3646.0,,lmeds630,4827.0,330.1912781230239,1.0,8.0,lmeds630,61.0,16.64,1408
band1,win1024_nfauto,dedode_L-C4-v2_B-C4,mnn,0.176,3.69,21,18.0,3550.0,,magsac630,4828.0,330.5626701221512,2.0,8.0,magsac630,42.6,2.02,1024
band1,win1024_nfauto,dedode_L-C4-v2_G-C4,smnn0.9,0.706,7.06,10,4.0,74.0,,lmeds630,4830.0,331.2359569288317,1.0,8.0,magsac630,63.8,25.67,1024
band1,win3456_nfauto,imw-xfeat-lg,internal,0.239,4.31,18,15.0,5281.0,,lmeds630,4831.0,331.32631879280274,3.0,8.0,magsac630,10.9,0.58,3456
band1,win2304_nfauto,dedode_L-C4_B-C4,ada,0.216,4.54,21,7.0,17099.0,,magsac630,4832.0,331.92497442950486,2.0,8.0,lmeds630,52.2,8.23,2304
band1,win3968_nfauto,dedode_L-C4_B-C4,ada,0.218,4.58,21,6.0,17330.0,,magsac630,4833.0,331.92497442950486,2.0,8.0,lmeds630,52.1,8.24,3968
band1,win3712_nfauto,imw-xfeat-dense,internal,0.217,4.56,21,16.0,1398.0,,lmeds630,4835.0,332.72443900438617,3.0,8.0,lmeds630,11.6,2.16,3712
band1,win1024_nfauto,imw-xfeat-lg,internal,0.235,4.22,18,15.0,5257.0,,lmeds630,4837.0,333.2718518011627,3.0,8.0,magsac630,11.2,0.58,1024
band1,win1152_nfauto,dedode_L-C4-v2_B-upright,fginn_fm1,0.201,3.82,19,8.0,924.0,,lmeds630,4838.0,333.32268205775074,1.0,8.0,lmeds630,51.0,32.89,1152
band1,win512_nfauto,dedode_L-C4-v2_G-C4,lgm,0.202,5.46,27,18.0,607.0,,lmeds630,4839.0,333.4924443646066,2.0,8.0,magsac630,57.9,25.66,512
band1,win1024_nfauto,dedode_L-C4-v2_B-upright,ada,0.186,3.91,21,9.0,2790.0,,magsac630,4853.0,333.7857421966904,1.0,8.0,lmeds630,52.3,32.89,1024
band1,win896_nfauto,dog_sosnet,mnn,0.109,2.28,21,14.0,1948.0,,magsac630,4860.0,334.07724522073056,2.0,8.0,lmeds630,20.9,3.27,896
band1,win1024_nfauto,dog_sosnet,mnn,0.116,2.43,21,14.0,1948.0,,magsac630,4861.0,334.07724522073056,2.0,8.0,lmeds630,22.1,3.27,1024
band1,win1152_nfauto,dog_sosnet,mnn,0.103,2.17,21,14.0,1948.0,,magsac630,4862.0,334.07724522073056,2.0,8.0,lmeds630,20.3,3.27,1152
band1,win1280_nfauto,dog_sosnet,mnn,0.115,2.42,21,14.0,1948.0,,magsac630,4863.0,334.07724522073056,2.0,8.0,lmeds630,22.2,3.27,1280
band1,win1408_nfauto,dog_sosnet,mnn,0.105,2.21,21,14.0,1948.0,,magsac630,4864.0,334.07724522073056,2.0,8.0,lmeds630,20.8,3.27,1408
band1,win1664_nfauto,dog_sosnet,mnn,0.109,2.28,21,14.0,1948.0,,magsac630,4865.0,334.07724522073056,2.0,8.0,lmeds630,21.0,3.27,1664
band1,win1792_nfauto,dog_sosnet,mnn,0.109,2.28,21,14.0,1948.0,,magsac630,4866.0,334.07724522073056,2.0,8.0,lmeds630,21.0,3.27,1792
band1,win1920_nfauto,dog_sosnet,mnn,0.106,2.23,21,14.0,1948.0,,magsac630,4867.0,334.07724522073056,2.0,8.0,lmeds630,20.7,3.27,1920
band1,win2048_nfauto,dog_sosnet,mnn,0.115,2.41,21,14.0,1948.0,,magsac630,4868.0,334.07724522073056,2.0,8.0,lmeds630,22.0,3.27,2048
band1,win2176_nfauto,dog_sosnet,mnn,0.115,2.41,21,14.0,1948.0,,magsac630,4869.0,334.07724522073056,2.0,8.0,lmeds630,22.4,3.27,2176
band1,win2304_nfauto,dog_sosnet,mnn,0.108,2.28,21,14.0,1979.0,,magsac630,4870.0,334.07724522073056,2.0,8.0,lmeds630,20.9,3.27,2304
band1,win2432_nfauto,dog_sosnet,mnn,0.108,2.26,21,14.0,1948.0,,magsac630,4871.0,334.07724522073056,2.0,8.0,lmeds630,21.0,3.27,2432
band1,win2560_nfauto,dog_sosnet,mnn,0.105,2.2,21,14.0,1948.0,,magsac630,4872.0,334.07724522073056,2.0,8.0,lmeds630,20.9,3.27,2560
band1,win2688_nfauto,dog_sosnet,mnn,0.107,2.24,21,14.0,1979.0,,magsac630,4873.0,334.07724522073056,2.0,8.0,lmeds630,20.7,3.27,2688
band1,win2816_nfauto,dog_sosnet,mnn,0.105,2.2,21,14.0,1948.0,,magsac630,4874.0,334.07724522073056,2.0,8.0,lmeds630,20.4,3.27,2816
band1,win2944_nfauto,dog_sosnet,mnn,0.109,2.29,21,14.0,1948.0,,magsac630,4875.0,334.07724522073056,2.0,8.0,lmeds630,21.4,3.27,2944
band1,win3072_nfauto,dog_sosnet,mnn,0.109,2.28,21,14.0,1979.0,,magsac630,4876.0,334.07724522073056,2.0,8.0,lmeds630,21.0,3.27,3072
band1,win3200_nfauto,dog_sosnet,mnn,0.109,2.29,21,14.0,1948.0,,magsac630,4877.0,334.07724522073056,2.0,8.0,lmeds630,21.4,3.27,3200
band1,win3328_nfauto,dog_sosnet,mnn,0.108,2.26,21,14.0,1948.0,,magsac630,4878.0,334.07724522073056,2.0,8.0,lmeds630,21.0,3.27,3328
band1,win3456_nfauto,dog_sosnet,mnn,0.103,2.17,21,14.0,1948.0,,magsac630,4879.0,334.07724522073056,2.0,8.0,lmeds630,20.2,3.27,3456
band1,win3584_nfauto,dog_sosnet,mnn,0.105,2.21,21,14.0,1948.0,,magsac630,4880.0,334.07724522073056,2.0,8.0,lmeds630,24.6,3.27,3584
band1,win3712_nfauto,dog_sosnet,mnn,0.108,2.26,21,14.0,1979.0,,magsac630,4881.0,334.07724522073056,2.0,8.0,lmeds630,21.1,3.27,3712
band1,win3840_nfauto,dog_sosnet,mnn,0.106,2.22,21,14.0,1948.0,,magsac630,4882.0,334.07724522073056,2.0,8.0,lmeds630,20.8,3.27,3840
band1,win3968_nfauto,dog_sosnet,mnn,0.118,2.48,21,14.0,1948.0,,magsac630,4883.0,334.07724522073056,2.0,8.0,lmeds630,22.4,3.27,3968
band1,win4096_nfauto,dog_sosnet,mnn,0.108,2.26,21,14.0,1948.0,,magsac630,4884.0,334.07724522073056,2.0,8.0,lmeds630,20.8,3.27,4096
band1,win896_nfauto,dedode_L-C4_B-C4,lgm,0.237,4.03,17,12.0,1998.0,,lmeds630,4887.0,335.01449174252474,1.0,8.0,magsac630,46.2,32.88,896
band1,win1152_nfauto,imw-d2net-nn-kt0p2,internal,0.305,6.09,20,16.0,1226.0,,lmeds630,4894.0,336.550436203246,2.0,8.0,magsac630,14.9,0.68,1152
band1,win1792_nfauto,imw-d2net-nn-kt0p2,internal,0.334,6.68,20,16.0,1226.0,,lmeds630,4895.0,336.5535041932668,2.0,8.0,magsac630,15.5,0.68,1792
band1,win2304_nfauto,imw-d2net-nn-kt0p2,internal,0.316,6.32,20,16.0,1226.0,,lmeds630,4896.0,336.5535041932668,2.0,8.0,magsac630,14.6,0.68,2304
band1,win3456_nfauto,imw-d2net-nn-kt0p2,internal,0.29,5.8,20,16.0,1226.0,,lmeds630,4897.0,336.5535041932668,2.0,8.0,magsac630,13.7,0.68,3456
band1,win1536_nfauto,disk_epipolar,mnn,0.123,2.58,21,19.0,4127.0,,magsac630,4898.0,336.68531944715266,3.0,8.0,magsac630,26.1,0.76,1536
band1,win640_nfauto,sift,ada,0.124,2.36,19,13.0,2167.0,,magsac630,4899.0,338.1486738590128,3.0,8.0,lmeds630,51.0,1.72,640
band1,win384_nfauto,imw-d2net-nn-kt0p2-fm1,internal,0.45,15.31,34,22.0,766.0,,lmeds630,4902.0,339.88759800553885,3.0,8.0,magsac630,31.3,2.63,384
band1,win1024_nfauto,dedode_L-upright_B-C4,lgm,0.218,4.14,19,11.0,1969.0,,lmeds630,4903.0,340.22926163270586,1.0,8.0,magsac630,45.9,16.63,1024
band1,win512_nfauto,dog_hardnet,smnn0.9,0.452,12.21,27,14.0,1277.0,,lmeds630,4904.0,340.55740316329013,2.0,8.0,magsac630,39.9,2.76,512
band1,win1664_nfauto,dedode_L-C4_B-C4,ada,0.208,4.37,21,7.0,16043.0,,magsac630,4906.0,341.9027759872764,2.0,8.0,lmeds630,50.3,8.14,1664
band1,win512_nfauto,dedode_L-upright_B-C4,fginn_fm1,0.152,3.34,22,11.0,458.0,,lmeds630,4907.0,341.9419781905287,1.0,8.0,lmeds630,36.9,1.44,512
band1,win2816_nfauto,disk_epipolar,mnn,0.127,2.67,21,19.0,4074.0,,magsac630,4908.0,342.47711948177493,3.0,8.0,magsac630,27.5,0.76,2816
band1,win3968_nfauto,disk_epipolar,mnn,0.123,2.58,21,19.0,4094.0,,magsac630,4909.0,342.5538719966063,3.0,8.0,magsac630,26.3,0.76,3968
band1,win1920_nfauto,dedode_L-C4-v2_B-upright,ada,0.215,4.51,21,12.0,7502.0,,magsac630,4911.0,343.68363398982723,1.0,8.0,lmeds630,57.8,32.9,1920
band1,win1152_nfauto,dedode_L-C4_B-upright,nn,0.214,4.49,21,9.0,6659.0,,magsac630,4912.0,344.03167167730066,2.0,8.0,magsac630,45.7,3.18,1152
band1,win1408_nfauto,dedode_L-C4-v2_G-C4,mnn,0.285,5.98,21,19.0,3531.0,,magsac630,4913.0,344.0884197492176,2.0,8.0,magsac630,71.1,25.67,1408
band1,win640_nfauto,disk_epipolar,nn,0.114,2.4,21,18.0,3277.0,,magsac630,4917.0,346.25494948152686,3.0,8.0,magsac630,23.4,0.74,640
band1,win896_nfauto,dedode_L-upright_B-C4,lgm,0.237,4.03,17,11.0,1619.0,,lmeds630,4920.0,348.2512119409104,1.0,8.0,magsac630,44.8,16.63,896
band1,win384_nfauto,dedode_L-C4-v2_B-C4,fginn_fm1,0.109,3.82,35,18.0,483.0,,lmeds630,4921.0,348.259987456338,2.0,8.0,magsac630,40.1,1.44,384
band1,win640_nfauto,imw-d2net-nn-kt0p2,internal,0.334,6.69,20,16.0,1233.0,,lmeds630,4922.0,349.6221233559084,3.0,8.0,lmeds630,18.0,0.68,640
band1,win512_nfauto,imw-r2d2-nn-kt0p2,internal,0.287,5.74,20,14.0,1475.0,,lmeds630,4924.0,350.2058158604997,3.0,8.0,lmeds630,14.9,2.54,512
band1,win512_nfauto,dog_hardnet,mnn,0.072,2.17,30,19.0,1886.0,,magsac630,4927.0,351.584559773026,3.0,8.0,magsac630,39.9,2.76,512
band1,win1024_nfauto,dedode_L-C4_B-C4,lgm,0.242,4.11,17,12.0,2430.0,,lmeds630,4931.0,352.5600519082217,1.0,8.0,lmeds630,41.7,1.96,1024
band1,win896_nfauto,imw-r2d2-nn-kt0p2,internal,0.478,6.22,13,13.0,2046.0,,lmeds630,4933.0,352.88524616370825,2.0,8.0,magsac630,14.2,2.54,896
band1,win2176_nfauto,dedode_L-C4-v2_B-upright,mnn,0.196,4.11,21,18.0,5959.0,,magsac630,4934.0,353.0018447130951,2.0,8.0,magsac630,58.3,32.9,2176
band1,win768_nfauto,hessian,mnn,0.121,2.55,21,15.0,1843.0,,magsac630,4962.0,354.5853319163124,2.0,8.0,magsac630,48.7,6.09,768
band1,win768_nfauto,dedode_L-upright_B-C4,ada,0.183,3.84,21,9.0,2203.0,,magsac630,4965.0,355.94134693863623,1.0,8.0,magsac630,43.5,16.63,768
band1,win640_nfauto,imw-xfeat-dense,internal,0.21,4.42,21,17.0,1515.0,,lmeds630,4968.0,356.68550178165395,3.0,8.0,lmeds630,12.0,2.16,640
band1,win896_nfauto,disk_epipolar,nn,0.128,2.7,21,17.0,3449.0,,magsac630,4971.0,359.988156766356,2.0,8.0,magsac630,25.6,0.76,896
band1,win1024_nfauto,disk_epipolar,nn,0.129,2.71,21,18.0,3458.0,,magsac630,4972.0,359.988156766356,2.0,8.0,magsac630,25.6,0.76,1024
band1,win1152_nfauto,disk_epipolar,nn,0.132,2.77,21,17.0,3449.0,,magsac630,4973.0,359.988156766356,2.0,8.0,magsac630,26.6,0.76,1152
band1,win1280_nfauto,disk_epipolar,nn,0.132,2.77,21,18.0,3457.0,,magsac630,4974.0,359.988156766356,2.0,8.0,magsac630,25.9,0.76,1280
band1,win1664_nfauto,disk_epipolar,nn,0.128,2.7,21,17.0,3449.0,,magsac630,4975.0,359.988156766356,2.0,8.0,magsac630,25.7,0.76,1664
band1,win1792_nfauto,disk_epipolar,nn,0.129,2.71,21,18.0,3458.0,,magsac630,4976.0,359.988156766356,2.0,8.0,magsac630,25.6,0.76,1792
band1,win1920_nfauto,disk_epipolar,nn,0.132,2.76,21,17.0,3449.0,,magsac630,4977.0,359.988156766356,2.0,8.0,magsac630,27.6,0.76,1920
band1,win2048_nfauto,disk_epipolar,nn,0.13,2.74,21,18.0,3458.0,,magsac630,4978.0,359.988156766356,2.0,8.0,magsac630,25.7,0.76,2048
band1,win2176_nfauto,disk_epipolar,nn,0.132,2.77,21,17.0,3449.0,,magsac630,4979.0,359.988156766356,2.0,8.0,magsac630,26.4,0.76,2176
band1,win2304_nfauto,disk_epipolar,nn,0.13,2.73,21,18.0,3458.0,,magsac630,4980.0,359.988156766356,2.0,8.0,magsac630,25.7,0.76,2304
band1,win2432_nfauto,disk_epipolar,nn,0.13,2.73,21,17.0,3420.0,,magsac630,4981.0,359.988156766356,2.0,8.0,magsac630,25.6,0.76,2432
band1,win2688_nfauto,disk_epipolar,nn,0.134,2.82,21,17.0,3448.0,,magsac630,4982.0,359.988156766356,2.0,8.0,magsac630,26.5,0.76,2688
band1,win2816_nfauto,disk_epipolar,nn,0.136,2.86,21,17.0,3450.0,,magsac630,4983.0,359.988156766356,2.0,8.0,magsac630,27.5,0.76,2816
band1,win2944_nfauto,disk_epipolar,nn,0.13,2.73,21,18.0,3429.0,,magsac630,4984.0,359.988156766356,2.0,8.0,magsac630,26.2,0.76,2944
band1,win3072_nfauto,disk_epipolar,nn,0.129,2.71,21,18.0,3458.0,,magsac630,4985.0,359.988156766356,2.0,8.0,magsac630,25.5,0.76,3072
band1,win3200_nfauto,disk_epipolar,nn,0.132,2.77,21,17.0,3449.0,,magsac630,4986.0,359.988156766356,2.0,8.0,magsac630,25.9,0.76,3200
band1,win3328_nfauto,disk_epipolar,nn,0.139,2.92,21,17.0,3449.0,,magsac630,4987.0,359.988156766356,2.0,8.0,magsac630,27.5,0.76,3328
band1,win3456_nfauto,disk_epipolar,nn,0.129,2.72,21,17.0,3449.0,,magsac630,4988.0,359.988156766356,2.0,8.0,magsac630,25.6,0.76,3456
band1,win3712_nfauto,disk_epipolar,nn,0.13,2.73,21,17.0,3449.0,,magsac630,4989.0,359.988156766356,2.0,8.0,magsac630,25.6,0.76,3712
band1,win3840_nfauto,disk_epipolar,nn,0.135,2.83,21,18.0,3458.0,,magsac630,4990.0,359.988156766356,2.0,8.0,magsac630,26.7,0.76,3840
band1,win3968_nfauto,disk_epipolar,nn,0.133,2.78,21,17.0,3450.0,,magsac630,4991.0,359.988156766356,2.0,8.0,magsac630,26.3,0.76,3968
band1,win4096_nfauto,disk_epipolar,nn,0.129,2.72,21,17.0,3449.0,,magsac630,4992.0,359.988156766356,2.0,8.0,magsac630,26.0,0.76,4096
band1,win1024_nfauto,dedode_L-C4_B-upright,mnn,0.175,3.67,21,18.0,3074.0,,magsac630,4993.0,360.1667314988876,1.0,8.0,magsac630,41.5,2.09,1024
band1,win512_nfauto,imw-d2net-nn-kt0p2,internal,0.243,6.32,26,18.0,1204.0,,lmeds630,4999.0,363.1701778820855,3.0,8.0,lmeds630,14.5,0.68,512
band1,win2816_nfauto,hessian,mnn,0.115,2.41,21,15.0,1782.0,,magsac630,5000.0,363.4390256689607,2.0,8.0,magsac630,47.4,6.36,2816
band1,win2048_nfauto,imw-xfeat-lg,internal,0.232,4.18,18,15.0,5257.0,,lmeds630,5003.0,363.7975020672416,3.0,8.0,magsac630,11.0,0.58,2048
band1,win896_nfauto,imw-xfeat-lg,internal,0.223,4.02,18,16.0,5288.0,,lmeds630,5004.0,363.921156938393,2.0,8.0,magsac630,10.5,0.58,896
band1,win1664_nfauto,imw-xfeat-lg,internal,0.222,4.0,18,15.0,5273.0,,lmeds630,5007.0,365.2751720067577,3.0,8.0,lmeds630,10.4,0.58,1664
band1,win896_nfauto,dedode_L-C4-v2_B-C4,fginn_fm1,0.206,3.71,18,10.0,1053.0,,lmeds630,5008.0,366.076262581916,2.0,8.0,magsac630,41.1,1.44,896
band1,win384_nfauto,imw-ripe-nn-kt0p2,internal,1.095,47.09,43,34.0,4747.0,,lmeds630,5009.0,366.2981747152304,3.0,8.0,lmeds630,101.0,32.88,384
band1,win512_nfauto,dedode_L-C4_B-C4,lgm,0.152,3.95,26,16.0,730.0,,lmeds630,5012.0,367.1365238311938,1.0,8.0,lmeds630,40.9,16.62,512
band1,win3584_nfauto,imw-liftfeat-nn-kt0p2,internal,0.259,5.44,21,19.0,1699.0,,lmeds630,5019.0,370.1294989321033,2.0,8.0,lmeds630,14.2,3.2,3584
band1,win1920_nfauto,dedode_L-C4_B-upright,ada,0.219,4.39,20,6.0,16293.0,,lmeds630,5020.0,370.2023957990808,1.0,8.0,magsac630,51.7,9.17,1920
band1,win4096_nfauto,imw-liftfeat-nn-kt0p2,internal,0.26,5.47,21,19.0,1697.0,,lmeds630,5023.0,371.0501751500786,2.0,8.0,magsac630,14.2,3.2,4096
band1,win2688_nfauto,imw-xfeat-lg,internal,0.235,4.23,18,15.0,5260.0,,lmeds630,5025.0,371.633272179423,3.0,8.0,magsac630,11.0,0.58,2688
band1,win640_nfauto,dedode_L-upright_G-C4,lgm,0.274,5.21,19,8.0,232.0,,lmeds630,5026.0,372.0780316133853,1.0,8.0,lmeds630,101.4,25.73,640
band1,win2944_nfauto,imw-xfeat-lg,internal,0.225,4.04,18,16.0,5285.0,,lmeds630,5028.0,372.65629494484034,3.0,8.0,magsac630,10.7,0.58,2944
band1,win640_nfauto,disk_depth,ada,0.115,2.41,21,14.0,5156.0,,lmeds630,5055.0,373.0530641115921,3.0,8.0,magsac630,30.1,12.89,640
band1,win256_nfauto,dedode_L-upright_B-C4,lgm,0.106,6.37,60,26.0,526.0,,lmeds630,5057.0,374.2805669248803,1.0,8.0,lmeds630,51.4,1.44,256
band1,win2176_nfauto,imw-xfeat-lg,internal,0.223,4.01,18,16.0,5286.0,,lmeds630,5058.0,375.38665600804336,3.0,8.0,magsac630,10.3,0.58,2176
band1,win3968_nfauto,imw-xfeat-lg,internal,0.223,4.02,18,15.0,5264.0,,lmeds630,5059.0,375.8495745735845,3.0,8.0,lmeds630,10.4,0.58,3968
band1,win1664_nfauto,imw-liftfeat-nn-kt0p2,internal,0.266,5.58,21,19.0,1697.0,,lmeds630,5060.0,376.1983933527151,2.0,8.0,magsac630,14.4,3.2,1664
band1,win1536_nfauto,imw-xfeat-dense,internal,0.207,4.34,21,17.0,1385.0,,lmeds630,5061.0,377.8078588750538,3.0,8.0,magsac630,11.2,2.16,1536
band1,win3200_nfauto,imw-xfeat-dense,internal,0.229,4.8,21,16.0,1400.0,,lmeds630,5083.0,379.327436112154,3.0,8.0,lmeds630,11.9,2.16,3200
band1,win1920_nfauto,imw-liftfeat-nn-kt0p2,internal,0.264,5.54,21,19.0,1694.0,,lmeds630,5112.0,380.2073816609594,2.0,8.0,magsac630,14.4,3.2,1920
band1,win256_nfauto,disk_epipolar,lgm,0.065,4.04,62,32.0,6395.0,,lmeds630,5113.0,380.22907940031575,2.0,8.0,magsac630,33.4,5.22,256
band1,win384_nfauto,disk_epipolar,smnn0.9,0.055,2.34,43,23.0,2813.0,,lmeds630,5115.0,382.03674174465016,3.0,8.0,lmeds630,24.6,0.74,384
band1,win768_nfauto,dedode_L-C4-v2_B-upright,mnn,0.171,3.59,21,18.0,1323.0,,magsac630,5116.0,382.1689250679565,1.0,8.0,magsac630,45.3,32.88,768
band1,win1920_nfauto,imw-xfeat-lg,internal,0.223,4.02,18,15.0,5274.0,,lmeds630,5120.0,383.2984342199621,3.0,8.0,magsac630,10.4,0.58,1920
band1,win768_nfauto,hessian,smnn0.9,0.49,10.3,21,14.0,1187.0,,lmeds630,5125.0,385.2839416599237,2.0,8.0,lmeds630,48.7,6.09,768
band1,win1152_nfauto,dedode_L-C4_B-C4,smnn0.9,0.391,3.91,10,4.0,84.0,,lmeds630,5127.0,386.4602272946824,1.0,8.0,lmeds630,44.2,2.93,1152
band1,win896_nfauto,hessian,smnn0.9,0.428,8.98,21,14.0,1175.0,,lmeds630,5128.0,386.5001887946113,2.0,8.0,lmeds630,48.2,6.36,896
band1,win1024_nfauto,hessian,smnn0.9,0.439,9.22,21,14.0,1175.0,,lmeds630,5129.0,386.5001887946113,2.0,8.0,lmeds630,50.8,6.36,1024
band1,win1152_nfauto,hessian,smnn0.9,0.423,8.88,21,14.0,1175.0,,lmeds630,5130.0,386.5001887946113,2.0,8.0,lmeds630,47.6,6.36,1152
band1,win1280_nfauto,hessian,smnn0.9,0.431,9.04,21,14.0,1175.0,,lmeds630,5131.0,386.5001887946113,2.0,8.0,lmeds630,48.2,6.36,1280
band1,win1408_nfauto,hessian,smnn0.9,0.418,8.78,21,14.0,1175.0,,lmeds630,5132.0,386.5001887946113,2.0,8.0,lmeds630,46.9,6.36,1408
band1,win1536_nfauto,hessian,smnn0.9,0.426,8.95,21,14.0,1175.0,,lmeds630,5133.0,386.5001887946113,2.0,8.0,lmeds630,47.9,6.36,1536
band1,win1664_nfauto,hessian,smnn0.9,0.429,9.01,21,14.0,1175.0,,lmeds630,5134.0,386.5001887946113,2.0,8.0,lmeds630,50.5,6.36,1664
band1,win1792_nfauto,hessian,smnn0.9,0.43,9.04,21,14.0,1175.0,,lmeds630,5135.0,386.5001887946113,2.0,8.0,lmeds630,48.7,6.36,1792
band1,win1920_nfauto,hessian,smnn0.9,0.423,8.89,21,14.0,1175.0,,lmeds630,5136.0,386.5001887946113,2.0,8.0,lmeds630,47.4,6.36,1920
band1,win2048_nfauto,hessian,smnn0.9,0.437,9.17,21,14.0,1175.0,,lmeds630,5137.0,386.5001887946113,2.0,8.0,lmeds630,49.4,6.36,2048
band1,win2176_nfauto,hessian,smnn0.9,0.439,9.21,21,14.0,1175.0,,lmeds630,5138.0,386.5001887946113,2.0,8.0,lmeds630,49.5,6.36,2176
band1,win2304_nfauto,hessian,smnn0.9,0.468,9.83,21,14.0,1175.0,,lmeds630,5139.0,386.5001887946113,2.0,8.0,lmeds630,51.6,6.36,2304
band1,win2432_nfauto,hessian,smnn0.9,0.428,8.99,21,14.0,1175.0,,lmeds630,5140.0,386.5001887946113,2.0,8.0,lmeds630,48.1,6.36,2432
band1,win2560_nfauto,hessian,smnn0.9,0.42,8.83,21,14.0,1175.0,,lmeds630,5141.0,386.5001887946113,2.0,8.0,lmeds630,48.3,6.36,2560
band1,win2688_nfauto,hessian,smnn0.9,0.424,8.91,21,14.0,1175.0,,lmeds630,5142.0,386.5001887946113,2.0,8.0,lmeds630,48.2,6.36,2688
band1,win2816_nfauto,hessian,smnn0.9,0.425,8.93,21,14.0,1175.0,,lmeds630,5143.0,386.5001887946113,2.0,8.0,lmeds630,47.4,6.36,2816
band1,win2944_nfauto,hessian,smnn0.9,0.432,9.08,21,14.0,1175.0,,lmeds630,5144.0,386.5001887946113,2.0,8.0,lmeds630,48.6,6.36,2944
band1,win3072_nfauto,hessian,smnn0.9,0.428,9.0,21,14.0,1175.0,,lmeds630,5145.0,386.5001887946113,2.0,8.0,lmeds630,48.6,6.36,3072
band1,win3200_nfauto,hessian,smnn0.9,0.429,9.0,21,14.0,1175.0,,lmeds630,5146.0,386.5001887946113,2.0,8.0,lmeds630,49.1,6.36,3200
band1,win3328_nfauto,hessian,smnn0.9,0.429,9.0,21,14.0,1175.0,,lmeds630,5147.0,386.5001887946113,2.0,8.0,lmeds630,48.3,6.36,3328
band1,win3456_nfauto,hessian,smnn0.9,0.42,8.82,21,14.0,1175.0,,lmeds630,5148.0,386.5001887946113,2.0,8.0,lmeds630,47.1,6.36,3456
band1,win3584_nfauto,hessian,smnn0.9,0.424,8.9,21,14.0,1175.0,,lmeds630,5149.0,386.5001887946113,2.0,8.0,lmeds630,48.0,6.36,3584
band1,win3712_nfauto,hessian,smnn0.9,0.43,9.03,21,14.0,1175.0,,lmeds630,5150.0,386.5001887946113,2.0,8.0,lmeds630,48.3,6.36,3712
band1,win3840_nfauto,hessian,smnn0.9,0.44,9.24,21,14.0,1175.0,,lmeds630,5151.0,386.5001887946113,2.0,8.0,lmeds630,49.5,6.36,3840
band1,win3968_nfauto,hessian,smnn0.9,0.427,8.96,21,14.0,1175.0,,lmeds630,5152.0,386.5001887946113,2.0,8.0,lmeds630,48.0,6.36,3968
band1,win4096_nfauto,hessian,smnn0.9,0.427,8.98,21,14.0,1175.0,,lmeds630,5153.0,386.5001887946113,2.0,8.0,lmeds630,48.0,6.36,4096
band1,win896_nfauto,dedode_L-C4-v2_B-upright,fginn_fm1,0.247,3.7,15,7.0,550.0,,lmeds630,5181.0,389.59377635335454,2.0,8.0,magsac630,44.3,16.58,896
band1,win1152_nfauto,imw-xfeat-lg,internal,0.231,4.16,18,15.0,5263.0,,lmeds630,5184.0,390.786193593752,3.0,8.0,lmeds630,10.7,0.58,1152
band1,win2304_nfauto,dedode_L-C4-v2_B-upright,mnn,0.197,4.13,21,18.0,6176.0,,magsac630,5185.0,391.5527191629135,3.0,8.0,magsac630,62.1,32.9,2304
band1,win640_nfauto,dedode_L-C4_B-C4,ada,0.162,3.41,21,9.0,2449.0,,magsac630,5186.0,391.5655538406033,1.0,8.0,lmeds630,36.4,1.44,640
band1,win1536_nfauto,imw-xfeat-lg,internal,0.221,3.97,18,15.0,5316.0,,lmeds630,5187.0,392.1893993418536,3.0,8.0,magsac630,10.3,0.58,1536
band1,win256_nfauto,imw-xfeat-dense,internal,0.068,4.82,71,42.0,2064.0,,lmeds630,5210.0,393.3594264822239,3.0,8.0,lmeds630,11.5,2.16,256
band1,win1664_nfauto,dedode_L-upright_B-C4,fginn_fm1,0.194,4.07,21,17.0,7111.0,,lmeds630,5217.0,393.9241044430203,3.0,8.0,magsac630,61.6,16.64,1664
band1,win1536_nfauto,dog_sosnet,mnn,0.104,2.19,21,14.0,1904.0,,magsac630,5220.0,395.95716838992206,3.0,8.0,magsac630,20.4,3.27,1536
band1,win384_nfauto,dedode_L-upright_B-upright,mnn,0.078,3.82,49,35.0,1837.0,,lmeds630,5223.0,398.4570555858572,3.0,8.0,magsac630,247.7,32.91,384
band1,win512_nfauto,gftt,ada,0.129,3.47,27,20.0,1793.0,,magsac630,5226.0,398.9666284915333,3.0,8.0,magsac630,44.9,2.57,512
band1,win2816_nfauto,imw-xfeat-lg,internal,0.256,4.61,18,16.0,5287.0,,lmeds630,5227.0,399.3170771084297,3.0,8.0,magsac630,11.5,0.58,2816
band1,win1152_nfauto,hessian,mnn,0.113,2.38,21,15.0,1777.0,,magsac630,5228.0,400.83762500010295,2.0,8.0,lmeds630,47.6,6.36,1152
band1,win1536_nfauto,hessian,mnn,0.117,2.46,21,15.0,1796.0,,magsac630,5229.0,400.83762500010295,2.0,8.0,lmeds630,47.9,6.36,1536
band1,win1792_nfauto,hessian,mnn,0.122,2.56,21,15.0,1796.0,,magsac630,5230.0,400.83762500010295,2.0,8.0,lmeds630,48.7,6.36,1792
band1,win1920_nfauto,hessian,mnn,0.113,2.37,21,15.0,1777.0,,magsac630,5231.0,400.83762500010295,2.0,8.0,lmeds630,47.4,6.36,1920
band1,win2048_nfauto,hessian,mnn,0.126,2.64,21,15.0,1796.0,,magsac630,5232.0,400.83762500010295,2.0,8.0,lmeds630,49.4,6.36,2048
band1,win2176_nfauto,hessian,mnn,0.125,2.62,21,15.0,1777.0,,magsac630,5233.0,400.83762500010295,2.0,8.0,lmeds630,49.5,6.36,2176
band1,win2304_nfauto,hessian,mnn,0.136,2.85,21,15.0,1777.0,,magsac630,5234.0,400.83762500010295,2.0,8.0,lmeds630,51.6,6.36,2304
band1,win2432_nfauto,hessian,mnn,0.118,2.48,21,15.0,1777.0,,magsac630,5235.0,400.83762500010295,2.0,8.0,lmeds630,48.1,6.36,2432
band1,win2688_nfauto,hessian,mnn,0.113,2.38,21,15.0,1777.0,,magsac630,5236.0,400.83762500010295,2.0,8.0,lmeds630,48.2,6.36,2688
band1,win3200_nfauto,hessian,mnn,0.117,2.46,21,15.0,1777.0,,magsac630,5237.0,400.83762500010295,2.0,8.0,lmeds630,49.1,6.36,3200
band1,win3584_nfauto,hessian,mnn,0.114,2.38,21,15.0,1777.0,,magsac630,5238.0,400.83762500010295,2.0,8.0,lmeds630,48.0,6.36,3584
band1,win3712_nfauto,hessian,mnn,0.118,2.48,21,15.0,1777.0,,magsac630,5239.0,400.83762500010295,2.0,8.0,lmeds630,48.3,6.36,3712
band1,win3840_nfauto,hessian,mnn,0.123,2.57,21,15.0,1777.0,,magsac630,5240.0,400.83762500010295,2.0,8.0,lmeds630,49.5,6.36,3840
band1,win4096_nfauto,hessian,mnn,0.119,2.5,21,15.0,1777.0,,magsac630,5241.0,400.83762500010295,2.0,8.0,lmeds630,48.0,6.36,4096
band1,win1024_nfauto,hessian,mnn,0.128,2.69,21,15.0,1784.0,,magsac630,5242.0,400.8470858492067,2.0,8.0,lmeds630,50.8,6.36,1024
band1,win1280_nfauto,hessian,mnn,0.116,2.43,21,15.0,1803.0,,magsac630,5243.0,400.8470858492067,2.0,8.0,lmeds630,48.2,6.36,1280
band1,win1408_nfauto,hessian,mnn,0.109,2.3,21,15.0,1784.0,,magsac630,5244.0,400.8470858492067,2.0,8.0,lmeds630,46.9,6.36,1408
band1,win3072_nfauto,hessian,mnn,0.12,2.52,21,15.0,1784.0,,magsac630,5245.0,400.8470858492067,2.0,8.0,lmeds630,48.6,6.36,3072
band1,win3456_nfauto,hessian,mnn,0.111,2.33,21,15.0,1803.0,,magsac630,5246.0,400.8470858492067,2.0,8.0,lmeds630,47.1,6.36,3456
band1,win3968_nfauto,hessian,mnn,0.116,2.43,21,15.0,1803.0,,magsac630,5247.0,400.8470858492067,2.0,8.0,lmeds630,48.0,6.36,3968
band1,win1664_nfauto,hessian,mnn,0.121,2.54,21,15.0,1736.0,,magsac630,5248.0,400.8739414310458,2.0,8.0,lmeds630,50.5,6.36,1664
band1,win2944_nfauto,hessian,mnn,0.121,2.53,21,15.0,1736.0,,magsac630,5249.0,400.8739414310458,2.0,8.0,lmeds630,48.6,6.36,2944
band1,win384_nfauto,imw-r2d2-nn-kt0p2,internal,0.173,5.37,31,18.0,1413.0,,lmeds630,5250.0,401.7941806971579,2.0,8.0,magsac630,13.3,2.54,384
band1,win1024_nfauto,dedode_L-C4-v2_B-upright,fginn_fm1,0.208,3.75,18,8.0,749.0,,lmeds630,5253.0,403.3070859766796,2.0,8.0,magsac630,52.3,32.89,1024
band1,win384_nfauto,sift,mnn,0.064,3.12,49,28.0,2258.0,,lmeds630,5255.0,403.432922693316,2.0,8.0,magsac630,63.0,1.72,384
band1,win512_nfauto,dedode_L-upright_B-upright,fginn_fm1,0.129,3.36,26,8.0,236.0,,magsac630,5257.0,404.36547975554447,1.0,8.0,magsac630,228.1,32.91,512
band1,win1408_nfauto,imw-xfeat-dense,internal,0.209,4.4,21,17.0,1398.0,,lmeds630,5258.0,404.89265206240987,3.0,8.0,lmeds630,11.4,2.16,1408
band1,win768_nfauto,imw-r2d2-nn-kt0p2,internal,0.456,5.93,13,13.0,1849.0,,lmeds630,5259.0,405.5920675835647,3.0,8.0,lmeds630,14.1,2.54,768
band1,win2048_nfauto,imw-liftfeat-nn-kt0p2,internal,0.264,5.55,21,19.0,1712.0,,lmeds630,5260.0,406.3100356530142,2.0,8.0,lmeds630,14.6,3.2,2048
band1,win896_nfauto,dedode_L-C4-v2_B-upright,mnn,0.174,3.66,21,19.0,2023.0,,magsac630,5261.0,407.5833376792767,1.0,8.0,lmeds630,44.3,16.58,896
band1,win1280_nfauto,imw-xfeat-lg,internal,0.303,5.45,18,15.0,5259.0,,lmeds630,5262.0,407.7273967703499,3.0,8.0,lmeds630,12.7,0.58,1280
band1,win1024_nfauto,dedode_L-C4-v2_B-upright,mnn,0.176,3.69,21,17.0,2579.0,,magsac630,5265.0,408.3298067621778,1.0,8.0,lmeds630,52.3,32.89,1024
band1,win3584_nfauto,imw-xfeat-lg,internal,0.225,4.04,18,15.0,5283.0,,lmeds630,5269.0,411.6434301209291,3.0,8.0,lmeds630,10.8,0.58,3584
band1,win1024_nfauto,dedode_L-C4-v2_B-C4,fginn_fm1,0.197,3.75,19,9.0,1423.0,,lmeds630,5272.0,414.9396996093342,2.0,8.0,magsac630,42.6,2.02,1024
band1,win1664_nfauto,dedode_L-C4-v2_G-C4,lgm,0.349,6.28,18,12.0,660.0,,lmeds630,5276.0,419.1230420787098,1.0,8.0,lmeds630,75.6,25.67,1664
band1,win896_nfauto,hessian,mnn,0.12,2.51,21,15.0,1784.0,,magsac630,5277.0,419.5294727843768,2.0,8.0,lmeds630,48.2,6.36,896
band1,win2560_nfauto,hessian,mnn,0.112,2.35,21,15.0,1777.0,,magsac630,5278.0,419.54649221486505,2.0,8.0,lmeds630,48.3,6.36,2560
band1,win3328_nfauto,hessian,mnn,0.116,2.44,21,15.0,1796.0,,magsac630,5280.0,419.54649221486505,2.0,8.0,lmeds630,48.3,6.36,3328
band1,win2816_nfauto,dedode_L-upright_B-C4,fginn_fm1,0.196,4.11,21,17.0,7522.0,,lmeds630,5282.0,421.43632177408455,3.0,8.0,lmeds630,54.8,16.64,2816
band1,win3072_nfauto,dedode_L-upright_B-C4,fginn_fm1,0.194,4.08,21,17.0,7522.0,,lmeds630,5283.0,421.43632177408455,3.0,8.0,lmeds630,55.5,16.64,3072
band1,win3840_nfauto,dedode_L-upright_B-C4,fginn_fm1,0.2,4.19,21,17.0,7522.0,,lmeds630,5284.0,421.43632177408455,3.0,8.0,lmeds630,55.3,16.64,3840
band1,win256_nfauto,imw-liftfeat-nn-kt0p2,internal,0.092,8.11,88,71.0,2025.0,,lmeds630,5285.0,422.652255443246,2.0,8.0,magsac630,16.9,3.2,256
band1,win768_nfauto,dog_sosnet,mnn,0.114,2.39,21,14.0,1960.0,,magsac630,5286.0,423.1939128489618,3.0,8.0,magsac630,22.2,3.27,768
band1,win1792_nfauto,dedode_L-C4-v2_B-upright,mnn,0.201,4.22,21,18.0,5808.0,,magsac630,5287.0,423.5786149132442,2.0,8.0,magsac630,60.3,32.9,1792
band1,win2432_nfauto,dedode_L-upright_B-C4,fginn_fm1,0.196,4.11,21,17.0,7520.0,,lmeds630,5288.0,423.6009059809033,3.0,8.0,lmeds630,57.6,16.64,2432
band1,win1024_nfauto,imw-r2d2-nn-kt0p2,internal,0.455,5.91,13,13.0,2080.0,,lmeds630,5292.0,424.8707642320068,2.0,8.0,magsac630,13.6,2.54,1024
band1,win1152_nfauto,imw-r2d2-nn-kt0p2,internal,0.449,5.83,13,13.0,2080.0,,lmeds630,5293.0,424.8707642320068,2.0,8.0,magsac630,13.6,2.54,1152
band1,win1280_nfauto,imw-r2d2-nn-kt0p2,internal,0.454,5.91,13,13.0,2080.0,,lmeds630,5294.0,424.8707642320068,2.0,8.0,magsac630,13.8,2.54,1280
band1,win1408_nfauto,imw-r2d2-nn-kt0p2,internal,0.451,5.87,13,13.0,2080.0,,lmeds630,5295.0,424.8707642320068,2.0,8.0,magsac630,13.6,2.54,1408
band1,win1536_nfauto,imw-r2d2-nn-kt0p2,internal,0.457,5.94,13,13.0,2080.0,,lmeds630,5296.0,424.8707642320068,2.0,8.0,magsac630,14.2,2.54,1536
band1,win1664_nfauto,imw-r2d2-nn-kt0p2,internal,0.458,5.95,13,13.0,2080.0,,lmeds630,5297.0,424.8707642320068,2.0,8.0,magsac630,13.7,2.54,1664
band1,win1792_nfauto,imw-r2d2-nn-kt0p2,internal,0.462,6.01,13,13.0,2080.0,,lmeds630,5298.0,424.8707642320068,2.0,8.0,magsac630,14.1,2.54,1792
band1,win1920_nfauto,imw-r2d2-nn-kt0p2,internal,0.451,5.86,13,13.0,2080.0,,lmeds630,5299.0,424.8707642320068,2.0,8.0,magsac630,13.7,2.54,1920
band1,win2048_nfauto,imw-r2d2-nn-kt0p2,internal,0.483,6.28,13,13.0,2080.0,,lmeds630,5300.0,424.8707642320068,2.0,8.0,magsac630,15.5,2.54,2048
band1,win2176_nfauto,imw-r2d2-nn-kt0p2,internal,0.456,5.93,13,13.0,2080.0,,lmeds630,5301.0,424.8707642320068,2.0,8.0,magsac630,14.1,2.54,2176
band1,win2304_nfauto,imw-r2d2-nn-kt0p2,internal,0.453,5.89,13,13.0,2080.0,,lmeds630,5302.0,424.8707642320068,2.0,8.0,magsac630,13.8,2.54,2304
band1,win2432_nfauto,imw-r2d2-nn-kt0p2,internal,0.452,5.87,13,13.0,2080.0,,lmeds630,5303.0,424.8707642320068,2.0,8.0,magsac630,13.6,2.54,2432
band1,win2560_nfauto,imw-r2d2-nn-kt0p2,internal,0.493,6.41,13,13.0,2080.0,,lmeds630,5304.0,424.8707642320068,2.0,8.0,magsac630,14.5,2.54,2560
band1,win2688_nfauto,imw-r2d2-nn-kt0p2,internal,0.453,5.88,13,13.0,2080.0,,lmeds630,5305.0,424.8707642320068,2.0,8.0,magsac630,13.6,2.54,2688
band1,win2816_nfauto,imw-r2d2-nn-kt0p2,internal,0.448,5.82,13,13.0,2080.0,,lmeds630,5306.0,424.8707642320068,2.0,8.0,magsac630,13.5,2.54,2816
band1,win2944_nfauto,imw-r2d2-nn-kt0p2,internal,0.448,5.82,13,13.0,2080.0,,lmeds630,5307.0,424.8707642320068,2.0,8.0,magsac630,13.6,2.54,2944
band1,win3072_nfauto,imw-r2d2-nn-kt0p2,internal,0.449,5.84,13,13.0,2080.0,,lmeds630,5308.0,424.8707642320068,2.0,8.0,magsac630,13.6,2.54,3072
band1,win3200_nfauto,imw-r2d2-nn-kt0p2,internal,0.583,7.58,13,13.0,2080.0,,lmeds630,5309.0,424.8707642320068,2.0,8.0,magsac630,18.2,2.54,3200
band1,win3328_nfauto,imw-r2d2-nn-kt0p2,internal,0.449,5.83,13,13.0,2080.0,,lmeds630,5310.0,424.8707642320068,2.0,8.0,magsac630,13.6,2.54,3328
band1,win3456_nfauto,imw-r2d2-nn-kt0p2,internal,0.454,5.91,13,13.0,2080.0,,lmeds630,5311.0,424.8707642320068,2.0,8.0,magsac630,13.7,2.54,3456
band1,win3584_nfauto,imw-r2d2-nn-kt0p2,internal,0.448,5.82,13,13.0,2080.0,,lmeds630,5312.0,424.8707642320068,2.0,8.0,magsac630,13.5,2.54,3584
band1,win3712_nfauto,imw-r2d2-nn-kt0p2,internal,0.45,5.85,13,13.0,2080.0,,lmeds630,5313.0,424.8707642320068,2.0,8.0,magsac630,13.7,2.54,3712
band1,win3840_nfauto,imw-r2d2-nn-kt0p2,internal,0.45,5.85,13,13.0,2080.0,,lmeds630,5314.0,424.8707642320068,2.0,8.0,magsac630,13.6,2.54,3840
band1,win3968_nfauto,imw-r2d2-nn-kt0p2,internal,0.471,6.12,13,13.0,2080.0,,lmeds630,5315.0,424.8707642320068,2.0,8.0,magsac630,14.2,2.54,3968
band1,win4096_nfauto,imw-r2d2-nn-kt0p2,internal,0.449,5.84,13,13.0,2080.0,,lmeds630,5316.0,424.8707642320068,2.0,8.0,magsac630,13.6,2.54,4096
band1,win512_nfauto,disk_depth,mnn,0.071,2.14,30,22.0,3431.0,,magsac630,5318.0,425.8318118338979,2.0,8.0,magsac630,30.5,12.89,512
band1,win3968_nfauto,dedode_L-upright_B-C4,fginn_fm1,0.2,4.19,21,17.0,7321.0,,lmeds630,5320.0,426.4868840142527,3.0,8.0,magsac630,55.5,16.64,3968
band1,win3456_nfauto,dedode_L-upright_B-C4,fginn_fm1,0.198,4.15,21,17.0,7528.0,,lmeds630,5321.0,426.5669504677678,3.0,8.0,magsac630,55.0,16.64,3456
band1,win3200_nfauto,dedode_L-C4_B-upright,ada,0.226,4.51,20,7.0,12239.0,,magsac630,5360.0,430.2638339805314,2.0,8.0,lmeds630,53.9,9.17,3200
band1,win3584_nfauto,dedode_L-C4_B-upright,ada,0.22,4.4,20,7.0,12239.0,,magsac630,5361.0,430.2638339805314,2.0,8.0,lmeds630,50.4,9.17,3584
band1,win640_nfauto,hessian,smnn0.9,0.423,8.89,21,13.0,1152.0,,lmeds630,5369.0,433.2726813261502,2.0,8.0,magsac630,36.9,4.24,640
band1,win768_nfauto,dedode_L-upright_G-C4,mnn,0.257,5.41,21,16.0,983.0,,magsac630,5392.0,439.3755008971132,3.0,8.0,magsac630,113.9,33.45,768
band1,win896_nfauto,imw-d2net-nn-kt0p2-fm1,internal,1.049,20.97,20,15.0,1156.0,,lmeds630,5393.0,439.5786138643542,2.0,8.0,magsac630,38.1,32.48,896
band1,win3200_nfauto,imw-d2net-nn-kt0p2-fm1,internal,0.901,18.02,20,15.0,1156.0,,lmeds630,5394.0,439.6126646014229,2.0,8.0,magsac630,35.5,32.48,3200
band1,win256_nfauto,dog_hardnet,smnn0.9,0.324,21.36,66,29.0,1302.0,,lmeds630,5395.0,440.0384471213664,3.0,8.0,magsac630,70.0,1.39,256
band1,win3968_nfauto,dedode_L-C4-v2_G-C4,fginn_fm1,0.299,5.99,20,15.0,1578.0,,lmeds630,5396.0,440.48804940411645,2.0,8.0,magsac630,75.3,25.67,3968
band1,win1024_nfauto,imw-d2net-nn-kt0p2-fm1,internal,0.89,17.8,20,15.0,1153.0,,lmeds630,5397.0,440.7180174946101,2.0,8.0,magsac630,34.3,32.48,1024
band1,win3328_nfauto,imw-minima-loftr,internal,1.133,22.67,20,19.0,4719.0,,lmeds630,5399.0,442.7502012209759,3.0,8.0,lmeds630,67.3,33.05,3328
band1,win2944_nfauto,imw-liftfeat-nn-kt0p2,internal,0.267,5.6,21,19.0,1694.0,,lmeds630,5400.0,443.8416774770362,2.0,8.0,magsac630,14.5,3.2,2944
band1,win3840_nfauto,imw-minima-loftr,internal,1.136,22.71,20,19.0,4722.0,,lmeds630,5428.0,448.2285720637162,3.0,8.0,lmeds630,67.3,33.05,3840
band1,win2816_nfauto,imw-minima-loftr,internal,1.148,22.96,20,19.0,4721.0,,lmeds630,5429.0,448.2807377347404,3.0,8.0,lmeds630,68.2,33.05,2816
band1,win1664_nfauto,imw-minima-loftr,internal,1.132,22.65,20,19.0,4721.0,,lmeds630,5430.0,448.3042726486007,3.0,8.0,lmeds630,67.3,33.05,1664
band1,win2304_nfauto,imw-minima-loftr,internal,1.132,22.65,20,19.0,4721.0,,lmeds630,5431.0,448.3042726486007,3.0,8.0,lmeds630,67.2,33.05,2304
band1,win2688_nfauto,imw-minima-loftr,internal,1.136,22.71,20,19.0,4721.0,,lmeds630,5432.0,448.3042726486007,3.0,8.0,lmeds630,67.3,33.05,2688
band1,win3712_nfauto,imw-minima-loftr,internal,1.16,23.2,20,19.0,4721.0,,lmeds630,5433.0,448.3042726486007,3.0,8.0,lmeds630,68.0,33.05,3712
band1,win3968_nfauto,imw-minima-loftr,internal,1.146,22.91,20,19.0,4721.0,,lmeds630,5434.0,448.3042726486007,3.0,8.0,lmeds630,67.5,33.05,3968
band1,win1280_nfauto,imw-minima-loftr,internal,1.141,22.82,20,19.0,4714.0,,lmeds630,5435.0,448.3042726486067,3.0,8.0,lmeds630,67.7,33.05,1280
band1,win4096_nfauto,imw-minima-loftr,internal,1.133,22.66,20,19.0,4714.0,,lmeds630,5436.0,448.3042726486067,3.0,8.0,lmeds630,67.3,33.05,4096
band1,win1792_nfauto,imw-minima-loftr,internal,1.14,22.8,20,19.0,4715.0,,lmeds630,5437.0,448.3263221486855,3.0,8.0,lmeds630,67.6,33.05,1792
band1,win384_nfauto,imw-topicfm,internal,0.693,30.5,44,34.0,7279.0,,lmeds630,5438.0,448.4429582192645,3.0,8.0,magsac630,71.2,24.94,384
band1,win1536_nfauto,dedode_L-upright_B-C4,fginn_fm1,0.198,4.15,21,17.0,6637.0,,lmeds630,5439.0,450.7491309902862,3.0,8.0,magsac630,54.7,16.64,1536
band1,win1024_nfauto,dedode_L-upright_B-C4,ada,0.183,3.85,21,9.0,4905.0,,magsac630,5440.0,450.92466370515245,2.0,8.0,magsac630,45.9,16.63,1024
band1,win3072_nfauto,imw-xfeat-lg,internal,0.235,4.24,18,16.0,5294.0,,lmeds630,5442.0,451.4322410915344,2.0,8.0,magsac630,10.8,0.58,3072
band1,win3200_nfauto,dedode_L-upright_B-C4,fginn_fm1,0.201,4.23,21,17.0,7554.0,,lmeds630,5443.0,453.0970476508775,3.0,8.0,lmeds630,56.0,16.64,3200
band1,win3584_nfauto,dedode_L-upright_B-C4,fginn_fm1,0.203,4.25,21,17.0,7554.0,,lmeds630,5444.0,453.0970476508775,3.0,8.0,lmeds630,57.8,16.64,3584
band1,win1792_nfauto,dedode_L-upright_B-C4,fginn_fm1,0.199,4.18,21,17.0,7527.0,,lmeds630,5445.0,453.1666497431253,3.0,8.0,lmeds630,61.3,16.64,1792
band1,win1920_nfauto,dedode_L-upright_B-C4,fginn_fm1,0.197,4.13,21,17.0,7527.0,,lmeds630,5446.0,453.1666497431253,3.0,8.0,lmeds630,54.5,16.64,1920
band1,win2176_nfauto,dedode_L-upright_B-C4,fginn_fm1,0.201,4.23,21,17.0,7525.0,,lmeds630,5447.0,453.2332108018677,3.0,8.0,lmeds630,57.0,16.64,2176
band1,win2560_nfauto,dedode_L-upright_B-C4,fginn_fm1,0.195,4.09,21,17.0,7524.0,,lmeds630,5448.0,453.2332108018701,3.0,8.0,lmeds630,55.0,16.64,2560
band1,win2688_nfauto,dedode_L-upright_B-C4,fginn_fm1,0.196,4.11,21,17.0,7524.0,,lmeds630,5449.0,453.2332108018701,3.0,8.0,lmeds630,57.2,16.64,2688
band1,win4096_nfauto,dedode_L-upright_B-C4,fginn_fm1,0.195,4.1,21,17.0,7524.0,,lmeds630,5450.0,453.2332108018701,3.0,8.0,lmeds630,54.6,16.64,4096
band1,win2304_nfauto,dedode_L-upright_B-C4,fginn_fm1,0.197,4.13,21,17.0,7386.0,,lmeds630,5451.0,453.24387684426665,3.0,8.0,lmeds630,55.2,16.64,2304
band1,win2048_nfauto,imw-d2net-nn-kt0p2-fm1,internal,0.882,17.64,20,15.0,1155.0,,lmeds630,5452.0,453.9084048124346,2.0,8.0,magsac630,34.5,32.48,2048
band1,win3712_nfauto,imw-d2net-nn-kt0p2-fm1,internal,0.845,16.89,20,15.0,1155.0,,lmeds630,5453.0,453.9105072733416,2.0,8.0,magsac630,32.9,32.48,3712
band1,win2176_nfauto,imw-d2net-nn-kt0p2-fm1,internal,0.875,17.5,20,15.0,1155.0,,lmeds630,5454.0,453.94420810408354,2.0,8.0,magsac630,34.2,32.48,2176
band1,win3712_nfauto,dedode_L-upright_B-C4,fginn_fm1,0.195,4.09,21,17.0,7530.0,,lmeds630,5457.0,455.05498180058447,3.0,8.0,magsac630,55.7,16.64,3712
band1,win2048_nfauto,dedode_L-upright_B-C4,fginn_fm1,0.195,4.09,21,17.0,7530.0,,lmeds630,5458.0,455.1801533545782,3.0,8.0,magsac630,54.4,16.64,2048
band1,win2944_nfauto,dedode_L-upright_B-C4,fginn_fm1,0.195,4.09,21,17.0,7530.0,,lmeds630,5459.0,455.1801533545782,3.0,8.0,magsac630,54.6,16.64,2944
band1,win3328_nfauto,dedode_L-upright_B-C4,fginn_fm1,0.195,4.1,21,17.0,7530.0,,lmeds630,5460.0,455.1801533545782,3.0,8.0,magsac630,54.7,16.64,3328
band1,win1408_nfauto,dedode_L-C4_G-C4,fginn_fm1,0.283,5.94,21,15.0,2861.0,,lmeds630,5463.0,455.29628528171753,3.0,8.0,lmeds630,75.4,25.67,1408
band1,win3968_nfauto,dedode_L-C4_G-C4,fginn_fm1,0.283,5.95,21,15.0,3753.0,,lmeds630,5468.0,455.4432693400526,3.0,8.0,magsac630,72.8,7.44,3968
band1,win640_nfauto,dedode_L-C4-v2_B-C4,fginn_fm1,0.206,3.3,16,8.0,488.0,,magsac630,5469.0,455.5759210904887,3.0,8.0,magsac630,36.0,1.44,640
band1,win512_nfauto,hessian,smnn0.9,0.38,10.65,28,13.0,1023.0,,lmeds630,5470.0,455.6260878953457,2.0,8.0,magsac630,34.9,2.6,512
band1,win1536_nfauto,dedode_L-C4_B-C4,nn,0.237,4.98,21,6.0,16312.0,,magsac630,5473.0,457.15219411582177,2.0,8.0,magsac630,51.1,7.79,1536
band1,win3200_nfauto,dedode_L-C4_G-C4,fginn_fm1,0.282,5.93,21,15.0,3762.0,,lmeds630,5474.0,457.41980187555447,3.0,8.0,magsac630,69.9,7.44,3200
band1,win512_nfauto,gftt,mnn,0.105,3.14,30,17.0,1094.0,,magsac630,5476.0,457.5490342909042,3.0,8.0,magsac630,44.9,2.57,512
band1,win2304_nfauto,dedode_L-C4-v2_B-C4,ada,0.215,4.51,21,8.0,11419.0,,magsac630,5479.0,458.6645663214429,3.0,8.0,lmeds630,53.2,9.63,2304
band1,win3200_nfauto,dedode_L-C4-v2_B-C4,ada,0.222,4.66,21,8.0,11041.0,,magsac630,5480.0,458.6645663214429,3.0,8.0,lmeds630,53.8,9.63,3200
band1,win3584_nfauto,dedode_L-C4-v2_B-C4,ada,0.217,4.56,21,8.0,11041.0,,magsac630,5481.0,458.6645663214429,3.0,8.0,lmeds630,52.8,9.63,3584
band1,win3584_nfauto,dedode_L-C4_G-C4,fginn_fm1,0.277,5.83,21,15.0,3757.0,,lmeds630,5482.0,458.7799736618636,3.0,8.0,magsac630,68.2,7.44,3584
band1,win896_nfauto,dedode_L-C4-v2_B-C4,ada,0.184,3.86,21,9.0,3130.0,,magsac630,5483.0,459.2414449525953,2.0,8.0,magsac630,41.1,1.44,896
band1,win1792_nfauto,dedode_L-C4-v2_B-C4,ada,0.218,4.59,21,8.0,11379.0,,magsac630,5484.0,459.2811936342308,3.0,8.0,lmeds630,53.0,9.62,1792
band1,win1920_nfauto,dedode_L-C4-v2_B-C4,ada,0.214,4.5,21,8.0,11365.0,,magsac630,5485.0,459.2811936342308,3.0,8.0,lmeds630,51.5,9.62,1920
band1,win2176_nfauto,dedode_L-C4-v2_B-C4,ada,0.213,4.47,21,8.0,11417.0,,magsac630,5486.0,459.2811936342308,3.0,8.0,lmeds630,53.8,9.62,2176
band1,win2432_nfauto,dedode_L-C4-v2_B-C4,ada,0.214,4.49,21,8.0,11417.0,,magsac630,5487.0,459.2811936342308,3.0,8.0,lmeds630,51.4,9.62,2432
band1,win2560_nfauto,dedode_L-C4-v2_B-C4,ada,0.219,4.61,21,8.0,11417.0,,magsac630,5488.0,459.2811936342308,3.0,8.0,lmeds630,53.3,9.62,2560
band1,win2688_nfauto,dedode_L-C4-v2_B-C4,ada,0.223,4.68,21,8.0,11411.0,,magsac630,5489.0,459.2811936342308,3.0,8.0,lmeds630,55.1,9.62,2688
band1,win2816_nfauto,dedode_L-C4-v2_B-C4,ada,0.219,4.6,21,8.0,11428.0,,magsac630,5490.0,459.2811936342308,3.0,8.0,lmeds630,53.1,9.62,2816
band1,win3072_nfauto,dedode_L-C4-v2_B-C4,ada,0.214,4.49,21,8.0,11428.0,,magsac630,5491.0,459.2811936342308,3.0,8.0,lmeds630,51.8,9.62,3072
band1,win3840_nfauto,dedode_L-C4-v2_B-C4,ada,0.217,4.57,21,8.0,11428.0,,magsac630,5492.0,459.2811936342308,3.0,8.0,lmeds630,53.2,9.62,3840
band1,win4096_nfauto,dedode_L-C4-v2_B-C4,ada,0.214,4.5,21,8.0,11417.0,,magsac630,5493.0,459.2811936342308,3.0,8.0,lmeds630,51.5,9.62,4096
band1,win2304_nfauto,dedode_L-C4_G-C4,fginn_fm1,0.277,5.82,21,15.0,3782.0,,lmeds630,5495.0,460.0455938821472,3.0,8.0,magsac630,67.9,7.44,2304
band1,win2176_nfauto,dedode_L-C4_G-C4,fginn_fm1,0.275,5.78,21,15.0,3764.0,,lmeds630,5498.0,461.5294253675988,3.0,8.0,magsac630,68.7,7.44,2176
band1,win2560_nfauto,dedode_L-C4_G-C4,fginn_fm1,0.289,6.06,21,15.0,3764.0,,lmeds630,5499.0,461.5294253675988,3.0,8.0,magsac630,71.1,7.44,2560
band1,win4096_nfauto,dedode_L-C4_G-C4,fginn_fm1,0.275,5.78,21,15.0,3764.0,,lmeds630,5500.0,461.5294253675988,3.0,8.0,magsac630,67.5,7.44,4096
band1,win3968_nfauto,dedode_L-C4-v2_B-C4,ada,0.214,4.49,21,8.0,10050.0,,magsac630,5501.0,463.0430957559968,3.0,8.0,lmeds630,52.7,9.62,3968
band1,win2048_nfauto,dedode_L-C4-v2_B-C4,ada,0.213,4.48,21,8.0,10811.0,,magsac630,5502.0,463.5530352317515,3.0,8.0,lmeds630,51.6,9.62,2048
band1,win2944_nfauto,dedode_L-C4-v2_B-C4,ada,0.214,4.49,21,8.0,10811.0,,magsac630,5503.0,463.5530352317515,3.0,8.0,lmeds630,51.6,9.62,2944
band1,win3328_nfauto,dedode_L-C4-v2_B-C4,ada,0.215,4.52,21,8.0,10811.0,,magsac630,5504.0,463.5530352317515,3.0,8.0,lmeds630,52.9,9.62,3328
band1,win3456_nfauto,dedode_L-C4-v2_B-C4,ada,0.217,4.56,21,8.0,10822.0,,magsac630,5505.0,463.5530352317515,3.0,8.0,lmeds630,68.1,9.62,3456
band1,win3712_nfauto,dedode_L-C4-v2_B-C4,ada,0.22,4.62,21,8.0,10802.0,,magsac630,5506.0,463.5530352317515,3.0,8.0,lmeds630,54.7,9.62,3712
band1,win1792_nfauto,dedode_L-C4_G-C4,fginn_fm1,0.28,5.88,21,15.0,3764.0,,lmeds630,5507.0,464.58614714394025,3.0,8.0,magsac630,76.0,7.44,1792
band1,win3200_nfauto,imw-liftfeat-nn-kt0p2,internal,0.265,5.56,21,19.0,1694.0,,lmeds630,5508.0,464.8671590265562,2.0,8.0,lmeds630,14.4,3.2,3200
band1,win512_nfauto,disk_epipolar,mnn,0.072,2.17,30,24.0,3051.0,,magsac630,5509.0,465.486261290384,3.0,8.0,magsac630,22.9,5.41,512
band1,win1664_nfauto,dedode_L-C4-v2_B-C4,ada,0.212,4.45,21,8.0,10748.0,,magsac630,5511.0,466.7592778784118,3.0,8.0,lmeds630,53.4,8.84,1664
band1,win2048_nfauto,dedode_L-C4_G-C4,fginn_fm1,0.275,5.77,21,15.0,3766.0,,lmeds630,5512.0,467.7383781809311,3.0,8.0,magsac630,68.5,7.44,2048
band1,win2944_nfauto,dedode_L-C4_G-C4,fginn_fm1,0.275,5.78,21,15.0,3766.0,,lmeds630,5513.0,467.7383781809311,3.0,8.0,magsac630,68.0,7.44,2944
band1,win3328_nfauto,dedode_L-C4_G-C4,fginn_fm1,0.275,5.78,21,15.0,3766.0,,lmeds630,5514.0,467.7383781809311,3.0,8.0,magsac630,68.1,7.44,3328
band1,win3712_nfauto,dedode_L-C4_G-C4,fginn_fm1,0.28,5.88,21,15.0,3768.0,,lmeds630,5515.0,467.7383781809311,3.0,8.0,magsac630,70.4,7.44,3712
band1,win1280_nfauto,dedode_L-C4_B-C4,smnn0.9,0.396,3.96,10,4.0,98.0,,lmeds630,5517.0,469.1759556635629,1.0,8.0,lmeds630,46.8,4.31,1280
band1,win640_nfauto,dog_hardnet,mnn,0.086,1.81,21,15.0,1722.0,,magsac630,5518.0,469.9834033459965,3.0,8.0,magsac630,30.8,4.29,640
band1,win1152_nfauto,dedode_L-upright_B-C4,ada,0.188,3.95,21,11.0,7133.0,,magsac630,5519.0,471.1581679746605,2.0,8.0,lmeds630,50.9,16.63,1152
band1,win1664_nfauto,dedode_L-C4_G-C4,fginn_fm1,0.273,5.74,21,15.0,3633.0,,lmeds630,5520.0,471.729808957233,3.0,8.0,magsac630,76.1,5.98,1664
band1,win2688_nfauto,dedode_L-C4_G-C4,fginn_fm1,0.277,5.82,21,15.0,3765.0,,lmeds630,5541.0,472.95101652836337,3.0,8.0,magsac630,69.3,7.44,2688
band1,win2816_nfauto,dedode_L-C4_G-C4,fginn_fm1,0.276,5.79,21,15.0,3762.0,,lmeds630,5542.0,473.0278474166297,3.0,8.0,magsac630,68.8,7.44,2816
band1,win3072_nfauto,dedode_L-C4_G-C4,fginn_fm1,0.276,5.79,21,15.0,3762.0,,lmeds630,5543.0,473.0278474166297,3.0,8.0,magsac630,67.4,7.44,3072
band1,win3840_nfauto,dedode_L-C4_G-C4,fginn_fm1,0.275,5.77,21,15.0,3762.0,,lmeds630,5544.0,473.0278474166297,3.0,8.0,magsac630,67.3,7.44,3840
band1,win768_nfauto,dedode_L-upright_B-upright,fginn_fm1,0.184,3.69,20,9.0,514.0,,lmeds630,5545.0,473.42806967080367,1.0,8.0,magsac630,205.2,32.91,768
band1,win512_nfauto,dedode_L-C4_B-C4,snn,0.428,3.43,8,5.0,141.0,,lmeds630,5547.0,473.85186912125306,1.0,8.0,lmeds630,40.9,16.62,512
band1,win1920_nfauto,dedode_L-C4_G-C4,fginn_fm1,0.275,5.77,21,15.0,3765.0,,lmeds630,5548.0,476.4007948549382,3.0,8.0,magsac630,67.9,7.44,1920
band1,win384_nfauto,dedode_L-upright_B-upright,lgm,0.115,4.62,40,28.0,1781.0,,lmeds630,5556.0,479.2589359868138,3.0,8.0,lmeds630,247.7,32.91,384
band1,win1280_nfauto,dedode_L-C4-v2_B-C4,fginn_fm1,0.206,3.91,19,10.0,2397.0,,lmeds630,5558.0,479.7907386585169,2.0,8.0,magsac630,47.6,4.6,1280
band1,win3456_nfauto,dedode_L-C4_G-C4,fginn_fm1,0.281,5.89,21,15.0,3764.0,,lmeds630,5560.0,480.26417526474575,3.0,8.0,magsac630,70.3,7.44,3456
band1,win2304_nfauto,imw-xfeat-lg,internal,0.222,4.0,18,16.0,5299.0,,lmeds630,5561.0,480.3888346130169,3.0,8.0,magsac630,10.3,0.58,2304
band1,win1280_nfauto,dedode_L-upright_B-C4,fginn_fm1,0.186,3.9,21,16.0,3955.0,,magsac630,5563.0,482.0285335653088,3.0,8.0,magsac630,54.5,16.64,1280
band1,win768_nfauto,dedode_L-C4-v2_B-C4,smnn0.9,0.225,3.83,17,8.0,291.0,,magsac630,5564.0,482.1285981588591,1.0,8.0,lmeds630,39.7,1.44,768
band1,win256_nfauto,dedode_L-C4-v2_G-C4,lgm,0.13,9.99,77,38.0,717.0,,lmeds630,5570.0,484.0520425703409,1.0,8.0,magsac630,85.3,17.38,256
band1,win768_nfauto,dog_hardnet,mnn,0.091,1.91,21,15.0,1956.0,,magsac630,5572.0,485.2162355097332,3.0,8.0,magsac630,33.2,4.94,768
band1,win512_nfauto,hessian,mnn,0.084,2.53,30,17.0,1570.0,,magsac630,5575.0,486.3712814573847,2.0,8.0,magsac630,34.9,2.6,512
band1,win1152_nfauto,dedode_L-C4-v2_B-C4,fginn_fm1,0.195,3.9,20,10.0,1830.0,,lmeds630,5576.0,486.8850967206346,2.0,8.0,magsac630,45.5,3.13,1152
band1,win384_nfauto,dedode_L-C4-v2_B-C4,lgm,0.112,4.48,40,22.0,961.0,,lmeds630,5577.0,486.91441774727497,1.0,8.0,magsac630,40.1,1.44,384
band1,win1152_nfauto,dedode_L-C4-v2_B-upright,nn,0.213,4.47,21,10.0,3511.0,,magsac630,5580.0,491.3595455772796,2.0,8.0,magsac630,51.0,32.89,1152
band1,win1024_nfauto,dedode_L-upright_B-upright,mnn,0.175,3.67,21,18.0,2880.0,,magsac630,5582.0,492.42059322698015,3.0,8.0,lmeds630,193.5,32.92,1024
band1,win896_nfauto,dog_hardnet,mnn,0.091,1.9,21,15.0,1913.0,,magsac630,5583.0,492.822753211748,3.0,8.0,magsac630,34.9,4.94,896
band1,win1024_nfauto,dog_hardnet,mnn,0.097,2.03,21,15.0,1913.0,,magsac630,5584.0,492.822753211748,3.0,8.0,magsac630,33.7,4.94,1024
band1,win1152_nfauto,dog_hardnet,mnn,0.086,1.8,21,15.0,1913.0,,magsac630,5585.0,492.822753211748,3.0,8.0,magsac630,31.9,4.94,1152
band1,win1280_nfauto,dog_hardnet,mnn,0.089,1.87,21,15.0,1913.0,,magsac630,5586.0,492.822753211748,3.0,8.0,magsac630,32.3,4.94,1280
band1,win1408_nfauto,dog_hardnet,mnn,0.087,1.83,21,15.0,1913.0,,magsac630,5587.0,492.822753211748,3.0,8.0,magsac630,32.4,4.94,1408
band1,win1536_nfauto,dog_hardnet,mnn,0.087,1.82,21,15.0,1913.0,,magsac630,5588.0,492.822753211748,3.0,8.0,magsac630,32.0,4.94,1536
band1,win1664_nfauto,dog_hardnet,mnn,0.091,1.91,21,15.0,1913.0,,magsac630,5589.0,492.822753211748,3.0,8.0,magsac630,32.5,4.94,1664
band1,win1792_nfauto,dog_hardnet,mnn,0.094,1.97,21,15.0,1913.0,,magsac630,5590.0,492.822753211748,3.0,8.0,magsac630,33.0,4.94,1792
band1,win1920_nfauto,dog_hardnet,mnn,0.089,1.86,21,15.0,1913.0,,magsac630,5591.0,492.822753211748,3.0,8.0,magsac630,32.2,4.94,1920
band1,win2048_nfauto,dog_hardnet,mnn,0.096,2.02,21,15.0,1913.0,,magsac630,5592.0,492.822753211748,3.0,8.0,magsac630,33.6,4.94,2048
band1,win2176_nfauto,dog_hardnet,mnn,0.097,2.03,21,15.0,1913.0,,magsac630,5593.0,492.822753211748,3.0,8.0,magsac630,34.4,4.94,2176
band1,win2304_nfauto,dog_hardnet,mnn,0.091,1.9,21,15.0,1913.0,,magsac630,5594.0,492.822753211748,3.0,8.0,magsac630,32.6,4.94,2304
band1,win2432_nfauto,dog_hardnet,mnn,0.09,1.89,21,15.0,1913.0,,magsac630,5595.0,492.822753211748,3.0,8.0,magsac630,32.3,4.94,2432
band1,win2560_nfauto,dog_hardnet,mnn,0.098,2.06,21,15.0,1913.0,,magsac630,5596.0,492.822753211748,3.0,8.0,magsac630,35.7,4.94,2560
band1,win2688_nfauto,dog_hardnet,mnn,0.093,1.95,21,15.0,1913.0,,magsac630,5597.0,492.822753211748,3.0,8.0,magsac630,33.5,4.94,2688
band1,win2816_nfauto,dog_hardnet,mnn,0.087,1.82,21,15.0,1913.0,,magsac630,5598.0,492.822753211748,3.0,8.0,magsac630,31.9,4.94,2816
band1,win2944_nfauto,dog_hardnet,mnn,0.091,1.91,21,15.0,1913.0,,magsac630,5599.0,492.822753211748,3.0,8.0,magsac630,32.6,4.94,2944
band1,win3072_nfauto,dog_hardnet,mnn,0.091,1.91,21,15.0,1913.0,,magsac630,5600.0,492.822753211748,3.0,8.0,magsac630,32.4,4.94,3072
band1,win3200_nfauto,dog_hardnet,mnn,0.092,1.94,21,15.0,1913.0,,magsac630,5601.0,492.822753211748,3.0,8.0,magsac630,32.9,4.94,3200
band1,win3328_nfauto,dog_hardnet,mnn,0.089,1.87,21,15.0,1913.0,,magsac630,5602.0,492.822753211748,3.0,8.0,magsac630,32.4,4.94,3328
band1,win3456_nfauto,dog_hardnet,mnn,0.086,1.8,21,15.0,1913.0,,magsac630,5603.0,492.822753211748,3.0,8.0,magsac630,32.1,4.94,3456
band1,win3584_nfauto,dog_hardnet,mnn,0.089,1.87,21,15.0,1913.0,,magsac630,5604.0,492.822753211748,3.0,8.0,magsac630,32.6,4.94,3584
band1,win3712_nfauto,dog_hardnet,mnn,0.096,2.01,21,15.0,1913.0,,magsac630,5605.0,492.822753211748,3.0,8.0,magsac630,33.7,4.94,3712
band1,win3840_nfauto,dog_hardnet,mnn,0.088,1.84,21,15.0,1913.0,,magsac630,5606.0,492.822753211748,3.0,8.0,magsac630,32.3,4.94,3840
band1,win3968_nfauto,dog_hardnet,mnn,0.1,2.11,21,15.0,1913.0,,magsac630,5607.0,492.822753211748,3.0,8.0,magsac630,34.5,4.94,3968
band1,win4096_nfauto,dog_hardnet,mnn,0.09,1.9,21,15.0,1913.0,,magsac630,5608.0,492.822753211748,3.0,8.0,magsac630,32.2,4.94,4096
band1,win1408_nfauto,dedode_L-upright_B-C4,fginn_fm1,0.192,4.02,21,17.0,5621.0,,lmeds630,5610.0,493.258259913296,3.0,8.0,magsac630,61.0,16.64,1408
band1,win384_nfauto,imw-liftfeat-nn-kt0p2,internal,0.153,7.51,49,34.0,1641.0,,lmeds630,5613.0,494.2397559658881,2.0,8.0,magsac630,16.4,3.2,384
band1,win3968_nfauto,dedode_L-C4-v2_B-C4,fginn_fm1,0.205,4.11,20,12.0,3702.0,,lmeds630,5616.0,495.0913282049892,2.0,8.0,magsac630,52.7,9.62,3968
band1,win768_nfauto,dedode_L-C4_G-C4,mnn,0.263,5.52,21,17.0,1040.0,,magsac630,5619.0,499.014941231656,2.0,8.0,magsac630,63.6,25.66,768
band1,win512_nfauto,keynet,mnn,0.151,4.52,30,20.0,1426.0,,magsac630,5626.0,505.5511236263198,1.0,8.0,magsac630,85.7,3.11,512
band1,win512_nfauto,dedode_L-C4-v2_B-C4,fginn_fm1,0.202,3.44,17,8.0,333.0,,magsac630,5627.0,506.5409683717664,2.0,8.0,magsac630,37.5,1.44,512
band1,win896_nfauto,dedode_L-C4_B-C4,fginn_fm1,0.176,3.7,21,12.0,1690.0,,lmeds630,5628.0,507.44435186575583,2.0,8.0,magsac630,46.2,32.88,896
band1,win2432_nfauto,dedode_L-C4_G-C4,fginn_fm1,0.278,5.84,21,15.0,3762.0,,lmeds630,5629.0,507.5725152937821,3.0,8.0,magsac630,68.8,7.44,2432
band1,win1280_nfauto,dedode_L-upright_B-C4,nn,0.22,4.63,21,7.0,9973.0,,magsac630,5631.0,510.0191793998759,2.0,8.0,magsac630,54.5,16.64,1280
band1,win640_nfauto,imw-r2d2-nn-kt0p2,internal,0.407,5.29,13,13.0,1684.0,,lmeds630,5638.0,511.6046911511136,3.0,8.0,lmeds630,12.9,2.54,640
band1,win896_nfauto,dedode_L-C4_B-upright,mnn,0.174,3.66,21,17.0,2165.0,,magsac630,5639.0,512.0754892596126,2.0,8.0,magsac630,40.6,1.44,896
band1,win256_nfauto,sift,mnn,0.053,4.74,89,85.0,3970.0,,lmeds630,5640.0,513.4430602214885,2.0,8.0,magsac630,80.2,1.72,256
band1,win2048_nfauto,dedode_L-C4-v2_B-C4,fginn_fm1,0.205,4.1,20,12.0,3727.0,,lmeds630,5642.0,516.0240854546214,2.0,8.0,magsac630,51.6,9.62,2048
band1,win2944_nfauto,dedode_L-C4-v2_B-C4,fginn_fm1,0.205,4.11,20,12.0,3727.0,,lmeds630,5643.0,516.0240854546214,2.0,8.0,magsac630,51.6,9.62,2944
band1,win3328_nfauto,dedode_L-C4-v2_B-C4,fginn_fm1,0.206,4.12,20,12.0,3727.0,,lmeds630,5644.0,516.0240854546214,2.0,8.0,magsac630,52.9,9.62,3328
band1,win3456_nfauto,dedode_L-C4-v2_B-C4,fginn_fm1,0.207,4.15,20,12.0,3727.0,,lmeds630,5645.0,516.0240854546214,2.0,8.0,magsac630,68.1,9.62,3456
band1,win3712_nfauto,dedode_L-C4-v2_B-C4,fginn_fm1,0.211,4.23,20,12.0,3727.0,,lmeds630,5646.0,516.0240854546214,2.0,8.0,magsac630,54.7,9.62,3712
band1,win1536_nfauto,dedode_L-C4_G-C4,fginn_fm1,0.275,5.77,21,16.0,2597.0,,magsac630,5647.0,517.2328976518321,3.0,8.0,magsac630,69.1,5.67,1536
band1,win512_nfauto,dedode_L-C4-v2_G-C4,smnn0.9,0.489,7.33,15,5.0,212.0,,lmeds630,5649.0,517.8581017650814,1.0,8.0,magsac630,57.9,25.66,512
band1,win1152_nfauto,dedode_L-C4_B-C4,ada,0.19,3.99,21,9.0,8844.0,,magsac630,5652.0,521.8044188943657,2.0,8.0,magsac630,44.2,2.93,1152
band1,win1024_nfauto,dedode_L-C4_B-C4,ada,0.184,3.86,21,8.0,6638.0,,magsac630,5682.0,526.9144878482704,2.0,8.0,magsac630,41.7,1.96,1024
band1,win896_nfauto,dedode_L-C4-v2_G-C4,fginn_fm1,0.311,5.6,18,9.0,320.0,,lmeds630,5683.0,527.1782562850507,2.0,8.0,magsac630,62.3,25.71,896
band1,win1152_nfauto,dedode_L-upright_B-C4,fginn_fm1,0.182,3.83,21,17.0,3174.0,,lmeds630,5685.0,528.2961125063647,3.0,8.0,lmeds630,50.9,16.63,1152
band1,win3968_nfauto,dedode_L-C4-v2_G-C4,lgm,0.351,6.31,18,12.0,662.0,,lmeds630,5686.0,528.3036911226043,1.0,8.0,lmeds630,75.3,25.67,3968
band1,win896_nfauto,dedode_L-upright_G-C4,mnn,0.257,5.4,21,18.0,1629.0,,magsac630,5688.0,529.4236620554042,2.0,8.0,magsac630,110.5,33.46,896
band1,win1280_nfauto,dedode_L-C4-v2_B-upright,fginn_fm1,0.195,3.91,20,9.0,1229.0,,lmeds630,5690.0,535.572487977857,1.0,8.0,magsac630,53.5,32.89,1280
band1,win1408_nfauto,dedode_L-upright_B-C4,ada,0.204,4.29,21,11.0,12689.0,,magsac630,5691.0,535.7030379267948,2.0,8.0,magsac630,61.0,16.64,1408
band1,win640_nfauto,imw-minima-loftr,internal,1.126,22.52,20,19.0,5208.0,,lmeds630,5692.0,535.9560155529385,3.0,8.0,lmeds630,67.3,33.05,640
band1,win896_nfauto,imw-minima-loftr,internal,1.134,22.68,20,19.0,4728.0,,lmeds630,5693.0,537.121488746528,3.0,8.0,lmeds630,67.3,33.05,896
band1,win1024_nfauto,imw-minima-loftr,internal,1.134,22.69,20,19.0,4728.0,,lmeds630,5694.0,537.121488746528,3.0,8.0,lmeds630,67.3,33.05,1024
band1,win1408_nfauto,imw-minima-loftr,internal,1.135,22.7,20,19.0,4728.0,,lmeds630,5695.0,537.121488746528,3.0,8.0,lmeds630,67.4,33.05,1408
band1,win2048_nfauto,imw-minima-loftr,internal,1.135,22.71,20,19.0,4728.0,,lmeds630,5696.0,537.121488746528,3.0,8.0,lmeds630,67.4,33.05,2048
band1,win2560_nfauto,imw-minima-loftr,internal,1.141,22.82,20,19.0,4728.0,,lmeds630,5697.0,537.121488746528,3.0,8.0,lmeds630,67.7,33.05,2560
band1,win3584_nfauto,imw-minima-loftr,internal,1.143,22.87,20,19.0,4728.0,,lmeds630,5698.0,537.121488746528,3.0,8.0,lmeds630,67.6,33.05,3584
band1,win3456_nfauto,imw-minima-loftr,internal,1.14,22.8,20,19.0,4721.0,,lmeds630,5699.0,537.1915397702926,3.0,8.0,lmeds630,67.5,33.05,3456
band1,win2432_nfauto,imw-minima-loftr,internal,1.135,22.71,20,19.0,4728.0,,lmeds630,5700.0,537.1915397702967,3.0,8.0,lmeds630,67.2,33.05,2432
band1,win3072_nfauto,imw-minima-loftr,internal,1.136,22.72,20,19.0,4728.0,,lmeds630,5701.0,537.2152840455615,3.0,8.0,lmeds630,67.3,33.05,3072
band1,win1920_nfauto,imw-minima-loftr,internal,1.136,22.72,20,19.0,4728.0,,lmeds630,5702.0,537.2209367187473,3.0,8.0,lmeds630,67.3,33.05,1920
band1,win1536_nfauto,imw-minima-loftr,internal,1.136,22.72,20,19.0,4721.0,,lmeds630,5703.0,537.281664501065,3.0,8.0,lmeds630,67.4,33.05,1536
band1,win2176_nfauto,imw-minima-loftr,internal,1.137,22.73,20,19.0,4721.0,,lmeds630,5704.0,537.281664501065,3.0,8.0,lmeds630,67.3,33.05,2176
band1,win2944_nfauto,imw-minima-loftr,internal,1.136,22.72,20,19.0,4721.0,,lmeds630,5705.0,537.281664501065,3.0,8.0,lmeds630,67.4,33.05,2944
band1,win3200_nfauto,imw-minima-loftr,internal,1.134,22.68,20,19.0,4721.0,,lmeds630,5706.0,537.281664501065,3.0,8.0,lmeds630,67.5,33.05,3200
band1,win1152_nfauto,imw-minima-loftr,internal,1.173,23.46,20,19.0,4728.0,,lmeds630,5707.0,537.287531515547,3.0,8.0,lmeds630,68.1,33.05,1152
band1,win640_nfauto,dedode_L-C4-v2_B-C4,ada,0.172,3.45,20,11.0,1963.0,,magsac630,5708.0,538.359434236203,2.0,8.0,lmeds630,36.0,1.44,640
band1,win768_nfauto,dedode_L-upright_B-upright,ada,0.182,3.82,21,7.0,1398.0,,magsac630,5710.0,539.2624806391308,1.0,8.0,lmeds630,205.2,32.91,768
band1,win896_nfauto,dedode_L-upright_B-upright,mnn,0.174,3.65,21,17.0,2084.0,,magsac630,5711.0,541.0080498966055,2.0,8.0,lmeds630,191.9,32.91,896
band1,win640_nfauto,dedode_L-C4-v2_G-C4,lgm,0.296,5.32,18,13.0,504.0,,lmeds630,5713.0,544.5448743745043,1.0,8.0,lmeds630,58.0,25.7,640
band1,win3456_nfauto,dedode_L-C4-v2_G-C4,lgm,0.358,6.44,18,12.0,663.0,,lmeds630,5714.0,545.9405533173059,1.0,8.0,lmeds630,78.4,25.67,3456
band1,win1920_nfauto,dedode_L-C4-v2_G-C4,lgm,0.351,6.31,18,12.0,665.0,,lmeds630,5715.0,545.9405741749333,1.0,8.0,lmeds630,75.0,25.67,1920
band1,win2432_nfauto,dedode_L-C4-v2_G-C4,lgm,0.35,6.3,18,12.0,665.0,,lmeds630,5716.0,545.9405741749333,1.0,8.0,lmeds630,74.4,25.67,2432
band1,win2816_nfauto,dedode_L-C4-v2_G-C4,lgm,0.355,6.4,18,12.0,665.0,,lmeds630,5717.0,545.9405741749333,1.0,8.0,lmeds630,78.2,25.67,2816
band1,win3072_nfauto,dedode_L-C4-v2_G-C4,lgm,0.352,6.34,18,12.0,665.0,,lmeds630,5718.0,545.9405741749333,1.0,8.0,lmeds630,75.3,25.67,3072
band1,win3840_nfauto,dedode_L-C4-v2_G-C4,lgm,0.359,6.46,18,12.0,665.0,,lmeds630,5719.0,545.9405741749333,1.0,8.0,lmeds630,78.8,25.67,3840
band1,win4096_nfauto,imw-xfeat-lg,internal,0.221,3.99,18,16.0,5284.0,,lmeds630,5720.0,546.4082336533891,3.0,8.0,magsac630,10.3,0.58,4096
band1,win640_nfauto,dedode_L-C4-v2_G-C4,fginn_fm1,0.316,5.05,16,9.0,233.0,,lmeds630,5721.0,548.5188008323277,2.0,8.0,lmeds630,58.0,25.7,640
band1,win1280_nfauto,dedode_L-C4-v2_G-C4,ada,0.286,6.01,21,12.0,2035.0,,magsac630,5722.0,548.8740848195235,2.0,8.0,magsac630,66.5,17.39,1280
band1,win384_nfauto,imw-darkfeat-nn-kt0p2,internal,0.13,6.38,49,38.0,3309.0,,lmeds630,5724.0,550.4561672699767,3.0,8.0,magsac630,14.4,0.69,384
band1,win512_nfauto,imw-xfeat-dense,internal,0.169,5.06,30,21.0,1759.0,,lmeds630,5728.0,556.0929735831191,3.0,8.0,lmeds630,12.1,2.16,512
band1,win768_nfauto,imw-minima-loftr,internal,1.379,27.58,20,19.0,4530.0,,lmeds630,5730.0,557.5759088310009,3.0,8.0,lmeds630,72.4,33.05,768
band1,win384_nfauto,dedode_L-upright_B-C4,lgm,0.147,4.55,31,15.0,405.0,,lmeds630,5731.0,557.6457141949013,2.0,8.0,magsac630,40.2,1.44,384
band1,win1664_nfauto,dedode_L-C4-v2_B-upright,mnn,0.195,4.09,21,20.0,6065.0,,magsac630,5732.0,560.801434767394,3.0,8.0,magsac630,64.0,32.9,1664
band1,win1152_nfauto,dedode_L-upright_G-C4,mnn,0.261,5.48,21,19.0,3083.0,,magsac630,5735.0,563.6839850286227,2.0,8.0,magsac630,116.8,33.46,1152
band1,win3712_nfauto,dedode_L-C4-v2_G-C4,lgm,0.354,6.36,18,12.0,662.0,,lmeds630,5736.0,564.6884550159383,1.0,8.0,lmeds630,76.7,25.67,3712
band1,win1792_nfauto,dedode_L-C4-v2_B-C4,fginn_fm1,0.21,4.21,20,12.0,3729.0,,lmeds630,5739.0,565.4564439908049,2.0,8.0,magsac630,53.0,9.62,1792
band1,win1920_nfauto,dedode_L-C4-v2_B-C4,fginn_fm1,0.206,4.12,20,12.0,3729.0,,lmeds630,5740.0,565.4564439908049,2.0,8.0,magsac630,51.5,9.62,1920
band1,win2688_nfauto,disk_epipolar,mnn,0.125,2.62,21,19.0,4237.0,,magsac630,5749.0,565.8549272937439,1.0,8.0,lmeds630,26.5,0.76,2688
band1,win1408_nfauto,dedode_L-C4-v2_B-upright,nn,0.238,5.0,21,8.0,4615.0,,magsac630,5757.0,565.900156746204,2.0,8.0,magsac630,56.9,32.9,1408
band1,win1536_nfauto,dedode_L-C4-v2_B-C4,fginn_fm1,0.204,4.08,20,12.0,3363.0,,lmeds630,5760.0,567.0298512248639,2.0,8.0,magsac630,52.3,8.44,1536
band1,win768_nfauto,dedode_L-upright_B-upright,mnn,0.175,3.67,21,16.0,1285.0,,magsac630,5763.0,572.225676148334,2.0,8.0,magsac630,205.2,32.91,768
band1,win768_nfauto,dedode_L-C4-v2_G-C4,fginn_fm1,0.308,5.55,18,7.0,204.0,,lmeds630,5764.0,573.5917506331753,1.0,8.0,lmeds630,62.1,25.71,768
band1,win3968_nfauto,dedode_L-C4-v2_B-upright,mnn,0.195,4.1,21,19.0,6205.0,,magsac630,5765.0,577.3520800566006,3.0,8.0,magsac630,65.4,32.9,3968
band1,win384_nfauto,dedode_L-C4-v2_B-C4,mnn,0.078,3.81,49,31.0,3065.0,,lmeds630,5766.0,577.5785699652095,2.0,8.0,magsac630,40.1,1.44,384
band1,win896_nfauto,dedode_L-C4_B-upright,fginn_fm1,0.176,3.69,21,9.0,827.0,,lmeds630,5767.0,583.8523676170303,2.0,8.0,magsac630,40.6,1.44,896
band1,win1408_nfauto,dedode_L-C4-v2_B-C4,fginn_fm1,0.201,4.01,20,12.0,2899.0,,lmeds630,5768.0,584.3508689257342,2.0,8.0,magsac630,50.0,6.44,1408
band1,win768_nfauto,dedode_L-C4_B-C4,lgm,0.211,4.01,19,12.0,1287.0,,lmeds630,5770.0,587.1896878104794,1.0,8.0,magsac630,42.7,16.58,768
band1,win384_nfauto,dedode_L-C4_B-C4,mnn,0.078,3.8,49,32.0,2195.0,,lmeds630,5771.0,590.9359840182094,2.0,8.0,magsac630,39.9,1.44,384
band1,win3840_nfauto,dedode_L-C4-v2_B-upright,mnn,0.196,4.12,21,18.0,6000.0,,magsac630,5772.0,593.7173782567448,2.0,8.0,magsac630,58.5,32.9,3840
band1,win384_nfauto,dedode_L-C4_G-C4,mnn,0.11,5.16,47,34.0,2535.0,,lmeds630,5774.0,596.5926759457875,3.0,8.0,lmeds630,55.8,2.05,384
band1,win1408_nfauto,dedode_L-C4_B-upright,fginn_fm1,0.193,4.04,21,13.0,2952.0,,lmeds630,5776.0,600.3978139923956,2.0,8.0,magsac630,51.0,6.7,1408
band1,win768_nfauto,dedode_L-upright_B-C4,lgm,0.227,4.09,18,12.0,1076.0,,lmeds630,5779.0,602.113743834189,1.0,8.0,lmeds630,43.5,16.63,768
band1,win1408_nfauto,dedode_L-C4_B-C4,nn,0.23,4.83,21,6.0,14410.0,,magsac630,5780.0,604.4304869225814,3.0,8.0,magsac630,47.9,6.08,1408
band1,win640_nfauto,dedode_L-upright_G-C4,fginn_fm1,0.245,4.9,20,13.0,511.0,,lmeds630,5781.0,605.8547839080848,3.0,8.0,magsac630,101.4,25.73,640
band1,win1024_nfauto,dedode_L-C4-v2_G-C4,fginn_fm1,0.297,5.64,19,15.0,519.0,,lmeds630,5782.0,606.6185323469336,2.0,8.0,lmeds630,63.8,25.67,1024
band1,win512_nfauto,dedode_L-C4-v2_B-upright,lgm,0.133,3.98,30,26.0,4289.0,,lmeds630,5783.0,607.40711935735,3.0,8.0,magsac630,38.3,1.44,512
band1,win640_nfauto,dedode_L-C4_G-C4,fginn_fm1,0.258,4.89,19,12.0,472.0,,lmeds630,5784.0,607.4572817830183,3.0,8.0,magsac630,53.8,2.05,640
band1,win768_nfauto,dedode_L-C4_B-upright,mnn,0.175,3.67,21,17.0,1285.0,,magsac630,5788.0,616.5817651750867,1.0,8.0,lmeds630,39.7,1.44,768
band1,win768_nfauto,dedode_L-C4_B-upright,ada,0.182,3.81,21,9.0,1797.0,,magsac630,5789.0,616.7796864495684,1.0,8.0,lmeds630,39.7,1.44,768
band1,win1408_nfauto,dedode_L-upright_G-C4,fginn_fm1,0.273,5.74,21,17.0,3503.0,,lmeds630,5792.0,618.0084419717692,2.0,8.0,magsac630,121.5,33.47,1408
band1,win768_nfauto,dedode_L-C4-v2_B-upright,ada,0.178,3.74,21,10.0,1165.0,,magsac630,5805.0,640.3469202120258,1.0,8.0,lmeds630,45.3,32.88,768
band1,win1792_nfauto,dedode_L-C4_B-upright,ada,0.224,4.47,20,7.0,12691.0,,magsac630,5817.0,647.3916334425556,3.0,8.0,lmeds630,51.4,9.17,1792
band1,win2816_nfauto,dedode_L-C4_B-upright,ada,0.22,4.39,20,7.0,12293.0,,magsac630,5818.0,647.4125862855542,3.0,8.0,lmeds630,51.6,9.17,2816
band1,win3072_nfauto,dedode_L-C4_B-upright,ada,0.221,4.42,20,7.0,12293.0,,magsac630,5819.0,647.4125862855542,3.0,8.0,lmeds630,50.6,9.17,3072
band1,win3840_nfauto,dedode_L-C4_B-upright,ada,0.218,4.36,20,7.0,12293.0,,magsac630,5820.0,647.4125862855542,3.0,8.0,lmeds630,50.2,9.17,3840
band1,win2176_nfauto,dedode_L-C4_B-upright,ada,0.226,4.51,20,7.0,12286.0,,magsac630,5821.0,647.4305943126519,3.0,8.0,lmeds630,53.2,9.17,2176
band1,win2432_nfauto,dedode_L-C4_B-upright,ada,0.218,4.36,20,7.0,12286.0,,magsac630,5822.0,647.4305943126519,3.0,8.0,lmeds630,59.9,9.17,2432
band1,win2560_nfauto,dedode_L-C4_B-upright,ada,0.22,4.41,20,7.0,12286.0,,magsac630,5823.0,647.4305943126519,3.0,8.0,lmeds630,52.1,9.17,2560
band1,win4096_nfauto,dedode_L-C4_B-upright,ada,0.218,4.36,20,7.0,12286.0,,magsac630,5824.0,647.4305943126519,3.0,8.0,lmeds630,50.8,9.17,4096
band1,win2688_nfauto,dedode_L-C4_B-upright,ada,0.221,4.41,20,7.0,12299.0,,magsac630,5825.0,647.4396293526294,3.0,8.0,lmeds630,51.3,9.17,2688
band1,win3456_nfauto,dedode_L-C4-v2_B-upright,mnn,0.201,4.22,21,19.0,5946.0,,magsac630,5828.0,650.7310800183902,2.0,8.0,magsac630,59.9,32.9,3456
band1,win3200_nfauto,dedode_L-C4-v2_B-C4,fginn_fm1,0.212,4.24,20,12.0,3737.0,,lmeds630,5829.0,651.2522583685306,2.0,8.0,magsac630,53.8,9.63,3200
band1,win3584_nfauto,dedode_L-C4-v2_B-C4,fginn_fm1,0.207,4.14,20,12.0,3737.0,,lmeds630,5830.0,651.2522583685306,2.0,8.0,magsac630,52.8,9.63,3584
band1,win512_nfauto,dedode_L-C4_B-C4,fginn_fm1,0.15,3.46,23,10.0,504.0,,lmeds630,5831.0,651.5714395328873,3.0,8.0,magsac630,40.9,16.62,512
band1,win3712_nfauto,dedode_L-C4-v2_B-upright,mnn,0.201,4.23,21,19.0,5929.0,,magsac630,5832.0,652.1128996066419,2.0,8.0,magsac630,60.3,32.9,3712
band1,win2304_nfauto,dedode_L-C4-v2_B-C4,fginn_fm1,0.206,4.11,20,12.0,3744.0,,lmeds630,5833.0,652.3329192954063,2.0,8.0,magsac630,53.2,9.63,2304
band1,win3968_nfauto,dedode_L-C4_B-upright,ada,0.226,4.51,20,7.0,11770.0,,magsac630,5834.0,654.1834310897214,3.0,8.0,lmeds630,52.5,9.17,3968
band1,win3456_nfauto,dedode_L-C4_B-upright,ada,0.222,4.44,20,7.0,11858.0,,magsac630,5836.0,654.2144734547196,3.0,8.0,lmeds630,51.5,9.17,3456
band1,win3712_nfauto,dedode_L-C4_B-upright,ada,0.224,4.47,20,7.0,11864.0,,magsac630,5837.0,654.2144734547196,3.0,8.0,lmeds630,52.5,9.17,3712
band1,win2048_nfauto,dedode_L-C4_B-upright,ada,0.218,4.36,20,7.0,11851.0,,magsac630,5838.0,654.2373072440005,3.0,8.0,lmeds630,52.4,9.17,2048
band1,win2944_nfauto,dedode_L-C4_B-upright,ada,0.219,4.38,20,7.0,11851.0,,magsac630,5839.0,654.2373072440005,3.0,8.0,lmeds630,59.4,9.17,2944
band1,win3328_nfauto,dedode_L-C4_B-upright,ada,0.222,4.45,20,7.0,11851.0,,magsac630,5840.0,654.2373072440005,3.0,8.0,lmeds630,52.8,9.17,3328
band1,win2432_nfauto,dedode_L-C4-v2_G-C4,fginn_fm1,0.3,5.99,20,15.0,1568.0,,lmeds630,5841.0,654.6809502649354,2.0,8.0,magsac630,74.4,25.67,2432
band1,win1536_nfauto,dedode_L-upright_B-upright,fginn_fm1,0.193,4.05,21,14.0,3654.0,,magsac630,5842.0,656.7204666590086,3.0,8.0,lmeds630,203.8,32.93,1536
band1,win896_nfauto,dedode_L-C4-v2_B-C4,mnn,0.175,3.67,21,18.0,2861.0,,magsac630,5846.0,660.8590830272842,2.0,8.0,magsac630,41.1,1.44,896
band1,win640_nfauto,dedode_L-C4-v2_B-C4,mnn,0.158,3.31,21,18.0,1794.0,,magsac630,5858.0,666.648732302407,2.0,8.0,lmeds630,36.0,1.44,640
band1,win256_nfauto,dedode_L-C4_B-upright,fginn_fm1,0.089,5.73,64,24.0,369.0,,magsac630,5862.0,677.6051992723599,2.0,8.0,magsac630,57.5,4.37,256
band1,win1024_nfauto,dedode_L-C4_G-C4,fginn_fm1,0.268,5.62,21,13.0,1066.0,,lmeds630,5864.0,682.7589667776683,3.0,8.0,lmeds630,63.2,25.67,1024
band1,win1024_nfauto,dedode_L-C4_B-upright,fginn_fm1,0.178,3.74,21,12.0,1217.0,,lmeds630,5865.0,684.4416629270022,2.0,8.0,magsac630,41.5,2.09,1024
band1,win1280_nfauto,dedode_L-upright_B-upright,lgm,0.241,4.57,19,15.0,9685.0,,lmeds630,5866.0,685.0811455944047,3.0,8.0,magsac630,199.3,32.92,1280
band1,win768_nfauto,dedode_L-upright_B-upright,lgm,0.207,4.14,20,17.0,3336.0,,lmeds630,5867.0,686.4010148572405,1.0,8.0,magsac630,205.2,32.91,768
band1,win768_nfauto,dedode_L-C4_B-C4,smnn0.9,0.805,7.25,9,5.0,73.0,,lmeds630,5868.0,687.0436320002101,1.0,8.0,lmeds630,42.7,16.58,768
band1,win768_nfauto,keynet,ada,0.219,3.93,18,13.0,2488.0,,lmeds630,5871.0,690.2504348724801,2.0,8.0,lmeds630,76.7,3.89,768
band1,win1024_nfauto,dedode_L-C4_B-C4,fginn_fm1,0.178,3.73,21,15.0,2341.0,,lmeds630,5872.0,692.5721847878423,3.0,8.0,magsac630,41.7,1.96,1024
band1,win384_nfauto,dedode_L-C4_B-upright,fginn_fm1,0.1,3.8,38,16.0,281.0,,lmeds630,5873.0,694.0271093689881,1.0,8.0,magsac630,39.6,1.44,384
band1,win384_nfauto,dedode_L-C4_B-C4,snn,0.21,3.77,18,6.0,97.0,,lmeds630,5874.0,695.0297710623882,1.0,8.0,lmeds630,39.9,1.44,384
band1,win768_nfauto,dedode_L-C4_B-C4,fginn_fm1,0.174,3.66,21,11.0,881.0,,lmeds630,5876.0,697.227879230949,3.0,8.0,magsac630,42.7,16.58,768
band1,win768_nfauto,dedode_L-C4-v2_B-upright,fginn_fm1,0.278,3.61,13,6.0,325.0,,lmeds630,5880.0,701.7131101775977,1.0,8.0,magsac630,45.3,32.88,768
band1,win1024_nfauto,dedode_L-C4_G-C4,mnn,0.265,5.57,21,18.0,2255.0,,magsac630,5883.0,715.9858890726431,3.0,8.0,magsac630,63.2,25.67,1024
band1,win1152_nfauto,dedode_L-C4-v2_B-C4,mnn,0.181,3.81,21,19.0,4440.0,,magsac630,5885.0,719.4548586324441,2.0,8.0,magsac630,45.5,3.13,1152
band1,win3456_nfauto,dedode_L-upright_B-upright,fginn_fm1,0.193,4.06,21,13.0,4518.0,,magsac630,5898.0,734.1054142466343,3.0,8.0,magsac630,203.7,32.93,3456
band1,win2048_nfauto,dedode_L-upright_B-upright,fginn_fm1,0.194,4.07,21,13.0,4518.0,,magsac630,5899.0,734.9153370931914,3.0,8.0,magsac630,205.1,32.93,2048
band1,win2944_nfauto,dedode_L-upright_B-upright,fginn_fm1,0.195,4.1,21,13.0,4518.0,,magsac630,5900.0,734.9153370931914,3.0,8.0,magsac630,203.9,32.93,2944
band1,win3328_nfauto,dedode_L-upright_B-upright,fginn_fm1,0.195,4.1,21,13.0,4518.0,,magsac630,5901.0,734.9153370931914,3.0,8.0,magsac630,205.6,32.93,3328
band1,win512_nfauto,dedode_L-C4_G-C4,fginn_fm1,0.223,4.9,22,11.0,278.0,,lmeds630,5904.0,740.4093326280439,3.0,8.0,lmeds630,54.3,2.05,512
band1,win3712_nfauto,dedode_L-upright_B-upright,fginn_fm1,0.194,4.07,21,13.0,4515.0,,magsac630,5905.0,741.0997005239433,3.0,8.0,magsac630,205.3,32.93,3712
band1,win2432_nfauto,dedode_L-C4-v2_B-upright,mnn,0.197,4.14,21,19.0,5999.0,,magsac630,5910.0,749.123829533164,2.0,8.0,magsac630,57.9,32.9,2432
band1,win512_nfauto,dedode_L-upright_G-C4,fginn_fm1,0.197,4.91,25,11.0,318.0,,lmeds630,5911.0,755.3991414022995,1.0,8.0,lmeds630,117.9,25.73,512
band1,win768_nfauto,imw-d2net-nn-kt0p2-fm1,internal,0.621,13.03,21,16.0,1111.0,,lmeds630,5913.0,757.5009959825376,2.0,8.0,magsac630,29.5,2.63,768
band1,win768_nfauto,dedode_L-C4-v2_B-C4,mnn,0.175,3.67,21,19.0,1764.0,,magsac630,5914.0,758.6075643287002,2.0,8.0,magsac630,39.7,1.44,768
band1,win1152_nfauto,dedode_L-C4-v2_G-C4,fginn_fm1,0.29,5.8,20,15.0,635.0,,lmeds630,5916.0,760.924181609597,2.0,8.0,magsac630,69.0,25.67,1152
band1,win1536_nfauto,dedode_L-C4-v2_B-upright,fginn_fm1,0.21,4.2,20,12.0,1796.0,,lmeds630,5917.0,761.4987592457728,1.0,8.0,magsac630,64.0,32.9,1536
band1,win1280_nfauto,dedode_L-upright_B-C4,ada,0.196,4.12,21,10.0,10001.0,,magsac630,5918.0,766.6301344282996,3.0,8.0,magsac630,54.5,16.64,1280
band1,win768_nfauto,dedode_L-C4_B-upright,fginn_fm1,0.195,3.7,19,9.0,500.0,,lmeds630,5919.0,772.7202113113151,2.0,8.0,magsac630,39.7,1.44,768
band1,win1408_nfauto,dedode_L-C4-v2_B-upright,fginn_fm1,0.202,4.04,20,10.0,1542.0,,lmeds630,5920.0,773.1845284086074,1.0,8.0,magsac630,56.9,32.9,1408
band1,win512_nfauto,dedode_L-C4-v2_G-C4,fginn_fm1,0.36,5.05,14,6.0,155.0,,lmeds630,5922.0,773.9933097036458,2.0,8.0,lmeds630,57.9,25.66,512
band1,win1536_nfauto,dedode_L-C4_B-upright,fginn_fm1,0.193,4.06,21,14.0,3549.0,,lmeds630,5925.0,784.8403060020706,1.0,8.0,magsac630,51.3,8.71,1536
band1,win1280_nfauto,imw-d2net-nn-kt0p2-fm1,internal,0.876,17.52,20,15.0,1152.0,,lmeds630,5935.0,795.672915103539,2.0,8.0,magsac630,34.1,32.48,1280
band1,win1792_nfauto,imw-d2net-nn-kt0p2-fm1,internal,0.904,18.08,20,15.0,1152.0,,lmeds630,5936.0,795.672915103539,2.0,8.0,magsac630,34.8,32.48,1792
band1,win1920_nfauto,imw-d2net-nn-kt0p2-fm1,internal,0.882,17.64,20,15.0,1152.0,,lmeds630,5937.0,795.6731642386846,2.0,8.0,magsac630,35.2,32.48,1920
band1,win2304_nfauto,imw-d2net-nn-kt0p2-fm1,internal,0.873,17.47,20,15.0,1152.0,,lmeds630,5938.0,795.6731642386846,2.0,8.0,magsac630,34.1,32.48,2304
band1,win2560_nfauto,imw-d2net-nn-kt0p2-fm1,internal,0.811,16.22,20,15.0,1152.0,,lmeds630,5939.0,795.6731642386846,2.0,8.0,magsac630,31.4,32.48,2560
band1,win3072_nfauto,imw-d2net-nn-kt0p2-fm1,internal,0.88,17.6,20,15.0,1152.0,,lmeds630,5940.0,795.6731642386846,2.0,8.0,magsac630,34.2,32.48,3072
band1,win1152_nfauto,imw-d2net-nn-kt0p2-fm1,internal,0.889,17.79,20,15.0,1152.0,,lmeds630,5941.0,795.6746517242541,2.0,8.0,magsac630,36.4,32.48,1152
band1,win3328_nfauto,imw-d2net-nn-kt0p2-fm1,internal,0.882,17.64,20,15.0,1152.0,,lmeds630,5942.0,795.698431554843,2.0,8.0,magsac630,34.2,32.48,3328
band1,win640_nfauto,dedode_L-upright_B-upright,lgm,0.177,3.72,21,17.0,2806.0,,lmeds630,5982.0,814.1577901624569,3.0,8.0,magsac630,206.8,32.91,640
band1,win256_nfauto,dedode_L-C4-v2_B-upright,fginn_fm1,0.102,4.98,49,19.0,460.0,,lmeds630,5983.0,816.0592170634831,2.0,8.0,magsac630,51.2,1.44,256
band1,win1536_nfauto,imw-d2net-nn-kt0p2-fm1,internal,0.871,17.42,20,15.0,1151.0,,lmeds630,5984.0,820.4403261441373,2.0,8.0,magsac630,34.3,32.48,1536
band1,win2944_nfauto,imw-d2net-nn-kt0p2-fm1,internal,0.874,17.48,20,15.0,1151.0,,lmeds630,5985.0,820.4403261441373,2.0,8.0,magsac630,34.0,32.48,2944
band1,win3456_nfauto,imw-d2net-nn-kt0p2-fm1,internal,0.807,16.14,20,15.0,1151.0,,lmeds630,5986.0,820.4403261441373,2.0,8.0,magsac630,31.4,32.48,3456
band1,win2432_nfauto,imw-d2net-nn-kt0p2-fm1,internal,0.879,17.59,20,15.0,1151.0,,lmeds630,5987.0,820.4404888664909,2.0,8.0,magsac630,34.3,32.48,2432
band1,win2816_nfauto,imw-d2net-nn-kt0p2-fm1,internal,0.871,17.43,20,15.0,1151.0,,lmeds630,5988.0,820.4404888664909,2.0,8.0,magsac630,33.9,32.48,2816
band1,win3840_nfauto,imw-d2net-nn-kt0p2-fm1,internal,0.871,17.42,20,15.0,1151.0,,lmeds630,5989.0,820.4404888664909,2.0,8.0,magsac630,33.8,32.48,3840
band1,win3968_nfauto,imw-d2net-nn-kt0p2-fm1,internal,0.885,17.69,20,15.0,1151.0,,lmeds630,5990.0,820.4404888664909,2.0,8.0,magsac630,33.9,32.48,3968
band1,win1408_nfauto,imw-d2net-nn-kt0p2-fm1,internal,0.858,17.16,20,15.0,1151.0,,lmeds630,5991.0,820.4418640259577,2.0,8.0,magsac630,32.3,32.48,1408
band1,win2688_nfauto,imw-d2net-nn-kt0p2-fm1,internal,0.872,17.45,20,15.0,1151.0,,lmeds630,5992.0,820.445325159565,2.0,8.0,magsac630,33.7,32.48,2688
band1,win1664_nfauto,dedode_L-C4-v2_B-upright,fginn_fm1,0.204,4.08,20,12.0,1968.0,,lmeds630,5993.0,821.117172850473,1.0,8.0,magsac630,64.0,32.9,1664
band1,win1664_nfauto,dedode_L-C4-v2_B-C4,fginn_fm1,0.204,4.09,20,12.0,3607.0,,lmeds630,5996.0,829.2099366105446,2.0,8.0,magsac630,53.4,8.84,1664
band1,win1664_nfauto,imw-d2net-nn-kt0p2-fm1,internal,0.943,17.91,19,15.0,1146.0,,lmeds630,6001.0,834.7307796481011,2.0,8.0,magsac630,34.7,32.48,1664
band1,win2048_nfauto,dedode_L-C4-v2_B-upright,fginn_fm1,0.205,4.1,20,13.0,2078.0,,lmeds630,6004.0,842.3422773192285,2.0,8.0,magsac630,58.0,32.9,2048
band1,win2176_nfauto,dedode_L-C4-v2_B-upright,fginn_fm1,0.205,4.09,20,13.0,2078.0,,lmeds630,6005.0,842.3422773192285,2.0,8.0,magsac630,58.3,32.9,2176
band1,win2560_nfauto,dedode_L-C4-v2_B-upright,fginn_fm1,0.212,4.23,20,13.0,2078.0,,lmeds630,6006.0,842.3422773192285,2.0,8.0,magsac630,60.2,32.9,2560
band1,win2688_nfauto,dedode_L-C4-v2_B-upright,fginn_fm1,0.21,4.2,20,13.0,2078.0,,lmeds630,6007.0,842.3422773192285,2.0,8.0,magsac630,60.4,32.9,2688
band1,win2944_nfauto,dedode_L-C4-v2_B-upright,fginn_fm1,0.206,4.11,20,13.0,2078.0,,lmeds630,6008.0,842.3422773192285,2.0,8.0,magsac630,58.4,32.9,2944
band1,win3328_nfauto,dedode_L-C4-v2_B-upright,fginn_fm1,0.206,4.12,20,13.0,2078.0,,lmeds630,6009.0,842.3422773192285,2.0,8.0,magsac630,59.4,32.9,3328
band1,win3712_nfauto,dedode_L-C4-v2_B-upright,fginn_fm1,0.211,4.22,20,13.0,2077.0,,lmeds630,6010.0,842.3422773192285,2.0,8.0,magsac630,60.3,32.9,3712
band1,win4096_nfauto,dedode_L-C4-v2_B-upright,fginn_fm1,0.208,4.15,20,13.0,2078.0,,lmeds630,6011.0,842.3422773192285,2.0,8.0,magsac630,58.4,32.9,4096
band1,win2304_nfauto,dedode_L-C4-v2_B-upright,fginn_fm1,0.206,4.13,20,13.0,2076.0,,lmeds630,6012.0,843.3924675236403,2.0,8.0,magsac630,62.1,32.9,2304
band1,win640_nfauto,dedode_L-C4-v2_B-upright,mnn,0.156,3.28,21,16.0,1310.0,,magsac630,6014.0,844.3128695053338,2.0,8.0,magsac630,42.1,32.88,640
band1,win2432_nfauto,dedode_L-C4-v2_B-upright,fginn_fm1,0.205,4.1,20,13.0,2076.0,,lmeds630,6015.0,844.8147849590009,2.0,8.0,magsac630,57.9,32.9,2432
band1,win2816_nfauto,dedode_L-C4-v2_B-upright,fginn_fm1,0.205,4.1,20,13.0,2076.0,,lmeds630,6016.0,844.8147849590009,2.0,8.0,magsac630,68.8,32.9,2816
band1,win3072_nfauto,dedode_L-C4-v2_B-upright,fginn_fm1,0.205,4.1,20,13.0,2076.0,,lmeds630,6017.0,844.8147849590009,2.0,8.0,magsac630,58.9,32.9,3072
band1,win3456_nfauto,dedode_L-C4-v2_B-upright,fginn_fm1,0.21,4.2,20,13.0,2076.0,,lmeds630,6018.0,844.8147849590009,2.0,8.0,magsac630,59.9,32.9,3456
band1,win3840_nfauto,dedode_L-C4-v2_B-upright,fginn_fm1,0.205,4.1,20,13.0,2076.0,,lmeds630,6019.0,844.8147849590009,2.0,8.0,magsac630,58.5,32.9,3840
band1,win256_nfauto,dedode_L-upright_B-C4,fginn_fm1,0.075,5.15,69,25.0,630.0,,lmeds630,6020.0,845.5832353933251,2.0,8.0,magsac630,51.4,1.44,256
band1,win3968_nfauto,dedode_L-C4-v2_B-upright,fginn_fm1,0.204,4.08,20,13.0,2074.0,,lmeds630,6021.0,846.4590855487736,2.0,8.0,magsac630,65.4,32.9,3968
band1,win2688_nfauto,dedode_L-C4-v2_B-C4,fginn_fm1,0.214,4.27,20,12.0,3732.0,,lmeds630,6027.0,855.2708124906721,2.0,8.0,magsac630,55.1,9.62,2688
band1,win3968_nfauto,dedode_L-upright_B-upright,fginn_fm1,0.196,4.13,21,13.0,4360.0,,magsac630,6029.0,858.9946446702919,2.0,8.0,magsac630,205.9,32.93,3968
band1,win3200_nfauto,dedode_L-C4-v2_B-upright,fginn_fm1,0.212,4.23,20,13.0,2067.0,,lmeds630,6030.0,860.1083539426835,2.0,8.0,magsac630,60.1,32.9,3200
band1,win3584_nfauto,dedode_L-C4-v2_B-upright,fginn_fm1,0.207,4.15,20,13.0,2067.0,,lmeds630,6031.0,860.1083539426835,2.0,8.0,magsac630,61.9,32.9,3584
band1,win4096_nfauto,imw-d2net-nn-kt0p2-fm1,internal,0.872,17.44,20,15.0,1151.0,,lmeds630,6032.0,860.269785415195,2.0,8.0,magsac630,33.9,32.48,4096
band1,win1792_nfauto,dedode_L-C4-v2_B-upright,fginn_fm1,0.21,4.2,20,13.0,2089.0,,lmeds630,6033.0,860.3875501790436,2.0,8.0,magsac630,60.3,32.9,1792
band1,win1920_nfauto,dedode_L-C4-v2_B-upright,fginn_fm1,0.206,4.11,20,13.0,2089.0,,lmeds630,6034.0,860.3875501790436,2.0,8.0,magsac630,57.8,32.9,1920
band1,win1536_nfauto,dedode_L-upright_B-upright,nn,0.238,5.0,21,7.0,11105.0,,magsac630,6036.0,874.1535015259849,3.0,8.0,magsac630,203.8,32.93,1536
band1,win384_nfauto,imw-rord-nn-kt0p2-fm1,internal,2.037,73.33,36,10.0,357.0,,lmeds630,6039.0,880.0204096555585,2.0,8.0,lmeds630,143.5,32.53,384
band1,win2176_nfauto,dedode_L-C4-v2_B-C4,fginn_fm1,0.195,4.1,21,12.0,3733.0,,lmeds630,6042.0,882.1844241693911,2.0,8.0,magsac630,53.8,9.62,2176
band1,win2432_nfauto,dedode_L-C4-v2_B-C4,fginn_fm1,0.206,4.11,20,12.0,3733.0,,lmeds630,6043.0,882.1844241693911,2.0,8.0,magsac630,51.4,9.62,2432
band1,win2560_nfauto,dedode_L-C4-v2_B-C4,fginn_fm1,0.21,4.19,20,12.0,3733.0,,lmeds630,6044.0,882.1844241693911,2.0,8.0,magsac630,53.3,9.62,2560
band1,win2816_nfauto,dedode_L-C4-v2_B-C4,fginn_fm1,0.21,4.19,20,12.0,3733.0,,lmeds630,6045.0,882.1844241693911,2.0,8.0,magsac630,53.1,9.62,2816
band1,win3072_nfauto,dedode_L-C4-v2_B-C4,fginn_fm1,0.205,4.1,20,12.0,3733.0,,lmeds630,6046.0,882.1844241693911,2.0,8.0,magsac630,51.8,9.62,3072
band1,win3840_nfauto,dedode_L-C4-v2_B-C4,fginn_fm1,0.207,4.15,20,12.0,3733.0,,lmeds630,6047.0,882.1844241693911,2.0,8.0,magsac630,53.2,9.62,3840
band1,win4096_nfauto,dedode_L-C4-v2_B-C4,fginn_fm1,0.206,4.11,20,12.0,3733.0,,lmeds630,6048.0,882.1844241693911,2.0,8.0,magsac630,51.5,9.62,4096
band1,win1024_nfauto,dedode_L-upright_B-C4,fginn_fm1,0.179,3.76,21,15.0,2307.0,,lmeds630,6049.0,883.1240835046212,3.0,8.0,magsac630,45.9,16.63,1024
band1,win384_nfauto,dedode_L-C4-v2_G-C4,mnn,0.111,5.46,49,37.0,3848.0,,lmeds630,6050.0,885.1603448556152,2.0,8.0,magsac630,60.6,17.4,384
band1,win256_nfauto,dedode_L-C4-v2_B-C4,fginn_fm1,0.093,5.57,60,26.0,833.0,,lmeds630,6054.0,899.595414641443,2.0,8.0,magsac630,55.8,1.44,256
band1,win768_nfauto,dedode_L-C4-v2_B-C4,fginn_fm1,0.231,3.69,16,8.0,596.0,,lmeds630,6056.0,904.8127418205596,3.0,8.0,magsac630,39.7,1.44,768
band1,win256_nfauto,dedode_L-upright_B-upright,snn,0.188,4.88,26,10.0,126.0,,lmeds630,6059.0,914.830383889661,1.0,8.0,lmeds630,258.8,32.9,256
band1,win768_nfauto,dedode_L-C4-v2_B-C4,ada,0.182,3.83,21,10.0,1873.0,,magsac630,6062.0,924.5736274911252,1.0,8.0,magsac630,39.7,1.44,768
band1,win1536_nfauto,dedode_L-upright_B-upright,lgm,0.248,4.96,20,16.0,12257.0,,lmeds630,6063.0,930.2610575928032,3.0,8.0,magsac630,203.8,32.93,1536
band1,win1408_nfauto,dedode_L-C4_G-C4,mnn,0.285,5.98,21,19.0,4853.0,,magsac630,6064.0,930.292090979008,3.0,8.0,magsac630,75.4,25.67,1408
band1,win256_nfauto,dedode_L-C4-v2_G-C4,fginn_fm1,0.155,8.69,56,14.0,381.0,,lmeds630,6067.0,932.3947525618528,2.0,8.0,lmeds630,85.3,17.38,256
band1,win384_nfauto,dedode_L-C4-v2_G-C4,fginn_fm1,0.16,5.45,34,9.0,129.0,,lmeds630,6090.0,953.022794602826,1.0,8.0,magsac630,60.6,17.4,384
band1,win256_nfauto,dedode_L-C4_G-C4,fginn_fm1,0.098,6.96,71,20.0,372.0,,lmeds630,6092.0,956.5774896760352,2.0,8.0,lmeds630,71.0,2.05,256
band1,win896_nfauto,dedode_L-upright_G-C4,nn,0.278,5.83,21,9.0,2442.0,,magsac630,6094.0,959.4927785080548,1.0,8.0,magsac630,110.5,33.46,896
band1,win1664_nfauto,dedode_L-upright_B-upright,fginn_fm1,0.194,4.07,21,14.0,4268.0,,magsac630,6096.0,968.9988150393676,3.0,8.0,lmeds630,204.3,32.93,1664
band1,win2816_nfauto,dedode_L-upright_B-upright,fginn_fm1,0.197,4.13,21,14.0,4535.0,,magsac630,6097.0,971.4944331414046,3.0,8.0,lmeds630,205.4,32.93,2816
band1,win3072_nfauto,dedode_L-upright_B-upright,fginn_fm1,0.194,4.08,21,14.0,4535.0,,magsac630,6098.0,971.4944331414046,3.0,8.0,lmeds630,206.0,32.93,3072
band1,win3840_nfauto,dedode_L-upright_B-upright,fginn_fm1,0.2,4.19,21,14.0,4535.0,,magsac630,6099.0,971.4944331414046,3.0,8.0,lmeds630,205.5,32.93,3840
band1,win1152_nfauto,dedode_L-C4_B-upright,lgm,0.233,4.43,19,16.0,8924.0,,lmeds630,6103.0,976.1785635598058,3.0,8.0,magsac630,45.7,3.18,1152
band1,win640_nfauto,dedode_L-C4-v2_B-upright,lgm,0.175,3.67,21,18.0,5041.0,,lmeds630,6105.0,979.7163852030562,2.0,8.0,magsac630,42.1,32.88,640
band1,win2432_nfauto,dedode_L-upright_B-upright,fginn_fm1,0.194,4.07,21,14.0,4533.0,,magsac630,6107.0,981.9172784114272,3.0,8.0,lmeds630,204.4,32.93,2432
band1,win1280_nfauto,dedode_L-C4_B-upright,fginn_fm1,0.185,3.89,21,14.0,2336.0,,lmeds630,6109.0,987.2589174609324,2.0,8.0,lmeds630,50.2,16.58,1280
band1,win1664_nfauto,dedode_L-C4_B-upright,fginn_fm1,0.192,4.04,21,14.0,3934.0,,lmeds630,6110.0,987.9556164655644,1.0,8.0,magsac630,49.9,9.17,1664
band1,win1152_nfauto,dedode_L-C4_B-upright,fginn_fm1,0.185,3.88,21,12.0,1714.0,,lmeds630,6111.0,990.8083663159606,2.0,8.0,lmeds630,45.7,3.18,1152
band1,win3200_nfauto,dedode_L-upright_B-upright,fginn_fm1,0.196,4.13,21,14.0,4349.0,,magsac630,6114.0,993.6369574384794,3.0,8.0,lmeds630,205.9,32.93,3200
band1,win3584_nfauto,dedode_L-upright_B-upright,fginn_fm1,0.195,4.11,21,14.0,4349.0,,magsac630,6115.0,993.6369574384794,3.0,8.0,lmeds630,205.5,32.93,3584
band1,win1792_nfauto,dedode_L-upright_B-upright,fginn_fm1,0.199,4.19,21,14.0,4514.0,,magsac630,6117.0,997.8979522487564,3.0,8.0,lmeds630,204.7,32.93,1792
band1,win3200_nfauto,dedode_L-C4_B-upright,fginn_fm1,0.2,4.2,21,14.0,4130.0,,lmeds630,6118.0,998.3100885382084,1.0,8.0,magsac630,53.9,9.17,3200
band1,win3584_nfauto,dedode_L-C4_B-upright,fginn_fm1,0.194,4.07,21,14.0,4130.0,,lmeds630,6119.0,998.3100885382084,1.0,8.0,magsac630,50.4,9.17,3584
band1,win2432_nfauto,dedode_L-C4_B-upright,fginn_fm1,0.193,4.05,21,14.0,4070.0,,lmeds630,6120.0,998.4237755302886,1.0,8.0,magsac630,59.9,9.17,2432
band1,win2560_nfauto,dedode_L-C4_B-upright,fginn_fm1,0.195,4.09,21,14.0,4070.0,,lmeds630,6121.0,998.4237755302886,1.0,8.0,magsac630,52.1,9.17,2560
band1,win2176_nfauto,dedode_L-upright_B-upright,fginn_fm1,0.198,4.15,21,14.0,4535.0,,magsac630,6122.0,998.4681013999872,3.0,8.0,lmeds630,205.9,32.93,2176
band1,win2560_nfauto,dedode_L-upright_B-upright,fginn_fm1,0.194,4.06,21,14.0,4535.0,,magsac630,6123.0,998.4681013999872,3.0,8.0,lmeds630,203.7,32.93,2560
band1,win2688_nfauto,dedode_L-upright_B-upright,fginn_fm1,0.198,4.15,21,14.0,4535.0,,magsac630,6124.0,998.4681013999872,3.0,8.0,lmeds630,206.7,32.93,2688
band1,win4096_nfauto,dedode_L-upright_B-upright,fginn_fm1,0.194,4.07,21,14.0,4535.0,,magsac630,6125.0,998.4681013999872,3.0,8.0,lmeds630,206.4,32.93,4096
band1,win2304_nfauto,dedode_L-upright_B-upright,fginn_fm1,0.201,4.22,21,14.0,4298.0,,magsac630,6126.0,998.4681028034844,3.0,8.0,lmeds630,206.4,32.93,2304
band1,win896_nfauto,dedode_L-upright_B-C4,fginn_fm1,0.176,3.7,21,14.0,1596.0,,lmeds630,6133.0,999.1087273588277,3.0,8.0,lmeds630,44.8,16.63,896
band1,win3968_nfauto,dedode_L-C4_B-upright,fginn_fm1,0.199,4.18,21,14.0,4061.0,,lmeds630,6138.0,1002.9582952350668,1.0,8.0,magsac630,52.5,9.17,3968
band1,win1920_nfauto,dedode_L-upright_B-upright,fginn_fm1,0.198,4.16,21,14.0,4517.0,,magsac630,6139.0,1005.7694121563496,3.0,8.0,lmeds630,208.6,32.93,1920
band1,win2304_nfauto,dedode_L-C4_B-upright,fginn_fm1,0.196,4.12,21,14.0,4143.0,,lmeds630,6140.0,1007.7215702391896,1.0,8.0,magsac630,51.8,9.17,2304
band1,win640_nfauto,dedode_L-C4_B-upright,mnn,0.156,3.27,21,14.0,1160.0,,magsac630,6142.0,1011.8879033848316,2.0,8.0,magsac630,36.2,1.44,640
band1,win3712_nfauto,dedode_L-C4-v2_G-C4,fginn_fm1,0.302,6.04,20,15.0,1576.0,,lmeds630,6143.0,1013.865032631931,2.0,8.0,magsac630,76.7,25.67,3712
band1,win2176_nfauto,dedode_L-C4_B-upright,fginn_fm1,0.198,4.16,21,14.0,4070.0,,lmeds630,6144.0,1014.1643692628256,1.0,8.0,magsac630,53.2,9.17,2176
band1,win2816_nfauto,dedode_L-C4_B-upright,fginn_fm1,0.194,4.08,21,14.0,4070.0,,lmeds630,6145.0,1014.1643692628256,1.0,8.0,magsac630,51.6,9.17,2816
band1,win3072_nfauto,dedode_L-C4_B-upright,fginn_fm1,0.196,4.12,21,14.0,4070.0,,lmeds630,6146.0,1014.1643692628256,1.0,8.0,magsac630,50.6,9.17,3072
band1,win3840_nfauto,dedode_L-C4_B-upright,fginn_fm1,0.193,4.06,21,14.0,4070.0,,lmeds630,6147.0,1014.1643692628256,1.0,8.0,magsac630,50.2,9.17,3840
band1,win4096_nfauto,dedode_L-C4_B-upright,fginn_fm1,0.193,4.05,21,14.0,4070.0,,lmeds630,6148.0,1014.1643692628256,1.0,8.0,magsac630,50.8,9.17,4096
band1,win3072_nfauto,imw-dad-roma,internal,1.815,38.11,21,14.0,2952.0,,lmeds630,6160.0,1018.8408524926764,3.0,8.0,lmeds630,128.9,33.92,3072
band1,win640_nfauto,dedode_L-upright_B-C4,fginn_fm1,0.165,3.29,20,12.0,757.0,,lmeds630,6168.0,1020.5410394649192,3.0,8.0,magsac630,39.6,16.63,640
band1,win640_nfauto,dedode_L-C4-v2_G-C4,mnn,0.24,5.04,21,18.0,1262.0,,magsac630,6170.0,1025.9940264731567,2.0,8.0,lmeds630,58.0,25.7,640
band1,win2688_nfauto,dedode_L-C4_B-upright,fginn_fm1,0.195,4.1,21,14.0,4071.0,,lmeds630,6175.0,1029.3967749298818,1.0,8.0,magsac630,51.3,9.17,2688
band1,win256_nfauto,dedode_L-C4-v2_B-C4,lgm,0.095,7.02,74,39.0,1709.0,,lmeds630,6176.0,1031.4616624033897,1.0,8.0,magsac630,55.8,1.44,256
band1,win1280_nfauto,dedode_L-C4-v2_G-C4,lgm,0.336,6.05,18,12.0,696.0,,lmeds630,6178.0,1035.914175914778,1.0,8.0,lmeds630,66.5,17.39,1280
band1,win2560_nfauto,dedode_L-C4-v2_G-C4,fginn_fm1,0.3,6.01,20,15.0,1576.0,,lmeds630,6180.0,1040.0513575038565,2.0,8.0,magsac630,75.7,25.67,2560
band1,win2688_nfauto,dedode_L-C4-v2_G-C4,fginn_fm1,0.3,6.0,20,15.0,1576.0,,lmeds630,6181.0,1040.0513575038565,2.0,8.0,magsac630,77.9,25.67,2688
band1,win768_nfauto,dedode_L-C4_G-C4,lgm,0.342,5.81,17,12.0,411.0,,lmeds630,6183.0,1061.193552737367,1.0,8.0,lmeds630,63.6,25.66,768
band1,win768_nfauto,dedode_L-C4-v2_B-C4,lgm,0.2,4.01,20,15.0,2226.0,,lmeds630,6186.0,1066.6357829109093,1.0,8.0,lmeds630,39.7,1.44,768
band1,win3200_nfauto,dedode_L-C4-v2_G-C4,fginn_fm1,0.306,6.11,20,15.0,1573.0,,lmeds630,6187.0,1069.8418969531226,2.0,8.0,magsac630,78.6,25.67,3200
band1,win3584_nfauto,dedode_L-C4-v2_G-C4,fginn_fm1,0.301,6.01,20,15.0,1573.0,,lmeds630,6188.0,1069.8418969531226,2.0,8.0,magsac630,75.6,25.67,3584
band1,win256_nfauto,dedode_L-C4_B-C4,fginn_fm1,0.07,5.0,71,27.0,677.0,,lmeds630,6190.0,1074.7915313494768,3.0,8.0,lmeds630,50.8,1.44,256
band1,win256_nfauto,dedode_L-upright_B-C4,snn,0.181,5.07,28,11.0,160.0,,lmeds630,6191.0,1078.332718041998,1.0,8.0,lmeds630,51.4,1.44,256
band1,win512_nfauto,dedode_L-upright_B-upright,lgm,0.131,3.94,30,23.0,2046.0,,lmeds630,6193.0,1085.1156202427735,3.0,8.0,lmeds630,228.1,32.91,512
band1,win256_nfauto,dedode_L-upright_B-upright,fginn_fm1,0.075,4.94,66,20.0,370.0,,lmeds630,6194.0,1091.1902636316172,2.0,8.0,magsac630,258.8,32.9,256
band1,win3584_nfauto,dedode_L-C4-v2_G-C4,mnn,0.289,6.06,21,19.0,4151.0,,magsac630,6195.0,1097.8751384904792,3.0,8.0,magsac630,75.6,25.67,3584
band1,win1792_nfauto,dedode_L-C4-v2_G-C4,fginn_fm1,0.308,6.16,20,15.0,1561.0,,lmeds630,6196.0,1098.986341975204,2.0,8.0,magsac630,88.9,25.67,1792
band1,win3200_nfauto,dedode_L-C4-v2_G-C4,mnn,0.293,6.15,21,19.0,4150.0,,magsac630,6197.0,1099.0449698443742,3.0,8.0,magsac630,78.6,25.67,3200
band1,win2560_nfauto,dedode_L-C4-v2_G-C4,mnn,0.288,6.05,21,19.0,4312.0,,magsac630,6225.0,1113.7804763140014,3.0,8.0,magsac630,75.7,25.67,2560
band1,win2176_nfauto,dedode_L-C4-v2_G-C4,mnn,0.287,6.03,21,19.0,4308.0,,magsac630,6227.0,1116.5797682612383,3.0,8.0,magsac630,74.5,25.67,2176
band1,win4096_nfauto,dedode_L-C4-v2_G-C4,mnn,0.287,6.03,21,19.0,4308.0,,magsac630,6228.0,1116.5797682612383,3.0,8.0,magsac630,74.4,25.67,4096
band1,win2688_nfauto,dedode_L-C4-v2_G-C4,mnn,0.29,6.09,21,18.0,4312.0,,magsac630,6229.0,1117.8063658289425,3.0,8.0,magsac630,77.9,25.67,2688
band1,win2048_nfauto,dedode_L-C4_B-upright,fginn_fm1,0.193,4.05,21,14.0,4065.0,,lmeds630,6230.0,1118.0065922170777,1.0,8.0,magsac630,52.4,9.17,2048
band1,win2944_nfauto,dedode_L-C4_B-upright,fginn_fm1,0.193,4.06,21,14.0,4065.0,,lmeds630,6231.0,1118.0065922170777,1.0,8.0,magsac630,59.4,9.17,2944
band1,win3328_nfauto,dedode_L-C4_B-upright,fginn_fm1,0.197,4.13,21,14.0,4065.0,,lmeds630,6232.0,1118.0065922170777,1.0,8.0,magsac630,52.8,9.17,3328
band1,win3456_nfauto,dedode_L-C4_B-upright,fginn_fm1,0.196,4.12,21,14.0,4065.0,,lmeds630,6233.0,1118.0065922170777,1.0,8.0,magsac630,51.5,9.17,3456
band1,win2432_nfauto,dedode_L-C4-v2_G-C4,mnn,0.288,6.04,21,19.0,4325.0,,magsac630,6234.0,1120.0107043871174,3.0,8.0,magsac630,74.4,25.67,2432
band1,win2304_nfauto,dedode_L-C4-v2_G-C4,mnn,0.287,6.03,21,19.0,4141.0,,magsac630,6236.0,1125.6227182813657,3.0,8.0,magsac630,74.5,25.67,2304
band1,win1664_nfauto,dedode_L-C4-v2_G-C4,nn,0.345,7.25,21,9.0,4403.0,,magsac630,6237.0,1126.0205584503578,3.0,8.0,magsac630,75.6,25.67,1664
band1,win3712_nfauto,dedode_L-C4_B-upright,fginn_fm1,0.198,4.16,21,14.0,4065.0,,lmeds630,6238.0,1129.2551535967802,1.0,8.0,magsac630,52.5,9.17,3712
band1,win3712_nfauto,dedode_L-C4-v2_G-C4,mnn,0.29,6.09,21,19.0,4450.0,,magsac630,6240.0,1144.2770303853256,3.0,8.0,magsac630,76.7,25.67,3712
band1,win3968_nfauto,dedode_L-C4-v2_G-C4,mnn,0.287,6.03,21,19.0,4318.0,,magsac630,6241.0,1144.6260002302972,3.0,8.0,magsac630,75.3,25.67,3968
band1,win3456_nfauto,dedode_L-C4-v2_G-C4,mnn,0.292,6.13,21,19.0,4455.0,,magsac630,6242.0,1147.5374620227008,3.0,8.0,magsac630,78.4,25.67,3456
band1,win2048_nfauto,dedode_L-C4-v2_G-C4,mnn,0.291,6.12,21,19.0,4431.0,,magsac630,6243.0,1149.120562541115,3.0,8.0,magsac630,81.0,25.67,2048
band1,win2944_nfauto,dedode_L-C4-v2_G-C4,mnn,0.292,6.13,21,19.0,4431.0,,magsac630,6244.0,1149.120562541115,3.0,8.0,magsac630,76.2,25.67,2944
band1,win3328_nfauto,dedode_L-C4-v2_G-C4,mnn,0.288,6.04,21,19.0,4431.0,,magsac630,6245.0,1149.120562541115,3.0,8.0,magsac630,75.4,25.67,3328
band1,win1920_nfauto,dedode_L-C4-v2_B-upright,mnn,0.196,4.12,21,18.0,5856.0,,magsac630,6246.0,1149.8074838308676,2.0,8.0,magsac630,57.8,32.9,1920
band1,win896_nfauto,dedode_L-C4-v2_G-C4,mnn,0.265,5.57,21,19.0,1533.0,,magsac630,6247.0,1153.0104771092683,2.0,8.0,lmeds630,62.3,25.71,896
band1,win1408_nfauto,dedode_L-upright_B-upright,lgm,0.243,4.85,20,16.0,11096.0,,lmeds630,6248.0,1154.4252069600843,3.0,8.0,magsac630,204.6,32.92,1408
band1,win1408_nfauto,dedode_L-upright_B-upright,fginn_fm1,0.193,4.04,21,13.0,3313.0,,lmeds630,6254.0,1163.3040082832904,3.0,8.0,lmeds630,204.6,32.92,1408
band1,win384_nfauto,dedode_L-upright_B-C4,fginn_fm1,0.107,3.85,36,21.0,411.0,,lmeds630,6255.0,1164.043174898619,1.0,8.0,lmeds630,40.2,1.44,384
band1,win1280_nfauto,dedode_L-upright_G-C4,fginn_fm1,0.267,5.6,21,16.0,2692.0,,lmeds630,6256.0,1166.118321782243,3.0,8.0,magsac630,121.1,33.46,1280
band1,win1152_nfauto,dedode_L-upright_G-C4,fginn_fm1,0.264,5.54,21,17.0,1557.0,,magsac630,6257.0,1166.7527833200302,3.0,8.0,magsac630,116.8,33.46,1152
band1,win1920_nfauto,dedode_L-C4-v2_G-C4,mnn,0.287,6.04,21,19.0,4343.0,,magsac630,6258.0,1170.1478429479398,3.0,8.0,magsac630,75.0,25.67,1920
band1,win384_nfauto,dedode_L-C4_B-C4,fginn_fm1,0.1,3.82,38,20.0,416.0,,lmeds630,6259.0,1183.7307722031337,2.0,8.0,magsac630,39.9,1.44,384
band1,win640_nfauto,dedode_L-C4_B-upright,ada,0.162,3.4,21,7.0,2791.0,,lmeds630,6260.0,1187.4643934126116,2.0,8.0,magsac630,36.2,1.44,640
band1,win1024_nfauto,dedode_L-upright_B-upright,lgm,0.222,4.21,19,17.0,6286.0,,lmeds630,6262.0,1192.8977075141363,3.0,8.0,lmeds630,193.5,32.92,1024
band1,win1792_nfauto,dedode_L-C4_B-C4,nn,0.242,5.08,21,7.0,19438.0,,magsac630,6264.0,1193.71405316382,3.0,8.0,magsac630,51.3,8.24,1792
band1,win1920_nfauto,dedode_L-C4_B-C4,nn,0.236,4.96,21,7.0,19433.0,,magsac630,6265.0,1193.71405316382,3.0,8.0,magsac630,50.2,8.24,1920
band1,win2048_nfauto,dedode_L-C4_B-C4,nn,0.234,4.91,21,7.0,19437.0,,magsac630,6266.0,1193.71405316382,3.0,8.0,magsac630,49.9,8.24,2048
band1,win2176_nfauto,dedode_L-C4_B-C4,nn,0.238,4.99,21,7.0,19438.0,,magsac630,6267.0,1193.71405316382,3.0,8.0,magsac630,51.2,8.24,2176
band1,win2432_nfauto,dedode_L-C4_B-C4,nn,0.235,4.94,21,7.0,19438.0,,magsac630,6268.0,1193.71405316382,3.0,8.0,magsac630,49.9,8.24,2432
band1,win2560_nfauto,dedode_L-C4_B-C4,nn,0.245,5.14,21,7.0,19438.0,,magsac630,6269.0,1193.71405316382,3.0,8.0,magsac630,51.6,8.24,2560
band1,win2688_nfauto,dedode_L-C4_B-C4,nn,0.242,5.08,21,6.0,19210.0,,magsac630,6270.0,1193.71405316382,3.0,8.0,magsac630,50.8,8.24,2688
band1,win2816_nfauto,dedode_L-C4_B-C4,nn,0.237,4.98,21,7.0,19438.0,,magsac630,6271.0,1193.71405316382,3.0,8.0,magsac630,50.8,8.24,2816
band1,win2944_nfauto,dedode_L-C4_B-C4,nn,0.236,4.96,21,7.0,19437.0,,magsac630,6272.0,1193.71405316382,3.0,8.0,magsac630,50.0,8.24,2944
band1,win3072_nfauto,dedode_L-C4_B-C4,nn,0.236,4.96,21,7.0,19438.0,,magsac630,6273.0,1193.71405316382,3.0,8.0,magsac630,52.1,8.24,3072
band1,win3328_nfauto,dedode_L-C4_B-C4,nn,0.242,5.09,21,7.0,19437.0,,magsac630,6274.0,1193.71405316382,3.0,8.0,magsac630,51.7,8.24,3328
band1,win3456_nfauto,dedode_L-C4_B-C4,nn,0.242,5.09,21,7.0,19437.0,,magsac630,6275.0,1193.71405316382,3.0,8.0,magsac630,52.9,8.24,3456
band1,win3840_nfauto,dedode_L-C4_B-C4,nn,0.24,5.04,21,7.0,19438.0,,magsac630,6277.0,1193.71405316382,3.0,8.0,magsac630,50.8,8.24,3840
band1,win4096_nfauto,dedode_L-C4_B-C4,nn,0.237,4.97,21,7.0,19438.0,,magsac630,6278.0,1193.71405316382,3.0,8.0,magsac630,51.8,8.24,4096
band1,win3968_nfauto,dedode_L-C4_B-C4,nn,0.246,5.18,21,7.0,19449.0,,magsac630,6279.0,1194.7820901875557,3.0,8.0,magsac630,52.1,8.24,3968
band1,win3200_nfauto,dedode_L-C4_B-C4,nn,0.253,5.32,21,7.0,19441.0,,magsac630,6290.0,1197.9014413414664,3.0,8.0,magsac630,52.8,8.24,3200
band1,win3584_nfauto,dedode_L-C4_B-C4,nn,0.248,5.21,21,7.0,19441.0,,magsac630,6291.0,1197.9014413414664,3.0,8.0,magsac630,54.3,8.24,3584
band1,win1792_nfauto,dedode_L-C4-v2_G-C4,mnn,0.295,6.19,21,19.0,4330.0,,magsac630,6292.0,1198.4629996052429,3.0,8.0,lmeds630,88.9,25.67,1792
band1,win2304_nfauto,dedode_L-C4_B-C4,nn,0.243,5.11,21,7.0,19426.0,,magsac630,6296.0,1199.2108430573292,3.0,8.0,magsac630,52.2,8.23,2304
band1,win768_nfauto,dedode_L-upright_B-C4,fginn_fm1,0.186,3.72,20,13.0,806.0,,lmeds630,6305.0,1208.7768033792252,3.0,8.0,lmeds630,43.5,16.63,768
band1,win256_nfauto,dedode_L-C4-v2_B-upright,mnn,0.056,5.0,89,84.0,5829.0,,lmeds630,6307.0,1211.263690538682,3.0,8.0,magsac630,51.2,1.44,256
band1,win1152_nfauto,dedode_L-C4-v2_G-C4,mnn,0.272,5.72,21,20.0,2395.0,,magsac630,6308.0,1211.8220384905396,2.0,8.0,magsac630,69.0,25.67,1152
band1,win1664_nfauto,dedode_L-C4_B-C4,nn,0.233,4.89,21,7.0,19078.0,,magsac630,6310.0,1213.4762696369417,3.0,8.0,magsac630,50.3,8.14,1664
band1,win1408_nfauto,dedode_L-C4-v2_G-C4,nn,0.331,6.95,21,11.0,3353.0,,magsac630,6311.0,1218.6349782166849,2.0,8.0,magsac630,71.1,25.67,1408
band1,win1920_nfauto,dedode_L-C4-v2_G-C4,fginn_fm1,0.3,5.99,20,15.0,1561.0,,lmeds630,6320.0,1233.611656273037,2.0,8.0,magsac630,75.0,25.67,1920
band1,win1792_nfauto,dedode_L-C4_B-upright,fginn_fm1,0.198,4.16,21,14.0,4061.0,,lmeds630,6321.0,1238.4637113680917,1.0,8.0,magsac630,51.4,9.17,1792
band1,win640_nfauto,dedode_L-C4_G-C4,lgm,0.271,5.15,19,11.0,370.0,,lmeds630,6324.0,1257.744473385195,2.0,8.0,lmeds630,53.8,2.05,640
band1,win2304_nfauto,dedode_L-upright_B-C4,nn,0.243,5.1,21,8.0,21105.0,,magsac630,6326.0,1261.53340834468,3.0,8.0,magsac630,55.2,16.64,2304
band1,win3200_nfauto,dedode_L-upright_B-C4,nn,0.251,5.27,21,8.0,21107.0,,magsac630,6327.0,1261.53340834468,3.0,8.0,magsac630,56.0,16.64,3200
band1,win3584_nfauto,dedode_L-upright_B-C4,nn,0.251,5.27,21,8.0,21107.0,,magsac630,6328.0,1261.53340834468,3.0,8.0,magsac630,57.8,16.64,3584
band1,win1792_nfauto,dedode_L-upright_B-C4,nn,0.245,5.16,21,7.0,17219.0,,magsac630,6330.0,1271.273931674256,3.0,8.0,magsac630,61.3,16.64,1792
band1,win2048_nfauto,dedode_L-upright_B-C4,nn,0.238,5.0,21,7.0,17215.0,,magsac630,6331.0,1271.273931674256,3.0,8.0,magsac630,54.4,16.64,2048
band1,win2176_nfauto,dedode_L-upright_B-C4,nn,0.249,5.24,21,7.0,17221.0,,magsac630,6332.0,1271.273931674256,3.0,8.0,magsac630,57.0,16.64,2176
band1,win2432_nfauto,dedode_L-upright_B-C4,nn,0.239,5.01,21,7.0,17221.0,,magsac630,6333.0,1271.273931674256,3.0,8.0,magsac630,57.6,16.64,2432
band1,win2560_nfauto,dedode_L-upright_B-C4,nn,0.239,5.02,21,7.0,17221.0,,magsac630,6334.0,1271.273931674256,3.0,8.0,magsac630,55.0,16.64,2560
band1,win2816_nfauto,dedode_L-upright_B-C4,nn,0.242,5.08,21,7.0,17221.0,,magsac630,6335.0,1271.273931674256,3.0,8.0,magsac630,54.8,16.64,2816
band1,win2944_nfauto,dedode_L-upright_B-C4,nn,0.24,5.03,21,7.0,17215.0,,magsac630,6336.0,1271.273931674256,3.0,8.0,magsac630,54.6,16.64,2944
band1,win3072_nfauto,dedode_L-upright_B-C4,nn,0.238,5.0,21,7.0,17221.0,,magsac630,6337.0,1271.273931674256,3.0,8.0,magsac630,55.5,16.64,3072
band1,win3328_nfauto,dedode_L-upright_B-C4,nn,0.241,5.06,21,7.0,17215.0,,magsac630,6338.0,1271.273931674256,3.0,8.0,magsac630,54.7,16.64,3328
band1,win3456_nfauto,dedode_L-upright_B-C4,nn,0.244,5.12,21,7.0,17215.0,,magsac630,6339.0,1271.273931674256,3.0,8.0,magsac630,55.0,16.64,3456
band1,win3840_nfauto,dedode_L-upright_B-C4,nn,0.246,5.16,21,7.0,17221.0,,magsac630,6340.0,1271.273931674256,3.0,8.0,magsac630,55.3,16.64,3840
band1,win3968_nfauto,dedode_L-upright_B-C4,nn,0.246,5.16,21,7.0,17213.0,,magsac630,6341.0,1271.273931674256,3.0,8.0,magsac630,55.5,16.64,3968
band1,win4096_nfauto,dedode_L-upright_B-C4,nn,0.24,5.05,21,7.0,17221.0,,magsac630,6342.0,1271.273931674256,3.0,8.0,magsac630,54.6,16.64,4096
band1,win1664_nfauto,dedode_L-upright_B-C4,nn,0.248,5.2,21,8.0,20413.0,,magsac630,6343.0,1271.274495968144,3.0,8.0,magsac630,61.6,16.64,1664
band1,win640_nfauto,dedode_L-C4_B-C4,mnn,0.156,3.29,21,17.0,1538.0,,magsac630,6344.0,1283.5589743189717,3.0,8.0,magsac630,36.4,1.44,640
band1,win512_nfauto,dedode_L-C4_G-C4,mnn,0.163,4.89,30,23.0,842.0,,magsac630,6348.0,1289.515759729336,3.0,8.0,magsac630,54.3,2.05,512
band1,win3328_nfauto,dedode_L-upright_B-upright,lgm,0.252,5.04,20,16.0,13295.0,,lmeds630,6351.0,1297.0763012851098,3.0,8.0,magsac630,205.6,32.93,3328
band1,win2944_nfauto,dedode_L-upright_B-upright,lgm,0.253,5.06,20,16.0,13294.0,,lmeds630,6352.0,1297.822896058038,3.0,8.0,magsac630,203.9,32.93,2944
band1,win2048_nfauto,dedode_L-upright_B-upright,lgm,0.25,4.99,20,16.0,13299.0,,lmeds630,6353.0,1299.0303204710003,3.0,8.0,magsac630,205.1,32.93,2048
band1,win3456_nfauto,dedode_L-upright_B-upright,lgm,0.249,4.99,20,16.0,13298.0,,lmeds630,6360.0,1304.5293116379685,3.0,8.0,magsac630,203.7,32.93,3456
band1,win256_nfauto,dedode_L-upright_G-C4,snn,0.322,7.41,23,7.0,106.0,,lmeds630,6363.0,1307.794934794471,1.0,8.0,magsac630,125.5,25.73,256
band1,win3968_nfauto,dedode_L-upright_B-upright,lgm,0.253,5.07,20,16.0,13276.0,,lmeds630,6364.0,1308.1931042543006,3.0,8.0,magsac630,205.9,32.93,3968
band1,win2944_nfauto,dedode_L-C4-v2_B-upright,mnn,0.197,4.13,21,20.0,5909.0,,magsac630,6367.0,1311.743801566214,3.0,8.0,lmeds630,58.4,32.9,2944
band1,win1280_nfauto,dedode_L-C4-v2_G-C4,fginn_fm1,0.289,5.79,20,15.0,894.0,,lmeds630,6378.0,1312.4082061473443,2.0,8.0,magsac630,66.5,17.39,1280
band1,win3712_nfauto,dedode_L-upright_B-upright,lgm,0.25,5.0,20,16.0,13296.0,,lmeds630,6390.0,1320.0014067005336,3.0,8.0,magsac630,205.3,32.93,3712
band1,win2176_nfauto,dedode_L-C4-v2_G-C4,fginn_fm1,0.299,5.98,20,15.0,1576.0,,lmeds630,6394.0,1333.6862329574049,2.0,8.0,magsac630,74.5,25.67,2176
band1,win4096_nfauto,dedode_L-C4-v2_G-C4,fginn_fm1,0.299,5.99,20,15.0,1576.0,,lmeds630,6395.0,1333.6862329574049,2.0,8.0,magsac630,74.4,25.67,4096
band1,win3712_nfauto,dedode_L-C4_G-C4,nn,0.327,6.86,21,10.0,13691.0,,magsac630,6415.0,1354.5948696948192,3.0,8.0,magsac630,70.4,7.44,3712
band1,win1664_nfauto,dedode_L-C4-v2_G-C4,mnn,0.286,6.01,21,19.0,4138.0,,magsac630,6416.0,1355.2578902950631,3.0,8.0,lmeds630,75.6,25.67,1664
band1,win2816_nfauto,dedode_L-C4-v2_G-C4,mnn,0.291,6.12,21,19.0,4332.0,,magsac630,6421.0,1355.257942618693,3.0,8.0,lmeds630,78.2,25.67,2816
band1,win3072_nfauto,dedode_L-C4-v2_G-C4,mnn,0.29,6.09,21,19.0,4332.0,,magsac630,6422.0,1355.257942618693,3.0,8.0,lmeds630,75.3,25.67,3072
band1,win3840_nfauto,dedode_L-C4-v2_G-C4,mnn,0.294,6.17,21,19.0,4333.0,,magsac630,6423.0,1355.257942618693,3.0,8.0,lmeds630,78.8,25.67,3840
band1,win2304_nfauto,dedode_L-C4-v2_G-C4,fginn_fm1,0.299,5.98,20,15.0,1572.0,,lmeds630,6427.0,1370.7271600655874,2.0,8.0,magsac630,74.5,25.67,2304
band1,win1920_nfauto,dedode_L-upright_B-upright,lgm,0.256,5.13,20,16.0,13325.0,,lmeds630,6429.0,1382.1325905527826,3.0,8.0,lmeds630,208.6,32.93,1920
band1,win640_nfauto,dedode_L-C4_B-upright,lgm,0.185,3.69,20,16.0,3388.0,,lmeds630,6433.0,1389.6840385282717,2.0,8.0,magsac630,36.2,1.44,640
band1,win2432_nfauto,dedode_L-upright_B-upright,lgm,0.251,5.01,20,16.0,13341.0,,lmeds630,6436.0,1399.63972509087,3.0,8.0,magsac630,204.4,32.93,2432
band1,win2176_nfauto,dedode_L-upright_B-upright,lgm,0.258,5.16,20,16.0,13347.0,,lmeds630,6437.0,1399.7458203170502,3.0,8.0,magsac630,205.9,32.93,2176
band1,win2560_nfauto,dedode_L-upright_B-upright,lgm,0.25,5.0,20,16.0,13347.0,,lmeds630,6438.0,1399.7458203170502,3.0,8.0,magsac630,203.7,32.93,2560
band1,win4096_nfauto,dedode_L-upright_B-upright,lgm,0.249,4.98,20,16.0,13346.0,,lmeds630,6439.0,1401.236541335223,3.0,8.0,magsac630,206.4,32.93,4096
band1,win2816_nfauto,dedode_L-upright_B-upright,lgm,0.254,5.09,20,16.0,13346.0,,lmeds630,6440.0,1406.6083137620108,3.0,8.0,magsac630,205.4,32.93,2816
band1,win3072_nfauto,dedode_L-upright_B-upright,lgm,0.251,5.01,20,16.0,13346.0,,lmeds630,6441.0,1406.6083137620108,3.0,8.0,magsac630,206.0,32.93,3072
band1,win3840_nfauto,dedode_L-upright_B-upright,lgm,0.258,5.15,20,16.0,13346.0,,lmeds630,6442.0,1406.6083137620108,3.0,8.0,magsac630,205.5,32.93,3840
band1,win3200_nfauto,dedode_L-upright_B-upright,lgm,0.253,5.06,20,16.0,13341.0,,lmeds630,6443.0,1407.2960822785603,3.0,8.0,magsac630,205.9,32.93,3200
band1,win3584_nfauto,dedode_L-upright_B-upright,lgm,0.254,5.07,20,16.0,13341.0,,lmeds630,6444.0,1407.2960822785603,3.0,8.0,magsac630,205.5,32.93,3584
band1,win1664_nfauto,dedode_L-upright_B-upright,lgm,0.249,4.99,20,16.0,13060.0,,lmeds630,6445.0,1408.0430715332734,3.0,8.0,magsac630,204.3,32.93,1664
band1,win2688_nfauto,dedode_L-upright_B-upright,lgm,0.256,5.12,20,16.0,13346.0,,lmeds630,6446.0,1408.94730593517,3.0,8.0,magsac630,206.7,32.93,2688
band1,win1536_nfauto,dedode_L-C4-v2_G-C4,mnn,0.284,5.97,21,19.0,3763.0,,magsac630,6452.0,1416.4815348234786,3.0,8.0,lmeds630,71.7,25.67,1536
band1,win1792_nfauto,dedode_L-upright_B-upright,lgm,0.258,5.16,20,16.0,13339.0,,lmeds630,6453.0,1416.7757111584397,3.0,8.0,lmeds630,204.7,32.93,1792
band1,win2304_nfauto,dedode_L-upright_B-upright,lgm,0.259,5.19,20,16.0,13382.0,,lmeds630,6461.0,1422.4380982362386,3.0,8.0,magsac630,206.4,32.93,2304
band1,win384_nfauto,dedode_L-C4_G-C4,lgm,0.179,5.72,32,14.0,213.0,,lmeds630,6463.0,1423.2812122361431,2.0,8.0,lmeds630,55.8,2.05,384
band1,win1536_nfauto,dedode_L-C4-v2_G-C4,fginn_fm1,0.297,5.93,20,16.0,1448.0,,lmeds630,6466.0,1423.727213144591,2.0,8.0,magsac630,71.7,25.67,1536
band1,win1280_nfauto,dedode_L-C4-v2_B-upright,mnn,0.186,3.91,21,20.0,4206.0,,magsac630,6473.0,1427.76051470516,3.0,8.0,magsac630,53.5,32.89,1280
band1,win1536_nfauto,dedode_L-C4_G-C4,nn,0.317,6.67,21,10.0,12582.0,,magsac630,6475.0,1432.4692566233534,2.0,8.0,magsac630,69.1,5.67,1536
band1,win3968_nfauto,dedode_L-C4_G-C4,nn,0.33,6.94,21,10.0,13689.0,,magsac630,6488.0,1439.2345811247624,2.0,8.0,magsac630,72.8,7.44,3968
band1,win896_nfauto,dedode_L-upright_B-C4,nn,0.195,4.09,21,8.0,4978.0,,magsac630,6495.0,1451.029641304587,2.0,8.0,magsac630,44.8,16.63,896
band1,win1408_nfauto,dedode_L-C4-v2_B-upright,mnn,0.192,4.04,21,19.0,4932.0,,magsac630,6496.0,1455.6011550165376,3.0,8.0,magsac630,56.9,32.9,1408
band1,win1152_nfauto,dedode_L-C4-v2_B-upright,mnn,0.177,3.72,21,18.0,3303.0,,magsac630,6502.0,1487.4414040025192,3.0,8.0,magsac630,51.0,32.89,1152
band1,win1792_nfauto,imw-dad-roma,internal,1.743,36.61,21,13.0,2653.0,,magsac630,6503.0,1490.1272600770203,3.0,8.0,lmeds630,125.4,33.92,1792
band1,win1920_nfauto,dedode_L-C4_B-upright,fginn_fm1,0.194,4.08,21,14.0,4059.0,,lmeds630,6504.0,1493.022030497691,1.0,8.0,magsac630,51.7,9.17,1920
band1,win1792_nfauto,imw-xfeat-lg,internal,0.222,4.0,18,16.0,5271.0,,lmeds630,6505.0,1495.4164912416331,3.0,8.0,lmeds630,10.4,0.58,1792
band1,win3200_nfauto,imw-alike-nn-kt0p2-fm1-fsp1,internal,0.248,5.21,21,5.0,180.0,,lmeds630,6507.0,1510.1745796336236,1.0,8.0,lmeds630,13.2,2.14,3200
band1,win3200_nfauto,imw-alike-nn-kt0p2-fsp1,internal,0.207,4.36,21,5.0,180.0,,lmeds630,6508.0,1510.1745796336236,1.0,8.0,lmeds630,10.8,0.38,3200
band1,win1792_nfauto,imw-alike-nn-kt0p2-fm1-fsp1,internal,0.248,5.2,21,5.0,181.0,,lmeds630,6509.0,1510.7854897053546,1.0,8.0,lmeds630,13.1,2.14,1792
band1,win1792_nfauto,imw-alike-nn-kt0p2-fsp1,internal,0.207,4.35,21,5.0,181.0,,lmeds630,6510.0,1510.7854897053546,1.0,8.0,lmeds630,10.6,0.38,1792
band1,win1536_nfauto,dedode_L-upright_B-C4,nn,0.241,5.06,21,7.0,16002.0,,magsac630,6512.0,1517.9920766791083,3.0,8.0,magsac630,54.7,16.64,1536
band1,win1408_nfauto,imw-alike-nn-kt0p2-fm1-fsp1,internal,0.25,5.24,21,6.0,187.0,,lmeds630,6516.0,1542.628873471395,1.0,8.0,lmeds630,13.4,2.14,1408
band1,win1408_nfauto,imw-alike-nn-kt0p2-fsp1,internal,0.21,4.41,21,6.0,187.0,,lmeds630,6517.0,1542.628873471395,1.0,8.0,lmeds630,10.8,0.38,1408
band1,win2944_nfauto,imw-alike-nn-kt0p2-fm1-fsp1,internal,0.24,5.04,21,6.0,188.0,,lmeds630,6518.0,1543.2930869438485,1.0,8.0,lmeds630,12.6,2.14,2944
band1,win2944_nfauto,imw-alike-nn-kt0p2-fsp1,internal,0.208,4.37,21,6.0,188.0,,lmeds630,6519.0,1543.2930869438485,1.0,8.0,lmeds630,10.6,0.38,2944
band1,win1152_nfauto,dedode_L-C4_G-C4,nn,0.297,6.24,21,8.0,7070.0,,magsac630,6521.0,1544.2252160819155,2.0,8.0,magsac630,64.3,2.84,1152
band1,win256_nfauto,dedode_L-upright_G-C4,fginn_fm1,0.115,7.5,65,18.0,361.0,,lmeds630,6523.0,1547.2079599080232,3.0,8.0,lmeds630,125.5,25.73,256
band1,win512_nfauto,disk_depth,ada,0.079,2.37,30,22.0,5813.0,,lmeds630,6525.0,1548.8445321105564,3.0,8.0,magsac630,30.5,12.89,512
band1,win1536_nfauto,dedode_L-C4-v2_B-upright,mnn,0.201,4.22,21,20.0,5445.0,,magsac630,6527.0,1550.7979708828534,2.0,8.0,lmeds630,64.0,32.9,1536
band1,win2432_nfauto,dedode_L-upright_G-C4,fginn_fm1,0.276,5.8,21,17.0,4668.0,,lmeds630,6538.0,1576.4511839291858,2.0,8.0,magsac630,132.5,33.47,2432
band1,win1920_nfauto,dedode_L-C4_G-C4,nn,0.317,6.67,21,10.0,13877.0,,magsac630,6553.0,1613.4143843424406,3.0,8.0,magsac630,67.9,7.44,1920
band1,win384_nfauto,dedode_L-C4_B-upright,mnn,0.077,3.77,49,35.0,1815.0,,lmeds630,6554.0,1617.9245532092607,3.0,8.0,magsac630,39.6,1.44,384
band1,win2048_nfauto,dedode_L-C4-v2_G-C4,fginn_fm1,0.304,6.08,20,15.0,1576.0,,lmeds630,6556.0,1620.5437283460742,2.0,8.0,magsac630,81.0,25.67,2048
band1,win2944_nfauto,dedode_L-C4-v2_G-C4,fginn_fm1,0.305,6.09,20,15.0,1576.0,,lmeds630,6557.0,1620.5437283460742,2.0,8.0,magsac630,76.2,25.67,2944
band1,win3328_nfauto,dedode_L-C4-v2_G-C4,fginn_fm1,0.301,6.01,20,15.0,1576.0,,lmeds630,6558.0,1620.5437283460742,2.0,8.0,magsac630,75.4,25.67,3328
band1,win512_nfauto,dedode_L-upright_B-C4,mnn,0.111,3.33,30,22.0,985.0,,magsac630,6559.0,1625.9208060358662,3.0,8.0,magsac630,36.9,1.44,512
band1,win1920_nfauto,dedode_L-C4_G-C4,lgm,0.318,6.04,19,10.0,298.0,,lmeds630,6563.0,1670.6854058842844,2.0,8.0,lmeds630,67.9,7.44,1920
band1,win2816_nfauto,dedode_L-C4_G-C4,lgm,0.32,6.08,19,10.0,298.0,,lmeds630,6564.0,1670.6854058842844,2.0,8.0,lmeds630,68.8,7.44,2816
band1,win3072_nfauto,dedode_L-C4_G-C4,lgm,0.319,6.07,19,10.0,298.0,,lmeds630,6565.0,1670.6854058842844,2.0,8.0,lmeds630,67.4,7.44,3072
band1,win3456_nfauto,dedode_L-C4_G-C4,lgm,0.325,6.17,19,10.0,299.0,,lmeds630,6566.0,1670.929721456086,2.0,8.0,lmeds630,70.3,7.44,3456
band1,win2688_nfauto,dedode_L-C4_G-C4,lgm,0.322,6.12,19,10.0,298.0,,lmeds630,6567.0,1677.911429276408,2.0,8.0,lmeds630,69.3,7.44,2688
band1,win3968_nfauto,dedode_L-C4_G-C4,lgm,0.329,6.24,19,10.0,303.0,,lmeds630,6568.0,1678.1517445096406,2.0,8.0,lmeds630,72.8,7.44,3968
band1,win384_nfauto,dedode_L-C4_G-C4,fginn_fm1,0.148,5.18,35,12.0,164.0,,lmeds630,6569.0,1683.038842756015,1.0,8.0,magsac630,55.8,2.05,384
band1,win1152_nfauto,dedode_L-C4_G-C4,fginn_fm1,0.268,5.62,21,16.0,1566.0,,lmeds630,6570.0,1688.340619363954,3.0,8.0,lmeds630,64.3,2.84,1152
band1,win1664_nfauto,dedode_L-C4_G-C4,lgm,0.316,6.01,19,10.0,307.0,,lmeds630,6572.0,1698.2953120566967,2.0,8.0,lmeds630,76.1,5.98,1664
band1,win1664_nfauto,dedode_L-upright_B-upright,nn,0.238,5.01,21,7.0,12884.0,,magsac630,6574.0,1712.7041985446283,3.0,8.0,magsac630,204.3,32.93,1664
band1,win3712_nfauto,dedode_L-upright_B-upright,nn,0.24,5.04,21,7.0,14406.0,,magsac630,6575.0,1714.8257337914645,3.0,8.0,magsac630,205.3,32.93,3712
band1,win2048_nfauto,dedode_L-upright_B-upright,nn,0.241,5.06,21,7.0,14419.0,,magsac630,6576.0,1714.91643126876,3.0,8.0,magsac630,205.1,32.93,2048
band1,win2176_nfauto,dedode_L-upright_B-upright,nn,0.248,5.21,21,7.0,14421.0,,magsac630,6577.0,1714.91643126876,3.0,8.0,magsac630,205.9,32.93,2176
band1,win2560_nfauto,dedode_L-upright_B-upright,nn,0.239,5.03,21,7.0,14421.0,,magsac630,6578.0,1714.91643126876,3.0,8.0,magsac630,203.7,32.93,2560
band1,win2944_nfauto,dedode_L-upright_B-upright,nn,0.245,5.15,21,7.0,14419.0,,magsac630,6579.0,1714.91643126876,3.0,8.0,magsac630,203.9,32.93,2944
band1,win3328_nfauto,dedode_L-upright_B-upright,nn,0.244,5.13,21,7.0,14419.0,,magsac630,6580.0,1714.91643126876,3.0,8.0,magsac630,205.6,32.93,3328
band1,win4096_nfauto,dedode_L-upright_B-upright,nn,0.24,5.04,21,7.0,14421.0,,magsac630,6581.0,1714.91643126876,3.0,8.0,magsac630,206.4,32.93,4096
band1,win1792_nfauto,dedode_L-upright_B-upright,nn,0.248,5.2,21,7.0,14420.0,,magsac630,6582.0,1714.9282348880874,3.0,8.0,magsac630,204.7,32.93,1792
band1,win2816_nfauto,dedode_L-upright_B-upright,nn,0.247,5.18,21,7.0,14423.0,,magsac630,6583.0,1715.015299137683,3.0,8.0,magsac630,205.4,32.93,2816
band1,win3072_nfauto,dedode_L-upright_B-upright,nn,0.24,5.04,21,7.0,14423.0,,magsac630,6584.0,1715.015299137683,3.0,8.0,magsac630,206.0,32.93,3072
band1,win3456_nfauto,dedode_L-upright_B-upright,nn,0.24,5.04,21,7.0,14421.0,,magsac630,6585.0,1715.015299137683,3.0,8.0,magsac630,203.7,32.93,3456
band1,win3840_nfauto,dedode_L-upright_B-upright,nn,0.248,5.22,21,7.0,14423.0,,magsac630,6586.0,1715.015299137683,3.0,8.0,magsac630,205.5,32.93,3840
band1,win2432_nfauto,dedode_L-upright_B-upright,nn,0.24,5.05,21,7.0,14424.0,,magsac630,6587.0,1715.018835626104,3.0,8.0,magsac630,204.4,32.93,2432
band1,win3968_nfauto,dedode_L-upright_B-upright,nn,0.249,5.23,21,7.0,14424.0,,magsac630,6588.0,1715.0369784414615,3.0,8.0,magsac630,205.9,32.93,3968
band1,win1920_nfauto,dedode_L-upright_B-upright,nn,0.249,5.22,21,7.0,14433.0,,magsac630,6589.0,1715.0698416984,3.0,8.0,magsac630,208.6,32.93,1920
band1,win1024_nfauto,dedode_L-upright_G-C4,fginn_fm1,0.26,5.47,21,19.0,1384.0,,lmeds630,6591.0,1720.650751173347,1.0,8.0,magsac630,115.7,33.46,1024
band1,win1152_nfauto,dedode_L-C4_G-C4,ada,0.286,5.73,20,11.0,2803.0,,magsac630,6592.0,1738.729586255261,3.0,8.0,magsac630,64.3,2.84,1152
band1,win2304_nfauto,dedode_L-upright_B-upright,nn,0.251,5.28,21,7.0,12918.0,,magsac630,6594.0,1773.0765459342915,3.0,8.0,magsac630,206.4,32.93,2304
band1,win3200_nfauto,dedode_L-upright_B-upright,nn,0.247,5.19,21,7.0,12925.0,,magsac630,6595.0,1773.0765459342915,3.0,8.0,magsac630,205.9,32.93,3200
band1,win3584_nfauto,dedode_L-upright_B-upright,nn,0.245,5.14,21,7.0,12925.0,,magsac630,6596.0,1773.0765459342915,3.0,8.0,magsac630,205.5,32.93,3584
band1,win1152_nfauto,dedode_L-C4_G-C4,lgm,0.328,5.91,18,9.0,379.0,,lmeds630,6597.0,1776.561241859977,2.0,8.0,lmeds630,64.3,2.84,1152
band1,win1024_nfauto,dedode_L-upright_B-C4,mnn,0.176,3.69,21,19.0,3961.0,,magsac630,6598.0,1789.9635844755912,3.0,8.0,lmeds630,45.9,16.63,1024
band1,win896_nfauto,dedode_L-upright_B-C4,mnn,0.174,3.66,21,20.0,2919.0,,magsac630,6599.0,1799.8545477685464,3.0,8.0,lmeds630,44.8,16.63,896
band1,win1280_nfauto,dedode_L-C4-v2_G-C4,mnn,0.277,5.83,21,20.0,3011.0,,magsac630,6605.0,1831.5932994873608,3.0,8.0,magsac630,66.5,17.39,1280
band1,win1536_nfauto,dedode_L-C4_G-C4,mnn,0.275,5.77,21,19.0,5337.0,,magsac630,6606.0,1836.903885955434,2.0,8.0,magsac630,69.1,5.67,1536
band1,win384_nfauto,dedode_L-upright_B-upright,fginn_fm1,0.1,3.82,38,13.0,238.0,,lmeds630,6612.0,1859.3950135819132,3.0,8.0,magsac630,247.7,32.91,384
band1,win512_nfauto,dedode_L-upright_G-C4,mnn,0.164,4.91,30,21.0,785.0,,magsac630,6613.0,1867.1030165022307,2.0,8.0,magsac630,117.9,25.73,512
band1,win256_nfauto,dedode_L-C4-v2_G-C4,smnn0.9,0.265,9.79,37,11.0,256.0,,lmeds630,6615.0,1874.135741116089,1.0,8.0,lmeds630,85.3,17.38,256
band1,win1920_nfauto,dedode_L-upright_G-C4,nn,0.344,7.21,21,11.0,12387.0,,magsac630,6617.0,1889.175614875118,1.0,8.0,magsac630,123.7,33.47,1920
band1,win640_nfauto,dedode_L-upright_B-C4,mnn,0.156,3.28,21,19.0,1532.0,,magsac630,6623.0,1923.849593419735,2.0,8.0,lmeds630,39.6,16.63,640
band1,win256_nfauto,dedode_L-C4-v2_G-C4,snn,0.331,8.61,26,10.0,136.0,,lmeds630,6626.0,1929.896813762572,1.0,8.0,lmeds630,85.3,17.38,256
band1,win256_nfauto,dedode_L-upright_G-C4,lgm,0.137,8.74,64,22.0,262.0,,lmeds630,6635.0,1955.3583395723792,2.0,8.0,magsac630,125.5,25.73,256
band1,win2304_nfauto,dedode_L-C4_G-C4,lgm,0.32,6.08,19,10.0,299.0,,lmeds630,6637.0,1976.959830593409,2.0,8.0,lmeds630,67.9,7.44,2304
band1,win2176_nfauto,dedode_L-C4_G-C4,lgm,0.318,6.05,19,10.0,297.0,,lmeds630,6638.0,1977.3742448333387,2.0,8.0,lmeds630,68.7,7.44,2176
band1,win3200_nfauto,dedode_L-C4_G-C4,lgm,0.325,6.18,19,10.0,301.0,,lmeds630,6639.0,1977.3742448333387,2.0,8.0,lmeds630,69.9,7.44,3200
band1,win3840_nfauto,dedode_L-C4_G-C4,lgm,0.319,6.06,19,10.0,297.0,,lmeds630,6640.0,1977.3742448333387,2.0,8.0,lmeds630,67.3,7.44,3840
band1,win4096_nfauto,dedode_L-C4_G-C4,lgm,0.318,6.04,19,10.0,297.0,,lmeds630,6641.0,1977.3742448333387,2.0,8.0,lmeds630,67.5,7.44,4096
band1,win2048_nfauto,dedode_L-C4_G-C4,lgm,0.317,6.03,19,10.0,298.0,,lmeds630,6642.0,1977.6670806028133,2.0,8.0,lmeds630,68.5,7.44,2048
band1,win2944_nfauto,dedode_L-C4_G-C4,lgm,0.318,6.04,19,10.0,298.0,,lmeds630,6643.0,1977.6670806028133,2.0,8.0,lmeds630,68.0,7.44,2944
band1,win3328_nfauto,dedode_L-C4_G-C4,lgm,0.318,6.04,19,10.0,298.0,,lmeds630,6644.0,1977.6670806028133,2.0,8.0,lmeds630,68.1,7.44,3328
band1,win896_nfauto,dedode_L-C4_B-C4,nn,0.195,4.09,21,9.0,5519.0,,magsac630,6645.0,1979.298266302,3.0,8.0,magsac630,46.2,32.88,896
band1,win1792_nfauto,dedode_L-C4_G-C4,lgm,0.324,6.15,19,10.0,297.0,,lmeds630,6646.0,1982.9653239117956,2.0,8.0,lmeds630,76.0,7.44,1792
band1,win2560_nfauto,dedode_L-C4_G-C4,lgm,0.334,6.35,19,10.0,297.0,,lmeds630,6647.0,1982.9653239117956,2.0,8.0,lmeds630,71.1,7.44,2560
band1,win3584_nfauto,dedode_L-C4_G-C4,lgm,0.321,6.1,19,10.0,301.0,,lmeds630,6648.0,1982.9653239117956,2.0,8.0,lmeds630,68.2,7.44,3584
band1,win3712_nfauto,dedode_L-C4_G-C4,lgm,0.325,6.18,19,10.0,298.0,,lmeds630,6649.0,1983.2551935344795,2.0,8.0,lmeds630,70.4,7.44,3712
band1,win256_nfauto,dedode_L-C4_B-C4,snn,0.177,4.94,28,10.0,113.0,,magsac630,6651.0,2000.1500058507236,1.0,8.0,magsac630,50.8,1.44,256
band1,win1792_nfauto,dedode_L-upright_G-C4,lgm,0.343,6.18,18,9.0,239.0,,lmeds630,6653.0,2042.957216038876,1.0,8.0,lmeds630,124.4,33.47,1792
band1,win768_nfauto,dedode_L-upright_B-C4,mnn,0.176,3.69,21,18.0,1598.0,,magsac630,6654.0,2044.197100997512,2.0,8.0,lmeds630,43.5,16.63,768
band1,win2688_nfauto,dedode_L-upright_B-upright,nn,0.249,5.24,21,6.0,14247.0,,magsac630,6659.0,2089.5029989526065,2.0,8.0,magsac630,206.7,32.93,2688
band1,win768_nfauto,dedode_L-C4-v2_G-C4,lgm,0.322,5.8,18,13.0,507.0,,lmeds630,6660.0,2091.197558536301,2.0,8.0,lmeds630,62.1,25.71,768
band1,win1408_nfauto,imw-dad-roma,internal,1.758,36.92,21,13.0,2986.0,,lmeds630,6668.0,2189.1809166442804,3.0,8.0,lmeds630,126.1,33.92,1408
band1,win384_nfauto,dedode_L-C4-v2_G-C4,lgm,0.147,6.04,41,24.0,514.0,,lmeds630,6672.0,2225.156185161054,2.0,8.0,lmeds630,60.6,17.4,384
band1,win2560_nfauto,imw-dad-roma,internal,1.915,40.22,21,15.0,2559.0,,magsac630,6682.0,2245.4121515661604,3.0,8.0,lmeds630,129.8,33.92,2560
band1,win2304_nfauto,dedode_L-C4-v2_G-C4,ada,0.303,6.36,21,14.0,4414.0,,magsac630,6695.0,2322.8711287230853,3.0,8.0,magsac630,74.5,25.67,2304
band1,win4096_nfauto,dedode_L-C4-v2_G-C4,ada,0.303,6.36,21,14.0,4406.0,,magsac630,6699.0,2352.2293740057103,3.0,8.0,magsac630,74.4,25.67,4096
band1,win256_nfauto,dedode_L-C4_G-C4,snn,0.405,6.89,17,9.0,99.0,,magsac630,6700.0,2360.7862399837545,2.0,8.0,magsac630,71.0,2.05,256
band1,win2560_nfauto,dedode_L-C4-v2_G-C4,ada,0.304,6.38,21,14.0,4411.0,,magsac630,6701.0,2362.4069625652423,3.0,8.0,magsac630,75.7,25.67,2560
band1,win3200_nfauto,dedode_L-C4-v2_G-C4,ada,0.31,6.51,21,14.0,4215.0,,magsac630,6702.0,2363.025330145963,3.0,8.0,magsac630,78.6,25.67,3200
band1,win3584_nfauto,dedode_L-C4-v2_G-C4,ada,0.305,6.4,21,14.0,4227.0,,magsac630,6704.0,2376.5107258929875,3.0,8.0,magsac630,75.6,25.67,3584
band1,win2432_nfauto,dedode_L-C4_G-C4,lgm,0.321,6.1,19,10.0,296.0,,lmeds630,6706.0,2407.087307566312,2.0,8.0,lmeds630,68.8,7.44,2432
band1,win2688_nfauto,dedode_L-C4-v2_G-C4,ada,0.304,6.39,21,13.0,4397.0,,magsac630,6711.0,2576.054152491757,3.0,8.0,magsac630,77.9,25.67,2688
band1,win2304_nfauto,dedode_L-C4-v2_G-C4,lgm,0.35,6.3,18,12.0,665.0,,lmeds630,6712.0,2584.656724747449,2.0,8.0,lmeds630,74.5,25.67,2304
band1,win3584_nfauto,dedode_L-C4-v2_G-C4,lgm,0.351,6.33,18,12.0,660.0,,lmeds630,6713.0,2589.889227351465,2.0,8.0,lmeds630,75.6,25.67,3584
band1,win2816_nfauto,dedode_L-C4-v2_G-C4,ada,0.308,6.48,21,14.0,4419.0,,magsac630,6714.0,2592.4000878703378,3.0,8.0,magsac630,78.2,25.67,2816
band1,win3840_nfauto,dedode_L-C4-v2_G-C4,ada,0.31,6.52,21,14.0,4419.0,,magsac630,6715.0,2592.4000878703378,3.0,8.0,magsac630,78.8,25.67,3840
band1,win3200_nfauto,dedode_L-C4-v2_G-C4,lgm,0.358,6.44,18,12.0,661.0,,lmeds630,6716.0,2594.931521366089,2.0,8.0,lmeds630,78.6,25.67,3200
band1,win2176_nfauto,dedode_L-C4-v2_G-C4,lgm,0.35,6.29,18,12.0,666.0,,lmeds630,6717.0,2608.651913006124,2.0,8.0,lmeds630,74.5,25.67,2176
band1,win4096_nfauto,dedode_L-C4-v2_G-C4,lgm,0.35,6.29,18,12.0,666.0,,lmeds630,6718.0,2608.651913006124,2.0,8.0,lmeds630,74.4,25.67,4096
band1,win2048_nfauto,dedode_L-C4-v2_G-C4,lgm,0.355,6.4,18,12.0,664.0,,lmeds630,6719.0,2608.651922412486,2.0,8.0,lmeds630,81.0,25.67,2048
band1,win2944_nfauto,dedode_L-C4-v2_G-C4,lgm,0.357,6.43,18,12.0,664.0,,lmeds630,6720.0,2608.651922412486,2.0,8.0,lmeds630,76.2,25.67,2944
band1,win3328_nfauto,dedode_L-C4-v2_G-C4,lgm,0.351,6.31,18,12.0,664.0,,lmeds630,6721.0,2608.651922412486,2.0,8.0,lmeds630,75.4,25.67,3328
band1,win768_nfauto,dedode_L-C4-v2_G-C4,nn,0.282,5.92,21,9.0,838.0,,magsac630,6722.0,2613.408797277791,3.0,8.0,magsac630,62.1,25.71,768
band1,win2688_nfauto,dedode_L-C4-v2_G-C4,lgm,0.349,6.28,18,12.0,665.0,,lmeds630,6723.0,2614.207778807979,2.0,8.0,lmeds630,77.9,25.67,2688
band1,win1792_nfauto,dedode_L-C4-v2_G-C4,lgm,0.36,6.49,18,12.0,665.0,,lmeds630,6724.0,2614.2077788079823,2.0,8.0,lmeds630,88.9,25.67,1792
band1,win2560_nfauto,dedode_L-C4-v2_G-C4,lgm,0.351,6.31,18,12.0,665.0,,lmeds630,6725.0,2614.2077788079823,2.0,8.0,lmeds630,75.7,25.67,2560
band1,win1664_nfauto,dedode_L-C4-v2_G-C4,ada,0.301,6.32,21,14.0,3880.0,,magsac630,6728.0,2633.33953131615,3.0,8.0,magsac630,75.6,25.67,1664
band1,win896_nfauto,dedode_L-upright_G-C4,ada,0.293,5.57,19,11.0,1517.0,,magsac630,6730.0,2648.914942944577,1.0,8.0,lmeds630,110.5,33.46,896
band1,win1536_nfauto,dedode_L-C4-v2_G-C4,lgm,0.367,6.23,17,13.0,641.0,,lmeds630,6732.0,2670.41443168938,2.0,8.0,lmeds630,71.7,25.67,1536
band1,win2432_nfauto,imw-dad-roma,internal,2.028,42.59,21,13.0,2934.0,,lmeds630,6733.0,2687.26918567419,3.0,8.0,lmeds630,131.8,33.92,2432
band1,win4096_nfauto,imw-dad-roma,internal,2.035,42.74,21,13.0,2936.0,,lmeds630,6735.0,2700.980739787754,3.0,8.0,lmeds630,131.4,33.92,4096
band1,win256_nfauto,dedode_L-C4-v2_B-C4,snn,0.159,5.56,35,12.0,253.0,,lmeds630,6736.0,2709.382408968921,1.0,8.0,lmeds630,55.8,1.44,256
band1,win2944_nfauto,imw-dad-roma,internal,2.039,42.82,21,13.0,2937.0,,lmeds630,6738.0,2716.9130649397857,3.0,8.0,lmeds630,131.5,33.92,2944
band1,win3200_nfauto,imw-dad-roma,internal,2.059,43.25,21,13.0,2935.0,,lmeds630,6739.0,2717.93265730913,3.0,8.0,lmeds630,133.1,33.92,3200
band1,win896_nfauto,dedode_L-upright_G-C4,fginn_fm1,0.259,5.44,21,16.0,942.0,,lmeds630,6740.0,2747.0136362475773,2.0,8.0,lmeds630,110.5,33.46,896
band1,win640_nfauto,dedode_L-C4_G-C4,mnn,0.233,4.89,21,17.0,1223.0,,magsac630,6752.0,2820.836448071219,2.0,8.0,lmeds630,53.8,2.05,640
band1,win3072_nfauto,dedode_L-C4-v2_G-C4,ada,0.305,6.41,21,14.0,4421.0,,magsac630,6769.0,2913.924312245294,3.0,8.0,magsac630,75.3,25.67,3072
band1,win768_nfauto,dedode_L-upright_G-C4,fginn_fm1,0.258,5.43,21,15.0,513.0,,lmeds630,6772.0,3009.567396169094,2.0,8.0,lmeds630,113.9,33.45,768
band1,win1024_nfauto,dedode_L-C4-v2_G-C4,mnn,0.266,5.58,21,20.0,1962.0,,magsac630,6773.0,3031.229030598034,3.0,8.0,lmeds630,63.8,25.67,1024
band1,win2432_nfauto,dedode_L-C4-v2_G-C4,ada,0.303,6.36,21,14.0,4401.0,,magsac630,6775.0,3091.5659096308405,3.0,8.0,magsac630,74.4,25.67,2432
band1,win1536_nfauto,dedode_L-C4-v2_G-C4,ada,0.297,6.25,21,12.0,3203.0,,magsac630,6779.0,3164.1467431358114,2.0,8.0,magsac630,71.7,25.67,1536
band1,win640_nfauto,disk_depth,nn,0.115,2.42,21,14.0,3487.0,,magsac630,6780.0,3286.8647248785383,3.0,8.0,magsac630,30.1,12.89,640
band1,win1408_nfauto,dedode_L-C4-v2_G-C4,lgm,0.347,6.25,18,13.0,691.0,,lmeds630,6783.0,3359.559446000869,2.0,8.0,lmeds630,71.1,25.67,1408
band1,win512_nfauto,dedode_L-C4_B-upright,fginn_fm1,0.167,3.5,21,8.0,286.0,,lmeds630,6785.0,3521.634585896791,2.0,8.0,lmeds630,37.7,1.44,512
band1,win512_nfauto,dedode_L-upright_G-C4,nn,0.172,5.15,30,11.0,18054.0,,lmeds630,6791.0,3656.2680361663015,2.0,8.0,magsac630,117.9,25.73,512
band1,win1280_nfauto,dedode_L-C4-v2_G-C4,nn,0.313,6.58,21,9.0,1989.0,,magsac630,6819.0,3912.8405981076608,2.0,8.0,lmeds630,66.5,17.39,1280
band1,win2432_nfauto,dedode_L-C4_G-C4,nn,0.322,6.76,21,10.0,13587.0,,magsac630,6820.0,3930.947152745796,3.0,8.0,magsac630,68.8,7.44,2432
band1,win2176_nfauto,dedode_L-C4-v2_G-C4,ada,0.302,6.35,21,14.0,4407.0,,magsac630,6823.0,3974.285908000456,3.0,8.0,magsac630,74.5,25.67,2176
band1,win1152_nfauto,dedode_L-upright_B-upright,fginn_fm1,0.185,3.89,21,14.0,1771.0,,magsac630,6825.0,3982.136248170644,3.0,8.0,magsac630,197.8,32.92,1152
band1,win2048_nfauto,dedode_L-C4-v2_G-C4,ada,0.307,6.45,21,14.0,4326.0,,magsac630,6827.0,4046.611267640365,3.0,8.0,magsac630,81.0,25.67,2048
band1,win2944_nfauto,dedode_L-C4-v2_G-C4,ada,0.308,6.46,21,14.0,4326.0,,magsac630,6828.0,4046.611267640365,3.0,8.0,magsac630,76.2,25.67,2944
band1,win3328_nfauto,dedode_L-C4-v2_G-C4,ada,0.304,6.38,21,14.0,4326.0,,magsac630,6829.0,4046.611267640365,3.0,8.0,magsac630,75.4,25.67,3328
band1,win3712_nfauto,dedode_L-C4-v2_G-C4,ada,0.308,6.46,21,13.0,4320.0,,magsac630,6830.0,4060.876149933148,3.0,8.0,magsac630,76.7,25.67,3712
band1,win1024_nfauto,dedode_L-upright_G-C4,nn,0.283,5.95,21,12.0,3701.0,,magsac630,6831.0,4073.293264028449,1.0,8.0,magsac630,115.7,33.46,1024
band1,win512_nfauto,dedode_L-C4_B-upright,ada,0.126,3.65,29,11.0,2693.0,,lmeds630,6833.0,4088.131474860621,3.0,8.0,lmeds630,37.7,1.44,512
band1,win1920_nfauto,dedode_L-C4-v2_G-C4,ada,0.303,6.36,21,12.0,4354.0,,magsac630,6837.0,4123.422983578258,3.0,8.0,magsac630,75.0,25.67,1920
band1,win1408_nfauto,dedode_L-C4-v2_G-C4,ada,0.298,6.26,21,12.0,2622.0,,magsac630,6841.0,4181.388356147086,3.0,8.0,magsac630,71.1,25.67,1408
band1,win1024_nfauto,dedode_L-upright_B-upright,fginn_fm1,0.178,3.73,21,12.0,1228.0,,lmeds630,6842.0,4238.92385674261,2.0,8.0,magsac630,193.5,32.92,1024
band1,win1408_nfauto,dedode_L-upright_G-C4,nn,0.315,6.61,21,11.0,8957.0,,magsac630,6844.0,4265.844490861487,2.0,8.0,magsac630,121.5,33.47,1408
band1,win768_nfauto,dedode_L-upright_G-C4,lgm,0.319,5.74,18,9.0,213.0,,lmeds630,6845.0,4309.376400373587,2.0,8.0,lmeds630,113.9,33.45,768
band1,win896_nfauto,dedode_L-C4-v2_G-C4,ada,0.301,5.73,19,12.0,1183.0,,magsac630,6846.0,4329.94296063135,3.0,8.0,magsac630,62.3,25.71,896
band1,win384_nfauto,imw-alike-nn-kt0p2-fm1,internal,0.09,4.33,48,15.0,600.0,,lmeds630,6847.0,4351.455709396611,2.0,8.0,lmeds630,10.5,0.38,384
band1,win384_nfauto,imw-alike-nn-kt0p2,internal,0.09,4.34,48,15.0,600.0,,lmeds630,6848.0,4351.455709396611,2.0,8.0,lmeds630,10.5,0.38,384
band1,win256_nfauto,dedode_L-C4_G-C4,lgm,0.115,7.84,68,18.0,195.0,,lmeds630,6849.0,4364.276839274423,2.0,8.0,lmeds630,71.0,2.05,256
band1,win2304_nfauto,dedode_L-upright_G-C4,nn,0.352,7.39,21,10.0,11728.0,,magsac630,6850.0,4377.842994725774,2.0,8.0,magsac630,126.2,33.47,2304
band1,win3200_nfauto,dedode_L-upright_G-C4,nn,0.358,7.52,21,10.0,11720.0,,magsac630,6851.0,4377.842994725774,2.0,8.0,magsac630,127.0,33.47,3200
band1,win3584_nfauto,dedode_L-upright_G-C4,nn,0.351,7.38,21,10.0,11720.0,,magsac630,6852.0,4377.842994725774,2.0,8.0,magsac630,124.3,33.47,3584
band1,win3456_nfauto,dedode_L-C4-v2_G-C4,ada,0.309,6.49,21,14.0,4339.0,,magsac630,6856.0,4399.790892485353,3.0,8.0,magsac630,78.4,25.67,3456
band1,win1792_nfauto,dedode_L-upright_G-C4,nn,0.343,7.2,21,10.0,12232.0,,magsac630,6858.0,4410.647086918569,2.0,8.0,magsac630,124.4,33.47,1792
band1,win2176_nfauto,dedode_L-upright_G-C4,nn,0.364,7.65,21,10.0,12232.0,,magsac630,6860.0,4410.647086918569,2.0,8.0,magsac630,125.9,33.47,2176
band1,win2560_nfauto,dedode_L-upright_G-C4,nn,0.355,7.45,21,10.0,12232.0,,magsac630,6861.0,4410.647086918569,2.0,8.0,magsac630,125.0,33.47,2560
band1,win2816_nfauto,dedode_L-upright_G-C4,nn,0.353,7.4,21,10.0,12233.0,,magsac630,6862.0,4410.647086918569,2.0,8.0,magsac630,127.0,33.47,2816
band1,win3072_nfauto,dedode_L-upright_G-C4,nn,0.333,7.0,21,10.0,12233.0,,magsac630,6864.0,4410.647086918569,2.0,8.0,magsac630,123.2,33.47,3072
band1,win3840_nfauto,dedode_L-upright_G-C4,nn,0.337,7.08,21,10.0,12232.0,,magsac630,6867.0,4410.647086918569,2.0,8.0,magsac630,123.5,33.47,3840
band1,win4096_nfauto,dedode_L-upright_G-C4,nn,0.333,7.0,21,10.0,12232.0,,magsac630,6868.0,4410.647086918569,2.0,8.0,magsac630,122.8,33.47,4096
band1,win640_nfauto,dedode_L-upright_G-C4,mnn,0.233,4.89,21,18.0,1130.0,,magsac630,6869.0,4415.2159514032965,3.0,8.0,magsac630,101.4,25.73,640
band1,win2688_nfauto,dedode_L-upright_G-C4,nn,0.357,7.49,21,10.0,12200.0,,magsac630,6873.0,4506.85162208174,2.0,8.0,magsac630,124.2,33.47,2688
band1,win3968_nfauto,dedode_L-C4-v2_G-C4,ada,0.303,6.36,21,14.0,4271.0,,magsac630,6874.0,4528.727448082537,3.0,8.0,magsac630,75.3,25.67,3968
band1,win1408_nfauto,dedode_L-C4-v2_G-C4,fginn_fm1,0.297,5.94,20,16.0,1175.0,,lmeds630,6877.0,4700.653367674378,2.0,8.0,lmeds630,71.1,25.67,1408
band1,win1280_nfauto,dedode_L-C4_G-C4,nn,0.31,6.51,21,12.0,5750.0,,magsac630,6878.0,4727.685880341841,3.0,8.0,magsac630,67.7,25.67,1280
band1,win1664_nfauto,dedode_L-C4_G-C4,ada,0.3,5.99,20,12.0,6679.0,,magsac630,6881.0,4735.832264897333,2.0,8.0,lmeds630,76.1,5.98,1664
band1,win1792_nfauto,dedode_L-C4_G-C4,ada,0.308,6.16,20,13.0,6441.0,,magsac630,6882.0,4735.832264897333,2.0,8.0,lmeds630,76.0,7.44,1792
band1,win1920_nfauto,dedode_L-C4_G-C4,ada,0.302,6.04,20,13.0,6447.0,,magsac630,6883.0,4735.832264897333,2.0,8.0,lmeds630,67.9,7.44,1920
band1,win2048_nfauto,dedode_L-C4_G-C4,ada,0.301,6.03,20,13.0,6501.0,,magsac630,6884.0,4735.832264897333,2.0,8.0,lmeds630,68.5,7.44,2048
band1,win2176_nfauto,dedode_L-C4_G-C4,ada,0.302,6.05,20,13.0,6490.0,,magsac630,6885.0,4735.832264897333,2.0,8.0,lmeds630,68.7,7.44,2176
band1,win2304_nfauto,dedode_L-C4_G-C4,ada,0.304,6.08,20,13.0,7144.0,,magsac630,6886.0,4735.832264897333,2.0,8.0,lmeds630,67.9,7.44,2304
band1,win2432_nfauto,dedode_L-C4_G-C4,ada,0.306,6.11,20,12.0,6459.0,,magsac630,6887.0,4735.832264897333,2.0,8.0,lmeds630,68.8,7.44,2432
band1,win2560_nfauto,dedode_L-C4_G-C4,ada,0.318,6.36,20,13.0,6496.0,,magsac630,6888.0,4735.832264897333,2.0,8.0,lmeds630,71.1,7.44,2560
band1,win2688_nfauto,dedode_L-C4_G-C4,ada,0.306,6.12,20,13.0,6485.0,,magsac630,6889.0,4735.832264897333,2.0,8.0,lmeds630,69.3,7.44,2688
band1,win2816_nfauto,dedode_L-C4_G-C4,ada,0.303,6.06,20,12.0,6478.0,,magsac630,6890.0,4735.832264897333,2.0,8.0,lmeds630,68.8,7.44,2816
band1,win2944_nfauto,dedode_L-C4_G-C4,ada,0.302,6.04,20,13.0,6501.0,,magsac630,6891.0,4735.832264897333,2.0,8.0,lmeds630,68.0,7.44,2944
band1,win3072_nfauto,dedode_L-C4_G-C4,ada,0.302,6.05,20,12.0,6481.0,,magsac630,6892.0,4735.832264897333,2.0,8.0,lmeds630,67.4,7.44,3072
band1,win3200_nfauto,dedode_L-C4_G-C4,ada,0.311,6.21,20,13.0,6957.0,,magsac630,6893.0,4735.832264897333,2.0,8.0,lmeds630,69.9,7.44,3200
band1,win3328_nfauto,dedode_L-C4_G-C4,ada,0.304,6.07,20,13.0,6501.0,,magsac630,6894.0,4735.832264897333,2.0,8.0,lmeds630,68.1,7.44,3328
band1,win3456_nfauto,dedode_L-C4_G-C4,ada,0.31,6.19,20,12.0,6483.0,,magsac630,6895.0,4735.832264897333,2.0,8.0,lmeds630,70.3,7.44,3456
band1,win3584_nfauto,dedode_L-C4_G-C4,ada,0.305,6.11,20,13.0,6963.0,,magsac630,6896.0,4735.832264897333,2.0,8.0,lmeds630,68.2,7.44,3584
band1,win3712_nfauto,dedode_L-C4_G-C4,ada,0.308,6.16,20,13.0,6506.0,,magsac630,6897.0,4735.832264897333,2.0,8.0,lmeds630,70.4,7.44,3712
band1,win3840_nfauto,dedode_L-C4_G-C4,ada,0.303,6.06,20,12.0,6463.0,,magsac630,6898.0,4735.832264897333,2.0,8.0,lmeds630,67.3,7.44,3840
band1,win3968_nfauto,dedode_L-C4_G-C4,ada,0.312,6.23,20,12.0,7164.0,,magsac630,6899.0,4735.832264897333,2.0,8.0,lmeds630,72.8,7.44,3968
band1,win4096_nfauto,dedode_L-C4_G-C4,ada,0.302,6.05,20,13.0,6496.0,,magsac630,6900.0,4735.832264897333,2.0,8.0,lmeds630,67.5,7.44,4096
band1,win2432_nfauto,dedode_L-upright_G-C4,nn,0.334,7.02,21,11.0,12321.0,,magsac630,6904.0,4836.412429199612,2.0,8.0,magsac630,132.5,33.47,2432
band1,win1280_nfauto,dedode_L-C4-v2_B-C4,nn,0.224,4.7,21,5.0,4814.0,,magsac630,6911.0,4965.669023034738,3.0,8.0,magsac630,47.6,4.6,1280
band1,win1280_nfauto,dedode_L-C4_G-C4,fginn_fm1,0.275,5.78,21,16.0,1783.0,,magsac630,6954.0,5188.347985689188,3.0,8.0,lmeds630,67.7,25.67,1280
band1,win512_nfauto,dedode_L-C4_B-C4,ada,0.121,3.62,30,12.0,3769.0,,lmeds630,6956.0,5245.565309315021,3.0,8.0,magsac630,40.9,16.62,512
band1,win640_nfauto,dedode_L-upright_G-C4,nn,0.246,5.16,21,8.0,1261.0,,magsac630,6963.0,5368.780463403431,2.0,8.0,magsac630,101.4,25.73,640
band1,win768_nfauto,dedode_L-C4_G-C4,nn,0.28,5.87,21,6.0,1070.0,,magsac630,6964.0,5455.433784593043,1.0,8.0,magsac630,63.6,25.66,768
band1,win640_nfauto,dedode_L-C4-v2_G-C4,ada,0.247,5.19,21,14.0,1203.0,,magsac630,6978.0,5662.125221886274,2.0,8.0,lmeds630,58.0,25.7,640
band1,win896_nfauto,dedode_L-C4-v2_B-C4,nn,0.197,4.14,21,5.0,2135.0,,magsac630,6980.0,5731.486164193937,2.0,8.0,magsac630,41.1,1.44,896
band1,win640_nfauto,dedode_L-C4-v2_G-C4,nn,0.254,5.34,21,9.0,1071.0,,magsac630,6982.0,5740.947587907629,2.0,8.0,magsac630,58.0,25.7,640
band1,win1536_nfauto,dedode_L-upright_G-C4,nn,0.321,6.73,21,11.0,11305.0,,magsac630,6985.0,5897.855496442305,1.0,8.0,magsac630,121.3,33.47,1536
band1,win512_nfauto,dedode_L-C4-v2_B-C4,ada,0.12,3.61,30,12.0,3369.0,,lmeds630,6996.0,6172.955629145653,2.0,8.0,magsac630,37.5,1.44,512
band1,win1152_nfauto,dedode_L-C4_G-C4,mnn,0.264,5.54,21,19.0,2915.0,,magsac630,6998.0,6264.386816655607,3.0,8.0,magsac630,64.3,2.84,1152
band1,win1792_nfauto,dedode_L-upright_G-C4,fginn_fm1,0.28,5.88,21,17.0,3773.0,,magsac630,6999.0,6364.059768191498,3.0,8.0,magsac630,124.4,33.47,1792
band1,win2048_nfauto,dedode_L-upright_G-C4,fginn_fm1,0.277,5.81,21,17.0,4692.0,,lmeds630,7000.0,6380.3044364338,3.0,8.0,magsac630,124.7,33.47,2048
band1,win2944_nfauto,dedode_L-upright_G-C4,fginn_fm1,0.277,5.82,21,17.0,4692.0,,lmeds630,7001.0,6380.3044364338,3.0,8.0,magsac630,123.1,33.47,2944
band1,win3328_nfauto,dedode_L-upright_G-C4,fginn_fm1,0.277,5.82,21,17.0,4692.0,,lmeds630,7002.0,6380.3044364338,3.0,8.0,magsac630,124.2,33.47,3328
band1,win2176_nfauto,dedode_L-upright_G-C4,fginn_fm1,0.286,6.01,21,17.0,4663.0,,lmeds630,7004.0,6447.901553296393,3.0,8.0,magsac630,125.9,33.47,2176
band1,win4096_nfauto,dedode_L-upright_G-C4,fginn_fm1,0.276,5.8,21,17.0,4663.0,,lmeds630,7005.0,6447.901553296393,3.0,8.0,magsac630,122.8,33.47,4096
band1,win2560_nfauto,dedode_L-upright_G-C4,fginn_fm1,0.279,5.86,21,17.0,4669.0,,lmeds630,7006.0,6452.162519009271,3.0,8.0,magsac630,125.0,33.47,2560
band1,win3200_nfauto,dedode_L-upright_G-C4,fginn_fm1,0.283,5.94,21,17.0,4678.0,,lmeds630,7008.0,6497.227857727483,3.0,8.0,magsac630,127.0,33.47,3200
band1,win3584_nfauto,dedode_L-upright_G-C4,fginn_fm1,0.278,5.84,21,17.0,4678.0,,lmeds630,7009.0,6497.227857727483,3.0,8.0,magsac630,124.3,33.47,3584
band1,win2304_nfauto,dedode_L-upright_G-C4,fginn_fm1,0.28,5.87,21,17.0,4656.0,,lmeds630,7010.0,6501.775321452211,3.0,8.0,magsac630,126.2,33.47,2304
band1,win2688_nfauto,dedode_L-upright_G-C4,fginn_fm1,0.278,5.84,21,17.0,4668.0,,lmeds630,7011.0,6509.766701193103,3.0,8.0,magsac630,124.2,33.47,2688
band1,win512_nfauto,dedode_L-C4-v2_G-C4,ada,0.174,5.22,30,17.0,877.0,,magsac630,7012.0,6583.980174910864,3.0,8.0,lmeds630,57.9,25.66,512
band1,win896_nfauto,dedode_L-C4-v2_G-C4,nn,0.287,6.04,21,13.0,1520.0,,magsac630,7015.0,6678.71422332085,3.0,8.0,magsac630,62.3,25.71,896
band1,win3584_nfauto,imw-alike-nn-kt0p2-fm1-fsp1,internal,0.239,5.01,21,6.0,188.0,,lmeds630,7019.0,6758.9467523210005,2.0,8.0,lmeds630,12.9,2.14,3584
band1,win3584_nfauto,imw-alike-nn-kt0p2-fsp1,internal,0.225,4.72,21,6.0,188.0,,lmeds630,7020.0,6758.9467523210005,2.0,8.0,lmeds630,11.0,0.38,3584
band1,win512_nfauto,dedode_L-C4_G-C4,nn,0.171,5.12,30,5.0,790.0,,magsac630,7021.0,6771.153493582127,2.0,8.0,magsac630,54.3,2.05,512
band1,win1792_nfauto,dedode_L-C4-v2_G-C4,ada,0.311,6.52,21,13.0,4375.0,,magsac630,7023.0,6833.266309533506,3.0,8.0,magsac630,88.9,25.67,1792
band1,win512_nfauto,dog_hardnet,nn,0.078,2.34,30,16.0,2408.0,,magsac630,7025.0,6942.628700235515,3.0,8.0,magsac630,39.9,2.76,512
band1,win512_nfauto,dedode_L-upright_B-C4,ada,0.12,3.48,29,11.0,2728.0,,lmeds630,7027.0,6996.942299512055,2.0,8.0,magsac630,36.9,1.44,512
band1,win3712_nfauto,dedode_L-upright_G-C4,fginn_fm1,0.28,5.89,21,17.0,4696.0,,lmeds630,7033.0,7214.396062824547,2.0,8.0,magsac630,124.6,33.47,3712
band1,win640_nfauto,dedode_L-C4-v2_B-upright,nn,0.17,3.56,21,8.0,1471.0,,magsac630,7036.0,7333.89982535178,3.0,8.0,magsac630,42.1,32.88,640
band1,win512_nfauto,dedode_L-C4-v2_B-upright,ada,0.124,3.61,29,14.0,911.0,,magsac630,7038.0,7424.460694422563,3.0,8.0,lmeds630,38.3,1.44,512
band1,win384_nfauto,dedode_L-C4-v2_B-C4,ada,0.088,4.04,46,23.0,3264.0,,lmeds630,7043.0,7541.244948025163,3.0,8.0,lmeds630,40.1,1.44,384
band1,win512_nfauto,dedode_L-upright_G-C4,lgm,0.207,5.39,26,13.0,242.0,,lmeds630,7045.0,7595.574053316026,2.0,8.0,lmeds630,117.9,25.73,512
band1,win640_nfauto,imw-alike-nn-kt0p2-fm1,internal,0.192,4.04,21,6.0,278.0,,lmeds630,7052.0,7791.294005795183,2.0,8.0,magsac630,10.4,0.38,640
band1,win640_nfauto,imw-alike-nn-kt0p2,internal,0.192,4.03,21,6.0,278.0,,lmeds630,7053.0,7791.294005795183,2.0,8.0,magsac630,10.9,0.38,640
band1,win896_nfauto,dedode_L-C4_G-C4,mnn,0.264,5.55,21,19.0,1713.0,,magsac630,7056.0,7818.160281939889,2.0,8.0,magsac630,63.7,25.66,896
band1,win512_nfauto,imw-alike-nn-kt0p2-fm1,internal,0.142,4.12,29,9.0,351.0,,lmeds630,7057.0,7838.421401211587,2.0,8.0,lmeds630,10.3,0.38,512
band1,win512_nfauto,imw-alike-nn-kt0p2,internal,0.141,4.08,29,9.0,351.0,,lmeds630,7058.0,7838.421401211587,2.0,8.0,lmeds630,11.9,0.38,512
band1,win3072_nfauto,dedode_L-upright_G-C4,fginn_fm1,0.276,5.79,21,17.0,3794.0,,magsac630,7063.0,7895.745073063696,3.0,8.0,lmeds630,123.2,33.47,3072
band1,win768_nfauto,imw-alike-nn-kt0p2-fm1,internal,0.211,4.43,21,6.0,152.0,,lmeds630,7064.0,7926.629823261604,2.0,8.0,magsac630,10.8,0.38,768
band1,win768_nfauto,imw-alike-nn-kt0p2,internal,0.221,4.64,21,6.0,152.0,,lmeds630,7065.0,7926.629823261604,2.0,8.0,magsac630,12.2,0.38,768
band1,win896_nfauto,imw-alike-nn-kt0p2-fm1,internal,0.213,4.46,21,7.0,152.0,,lmeds630,7066.0,7959.757082797593,2.0,8.0,magsac630,11.2,0.38,896
band1,win896_nfauto,imw-alike-nn-kt0p2,internal,0.202,4.25,21,7.0,152.0,,lmeds630,7067.0,7959.757082797593,2.0,8.0,magsac630,10.4,0.38,896
band1,win2944_nfauto,imw-alike-nn-kt0p2-fm1,internal,0.204,4.28,21,6.0,137.0,,lmeds630,7068.0,7976.963708446646,2.0,8.0,magsac630,10.4,0.38,2944
band1,win2944_nfauto,imw-alike-nn-kt0p2,internal,0.202,4.25,21,6.0,137.0,,lmeds630,7069.0,7976.963708446646,2.0,8.0,magsac630,10.4,0.38,2944
band1,win1536_nfauto,imw-alike-nn-kt0p2-fm1,internal,0.221,4.65,21,6.0,141.0,,lmeds630,7070.0,7987.943735773094,2.0,8.0,magsac630,10.8,0.38,1536
band1,win1536_nfauto,imw-alike-nn-kt0p2,internal,0.2,4.21,21,6.0,141.0,,lmeds630,7071.0,7987.943735773094,2.0,8.0,magsac630,10.4,0.38,1536
band1,win2176_nfauto,imw-alike-nn-kt0p2-fm1,internal,0.211,4.43,21,6.0,140.0,,lmeds630,7072.0,7987.943735773094,2.0,8.0,magsac630,10.8,0.38,2176
band1,win2176_nfauto,imw-alike-nn-kt0p2,internal,0.208,4.36,21,6.0,140.0,,lmeds630,7073.0,7987.943735773094,2.0,8.0,magsac630,10.8,0.38,2176
band1,win2560_nfauto,imw-alike-nn-kt0p2-fm1,internal,0.211,4.44,21,6.0,136.0,,lmeds630,7074.0,7992.602481279528,2.0,8.0,magsac630,11.0,0.38,2560
band1,win2560_nfauto,imw-alike-nn-kt0p2,internal,0.205,4.31,21,6.0,136.0,,lmeds630,7075.0,7992.602481279528,2.0,8.0,magsac630,10.7,0.38,2560
band1,win1664_nfauto,imw-alike-nn-kt0p2-fm1,internal,0.407,8.55,21,6.0,145.0,,lmeds630,7076.0,7996.997766117046,2.0,8.0,magsac630,16.5,0.38,1664
band1,win1664_nfauto,imw-alike-nn-kt0p2,internal,0.211,4.43,21,6.0,145.0,,lmeds630,7077.0,7996.997766117046,2.0,8.0,magsac630,14.5,0.38,1664
band1,win1920_nfauto,imw-alike-nn-kt0p2-fm1,internal,0.224,4.7,21,6.0,146.0,,lmeds630,7078.0,7996.997766117046,2.0,8.0,magsac630,11.4,0.38,1920
band1,win1920_nfauto,imw-alike-nn-kt0p2,internal,0.203,4.26,21,6.0,146.0,,lmeds630,7079.0,7996.997766117046,2.0,8.0,magsac630,10.4,0.38,1920
band1,win2816_nfauto,imw-alike-nn-kt0p2-fm1,internal,0.213,4.48,21,6.0,146.0,,lmeds630,7080.0,7996.997766117046,2.0,8.0,magsac630,11.0,0.38,2816
band1,win2816_nfauto,imw-alike-nn-kt0p2,internal,0.201,4.23,21,6.0,146.0,,lmeds630,7081.0,7996.997766117046,2.0,8.0,magsac630,10.7,0.38,2816
band1,win1408_nfauto,imw-alike-nn-kt0p2-fm1,internal,0.214,4.49,21,6.0,145.0,,lmeds630,7082.0,7997.000878714839,2.0,8.0,magsac630,10.8,0.38,1408
band1,win1408_nfauto,imw-alike-nn-kt0p2,internal,0.208,4.36,21,6.0,145.0,,lmeds630,7083.0,7997.000878714839,2.0,8.0,magsac630,10.7,0.38,1408
band1,win1792_nfauto,imw-alike-nn-kt0p2-fm1,internal,0.209,4.4,21,6.0,146.0,,lmeds630,7084.0,7997.000878714839,2.0,8.0,magsac630,10.7,0.38,1792
band1,win1792_nfauto,imw-alike-nn-kt0p2,internal,0.201,4.23,21,6.0,146.0,,lmeds630,7085.0,7997.000878714839,2.0,8.0,magsac630,10.5,0.38,1792
band1,win2432_nfauto,imw-alike-nn-kt0p2-fm1,internal,0.211,4.42,21,6.0,145.0,,lmeds630,7086.0,7997.000878714839,2.0,8.0,magsac630,10.6,0.38,2432
band1,win2432_nfauto,imw-alike-nn-kt0p2,internal,0.21,4.42,21,6.0,145.0,,lmeds630,7087.0,7997.000878714839,2.0,8.0,magsac630,10.7,0.38,2432
band1,win3840_nfauto,imw-alike-nn-kt0p2-fm1,internal,0.205,4.3,21,6.0,145.0,,lmeds630,7088.0,7997.000878714839,2.0,8.0,magsac630,10.6,0.38,3840
band1,win3840_nfauto,imw-alike-nn-kt0p2,internal,0.2,4.21,21,6.0,145.0,,lmeds630,7089.0,7997.000878714839,2.0,8.0,magsac630,10.3,0.38,3840
band1,win3456_nfauto,imw-alike-nn-kt0p2-fm1,internal,0.217,4.55,21,7.0,146.0,,lmeds630,7090.0,7997.046278162903,2.0,8.0,magsac630,11.4,0.38,3456
band1,win3456_nfauto,imw-alike-nn-kt0p2,internal,0.208,4.38,21,7.0,146.0,,lmeds630,7091.0,7997.046278162903,2.0,8.0,magsac630,12.4,0.38,3456
band1,win3200_nfauto,imw-alike-nn-kt0p2-fm1,internal,0.213,4.47,21,6.0,148.0,,lmeds630,7092.0,8001.577636702105,2.0,8.0,magsac630,10.8,0.38,3200
band1,win3200_nfauto,imw-alike-nn-kt0p2,internal,0.205,4.3,21,6.0,148.0,,lmeds630,7093.0,8001.577636702105,2.0,8.0,magsac630,10.7,0.38,3200
band1,win2048_nfauto,imw-alike-nn-kt0p2-fm1,internal,0.209,4.39,21,6.0,148.0,,lmeds630,7094.0,8005.931291382463,2.0,8.0,magsac630,10.8,0.38,2048
band1,win2048_nfauto,imw-alike-nn-kt0p2,internal,0.216,4.53,21,6.0,148.0,,lmeds630,7095.0,8005.931291382463,2.0,8.0,magsac630,10.9,0.38,2048
band1,win2304_nfauto,imw-alike-nn-kt0p2-fm1,internal,0.26,5.45,21,6.0,142.0,,lmeds630,7096.0,8007.719912815022,2.0,8.0,magsac630,12.4,0.38,2304
band1,win2304_nfauto,imw-alike-nn-kt0p2,internal,0.204,4.28,21,6.0,142.0,,lmeds630,7097.0,8007.719912815022,2.0,8.0,magsac630,10.4,0.38,2304
band1,win2688_nfauto,imw-alike-nn-kt0p2-fm1,internal,0.208,4.38,21,6.0,142.0,,lmeds630,7098.0,8007.719912815022,2.0,8.0,magsac630,10.6,0.38,2688
band1,win2688_nfauto,imw-alike-nn-kt0p2,internal,0.217,4.56,21,6.0,142.0,,lmeds630,7099.0,8007.719912815022,2.0,8.0,magsac630,10.8,0.38,2688
band1,win3072_nfauto,imw-alike-nn-kt0p2-fm1,internal,0.255,5.36,21,6.0,151.0,,lmeds630,7100.0,8007.719912815022,2.0,8.0,magsac630,13.4,0.38,3072
band1,win3072_nfauto,imw-alike-nn-kt0p2,internal,0.337,7.07,21,6.0,151.0,,lmeds630,7101.0,8007.719912815022,2.0,8.0,magsac630,17.0,0.38,3072
band1,win1152_nfauto,imw-alike-nn-kt0p2-fm1,internal,0.211,4.44,21,7.0,151.0,,lmeds630,7102.0,8011.680195564855,2.0,8.0,magsac630,11.1,0.38,1152
band1,win1152_nfauto,imw-alike-nn-kt0p2,internal,0.211,4.44,21,7.0,151.0,,lmeds630,7103.0,8011.680195564855,2.0,8.0,magsac630,11.1,0.38,1152
band1,win3712_nfauto,imw-alike-nn-kt0p2-fm1,internal,0.211,4.43,21,6.0,145.0,,lmeds630,7104.0,8011.680195564855,2.0,8.0,magsac630,10.6,0.38,3712
band1,win3712_nfauto,imw-alike-nn-kt0p2,internal,0.221,4.65,21,6.0,145.0,,lmeds630,7105.0,8011.680195564855,2.0,8.0,magsac630,11.2,0.38,3712
band1,win4096_nfauto,imw-alike-nn-kt0p2-fm1,internal,0.208,4.36,21,6.0,145.0,,lmeds630,7106.0,8011.680195564855,2.0,8.0,magsac630,10.5,0.38,4096
band1,win4096_nfauto,imw-alike-nn-kt0p2,internal,0.203,4.26,21,6.0,145.0,,lmeds630,7107.0,8011.680195564855,2.0,8.0,magsac630,10.4,0.38,4096
band1,win1280_nfauto,imw-alike-nn-kt0p2-fm1,internal,0.22,4.63,21,6.0,148.0,,lmeds630,7108.0,8011.821709654599,2.0,8.0,magsac630,11.8,0.38,1280
band1,win1280_nfauto,imw-alike-nn-kt0p2,internal,0.205,4.3,21,6.0,148.0,,lmeds630,7109.0,8011.821709654599,2.0,8.0,magsac630,11.9,0.38,1280
band1,win3584_nfauto,imw-alike-nn-kt0p2-fm1,internal,0.209,4.38,21,6.0,150.0,,lmeds630,7110.0,8011.870933467078,2.0,8.0,magsac630,11.2,0.38,3584
band1,win3584_nfauto,imw-alike-nn-kt0p2,internal,0.21,4.42,21,6.0,150.0,,lmeds630,7111.0,8011.870933467078,2.0,8.0,magsac630,13.6,0.38,3584
band1,win3968_nfauto,imw-alike-nn-kt0p2-fm1,internal,0.213,4.47,21,6.0,150.0,,lmeds630,7112.0,8011.870933467078,2.0,8.0,magsac630,10.7,0.38,3968
band1,win3968_nfauto,imw-alike-nn-kt0p2,internal,0.203,4.26,21,6.0,150.0,,lmeds630,7113.0,8011.870933467078,2.0,8.0,magsac630,10.5,0.38,3968
band1,win1024_nfauto,imw-alike-nn-kt0p2-fm1,internal,0.206,4.32,21,6.0,142.0,,lmeds630,7114.0,8013.4251667891585,2.0,8.0,magsac630,10.8,0.38,1024
band1,win1024_nfauto,imw-alike-nn-kt0p2,internal,0.209,4.39,21,6.0,142.0,,lmeds630,7115.0,8013.4251667891585,2.0,8.0,magsac630,11.1,0.38,1024
band1,win3328_nfauto,imw-alike-nn-kt0p2-fm1,internal,0.205,4.31,21,6.0,148.0,,lmeds630,7117.0,8019.91068447362,2.0,8.0,magsac630,10.4,0.38,3328
band1,win3328_nfauto,imw-alike-nn-kt0p2,internal,0.206,4.32,21,6.0,148.0,,lmeds630,7118.0,8019.91068447362,2.0,8.0,magsac630,10.4,0.38,3328
band1,win1664_nfauto,dedode_L-C4-v2_B-upright,nn,0.254,5.33,21,8.0,5452.0,,magsac630,7124.0,8223.901777885827,2.0,8.0,magsac630,64.0,32.9,1664
band1,win1536_nfauto,dedode_L-C4-v2_B-upright,nn,0.25,5.24,21,7.0,5643.0,,magsac630,7127.0,8320.725620579746,2.0,8.0,magsac630,64.0,32.9,1536
band1,win1152_nfauto,dedode_L-upright_G-C4,nn,0.295,6.2,21,13.0,5720.0,,magsac630,7129.0,8436.284770356957,2.0,8.0,magsac630,116.8,33.46,1152
band1,win1920_nfauto,dedode_L-upright_G-C4,fginn_fm1,0.28,5.87,21,17.0,4688.0,,lmeds630,7139.0,8526.843150396415,3.0,8.0,lmeds630,123.7,33.47,1920
band1,win1664_nfauto,dedode_L-upright_G-C4,fginn_fm1,0.276,5.79,21,17.0,4525.0,,lmeds630,7145.0,8535.866343666943,3.0,8.0,lmeds630,122.4,33.47,1664
band1,win2816_nfauto,dedode_L-upright_G-C4,fginn_fm1,0.279,5.85,21,17.0,4664.0,,lmeds630,7146.0,8536.682159557537,3.0,8.0,lmeds630,127.0,33.47,2816
band1,win3840_nfauto,dedode_L-upright_G-C4,fginn_fm1,0.279,5.85,21,17.0,4664.0,,lmeds630,7147.0,8536.682159557537,3.0,8.0,lmeds630,123.5,33.47,3840
band1,win3968_nfauto,dedode_L-upright_G-C4,fginn_fm1,0.281,5.9,21,17.0,4714.0,,lmeds630,7148.0,8544.116299779982,3.0,8.0,lmeds630,125.0,33.47,3968
band1,win3456_nfauto,dedode_L-upright_G-C4,fginn_fm1,0.276,5.79,21,17.0,4693.0,,lmeds630,7149.0,8547.509341168634,3.0,8.0,lmeds630,122.6,33.47,3456
band1,win1280_nfauto,dedode_L-C4-v2_B-upright,nn,0.227,4.77,21,7.0,3516.0,,magsac630,7152.0,8647.603583304046,2.0,8.0,magsac630,53.5,32.89,1280
band1,win640_nfauto,gftt,nn,0.128,2.69,21,10.0,1124.0,,magsac630,7156.0,8802.24535932361,2.0,8.0,magsac630,43.3,4.23,640
band1,win1536_nfauto,dedode_L-C4_G-C4,ada,0.3,6.0,20,14.0,5251.0,,magsac630,7157.0,8854.137303894839,3.0,8.0,magsac630,69.1,5.67,1536
band1,win1408_nfauto,dedode_L-upright_B-upright,nn,0.233,4.9,21,8.0,10155.0,,magsac630,7172.0,9345.171481250703,3.0,8.0,magsac630,204.6,32.92,1408
band1,win1024_nfauto,dedode_L-upright_B-upright,nn,0.201,4.21,21,6.0,3764.0,,magsac630,7207.0,10051.210464861722,3.0,8.0,magsac630,193.5,32.92,1024
band1,win384_nfauto,dedode_L-C4_B-upright,lgm,0.099,4.45,45,30.0,1845.0,,lmeds630,7208.0,10145.596213266952,3.0,8.0,lmeds630,39.6,1.44,384
band1,win1152_nfauto,dedode_L-upright_B-upright,nn,0.216,4.53,21,8.0,5560.0,,magsac630,7211.0,10269.93792980324,3.0,8.0,magsac630,197.8,32.92,1152
band1,win1536_nfauto,dedode_L-C4_B-upright,nn,0.259,5.44,21,7.0,11664.0,,magsac630,7225.0,10422.95027467703,3.0,8.0,magsac630,51.3,8.71,1536
band1,win2304_nfauto,dedode_L-C4_B-upright,nn,0.241,5.05,21,7.0,13984.0,,magsac630,7226.0,10430.391179549106,3.0,8.0,magsac630,51.8,9.17,2304
band1,win384_nfauto,dedode_L-C4_B-upright,ada,0.088,3.97,45,26.0,1006.0,,magsac630,7245.0,11223.263520659408,3.0,8.0,magsac630,39.6,1.44,384
band1,win512_nfauto,dedode_L-C4_G-C4,lgm,0.196,5.28,27,12.0,290.0,,lmeds630,7247.0,11363.32986017427,2.0,8.0,lmeds630,54.3,2.05,512
band1,win1152_nfauto,dedode_L-C4-v2_G-C4,nn,0.311,6.52,21,4.0,13143.0,,lmeds630,7251.0,11493.536100858766,1.0,8.0,lmeds630,69.0,25.67,1152
band1,win512_nfauto,dedode_L-C4-v2_G-C4,nn,0.177,5.31,30,17.0,1082.0,,magsac630,7253.0,11696.27161777773,2.0,8.0,magsac630,57.9,25.66,512
band1,win896_nfauto,sift,nn,0.108,2.28,21,11.0,1520.0,,magsac630,7258.0,11931.732481898802,1.0,8.0,lmeds630,47.2,1.72,896
band1,win1024_nfauto,sift,nn,0.119,2.5,21,11.0,1520.0,,magsac630,7259.0,11931.732481898802,1.0,8.0,lmeds630,46.9,1.72,1024
band1,win1152_nfauto,sift,nn,0.123,2.59,21,11.0,1520.0,,magsac630,7260.0,11931.732481898802,1.0,8.0,lmeds630,46.4,1.72,1152
band1,win1280_nfauto,sift,nn,0.115,2.41,21,11.0,1520.0,,magsac630,7261.0,11931.732481898802,1.0,8.0,lmeds630,46.4,1.72,1280
band1,win1408_nfauto,sift,nn,0.102,2.15,21,11.0,1520.0,,magsac630,7262.0,11931.732481898802,1.0,8.0,lmeds630,43.5,1.72,1408
band1,win1664_nfauto,sift,nn,0.106,2.22,21,11.0,1520.0,,magsac630,7264.0,11931.732481898802,1.0,8.0,lmeds630,43.4,1.72,1664
band1,win1792_nfauto,sift,nn,0.108,2.28,21,11.0,1520.0,,magsac630,7265.0,11931.732481898802,1.0,8.0,lmeds630,44.2,1.72,1792
band1,win1920_nfauto,sift,nn,0.109,2.28,21,11.0,1520.0,,magsac630,7266.0,11931.732481898802,1.0,8.0,lmeds630,43.7,1.72,1920
band1,win2048_nfauto,sift,nn,0.104,2.18,21,11.0,1520.0,,magsac630,7267.0,11931.732481898802,1.0,8.0,lmeds630,43.3,1.72,2048
band1,win2176_nfauto,sift,nn,0.11,2.31,21,11.0,1520.0,,magsac630,7268.0,11931.732481898802,1.0,8.0,lmeds630,44.5,1.72,2176
band1,win2304_nfauto,sift,nn,0.109,2.28,21,11.0,1520.0,,magsac630,7269.0,11931.732481898802,1.0,8.0,lmeds630,43.8,1.72,2304
band1,win2432_nfauto,sift,nn,0.104,2.19,21,11.0,1520.0,,magsac630,7270.0,11931.732481898802,1.0,8.0,lmeds630,43.5,1.72,2432
band1,win2560_nfauto,sift,nn,0.103,2.17,21,11.0,1520.0,,magsac630,7271.0,11931.732481898802,1.0,8.0,lmeds630,43.2,1.72,2560
band1,win2688_nfauto,sift,nn,0.107,2.26,21,11.0,1520.0,,magsac630,7272.0,11931.732481898802,1.0,8.0,lmeds630,43.6,1.72,2688
band1,win2816_nfauto,sift,nn,0.118,2.47,21,11.0,1520.0,,magsac630,7273.0,11931.732481898802,1.0,8.0,lmeds630,46.1,1.72,2816
band1,win2944_nfauto,sift,nn,0.125,2.62,21,11.0,1520.0,,magsac630,7274.0,11931.732481898802,1.0,8.0,lmeds630,46.4,1.72,2944
band1,win3072_nfauto,sift,nn,0.107,2.25,21,11.0,1520.0,,magsac630,7275.0,11931.732481898802,1.0,8.0,lmeds630,43.7,1.72,3072
band1,win3200_nfauto,sift,nn,0.125,2.61,21,11.0,1520.0,,magsac630,7276.0,11931.732481898802,1.0,8.0,lmeds630,46.3,1.72,3200
band1,win3328_nfauto,sift,nn,0.107,2.25,21,11.0,1520.0,,magsac630,7277.0,11931.732481898802,1.0,8.0,lmeds630,44.1,1.72,3328
band1,win3456_nfauto,sift,nn,0.104,2.18,21,11.0,1520.0,,magsac630,7278.0,11931.732481898802,1.0,8.0,lmeds630,43.1,1.72,3456
band1,win3584_nfauto,sift,nn,0.102,2.15,21,11.0,1520.0,,magsac630,7279.0,11931.732481898802,1.0,8.0,lmeds630,43.4,1.72,3584
band1,win3712_nfauto,sift,nn,0.123,2.59,21,11.0,1520.0,,magsac630,7280.0,11931.732481898802,1.0,8.0,lmeds630,47.5,1.72,3712
band1,win3840_nfauto,sift,nn,0.107,2.26,21,11.0,1520.0,,magsac630,7281.0,11931.732481898802,1.0,8.0,lmeds630,43.8,1.72,3840
band1,win3968_nfauto,sift,nn,0.123,2.58,21,11.0,1520.0,,magsac630,7282.0,11931.732481898802,1.0,8.0,lmeds630,46.1,1.72,3968
band1,win4096_nfauto,sift,nn,0.108,2.26,21,11.0,1520.0,,magsac630,7283.0,11931.732481898802,1.0,8.0,lmeds630,44.1,1.72,4096
band1,win3712_nfauto,dedode_L-C4_B-upright,nn,0.242,5.07,21,7.0,13446.0,,magsac630,7284.0,12505.385357394896,2.0,8.0,magsac630,52.5,9.17,3712
band1,win512_nfauto,dedode_L-upright_B-upright,ada,0.116,3.49,30,13.0,897.0,,magsac630,7285.0,12508.225116764195,3.0,8.0,magsac630,228.1,32.91,512
band1,win1920_nfauto,dedode_L-C4_B-upright,nn,0.237,4.97,21,7.0,13422.0,,magsac630,7286.0,12508.847312899505,2.0,8.0,magsac630,51.7,9.17,1920
band1,win2688_nfauto,dedode_L-C4_B-upright,nn,0.241,5.07,21,7.0,13347.0,,magsac630,7288.0,12575.950380119117,2.0,8.0,magsac630,51.3,9.17,2688
band1,win1152_nfauto,dedode_L-C4-v2_G-C4,ada,0.284,5.97,21,13.0,2071.0,,magsac630,7292.0,12835.707467228154,3.0,8.0,magsac630,69.0,25.67,1152
band1,win1152_nfauto,dedode_L-upright_G-C4,lgm,0.329,5.92,18,7.0,265.0,,lmeds630,7295.0,13083.263737094983,2.0,8.0,lmeds630,116.8,33.46,1152
band1,win896_nfauto,dedode_L-upright_B-upright,nn,0.195,4.1,21,6.0,2165.0,,magsac630,7297.0,13178.608056101362,2.0,8.0,magsac630,191.9,32.91,896
band1,win384_nfauto,dedode_L-C4-v2_B-upright,fginn_fm1,0.116,3.81,33,13.0,266.0,,lmeds630,7312.0,14019.5178280664,2.0,8.0,lmeds630,40.2,1.44,384
band1,win512_nfauto,keynet,nn,0.156,4.68,30,13.0,2113.0,,magsac630,7317.0,14186.78084299139,2.0,8.0,magsac630,85.7,3.11,512
band1,win768_nfauto,dedode_L-C4-v2_B-upright,nn,0.189,3.97,21,6.0,1099.0,,magsac630,7320.0,14619.087735350317,2.0,8.0,magsac630,45.3,32.88,768
band1,win1024_nfauto,dedode_L-C4_B-upright,nn,0.2,4.21,21,8.0,4694.0,,magsac630,7324.0,15052.865660978832,2.0,8.0,magsac630,41.5,2.09,1024
band1,win896_nfauto,dedode_L-C4_B-upright,nn,0.195,4.09,21,8.0,3437.0,,magsac630,7326.0,15115.651897293708,2.0,8.0,magsac630,40.6,1.44,896
band1,win896_nfauto,dog_hynet,nn,0.138,2.9,21,11.0,1410.0,,magsac630,7331.0,15739.736451287856,1.0,8.0,lmeds630,24.1,4.49,896
band1,win1024_nfauto,dog_hynet,nn,0.146,3.06,21,11.0,1410.0,,magsac630,7332.0,15739.736451287856,1.0,8.0,lmeds630,25.4,4.49,1024
band1,win1152_nfauto,dog_hynet,nn,0.134,2.82,21,11.0,1410.0,,magsac630,7333.0,15739.736451287856,1.0,8.0,lmeds630,23.5,4.49,1152
band1,win1280_nfauto,dog_hynet,nn,0.137,2.88,21,11.0,1410.0,,magsac630,7334.0,15739.736451287856,1.0,8.0,lmeds630,23.9,4.49,1280
band1,win1408_nfauto,dog_hynet,nn,0.138,2.89,21,11.0,1410.0,,magsac630,7335.0,15739.736451287856,1.0,8.0,lmeds630,24.0,4.49,1408
band1,win1664_nfauto,dog_hynet,nn,0.138,2.9,21,11.0,1410.0,,magsac630,7337.0,15739.736451287856,1.0,8.0,lmeds630,24.1,4.49,1664
band1,win1792_nfauto,dog_hynet,nn,0.138,2.9,21,11.0,1410.0,,magsac630,7338.0,15739.736451287856,1.0,8.0,lmeds630,24.3,4.49,1792
band1,win1920_nfauto,dog_hynet,nn,0.137,2.87,21,11.0,1410.0,,magsac630,7339.0,15739.736451287856,1.0,8.0,lmeds630,24.0,4.49,1920
band1,win2048_nfauto,dog_hynet,nn,0.145,3.04,21,11.0,1410.0,,magsac630,7340.0,15739.736451287856,1.0,8.0,lmeds630,25.4,4.49,2048
band1,win2176_nfauto,dog_hynet,nn,0.146,3.08,21,11.0,1410.0,,magsac630,7341.0,15739.736451287856,1.0,8.0,lmeds630,25.7,4.49,2176
band1,win2304_nfauto,dog_hynet,nn,0.138,2.91,21,11.0,1410.0,,magsac630,7342.0,15739.736451287856,1.0,8.0,lmeds630,24.2,4.49,2304
band1,win2432_nfauto,dog_hynet,nn,0.137,2.88,21,11.0,1410.0,,magsac630,7343.0,15739.736451287856,1.0,8.0,lmeds630,23.9,4.49,2432
band1,win2560_nfauto,dog_hynet,nn,0.135,2.83,21,11.0,1410.0,,magsac630,7344.0,15739.736451287856,1.0,8.0,lmeds630,23.5,4.49,2560
band1,win2688_nfauto,dog_hynet,nn,0.142,2.98,21,11.0,1410.0,,magsac630,7345.0,15739.736451287856,1.0,8.0,lmeds630,24.2,4.49,2688
band1,win2816_nfauto,dog_hynet,nn,0.134,2.82,21,11.0,1410.0,,magsac630,7346.0,15739.736451287856,1.0,8.0,lmeds630,23.6,4.49,2816
band1,win2944_nfauto,dog_hynet,nn,0.139,2.93,21,11.0,1410.0,,magsac630,7347.0,15739.736451287856,1.0,8.0,lmeds630,24.4,4.49,2944
band1,win3072_nfauto,dog_hynet,nn,0.139,2.91,21,11.0,1410.0,,magsac630,7348.0,15739.736451287856,1.0,8.0,lmeds630,24.2,4.49,3072
band1,win3200_nfauto,dog_hynet,nn,0.14,2.95,21,11.0,1410.0,,magsac630,7349.0,15739.736451287856,1.0,8.0,lmeds630,24.7,4.49,3200
band1,win3328_nfauto,dog_hynet,nn,0.137,2.89,21,11.0,1410.0,,magsac630,7350.0,15739.736451287856,1.0,8.0,lmeds630,24.0,4.49,3328
band1,win3456_nfauto,dog_hynet,nn,0.133,2.79,21,11.0,1410.0,,magsac630,7351.0,15739.736451287856,1.0,8.0,lmeds630,23.4,4.49,3456
band1,win3584_nfauto,dog_hynet,nn,0.135,2.83,21,11.0,1410.0,,magsac630,7352.0,15739.736451287856,1.0,8.0,lmeds630,24.4,4.49,3584
band1,win3712_nfauto,dog_hynet,nn,0.137,2.89,21,11.0,1410.0,,magsac630,7353.0,15739.736451287856,1.0,8.0,lmeds630,24.9,4.49,3712
band1,win3840_nfauto,dog_hynet,nn,0.137,2.87,21,11.0,1410.0,,magsac630,7354.0,15739.736451287856,1.0,8.0,lmeds630,23.8,4.49,3840
band1,win3968_nfauto,dog_hynet,nn,0.151,3.18,21,11.0,1410.0,,magsac630,7355.0,15739.736451287856,1.0,8.0,lmeds630,26.5,4.49,3968
band1,win4096_nfauto,dog_hynet,nn,0.138,2.89,21,11.0,1410.0,,magsac630,7356.0,15739.736451287856,1.0,8.0,lmeds630,24.0,4.49,4096
band1,win768_nfauto,dedode_L-upright_B-upright,nn,0.192,4.03,21,7.0,836.0,,magsac630,7364.0,17906.37052239426,1.0,8.0,magsac630,205.2,32.91,768
band1,win768_nfauto,dedode_L-C4_G-C4,ada,0.298,5.66,19,9.0,1021.0,,magsac630,7388.0,18115.86509785091,3.0,8.0,magsac630,63.6,25.66,768
band1,win1024_nfauto,dedode_L-C4_G-C4,ada,0.319,5.74,18,11.0,2697.0,,magsac630,7389.0,18225.06595949644,3.0,8.0,magsac630,63.2,25.67,1024
band1,win384_nfauto,loftr,loftr_internal,1.512,81.65,54,21.0,1099.0,,lmeds630,7452.0,20013.732971108937,1.0,8.0,magsac630,161.5,32.69,384
band1,win2688_nfauto,dedode_L-C4-v2_B-C4,nn,0.261,5.47,21,3.0,660.0,,magsac630,7455.0,20450.61281819324,1.0,8.0,lmeds630,55.1,9.62,2688
band1,win3712_nfauto,dedode_L-C4-v2_B-C4,nn,0.254,5.33,21,3.0,684.0,,magsac630,7456.0,20450.61281819324,1.0,8.0,lmeds630,54.7,9.62,3712
band1,win2176_nfauto,loftr,loftr_internal,0.603,12.67,21,8.0,443.0,,magsac630,7457.0,20452.77511829088,1.0,8.0,lmeds630,92.4,32.8,2176
band1,win1280_nfauto,loftr,loftr_internal,0.607,12.75,21,8.0,449.0,,magsac630,7458.0,20468.54270548037,1.0,8.0,lmeds630,92.4,32.8,1280
band1,win3584_nfauto,loftr,loftr_internal,0.605,12.71,21,8.0,447.0,,magsac630,7459.0,20468.959134085973,1.0,8.0,lmeds630,92.6,32.8,3584
band1,win1920_nfauto,loftr,loftr_internal,0.603,12.66,21,8.0,447.0,,magsac630,7460.0,20470.08936461982,1.0,8.0,lmeds630,92.4,32.8,1920
band1,win512_nfauto,loftr,loftr_internal,1.964,66.77,34,13.0,471.0,,magsac630,7462.0,20505.372807622367,2.0,8.0,lmeds630,146.8,32.69,512
band1,win1024_nfauto,dedode_L-C4-v2_G-C4,nn,0.294,6.18,21,5.0,14341.0,,lmeds630,7464.0,21112.17862488631,1.0,8.0,lmeds630,63.8,25.67,1024
band1,win768_nfauto,dedode_L-C4-v2_G-C4,ada,0.284,5.67,20,11.0,5841.0,,lmeds630,7466.0,22121.14298511412,2.0,8.0,lmeds630,62.1,25.71,768
band1,win512_nfauto,dedode_L-upright_B-upright,nn,0.119,3.58,30,5.0,378.0,,magsac630,7494.0,25521.754894257007,3.0,8.0,magsac630,228.1,32.91,512
band1,win1920_nfauto,dedode_L-C4-v2_B-C4,nn,0.246,5.16,21,3.0,684.0,,magsac630,7528.0,36354.48496431294,1.0,8.0,lmeds630,51.5,9.62,1920
band1,win768_nfauto,loftr,loftr_internal,0.965,20.27,21,8.0,797.0,,lmeds630,7559.0,43728.938601514295,1.0,8.0,magsac630,100.1,32.8,768
band1,win1536_nfauto,loftr,loftr_internal,0.603,12.67,21,8.0,804.0,,lmeds630,7560.0,43728.938601514295,1.0,8.0,magsac630,92.3,32.8,1536
band1,win1792_nfauto,loftr,loftr_internal,0.605,12.71,21,8.0,807.0,,lmeds630,7561.0,43728.938601514295,1.0,8.0,magsac630,92.6,32.8,1792
band1,win2304_nfauto,loftr,loftr_internal,0.604,12.69,21,8.0,807.0,,lmeds630,7562.0,43728.938601514295,1.0,8.0,magsac630,92.4,32.8,2304
band1,win2560_nfauto,loftr,loftr_internal,0.604,12.69,21,8.0,804.0,,lmeds630,7563.0,43728.938601514295,1.0,8.0,magsac630,92.4,32.8,2560
band1,win2688_nfauto,loftr,loftr_internal,0.607,12.75,21,8.0,810.0,,lmeds630,7564.0,43728.938601514295,1.0,8.0,magsac630,92.6,32.8,2688
band1,win2816_nfauto,loftr,loftr_internal,0.605,12.71,21,8.0,815.0,,lmeds630,7565.0,43728.938601514295,1.0,8.0,magsac630,92.4,32.8,2816
band1,win3072_nfauto,loftr,loftr_internal,0.604,12.68,21,8.0,809.0,,lmeds630,7566.0,43728.938601514295,1.0,8.0,magsac630,92.5,32.8,3072
band1,win3200_nfauto,loftr,loftr_internal,0.606,12.73,21,8.0,807.0,,lmeds630,7567.0,43728.938601514295,1.0,8.0,magsac630,92.5,32.8,3200
band1,win3328_nfauto,loftr,loftr_internal,0.603,12.67,21,8.0,769.0,,lmeds630,7568.0,43728.938601514295,1.0,8.0,magsac630,92.4,32.8,3328
band1,win3712_nfauto,loftr,loftr_internal,0.604,12.69,21,8.0,769.0,,lmeds630,7569.0,43728.938601514295,1.0,8.0,magsac630,92.6,32.8,3712
band1,win3968_nfauto,loftr,loftr_internal,0.604,12.67,21,8.0,804.0,,lmeds630,7570.0,43728.938601514295,1.0,8.0,magsac630,92.4,32.8,3968
band1,win4096_nfauto,loftr,loftr_internal,0.603,12.66,21,8.0,807.0,,lmeds630,7571.0,43728.938601514295,1.0,8.0,magsac630,92.3,32.8,4096
band1,win1152_nfauto,dedode_L-C4-v2_B-C4,nn,0.218,4.58,21,2.0,22204.0,,lmeds630,7573.0,51171.61820780449,3.0,8.0,lmeds630,45.5,3.13,1152
band1,win2304_nfauto,dedode_L-C4-v2_B-upright,nn,0.246,5.17,21,2.0,143.0,,magsac630,7575.0,55506.19076305802,1.0,8.0,lmeds630,62.1,32.9,2304
band1,win3200_nfauto,dedode_L-C4-v2_B-upright,nn,0.259,5.45,21,2.0,143.0,,magsac630,7576.0,55506.19076305802,1.0,8.0,lmeds630,60.1,32.9,3200
band1,win3584_nfauto,dedode_L-C4-v2_B-upright,nn,0.252,5.29,21,2.0,143.0,,magsac630,7577.0,55506.19076305802,1.0,8.0,lmeds630,61.9,32.9,3584
band1,win768_nfauto,dog_hardnet,nn,0.1,2.1,21,11.0,1873.0,,magsac630,7603.0,63581.468950443086,3.0,8.0,lmeds630,33.2,4.94,768
band1,win640_nfauto,dog_sosnet,nn,0.109,2.3,21,12.0,1709.0,,magsac630,7620.0,72071.77267861452,2.0,8.0,lmeds630,20.8,4.08,640
band1,win2432_nfauto,dedode_L-C4-v2_B-C4,nn,0.245,5.15,21,3.0,673.0,,magsac630,7622.0,76389.71380147414,2.0,8.0,lmeds630,51.4,9.62,2432
band1,win1792_nfauto,dedode_L-C4_B-upright,nn,0.241,5.06,21,2.0,36126.0,,lmeds630,7624.0,85828.40889046981,3.0,8.0,lmeds630,51.4,9.17,1792
band1,win2048_nfauto,dedode_L-C4_B-upright,nn,0.235,4.93,21,2.0,36126.0,,lmeds630,7625.0,85828.40889046981,3.0,8.0,lmeds630,52.4,9.17,2048
band1,win2176_nfauto,dedode_L-C4_B-upright,nn,0.246,5.16,21,2.0,36126.0,,lmeds630,7626.0,85828.40889046981,3.0,8.0,lmeds630,53.2,9.17,2176
band1,win2432_nfauto,dedode_L-C4_B-upright,nn,0.236,4.95,21,2.0,36126.0,,lmeds630,7628.0,85828.40889046981,3.0,8.0,lmeds630,59.9,9.17,2432
band1,win2560_nfauto,dedode_L-C4_B-upright,nn,0.24,5.04,21,2.0,36126.0,,lmeds630,7629.0,85828.40889046981,3.0,8.0,lmeds630,52.1,9.17,2560
band1,win2816_nfauto,dedode_L-C4_B-upright,nn,0.239,5.02,21,2.0,36126.0,,lmeds630,7631.0,85828.40889046981,3.0,8.0,lmeds630,51.6,9.17,2816
band1,win2944_nfauto,dedode_L-C4_B-upright,nn,0.236,4.95,21,2.0,36126.0,,lmeds630,7632.0,85828.40889046981,3.0,8.0,lmeds630,59.4,9.17,2944
band1,win3072_nfauto,dedode_L-C4_B-upright,nn,0.238,5.0,21,2.0,36126.0,,lmeds630,7633.0,85828.40889046981,3.0,8.0,lmeds630,50.6,9.17,3072
band1,win3328_nfauto,dedode_L-C4_B-upright,nn,0.244,5.13,21,2.0,36126.0,,lmeds630,7634.0,85828.40889046981,3.0,8.0,lmeds630,52.8,9.17,3328
band1,win3456_nfauto,dedode_L-C4_B-upright,nn,0.239,5.03,21,2.0,36126.0,,lmeds630,7635.0,85828.40889046981,3.0,8.0,lmeds630,51.5,9.17,3456
band1,win3840_nfauto,dedode_L-C4_B-upright,nn,0.235,4.93,21,2.0,36126.0,,lmeds630,7636.0,85828.40889046981,3.0,8.0,lmeds630,50.2,9.17,3840
band1,win3968_nfauto,dedode_L-C4_B-upright,nn,0.246,5.17,21,2.0,36126.0,,lmeds630,7637.0,85828.40889046981,3.0,8.0,lmeds630,52.5,9.17,3968
band1,win4096_nfauto,dedode_L-C4_B-upright,nn,0.235,4.94,21,2.0,36126.0,,lmeds630,7638.0,85828.40889046981,3.0,8.0,lmeds630,50.8,9.17,4096
band1,win512_nfauto,dedode_L-C4_B-upright,nn,0.124,3.72,30,2.0,3484.0,,lmeds630,7639.0,87584.91598041648,2.0,8.0,lmeds630,37.7,1.44,512
band1,win1792_nfauto,dedode_L-C4-v2_G-C4,nn,0.36,7.55,21,2.0,41776.0,,lmeds630,7649.0,105226.68577415004,3.0,8.0,lmeds630,88.9,25.67,1792
band1,win2048_nfauto,dedode_L-C4-v2_G-C4,nn,0.353,7.41,21,2.0,41776.0,,lmeds630,7650.0,105226.68577415004,3.0,8.0,lmeds630,81.0,25.67,2048
band1,win2176_nfauto,dedode_L-C4-v2_G-C4,nn,0.347,7.28,21,2.0,41776.0,,lmeds630,7651.0,105226.68577415004,3.0,8.0,lmeds630,74.5,25.67,2176
band1,win2304_nfauto,dedode_L-C4-v2_G-C4,nn,0.349,7.32,21,2.0,41776.0,,lmeds630,7652.0,105226.68577415004,3.0,8.0,lmeds630,74.5,25.67,2304
band1,win2432_nfauto,dedode_L-C4-v2_G-C4,nn,0.348,7.31,21,2.0,41776.0,,lmeds630,7653.0,105226.68577415004,3.0,8.0,lmeds630,74.4,25.67,2432
band1,win2560_nfauto,dedode_L-C4-v2_G-C4,nn,0.363,7.62,21,2.0,41776.0,,lmeds630,7654.0,105226.68577415004,3.0,8.0,lmeds630,75.7,25.67,2560
band1,win2816_nfauto,dedode_L-C4-v2_G-C4,nn,0.378,7.93,21,2.0,41776.0,,lmeds630,7655.0,105226.68577415004,3.0,8.0,lmeds630,78.2,25.67,2816
band1,win2944_nfauto,dedode_L-C4-v2_G-C4,nn,0.354,7.44,21,2.0,41776.0,,lmeds630,7656.0,105226.68577415004,3.0,8.0,lmeds630,76.2,25.67,2944
band1,win3072_nfauto,dedode_L-C4-v2_G-C4,nn,0.355,7.45,21,2.0,41776.0,,lmeds630,7657.0,105226.68577415004,3.0,8.0,lmeds630,75.3,25.67,3072
band1,win3200_nfauto,dedode_L-C4-v2_G-C4,nn,0.374,7.85,21,2.0,41776.0,,lmeds630,7658.0,105226.68577415004,3.0,8.0,lmeds630,78.6,25.67,3200
band1,win3328_nfauto,dedode_L-C4-v2_G-C4,nn,0.355,7.45,21,2.0,41776.0,,lmeds630,7659.0,105226.68577415004,3.0,8.0,lmeds630,75.4,25.67,3328
band1,win3456_nfauto,dedode_L-C4-v2_G-C4,nn,0.362,7.6,21,2.0,41776.0,,lmeds630,7660.0,105226.68577415004,3.0,8.0,lmeds630,78.4,25.67,3456
band1,win3584_nfauto,dedode_L-C4-v2_G-C4,nn,0.366,7.68,21,2.0,41776.0,,lmeds630,7661.0,105226.68577415004,3.0,8.0,lmeds630,75.6,25.67,3584
band1,win3840_nfauto,dedode_L-C4-v2_G-C4,nn,0.364,7.65,21,2.0,41776.0,,lmeds630,7662.0,105226.68577415004,3.0,8.0,lmeds630,78.8,25.67,3840
band1,win3968_nfauto,dedode_L-C4-v2_G-C4,nn,0.351,7.37,21,2.0,41776.0,,lmeds630,7663.0,105226.68577415004,3.0,8.0,lmeds630,75.3,25.67,3968
band1,win4096_nfauto,dedode_L-C4-v2_G-C4,nn,0.347,7.29,21,2.0,41776.0,,lmeds630,7664.0,105226.68577415004,3.0,8.0,lmeds630,74.4,25.67,4096
band1,win512_nfauto,dedode_L-upright_B-C4,nn,0.119,3.57,30,3.0,3595.0,,lmeds630,7665.0,105386.1251547218,2.0,8.0,lmeds630,36.9,1.44,512
band1,win512_nfauto,dedode_L-C4_B-C4,nn,0.123,3.69,30,4.0,4737.0,,lmeds630,7691.0,125210.36580197,2.0,8.0,lmeds630,40.9,16.62,512
band1,win256_nfauto,dedode_L-upright_B-upright,smnn0.9,3.908,105.51,27,3.0,35.0,,lmeds630,7692.0,,0.0,8.0,lmeds630,258.8,32.9,256
band1,win256_nfauto,dedode_L-upright_B-C4,smnn0.9,0.137,5.19,38,4.0,36.0,,lmeds630,7694.0,,0.0,8.0,lmeds630,51.4,1.44,256
band1,win256_nfauto,dedode_L-upright_G-C4,smnn0.9,1.888,39.65,21,2.0,17.0,,lmeds630,7696.0,,0.0,8.0,lmeds630,125.5,25.73,256
band1,win256_nfauto,dedode_L-C4_B-upright,smnn0.9,0.268,6.43,24,6.0,51.0,,lmeds630,7698.0,,0.0,8.0,lmeds630,57.5,4.37,256
band1,win256_nfauto,dedode_L-C4_B-upright,snn,0.296,5.63,19,7.0,91.0,,lmeds630,7700.0,,0.0,8.0,lmeds630,57.5,4.37,256
band1,win256_nfauto,dedode_L-C4_B-C4,smnn0.9,0.169,5.08,30,3.0,34.0,,lmeds630,7702.0,,0.0,8.0,lmeds630,50.8,1.44,256
band1,win256_nfauto,dedode_L-C4_G-C4,smnn0.9,0.29,6.97,24,2.0,14.0,,magsac630,7705.0,,0.0,8.0,lmeds630,71.0,2.05,256
band1,win256_nfauto,dedode_L-C4-v2_B-upright,snn,0.214,4.92,23,10.0,185.0,,lmeds630,7708.0,,0.0,8.0,lmeds630,51.2,1.44,256
band1,win256_nfauto,imw-sp-lg-kt0p2,internal,0.553,6.64,12,1.0,7.0,,magsac630,7711.0,,0.0,8.0,lmeds630,20.7,8.52,256
band1,win384_nfauto,sift,lgm,0.292,4.08,14,2.0,353.0,,lmeds630,7715.0,,0.0,8.0,lmeds630,63.0,1.72,384
band1,win384_nfauto,dedode_L-upright_B-upright,smnn0.9,5.457,103.68,19,3.0,37.0,,lmeds630,7717.0,,0.0,8.0,lmeds630,247.7,32.91,384
band1,win384_nfauto,dedode_L-upright_B-upright,snn,0.314,3.76,12,1.0,34.0,,lmeds630,7719.0,,0.0,8.0,lmeds630,247.7,32.91,384
band1,win384_nfauto,dedode_L-upright_B-C4,smnn0.9,0.213,4.05,19,4.0,48.0,,lmeds630,7721.0,,0.0,8.0,lmeds630,40.2,1.44,384
band1,win384_nfauto,dedode_L-upright_B-C4,snn,0.239,3.82,16,4.0,88.0,,lmeds630,7723.0,,0.0,8.0,lmeds630,40.2,1.44,384
band1,win384_nfauto,dedode_L-upright_G-C4,lgm,0.177,5.83,33,3.0,35.0,,magsac630,7724.0,,0.0,8.0,lmeds630,113.2,25.73,384
band1,win384_nfauto,dedode_L-upright_G-C4,snn,0.469,5.16,11,1.0,28.0,,magsac630,7726.0,,0.0,8.0,lmeds630,113.2,25.73,384
band1,win384_nfauto,dedode_L-C4_B-upright,smnn0.9,0.216,3.89,18,2.0,31.0,,lmeds630,7728.0,,0.0,8.0,lmeds630,39.6,1.44,384
band1,win384_nfauto,dedode_L-C4_B-upright,snn,0.268,3.75,14,2.0,48.0,,lmeds630,7730.0,,0.0,8.0,lmeds630,39.6,1.44,384
band1,win384_nfauto,dedode_L-C4_B-C4,smnn0.9,0.209,3.98,19,3.0,44.0,,lmeds630,7732.0,,0.0,8.0,lmeds630,39.9,1.44,384
band1,win384_nfauto,dedode_L-C4_G-C4,smnn0.9,0.35,5.25,15,1.0,11.0,,magsac630,7736.0,,0.0,8.0,lmeds630,55.8,2.05,384
band1,win384_nfauto,dedode_L-C4_G-C4,snn,0.513,5.13,10,2.0,17.0,,lmeds630,7738.0,,0.0,8.0,lmeds630,55.8,2.05,384
band1,win384_nfauto,dedode_L-C4-v2_B-upright,snn,0.27,3.78,14,6.0,116.0,,lmeds630,7740.0,,0.0,8.0,lmeds630,40.2,1.44,384
band1,win384_nfauto,dedode_L-C4-v2_G-C4,smnn0.9,0.332,7.63,23,6.0,115.0,,lmeds630,7743.0,,0.0,8.0,lmeds630,60.6,17.4,384
band1,win384_nfauto,dedode_L-C4-v2_G-C4,snn,0.492,5.41,11,3.0,37.0,,lmeds630,7745.0,,0.0,8.0,lmeds630,60.6,17.4,384
band1,win384_nfauto,imw-sp-lg-kt0p2,internal,0.421,8.43,20,3.0,21.0,,lmeds630,7747.0,,0.0,8.0,lmeds630,23.1,8.52,384
band1,win384_nfauto,imw-sp-sg-kt0p2,internal,0.751,20.27,27,5.0,41.0,,lmeds630,7749.0,,0.0,8.0,lmeds630,58.4,32.63,384
band1,win512_nfauto,sift,lgm,0.266,2.93,11,2.0,450.0,,lmeds630,7754.0,,0.0,8.0,lmeds630,54.0,1.72,512
band1,win512_nfauto,dedode_L-upright_B-upright,smnn0.9,7.247,86.96,12,4.0,43.0,,magsac630,7757.0,,0.0,8.0,lmeds630,228.1,32.91,512
band1,win512_nfauto,dedode_L-upright_B-upright,snn,0.552,3.31,6,2.0,49.0,,magsac630,7759.0,,0.0,8.0,lmeds630,228.1,32.91,512
band1,win512_nfauto,dedode_L-upright_B-C4,smnn0.9,0.316,3.48,11,4.0,51.0,,lmeds630,7762.0,,0.0,8.0,lmeds630,36.9,1.44,512
band1,win512_nfauto,dedode_L-upright_B-C4,snn,0.367,3.3,9,4.0,76.0,,lmeds630,7764.0,,0.0,8.0,lmeds630,36.9,1.44,512
band1,win512_nfauto,dedode_L-upright_G-C4,smnn0.9,3.732,52.25,14,2.0,15.0,,lmeds630,7767.0,,0.0,8.0,lmeds630,117.9,25.73,512
band1,win512_nfauto,dedode_L-upright_G-C4,snn,0.609,4.87,8,2.0,28.0,,magsac630,7769.0,,0.0,8.0,lmeds630,117.9,25.73,512
band1,win512_nfauto,dedode_L-C4_B-upright,smnn0.9,0.244,3.66,15,4.0,56.0,,lmeds630,7772.0,,0.0,8.0,lmeds630,37.7,1.44,512
band1,win512_nfauto,dedode_L-C4_B-upright,snn,0.434,3.47,8,3.0,74.0,,lmeds630,7774.0,,0.0,8.0,lmeds630,37.7,1.44,512
band1,win512_nfauto,dedode_L-C4_B-C4,smnn0.9,0.508,7.11,14,4.0,70.0,,lmeds630,7777.0,,0.0,8.0,lmeds630,40.9,16.62,512
band1,win512_nfauto,dedode_L-C4_G-C4,smnn0.9,0.382,4.96,13,3.0,32.0,,lmeds630,7781.0,,0.0,8.0,lmeds630,54.3,2.05,512
band1,win512_nfauto,dedode_L-C4_G-C4,snn,0.694,4.86,7,4.0,56.0,,magsac630,7783.0,,0.0,8.0,lmeds630,54.3,2.05,512
band1,win512_nfauto,dedode_L-C4-v2_B-upright,smnn0.9,0.176,3.53,20,5.0,242.0,,lmeds630,7785.0,,0.0,8.0,lmeds630,38.3,1.44,512
band1,win512_nfauto,dedode_L-C4-v2_B-upright,snn,0.427,3.42,8,5.0,138.0,,lmeds630,7787.0,,0.0,8.0,lmeds630,38.3,1.44,512
band1,win512_nfauto,dedode_L-C4-v2_B-C4,nn,0.123,3.7,30,4.0,1010.0,,magsac630,7789.0,,0.0,8.0,magsac630,37.5,1.44,512
band1,win512_nfauto,dedode_L-C4-v2_B-C4,smnn0.9,0.17,3.57,21,8.0,419.0,,lmeds630,7790.0,,0.0,8.0,lmeds630,37.5,1.44,512
band1,win512_nfauto,dedode_L-C4-v2_B-C4,snn,0.379,3.41,9,6.0,216.0,,lmeds630,7792.0,,0.0,8.0,lmeds630,37.5,1.44,512
band1,win512_nfauto,dedode_L-C4-v2_G-C4,snn,0.717,5.02,7,3.0,59.0,,lmeds630,7795.0,,0.0,8.0,lmeds630,57.9,25.66,512
band1,win512_nfauto,imw-alike-nn-kt0p2-fm1-fsp1,internal,0.184,5.35,29,7.0,374.0,,lmeds630,7800.0,,0.0,8.0,lmeds630,13.0,2.14,512
band1,win512_nfauto,imw-alike-nn-kt0p2-fsp1,internal,0.142,4.11,29,7.0,374.0,,lmeds630,7802.0,,0.0,8.0,lmeds630,10.2,0.38,512
band1,win512_nfauto,imw-rdd-dense,internal,0.738,6.64,9,8.0,1240.0,,lmeds630,7804.0,,0.0,8.0,lmeds630,16.4,8.65,512
band1,win640_nfauto,sift,lgm,0.33,2.64,8,1.0,382.0,,lmeds630,7806.0,,0.0,8.0,lmeds630,51.0,1.72,640
band1,win640_nfauto,dedode_L-upright_B-upright,nn,0.169,3.56,21,1.0,1898.0,,lmeds630,7809.0,,0.0,8.0,lmeds630,206.8,32.91,640
band1,win640_nfauto,dedode_L-upright_B-upright,smnn0.9,8.281,66.25,8,4.0,50.0,,magsac630,7811.0,,0.0,8.0,lmeds630,206.8,32.91,640
band1,win640_nfauto,dedode_L-upright_B-upright,snn,0.465,3.25,7,4.0,87.0,,lmeds630,7813.0,,0.0,8.0,lmeds630,206.8,32.91,640
band1,win640_nfauto,dedode_L-upright_B-C4,nn,0.169,3.55,21,2.0,2802.0,,lmeds630,7815.0,,0.0,8.0,lmeds630,39.6,16.63,640
band1,win640_nfauto,dedode_L-upright_B-C4,smnn0.9,0.87,6.96,8,4.0,58.0,,lmeds630,7817.0,,0.0,8.0,lmeds630,39.6,16.63,640
band1,win640_nfauto,dedode_L-upright_B-C4,snn,0.542,3.25,6,4.0,119.0,,lmeds630,7819.0,,0.0,8.0,lmeds630,39.6,16.63,640
band1,win640_nfauto,dedode_L-upright_G-C4,smnn0.9,3.982,35.84,9,2.0,12.0,,lmeds630,7822.0,,0.0,8.0,lmeds630,101.4,25.73,640
band1,win640_nfauto,dedode_L-upright_G-C4,snn,0.811,4.86,6,2.0,25.0,,lmeds630,7823.0,,0.0,8.0,lmeds630,101.4,25.73,640
band1,win640_nfauto,dedode_L-C4_B-upright,nn,0.169,3.54,21,2.0,6639.0,,lmeds630,7826.0,,0.0,8.0,lmeds630,36.2,1.44,640
band1,win640_nfauto,dedode_L-C4_B-upright,smnn0.9,0.496,3.47,7,4.0,49.0,,magsac630,7827.0,,0.0,8.0,lmeds630,36.2,1.44,640
band1,win640_nfauto,dedode_L-C4_B-upright,snn,0.543,3.26,6,4.0,89.0,,lmeds630,7829.0,,0.0,8.0,lmeds630,36.2,1.44,640
band1,win640_nfauto,dedode_L-C4_B-C4,smnn0.9,0.279,3.35,12,4.0,73.0,,lmeds630,7831.0,,0.0,8.0,lmeds630,36.4,1.44,640
band1,win640_nfauto,dedode_L-C4_B-C4,snn,0.543,3.26,6,4.0,147.0,,lmeds630,7833.0,,0.0,8.0,lmeds630,36.4,1.44,640
band1,win640_nfauto,dedode_L-C4_G-C4,nn,0.244,5.13,21,1.0,1888.0,,lmeds630,7836.0,,0.0,8.0,lmeds630,53.8,2.05,640
band1,win640_nfauto,dedode_L-C4_G-C4,smnn0.9,0.451,4.96,11,2.0,19.0,,lmeds630,7837.0,,0.0,8.0,lmeds630,53.8,2.05,640
band1,win640_nfauto,dedode_L-C4_G-C4,snn,0.694,4.86,7,3.0,43.0,,lmeds630,7839.0,,0.0,8.0,lmeds630,53.8,2.05,640
band1,win640_nfauto,dedode_L-C4-v2_B-upright,smnn0.9,0.773,9.27,12,6.0,326.0,,lmeds630,7842.0,,0.0,8.0,lmeds630,42.1,32.88,640
band1,win640_nfauto,dedode_L-C4-v2_B-upright,snn,0.651,3.25,5,5.0,188.0,,lmeds630,7844.0,,0.0,8.0,lmeds630,42.1,32.88,640
band1,win640_nfauto,dedode_L-C4-v2_B-C4,nn,0.17,3.57,21,3.0,5335.0,,lmeds630,7846.0,,0.0,8.0,lmeds630,36.0,1.44,640
band1,win640_nfauto,dedode_L-C4-v2_B-C4,smnn0.9,0.218,3.5,16,7.0,505.0,,lmeds630,7848.0,,0.0,8.0,lmeds630,36.0,1.44,640
band1,win640_nfauto,dedode_L-C4-v2_B-C4,snn,0.364,3.27,9,5.0,274.0,,lmeds630,7850.0,,0.0,8.0,lmeds630,36.0,1.44,640
band1,win640_nfauto,dedode_L-C4-v2_G-C4,snn,0.717,5.02,7,2.0,51.0,,lmeds630,7854.0,,0.0,8.0,lmeds630,58.0,25.7,640
band1,win640_nfauto,keynet,nn,0.179,3.77,21,10.0,1674.0,,magsac630,7856.0,,0.0,8.0,magsac630,78.8,3.89,640
band1,win640_nfauto,loftr,loftr_internal,2.346,53.97,23,10.0,742.0,,lmeds630,7860.0,,0.0,8.0,lmeds630,133.6,32.8,640
band1,win640_nfauto,imw-rord-nn-kt0p2-fm1,internal,3.311,46.36,14,8.0,368.0,,lmeds630,7862.0,,0.0,8.0,lmeds630,116.9,32.53,640
band1,win640_nfauto,imw-alike-nn-kt0p2-fm1-fsp1,internal,0.242,5.07,21,5.0,302.0,,lmeds630,7864.0,,0.0,8.0,lmeds630,13.3,2.14,640
band1,win640_nfauto,imw-alike-nn-kt0p2-fsp1,internal,0.193,4.06,21,5.0,302.0,,lmeds630,7867.0,,0.0,8.0,lmeds630,10.5,0.38,640
band1,win640_nfauto,imw-rdd-dense,internal,1.505,10.54,7,6.0,1022.0,,lmeds630,7870.0,,0.0,8.0,lmeds630,20.3,32.64,640
band1,win768_nfauto,sift,lgm,0.34,2.72,8,1.0,156.0,,magsac630,7872.0,,0.0,8.0,lmeds630,50.7,1.72,768
band1,win768_nfauto,disk_epipolar,lgm,0.348,2.78,8,2.0,694.0,,lmeds630,7874.0,,0.0,8.0,lmeds630,27.1,0.74,768
band1,win768_nfauto,dedode_L-upright_B-upright,smnn0.9,7.649,61.19,8,1.0,13.0,,lmeds630,7876.0,,0.0,8.0,lmeds630,205.2,32.91,768
band1,win768_nfauto,dedode_L-upright_B-upright,snn,0.729,3.64,5,4.0,64.0,,lmeds630,7878.0,,0.0,8.0,lmeds630,205.2,32.91,768
band1,win768_nfauto,dedode_L-upright_B-C4,smnn0.9,0.928,7.42,8,5.0,41.0,,magsac630,7880.0,,0.0,8.0,lmeds630,43.5,16.63,768
band1,win768_nfauto,dedode_L-upright_B-C4,snn,0.459,3.68,8,4.0,70.0,,lmeds630,7882.0,,0.0,8.0,lmeds630,43.5,16.63,768
band1,win768_nfauto,dedode_L-upright_G-C4,snn,1.793,5.38,3,1.0,16.0,,lmeds630,7885.0,,0.0,8.0,lmeds630,113.9,33.45,768
band1,win768_nfauto,dedode_L-C4_B-upright,smnn0.9,0.481,3.85,8,2.0,24.0,,lmeds630,7888.0,,0.0,8.0,lmeds630,39.7,1.44,768
band1,win768_nfauto,dedode_L-C4_B-upright,snn,0.73,3.65,5,4.0,74.0,,lmeds630,7890.0,,0.0,8.0,lmeds630,39.7,1.44,768
band1,win768_nfauto,dedode_L-C4_B-C4,snn,0.452,3.62,8,4.0,105.0,,lmeds630,7893.0,,0.0,8.0,lmeds630,42.7,16.58,768
band1,win768_nfauto,dedode_L-C4_G-C4,smnn0.9,0.867,7.8,9,1.0,7.0,,lmeds630,7896.0,,0.0,8.0,lmeds630,63.6,25.66,768
band1,win768_nfauto,dedode_L-C4_G-C4,snn,1.101,5.5,5,1.0,13.0,,lmeds630,7897.0,,0.0,8.0,lmeds630,63.6,25.66,768
band1,win768_nfauto,dedode_L-C4-v2_B-upright,smnn0.9,0.738,9.59,13,5.0,257.0,,lmeds630,7899.0,,0.0,8.0,lmeds630,45.3,32.88,768
band1,win768_nfauto,dedode_L-C4-v2_B-upright,snn,0.594,3.56,6,5.0,117.0,,lmeds630,7901.0,,0.0,8.0,lmeds630,45.3,32.88,768
band1,win768_nfauto,dedode_L-C4-v2_B-C4,snn,0.456,3.65,8,5.0,188.0,,lmeds630,7903.0,,0.0,8.0,lmeds630,39.7,1.44,768
band1,win768_nfauto,dedode_L-C4-v2_G-C4,smnn0.9,0.597,7.76,13,3.0,100.0,,lmeds630,7908.0,,0.0,8.0,lmeds630,62.1,25.71,768
band1,win768_nfauto,dedode_L-C4-v2_G-C4,snn,0.917,5.5,6,2.0,22.0,,magsac630,7910.0,,0.0,8.0,lmeds630,62.1,25.71,768
band1,win768_nfauto,imw-rord-nn-kt0p2-fm1,internal,3.185,47.77,15,8.0,366.0,,lmeds630,7918.0,,0.0,8.0,lmeds630,118.7,32.53,768
band1,win768_nfauto,imw-alike-nn-kt0p2-fm1-fsp1,internal,0.245,5.14,21,5.0,183.0,,lmeds630,7920.0,,0.0,8.0,lmeds630,12.9,2.14,768
band1,win768_nfauto,imw-alike-nn-kt0p2-fsp1,internal,0.204,4.29,21,5.0,183.0,,lmeds630,7923.0,,0.0,8.0,lmeds630,10.5,0.38,768
band1,win768_nfauto,imw-rdd-dense,internal,1.777,16.0,9,6.0,943.0,,lmeds630,7926.0,,0.0,8.0,lmeds630,25.8,32.65,768
band1,win896_nfauto,sift,lgm,0.352,2.47,7,1.0,191.0,,magsac630,7928.0,,0.0,8.0,lmeds630,47.2,1.72,896
band1,win896_nfauto,disk_epipolar,lgm,0.382,2.68,7,2.0,781.0,,lmeds630,7931.0,,0.0,8.0,lmeds630,25.6,0.76,896
band1,win896_nfauto,dedode_L-upright_B-upright,smnn0.9,6.81,47.67,7,3.0,30.0,,lmeds630,7933.0,,0.0,8.0,lmeds630,191.9,32.91,896
band1,win896_nfauto,dedode_L-upright_B-upright,snn,0.607,3.64,6,4.0,108.0,,lmeds630,7935.0,,0.0,8.0,lmeds630,191.9,32.91,896
band1,win896_nfauto,dedode_L-upright_B-C4,smnn0.9,0.922,7.38,8,4.0,51.0,,lmeds630,7937.0,,0.0,8.0,lmeds630,44.8,16.63,896
band1,win896_nfauto,dedode_L-upright_B-C4,snn,0.605,3.63,6,4.0,113.0,,lmeds630,7939.0,,0.0,8.0,lmeds630,44.8,16.63,896
band1,win896_nfauto,dedode_L-upright_G-C4,lgm,0.318,5.72,18,8.0,280.0,,lmeds630,7942.0,,0.0,8.0,lmeds630,110.5,33.46,896
band1,win896_nfauto,dedode_L-upright_G-C4,snn,1.794,5.38,3,2.0,46.0,,magsac630,7945.0,,0.0,8.0,lmeds630,110.5,33.46,896
band1,win896_nfauto,dedode_L-C4_B-upright,smnn0.9,0.425,3.82,9,4.0,51.0,,lmeds630,7949.0,,0.0,8.0,lmeds630,40.6,1.44,896
band1,win896_nfauto,dedode_L-C4_B-upright,snn,0.727,3.63,5,5.0,84.0,,magsac630,7951.0,,0.0,8.0,lmeds630,40.6,1.44,896
band1,win896_nfauto,dedode_L-C4_B-C4,snn,0.455,3.64,8,3.0,141.0,,lmeds630,7953.0,,0.0,8.0,lmeds630,46.2,32.88,896
band1,win896_nfauto,dedode_L-C4_G-C4,nn,0.284,5.97,21,2.0,3575.0,,lmeds630,7956.0,,0.0,8.0,lmeds630,63.7,25.66,896
band1,win896_nfauto,dedode_L-C4_G-C4,smnn0.9,0.993,7.94,8,1.0,6.0,,lmeds630,7957.0,,0.0,8.0,lmeds630,63.7,25.66,896
band1,win896_nfauto,dedode_L-C4_G-C4,snn,1.382,5.53,4,1.0,11.0,,magsac630,7958.0,,0.0,8.0,lmeds630,63.7,25.66,896
band1,win896_nfauto,dedode_L-C4-v2_B-upright,nn,0.197,4.14,21,2.0,143.0,,magsac630,7960.0,,0.0,8.0,magsac630,44.3,16.58,896
band1,win896_nfauto,dedode_L-C4-v2_B-upright,smnn0.9,0.504,7.05,14,5.0,303.0,,lmeds630,7961.0,,0.0,8.0,lmeds630,44.3,16.58,896
band1,win896_nfauto,dedode_L-C4-v2_B-upright,snn,0.727,3.63,5,5.0,183.0,,lmeds630,7963.0,,0.0,8.0,lmeds630,44.3,16.58,896
band1,win896_nfauto,dedode_L-C4-v2_B-C4,smnn0.9,0.238,3.81,16,7.0,447.0,,lmeds630,7965.0,,0.0,8.0,lmeds630,41.1,1.44,896
band1,win896_nfauto,dedode_L-C4-v2_B-C4,snn,0.52,3.64,7,5.0,236.0,,lmeds630,7967.0,,0.0,8.0,lmeds630,41.1,1.44,896
band1,win896_nfauto,dedode_L-C4-v2_G-C4,smnn0.9,0.778,7.78,10,3.0,83.0,,lmeds630,7970.0,,0.0,8.0,lmeds630,62.3,25.71,896
band1,win896_nfauto,dedode_L-C4-v2_G-C4,snn,0.791,5.54,7,1.0,19.0,,lmeds630,7972.0,,0.0,8.0,lmeds630,62.3,25.71,896
band1,win896_nfauto,keynet,nn,0.187,3.92,21,7.0,969.0,,magsac630,7975.0,,0.0,8.0,magsac630,74.8,3.89,896
band1,win896_nfauto,loftr,loftr_internal,0.604,12.68,21,8.0,766.0,,lmeds630,7979.0,,0.0,8.0,lmeds630,92.4,32.8,896
band1,win896_nfauto,imw-rord-nn-kt0p2-fm1,internal,2.671,40.07,15,8.0,362.0,,lmeds630,7981.0,,0.0,8.0,lmeds630,110.2,32.53,896
band1,win896_nfauto,imw-alike-nn-kt0p2-fm1-fsp1,internal,0.334,7.02,21,5.0,181.0,,lmeds630,7983.0,,0.0,8.0,lmeds630,18.4,2.14,896
band1,win896_nfauto,imw-alike-nn-kt0p2-fsp1,internal,0.205,4.3,21,5.0,181.0,,lmeds630,7986.0,,0.0,8.0,lmeds630,10.4,0.38,896
band1,win896_nfauto,imw-rdd-dense,internal,1.783,16.04,9,6.0,921.0,,lmeds630,7989.0,,0.0,8.0,lmeds630,25.6,32.65,896
band1,win1024_nfauto,sift,lgm,0.403,2.82,7,1.0,191.0,,magsac630,7991.0,,0.0,8.0,lmeds630,46.9,1.72,1024
band1,win1024_nfauto,disk_epipolar,lgm,0.384,2.69,7,2.0,781.0,,lmeds630,7994.0,,0.0,8.0,lmeds630,25.6,0.76,1024
band1,win1024_nfauto,dedode_L-upright_B-upright,smnn0.9,5.302,47.72,9,3.0,34.0,,lmeds630,7996.0,,0.0,8.0,lmeds630,193.5,32.92,1024
band1,win1024_nfauto,dedode_L-upright_B-upright,snn,0.608,3.65,6,4.0,103.0,,lmeds630,7998.0,,0.0,8.0,lmeds630,193.5,32.92,1024
band1,win1024_nfauto,dedode_L-upright_B-C4,smnn0.9,1.239,7.43,6,3.0,33.0,,lmeds630,8000.0,,0.0,8.0,lmeds630,45.9,16.63,1024
band1,win1024_nfauto,dedode_L-upright_B-C4,snn,0.61,3.66,6,4.0,144.0,,lmeds630,8002.0,,0.0,8.0,lmeds630,45.9,16.63,1024
band1,win1024_nfauto,dedode_L-upright_G-C4,lgm,0.32,5.76,18,8.0,279.0,,lmeds630,8004.0,,0.0,8.0,lmeds630,115.7,33.46,1024
band1,win1024_nfauto,dedode_L-upright_G-C4,snn,1.798,5.39,3,1.0,24.0,,lmeds630,8007.0,,0.0,8.0,lmeds630,115.7,33.46,1024
band1,win1024_nfauto,dedode_L-C4_B-upright,smnn0.9,0.425,3.83,9,3.0,48.0,,lmeds630,8010.0,,0.0,8.0,lmeds630,41.5,2.09,1024
band1,win1024_nfauto,dedode_L-C4_B-upright,snn,0.608,3.65,6,4.0,97.0,,lmeds630,8012.0,,0.0,8.0,lmeds630,41.5,2.09,1024
band1,win1024_nfauto,dedode_L-C4_B-C4,smnn0.9,0.421,3.79,9,4.0,83.0,,lmeds630,8014.0,,0.0,8.0,lmeds630,41.7,1.96,1024
band1,win1024_nfauto,dedode_L-C4_B-C4,snn,0.52,3.64,7,4.0,138.0,,lmeds630,8016.0,,0.0,8.0,lmeds630,41.7,1.96,1024
band1,win1024_nfauto,dedode_L-C4_G-C4,snn,1.109,5.55,5,2.0,26.0,,magsac630,8020.0,,0.0,8.0,lmeds630,63.2,25.67,1024
band1,win1024_nfauto,dedode_L-C4-v2_B-upright,smnn0.9,1.031,13.4,13,5.0,298.0,,lmeds630,8022.0,,0.0,8.0,lmeds630,52.3,32.89,1024
band1,win1024_nfauto,dedode_L-C4-v2_B-upright,snn,0.735,3.67,5,5.0,188.0,,lmeds630,8024.0,,0.0,8.0,lmeds630,52.3,32.89,1024
band1,win1024_nfauto,dedode_L-C4-v2_B-C4,nn,0.204,4.28,21,3.0,672.0,,magsac630,8026.0,,0.0,8.0,lmeds630,42.6,2.02,1024
band1,win1024_nfauto,dedode_L-C4-v2_B-C4,smnn0.9,0.273,3.82,14,5.0,418.0,,lmeds630,8028.0,,0.0,8.0,lmeds630,42.6,2.02,1024
band1,win1024_nfauto,dedode_L-C4-v2_B-C4,snn,0.611,3.67,6,5.0,265.0,,lmeds630,8030.0,,0.0,8.0,lmeds630,42.6,2.02,1024
band1,win1024_nfauto,dedode_L-C4-v2_G-C4,snn,0.694,5.55,8,2.0,24.0,,lmeds630,8033.0,,0.0,8.0,lmeds630,63.8,25.67,1024
band1,win1024_nfauto,keynet,nn,0.187,3.93,21,7.0,969.0,,magsac630,8036.0,,0.0,8.0,magsac630,75.2,3.89,1024
band1,win1024_nfauto,loftr,loftr_internal,0.605,12.71,21,8.0,768.0,,lmeds630,8040.0,,0.0,8.0,lmeds630,92.4,32.8,1024
band1,win1024_nfauto,imw-rord-nn-kt0p2-fm1,internal,2.666,39.98,15,8.0,361.0,,lmeds630,8042.0,,0.0,8.0,lmeds630,110.6,32.53,1024
band1,win1024_nfauto,imw-alike-nn-kt0p2-fm1-fsp1,internal,0.246,5.16,21,5.0,181.0,,lmeds630,8044.0,,0.0,8.0,lmeds630,13.5,2.14,1024
band1,win1024_nfauto,imw-alike-nn-kt0p2-fsp1,internal,0.215,4.51,21,5.0,181.0,,lmeds630,8047.0,,0.0,8.0,lmeds630,10.8,0.38,1024
band1,win1024_nfauto,imw-rdd-dense,internal,1.799,16.19,9,6.0,924.0,,lmeds630,8050.0,,0.0,8.0,lmeds630,26.4,32.65,1024
band1,win1152_nfauto,sift,lgm,0.401,2.81,7,1.0,191.0,,magsac630,8052.0,,0.0,8.0,lmeds630,46.4,1.72,1152
band1,win1152_nfauto,disk_epipolar,lgm,0.388,2.72,7,2.0,781.0,,lmeds630,8055.0,,0.0,8.0,lmeds630,26.6,0.76,1152
band1,win1152_nfauto,dedode_L-upright_B-upright,smnn0.9,4.38,48.18,11,4.0,37.0,,magsac630,8057.0,,0.0,8.0,lmeds630,197.8,32.92,1152
band1,win1152_nfauto,dedode_L-upright_B-upright,snn,0.754,3.77,5,4.0,116.0,,lmeds630,8059.0,,0.0,8.0,lmeds630,197.8,32.92,1152
band1,win1152_nfauto,dedode_L-upright_B-C4,nn,0.212,4.44,21,1.0,203.0,,magsac630,8061.0,,0.0,8.0,magsac630,50.9,16.63,1152
band1,win1152_nfauto,dedode_L-upright_B-C4,smnn0.9,1.82,10.92,6,4.0,51.0,,lmeds630,8062.0,,0.0,8.0,lmeds630,50.9,16.63,1152
band1,win1152_nfauto,dedode_L-upright_B-C4,snn,0.461,3.69,8,4.0,150.0,,lmeds630,8064.0,,0.0,8.0,lmeds630,50.9,16.63,1152
band1,win1152_nfauto,dedode_L-upright_G-C4,snn,1.81,5.43,3,1.0,11.0,,lmeds630,8068.0,,0.0,8.0,lmeds630,116.8,33.46,1152
band1,win1152_nfauto,dedode_L-C4_B-upright,smnn0.9,0.443,3.99,9,3.0,44.0,,magsac630,8070.0,,0.0,8.0,lmeds630,45.7,3.18,1152
band1,win1152_nfauto,dedode_L-C4_B-upright,snn,0.748,3.74,5,5.0,127.0,,lmeds630,8072.0,,0.0,8.0,lmeds630,45.7,3.18,1152
band1,win1152_nfauto,dedode_L-C4_B-C4,snn,0.531,3.71,7,3.0,144.0,,lmeds630,8074.0,,0.0,8.0,lmeds630,44.2,2.93,1152
band1,win1152_nfauto,dedode_L-C4_G-C4,snn,2.744,5.49,2,1.0,18.0,,lmeds630,8079.0,,0.0,8.0,lmeds630,64.3,2.84,1152
band1,win1152_nfauto,dedode_L-C4-v2_B-upright,smnn0.9,0.707,9.89,14,5.0,288.0,,lmeds630,8081.0,,0.0,8.0,lmeds630,51.0,32.89,1152
band1,win1152_nfauto,dedode_L-C4-v2_B-upright,snn,0.739,3.69,5,5.0,154.0,,lmeds630,8083.0,,0.0,8.0,lmeds630,51.0,32.89,1152
band1,win1152_nfauto,dedode_L-C4-v2_B-C4,smnn0.9,0.264,3.96,15,5.0,409.0,,lmeds630,8085.0,,0.0,8.0,lmeds630,45.5,3.13,1152
band1,win1152_nfauto,dedode_L-C4-v2_B-C4,snn,0.629,3.78,6,5.0,251.0,,lmeds630,8087.0,,0.0,8.0,lmeds630,45.5,3.13,1152
band1,win1152_nfauto,dedode_L-C4-v2_G-C4,smnn0.9,0.921,8.29,9,2.0,50.0,,lmeds630,8090.0,,0.0,8.0,lmeds630,69.0,25.67,1152
band1,win1152_nfauto,dedode_L-C4-v2_G-C4,snn,0.946,5.68,6,1.0,20.0,,lmeds630,8092.0,,0.0,8.0,lmeds630,69.0,25.67,1152
band1,win1152_nfauto,keynet,nn,0.181,3.8,21,7.0,969.0,,magsac630,8095.0,,0.0,8.0,magsac630,74.5,3.89,1152
band1,win1152_nfauto,loftr,loftr_internal,0.603,12.66,21,8.0,768.0,,lmeds630,8099.0,,0.0,8.0,lmeds630,92.3,32.8,1152
band1,win1152_nfauto,imw-rord-nn-kt0p2-fm1,internal,2.66,39.9,15,8.0,362.0,,lmeds630,8101.0,,0.0,8.0,lmeds630,110.0,32.53,1152
band1,win1152_nfauto,imw-alike-nn-kt0p2-fm1-fsp1,internal,0.245,5.15,21,5.0,158.0,,magsac630,8103.0,,0.0,8.0,lmeds630,23.8,2.14,1152
band1,win1152_nfauto,imw-alike-nn-kt0p2-fsp1,internal,0.213,4.47,21,5.0,158.0,,magsac630,8105.0,,0.0,8.0,lmeds630,15.8,0.38,1152
band1,win1152_nfauto,imw-rdd-dense,internal,1.817,16.35,9,6.0,923.0,,lmeds630,8107.0,,0.0,8.0,lmeds630,27.7,32.65,1152
band1,win1280_nfauto,sift,lgm,0.389,2.72,7,1.0,191.0,,magsac630,8109.0,,0.0,8.0,lmeds630,46.4,1.72,1280
band1,win1280_nfauto,disk_epipolar,lgm,0.388,2.72,7,2.0,781.0,,lmeds630,8112.0,,0.0,8.0,lmeds630,25.9,0.76,1280
band1,win1280_nfauto,dedode_L-upright_B-upright,nn,0.222,4.67,21,2.0,345.0,,magsac630,8114.0,,0.0,8.0,magsac630,199.3,32.92,1280
band1,win1280_nfauto,dedode_L-upright_B-upright,smnn0.9,6.034,48.27,8,3.0,28.0,,magsac630,8115.0,,0.0,8.0,lmeds630,199.3,32.92,1280
band1,win1280_nfauto,dedode_L-upright_B-upright,snn,0.622,3.73,6,4.0,116.0,,lmeds630,8117.0,,0.0,8.0,lmeds630,199.3,32.92,1280
band1,win1280_nfauto,dedode_L-upright_B-C4,smnn0.9,1.414,11.31,8,4.0,52.0,,lmeds630,8119.0,,0.0,8.0,lmeds630,54.5,16.64,1280
band1,win1280_nfauto,dedode_L-upright_B-C4,snn,0.533,3.73,7,4.0,185.0,,lmeds630,8121.0,,0.0,8.0,lmeds630,54.5,16.64,1280
band1,win1280_nfauto,dedode_L-upright_G-C4,lgm,0.329,5.92,18,8.0,265.0,,lmeds630,8123.0,,0.0,8.0,lmeds630,121.1,33.46,1280
band1,win1280_nfauto,dedode_L-upright_G-C4,snn,1.362,5.45,4,1.0,6.0,,magsac630,8126.0,,0.0,8.0,magsac630,121.1,33.46,1280
band1,win1280_nfauto,dedode_L-C4_B-upright,smnn0.9,1.079,7.55,7,3.0,42.0,,lmeds630,8127.0,,0.0,8.0,lmeds630,50.2,16.58,1280
band1,win1280_nfauto,dedode_L-C4_B-upright,snn,0.621,3.73,6,5.0,133.0,,lmeds630,8129.0,,0.0,8.0,lmeds630,50.2,16.58,1280
band1,win1280_nfauto,dedode_L-C4_B-C4,nn,0.219,4.61,21,1.0,166.0,,magsac630,8131.0,,0.0,8.0,magsac630,46.8,4.31,1280
band1,win1280_nfauto,dedode_L-C4_B-C4,snn,0.621,3.73,6,4.0,184.0,,lmeds630,8133.0,,0.0,8.0,lmeds630,46.8,4.31,1280
band1,win1280_nfauto,dedode_L-C4_G-C4,smnn0.9,2.1,8.4,4,1.0,10.0,,lmeds630,8138.0,,0.0,8.0,lmeds630,67.7,25.67,1280
band1,win1280_nfauto,dedode_L-C4_G-C4,snn,2.812,5.62,2,2.0,26.0,,magsac630,8140.0,,0.0,8.0,lmeds630,67.7,25.67,1280
band1,win1280_nfauto,dedode_L-C4-v2_B-upright,smnn0.9,0.674,10.12,15,6.0,263.0,,lmeds630,8142.0,,0.0,8.0,lmeds630,53.5,32.89,1280
band1,win1280_nfauto,dedode_L-C4-v2_B-upright,snn,0.748,3.74,5,4.0,136.0,,lmeds630,8144.0,,0.0,8.0,lmeds630,53.5,32.89,1280
band1,win1280_nfauto,dedode_L-C4-v2_B-C4,smnn0.9,0.282,3.95,14,5.0,388.0,,lmeds630,8146.0,,0.0,8.0,lmeds630,47.6,4.6,1280
band1,win1280_nfauto,dedode_L-C4-v2_B-C4,snn,0.623,3.74,6,5.0,237.0,,lmeds630,8148.0,,0.0,8.0,lmeds630,47.6,4.6,1280
band1,win1280_nfauto,dedode_L-C4-v2_G-C4,smnn0.9,0.705,6.35,9,3.0,42.0,,magsac630,8151.0,,0.0,8.0,lmeds630,66.5,17.39,1280
band1,win1280_nfauto,dedode_L-C4-v2_G-C4,snn,1.126,5.63,5,1.0,12.0,,lmeds630,8153.0,,0.0,8.0,lmeds630,66.5,17.39,1280
band1,win1280_nfauto,keynet,nn,0.19,3.99,21,7.0,1007.0,,magsac630,8156.0,,0.0,8.0,magsac630,75.6,3.89,1280
band1,win1280_nfauto,imw-rord-nn-kt0p2-fm1,internal,2.702,40.53,15,8.0,362.0,,lmeds630,8161.0,,0.0,8.0,lmeds630,110.8,32.53,1280
band1,win1280_nfauto,imw-alike-nn-kt0p2-fm1-fsp1,internal,0.24,5.05,21,5.0,182.0,,lmeds630,8163.0,,0.0,8.0,lmeds630,12.9,2.14,1280
band1,win1280_nfauto,imw-alike-nn-kt0p2-fsp1,internal,0.211,4.43,21,5.0,182.0,,lmeds630,8166.0,,0.0,8.0,lmeds630,11.2,0.38,1280
band1,win1408_nfauto,sift,lgm,0.34,2.38,7,1.0,191.0,,magsac630,8170.0,,0.0,8.0,lmeds630,43.5,1.72,1408
band1,win1408_nfauto,disk_epipolar,lgm,0.407,2.85,7,2.0,778.0,,lmeds630,8173.0,,0.0,8.0,lmeds630,27.5,0.76,1408
band1,win1408_nfauto,dedode_L-upright_B-upright,smnn0.9,6.211,49.69,8,2.0,34.0,,magsac630,8175.0,,0.0,8.0,lmeds630,204.6,32.92,1408
band1,win1408_nfauto,dedode_L-upright_B-upright,snn,0.643,3.86,6,4.0,147.0,,lmeds630,8177.0,,0.0,8.0,lmeds630,204.6,32.92,1408
band1,win1408_nfauto,dedode_L-upright_B-C4,smnn0.9,1.451,11.61,8,4.0,42.0,,magsac630,8179.0,,0.0,8.0,lmeds630,61.0,16.64,1408
band1,win1408_nfauto,dedode_L-upright_B-C4,snn,0.543,3.8,7,4.0,225.0,,lmeds630,8181.0,,0.0,8.0,lmeds630,61.0,16.64,1408
band1,win1408_nfauto,dedode_L-upright_G-C4,lgm,0.339,6.1,18,8.0,268.0,,lmeds630,8183.0,,0.0,8.0,lmeds630,121.5,33.47,1408
band1,win1408_nfauto,dedode_L-upright_G-C4,snn,1.843,5.53,3,2.0,13.0,,magsac630,8186.0,,0.0,8.0,lmeds630,121.5,33.47,1408
band1,win1408_nfauto,dedode_L-C4_B-upright,smnn0.9,0.683,4.1,6,2.0,44.0,,lmeds630,8188.0,,0.0,8.0,lmeds630,51.0,6.7,1408
band1,win1408_nfauto,dedode_L-C4_B-upright,snn,0.641,3.85,6,4.0,126.0,,lmeds630,8190.0,,0.0,8.0,lmeds630,51.0,6.7,1408
band1,win1408_nfauto,dedode_L-C4_B-C4,snn,0.628,3.77,6,4.0,204.0,,lmeds630,8193.0,,0.0,8.0,lmeds630,47.9,6.08,1408
band1,win1408_nfauto,dedode_L-C4_G-C4,nn,0.324,6.8,21,3.0,5155.0,,lmeds630,8196.0,,0.0,8.0,lmeds630,75.4,25.67,1408
band1,win1408_nfauto,dedode_L-C4_G-C4,smnn0.9,3.08,12.32,4,1.0,12.0,,lmeds630,8198.0,,0.0,8.0,lmeds630,75.4,25.67,1408
band1,win1408_nfauto,dedode_L-C4_G-C4,snn,1.921,5.76,3,2.0,28.0,,magsac630,8200.0,,0.0,8.0,lmeds630,75.4,25.67,1408
band1,win1408_nfauto,dedode_L-C4-v2_B-upright,smnn0.9,0.935,10.29,11,5.0,256.0,,lmeds630,8203.0,,0.0,8.0,lmeds630,56.9,32.9,1408
band1,win1408_nfauto,dedode_L-C4-v2_B-upright,snn,0.77,3.85,5,5.0,154.0,,lmeds630,8205.0,,0.0,8.0,lmeds630,56.9,32.9,1408
band1,win1408_nfauto,dedode_L-C4-v2_B-C4,smnn0.9,0.293,4.1,14,5.0,361.0,,lmeds630,8207.0,,0.0,8.0,lmeds630,50.0,6.44,1408
band1,win1408_nfauto,dedode_L-C4-v2_B-C4,snn,0.544,3.81,7,5.0,245.0,,lmeds630,8209.0,,0.0,8.0,lmeds630,50.0,6.44,1408
band1,win1408_nfauto,dedode_L-C4-v2_G-C4,smnn0.9,0.857,7.72,9,2.0,34.0,,lmeds630,8213.0,,0.0,8.0,lmeds630,71.1,25.67,1408
band1,win1408_nfauto,dedode_L-C4-v2_G-C4,snn,0.958,5.75,6,1.0,9.0,,magsac630,8215.0,,0.0,8.0,lmeds630,71.1,25.67,1408
band1,win1408_nfauto,keynet,nn,0.179,3.76,21,7.0,1007.0,,magsac630,8218.0,,0.0,8.0,magsac630,74.9,3.89,1408
band1,win1408_nfauto,loftr,loftr_internal,0.605,12.71,21,8.0,766.0,,lmeds630,8222.0,,0.0,8.0,lmeds630,92.6,32.8,1408
band1,win1408_nfauto,imw-rord-nn-kt0p2-fm1,internal,2.616,39.24,15,8.0,370.0,,lmeds630,8224.0,,0.0,8.0,lmeds630,108.7,32.53,1408
band1,win1408_nfauto,imw-rdd-dense,internal,1.782,16.04,9,6.0,921.0,,lmeds630,8230.0,,0.0,8.0,lmeds630,25.7,32.65,1408
band1,win1536_nfauto,sift,lgm,0.334,2.34,7,1.0,191.0,,magsac630,8232.0,,0.0,8.0,lmeds630,42.9,1.72,1536
band1,win1536_nfauto,disk_epipolar,lgm,0.396,2.77,7,2.0,778.0,,lmeds630,8234.0,,0.0,8.0,lmeds630,26.1,0.76,1536
band1,win1536_nfauto,dedode_L-upright_B-upright,smnn0.9,5.43,48.87,9,2.0,18.0,,magsac630,8236.0,,0.0,8.0,lmeds630,203.8,32.93,1536
band1,win1536_nfauto,dedode_L-upright_B-upright,snn,0.633,3.8,6,4.0,196.0,,lmeds630,8238.0,,0.0,8.0,lmeds630,203.8,32.93,1536
band1,win1536_nfauto,dedode_L-upright_B-C4,smnn0.9,1.139,7.97,7,4.0,39.0,,magsac630,8240.0,,0.0,8.0,lmeds630,54.7,16.64,1536
band1,win1536_nfauto,dedode_L-upright_B-C4,snn,0.552,3.86,7,4.0,260.0,,lmeds630,8242.0,,0.0,8.0,lmeds630,54.7,16.64,1536
band1,win1536_nfauto,dedode_L-upright_G-C4,lgm,0.341,6.14,18,8.0,251.0,,lmeds630,8244.0,,0.0,8.0,lmeds630,121.3,33.47,1536
band1,win1536_nfauto,dedode_L-upright_G-C4,snn,1.855,5.57,3,2.0,20.0,,magsac630,8247.0,,0.0,8.0,lmeds630,121.3,33.47,1536
band1,win1536_nfauto,dedode_L-C4_B-upright,smnn0.9,0.836,4.18,5,3.0,53.0,,magsac630,8249.0,,0.0,8.0,lmeds630,51.3,8.71,1536
band1,win1536_nfauto,dedode_L-C4_B-upright,snn,0.633,3.8,6,4.0,134.0,,lmeds630,8251.0,,0.0,8.0,lmeds630,51.3,8.71,1536
band1,win1536_nfauto,dedode_L-C4_B-C4,snn,0.637,3.82,6,4.0,227.0,,lmeds630,8253.0,,0.0,8.0,lmeds630,51.1,7.79,1536
band1,win1536_nfauto,dedode_L-C4_G-C4,snn,2.773,5.55,2,1.0,26.0,,lmeds630,8256.0,,0.0,8.0,lmeds630,69.1,5.67,1536
band1,win1536_nfauto,dedode_L-C4-v2_B-upright,smnn0.9,1.268,13.95,11,5.0,233.0,,lmeds630,8258.0,,0.0,8.0,lmeds630,64.0,32.9,1536
band1,win1536_nfauto,dedode_L-C4-v2_B-upright,snn,0.791,3.95,5,5.0,146.0,,lmeds630,8260.0,,0.0,8.0,lmeds630,64.0,32.9,1536
band1,win1536_nfauto,dedode_L-C4-v2_B-C4,nn,0.241,5.06,21,3.0,5508.0,,lmeds630,8262.0,,0.0,8.0,lmeds630,52.3,8.44,1536
band1,win1536_nfauto,dedode_L-C4-v2_B-C4,smnn0.9,0.293,4.11,14,5.0,329.0,,lmeds630,8263.0,,0.0,8.0,lmeds630,52.3,8.44,1536
band1,win1536_nfauto,dedode_L-C4-v2_B-C4,snn,0.547,3.83,7,5.0,261.0,,lmeds630,8265.0,,0.0,8.0,lmeds630,52.3,8.44,1536
band1,win1536_nfauto,dedode_L-C4-v2_G-C4,nn,0.329,6.91,21,2.0,4783.0,,lmeds630,8269.0,,0.0,8.0,lmeds630,71.7,25.67,1536
band1,win1536_nfauto,dedode_L-C4-v2_G-C4,smnn0.9,1.08,8.64,8,2.0,28.0,,lmeds630,8270.0,,0.0,8.0,lmeds630,71.7,25.67,1536
band1,win1536_nfauto,dedode_L-C4-v2_G-C4,snn,0.95,5.7,6,1.0,7.0,,lmeds630,8272.0,,0.0,8.0,lmeds630,71.7,25.67,1536
band1,win1536_nfauto,keynet,nn,0.182,3.81,21,7.0,969.0,,magsac630,8275.0,,0.0,8.0,magsac630,74.6,3.89,1536
band1,win1536_nfauto,imw-rord-nn-kt0p2-fm1,internal,2.679,40.19,15,8.0,370.0,,lmeds630,8278.0,,0.0,8.0,lmeds630,110.4,32.53,1536
band1,win1536_nfauto,imw-alike-nn-kt0p2-fm1-fsp1,internal,0.239,5.03,21,5.0,181.0,,lmeds630,8280.0,,0.0,8.0,lmeds630,12.6,2.14,1536
band1,win1536_nfauto,imw-alike-nn-kt0p2-fsp1,internal,0.203,4.27,21,5.0,181.0,,lmeds630,8283.0,,0.0,8.0,lmeds630,10.3,0.38,1536
band1,win1664_nfauto,sift,lgm,0.347,2.43,7,1.0,191.0,,magsac630,8287.0,,0.0,8.0,lmeds630,43.4,1.72,1664
band1,win1664_nfauto,disk_epipolar,lgm,0.383,2.68,7,2.0,781.0,,lmeds630,8290.0,,0.0,8.0,lmeds630,25.7,0.76,1664
band1,win1664_nfauto,dedode_L-upright_B-upright,smnn0.9,7.022,49.15,7,2.0,19.0,,magsac630,8292.0,,0.0,8.0,lmeds630,204.3,32.93,1664
band1,win1664_nfauto,dedode_L-upright_B-upright,snn,0.636,3.81,6,4.0,211.0,,lmeds630,8294.0,,0.0,8.0,lmeds630,204.3,32.93,1664
band1,win1664_nfauto,dedode_L-upright_B-C4,smnn0.9,2.28,11.4,5,3.0,28.0,,magsac630,8296.0,,0.0,8.0,lmeds630,61.6,16.64,1664
band1,win1664_nfauto,dedode_L-upright_B-C4,snn,0.543,3.8,7,4.0,269.0,,lmeds630,8298.0,,0.0,8.0,lmeds630,61.6,16.64,1664
band1,win1664_nfauto,dedode_L-upright_G-C4,lgm,0.34,6.12,18,8.0,238.0,,lmeds630,8300.0,,0.0,8.0,lmeds630,122.4,33.47,1664
band1,win1664_nfauto,dedode_L-upright_G-C4,snn,1.847,5.54,3,2.0,22.0,,magsac630,8302.0,,0.0,8.0,lmeds630,122.4,33.47,1664
band1,win1664_nfauto,dedode_L-C4_B-upright,smnn0.9,0.833,4.17,5,3.0,48.0,,magsac630,8304.0,,0.0,8.0,lmeds630,49.9,9.17,1664
band1,win1664_nfauto,dedode_L-C4_B-upright,snn,0.632,3.79,6,4.0,156.0,,lmeds630,8306.0,,0.0,8.0,lmeds630,49.9,9.17,1664
band1,win1664_nfauto,dedode_L-C4_B-C4,snn,0.632,3.79,6,4.0,247.0,,lmeds630,8308.0,,0.0,8.0,lmeds630,50.3,8.14,1664
band1,win1664_nfauto,dedode_L-C4_G-C4,snn,1.839,5.52,3,1.0,39.0,,lmeds630,8311.0,,0.0,8.0,lmeds630,76.1,5.98,1664
band1,win1664_nfauto,dedode_L-C4-v2_B-upright,smnn0.9,1.059,13.77,13,5.0,231.0,,lmeds630,8313.0,,0.0,8.0,lmeds630,64.0,32.9,1664
band1,win1664_nfauto,dedode_L-C4-v2_B-upright,snn,0.763,3.82,5,5.0,159.0,,lmeds630,8315.0,,0.0,8.0,lmeds630,64.0,32.9,1664
band1,win1664_nfauto,dedode_L-C4-v2_B-C4,nn,0.254,5.34,21,3.0,5506.0,,lmeds630,8317.0,,0.0,8.0,lmeds630,53.4,8.84,1664
band1,win1664_nfauto,dedode_L-C4-v2_B-C4,smnn0.9,0.294,4.12,14,5.0,312.0,,lmeds630,8318.0,,0.0,8.0,lmeds630,53.4,8.84,1664
band1,win1664_nfauto,dedode_L-C4-v2_B-C4,snn,0.547,3.83,7,5.0,273.0,,lmeds630,8320.0,,0.0,8.0,lmeds630,53.4,8.84,1664
band1,win1664_nfauto,dedode_L-C4-v2_G-C4,smnn0.9,1.293,10.34,8,2.0,22.0,,lmeds630,8323.0,,0.0,8.0,lmeds630,75.6,25.67,1664
band1,win1664_nfauto,dedode_L-C4-v2_G-C4,snn,0.955,5.73,6,1.0,8.0,,lmeds630,8325.0,,0.0,8.0,lmeds630,75.6,25.67,1664
band1,win1664_nfauto,keynet,nn,0.19,3.99,21,7.0,969.0,,magsac630,8328.0,,0.0,8.0,magsac630,74.9,3.89,1664
band1,win1664_nfauto,loftr,loftr_internal,0.603,12.65,21,8.0,774.0,,lmeds630,8332.0,,0.0,8.0,lmeds630,92.3,32.8,1664
band1,win1664_nfauto,imw-rord-nn-kt0p2-fm1,internal,2.518,40.29,16,8.0,363.0,,lmeds630,8334.0,,0.0,8.0,lmeds630,111.1,32.53,1664
band1,win1664_nfauto,imw-alike-nn-kt0p2-fm1-fsp1,internal,0.38,7.99,21,5.0,182.0,,lmeds630,8336.0,,0.0,8.0,lmeds630,17.0,2.14,1664
band1,win1664_nfauto,imw-alike-nn-kt0p2-fsp1,internal,0.207,4.35,21,5.0,182.0,,lmeds630,8339.0,,0.0,8.0,lmeds630,12.0,0.38,1664
band1,win1792_nfauto,sift,lgm,0.355,2.49,7,1.0,191.0,,magsac630,8343.0,,0.0,8.0,lmeds630,44.2,1.72,1792
band1,win1792_nfauto,disk_epipolar,lgm,0.385,2.69,7,2.0,781.0,,lmeds630,8346.0,,0.0,8.0,lmeds630,25.6,0.76,1792
band1,win1792_nfauto,dedode_L-upright_B-upright,smnn0.9,7.026,49.19,7,2.0,22.0,,magsac630,8348.0,,0.0,8.0,lmeds630,204.7,32.93,1792
band1,win1792_nfauto,dedode_L-upright_B-upright,snn,0.654,3.93,6,4.0,243.0,,lmeds630,8350.0,,0.0,8.0,lmeds630,204.7,32.93,1792
band1,win1792_nfauto,dedode_L-upright_B-C4,smnn0.9,1.589,7.94,5,4.0,38.0,,magsac630,8352.0,,0.0,8.0,lmeds630,61.3,16.64,1792
band1,win1792_nfauto,dedode_L-upright_B-C4,snn,0.553,3.87,7,4.0,321.0,,lmeds630,8354.0,,0.0,8.0,lmeds630,61.3,16.64,1792
band1,win1792_nfauto,dedode_L-upright_G-C4,snn,1.872,5.62,3,2.0,26.0,,magsac630,8358.0,,0.0,8.0,lmeds630,124.4,33.47,1792
band1,win1792_nfauto,dedode_L-C4_B-upright,smnn0.9,0.86,4.3,5,3.0,43.0,,magsac630,8360.0,,0.0,8.0,lmeds630,51.4,9.17,1792
band1,win1792_nfauto,dedode_L-C4_B-upright,snn,0.651,3.9,6,4.0,180.0,,lmeds630,8362.0,,0.0,8.0,lmeds630,51.4,9.17,1792
band1,win1792_nfauto,dedode_L-C4_B-C4,snn,0.651,3.91,6,4.0,273.0,,lmeds630,8364.0,,0.0,8.0,lmeds630,51.3,8.24,1792
band1,win1792_nfauto,dedode_L-C4_G-C4,snn,1.88,5.64,3,1.0,45.0,,lmeds630,8367.0,,0.0,8.0,lmeds630,76.0,7.44,1792
band1,win1792_nfauto,dedode_L-C4-v2_B-upright,nn,0.251,5.28,21,2.0,143.0,,magsac630,8369.0,,0.0,8.0,magsac630,60.3,32.9,1792
band1,win1792_nfauto,dedode_L-C4-v2_B-upright,smnn0.9,0.885,10.63,12,5.0,216.0,,lmeds630,8370.0,,0.0,8.0,lmeds630,60.3,32.9,1792
band1,win1792_nfauto,dedode_L-C4-v2_B-upright,snn,0.787,3.94,5,5.0,183.0,,lmeds630,8372.0,,0.0,8.0,lmeds630,60.3,32.9,1792
band1,win1792_nfauto,dedode_L-C4-v2_B-C4,nn,0.251,5.28,21,3.0,5508.0,,lmeds630,8374.0,,0.0,8.0,lmeds630,53.0,9.62,1792
band1,win1792_nfauto,dedode_L-C4-v2_B-C4,smnn0.9,0.302,4.23,14,5.0,307.0,,lmeds630,8376.0,,0.0,8.0,lmeds630,53.0,9.62,1792
band1,win1792_nfauto,dedode_L-C4-v2_B-C4,snn,0.562,3.94,7,5.0,293.0,,lmeds630,8378.0,,0.0,8.0,lmeds630,53.0,9.62,1792
band1,win1792_nfauto,dedode_L-C4-v2_G-C4,smnn0.9,1.329,10.63,8,2.0,20.0,,lmeds630,8382.0,,0.0,8.0,lmeds630,88.9,25.67,1792
band1,win1792_nfauto,dedode_L-C4-v2_G-C4,snn,0.983,5.9,6,1.0,9.0,,lmeds630,8384.0,,0.0,8.0,lmeds630,88.9,25.67,1792
band1,win1792_nfauto,keynet,nn,0.188,3.95,21,7.0,969.0,,magsac630,8387.0,,0.0,8.0,magsac630,75.1,3.89,1792
band1,win1792_nfauto,imw-rord-nn-kt0p2-fm1,internal,2.682,40.22,15,8.0,362.0,,lmeds630,8392.0,,0.0,8.0,lmeds630,111.1,32.53,1792
band1,win1792_nfauto,imw-rdd-dense,internal,1.781,16.03,9,6.0,924.0,,lmeds630,8398.0,,0.0,8.0,lmeds630,25.7,32.65,1792
band1,win1920_nfauto,sift,lgm,0.356,2.49,7,1.0,191.0,,magsac630,8400.0,,0.0,8.0,lmeds630,43.7,1.72,1920
band1,win1920_nfauto,disk_epipolar,lgm,0.389,2.73,7,2.0,781.0,,lmeds630,8403.0,,0.0,8.0,lmeds630,27.6,0.76,1920
band1,win1920_nfauto,dedode_L-upright_B-upright,smnn0.9,7.037,49.26,7,2.0,22.0,,magsac630,8405.0,,0.0,8.0,lmeds630,208.6,32.93,1920
band1,win1920_nfauto,dedode_L-upright_B-upright,snn,0.642,3.85,6,4.0,243.0,,lmeds630,8407.0,,0.0,8.0,lmeds630,208.6,32.93,1920
band1,win1920_nfauto,dedode_L-upright_B-C4,smnn0.9,1.579,7.89,5,4.0,38.0,,magsac630,8409.0,,0.0,8.0,lmeds630,54.5,16.64,1920
band1,win1920_nfauto,dedode_L-upright_B-C4,snn,0.546,3.82,7,4.0,321.0,,lmeds630,8411.0,,0.0,8.0,lmeds630,54.5,16.64,1920
band1,win1920_nfauto,dedode_L-upright_G-C4,lgm,0.345,6.2,18,8.0,233.0,,lmeds630,8413.0,,0.0,8.0,lmeds630,123.7,33.47,1920
band1,win1920_nfauto,dedode_L-upright_G-C4,snn,1.872,5.61,3,2.0,26.0,,magsac630,8416.0,,0.0,8.0,lmeds630,123.7,33.47,1920
band1,win1920_nfauto,dedode_L-C4_B-upright,smnn0.9,0.843,4.22,5,3.0,43.0,,magsac630,8418.0,,0.0,8.0,lmeds630,51.7,9.17,1920
band1,win1920_nfauto,dedode_L-C4_B-upright,snn,0.635,3.81,6,4.0,180.0,,lmeds630,8420.0,,0.0,8.0,lmeds630,51.7,9.17,1920
band1,win1920_nfauto,dedode_L-C4_B-C4,snn,0.636,3.81,6,4.0,273.0,,lmeds630,8422.0,,0.0,8.0,lmeds630,50.2,8.24,1920
band1,win1920_nfauto,dedode_L-C4_G-C4,snn,1.844,5.53,3,1.0,45.0,,lmeds630,8426.0,,0.0,8.0,lmeds630,67.9,7.44,1920
band1,win1920_nfauto,dedode_L-C4-v2_B-upright,smnn0.9,0.876,10.51,12,5.0,216.0,,lmeds630,8428.0,,0.0,8.0,lmeds630,57.8,32.9,1920
band1,win1920_nfauto,dedode_L-C4-v2_B-upright,snn,0.768,3.84,5,5.0,183.0,,lmeds630,8430.0,,0.0,8.0,lmeds630,57.8,32.9,1920
band1,win1920_nfauto,dedode_L-C4-v2_B-C4,smnn0.9,0.296,4.15,14,5.0,307.0,,lmeds630,8433.0,,0.0,8.0,lmeds630,51.5,9.62,1920
band1,win1920_nfauto,dedode_L-C4-v2_B-C4,snn,0.548,3.84,7,5.0,293.0,,lmeds630,8435.0,,0.0,8.0,lmeds630,51.5,9.62,1920
band1,win1920_nfauto,dedode_L-C4-v2_G-C4,smnn0.9,1.306,10.44,8,2.0,20.0,,lmeds630,8438.0,,0.0,8.0,lmeds630,75.0,25.67,1920
band1,win1920_nfauto,dedode_L-C4-v2_G-C4,snn,0.959,5.76,6,1.0,9.0,,lmeds630,8440.0,,0.0,8.0,lmeds630,75.0,25.67,1920
band1,win1920_nfauto,keynet,nn,0.186,3.9,21,7.0,969.0,,magsac630,8443.0,,0.0,8.0,magsac630,75.0,3.89,1920
band1,win1920_nfauto,imw-rord-nn-kt0p2-fm1,internal,2.661,39.91,15,8.0,362.0,,lmeds630,8448.0,,0.0,8.0,lmeds630,110.7,32.53,1920
band1,win1920_nfauto,imw-alike-nn-kt0p2-fm1-fsp1,internal,0.238,5.0,21,5.0,182.0,,lmeds630,8450.0,,0.0,8.0,lmeds630,12.7,2.14,1920
band1,win1920_nfauto,imw-alike-nn-kt0p2-fsp1,internal,0.211,4.43,21,5.0,182.0,,lmeds630,8453.0,,0.0,8.0,lmeds630,10.7,0.38,1920
band1,win1920_nfauto,imw-rdd-dense,internal,1.776,15.99,9,6.0,921.0,,lmeds630,8456.0,,0.0,8.0,lmeds630,25.6,32.65,1920
band1,win2048_nfauto,sift,lgm,0.345,2.41,7,1.0,191.0,,magsac630,8458.0,,0.0,8.0,lmeds630,43.3,1.72,2048
band1,win2048_nfauto,disk_epipolar,lgm,0.389,2.72,7,2.0,781.0,,lmeds630,8461.0,,0.0,8.0,lmeds630,25.7,0.76,2048
band1,win2048_nfauto,dedode_L-upright_B-upright,smnn0.9,7.016,49.12,7,2.0,22.0,,magsac630,8463.0,,0.0,8.0,lmeds630,205.1,32.93,2048
band1,win2048_nfauto,dedode_L-upright_B-upright,snn,0.636,3.81,6,4.0,243.0,,lmeds630,8465.0,,0.0,8.0,lmeds630,205.1,32.93,2048
band1,win2048_nfauto,dedode_L-upright_B-C4,smnn0.9,1.58,7.9,5,4.0,38.0,,magsac630,8467.0,,0.0,8.0,lmeds630,54.4,16.64,2048
band1,win2048_nfauto,dedode_L-upright_B-C4,snn,0.546,3.82,7,4.0,317.0,,lmeds630,8469.0,,0.0,8.0,lmeds630,54.4,16.64,2048
band1,win2048_nfauto,dedode_L-upright_G-C4,lgm,0.34,6.12,18,8.0,233.0,,lmeds630,8471.0,,0.0,8.0,lmeds630,124.7,33.47,2048
band1,win2048_nfauto,dedode_L-upright_G-C4,snn,1.853,5.56,3,2.0,26.0,,magsac630,8473.0,,0.0,8.0,lmeds630,124.7,33.47,2048
band1,win2048_nfauto,dedode_L-C4_B-upright,smnn0.9,0.838,4.19,5,3.0,43.0,,magsac630,8475.0,,0.0,8.0,lmeds630,52.4,9.17,2048
band1,win2048_nfauto,dedode_L-C4_B-upright,snn,0.633,3.8,6,4.0,180.0,,lmeds630,8477.0,,0.0,8.0,lmeds630,52.4,9.17,2048
band1,win2048_nfauto,dedode_L-C4_B-C4,snn,0.633,3.8,6,4.0,273.0,,lmeds630,8479.0,,0.0,8.0,lmeds630,49.9,8.24,2048
band1,win2048_nfauto,dedode_L-C4_G-C4,snn,1.845,5.53,3,1.0,45.0,,lmeds630,8482.0,,0.0,8.0,lmeds630,68.5,7.44,2048
band1,win2048_nfauto,dedode_L-C4-v2_B-upright,nn,0.244,5.13,21,2.0,143.0,,magsac630,8484.0,,0.0,8.0,magsac630,58.0,32.9,2048
band1,win2048_nfauto,dedode_L-C4-v2_B-upright,smnn0.9,0.874,10.48,12,5.0,216.0,,lmeds630,8485.0,,0.0,8.0,lmeds630,58.0,32.9,2048
band1,win2048_nfauto,dedode_L-C4-v2_B-upright,snn,0.768,3.84,5,5.0,183.0,,lmeds630,8487.0,,0.0,8.0,lmeds630,58.0,32.9,2048
band1,win2048_nfauto,dedode_L-C4-v2_B-C4,nn,0.244,5.12,21,3.0,5508.0,,lmeds630,8489.0,,0.0,8.0,lmeds630,51.6,9.62,2048
band1,win2048_nfauto,dedode_L-C4-v2_B-C4,smnn0.9,0.295,4.13,14,5.0,307.0,,lmeds630,8491.0,,0.0,8.0,lmeds630,51.6,9.62,2048
band1,win2048_nfauto,dedode_L-C4-v2_B-C4,snn,0.548,3.84,7,5.0,293.0,,lmeds630,8493.0,,0.0,8.0,lmeds630,51.6,9.62,2048
band1,win2048_nfauto,dedode_L-C4-v2_G-C4,smnn0.9,1.317,10.53,8,2.0,20.0,,lmeds630,8497.0,,0.0,8.0,lmeds630,81.0,25.67,2048
band1,win2048_nfauto,dedode_L-C4-v2_G-C4,snn,0.971,5.82,6,1.0,9.0,,lmeds630,8499.0,,0.0,8.0,lmeds630,81.0,25.67,2048
band1,win2048_nfauto,keynet,nn,0.186,3.91,21,7.0,969.0,,magsac630,8502.0,,0.0,8.0,magsac630,77.4,3.89,2048
band1,win2048_nfauto,loftr,loftr_internal,0.606,12.72,21,8.0,768.0,,lmeds630,8506.0,,0.0,8.0,lmeds630,92.7,32.8,2048
band1,win2048_nfauto,imw-rord-nn-kt0p2-fm1,internal,2.616,39.24,15,8.0,370.0,,lmeds630,8508.0,,0.0,8.0,lmeds630,109.3,32.53,2048
band1,win2048_nfauto,imw-alike-nn-kt0p2-fm1-fsp1,internal,0.263,5.53,21,5.0,181.0,,lmeds630,8510.0,,0.0,8.0,lmeds630,13.4,2.14,2048
band1,win2048_nfauto,imw-alike-nn-kt0p2-fsp1,internal,0.206,4.33,21,5.0,181.0,,lmeds630,8513.0,,0.0,8.0,lmeds630,10.7,0.38,2048
band1,win2048_nfauto,imw-rdd-dense,internal,1.788,16.09,9,6.0,924.0,,lmeds630,8516.0,,0.0,8.0,lmeds630,25.9,32.65,2048
band1,win2176_nfauto,sift,lgm,0.362,2.53,7,1.0,191.0,,magsac630,8518.0,,0.0,8.0,lmeds630,44.5,1.72,2176
band1,win2176_nfauto,disk_epipolar,lgm,0.389,2.72,7,2.0,781.0,,lmeds630,8521.0,,0.0,8.0,lmeds630,26.4,0.76,2176
band1,win2176_nfauto,dedode_L-upright_B-upright,smnn0.9,7.056,49.39,7,2.0,22.0,,magsac630,8523.0,,0.0,8.0,lmeds630,205.9,32.93,2176
band1,win2176_nfauto,dedode_L-upright_B-upright,snn,0.646,3.88,6,4.0,243.0,,lmeds630,8525.0,,0.0,8.0,lmeds630,205.9,32.93,2176
band1,win2176_nfauto,dedode_L-upright_B-C4,smnn0.9,1.6,8.0,5,4.0,34.0,,magsac630,8527.0,,0.0,8.0,lmeds630,57.0,16.64,2176
band1,win2176_nfauto,dedode_L-upright_B-C4,snn,0.562,3.93,7,4.0,317.0,,lmeds630,8529.0,,0.0,8.0,lmeds630,57.0,16.64,2176
band1,win2176_nfauto,dedode_L-upright_G-C4,lgm,0.354,6.37,18,8.0,233.0,,lmeds630,8531.0,,0.0,8.0,lmeds630,125.9,33.47,2176
band1,win2176_nfauto,dedode_L-upright_G-C4,snn,1.905,5.71,3,2.0,26.0,,magsac630,8534.0,,0.0,8.0,lmeds630,125.9,33.47,2176
band1,win2176_nfauto,dedode_L-C4_B-upright,smnn0.9,0.873,4.36,5,3.0,43.0,,magsac630,8536.0,,0.0,8.0,lmeds630,53.2,9.17,2176
band1,win2176_nfauto,dedode_L-C4_B-upright,snn,0.653,3.92,6,4.0,180.0,,lmeds630,8538.0,,0.0,8.0,lmeds630,53.2,9.17,2176
band1,win2176_nfauto,dedode_L-C4_B-C4,snn,0.635,3.81,6,4.0,273.0,,lmeds630,8540.0,,0.0,8.0,lmeds630,51.2,8.24,2176
band1,win2176_nfauto,dedode_L-C4_G-C4,snn,1.846,5.54,3,1.0,45.0,,lmeds630,8543.0,,0.0,8.0,lmeds630,68.7,7.44,2176
band1,win2176_nfauto,dedode_L-C4-v2_B-upright,nn,0.244,5.13,21,2.0,143.0,,magsac630,8545.0,,0.0,8.0,magsac630,58.3,32.9,2176
band1,win2176_nfauto,dedode_L-C4-v2_B-upright,smnn0.9,0.876,10.52,12,5.0,216.0,,lmeds630,8546.0,,0.0,8.0,lmeds630,58.3,32.9,2176
band1,win2176_nfauto,dedode_L-C4-v2_B-upright,snn,0.766,3.83,5,5.0,182.0,,lmeds630,8548.0,,0.0,8.0,lmeds630,58.3,32.9,2176
band1,win2176_nfauto,dedode_L-C4-v2_B-C4,nn,0.244,5.12,21,3.0,5508.0,,lmeds630,8550.0,,0.0,8.0,lmeds630,53.8,9.62,2176
band1,win2176_nfauto,dedode_L-C4-v2_B-C4,smnn0.9,0.295,4.13,14,5.0,305.0,,lmeds630,8552.0,,0.0,8.0,lmeds630,53.8,9.62,2176
band1,win2176_nfauto,dedode_L-C4-v2_B-C4,snn,0.547,3.83,7,5.0,291.0,,lmeds630,8554.0,,0.0,8.0,lmeds630,53.8,9.62,2176
band1,win2176_nfauto,dedode_L-C4-v2_G-C4,smnn0.9,1.306,10.44,8,2.0,20.0,,lmeds630,8558.0,,0.0,8.0,lmeds630,74.5,25.67,2176
band1,win2176_nfauto,dedode_L-C4-v2_G-C4,snn,0.956,5.74,6,1.0,9.0,,lmeds630,8560.0,,0.0,8.0,lmeds630,74.5,25.67,2176
band1,win2176_nfauto,keynet,nn,0.187,3.92,21,7.0,969.0,,magsac630,8563.0,,0.0,8.0,magsac630,74.6,3.89,2176
band1,win2176_nfauto,imw-rord-nn-kt0p2-fm1,internal,2.677,40.15,15,8.0,370.0,,lmeds630,8568.0,,0.0,8.0,lmeds630,110.8,32.53,2176
band1,win2176_nfauto,imw-alike-nn-kt0p2-fm1-fsp1,internal,0.244,5.12,21,5.0,182.0,,lmeds630,8570.0,,0.0,8.0,lmeds630,13.1,2.14,2176
band1,win2176_nfauto,imw-alike-nn-kt0p2-fsp1,internal,0.214,4.5,21,5.0,182.0,,lmeds630,8573.0,,0.0,8.0,lmeds630,10.9,0.38,2176
band1,win2304_nfauto,sift,lgm,0.356,2.49,7,1.0,191.0,,magsac630,8577.0,,0.0,8.0,lmeds630,43.8,1.72,2304
band1,win2304_nfauto,disk_epipolar,lgm,0.385,2.69,7,2.0,781.0,,lmeds630,8580.0,,0.0,8.0,lmeds630,25.7,0.76,2304
band1,win2304_nfauto,dedode_L-upright_B-upright,smnn0.9,7.122,49.85,7,2.0,19.0,,magsac630,8582.0,,0.0,8.0,lmeds630,206.4,32.93,2304
band1,win2304_nfauto,dedode_L-upright_B-upright,snn,0.66,3.96,6,4.0,244.0,,lmeds630,8584.0,,0.0,8.0,lmeds630,206.4,32.93,2304
band1,win2304_nfauto,dedode_L-upright_B-C4,smnn0.9,1.591,7.95,5,4.0,34.0,,magsac630,8586.0,,0.0,8.0,lmeds630,55.2,16.64,2304
band1,win2304_nfauto,dedode_L-upright_B-C4,snn,0.549,3.84,7,4.0,315.0,,lmeds630,8588.0,,0.0,8.0,lmeds630,55.2,16.64,2304
band1,win2304_nfauto,dedode_L-upright_G-C4,lgm,0.345,6.21,18,8.0,233.0,,lmeds630,8590.0,,0.0,8.0,lmeds630,126.2,33.47,2304
band1,win2304_nfauto,dedode_L-upright_G-C4,snn,1.861,5.58,3,2.0,26.0,,magsac630,8593.0,,0.0,8.0,lmeds630,126.2,33.47,2304
band1,win2304_nfauto,dedode_L-C4_B-upright,smnn0.9,0.853,4.27,5,3.0,45.0,,magsac630,8595.0,,0.0,8.0,lmeds630,51.8,9.17,2304
band1,win2304_nfauto,dedode_L-C4_B-upright,snn,0.641,3.84,6,4.0,180.0,,lmeds630,8597.0,,0.0,8.0,lmeds630,51.8,9.17,2304
band1,win2304_nfauto,dedode_L-C4_B-C4,snn,0.651,3.9,6,4.0,273.0,,lmeds630,8599.0,,0.0,8.0,lmeds630,52.2,8.23,2304
band1,win2304_nfauto,dedode_L-C4_G-C4,snn,1.858,5.57,3,1.0,45.0,,lmeds630,8602.0,,0.0,8.0,lmeds630,67.9,7.44,2304
band1,win2304_nfauto,dedode_L-C4-v2_B-upright,smnn0.9,0.877,10.53,12,5.0,217.0,,lmeds630,8605.0,,0.0,8.0,lmeds630,62.1,32.9,2304
band1,win2304_nfauto,dedode_L-C4-v2_B-upright,snn,0.769,3.85,5,5.0,183.0,,lmeds630,8607.0,,0.0,8.0,lmeds630,62.1,32.9,2304
band1,win2304_nfauto,dedode_L-C4-v2_B-C4,nn,0.246,5.16,21,3.0,5508.0,,lmeds630,8609.0,,0.0,8.0,lmeds630,53.2,9.63,2304
band1,win2304_nfauto,dedode_L-C4-v2_B-C4,smnn0.9,0.296,4.14,14,5.0,304.0,,lmeds630,8610.0,,0.0,8.0,lmeds630,53.2,9.63,2304
band1,win2304_nfauto,dedode_L-C4-v2_B-C4,snn,0.548,3.84,7,5.0,287.0,,lmeds630,8612.0,,0.0,8.0,lmeds630,53.2,9.63,2304
band1,win2304_nfauto,dedode_L-C4-v2_G-C4,smnn0.9,1.303,10.42,8,2.0,20.0,,lmeds630,8616.0,,0.0,8.0,lmeds630,74.5,25.67,2304
band1,win2304_nfauto,dedode_L-C4-v2_G-C4,snn,0.957,5.74,6,1.0,9.0,,lmeds630,8618.0,,0.0,8.0,lmeds630,74.5,25.67,2304
band1,win2304_nfauto,keynet,nn,0.187,3.93,21,7.0,969.0,,magsac630,8621.0,,0.0,8.0,magsac630,75.2,3.89,2304
band1,win2304_nfauto,imw-rord-nn-kt0p2-fm1,internal,2.724,40.85,15,8.0,362.0,,lmeds630,8626.0,,0.0,8.0,lmeds630,111.7,32.53,2304
band1,win2304_nfauto,imw-alike-nn-kt0p2-fm1-fsp1,internal,0.241,5.05,21,5.0,181.0,,lmeds630,8628.0,,0.0,8.0,lmeds630,12.7,2.14,2304
band1,win2304_nfauto,imw-alike-nn-kt0p2-fsp1,internal,0.207,4.34,21,5.0,181.0,,lmeds630,8631.0,,0.0,8.0,lmeds630,10.6,0.38,2304
band1,win2304_nfauto,imw-rdd-dense,internal,1.779,16.01,9,6.0,925.0,,lmeds630,8634.0,,0.0,8.0,lmeds630,25.5,32.65,2304
band1,win2432_nfauto,sift,lgm,0.346,2.42,7,1.0,191.0,,magsac630,8636.0,,0.0,8.0,lmeds630,43.5,1.72,2432
band1,win2432_nfauto,disk_epipolar,lgm,0.387,2.71,7,2.0,781.0,,lmeds630,8639.0,,0.0,8.0,lmeds630,25.6,0.76,2432
band1,win2432_nfauto,dedode_L-upright_B-upright,smnn0.9,7.034,49.24,7,2.0,22.0,,magsac630,8641.0,,0.0,8.0,lmeds630,204.4,32.93,2432
band1,win2432_nfauto,dedode_L-upright_B-upright,snn,0.637,3.82,6,4.0,243.0,,lmeds630,8643.0,,0.0,8.0,lmeds630,204.4,32.93,2432
band1,win2432_nfauto,dedode_L-upright_B-C4,smnn0.9,1.584,7.92,5,4.0,34.0,,magsac630,8645.0,,0.0,8.0,lmeds630,57.6,16.64,2432
band1,win2432_nfauto,dedode_L-upright_B-C4,snn,0.549,3.85,7,4.0,317.0,,lmeds630,8647.0,,0.0,8.0,lmeds630,57.6,16.64,2432
band1,win2432_nfauto,dedode_L-upright_G-C4,lgm,0.342,6.16,18,8.0,233.0,,lmeds630,8649.0,,0.0,8.0,lmeds630,132.5,33.47,2432
band1,win2432_nfauto,dedode_L-upright_G-C4,snn,1.849,5.55,3,2.0,26.0,,magsac630,8652.0,,0.0,8.0,lmeds630,132.5,33.47,2432
band1,win2432_nfauto,dedode_L-C4_B-upright,smnn0.9,0.84,4.2,5,3.0,43.0,,magsac630,8654.0,,0.0,8.0,lmeds630,59.9,9.17,2432
band1,win2432_nfauto,dedode_L-C4_B-upright,snn,0.635,3.81,6,4.0,180.0,,lmeds630,8656.0,,0.0,8.0,lmeds630,59.9,9.17,2432
band1,win2432_nfauto,dedode_L-C4_B-C4,snn,0.635,3.81,6,4.0,273.0,,lmeds630,8658.0,,0.0,8.0,lmeds630,49.9,8.24,2432
band1,win2432_nfauto,dedode_L-C4_G-C4,snn,1.861,5.58,3,1.0,45.0,,lmeds630,8662.0,,0.0,8.0,lmeds630,68.8,7.44,2432
band1,win2432_nfauto,dedode_L-C4-v2_B-upright,nn,0.245,5.15,21,2.0,145.0,,magsac630,8664.0,,0.0,8.0,magsac630,57.9,32.9,2432
band1,win2432_nfauto,dedode_L-C4-v2_B-upright,smnn0.9,0.875,10.5,12,5.0,216.0,,lmeds630,8665.0,,0.0,8.0,lmeds630,57.9,32.9,2432
band1,win2432_nfauto,dedode_L-C4-v2_B-upright,snn,0.773,3.87,5,5.0,182.0,,lmeds630,8667.0,,0.0,8.0,lmeds630,57.9,32.9,2432
band1,win2432_nfauto,dedode_L-C4-v2_B-C4,smnn0.9,0.296,4.14,14,5.0,305.0,,lmeds630,8670.0,,0.0,8.0,lmeds630,51.4,9.62,2432
band1,win2432_nfauto,dedode_L-C4-v2_B-C4,snn,0.551,3.86,7,5.0,291.0,,lmeds630,8672.0,,0.0,8.0,lmeds630,51.4,9.62,2432
band1,win2432_nfauto,dedode_L-C4-v2_G-C4,smnn0.9,1.305,10.44,8,2.0,20.0,,lmeds630,8676.0,,0.0,8.0,lmeds630,74.4,25.67,2432
band1,win2432_nfauto,dedode_L-C4-v2_G-C4,snn,0.957,5.74,6,1.0,9.0,,lmeds630,8678.0,,0.0,8.0,lmeds630,74.4,25.67,2432
band1,win2432_nfauto,keynet,nn,0.187,3.94,21,7.0,969.0,,magsac630,8681.0,,0.0,8.0,magsac630,75.0,3.89,2432
band1,win2432_nfauto,loftr,loftr_internal,0.603,12.67,21,8.0,766.0,,lmeds630,8685.0,,0.0,8.0,lmeds630,92.4,32.8,2432
band1,win2432_nfauto,imw-rord-nn-kt0p2-fm1,internal,2.683,40.24,15,8.0,370.0,,lmeds630,8687.0,,0.0,8.0,lmeds630,112.1,32.53,2432
band1,win2432_nfauto,imw-alike-nn-kt0p2-fm1-fsp1,internal,0.24,5.05,21,5.0,181.0,,lmeds630,8689.0,,0.0,8.0,lmeds630,13.2,2.14,2432
band1,win2432_nfauto,imw-alike-nn-kt0p2-fsp1,internal,0.203,4.27,21,5.0,181.0,,lmeds630,8692.0,,0.0,8.0,lmeds630,10.3,0.38,2432
band1,win2432_nfauto,imw-rdd-dense,internal,1.785,16.06,9,6.0,922.0,,lmeds630,8695.0,,0.0,8.0,lmeds630,25.5,32.65,2432
band1,win2560_nfauto,sift,lgm,0.34,2.38,7,1.0,191.0,,magsac630,8697.0,,0.0,8.0,lmeds630,43.2,1.72,2560
band1,win2560_nfauto,disk_epipolar,lgm,0.383,2.68,7,2.0,781.0,,lmeds630,8700.0,,0.0,8.0,lmeds630,25.5,0.76,2560
band1,win2560_nfauto,dedode_L-upright_B-upright,smnn0.9,7.009,49.06,7,2.0,22.0,,magsac630,8702.0,,0.0,8.0,lmeds630,203.7,32.93,2560
band1,win2560_nfauto,dedode_L-upright_B-upright,snn,0.635,3.81,6,4.0,243.0,,lmeds630,8704.0,,0.0,8.0,lmeds630,203.7,32.93,2560
band1,win2560_nfauto,dedode_L-upright_B-C4,smnn0.9,1.575,7.87,5,4.0,34.0,,magsac630,8706.0,,0.0,8.0,lmeds630,55.0,16.64,2560
band1,win2560_nfauto,dedode_L-upright_B-C4,snn,0.546,3.82,7,4.0,317.0,,lmeds630,8708.0,,0.0,8.0,lmeds630,55.0,16.64,2560
band1,win2560_nfauto,dedode_L-upright_G-C4,lgm,0.345,6.21,18,8.0,233.0,,lmeds630,8710.0,,0.0,8.0,lmeds630,125.0,33.47,2560
band1,win2560_nfauto,dedode_L-upright_G-C4,snn,1.859,5.58,3,2.0,26.0,,magsac630,8713.0,,0.0,8.0,lmeds630,125.0,33.47,2560
band1,win2560_nfauto,dedode_L-C4_B-upright,smnn0.9,0.848,4.24,5,3.0,43.0,,magsac630,8715.0,,0.0,8.0,lmeds630,52.1,9.17,2560
band1,win2560_nfauto,dedode_L-C4_B-upright,snn,0.636,3.82,6,4.0,180.0,,lmeds630,8717.0,,0.0,8.0,lmeds630,52.1,9.17,2560
band1,win2560_nfauto,dedode_L-C4_B-C4,snn,0.642,3.85,6,4.0,273.0,,lmeds630,8719.0,,0.0,8.0,lmeds630,51.6,8.24,2560
band1,win2560_nfauto,dedode_L-C4_G-C4,snn,1.932,5.8,3,1.0,45.0,,lmeds630,8722.0,,0.0,8.0,lmeds630,71.1,7.44,2560
band1,win2560_nfauto,dedode_L-C4-v2_B-upright,nn,0.259,5.44,21,2.0,143.0,,magsac630,8724.0,,0.0,8.0,magsac630,60.2,32.9,2560
band1,win2560_nfauto,dedode_L-C4-v2_B-upright,smnn0.9,0.888,10.65,12,5.0,216.0,,lmeds630,8725.0,,0.0,8.0,lmeds630,60.2,32.9,2560
band1,win2560_nfauto,dedode_L-C4-v2_B-upright,snn,0.79,3.95,5,5.0,182.0,,lmeds630,8727.0,,0.0,8.0,lmeds630,60.2,32.9,2560
band1,win2560_nfauto,dedode_L-C4-v2_B-C4,nn,0.252,5.29,21,3.0,5508.0,,lmeds630,8729.0,,0.0,8.0,lmeds630,53.3,9.62,2560
band1,win2560_nfauto,dedode_L-C4-v2_B-C4,smnn0.9,0.302,4.23,14,5.0,305.0,,lmeds630,8731.0,,0.0,8.0,lmeds630,53.3,9.62,2560
band1,win2560_nfauto,dedode_L-C4-v2_B-C4,snn,0.561,3.92,7,5.0,291.0,,lmeds630,8733.0,,0.0,8.0,lmeds630,53.3,9.62,2560
band1,win2560_nfauto,dedode_L-C4-v2_G-C4,smnn0.9,1.308,10.47,8,2.0,20.0,,lmeds630,8737.0,,0.0,8.0,lmeds630,75.7,25.67,2560
band1,win2560_nfauto,dedode_L-C4-v2_G-C4,snn,0.959,5.76,6,1.0,9.0,,lmeds630,8739.0,,0.0,8.0,lmeds630,75.7,25.67,2560
band1,win2560_nfauto,keynet,nn,0.185,3.88,21,7.0,969.0,,magsac630,8742.0,,0.0,8.0,magsac630,74.9,3.89,2560
band1,win2560_nfauto,imw-rord-nn-kt0p2-fm1,internal,2.606,39.08,15,8.0,362.0,,lmeds630,8747.0,,0.0,8.0,lmeds630,109.6,32.53,2560
band1,win2560_nfauto,imw-alike-nn-kt0p2-fm1-fsp1,internal,0.247,5.18,21,5.0,181.0,,lmeds630,8749.0,,0.0,8.0,lmeds630,13.5,2.14,2560
band1,win2560_nfauto,imw-alike-nn-kt0p2-fsp1,internal,0.209,4.39,21,5.0,181.0,,lmeds630,8752.0,,0.0,8.0,lmeds630,10.8,0.38,2560
band1,win2560_nfauto,imw-rdd-dense,internal,1.789,16.1,9,6.0,923.0,,lmeds630,8755.0,,0.0,8.0,lmeds630,38.2,32.65,2560
band1,win2688_nfauto,sift,lgm,0.352,2.47,7,1.0,191.0,,magsac630,8757.0,,0.0,8.0,lmeds630,43.6,1.72,2688
band1,win2688_nfauto,disk_epipolar,lgm,0.397,2.78,7,2.0,781.0,,lmeds630,8760.0,,0.0,8.0,lmeds630,26.5,0.76,2688
band1,win2688_nfauto,dedode_L-upright_B-upright,smnn0.9,7.121,49.84,7,2.0,22.0,,magsac630,8762.0,,0.0,8.0,lmeds630,206.7,32.93,2688
band1,win2688_nfauto,dedode_L-upright_B-upright,snn,0.647,3.88,6,4.0,243.0,,lmeds630,8764.0,,0.0,8.0,lmeds630,206.7,32.93,2688
band1,win2688_nfauto,dedode_L-upright_B-C4,smnn0.9,1.581,7.91,5,4.0,34.0,,magsac630,8766.0,,0.0,8.0,lmeds630,57.2,16.64,2688
band1,win2688_nfauto,dedode_L-upright_B-C4,snn,0.547,3.83,7,4.0,317.0,,lmeds630,8768.0,,0.0,8.0,lmeds630,57.2,16.64,2688
band1,win2688_nfauto,dedode_L-upright_G-C4,lgm,0.343,6.17,18,8.0,233.0,,lmeds630,8770.0,,0.0,8.0,lmeds630,124.2,33.47,2688
band1,win2688_nfauto,dedode_L-upright_G-C4,snn,1.858,5.57,3,2.0,26.0,,magsac630,8773.0,,0.0,8.0,lmeds630,124.2,33.47,2688
band1,win2688_nfauto,dedode_L-C4_B-upright,smnn0.9,0.848,4.24,5,3.0,43.0,,magsac630,8775.0,,0.0,8.0,lmeds630,51.3,9.17,2688
band1,win2688_nfauto,dedode_L-C4_B-upright,snn,0.637,3.82,6,4.0,180.0,,lmeds630,8777.0,,0.0,8.0,lmeds630,51.3,9.17,2688
band1,win2688_nfauto,dedode_L-C4_B-C4,snn,0.643,3.86,6,4.0,273.0,,lmeds630,8779.0,,0.0,8.0,lmeds630,50.8,8.24,2688
band1,win2688_nfauto,dedode_L-C4_G-C4,snn,1.854,5.56,3,1.0,45.0,,lmeds630,8782.0,,0.0,8.0,lmeds630,69.3,7.44,2688
band1,win2688_nfauto,dedode_L-C4-v2_B-upright,nn,0.258,5.42,21,1.0,100.0,,magsac630,8784.0,,0.0,8.0,magsac630,60.4,32.9,2688
band1,win2688_nfauto,dedode_L-C4-v2_B-upright,smnn0.9,0.887,10.65,12,5.0,216.0,,lmeds630,8785.0,,0.0,8.0,lmeds630,60.4,32.9,2688
band1,win2688_nfauto,dedode_L-C4-v2_B-upright,snn,0.783,3.92,5,5.0,182.0,,lmeds630,8787.0,,0.0,8.0,lmeds630,60.4,32.9,2688
band1,win2688_nfauto,dedode_L-C4-v2_B-C4,smnn0.9,0.307,4.3,14,5.0,305.0,,lmeds630,8790.0,,0.0,8.0,lmeds630,55.1,9.62,2688
band1,win2688_nfauto,dedode_L-C4-v2_B-C4,snn,0.568,3.98,7,5.0,291.0,,lmeds630,8792.0,,0.0,8.0,lmeds630,55.1,9.62,2688
band1,win2688_nfauto,dedode_L-C4-v2_G-C4,nn,0.357,7.5,21,2.0,168.0,,magsac630,8795.0,,0.0,8.0,magsac630,77.9,25.67,2688
band1,win2688_nfauto,dedode_L-C4-v2_G-C4,smnn0.9,1.306,10.45,8,2.0,20.0,,lmeds630,8796.0,,0.0,8.0,lmeds630,77.9,25.67,2688
band1,win2688_nfauto,dedode_L-C4-v2_G-C4,snn,0.959,5.75,6,1.0,9.0,,lmeds630,8798.0,,0.0,8.0,lmeds630,77.9,25.67,2688
band1,win2688_nfauto,keynet,nn,0.211,4.44,21,7.0,969.0,,magsac630,8801.0,,0.0,8.0,magsac630,81.5,3.89,2688
band1,win2688_nfauto,imw-rord-nn-kt0p2-fm1,internal,2.664,39.95,15,8.0,370.0,,lmeds630,8806.0,,0.0,8.0,lmeds630,110.8,32.53,2688
band1,win2688_nfauto,imw-alike-nn-kt0p2-fm1-fsp1,internal,0.244,5.12,21,5.0,182.0,,lmeds630,8808.0,,0.0,8.0,lmeds630,12.8,2.14,2688
band1,win2688_nfauto,imw-alike-nn-kt0p2-fsp1,internal,0.212,4.45,21,5.0,182.0,,lmeds630,8811.0,,0.0,8.0,lmeds630,10.8,0.38,2688
band1,win2688_nfauto,imw-rdd-dense,internal,1.818,16.36,9,6.0,924.0,,lmeds630,8814.0,,0.0,8.0,lmeds630,26.3,32.65,2688
band1,win2816_nfauto,sift,lgm,0.384,2.69,7,1.0,191.0,,magsac630,8816.0,,0.0,8.0,lmeds630,46.1,1.72,2816
band1,win2816_nfauto,disk_epipolar,lgm,0.403,2.82,7,2.0,778.0,,lmeds630,8819.0,,0.0,8.0,lmeds630,27.5,0.76,2816
band1,win2816_nfauto,dedode_L-upright_B-upright,smnn0.9,7.018,49.13,7,2.0,22.0,,magsac630,8821.0,,0.0,8.0,lmeds630,205.4,32.93,2816
band1,win2816_nfauto,dedode_L-upright_B-upright,snn,0.641,3.85,6,4.0,243.0,,lmeds630,8823.0,,0.0,8.0,lmeds630,205.4,32.93,2816
band1,win2816_nfauto,dedode_L-upright_B-C4,smnn0.9,1.587,7.94,5,4.0,34.0,,magsac630,8825.0,,0.0,8.0,lmeds630,54.8,16.64,2816
band1,win2816_nfauto,dedode_L-upright_B-C4,snn,0.549,3.84,7,4.0,317.0,,lmeds630,8827.0,,0.0,8.0,lmeds630,54.8,16.64,2816
band1,win2816_nfauto,dedode_L-upright_G-C4,lgm,0.343,6.18,18,8.0,233.0,,lmeds630,8829.0,,0.0,8.0,lmeds630,127.0,33.47,2816
band1,win2816_nfauto,dedode_L-upright_G-C4,snn,1.854,5.56,3,2.0,26.0,,magsac630,8832.0,,0.0,8.0,lmeds630,127.0,33.47,2816
band1,win2816_nfauto,dedode_L-C4_B-upright,smnn0.9,0.849,4.24,5,3.0,43.0,,magsac630,8834.0,,0.0,8.0,lmeds630,51.6,9.17,2816
band1,win2816_nfauto,dedode_L-C4_B-upright,snn,0.637,3.82,6,4.0,180.0,,lmeds630,8836.0,,0.0,8.0,lmeds630,51.6,9.17,2816
band1,win2816_nfauto,dedode_L-C4_B-C4,snn,0.636,3.82,6,4.0,273.0,,lmeds630,8838.0,,0.0,8.0,lmeds630,50.8,8.24,2816
band1,win2816_nfauto,dedode_L-C4_G-C4,snn,1.853,5.56,3,1.0,45.0,,lmeds630,8841.0,,0.0,8.0,lmeds630,68.8,7.44,2816
band1,win2816_nfauto,dedode_L-C4-v2_B-upright,nn,0.246,5.16,21,2.0,143.0,,magsac630,8843.0,,0.0,8.0,magsac630,68.8,32.9,2816
band1,win2816_nfauto,dedode_L-C4-v2_B-upright,smnn0.9,0.875,10.5,12,5.0,216.0,,lmeds630,8844.0,,0.0,8.0,lmeds630,68.8,32.9,2816
band1,win2816_nfauto,dedode_L-C4-v2_B-upright,snn,0.771,3.85,5,5.0,182.0,,lmeds630,8846.0,,0.0,8.0,lmeds630,68.8,32.9,2816
band1,win2816_nfauto,dedode_L-C4-v2_B-C4,nn,0.255,5.36,21,3.0,5506.0,,lmeds630,8848.0,,0.0,8.0,lmeds630,53.1,9.62,2816
band1,win2816_nfauto,dedode_L-C4-v2_B-C4,smnn0.9,0.303,4.24,14,5.0,305.0,,lmeds630,8850.0,,0.0,8.0,lmeds630,53.1,9.62,2816
band1,win2816_nfauto,dedode_L-C4-v2_B-C4,snn,0.557,3.9,7,5.0,291.0,,lmeds630,8852.0,,0.0,8.0,lmeds630,53.1,9.62,2816
band1,win2816_nfauto,dedode_L-C4-v2_G-C4,smnn0.9,1.319,10.56,8,2.0,20.0,,lmeds630,8856.0,,0.0,8.0,lmeds630,78.2,25.67,2816
band1,win2816_nfauto,dedode_L-C4-v2_G-C4,snn,0.97,5.82,6,1.0,9.0,,lmeds630,8858.0,,0.0,8.0,lmeds630,78.2,25.67,2816
band1,win2816_nfauto,keynet,nn,0.183,3.85,21,7.0,969.0,,magsac630,8861.0,,0.0,8.0,magsac630,75.0,3.89,2816
band1,win2816_nfauto,imw-rord-nn-kt0p2-fm1,internal,2.688,40.32,15,8.0,370.0,,lmeds630,8866.0,,0.0,8.0,lmeds630,110.6,32.53,2816
band1,win2816_nfauto,imw-alike-nn-kt0p2-fm1-fsp1,internal,0.278,5.84,21,7.0,194.0,,lmeds630,8868.0,,0.0,8.0,lmeds630,13.6,2.14,2816
band1,win2816_nfauto,imw-alike-nn-kt0p2-fsp1,internal,0.241,5.06,21,7.0,194.0,,lmeds630,8871.0,,0.0,8.0,lmeds630,11.7,0.38,2816
band1,win2816_nfauto,imw-rdd-dense,internal,1.794,16.14,9,6.0,926.0,,lmeds630,8874.0,,0.0,8.0,lmeds630,25.9,32.65,2816
band1,win2944_nfauto,sift,lgm,0.4,2.8,7,1.0,191.0,,magsac630,8876.0,,0.0,8.0,lmeds630,46.4,1.72,2944
band1,win2944_nfauto,disk_epipolar,lgm,0.389,2.72,7,2.0,781.0,,lmeds630,8879.0,,0.0,8.0,lmeds630,26.2,0.76,2944
band1,win2944_nfauto,dedode_L-upright_B-upright,smnn0.9,7.019,49.13,7,2.0,22.0,,magsac630,8881.0,,0.0,8.0,lmeds630,203.9,32.93,2944
band1,win2944_nfauto,dedode_L-upright_B-upright,snn,0.641,3.85,6,4.0,243.0,,lmeds630,8883.0,,0.0,8.0,lmeds630,203.9,32.93,2944
band1,win2944_nfauto,dedode_L-upright_B-C4,smnn0.9,1.576,7.88,5,4.0,38.0,,magsac630,8885.0,,0.0,8.0,lmeds630,54.6,16.64,2944
band1,win2944_nfauto,dedode_L-upright_B-C4,snn,0.546,3.82,7,4.0,317.0,,lmeds630,8887.0,,0.0,8.0,lmeds630,54.6,16.64,2944
band1,win2944_nfauto,dedode_L-upright_G-C4,lgm,0.34,6.12,18,8.0,233.0,,lmeds630,8889.0,,0.0,8.0,lmeds630,123.1,33.47,2944
band1,win2944_nfauto,dedode_L-upright_G-C4,snn,1.851,5.55,3,2.0,26.0,,magsac630,8891.0,,0.0,8.0,lmeds630,123.1,33.47,2944
band1,win2944_nfauto,dedode_L-C4_B-upright,smnn0.9,0.838,4.19,5,3.0,43.0,,magsac630,8893.0,,0.0,8.0,lmeds630,59.4,9.17,2944
band1,win2944_nfauto,dedode_L-C4_B-upright,snn,0.635,3.81,6,4.0,180.0,,lmeds630,8895.0,,0.0,8.0,lmeds630,59.4,9.17,2944
band1,win2944_nfauto,dedode_L-C4_B-C4,snn,0.636,3.81,6,4.0,273.0,,lmeds630,8897.0,,0.0,8.0,lmeds630,50.0,8.24,2944
band1,win2944_nfauto,dedode_L-C4_G-C4,snn,1.845,5.53,3,1.0,45.0,,lmeds630,8900.0,,0.0,8.0,lmeds630,68.0,7.44,2944
band1,win2944_nfauto,dedode_L-C4-v2_B-upright,nn,0.25,5.25,21,2.0,143.0,,magsac630,8902.0,,0.0,8.0,magsac630,58.4,32.9,2944
band1,win2944_nfauto,dedode_L-C4-v2_B-upright,smnn0.9,0.876,10.52,12,5.0,216.0,,lmeds630,8903.0,,0.0,8.0,lmeds630,58.4,32.9,2944
band1,win2944_nfauto,dedode_L-C4-v2_B-upright,snn,0.773,3.86,5,5.0,183.0,,lmeds630,8905.0,,0.0,8.0,lmeds630,58.4,32.9,2944
band1,win2944_nfauto,dedode_L-C4-v2_B-C4,nn,0.245,5.15,21,3.0,5508.0,,lmeds630,8907.0,,0.0,8.0,lmeds630,51.6,9.62,2944
band1,win2944_nfauto,dedode_L-C4-v2_B-C4,smnn0.9,0.296,4.14,14,5.0,307.0,,lmeds630,8909.0,,0.0,8.0,lmeds630,51.6,9.62,2944
band1,win2944_nfauto,dedode_L-C4-v2_B-C4,snn,0.55,3.85,7,5.0,293.0,,lmeds630,8911.0,,0.0,8.0,lmeds630,51.6,9.62,2944
band1,win2944_nfauto,dedode_L-C4-v2_G-C4,smnn0.9,1.317,10.53,8,2.0,20.0,,lmeds630,8915.0,,0.0,8.0,lmeds630,76.2,25.67,2944
band1,win2944_nfauto,dedode_L-C4-v2_G-C4,snn,0.973,5.84,6,1.0,9.0,,lmeds630,8917.0,,0.0,8.0,lmeds630,76.2,25.67,2944
band1,win2944_nfauto,keynet,nn,0.188,3.94,21,7.0,969.0,,magsac630,8920.0,,0.0,8.0,magsac630,75.1,3.89,2944
band1,win2944_nfauto,loftr,loftr_internal,0.603,12.66,21,8.0,766.0,,lmeds630,8924.0,,0.0,8.0,lmeds630,92.4,32.8,2944
band1,win2944_nfauto,imw-rord-nn-kt0p2-fm1,internal,2.674,40.1,15,8.0,370.0,,lmeds630,8926.0,,0.0,8.0,lmeds630,110.6,32.53,2944
band1,win3072_nfauto,sift,lgm,0.351,2.46,7,1.0,191.0,,magsac630,8933.0,,0.0,8.0,lmeds630,43.7,1.72,3072
band1,win3072_nfauto,disk_epipolar,lgm,0.386,2.7,7,2.0,781.0,,lmeds630,8936.0,,0.0,8.0,lmeds630,25.5,0.76,3072
band1,win3072_nfauto,dedode_L-upright_B-upright,smnn0.9,7.079,49.56,7,2.0,22.0,,magsac630,8938.0,,0.0,8.0,lmeds630,206.0,32.93,3072
band1,win3072_nfauto,dedode_L-upright_B-upright,snn,0.636,3.81,6,4.0,243.0,,lmeds630,8940.0,,0.0,8.0,lmeds630,206.0,32.93,3072
band1,win3072_nfauto,dedode_L-upright_B-C4,smnn0.9,1.574,7.87,5,4.0,34.0,,magsac630,8942.0,,0.0,8.0,lmeds630,55.5,16.64,3072
band1,win3072_nfauto,dedode_L-upright_B-C4,snn,0.545,3.82,7,4.0,317.0,,lmeds630,8944.0,,0.0,8.0,lmeds630,55.5,16.64,3072
band1,win3072_nfauto,dedode_L-upright_G-C4,lgm,0.341,6.14,18,8.0,233.0,,lmeds630,8946.0,,0.0,8.0,lmeds630,123.2,33.47,3072
band1,win3072_nfauto,dedode_L-upright_G-C4,snn,1.855,5.57,3,2.0,26.0,,magsac630,8949.0,,0.0,8.0,lmeds630,123.2,33.47,3072
band1,win3072_nfauto,dedode_L-C4_B-upright,smnn0.9,0.85,4.25,5,3.0,43.0,,magsac630,8951.0,,0.0,8.0,lmeds630,50.6,9.17,3072
band1,win3072_nfauto,dedode_L-C4_B-upright,snn,0.644,3.86,6,4.0,180.0,,lmeds630,8953.0,,0.0,8.0,lmeds630,50.6,9.17,3072
band1,win3072_nfauto,dedode_L-C4_B-C4,snn,0.633,3.8,6,4.0,273.0,,lmeds630,8955.0,,0.0,8.0,lmeds630,52.1,8.24,3072
band1,win3072_nfauto,dedode_L-C4_G-C4,snn,1.851,5.55,3,1.0,45.0,,lmeds630,8958.0,,0.0,8.0,lmeds630,67.4,7.44,3072
band1,win3072_nfauto,dedode_L-C4-v2_B-upright,nn,0.245,5.15,21,2.0,143.0,,magsac630,8960.0,,0.0,8.0,magsac630,58.9,32.9,3072
band1,win3072_nfauto,dedode_L-C4-v2_B-upright,smnn0.9,0.876,10.51,12,5.0,216.0,,lmeds630,8961.0,,0.0,8.0,lmeds630,58.9,32.9,3072
band1,win3072_nfauto,dedode_L-C4-v2_B-upright,snn,0.771,3.85,5,5.0,182.0,,lmeds630,8963.0,,0.0,8.0,lmeds630,58.9,32.9,3072
band1,win3072_nfauto,dedode_L-C4-v2_B-C4,nn,0.245,5.14,21,3.0,5506.0,,lmeds630,8965.0,,0.0,8.0,lmeds630,51.8,9.62,3072
band1,win3072_nfauto,dedode_L-C4-v2_B-C4,smnn0.9,0.295,4.13,14,5.0,305.0,,lmeds630,8967.0,,0.0,8.0,lmeds630,51.8,9.62,3072
band1,win3072_nfauto,dedode_L-C4-v2_B-C4,snn,0.549,3.84,7,5.0,291.0,,lmeds630,8969.0,,0.0,8.0,lmeds630,51.8,9.62,3072
band1,win3072_nfauto,dedode_L-C4-v2_G-C4,smnn0.9,1.312,10.5,8,2.0,20.0,,lmeds630,8973.0,,0.0,8.0,lmeds630,75.3,25.67,3072
band1,win3072_nfauto,dedode_L-C4-v2_G-C4,snn,0.963,5.78,6,1.0,9.0,,lmeds630,8975.0,,0.0,8.0,lmeds630,75.3,25.67,3072
band1,win3072_nfauto,keynet,nn,0.187,3.92,21,7.0,969.0,,magsac630,8978.0,,0.0,8.0,magsac630,74.7,3.89,3072
band1,win3072_nfauto,imw-rord-nn-kt0p2-fm1,internal,2.699,40.48,15,8.0,363.0,,lmeds630,8983.0,,0.0,8.0,lmeds630,110.9,32.53,3072
band1,win3072_nfauto,imw-alike-nn-kt0p2-fm1-fsp1,internal,0.328,6.9,21,5.0,182.0,,lmeds630,8985.0,,0.0,8.0,lmeds630,14.7,2.14,3072
band1,win3072_nfauto,imw-alike-nn-kt0p2-fsp1,internal,0.237,4.98,21,5.0,182.0,,lmeds630,8988.0,,0.0,8.0,lmeds630,14.0,0.38,3072
band1,win3072_nfauto,imw-rdd-dense,internal,1.793,16.14,9,6.0,924.0,,lmeds630,8991.0,,0.0,8.0,lmeds630,26.3,32.65,3072
band1,win3200_nfauto,sift,lgm,0.406,2.84,7,1.0,191.0,,magsac630,8993.0,,0.0,8.0,lmeds630,46.3,1.72,3200
band1,win3200_nfauto,disk_epipolar,lgm,0.388,2.72,7,2.0,781.0,,lmeds630,8996.0,,0.0,8.0,lmeds630,25.9,0.76,3200
band1,win3200_nfauto,dedode_L-upright_B-upright,smnn0.9,7.054,49.38,7,2.0,18.0,,lmeds630,8998.0,,0.0,8.0,lmeds630,205.9,32.93,3200
band1,win3200_nfauto,dedode_L-upright_B-upright,snn,0.64,3.84,6,4.0,244.0,,lmeds630,9000.0,,0.0,8.0,lmeds630,205.9,32.93,3200
band1,win3200_nfauto,dedode_L-upright_B-C4,smnn0.9,1.604,8.02,5,4.0,34.0,,magsac630,9002.0,,0.0,8.0,lmeds630,56.0,16.64,3200
band1,win3200_nfauto,dedode_L-upright_B-C4,snn,0.562,3.93,7,4.0,316.0,,lmeds630,9004.0,,0.0,8.0,lmeds630,56.0,16.64,3200
band1,win3200_nfauto,dedode_L-upright_G-C4,lgm,0.349,6.28,18,8.0,233.0,,lmeds630,9006.0,,0.0,8.0,lmeds630,127.0,33.47,3200
band1,win3200_nfauto,dedode_L-upright_G-C4,snn,1.888,5.66,3,2.0,26.0,,magsac630,9009.0,,0.0,8.0,lmeds630,127.0,33.47,3200
band1,win3200_nfauto,dedode_L-C4_B-upright,smnn0.9,0.868,4.34,5,3.0,45.0,,magsac630,9011.0,,0.0,8.0,lmeds630,53.9,9.17,3200
band1,win3200_nfauto,dedode_L-C4_B-upright,snn,0.654,3.92,6,4.0,180.0,,lmeds630,9013.0,,0.0,8.0,lmeds630,53.9,9.17,3200
band1,win3200_nfauto,dedode_L-C4_B-C4,snn,0.668,4.01,6,4.0,273.0,,lmeds630,9015.0,,0.0,8.0,lmeds630,52.8,8.24,3200
band1,win3200_nfauto,dedode_L-C4_G-C4,snn,1.888,5.66,3,1.0,45.0,,lmeds630,9018.0,,0.0,8.0,lmeds630,69.9,7.44,3200
band1,win3200_nfauto,dedode_L-C4-v2_B-upright,smnn0.9,0.887,10.65,12,5.0,216.0,,lmeds630,9021.0,,0.0,8.0,lmeds630,60.1,32.9,3200
band1,win3200_nfauto,dedode_L-C4-v2_B-upright,snn,0.79,3.95,5,5.0,182.0,,lmeds630,9023.0,,0.0,8.0,lmeds630,60.1,32.9,3200
band1,win3200_nfauto,dedode_L-C4-v2_B-C4,nn,0.258,5.42,21,3.0,5508.0,,lmeds630,9025.0,,0.0,8.0,lmeds630,53.8,9.63,3200
band1,win3200_nfauto,dedode_L-C4-v2_B-C4,smnn0.9,0.305,4.27,14,5.0,305.0,,lmeds630,9026.0,,0.0,8.0,lmeds630,53.8,9.63,3200
band1,win3200_nfauto,dedode_L-C4-v2_B-C4,snn,0.564,3.95,7,5.0,287.0,,lmeds630,9028.0,,0.0,8.0,lmeds630,53.8,9.63,3200
band1,win3200_nfauto,dedode_L-C4-v2_G-C4,smnn0.9,1.322,10.57,8,2.0,20.0,,lmeds630,9032.0,,0.0,8.0,lmeds630,78.6,25.67,3200
band1,win3200_nfauto,dedode_L-C4-v2_G-C4,snn,0.974,5.85,6,1.0,9.0,,lmeds630,9034.0,,0.0,8.0,lmeds630,78.6,25.67,3200
band1,win3200_nfauto,keynet,nn,0.182,3.83,21,7.0,1007.0,,magsac630,9037.0,,0.0,8.0,magsac630,74.7,3.89,3200
band1,win3200_nfauto,imw-rord-nn-kt0p2-fm1,internal,2.648,39.72,15,8.0,362.0,,lmeds630,9042.0,,0.0,8.0,lmeds630,110.6,32.53,3200
band1,win3200_nfauto,imw-rdd-dense,internal,1.813,16.32,9,6.0,925.0,,lmeds630,9048.0,,0.0,8.0,lmeds630,26.6,32.65,3200
band1,win3328_nfauto,sift,lgm,0.352,2.47,7,1.0,191.0,,magsac630,9050.0,,0.0,8.0,lmeds630,44.1,1.72,3328
band1,win3328_nfauto,disk_epipolar,lgm,0.418,2.93,7,2.0,781.0,,lmeds630,9053.0,,0.0,8.0,lmeds630,27.5,0.76,3328
band1,win3328_nfauto,dedode_L-upright_B-upright,smnn0.9,7.063,49.44,7,2.0,22.0,,magsac630,9055.0,,0.0,8.0,lmeds630,205.6,32.93,3328
band1,win3328_nfauto,dedode_L-upright_B-upright,snn,0.639,3.83,6,4.0,243.0,,lmeds630,9057.0,,0.0,8.0,lmeds630,205.6,32.93,3328
band1,win3328_nfauto,dedode_L-upright_B-C4,smnn0.9,1.582,7.91,5,4.0,38.0,,magsac630,9059.0,,0.0,8.0,lmeds630,54.7,16.64,3328
band1,win3328_nfauto,dedode_L-upright_B-C4,snn,0.546,3.82,7,4.0,317.0,,lmeds630,9061.0,,0.0,8.0,lmeds630,54.7,16.64,3328
band1,win3328_nfauto,dedode_L-upright_G-C4,lgm,0.343,6.17,18,8.0,233.0,,lmeds630,9063.0,,0.0,8.0,lmeds630,124.2,33.47,3328
band1,win3328_nfauto,dedode_L-upright_G-C4,snn,1.85,5.55,3,2.0,26.0,,magsac630,9065.0,,0.0,8.0,lmeds630,124.2,33.47,3328
band1,win3328_nfauto,dedode_L-C4_B-upright,smnn0.9,0.852,4.26,5,3.0,43.0,,magsac630,9067.0,,0.0,8.0,lmeds630,52.8,9.17,3328
band1,win3328_nfauto,dedode_L-C4_B-upright,snn,0.64,3.84,6,4.0,180.0,,lmeds630,9069.0,,0.0,8.0,lmeds630,52.8,9.17,3328
band1,win3328_nfauto,dedode_L-C4_B-C4,snn,0.644,3.86,6,4.0,273.0,,lmeds630,9071.0,,0.0,8.0,lmeds630,51.7,8.24,3328
band1,win3328_nfauto,dedode_L-C4_G-C4,snn,1.846,5.54,3,1.0,45.0,,lmeds630,9074.0,,0.0,8.0,lmeds630,68.1,7.44,3328
band1,win3328_nfauto,dedode_L-C4-v2_B-upright,nn,0.248,5.21,21,2.0,143.0,,magsac630,9076.0,,0.0,8.0,magsac630,59.4,32.9,3328
band1,win3328_nfauto,dedode_L-C4-v2_B-upright,smnn0.9,0.876,10.52,12,5.0,216.0,,lmeds630,9077.0,,0.0,8.0,lmeds630,59.4,32.9,3328
band1,win3328_nfauto,dedode_L-C4-v2_B-upright,snn,0.768,3.84,5,5.0,183.0,,lmeds630,9079.0,,0.0,8.0,lmeds630,59.4,32.9,3328
band1,win3328_nfauto,dedode_L-C4-v2_B-C4,nn,0.248,5.22,21,3.0,5508.0,,lmeds630,9081.0,,0.0,8.0,lmeds630,52.9,9.62,3328
band1,win3328_nfauto,dedode_L-C4-v2_B-C4,smnn0.9,0.296,4.14,14,5.0,307.0,,lmeds630,9083.0,,0.0,8.0,lmeds630,52.9,9.62,3328
band1,win3328_nfauto,dedode_L-C4-v2_B-C4,snn,0.549,3.84,7,5.0,293.0,,lmeds630,9085.0,,0.0,8.0,lmeds630,52.9,9.62,3328
band1,win3328_nfauto,dedode_L-C4-v2_G-C4,smnn0.9,1.308,10.46,8,2.0,20.0,,lmeds630,9089.0,,0.0,8.0,lmeds630,75.4,25.67,3328
band1,win3328_nfauto,dedode_L-C4-v2_G-C4,snn,0.957,5.74,6,1.0,9.0,,lmeds630,9091.0,,0.0,8.0,lmeds630,75.4,25.67,3328
band1,win3328_nfauto,keynet,nn,0.187,3.93,21,7.0,1007.0,,magsac630,9094.0,,0.0,8.0,magsac630,75.1,3.89,3328
band1,win3328_nfauto,imw-rord-nn-kt0p2-fm1,internal,2.676,40.14,15,8.0,362.0,,lmeds630,9099.0,,0.0,8.0,lmeds630,110.7,32.53,3328
band1,win3328_nfauto,imw-alike-nn-kt0p2-fm1-fsp1,internal,0.24,5.03,21,5.0,180.0,,lmeds630,9101.0,,0.0,8.0,lmeds630,12.6,2.14,3328
band1,win3328_nfauto,imw-alike-nn-kt0p2-fsp1,internal,0.203,4.26,21,5.0,180.0,,lmeds630,9104.0,,0.0,8.0,lmeds630,10.4,0.38,3328
band1,win3328_nfauto,imw-rdd-dense,internal,1.806,16.26,9,6.0,924.0,,lmeds630,9107.0,,0.0,8.0,lmeds630,26.2,32.65,3328
band1,win3456_nfauto,sift,lgm,0.338,2.36,7,1.0,191.0,,magsac630,9109.0,,0.0,8.0,lmeds630,43.1,1.72,3456
band1,win3456_nfauto,disk_epipolar,lgm,0.383,2.68,7,2.0,781.0,,lmeds630,9112.0,,0.0,8.0,lmeds630,25.6,0.76,3456
band1,win3456_nfauto,dedode_L-upright_B-upright,smnn0.9,7.072,49.51,7,2.0,22.0,,magsac630,9114.0,,0.0,8.0,lmeds630,203.7,32.93,3456
band1,win3456_nfauto,dedode_L-upright_B-upright,snn,0.632,3.79,6,4.0,243.0,,lmeds630,9116.0,,0.0,8.0,lmeds630,203.7,32.93,3456
band1,win3456_nfauto,dedode_L-upright_B-C4,smnn0.9,1.579,7.9,5,4.0,38.0,,magsac630,9118.0,,0.0,8.0,lmeds630,55.0,16.64,3456
band1,win3456_nfauto,dedode_L-upright_B-C4,snn,0.552,3.86,7,4.0,317.0,,lmeds630,9120.0,,0.0,8.0,lmeds630,55.0,16.64,3456
band1,win3456_nfauto,dedode_L-upright_G-C4,lgm,0.339,6.1,18,8.0,233.0,,lmeds630,9122.0,,0.0,8.0,lmeds630,122.6,33.47,3456
band1,win3456_nfauto,dedode_L-upright_G-C4,snn,1.848,5.54,3,2.0,26.0,,magsac630,9124.0,,0.0,8.0,lmeds630,122.6,33.47,3456
band1,win3456_nfauto,dedode_L-C4_B-upright,smnn0.9,0.853,4.26,5,3.0,43.0,,magsac630,9126.0,,0.0,8.0,lmeds630,51.5,9.17,3456
band1,win3456_nfauto,dedode_L-C4_B-upright,snn,0.642,3.85,6,4.0,180.0,,lmeds630,9128.0,,0.0,8.0,lmeds630,51.5,9.17,3456
band1,win3456_nfauto,dedode_L-C4_B-C4,snn,0.641,3.85,6,4.0,273.0,,lmeds630,9130.0,,0.0,8.0,lmeds630,52.9,8.24,3456
band1,win3456_nfauto,dedode_L-C4_G-C4,snn,1.873,5.62,3,1.0,45.0,,lmeds630,9133.0,,0.0,8.0,lmeds630,70.3,7.44,3456
band1,win3456_nfauto,dedode_L-C4-v2_B-upright,nn,0.259,5.43,21,2.0,143.0,,magsac630,9135.0,,0.0,8.0,magsac630,59.9,32.9,3456
band1,win3456_nfauto,dedode_L-C4-v2_B-upright,smnn0.9,0.888,10.65,12,5.0,216.0,,lmeds630,9136.0,,0.0,8.0,lmeds630,59.9,32.9,3456
band1,win3456_nfauto,dedode_L-C4-v2_B-upright,snn,0.782,3.91,5,5.0,183.0,,lmeds630,9138.0,,0.0,8.0,lmeds630,59.9,32.9,3456
band1,win3456_nfauto,dedode_L-C4-v2_B-C4,nn,0.252,5.3,21,3.0,5506.0,,lmeds630,9140.0,,0.0,8.0,lmeds630,68.1,9.62,3456
band1,win3456_nfauto,dedode_L-C4-v2_B-C4,smnn0.9,0.299,4.19,14,5.0,307.0,,lmeds630,9142.0,,0.0,8.0,lmeds630,68.1,9.62,3456
band1,win3456_nfauto,dedode_L-C4-v2_B-C4,snn,0.552,3.86,7,5.0,293.0,,lmeds630,9144.0,,0.0,8.0,lmeds630,68.1,9.62,3456
band1,win3456_nfauto,dedode_L-C4-v2_G-C4,smnn0.9,1.328,10.62,8,2.0,20.0,,lmeds630,9148.0,,0.0,8.0,lmeds630,78.4,25.67,3456
band1,win3456_nfauto,dedode_L-C4-v2_G-C4,snn,0.972,5.83,6,1.0,9.0,,lmeds630,9150.0,,0.0,8.0,lmeds630,78.4,25.67,3456
band1,win3456_nfauto,keynet,nn,0.181,3.8,21,7.0,969.0,,magsac630,9153.0,,0.0,8.0,magsac630,75.4,3.89,3456
band1,win3456_nfauto,loftr,loftr_internal,0.603,12.67,21,8.0,766.0,,lmeds630,9157.0,,0.0,8.0,lmeds630,92.4,32.8,3456
band1,win3456_nfauto,imw-rord-nn-kt0p2-fm1,internal,2.636,39.55,15,8.0,370.0,,lmeds630,9159.0,,0.0,8.0,lmeds630,110.5,32.53,3456
band1,win3456_nfauto,imw-alike-nn-kt0p2-fm1-fsp1,internal,0.247,5.18,21,5.0,182.0,,lmeds630,9161.0,,0.0,8.0,lmeds630,13.1,2.14,3456
band1,win3456_nfauto,imw-alike-nn-kt0p2-fsp1,internal,0.207,4.36,21,5.0,182.0,,lmeds630,9163.0,,0.0,8.0,lmeds630,10.7,0.38,3456
band1,win3456_nfauto,imw-rdd-dense,internal,1.798,16.19,9,6.0,921.0,,lmeds630,9165.0,,0.0,8.0,lmeds630,26.3,32.65,3456
band1,win3584_nfauto,sift,lgm,0.338,2.36,7,1.0,191.0,,magsac630,9167.0,,0.0,8.0,lmeds630,43.4,1.72,3584
band1,win3584_nfauto,disk_epipolar,lgm,0.387,2.71,7,2.0,781.0,,lmeds630,9170.0,,0.0,8.0,lmeds630,26.5,0.76,3584
band1,win3584_nfauto,dedode_L-upright_B-upright,smnn0.9,7.031,49.21,7,2.0,18.0,,lmeds630,9172.0,,0.0,8.0,lmeds630,205.5,32.93,3584
band1,win3584_nfauto,dedode_L-upright_B-upright,snn,0.645,3.87,6,4.0,244.0,,lmeds630,9174.0,,0.0,8.0,lmeds630,205.5,32.93,3584
band1,win3584_nfauto,dedode_L-upright_B-C4,smnn0.9,1.612,8.06,5,4.0,34.0,,magsac630,9176.0,,0.0,8.0,lmeds630,57.8,16.64,3584
band1,win3584_nfauto,dedode_L-upright_B-C4,snn,0.568,3.98,7,4.0,316.0,,lmeds630,9178.0,,0.0,8.0,lmeds630,57.8,16.64,3584
band1,win3584_nfauto,dedode_L-upright_G-C4,lgm,0.344,6.19,18,8.0,233.0,,lmeds630,9180.0,,0.0,8.0,lmeds630,124.3,33.47,3584
band1,win3584_nfauto,dedode_L-upright_G-C4,snn,1.86,5.58,3,2.0,26.0,,magsac630,9183.0,,0.0,8.0,lmeds630,124.3,33.47,3584
band1,win3584_nfauto,dedode_L-C4_B-upright,smnn0.9,0.843,4.21,5,3.0,45.0,,magsac630,9185.0,,0.0,8.0,lmeds630,50.4,9.17,3584
band1,win3584_nfauto,dedode_L-C4_B-upright,snn,0.634,3.81,6,4.0,180.0,,lmeds630,9187.0,,0.0,8.0,lmeds630,50.4,9.17,3584
band1,win3584_nfauto,dedode_L-C4_B-C4,snn,0.667,4.0,6,4.0,273.0,,lmeds630,9189.0,,0.0,8.0,lmeds630,54.3,8.24,3584
band1,win3584_nfauto,dedode_L-C4_G-C4,snn,1.858,5.57,3,1.0,45.0,,lmeds630,9192.0,,0.0,8.0,lmeds630,68.2,7.44,3584
band1,win3584_nfauto,dedode_L-C4-v2_B-upright,smnn0.9,0.881,10.57,12,5.0,216.0,,lmeds630,9195.0,,0.0,8.0,lmeds630,61.9,32.9,3584
band1,win3584_nfauto,dedode_L-C4-v2_B-upright,snn,0.774,3.87,5,5.0,182.0,,lmeds630,9197.0,,0.0,8.0,lmeds630,61.9,32.9,3584
band1,win3584_nfauto,dedode_L-C4-v2_B-C4,nn,0.255,5.35,21,3.0,5508.0,,lmeds630,9199.0,,0.0,8.0,lmeds630,52.8,9.63,3584
band1,win3584_nfauto,dedode_L-C4-v2_B-C4,smnn0.9,0.299,4.18,14,5.0,305.0,,lmeds630,9200.0,,0.0,8.0,lmeds630,52.8,9.63,3584
band1,win3584_nfauto,dedode_L-C4-v2_B-C4,snn,0.553,3.87,7,5.0,287.0,,lmeds630,9202.0,,0.0,8.0,lmeds630,52.8,9.63,3584
band1,win3584_nfauto,dedode_L-C4-v2_G-C4,smnn0.9,1.309,10.48,8,2.0,20.0,,lmeds630,9206.0,,0.0,8.0,lmeds630,75.6,25.67,3584
band1,win3584_nfauto,dedode_L-C4-v2_G-C4,snn,0.958,5.75,6,1.0,9.0,,lmeds630,9208.0,,0.0,8.0,lmeds630,75.6,25.67,3584
band1,win3584_nfauto,keynet,nn,0.191,4.0,21,7.0,1007.0,,magsac630,9211.0,,0.0,8.0,magsac630,75.5,3.89,3584
band1,win3584_nfauto,imw-rord-nn-kt0p2-fm1,internal,2.683,40.25,15,8.0,370.0,,lmeds630,9216.0,,0.0,8.0,lmeds630,110.9,32.53,3584
band1,win3584_nfauto,imw-rdd-dense,internal,1.814,16.33,9,6.0,924.0,,lmeds630,9222.0,,0.0,8.0,lmeds630,26.4,32.65,3584
band1,win3712_nfauto,sift,lgm,0.4,2.8,7,1.0,191.0,,magsac630,9224.0,,0.0,8.0,lmeds630,47.5,1.72,3712
band1,win3712_nfauto,disk_epipolar,lgm,0.386,2.7,7,2.0,781.0,,lmeds630,9227.0,,0.0,8.0,lmeds630,25.6,0.76,3712
band1,win3712_nfauto,dedode_L-upright_B-upright,smnn0.9,7.014,49.1,7,2.0,22.0,,magsac630,9229.0,,0.0,8.0,lmeds630,205.3,32.93,3712
band1,win3712_nfauto,dedode_L-upright_B-upright,snn,0.635,3.81,6,4.0,243.0,,lmeds630,9231.0,,0.0,8.0,lmeds630,205.3,32.93,3712
band1,win3712_nfauto,dedode_L-upright_B-C4,smnn0.9,1.579,7.9,5,4.0,38.0,,magsac630,9233.0,,0.0,8.0,lmeds630,55.7,16.64,3712
band1,win3712_nfauto,dedode_L-upright_B-C4,snn,0.546,3.83,7,4.0,317.0,,lmeds630,9235.0,,0.0,8.0,lmeds630,55.7,16.64,3712
band1,win3712_nfauto,dedode_L-upright_G-C4,lgm,0.347,6.24,18,8.0,233.0,,lmeds630,9237.0,,0.0,8.0,lmeds630,124.6,33.47,3712
band1,win3712_nfauto,dedode_L-upright_G-C4,snn,1.881,5.64,3,2.0,26.0,,magsac630,9239.0,,0.0,8.0,lmeds630,124.6,33.47,3712
band1,win3712_nfauto,dedode_L-C4_B-upright,smnn0.9,0.861,4.31,5,3.0,43.0,,magsac630,9241.0,,0.0,8.0,lmeds630,52.5,9.17,3712
band1,win3712_nfauto,dedode_L-C4_B-upright,snn,0.651,3.91,6,4.0,180.0,,lmeds630,9243.0,,0.0,8.0,lmeds630,52.5,9.17,3712
band1,win3712_nfauto,dedode_L-C4_B-C4,snn,0.652,3.91,6,4.0,273.0,,lmeds630,9245.0,,0.0,8.0,lmeds630,52.3,8.24,3712
band1,win3712_nfauto,dedode_L-C4_G-C4,snn,1.883,5.65,3,1.0,45.0,,lmeds630,9249.0,,0.0,8.0,lmeds630,70.4,7.44,3712
band1,win3712_nfauto,dedode_L-C4-v2_B-upright,nn,0.254,5.34,21,1.0,157.0,,magsac630,9251.0,,0.0,8.0,magsac630,60.3,32.9,3712
band1,win3712_nfauto,dedode_L-C4-v2_B-upright,smnn0.9,0.887,10.65,12,5.0,216.0,,lmeds630,9252.0,,0.0,8.0,lmeds630,60.3,32.9,3712
band1,win3712_nfauto,dedode_L-C4-v2_B-upright,snn,0.789,3.95,5,5.0,183.0,,lmeds630,9254.0,,0.0,8.0,lmeds630,60.3,32.9,3712
band1,win3712_nfauto,dedode_L-C4-v2_B-C4,smnn0.9,0.306,4.28,14,5.0,307.0,,lmeds630,9257.0,,0.0,8.0,lmeds630,54.7,9.62,3712
band1,win3712_nfauto,dedode_L-C4-v2_B-C4,snn,0.565,3.96,7,5.0,293.0,,lmeds630,9259.0,,0.0,8.0,lmeds630,54.7,9.62,3712
band1,win3712_nfauto,dedode_L-C4-v2_G-C4,nn,0.374,7.86,21,2.0,188.0,,magsac630,9262.0,,0.0,8.0,magsac630,76.7,25.67,3712
band1,win3712_nfauto,dedode_L-C4-v2_G-C4,smnn0.9,1.315,10.52,8,2.0,20.0,,lmeds630,9263.0,,0.0,8.0,lmeds630,76.7,25.67,3712
band1,win3712_nfauto,dedode_L-C4-v2_G-C4,snn,0.961,5.76,6,1.0,9.0,,lmeds630,9265.0,,0.0,8.0,lmeds630,76.7,25.67,3712
band1,win3712_nfauto,keynet,nn,0.191,4.01,21,7.0,969.0,,magsac630,9268.0,,0.0,8.0,magsac630,75.2,3.89,3712
band1,win3712_nfauto,imw-rord-nn-kt0p2-fm1,internal,2.653,39.79,15,8.0,370.0,,lmeds630,9273.0,,0.0,8.0,lmeds630,110.7,32.53,3712
band1,win3712_nfauto,imw-alike-nn-kt0p2-fm1-fsp1,internal,0.245,5.14,21,5.0,181.0,,lmeds630,9275.0,,0.0,8.0,lmeds630,12.8,2.14,3712
band1,win3712_nfauto,imw-alike-nn-kt0p2-fsp1,internal,0.207,4.35,21,5.0,181.0,,lmeds630,9278.0,,0.0,8.0,lmeds630,10.7,0.38,3712
band1,win3712_nfauto,imw-rdd-dense,internal,1.801,16.2,9,6.0,921.0,,lmeds630,9281.0,,0.0,8.0,lmeds630,26.0,32.65,3712
band1,win3840_nfauto,sift,lgm,0.354,2.48,7,1.0,191.0,,magsac630,9283.0,,0.0,8.0,lmeds630,43.8,1.72,3840
band1,win3840_nfauto,disk_epipolar,lgm,0.4,2.8,7,2.0,781.0,,lmeds630,9286.0,,0.0,8.0,lmeds630,26.7,0.76,3840
band1,win3840_nfauto,dedode_L-upright_B-upright,smnn0.9,7.03,49.21,7,2.0,22.0,,magsac630,9288.0,,0.0,8.0,lmeds630,205.5,32.93,3840
band1,win3840_nfauto,dedode_L-upright_B-upright,snn,0.654,3.92,6,4.0,243.0,,lmeds630,9290.0,,0.0,8.0,lmeds630,205.5,32.93,3840
band1,win3840_nfauto,dedode_L-upright_B-C4,smnn0.9,1.6,8.0,5,4.0,34.0,,magsac630,9292.0,,0.0,8.0,lmeds630,55.3,16.64,3840
band1,win3840_nfauto,dedode_L-upright_B-C4,snn,0.561,3.93,7,4.0,317.0,,lmeds630,9294.0,,0.0,8.0,lmeds630,55.3,16.64,3840
band1,win3840_nfauto,dedode_L-upright_G-C4,lgm,0.343,6.18,18,8.0,233.0,,lmeds630,9296.0,,0.0,8.0,lmeds630,123.5,33.47,3840
band1,win3840_nfauto,dedode_L-upright_G-C4,snn,1.864,5.59,3,2.0,26.0,,magsac630,9299.0,,0.0,8.0,lmeds630,123.5,33.47,3840
band1,win3840_nfauto,dedode_L-C4_B-upright,smnn0.9,0.838,4.19,5,3.0,43.0,,magsac630,9301.0,,0.0,8.0,lmeds630,50.2,9.17,3840
band1,win3840_nfauto,dedode_L-C4_B-upright,snn,0.634,3.81,6,4.0,180.0,,lmeds630,9303.0,,0.0,8.0,lmeds630,50.2,9.17,3840
band1,win3840_nfauto,dedode_L-C4_B-C4,snn,0.644,3.86,6,4.0,273.0,,lmeds630,9305.0,,0.0,8.0,lmeds630,50.8,8.24,3840
band1,win3840_nfauto,dedode_L-C4_G-C4,snn,1.847,5.54,3,1.0,45.0,,lmeds630,9308.0,,0.0,8.0,lmeds630,67.3,7.44,3840
band1,win3840_nfauto,dedode_L-C4-v2_B-upright,nn,0.245,5.14,21,2.0,143.0,,magsac630,9310.0,,0.0,8.0,magsac630,58.5,32.9,3840
band1,win3840_nfauto,dedode_L-C4-v2_B-upright,smnn0.9,0.876,10.51,12,5.0,216.0,,lmeds630,9311.0,,0.0,8.0,lmeds630,58.5,32.9,3840
band1,win3840_nfauto,dedode_L-C4-v2_B-upright,snn,0.767,3.84,5,5.0,182.0,,lmeds630,9313.0,,0.0,8.0,lmeds630,58.5,32.9,3840
band1,win3840_nfauto,dedode_L-C4-v2_B-C4,nn,0.249,5.23,21,3.0,5506.0,,lmeds630,9315.0,,0.0,8.0,lmeds630,53.2,9.62,3840
band1,win3840_nfauto,dedode_L-C4-v2_B-C4,smnn0.9,0.298,4.17,14,5.0,305.0,,lmeds630,9317.0,,0.0,8.0,lmeds630,53.2,9.62,3840
band1,win3840_nfauto,dedode_L-C4-v2_B-C4,snn,0.556,3.89,7,5.0,291.0,,lmeds630,9319.0,,0.0,8.0,lmeds630,53.2,9.62,3840
band1,win3840_nfauto,dedode_L-C4-v2_G-C4,smnn0.9,1.32,10.56,8,2.0,20.0,,lmeds630,9323.0,,0.0,8.0,lmeds630,78.8,25.67,3840
band1,win3840_nfauto,dedode_L-C4-v2_G-C4,snn,0.974,5.84,6,1.0,9.0,,lmeds630,9325.0,,0.0,8.0,lmeds630,78.8,25.67,3840
band1,win3840_nfauto,keynet,nn,0.188,3.94,21,7.0,969.0,,magsac630,9328.0,,0.0,8.0,magsac630,77.5,3.89,3840
band1,win3840_nfauto,loftr,loftr_internal,0.603,12.67,21,8.0,763.0,,lmeds630,9332.0,,0.0,8.0,lmeds630,92.4,32.8,3840
band1,win3840_nfauto,imw-rord-nn-kt0p2-fm1,internal,2.664,39.96,15,8.0,370.0,,lmeds630,9334.0,,0.0,8.0,lmeds630,110.5,32.53,3840
band1,win3840_nfauto,imw-alike-nn-kt0p2-fm1-fsp1,internal,0.237,4.98,21,5.0,181.0,,lmeds630,9336.0,,0.0,8.0,lmeds630,12.6,2.14,3840
band1,win3840_nfauto,imw-alike-nn-kt0p2-fsp1,internal,0.208,4.38,21,5.0,181.0,,lmeds630,9339.0,,0.0,8.0,lmeds630,10.5,0.38,3840
band1,win3840_nfauto,imw-rdd-dense,internal,1.805,16.24,9,6.0,926.0,,lmeds630,9343.0,,0.0,8.0,lmeds630,25.9,32.65,3840
band1,win3968_nfauto,sift,lgm,0.396,2.77,7,1.0,191.0,,magsac630,9345.0,,0.0,8.0,lmeds630,46.1,1.72,3968
band1,win3968_nfauto,disk_epipolar,lgm,0.389,2.73,7,2.0,778.0,,lmeds630,9348.0,,0.0,8.0,lmeds630,26.3,0.76,3968
band1,win3968_nfauto,dedode_L-upright_B-upright,smnn0.9,7.042,49.29,7,2.0,22.0,,magsac630,9350.0,,0.0,8.0,lmeds630,205.9,32.93,3968
band1,win3968_nfauto,dedode_L-upright_B-upright,snn,0.646,3.88,6,4.0,244.0,,lmeds630,9352.0,,0.0,8.0,lmeds630,205.9,32.93,3968
band1,win3968_nfauto,dedode_L-upright_B-C4,smnn0.9,1.592,7.96,5,4.0,38.0,,magsac630,9354.0,,0.0,8.0,lmeds630,55.5,16.64,3968
band1,win3968_nfauto,dedode_L-upright_B-C4,snn,0.558,3.91,7,4.0,315.0,,lmeds630,9356.0,,0.0,8.0,lmeds630,55.5,16.64,3968
band1,win3968_nfauto,dedode_L-upright_G-C4,lgm,0.347,6.25,18,8.0,230.0,,lmeds630,9358.0,,0.0,8.0,lmeds630,125.0,33.47,3968
band1,win3968_nfauto,dedode_L-upright_G-C4,snn,1.884,5.65,3,2.0,26.0,,magsac630,9360.0,,0.0,8.0,lmeds630,125.0,33.47,3968
band1,win3968_nfauto,dedode_L-C4_B-upright,smnn0.9,0.864,4.32,5,3.0,43.0,,magsac630,9362.0,,0.0,8.0,lmeds630,52.5,9.17,3968
band1,win3968_nfauto,dedode_L-C4_B-upright,snn,0.651,3.91,6,4.0,180.0,,lmeds630,9364.0,,0.0,8.0,lmeds630,52.5,9.17,3968
band1,win3968_nfauto,dedode_L-C4_B-C4,snn,0.65,3.9,6,4.0,273.0,,lmeds630,9366.0,,0.0,8.0,lmeds630,52.1,8.24,3968
band1,win3968_nfauto,dedode_L-C4_G-C4,snn,1.889,5.67,3,1.0,45.0,,lmeds630,9370.0,,0.0,8.0,lmeds630,72.8,7.44,3968
band1,win3968_nfauto,dedode_L-C4-v2_B-upright,nn,0.245,5.14,21,2.0,143.0,,magsac630,9372.0,,0.0,8.0,magsac630,65.4,32.9,3968
band1,win3968_nfauto,dedode_L-C4-v2_B-upright,smnn0.9,0.873,10.47,12,5.0,217.0,,lmeds630,9373.0,,0.0,8.0,lmeds630,65.4,32.9,3968
band1,win3968_nfauto,dedode_L-C4-v2_B-upright,snn,0.765,3.82,5,5.0,185.0,,lmeds630,9375.0,,0.0,8.0,lmeds630,65.4,32.9,3968
band1,win3968_nfauto,dedode_L-C4-v2_B-C4,nn,0.246,5.17,21,3.0,5506.0,,lmeds630,9377.0,,0.0,8.0,lmeds630,52.7,9.62,3968
band1,win3968_nfauto,dedode_L-C4-v2_B-C4,smnn0.9,0.295,4.13,14,5.0,306.0,,lmeds630,9379.0,,0.0,8.0,lmeds630,52.7,9.62,3968
band1,win3968_nfauto,dedode_L-C4-v2_B-C4,snn,0.548,3.84,7,5.0,290.0,,lmeds630,9381.0,,0.0,8.0,lmeds630,52.7,9.62,3968
band1,win3968_nfauto,dedode_L-C4-v2_G-C4,smnn0.9,1.307,10.45,8,2.0,20.0,,lmeds630,9385.0,,0.0,8.0,lmeds630,75.3,25.67,3968
band1,win3968_nfauto,dedode_L-C4-v2_G-C4,snn,0.956,5.74,6,1.0,9.0,,lmeds630,9387.0,,0.0,8.0,lmeds630,75.3,25.67,3968
band1,win3968_nfauto,keynet,nn,0.212,4.45,21,7.0,1007.0,,magsac630,9390.0,,0.0,8.0,magsac630,80.8,3.89,3968
band1,win3968_nfauto,imw-rord-nn-kt0p2-fm1,internal,2.738,41.08,15,8.0,370.0,,lmeds630,9395.0,,0.0,8.0,lmeds630,113.9,32.53,3968
band1,win3968_nfauto,imw-alike-nn-kt0p2-fm1-fsp1,internal,0.243,5.1,21,5.0,182.0,,lmeds630,9397.0,,0.0,8.0,lmeds630,12.9,2.14,3968
band1,win3968_nfauto,imw-alike-nn-kt0p2-fsp1,internal,0.206,4.32,21,5.0,182.0,,lmeds630,9400.0,,0.0,8.0,lmeds630,10.6,0.38,3968
band1,win3968_nfauto,imw-rdd-dense,internal,1.788,16.09,9,6.0,924.0,,lmeds630,9403.0,,0.0,8.0,lmeds630,25.9,32.65,3968
band1,win4096_nfauto,sift,lgm,0.354,2.48,7,1.0,191.0,,magsac630,9405.0,,0.0,8.0,lmeds630,44.1,1.72,4096
band1,win4096_nfauto,disk_epipolar,lgm,0.384,2.69,7,2.0,781.0,,lmeds630,9408.0,,0.0,8.0,lmeds630,26.0,0.76,4096
band1,win4096_nfauto,dedode_L-upright_B-upright,smnn0.9,7.363,51.54,7,2.0,22.0,,magsac630,9410.0,,0.0,8.0,lmeds630,206.4,32.93,4096
band1,win4096_nfauto,dedode_L-upright_B-upright,snn,0.636,3.82,6,4.0,243.0,,lmeds630,9412.0,,0.0,8.0,lmeds630,206.4,32.93,4096
band1,win4096_nfauto,dedode_L-upright_B-C4,smnn0.9,1.571,7.85,5,4.0,34.0,,magsac630,9414.0,,0.0,8.0,lmeds630,54.6,16.64,4096
band1,win4096_nfauto,dedode_L-upright_B-C4,snn,0.546,3.82,7,4.0,317.0,,lmeds630,9416.0,,0.0,8.0,lmeds630,54.6,16.64,4096
band1,win4096_nfauto,dedode_L-upright_G-C4,lgm,0.34,6.12,18,8.0,233.0,,lmeds630,9418.0,,0.0,8.0,lmeds630,122.8,33.47,4096
band1,win4096_nfauto,dedode_L-upright_G-C4,snn,1.848,5.54,3,2.0,26.0,,magsac630,9421.0,,0.0,8.0,lmeds630,122.8,33.47,4096
band1,win4096_nfauto,dedode_L-C4_B-upright,smnn0.9,0.838,4.19,5,3.0,43.0,,magsac630,9423.0,,0.0,8.0,lmeds630,50.8,9.17,4096
band1,win4096_nfauto,dedode_L-C4_B-upright,snn,0.633,3.8,6,4.0,180.0,,lmeds630,9425.0,,0.0,8.0,lmeds630,50.8,9.17,4096
band1,win4096_nfauto,dedode_L-C4_B-C4,snn,0.635,3.81,6,4.0,273.0,,lmeds630,9427.0,,0.0,8.0,lmeds630,51.8,8.24,4096
band1,win4096_nfauto,dedode_L-C4_G-C4,snn,1.851,5.55,3,1.0,45.0,,lmeds630,9430.0,,0.0,8.0,lmeds630,67.5,7.44,4096
band1,win4096_nfauto,dedode_L-C4-v2_B-upright,nn,0.249,5.22,21,2.0,143.0,,magsac630,9432.0,,0.0,8.0,magsac630,58.4,32.9,4096
band1,win4096_nfauto,dedode_L-C4-v2_B-upright,smnn0.9,0.88,10.56,12,5.0,216.0,,lmeds630,9433.0,,0.0,8.0,lmeds630,58.4,32.9,4096
band1,win4096_nfauto,dedode_L-C4-v2_B-upright,snn,0.778,3.89,5,5.0,182.0,,lmeds630,9435.0,,0.0,8.0,lmeds630,58.4,32.9,4096
band1,win4096_nfauto,dedode_L-C4-v2_B-C4,nn,0.246,5.16,21,3.0,5508.0,,lmeds630,9437.0,,0.0,8.0,lmeds630,51.5,9.62,4096
band1,win4096_nfauto,dedode_L-C4-v2_B-C4,smnn0.9,0.296,4.14,14,5.0,305.0,,lmeds630,9439.0,,0.0,8.0,lmeds630,51.5,9.62,4096
band1,win4096_nfauto,dedode_L-C4-v2_B-C4,snn,0.549,3.84,7,5.0,291.0,,lmeds630,9441.0,,0.0,8.0,lmeds630,51.5,9.62,4096
band1,win4096_nfauto,dedode_L-C4-v2_G-C4,smnn0.9,1.305,10.44,8,2.0,20.0,,lmeds630,9445.0,,0.0,8.0,lmeds630,74.4,25.67,4096
band1,win4096_nfauto,dedode_L-C4-v2_G-C4,snn,0.956,5.74,6,1.0,9.0,,lmeds630,9447.0,,0.0,8.0,lmeds630,74.4,25.67,4096
band1,win4096_nfauto,keynet,nn,0.188,3.95,21,7.0,969.0,,magsac630,9450.0,,0.0,8.0,magsac630,75.2,3.89,4096
band1,win4096_nfauto,imw-rord-nn-kt0p2-fm1,internal,2.67,40.05,15,8.0,367.0,,lmeds630,9455.0,,0.0,8.0,lmeds630,110.5,32.53,4096
band1,win4096_nfauto,imw-alike-nn-kt0p2-fm1-fsp1,internal,0.25,5.26,21,5.0,181.0,,lmeds630,9457.0,,0.0,8.0,lmeds630,13.0,2.14,4096
band1,win4096_nfauto,imw-alike-nn-kt0p2-fsp1,internal,0.203,4.26,21,5.0,181.0,,lmeds630,9460.0,,0.0,8.0,lmeds630,10.6,0.38,4096
band1,win4096_nfauto,imw-rdd-dense,internal,1.787,16.08,9,6.0,923.0,,lmeds630,9463.0,,0.0,8.0,lmeds630,25.6,32.65,4096
band1,win768_nfauto,dedode_L-C4_B-C4,nn,0.19,3.99,21,,,,,,,,,,42.7,16.58,768
band1,win768_nfauto,dedode_L-upright_B-C4,nn,0.193,4.06,21,,,,,,,,,,43.5,16.63,768
band1,win768_nfauto,dedode_L-C4-v2_B-C4,nn,0.193,4.06,21,,,,,,,,,,39.7,1.44,768
band1,win1024_nfauto,dedode_L-C4-v2_B-upright,nn,0.204,4.29,21,,,,,,,,,,52.3,32.89,1024
band1,win1280_nfauto,dedode_L-C4_B-upright,nn,0.219,4.6,21,,,,,,,,,,50.2,16.58,1280
band1,win1920_nfauto,dedode_L-C4-v2_G-C4,nn,0.352,7.39,21,,,,,,,,,,75.0,25.67,1920
band1,win1152_nfauto,dedode_L-C4_G-C4,smnn0.9,0.709,5.67,8,,,,,,,,,,64.3,2.84,1152
band1,win1536_nfauto,dedode_L-C4_G-C4,smnn0.9,0.968,5.81,6,,,,,,,,,,69.1,5.67,1536
band1,win1024_nfauto,dedode_L-C4_G-C4,smnn0.9,1.139,7.98,7,,,,,,,,,,63.2,25.67,1024
band1,win1664_nfauto,dedode_L-C4_G-C4,smnn0.9,1.152,5.76,5,,,,,,,,,,76.1,5.98,1664
band1,win3840_nfauto,dedode_L-C4_G-C4,smnn0.9,1.156,5.78,5,,,,,,,,,,67.3,7.44,3840
band1,win2048_nfauto,dedode_L-C4_G-C4,smnn0.9,1.157,5.79,5,,,,,,,,,,68.5,7.44,2048
band1,win2944_nfauto,dedode_L-C4_G-C4,smnn0.9,1.159,5.79,5,,,,,,,,,,68.0,7.44,2944
band1,win3072_nfauto,dedode_L-C4_G-C4,smnn0.9,1.159,5.79,5,,,,,,,,,,67.4,7.44,3072
band1,win3328_nfauto,dedode_L-C4_G-C4,smnn0.9,1.159,5.79,5,,,,,,,,,,68.1,7.44,3328
band1,win4096_nfauto,dedode_L-C4_G-C4,smnn0.9,1.159,5.8,5,,,,,,,,,,67.5,7.44,4096
band1,win1920_nfauto,dedode_L-C4_G-C4,smnn0.9,1.16,5.8,5,,,,,,,,,,67.9,7.44,1920
band1,win2176_nfauto,dedode_L-C4_G-C4,smnn0.9,1.162,5.81,5,,,,,,,,,,68.7,7.44,2176
band1,win2816_nfauto,dedode_L-C4_G-C4,smnn0.9,1.163,5.81,5,,,,,,,,,,68.8,7.44,2816
band1,win2432_nfauto,dedode_L-C4_G-C4,smnn0.9,1.169,5.84,5,,,,,,,,,,68.8,7.44,2432
band1,win3584_nfauto,dedode_L-C4_G-C4,smnn0.9,1.169,5.84,5,,,,,,,,,,68.2,7.44,3584
band1,win2304_nfauto,dedode_L-C4_G-C4,smnn0.9,1.17,5.85,5,,,,,,,,,,67.9,7.44,2304
band1,win2688_nfauto,dedode_L-C4_G-C4,smnn0.9,1.176,5.88,5,,,,,,,,,,69.3,7.44,2688
band1,win1792_nfauto,dedode_L-C4_G-C4,smnn0.9,1.179,5.9,5,,,,,,,,,,76.0,7.44,1792
band1,win3712_nfauto,dedode_L-C4_G-C4,smnn0.9,1.182,5.91,5,,,,,,,,,,70.4,7.44,3712
band1,win3200_nfauto,dedode_L-C4_G-C4,smnn0.9,1.187,5.94,5,,,,,,,,,,69.9,7.44,3200
band1,win3456_nfauto,dedode_L-C4_G-C4,smnn0.9,1.187,5.93,5,,,,,,,,,,70.3,7.44,3456
band1,win3968_nfauto,dedode_L-C4_G-C4,smnn0.9,1.19,5.95,5,,,,,,,,,,72.8,7.44,3968
band1,win2560_nfauto,dedode_L-C4_G-C4,smnn0.9,1.217,6.08,5,,,,,,,,,,71.1,7.44,2560
band1,win384_nfauto,dedode_L-upright_G-C4,smnn0.9,4.624,46.24,10,,,,,,,,,,113.2,25.73,384
band1,win768_nfauto,dedode_L-upright_G-C4,smnn0.9,4.888,44.0,9,,,,,,,,,,113.9,33.45,768
band1,win896_nfauto,dedode_L-upright_G-C4,smnn0.9,8.185,40.93,5,,,,,,,,,,110.5,33.46,896
band1,win1024_nfauto,dedode_L-upright_G-C4,smnn0.9,13.845,41.54,3,,,,,,,,,,115.7,33.46,1024
band1,win1536_nfauto,dedode_L-upright_G-C4,smnn0.9,14.22,42.66,3,,,,,,,,,,121.3,33.47,1536
band1,win2944_nfauto,dedode_L-upright_G-C4,smnn0.9,14.37,43.11,3,,,,,,,,,,123.1,33.47,2944
band1,win4096_nfauto,dedode_L-upright_G-C4,smnn0.9,14.372,43.11,3,,,,,,,,,,122.8,33.47,4096
band1,win1792_nfauto,dedode_L-upright_G-C4,smnn0.9,14.373,43.12,3,,,,,,,,,,124.4,33.47,1792
band1,win2048_nfauto,dedode_L-upright_G-C4,smnn0.9,14.376,43.13,3,,,,,,,,,,124.7,33.47,2048
band1,win1920_nfauto,dedode_L-upright_G-C4,smnn0.9,14.395,43.19,3,,,,,,,,,,123.7,33.47,1920
band1,win3328_nfauto,dedode_L-upright_G-C4,smnn0.9,14.395,43.18,3,,,,,,,,,,124.2,33.47,3328
band1,win2432_nfauto,dedode_L-upright_G-C4,smnn0.9,14.408,43.23,3,,,,,,,,,,132.5,33.47,2432
band1,win1664_nfauto,dedode_L-upright_G-C4,smnn0.9,14.415,43.25,3,,,,,,,,,,122.4,33.47,1664
band1,win3840_nfauto,dedode_L-upright_G-C4,smnn0.9,14.456,43.37,3,,,,,,,,,,123.5,33.47,3840
band1,win2176_nfauto,dedode_L-upright_G-C4,smnn0.9,14.457,43.37,3,,,,,,,,,,125.9,33.47,2176
band1,win3200_nfauto,dedode_L-upright_G-C4,smnn0.9,14.481,43.44,3,,,,,,,,,,127.0,33.47,3200
band1,win3456_nfauto,dedode_L-upright_G-C4,smnn0.9,14.506,43.52,3,,,,,,,,,,122.6,33.47,3456
band1,win2688_nfauto,dedode_L-upright_G-C4,smnn0.9,14.528,43.58,3,,,,,,,,,,124.2,33.47,2688
band1,win2816_nfauto,dedode_L-upright_G-C4,smnn0.9,14.539,43.62,3,,,,,,,,,,127.0,33.47,2816
band1,win3584_nfauto,dedode_L-upright_G-C4,smnn0.9,14.539,43.62,3,,,,,,,,,,124.3,33.47,3584
band1,win3072_nfauto,dedode_L-upright_G-C4,smnn0.9,14.542,43.62,3,,,,,,,,,,123.2,33.47,3072
band1,win2304_nfauto,dedode_L-upright_G-C4,smnn0.9,14.585,43.76,3,,,,,,,,,,126.2,33.47,2304
band1,win3712_nfauto,dedode_L-upright_G-C4,smnn0.9,14.585,43.75,3,,,,,,,,,,124.6,33.47,3712
band1,win3968_nfauto,dedode_L-upright_G-C4,smnn0.9,14.59,43.77,3,,,,,,,,,,125.0,33.47,3968
band1,win2560_nfauto,dedode_L-upright_G-C4,smnn0.9,14.635,43.9,3,,,,,,,,,,125.0,33.47,2560
band1,win1280_nfauto,dedode_L-upright_G-C4,smnn0.9,20.937,41.87,2,,,,,,,,,,121.1,33.46,1280
band1,win1152_nfauto,dedode_L-upright_G-C4,smnn0.9,20.962,41.92,2,,,,,,,,,,116.8,33.46,1152
band1,win1408_nfauto,dedode_L-upright_G-C4,smnn0.9,21.501,43.0,2,,,,,,,,,,121.5,33.47,1408
