channel,sweep,detector,matcher,sec_per_window,pass_seconds,windows,chips_kept,inliers,surface_rmse_m,best_ransac,truth_rank,truth_rmse_m,truth_reached,truth_total,truth_ransac,detector_seconds,gpu_peak_gb,gpu_window_px
band3,win256_nfauto,imw-minima-loftr,internal,0.089,5.54,62,31.0,615.0,,lmeds630,1.0,1112.0447006021686,5.0,9.0,magsac630,31.7,3.55,256
band3,win256_nfauto,imw-sfd2-nn-kt0p2,internal,0.061,4.33,71,27.0,344.0,,lmeds630,2.0,2121.8216202234757,5.0,9.0,lmeds630,19.2,1.54,256
band3,win384_nfauto,imw-darkfeat-nn-kt0p2,internal,0.105,4.5,43,24.0,962.0,,lmeds630,3.0,2195.8953121536565,5.0,9.0,lmeds630,19.8,1.22,384
band3,win384_nfauto,imw-minima-loftr,internal,0.162,5.83,36,20.0,365.0,,lmeds630,4.0,2249.1556221885794,6.0,9.0,magsac630,30.3,3.55,384
band3,win256_nfauto,imw-ripe-nn-kt0p2,internal,0.113,8.02,71,34.0,734.0,,lmeds630,5.0,2411.5968214178824,6.0,9.0,lmeds630,38.0,2.14,256
band3,win384_nfauto,imw-ripe-nn-kt0p2,internal,0.189,7.93,42,16.0,529.0,,lmeds630,6.0,2494.0434274258905,6.0,9.0,lmeds630,33.2,2.14,384
band3,win256_nfauto,imw-darkfeat-nn-kt0p2,internal,0.063,4.8,76,46.0,1772.0,,lmeds630,7.0,2948.5543951569584,7.0,9.0,magsac630,20.1,1.22,256
band3,win256_nfauto,imw-lanet-nn-kt0p2,internal,0.055,4.01,73,22.0,376.0,,magsac630,8.0,2982.64493804556,5.0,9.0,lmeds630,17.9,0.8,256
band3,win384_nfauto,imw-d2net-nn-kt0p2,internal,0.202,6.65,33,11.0,109.0,,lmeds630,11.0,3499.480028768685,5.0,9.0,lmeds630,22.8,1.17,384
band3,win256_nfauto,disk_epipolar,nn,0.041,3.12,76,56.0,35307.0,,lmeds630,14.0,4864.316820809417,9.0,9.0,magsac630,34.2,1.24,256
band3,win256_nfauto,keynet,ada,0.12,8.29,69,42.0,882.0,,magsac630,15.0,5073.838426028298,7.0,9.0,magsac630,211.4,1.47,256
band3,win256_nfauto,imw-rdd-nn-kt0p2,internal,0.177,13.46,76,52.0,2379.0,,lmeds630,16.0,6458.962029168384,9.0,9.0,lmeds630,55.1,9.4,256
band3,win512_nfauto,hessian,ada,0.1,3.7,37,13.0,542.0,,magsac630,18.0,7439.557805734321,5.0,9.0,lmeds630,61.4,1.19,512
band3,win384_nfauto,disk_depth,lgm,0.073,3.12,43,21.0,2115.0,,lmeds630,19.0,8004.340027114444,5.0,9.0,lmeds630,49.5,1.25,384
band3,win256_nfauto,disk_epipolar,ada,0.037,2.82,76,58.0,10462.0,,lmeds630,20.0,8107.9110544998275,8.0,9.0,magsac630,34.2,1.24,256
band3,win256_nfauto,disk_epipolar,mnn,0.034,2.61,76,29.0,1132.0,,magsac630,21.0,8736.656350583098,9.0,9.0,magsac630,34.2,1.24,256
band3,win256_nfauto,dedode_L-C4-v2_G-C4,mnn,0.093,6.92,74,45.0,3396.0,,lmeds630,22.0,8994.116412359645,7.0,9.0,lmeds630,88.1,3.0,256
band3,win256_nfauto,dog_sosnet,ada,0.07,5.14,73,59.0,8123.0,,lmeds630,23.0,9747.88241154971,9.0,9.0,magsac630,44.0,0.72,256
band3,win512_nfauto,disk_depth,ada,0.074,2.88,39,12.0,211.0,,magsac630,24.0,9909.898555142305,6.0,9.0,magsac630,45.9,1.25,512
band3,win256_nfauto,hessian,ada,0.066,4.8,73,56.0,9622.0,,lmeds630,25.0,10518.18784155429,8.0,9.0,magsac630,67.5,0.85,256
band3,win256_nfauto,imw-liftfeat-nn-kt0p2,internal,0.077,5.52,72,26.0,269.0,,lmeds630,26.0,10940.257158217932,7.0,9.0,lmeds630,39.9,3.31,256
band3,win256_nfauto,imw-aspanformer,internal,0.224,14.13,63,12.0,145.0,,lmeds630,27.0,10966.4481683621,7.0,9.0,lmeds630,37.5,2.22,256
band3,win256_nfauto,disk_depth,mnn,0.032,2.41,76,59.0,3286.0,,lmeds630,28.0,11146.42710310241,9.0,9.0,lmeds630,48.2,1.25,256
band3,win384_nfauto,dedode_L-C4-v2_B-C4,mnn,0.105,4.52,43,22.0,1282.0,,lmeds630,29.0,11267.292984546502,5.0,9.0,lmeds630,56.2,2.38,384
band3,win256_nfauto,dedode_L-C4_G-C4,mnn,0.093,6.87,74,41.0,2185.0,,lmeds630,30.0,11667.234148365642,6.0,9.0,lmeds630,88.4,3.0,256
band3,win256_nfauto,disk_depth,ada,0.038,2.79,73,56.0,9560.0,,lmeds630,31.0,12154.992536077883,8.0,9.0,magsac630,48.2,1.25,256
band3,win256_nfauto,dog_sosnet,mnn,0.064,4.87,76,51.0,4031.0,,lmeds630,32.0,12381.79303460609,9.0,9.0,lmeds630,44.0,0.72,256
band3,win384_nfauto,imw-dad-roma,internal,1.243,49.72,40,11.0,143.0,,lmeds630,33.0,12496.039826678914,6.0,9.0,lmeds630,132.3,4.71,384
band3,win512_nfauto,imw-gim-roma,internal,1.199,45.55,38,20.0,17535.0,,lmeds630,34.0,12746.17792233088,7.0,9.0,lmeds630,110.8,5.35,512
band3,win512_nfauto,imw-minima-loftr,internal,0.256,7.67,30,12.0,241.0,,lmeds630,35.0,12933.795851656889,5.0,9.0,lmeds630,30.1,3.55,512
band3,win256_nfauto,disk_depth,lgm,0.049,3.74,76,45.0,2985.0,,lmeds630,36.0,12974.221901399884,7.0,9.0,lmeds630,48.2,1.25,256
band3,win256_nfauto,disk_depth,nn,0.041,3.13,76,60.0,41079.0,,lmeds630,37.0,13051.271420838695,8.0,9.0,magsac630,48.2,1.25,256
band3,win384_nfauto,imw-rdd-nn-kt0p2,internal,0.304,13.09,43,23.0,648.0,,lmeds630,38.0,13659.499268307589,7.0,9.0,lmeds630,47.0,9.41,384
band3,win256_nfauto,imw-gim-dkm,internal,2.519,143.6,57,22.0,18318.0,,magsac630,39.0,13665.697489054694,6.0,9.0,magsac630,241.7,12.82,256
band3,win256_nfauto,dedode_L-upright_B-C4,mnn,0.062,4.6,74,53.0,2439.0,,lmeds630,40.0,13987.9101215099,8.0,9.0,lmeds630,58.2,2.38,256
band3,win256_nfauto,imw-alike-nn-kt0p2-fm1,internal,0.045,3.32,74,19.0,178.0,,lmeds630,41.0,14493.695175702102,7.0,9.0,lmeds630,15.8,0.66,256
band3,win256_nfauto,imw-alike-nn-kt0p2,internal,0.044,3.27,74,19.0,178.0,,lmeds630,42.0,14493.695175702102,7.0,9.0,lmeds630,16.1,0.66,256
band3,win256_nfauto,dedode_L-upright_G-C4,nn,0.105,7.74,74,49.0,42035.0,,lmeds630,43.0,14703.317360185483,9.0,9.0,lmeds630,111.0,3.0,256
band3,win512_nfauto,dog_sosnet,mnn,0.103,4.13,40,13.0,980.0,,lmeds630,46.0,15354.492381577138,5.0,9.0,lmeds630,41.7,0.72,512
band3,win256_nfauto,dedode_L-C4-v2_B-upright,mnn,0.063,4.64,74,38.0,1382.0,,lmeds630,47.0,15479.983911523565,7.0,9.0,lmeds630,57.8,2.38,256
band3,win384_nfauto,dedode_L-upright_B-C4,ada,0.109,4.68,43,12.0,1920.0,,lmeds630,49.0,15789.90984703404,5.0,9.0,lmeds630,56.3,2.38,384
band3,win384_nfauto,imw-gim-roma,internal,1.153,49.58,43,26.0,38383.0,,magsac630,50.0,15907.848741086918,7.0,9.0,lmeds630,120.0,5.35,384
band3,win384_nfauto,dedode_L-C4_B-C4,mnn,0.105,4.5,43,20.0,1075.0,,lmeds630,51.0,16058.560275929069,5.0,9.0,lmeds630,56.2,2.38,384
band3,win256_nfauto,dog_hardnet,mnn,0.051,3.85,76,59.0,3975.0,,lmeds630,53.0,16515.18109482174,9.0,9.0,lmeds630,108.6,1.0,256
band3,win256_nfauto,sift,ada,0.062,4.24,68,50.0,5543.0,,lmeds630,54.0,16542.346909283657,8.0,9.0,magsac630,155.1,1.47,256
band3,win256_nfauto,dedode_L-C4-v2_B-upright,lgm,0.079,5.5,70,34.0,855.0,,lmeds630,55.0,16608.641024544824,7.0,9.0,lmeds630,57.8,2.38,256
band3,win256_nfauto,gftt,mnn,0.077,5.71,74,58.0,3864.0,,lmeds630,56.0,17338.32384552228,9.0,9.0,lmeds630,78.0,0.73,256
band3,win384_nfauto,imw-aspanformer,internal,0.218,9.14,42,16.0,633.0,,lmeds630,57.0,17356.62446289532,6.0,9.0,magsac630,37.0,2.22,384
band3,win256_nfauto,hessian,mnn,0.058,4.43,76,48.0,3633.0,,lmeds630,59.0,17362.175957582276,9.0,9.0,lmeds630,67.5,0.85,256
band3,win256_nfauto,dedode_L-C4_B-upright,mnn,0.062,4.59,74,44.0,1241.0,,lmeds630,61.0,18062.569367844237,6.0,9.0,lmeds630,59.3,2.38,256
band3,win256_nfauto,hessian,nn,0.066,5.05,76,45.0,25424.0,,lmeds630,63.0,19625.650378371403,9.0,9.0,lmeds630,67.5,0.85,256
band3,win256_nfauto,dog_hardnet,lgm,0.079,5.45,69,18.0,423.0,,lmeds630,64.0,19723.35981413469,8.0,9.0,lmeds630,108.6,1.0,256
band3,win256_nfauto,dedode_L-upright_B-upright,mnn,0.062,4.59,74,44.0,1275.0,,lmeds630,66.0,20479.993931700028,7.0,9.0,lmeds630,100.3,3.46,256
band3,win256_nfauto,gftt,nn,0.083,6.16,74,37.0,2156.0,,magsac630,67.0,20708.20707233416,6.0,9.0,magsac630,78.0,0.73,256
band3,win256_nfauto,dog_hynet,ada,0.085,6.2,73,59.0,8283.0,,lmeds630,68.0,20718.083997548518,7.0,9.0,magsac630,56.0,0.72,256
band3,win256_nfauto,keynet,mnn,0.108,8.0,74,39.0,2070.0,,lmeds630,69.0,20900.366290131067,9.0,9.0,lmeds630,211.4,1.47,256
band3,win256_nfauto,dog_hardnet,nn,0.057,4.35,76,48.0,23943.0,,lmeds630,70.0,20929.817681037024,9.0,9.0,lmeds630,108.6,1.0,256
band3,win256_nfauto,loftr,loftr_internal,0.09,7.2,80,57.0,2010.0,,lmeds630,75.0,21763.37074123752,9.0,9.0,lmeds630,25.9,1.68,256
band3,win256_nfauto,dog_hynet,nn,0.087,6.42,74,60.0,30825.0,,lmeds630,76.0,21763.49176297625,9.0,9.0,lmeds630,56.0,0.72,256
band3,win256_nfauto,dog_sosnet,nn,0.071,5.37,76,32.0,14826.0,,lmeds630,77.0,22062.215356118144,9.0,9.0,lmeds630,44.0,0.72,256
band3,win256_nfauto,gftt,ada,0.087,6.02,69,25.0,3295.0,,lmeds630,78.0,22478.3297159559,8.0,9.0,lmeds630,78.0,0.73,256
band3,win256_nfauto,imw-gim-roma,internal,1.119,81.67,73,53.0,40044.0,,lmeds630,79.0,22747.52120913444,8.0,9.0,magsac630,151.9,5.35,256
band3,win256_nfauto,imw-alike-nn-kt0p2-fm1-fsp1,internal,0.061,4.55,74,16.0,169.0,,lmeds630,81.0,22948.701709200224,5.0,9.0,lmeds630,20.0,1.07,256
band3,win256_nfauto,imw-alike-nn-kt0p2-fsp1,internal,0.045,3.33,74,16.0,169.0,,lmeds630,82.0,22948.701709200224,5.0,9.0,lmeds630,16.3,0.66,256
band3,win256_nfauto,dog_hardnet,ada,0.057,4.15,73,53.0,7400.0,,lmeds630,83.0,22952.952835581404,8.0,9.0,lmeds630,108.6,1.0,256
band3,win384_nfauto,dog_hynet,mnn,0.122,5.26,43,16.0,3144.0,,lmeds630,84.0,23095.24533000032,5.0,9.0,lmeds630,47.6,0.72,384
band3,win256_nfauto,dedode_L-upright_B-upright,ada,0.067,4.86,73,27.0,3151.0,,lmeds630,85.0,23652.5459999834,8.0,9.0,lmeds630,100.3,3.46,256
band3,win384_nfauto,hessian,ada,0.092,3.59,39,12.0,414.0,,magsac630,86.0,23837.622244749266,5.0,9.0,magsac630,52.4,0.85,384
band3,win384_nfauto,keynet,ada,0.129,5.44,42,16.0,728.0,,lmeds630,87.0,23996.817987737908,5.0,9.0,magsac630,219.7,1.48,384
band3,win256_nfauto,dedode_L-upright_G-C4,ada,0.104,7.15,69,39.0,6423.0,,lmeds630,88.0,24156.957535011003,6.0,9.0,magsac630,111.0,3.0,256
band3,win256_nfauto,keynet,nn,0.113,8.33,74,50.0,16837.0,,lmeds630,92.0,24961.463626837824,9.0,9.0,lmeds630,211.4,1.47,256
band3,win256_nfauto,dedode_L-C4-v2_B-C4,ada,0.071,4.96,70,37.0,8856.0,,lmeds630,95.0,25603.463787180157,9.0,9.0,lmeds630,57.2,2.38,256
band3,win256_nfauto,dedode_L-C4-v2_B-upright,nn,0.076,5.61,74,40.0,31308.0,,lmeds630,97.0,26488.234910021587,9.0,9.0,lmeds630,57.8,2.38,256
band3,win256_nfauto,dedode_L-C4_B-C4,mnn,0.062,4.61,74,21.0,849.0,,lmeds630,98.0,26524.20034832537,5.0,9.0,lmeds630,57.6,2.38,256
band3,win256_nfauto,sift,nn,0.058,4.4,76,14.0,950.0,,magsac630,99.0,27132.2268467226,6.0,9.0,magsac630,155.1,1.47,256
band3,win256_nfauto,dedode_L-C4_G-C4,ada,0.1,7.2,72,31.0,2110.0,,magsac630,101.0,28128.36115954008,7.0,9.0,lmeds630,88.4,3.0,256
band3,win256_nfauto,dedode_L-C4-v2_G-C4,ada,0.106,7.23,68,34.0,7838.0,,lmeds630,103.0,28810.15562428881,9.0,9.0,magsac630,88.1,3.0,256
band3,win256_nfauto,dedode_L-upright_G-C4,mnn,0.093,6.87,74,15.0,623.0,,lmeds630,105.0,29285.561810529187,5.0,9.0,lmeds630,111.0,3.0,256
band3,win384_nfauto,disk_epipolar,ada,0.069,2.82,41,19.0,719.0,,magsac630,107.0,30479.382624769623,6.0,9.0,lmeds630,44.5,1.25,384
band3,win256_nfauto,dedode_L-upright_B-C4,nn,0.075,5.54,74,30.0,2858.0,,magsac630,108.0,30735.870710531908,6.0,9.0,magsac630,58.2,2.38,256
band3,win256_nfauto,dedode_L-C4_B-upright,nn,0.075,5.57,74,17.0,13493.0,,lmeds630,109.0,31539.42888422587,9.0,9.0,lmeds630,59.3,2.38,256
band3,win256_nfauto,dedode_L-upright_B-C4,ada,0.07,4.91,70,32.0,4494.0,,lmeds630,111.0,32000.272867899606,7.0,9.0,lmeds630,58.2,2.38,256
band3,win256_nfauto,imw-dad-roma,internal,1.014,72.98,72,15.0,264.0,,lmeds630,113.0,34202.75460427993,9.0,9.0,magsac630,158.4,4.71,256
band3,win384_nfauto,dog_sosnet,mnn,0.091,3.92,43,17.0,2362.0,,lmeds630,114.0,34466.9496881213,8.0,9.0,lmeds630,37.9,0.72,384
band3,win384_nfauto,hessian,mnn,0.077,3.32,43,21.0,2645.0,,lmeds630,115.0,34680.53632704771,9.0,9.0,lmeds630,52.4,0.85,384
band3,win384_nfauto,dog_hynet,ada,0.126,5.4,43,16.0,4071.0,,lmeds630,116.0,34742.711146934555,6.0,9.0,lmeds630,47.6,0.72,384
band3,win384_nfauto,gftt,mnn,0.09,3.78,42,22.0,1604.0,,lmeds630,117.0,37297.7568576856,8.0,9.0,lmeds630,66.6,0.73,384
band3,win256_nfauto,dedode_L-C4-v2_B-upright,ada,0.068,4.96,73,25.0,5377.0,,lmeds630,119.0,39092.38290831682,9.0,9.0,lmeds630,57.8,2.38,256
band3,win256_nfauto,dedode_L-C4_G-C4,nn,0.106,7.87,74,27.0,22112.0,,lmeds630,120.0,39862.42570780349,9.0,9.0,lmeds630,88.4,3.0,256
band3,win256_nfauto,dedode_L-C4_B-C4,ada,0.067,4.91,73,45.0,7452.0,,lmeds630,121.0,40681.08234937699,8.0,9.0,lmeds630,57.6,2.38,256
band3,win256_nfauto,dedode_L-C4_B-C4,nn,0.075,5.57,74,18.0,15458.0,,lmeds630,122.0,42883.19796247381,6.0,9.0,lmeds630,57.6,2.38,256
band3,win384_nfauto,disk_depth,nn,0.075,3.23,43,26.0,30392.0,,lmeds630,123.0,43076.99698506133,9.0,9.0,lmeds630,49.5,1.25,384
band3,win512_nfauto,sift,nn,0.093,3.7,40,5.0,3113.0,,lmeds630,124.0,45493.547507872325,6.0,9.0,lmeds630,164.8,1.47,512
band3,win384_nfauto,disk_epipolar,nn,0.075,3.22,43,22.0,972.0,,magsac630,125.0,46886.70398402652,6.0,9.0,lmeds630,44.5,1.25,384
band3,win384_nfauto,dog_sosnet,ada,0.096,4.12,43,21.0,5833.0,,lmeds630,126.0,47028.573091885446,9.0,9.0,lmeds630,37.9,0.72,384
band3,win384_nfauto,dog_hardnet,nn,0.08,3.45,43,11.0,1359.0,,magsac630,128.0,47536.71632803399,5.0,9.0,lmeds630,91.2,1.0,384
band3,win384_nfauto,disk_epipolar,mnn,0.063,2.71,43,20.0,1108.0,,magsac630,130.0,48694.94977169997,5.0,9.0,lmeds630,44.5,1.25,384
band3,win256_nfauto,dedode_L-C4-v2_G-C4,nn,0.106,7.84,74,26.0,21446.0,,lmeds630,131.0,49517.21316646952,8.0,9.0,lmeds630,88.1,3.0,256
band3,win256_nfauto,dedode_L-C4_B-upright,ada,0.068,4.88,72,18.0,1545.0,,lmeds630,132.0,51636.82438393324,7.0,9.0,lmeds630,59.3,2.38,256
band3,win384_nfauto,dog_hardnet,mnn,0.067,2.87,43,17.0,2039.0,,lmeds630,133.0,51832.105653481725,8.0,9.0,lmeds630,91.2,1.0,384
band3,win384_nfauto,sift,nn,0.086,3.68,43,13.0,12477.0,,lmeds630,134.0,52173.30604117904,8.0,9.0,lmeds630,164.1,1.47,384
band3,win384_nfauto,dog_hynet,nn,0.134,5.78,43,16.0,15990.0,,lmeds630,135.0,53304.15771459379,8.0,9.0,lmeds630,47.6,0.72,384
band3,win384_nfauto,dog_sosnet,nn,0.105,4.54,43,12.0,1012.0,,magsac630,136.0,54661.75565419717,7.0,9.0,lmeds630,37.9,0.72,384
band3,win384_nfauto,hessian,nn,0.093,4.0,43,13.0,1280.0,,magsac630,138.0,58022.282979802745,7.0,9.0,lmeds630,52.4,0.85,384
band3,win256_nfauto,dedode_L-upright_B-upright,nn,0.075,5.54,74,20.0,14660.0,,lmeds630,140.0,60359.070306761016,7.0,9.0,lmeds630,100.3,3.46,256
band3,win384_nfauto,dedode_L-C4-v2_B-C4,nn,0.122,5.26,43,13.0,14557.0,,lmeds630,141.0,61409.23220869591,9.0,9.0,lmeds630,56.2,2.38,384
band3,win768_nfauto,hessian,nn,0.203,6.1,30,6.0,11850.0,,lmeds630,142.0,67171.65647171259,6.0,9.0,lmeds630,87.6,2.65,768
band3,win384_nfauto,dedode_L-C4_B-C4,nn,0.12,5.18,43,11.0,11467.0,,lmeds630,145.0,68260.84064609678,5.0,9.0,lmeds630,56.2,2.38,384
band3,win512_nfauto,dedode_L-upright_G-C4,nn,0.327,13.08,40,10.0,2400.0,,magsac630,147.0,80472.52661977407,5.0,9.0,magsac630,159.9,3.0,512
band3,win1024_nfauto,hessian,nn,0.247,6.19,25,2.0,12203.0,,lmeds630,148.0,81606.85037651013,5.0,9.0,lmeds630,106.1,4.71,1024
band3,win384_nfauto,dedode_L-upright_B-C4,nn,0.119,5.14,43,8.0,7770.0,,lmeds630,149.0,81648.69319145838,5.0,9.0,lmeds630,56.3,2.38,384
band3,win640_nfauto,hessian,nn,0.177,5.14,29,3.0,10028.0,,lmeds630,150.0,85383.76917742325,8.0,9.0,lmeds630,63.4,1.83,640
band3,win640_nfauto,dog_hardnet,nn,0.122,3.53,29,6.0,13629.0,,lmeds630,151.0,101811.87060659828,6.0,9.0,lmeds630,67.4,1.85,640
band3,win640_nfauto,sift,nn,0.118,3.43,29,6.0,13588.0,,lmeds630,152.0,103452.88081321598,6.0,9.0,lmeds630,167.1,1.82,640
band3,win640_nfauto,dog_sosnet,nn,0.176,5.09,29,6.0,13736.0,,lmeds630,153.0,103871.85294053864,6.0,9.0,lmeds630,41.1,0.94,640
band3,win256_nfauto,imw-dkm,internal,1.124,77.55,69,38.0,24780.0,,lmeds630,154.0,114203.43682918746,8.0,9.0,lmeds630,144.5,7.34,256
band3,win768_nfauto,dog_hardnet,nn,0.141,4.24,30,6.0,2063.0,,magsac630,155.0,115207.65240141818,7.0,9.0,lmeds630,81.7,2.7,768
band3,win384_nfauto,imw-dkm,internal,1.18,72.0,61,8.0,5974.0,,lmeds630,156.0,119311.5743683195,5.0,9.0,lmeds630,137.4,7.34,384
band3,win768_nfauto,sift,nn,0.132,3.97,30,6.0,14051.0,,lmeds630,157.0,119657.27591600396,7.0,9.0,lmeds630,170.5,2.59,768
band3,win768_nfauto,dog_hynet,nn,0.252,7.57,30,6.0,15301.0,,lmeds630,158.0,120775.46574982586,7.0,9.0,lmeds630,60.7,2.32,768
band3,win1152_nfauto,dedode_L-C4-v2_B-C4,ada,0.509,12.21,24,6.0,6809.0,,lmeds630,160.0,129920.94393688238,5.0,9.0,lmeds630,136.6,2.46,1152
band3,win640_nfauto,dog_hynet,nn,0.228,6.83,30,4.0,8415.0,,lmeds630,161.0,131240.2526904577,5.0,9.0,lmeds630,54.7,1.8,640
band3,win896_nfauto,sift,nn,0.13,3.91,30,6.0,16647.0,,lmeds630,162.0,133502.32819003335,8.0,9.0,lmeds630,195.9,2.89,896
band3,win1920_nfauto,dog_hynet,ada,0.282,6.48,23,6.0,3951.0,,lmeds630,163.0,147512.74717606528,6.0,9.0,lmeds630,59.7,2.59,1920
band3,win384_nfauto,imw-roma,internal,1.217,79.08,65,9.0,3087.0,,magsac630,164.0,152156.55135622734,5.0,9.0,magsac630,146.4,5.35,384
band3,win1024_nfauto,dog_hynet,nn,0.285,7.12,25,3.0,10004.0,,lmeds630,165.0,152448.15503942518,7.0,9.0,lmeds630,57.9,2.59,1024
band3,win1152_nfauto,dog_hynet,nn,0.293,7.02,24,3.0,10004.0,,lmeds630,166.0,152448.15503942518,7.0,9.0,lmeds630,60.3,2.59,1152
band3,win1280_nfauto,dog_hynet,nn,0.29,6.96,24,3.0,10004.0,,lmeds630,167.0,152448.15503942518,7.0,9.0,lmeds630,57.1,2.59,1280
band3,win1408_nfauto,dog_hynet,nn,0.307,7.36,24,3.0,10004.0,,lmeds630,168.0,152448.15503942518,7.0,9.0,lmeds630,58.8,2.59,1408
band3,win1536_nfauto,dog_hynet,nn,0.294,7.06,24,3.0,10004.0,,lmeds630,169.0,152448.15503942518,7.0,9.0,lmeds630,57.8,2.59,1536
band3,win1664_nfauto,dog_hynet,nn,0.296,7.09,24,3.0,10004.0,,lmeds630,170.0,152448.15503942518,7.0,9.0,lmeds630,58.0,2.59,1664
band3,win1792_nfauto,dog_hynet,nn,0.295,7.08,24,3.0,10004.0,,lmeds630,171.0,152448.15503942518,7.0,9.0,lmeds630,57.3,2.59,1792
band3,win1920_nfauto,dog_hynet,nn,0.295,7.09,24,3.0,10004.0,,lmeds630,172.0,152448.15503942518,7.0,9.0,lmeds630,59.7,2.59,1920
band3,win2048_nfauto,dog_hynet,nn,0.307,7.37,24,3.0,10004.0,,lmeds630,173.0,152448.15503942518,7.0,9.0,lmeds630,59.0,2.59,2048
band3,win256_nfauto,imw-minima-roma,internal,1.128,145.56,129,17.0,2232.0,,magsac630,174.0,166573.35367887112,5.0,9.0,magsac630,228.3,5.35,256
band3,win1152_nfauto,dog_hardnet,nn,0.16,3.85,24,2.0,8047.0,,lmeds630,175.0,169055.89291809953,8.0,9.0,lmeds630,75.6,3.02,1152
band3,win1280_nfauto,dog_hardnet,nn,0.159,3.82,24,2.0,8047.0,,lmeds630,176.0,169055.89291809953,8.0,9.0,lmeds630,75.3,3.02,1280
band3,win1408_nfauto,dog_hardnet,nn,0.16,3.85,24,2.0,8047.0,,lmeds630,177.0,169055.89291809953,8.0,9.0,lmeds630,75.0,3.02,1408
band3,win1536_nfauto,dog_hardnet,nn,0.161,3.86,24,2.0,8047.0,,lmeds630,178.0,169055.89291809953,8.0,9.0,lmeds630,75.5,3.02,1536
band3,win1664_nfauto,dog_hardnet,nn,0.16,3.85,24,2.0,8047.0,,lmeds630,179.0,169055.89291809953,8.0,9.0,lmeds630,75.5,3.02,1664
band3,win1792_nfauto,dog_hardnet,nn,0.16,3.85,24,2.0,8047.0,,lmeds630,180.0,169055.89291809953,8.0,9.0,lmeds630,75.6,3.02,1792
band3,win1920_nfauto,dog_hardnet,nn,0.163,3.9,24,2.0,8047.0,,lmeds630,181.0,169055.89291809953,8.0,9.0,lmeds630,76.3,3.02,1920
band3,win2048_nfauto,dog_hardnet,nn,0.178,4.27,24,2.0,8047.0,,lmeds630,182.0,169055.89291809953,8.0,9.0,lmeds630,78.9,3.02,2048
band3,win512_nfauto,imw-minima-roma,internal,1.196,72.97,61,16.0,5905.0,,lmeds630,183.0,177236.2470282731,5.0,9.0,lmeds630,145.4,5.35,512
band3,win1536_nfauto,dedode_L-C4-v2_B-upright,nn,0.533,12.79,24,6.0,81803.0,,lmeds630,184.0,185277.05075671623,6.0,9.0,lmeds630,96.2,9.02,1536
band3,win640_nfauto,dog_sosnet,mnn,0.144,4.18,29,9.0,127.0,,magsac630,185.0,174.20031294945326,1.0,9.0,magsac630,41.1,0.94,640
band3,win1024_nfauto,imw-topicfm,internal,0.441,8.39,19,12.0,421.0,,lmeds630,186.0,179.03877053415383,2.0,9.0,lmeds630,27.2,2.53,1024
band3,win256_nfauto,imw-xfeat-lg,internal,0.215,4.53,21,8.0,190.0,,magsac630,187.0,181.60523520795536,1.0,9.0,magsac630,27.7,0.88,256
band3,win1152_nfauto,imw-topicfm,internal,0.36,7.2,20,12.0,360.0,,lmeds630,188.0,182.9638210656584,2.0,9.0,lmeds630,25.3,2.52,1152
band3,win384_nfauto,sift,mnn,0.069,2.98,43,19.0,706.0,,lmeds630,190.0,218.6029045759473,2.0,9.0,magsac630,164.1,1.47,384
band3,win640_nfauto,hessian,ada,0.175,4.2,24,5.0,153.0,,lmeds630,191.0,222.6071343817471,1.0,9.0,magsac630,63.4,1.83,640
band3,win384_nfauto,disk_epipolar,fginn_fm1,0.165,2.47,15,6.0,55.0,,lmeds630,192.0,241.41229351330105,1.0,9.0,lmeds630,44.5,1.25,384
band3,win640_nfauto,sift,ada,0.116,2.9,25,7.0,168.0,,lmeds630,193.0,245.37640581958965,1.0,9.0,lmeds630,167.1,1.82,640
band3,win768_nfauto,sift,mnn,0.098,2.93,30,11.0,165.0,,magsac630,194.0,246.2878316021852,1.0,9.0,magsac630,170.5,2.59,768
band3,win896_nfauto,sift,ada,0.123,3.21,26,7.0,170.0,,lmeds630,195.0,249.99928057872864,1.0,9.0,lmeds630,195.9,2.89,896
band3,win768_nfauto,sift,ada,0.124,3.23,26,8.0,151.0,,magsac630,196.0,250.77838924219373,1.0,9.0,lmeds630,170.5,2.59,768
band3,win512_nfauto,disk_epipolar,smnn0.9,0.092,2.59,28,9.0,164.0,,lmeds630,197.0,256.05383859105814,1.0,9.0,magsac630,33.0,1.25,512
band3,win768_nfauto,dog_sosnet,mnn,0.155,4.65,30,8.0,121.0,,magsac630,198.0,256.4414777746754,1.0,9.0,magsac630,48.9,1.34,768
band3,win1152_nfauto,sift,ada,0.16,3.2,20,7.0,192.0,,lmeds630,199.0,257.0314846153449,1.0,9.0,lmeds630,155.2,2.89,1152
band3,win1280_nfauto,sift,ada,0.146,2.91,20,7.0,192.0,,lmeds630,200.0,257.0314846153449,1.0,9.0,lmeds630,151.5,2.89,1280
band3,win1408_nfauto,sift,ada,0.147,2.94,20,7.0,192.0,,lmeds630,201.0,257.0314846153449,1.0,9.0,lmeds630,152.6,2.89,1408
band3,win1536_nfauto,sift,ada,0.303,6.07,20,7.0,192.0,,lmeds630,202.0,257.0314846153449,1.0,9.0,lmeds630,222.5,2.89,1536
band3,win1664_nfauto,sift,ada,0.146,2.92,20,7.0,192.0,,lmeds630,203.0,257.0314846153449,1.0,9.0,lmeds630,152.0,2.89,1664
band3,win1792_nfauto,sift,ada,0.147,2.94,20,7.0,192.0,,lmeds630,204.0,257.0314846153449,1.0,9.0,lmeds630,152.9,2.89,1792
band3,win1920_nfauto,sift,ada,0.153,3.07,20,7.0,192.0,,lmeds630,205.0,257.0314846153449,1.0,9.0,lmeds630,153.5,2.89,1920
band3,win2048_nfauto,sift,ada,0.146,2.91,20,7.0,192.0,,lmeds630,206.0,257.0314846153449,1.0,9.0,lmeds630,152.0,2.89,2048
band3,win1024_nfauto,dog_hardnet,mnn,0.118,2.94,25,7.0,98.0,,magsac630,207.0,264.8640598330968,1.0,9.0,magsac630,78.4,3.02,1024
band3,win640_nfauto,sift,mnn,0.089,2.57,29,11.0,141.0,,magsac630,208.0,267.7284680816948,1.0,9.0,magsac630,167.1,1.82,640
band3,win1408_nfauto,dog_sosnet,mnn,0.181,4.33,24,8.0,122.0,,magsac630,209.0,272.7843400289387,1.0,9.0,magsac630,43.5,1.5,1408
band3,win1152_nfauto,dog_sosnet,mnn,0.182,4.36,24,8.0,112.0,,magsac630,210.0,275.30093777314937,1.0,9.0,magsac630,44.0,1.5,1152
band3,win1280_nfauto,dog_sosnet,mnn,0.181,4.33,24,8.0,112.0,,magsac630,211.0,275.30093777314937,1.0,9.0,magsac630,43.5,1.5,1280
band3,win1536_nfauto,dog_sosnet,mnn,0.182,4.37,24,8.0,112.0,,magsac630,212.0,275.30093777314937,1.0,9.0,magsac630,44.4,1.5,1536
band3,win1664_nfauto,dog_sosnet,mnn,0.181,4.35,24,8.0,112.0,,magsac630,213.0,275.30093777314937,1.0,9.0,magsac630,43.9,1.5,1664
band3,win1792_nfauto,dog_sosnet,mnn,0.181,4.34,24,8.0,112.0,,magsac630,214.0,275.30093777314937,1.0,9.0,magsac630,44.5,1.5,1792
band3,win1920_nfauto,dog_sosnet,mnn,0.19,4.56,24,8.0,112.0,,magsac630,215.0,275.30093777314937,1.0,9.0,magsac630,45.5,1.5,1920
band3,win2048_nfauto,dog_sosnet,mnn,0.192,4.61,24,8.0,112.0,,magsac630,216.0,275.30093777314937,1.0,9.0,magsac630,45.9,1.5,2048
band3,win896_nfauto,disk_epipolar,smnn0.9,0.203,4.06,20,4.0,44.0,,magsac630,217.0,275.4568887990561,1.0,9.0,magsac630,44.2,1.25,896
band3,win1152_nfauto,dog_hardnet,smnn0.9,0.77,13.09,17,5.0,45.0,,lmeds630,218.0,275.6073211962742,1.0,9.0,lmeds630,75.6,3.02,1152
band3,win1280_nfauto,dog_hardnet,smnn0.9,0.77,13.09,17,5.0,45.0,,lmeds630,219.0,275.6073211962742,1.0,9.0,lmeds630,75.3,3.02,1280
band3,win1408_nfauto,dog_hardnet,smnn0.9,0.769,13.07,17,5.0,45.0,,lmeds630,220.0,275.6073211962742,1.0,9.0,lmeds630,75.0,3.02,1408
band3,win1536_nfauto,dog_hardnet,smnn0.9,0.774,13.16,17,5.0,45.0,,lmeds630,221.0,275.6073211962742,1.0,9.0,lmeds630,75.5,3.02,1536
band3,win1664_nfauto,dog_hardnet,smnn0.9,0.772,13.13,17,5.0,45.0,,lmeds630,222.0,275.6073211962742,1.0,9.0,lmeds630,75.5,3.02,1664
band3,win1792_nfauto,dog_hardnet,smnn0.9,0.773,13.14,17,5.0,45.0,,lmeds630,223.0,275.6073211962742,1.0,9.0,lmeds630,75.6,3.02,1792
band3,win1920_nfauto,dog_hardnet,smnn0.9,0.77,13.1,17,5.0,45.0,,lmeds630,224.0,275.6073211962742,1.0,9.0,lmeds630,76.3,3.02,1920
band3,win2048_nfauto,dog_hardnet,smnn0.9,0.798,13.57,17,5.0,45.0,,lmeds630,225.0,275.6073211962742,1.0,9.0,lmeds630,78.9,3.02,2048
band3,win256_nfauto,imw-r2d2-nn-kt0p2,internal,0.163,4.25,26,11.0,134.0,,lmeds630,226.0,276.5543625506981,2.0,9.0,magsac630,28.0,3.18,256
band3,win768_nfauto,disk_epipolar,smnn0.9,0.208,4.15,20,4.0,54.0,,lmeds630,227.0,277.40318387117657,1.0,9.0,magsac630,45.8,1.25,768
band3,win896_nfauto,dog_sosnet,mnn,0.152,4.57,30,8.0,111.0,,magsac630,228.0,277.5928260771876,1.0,9.0,magsac630,45.3,1.5,896
band3,win896_nfauto,dog_hardnet,smnn0.9,0.948,17.07,18,5.0,47.0,,lmeds630,237.0,282.0023201793192,1.0,9.0,lmeds630,81.3,3.02,896
band3,win896_nfauto,dog_sosnet,ada,0.167,4.85,29,5.0,86.0,,lmeds630,238.0,283.5494801026384,1.0,9.0,lmeds630,45.3,1.5,896
band3,win1280_nfauto,imw-topicfm,internal,0.388,7.37,19,10.0,342.0,,lmeds630,240.0,287.3225980539088,2.0,9.0,magsac630,25.5,2.53,1280
band3,win384_nfauto,hessian,smnn0.9,0.561,15.71,28,5.0,64.0,,lmeds630,241.0,289.289808246487,2.0,9.0,lmeds630,52.4,0.85,384
band3,win2048_nfauto,imw-topicfm,internal,0.369,7.37,20,12.0,354.0,,lmeds630,244.0,292.572915957811,2.0,9.0,lmeds630,25.8,2.52,2048
band3,win384_nfauto,imw-d2net-nn-kt0p2-fm1,internal,0.43,14.62,34,10.0,93.0,,lmeds630,245.0,296.06573753256686,2.0,9.0,lmeds630,55.6,4.62,384
band3,win1408_nfauto,imw-topicfm,internal,0.498,9.96,20,12.0,359.0,,lmeds630,246.0,302.79615110050577,2.0,9.0,lmeds630,41.2,2.53,1408
band3,win1024_nfauto,dog_hardnet,smnn0.9,1.015,16.23,16,5.0,44.0,,lmeds630,247.0,302.9369528453653,1.0,9.0,lmeds630,78.4,3.02,1024
band3,win512_nfauto,sift,smnn0.9,2.201,39.62,18,5.0,69.0,,lmeds630,249.0,303.8853846446905,1.0,9.0,lmeds630,164.8,1.47,512
band3,win640_nfauto,hessian,mnn,0.131,3.81,29,9.0,154.0,,magsac630,252.0,309.3738825288178,1.0,9.0,magsac630,63.4,1.83,640
band3,win384_nfauto,dog_hardnet,smnn0.9,0.78,18.72,24,6.0,63.0,,lmeds630,253.0,320.36849602733986,1.0,9.0,lmeds630,91.2,1.0,384
band3,win384_nfauto,imw-r2d2-nn-kt0p2,internal,0.279,6.69,24,5.0,42.0,,lmeds630,254.0,322.2978719536984,1.0,9.0,lmeds630,30.0,3.18,384
band3,win512_nfauto,dog_hardnet,mnn,0.067,2.67,40,9.0,124.0,,magsac630,256.0,331.123819640823,1.0,9.0,magsac630,120.8,1.22,512
band3,win768_nfauto,dog_hardnet,smnn0.9,0.904,18.99,21,5.0,44.0,,lmeds630,257.0,336.9732048890279,1.0,9.0,lmeds630,81.7,2.7,768
band3,win1024_nfauto,sift,mnn,0.107,2.57,24,10.0,153.0,,magsac630,258.0,337.66524775367355,2.0,9.0,magsac630,158.0,2.89,1024
band3,win896_nfauto,sift,smnn0.9,3.179,44.5,14,5.0,58.0,,lmeds630,259.0,340.7637399805347,1.0,9.0,lmeds630,195.9,2.89,896
band3,win384_nfauto,disk_depth,mnn,0.059,2.52,43,22.0,2181.0,,lmeds630,261.0,347.4785724341885,2.0,9.0,magsac630,49.5,1.25,384
band3,win1792_nfauto,imw-topicfm,internal,0.433,8.23,19,11.0,353.0,,lmeds630,262.0,348.52546785903934,2.0,9.0,lmeds630,29.6,2.53,1792
band3,win1664_nfauto,imw-topicfm,internal,0.362,7.24,20,11.0,350.0,,lmeds630,264.0,350.6032789235317,2.0,9.0,lmeds630,25.4,2.53,1664
band3,win1920_nfauto,imw-topicfm,internal,0.403,7.65,19,11.0,351.0,,lmeds630,265.0,352.9051365429638,2.0,9.0,lmeds630,33.7,2.52,1920
band3,win896_nfauto,imw-topicfm,internal,0.388,8.91,23,13.0,424.0,,lmeds630,266.0,357.51302479938573,2.0,9.0,magsac630,28.2,2.52,896
band3,win512_nfauto,sift,snn,0.243,2.91,12,4.0,37.0,,lmeds630,268.0,359.81600541696594,1.0,9.0,lmeds630,164.8,1.47,512
band3,win1536_nfauto,imw-topicfm,internal,0.388,7.36,19,11.0,349.0,,lmeds630,269.0,359.98472625509044,2.0,9.0,lmeds630,25.6,2.52,1536
band3,win768_nfauto,hessian,smnn0.9,1.0,20.99,21,4.0,57.0,,lmeds630,270.0,360.05102159752386,1.0,9.0,lmeds630,87.6,2.65,768
band3,win1152_nfauto,hessian,smnn0.9,1.011,18.21,18,4.0,58.0,,lmeds630,271.0,360.31136460312376,1.0,9.0,lmeds630,123.9,5.22,1152
band3,win1280_nfauto,hessian,smnn0.9,0.765,13.77,18,4.0,58.0,,lmeds630,272.0,360.31136460312376,1.0,9.0,lmeds630,101.0,5.22,1280
band3,win1408_nfauto,hessian,smnn0.9,0.766,13.78,18,4.0,58.0,,lmeds630,273.0,360.31136460312376,1.0,9.0,lmeds630,102.1,5.22,1408
band3,win1536_nfauto,hessian,smnn0.9,0.772,13.89,18,4.0,58.0,,lmeds630,274.0,360.31136460312376,1.0,9.0,lmeds630,102.5,5.22,1536
band3,win1664_nfauto,hessian,smnn0.9,0.771,13.88,18,4.0,58.0,,lmeds630,275.0,360.31136460312376,1.0,9.0,lmeds630,102.3,5.22,1664
band3,win1792_nfauto,hessian,smnn0.9,0.763,13.73,18,4.0,58.0,,lmeds630,276.0,360.31136460312376,1.0,9.0,lmeds630,100.9,5.22,1792
band3,win1920_nfauto,hessian,smnn0.9,0.776,13.98,18,4.0,58.0,,lmeds630,277.0,360.31136460312376,1.0,9.0,lmeds630,105.3,5.22,1920
band3,win2048_nfauto,hessian,smnn0.9,0.781,14.05,18,4.0,58.0,,lmeds630,278.0,360.31136460312376,1.0,9.0,lmeds630,103.9,5.22,2048
band3,win1152_nfauto,sift,mnn,0.12,2.88,24,10.0,160.0,,magsac630,280.0,362.970812690896,2.0,9.0,magsac630,155.2,2.89,1152
band3,win1280_nfauto,sift,mnn,0.11,2.64,24,10.0,160.0,,magsac630,281.0,362.970812690896,2.0,9.0,magsac630,151.5,2.89,1280
band3,win1408_nfauto,sift,mnn,0.111,2.68,24,10.0,160.0,,magsac630,282.0,362.970812690896,2.0,9.0,magsac630,152.6,2.89,1408
band3,win1536_nfauto,sift,mnn,0.201,4.83,24,10.0,160.0,,magsac630,283.0,362.970812690896,2.0,9.0,magsac630,222.5,2.89,1536
band3,win1664_nfauto,sift,mnn,0.11,2.64,24,10.0,160.0,,magsac630,284.0,362.970812690896,2.0,9.0,magsac630,152.0,2.89,1664
band3,win1792_nfauto,sift,mnn,0.112,2.68,24,10.0,160.0,,magsac630,285.0,362.970812690896,2.0,9.0,magsac630,152.9,2.89,1792
band3,win1920_nfauto,sift,mnn,0.115,2.76,24,10.0,160.0,,magsac630,286.0,362.970812690896,2.0,9.0,magsac630,153.5,2.89,1920
band3,win2048_nfauto,sift,mnn,0.11,2.65,24,10.0,160.0,,magsac630,287.0,362.970812690896,2.0,9.0,magsac630,152.0,2.89,2048
band3,win640_nfauto,hessian,smnn0.9,0.757,13.62,18,4.0,56.0,,lmeds630,292.0,371.00456826260125,1.0,9.0,lmeds630,63.4,1.83,640
band3,win896_nfauto,hessian,ada,0.222,5.12,23,4.0,88.0,,magsac630,293.0,376.0585261634499,1.0,9.0,magsac630,105.3,3.61,896
band3,win1024_nfauto,hessian,smnn0.9,1.028,18.51,18,4.0,55.0,,lmeds630,294.0,376.9983990847081,1.0,9.0,lmeds630,106.1,4.71,1024
band3,win384_nfauto,imw-eloftr,internal,0.119,4.62,39,8.0,94.0,,magsac630,306.0,393.0809254617627,2.0,9.0,magsac630,21.1,2.24,384
band3,win384_nfauto,dedode_L-C4-v2_B-upright,lgm,0.124,4.96,40,17.0,414.0,,lmeds630,309.0,395.3160158074317,1.0,9.0,magsac630,56.2,2.38,384
band3,win256_nfauto,sift,smnn0.9,1.042,25.0,24,8.0,119.0,,lmeds630,310.0,401.5314815447937,2.0,9.0,lmeds630,155.1,1.47,256
band3,win256_nfauto,dog_hynet,mnn,0.08,5.94,74,22.0,1946.0,,lmeds630,311.0,404.3935068215166,2.0,9.0,magsac630,56.0,0.72,256
band3,win640_nfauto,dog_hardnet,mnn,0.093,2.71,29,7.0,103.0,,magsac630,314.0,411.61999398144366,2.0,9.0,magsac630,67.4,1.85,640
band3,win256_nfauto,disk_depth,smnn0.9,0.157,4.55,29,9.0,142.0,,lmeds630,316.0,419.61417899534354,2.0,9.0,lmeds630,48.2,1.25,256
band3,win768_nfauto,dog_hardnet,mnn,0.108,3.25,30,7.0,107.0,,magsac630,317.0,419.7982009070174,2.0,9.0,magsac630,81.7,2.7,768
band3,win512_nfauto,imw-topicfm,internal,0.244,7.09,29,16.0,912.0,,lmeds630,318.0,428.5467753764147,2.0,9.0,lmeds630,26.8,2.52,512
band3,win256_nfauto,sift,mnn,0.05,3.82,76,17.0,241.0,,lmeds630,321.0,435.88038493396726,3.0,9.0,magsac630,155.1,1.47,256
band3,win1152_nfauto,hessian,mnn,0.178,4.27,24,8.0,157.0,,magsac630,322.0,438.7999510834166,2.0,9.0,magsac630,123.9,5.22,1152
band3,win1280_nfauto,hessian,mnn,0.18,4.31,24,8.0,157.0,,magsac630,323.0,438.7999510834166,2.0,9.0,magsac630,101.0,5.22,1280
band3,win1408_nfauto,hessian,mnn,0.183,4.4,24,8.0,157.0,,magsac630,324.0,438.7999510834166,2.0,9.0,magsac630,102.1,5.22,1408
band3,win1536_nfauto,hessian,mnn,0.179,4.31,24,8.0,157.0,,magsac630,325.0,438.7999510834166,2.0,9.0,magsac630,102.5,5.22,1536
band3,win1664_nfauto,hessian,mnn,0.183,4.4,24,8.0,157.0,,magsac630,326.0,438.7999510834166,2.0,9.0,magsac630,102.3,5.22,1664
band3,win1792_nfauto,hessian,mnn,0.18,4.32,24,8.0,157.0,,magsac630,327.0,438.7999510834166,2.0,9.0,magsac630,100.9,5.22,1792
band3,win1920_nfauto,hessian,mnn,0.188,4.5,24,8.0,157.0,,magsac630,328.0,438.7999510834166,2.0,9.0,magsac630,105.3,5.22,1920
band3,win2048_nfauto,hessian,mnn,0.184,4.41,24,8.0,157.0,,magsac630,329.0,438.7999510834166,2.0,9.0,magsac630,103.9,5.22,2048
band3,win640_nfauto,imw-topicfm,internal,0.401,7.62,19,11.0,411.0,,lmeds630,330.0,442.83357512342906,2.0,9.0,magsac630,25.9,2.52,640
band3,win256_nfauto,dog_hardnet,smnn0.9,0.669,20.73,31,5.0,56.0,,lmeds630,331.0,443.7709148357,2.0,9.0,lmeds630,108.6,1.0,256
band3,win2048_nfauto,imw-darkfeat-nn-kt0p2,internal,0.261,6.53,25,7.0,179.0,,lmeds630,333.0,446.95010034487336,1.0,9.0,magsac630,21.8,1.22,2048
band3,win256_nfauto,imw-topicfm,internal,0.103,5.75,56,24.0,851.0,,lmeds630,334.0,447.5361362562608,2.0,9.0,lmeds630,24.8,2.52,256
band3,win512_nfauto,sift,mnn,0.074,2.95,40,14.0,403.0,,lmeds630,335.0,447.824768577675,2.0,9.0,magsac630,164.8,1.47,512
band3,win256_nfauto,imw-aliked-lg-kt0p2,internal,0.271,7.06,26,8.0,173.0,,lmeds630,337.0,465.23565854209016,1.0,9.0,lmeds630,26.4,2.32,256
band3,win768_nfauto,hessian,mnn,0.151,4.52,30,6.0,128.0,,magsac630,338.0,467.0276921303713,2.0,9.0,magsac630,87.6,2.65,768
band3,win256_nfauto,sift,snn,0.223,3.79,17,4.0,45.0,,lmeds630,339.0,468.4508841762249,2.0,9.0,magsac630,155.1,1.47,256
band3,win256_nfauto,dog_sosnet,smnn0.9,0.407,7.74,19,4.0,42.0,,lmeds630,340.0,468.6118659917356,2.0,9.0,lmeds630,44.0,0.72,256
band3,win384_nfauto,disk_epipolar,smnn0.9,0.075,2.55,34,15.0,366.0,,lmeds630,341.0,475.61506099568953,2.0,9.0,magsac630,44.5,1.25,384
band3,win640_nfauto,imw-aspanformer,internal,0.51,9.19,18,6.0,116.0,,lmeds630,343.0,480.85515418275895,1.0,9.0,magsac630,30.8,2.22,640
band3,win256_nfauto,keynet,lgm,0.274,9.6,35,6.0,60.0,,lmeds630,344.0,483.1245459574004,1.0,9.0,lmeds630,211.4,1.47,256
band3,win512_nfauto,hessian,mnn,0.085,3.39,40,9.0,194.0,,magsac630,345.0,484.8001183432508,2.0,9.0,magsac630,61.4,1.19,512
band3,win256_nfauto,imw-xfeat-dense,internal,0.087,4.43,51,11.0,140.0,,lmeds630,346.0,488.42669911449786,2.0,9.0,lmeds630,29.8,1.42,256
band3,win384_nfauto,sift,smnn0.9,2.039,38.74,19,7.0,98.0,,lmeds630,347.0,491.6208697045853,2.0,9.0,magsac630,164.1,1.47,384
band3,win384_nfauto,imw-sfd2-nn-kt0p2,internal,0.114,4.43,39,11.0,133.0,,lmeds630,348.0,496.7487420637889,1.0,9.0,magsac630,19.5,1.54,384
band3,win1152_nfauto,sift,smnn0.9,1.905,24.77,13,6.0,62.0,,magsac630,352.0,507.1978799513984,1.0,9.0,magsac630,155.2,2.89,1152
band3,win1280_nfauto,sift,smnn0.9,1.869,24.29,13,6.0,62.0,,magsac630,353.0,507.1978799513984,1.0,9.0,magsac630,151.5,2.89,1280
band3,win1408_nfauto,sift,smnn0.9,1.884,24.5,13,6.0,62.0,,magsac630,354.0,507.1978799513984,1.0,9.0,magsac630,152.6,2.89,1408
band3,win1536_nfauto,sift,smnn0.9,2.57,33.41,13,6.0,62.0,,magsac630,355.0,507.1978799513984,1.0,9.0,magsac630,222.5,2.89,1536
band3,win1664_nfauto,sift,smnn0.9,1.881,24.45,13,6.0,62.0,,magsac630,356.0,507.1978799513984,1.0,9.0,magsac630,152.0,2.89,1664
band3,win1792_nfauto,sift,smnn0.9,1.892,24.59,13,6.0,62.0,,magsac630,357.0,507.1978799513984,1.0,9.0,magsac630,152.9,2.89,1792
band3,win1920_nfauto,sift,smnn0.9,1.9,24.7,13,6.0,62.0,,magsac630,358.0,507.1978799513984,1.0,9.0,magsac630,153.5,2.89,1920
band3,win2048_nfauto,sift,smnn0.9,1.883,24.48,13,6.0,62.0,,magsac630,359.0,507.1978799513984,1.0,9.0,magsac630,152.0,2.89,2048
band3,win512_nfauto,imw-eloftr,internal,0.136,5.02,37,7.0,68.0,,lmeds630,361.0,511.1142619688285,2.0,9.0,lmeds630,23.7,2.24,512
band3,win1024_nfauto,disk_depth,mnn,0.157,3.93,25,6.0,203.0,,magsac630,362.0,515.4010989476517,1.0,9.0,magsac630,54.7,1.25,1024
band3,win768_nfauto,disk_depth,mnn,0.135,4.05,30,7.0,208.0,,magsac630,364.0,524.9864133195479,1.0,9.0,magsac630,59.6,1.25,768
band3,win640_nfauto,disk_depth,mnn,0.113,3.27,29,8.0,200.0,,magsac630,376.0,534.8298367219329,1.0,9.0,magsac630,61.9,1.25,640
band3,win1024_nfauto,hessian,mnn,0.174,4.34,25,8.0,151.0,,magsac630,377.0,546.0753728047766,2.0,9.0,magsac630,106.1,4.71,1024
band3,win896_nfauto,dog_hardnet,mnn,0.105,3.16,30,7.0,98.0,,magsac630,378.0,547.6247883863554,2.0,9.0,magsac630,81.3,3.02,896
band3,win512_nfauto,disk_depth,mnn,0.064,2.56,40,13.0,299.0,,magsac630,381.0,573.1784579980297,1.0,9.0,magsac630,45.9,1.25,512
band3,win256_nfauto,imw-d2net-nn-kt0p2,internal,0.13,7.02,54,19.0,183.0,,lmeds630,383.0,580.0444631201018,2.0,9.0,magsac630,24.9,1.17,256
band3,win256_nfauto,disk_epipolar,smnn0.9,0.055,2.47,45,13.0,255.0,,magsac630,384.0,582.5136241280404,2.0,9.0,magsac630,34.2,1.24,256
band3,win384_nfauto,imw-topicfm,internal,0.184,5.87,32,14.0,768.0,,lmeds630,386.0,589.7657666310248,3.0,9.0,magsac630,24.3,2.52,384
band3,win1152_nfauto,imw-darkfeat-nn-kt0p2,internal,0.249,5.99,24,8.0,175.0,,lmeds630,387.0,589.805248750405,2.0,9.0,magsac630,21.8,1.22,1152
band3,win1280_nfauto,imw-darkfeat-nn-kt0p2,internal,0.25,6.01,24,8.0,175.0,,lmeds630,388.0,589.805248750405,2.0,9.0,magsac630,20.8,1.22,1280
band3,win1536_nfauto,imw-darkfeat-nn-kt0p2,internal,0.253,6.07,24,8.0,175.0,,lmeds630,389.0,589.805248750405,2.0,9.0,magsac630,22.2,1.22,1536
band3,win896_nfauto,disk_depth,mnn,0.135,4.05,30,5.0,155.0,,magsac630,390.0,605.2108860522337,1.0,9.0,magsac630,63.2,1.25,896
band3,win1152_nfauto,dog_hardnet,mnn,0.122,2.93,24,7.0,97.0,,magsac630,391.0,625.7314296286655,2.0,9.0,magsac630,75.6,3.02,1152
band3,win1280_nfauto,dog_hardnet,mnn,0.119,2.87,24,7.0,97.0,,magsac630,392.0,625.7314296286655,2.0,9.0,magsac630,75.3,3.02,1280
band3,win1408_nfauto,dog_hardnet,mnn,0.121,2.91,24,7.0,97.0,,magsac630,393.0,625.7314296286655,2.0,9.0,magsac630,75.0,3.02,1408
band3,win1536_nfauto,dog_hardnet,mnn,0.122,2.92,24,7.0,97.0,,magsac630,394.0,625.7314296286655,2.0,9.0,magsac630,75.5,3.02,1536
band3,win1664_nfauto,dog_hardnet,mnn,0.122,2.94,24,7.0,97.0,,magsac630,395.0,625.7314296286655,2.0,9.0,magsac630,75.5,3.02,1664
band3,win1792_nfauto,dog_hardnet,mnn,0.122,2.93,24,7.0,97.0,,magsac630,396.0,625.7314296286655,2.0,9.0,magsac630,75.6,3.02,1792
band3,win2048_nfauto,dog_hardnet,mnn,0.131,3.14,24,7.0,97.0,,magsac630,397.0,625.7314296286655,2.0,9.0,magsac630,78.9,3.02,2048
band3,win1408_nfauto,imw-darkfeat-nn-kt0p2,internal,0.253,6.08,24,7.0,176.0,,lmeds630,398.0,625.916477417623,1.0,9.0,magsac630,22.8,1.22,1408
band3,win768_nfauto,imw-topicfm,internal,0.613,14.7,24,15.0,532.0,,lmeds630,400.0,637.0725254999301,3.0,9.0,magsac630,47.1,2.52,768
band3,win512_nfauto,imw-d2net-nn-kt0p2,internal,0.221,6.41,29,4.0,37.0,,lmeds630,401.0,637.1575480669284,2.0,9.0,magsac630,23.0,1.17,512
band3,win896_nfauto,imw-darkfeat-nn-kt0p2,internal,0.217,6.51,30,9.0,294.0,,lmeds630,402.0,652.8506244796841,2.0,9.0,magsac630,21.4,1.22,896
band3,win512_nfauto,imw-sfd2-nn-kt0p2,internal,0.16,4.95,31,5.0,54.0,,lmeds630,403.0,655.1354954097133,1.0,9.0,lmeds630,19.4,1.54,512
band3,win768_nfauto,imw-darkfeat-nn-kt0p2,internal,0.229,6.88,30,6.0,103.0,,magsac630,405.0,661.6120010252038,2.0,9.0,magsac630,22.2,1.22,768
band3,win1664_nfauto,imw-darkfeat-nn-kt0p2,internal,0.251,6.02,24,7.0,177.0,,lmeds630,408.0,688.6053815024482,1.0,9.0,magsac630,21.2,1.22,1664
band3,win1920_nfauto,imw-darkfeat-nn-kt0p2,internal,0.254,6.1,24,7.0,177.0,,lmeds630,409.0,688.6053815024482,1.0,9.0,magsac630,21.3,1.22,1920
band3,win1024_nfauto,imw-darkfeat-nn-kt0p2,internal,0.261,6.26,24,7.0,179.0,,lmeds630,410.0,691.5198314296863,1.0,9.0,magsac630,21.5,1.22,1024
band3,win1792_nfauto,imw-darkfeat-nn-kt0p2,internal,0.255,6.38,25,7.0,166.0,,lmeds630,411.0,720.597612445979,1.0,9.0,magsac630,21.2,1.22,1792
band3,win256_nfauto,dedode_L-upright_B-upright,lgm,0.086,5.5,64,23.0,431.0,,lmeds630,413.0,733.2732841555181,1.0,9.0,magsac630,100.3,3.46,256
band3,win896_nfauto,hessian,mnn,0.154,4.61,30,8.0,154.0,,magsac630,414.0,737.3299214757179,2.0,9.0,magsac630,105.3,3.61,896
band3,win640_nfauto,imw-minima-roma,internal,1.198,32.35,27,10.0,4830.0,,lmeds630,415.0,747.7248647326591,4.0,9.0,magsac630,105.2,5.36,640
band3,win256_nfauto,imw-d2net-nn-kt0p2-fm1,internal,0.3,18.02,60,15.0,143.0,,lmeds630,417.0,808.7147840328419,1.0,9.0,magsac630,63.1,4.62,256
band3,win512_nfauto,imw-d2net-nn-kt0p2-fm1,internal,0.551,15.97,29,6.0,56.0,,lmeds630,420.0,1176.6862107581212,2.0,9.0,lmeds630,54.6,4.62,512
band3,win1792_nfauto,imw-gim-roma,internal,1.605,35.32,22,5.0,6679.0,,lmeds630,422.0,1212.8022628984804,2.0,9.0,lmeds630,135.8,5.36,1792
band3,win512_nfauto,disk_epipolar,nn,0.085,3.38,40,16.0,358.0,,magsac630,424.0,1280.350091144002,2.0,9.0,magsac630,33.0,1.25,512
band3,win768_nfauto,dog_hardnet,ada,0.148,3.55,24,4.0,71.0,,magsac630,425.0,1509.030091738148,1.0,9.0,magsac630,81.7,2.7,768
band3,win512_nfauto,dog_hardnet,lgm,0.124,4.61,37,4.0,43.0,,magsac630,427.0,2318.669032753404,1.0,9.0,magsac630,120.8,1.22,512
band3,win512_nfauto,disk_epipolar,mnn,0.069,2.75,40,13.0,527.0,,magsac630,428.0,2499.6305297924205,2.0,9.0,magsac630,33.0,1.25,512
band3,win256_nfauto,dedode_L-upright_G-C4,lgm,0.232,7.67,33,8.0,81.0,,lmeds630,429.0,2669.257605939343,2.0,9.0,lmeds630,111.0,3.0,256
band3,win512_nfauto,disk_depth,lgm,0.086,3.25,38,7.0,487.0,,lmeds630,430.0,2720.361470686334,1.0,9.0,magsac630,45.9,1.25,512
band3,win896_nfauto,dog_hardnet,ada,0.143,3.43,24,4.0,78.0,,magsac630,431.0,2721.274537723994,1.0,9.0,magsac630,81.3,3.02,896
band3,win512_nfauto,imw-darkfeat-nn-kt0p2,internal,0.119,4.77,40,18.0,461.0,,lmeds630,432.0,3118.974806245711,3.0,9.0,lmeds630,19.7,1.22,512
band3,win768_nfauto,imw-gim-roma,internal,1.501,42.04,28,5.0,4662.0,,magsac630,433.0,3168.4983971311467,2.0,9.0,magsac630,110.1,5.36,768
band3,win256_nfauto,imw-eloftr,internal,0.064,4.7,73,20.0,257.0,,lmeds630,436.0,3363.791450739592,4.0,9.0,lmeds630,23.6,2.23,256
band3,win768_nfauto,disk_epipolar,mnn,0.147,4.4,30,6.0,178.0,,magsac630,437.0,3414.791966357852,2.0,9.0,magsac630,45.8,1.25,768
band3,win512_nfauto,imw-ripe-nn-kt0p2,internal,0.237,8.51,36,7.0,223.0,,lmeds630,438.0,3459.1054004371176,1.0,9.0,lmeds630,35.1,2.14,512
band3,win256_nfauto,disk_epipolar,lgm,0.098,3.25,33,7.0,54.0,,lmeds630,443.0,4351.611676998339,4.0,9.0,lmeds630,34.2,1.24,256
band3,win256_nfauto,dedode_L-C4-v2_B-C4,mnn,0.063,4.63,74,15.0,200.0,,magsac630,447.0,5258.31040959643,2.0,9.0,magsac630,57.2,2.38,256
band3,win896_nfauto,dog_hardnet,lgm,0.156,3.9,25,5.0,125.0,,lmeds630,448.0,5718.038784392775,3.0,9.0,lmeds630,81.3,3.02,896
band3,win384_nfauto,disk_depth,ada,0.065,2.8,43,16.0,380.0,,magsac630,452.0,6383.796173844362,3.0,9.0,lmeds630,49.5,1.25,384
band3,win256_nfauto,dedode_L-C4_B-upright,lgm,0.094,5.44,58,25.0,454.0,,lmeds630,453.0,6441.087666832492,4.0,9.0,lmeds630,59.3,2.38,256
band3,win768_nfauto,imw-aspanformer,internal,0.85,20.39,24,5.0,102.0,,lmeds630,457.0,6691.08377186994,2.0,9.0,lmeds630,68.4,2.22,768
band3,win896_nfauto,disk_epipolar,mnn,0.141,4.24,30,7.0,181.0,,magsac630,466.0,8730.216876410763,3.0,9.0,magsac630,44.2,1.25,896
band3,win512_nfauto,disk_epipolar,ada,0.072,2.87,40,16.0,498.0,,magsac630,468.0,9375.50009103098,4.0,9.0,magsac630,33.0,1.25,512
band3,win384_nfauto,dog_hardnet,ada,0.08,3.12,39,10.0,2084.0,,lmeds630,471.0,9785.583597674236,4.0,9.0,magsac630,91.2,1.0,384
band3,win256_nfauto,dedode_L-upright_B-C4,fginn_fm1,0.107,4.58,43,5.0,38.0,,lmeds630,481.0,11027.813684887606,2.0,9.0,lmeds630,58.2,2.38,256
band3,win512_nfauto,sift,ada,0.086,3.26,38,16.0,361.0,,magsac630,483.0,11157.868052014,4.0,9.0,magsac630,164.8,1.47,512
band3,win768_nfauto,dog_hynet,mnn,0.218,6.53,30,2.0,35.0,,magsac630,484.0,11267.62054882664,1.0,9.0,lmeds630,60.7,2.32,768
band3,win384_nfauto,sift,ada,0.081,3.32,41,18.0,422.0,,magsac630,485.0,11651.62575718235,4.0,9.0,magsac630,164.1,1.47,384
band3,win256_nfauto,dedode_L-C4-v2_G-C4,lgm,0.18,7.73,43,8.0,124.0,,lmeds630,488.0,12115.73302286397,1.0,9.0,lmeds630,88.1,3.0,256
band3,win512_nfauto,dog_hynet,nn,0.153,6.13,40,7.0,132.0,,magsac630,489.0,13551.829139796811,1.0,9.0,magsac630,53.7,1.04,512
band3,win1408_nfauto,disk_epipolar,mnn,0.17,4.09,24,5.0,197.0,,magsac630,490.0,14108.278012724812,2.0,9.0,magsac630,42.4,1.25,1408
band3,win1920_nfauto,disk_epipolar,mnn,0.178,4.26,24,5.0,197.0,,magsac630,491.0,14108.278012724812,2.0,9.0,magsac630,44.0,1.25,1920
band3,win2048_nfauto,disk_epipolar,mnn,0.17,4.07,24,5.0,197.0,,magsac630,492.0,14108.278012724812,2.0,9.0,magsac630,42.4,1.25,2048
band3,win1280_nfauto,disk_epipolar,mnn,0.17,4.09,24,5.0,141.0,,magsac630,493.0,14191.882126795914,2.0,9.0,magsac630,42.7,1.25,1280
band3,win1664_nfauto,disk_epipolar,mnn,0.17,4.08,24,5.0,141.0,,magsac630,494.0,14191.882126795914,2.0,9.0,magsac630,42.4,1.25,1664
band3,win512_nfauto,dog_sosnet,ada,0.125,4.36,35,8.0,572.0,,lmeds630,498.0,15087.581495445467,2.0,9.0,lmeds630,41.7,0.72,512
band3,win1152_nfauto,disk_epipolar,mnn,0.176,4.22,24,4.0,134.0,,magsac630,500.0,15740.77946877311,3.0,9.0,magsac630,44.0,1.25,1152
band3,win1792_nfauto,disk_epipolar,mnn,0.172,4.14,24,4.0,135.0,,magsac630,503.0,16707.796187904925,3.0,9.0,magsac630,43.1,1.25,1792
band3,win512_nfauto,dedode_L-upright_B-C4,mnn,0.168,6.73,40,6.0,87.0,,magsac630,504.0,16981.142668749224,1.0,9.0,magsac630,100.8,2.39,512
band3,win512_nfauto,dedode_L-C4_B-C4,mnn,0.148,5.92,40,6.0,58.0,,magsac630,505.0,17397.399347630468,2.0,9.0,magsac630,79.8,2.39,512
band3,win1536_nfauto,disk_epipolar,mnn,0.271,6.51,24,5.0,159.0,,magsac630,506.0,17470.94687968957,3.0,9.0,magsac630,71.9,1.25,1536
band3,win640_nfauto,imw-gim-roma,internal,1.165,31.47,27,9.0,4972.0,,magsac630,507.0,17690.35846303408,4.0,9.0,magsac630,96.2,5.36,640
band3,win896_nfauto,dedode_L-upright_G-C4,mnn,0.462,13.86,30,5.0,218.0,,lmeds630,509.0,18949.517508002224,2.0,9.0,magsac630,146.4,3.0,896
band3,win512_nfauto,dog_sosnet,nn,0.121,4.84,40,3.0,352.0,,magsac630,511.0,20578.48475277937,1.0,9.0,lmeds630,41.7,0.72,512
band3,win512_nfauto,dog_hynet,mnn,0.136,5.45,40,3.0,228.0,,lmeds630,514.0,21383.156422481843,1.0,9.0,lmeds630,53.7,1.04,512
band3,win1024_nfauto,dog_hynet,ada,0.269,6.46,24,3.0,1797.0,,lmeds630,515.0,21518.111540630736,1.0,9.0,lmeds630,57.9,2.59,1024
band3,win1536_nfauto,dog_hynet,ada,0.28,6.43,23,3.0,1797.0,,lmeds630,516.0,21518.111540630736,1.0,9.0,lmeds630,57.8,2.59,1536
band3,win1664_nfauto,dog_hynet,ada,0.28,6.44,23,3.0,1813.0,,lmeds630,517.0,21518.111540630736,1.0,9.0,lmeds630,58.0,2.59,1664
band3,win1792_nfauto,dog_hynet,ada,0.278,6.4,23,3.0,1820.0,,lmeds630,518.0,21518.111540630736,1.0,9.0,lmeds630,57.3,2.59,1792
band3,win2048_nfauto,dog_hynet,ada,0.284,6.54,23,3.0,1804.0,,lmeds630,519.0,21518.111540630736,1.0,9.0,lmeds630,59.0,2.59,2048
band3,win512_nfauto,dog_hardnet,ada,0.081,2.9,36,6.0,493.0,,magsac630,520.0,22615.64576423851,1.0,9.0,lmeds630,120.8,1.22,512
band3,win640_nfauto,disk_epipolar,ada,0.122,3.55,29,6.0,194.0,,magsac630,521.0,22824.0273954083,1.0,9.0,magsac630,40.1,1.25,640
band3,win384_nfauto,dedode_L-C4_B-upright,mnn,0.103,4.44,43,14.0,314.0,,lmeds630,522.0,23033.838762225037,4.0,9.0,lmeds630,58.1,2.38,384
band3,win384_nfauto,keynet,nn,0.13,5.45,42,7.0,498.0,,magsac630,523.0,23315.52486246932,1.0,9.0,lmeds630,219.7,1.48,384
band3,win640_nfauto,keynet,nn,0.187,5.6,30,1.0,362.0,,lmeds630,527.0,23749.0179402965,1.0,9.0,lmeds630,196.1,1.9,640
band3,win384_nfauto,gftt,nn,0.096,4.04,42,14.0,1155.0,,magsac630,528.0,23932.012708955142,1.0,9.0,lmeds630,66.6,0.73,384
band3,win384_nfauto,gftt,ada,0.108,3.99,37,5.0,113.0,,magsac630,529.0,24053.22488388644,1.0,9.0,lmeds630,66.6,0.73,384
band3,win384_nfauto,dog_hardnet,lgm,0.089,3.75,42,18.0,368.0,,lmeds630,530.0,24221.56377989188,4.0,9.0,lmeds630,91.2,1.0,384
band3,win512_nfauto,keynet,ada,0.132,5.14,39,5.0,389.0,,magsac630,531.0,24471.22558686989,1.0,9.0,lmeds630,265.4,1.48,512
band3,win384_nfauto,dedode_L-upright_G-C4,ada,0.167,7.18,43,9.0,1666.0,,lmeds630,532.0,24945.7213067984,3.0,9.0,lmeds630,93.7,3.0,384
band3,win512_nfauto,imw-gim-dkm,internal,4.149,78.84,19,5.0,12385.0,,magsac630,533.0,25153.88393093636,2.0,9.0,lmeds630,177.6,12.82,512
band3,win640_nfauto,disk_depth,ada,0.143,3.59,25,4.0,4016.0,,lmeds630,536.0,26128.26970148949,2.0,9.0,lmeds630,61.9,1.25,640
band3,win512_nfauto,hessian,nn,0.105,4.2,40,9.0,865.0,,magsac630,540.0,29993.14113804296,1.0,9.0,magsac630,61.4,1.19,512
band3,win640_nfauto,dedode_L-C4_G-C4,ada,0.415,11.61,28,5.0,212.0,,magsac630,541.0,31227.738919548457,2.0,9.0,magsac630,120.7,3.0,640
band3,win512_nfauto,dedode_L-C4-v2_G-C4,ada,0.208,8.12,39,11.0,4155.0,,lmeds630,543.0,32107.347219451607,1.0,9.0,lmeds630,94.0,3.0,512
band3,win384_nfauto,imw-liftfeat-nn-kt0p2,internal,0.137,5.89,43,6.0,46.0,,lmeds630,544.0,33020.06277761476,1.0,9.0,lmeds630,24.2,3.31,384
band3,win512_nfauto,dedode_L-upright_B-C4,nn,0.249,9.97,40,3.0,5683.0,,lmeds630,545.0,33431.784952142654,1.0,9.0,lmeds630,100.8,2.39,512
band3,win384_nfauto,dedode_L-C4-v2_G-C4,nn,0.182,7.84,43,8.0,1145.0,,magsac630,546.0,34648.67970860153,3.0,9.0,magsac630,88.4,3.0,384
band3,win1664_nfauto,dedode_L-upright_G-C4,ada,0.661,15.87,24,5.0,2911.0,,lmeds630,548.0,35558.0806067059,2.0,9.0,lmeds630,166.2,12.1,1664
band3,win384_nfauto,dedode_L-C4_G-C4,mnn,0.162,6.95,43,11.0,417.0,,lmeds630,550.0,36110.023842067145,2.0,9.0,lmeds630,88.4,3.0,384
band3,win512_nfauto,disk_depth,nn,0.085,3.39,40,3.0,334.0,,magsac630,553.0,36943.563588366094,1.0,9.0,lmeds630,45.9,1.25,512
band3,win256_nfauto,dedode_L-C4-v2_B-C4,nn,0.075,5.59,74,11.0,9878.0,,lmeds630,554.0,37519.88458960017,3.0,9.0,lmeds630,57.2,2.38,256
band3,win384_nfauto,imw-gim-dkm,internal,2.368,78.14,33,9.0,4421.0,,lmeds630,555.0,37528.939419802,1.0,9.0,lmeds630,175.4,12.82,384
band3,win1280_nfauto,disk_depth,nn,0.207,4.97,24,2.0,5153.0,,lmeds630,561.0,40135.37147951515,2.0,9.0,lmeds630,53.9,1.26,1280
band3,win512_nfauto,dog_hardnet,nn,0.081,3.24,40,9.0,8316.0,,lmeds630,562.0,41605.70891571319,4.0,9.0,lmeds630,120.8,1.22,512
band3,win384_nfauto,keynet,mnn,0.126,5.3,42,8.0,360.0,,lmeds630,565.0,43435.09834697656,3.0,9.0,lmeds630,219.7,1.48,384
band3,win768_nfauto,dedode_L-C4-v2_G-C4,nn,0.527,15.81,30,3.0,381.0,,magsac630,566.0,44619.95208919976,1.0,9.0,lmeds630,136.7,3.0,768
band3,win512_nfauto,dog_hynet,ada,0.157,6.12,39,5.0,1149.0,,lmeds630,569.0,45888.11699699902,2.0,9.0,lmeds630,53.7,1.04,512
band3,win640_nfauto,dedode_L-C4-v2_G-C4,mnn,0.372,11.17,30,5.0,305.0,,lmeds630,570.0,46097.51198287431,1.0,9.0,lmeds630,117.4,3.0,640
band3,win384_nfauto,dedode_L-C4-v2_G-C4,mnn,0.163,7.02,43,7.0,317.0,,lmeds630,571.0,47208.152911229845,1.0,9.0,lmeds630,88.4,3.0,384
band3,win896_nfauto,dog_hynet,ada,0.232,6.74,29,4.0,968.0,,lmeds630,574.0,49292.73465251419,2.0,9.0,lmeds630,59.3,2.59,896
band3,win512_nfauto,dedode_L-upright_G-C4,ada,0.278,11.13,40,11.0,4044.0,,lmeds630,575.0,49382.6204274152,4.0,9.0,lmeds630,159.9,3.0,512
band3,win384_nfauto,dedode_L-upright_G-C4,mnn,0.162,6.97,43,12.0,239.0,,lmeds630,576.0,49429.69132669892,3.0,9.0,lmeds630,93.7,3.0,384
band3,win640_nfauto,dedode_L-upright_G-C4,ada,0.385,11.18,29,2.0,136.0,,magsac630,577.0,49470.29322860909,1.0,9.0,magsac630,122.7,3.0,640
band3,win1536_nfauto,dedode_L-upright_G-C4,ada,0.648,15.54,24,3.0,460.0,,magsac630,578.0,50663.000333869975,1.0,9.0,magsac630,165.1,9.15,1536
band3,win1280_nfauto,dog_hynet,ada,0.276,6.35,23,3.0,917.0,,lmeds630,580.0,53269.75187256674,2.0,9.0,lmeds630,57.1,2.59,1280
band3,win1152_nfauto,hessian,nn,0.247,5.92,24,1.0,1508.0,,lmeds630,581.0,53618.95500899427,2.0,9.0,lmeds630,123.9,5.22,1152
band3,win1280_nfauto,hessian,nn,0.248,5.96,24,1.0,1508.0,,lmeds630,582.0,53618.95500899427,2.0,9.0,lmeds630,101.0,5.22,1280
band3,win1408_nfauto,hessian,nn,0.258,6.18,24,1.0,1508.0,,lmeds630,583.0,53618.95500899427,2.0,9.0,lmeds630,102.1,5.22,1408
band3,win1536_nfauto,hessian,nn,0.25,6.01,24,1.0,1508.0,,lmeds630,584.0,53618.95500899427,2.0,9.0,lmeds630,102.5,5.22,1536
band3,win1664_nfauto,hessian,nn,0.252,6.04,24,1.0,1508.0,,lmeds630,585.0,53618.95500899427,2.0,9.0,lmeds630,102.3,5.22,1664
band3,win1792_nfauto,hessian,nn,0.25,5.99,24,1.0,1508.0,,lmeds630,586.0,53618.95500899427,2.0,9.0,lmeds630,100.9,5.22,1792
band3,win1920_nfauto,hessian,nn,0.27,6.47,24,1.0,1508.0,,lmeds630,587.0,53618.95500899427,2.0,9.0,lmeds630,105.3,5.22,1920
band3,win2048_nfauto,hessian,nn,0.252,6.04,24,1.0,1508.0,,lmeds630,588.0,53618.95500899427,2.0,9.0,lmeds630,103.9,5.22,2048
band3,win384_nfauto,dedode_L-C4-v2_B-upright,mnn,0.104,4.49,43,6.0,187.0,,lmeds630,589.0,53802.372394545775,2.0,9.0,lmeds630,56.2,2.38,384
band3,win384_nfauto,dedode_L-C4_G-C4,ada,0.177,7.25,41,4.0,820.0,,lmeds630,590.0,55445.12206824036,1.0,9.0,lmeds630,88.4,3.0,384
band3,win512_nfauto,gftt,nn,0.096,3.84,40,5.0,1054.0,,lmeds630,591.0,56183.38439098511,2.0,9.0,lmeds630,92.0,1.16,512
band3,win384_nfauto,dedode_L-C4-v2_B-upright,ada,0.113,4.74,42,7.0,2056.0,,lmeds630,595.0,58349.57300334654,3.0,9.0,lmeds630,56.2,2.38,384
band3,win512_nfauto,dedode_L-C4_B-C4,nn,0.182,7.29,40,6.0,11781.0,,lmeds630,598.0,59187.2599911097,1.0,9.0,lmeds630,79.8,2.39,512
band3,win384_nfauto,dedode_L-C4-v2_B-C4,ada,0.114,4.77,42,3.0,643.0,,lmeds630,599.0,60863.54476271593,2.0,9.0,lmeds630,56.2,2.38,384
band3,win384_nfauto,dedode_L-C4_G-C4,nn,0.179,7.71,43,6.0,6453.0,,lmeds630,601.0,61698.47418219146,4.0,9.0,lmeds630,88.4,3.0,384
band3,win384_nfauto,dedode_L-C4-v2_B-upright,nn,0.123,5.28,43,8.0,3430.0,,magsac630,602.0,61998.80429057418,2.0,9.0,magsac630,56.2,2.38,384
band3,win1536_nfauto,dedode_L-C4_B-upright,nn,0.557,13.37,24,1.0,13234.0,,lmeds630,603.0,62258.00774800687,3.0,9.0,lmeds630,97.3,9.64,1536
band3,win1280_nfauto,imw-minima-roma,internal,1.251,38.78,31,4.0,427.0,,magsac630,604.0,63014.45438259468,2.0,9.0,magsac630,108.9,5.36,1280
band3,win384_nfauto,dedode_L-upright_G-C4,nn,0.176,7.57,43,9.0,2168.0,,magsac630,609.0,66272.23424416722,1.0,9.0,lmeds630,93.7,3.0,384
band3,win1664_nfauto,imw-roma,internal,1.255,38.91,31,3.0,936.0,,lmeds630,611.0,69368.24464166877,2.0,9.0,lmeds630,104.9,5.36,1664
band3,win512_nfauto,dedode_L-upright_B-upright,nn,0.294,11.75,40,7.0,10977.0,,lmeds630,612.0,69522.48906542805,1.0,9.0,lmeds630,161.8,3.46,512
band3,win512_nfauto,dedode_L-C4_G-C4,nn,0.22,8.8,40,5.0,10237.0,,lmeds630,614.0,70389.37795576744,1.0,9.0,lmeds630,92.5,3.0,512
band3,win1152_nfauto,imw-minima-roma,internal,1.261,41.6,33,3.0,339.0,,magsac630,615.0,70899.5638945531,1.0,9.0,magsac630,115.3,5.36,1152
band3,win1664_nfauto,dedode_L-C4_B-upright,nn,0.48,12.0,25,3.0,46987.0,,lmeds630,616.0,70938.56904646118,1.0,9.0,lmeds630,97.3,11.33,832
band3,win384_nfauto,dedode_L-upright_B-upright,nn,0.12,5.14,43,8.0,5782.0,,lmeds630,617.0,70969.67108562456,2.0,9.0,lmeds630,106.8,3.46,384
band3,win896_nfauto,dedode_L-upright_B-upright,nn,0.337,10.11,30,5.0,8553.0,,magsac630,619.0,73564.98257441793,1.0,9.0,magsac630,131.5,3.46,896
band3,win384_nfauto,dedode_L-upright_B-upright,ada,0.112,4.69,42,10.0,1161.0,,lmeds630,620.0,74002.6417869052,4.0,9.0,lmeds630,106.8,3.46,384
band3,win512_nfauto,dedode_L-C4-v2_B-upright,nn,0.146,5.82,40,5.0,2811.0,,magsac630,622.0,75359.07994900005,2.0,9.0,lmeds630,56.6,2.39,512
band3,win384_nfauto,dedode_L-C4_B-upright,nn,0.12,5.17,43,8.0,6892.0,,lmeds630,623.0,77577.24116693463,2.0,9.0,lmeds630,58.1,2.38,384
band3,win512_nfauto,dedode_L-C4-v2_B-C4,ada,0.121,4.85,40,3.0,1167.0,,lmeds630,624.0,81379.93098836484,1.0,9.0,lmeds630,56.5,2.39,512
band3,win384_nfauto,imw-minima-roma,internal,1.185,97.2,82,16.0,2458.0,,magsac630,625.0,81582.02101410911,3.0,9.0,magsac630,171.6,5.35,384
band3,win512_nfauto,dedode_L-C4-v2_G-C4,nn,0.226,9.02,40,6.0,12632.0,,lmeds630,629.0,86850.26412016105,3.0,9.0,lmeds630,94.0,3.0,512
band3,win512_nfauto,dedode_L-C4-v2_B-C4,nn,0.145,5.81,40,5.0,9308.0,,lmeds630,630.0,89111.08643782162,3.0,9.0,lmeds630,56.5,2.39,512
band3,win896_nfauto,disk_depth,nn,0.172,5.15,30,3.0,8029.0,,lmeds630,632.0,97130.69576668883,3.0,9.0,lmeds630,63.2,1.25,896
band3,win1024_nfauto,disk_depth,nn,0.2,4.99,25,3.0,8032.0,,lmeds630,633.0,97130.69576668883,3.0,9.0,lmeds630,54.7,1.25,1024
band3,win1152_nfauto,disk_depth,nn,0.206,4.95,24,3.0,8032.0,,lmeds630,634.0,97130.69576668883,3.0,9.0,lmeds630,53.7,1.26,1152
band3,win1536_nfauto,disk_depth,nn,0.408,9.8,24,3.0,8008.0,,lmeds630,635.0,97130.69576668883,3.0,9.0,lmeds630,100.8,1.26,1536
band3,win1664_nfauto,disk_depth,nn,0.203,4.88,24,3.0,8032.0,,lmeds630,636.0,97130.69576668883,3.0,9.0,lmeds630,52.8,1.26,1664
band3,win1792_nfauto,disk_depth,nn,0.206,4.94,24,3.0,8029.0,,lmeds630,637.0,97130.69576668883,3.0,9.0,lmeds630,53.3,1.26,1792
band3,win2048_nfauto,disk_depth,nn,0.203,4.87,24,3.0,8029.0,,lmeds630,638.0,97130.69576668883,3.0,9.0,lmeds630,52.8,1.26,2048
band3,win512_nfauto,dedode_L-C4_B-upright,nn,0.252,10.06,40,7.0,11279.0,,lmeds630,639.0,97282.11737628512,2.0,9.0,lmeds630,95.3,2.39,512
band3,win384_nfauto,dedode_L-C4_B-upright,ada,0.108,4.66,43,7.0,515.0,,magsac630,640.0,98379.75170578802,4.0,9.0,magsac630,58.1,2.38,384
band3,win384_nfauto,dedode_L-C4-v2_G-C4,ada,0.168,7.24,43,2.0,535.0,,lmeds630,641.0,102576.73068439851,1.0,9.0,lmeds630,88.4,3.0,384
band3,win640_nfauto,dog_hynet,ada,0.22,6.15,28,5.0,2930.0,,lmeds630,642.0,102771.12900758484,3.0,9.0,lmeds630,54.7,1.8,640
band3,win1536_nfauto,dedode_L-C4-v2_G-C4,mnn,0.61,14.64,24,1.0,274.0,,lmeds630,643.0,103423.0683142936,1.0,9.0,lmeds630,157.3,9.88,1536
band3,win1792_nfauto,dedode_L-C4-v2_B-C4,ada,0.418,10.04,24,2.0,3079.0,,lmeds630,644.0,114747.51810422332,3.0,9.0,lmeds630,101.2,10.16,1792
band3,win1920_nfauto,dedode_L-C4-v2_B-C4,nn,0.509,12.73,25,3.0,49179.0,,lmeds630,645.0,115757.21127966268,3.0,9.0,lmeds630,98.2,8.67,960
band3,win768_nfauto,dog_hynet,ada,0.235,6.82,29,4.0,2401.0,,lmeds630,646.0,118245.56472002708,2.0,9.0,lmeds630,60.7,2.32,768
band3,win640_nfauto,gftt,ada,0.124,3.6,29,4.0,710.0,,lmeds630,647.0,118247.66969226916,2.0,9.0,lmeds630,72.5,1.83,640
band3,win896_nfauto,dog_hynet,nn,0.247,7.4,30,3.0,7252.0,,lmeds630,650.0,124482.44773546125,4.0,9.0,lmeds630,59.3,2.59,896
band3,win640_nfauto,disk_epipolar,mnn,0.117,3.39,29,5.0,169.0,,magsac630,651.0,124958.67553259133,1.0,9.0,lmeds630,40.1,1.25,640
band3,win896_nfauto,dog_hardnet,nn,0.139,4.17,30,3.0,7265.0,,lmeds630,652.0,125128.59734073942,4.0,9.0,lmeds630,81.3,3.02,896
band3,win896_nfauto,dog_sosnet,nn,0.184,5.53,30,3.0,7270.0,,lmeds630,653.0,125375.162573074,4.0,9.0,lmeds630,45.3,1.5,896
band3,win1152_nfauto,dog_sosnet,nn,0.218,5.23,24,3.0,7270.0,,lmeds630,654.0,125375.162573074,4.0,9.0,lmeds630,44.0,1.5,1152
band3,win1280_nfauto,dog_sosnet,nn,0.218,5.24,24,3.0,7270.0,,lmeds630,655.0,125375.162573074,4.0,9.0,lmeds630,43.5,1.5,1280
band3,win1408_nfauto,dog_sosnet,nn,0.218,5.23,24,3.0,7270.0,,lmeds630,656.0,125375.162573074,4.0,9.0,lmeds630,43.5,1.5,1408
band3,win1536_nfauto,dog_sosnet,nn,0.22,5.28,24,3.0,7270.0,,lmeds630,657.0,125375.162573074,4.0,9.0,lmeds630,44.4,1.5,1536
band3,win1664_nfauto,dog_sosnet,nn,0.219,5.25,24,3.0,7270.0,,lmeds630,658.0,125375.162573074,4.0,9.0,lmeds630,43.9,1.5,1664
band3,win1792_nfauto,dog_sosnet,nn,0.22,5.28,24,3.0,7270.0,,lmeds630,659.0,125375.162573074,4.0,9.0,lmeds630,44.5,1.5,1792
band3,win1920_nfauto,dog_sosnet,nn,0.238,5.7,24,3.0,7270.0,,lmeds630,660.0,125375.162573074,4.0,9.0,lmeds630,45.5,1.5,1920
band3,win2048_nfauto,dog_sosnet,nn,0.236,5.67,24,3.0,7271.0,,lmeds630,661.0,125375.162573074,4.0,9.0,lmeds630,45.9,1.5,2048
band3,win1024_nfauto,sift,nn,0.145,3.49,24,3.0,7354.0,,lmeds630,662.0,126021.64051541346,4.0,9.0,lmeds630,158.0,2.89,1024
band3,win1152_nfauto,sift,nn,0.167,4.01,24,3.0,7354.0,,lmeds630,663.0,126021.64051541346,4.0,9.0,lmeds630,155.2,2.89,1152
band3,win1280_nfauto,sift,nn,0.15,3.59,24,3.0,7354.0,,lmeds630,664.0,126021.64051541346,4.0,9.0,lmeds630,151.5,2.89,1280
band3,win1408_nfauto,sift,nn,0.152,3.64,24,3.0,7354.0,,lmeds630,665.0,126021.64051541346,4.0,9.0,lmeds630,152.6,2.89,1408
band3,win1536_nfauto,sift,nn,0.265,6.35,24,3.0,7354.0,,lmeds630,666.0,126021.64051541346,4.0,9.0,lmeds630,222.5,2.89,1536
band3,win1664_nfauto,sift,nn,0.149,3.58,24,3.0,7354.0,,lmeds630,667.0,126021.64051541346,4.0,9.0,lmeds630,152.0,2.89,1664
band3,win1792_nfauto,sift,nn,0.152,3.66,24,3.0,7354.0,,lmeds630,668.0,126021.64051541346,4.0,9.0,lmeds630,152.9,2.89,1792
band3,win1920_nfauto,sift,nn,0.161,3.87,24,3.0,7354.0,,lmeds630,669.0,126021.64051541346,4.0,9.0,lmeds630,153.5,2.89,1920
band3,win2048_nfauto,sift,nn,0.15,3.61,24,3.0,7354.0,,lmeds630,670.0,126021.64051541346,4.0,9.0,lmeds630,152.0,2.89,2048
band3,win1920_nfauto,dedode_L-C4-v2_G-C4,ada,0.622,15.56,25,3.0,6969.0,,lmeds630,672.0,127732.26550482458,3.0,9.0,lmeds630,166.6,12.19,960
band3,win1024_nfauto,disk_epipolar,nn,0.201,5.01,25,3.0,7822.0,,lmeds630,673.0,128183.52179922994,2.0,9.0,lmeds630,42.9,1.25,1024
band3,win1536_nfauto,disk_epipolar,nn,0.326,7.83,24,3.0,7859.0,,lmeds630,674.0,128183.52179922994,2.0,9.0,lmeds630,71.9,1.25,1536
band3,win768_nfauto,dedode_L-C4_G-C4,ada,0.459,13.78,30,4.0,1463.0,,lmeds630,675.0,128382.23564214604,1.0,9.0,lmeds630,137.4,3.0,768
band3,win896_nfauto,disk_epipolar,nn,0.171,5.14,30,3.0,7853.0,,lmeds630,676.0,128551.08502414712,2.0,9.0,lmeds630,44.2,1.25,896
band3,win1024_nfauto,disk_epipolar,ada,0.171,4.28,25,3.0,2987.0,,lmeds630,677.0,128615.49280651045,3.0,9.0,lmeds630,42.9,1.25,1024
band3,win1408_nfauto,disk_epipolar,ada,0.176,4.23,24,3.0,3029.0,,lmeds630,678.0,128615.49280651045,3.0,9.0,lmeds630,42.4,1.25,1408
band3,win1920_nfauto,disk_epipolar,ada,0.184,4.4,24,3.0,3006.0,,lmeds630,679.0,128615.49280651045,3.0,9.0,lmeds630,44.0,1.25,1920
band3,win768_nfauto,dedode_L-upright_G-C4,nn,0.512,15.35,30,1.0,4166.0,,lmeds630,680.0,129370.3566326157,2.0,9.0,lmeds630,142.5,3.0,768
band3,win640_nfauto,disk_epipolar,nn,0.143,4.14,29,3.0,6243.0,,lmeds630,681.0,130139.505690144,1.0,9.0,lmeds630,40.1,1.25,640
band3,win1024_nfauto,dedode_L-C4-v2_B-C4,ada,0.3,7.51,25,5.0,5021.0,,lmeds630,682.0,131600.08634090956,3.0,9.0,lmeds630,79.3,2.39,1024
band3,win1920_nfauto,dedode_L-C4_B-upright,mnn,0.302,7.56,25,4.0,34.0,,magsac630,683.0,132866.23475768385,1.0,9.0,magsac630,99.9,10.47,960
band3,win1408_nfauto,dedode_L-C4-v2_B-upright,nn,0.497,11.93,24,2.0,29071.0,,lmeds630,685.0,134129.01695377965,1.0,9.0,lmeds630,88.6,6.5,1408
band3,win1024_nfauto,gftt,nn,0.149,3.73,25,3.0,3917.0,,lmeds630,686.0,135730.4002225494,3.0,9.0,lmeds630,76.0,2.53,1024
band3,win768_nfauto,disk_epipolar,nn,0.184,5.51,30,5.0,13898.0,,lmeds630,688.0,136767.98401940937,4.0,9.0,lmeds630,45.8,1.25,768
band3,win1024_nfauto,dog_sosnet,nn,0.21,5.26,25,3.0,6821.0,,lmeds630,689.0,137254.1226725028,4.0,9.0,lmeds630,43.8,1.5,1024
band3,win1664_nfauto,dedode_L-upright_B-C4,nn,0.525,12.61,24,3.0,5911.0,,magsac630,690.0,138817.14641034862,2.0,9.0,magsac630,93.1,9.29,1664
band3,win1536_nfauto,dedode_L-upright_B-upright,nn,0.72,17.28,24,3.0,30717.0,,lmeds630,691.0,139407.59000775276,2.0,9.0,lmeds630,194.0,8.1,1536
band3,win640_nfauto,gftt,mnn,0.115,3.44,30,5.0,449.0,,lmeds630,692.0,139693.87480848056,1.0,9.0,lmeds630,72.5,1.83,640
band3,win768_nfauto,keynet,mnn,0.176,5.27,30,3.0,154.0,,lmeds630,693.0,142682.3498804525,1.0,9.0,lmeds630,191.6,2.2,768
band3,win768_nfauto,disk_depth,nn,0.171,5.13,30,1.0,3627.0,,lmeds630,694.0,143294.83937981346,3.0,9.0,lmeds630,59.6,1.25,768
band3,win1792_nfauto,dedode_L-C4_G-C4,nn,0.77,19.26,25,2.0,50367.0,,lmeds630,695.0,143444.82385427842,3.0,9.0,lmeds630,163.7,10.05,896
band3,win384_nfauto,imw-xoftr,internal,0.141,6.07,43,6.0,41.0,,magsac630,696.0,145274.5412912226,2.0,9.0,magsac630,21.6,1.84,384
band3,win768_nfauto,dedode_L-upright_B-C4,nn,0.295,8.85,30,3.0,12988.0,,lmeds630,697.0,147563.72273787382,3.0,9.0,lmeds630,78.0,2.39,768
band3,win1152_nfauto,dedode_L-C4-v2_B-upright,nn,0.704,16.9,24,4.0,40686.0,,lmeds630,698.0,147816.07159381075,3.0,9.0,lmeds630,113.1,3.03,1152
band3,win1792_nfauto,dedode_L-C4_G-C4,mnn,0.561,14.02,25,4.0,706.0,,lmeds630,699.0,149975.56134161906,1.0,9.0,lmeds630,163.7,10.05,896
band3,win1920_nfauto,dedode_L-C4_G-C4,nn,0.784,19.59,25,2.0,54837.0,,lmeds630,700.0,150467.3435538174,3.0,9.0,lmeds630,165.9,11.06,960
band3,win896_nfauto,dedode_L-upright_B-C4,nn,0.322,9.66,30,3.0,17481.0,,lmeds630,701.0,150484.25142776014,3.0,9.0,lmeds630,79.3,2.39,896
band3,win640_nfauto,dog_hynet,mnn,0.196,5.88,30,6.0,1957.0,,lmeds630,702.0,150908.70567253817,1.0,9.0,lmeds630,54.7,1.8,640
band3,win768_nfauto,dedode_L-C4_B-upright,nn,0.306,9.18,30,5.0,2334.0,,magsac630,703.0,152124.66599084518,3.0,9.0,magsac630,76.6,2.39,768
band3,win2048_nfauto,dedode_L-C4_G-C4,ada,0.637,15.93,25,4.0,6617.0,,lmeds630,704.0,152160.16160662935,3.0,9.0,lmeds630,169.9,11.06,1024
band3,win1920_nfauto,dedode_L-C4-v2_B-upright,nn,0.504,12.6,25,4.0,73977.0,,lmeds630,705.0,152942.1402618871,3.0,9.0,lmeds630,97.7,11.51,960
band3,win2048_nfauto,dedode_L-C4-v2_B-C4,ada,0.366,9.14,25,2.0,2007.0,,lmeds630,706.0,153297.86902296316,1.0,9.0,lmeds630,99.1,8.67,1024
band3,win1408_nfauto,dedode_L-C4_G-C4,ada,0.678,15.59,23,3.0,3593.0,,lmeds630,707.0,154079.86412295318,3.0,9.0,lmeds630,154.3,7.66,1408
band3,win1664_nfauto,dedode_L-C4-v2_G-C4,ada,0.706,16.95,24,5.0,8499.0,,lmeds630,708.0,154157.45330639824,3.0,9.0,lmeds630,165.6,13.14,1664
band3,win1664_nfauto,dedode_L-C4_G-C4,ada,0.616,15.41,25,2.0,2795.0,,lmeds630,709.0,154903.93460263617,1.0,9.0,lmeds630,160.9,11.74,832
band3,win768_nfauto,dedode_L-C4_G-C4,nn,0.521,15.62,30,4.0,17883.0,,lmeds630,710.0,154986.68188239716,3.0,9.0,lmeds630,137.4,3.0,768
band3,win1664_nfauto,disk_epipolar,nn,0.205,4.91,24,6.0,21870.0,,lmeds630,711.0,155470.12161278006,4.0,9.0,lmeds630,42.4,1.25,1664
band3,win1536_nfauto,dedode_L-C4-v2_G-C4,ada,0.666,15.97,24,4.0,7038.0,,lmeds630,712.0,155556.2291335142,3.0,9.0,lmeds630,157.3,9.88,1536
band3,win1152_nfauto,disk_epipolar,nn,0.219,5.26,24,6.0,21896.0,,lmeds630,713.0,155883.34977108904,4.0,9.0,lmeds630,44.0,1.25,1152
band3,win1408_nfauto,disk_epipolar,nn,0.205,4.91,24,6.0,21894.0,,lmeds630,714.0,155883.34977108904,4.0,9.0,lmeds630,42.4,1.25,1408
band3,win1920_nfauto,disk_epipolar,nn,0.217,5.21,24,6.0,21894.0,,lmeds630,715.0,155883.34977108904,4.0,9.0,lmeds630,44.0,1.25,1920
band3,win1280_nfauto,disk_epipolar,nn,0.205,4.93,24,6.0,21925.0,,lmeds630,716.0,155984.15821424575,4.0,9.0,lmeds630,42.7,1.25,1280
band3,win1792_nfauto,disk_epipolar,nn,0.207,4.97,24,6.0,21925.0,,lmeds630,717.0,155984.15821424575,4.0,9.0,lmeds630,43.1,1.25,1792
band3,win2048_nfauto,disk_epipolar,nn,0.204,4.9,24,6.0,21901.0,,lmeds630,718.0,155984.15821424575,4.0,9.0,lmeds630,42.4,1.25,2048
band3,win640_nfauto,dedode_L-C4-v2_G-C4,nn,0.416,12.49,30,1.0,3308.0,,lmeds630,719.0,156577.68254002804,2.0,9.0,lmeds630,117.4,3.0,640
band3,win1024_nfauto,dedode_L-C4_B-upright,ada,0.294,7.34,25,6.0,1092.0,,magsac630,720.0,160899.97089417258,1.0,9.0,magsac630,78.8,2.39,1024
band3,win896_nfauto,dedode_L-C4_B-upright,nn,0.332,9.95,30,3.0,2261.0,,magsac630,721.0,161035.03347176308,3.0,9.0,magsac630,79.6,2.39,896
band3,win640_nfauto,dedode_L-upright_B-C4,nn,0.239,7.16,30,2.0,5199.0,,lmeds630,722.0,163948.32406839845,2.0,9.0,lmeds630,65.1,2.39,640
band3,win512_nfauto,imw-roma,internal,1.267,69.7,55,5.0,4404.0,,lmeds630,723.0,164772.27680973787,3.0,9.0,lmeds630,137.1,5.35,512
band3,win1536_nfauto,dedode_L-C4_G-C4,ada,0.677,16.24,24,1.0,936.0,,lmeds630,724.0,166134.68276431374,1.0,9.0,lmeds630,163.2,10.57,1536
band3,win1024_nfauto,dedode_L-upright_B-C4,nn,0.381,9.52,25,4.0,27934.0,,lmeds630,725.0,166293.48320511478,4.0,9.0,lmeds630,77.2,2.39,1024
band3,win1024_nfauto,dedode_L-C4_B-C4,nn,0.397,9.94,25,4.0,31510.0,,lmeds630,726.0,166834.70442016725,4.0,9.0,lmeds630,78.4,2.39,1024
band3,win896_nfauto,imw-minima-roma,internal,1.243,44.75,36,3.0,1145.0,,lmeds630,728.0,168462.5284890834,1.0,9.0,lmeds630,116.2,5.36,896
band3,win640_nfauto,dedode_L-C4-v2_B-C4,ada,0.218,6.31,29,7.0,2350.0,,lmeds630,730.0,168873.96543989144,1.0,9.0,lmeds630,67.1,2.39,640
band3,win1408_nfauto,dedode_L-C4_G-C4,nn,0.805,19.31,24,2.0,29713.0,,lmeds630,731.0,169380.59835558312,2.0,9.0,lmeds630,154.3,7.66,1408
band3,win512_nfauto,dedode_L-C4_B-C4,ada,0.146,5.85,40,12.0,2440.0,,lmeds630,732.0,169428.37801390345,3.0,9.0,lmeds630,79.8,2.39,512
band3,win896_nfauto,dedode_L-upright_G-C4,nn,0.542,16.26,30,3.0,16597.0,,lmeds630,733.0,169672.89561812032,3.0,9.0,lmeds630,146.4,3.0,896
band3,win2048_nfauto,dedode_L-C4-v2_G-C4,nn,0.771,19.28,25,2.0,44310.0,,lmeds630,735.0,170350.448735898,4.0,9.0,lmeds630,165.5,12.2,1024
band3,win1792_nfauto,dedode_L-C4-v2_G-C4,nn,0.756,18.9,25,2.0,40461.0,,lmeds630,736.0,170561.38769162726,4.0,9.0,lmeds630,164.7,11.13,896
band3,win256_nfauto,imw-roma,internal,1.127,123.94,110,20.0,9183.0,,magsac630,737.0,171590.60165359962,3.0,9.0,magsac630,196.3,5.35,256
band3,win384_nfauto,loftr,loftr_internal,0.126,11.24,89,16.0,499.0,,lmeds630,741.0,176499.23809642936,1.0,9.0,lmeds630,28.1,1.68,384
band3,win768_nfauto,dedode_L-C4_B-C4,mnn,0.237,7.1,30,3.0,412.0,,lmeds630,743.0,177981.01016861427,1.0,9.0,lmeds630,77.4,2.39,768
band3,win640_nfauto,dedode_L-upright_B-C4,ada,0.209,6.05,29,3.0,468.0,,lmeds630,744.0,179426.77929312247,1.0,9.0,lmeds630,65.1,2.39,640
band3,win1408_nfauto,imw-minima-roma,internal,1.258,38.99,31,6.0,913.0,,lmeds630,745.0,180886.03400784853,1.0,9.0,lmeds630,111.9,5.36,1408
band3,win1792_nfauto,imw-minima-roma,internal,1.707,56.33,33,3.0,438.0,,magsac630,748.0,182589.73443301223,2.0,9.0,lmeds630,159.0,5.36,1792
band3,win768_nfauto,dedode_L-C4_B-C4,ada,0.246,7.39,30,5.0,2671.0,,lmeds630,749.0,182746.84382758,1.0,9.0,lmeds630,77.4,2.39,768
band3,win1024_nfauto,imw-minima-roma,internal,1.253,38.85,31,4.0,1180.0,,lmeds630,751.0,184946.83318026311,1.0,9.0,lmeds630,111.8,5.36,1024
band3,win640_nfauto,dedode_L-upright_B-upright,nn,0.24,7.2,30,6.0,5560.0,,magsac630,752.0,185855.8602971107,1.0,9.0,lmeds630,115.8,3.46,640
band3,win512_nfauto,loftr,loftr_internal,0.142,9.55,67,13.0,391.0,,lmeds630,753.0,186681.7930554785,4.0,9.0,magsac630,26.0,1.68,512
band3,win1664_nfauto,dedode_L-C4_B-upright,ada,0.345,8.64,25,2.0,546.0,,magsac630,754.0,186783.54246791636,2.0,9.0,magsac630,97.3,11.33,832
band3,win1664_nfauto,imw-minima-roma,internal,1.284,42.36,33,3.0,718.0,,lmeds630,756.0,187121.68349246497,1.0,9.0,lmeds630,113.9,5.36,1664
band3,win1152_nfauto,dedode_L-C4_B-C4,ada,0.315,7.56,24,1.0,736.0,,lmeds630,757.0,188373.6645420504,3.0,9.0,lmeds630,83.1,2.91,1152
band3,win1280_nfauto,dedode_L-C4-v2_G-C4,ada,0.627,15.04,24,2.0,2035.0,,lmeds630,759.0,189941.6169576016,3.0,9.0,lmeds630,149.6,5.18,1280
band3,win768_nfauto,dedode_L-upright_B-upright,nn,0.296,8.89,30,8.0,22667.0,,lmeds630,761.0,191586.1556984904,3.0,9.0,lmeds630,125.6,3.46,768
band3,win1792_nfauto,dedode_L-C4-v2_B-upright,nn,0.489,12.22,25,1.0,2273.0,,magsac630,762.0,191781.35280321704,1.0,9.0,magsac630,95.3,10.51,896
band3,win1408_nfauto,dedode_L-C4-v2_G-C4,ada,0.66,15.85,24,2.0,2421.0,,lmeds630,763.0,192011.99645230232,3.0,9.0,lmeds630,152.8,7.23,1408
band3,win768_nfauto,imw-minima-roma,internal,1.25,47.48,38,3.0,320.0,,magsac630,764.0,192856.93917648552,1.0,9.0,lmeds630,118.5,5.36,768
band3,win640_nfauto,dedode_L-C4-v2_B-upright,nn,0.243,7.3,30,8.0,6220.0,,magsac630,766.0,193109.8680836957,2.0,9.0,lmeds630,65.8,2.39,640
band3,win1664_nfauto,dedode_L-C4-v2_G-C4,nn,0.843,20.23,24,2.0,34511.0,,lmeds630,767.0,193684.0883961011,3.0,9.0,lmeds630,165.6,13.14,1664
band3,win640_nfauto,keynet,mnn,0.178,5.35,30,5.0,339.0,,lmeds630,768.0,194242.57975745577,1.0,9.0,lmeds630,196.1,1.9,640
band3,win1152_nfauto,dedode_L-C4-v2_B-upright,ada,0.453,10.87,24,1.0,1344.0,,lmeds630,769.0,196126.97257442272,1.0,9.0,lmeds630,113.1,3.03,1152
band3,win1024_nfauto,dedode_L-C4_B-upright,nn,0.399,9.97,25,3.0,19831.0,,lmeds630,770.0,197719.30987614693,2.0,9.0,lmeds630,78.8,2.39,1024
band3,win1408_nfauto,dedode_L-C4_B-upright,nn,0.516,12.39,24,2.0,1345.0,,magsac630,771.0,198393.59417871796,2.0,9.0,lmeds630,90.3,6.92,1408
band3,win1792_nfauto,dedode_L-C4_B-upright,nn,0.504,12.6,25,1.0,26845.0,,lmeds630,772.0,199576.4252300356,2.0,9.0,lmeds630,97.2,11.52,896
band3,win1920_nfauto,dedode_L-C4_B-upright,nn,0.525,13.12,25,1.0,29340.0,,lmeds630,773.0,199713.82472586495,2.0,9.0,lmeds630,99.9,10.47,960
band3,win1024_nfauto,dedode_L-C4-v2_G-C4,ada,0.581,14.52,25,2.0,1730.0,,lmeds630,775.0,201714.732625468,1.0,9.0,lmeds630,141.9,3.0,1024
band3,win640_nfauto,dedode_L-C4_G-C4,nn,0.432,12.95,30,4.0,12500.0,,lmeds630,776.0,202035.9298961963,3.0,9.0,lmeds630,120.7,3.0,640
band3,win1024_nfauto,dedode_L-C4_G-C4,ada,0.579,14.48,25,2.0,1745.0,,magsac630,777.0,208303.78035352117,1.0,9.0,magsac630,142.2,3.0,1024
band3,win1024_nfauto,dedode_L-C4_G-C4,nn,0.672,16.81,25,2.0,3707.0,,magsac630,778.0,208303.78035352117,1.0,9.0,magsac630,142.2,3.0,1024
band3,win512_nfauto,imw-xoftr,internal,0.14,5.16,37,2.0,22.0,,lmeds630,779.0,208707.67278815343,1.0,9.0,lmeds630,20.0,1.84,512
band3,win1024_nfauto,dedode_L-C4-v2_B-upright,nn,0.393,9.82,25,3.0,19479.0,,lmeds630,782.0,212266.50919266403,4.0,9.0,lmeds630,80.4,2.39,1024
band3,win1920_nfauto,dedode_L-upright_B-C4,ada,0.408,9.78,24,1.0,1835.0,,lmeds630,783.0,213829.11892195744,2.0,9.0,lmeds630,102.3,11.9,1920
band3,win2048_nfauto,dedode_L-C4_B-upright,nn,0.525,13.13,25,3.0,6883.0,,magsac630,786.0,215546.2322055528,2.0,9.0,magsac630,100.3,10.47,1024
band3,win640_nfauto,dedode_L-C4_B-upright,nn,0.244,7.31,30,7.0,5764.0,,magsac630,787.0,217810.982090374,2.0,9.0,magsac630,65.6,2.39,640
band3,win896_nfauto,dedode_L-upright_B-upright,ada,0.262,7.87,30,3.0,758.0,,lmeds630,788.0,218756.6502485058,1.0,9.0,lmeds630,131.5,3.46,896
band3,win1280_nfauto,dedode_L-upright_B-C4,nn,0.441,10.59,24,3.0,31722.0,,lmeds630,789.0,220777.628124787,3.0,9.0,lmeds630,82.2,3.65,1280
band3,win1280_nfauto,dedode_L-upright_G-C4,ada,0.611,14.67,24,1.0,1427.0,,lmeds630,791.0,233066.20764106265,1.0,9.0,lmeds630,152.7,4.98,1280
band3,win1792_nfauto,dedode_L-upright_G-C4,ada,0.608,15.2,25,1.0,2923.0,,lmeds630,792.0,233066.20764106285,1.0,9.0,lmeds630,168.5,11.6,896
band3,win1920_nfauto,dedode_L-upright_G-C4,ada,0.614,15.35,25,1.0,1730.0,,magsac630,794.0,233066.20764106285,1.0,9.0,magsac630,170.7,12.63,960
band3,win2048_nfauto,dedode_L-upright_G-C4,ada,0.62,15.5,25,1.0,1728.0,,magsac630,795.0,233066.20764106285,1.0,9.0,magsac630,172.7,12.63,1024
band3,win1664_nfauto,dedode_L-C4-v2_B-upright,nn,0.549,13.17,24,1.0,16616.0,,lmeds630,796.0,235385.9887539808,3.0,9.0,lmeds630,95.9,12.11,1664
band3,win1408_nfauto,dedode_L-upright_B-upright,nn,0.474,11.38,24,3.0,36185.0,,lmeds630,797.0,239258.06911092025,4.0,9.0,lmeds630,128.3,5.92,1408
band3,win768_nfauto,keynet,nn,0.184,5.53,30,1.0,562.0,,lmeds630,798.0,254451.17287972727,1.0,9.0,lmeds630,191.6,2.2,768
band3,win896_nfauto,keynet,nn,0.181,5.43,30,1.0,562.0,,lmeds630,799.0,254451.17287972727,1.0,9.0,lmeds630,176.2,2.2,896
band3,win1024_nfauto,keynet,nn,0.201,5.02,25,1.0,562.0,,lmeds630,800.0,254451.17287972727,1.0,9.0,lmeds630,165.8,2.2,1024
band3,win1152_nfauto,keynet,nn,0.204,4.9,24,1.0,562.0,,lmeds630,801.0,254451.17287972727,1.0,9.0,lmeds630,195.6,2.2,1152
band3,win1280_nfauto,keynet,nn,0.203,4.87,24,1.0,562.0,,lmeds630,802.0,254451.17287972727,1.0,9.0,lmeds630,149.1,2.2,1280
band3,win1408_nfauto,keynet,nn,0.204,4.89,24,1.0,562.0,,lmeds630,803.0,254451.17287972727,1.0,9.0,lmeds630,150.3,2.2,1408
band3,win1536_nfauto,keynet,nn,0.216,5.18,24,1.0,562.0,,lmeds630,804.0,254451.17287972727,1.0,9.0,lmeds630,152.0,2.2,1536
band3,win1664_nfauto,keynet,nn,0.205,4.93,24,1.0,562.0,,lmeds630,805.0,254451.17287972727,1.0,9.0,lmeds630,151.2,2.2,1664
band3,win1792_nfauto,keynet,nn,0.205,4.93,24,1.0,562.0,,lmeds630,806.0,254451.17287972727,1.0,9.0,lmeds630,154.0,2.2,1792
band3,win1920_nfauto,keynet,nn,0.224,5.37,24,1.0,562.0,,lmeds630,807.0,254451.17287972727,1.0,9.0,lmeds630,157.5,2.2,1920
band3,win2048_nfauto,keynet,nn,0.228,5.47,24,1.0,562.0,,lmeds630,808.0,254451.17287972727,1.0,9.0,lmeds630,157.5,2.2,2048
band3,win2048_nfauto,dedode_L-C4-v2_B-upright,nn,0.533,13.32,25,3.0,3725.0,,magsac630,809.0,255340.45691448395,2.0,9.0,magsac630,102.7,11.52,1024
band3,win1152_nfauto,dedode_L-C4_B-C4,mnn,0.29,6.95,24,1.0,8.0,,magsac630,810.0,257063.92631420653,1.0,9.0,magsac630,83.1,2.91,1152
band3,win1280_nfauto,dedode_L-C4_B-C4,mnn,0.303,7.27,24,1.0,9.0,,magsac630,811.0,257063.92631420653,1.0,9.0,magsac630,85.6,3.99,1280
band3,win1792_nfauto,dedode_L-C4-v2_B-C4,mnn,0.341,8.19,24,1.0,17.0,,magsac630,812.0,257370.2223802877,1.0,9.0,magsac630,101.2,10.16,1792
band3,win1920_nfauto,dedode_L-C4-v2_B-C4,mnn,0.301,7.52,25,2.0,212.0,,lmeds630,813.0,257370.2223802877,1.0,9.0,magsac630,98.2,8.67,960
band3,win1152_nfauto,dedode_L-C4-v2_G-C4,mnn,0.686,16.45,24,1.0,9.0,,magsac630,814.0,257370.22629578665,1.0,9.0,magsac630,199.3,3.71,1152
band3,win1920_nfauto,dedode_L-upright_B-upright,nn,0.586,14.08,24,1.0,2415.0,,magsac630,815.0,258201.46751909063,2.0,9.0,magsac630,143.0,13.97,1920
band3,win1664_nfauto,dedode_L-C4_G-C4,mnn,0.557,13.93,25,3.0,787.0,,lmeds630,816.0,258304.3056891973,1.0,9.0,lmeds630,160.9,11.74,832
band3,win1024_nfauto,dedode_L-upright_G-C4,ada,0.562,14.05,25,1.0,382.0,,lmeds630,817.0,261451.7814748944,1.0,9.0,magsac630,146.5,3.0,1024
band3,win1152_nfauto,imw-dkm,internal,1.388,22.21,16,2.0,465.0,,magsac630,818.0,261746.37336449785,1.0,9.0,magsac630,86.7,7.34,1152
band3,win2048_nfauto,dedode_L-C4-v2_G-C4,ada,0.635,15.87,25,1.0,116.0,,magsac630,819.0,263544.20779306185,1.0,9.0,magsac630,165.5,12.2,1024
band3,win1024_nfauto,dedode_L-upright_B-upright,nn,0.382,9.55,25,3.0,4897.0,,magsac630,820.0,264381.88093709934,2.0,9.0,magsac630,124.7,3.46,1024
band3,win2048_nfauto,dedode_L-upright_B-C4,nn,0.576,13.83,24,2.0,4216.0,,magsac630,822.0,267848.88755021704,1.0,9.0,magsac630,102.5,11.9,2048
band3,win1152_nfauto,dedode_L-upright_B-C4,nn,0.415,9.96,24,2.0,1612.0,,magsac630,823.0,268412.0761895872,1.0,9.0,magsac630,80.3,2.48,1152
band3,win256_nfauto,sift,fginn_fm1,0.193,3.86,20,5.0,59.0,,lmeds630,825.0,,0.0,9.0,lmeds630,155.1,1.47,256
band3,win256_nfauto,sift,lgm,0.512,5.12,10,3.0,24.0,,lmeds630,827.0,,0.0,9.0,lmeds630,155.1,1.47,256
band3,win256_nfauto,disk_depth,fginn_fm1,0.148,2.37,16,2.0,15.0,,magsac630,831.0,,0.0,9.0,lmeds630,48.2,1.25,256
band3,win256_nfauto,disk_epipolar,fginn_fm1,0.14,2.38,17,3.0,47.0,,lmeds630,834.0,,0.0,9.0,lmeds630,34.2,1.24,256
band3,win256_nfauto,disk_epipolar,snn,0.212,2.33,11,3.0,27.0,,lmeds630,837.0,,0.0,9.0,lmeds630,34.2,1.24,256
band3,win256_nfauto,dedode_L-upright_B-upright,fginn_fm1,0.107,4.6,43,3.0,18.0,,lmeds630,839.0,,0.0,9.0,lmeds630,100.3,3.46,256
band3,win256_nfauto,dedode_L-upright_B-C4,lgm,0.113,5.55,49,1.0,9.0,,lmeds630,842.0,,0.0,9.0,lmeds630,58.2,2.38,256
band3,win256_nfauto,dedode_L-upright_B-C4,snn,0.643,4.5,7,1.0,11.0,,magsac630,843.0,,0.0,9.0,magsac630,58.2,2.38,256
band3,win256_nfauto,dedode_L-upright_G-C4,fginn_fm1,0.152,6.84,45,2.0,16.0,,lmeds630,844.0,,0.0,9.0,lmeds630,111.0,3.0,256
band3,win256_nfauto,dedode_L-upright_G-C4,snn,1.121,6.73,6,1.0,59.0,,magsac630,847.0,,0.0,9.0,magsac630,111.0,3.0,256
band3,win256_nfauto,dedode_L-C4_B-upright,fginn_fm1,0.128,4.59,36,2.0,16.0,,lmeds630,848.0,,0.0,9.0,lmeds630,59.3,2.38,256
band3,win256_nfauto,dedode_L-C4_B-C4,fginn_fm1,0.102,4.6,45,1.0,6.0,,lmeds630,851.0,,0.0,9.0,lmeds630,57.6,2.38,256
band3,win256_nfauto,dedode_L-C4_B-C4,lgm,0.111,5.54,50,2.0,20.0,,lmeds630,853.0,,0.0,9.0,lmeds630,57.6,2.38,256
band3,win256_nfauto,dedode_L-C4_B-C4,snn,1.511,4.53,3,1.0,9.0,,magsac630,854.0,,0.0,9.0,magsac630,57.6,2.38,256
band3,win256_nfauto,dedode_L-C4_G-C4,fginn_fm1,0.137,6.87,50,1.0,7.0,,lmeds630,855.0,,0.0,9.0,lmeds630,88.4,3.0,256
band3,win256_nfauto,dedode_L-C4_G-C4,lgm,0.203,7.71,38,1.0,14.0,,lmeds630,857.0,,0.0,9.0,lmeds630,88.4,3.0,256
band3,win256_nfauto,dedode_L-C4_G-C4,snn,0.85,6.8,8,1.0,105.0,,magsac630,859.0,,0.0,9.0,magsac630,88.4,3.0,256
band3,win256_nfauto,dedode_L-C4-v2_B-C4,fginn_fm1,0.135,4.61,34,1.0,6.0,,lmeds630,862.0,,0.0,9.0,lmeds630,57.2,2.38,256
band3,win256_nfauto,dedode_L-C4-v2_B-C4,lgm,0.091,5.52,61,3.0,19.0,,lmeds630,863.0,,0.0,9.0,lmeds630,57.2,2.38,256
band3,win256_nfauto,dedode_L-C4-v2_B-C4,snn,0.647,4.53,7,1.0,6.0,,lmeds630,866.0,,0.0,9.0,lmeds630,57.2,2.38,256
band3,win256_nfauto,dedode_L-C4-v2_G-C4,fginn_fm1,0.177,6.92,39,1.0,6.0,,lmeds630,867.0,,0.0,9.0,lmeds630,88.1,3.0,256
band3,win256_nfauto,dedode_L-C4-v2_G-C4,snn,0.677,6.77,10,1.0,10.0,,lmeds630,869.0,,0.0,9.0,lmeds630,88.1,3.0,256
band3,win256_nfauto,keynet,fginn_fm1,0.443,7.98,18,3.0,21.0,,lmeds630,871.0,,0.0,9.0,lmeds630,211.4,1.47,256
band3,win256_nfauto,keynet,smnn0.9,2.227,51.22,23,3.0,30.0,,lmeds630,873.0,,0.0,9.0,lmeds630,211.4,1.47,256
band3,win256_nfauto,dog_hardnet,fginn_fm1,0.221,3.76,17,2.0,22.0,,lmeds630,875.0,,0.0,9.0,lmeds630,108.6,1.0,256
band3,win256_nfauto,dog_hardnet,snn,0.339,3.73,11,1.0,8.0,,lmeds630,878.0,,0.0,9.0,lmeds630,108.6,1.0,256
band3,win256_nfauto,dog_sosnet,fginn_fm1,0.397,4.76,12,2.0,17.0,,lmeds630,880.0,,0.0,9.0,lmeds630,44.0,0.72,256
band3,win256_nfauto,dog_sosnet,snn,0.673,4.71,7,1.0,7.0,,magsac630,883.0,,0.0,9.0,magsac630,44.0,0.72,256
band3,win256_nfauto,dog_hynet,fginn_fm1,0.584,5.84,10,2.0,15.0,,lmeds630,884.0,,0.0,9.0,lmeds630,56.0,0.72,256
band3,win256_nfauto,dog_hynet,smnn0.9,0.392,9.01,23,4.0,41.0,,magsac630,886.0,,0.0,9.0,lmeds630,56.0,0.72,256
band3,win256_nfauto,gftt,fginn_fm1,0.335,5.69,17,2.0,23.0,,lmeds630,888.0,,0.0,9.0,lmeds630,78.0,0.73,256
band3,win256_nfauto,gftt,smnn0.9,0.85,23.79,28,4.0,36.0,,magsac630,890.0,,0.0,9.0,lmeds630,78.0,0.73,256
band3,win256_nfauto,hessian,fginn_fm1,0.291,4.37,15,2.0,14.0,,lmeds630,892.0,,0.0,9.0,lmeds630,67.5,0.85,256
band3,win256_nfauto,hessian,smnn0.9,0.86,24.94,29,5.0,52.0,,lmeds630,894.0,,0.0,9.0,lmeds630,67.5,0.85,256
band3,win256_nfauto,imw-sp-lg-kt0p2,internal,0.36,3.96,11,2.0,12.0,,lmeds630,896.0,,0.0,9.0,lmeds630,18.7,1.26,256
band3,win256_nfauto,imw-sp-sg-kt0p2,internal,0.198,6.14,31,1.0,6.0,,lmeds630,897.0,,0.0,9.0,lmeds630,21.3,0.67,256
band3,win256_nfauto,imw-sp-nn-kt0p2,internal,0.042,2.47,59,3.0,19.0,,lmeds630,898.0,,0.0,9.0,lmeds630,14.6,0.63,256
band3,win256_nfauto,imw-rord-nn-kt0p2-fm1,internal,0.403,22.59,56,5.0,34.0,,lmeds630,899.0,,0.0,9.0,lmeds630,108.9,4.62,256
band3,win256_nfauto,imw-rord-nn-kt0p2,internal,0.137,6.98,51,3.0,29.0,,lmeds630,900.0,,0.0,9.0,lmeds630,26.6,1.17,256
band3,win256_nfauto,imw-xoftr,internal,0.063,4.48,71,3.0,26.0,,lmeds630,903.0,,0.0,9.0,lmeds630,21.0,1.84,256
band3,win384_nfauto,sift,fginn_fm1,0.269,2.96,11,3.0,38.0,,lmeds630,905.0,,0.0,9.0,lmeds630,164.1,1.47,384
band3,win384_nfauto,sift,snn,0.266,2.93,11,2.0,28.0,,lmeds630,908.0,,0.0,9.0,lmeds630,164.1,1.47,384
band3,win384_nfauto,disk_depth,smnn0.9,0.232,5.33,23,3.0,41.0,,lmeds630,910.0,,0.0,9.0,lmeds630,49.5,1.25,384
band3,win384_nfauto,disk_epipolar,lgm,0.241,2.89,12,3.0,36.0,,lmeds630,912.0,,0.0,9.0,lmeds630,44.5,1.25,384
band3,win384_nfauto,disk_epipolar,snn,0.188,2.45,13,2.0,16.0,,lmeds630,914.0,,0.0,9.0,lmeds630,44.5,1.25,384
band3,win384_nfauto,dedode_L-upright_B-upright,lgm,0.156,4.98,32,1.0,14.0,,lmeds630,917.0,,0.0,9.0,lmeds630,106.8,3.46,384
band3,win384_nfauto,dedode_L-upright_B-C4,lgm,0.268,5.1,19,1.0,7.0,,lmeds630,919.0,,0.0,9.0,lmeds630,56.3,2.38,384
band3,win384_nfauto,dedode_L-upright_B-C4,mnn,0.105,4.5,43,2.0,45.0,,lmeds630,920.0,,0.0,9.0,lmeds630,56.3,2.38,384
band3,win384_nfauto,dedode_L-upright_G-C4,fginn_fm1,0.279,6.99,25,2.0,12.0,,lmeds630,923.0,,0.0,9.0,lmeds630,93.7,3.0,384
band3,win384_nfauto,dedode_L-C4_B-upright,lgm,0.15,4.94,33,3.0,25.0,,magsac630,925.0,,0.0,9.0,lmeds630,58.1,2.38,384
band3,win384_nfauto,dedode_L-C4_B-C4,ada,0.111,4.68,42,2.0,223.0,,magsac630,928.0,,0.0,9.0,lmeds630,56.2,2.38,384
band3,win384_nfauto,dedode_L-C4_B-C4,fginn_fm1,0.172,4.48,26,2.0,15.0,,lmeds630,930.0,,0.0,9.0,lmeds630,56.2,2.38,384
band3,win384_nfauto,dedode_L-C4_B-C4,lgm,0.337,5.05,15,1.0,13.0,,lmeds630,931.0,,0.0,9.0,lmeds630,56.2,2.38,384
band3,win384_nfauto,dedode_L-C4_B-C4,snn,4.434,4.43,1,1.0,10.0,,magsac630,932.0,,0.0,9.0,magsac630,56.2,2.38,384
band3,win384_nfauto,dedode_L-C4_G-C4,fginn_fm1,0.439,7.02,16,1.0,6.0,,lmeds630,934.0,,0.0,9.0,lmeds630,88.4,3.0,384
band3,win384_nfauto,dedode_L-C4_G-C4,lgm,0.624,7.49,12,1.0,6.0,,lmeds630,935.0,,0.0,9.0,lmeds630,88.4,3.0,384
band3,win384_nfauto,dedode_L-C4_G-C4,snn,3.479,6.96,2,1.0,27.0,,magsac630,937.0,,0.0,9.0,magsac630,88.4,3.0,384
band3,win384_nfauto,dedode_L-C4-v2_B-C4,fginn_fm1,0.408,4.49,11,1.0,7.0,,lmeds630,941.0,,0.0,9.0,lmeds630,56.2,2.38,384
band3,win384_nfauto,dedode_L-C4-v2_B-C4,lgm,0.175,5.07,29,1.0,10.0,,lmeds630,942.0,,0.0,9.0,lmeds630,56.2,2.38,384
band3,win384_nfauto,dedode_L-C4-v2_B-C4,snn,1.116,4.46,4,1.0,9.0,,magsac630,943.0,,0.0,9.0,magsac630,56.2,2.38,384
band3,win384_nfauto,dedode_L-C4-v2_G-C4,lgm,0.537,7.52,14,2.0,12.0,,lmeds630,945.0,,0.0,9.0,lmeds630,88.4,3.0,384
band3,win384_nfauto,keynet,lgm,0.249,6.22,25,1.0,8.0,,lmeds630,947.0,,0.0,9.0,lmeds630,219.7,1.48,384
band3,win384_nfauto,keynet,smnn0.9,4.397,65.96,15,1.0,6.0,,magsac630,950.0,,0.0,9.0,magsac630,219.7,1.48,384
band3,win384_nfauto,dog_hardnet,fginn_fm1,0.236,2.83,12,3.0,29.0,,lmeds630,951.0,,0.0,9.0,lmeds630,91.2,1.0,384
band3,win384_nfauto,dog_hardnet,snn,0.464,2.78,6,1.0,10.0,,lmeds630,954.0,,0.0,9.0,lmeds630,91.2,1.0,384
band3,win384_nfauto,dog_sosnet,fginn_fm1,0.387,3.87,10,1.0,11.0,,lmeds630,956.0,,0.0,9.0,lmeds630,37.9,0.72,384
band3,win384_nfauto,dog_sosnet,smnn0.9,0.308,5.55,18,2.0,26.0,,lmeds630,958.0,,0.0,9.0,lmeds630,37.9,0.72,384
band3,win384_nfauto,dog_sosnet,snn,0.767,3.84,5,1.0,6.0,,lmeds630,960.0,,0.0,9.0,lmeds630,37.9,0.72,384
band3,win384_nfauto,gftt,smnn0.9,1.05,19.96,19,1.0,8.0,,lmeds630,964.0,,0.0,9.0,lmeds630,66.6,0.73,384
band3,win384_nfauto,hessian,fginn_fm1,0.234,3.28,14,1.0,7.0,,lmeds630,965.0,,0.0,9.0,lmeds630,52.4,0.85,384
band3,win384_nfauto,imw-aliked-lg-kt0p2,internal,0.439,6.15,14,1.0,8.0,,lmeds630,968.0,,0.0,9.0,lmeds630,24.3,2.32,384
band3,win384_nfauto,imw-sp-nn-kt0p2,internal,0.066,2.72,41,1.0,8.0,,lmeds630,969.0,,0.0,9.0,lmeds630,14.3,0.63,384
band3,win384_nfauto,imw-rord-nn-kt0p2-fm1,internal,0.712,22.08,31,2.0,13.0,,magsac630,970.0,,0.0,9.0,lmeds630,95.0,4.62,384
band3,win384_nfauto,imw-rord-nn-kt0p2,internal,0.179,6.07,34,1.0,6.0,,lmeds630,972.0,,0.0,9.0,lmeds630,23.8,1.17,384
band3,win384_nfauto,imw-alike-nn-kt0p2-fm1-fsp1,internal,0.097,4.18,43,1.0,6.0,,lmeds630,975.0,,0.0,9.0,lmeds630,20.4,1.07,384
band3,win384_nfauto,imw-alike-nn-kt0p2-fsp1,internal,0.07,3.01,43,1.0,6.0,,lmeds630,976.0,,0.0,9.0,lmeds630,15.8,0.66,384
band3,win384_nfauto,imw-lanet-nn-kt0p2,internal,0.093,3.44,37,2.0,12.0,,lmeds630,978.0,,0.0,9.0,lmeds630,17.9,0.8,384
band3,win384_nfauto,imw-xfeat-lg,internal,0.479,4.31,9,2.0,26.0,,magsac630,981.0,,0.0,9.0,lmeds630,27.6,0.88,384
band3,win384_nfauto,imw-xfeat-dense,internal,0.178,4.97,28,2.0,16.0,,lmeds630,983.0,,0.0,9.0,lmeds630,29.7,1.42,384
band3,win512_nfauto,sift,fginn_fm1,0.247,2.96,12,3.0,38.0,,lmeds630,984.0,,0.0,9.0,lmeds630,164.8,1.47,512
band3,win512_nfauto,disk_depth,smnn0.9,0.322,6.44,20,1.0,13.0,,lmeds630,988.0,,0.0,9.0,lmeds630,45.9,1.25,512
band3,win512_nfauto,disk_epipolar,fginn_fm1,0.313,2.51,8,1.0,7.0,,lmeds630,990.0,,0.0,9.0,lmeds630,33.0,1.25,512
band3,win512_nfauto,dedode_L-upright_B-upright,ada,0.195,7.8,40,3.0,132.0,,magsac630,992.0,,0.0,9.0,magsac630,161.8,3.46,512
band3,win512_nfauto,dedode_L-upright_B-upright,fginn_fm1,0.278,7.51,27,1.0,7.0,,magsac630,993.0,,0.0,9.0,lmeds630,161.8,3.46,512
band3,win512_nfauto,dedode_L-upright_B-C4,ada,0.187,7.47,40,4.0,524.0,,magsac630,995.0,,0.0,9.0,magsac630,100.8,2.39,512
band3,win512_nfauto,dedode_L-upright_B-C4,lgm,0.514,9.25,18,2.0,14.0,,lmeds630,996.0,,0.0,9.0,lmeds630,100.8,2.39,512
band3,win512_nfauto,dedode_L-upright_G-C4,mnn,0.278,11.13,40,4.0,29.0,,magsac630,999.0,,0.0,9.0,lmeds630,159.9,3.0,512
band3,win512_nfauto,dedode_L-C4_B-upright,ada,0.197,7.89,40,2.0,198.0,,lmeds630,1001.0,,0.0,9.0,lmeds630,95.3,2.39,512
band3,win512_nfauto,dedode_L-C4_B-upright,fginn_fm1,0.306,7.65,25,1.0,8.0,,magsac630,1002.0,,0.0,9.0,lmeds630,95.3,2.39,512
band3,win512_nfauto,dedode_L-C4_B-upright,mnn,0.192,7.69,40,3.0,93.0,,lmeds630,1004.0,,0.0,9.0,lmeds630,95.3,2.39,512
band3,win512_nfauto,dedode_L-C4_B-C4,fginn_fm1,0.185,5.72,31,1.0,6.0,,magsac630,1006.0,,0.0,9.0,magsac630,79.8,2.39,512
band3,win512_nfauto,dedode_L-C4_B-C4,lgm,0.309,6.48,21,1.0,7.0,,lmeds630,1007.0,,0.0,9.0,lmeds630,79.8,2.39,512
band3,win512_nfauto,dedode_L-C4_G-C4,ada,0.207,7.85,38,1.0,176.0,,lmeds630,1010.0,,0.0,9.0,lmeds630,92.5,3.0,512
band3,win512_nfauto,dedode_L-C4_G-C4,lgm,0.739,8.13,11,1.0,7.0,,lmeds630,1011.0,,0.0,9.0,lmeds630,92.5,3.0,512
band3,win512_nfauto,dedode_L-C4_G-C4,mnn,0.191,7.64,40,7.0,376.0,,lmeds630,1012.0,,0.0,9.0,lmeds630,92.5,3.0,512
band3,win512_nfauto,dedode_L-C4_G-C4,snn,3.788,7.58,2,1.0,22.0,,magsac630,1014.0,,0.0,9.0,magsac630,92.5,3.0,512
band3,win512_nfauto,dedode_L-C4-v2_B-upright,ada,0.122,4.86,40,3.0,102.0,,magsac630,1015.0,,0.0,9.0,lmeds630,56.6,2.39,512
band3,win512_nfauto,dedode_L-C4-v2_B-upright,fginn_fm1,0.23,4.61,20,1.0,6.0,,lmeds630,1017.0,,0.0,9.0,lmeds630,56.6,2.39,512
band3,win512_nfauto,dedode_L-C4-v2_B-upright,lgm,0.157,5.03,32,1.0,10.0,,magsac630,1018.0,,0.0,9.0,magsac630,56.6,2.39,512
band3,win512_nfauto,dedode_L-C4-v2_B-upright,mnn,0.114,4.58,40,1.0,21.0,,lmeds630,1019.0,,0.0,9.0,lmeds630,56.6,2.39,512
band3,win512_nfauto,dedode_L-C4-v2_B-C4,fginn_fm1,0.243,4.61,19,1.0,11.0,,lmeds630,1022.0,,0.0,9.0,lmeds630,56.5,2.39,512
band3,win512_nfauto,dedode_L-C4-v2_B-C4,mnn,0.115,4.59,40,1.0,6.0,,magsac630,1023.0,,0.0,9.0,magsac630,56.5,2.39,512
band3,win512_nfauto,dedode_L-C4-v2_G-C4,lgm,0.361,8.29,23,1.0,6.0,,lmeds630,1025.0,,0.0,9.0,lmeds630,94.0,3.0,512
band3,win512_nfauto,keynet,mnn,0.125,4.99,40,2.0,48.0,,lmeds630,1027.0,,0.0,9.0,lmeds630,265.4,1.48,512
band3,win512_nfauto,keynet,nn,0.129,5.16,40,1.0,16.0,,magsac630,1029.0,,0.0,9.0,magsac630,265.4,1.48,512
band3,win512_nfauto,dog_hardnet,fginn_fm1,0.22,2.64,12,1.0,15.0,,lmeds630,1031.0,,0.0,9.0,lmeds630,120.8,1.22,512
band3,win512_nfauto,dog_hardnet,smnn0.9,1.999,29.98,15,3.0,34.0,,lmeds630,1035.0,,0.0,9.0,lmeds630,120.8,1.22,512
band3,win512_nfauto,dog_hardnet,snn,0.434,2.6,6,1.0,7.0,,lmeds630,1037.0,,0.0,9.0,lmeds630,120.8,1.22,512
band3,win512_nfauto,dog_sosnet,fginn_fm1,0.409,4.09,10,1.0,9.0,,lmeds630,1040.0,,0.0,9.0,lmeds630,41.7,0.72,512
band3,win512_nfauto,dog_sosnet,smnn0.9,0.56,6.73,12,3.0,26.0,,lmeds630,1043.0,,0.0,9.0,lmeds630,41.7,0.72,512
band3,win512_nfauto,hessian,fginn_fm1,0.304,3.35,11,2.0,17.0,,lmeds630,1046.0,,0.0,9.0,lmeds630,61.4,1.19,512
band3,win512_nfauto,hessian,smnn0.9,0.94,19.74,21,4.0,56.0,,lmeds630,1048.0,,0.0,9.0,lmeds630,61.4,1.19,512
band3,win512_nfauto,hessian,snn,0.304,3.34,11,1.0,6.0,,lmeds630,1050.0,,0.0,9.0,lmeds630,61.4,1.19,512
band3,win512_nfauto,imw-aliked-lg-kt0p2,internal,0.557,8.91,16,2.0,17.0,,lmeds630,1051.0,,0.0,9.0,lmeds630,31.2,2.32,512
band3,win512_nfauto,imw-sp-nn-kt0p2,internal,0.086,2.76,32,1.0,6.0,,lmeds630,1052.0,,0.0,9.0,lmeds630,14.0,0.63,512
band3,win512_nfauto,imw-r2d2-nn-kt0p2,internal,0.43,7.75,18,1.0,6.0,,lmeds630,1053.0,,0.0,9.0,lmeds630,30.4,3.18,512
band3,win512_nfauto,imw-rord-nn-kt0p2-fm1,internal,1.211,27.85,23,2.0,14.0,,lmeds630,1054.0,,0.0,9.0,lmeds630,94.9,13.95,512
band3,win512_nfauto,imw-rord-nn-kt0p2,internal,0.229,6.19,27,2.0,12.0,,magsac630,1056.0,,0.0,9.0,lmeds630,23.1,1.17,512
band3,win512_nfauto,imw-rdd-nn-kt0p2,internal,0.369,16.96,46,4.0,29.0,,magsac630,1060.0,,0.0,9.0,lmeds630,50.8,9.41,512
band3,win512_nfauto,imw-liftfeat-nn-kt0p2,internal,0.163,6.5,40,3.0,19.0,,lmeds630,1062.0,,0.0,9.0,lmeds630,25.7,3.32,512
band3,win512_nfauto,imw-aspanformer,internal,0.274,10.12,37,1.0,7.0,,lmeds630,1064.0,,0.0,9.0,lmeds630,32.3,2.22,512
band3,win512_nfauto,imw-dkm,internal,1.223,45.23,37,3.0,897.0,,magsac630,1067.0,,0.0,9.0,magsac630,111.0,7.34,512
band3,win512_nfauto,imw-dad-roma,internal,1.126,45.03,40,1.0,21.0,,lmeds630,1068.0,,0.0,9.0,lmeds630,130.9,4.71,512
band3,win512_nfauto,imw-xfeat-lg,internal,1.607,4.82,3,1.0,14.0,,lmeds630,1070.0,,0.0,9.0,lmeds630,29.2,0.88,512
band3,win640_nfauto,sift,fginn_fm1,0.234,2.57,11,2.0,27.0,,lmeds630,1072.0,,0.0,9.0,lmeds630,167.1,1.82,640
band3,win640_nfauto,sift,smnn0.9,2.902,43.52,15,5.0,62.0,,lmeds630,1075.0,,0.0,9.0,lmeds630,167.1,1.82,640
band3,win640_nfauto,sift,snn,0.214,2.57,12,3.0,28.0,,magsac630,1077.0,,0.0,9.0,magsac630,167.1,1.82,640
band3,win640_nfauto,disk_depth,lgm,0.137,3.71,27,2.0,359.0,,lmeds630,1078.0,,0.0,9.0,lmeds630,61.9,1.25,640
band3,win640_nfauto,disk_depth,smnn0.9,0.598,7.17,12,1.0,14.0,,lmeds630,1080.0,,0.0,9.0,lmeds630,61.9,1.25,640
band3,win640_nfauto,disk_epipolar,smnn0.9,0.18,3.24,18,4.0,66.0,,lmeds630,1083.0,,0.0,9.0,lmeds630,40.1,1.25,640
band3,win640_nfauto,dedode_L-upright_B-upright,fginn_fm1,0.238,5.95,25,1.0,7.0,,lmeds630,1085.0,,0.0,9.0,lmeds630,115.8,3.46,640
band3,win640_nfauto,dedode_L-upright_B-C4,fginn_fm1,0.257,5.91,23,1.0,6.0,,magsac630,1088.0,,0.0,9.0,magsac630,65.1,2.39,640
band3,win640_nfauto,dedode_L-upright_B-C4,lgm,0.422,6.32,15,1.0,11.0,,lmeds630,1089.0,,0.0,9.0,lmeds630,65.1,2.39,640
band3,win640_nfauto,dedode_L-upright_B-C4,mnn,0.196,5.88,30,1.0,32.0,,lmeds630,1090.0,,0.0,9.0,lmeds630,65.1,2.39,640
band3,win640_nfauto,dedode_L-upright_B-C4,snn,5.858,5.86,1,1.0,9.0,,magsac630,1091.0,,0.0,9.0,magsac630,65.1,2.39,640
band3,win640_nfauto,dedode_L-upright_G-C4,fginn_fm1,0.381,11.06,29,1.0,6.0,,magsac630,1093.0,,0.0,9.0,magsac630,122.7,3.0,640
band3,win640_nfauto,dedode_L-upright_G-C4,snn,5.453,10.91,2,2.0,14.0,,magsac630,1094.0,,0.0,9.0,magsac630,122.7,3.0,640
band3,win640_nfauto,dedode_L-C4_B-upright,mnn,0.196,5.89,30,1.0,25.0,,lmeds630,1095.0,,0.0,9.0,lmeds630,65.6,2.39,640
band3,win640_nfauto,dedode_L-C4_B-C4,ada,0.221,6.18,28,4.0,735.0,,lmeds630,1096.0,,0.0,9.0,lmeds630,67.6,2.39,640
band3,win640_nfauto,dedode_L-C4_B-C4,fginn_fm1,0.231,6.01,26,1.0,6.0,,magsac630,1097.0,,0.0,9.0,magsac630,67.6,2.39,640
band3,win640_nfauto,dedode_L-C4_B-C4,snn,2.971,5.94,2,1.0,9.0,,magsac630,1098.0,,0.0,9.0,magsac630,67.6,2.39,640
band3,win640_nfauto,dedode_L-C4_G-C4,snn,5.6,11.2,2,1.0,9.0,,magsac630,1099.0,,0.0,9.0,magsac630,120.7,3.0,640
band3,win640_nfauto,dedode_L-C4-v2_B-upright,ada,0.206,6.18,30,2.0,887.0,,lmeds630,1100.0,,0.0,9.0,lmeds630,65.8,2.39,640
band3,win640_nfauto,dedode_L-C4-v2_B-upright,fginn_fm1,0.299,5.97,20,1.0,6.0,,lmeds630,1101.0,,0.0,9.0,lmeds630,65.8,2.39,640
band3,win640_nfauto,dedode_L-C4-v2_B-upright,mnn,0.198,5.93,30,1.0,53.0,,lmeds630,1102.0,,0.0,9.0,lmeds630,65.8,2.39,640
band3,win640_nfauto,dedode_L-C4-v2_B-C4,fginn_fm1,0.263,6.04,23,1.0,6.0,,magsac630,1104.0,,0.0,9.0,magsac630,67.1,2.39,640
band3,win640_nfauto,dedode_L-C4-v2_B-C4,lgm,0.282,6.5,23,1.0,15.0,,lmeds630,1105.0,,0.0,9.0,lmeds630,67.1,2.39,640
band3,win640_nfauto,dedode_L-C4-v2_B-C4,nn,0.255,7.66,30,1.0,3145.0,,lmeds630,1106.0,,0.0,9.0,lmeds630,67.1,2.39,640
band3,win640_nfauto,dedode_L-C4-v2_B-C4,snn,5.975,5.98,1,1.0,6.0,,magsac630,1107.0,,0.0,9.0,magsac630,67.1,2.39,640
band3,win640_nfauto,keynet,ada,0.19,5.51,29,1.0,110.0,,lmeds630,1108.0,,0.0,9.0,lmeds630,196.1,1.9,640
band3,win640_nfauto,keynet,lgm,0.249,6.22,25,1.0,9.0,,lmeds630,1110.0,,0.0,9.0,lmeds630,196.1,1.9,640
band3,win640_nfauto,dog_hardnet,ada,0.135,2.98,22,3.0,57.0,,lmeds630,1111.0,,0.0,9.0,lmeds630,67.4,1.85,640
band3,win640_nfauto,dog_hardnet,fginn_fm1,0.192,2.69,14,1.0,14.0,,lmeds630,1112.0,,0.0,9.0,lmeds630,67.4,1.85,640
band3,win640_nfauto,dog_hardnet,lgm,0.134,3.36,25,2.0,32.0,,magsac630,1114.0,,0.0,9.0,magsac630,67.4,1.85,640
band3,win640_nfauto,dog_hardnet,smnn0.9,1.057,16.91,16,3.0,32.0,,lmeds630,1116.0,,0.0,9.0,lmeds630,67.4,1.85,640
band3,win640_nfauto,dog_hardnet,snn,0.268,2.68,10,1.0,6.0,,lmeds630,1118.0,,0.0,9.0,lmeds630,67.4,1.85,640
band3,win640_nfauto,dog_sosnet,fginn_fm1,0.517,4.13,8,1.0,8.0,,lmeds630,1120.0,,0.0,9.0,lmeds630,41.1,0.94,640
band3,win640_nfauto,dog_sosnet,smnn0.9,0.288,4.32,15,3.0,30.0,,lmeds630,1123.0,,0.0,9.0,lmeds630,41.1,0.94,640
band3,win640_nfauto,dog_sosnet,snn,0.68,4.08,6,1.0,10.0,,magsac630,1125.0,,0.0,9.0,magsac630,41.1,0.94,640
band3,win640_nfauto,gftt,nn,0.125,3.75,30,2.0,1328.0,,lmeds630,1128.0,,0.0,9.0,lmeds630,72.5,1.83,640
band3,win640_nfauto,hessian,fginn_fm1,0.264,3.7,14,2.0,16.0,,lmeds630,1130.0,,0.0,9.0,lmeds630,63.4,1.83,640
band3,win640_nfauto,hessian,snn,0.342,3.76,11,1.0,20.0,,magsac630,1134.0,,0.0,9.0,lmeds630,63.4,1.83,640
band3,win640_nfauto,loftr,loftr_internal,0.231,9.24,40,7.0,404.0,,lmeds630,1136.0,,0.0,9.0,lmeds630,30.4,1.68,640
band3,win640_nfauto,imw-aliked-lg-kt0p2,internal,0.536,7.51,14,2.0,14.0,,lmeds630,1138.0,,0.0,9.0,lmeds630,26.1,2.32,640
band3,win640_nfauto,imw-sp-nn-kt0p2,internal,0.157,3.77,24,1.0,6.0,,lmeds630,1139.0,,0.0,9.0,lmeds630,15.5,0.63,640
band3,win640_nfauto,imw-r2d2-nn-kt0p2,internal,1.124,10.12,9,1.0,6.0,,lmeds630,1140.0,,0.0,9.0,lmeds630,33.5,3.19,640
band3,win640_nfauto,imw-rord-nn-kt0p2-fm1,internal,1.357,31.21,23,1.0,6.0,,lmeds630,1142.0,,0.0,9.0,lmeds630,98.3,13.96,640
band3,win640_nfauto,imw-rord-nn-kt0p2,internal,0.457,6.39,14,1.0,10.0,,lmeds630,1143.0,,0.0,9.0,lmeds630,22.4,1.17,640
band3,win640_nfauto,imw-d2net-nn-kt0p2-fm1,internal,0.887,18.63,21,2.0,30.0,,lmeds630,1145.0,,0.0,9.0,lmeds630,57.0,4.63,640
band3,win640_nfauto,imw-d2net-nn-kt0p2,internal,0.52,6.76,13,1.0,6.0,,magsac630,1147.0,,0.0,9.0,magsac630,22.9,1.17,640
band3,win640_nfauto,imw-sfd2-nn-kt0p2,internal,0.315,5.36,17,2.0,12.0,,magsac630,1148.0,,0.0,9.0,magsac630,19.7,1.54,640
band3,win640_nfauto,imw-rdd-nn-kt0p2,internal,0.556,15.02,27,2.0,15.0,,magsac630,1149.0,,0.0,9.0,magsac630,48.7,9.41,640
band3,win640_nfauto,imw-ripe-nn-kt0p2,internal,0.35,9.09,26,4.0,170.0,,lmeds630,1150.0,,0.0,9.0,lmeds630,37.0,2.14,640
band3,win640_nfauto,imw-darkfeat-nn-kt0p2,internal,0.236,6.84,29,1.0,7.0,,lmeds630,1152.0,,0.0,9.0,lmeds630,35.7,1.22,640
band3,win640_nfauto,imw-lanet-nn-kt0p2,internal,0.146,4.38,30,1.0,6.0,,lmeds630,1154.0,,0.0,9.0,lmeds630,41.1,0.8,640
band3,win640_nfauto,imw-minima-loftr,internal,0.573,8.6,15,4.0,74.0,,magsac630,1156.0,,0.0,9.0,magsac630,32.4,3.55,640
band3,win640_nfauto,imw-xoftr,internal,0.243,4.61,19,1.0,6.0,,lmeds630,1157.0,,0.0,9.0,lmeds630,24.0,1.84,640
band3,win640_nfauto,imw-gim-dkm,internal,4.933,54.26,11,1.0,898.0,,lmeds630,1158.0,,0.0,9.0,lmeds630,151.7,12.82,640
band3,win640_nfauto,imw-eloftr,internal,0.282,5.63,20,1.0,7.0,,lmeds630,1160.0,,0.0,9.0,lmeds630,23.3,2.24,640
band3,win640_nfauto,imw-roma,internal,1.213,47.32,39,1.0,9.0,,lmeds630,1162.0,,0.0,9.0,lmeds630,115.0,5.36,640
band3,win640_nfauto,imw-dad-roma,internal,1.679,36.95,22,1.0,10.0,,magsac630,1163.0,,0.0,9.0,magsac630,120.5,4.71,640
band3,win640_nfauto,imw-xfeat-lg,internal,1.348,5.39,4,1.0,9.0,,magsac630,1164.0,,0.0,9.0,lmeds630,28.2,0.88,640
band3,win640_nfauto,imw-xfeat-dense,internal,0.264,6.35,24,1.0,6.0,,lmeds630,1166.0,,0.0,9.0,lmeds630,32.2,1.42,640
band3,win768_nfauto,sift,fginn_fm1,0.265,2.92,11,2.0,27.0,,lmeds630,1167.0,,0.0,9.0,lmeds630,170.5,2.59,768
band3,win768_nfauto,sift,smnn0.9,2.734,41.01,15,5.0,58.0,,lmeds630,1169.0,,0.0,9.0,lmeds630,170.5,2.59,768
band3,win768_nfauto,sift,snn,0.207,2.9,14,3.0,32.0,,magsac630,1171.0,,0.0,9.0,lmeds630,170.5,2.59,768
band3,win768_nfauto,disk_depth,lgm,0.173,4.49,26,2.0,359.0,,lmeds630,1173.0,,0.0,9.0,lmeds630,59.6,1.25,768
band3,win768_nfauto,disk_depth,smnn0.9,0.617,8.02,13,2.0,20.0,,lmeds630,1175.0,,0.0,9.0,lmeds630,59.6,1.25,768
band3,win768_nfauto,dedode_L-upright_B-upright,fginn_fm1,0.254,7.12,28,1.0,6.0,,lmeds630,1179.0,,0.0,9.0,lmeds630,125.6,3.46,768
band3,win768_nfauto,dedode_L-upright_B-C4,fginn_fm1,0.263,7.11,27,1.0,7.0,,magsac630,1181.0,,0.0,9.0,magsac630,78.0,2.39,768
band3,win768_nfauto,dedode_L-upright_G-C4,fginn_fm1,0.45,13.51,30,1.0,6.0,,magsac630,1182.0,,0.0,9.0,magsac630,142.5,3.0,768
band3,win768_nfauto,dedode_L-C4_B-upright,lgm,0.319,7.67,24,1.0,8.0,,lmeds630,1184.0,,0.0,9.0,lmeds630,76.6,2.39,768
band3,win768_nfauto,dedode_L-C4_B-C4,lgm,0.455,7.73,17,1.0,6.0,,lmeds630,1186.0,,0.0,9.0,lmeds630,77.4,2.39,768
band3,win768_nfauto,dedode_L-C4_B-C4,nn,0.309,9.26,30,3.0,877.0,,magsac630,1188.0,,0.0,9.0,magsac630,77.4,2.39,768
band3,win768_nfauto,dedode_L-C4_G-C4,fginn_fm1,0.472,13.69,29,1.0,7.0,,magsac630,1190.0,,0.0,9.0,magsac630,137.4,3.0,768
band3,win768_nfauto,dedode_L-C4_G-C4,mnn,0.451,13.53,30,5.0,638.0,,lmeds630,1191.0,,0.0,9.0,lmeds630,137.4,3.0,768
band3,win768_nfauto,dedode_L-C4-v2_B-upright,fginn_fm1,0.308,7.08,23,2.0,19.0,,lmeds630,1193.0,,0.0,9.0,lmeds630,76.2,2.39,768
band3,win768_nfauto,dedode_L-C4-v2_B-upright,nn,0.301,9.02,30,1.0,585.0,,magsac630,1195.0,,0.0,9.0,magsac630,76.2,2.39,768
band3,win768_nfauto,dedode_L-C4-v2_B-C4,ada,0.249,7.48,30,3.0,136.0,,magsac630,1196.0,,0.0,9.0,magsac630,76.8,2.39,768
band3,win768_nfauto,dedode_L-C4-v2_B-C4,fginn_fm1,0.376,7.15,19,2.0,19.0,,magsac630,1197.0,,0.0,9.0,magsac630,76.8,2.39,768
band3,win768_nfauto,dedode_L-C4-v2_B-C4,lgm,0.347,7.63,22,1.0,6.0,,lmeds630,1198.0,,0.0,9.0,lmeds630,76.8,2.39,768
band3,win768_nfauto,dedode_L-C4-v2_B-C4,mnn,0.237,7.1,30,5.0,377.0,,lmeds630,1199.0,,0.0,9.0,lmeds630,76.8,2.39,768
band3,win768_nfauto,dedode_L-C4-v2_G-C4,ada,0.464,13.91,30,2.0,1623.0,,lmeds630,1200.0,,0.0,9.0,lmeds630,136.7,3.0,768
band3,win768_nfauto,dedode_L-C4-v2_G-C4,fginn_fm1,0.587,13.49,23,1.0,6.0,,magsac630,1202.0,,0.0,9.0,magsac630,136.7,3.0,768
band3,win768_nfauto,dedode_L-C4-v2_G-C4,mnn,0.451,13.52,30,5.0,519.0,,lmeds630,1203.0,,0.0,9.0,lmeds630,136.7,3.0,768
band3,win768_nfauto,keynet,lgm,0.35,5.94,17,1.0,6.0,,lmeds630,1205.0,,0.0,9.0,lmeds630,191.6,2.2,768
band3,win768_nfauto,dog_hardnet,fginn_fm1,0.292,3.21,11,1.0,14.0,,lmeds630,1207.0,,0.0,9.0,lmeds630,81.7,2.7,768
band3,win768_nfauto,dog_hardnet,lgm,0.151,3.92,26,2.0,32.0,,magsac630,1209.0,,0.0,9.0,lmeds630,81.7,2.7,768
band3,win768_nfauto,dog_hardnet,snn,0.355,3.2,9,1.0,6.0,,lmeds630,1213.0,,0.0,9.0,lmeds630,81.7,2.7,768
band3,win768_nfauto,dog_sosnet,ada,0.177,4.95,28,4.0,78.0,,lmeds630,1215.0,,0.0,9.0,lmeds630,48.9,1.34,768
band3,win768_nfauto,dog_sosnet,fginn_fm1,0.519,4.67,9,1.0,8.0,,lmeds630,1216.0,,0.0,9.0,lmeds630,48.9,1.34,768
band3,win768_nfauto,dog_sosnet,nn,0.19,5.7,30,2.0,701.0,,magsac630,1218.0,,0.0,9.0,magsac630,48.9,1.34,768
band3,win768_nfauto,dog_sosnet,smnn0.9,0.389,6.6,17,1.0,18.0,,lmeds630,1219.0,,0.0,9.0,lmeds630,48.9,1.34,768
band3,win768_nfauto,dog_sosnet,snn,0.77,4.62,6,1.0,10.0,,lmeds630,1221.0,,0.0,9.0,lmeds630,48.9,1.34,768
band3,win768_nfauto,hessian,ada,0.197,4.93,25,3.0,123.0,,lmeds630,1225.0,,0.0,9.0,lmeds630,87.6,2.65,768
band3,win768_nfauto,hessian,fginn_fm1,0.402,4.42,11,2.0,16.0,,lmeds630,1227.0,,0.0,9.0,lmeds630,87.6,2.65,768
band3,win768_nfauto,hessian,snn,0.491,4.42,9,1.0,32.0,,magsac630,1231.0,,0.0,9.0,magsac630,87.6,2.65,768
band3,win768_nfauto,loftr,loftr_internal,0.224,7.18,32,5.0,360.0,,lmeds630,1232.0,,0.0,9.0,lmeds630,23.2,2.03,768
band3,win768_nfauto,imw-aliked-lg-kt0p2,internal,0.476,7.62,16,1.0,6.0,,lmeds630,1234.0,,0.0,9.0,lmeds630,25.6,2.32,768
band3,win768_nfauto,imw-sp-sg-kt0p2,internal,0.681,5.45,8,1.0,6.0,,lmeds630,1235.0,,0.0,9.0,lmeds630,19.3,0.67,768
band3,win768_nfauto,imw-rord-nn-kt0p2-fm1,internal,1.842,34.99,19,1.0,10.0,,lmeds630,1236.0,,0.0,9.0,lmeds630,104.2,4.63,768
band3,win768_nfauto,imw-rord-nn-kt0p2,internal,0.403,7.65,19,1.0,8.0,,magsac630,1238.0,,0.0,9.0,magsac630,23.5,1.17,768
band3,win768_nfauto,imw-d2net-nn-kt0p2-fm1,internal,1.112,23.35,21,2.0,30.0,,lmeds630,1239.0,,0.0,9.0,lmeds630,63.0,4.63,768
band3,win768_nfauto,imw-d2net-nn-kt0p2,internal,0.399,7.97,20,2.0,18.0,,lmeds630,1241.0,,0.0,9.0,lmeds630,24.0,1.17,768
band3,win768_nfauto,imw-alike-nn-kt0p2-fm1,internal,0.157,4.71,30,1.0,8.0,,lmeds630,1243.0,,0.0,9.0,lmeds630,17.2,0.66,768
band3,win768_nfauto,imw-alike-nn-kt0p2,internal,0.153,4.6,30,1.0,8.0,,lmeds630,1244.0,,0.0,9.0,lmeds630,17.0,0.66,768
band3,win768_nfauto,imw-rdd-nn-kt0p2,internal,0.623,13.7,22,1.0,13.0,,lmeds630,1245.0,,0.0,9.0,lmeds630,47.2,9.41,768
band3,win768_nfauto,imw-liftfeat-nn-kt0p2,internal,0.246,7.39,30,1.0,7.0,,magsac630,1247.0,,0.0,9.0,magsac630,25.0,3.32,768
band3,win768_nfauto,imw-ripe-nn-kt0p2,internal,0.382,10.68,28,4.0,166.0,,lmeds630,1248.0,,0.0,9.0,lmeds630,36.4,2.14,768
band3,win768_nfauto,imw-lanet-nn-kt0p2,internal,0.171,5.12,30,1.0,7.0,,lmeds630,1250.0,,0.0,9.0,lmeds630,18.2,0.8,768
band3,win768_nfauto,imw-minima-loftr,internal,0.401,9.22,23,1.0,6.0,,magsac630,1252.0,,0.0,9.0,magsac630,31.4,3.56,768
band3,win768_nfauto,imw-eloftr,internal,0.563,14.07,25,1.0,8.0,,magsac630,1253.0,,0.0,9.0,magsac630,50.3,2.24,768
band3,win768_nfauto,imw-roma,internal,1.653,52.9,32,2.0,227.0,,magsac630,1255.0,,0.0,9.0,magsac630,149.2,5.36,768
band3,win768_nfauto,imw-dad-roma,internal,1.503,40.59,27,2.0,17.0,,magsac630,1256.0,,0.0,9.0,magsac630,122.8,4.71,768
band3,win768_nfauto,imw-xfeat-lg,internal,1.621,6.48,4,2.0,24.0,,lmeds630,1257.0,,0.0,9.0,lmeds630,30.8,0.89,768
band3,win768_nfauto,imw-xfeat-dense,internal,0.344,9.3,27,1.0,6.0,,lmeds630,1259.0,,0.0,9.0,lmeds630,41.6,1.42,768
band3,win896_nfauto,sift,fginn_fm1,0.264,2.91,11,2.0,27.0,,lmeds630,1260.0,,0.0,9.0,lmeds630,195.9,2.89,896
band3,win896_nfauto,sift,mnn,0.097,2.9,30,11.0,161.0,,magsac630,1262.0,,0.0,9.0,lmeds630,195.9,2.89,896
band3,win896_nfauto,sift,snn,0.205,2.87,14,3.0,32.0,,magsac630,1265.0,,0.0,9.0,lmeds630,195.9,2.89,896
band3,win896_nfauto,disk_depth,lgm,0.199,5.17,26,2.0,206.0,,magsac630,1267.0,,0.0,9.0,lmeds630,63.2,1.25,896
band3,win896_nfauto,disk_depth,smnn0.9,0.93,10.23,11,1.0,14.0,,lmeds630,1269.0,,0.0,9.0,lmeds630,63.2,1.25,896
band3,win896_nfauto,disk_epipolar,ada,0.157,4.39,28,4.0,125.0,,magsac630,1271.0,,0.0,9.0,magsac630,44.2,1.25,896
band3,win896_nfauto,dedode_L-upright_B-upright,fginn_fm1,0.267,7.73,29,1.0,7.0,,lmeds630,1272.0,,0.0,9.0,lmeds630,131.5,3.46,896
band3,win896_nfauto,dedode_L-upright_B-upright,lgm,0.394,8.27,21,1.0,7.0,,lmeds630,1274.0,,0.0,9.0,lmeds630,131.5,3.46,896
band3,win896_nfauto,dedode_L-upright_B-C4,fginn_fm1,0.259,7.26,28,2.0,67.0,,magsac630,1275.0,,0.0,9.0,lmeds630,79.3,2.39,896
band3,win896_nfauto,dedode_L-upright_G-C4,ada,0.472,14.17,30,1.0,463.0,,lmeds630,1277.0,,0.0,9.0,lmeds630,146.4,3.0,896
band3,win896_nfauto,dedode_L-upright_G-C4,fginn_fm1,0.46,13.8,30,1.0,7.0,,magsac630,1278.0,,0.0,9.0,magsac630,146.4,3.0,896
band3,win896_nfauto,dedode_L-C4_B-upright,ada,0.249,7.48,30,2.0,515.0,,lmeds630,1279.0,,0.0,9.0,lmeds630,79.6,2.39,896
band3,win896_nfauto,dedode_L-C4_B-upright,fginn_fm1,0.26,7.28,28,1.0,9.0,,lmeds630,1280.0,,0.0,9.0,lmeds630,79.6,2.39,896
band3,win896_nfauto,dedode_L-C4_B-upright,lgm,0.416,7.91,19,1.0,7.0,,lmeds630,1282.0,,0.0,9.0,lmeds630,79.6,2.39,896
band3,win896_nfauto,dedode_L-C4_B-C4,fginn_fm1,0.253,7.34,29,2.0,24.0,,lmeds630,1283.0,,0.0,9.0,lmeds630,81.0,2.39,896
band3,win896_nfauto,dedode_L-C4_G-C4,ada,0.476,14.29,30,1.0,197.0,,magsac630,1285.0,,0.0,9.0,magsac630,142.3,3.0,896
band3,win896_nfauto,dedode_L-C4_G-C4,fginn_fm1,0.483,14.02,29,1.0,14.0,,lmeds630,1286.0,,0.0,9.0,lmeds630,142.3,3.0,896
band3,win896_nfauto,dedode_L-C4_G-C4,mnn,0.471,14.14,30,3.0,21.0,,magsac630,1287.0,,0.0,9.0,magsac630,142.3,3.0,896
band3,win896_nfauto,dedode_L-C4-v2_B-upright,fginn_fm1,0.304,7.31,24,1.0,8.0,,lmeds630,1288.0,,0.0,9.0,lmeds630,80.2,2.39,896
band3,win896_nfauto,dedode_L-C4-v2_B-upright,lgm,0.344,7.9,23,1.0,11.0,,lmeds630,1290.0,,0.0,9.0,lmeds630,80.2,2.39,896
band3,win896_nfauto,dedode_L-C4-v2_B-C4,fginn_fm1,0.318,7.32,23,2.0,31.0,,magsac630,1291.0,,0.0,9.0,magsac630,80.3,2.39,896
band3,win896_nfauto,dedode_L-C4-v2_B-C4,lgm,0.379,7.97,21,1.0,9.0,,lmeds630,1292.0,,0.0,9.0,lmeds630,80.3,2.39,896
band3,win896_nfauto,dedode_L-C4-v2_G-C4,mnn,0.464,13.93,30,1.0,102.0,,lmeds630,1293.0,,0.0,9.0,lmeds630,154.1,3.0,896
band3,win896_nfauto,keynet,lgm,0.39,5.85,15,1.0,19.0,,lmeds630,1294.0,,0.0,9.0,lmeds630,176.2,2.2,896
band3,win896_nfauto,keynet,mnn,0.174,5.21,30,3.0,105.0,,lmeds630,1295.0,,0.0,9.0,lmeds630,176.2,2.2,896
band3,win896_nfauto,dog_hardnet,fginn_fm1,0.283,3.11,11,1.0,14.0,,lmeds630,1297.0,,0.0,9.0,lmeds630,81.3,3.02,896
band3,win896_nfauto,dog_hardnet,snn,0.345,3.11,9,1.0,6.0,,lmeds630,1302.0,,0.0,9.0,lmeds630,81.3,3.02,896
band3,win896_nfauto,dog_sosnet,fginn_fm1,0.508,4.57,9,1.0,8.0,,lmeds630,1304.0,,0.0,9.0,lmeds630,45.3,1.5,896
band3,win896_nfauto,dog_sosnet,smnn0.9,0.462,6.47,14,1.0,18.0,,lmeds630,1307.0,,0.0,9.0,lmeds630,45.3,1.5,896
band3,win896_nfauto,dog_sosnet,snn,0.752,4.51,6,1.0,10.0,,lmeds630,1309.0,,0.0,9.0,lmeds630,45.3,1.5,896
band3,win896_nfauto,dog_hynet,mnn,0.216,6.48,30,2.0,35.0,,magsac630,1311.0,,0.0,9.0,lmeds630,59.3,2.59,896
band3,win896_nfauto,hessian,fginn_fm1,0.411,4.52,11,2.0,16.0,,lmeds630,1313.0,,0.0,9.0,lmeds630,105.3,3.61,896
band3,win896_nfauto,hessian,smnn0.9,0.964,20.24,21,3.0,49.0,,lmeds630,1315.0,,0.0,9.0,lmeds630,105.3,3.61,896
band3,win896_nfauto,hessian,snn,0.41,4.51,11,1.0,36.0,,magsac630,1317.0,,0.0,9.0,lmeds630,105.3,3.61,896
band3,win896_nfauto,loftr,loftr_internal,0.222,7.09,32,5.0,360.0,,lmeds630,1319.0,,0.0,9.0,lmeds630,23.3,2.03,896
band3,win896_nfauto,imw-aliked-lg-kt0p2,internal,0.535,8.03,15,1.0,6.0,,lmeds630,1321.0,,0.0,9.0,lmeds630,26.9,2.32,896
band3,win896_nfauto,imw-sp-sg-kt0p2,internal,0.692,5.54,8,1.0,6.0,,lmeds630,1322.0,,0.0,9.0,lmeds630,20.1,0.68,896
band3,win896_nfauto,imw-rord-nn-kt0p2-fm1,internal,1.703,35.76,21,1.0,9.0,,lmeds630,1323.0,,0.0,9.0,lmeds630,104.6,4.63,896
band3,win896_nfauto,imw-rord-nn-kt0p2,internal,0.406,7.71,19,2.0,20.0,,lmeds630,1324.0,,0.0,9.0,lmeds630,23.3,1.17,896
band3,win896_nfauto,imw-d2net-nn-kt0p2-fm1,internal,1.218,23.14,19,2.0,30.0,,lmeds630,1326.0,,0.0,9.0,lmeds630,61.7,4.63,896
band3,win896_nfauto,imw-d2net-nn-kt0p2,internal,0.463,7.87,17,2.0,18.0,,lmeds630,1328.0,,0.0,9.0,lmeds630,23.6,1.17,896
band3,win896_nfauto,imw-alike-nn-kt0p2-fm1,internal,0.156,4.68,30,1.0,6.0,,lmeds630,1330.0,,0.0,9.0,lmeds630,17.0,0.66,896
band3,win896_nfauto,imw-alike-nn-kt0p2,internal,0.156,4.67,30,1.0,6.0,,lmeds630,1331.0,,0.0,9.0,lmeds630,16.8,0.66,896
band3,win896_nfauto,imw-rdd-nn-kt0p2,internal,0.643,17.36,27,2.0,13.0,,magsac630,1332.0,,0.0,9.0,magsac630,50.3,9.41,896
band3,win896_nfauto,imw-ripe-nn-kt0p2,internal,0.373,10.82,29,4.0,173.0,,lmeds630,1333.0,,0.0,9.0,lmeds630,34.5,2.14,896
band3,win896_nfauto,imw-lanet-nn-kt0p2,internal,0.173,5.19,30,1.0,8.0,,lmeds630,1335.0,,0.0,9.0,lmeds630,18.0,0.8,896
band3,win896_nfauto,imw-minima-loftr,internal,0.396,9.5,24,4.0,82.0,,magsac630,1337.0,,0.0,9.0,magsac630,31.6,3.56,896
band3,win896_nfauto,imw-gim-roma,internal,1.203,33.68,28,2.0,261.0,,magsac630,1339.0,,0.0,9.0,magsac630,99.1,5.36,896
band3,win896_nfauto,imw-aspanformer,internal,0.439,11.41,26,1.0,7.0,,lmeds630,1340.0,,0.0,9.0,lmeds630,34.0,2.22,896
band3,win896_nfauto,imw-dkm,internal,1.254,27.6,22,1.0,146.0,,lmeds630,1342.0,,0.0,9.0,lmeds630,91.3,7.34,896
band3,win896_nfauto,imw-dad-roma,internal,1.423,38.41,27,3.0,27.0,,magsac630,1343.0,,0.0,9.0,lmeds630,119.5,4.71,896
band3,win896_nfauto,imw-xfeat-lg,internal,1.9,5.7,3,2.0,24.0,,lmeds630,1345.0,,0.0,9.0,lmeds630,28.9,0.89,896
band3,win896_nfauto,imw-xfeat-dense,internal,0.258,6.96,27,1.0,6.0,,lmeds630,1347.0,,0.0,9.0,lmeds630,33.5,1.42,896
band3,win1024_nfauto,sift,ada,0.141,2.82,20,7.0,169.0,,lmeds630,1348.0,,0.0,9.0,lmeds630,158.0,2.89,1024
band3,win1024_nfauto,sift,fginn_fm1,0.235,2.58,11,2.0,27.0,,lmeds630,1350.0,,0.0,9.0,lmeds630,158.0,2.89,1024
band3,win1024_nfauto,sift,smnn0.9,2.368,30.78,13,5.0,55.0,,magsac630,1353.0,,0.0,9.0,lmeds630,158.0,2.89,1024
band3,win1024_nfauto,sift,snn,0.195,2.54,13,3.0,32.0,,magsac630,1355.0,,0.0,9.0,lmeds630,158.0,2.89,1024
band3,win1024_nfauto,disk_depth,lgm,0.206,4.33,21,2.0,359.0,,lmeds630,1357.0,,0.0,9.0,lmeds630,54.7,1.25,1024
band3,win1024_nfauto,disk_depth,smnn0.9,0.822,7.4,9,1.0,14.0,,lmeds630,1359.0,,0.0,9.0,lmeds630,54.7,1.25,1024
band3,win1024_nfauto,disk_epipolar,mnn,0.164,4.1,25,4.0,133.0,,magsac630,1361.0,,0.0,9.0,magsac630,42.9,1.25,1024
band3,win1024_nfauto,disk_epipolar,smnn0.9,0.231,3.93,17,2.0,30.0,,magsac630,1362.0,,0.0,9.0,magsac630,42.9,1.25,1024
band3,win1024_nfauto,dedode_L-upright_B-upright,ada,0.291,7.28,25,1.0,74.0,,magsac630,1363.0,,0.0,9.0,magsac630,124.7,3.46,1024
band3,win1024_nfauto,dedode_L-upright_B-upright,fginn_fm1,0.295,7.08,24,1.0,9.0,,lmeds630,1364.0,,0.0,9.0,lmeds630,124.7,3.46,1024
band3,win1024_nfauto,dedode_L-upright_B-upright,mnn,0.276,6.9,25,1.0,6.0,,magsac630,1366.0,,0.0,9.0,magsac630,124.7,3.46,1024
band3,win1024_nfauto,dedode_L-upright_B-C4,fginn_fm1,0.307,7.06,23,1.0,9.0,,magsac630,1367.0,,0.0,9.0,lmeds630,77.2,2.39,1024
band3,win1024_nfauto,dedode_L-C4_B-upright,fginn_fm1,0.309,7.12,23,1.0,7.0,,magsac630,1370.0,,0.0,9.0,magsac630,78.8,2.39,1024
band3,win1024_nfauto,dedode_L-C4_B-upright,lgm,0.707,7.78,11,1.0,9.0,,lmeds630,1371.0,,0.0,9.0,lmeds630,78.8,2.39,1024
band3,win1024_nfauto,dedode_L-C4_B-upright,mnn,0.276,6.91,25,1.0,6.0,,magsac630,1372.0,,0.0,9.0,magsac630,78.8,2.39,1024
band3,win1024_nfauto,dedode_L-C4_B-C4,lgm,0.648,7.78,12,1.0,6.0,,lmeds630,1373.0,,0.0,9.0,lmeds630,78.4,2.39,1024
band3,win1024_nfauto,dedode_L-C4_B-C4,snn,6.88,6.88,1,1.0,23.0,,magsac630,1375.0,,0.0,9.0,magsac630,78.4,2.39,1024
band3,win1024_nfauto,dedode_L-C4-v2_B-upright,ada,0.298,7.46,25,1.0,68.0,,magsac630,1376.0,,0.0,9.0,magsac630,80.4,2.39,1024
band3,win1024_nfauto,dedode_L-C4-v2_B-upright,fginn_fm1,0.338,7.09,21,1.0,7.0,,magsac630,1377.0,,0.0,9.0,lmeds630,80.4,2.39,1024
band3,win1024_nfauto,dedode_L-C4-v2_B-C4,lgm,0.457,7.76,17,1.0,11.0,,lmeds630,1379.0,,0.0,9.0,lmeds630,79.3,2.39,1024
band3,win1024_nfauto,dedode_L-C4-v2_B-C4,mnn,0.278,6.95,25,2.0,245.0,,lmeds630,1380.0,,0.0,9.0,lmeds630,79.3,2.39,1024
band3,win1024_nfauto,dedode_L-C4-v2_G-C4,mnn,0.556,13.89,25,5.0,938.0,,lmeds630,1381.0,,0.0,9.0,lmeds630,141.9,3.0,1024
band3,win1024_nfauto,keynet,lgm,0.376,5.27,14,1.0,6.0,,lmeds630,1383.0,,0.0,9.0,lmeds630,165.8,2.2,1024
band3,win1024_nfauto,dog_hardnet,ada,0.161,3.22,20,3.0,62.0,,lmeds630,1384.0,,0.0,9.0,lmeds630,78.4,3.02,1024
band3,win1024_nfauto,dog_hardnet,fginn_fm1,0.288,2.88,10,1.0,14.0,,lmeds630,1386.0,,0.0,9.0,lmeds630,78.4,3.02,1024
band3,win1024_nfauto,dog_hardnet,lgm,0.189,3.58,19,2.0,32.0,,magsac630,1388.0,,0.0,9.0,lmeds630,78.4,3.02,1024
band3,win1024_nfauto,dog_hardnet,snn,0.356,2.85,8,1.0,6.0,,lmeds630,1392.0,,0.0,9.0,lmeds630,78.4,3.02,1024
band3,win1024_nfauto,dog_sosnet,ada,0.201,4.61,23,4.0,78.0,,lmeds630,1394.0,,0.0,9.0,lmeds630,43.8,1.5,1024
band3,win1024_nfauto,dog_sosnet,fginn_fm1,0.434,4.34,10,1.0,8.0,,lmeds630,1395.0,,0.0,9.0,lmeds630,43.8,1.5,1024
band3,win1024_nfauto,dog_sosnet,mnn,0.174,4.35,25,9.0,126.0,,magsac630,1397.0,,0.0,9.0,magsac630,43.8,1.5,1024
band3,win1024_nfauto,dog_sosnet,smnn0.9,0.521,6.25,12,1.0,18.0,,lmeds630,1398.0,,0.0,9.0,lmeds630,43.8,1.5,1024
band3,win1024_nfauto,dog_sosnet,snn,0.714,4.28,6,1.0,10.0,,lmeds630,1400.0,,0.0,9.0,lmeds630,43.8,1.5,1024
band3,win1024_nfauto,dog_hynet,mnn,0.248,6.19,25,2.0,35.0,,magsac630,1402.0,,0.0,9.0,magsac630,57.9,2.59,1024
band3,win1024_nfauto,gftt,ada,0.147,3.53,24,1.0,96.0,,magsac630,1404.0,,0.0,9.0,magsac630,76.0,2.53,1024
band3,win1024_nfauto,hessian,ada,0.268,4.83,18,3.0,78.0,,magsac630,1405.0,,0.0,9.0,magsac630,106.1,4.71,1024
band3,win1024_nfauto,hessian,fginn_fm1,0.358,4.29,12,2.0,16.0,,lmeds630,1406.0,,0.0,9.0,lmeds630,106.1,4.71,1024
band3,win1024_nfauto,hessian,snn,0.428,4.28,10,1.0,36.0,,magsac630,1409.0,,0.0,9.0,lmeds630,106.1,4.71,1024
band3,win1024_nfauto,loftr,loftr_internal,0.226,7.22,32,7.0,445.0,,lmeds630,1411.0,,0.0,9.0,lmeds630,23.2,2.03,1024
band3,win1024_nfauto,imw-aliked-lg-kt0p2,internal,0.515,7.21,14,1.0,6.0,,lmeds630,1413.0,,0.0,9.0,lmeds630,25.2,2.32,1024
band3,win1024_nfauto,imw-sp-sg-kt0p2,internal,0.88,5.28,6,1.0,6.0,,lmeds630,1414.0,,0.0,9.0,lmeds630,19.3,0.68,1024
band3,win1024_nfauto,imw-rord-nn-kt0p2-fm1,internal,2.326,34.89,15,1.0,6.0,,lmeds630,1415.0,,0.0,9.0,lmeds630,104.2,13.96,1024
band3,win1024_nfauto,imw-rord-nn-kt0p2,internal,0.508,7.63,15,2.0,20.0,,lmeds630,1416.0,,0.0,9.0,lmeds630,23.5,1.17,1024
band3,win1024_nfauto,imw-d2net-nn-kt0p2-fm1,internal,1.524,22.86,15,2.0,30.0,,lmeds630,1418.0,,0.0,9.0,lmeds630,64.6,4.63,1024
band3,win1024_nfauto,imw-d2net-nn-kt0p2,internal,0.546,7.65,14,3.0,26.0,,lmeds630,1420.0,,0.0,9.0,lmeds630,23.8,1.17,1024
band3,win1024_nfauto,imw-alike-nn-kt0p2-fm1,internal,0.178,4.45,25,1.0,6.0,,lmeds630,1422.0,,0.0,9.0,lmeds630,18.0,0.66,1024
band3,win1024_nfauto,imw-alike-nn-kt0p2,internal,0.184,4.59,25,1.0,6.0,,lmeds630,1423.0,,0.0,9.0,lmeds630,17.0,0.66,1024
band3,win1024_nfauto,imw-liftfeat-nn-kt0p2,internal,0.29,6.97,24,1.0,6.0,,magsac630,1424.0,,0.0,9.0,magsac630,24.4,3.32,1024
band3,win1024_nfauto,imw-ripe-nn-kt0p2,internal,0.43,10.32,24,4.0,169.0,,lmeds630,1425.0,,0.0,9.0,lmeds630,34.2,2.14,1024
band3,win1024_nfauto,imw-lanet-nn-kt0p2,internal,0.201,5.02,25,1.0,8.0,,lmeds630,1427.0,,0.0,9.0,lmeds630,18.4,0.8,1024
band3,win1024_nfauto,imw-minima-loftr,internal,0.499,9.47,19,4.0,82.0,,magsac630,1428.0,,0.0,9.0,lmeds630,32.9,3.56,1024
band3,win1024_nfauto,imw-eloftr,internal,0.302,6.63,22,1.0,6.0,,lmeds630,1430.0,,0.0,9.0,lmeds630,23.2,2.24,1024
band3,win1024_nfauto,imw-aspanformer,internal,0.607,10.92,18,3.0,90.0,,lmeds630,1431.0,,0.0,9.0,lmeds630,34.2,2.22,1024
band3,win1024_nfauto,imw-dad-roma,internal,1.437,33.05,23,1.0,7.0,,magsac630,1433.0,,0.0,9.0,magsac630,116.4,4.71,1024
band3,win1024_nfauto,imw-xfeat-lg,internal,2.091,6.27,3,1.0,15.0,,lmeds630,1434.0,,0.0,9.0,lmeds630,30.6,0.89,1024
band3,win1152_nfauto,sift,fginn_fm1,0.262,2.88,11,2.0,27.0,,lmeds630,1436.0,,0.0,9.0,lmeds630,155.2,2.89,1152
band3,win1152_nfauto,sift,snn,0.217,2.83,13,3.0,32.0,,magsac630,1439.0,,0.0,9.0,lmeds630,155.2,2.89,1152
band3,win1152_nfauto,disk_depth,lgm,0.229,4.35,19,2.0,359.0,,lmeds630,1441.0,,0.0,9.0,lmeds630,53.7,1.26,1152
band3,win1152_nfauto,disk_depth,mnn,0.164,3.93,24,5.0,184.0,,magsac630,1443.0,,0.0,9.0,magsac630,53.7,1.26,1152
band3,win1152_nfauto,disk_depth,smnn0.9,0.689,6.2,9,1.0,14.0,,lmeds630,1444.0,,0.0,9.0,lmeds630,53.7,1.26,1152
band3,win1152_nfauto,disk_epipolar,smnn0.9,0.25,4.0,16,3.0,37.0,,magsac630,1447.0,,0.0,9.0,magsac630,44.0,1.25,1152
band3,win1152_nfauto,dedode_L-upright_B-upright,fginn_fm1,0.301,7.23,24,1.0,6.0,,magsac630,1448.0,,0.0,9.0,magsac630,139.1,3.46,1152
band3,win1152_nfauto,dedode_L-upright_B-upright,lgm,0.658,7.89,12,1.0,9.0,,lmeds630,1449.0,,0.0,9.0,lmeds630,139.1,3.46,1152
band3,win1152_nfauto,dedode_L-upright_B-C4,fginn_fm1,0.325,7.16,22,1.0,12.0,,magsac630,1450.0,,0.0,9.0,magsac630,80.3,2.48,1152
band3,win1152_nfauto,dedode_L-upright_B-C4,mnn,0.287,6.89,24,1.0,8.0,,magsac630,1451.0,,0.0,9.0,magsac630,80.3,2.48,1152
band3,win1152_nfauto,dedode_L-upright_G-C4,ada,0.598,14.34,24,2.0,1359.0,,lmeds630,1452.0,,0.0,9.0,lmeds630,151.5,3.6,1152
band3,win1152_nfauto,dedode_L-upright_G-C4,fginn_fm1,0.582,13.97,24,1.0,14.0,,lmeds630,1453.0,,0.0,9.0,lmeds630,151.5,3.6,1152
band3,win1152_nfauto,dedode_L-upright_G-C4,mnn,0.574,13.77,24,1.0,6.0,,magsac630,1454.0,,0.0,9.0,magsac630,151.5,3.6,1152
band3,win1152_nfauto,dedode_L-C4_B-upright,fginn_fm1,0.301,7.23,24,1.0,13.0,,lmeds630,1455.0,,0.0,9.0,lmeds630,81.6,3.37,1152
band3,win1152_nfauto,dedode_L-C4_B-upright,lgm,0.724,7.97,11,1.0,7.0,,lmeds630,1457.0,,0.0,9.0,lmeds630,81.6,3.37,1152
band3,win1152_nfauto,dedode_L-C4_B-upright,nn,0.439,10.54,24,1.0,721.0,,magsac630,1458.0,,0.0,9.0,magsac630,81.6,3.37,1152
band3,win1152_nfauto,dedode_L-C4_B-C4,fginn_fm1,0.302,7.25,24,1.0,7.0,,lmeds630,1460.0,,0.0,9.0,lmeds630,83.1,2.91,1152
band3,win1152_nfauto,dedode_L-C4_B-C4,nn,0.44,10.57,24,1.0,45.0,,magsac630,1461.0,,0.0,9.0,magsac630,83.1,2.91,1152
band3,win1152_nfauto,dedode_L-C4_G-C4,mnn,0.585,14.04,24,2.0,14.0,,magsac630,1462.0,,0.0,9.0,magsac630,147.8,4.03,1152
band3,win1152_nfauto,dedode_L-C4-v2_B-upright,fginn_fm1,0.484,9.69,20,1.0,7.0,,magsac630,1463.0,,0.0,9.0,magsac630,113.1,3.03,1152
band3,win1152_nfauto,dedode_L-C4-v2_B-upright,lgm,0.732,10.97,15,1.0,7.0,,lmeds630,1464.0,,0.0,9.0,lmeds630,113.1,3.03,1152
band3,win1152_nfauto,dedode_L-C4-v2_B-C4,fginn_fm1,0.486,9.72,20,1.0,8.0,,magsac630,1465.0,,0.0,9.0,magsac630,136.6,2.46,1152
band3,win1152_nfauto,keynet,lgm,0.402,5.22,13,1.0,6.0,,lmeds630,1466.0,,0.0,9.0,lmeds630,195.6,2.2,1152
band3,win1152_nfauto,dog_hardnet,ada,0.159,3.17,20,3.0,62.0,,lmeds630,1468.0,,0.0,9.0,lmeds630,75.6,3.02,1152
band3,win1152_nfauto,dog_hardnet,fginn_fm1,0.286,2.86,10,1.0,14.0,,lmeds630,1470.0,,0.0,9.0,lmeds630,75.6,3.02,1152
band3,win1152_nfauto,dog_hardnet,lgm,0.188,3.57,19,2.0,32.0,,magsac630,1472.0,,0.0,9.0,lmeds630,75.6,3.02,1152
band3,win1152_nfauto,dog_hardnet,snn,0.41,2.87,7,1.0,6.0,,lmeds630,1476.0,,0.0,9.0,lmeds630,75.6,3.02,1152
band3,win1152_nfauto,dog_sosnet,ada,0.21,4.61,22,4.0,78.0,,lmeds630,1478.0,,0.0,9.0,lmeds630,44.0,1.5,1152
band3,win1152_nfauto,dog_sosnet,fginn_fm1,0.43,4.3,10,1.0,8.0,,lmeds630,1479.0,,0.0,9.0,lmeds630,44.0,1.5,1152
band3,win1152_nfauto,dog_sosnet,smnn0.9,0.48,6.24,13,1.0,18.0,,lmeds630,1482.0,,0.0,9.0,lmeds630,44.0,1.5,1152
band3,win1152_nfauto,dog_sosnet,snn,0.713,4.28,6,1.0,10.0,,lmeds630,1484.0,,0.0,9.0,lmeds630,44.0,1.5,1152
band3,win1152_nfauto,dog_hynet,mnn,0.256,6.15,24,2.0,35.0,,magsac630,1486.0,,0.0,9.0,magsac630,60.3,2.59,1152
band3,win1152_nfauto,gftt,ada,0.175,4.03,23,2.0,153.0,,magsac630,1488.0,,0.0,9.0,magsac630,89.2,2.54,1152
band3,win1152_nfauto,hessian,ada,0.309,5.56,18,3.0,78.0,,magsac630,1489.0,,0.0,9.0,magsac630,123.9,5.22,1152
band3,win1152_nfauto,hessian,fginn_fm1,0.383,4.22,11,2.0,16.0,,lmeds630,1490.0,,0.0,9.0,lmeds630,123.9,5.22,1152
band3,win1152_nfauto,hessian,snn,0.381,4.2,11,1.0,36.0,,magsac630,1492.0,,0.0,9.0,lmeds630,123.9,5.22,1152
band3,win1152_nfauto,loftr,loftr_internal,0.188,6.02,32,5.0,360.0,,lmeds630,1494.0,,0.0,9.0,lmeds630,22.0,2.03,1152
band3,win1152_nfauto,imw-sp-lg-kt0p2,internal,1.559,4.68,3,1.0,6.0,,lmeds630,1496.0,,0.0,9.0,lmeds630,18.6,1.26,1152
band3,win1152_nfauto,imw-aliked-lg-kt0p2,internal,0.491,6.38,13,1.0,6.0,,lmeds630,1497.0,,0.0,9.0,lmeds630,27.1,2.32,1152
band3,win1152_nfauto,imw-rord-nn-kt0p2-fm1,internal,1.777,26.65,15,1.0,10.0,,lmeds630,1499.0,,0.0,9.0,lmeds630,95.1,4.63,1152
band3,win1152_nfauto,imw-rord-nn-kt0p2,internal,0.535,7.49,14,1.0,8.0,,magsac630,1501.0,,0.0,9.0,magsac630,24.2,1.17,1152
band3,win1152_nfauto,imw-d2net-nn-kt0p2-fm1,internal,1.585,22.19,14,2.0,21.0,,magsac630,1502.0,,0.0,9.0,magsac630,61.0,4.63,1152
band3,win1152_nfauto,imw-d2net-nn-kt0p2,internal,0.536,7.51,14,2.0,18.0,,lmeds630,1503.0,,0.0,9.0,lmeds630,23.5,1.17,1152
band3,win1152_nfauto,imw-alike-nn-kt0p2-fm1,internal,0.185,4.43,24,1.0,6.0,,lmeds630,1505.0,,0.0,9.0,lmeds630,18.0,0.66,1152
band3,win1152_nfauto,imw-alike-nn-kt0p2,internal,0.201,4.83,24,1.0,6.0,,lmeds630,1506.0,,0.0,9.0,lmeds630,20.0,0.66,1152
band3,win1152_nfauto,imw-rdd-nn-kt0p2,internal,0.613,15.94,26,2.0,13.0,,magsac630,1507.0,,0.0,9.0,magsac630,49.8,9.41,1152
band3,win1152_nfauto,imw-liftfeat-nn-kt0p2,internal,0.256,5.88,23,1.0,6.0,,magsac630,1508.0,,0.0,9.0,magsac630,23.3,3.32,1152
band3,win1152_nfauto,imw-ripe-nn-kt0p2,internal,0.453,9.52,21,2.0,137.0,,lmeds630,1509.0,,0.0,9.0,lmeds630,33.4,2.14,1152
band3,win1152_nfauto,imw-lanet-nn-kt0p2,internal,0.196,4.71,24,1.0,8.0,,lmeds630,1511.0,,0.0,9.0,lmeds630,17.9,0.8,1152
band3,win1152_nfauto,imw-minima-loftr,internal,0.497,9.44,19,1.0,7.0,,lmeds630,1512.0,,0.0,9.0,lmeds630,33.8,3.56,1152
band3,win1152_nfauto,imw-xoftr,internal,0.334,5.01,15,2.0,16.0,,lmeds630,1514.0,,0.0,9.0,lmeds630,19.8,1.84,1152
band3,win1152_nfauto,imw-gim-dkm,internal,4.73,42.57,9,1.0,405.0,,lmeds630,1515.0,,0.0,9.0,lmeds630,138.0,12.83,1152
band3,win1152_nfauto,imw-eloftr,internal,0.292,6.14,21,1.0,7.0,,magsac630,1517.0,,0.0,9.0,lmeds630,22.5,2.24,1152
band3,win1152_nfauto,imw-aspanformer,internal,0.531,9.56,18,3.0,90.0,,lmeds630,1519.0,,0.0,9.0,lmeds630,31.9,2.22,1152
band3,win1152_nfauto,imw-roma,internal,1.348,32.35,24,1.0,235.0,,magsac630,1521.0,,0.0,9.0,magsac630,97.4,5.36,1152
band3,win1152_nfauto,imw-xfeat-lg,internal,1.61,4.83,3,2.0,24.0,,lmeds630,1522.0,,0.0,9.0,lmeds630,27.5,0.89,1152
band3,win1152_nfauto,imw-xfeat-dense,internal,0.276,5.8,21,1.0,6.0,,lmeds630,1524.0,,0.0,9.0,lmeds630,31.3,1.42,1152
band3,win1280_nfauto,sift,fginn_fm1,0.241,2.65,11,2.0,27.0,,lmeds630,1525.0,,0.0,9.0,lmeds630,151.5,2.89,1280
band3,win1280_nfauto,sift,snn,0.2,2.6,13,3.0,32.0,,magsac630,1528.0,,0.0,9.0,lmeds630,151.5,2.89,1280
band3,win1280_nfauto,disk_depth,ada,0.184,4.24,23,2.0,57.0,,magsac630,1530.0,,0.0,9.0,magsac630,53.9,1.26,1280
band3,win1280_nfauto,disk_depth,lgm,0.229,4.34,19,2.0,207.0,,magsac630,1531.0,,0.0,9.0,magsac630,53.9,1.26,1280
band3,win1280_nfauto,disk_depth,mnn,0.164,3.93,24,5.0,175.0,,magsac630,1532.0,,0.0,9.0,magsac630,53.9,1.26,1280
band3,win1280_nfauto,disk_depth,smnn0.9,0.69,6.21,9,1.0,14.0,,lmeds630,1533.0,,0.0,9.0,lmeds630,53.9,1.26,1280
band3,win1280_nfauto,disk_epipolar,smnn0.9,0.244,3.91,16,3.0,37.0,,magsac630,1536.0,,0.0,9.0,magsac630,42.7,1.25,1280
band3,win1280_nfauto,dedode_L-upright_B-upright,ada,0.317,7.62,24,1.0,70.0,,magsac630,1537.0,,0.0,9.0,magsac630,127.4,4.18,1280
band3,win1280_nfauto,dedode_L-upright_B-upright,fginn_fm1,0.316,7.28,23,1.0,8.0,,magsac630,1538.0,,0.0,9.0,magsac630,127.4,4.18,1280
band3,win1280_nfauto,dedode_L-upright_B-upright,lgm,0.889,8.0,9,1.0,7.0,,lmeds630,1539.0,,0.0,9.0,lmeds630,127.4,4.18,1280
band3,win1280_nfauto,dedode_L-upright_B-upright,mnn,0.295,7.08,24,3.0,19.0,,magsac630,1540.0,,0.0,9.0,magsac630,127.4,4.18,1280
band3,win1280_nfauto,dedode_L-upright_B-upright,nn,0.442,10.62,24,1.0,848.0,,magsac630,1541.0,,0.0,9.0,magsac630,127.4,4.18,1280
band3,win1280_nfauto,dedode_L-upright_B-C4,ada,0.318,7.63,24,1.0,577.0,,lmeds630,1542.0,,0.0,9.0,lmeds630,82.2,3.65,1280
band3,win1280_nfauto,dedode_L-upright_B-C4,fginn_fm1,0.316,7.28,23,1.0,10.0,,magsac630,1543.0,,0.0,9.0,lmeds630,82.2,3.65,1280
band3,win1280_nfauto,dedode_L-upright_B-C4,mnn,0.294,7.06,24,1.0,28.0,,lmeds630,1545.0,,0.0,9.0,lmeds630,82.2,3.65,1280
band3,win1280_nfauto,dedode_L-upright_G-C4,mnn,0.587,14.09,24,1.0,6.0,,magsac630,1546.0,,0.0,9.0,magsac630,152.7,4.98,1280
band3,win1280_nfauto,dedode_L-C4_B-upright,ada,0.341,8.18,24,2.0,462.0,,magsac630,1547.0,,0.0,9.0,magsac630,87.6,4.77,1280
band3,win1280_nfauto,dedode_L-C4_B-upright,fginn_fm1,0.308,7.39,24,1.0,7.0,,magsac630,1548.0,,0.0,9.0,magsac630,87.6,4.77,1280
band3,win1280_nfauto,dedode_L-C4_B-C4,ada,0.332,7.96,24,1.0,142.0,,magsac630,1549.0,,0.0,9.0,magsac630,85.6,3.99,1280
band3,win1280_nfauto,dedode_L-C4_B-C4,fginn_fm1,0.308,7.39,24,1.0,9.0,,lmeds630,1550.0,,0.0,9.0,lmeds630,85.6,3.99,1280
band3,win1280_nfauto,dedode_L-C4_B-C4,nn,0.475,11.41,24,1.0,316.0,,magsac630,1551.0,,0.0,9.0,magsac630,85.6,3.99,1280
band3,win1280_nfauto,dedode_L-C4_G-C4,mnn,0.596,14.31,24,3.0,24.0,,magsac630,1552.0,,0.0,9.0,lmeds630,152.8,5.49,1280
band3,win1280_nfauto,dedode_L-C4_G-C4,snn,14.185,14.18,1,1.0,9.0,,magsac630,1554.0,,0.0,9.0,magsac630,152.8,5.49,1280
band3,win1280_nfauto,dedode_L-C4-v2_B-upright,fginn_fm1,0.332,7.31,22,1.0,7.0,,magsac630,1555.0,,0.0,9.0,magsac630,85.7,4.51,1280
band3,win1280_nfauto,dedode_L-C4-v2_B-upright,lgm,0.476,8.08,17,1.0,8.0,,lmeds630,1556.0,,0.0,9.0,lmeds630,85.7,4.51,1280
band3,win1280_nfauto,dedode_L-C4-v2_B-upright,mnn,0.301,7.23,24,1.0,62.0,,lmeds630,1557.0,,0.0,9.0,lmeds630,85.7,4.51,1280
band3,win1280_nfauto,dedode_L-C4-v2_G-C4,mnn,0.593,14.24,24,4.0,37.0,,magsac630,1558.0,,0.0,9.0,lmeds630,149.6,5.18,1280
band3,win1280_nfauto,dog_hardnet,ada,0.158,3.17,20,3.0,62.0,,lmeds630,1561.0,,0.0,9.0,lmeds630,75.3,3.02,1280
band3,win1280_nfauto,dog_hardnet,fginn_fm1,0.288,2.88,10,1.0,14.0,,lmeds630,1563.0,,0.0,9.0,lmeds630,75.3,3.02,1280
band3,win1280_nfauto,dog_hardnet,lgm,0.189,3.59,19,2.0,32.0,,magsac630,1565.0,,0.0,9.0,lmeds630,75.3,3.02,1280
band3,win1280_nfauto,dog_hardnet,snn,0.405,2.83,7,1.0,6.0,,lmeds630,1569.0,,0.0,9.0,lmeds630,75.3,3.02,1280
band3,win1280_nfauto,dog_sosnet,fginn_fm1,0.432,4.32,10,1.0,8.0,,lmeds630,1571.0,,0.0,9.0,lmeds630,43.5,1.5,1280
band3,win1280_nfauto,dog_sosnet,smnn0.9,0.477,6.2,13,1.0,18.0,,lmeds630,1574.0,,0.0,9.0,lmeds630,43.5,1.5,1280
band3,win1280_nfauto,dog_sosnet,snn,0.71,4.26,6,1.0,10.0,,lmeds630,1576.0,,0.0,9.0,lmeds630,43.5,1.5,1280
band3,win1280_nfauto,dog_hynet,mnn,0.255,6.12,24,2.0,35.0,,magsac630,1578.0,,0.0,9.0,lmeds630,57.1,2.59,1280
band3,win1280_nfauto,gftt,ada,0.15,3.45,23,2.0,153.0,,magsac630,1581.0,,0.0,9.0,magsac630,73.0,2.54,1280
band3,win1280_nfauto,hessian,ada,0.274,4.94,18,3.0,104.0,,lmeds630,1582.0,,0.0,9.0,lmeds630,101.0,5.22,1280
band3,win1280_nfauto,hessian,fginn_fm1,0.385,4.23,11,2.0,16.0,,lmeds630,1584.0,,0.0,9.0,lmeds630,101.0,5.22,1280
band3,win1280_nfauto,hessian,snn,0.388,4.27,11,1.0,36.0,,magsac630,1586.0,,0.0,9.0,lmeds630,101.0,5.22,1280
band3,win1280_nfauto,loftr,loftr_internal,0.185,5.93,32,5.0,360.0,,lmeds630,1588.0,,0.0,9.0,lmeds630,21.7,2.03,1280
band3,win1280_nfauto,imw-sp-lg-kt0p2,internal,1.583,4.75,3,1.0,6.0,,lmeds630,1590.0,,0.0,9.0,lmeds630,18.5,1.27,1280
band3,win1280_nfauto,imw-aliked-lg-kt0p2,internal,0.47,6.1,13,1.0,6.0,,lmeds630,1591.0,,0.0,9.0,lmeds630,25.2,2.32,1280
band3,win1280_nfauto,imw-sp-sg-kt0p2,internal,0.713,4.99,7,1.0,6.0,,lmeds630,1593.0,,0.0,9.0,lmeds630,19.2,0.68,1280
band3,win1280_nfauto,imw-rord-nn-kt0p2-fm1,internal,1.741,26.11,15,1.0,10.0,,lmeds630,1594.0,,0.0,9.0,lmeds630,94.3,4.63,1280
band3,win1280_nfauto,imw-rord-nn-kt0p2,internal,0.515,7.21,14,2.0,20.0,,lmeds630,1596.0,,0.0,9.0,lmeds630,22.9,1.17,1280
band3,win1280_nfauto,imw-d2net-nn-kt0p2-fm1,internal,1.597,22.36,14,2.0,21.0,,magsac630,1598.0,,0.0,9.0,magsac630,60.6,4.63,1280
band3,win1280_nfauto,imw-d2net-nn-kt0p2,internal,0.546,7.64,14,2.0,18.0,,lmeds630,1599.0,,0.0,9.0,lmeds630,23.7,1.17,1280
band3,win1280_nfauto,imw-alike-nn-kt0p2-fm1,internal,0.184,4.42,24,1.0,6.0,,lmeds630,1601.0,,0.0,9.0,lmeds630,16.4,0.66,1280
band3,win1280_nfauto,imw-alike-nn-kt0p2,internal,0.183,4.39,24,1.0,6.0,,lmeds630,1602.0,,0.0,9.0,lmeds630,16.4,0.66,1280
band3,win1280_nfauto,imw-rdd-nn-kt0p2,internal,0.626,16.26,26,3.0,39.0,,lmeds630,1603.0,,0.0,9.0,lmeds630,51.0,9.41,1280
band3,win1280_nfauto,imw-ripe-nn-kt0p2,internal,0.403,9.27,23,3.0,156.0,,lmeds630,1605.0,,0.0,9.0,lmeds630,32.9,2.14,1280
band3,win1280_nfauto,imw-lanet-nn-kt0p2,internal,0.197,4.73,24,1.0,6.0,,magsac630,1607.0,,0.0,9.0,magsac630,17.4,0.8,1280
band3,win1280_nfauto,imw-minima-loftr,internal,0.38,7.21,19,1.0,7.0,,lmeds630,1608.0,,0.0,9.0,lmeds630,29.2,3.56,1280
band3,win1280_nfauto,imw-xoftr,internal,0.332,4.99,15,1.0,6.0,,lmeds630,1609.0,,0.0,9.0,lmeds630,19.6,1.84,1280
band3,win1280_nfauto,imw-gim-dkm,internal,5.394,43.15,8,1.0,10.0,,magsac630,1610.0,,0.0,9.0,magsac630,138.7,12.83,1280
band3,win1280_nfauto,imw-eloftr,internal,0.287,6.02,21,1.0,6.0,,lmeds630,1611.0,,0.0,9.0,lmeds630,22.2,2.24,1280
band3,win1280_nfauto,imw-aspanformer,internal,0.544,9.79,18,3.0,90.0,,lmeds630,1612.0,,0.0,9.0,lmeds630,32.3,2.22,1280
band3,win1280_nfauto,imw-roma,internal,1.29,41.26,32,4.0,927.0,,magsac630,1614.0,,0.0,9.0,magsac630,107.6,5.36,1280
band3,win1280_nfauto,imw-dad-roma,internal,1.229,29.5,24,1.0,23.0,,lmeds630,1615.0,,0.0,9.0,lmeds630,111.7,4.71,1280
band3,win1280_nfauto,imw-xfeat-lg,internal,1.638,4.91,3,1.0,14.0,,lmeds630,1617.0,,0.0,9.0,lmeds630,27.1,0.89,1280
band3,win1280_nfauto,imw-xfeat-dense,internal,0.334,7.02,21,1.0,8.0,,lmeds630,1619.0,,0.0,9.0,lmeds630,34.0,1.42,1280
band3,win1408_nfauto,sift,fginn_fm1,0.244,2.68,11,2.0,27.0,,lmeds630,1620.0,,0.0,9.0,lmeds630,152.6,2.89,1408
band3,win1408_nfauto,sift,snn,0.204,2.66,13,3.0,32.0,,magsac630,1623.0,,0.0,9.0,lmeds630,152.6,2.89,1408
band3,win1408_nfauto,disk_depth,lgm,0.226,4.3,19,2.0,359.0,,lmeds630,1625.0,,0.0,9.0,lmeds630,53.0,1.26,1408
band3,win1408_nfauto,disk_depth,mnn,0.162,3.9,24,5.0,198.0,,magsac630,1627.0,,0.0,9.0,magsac630,53.0,1.26,1408
band3,win1408_nfauto,disk_depth,smnn0.9,0.686,6.18,9,1.0,14.0,,lmeds630,1628.0,,0.0,9.0,lmeds630,53.0,1.26,1408
band3,win1408_nfauto,disk_epipolar,smnn0.9,0.244,3.91,16,3.0,37.0,,magsac630,1631.0,,0.0,9.0,magsac630,42.4,1.25,1408
band3,win1408_nfauto,dedode_L-upright_B-upright,ada,0.335,8.04,24,1.0,417.0,,magsac630,1632.0,,0.0,9.0,magsac630,128.3,5.92,1408
band3,win1408_nfauto,dedode_L-upright_B-upright,fginn_fm1,0.312,7.48,24,1.0,8.0,,magsac630,1633.0,,0.0,9.0,magsac630,128.3,5.92,1408
band3,win1408_nfauto,dedode_L-upright_B-upright,lgm,0.926,8.34,9,1.0,7.0,,lmeds630,1634.0,,0.0,9.0,lmeds630,128.3,5.92,1408
band3,win1408_nfauto,dedode_L-upright_B-C4,mnn,0.308,7.38,24,4.0,30.0,,magsac630,1635.0,,0.0,9.0,magsac630,86.3,5.12,1408
band3,win1408_nfauto,dedode_L-upright_G-C4,fginn_fm1,0.602,14.45,24,1.0,19.0,,lmeds630,1636.0,,0.0,9.0,lmeds630,157.0,6.79,1408
band3,win1408_nfauto,dedode_L-C4_B-upright,fginn_fm1,0.319,7.65,24,1.0,8.0,,magsac630,1637.0,,0.0,9.0,magsac630,90.3,6.92,1408
band3,win1408_nfauto,dedode_L-C4_B-C4,mnn,0.314,7.54,24,2.0,102.0,,lmeds630,1638.0,,0.0,9.0,lmeds630,89.8,5.04,1408
band3,win1408_nfauto,dedode_L-C4_G-C4,fginn_fm1,0.608,14.59,24,2.0,66.0,,lmeds630,1640.0,,0.0,9.0,lmeds630,154.3,7.66,1408
band3,win1408_nfauto,dedode_L-C4_G-C4,snn,14.141,14.14,1,1.0,10.0,,magsac630,1641.0,,0.0,9.0,magsac630,154.3,7.66,1408
band3,win1408_nfauto,dedode_L-C4-v2_B-upright,fginn_fm1,0.329,7.56,23,1.0,7.0,,magsac630,1642.0,,0.0,9.0,magsac630,88.6,6.5,1408
band3,win1408_nfauto,dedode_L-C4-v2_B-upright,mnn,0.312,7.48,24,1.0,65.0,,lmeds630,1643.0,,0.0,9.0,lmeds630,88.6,6.5,1408
band3,win1408_nfauto,dedode_L-C4-v2_G-C4,fginn_fm1,0.603,14.46,24,1.0,6.0,,magsac630,1644.0,,0.0,9.0,magsac630,152.8,7.23,1408
band3,win1408_nfauto,dedode_L-C4-v2_G-C4,mnn,0.604,14.49,24,4.0,42.0,,magsac630,1645.0,,0.0,9.0,magsac630,152.8,7.23,1408
band3,win1408_nfauto,keynet,lgm,0.402,5.22,13,1.0,6.0,,lmeds630,1646.0,,0.0,9.0,lmeds630,150.3,2.2,1408
band3,win1408_nfauto,dog_hardnet,ada,0.157,3.15,20,3.0,62.0,,lmeds630,1648.0,,0.0,9.0,lmeds630,75.0,3.02,1408
band3,win1408_nfauto,dog_hardnet,fginn_fm1,0.291,2.91,10,1.0,14.0,,lmeds630,1650.0,,0.0,9.0,lmeds630,75.0,3.02,1408
band3,win1408_nfauto,dog_hardnet,lgm,0.187,3.56,19,2.0,32.0,,magsac630,1652.0,,0.0,9.0,lmeds630,75.0,3.02,1408
band3,win1408_nfauto,dog_hardnet,snn,0.409,2.87,7,1.0,6.0,,lmeds630,1656.0,,0.0,9.0,lmeds630,75.0,3.02,1408
band3,win1408_nfauto,dog_sosnet,ada,0.207,4.55,22,4.0,78.0,,lmeds630,1658.0,,0.0,9.0,lmeds630,43.5,1.5,1408
band3,win1408_nfauto,dog_sosnet,fginn_fm1,0.431,4.31,10,1.0,8.0,,lmeds630,1659.0,,0.0,9.0,lmeds630,43.5,1.5,1408
band3,win1408_nfauto,dog_sosnet,smnn0.9,0.477,6.2,13,1.0,18.0,,lmeds630,1662.0,,0.0,9.0,lmeds630,43.5,1.5,1408
band3,win1408_nfauto,dog_sosnet,snn,0.71,4.26,6,1.0,10.0,,lmeds630,1664.0,,0.0,9.0,lmeds630,43.5,1.5,1408
band3,win1408_nfauto,dog_hynet,ada,0.286,6.58,23,1.0,53.0,,magsac630,1666.0,,0.0,9.0,magsac630,58.8,2.59,1408
band3,win1408_nfauto,dog_hynet,mnn,0.261,6.27,24,2.0,35.0,,magsac630,1667.0,,0.0,9.0,magsac630,58.8,2.59,1408
band3,win1408_nfauto,gftt,ada,0.165,3.81,23,2.0,153.0,,magsac630,1669.0,,0.0,9.0,magsac630,75.9,2.54,1408
band3,win1408_nfauto,hessian,ada,0.271,4.88,18,3.0,78.0,,magsac630,1670.0,,0.0,9.0,magsac630,102.1,5.22,1408
band3,win1408_nfauto,hessian,fginn_fm1,0.392,4.31,11,2.0,16.0,,lmeds630,1671.0,,0.0,9.0,lmeds630,102.1,5.22,1408
band3,win1408_nfauto,hessian,snn,0.39,4.29,11,1.0,36.0,,magsac630,1673.0,,0.0,9.0,lmeds630,102.1,5.22,1408
band3,win1408_nfauto,loftr,loftr_internal,0.188,6.03,32,5.0,360.0,,lmeds630,1675.0,,0.0,9.0,lmeds630,22.2,2.03,1408
band3,win1408_nfauto,imw-sp-lg-kt0p2,internal,1.591,4.77,3,1.0,6.0,,lmeds630,1677.0,,0.0,9.0,lmeds630,19.1,1.27,1408
band3,win1408_nfauto,imw-aliked-lg-kt0p2,internal,0.48,6.24,13,1.0,6.0,,lmeds630,1678.0,,0.0,9.0,lmeds630,24.7,2.32,1408
band3,win1408_nfauto,imw-sp-sg-kt0p2,internal,0.715,5.0,7,1.0,6.0,,lmeds630,1680.0,,0.0,9.0,lmeds630,18.8,0.68,1408
band3,win1408_nfauto,imw-rord-nn-kt0p2-fm1,internal,1.776,26.64,15,1.0,6.0,,lmeds630,1681.0,,0.0,9.0,lmeds630,95.8,4.63,1408
band3,win1408_nfauto,imw-rord-nn-kt0p2,internal,0.545,7.63,14,1.0,8.0,,magsac630,1682.0,,0.0,9.0,magsac630,24.5,1.17,1408
band3,win1408_nfauto,imw-d2net-nn-kt0p2-fm1,internal,1.624,22.73,14,1.0,12.0,,magsac630,1683.0,,0.0,9.0,magsac630,62.8,4.63,1408
band3,win1408_nfauto,imw-d2net-nn-kt0p2,internal,0.547,7.65,14,2.0,18.0,,lmeds630,1684.0,,0.0,9.0,lmeds630,23.9,1.17,1408
band3,win1408_nfauto,imw-alike-nn-kt0p2-fm1,internal,0.188,4.51,24,1.0,6.0,,lmeds630,1686.0,,0.0,9.0,lmeds630,17.5,0.66,1408
band3,win1408_nfauto,imw-alike-nn-kt0p2,internal,0.19,4.57,24,1.0,6.0,,lmeds630,1687.0,,0.0,9.0,lmeds630,17.2,0.66,1408
band3,win1408_nfauto,imw-rdd-nn-kt0p2,internal,0.637,21.02,33,4.0,32.0,,magsac630,1688.0,,0.0,9.0,magsac630,56.0,9.41,1408
band3,win1408_nfauto,imw-ripe-nn-kt0p2,internal,0.414,9.52,23,4.0,173.0,,lmeds630,1689.0,,0.0,9.0,lmeds630,34.5,2.14,1408
band3,win1408_nfauto,imw-lanet-nn-kt0p2,internal,0.197,4.74,24,1.0,8.0,,lmeds630,1691.0,,0.0,9.0,lmeds630,18.5,0.8,1408
band3,win1408_nfauto,imw-minima-loftr,internal,0.386,7.34,19,1.0,7.0,,lmeds630,1692.0,,0.0,9.0,lmeds630,34.0,3.56,1408
band3,win1408_nfauto,imw-xoftr,internal,0.333,5.0,15,2.0,15.0,,lmeds630,1693.0,,0.0,9.0,lmeds630,19.9,1.84,1408
band3,win1408_nfauto,imw-eloftr,internal,0.293,6.14,21,1.0,10.0,,magsac630,1694.0,,0.0,9.0,lmeds630,22.6,2.24,1408
band3,win1408_nfauto,imw-aspanformer,internal,0.559,10.07,18,3.0,90.0,,lmeds630,1696.0,,0.0,9.0,lmeds630,32.5,2.22,1408
band3,win1408_nfauto,imw-xfeat-lg,internal,1.611,4.83,3,1.0,15.0,,lmeds630,1698.0,,0.0,9.0,lmeds630,27.6,0.89,1408
band3,win1408_nfauto,imw-xfeat-dense,internal,0.317,6.65,21,1.0,6.0,,lmeds630,1700.0,,0.0,9.0,lmeds630,32.9,1.42,1408
band3,win1536_nfauto,sift,fginn_fm1,0.38,4.18,11,2.0,27.0,,lmeds630,1701.0,,0.0,9.0,lmeds630,222.5,2.89,1536
band3,win1536_nfauto,sift,snn,0.409,5.32,13,3.0,32.0,,magsac630,1704.0,,0.0,9.0,lmeds630,222.5,2.89,1536
band3,win1536_nfauto,disk_depth,lgm,0.412,7.83,19,2.0,206.0,,magsac630,1706.0,,0.0,9.0,magsac630,100.8,1.26,1536
band3,win1536_nfauto,disk_depth,mnn,0.27,6.47,24,5.0,198.0,,magsac630,1707.0,,0.0,9.0,magsac630,100.8,1.26,1536
band3,win1536_nfauto,disk_depth,smnn0.9,1.152,10.37,9,1.0,14.0,,lmeds630,1708.0,,0.0,9.0,lmeds630,100.8,1.26,1536
band3,win1536_nfauto,disk_epipolar,smnn0.9,0.367,5.88,16,3.0,37.0,,magsac630,1711.0,,0.0,9.0,magsac630,71.9,1.25,1536
band3,win1536_nfauto,dedode_L-upright_B-upright,fginn_fm1,0.403,9.68,24,1.0,6.0,,magsac630,1712.0,,0.0,9.0,magsac630,194.0,8.1,1536
band3,win1536_nfauto,dedode_L-upright_B-upright,lgm,1.519,12.15,8,1.0,7.0,,lmeds630,1713.0,,0.0,9.0,lmeds630,194.0,8.1,1536
band3,win1536_nfauto,dedode_L-upright_B-upright,mnn,0.414,9.93,24,1.0,68.0,,lmeds630,1714.0,,0.0,9.0,lmeds630,194.0,8.1,1536
band3,win1536_nfauto,dedode_L-upright_B-C4,mnn,0.378,9.07,24,1.0,13.0,,magsac630,1716.0,,0.0,9.0,magsac630,118.5,6.98,1536
band3,win1536_nfauto,dedode_L-upright_B-C4,nn,0.687,16.49,24,3.0,917.0,,magsac630,1717.0,,0.0,9.0,magsac630,118.5,6.98,1536
band3,win1536_nfauto,dedode_L-C4_B-upright,fginn_fm1,0.326,7.82,24,1.0,8.0,,magsac630,1718.0,,0.0,9.0,magsac630,97.3,9.64,1536
band3,win1536_nfauto,dedode_L-C4_B-C4,fginn_fm1,0.327,7.84,24,1.0,9.0,,lmeds630,1719.0,,0.0,9.0,lmeds630,96.6,7.05,1536
band3,win1536_nfauto,dedode_L-C4_B-C4,mnn,0.322,7.72,24,3.0,27.0,,magsac630,1720.0,,0.0,9.0,magsac630,96.6,7.05,1536
band3,win1536_nfauto,dedode_L-C4_G-C4,mnn,0.625,15.01,24,1.0,55.0,,lmeds630,1721.0,,0.0,9.0,lmeds630,163.2,10.57,1536
band3,win1536_nfauto,dedode_L-C4-v2_B-upright,fginn_fm1,0.321,7.71,24,1.0,7.0,,magsac630,1722.0,,0.0,9.0,magsac630,96.2,9.02,1536
band3,win1536_nfauto,dedode_L-C4-v2_B-upright,mnn,0.317,7.62,24,1.0,23.0,,lmeds630,1723.0,,0.0,9.0,lmeds630,96.2,9.02,1536
band3,win1536_nfauto,dedode_L-C4-v2_B-C4,ada,0.37,8.88,24,1.0,28.0,,magsac630,1724.0,,0.0,9.0,magsac630,93.3,6.14,1536
band3,win1536_nfauto,dedode_L-C4-v2_B-C4,lgm,0.548,8.77,16,1.0,6.0,,lmeds630,1725.0,,0.0,9.0,lmeds630,93.3,6.14,1536
band3,win1536_nfauto,dedode_L-C4-v2_G-C4,fginn_fm1,0.612,14.69,24,1.0,6.0,,magsac630,1726.0,,0.0,9.0,magsac630,157.3,9.88,1536
band3,win1536_nfauto,keynet,lgm,0.405,5.26,13,1.0,6.0,,lmeds630,1727.0,,0.0,9.0,lmeds630,152.0,2.2,1536
band3,win1536_nfauto,dog_hardnet,ada,0.16,3.2,20,3.0,62.0,,lmeds630,1729.0,,0.0,9.0,lmeds630,75.5,3.02,1536
band3,win1536_nfauto,dog_hardnet,fginn_fm1,0.289,2.89,10,1.0,14.0,,lmeds630,1731.0,,0.0,9.0,lmeds630,75.5,3.02,1536
band3,win1536_nfauto,dog_hardnet,lgm,0.188,3.57,19,2.0,32.0,,magsac630,1733.0,,0.0,9.0,lmeds630,75.5,3.02,1536
band3,win1536_nfauto,dog_hardnet,snn,0.409,2.87,7,1.0,6.0,,lmeds630,1737.0,,0.0,9.0,lmeds630,75.5,3.02,1536
band3,win1536_nfauto,dog_sosnet,fginn_fm1,0.431,4.31,10,1.0,8.0,,lmeds630,1739.0,,0.0,9.0,lmeds630,44.4,1.5,1536
band3,win1536_nfauto,dog_sosnet,smnn0.9,0.479,6.22,13,1.0,18.0,,lmeds630,1742.0,,0.0,9.0,lmeds630,44.4,1.5,1536
band3,win1536_nfauto,dog_sosnet,snn,0.714,4.28,6,1.0,10.0,,lmeds630,1744.0,,0.0,9.0,lmeds630,44.4,1.5,1536
band3,win1536_nfauto,dog_hynet,mnn,0.256,6.14,24,2.0,35.0,,magsac630,1746.0,,0.0,9.0,lmeds630,57.8,2.59,1536
band3,win1536_nfauto,gftt,ada,0.151,3.47,23,2.0,153.0,,magsac630,1749.0,,0.0,9.0,magsac630,74.2,2.54,1536
band3,win1536_nfauto,hessian,ada,0.269,4.84,18,3.0,78.0,,magsac630,1750.0,,0.0,9.0,magsac630,102.5,5.22,1536
band3,win1536_nfauto,hessian,fginn_fm1,0.391,4.3,11,2.0,16.0,,lmeds630,1751.0,,0.0,9.0,lmeds630,102.5,5.22,1536
band3,win1536_nfauto,hessian,snn,0.388,4.27,11,1.0,36.0,,magsac630,1753.0,,0.0,9.0,lmeds630,102.5,5.22,1536
band3,win1536_nfauto,loftr,loftr_internal,0.187,5.97,32,5.0,360.0,,lmeds630,1755.0,,0.0,9.0,lmeds630,22.0,2.03,1536
band3,win1536_nfauto,imw-sp-lg-kt0p2,internal,1.576,4.73,3,1.0,6.0,,lmeds630,1757.0,,0.0,9.0,lmeds630,18.6,1.27,1536
band3,win1536_nfauto,imw-aliked-lg-kt0p2,internal,0.732,9.52,13,1.0,6.0,,lmeds630,1758.0,,0.0,9.0,lmeds630,30.8,2.32,1536
band3,win1536_nfauto,imw-sp-sg-kt0p2,internal,0.744,5.21,7,1.0,6.0,,lmeds630,1760.0,,0.0,9.0,lmeds630,19.6,0.68,1536
band3,win1536_nfauto,imw-rord-nn-kt0p2-fm1,internal,1.743,26.14,15,1.0,6.0,,lmeds630,1761.0,,0.0,9.0,lmeds630,93.9,4.63,1536
band3,win1536_nfauto,imw-rord-nn-kt0p2,internal,0.557,7.25,13,1.0,8.0,,magsac630,1762.0,,0.0,9.0,magsac630,22.9,1.17,1536
band3,win1536_nfauto,imw-d2net-nn-kt0p2-fm1,internal,1.622,22.71,14,2.0,21.0,,magsac630,1763.0,,0.0,9.0,magsac630,61.4,4.63,1536
band3,win1536_nfauto,imw-d2net-nn-kt0p2,internal,0.566,7.93,14,2.0,18.0,,lmeds630,1764.0,,0.0,9.0,lmeds630,24.2,1.17,1536
band3,win1536_nfauto,imw-alike-nn-kt0p2-fm1,internal,0.191,4.59,24,1.0,6.0,,lmeds630,1766.0,,0.0,9.0,lmeds630,17.7,0.66,1536
band3,win1536_nfauto,imw-alike-nn-kt0p2,internal,0.185,4.44,24,1.0,6.0,,lmeds630,1767.0,,0.0,9.0,lmeds630,18.1,0.66,1536
band3,win1536_nfauto,imw-liftfeat-nn-kt0p2,internal,0.247,5.92,24,1.0,6.0,,magsac630,1768.0,,0.0,9.0,magsac630,23.7,3.32,1536
band3,win1536_nfauto,imw-ripe-nn-kt0p2,internal,0.403,9.27,23,3.0,159.0,,lmeds630,1769.0,,0.0,9.0,lmeds630,33.3,2.14,1536
band3,win1536_nfauto,imw-lanet-nn-kt0p2,internal,0.197,4.73,24,2.0,14.0,,magsac630,1771.0,,0.0,9.0,lmeds630,17.8,0.8,1536
band3,win1536_nfauto,imw-minima-loftr,internal,0.381,7.25,19,1.0,7.0,,lmeds630,1773.0,,0.0,9.0,lmeds630,29.4,3.56,1536
band3,win1536_nfauto,imw-minima-roma,internal,1.259,41.54,33,3.0,544.0,,magsac630,1774.0,,0.0,9.0,magsac630,112.4,5.36,1536
band3,win1536_nfauto,imw-xoftr,internal,0.343,5.14,15,2.0,15.0,,lmeds630,1775.0,,0.0,9.0,lmeds630,19.9,1.84,1536
band3,win1536_nfauto,imw-eloftr,internal,0.29,6.09,21,1.0,8.0,,magsac630,1776.0,,0.0,9.0,lmeds630,22.1,2.24,1536
band3,win1536_nfauto,imw-aspanformer,internal,0.533,9.6,18,3.0,90.0,,lmeds630,1778.0,,0.0,9.0,lmeds630,32.4,2.22,1536
band3,win1536_nfauto,imw-roma,internal,1.434,20.08,14,1.0,53.0,,magsac630,1780.0,,0.0,9.0,magsac630,85.7,5.36,1536
band3,win1536_nfauto,imw-dad-roma,internal,1.34,29.48,22,3.0,27.0,,magsac630,1781.0,,0.0,9.0,magsac630,112.1,4.71,1536
band3,win1536_nfauto,imw-xfeat-lg,internal,1.604,4.81,3,1.0,15.0,,lmeds630,1782.0,,0.0,9.0,lmeds630,27.7,0.89,1536
band3,win1536_nfauto,imw-xfeat-dense,internal,0.275,5.78,21,1.0,6.0,,lmeds630,1784.0,,0.0,9.0,lmeds630,31.1,1.42,1536
band3,win1664_nfauto,sift,fginn_fm1,0.241,2.65,11,2.0,27.0,,lmeds630,1785.0,,0.0,9.0,lmeds630,152.0,2.89,1664
band3,win1664_nfauto,sift,snn,0.201,2.62,13,3.0,32.0,,magsac630,1788.0,,0.0,9.0,lmeds630,152.0,2.89,1664
band3,win1664_nfauto,disk_depth,lgm,0.226,4.3,19,2.0,359.0,,lmeds630,1790.0,,0.0,9.0,lmeds630,52.8,1.26,1664
band3,win1664_nfauto,disk_depth,mnn,0.162,3.89,24,5.0,182.0,,magsac630,1792.0,,0.0,9.0,magsac630,52.8,1.26,1664
band3,win1664_nfauto,disk_depth,smnn0.9,0.686,6.17,9,1.0,14.0,,lmeds630,1793.0,,0.0,9.0,lmeds630,52.8,1.26,1664
band3,win1664_nfauto,disk_epipolar,smnn0.9,0.244,3.9,16,3.0,37.0,,magsac630,1796.0,,0.0,9.0,magsac630,42.4,1.25,1664
band3,win1664_nfauto,dedode_L-upright_B-upright,ada,0.371,8.91,24,1.0,570.0,,magsac630,1797.0,,0.0,9.0,magsac630,135.1,10.76,1664
band3,win1664_nfauto,dedode_L-upright_B-upright,fginn_fm1,0.327,7.85,24,2.0,22.0,,lmeds630,1798.0,,0.0,9.0,lmeds630,135.1,10.76,1664
band3,win1664_nfauto,dedode_L-upright_B-upright,lgm,0.999,8.99,9,1.0,7.0,,lmeds630,1800.0,,0.0,9.0,lmeds630,135.1,10.76,1664
band3,win1664_nfauto,dedode_L-upright_B-C4,fginn_fm1,0.324,7.79,24,1.0,15.0,,magsac630,1801.0,,0.0,9.0,lmeds630,93.1,9.29,1664
band3,win1664_nfauto,dedode_L-upright_B-C4,mnn,0.32,7.69,24,1.0,23.0,,lmeds630,1803.0,,0.0,9.0,lmeds630,93.1,9.29,1664
band3,win1664_nfauto,dedode_L-upright_G-C4,fginn_fm1,0.613,14.71,24,1.0,13.0,,lmeds630,1805.0,,0.0,9.0,lmeds630,166.2,12.1,1664
band3,win1664_nfauto,dedode_L-C4_B-upright,fginn_fm1,0.324,7.46,23,1.0,9.0,,magsac630,1806.0,,0.0,9.0,magsac630,97.3,11.33,832
band3,win1664_nfauto,dedode_L-C4_B-upright,lgm,1.361,14.97,11,1.0,6.0,,lmeds630,1807.0,,0.0,9.0,lmeds630,97.3,11.33,832
band3,win1664_nfauto,dedode_L-C4_B-C4,mnn,0.336,8.06,24,1.0,165.0,,lmeds630,1808.0,,0.0,9.0,lmeds630,98.8,9.64,1664
band3,win1664_nfauto,dedode_L-C4_G-C4,nn,0.743,18.57,25,1.0,143.0,,magsac630,1809.0,,0.0,9.0,magsac630,160.9,11.74,832
band3,win1664_nfauto,dedode_L-C4-v2_B-upright,fginn_fm1,0.329,7.9,24,1.0,7.0,,magsac630,1810.0,,0.0,9.0,magsac630,95.9,12.11,1664
band3,win1664_nfauto,dedode_L-C4-v2_B-C4,ada,0.398,9.54,24,1.0,31.0,,magsac630,1811.0,,0.0,9.0,magsac630,97.3,8.45,1664
band3,win1664_nfauto,dedode_L-C4-v2_B-C4,lgm,0.653,9.15,14,1.0,6.0,,lmeds630,1812.0,,0.0,9.0,lmeds630,97.3,8.45,1664
band3,win1664_nfauto,dedode_L-C4-v2_B-C4,mnn,0.328,7.88,24,1.0,27.0,,lmeds630,1813.0,,0.0,9.0,lmeds630,97.3,8.45,1664
band3,win1664_nfauto,dedode_L-C4-v2_G-C4,fginn_fm1,0.621,14.91,24,3.0,27.0,,lmeds630,1814.0,,0.0,9.0,lmeds630,165.6,13.14,1664
band3,win1664_nfauto,dedode_L-C4-v2_G-C4,mnn,0.628,15.08,24,1.0,13.0,,magsac630,1816.0,,0.0,9.0,magsac630,165.6,13.14,1664
band3,win1664_nfauto,keynet,lgm,0.402,5.23,13,1.0,6.0,,lmeds630,1818.0,,0.0,9.0,lmeds630,151.2,2.2,1664
band3,win1664_nfauto,dog_hardnet,ada,0.159,3.19,20,3.0,62.0,,lmeds630,1820.0,,0.0,9.0,lmeds630,75.5,3.02,1664
band3,win1664_nfauto,dog_hardnet,fginn_fm1,0.285,2.85,10,1.0,14.0,,lmeds630,1822.0,,0.0,9.0,lmeds630,75.5,3.02,1664
band3,win1664_nfauto,dog_hardnet,lgm,0.188,3.57,19,2.0,32.0,,magsac630,1824.0,,0.0,9.0,lmeds630,75.5,3.02,1664
band3,win1664_nfauto,dog_hardnet,snn,0.411,2.87,7,1.0,6.0,,lmeds630,1828.0,,0.0,9.0,lmeds630,75.5,3.02,1664
band3,win1664_nfauto,dog_sosnet,ada,0.209,4.59,22,4.0,78.0,,lmeds630,1830.0,,0.0,9.0,lmeds630,43.9,1.5,1664
band3,win1664_nfauto,dog_sosnet,fginn_fm1,0.43,4.3,10,1.0,8.0,,lmeds630,1831.0,,0.0,9.0,lmeds630,43.9,1.5,1664
band3,win1664_nfauto,dog_sosnet,smnn0.9,0.477,6.21,13,1.0,18.0,,lmeds630,1834.0,,0.0,9.0,lmeds630,43.9,1.5,1664
band3,win1664_nfauto,dog_sosnet,snn,0.713,4.28,6,1.0,10.0,,lmeds630,1836.0,,0.0,9.0,lmeds630,43.9,1.5,1664
band3,win1664_nfauto,dog_hynet,mnn,0.26,6.24,24,2.0,35.0,,magsac630,1838.0,,0.0,9.0,lmeds630,58.0,2.59,1664
band3,win1664_nfauto,gftt,ada,0.15,3.44,23,2.0,153.0,,magsac630,1841.0,,0.0,9.0,magsac630,73.2,2.54,1664
band3,win1664_nfauto,hessian,ada,0.268,4.83,18,3.0,78.0,,magsac630,1842.0,,0.0,9.0,magsac630,102.3,5.22,1664
band3,win1664_nfauto,hessian,fginn_fm1,0.389,4.28,11,2.0,16.0,,lmeds630,1843.0,,0.0,9.0,lmeds630,102.3,5.22,1664
band3,win1664_nfauto,hessian,snn,0.392,4.32,11,1.0,36.0,,magsac630,1845.0,,0.0,9.0,lmeds630,102.3,5.22,1664
band3,win1664_nfauto,loftr,loftr_internal,0.187,5.97,32,5.0,360.0,,lmeds630,1847.0,,0.0,9.0,lmeds630,22.0,2.03,1664
band3,win1664_nfauto,imw-sp-lg-kt0p2,internal,1.571,4.71,3,1.0,6.0,,lmeds630,1849.0,,0.0,9.0,lmeds630,18.6,1.27,1664
band3,win1664_nfauto,imw-aliked-lg-kt0p2,internal,0.471,6.12,13,1.0,6.0,,lmeds630,1850.0,,0.0,9.0,lmeds630,24.8,2.32,1664
band3,win1664_nfauto,imw-sp-sg-kt0p2,internal,0.706,4.94,7,1.0,6.0,,lmeds630,1852.0,,0.0,9.0,lmeds630,18.5,0.68,1664
band3,win1664_nfauto,imw-rord-nn-kt0p2-fm1,internal,1.746,26.19,15,1.0,6.0,,lmeds630,1853.0,,0.0,9.0,lmeds630,96.9,4.63,1664
band3,win1664_nfauto,imw-rord-nn-kt0p2,internal,0.527,7.38,14,2.0,20.0,,lmeds630,1854.0,,0.0,9.0,lmeds630,23.5,1.17,1664
band3,win1664_nfauto,imw-d2net-nn-kt0p2-fm1,internal,1.588,22.23,14,2.0,21.0,,magsac630,1856.0,,0.0,9.0,magsac630,60.5,4.63,1664
band3,win1664_nfauto,imw-d2net-nn-kt0p2,internal,0.552,7.73,14,2.0,18.0,,lmeds630,1857.0,,0.0,9.0,lmeds630,24.0,1.17,1664
band3,win1664_nfauto,imw-alike-nn-kt0p2-fm1,internal,0.184,4.42,24,1.0,6.0,,lmeds630,1859.0,,0.0,9.0,lmeds630,16.8,0.66,1664
band3,win1664_nfauto,imw-alike-nn-kt0p2,internal,0.184,4.42,24,1.0,6.0,,lmeds630,1860.0,,0.0,9.0,lmeds630,16.7,0.66,1664
band3,win1664_nfauto,imw-rdd-nn-kt0p2,internal,0.626,16.27,26,2.0,15.0,,magsac630,1861.0,,0.0,9.0,magsac630,49.3,9.41,1664
band3,win1664_nfauto,imw-ripe-nn-kt0p2,internal,0.404,9.3,23,3.0,153.0,,lmeds630,1862.0,,0.0,9.0,lmeds630,33.2,2.14,1664
band3,win1664_nfauto,imw-lanet-nn-kt0p2,internal,0.199,4.78,24,1.0,8.0,,lmeds630,1864.0,,0.0,9.0,lmeds630,19.1,0.8,1664
band3,win1664_nfauto,imw-minima-loftr,internal,0.385,7.31,19,1.0,7.0,,lmeds630,1866.0,,0.0,9.0,lmeds630,29.7,3.56,1664
band3,win1664_nfauto,imw-xoftr,internal,0.33,4.95,15,2.0,15.0,,lmeds630,1868.0,,0.0,9.0,lmeds630,19.6,1.84,1664
band3,win1664_nfauto,imw-eloftr,internal,0.289,6.07,21,1.0,6.0,,lmeds630,1869.0,,0.0,9.0,lmeds630,22.1,2.24,1664
band3,win1664_nfauto,imw-aspanformer,internal,0.533,9.6,18,3.0,90.0,,lmeds630,1870.0,,0.0,9.0,lmeds630,31.7,2.22,1664
band3,win1664_nfauto,imw-dad-roma,internal,1.288,29.63,23,1.0,14.0,,lmeds630,1872.0,,0.0,9.0,lmeds630,112.1,4.71,1664
band3,win1664_nfauto,imw-xfeat-lg,internal,1.628,4.88,3,2.0,22.0,,lmeds630,1874.0,,0.0,9.0,lmeds630,27.5,0.89,1664
band3,win1792_nfauto,sift,fginn_fm1,0.245,2.7,11,2.0,27.0,,lmeds630,1876.0,,0.0,9.0,lmeds630,152.9,2.89,1792
band3,win1792_nfauto,sift,snn,0.202,2.63,13,3.0,32.0,,magsac630,1879.0,,0.0,9.0,lmeds630,152.9,2.89,1792
band3,win1792_nfauto,disk_depth,lgm,0.23,4.38,19,2.0,208.0,,magsac630,1881.0,,0.0,9.0,magsac630,53.3,1.26,1792
band3,win1792_nfauto,disk_depth,mnn,0.163,3.92,24,5.0,185.0,,magsac630,1882.0,,0.0,9.0,magsac630,53.3,1.26,1792
band3,win1792_nfauto,disk_depth,smnn0.9,0.692,6.23,9,1.0,14.0,,lmeds630,1883.0,,0.0,9.0,lmeds630,53.3,1.26,1792
band3,win1792_nfauto,disk_epipolar,ada,0.178,4.27,24,1.0,9.0,,magsac630,1885.0,,0.0,9.0,magsac630,43.1,1.25,1792
band3,win1792_nfauto,disk_epipolar,smnn0.9,0.247,3.95,16,3.0,37.0,,magsac630,1887.0,,0.0,9.0,magsac630,43.1,1.25,1792
band3,win1792_nfauto,dedode_L-upright_B-upright,fginn_fm1,0.336,8.07,24,1.0,9.0,,magsac630,1888.0,,0.0,9.0,magsac630,140.0,12.82,1792
band3,win1792_nfauto,dedode_L-upright_B-upright,lgm,1.186,9.49,8,1.0,7.0,,lmeds630,1889.0,,0.0,9.0,lmeds630,140.0,12.82,1792
band3,win1792_nfauto,dedode_L-upright_B-C4,fginn_fm1,0.334,8.02,24,1.0,6.0,,magsac630,1890.0,,0.0,9.0,magsac630,96.7,10.96,1792
band3,win1792_nfauto,dedode_L-upright_B-C4,mnn,0.329,7.91,24,1.0,11.0,,magsac630,1891.0,,0.0,9.0,magsac630,96.7,10.96,1792
band3,win1792_nfauto,dedode_L-upright_G-C4,mnn,0.554,13.84,25,1.0,53.0,,lmeds630,1892.0,,0.0,9.0,lmeds630,168.5,11.6,896
band3,win1792_nfauto,dedode_L-C4_B-upright,ada,0.355,8.87,25,2.0,1239.0,,lmeds630,1893.0,,0.0,9.0,lmeds630,97.2,11.52,896
band3,win1792_nfauto,dedode_L-C4_B-upright,lgm,1.289,12.89,10,1.0,7.0,,lmeds630,1894.0,,0.0,9.0,lmeds630,97.2,11.52,896
band3,win1792_nfauto,dedode_L-C4_B-C4,ada,0.357,8.93,25,1.0,224.0,,magsac630,1895.0,,0.0,9.0,magsac630,98.3,8.85,896
band3,win1792_nfauto,dedode_L-C4_B-C4,fginn_fm1,0.315,7.56,24,1.0,9.0,,lmeds630,1896.0,,0.0,9.0,lmeds630,98.3,8.85,896
band3,win1792_nfauto,dedode_L-C4-v2_B-upright,ada,0.346,8.65,25,1.0,102.0,,magsac630,1897.0,,0.0,9.0,magsac630,95.3,10.51,896
band3,win1792_nfauto,dedode_L-C4-v2_B-upright,fginn_fm1,0.342,7.53,22,1.0,7.0,,magsac630,1898.0,,0.0,9.0,lmeds630,95.3,10.51,896
band3,win1792_nfauto,dedode_L-C4-v2_B-C4,lgm,0.684,9.58,14,1.0,6.0,,lmeds630,1900.0,,0.0,9.0,lmeds630,101.2,10.16,1792
band3,win1792_nfauto,dedode_L-C4-v2_G-C4,mnn,0.558,13.96,25,2.0,723.0,,lmeds630,1901.0,,0.0,9.0,lmeds630,164.7,11.13,896
band3,win1792_nfauto,keynet,lgm,0.409,5.31,13,1.0,6.0,,lmeds630,1903.0,,0.0,9.0,lmeds630,154.0,2.2,1792
band3,win1792_nfauto,dog_hardnet,ada,0.159,3.17,20,3.0,62.0,,lmeds630,1905.0,,0.0,9.0,lmeds630,75.6,3.02,1792
band3,win1792_nfauto,dog_hardnet,fginn_fm1,0.287,2.87,10,1.0,14.0,,lmeds630,1907.0,,0.0,9.0,lmeds630,75.6,3.02,1792
band3,win1792_nfauto,dog_hardnet,lgm,0.187,3.55,19,2.0,32.0,,magsac630,1909.0,,0.0,9.0,lmeds630,75.6,3.02,1792
band3,win1792_nfauto,dog_hardnet,snn,0.412,2.89,7,1.0,6.0,,lmeds630,1913.0,,0.0,9.0,lmeds630,75.6,3.02,1792
band3,win1792_nfauto,dog_sosnet,ada,0.209,4.59,22,4.0,78.0,,lmeds630,1915.0,,0.0,9.0,lmeds630,44.5,1.5,1792
band3,win1792_nfauto,dog_sosnet,fginn_fm1,0.434,4.34,10,1.0,8.0,,lmeds630,1916.0,,0.0,9.0,lmeds630,44.5,1.5,1792
band3,win1792_nfauto,dog_sosnet,smnn0.9,0.48,6.24,13,1.0,18.0,,lmeds630,1919.0,,0.0,9.0,lmeds630,44.5,1.5,1792
band3,win1792_nfauto,dog_sosnet,snn,0.713,4.28,6,1.0,10.0,,lmeds630,1921.0,,0.0,9.0,lmeds630,44.5,1.5,1792
band3,win1792_nfauto,dog_hynet,mnn,0.254,6.1,24,2.0,35.0,,magsac630,1923.0,,0.0,9.0,lmeds630,57.3,2.59,1792
band3,win1792_nfauto,gftt,ada,0.149,3.43,23,2.0,153.0,,magsac630,1926.0,,0.0,9.0,magsac630,73.4,2.54,1792
band3,win1792_nfauto,hessian,ada,0.267,4.81,18,3.0,78.0,,magsac630,1927.0,,0.0,9.0,magsac630,100.9,5.22,1792
band3,win1792_nfauto,hessian,fginn_fm1,0.388,4.27,11,2.0,16.0,,lmeds630,1928.0,,0.0,9.0,lmeds630,100.9,5.22,1792
band3,win1792_nfauto,hessian,snn,0.387,4.25,11,1.0,36.0,,magsac630,1930.0,,0.0,9.0,lmeds630,100.9,5.22,1792
band3,win1792_nfauto,loftr,loftr_internal,0.188,6.01,32,5.0,360.0,,lmeds630,1932.0,,0.0,9.0,lmeds630,22.1,2.03,1792
band3,win1792_nfauto,imw-sp-lg-kt0p2,internal,1.576,4.73,3,1.0,6.0,,lmeds630,1934.0,,0.0,9.0,lmeds630,18.7,1.27,1792
band3,win1792_nfauto,imw-aliked-lg-kt0p2,internal,0.473,6.15,13,1.0,6.0,,lmeds630,1935.0,,0.0,9.0,lmeds630,24.5,2.32,1792
band3,win1792_nfauto,imw-sp-sg-kt0p2,internal,0.713,4.99,7,1.0,6.0,,lmeds630,1937.0,,0.0,9.0,lmeds630,18.8,0.68,1792
band3,win1792_nfauto,imw-rord-nn-kt0p2-fm1,internal,1.994,29.91,15,1.0,6.0,,lmeds630,1938.0,,0.0,9.0,lmeds630,102.0,4.63,1792
band3,win1792_nfauto,imw-rord-nn-kt0p2,internal,0.63,8.82,14,1.0,10.0,,lmeds630,1939.0,,0.0,9.0,lmeds630,24.4,1.17,1792
band3,win1792_nfauto,imw-d2net-nn-kt0p2-fm1,internal,2.072,29.01,14,1.0,12.0,,magsac630,1941.0,,0.0,9.0,magsac630,77.7,4.63,1792
band3,win1792_nfauto,imw-d2net-nn-kt0p2,internal,0.542,7.58,14,2.0,18.0,,lmeds630,1942.0,,0.0,9.0,lmeds630,23.2,1.17,1792
band3,win1792_nfauto,imw-alike-nn-kt0p2-fm1,internal,0.202,4.85,24,1.0,6.0,,lmeds630,1944.0,,0.0,9.0,lmeds630,16.9,0.66,1792
band3,win1792_nfauto,imw-alike-nn-kt0p2,internal,0.185,4.43,24,1.0,6.0,,lmeds630,1945.0,,0.0,9.0,lmeds630,16.7,0.66,1792
band3,win1792_nfauto,imw-rdd-nn-kt0p2,internal,0.623,16.2,26,3.0,33.0,,lmeds630,1946.0,,0.0,9.0,lmeds630,49.4,9.41,1792
band3,win1792_nfauto,imw-ripe-nn-kt0p2,internal,0.399,9.18,23,4.0,169.0,,lmeds630,1947.0,,0.0,9.0,lmeds630,32.8,2.14,1792
band3,win1792_nfauto,imw-lanet-nn-kt0p2,internal,0.196,4.71,24,1.0,6.0,,lmeds630,1949.0,,0.0,9.0,lmeds630,17.6,0.8,1792
band3,win1792_nfauto,imw-minima-loftr,internal,0.381,7.25,19,1.0,7.0,,lmeds630,1950.0,,0.0,9.0,lmeds630,29.4,3.56,1792
band3,win1792_nfauto,imw-eloftr,internal,0.281,6.18,22,1.0,8.0,,magsac630,1952.0,,0.0,9.0,lmeds630,23.1,2.24,1792
band3,win1792_nfauto,imw-aspanformer,internal,0.636,11.44,18,3.0,90.0,,lmeds630,1954.0,,0.0,9.0,lmeds630,35.3,2.22,1792
band3,win1792_nfauto,imw-roma,internal,1.405,46.35,33,1.0,367.0,,magsac630,1956.0,,0.0,9.0,magsac630,125.9,5.36,1792
band3,win1792_nfauto,imw-dad-roma,internal,1.283,30.79,24,1.0,22.0,,lmeds630,1957.0,,0.0,9.0,lmeds630,114.3,4.71,1792
band3,win1792_nfauto,imw-xfeat-lg,internal,1.619,4.86,3,1.0,14.0,,lmeds630,1959.0,,0.0,9.0,lmeds630,27.9,0.89,1792
band3,win1920_nfauto,sift,fginn_fm1,0.254,2.79,11,2.0,27.0,,lmeds630,1961.0,,0.0,9.0,lmeds630,153.5,2.89,1920
band3,win1920_nfauto,sift,snn,0.212,2.76,13,3.0,32.0,,magsac630,1964.0,,0.0,9.0,lmeds630,153.5,2.89,1920
band3,win1920_nfauto,disk_depth,lgm,0.235,4.46,19,2.0,359.0,,lmeds630,1966.0,,0.0,9.0,lmeds630,54.3,1.26,1920
band3,win1920_nfauto,disk_depth,mnn,0.166,3.98,24,5.0,198.0,,magsac630,1968.0,,0.0,9.0,magsac630,54.3,1.26,1920
band3,win1920_nfauto,disk_depth,smnn0.9,0.7,6.3,9,1.0,14.0,,lmeds630,1969.0,,0.0,9.0,lmeds630,54.3,1.26,1920
band3,win1920_nfauto,disk_epipolar,smnn0.9,0.25,4.0,16,3.0,37.0,,magsac630,1972.0,,0.0,9.0,magsac630,44.0,1.25,1920
band3,win1920_nfauto,dedode_L-upright_B-upright,fginn_fm1,0.342,8.2,24,1.0,9.0,,magsac630,1973.0,,0.0,9.0,lmeds630,143.0,13.97,1920
band3,win1920_nfauto,dedode_L-upright_B-upright,lgm,1.375,9.63,7,1.0,7.0,,lmeds630,1975.0,,0.0,9.0,lmeds630,143.0,13.97,1920
band3,win1920_nfauto,dedode_L-upright_B-C4,fginn_fm1,0.354,8.15,23,1.0,6.0,,magsac630,1976.0,,0.0,9.0,magsac630,102.3,11.9,1920
band3,win1920_nfauto,dedode_L-upright_B-C4,nn,0.584,14.02,24,1.0,220.0,,magsac630,1977.0,,0.0,9.0,magsac630,102.3,11.9,1920
band3,win1920_nfauto,dedode_L-upright_G-C4,mnn,0.551,13.78,25,2.0,15.0,,magsac630,1978.0,,0.0,9.0,lmeds630,170.7,12.63,960
band3,win1920_nfauto,dedode_L-C4_B-upright,lgm,1.312,13.12,10,1.0,8.0,,lmeds630,1980.0,,0.0,9.0,lmeds630,99.9,10.47,960
band3,win1920_nfauto,dedode_L-C4-v2_B-upright,ada,0.355,8.88,25,1.0,156.0,,magsac630,1981.0,,0.0,9.0,magsac630,97.7,11.51,960
band3,win1920_nfauto,dedode_L-C4-v2_B-upright,fginn_fm1,0.346,7.61,22,1.0,7.0,,magsac630,1982.0,,0.0,9.0,magsac630,97.7,11.51,960
band3,win1920_nfauto,dedode_L-C4-v2_B-upright,mnn,0.3,7.51,25,1.0,11.0,,magsac630,1983.0,,0.0,9.0,magsac630,97.7,11.51,960
band3,win1920_nfauto,dedode_L-C4-v2_B-C4,lgm,0.858,12.87,15,1.0,8.0,,lmeds630,1985.0,,0.0,9.0,lmeds630,98.2,8.67,960
band3,win1920_nfauto,dedode_L-C4-v2_G-C4,fginn_fm1,0.581,13.96,24,1.0,6.0,,magsac630,1987.0,,0.0,9.0,magsac630,166.6,12.19,960
band3,win1920_nfauto,keynet,lgm,0.445,5.78,13,1.0,6.0,,lmeds630,1988.0,,0.0,9.0,lmeds630,157.5,2.2,1920
band3,win1920_nfauto,dog_hardnet,ada,0.16,3.21,20,3.0,62.0,,lmeds630,1990.0,,0.0,9.0,lmeds630,76.3,3.02,1920
band3,win1920_nfauto,dog_hardnet,fginn_fm1,0.287,2.87,10,1.0,14.0,,lmeds630,1992.0,,0.0,9.0,lmeds630,76.3,3.02,1920
band3,win1920_nfauto,dog_hardnet,lgm,0.188,3.58,19,2.0,32.0,,magsac630,1994.0,,0.0,9.0,lmeds630,76.3,3.02,1920
band3,win1920_nfauto,dog_hardnet,mnn,0.122,2.93,24,6.0,89.0,,magsac630,1996.0,,0.0,9.0,lmeds630,76.3,3.02,1920
band3,win1920_nfauto,dog_hardnet,snn,0.415,2.91,7,1.0,6.0,,lmeds630,1999.0,,0.0,9.0,lmeds630,76.3,3.02,1920
band3,win1920_nfauto,dog_sosnet,fginn_fm1,0.452,4.52,10,1.0,8.0,,lmeds630,2001.0,,0.0,9.0,lmeds630,45.5,1.5,1920
band3,win1920_nfauto,dog_sosnet,smnn0.9,0.496,6.45,13,1.0,18.0,,lmeds630,2004.0,,0.0,9.0,lmeds630,45.5,1.5,1920
band3,win1920_nfauto,dog_sosnet,snn,0.746,4.47,6,1.0,10.0,,lmeds630,2006.0,,0.0,9.0,lmeds630,45.5,1.5,1920
band3,win1920_nfauto,dog_hynet,mnn,0.258,6.2,24,2.0,35.0,,magsac630,2008.0,,0.0,9.0,lmeds630,59.7,2.59,1920
band3,win1920_nfauto,gftt,ada,0.151,3.47,23,2.0,153.0,,magsac630,2011.0,,0.0,9.0,magsac630,74.5,2.54,1920
band3,win1920_nfauto,hessian,ada,0.282,5.08,18,3.0,104.0,,lmeds630,2012.0,,0.0,9.0,lmeds630,105.3,5.22,1920
band3,win1920_nfauto,hessian,fginn_fm1,0.401,4.42,11,2.0,16.0,,lmeds630,2014.0,,0.0,9.0,lmeds630,105.3,5.22,1920
band3,win1920_nfauto,hessian,snn,0.404,4.44,11,1.0,36.0,,magsac630,2016.0,,0.0,9.0,lmeds630,105.3,5.22,1920
band3,win1920_nfauto,loftr,loftr_internal,0.187,5.98,32,5.0,391.0,,lmeds630,2018.0,,0.0,9.0,lmeds630,22.5,2.03,1920
band3,win1920_nfauto,imw-sp-lg-kt0p2,internal,1.603,4.81,3,1.0,6.0,,lmeds630,2020.0,,0.0,9.0,lmeds630,19.7,1.27,1920
band3,win1920_nfauto,imw-aliked-lg-kt0p2,internal,0.5,6.5,13,1.0,6.0,,lmeds630,2021.0,,0.0,9.0,lmeds630,25.9,2.32,1920
band3,win1920_nfauto,imw-sp-sg-kt0p2,internal,0.771,5.4,7,1.0,6.0,,lmeds630,2023.0,,0.0,9.0,lmeds630,22.1,0.68,1920
band3,win1920_nfauto,imw-rord-nn-kt0p2-fm1,internal,1.772,26.57,15,1.0,10.0,,lmeds630,2024.0,,0.0,9.0,lmeds630,95.0,4.63,1920
band3,win1920_nfauto,imw-rord-nn-kt0p2,internal,0.513,7.18,14,1.0,10.0,,lmeds630,2026.0,,0.0,9.0,lmeds630,22.8,1.17,1920
band3,win1920_nfauto,imw-d2net-nn-kt0p2-fm1,internal,1.6,22.4,14,1.0,12.0,,magsac630,2028.0,,0.0,9.0,magsac630,61.2,4.63,1920
band3,win1920_nfauto,imw-d2net-nn-kt0p2,internal,0.54,7.56,14,2.0,18.0,,lmeds630,2029.0,,0.0,9.0,lmeds630,23.3,1.17,1920
band3,win1920_nfauto,imw-alike-nn-kt0p2-fm1,internal,0.183,4.39,24,1.0,6.0,,lmeds630,2031.0,,0.0,9.0,lmeds630,16.3,0.66,1920
band3,win1920_nfauto,imw-alike-nn-kt0p2,internal,0.185,4.43,24,1.0,6.0,,lmeds630,2032.0,,0.0,9.0,lmeds630,16.6,0.66,1920
band3,win1920_nfauto,imw-rdd-nn-kt0p2,internal,0.63,16.38,26,3.0,29.0,,lmeds630,2033.0,,0.0,9.0,lmeds630,49.2,9.41,1920
band3,win1920_nfauto,imw-liftfeat-nn-kt0p2,internal,0.256,5.88,23,1.0,6.0,,magsac630,2035.0,,0.0,9.0,magsac630,23.3,3.32,1920
band3,win1920_nfauto,imw-ripe-nn-kt0p2,internal,0.401,9.23,23,3.0,161.0,,lmeds630,2036.0,,0.0,9.0,lmeds630,33.2,2.14,1920
band3,win1920_nfauto,imw-lanet-nn-kt0p2,internal,0.197,4.73,24,1.0,8.0,,lmeds630,2038.0,,0.0,9.0,lmeds630,18.2,0.8,1920
band3,win1920_nfauto,imw-minima-loftr,internal,0.406,7.31,18,1.0,7.0,,lmeds630,2039.0,,0.0,9.0,lmeds630,29.5,3.56,1920
band3,win1920_nfauto,imw-minima-roma,internal,1.274,39.49,31,2.0,195.0,,magsac630,2040.0,,0.0,9.0,magsac630,111.2,5.36,1920
band3,win1920_nfauto,imw-xoftr,internal,0.333,5.0,15,2.0,15.0,,lmeds630,2041.0,,0.0,9.0,lmeds630,19.7,1.84,1920
band3,win1920_nfauto,imw-gim-roma,internal,1.222,26.89,22,1.0,61.0,,lmeds630,2042.0,,0.0,9.0,lmeds630,91.3,5.36,1920
band3,win1920_nfauto,imw-eloftr,internal,0.284,5.97,21,1.0,6.0,,lmeds630,2043.0,,0.0,9.0,lmeds630,21.9,2.24,1920
band3,win1920_nfauto,imw-aspanformer,internal,0.563,10.14,18,3.0,90.0,,lmeds630,2044.0,,0.0,9.0,lmeds630,32.2,2.22,1920
band3,win1920_nfauto,imw-roma,internal,1.376,22.02,16,1.0,161.0,,lmeds630,2046.0,,0.0,9.0,lmeds630,87.3,5.36,1920
band3,win1920_nfauto,imw-dad-roma,internal,1.292,29.71,23,1.0,22.0,,lmeds630,2048.0,,0.0,9.0,lmeds630,111.2,4.71,1920
band3,win1920_nfauto,imw-xfeat-lg,internal,1.607,4.82,3,1.0,15.0,,lmeds630,2050.0,,0.0,9.0,lmeds630,27.5,0.89,1920
band3,win2048_nfauto,sift,fginn_fm1,0.242,2.66,11,2.0,27.0,,lmeds630,2052.0,,0.0,9.0,lmeds630,152.0,2.89,2048
band3,win2048_nfauto,sift,snn,0.202,2.63,13,3.0,32.0,,magsac630,2055.0,,0.0,9.0,lmeds630,152.0,2.89,2048
band3,win2048_nfauto,disk_depth,lgm,0.226,4.29,19,2.0,208.0,,magsac630,2057.0,,0.0,9.0,magsac630,52.8,1.26,2048
band3,win2048_nfauto,disk_depth,mnn,0.162,3.88,24,5.0,195.0,,magsac630,2058.0,,0.0,9.0,magsac630,52.8,1.26,2048
band3,win2048_nfauto,disk_depth,smnn0.9,0.686,6.17,9,1.0,14.0,,lmeds630,2059.0,,0.0,9.0,lmeds630,52.8,1.26,2048
band3,win2048_nfauto,disk_epipolar,smnn0.9,0.244,3.9,16,3.0,37.0,,magsac630,2062.0,,0.0,9.0,magsac630,42.4,1.25,2048
band3,win2048_nfauto,dedode_L-upright_B-upright,fginn_fm1,0.341,8.18,24,1.0,9.0,,magsac630,2063.0,,0.0,9.0,magsac630,141.6,13.98,2048
band3,win2048_nfauto,dedode_L-upright_B-upright,lgm,1.374,9.62,7,1.0,7.0,,lmeds630,2064.0,,0.0,9.0,lmeds630,141.6,13.98,2048
band3,win2048_nfauto,dedode_L-upright_B-upright,mnn,0.337,8.08,24,1.0,23.0,,lmeds630,2065.0,,0.0,9.0,lmeds630,141.6,13.98,2048
band3,win2048_nfauto,dedode_L-upright_B-C4,fginn_fm1,0.352,8.09,23,1.0,6.0,,magsac630,2067.0,,0.0,9.0,magsac630,102.5,11.9,2048
band3,win2048_nfauto,dedode_L-upright_G-C4,mnn,0.555,13.87,25,2.0,14.0,,magsac630,2068.0,,0.0,9.0,magsac630,172.7,12.63,1024
band3,win2048_nfauto,dedode_L-C4_B-upright,lgm,1.323,13.23,10,1.0,9.0,,lmeds630,2069.0,,0.0,9.0,lmeds630,100.3,10.47,1024
band3,win2048_nfauto,dedode_L-C4_B-C4,mnn,0.309,7.73,25,2.0,64.0,,lmeds630,2070.0,,0.0,9.0,lmeds630,101.4,11.41,1024
band3,win2048_nfauto,dedode_L-C4_G-C4,mnn,0.573,14.33,25,3.0,37.0,,magsac630,2071.0,,0.0,9.0,magsac630,169.9,11.06,1024
band3,win2048_nfauto,dedode_L-C4-v2_B-upright,ada,0.357,8.92,25,1.0,104.0,,magsac630,2072.0,,0.0,9.0,magsac630,102.7,11.52,1024
band3,win2048_nfauto,dedode_L-C4-v2_B-upright,fginn_fm1,0.347,7.63,22,1.0,7.0,,magsac630,2073.0,,0.0,9.0,lmeds630,102.7,11.52,1024
band3,win2048_nfauto,dedode_L-C4-v2_B-C4,lgm,0.862,12.93,15,1.0,8.0,,lmeds630,2076.0,,0.0,9.0,lmeds630,99.1,8.67,1024
band3,win2048_nfauto,dedode_L-C4-v2_G-C4,fginn_fm1,0.59,14.17,24,1.0,6.0,,magsac630,2077.0,,0.0,9.0,magsac630,165.5,12.2,1024
band3,win2048_nfauto,keynet,lgm,0.448,5.83,13,1.0,6.0,,lmeds630,2078.0,,0.0,9.0,lmeds630,157.5,2.2,2048
band3,win2048_nfauto,dog_hardnet,ada,0.174,3.49,20,3.0,62.0,,lmeds630,2080.0,,0.0,9.0,lmeds630,78.9,3.02,2048
band3,win2048_nfauto,dog_hardnet,fginn_fm1,0.308,3.08,10,1.0,14.0,,lmeds630,2082.0,,0.0,9.0,lmeds630,78.9,3.02,2048
band3,win2048_nfauto,dog_hardnet,lgm,0.206,3.91,19,2.0,30.0,,magsac630,2084.0,,0.0,9.0,lmeds630,78.9,3.02,2048
band3,win2048_nfauto,dog_hardnet,snn,0.443,3.1,7,1.0,6.0,,lmeds630,2088.0,,0.0,9.0,lmeds630,78.9,3.02,2048
band3,win2048_nfauto,dog_sosnet,fginn_fm1,0.454,4.54,10,1.0,8.0,,lmeds630,2090.0,,0.0,9.0,lmeds630,45.9,1.5,2048
band3,win2048_nfauto,dog_sosnet,smnn0.9,0.501,6.51,13,1.0,18.0,,lmeds630,2093.0,,0.0,9.0,lmeds630,45.9,1.5,2048
band3,win2048_nfauto,dog_sosnet,snn,0.749,4.49,6,1.0,10.0,,lmeds630,2095.0,,0.0,9.0,lmeds630,45.9,1.5,2048
band3,win2048_nfauto,dog_hynet,mnn,0.26,6.24,24,2.0,35.0,,magsac630,2097.0,,0.0,9.0,lmeds630,59.0,2.59,2048
band3,win2048_nfauto,gftt,ada,0.153,3.52,23,2.0,153.0,,magsac630,2100.0,,0.0,9.0,magsac630,74.5,2.54,2048
band3,win2048_nfauto,hessian,ada,0.273,4.92,18,3.0,78.0,,magsac630,2101.0,,0.0,9.0,magsac630,103.9,5.22,2048
band3,win2048_nfauto,hessian,fginn_fm1,0.389,4.28,11,2.0,16.0,,lmeds630,2102.0,,0.0,9.0,lmeds630,103.9,5.22,2048
band3,win2048_nfauto,hessian,snn,0.391,4.3,11,1.0,36.0,,magsac630,2104.0,,0.0,9.0,lmeds630,103.9,5.22,2048
band3,win2048_nfauto,loftr,loftr_internal,0.187,6.0,32,5.0,360.0,,lmeds630,2106.0,,0.0,9.0,lmeds630,22.0,2.03,2048
band3,win2048_nfauto,imw-sp-lg-kt0p2,internal,1.623,4.87,3,1.0,6.0,,lmeds630,2108.0,,0.0,9.0,lmeds630,19.2,1.27,2048
band3,win2048_nfauto,imw-aliked-lg-kt0p2,internal,0.474,6.17,13,1.0,6.0,,lmeds630,2109.0,,0.0,9.0,lmeds630,24.1,2.32,2048
band3,win2048_nfauto,imw-sp-sg-kt0p2,internal,0.718,5.03,7,1.0,6.0,,lmeds630,2111.0,,0.0,9.0,lmeds630,18.9,0.68,2048
band3,win2048_nfauto,imw-rord-nn-kt0p2-fm1,internal,1.764,26.45,15,1.0,6.0,,lmeds630,2112.0,,0.0,9.0,lmeds630,96.7,4.63,2048
band3,win2048_nfauto,imw-rord-nn-kt0p2,internal,0.514,7.2,14,1.0,8.0,,magsac630,2113.0,,0.0,9.0,magsac630,23.2,1.17,2048
band3,win2048_nfauto,imw-d2net-nn-kt0p2-fm1,internal,1.596,22.35,14,2.0,21.0,,magsac630,2114.0,,0.0,9.0,magsac630,60.9,4.63,2048
band3,win2048_nfauto,imw-d2net-nn-kt0p2,internal,0.54,7.56,14,2.0,18.0,,lmeds630,2115.0,,0.0,9.0,lmeds630,23.5,1.17,2048
band3,win2048_nfauto,imw-alike-nn-kt0p2-fm1,internal,0.185,4.44,24,1.0,6.0,,lmeds630,2117.0,,0.0,9.0,lmeds630,16.7,0.66,2048
band3,win2048_nfauto,imw-alike-nn-kt0p2,internal,0.185,4.44,24,1.0,6.0,,lmeds630,2118.0,,0.0,9.0,lmeds630,16.8,0.66,2048
band3,win2048_nfauto,imw-rdd-nn-kt0p2,internal,0.653,16.97,26,1.0,7.0,,lmeds630,2119.0,,0.0,9.0,lmeds630,50.1,9.41,2048
band3,win2048_nfauto,imw-ripe-nn-kt0p2,internal,0.403,9.27,23,3.0,156.0,,lmeds630,2121.0,,0.0,9.0,lmeds630,33.2,2.14,2048
band3,win2048_nfauto,imw-lanet-nn-kt0p2,internal,0.198,4.76,24,2.0,14.0,,lmeds630,2123.0,,0.0,9.0,lmeds630,17.8,0.8,2048
band3,win2048_nfauto,imw-minima-loftr,internal,0.477,9.06,19,1.0,7.0,,lmeds630,2125.0,,0.0,9.0,lmeds630,34.8,3.56,2048
band3,win2048_nfauto,imw-minima-roma,internal,1.299,42.87,33,2.0,391.0,,lmeds630,2126.0,,0.0,9.0,lmeds630,118.1,5.36,2048
band3,win2048_nfauto,imw-xoftr,internal,0.336,5.05,15,2.0,16.0,,lmeds630,2128.0,,0.0,9.0,lmeds630,20.1,1.84,2048
band3,win2048_nfauto,imw-eloftr,internal,0.286,6.0,21,1.0,10.0,,magsac630,2129.0,,0.0,9.0,lmeds630,22.0,2.24,2048
band3,win2048_nfauto,imw-aspanformer,internal,0.559,10.06,18,3.0,90.0,,lmeds630,2131.0,,0.0,9.0,lmeds630,32.4,2.22,2048
band3,win2048_nfauto,imw-dkm,internal,1.329,35.89,27,1.0,132.0,,lmeds630,2133.0,,0.0,9.0,lmeds630,101.0,7.34,2048
band3,win2048_nfauto,imw-dad-roma,internal,1.317,30.28,23,1.0,22.0,,lmeds630,2134.0,,0.0,9.0,lmeds630,114.5,4.71,2048
band3,win2048_nfauto,imw-xfeat-lg,internal,1.759,5.28,3,1.0,15.0,,lmeds630,2136.0,,0.0,9.0,lmeds630,29.4,0.89,2048
band3,win2048_nfauto,imw-xfeat-dense,internal,0.296,6.21,21,1.0,6.0,,lmeds630,2138.0,,0.0,9.0,lmeds630,32.7,1.42,2048
band3,win384_nfauto,imw-alike-nn-kt0p2-fm1,internal,0.067,2.86,43,,,,,,,,,,17.9,0.66,384
band3,win512_nfauto,imw-alike-nn-kt0p2-fsp1,internal,0.074,2.97,40,,,,,,,,,,15.1,0.66,512
band3,win384_nfauto,imw-alike-nn-kt0p2,internal,0.075,3.21,43,,,,,,,,,,15.6,0.66,384
band3,win512_nfauto,imw-alike-nn-kt0p2-fm1,internal,0.077,3.06,40,,,,,,,,,,15.3,0.66,512
band3,win512_nfauto,imw-alike-nn-kt0p2,internal,0.077,3.07,40,,,,,,,,,,15.4,0.66,512
band3,win512_nfauto,gftt,mnn,0.09,3.58,40,,,,,,,,,,92.0,1.16,512
band3,win512_nfauto,imw-lanet-nn-kt0p2,internal,0.095,3.81,40,,,,,,,,,,20.9,0.8,512
band3,win384_nfauto,dedode_L-upright_B-upright,mnn,0.104,4.49,43,,,,,,,,,,106.8,3.46,384
band3,win512_nfauto,gftt,ada,0.108,4.2,39,,,,,,,,,,92.0,1.16,512
band3,win896_nfauto,gftt,mnn,0.123,3.7,30,,,,,,,,,,80.5,2.53,896
band3,win640_nfauto,imw-alike-nn-kt0p2-fm1,internal,0.128,3.84,30,,,,,,,,,,16.9,0.66,640
band3,win640_nfauto,imw-alike-nn-kt0p2-fsp1,internal,0.129,3.87,30,,,,,,,,,,16.7,0.66,640
band3,win640_nfauto,imw-alike-nn-kt0p2,internal,0.129,3.88,30,,,,,,,,,,16.8,0.66,640
band3,win512_nfauto,imw-alike-nn-kt0p2-fm1-fsp1,internal,0.13,5.19,40,,,,,,,,,,20.6,1.07,512
band3,win896_nfauto,gftt,ada,0.132,3.84,29,,,,,,,,,,80.5,2.53,896
band3,win768_nfauto,gftt,mnn,0.134,4.01,30,,,,,,,,,,84.6,2.53,768
band3,win896_nfauto,gftt,nn,0.134,4.01,30,,,,,,,,,,80.5,2.53,896
band3,win1024_nfauto,gftt,mnn,0.134,3.36,25,,,,,,,,,,76.0,2.53,1024
band3,win1152_nfauto,gftt,mnn,0.136,3.27,24,,,,,,,,,,89.2,2.54,1152
band3,win1792_nfauto,gftt,mnn,0.137,3.28,24,,,,,,,,,,73.4,2.54,1792
band3,win1280_nfauto,gftt,mnn,0.138,3.3,24,,,,,,,,,,73.0,2.54,1280
band3,win1664_nfauto,gftt,mnn,0.138,3.3,24,,,,,,,,,,73.2,2.54,1664
band3,win1920_nfauto,gftt,mnn,0.138,3.32,24,,,,,,,,,,74.5,2.54,1920
band3,win1536_nfauto,gftt,mnn,0.139,3.33,24,,,,,,,,,,74.2,2.54,1536
band3,win2048_nfauto,gftt,mnn,0.14,3.36,24,,,,,,,,,,74.5,2.54,2048
band3,win768_nfauto,gftt,nn,0.146,4.39,30,,,,,,,,,,84.6,2.53,768
band3,win640_nfauto,disk_depth,nn,0.147,4.25,29,,,,,,,,,,61.9,1.25,640
band3,win768_nfauto,gftt,ada,0.149,4.18,28,,,,,,,,,,84.6,2.53,768
band3,win1152_nfauto,gftt,nn,0.15,3.6,24,,,,,,,,,,89.2,2.54,1152
band3,win768_nfauto,disk_depth,ada,0.151,4.39,29,,,,,,,,,,59.6,1.25,768
band3,win1280_nfauto,gftt,nn,0.151,3.62,24,,,,,,,,,,73.0,2.54,1280
band3,win1664_nfauto,gftt,nn,0.151,3.62,24,,,,,,,,,,73.2,2.54,1664
band3,win1792_nfauto,gftt,nn,0.151,3.62,24,,,,,,,,,,73.4,2.54,1792
band3,win896_nfauto,disk_depth,ada,0.152,4.4,29,,,,,,,,,,63.2,1.25,896
band3,win1408_nfauto,gftt,mnn,0.152,3.65,24,,,,,,,,,,75.9,2.54,1408
band3,win1920_nfauto,gftt,nn,0.152,3.65,24,,,,,,,,,,74.5,2.54,1920
band3,win768_nfauto,disk_epipolar,ada,0.153,4.6,30,,,,,,,,,,45.8,1.25,768
band3,win768_nfauto,imw-alike-nn-kt0p2-fsp1,internal,0.154,4.61,30,,,,,,,,,,17.1,0.66,768
band3,win1024_nfauto,dog_hardnet,nn,0.154,3.86,25,,,,,,,,,,78.4,3.02,1024
band3,win2048_nfauto,gftt,nn,0.154,3.69,24,,,,,,,,,,74.5,2.54,2048
band3,win1536_nfauto,gftt,nn,0.155,3.71,24,,,,,,,,,,74.2,2.54,1536
band3,win896_nfauto,imw-alike-nn-kt0p2-fsp1,internal,0.156,4.67,30,,,,,,,,,,16.9,0.66,896
band3,win512_nfauto,dedode_L-C4-v2_B-C4,lgm,0.159,5.1,32,,,,,,,,,,56.5,2.39,512
band3,win640_nfauto,dog_sosnet,ada,0.165,4.47,27,,,,,,,,,,41.1,0.94,640
band3,win1408_nfauto,gftt,nn,0.168,4.03,24,,,,,,,,,,75.9,2.54,1408
band3,win896_nfauto,imw-sp-nn-kt0p2,internal,0.173,4.49,26,,,,,,,,,,15.6,0.63,896
band3,win1664_nfauto,disk_epipolar,ada,0.176,4.22,24,,,,,,,,,,42.4,1.25,1664
band3,win2048_nfauto,disk_epipolar,ada,0.176,4.22,24,,,,,,,,,,42.4,1.25,2048
band3,win1280_nfauto,disk_epipolar,ada,0.177,4.24,24,,,,,,,,,,42.7,1.25,1280
band3,win256_nfauto,disk_depth,snn,0.178,2.31,13,,,,,,,,,,48.2,1.25,256
band3,win256_nfauto,dedode_L-C4-v2_B-upright,fginn_fm1,0.178,4.63,26,,,,,,,,,,57.8,2.38,256
band3,win1024_nfauto,disk_depth,ada,0.178,4.28,24,,,,,,,,,,54.7,1.25,1024
band3,win1024_nfauto,imw-alike-nn-kt0p2-fsp1,internal,0.18,4.5,25,,,,,,,,,,17.0,0.66,1024
band3,win1152_nfauto,disk_epipolar,ada,0.183,4.39,24,,,,,,,,,,44.0,1.25,1152
band3,win1664_nfauto,disk_depth,ada,0.183,4.2,23,,,,,,,,,,52.8,1.26,1664
band3,win1792_nfauto,imw-alike-nn-kt0p2-fsp1,internal,0.183,4.39,24,,,,,,,,,,16.4,0.66,1792
band3,win2048_nfauto,disk_depth,ada,0.183,4.2,23,,,,,,,,,,52.8,1.26,2048
band3,win512_nfauto,dedode_L-upright_B-upright,mnn,0.184,7.37,40,,,,,,,,,,161.8,3.46,512
band3,win768_nfauto,imw-sp-nn-kt0p2,internal,0.184,4.6,25,,,,,,,,,,15.9,0.63,768
band3,win896_nfauto,keynet,ada,0.184,5.34,29,,,,,,,,,,176.2,2.2,896
band3,win1280_nfauto,imw-alike-nn-kt0p2-fsp1,internal,0.184,4.42,24,,,,,,,,,,16.5,0.66,1280
band3,win1408_nfauto,disk_depth,ada,0.184,4.23,23,,,,,,,,,,53.0,1.26,1408
band3,win1536_nfauto,imw-alike-nn-kt0p2-fsp1,internal,0.184,4.42,24,,,,,,,,,,17.2,0.66,1536
band3,win1920_nfauto,imw-alike-nn-kt0p2-fsp1,internal,0.184,4.43,24,,,,,,,,,,16.4,0.66,1920
band3,win1152_nfauto,disk_depth,ada,0.185,4.24,23,,,,,,,,,,53.7,1.26,1152
band3,win1152_nfauto,imw-alike-nn-kt0p2-fsp1,internal,0.185,4.43,24,,,,,,,,,,21.7,0.66,1152
band3,win2048_nfauto,imw-alike-nn-kt0p2-fsp1,internal,0.185,4.44,24,,,,,,,,,,16.8,0.66,2048
band3,win768_nfauto,keynet,ada,0.186,5.39,29,,,,,,,,,,191.6,2.2,768
band3,win1792_nfauto,disk_depth,ada,0.186,4.27,23,,,,,,,,,,53.3,1.26,1792
band3,win384_nfauto,dedode_L-upright_B-C4,fginn_fm1,0.187,4.49,24,,,,,,,,,,56.3,2.38,384
band3,win640_nfauto,imw-alike-nn-kt0p2-fm1-fsp1,internal,0.187,5.61,30,,,,,,,,,,21.6,1.07,640
band3,win1664_nfauto,imw-alike-nn-kt0p2-fsp1,internal,0.187,4.49,24,,,,,,,,,,16.9,0.66,1664
band3,win1024_nfauto,keynet,mnn,0.19,4.75,25,,,,,,,,,,165.8,2.2,1024
band3,win1920_nfauto,disk_depth,ada,0.19,4.38,23,,,,,,,,,,54.3,1.26,1920
band3,win1408_nfauto,imw-alike-nn-kt0p2-fsp1,internal,0.191,4.57,24,,,,,,,,,,17.1,0.66,1408
band3,win1280_nfauto,keynet,mnn,0.193,4.64,24,,,,,,,,,,149.1,2.2,1280
band3,win512_nfauto,dedode_L-C4-v2_G-C4,mnn,0.195,7.8,40,,,,,,,,,,94.0,3.0,512
band3,win1152_nfauto,keynet,mnn,0.195,4.68,24,,,,,,,,,,195.6,2.2,1152
band3,win1408_nfauto,keynet,mnn,0.195,4.67,24,,,,,,,,,,150.3,2.2,1408
band3,win1664_nfauto,keynet,mnn,0.195,4.69,24,,,,,,,,,,151.2,2.2,1664
band3,win640_nfauto,dedode_L-upright_B-upright,mnn,0.197,5.9,30,,,,,,,,,,115.8,3.46,640
band3,win1536_nfauto,keynet,mnn,0.197,4.72,24,,,,,,,,,,152.0,2.2,1536
band3,win1792_nfauto,keynet,mnn,0.197,4.72,24,,,,,,,,,,154.0,2.2,1792
band3,win640_nfauto,dedode_L-C4_B-C4,mnn,0.2,5.99,30,,,,,,,,,,67.6,2.39,640
band3,win640_nfauto,dedode_L-C4-v2_B-C4,mnn,0.2,6.0,30,,,,,,,,,,67.1,2.39,640
band3,win768_nfauto,imw-alike-nn-kt0p2-fm1-fsp1,internal,0.202,6.07,30,,,,,,,,,,21.6,1.07,768
band3,win1408_nfauto,disk_depth,nn,0.203,4.88,24,,,,,,,,,,53.0,1.26,1408
band3,win1280_nfauto,keynet,ada,0.206,4.74,23,,,,,,,,,,149.1,2.2,1280
band3,win896_nfauto,imw-alike-nn-kt0p2-fm1-fsp1,internal,0.207,6.22,30,,,,,,,,,,21.4,1.07,896
band3,win1280_nfauto,dog_sosnet,ada,0.208,4.58,22,,,,,,,,,,43.5,1.5,1280
band3,win1408_nfauto,keynet,ada,0.208,4.78,23,,,,,,,,,,150.3,2.2,1408
band3,win1664_nfauto,keynet,ada,0.208,4.79,23,,,,,,,,,,151.2,2.2,1664
band3,win1152_nfauto,keynet,ada,0.209,4.81,23,,,,,,,,,,195.6,2.2,1152
band3,win640_nfauto,dedode_L-upright_B-upright,ada,0.21,6.09,29,,,,,,,,,,115.8,3.46,640
band3,win1536_nfauto,dog_sosnet,ada,0.21,4.62,22,,,,,,,,,,44.4,1.5,1536
band3,win640_nfauto,dedode_L-C4_B-upright,ada,0.211,6.11,29,,,,,,,,,,65.6,2.39,640
band3,win1024_nfauto,keynet,ada,0.211,4.85,23,,,,,,,,,,165.8,2.2,1024
band3,win1536_nfauto,keynet,ada,0.211,4.85,23,,,,,,,,,,152.0,2.2,1536
band3,win1792_nfauto,keynet,ada,0.211,4.86,23,,,,,,,,,,154.0,2.2,1792
band3,win1920_nfauto,keynet,mnn,0.213,5.12,24,,,,,,,,,,157.5,2.2,1920
band3,win1920_nfauto,imw-alike-nn-kt0p2-fm1-fsp1,internal,0.214,5.14,24,,,,,,,,,,20.3,1.08,1920
band3,win896_nfauto,hessian,nn,0.215,6.45,30,,,,,,,,,,105.3,3.61,896
band3,win1792_nfauto,imw-alike-nn-kt0p2-fm1-fsp1,internal,0.215,5.17,24,,,,,,,,,,20.2,1.08,1792
band3,win2048_nfauto,keynet,mnn,0.215,5.16,24,,,,,,,,,,157.5,2.2,2048
band3,win1920_nfauto,disk_depth,nn,0.216,5.2,24,,,,,,,,,,54.3,1.26,1920
band3,win1152_nfauto,imw-alike-nn-kt0p2-fm1-fsp1,internal,0.217,5.2,24,,,,,,,,,,20.3,1.08,1152
band3,win1280_nfauto,imw-alike-nn-kt0p2-fm1-fsp1,internal,0.217,5.21,24,,,,,,,,,,20.2,1.08,1280
band3,win384_nfauto,imw-sp-sg-kt0p2,internal,0.22,4.83,22,,,,,,,,,,18.9,0.67,384
band3,win2048_nfauto,imw-alike-nn-kt0p2-fm1-fsp1,internal,0.22,5.29,24,,,,,,,,,,20.4,1.08,2048
band3,win1408_nfauto,imw-alike-nn-kt0p2-fm1-fsp1,internal,0.221,5.3,24,,,,,,,,,,20.9,1.08,1408
band3,win1664_nfauto,imw-alike-nn-kt0p2-fm1-fsp1,internal,0.221,5.29,24,,,,,,,,,,20.9,1.08,1664
band3,win2048_nfauto,dog_sosnet,ada,0.221,4.87,22,,,,,,,,,,45.9,1.5,2048
band3,win1024_nfauto,imw-sp-nn-kt0p2,internal,0.222,4.45,20,,,,,,,,,,15.7,0.63,1024
band3,win1920_nfauto,dog_sosnet,ada,0.222,4.88,22,,,,,,,,,,45.5,1.5,1920
band3,win1920_nfauto,keynet,ada,0.229,5.27,23,,,,,,,,,,157.5,2.2,1920
band3,win2048_nfauto,keynet,ada,0.23,5.3,23,,,,,,,,,,157.5,2.2,2048
band3,win1664_nfauto,imw-sp-nn-kt0p2,internal,0.231,4.38,19,,,,,,,,,,15.4,0.63,1664
band3,win512_nfauto,imw-xfeat-dense,internal,0.232,5.79,25,,,,,,,,,,31.2,1.42,512
band3,win1024_nfauto,imw-alike-nn-kt0p2-fm1-fsp1,internal,0.232,5.81,25,,,,,,,,,,21.4,1.08,1024
band3,win1536_nfauto,imw-alike-nn-kt0p2-fm1-fsp1,internal,0.232,5.57,24,,,,,,,,,,22.2,1.08,1536
band3,win1280_nfauto,imw-sp-nn-kt0p2,internal,0.233,4.43,19,,,,,,,,,,15.4,0.63,1280
band3,win2048_nfauto,imw-sp-nn-kt0p2,internal,0.233,4.43,19,,,,,,,,,,15.6,0.63,2048
band3,win768_nfauto,dedode_L-C4-v2_B-upright,mnn,0.234,7.03,30,,,,,,,,,,76.2,2.39,768
band3,win1792_nfauto,imw-sp-nn-kt0p2,internal,0.234,4.44,19,,,,,,,,,,15.6,0.63,1792
band3,win768_nfauto,dedode_L-upright_B-C4,mnn,0.235,7.04,30,,,,,,,,,,78.0,2.39,768
band3,win768_nfauto,dedode_L-C4_B-upright,mnn,0.235,7.05,30,,,,,,,,,,76.6,2.39,768
band3,win1536_nfauto,imw-sp-nn-kt0p2,internal,0.235,4.46,19,,,,,,,,,,16.3,0.63,1536
band3,win768_nfauto,dedode_L-upright_B-upright,mnn,0.236,7.09,30,,,,,,,,,,125.6,3.46,768
band3,win896_nfauto,dedode_L-upright_B-C4,mnn,0.237,7.1,30,,,,,,,,,,79.3,2.39,896
band3,win640_nfauto,dedode_L-C4_B-upright,fginn_fm1,0.238,5.95,25,,,,,,,,,,65.6,2.39,640
band3,win896_nfauto,dedode_L-C4_B-upright,mnn,0.238,7.14,30,,,,,,,,,,79.6,2.39,896
band3,win896_nfauto,dedode_L-C4_B-C4,mnn,0.24,7.19,30,,,,,,,,,,81.0,2.39,896
band3,win896_nfauto,dedode_L-C4-v2_B-upright,mnn,0.24,7.19,30,,,,,,,,,,80.2,2.39,896
band3,win896_nfauto,dedode_L-C4-v2_B-C4,mnn,0.24,7.19,30,,,,,,,,,,80.3,2.39,896
band3,win768_nfauto,dedode_L-upright_B-C4,ada,0.242,7.26,30,,,,,,,,,,78.0,2.39,768
band3,win768_nfauto,dedode_L-upright_B-upright,ada,0.245,7.34,30,,,,,,,,,,125.6,3.46,768
band3,win512_nfauto,dedode_L-C4_G-C4,fginn_fm1,0.246,7.62,31,,,,,,,,,,92.5,3.0,512
band3,win768_nfauto,dedode_L-C4-v2_B-upright,ada,0.246,7.37,30,,,,,,,,,,76.2,2.39,768
band3,win896_nfauto,dedode_L-upright_B-C4,ada,0.248,7.43,30,,,,,,,,,,79.3,2.39,896
band3,win2048_nfauto,imw-liftfeat-nn-kt0p2,internal,0.248,5.94,24,,,,,,,,,,23.5,3.32,2048
band3,win1152_nfauto,imw-sp-nn-kt0p2,internal,0.249,4.72,19,,,,,,,,,,16.9,0.63,1152
band3,win896_nfauto,dedode_L-upright_B-upright,mnn,0.252,7.55,30,,,,,,,,,,131.5,3.46,896
band3,win896_nfauto,dedode_L-C4_B-C4,ada,0.252,7.57,30,,,,,,,,,,81.0,2.39,896
band3,win1408_nfauto,imw-sp-nn-kt0p2,internal,0.252,4.79,19,,,,,,,,,,16.1,0.63,1408
band3,win640_nfauto,dedode_L-C4_B-C4,nn,0.253,7.59,30,,,,,,,,,,67.6,2.39,640
band3,win768_nfauto,dedode_L-C4_B-upright,ada,0.254,7.37,29,,,,,,,,,,76.6,2.39,768
band3,win896_nfauto,dedode_L-C4-v2_B-upright,ada,0.255,7.66,30,,,,,,,,,,80.2,2.39,896
band3,win1280_nfauto,imw-liftfeat-nn-kt0p2,internal,0.255,5.86,23,,,,,,,,,,26.4,3.32,1280
band3,win1664_nfauto,imw-liftfeat-nn-kt0p2,internal,0.255,5.87,23,,,,,,,,,,23.4,3.32,1664
band3,win1792_nfauto,imw-liftfeat-nn-kt0p2,internal,0.255,5.86,23,,,,,,,,,,23.1,3.32,1792
band3,win896_nfauto,dedode_L-C4-v2_B-C4,ada,0.256,7.68,30,,,,,,,,,,80.3,2.39,896
band3,win896_nfauto,imw-liftfeat-nn-kt0p2,internal,0.256,7.67,30,,,,,,,,,,25.0,3.32,896
band3,win768_nfauto,dedode_L-C4_B-C4,fginn_fm1,0.257,7.2,28,,,,,,,,,,77.4,2.39,768
band3,win640_nfauto,imw-liftfeat-nn-kt0p2,internal,0.259,7.0,27,,,,,,,,,,25.0,3.32,640
band3,win896_nfauto,imw-eloftr,internal,0.259,6.73,26,,,,,,,,,,23.1,2.24,896
band3,win1920_nfauto,imw-sp-nn-kt0p2,internal,0.261,4.95,19,,,,,,,,,,21.1,0.63,1920
band3,win768_nfauto,dedode_L-C4_B-upright,fginn_fm1,0.265,7.15,27,,,,,,,,,,76.6,2.39,768
band3,win1408_nfauto,imw-liftfeat-nn-kt0p2,internal,0.265,6.09,23,,,,,,,,,,24.1,3.32,1408
band3,win1920_nfauto,imw-xfeat-dense,internal,0.275,5.77,21,,,,,,,,,,31.2,1.42,1920
band3,win1024_nfauto,dedode_L-upright_B-C4,mnn,0.276,6.89,25,,,,,,,,,,77.2,2.39,1024
band3,win1024_nfauto,dedode_L-C4_B-C4,mnn,0.276,6.9,25,,,,,,,,,,78.4,2.39,1024
band3,win1024_nfauto,dedode_L-C4-v2_B-upright,mnn,0.277,6.93,25,,,,,,,,,,80.4,2.39,1024
band3,win1792_nfauto,imw-xfeat-dense,internal,0.277,5.81,21,,,,,,,,,,31.6,1.42,1792
band3,win512_nfauto,imw-sp-sg-kt0p2,internal,0.28,5.04,18,,,,,,,,,,19.7,0.67,512
band3,win768_nfauto,imw-xoftr,internal,0.28,5.6,20,,,,,,,,,,20.6,1.84,768
band3,win1664_nfauto,imw-xfeat-dense,internal,0.28,5.88,21,,,,,,,,,,31.1,1.42,1664
band3,win384_nfauto,dedode_L-C4_B-upright,fginn_fm1,0.281,4.5,16,,,,,,,,,,58.1,2.38,384
band3,win1152_nfauto,dog_hynet,ada,0.283,6.51,23,,,,,,,,,,60.3,2.59,1152
band3,win640_nfauto,dedode_L-C4-v2_B-upright,lgm,0.288,6.33,22,,,,,,,,,,65.8,2.39,640
band3,win1024_nfauto,dedode_L-upright_B-C4,ada,0.29,7.26,25,,,,,,,,,,77.2,2.39,1024
band3,win1152_nfauto,dedode_L-C4_B-upright,mnn,0.29,6.95,24,,,,,,,,,,81.6,3.37,1152
band3,win768_nfauto,dedode_L-C4-v2_B-upright,lgm,0.291,7.57,26,,,,,,,,,,76.2,2.39,768
band3,win1152_nfauto,dedode_L-upright_B-upright,mnn,0.292,7.0,24,,,,,,,,,,139.1,3.46,1152
band3,win1024_nfauto,dedode_L-C4_B-C4,ada,0.295,7.37,25,,,,,,,,,,78.4,2.39,1024
band3,win1024_nfauto,dedode_L-C4_B-C4,fginn_fm1,0.295,7.08,24,,,,,,,,,,78.4,2.39,1024
band3,win1664_nfauto,dedode_L-C4_B-upright,mnn,0.295,7.39,25,,,,,,,,,,97.3,11.33,832
band3,win1792_nfauto,dedode_L-C4_B-upright,mnn,0.298,7.45,25,,,,,,,,,,97.2,11.52,896
band3,win1792_nfauto,dedode_L-C4_B-C4,mnn,0.298,7.46,25,,,,,,,,,,98.3,8.85,896
band3,win1792_nfauto,dedode_L-C4-v2_B-upright,mnn,0.298,7.45,25,,,,,,,,,,95.3,10.51,896
band3,win2048_nfauto,dedode_L-C4-v2_B-upright,mnn,0.301,7.52,25,,,,,,,,,,102.7,11.52,1024
band3,win1280_nfauto,dedode_L-C4-v2_B-C4,mnn,0.302,7.26,24,,,,,,,,,,84.6,3.32,1280
band3,win2048_nfauto,dedode_L-C4_B-upright,mnn,0.302,7.55,25,,,,,,,,,,100.3,10.47,1024
band3,win2048_nfauto,dedode_L-C4-v2_B-C4,mnn,0.302,7.56,25,,,,,,,,,,99.1,8.67,1024
band3,win1280_nfauto,dedode_L-C4_B-upright,mnn,0.304,7.3,24,,,,,,,,,,87.6,4.77,1280
band3,win768_nfauto,dedode_L-C4-v2_B-C4,nn,0.306,9.18,30,,,,,,,,,,76.8,2.39,768
band3,win1152_nfauto,dedode_L-upright_B-C4,ada,0.308,7.38,24,,,,,,,,,,80.3,2.48,1152
band3,win1408_nfauto,dedode_L-upright_B-upright,mnn,0.308,7.39,24,,,,,,,,,,128.3,5.92,1408
band3,win1920_nfauto,dedode_L-C4_B-C4,mnn,0.31,7.74,25,,,,,,,,,,101.6,11.43,960
band3,win512_nfauto,dedode_L-C4_B-upright,lgm,0.311,8.39,27,,,,,,,,,,95.3,2.39,512
band3,win1408_nfauto,dedode_L-upright_B-C4,fginn_fm1,0.311,7.46,24,,,,,,,,,,86.3,5.12,1408
band3,win1536_nfauto,disk_epipolar,ada,0.311,7.48,24,,,,,,,,,,71.9,1.25,1536
band3,win1152_nfauto,dedode_L-upright_B-upright,ada,0.312,7.49,24,,,,,,,,,,139.1,3.46,1152
band3,win1152_nfauto,dedode_L-C4_B-upright,ada,0.312,7.5,24,,,,,,,,,,81.6,3.37,1152
band3,win1408_nfauto,dedode_L-C4_B-upright,mnn,0.314,7.53,24,,,,,,,,,,90.3,6.92,1408
band3,win1408_nfauto,dedode_L-C4-v2_B-C4,mnn,0.314,7.53,24,,,,,,,,,,88.9,4.46,1408
band3,win896_nfauto,imw-xoftr,internal,0.316,4.74,15,,,,,,,,,,19.4,1.84,896
band3,win1408_nfauto,dedode_L-C4-v2_B-C4,fginn_fm1,0.317,7.6,24,,,,,,,,,,88.9,4.46,1408
band3,win512_nfauto,dedode_L-upright_B-C4,fginn_fm1,0.318,9.21,29,,,,,,,,,,100.8,2.39,512
band3,win1408_nfauto,dedode_L-C4_B-C4,fginn_fm1,0.318,7.62,24,,,,,,,,,,89.8,5.04,1408
band3,win1536_nfauto,dedode_L-C4-v2_B-C4,mnn,0.319,7.65,24,,,,,,,,,,93.3,6.14,1536
band3,win1536_nfauto,dedode_L-C4_B-upright,mnn,0.322,7.72,24,,,,,,,,,,97.3,9.64,1536
band3,win1536_nfauto,dedode_L-C4-v2_B-C4,fginn_fm1,0.322,7.74,24,,,,,,,,,,93.3,6.14,1536
band3,win384_nfauto,hessian,snn,0.323,3.23,10,,,,,,,,,,52.4,0.85,384
band3,win1024_nfauto,imw-xfeat-dense,internal,0.323,7.1,22,,,,,,,,,,35.2,1.42,1024
band3,win1664_nfauto,dedode_L-upright_B-upright,mnn,0.323,7.76,24,,,,,,,,,,135.1,10.76,1664
band3,win512_nfauto,dedode_L-C4-v2_G-C4,fginn_fm1,0.324,7.78,24,,,,,,,,,,94.0,3.0,512
band3,win1920_nfauto,dedode_L-C4_B-C4,fginn_fm1,0.326,7.83,24,,,,,,,,,,101.6,11.43,960
band3,win2048_nfauto,dedode_L-C4_B-C4,fginn_fm1,0.326,7.82,24,,,,,,,,,,101.4,11.41,1024
band3,win896_nfauto,dedode_L-C4-v2_B-upright,nn,0.327,9.81,30,,,,,,,,,,80.2,2.39,896
band3,win896_nfauto,dedode_L-C4-v2_B-C4,nn,0.328,9.85,30,,,,,,,,,,80.3,2.39,896
band3,win1664_nfauto,dedode_L-C4-v2_B-upright,mnn,0.328,7.88,24,,,,,,,,,,95.9,12.11,1664
band3,win1792_nfauto,dedode_L-C4_B-upright,fginn_fm1,0.329,7.56,23,,,,,,,,,,97.2,11.52,896
band3,win1024_nfauto,imw-xoftr,internal,0.33,4.95,15,,,,,,,,,,20.7,1.84,1024
band3,win1280_nfauto,dedode_L-C4-v2_B-upright,ada,0.331,7.96,24,,,,,,,,,,85.7,4.51,1280
band3,win2048_nfauto,dedode_L-upright_B-C4,mnn,0.331,7.95,24,,,,,,,,,,102.5,11.9,2048
band3,win256_nfauto,dedode_L-C4-v2_B-C4,smnn0.9,0.332,4.65,14,,,,,,,,,,57.2,2.38,256
band3,win1664_nfauto,dedode_L-C4-v2_B-C4,fginn_fm1,0.332,7.96,24,,,,,,,,,,97.3,8.45,1664
band3,win1792_nfauto,dedode_L-upright_B-upright,mnn,0.332,7.97,24,,,,,,,,,,140.0,12.82,1792
band3,win1280_nfauto,dedode_L-C4-v2_B-C4,fginn_fm1,0.333,7.33,22,,,,,,,,,,84.6,3.32,1280
band3,win512_nfauto,keynet,lgm,0.334,6.69,20,,,,,,,,,,265.4,1.48,512
band3,win896_nfauto,dedode_L-C4_B-C4,nn,0.334,10.03,30,,,,,,,,,,81.0,2.39,896
band3,win1920_nfauto,dedode_L-C4_B-upright,fginn_fm1,0.334,7.69,23,,,,,,,,,,99.9,10.47,960
band3,win2048_nfauto,dedode_L-C4_B-upright,fginn_fm1,0.334,7.67,23,,,,,,,,,,100.3,10.47,1024
band3,win1280_nfauto,dedode_L-C4-v2_B-C4,ada,0.336,8.07,24,,,,,,,,,,84.6,3.32,1280
band3,win1920_nfauto,dedode_L-upright_B-C4,mnn,0.336,8.06,24,,,,,,,,,,102.3,11.9,1920
band3,win1408_nfauto,dedode_L-upright_B-C4,ada,0.337,8.1,24,,,,,,,,,,86.3,5.12,1408
band3,win1664_nfauto,dedode_L-C4_B-C4,fginn_fm1,0.337,8.1,24,,,,,,,,,,98.8,9.64,1664
band3,win1920_nfauto,dedode_L-upright_B-upright,mnn,0.337,8.09,24,,,,,,,,,,143.0,13.97,1920
band3,win512_nfauto,dedode_L-upright_G-C4,fginn_fm1,0.338,10.81,32,,,,,,,,,,159.9,3.0,512
band3,win384_nfauto,dedode_L-upright_B-upright,fginn_fm1,0.346,4.5,13,,,,,,,,,,106.8,3.46,384
band3,win768_nfauto,dedode_L-upright_B-upright,lgm,0.348,7.65,22,,,,,,,,,,125.6,3.46,768
band3,win1408_nfauto,dedode_L-C4_B-upright,ada,0.351,8.43,24,,,,,,,,,,90.3,6.92,1408
band3,win1408_nfauto,dedode_L-C4-v2_B-upright,ada,0.351,8.43,24,,,,,,,,,,88.6,6.5,1408
band3,win1408_nfauto,dedode_L-C4_B-C4,ada,0.352,8.44,24,,,,,,,,,,89.8,5.04,1408
band3,win1024_nfauto,dedode_L-C4-v2_B-C4,fginn_fm1,0.356,7.12,20,,,,,,,,,,79.3,2.39,1024
band3,win1408_nfauto,dedode_L-C4-v2_B-C4,ada,0.356,8.54,24,,,,,,,,,,88.9,4.46,1408
band3,win1792_nfauto,dedode_L-C4-v2_B-C4,fginn_fm1,0.357,8.2,23,,,,,,,,,,101.2,10.16,1792
band3,win1920_nfauto,dedode_L-C4-v2_B-C4,ada,0.36,9.01,25,,,,,,,,,,98.2,8.67,960
band3,win1536_nfauto,dedode_L-C4-v2_B-upright,ada,0.362,8.69,24,,,,,,,,,,96.2,9.02,1536
band3,win512_nfauto,dedode_L-upright_B-upright,lgm,0.363,8.34,23,,,,,,,,,,161.8,3.46,512
band3,win1664_nfauto,dedode_L-upright_B-C4,ada,0.364,8.73,24,,,,,,,,,,93.1,9.29,1664
band3,win1920_nfauto,dedode_L-C4_B-upright,ada,0.367,9.18,25,,,,,,,,,,99.9,10.47,960
band3,win640_nfauto,dedode_L-upright_G-C4,mnn,0.368,11.05,30,,,,,,,,,,122.7,3.0,640
band3,win2048_nfauto,dedode_L-C4_B-upright,ada,0.368,9.21,25,,,,,,,,,,100.3,10.47,1024
band3,win640_nfauto,dedode_L-C4_B-upright,lgm,0.371,6.31,17,,,,,,,,,,65.6,2.39,640
band3,win640_nfauto,dedode_L-upright_B-upright,lgm,0.372,6.33,17,,,,,,,,,,115.8,3.46,640
band3,win384_nfauto,gftt,fginn_fm1,0.377,3.77,10,,,,,,,,,,66.6,0.73,384
band3,win1152_nfauto,dedode_L-C4-v2_B-upright,mnn,0.377,9.04,24,,,,,,,,,,113.1,3.03,1152
band3,win1920_nfauto,dedode_L-C4_B-C4,ada,0.377,9.44,25,,,,,,,,,,101.6,11.43,960
band3,win640_nfauto,dedode_L-C4_G-C4,mnn,0.378,11.33,30,,,,,,,,,,120.7,3.0,640
band3,win2048_nfauto,dedode_L-C4_B-C4,ada,0.379,9.47,25,,,,,,,,,,101.4,11.41,1024
band3,win1920_nfauto,dedode_L-C4-v2_B-C4,fginn_fm1,0.38,7.6,20,,,,,,,,,,98.2,8.67,960
band3,win2048_nfauto,dedode_L-C4-v2_B-C4,fginn_fm1,0.381,7.61,20,,,,,,,,,,99.1,8.67,1024
band3,win640_nfauto,dedode_L-C4_B-C4,lgm,0.383,6.51,17,,,,,,,,,,67.6,2.39,640
band3,win1536_nfauto,dedode_L-upright_B-C4,fginn_fm1,0.383,9.18,24,,,,,,,,,,118.5,6.98,1536
band3,win1536_nfauto,dedode_L-C4_B-C4,ada,0.384,9.21,24,,,,,,,,,,96.6,7.05,1536
band3,win1664_nfauto,dedode_L-C4-v2_B-upright,ada,0.389,9.33,24,,,,,,,,,,95.9,12.11,1664
band3,win1536_nfauto,dedode_L-C4_B-upright,ada,0.391,9.38,24,,,,,,,,,,97.3,9.64,1536
band3,win1792_nfauto,dedode_L-upright_B-C4,ada,0.391,9.38,24,,,,,,,,,,96.7,10.96,1792
band3,win768_nfauto,imw-sfd2-nn-kt0p2,internal,0.392,6.28,16,,,,,,,,,,20.5,1.54,768
band3,win1024_nfauto,dedode_L-C4-v2_B-C4,nn,0.392,9.81,25,,,,,,,,,,79.3,2.39,1024
band3,win640_nfauto,dedode_L-C4-v2_G-C4,ada,0.394,11.43,29,,,,,,,,,,117.4,3.0,640
band3,win1536_nfauto,disk_depth,ada,0.396,9.1,23,,,,,,,,,,100.8,1.26,1536
band3,win1280_nfauto,keynet,lgm,0.397,5.16,13,,,,,,,,,,149.1,2.2,1280
band3,win1664_nfauto,dedode_L-C4_B-C4,ada,0.397,9.53,24,,,,,,,,,,98.8,9.64,1664
band3,win640_nfauto,dedode_L-C4_G-C4,fginn_fm1,0.402,11.25,28,,,,,,,,,,120.7,3.0,640
band3,win1792_nfauto,dedode_L-upright_B-upright,ada,0.403,9.66,24,,,,,,,,,,140.0,12.82,1792
band3,win2048_nfauto,dedode_L-upright_B-C4,ada,0.404,9.68,24,,,,,,,,,,102.5,11.9,2048
band3,win640_nfauto,dedode_L-upright_G-C4,nn,0.407,12.21,30,,,,,,,,,,122.7,3.0,640
band3,win512_nfauto,disk_epipolar,snn,0.412,2.47,6,,,,,,,,,,33.0,1.25,512
band3,win896_nfauto,dedode_L-C4_B-C4,lgm,0.42,7.98,19,,,,,,,,,,81.0,2.39,896
band3,win1536_nfauto,dedode_L-upright_B-C4,ada,0.429,10.29,24,,,,,,,,,,118.5,6.98,1536
band3,win1152_nfauto,dedode_L-C4-v2_B-C4,mnn,0.432,10.37,24,,,,,,,,,,136.6,2.46,1152
band3,win2048_nfauto,dedode_L-upright_B-upright,ada,0.435,10.43,24,,,,,,,,,,141.6,13.98,2048
band3,win1920_nfauto,dedode_L-upright_B-upright,ada,0.438,10.52,24,,,,,,,,,,143.0,13.97,1920
band3,win1152_nfauto,dedode_L-upright_B-upright,nn,0.443,10.63,24,,,,,,,,,,139.1,3.46,1152
band3,win896_nfauto,imw-sfd2-nn-kt0p2,internal,0.444,6.22,14,,,,,,,,,,20.3,1.54,896
band3,win512_nfauto,gftt,fginn_fm1,0.448,3.59,8,,,,,,,,,,92.0,1.16,512
band3,win768_nfauto,dedode_L-upright_G-C4,mnn,0.448,13.43,30,,,,,,,,,,142.5,3.0,768
band3,win768_nfauto,dedode_L-upright_G-C4,ada,0.459,13.77,30,,,,,,,,,,142.5,3.0,768
band3,win1280_nfauto,dedode_L-C4-v2_B-C4,nn,0.46,11.04,24,,,,,,,,,,84.6,3.32,1280
band3,win1536_nfauto,dedode_L-upright_B-upright,ada,0.46,11.05,24,,,,,,,,,,194.0,8.1,1536
band3,win1024_nfauto,imw-sfd2-nn-kt0p2,internal,0.465,6.04,13,,,,,,,,,,20.1,1.54,1024
band3,win1280_nfauto,dedode_L-C4-v2_B-upright,nn,0.469,11.25,24,,,,,,,,,,85.7,4.51,1280
band3,win640_nfauto,imw-sp-sg-kt0p2,internal,0.476,5.72,12,,,,,,,,,,20.8,0.67,640
band3,win1280_nfauto,dedode_L-C4_B-upright,nn,0.476,11.42,24,,,,,,,,,,87.6,4.77,1280
band3,win1408_nfauto,dedode_L-upright_B-C4,nn,0.476,11.41,24,,,,,,,,,,86.3,5.12,1408
band3,win256_nfauto,hessian,snn,0.477,4.29,9,,,,,,,,,,67.5,0.85,256
band3,win1024_nfauto,dedode_L-C4-v2_B-upright,lgm,0.478,7.65,16,,,,,,,,,,80.4,2.39,1024
band3,win1280_nfauto,dedode_L-C4-v2_B-C4,lgm,0.48,8.16,17,,,,,,,,,,84.6,3.32,1280
band3,win640_nfauto,dedode_L-C4-v2_G-C4,fginn_fm1,0.481,11.07,23,,,,,,,,,,117.4,3.0,640
band3,win896_nfauto,dedode_L-C4-v2_G-C4,ada,0.482,14.47,30,,,,,,,,,,154.1,3.0,896
band3,win384_nfauto,disk_depth,snn,0.489,2.45,5,,,,,,,,,,49.5,1.25,384
band3,win384_nfauto,disk_depth,fginn_fm1,0.494,2.47,5,,,,,,,,,,49.5,1.25,384
band3,win896_nfauto,dedode_L-C4-v2_G-C4,fginn_fm1,0.498,13.93,28,,,,,,,,,,154.1,3.0,896
band3,win1408_nfauto,dedode_L-C4-v2_B-C4,nn,0.499,11.97,24,,,,,,,,,,88.9,4.46,1408
band3,win512_nfauto,disk_epipolar,lgm,0.503,3.02,6,,,,,,,,,,33.0,1.25,512
band3,win1408_nfauto,dedode_L-C4-v2_B-C4,lgm,0.503,8.54,17,,,,,,,,,,88.9,4.46,1408
band3,win1408_nfauto,imw-sfd2-nn-kt0p2,internal,0.505,5.56,11,,,,,,,,,,20.1,1.54,1408
band3,win512_nfauto,dog_sosnet,snn,0.507,4.06,8,,,,,,,,,,41.7,0.72,512
band3,win1792_nfauto,dedode_L-C4_B-C4,nn,0.507,12.68,25,,,,,,,,,,98.3,8.85,896
band3,win1408_nfauto,dedode_L-C4_B-C4,nn,0.514,12.35,24,,,,,,,,,,89.8,5.04,1408
band3,win1536_nfauto,dedode_L-C4-v2_B-upright,lgm,0.519,8.82,17,,,,,,,,,,96.2,9.02,1536
band3,win1664_nfauto,dedode_L-upright_B-upright,nn,0.527,12.64,24,,,,,,,,,,135.1,10.76,1664
band3,win1408_nfauto,dedode_L-C4-v2_B-upright,lgm,0.528,8.45,16,,,,,,,,,,88.6,6.5,1408
band3,win1920_nfauto,imw-sfd2-nn-kt0p2,internal,0.53,5.3,10,,,,,,,,,,19.3,1.54,1920
band3,win256_nfauto,dedode_L-C4-v2_G-C4,smnn0.9,0.532,6.92,13,,,,,,,,,,88.1,3.0,256
band3,win384_nfauto,gftt,snn,0.532,3.72,7,,,,,,,,,,66.6,0.73,384
band3,win640_nfauto,disk_epipolar,fginn_fm1,0.532,3.19,6,,,,,,,,,,40.1,1.25,640
band3,win2048_nfauto,dedode_L-C4_B-C4,nn,0.533,13.32,25,,,,,,,,,,101.4,11.41,1024
band3,win896_nfauto,dedode_L-upright_B-C4,lgm,0.534,8.01,15,,,,,,,,,,79.3,2.39,896
band3,win1536_nfauto,dedode_L-C4-v2_B-C4,nn,0.534,12.81,24,,,,,,,,,,93.3,6.14,1536
band3,win1792_nfauto,imw-sfd2-nn-kt0p2,internal,0.536,5.36,10,,,,,,,,,,19.4,1.54,1792
band3,win1152_nfauto,imw-sfd2-nn-kt0p2,internal,0.537,5.37,10,,,,,,,,,,22.7,1.54,1152
band3,win2048_nfauto,imw-sfd2-nn-kt0p2,internal,0.537,5.37,10,,,,,,,,,,19.4,1.54,2048
band3,win1536_nfauto,imw-sfd2-nn-kt0p2,internal,0.538,5.38,10,,,,,,,,,,19.6,1.54,1536
band3,win1920_nfauto,dedode_L-C4_B-C4,nn,0.538,13.44,25,,,,,,,,,,101.6,11.43,960
band3,win384_nfauto,dedode_L-C4-v2_G-C4,fginn_fm1,0.54,7.02,13,,,,,,,,,,88.4,3.0,384
band3,win640_nfauto,disk_depth,fginn_fm1,0.54,3.24,6,,,,,,,,,,61.9,1.25,640
band3,win1664_nfauto,imw-sfd2-nn-kt0p2,internal,0.541,5.41,10,,,,,,,,,,20.0,1.54,1664
band3,win1024_nfauto,dedode_L-upright_G-C4,mnn,0.549,13.74,25,,,,,,,,,,146.5,3.0,1024
band3,win1536_nfauto,dedode_L-C4_B-C4,nn,0.549,13.17,24,,,,,,,,,,96.6,7.05,1536
band3,win1280_nfauto,imw-sfd2-nn-kt0p2,internal,0.55,5.5,10,,,,,,,,,,19.5,1.54,1280
band3,win2048_nfauto,dedode_L-C4-v2_B-C4,nn,0.55,13.74,25,,,,,,,,,,99.1,8.67,1024
band3,win1024_nfauto,dedode_L-C4_G-C4,mnn,0.553,13.83,25,,,,,,,,,,142.2,3.0,1024
band3,win1792_nfauto,dedode_L-upright_B-C4,nn,0.553,13.28,24,,,,,,,,,,96.7,10.96,1792
band3,win896_nfauto,dedode_L-C4-v2_G-C4,nn,0.555,16.65,30,,,,,,,,,,154.1,3.0,896
band3,win1792_nfauto,imw-xoftr,internal,0.556,8.34,15,,,,,,,,,,40.2,1.84,1792
band3,win1920_nfauto,dedode_L-upright_G-C4,fginn_fm1,0.556,13.9,25,,,,,,,,,,170.7,12.63,960
band3,win1024_nfauto,dedode_L-C4_G-C4,fginn_fm1,0.557,13.93,25,,,,,,,,,,142.2,3.0,1024
band3,win1792_nfauto,dedode_L-upright_G-C4,fginn_fm1,0.558,13.96,25,,,,,,,,,,168.5,11.6,896
band3,win1024_nfauto,dedode_L-upright_G-C4,fginn_fm1,0.559,13.97,25,,,,,,,,,,146.5,3.0,1024
band3,win1792_nfauto,dedode_L-upright_B-upright,nn,0.559,13.41,24,,,,,,,,,,140.0,12.82,1792
band3,win1920_nfauto,dedode_L-C4-v2_G-C4,mnn,0.559,13.97,25,,,,,,,,,,166.6,12.19,960
band3,win896_nfauto,dedode_L-C4_G-C4,nn,0.56,16.79,30,,,,,,,,,,142.3,3.0,896
band3,win1664_nfauto,dedode_L-C4-v2_B-C4,nn,0.56,13.45,24,,,,,,,,,,97.3,8.45,1664
band3,win2048_nfauto,dedode_L-upright_G-C4,fginn_fm1,0.561,14.01,25,,,,,,,,,,172.7,12.63,1024
band3,win256_nfauto,gftt,snn,0.562,5.62,10,,,,,,,,,,78.0,0.73,256
band3,win1792_nfauto,dedode_L-C4_G-C4,fginn_fm1,0.564,14.1,25,,,,,,,,,,163.7,10.05,896
band3,win1920_nfauto,dedode_L-C4_G-C4,mnn,0.565,14.13,25,,,,,,,,,,165.9,11.06,960
band3,win256_nfauto,keynet,snn,0.566,7.93,14,,,,,,,,,,211.4,1.47,256
band3,win1920_nfauto,dedode_L-C4_G-C4,fginn_fm1,0.567,14.18,25,,,,,,,,,,165.9,11.06,960
band3,win2048_nfauto,dedode_L-C4-v2_G-C4,mnn,0.567,14.17,25,,,,,,,,,,165.5,12.2,1024
band3,win2048_nfauto,dedode_L-C4_G-C4,fginn_fm1,0.571,14.26,25,,,,,,,,,,169.9,11.06,1024
band3,win1664_nfauto,dedode_L-C4-v2_B-upright,lgm,0.574,9.19,16,,,,,,,,,,95.9,12.11,1664
band3,win256_nfauto,dedode_L-C4_G-C4,smnn0.9,0.578,6.94,12,,,,,,,,,,88.4,3.0,256
band3,win1664_nfauto,dedode_L-C4_B-C4,nn,0.581,13.95,24,,,,,,,,,,98.8,9.64,1664
band3,win256_nfauto,dedode_L-upright_B-C4,smnn0.9,0.582,4.66,8,,,,,,,,,,58.2,2.38,256
band3,win2048_nfauto,dedode_L-upright_B-upright,nn,0.582,13.97,24,,,,,,,,,,141.6,13.98,2048
band3,win1664_nfauto,dedode_L-C4_G-C4,fginn_fm1,0.583,13.99,24,,,,,,,,,,160.9,11.74,832
band3,win384_nfauto,keynet,fginn_fm1,0.585,5.27,9,,,,,,,,,,219.7,1.48,384
band3,win1792_nfauto,dedode_L-C4-v2_G-C4,fginn_fm1,0.586,14.07,24,,,,,,,,,,164.7,11.13,896
band3,win1152_nfauto,dedode_L-C4_G-C4,fginn_fm1,0.588,14.12,24,,,,,,,,,,147.8,4.03,1152
band3,win1280_nfauto,dedode_L-upright_G-C4,fginn_fm1,0.589,14.13,24,,,,,,,,,,152.7,4.98,1280
band3,win1280_nfauto,dedode_L-C4-v2_G-C4,fginn_fm1,0.594,14.26,24,,,,,,,,,,149.6,5.18,1280
band3,win1280_nfauto,dedode_L-C4_G-C4,fginn_fm1,0.596,14.3,24,,,,,,,,,,152.8,5.49,1280
band3,win1792_nfauto,dedode_L-C4-v2_B-C4,nn,0.596,14.3,24,,,,,,,,,,101.2,10.16,1792
band3,win1408_nfauto,dedode_L-upright_G-C4,mnn,0.599,14.37,24,,,,,,,,,,157.0,6.79,1408
band3,win1536_nfauto,dedode_L-upright_G-C4,fginn_fm1,0.603,14.47,24,,,,,,,,,,165.1,9.15,1536
band3,win1536_nfauto,dedode_L-upright_G-C4,mnn,0.607,14.56,24,,,,,,,,,,165.1,9.15,1536
band3,win1792_nfauto,dedode_L-C4-v2_G-C4,ada,0.608,15.21,25,,,,,,,,,,164.7,11.13,896
band3,win1024_nfauto,dedode_L-C4-v2_G-C4,fginn_fm1,0.609,14.0,23,,,,,,,,,,141.9,3.0,1024
band3,win1408_nfauto,dedode_L-C4_G-C4,mnn,0.61,14.64,24,,,,,,,,,,154.3,7.66,1408
band3,win1152_nfauto,dedode_L-C4_G-C4,ada,0.612,14.69,24,,,,,,,,,,147.8,4.03,1152
band3,win1664_nfauto,dedode_L-upright_G-C4,mnn,0.616,14.78,24,,,,,,,,,,166.2,12.1,1664
band3,win640_nfauto,sift,lgm,0.618,3.09,5,,,,,,,,,,167.1,1.82,640
band3,win1152_nfauto,dedode_L-C4_B-C4,lgm,0.618,8.03,13,,,,,,,,,,83.1,2.91,1152
band3,win1536_nfauto,dedode_L-C4_G-C4,fginn_fm1,0.625,15.0,24,,,,,,,,,,163.2,10.57,1536
band3,win1792_nfauto,dedode_L-C4_G-C4,ada,0.631,15.79,25,,,,,,,,,,163.7,10.05,896
band3,win512_nfauto,sift,lgm,0.632,3.79,6,,,,,,,,,,164.8,1.47,512
band3,win768_nfauto,dedode_L-upright_B-C4,lgm,0.632,7.59,12,,,,,,,,,,78.0,2.39,768
band3,win1920_nfauto,dedode_L-C4_G-C4,ada,0.633,15.81,25,,,,,,,,,,165.9,11.06,960
band3,win1408_nfauto,dedode_L-upright_G-C4,ada,0.634,15.23,24,,,,,,,,,,157.0,6.79,1408
band3,win1024_nfauto,dedode_L-upright_B-upright,lgm,0.638,7.65,12,,,,,,,,,,124.7,3.46,1024
band3,win1280_nfauto,dedode_L-C4_B-C4,lgm,0.64,8.32,13,,,,,,,,,,85.6,3.99,1280
band3,win640_nfauto,disk_depth,snn,0.645,3.22,5,,,,,,,,,,61.9,1.25,640
band3,win1024_nfauto,imw-rdd-nn-kt0p2,internal,0.647,16.83,26,,,,,,,,,,50.2,9.41,1024
band3,win384_nfauto,dedode_L-C4-v2_B-C4,smnn0.9,0.65,4.55,7,,,,,,,,,,56.2,2.38,384
band3,win1280_nfauto,dedode_L-C4_G-C4,ada,0.652,15.01,23,,,,,,,,,,152.8,5.49,1280
band3,win1024_nfauto,dedode_L-upright_G-C4,nn,0.654,16.36,25,,,,,,,,,,146.5,3.0,1024
band3,win1536_nfauto,imw-rdd-nn-kt0p2,internal,0.657,21.7,33,,,,,,,,,,55.1,9.41,1536
band3,win1024_nfauto,dog_hynet,smnn0.9,0.671,8.05,12,,,,,,,,,,57.9,2.59,1024
band3,win1280_nfauto,dog_hynet,smnn0.9,0.671,8.06,12,,,,,,,,,,57.1,2.59,1280
band3,win1024_nfauto,dedode_L-C4-v2_G-C4,nn,0.672,16.81,25,,,,,,,,,,141.9,3.0,1024
band3,win384_nfauto,dog_hynet,smnn0.9,0.675,7.43,11,,,,,,,,,,47.6,0.72,384
band3,win1792_nfauto,dog_hynet,smnn0.9,0.675,8.1,12,,,,,,,,,,57.3,2.59,1792
band3,win384_nfauto,dedode_L-upright_G-C4,lgm,0.676,7.44,11,,,,,,,,,,93.7,3.0,384
band3,win512_nfauto,dog_hynet,smnn0.9,0.677,9.48,14,,,,,,,,,,53.7,1.04,512
band3,win1536_nfauto,dog_hynet,smnn0.9,0.677,8.13,12,,,,,,,,,,57.8,2.59,1536
band3,win1920_nfauto,dog_hynet,smnn0.9,0.677,8.12,12,,,,,,,,,,59.7,2.59,1920
band3,win1024_nfauto,keynet,fginn_fm1,0.679,4.75,7,,,,,,,,,,165.8,2.2,1024
band3,win1664_nfauto,dog_hynet,smnn0.9,0.68,8.16,12,,,,,,,,,,58.0,2.59,1664
band3,win640_nfauto,gftt,fginn_fm1,0.681,3.41,5,,,,,,,,,,72.5,1.83,640
band3,win1408_nfauto,dog_hynet,smnn0.9,0.689,8.27,12,,,,,,,,,,58.8,2.59,1408
band3,win2048_nfauto,dog_hynet,smnn0.9,0.69,8.29,12,,,,,,,,,,59.0,2.59,2048
band3,win896_nfauto,dog_hynet,smnn0.9,0.691,8.29,12,,,,,,,,,,59.3,2.59,896
band3,win1152_nfauto,dedode_L-C4-v2_G-C4,fginn_fm1,0.691,16.58,24,,,,,,,,,,199.3,3.71,1152
band3,win1152_nfauto,dedode_L-upright_G-C4,nn,0.704,16.89,24,,,,,,,,,,151.5,3.6,1152
band3,win1792_nfauto,dedode_L-upright_G-C4,nn,0.725,18.12,25,,,,,,,,,,168.5,11.6,896
band3,win1152_nfauto,dedode_L-C4-v2_B-C4,lgm,0.73,12.42,17,,,,,,,,,,136.6,2.46,1152
band3,win1280_nfauto,dedode_L-upright_G-C4,nn,0.734,17.62,24,,,,,,,,,,152.7,4.98,1280
band3,win1152_nfauto,dedode_L-C4-v2_B-C4,nn,0.737,17.69,24,,,,,,,,,,136.6,2.46,1152
band3,win1152_nfauto,imw-sp-sg-kt0p2,internal,0.737,5.16,7,,,,,,,,,,19.6,0.68,1152
band3,win1792_nfauto,dedode_L-C4-v2_B-upright,lgm,0.745,12.66,17,,,,,,,,,,95.3,10.51,896
band3,win1920_nfauto,dedode_L-upright_G-C4,nn,0.746,18.65,25,,,,,,,,,,170.7,12.63,960
band3,win384_nfauto,dedode_L-C4-v2_B-upright,fginn_fm1,0.752,4.51,6,,,,,,,,,,56.2,2.38,384
band3,win2048_nfauto,dedode_L-upright_G-C4,nn,0.756,18.9,25,,,,,,,,,,172.7,12.63,1024
band3,win1280_nfauto,dedode_L-C4-v2_G-C4,nn,0.76,18.23,24,,,,,,,,,,149.6,5.18,1280
band3,win1920_nfauto,dedode_L-C4-v2_G-C4,nn,0.762,19.05,25,,,,,,,,,,166.6,12.19,960
band3,win768_nfauto,dog_hynet,smnn0.9,0.767,8.43,11,,,,,,,,,,60.7,2.32,768
band3,win1152_nfauto,dedode_L-C4_G-C4,nn,0.767,18.41,24,,,,,,,,,,147.8,4.03,1152
band3,win1152_nfauto,dedode_L-C4-v2_G-C4,ada,0.767,18.4,24,,,,,,,,,,199.3,3.71,1152
band3,win1408_nfauto,dedode_L-upright_G-C4,nn,0.767,18.4,24,,,,,,,,,,157.0,6.79,1408
band3,win1280_nfauto,keynet,fginn_fm1,0.773,4.64,6,,,,,,,,,,149.1,2.2,1280
band3,win1280_nfauto,dedode_L-C4_G-C4,nn,0.776,18.63,24,,,,,,,,,,152.8,5.49,1280
band3,win1408_nfauto,keynet,fginn_fm1,0.776,4.65,6,,,,,,,,,,150.3,2.2,1408
band3,win256_nfauto,dedode_L-C4-v2_B-upright,smnn0.9,0.777,4.66,6,,,,,,,,,,57.8,2.38,256
band3,win1152_nfauto,keynet,fginn_fm1,0.783,4.7,6,,,,,,,,,,195.6,2.2,1152
band3,win1664_nfauto,keynet,fginn_fm1,0.787,4.72,6,,,,,,,,,,151.2,2.2,1664
band3,win768_nfauto,gftt,fginn_fm1,0.788,3.94,5,,,,,,,,,,84.6,2.53,768
band3,win1408_nfauto,dedode_L-C4_B-C4,lgm,0.788,8.67,11,,,,,,,,,,89.8,5.04,1408
band3,win1408_nfauto,dedode_L-C4-v2_G-C4,nn,0.788,18.9,24,,,,,,,,,,152.8,7.23,1408
band3,win1408_nfauto,dedode_L-C4_B-upright,lgm,0.79,8.69,11,,,,,,,,,,90.3,6.92,1408
band3,win2048_nfauto,dedode_L-C4_G-C4,nn,0.793,19.81,25,,,,,,,,,,169.9,11.06,1024
band3,win1536_nfauto,dedode_L-upright_G-C4,nn,0.795,19.07,24,,,,,,,,,,165.1,9.15,1536
band3,win1152_nfauto,dog_hynet,smnn0.9,0.797,9.56,12,,,,,,,,,,60.3,2.59,1152
band3,win1792_nfauto,keynet,fginn_fm1,0.797,4.78,6,,,,,,,,,,154.0,2.2,1792
band3,win896_nfauto,disk_epipolar,fginn_fm1,0.801,4.01,5,,,,,,,,,,44.2,1.25,896
band3,win1920_nfauto,dedode_L-C4-v2_B-upright,lgm,0.801,12.81,16,,,,,,,,,,97.7,11.51,960
band3,win1152_nfauto,gftt,fginn_fm1,0.809,3.24,4,,,,,,,,,,89.2,2.54,1152
band3,win2048_nfauto,dedode_L-C4-v2_B-upright,lgm,0.809,12.94,16,,,,,,,,,,102.7,11.52,1024
band3,win1792_nfauto,gftt,fginn_fm1,0.812,3.25,4,,,,,,,,,,73.4,2.54,1792
band3,win1536_nfauto,keynet,fginn_fm1,0.816,4.9,6,,,,,,,,,,152.0,2.2,1536
band3,win768_nfauto,disk_epipolar,fginn_fm1,0.82,4.1,5,,,,,,,,,,45.8,1.25,768
band3,win1280_nfauto,gftt,fginn_fm1,0.82,3.28,4,,,,,,,,,,73.0,2.54,1280
band3,win1664_nfauto,gftt,fginn_fm1,0.821,3.28,4,,,,,,,,,,73.2,2.54,1664
band3,win1536_nfauto,dedode_L-C4-v2_G-C4,nn,0.822,19.73,24,,,,,,,,,,157.3,9.88,1536
band3,win1664_nfauto,dedode_L-upright_G-C4,nn,0.827,19.84,24,,,,,,,,,,166.2,12.1,1664
band3,win1280_nfauto,dedode_L-C4_B-upright,lgm,0.829,8.29,10,,,,,,,,,,87.6,4.77,1280
band3,win1536_nfauto,gftt,fginn_fm1,0.829,3.32,4,,,,,,,,,,74.2,2.54,1536
band3,win2048_nfauto,gftt,fginn_fm1,0.829,3.32,4,,,,,,,,,,74.5,2.54,2048
band3,win1920_nfauto,gftt,fginn_fm1,0.83,3.32,4,,,,,,,,,,74.5,2.54,1920
band3,win1536_nfauto,dedode_L-C4_B-C4,lgm,0.833,9.16,11,,,,,,,,,,96.6,7.05,1536
band3,win1024_nfauto,gftt,fginn_fm1,0.837,3.35,4,,,,,,,,,,76.0,2.53,1024
band3,win512_nfauto,disk_depth,fginn_fm1,0.84,2.52,3,,,,,,,,,,45.9,1.25,512
band3,win1536_nfauto,dedode_L-C4_B-upright,lgm,0.841,9.25,11,,,,,,,,,,97.3,9.64,1536
band3,win1920_nfauto,keynet,fginn_fm1,0.85,5.1,6,,,,,,,,,,157.5,2.2,1920
band3,win2048_nfauto,keynet,fginn_fm1,0.857,5.14,6,,,,,,,,,,157.5,2.2,2048
band3,win768_nfauto,sift,lgm,0.859,3.43,4,,,,,,,,,,170.5,2.59,768
band3,win1536_nfauto,dedode_L-C4_G-C4,nn,0.866,20.78,24,,,,,,,,,,163.2,10.57,1536
band3,win1664_nfauto,dedode_L-C4_B-C4,lgm,0.866,9.52,11,,,,,,,,,,98.8,9.64,1664
band3,win640_nfauto,imw-sp-lg-kt0p2,internal,0.874,5.25,6,,,,,,,,,,21.8,1.26,640
band3,win1152_nfauto,dedode_L-upright_B-C4,lgm,0.875,7.88,9,,,,,,,,,,80.3,2.48,1152
band3,win512_nfauto,gftt,snn,0.888,3.55,4,,,,,,,,,,92.0,1.16,512
band3,win1408_nfauto,gftt,fginn_fm1,0.899,3.59,4,,,,,,,,,,75.9,2.54,1408
band3,win896_nfauto,gftt,fginn_fm1,0.906,3.62,4,,,,,,,,,,80.5,2.53,896
band3,win1792_nfauto,dedode_L-C4_B-C4,lgm,0.916,12.83,14,,,,,,,,,,98.3,8.85,896
band3,win640_nfauto,dog_hynet,smnn0.9,0.923,7.39,8,,,,,,,,,,54.7,1.8,640
band3,win256_nfauto,dedode_L-C4_B-C4,smnn0.9,0.929,4.64,5,,,,,,,,,,57.6,2.38,256
band3,win1408_nfauto,dedode_L-upright_B-C4,lgm,0.938,8.44,9,,,,,,,,,,86.3,5.12,1408
band3,win384_nfauto,sift,lgm,0.956,3.82,4,,,,,,,,,,164.1,1.47,384
band3,win1024_nfauto,dedode_L-upright_B-C4,lgm,0.962,7.7,8,,,,,,,,,,77.2,2.39,1024
band3,win256_nfauto,dog_hynet,snn,0.964,5.78,6,,,,,,,,,,56.0,0.72,256
band3,win1152_nfauto,dedode_L-C4-v2_G-C4,nn,0.981,23.54,24,,,,,,,,,,199.3,3.71,1152
band3,win768_nfauto,gftt,snn,0.987,3.95,4,,,,,,,,,,84.6,2.53,768
band3,win512_nfauto,dedode_L-upright_G-C4,lgm,1.002,12.03,12,,,,,,,,,,159.9,3.0,512
band3,win1024_nfauto,sift,lgm,1.004,3.01,3,,,,,,,,,,158.0,2.89,1024
band3,win1280_nfauto,dedode_L-upright_B-C4,lgm,1.01,8.08,8,,,,,,,,,,82.2,3.65,1280
band3,win384_nfauto,imw-sp-lg-kt0p2,internal,1.018,4.07,4,,,,,,,,,,18.4,1.26,384
band3,win1280_nfauto,sift,lgm,1.027,3.08,3,,,,,,,,,,151.5,2.89,1280
band3,win1920_nfauto,dedode_L-C4_B-C4,lgm,1.03,13.39,13,,,,,,,,,,101.6,11.43,960
band3,win896_nfauto,keynet,fginn_fm1,1.037,5.18,5,,,,,,,,,,176.2,2.2,896
band3,win2048_nfauto,sift,lgm,1.037,3.11,3,,,,,,,,,,152.0,2.89,2048
band3,win1664_nfauto,sift,lgm,1.039,3.12,3,,,,,,,,,,152.0,2.89,1664
band3,win1408_nfauto,sift,lgm,1.053,3.16,3,,,,,,,,,,152.6,2.89,1408
band3,win768_nfauto,keynet,fginn_fm1,1.055,5.28,5,,,,,,,,,,191.6,2.2,768
band3,win1792_nfauto,sift,lgm,1.055,3.17,3,,,,,,,,,,152.9,2.89,1792
band3,win1152_nfauto,gftt,snn,1.074,3.22,3,,,,,,,,,,89.2,2.54,1152
band3,win1280_nfauto,gftt,snn,1.079,3.24,3,,,,,,,,,,73.0,2.54,1280
band3,win1664_nfauto,gftt,snn,1.084,3.25,3,,,,,,,,,,73.2,2.54,1664
band3,win1920_nfauto,gftt,snn,1.088,3.26,3,,,,,,,,,,74.5,2.54,1920
band3,win1792_nfauto,gftt,snn,1.091,3.27,3,,,,,,,,,,73.4,2.54,1792
band3,win1536_nfauto,gftt,snn,1.094,3.28,3,,,,,,,,,,74.2,2.54,1536
band3,win1920_nfauto,sift,lgm,1.094,3.28,3,,,,,,,,,,153.5,2.89,1920
band3,win1024_nfauto,gftt,snn,1.102,3.31,3,,,,,,,,,,76.0,2.53,1024
band3,win2048_nfauto,gftt,snn,1.102,3.31,3,,,,,,,,,,74.5,2.54,2048
band3,win2048_nfauto,dedode_L-C4_B-C4,lgm,1.115,13.38,12,,,,,,,,,,101.4,11.41,1024
band3,win640_nfauto,gftt,snn,1.135,3.41,3,,,,,,,,,,72.5,1.83,640
band3,win1152_nfauto,sift,lgm,1.138,3.42,3,,,,,,,,,,155.2,2.89,1152
band3,win256_nfauto,dedode_L-upright_G-C4,smnn0.9,1.16,9.28,8,,,,,,,,,,111.0,3.0,256
band3,win1792_nfauto,dedode_L-upright_B-C4,lgm,1.171,9.37,8,,,,,,,,,,96.7,10.96,1792
band3,win2048_nfauto,dedode_L-upright_B-C4,lgm,1.185,9.48,8,,,,,,,,,,102.5,11.9,2048
band3,win1024_nfauto,imw-gim-roma,internal,1.19,26.19,22,,,,,,,,,,92.5,5.36,1024
band3,win1920_nfauto,dedode_L-upright_B-C4,lgm,1.19,9.52,8,,,,,,,,,,102.3,11.9,1920
band3,win1024_nfauto,keynet,snn,1.193,4.77,4,,,,,,,,,,165.8,2.2,1024
band3,win1408_nfauto,gftt,snn,1.198,3.59,3,,,,,,,,,,75.9,2.54,1408
band3,win1408_nfauto,imw-gim-roma,internal,1.204,26.5,22,,,,,,,,,,90.5,5.36,1408
band3,win896_nfauto,gftt,snn,1.205,3.61,3,,,,,,,,,,80.5,2.53,896
band3,win1536_nfauto,imw-gim-roma,internal,1.206,26.53,22,,,,,,,,,,91.2,5.36,1536
band3,win896_nfauto,imw-sp-lg-kt0p2,internal,1.211,6.06,5,,,,,,,,,,20.2,1.26,896
band3,win1152_nfauto,imw-gim-roma,internal,1.217,26.78,22,,,,,,,,,,91.3,5.36,1152
band3,win1280_nfauto,imw-gim-roma,internal,1.227,26.99,22,,,,,,,,,,93.5,5.36,1280
band3,win640_nfauto,imw-dkm,internal,1.233,27.12,22,,,,,,,,,,97.7,7.34,640
band3,win1664_nfauto,imw-gim-roma,internal,1.233,27.12,22,,,,,,,,,,91.5,5.36,1664
band3,win512_nfauto,disk_depth,snn,1.236,2.47,2,,,,,,,,,,45.9,1.25,512
band3,win2048_nfauto,imw-gim-roma,internal,1.237,27.21,22,,,,,,,,,,91.5,5.36,2048
band3,win512_nfauto,keynet,fginn_fm1,1.245,4.98,4,,,,,,,,,,265.4,1.48,512
band3,win768_nfauto,imw-dkm,internal,1.267,45.6,36,,,,,,,,,,114.5,7.34,768
band3,win1280_nfauto,gftt,smnn0.9,1.269,11.42,9,,,,,,,,,,73.0,2.54,1280
band3,win1664_nfauto,gftt,smnn0.9,1.272,11.45,9,,,,,,,,,,73.2,2.54,1664
band3,win1536_nfauto,gftt,smnn0.9,1.28,11.52,9,,,,,,,,,,74.2,2.54,1536
band3,win1920_nfauto,imw-dkm,internal,1.284,35.96,28,,,,,,,,,,100.6,7.34,1920
band3,win1792_nfauto,gftt,smnn0.9,1.285,11.56,9,,,,,,,,,,73.4,2.54,1792
band3,win1920_nfauto,gftt,smnn0.9,1.285,11.56,9,,,,,,,,,,74.5,2.54,1920
band3,win1408_nfauto,imw-dad-roma,internal,1.294,29.77,23,,,,,,,,,,112.2,4.71,1408
band3,win1536_nfauto,imw-dkm,internal,1.294,22.0,17,,,,,,,,,,86.6,7.34,1536
band3,win1408_nfauto,imw-dkm,internal,1.295,22.02,17,,,,,,,,,,85.7,7.34,1408
band3,win2048_nfauto,gftt,smnn0.9,1.298,11.68,9,,,,,,,,,,74.5,2.54,2048
band3,win896_nfauto,imw-roma,internal,1.299,27.27,21,,,,,,,,,,94.8,5.36,896
band3,win1152_nfauto,imw-dad-roma,internal,1.302,29.96,23,,,,,,,,,,113.3,4.71,1152
band3,win1280_nfauto,imw-dkm,internal,1.303,22.16,17,,,,,,,,,,85.7,7.34,1280
band3,win1664_nfauto,imw-dkm,internal,1.303,22.16,17,,,,,,,,,,85.9,7.34,1664
band3,win1408_nfauto,gftt,smnn0.9,1.306,11.76,9,,,,,,,,,,75.9,2.54,1408
band3,win1024_nfauto,imw-dkm,internal,1.311,31.47,24,,,,,,,,,,95.8,7.34,1024
band3,win1664_nfauto,dedode_L-upright_B-C4,lgm,1.311,9.17,7,,,,,,,,,,93.1,9.29,1664
band3,win896_nfauto,disk_epipolar,snn,1.323,3.97,3,,,,,,,,,,44.2,1.25,896
band3,win2048_nfauto,imw-roma,internal,1.334,33.36,25,,,,,,,,,,99.6,5.36,2048
band3,win1408_nfauto,imw-roma,internal,1.357,38.0,28,,,,,,,,,,103.4,5.36,1408
band3,win896_nfauto,sift,lgm,1.37,4.11,3,,,,,,,,,,195.9,2.89,896
band3,win512_nfauto,imw-sp-lg-kt0p2,internal,1.38,5.52,4,,,,,,,,,,20.2,1.26,512
band3,win1024_nfauto,imw-sp-lg-kt0p2,internal,1.397,5.59,4,,,,,,,,,,20.0,1.32,1024
band3,win896_nfauto,gftt,smnn0.9,1.412,15.53,11,,,,,,,,,,80.5,2.53,896
band3,win1792_nfauto,imw-dkm,internal,1.419,31.22,22,,,,,,,,,,100.9,7.34,1792
band3,win768_nfauto,imw-sp-lg-kt0p2,internal,1.422,5.69,4,,,,,,,,,,19.6,1.26,768
band3,win768_nfauto,imw-r2d2-nn-kt0p2,internal,1.434,12.9,9,,,,,,,,,,35.8,3.19,768
band3,win640_nfauto,dedode_L-C4-v2_G-C4,lgm,1.448,11.58,8,,,,,,,,,,117.4,3.0,640
band3,win896_nfauto,imw-r2d2-nn-kt0p2,internal,1.471,13.24,9,,,,,,,,,,35.8,3.49,896
band3,win1280_nfauto,dog_hynet,fginn_fm1,1.508,6.03,4,,,,,,,,,,57.1,2.59,1280
band3,win1152_nfauto,dog_hynet,fginn_fm1,1.519,6.08,4,,,,,,,,,,60.3,2.59,1152
band3,win1792_nfauto,dog_hynet,fginn_fm1,1.52,6.08,4,,,,,,,,,,57.3,2.59,1792
band3,win1536_nfauto,dog_hynet,fginn_fm1,1.531,6.12,4,,,,,,,,,,57.8,2.59,1536
band3,win1664_nfauto,dog_hynet,fginn_fm1,1.535,6.14,4,,,,,,,,,,58.0,2.59,1664
band3,win1920_nfauto,dog_hynet,fginn_fm1,1.535,6.14,4,,,,,,,,,,59.7,2.59,1920
band3,win1408_nfauto,dog_hynet,fginn_fm1,1.553,6.21,4,,,,,,,,,,58.8,2.59,1408
band3,win1536_nfauto,dedode_L-upright_B-C4,lgm,1.558,10.91,7,,,,,,,,,,118.5,6.98,1536
band3,win1024_nfauto,imw-roma,internal,1.572,36.15,23,,,,,,,,,,102.4,5.36,1024
band3,win640_nfauto,gftt,smnn0.9,1.577,17.34,11,,,,,,,,,,72.5,1.83,640
band3,win2048_nfauto,dog_hynet,fginn_fm1,1.593,6.37,4,,,,,,,,,,59.0,2.59,2048
band3,win1664_nfauto,imw-r2d2-nn-kt0p2,internal,1.662,11.63,7,,,,,,,,,,34.1,3.19,1664
band3,win1280_nfauto,imw-r2d2-nn-kt0p2,internal,1.664,11.65,7,,,,,,,,,,34.0,3.19,1280
band3,win1920_nfauto,imw-r2d2-nn-kt0p2,internal,1.666,11.66,7,,,,,,,,,,34.7,3.19,1920
band3,win1408_nfauto,imw-r2d2-nn-kt0p2,internal,1.67,11.69,7,,,,,,,,,,34.4,3.19,1408
band3,win1792_nfauto,imw-r2d2-nn-kt0p2,internal,1.676,11.73,7,,,,,,,,,,34.2,3.19,1792
band3,win2048_nfauto,imw-r2d2-nn-kt0p2,internal,1.681,11.76,7,,,,,,,,,,34.4,3.19,2048
band3,win1152_nfauto,gftt,smnn0.9,1.712,15.41,9,,,,,,,,,,89.2,2.54,1152
band3,win896_nfauto,keynet,snn,1.727,5.18,3,,,,,,,,,,176.2,2.2,896
band3,win1152_nfauto,imw-r2d2-nn-kt0p2,internal,1.747,12.23,7,,,,,,,,,,37.1,3.19,1152
band3,win384_nfauto,keynet,snn,1.755,5.26,3,,,,,,,,,,219.7,1.48,384
band3,win1536_nfauto,imw-r2d2-nn-kt0p2,internal,1.771,12.4,7,,,,,,,,,,35.1,3.19,1536
band3,win1024_nfauto,imw-r2d2-nn-kt0p2,internal,1.772,12.4,7,,,,,,,,,,35.0,3.99,1024
band3,win640_nfauto,keynet,fginn_fm1,1.775,5.33,3,,,,,,,,,,196.1,1.9,640
band3,win512_nfauto,dog_hynet,fginn_fm1,1.805,5.42,3,,,,,,,,,,53.7,1.04,512
band3,win1024_nfauto,gftt,smnn0.9,1.911,13.38,7,,,,,,,,,,76.0,2.53,1024
band3,win640_nfauto,dedode_L-upright_G-C4,lgm,1.915,11.49,6,,,,,,,,,,122.7,3.0,640
band3,win2048_nfauto,disk_depth,snn,1.915,3.83,2,,,,,,,,,,52.8,1.26,2048
band3,win1664_nfauto,disk_depth,snn,1.918,3.84,2,,,,,,,,,,52.8,1.26,1664
band3,win2048_nfauto,disk_epipolar,fginn_fm1,1.919,3.84,2,,,,,,,,,,42.4,1.25,2048
band3,win1408_nfauto,disk_depth,snn,1.921,3.84,2,,,,,,,,,,53.0,1.26,1408
band3,win1664_nfauto,disk_epipolar,fginn_fm1,1.923,3.85,2,,,,,,,,,,42.4,1.25,1664
band3,win1152_nfauto,disk_depth,snn,1.924,3.85,2,,,,,,,,,,53.7,1.26,1152
band3,win1280_nfauto,disk_epipolar,fginn_fm1,1.931,3.86,2,,,,,,,,,,42.7,1.25,1280
band3,win1664_nfauto,disk_depth,fginn_fm1,1.933,3.87,2,,,,,,,,,,52.8,1.26,1664
band3,win2048_nfauto,disk_depth,fginn_fm1,1.933,3.87,2,,,,,,,,,,52.8,1.26,2048
band3,win1408_nfauto,disk_epipolar,fginn_fm1,1.935,3.87,2,,,,,,,,,,42.4,1.25,1408
band3,win1792_nfauto,disk_depth,snn,1.935,3.87,2,,,,,,,,,,53.3,1.26,1792
band3,win1024_nfauto,disk_depth,snn,1.94,3.88,2,,,,,,,,,,54.7,1.25,1024
band3,win1408_nfauto,disk_depth,fginn_fm1,1.941,3.88,2,,,,,,,,,,53.0,1.26,1408
band3,win640_nfauto,dog_hynet,fginn_fm1,1.945,5.84,3,,,,,,,,,,54.7,1.8,640
band3,win1024_nfauto,disk_epipolar,fginn_fm1,1.945,3.89,2,,,,,,,,,,42.9,1.25,1024
band3,win1280_nfauto,disk_depth,snn,1.945,3.89,2,,,,,,,,,,53.9,1.26,1280
band3,win1792_nfauto,disk_epipolar,fginn_fm1,1.949,3.9,2,,,,,,,,,,43.1,1.25,1792
band3,win1152_nfauto,disk_depth,fginn_fm1,1.95,3.9,2,,,,,,,,,,53.7,1.26,1152
band3,win1024_nfauto,disk_depth,fginn_fm1,1.956,3.91,2,,,,,,,,,,54.7,1.25,1024
band3,win1792_nfauto,disk_depth,fginn_fm1,1.959,3.92,2,,,,,,,,,,53.3,1.26,1792
band3,win1920_nfauto,disk_depth,snn,1.961,3.92,2,,,,,,,,,,54.3,1.26,1920
band3,win1280_nfauto,disk_depth,fginn_fm1,1.962,3.92,2,,,,,,,,,,53.9,1.26,1280
band3,win1920_nfauto,disk_depth,fginn_fm1,1.973,3.95,2,,,,,,,,,,54.3,1.26,1920
band3,win1920_nfauto,disk_epipolar,fginn_fm1,1.973,3.95,2,,,,,,,,,,44.0,1.25,1920
band3,win1152_nfauto,disk_epipolar,fginn_fm1,1.985,3.97,2,,,,,,,,,,44.0,1.25,1152
band3,win768_nfauto,disk_depth,snn,1.987,3.97,2,,,,,,,,,,59.6,1.25,768
band3,win768_nfauto,disk_depth,fginn_fm1,2.0,4.0,2,,,,,,,,,,59.6,1.25,768
band3,win896_nfauto,disk_depth,snn,2.01,4.02,2,,,,,,,,,,63.2,1.25,896
band3,win896_nfauto,disk_depth,fginn_fm1,2.03,4.06,2,,,,,,,,,,63.2,1.25,896
band3,win768_nfauto,dedode_L-C4-v2_G-C4,lgm,2.039,14.27,7,,,,,,,,,,136.7,3.0,768
band3,win1024_nfauto,dog_hynet,fginn_fm1,2.045,6.13,3,,,,,,,,,,57.9,2.59,1024
band3,win896_nfauto,dog_hynet,fginn_fm1,2.129,6.39,3,,,,,,,,,,59.3,2.59,896
band3,win384_nfauto,dedode_L-C4_B-C4,smnn0.9,2.253,4.51,2,,,,,,,,,,56.2,2.38,384
band3,win256_nfauto,dedode_L-upright_B-upright,snn,2.259,4.52,2,,,,,,,,,,100.3,3.46,256
band3,win256_nfauto,dedode_L-C4_B-upright,snn,2.263,4.53,2,,,,,,,,,,59.3,2.38,256
band3,win1280_nfauto,keynet,snn,2.307,4.61,2,,,,,,,,,,149.1,2.2,1280
band3,win1152_nfauto,keynet,snn,2.313,4.63,2,,,,,,,,,,195.6,2.2,1152
band3,win1408_nfauto,keynet,snn,2.317,4.63,2,,,,,,,,,,150.3,2.2,1408
band3,win1664_nfauto,keynet,snn,2.33,4.66,2,,,,,,,,,,151.2,2.2,1664
band3,win1792_nfauto,keynet,snn,2.355,4.71,2,,,,,,,,,,154.0,2.2,1792
band3,win1536_nfauto,keynet,snn,2.382,4.76,2,,,,,,,,,,152.0,2.2,1536
band3,win1536_nfauto,sift,lgm,2.472,7.42,3,,,,,,,,,,222.5,2.89,1536
band3,win512_nfauto,keynet,snn,2.476,4.95,2,,,,,,,,,,265.4,1.48,512
band3,win1920_nfauto,keynet,snn,2.536,5.07,2,,,,,,,,,,157.5,2.2,1920
band3,win2048_nfauto,keynet,snn,2.565,5.13,2,,,,,,,,,,157.5,2.2,2048
band3,win768_nfauto,keynet,snn,2.627,5.25,2,,,,,,,,,,191.6,2.2,768
band3,win768_nfauto,dedode_L-upright_G-C4,lgm,2.812,14.06,5,,,,,,,,,,142.5,3.0,768
band3,win768_nfauto,gftt,smnn0.9,2.815,16.89,6,,,,,,,,,,84.6,2.53,768
band3,win768_nfauto,dedode_L-C4_G-C4,lgm,2.858,14.29,5,,,,,,,,,,137.4,3.0,768
band3,win640_nfauto,dog_hynet,snn,2.869,5.74,2,,,,,,,,,,54.7,1.8,640
band3,win640_nfauto,dedode_L-upright_B-C4,smnn0.9,2.977,5.95,2,,,,,,,,,,65.1,2.39,640
band3,win512_nfauto,gftt,smnn0.9,2.997,26.97,9,,,,,,,,,,92.0,1.16,512
band3,win896_nfauto,dedode_L-C4_G-C4,lgm,3.007,15.04,5,,,,,,,,,,142.3,3.0,896
band3,win1536_nfauto,dog_hynet,snn,3.015,6.03,2,,,,,,,,,,57.8,2.59,1536
band3,win1152_nfauto,dog_hynet,snn,3.018,6.04,2,,,,,,,,,,60.3,2.59,1152
band3,win1792_nfauto,dog_hynet,snn,3.02,6.04,2,,,,,,,,,,57.3,2.59,1792
band3,win1280_nfauto,dog_hynet,snn,3.021,6.04,2,,,,,,,,,,57.1,2.59,1280
band3,win1024_nfauto,dog_hynet,snn,3.03,6.06,2,,,,,,,,,,57.9,2.59,1024
band3,win1920_nfauto,dog_hynet,snn,3.056,6.11,2,,,,,,,,,,59.7,2.59,1920
band3,win1408_nfauto,dog_hynet,snn,3.095,6.19,2,,,,,,,,,,58.8,2.59,1408
band3,win1664_nfauto,dog_hynet,snn,3.113,6.23,2,,,,,,,,,,58.0,2.59,1664
band3,win1536_nfauto,disk_epipolar,fginn_fm1,3.114,6.23,2,,,,,,,,,,71.9,1.25,1536
band3,win2048_nfauto,dog_hynet,snn,3.154,6.31,2,,,,,,,,,,59.0,2.59,2048
band3,win640_nfauto,disk_epipolar,snn,3.155,3.15,1,,,,,,,,,,40.1,1.25,640
band3,win896_nfauto,dog_hynet,snn,3.156,6.31,2,,,,,,,,,,59.3,2.59,896
band3,win768_nfauto,dog_hynet,snn,3.197,6.39,2,,,,,,,,,,60.7,2.32,768
band3,win768_nfauto,dog_hynet,fginn_fm1,3.242,6.48,2,,,,,,,,,,60.7,2.32,768
band3,win1536_nfauto,disk_depth,fginn_fm1,3.302,6.6,2,,,,,,,,,,100.8,1.26,1536
band3,win1536_nfauto,disk_depth,snn,3.358,6.72,2,,,,,,,,,,100.8,1.26,1536
band3,win384_nfauto,dedode_L-upright_G-C4,snn,3.489,6.98,2,,,,,,,,,,93.7,3.0,384
band3,win640_nfauto,disk_epipolar,lgm,3.509,3.51,0,,,,,,,,,,40.1,1.25,640
band3,win1024_nfauto,dedode_L-upright_G-C4,lgm,3.666,14.66,4,,,,,,,,,,146.5,3.0,1024
band3,win896_nfauto,dedode_L-upright_G-C4,lgm,3.69,14.76,4,,,,,,,,,,146.4,3.0,896
band3,win896_nfauto,dedode_L-C4-v2_G-C4,lgm,3.718,14.87,4,,,,,,,,,,154.1,3.0,896
band3,win1664_nfauto,disk_epipolar,snn,3.807,3.81,1,,,,,,,,,,42.4,1.25,1664
band3,win2048_nfauto,disk_epipolar,snn,3.809,3.81,1,,,,,,,,,,42.4,1.25,2048
band3,win1280_nfauto,disk_epipolar,snn,3.82,3.82,1,,,,,,,,,,42.7,1.25,1280
band3,win1408_nfauto,disk_epipolar,snn,3.831,3.83,1,,,,,,,,,,42.4,1.25,1408
band3,win1024_nfauto,disk_epipolar,snn,3.853,3.85,1,,,,,,,,,,42.9,1.25,1024
band3,win1792_nfauto,disk_epipolar,snn,3.857,3.86,1,,,,,,,,,,43.1,1.25,1792
band3,win1920_nfauto,disk_epipolar,snn,3.905,3.91,1,,,,,,,,,,44.0,1.25,1920
band3,win640_nfauto,dedode_L-C4_G-C4,lgm,3.906,11.72,3,,,,,,,,,,120.7,3.0,640
band3,win1024_nfauto,imw-gim-dkm,internal,3.909,43.0,11,,,,,,,,,,138.9,12.83,1024
band3,win1152_nfauto,disk_epipolar,snn,3.91,3.91,1,,,,,,,,,,44.0,1.25,1152
band3,win1792_nfauto,imw-gim-dkm,internal,3.954,43.49,11,,,,,,,,,,139.6,12.83,1792
band3,win768_nfauto,disk_epipolar,snn,4.055,4.05,1,,,,,,,,,,45.8,1.25,768
band3,win1664_nfauto,disk_epipolar,lgm,4.167,4.17,0,,,,,,,,,,42.4,1.25,1664
band3,win1408_nfauto,disk_epipolar,lgm,4.171,4.17,0,,,,,,,,,,42.4,1.25,1408
band3,win2048_nfauto,disk_epipolar,lgm,4.171,4.17,0,,,,,,,,,,42.4,1.25,2048
band3,win1280_nfauto,disk_epipolar,lgm,4.182,4.18,0,,,,,,,,,,42.7,1.25,1280
band3,win1024_nfauto,disk_epipolar,lgm,4.207,4.21,0,,,,,,,,,,42.9,1.25,1024
band3,win1792_nfauto,disk_epipolar,lgm,4.223,4.22,0,,,,,,,,,,43.1,1.25,1792
band3,win1152_nfauto,disk_epipolar,lgm,4.326,4.33,0,,,,,,,,,,44.0,1.25,1152
band3,win1920_nfauto,imw-gim-dkm,internal,4.335,43.35,10,,,,,,,,,,139.6,12.83,1920
band3,win2048_nfauto,imw-gim-dkm,internal,4.336,43.36,10,,,,,,,,,,139.6,12.83,2048
band3,win1920_nfauto,disk_epipolar,lgm,4.349,4.35,0,,,,,,,,,,44.0,1.25,1920
band3,win896_nfauto,disk_epipolar,lgm,4.367,4.37,0,,,,,,,,,,44.2,1.25,896
band3,win384_nfauto,dedode_L-C4_B-upright,snn,4.41,4.41,1,,,,,,,,,,58.1,2.38,384
band3,win384_nfauto,dedode_L-C4-v2_B-upright,snn,4.46,4.46,1,,,,,,,,,,56.2,2.38,384
band3,win384_nfauto,dedode_L-upright_B-C4,snn,4.462,4.46,0,,,,,,,,,,56.3,2.38,384
band3,win384_nfauto,dedode_L-upright_B-upright,snn,4.482,4.48,1,,,,,,,,,,106.8,3.46,384
band3,win768_nfauto,disk_epipolar,lgm,4.509,4.51,0,,,,,,,,,,45.8,1.25,768
band3,win384_nfauto,dedode_L-C4_B-upright,smnn0.9,4.525,4.52,0,,,,,,,,,,58.1,2.38,384
band3,win384_nfauto,dedode_L-C4-v2_B-upright,smnn0.9,4.53,4.53,1,,,,,,,,,,56.2,2.38,384
band3,win512_nfauto,dedode_L-C4-v2_B-C4,snn,4.538,4.54,1,,,,,,,,,,56.5,2.39,512
band3,win896_nfauto,imw-gim-dkm,internal,4.538,54.46,12,,,,,,,,,,150.5,12.82,896
band3,win512_nfauto,dedode_L-C4-v2_B-upright,snn,4.55,4.55,0,,,,,,,,,,56.6,2.39,512
band3,win384_nfauto,dedode_L-upright_B-C4,smnn0.9,4.552,4.55,1,,,,,,,,,,56.3,2.38,384
band3,win256_nfauto,dedode_L-C4-v2_B-upright,snn,4.562,4.56,1,,,,,,,,,,57.8,2.38,256
band3,win512_nfauto,dedode_L-C4-v2_B-C4,smnn0.9,4.629,4.63,1,,,,,,,,,,56.5,2.39,512
band3,win256_nfauto,dedode_L-C4_B-upright,smnn0.9,4.632,4.63,1,,,,,,,,,,59.3,2.38,256
band3,win512_nfauto,dedode_L-C4-v2_B-upright,smnn0.9,4.641,4.64,0,,,,,,,,,,56.6,2.39,512
band3,win768_nfauto,imw-gim-dkm,internal,4.735,61.56,13,,,,,,,,,,178.8,12.82,768
band3,win1408_nfauto,imw-gim-dkm,internal,4.77,42.93,9,,,,,,,,,,138.4,12.83,1408
band3,win1664_nfauto,imw-gim-dkm,internal,4.849,43.64,9,,,,,,,,,,140.1,12.83,1664
band3,win1408_nfauto,keynet,smnn0.9,4.871,38.97,8,,,,,,,,,,150.3,2.2,1408
band3,win1280_nfauto,keynet,smnn0.9,4.876,39.01,8,,,,,,,,,,149.1,2.2,1280
band3,win1152_nfauto,keynet,smnn0.9,4.896,39.17,8,,,,,,,,,,195.6,2.2,1152
band3,win1664_nfauto,keynet,smnn0.9,4.915,39.32,8,,,,,,,,,,151.2,2.2,1664
band3,win1536_nfauto,keynet,smnn0.9,4.931,39.45,8,,,,,,,,,,152.0,2.2,1536
band3,win1792_nfauto,keynet,smnn0.9,4.941,39.52,8,,,,,,,,,,154.0,2.2,1792
band3,win1152_nfauto,dedode_L-upright_G-C4,lgm,4.979,14.94,3,,,,,,,,,,151.5,3.6,1152
band3,win1024_nfauto,dedode_L-C4_G-C4,lgm,4.98,14.94,3,,,,,,,,,,142.2,3.0,1024
band3,win1920_nfauto,keynet,smnn0.9,4.999,40.0,8,,,,,,,,,,157.5,2.2,1920
band3,win2048_nfauto,keynet,smnn0.9,5.034,40.28,8,,,,,,,,,,157.5,2.2,2048
band3,win384_nfauto,dog_hynet,snn,5.108,5.11,0,,,,,,,,,,47.6,0.72,384
band3,win1152_nfauto,dedode_L-C4_G-C4,lgm,5.137,15.41,3,,,,,,,,,,147.8,4.03,1152
band3,win384_nfauto,dog_hynet,fginn_fm1,5.148,5.15,1,,,,,,,,,,47.6,0.72,384
band3,win1280_nfauto,dedode_L-C4-v2_G-C4,lgm,5.24,15.72,3,,,,,,,,,,149.6,5.18,1280
band3,win640_nfauto,keynet,snn,5.31,5.31,1,,,,,,,,,,196.1,1.9,640
band3,win512_nfauto,dog_hynet,snn,5.376,5.38,1,,,,,,,,,,53.7,1.04,512
band3,win1408_nfauto,dedode_L-C4-v2_G-C4,lgm,5.38,16.14,3,,,,,,,,,,152.8,7.23,1408
band3,win1536_nfauto,imw-gim-dkm,internal,5.402,43.21,8,,,,,,,,,,139.2,12.83,1536
band3,win1408_nfauto,dedode_L-C4_G-C4,lgm,5.489,16.47,3,,,,,,,,,,154.3,7.66,1408
band3,win512_nfauto,dedode_L-C4_B-C4,snn,5.554,5.55,1,,,,,,,,,,79.8,2.39,512
band3,win896_nfauto,keynet,smnn0.9,5.597,55.97,10,,,,,,,,,,176.2,2.2,896
band3,win1536_nfauto,dedode_L-C4-v2_G-C4,lgm,5.712,17.14,3,,,,,,,,,,157.3,9.88,1536
band3,win1024_nfauto,keynet,smnn0.9,5.737,51.63,9,,,,,,,,,,165.8,2.2,1024
band3,win1664_nfauto,dedode_L-C4-v2_G-C4,lgm,5.823,17.47,3,,,,,,,,,,165.6,13.14,1664
band3,win640_nfauto,dedode_L-C4_B-upright,snn,5.871,5.87,1,,,,,,,,,,65.6,2.39,640
band3,win640_nfauto,dedode_L-C4-v2_B-upright,snn,5.879,5.88,0,,,,,,,,,,65.8,2.39,640
band3,win640_nfauto,dedode_L-upright_B-upright,snn,5.902,5.9,1,,,,,,,,,,115.8,3.46,640
band3,win640_nfauto,keynet,smnn0.9,5.948,65.42,11,,,,,,,,,,196.1,1.9,640
band3,win640_nfauto,dedode_L-C4_B-upright,smnn0.9,5.97,5.97,0,,,,,,,,,,65.6,2.39,640
band3,win640_nfauto,dedode_L-C4-v2_B-upright,smnn0.9,5.977,5.98,1,,,,,,,,,,65.8,2.39,640
band3,win640_nfauto,dedode_L-C4-v2_B-C4,smnn0.9,6.067,6.07,0,,,,,,,,,,67.1,2.39,640
band3,win640_nfauto,dedode_L-C4_B-C4,smnn0.9,6.07,6.07,0,,,,,,,,,,67.6,2.39,640
band3,win512_nfauto,dedode_L-C4_B-C4,smnn0.9,6.077,6.08,0,,,,,,,,,,79.8,2.39,512
band3,win1536_nfauto,disk_epipolar,snn,6.305,6.31,1,,,,,,,,,,71.9,1.25,1536
band3,win1792_nfauto,dedode_L-C4-v2_G-C4,lgm,6.306,25.22,4,,,,,,,,,,164.7,11.13,896
band3,win768_nfauto,keynet,smnn0.9,6.325,63.25,10,,,,,,,,,,191.6,2.2,768
band3,win1152_nfauto,dedode_L-C4-v2_G-C4,lgm,6.355,19.07,3,,,,,,,,,,199.3,3.71,1152
band3,win256_nfauto,dedode_L-upright_B-upright,smnn0.9,6.844,13.69,2,,,,,,,,,,100.3,3.46,256
band3,win1024_nfauto,dedode_L-upright_B-C4,snn,6.88,6.88,0,,,,,,,,,,77.2,2.39,1024
band3,win1024_nfauto,dedode_L-C4-v2_B-C4,snn,6.916,6.92,0,,,,,,,,,,79.3,2.39,1024
band3,win1024_nfauto,dedode_L-C4_B-upright,snn,6.918,6.92,1,,,,,,,,,,78.8,2.39,1024
band3,win1152_nfauto,dedode_L-upright_B-C4,snn,6.927,6.93,1,,,,,,,,,,80.3,2.48,1152
band3,win1024_nfauto,dedode_L-C4-v2_B-upright,snn,6.929,6.93,0,,,,,,,,,,80.4,2.39,1024
band3,win1024_nfauto,dedode_L-upright_B-upright,snn,6.934,6.93,0,,,,,,,,,,124.7,3.46,1024
band3,win1152_nfauto,dedode_L-C4_B-upright,snn,6.946,6.95,0,,,,,,,,,,81.6,3.37,1152
band3,win384_nfauto,dedode_L-C4-v2_G-C4,snn,6.962,6.96,0,,,,,,,,,,88.4,3.0,384
band3,win1280_nfauto,dedode_L-upright_B-upright,snn,6.97,6.97,0,,,,,,,,,,127.4,4.18,1280
band3,win1152_nfauto,dedode_L-C4_B-C4,snn,6.975,6.98,0,,,,,,,,,,83.1,2.91,1152
band3,win1280_nfauto,dedode_L-upright_B-C4,snn,6.984,6.98,1,,,,,,,,,,82.2,3.65,1280
band3,win1280_nfauto,dedode_L-C4-v2_B-upright,snn,6.993,6.99,0,,,,,,,,,,85.7,4.51,1280
band3,win768_nfauto,dedode_L-C4-v2_B-upright,snn,6.999,7.0,0,,,,,,,,,,76.2,2.39,768
band3,win768_nfauto,dedode_L-upright_B-C4,snn,7.004,7.0,0,,,,,,,,,,78.0,2.39,768
band3,win1536_nfauto,disk_epipolar,lgm,7.005,7.0,0,,,,,,,,,,71.9,1.25,1536
band3,win1152_nfauto,dedode_L-upright_B-upright,snn,7.013,7.01,0,,,,,,,,,,139.1,3.46,1152
band3,win768_nfauto,dedode_L-upright_B-upright,snn,7.02,7.02,0,,,,,,,,,,125.6,3.46,768
band3,win1280_nfauto,dedode_L-C4-v2_B-C4,snn,7.022,7.02,0,,,,,,,,,,84.6,3.32,1280
band3,win1024_nfauto,dedode_L-upright_B-C4,smnn0.9,7.031,7.03,0,,,,,,,,,,77.2,2.39,1024
band3,win768_nfauto,dedode_L-C4-v2_B-C4,snn,7.039,7.04,0,,,,,,,,,,76.8,2.39,768
band3,win1280_nfauto,dedode_L-C4_B-C4,snn,7.042,7.04,0,,,,,,,,,,85.6,3.99,1280
band3,win768_nfauto,dedode_L-C4_B-upright,snn,7.044,7.04,1,,,,,,,,,,76.6,2.39,768
band3,win1280_nfauto,dedode_L-C4_B-upright,snn,7.05,7.05,0,,,,,,,,,,87.6,4.77,1280
band3,win1024_nfauto,dedode_L-C4-v2_B-upright,smnn0.9,7.072,7.07,1,,,,,,,,,,80.4,2.39,1024
band3,win1024_nfauto,dedode_L-C4_B-C4,smnn0.9,7.075,7.07,0,,,,,,,,,,78.4,2.39,1024
band3,win768_nfauto,dedode_L-C4_B-C4,snn,7.081,7.08,0,,,,,,,,,,77.4,2.39,768
band3,win1024_nfauto,dedode_L-C4-v2_B-C4,smnn0.9,7.082,7.08,0,,,,,,,,,,79.3,2.39,1024
band3,win384_nfauto,dedode_L-C4_G-C4,smnn0.9,7.083,7.08,1,,,,,,,,,,88.4,3.0,384
band3,win896_nfauto,dedode_L-upright_B-C4,snn,7.085,7.09,0,,,,,,,,,,79.3,2.39,896
band3,win384_nfauto,dedode_L-C4-v2_G-C4,smnn0.9,7.086,7.09,1,,,,,,,,,,88.4,3.0,384
band3,win1024_nfauto,dedode_L-C4_B-upright,smnn0.9,7.094,7.09,0,,,,,,,,,,78.8,2.39,1024
band3,win896_nfauto,dedode_L-C4_B-upright,snn,7.104,7.1,0,,,,,,,,,,79.6,2.39,896
band3,win768_nfauto,dedode_L-C4-v2_B-upright,smnn0.9,7.105,7.1,0,,,,,,,,,,76.2,2.39,768
band3,win1408_nfauto,dedode_L-upright_B-C4,snn,7.114,7.11,0,,,,,,,,,,86.3,5.12,1408
band3,win768_nfauto,dedode_L-upright_B-C4,smnn0.9,7.122,7.12,0,,,,,,,,,,78.0,2.39,768
band3,win1408_nfauto,dedode_L-upright_B-upright,snn,7.122,7.12,0,,,,,,,,,,128.3,5.92,1408
band3,win1664_nfauto,dedode_L-C4_B-upright,snn,7.129,7.13,0,,,,,,,,,,97.3,11.33,832
band3,win1152_nfauto,dedode_L-upright_B-C4,smnn0.9,7.138,7.14,0,,,,,,,,,,80.3,2.48,1152
band3,win768_nfauto,dedode_L-C4-v2_B-C4,smnn0.9,7.152,7.15,1,,,,,,,,,,76.8,2.39,768
band3,win768_nfauto,dedode_L-C4_B-upright,smnn0.9,7.161,7.16,0,,,,,,,,,,76.6,2.39,768
band3,win1408_nfauto,dedode_L-C4-v2_B-upright,snn,7.162,7.16,0,,,,,,,,,,88.6,6.5,1408
band3,win896_nfauto,dedode_L-C4-v2_B-C4,snn,7.163,7.16,0,,,,,,,,,,80.3,2.39,896
band3,win896_nfauto,dedode_L-C4-v2_B-upright,snn,7.169,7.17,0,,,,,,,,,,80.2,2.39,896
band3,win768_nfauto,dedode_L-C4_B-C4,smnn0.9,7.175,7.18,1,,,,,,,,,,77.4,2.39,768
band3,win1152_nfauto,dedode_L-C4_B-upright,smnn0.9,7.175,7.17,0,,,,,,,,,,81.6,3.37,1152
band3,win1792_nfauto,dedode_L-C4_B-upright,snn,7.179,7.18,0,,,,,,,,,,97.2,11.52,896
band3,win1408_nfauto,dedode_L-C4_B-C4,snn,7.182,7.18,0,,,,,,,,,,89.8,5.04,1408
band3,win896_nfauto,dedode_L-C4_B-C4,snn,7.184,7.18,0,,,,,,,,,,81.0,2.39,896
band3,win1408_nfauto,dedode_L-C4_B-upright,snn,7.187,7.19,0,,,,,,,,,,90.3,6.92,1408
band3,win1152_nfauto,dedode_L-C4_B-C4,smnn0.9,7.192,7.19,1,,,,,,,,,,83.1,2.91,1152
band3,win1792_nfauto,dedode_L-C4-v2_B-upright,snn,7.197,7.2,0,,,,,,,,,,95.3,10.51,896
band3,win1792_nfauto,dedode_L-C4_B-C4,snn,7.198,7.2,0,,,,,,,,,,98.3,8.85,896
band3,win1408_nfauto,dedode_L-C4-v2_B-C4,snn,7.206,7.21,0,,,,,,,,,,88.9,4.46,1408
band3,win1536_nfauto,dedode_L-C4-v2_B-upright,snn,7.221,7.22,0,,,,,,,,,,96.2,9.02,1536
band3,win1536_nfauto,dedode_L-C4-v2_B-C4,snn,7.233,7.23,0,,,,,,,,,,93.3,6.14,1536
band3,win1280_nfauto,dedode_L-upright_B-C4,smnn0.9,7.238,7.24,0,,,,,,,,,,82.2,3.65,1280
band3,win896_nfauto,dedode_L-upright_B-C4,smnn0.9,7.24,7.24,0,,,,,,,,,,79.3,2.39,896
band3,win896_nfauto,dedode_L-C4_B-upright,smnn0.9,7.252,7.25,0,,,,,,,,,,79.6,2.39,896
band3,win1536_nfauto,dedode_L-C4_B-C4,snn,7.266,7.27,0,,,,,,,,,,96.6,7.05,1536
band3,win1920_nfauto,dedode_L-C4_B-upright,snn,7.266,7.27,0,,,,,,,,,,99.9,10.47,960
band3,win2048_nfauto,dedode_L-C4-v2_B-upright,snn,7.267,7.27,0,,,,,,,,,,102.7,11.52,1024
band3,win1664_nfauto,dedode_L-upright_B-C4,snn,7.269,7.27,0,,,,,,,,,,93.1,9.29,1664
band3,win1536_nfauto,dedode_L-C4_B-upright,snn,7.276,7.28,0,,,,,,,,,,97.3,9.64,1536
band3,win2048_nfauto,dedode_L-C4_B-upright,snn,7.277,7.28,0,,,,,,,,,,100.3,10.47,1024
band3,win1920_nfauto,dedode_L-C4-v2_B-C4,snn,7.278,7.28,0,,,,,,,,,,98.2,8.67,960
band3,win1920_nfauto,dedode_L-C4-v2_B-upright,snn,7.282,7.28,0,,,,,,,,,,97.7,11.51,960
band3,win2048_nfauto,dedode_L-C4-v2_B-C4,snn,7.284,7.28,0,,,,,,,,,,99.1,8.67,1024
band3,win1664_nfauto,dedode_L-upright_B-upright,snn,7.291,7.29,0,,,,,,,,,,135.1,10.76,1664
band3,win1280_nfauto,dedode_L-C4-v2_B-upright,smnn0.9,7.303,7.3,0,,,,,,,,,,85.7,4.51,1280
band3,win896_nfauto,dedode_L-C4-v2_B-upright,smnn0.9,7.312,7.31,1,,,,,,,,,,80.2,2.39,896
band3,win1664_nfauto,dedode_L-C4-v2_B-upright,snn,7.313,7.31,0,,,,,,,,,,95.9,12.11,1664
band3,win896_nfauto,dedode_L-C4_B-C4,smnn0.9,7.326,7.33,1,,,,,,,,,,81.0,2.39,896
band3,win2048_nfauto,dedode_L-C4_B-C4,snn,7.328,7.33,0,,,,,,,,,,101.4,11.41,1024
band3,win1664_nfauto,dedode_L-C4-v2_B-C4,snn,7.332,7.33,0,,,,,,,,,,97.3,8.45,1664
band3,win896_nfauto,dedode_L-C4-v2_B-C4,smnn0.9,7.341,7.34,0,,,,,,,,,,80.3,2.39,896
band3,win1280_nfauto,dedode_L-C4-v2_B-C4,smnn0.9,7.343,7.34,0,,,,,,,,,,84.6,3.32,1280
band3,win1920_nfauto,dedode_L-C4_B-C4,snn,7.361,7.36,0,,,,,,,,,,101.6,11.43,960
band3,win1280_nfauto,dedode_L-C4_B-upright,smnn0.9,7.365,7.37,0,,,,,,,,,,87.6,4.77,1280
band3,win1280_nfauto,dedode_L-C4_B-C4,smnn0.9,7.382,7.38,0,,,,,,,,,,85.6,3.99,1280
band3,win1792_nfauto,dedode_L-upright_B-C4,snn,7.394,7.39,0,,,,,,,,,,96.7,10.96,1792
band3,win1664_nfauto,dedode_L-C4_B-C4,snn,7.418,7.42,0,,,,,,,,,,98.8,9.64,1664
band3,win2048_nfauto,dedode_L-upright_B-C4,snn,7.419,7.42,0,,,,,,,,,,102.5,11.9,2048
band3,win896_nfauto,dedode_L-upright_B-upright,snn,7.422,7.42,0,,,,,,,,,,131.5,3.46,896
band3,win2048_nfauto,dedode_L-upright_B-upright,snn,7.45,7.45,0,,,,,,,,,,141.6,13.98,2048
band3,win1024_nfauto,dedode_L-C4-v2_G-C4,lgm,7.456,14.91,2,,,,,,,,,,141.9,3.0,1024
band3,win1792_nfauto,dedode_L-upright_B-upright,snn,7.458,7.46,0,,,,,,,,,,140.0,12.82,1792
band3,win1408_nfauto,dedode_L-upright_B-C4,smnn0.9,7.467,7.47,0,,,,,,,,,,86.3,5.12,1408
band3,win1920_nfauto,dedode_L-upright_B-C4,snn,7.484,7.48,0,,,,,,,,,,102.3,11.9,1920
band3,win1920_nfauto,dedode_L-upright_B-upright,snn,7.539,7.54,0,,,,,,,,,,143.0,13.97,1920
band3,win1408_nfauto,dedode_L-C4-v2_B-upright,smnn0.9,7.544,7.54,0,,,,,,,,,,88.6,6.5,1408
band3,win1408_nfauto,dedode_L-C4-v2_B-C4,smnn0.9,7.579,7.58,0,,,,,,,,,,88.9,4.46,1408
band3,win1792_nfauto,dedode_L-C4-v2_B-C4,snn,7.581,7.58,0,,,,,,,,,,101.2,10.16,1792
band3,win1408_nfauto,dedode_L-C4_B-upright,smnn0.9,7.597,7.6,0,,,,,,,,,,90.3,6.92,1408
band3,win1408_nfauto,dedode_L-C4_B-C4,smnn0.9,7.606,7.61,0,,,,,,,,,,89.8,5.04,1408
band3,win512_nfauto,dedode_L-upright_B-upright,snn,7.617,7.62,0,,,,,,,,,,161.8,3.46,512
band3,win256_nfauto,imw-omniglue,internal,7.682,53.77,7,,,,,,,,,,207.0,0.03,256
band3,win1792_nfauto,dedode_L-C4_B-upright,smnn0.9,7.696,7.7,0,,,,,,,,,,97.2,11.52,896
band3,win1536_nfauto,dedode_L-C4-v2_B-upright,smnn0.9,7.704,7.7,0,,,,,,,,,,96.2,9.02,1536
band3,win512_nfauto,dedode_L-C4-v2_G-C4,snn,7.707,7.71,1,,,,,,,,,,94.0,3.0,512
band3,win1792_nfauto,dedode_L-C4-v2_B-upright,smnn0.9,7.714,7.71,1,,,,,,,,,,95.3,10.51,896
band3,win1536_nfauto,dedode_L-C4-v2_B-C4,smnn0.9,7.723,7.72,0,,,,,,,,,,93.3,6.14,1536
band3,win512_nfauto,dedode_L-C4_G-C4,smnn0.9,7.726,7.73,0,,,,,,,,,,92.5,3.0,512
band3,win1792_nfauto,dedode_L-C4_B-C4,smnn0.9,7.738,7.74,1,,,,,,,,,,98.3,8.85,896
band3,win2048_nfauto,dedode_L-C4-v2_B-upright,smnn0.9,7.742,7.74,1,,,,,,,,,,102.7,11.52,1024
band3,win512_nfauto,dedode_L-C4-v2_G-C4,smnn0.9,7.746,7.75,0,,,,,,,,,,94.0,3.0,512
band3,win1920_nfauto,dedode_L-C4-v2_B-C4,smnn0.9,7.763,7.76,0,,,,,,,,,,98.2,8.67,960
band3,win1664_nfauto,dedode_L-upright_B-C4,smnn0.9,7.779,7.78,0,,,,,,,,,,93.1,9.29,1664
band3,win2048_nfauto,dedode_L-C4-v2_B-C4,smnn0.9,7.781,7.78,0,,,,,,,,,,99.1,8.67,1024
band3,win1920_nfauto,dedode_L-C4-v2_B-upright,smnn0.9,7.788,7.79,1,,,,,,,,,,97.7,11.51,960
band3,win1920_nfauto,dedode_L-C4_B-upright,smnn0.9,7.808,7.81,0,,,,,,,,,,99.9,10.47,960
band3,win2048_nfauto,dedode_L-C4_B-upright,smnn0.9,7.851,7.85,0,,,,,,,,,,100.3,10.47,1024
band3,win1280_nfauto,dedode_L-C4_G-C4,lgm,7.874,15.75,2,,,,,,,,,,152.8,5.49,1280
band3,win1536_nfauto,dedode_L-C4_B-upright,smnn0.9,7.904,7.9,0,,,,,,,,,,97.3,9.64,1536
band3,win1664_nfauto,dedode_L-C4-v2_B-upright,smnn0.9,7.918,7.92,0,,,,,,,,,,95.9,12.11,1664
band3,win1664_nfauto,dedode_L-C4-v2_B-C4,smnn0.9,7.941,7.94,0,,,,,,,,,,97.3,8.45,1664
band3,win1536_nfauto,dedode_L-C4_B-C4,smnn0.9,7.942,7.94,0,,,,,,,,,,96.6,7.05,1536
band3,win1920_nfauto,dedode_L-C4_B-C4,smnn0.9,7.943,7.94,0,,,,,,,,,,101.6,11.43,960
band3,win2048_nfauto,dedode_L-C4_B-C4,smnn0.9,7.992,7.99,0,,,,,,,,,,101.4,11.41,1024
band3,win1792_nfauto,dedode_L-upright_B-C4,smnn0.9,8.013,8.01,0,,,,,,,,,,96.7,10.96,1792
band3,win512_nfauto,dedode_L-C4_B-upright,snn,8.035,8.03,1,,,,,,,,,,95.3,2.39,512
band3,win2048_nfauto,dedode_L-upright_B-C4,smnn0.9,8.074,8.07,0,,,,,,,,,,102.5,11.9,2048
band3,win1920_nfauto,dedode_L-upright_B-C4,smnn0.9,8.125,8.12,0,,,,,,,,,,102.3,11.9,1920
band3,win1792_nfauto,dedode_L-C4-v2_B-C4,smnn0.9,8.18,8.18,0,,,,,,,,,,101.2,10.16,1792
band3,win1664_nfauto,dedode_L-C4_B-C4,smnn0.9,8.181,8.18,0,,,,,,,,,,98.8,9.64,1664
band3,win512_nfauto,dedode_L-C4_B-upright,smnn0.9,8.355,8.35,0,,,,,,,,,,95.3,2.39,512
band3,win1664_nfauto,dedode_L-C4_G-C4,lgm,8.362,25.08,3,,,,,,,,,,160.9,11.74,832
band3,win1920_nfauto,dedode_L-C4-v2_G-C4,lgm,8.362,25.08,3,,,,,,,,,,166.6,12.19,960
band3,win2048_nfauto,dedode_L-C4-v2_G-C4,lgm,8.444,25.33,3,,,,,,,,,,165.5,12.2,1024
band3,win512_nfauto,dedode_L-upright_B-C4,smnn0.9,8.516,8.52,1,,,,,,,,,,100.8,2.39,512
band3,win1664_nfauto,dedode_L-C4_B-upright,smnn0.9,8.555,8.56,0,,,,,,,,,,97.3,11.33,832
band3,win1536_nfauto,dedode_L-upright_B-C4,snn,8.609,8.61,0,,,,,,,,,,118.5,6.98,1536
band3,win512_nfauto,dedode_L-upright_B-C4,snn,8.73,8.73,0,,,,,,,,,,100.8,2.39,512
band3,win1536_nfauto,dedode_L-C4_G-C4,lgm,8.849,17.7,2,,,,,,,,,,163.2,10.57,1536
band3,win1536_nfauto,dedode_L-upright_B-C4,smnn0.9,9.081,9.08,0,,,,,,,,,,118.5,6.98,1536
band3,win1536_nfauto,dedode_L-upright_B-upright,snn,9.472,9.47,0,,,,,,,,,,194.0,8.1,1536
band3,win384_nfauto,imw-rdd-dense,internal,9.892,9.89,0,,,,,,,,,,36.2,9.41,384
band3,win1152_nfauto,dedode_L-C4-v2_B-upright,smnn0.9,10.055,10.06,1,,,,,,,,,,113.1,3.03,1152
band3,win384_nfauto,dedode_L-upright_G-C4,smnn0.9,10.089,10.09,0,,,,,,,,,,93.7,3.0,384
band3,win512_nfauto,dedode_L-upright_G-C4,snn,10.342,10.34,0,,,,,,,,,,159.9,3.0,512
band3,win1152_nfauto,dedode_L-C4-v2_B-C4,snn,10.523,10.52,0,,,,,,,,,,136.6,2.46,1152
band3,win640_nfauto,dedode_L-C4-v2_G-C4,snn,11.044,11.04,1,,,,,,,,,,117.4,3.0,640
band3,win1152_nfauto,dedode_L-C4-v2_B-upright,snn,11.147,11.15,0,,,,,,,,,,113.1,3.03,1152
band3,win640_nfauto,dedode_L-C4-v2_G-C4,smnn0.9,11.256,11.26,0,,,,,,,,,,117.4,3.0,640
band3,win640_nfauto,dedode_L-C4_G-C4,smnn0.9,11.34,11.34,0,,,,,,,,,,120.7,3.0,640
band3,win1152_nfauto,dedode_L-C4-v2_B-C4,smnn0.9,11.561,11.56,1,,,,,,,,,,136.6,2.46,1152
band3,win256_nfauto,imw-rdd-dense,internal,11.817,11.82,0,,,,,,,,,,37.9,9.41,256
band3,win1792_nfauto,dedode_L-C4_G-C4,lgm,12.542,25.08,2,,,,,,,,,,163.7,10.05,896
band3,win1920_nfauto,dedode_L-C4_G-C4,lgm,12.671,25.34,2,,,,,,,,,,165.9,11.06,960
band3,win2048_nfauto,dedode_L-C4_G-C4,lgm,12.756,25.51,2,,,,,,,,,,169.9,11.06,1024
band3,win768_nfauto,dedode_L-upright_G-C4,snn,13.367,13.37,0,,,,,,,,,,142.5,3.0,768
band3,win768_nfauto,dedode_L-C4-v2_G-C4,snn,13.418,13.42,0,,,,,,,,,,136.7,3.0,768
band3,win768_nfauto,dedode_L-C4_G-C4,snn,13.472,13.47,0,,,,,,,,,,137.4,3.0,768
band3,win768_nfauto,dedode_L-C4-v2_G-C4,smnn0.9,13.484,13.48,1,,,,,,,,,,136.7,3.0,768
band3,win1792_nfauto,dedode_L-upright_G-C4,lgm,13.575,27.15,2,,,,,,,,,,168.5,11.6,896
band3,win1920_nfauto,dedode_L-upright_G-C4,lgm,13.626,27.25,2,,,,,,,,,,170.7,12.63,960
band3,win512_nfauto,keynet,smnn0.9,13.63,95.41,7,,,,,,,,,,265.4,1.48,512
band3,win1664_nfauto,dedode_L-C4_G-C4,snn,13.641,13.64,0,,,,,,,,,,160.9,11.74,832
band3,win768_nfauto,dedode_L-C4_G-C4,smnn0.9,13.65,13.65,0,,,,,,,,,,137.4,3.0,768
band3,win1024_nfauto,dedode_L-upright_G-C4,snn,13.66,13.66,0,,,,,,,,,,146.5,3.0,1024
band3,win1792_nfauto,dedode_L-upright_G-C4,snn,13.674,13.67,0,,,,,,,,,,168.5,11.6,896
band3,win1920_nfauto,dedode_L-upright_G-C4,snn,13.728,13.73,0,,,,,,,,,,170.7,12.63,960
band3,win1152_nfauto,dedode_L-upright_G-C4,snn,13.739,13.74,0,,,,,,,,,,151.5,3.6,1152
band3,win1792_nfauto,dedode_L-C4_G-C4,snn,13.763,13.76,0,,,,,,,,,,163.7,10.05,896
band3,win1920_nfauto,dedode_L-C4-v2_G-C4,snn,13.771,13.77,1,,,,,,,,,,166.6,12.19,960
band3,win640_nfauto,dedode_L-upright_G-C4,smnn0.9,13.784,13.78,0,,,,,,,,,,122.7,3.0,640
band3,win1024_nfauto,dedode_L-C4_G-C4,snn,13.795,13.8,0,,,,,,,,,,142.2,3.0,1024
band3,win896_nfauto,dedode_L-upright_G-C4,snn,13.802,13.8,0,,,,,,,,,,146.4,3.0,896
band3,win1920_nfauto,dedode_L-C4_G-C4,snn,13.812,13.81,0,,,,,,,,,,165.9,11.06,960
band3,win1024_nfauto,dedode_L-C4-v2_G-C4,snn,13.836,13.84,1,,,,,,,,,,141.9,3.0,1024
band3,win2048_nfauto,dedode_L-upright_G-C4,lgm,13.849,27.7,2,,,,,,,,,,172.7,12.63,1024
band3,win1792_nfauto,dedode_L-C4-v2_G-C4,snn,13.886,13.89,0,,,,,,,,,,164.7,11.13,896
band3,win896_nfauto,dedode_L-C4_G-C4,snn,13.894,13.89,0,,,,,,,,,,142.3,3.0,896
band3,win2048_nfauto,dedode_L-upright_G-C4,snn,13.912,13.91,0,,,,,,,,,,172.7,12.63,1024
band3,win2048_nfauto,dedode_L-C4-v2_G-C4,snn,13.937,13.94,1,,,,,,,,,,165.5,12.2,1024
band3,win1024_nfauto,dedode_L-C4_G-C4,smnn0.9,13.947,13.95,0,,,,,,,,,,142.2,3.0,1024
band3,win1280_nfauto,dedode_L-upright_G-C4,snn,13.961,13.96,0,,,,,,,,,,152.7,4.98,1280
band3,win1024_nfauto,dedode_L-C4-v2_G-C4,smnn0.9,13.98,13.98,0,,,,,,,,,,141.9,3.0,1024
band3,win896_nfauto,dedode_L-C4-v2_G-C4,snn,13.981,13.98,0,,,,,,,,,,154.1,3.0,896
band3,win896_nfauto,dedode_L-C4-v2_G-C4,smnn0.9,14.009,14.01,0,,,,,,,,,,154.1,3.0,896
band3,win1152_nfauto,dedode_L-C4_G-C4,snn,14.023,14.02,0,,,,,,,,,,147.8,4.03,1152
band3,win896_nfauto,dedode_L-C4_G-C4,smnn0.9,14.034,14.03,0,,,,,,,,,,142.3,3.0,896
band3,win1280_nfauto,dedode_L-C4-v2_G-C4,snn,14.059,14.06,0,,,,,,,,,,149.6,5.18,1280
band3,win2048_nfauto,dedode_L-C4_G-C4,snn,14.065,14.07,0,,,,,,,,,,169.9,11.06,1024
band3,win1536_nfauto,dedode_L-upright_G-C4,snn,14.125,14.12,0,,,,,,,,,,165.1,9.15,1536
band3,win1152_nfauto,dedode_L-C4_G-C4,smnn0.9,14.139,14.14,0,,,,,,,,,,147.8,4.03,1152
band3,win1408_nfauto,dedode_L-C4-v2_G-C4,snn,14.174,14.17,0,,,,,,,,,,152.8,7.23,1408
band3,win1408_nfauto,dedode_L-upright_G-C4,snn,14.207,14.21,0,,,,,,,,,,157.0,6.79,1408
band3,win1536_nfauto,dedode_L-C4-v2_G-C4,snn,14.225,14.23,0,,,,,,,,,,157.3,9.88,1536
band3,win1280_nfauto,dedode_L-C4_G-C4,smnn0.9,14.282,14.28,0,,,,,,,,,,152.8,5.49,1280
band3,win1280_nfauto,dedode_L-C4-v2_G-C4,smnn0.9,14.301,14.3,0,,,,,,,,,,149.6,5.18,1280
band3,win1664_nfauto,dedode_L-C4-v2_G-C4,snn,14.309,14.31,0,,,,,,,,,,165.6,13.14,1664
band3,win512_nfauto,imw-rdd-dense,internal,14.361,14.36,0,,,,,,,,,,45.8,9.41,512
band3,win1664_nfauto,dedode_L-upright_G-C4,snn,14.373,14.37,0,,,,,,,,,,166.2,12.1,1664
band3,win1920_nfauto,dedode_L-C4-v2_G-C4,smnn0.9,14.401,14.4,0,,,,,,,,,,166.6,12.19,960
band3,win1792_nfauto,dedode_L-C4_G-C4,smnn0.9,14.433,14.43,0,,,,,,,,,,163.7,10.05,896
band3,win1536_nfauto,dedode_L-C4_G-C4,snn,14.447,14.45,0,,,,,,,,,,163.2,10.57,1536
band3,win1408_nfauto,dedode_L-C4-v2_G-C4,smnn0.9,14.478,14.48,0,,,,,,,,,,152.8,7.23,1408
band3,win1792_nfauto,dedode_L-C4-v2_G-C4,smnn0.9,14.484,14.48,0,,,,,,,,,,164.7,11.13,896
band3,win1664_nfauto,dedode_L-C4_G-C4,smnn0.9,14.505,14.51,0,,,,,,,,,,160.9,11.74,832
band3,win1920_nfauto,dedode_L-C4_G-C4,smnn0.9,14.592,14.59,0,,,,,,,,,,165.9,11.06,960
band3,win640_nfauto,imw-rdd-dense,internal,14.632,14.63,0,,,,,,,,,,41.0,9.42,640
band3,win1408_nfauto,dedode_L-C4_G-C4,smnn0.9,14.645,14.65,0,,,,,,,,,,154.3,7.66,1408
band3,win2048_nfauto,dedode_L-C4_G-C4,smnn0.9,14.647,14.65,0,,,,,,,,,,169.9,11.06,1024
band3,win2048_nfauto,dedode_L-C4-v2_G-C4,smnn0.9,14.706,14.71,0,,,,,,,,,,165.5,12.2,1024
band3,win1536_nfauto,dedode_L-C4-v2_G-C4,smnn0.9,14.749,14.75,0,,,,,,,,,,157.3,9.88,1536
band3,win1664_nfauto,dedode_L-C4-v2_G-C4,smnn0.9,14.853,14.85,0,,,,,,,,,,165.6,13.14,1664
band3,win1536_nfauto,dedode_L-C4_G-C4,smnn0.9,15.004,15.0,0,,,,,,,,,,163.2,10.57,1536
band3,win1536_nfauto,imw-rdd-dense,internal,15.16,15.16,0,,,,,,,,,,41.4,9.42,1536
band3,win1280_nfauto,imw-rdd-dense,internal,15.223,15.22,0,,,,,,,,,,41.4,9.42,1280
band3,win1664_nfauto,imw-rdd-dense,internal,15.242,15.24,0,,,,,,,,,,41.4,9.42,1664
band3,win1792_nfauto,imw-rdd-dense,internal,15.247,15.25,0,,,,,,,,,,42.0,9.42,1792
band3,win1152_nfauto,imw-rdd-dense,internal,15.25,15.25,0,,,,,,,,,,41.7,9.42,1152
band3,win1408_nfauto,imw-rdd-dense,internal,15.3,15.3,0,,,,,,,,,,41.5,9.42,1408
band3,win1920_nfauto,imw-rdd-dense,internal,15.304,15.3,0,,,,,,,,,,41.6,9.42,1920
band3,win1280_nfauto,dedode_L-upright_G-C4,lgm,15.447,15.45,1,,,,,,,,,,152.7,4.98,1280
band3,win1152_nfauto,dedode_L-upright_G-C4,smnn0.9,15.5,15.5,0,,,,,,,,,,151.5,3.6,1152
band3,win1280_nfauto,dedode_L-upright_B-upright,smnn0.9,15.56,15.56,0,,,,,,,,,,127.4,4.18,1280
band3,win2048_nfauto,imw-rdd-dense,internal,15.694,15.69,0,,,,,,,,,,42.3,9.42,2048
band3,win1280_nfauto,dedode_L-upright_G-C4,smnn0.9,15.751,15.75,0,,,,,,,,,,152.7,4.98,1280
band3,win1152_nfauto,dedode_L-upright_B-upright,smnn0.9,15.815,15.82,0,,,,,,,,,,139.1,3.46,1152
band3,win1024_nfauto,dedode_L-upright_G-C4,smnn0.9,15.868,15.87,0,,,,,,,,,,146.5,3.0,1024
band3,win1408_nfauto,dedode_L-upright_G-C4,lgm,15.884,15.88,1,,,,,,,,,,157.0,6.79,1408
band3,win1408_nfauto,dedode_L-upright_B-upright,smnn0.9,15.995,16.0,0,,,,,,,,,,128.3,5.92,1408
band3,win1408_nfauto,dedode_L-upright_G-C4,smnn0.9,16.041,16.04,0,,,,,,,,,,157.0,6.79,1408
band3,win768_nfauto,dedode_L-upright_G-C4,smnn0.9,16.06,16.06,0,,,,,,,,,,142.5,3.0,768
band3,win1536_nfauto,dedode_L-upright_G-C4,smnn0.9,16.114,16.11,0,,,,,,,,,,165.1,9.15,1536
band3,win896_nfauto,dedode_L-upright_G-C4,smnn0.9,16.139,16.14,0,,,,,,,,,,146.4,3.0,896
band3,win1664_nfauto,dedode_L-upright_B-upright,smnn0.9,16.295,16.3,0,,,,,,,,,,135.1,10.76,1664
band3,win1536_nfauto,dedode_L-upright_G-C4,lgm,16.331,16.33,1,,,,,,,,,,165.1,9.15,1536
band3,win1664_nfauto,dedode_L-upright_G-C4,smnn0.9,16.351,16.35,0,,,,,,,,,,166.2,12.1,1664
band3,win1024_nfauto,imw-rdd-dense,internal,16.387,16.39,0,,,,,,,,,,43.2,9.42,1024
band3,win2048_nfauto,dedode_L-upright_B-upright,smnn0.9,16.425,16.43,0,,,,,,,,,,141.6,13.98,2048
band3,win1920_nfauto,dedode_L-upright_B-upright,smnn0.9,16.602,16.6,0,,,,,,,,,,143.0,13.97,1920
band3,win1152_nfauto,dedode_L-C4-v2_G-C4,snn,16.762,16.76,0,,,,,,,,,,199.3,3.71,1152
band3,win896_nfauto,imw-rdd-dense,internal,16.774,16.77,0,,,,,,,,,,42.9,9.42,896
band3,win1792_nfauto,dedode_L-upright_B-upright,smnn0.9,16.81,16.81,0,,,,,,,,,,140.0,12.82,1792
band3,win1792_nfauto,dedode_L-upright_G-C4,smnn0.9,16.97,16.97,0,,,,,,,,,,168.5,11.6,896
band3,win1920_nfauto,dedode_L-upright_G-C4,smnn0.9,17.015,17.02,0,,,,,,,,,,170.7,12.63,960
band3,win2048_nfauto,dedode_L-upright_G-C4,smnn0.9,17.194,17.19,0,,,,,,,,,,172.7,12.63,1024
band3,win1664_nfauto,dedode_L-upright_G-C4,lgm,17.269,17.27,1,,,,,,,,,,166.2,12.1,1664
band3,win512_nfauto,dedode_L-upright_G-C4,smnn0.9,17.338,17.34,0,,,,,,,,,,159.9,3.0,512
band3,win1152_nfauto,dedode_L-C4-v2_G-C4,smnn0.9,17.533,17.53,0,,,,,,,,,,199.3,3.71,1152
band3,win384_nfauto,dedode_L-upright_B-upright,smnn0.9,18.795,18.8,0,,,,,,,,,,106.8,3.46,384
band3,win768_nfauto,imw-rdd-dense,internal,20.272,20.27,0,,,,,,,,,,46.7,9.42,768
band3,win1024_nfauto,dedode_L-upright_B-upright,smnn0.9,20.515,20.52,0,,,,,,,,,,124.7,3.46,1024
band3,win640_nfauto,dedode_L-upright_B-upright,smnn0.9,21.371,21.37,0,,,,,,,,,,115.8,3.46,640
band3,win896_nfauto,dedode_L-upright_B-upright,smnn0.9,22.901,22.9,0,,,,,,,,,,131.5,3.46,896
band3,win768_nfauto,dedode_L-upright_B-upright,smnn0.9,23.255,23.26,0,,,,,,,,,,125.6,3.46,768
band3,win1536_nfauto,dedode_L-upright_B-upright,smnn0.9,24.608,24.61,0,,,,,,,,,,194.0,8.1,1536
band3,win384_nfauto,imw-omniglue,internal,27.266,54.53,2,,,,,,,,,,225.3,0.03,384
band3,win512_nfauto,dedode_L-upright_B-upright,smnn0.9,39.216,39.22,0,,,,,,,,,,161.8,3.46,512
band3,win512_nfauto,imw-omniglue,internal,60.79,60.79,1,,,,,,,,,,224.7,0.03,512
band3,win2048_nfauto,imw-omniglue,internal,83.592,83.59,0,,,,,,,,,,238.6,0.03,2048
band3,win1408_nfauto,imw-omniglue,internal,84.48,84.48,0,,,,,,,,,,235.9,0.03,1408
band3,win1152_nfauto,imw-omniglue,internal,84.577,84.58,0,,,,,,,,,,236.3,0.03,1152
band3,win1536_nfauto,imw-omniglue,internal,85.376,85.38,0,,,,,,,,,,237.8,0.03,1536
band3,win640_nfauto,imw-omniglue,internal,85.872,85.87,1,,,,,,,,,,250.8,0.03,640
band3,win1920_nfauto,imw-omniglue,internal,86.716,86.72,0,,,,,,,,,,246.1,0.03,1920
band3,win1280_nfauto,imw-omniglue,internal,89.973,89.97,0,,,,,,,,,,251.4,0.03,1280
band3,win896_nfauto,imw-omniglue,internal,90.09,90.09,0,,,,,,,,,,246.8,0.03,896
band3,win1664_nfauto,imw-omniglue,internal,91.13,91.13,0,,,,,,,,,,252.4,0.03,1664
band3,win1024_nfauto,imw-omniglue,internal,93.677,93.68,0,,,,,,,,,,259.2,0.03,1024
band3,win768_nfauto,imw-omniglue,internal,102.312,102.31,0,,,,,,,,,,269.2,0.03,768
band3,win1792_nfauto,imw-omniglue,internal,134.207,134.21,0,,,,,,,,,,403.8,0.03,1792
