roi,name,kind,npix,area_m2,cx,cy,lon,lat,domain,class,backscat,inc_deg,src,band,n,mean,std,cv,enl,mean_db,sdev_db,min_db,p5_db,med_db,p95_db,max_db,nonpos
1,ROI 1,point,400,40000.0,595933.9334080729,2412122.0231375,87.92814587294245,21.810329307354117,power,vegetation,gamma0,47.10626983642578,NISAR_S2_PR_GCOV_028_170_A_013_3700_DHNA_A_20260824T232917_20260824T232954_P00500_M_F_I_001_gcov.tif,Band 1: HHHH,400,0.19134863421320916,0.11918883470883204,0.6228883482702392,2.5773867165239626,-7.181746332867962,2.6911261247496214,-16.069884132503606,-12.655108970975311,-7.982641855264409,-3.9651256022904438,-0.9530803473847833,0
1,ROI 1,point,400,40000.0,595933.9334080729,2412122.0231375,87.92814587294245,21.810329307354117,power,vegetation,gamma0,47.10626983642578,NISAR_S2_PR_GCOV_028_170_A_013_3700_DHNA_A_20260824T232917_20260824T232954_P00500_M_F_I_001_gcov.tif,Band 2: HVHV,400,0.04650634107994847,0.027036660022372754,0.5813542711496991,2.958818087662302,-13.32487827577201,2.5288030566716735,-21.336869026318563,-18.29577150167807,-13.887669448215291,-10.101181915210976,-7.6902035544037535,0
1,ROI 1,point,400,40000.0,595933.9334080729,2412122.0231375,87.92814587294245,21.810329307354117,power,vegetation,sigma0,47.10626983642578,NISAR_S2_PR_GCOV_028_170_A_013_3700_DHNA_A_20260824T232917_20260824T232954_P00500_M_F_I_001_gcov.tif,Band 1: HHHH,400,0.12865829646323287,0.08016932475422517,0.6231181894836874,2.57548569534678,-8.905622032971902,2.6906388476919334,-17.847337735935362,-14.390357032673132,-9.712461570231483,-5.708340210953107,-2.6200157265063506,0
1,ROI 1,point,400,40000.0,595933.9334080729,2412122.0231375,87.92814587294245,21.810329307354117,power,vegetation,sigma0,47.10626983642578,NISAR_S2_PR_GCOV_028_170_A_013_3700_DHNA_A_20260824T232917_20260824T232954_P00500_M_F_I_001_gcov.tif,Band 2: HVHV,400,0.03124944687462103,0.018129385162907102,0.5801505938855746,2.9711085401765955,-15.051576654055335,2.5227293431741895,-23.039430919254542,-20.009726645861505,-15.592588069023197,-11.838827511812628,-9.45342229091375,0
2,ROI 2,point,400,40000.0,598326.1455981771,2414861.10609375,87.95145133537652,21.8349411473702,power,vegetation,gamma0,46.965389251708984,NISAR_S2_PR_GCOV_028_170_A_013_3700_DHNA_A_20260824T232917_20260824T232954_P00500_M_F_I_001_gcov.tif,Band 1: HHHH,400,0.21357692421413957,0.13357893175775545,0.6254370983628579,2.556423043005599,-6.704456721857972,2.685369605398331,-15.603145789879203,-12.112664078761629,-7.358758301202608,-3.1125459348153113,-0.8080778358870483,0
2,ROI 2,point,400,40000.0,598326.1455981771,2414861.10609375,87.95145133537652,21.8349411473702,power,vegetation,gamma0,46.965389251708984,NISAR_S2_PR_GCOV_028_170_A_013_3700_DHNA_A_20260824T232917_20260824T232954_P00500_M_F_I_001_gcov.tif,Band 2: HVHV,400,0.055067675474565474,0.034975785457275664,0.6351418532897797,2.4788973095690814,-12.591032556392214,2.7994626040685064,-21.857948812490577,-18.700292233630574,-13.149336099351467,-8.873369374033317,-7.3243613074846206,0
2,ROI 2,point,400,40000.0,598326.1455981771,2414861.10609375,87.95145133537652,21.8349411473702,power,vegetation,sigma0,46.965389251708984,NISAR_S2_PR_GCOV_028_170_A_013_3700_DHNA_A_20260824T232917_20260824T232954_P00500_M_F_I_001_gcov.tif,Band 1: HHHH,400,0.14533929691219905,0.09046432676148512,0.6224354230647995,2.581139035528444,-8.376169450639836,2.6893077100874243,-17.509311783645604,-13.768128291394078,-9.03162553349988,-4.854306989162526,-2.3346319646229716,0
2,ROI 2,point,400,40000.0,598326.1455981771,2414861.10609375,87.95145133537652,21.8349411473702,power,vegetation,sigma0,46.965389251708984,NISAR_S2_PR_GCOV_028_170_A_013_3700_DHNA_A_20260824T232917_20260824T232954_P00500_M_F_I_001_gcov.tif,Band 2: HVHV,400,0.037539013648472425,0.023939614166125146,0.6377262436968512,2.4588465200017335,-14.255171428135895,2.808627821653554,-23.59678922581452,-20.31957310931777,-14.901144889083003,-10.594556127642914,-8.905692302133163,0
3,ROI 3,point,400,40000.0,599103.6145598958,2415638.57505625,87.95902054259332,21.84192083911303,power,vegetation,gamma0,46.92085266113281,NISAR_S2_PR_GCOV_028_170_A_013_3700_DHNA_A_20260824T232917_20260824T232954_P00500_M_F_I_001_gcov.tif,Band 1: HHHH,400,0.2025339662330225,0.12117134912016939,0.5982766810617705,2.793803444853602,-6.935021323971833,2.488795374929079,-15.457554163224007,-11.796931992014215,-7.558592124164232,-3.7663278082263805,0.17359563139108813,0
3,ROI 3,point,400,40000.0,599103.6145598958,2415638.57505625,87.95902054259332,21.84192083911303,power,vegetation,gamma0,46.92085266113281,NISAR_S2_PR_GCOV_028_170_A_013_3700_DHNA_A_20260824T232917_20260824T232954_P00500_M_F_I_001_gcov.tif,Band 2: HVHV,400,0.052181020837742835,0.031578202377665184,0.6051664354336374,2.7305512661047198,-12.824874288796856,2.53024427490363,-23.037105828052,-17.502699130742098,-13.595031593449145,-9.63750065048305,-6.404459875189171,0
3,ROI 3,point,400,40000.0,599103.6145598958,2415638.57505625,87.95902054259332,21.84192083911303,power,vegetation,sigma0,46.92085266113281,NISAR_S2_PR_GCOV_028_170_A_013_3700_DHNA_A_20260824T232917_20260824T232954_P00500_M_F_I_001_gcov.tif,Band 1: HHHH,400,0.13742600827490126,0.0821143242929424,0.5975166223898778,2.8009155652681152,-8.61931067994253,2.4851262410644486,-17.11125307673752,-13.475772439785738,-9.22587837205732,-5.445044032243706,-1.4917752819440637,0
3,ROI 3,point,400,40000.0,599103.6145598958,2415638.57505625,87.95902054259332,21.84192083911303,power,vegetation,sigma0,46.92085266113281,NISAR_S2_PR_GCOV_028_170_A_013_3700_DHNA_A_20260824T232917_20260824T232954_P00500_M_F_I_001_gcov.tif,Band 2: HVHV,400,0.03540219424327309,0.021360386379848214,0.6033633461549346,2.7468955943535383,-14.509698193806306,2.5264500553126084,-24.76360114157294,-19.215791778551036,-15.268725991143942,-11.370345833081593,-8.119536363917613,0
4,ROI 4,point,400,40000.000244140625,602937.1333677502,2422157.3483449705,87.99652181749464,21.90058726962072,power,vegetation,gamma0,46.66689682006836,NISAR_S2_PR_GCOV_028_170_A_013_3700_DHNA_A_20260824T232917_20260824T232954_P00500_M_F_I_001_gcov.tif,Band 1: HHHH,400,0.200380640598014,0.12215034352111467,0.609591541161713,2.6910522859955983,-6.9814423932968515,2.5841852967261185,-16.350319339562734,-12.228813422139924,-7.640619957701955,-3.7349590983294343,-0.5099959889464847,0
4,ROI 4,point,400,40000.000244140625,602937.1333677502,2422157.3483449705,87.99652181749464,21.90058726962072,power,vegetation,gamma0,46.66689682006836,NISAR_S2_PR_GCOV_028_170_A_013_3700_DHNA_A_20260824T232917_20260824T232954_P00500_M_F_I_001_gcov.tif,Band 2: HVHV,400,0.04810747604817152,0.029248160384640946,0.6079753665595312,2.7053784950088824,-13.177874276974268,2.540677765517294,-20.83643186072797,-18.186251129568966,-14.050496385539578,-9.470229019987764,-7.094328121747501,0
4,ROI 4,point,400,40000.000244140625,602937.1333677502,2422157.3483449705,87.99652181749464,21.90058726962072,power,vegetation,sigma0,46.66689682006836,NISAR_S2_PR_GCOV_028_170_A_013_3700_DHNA_A_20260824T232917_20260824T232954_P00500_M_F_I_001_gcov.tif,Band 1: HHHH,400,0.1337892202609465,0.0813753442955269,0.60823543284586,2.7030654849993154,-8.735788773737688,2.57266324827179,-17.92689831013607,-14.037480743618593,-9.447405781343965,-5.56803685803044,-2.2465542304785733,0
4,ROI 4,point,400,40000.000244140625,602937.1333677502,2422157.3483449705,87.99652181749464,21.90058726962072,power,vegetation,sigma0,46.66689682006836,NISAR_S2_PR_GCOV_028_170_A_013_3700_DHNA_A_20260824T232917_20260824T232954_P00500_M_F_I_001_gcov.tif,Band 2: HVHV,400,0.03214468243746518,0.019510680335796705,0.6069644761230141,2.714397535741707,-14.92890860346969,2.537043479880107,-22.671673743205464,-19.993365828056774,-15.800070916351618,-11.344548049832765,-8.877888664973531,0
6,ROI 6,point,400,40000.0,606226.4263541667,2440009.2367375,88.0295235247349,22.061649742269775,power,vegetation,gamma0,46.291778564453125,NISAR_S2_PR_GCOV_028_170_A_013_3700_DHNA_A_20260824T232917_20260824T232954_P00500_M_F_I_001_gcov.tif,Band 1: HHHH,400,0.20418231473304332,0.1279166225522952,0.6264823803155471,2.5478994078837194,-6.899818770702112,2.627034375560304,-14.705764743653662,-12.093705892909867,-7.608705811121671,-3.271168179456454,-1.237538107921727,0
6,ROI 6,point,400,40000.0,606226.4263541667,2440009.2367375,88.0295235247349,22.061649742269775,power,vegetation,gamma0,46.291778564453125,NISAR_S2_PR_GCOV_028_170_A_013_3700_DHNA_A_20260824T232917_20260824T232954_P00500_M_F_I_001_gcov.tif,Band 2: HVHV,400,0.05883355438825674,0.03747832332175321,0.6370229320911798,2.4642789459065764,-12.303749132209811,2.60086554017341,-23.69968920794078,-17.14590757965572,-13.235363820145313,-8.713899832775216,-6.379399861226666,0
6,ROI 6,point,400,40000.0,606226.4263541667,2440009.2367375,88.0295235247349,22.061649742269775,power,vegetation,sigma0,46.291778564453125,NISAR_S2_PR_GCOV_028_170_A_013_3700_DHNA_A_20260824T232917_20260824T232954_P00500_M_F_I_001_gcov.tif,Band 1: HHHH,400,0.1392777152289863,0.08738380903255386,0.6274069680773141,2.540395440180625,-8.561183661841081,2.62927436246871,-16.40964970815183,-13.728388313139897,-9.301804302164847,-4.945159097047396,-2.901294618505579,0
6,ROI 6,point,400,40000.0,606226.4263541667,2440009.2367375,88.0295235247349,22.061649742269775,power,vegetation,sigma0,46.291778564453125,NISAR_S2_PR_GCOV_028_170_A_013_3700_DHNA_A_20260824T232917_20260824T232954_P00500_M_F_I_001_gcov.tif,Band 2: HVHV,400,0.040130815252966634,0.025635318500190542,0.6387938629852647,2.450634423916323,-13.96522017533333,2.6008067690273475,-25.266776358810475,-18.77888001899487,-14.900293359487208,-10.389135215776093,-8.006285958647812,0
7,ROI 7,point,400,40000.0,615651.7423816406,2434399.499155729,88.12045994674071,22.01037799676964,power,vegetation,gamma0,45.9318733215332,NISAR_S2_PR_GCOV_028_170_A_013_3700_DHNA_A_20260824T232917_20260824T232954_P00500_M_F_I_001_gcov.tif,Band 1: HHHH,400,0.2521959193097427,0.16611741294771457,0.6586839842705464,2.3048665884097144,-5.982619448668184,2.8170088558312267,-15.22620349693133,-11.369254188850382,-6.868128494007601,-2.4636827282650087,0.2136906333119996,0
7,ROI 7,point,400,40000.0,615651.7423816406,2434399.499155729,88.12045994674071,22.01037799676964,power,vegetation,gamma0,45.9318733215332,NISAR_S2_PR_GCOV_028_170_A_013_3700_DHNA_A_20260824T232917_20260824T232954_P00500_M_F_I_001_gcov.tif,Band 2: HVHV,400,0.05447067640372552,0.03433533602859631,0.630345321473701,2.516766545810818,-12.63837231729225,2.692451322742438,-22.287192759500982,-17.919433685146025,-13.44082610852698,-9.222490023639207,-6.933353204555784,0
7,ROI 7,point,400,40000.0,615651.7423816406,2434399.499155729,88.12045994674071,22.01037799676964,power,vegetation,sigma0,45.9318733215332,NISAR_S2_PR_GCOV_028_170_A_013_3700_DHNA_A_20260824T232917_20260824T232954_P00500_M_F_I_001_gcov.tif,Band 1: HHHH,400,0.17380249759905136,0.11447540932019963,0.6586522685323277,2.3050885638247416,-7.599439868879721,2.821588159251822,-16.829805079217085,-12.902259930724453,-8.498759058517349,-4.103208661416957,-1.577733379431663,0
7,ROI 7,point,400,40000.0,615651.7423816406,2434399.499155729,88.12045994674071,22.01037799676964,power,vegetation,sigma0,45.9318733215332,NISAR_S2_PR_GCOV_028_170_A_013_3700_DHNA_A_20260824T232917_20260824T232954_P00500_M_F_I_001_gcov.tif,Band 2: HVHV,400,0.03750378053749346,0.02363458542960137,0.630192079061824,2.517990687720375,-14.259249513705276,2.689306771306083,-24.03787265423967,-19.514212069898893,-15.04558428699157,-10.847722096160801,-8.571506255553418,0
8,ROI 8,point,400,40000.0,616656.4715006511,2419747.199490625,88.12914711530193,21.877958947932175,power,vegetation,gamma0,46.073787689208984,NISAR_S2_PR_GCOV_028_170_A_013_3700_DHNA_A_20260824T232917_20260824T232954_P00500_M_F_I_001_gcov.tif,Band 1: HHHH,400,0.2436810501758009,0.17144797844966955,0.7035753429574453,2.020127486812027,-6.1317824235433696,2.9657378871562625,-15.91422224887178,-12.521570112533285,-7.129094023204523,-2.197644444730193,-0.29032186681709093,0
8,ROI 8,point,400,40000.0,616656.4715006511,2419747.199490625,88.12914711530193,21.877958947932175,power,vegetation,gamma0,46.073787689208984,NISAR_S2_PR_GCOV_028_170_A_013_3700_DHNA_A_20260824T232917_20260824T232954_P00500_M_F_I_001_gcov.tif,Band 2: HVHV,400,0.05337436952628195,0.03618008135654959,0.677854964426966,2.176338464834752,-12.726672419505057,2.8434661241870804,-22.14983318151489,-18.21498951748987,-13.657388936841581,-9.048465751243128,-6.530009054806475,0
8,ROI 8,point,400,40000.0,616656.4715006511,2419747.199490625,88.12914711530193,21.877958947932175,power,vegetation,sigma0,46.073787689208984,NISAR_S2_PR_GCOV_028_170_A_013_3700_DHNA_A_20260824T232917_20260824T232954_P00500_M_F_I_001_gcov.tif,Band 1: HHHH,400,0.16682319032500126,0.11717645870907248,0.7023990997941706,2.0268989952472,-7.777435776183799,2.965346860650875,-17.656989072879494,-14.21336279896185,-8.750499554294372,-3.8475423331935725,-1.9737277879082396,0
8,ROI 8,point,400,40000.0,616656.4715006511,2419747.199490625,88.12914711530193,21.877958947932175,power,vegetation,sigma0,46.073787689208984,NISAR_S2_PR_GCOV_028_170_A_013_3700_DHNA_A_20260824T232917_20260824T232954_P00500_M_F_I_001_gcov.tif,Band 2: HVHV,400,0.0365611698341616,0.024805544263974605,0.6784669193160524,2.1724142636789767,-14.36979916756777,2.845394618481977,-23.84594641938678,-19.894648453708868,-15.306772709123244,-10.729971178969855,-8.122902213077435,0
9,ROI 9,point,400,40000.0,620531.8552477865,2425105.754796875,88.1670461594154,21.926100296474413,power,vegetation,gamma0,45.82660675048828,NISAR_S2_PR_GCOV_028_170_A_013_3700_DHNA_A_20260824T232917_20260824T232954_P00500_M_F_I_001_gcov.tif,Band 1: HHHH,400,0.23651733366772532,0.15981328260355476,0.6756937435632971,2.190282860031492,-6.2613702557992035,2.831506431177787,-15.577019807020411,-11.96106822047465,-7.041597625000891,-2.6265682215674517,-0.1842099573246182,0
9,ROI 9,point,400,40000.0,620531.8552477865,2425105.754796875,88.1670461594154,21.926100296474413,power,vegetation,gamma0,45.82660675048828,NISAR_S2_PR_GCOV_028_170_A_013_3700_DHNA_A_20260824T232917_20260824T232954_P00500_M_F_I_001_gcov.tif,Band 2: HVHV,400,0.06315338819986209,0.04080543298236016,0.6461321260107667,2.395285746546462,-11.99603344443086,2.7811555469314433,-20.95376330952083,-17.577238983768442,-12.751892085957913,-8.411616047209098,-6.522331748228323,0
9,ROI 9,point,400,40000.0,620531.8552477865,2425105.754796875,88.1670461594154,21.926100296474413,power,vegetation,sigma0,45.82660675048828,NISAR_S2_PR_GCOV_028_170_A_013_3700_DHNA_A_20260824T232917_20260824T232954_P00500_M_F_I_001_gcov.tif,Band 1: HHHH,400,0.1631399019807988,0.10954488739971456,0.6714781979739558,2.217870413721981,-7.874398029655425,2.816595466209869,-17.13513015616934,-13.549364784715468,-8.720819844786833,-4.292868623783492,-1.9094018666061252,0
9,ROI 9,point,400,40000.0,620531.8552477865,2425105.754796875,88.1670461594154,21.926100296474413,power,vegetation,sigma0,45.82660675048828,NISAR_S2_PR_GCOV_028_170_A_013_3700_DHNA_A_20260824T232917_20260824T232954_P00500_M_F_I_001_gcov.tif,Band 2: HVHV,400,0.04365429980568978,0.028213299532491666,0.6462891320688283,2.39412209184896,-13.599729732661823,2.785558947930797,-22.817276948534225,-19.296283798021555,-14.325042423123133,-9.921945086284369,-7.750890554044946,0
10,ROI 10,point,400,39999.999755859375,622206.4050473861,2387524.1061561448,88.18047848698225,21.5865130452992,power,vegetation,gamma0,46.23101043701172,NISAR_S2_PR_GCOV_028_170_A_013_3700_DHNA_A_20260824T232917_20260824T232954_P00500_M_F_I_001_gcov.tif,Band 1: HHHH,400,0.17803301861975343,0.10964091954184597,0.6158459840307449,2.6366699681904042,-7.49499444463455,2.6483741915088035,-17.491790881491465,-12.36574825115743,-8.20193328973242,-4.305791291490396,-1.358187051833114,0
10,ROI 10,point,400,39999.999755859375,622206.4050473861,2387524.1061561448,88.18047848698225,21.5865130452992,power,vegetation,gamma0,46.23101043701172,NISAR_S2_PR_GCOV_028_170_A_013_3700_DHNA_A_20260824T232917_20260824T232954_P00500_M_F_I_001_gcov.tif,Band 2: HVHV,400,0.04167761497665197,0.026004456519683996,0.6239430095568529,2.568680880957653,-13.80097141726667,2.573247623453244,-21.789653741949557,-18.99333601516795,-14.492365149438228,-10.400515979470569,-7.064136774508998,0
10,ROI 10,point,400,39999.999755859375,622206.4050473861,2387524.1061561448,88.18047848698225,21.5865130452992,power,vegetation,sigma0,46.23101043701172,NISAR_S2_PR_GCOV_028_170_A_013_3700_DHNA_A_20260824T232917_20260824T232954_P00500_M_F_I_001_gcov.tif,Band 1: HHHH,400,0.12131853131888402,0.07507226990999166,0.6188029898966159,2.611531046125295,-9.16072855894882,2.655209014111931,-19.21534561616282,-14.003763641724001,-9.84580013171995,-5.9174366592848395,-3.007892753068408,0
10,ROI 10,point,400,39999.999755859375,622206.4050473861,2387524.1061561448,88.18047848698225,21.5865130452992,power,vegetation,sigma0,46.23101043701172,NISAR_S2_PR_GCOV_028_170_A_013_3700_DHNA_A_20260824T232917_20260824T232954_P00500_M_F_I_001_gcov.tif,Band 2: HVHV,400,0.028360239677771137,0.017654801096259623,0.6225194602321193,2.5804421995712015,-15.472901031683225,2.5720523288562775,-23.45917183642113,-20.619732680444564,-16.18379963266053,-12.099474610272274,-8.820549350783256,0
11,ROI 11,point,400,40000.0,623952.718679427,2406087.667890104,88.19872991630396,21.754076209715112,power,vegetation,gamma0,45.91361618041992,NISAR_S2_PR_GCOV_028_170_A_013_3700_DHNA_A_20260824T232917_20260824T232954_P00500_M_F_I_001_gcov.tif,Band 1: HHHH,400,0.20401762942783536,0.14381411115537462,0.7049102156450858,2.012483790664417,-6.903323030034133,2.975939468530222,-20.084237413399304,-13.056875753119323,-7.906890838679094,-3.086959366820319,0.02889234086382222,0
11,ROI 11,point,400,40000.0,623952.718679427,2406087.667890104,88.19872991630396,21.754076209715112,power,vegetation,gamma0,45.91361618041992,NISAR_S2_PR_GCOV_028_170_A_013_3700_DHNA_A_20260824T232917_20260824T232954_P00500_M_F_I_001_gcov.tif,Band 2: HVHV,400,0.05284963561105542,0.03437716081640135,0.6504711038955606,2.363436743024805,-12.769580027303196,2.743104671847893,-21.81941562824528,-18.277110036873342,-13.582441449429417,-9.097052045528887,-6.060500783640531,0
11,ROI 11,point,400,40000.0,623952.718679427,2406087.667890104,88.19872991630396,21.754076209715112,power,vegetation,sigma0,45.91361618041992,NISAR_S2_PR_GCOV_028_170_A_013_3700_DHNA_A_20260824T232917_20260824T232954_P00500_M_F_I_001_gcov.tif,Band 1: HHHH,400,0.14090456825866632,0.0987587476919344,0.7008910279660877,2.0356307313787565,-8.510749264267028,2.970245364565044,-21.710843240554226,-14.684029106006415,-9.509014254832502,-4.713902275998213,-1.5984879445439815,0
11,ROI 11,point,400,40000.0,623952.718679427,2406087.667890104,88.19872991630396,21.754076209715112,power,vegetation,sigma0,45.91361618041992,NISAR_S2_PR_GCOV_028_170_A_013_3700_DHNA_A_20260824T232917_20260824T232954_P00500_M_F_I_001_gcov.tif,Band 2: HVHV,400,0.036497190578216536,0.023604896334839944,0.646759269984156,2.3906427185287713,-14.377405646760394,2.73369985055327,-23.446856912343105,-19.90470391668054,-15.137033773710504,-10.723415371930026,-7.687651766822007,0
12,ROI 12,point,400,40000.0,629694.0279345053,2388648.4410286457,88.25288137963318,21.596140528688625,power,vegetation,gamma0,45.873260498046875,NISAR_S2_PR_GCOV_028_170_A_013_3700_DHNA_A_20260824T232917_20260824T232954_P00500_M_F_I_001_gcov.tif,Band 1: HHHH,400,0.19446763534098863,0.14436454167266818,0.7423576751963517,1.8145694461654345,-7.111526666384479,2.985395979404856,-18.7704093834959,-13.018706433935968,-8.132231522741149,-3.3975272663211737,0.11507303660275393,0
12,ROI 12,point,400,40000.0,629694.0279345053,2388648.4410286457,88.25288137963318,21.596140528688625,power,vegetation,gamma0,45.873260498046875,NISAR_S2_PR_GCOV_028_170_A_013_3700_DHNA_A_20260824T232917_20260824T232954_P00500_M_F_I_001_gcov.tif,Band 2: HVHV,400,0.04735873633646406,0.031197895813313493,0.6587569311745453,2.3043561616809134,-13.245998943219263,2.7201414305330855,-22.297228343189985,-18.54822298593873,-14.146338761916954,-9.930724459005138,-6.501046054619155,0
12,ROI 12,point,400,40000.0,629694.0279345053,2388648.4410286457,88.25288137963318,21.596140528688625,power,vegetation,sigma0,45.873260498046875,NISAR_S2_PR_GCOV_028_170_A_013_3700_DHNA_A_20260824T232917_20260824T232954_P00500_M_F_I_001_gcov.tif,Band 1: HHHH,400,0.13405648701694106,0.10006908509498522,0.7464695466944411,1.7946336658531004,-8.727121655863893,3.007528676100772,-20.097771506485987,-14.745174835859851,-9.85517632196849,-4.808007669560159,-1.569752766863819,0
12,ROI 12,point,400,40000.0,629694.0279345053,2388648.4410286457,88.25288137963318,21.596140528688625,power,vegetation,sigma0,45.873260498046875,NISAR_S2_PR_GCOV_028_170_A_013_3700_DHNA_A_20260824T232917_20260824T232954_P00500_M_F_I_001_gcov.tif,Band 2: HVHV,400,0.03265797296330181,0.0218694853869984,0.6696522595438923,2.2299818220170797,-14.860107748403964,2.7467910797345665,-24.211652923131275,-20.230499198556377,-15.74559814339544,-11.527431475515524,-8.148866620251331,0
13,ROI 13,point,400,40000.0,632439.0914221354,2385317.285553125,88.27913026497458,21.565849284462757,power,vegetation,gamma0,45.78969192504883,NISAR_S2_PR_GCOV_028_170_A_013_3700_DHNA_A_20260824T232917_20260824T232954_P00500_M_F_I_001_gcov.tif,Band 1: HHHH,400,0.1916519021661952,0.12660899602923778,0.6606195638979152,2.291380105595914,-7.17486865967768,2.916772474870298,-17.368169178829813,-13.386932747722327,-7.932188681594719,-3.5247552280909944,-0.5871205524089882,0
13,ROI 13,point,400,40000.0,632439.0914221354,2385317.285553125,88.27913026497458,21.565849284462757,power,vegetation,gamma0,45.78969192504883,NISAR_S2_PR_GCOV_028_170_A_013_3700_DHNA_A_20260824T232917_20260824T232954_P00500_M_F_I_001_gcov.tif,Band 2: HVHV,400,0.04632684630225412,0.029204351648143594,0.63039800848094,2.516345873936172,-13.341672633657296,2.640251372587242,-23.392225825957325,-18.207764317265266,-14.277521399234681,-9.976642980009379,-7.007223845651135,0
13,ROI 13,point,400,40000.0,632439.0914221354,2385317.285553125,88.27913026497458,21.565849284462757,power,vegetation,sigma0,45.78969192504883,NISAR_S2_PR_GCOV_028_170_A_013_3700_DHNA_A_20260824T232917_20260824T232954_P00500_M_F_I_001_gcov.tif,Band 1: HHHH,400,0.1317240251683472,0.08718264488586938,0.6618583418966084,2.282810734451333,-8.803350067659858,2.9084919462036547,-19.03854547761558,-15.02629166616384,-9.545325927348188,-5.243441104814113,-2.0028630181237053,0
13,ROI 13,point,400,40000.0,632439.0914221354,2385317.285553125,88.27913026497458,21.565849284462757,power,vegetation,sigma0,45.78969192504883,NISAR_S2_PR_GCOV_028_170_A_013_3700_DHNA_A_20260824T232917_20260824T232954_P00500_M_F_I_001_gcov.tif,Band 2: HVHV,400,0.031830504801128236,0.019945630534862088,0.6266199879480112,2.5467804780236167,-14.971564738324673,2.6317936566032447,-24.972320093838242,-19.84277721348196,-15.926104826527164,-11.647805017380593,-8.804724366710683,0
14,ROI 14,point,400,40000.0,633605.2948651041,2387302.821669792,88.2905504200776,21.583697257052606,power,vegetation,gamma0,45.70998001098633,NISAR_S2_PR_GCOV_028_170_A_013_3700_DHNA_A_20260824T232917_20260824T232954_P00500_M_F_I_001_gcov.tif,Band 1: HHHH,400,0.18601325468625873,0.11144763470238377,0.5991381360987319,2.785775226738852,-7.304561082981892,2.6009332854485745,-16.125767318160936,-12.53470820235922,-7.9026339211752905,-3.9478177193372135,0.117036884551715,0
14,ROI 14,point,400,40000.0,633605.2948651041,2387302.821669792,88.2905504200776,21.583697257052606,power,vegetation,gamma0,45.70998001098633,NISAR_S2_PR_GCOV_028_170_A_013_3700_DHNA_A_20260824T232917_20260824T232954_P00500_M_F_I_001_gcov.tif,Band 2: HVHV,400,0.04649004137841985,0.02731335939457046,0.587509896415128,2.897140964207947,-13.326400672733246,2.5206982422906608,-22.486582142257376,-18.271684071223575,-13.888919252619532,-9.936714618068935,-7.7220191470073205,0
14,ROI 14,point,400,40000.0,633605.2948651041,2387302.821669792,88.2905504200776,21.583697257052606,power,vegetation,sigma0,45.70998001098633,NISAR_S2_PR_GCOV_028_170_A_013_3700_DHNA_A_20260824T232917_20260824T232954_P00500_M_F_I_001_gcov.tif,Band 1: HHHH,400,0.1280556669509033,0.07628755268113875,0.5957374202766637,2.8176707205171945,-8.926011975856442,2.601875535863316,-17.730007429824035,-14.165870416342463,-9.518974867597255,-5.618726211183986,-1.6757930980429179,0
14,ROI 14,point,400,40000.0,633605.2948651041,2387302.821669792,88.2905504200776,21.583697257052606,power,vegetation,sigma0,45.70998001098633,NISAR_S2_PR_GCOV_028_170_A_013_3700_DHNA_A_20260824T232917_20260824T232954_P00500_M_F_I_001_gcov.tif,Band 2: HVHV,400,0.03197746789005566,0.01874052298629768,0.5860540006085223,2.911553201127099,-14.951559284857797,2.5124877639583407,-24.18933635939485,-19.894010789954887,-15.549692063725612,-11.532047773638066,-9.279120168702665,0
15,ROI 15,point,400,40000.0,636236.7282729166,2391172.2248864584,88.31627960676315,21.618449143508087,power,vegetation,gamma0,45.53799819946289,NISAR_S2_PR_GCOV_028_170_A_013_3700_DHNA_A_20260824T232917_20260824T232954_P00500_M_F_I_001_gcov.tif,Band 1: HHHH,400,0.1900176860531792,0.1258761831695114,0.6624445638932953,2.2787722327771083,-7.21205974848036,2.702599659011512,-16.458823122725764,-12.430079437418833,-7.972154887563224,-3.8325076745364566,0.5209499084883766,0
15,ROI 15,point,400,40000.0,636236.7282729166,2391172.2248864584,88.31627960676315,21.618449143508087,power,vegetation,gamma0,45.53799819946289,NISAR_S2_PR_GCOV_028_170_A_013_3700_DHNA_A_20260824T232917_20260824T232954_P00500_M_F_I_001_gcov.tif,Band 2: HVHV,400,0.052476302640279755,0.03310633697063403,0.6308816609579935,2.512489143008158,-12.80036771945873,2.604586893202612,-23.836208886125906,-18.07332159482387,-13.291715277066453,-9.947637055892335,-6.223989991534539,0
15,ROI 15,point,400,40000.0,636236.7282729166,2391172.2248864584,88.31627960676315,21.618449143508087,power,vegetation,sigma0,45.53799819946289,NISAR_S2_PR_GCOV_028_170_A_013_3700_DHNA_A_20260824T232917_20260824T232954_P00500_M_F_I_001_gcov.tif,Band 1: HHHH,400,0.1321135822174668,0.08999060442018678,0.681160883761799,2.1552646183956266,-8.790525315234426,2.7385669127833707,-18.148069478806534,-14.073958522939748,-9.633867155226469,-5.273150854991737,-0.764462688402876,0
15,ROI 15,point,400,40000.0,636236.7282729166,2391172.2248864584,88.31627960676315,21.618449143508087,power,vegetation,sigma0,45.53799819946289,NISAR_S2_PR_GCOV_028_170_A_013_3700_DHNA_A_20260824T232917_20260824T232954_P00500_M_F_I_001_gcov.tif,Band 2: HVHV,400,0.036250490419080045,0.022848782758128103,0.6303027212592385,2.517106758264758,-14.406861136485855,2.598683686163981,-25.499748214005713,-19.66890023865738,-14.913217872115583,-11.582651993969563,-7.905934933171635,0
16,ROI 16,point,400,40000.0,637384.9901239583,2391746.355811979,88.32741887542848,21.623546835564863,power,vegetation,gamma0,45.47710418701172,NISAR_S2_PR_GCOV_028_170_A_013_3700_DHNA_A_20260824T232917_20260824T232954_P00500_M_F_I_001_gcov.tif,Band 1: HHHH,400,0.18627803873736412,0.11972099453248972,0.642700531656799,2.420932505414019,-7.298383432646675,2.8001919827988813,-16.738274198039264,-12.836284776077871,-8.134565038662226,-3.796542244748136,-0.8254647308355243,0
16,ROI 16,point,400,40000.0,637384.9901239583,2391746.355811979,88.32741887542848,21.623546835564863,power,vegetation,gamma0,45.47710418701172,NISAR_S2_PR_GCOV_028_170_A_013_3700_DHNA_A_20260824T232917_20260824T232954_P00500_M_F_I_001_gcov.tif,Band 2: HVHV,400,0.053016774120042104,0.03231595014777788,0.609541992777742,2.6914898037150867,-12.755867010557072,2.638357811204227,-23.201556431804665,-17.65090754841403,-13.54392598882286,-9.295266273654843,-7.23880816545281,0
16,ROI 16,point,400,40000.0,637384.9901239583,2391746.355811979,88.32741887542848,21.623546835564863,power,vegetation,sigma0,45.47710418701172,NISAR_S2_PR_GCOV_028_170_A_013_3700_DHNA_A_20260824T232917_20260824T232954_P00500_M_F_I_001_gcov.tif,Band 1: HHHH,400,0.12840822210802127,0.08194046258462342,0.6381247340664243,2.4557765223365844,-8.914071670629651,2.7880408315879164,-18.176996979345066,-14.355492736680697,-9.66581050598385,-5.482417773872907,-2.3036411706099575,0
16,ROI 16,point,400,40000.0,637384.9901239583,2391746.355811979,88.32741887542848,21.623546835564863,power,vegetation,sigma0,45.47710418701172,NISAR_S2_PR_GCOV_028_170_A_013_3700_DHNA_A_20260824T232917_20260824T232954_P00500_M_F_I_001_gcov.tif,Band 2: HVHV,400,0.03665621733186178,0.02245751114128918,0.6126521713349018,2.664232034302853,-14.358523532488368,2.6415524894188236,-24.608933460996205,-19.307091980314944,-15.032664056302158,-10.782967670096442,-8.822082873729158,0
17,ROI 17,point,400,40000.0,638437.5634873698,2392751.084930729,88.33767031273634,21.63254055643692,power,vegetation,gamma0,45.415061950683594,NISAR_S2_PR_GCOV_028_170_A_013_3700_DHNA_A_20260824T232917_20260824T232954_P00500_M_F_I_001_gcov.tif,Band 1: HHHH,400,0.21415032538585366,0.1411695370470404,0.6592076700919446,2.301205992314435,-6.6928126138801245,2.902216237203297,-16.561045420181127,-12.857895473160838,-7.385484237870137,-2.992618400007113,-0.8273722378996927,0
17,ROI 17,point,400,40000.0,638437.5634873698,2392751.084930729,88.33767031273634,21.63254055643692,power,vegetation,gamma0,45.415061950683594,NISAR_S2_PR_GCOV_028_170_A_013_3700_DHNA_A_20260824T232917_20260824T232954_P00500_M_F_I_001_gcov.tif,Band 2: HVHV,400,0.05015151343424804,0.03130299204647298,0.6241684428429718,2.566825735581882,-12.997159566370794,2.660846188477228,-23.814514862782023,-18.15084687819995,-13.716645155810987,-9.70418227579652,-6.232147987148133,0
17,ROI 17,point,400,40000.0,638437.5634873698,2392751.084930729,88.33767031273634,21.63254055643692,power,vegetation,sigma0,45.415061950683594,NISAR_S2_PR_GCOV_028_170_A_013_3700_DHNA_A_20260824T232917_20260824T232954_P00500_M_F_I_001_gcov.tif,Band 1: HHHH,400,0.14985856014694712,0.10076665049092716,0.6724117086946397,2.211716539222256,-8.243184444540505,2.915881494244906,-17.770795388163485,-14.323451549626094,-8.92725446078181,-4.555333292595794,-1.9754847252402454,0
17,ROI 17,point,400,40000.0,638437.5634873698,2392751.084930729,88.33767031273634,21.63254055643692,power,vegetation,sigma0,45.415061950683594,NISAR_S2_PR_GCOV_028_170_A_013_3700_DHNA_A_20260824T232917_20260824T232954_P00500_M_F_I_001_gcov.tif,Band 2: HVHV,400,0.03495387907144742,0.021658007468058446,0.6196167075988457,2.6046763127219172,-14.565046206095166,2.6637741579859453,-25.4134492318093,-19.814946145890772,-15.24718143909144,-11.310520546009592,-7.999804835213559,0
18,ROI 18,point,400,40000.0,631631.7198082032,2409173.6216125,88.27322487127097,21.781395757469603,power,vegetation,gamma0,45.51847457885742,NISAR_S2_PR_GCOV_028_170_A_013_3700_DHNA_A_20260824T232917_20260824T232954_P00500_M_F_I_001_gcov.tif,Band 1: HHHH,400,0.22494802204426378,0.15379972046350449,0.6837122596847764,2.1392092377700376,-6.4791782120940935,2.7679673727162957,-15.655772586984487,-12.061609924465586,-7.393608875145697,-2.7964308123749886,0.7327281857889951,0
18,ROI 18,point,400,40000.0,631631.7198082032,2409173.6216125,88.27322487127097,21.781395757469603,power,vegetation,gamma0,45.51847457885742,NISAR_S2_PR_GCOV_028_170_A_013_3700_DHNA_A_20260824T232917_20260824T232954_P00500_M_F_I_001_gcov.tif,Band 2: HVHV,400,0.058555170258041474,0.037322315509476164,0.6373871913445701,2.4614631380997567,-12.324347519083968,2.659188684054374,-19.690360238386067,-17.69849793293885,-13.108570226807629,-8.891384896292777,-5.155646734132472,0
18,ROI 18,point,400,40000.0,631631.7198082032,2409173.6216125,88.27322487127097,21.781395757469603,power,vegetation,sigma0,45.51847457885742,NISAR_S2_PR_GCOV_028_170_A_013_3700_DHNA_A_20260824T232917_20260824T232954_P00500_M_F_I_001_gcov.tif,Band 1: HHHH,400,0.15523391467316963,0.10661028415518822,0.686771858969389,2.1201911502914648,-8.090133903823126,2.7585549689156346,-17.085769314561226,-13.65948424491702,-8.974772075112599,-4.27299838796933,-0.9950666845261846,0
18,ROI 18,point,400,40000.0,631631.7198082032,2409173.6216125,88.27322487127097,21.781395757469603,power,vegetation,sigma0,45.51847457885742,NISAR_S2_PR_GCOV_028_170_A_013_3700_DHNA_A_20260824T232917_20260824T232954_P00500_M_F_I_001_gcov.tif,Band 2: HVHV,400,0.04046756187616048,0.02601645554555407,0.6428965408187939,2.419456521071695,-13.928929605609097,2.6679295424053544,-21.626757041706888,-19.31524361338473,-14.76484797095818,-10.62187039518857,-6.632778419393162,0
19,ROI 19,point,400,40000.0,647504.0476858073,2397164.716422396,88.42564788404617,21.671677055169507,power,vegetation,gamma0,44.931793212890625,NISAR_S2_PR_GCOV_028_170_A_013_3700_DHNA_A_20260824T232917_20260824T232954_P00500_M_F_I_001_gcov.tif,Band 1: HHHH,400,0.18563176760217176,0.11722480810686713,0.6314910945528037,2.507642023396686,-7.313476999180951,2.835920329260594,-19.436488350974138,-13.155333663554664,-7.980549507979029,-3.968145307340482,-1.8008007903636225,0
19,ROI 19,point,400,40000.0,647504.0476858073,2397164.716422396,88.42564788404617,21.671677055169507,power,vegetation,gamma0,44.931793212890625,NISAR_S2_PR_GCOV_028_170_A_013_3700_DHNA_A_20260824T232917_20260824T232954_P00500_M_F_I_001_gcov.tif,Band 2: HVHV,400,0.055323724967893215,0.03361417981141996,0.6075906824952177,2.708805293606583,-12.570885863620983,2.5527314024030123,-21.441774512334288,-17.441950857200666,-13.2915970353776,-9.262350483456794,-6.824296403238328,0
19,ROI 19,point,400,40000.0,647504.0476858073,2397164.716422396,88.42564788404617,21.671677055169507,power,vegetation,sigma0,44.931793212890625,NISAR_S2_PR_GCOV_028_170_A_013_3700_DHNA_A_20260824T232917_20260824T232954_P00500_M_F_I_001_gcov.tif,Band 1: HHHH,400,0.12995831583274364,0.08307430744879213,0.639238104283444,2.4472294493957847,-8.861959254378997,2.860670546604556,-21.0386379561246,-14.876566266145373,-9.649001087248516,-5.541349649816089,-2.790040817592872,0
19,ROI 19,point,400,40000.0,647504.0476858073,2397164.716422396,88.42564788404617,21.671677055169507,power,vegetation,sigma0,44.931793212890625,NISAR_S2_PR_GCOV_028_170_A_013_3700_DHNA_A_20260824T232917_20260824T232954_P00500_M_F_I_001_gcov.tif,Band 2: HVHV,400,0.038651515244078366,0.023594318704258845,0.6104370955514773,2.683602361443096,-14.128334758920237,2.560931927677434,-23.12793631409828,-18.93952189463659,-14.869954881606084,-10.781750912146164,-8.357894629146944,0
20,ROI 20,point,400,40000.000244140625,648963.2958016726,2395334.6692237873,88.43958430539125,21.65502620899191,power,vegetation,gamma0,44.886924743652344,NISAR_S2_PR_GCOV_028_170_A_013_3700_DHNA_A_20260824T232917_20260824T232954_P00500_M_F_I_001_gcov.tif,Band 1: HHHH,400,0.20320390680339187,0.15045156923080122,0.7403970307341053,1.8241924889179186,-6.920679465512855,2.7751823165156546,-15.837363478888328,-12.621470442597893,-7.810669424008262,-3.3483534123784544,1.5993052208327936,0
20,ROI 20,point,400,40000.000244140625,648963.2958016726,2395334.6692237873,88.43958430539125,21.65502620899191,power,vegetation,gamma0,44.886924743652344,NISAR_S2_PR_GCOV_028_170_A_013_3700_DHNA_A_20260824T232917_20260824T232954_P00500_M_F_I_001_gcov.tif,Band 2: HVHV,400,0.05371761648799293,0.033675425278224626,0.6268972355791667,2.54452832989046,-12.698832657180876,2.633737642669505,-22.37765506779712,-17.854890289543697,-13.52808274202797,-9.505034280919807,-6.025527254023466,0
20,ROI 20,point,400,40000.000244140625,648963.2958016726,2395334.6692237873,88.43958430539125,21.65502620899191,power,vegetation,sigma0,44.886924743652344,NISAR_S2_PR_GCOV_028_170_A_013_3700_DHNA_A_20260824T232917_20260824T232954_P00500_M_F_I_001_gcov.tif,Band 1: HHHH,400,0.14365610973870346,0.11141902315588673,0.7755954366197659,1.662376954730756,-8.426758986008295,2.795860282016878,-17.249900675601133,-14.10258053959241,-9.359391209132937,-4.938969367431174,0.47922512630050007,0
20,ROI 20,point,400,40000.000244140625,648963.2958016726,2395334.6692237873,88.43958430539125,21.65502620899191,power,vegetation,sigma0,44.886924743652344,NISAR_S2_PR_GCOV_028_170_A_013_3700_DHNA_A_20260824T232917_20260824T232954_P00500_M_F_I_001_gcov.tif,Band 2: HVHV,400,0.03765610499270723,0.023432643102833023,0.6222800554484105,2.5824280869096263,-14.241646038004102,2.617454580617039,-23.669821392037832,-19.458389588023568,-15.014604237764477,-11.076122577773948,-7.492899795599915,0
21,ROI 21,point,400,40000.0,650494.3129234375,2395502.128949479,88.45439163682796,21.656409810619987,power,vegetation,gamma0,44.812286376953125,NISAR_S2_PR_GCOV_028_170_A_013_3700_DHNA_A_20260824T232917_20260824T232954_P00500_M_F_I_001_gcov.tif,Band 1: HHHH,400,0.16469309883657843,0.10185155877651834,0.6184324631451834,2.614661321614803,-7.8332459876580485,2.617169335749066,-16.7158391716837,-13.039770035683988,-8.58737317030313,-4.345245775075268,-0.882969065756858,0
21,ROI 21,point,400,40000.0,650494.3129234375,2395502.128949479,88.45439163682796,21.656409810619987,power,vegetation,gamma0,44.812286376953125,NISAR_S2_PR_GCOV_028_170_A_013_3700_DHNA_A_20260824T232917_20260824T232954_P00500_M_F_I_001_gcov.tif,Band 2: HVHV,400,0.048751319353468714,0.031402265746997386,0.6441316084046262,2.4101872118708667,-13.120136265259017,2.702704922860677,-20.876250794957603,-18.675979267863802,-13.690398025058496,-9.474280989928271,-6.931223624462164,0
21,ROI 21,point,400,40000.0,650494.3129234375,2395502.128949479,88.45439163682796,21.656409810619987,power,vegetation,sigma0,44.812286376953125,NISAR_S2_PR_GCOV_028_170_A_013_3700_DHNA_A_20260824T232917_20260824T232954_P00500_M_F_I_001_gcov.tif,Band 1: HHHH,400,0.11534556116460896,0.07124400950379314,0.6176571407210134,2.6212296190051445,-9.379991137463458,2.6086124801325106,-18.18703740453175,-14.611156099091698,-10.047630376519338,-5.901860153453331,-2.4171596074266906,0
21,ROI 21,point,400,40000.0,650494.3129234375,2395502.128949479,88.45439163682796,21.656409810619987,power,vegetation,sigma0,44.812286376953125,NISAR_S2_PR_GCOV_028_170_A_013_3700_DHNA_A_20260824T232917_20260824T232954_P00500_M_F_I_001_gcov.tif,Band 2: HVHV,400,0.03419442276735498,0.02209789547828634,0.64624268199032,2.3944662695359207,-14.660447231509666,2.706126958868496,-22.356338054014074,-20.27141948182365,-15.23764250294654,-10.960871746997636,-8.343014423832262,0
22,ROI 22,point,400,40000.0,651283.742945573,2399030.6419302085,88.46234027773916,21.688212250727496,power,vegetation,gamma0,44.72818374633789,NISAR_S2_PR_GCOV_028_170_A_013_3700_DHNA_A_20260824T232917_20260824T232954_P00500_M_F_I_001_gcov.tif,Band 1: HHHH,400,0.17844118661480024,0.11075239347841083,0.6206660893680968,2.5958761245320137,-7.485048974089773,2.649034695970174,-18.716115387410277,-12.526010279231672,-8.2887613126271,-4.154371424263292,-0.28374228135378937,0
22,ROI 22,point,400,40000.0,651283.742945573,2399030.6419302085,88.46234027773916,21.688212250727496,power,vegetation,gamma0,44.72818374633789,NISAR_S2_PR_GCOV_028_170_A_013_3700_DHNA_A_20260824T232917_20260824T232954_P00500_M_F_I_001_gcov.tif,Band 2: HVHV,400,0.054814162985421716,0.03436868212579374,0.6270036839736909,2.5436644180188033,-12.61107213199825,2.5925559970239567,-20.713674298511723,-17.846372263132935,-13.261317381846132,-9.293061207410423,-6.018504690778097,0
22,ROI 22,point,400,40000.0,651283.742945573,2399030.6419302085,88.46234027773916,21.688212250727496,power,vegetation,sigma0,44.72818374633789,NISAR_S2_PR_GCOV_028_170_A_013_3700_DHNA_A_20260824T232917_20260824T232954_P00500_M_F_I_001_gcov.tif,Band 1: HHHH,400,0.12557849045884273,0.07769015430331161,0.6186581318141732,2.6127541632219247,-9.010847417692695,2.637357429766891,-20.191850942579883,-14.062210791341094,-9.758130338211075,-5.660824457735316,-1.7747074817071098,0
22,ROI 22,point,400,40000.0,651283.742945573,2399030.6419302085,88.46234027773916,21.688212250727496,power,vegetation,sigma0,44.72818374633789,NISAR_S2_PR_GCOV_028_170_A_013_3700_DHNA_A_20260824T232917_20260824T232954_P00500_M_F_I_001_gcov.tif,Band 2: HVHV,400,0.03860212280330496,0.024174891226872875,0.6262580778278628,2.5497248614496244,-14.133888120015108,2.5896172546462766,-22.296358273266712,-19.36242607088895,-14.789061331458907,-10.862917566129402,-7.323207376125344,0
23,ROI 23,point,400,40000.0,654130.4754515626,2386148.579288542,88.48865785857117,21.57161783381975,power,vegetation,gamma0,44.763427734375,NISAR_S2_PR_GCOV_028_170_A_013_3700_DHNA_A_20260824T232917_20260824T232954_P00500_M_F_I_001_gcov.tif,Band 1: HHHH,400,0.1753102168580517,0.10723064132672117,0.6116622479199006,2.6728626793201697,-7.561927730346893,2.658973507673882,-17.060189946956296,-12.996990166806931,-8.333943641579305,-4.2064421139094925,-0.7306489029516899,0
23,ROI 23,point,400,40000.0,654130.4754515626,2386148.579288542,88.48865785857117,21.57161783381975,power,vegetation,gamma0,44.763427734375,NISAR_S2_PR_GCOV_028_170_A_013_3700_DHNA_A_20260824T232917_20260824T232954_P00500_M_F_I_001_gcov.tif,Band 2: HVHV,400,0.05387090898468159,0.0338072450634618,0.6275603233848351,2.539154012038266,-12.686456963734658,2.6293153450582145,-23.191749959797452,-17.603309090402746,-13.434972559448742,-9.188857122287576,-6.377404687842287,0
23,ROI 23,point,400,40000.0,654130.4754515626,2386148.579288542,88.48865785857117,21.57161783381975,power,vegetation,sigma0,44.763427734375,NISAR_S2_PR_GCOV_028_170_A_013_3700_DHNA_A_20260824T232917_20260824T232954_P00500_M_F_I_001_gcov.tif,Band 1: HHHH,400,0.12345572386969104,0.07587024548114883,0.6145542960910485,2.6477652740970616,-9.08488769746674,2.6653613631869946,-18.46281586360797,-14.467316897434726,-9.861224396539708,-5.6333752917213555,-2.2412867089464203,0
23,ROI 23,point,400,40000.0,654130.4754515626,2386148.579288542,88.48865785857117,21.57161783381975,power,vegetation,sigma0,44.763427734375,NISAR_S2_PR_GCOV_028_170_A_013_3700_DHNA_A_20260824T232917_20260824T232954_P00500_M_F_I_001_gcov.tif,Band 2: HVHV,400,0.037953356494911994,0.024002437626314512,0.6324193653210162,2.5002859474961667,-14.207498102096334,2.6396195283256216,-24.479923938388403,-19.18174412728189,-14.965401678915825,-10.63693310962394,-7.764531676585616,0
24,ROI 24,point,400,40000.0,655458.1532167969,2386459.566874479,88.50150674502682,21.574311577697987,power,vegetation,gamma0,44.69667053222656,NISAR_S2_PR_GCOV_028_170_A_013_3700_DHNA_A_20260824T232917_20260824T232954_P00500_M_F_I_001_gcov.tif,Band 1: HHHH,400,0.20053372277878226,0.13291829693885296,0.6628226669161331,2.2761731517185653,-6.978125837159706,2.7967446910598794,-17.93277423034481,-12.670991226730342,-7.81592402101099,-3.2874153527370136,-0.48340013835971524,0
24,ROI 24,point,400,40000.0,655458.1532167969,2386459.566874479,88.50150674502682,21.574311577697987,power,vegetation,gamma0,44.69667053222656,NISAR_S2_PR_GCOV_028_170_A_013_3700_DHNA_A_20260824T232917_20260824T232954_P00500_M_F_I_001_gcov.tif,Band 2: HVHV,400,0.052885455258656296,0.030204275120971957,0.5711263139032564,3.065742395223299,-12.766637527180686,2.522546414583976,-20.46836576878895,-17.82266149063068,-13.30206361410109,-9.456774909126942,-7.191437378272556,0
24,ROI 24,point,400,40000.0,655458.1532167969,2386459.566874479,88.50150674502682,21.574311577697987,power,vegetation,sigma0,44.69667053222656,NISAR_S2_PR_GCOV_028_170_A_013_3700_DHNA_A_20260824T232917_20260824T232954_P00500_M_F_I_001_gcov.tif,Band 1: HHHH,400,0.14130214067841945,0.09357389074083806,0.6622255706217284,2.280279629417592,-8.498512586908408,2.794073250631209,-19.296584177940396,-14.287734198190796,-9.277270148232386,-4.771435414379221,-2.5631960929387487,0
24,ROI 24,point,400,40000.0,655458.1532167969,2386459.566874479,88.50150674502682,21.574311577697987,power,vegetation,sigma0,44.69667053222656,NISAR_S2_PR_GCOV_028_170_A_013_3700_DHNA_A_20260824T232917_20260824T232954_P00500_M_F_I_001_gcov.tif,Band 2: HVHV,400,0.03736878950994721,0.021767696412977412,0.5825100758798479,2.9470880822324674,-14.274909700568356,2.533009117426053,-21.795769477047784,-19.385340816865227,-14.745526066218615,-10.81632718139735,-8.513796001851878,0
25,ROI 25,point,400,40000.0,656307.3885438802,2387033.6977984374,88.50976073704614,21.579422927178065,power,vegetation,gamma0,44.64857864379883,NISAR_S2_PR_GCOV_028_170_A_013_3700_DHNA_A_20260824T232917_20260824T232954_P00500_M_F_I_001_gcov.tif,Band 1: HHHH,400,0.16884867584798485,0.11597085277134658,0.6868330603655761,2.1198133208453034,-7.725023408572241,2.8157336230281445,-17.322477066295736,-12.985164657305763,-8.658016670560814,-3.8750382438804025,-1.5768331589721725,0
25,ROI 25,point,400,40000.0,656307.3885438802,2387033.6977984374,88.50976073704614,21.579422927178065,power,vegetation,gamma0,44.64857864379883,NISAR_S2_PR_GCOV_028_170_A_013_3700_DHNA_A_20260824T232917_20260824T232954_P00500_M_F_I_001_gcov.tif,Band 2: HVHV,400,0.04606160318362527,0.026313368241345062,0.5712647068849607,3.0642571788814004,-13.366609503994656,2.431587166481309,-22.458896437115786,-18.334445496363344,-13.900815034584715,-10.197082844708305,-7.532824785803914,0
25,ROI 25,point,400,40000.0,656307.3885438802,2387033.6977984374,88.50976073704614,21.579422927178065,power,vegetation,sigma0,44.64857864379883,NISAR_S2_PR_GCOV_028_170_A_013_3700_DHNA_A_20260824T232917_20260824T232954_P00500_M_F_I_001_gcov.tif,Band 1: HHHH,400,0.11779910818097437,0.08006389329529517,0.6796646810966793,2.164764191260353,-9.288579974398152,2.8158571117065674,-18.99715147153281,-14.649791106969701,-10.270891833697604,-5.675957228226621,-3.259298138750366,0
25,ROI 25,point,400,40000.0,656307.3885438802,2387033.6977984374,88.50976073704614,21.579422927178065,power,vegetation,sigma0,44.64857864379883,NISAR_S2_PR_GCOV_028_170_A_013_3700_DHNA_A_20260824T232917_20260824T232954_P00500_M_F_I_001_gcov.tif,Band 2: HVHV,400,0.032190241713788745,0.018588208875645457,0.5774485647208784,2.9989787436893844,-14.922757622217947,2.42897278784503,-23.67011661496054,-19.89885851108771,-15.449960870250916,-11.720917354271556,-9.001115229543174,0
26,ROI 26,point,400,40000.0,657491.5335779948,2387165.2694697916,88.5212076569866,21.58050719314096,power,vegetation,gamma0,44.59021759033203,NISAR_S2_PR_GCOV_028_170_A_013_3700_DHNA_A_20260824T232917_20260824T232954_P00500_M_F_I_001_gcov.tif,Band 1: HHHH,400,0.14069671365898104,0.09049007353825145,0.6431569806070963,2.41749744985799,-8.51716046534256,2.4974480158183896,-17.124000795939217,-13.357332096759102,-9.299024907092013,-5.1230520404290205,-0.809902232602457,0
26,ROI 26,point,400,40000.0,657491.5335779948,2387165.2694697916,88.5212076569866,21.58050719314096,power,vegetation,gamma0,44.59021759033203,NISAR_S2_PR_GCOV_028_170_A_013_3700_DHNA_A_20260824T232917_20260824T232954_P00500_M_F_I_001_gcov.tif,Band 2: HVHV,400,0.046818386511877176,0.033592908350168794,0.7175152937328744,1.9423955531788983,-13.295835573429981,2.8409123045488514,-22.490580039047558,-19.144108792066618,-14.121704551089007,-9.776312025362564,-5.642907806309552,0
26,ROI 26,point,400,40000.0,657491.5335779948,2387165.2694697916,88.5212076569866,21.58050719314096,power,vegetation,sigma0,44.59021759033203,NISAR_S2_PR_GCOV_028_170_A_013_3700_DHNA_A_20260824T232917_20260824T232954_P00500_M_F_I_001_gcov.tif,Band 1: HHHH,400,0.09910095725822929,0.0633967954340651,0.6397193043137902,2.4435491978338626,-10.039221504596403,2.486145084299899,-18.36649485246623,-14.905422191257973,-10.785374693467526,-6.549114671190949,-2.22320781866193,0
26,ROI 26,point,400,40000.0,657491.5335779948,2387165.2694697916,88.5212076569866,21.58050719314096,power,vegetation,sigma0,44.59021759033203,NISAR_S2_PR_GCOV_028_170_A_013_3700_DHNA_A_20260824T232917_20260824T232954_P00500_M_F_I_001_gcov.tif,Band 2: HVHV,400,0.03303754917809551,0.023662959922834334,0.7162444101187537,1.9492947309337583,-14.809921773900216,2.8403485074858867,-23.981264283852724,-20.619204485856205,-15.669865814902312,-11.420147928669806,-7.19550787567126,0
27,ROI 27,point,400,40000.000244140625,658388.6118093794,2388839.813140512,88.53002908835313,21.595551939330225,power,vegetation,gamma0,44.52560043334961,NISAR_S2_PR_GCOV_028_170_A_013_3700_DHNA_A_20260824T232917_20260824T232954_P00500_M_F_I_001_gcov.tif,Band 1: HHHH,400,0.159566601049155,0.0965901884139334,0.605328356804307,2.729090652324887,-7.970580058297074,2.6114056491693023,-16.884165500286404,-13.008159649828459,-8.618505879341134,-4.754966579864966,-1.4988956393820387,0
27,ROI 27,point,400,40000.000244140625,658388.6118093794,2388839.813140512,88.53002908835313,21.595551939330225,power,vegetation,gamma0,44.52560043334961,NISAR_S2_PR_GCOV_028_170_A_013_3700_DHNA_A_20260824T232917_20260824T232954_P00500_M_F_I_001_gcov.tif,Band 2: HVHV,400,0.04957516043446958,0.03212207043887633,0.6479468781817975,2.381887232301806,-13.047358716624055,2.744979324491108,-23.233472788462404,-18.548837951937372,-13.774152642194025,-9.478824530996503,-5.563324415102985,0
27,ROI 27,point,400,40000.000244140625,658388.6118093794,2388839.813140512,88.53002908835313,21.595551939330225,power,vegetation,sigma0,44.52560043334961,NISAR_S2_PR_GCOV_028_170_A_013_3700_DHNA_A_20260824T232917_20260824T232954_P00500_M_F_I_001_gcov.tif,Band 1: HHHH,400,0.11245692076364433,0.06778678888866198,0.6027800550499908,2.7522143336556106,-9.490138122872786,2.5905394679570963,-18.396827110327827,-14.596027298589432,-10.156890910985574,-6.255312738007632,-3.019942613596917,0
27,ROI 27,point,400,40000.000244140625,658388.6118093794,2388839.813140512,88.53002908835313,21.595551939330225,power,vegetation,sigma0,44.52560043334961,NISAR_S2_PR_GCOV_028_170_A_013_3700_DHNA_A_20260824T232917_20260824T232954_P00500_M_F_I_001_gcov.tif,Band 2: HVHV,400,0.035069210350281335,0.023030589067884966,0.6567182105855488,2.318685688201218,-14.550740129715455,2.7500051510212775,-24.692538595879757,-20.14878359070538,-15.347830664558062,-11.03035420649784,-6.762603369055872,0
28,ROI 28,point,400,39999.999755859375,659955.513475705,2389330.2263624812,88.54520817133701,21.599841394465393,power,vegetation,gamma0,44.443965911865234,NISAR_S2_PR_GCOV_028_170_A_013_3700_DHNA_A_20260824T232917_20260824T232954_P00500_M_F_I_001_gcov.tif,Band 1: HHHH,400,0.18023160469718277,0.11110877639162424,0.616477762478475,2.6312685156374935,-7.441690505263661,2.716332111173626,-16.572887741521534,-12.64785280260017,-8.212935666208468,-4.1195453865969025,-1.6362819695808373,0
28,ROI 28,point,400,39999.999755859375,659955.513475705,2389330.2263624812,88.54520817133701,21.599841394465393,power,vegetation,gamma0,44.443965911865234,NISAR_S2_PR_GCOV_028_170_A_013_3700_DHNA_A_20260824T232917_20260824T232954_P00500_M_F_I_001_gcov.tif,Band 2: HVHV,400,0.05188902564230375,0.030557066450935692,0.5888926622284332,2.883551512482257,-12.849244842895367,2.6099163352587653,-22.54053715324961,-17.986528253344225,-13.47132518540844,-9.520205562296278,-6.376982889862839,0
28,ROI 28,point,400,39999.999755859375,659955.513475705,2389330.2263624812,88.54520817133701,21.599841394465393,power,vegetation,sigma0,44.443965911865234,NISAR_S2_PR_GCOV_028_170_A_013_3700_DHNA_A_20260824T232917_20260824T232954_P00500_M_F_I_001_gcov.tif,Band 1: HHHH,400,0.1269824199625366,0.07765298475048572,0.6115254755216947,2.6740584258101125,-8.962564006325792,2.7074833890493575,-18.125011882512723,-14.088317714926525,-9.71988196165343,-5.654777276136359,-3.2169483903649567,0
28,ROI 28,point,400,39999.999755859375,659955.513475705,2389330.2263624812,88.54520817133701,21.599841394465393,power,vegetation,sigma0,44.443965911865234,NISAR_S2_PR_GCOV_028_170_A_013_3700_DHNA_A_20260824T232917_20260824T232954_P00500_M_F_I_001_gcov.tif,Band 2: HVHV,400,0.03661446394922671,0.021583408739793572,0.5894776657040041,2.8778310222487056,-14.363473197299712,2.6089085912991656,-24.10316233318998,-19.575448208655413,-14.906764351625197,-11.137084929183818,-7.823531446992429,0
29,ROI 29,point,400,40000.0,657086.3526378906,2389430.3953875,88.51750829157344,21.601001126064453,power,vegetation,gamma0,44.579620361328125,NISAR_S2_PR_GCOV_028_170_A_013_3700_DHNA_A_20260824T232917_20260824T232954_P00500_M_F_I_001_gcov.tif,Band 1: HHHH,400,0.1851997398212552,0.11330640528723904,0.6118065035976631,2.671602378364384,-7.323596277743466,2.737628564136407,-18.721523534685865,-12.68801249098328,-8.061000247643076,-3.8720522774655524,-2.347609262758005,0
29,ROI 29,point,400,40000.0,657086.3526378906,2389430.3953875,88.51750829157344,21.601001126064453,power,vegetation,gamma0,44.579620361328125,NISAR_S2_PR_GCOV_028_170_A_013_3700_DHNA_A_20260824T232917_20260824T232954_P00500_M_F_I_001_gcov.tif,Band 2: HVHV,400,0.047522914301371205,0.02907372552799426,0.6117833040208853,2.6718050031149088,-13.230969344789793,2.734890265768213,-23.45981922556892,-18.654744038915794,-13.840480418744217,-9.764434408477019,-7.601343046290347,0
29,ROI 29,point,400,40000.0,657086.3526378906,2389430.3953875,88.51750829157344,21.601001126064453,power,vegetation,sigma0,44.579620361328125,NISAR_S2_PR_GCOV_028_170_A_013_3700_DHNA_A_20260824T232917_20260824T232954_P00500_M_F_I_001_gcov.tif,Band 1: HHHH,400,0.13019874862844064,0.08014855296841623,0.615586200426112,2.6388958405666214,-8.853931898567263,2.729946709412256,-19.824422589157372,-14.096877798999284,-9.589928718398319,-5.347097025094629,-3.7235724242568513,0
29,ROI 29,point,400,40000.0,657086.3526378906,2389430.3953875,88.51750829157344,21.601001126064453,power,vegetation,sigma0,44.579620361328125,NISAR_S2_PR_GCOV_028_170_A_013_3700_DHNA_A_20260824T232917_20260824T232954_P00500_M_F_I_001_gcov.tif,Band 2: HVHV,400,0.03338967841227307,0.020402862229562363,0.611052972048478,2.6781955152606516,-14.763877637682656,2.7280210505025733,-24.668123349542324,-20.088459968427244,-15.420138107818806,-11.272720166631094,-9.028777657089767,0
30,ROI 30,point,400,40000.0,660721.0200334635,2389677.092268229,88.55263451395311,21.60290535218954,power,vegetation,gamma0,44.402591705322266,NISAR_S2_PR_GCOV_028_170_A_013_3700_DHNA_A_20260824T232917_20260824T232954_P00500_M_F_I_001_gcov.tif,Band 1: HHHH,400,0.14864157349802554,0.09623130032579344,0.6474050163837355,2.3858760608966563,-8.278597059480331,2.877427045999457,-17.746975231013707,-14.36881736651432,-8.978950633027234,-4.684101749849042,-2.1515092378601777,0
30,ROI 30,point,400,40000.0,660721.0200334635,2389677.092268229,88.55263451395311,21.60290535218954,power,vegetation,gamma0,44.402591705322266,NISAR_S2_PR_GCOV_028_170_A_013_3700_DHNA_A_20260824T232917_20260824T232954_P00500_M_F_I_001_gcov.tif,Band 2: HVHV,400,0.04551871953066439,0.027720645907165643,0.6089944135728863,2.6963321024336637,-13.418099634097418,2.5844902270946006,-20.961691837312184,-18.311883559875596,-14.1176885335381,-10.069421045268834,-7.522071293164916,0
30,ROI 30,point,400,40000.0,660721.0200334635,2389677.092268229,88.55263451395311,21.60290535218954,power,vegetation,sigma0,44.402591705322266,NISAR_S2_PR_GCOV_028_170_A_013_3700_DHNA_A_20260824T232917_20260824T232954_P00500_M_F_I_001_gcov.tif,Band 1: HHHH,400,0.10559089946599196,0.06863191727829482,0.6499794738503895,2.3670133973377148,-9.763735106091723,2.8820411921280344,-19.199355643130062,-15.84709309779157,-10.455395144051224,-6.241861962667087,-3.5745238580479537,0
30,ROI 30,point,400,40000.0,660721.0200334635,2389677.092268229,88.55263451395311,21.60290535218954,power,vegetation,sigma0,44.402591705322266,NISAR_S2_PR_GCOV_028_170_A_013_3700_DHNA_A_20260824T232917_20260824T232954_P00500_M_F_I_001_gcov.tif,Band 2: HVHV,400,0.032305974915818936,0.0197552211149607,0.6115036356722782,2.674249437188754,-14.907171484739338,2.58090940119382,-22.341241202271437,-19.863356870940848,-15.6003329225514,-11.48456739902674,-8.89518359384369,0
31,ROI 31,point,400,40000.0,661331.0341421874,2390418.678046875,88.55859761697583,21.609548001926665,power,vegetation,gamma0,44.36350631713867,NISAR_S2_PR_GCOV_028_170_A_013_3700_DHNA_A_20260824T232917_20260824T232954_P00500_M_F_I_001_gcov.tif,Band 1: HHHH,400,0.1477816370432265,0.09528494491604167,0.6447685031948224,2.4054280540463573,-8.303795268765759,2.709173760446137,-18.768963037185248,-13.497005765588426,-9.055596182921454,-4.625627027791182,-1.8269486481685215,0
31,ROI 31,point,400,40000.0,661331.0341421874,2390418.678046875,88.55859761697583,21.609548001926665,power,vegetation,gamma0,44.36350631713867,NISAR_S2_PR_GCOV_028_170_A_013_3700_DHNA_A_20260824T232917_20260824T232954_P00500_M_F_I_001_gcov.tif,Band 2: HVHV,400,0.044097787133650854,0.02853194870631784,0.647015430045133,2.3887501331871244,-13.555832032704163,2.6172250009072417,-22.295345139835195,-18.377909064477524,-14.401366787498127,-9.73113505147415,-7.433258595341941,0
31,ROI 31,point,400,40000.0,661331.0341421874,2390418.678046875,88.55859761697583,21.609548001926665,power,vegetation,sigma0,44.36350631713867,NISAR_S2_PR_GCOV_028_170_A_013_3700_DHNA_A_20260824T232917_20260824T232954_P00500_M_F_I_001_gcov.tif,Band 1: HHHH,400,0.1052335224118503,0.06828145633992659,0.6488565124019592,2.3752135613767953,-9.778458925073679,2.7118565285209857,-20.458666975071864,-14.813144302200927,-10.566667445153469,-6.043974193086015,-3.28498841091894,0
31,ROI 31,point,400,40000.0,661331.0341421874,2390418.678046875,88.55859761697583,21.609548001926665,power,vegetation,sigma0,44.36350631713867,NISAR_S2_PR_GCOV_028_170_A_013_3700_DHNA_A_20260824T232917_20260824T232954_P00500_M_F_I_001_gcov.tif,Band 2: HVHV,400,0.03148643074910273,0.02078937953060577,0.6602647247083796,2.29384363244935,-15.018765674938038,2.63289144654999,-23.62294727503308,-19.904209882708905,-15.878758656020555,-11.140072001253996,-8.57563352729832,0
32,ROI 32,point,400,39999.999755859375,661295.1523043242,2391375.567787986,88.55834367643837,21.618193524735872,power,vegetation,gamma0,44.352603912353516,NISAR_S2_PR_GCOV_028_170_A_013_3700_DHNA_A_20260824T232917_20260824T232954_P00500_M_F_I_001_gcov.tif,Band 1: HHHH,400,0.1778604923794046,0.12289222414158693,0.6909472840063793,2.0946437582118307,-7.499205097412453,3.017830279405939,-18.236986128238655,-13.341980425326938,-8.38076509126091,-3.5808594946381733,-1.3162542079472903,0
32,ROI 32,point,400,39999.999755859375,661295.1523043242,2391375.567787986,88.55834367643837,21.618193524735872,power,vegetation,gamma0,44.352603912353516,NISAR_S2_PR_GCOV_028_170_A_013_3700_DHNA_A_20260824T232917_20260824T232954_P00500_M_F_I_001_gcov.tif,Band 2: HVHV,400,0.05002716823364608,0.02886551165042314,0.5769967133780213,3.0036776375781264,-13.007940794733292,2.6197855011189075,-21.917228218842403,-18.39748005424726,-13.6259541438326,-9.66890034183616,-7.448290559865706,0
32,ROI 32,point,400,39999.999755859375,661295.1523043242,2391375.567787986,88.55834367643837,21.618193524735872,power,vegetation,sigma0,44.352603912353516,NISAR_S2_PR_GCOV_028_170_A_013_3700_DHNA_A_20260824T232917_20260824T232954_P00500_M_F_I_001_gcov.tif,Band 1: HHHH,400,0.12585082247598822,0.08718597994927717,0.6927724287690838,2.0836214024021658,-9.001439418508907,3.0134294412577147,-19.663262293852547,-14.815665542931901,-9.913685178205998,-5.178887268510046,-2.754981315568277,0
32,ROI 32,point,400,39999.999755859375,661295.1523043242,2391375.567787986,88.55834367643837,21.618193524735872,power,vegetation,sigma0,44.352603912353516,NISAR_S2_PR_GCOV_028_170_A_013_3700_DHNA_A_20260824T232917_20260824T232954_P00500_M_F_I_001_gcov.tif,Band 2: HVHV,400,0.035374946882223535,0.020366988493980036,0.5757461222991904,3.0167405205470916,-14.51304203588488,2.61441283472294,-23.421445226460516,-19.967419771420325,-15.083513249695793,-11.161137762912542,-9.006216737427641,0
33,ROI 33,point,400,40000.0,661797.5155196615,2393660.125563021,88.56341784170395,21.638781177564937,power,vegetation,gamma0,44.298030853271484,NISAR_S2_PR_GCOV_028_170_A_013_3700_DHNA_A_20260824T232917_20260824T232954_P00500_M_F_I_001_gcov.tif,Band 1: HHHH,400,0.15787187802139668,0.1056289732691574,0.6690803618288579,2.2337956136723536,-8.01695224696225,2.913348846093688,-17.90938414996708,-13.604068103307483,-8.873983577820198,-4.613180675313645,-1.4577446341869829,0
33,ROI 33,point,400,40000.0,661797.5155196615,2393660.125563021,88.56341784170395,21.638781177564937,power,vegetation,gamma0,44.298030853271484,NISAR_S2_PR_GCOV_028_170_A_013_3700_DHNA_A_20260824T232917_20260824T232954_P00500_M_F_I_001_gcov.tif,Band 2: HVHV,400,0.048532178635941815,0.03134257071653839,0.645810091313865,2.3976751717080096,-13.139702125311958,2.7612947668647307,-22.456897315699386,-18.492214524275578,-13.951222695166564,-9.746065515555543,-6.584124758521881,0
33,ROI 33,point,400,40000.0,661797.5155196615,2393660.125563021,88.56341784170395,21.638781177564937,power,vegetation,sigma0,44.298030853271484,NISAR_S2_PR_GCOV_028_170_A_013_3700_DHNA_A_20260824T232917_20260824T232954_P00500_M_F_I_001_gcov.tif,Band 1: HHHH,400,0.112796442791413,0.07567231748130326,0.6708750347849096,2.2218602451563605,-9.477045962783864,2.929648512972725,-19.438704600426668,-15.271921974899552,-10.366701445175812,-6.035375129765235,-3.087768228788827,0
33,ROI 33,point,400,40000.0,661797.5155196615,2393660.125563021,88.56341784170395,21.638781177564937,power,vegetation,sigma0,44.298030853271484,NISAR_S2_PR_GCOV_028_170_A_013_3700_DHNA_A_20260824T232917_20260824T232954_P00500_M_F_I_001_gcov.tif,Band 2: HVHV,400,0.03456833069190439,0.022213941872163197,0.6426096206423272,2.4216175402817433,-14.613215920745649,2.7585843142898265,-23.75077367714191,-19.95253462935667,-15.36619058667787,-11.224057086252584,-7.943404797515931,0
34,ROI 34,point,400,40000.0,662263.9968957031,2395203.102427604,88.56807458693014,21.65267419429763,power,vegetation,gamma0,44.25484848022461,NISAR_S2_PR_GCOV_028_170_A_013_3700_DHNA_A_20260824T232917_20260824T232954_P00500_M_F_I_001_gcov.tif,Band 1: HHHH,400,0.13365934089990333,0.0825265772813913,0.6174396546156468,2.6230765409484604,-8.74000684797248,2.7063470455652925,-18.695503780092572,-14.0025434077325,-9.443992794501263,-5.397088655001044,-3.3471990523896378,0
34,ROI 34,point,400,40000.0,662263.9968957031,2395203.102427604,88.56807458693014,21.65267419429763,power,vegetation,gamma0,44.25484848022461,NISAR_S2_PR_GCOV_028_170_A_013_3700_DHNA_A_20260824T232917_20260824T232954_P00500_M_F_I_001_gcov.tif,Band 2: HVHV,400,0.04444923326605931,0.02745087716357309,0.6175781930648986,2.621899827778351,-13.52135726059155,2.6359280963776457,-20.956943974858714,-18.85380014686628,-14.12501485955537,-10.169885921423749,-7.135368144621708,0
34,ROI 34,point,400,40000.0,662263.9968957031,2395203.102427604,88.56807458693014,21.65267419429763,power,vegetation,sigma0,44.25484848022461,NISAR_S2_PR_GCOV_028_170_A_013_3700_DHNA_A_20260824T232917_20260824T232954_P00500_M_F_I_001_gcov.tif,Band 1: HHHH,400,0.09466477706942836,0.05872094185612877,0.6203040209249326,2.598907409509847,-10.238115835090046,2.702981618791287,-20.10407718718247,-15.61791268274522,-10.991571184193017,-6.89009605163852,-4.73406241063354,0
34,ROI 34,point,400,40000.0,662263.9968957031,2395203.102427604,88.56807458693014,21.65267419429763,power,vegetation,sigma0,44.25484848022461,NISAR_S2_PR_GCOV_028_170_A_013_3700_DHNA_A_20260824T232917_20260824T232954_P00500_M_F_I_001_gcov.tif,Band 2: HVHV,400,0.031446764179372935,0.019327299540245476,0.6146037611374638,2.6473390919941533,-15.024240361119324,2.6326587757440114,-22.691409959971338,-20.409202430788838,-15.715656077511053,-11.688859119288828,-8.549007434625558,0
35,ROI 35,point,400,40000.000244140625,663077.3476918293,2396686.269108767,88.57607784226842,21.665995038181144,power,vegetation,gamma0,44.19607925415039,NISAR_S2_PR_GCOV_028_170_A_013_3700_DHNA_A_20260824T232917_20260824T232954_P00500_M_F_I_001_gcov.tif,Band 1: HHHH,400,0.12977650695247575,0.08942264780821359,0.6890511226424073,2.106187886937273,-8.868039194335482,2.9832728420481103,-18.405719543304592,-14.758189004057673,-9.860558337215622,-5.235953290760187,-2.614078343452042,0
35,ROI 35,point,400,40000.000244140625,663077.3476918293,2396686.269108767,88.57607784226842,21.665995038181144,power,vegetation,gamma0,44.19607925415039,NISAR_S2_PR_GCOV_028_170_A_013_3700_DHNA_A_20260824T232917_20260824T232954_P00500_M_F_I_001_gcov.tif,Band 2: HVHV,400,0.04084815939771943,0.026925058446963093,0.659149857520051,2.3016096773630372,-13.888275078322527,2.649575188530641,-24.05999061692944,-19.15962353644445,-14.535289770308761,-10.4358954165106,-6.34072021736941,0
35,ROI 35,point,400,40000.000244140625,663077.3476918293,2396686.269108767,88.57607784226842,21.665995038181144,power,vegetation,sigma0,44.19607925415039,NISAR_S2_PR_GCOV_028_170_A_013_3700_DHNA_A_20260824T232917_20260824T232954_P00500_M_F_I_001_gcov.tif,Band 1: HHHH,400,0.0914609913385513,0.06273320844282092,0.6859012517217111,2.125576838795953,-10.387640956458107,2.9820686154714156,-19.811791028027486,-16.24004305269756,-11.35337089397511,-6.717364588741432,-4.224369105685585,0
35,ROI 35,point,400,40000.000244140625,663077.3476918293,2396686.269108767,88.57607784226842,21.665995038181144,power,vegetation,sigma0,44.19607925415039,NISAR_S2_PR_GCOV_028_170_A_013_3700_DHNA_A_20260824T232917_20260824T232954_P00500_M_F_I_001_gcov.tif,Band 2: HVHV,400,0.028787362368521655,0.018963634761116354,0.6587486035835179,2.304414423229812,-15.407981253710721,2.6393595774189906,-25.603929629285958,-20.6599620939415,-16.104853469945702,-11.967023528258451,-7.98702439964429,0
36,ROI 36,point,400,40000.0,664452.8710497395,2394927.998025,88.58919390936825,21.649988573576387,power,vegetation,gamma0,44.153263092041016,NISAR_S2_PR_GCOV_028_170_A_013_3700_DHNA_A_20260824T232917_20260824T232954_P00500_M_F_I_001_gcov.tif,Band 1: HHHH,400,0.13881163800600915,0.10040216486026725,0.7232978898780867,1.9114617145969264,-8.57574120985585,2.7683207817972213,-16.716623427272722,-14.190183440202905,-9.609387859709685,-5.059511067719046,-1.0640972510896765,0
36,ROI 36,point,400,40000.0,664452.8710497395,2394927.998025,88.58919390936825,21.649988573576387,power,vegetation,gamma0,44.153263092041016,NISAR_S2_PR_GCOV_028_170_A_013_3700_DHNA_A_20260824T232917_20260824T232954_P00500_M_F_I_001_gcov.tif,Band 2: HVHV,400,0.048043259604601186,0.028421779536213863,0.5915872438740992,2.8573431396340783,-13.183675345691498,2.57075921951226,-22.371284772996813,-18.37093879138024,-13.755258654270826,-9.647454923219666,-7.56100367405914,0
36,ROI 36,point,400,40000.0,664452.8710497395,2394927.998025,88.58919390936825,21.649988573576387,power,vegetation,sigma0,44.153263092041016,NISAR_S2_PR_GCOV_028_170_A_013_3700_DHNA_A_20260824T232917_20260824T232954_P00500_M_F_I_001_gcov.tif,Band 1: HHHH,400,0.09858228215506286,0.07096481520894227,0.7198536456816824,1.9297968050977017,-10.062011322567827,2.7716547985399638,-18.22784716054778,-15.692212203121034,-11.086054552957727,-6.595563382655594,-2.7537385367944873,0
36,ROI 36,point,400,40000.0,664452.8710497395,2394927.998025,88.58919390936825,21.649988573576387,power,vegetation,sigma0,44.153263092041016,NISAR_S2_PR_GCOV_028_170_A_013_3700_DHNA_A_20260824T232917_20260824T232954_P00500_M_F_I_001_gcov.tif,Band 2: HVHV,400,0.0342058939043273,0.0205572626963977,0.6009859807755836,2.7686707806055173,-14.658990556518274,2.5826163268519156,-24.040140603294585,-19.82784847033927,-15.229700869744002,-11.174096740433686,-8.780983586121442,0
37,ROI 37,point,400,40000.0,665038.9630359375,2397619.236738021,88.59512321099152,21.674240002324996,power,vegetation,gamma0,44.08916091918945,NISAR_S2_PR_GCOV_028_170_A_013_3700_DHNA_A_20260824T232917_20260824T232954_P00500_M_F_I_001_gcov.tif,Band 1: HHHH,400,0.14609602646902203,0.0991352347140579,0.6785621560698529,2.1718045062332263,-8.353615958798361,2.9602186565084834,-19.555227910362454,-14.330724899596493,-9.14823698190824,-4.786047126138502,-1.9660941052425076,0
37,ROI 37,point,400,40000.0,665038.9630359375,2397619.236738021,88.59512321099152,21.674240002324996,power,vegetation,gamma0,44.08916091918945,NISAR_S2_PR_GCOV_028_170_A_013_3700_DHNA_A_20260824T232917_20260824T232954_P00500_M_F_I_001_gcov.tif,Band 2: HVHV,400,0.04550557079026476,0.029503067175515794,0.6483396793657522,2.3790019401246956,-13.419354337741714,2.5528270341410995,-23.952526902422573,-18.247990816169832,-14.199034929599083,-10.015148843290104,-5.856758951970078,0
37,ROI 37,point,400,40000.0,665038.9630359375,2397619.236738021,88.59512321099152,21.674240002324996,power,vegetation,sigma0,44.08916091918945,NISAR_S2_PR_GCOV_028_170_A_013_3700_DHNA_A_20260824T232917_20260824T232954_P00500_M_F_I_001_gcov.tif,Band 1: HHHH,400,0.10331923058541843,0.06963054522605115,0.673935963629584,2.2017232827336914,-9.85818836662012,2.9582540289302464,-21.113072195220216,-15.900200156724974,-10.707958594640283,-6.34309101970696,-3.6976295383406144,0
37,ROI 37,point,400,40000.0,665038.9630359375,2397619.236738021,88.59512321099152,21.674240002324996,power,vegetation,sigma0,44.08916091918945,NISAR_S2_PR_GCOV_028_170_A_013_3700_DHNA_A_20260824T232917_20260824T232954_P00500_M_F_I_001_gcov.tif,Band 2: HVHV,400,0.032239243380519915,0.02122936688138252,0.6584945754096093,2.3061927191255163,-14.916151591597808,2.5492997871294443,-25.257153032521245,-19.71289289349028,-15.730073108188376,-11.596520251855596,-6.862774511757502,0
38,ROI 38,point,400,39999.999755859375,663184.9999381246,2407726.3381388243,88.57820535683219,21.76569284560714,power,vegetation,gamma0,44.04240798950195,NISAR_S2_PR_GCOV_028_170_A_013_3700_DHNA_A_20260824T232917_20260824T232954_P00500_M_F_I_001_gcov.tif,Band 1: HHHH,400,0.16014181550126522,0.0959142288471486,0.5989330678369312,2.7876831924641015,-7.954952522762571,2.7053923871775747,-16.671977691730046,-13.537731126480617,-8.580319831686182,-4.753871477943948,-1.6975495268239917,0
38,ROI 38,point,400,39999.999755859375,663184.9999381246,2407726.3381388243,88.57820535683219,21.76569284560714,power,vegetation,gamma0,44.04240798950195,NISAR_S2_PR_GCOV_028_170_A_013_3700_DHNA_A_20260824T232917_20260824T232954_P00500_M_F_I_001_gcov.tif,Band 2: HVHV,400,0.048426082819933075,0.03278376021005057,0.6769855891907112,2.1819316995272953,-13.149206595615786,2.690722458168228,-23.697187897010807,-18.181015854482084,-13.938071709249204,-9.580907170777524,-6.896577358869122,0
38,ROI 38,point,400,39999.999755859375,663184.9999381246,2407726.3381388243,88.57820535683219,21.76569284560714,power,vegetation,sigma0,44.04240798950195,NISAR_S2_PR_GCOV_028_170_A_013_3700_DHNA_A_20260824T232917_20260824T232954_P00500_M_F_I_001_gcov.tif,Band 1: HHHH,400,0.11437440908594089,0.0679633802437324,0.5942184163999897,2.832094788135507,-9.41671136697107,2.6888789372647803,-17.958931948023896,-14.955433224878007,-10.098271953478866,-6.31721054271197,-3.110325397089559,0
38,ROI 38,point,400,39999.999755859375,663184.9999381246,2407726.3381388243,88.57820535683219,21.76569284560714,power,vegetation,sigma0,44.04240798950195,NISAR_S2_PR_GCOV_028_170_A_013_3700_DHNA_A_20260824T232917_20260824T232954_P00500_M_F_I_001_gcov.tif,Band 2: HVHV,400,0.0346563481171954,0.023437016186163888,0.6762690664033112,2.186557763596427,-14.60217202617744,2.6903654176762672,-25.067010897834322,-19.749944248715817,-15.427521216159557,-11.032480414839672,-8.41757362868213,0
39,ROI 39,point,400,39999.999755859375,664500.7166453738,2406817.297502026,88.59083578461644,21.757361110372244,power,vegetation,gamma0,43.99087142944336,NISAR_S2_PR_GCOV_028_170_A_013_3700_DHNA_A_20260824T232917_20260824T232954_P00500_M_F_I_001_gcov.tif,Band 1: HHHH,400,0.1321914513478987,0.08647540403027873,0.6541678992743227,2.336799989291654,-8.787966292110315,2.8332269280374436,-19.7169134022228,-14.394461557265313,-9.647825753039434,-5.455322428744206,-2.681333700876439,0
39,ROI 39,point,400,39999.999755859375,664500.7166453738,2406817.297502026,88.59083578461644,21.757361110372244,power,vegetation,gamma0,43.99087142944336,NISAR_S2_PR_GCOV_028_170_A_013_3700_DHNA_A_20260824T232917_20260824T232954_P00500_M_F_I_001_gcov.tif,Band 2: HVHV,400,0.044859554959693924,0.026619909369568734,0.5934055608328389,2.839858991511301,-13.48145039257462,2.6587464866091,-22.915129114741262,-18.746877970727958,-14.11309911125662,-10.33838627251314,-7.757989160613988,0
39,ROI 39,point,400,39999.999755859375,664500.7166453738,2406817.297502026,88.59083578461644,21.757361110372244,power,vegetation,sigma0,43.99087142944336,NISAR_S2_PR_GCOV_028_170_A_013_3700_DHNA_A_20260824T232917_20260824T232954_P00500_M_F_I_001_gcov.tif,Band 1: HHHH,400,0.0940881356296956,0.061295661224921735,0.6514706749654833,2.3561897226560573,-10.264651369915551,2.823923704573045,-21.27926296772386,-15.820813262330791,-11.129391232639804,-6.8684596786965955,-4.206726322273902,0
39,ROI 39,point,400,39999.999755859375,664500.7166453738,2406817.297502026,88.59083578461644,21.757361110372244,power,vegetation,sigma0,43.99087142944336,NISAR_S2_PR_GCOV_028_170_A_013_3700_DHNA_A_20260824T232917_20260824T232954_P00500_M_F_I_001_gcov.tif,Band 2: HVHV,400,0.03191071389042158,0.018805965673585785,0.5893307726728936,2.879265822620465,-14.960634798803618,2.643391311675815,-24.38001387945608,-20.080877829169953,-15.625868901894965,-11.77918904238619,-9.361555167777581,0
40,ROI 40,point,400,39999.999755859375,665326.0298524945,2406948.8691747044,88.59882793480512,21.758472448146545,power,vegetation,gamma0,43.94943618774414,NISAR_S2_PR_GCOV_028_170_A_013_3700_DHNA_A_20260824T232917_20260824T232954_P00500_M_F_I_001_gcov.tif,Band 1: HHHH,400,0.1392052069399506,0.08814095754595863,0.6331728495183394,2.494338740495536,-8.563445197326761,2.6244040094071224,-17.314649233407632,-13.687307058844798,-9.42814651604008,-4.817057290852889,-2.626178022508863,0
40,ROI 40,point,400,39999.999755859375,665326.0298524945,2406948.8691747044,88.59882793480512,21.758472448146545,power,vegetation,gamma0,43.94943618774414,NISAR_S2_PR_GCOV_028_170_A_013_3700_DHNA_A_20260824T232917_20260824T232954_P00500_M_F_I_001_gcov.tif,Band 2: HVHV,400,0.05169861055677757,0.03151162967897927,0.6095256591929464,2.6916340544625244,-12.865211287751707,2.704560321336482,-21.710847990507077,-18.265695347523856,-13.548250081961255,-9.334709370775267,-7.547944712954583,0
40,ROI 40,point,400,39999.999755859375,665326.0298524945,2406948.8691747044,88.59882793480512,21.758472448146545,power,vegetation,sigma0,43.94943618774414,NISAR_S2_PR_GCOV_028_170_A_013_3700_DHNA_A_20260824T232917_20260824T232954_P00500_M_F_I_001_gcov.tif,Band 1: HHHH,400,0.09892947265594192,0.06349829817408632,0.6418542065307621,2.4273210179017863,-10.046743059253691,2.6314446927617245,-18.67106182884378,-15.180754886663701,-10.934665608758811,-6.31780603335576,-3.78569983354959,0
40,ROI 40,point,400,39999.999755859375,665326.0298524945,2406948.8691747044,88.59882793480512,21.758472448146545,power,vegetation,sigma0,43.94943618774414,NISAR_S2_PR_GCOV_028_170_A_013_3700_DHNA_A_20260824T232917_20260824T232954_P00500_M_F_I_001_gcov.tif,Band 2: HVHV,400,0.03662686433377013,0.022338918166825057,0.6099052860014684,2.6882843591516443,-14.362002601733412,2.6913560407607044,-23.288347766882566,-19.748556296714742,-15.058413464965136,-11.000691625058812,-8.8810912012975,0
41,ROI 41,point,400,40000.0,666187.2248875,2407654.566871875,88.60722482719093,21.764765100994502,power,vegetation,gamma0,43.89820098876953,NISAR_S2_PR_GCOV_028_170_A_013_3700_DHNA_A_20260824T232917_20260824T232954_P00500_M_F_I_001_gcov.tif,Band 1: HHHH,400,0.1333328284835443,0.0809423228271662,0.6070697197963962,2.7134564629267417,-8.75062907795895,2.6117937896945165,-18.970411703372985,-13.924075519482722,-9.259306180336411,-5.475713497703236,-2.3093857153645443,0
41,ROI 41,point,400,40000.0,666187.2248875,2407654.566871875,88.60722482719093,21.764765100994502,power,vegetation,gamma0,43.89820098876953,NISAR_S2_PR_GCOV_028_170_A_013_3700_DHNA_A_20260824T232917_20260824T232954_P00500_M_F_I_001_gcov.tif,Band 2: HVHV,400,0.04752315430319868,0.03009078345248795,0.633181527903391,2.4942703661581955,-13.230947411958516,2.734398208624524,-23.250073481107037,-18.502229525699452,-14.014616858014236,-9.667515966438364,-6.940901197241934,0
41,ROI 41,point,400,40000.0,666187.2248875,2407654.566871875,88.60722482719093,21.764765100994502,power,vegetation,sigma0,43.89820098876953,NISAR_S2_PR_GCOV_028_170_A_013_3700_DHNA_A_20260824T232917_20260824T232954_P00500_M_F_I_001_gcov.tif,Band 1: HHHH,400,0.09540201920399535,0.05883436889274702,0.616699409337901,2.629377456271157,-10.204424332636957,2.622093193108248,-20.682376029455654,-15.427131743918558,-10.723422942315397,-6.914336478036972,-3.412872452744853,0
41,ROI 41,point,400,40000.0,666187.2248875,2407654.566871875,88.60722482719093,21.764765100994502,power,vegetation,sigma0,43.89820098876953,NISAR_S2_PR_GCOV_028_170_A_013_3700_DHNA_A_20260824T232917_20260824T232954_P00500_M_F_I_001_gcov.tif,Band 2: HVHV,400,0.033919300609670515,0.021416427453122597,0.631393544919281,2.5084169393238067,-14.695531111468163,2.7289062546155964,-24.399641527655728,-19.961135187557772,-15.494819466172613,-11.104614168524773,-8.394012227339495,0
42,ROI 42,point,400,39999.999755859375,667096.26687632,2408910.4831736563,88.61614073423402,21.776021893212963,power,vegetation,gamma0,43.836997985839844,NISAR_S2_PR_GCOV_028_170_A_013_3700_DHNA_A_20260824T232917_20260824T232954_P00500_M_F_I_001_gcov.tif,Band 1: HHHH,400,0.1311656833253801,0.07958093377317749,0.6067206890979453,2.7165793233687134,-8.821797738921425,2.452354719767443,-16.92743741004761,-13.696071425845936,-9.50289081367606,-5.4383981597489885,-1.9160874389167875,0
42,ROI 42,point,400,39999.999755859375,667096.26687632,2408910.4831736563,88.61614073423402,21.776021893212963,power,vegetation,gamma0,43.836997985839844,NISAR_S2_PR_GCOV_028_170_A_013_3700_DHNA_A_20260824T232917_20260824T232954_P00500_M_F_I_001_gcov.tif,Band 2: HVHV,400,0.046916014957241715,0.027013725529054174,0.5757890041103007,3.0162911945645194,-13.28678883930336,2.581553201874096,-21.268405886751008,-18.32153482784886,-13.895638830566142,-10.053897736694363,-8.364176309395381,0
42,ROI 42,point,400,39999.999755859375,667096.26687632,2408910.4831736563,88.61614073423402,21.776021893212963,power,vegetation,sigma0,43.836997985839844,NISAR_S2_PR_GCOV_028_170_A_013_3700_DHNA_A_20260824T232917_20260824T232954_P00500_M_F_I_001_gcov.tif,Band 1: HHHH,400,0.09326092041773631,0.05670307965318598,0.6080047183664962,2.7051172936457197,-10.303003026883959,2.446705985002932,-18.3198532135097,-15.167720465780114,-10.944889180966547,-6.943896953032473,-3.375174617296345,0
42,ROI 42,point,400,39999.999755859375,667096.26687632,2408910.4831736563,88.61614073423402,21.776021893212963,power,vegetation,sigma0,43.836997985839844,NISAR_S2_PR_GCOV_028_170_A_013_3700_DHNA_A_20260824T232917_20260824T232954_P00500_M_F_I_001_gcov.tif,Band 2: HVHV,400,0.03336275872342224,0.01916595360245486,0.5744714866459605,3.0301424422184726,-14.767380452997843,2.5798054231611975,-22.763096012837668,-19.859034107670364,-15.316945224978355,-11.523380807727895,-9.84117268968321,0
43,ROI 43,point,400,40000.0,667778.0459936198,2411386.4178885417,88.62298459372752,21.798317874051502,power,vegetation,gamma0,43.7705078125,NISAR_S2_PR_GCOV_028_170_A_013_3700_DHNA_A_20260824T232917_20260824T232954_P00500_M_F_I_001_gcov.tif,Band 1: HHHH,400,0.15710606897249818,0.1070466446283546,0.6813654324652053,2.1539707740392537,-8.038070379367456,2.847697735300252,-20.64939404917832,-13.610149244261171,-8.77553967573171,-4.372351798890815,-0.7258734440788367,0
43,ROI 43,point,400,40000.0,667778.0459936198,2411386.4178885417,88.62298459372752,21.798317874051502,power,vegetation,gamma0,43.7705078125,NISAR_S2_PR_GCOV_028_170_A_013_3700_DHNA_A_20260824T232917_20260824T232954_P00500_M_F_I_001_gcov.tif,Band 2: HVHV,400,0.05265847903909162,0.034155495130835815,0.6486228951937654,2.3769248506138636,-12.78531688991231,2.53565150257332,-21.303807374840705,-17.71520945934813,-13.555731176924999,-9.441794170239682,-5.331236145511021,0
43,ROI 43,point,400,40000.0,667778.0459936198,2411386.4178885417,88.62298459372752,21.798317874051502,power,vegetation,sigma0,43.7705078125,NISAR_S2_PR_GCOV_028_170_A_013_3700_DHNA_A_20260824T232917_20260824T232954_P00500_M_F_I_001_gcov.tif,Band 1: HHHH,400,0.11297428914577172,0.0781662180984175,0.6918938697419813,2.088916279839158,-9.470203826459311,2.8718354413811813,-21.916203746988984,-14.93569549261556,-10.199070844154082,-5.776007372565948,-1.7516285446529447,0
43,ROI 43,point,400,40000.0,667778.0459936198,2411386.4178885417,88.62298459372752,21.798317874051502,power,vegetation,sigma0,43.7705078125,NISAR_S2_PR_GCOV_028_170_A_013_3700_DHNA_A_20260824T232917_20260824T232954_P00500_M_F_I_001_gcov.tif,Band 2: HVHV,400,0.03774712400392394,0.024712443977631938,0.6546841548792697,2.3331160435869025,-14.231161321621325,2.5362201614523583,-22.848886773425964,-19.11539805934843,-15.003353362755707,-10.933124713913243,-6.629604342644903,0
44,ROI 44,point,400,40000.000244140625,668603.3578384398,2410919.9316067877,88.63091801728334,21.794026368153045,power,vegetation,gamma0,43.73649215698242,NISAR_S2_PR_GCOV_028_170_A_013_3700_DHNA_A_20260824T232917_20260824T232954_P00500_M_F_I_001_gcov.tif,Band 1: HHHH,400,0.14927752203773706,0.10452523942697897,0.7002074927299182,2.039606994114058,-8.26005582696377,2.759964176415985,-17.800551986713277,-13.514714445223072,-9.169131571435965,-4.426665019325718,-1.7057528175765815,0
44,ROI 44,point,400,40000.000244140625,668603.3578384398,2410919.9316067877,88.63091801728334,21.794026368153045,power,vegetation,gamma0,43.73649215698242,NISAR_S2_PR_GCOV_028_170_A_013_3700_DHNA_A_20260824T232917_20260824T232954_P00500_M_F_I_001_gcov.tif,Band 2: HVHV,400,0.055716079665580766,0.03263693982695842,0.5857723663052384,2.914353573515066,-12.540194493102268,2.651757942726759,-23.419641402983956,-17.555712499232254,-13.130315168080958,-9.383926614971012,-6.77822015072815,0
44,ROI 44,point,400,40000.000244140625,668603.3578384398,2410919.9316067877,88.63091801728334,21.794026368153045,power,vegetation,sigma0,43.73649215698242,NISAR_S2_PR_GCOV_028_170_A_013_3700_DHNA_A_20260824T232917_20260824T232954_P00500_M_F_I_001_gcov.tif,Band 1: HHHH,400,0.10685050908287559,0.07536250467857783,0.7053078672758126,2.010215159040052,-9.712234043248344,2.7632170618229597,-19.297546419713733,-14.932086327062619,-10.656451255149966,-5.875630848243616,-2.919340812502723,0
44,ROI 44,point,400,40000.000244140625,668603.3578384398,2410919.9316067877,88.63091801728334,21.794026368153045,power,vegetation,sigma0,43.73649215698242,NISAR_S2_PR_GCOV_028_170_A_013_3700_DHNA_A_20260824T232917_20260824T232954_P00500_M_F_I_001_gcov.tif,Band 2: HVHV,400,0.03976165869629788,0.023127277180798125,0.5816476962755947,2.9558335573834,-14.005355068797595,2.6374729888115804,-24.815445773773092,-19.028620300450804,-14.616602639564045,-10.904966084187542,-8.279417209584798,0
45,ROI 45,point,400,39999.999755859375,669213.3746685387,2411589.760831155,88.63688567473272,21.800017310325018,power,vegetation,gamma0,43.69770431518555,NISAR_S2_PR_GCOV_028_170_A_013_3700_DHNA_A_20260824T232917_20260824T232954_P00500_M_F_I_001_gcov.tif,Band 1: HHHH,400,0.16802132649114354,0.11239484248510344,0.6689320030515757,2.234786566219047,-7.7463559095509975,2.7977943491892994,-20.997378677538627,-13.18616170124579,-8.636839178355572,-4.345016233308384,-0.8276625705575327,0
45,ROI 45,point,400,39999.999755859375,669213.3746685387,2411589.760831155,88.63688567473272,21.800017310325018,power,vegetation,gamma0,43.69770431518555,NISAR_S2_PR_GCOV_028_170_A_013_3700_DHNA_A_20260824T232917_20260824T232954_P00500_M_F_I_001_gcov.tif,Band 2: HVHV,400,0.05234756971360184,0.030582381304864292,0.5842177864642655,2.929884162569957,-12.811034760571953,2.691479052386838,-22.122337997645097,-18.22459358689702,-13.253961043475309,-9.590646864991045,-7.253971687650931,0
45,ROI 45,point,400,39999.999755859375,669213.3746685387,2411589.760831155,88.63688567473272,21.800017310325018,power,vegetation,sigma0,43.69770431518555,NISAR_S2_PR_GCOV_028_170_A_013_3700_DHNA_A_20260824T232917_20260824T232954_P00500_M_F_I_001_gcov.tif,Band 1: HHHH,400,0.12015398270549525,0.08046615501970782,0.6696919503445448,2.2297175000671277,-9.202618292017128,2.79622190141935,-22.1734077015578,-14.706936509186692,-10.110158841675203,-5.705573120875711,-2.190357842812791,0
45,ROI 45,point,400,39999.999755859375,669213.3746685387,2411589.760831155,88.63688567473272,21.800017310325018,power,vegetation,sigma0,43.69770431518555,NISAR_S2_PR_GCOV_028_170_A_013_3700_DHNA_A_20260824T232917_20260824T232954_P00500_M_F_I_001_gcov.tif,Band 2: HVHV,400,0.03739142941007608,0.021705756677352743,0.5805008532651488,2.967524239913587,-14.272279321968771,2.685537737907204,-23.560276705496687,-19.584514328121497,-14.686181154138813,-11.112856889185734,-8.866206788554498,0
46,ROI 46,point,400,39999.999755859375,670409.4807659433,2419998.38669654,88.6493235288934,21.875840449889807,power,vegetation,gamma0,43.52507400512695,NISAR_S2_PR_GCOV_028_170_A_013_3700_DHNA_A_20260824T232917_20260824T232954_P00500_M_F_I_001_gcov.tif,Band 1: HHHH,400,0.1610511145647615,0.11335203217838867,0.7038264372446041,2.0186863588192647,-7.930362652705506,2.8231958375146062,-17.23553229328814,-13.599946313305951,-8.788554105945877,-4.037077396402459,-0.7817817470592759,0
46,ROI 46,point,400,39999.999755859375,670409.4807659433,2419998.38669654,88.6493235288934,21.875840449889807,power,vegetation,gamma0,43.52507400512695,NISAR_S2_PR_GCOV_028_170_A_013_3700_DHNA_A_20260824T232917_20260824T232954_P00500_M_F_I_001_gcov.tif,Band 2: HVHV,400,0.04903374428395182,0.032153899041767006,0.655750432917492,2.325534720939596,-13.095049421653878,2.7005834296026783,-23.464605929225385,-18.49938844499073,-13.930420867373137,-9.617417638864069,-6.927223387275935,0
46,ROI 46,point,400,39999.999755859375,670409.4807659433,2419998.38669654,88.6493235288934,21.875840449889807,power,vegetation,sigma0,43.52507400512695,NISAR_S2_PR_GCOV_028_170_A_013_3700_DHNA_A_20260824T232917_20260824T232954_P00500_M_F_I_001_gcov.tif,Band 1: HHHH,400,0.11579277818633477,0.08285754446970263,0.7155674625611584,1.9529846541124627,-9.363185260285142,2.8368417074360956,-18.46292406024523,-15.095337419576662,-10.332288966139897,-5.386260049264,-1.926814077774227,0
46,ROI 46,point,400,39999.999755859375,670409.4807659433,2419998.38669654,88.6493235288934,21.875840449889807,power,vegetation,sigma0,43.52507400512695,NISAR_S2_PR_GCOV_028_170_A_013_3700_DHNA_A_20260824T232917_20260824T232954_P00500_M_F_I_001_gcov.tif,Band 2: HVHV,400,0.035071252484487274,0.022682792573345698,0.6467631169824561,2.3906142791484744,-14.550487240703509,2.6920527449446805,-24.899306381627802,-19.900436182282867,-15.324358947574332,-11.141062673350932,-8.29660745890455,0
47,ROI 47,point,400,39999.999755859375,671402.2488264297,2423897.6925724223,88.65933659590824,21.910958138530894,power,vegetation,gamma0,43.42277908325195,NISAR_S2_PR_GCOV_028_170_A_013_3700_DHNA_A_20260824T232917_20260824T232954_P00500_M_F_I_001_gcov.tif,Band 1: HHHH,400,0.1575491876946762,0.10375783857501394,0.6585742528618576,2.305634724506428,-8.025838316561458,2.705605052403595,-15.3967728467188,-13.400383439431245,-8.988934261145147,-4.601106288363453,-0.4011621282136199,0
47,ROI 47,point,400,39999.999755859375,671402.2488264297,2423897.6925724223,88.65933659590824,21.910958138530894,power,vegetation,gamma0,43.42277908325195,NISAR_S2_PR_GCOV_028_170_A_013_3700_DHNA_A_20260824T232917_20260824T232954_P00500_M_F_I_001_gcov.tif,Band 2: HVHV,400,0.05651521300897002,0.03486469985342262,0.6169082269563231,2.62759771857764,-12.47834631180055,2.63847597602914,-20.72488088063734,-17.76965780561294,-13.224451114330414,-9.16222270956853,-6.875482876555933,0
47,ROI 47,point,400,39999.999755859375,671402.2488264297,2423897.6925724223,88.65933659590824,21.910958138530894,power,vegetation,sigma0,43.42277908325195,NISAR_S2_PR_GCOV_028_170_A_013_3700_DHNA_A_20260824T232917_20260824T232954_P00500_M_F_I_001_gcov.tif,Band 1: HHHH,400,0.11372820326038115,0.07929265783472028,0.6972119101642663,2.0571710561035146,-9.44131822018642,2.748416635544786,-16.932463189940066,-14.865048491201128,-10.392462187608412,-5.957574292525786,-1.065799413459396,0
47,ROI 47,point,400,39999.999755859375,671402.2488264297,2423897.6925724223,88.65933659590824,21.910958138530894,power,vegetation,sigma0,43.42277908325195,NISAR_S2_PR_GCOV_028_170_A_013_3700_DHNA_A_20260824T232917_20260824T232954_P00500_M_F_I_001_gcov.tif,Band 2: HVHV,400,0.0404111769885267,0.02484225210909989,0.6147371583894464,2.646190277614571,-13.93498500406684,2.6344174491437915,-22.382090612683406,-19.167799020139327,-14.740582612735253,-10.46379082721937,-8.334903672912217,0
48,ROI 48,point,400,40000.0,675588.6187919271,2398767.498589583,88.69717543268352,21.683598679346005,power,vegetation,gamma0,43.561279296875,NISAR_S2_PR_GCOV_028_170_A_013_3700_DHNA_A_20260824T232917_20260824T232954_P00500_M_F_I_001_gcov.tif,Band 1: HHHH,400,0.15318760750815272,0.09874389235543021,0.6445945201551307,2.4067267314345524,-8.14776366612783,2.5964660485734794,-16.874119089118583,-13.223523833195381,-8.936399207608076,-4.745185084345715,-1.489002540339997,0
48,ROI 48,point,400,40000.0,675588.6187919271,2398767.498589583,88.69717543268352,21.683598679346005,power,vegetation,gamma0,43.561279296875,NISAR_S2_PR_GCOV_028_170_A_013_3700_DHNA_A_20260824T232917_20260824T232954_P00500_M_F_I_001_gcov.tif,Band 2: HVHV,400,0.04788806761964224,0.02870832686115384,0.5994881039922887,2.782523628217717,-13.19772687264309,2.6141137662331255,-22.701557431837553,-18.164726014360166,-13.888733472211822,-9.832370482509893,-8.077901216952066,0
48,ROI 48,point,400,40000.0,675588.6187919271,2398767.498589583,88.69717543268352,21.683598679346005,power,vegetation,sigma0,43.561279296875,NISAR_S2_PR_GCOV_028_170_A_013_3700_DHNA_A_20260824T232917_20260824T232954_P00500_M_F_I_001_gcov.tif,Band 1: HHHH,400,0.10997410051393404,0.07196123335997281,0.6543470964861869,2.335520268768479,-9.587095814623295,2.617352781737892,-18.6168712196702,-14.786007519238087,-10.418846113278226,-6.340408652416233,-2.8783778072898496,0
48,ROI 48,point,400,40000.0,675588.6187919271,2398767.498589583,88.69717543268352,21.683598679346005,power,vegetation,sigma0,43.561279296875,NISAR_S2_PR_GCOV_028_170_A_013_3700_DHNA_A_20260824T232917_20260824T232954_P00500_M_F_I_001_gcov.tif,Band 2: HVHV,400,0.034319536874060315,0.02108790398918727,0.6144577086390145,2.6485977512486873,-14.64458581382689,2.608336355074108,-24.095055961949118,-19.621982656717098,-15.345257899232958,-11.172289594822091,-9.030618345348298,0
49,ROI 49,point,400,40000.0,677681.8044584636,2397152.7553625,88.71722775376793,21.6688080036842,power,vegetation,gamma0,43.48047637939453,NISAR_S2_PR_GCOV_028_170_A_013_3700_DHNA_A_20260824T232917_20260824T232954_P00500_M_F_I_001_gcov.tif,Band 1: HHHH,400,0.153759329225868,0.09957655086451486,0.6476130675507813,2.3843433414691466,-8.131585242784146,2.5734668883290555,-16.05114991697479,-13.504968257902185,-8.883073966821861,-4.649609269418323,-1.412000766644005,0
49,ROI 49,point,400,40000.0,677681.8044584636,2397152.7553625,88.71722775376793,21.6688080036842,power,vegetation,gamma0,43.48047637939453,NISAR_S2_PR_GCOV_028_170_A_013_3700_DHNA_A_20260824T232917_20260824T232954_P00500_M_F_I_001_gcov.tif,Band 2: HVHV,400,0.05211456425487995,0.03352759489197869,0.6433440511562794,2.416091742216499,-12.830408891456015,2.5324589327996136,-20.570864186830402,-17.994493516540548,-13.44594094009826,-9.832721031006727,-6.055929766438911,0
49,ROI 49,point,400,40000.0,677681.8044584636,2397152.7553625,88.71722775376793,21.6688080036842,power,vegetation,sigma0,43.48047637939453,NISAR_S2_PR_GCOV_028_170_A_013_3700_DHNA_A_20260824T232917_20260824T232954_P00500_M_F_I_001_gcov.tif,Band 1: HHHH,400,0.11018617592971212,0.07315805383496987,0.6639494765807779,2.2684537767277386,-9.57872889096248,2.590307636498263,-17.52026224556553,-15.028228246767139,-10.364203346168122,-6.102801000456513,-2.5187700504410775,0
49,ROI 49,point,400,40000.0,677681.8044584636,2397152.7553625,88.71722775376793,21.6688080036842,power,vegetation,sigma0,43.48047637939453,NISAR_S2_PR_GCOV_028_170_A_013_3700_DHNA_A_20260824T232917_20260824T232954_P00500_M_F_I_001_gcov.tif,Band 2: HVHV,400,0.03734325288180982,0.02437469670087051,0.6527202324343739,2.3471770518061486,-14.277878543813255,2.5548730703428646,-22.42686623931087,-19.369380233132976,-14.933784091006899,-11.228984286290071,-7.198309076090083,0
50,ROI 50,point,400,40000.000244140625,678973.5976599104,2396183.904550375,88.72960379031905,21.65992889666868,power,vegetation,gamma0,43.43050003051758,NISAR_S2_PR_GCOV_028_170_A_013_3700_DHNA_A_20260824T232917_20260824T232954_P00500_M_F_I_001_gcov.tif,Band 1: HHHH,400,0.14678533439990132,0.10310494031918248,0.7024199027832292,2.0267789390441715,-8.333173334346958,2.7214626019297237,-17.945850019692408,-13.940934506460534,-9.127957400947112,-5.121777081243952,0.02283857071798879,0
50,ROI 50,point,400,40000.000244140625,678973.5976599104,2396183.904550375,88.72960379031905,21.65992889666868,power,vegetation,gamma0,43.43050003051758,NISAR_S2_PR_GCOV_028_170_A_013_3700_DHNA_A_20260824T232917_20260824T232954_P00500_M_F_I_001_gcov.tif,Band 2: HVHV,400,0.04959276796318591,0.028523356084937126,0.5751515242325415,3.022981224792427,-13.045816513864478,2.5392781776977253,-21.787490156416194,-18.160574942384528,-13.616181249191612,-9.861923114316458,-7.588150894069462,0
50,ROI 50,point,400,40000.000244140625,678973.5976599104,2396183.904550375,88.72960379031905,21.65992889666868,power,vegetation,sigma0,43.43050003051758,NISAR_S2_PR_GCOV_028_170_A_013_3700_DHNA_A_20260824T232917_20260824T232954_P00500_M_F_I_001_gcov.tif,Band 1: HHHH,400,0.10632415181590835,0.07465661437687218,0.7021604508647674,2.028277026371203,-9.733680731156078,2.7299217050666003,-19.284224180633267,-15.343707093513961,-10.438139717912767,-6.41561761595505,-1.4634348660883625,0
50,ROI 50,point,400,40000.000244140625,678973.5976599104,2396183.904550375,88.72960379031905,21.65992889666868,power,vegetation,sigma0,43.43050003051758,NISAR_S2_PR_GCOV_028_170_A_013_3700_DHNA_A_20260824T232917_20260824T232954_P00500_M_F_I_001_gcov.tif,Band 2: HVHV,400,0.03593380466924008,0.02071687194845011,0.5765287627943303,3.008555601088141,-14.444967972852433,2.549113843628243,-23.166681399445565,-19.69233727325864,-15.019794595246651,-11.274226027776786,-9.088351764677977,0
51,ROI 51,point,400,40000.0,680337.1599890625,2395095.452877604,88.74265860406148,21.64996159868943,power,vegetation,gamma0,43.3786735534668,NISAR_S2_PR_GCOV_028_170_A_013_3700_DHNA_A_20260824T232917_20260824T232954_P00500_M_F_I_001_gcov.tif,Band 1: HHHH,400,0.15983516457024963,0.10133350495505329,0.6339875535368558,2.487932172792322,-7.963276674578273,2.5944563611502636,-17.0741304595934,-13.187598290062763,-8.692889703232654,-4.459683173911907,-0.4346380274710048,0
51,ROI 51,point,400,40000.0,680337.1599890625,2395095.452877604,88.74265860406148,21.64996159868943,power,vegetation,gamma0,43.3786735534668,NISAR_S2_PR_GCOV_028_170_A_013_3700_DHNA_A_20260824T232917_20260824T232954_P00500_M_F_I_001_gcov.tif,Band 2: HVHV,400,0.05568781730253249,0.036795571829260396,0.660747244399307,2.290494634498874,-12.542398040539078,2.6362678552054235,-20.080215174432855,-17.96091858287324,-13.210426175662288,-9.164279715846671,-4.745088979016676,0
51,ROI 51,point,400,40000.0,680337.1599890625,2395095.452877604,88.74265860406148,21.64996159868943,power,vegetation,sigma0,43.3786735534668,NISAR_S2_PR_GCOV_028_170_A_013_3700_DHNA_A_20260824T232917_20260824T232954_P00500_M_F_I_001_gcov.tif,Band 1: HHHH,400,0.11502485575858834,0.07186030231607972,0.624737165216695,2.5621545015166123,-9.392083026690209,2.6085796929765093,-18.849814939945894,-14.60185438687628,-10.082398454843108,-5.893437610334348,-2.458608825439189,0
51,ROI 51,point,400,40000.0,680337.1599890625,2395095.452877604,88.74265860406148,21.64996159868943,power,vegetation,sigma0,43.3786735534668,NISAR_S2_PR_GCOV_028_170_A_013_3700_DHNA_A_20260824T232917_20260824T232954_P00500_M_F_I_001_gcov.tif,Band 2: HVHV,400,0.03998160630806973,0.026147866082236203,0.6539973877177271,2.3380186588265763,-13.981397615756542,2.627663757803825,-21.70909394106246,-19.34390988872344,-14.636211374017883,-10.60476834609359,-6.217892994638518,0
52,ROI 52,point,400,40000.0,680660.1086342448,2398372.783577083,88.74613456533808,21.67952548568732,power,vegetation,gamma0,43.31753921508789,NISAR_S2_PR_GCOV_028_170_A_013_3700_DHNA_A_20260824T232917_20260824T232954_P00500_M_F_I_001_gcov.tif,Band 1: HHHH,400,0.15116974788252263,0.09720541025602189,0.6430215808229195,2.4185156523730953,-8.20535111230453,2.592539095615968,-16.945778512691007,-13.346871139739868,-8.907105437417808,-4.640522259920416,-1.6340006279657036,0
52,ROI 52,point,400,40000.0,680660.1086342448,2398372.783577083,88.74613456533808,21.67952548568732,power,vegetation,gamma0,43.31753921508789,NISAR_S2_PR_GCOV_028_170_A_013_3700_DHNA_A_20260824T232917_20260824T232954_P00500_M_F_I_001_gcov.tif,Band 2: HVHV,400,0.05444809602806345,0.03398978339446901,0.6242602749038297,2.5660706032467893,-12.640173022987124,2.713295629004833,-21.829343027059707,-17.955507327453095,-13.247081669098144,-9.455904400780753,-5.535984030130509,0
52,ROI 52,point,400,40000.0,680660.1086342448,2398372.783577083,88.74613456533808,21.67952548568732,power,vegetation,sigma0,43.31753921508789,NISAR_S2_PR_GCOV_028_170_A_013_3700_DHNA_A_20260824T232917_20260824T232954_P00500_M_F_I_001_gcov.tif,Band 1: HHHH,400,0.10729712031509145,0.06883030981708102,0.6414926105654297,2.43005824930685,-9.694119336542515,2.5815461715632395,-18.61721515803469,-14.904281546300872,-10.411993881777333,-6.086921351389457,-3.143165902779603,0
52,ROI 52,point,400,40000.0,680660.1086342448,2398372.783577083,88.74613456533808,21.67952548568732,power,vegetation,sigma0,43.31753921508789,NISAR_S2_PR_GCOV_028_170_A_013_3700_DHNA_A_20260824T232917_20260824T232954_P00500_M_F_I_001_gcov.tif,Band 2: HVHV,400,0.03869675976578079,0.02428966304741895,0.6276924268191078,2.5380853495736657,-14.123253986698671,2.7062527626196227,-23.48023351060418,-19.357367021540597,-14.668926910404894,-10.967053853199825,-6.92202026249454,0
53,ROI 53,point,400,40000.0,681329.9280470052,2399939.682561979,88.75277746663018,21.69360737430165,power,vegetation,gamma0,43.263668060302734,NISAR_S2_PR_GCOV_028_170_A_013_3700_DHNA_A_20260824T232917_20260824T232954_P00500_M_F_I_001_gcov.tif,Band 1: HHHH,400,0.1723470268258825,0.12475880123657318,0.7238813661845969,1.9083815327082678,-7.635962042447223,2.7804266744197923,-16.93232676284032,-12.87137262633207,-8.428090973082995,-3.645271641978752,-0.33449399919725564,0
53,ROI 53,point,400,40000.0,681329.9280470052,2399939.682561979,88.75277746663018,21.69360737430165,power,vegetation,gamma0,43.263668060302734,NISAR_S2_PR_GCOV_028_170_A_013_3700_DHNA_A_20260824T232917_20260824T232954_P00500_M_F_I_001_gcov.tif,Band 2: HVHV,400,0.05532052319031209,0.0334337109846066,0.6043636078709687,2.737810531244443,-12.571137212310013,2.5353269364049265,-20.958019507189242,-17.773913502409016,-13.167497171772409,-9.230439904932226,-6.914784824334798,0
53,ROI 53,point,400,40000.0,681329.9280470052,2399939.682561979,88.75277746663018,21.69360737430165,power,vegetation,sigma0,43.263668060302734,NISAR_S2_PR_GCOV_028_170_A_013_3700_DHNA_A_20260824T232917_20260824T232954_P00500_M_F_I_001_gcov.tif,Band 1: HHHH,400,0.12312099550193295,0.08983454479281176,0.7296443992072936,1.8783542148250103,-9.096678816492195,2.7828149035960488,-18.396438310489483,-14.362707406454833,-9.960900919345226,-5.235228940263832,-1.7525448200523663,0
53,ROI 53,point,400,40000.0,681329.9280470052,2399939.682561979,88.75277746663018,21.69360737430165,power,vegetation,sigma0,43.263668060302734,NISAR_S2_PR_GCOV_028_170_A_013_3700_DHNA_A_20260824T232917_20260824T232954_P00500_M_F_I_001_gcov.tif,Band 2: HVHV,400,0.03948809601256163,0.023888370080342936,0.60495117497546,2.732494842102574,-14.035338060247316,2.5325171323296094,-22.13644375251053,-19.199979098201695,-14.624305886821984,-10.634632289871712,-8.163970331972385,0
54,ROI 54,point,400,40000.0,682514.07308125,2398707.693284375,88.76408407978022,21.682360408881078,power,vegetation,gamma0,43.221927642822266,NISAR_S2_PR_GCOV_028_170_A_013_3700_DHNA_A_20260824T232917_20260824T232954_P00500_M_F_I_001_gcov.tif,Band 1: HHHH,400,0.129912356431596,0.07791704649445536,0.599766247296744,2.7799434201394773,-8.86349539651802,2.493100758093679,-17.06700453078326,-13.739875779836119,-9.44421058856215,-5.636137238244831,-2.4551795686740356,0
54,ROI 54,point,400,40000.0,682514.07308125,2398707.693284375,88.76408407978022,21.682360408881078,power,vegetation,gamma0,43.221927642822266,NISAR_S2_PR_GCOV_028_170_A_013_3700_DHNA_A_20260824T232917_20260824T232954_P00500_M_F_I_001_gcov.tif,Band 2: HVHV,400,0.04916275454335846,0.029058793550618255,0.591073340388001,2.862313883002602,-13.083637919884556,2.5620483675762564,-22.152370639875695,-17.92978545217977,-13.774148012623424,-9.633739048876613,-7.390187299060578,0
54,ROI 54,point,400,40000.0,682514.07308125,2398707.693284375,88.76408407978022,21.682360408881078,power,vegetation,sigma0,43.221927642822266,NISAR_S2_PR_GCOV_028_170_A_013_3700_DHNA_A_20260824T232917_20260824T232954_P00500_M_F_I_001_gcov.tif,Band 1: HHHH,400,0.09328808385721804,0.05572760971260383,0.5973711476151408,2.802279916982088,-10.301738272670377,2.4770451897191252,-18.60800954273758,-15.188700802574125,-10.891300557726751,-7.019471107039692,-3.5933081949341528,0
54,ROI 54,point,400,40000.0,682514.07308125,2398707.693284375,88.76408407978022,21.682360408881078,power,vegetation,sigma0,43.221927642822266,NISAR_S2_PR_GCOV_028_170_A_013_3700_DHNA_A_20260824T232917_20260824T232954_P00500_M_F_I_001_gcov.tif,Band 2: HVHV,400,0.035349139361771406,0.02084564542733487,0.5897072970856696,2.875590210063225,-14.516211554168304,2.555149332797777,-23.205457952279662,-19.424649813754982,-15.29466796615135,-11.07455440797753,-8.814160076520356,0
55,ROI 55,point,400,39999.999755859375,683028.4000914006,2401087.9492998696,88.76931608392012,21.703802563945853,power,vegetation,gamma0,43.16404724121094,NISAR_S2_PR_GCOV_028_170_A_013_3700_DHNA_A_20260824T232917_20260824T232954_P00500_M_F_I_001_gcov.tif,Band 1: HHHH,400,0.17749279647134245,0.10388802974128471,0.5853084283229388,2.9189754620996067,-7.508192680524326,2.638832419349371,-15.658866830166623,-13.004916570163337,-8.196622932554192,-4.07712539978425,-2.317886664397378,0
55,ROI 55,point,400,39999.999755859375,683028.4000914006,2401087.9492998696,88.76931608392012,21.703802563945853,power,vegetation,gamma0,43.16404724121094,NISAR_S2_PR_GCOV_028_170_A_013_3700_DHNA_A_20260824T232917_20260824T232954_P00500_M_F_I_001_gcov.tif,Band 2: HVHV,400,0.05621990677667782,0.03331371327870904,0.5925608061045176,2.84796176942782,-12.50109878871018,2.5540854250639247,-20.713787279629287,-17.702689605709832,-12.974293020482762,-9.284993886937595,-6.465221660822462,0
55,ROI 55,point,400,39999.999755859375,683028.4000914006,2401087.9492998696,88.76931608392012,21.703802563945853,power,vegetation,sigma0,43.16404724121094,NISAR_S2_PR_GCOV_028_170_A_013_3700_DHNA_A_20260824T232917_20260824T232954_P00500_M_F_I_001_gcov.tif,Band 1: HHHH,400,0.12970063639507962,0.07589863430989671,0.5851832066475199,2.9202248421293104,-8.870578929815071,2.6488000858567258,-17.062594830937776,-14.389918639029675,-9.519580435059117,-5.46807773556785,-3.908217249290944,0
55,ROI 55,point,400,39999.999755859375,683028.4000914006,2401087.9492998696,88.76931608392012,21.703802563945853,power,vegetation,sigma0,43.16404724121094,NISAR_S2_PR_GCOV_028_170_A_013_3700_DHNA_A_20260824T232917_20260824T232954_P00500_M_F_I_001_gcov.tif,Band 2: HVHV,400,0.04106132671596159,0.02429049775715629,0.5915663155548735,2.8575453162813185,-13.865670224249344,2.5607129301149207,-22.00246693581687,-19.14408038489263,-14.392068767345796,-10.624001378599994,-7.990100734452258,0
56,ROI 56,point,400,40000.000244140625,683213.7937565565,2403234.94996411,88.77134499268382,21.723172011066826,power,vegetation,gamma0,43.125057220458984,NISAR_S2_PR_GCOV_028_170_A_013_3700_DHNA_A_20260824T232917_20260824T232954_P00500_M_F_I_001_gcov.tif,Band 1: HHHH,400,0.16225142401643097,0.11084093377380484,0.6831430568065778,2.14277555179691,-7.898114828803562,2.8504187652787154,-17.659114782077115,-13.573267273329286,-8.713123459241796,-4.367345240411868,-1.6720627821261949,0
56,ROI 56,point,400,40000.000244140625,683213.7937565565,2403234.94996411,88.77134499268382,21.723172011066826,power,vegetation,gamma0,43.125057220458984,NISAR_S2_PR_GCOV_028_170_A_013_3700_DHNA_A_20260824T232917_20260824T232954_P00500_M_F_I_001_gcov.tif,Band 2: HVHV,400,0.054241586993448436,0.034394606280951756,0.6341002943941538,2.4870475598270967,-12.656676124224315,2.7606732379550367,-23.54090022075919,-17.941944199062153,-13.35481993873308,-9.382452275763729,-6.0661251945637495,0
56,ROI 56,point,400,40000.000244140625,683213.7937565565,2403234.94996411,88.77134499268382,21.723172011066826,power,vegetation,sigma0,43.125057220458984,NISAR_S2_PR_GCOV_028_170_A_013_3700_DHNA_A_20260824T232917_20260824T232954_P00500_M_F_I_001_gcov.tif,Band 1: HHHH,400,0.11686626610758816,0.08031548377116189,0.6872426616011049,2.1172872279409884,-9.323108315034915,2.8523753937645315,-18.636934222788494,-14.987771635497726,-10.156853912794384,-5.786819728136214,-3.020708858522552,0
56,ROI 56,point,400,40000.000244140625,683213.7937565565,2403234.94996411,88.77134499268382,21.723172011066826,power,vegetation,sigma0,43.125057220458984,NISAR_S2_PR_GCOV_028_170_A_013_3700_DHNA_A_20260824T232917_20260824T232954_P00500_M_F_I_001_gcov.tif,Band 2: HVHV,400,0.03896409858737126,0.02466081670590738,0.6329112593381091,2.4964010497155,-14.093353664685267,2.745908120791461,-24.750466532997887,-19.37195437570778,-14.799198753346117,-10.768804217576651,-7.821545668193988,0
57,ROI 57,point,400,40000.0,684397.9401808594,2399760.266649479,88.78240281680434,21.691671108437262,power,vegetation,gamma0,43.11455154418945,NISAR_S2_PR_GCOV_028_170_A_013_3700_DHNA_A_20260824T232917_20260824T232954_P00500_M_F_I_001_gcov.tif,Band 1: HHHH,400,0.15328868294600398,0.10370973100416517,0.6765648253413266,2.1846464828813525,-8.144899072169112,2.6974641930462115,-15.699144257275975,-13.759694004937764,-8.85235908607717,-4.419479500374173,-0.5714885370220286,0
57,ROI 57,point,400,40000.0,684397.9401808594,2399760.266649479,88.78240281680434,21.691671108437262,power,vegetation,gamma0,43.11455154418945,NISAR_S2_PR_GCOV_028_170_A_013_3700_DHNA_A_20260824T232917_20260824T232954_P00500_M_F_I_001_gcov.tif,Band 2: HVHV,400,0.05685809164075181,0.0399050482610472,0.7018358708410488,2.030153506227686,-12.452077208643487,2.668264536144257,-21.415258844117822,-17.88838443175956,-13.263893812008838,-8.877758536504388,-4.737154699530873,0
57,ROI 57,point,400,40000.0,684397.9401808594,2399760.266649479,88.78240281680434,21.691671108437262,power,vegetation,sigma0,43.11455154418945,NISAR_S2_PR_GCOV_028_170_A_013_3700_DHNA_A_20260824T232917_20260824T232954_P00500_M_F_I_001_gcov.tif,Band 1: HHHH,400,0.11104127072643051,0.07530485378726491,0.6781699569414288,2.1743172277901532,-9.545155769115631,2.69712219007825,-17.09114987238341,-15.145291981054424,-10.242714053792525,-5.816172470054873,-2.093249109883687,0
57,ROI 57,point,400,40000.0,684397.9401808594,2399760.266649479,88.78240281680434,21.691671108437262,power,vegetation,sigma0,43.11455154418945,NISAR_S2_PR_GCOV_028_170_A_013_3700_DHNA_A_20260824T232917_20260824T232954_P00500_M_F_I_001_gcov.tif,Band 2: HVHV,400,0.041164405662927006,0.029121615628223074,0.7074465222863702,1.9980795183171345,-13.854781506077273,2.6621557013085506,-22.848063657866202,-19.266356997381394,-14.663928529778653,-10.350871382272711,-5.922673892604719,0
58,ROI 58,point,400,40000.0,684984.032167448,2403205.0522,88.7884503294612,21.72271815484016,power,vegetation,gamma0,43.03791809082031,NISAR_S2_PR_GCOV_028_170_A_013_3700_DHNA_A_20260824T232917_20260824T232954_P00500_M_F_I_001_gcov.tif,Band 1: HHHH,400,0.16446387440431864,0.11065719278635014,0.6728358625086872,2.2089288985281446,-7.839294829410405,2.7539625719494514,-15.722866744142014,-13.378169435754906,-8.539213797485095,-4.587308860419028,-1.0947351225057758,0
58,ROI 58,point,400,40000.0,684984.032167448,2403205.0522,88.7884503294612,21.72271815484016,power,vegetation,gamma0,43.03791809082031,NISAR_S2_PR_GCOV_028_170_A_013_3700_DHNA_A_20260824T232917_20260824T232954_P00500_M_F_I_001_gcov.tif,Band 2: HVHV,400,0.05410525955958292,0.03554100736854659,0.6568863666462478,2.317498721426384,-12.66760515176659,2.6655800741940054,-21.095726811431312,-17.92962426804101,-13.429448670756052,-9.31428038626967,-6.275267417963169,0
58,ROI 58,point,400,40000.0,684984.032167448,2403205.0522,88.7884503294612,21.72271815484016,power,vegetation,sigma0,43.03791809082031,NISAR_S2_PR_GCOV_028_170_A_013_3700_DHNA_A_20260824T232917_20260824T232954_P00500_M_F_I_001_gcov.tif,Band 1: HHHH,400,0.11887380808253027,0.08009314823488597,0.6737661519119491,2.202833239137111,-9.249138245931215,2.745434582449018,-17.001406272244374,-14.706692280946637,-9.920479642535364,-5.9187439668850415,-2.534865625775378,0
58,ROI 58,point,400,40000.0,684984.032167448,2403205.0522,88.7884503294612,21.72271815484016,power,vegetation,sigma0,43.03791809082031,NISAR_S2_PR_GCOV_028_170_A_013_3700_DHNA_A_20260824T232917_20260824T232954_P00500_M_F_I_001_gcov.tif,Band 2: HVHV,400,0.039068888348308815,0.025343840495194277,0.6486962277822615,2.376387476748623,-14.081689458538872,2.66433298029869,-22.474596232239726,-19.384348751657615,-14.853592220396717,-10.544853755045533,-7.85619830041486,0
59,ROI 59,point,400,40000.0,685474.435665625,2403755.2610036456,88.79325147492588,21.72763552517593,power,vegetation,gamma0,43.00605773925781,NISAR_S2_PR_GCOV_028_170_A_013_3700_DHNA_A_20260824T232917_20260824T232954_P00500_M_F_I_001_gcov.tif,Band 1: HHHH,400,0.16041960375849157,0.10819425571464812,0.6744453494445253,2.1983987640489038,-7.94742560715758,2.7886945639240253,-15.840373524057762,-13.412299735499785,-8.681336917772374,-4.414994245389504,-0.738512906082581,0
59,ROI 59,point,400,40000.0,685474.435665625,2403755.2610036456,88.79325147492588,21.72763552517593,power,vegetation,gamma0,43.00605773925781,NISAR_S2_PR_GCOV_028_170_A_013_3700_DHNA_A_20260824T232917_20260824T232954_P00500_M_F_I_001_gcov.tif,Band 2: HVHV,400,0.049753525379346686,0.02743577716836356,0.5514338322597034,3.2886161411971093,-13.031761410779987,2.5012120532614754,-21.674530156043595,-18.281915283765066,-13.562600645797628,-9.799534163905353,-7.941237819159639,0
59,ROI 59,point,400,40000.0,685474.435665625,2403755.2610036456,88.79325147492588,21.72763552517593,power,vegetation,sigma0,43.00605773925781,NISAR_S2_PR_GCOV_028_170_A_013_3700_DHNA_A_20260824T232917_20260824T232954_P00500_M_F_I_001_gcov.tif,Band 1: HHHH,400,0.11573127479300424,0.07863129170402199,0.6794299280351063,2.166260365606579,-9.365492630480711,2.7929479665347157,-17.37145029049523,-14.875983206055473,-10.068291992663292,-5.894365719181773,-2.1074843466606956,0
59,ROI 59,point,400,40000.0,685474.435665625,2403755.2610036456,88.79325147492588,21.72763552517593,power,vegetation,sigma0,43.00605773925781,NISAR_S2_PR_GCOV_028_170_A_013_3700_DHNA_A_20260824T232917_20260824T232954_P00500_M_F_I_001_gcov.tif,Band 2: HVHV,400,0.03583894218855638,0.019713149430036794,0.5500483057318399,3.3052045154783154,-14.456448173261114,2.5004657030440334,-23.03695796295285,-19.650739892508334,-14.983138135764179,-11.23921184074031,-9.458997781193727,0
60,ROI 60,point,400,40000.000244140625,685851.2076905891,2404353.3091614502,88.79696005468264,21.732996663308572,power,vegetation,gamma0,42.978939056396484,NISAR_S2_PR_GCOV_028_170_A_013_3700_DHNA_A_20260824T232917_20260824T232954_P00500_M_F_I_001_gcov.tif,Band 1: HHHH,400,0.14334993006661534,0.09273697639691764,0.6469272524501571,2.389401361268483,-8.436025145883754,2.5717630068205755,-16.882488102581192,-13.637880552677446,-9.226343284965283,-5.127504671159707,-1.0961742313025427,0
60,ROI 60,point,400,40000.000244140625,685851.2076905891,2404353.3091614502,88.79696005468264,21.732996663308572,power,vegetation,gamma0,42.978939056396484,NISAR_S2_PR_GCOV_028_170_A_013_3700_DHNA_A_20260824T232917_20260824T232954_P00500_M_F_I_001_gcov.tif,Band 2: HVHV,400,0.04969481516629457,0.029942224062388865,0.6025220933450042,2.754571485006583,-13.036889203638502,2.6091828031500426,-21.342446508571307,-18.019402181267065,-13.864883631514688,-9.729109124181047,-7.637681078378192,0
60,ROI 60,point,400,40000.000244140625,685851.2076905891,2404353.3091614502,88.79696005468264,21.732996663308572,power,vegetation,sigma0,42.978939056396484,NISAR_S2_PR_GCOV_028_170_A_013_3700_DHNA_A_20260824T232917_20260824T232954_P00500_M_F_I_001_gcov.tif,Band 1: HHHH,400,0.10247769178863592,0.06628814201940154,0.6468543627633937,2.3899398828876195,-9.893706652183656,2.5680376771471773,-18.211327407121207,-15.089256387520374,-10.733760676920818,-6.483938052361271,-2.39485868914942,0
60,ROI 60,point,400,40000.000244140625,685851.2076905891,2404353.3091614502,88.79696005468264,21.732996663308572,power,vegetation,sigma0,42.978939056396484,NISAR_S2_PR_GCOV_028_170_A_013_3700_DHNA_A_20260824T232917_20260824T232954_P00500_M_F_I_001_gcov.tif,Band 2: HVHV,400,0.035552574648145076,0.021319859285933027,0.5996713176733425,2.780823635224447,-14.49128943035651,2.6155327863698616,-22.494867057929557,-19.49158239887993,-15.28420652014659,-11.156415798118251,-9.230502077736485,0
61,ROI 61,point,400,40000.0,686389.4568289062,2405076.958238021,88.80224382778925,21.739474931758075,power,vegetation,gamma0,42.94267272949219,NISAR_S2_PR_GCOV_028_170_A_013_3700_DHNA_A_20260824T232917_20260824T232954_P00500_M_F_I_001_gcov.tif,Band 1: HHHH,400,0.17036361616570503,0.1260426217444516,0.7398447190851808,1.8269171115457263,-7.686231500954501,2.811835989990458,-16.949217293667342,-13.185759961989039,-8.635381507706736,-3.94656470130524,-0.2547435398912522,0
61,ROI 61,point,400,40000.0,686389.4568289062,2405076.958238021,88.80224382778925,21.739474931758075,power,vegetation,gamma0,42.94267272949219,NISAR_S2_PR_GCOV_028_170_A_013_3700_DHNA_A_20260824T232917_20260824T232954_P00500_M_F_I_001_gcov.tif,Band 2: HVHV,400,0.05359004106023349,0.034300452537375875,0.6400527385083222,2.4410039368419745,-12.709159102035239,2.6126586159594303,-21.940178923107794,-17.973795473434574,-13.387073693741815,-9.439813876656608,-5.697494464301377,0
61,ROI 61,point,400,40000.0,686389.4568289062,2405076.958238021,88.80224382778925,21.739474931758075,power,vegetation,sigma0,42.94267272949219,NISAR_S2_PR_GCOV_028_170_A_013_3700_DHNA_A_20260824T232917_20260824T232954_P00500_M_F_I_001_gcov.tif,Band 1: HHHH,400,0.12228002386927722,0.09035592906790917,0.7389263283470051,1.8314611813676176,-9.126444851708884,2.8136777708290635,-18.574893350965898,-14.56671252614685,-10.101741066528152,-5.34161481340106,-1.7698558749188091,0
61,ROI 61,point,400,40000.0,686389.4568289062,2405076.958238021,88.80224382778925,21.739474931758075,power,vegetation,sigma0,42.94267272949219,NISAR_S2_PR_GCOV_028_170_A_013_3700_DHNA_A_20260824T232917_20260824T232954_P00500_M_F_I_001_gcov.tif,Band 2: HVHV,400,0.038445917179499606,0.02468905919504679,0.6421763611406742,2.4248862458967557,-14.15149773952577,2.6089974634128885,-23.47838139028625,-19.34929758474519,-14.828777202198108,-10.782739234163724,-7.215255327478109,0
62,ROI 62,point,400,39999.999755859375,686688.4847492868,2406907.0054609072,88.80534068595628,21.755969380069995,power,vegetation,gamma0,42.90244674682617,NISAR_S2_PR_GCOV_028_170_A_013_3700_DHNA_A_20260824T232917_20260824T232954_P00500_M_F_I_001_gcov.tif,Band 1: HHHH,400,0.151962658111006,0.09882074023429605,0.6502962073887208,2.3647082018207977,-8.182631184284135,2.697202760426919,-17.539399468971848,-13.106526808212248,-9.058998413132347,-4.6214980686291005,-1.8777357867892506,0
62,ROI 62,point,400,39999.999755859375,686688.4847492868,2406907.0054609072,88.80534068595628,21.755969380069995,power,vegetation,gamma0,42.90244674682617,NISAR_S2_PR_GCOV_028_170_A_013_3700_DHNA_A_20260824T232917_20260824T232954_P00500_M_F_I_001_gcov.tif,Band 2: HVHV,400,0.05310480473795906,0.032987681254484674,0.6211807277563576,2.5915766218473375,-12.748661836872241,2.7537728321437998,-21.966135130906412,-18.470255034343015,-13.316284655921642,-9.438398889999567,-6.321359701294577,0
62,ROI 62,point,400,39999.999755859375,686688.4847492868,2406907.0054609072,88.80534068595628,21.755969380069995,power,vegetation,sigma0,42.90244674682617,NISAR_S2_PR_GCOV_028_170_A_013_3700_DHNA_A_20260824T232917_20260824T232954_P00500_M_F_I_001_gcov.tif,Band 1: HHHH,400,0.11122567747787544,0.07306814970438932,0.6569359824211791,2.3171486716319425,-9.537949402752936,2.712740783473071,-18.964596926110787,-14.4688267819663,-10.43937967002228,-6.084540623907698,-3.119111074970485,0
62,ROI 62,point,400,39999.999755859375,686688.4847492868,2406907.0054609072,88.80534068595628,21.755969380069995,power,vegetation,sigma0,42.90244674682617,NISAR_S2_PR_GCOV_028_170_A_013_3700_DHNA_A_20260824T232917_20260824T232954_P00500_M_F_I_001_gcov.tif,Band 2: HVHV,400,0.03877625317340987,0.024057841783043155,0.6204271896888788,2.597875628683304,-14.114341577309355,2.7562185232974774,-23.26039019715079,-19.843947085585246,-14.655838613278377,-10.91041517285824,-7.725157083362769,0
63,ROI 63,point,400,40000.000244140625,687286.5350012296,2407259.8469650643,88.8111618160684,21.75909244825212,power,vegetation,gamma0,42.867794036865234,NISAR_S2_PR_GCOV_028_170_A_013_3700_DHNA_A_20260824T232917_20260824T232954_P00500_M_F_I_001_gcov.tif,Band 1: HHHH,400,0.13514277605572717,0.09480264665412406,0.70149992046213,2.032098464831588,-8.692071641937808,2.7793808449523816,-18.2497137432077,-14.173454410646844,-9.590283888613683,-5.211952611329416,-0.8862319529222475,0
63,ROI 63,point,400,40000.000244140625,687286.5350012296,2407259.8469650643,88.8111618160684,21.75909244825212,power,vegetation,gamma0,42.867794036865234,NISAR_S2_PR_GCOV_028_170_A_013_3700_DHNA_A_20260824T232917_20260824T232954_P00500_M_F_I_001_gcov.tif,Band 2: HVHV,400,0.048633227712707595,0.03165313075350851,0.6508539992552811,2.3606567561963643,-13.130669060168499,2.7966143082314936,-22.367355036956486,-18.67012657804969,-13.989551653805417,-9.396606501190693,-7.674390123668512,0
63,ROI 63,point,400,40000.000244140625,687286.5350012296,2407259.8469650643,88.8111618160684,21.75909244825212,power,vegetation,sigma0,42.867794036865234,NISAR_S2_PR_GCOV_028_170_A_013_3700_DHNA_A_20260824T232917_20260824T232954_P00500_M_F_I_001_gcov.tif,Band 1: HHHH,400,0.09862655956670281,0.07077110766029095,0.7175664240059723,1.942118751830849,-10.06006116296003,2.7946675274664092,-19.67092327653812,-15.584096837040573,-11.06175631246555,-6.635309879783558,-2.058757765726919,0
63,ROI 63,point,400,40000.000244140625,687286.5350012296,2407259.8469650643,88.8111618160684,21.75909244825212,power,vegetation,sigma0,42.867794036865234,NISAR_S2_PR_GCOV_028_170_A_013_3700_DHNA_A_20260824T232917_20260824T232954_P00500_M_F_I_001_gcov.tif,Band 2: HVHV,400,0.03536678975722165,0.02293534884954374,0.6484995954392638,2.377828789841685,-14.514043592974232,2.8068915357118023,-23.878945599872637,-20.04556187800417,-15.352363012870683,-10.7566001306742,-9.15243631918859,0
64,ROI 64,point,400,40000.0,687986.2584652344,2407546.917324479,88.81795858375405,21.761610560886638,power,vegetation,gamma0,42.82893371582031,NISAR_S2_PR_GCOV_028_170_A_013_3700_DHNA_A_20260824T232917_20260824T232954_P00500_M_F_I_001_gcov.tif,Band 1: HHHH,400,0.1321950737014413,0.08444477388015859,0.6387891130563204,2.450670869066755,-8.787847286941284,2.743725354491866,-18.44840722368862,-14.313799434332381,-9.62176839847515,-5.125449899087516,-2.749564590358836,0
64,ROI 64,point,400,40000.0,687986.2584652344,2407546.917324479,88.81795858375405,21.761610560886638,power,vegetation,gamma0,42.82893371582031,NISAR_S2_PR_GCOV_028_170_A_013_3700_DHNA_A_20260824T232917_20260824T232954_P00500_M_F_I_001_gcov.tif,Band 2: HVHV,400,0.049966243599774314,0.03170178119251891,0.6344639682431941,2.484197232677146,-13.013232990507293,2.7398571256552393,-22.28225462374729,-18.665417327297654,-13.612049364627705,-9.523510984761494,-6.590482796016439,0
64,ROI 64,point,400,40000.0,687986.2584652344,2407546.917324479,88.81795858375405,21.761610560886638,power,vegetation,sigma0,42.82893371582031,NISAR_S2_PR_GCOV_028_170_A_013_3700_DHNA_A_20260824T232917_20260824T232954_P00500_M_F_I_001_gcov.tif,Band 1: HHHH,400,0.09596208002297012,0.06123689751305122,0.638136412824661,2.455686635104744,-10.179003470661506,2.740033689381765,-19.747563322796687,-15.666377728336942,-10.85041543222699,-6.558921676895651,-4.114855308892294,0
64,ROI 64,point,400,40000.0,687986.2584652344,2407546.917324479,88.81795858375405,21.761610560886638,power,vegetation,sigma0,42.82893371582031,NISAR_S2_PR_GCOV_028_170_A_013_3700_DHNA_A_20260824T232917_20260824T232954_P00500_M_F_I_001_gcov.tif,Band 2: HVHV,400,0.03626303804264811,0.02294147918730237,0.6326408493497272,2.498535581649062,-14.405358144190046,2.734364549772431,-23.61667329914955,-19.963914613698726,-14.978075459912038,-10.845084249018024,-7.983233199191419,0
65,ROI 65,point,400,39999.999755859375,688482.6438951333,2407887.8124596016,88.82279601498456,21.7646361059932,power,vegetation,gamma0,42.79932403564453,NISAR_S2_PR_GCOV_028_170_A_013_3700_DHNA_A_20260824T232917_20260824T232954_P00500_M_F_I_001_gcov.tif,Band 1: HHHH,400,0.15248497920576484,0.09467898007015356,0.6209069284286208,2.5938627241701506,-8.16772935132548,2.5515078953036334,-16.59046294677109,-12.911186602797395,-8.882154090457048,-4.830068930920721,-1.8020792657560123,0
65,ROI 65,point,400,39999.999755859375,688482.6438951333,2407887.8124596016,88.82279601498456,21.7646361059932,power,vegetation,gamma0,42.79932403564453,NISAR_S2_PR_GCOV_028_170_A_013_3700_DHNA_A_20260824T232917_20260824T232954_P00500_M_F_I_001_gcov.tif,Band 2: HVHV,400,0.053112255210289734,0.0337595422457904,0.6356262243454873,2.4751207233639176,-12.748052575228648,2.744901310600233,-21.607394016496507,-18.377779859139686,-13.491043019349709,-9.300840855406728,-6.561239938102088,0
65,ROI 65,point,400,39999.999755859375,688482.6438951333,2407887.8124596016,88.82279601498456,21.7646361059932,power,vegetation,sigma0,42.79932403564453,NISAR_S2_PR_GCOV_028_170_A_013_3700_DHNA_A_20260824T232917_20260824T232954_P00500_M_F_I_001_gcov.tif,Band 1: HHHH,400,0.11065028163480455,0.06941112279040924,0.6273018176266104,2.5412471708980715,-9.56047476338749,2.559165816555852,-18.4124076470344,-14.34193192282381,-10.261948067272552,-6.166549752426419,-3.1614846194293595,0
65,ROI 65,point,400,39999.999755859375,688482.6438951333,2407887.8124596016,88.82279601498456,21.7646361059932,power,vegetation,sigma0,42.79932403564453,NISAR_S2_PR_GCOV_028_170_A_013_3700_DHNA_A_20260824T232917_20260824T232954_P00500_M_F_I_001_gcov.tif,Band 2: HVHV,400,0.038448873964446045,0.02437941014671631,0.6340734495699439,2.487258152993849,-14.151163746710926,2.7363788273375627,-22.808852560284677,-19.787212978518394,-14.964747376649184,-10.720199283174551,-7.8890156775120275,0
66,ROI 66,point,400,39999.999755859375,688751.7677670884,2408138.9947403013,88.82542637531907,21.766875637990836,power,vegetation,gamma0,42.782413482666016,NISAR_S2_PR_GCOV_028_170_A_013_3700_DHNA_A_20260824T232917_20260824T232954_P00500_M_F_I_001_gcov.tif,Band 1: HHHH,400,0.13693294493947178,0.09493333292751921,0.6932833655880433,2.0805513544264356,-8.634920516168421,2.788559623411114,-17.638367052296157,-14.13303764590026,-9.534970189639703,-5.064024102383128,-1.6462610703385372,0
66,ROI 66,point,400,39999.999755859375,688751.7677670884,2408138.9947403013,88.82542637531907,21.766875637990836,power,vegetation,gamma0,42.782413482666016,NISAR_S2_PR_GCOV_028_170_A_013_3700_DHNA_A_20260824T232917_20260824T232954_P00500_M_F_I_001_gcov.tif,Band 2: HVHV,400,0.05276867282576859,0.030966253112061567,0.5868302432829007,2.9038556528521124,-12.7762382853831,2.4708349647749666,-21.670194481819557,-17.56069756713565,-13.394910378437109,-9.565818099539058,-5.548404245360235,0
66,ROI 66,point,400,39999.999755859375,688751.7677670884,2408138.9947403013,88.82542637531907,21.766875637990836,power,vegetation,sigma0,42.782413482666016,NISAR_S2_PR_GCOV_028_170_A_013_3700_DHNA_A_20260824T232917_20260824T232954_P00500_M_F_I_001_gcov.tif,Band 1: HHHH,400,0.09877517944471169,0.0685668973016697,0.6941713261077826,2.075232016688392,-10.053521726637037,2.7923574373021256,-19.140961134386657,-15.511427130013777,-10.967532257575069,-6.457765499683323,-2.95074388145375,0
66,ROI 66,point,400,39999.999755859375,688751.7677670884,2408138.9947403013,88.82542637531907,21.766875637990836,power,vegetation,sigma0,42.782413482666016,NISAR_S2_PR_GCOV_028_170_A_013_3700_DHNA_A_20260824T232917_20260824T232954_P00500_M_F_I_001_gcov.tif,Band 2: HVHV,400,0.03805044475831516,0.02234888003450451,0.587348720270099,2.898731208860517,-14.196402625477267,2.4705585412777253,-23.08593623028747,-18.898302058521928,-14.760908378010896,-10.965094898287502,-6.9100191295915225,0
67,ROI 67,point,400,40000.0,690037.580418099,2406368.752821875,88.8376531284706,21.750752372314285,power,vegetation,gamma0,42.743194580078125,NISAR_S2_PR_GCOV_028_170_A_013_3700_DHNA_A_20260824T232917_20260824T232954_P00500_M_F_I_001_gcov.tif,Band 1: HHHH,400,0.1992974302638322,0.1300099865188967,0.6523415096059593,2.34990319311968,-7.004983010457872,2.743768404946944,-15.856156057699728,-12.108280387568417,-7.822939270604101,-3.4076880775519025,-1.445871043199511,0
67,ROI 67,point,400,40000.0,690037.580418099,2406368.752821875,88.8376531284706,21.750752372314285,power,vegetation,gamma0,42.743194580078125,NISAR_S2_PR_GCOV_028_170_A_013_3700_DHNA_A_20260824T232917_20260824T232954_P00500_M_F_I_001_gcov.tif,Band 2: HVHV,400,0.061553603356005626,0.038636326084935314,0.6276858539292268,2.5381385055998953,-12.10746518332609,2.7958571490638007,-22.9050350416789,-17.547375656350116,-12.59671789630923,-8.695343428705481,-6.152359417353086,0
67,ROI 67,point,400,40000.0,690037.580418099,2406368.752821875,88.8376531284706,21.750752372314285,power,vegetation,sigma0,42.743194580078125,NISAR_S2_PR_GCOV_028_170_A_013_3700_DHNA_A_20260824T232917_20260824T232954_P00500_M_F_I_001_gcov.tif,Band 1: HHHH,400,0.14689647761904534,0.09832415084662574,0.669343148592134,2.232041964027107,-8.32988617885389,2.788980432298897,-16.9909436715552,-13.505560685225806,-9.184552774100567,-4.3492005009902766,-2.4142483030629034,0
67,ROI 67,point,400,40000.0,690037.580418099,2406368.752821875,88.8376531284706,21.750752372314285,power,vegetation,sigma0,42.743194580078125,NISAR_S2_PR_GCOV_028_170_A_013_3700_DHNA_A_20260824T232917_20260824T232954_P00500_M_F_I_001_gcov.tif,Band 2: HVHV,400,0.04520400525140081,0.028959048614326525,0.6406301488833033,2.4366056867256027,-13.448230832966196,2.8176901472772693,-24.76687005862963,-18.84941275452935,-13.980459523682384,-10.089292129156814,-6.974868416173283,0
68,ROI 68,point,400,40000.0,690695.4387695312,2406578.0713875,88.84403621883513,21.752571795550185,power,vegetation,gamma0,42.707340240478516,NISAR_S2_PR_GCOV_028_170_A_013_3700_DHNA_A_20260824T232917_20260824T232954_P00500_M_F_I_001_gcov.tif,Band 1: HHHH,400,0.19443389385007323,0.1420273636817488,0.7304660770270086,1.8741307909515545,-7.112280262976553,2.8693707423771424,-16.166935616370694,-12.731927092353088,-8.080363148774438,-3.5029414295217,0.59342354788731,0
68,ROI 68,point,400,40000.0,690695.4387695312,2406578.0713875,88.84403621883513,21.752571795550185,power,vegetation,gamma0,42.707340240478516,NISAR_S2_PR_GCOV_028_170_A_013_3700_DHNA_A_20260824T232917_20260824T232954_P00500_M_F_I_001_gcov.tif,Band 2: HVHV,400,0.06611278110882267,0.040002296302331895,0.6050614666547984,2.731498764863268,-11.797145733667811,2.7495134220811153,-21.70991817984984,-17.281706316946508,-12.40456516363016,-8.447683042096031,-6.155226422183845,0
68,ROI 68,point,400,40000.0,690695.4387695312,2406578.0713875,88.84403621883513,21.752571795550185,power,vegetation,sigma0,42.707340240478516,NISAR_S2_PR_GCOV_028_170_A_013_3700_DHNA_A_20260824T232917_20260824T232954_P00500_M_F_I_001_gcov.tif,Band 1: HHHH,400,0.14159528363793786,0.10372586238995697,0.7325516763339815,1.8634745548806324,-8.489512122121457,2.878222246575264,-17.764225118232673,-14.064617863804683,-9.451147781799111,-4.842202349955771,-0.7450429143365511,0
68,ROI 68,point,400,40000.0,690695.4387695312,2406578.0713875,88.84403621883513,21.752571795550185,power,vegetation,sigma0,42.707340240478516,NISAR_S2_PR_GCOV_028_170_A_013_3700_DHNA_A_20260824T232917_20260824T232954_P00500_M_F_I_001_gcov.tif,Band 2: HVHV,400,0.048249932011761476,0.02939111024979559,0.6091430396758106,2.6950164953689066,-13.165032942774452,2.77672518715207,-23.039042223813478,-18.600369803251727,-13.745712399417924,-9.80213149467844,-7.493759209710968,0
69,ROI 69,point,400,40000.0,691257.6086341146,2409849.42155625,88.84984901463994,21.782051727781568,power,vegetation,gamma0,42.633811950683594,NISAR_S2_PR_GCOV_028_170_A_013_3700_DHNA_A_20260824T232917_20260824T232954_P00500_M_F_I_001_gcov.tif,Band 1: HHHH,400,0.16925356020219623,0.10835112243703716,0.6401704183214647,2.4401065805245334,-7.714621872814799,2.6852012416580537,-15.695879467649673,-13.033242480564661,-8.318440088961623,-4.188809090897655,-1.0666317162165961,0
69,ROI 69,point,400,40000.0,691257.6086341146,2409849.42155625,88.84984901463994,21.782051727781568,power,vegetation,gamma0,42.633811950683594,NISAR_S2_PR_GCOV_028_170_A_013_3700_DHNA_A_20260824T232917_20260824T232954_P00500_M_F_I_001_gcov.tif,Band 2: HVHV,400,0.06182109078159556,0.035347457349851286,0.5717701985351316,3.0588414656464473,-12.088633364411272,2.5197238580489363,-20.693828144946217,-17.26658667711905,-12.577252897438843,-8.747692869453505,-6.414504556444585,0
69,ROI 69,point,400,40000.0,691257.6086341146,2409849.42155625,88.84984901463994,21.782051727781568,power,vegetation,sigma0,42.633811950683594,NISAR_S2_PR_GCOV_028_170_A_013_3700_DHNA_A_20260824T232917_20260824T232954_P00500_M_F_I_001_gcov.tif,Band 1: HHHH,400,0.12162854797017847,0.07666985591445602,0.6303606940473739,2.516643794796192,-9.149644779351325,2.6626156461005466,-17.077588147621626,-14.472425919070893,-9.697255863728229,-5.582981916061832,-2.726314443230602,0
69,ROI 69,point,400,40000.0,691257.6086341146,2409849.42155625,88.84984901463994,21.782051727781568,power,vegetation,sigma0,42.633811950683594,NISAR_S2_PR_GCOV_028_170_A_013_3700_DHNA_A_20260824T232917_20260824T232954_P00500_M_F_I_001_gcov.tif,Band 2: HVHV,400,0.04450921436396877,0.02539842060122424,0.570632867017865,3.0710468044224797,-13.515500714196653,2.4993672823565567,-21.722335211061843,-18.615970421175053,-14.02911844491376,-10.191729474532934,-8.144370736874176,0
70,ROI 70,point,400,40000.000244140625,692047.0372488665,2409867.3582455036,88.8574834270705,21.782128085844406,power,vegetation,gamma0,42.594017028808594,NISAR_S2_PR_GCOV_028_170_A_013_3700_DHNA_A_20260824T232917_20260824T232954_P00500_M_F_I_001_gcov.tif,Band 1: HHHH,400,0.16068286931607872,0.1059526790612718,0.6593900115939095,2.2999334606329227,-7.940304216689342,2.696819395245325,-17.07467157309882,-13.277954627069022,-8.759701576658522,-4.326912199065254,-0.6603038863885207,0
70,ROI 70,point,400,40000.000244140625,692047.0372488665,2409867.3582455036,88.8574834270705,21.782128085844406,power,vegetation,gamma0,42.594017028808594,NISAR_S2_PR_GCOV_028_170_A_013_3700_DHNA_A_20260824T232917_20260824T232954_P00500_M_F_I_001_gcov.tif,Band 2: HVHV,400,0.057278394263703375,0.03692403149383749,0.64464152615458,2.406375756617723,-12.420091654939826,2.5738245456893853,-20.153927895879264,-17.325461372047034,-13.15343611947089,-9.138278305138375,-4.576516028429941,0
70,ROI 70,point,400,40000.000244140625,692047.0372488665,2409867.3582455036,88.8574834270705,21.782128085844406,power,vegetation,sigma0,42.594017028808594,NISAR_S2_PR_GCOV_028_170_A_013_3700_DHNA_A_20260824T232917_20260824T232954_P00500_M_F_I_001_gcov.tif,Band 1: HHHH,400,0.11771570973896982,0.07795797202313741,0.6622563139279056,2.280067923749645,-9.291655745595541,2.7076282272048817,-18.505775913774258,-14.753512386625498,-10.051281003813761,-5.67341502528942,-1.9069364787322636,0
70,ROI 70,point,400,40000.000244140625,692047.0372488665,2409867.3582455036,88.8574834270705,21.782128085844406,power,vegetation,sigma0,42.594017028808594,NISAR_S2_PR_GCOV_028_170_A_013_3700_DHNA_A_20260824T232917_20260824T232954_P00500_M_F_I_001_gcov.tif,Band 2: HVHV,400,0.04188222689223073,0.026890537496221032,0.6420512826458448,2.4258311257626746,-13.779702347941527,2.5696256109168636,-21.670344840244887,-18.77561625591793,-14.497849685088603,-10.560604310501521,-6.062658613447188,0
71,ROI 71,point,400,40000.0,692818.5270876302,2409819.5189052084,88.86493670116614,21.781612090411056,power,vegetation,gamma0,42.55615234375,NISAR_S2_PR_GCOV_028_170_A_013_3700_DHNA_A_20260824T232917_20260824T232954_P00500_M_F_I_001_gcov.tif,Band 1: HHHH,400,0.16609499777201564,0.1144383257314179,0.6889932103102683,2.106541966997324,-7.796434468545889,2.823547284733774,-17.93005670903487,-13.533814730325279,-8.55802834742057,-3.864402977399302,-0.9981146328196505,0
71,ROI 71,point,400,40000.0,692818.5270876302,2409819.5189052084,88.86493670116614,21.781612090411056,power,vegetation,gamma0,42.55615234375,NISAR_S2_PR_GCOV_028_170_A_013_3700_DHNA_A_20260824T232917_20260824T232954_P00500_M_F_I_001_gcov.tif,Band 2: HVHV,400,0.058522193640237676,0.04108811996727986,0.7020946654848085,2.0286571381497374,-12.326794031893261,2.8105458517035005,-21.827782740279925,-18.234881025074262,-13.056559150891074,-8.769120609794562,-4.7605099900390355,0
71,ROI 71,point,400,40000.0,692818.5270876302,2409819.5189052084,88.86493670116614,21.781612090411056,power,vegetation,sigma0,42.55615234375,NISAR_S2_PR_GCOV_028_170_A_013_3700_DHNA_A_20260824T232917_20260824T232954_P00500_M_F_I_001_gcov.tif,Band 1: HHHH,400,0.12165469416637739,0.08425583159218664,0.6925818372199981,2.0847683434602393,-9.148711287288663,2.837478936191499,-19.380834532450365,-14.90301275460353,-9.92471014982107,-5.158049698818107,-2.4241456302281237,0
71,ROI 71,point,400,40000.0,692818.5270876302,2409819.5189052084,88.86493670116614,21.781612090411056,power,vegetation,sigma0,42.55615234375,NISAR_S2_PR_GCOV_028_170_A_013_3700_DHNA_A_20260824T232917_20260824T232954_P00500_M_F_I_001_gcov.tif,Band 2: HVHV,400,0.042854964146700765,0.030417881042666996,0.7097866407854351,1.9849261711804302,-13.679988639006616,2.815344720137629,-23.239937584930676,-19.641868082994375,-14.487775094763665,-10.188579514309906,-6.102438462076577,0
72,ROI 72,point,400,39999.999755859375,693637.8611741243,2409347.061900279,88.87280264803326,21.777256240658915,power,vegetation,gamma0,42.52162170410156,NISAR_S2_PR_GCOV_028_170_A_013_3700_DHNA_A_20260824T232917_20260824T232954_P00500_M_F_I_001_gcov.tif,Band 1: HHHH,400,0.1669680659053847,0.10468835443765986,0.6269962694362363,2.5437245785254388,-7.773665835066435,2.6297692216987567,-17.404597500704657,-12.903158556131247,-8.536855772776795,-4.493540795776338,-0.895408586584152,0
72,ROI 72,point,400,39999.999755859375,693637.8611741243,2409347.061900279,88.87280264803326,21.777256240658915,power,vegetation,gamma0,42.52162170410156,NISAR_S2_PR_GCOV_028_170_A_013_3700_DHNA_A_20260824T232917_20260824T232954_P00500_M_F_I_001_gcov.tif,Band 2: HVHV,400,0.060670814809855075,0.03867880167537107,0.63751907398297,2.460444844878578,-12.170201724360798,2.6907728969950244,-22.18193754590672,-17.223930217985437,-13.02008285515485,-8.709216605323487,-6.132569240770993,0
72,ROI 72,point,400,39999.999755859375,693637.8611741243,2409347.061900279,88.87280264803326,21.777256240658915,power,vegetation,sigma0,42.52162170410156,NISAR_S2_PR_GCOV_028_170_A_013_3700_DHNA_A_20260824T232917_20260824T232954_P00500_M_F_I_001_gcov.tif,Band 1: HHHH,400,0.12156512386299494,0.07594380736129486,0.6247170647963495,2.562319380031676,-9.151910030760732,2.6349612497959254,-18.805624069189353,-14.331768811901647,-9.892975289313167,-5.7400162115252495,-2.6796502910991054,0
72,ROI 72,point,400,39999.999755859375,693637.8611741243,2409347.061900279,88.87280264803326,21.777256240658915,power,vegetation,sigma0,42.52162170410156,NISAR_S2_PR_GCOV_028_170_A_013_3700_DHNA_A_20260824T232917_20260824T232954_P00500_M_F_I_001_gcov.tif,Band 2: HVHV,400,0.04414175944589716,0.02802628487359232,0.6349154457230697,2.4806655487247173,-13.551503602904567,2.6909929057075845,-23.66165902415609,-18.380626796117856,-14.35207876401363,-10.080337296483247,-7.520553851853523,0
73,ROI 73,point,400,40000.0,694307.679176302,2410794.345372396,88.87944864841049,21.79025159502636,power,vegetation,gamma0,42.46772384643555,NISAR_S2_PR_GCOV_028_170_A_013_3700_DHNA_A_20260824T232917_20260824T232954_P00500_M_F_I_001_gcov.tif,Band 1: HHHH,400,0.16059200081508607,0.0987899645004408,0.6151611786330047,2.6425435860353916,-7.94276090990012,2.704711470216581,-16.25526458975526,-13.299828160582972,-8.78239879587995,-4.4233571990159835,-2.569770457164311,0
73,ROI 73,point,400,40000.0,694307.679176302,2410794.345372396,88.87944864841049,21.79025159502636,power,vegetation,gamma0,42.46772384643555,NISAR_S2_PR_GCOV_028_170_A_013_3700_DHNA_A_20260824T232917_20260824T232954_P00500_M_F_I_001_gcov.tif,Band 2: HVHV,400,0.06253582513541915,0.040243788853123165,0.6435317478577542,2.414682561340221,-12.03871115436712,2.78357342924782,-22.501638419717523,-17.39160448654725,-12.620428565713564,-8.443134374971578,-4.766910747899024,0
73,ROI 73,point,400,40000.0,694307.679176302,2410794.345372396,88.87944864841049,21.79025159502636,power,vegetation,sigma0,42.46772384643555,NISAR_S2_PR_GCOV_028_170_A_013_3700_DHNA_A_20260824T232917_20260824T232954_P00500_M_F_I_001_gcov.tif,Band 1: HHHH,400,0.11694493742240336,0.07200291298004519,0.615699273239779,2.6379266661943244,-9.320185741720902,2.707465475623669,-17.589051132244993,-14.660976857144421,-10.11298720387072,-5.689451137262809,-3.8750171081597315,0
73,ROI 73,point,400,40000.0,694307.679176302,2410794.345372396,88.87944864841049,21.79025159502636,power,vegetation,sigma0,42.46772384643555,NISAR_S2_PR_GCOV_028_170_A_013_3700_DHNA_A_20260824T232917_20260824T232954_P00500_M_F_I_001_gcov.tif,Band 2: HVHV,400,0.04550212025106603,0.02930244257182344,0.6439797180909814,2.4113242888747615,-13.419683661586143,2.7819442587395504,-24.069798136391345,-18.78366897748393,-14.015133534478988,-9.89828625470858,-5.982320229163619,0
74,ROI 74,point,400,40000.0,695049.2649548177,2409969.03216875,88.8865211594282,21.782717390237313,power,vegetation,gamma0,42.44218444824219,NISAR_S2_PR_GCOV_028_170_A_013_3700_DHNA_A_20260824T232917_20260824T232954_P00500_M_F_I_001_gcov.tif,Band 1: HHHH,400,0.20464790254365653,0.17149246442376678,0.8379878918484549,1.4240476221408884,-6.889927021224693,2.9088113598514713,-16.46261309528337,-12.372351709208495,-7.98061861334185,-3.1086181529433827,1.4484047643743336,0
74,ROI 74,point,400,40000.0,695049.2649548177,2409969.03216875,88.8865211594282,21.782717390237313,power,vegetation,gamma0,42.44218444824219,NISAR_S2_PR_GCOV_028_170_A_013_3700_DHNA_A_20260824T232917_20260824T232954_P00500_M_F_I_001_gcov.tif,Band 2: HVHV,400,0.06266263937810436,0.03846412103321545,0.6138286132686523,2.6540294772324886,-12.029913163932635,2.6295924162528643,-20.587277295593495,-17.045404696385738,-12.77942461696314,-8.504414697276312,-6.600031275084355,0
74,ROI 74,point,400,40000.0,695049.2649548177,2409969.03216875,88.8865211594282,21.782717390237313,power,vegetation,sigma0,42.44218444824219,NISAR_S2_PR_GCOV_028_170_A_013_3700_DHNA_A_20260824T232917_20260824T232954_P00500_M_F_I_001_gcov.tif,Band 1: HHHH,400,0.14993388349420111,0.12527681940148372,0.8355470857014716,1.4323796504623991,-8.241002100358516,2.9012723697436464,-17.742890196990466,-13.726107055363839,-9.300137094790779,-4.40810951299145,-0.002087461141639951,0
74,ROI 74,point,400,40000.0,695049.2649548177,2409969.03216875,88.8865211594282,21.782717390237313,power,vegetation,sigma0,42.44218444824219,NISAR_S2_PR_GCOV_028_170_A_013_3700_DHNA_A_20260824T232917_20260824T232954_P00500_M_F_I_001_gcov.tif,Band 2: HVHV,400,0.04605327326012878,0.02853990545482765,0.6197150264134742,2.6038499058665194,-13.367394966660129,2.642092742246494,-22.026284180747364,-18.3785757044698,-14.105344146656817,-9.734345344023664,-7.971389924121187,0
75,ROI 75,point,400,40000.0,695778.8896723959,2409927.168453125,88.8935702110746,21.782258687061066,power,vegetation,gamma0,42.40605545043945,NISAR_S2_PR_GCOV_028_170_A_013_3700_DHNA_A_20260824T232917_20260824T232954_P00500_M_F_I_001_gcov.tif,Band 1: HHHH,400,0.16688114213757216,0.1020866478207475,0.611732677000677,2.672247258787236,-7.775927365880396,2.4941118012463135,-17.476484069764886,-12.840170253041476,-8.352103894326149,-4.8605785538802575,-0.032836961287743674,0
75,ROI 75,point,400,40000.0,695778.8896723959,2409927.168453125,88.8935702110746,21.782258687061066,power,vegetation,gamma0,42.40605545043945,NISAR_S2_PR_GCOV_028_170_A_013_3700_DHNA_A_20260824T232917_20260824T232954_P00500_M_F_I_001_gcov.tif,Band 2: HVHV,400,0.05954821745166555,0.03461942381737884,0.5813679283595506,2.9586790750923684,-12.251312343909802,2.5186447786414092,-19.8162926977866,-17.559708235776036,-12.724930817266042,-8.996287673639895,-5.991868547093119,0
75,ROI 75,point,400,40000.0,695778.8896723959,2409927.168453125,88.8935702110746,21.782258687061066,power,vegetation,sigma0,42.40605545043945,NISAR_S2_PR_GCOV_028_170_A_013_3700_DHNA_A_20260824T232917_20260824T232954_P00500_M_F_I_001_gcov.tif,Band 1: HHHH,400,0.1209441016165108,0.0742589604388062,0.6139940637557199,2.6525993288549734,-9.174153071108268,2.494948154079507,-18.75127969569728,-14.119765789644303,-9.730599700605566,-6.219469516419314,-1.54509520179563,0
75,ROI 75,point,400,40000.0,695778.8896723959,2409927.168453125,88.8935702110746,21.782258687061066,power,vegetation,sigma0,42.40605545043945,NISAR_S2_PR_GCOV_028_170_A_013_3700_DHNA_A_20260824T232917_20260824T232954_P00500_M_F_I_001_gcov.tif,Band 2: HVHV,400,0.04310807777770469,0.02499728136954478,0.5798746466601502,2.973936959180591,-13.654413422388512,2.5179171469725565,-21.293677909358927,-18.752698315603695,-14.132442413199968,-10.41396934944779,-7.3029352782141475,0
76,ROI 76,point,400,40000.0,696119.7799101563,2410788.3648401042,88.8969682676502,21.7899973438102,power,vegetation,gamma0,42.37690353393555,NISAR_S2_PR_GCOV_028_170_A_013_3700_DHNA_A_20260824T232917_20260824T232954_P00500_M_F_I_001_gcov.tif,Band 1: HHHH,400,0.15175734685733913,0.10078260824677897,0.6641036518747299,2.2674006310933654,-8.188502747346382,2.792501445076453,-17.230099793300354,-13.880714130618655,-8.986565532146502,-4.552966389994875,-1.4136844549137029,0
76,ROI 76,point,400,40000.0,696119.7799101563,2410788.3648401042,88.8969682676502,21.7899973438102,power,vegetation,gamma0,42.37690353393555,NISAR_S2_PR_GCOV_028_170_A_013_3700_DHNA_A_20260824T232917_20260824T232954_P00500_M_F_I_001_gcov.tif,Band 2: HVHV,400,0.0582809681026265,0.03672446393487597,0.630127898188104,2.5185036473050904,-12.344732427953794,2.587656441395056,-21.540302683829616,-17.518874403113685,-12.995745491732029,-8.938634009256647,-5.853258036813205,0
76,ROI 76,point,400,40000.0,696119.7799101563,2410788.3648401042,88.8969682676502,21.7899973438102,power,vegetation,sigma0,42.37690353393555,NISAR_S2_PR_GCOV_028_170_A_013_3700_DHNA_A_20260824T232917_20260824T232954_P00500_M_F_I_001_gcov.tif,Band 1: HHHH,400,0.11047727519589007,0.073230552193102,0.6628562486109025,2.2759425261012174,-9.567270457073246,2.784037094100324,-18.635715074181487,-15.215154888242044,-10.292876081139912,-6.101237598688375,-2.792971004569927,0
76,ROI 76,point,400,40000.0,696119.7799101563,2410788.3648401042,88.8969682676502,21.7899973438102,power,vegetation,sigma0,42.37690353393555,NISAR_S2_PR_GCOV_028_170_A_013_3700_DHNA_A_20260824T232917_20260824T232954_P00500_M_F_I_001_gcov.tif,Band 2: HVHV,400,0.042430561981255985,0.02667131039681601,0.6285872529474924,2.5308643041878804,-13.72321216082969,2.5804697089787405,-22.87253828293792,-18.91367997075742,-14.440352259011727,-10.213948137243325,-7.178275204092303,0
77,ROI 77,point,400,39999.999755859375,696646.068008761,2411488.0918149096,88.90214006839611,21.796257227016593,power,vegetation,gamma0,42.340389251708984,NISAR_S2_PR_GCOV_028_170_A_013_3700_DHNA_A_20260824T232917_20260824T232954_P00500_M_F_I_001_gcov.tif,Band 1: HHHH,400,0.2096807083999738,0.16937568795906421,0.8077790715775995,1.5325505417640697,-6.784415248081181,2.983072392791033,-17.55153747404497,-12.852976668677428,-7.988533773967466,-2.574424084062752,2.0116067646684064,0
77,ROI 77,point,400,39999.999755859375,696646.068008761,2411488.0918149096,88.90214006839611,21.796257227016593,power,vegetation,gamma0,42.340389251708984,NISAR_S2_PR_GCOV_028_170_A_013_3700_DHNA_A_20260824T232917_20260824T232954_P00500_M_F_I_001_gcov.tif,Band 2: HVHV,400,0.05852673843735829,0.03221407567318164,0.5504163828924221,3.3007854481847008,-12.326456774598075,2.5130663387887773,-20.11449695911417,-17.506097933092345,-12.827026607841145,-9.230848936558957,-6.792339018340609,0
77,ROI 77,point,400,39999.999755859375,696646.068008761,2411488.0918149096,88.90214006839611,21.796257227016593,power,vegetation,sigma0,42.340389251708984,NISAR_S2_PR_GCOV_028_170_A_013_3700_DHNA_A_20260824T232917_20260824T232954_P00500_M_F_I_001_gcov.tif,Band 1: HHHH,400,0.15316504907342998,0.12463545016963003,0.8137329692616598,1.5102059447493354,-8.148403256059739,2.9850490387989472,-18.889434658854487,-14.23489160333159,-9.31830014602384,-4.040182750252816,0.7481090117016863,0
77,ROI 77,point,400,39999.999755859375,696646.068008761,2411488.0918149096,88.90214006839611,21.796257227016593,power,vegetation,sigma0,42.340389251708984,NISAR_S2_PR_GCOV_028_170_A_013_3700_DHNA_A_20260824T232917_20260824T232954_P00500_M_F_I_001_gcov.tif,Band 2: HVHV,400,0.04272410057985665,0.023581509051354425,0.551948636280304,3.282484399325026,-13.693270712009458,2.5115901351699272,-21.5476452599739,-18.910916880845402,-14.1688780530622,-10.548046951409422,-8.40985519704627,0
78,ROI 78,point,400,40000.0,697782.3673813802,2410555.124153125,88.91301488354235,21.787705883624266,power,vegetation,gamma0,42.29602813720703,NISAR_S2_PR_GCOV_028_170_A_013_3700_DHNA_A_20260824T232917_20260824T232954_P00500_M_F_I_001_gcov.tif,Band 1: HHHH,400,0.1770983110833913,0.13437743779866376,0.7587731185950649,1.7369052461950534,-7.517855804850298,2.8283030423519895,-16.575946037004552,-12.911636889207145,-8.552745865796066,-3.6465187081212536,1.3444796684990368,0
78,ROI 78,point,400,40000.0,697782.3673813802,2410555.124153125,88.91301488354235,21.787705883624266,power,vegetation,gamma0,42.29602813720703,NISAR_S2_PR_GCOV_028_170_A_013_3700_DHNA_A_20260824T232917_20260824T232954_P00500_M_F_I_001_gcov.tif,Band 2: HVHV,400,0.05554291951470077,0.038751632710543105,0.6976880770605973,2.054364006594941,-12.553712960693662,2.7694255660242235,-22.31475089292314,-17.95743802019667,-13.260953313866164,-9.083968203141158,-5.090381327659087,0
78,ROI 78,point,400,40000.0,697782.3673813802,2410555.124153125,88.91301488354235,21.787705883624266,power,vegetation,sigma0,42.29602813720703,NISAR_S2_PR_GCOV_028_170_A_013_3700_DHNA_A_20260824T232917_20260824T232954_P00500_M_F_I_001_gcov.tif,Band 1: HHHH,400,0.12897702147145465,0.09680250343929776,0.7505406958147364,1.7752172483681605,-8.894876566547454,2.828565298351647,-18.00754921969125,-14.325006630539862,-9.934643262941695,-5.1578957600180875,-0.13029787524427983,0
78,ROI 78,point,400,40000.0,697782.3673813802,2410555.124153125,88.91301488354235,21.787705883624266,power,vegetation,sigma0,42.29602813720703,NISAR_S2_PR_GCOV_028_170_A_013_3700_DHNA_A_20260824T232917_20260824T232954_P00500_M_F_I_001_gcov.tif,Band 2: HVHV,400,0.040458137937494525,0.028223055454765385,0.6975866140544671,2.0549616588502775,-13.929941092587484,2.7610908861009755,-23.710645223804345,-19.287670534528207,-14.629849228538491,-10.195453193177704,-6.497332233189476,0
79,ROI 79,point,400,40000.000244140625,698368.4579470024,2411607.6926093604,88.91880789202025,21.79714455855999,power,vegetation,gamma0,42.25198745727539,NISAR_S2_PR_GCOV_028_170_A_013_3700_DHNA_A_20260824T232917_20260824T232954_P00500_M_F_I_001_gcov.tif,Band 1: HHHH,400,0.17719277310185133,0.13234269983000901,0.74688542604352,1.7926356531355816,-7.515539950109948,2.8689904815547567,-16.94108797741622,-12.837655770631994,-8.431255725885055,-3.869368767693629,-0.5515281463927839,0
79,ROI 79,point,400,40000.000244140625,698368.4579470024,2411607.6926093604,88.91880789202025,21.79714455855999,power,vegetation,gamma0,42.25198745727539,NISAR_S2_PR_GCOV_028_170_A_013_3700_DHNA_A_20260824T232917_20260824T232954_P00500_M_F_I_001_gcov.tif,Band 2: HVHV,400,0.05787502401857637,0.04158476914308754,0.7185270304119428,1.936929344732124,-12.375088157384308,2.7114726785798187,-21.772023576377386,-17.81208644192503,-13.208814979814694,-9.07469980140603,-3.904673151959996,0
79,ROI 79,point,400,40000.000244140625,698368.4579470024,2411607.6926093604,88.91880789202025,21.79714455855999,power,vegetation,sigma0,42.25198745727539,NISAR_S2_PR_GCOV_028_170_A_013_3700_DHNA_A_20260824T232917_20260824T232954_P00500_M_F_I_001_gcov.tif,Band 1: HHHH,400,0.1301877893059598,0.09777290549539984,0.7510144078537166,1.7729784722378485,-8.85429747609054,2.888729050674907,-18.266509054288157,-14.260371199092425,-9.7688196354341,-5.162910425264339,-1.8501071814430148,0
79,ROI 79,point,400,40000.000244140625,698368.4579470024,2411607.6926093604,88.91880789202025,21.79714455855999,power,vegetation,sigma0,42.25198745727539,NISAR_S2_PR_GCOV_028_170_A_013_3700_DHNA_A_20260824T232917_20260824T232954_P00500_M_F_I_001_gcov.tif,Band 2: HVHV,400,0.042362503954235915,0.030422536471225704,0.7181477398996782,1.9389758677190019,-13.730183776162884,2.7052112035802307,-22.561592096119124,-19.182687943122012,-14.485627864159373,-10.389929320144953,-5.271007234658351,0
80,ROI 80,point,400,39999.999755859375,699038.2802031796,2412307.4244902227,88.92536872930856,21.803387532000386,power,vegetation,gamma0,42.20831298828125,NISAR_S2_PR_GCOV_028_170_A_013_3700_DHNA_A_20260824T232917_20260824T232954_P00500_M_F_I_001_gcov.tif,Band 1: HHHH,400,0.14805199179798365,0.09787618770856069,0.661093353219539,2.2880969311459607,-8.295857455117332,2.7068523000762523,-16.946563764858794,-13.61764603333821,-9.113254388644808,-4.70031651402398,-1.7343251221445022,0
80,ROI 80,point,400,39999.999755859375,699038.2802031796,2412307.4244902227,88.92536872930856,21.803387532000386,power,vegetation,gamma0,42.20831298828125,NISAR_S2_PR_GCOV_028_170_A_013_3700_DHNA_A_20260824T232917_20260824T232954_P00500_M_F_I_001_gcov.tif,Band 2: HVHV,400,0.06005852599395439,0.041134857030892105,0.6849128637461536,2.13171604448289,-12.214253308208109,2.712158346674914,-20.493923090326206,-17.82324426593983,-12.984357279238461,-8.815671508316242,-4.55252802786503,0
80,ROI 80,point,400,39999.999755859375,699038.2802031796,2412307.4244902227,88.92536872930856,21.803387532000386,power,vegetation,sigma0,42.20831298828125,NISAR_S2_PR_GCOV_028_170_A_013_3700_DHNA_A_20260824T232917_20260824T232954_P00500_M_F_I_001_gcov.tif,Band 1: HHHH,400,0.10785614484155644,0.071222695207412,0.6603489797641113,2.2932583189277986,-9.671551069846334,2.715138705675589,-18.23783751147287,-15.01402028942717,-10.551704776381746,-6.142613724036799,-3.196636535883009,0
80,ROI 80,point,400,39999.999755859375,699038.2802031796,2412307.4244902227,88.92536872930856,21.803387532000386,power,vegetation,sigma0,42.20831298828125,NISAR_S2_PR_GCOV_028_170_A_013_3700_DHNA_A_20260824T232917_20260824T232954_P00500_M_F_I_001_gcov.tif,Band 2: HVHV,400,0.04360693448248082,0.029453627717055814,0.6754344937704546,2.1919645607950677,-13.6044444265786,2.7005553701806466,-22.201059341352295,-19.176235589555215,-14.38398392890014,-10.241882635651624,-6.158900496603006,0
81,ROI 81,point,400,40000.0,699540.6433408854,2409986.973758854,88.92994548446381,21.78237797865233,power,vegetation,gamma0,42.21522521972656,NISAR_S2_PR_GCOV_028_170_A_013_3700_DHNA_A_20260824T232917_20260824T232954_P00500_M_F_I_001_gcov.tif,Band 1: HHHH,400,0.1299229828431271,0.0870641789422983,0.6701214599377094,2.2268601728426107,-8.86314017217434,2.697989342755816,-18.805129677338982,-14.499232561663217,-9.525113117920284,-5.479150525965909,0.015020989064934733,0
81,ROI 81,point,400,40000.0,699540.6433408854,2409986.973758854,88.92994548446381,21.78237797865233,power,vegetation,gamma0,42.21522521972656,NISAR_S2_PR_GCOV_028_170_A_013_3700_DHNA_A_20260824T232917_20260824T232954_P00500_M_F_I_001_gcov.tif,Band 2: HVHV,400,0.05111024169949815,0.03115383765864911,0.6095419748123596,2.691489962370754,-12.914920652683959,2.618544990117685,-22.699277035622085,-17.881304024860277,-13.75637179326967,-9.435931213651354,-7.14151395590156,0
81,ROI 81,point,400,40000.0,699540.6433408854,2409986.973758854,88.92994548446381,21.78237797865233,power,vegetation,sigma0,42.21522521972656,NISAR_S2_PR_GCOV_028_170_A_013_3700_DHNA_A_20260824T232917_20260824T232954_P00500_M_F_I_001_gcov.tif,Band 1: HHHH,400,0.09471682741435401,0.06324422914392665,0.6677190407492702,2.2429132596329846,-10.235728572798843,2.6952681584813765,-20.17798736414052,-15.8256849242019,-10.876073024767447,-6.85560601882241,-1.361029506291513,0
81,ROI 81,point,400,40000.0,699540.6433408854,2409986.973758854,88.92994548446381,21.78237797865233,power,vegetation,sigma0,42.21522521972656,NISAR_S2_PR_GCOV_028_170_A_013_3700_DHNA_A_20260824T232917_20260824T232954_P00500_M_F_I_001_gcov.tif,Band 2: HVHV,400,0.03723744702986129,0.022697111898446285,0.6095238451831867,2.691650075682199,-14.290201015588487,2.606481611831979,-24.03754410134961,-19.217689336769862,-15.082387233324894,-10.818001134100072,-8.389918801775009,0
82,ROI 82,point,400,40000.0,700198.5016928385,2410602.9683973957,88.9363802123541,21.787865774622745,power,vegetation,gamma0,42.17363739013672,NISAR_S2_PR_GCOV_028_170_A_013_3700_DHNA_A_20260824T232917_20260824T232954_P00500_M_F_I_001_gcov.tif,Band 1: HHHH,400,0.1625662392983213,0.11046041984128149,0.6794794559931862,2.1659445752132833,-7.88969640837906,2.765396865654441,-17.32741827712845,-13.44515235494021,-8.715050812986986,-4.576738088732867,0.2794263451628993,0
82,ROI 82,point,400,40000.0,700198.5016928385,2410602.9683973957,88.9363802123541,21.787865774622745,power,vegetation,gamma0,42.17363739013672,NISAR_S2_PR_GCOV_028_170_A_013_3700_DHNA_A_20260824T232917_20260824T232954_P00500_M_F_I_001_gcov.tif,Band 2: HVHV,400,0.05141922396840528,0.030714400613875703,0.5973330253437561,2.8026376158867965,-12.888744821230025,2.5309208712191995,-22.40269800489265,-17.900448736542312,-13.492029348817296,-9.913255759908413,-6.192735115583476,0
82,ROI 82,point,400,40000.0,700198.5016928385,2410602.9683973957,88.9363802123541,21.787865774622745,power,vegetation,sigma0,42.17363739013672,NISAR_S2_PR_GCOV_028_170_A_013_3700_DHNA_A_20260824T232917_20260824T232954_P00500_M_F_I_001_gcov.tif,Band 1: HHHH,400,0.1202403085775234,0.08266488248633864,0.6874972583178421,2.1157193538652064,-9.199499178723817,2.7775944986614207,-18.52939310272841,-14.718735450721601,-10.007555487763838,-5.812140507300176,-0.8798344776927276,0
82,ROI 82,point,400,40000.0,700198.5016928385,2410602.9683973957,88.9363802123541,21.787865774622745,power,vegetation,sigma0,42.17363739013672,NISAR_S2_PR_GCOV_028_170_A_013_3700_DHNA_A_20260824T232917_20260824T232954_P00500_M_F_I_001_gcov.tif,Band 2: HVHV,400,0.03796346188006338,0.022780736690423107,0.6000700558445771,2.777129226139504,-14.206341912169353,2.533713427005862,-23.785148285473106,-19.190313633610398,-14.83212385716995,-11.21504130445372,-7.370358770076365,0
83,ROI 83,point,400,40000.0,700826.457393099,2412857.628386979,88.94272589805136,21.808153120344713,power,vegetation,gamma0,42.11003112792969,NISAR_S2_PR_GCOV_028_170_A_013_3700_DHNA_A_20260824T232917_20260824T232954_P00500_M_F_I_001_gcov.tif,Band 1: HHHH,400,0.14502081819344312,0.09146398030967627,0.6306955197816673,2.51397241563103,-8.385696489542923,2.7964447042063445,-17.783581382482495,-14.26878631730322,-9.23372574107375,-4.864124787754757,-2.450364739153638,0
83,ROI 83,point,400,40000.0,700826.457393099,2412857.628386979,88.94272589805136,21.808153120344713,power,vegetation,gamma0,42.11003112792969,NISAR_S2_PR_GCOV_028_170_A_013_3700_DHNA_A_20260824T232917_20260824T232954_P00500_M_F_I_001_gcov.tif,Band 2: HVHV,400,0.053348548302892596,0.03263125165419095,0.6116614733155104,2.6728694491187186,-12.72877393908134,2.538832559523249,-21.029786207026252,-17.410858158833218,-13.299279938527839,-9.40930243354084,-5.816341064556825,0
83,ROI 83,point,400,40000.0,700826.457393099,2412857.628386979,88.94272589805136,21.808153120344713,power,vegetation,sigma0,42.11003112792969,NISAR_S2_PR_GCOV_028_170_A_013_3700_DHNA_A_20260824T232917_20260824T232954_P00500_M_F_I_001_gcov.tif,Band 1: HHHH,400,0.10536876170441993,0.06710097016899919,0.6368203353972269,2.4658471564538798,-9.772881237555316,2.808526036497048,-19.25458746979271,-15.521566628855314,-10.615755106849624,-6.227631570022208,-3.7772307149756874,0
83,ROI 83,point,400,40000.0,700826.457393099,2412857.628386979,88.94272589805136,21.808153120344713,power,vegetation,sigma0,42.11003112792969,NISAR_S2_PR_GCOV_028_170_A_013_3700_DHNA_A_20260824T232917_20260824T232954_P00500_M_F_I_001_gcov.tif,Band 2: HVHV,400,0.03863908893705351,0.023500708447693162,0.6082107289325038,2.703285072219663,-14.129731222740132,2.53276532833562,-22.375489969939444,-18.8460582225543,-14.647298746528802,-10.819593058486866,-7.252508107536809,0
84,ROI 84,point,400,39999.999755859375,701400.5897452022,2413312.1536114593,88.94833296050881,21.812191847556445,power,vegetation,gamma0,42.07413864135742,NISAR_S2_PR_GCOV_028_170_A_013_3700_DHNA_A_20260824T232917_20260824T232954_P00500_M_F_I_001_gcov.tif,Band 1: HHHH,400,0.16039936158806087,0.12927760252895237,0.805973298453421,1.5394255555911835,-7.947973646013198,2.7625848634142267,-16.74114757114052,-13.35677667315345,-8.867159118683885,-4.524080251403387,2.5081752652001676,0
84,ROI 84,point,400,39999.999755859375,701400.5897452022,2413312.1536114593,88.94833296050881,21.812191847556445,power,vegetation,gamma0,42.07413864135742,NISAR_S2_PR_GCOV_028_170_A_013_3700_DHNA_A_20260824T232917_20260824T232954_P00500_M_F_I_001_gcov.tif,Band 2: HVHV,400,0.05124498200661037,0.028858453017470462,0.563146905071561,3.1532368746577126,-12.903486550241212,2.628826206664519,-25.593361131077206,-17.941272009994293,-13.461343396554339,-9.593151100704723,-8.185683274110046,0
84,ROI 84,point,400,39999.999755859375,701400.5897452022,2413312.1536114593,88.94833296050881,21.812191847556445,power,vegetation,sigma0,42.07413864135742,NISAR_S2_PR_GCOV_028_170_A_013_3700_DHNA_A_20260824T232917_20260824T232954_P00500_M_F_I_001_gcov.tif,Band 1: HHHH,400,0.11832936051109354,0.09648949510729096,0.8154315606078589,1.5039208041723344,-9.269074825412453,2.7671423507289417,-18.04406990970477,-14.658849984270542,-10.154097149786345,-5.79548382422708,1.2900530241585861,0
84,ROI 84,point,400,39999.999755859375,701400.5897452022,2413312.1536114593,88.94833296050881,21.812191847556445,power,vegetation,sigma0,42.07413864135742,NISAR_S2_PR_GCOV_028_170_A_013_3700_DHNA_A_20260824T232917_20260824T232954_P00500_M_F_I_001_gcov.tif,Band 2: HVHV,400,0.03773827677878582,0.021209886770784437,0.5620258416968141,3.1658288364151104,-14.232179346573277,2.625088390370605,-26.996058914255876,-19.308076542281757,-14.870728000345883,-10.962673867247963,-9.53496078471827,0
85,ROI 85,point,400,40000.0,703284.4554179688,2408222.7172692707,88.96592215212907,21.766021006341933,power,vegetation,gamma0,42.0507698059082,NISAR_S2_PR_GCOV_028_170_A_013_3700_DHNA_A_20260824T232917_20260824T232954_P00500_M_F_I_001_gcov.tif,Band 1: HHHH,400,0.13284220837056637,0.08924346819812834,0.6718005466243202,2.2157425321147186,-8.766639132966347,2.7347335858482955,-17.478311867285445,-14.513417260760825,-9.665241348708523,-5.339769072664931,-1.567845495794997,0
85,ROI 85,point,400,40000.0,703284.4554179688,2408222.7172692707,88.96592215212907,21.766021006341933,power,vegetation,gamma0,42.0507698059082,NISAR_S2_PR_GCOV_028_170_A_013_3700_DHNA_A_20260824T232917_20260824T232954_P00500_M_F_I_001_gcov.tif,Band 2: HVHV,400,0.050834000495960936,0.03173883153063678,0.6243622618912045,2.5652323577220084,-12.93845711171684,2.7479816744080066,-26.233408045103136,-18.447256945252466,-13.720838367026602,-9.347009988009336,-7.640784226874761,0
85,ROI 85,point,400,40000.0,703284.4554179688,2408222.7172692707,88.96592215212907,21.766021006341933,power,vegetation,sigma0,42.0507698059082,NISAR_S2_PR_GCOV_028_170_A_013_3700_DHNA_A_20260824T232917_20260824T232954_P00500_M_F_I_001_gcov.tif,Band 1: HHHH,400,0.09758949376929273,0.06541140075094425,0.6702709300406929,2.22586710603377,-10.105969348294398,2.707776842948414,-18.741461633386013,-15.736136086550855,-10.935554788415152,-6.7309614675309515,-2.8114251743697825,0
85,ROI 85,point,400,40000.0,703284.4554179688,2408222.7172692707,88.96592215212907,21.766021006341933,power,vegetation,sigma0,42.0507698059082,NISAR_S2_PR_GCOV_028_170_A_013_3700_DHNA_A_20260824T232917_20260824T232954_P00500_M_F_I_001_gcov.tif,Band 2: HVHV,400,0.03737137884058304,0.023113523107945764,0.6184819459443088,2.614242956661283,-14.274608782860454,2.736433916789775,-27.554737674799608,-19.79045017146882,-15.057264057926087,-10.687517358027037,-9.04567683583819,0
86,ROI 86,point,400,40000.000244140625,703661.227405323,2409951.0856731175,88.96977734458497,21.781583881042543,power,vegetation,gamma0,42.00703430175781,NISAR_S2_PR_GCOV_028_170_A_013_3700_DHNA_A_20260824T232917_20260824T232954_P00500_M_F_I_001_gcov.tif,Band 1: HHHH,400,0.13298124852124601,0.08269994920724781,0.6218918090097123,2.585653507988586,-8.76209593904238,2.585964660958881,-16.621533411721202,-13.82345601966519,-9.398267859886296,-5.454142731570169,-2.3513705146189303,0
86,ROI 86,point,400,40000.000244140625,703661.227405323,2409951.0856731175,88.96977734458497,21.781583881042543,power,vegetation,gamma0,42.00703430175781,NISAR_S2_PR_GCOV_028_170_A_013_3700_DHNA_A_20260824T232917_20260824T232954_P00500_M_F_I_001_gcov.tif,Band 2: HVHV,400,0.05245676258578896,0.033268467593341663,0.6342074110832453,2.4862075135018045,-12.801985157760232,2.6578793448371516,-22.586990415304825,-17.903492014462834,-13.593578393997479,-9.29459975519589,-7.131395109045661,0
86,ROI 86,point,400,40000.000244140625,703661.227405323,2409951.0856731175,88.96977734458497,21.781583881042543,power,vegetation,sigma0,42.00703430175781,NISAR_S2_PR_GCOV_028_170_A_013_3700_DHNA_A_20260824T232917_20260824T232954_P00500_M_F_I_001_gcov.tif,Band 1: HHHH,400,0.0974835054319231,0.060902253897257216,0.6247441926448558,2.5620968611074924,-10.110688623107789,2.5863484356202346,-17.95932245634719,-15.211438086915084,-10.766896480292472,-6.818338987444812,-3.6839047967924405,0
86,ROI 86,point,400,40000.000244140625,703661.227405323,2409951.0856731175,88.96977734458497,21.781583881042543,power,vegetation,sigma0,42.00703430175781,NISAR_S2_PR_GCOV_028_170_A_013_3700_DHNA_A_20260824T232917_20260824T232954_P00500_M_F_I_001_gcov.tif,Band 2: HVHV,400,0.03842068521012145,0.024360230222871492,0.6340394526970615,2.4875248911783534,-14.154348940208877,2.6542402494458184,-23.970637657737477,-19.34314499675492,-14.92323109679953,-10.7320518864766,-8.480519343627806,0
87,ROI 87,point,400,40000.0,704199.476580599,2410217.224183854,88.97501377206406,21.783924848413697,power,vegetation,gamma0,41.9764289855957,NISAR_S2_PR_GCOV_028_170_A_013_3700_DHNA_A_20260824T232917_20260824T232954_P00500_M_F_I_001_gcov.tif,Band 1: HHHH,400,0.14642441843170673,0.10234212259227206,0.698941636158897,2.047001568374719,-8.343864922267716,2.6617299043734124,-16.064351601315195,-13.522292504609707,-9.039751531169404,-5.232029046215219,-0.2492767910977753,0
87,ROI 87,point,400,40000.0,704199.476580599,2410217.224183854,88.97501377206406,21.783924848413697,power,vegetation,gamma0,41.9764289855957,NISAR_S2_PR_GCOV_028_170_A_013_3700_DHNA_A_20260824T232917_20260824T232954_P00500_M_F_I_001_gcov.tif,Band 2: HVHV,400,0.05338735352037474,0.033686287508988576,0.6309787859428646,2.5117157202106735,-12.725616071433024,2.6791281310751596,-21.77160177093983,-18.006755036214553,-13.593875953071619,-9.202890083106775,-6.669522856557912,0
87,ROI 87,point,400,40000.0,704199.476580599,2410217.224183854,88.97501377206406,21.783924848413697,power,vegetation,sigma0,41.9764289855957,NISAR_S2_PR_GCOV_028_170_A_013_3700_DHNA_A_20260824T232917_20260824T232954_P00500_M_F_I_001_gcov.tif,Band 1: HHHH,400,0.10815017691910382,0.07615972871976139,0.7042034593871146,2.0165253762032256,-9.659727657771072,2.682017421442517,-17.62249011421219,-14.943214157778993,-10.435130045138148,-6.5967309940070535,-1.7659616784334111,0
87,ROI 87,point,400,40000.0,704199.476580599,2410217.224183854,88.97501377206406,21.783924848413697,power,vegetation,sigma0,41.9764289855957,NISAR_S2_PR_GCOV_028_170_A_013_3700_DHNA_A_20260824T232917_20260824T232954_P00500_M_F_I_001_gcov.tif,Band 2: HVHV,400,0.039350465160648024,0.02512451790532746,0.6384808363193872,2.453037947796841,-14.050501294927535,2.67280308538797,-22.808620396502533,-19.236694636125385,-14.958960726411775,-10.379712178724908,-8.102674037927569,0
88,ROI 88,point,400,40000.0,704704.8314049479,2410803.31616875,88.97997203618009,21.78915842888512,power,vegetation,gamma0,41.9421501159668,NISAR_S2_PR_GCOV_028_170_A_013_3700_DHNA_A_20260824T232917_20260824T232954_P00500_M_F_I_001_gcov.tif,Band 1: HHHH,400,0.12136633177753538,0.07264103253631085,0.5985270500674104,2.791466589766627,-9.159017741436074,2.5868037691861865,-17.988409158199822,-14.325561679761678,-9.830386219386911,-5.815097098208662,-2.5138635559090035,0
88,ROI 88,point,400,40000.0,704704.8314049479,2410803.31616875,88.97997203618009,21.78915842888512,power,vegetation,gamma0,41.9421501159668,NISAR_S2_PR_GCOV_028_170_A_013_3700_DHNA_A_20260824T232917_20260824T232954_P00500_M_F_I_001_gcov.tif,Band 2: HVHV,400,0.047468190550571304,0.029984157231189537,0.6316684264432881,2.506234251652567,-13.235973229241438,2.6184850888624123,-21.073456074147252,-18.345517399658146,-13.876513005727855,-9.69971749898528,-6.758736339765518,0
88,ROI 88,point,400,40000.0,704704.8314049479,2410803.31616875,88.97997203618009,21.78915842888512,power,vegetation,sigma0,41.9421501159668,NISAR_S2_PR_GCOV_028_170_A_013_3700_DHNA_A_20260824T232917_20260824T232954_P00500_M_F_I_001_gcov.tif,Band 1: HHHH,400,0.0892577953527137,0.05374399686112572,0.6021210433077512,2.758242138657977,-10.493538443381453,2.5947189386344673,-19.31330726712402,-15.69405471980607,-11.17202107277198,-7.163526732276645,-3.8567021314191923,0
88,ROI 88,point,400,40000.0,704704.8314049479,2410803.31616875,88.97997203618009,21.78915842888512,power,vegetation,sigma0,41.9421501159668,NISAR_S2_PR_GCOV_028_170_A_013_3700_DHNA_A_20260824T232917_20260824T232954_P00500_M_F_I_001_gcov.tif,Band 2: HVHV,400,0.034846009818703165,0.022080814337600663,0.6336683727199394,2.490439163050856,-14.578469453402134,2.608616550546225,-22.370739874381186,-19.69947740018638,-15.18743387911282,-11.066032348749811,-8.07629250528504,0
89,ROI 89,point,400,40000.0,705485.2906320313,2409520.492380729,88.98735773525594,21.777484769025342,power,vegetation,gamma0,41.92063903808594,NISAR_S2_PR_GCOV_028_170_A_013_3700_DHNA_A_20260824T232917_20260824T232954_P00500_M_F_I_001_gcov.tif,Band 1: HHHH,400,0.14210894251707942,0.09052434727942707,0.6370066913174544,2.4644046033211353,-8.473785922792535,2.707998881509782,-17.289009158310513,-13.9670372258425,-9.12712139522745,-5.174083169891663,-1.3683130151275353,0
89,ROI 89,point,400,40000.0,705485.2906320313,2409520.492380729,88.98735773525594,21.777484769025342,power,vegetation,gamma0,41.92063903808594,NISAR_S2_PR_GCOV_028_170_A_013_3700_DHNA_A_20260824T232917_20260824T232954_P00500_M_F_I_001_gcov.tif,Band 2: HVHV,400,0.0526972040720284,0.029598751201214274,0.5616759318152373,3.169774527451765,-12.782124263111985,2.5757655522907257,-21.473834508838145,-18.092078832993185,-13.313837970868468,-9.592762106875579,-8.07941135235874,0
89,ROI 89,point,400,40000.0,705485.2906320313,2409520.492380729,88.98735773525594,21.777484769025342,power,vegetation,sigma0,41.92063903808594,NISAR_S2_PR_GCOV_028_170_A_013_3700_DHNA_A_20260824T232917_20260824T232954_P00500_M_F_I_001_gcov.tif,Band 1: HHHH,400,0.10380294135670312,0.06577531806837607,0.6336556287200873,2.4905393388373365,-9.837903401591706,2.7068775690612,-18.640953972674083,-15.291239340677583,-10.509047722011873,-6.448026783284911,-2.921070381770825,0
89,ROI 89,point,400,40000.0,705485.2906320313,2409520.492380729,88.98735773525594,21.777484769025342,power,vegetation,sigma0,41.92063903808594,NISAR_S2_PR_GCOV_028_170_A_013_3700_DHNA_A_20260824T232917_20260824T232954_P00500_M_F_I_001_gcov.tif,Band 2: HVHV,400,0.03846228139385152,0.021521068014196388,0.5595369602188155,3.1940553789671458,-14.149649591153345,2.569336780830999,-22.785819955058386,-19.543338404219252,-14.648288403783935,-10.948540817680863,-9.422704231133078,0
90,ROI 90,point,400,40000.0,705975.6941305989,2409986.9737598957,88.99215670764492,21.781639705934992,power,vegetation,gamma0,41.8891716003418,NISAR_S2_PR_GCOV_028_170_A_013_3700_DHNA_A_20260824T232917_20260824T232954_P00500_M_F_I_001_gcov.tif,Band 1: HHHH,400,0.1432918587839231,0.09804467565111916,0.6842306079577458,2.135969290925449,-8.437784836128255,2.7687462492272723,-17.689769470086922,-13.737664115549181,-9.146267412434547,-4.906691821998816,-0.7421624912216062,0
90,ROI 90,point,400,40000.0,705975.6941305989,2409986.9737598957,88.99215670764492,21.781639705934992,power,vegetation,gamma0,41.8891716003418,NISAR_S2_PR_GCOV_028_170_A_013_3700_DHNA_A_20260824T232917_20260824T232954_P00500_M_F_I_001_gcov.tif,Band 2: HVHV,400,0.049709035460837186,0.030232443979929434,0.6081881030209848,2.703486212052135,-13.035646636986595,2.6465793532390385,-26.78570295643641,-18.100273328414897,-13.63665725804533,-9.618167478868312,-6.818227976351659,0
90,ROI 90,point,400,40000.0,705975.6941305989,2409986.9737598957,88.99215670764492,21.781639705934992,power,vegetation,sigma0,41.8891716003418,NISAR_S2_PR_GCOV_028_170_A_013_3700_DHNA_A_20260824T232917_20260824T232954_P00500_M_F_I_001_gcov.tif,Band 1: HHHH,400,0.10497410802503353,0.07234359242622512,0.6891565338090142,2.1055436247647217,-9.789178069158073,2.7743393241782006,-18.96678304620026,-15.164710291575194,-10.538021005215084,-6.074346712601829,-1.9120577502554992,0
90,ROI 90,point,400,40000.0,705975.6941305989,2409986.9737598957,88.99215670764492,21.781639705934992,power,vegetation,sigma0,41.8891716003418,NISAR_S2_PR_GCOV_028_170_A_013_3700_DHNA_A_20260824T232917_20260824T232954_P00500_M_F_I_001_gcov.tif,Band 2: HVHV,400,0.0363338264410288,0.021972899068673966,0.604750482428181,2.7343087549834246,-14.396888626735915,2.6364628746381915,-27.9161818209427,-19.429633074059854,-14.973789863370111,-11.068376731599942,-8.126281188063157,0
91,ROI 91,point,400,40000.0,706561.7861177083,2409215.485325521,88.99772613374223,21.77460530904269,power,vegetation,gamma0,41.87006759643555,NISAR_S2_PR_GCOV_028_170_A_013_3700_DHNA_A_20260824T232917_20260824T232954_P00500_M_F_I_001_gcov.tif,Band 1: HHHH,400,0.1500348360463977,0.09432110906453697,0.6286613932471559,2.530267391524046,-8.238078919696518,2.7745745049258326,-18.20025177928402,-13.942802448484642,-8.950619246165907,-4.7219235513104545,-2.282875160301647,0
91,ROI 91,point,400,40000.0,706561.7861177083,2409215.485325521,88.99772613374223,21.77460530904269,power,vegetation,gamma0,41.87006759643555,NISAR_S2_PR_GCOV_028_170_A_013_3700_DHNA_A_20260824T232917_20260824T232954_P00500_M_F_I_001_gcov.tif,Band 2: HVHV,400,0.053389976390171796,0.03305923919718977,0.6192031057589197,2.6081571050522356,-12.725402711934187,2.709828450488993,-21.77728483576989,-18.357743467879693,-13.528046652093206,-9.142707304823661,-7.118127075173661,0
91,ROI 91,point,400,40000.0,706561.7861177083,2409215.485325521,88.99772613374223,21.77460530904269,power,vegetation,sigma0,41.87006759643555,NISAR_S2_PR_GCOV_028_170_A_013_3700_DHNA_A_20260824T232917_20260824T232954_P00500_M_F_I_001_gcov.tif,Band 1: HHHH,400,0.11074759519957389,0.06982148320161864,0.6304559758231869,2.515883163827132,-9.556656953793322,2.7760358471649784,-19.546380094904574,-15.266094363690854,-10.242993178832734,-6.08259808797285,-3.562318425932662,0
91,ROI 91,point,400,40000.0,706561.7861177083,2409215.485325521,88.99772613374223,21.77460530904269,power,vegetation,sigma0,41.87006759643555,NISAR_S2_PR_GCOV_028_170_A_013_3700_DHNA_A_20260824T232917_20260824T232954_P00500_M_F_I_001_gcov.tif,Band 2: HVHV,400,0.03949584787553477,0.02467158108243498,0.6246626521396315,2.5627657927528813,-14.034485585387543,2.726916837601767,-23.17853228944124,-19.574617723061944,-14.847116016760562,-10.361703859117297,-8.33719004844648,0
92,ROI 92,point,400,40000.0,707117.9754514323,2409861.382619271,89.00318374237101,21.780372216580325,power,vegetation,gamma0,41.83280944824219,NISAR_S2_PR_GCOV_028_170_A_013_3700_DHNA_A_20260824T232917_20260824T232954_P00500_M_F_I_001_gcov.tif,Band 1: HHHH,400,0.12786227216012777,0.07309590173290449,0.5716768558700658,3.059840434631072,-8.932575822591257,2.514335133429269,-16.75120233734841,-13.725988086053853,-9.556874075672416,-5.7318444731314235,-3.763239377091288,0
92,ROI 92,point,400,40000.0,707117.9754514323,2409861.382619271,89.00318374237101,21.780372216580325,power,vegetation,gamma0,41.83280944824219,NISAR_S2_PR_GCOV_028_170_A_013_3700_DHNA_A_20260824T232917_20260824T232954_P00500_M_F_I_001_gcov.tif,Band 2: HVHV,400,0.052812177140731366,0.03136126084242138,0.5938263207527193,2.835836012155544,-12.7726592869184,2.6857565665423744,-20.88613510917324,-18.46991725244122,-13.34016670444189,-9.4600602617355,-6.0781602296174695,0
92,ROI 92,point,400,40000.0,707117.9754514323,2409861.382619271,89.00318374237101,21.780372216580325,power,vegetation,sigma0,41.83280944824219,NISAR_S2_PR_GCOV_028_170_A_013_3700_DHNA_A_20260824T232917_20260824T232954_P00500_M_F_I_001_gcov.tif,Band 1: HHHH,400,0.0947345687801127,0.05406695554914338,0.5707204481464159,3.070104328614998,-10.234915173961177,2.5131829024269545,-18.020429086621903,-15.08950706809352,-10.889754492450361,-7.046578271194626,-5.1604269117156925,0
92,ROI 92,point,400,40000.0,707117.9754514323,2409861.382619271,89.00318374237101,21.780372216580325,power,vegetation,sigma0,41.83280944824219,NISAR_S2_PR_GCOV_028_170_A_013_3700_DHNA_A_20260824T232917_20260824T232954_P00500_M_F_I_001_gcov.tif,Band 2: HVHV,400,0.039101521258188596,0.023147461616501726,0.5919836587343571,2.8535176487869376,-14.078063458986392,2.679896453957118,-22.325884068945662,-19.86111855092879,-14.662316806073195,-10.827660930009946,-7.406731333725095,0
93,ROI 93,point,400,40000.000244140625,707461.8545145476,2411449.208551474,89.00670770998963,21.7946687368151,power,vegetation,gamma0,41.7924919128418,NISAR_S2_PR_GCOV_028_170_A_013_3700_DHNA_A_20260824T232917_20260824T232954_P00500_M_F_I_001_gcov.tif,Band 1: HHHH,400,0.1620185294887051,0.10867401491729492,0.6707505324251877,2.2226851495086417,-7.9043531388631045,2.8390215217897636,-16.728774871168632,-13.62958577706274,-8.753672235637234,-4.0664292551729115,-2.077393433278251,0
93,ROI 93,point,400,40000.000244140625,707461.8545145476,2411449.208551474,89.00670770998963,21.7946687368151,power,vegetation,gamma0,41.7924919128418,NISAR_S2_PR_GCOV_028_170_A_013_3700_DHNA_A_20260824T232917_20260824T232954_P00500_M_F_I_001_gcov.tif,Band 2: HVHV,400,0.053858714988455174,0.035531439637754444,0.6597156958789445,2.2976631878601133,-12.687440126044297,2.8268870061377425,-22.28332021644973,-18.20801445716416,-13.447623247145273,-9.126558925542742,-5.271861740842979,0
93,ROI 93,point,400,40000.000244140625,707461.8545145476,2411449.208551474,89.00670770998963,21.7946687368151,power,vegetation,sigma0,41.7924919128418,NISAR_S2_PR_GCOV_028_170_A_013_3700_DHNA_A_20260824T232917_20260824T232954_P00500_M_F_I_001_gcov.tif,Band 1: HHHH,400,0.12022882453208478,0.0817405972386669,0.6798752092669197,2.163423729729108,-9.199913989348634,2.859674742456756,-18.114163974910184,-14.97269104676278,-10.044043507747265,-5.531711488623795,-3.252376659648339,0
93,ROI 93,point,400,40000.000244140625,707461.8545145476,2411449.208551474,89.00670770998963,21.7946687368151,power,vegetation,sigma0,41.7924919128418,NISAR_S2_PR_GCOV_028_170_A_013_3700_DHNA_A_20260824T232917_20260824T232954_P00500_M_F_I_001_gcov.tif,Band 2: HVHV,400,0.03981478257076565,0.02632552440189456,0.6611997530089315,2.287360592566485,-13.999556516211252,2.818846974079054,-23.801985090699414,-19.58359286937106,-14.737022675302846,-10.5724190872405,-6.690193522224199,0
94,ROI 94,point,400,39999.999755859375,708018.0467277794,2412627.3828713424,89.01223366785192,21.805241276280583,power,vegetation,gamma0,41.74763107299805,NISAR_S2_PR_GCOV_028_170_A_013_3700_DHNA_A_20260824T232917_20260824T232954_P00500_M_F_I_001_gcov.tif,Band 1: HHHH,400,0.14594021175289526,0.08814072753056118,0.6039509362902687,2.7415532279634784,-8.358250279405034,2.803440779166442,-18.088874481864174,-14.161667554381525,-8.814663118644429,-5.307640115316213,-2.8575554679591875,0
94,ROI 94,point,400,39999.999755859375,708018.0467277794,2412627.3828713424,89.01223366785192,21.805241276280583,power,vegetation,gamma0,41.74763107299805,NISAR_S2_PR_GCOV_028_170_A_013_3700_DHNA_A_20260824T232917_20260824T232954_P00500_M_F_I_001_gcov.tif,Band 2: HVHV,400,0.050142134758643805,0.03126052664446403,0.6234382878777444,2.572841657569093,-12.997971802668452,2.6461149306850986,-21.284750254338825,-18.435963139492763,-13.635599230132433,-9.646710226463572,-6.256548694739549,0
94,ROI 94,point,400,39999.999755859375,708018.0467277794,2412627.3828713424,89.01223366785192,21.805241276280583,power,vegetation,sigma0,41.74763107299805,NISAR_S2_PR_GCOV_028_170_A_013_3700_DHNA_A_20260824T232917_20260824T232954_P00500_M_F_I_001_gcov.tif,Band 1: HHHH,400,0.10742043114220592,0.06432495236042773,0.5988148779190126,2.7887837281211043,-9.689131088744533,2.7848212628932383,-19.34370026954739,-15.472986879201232,-10.171211086057003,-6.5629026366991265,-4.0522788965961825,0
94,ROI 94,point,400,39999.999755859375,708018.0467277794,2412627.3828713424,89.01223366785192,21.805241276280583,power,vegetation,sigma0,41.74763107299805,NISAR_S2_PR_GCOV_028_170_A_013_3700_DHNA_A_20260824T232917_20260824T232954_P00500_M_F_I_001_gcov.tif,Band 2: HVHV,400,0.03696309160528134,0.022898567192856267,0.6194981587953667,2.6056732835782066,-14.3223171139777,2.639539300880641,-22.77107544976551,-19.616777134903433,-14.951387248842703,-10.936853346880444,-7.893564584642647,0
95,ROI 95,point,400,40000.0,708406.7797684895,2414547.1282453127,89.0162350700777,21.82252909701988,power,vegetation,gamma0,41.70034408569336,NISAR_S2_PR_GCOV_028_170_A_013_3700_DHNA_A_20260824T232917_20260824T232954_P00500_M_F_I_001_gcov.tif,Band 1: HHHH,400,0.154408124294132,0.10795789948605547,0.6991724041696569,2.0456505295747323,-8.113298526836616,2.9380934682778883,-18.245716945038865,-14.013823304493371,-9.045413376447746,-4.239281659619674,-1.7638598018341392,0
95,ROI 95,point,400,40000.0,708406.7797684895,2414547.1282453127,89.0162350700777,21.82252909701988,power,vegetation,gamma0,41.70034408569336,NISAR_S2_PR_GCOV_028_170_A_013_3700_DHNA_A_20260824T232917_20260824T232954_P00500_M_F_I_001_gcov.tif,Band 2: HVHV,400,0.058659744784235954,0.03690510819079709,0.6291385741029487,2.5264305984096116,-12.316598308719879,2.6956028862269377,-20.475793651849813,-17.560104582396196,-12.992171654745736,-8.901087541243763,-5.908265446752232,0
95,ROI 95,point,400,40000.0,708406.7797684895,2414547.1282453127,89.0162350700777,21.82252909701988,power,vegetation,sigma0,41.70034408569336,NISAR_S2_PR_GCOV_028_170_A_013_3700_DHNA_A_20260824T232917_20260824T232954_P00500_M_F_I_001_gcov.tif,Band 1: HHHH,400,0.11401307938374611,0.07970788374523159,0.6991117525819137,2.0460054866586956,-9.430453242919675,2.936794150854219,-19.279952259276815,-15.363045517558279,-10.350398664622638,-5.66547627212561,-3.075946094475423,0
95,ROI 95,point,400,40000.0,708406.7797684895,2414547.1282453127,89.0162350700777,21.82252909701988,power,vegetation,sigma0,41.70034408569336,NISAR_S2_PR_GCOV_028_170_A_013_3700_DHNA_A_20260824T232917_20260824T232954_P00500_M_F_I_001_gcov.tif,Band 2: HVHV,400,0.04315908765362814,0.026967417290995603,0.6248375199082459,2.5613315561324193,-13.649277445077274,2.664373812987124,-21.709962950035482,-18.917158695529736,-14.280504038599727,-10.29927993702737,-7.2412638014351245,0
96,ROI 96,point,400,40000.0,708906.1540635417,2414950.814050521,89.02111520071963,21.8261149437643,power,vegetation,gamma0,41.668914794921875,NISAR_S2_PR_GCOV_028_170_A_013_3700_DHNA_A_20260824T232917_20260824T232954_P00500_M_F_I_001_gcov.tif,Band 1: HHHH,400,0.13337156070629136,0.08700443740243136,0.6523462493929353,2.349869045609529,-8.749367667092766,2.93857797443733,-19.230862435177958,-14.946476876685157,-9.530268777836318,-5.168517704462871,-2.5116151883573674,0
96,ROI 96,point,400,40000.0,708906.1540635417,2414950.814050521,89.02111520071963,21.8261149437643,power,vegetation,gamma0,41.668914794921875,NISAR_S2_PR_GCOV_028_170_A_013_3700_DHNA_A_20260824T232917_20260824T232954_P00500_M_F_I_001_gcov.tif,Band 2: HVHV,400,0.0504253329988569,0.032105710645534115,0.63669803918324,2.46679452149964,-12.973512251114585,2.5629130768106827,-20.977076786032725,-18.003842536942066,-13.630476804220699,-9.937048369056662,-5.625955101972977,0
96,ROI 96,point,400,40000.0,708906.1540635417,2414950.814050521,89.02111520071963,21.8261149437643,power,vegetation,sigma0,41.668914794921875,NISAR_S2_PR_GCOV_028_170_A_013_3700_DHNA_A_20260824T232917_20260824T232954_P00500_M_F_I_001_gcov.tif,Band 1: HHHH,400,0.09887553984586679,0.06412257624203495,0.6485180899340031,2.3776931695231127,-10.049111323039664,2.930591417396499,-20.47885597927038,-16.11511927978503,-10.830469354688137,-6.504157950714764,-3.8595141155664563,0
96,ROI 96,point,400,40000.0,708906.1540635417,2414950.814050521,89.02111520071963,21.8261149437643,power,vegetation,sigma0,41.668914794921875,NISAR_S2_PR_GCOV_028_170_A_013_3700_DHNA_A_20260824T232917_20260824T232954_P00500_M_F_I_001_gcov.tif,Band 2: HVHV,400,0.03740994012999592,0.023845181428410734,0.6374022878826066,2.461346542560194,-14.27012986836096,2.559167600792122,-22.30586582369969,-19.278043822629023,-14.941056824722507,-11.263842429323564,-6.875242721936839,0
97,ROI 97,point,400,40000.0,709208.1708519531,2416146.920146875,89.02418777448224,21.83687888552947,power,vegetation,gamma0,41.63657760620117,NISAR_S2_PR_GCOV_028_170_A_013_3700_DHNA_A_20260824T232917_20260824T232954_P00500_M_F_I_001_gcov.tif,Band 1: HHHH,400,0.15704246518667786,0.11130539675564889,0.7087598671056209,1.990681424291893,-8.039828959821207,2.865501855917492,-19.49321719975699,-13.456265281937679,-9.02587468785058,-4.371540681916788,-0.9915812242840949,0
97,ROI 97,point,400,40000.0,709208.1708519531,2416146.920146875,89.02418777448224,21.83687888552947,power,vegetation,gamma0,41.63657760620117,NISAR_S2_PR_GCOV_028_170_A_013_3700_DHNA_A_20260824T232917_20260824T232954_P00500_M_F_I_001_gcov.tif,Band 2: HVHV,400,0.05561752705369145,0.034761676153299524,0.6250129769297667,2.559893696302153,-12.54788325267114,2.704957532042721,-22.5447111321559,-17.928973415160275,-13.27120189424777,-9.054134955143997,-6.224103926863434,0
97,ROI 97,point,400,40000.0,709208.1708519531,2416146.920146875,89.02418777448224,21.83687888552947,power,vegetation,sigma0,41.63657760620117,NISAR_S2_PR_GCOV_028_170_A_013_3700_DHNA_A_20260824T232917_20260824T232954_P00500_M_F_I_001_gcov.tif,Band 1: HHHH,400,0.11657552246859595,0.08223387618097182,0.705412889769588,2.009616638382473,-9.333926294465373,2.8836549348582854,-20.971412194198365,-14.758635124761275,-10.357503196079875,-5.544926694079056,-2.4225578043972646,0
97,ROI 97,point,400,40000.0,709208.1708519531,2416146.920146875,89.02418777448224,21.83687888552947,power,vegetation,sigma0,41.63657760620117,NISAR_S2_PR_GCOV_028_170_A_013_3700_DHNA_A_20260824T232917_20260824T232954_P00500_M_F_I_001_gcov.tif,Band 2: HVHV,400,0.04121939500863578,0.025595679017071528,0.6209620255636706,2.593402444608346,-13.848983868008444,2.707484995391917,-23.72934411537363,-19.197744744535658,-14.481394797480894,-10.271203195124027,-7.738175057529314,0
98,ROI 98,point,400,40000.0,709516.1681714844,2418419.521728125,89.02745590514678,21.857361737433642,power,vegetation,gamma0,41.58826446533203,NISAR_S2_PR_GCOV_028_170_A_013_3700_DHNA_A_20260824T232917_20260824T232954_P00500_M_F_I_001_gcov.tif,Band 1: HHHH,400,0.12904960937798024,0.083764687909411,0.6490890465547103,2.373512040320884,-8.892433056900034,2.837553856857629,-19.189642846640904,-14.674851488428729,-9.502943623806475,-5.4457418982754895,-2.345174790035634,0
98,ROI 98,point,400,40000.0,709516.1681714844,2418419.521728125,89.02745590514678,21.857361737433642,power,vegetation,gamma0,41.58826446533203,NISAR_S2_PR_GCOV_028_170_A_013_3700_DHNA_A_20260824T232917_20260824T232954_P00500_M_F_I_001_gcov.tif,Band 2: HVHV,400,0.05145823891740292,0.03161604387952392,0.6144019800264002,2.649078248958373,-12.885450809616906,2.53137672823418,-20.692234003608014,-17.749562062545383,-13.631712975586714,-9.588651738514738,-6.7035071348189,0
98,ROI 98,point,400,40000.0,709516.1681714844,2418419.521728125,89.02745590514678,21.857361737433642,power,vegetation,sigma0,41.58826446533203,NISAR_S2_PR_GCOV_028_170_A_013_3700_DHNA_A_20260824T232917_20260824T232954_P00500_M_F_I_001_gcov.tif,Band 1: HHHH,400,0.09560894138997587,0.06231789290778415,0.6517998421674595,2.3538105120788337,-10.1950149041488,2.827901161406398,-20.37144559418467,-16.010358547252558,-10.847489912822502,-6.863096345644384,-3.3961849329240144,0
98,ROI 98,point,400,40000.0,709516.1681714844,2418419.521728125,89.02745590514678,21.857361737433642,power,vegetation,sigma0,41.58826446533203,NISAR_S2_PR_GCOV_028_170_A_013_3700_DHNA_A_20260824T232917_20260824T232954_P00500_M_F_I_001_gcov.tif,Band 2: HVHV,400,0.03817197114432806,0.02359820394660168,0.6182076334852338,2.6165634667168582,-14.18255413144913,2.529919305944854,-21.893901922596495,-19.15500757179549,-14.966389985785975,-10.771212082428857,-7.923937874693564,0
99,ROI 99,point,400,40000.000244140625,708577.2234451097,2425338.990551072,89.01925388816194,21.919949481318117,power,vegetation,gamma0,41.53748321533203,NISAR_S2_PR_GCOV_028_170_A_013_3700_DHNA_A_20260824T232917_20260824T232954_P00500_M_F_I_001_gcov.tif,Band 1: HHHH,400,0.166462217788212,0.10788200050305834,0.6480870069886693,2.3808573245007616,-7.786843235276153,2.858212958079534,-20.322297594040094,-13.187843792982424,-8.61263213483751,-3.9483058076695086,-1.8730778174760843,0
99,ROI 99,point,400,40000.000244140625,708577.2234451097,2425338.990551072,89.01925388816194,21.919949481318117,power,vegetation,gamma0,41.53748321533203,NISAR_S2_PR_GCOV_028_170_A_013_3700_DHNA_A_20260824T232917_20260824T232954_P00500_M_F_I_001_gcov.tif,Band 2: HVHV,400,0.05517222467227839,0.03166780980800186,0.5739810202707584,3.035323163875197,-12.582795039267022,2.565038789601811,-21.26480237842411,-17.80227486551321,-13.170560203889838,-9.500983283502592,-7.16475659481573,0
99,ROI 99,point,400,40000.000244140625,708577.2234451097,2425338.990551072,89.01925388816194,21.919949481318117,power,vegetation,sigma0,41.53748321533203,NISAR_S2_PR_GCOV_028_170_A_013_3700_DHNA_A_20260824T232917_20260824T232954_P00500_M_F_I_001_gcov.tif,Band 1: HHHH,400,0.12114414970418698,0.0789934631538908,0.6520617243736421,2.351920208499503,-9.166975539782879,2.855153962480638,-21.46778112651537,-14.507561787361452,-9.959604981892728,-5.226991416328229,-3.3766382631199447,0
99,ROI 99,point,400,40000.000244140625,708577.2234451097,2425338.990551072,89.01925388816194,21.919949481318117,power,vegetation,sigma0,41.53748321533203,NISAR_S2_PR_GCOV_028_170_A_013_3700_DHNA_A_20260824T232917_20260824T232954_P00500_M_F_I_001_gcov.tif,Band 2: HVHV,400,0.03998861481164655,0.022712777912015716,0.5679811120989542,3.099789569316993,-13.980636393792917,2.538897665213207,-22.618565077394372,-19.215513488853166,-14.521370884158724,-10.973427323446035,-8.493402919915988,0
100,ROI 100,point,400,40000.0,709360.6743786458,2426804.2254526042,89.02702231535712,21.933085760071567,power,vegetation,gamma0,41.47583770751953,NISAR_S2_PR_GCOV_028_170_A_013_3700_DHNA_A_20260824T232917_20260824T232954_P00500_M_F_I_001_gcov.tif,Band 1: HHHH,400,0.1598696428909898,0.11796051530800221,0.7378543741943295,1.8367865371178282,-7.96233995144172,2.736090808347311,-15.914437592389788,-13.297793332652539,-9.022731085818393,-4.430419366874193,0.33173853327293695,0
100,ROI 100,point,400,40000.0,709360.6743786458,2426804.2254526042,89.02702231535712,21.933085760071567,power,vegetation,gamma0,41.47583770751953,NISAR_S2_PR_GCOV_028_170_A_013_3700_DHNA_A_20260824T232917_20260824T232954_P00500_M_F_I_001_gcov.tif,Band 2: HVHV,400,0.05656781104393303,0.03755092256296159,0.6638213830441114,2.2693293203893745,-12.47430626455526,2.813879368388747,-20.85240522707922,-17.98454466318802,-13.397494445466469,-8.863398488719557,-5.86905817558423,0
100,ROI 100,point,400,40000.0,709360.6743786458,2426804.2254526042,89.02702231535712,21.933085760071567,power,vegetation,sigma0,41.47583770751953,NISAR_S2_PR_GCOV_028_170_A_013_3700_DHNA_A_20260824T232917_20260824T232954_P00500_M_F_I_001_gcov.tif,Band 1: HHHH,400,0.11896717260047102,0.08965039327872522,0.7535725302962296,1.760961585728106,-9.24572859828231,2.756294091147014,-17.127818150676926,-14.619654660665864,-10.308824137791285,-5.603633762669541,-0.6667911167097553,0
100,ROI 100,point,400,40000.0,709360.6743786458,2426804.2254526042,89.02702231535712,21.933085760071567,power,vegetation,sigma0,41.47583770751953,NISAR_S2_PR_GCOV_028_170_A_013_3700_DHNA_A_20260824T232917_20260824T232954_P00500_M_F_I_001_gcov.tif,Band 2: HVHV,400,0.04195565380271759,0.02783760388517112,0.6635006575292124,2.2715237650144875,-13.77209506828777,2.823477461019763,-22.61339612339615,-19.318134340517727,-14.700003824654459,-10.184566973465062,-7.244216451738341,0
101,ROI 101,point,400,40000.0,710694.332675,2424740.9424375,89.03966301607254,21.91429688981108,power,vegetation,gamma0,41.43699264526367,NISAR_S2_PR_GCOV_028_170_A_013_3700_DHNA_A_20260824T232917_20260824T232954_P00500_M_F_I_001_gcov.tif,Band 1: HHHH,400,0.16173141785897316,0.10528189182853771,0.6509674695385507,2.3598338547224493,-7.912056060836866,2.745396742709562,-18.365993145838793,-13.240006177114854,-8.756748073534412,-4.443639833574777,-1.2664829288932236,0
101,ROI 101,point,400,40000.0,710694.332675,2424740.9424375,89.03966301607254,21.91429688981108,power,vegetation,gamma0,41.43699264526367,NISAR_S2_PR_GCOV_028_170_A_013_3700_DHNA_A_20260824T232917_20260824T232954_P00500_M_F_I_001_gcov.tif,Band 2: HVHV,400,0.06429049563594162,0.04029032689237213,0.626691807145562,2.546196786813598,-11.91853226110888,2.6844966861824475,-20.272198763660448,-17.753664467026827,-12.537050618990284,-8.603561683034346,-5.0990559812440415,0
101,ROI 101,point,400,40000.0,710694.332675,2424740.9424375,89.03966301607254,21.91429688981108,power,vegetation,sigma0,41.43699264526367,NISAR_S2_PR_GCOV_028_170_A_013_3700_DHNA_A_20260824T232917_20260824T232954_P00500_M_F_I_001_gcov.tif,Band 1: HHHH,400,0.11942428123552308,0.07756487300156113,0.6494899713785277,2.370582645777114,-9.229073638724124,2.732803360747785,-19.692456482976326,-14.534818892658175,-10.009546260641955,-5.745980621245792,-2.5564172819745243,0
101,ROI 101,point,400,40000.0,710694.332675,2424740.9424375,89.03966301607254,21.91429688981108,power,vegetation,sigma0,41.43699264526367,NISAR_S2_PR_GCOV_028_170_A_013_3700_DHNA_A_20260824T232917_20260824T232954_P00500_M_F_I_001_gcov.tif,Band 2: HVHV,400,0.047564018752370464,0.02985975391202584,0.627780298958395,2.537374873692598,-13.227214583375309,2.6837059464385664,-21.77071067165699,-19.136619600552446,-13.881250876083813,-9.939146336781535,-6.517710010485642,0
102,ROI 102,point,400,40000.0,711316.3078441406,2424352.2079572915,89.04563109294058,21.910712299933614,power,vegetation,gamma0,41.41069412231445,NISAR_S2_PR_GCOV_028_170_A_013_3700_DHNA_A_20260824T232917_20260824T232954_P00500_M_F_I_001_gcov.tif,Band 1: HHHH,400,0.16285880322102458,0.11071196411112019,0.6798033752026713,2.163880967029588,-7.881887609739492,2.858200858233448,-16.512666243214348,-13.614057757076552,-8.750026615133436,-4.1096906039356815,-1.3172918162222427,0
102,ROI 102,point,400,40000.0,711316.3078441406,2424352.2079572915,89.04563109294058,21.910712299933614,power,vegetation,gamma0,41.41069412231445,NISAR_S2_PR_GCOV_028_170_A_013_3700_DHNA_A_20260824T232917_20260824T232954_P00500_M_F_I_001_gcov.tif,Band 2: HVHV,400,0.059274033235851675,0.03937750442387931,0.6643297625318665,2.265857433039116,-12.271355206691986,2.8630998463761124,-21.687335336937398,-17.891154529199483,-13.23215991677279,-8.50886315422219,-5.9304564672131725,0
102,ROI 102,point,400,40000.0,711316.3078441406,2424352.2079572915,89.04563109294058,21.910712299933614,power,vegetation,sigma0,41.41069412231445,NISAR_S2_PR_GCOV_028_170_A_013_3700_DHNA_A_20260824T232917_20260824T232954_P00500_M_F_I_001_gcov.tif,Band 1: HHHH,400,0.12021621345009209,0.0817080396018932,0.6796757047735029,2.1646939711034356,-9.200369554859257,2.850556166197419,-17.781985569461693,-14.944557692973232,-10.097753487044246,-5.423719494547513,-2.5599126869767193,0
102,ROI 102,point,400,40000.0,711316.3078441406,2424352.2079572915,89.04563109294058,21.910712299933614,power,vegetation,sigma0,41.41069412231445,NISAR_S2_PR_GCOV_028_170_A_013_3700_DHNA_A_20260824T232917_20260824T232954_P00500_M_F_I_001_gcov.tif,Band 2: HVHV,400,0.043859230503754176,0.029220876903762842,0.666242352365522,2.2528668582524465,-13.57938992150174,2.8753258704122606,-23.048935345570104,-19.216719662322742,-14.552266501465692,-9.809751976662074,-7.1871657217081335,0
103,ROI 103,point,400,40000.000244140625,711776.807242508,2424681.1322004,89.05012926264668,21.913626630103494,power,vegetation,gamma0,41.38225555419922,NISAR_S2_PR_GCOV_028_170_A_013_3700_DHNA_A_20260824T232917_20260824T232954_P00500_M_F_I_001_gcov.tif,Band 1: HHHH,400,0.17204605367034673,0.11072673595640203,0.6435877696361629,2.4142622024391005,-7.643552846172916,2.6345803954672866,-15.702462624949218,-12.89248440729094,-8.459671179076269,-4.138968970239117,-1.331564428721079,0
103,ROI 103,point,400,40000.000244140625,711776.807242508,2424681.1322004,89.05012926264668,21.913626630103494,power,vegetation,gamma0,41.38225555419922,NISAR_S2_PR_GCOV_028_170_A_013_3700_DHNA_A_20260824T232917_20260824T232954_P00500_M_F_I_001_gcov.tif,Band 2: HVHV,400,0.06872283197240904,0.046733498024175056,0.6800286990928677,2.1624472237169146,-11.628989521359474,2.6294193044590815,-20.560313549282423,-16.753441660976897,-12.353202658761337,-8.011252412979418,-4.698204019910372,0
103,ROI 103,point,400,40000.000244140625,711776.807242508,2424681.1322004,89.05012926264668,21.913626630103494,power,vegetation,sigma0,41.38225555419922,NISAR_S2_PR_GCOV_028_170_A_013_3700_DHNA_A_20260824T232917_20260824T232954_P00500_M_F_I_001_gcov.tif,Band 1: HHHH,400,0.12799998174661134,0.08515094319686928,0.6652418385920867,2.2596485102772235,-8.927900922845264,2.654433244502533,-17.07164729473486,-14.122588186431352,-9.816537972393924,-5.173629718104131,-2.373850301154366,0
103,ROI 103,point,400,40000.000244140625,711776.807242508,2424681.1322004,89.05012926264668,21.913626630103494,power,vegetation,sigma0,41.38225555419922,NISAR_S2_PR_GCOV_028_170_A_013_3700_DHNA_A_20260824T232917_20260824T232954_P00500_M_F_I_001_gcov.tif,Band 2: HVHV,400,0.050932950839782325,0.035218686303533385,0.6914715468640202,2.0914687103601346,-12.93001161909225,2.6261258938309897,-21.896508631155083,-17.9919502738517,-13.71584536364386,-9.409122904865713,-5.594954688185926,0
104,ROI 104,point,400,40000.0,712279.1732503907,2425022.027371354,89.0550342648329,21.91664384305969,power,vegetation,gamma0,41.35160446166992,NISAR_S2_PR_GCOV_028_170_A_013_3700_DHNA_A_20260824T232917_20260824T232954_P00500_M_F_I_001_gcov.tif,Band 1: HHHH,400,0.1532166217127815,0.10532063995283697,0.6873969597780983,2.1163368108965814,-8.14694117689282,2.7676770270217785,-16.920768510131786,-13.507356328604946,-9.153005269119742,-4.4554028933431615,-0.8909780172940012,0
104,ROI 104,point,400,40000.0,712279.1732503907,2425022.027371354,89.0550342648329,21.91664384305969,power,vegetation,gamma0,41.35160446166992,NISAR_S2_PR_GCOV_028_170_A_013_3700_DHNA_A_20260824T232917_20260824T232954_P00500_M_F_I_001_gcov.tif,Band 2: HVHV,400,0.060859808839159084,0.03716148151355132,0.6106079237245398,2.682101002737254,-12.156694160959711,2.597559375449858,-21.861337887466767,-16.956978912107186,-13.017627106612494,-8.757830394436585,-5.859236463999066,0
104,ROI 104,point,400,40000.0,712279.1732503907,2425022.027371354,89.0550342648329,21.91664384305969,power,vegetation,sigma0,41.35160446166992,NISAR_S2_PR_GCOV_028_170_A_013_3700_DHNA_A_20260824T232917_20260824T232954_P00500_M_F_I_001_gcov.tif,Band 1: HHHH,400,0.11375421825541775,0.0791014445016487,0.6953715274455886,2.068074557139438,-9.440324897821984,2.796235422137999,-18.26872322192301,-14.925618583931469,-10.469838134001112,-5.803741033666512,-2.154439758386106,0
104,ROI 104,point,400,40000.0,712279.1732503907,2425022.027371354,89.0550342648329,21.91664384305969,power,vegetation,sigma0,41.35160446166992,NISAR_S2_PR_GCOV_028_170_A_013_3700_DHNA_A_20260824T232917_20260824T232954_P00500_M_F_I_001_gcov.tif,Band 2: HVHV,400,0.045046237307853454,0.02774609535167767,0.6159470137773385,2.635805087782429,-13.463414795946399,2.6031602406246312,-23.22164391402965,-18.259664200451265,-14.29816130949053,-10.07185883193517,-6.942900744953359,0
105,ROI 105,point,400,40000.0,712793.4988717448,2427438.161681771,89.06032497630878,21.93839631362669,power,vegetation,gamma0,41.29011154174805,NISAR_S2_PR_GCOV_028_170_A_013_3700_DHNA_A_20260824T232917_20260824T232954_P00500_M_F_I_001_gcov.tif,Band 1: HHHH,400,0.17563321059104056,0.13049178930897218,0.7429790121688344,1.8115357463354536,-7.553933596559977,2.716316669921393,-15.562024468472229,-12.670934517998653,-8.697513586637228,-3.7190920502517386,1.5804180045205285,0
105,ROI 105,point,400,40000.0,712793.4988717448,2427438.161681771,89.06032497630878,21.93839631362669,power,vegetation,gamma0,41.29011154174805,NISAR_S2_PR_GCOV_028_170_A_013_3700_DHNA_A_20260824T232917_20260824T232954_P00500_M_F_I_001_gcov.tif,Band 2: HVHV,400,0.060581113130319865,0.041624325674223896,0.6870842003956443,2.1182639541561876,-12.17662751110224,2.653703082680526,-20.59338807508706,-17.319817895103245,-13.053509106180776,-8.289088643627005,-5.309525085177791,0
105,ROI 105,point,400,40000.0,712793.4988717448,2427438.161681771,89.06032497630878,21.93839631362669,power,vegetation,sigma0,41.29011154174805,NISAR_S2_PR_GCOV_028_170_A_013_3700_DHNA_A_20260824T232917_20260824T232954_P00500_M_F_I_001_gcov.tif,Band 1: HHHH,400,0.13127992648362322,0.09789609068507958,0.7457049474909009,1.7983157627672253,-8.81801675158541,2.722951233970966,-16.796110187650047,-13.927331374751386,-9.960526913406134,-5.114940422192423,0.34539772068555064,0
105,ROI 105,point,400,40000.0,712793.4988717448,2427438.161681771,89.06032497630878,21.93839631362669,power,vegetation,sigma0,41.29011154174805,NISAR_S2_PR_GCOV_028_170_A_013_3700_DHNA_A_20260824T232917_20260824T232954_P00500_M_F_I_001_gcov.tif,Band 2: HVHV,400,0.045321850386086666,0.031323478814418305,0.6911341559883505,2.0935111928223455,-13.436923672097482,2.664791768272291,-21.76846290896796,-18.615443260740477,-14.317975902682761,-9.451870408455557,-6.53571064628562,0
106,ROI 106,point,400,40000.000244140625,713451.3557718708,2431146.0856307326,89.06717561948896,21.971794127001193,power,vegetation,gamma0,41.20250701904297,NISAR_S2_PR_GCOV_028_170_A_013_3700_DHNA_A_20260824T232917_20260824T232954_P00500_M_F_I_001_gcov.tif,Band 1: HHHH,400,0.19900157313328237,0.1303290036765567,0.6549144392404785,2.331475567686714,-7.0114349042243695,2.8522724468790837,-16.555942987327754,-12.783413511752551,-7.80059127894007,-3.43262065853492,-0.7825442048730774,0
106,ROI 106,point,400,40000.000244140625,713451.3557718708,2431146.0856307326,89.06717561948896,21.971794127001193,power,vegetation,gamma0,41.20250701904297,NISAR_S2_PR_GCOV_028_170_A_013_3700_DHNA_A_20260824T232917_20260824T232954_P00500_M_F_I_001_gcov.tif,Band 2: HVHV,400,0.06607437345781364,0.04254117241283536,0.6438376966222241,2.4123882141150617,-11.799669463211753,2.8228600333676845,-21.137390181252535,-17.1896262913641,-12.406896193465247,-8.37648320232452,-5.841122635734051,0
106,ROI 106,point,400,40000.000244140625,713451.3557718708,2431146.0856307326,89.06717561948896,21.971794127001193,power,vegetation,sigma0,41.20250701904297,NISAR_S2_PR_GCOV_028_170_A_013_3700_DHNA_A_20260824T232917_20260824T232954_P00500_M_F_I_001_gcov.tif,Band 1: HHHH,400,0.14865941143470193,0.0971988136252702,0.6538355875837999,2.3391759483529206,-8.27807590967801,2.838283754770616,-17.83383718186396,-14.058527146139516,-9.116498567703715,-4.58957182888566,-2.322132773956522,0
106,ROI 106,point,400,40000.000244140625,713451.3557718708,2431146.0856307326,89.06717561948896,21.971794127001193,power,vegetation,sigma0,41.20250701904297,NISAR_S2_PR_GCOV_028_170_A_013_3700_DHNA_A_20260824T232917_20260824T232954_P00500_M_F_I_001_gcov.tif,Band 2: HVHV,400,0.049372604664687784,0.03181593605721975,0.6444046505809549,2.4081451926451662,-13.065139608569842,2.8093113483438614,-22.400806561658303,-18.414411919273938,-13.68192926975988,-9.60535470748983,-7.150747264130457,0
107,ROI 107,point,400,39999.999755859375,714121.1780896394,2432222.5910107335,89.0738004992344,21.981431713871114,power,vegetation,gamma0,41.152244567871094,NISAR_S2_PR_GCOV_028_170_A_013_3700_DHNA_A_20260824T232917_20260824T232954_P00500_M_F_I_001_gcov.tif,Band 1: HHHH,400,0.14840023334370925,0.0971139174168934,0.6544054226112179,2.33510396483247,-8.285654161742045,2.8472653330785507,-20.06517862375558,-14.251160125129847,-9.132164751960701,-4.386783658362928,-2.430583243442741,0
107,ROI 107,point,400,39999.999755859375,714121.1780896394,2432222.5910107335,89.0738004992344,21.981431713871114,power,vegetation,gamma0,41.152244567871094,NISAR_S2_PR_GCOV_028_170_A_013_3700_DHNA_A_20260824T232917_20260824T232954_P00500_M_F_I_001_gcov.tif,Band 2: HVHV,400,0.04977055040653795,0.033507635709224215,0.6732422172454534,2.206263177902465,-13.030275564189166,2.7417064972044383,-22.2810637954884,-18.54444342830155,-13.88282156814446,-9.030115984117343,-6.768733472050197,0
107,ROI 107,point,400,39999.999755859375,714121.1780896394,2432222.5910107335,89.0738004992344,21.981431713871114,power,vegetation,sigma0,41.152244567871094,NISAR_S2_PR_GCOV_028_170_A_013_3700_DHNA_A_20260824T232917_20260824T232954_P00500_M_F_I_001_gcov.tif,Band 1: HHHH,400,0.1099277605127975,0.07142013201981458,0.6497006005275623,2.3690458367679255,-9.588926195411245,2.8349455439090003,-21.33200980670431,-15.55443494296923,-10.438594453789527,-5.899178141723766,-3.5700113045752273,0
107,ROI 107,point,400,39999.999755859375,714121.1780896394,2432222.5910107335,89.0738004992344,21.981431713871114,power,vegetation,sigma0,41.152244567871094,NISAR_S2_PR_GCOV_028_170_A_013_3700_DHNA_A_20260824T232917_20260824T232954_P00500_M_F_I_001_gcov.tif,Band 2: HVHV,400,0.03695604649467775,0.024932196957808638,0.6746445933116592,2.197100442546313,-14.32314495173324,2.7442756770719394,-23.482029905002864,-19.71293738153693,-15.147175288936703,-10.319870957619049,-8.070948278267569,0
108,ROI 108,point,400,39999.999755859375,715580.4275283637,2426660.6976575158,89.08719278111764,21.93103647834821,power,vegetation,gamma0,41.156959533691406,NISAR_S2_PR_GCOV_028_170_A_013_3700_DHNA_A_20260824T232917_20260824T232954_P00500_M_F_I_001_gcov.tif,Band 1: HHHH,400,0.1924175362009555,0.13915999179842842,0.7232188632386063,1.9118794709816078,-7.157553505505081,2.8929816610137933,-18.203175354633643,-12.719696104310362,-8.246851766603976,-3.1892057629269956,-0.451665537214096,0
108,ROI 108,point,400,39999.999755859375,715580.4275283637,2426660.6976575158,89.08719278111764,21.93103647834821,power,vegetation,gamma0,41.156959533691406,NISAR_S2_PR_GCOV_028_170_A_013_3700_DHNA_A_20260824T232917_20260824T232954_P00500_M_F_I_001_gcov.tif,Band 2: HVHV,400,0.062112289066426456,0.04209661233607525,0.6777501355819411,2.17701175335016,-12.068224651096441,2.770768683743928,-20.497448950866346,-17.521764283369116,-12.923240169837229,-8.166440307832662,-5.634452549974304,0
108,ROI 108,point,400,39999.999755859375,715580.4275283637,2426660.6976575158,89.08719278111764,21.93103647834821,power,vegetation,sigma0,41.156959533691406,NISAR_S2_PR_GCOV_028_170_A_013_3700_DHNA_A_20260824T232917_20260824T232954_P00500_M_F_I_001_gcov.tif,Band 1: HHHH,400,0.14393314822302813,0.10560925719959224,0.7337382562906771,1.857452315683126,-8.418391752608375,2.9095352993267163,-19.424210242867748,-13.995921391157697,-9.415727364047758,-4.494263981729395,-1.4996388908585903,0
108,ROI 108,point,400,39999.999755859375,715580.4275283637,2426660.6976575158,89.08719278111764,21.93103647834821,power,vegetation,sigma0,41.156959533691406,NISAR_S2_PR_GCOV_028_170_A_013_3700_DHNA_A_20260824T232917_20260824T232954_P00500_M_F_I_001_gcov.tif,Band 2: HVHV,400,0.046398290047792924,0.031753674633274144,0.6843716568124821,2.13508893601076,-13.334980245419274,2.780866937309292,-21.871695654309455,-18.860733834942096,-14.191327557420436,-9.477020437792167,-6.693451608649287,0
109,ROI 109,point,400,40000.0,716680.843679427,2426887.9528786456,89.09787137268744,21.93295268455147,power,vegetation,gamma0,41.09676742553711,NISAR_S2_PR_GCOV_028_170_A_013_3700_DHNA_A_20260824T232917_20260824T232954_P00500_M_F_I_001_gcov.tif,Band 1: HHHH,400,0.20408728175330906,0.14349775450525612,0.7031195343113509,2.0227474966077814,-6.901840586668718,2.752208456070232,-17.6993085016395,-12.113895856073473,-7.650926623265669,-3.388936502382003,0.6619786226235163,0
109,ROI 109,point,400,40000.0,716680.843679427,2426887.9528786456,89.09787137268744,21.93295268455147,power,vegetation,gamma0,41.09676742553711,NISAR_S2_PR_GCOV_028_170_A_013_3700_DHNA_A_20260824T232917_20260824T232954_P00500_M_F_I_001_gcov.tif,Band 2: HVHV,400,0.06668823362677358,0.04343072703603109,0.6512502232267071,2.357785158686633,-11.75950785599859,2.856666377322325,-21.567264876081104,-17.258433101676353,-12.409443880009022,-8.488090627881826,-5.429533443529215,0
109,ROI 109,point,400,40000.0,716680.843679427,2426887.9528786456,89.09787137268744,21.93295268455147,power,vegetation,sigma0,41.09676742553711,NISAR_S2_PR_GCOV_028_170_A_013_3700_DHNA_A_20260824T232917_20260824T232954_P00500_M_F_I_001_gcov.tif,Band 1: HHHH,400,0.15216238816486213,0.10635238111830385,0.6989400100836687,2.0470110930331065,-8.17692684169264,2.759197082457369,-19.130480502951865,-13.302306212235314,-8.905779413787936,-4.666605408786219,-0.6563314124164044,0
109,ROI 109,point,400,40000.0,716680.843679427,2426887.9528786456,89.09787137268744,21.93295268455147,power,vegetation,sigma0,41.09676742553711,NISAR_S2_PR_GCOV_028_170_A_013_3700_DHNA_A_20260824T232917_20260824T232954_P00500_M_F_I_001_gcov.tif,Band 2: HVHV,400,0.049825984548137164,0.03278044897301883,0.6578986701476908,2.310372374219703,-13.02544110999805,2.87074730141537,-22.99843687739347,-18.54842722282895,-13.648393482345684,-9.68064227334785,-6.671307348175795,0
110,ROI 110,point,400,40000.0,717601.8453723958,2427342.473196875,89.10684422597272,21.93694230560758,power,vegetation,gamma0,41.04237747192383,NISAR_S2_PR_GCOV_028_170_A_013_3700_DHNA_A_20260824T232917_20260824T232954_P00500_M_F_I_001_gcov.tif,Band 1: HHHH,400,0.1771075487276539,0.12724767465281414,0.7184768552609155,1.9371998868245897,-7.517629277941225,2.9043738290189154,-16.618785234793965,-13.216213656408748,-8.411210357441076,-3.95486593905626,-0.048953953442837685,0
110,ROI 110,point,400,40000.0,717601.8453723958,2427342.473196875,89.10684422597272,21.93694230560758,power,vegetation,gamma0,41.04237747192383,NISAR_S2_PR_GCOV_028_170_A_013_3700_DHNA_A_20260824T232917_20260824T232954_P00500_M_F_I_001_gcov.tif,Band 2: HVHV,400,0.06108118501142599,0.03798172167881295,0.6218235889121667,2.5862208818023915,-12.14092545961866,2.7160342071043844,-21.52262708728277,-17.670173032690577,-12.703030552717202,-8.606942877793426,-6.503257964861188,0
110,ROI 110,point,400,40000.0,717601.8453723958,2427342.473196875,89.10684422597272,21.93694230560758,power,vegetation,sigma0,41.04237747192383,NISAR_S2_PR_GCOV_028_170_A_013_3700_DHNA_A_20260824T232917_20260824T232954_P00500_M_F_I_001_gcov.tif,Band 1: HHHH,400,0.13242940262030511,0.09528222750153868,0.7194945051192828,1.9317238282503215,-8.780155800165199,2.9136642964514743,-17.895926637138054,-14.57120615858597,-9.673798209027614,-5.1985514699756195,-1.283763366512278,0
110,ROI 110,point,400,40000.0,717601.8453723958,2427342.473196875,89.10684422597272,21.93694230560758,power,vegetation,sigma0,41.04237747192383,NISAR_S2_PR_GCOV_028_170_A_013_3700_DHNA_A_20260824T232917_20260824T232954_P00500_M_F_I_001_gcov.tif,Band 2: HVHV,400,0.045670836923848095,0.028586471989727018,0.6259239793961368,2.552447512932276,-13.403610298189104,2.7235646414793457,-22.800979899397245,-18.967562516821683,-14.032214423016022,-9.879619030779073,-7.585690202226589,0
111,ROI 111,point,400,39999.999755859375,718582.6538315836,2428143.8692186517,89.11644267129452,21.94405568532141,power,vegetation,gamma0,40.97987365722656,NISAR_S2_PR_GCOV_028_170_A_013_3700_DHNA_A_20260824T232917_20260824T232954_P00500_M_F_I_001_gcov.tif,Band 1: HHHH,400,0.23832569509046153,0.15628285816500082,0.6557532879771121,2.3255144708670628,-6.228291316593719,2.8911545001688674,-19.217006104634994,-11.620862060111929,-7.027089666237833,-2.846322543837958,0.851457910846936,0
111,ROI 111,point,400,39999.999755859375,718582.6538315836,2428143.8692186517,89.11644267129452,21.94405568532141,power,vegetation,gamma0,40.97987365722656,NISAR_S2_PR_GCOV_028_170_A_013_3700_DHNA_A_20260824T232917_20260824T232954_P00500_M_F_I_001_gcov.tif,Band 2: HVHV,400,0.06414435142651201,0.044522890736324504,0.694104621002098,2.0756309053240876,-11.928415817256177,2.833188097637483,-21.438556874876657,-17.639914836136594,-12.85195323866091,-8.441222452769797,-5.099169460108843,0
111,ROI 111,point,400,39999.999755859375,718582.6538315836,2428143.8692186517,89.11644267129452,21.94405568532141,power,vegetation,sigma0,40.97987365722656,NISAR_S2_PR_GCOV_028_170_A_013_3700_DHNA_A_20260824T232917_20260824T232954_P00500_M_F_I_001_gcov.tif,Band 1: HHHH,400,0.17822514388105973,0.11765789488750046,0.6601643983860134,2.294540884173727,-7.49031026009137,2.8891388842313646,-20.582298595575956,-12.93532642546543,-8.229133036475268,-4.182478797859267,-0.23251933627688093,0
111,ROI 111,point,400,39999.999755859375,718582.6538315836,2428143.8692186517,89.11644267129452,21.94405568532141,power,vegetation,sigma0,40.97987365722656,NISAR_S2_PR_GCOV_028_170_A_013_3700_DHNA_A_20260824T232917_20260824T232954_P00500_M_F_I_001_gcov.tif,Band 2: HVHV,400,0.047975740717732515,0.03328663284406191,0.693822176501773,2.077321165107154,-13.189783112847156,2.835478720606227,-22.76137567658934,-18.815803835111407,-14.068528321229646,-9.698490659407351,-6.4658779812786005,0
112,ROI 112,point,400,40000.0,719814.6416473958,2426744.420146354,89.12817719925941,21.931266891976023,power,vegetation,gamma0,40.936187744140625,NISAR_S2_PR_GCOV_028_170_A_013_3700_DHNA_A_20260824T232917_20260824T232954_P00500_M_F_I_001_gcov.tif,Band 1: HHHH,400,0.21600042072124778,0.16029934737437243,0.7421251627154998,1.815706656324424,-6.655454029382433,2.970229395677155,-16.292548488095974,-12.92874298773151,-7.63148217552763,-2.869552934384489,1.008043054582501,0
112,ROI 112,point,400,40000.0,719814.6416473958,2426744.420146354,89.12817719925941,21.931266891976023,power,vegetation,gamma0,40.936187744140625,NISAR_S2_PR_GCOV_028_170_A_013_3700_DHNA_A_20260824T232917_20260824T232954_P00500_M_F_I_001_gcov.tif,Band 2: HVHV,400,0.05893163265194744,0.03497764538577753,0.5935292102351363,2.838675864265665,-12.296515269701874,2.6620257922600943,-20.57632648636014,-17.90648704835298,-13.026606431012382,-8.620240468059876,-7.205834125656648,0
112,ROI 112,point,400,40000.0,719814.6416473958,2426744.420146354,89.12817719925941,21.931266891976023,power,vegetation,sigma0,40.936187744140625,NISAR_S2_PR_GCOV_028_170_A_013_3700_DHNA_A_20260824T232917_20260824T232954_P00500_M_F_I_001_gcov.tif,Band 1: HHHH,400,0.16168799804479586,0.1193570395540476,0.7381935641319498,1.8350989678766392,-7.9132221618740015,2.9746457794123997,-17.60454689014893,-14.20085016265687,-8.921433301860409,-3.939013598698259,-0.31000644237903113,0
112,ROI 112,point,400,40000.0,719814.6416473958,2426744.420146354,89.12817719925941,21.931266891976023,power,vegetation,sigma0,40.936187744140625,NISAR_S2_PR_GCOV_028_170_A_013_3700_DHNA_A_20260824T232917_20260824T232954_P00500_M_F_I_001_gcov.tif,Band 2: HVHV,400,0.0441808452551881,0.026362249300126827,0.5966895641733142,2.8086855207360446,-13.547659795883401,2.6727792847932674,-21.837790036452386,-19.178200561210616,-14.183315002377544,-9.863470012110378,-8.316928535437077,0
113,ROI 113,point,400,40000.0,720197.3955984375,2431791.98786875,89.1325609304551,21.97679000452032,power,vegetation,gamma0,40.84300231933594,NISAR_S2_PR_GCOV_028_170_A_013_3700_DHNA_A_20260824T232917_20260824T232954_P00500_M_F_I_001_gcov.tif,Band 1: HHHH,400,0.18199883272871376,0.13790076556267805,0.757701373657885,1.7418223177466525,-7.399313974056074,2.9035375842246047,-17.765306226443002,-13.674574860383572,-8.100894418617685,-3.9405968841928827,-0.7536851301323299,0
113,ROI 113,point,400,40000.0,720197.3955984375,2431791.98786875,89.1325609304551,21.97679000452032,power,vegetation,gamma0,40.84300231933594,NISAR_S2_PR_GCOV_028_170_A_013_3700_DHNA_A_20260824T232917_20260824T232954_P00500_M_F_I_001_gcov.tif,Band 2: HVHV,400,0.05326362515799701,0.033962204820024496,0.6376247339395636,2.459629478278163,-12.735692785178808,2.8838674889673923,-23.4347940669944,-18.54675179907212,-13.464624880064175,-9.11840726279134,-7.025963501199779,0
113,ROI 113,point,400,40000.0,720197.3955984375,2431791.98786875,89.1325609304551,21.97679000452032,power,vegetation,sigma0,40.84300231933594,NISAR_S2_PR_GCOV_028_170_A_013_3700_DHNA_A_20260824T232917_20260824T232954_P00500_M_F_I_001_gcov.tif,Band 1: HHHH,400,0.1367461387056165,0.10613224334073067,0.7761260708736308,1.660104610999063,-8.640849279745634,2.9135575116693313,-19.243147240614572,-14.902932338864819,-9.403053822183615,-4.981292977650841,-1.9007556151780034,0
113,ROI 113,point,400,40000.0,720197.3955984375,2431791.98786875,89.1325609304551,21.97679000452032,power,vegetation,sigma0,40.84300231933594,NISAR_S2_PR_GCOV_028_170_A_013_3700_DHNA_A_20260824T232917_20260824T232954_P00500_M_F_I_001_gcov.tif,Band 2: HVHV,400,0.03983051662047686,0.025448146075373868,0.6389107708005721,2.44973767238858,-13.997840605510719,2.877471910366735,-24.792779045438536,-19.689805595356386,-14.675605742603839,-10.292347805485795,-7.950899946435107,0
114,ROI 114,point,400,40000.000244140625,720962.9020324042,2432521.607634316,89.14006952172359,21.983280721151903,power,vegetation,gamma0,40.79216766357422,NISAR_S2_PR_GCOV_028_170_A_013_3700_DHNA_A_20260824T232917_20260824T232954_P00500_M_F_I_001_gcov.tif,Band 1: HHHH,400,0.15275618163868784,0.11002006842184442,0.7202331666162841,1.9277635598782972,-8.16001205980661,3.0324446600641513,-17.756779872009602,-13.883331867454448,-9.12582978702747,-4.202321161095953,-1.782909929025068,0
114,ROI 114,point,400,40000.000244140625,720962.9020324042,2432521.607634316,89.14006952172359,21.983280721151903,power,vegetation,gamma0,40.79216766357422,NISAR_S2_PR_GCOV_028_170_A_013_3700_DHNA_A_20260824T232917_20260824T232954_P00500_M_F_I_001_gcov.tif,Band 2: HVHV,400,0.055052723828703166,0.031791323446361625,0.577470490747751,2.998751011047677,-12.592211886902156,2.6222786036343337,-21.21160587820158,-17.68616388494556,-13.190293143971976,-9.334893031892666,-7.6092131283168465,0
114,ROI 114,point,400,40000.000244140625,720962.9020324042,2432521.607634316,89.14006952172359,21.983280721151903,power,vegetation,sigma0,40.79216766357422,NISAR_S2_PR_GCOV_028_170_A_013_3700_DHNA_A_20260824T232917_20260824T232954_P00500_M_F_I_001_gcov.tif,Band 1: HHHH,400,0.11429002989232938,0.08300704256215963,0.7262841967961606,1.8957750840268666,-9.41991653695727,3.0324026471313106,-19.23367695858793,-15.099391214428842,-10.37590476420393,-5.444552282511832,-3.1275406325868476,0
114,ROI 114,point,400,40000.000244140625,720962.9020324042,2432521.607634316,89.14006952172359,21.983280721151903,power,vegetation,sigma0,40.79216766357422,NISAR_S2_PR_GCOV_028_170_A_013_3700_DHNA_A_20260824T232917_20260824T232954_P00500_M_F_I_001_gcov.tif,Band 2: HVHV,400,0.04110578782492571,0.023752853301058544,0.5778469300290432,2.9948452016648024,-13.860970237819284,2.613177038717936,-22.381434716039443,-19.099643205583927,-14.518963890577501,-10.615215229570229,-8.879744805600678,0
115,ROI 115,point,400,40000.0,721465.2680584636,2433215.3541182294,89.1450266062207,21.989480500927694,power,vegetation,gamma0,40.75599670410156,NISAR_S2_PR_GCOV_028_170_A_013_3700_DHNA_A_20260824T232917_20260824T232954_P00500_M_F_I_001_gcov.tif,Band 1: HHHH,400,0.13839852633420377,0.10072117898800856,0.7277619325569101,1.8880840787549078,-8.588685342169116,2.621898821326178,-15.657196075734491,-13.495682308900621,-9.549208581658084,-5.23215268100465,-0.2548047533181328,0
115,ROI 115,point,400,40000.0,721465.2680584636,2433215.3541182294,89.1450266062207,21.989480500927694,power,vegetation,gamma0,40.75599670410156,NISAR_S2_PR_GCOV_028_170_A_013_3700_DHNA_A_20260824T232917_20260824T232954_P00500_M_F_I_001_gcov.tif,Band 2: HVHV,400,0.049887040801113475,0.02975775438036999,0.5965026969430065,2.810445558024063,-13.02012256771646,2.50495743027177,-22.10611757290712,-17.701694892862598,-13.706489834577214,-9.869640888939855,-6.113913678156557,0
115,ROI 115,point,400,40000.0,721465.2680584636,2433215.3541182294,89.1450266062207,21.989480500927694,power,vegetation,sigma0,40.75599670410156,NISAR_S2_PR_GCOV_028_170_A_013_3700_DHNA_A_20260824T232917_20260824T232954_P00500_M_F_I_001_gcov.tif,Band 1: HHHH,400,0.10355604108074504,0.0776988927639182,0.7503076783645541,1.7763200515028836,-9.848245608796066,2.630188650074604,-17.008791397716113,-14.819181627805651,-10.78649205107839,-6.5062654615090665,-1.1574960410419834,0
115,ROI 115,point,400,40000.0,721465.2680584636,2433215.3541182294,89.1450266062207,21.989480500927694,power,vegetation,sigma0,40.75599670410156,NISAR_S2_PR_GCOV_028_170_A_013_3700_DHNA_A_20260824T232917_20260824T232954_P00500_M_F_I_001_gcov.tif,Band 2: HVHV,400,0.037151383938271054,0.02198762498551139,0.5918386518802359,2.8549161052964958,-14.300250035572532,2.494609266411491,-23.39314145870763,-18.937155957821908,-14.88881955131359,-11.222412779059503,-7.354466698603055,0
116,ROI 116,point,400,40000.0,722218.8148985677,2433478.497459896,89.15235709284894,21.991760629728645,power,vegetation,gamma0,40.71298599243164,NISAR_S2_PR_GCOV_028_170_A_013_3700_DHNA_A_20260824T232917_20260824T232954_P00500_M_F_I_001_gcov.tif,Band 1: HHHH,400,0.12576314269565045,0.09413633502564378,0.7485208544243822,1.7848108224177257,-9.004466185826098,2.908443860248493,-17.882340842454937,-14.768639500095853,-9.873755536489046,-5.353967204281681,-1.5169543151545102,0
116,ROI 116,point,400,40000.0,722218.8148985677,2433478.497459896,89.15235709284894,21.991760629728645,power,vegetation,gamma0,40.71298599243164,NISAR_S2_PR_GCOV_028_170_A_013_3700_DHNA_A_20260824T232917_20260824T232954_P00500_M_F_I_001_gcov.tif,Band 2: HVHV,400,0.05026249460875988,0.033001803255197595,0.6565890434225673,2.3195980625836303,-12.987559604721902,2.6930226510207196,-22.88721838621607,-18.11459947500236,-13.833590370234294,-9.494464761391004,-6.2268289568027235,0
116,ROI 116,point,400,40000.0,722218.8148985677,2433478.497459896,89.15235709284894,21.991760629728645,power,vegetation,sigma0,40.71298599243164,NISAR_S2_PR_GCOV_028_170_A_013_3700_DHNA_A_20260824T232917_20260824T232954_P00500_M_F_I_001_gcov.tif,Band 1: HHHH,400,0.09508324014671601,0.07167975426946172,0.7538631851297654,1.7596039565527724,-10.218960272608232,2.9303832549040725,-19.292382070431756,-16.057913050923556,-11.10204390618334,-6.5855606315132755,-2.836811068914903,0
116,ROI 116,point,400,40000.0,722218.8148985677,2433478.497459896,89.15235709284894,21.991760629728645,power,vegetation,sigma0,40.71298599243164,NISAR_S2_PR_GCOV_028_170_A_013_3700_DHNA_A_20260824T232917_20260824T232954_P00500_M_F_I_001_gcov.tif,Band 2: HVHV,400,0.03798603902357382,0.02530706824072983,0.6662202454176512,2.253016372881736,-14.203759899380362,2.706735587462361,-24.11849611811514,-19.234801574349213,-15.03866752030561,-10.698574233488722,-7.028266849448803,0
117,ROI 117,point,400,40000.0,722960.4006770833,2433705.7576182294,89.15956709034843,21.99371797822977,power,vegetation,gamma0,40.67037582397461,NISAR_S2_PR_GCOV_028_170_A_013_3700_DHNA_A_20260824T232917_20260824T232954_P00500_M_F_I_001_gcov.tif,Band 1: HHHH,400,0.13934314756188543,0.09690185788880146,0.6954188963311968,2.0677928303952875,-8.559143836010817,2.9456293954031647,-17.957825813561904,-14.322269317547203,-9.31805445412304,-5.039667060717504,-0.9587906054227323,0
117,ROI 117,point,400,40000.0,722960.4006770833,2433705.7576182294,89.15956709034843,21.99371797822977,power,vegetation,gamma0,40.67037582397461,NISAR_S2_PR_GCOV_028_170_A_013_3700_DHNA_A_20260824T232917_20260824T232954_P00500_M_F_I_001_gcov.tif,Band 2: HVHV,400,0.04980515072355047,0.03075652236726628,0.6175369800200804,2.6222497989843894,-13.027257412735572,2.6115939310843985,-22.436220783813173,-18.32157544546109,-13.846617169389202,-9.571291508477493,-7.343315512908645,0
117,ROI 117,point,400,40000.0,722960.4006770833,2433705.7576182294,89.15956709034843,21.99371797822977,power,vegetation,sigma0,40.67037582397461,NISAR_S2_PR_GCOV_028_170_A_013_3700_DHNA_A_20260824T232917_20260824T232954_P00500_M_F_I_001_gcov.tif,Band 1: HHHH,400,0.10294394950062437,0.07113445685687571,0.6910018238268998,2.0943131165775357,-9.873991738221633,2.930102171565111,-18.95502618036517,-15.575480593765683,-10.66076305725024,-6.367078074872485,-2.277762751021799,0
117,ROI 117,point,400,40000.0,722960.4006770833,2433705.7576182294,89.15956709034843,21.99371797822977,power,vegetation,sigma0,40.67037582397461,NISAR_S2_PR_GCOV_028_170_A_013_3700_DHNA_A_20260824T232917_20260824T232954_P00500_M_F_I_001_gcov.tif,Band 2: HVHV,400,0.03678880587718156,0.022593974167267,0.614153507528795,2.6512221958114712,-14.34284308645287,2.593396125464809,-23.674832602445473,-19.47849411384242,-15.136741163630631,-10.83077505545457,-8.630037562867143,0
118,ROI 118,point,400,40000.0,723618.2590295573,2432294.352426042,89.1657420980001,21.98089167723391,power,vegetation,gamma0,40.65693283081055,NISAR_S2_PR_GCOV_028_170_A_013_3700_DHNA_A_20260824T232917_20260824T232954_P00500_M_F_I_001_gcov.tif,Band 1: HHHH,400,0.17689267135690898,0.131501592747379,0.7433976305443073,1.809496114775807,-7.522901594881551,2.8378710977718846,-16.98436443838682,-13.086857329572881,-8.449424867340992,-3.8915235498752536,0.44377234136436355,0
118,ROI 118,point,400,40000.0,723618.2590295573,2432294.352426042,89.1657420980001,21.98089167723391,power,vegetation,gamma0,40.65693283081055,NISAR_S2_PR_GCOV_028_170_A_013_3700_DHNA_A_20260824T232917_20260824T232954_P00500_M_F_I_001_gcov.tif,Band 2: HVHV,400,0.05132066898164339,0.03594436643708112,0.7003877219515174,2.038557434069057,-12.897076910901216,2.8894152251303313,-24.51603813837517,-18.401449339228794,-13.859547415043693,-9.053730483038137,-5.730612655750007,0
118,ROI 118,point,400,40000.0,723618.2590295573,2432294.352426042,89.1657420980001,21.98089167723391,power,vegetation,sigma0,40.65693283081055,NISAR_S2_PR_GCOV_028_170_A_013_3700_DHNA_A_20260824T232917_20260824T232954_P00500_M_F_I_001_gcov.tif,Band 1: HHHH,400,0.13283472759842296,0.10009993629416683,0.7535675203609574,1.7609850005718979,-8.766883705047944,2.8494842442644965,-18.18806810980877,-14.430019987532862,-9.636046689169165,-4.954366149373144,-0.7349401935363219,0
118,ROI 118,point,400,40000.0,723618.2590295573,2432294.352426042,89.1657420980001,21.98089167723391,power,vegetation,sigma0,40.65693283081055,NISAR_S2_PR_GCOV_028_170_A_013_3700_DHNA_A_20260824T232917_20260824T232954_P00500_M_F_I_001_gcov.tif,Band 2: HVHV,400,0.038394845644389726,0.026923234198291967,0.7012200139480442,2.0337210971293946,-14.157270740295527,2.8776076264798642,-25.629007869186097,-19.635914454541858,-15.130991839499885,-10.245807717176616,-6.882020072017177,0
119,ROI 119,point,400,40000.0,724132.58465,2433059.860327604,89.17082576272196,21.987736932932318,power,vegetation,gamma0,40.61856460571289,NISAR_S2_PR_GCOV_028_170_A_013_3700_DHNA_A_20260824T232917_20260824T232954_P00500_M_F_I_001_gcov.tif,Band 1: HHHH,400,0.166131704156287,0.11726272293597056,0.7058419314452866,2.0071743146628496,-7.795474799734682,2.916482504217688,-16.624787557598342,-13.949582683037299,-8.71657255624018,-4.010170783882426,0.2344912686445437,0
119,ROI 119,point,400,40000.0,724132.58465,2433059.860327604,89.17082576272196,21.987736932932318,power,vegetation,gamma0,40.61856460571289,NISAR_S2_PR_GCOV_028_170_A_013_3700_DHNA_A_20260824T232917_20260824T232954_P00500_M_F_I_001_gcov.tif,Band 2: HVHV,400,0.05589493015781045,0.03761618084637173,0.672980192303102,2.207981530179383,-12.526275821733128,2.6119010927399495,-22.26125414026822,-17.658043996378947,-13.434391526983102,-8.942193484625038,-5.316366455885958,0
119,ROI 119,point,400,40000.0,724132.58465,2433059.860327604,89.17082576272196,21.987736932932318,power,vegetation,sigma0,40.61856460571289,NISAR_S2_PR_GCOV_028_170_A_013_3700_DHNA_A_20260824T232917_20260824T232954_P00500_M_F_I_001_gcov.tif,Band 1: HHHH,400,0.12492168823761833,0.08874051691816491,0.7103691774431368,1.9816720374516485,-9.033621551868963,2.920237597804068,-17.848393587655618,-15.166571697230175,-9.976528754670444,-5.262150085046122,-0.9846385403536483,0
119,ROI 119,point,400,40000.0,724132.58465,2433059.860327604,89.17082576272196,21.987736932932318,power,vegetation,sigma0,40.61856460571289,NISAR_S2_PR_GCOV_028_170_A_013_3700_DHNA_A_20260824T232917_20260824T232954_P00500_M_F_I_001_gcov.tif,Band 2: HVHV,400,0.04194833761105619,0.028120533087972074,0.670361084358214,2.2252684494567623,-13.77285245339463,2.607094237694321,-23.563745307130482,-18.990462205476145,-14.665066085681307,-10.193777250552301,-6.455745385790269,0
120,ROI 120,point,400,40000.000244140625,724706.7141010902,2432934.2642385685,89.17636610948114,21.98652938972297,power,vegetation,gamma0,40.5904426574707,NISAR_S2_PR_GCOV_028_170_A_013_3700_DHNA_A_20260824T232917_20260824T232954_P00500_M_F_I_001_gcov.tif,Band 1: HHHH,400,0.19150496076792478,0.13746854261944352,0.7178328021801729,1.9406776305641704,-7.178199715322716,2.871088534148566,-16.63644202340437,-13.004018175407408,-8.023903866214027,-3.540082817720278,0.736292375507736,0
120,ROI 120,point,400,40000.000244140625,724706.7141010902,2432934.2642385685,89.17636610948114,21.98652938972297,power,vegetation,gamma0,40.5904426574707,NISAR_S2_PR_GCOV_028_170_A_013_3700_DHNA_A_20260824T232917_20260824T232954_P00500_M_F_I_001_gcov.tif,Band 2: HVHV,400,0.06146857636398636,0.0424641584814566,0.690827102127841,2.095372623996526,-12.113468451909155,2.775374152574531,-21.520086504270687,-17.84932063175602,-12.915832253534361,-8.769946427138297,-5.13602857809148,0
120,ROI 120,point,400,40000.000244140625,724706.7141010902,2432934.2642385685,89.17636610948114,21.98652938972297,power,vegetation,sigma0,40.5904426574707,NISAR_S2_PR_GCOV_028_170_A_013_3700_DHNA_A_20260824T232917_20260824T232954_P00500_M_F_I_001_gcov.tif,Band 1: HHHH,400,0.14378360926628425,0.10371986041960041,0.7213608070410403,1.921741261401645,-8.422906188969886,2.888015956499406,-18.080792941587195,-14.22125116095237,-9.291440105849322,-4.742722095274672,-0.5486566819104854,0
120,ROI 120,point,400,40000.000244140625,724706.7141010902,2432934.2642385685,89.17636610948114,21.98652938972297,power,vegetation,sigma0,40.5904426574707,NISAR_S2_PR_GCOV_028_170_A_013_3700_DHNA_A_20260824T232917_20260824T232954_P00500_M_F_I_001_gcov.tif,Band 2: HVHV,400,0.046096672463082224,0.03213373071075654,0.6970943669847691,2.057864869809967,-13.363304234840962,2.7794714268022385,-22.88448083178601,-19.170731899283624,-14.160457931387132,-10.043439373749784,-6.277355684207059,0
121,ROI 121,point,400,39999.999755859375,725430.3612391339,2432479.7538195946,89.18330822356846,21.98233297014027,power,vegetation,gamma0,40.5588493347168,NISAR_S2_PR_GCOV_028_170_A_013_3700_DHNA_A_20260824T232917_20260824T232954_P00500_M_F_I_001_gcov.tif,Band 1: HHHH,400,0.20865277707576751,0.15490784304226193,0.7424192728861244,1.8142683530956656,-6.805758306471896,3.146365710243256,-19.599638138092534,-12.939882764383157,-7.887083237436974,-2.943910195949102,1.2871024536791709,0
121,ROI 121,point,400,39999.999755859375,725430.3612391339,2432479.7538195946,89.18330822356846,21.98233297014027,power,vegetation,gamma0,40.5588493347168,NISAR_S2_PR_GCOV_028_170_A_013_3700_DHNA_A_20260824T232917_20260824T232954_P00500_M_F_I_001_gcov.tif,Band 2: HVHV,400,0.059088562480174,0.03853203168338856,0.6521064325488918,2.3515977259994636,-12.284965755055616,2.726186062656392,-20.918590039631155,-17.604290116546284,-13.092609956772932,-8.677040056941157,-6.140418504998715,0
121,ROI 121,point,400,39999.999755859375,725430.3612391339,2432479.7538195946,89.18330822356846,21.98233297014027,power,vegetation,sigma0,40.5588493347168,NISAR_S2_PR_GCOV_028_170_A_013_3700_DHNA_A_20260824T232917_20260824T232954_P00500_M_F_I_001_gcov.tif,Band 1: HHHH,400,0.15754609905702935,0.1178982846935388,0.7483415038468288,1.7856664350203557,-8.025923457681817,3.1680463763709517,-20.657771455630048,-14.263272743784372,-9.140475422831182,-4.279602977612826,0.05465560666625461,0
121,ROI 121,point,400,39999.999755859375,725430.3612391339,2432479.7538195946,89.18330822356846,21.98233297014027,power,vegetation,sigma0,40.5588493347168,NISAR_S2_PR_GCOV_028_170_A_013_3700_DHNA_A_20260824T232917_20260824T232954_P00500_M_F_I_001_gcov.tif,Band 2: HVHV,400,0.044534120700274876,0.029219053405758106,0.6561048684986781,2.3230228370790753,-13.513071181498567,2.7365835899380033,-22.22919045172845,-18.928665734884692,-14.30156387793247,-9.88590000423516,-7.407544363951669,0
122,ROI 122,point,400,40000.0,725878.8995485677,2433526.341703125,89.18779483144647,21.991723682307597,power,vegetation,gamma0,40.52035903930664,NISAR_S2_PR_GCOV_028_170_A_013_3700_DHNA_A_20260824T232917_20260824T232954_P00500_M_F_I_001_gcov.tif,Band 1: HHHH,400,0.1679021020140499,0.11827541803852085,0.704430835705819,2.0152237974125566,-7.749438667720861,2.8220460532834437,-17.977913146720947,-13.119684969523313,-8.487985018596396,-4.212730846605294,-0.3672464340966921,0
122,ROI 122,point,400,40000.0,725878.8995485677,2433526.341703125,89.18779483144647,21.991723682307597,power,vegetation,gamma0,40.52035903930664,NISAR_S2_PR_GCOV_028_170_A_013_3700_DHNA_A_20260824T232917_20260824T232954_P00500_M_F_I_001_gcov.tif,Band 2: HVHV,400,0.05968896378530189,0.04221220859062603,0.7072029050874656,1.999456351960172,-12.24105960499039,2.934893670534057,-22.729228295978636,-17.886662189767346,-13.053302403771825,-8.583541315868514,-5.512327644583589,0
122,ROI 122,point,400,40000.0,725878.8995485677,2433526.341703125,89.18779483144647,21.991723682307597,power,vegetation,sigma0,40.52035903930664,NISAR_S2_PR_GCOV_028_170_A_013_3700_DHNA_A_20260824T232917_20260824T232954_P00500_M_F_I_001_gcov.tif,Band 1: HHHH,400,0.1266446404167934,0.0905955621919885,0.7153525162520442,1.9541584807268075,-8.974131847653705,2.8365431168856854,-19.23717877945302,-14.39506964406658,-9.798463033452405,-5.5014509788208485,-1.315481808286406,0
122,ROI 122,point,400,40000.0,725878.8995485677,2433526.341703125,89.18779483144647,21.991723682307597,power,vegetation,sigma0,40.52035903930664,NISAR_S2_PR_GCOV_028_170_A_013_3700_DHNA_A_20260824T232917_20260824T232954_P00500_M_F_I_001_gcov.tif,Band 2: HVHV,400,0.045005979395366255,0.032233847578553694,0.7162125569002158,1.9494681227326087,-13.467297829824062,2.9431586214997973,-23.635436831876593,-19.01046479810275,-14.359383200342215,-9.872796293020146,-6.581078015566381,0
123,ROI 123,point,400,40000.000244140625,726530.7758919102,2432132.873154918,89.19391171692018,21.979059235058983,power,vegetation,gamma0,40.50605392456055,NISAR_S2_PR_GCOV_028_170_A_013_3700_DHNA_A_20260824T232917_20260824T232954_P00500_M_F_I_001_gcov.tif,Band 1: HHHH,400,0.20952012769877912,0.16568138180157985,0.7907659451209149,1.5992047987069928,-6.787742498880065,3.0712888024199714,-17.218088175975545,-12.816352827053542,-7.940447728344214,-2.7384240690644326,1.4064886624486659,0
123,ROI 123,point,400,40000.000244140625,726530.7758919102,2432132.873154918,89.19391171692018,21.979059235058983,power,vegetation,gamma0,40.50605392456055,NISAR_S2_PR_GCOV_028_170_A_013_3700_DHNA_A_20260824T232917_20260824T232954_P00500_M_F_I_001_gcov.tif,Band 2: HVHV,400,0.0579049498680979,0.03729378028014988,0.6440516806439113,2.410785464545446,-12.37284310046011,2.670445706998781,-21.229797474780646,-17.585127073132746,-13.14597500576445,-8.647876800583687,-6.026369066309632,0
123,ROI 123,point,400,40000.000244140625,726530.7758919102,2432132.873154918,89.19391171692018,21.979059235058983,power,vegetation,sigma0,40.50605392456055,NISAR_S2_PR_GCOV_028_170_A_013_3700_DHNA_A_20260824T232917_20260824T232954_P00500_M_F_I_001_gcov.tif,Band 1: HHHH,400,0.15862104677022615,0.1263747766605673,0.7967087548200973,1.575436202031966,-7.996391884576522,3.0804325922443354,-18.316915348002624,-13.949403880108402,-9.135380574213254,-4.0237659720651875,0.2541177290418999,0
123,ROI 123,point,400,40000.000244140625,726530.7758919102,2432132.873154918,89.19391171692018,21.979059235058983,power,vegetation,sigma0,40.50605392456055,NISAR_S2_PR_GCOV_028_170_A_013_3700_DHNA_A_20260824T232917_20260824T232954_P00500_M_F_I_001_gcov.tif,Band 2: HVHV,400,0.04371850810077465,0.028064234736791004,0.6419302935063728,2.4267456390122155,-13.593346668196869,2.669298671437861,-22.732801713697327,-18.927432484513428,-14.342995233408223,-9.92120824163995,-7.209430337345934,0
124,ROI 124,point,400,40000.0,727075.0056434895,2433759.5823911456,89.19940592771236,21.99367446294489,power,vegetation,gamma0,40.45387649536133,NISAR_S2_PR_GCOV_028_170_A_013_3700_DHNA_A_20260824T232917_20260824T232954_P00500_M_F_I_001_gcov.tif,Band 1: HHHH,400,0.1754081118758768,0.14464739221983375,0.8246334258599733,1.4705443632345747,-7.559503262409624,3.1045025691758608,-16.088755718380128,-13.671278240337827,-8.6767605170318,-3.4541617279444448,0.2627801651468933,0
124,ROI 124,point,400,40000.0,727075.0056434895,2433759.5823911456,89.19940592771236,21.99367446294489,power,vegetation,gamma0,40.45387649536133,NISAR_S2_PR_GCOV_028_170_A_013_3700_DHNA_A_20260824T232917_20260824T232954_P00500_M_F_I_001_gcov.tif,Band 2: HVHV,400,0.049545847062254324,0.033677052027136195,0.6797149311994001,2.16444412884288,-13.049927422590974,2.783548617953919,-21.838710670067982,-18.742375139225096,-13.909428245880424,-9.668652005821588,-6.33642622171383,0
124,ROI 124,point,400,40000.0,727075.0056434895,2433759.5823911456,89.19940592771236,21.99367446294489,power,vegetation,sigma0,40.45387649536133,NISAR_S2_PR_GCOV_028_170_A_013_3700_DHNA_A_20260824T232917_20260824T232954_P00500_M_F_I_001_gcov.tif,Band 1: HHHH,400,0.1323960508452368,0.109860322493756,0.8297854942982873,1.4523400807848068,-8.781249689877148,3.1274936795421318,-17.491060216711084,-14.964196733340296,-9.961211613636797,-4.6306305952505324,-0.9429694391848059,0
124,ROI 124,point,400,40000.0,727075.0056434895,2433759.5823911456,89.19940592771236,21.99367446294489,power,vegetation,sigma0,40.45387649536133,NISAR_S2_PR_GCOV_028_170_A_013_3700_DHNA_A_20260824T232917_20260824T232954_P00500_M_F_I_001_gcov.tif,Band 2: HVHV,400,0.03729326562731877,0.02535590917318508,0.6799058421585609,2.1632287897016815,-14.283695854821465,2.7904374862598678,-23.061721113468394,-19.94312219283399,-15.12743635404915,-10.913825402241898,-7.487195235790425,0
125,ROI 125,point,400,40000.0,727702.9613432292,2434052.6283848956,89.20552567104347,21.996238384908015,power,vegetation,gamma0,40.41632080078125,NISAR_S2_PR_GCOV_028_170_A_013_3700_DHNA_A_20260824T232917_20260824T232954_P00500_M_F_I_001_gcov.tif,Band 1: HHHH,400,0.12188729788642377,0.09701092091243252,0.7959067318304865,1.5786128875029486,-9.140415507004459,3.0893583743283304,-18.067334060593225,-15.418602439263495,-10.234590050743309,-5.38433173299393,-0.23197936723254253,0
125,ROI 125,point,400,40000.0,727702.9613432292,2434052.6283848956,89.20552567104347,21.996238384908015,power,vegetation,gamma0,40.41632080078125,NISAR_S2_PR_GCOV_028_170_A_013_3700_DHNA_A_20260824T232917_20260824T232954_P00500_M_F_I_001_gcov.tif,Band 2: HVHV,400,0.045285977504681794,0.03152076406421137,0.6960380630174686,2.0641156206334617,-13.440362535078926,2.850228349302655,-22.91556480360597,-19.214677913377884,-14.4700689329615,-9.511214526576175,-6.800916319562532,0
125,ROI 125,point,400,40000.0,727702.9613432292,2434052.6283848956,89.20552567104347,21.996238384908015,power,vegetation,sigma0,40.41632080078125,NISAR_S2_PR_GCOV_028_170_A_013_3700_DHNA_A_20260824T232917_20260824T232954_P00500_M_F_I_001_gcov.tif,Band 1: HHHH,400,0.09189815954392688,0.07457976727001289,0.8115479966099225,1.51834890303911,-10.366931861973548,3.0942541599590174,-19.388354899306112,-16.811330883257835,-11.44823433056814,-6.542097080732848,-1.1398817122927287,0
125,ROI 125,point,400,40000.0,727702.9613432292,2434052.6283848956,89.20552567104347,21.996238384908015,power,vegetation,sigma0,40.41632080078125,NISAR_S2_PR_GCOV_028_170_A_013_3700_DHNA_A_20260824T232917_20260824T232954_P00500_M_F_I_001_gcov.tif,Band 2: HVHV,400,0.03401181822538004,0.023537758558386728,0.6920464646263034,2.087995177538597,-14.683701506564471,2.8371367242404757,-24.069216144987024,-20.51027982323121,-15.722650236894133,-10.67440514797789,-8.178946364414752,0
126,ROI 126,point,400,40000.0,728540.2356098958,2433843.309819271,89.21360154264845,21.994239464750418,power,vegetation,gamma0,40.375125885009766,NISAR_S2_PR_GCOV_028_170_A_013_3700_DHNA_A_20260824T232917_20260824T232954_P00500_M_F_I_001_gcov.tif,Band 1: HHHH,400,0.14587793923215941,0.11664056234285539,0.7995764332619628,1.5641558725278655,-8.360103804447874,2.946429745212912,-19.0590955304721,-13.96627788380534,-9.505224450943714,-4.397104445528936,0.2234506475581731,0
126,ROI 126,point,400,40000.0,728540.2356098958,2433843.309819271,89.21360154264845,21.994239464750418,power,vegetation,gamma0,40.375125885009766,NISAR_S2_PR_GCOV_028_170_A_013_3700_DHNA_A_20260824T232917_20260824T232954_P00500_M_F_I_001_gcov.tif,Band 2: HVHV,400,0.04815218176401686,0.03362390206199292,0.6982840824695378,2.050858586508027,-13.17384030312928,2.9851436359270243,-26.58391663243467,-19.330247724440902,-14.093896838197841,-9.276077139117792,-6.193070169785205,0
126,ROI 126,point,400,40000.0,728540.2356098958,2433843.309819271,89.21360154264845,21.994239464750418,power,vegetation,sigma0,40.375125885009766,NISAR_S2_PR_GCOV_028_170_A_013_3700_DHNA_A_20260824T232917_20260824T232954_P00500_M_F_I_001_gcov.tif,Band 1: HHHH,400,0.10989650029042551,0.08909642279586827,0.8107303013327222,1.521413233634714,-9.59016137683491,2.9646858595160546,-20.362500804211386,-15.236216387004424,-10.720867801837388,-5.688298049398766,-0.7446577748825468,0
126,ROI 126,point,400,40000.0,728540.2356098958,2433843.309819271,89.21360154264845,21.994239464750418,power,vegetation,sigma0,40.375125885009766,NISAR_S2_PR_GCOV_028_170_A_013_3700_DHNA_A_20260824T232917_20260824T232954_P00500_M_F_I_001_gcov.tif,Band 2: HVHV,400,0.03607761831823878,0.025158855142467268,0.6973535481345339,2.0563354858435368,-14.427621403481501,2.9681060990462047,-27.883150936080575,-20.56989990372557,-15.417095984606874,-10.518451552261887,-7.45497260612051,0
127,ROI 127,point,400,40000.0,729180.1523704428,2433490.4585223957,89.2197465389208,21.990970258832576,power,vegetation,gamma0,40.34653854370117,NISAR_S2_PR_GCOV_028_170_A_013_3700_DHNA_A_20260824T232917_20260824T232954_P00500_M_F_I_001_gcov.tif,Band 1: HHHH,400,0.19610008649993688,0.14359145456320546,0.732235549336444,1.865083932576213,-7.075222147644597,3.0264381099131645,-15.468579214187558,-13.394030866232766,-8.081384425179126,-3.2817274408266566,-0.2524353529062781,0
127,ROI 127,point,400,40000.0,729180.1523704428,2433490.4585223957,89.2197465389208,21.990970258832576,power,vegetation,gamma0,40.34653854370117,NISAR_S2_PR_GCOV_028_170_A_013_3700_DHNA_A_20260824T232917_20260824T232954_P00500_M_F_I_001_gcov.tif,Band 2: HVHV,400,0.05165327570983209,0.03388945216229359,0.6560949271188778,2.3230932361214025,-12.869021314997525,2.7500829651379433,-23.433235134435964,-18.301022862315023,-13.625748892064111,-9.296557389656527,-5.477861193083911,0
127,ROI 127,point,400,40000.0,729180.1523704428,2433490.4585223957,89.2197465389208,21.990970258832576,power,vegetation,sigma0,40.34653854370117,NISAR_S2_PR_GCOV_028_170_A_013_3700_DHNA_A_20260824T232917_20260824T232954_P00500_M_F_I_001_gcov.tif,Band 1: HHHH,400,0.14899184388535314,0.10997553058856638,0.7381312139018215,1.8354090040146658,-8.268375050946757,3.0783515216350037,-16.952813414948587,-14.710608362933979,-9.31045823143727,-4.372692049766908,-1.6224249569946116,0
127,ROI 127,point,400,40000.0,729180.1523704428,2433490.4585223957,89.2197465389208,21.990970258832576,power,vegetation,sigma0,40.34653854370117,NISAR_S2_PR_GCOV_028_170_A_013_3700_DHNA_A_20260824T232917_20260824T232954_P00500_M_F_I_001_gcov.tif,Band 2: HVHV,400,0.038985562976840665,0.025586932585609866,0.6563181504089028,2.3215132696720375,-14.090961899037403,2.748304343450289,-24.4186708078538,-19.586688194123862,-14.796303132480508,-10.537935444654543,-6.863642052773012,0
128,ROI 128,point,400,40000.0,729873.8939049479,2433065.840859375,89.22640213870638,21.987045885273236,power,vegetation,gamma0,40.31644058227539,NISAR_S2_PR_GCOV_028_170_A_013_3700_DHNA_A_20260824T232917_20260824T232954_P00500_M_F_I_001_gcov.tif,Band 1: HHHH,400,0.208830110123381,0.14424180344680157,0.6907136301445257,2.096061145570228,-6.8020688250090195,2.879110621748522,-17.44369931126289,-12.537605136393275,-7.626358641391163,-3.189811560257052,1.2070430004334471,0
128,ROI 128,point,400,40000.0,729873.8939049479,2433065.840859375,89.22640213870638,21.987045885273236,power,vegetation,gamma0,40.31644058227539,NISAR_S2_PR_GCOV_028_170_A_013_3700_DHNA_A_20260824T232917_20260824T232954_P00500_M_F_I_001_gcov.tif,Band 2: HVHV,400,0.05831931744934991,0.03584912170789483,0.6147040684937654,2.646475177362235,-12.34187567504135,2.702473961986077,-22.663999687455988,-17.64559933055588,-13.065761813929237,-8.989471159552808,-5.42404340525381,0
128,ROI 128,point,400,40000.0,729873.8939049479,2433065.840859375,89.22640213870638,21.987045885273236,power,vegetation,sigma0,40.31644058227539,NISAR_S2_PR_GCOV_028_170_A_013_3700_DHNA_A_20260824T232917_20260824T232954_P00500_M_F_I_001_gcov.tif,Band 1: HHHH,400,0.15755136569830866,0.10809124261787359,0.6860698549884672,2.124532236238663,-8.025778278903704,2.850689119497542,-18.355215090096472,-13.611245486412713,-8.847461947619001,-4.430798343395351,0.11070750593466458,0
128,ROI 128,point,400,40000.0,729873.8939049479,2433065.840859375,89.22640213870638,21.987045885273236,power,vegetation,sigma0,40.31644058227539,NISAR_S2_PR_GCOV_028_170_A_013_3700_DHNA_A_20260824T232917_20260824T232954_P00500_M_F_I_001_gcov.tif,Band 2: HVHV,400,0.0441419160903862,0.027125134370689606,0.6144983447285667,2.648247465205936,-13.551488191258688,2.6941911705019437,-23.77539734409156,-18.822755526941627,-14.265484464149818,-10.171493194534929,-6.755562459846056,0
129,ROI 129,point,400,40000.0,730633.4212753907,2432712.989559375,89.2337042683272,21.983760484373235,power,vegetation,gamma0,40.281471252441406,NISAR_S2_PR_GCOV_028_170_A_013_3700_DHNA_A_20260824T232917_20260824T232954_P00500_M_F_I_001_gcov.tif,Band 1: HHHH,400,0.15267421293538064,0.09550563577157921,0.6255518462178152,2.5554852561295918,-8.162343101970201,2.741133173919964,-17.783377923707523,-13.758739492472303,-8.972328891097808,-4.701417527140159,-2.6067208899668226,0
129,ROI 129,point,400,40000.0,730633.4212753907,2432712.989559375,89.2337042683272,21.983760484373235,power,vegetation,gamma0,40.281471252441406,NISAR_S2_PR_GCOV_028_170_A_013_3700_DHNA_A_20260824T232917_20260824T232954_P00500_M_F_I_001_gcov.tif,Band 2: HVHV,400,0.055075564868748185,0.04288343227669909,0.7786290050568807,1.6494488195207393,-12.590410399216832,2.9558018639954216,-22.18546713419184,-18.9932502212788,-13.519714810522864,-9.012039775387132,-3.3173601200295173,0
129,ROI 129,point,400,40000.0,730633.4212753907,2432712.989559375,89.2337042683272,21.983760484373235,power,vegetation,sigma0,40.281471252441406,NISAR_S2_PR_GCOV_028_170_A_013_3700_DHNA_A_20260824T232917_20260824T232954_P00500_M_F_I_001_gcov.tif,Band 1: HHHH,400,0.11479934812606056,0.07186971087995435,0.6260463326066503,2.5514499202176144,-9.400605780186948,2.7387619598859043,-18.909976391736716,-15.063576145454075,-10.166401456566565,-5.967737530823155,-3.748927115662695,0
129,ROI 129,point,400,40000.0,730633.4212753907,2432712.989559375,89.2337042683272,21.983760484373235,power,vegetation,sigma0,40.281471252441406,NISAR_S2_PR_GCOV_028_170_A_013_3700_DHNA_A_20260824T232917_20260824T232954_P00500_M_F_I_001_gcov.tif,Band 2: HVHV,400,0.04140290873209824,0.032345211500948295,0.7812304133084296,1.638482155628369,-13.829691467553252,2.950896281566968,-23.350482124389814,-20.238755744542942,-14.726111676862953,-10.4317703125535,-4.497088782098778,0
130,ROI 130,point,400,40000.0,731135.7858355469,2432695.04796875,89.23856433854414,21.983532221390185,power,vegetation,gamma0,40.255332946777344,NISAR_S2_PR_GCOV_028_170_A_013_3700_DHNA_A_20260824T232917_20260824T232954_P00500_M_F_I_001_gcov.tif,Band 1: HHHH,400,0.1971976841520518,0.14196729840155697,0.7199237608292157,1.9294209280782966,-7.050981896275181,2.7540687166656577,-14.569782203706978,-12.4608120547258,-7.988267849874594,-3.615544782519949,0.30437602413649506,0
130,ROI 130,point,400,40000.0,731135.7858355469,2432695.04796875,89.23856433854414,21.983532221390185,power,vegetation,gamma0,40.255332946777344,NISAR_S2_PR_GCOV_028_170_A_013_3700_DHNA_A_20260824T232917_20260824T232954_P00500_M_F_I_001_gcov.tif,Band 2: HVHV,400,0.05739737371215597,0.03781500305960757,0.6588281068267567,2.3038582922320803,-12.411079788287257,2.7406368747056735,-22.396883315786063,-18.000599504538314,-13.00957093953273,-8.865566276613613,-5.1520884969779255,0
130,ROI 130,point,400,40000.0,731135.7858355469,2432695.04796875,89.23856433854414,21.983532221390185,power,vegetation,sigma0,40.255332946777344,NISAR_S2_PR_GCOV_028_170_A_013_3700_DHNA_A_20260824T232917_20260824T232954_P00500_M_F_I_001_gcov.tif,Band 1: HHHH,400,0.14959428418791998,0.1078875041202936,0.7212007110162416,1.9225945530867565,-8.25085000008115,2.7753364427031384,-16.187236771619347,-13.858639023828347,-9.246092921571103,-4.796757567716,-0.9662614378115075,0
130,ROI 130,point,400,40000.0,731135.7858355469,2432695.04796875,89.23856433854414,21.983532221390185,power,vegetation,sigma0,40.255332946777344,NISAR_S2_PR_GCOV_028_170_A_013_3700_DHNA_A_20260824T232917_20260824T232954_P00500_M_F_I_001_gcov.tif,Band 2: HVHV,400,0.043467401213636986,0.028750091738395798,0.6614173135654602,2.2858560731388433,-13.618363242056525,2.743406994128883,-23.508675860318387,-19.107754918798932,-14.268312364294541,-10.033964353747729,-6.256605623413573,0
131,ROI 131,point,400,40000.0,731620.2088033854,2434913.8247734373,89.24356836830701,22.00349842547933,power,vegetation,gamma0,40.196651458740234,NISAR_S2_PR_GCOV_028_170_A_013_3700_DHNA_A_20260824T232917_20260824T232954_P00500_M_F_I_001_gcov.tif,Band 1: HHHH,400,0.1481426763581112,0.10176026588584457,0.6869071653589909,2.1193559656550525,-8.29319813612736,2.8744307127004323,-18.56870373690902,-13.818573819947655,-9.19768202139816,-4.556670122394799,-1.1830401963471178,0
131,ROI 131,point,400,40000.0,731620.2088033854,2434913.8247734373,89.24356836830701,22.00349842547933,power,vegetation,gamma0,40.196651458740234,NISAR_S2_PR_GCOV_028_170_A_013_3700_DHNA_A_20260824T232917_20260824T232954_P00500_M_F_I_001_gcov.tif,Band 2: HVHV,400,0.05045524935529102,0.03408567010547457,0.6755624150314532,2.191134519582148,-12.970936431547397,2.8037610795562835,-24.495505246467424,-18.67152527253935,-13.726261241121085,-9.28383074431806,-6.128264075702993,0
131,ROI 131,point,400,40000.0,731620.2088033854,2434913.8247734373,89.24356836830701,22.00349842547933,power,vegetation,sigma0,40.196651458740234,NISAR_S2_PR_GCOV_028_170_A_013_3700_DHNA_A_20260824T232917_20260824T232954_P00500_M_F_I_001_gcov.tif,Band 1: HHHH,400,0.11220657493431606,0.07769093933890449,0.6923920401668399,2.0859114447584357,-9.499816941134535,2.8917311015850435,-19.713329722887224,-15.121753229898927,-10.405681209154896,-5.711721166380594,-2.391118055026471,0
131,ROI 131,point,400,40000.0,731620.2088033854,2434913.8247734373,89.24356836830701,22.00349842547933,power,vegetation,sigma0,40.196651458740234,NISAR_S2_PR_GCOV_028_170_A_013_3700_DHNA_A_20260824T232917_20260824T232954_P00500_M_F_I_001_gcov.tif,Band 2: HVHV,400,0.03815545836981529,0.025968328895715972,0.6805927645796405,2.158864298805601,-14.184433248041774,2.809117234493743,-25.785419044957955,-19.76562656049573,-14.961121045417322,-10.534336644775157,-7.232155663072767,0
132,ROI 132,point,400,40000.0,732164.4370764323,2435380.306152604,89.24890333966705,22.007637416830597,power,vegetation,gamma0,40.16112518310547,NISAR_S2_PR_GCOV_028_170_A_013_3700_DHNA_A_20260824T232917_20260824T232954_P00500_M_F_I_001_gcov.tif,Band 1: HHHH,400,0.14765667302533983,0.09320242618981023,0.6312103901583606,2.5098728569286655,-8.307469212515885,2.607989573901875,-16.60819921412677,-13.54800490744447,-9.229107018097704,-4.678042369091701,-2.202434508121432,0
132,ROI 132,point,400,40000.0,732164.4370764323,2435380.306152604,89.24890333966705,22.007637416830597,power,vegetation,gamma0,40.16112518310547,NISAR_S2_PR_GCOV_028_170_A_013_3700_DHNA_A_20260824T232917_20260824T232954_P00500_M_F_I_001_gcov.tif,Band 2: HVHV,400,0.05211106422240846,0.03262610211733625,0.6260878107975117,2.5511118653334703,-12.830700574952989,2.801852652775915,-21.800737674900322,-18.677822248713355,-13.442113633556067,-9.508878391688663,-6.832710847154332,0
132,ROI 132,point,400,40000.0,732164.4370764323,2435380.306152604,89.24890333966705,22.007637416830597,power,vegetation,sigma0,40.16112518310547,NISAR_S2_PR_GCOV_028_170_A_013_3700_DHNA_A_20260824T232917_20260824T232954_P00500_M_F_I_001_gcov.tif,Band 1: HHHH,400,0.11125170550567619,0.07063799706661587,0.6349385543847851,2.4804849837946907,-9.536933224951069,2.6157389292742144,-17.958485514826922,-14.811074032393662,-10.387768055175687,-5.803112743684071,-3.4761144683934813,0
132,ROI 132,point,400,40000.0,732164.4370764323,2435380.306152604,89.24890333966705,22.007637416830597,power,vegetation,sigma0,40.16112518310547,NISAR_S2_PR_GCOV_028_170_A_013_3700_DHNA_A_20260824T232917_20260824T232954_P00500_M_F_I_001_gcov.tif,Band 2: HVHV,400,0.03923050437344117,0.02467989285345111,0.6290995552470964,2.526744003458463,-14.063761082560312,2.8004872651860864,-22.971371768790444,-19.967640831728644,-14.660664218404111,-10.761945517718566,-8.120456856759553,0
133,ROI 133,point,400,40000.0,733043.5750563802,2433909.0956536457,89.25720392305188,21.99423901803195,power,vegetation,gamma0,40.1363639831543,NISAR_S2_PR_GCOV_028_170_A_013_3700_DHNA_A_20260824T232917_20260824T232954_P00500_M_F_I_001_gcov.tif,Band 1: HHHH,400,0.17774178363382817,0.12476766858783682,0.7019602596363885,2.0294340752591715,-7.502104660129012,2.8706140942929386,-16.7138964229698,-13.136729681246415,-8.346667410232033,-3.809845508693087,-0.7033740646844133,0
133,ROI 133,point,400,40000.0,733043.5750563802,2433909.0956536457,89.25720392305188,21.99423901803195,power,vegetation,gamma0,40.1363639831543,NISAR_S2_PR_GCOV_028_170_A_013_3700_DHNA_A_20260824T232917_20260824T232954_P00500_M_F_I_001_gcov.tif,Band 2: HVHV,400,0.05543613930698484,0.03738761146102059,0.6744266813744337,2.198520468694759,-12.562070225530892,2.679471958532216,-20.992238388559635,-17.614892257742724,-13.52339702288784,-8.76717795884025,-6.16588945126222,0
133,ROI 133,point,400,40000.0,733043.5750563802,2433909.0956536457,89.25720392305188,21.99423901803195,power,vegetation,sigma0,40.1363639831543,NISAR_S2_PR_GCOV_028_170_A_013_3700_DHNA_A_20260824T232917_20260824T232954_P00500_M_F_I_001_gcov.tif,Band 1: HHHH,400,0.13471770724491905,0.09506448063996821,0.7056569072032928,2.0082270205599304,-8.705753170213343,2.8760423020721873,-17.83900575299208,-14.333614640185225,-9.542755987502163,-5.076200052977673,-1.9890936271044457,0
133,ROI 133,point,400,40000.0,733043.5750563802,2433909.0956536457,89.25720392305188,21.99423901803195,power,vegetation,sigma0,40.1363639831543,NISAR_S2_PR_GCOV_028_170_A_013_3700_DHNA_A_20260824T232917_20260824T232954_P00500_M_F_I_001_gcov.tif,Band 2: HVHV,400,0.041930709204601575,0.028330641480174383,0.6756537634966907,2.1905420763643453,-13.774677919956629,2.6717269460030146,-22.060226772012665,-18.795220651146295,-14.745826835224285,-10.077354695455664,-7.2593952684844485,0
134,ROI 134,point,400,40000.0,733713.3944692708,2435571.683127604,89.26392613237967,22.009158602163115,power,vegetation,gamma0,40.07612609863281,NISAR_S2_PR_GCOV_028_170_A_013_3700_DHNA_A_20260824T232917_20260824T232954_P00500_M_F_I_001_gcov.tif,Band 1: HHHH,400,0.20855655889492483,0.15272447050808774,0.7322928193547417,1.864792220814539,-6.807761474768328,2.9637981303427696,-17.584558249379963,-12.790255437515281,-7.769599503525181,-3.078537856795541,1.6933005186448704,0
134,ROI 134,point,400,40000.0,733713.3944692708,2435571.683127604,89.26392613237967,22.009158602163115,power,vegetation,gamma0,40.07612609863281,NISAR_S2_PR_GCOV_028_170_A_013_3700_DHNA_A_20260824T232917_20260824T232954_P00500_M_F_I_001_gcov.tif,Band 2: HVHV,400,0.058669966536108405,0.03959706652327689,0.674912035255839,2.1953595330289213,-12.315841594943826,2.861432285016291,-21.152139589640136,-17.95577509283446,-13.115401226611844,-8.63341335329016,-4.989912038171593,0
134,ROI 134,point,400,40000.0,733713.3944692708,2435571.683127604,89.26392613237967,22.009158602163115,power,vegetation,sigma0,40.07612609863281,NISAR_S2_PR_GCOV_028_170_A_013_3700_DHNA_A_20260824T232917_20260824T232954_P00500_M_F_I_001_gcov.tif,Band 1: HHHH,400,0.15825874292600722,0.11778648152738533,0.7442652415257436,1.8052798124373537,-8.006322882639287,2.977316261032275,-18.71673839786785,-13.954904839810476,-8.991835343787905,-4.26182260447217,0.6898224645703811,0
134,ROI 134,point,400,40000.0,733713.3944692708,2435571.683127604,89.26392613237967,22.009158602163115,power,vegetation,sigma0,40.07612609863281,NISAR_S2_PR_GCOV_028_170_A_013_3700_DHNA_A_20260824T232917_20260824T232954_P00500_M_F_I_001_gcov.tif,Band 2: HVHV,400,0.04451539028915393,0.030605867025741345,0.6875345094570223,2.1154900975298214,-13.514898145896954,2.8757918777780485,-22.579344787935923,-19.2684240045994,-14.343154070548378,-9.765430636749748,-5.951325599986806,0
135,ROI 135,point,400,39999.999755859375,734371.2543158402,2434895.8881374667,89.27019766607528,22.002969797082915,power,vegetation,gamma0,40.0511474609375,NISAR_S2_PR_GCOV_028_170_A_013_3700_DHNA_A_20260824T232917_20260824T232954_P00500_M_F_I_001_gcov.tif,Band 1: HHHH,400,0.17181576728820802,0.12858485140402906,0.7483879589952745,1.7854447563476628,-7.649369840900249,2.7990016777683553,-16.266707904733032,-13.304686135335366,-8.62633843934481,-3.8578032087268554,0.5197172477505125,0
135,ROI 135,point,400,39999.999755859375,734371.2543158402,2434895.8881374667,89.27019766607528,22.002969797082915,power,vegetation,gamma0,40.0511474609375,NISAR_S2_PR_GCOV_028_170_A_013_3700_DHNA_A_20260824T232917_20260824T232954_P00500_M_F_I_001_gcov.tif,Band 2: HVHV,400,0.052540664908010515,0.03500227183601381,0.6661939261198282,2.2531943960606675,-12.795044354697666,2.8325592657418244,-23.296850761824007,-18.268509599420298,-13.741293102124217,-8.959799623074653,-6.51511787852515,0
135,ROI 135,point,400,39999.999755859375,734371.2543158402,2434895.8881374667,89.27019766607528,22.002969797082915,power,vegetation,sigma0,40.0511474609375,NISAR_S2_PR_GCOV_028_170_A_013_3700_DHNA_A_20260824T232917_20260824T232954_P00500_M_F_I_001_gcov.tif,Band 1: HHHH,400,0.12999632163084598,0.09794191180214853,0.753420639702997,1.7616716816488291,-8.860689362933718,2.7794451864160026,-17.524918226575302,-14.488369989987913,-9.855875209338326,-5.161965602243237,-0.3875511972077664,0
135,ROI 135,point,400,39999.999755859375,734371.2543158402,2434895.8881374667,89.27019766607528,22.002969797082915,power,vegetation,sigma0,40.0511474609375,NISAR_S2_PR_GCOV_028_170_A_013_3700_DHNA_A_20260824T232917_20260824T232954_P00500_M_F_I_001_gcov.tif,Band 2: HVHV,400,0.039867094765296186,0.02651165726168492,0.6650009843396714,2.261285634205459,-13.993854115252732,2.8439761897149274,-24.459547607150753,-19.552132798381734,-14.931085400921589,-10.198866877386932,-7.897809099800806,0
136,ROI 136,point,400,40000.0,734562.6297970052,2436492.684819271,89.27228015092398,22.017359077987336,power,vegetation,gamma0,40.017333984375,NISAR_S2_PR_GCOV_028_170_A_013_3700_DHNA_A_20260824T232917_20260824T232954_P00500_M_F_I_001_gcov.tif,Band 1: HHHH,400,0.17531885912641884,0.11757019264905332,0.6706077899142376,2.2236314714290324,-7.561713641458047,2.860855495959798,-17.06330010910033,-13.245341316251597,-8.380246727383891,-3.9902100000365848,-1.2423937794199889,0
136,ROI 136,point,400,40000.0,734562.6297970052,2436492.684819271,89.27228015092398,22.017359077987336,power,vegetation,gamma0,40.017333984375,NISAR_S2_PR_GCOV_028_170_A_013_3700_DHNA_A_20260824T232917_20260824T232954_P00500_M_F_I_001_gcov.tif,Band 2: HVHV,400,0.05333714493433945,0.031214626937653287,0.5852324299712699,2.9197336283126534,-12.72970235223709,2.5875260471480197,-22.87584209209074,-17.6520290094204,-13.19949610962837,-9.415284903275941,-6.136891706126281,0
136,ROI 136,point,400,40000.0,734562.6297970052,2436492.684819271,89.27228015092398,22.017359077987336,power,vegetation,sigma0,40.017333984375,NISAR_S2_PR_GCOV_028_170_A_013_3700_DHNA_A_20260824T232917_20260824T232954_P00500_M_F_I_001_gcov.tif,Band 1: HHHH,400,0.13315743161311386,0.09054130961160199,0.6799568639523469,2.162904158307848,-8.75634590257706,2.876722731369684,-18.19536603404284,-14.573381476404855,-9.577864324256172,-5.057130332417138,-2.5406918158746987,0
136,ROI 136,point,400,40000.0,734562.6297970052,2436492.684819271,89.27228015092398,22.017359077987336,power,vegetation,sigma0,40.017333984375,NISAR_S2_PR_GCOV_028_170_A_013_3700_DHNA_A_20260824T232917_20260824T232954_P00500_M_F_I_001_gcov.tif,Band 2: HVHV,400,0.040424617050033695,0.023764899047764926,0.5878818596686031,2.893475979336145,-13.933540855550175,2.5972620381767,-24.327672090059835,-18.844897943098196,-14.448665971567525,-10.712231653916442,-7.327565927491958,0
137,ROI 137,point,400,40000.0,735334.1182283855,2436259.44413125,89.27971558659836,22.015149758501355,power,vegetation,gamma0,39.9799690246582,NISAR_S2_PR_GCOV_028_170_A_013_3700_DHNA_A_20260824T232917_20260824T232954_P00500_M_F_I_001_gcov.tif,Band 1: HHHH,400,0.16379164516925812,0.11016982219078149,0.6726217450037503,2.2103354710298992,-7.857082548920146,2.8768803796668427,-17.591269663076307,-13.6010489995835,-8.687920530389947,-4.165582618020588,-2.0359785567612483,0
137,ROI 137,point,400,40000.0,735334.1182283855,2436259.44413125,89.27971558659836,22.015149758501355,power,vegetation,gamma0,39.9799690246582,NISAR_S2_PR_GCOV_028_170_A_013_3700_DHNA_A_20260824T232917_20260824T232954_P00500_M_F_I_001_gcov.tif,Band 2: HVHV,400,0.05343184270430356,0.033620058614296074,0.6292139090233587,2.5258256624683013,-12.72199848042228,2.659025476229056,-20.8541454359965,-17.96650086358473,-13.545460571904242,-9.374052812387632,-5.816247712119212,0
137,ROI 137,point,400,40000.0,735334.1182283855,2436259.44413125,89.27971558659836,22.015149758501355,power,vegetation,sigma0,39.9799690246582,NISAR_S2_PR_GCOV_028_170_A_013_3700_DHNA_A_20260824T232917_20260824T232954_P00500_M_F_I_001_gcov.tif,Band 1: HHHH,400,0.12433199366847367,0.08401390948984971,0.6757223704935471,2.190097281606872,-9.054171023655911,2.8818607312572455,-18.80499835086676,-14.723581103308923,-9.91281989983195,-5.493132727241777,-3.067800919766576,0
137,ROI 137,point,400,40000.0,735334.1182283855,2436259.44413125,89.27971558659836,22.015149758501355,power,vegetation,sigma0,39.9799690246582,NISAR_S2_PR_GCOV_028_170_A_013_3700_DHNA_A_20260824T232917_20260824T232954_P00500_M_F_I_001_gcov.tif,Band 2: HVHV,400,0.04052166531388951,0.02558999888160816,0.6315139983360146,2.507460132107158,-13.923127147981525,2.6531878433472085,-21.972487452823835,-19.114927945508736,-14.756605954639177,-10.547510328295129,-6.857162880391313,0
138,ROI 138,point,400,39999.999755859375,735746.7763278815,2436977.112745482,89.28381452587682,22.021572754965984,power,vegetation,gamma0,39.947452545166016,NISAR_S2_PR_GCOV_028_170_A_013_3700_DHNA_A_20260824T232917_20260824T232954_P00500_M_F_I_001_gcov.tif,Band 1: HHHH,400,0.18551772091537713,0.12326745271982217,0.6644510945455714,2.265029995334783,-7.316145996436529,2.856328655750217,-17.14573003874017,-12.725263262525178,-8.164807152384622,-3.772573018247426,-0.7557400349351295,0
138,ROI 138,point,400,39999.999755859375,735746.7763278815,2436977.112745482,89.28381452587682,22.021572754965984,power,vegetation,gamma0,39.947452545166016,NISAR_S2_PR_GCOV_028_170_A_013_3700_DHNA_A_20260824T232917_20260824T232954_P00500_M_F_I_001_gcov.tif,Band 2: HVHV,400,0.05404066737741232,0.030949099796279203,0.5727001774447954,3.0489153349599536,-12.672792962795809,2.505561424940153,-21.33147181236204,-17.54097011977519,-13.256823690859294,-9.656015167790766,-7.425712530911427,0
138,ROI 138,point,400,39999.999755859375,735746.7763278815,2436977.112745482,89.28381452587682,22.021572754965984,power,vegetation,sigma0,39.947452545166016,NISAR_S2_PR_GCOV_028_170_A_013_3700_DHNA_A_20260824T232917_20260824T232954_P00500_M_F_I_001_gcov.tif,Band 1: HHHH,400,0.14034681368752014,0.09285629234831248,0.6616202385260808,2.2844541023646894,-8.527974427633204,2.8444584419735794,-18.182789420157157,-13.90963578984319,-9.328887080005924,-4.945729707244674,-1.7974000545358015,0
138,ROI 138,point,400,39999.999755859375,735746.7763278815,2436977.112745482,89.28381452587682,22.021572754965984,power,vegetation,sigma0,39.947452545166016,NISAR_S2_PR_GCOV_028_170_A_013_3700_DHNA_A_20260824T232917_20260824T232954_P00500_M_F_I_001_gcov.tif,Band 2: HVHV,400,0.040910946306307976,0.023358295547824183,0.5709546626698931,3.067586035713957,-13.881604747706414,2.4986437120357117,-22.549692400932827,-18.67525741659047,-14.466750907856362,-10.890252940418044,-8.61674770951152,0
139,ROI 139,point,400,40000.000244140625,736954.8404870107,2434560.9685234316,89.29515920917956,21.999598068512658,power,vegetation,gamma0,39.9188346862793,NISAR_S2_PR_GCOV_028_170_A_013_3700_DHNA_A_20260824T232917_20260824T232954_P00500_M_F_I_001_gcov.tif,Band 1: HHHH,400,0.1664238536101766,0.11083667195807792,0.6659902985884255,2.2545724418217064,-7.787844259490071,2.882228102016412,-18.931819203087954,-13.414282829902206,-8.420796556343799,-4.336758761669527,-0.7234298897605984,0
139,ROI 139,point,400,40000.000244140625,736954.8404870107,2434560.9685234316,89.29515920917956,21.999598068512658,power,vegetation,gamma0,39.9188346862793,NISAR_S2_PR_GCOV_028_170_A_013_3700_DHNA_A_20260824T232917_20260824T232954_P00500_M_F_I_001_gcov.tif,Band 2: HVHV,400,0.05241948354407214,0.03395266014860136,0.6477106955862197,2.3836246217854824,-12.805072621964486,2.696643661646792,-24.756145068086852,-17.891533387048383,-13.612850558198131,-9.212833753665103,-5.51291809676525,0
139,ROI 139,point,400,40000.000244140625,736954.8404870107,2434560.9685234316,89.29515920917956,21.999598068512658,power,vegetation,sigma0,39.9188346862793,NISAR_S2_PR_GCOV_028_170_A_013_3700_DHNA_A_20260824T232917_20260824T232954_P00500_M_F_I_001_gcov.tif,Band 1: HHHH,400,0.12581484501743373,0.08371170055514104,0.6653563062732494,2.25887107877724,-9.002681130339145,2.874081486197953,-20.169664353466587,-14.63379717214526,-9.634397931138656,-5.611083439074602,-1.9213368068710144,0
139,ROI 139,point,400,40000.000244140625,736954.8404870107,2434560.9685234316,89.29515920917956,21.999598068512658,power,vegetation,sigma0,39.9188346862793,NISAR_S2_PR_GCOV_028_170_A_013_3700_DHNA_A_20260824T232917_20260824T232954_P00500_M_F_I_001_gcov.tif,Band 2: HVHV,400,0.039640851853009265,0.025646457185426796,0.6469703850090167,2.38908277617779,-14.018570214146568,2.6895714160953332,-25.935607109613944,-19.052131633741528,-14.828259541249675,-10.446286138041183,-6.7636375864870875,0
140,ROI 140,point,400,40000.000244140625,737403.3802712521,2434991.5667150742,89.29956383086414,22.00342433784437,power,vegetation,gamma0,39.88845443725586,NISAR_S2_PR_GCOV_028_170_A_013_3700_DHNA_A_20260824T232917_20260824T232954_P00500_M_F_I_001_gcov.tif,Band 1: HHHH,400,0.162888520504348,0.14894425971567785,0.9143938397531339,1.1960061610613335,-7.88109521322475,2.8971159496232395,-16.62158357709527,-13.661548772667977,-8.999951640926756,-4.066147585844281,2.664204474467718,0
140,ROI 140,point,400,40000.000244140625,737403.3802712521,2434991.5667150742,89.29956383086414,22.00342433784437,power,vegetation,gamma0,39.88845443725586,NISAR_S2_PR_GCOV_028_170_A_013_3700_DHNA_A_20260824T232917_20260824T232954_P00500_M_F_I_001_gcov.tif,Band 2: HVHV,400,0.05545017854194157,0.03800528553677392,0.6853951878266247,2.1287168515320274,-12.560970511441237,2.8273742015065717,-21.25396521994327,-18.165097191467495,-13.321781271389506,-9.129767559951135,-5.429317016022636,0
140,ROI 140,point,400,40000.000244140625,737403.3802712521,2434991.5667150742,89.29956383086414,22.00342433784437,power,vegetation,sigma0,39.88845443725586,NISAR_S2_PR_GCOV_028_170_A_013_3700_DHNA_A_20260824T232917_20260824T232954_P00500_M_F_I_001_gcov.tif,Band 1: HHHH,400,0.1239694565839689,0.11444468985827067,0.923168440129067,1.1733784339509357,-9.066853025070577,2.91406919170051,-17.96313268998084,-14.980885884663085,-10.21081269458415,-5.241497587164929,1.4347706990016762,0
140,ROI 140,point,400,40000.000244140625,737403.3802712521,2434991.5667150742,89.29956383086414,22.00342433784437,power,vegetation,sigma0,39.88845443725586,NISAR_S2_PR_GCOV_028_170_A_013_3700_DHNA_A_20260824T232917_20260824T232954_P00500_M_F_I_001_gcov.tif,Band 2: HVHV,400,0.04206489526839416,0.028971870520892153,0.688742247806342,2.108077401668079,-13.760801880372123,2.8284507213088688,-22.673890890270428,-19.343942954717384,-14.575782274084041,-10.30647381690509,-6.7324615959421985,0
141,ROI 141,point,400,40000.0,738192.8117942709,2433741.640801042,89.30702319867706,21.99203359730101,power,vegetation,gamma0,39.86494445800781,NISAR_S2_PR_GCOV_028_170_A_013_3700_DHNA_A_20260824T232917_20260824T232954_P00500_M_F_I_001_gcov.tif,Band 1: HHHH,400,0.1754033240908757,0.11702302882830021,0.667165399714267,2.246637325821672,-7.559621805216013,2.742749824952023,-16.887246100107504,-12.908174191884607,-8.293406392503764,-3.7946331929274386,-0.8474389085641004,0
141,ROI 141,point,400,40000.0,738192.8117942709,2433741.640801042,89.30702319867706,21.99203359730101,power,vegetation,gamma0,39.86494445800781,NISAR_S2_PR_GCOV_028_170_A_013_3700_DHNA_A_20260824T232917_20260824T232954_P00500_M_F_I_001_gcov.tif,Band 2: HVHV,400,0.05846343801007606,0.03920781336253938,0.6706381748501002,2.223429981649366,-12.331156490384199,2.7964776929351918,-22.4363692740745,-17.770817039735213,-13.233543386036947,-8.727213308390404,-5.576191912766591,0
141,ROI 141,point,400,40000.0,738192.8117942709,2433741.640801042,89.30702319867706,21.99203359730101,power,vegetation,sigma0,39.86494445800781,NISAR_S2_PR_GCOV_028_170_A_013_3700_DHNA_A_20260824T232917_20260824T232954_P00500_M_F_I_001_gcov.tif,Band 1: HHHH,400,0.1328666818306105,0.08883048055632657,0.6685685179492558,2.2372172294025767,-8.765839107895882,2.7400698573648,-18.009610970783708,-14.093044078157561,-9.472504910204762,-4.883789640406613,-1.9815895501262315,0
141,ROI 141,point,400,40000.0,738192.8117942709,2433741.640801042,89.30702319867706,21.99203359730101,power,vegetation,sigma0,39.86494445800781,NISAR_S2_PR_GCOV_028_170_A_013_3700_DHNA_A_20260824T232917_20260824T232954_P00500_M_F_I_001_gcov.tif,Band 2: HVHV,400,0.04434529857605536,0.02977210957796095,0.6713701459671008,2.2185843705017114,-13.531524166599185,2.8067562249935207,-24.03482635054492,-18.941999658228713,-14.428856370803388,-9.970043421238055,-6.831172868067893,0
142,ROI 142,point,400,40000.000244140625,738838.7075828041,2432886.4199919854,89.31314995328418,21.98422527937273,power,vegetation,gamma0,39.84358215332031,NISAR_S2_PR_GCOV_028_170_A_013_3700_DHNA_A_20260824T232917_20260824T232954_P00500_M_F_I_001_gcov.tif,Band 1: HHHH,400,0.1908172956760973,0.12328210426482238,0.6460740564843112,2.39571634535636,-7.193822634041343,2.760039072893569,-16.214095470526733,-12.574172551115039,-7.962598674694198,-3.635877730705302,-0.12632244051208075,0
142,ROI 142,point,400,40000.000244140625,738838.7075828041,2432886.4199919854,89.31314995328418,21.98422527937273,power,vegetation,gamma0,39.84358215332031,NISAR_S2_PR_GCOV_028_170_A_013_3700_DHNA_A_20260824T232917_20260824T232954_P00500_M_F_I_001_gcov.tif,Band 2: HVHV,400,0.05809499206021428,0.03754417752054334,0.646254972917968,2.3943751911441233,-12.35861303312834,2.7504059325935546,-22.12737475064635,-17.853191391817067,-13.21117184400588,-8.865493214645163,-6.098072637760352,0
142,ROI 142,point,400,40000.000244140625,738838.7075828041,2432886.4199919854,89.31314995328418,21.98422527937273,power,vegetation,sigma0,39.84358215332031,NISAR_S2_PR_GCOV_028_170_A_013_3700_DHNA_A_20260824T232917_20260824T232954_P00500_M_F_I_001_gcov.tif,Band 1: HHHH,400,0.14518697987984036,0.0947802956841122,0.652815395447679,2.346492790490349,-8.380723286764031,2.7723466409636996,-17.45544044192599,-13.981605292569814,-9.14833862396944,-4.798668679525599,-1.3228536624465301,0
142,ROI 142,point,400,40000.000244140625,738838.7075828041,2432886.4199919854,89.31314995328418,21.98422527937273,power,vegetation,sigma0,39.84358215332031,NISAR_S2_PR_GCOV_028_170_A_013_3700_DHNA_A_20260824T232917_20260824T232954_P00500_M_F_I_001_gcov.tif,Band 2: HVHV,400,0.04414195881633347,0.02875886558685943,0.6515085954051055,2.355915451063799,-13.551483987627355,2.7531025830656866,-23.336208569194994,-19.033377692401757,-14.422933079453939,-10.127934315969519,-7.100757576887152,0
143,ROI 143,point,400,39999.999755859375,739215.4840095997,2432378.0848033493,89.31672224436305,21.97958498034297,power,vegetation,gamma0,39.83089828491211,NISAR_S2_PR_GCOV_028_170_A_013_3700_DHNA_A_20260824T232917_20260824T232954_P00500_M_F_I_001_gcov.tif,Band 1: HHHH,400,0.19716429650317877,0.166614090981649,0.8450520400328301,1.4003386992082552,-7.051717264916948,2.896822453635575,-15.830142915841785,-12.617543712414145,-7.993742122242286,-3.3736625777209737,2.3093829843769442,0
143,ROI 143,point,400,39999.999755859375,739215.4840095997,2432378.0848033493,89.31672224436305,21.97958498034297,power,vegetation,gamma0,39.83089828491211,NISAR_S2_PR_GCOV_028_170_A_013_3700_DHNA_A_20260824T232917_20260824T232954_P00500_M_F_I_001_gcov.tif,Band 2: HVHV,400,0.05649528217385523,0.04083772639807939,0.722851976779367,1.913820727897778,-12.47987817869235,2.776089526064365,-21.51375959520518,-17.67580142065897,-13.251280531267625,-9.13248476374429,-3.966859567672158,0
143,ROI 143,point,400,39999.999755859375,739215.4840095997,2432378.0848033493,89.31672224436305,21.97958498034297,power,vegetation,sigma0,39.83089828491211,NISAR_S2_PR_GCOV_028_170_A_013_3700_DHNA_A_20260824T232917_20260824T232954_P00500_M_F_I_001_gcov.tif,Band 1: HHHH,400,0.1498700934464939,0.1286234518273748,0.8582329460767001,1.3576556626066851,-8.242850219013935,2.904593313345815,-16.912574821077555,-13.710775108604846,-9.252088013206306,-4.486812819206559,1.2792922230513866,0
143,ROI 143,point,400,39999.999755859375,739215.4840095997,2432378.0848033493,89.31672224436305,21.97958498034297,power,vegetation,sigma0,39.83089828491211,NISAR_S2_PR_GCOV_028_170_A_013_3700_DHNA_A_20260824T232917_20260824T232954_P00500_M_F_I_001_gcov.tif,Band 2: HVHV,400,0.04282964501666341,0.03077401152542707,0.7185212838783523,1.9369603269014806,-13.682555251351404,2.7870026995480393,-22.867944089943958,-19.077670686212578,-14.529009322370392,-10.39181187695525,-5.089233488693034,0
144,ROI 144,point,400,40000.0,739717.8470648438,2431666.396725521,89.32147991752912,21.973091731490427,power,vegetation,gamma0,39.81480026245117,NISAR_S2_PR_GCOV_028_170_A_013_3700_DHNA_A_20260824T232917_20260824T232954_P00500_M_F_I_001_gcov.tif,Band 1: HHHH,400,0.1850420102942735,0.12653678428106452,0.6838273323978282,2.138489337037385,-7.327296620415469,2.667998370567153,-14.940714407176998,-12.853448689419944,-8.097163780739203,-3.799699381555027,-0.19250189820078528,0
144,ROI 144,point,400,40000.0,739717.8470648438,2431666.396725521,89.32147991752912,21.973091731490427,power,vegetation,gamma0,39.81480026245117,NISAR_S2_PR_GCOV_028_170_A_013_3700_DHNA_A_20260824T232917_20260824T232954_P00500_M_F_I_001_gcov.tif,Band 2: HVHV,400,0.05326454339665361,0.03199824370751124,0.6007419132315618,2.770920931400895,-12.7356179155951,2.7254317375287287,-22.649313979842354,-18.38343381402593,-13.191558753849872,-9.536069052518357,-6.984411784121481,0
144,ROI 144,point,400,40000.0,739717.8470648438,2431666.396725521,89.32147991752912,21.973091731490427,power,vegetation,sigma0,39.81480026245117,NISAR_S2_PR_GCOV_028_170_A_013_3700_DHNA_A_20260824T232917_20260824T232954_P00500_M_F_I_001_gcov.tif,Band 1: HHHH,400,0.14018674614891208,0.09610854271123062,0.6855751014374798,2.1275997313753297,-8.532930444755282,2.6688475250125023,-16.08622388770616,-14.082635387398238,-9.355088318986738,-4.918634982466536,-1.437072314461167,0
144,ROI 144,point,400,40000.0,739717.8470648438,2431666.396725521,89.32147991752912,21.973091731490427,power,vegetation,sigma0,39.81480026245117,NISAR_S2_PR_GCOV_028_170_A_013_3700_DHNA_A_20260824T232917_20260824T232954_P00500_M_F_I_001_gcov.tif,Band 2: HVHV,400,0.040307419024637116,0.024117266157100758,0.5983331788711045,2.793275858125363,-13.946150098162928,2.7226399953284606,-24.21837377173382,-19.469364544325465,-14.419348351888635,-10.686291612605658,-8.287524215216886,0
145,ROI 145,point,400,40000.0,740166.3868509114,2434184.20005625,89.32619150670394,21.995758727535616,power,vegetation,gamma0,39.75318908691406,NISAR_S2_PR_GCOV_028_170_A_013_3700_DHNA_A_20260824T232917_20260824T232954_P00500_M_F_I_001_gcov.tif,Band 1: HHHH,400,0.1686802187236026,0.11257883121926399,0.6674098010492524,2.244992217746436,-7.7293584451754835,2.676474722335185,-16.68857227879282,-12.885709597442979,-8.568757613299416,-4.153633826994177,-0.45895985314245485,0
145,ROI 145,point,400,40000.0,740166.3868509114,2434184.20005625,89.32619150670394,21.995758727535616,power,vegetation,gamma0,39.75318908691406,NISAR_S2_PR_GCOV_028_170_A_013_3700_DHNA_A_20260824T232917_20260824T232954_P00500_M_F_I_001_gcov.tif,Band 2: HVHV,400,0.05875841730739921,0.03481678036925408,0.5925411535015893,2.8481506872427085,-12.309299107020696,2.5588442558325877,-20.56610815918429,-17.298272481725306,-12.976571066209292,-9.077726351411938,-6.477033225164027,0
145,ROI 145,point,400,40000.0,740166.3868509114,2434184.20005625,89.32619150670394,21.995758727535616,power,vegetation,sigma0,39.75318908691406,NISAR_S2_PR_GCOV_028_170_A_013_3700_DHNA_A_20260824T232917_20260824T232954_P00500_M_F_I_001_gcov.tif,Band 1: HHHH,400,0.12753730809829128,0.0848441956839577,0.6652500115383446,2.25959298867761,-8.943627538094471,2.6712908322290416,-17.696267818674507,-14.120171137104293,-9.812983506043718,-5.311052065072194,-1.8262680395281874,0
145,ROI 145,point,400,40000.0,740166.3868509114,2434184.20005625,89.32619150670394,21.995758727535616,power,vegetation,sigma0,39.75318908691406,NISAR_S2_PR_GCOV_028_170_A_013_3700_DHNA_A_20260824T232917_20260824T232954_P00500_M_F_I_001_gcov.tif,Band 2: HVHV,400,0.04449973256113389,0.02663615433591783,0.5985688632920431,2.791076605756546,-13.516425990768845,2.5585364536615307,-21.334454201520746,-18.49553889414904,-14.21287584012138,-10.272049241816655,-7.714944812473492,0
146,ROI 146,point,400,40000.0,740800.3230811198,2434208.1221802086,89.33233130757125,21.995887492002844,power,vegetation,gamma0,39.71866226196289,NISAR_S2_PR_GCOV_028_170_A_013_3700_DHNA_A_20260824T232917_20260824T232954_P00500_M_F_I_001_gcov.tif,Band 1: HHHH,400,0.15904673703946173,0.10658073132701501,0.6701220868213777,2.226856006492483,-7.984752363352574,2.909907339456294,-17.52846046554709,-14.055628562858049,-8.866745580087672,-4.2106770740696104,-2.096225571336708,0
146,ROI 146,point,400,40000.0,740800.3230811198,2434208.1221802086,89.33233130757125,21.995887492002844,power,vegetation,gamma0,39.71866226196289,NISAR_S2_PR_GCOV_028_170_A_013_3700_DHNA_A_20260824T232917_20260824T232954_P00500_M_F_I_001_gcov.tif,Band 2: HVHV,400,0.05601306080352515,0.03654278734501628,0.6523976162130471,2.3494990241819225,-12.517106948948848,2.6138644078338387,-20.047758847965582,-17.668040594493334,-13.203859287133588,-8.860054074505515,-6.11305446178863,0
146,ROI 146,point,400,40000.0,740800.3230811198,2434208.1221802086,89.33233130757125,21.995887492002844,power,vegetation,sigma0,39.71866226196289,NISAR_S2_PR_GCOV_028_170_A_013_3700_DHNA_A_20260824T232917_20260824T232954_P00500_M_F_I_001_gcov.tif,Band 1: HHHH,400,0.12209547374224237,0.082441931384158,0.6752251238911806,2.1933241147885694,-9.133004356882346,2.9238754833728975,-18.62700860260148,-15.175430229356888,-9.917415117879273,-5.326974529111695,-3.079831091509331,0
146,ROI 146,point,400,40000.0,740800.3230811198,2434208.1221802086,89.33233130757125,21.995887492002844,power,vegetation,sigma0,39.71866226196289,NISAR_S2_PR_GCOV_028_170_A_013_3700_DHNA_A_20260824T232917_20260824T232954_P00500_M_F_I_001_gcov.tif,Band 2: HVHV,400,0.04284220071648269,0.027669596076313464,0.6458490836972371,2.3973856667767492,-13.681282284453044,2.610821942250071,-21.226025883358286,-18.8341145464108,-14.389403218223638,-10.018855074596104,-7.308047153817735,0
147,ROI 147,point,400,40000.0,741404.3566589843,2433639.9717848958,89.33809401822697,21.99067550563849,power,vegetation,gamma0,39.695068359375,NISAR_S2_PR_GCOV_028_170_A_013_3700_DHNA_A_20260824T232917_20260824T232954_P00500_M_F_I_001_gcov.tif,Band 1: HHHH,400,0.16797190993092953,0.11231556463658406,0.668656828887452,2.2366263202930106,-7.74763339595512,2.7458162178032612,-18.027793260000166,-12.934713405268498,-8.52503919660988,-4.071273788614555,-1.0450529461845706,0
147,ROI 147,point,400,40000.0,741404.3566589843,2433639.9717848958,89.33809401822697,21.99067550563849,power,vegetation,gamma0,39.695068359375,NISAR_S2_PR_GCOV_028_170_A_013_3700_DHNA_A_20260824T232917_20260824T232954_P00500_M_F_I_001_gcov.tif,Band 2: HVHV,400,0.06422877828590572,0.04382338090313621,0.6823013308467796,2.1480657139491424,-11.922703387477826,2.7246973985451324,-20.684622459824187,-17.324622846588593,-12.833171281563276,-8.12506740001374,-5.830990623117637,0
147,ROI 147,point,400,40000.0,741404.3566589843,2433639.9717848958,89.33809401822697,21.99067550563849,power,vegetation,sigma0,39.695068359375,NISAR_S2_PR_GCOV_028_170_A_013_3700_DHNA_A_20260824T232917_20260824T232954_P00500_M_F_I_001_gcov.tif,Band 1: HHHH,400,0.12881085802228445,0.08600894984028476,0.6677150603670778,2.2429400006161897,-8.900475268798658,2.7543601797483666,-19.287069962576485,-14.075936766190809,-9.749366666575954,-5.175559321182783,-2.3619191728093862,0
147,ROI 147,point,400,40000.0,741404.3566589843,2433639.9717848958,89.33809401822697,21.99067550563849,power,vegetation,sigma0,39.695068359375,NISAR_S2_PR_GCOV_028_170_A_013_3700_DHNA_A_20260824T232917_20260824T232954_P00500_M_F_I_001_gcov.tif,Band 2: HVHV,400,0.04921450209094287,0.033835147442641954,0.6875036016846905,2.115680311969099,-13.079069043457313,2.719921887282718,-21.7944432634469,-18.457240941331968,-14.031096862460393,-9.252767752342107,-6.632437544077692,0
148,ROI 148,point,400,40000.000244140625,741960.5444836718,2433263.19341104,89.34342159373084,21.987197481407826,power,vegetation,gamma0,39.670597076416016,NISAR_S2_PR_GCOV_028_170_A_013_3700_DHNA_A_20260824T232917_20260824T232954_P00500_M_F_I_001_gcov.tif,Band 1: HHHH,400,0.17640153290703892,0.12125017451253527,0.6873532928788798,2.116605717156794,-7.534976452236112,2.6742168785580174,-14.997403022527863,-12.452269055603882,-8.468643611909123,-3.88940187516235,-1.129631997837679,0
148,ROI 148,point,400,40000.000244140625,741960.5444836718,2433263.19341104,89.34342159373084,21.987197481407826,power,vegetation,gamma0,39.670597076416016,NISAR_S2_PR_GCOV_028_170_A_013_3700_DHNA_A_20260824T232917_20260824T232954_P00500_M_F_I_001_gcov.tif,Band 2: HVHV,400,0.06417142538004555,0.04247842399454574,0.6619523213482278,2.2821625848345444,-11.92658314023235,2.8903843958452122,-21.192483789336357,-17.551362230391376,-12.760957947918401,-8.323643628551155,-5.042345804488313,0
148,ROI 148,point,400,40000.000244140625,741960.5444836718,2433263.19341104,89.34342159373084,21.987197481407826,power,vegetation,sigma0,39.670597076416016,NISAR_S2_PR_GCOV_028_170_A_013_3700_DHNA_A_20260824T232917_20260824T232954_P00500_M_F_I_001_gcov.tif,Band 1: HHHH,400,0.13410586074109723,0.09278199864718323,0.6918564045929861,2.0891425223893125,-8.725522420447467,2.6887659520641125,-16.194221113269624,-13.68879247392315,-9.696454612920238,-4.963174041306586,-2.149295169442839,0
148,ROI 148,point,400,40000.000244140625,741960.5444836718,2433263.19341104,89.34342159373084,21.987197481407826,power,vegetation,sigma0,39.670597076416016,NISAR_S2_PR_GCOV_028_170_A_013_3700_DHNA_A_20260824T232917_20260824T232954_P00500_M_F_I_001_gcov.tif,Band 2: HVHV,400,0.048604606555179106,0.03201639938468096,0.6587112138915036,2.304676036480296,-13.133225680486682,2.8818218926434858,-22.450934828156846,-18.69903689503764,-13.804600074424098,-9.537740396875401,-6.344200075593715,0
149,ROI 149,point,400,40000.0,742313.3972915364,2432934.2691875,89.34678798948738,21.984179454521783,power,vegetation,gamma0,39.65678024291992,NISAR_S2_PR_GCOV_028_170_A_013_3700_DHNA_A_20260824T232917_20260824T232954_P00500_M_F_I_001_gcov.tif,Band 1: HHHH,400,0.16953858067514374,0.11355698747955427,0.6698002721701621,2.228996367066552,-7.707314569433273,3.001772156152925,-19.066392704459354,-13.882591153011713,-8.410829054831336,-3.955962044506795,-1.0849521716473551,0
149,ROI 149,point,400,40000.0,742313.3972915364,2432934.2691875,89.34678798948738,21.984179454521783,power,vegetation,gamma0,39.65678024291992,NISAR_S2_PR_GCOV_028_170_A_013_3700_DHNA_A_20260824T232917_20260824T232954_P00500_M_F_I_001_gcov.tif,Band 2: HVHV,400,0.059144844238180665,0.034649792719827995,0.5858463770787985,2.913617271486374,-12.280831076125395,2.688490775511464,-22.138524590443037,-17.709463181940215,-12.718954690310811,-8.869913806710697,-6.408230135259707,0
149,ROI 149,point,400,40000.0,742313.3972915364,2432934.2691875,89.34678798948738,21.984179454521783,power,vegetation,sigma0,39.65678024291992,NISAR_S2_PR_GCOV_028_170_A_013_3700_DHNA_A_20260824T232917_20260824T232954_P00500_M_F_I_001_gcov.tif,Band 1: HHHH,400,0.12934986006119278,0.08651083779813909,0.6688127668419013,2.235583474549044,-8.882340367942462,2.999981615428763,-20.561161349736565,-15.179600364369533,-9.633917994855938,-5.2146722982977,-2.5591938440005184,0
149,ROI 149,point,400,40000.0,742313.3972915364,2432934.2691875,89.34678798948738,21.984179454521783,power,vegetation,sigma0,39.65678024291992,NISAR_S2_PR_GCOV_028_170_A_013_3700_DHNA_A_20260824T232917_20260824T232954_P00500_M_F_I_001_gcov.tif,Band 2: HVHV,400,0.04498525214477933,0.025914729631377354,0.5760716767347237,3.013331792824665,-13.469298409338322,2.6666777013133363,-23.115624959867812,-19.017500065528367,-13.868815674503217,-10.12133898990296,-8.0367902571721,0
150,ROI 150,point,400,40000.000244140625,742148.9311931991,2439456.0327050127,89.34616555306815,22.043073823426163,power,vegetation,gamma0,39.56834411621094,NISAR_S2_PR_GCOV_028_170_A_013_3700_DHNA_A_20260824T232917_20260824T232954_P00500_M_F_I_001_gcov.tif,Band 1: HHHH,400,0.1624841243820265,0.10506459991127547,0.6466145557965501,2.3917129036310887,-7.891890656395498,2.8095323765583387,-17.176543040271845,-13.454944358700004,-8.603950880732965,-4.22906523209376,-1.9927737232573464,0
150,ROI 150,point,400,40000.000244140625,742148.9311931991,2439456.0327050127,89.34616555306815,22.043073823426163,power,vegetation,gamma0,39.56834411621094,NISAR_S2_PR_GCOV_028_170_A_013_3700_DHNA_A_20260824T232917_20260824T232954_P00500_M_F_I_001_gcov.tif,Band 2: HVHV,400,0.06387475170195103,0.0416116233938338,0.6514565189701205,2.3562921226542346,-11.946707750714324,2.600799787016614,-20.65049470406595,-16.937618996957628,-12.596980755957292,-8.510733514714568,-5.033034973608067,0
150,ROI 150,point,400,40000.000244140625,742148.9311931991,2439456.0327050127,89.34616555306815,22.043073823426163,power,vegetation,sigma0,39.56834411621094,NISAR_S2_PR_GCOV_028_170_A_013_3700_DHNA_A_20260824T232917_20260824T232954_P00500_M_F_I_001_gcov.tif,Band 1: HHHH,400,0.12308511530730389,0.0795391758877476,0.6462127909549737,2.3946877901626613,-9.097944631592894,2.810309090186206,-18.54100080733094,-14.739859019864529,-9.833496836869976,-5.476926246015175,-3.485940889995133,0
150,ROI 150,point,400,40000.000244140625,742148.9311931991,2439456.0327050127,89.34616555306815,22.043073823426163,power,vegetation,sigma0,39.56834411621094,NISAR_S2_PR_GCOV_028_170_A_013_3700_DHNA_A_20260824T232917_20260824T232954_P00500_M_F_I_001_gcov.tif,Band 2: HVHV,400,0.0481941472720486,0.03089361099698882,0.6410241231699589,2.433611524864128,-13.170056995575505,2.580349466658308,-21.895112697969218,-18.25208781126487,-13.891788073301809,-9.674791331344062,-6.407479890535221,0
151,ROI 151,point,400,39999.999755859375,743431.7580021307,2438077.530353761,89.35838050184456,22.03045177558484,power,vegetation,gamma0,39.51974105834961,NISAR_S2_PR_GCOV_028_170_A_013_3700_DHNA_A_20260824T232917_20260824T232954_P00500_M_F_I_001_gcov.tif,Band 1: HHHH,400,0.19266207824926823,0.13255133779894343,0.6879991070554482,2.112633931715833,-7.152037592822779,2.8465253047750507,-16.417246034257825,-12.831155443473367,-8.04863443799155,-3.4373809855030597,-0.7258296933180218,0
151,ROI 151,point,400,39999.999755859375,743431.7580021307,2438077.530353761,89.35838050184456,22.03045177558484,power,vegetation,gamma0,39.51974105834961,NISAR_S2_PR_GCOV_028_170_A_013_3700_DHNA_A_20260824T232917_20260824T232954_P00500_M_F_I_001_gcov.tif,Band 2: HVHV,400,0.06714856087928638,0.04332547971829531,0.6452182913671367,2.402075526725588,-11.729632906480159,2.669543889346176,-21.014733824376428,-16.950633573088695,-12.486628750029361,-8.161623840804799,-5.566804346306224,0
151,ROI 151,point,400,39999.999755859375,743431.7580021307,2438077.530353761,89.35838050184456,22.03045177558484,power,vegetation,sigma0,39.51974105834961,NISAR_S2_PR_GCOV_028_170_A_013_3700_DHNA_A_20260824T232917_20260824T232954_P00500_M_F_I_001_gcov.tif,Band 1: HHHH,400,0.14713496624667685,0.10244351420667201,0.6962553961165283,2.062827212291409,-8.322841060391147,2.843174695690733,-17.59998371811103,-13.94839882662982,-9.248024742129088,-4.722088771822522,-1.9408652282275614,0
151,ROI 151,point,400,39999.999755859375,743431.7580021307,2438077.530353761,89.35838050184456,22.03045177558484,power,vegetation,sigma0,39.51974105834961,NISAR_S2_PR_GCOV_028_170_A_013_3700_DHNA_A_20260824T232917_20260824T232954_P00500_M_F_I_001_gcov.tif,Band 2: HVHV,400,0.051176502823842535,0.033145691079332136,0.6476740154251014,2.3838946162854335,-12.909293952014796,2.659719065449389,-22.186514716885352,-18.18531251370087,-13.68775061140014,-9.31740782992279,-6.635066497613213,0
152,ROI 152,point,400,40000.0,744173.3422684895,2439124.118228125,89.36571739696825,22.0397955339322,power,vegetation,gamma0,39.464210510253906,NISAR_S2_PR_GCOV_028_170_A_013_3700_DHNA_A_20260824T232917_20260824T232954_P00500_M_F_I_001_gcov.tif,Band 1: HHHH,400,0.19249808708671481,0.1264528032336742,0.6569042069322532,2.3173728452997078,-7.1557358185320465,2.776483440242859,-17.22571512065869,-12.623111774736175,-7.925875480632324,-3.7830551472022096,-0.8236466158099378,0
152,ROI 152,point,400,40000.0,744173.3422684895,2439124.118228125,89.36571739696825,22.0397955339322,power,vegetation,gamma0,39.464210510253906,NISAR_S2_PR_GCOV_028_170_A_013_3700_DHNA_A_20260824T232917_20260824T232954_P00500_M_F_I_001_gcov.tif,Band 2: HVHV,400,0.06347218904877082,0.03871777199428033,0.609995851325221,2.687486165953121,-11.974165233433979,2.582646327872089,-19.623770966762443,-16.900300220680023,-12.6432477273882,-8.491630218167657,-5.4381414487605255,0
152,ROI 152,point,400,40000.0,744173.3422684895,2439124.118228125,89.36571739696825,22.0397955339322,power,vegetation,sigma0,39.464210510253906,NISAR_S2_PR_GCOV_028_170_A_013_3700_DHNA_A_20260824T232917_20260824T232954_P00500_M_F_I_001_gcov.tif,Band 1: HHHH,400,0.14727114853468382,0.09603361840804321,0.6520871152534424,2.3517370545641323,-8.318823262019224,2.7600302369121517,-18.227191099080073,-13.786156075120468,-9.077275429156096,-4.960849340223168,-1.9060661894919568,0
152,ROI 152,point,400,40000.0,744173.3422684895,2439124.118228125,89.36571739696825,22.0397955339322,power,vegetation,sigma0,39.464210510253906,NISAR_S2_PR_GCOV_028_170_A_013_3700_DHNA_A_20260824T232917_20260824T232954_P00500_M_F_I_001_gcov.tif,Band 2: HVHV,400,0.04873185699167714,0.029828380840998633,0.612092021161701,2.6691105586029336,-13.12187038939409,2.590089017568878,-20.897695203732024,-18.140148992230095,-13.776537646916525,-9.649254175253358,-6.447675364380114,0
153,ROI 153,point,400,39999.999755859375,745255.8198006337,2440427.8788373773,89.37639493254682,22.051412384811382,power,vegetation,gamma0,39.38650894165039,NISAR_S2_PR_GCOV_028_170_A_013_3700_DHNA_A_20260824T232917_20260824T232954_P00500_M_F_I_001_gcov.tif,Band 1: HHHH,400,0.19804516880307346,0.15706489952433125,0.7930761475959507,1.589901515684007,-7.032357474922442,3.0520344607643155,-16.541524401216485,-13.205424782595955,-8.143149027823299,-2.901807314927045,1.153707299210482,0
153,ROI 153,point,400,39999.999755859375,745255.8198006337,2440427.8788373773,89.37639493254682,22.051412384811382,power,vegetation,gamma0,39.38650894165039,NISAR_S2_PR_GCOV_028_170_A_013_3700_DHNA_A_20260824T232917_20260824T232954_P00500_M_F_I_001_gcov.tif,Band 2: HVHV,400,0.06383009406388737,0.04078898104942755,0.639024297983988,2.448867323280835,-11.949745155671064,2.7168100105313933,-21.373472352221516,-17.503652885667687,-12.74119654579142,-8.453305397893672,-5.670560739123571,0
153,ROI 153,point,400,39999.999755859375,745255.8198006337,2440427.8788373773,89.37639493254682,22.051412384811382,power,vegetation,sigma0,39.38650894165039,NISAR_S2_PR_GCOV_028_170_A_013_3700_DHNA_A_20260824T232917_20260824T232954_P00500_M_F_I_001_gcov.tif,Band 1: HHHH,400,0.15144956293175518,0.12206844405843364,0.8060006360892504,1.5393211300122402,-8.197319756596222,3.051922299277004,-17.685593830733644,-14.381053525242741,-9.237002475633659,-4.173421813070255,-0.13795050166391487,0
153,ROI 153,point,400,39999.999755859375,745255.8198006337,2440427.8788373773,89.37639493254682,22.051412384811382,power,vegetation,sigma0,39.38650894165039,NISAR_S2_PR_GCOV_028_170_A_013_3700_DHNA_A_20260824T232917_20260824T232954_P00500_M_F_I_001_gcov.tif,Band 2: HVHV,400,0.04894082385260727,0.03206353305248251,0.6551490254648494,2.329806224955063,-13.10328724162208,2.7426348960278704,-22.472989354307074,-18.69528514414608,-13.859691780821315,-9.380318728702388,-6.0729881544164375,0
154,ROI 154,point,400,40000.0,746308.3916480469,2438753.3253401043,89.3863334233751,22.036148431659836,power,vegetation,gamma0,39.35501480102539,NISAR_S2_PR_GCOV_028_170_A_013_3700_DHNA_A_20260824T232917_20260824T232954_P00500_M_F_I_001_gcov.tif,Band 1: HHHH,400,0.24334716989658772,0.17209165579774105,0.7071857703168388,1.9995532448628905,-6.137737001927874,3.057787736179395,-16.884164316012434,-12.365712016296639,-6.985745594648423,-2.28505460390072,-0.24727539131064943,0
154,ROI 154,point,400,40000.0,746308.3916480469,2438753.3253401043,89.3863334233751,22.036148431659836,power,vegetation,gamma0,39.35501480102539,NISAR_S2_PR_GCOV_028_170_A_013_3700_DHNA_A_20260824T232917_20260824T232954_P00500_M_F_I_001_gcov.tif,Band 2: HVHV,400,0.05330854414962232,0.035304251498891645,0.662262533371806,2.2800250987754427,-12.732031778468052,2.823922017111212,-22.376148734321152,-18.58020902137421,-13.492027721921264,-9.081886724280805,-6.634002864213143,0
154,ROI 154,point,400,40000.0,746308.3916480469,2438753.3253401043,89.3863334233751,22.036148431659836,power,vegetation,sigma0,39.35501480102539,NISAR_S2_PR_GCOV_028_170_A_013_3700_DHNA_A_20260824T232917_20260824T232954_P00500_M_F_I_001_gcov.tif,Band 1: HHHH,400,0.18747292211574476,0.1341906890429123,0.715787045555644,1.9517865982299694,-7.2706145126928465,3.0510971640939024,-17.993233833735786,-13.447058584773767,-8.187102055018222,-3.4150721158902027,-0.9651552738809849,0
154,ROI 154,point,400,40000.0,746308.3916480469,2438753.3253401043,89.3863334233751,22.036148431659836,power,vegetation,sigma0,39.35501480102539,NISAR_S2_PR_GCOV_028_170_A_013_3700_DHNA_A_20260824T232917_20260824T232954_P00500_M_F_I_001_gcov.tif,Band 2: HVHV,400,0.041074295651855074,0.02723617938114181,0.6630954700232752,2.274300663050519,-13.864298751755648,2.8341090267693385,-23.434553877970806,-19.747262065031983,-14.693774312102265,-10.154214799038986,-7.752774562641247,0
155,ROI 155,point,400,40000.0,746816.7367385416,2437939.973194271,89.39113184315111,22.028734785357504,power,vegetation,gamma0,39.339847564697266,NISAR_S2_PR_GCOV_028_170_A_013_3700_DHNA_A_20260824T232917_20260824T232954_P00500_M_F_I_001_gcov.tif,Band 1: HHHH,400,0.23150113632436842,0.16665277451815433,0.7198788617808267,1.9296616126427553,-6.354468729043793,3.1207367563500847,-20.884953257700477,-12.435665453973002,-7.139956924525635,-2.313419706300957,1.018035724589529,0
155,ROI 155,point,400,40000.0,746816.7367385416,2437939.973194271,89.39113184315111,22.028734785357504,power,vegetation,gamma0,39.339847564697266,NISAR_S2_PR_GCOV_028_170_A_013_3700_DHNA_A_20260824T232917_20260824T232954_P00500_M_F_I_001_gcov.tif,Band 2: HVHV,400,0.05616164892097004,0.036347299583759346,0.6471907481724193,2.387456126813543,-12.505601496894052,2.75070660186193,-22.934313867086527,-17.63913216217842,-13.282111256678862,-8.783088653774435,-6.054851816239903,0
155,ROI 155,point,400,40000.0,746816.7367385416,2437939.973194271,89.39113184315111,22.028734785357504,power,vegetation,sigma0,39.339847564697266,NISAR_S2_PR_GCOV_028_170_A_013_3700_DHNA_A_20260824T232917_20260824T232954_P00500_M_F_I_001_gcov.tif,Band 1: HHHH,400,0.1767743552626793,0.12660665134669757,0.7162048542536918,1.9495100552733264,-7.525807380543979,3.0949659630627124,-21.867700469197988,-13.495256042787155,-8.331003044717837,-3.529299804968389,-0.34373429392053556,0
155,ROI 155,point,400,40000.0,746816.7367385416,2437939.973194271,89.39113184315111,22.028734785357504,power,vegetation,sigma0,39.339847564697266,NISAR_S2_PR_GCOV_028_170_A_013_3700_DHNA_A_20260824T232917_20260824T232954_P00500_M_F_I_001_gcov.tif,Band 2: HVHV,400,0.04291060303542594,0.027482997602276023,0.640471017841132,2.4378166322961605,-13.674353821553352,2.7375675183786172,-24.33473037902717,-18.697876130260873,-14.396649302724354,-10.037847603243673,-7.369734728476819,0
156,ROI 156,point,400,40000.0,747725.7773703125,2439817.8597625,89.40021856500783,22.045556892431204,power,vegetation,gamma0,39.262386322021484,NISAR_S2_PR_GCOV_028_170_A_013_3700_DHNA_A_20260824T232917_20260824T232954_P00500_M_F_I_001_gcov.tif,Band 1: HHHH,400,0.19647621794603765,0.1389225018492101,0.7070703177285572,2.000206284423386,-7.066900103769498,2.8014982842542633,-14.603558559772445,-12.448891708244743,-8.068974004636331,-3.161331903308181,-0.02984216576584689,0
156,ROI 156,point,400,40000.0,747725.7773703125,2439817.8597625,89.40021856500783,22.045556892431204,power,vegetation,gamma0,39.262386322021484,NISAR_S2_PR_GCOV_028_170_A_013_3700_DHNA_A_20260824T232917_20260824T232954_P00500_M_F_I_001_gcov.tif,Band 2: HVHV,400,0.060774544982705264,0.041851670529885455,0.6886381550334152,2.1087147529543597,-12.16278284022924,2.7876440927293995,-23.354755486046173,-17.402919630585508,-13.061071861329205,-8.719808459878246,-3.8108111459992555,0
156,ROI 156,point,400,40000.0,747725.7773703125,2439817.8597625,89.40021856500783,22.045556892431204,power,vegetation,sigma0,39.262386322021484,NISAR_S2_PR_GCOV_028_170_A_013_3700_DHNA_A_20260824T232917_20260824T232954_P00500_M_F_I_001_gcov.tif,Band 1: HHHH,400,0.15098643239153112,0.10657280802659973,0.7058436068629,2.007164786061397,-8.21062076562624,2.797948754412666,-15.589823186557059,-13.605909598941007,-9.19299413643251,-4.466356783390106,-1.302134365845565,0
156,ROI 156,point,400,40000.0,747725.7773703125,2439817.8597625,89.40021856500783,22.045556892431204,power,vegetation,sigma0,39.262386322021484,NISAR_S2_PR_GCOV_028_170_A_013_3700_DHNA_A_20260824T232917_20260824T232954_P00500_M_F_I_001_gcov.tif,Band 2: HVHV,400,0.04653546950771885,0.03149526030774149,0.676801172114904,2.1831209418096558,-13.322159000259079,2.7562603419601723,-23.760537013881248,-18.604286774667514,-14.191993482681609,-9.79380667232051,-5.025234464631603,0
157,ROI 157,point,400,39999.999755859375,748485.3062631835,2442251.940637052,89.40794486170404,22.067420068575455,power,vegetation,gamma0,39.184452056884766,NISAR_S2_PR_GCOV_028_170_A_013_3700_DHNA_A_20260824T232917_20260824T232954_P00500_M_F_I_001_gcov.tif,Band 1: HHHH,400,0.2391392617300153,0.17592996752054915,0.7356799809776594,1.84766028254354,-6.2134911584200285,3.079796704277435,-18.084271401689,-12.631042420738364,-6.970873048952988,-2.5233842702970777,0.9878503237513399,0
157,ROI 157,point,400,39999.999755859375,748485.3062631835,2442251.940637052,89.40794486170404,22.067420068575455,power,vegetation,gamma0,39.184452056884766,NISAR_S2_PR_GCOV_028_170_A_013_3700_DHNA_A_20260824T232917_20260824T232954_P00500_M_F_I_001_gcov.tif,Band 2: HVHV,400,0.06278492543846369,0.038062451468566946,0.6062355127883754,2.720929274221742,-12.021446171667447,2.5791805481561783,-21.33313186387764,-17.44742670181577,-12.690227221832998,-8.830655023748669,-5.553320647007536,0
157,ROI 157,point,400,39999.999755859375,748485.3062631835,2442251.940637052,89.40794486170404,22.067420068575455,power,vegetation,sigma0,39.184452056884766,NISAR_S2_PR_GCOV_028_170_A_013_3700_DHNA_A_20260824T232917_20260824T232954_P00500_M_F_I_001_gcov.tif,Band 1: HHHH,400,0.18244599539703635,0.13498177951118406,0.739845120839395,1.8269151274238375,-7.388656647523679,3.0978058964618835,-19.595082220726944,-14.044828179786963,-8.236818537091793,-3.6404580673338494,-0.32256670182266695,0
157,ROI 157,point,400,39999.999755859375,748485.3062631835,2442251.940637052,89.40794486170404,22.067420068575455,power,vegetation,sigma0,39.184452056884766,NISAR_S2_PR_GCOV_028_170_A_013_3700_DHNA_A_20260824T232917_20260824T232954_P00500_M_F_I_001_gcov.tif,Band 2: HVHV,400,0.047871940888342526,0.02944905498838663,0.6151631716180924,2.64252646361431,-13.199189644125662,2.5856434192774977,-22.556361525816907,-18.710599004215872,-13.864285862401431,-10.115237965971271,-6.794328013999245,0
158,ROI 158,point,400,40000.0,749265.7639671875,2439681.802694271,89.41510856769798,22.04410939905157,power,vegetation,gamma0,39.1810417175293,NISAR_S2_PR_GCOV_028_170_A_013_3700_DHNA_A_20260824T232917_20260824T232954_P00500_M_F_I_001_gcov.tif,Band 1: HHHH,400,0.18599815550725907,0.11985587563133744,0.644392818329103,2.4082336295153617,-7.304913625401008,2.652677946855792,-15.84870204262154,-12.387287935984133,-8.06549928101073,-3.486447578065002,-1.5282029637875971,0
158,ROI 158,point,400,40000.0,749265.7639671875,2439681.802694271,89.41510856769798,22.04410939905157,power,vegetation,gamma0,39.1810417175293,NISAR_S2_PR_GCOV_028_170_A_013_3700_DHNA_A_20260824T232917_20260824T232954_P00500_M_F_I_001_gcov.tif,Band 2: HVHV,400,0.06072472145897336,0.04149200634318665,0.6832803073657463,2.141914799330226,-12.1663446860366,2.68112102843331,-22.725109210079218,-17.381523423799127,-12.884406270618229,-8.880763838359497,-4.700019555524962,0
158,ROI 158,point,400,40000.0,749265.7639671875,2439681.802694271,89.41510856769798,22.04410939905157,power,vegetation,sigma0,39.1810417175293,NISAR_S2_PR_GCOV_028_170_A_013_3700_DHNA_A_20260824T232917_20260824T232954_P00500_M_F_I_001_gcov.tif,Band 1: HHHH,400,0.14040010049103238,0.0909740674267575,0.647962979432256,2.381768858605742,-8.526325813608771,2.6514154511532975,-17.08533808074467,-13.577762555500614,-9.19950485760292,-4.680960756812065,-2.708235218269139,0
158,ROI 158,point,400,40000.0,749265.7639671875,2439681.802694271,89.41510856769798,22.04410939905157,power,vegetation,sigma0,39.1810417175293,NISAR_S2_PR_GCOV_028_170_A_013_3700_DHNA_A_20260824T232917_20260824T232954_P00500_M_F_I_001_gcov.tif,Band 2: HVHV,400,0.04596724604819407,0.031622185215586074,0.6879286434177935,2.1130667425814735,-13.375515145638015,2.706045677039941,-24.104473286817832,-18.651962771234395,-14.130567541580707,-10.068778456852653,-5.862210634416919,0
159,ROI 159,point,400,40000.000244140625,749714.3022273623,2438828.077007804,89.4193203921321,22.03633915576202,power,vegetation,gamma0,39.1696662902832,NISAR_S2_PR_GCOV_028_170_A_013_3700_DHNA_A_20260824T232917_20260824T232954_P00500_M_F_I_001_gcov.tif,Band 1: HHHH,400,0.18470355513971298,0.11949184553782438,0.6469385250729942,2.389318093431913,-7.335247452598097,2.701194113826025,-15.466875248050474,-12.700887598016719,-8.190154929106408,-3.760499008874424,-0.8537166546707742,0
159,ROI 159,point,400,40000.000244140625,749714.3022273623,2438828.077007804,89.4193203921321,22.03633915576202,power,vegetation,gamma0,39.1696662902832,NISAR_S2_PR_GCOV_028_170_A_013_3700_DHNA_A_20260824T232917_20260824T232954_P00500_M_F_I_001_gcov.tif,Band 2: HVHV,400,0.06141484589315951,0.03983794809719743,0.6486696745360497,2.3765820352296343,-12.11726633579758,2.6435010884392964,-20.16129368771852,-17.312178142954238,-12.940504554484122,-8.55216617716764,-5.2969674716641615,0
159,ROI 159,point,400,40000.000244140625,749714.3022273623,2438828.077007804,89.4193203921321,22.03633915576202,power,vegetation,sigma0,39.1696662902832,NISAR_S2_PR_GCOV_028_170_A_013_3700_DHNA_A_20260824T232917_20260824T232954_P00500_M_F_I_001_gcov.tif,Band 1: HHHH,400,0.14253651296663888,0.0920238055896207,0.6456156648869273,2.399119503484474,-8.460738700505779,2.6977706084469393,-16.650056510798137,-13.793947466624452,-9.310819922630065,-4.873920578606269,-2.0313294455023887,0
159,ROI 159,point,400,40000.000244140625,749714.3022273623,2438828.077007804,89.4193203921321,22.03633915576202,power,vegetation,sigma0,39.1696662902832,NISAR_S2_PR_GCOV_028_170_A_013_3700_DHNA_A_20260824T232917_20260824T232954_P00500_M_F_I_001_gcov.tif,Band 2: HVHV,400,0.047341859434942964,0.030509421528203056,0.644449159630686,2.40781256577714,-13.247546883909632,2.6317645122935684,-21.309133733471256,-18.411037826770837,-14.079982808789849,-9.757284686771763,-6.342209430577909,0
160,ROI 160,point,400,39999.999755859375,750243.5822262588,2437246.236617958,89.42420155085595,22.02198500298528,power,vegetation,gamma0,39.164859771728516,NISAR_S2_PR_GCOV_028_170_A_013_3700_DHNA_A_20260824T232917_20260824T232954_P00500_M_F_I_001_gcov.tif,Band 1: HHHH,400,0.266354370014742,0.18262437196183792,0.6856443615012968,2.1271699159817827,-5.745401734512589,2.782524764330855,-14.577917229418478,-11.087320884701402,-6.763755067076678,-1.9799907141093578,1.0999290698015782,0
160,ROI 160,point,400,39999.999755859375,750243.5822262588,2437246.236617958,89.42420155085595,22.02198500298528,power,vegetation,gamma0,39.164859771728516,NISAR_S2_PR_GCOV_028_170_A_013_3700_DHNA_A_20260824T232917_20260824T232954_P00500_M_F_I_001_gcov.tif,Band 2: HVHV,400,0.0656647086958401,0.03995670907411589,0.6084959465699598,2.7007514682194143,-11.82667978029183,2.712048210502268,-21.159535101742826,-17.415560396529543,-12.401277948507175,-8.548371223637746,-6.009986702042155,0
160,ROI 160,point,400,39999.999755859375,750243.5822262588,2437246.236617958,89.42420155085595,22.02198500298528,power,vegetation,sigma0,39.164859771728516,NISAR_S2_PR_GCOV_028_170_A_013_3700_DHNA_A_20260824T232917_20260824T232954_P00500_M_F_I_001_gcov.tif,Band 1: HHHH,400,0.2027593611807909,0.13871241180643548,0.6841233420673101,2.1366391543720282,-6.9301908574659645,2.7669875709453677,-15.846622533275891,-12.293265403039799,-7.970679865517609,-3.284725523032337,0.059689552785509366,0
160,ROI 160,point,400,39999.999755859375,750243.5822262588,2437246.236617958,89.42420155085595,22.02198500298528,power,vegetation,sigma0,39.164859771728516,NISAR_S2_PR_GCOV_028_170_A_013_3700_DHNA_A_20260824T232917_20260824T232954_P00500_M_F_I_001_gcov.tif,Band 2: HVHV,400,0.05014022737810281,0.03071921390505663,0.6126660270885068,2.6641115297422715,-12.998137009156673,2.7210791121668616,-22.303747369456065,-18.77822750751401,-13.570009075329054,-9.808447410684472,-7.127356649969878,0
161,ROI 161,point,400,39999.999755859375,751326.0582441939,2437294.0808593957,89.43468806309622,22.022261420489027,power,vegetation,gamma0,39.10555648803711,NISAR_S2_PR_GCOV_028_170_A_013_3700_DHNA_A_20260824T232917_20260824T232954_P00500_M_F_I_001_gcov.tif,Band 1: HHHH,400,0.21746512358542533,0.15620849031771994,0.7183151382725407,1.9380722432030804,-6.626103839917333,2.9961527830195243,-16.8137198119377,-12.603474628490863,-7.636923665147872,-2.6610669036337207,0.1317274610202668,0
161,ROI 161,point,400,39999.999755859375,751326.0582441939,2437294.0808593957,89.43468806309622,22.022261420489027,power,vegetation,gamma0,39.10555648803711,NISAR_S2_PR_GCOV_028_170_A_013_3700_DHNA_A_20260824T232917_20260824T232954_P00500_M_F_I_001_gcov.tif,Band 2: HVHV,400,0.06660862093558535,0.046572351163409464,0.6991940458945668,2.0455238959996036,-11.764695578799289,2.803517305186891,-20.486926095493672,-17.247573736445695,-12.643074821302516,-7.899756230368543,-5.271093611246523,0
161,ROI 161,point,400,39999.999755859375,751326.0582441939,2437294.0808593957,89.43468806309622,22.022261420489027,power,vegetation,sigma0,39.10555648803711,NISAR_S2_PR_GCOV_028_170_A_013_3700_DHNA_A_20260824T232917_20260824T232954_P00500_M_F_I_001_gcov.tif,Band 1: HHHH,400,0.16768425163377176,0.12188040286191358,0.7268446599750144,1.8928525820347752,-7.755077230212873,3.0114574505819793,-18.191074321659567,-13.973350659065634,-8.758979179337059,-3.5835357489047155,-1.0735639536938872,0
161,ROI 161,point,400,39999.999755859375,751326.0582441939,2437294.0808593957,89.43468806309622,22.022261420489027,power,vegetation,sigma0,39.10555648803711,NISAR_S2_PR_GCOV_028_170_A_013_3700_DHNA_A_20260824T232917_20260824T232954_P00500_M_F_I_001_gcov.tif,Band 2: HVHV,400,0.05133753906044635,0.03617751460617313,0.7046990422267154,2.0136901120363255,-12.895649537028422,2.82220286278175,-21.651213359530903,-18.44597244906053,-13.806993422070878,-8.864512587712312,-6.358209408341848,0
162,ROI 162,point,400,40000.0,752366.6690175781,2437317.998025,89.44476555523802,22.02232724006003,power,vegetation,gamma0,39.0488166809082,NISAR_S2_PR_GCOV_028_170_A_013_3700_DHNA_A_20260824T232917_20260824T232954_P00500_M_F_I_001_gcov.tif,Band 1: HHHH,400,0.20707542682997881,0.15884584205180566,0.7670917041365197,1.6994384030013847,-6.8387143478751575,3.0376231873506696,-15.287594515918808,-12.934830793487981,-7.844054252812538,-2.722286463631444,0.28686059528038077,0
162,ROI 162,point,400,40000.0,752366.6690175781,2437317.998025,89.44476555523802,22.02232724006003,power,vegetation,gamma0,39.0488166809082,NISAR_S2_PR_GCOV_028_170_A_013_3700_DHNA_A_20260824T232917_20260824T232954_P00500_M_F_I_001_gcov.tif,Band 2: HVHV,400,0.060480115965474396,0.04169818895024553,0.6894528604086888,2.1037340898814247,-12.183873847833489,2.990593956846896,-23.894976024240087,-18.229601108211526,-12.982145068885739,-8.921018267477423,-4.84055121530436,0
162,ROI 162,point,400,40000.0,752366.6690175781,2437317.998025,89.44476555523802,22.02232724006003,power,vegetation,sigma0,39.0488166809082,NISAR_S2_PR_GCOV_028_170_A_013_3700_DHNA_A_20260824T232917_20260824T232954_P00500_M_F_I_001_gcov.tif,Band 1: HHHH,400,0.15694164686418305,0.12079499319590367,0.7696809330695974,1.6880237150827555,-8.042617944420014,3.0200638213744404,-16.63046130380547,-13.844894230982801,-9.049669647879947,-4.009962045633492,-0.8903421628350167,0
162,ROI 162,point,400,40000.0,752366.6690175781,2437317.998025,89.44476555523802,22.02232724006003,power,vegetation,sigma0,39.0488166809082,NISAR_S2_PR_GCOV_028_170_A_013_3700_DHNA_A_20260824T232917_20260824T232954_P00500_M_F_I_001_gcov.tif,Band 2: HVHV,400,0.04571032639058521,0.030979678911410242,0.6777391753166526,2.1770821663354396,-13.399856776578574,2.9614344213446153,-24.90898308683954,-19.447269395584467,-14.20992856822765,-10.079609226897382,-6.453280511279397,0
163,ROI 163,point,400,40000.0,752964.722065625,2438526.065180729,89.45074279390234,22.033145011959864,power,vegetation,gamma0,38.99787902832031,NISAR_S2_PR_GCOV_028_170_A_013_3700_DHNA_A_20260824T232917_20260824T232954_P00500_M_F_I_001_gcov.tif,Band 1: HHHH,400,0.20903559437487274,0.13660123032142246,0.653483110041295,2.3417000513925537,-6.797797563559541,2.790993639786735,-16.950086131823884,-12.369710706853212,-7.63076709706662,-3.4950242030619987,-0.15372251056517228,0
163,ROI 163,point,400,40000.0,752964.722065625,2438526.065180729,89.45074279390234,22.033145011959864,power,vegetation,gamma0,38.99787902832031,NISAR_S2_PR_GCOV_028_170_A_013_3700_DHNA_A_20260824T232917_20260824T232954_P00500_M_F_I_001_gcov.tif,Band 2: HVHV,400,0.061870793706038964,0.038558675617734774,0.623212881362652,2.5747031086593966,-12.085143126216353,2.5956276929595212,-21.204533007427557,-16.99010992656333,-12.68416505041088,-8.656276311034944,-5.561409661295108,0
163,ROI 163,point,400,40000.0,752964.722065625,2438526.065180729,89.45074279390234,22.033145011959864,power,vegetation,sigma0,38.99787902832031,NISAR_S2_PR_GCOV_028_170_A_013_3700_DHNA_A_20260824T232917_20260824T232954_P00500_M_F_I_001_gcov.tif,Band 1: HHHH,400,0.15981778524947646,0.10337372921786091,0.6468224362920181,2.3901758185202775,-7.963748920689106,2.7747184184157327,-18.178536738094195,-13.498051297371791,-8.798692843116001,-4.660724970558584,-1.4136025623305248,0
163,ROI 163,point,400,40000.0,752964.722065625,2438526.065180729,89.45074279390234,22.033145011959864,power,vegetation,sigma0,38.99787902832031,NISAR_S2_PR_GCOV_028_170_A_013_3700_DHNA_A_20260824T232917_20260824T232954_P00500_M_F_I_001_gcov.tif,Band 2: HVHV,400,0.047558152647876,0.029943940037399194,0.6296279054215224,2.5225051649613595,-13.22775023490175,2.6185473149992404,-22.39618154159754,-18.174288036210985,-13.83644599251151,-9.888650484451336,-6.619477914838496,0
164,ROI 164,point,400,40000.0,753718.2689053386,2439578.638543229,89.45820224008172,22.042536348834677,power,vegetation,gamma0,38.9411506652832,NISAR_S2_PR_GCOV_028_170_A_013_3700_DHNA_A_20260824T232917_20260824T232954_P00500_M_F_I_001_gcov.tif,Band 1: HHHH,400,0.23803076200187206,0.16963048960609148,0.712641039248353,1.9690572466642113,-6.233669130932752,2.9739969202066825,-13.994300846048846,-12.279505063205086,-7.039737534008417,-2.345511198311741,1.0529117690185614,0
164,ROI 164,point,400,40000.0,753718.2689053386,2439578.638543229,89.45820224008172,22.042536348834677,power,vegetation,gamma0,38.9411506652832,NISAR_S2_PR_GCOV_028_170_A_013_3700_DHNA_A_20260824T232917_20260824T232954_P00500_M_F_I_001_gcov.tif,Band 2: HVHV,400,0.07357690019067377,0.04384727662265651,0.5959380798732584,2.8157735519961187,-11.332585130317117,2.554158664490578,-19.793971192413295,-16.33600373964697,-12.05744436357441,-8.042331591215126,-5.022139775316505,0
164,ROI 164,point,400,40000.0,753718.2689053386,2439578.638543229,89.45820224008172,22.042536348834677,power,vegetation,sigma0,38.9411506652832,NISAR_S2_PR_GCOV_028_170_A_013_3700_DHNA_A_20260824T232917_20260824T232954_P00500_M_F_I_001_gcov.tif,Band 1: HHHH,400,0.18390645874717118,0.13165458677870556,0.7158779940388073,1.9512907015658258,-7.3540301818443226,2.991916871161705,-15.363528001584118,-13.425390738664444,-8.225719161531481,-3.4842197229072553,-0.08724962492675349,0
164,ROI 164,point,400,40000.0,753718.2689053386,2439578.638543229,89.45820224008172,22.042536348834677,power,vegetation,sigma0,38.9411506652832,NISAR_S2_PR_GCOV_028_170_A_013_3700_DHNA_A_20260824T232917_20260824T232954_P00500_M_F_I_001_gcov.tif,Band 2: HVHV,400,0.05691832110167461,0.0344710495280331,0.6056230904361464,2.7264350102666666,-12.447479186199356,2.5830829040615986,-21.124230806059863,-17.395519973984147,-13.111643933282995,-9.038632155715066,-6.388106897086989,0
165,ROI 165,point,400,39999.999755859375,754465.8367492951,2439399.227592557,89.46541202453797,22.04080808914182,power,vegetation,gamma0,38.903053283691406,NISAR_S2_PR_GCOV_028_170_A_013_3700_DHNA_A_20260824T232917_20260824T232954_P00500_M_F_I_001_gcov.tif,Band 1: HHHH,400,0.2100170211493969,0.13650116107602028,0.6499528482451874,2.367207332806361,-6.777455057818191,2.7368797107571172,-15.589597836624344,-12.024029662049063,-7.509302113564721,-3.230092707086812,0.41440886862762805,0
165,ROI 165,point,400,39999.999755859375,754465.8367492951,2439399.227592557,89.46541202453797,22.04080808914182,power,vegetation,gamma0,38.903053283691406,NISAR_S2_PR_GCOV_028_170_A_013_3700_DHNA_A_20260824T232917_20260824T232954_P00500_M_F_I_001_gcov.tif,Band 2: HVHV,400,0.057880047502694654,0.03605476900646129,0.6229222428468589,2.577106241534235,-12.374711211233233,2.6836897053120876,-22.653021638296753,-17.464074751481384,-13.09088265802174,-8.908418759413019,-6.57545141757962,0
165,ROI 165,point,400,39999.999755859375,754465.8367492951,2439399.227592557,89.46541202453797,22.04080808914182,power,vegetation,sigma0,38.903053283691406,NISAR_S2_PR_GCOV_028_170_A_013_3700_DHNA_A_20260824T232917_20260824T232954_P00500_M_F_I_001_gcov.tif,Band 1: HHHH,400,0.16182354156341425,0.10482285482033708,0.6477602319639003,2.3832600683323673,-7.909582983765583,2.7377292241216935,-16.599428642903543,-13.133355443824158,-8.671104369978371,-4.407282935095939,-0.7131748111295898,0
165,ROI 165,point,400,39999.999755859375,754465.8367492951,2439399.227592557,89.46541202453797,22.04080808914182,power,vegetation,sigma0,38.903053283691406,NISAR_S2_PR_GCOV_028_170_A_013_3700_DHNA_A_20260824T232917_20260824T232954_P00500_M_F_I_001_gcov.tif,Band 2: HVHV,400,0.04472858552632017,0.028034821493689206,0.626776392854908,2.5455095965135106,-13.494148355145096,2.7090517047465594,-24.234543760998555,-18.623762735138037,-14.207046909604681,-10.065872528782107,-7.638733494696761,0
166,ROI 166,point,400,40000.0,754878.4918173177,2439662.3659713543,89.46944846419565,22.043122969050426,power,vegetation,gamma0,38.876617431640625,NISAR_S2_PR_GCOV_028_170_A_013_3700_DHNA_A_20260824T232917_20260824T232954_P00500_M_F_I_001_gcov.tif,Band 1: HHHH,400,0.21314312546048314,0.14322758995854645,0.6719784635282592,2.2145693818281913,-6.713286701607589,2.8504283518100166,-16.76455885385581,-12.541959930230881,-7.36946793469468,-3.3623647696775367,0.30835676899902126,0
166,ROI 166,point,400,40000.0,754878.4918173177,2439662.3659713543,89.46944846419565,22.043122969050426,power,vegetation,gamma0,38.876617431640625,NISAR_S2_PR_GCOV_028_170_A_013_3700_DHNA_A_20260824T232917_20260824T232954_P00500_M_F_I_001_gcov.tif,Band 2: HVHV,400,0.06254520889837295,0.04009299147559502,0.6410241836547451,2.43361106561011,-12.038059526163138,2.804517465858125,-23.26630796570236,-17.630860952606596,-12.894833297986892,-8.51691847411017,-6.328623678684845,0
166,ROI 166,point,400,40000.0,754878.4918173177,2439662.3659713543,89.46944846419565,22.043122969050426,power,vegetation,sigma0,38.876617431640625,NISAR_S2_PR_GCOV_028_170_A_013_3700_DHNA_A_20260824T232917_20260824T232954_P00500_M_F_I_001_gcov.tif,Band 1: HHHH,400,0.16317120483632994,0.10997617045113758,0.6739925133325453,2.20135383775631,-7.873564796756963,2.8656554951048854,-18.079185287593557,-13.667628950411252,-8.524268806559677,-4.578526803295637,-0.8081009112198799,0
166,ROI 166,point,400,40000.0,754878.4918173177,2439662.3659713543,89.46944846419565,22.043122969050426,power,vegetation,sigma0,38.876617431640625,NISAR_S2_PR_GCOV_028_170_A_013_3700_DHNA_A_20260824T232917_20260824T232954_P00500_M_F_I_001_gcov.tif,Band 2: HVHV,400,0.04779775369644957,0.03081205337822118,0.6446339209557855,2.406432536360033,-13.205925130146577,2.799623180977397,-24.641980018343034,-18.76186293672893,-14.157350080425271,-9.576675633568463,-7.371086267220446,0
167,ROI 167,point,400,40000.000244140625,755321.0495358497,2441698.731630387,89.47405307151637,22.06143859230818,power,vegetation,gamma0,38.8211784362793,NISAR_S2_PR_GCOV_028_170_A_013_3700_DHNA_A_20260824T232917_20260824T232954_P00500_M_F_I_001_gcov.tif,Band 1: HHHH,400,0.19335654398426413,0.13139021129825407,0.6795229610069311,2.165667244092771,-7.136411250227117,2.85741767104839,-17.331777797192576,-12.620918130041407,-7.8557600331255575,-3.633336677956599,1.1521053552667389,0
167,ROI 167,point,400,40000.000244140625,755321.0495358497,2441698.731630387,89.47405307151637,22.06143859230818,power,vegetation,gamma0,38.8211784362793,NISAR_S2_PR_GCOV_028_170_A_013_3700_DHNA_A_20260824T232917_20260824T232954_P00500_M_F_I_001_gcov.tif,Band 2: HVHV,400,0.06182043851003982,0.04364800061335976,0.7060448237725003,2.0060208985031776,-12.088679186868983,2.903865493080928,-23.859844093051386,-17.57194497754762,-13.073159644851103,-8.503507862797349,-4.9918806998665115,0
167,ROI 167,point,400,40000.000244140625,755321.0495358497,2441698.731630387,89.47405307151637,22.06143859230818,power,vegetation,sigma0,38.8211784362793,NISAR_S2_PR_GCOV_028_170_A_013_3700_DHNA_A_20260824T232917_20260824T232954_P00500_M_F_I_001_gcov.tif,Band 1: HHHH,400,0.14819841019966756,0.10013511886575437,0.675682814214015,2.190353717420507,-8.291564552312861,2.853925942351836,-18.356373541227008,-13.967897223026979,-9.04466171577173,-4.654737048615025,-0.2414641768959489,0
167,ROI 167,point,400,40000.000244140625,755321.0495358497,2441698.731630387,89.47405307151637,22.06143859230818,power,vegetation,sigma0,38.8211784362793,NISAR_S2_PR_GCOV_028_170_A_013_3700_DHNA_A_20260824T232917_20260824T232954_P00500_M_F_I_001_gcov.tif,Band 2: HVHV,400,0.04748824247343423,0.033650881659615675,0.708615015146972,1.9914953601222884,-13.234139032378092,2.9197208301357973,-25.253413625214076,-18.851960496720732,-14.214298897062838,-9.650427452647293,-5.909074372757081,0
168,ROI 168,point,400,40000.000244140625,755769.5893200912,2441761.5272013578,89.47840618949832,22.061939625079766,power,vegetation,gamma0,38.79609680175781,NISAR_S2_PR_GCOV_028_170_A_013_3700_DHNA_A_20260824T232917_20260824T232954_P00500_M_F_I_001_gcov.tif,Band 1: HHHH,400,0.17247554478235544,0.11320888061970241,0.6563764199878839,2.3211011049681534,-7.632724746138818,2.7258704956136914,-19.018495185113345,-13.084449744738578,-8.56517669509562,-4.080510943177696,-1.0960779427037532,0
168,ROI 168,point,400,40000.000244140625,755769.5893200912,2441761.5272013578,89.47840618949832,22.061939625079766,power,vegetation,gamma0,38.79609680175781,NISAR_S2_PR_GCOV_028_170_A_013_3700_DHNA_A_20260824T232917_20260824T232954_P00500_M_F_I_001_gcov.tif,Band 2: HVHV,400,0.05628642701078206,0.03876939617960992,0.6887876569636117,2.1077994557383737,-12.495963189139868,2.7731271111666502,-21.320840004414585,-17.7969359915123,-13.38521783571322,-8.619412373290308,-6.072503978721684,0
168,ROI 168,point,400,40000.000244140625,755769.5893200912,2441761.5272013578,89.47840618949832,22.061939625079766,power,vegetation,sigma0,38.79609680175781,NISAR_S2_PR_GCOV_028_170_A_013_3700_DHNA_A_20260824T232917_20260824T232954_P00500_M_F_I_001_gcov.tif,Band 1: HHHH,400,0.1337087639536962,0.08762038133060089,0.6553076906831935,2.328678161094088,-8.738401259318048,2.7168551931534974,-20.185689682944368,-13.989858294647718,-9.68472510956669,-5.148604659408774,-2.008463296671867,0
168,ROI 168,point,400,40000.000244140625,755769.5893200912,2441761.5272013578,89.47840618949832,22.061939625079766,power,vegetation,sigma0,38.79609680175781,NISAR_S2_PR_GCOV_028_170_A_013_3700_DHNA_A_20260824T232917_20260824T232954_P00500_M_F_I_001_gcov.tif,Band 2: HVHV,400,0.04370510369077312,0.03026658187858703,0.6925182489608602,2.085151215322821,-13.594678450589097,2.7707873351311463,-22.351398734018694,-18.88189755763518,-14.497742526414983,-9.740131404924634,-7.293842344351605,0
169,ROI 169,point,400,39999.999755859375,756973.1741554841,2439328.956358274,89.48967602326005,22.039806354850654,power,vegetation,gamma0,38.767189025878906,NISAR_S2_PR_GCOV_028_170_A_013_3700_DHNA_A_20260824T232917_20260824T232954_P00500_M_F_I_001_gcov.tif,Band 1: HHHH,400,0.15619274819502607,0.10015555164394842,0.6412304847782802,2.4320454010123855,-8.06339133659707,2.7371874572603008,-18.573615576387624,-13.311465284726383,-8.906341692116309,-4.544231736349945,-2.2520118709197754,0
169,ROI 169,point,400,39999.999755859375,756973.1741554841,2439328.956358274,89.48967602326005,22.039806354850654,power,vegetation,gamma0,38.767189025878906,NISAR_S2_PR_GCOV_028_170_A_013_3700_DHNA_A_20260824T232917_20260824T232954_P00500_M_F_I_001_gcov.tif,Band 2: HVHV,400,0.04970217285212129,0.03277797539148053,0.6594877750919407,2.2992516197169315,-13.036246246055248,2.816268929748016,-22.205685712486847,-18.54696911659752,-13.770918932203926,-9.376123212096122,-7.190293200808172,0
169,ROI 169,point,400,39999.999755859375,756973.1741554841,2439328.956358274,89.48967602326005,22.039806354850654,power,vegetation,sigma0,38.767189025878906,NISAR_S2_PR_GCOV_028_170_A_013_3700_DHNA_A_20260824T232917_20260824T232954_P00500_M_F_I_001_gcov.tif,Band 1: HHHH,400,0.11995033188446286,0.07695444672021683,0.6415525952386691,2.4296038534035276,-9.209985460672097,2.733756753391072,-19.816638279720745,-14.346812418517366,-10.047239784580903,-5.762084077677248,-3.349236419626853,0
169,ROI 169,point,400,39999.999755859375,756973.1741554841,2439328.956358274,89.48967602326005,22.039806354850654,power,vegetation,sigma0,38.767189025878906,NISAR_S2_PR_GCOV_028_170_A_013_3700_DHNA_A_20260824T232917_20260824T232954_P00500_M_F_I_001_gcov.tif,Band 2: HVHV,400,0.03812043648309565,0.025123662627923603,0.6590602035489439,2.302235909933317,-14.188421352867378,2.800518903090421,-23.431082846095475,-19.59660588028235,-14.926912420731263,-10.574399111132898,-8.16576311787633,0
170,ROI 170,point,400,40000.0,757826.8933415364,2439004.5076182294,89.49788984146005,22.03675197858975,power,vegetation,gamma0,38.72562789916992,NISAR_S2_PR_GCOV_028_170_A_013_3700_DHNA_A_20260824T232917_20260824T232954_P00500_M_F_I_001_gcov.tif,Band 1: HHHH,400,0.24386863026302308,0.17338640340766673,0.7109828075085419,1.9782528583241423,-6.128440610223265,2.9555038834677694,-15.29113082299099,-12.271444131509462,-6.979857000440769,-2.3739750091559038,1.054630717825452,0
170,ROI 170,point,400,40000.0,757826.8933415364,2439004.5076182294,89.49788984146005,22.03675197858975,power,vegetation,gamma0,38.72562789916992,NISAR_S2_PR_GCOV_028_170_A_013_3700_DHNA_A_20260824T232917_20260824T232954_P00500_M_F_I_001_gcov.tif,Band 2: HVHV,400,0.06721922596916556,0.04864253562325114,0.7236402223013425,1.9096536322857258,-11.725064927480593,2.665673833899476,-19.92093196095328,-16.82788421986507,-12.550399689999505,-8.50314140874177,-3.068178733099294,0
170,ROI 170,point,400,40000.0,757826.8933415364,2439004.5076182294,89.49788984146005,22.03675197858975,power,vegetation,sigma0,38.72562789916992,NISAR_S2_PR_GCOV_028_170_A_013_3700_DHNA_A_20260824T232917_20260824T232954_P00500_M_F_I_001_gcov.tif,Band 1: HHHH,400,0.188783446788469,0.1343512673960163,0.7116686853723795,1.9744415735551497,-7.240360888705441,2.967528626732836,-16.637894795477326,-13.40722880476767,-8.055702134421063,-3.4482292771049172,0.04763864873500553,0
170,ROI 170,point,400,40000.0,757826.8933415364,2439004.5076182294,89.49788984146005,22.03675197858975,power,vegetation,sigma0,38.72562789916992,NISAR_S2_PR_GCOV_028_170_A_013_3700_DHNA_A_20260824T232917_20260824T232954_P00500_M_F_I_001_gcov.tif,Band 2: HVHV,400,0.051994256061341115,0.03723131414512205,0.7160659073801876,1.9502667024063396,-12.840446313392226,2.6721741102886782,-21.17619942070112,-17.943711509771287,-13.708868010823782,-9.479934352337683,-4.45679874239496,0
171,ROI 171,point,400,39999.999755859375,758037.7085825544,2441477.4619364915,89.50032322442819,22.059041391460227,power,vegetation,gamma0,38.676429748535156,NISAR_S2_PR_GCOV_028_170_A_013_3700_DHNA_A_20260824T232917_20260824T232954_P00500_M_F_I_001_gcov.tif,Band 1: HHHH,400,0.20292336903512478,0.12258627416955771,0.6041013154494729,2.740188486171913,-6.926679359208765,2.6245183130528327,-14.677233720857037,-12.188989228714632,-7.555250784573301,-3.664630411032117,-1.551982408794975,0
171,ROI 171,point,400,39999.999755859375,758037.7085825544,2441477.4619364915,89.50032322442819,22.059041391460227,power,vegetation,gamma0,38.676429748535156,NISAR_S2_PR_GCOV_028_170_A_013_3700_DHNA_A_20260824T232917_20260824T232954_P00500_M_F_I_001_gcov.tif,Band 2: HVHV,400,0.06290757453534752,0.0422784322329988,0.6720722034711847,2.2139516531707253,-12.012970591516833,2.8710955483005445,-21.001096678489972,-17.761234144544524,-12.790061814923249,-8.22971229750584,-5.587656002890915,0
171,ROI 171,point,400,39999.999755859375,758037.7085825544,2441477.4619364915,89.50032322442819,22.059041391460227,power,vegetation,sigma0,38.676429748535156,NISAR_S2_PR_GCOV_028_170_A_013_3700_DHNA_A_20260824T232917_20260824T232954_P00500_M_F_I_001_gcov.tif,Band 1: HHHH,400,0.1565905801584898,0.0948315221887838,0.605601704092303,2.726627577446584,-8.052343668517292,2.6164970501544476,-15.517533119260044,-13.33205254917133,-8.651008861626629,-4.734897982389973,-2.4016841390480925,0
171,ROI 171,point,400,39999.999755859375,758037.7085825544,2441477.4619364915,89.50032322442819,22.059041391460227,power,vegetation,sigma0,38.676429748535156,NISAR_S2_PR_GCOV_028_170_A_013_3700_DHNA_A_20260824T232917_20260824T232954_P00500_M_F_I_001_gcov.tif,Band 2: HVHV,400,0.048519649710135664,0.032744872029425345,0.6748785744548564,2.1955772323670057,-13.140823432033272,2.8560914857578292,-22.10234457275284,-18.930337250524538,-14.006845891428386,-9.536525882617376,-6.212777518602941,0
172,ROI 172,point,400,39999.999755859375,758801.7213519311,2440344.151409783,89.50754047410408,22.04869908449551,power,vegetation,gamma0,38.65153503417969,NISAR_S2_PR_GCOV_028_170_A_013_3700_DHNA_A_20260824T232917_20260824T232954_P00500_M_F_I_001_gcov.tif,Band 1: HHHH,400,0.1757764407573268,0.1303328987121503,0.7414696653921052,1.8189184315428415,-7.55039333669141,2.8905697551778102,-19.10273431736814,-13.08814350091408,-8.577615456007043,-3.777748662262902,0.04877638492735498,0
172,ROI 172,point,400,39999.999755859375,758801.7213519311,2440344.151409783,89.50754047410408,22.04869908449551,power,vegetation,gamma0,38.65153503417969,NISAR_S2_PR_GCOV_028_170_A_013_3700_DHNA_A_20260824T232917_20260824T232954_P00500_M_F_I_001_gcov.tif,Band 2: HVHV,400,0.05749317089910619,0.03756607388893215,0.6534006265693055,2.342291308070917,-12.403837382142036,2.7516982314687333,-24.34706305837082,-17.56499354810067,-13.14679283054856,-8.733442232517902,-5.552067437415568,0
172,ROI 172,point,400,39999.999755859375,758801.7213519311,2440344.151409783,89.50754047410408,22.04869908449551,power,vegetation,sigma0,38.65153503417969,NISAR_S2_PR_GCOV_028_170_A_013_3700_DHNA_A_20260824T232917_20260824T232954_P00500_M_F_I_001_gcov.tif,Band 1: HHHH,400,0.1364126597284161,0.1023307832142504,0.750156058960955,1.7770381735553584,-8.651453232641197,2.8917842099708198,-20.187376110973005,-14.080404420650627,-9.660897130153355,-4.803879106605483,-0.704822221536999,0
172,ROI 172,point,400,39999.999755859375,758801.7213519311,2440344.151409783,89.50754047410408,22.04869908449551,power,vegetation,sigma0,38.65153503417969,NISAR_S2_PR_GCOV_028_170_A_013_3700_DHNA_A_20260824T232917_20260824T232954_P00500_M_F_I_001_gcov.tif,Band 2: HVHV,400,0.044549481280850456,0.029100093060617824,0.653208347750762,2.343670467700435,-13.511573483762831,2.745334294787375,-24.998771446221582,-18.663576533743125,-14.192701751181326,-9.909652694039359,-6.610139984491981,0
173,ROI 173,point,400,40000.0,759740.6630933593,2437138.582109375,89.51611957876989,22.01962676306273,power,vegetation,gamma0,38.64909362792969,NISAR_S2_PR_GCOV_028_170_A_013_3700_DHNA_A_20260824T232917_20260824T232954_P00500_M_F_I_001_gcov.tif,Band 1: HHHH,400,0.18999786933418364,0.1331601245659105,0.7008506202335232,2.0358654678291277,-7.212512692660934,2.8771593858952493,-17.444023978824088,-12.906259276992929,-8.129252449365197,-3.3788758305859377,0.026001088191917026,0
173,ROI 173,point,400,40000.0,759740.6630933593,2437138.582109375,89.51611957876989,22.01962676306273,power,vegetation,gamma0,38.64909362792969,NISAR_S2_PR_GCOV_028_170_A_013_3700_DHNA_A_20260824T232917_20260824T232954_P00500_M_F_I_001_gcov.tif,Band 2: HVHV,400,0.06342832135036587,0.04162143235053196,0.6561963404426732,2.322375236379708,-11.977167821847537,2.572916151033951,-20.412639595649633,-17.017645872157686,-12.871826184431628,-8.390548848531683,-5.297243145529639,0
173,ROI 173,point,400,40000.0,759740.6630933593,2437138.582109375,89.51611957876989,22.01962676306273,power,vegetation,sigma0,38.64909362792969,NISAR_S2_PR_GCOV_028_170_A_013_3700_DHNA_A_20260824T232917_20260824T232954_P00500_M_F_I_001_gcov.tif,Band 1: HHHH,400,0.14625833933063007,0.10221404603945615,0.6988596103801791,2.047482113390857,-8.348793620182809,2.866666379422026,-18.842867319188475,-13.79160754078407,-9.264778298576875,-4.244542541490844,-1.2210575103641432,0
173,ROI 173,point,400,40000.0,759740.6630933593,2437138.582109375,89.51611957876989,22.01962676306273,power,vegetation,sigma0,38.64909362792969,NISAR_S2_PR_GCOV_028_170_A_013_3700_DHNA_A_20260824T232917_20260824T232954_P00500_M_F_I_001_gcov.tif,Band 2: HVHV,400,0.04876181542676818,0.03177874719455535,0.6517137829349593,2.3544321975671134,-13.119201337519593,2.5565208119193836,-21.365054272670733,-18.190164242397024,-13.925826748787529,-9.531288303081487,-6.316688952971568,0
175,ROI 175,point,400,40000.0,761362.8819839844,2438481.211203646,89.53203793616069,22.031502917732006,power,vegetation,gamma0,38.53960418701172,NISAR_S2_PR_GCOV_028_170_A_013_3700_DHNA_A_20260824T232917_20260824T232954_P00500_M_F_I_001_gcov.tif,Band 1: HHHH,400,0.159402147710789,0.09896464496746694,0.6208488805748293,2.594347786502569,-7.975058314175683,2.7710183441581973,-18.522141989136948,-13.514253046036998,-8.542037531483057,-4.704287734980146,-2.156670591419393,0
175,ROI 175,point,400,40000.0,761362.8819839844,2438481.211203646,89.53203793616069,22.031502917732006,power,vegetation,gamma0,38.53960418701172,NISAR_S2_PR_GCOV_028_170_A_013_3700_DHNA_A_20260824T232917_20260824T232954_P00500_M_F_I_001_gcov.tif,Band 2: HVHV,400,0.05600376827525906,0.035611359255514514,0.6358743411779783,2.4731895263957173,-12.51782750027874,2.6918203964168956,-21.497425496137,-18.34078082135312,-13.246170605627825,-9.25134129512218,-6.237688243669728,0
175,ROI 175,point,400,40000.0,761362.8819839844,2438481.211203646,89.53203793616069,22.031502917732006,power,vegetation,sigma0,38.53960418701172,NISAR_S2_PR_GCOV_028_170_A_013_3700_DHNA_A_20260824T232917_20260824T232954_P00500_M_F_I_001_gcov.tif,Band 1: HHHH,400,0.12388197351539489,0.07675086604210743,0.619548299596386,2.605251539998685,-9.069918846841647,2.7813974288866032,-19.55326720503119,-14.565209815456882,-9.622962069639717,-5.711407601189052,-3.3238064987727363,0
175,ROI 175,point,400,40000.0,761362.8819839844,2438481.211203646,89.53203793616069,22.031502917732006,power,vegetation,sigma0,38.53960418701172,NISAR_S2_PR_GCOV_028_170_A_013_3700_DHNA_A_20260824T232917_20260824T232954_P00500_M_F_I_001_gcov.tif,Band 2: HVHV,400,0.043485964427189126,0.027502408807714068,0.6324433451111063,2.500096348867311,-13.616508937447346,2.691523458148213,-22.40348127080576,-19.436833226790146,-14.321647643368907,-10.333883510872328,-7.392673055374828,0
176,ROI 176,point,400,40000.0,762204.6416476562,2437282.114842708,89.53999353073989,22.02055410116875,power,vegetation,gamma0,38.51188278198242,NISAR_S2_PR_GCOV_028_170_A_013_3700_DHNA_A_20260824T232917_20260824T232954_P00500_M_F_I_001_gcov.tif,Band 1: HHHH,400,0.15570880470331758,0.09484699258394563,0.609130567565938,2.6951268588533273,-8.07686829140599,2.748862460002213,-17.605824053130476,-13.476525942085274,-8.763339267161422,-4.680684735649737,-2.5131011965684866,0
176,ROI 176,point,400,40000.0,762204.6416476562,2437282.114842708,89.53999353073989,22.02055410116875,power,vegetation,gamma0,38.51188278198242,NISAR_S2_PR_GCOV_028_170_A_013_3700_DHNA_A_20260824T232917_20260824T232954_P00500_M_F_I_001_gcov.tif,Band 2: HVHV,400,0.05685040509328246,0.03444588000979967,0.6059038621321954,2.723908773136436,-12.452664363561862,2.625966485744747,-23.15978556442349,-17.542969521592134,-13.180905354957634,-9.062654949254242,-6.900393810590507,0
176,ROI 176,point,400,40000.0,762204.6416476562,2437282.114842708,89.53999353073989,22.02055410116875,power,vegetation,sigma0,38.51188278198242,NISAR_S2_PR_GCOV_028_170_A_013_3700_DHNA_A_20260824T232917_20260824T232954_P00500_M_F_I_001_gcov.tif,Band 1: HHHH,400,0.12038296711756047,0.07299950428297096,0.6063939611297585,2.719507523900006,-9.194349566840712,2.740417958908631,-18.794565280200576,-14.626001749956725,-9.78874074891637,-5.799840409651976,-3.676743763253568,0
176,ROI 176,point,400,40000.0,762204.6416476562,2437282.114842708,89.53999353073989,22.02055410116875,power,vegetation,sigma0,38.51188278198242,NISAR_S2_PR_GCOV_028_170_A_013_3700_DHNA_A_20260824T232917_20260824T232954_P00500_M_F_I_001_gcov.tif,Band 2: HVHV,400,0.04391164944213781,0.026461001618054834,0.6025963942193149,2.753892242801351,-13.574202492958722,2.610089948032623,-24.21637511347329,-18.51063787004169,-14.27698639854026,-10.17357527209058,-7.896772251418447,0
177,ROI 177,point,400,40000.0,763586.1441877604,2429136.6323375,89.5520505740079,21.946828495436463,power,vegetation,gamma0,38.5609016418457,NISAR_S2_PR_GCOV_028_170_A_013_3700_DHNA_A_20260824T232917_20260824T232954_P00500_M_F_I_001_gcov.tif,Band 1: HHHH,400,0.16013225415023044,0.10189408551733457,0.6363120662857911,2.469788035674811,-7.955211828300461,2.8242314163357456,-18.915063002142038,-13.629022760817032,-8.552632945416283,-4.34092792776312,-2.256644270663248,0
177,ROI 177,point,400,40000.0,763586.1441877604,2429136.6323375,89.5520505740079,21.946828495436463,power,vegetation,gamma0,38.5609016418457,NISAR_S2_PR_GCOV_028_170_A_013_3700_DHNA_A_20260824T232917_20260824T232954_P00500_M_F_I_001_gcov.tif,Band 2: HVHV,400,0.057481530147488226,0.03569183532619841,0.6209270218558723,2.5936948501791357,-12.4047167954676,2.8724716791661686,-25.45863742763118,-18.254537140453976,-13.060106362517708,-8.815433103361707,-5.603094648114797,0
177,ROI 177,point,400,40000.0,763586.1441877604,2429136.6323375,89.5520505740079,21.946828495436463,power,vegetation,sigma0,38.5609016418457,NISAR_S2_PR_GCOV_028_170_A_013_3700_DHNA_A_20260824T232917_20260824T232954_P00500_M_F_I_001_gcov.tif,Band 1: HHHH,400,0.12366054629371863,0.07889261157684738,0.6379772202320826,2.456912308633689,-9.077688392553592,2.8272943527896106,-20.008108113883054,-14.741919843396458,-9.690336511168898,-5.502246720412042,-3.3086305396985156,0
177,ROI 177,point,400,40000.0,763586.1441877604,2429136.6323375,89.5520505740079,21.946828495436463,power,vegetation,sigma0,38.5609016418457,NISAR_S2_PR_GCOV_028_170_A_013_3700_DHNA_A_20260824T232917_20260824T232954_P00500_M_F_I_001_gcov.tif,Band 2: HVHV,400,0.04439994450979848,0.027604391541729487,0.6217213072335611,2.587071889380187,-13.526175726579787,2.878848979685611,-26.629880646427843,-19.31837808433962,-14.124614358153508,-9.928248600250155,-6.795193803509764,0
178,ROI 178,point,400,40000.000244140625,764369.5921239812,2427898.657588574,89.55943013132648,21.93553709416083,power,vegetation,gamma0,38.53705978393555,NISAR_S2_PR_GCOV_028_170_A_013_3700_DHNA_A_20260824T232917_20260824T232954_P00500_M_F_I_001_gcov.tif,Band 1: HHHH,400,0.1498436828283593,0.09697548529255126,0.647177668501603,2.3875526303157573,-8.243615614978829,2.8828020819805116,-19.001669913050705,-13.797455233702767,-8.97898311742628,-4.727959893451192,-1.651646187656446,0
178,ROI 178,point,400,40000.000244140625,764369.5921239812,2427898.657588574,89.55943013132648,21.93553709416083,power,vegetation,gamma0,38.53705978393555,NISAR_S2_PR_GCOV_028_170_A_013_3700_DHNA_A_20260824T232917_20260824T232954_P00500_M_F_I_001_gcov.tif,Band 2: HVHV,400,0.05211674155667424,0.03336140484981621,0.6401283705263388,2.4404271551969314,-12.830227450736748,2.6905429506885383,-21.250250684213853,-18.34408242090243,-13.543481469050425,-9.448332300071073,-5.681534740081316,0
178,ROI 178,point,400,40000.000244140625,764369.5921239812,2427898.657588574,89.55943013132648,21.93553709416083,power,vegetation,sigma0,38.53705978393555,NISAR_S2_PR_GCOV_028_170_A_013_3700_DHNA_A_20260824T232917_20260824T232954_P00500_M_F_I_001_gcov.tif,Band 1: HHHH,400,0.11586605697023854,0.0750557549511083,0.6477803501191656,2.3831120365140515,-9.360437722292048,2.8777172665793995,-20.452131772299722,-14.900639611069515,-10.155234145574655,-5.8612079337554714,-2.778966764479875,0
178,ROI 178,point,400,40000.000244140625,764369.5921239812,2427898.657588574,89.55943013132648,21.93553709416083,power,vegetation,sigma0,38.53705978393555,NISAR_S2_PR_GCOV_028_170_A_013_3700_DHNA_A_20260824T232917_20260824T232954_P00500_M_F_I_001_gcov.tif,Band 2: HVHV,400,0.04030672748740015,0.025698336118759303,0.6375694014551934,2.4600564225922064,-13.946224608858396,2.6886913088451303,-22.125243905787578,-19.536164808538572,-14.653947239381699,-10.571399995460133,-6.799299449656898,0
179,ROI 179,point,400,40000.0,764991.5688485677,2430422.4463880206,89.56585596240137,21.95822176175162,power,vegetation,gamma0,38.46368408203125,NISAR_S2_PR_GCOV_028_170_A_013_3700_DHNA_A_20260824T232917_20260824T232954_P00500_M_F_I_001_gcov.tif,Band 1: HHHH,400,0.1631672224169597,0.10569080310834221,0.6477453102575867,2.3833698729603867,-7.873670793637057,2.737364786507623,-17.568426592707848,-13.344092289204717,-8.607459198760269,-4.606712525450127,-0.3855677300445226,0
179,ROI 179,point,400,40000.0,764991.5688485677,2430422.4463880206,89.56585596240137,21.95822176175162,power,vegetation,gamma0,38.46368408203125,NISAR_S2_PR_GCOV_028_170_A_013_3700_DHNA_A_20260824T232917_20260824T232954_P00500_M_F_I_001_gcov.tif,Band 2: HVHV,400,0.05665912434575148,0.03883078825411616,0.6853404231445352,2.1290570712404104,-12.467301416889814,2.832548961595421,-23.87821538900218,-17.905051706101126,-13.513473904558307,-8.672499284642253,-6.047755143908626,0
179,ROI 179,point,400,40000.0,764991.5688485677,2430422.4463880206,89.56585596240137,21.95822176175162,power,vegetation,sigma0,38.46368408203125,NISAR_S2_PR_GCOV_028_170_A_013_3700_DHNA_A_20260824T232917_20260824T232954_P00500_M_F_I_001_gcov.tif,Band 1: HHHH,400,0.12559673475472555,0.08110325844355988,0.6457433674684635,2.3981706947932304,-9.01021651175559,2.7362731187067513,-18.62361319189482,-14.48448393544444,-9.817438650465117,-5.7212549420115515,-1.590599491267445,0
179,ROI 179,point,400,40000.0,764991.5688485677,2430422.4463880206,89.56585596240137,21.95822176175162,power,vegetation,sigma0,38.46368408203125,NISAR_S2_PR_GCOV_028_170_A_013_3700_DHNA_A_20260824T232917_20260824T232954_P00500_M_F_I_001_gcov.tif,Band 2: HVHV,400,0.043615895306969146,0.029905421617204442,0.6856541957176336,2.1271088971788625,-13.603552082991108,2.8313439631334103,-25.09358274832642,-19.039936983725138,-14.63563307655254,-9.780830711929854,-7.056236224811246,0
180,ROI 180,point,400,40000.0,765912.5705419271,2429226.340291667,89.57457242564688,21.947286827300278,power,vegetation,gamma0,38.43147277832031,NISAR_S2_PR_GCOV_028_170_A_013_3700_DHNA_A_20260824T232917_20260824T232954_P00500_M_F_I_001_gcov.tif,Band 1: HHHH,400,0.16108253078535198,0.10882509942027739,0.6755859799923964,2.1909816653181826,-7.929515557626497,2.80710369903873,-16.6564392015946,-13.189051352952285,-8.679937776205392,-4.363152045258546,-1.6076650548467308,0
180,ROI 180,point,400,40000.0,765912.5705419271,2429226.340291667,89.57457242564688,21.947286827300278,power,vegetation,gamma0,38.43147277832031,NISAR_S2_PR_GCOV_028_170_A_013_3700_DHNA_A_20260824T232917_20260824T232954_P00500_M_F_I_001_gcov.tif,Band 2: HVHV,400,0.059445431631756945,0.036698092438006126,0.6173408356311987,2.6239163703945514,-12.258815151975679,2.793483813733456,-21.522590905839195,-17.749769159002796,-12.960313424567406,-8.863358364387906,-6.7217404767035696,0
180,ROI 180,point,400,40000.0,765912.5705419271,2429226.340291667,89.57457242564688,21.947286827300278,power,vegetation,sigma0,38.43147277832031,NISAR_S2_PR_GCOV_028_170_A_013_3700_DHNA_A_20260824T232917_20260824T232954_P00500_M_F_I_001_gcov.tif,Band 1: HHHH,400,0.12480872057491821,0.08454881313649328,0.6774271280646743,2.179088312668411,-9.037550687781877,2.8105808417449114,-17.488093229331998,-14.332177059471663,-9.78533137710292,-5.521867655002479,-2.6184483998530483,0
180,ROI 180,point,400,40000.0,765912.5705419271,2429226.340291667,89.57457242564688,21.947286827300278,power,vegetation,sigma0,38.43147277832031,NISAR_S2_PR_GCOV_028_170_A_013_3700_DHNA_A_20260824T232917_20260824T232954_P00500_M_F_I_001_gcov.tif,Band 2: HVHV,400,0.04599382137826015,0.028252682861567797,0.6142712654644078,2.6502057962335215,-13.3730050574351,2.7916234160537092,-22.770805623313134,-18.935188807105316,-14.063842066045407,-9.992653430032174,-7.896704080197839,0
181,ROI 181,point,400,40000.000244140625,766414.9335423568,2431223.832525571,89.57975811271162,21.96523875287852,power,vegetation,gamma0,38.37324142456055,NISAR_S2_PR_GCOV_028_170_A_013_3700_DHNA_A_20260824T232917_20260824T232954_P00500_M_F_I_001_gcov.tif,Band 1: HHHH,400,0.15211695299483835,0.10250784313223066,0.6738752066359689,2.202120318020075,-8.178223823847071,2.7992153067199377,-17.156793398449256,-13.883825193347166,-8.98801296371113,-4.688787070095054,-1.712457714153419,0
181,ROI 181,point,400,40000.000244140625,766414.9335423568,2431223.832525571,89.57975811271162,21.96523875287852,power,vegetation,gamma0,38.37324142456055,NISAR_S2_PR_GCOV_028_170_A_013_3700_DHNA_A_20260824T232917_20260824T232954_P00500_M_F_I_001_gcov.tif,Band 2: HVHV,400,0.05559922870132141,0.03704963649822408,0.6663696127378747,2.252006454976733,-12.549312331136877,2.88380061177884,-22.21941682365336,-18.396750017710836,-13.332362754392213,-8.939781182283436,-6.866636401356686,0
181,ROI 181,point,400,40000.000244140625,766414.9335423568,2431223.832525571,89.57975811271162,21.96523875287852,power,vegetation,sigma0,38.37324142456055,NISAR_S2_PR_GCOV_028_170_A_013_3700_DHNA_A_20260824T232917_20260824T232954_P00500_M_F_I_001_gcov.tif,Band 1: HHHH,400,0.11811280971531307,0.0794476972022884,0.6726425134901196,2.2101989806579834,-9.277029991943477,2.8019792342562613,-18.273323718285752,-14.970569154746983,-10.192371723532087,-5.829985166514287,-3.021704486618023,0
181,ROI 181,point,400,40000.000244140625,766414.9335423568,2431223.832525571,89.57975811271162,21.96523875287852,power,vegetation,sigma0,38.37324142456055,NISAR_S2_PR_GCOV_028_170_A_013_3700_DHNA_A_20260824T232917_20260824T232954_P00500_M_F_I_001_gcov.tif,Band 2: HVHV,400,0.04321032660868374,0.028842365957299693,0.6674878025916935,2.244467556102073,-13.644124510270476,2.892375592135838,-23.332986640929015,-19.512519541077676,-14.429877016864534,-9.88617974921513,-7.928137202773993,0
182,ROI 182,point,400,40000.0,767102.6961061198,2432952.210778125,89.58669539555636,21.980733219821428,power,vegetation,gamma0,38.30859375,NISAR_S2_PR_GCOV_028_170_A_013_3700_DHNA_A_20260824T232917_20260824T232954_P00500_M_F_I_001_gcov.tif,Band 1: HHHH,400,0.16370537931099535,0.12262329248575604,0.7490486445946617,1.7822965031154991,-7.859370495636371,2.8745218955645395,-16.44958050302514,-14.020396050586633,-8.754902940991538,-4.1516053479593324,-0.23736805118523957,0
182,ROI 182,point,400,40000.0,767102.6961061198,2432952.210778125,89.58669539555636,21.980733219821428,power,vegetation,gamma0,38.30859375,NISAR_S2_PR_GCOV_028_170_A_013_3700_DHNA_A_20260824T232917_20260824T232954_P00500_M_F_I_001_gcov.tif,Band 2: HVHV,400,0.0552430420438759,0.03439189063653536,0.6225560607111417,2.5801387967122467,-12.577224143350257,2.729580898997748,-23.13844387118529,-17.903268683750234,-13.331877345694485,-9.178907725127884,-6.110512980551829,0
182,ROI 182,point,400,40000.0,767102.6961061198,2432952.210778125,89.58669539555636,21.980733219821428,power,vegetation,sigma0,38.30859375,NISAR_S2_PR_GCOV_028_170_A_013_3700_DHNA_A_20260824T232917_20260824T232954_P00500_M_F_I_001_gcov.tif,Band 1: HHHH,400,0.12655439924371362,0.09522732606703424,0.7524616025686243,1.7661651607119475,-8.977227534368868,2.8696310992098946,-17.549868150514804,-15.02769820600969,-9.86105224590922,-5.270689529552751,-1.39104902187531,0
182,ROI 182,point,400,40000.0,767102.6961061198,2432952.210778125,89.58669539555636,21.980733219821428,power,vegetation,sigma0,38.30859375,NISAR_S2_PR_GCOV_028_170_A_013_3700_DHNA_A_20260824T232917_20260824T232954_P00500_M_F_I_001_gcov.tif,Band 2: HVHV,400,0.0427408188969622,0.026564760963875188,0.6215313990103095,2.588653084749408,-13.691571611840008,2.7361889935942836,-24.110840471078415,-19.098094921648038,-14.470478282876556,-10.334092929378285,-7.2867989116330065,0
183,ROI 183,point,400,39999.999755859375,768167.2320934687,2433568.2103684256,89.59709779700961,21.9861299888704,power,vegetation,gamma0,38.24068832397461,NISAR_S2_PR_GCOV_028_170_A_013_3700_DHNA_A_20260824T232917_20260824T232954_P00500_M_F_I_001_gcov.tif,Band 1: HHHH,400,0.1613425444299355,0.10403453943425968,0.6448053723327615,2.4051529833752516,-7.922510983589209,2.6763143092905217,-15.178728683646693,-13.588267508412226,-8.719417896095592,-4.0712102849171465,-2.176225533336502,0
183,ROI 183,point,400,39999.999755859375,768167.2320934687,2433568.2103684256,89.59709779700961,21.9861299888704,power,vegetation,gamma0,38.24068832397461,NISAR_S2_PR_GCOV_028_170_A_013_3700_DHNA_A_20260824T232917_20260824T232954_P00500_M_F_I_001_gcov.tif,Band 2: HVHV,400,0.056445505975279954,0.03552186541458168,0.6293125520061476,2.5250338923077247,-12.483706296084712,2.6922739932241173,-23.53274852384024,-17.76875436847437,-13.167111026994347,-8.90036097506898,-6.801960816166562,0
183,ROI 183,point,400,39999.999755859375,768167.2320934687,2433568.2103684256,89.59709779700961,21.9861299888704,power,vegetation,sigma0,38.24068832397461,NISAR_S2_PR_GCOV_028_170_A_013_3700_DHNA_A_20260824T232917_20260824T232954_P00500_M_F_I_001_gcov.tif,Band 1: HHHH,400,0.12496114127064357,0.07985416049278203,0.6390319396958143,2.448808755233349,-9.03225017035281,2.667782378526982,-16.297965946367018,-14.774885236659774,-9.775904675323325,-5.329352246508057,-3.1569383479473863,0
183,ROI 183,point,400,39999.999755859375,768167.2320934687,2433568.2103684256,89.59709779700961,21.9861299888704,power,vegetation,sigma0,38.24068832397461,NISAR_S2_PR_GCOV_028_170_A_013_3700_DHNA_A_20260824T232917_20260824T232954_P00500_M_F_I_001_gcov.tif,Band 2: HVHV,400,0.043691680473162714,0.027340324805450785,0.6257558535026908,2.5538192625214973,-13.596012510975688,2.67261299833016,-24.5753802663676,-18.890288990335993,-14.306058018543247,-10.186927724090571,-7.73765346011966,0
184,ROI 184,point,400,40000.0,768765.2835778646,2434782.2531057294,89.60308515400109,21.996995216028136,power,vegetation,gamma0,38.188697814941406,NISAR_S2_PR_GCOV_028_170_A_013_3700_DHNA_A_20260824T232917_20260824T232954_P00500_M_F_I_001_gcov.tif,Band 1: HHHH,400,0.15160060319583862,0.10772045913301327,0.7105542910924919,1.980639641297276,-8.192990707085624,2.814608871681884,-17.278169598690923,-13.532609502871033,-9.317273397715697,-4.367855746119985,-1.0994503148404398,0
184,ROI 184,point,400,40000.0,768765.2835778646,2434782.2531057294,89.60308515400109,21.996995216028136,power,vegetation,gamma0,38.188697814941406,NISAR_S2_PR_GCOV_028_170_A_013_3700_DHNA_A_20260824T232917_20260824T232954_P00500_M_F_I_001_gcov.tif,Band 2: HVHV,400,0.05288498962647282,0.035100556387362127,0.6637149148610539,2.2700574364610047,-12.76667576498674,2.8185641886948662,-22.012915222074966,-18.34223991973813,-13.484787386298043,-9.297902980554781,-6.059598523603792,0
184,ROI 184,point,400,40000.0,768765.2835778646,2434782.2531057294,89.60308515400109,21.996995216028136,power,vegetation,sigma0,38.188697814941406,NISAR_S2_PR_GCOV_028_170_A_013_3700_DHNA_A_20260824T232917_20260824T232954_P00500_M_F_I_001_gcov.tif,Band 1: HHHH,400,0.1173571689416149,0.08335406882289036,0.7102597103749064,1.9822829253894114,-9.304903757144032,2.814672498436405,-18.44170895500223,-14.641491778279335,-10.442430287003518,-5.508820954162373,-2.071899373939539,0
184,ROI 184,point,400,40000.0,768765.2835778646,2434782.2531057294,89.60308515400109,21.996995216028136,power,vegetation,sigma0,38.188697814941406,NISAR_S2_PR_GCOV_028_170_A_013_3700_DHNA_A_20260824T232917_20260824T232954_P00500_M_F_I_001_gcov.tif,Band 2: HVHV,400,0.04091492899169463,0.027009249210487647,0.660131885258075,2.294766913366307,-13.881181982100388,2.818575219604622,-23.308033133263738,-19.413015459471936,-14.610613906339967,-10.37431092025075,-7.2661928815899035,0
185,ROI 185,point,400,40000.0,769916.5356946614,2431705.270175,89.61371773654433,21.96904770375534,power,vegetation,gamma0,38.172607421875,NISAR_S2_PR_GCOV_028_170_A_013_3700_DHNA_A_20260824T232917_20260824T232954_P00500_M_F_I_001_gcov.tif,Band 1: HHHH,400,0.16710286295274274,0.10840730589499863,0.6487459519209828,2.3760232069084024,-7.7701610932906915,2.849016911772156,-19.367644621954188,-13.385125698561618,-8.578547672392528,-4.349171510820559,-1.416048382275996,0
185,ROI 185,point,400,40000.0,769916.5356946614,2431705.270175,89.61371773654433,21.96904770375534,power,vegetation,gamma0,38.172607421875,NISAR_S2_PR_GCOV_028_170_A_013_3700_DHNA_A_20260824T232917_20260824T232954_P00500_M_F_I_001_gcov.tif,Band 2: HVHV,400,0.0549580337270163,0.03462327530052444,0.6299947969846001,2.5195679458650266,-12.599688137356711,2.575301326779473,-21.416064050769073,-17.72364021405664,-13.211187263629915,-9.163290667903176,-5.958037969986597,0
185,ROI 185,point,400,40000.0,769916.5356946614,2431705.270175,89.61371773654433,21.96904770375534,power,vegetation,sigma0,38.172607421875,NISAR_S2_PR_GCOV_028_170_A_013_3700_DHNA_A_20260824T232917_20260824T232954_P00500_M_F_I_001_gcov.tif,Band 1: HHHH,400,0.1296059420460783,0.08431198571974607,0.6505256193405928,2.3630406374654633,-8.873750869016465,2.838075757049829,-20.45801070789698,-14.602748794085361,-9.652809569786704,-5.453570984500107,-2.5917550213122054,0
185,ROI 185,point,400,40000.0,769916.5356946614,2431705.270175,89.61371773654433,21.96904770375534,power,vegetation,sigma0,38.172607421875,NISAR_S2_PR_GCOV_028_170_A_013_3700_DHNA_A_20260824T232917_20260824T232954_P00500_M_F_I_001_gcov.tif,Band 2: HVHV,400,0.04268591193461372,0.02689482091667638,0.6300631683323029,2.519021153359123,-13.697154359492306,2.5826330109501927,-22.470240146657506,-18.887325772552597,-14.330662860194142,-10.151926737334872,-7.430628331395807,0
186,ROI 186,point,400,40000.0,770813.6152653645,2430706.521584896,89.62223207055196,21.959895401758384,power,vegetation,gamma0,38.13821792602539,NISAR_S2_PR_GCOV_028_170_A_013_3700_DHNA_A_20260824T232917_20260824T232954_P00500_M_F_I_001_gcov.tif,Band 1: HHHH,400,0.16583624063059688,0.11677057252496108,0.7041318114842555,2.016935774263863,-7.803205558966651,2.6880403480129984,-17.475176709391715,-13.266471565592092,-8.481321728887691,-4.415273448795373,-0.7323099114967477,0
186,ROI 186,point,400,40000.0,770813.6152653645,2430706.521584896,89.62223207055196,21.959895401758384,power,vegetation,gamma0,38.13821792602539,NISAR_S2_PR_GCOV_028_170_A_013_3700_DHNA_A_20260824T232917_20260824T232954_P00500_M_F_I_001_gcov.tif,Band 2: HVHV,400,0.056151816885685546,0.04031252659203864,0.7179202531256879,1.9402048656395725,-12.506361868528955,3.000353747701905,-23.324967725805944,-18.61816031112322,-13.286163635949217,-8.50078244629567,-5.587680838632442,0
186,ROI 186,point,400,40000.0,770813.6152653645,2430706.521584896,89.62223207055196,21.959895401758384,power,vegetation,sigma0,38.13821792602539,NISAR_S2_PR_GCOV_028_170_A_013_3700_DHNA_A_20260824T232917_20260824T232954_P00500_M_F_I_001_gcov.tif,Band 1: HHHH,400,0.1286826356203144,0.09149556953287045,0.7110172176052832,1.9780613855345697,-8.904800526532128,2.710108049604647,-18.573351161022792,-14.386335088561964,-9.624495576113862,-5.539237932373531,-1.746975149736909,0
186,ROI 186,point,400,40000.0,770813.6152653645,2430706.521584896,89.62223207055196,21.959895401758384,power,vegetation,sigma0,38.13821792602539,NISAR_S2_PR_GCOV_028_170_A_013_3700_DHNA_A_20260824T232917_20260824T232954_P00500_M_F_I_001_gcov.tif,Band 2: HVHV,400,0.04345298944048989,0.03132562997359162,0.7209085123244043,1.924153401273501,-13.619803399783033,3.0038726498165,-24.22823296603291,-19.71253914919505,-14.452207241879334,-9.515489124694632,-6.6278887795825,0
187,ROI 187,point,400,40000.000244140625,771961.8755456103,2431089.2705904543,89.63340518994207,21.963171855949398,power,vegetation,gamma0,38.06861877441406,NISAR_S2_PR_GCOV_028_170_A_013_3700_DHNA_A_20260824T232917_20260824T232954_P00500_M_F_I_001_gcov.tif,Band 1: HHHH,400,0.14724985864013435,0.09963402802104075,0.6766324188095658,2.1842100259432224,-8.319451134633674,2.7531929372451094,-16.65214325980546,-13.850759382044052,-9.164969031804478,-4.5257496176352765,-0.8938802386073424,0
187,ROI 187,point,400,40000.000244140625,771961.8755456103,2431089.2705904543,89.63340518994207,21.963171855949398,power,vegetation,gamma0,38.06861877441406,NISAR_S2_PR_GCOV_028_170_A_013_3700_DHNA_A_20260824T232917_20260824T232954_P00500_M_F_I_001_gcov.tif,Band 2: HVHV,400,0.04755991641664878,0.03231323748839506,0.6794216626731396,2.166313072300901,-13.227589172959892,2.7074030132508575,-21.52223800899536,-18.531329607061807,-14.087455535921578,-9.727612536752254,-6.748044699552538,0
187,ROI 187,point,400,40000.000244140625,771961.8755456103,2431089.2705904543,89.63340518994207,21.963171855949398,power,vegetation,sigma0,38.06861877441406,NISAR_S2_PR_GCOV_028_170_A_013_3700_DHNA_A_20260824T232917_20260824T232954_P00500_M_F_I_001_gcov.tif,Band 1: HHHH,400,0.11426050767725489,0.07686421729548543,0.6727102728494728,2.209753754442253,-9.421038506330703,2.76168852665938,-17.859784903013537,-14.93059617701656,-10.246227023172331,-5.56837428984279,-2.104485316964541,0
187,ROI 187,point,400,40000.000244140625,771961.8755456103,2431089.2705904543,89.63340518994207,21.963171855949398,power,vegetation,sigma0,38.06861877441406,NISAR_S2_PR_GCOV_028_170_A_013_3700_DHNA_A_20260824T232917_20260824T232954_P00500_M_F_I_001_gcov.tif,Band 2: HVHV,400,0.03680650648045117,0.024806106499883844,0.6739598204751915,2.2015674121871993,-14.340754020117444,2.6906425023817353,-22.606276390148334,-19.579071659847568,-15.194094985158328,-10.786918192450052,-7.805904253828826,0
188,ROI 188,point,400,40000.0,772703.4628947916,2431681.348053646,89.64067898917651,21.9684000444299,power,vegetation,gamma0,38.01829147338867,NISAR_S2_PR_GCOV_028_170_A_013_3700_DHNA_A_20260824T232917_20260824T232954_P00500_M_F_I_001_gcov.tif,Band 1: HHHH,400,0.14237625659443437,0.09500631828875042,0.6672904637420023,2.2457952721794547,-8.465624298689763,2.690110770640322,-18.15925911907113,-13.683743364952303,-9.309536516109446,-4.698898160711677,-0.7098287632908853,0
188,ROI 188,point,400,40000.0,772703.4628947916,2431681.348053646,89.64067898917651,21.9684000444299,power,vegetation,gamma0,38.01829147338867,NISAR_S2_PR_GCOV_028_170_A_013_3700_DHNA_A_20260824T232917_20260824T232954_P00500_M_F_I_001_gcov.tif,Band 2: HVHV,400,0.04966728079249151,0.03227953075616219,0.6499154018724148,2.3674801248702315,-13.039296163112542,2.736409062265036,-23.550844223906374,-18.32203272210595,-13.908219079570491,-9.449713069531674,-6.7194391030765654,0
188,ROI 188,point,400,40000.0,772703.4628947916,2431681.348053646,89.64067898917651,21.9684000444299,power,vegetation,sigma0,38.01829147338867,NISAR_S2_PR_GCOV_028_170_A_013_3700_DHNA_A_20260824T232917_20260824T232954_P00500_M_F_I_001_gcov.tif,Band 1: HHHH,400,0.11157405930144186,0.07444165040621849,0.6671949633480485,2.2464382317179385,-9.524367660775308,2.6922401519208408,-19.283119899045687,-14.71015275430383,-10.39278258237779,-5.889365496322782,-1.9335363531412517,0
188,ROI 188,point,400,40000.0,772703.4628947916,2431681.348053646,89.64067898917651,21.9684000444299,power,vegetation,sigma0,38.01829147338867,NISAR_S2_PR_GCOV_028_170_A_013_3700_DHNA_A_20260824T232917_20260824T232954_P00500_M_F_I_001_gcov.tif,Band 2: HVHV,400,0.03895905240549477,0.025430603097651033,0.6527520955325985,2.3469479096612993,-14.093916149368901,2.7459162990662516,-24.45371549952729,-19.418059007005176,-14.934901247952709,-10.397459836560554,-7.762030695616573,0
189,ROI 189,point,400,40000.0,773349.3601863282,2430377.592409375,89.6467102516253,21.956533055424046,power,vegetation,gamma0,38.003021240234375,NISAR_S2_PR_GCOV_028_170_A_013_3700_DHNA_A_20260824T232917_20260824T232954_P00500_M_F_I_001_gcov.tif,Band 1: HHHH,400,0.1358887177798897,0.0925489963583497,0.6810646083824196,2.15587399842296,-8.668165992596776,2.9208928642560945,-17.471154860269177,-14.516200177894865,-9.541174318925389,-5.003056252180894,-2.6252781889417935,0
189,ROI 189,point,400,40000.0,773349.3601863282,2430377.592409375,89.6467102516253,21.956533055424046,power,vegetation,gamma0,38.003021240234375,NISAR_S2_PR_GCOV_028_170_A_013_3700_DHNA_A_20260824T232917_20260824T232954_P00500_M_F_I_001_gcov.tif,Band 2: HVHV,400,0.049610231162514534,0.0342018080382558,0.6894103743684764,2.1039933899689647,-13.04428749332075,2.8978102605654,-21.502519697293017,-18.698224494786423,-13.868675998177073,-9.274314032059834,-7.1134885449763186,0
189,ROI 189,point,400,40000.0,773349.3601863282,2430377.592409375,89.6467102516253,21.956533055424046,power,vegetation,sigma0,38.003021240234375,NISAR_S2_PR_GCOV_028_170_A_013_3700_DHNA_A_20260824T232917_20260824T232954_P00500_M_F_I_001_gcov.tif,Band 1: HHHH,400,0.10601794793905711,0.07345665759785383,0.6928700189526337,2.0830344909488208,-9.746206061402365,2.9371062172959013,-18.660929870395428,-15.696314868560446,-10.622261316194553,-6.15968680574169,-3.390633623816985,0
189,ROI 189,point,400,40000.0,773349.3601863282,2430377.592409375,89.6467102516253,21.956533055424046,power,vegetation,sigma0,38.003021240234375,NISAR_S2_PR_GCOV_028_170_A_013_3700_DHNA_A_20260824T232917_20260824T232954_P00500_M_F_I_001_gcov.tif,Band 2: HVHV,400,0.038555093447559446,0.02669085262057243,0.6922782500028404,2.086597225981731,-14.139182399204946,2.8911196918808213,-22.538975996847146,-19.731321259357152,-14.907324055090687,-10.300185485294444,-7.838774603017708,0
190,ROI 190,point,400,40000.000244140625,774240.4576518852,2432500.6757802772,89.65568763207004,21.975554345905877,power,vegetation,gamma0,37.92000198364258,NISAR_S2_PR_GCOV_028_170_A_013_3700_DHNA_A_20260824T232917_20260824T232954_P00500_M_F_I_001_gcov.tif,Band 1: HHHH,400,0.1423027410521172,0.08050335306347146,0.5657189205792443,3.124629954943534,-8.467867344038112,2.5205475214864324,-20.53573116759499,-13.615321733622318,-9.014746558140146,-5.27441032911069,-3.1412288874301697,0
190,ROI 190,point,400,40000.000244140625,774240.4576518852,2432500.6757802772,89.65568763207004,21.975554345905877,power,vegetation,gamma0,37.92000198364258,NISAR_S2_PR_GCOV_028_170_A_013_3700_DHNA_A_20260824T232917_20260824T232954_P00500_M_F_I_001_gcov.tif,Band 2: HVHV,400,0.05614970160764642,0.03759885613491126,0.6696180933896732,2.2302093900810873,-12.50652547336574,2.855501931201883,-22.214833277290047,-18.03150591139239,-13.357239182423793,-8.910974955101223,-6.275245184092607,0
190,ROI 190,point,400,40000.000244140625,774240.4576518852,2432500.6757802772,89.65568763207004,21.975554345905877,power,vegetation,sigma0,37.92000198364258,NISAR_S2_PR_GCOV_028_170_A_013_3700_DHNA_A_20260824T232917_20260824T232954_P00500_M_F_I_001_gcov.tif,Band 1: HHHH,400,0.11041689711958196,0.06264165685435702,0.5673194817865227,3.1070239786255196,-9.569644613507226,2.5252934580903337,-21.615717626820647,-14.799028465111444,-10.131052666306765,-6.486748522495275,-4.201141438909462,0
190,ROI 190,point,400,40000.000244140625,774240.4576518852,2432500.6757802772,89.65568763207004,21.975554345905877,power,vegetation,sigma0,37.92000198364258,NISAR_S2_PR_GCOV_028_170_A_013_3700_DHNA_A_20260824T232917_20260824T232954_P00500_M_F_I_001_gcov.tif,Band 2: HVHV,400,0.04352331403440835,0.029029813972280813,0.6669945663910296,2.247788308723438,-13.612780431798372,2.857934090449214,-23.236441098172893,-19.281201009993442,-14.491775090181243,-10.049352587727247,-7.559916211165685,0
191,ROI 191,point,400,40000.0,774665.076890625,2433481.4877244793,89.65996119870611,21.98433941775879,power,vegetation,gamma0,37.88140869140625,NISAR_S2_PR_GCOV_028_170_A_013_3700_DHNA_A_20260824T232917_20260824T232954_P00500_M_F_I_001_gcov.tif,Band 1: HHHH,400,0.14930497862165792,0.09039332788109786,0.6054274192031903,2.7281976364477334,-8.259257103468855,2.7853323962208547,-19.190736436525224,-14.447118631307776,-8.79144260481022,-4.749006299286908,-2.628817472330176,0
191,ROI 191,point,400,40000.0,774665.076890625,2433481.4877244793,89.65996119870611,21.98433941775879,power,vegetation,gamma0,37.88140869140625,NISAR_S2_PR_GCOV_028_170_A_013_3700_DHNA_A_20260824T232917_20260824T232954_P00500_M_F_I_001_gcov.tif,Band 2: HVHV,400,0.05090755105833523,0.03363330468024742,0.6606741825334878,2.2910012596078975,-12.932177944855997,2.7865494985122523,-21.106006430115546,-18.525988985836296,-13.75414695258109,-9.37728024967596,-6.541427508729511,0
191,ROI 191,point,400,40000.0,774665.076890625,2433481.4877244793,89.65996119870611,21.98433941775879,power,vegetation,sigma0,37.88140869140625,NISAR_S2_PR_GCOV_028_170_A_013_3700_DHNA_A_20260824T232917_20260824T232954_P00500_M_F_I_001_gcov.tif,Band 1: HHHH,400,0.11670751056334851,0.0703033816934556,0.6023895236399128,2.7557840323615017,-9.329011945864925,2.7689087975625344,-20.240822759395254,-15.507514660453579,-9.83269536317828,-5.841463037320267,-3.933798774243993,0
191,ROI 191,point,400,40000.0,774665.076890625,2433481.4877244793,89.65996119870611,21.98433941775879,power,vegetation,sigma0,37.88140869140625,NISAR_S2_PR_GCOV_028_170_A_013_3700_DHNA_A_20260824T232917_20260824T232954_P00500_M_F_I_001_gcov.tif,Band 2: HVHV,400,0.039900248534461606,0.026553637188538076,0.6655005460831618,2.2578920147385766,-13.99024399130067,2.788783273705399,-22.245848763636133,-19.65422729677799,-14.808563802323443,-10.40914139496213,-7.545694581945918,0
192,ROI 192,point,400,39999.999755859375,775598.0412222862,2433861.2563608396,89.66905304417196,21.98762004274011,power,vegetation,gamma0,37.823707580566406,NISAR_S2_PR_GCOV_028_170_A_013_3700_DHNA_A_20260824T232917_20260824T232954_P00500_M_F_I_001_gcov.tif,Band 1: HHHH,400,0.143199758278206,0.10002463914646054,0.6984972624893291,2.0496069413522893,-8.44057715118456,2.9060743267698,-19.097949436422034,-14.365750990836752,-9.220258494071027,-4.987886861355101,-0.7952911672261662,0
192,ROI 192,point,400,39999.999755859375,775598.0412222862,2433861.2563608396,89.66905304417196,21.98762004274011,power,vegetation,gamma0,37.823707580566406,NISAR_S2_PR_GCOV_028_170_A_013_3700_DHNA_A_20260824T232917_20260824T232954_P00500_M_F_I_001_gcov.tif,Band 2: HVHV,400,0.05441572174895555,0.03271995895505091,0.6012960575254876,2.7658160168982704,-12.642756061405898,2.61042219715378,-22.651588022301567,-17.22931905577199,-13.367484342255747,-9.250037140778215,-6.857477390111725,0
192,ROI 192,point,400,39999.999755859375,775598.0412222862,2433861.2563608396,89.66905304417196,21.98762004274011,power,vegetation,sigma0,37.823707580566406,NISAR_S2_PR_GCOV_028_170_A_013_3700_DHNA_A_20260824T232917_20260824T232954_P00500_M_F_I_001_gcov.tif,Band 1: HHHH,400,0.11222228489527267,0.08023798715969518,0.7149915654860739,1.9561320230102746,-9.499208931151266,2.9685655780003932,-20.519659190263884,-15.762746184455771,-10.271349669631089,-5.9285148961321035,-1.7286006551365716,0
192,ROI 192,point,400,39999.999755859375,775598.0412222862,2433861.2563608396,89.66905304417196,21.98762004274011,power,vegetation,sigma0,37.823707580566406,NISAR_S2_PR_GCOV_028_170_A_013_3700_DHNA_A_20260824T232917_20260824T232954_P00500_M_F_I_001_gcov.tif,Band 2: HVHV,400,0.04234129495750004,0.025914480549541975,0.6120379779492707,2.6695819465973565,-13.732358637399319,2.6112815947021457,-23.559761565769534,-18.401427160597517,-14.467775415599402,-10.62829472440636,-7.535516688169896,0
193,ROI 193,point,400,39999.999755859375,776160.2110874362,2432799.7121996726,89.67431329795023,21.977951285798675,power,vegetation,gamma0,37.80855178833008,NISAR_S2_PR_GCOV_028_170_A_013_3700_DHNA_A_20260824T232917_20260824T232954_P00500_M_F_I_001_gcov.tif,Band 1: HHHH,400,0.13872310941340402,0.09184273954886003,0.6620579652317525,2.281434318443383,-8.578511852517396,2.9303480033061904,-18.156014423165086,-14.544222555678484,-9.41094763649591,-4.604329242108305,-2.49261984584742,0
193,ROI 193,point,400,39999.999755859375,776160.2110874362,2432799.7121996726,89.67431329795023,21.977951285798675,power,vegetation,gamma0,37.80855178833008,NISAR_S2_PR_GCOV_028_170_A_013_3700_DHNA_A_20260824T232917_20260824T232954_P00500_M_F_I_001_gcov.tif,Band 2: HVHV,400,0.04920158739201724,0.030867764565319394,0.6273733471113081,2.540667727289113,-13.080208853531154,2.6931676998505707,-22.39263318136873,-18.540224608481893,-13.741031787730105,-9.630762078346057,-6.873184593308427,0
193,ROI 193,point,400,39999.999755859375,776160.2110874362,2432799.7121996726,89.67431329795023,21.977951285798675,power,vegetation,sigma0,37.80855178833008,NISAR_S2_PR_GCOV_028_170_A_013_3700_DHNA_A_20260824T232917_20260824T232954_P00500_M_F_I_001_gcov.tif,Band 1: HHHH,400,0.10756661460670226,0.07139604122885232,0.6637379217510837,2.269900066948344,-9.683224995050423,2.9180039875653616,-19.014101637887503,-15.73297376775961,-10.491079343437095,-5.79800447207735,-3.721275174804148,0
193,ROI 193,point,400,39999.999755859375,776160.2110874362,2432799.7121996726,89.67431329795023,21.977951285798675,power,vegetation,sigma0,37.80855178833008,NISAR_S2_PR_GCOV_028_170_A_013_3700_DHNA_A_20260824T232917_20260824T232954_P00500_M_F_I_001_gcov.tif,Band 2: HVHV,400,0.038160857531315574,0.02396211508995026,0.6279239157633306,2.5362143254484146,-14.183818746143274,2.688834409055326,-23.669721438111026,-19.6159307608651,-14.844023989393376,-10.750712966351523,-7.662739762810719,0
194,ROI 194,point,400,40000.000244140625,776435.3123309368,2434958.67379965,89.67734088339037,21.99739178317727,power,vegetation,gamma0,37.759883880615234,NISAR_S2_PR_GCOV_028_170_A_013_3700_DHNA_A_20260824T232917_20260824T232954_P00500_M_F_I_001_gcov.tif,Band 1: HHHH,400,0.13868433949304745,0.09369508771893852,0.6755996247408718,2.1908931658852313,-8.579725775405961,2.7583468890383203,-18.53091739548458,-13.880171464500656,-9.44002416558488,-5.1806918485235744,-1.5144478872144542,0
194,ROI 194,point,400,40000.000244140625,776435.3123309368,2434958.67379965,89.67734088339037,21.99739178317727,power,vegetation,gamma0,37.759883880615234,NISAR_S2_PR_GCOV_028_170_A_013_3700_DHNA_A_20260824T232917_20260824T232954_P00500_M_F_I_001_gcov.tif,Band 2: HVHV,400,0.04953301801229827,0.031740301470722605,0.6407907844993815,2.4353842066243203,-13.051052099509894,2.8639094342722107,-23.115487334793233,-18.87196905357814,-13.787896033758923,-9.64308145238386,-7.773752356243895,0
194,ROI 194,point,400,40000.000244140625,776435.3123309368,2434958.67379965,89.67734088339037,21.99739178317727,power,vegetation,sigma0,37.759883880615234,NISAR_S2_PR_GCOV_028_170_A_013_3700_DHNA_A_20260824T232917_20260824T232954_P00500_M_F_I_001_gcov.tif,Band 1: HHHH,400,0.10742531833999605,0.07221926050547336,0.6722741121129641,2.2126219906549887,-9.68893350670833,2.742568403520765,-19.485696712416015,-14.85963687333096,-10.501115246139959,-6.3121870764745,-2.58462954641645,0
194,ROI 194,point,400,40000.000244140625,776435.3123309368,2434958.67379965,89.67734088339037,21.99739178317727,power,vegetation,sigma0,37.759883880615234,NISAR_S2_PR_GCOV_028_170_A_013_3700_DHNA_A_20260824T232917_20260824T232954_P00500_M_F_I_001_gcov.tif,Band 2: HVHV,400,0.038449828262704266,0.024644933228995226,0.640963414988785,2.4340725406488977,-14.15105595647373,2.86174005642652,-24.058231168503102,-19.917665315110217,-14.946221919325687,-10.613584338818331,-8.722054566168705,0
195,ROI 195,point,400,40000.000244140625,777111.1122732965,2436059.0914033502,89.68406771929288,22.00721566128434,power,vegetation,gamma0,37.70478439331055,NISAR_S2_PR_GCOV_028_170_A_013_3700_DHNA_A_20260824T232917_20260824T232954_P00500_M_F_I_001_gcov.tif,Band 1: HHHH,400,0.15076244844822212,0.09265823502379066,0.6145975737161977,2.6473923960921524,-8.21706818032479,2.671118849998857,-18.125067809760754,-13.386649528515722,-8.86490146297901,-4.551998817719068,-2.864701877148266,0
195,ROI 195,point,400,40000.000244140625,777111.1122732965,2436059.0914033502,89.68406771929288,22.00721566128434,power,vegetation,gamma0,37.70478439331055,NISAR_S2_PR_GCOV_028_170_A_013_3700_DHNA_A_20260824T232917_20260824T232954_P00500_M_F_I_001_gcov.tif,Band 2: HVHV,400,0.04836997268546838,0.03133589428318901,0.6478377502289379,2.382689755372106,-13.154241578576418,2.720514271183016,-25.56257208347127,-18.27584305946274,-13.908632112184254,-9.19358789909283,-7.488602516283906,0
195,ROI 195,point,400,40000.000244140625,777111.1122732965,2436059.0914033502,89.68406771929288,22.00721566128434,power,vegetation,sigma0,37.70478439331055,NISAR_S2_PR_GCOV_028_170_A_013_3700_DHNA_A_20260824T232917_20260824T232954_P00500_M_F_I_001_gcov.tif,Band 1: HHHH,400,0.11835237016370355,0.07308363342345449,0.6175088282758182,2.6224888970671083,-9.268230403228955,2.6750454054052715,-19.288633560622745,-14.316092632603606,-9.948249836990747,-5.610258824643207,-3.904564469863132,0
195,ROI 195,point,400,40000.000244140625,777111.1122732965,2436059.0914033502,89.68406771929288,22.00721566128434,power,vegetation,sigma0,37.70478439331055,NISAR_S2_PR_GCOV_028_170_A_013_3700_DHNA_A_20260824T232917_20260824T232954_P00500_M_F_I_001_gcov.tif,Band 2: HVHV,400,0.03791556967034292,0.02442543514276717,0.6442059384873869,2.409631057172897,-14.211824144808517,2.7223038848715606,-26.713215925035904,-19.39538682732054,-14.993984720833387,-10.347928578915791,-8.488803060418123,0
196,ROI 196,point,400,40000.000244140625,777798.8732763904,2434462.289770388,89.69045165954616,21.992696060607333,power,vegetation,gamma0,37.69155502319336,NISAR_S2_PR_GCOV_028_170_A_013_3700_DHNA_A_20260824T232917_20260824T232954_P00500_M_F_I_001_gcov.tif,Band 1: HHHH,400,0.15598245802801103,0.10058139964836874,0.6448250714853239,2.4050060326627616,-8.069242401712216,2.6775663601632624,-16.582347488704443,-13.433915377367372,-8.688532215337345,-4.747645873441256,-1.6837785857459804,0
196,ROI 196,point,400,40000.000244140625,777798.8732763904,2434462.289770388,89.69045165954616,21.992696060607333,power,vegetation,gamma0,37.69155502319336,NISAR_S2_PR_GCOV_028_170_A_013_3700_DHNA_A_20260824T232917_20260824T232954_P00500_M_F_I_001_gcov.tif,Band 2: HVHV,400,0.05550820507574827,0.0352082151282848,0.6342884818602682,2.48557201120361,-12.556428158729902,2.643057387091413,-23.008468198868627,-17.63877047884709,-13.29791011824021,-8.67851855823343,-6.595476471172472,0
196,ROI 196,point,400,40000.000244140625,777798.8732763904,2434462.289770388,89.69045165954616,21.992696060607333,power,vegetation,sigma0,37.69155502319336,NISAR_S2_PR_GCOV_028_170_A_013_3700_DHNA_A_20260824T232917_20260824T232954_P00500_M_F_I_001_gcov.tif,Band 1: HHHH,400,0.12123931774983433,0.07851660292862744,0.6476166674794303,2.3843168336830485,-9.163565162034248,2.676027208061303,-17.794989433935186,-14.381646006966353,-9.801594772743982,-5.7923336848986775,-2.7146602625579113,0
196,ROI 196,point,400,40000.000244140625,777798.8732763904,2434462.289770388,89.69045165954616,21.992696060607333,power,vegetation,sigma0,37.69155502319336,NISAR_S2_PR_GCOV_028_170_A_013_3700_DHNA_A_20260824T232917_20260824T232954_P00500_M_F_I_001_gcov.tif,Band 2: HVHV,400,0.04310145462435446,0.027279873950798207,0.6329223500355768,2.496313561617723,-13.655080726543474,2.6418166897426443,-24.360639191138546,-18.785397815188098,-14.40654011573856,-9.92609378674538,-7.608181535743759,0
197,ROI 197,point,400,39999.999755859375,778426.8321425465,2435173.982804789,89.69664972650412,21.999018905880586,power,vegetation,gamma0,37.6452522277832,NISAR_S2_PR_GCOV_028_170_A_013_3700_DHNA_A_20260824T232917_20260824T232954_P00500_M_F_I_001_gcov.tif,Band 1: HHHH,400,0.15009424378629774,0.10520559038193697,0.7009302137644089,2.035403132157027,-8.236359629185097,2.9116668086022353,-18.98073853149849,-13.892830586241082,-9.097586338713592,-4.585850658094389,-1.7538835111770377,0
197,ROI 197,point,400,39999.999755859375,778426.8321425465,2435173.982804789,89.69664972650412,21.999018905880586,power,vegetation,gamma0,37.6452522277832,NISAR_S2_PR_GCOV_028_170_A_013_3700_DHNA_A_20260824T232917_20260824T232954_P00500_M_F_I_001_gcov.tif,Band 2: HVHV,400,0.05005435108207166,0.03029969320965693,0.6053358510227415,2.7290230790105405,-13.005581645622717,2.717360102564191,-22.761936945646312,-18.313506392966794,-13.621284783074433,-9.558065999543322,-7.397778470166939,0
197,ROI 197,point,400,39999.999755859375,778426.8321425465,2435173.982804789,89.69664972650412,21.999018905880586,power,vegetation,sigma0,37.6452522277832,NISAR_S2_PR_GCOV_028_170_A_013_3700_DHNA_A_20260824T232917_20260824T232954_P00500_M_F_I_001_gcov.tif,Band 1: HHHH,400,0.11824043242994225,0.08468973553826072,0.7162502182867065,1.9492631168832695,-9.272339906407725,2.9275948322177667,-20.127041018880504,-15.065600826495668,-10.222989935414933,-5.576825482109977,-2.458176870503074,0
197,ROI 197,point,400,39999.999755859375,778426.8321425465,2435173.982804789,89.69664972650412,21.999018905880586,power,vegetation,sigma0,37.6452522277832,NISAR_S2_PR_GCOV_028_170_A_013_3700_DHNA_A_20260824T232917_20260824T232954_P00500_M_F_I_001_gcov.tif,Band 2: HVHV,400,0.03928004748052988,0.023848822719382545,0.6071485206631637,2.7127521580060256,-14.058279959227749,2.719599793775829,-23.808065414457356,-19.488524353534707,-14.761014534514612,-10.704436408685101,-8.305429094448188,0
198,ROI 198,point,400,40000.0,779078.7083804688,2435670.361878125,89.703042950107,22.003394545890416,power,vegetation,gamma0,37.6010627746582,NISAR_S2_PR_GCOV_028_170_A_013_3700_DHNA_A_20260824T232917_20260824T232954_P00500_M_F_I_001_gcov.tif,Band 1: HHHH,400,0.14724857019726187,0.09835112257787096,0.6679258239731269,2.2415247071184408,-8.31948913576203,2.845246586530107,-16.960696119817232,-14.18779836240615,-8.965753695706521,-4.780958695702936,-1.4514036738494895,0
198,ROI 198,point,400,40000.0,779078.7083804688,2435670.361878125,89.703042950107,22.003394545890416,power,vegetation,gamma0,37.6010627746582,NISAR_S2_PR_GCOV_028_170_A_013_3700_DHNA_A_20260824T232917_20260824T232954_P00500_M_F_I_001_gcov.tif,Band 2: HVHV,400,0.05113040301133878,0.034439674675693005,0.6735654844741903,2.2041459630148164,-12.913207841381062,2.8194555456109964,-21.994859602488997,-18.778882143531522,-13.703571034500072,-9.313255410920569,-5.548370345648175,0
198,ROI 198,point,400,40000.0,779078.7083804688,2435670.361878125,89.703042950107,22.003394545890416,power,vegetation,sigma0,37.6010627746582,NISAR_S2_PR_GCOV_028_170_A_013_3700_DHNA_A_20260824T232917_20260824T232954_P00500_M_F_I_001_gcov.tif,Band 1: HHHH,400,0.11428048820879087,0.0764368519843758,0.6688530402908797,2.2353142616099952,-9.420279129696324,2.82958824252502,-18.029340317022587,-15.175945036928262,-10.0345071724165,-5.805036255065387,-2.6238579389216685,0
198,ROI 198,point,400,40000.0,779078.7083804688,2435670.361878125,89.703042950107,22.003394545890416,power,vegetation,sigma0,37.6010627746582,NISAR_S2_PR_GCOV_028_170_A_013_3700_DHNA_A_20260824T232917_20260824T232954_P00500_M_F_I_001_gcov.tif,Band 2: HVHV,400,0.039656083405846025,0.02659499944263292,0.6706411011510112,2.2234105780936506,-14.016901806809619,2.803200001769408,-23.12648478708812,-19.77219197561624,-14.763981978373103,-10.511734128009104,-6.536342101276026,0
199,ROI 199,point,400,40000.0,779521.2676356771,2436411.9476583335,89.70745291782532,22.010016229614997,power,vegetation,gamma0,37.56428527832031,NISAR_S2_PR_GCOV_028_170_A_013_3700_DHNA_A_20260824T232917_20260824T232954_P00500_M_F_I_001_gcov.tif,Band 1: HHHH,400,0.14961362566798925,0.09533270451843612,0.6371926627190423,2.4629662882750147,-8.250288524411495,2.8268669600349745,-16.91052318079606,-14.28049353046676,-9.04248309530921,-4.626206276847196,-2.7880045967193583,0
199,ROI 199,point,400,40000.0,779521.2676356771,2436411.9476583335,89.70745291782532,22.010016229614997,power,vegetation,gamma0,37.56428527832031,NISAR_S2_PR_GCOV_028_170_A_013_3700_DHNA_A_20260824T232917_20260824T232954_P00500_M_F_I_001_gcov.tif,Band 2: HVHV,400,0.05562290301430039,0.033371146287381644,0.5999533371856208,2.778209891282309,-12.54746348621972,2.7705175988188437,-22.9660385010677,-17.923706332295627,-13.217824137951776,-9.196952032973023,-7.568796121564324,0
199,ROI 199,point,400,40000.0,779521.2676356771,2436411.9476583335,89.70745291782532,22.010016229614997,power,vegetation,sigma0,37.56428527832031,NISAR_S2_PR_GCOV_028_170_A_013_3700_DHNA_A_20260824T232917_20260824T232954_P00500_M_F_I_001_gcov.tif,Band 1: HHHH,400,0.11721634302350445,0.0755607065101301,0.644626035594529,2.406491409892593,-9.31011832088396,2.853601095623767,-18.14366215750151,-15.43879382233946,-10.05522435286782,-5.721950319567465,-3.7818417174754817,0
199,ROI 199,point,400,40000.0,779521.2676356771,2436411.9476583335,89.70745291782532,22.010016229614997,power,vegetation,sigma0,37.56428527832031,NISAR_S2_PR_GCOV_028_170_A_013_3700_DHNA_A_20260824T232917_20260824T232954_P00500_M_F_I_001_gcov.tif,Band 2: HVHV,400,0.043383402236057654,0.025967228348144144,0.5985521422882265,2.791232549578831,-13.626763925153023,2.7663648573247626,-24.229659873991295,-18.881363348727533,-14.362207483436446,-10.280539024009743,-8.694274753138172,0
200,ROI 200,point,400,40000.0,780215.0091703126,2437010.000703646,89.7142696179032,22.01530218821448,power,vegetation,gamma0,37.516231536865234,NISAR_S2_PR_GCOV_028_170_A_013_3700_DHNA_A_20260824T232917_20260824T232954_P00500_M_F_I_001_gcov.tif,Band 1: HHHH,400,0.1577208775654435,0.11516892676727065,0.7302072404427457,1.8754596728390365,-8.021108151597495,2.8172084781195177,-17.037788101059068,-13.39550927687891,-9.173756603089169,-4.480472470487639,-0.9727531406821432,0
200,ROI 200,point,400,40000.0,780215.0091703126,2437010.000703646,89.7142696179032,22.01530218821448,power,vegetation,gamma0,37.516231536865234,NISAR_S2_PR_GCOV_028_170_A_013_3700_DHNA_A_20260824T232917_20260824T232954_P00500_M_F_I_001_gcov.tif,Band 2: HVHV,400,0.052017634359654036,0.03056234213170994,0.58753810141383,2.8968628140910937,-12.83849402388312,2.52912376085433,-20.980526001460383,-17.769728451657226,-13.422216483915898,-9.47235434595042,-7.71109193685465,0
200,ROI 200,point,400,40000.0,780215.0091703126,2437010.000703646,89.7142696179032,22.01530218821448,power,vegetation,sigma0,37.516231536865234,NISAR_S2_PR_GCOV_028_170_A_013_3700_DHNA_A_20260824T232917_20260824T232954_P00500_M_F_I_001_gcov.tif,Band 1: HHHH,400,0.12511519880658553,0.09234833497855235,0.7381064479729024,1.8355321742474942,-9.02689929659975,2.845283126645137,-18.382765341608184,-14.555549843035031,-10.210200307963408,-5.321035916640932,-1.6915233214146397,0
200,ROI 200,point,400,40000.0,780215.0091703126,2437010.000703646,89.7142696179032,22.01530218821448,power,vegetation,sigma0,37.516231536865234,NISAR_S2_PR_GCOV_028_170_A_013_3700_DHNA_A_20260824T232917_20260824T232954_P00500_M_F_I_001_gcov.tif,Band 2: HVHV,400,0.041154567063529005,0.024409263617327422,0.5931119037079801,2.8426717871051714,-13.85581962628384,2.5370495214806605,-21.821098692085815,-18.7179799999614,-14.383745935935252,-10.390252490349061,-8.742076483611058,0
201,ROI 201,point,400,40000.000244140625,780944.6322993777,2437362.847044351,89.7213917964916,22.01836921708989,power,vegetation,gamma0,37.469764709472656,NISAR_S2_PR_GCOV_028_170_A_013_3700_DHNA_A_20260824T232917_20260824T232954_P00500_M_F_I_001_gcov.tif,Band 1: HHHH,400,0.16834130173549056,0.11758798089587608,0.6985093953986313,2.049535739792751,-7.7380931887121305,3.021917567963875,-17.789557316951814,-14.104020660776742,-8.672051891423932,-4.005508251746143,-1.3026794934829473,0
201,ROI 201,point,400,40000.000244140625,780944.6322993777,2437362.847044351,89.7213917964916,22.01836921708989,power,vegetation,gamma0,37.469764709472656,NISAR_S2_PR_GCOV_028_170_A_013_3700_DHNA_A_20260824T232917_20260824T232954_P00500_M_F_I_001_gcov.tif,Band 2: HVHV,400,0.05418749457108788,0.03569258012143365,0.6586866656956987,2.3048478228418503,-12.661009286906108,2.8359137576192555,-23.863423827632314,-18.546971678276776,-13.318604187626908,-9.436331759889338,-6.037372976157366,0
201,ROI 201,point,400,40000.000244140625,780944.6322993777,2437362.847044351,89.7213917964916,22.01836921708989,power,vegetation,sigma0,37.469764709472656,NISAR_S2_PR_GCOV_028_170_A_013_3700_DHNA_A_20260824T232917_20260824T232954_P00500_M_F_I_001_gcov.tif,Band 1: HHHH,400,0.13261325319049216,0.09354351776962093,0.705385891071162,2.00977047778472,-8.774130709548057,3.0485252959418125,-18.984133509882778,-15.043255661731678,-9.67126792967598,-5.176920200019265,-2.107289857426116,0
201,ROI 201,point,400,40000.000244140625,780944.6322993777,2437362.847044351,89.7213917964916,22.01836921708989,power,vegetation,sigma0,37.469764709472656,NISAR_S2_PR_GCOV_028_170_A_013_3700_DHNA_A_20260824T232917_20260824T232954_P00500_M_F_I_001_gcov.tif,Band 2: HVHV,400,0.042784834863810996,0.028915838742592886,0.6758431774864925,2.1893143916439257,-13.687101399134178,2.870969013164495,-24.927459563299806,-19.52547818623357,-14.395124663658457,-10.407598920458446,-6.991541825744376,0
202,ROI 202,point,400,40000.000244140625,781787.887094361,2436992.054157031,89.72948884451577,22.01488727680377,power,vegetation,gamma0,37.42838668823242,NISAR_S2_PR_GCOV_028_170_A_013_3700_DHNA_A_20260824T232917_20260824T232954_P00500_M_F_I_001_gcov.tif,Band 1: HHHH,400,0.16324110789690166,0.12171642506121659,0.7456236154565254,1.7987081018868631,-7.8717046638664865,2.9874663779320154,-17.043099800557947,-14.247950535273919,-8.623988979119975,-4.456723079044226,-0.24929680427103754,0
202,ROI 202,point,400,40000.000244140625,781787.887094361,2436992.054157031,89.72948884451577,22.01488727680377,power,vegetation,gamma0,37.42838668823242,NISAR_S2_PR_GCOV_028_170_A_013_3700_DHNA_A_20260824T232917_20260824T232954_P00500_M_F_I_001_gcov.tif,Band 2: HVHV,400,0.05550960349966772,0.03637975331920363,0.6553776468502679,2.3281810531903373,-12.556318747852602,2.7817454227025955,-21.97009863748633,-18.21583968736644,-13.338465654680787,-8.959702320000098,-6.6540664357503925,0
202,ROI 202,point,400,40000.000244140625,781787.887094361,2436992.054157031,89.72948884451577,22.01488727680377,power,vegetation,sigma0,37.42838668823242,NISAR_S2_PR_GCOV_028_170_A_013_3700_DHNA_A_20260824T232917_20260824T232954_P00500_M_F_I_001_gcov.tif,Band 1: HHHH,400,0.1283111135259528,0.09745245407080834,0.7595012730607871,1.7335764063672032,-8.917357260571299,3.016769909461796,-17.919030056572133,-15.092223027927394,-9.793277809156384,-5.182500577939452,-1.518248724633104,0
202,ROI 202,point,400,40000.000244140625,781787.887094361,2436992.054157031,89.72948884451577,22.01488727680377,power,vegetation,sigma0,37.42838668823242,NISAR_S2_PR_GCOV_028_170_A_013_3700_DHNA_A_20260824T232917_20260824T232954_P00500_M_F_I_001_gcov.tif,Band 2: HVHV,400,0.043593027904091114,0.029228023055931116,0.6704747172010075,2.2245142311526394,-13.605829645136662,2.801625776992915,-22.9793477661769,-19.34088428297607,-14.356485861640335,-9.99576863402924,-7.211419706863884,0
203,ROI 203,point,400,40000.0,782589.279768099,2437243.241393229,89.73728820794672,22.017024613284818,power,vegetation,gamma0,37.37946701049805,NISAR_S2_PR_GCOV_028_170_A_013_3700_DHNA_A_20260824T232917_20260824T232954_P00500_M_F_I_001_gcov.tif,Band 1: HHHH,400,0.1482036587735638,0.10294338827104021,0.6946076036376707,2.0726259618068847,-8.291410745918114,2.8388751479719327,-17.222389619365085,-13.702896234419683,-9.209187597256271,-4.599847152252207,-1.596399633372739,0
203,ROI 203,point,400,40000.0,782589.279768099,2437243.241393229,89.73728820794672,22.017024613284818,power,vegetation,gamma0,37.37946701049805,NISAR_S2_PR_GCOV_028_170_A_013_3700_DHNA_A_20260824T232917_20260824T232954_P00500_M_F_I_001_gcov.tif,Band 2: HVHV,400,0.05415927868220024,0.037935366376035125,0.7004407610122548,2.0382487168044237,-12.663271284149769,2.850823295472891,-21.603653155027995,-18.15696287746197,-13.490178696681891,-9.119139184732024,-5.278656647495526,0
203,ROI 203,point,400,40000.0,782589.279768099,2437243.241393229,89.73728820794672,22.017024613284818,power,vegetation,sigma0,37.37946701049805,NISAR_S2_PR_GCOV_028_170_A_013_3700_DHNA_A_20260824T232917_20260824T232954_P00500_M_F_I_001_gcov.tif,Band 1: HHHH,400,0.11709599278044389,0.08125984573805291,0.6939592364225128,2.076500686488704,-9.314579669525632,2.83901347673685,-18.22667920081121,-14.64033983037622,-10.186273111144306,-5.62458125862662,-2.683248450798441,0
203,ROI 203,point,400,40000.0,782589.279768099,2437243.241393229,89.73728820794672,22.017024613284818,power,vegetation,sigma0,37.37946701049805,NISAR_S2_PR_GCOV_028_170_A_013_3700_DHNA_A_20260824T232917_20260824T232954_P00500_M_F_I_001_gcov.tif,Band 2: HVHV,400,0.04283710441749662,0.0301616045554772,0.7040999844788256,2.0171181190390195,-13.681798930690297,2.8585513035968106,-22.87989290701207,-19.083145050371318,-14.462337616884247,-10.066335862213982,-6.198638943893434,0
204,ROI 204,point,400,40000.0,783330.8655473958,2438379.542184375,89.74466294232765,22.027158631775688,power,vegetation,gamma0,37.31951141357422,NISAR_S2_PR_GCOV_028_170_A_013_3700_DHNA_A_20260824T232917_20260824T232954_P00500_M_F_I_001_gcov.tif,Band 1: HHHH,400,0.15678007395705207,0.1092191083927124,0.696638964608676,2.060556257788575,-8.047091350214963,2.9043695403757117,-19.48791054121423,-13.69322234408751,-9.07493148203011,-3.9698297247740455,-2.105521441863707,0
204,ROI 204,point,400,40000.0,783330.8655473958,2438379.542184375,89.74466294232765,22.027158631775688,power,vegetation,gamma0,37.31951141357422,NISAR_S2_PR_GCOV_028_170_A_013_3700_DHNA_A_20260824T232917_20260824T232954_P00500_M_F_I_001_gcov.tif,Band 2: HVHV,400,0.05394292451208457,0.03639697112392984,0.6747311432062977,2.1965368206723523,-12.68065511998241,2.885637944643338,-24.21144150789081,-18.524401905426856,-13.3774033591884,-9.033339012959281,-5.82811509842303,0
204,ROI 204,point,400,40000.0,783330.8655473958,2438379.542184375,89.74466294232765,22.027158631775688,power,vegetation,sigma0,37.31951141357422,NISAR_S2_PR_GCOV_028_170_A_013_3700_DHNA_A_20260824T232917_20260824T232954_P00500_M_F_I_001_gcov.tif,Band 1: HHHH,400,0.12426364732583169,0.08632526868190041,0.6946944705038871,2.0721076583706775,-9.056559033364916,2.905521060662257,-20.599682688455875,-14.66696858577424,-10.085532217293206,-5.0596244281485925,-3.2217770100147556,0
204,ROI 204,point,400,40000.0,783330.8655473958,2438379.542184375,89.74466294232765,22.027158631775688,power,vegetation,sigma0,37.31951141357422,NISAR_S2_PR_GCOV_028_170_A_013_3700_DHNA_A_20260824T232917_20260824T232954_P00500_M_F_I_001_gcov.tif,Band 2: HVHV,400,0.042831848086416144,0.029040266576565932,0.678006387162544,2.1753664671356714,-13.682331864855932,2.896491600782437,-25.193607736798683,-19.580651150629738,-14.394354568889494,-10.1281650362408,-6.710924605171358,0
205,ROI 205,point,400,40000.0,784048.5292045573,2437315.0077598956,89.75142325976995,22.017435602389277,power,vegetation,gamma0,37.29615783691406,NISAR_S2_PR_GCOV_028_170_A_013_3700_DHNA_A_20260824T232917_20260824T232954_P00500_M_F_I_001_gcov.tif,Band 1: HHHH,400,0.1653016117401421,0.10515575929757154,0.6361447912732925,2.471087073715252,-7.817229119068495,2.8543873766814234,-16.603898150265902,-13.919539274473605,-8.493065762804985,-4.165355876874423,-2.0470763949640594,0
205,ROI 205,point,400,40000.0,784048.5292045573,2437315.0077598956,89.75142325976995,22.017435602389277,power,vegetation,gamma0,37.29615783691406,NISAR_S2_PR_GCOV_028_170_A_013_3700_DHNA_A_20260824T232917_20260824T232954_P00500_M_F_I_001_gcov.tif,Band 2: HVHV,400,0.054524631926324216,0.037720945236068594,0.6918147615748895,2.089394037167772,-12.63407257485271,2.824552538847053,-21.303328479262333,-18.31356936033272,-13.659858780950703,-8.997334356502094,-5.404395293383417,0
205,ROI 205,point,400,40000.0,784048.5292045573,2437315.0077598956,89.75142325976995,22.017435602389277,power,vegetation,sigma0,37.29615783691406,NISAR_S2_PR_GCOV_028_170_A_013_3700_DHNA_A_20260824T232917_20260824T232954_P00500_M_F_I_001_gcov.tif,Band 1: HHHH,400,0.12988970014750073,0.08267354770207616,0.6364904038441336,2.46840421508677,-8.864252857741963,2.8510198012528165,-17.743465868267307,-14.916083484008256,-9.522880839349313,-5.18801664232943,-2.9191989708061232,0
205,ROI 205,point,400,40000.0,784048.5292045573,2437315.0077598956,89.75142325976995,22.017435602389277,power,vegetation,sigma0,37.29615783691406,NISAR_S2_PR_GCOV_028_170_A_013_3700_DHNA_A_20260824T232917_20260824T232954_P00500_M_F_I_001_gcov.tif,Band 2: HVHV,400,0.042930746947461594,0.02990221756892855,0.6965221827032899,2.0612472791657064,-13.67231555211715,2.834449216700064,-22.17536403792218,-19.37153234392078,-14.693367123204013,-9.991716679731283,-6.667401371548692,0
206,ROI 206,point,400,40000.0,784981.4919579427,2437356.871472396,89.76045968782671,22.01766144756378,power,vegetation,gamma0,37.242530822753906,NISAR_S2_PR_GCOV_028_170_A_013_3700_DHNA_A_20260824T232917_20260824T232954_P00500_M_F_I_001_gcov.tif,Band 1: HHHH,400,0.1639370679995045,0.12081784775754681,0.7369769950863827,1.8411625690235642,-7.853228364997524,2.913303712617227,-19.122628289677017,-13.374073063255507,-8.908915718097818,-3.910488585889145,0.4009693574849551,0
206,ROI 206,point,400,40000.0,784981.4919579427,2437356.871472396,89.76045968782671,22.01766144756378,power,vegetation,gamma0,37.242530822753906,NISAR_S2_PR_GCOV_028_170_A_013_3700_DHNA_A_20260824T232917_20260824T232954_P00500_M_F_I_001_gcov.tif,Band 2: HVHV,400,0.057120813657529655,0.03827323294734076,0.6700400518943866,2.2274013206193395,-12.432056148793171,2.9864512644213965,-25.295836690697037,-18.084877729010287,-13.13142167343196,-8.859078597294145,-6.299897934755181,0
206,ROI 206,point,400,40000.0,784981.4919579427,2437356.871472396,89.76045968782671,22.01766144756378,power,vegetation,sigma0,37.242530822753906,NISAR_S2_PR_GCOV_028_170_A_013_3700_DHNA_A_20260824T232917_20260824T232954_P00500_M_F_I_001_gcov.tif,Band 1: HHHH,400,0.13006065915170117,0.09718463779426109,0.7472254748525157,1.7910044322147793,-8.858540493038149,2.9198369819804446,-19.781347880638695,-14.3576982523662,-9.95834506749453,-4.802386917797974,-0.5134259784449133,0
206,ROI 206,point,400,40000.0,784981.4919579427,2437356.871472396,89.76045968782671,22.01766144756378,power,vegetation,sigma0,37.242530822753906,NISAR_S2_PR_GCOV_028_170_A_013_3700_DHNA_A_20260824T232917_20260824T232954_P00500_M_F_I_001_gcov.tif,Band 2: HVHV,400,0.04511841282593231,0.03010849673651264,0.6673217174698008,2.245584915379598,-13.456461863532464,2.977987883362715,-26.054670463768062,-19.232441120510273,-14.125174747506236,-10.056048415733228,-7.134444284451694,0
207,ROI 207,point,400,39999.999755859375,785717.0988050116,2437428.6427966757,89.76759135650101,22.01818896272635,power,vegetation,gamma0,37.200218200683594,NISAR_S2_PR_GCOV_028_170_A_013_3700_DHNA_A_20260824T232917_20260824T232954_P00500_M_F_I_001_gcov.tif,Band 1: HHHH,400,0.16575927899451925,0.1126719184444406,0.6797321943477206,2.164334189528962,-7.805221509876042,2.9005910473172127,-18.471510856188782,-13.289620269541961,-8.572238536693645,-4.077021519511474,-1.6059348230815118,0
207,ROI 207,point,400,39999.999755859375,785717.0988050116,2437428.6427966757,89.76759135650101,22.01818896272635,power,vegetation,gamma0,37.200218200683594,NISAR_S2_PR_GCOV_028_170_A_013_3700_DHNA_A_20260824T232917_20260824T232954_P00500_M_F_I_001_gcov.tif,Band 2: HVHV,400,0.052595049610827116,0.03876122414741906,0.7369747615836405,1.841173728830093,-12.790551309009446,2.8249818227288257,-23.2684111391937,-18.331445084191014,-13.713063650214547,-9.303083196381806,-3.871213895071699,0
207,ROI 207,point,400,39999.999755859375,785717.0988050116,2437428.6427966757,89.76759135650101,22.01818896272635,power,vegetation,sigma0,37.200218200683594,NISAR_S2_PR_GCOV_028_170_A_013_3700_DHNA_A_20260824T232917_20260824T232954_P00500_M_F_I_001_gcov.tif,Band 1: HHHH,400,0.13033743462086833,0.08938848338708871,0.6858235598015731,2.126058448088619,-8.849308312993367,2.922538316299242,-19.59426122121513,-14.341690897956374,-9.684996211557833,-5.307215797398039,-2.5239777826603342,0
207,ROI 207,point,400,39999.999755859375,785717.0988050116,2437428.6427966757,89.76759135650101,22.01818896272635,power,vegetation,sigma0,37.200218200683594,NISAR_S2_PR_GCOV_028_170_A_013_3700_DHNA_A_20260824T232917_20260824T232954_P00500_M_F_I_001_gcov.tif,Band 2: HVHV,400,0.0415404067146879,0.031935115732840726,0.7687723414019698,1.6920161339919373,-13.815292556805545,2.862263246512472,-24.35246347497397,-19.43018616211454,-14.778766183265358,-10.26742597077558,-4.475561372811643,0
208,ROI 208,point,400,40000.0,786554.3714730468,2437297.066168229,89.77567117461457,22.01686449765559,power,vegetation,gamma0,37.154815673828125,NISAR_S2_PR_GCOV_028_170_A_013_3700_DHNA_A_20260824T232917_20260824T232954_P00500_M_F_I_001_gcov.tif,Band 1: HHHH,400,0.15280957525130362,0.1019315553885484,0.6670495302464943,2.2474178953850936,-8.158494314375973,2.98874420931513,-18.39499050947843,-14.297934149320577,-9.037515276133183,-4.485966735181674,-2.0495655259768975,0
208,ROI 208,point,400,40000.0,786554.3714730468,2437297.066168229,89.77567117461457,22.01686449765559,power,vegetation,gamma0,37.154815673828125,NISAR_S2_PR_GCOV_028_170_A_013_3700_DHNA_A_20260824T232917_20260824T232954_P00500_M_F_I_001_gcov.tif,Band 2: HVHV,400,0.05265500072622672,0.03581687183957453,0.6802178586189753,2.161244695404671,-12.785603769063485,2.7412563989272467,-22.225788851584856,-17.774048877561185,-13.649845727125854,-9.17735930646262,-6.329289266846157,0
208,ROI 208,point,400,40000.0,786554.3714730468,2437297.066168229,89.77567117461457,22.01686449765559,power,vegetation,sigma0,37.154815673828125,NISAR_S2_PR_GCOV_028_170_A_013_3700_DHNA_A_20260824T232917_20260824T232954_P00500_M_F_I_001_gcov.tif,Band 1: HHHH,400,0.11988342609442597,0.08070578246889494,0.6732021689580941,2.206525683562609,-9.212408540426926,3.00824518239374,-19.965155683991714,-15.336538397994556,-10.036499313316689,-5.558108563684425,-3.018188021492954,0
208,ROI 208,point,400,40000.0,786554.3714730468,2437297.066168229,89.77567117461457,22.01686449765559,power,vegetation,sigma0,37.154815673828125,NISAR_S2_PR_GCOV_028_170_A_013_3700_DHNA_A_20260824T232917_20260824T232954_P00500_M_F_I_001_gcov.tif,Band 2: HVHV,400,0.04131287836946226,0.028369441128737346,0.686697278147231,2.1206517147672717,-13.839145456086001,2.7673668857142246,-23.61936266531537,-18.879679734820957,-14.639934269230446,-10.180729207103704,-7.1650244009320305,0
209,ROI 209,point,400,40000.0,787427.528922526,2437279.124575521,89.78411811971839,22.01655916985739,power,vegetation,gamma0,37.10593032836914,NISAR_S2_PR_GCOV_028_170_A_013_3700_DHNA_A_20260824T232917_20260824T232954_P00500_M_F_I_001_gcov.tif,Band 1: HHHH,400,0.16994150363840163,0.12326639447840185,0.7253460269522258,1.9006822845949891,-7.697005434386575,2.92616082122132,-17.027203326904434,-13.390706519639561,-8.805142026119727,-4.136897401319352,-0.35409990875425346,0
209,ROI 209,point,400,40000.0,787427.528922526,2437279.124575521,89.78411811971839,22.01655916985739,power,vegetation,gamma0,37.10593032836914,NISAR_S2_PR_GCOV_028_170_A_013_3700_DHNA_A_20260824T232917_20260824T232954_P00500_M_F_I_001_gcov.tif,Band 2: HVHV,400,0.055843439819291234,0.03925404936280749,0.7029303619159775,2.0238363654316527,-12.530278380832145,2.864580563090431,-20.64231715836781,-18.304889426972213,-13.560460929686723,-8.783786397688878,-5.966316016987068,0
209,ROI 209,point,400,40000.0,787427.528922526,2437279.124575521,89.78411811971839,22.01655916985739,power,vegetation,sigma0,37.10593032836914,NISAR_S2_PR_GCOV_028_170_A_013_3700_DHNA_A_20260824T232917_20260824T232954_P00500_M_F_I_001_gcov.tif,Band 1: HHHH,400,0.13327326747412585,0.09758084092914718,0.73218615239618,1.8653355968478185,-8.75256954507876,2.944341377970552,-17.74841749707071,-14.40847379438959,-9.838148281622898,-5.205109675142819,-1.4140233638396873,0
209,ROI 209,point,400,40000.0,787427.528922526,2437279.124575521,89.78411811971839,22.01655916985739,power,vegetation,sigma0,37.10593032836914,NISAR_S2_PR_GCOV_028_170_A_013_3700_DHNA_A_20260824T232917_20260824T232954_P00500_M_F_I_001_gcov.tif,Band 2: HVHV,400,0.0438255125460216,0.031280375174986906,0.7137480740730431,1.962953904157682,-13.58272996064578,2.8815213493230387,-21.727998174221554,-19.244976971854893,-14.600434406446926,-9.886219576034717,-6.8428873349535895,0
210,ROI 210,point,400,40000.0,788222.9394752604,2437255.2024541665,89.79181152185186,22.016212269637105,power,vegetation,gamma0,37.06095886230469,NISAR_S2_PR_GCOV_028_170_A_013_3700_DHNA_A_20260824T232917_20260824T232954_P00500_M_F_I_001_gcov.tif,Band 1: HHHH,400,0.15465645942837,0.09794549151452431,0.6333100594475222,2.4932580345698234,-8.106319364075649,2.741687694628464,-16.59667782984434,-14.118863148230078,-8.730902003605538,-4.8705108298114155,-1.4981496035592887,0
210,ROI 210,point,400,40000.0,788222.9394752604,2437255.2024541665,89.79181152185186,22.016212269637105,power,vegetation,gamma0,37.06095886230469,NISAR_S2_PR_GCOV_028_170_A_013_3700_DHNA_A_20260824T232917_20260824T232954_P00500_M_F_I_001_gcov.tif,Band 2: HVHV,400,0.053168479428859425,0.03978065565827073,0.7481999877671526,1.7863419881231941,-12.743457599434606,2.9468586561170054,-21.614323746902876,-18.506981375354734,-13.802056568498504,-8.800750483338925,-5.503293427227937,0
210,ROI 210,point,400,40000.0,788222.9394752604,2437255.2024541665,89.79181152185186,22.016212269637105,power,vegetation,sigma0,37.06095886230469,NISAR_S2_PR_GCOV_028_170_A_013_3700_DHNA_A_20260824T232917_20260824T232954_P00500_M_F_I_001_gcov.tif,Band 1: HHHH,400,0.1219745150313729,0.07884788188051178,0.6464291484186794,2.393085071988847,-9.137308999598433,2.7836131627663687,-17.794798608815398,-15.106663770576354,-9.848565688794197,-5.851993902553581,-2.651999808306948,0
210,ROI 210,point,400,40000.0,788222.9394752604,2437255.2024541665,89.79181152185186,22.016212269637105,power,vegetation,sigma0,37.06095886230469,NISAR_S2_PR_GCOV_028_170_A_013_3700_DHNA_A_20260824T232917_20260824T232954_P00500_M_F_I_001_gcov.tif,Band 2: HVHV,400,0.041487130449384325,0.030495825673022718,0.7350671242550418,1.8507425128120252,-13.82086603086093,2.9206094365228465,-22.68038267234431,-19.45826542348257,-14.908119035379862,-9.822316788317494,-6.936904714255524,0
211,ROI 211,point,400,40000.000244140625,788874.8156921215,2437159.5090075713,89.79810307422883,22.01524110322409,power,vegetation,gamma0,37.025718688964844,NISAR_S2_PR_GCOV_028_170_A_013_3700_DHNA_A_20260824T232917_20260824T232954_P00500_M_F_I_001_gcov.tif,Band 1: HHHH,400,0.1611317044007592,0.10036912174119812,0.6229011361511125,2.5772808924242376,-7.928189990493808,2.919333373369822,-18.15257363538181,-14.153740292873959,-8.563025562906576,-4.488320831384055,-2.073379247309218,0
211,ROI 211,point,400,40000.000244140625,788874.8156921215,2437159.5090075713,89.79810307422883,22.01524110322409,power,vegetation,gamma0,37.025718688964844,NISAR_S2_PR_GCOV_028_170_A_013_3700_DHNA_A_20260824T232917_20260824T232954_P00500_M_F_I_001_gcov.tif,Band 2: HVHV,400,0.05298762670950964,0.031022683303736143,0.5854703301548044,2.917361299580533,-12.758255318924643,2.6390375922582554,-23.246723319719422,-17.75601819400917,-13.386628356628236,-9.404770731726607,-7.57073060705588,0
211,ROI 211,point,400,40000.000244140625,788874.8156921215,2437159.5090075713,89.79810307422883,22.01524110322409,power,vegetation,sigma0,37.025718688964844,NISAR_S2_PR_GCOV_028_170_A_013_3700_DHNA_A_20260824T232917_20260824T232954_P00500_M_F_I_001_gcov.tif,Band 1: HHHH,400,0.1281825921114735,0.08162662768636204,0.6367996335678385,2.466007484362995,-8.921709503496508,2.9399313530879283,-19.40370295871674,-14.99729526902997,-9.675373630233793,-5.4446100424898605,-2.849073264044864,0
211,ROI 211,point,400,40000.000244140625,788874.8156921215,2437159.5090075713,89.79810307422883,22.01524110322409,power,vegetation,sigma0,37.025718688964844,NISAR_S2_PR_GCOV_028_170_A_013_3700_DHNA_A_20260824T232917_20260824T232954_P00500_M_F_I_001_gcov.tif,Band 2: HVHV,400,0.04205419906895255,0.024882171269755744,0.591669127474254,2.8565523146872684,-13.761906338392373,2.646838068149272,-23.409780963513317,-18.715605149952108,-14.373072890711798,-10.434376210634708,-8.707438220678528,0
212,ROI 212,point,400,40000.0,789365.220795573,2437871.197094271,89.80297532530865,22.0215820077089,power,vegetation,gamma0,36.9865608215332,NISAR_S2_PR_GCOV_028_170_A_013_3700_DHNA_A_20260824T232917_20260824T232954_P00500_M_F_I_001_gcov.tif,Band 1: HHHH,400,0.1656511621084064,0.10986223366668559,0.6632143853889108,2.2734851649103067,-7.808055130238084,2.850075729705183,-17.08266125177818,-13.204412309806798,-8.695496471659398,-4.137550364186946,-2.001999539846731,0
212,ROI 212,point,400,40000.0,789365.220795573,2437871.197094271,89.80297532530865,22.0215820077089,power,vegetation,gamma0,36.9865608215332,NISAR_S2_PR_GCOV_028_170_A_013_3700_DHNA_A_20260824T232917_20260824T232954_P00500_M_F_I_001_gcov.tif,Band 2: HVHV,400,0.05439091412932612,0.03560251921736728,0.6545673994872493,2.3339484350958415,-12.644736420859886,2.840249825016851,-24.98701705685007,-18.155661056229718,-13.423238545866301,-9.107817514239546,-6.027150376778634,0
212,ROI 212,point,400,40000.0,789365.220795573,2437871.197094271,89.80297532530865,22.0215820077089,power,vegetation,sigma0,36.9865608215332,NISAR_S2_PR_GCOV_028_170_A_013_3700_DHNA_A_20260824T232917_20260824T232954_P00500_M_F_I_001_gcov.tif,Band 1: HHHH,400,0.1314035054376992,0.08703778556624854,0.6623703475514567,2.2792829187231356,-8.813930489928067,2.84178038285004,-17.982292209151808,-14.34559018199881,-9.739102504469338,-5.159395160538151,-2.979158251618804,0
212,ROI 212,point,400,40000.0,789365.220795573,2437871.197094271,89.80297532530865,22.0215820077089,power,vegetation,sigma0,36.9865608215332,NISAR_S2_PR_GCOV_028_170_A_013_3700_DHNA_A_20260824T232917_20260824T232954_P00500_M_F_I_001_gcov.tif,Band 2: HVHV,400,0.043129317793908564,0.02823496588618206,0.6546583004419761,2.333300330851096,-13.652274113343228,2.8278053427590857,-25.851146394930204,-19.21409520122103,-14.40242397883351,-10.116977388147102,-6.947831468867598,0
213,ROI 213,point,400,40000.0,789867.585355599,2437129.611314583,89.80770513143409,22.014806906114817,power,vegetation,gamma0,36.97005081176758,NISAR_S2_PR_GCOV_028_170_A_013_3700_DHNA_A_20260824T232917_20260824T232954_P00500_M_F_I_001_gcov.tif,Band 1: HHHH,400,0.16056557380128653,0.10611323755079778,0.6608716615812172,2.289632288361263,-7.943475643551098,2.8679122857142927,-19.6051215834738,-13.591872356618016,-8.666190535010983,-4.330533249671849,-1.810120098961336,0
213,ROI 213,point,400,40000.0,789867.585355599,2437129.611314583,89.80770513143409,22.014806906114817,power,vegetation,gamma0,36.97005081176758,NISAR_S2_PR_GCOV_028_170_A_013_3700_DHNA_A_20260824T232917_20260824T232954_P00500_M_F_I_001_gcov.tif,Band 2: HVHV,400,0.05730470207054168,0.035224468457914875,0.61468722783959,2.64662019089676,-12.418097410429574,2.7892801204020494,-22.551673415297483,-18.042476721035328,-13.064325432425992,-9.019537862447454,-7.011268570951455,0
213,ROI 213,point,400,40000.0,789867.585355599,2437129.611314583,89.80770513143409,22.014806906114817,power,vegetation,sigma0,36.97005081176758,NISAR_S2_PR_GCOV_028_170_A_013_3700_DHNA_A_20260824T232917_20260824T232954_P00500_M_F_I_001_gcov.tif,Band 1: HHHH,400,0.12588900635998115,0.08414223130954591,0.6683842675582026,2.2384508460065353,-9.000121943215497,2.8769880821261684,-20.494390140477172,-14.594994572518639,-9.735035758938457,-5.507804228023481,-2.926801042086449,0
213,ROI 213,point,400,40000.0,789867.585355599,2437129.611314583,89.80770513143409,22.014806906114817,power,vegetation,sigma0,36.97005081176758,NISAR_S2_PR_GCOV_028_170_A_013_3700_DHNA_A_20260824T232917_20260824T232954_P00500_M_F_I_001_gcov.tif,Band 2: HVHV,400,0.04471229416414019,0.02740452687785398,0.6129080913909524,2.662007596179669,-13.495730461403486,2.7685532206557797,-23.587934511742738,-19.107250653403476,-14.170461135918934,-10.028963959737926,-7.930653268659594,0
214,ROI 214,point,400,39999.999755859375,790495.5426634738,2437470.506512035,89.81384281700348,22.017778725482845,power,vegetation,gamma0,36.92876052856445,NISAR_S2_PR_GCOV_028_170_A_013_3700_DHNA_A_20260824T232917_20260824T232954_P00500_M_F_I_001_gcov.tif,Band 1: HHHH,400,0.17878955103456973,0.12702196433418844,0.7104551893506807,1.9811922406201583,-7.476578661923944,2.913052275037263,-16.543215625376423,-13.372031397999962,-8.354763988320503,-3.6641966703478994,-0.8421047019644402,0
214,ROI 214,point,400,39999.999755859375,790495.5426634738,2437470.506512035,89.81384281700348,22.017778725482845,power,vegetation,gamma0,36.92876052856445,NISAR_S2_PR_GCOV_028_170_A_013_3700_DHNA_A_20260824T232917_20260824T232954_P00500_M_F_I_001_gcov.tif,Band 2: HVHV,400,0.055006418629782276,0.037329435007545764,0.6786378015043936,2.1713203659775937,-12.59586630272117,2.9645547707791433,-22.671397306825043,-18.784638263042506,-13.345873322874006,-9.194480290053408,-4.863243103732548,0
214,ROI 214,point,400,39999.999755859375,790495.5426634738,2437470.506512035,89.81384281700348,22.017778725482845,power,vegetation,sigma0,36.92876052856445,NISAR_S2_PR_GCOV_028_170_A_013_3700_DHNA_A_20260824T232917_20260824T232954_P00500_M_F_I_001_gcov.tif,Band 1: HHHH,400,0.14122121796215922,0.10009370799082137,0.7087724453533737,1.9906107695644533,-8.501000472530514,2.900478753247197,-17.36919378522663,-14.54989729157539,-9.370271512237156,-4.698745056220581,-1.7833869085542937,0
214,ROI 214,point,400,39999.999755859375,790495.5426634738,2437470.506512035,89.81384281700348,22.017778725482845,power,vegetation,sigma0,36.92876052856445,NISAR_S2_PR_GCOV_028_170_A_013_3700_DHNA_A_20260824T232917_20260824T232954_P00500_M_F_I_001_gcov.tif,Band 2: HVHV,400,0.04368099543226629,0.029848477719864888,0.6833286976289099,2.1416114485380318,-13.597074731921829,2.9852356320309203,-23.486386635368316,-19.773899545372682,-14.373543433787086,-10.158002654630362,-6.03889375202662,0
215,ROI 215,point,400,40000.000244140625,791111.534084329,2438206.1018386832,89.81993548908565,22.024313876516523,power,vegetation,gamma0,36.881961822509766,NISAR_S2_PR_GCOV_028_170_A_013_3700_DHNA_A_20260824T232917_20260824T232954_P00500_M_F_I_001_gcov.tif,Band 1: HHHH,400,0.15475859723519533,0.11099212761981747,0.7171952292326383,1.9441296154220107,-8.103452154704042,2.9884539194945328,-20.349141350019707,-13.773920706776657,-9.128874585205937,-4.165817865817302,-1.6771832960658253,0
215,ROI 215,point,400,40000.000244140625,791111.534084329,2438206.1018386832,89.81993548908565,22.024313876516523,power,vegetation,gamma0,36.881961822509766,NISAR_S2_PR_GCOV_028_170_A_013_3700_DHNA_A_20260824T232917_20260824T232954_P00500_M_F_I_001_gcov.tif,Band 2: HVHV,400,0.05463692636461928,0.033253103493762065,0.6086195858062664,2.6996542806182693,-12.625137401543295,2.7185887975251704,-21.86030390977891,-17.694914333573244,-13.20557238056361,-9.183286615634337,-6.512042970170638,0
215,ROI 215,point,400,40000.000244140625,791111.534084329,2438206.1018386832,89.81993548908565,22.024313876516523,power,vegetation,sigma0,36.881961822509766,NISAR_S2_PR_GCOV_028_170_A_013_3700_DHNA_A_20260824T232917_20260824T232954_P00500_M_F_I_001_gcov.tif,Band 1: HHHH,400,0.12233854954196735,0.08888679263036196,0.7265640549373196,1.8943149349618602,-9.124366728463416,3.0239047299702233,-21.2767669124637,-15.016233822318952,-10.237689711322115,-5.233935419780154,-2.256592176643095,0
215,ROI 215,point,400,40000.000244140625,791111.534084329,2438206.1018386832,89.81993548908565,22.024313876516523,power,vegetation,sigma0,36.881961822509766,NISAR_S2_PR_GCOV_028_170_A_013_3700_DHNA_A_20260824T232917_20260824T232954_P00500_M_F_I_001_gcov.tif,Band 2: HVHV,400,0.04298135619159918,0.026457610012632908,0.6155601487931672,2.6391192111038917,-13.6671988532583,2.716179236465106,-22.466301979975547,-18.927058969939278,-14.213365572533053,-10.115682087516857,-7.761344395689135,0
216,ROI 216,point,400,40000.000244140625,791817.2366795009,2437602.068264245,89.82665690969877,22.018745613634092,power,vegetation,gamma0,36.851680755615234,NISAR_S2_PR_GCOV_028_170_A_013_3700_DHNA_A_20260824T232917_20260824T232954_P00500_M_F_I_001_gcov.tif,Band 1: HHHH,400,0.15776741124223917,0.12148811864062845,0.770045712761891,1.6864248205871046,-8.019827006152891,2.8599265297176104,-16.51284998088554,-14.08677366373768,-8.965534141394189,-4.026576478626049,0.12323864538293795,0
216,ROI 216,point,400,40000.000244140625,791817.2366795009,2437602.068264245,89.82665690969877,22.018745613634092,power,vegetation,gamma0,36.851680755615234,NISAR_S2_PR_GCOV_028_170_A_013_3700_DHNA_A_20260824T232917_20260824T232954_P00500_M_F_I_001_gcov.tif,Band 2: HVHV,400,0.05365126540069468,0.03538930220008455,0.6596172883487353,2.2983488103564005,-12.704200304537016,2.674313883425552,-21.18629841646131,-17.895347725336105,-13.368758737495918,-9.08336169639671,-5.935377971329184,0
216,ROI 216,point,400,40000.000244140625,791817.2366795009,2437602.068264245,89.82665690969877,22.018745613634092,power,vegetation,sigma0,36.851680755615234,NISAR_S2_PR_GCOV_028_170_A_013_3700_DHNA_A_20260824T232917_20260824T232954_P00500_M_F_I_001_gcov.tif,Band 1: HHHH,400,0.12421720940831024,0.09831123586155686,0.7914461798799656,1.596457000484701,-9.058182315884986,2.8804502089918094,-17.64876185188818,-15.23246399754554,-10.00848680628754,-5.03175515345407,-0.46348721262969894,0
216,ROI 216,point,400,40000.000244140625,791817.2366795009,2437602.068264245,89.82665690969877,22.018745613634092,power,vegetation,sigma0,36.851680755615234,NISAR_S2_PR_GCOV_028_170_A_013_3700_DHNA_A_20260824T232917_20260824T232954_P00500_M_F_I_001_gcov.tif,Band 2: HVHV,400,0.042285598464962104,0.0284133976101311,0.6719402974436904,2.2148209632351494,-13.738075184913896,2.705214294451155,-22.1154482201276,-18.95984629019346,-14.476843304114752,-10.073672560365525,-7.051252595849907,0
217,ROI 217,point,400,40000.0,792445.1939903646,2438271.892634375,89.83285415106131,22.024684735660923,power,vegetation,gamma0,36.80520248413086,NISAR_S2_PR_GCOV_028_170_A_013_3700_DHNA_A_20260824T232917_20260824T232954_P00500_M_F_I_001_gcov.tif,Band 1: HHHH,400,0.14980231570079922,0.10523699059642727,0.70250576637692,2.0262835242120736,-8.244814730964617,2.813174541091312,-17.77972505731871,-13.545512819849918,-8.945498981805903,-4.861508420146366,-0.5101604718206408,0
217,ROI 217,point,400,40000.0,792445.1939903646,2438271.892634375,89.83285415106131,22.024684735660923,power,vegetation,gamma0,36.80520248413086,NISAR_S2_PR_GCOV_028_170_A_013_3700_DHNA_A_20260824T232917_20260824T232954_P00500_M_F_I_001_gcov.tif,Band 2: HVHV,400,0.05418140835943632,0.03350248757256861,0.6183391791943659,2.6154502877499572,-12.661497103626084,2.7961054446348106,-22.706443505281616,-18.64302700291204,-13.348893942131998,-9.269184036468586,-6.902515617324518,0
217,ROI 217,point,400,40000.0,792445.1939903646,2438271.892634375,89.83285415106131,22.024684735660923,power,vegetation,sigma0,36.80520248413086,NISAR_S2_PR_GCOV_028_170_A_013_3700_DHNA_A_20260824T232917_20260824T232954_P00500_M_F_I_001_gcov.tif,Band 1: HHHH,400,0.11903995146548073,0.08572289371511778,0.7201186883882068,1.9283765268835849,-9.243072588670657,2.817412102139702,-18.958450835663353,-14.61692108053648,-10.022567738935038,-5.81219357538871,-1.372551733480675,0
217,ROI 217,point,400,40000.0,792445.1939903646,2438271.892634375,89.83285415106131,22.024684735660923,power,vegetation,sigma0,36.80520248413086,NISAR_S2_PR_GCOV_028_170_A_013_3700_DHNA_A_20260824T232917_20260824T232954_P00500_M_F_I_001_gcov.tif,Band 2: HVHV,400,0.04293423345324838,0.02677621841221272,0.6236566082254543,2.5710406492530513,-13.671962865790759,2.779988074677176,-23.315656481490905,-19.58495786763766,-14.376965765550949,-10.366839832530971,-7.753401156536791,0
218,ROI 218,point,400,39999.999755859375,793049.2291810134,2437631.980833854,89.83858469497493,22.018809307007285,power,vegetation,gamma0,36.78119659423828,NISAR_S2_PR_GCOV_028_170_A_013_3700_DHNA_A_20260824T232917_20260824T232954_P00500_M_F_I_001_gcov.tif,Band 1: HHHH,400,0.16025841561611742,0.1037724050801042,0.6475317048477525,2.384942567130677,-7.951791551964984,2.8329528740186136,-18.493566204336094,-14.077072441714453,-8.531022369742512,-4.552803014434839,-1.6830016332705227,0
218,ROI 218,point,400,39999.999755859375,793049.2291810134,2437631.980833854,89.83858469497493,22.018809307007285,power,vegetation,gamma0,36.78119659423828,NISAR_S2_PR_GCOV_028_170_A_013_3700_DHNA_A_20260824T232917_20260824T232954_P00500_M_F_I_001_gcov.tif,Band 2: HVHV,400,0.054539998425752856,0.03807461294117975,0.6981044011765423,2.051914441034018,-12.632848789299016,2.934326837549981,-24.78174603181491,-18.29267012267156,-13.577970723462885,-8.993575916644666,-5.681954221737295,0
218,ROI 218,point,400,39999.999755859375,793049.2291810134,2437631.980833854,89.83858469497493,22.018809307007285,power,vegetation,sigma0,36.78119659423828,NISAR_S2_PR_GCOV_028_170_A_013_3700_DHNA_A_20260824T232917_20260824T232954_P00500_M_F_I_001_gcov.tif,Band 1: HHHH,400,0.12775951122150003,0.08303273714814581,0.6499143300899904,2.3674879333630217,-8.936067583771774,2.8487168197850194,-19.27694120668638,-15.11544339393905,-9.479186348762456,-5.396090479122132,-2.542790164424249,0
218,ROI 218,point,400,39999.999755859375,793049.2291810134,2437631.980833854,89.83858469497493,22.018809307007285,power,vegetation,sigma0,36.78119659423828,NISAR_S2_PR_GCOV_028_170_A_013_3700_DHNA_A_20260824T232917_20260824T232954_P00500_M_F_I_001_gcov.tif,Band 2: HVHV,400,0.04330236712920159,0.02976784234919399,0.6874414569618206,2.1160628443525056,-13.634883622366816,2.9238258260908485,-25.715172335794577,-19.231889372562883,-14.541758133764358,-9.949124358068577,-7.130769962660944,0
219,ROI 219,point,400,40000.0,793426.0009875,2438469.250140104,89.84238166782295,22.026301060052305,power,vegetation,gamma0,36.74635696411133,NISAR_S2_PR_GCOV_028_170_A_013_3700_DHNA_A_20260824T232917_20260824T232954_P00500_M_F_I_001_gcov.tif,Band 1: HHHH,400,0.14540796769782902,0.09314727836027793,0.6405926706426875,2.436890805084752,-8.374117954550156,2.6951926237642323,-16.192881429281222,-13.611366729033678,-9.226338004853654,-4.9865247619487105,-1.6713350873147537,0
219,ROI 219,point,400,40000.0,793426.0009875,2438469.250140104,89.84238166782295,22.026301060052305,power,vegetation,gamma0,36.74635696411133,NISAR_S2_PR_GCOV_028_170_A_013_3700_DHNA_A_20260824T232917_20260824T232954_P00500_M_F_I_001_gcov.tif,Band 2: HVHV,400,0.05478631429607048,0.0358027218745852,0.6534975446806636,2.341596604263435,-12.61327915384227,2.7718270458807988,-20.91791044744987,-18.06934815987645,-13.376953907397798,-9.025453746174279,-6.5723755405774025,0
219,ROI 219,point,400,40000.0,793426.0009875,2438469.250140104,89.84238166782295,22.026301060052305,power,vegetation,sigma0,36.74635696411133,NISAR_S2_PR_GCOV_028_170_A_013_3700_DHNA_A_20260824T232917_20260824T232954_P00500_M_F_I_001_gcov.tif,Band 1: HHHH,400,0.11560904610298003,0.07568856108600636,0.6546941060181911,2.3330451189055608,-9.370081821879914,2.7279258174298806,-17.356268512470848,-14.618231862491326,-10.252418892599389,-5.865150580745608,-2.473802951449957,0
219,ROI 219,point,400,40000.0,793426.0009875,2438469.250140104,89.84238166782295,22.026301060052305,power,vegetation,sigma0,36.74635696411133,NISAR_S2_PR_GCOV_028_170_A_013_3700_DHNA_A_20260824T232917_20260824T232954_P00500_M_F_I_001_gcov.tif,Band 2: HVHV,400,0.04338344034673867,0.028637574799335666,0.660103822344474,2.29496203180772,-13.626760110041634,2.7788830312484665,-22.109721445107073,-19.11110192462032,-14.335478839567914,-9.98313495732966,-7.405820931345764,0
220,ROI 220,point,400,39999.999755859375,794185.5299734956,2438618.768363314,89.84975920450812,22.027522429391116,power,vegetation,gamma0,36.70063400268555,NISAR_S2_PR_GCOV_028_170_A_013_3700_DHNA_A_20260824T232917_20260824T232954_P00500_M_F_I_001_gcov.tif,Band 1: HHHH,400,0.13695510989055037,0.0910950203964314,0.6651451009694438,2.260305837288974,-8.63421759278083,2.894426974997652,-18.246848633120198,-14.513478254074489,-9.438734604937695,-4.984362685503615,-2.6030345762896943,0
220,ROI 220,point,400,39999.999755859375,794185.5299734956,2438618.768363314,89.84975920450812,22.027522429391116,power,vegetation,gamma0,36.70063400268555,NISAR_S2_PR_GCOV_028_170_A_013_3700_DHNA_A_20260824T232917_20260824T232954_P00500_M_F_I_001_gcov.tif,Band 2: HVHV,400,0.0560081805952359,0.03570792850264233,0.6375484460153965,2.4602181433580603,-12.517485349956628,2.694404310322955,-21.183405289432095,-17.736423592487494,-13.218090754048859,-8.804136274599676,-5.677257478892598,0
220,ROI 220,point,400,39999.999755859375,794185.5299734956,2438618.768363314,89.84975920450812,22.027522429391116,power,vegetation,sigma0,36.70063400268555,NISAR_S2_PR_GCOV_028_170_A_013_3700_DHNA_A_20260824T232917_20260824T232954_P00500_M_F_I_001_gcov.tif,Band 1: HHHH,400,0.10823798486110917,0.07150196780969928,0.6605995843460177,2.291518711314509,-9.656203018857408,2.883864343903628,-19.270946247185638,-15.516268589385762,-10.49579325183544,-6.027064074408091,-3.722291601476278,0
220,ROI 220,point,400,39999.999755859375,794185.5299734956,2438618.768363314,89.84975920450812,22.027522429391116,power,vegetation,sigma0,36.70063400268555,NISAR_S2_PR_GCOV_028_170_A_013_3700_DHNA_A_20260824T232917_20260824T232954_P00500_M_F_I_001_gcov.tif,Band 2: HVHV,400,0.04430288168783198,0.02824312307506887,0.6375008125673683,2.460585807363727,-13.535680241060259,2.6861925335139905,-22.28660701903634,-18.7100642606785,-14.333366591177622,-9.93381141697278,-7.146032539979218,0
221,ROI 221,point,400,40000.0,794634.0681434895,2438648.666055729,89.85410546530026,22.027716584682874,power,vegetation,gamma0,36.674476623535156,NISAR_S2_PR_GCOV_028_170_A_013_3700_DHNA_A_20260824T232917_20260824T232954_P00500_M_F_I_001_gcov.tif,Band 1: HHHH,400,0.18079143076203763,0.12413432193761947,0.686616182052391,2.121152683818504,-7.428221582686102,2.8630503198479182,-16.456418506429607,-13.205905112061222,-8.309181290164169,-3.88906978415138,-0.3036201149693261,0
221,ROI 221,point,400,40000.0,794634.0681434895,2438648.666055729,89.85410546530026,22.027716584682874,power,vegetation,gamma0,36.674476623535156,NISAR_S2_PR_GCOV_028_170_A_013_3700_DHNA_A_20260824T232917_20260824T232954_P00500_M_F_I_001_gcov.tif,Band 2: HVHV,400,0.04930229842313565,0.031085762129817455,0.6305134471221754,2.515424539242833,-13.071328338826651,2.6574771579814653,-21.319555948791535,-18.702741808493528,-13.669189760839275,-9.796995167188001,-6.200027574535144,0
221,ROI 221,point,400,40000.0,794634.0681434895,2438648.666055729,89.85410546530026,22.027716584682874,power,vegetation,sigma0,36.674476623535156,NISAR_S2_PR_GCOV_028_170_A_013_3700_DHNA_A_20260824T232917_20260824T232954_P00500_M_F_I_001_gcov.tif,Band 1: HHHH,400,0.14277319427976964,0.09839542571590541,0.6891729656415457,2.105443221732396,-8.453533238565267,2.8916142823738644,-17.506274729116026,-14.298939593291744,-9.348468786254431,-4.8004274097207515,-1.5104810555453485,0
221,ROI 221,point,400,40000.0,794634.0681434895,2438648.666055729,89.85410546530026,22.027716584682874,power,vegetation,sigma0,36.674476623535156,NISAR_S2_PR_GCOV_028_170_A_013_3700_DHNA_A_20260824T232917_20260824T232954_P00500_M_F_I_001_gcov.tif,Band 2: HVHV,400,0.038867372976760205,0.024610411749745733,0.6331894816884313,2.4942077031914347,-14.104148120894038,2.676848619957343,-22.37016655892012,-19.757839213397187,-14.807502989097625,-10.848304567135319,-7.281001011411277,0
222,ROI 222,point,400,39999.999755859375,794083.8609556876,2443809.868826248,89.84971414871538,22.074380345752836,power,vegetation,gamma0,36.62370300292969,NISAR_S2_PR_GCOV_028_170_A_013_3700_DHNA_A_20260824T232917_20260824T232954_P00500_M_F_I_001_gcov.tif,Band 1: HHHH,400,0.1556283589405939,0.09700756030065016,0.6233282992958865,2.5737497125131625,-8.079112620429354,2.7276149934942264,-17.219827007137784,-13.979671732051118,-8.666038687887868,-4.82143983768358,-1.5262612969242921,0
222,ROI 222,point,400,39999.999755859375,794083.8609556876,2443809.868826248,89.84971414871538,22.074380345752836,power,vegetation,gamma0,36.62370300292969,NISAR_S2_PR_GCOV_028_170_A_013_3700_DHNA_A_20260824T232917_20260824T232954_P00500_M_F_I_001_gcov.tif,Band 2: HVHV,400,0.04879620900144801,0.030669892316964483,0.6285302269291937,2.531323571396318,-13.116139172125665,2.7380769298503203,-22.867449439569295,-18.564756622756448,-13.68858459425085,-9.622319046079188,-6.534937426057272,0
222,ROI 222,point,400,39999.999755859375,794083.8609556876,2443809.868826248,89.84971414871538,22.074380345752836,power,vegetation,sigma0,36.62370300292969,NISAR_S2_PR_GCOV_028_170_A_013_3700_DHNA_A_20260824T232917_20260824T232954_P00500_M_F_I_001_gcov.tif,Band 1: HHHH,400,0.12392533855039307,0.0775064122572065,0.6254282874175022,2.556495072566309,-9.068398859764388,2.742007821231605,-18.184942785199475,-14.985266256345835,-9.698331446237592,-5.758913187456471,-2.6452751495435685,0
222,ROI 222,point,400,39999.999755859375,794083.8609556876,2443809.868826248,89.84971414871538,22.074380345752836,power,vegetation,sigma0,36.62370300292969,NISAR_S2_PR_GCOV_028_170_A_013_3700_DHNA_A_20260824T232917_20260824T232954_P00500_M_F_I_001_gcov.tif,Band 2: HVHV,400,0.03872484204572423,0.024404110654026902,0.6301926454654567,2.5179861614903656,-14.120103450034954,2.724617555613146,-23.903545244619366,-19.597790450063396,-14.683543192873076,-10.670275287825993,-7.250874862680287,0
223,ROI 223,point,400,40000.0,794562.3017776042,2444754.7876692708,89.85451736348597,22.082825726228243,power,vegetation,gamma0,36.58110809326172,NISAR_S2_PR_GCOV_028_170_A_013_3700_DHNA_A_20260824T232917_20260824T232954_P00500_M_F_I_001_gcov.tif,Band 1: HHHH,400,0.17519187233643607,0.1196164261604772,0.6827738328566262,2.145093678046345,-7.564860458923341,2.9727271064936636,-21.251491477354655,-13.637539306914888,-8.43560485140924,-3.878780835328304,-0.5450504579127882,0
223,ROI 223,point,400,40000.0,794562.3017776042,2444754.7876692708,89.85451736348597,22.082825726228243,power,vegetation,gamma0,36.58110809326172,NISAR_S2_PR_GCOV_028_170_A_013_3700_DHNA_A_20260824T232917_20260824T232954_P00500_M_F_I_001_gcov.tif,Band 2: HVHV,400,0.05127757464302704,0.03370697617679788,0.6573434178868971,2.3142771255287125,-12.900725245200475,2.8238546579863475,-23.45935542239461,-18.397022594324888,-13.701700495256732,-9.503713007484135,-6.036804956352944,0
223,ROI 223,point,400,40000.0,794562.3017776042,2444754.7876692708,89.85451736348597,22.082825726228243,power,vegetation,sigma0,36.58110809326172,NISAR_S2_PR_GCOV_028_170_A_013_3700_DHNA_A_20260824T232917_20260824T232954_P00500_M_F_I_001_gcov.tif,Band 1: HHHH,400,0.14006178459959787,0.09676866830258449,0.6908998666497237,2.0949312843303303,-8.536803443822858,2.9882259224809893,-22.33962414183622,-14.78034636275683,-9.355270663075109,-4.772272476945766,-1.6060287184912276,0
223,ROI 223,point,400,40000.0,794562.3017776042,2444754.7876692708,89.85451736348597,22.082825726228243,power,vegetation,sigma0,36.58110809326172,NISAR_S2_PR_GCOV_028_170_A_013_3700_DHNA_A_20260824T232917_20260824T232954_P00500_M_F_I_001_gcov.tif,Band 2: HVHV,400,0.04086378698916851,0.026885215709027736,0.6579227646266368,2.3102031561831886,-13.886613882594208,2.8179137036126662,-24.292454586335403,-19.245846255883837,-14.685697713599113,-10.453055495729435,-7.2415422346407485,0
224,ROI 224,point,400,40000.000244140625,795315.8469990325,2445484.4074114477,89.86194557635207,22.089281572324253,power,vegetation,gamma0,36.52655792236328,NISAR_S2_PR_GCOV_028_170_A_013_3700_DHNA_A_20260824T232917_20260824T232954_P00500_M_F_I_001_gcov.tif,Band 1: HHHH,400,0.15472376038087532,0.10436335103615976,0.6745140551086272,2.1979509312621826,-8.104429881110063,2.9661688342391366,-18.45874898480876,-13.88910193123224,-8.813352086820691,-4.531576614512479,-1.480010460729946,0
224,ROI 224,point,400,40000.000244140625,795315.8469990325,2445484.4074114477,89.86194557635207,22.089281572324253,power,vegetation,gamma0,36.52655792236328,NISAR_S2_PR_GCOV_028_170_A_013_3700_DHNA_A_20260824T232917_20260824T232954_P00500_M_F_I_001_gcov.tif,Band 2: HVHV,400,0.047506945150671526,0.03320713451758928,0.6989953660937487,2.046686885219133,-13.232428952145803,2.7915736767106516,-25.401384775409742,-18.704191174994456,-14.026646766672293,-9.641680655821869,-6.152350611856249,0
224,ROI 224,point,400,40000.000244140625,795315.8469990325,2445484.4074114477,89.86194557635207,22.089281572324253,power,vegetation,sigma0,36.52655792236328,NISAR_S2_PR_GCOV_028_170_A_013_3700_DHNA_A_20260824T232917_20260824T232954_P00500_M_F_I_001_gcov.tif,Band 1: HHHH,400,0.12097316776896638,0.08095692230315947,0.6692138744169316,2.2329043886257702,-9.173109468911996,2.9439515513855654,-19.45973175958146,-14.954218049450459,-9.892929884007557,-5.531339166587172,-2.6752632293275065,0
224,ROI 224,point,400,40000.000244140625,795315.8469990325,2445484.4074114477,89.86194557635207,22.089281572324253,power,vegetation,sigma0,36.52655792236328,NISAR_S2_PR_GCOV_028_170_A_013_3700_DHNA_A_20260824T232917_20260824T232954_P00500_M_F_I_001_gcov.tif,Band 2: HVHV,400,0.03707893233312196,0.025378241698035934,0.6844383077170211,2.134673124451528,-14.308727796113946,2.7615005105038044,-26.35326763418146,-19.62610597230745,-15.046265583754666,-10.665761131842181,-7.469051732164049,0
225,ROI 225,point,400,40000.0,795961.7459085938,2445974.8158854167,89.86828855026253,22.09359688843299,power,vegetation,gamma0,36.48148727416992,NISAR_S2_PR_GCOV_028_170_A_013_3700_DHNA_A_20260824T232917_20260824T232954_P00500_M_F_I_001_gcov.tif,Band 1: HHHH,400,0.14715801541693507,0.10852747651540486,0.7374894001384815,1.8386049912221154,-8.322160777265163,3.145074070902814,-18.20844575376291,-14.828233375797948,-9.175528055330549,-4.32589548208869,-0.5226233761000024,0
225,ROI 225,point,400,40000.0,795961.7459085938,2445974.8158854167,89.86828855026253,22.09359688843299,power,vegetation,gamma0,36.48148727416992,NISAR_S2_PR_GCOV_028_170_A_013_3700_DHNA_A_20260824T232917_20260824T232954_P00500_M_F_I_001_gcov.tif,Band 2: HVHV,400,0.042606392916059124,0.0274733109498388,0.6448166359439362,2.405068958026335,-13.705252318864137,2.7744966523349306,-23.96888330448467,-19.183594661154025,-14.420770541693969,-9.969206629271394,-8.079937861105156,0
225,ROI 225,point,400,40000.0,795961.7459085938,2445974.8158854167,89.86828855026253,22.09359688843299,power,vegetation,sigma0,36.48148727416992,NISAR_S2_PR_GCOV_028_170_A_013_3700_DHNA_A_20260824T232917_20260824T232954_P00500_M_F_I_001_gcov.tif,Band 1: HHHH,400,0.11743887530318566,0.08704581081539872,0.7412009915002781,1.8202373301192722,-9.301881165897825,3.151231926131714,-19.338810714921696,-15.808805266804,-10.200021439689657,-5.110186465086944,-1.772452551847676,0
225,ROI 225,point,400,40000.0,795961.7459085938,2445974.8158854167,89.86828855026253,22.09359688843299,power,vegetation,sigma0,36.48148727416992,NISAR_S2_PR_GCOV_028_170_A_013_3700_DHNA_A_20260824T232917_20260824T232954_P00500_M_F_I_001_gcov.tif,Band 2: HVHV,400,0.03414947750692964,0.022605532018252026,0.661958356864022,2.282120969027781,-14.666159367143141,2.813388674910941,-25.18950364600421,-20.283077538475194,-15.542848365667412,-10.789266986275909,-8.725701105874526,0
226,ROI 226,point,400,40000.0,796631.5653213542,2446548.946811979,89.87487881829823,22.098663267610636,power,vegetation,gamma0,36.43397521972656,NISAR_S2_PR_GCOV_028_170_A_013_3700_DHNA_A_20260824T232917_20260824T232954_P00500_M_F_I_001_gcov.tif,Band 1: HHHH,400,0.17502899113576859,0.14121803428229646,0.8068265340840293,1.5361713289229495,-7.5689001047088365,3.480067305712744,-19.66662565837837,-14.550551134110634,-8.832982569372366,-3.235478073317803,-0.405531996777386,0
226,ROI 226,point,400,40000.0,796631.5653213542,2446548.946811979,89.87487881829823,22.098663267610636,power,vegetation,gamma0,36.43397521972656,NISAR_S2_PR_GCOV_028_170_A_013_3700_DHNA_A_20260824T232917_20260824T232954_P00500_M_F_I_001_gcov.tif,Band 2: HVHV,400,0.051032651250134224,0.03857953175844539,0.7559774147212059,1.7497756083473308,-12.921518685991122,3.0759819901528163,-25.580995912412348,-18.70718266009009,-14.006245231153173,-8.940984744509162,-5.415054343094728,0
226,ROI 226,point,400,40000.0,796631.5653213542,2446548.946811979,89.87487881829823,22.098663267610636,power,vegetation,sigma0,36.43397521972656,NISAR_S2_PR_GCOV_028_170_A_013_3700_DHNA_A_20260824T232917_20260824T232954_P00500_M_F_I_001_gcov.tif,Band 1: HHHH,400,0.14050476247925203,0.11437511780773586,0.8140301850951518,1.5091033439262576,-8.523089548805697,3.509218162143949,-20.79889349227319,-15.46282567747605,-9.89265533416605,-4.232861271171883,-1.3471692878748411,0
226,ROI 226,point,400,40000.0,796631.5653213542,2446548.946811979,89.87487881829823,22.098663267610636,power,vegetation,sigma0,36.43397521972656,NISAR_S2_PR_GCOV_028_170_A_013_3700_DHNA_A_20260824T232917_20260824T232954_P00500_M_F_I_001_gcov.tif,Band 2: HVHV,400,0.041089328972184216,0.03198023177694051,0.7783099061702811,1.6508016101611183,-13.862709511220956,3.112932711720487,-26.71326374630717,-19.70654300382297,-14.971727540973118,-9.716445884068662,-6.312514719581808,0
227,ROI 227,point,400,39999.999755859375,797169.8146861113,2447362.3039333476,89.8802394466425,22.105910340738134,power,vegetation,gamma0,36.39042282104492,NISAR_S2_PR_GCOV_028_170_A_013_3700_DHNA_A_20260824T232917_20260824T232954_P00500_M_F_I_001_gcov.tif,Band 1: HHHH,400,0.1584305333904922,0.11862347412487384,0.7487412406325504,1.783760286455024,-8.00161115643528,3.023250708721945,-17.698524646293336,-13.926789600531468,-9.034084752689003,-3.9579871038351295,-0.9419868136187952,0
227,ROI 227,point,400,39999.999755859375,797169.8146861113,2447362.3039333476,89.8802394466425,22.105910340738134,power,vegetation,gamma0,36.39042282104492,NISAR_S2_PR_GCOV_028_170_A_013_3700_DHNA_A_20260824T232917_20260824T232954_P00500_M_F_I_001_gcov.tif,Band 2: HVHV,400,0.05117586981505155,0.03856793393426965,0.7536351423757583,1.7606689961697028,-12.909347670793919,3.0183307668596266,-21.88338898333264,-19.124505748238086,-13.85370219306254,-9.187996402292294,-4.711641440709185,0
227,ROI 227,point,400,39999.999755859375,797169.8146861113,2447362.3039333476,89.8802394466425,22.105910340738134,power,vegetation,sigma0,36.39042282104492,NISAR_S2_PR_GCOV_028_170_A_013_3700_DHNA_A_20260824T232917_20260824T232954_P00500_M_F_I_001_gcov.tif,Band 1: HHHH,400,0.12556396418292276,0.09208549288003669,0.7333751644371922,1.859292009171191,-9.011349816340562,2.9929349591688723,-18.63777280211795,-15.049157621647822,-10.13914492072969,-4.942611528542148,-2.3857219963010423,0
227,ROI 227,point,400,39999.999755859375,797169.8146861113,2447362.3039333476,89.8802394466425,22.105910340738134,power,vegetation,sigma0,36.39042282104492,NISAR_S2_PR_GCOV_028_170_A_013_3700_DHNA_A_20260824T232917_20260824T232954_P00500_M_F_I_001_gcov.tif,Band 2: HVHV,400,0.041936456177639025,0.03633685646396722,0.8664741796504595,1.3319525354328576,-13.774082721902577,3.1297160235203174,-23.026905632877124,-20.34694486868096,-14.830453671349506,-9.780222214294866,-4.496417291586457,0
228,ROI 228,point,400,40000.0,797444.9174665365,2448115.8457958335,89.8830415309992,22.112662496132053,power,vegetation,gamma0,36.362327575683594,NISAR_S2_PR_GCOV_028_170_A_013_3700_DHNA_A_20260824T232917_20260824T232954_P00500_M_F_I_001_gcov.tif,Band 1: HHHH,400,0.15810101645300165,0.10946377653216123,0.6923660517053114,2.086068040092939,-8.010653379203482,3.017543260956762,-20.83651326361084,-14.369749981091593,-8.763383078149774,-4.438207777994938,-1.2436755020616967,0
228,ROI 228,point,400,40000.0,797444.9174665365,2448115.8457958335,89.8830415309992,22.112662496132053,power,vegetation,gamma0,36.362327575683594,NISAR_S2_PR_GCOV_028_170_A_013_3700_DHNA_A_20260824T232917_20260824T232954_P00500_M_F_I_001_gcov.tif,Band 2: HVHV,400,0.051022821178194136,0.03547228107803116,0.6952238284540627,2.0689533675610425,-12.922355318444419,2.804552497941878,-22.592089349262146,-18.636887050818046,-13.88384305763057,-9.11359427510812,-5.962432472591757,0
228,ROI 228,point,400,40000.0,797444.9174665365,2448115.8457958335,89.8830415309992,22.112662496132053,power,vegetation,sigma0,36.362327575683594,NISAR_S2_PR_GCOV_028_170_A_013_3700_DHNA_A_20260824T232917_20260824T232954_P00500_M_F_I_001_gcov.tif,Band 1: HHHH,400,0.1277494214583489,0.08695682667745015,0.6806827434893813,2.158293579425046,-8.93641057987892,2.99241992593101,-21.76901122332008,-15.147703307067818,-9.669121236977237,-5.310540503029095,-2.254002804517569,0
228,ROI 228,point,400,40000.0,797444.9174665365,2448115.8457958335,89.8830415309992,22.112662496132053,power,vegetation,sigma0,36.362327575683594,NISAR_S2_PR_GCOV_028_170_A_013_3700_DHNA_A_20260824T232917_20260824T232954_P00500_M_F_I_001_gcov.tif,Band 2: HVHV,400,0.041576876237223885,0.029533136741022578,0.7103260132511227,1.9819128842449474,-13.811481432849389,2.822478259275327,-23.3990906828764,-19.6031040180342,-14.886638197295687,-9.942633218228156,-6.450475773139023,0
229,ROI 229,point,400,39999.999755859375,797875.5172833874,2449407.645358852,89.88744871323954,22.12424458009661,power,vegetation,gamma0,36.31694793701172,NISAR_S2_PR_GCOV_028_170_A_013_3700_DHNA_A_20260824T232917_20260824T232954_P00500_M_F_I_001_gcov.tif,Band 1: HHHH,400,0.1892762474785559,0.15614793013477193,0.8249737207647396,1.469331438429507,-7.229038827938668,3.4913236069949787,-18.594203470400657,-14.241948137808118,-8.31093304192694,-3.1595336453543728,1.7420096148012432,0
229,ROI 229,point,400,39999.999755859375,797875.5172833874,2449407.645358852,89.88744871323954,22.12424458009661,power,vegetation,gamma0,36.31694793701172,NISAR_S2_PR_GCOV_028_170_A_013_3700_DHNA_A_20260824T232917_20260824T232954_P00500_M_F_I_001_gcov.tif,Band 2: HVHV,400,0.054510938202729446,0.039750517552527495,0.7292209391937622,1.8805363761040363,-12.635163431463656,3.1615009550498265,-23.49453160341975,-19.128319903181954,-13.346066987906454,-8.935567008816323,-4.925185551034727,0
229,ROI 229,point,400,39999.999755859375,797875.5172833874,2449407.645358852,89.88744871323954,22.12424458009661,power,vegetation,sigma0,36.31694793701172,NISAR_S2_PR_GCOV_028_170_A_013_3700_DHNA_A_20260824T232917_20260824T232954_P00500_M_F_I_001_gcov.tif,Band 1: HHHH,400,0.15066727213024667,0.12437937379412077,0.8255234997989417,1.467375010468341,-8.219810746717972,3.491611739561005,-19.57904805898489,-15.225668580925095,-9.327263609319363,-4.145041194758231,0.7571299530984478,0
229,ROI 229,point,400,39999.999755859375,797875.5172833874,2449407.645358852,89.88744871323954,22.12424458009661,power,vegetation,sigma0,36.31694793701172,NISAR_S2_PR_GCOV_028_170_A_013_3700_DHNA_A_20260824T232917_20260824T232954_P00500_M_F_I_001_gcov.tif,Band 2: HVHV,400,0.04339604020223459,0.03167943692357766,0.7300075485215904,1.8764858687177703,-13.625498971413357,3.162098576275357,-24.479144002113614,-20.112936152138566,-14.345478013493814,-9.92077034772329,-5.909891473673881,0
230,ROI 230,point,900,90000.0,605715.4647820602,2373789.8130641202,88.02033463405712,21.46349548821775,power,water,gamma0,47.14695358276367,NISAR_S2_PR_GCOV_028_170_A_013_3700_DHNA_A_20260824T232917_20260824T232954_P00500_M_F_I_001_gcov.tif,Band 1: HHHH,900,0.048754333342529,0.028836423986458058,0.5914638147929241,2.8585358281089315,-13.119867776452136,2.491782109415826,-22.27188158899964,-18.01419687373578,-13.840197595219179,-9.862429943731218,-6.249445378851539,0
230,ROI 230,point,900,90000.0,605715.4647820602,2373789.8130641202,88.02033463405712,21.46349548821775,power,water,gamma0,47.14695358276367,NISAR_S2_PR_GCOV_028_170_A_013_3700_DHNA_A_20260824T232917_20260824T232954_P00500_M_F_I_001_gcov.tif,Band 2: HVHV,900,0.023460628870719424,0.013760721393778822,0.5865452912455048,2.906677806887783,-16.296603506423665,2.463434856581197,-27.430871148697555,-20.937728633272744,-16.88719336283367,-12.970787191083424,-10.258488754448162,0
230,ROI 230,point,900,90000.0,605715.4647820602,2373789.8130641202,88.02033463405712,21.46349548821775,power,water,sigma0,47.14695358276367,NISAR_S2_PR_GCOV_028_170_A_013_3700_DHNA_A_20260824T232917_20260824T232954_P00500_M_F_I_001_gcov.tif,Band 1: HHHH,900,0.032757494741447284,0.019374798301599657,0.5914615404664992,2.858557811807364,-14.846893200242393,2.491801484237944,-23.99890893019854,-19.74087562569323,-15.566966915412369,-11.589676780688558,-7.9767901955643294,0
230,ROI 230,point,900,90000.0,605715.4647820602,2373789.8130641202,88.02033463405712,21.46349548821775,power,water,sigma0,47.14695358276367,NISAR_S2_PR_GCOV_028_170_A_013_3700_DHNA_A_20260824T232917_20260824T232954_P00500_M_F_I_001_gcov.tif,Band 2: HVHV,900,0.01576292588931471,0.009245687425606997,0.5865463994774228,2.9066668230335435,-18.023631663106574,2.4634462859335953,-29.158177820887694,-22.66507343930025,-18.613918040697655,-14.697459743549153,-11.985377785296354,0
231,ROI 231,point,900,90000.0,607330.2080101273,2374032.0245481483,88.03593320859856,21.465587758185844,power,water,gamma0,47.0716552734375,NISAR_S2_PR_GCOV_028_170_A_013_3700_DHNA_A_20260824T232917_20260824T232954_P00500_M_F_I_001_gcov.tif,Band 1: HHHH,900,0.04418457263175191,0.025905012706755364,0.5862908966587923,2.909200798555078,-13.54729341294462,2.5421248892100614,-24.490295665240073,-18.47726686737744,-14.225530893337544,-10.112462230626031,-7.686687265280736,0
231,ROI 231,point,900,90000.0,607330.2080101273,2374032.0245481483,88.03593320859856,21.465587758185844,power,water,gamma0,47.0716552734375,NISAR_S2_PR_GCOV_028_170_A_013_3700_DHNA_A_20260824T232917_20260824T232954_P00500_M_F_I_001_gcov.tif,Band 2: HVHV,900,0.023511396386764114,0.013662076698735065,0.5810831680940148,2.9615795916542464,-16.287215765298036,2.541995550942634,-26.552814706534615,-21.218393727504253,-16.859500136469254,-13.012248442219779,-10.050684822587835,0
231,ROI 231,point,900,90000.0,607330.2080101273,2374032.0245481483,88.03593320859856,21.465587758185844,power,water,sigma0,47.0716552734375,NISAR_S2_PR_GCOV_028_170_A_013_3700_DHNA_A_20260824T232917_20260824T232954_P00500_M_F_I_001_gcov.tif,Band 1: HHHH,900,0.029729353383894857,0.017430515842617685,0.5863065912513333,2.9090450503143965,-15.268145366363102,2.5421527150147254,-26.211565086273257,-20.198140446859185,-15.946644476302192,-11.833591274395825,-9.406919109104003,0
231,ROI 231,point,900,90000.0,607330.2080101273,2374032.0245481483,88.03593320859856,21.465587758185844,power,water,sigma0,47.0716552734375,NISAR_S2_PR_GCOV_028_170_A_013_3700_DHNA_A_20260824T232917_20260824T232954_P00500_M_F_I_001_gcov.tif,Band 2: HVHV,900,0.015819442416941956,0.00919240475880669,0.5810827282358582,2.9615840752686085,-18.00808828013617,2.5419958056007768,-28.27382211304213,-22.939387073068854,-18.580425765037425,-14.733364800612453,-11.771767253665972,0
232,ROI 232,point,900,90000.00024414062,609308.2679133492,2374556.813949806,88.05505681116095,21.470209168772996,power,water,gamma0,46.9771842956543,NISAR_S2_PR_GCOV_028_170_A_013_3700_DHNA_A_20260824T232917_20260824T232954_P00500_M_F_I_001_gcov.tif,Band 1: HHHH,900,0.04424316276382241,0.026482948572278106,0.5985772019430127,2.790998842515788,-13.541538346468716,2.53145986615612,-22.05961324924906,-18.61074063015201,-14.239444331928988,-10.086043347956537,-7.328439028054252,0
232,ROI 232,point,900,90000.00024414062,609308.2679133492,2374556.813949806,88.05505681116095,21.470209168772996,power,water,gamma0,46.9771842956543,NISAR_S2_PR_GCOV_028_170_A_013_3700_DHNA_A_20260824T232917_20260824T232954_P00500_M_F_I_001_gcov.tif,Band 2: HVHV,900,0.022758555710574405,0.014295172211801193,0.6281229966257993,2.5346068959378436,-16.428553023310247,2.5945845280499396,-27.797065729519915,-21.348818192601215,-17.11665270135512,-12.86624390390873,-9.833200206942907,0
232,ROI 232,point,900,90000.00024414062,609308.2679133492,2374556.813949806,88.05505681116095,21.470209168772996,power,water,sigma0,46.9771842956543,NISAR_S2_PR_GCOV_028_170_A_013_3700_DHNA_A_20260824T232917_20260824T232954_P00500_M_F_I_001_gcov.tif,Band 1: HHHH,900,0.029821989778709302,0.017850920595399382,0.5985824798365272,2.7909496244706764,-15.254633829794638,2.5314877364778474,-23.772535989772628,-20.324425078598768,-15.952864152366512,-11.799411742172786,-9.041820699732662,0
232,ROI 232,point,900,90000.00024414062,609308.2679133492,2374556.813949806,88.05505681116095,21.470209168772996,power,water,sigma0,46.9771842956543,NISAR_S2_PR_GCOV_028_170_A_013_3700_DHNA_A_20260824T232917_20260824T232954_P00500_M_F_I_001_gcov.tif,Band 2: HVHV,900,0.015340334064295294,0.009635771246717974,0.6281330775674098,2.5345255405053746,-18.141651827142663,2.5945949943576445,-29.510251533434463,-23.061997972127543,-18.829878996464664,-14.578710318938244,-11.546446690514378,0
233,ROI 233,point,900,89999.99975585938,610600.0635987198,2374920.13547155,88.06754766462045,21.473412132697987,power,water,gamma0,46.91436767578125,NISAR_S2_PR_GCOV_028_170_A_013_3700_DHNA_A_20260824T232917_20260824T232954_P00500_M_F_I_001_gcov.tif,Band 1: HHHH,900,0.0419388250903123,0.025708811337473568,0.6130074288469326,2.661144912877528,-13.773837403928832,2.5118430533560545,-23.19089942357809,-18.750220753205156,-14.441351483162324,-10.32643046573875,-6.387728597772908,0
233,ROI 233,point,900,89999.99975585938,610600.0635987198,2374920.13547155,88.06754766462045,21.473412132697987,power,water,gamma0,46.91436767578125,NISAR_S2_PR_GCOV_028_170_A_013_3700_DHNA_A_20260824T232917_20260824T232954_P00500_M_F_I_001_gcov.tif,Band 2: HVHV,900,0.022393049856699588,0.014026885096747292,0.6263945816451932,2.5486137111819422,-16.4988675297155,2.5182172998411163,-25.234683506837992,-21.411628107466335,-17.122661882189043,-13.284086157670199,-9.293420301639369,0
233,ROI 233,point,900,89999.99975585938,610600.0635987198,2374920.13547155,88.06754766462045,21.473412132697987,power,water,sigma0,46.91436767578125,NISAR_S2_PR_GCOV_028_170_A_013_3700_DHNA_A_20260824T232917_20260824T232954_P00500_M_F_I_001_gcov.tif,Band 1: HHHH,900,0.02830180059853909,0.017348934418684042,0.6129975496887494,2.661230688370111,-15.481859331989078,2.5118162353077715,-24.898545445449948,-20.458481728227472,-16.149223943492434,-12.03425283192001,-8.096186300428514,0
233,ROI 233,point,900,89999.99975585938,610600.0635987198,2374920.13547155,88.06754766462045,21.473412132697987,power,water,sigma0,46.91436767578125,NISAR_S2_PR_GCOV_028_170_A_013_3700_DHNA_A_20260824T232917_20260824T232954_P00500_M_F_I_001_gcov.tif,Band 2: HVHV,900,0.01511165687811018,0.00946569366801763,0.6263835755647056,2.5487032744947897,-18.206879159673186,2.518218637230465,-26.942982774060454,-23.119090254894505,-18.830203764053703,-14.991983368510816,-11.001489023023643,0
234,ROI 234,point,900,90000.0,612578.1235011574,2375364.187711574,88.0866677153513,21.4773004995227,power,water,gamma0,46.82048034667969,NISAR_S2_PR_GCOV_028_170_A_013_3700_DHNA_A_20260824T232917_20260824T232954_P00500_M_F_I_001_gcov.tif,Band 1: HHHH,900,0.041060046680892505,0.024143550906961794,0.5880059293307407,2.8922550572487613,-13.86580561218654,2.512242742922405,-23.092987060176668,-18.823217605394845,-14.513363563569419,-10.404891910731548,-7.257286539446254,0
234,ROI 234,point,900,90000.0,612578.1235011574,2375364.187711574,88.0866677153513,21.4773004995227,power,water,gamma0,46.82048034667969,NISAR_S2_PR_GCOV_028_170_A_013_3700_DHNA_A_20260824T232917_20260824T232954_P00500_M_F_I_001_gcov.tif,Band 2: HVHV,900,0.02151665634346298,0.012701754968578111,0.590321970376083,2.8696049059267983,-16.672252164818154,2.5221640423756284,-26.428048878316147,-21.694728990019954,-17.326815016214454,-13.327412476023516,-9.823429120235316,0
234,ROI 234,point,900,90000.0,612578.1235011574,2375364.187711574,88.0866677153513,21.4773004995227,power,water,sigma0,46.82048034667969,NISAR_S2_PR_GCOV_028_170_A_013_3700_DHNA_A_20260824T232917_20260824T232954_P00500_M_F_I_001_gcov.tif,Band 1: HHHH,900,0.027758111904509226,0.01632231742602108,0.5880197285093286,2.8921193125659723,-15.566100777467213,2.5122719070546693,-24.793594395656584,-20.52361641234822,-16.213872212637185,-12.104867953437568,-8.957067196780399,0
234,ROI 234,point,900,90000.0,612578.1235011574,2375364.187711574,88.0866677153513,21.4773004995227,power,water,sigma0,46.82048034667969,NISAR_S2_PR_GCOV_028_170_A_013_3700_DHNA_A_20260824T232917_20260824T232954_P00500_M_F_I_001_gcov.tif,Band 2: HVHV,900,0.014546010236756241,0.008586933309329095,0.5903291122146206,2.869535473027386,-18.372561111296896,2.522170212036271,-28.12894648828439,-23.394464108981147,-19.02757269246009,-15.027511230342752,-11.523156560050879,0
235,ROI 235,point,900,90000.0,614435.0782130787,2375929.3478421294,88.10462809441606,21.482288384505644,power,water,gamma0,46.72980499267578,NISAR_S2_PR_GCOV_028_170_A_013_3700_DHNA_A_20260824T232917_20260824T232954_P00500_M_F_I_001_gcov.tif,Band 1: HHHH,900,0.04645174114913162,0.027667274802190008,0.5956132992596602,2.818845202673751,-13.329980027190352,2.50315369209324,-22.229113356892455,-18.18703005549954,-14.103718562423683,-10.098883403831461,-6.841936877574084,0
235,ROI 235,point,900,90000.0,614435.0782130787,2375929.3478421294,88.10462809441606,21.482288384505644,power,water,gamma0,46.72980499267578,NISAR_S2_PR_GCOV_028_170_A_013_3700_DHNA_A_20260824T232917_20260824T232954_P00500_M_F_I_001_gcov.tif,Band 2: HVHV,900,0.02271772526152846,0.013092328591324844,0.5763045569309779,3.0108969569173616,-16.43635156932151,2.496607434945831,-25.664994186268775,-21.349895939621497,-17.120344159842748,-13.120264479288865,-10.496011330836145,0
235,ROI 235,point,900,90000.0,614435.0782130787,2375929.3478421294,88.10462809441606,21.482288384505644,power,water,sigma0,46.72980499267578,NISAR_S2_PR_GCOV_028_170_A_013_3700_DHNA_A_20260824T232917_20260824T232954_P00500_M_F_I_001_gcov.tif,Band 1: HHHH,900,0.031456745017863864,0.018736464517897917,0.595626295958394,2.818722188352774,-15.022862179465209,2.503203826111672,-23.92244566157484,-19.880390875683922,-15.796471302105594,-11.791903068976264,-8.534570022547598,0
235,ROI 235,point,900,90000.0,614435.0782130787,2375929.3478421294,88.10462809441606,21.482288384505644,power,water,sigma0,46.72980499267578,NISAR_S2_PR_GCOV_028_170_A_013_3700_DHNA_A_20260824T232917_20260824T232954_P00500_M_F_I_001_gcov.tif,Band 2: HVHV,900,0.015384181407863191,0.008865997606782307,0.5763061011651034,3.0108808213130693,-18.129256076067158,2.496620750815607,-27.35762236222127,-23.043128831020706,-18.81327720722769,-14.81300285740993,-12.188664734184954,0
236,ROI 236,point,900,90000.0,616614.9815708334,2376333.033648148,88.1256954235906,21.485794656699266,power,water,gamma0,46.62636184692383,NISAR_S2_PR_GCOV_028_170_A_013_3700_DHNA_A_20260824T232917_20260824T232954_P00500_M_F_I_001_gcov.tif,Band 1: HHHH,900,0.04651434007100761,0.028446516305193383,0.6115644393055486,2.6737176992775833,-13.324131362796667,2.521254944023095,-21.437851679920286,-18.190096685390998,-14.022592650685269,-9.833811089303467,-7.218830526517842,0
236,ROI 236,point,900,90000.0,616614.9815708334,2376333.033648148,88.1256954235906,21.485794656699266,power,water,gamma0,46.62636184692383,NISAR_S2_PR_GCOV_028_170_A_013_3700_DHNA_A_20260824T232917_20260824T232954_P00500_M_F_I_001_gcov.tif,Band 2: HVHV,900,0.02271624163258821,0.013858005341348447,0.6100483330599928,2.687023783346367,-16.436635203750207,2.5283003120638323,-26.365069891914406,-21.099699386510938,-17.158855412462508,-13.04957091989981,-9.995642601326667,0
236,ROI 236,point,900,90000.0,616614.9815708334,2376333.033648148,88.1256954235906,21.485794656699266,power,water,sigma0,46.62636184692383,NISAR_S2_PR_GCOV_028_170_A_013_3700_DHNA_A_20260824T232917_20260824T232954_P00500_M_F_I_001_gcov.tif,Band 1: HHHH,900,0.031559648393417905,0.01930082048424518,0.6115663978141964,2.673700574429424,-15.008678439179095,2.5212793184799085,-23.1225145662666,-19.875092060023597,-15.706813946348166,-11.518037678186081,-8.90302491712461,0
236,ROI 236,point,900,90000.0,616614.9815708334,2376333.033648148,88.1256954235906,21.485794656699266,power,water,sigma0,46.62636184692383,NISAR_S2_PR_GCOV_028_170_A_013_3700_DHNA_A_20260824T232917_20260824T232954_P00500_M_F_I_001_gcov.tif,Band 2: HVHV,900,0.015412760840778309,0.009402466638470216,0.61004428314969,2.6870594602364775,-18.121195604690683,2.528302492254115,-28.049699203594997,-22.784102648437866,-18.84319843853527,-14.733956309180986,-11.680314262912484,0
237,ROI 237,point,900,90000.0,618552.6734447338,2376777.0880358797,88.14442869729668,21.489678916845225,power,water,gamma0,46.53310012817383,NISAR_S2_PR_GCOV_028_170_A_013_3700_DHNA_A_20260824T232917_20260824T232954_P00500_M_F_I_001_gcov.tif,Band 1: HHHH,900,0.046240653922367425,0.02759010837070329,0.5966634558634013,2.80893132642654,-13.34976032873261,2.606019758091541,-23.88194971398155,-18.552587181036845,-14.000743957533725,-9.856360374609457,-7.501384606981363,0
237,ROI 237,point,900,90000.0,618552.6734447338,2376777.0880358797,88.14442869729668,21.489678916845225,power,water,gamma0,46.53310012817383,NISAR_S2_PR_GCOV_028_170_A_013_3700_DHNA_A_20260824T232917_20260824T232954_P00500_M_F_I_001_gcov.tif,Band 2: HVHV,900,0.023181719441587725,0.014158393153501396,0.6107568159116536,2.680793460365851,-16.348543545545212,2.587418354673653,-27.687788388581644,-21.53113078809433,-17.08242097142191,-13.132664099891107,-10.253575846260432,0
237,ROI 237,point,900,90000.0,618552.6734447338,2376777.0880358797,88.14442869729668,21.489678916845225,power,water,sigma0,46.53310012817383,NISAR_S2_PR_GCOV_028_170_A_013_3700_DHNA_A_20260824T232917_20260824T232954_P00500_M_F_I_001_gcov.tif,Band 1: HHHH,900,0.031428653568627195,0.018752469350096935,0.5966679199014775,2.8088892959131853,-15.026742241443943,2.606058636346412,-25.55957180049388,-20.229771368962357,-15.677544630199245,-11.53332001806762,-9.17881966888064,0
237,ROI 237,point,900,90000.0,618552.6734447338,2376777.0880358797,88.14442869729668,21.489678916845225,power,water,sigma0,46.53310012817383,NISAR_S2_PR_GCOV_028_170_A_013_3700_DHNA_A_20260824T232917_20260824T232954_P00500_M_F_I_001_gcov.tif,Band 2: HVHV,900,0.01575599421584509,0.00962309607214094,0.6107577814710942,2.6807849841303737,-18.025541872959387,2.5874191552843255,-29.365120990309403,-23.208470727576014,-18.759212166924325,-14.809976533366045,-11.931072613964563,0
238,ROI 238,point,900,90000.0,620288.5224145255,2377180.7738430556,88.16121176866068,21.49320992315588,power,water,gamma0,46.44951629638672,NISAR_S2_PR_GCOV_028_170_A_013_3700_DHNA_A_20260824T232917_20260824T232954_P00500_M_F_I_001_gcov.tif,Band 1: HHHH,900,0.04476224613531182,0.02742338504210846,0.6126454190705778,2.6642907622309253,-13.4908812903161,2.5251570693444423,-24.214709936476293,-18.43302333694996,-14.119295163276401,-10.19150432396309,-6.839225551143927,0
238,ROI 238,point,900,90000.0,620288.5224145255,2377180.7738430556,88.16121176866068,21.49320992315588,power,water,gamma0,46.44951629638672,NISAR_S2_PR_GCOV_028_170_A_013_3700_DHNA_A_20260824T232917_20260824T232954_P00500_M_F_I_001_gcov.tif,Band 2: HVHV,900,0.023163924935377306,0.014247620317604287,0.6150779868848774,2.6432584634723453,-16.351878511037235,2.510939936456464,-24.551219126498406,-21.29189142581009,-16.94118437032747,-13.108763721894064,-8.480417673489956,0
238,ROI 238,point,900,90000.0,620288.5224145255,2377180.7738430556,88.16121176866068,21.49320992315588,power,water,sigma0,46.44951629638672,NISAR_S2_PR_GCOV_028_170_A_013_3700_DHNA_A_20260824T232917_20260824T232954_P00500_M_F_I_001_gcov.tif,Band 1: HHHH,900,0.03047058085320827,0.018668119767414348,0.6126604496759624,2.6641600359473254,-15.16119266849242,2.525193175991711,-25.885019686992585,-20.103622442431064,-15.790021214295853,-11.86208782965087,-8.509060746994315,0
238,ROI 238,point,900,90000.0,620288.5224145255,2377180.7738430556,88.16121176866068,21.49320992315588,power,water,sigma0,46.44951629638672,NISAR_S2_PR_GCOV_028_170_A_013_3700_DHNA_A_20260824T232917_20260824T232954_P00500_M_F_I_001_gcov.tif,Band 2: HVHV,900,0.015768138693748535,0.009698825070491171,0.6150900406740071,2.643154865735957,-18.022195687346535,2.510965738382752,-26.221757807341454,-22.96173869910065,-18.611440273726874,-14.77963193544895,-10.150254770497568,0
239,ROI 239,point,900,89999.99975585938,622468.4263351972,2377786.3047040934,88.18229641595393,21.49853222782265,power,water,gamma0,46.34287643432617,NISAR_S2_PR_GCOV_028_170_A_013_3700_DHNA_A_20260824T232917_20260824T232954_P00500_M_F_I_001_gcov.tif,Band 1: HHHH,900,0.0421879183806272,0.024587673707278112,0.5828131524633089,2.9440237685925466,-13.748119028738657,2.5581048389191987,-23.332716042679774,-18.662295627564916,-14.265674385197332,-10.506923324275599,-6.343073869896304,0
239,ROI 239,point,900,89999.99975585938,622468.4263351972,2377786.3047040934,88.18229641595393,21.49853222782265,power,water,gamma0,46.34287643432617,NISAR_S2_PR_GCOV_028_170_A_013_3700_DHNA_A_20260824T232917_20260824T232954_P00500_M_F_I_001_gcov.tif,Band 2: HVHV,900,0.022625792894460674,0.013059633894150335,0.5772011595380439,3.001550193471,-16.453961925136866,2.4497423362993427,-25.88607028811479,-21.44707809365141,-17.02722311379253,-13.237880055409237,-10.260520204705621,0
239,ROI 239,point,900,89999.99975585938,622468.4263351972,2377786.3047040934,88.18229641595393,21.49853222782265,power,water,sigma0,46.34287643432617,NISAR_S2_PR_GCOV_028_170_A_013_3700_DHNA_A_20260824T232917_20260824T232954_P00500_M_F_I_001_gcov.tif,Band 1: HHHH,900,0.02877168275785088,0.01676869170433992,0.5828192895587337,2.943961767694506,-15.410347369599613,2.5581218809437116,-24.99469971832451,-20.324514312726656,-15.927666727788301,-12.169289452823504,-8.005238212514369,0
239,ROI 239,point,900,89999.99975585938,622468.4263351972,2377786.3047040934,88.18229641595393,21.49853222782265,power,water,sigma0,46.34287643432617,NISAR_S2_PR_GCOV_028_170_A_013_3700_DHNA_A_20260824T232917_20260824T232954_P00500_M_F_I_001_gcov.tif,Band 2: HVHV,900,0.015430468742876915,0.00890637864303677,0.5771943024834014,3.0016215105850312,-18.116208808485297,2.44972951525214,-27.548477556157085,-23.10969591330497,-18.689166845192545,-14.900514368677683,-11.923294923272623,0
240,ROI 240,point,900,90000.00024414062,624325.3799200665,2378230.354790304,88.20025318410353,21.50241555563696,power,water,gamma0,46.25243377685547,NISAR_S2_PR_GCOV_028_170_A_013_3700_DHNA_A_20260824T232917_20260824T232954_P00500_M_F_I_001_gcov.tif,Band 1: HHHH,900,0.0493972563283104,0.02983695458318142,0.6040204821270885,2.740921949247831,-13.062971724238386,2.6754023672575618,-23.579008163748036,-18.324128164231446,-13.745734021355151,-9.795024944947103,-7.373232132936839,0
240,ROI 240,point,900,90000.00024414062,624325.3799200665,2378230.354790304,88.20025318410353,21.50241555563696,power,water,gamma0,46.25243377685547,NISAR_S2_PR_GCOV_028_170_A_013_3700_DHNA_A_20260824T232917_20260824T232954_P00500_M_F_I_001_gcov.tif,Band 2: HVHV,900,0.024575119443341262,0.014341461977266774,0.5835764912692075,2.9363270300994504,-16.095043626735297,2.495314653600207,-24.986645026466373,-21.03554713119042,-16.62210421641253,-12.86253425757482,-9.597187461218638,0
240,ROI 240,point,900,90000.00024414062,624325.3799200665,2378230.354790304,88.20025318410353,21.50241555563696,power,water,sigma0,46.25243377685547,NISAR_S2_PR_GCOV_028_170_A_013_3700_DHNA_A_20260824T232917_20260824T232954_P00500_M_F_I_001_gcov.tif,Band 1: HHHH,900,0.033748565449784135,0.02038502320066586,0.6040263616833601,2.7408685895687652,-14.717446829954415,2.6754204804145116,-25.233053712517588,-19.97894635394485,-15.399984504993744,-11.449917601344545,-9.027081819915958,0
240,ROI 240,point,900,90000.00024414062,624325.3799200665,2378230.354790304,88.20025318410353,21.50241555563696,power,water,sigma0,46.25243377685547,NISAR_S2_PR_GCOV_028_170_A_013_3700_DHNA_A_20260824T232917_20260824T232954_P00500_M_F_I_001_gcov.tif,Band 2: HVHV,900,0.016789879914124513,0.009798241274041513,0.5835801878367651,2.9362898311091943,-17.749524100453687,2.4953286115349136,-26.64146956370554,-22.690268106863734,-18.276569347989803,-14.517322543459496,-11.251495561989096,0
241,ROI 241,point,900,90000.0,626505.2838423032,2378755.148490046,88.22133424462004,21.50700349525739,power,water,gamma0,46.1462287902832,NISAR_S2_PR_GCOV_028_170_A_013_3700_DHNA_A_20260824T232917_20260824T232954_P00500_M_F_I_001_gcov.tif,Band 1: HHHH,900,0.04101012453436852,0.024756514206917504,0.6036683499015059,2.744120554731152,-13.871089118998615,2.5522740169818094,-23.18981298673817,-19.011023163189616,-14.56020506706875,-10.763671210081561,-6.785937132236937,0
241,ROI 241,point,900,90000.0,626505.2838423032,2378755.148490046,88.22133424462004,21.50700349525739,power,water,gamma0,46.1462287902832,NISAR_S2_PR_GCOV_028_170_A_013_3700_DHNA_A_20260824T232917_20260824T232954_P00500_M_F_I_001_gcov.tif,Band 2: HVHV,900,0.022054264689795672,0.012389429407824558,0.5617702327458256,3.168710435472698,-16.5650741743614,2.412817377099757,-24.960913104787373,-21.161824472051038,-17.19329107876023,-13.172412512673045,-10.697521018964443,0
241,ROI 241,point,900,90000.0,626505.2838423032,2378755.148490046,88.22133424462004,21.50700349525739,power,water,sigma0,46.1462287902832,NISAR_S2_PR_GCOV_028_170_A_013_3700_DHNA_A_20260824T232917_20260824T232954_P00500_M_F_I_001_gcov.tif,Band 1: HHHH,900,0.028073863577326105,0.01694721535148483,0.6036652313567653,2.7441489071502856,-15.516978148380264,2.5522866418810914,-24.835696656818,-20.65711989651975,-16.205805024986677,-12.409654117820992,-8.431632492608909,0
241,ROI 241,point,900,90000.0,626505.2838423032,2378755.148490046,88.22133424462004,21.50700349525739,power,water,sigma0,46.1462287902832,NISAR_S2_PR_GCOV_028_170_A_013_3700_DHNA_A_20260824T232917_20260824T232954_P00500_M_F_I_001_gcov.tif,Band 2: HVHV,900,0.015097436226769094,0.008481237975476251,0.5617667694093825,3.1687495062926714,-18.210967962234225,2.41281460722598,-26.60714883760861,-22.807980645693647,-18.83881264773951,-14.818554900888044,-12.344089176638278,0
242,ROI 242,point,900,90000.00024414062,628604.4494705537,2379279.9378879196,88.24163712676733,21.511594466734394,power,water,gamma0,46.04341506958008,NISAR_S2_PR_GCOV_028_170_A_013_3700_DHNA_A_20260824T232917_20260824T232954_P00500_M_F_I_001_gcov.tif,Band 1: HHHH,900,0.049276813783993324,0.031312103566946144,0.6354327961260618,2.4766278255003904,-13.073573812163055,2.66751578165518,-22.977022034318303,-18.300750993422238,-13.756224254737155,-9.563236664051463,-5.903539342963993,0
242,ROI 242,point,900,90000.00024414062,628604.4494705537,2379279.9378879196,88.24163712676733,21.511594466734394,power,water,gamma0,46.04341506958008,NISAR_S2_PR_GCOV_028_170_A_013_3700_DHNA_A_20260824T232917_20260824T232954_P00500_M_F_I_001_gcov.tif,Band 2: HVHV,900,0.02448793932200513,0.01466346847153841,0.5988036918386863,2.788887922035063,-16.110477595358034,2.514556326240596,-24.446497806574836,-21.02677552461885,-16.654197847672524,-12.701270235619472,-9.512054752618518,0
242,ROI 242,point,900,90000.00024414062,628604.4494705537,2379279.9378879196,88.24163712676733,21.511594466734394,power,water,sigma0,46.04341506958008,NISAR_S2_PR_GCOV_028_170_A_013_3700_DHNA_A_20260824T232917_20260824T232954_P00500_M_F_I_001_gcov.tif,Band 1: HHHH,900,0.033795919956853965,0.021474367199101514,0.6354130092187775,2.4767820734224837,-14.711357271536912,2.667454682741507,-24.6144500305158,-19.938110306594215,-15.39406310026181,-11.201315304630237,-7.541555375371472,0
242,ROI 242,point,900,90000.00024414062,628604.4494705537,2379279.9378879196,88.24163712676733,21.511594466734394,power,water,sigma0,46.04341506958008,NISAR_S2_PR_GCOV_028_170_A_013_3700_DHNA_A_20260824T232917_20260824T232954_P00500_M_F_I_001_gcov.tif,Band 2: HVHV,900,0.016794863061279974,0.010056692643743256,0.5987957512394753,2.7889618891199075,-17.748235328745896,2.5145383424790957,-26.084273406340017,-22.66511039673059,-18.291642223059927,-14.3395046620123,-11.150074559584905,0
243,ROI 243,point,900,90000.0,630299.9304279514,2379885.4687497686,88.25805058041719,21.516941649929397,power,water,gamma0,45.95801544189453,NISAR_S2_PR_GCOV_028_170_A_013_3700_DHNA_A_20260824T232917_20260824T232954_P00500_M_F_I_001_gcov.tif,Band 1: HHHH,900,0.04573574148015016,0.025851063185861185,0.565226720924178,3.130074182363211,-13.397442756228365,2.492156707518951,-24.85888198918696,-18.185669916676005,-13.967666044922797,-10.112383017689826,-6.889503697799929,0
243,ROI 243,point,900,90000.0,630299.9304279514,2379885.4687497686,88.25805058041719,21.516941649929397,power,water,gamma0,45.95801544189453,NISAR_S2_PR_GCOV_028_170_A_013_3700_DHNA_A_20260824T232917_20260824T232954_P00500_M_F_I_001_gcov.tif,Band 2: HVHV,900,0.024415644703484656,0.014800104012534164,0.6061729760681626,2.7214907204648378,-16.12331803533485,2.492902934069874,-26.655570329005936,-20.97580369580114,-16.85991623015029,-12.733169691915586,-9.192436310366498,0
243,ROI 243,point,900,90000.0,630299.9304279514,2379885.4687497686,88.25805058041719,21.516941649929397,power,water,sigma0,45.95801544189453,NISAR_S2_PR_GCOV_028_170_A_013_3700_DHNA_A_20260824T232917_20260824T232954_P00500_M_F_I_001_gcov.tif,Band 1: HHHH,900,0.031416884535827465,0.017757584406874364,0.5652242311494576,3.1301017579564245,-15.028368840950023,2.492167494357625,-26.490152090438173,-19.81666481673931,-15.598905075323051,-11.742891469819414,-8.52049492429636,0
243,ROI 243,point,900,90000.0,630299.9304279514,2379885.4687497686,88.25805058041719,21.516941649929397,power,water,sigma0,45.95801544189453,NISAR_S2_PR_GCOV_028_170_A_013_3700_DHNA_A_20260824T232917_20260824T232954_P00500_M_F_I_001_gcov.tif,Band 2: HVHV,900,0.016771623034765287,0.010166422996127591,0.6061681075858898,2.721534436332992,-17.754249075230092,2.492903354549616,-28.28633507715564,-22.6071185652402,-18.490599892971556,-14.363994018611661,-10.823629153980182,0
244,ROI 244,point,900,89999.99975585938,631955.0428080957,2380369.8938705926,88.27406591707691,21.52119620300057,power,water,gamma0,45.87546920776367,NISAR_S2_PR_GCOV_028_170_A_013_3700_DHNA_A_20260824T232917_20260824T232954_P00500_M_F_I_001_gcov.tif,Band 1: HHHH,900,0.044012871118676335,0.026772903383589675,0.6082971345222901,2.7025171502999124,-13.56420299914063,2.5181929379033825,-22.445514925440214,-18.580193256146302,-14.289159953693545,-10.206487588874309,-6.917030773385797,0
244,ROI 244,point,900,89999.99975585938,631955.0428080957,2380369.8938705926,88.27406591707691,21.52119620300057,power,water,gamma0,45.87546920776367,NISAR_S2_PR_GCOV_028_170_A_013_3700_DHNA_A_20260824T232917_20260824T232954_P00500_M_F_I_001_gcov.tif,Band 2: HVHV,900,0.025340628606888155,0.014803207789407245,0.5841689256825854,2.9303743030448515,-15.961826160856983,2.463209359608597,-25.375380296422048,-20.96088705437028,-16.56447751445963,-12.677142413559126,-10.059756631347947,0
244,ROI 244,point,900,89999.99975585938,631955.0428080957,2380369.8938705926,88.27406591707691,21.52119620300057,power,water,sigma0,45.87546920776367,NISAR_S2_PR_GCOV_028_170_A_013_3700_DHNA_A_20260824T232917_20260824T232954_P00500_M_F_I_001_gcov.tif,Band 1: HHHH,900,0.03027893338387625,0.018418818715856284,0.6083047405383321,2.7024495681854863,-15.18859427509337,2.5182032365923925,-24.069558908773555,-20.20446238202112,-15.9137687885641,-11.830849390107598,-8.540926143145137,0
244,ROI 244,point,900,89999.99975585938,631955.0428080957,2380369.8938705926,88.27406591707691,21.52119620300057,power,water,sigma0,45.87546920776367,NISAR_S2_PR_GCOV_028_170_A_013_3700_DHNA_A_20260824T232917_20260824T232954_P00500_M_F_I_001_gcov.tif,Band 2: HVHV,900,0.017433159926807468,0.01018379748899462,0.5841624542969233,2.9304392291185835,-17.58623885730315,2.46318793283744,-27.000419181078946,-22.585590269836537,-18.18901229774547,-14.301753854305236,-11.684588163381145,0
245,ROI 245,point,900,90000.0,633731.2597875579,2380813.9461060185,88.29124799177812,21.525075448127698,power,water,gamma0,45.78757858276367,NISAR_S2_PR_GCOV_028_170_A_013_3700_DHNA_A_20260824T232917_20260824T232954_P00500_M_F_I_001_gcov.tif,Band 1: HHHH,900,0.040443947069450384,0.022870353532367146,0.5654827283077528,3.1272407069164863,-13.931464666608516,2.461011933409471,-23.9077028440363,-18.74053150149691,-14.551723799003566,-10.681130545033891,-7.795572941637677,0
245,ROI 245,point,900,90000.0,633731.2597875579,2380813.9461060185,88.29124799177812,21.525075448127698,power,water,gamma0,45.78757858276367,NISAR_S2_PR_GCOV_028_170_A_013_3700_DHNA_A_20260824T232917_20260824T232954_P00500_M_F_I_001_gcov.tif,Band 2: HVHV,900,0.022739859157655803,0.013595580846385093,0.5978744526132161,2.7975638504994786,-16.43212229500629,2.5374996442708455,-26.758325264081613,-21.461017300618586,-17.15318990545772,-13.231524816303624,-10.459011282254094,0
245,ROI 245,point,900,90000.0,633731.2597875579,2380813.9461060185,88.29124799177812,21.525075448127698,power,water,sigma0,45.78757858276367,NISAR_S2_PR_GCOV_028_170_A_013_3700_DHNA_A_20260824T232917_20260824T232954_P00500_M_F_I_001_gcov.tif,Band 1: HHHH,900,0.0278677603308816,0.0157586608310681,0.5654799899224472,3.1272709948519983,-15.548979331533715,2.4610213939885943,-25.52554625081096,-20.357971022154718,-16.169540722536865,-12.298882790806836,-9.412865973205493,0
245,ROI 245,point,900,90000.0,633731.2597875579,2380813.9461060185,88.29124799177812,21.525075448127698,power,water,sigma0,45.78757858276367,NISAR_S2_PR_GCOV_028_170_A_013_3700_DHNA_A_20260824T232917_20260824T232954_P00500_M_F_I_001_gcov.tif,Band 2: HVHV,900,0.015668852143993946,0.009368117425849174,0.5978815384661144,2.797497539676432,-18.049628175574874,2.5375156990098127,-28.37610855822575,-23.078166556510574,-18.770679404996784,-14.849281237640554,-12.076423775005019,0
246,ROI 246,point,900,89999.99975585938,635749.6893974402,2381459.845551327,88.31078553484751,21.53075774792844,power,water,gamma0,45.6863899230957,NISAR_S2_PR_GCOV_028_170_A_013_3700_DHNA_A_20260824T232917_20260824T232954_P00500_M_F_I_001_gcov.tif,Band 1: HHHH,900,0.04321912706312206,0.02662652131099259,0.6160818859692431,2.6346511570950706,-13.643240092134842,2.5170284413618584,-22.804505292473785,-18.515876415624955,-14.334381251709827,-10.093799033439542,-6.480072790082199,0
246,ROI 246,point,900,89999.99975585938,635749.6893974402,2381459.845551327,88.31078553484751,21.53075774792844,power,water,gamma0,45.6863899230957,NISAR_S2_PR_GCOV_028_170_A_013_3700_DHNA_A_20260824T232917_20260824T232954_P00500_M_F_I_001_gcov.tif,Band 2: HVHV,900,0.0224364964889052,0.01314548613439059,0.5858974524338506,2.913109306996653,-16.490449582147527,2.4598285799831197,-24.718004303419356,-21.293623460449478,-17.100648280251384,-13.123940739578009,-9.737063163520233,0
246,ROI 246,point,900,89999.99975585938,635749.6893974402,2381459.845551327,88.31078553484751,21.53075774792844,power,water,sigma0,45.6863899230957,NISAR_S2_PR_GCOV_028_170_A_013_3700_DHNA_A_20260824T232917_20260824T232954_P00500_M_F_I_001_gcov.tif,Band 1: HHHH,900,0.029834910642279854,0.018380772629942133,0.6160827109666032,2.6346441009684973,-15.252752585613912,2.517031511729328,-24.41371003489799,-20.125030345659574,-15.943902956460054,-11.703677877823216,-8.089350275347082,0
246,ROI 246,point,900,89999.99975585938,635749.6893974402,2381459.845551327,88.31078553484751,21.53075774792844,power,water,sigma0,45.6863899230957,NISAR_S2_PR_GCOV_028_170_A_013_3700_DHNA_A_20260824T232917_20260824T232954_P00500_M_F_I_001_gcov.tif,Band 2: HVHV,900,0.015488337411372772,0.009074661118943703,0.5859028556725762,2.9130555774328237,-18.09995198885037,2.4598489902764373,-26.327614771467218,-22.902676648897724,-18.710560995208724,-14.73329474872724,-11.346489512932322,0
247,ROI 247,point,900,90000.0,637324.0634699652,2382065.3721074075,88.32603412577323,21.53610714232059,power,water,gamma0,45.605281829833984,NISAR_S2_PR_GCOV_028_170_A_013_3700_DHNA_A_20260824T232917_20260824T232954_P00500_M_F_I_001_gcov.tif,Band 1: HHHH,900,0.04093712007575151,0.024636611922083818,0.6018159527708679,2.761039428672219,-13.878827131928821,2.5465217379084732,-23.200103083878346,-18.943956622449917,-14.606303647804342,-10.56848325367034,-7.33204440044392,0
247,ROI 247,point,900,90000.0,637324.0634699652,2382065.3721074075,88.32603412577323,21.53610714232059,power,water,gamma0,45.605281829833984,NISAR_S2_PR_GCOV_028_170_A_013_3700_DHNA_A_20260824T232917_20260824T232954_P00500_M_F_I_001_gcov.tif,Band 2: HVHV,900,0.02175632448634133,0.01221159198507552,0.5612892928096374,3.1741429720109555,-16.624144724907797,2.3729927195212728,-25.8149109456662,-21.31571985752716,-17.250937614098568,-13.421821475610237,-10.805491546879944,0
247,ROI 247,point,900,90000.0,637324.0634699652,2382065.3721074075,88.32603412577323,21.53610714232059,power,water,sigma0,45.605281829833984,NISAR_S2_PR_GCOV_028_170_A_013_3700_DHNA_A_20260824T232917_20260824T232954_P00500_M_F_I_001_gcov.tif,Band 1: HHHH,900,0.02830071480413997,0.017031789402417532,0.6018148135228738,2.7610498820925637,-15.482025951621694,2.546514785630688,-24.803414831021655,-20.54677923969987,-16.209319398609317,-12.17194177253149,-8.93568492846071,0
247,ROI 247,point,900,90000.0,637324.0634699652,2382065.3721074075,88.32603412577323,21.53610714232059,power,water,sigma0,45.605281829833984,NISAR_S2_PR_GCOV_028_170_A_013_3700_DHNA_A_20260824T232917_20260824T232954_P00500_M_F_I_001_gcov.tif,Band 2: HVHV,900,0.015040594420489705,0.008442094852594513,0.5612873146219475,3.1741653457986896,-18.227349996195567,2.372967457681874,-27.417950100662853,-22.918911068069686,-18.854062613014225,-15.024562551864555,-12.409044821965363,0
248,ROI 248,point,900,90000.0,639503.9668278357,2382670.9008185184,88.34712988016808,21.541407976879075,power,water,gamma0,45.49609375,NISAR_S2_PR_GCOV_028_170_A_013_3700_DHNA_A_20260824T232917_20260824T232954_P00500_M_F_I_001_gcov.tif,Band 1: HHHH,900,0.040055043215139044,0.02474894125385196,0.617873288038245,2.6193959982269823,-13.973427953695886,2.5540245516973745,-22.12268746900036,-19.027461229086963,-14.622766622397016,-10.687174129573009,-6.966855614476301,0
248,ROI 248,point,900,90000.0,639503.9668278357,2382670.9008185184,88.34712988016808,21.541407976879075,power,water,gamma0,45.49609375,NISAR_S2_PR_GCOV_028_170_A_013_3700_DHNA_A_20260824T232917_20260824T232954_P00500_M_F_I_001_gcov.tif,Band 2: HVHV,900,0.02300645663920376,0.013849365395229452,0.6019773323819747,2.7595592541879546,-16.381502644491206,2.6196461763480228,-25.7597680584976,-21.560279726953556,-16.918166318355418,-13.00060983055924,-9.617121152128998,0
248,ROI 248,point,900,90000.0,639503.9668278357,2382670.9008185184,88.34712988016808,21.541407976879075,power,water,sigma0,45.49609375,NISAR_S2_PR_GCOV_028_170_A_013_3700_DHNA_A_20260824T232917_20260824T232954_P00500_M_F_I_001_gcov.tif,Band 1: HHHH,900,0.027745361702644824,0.017143427350339885,0.6178844425987674,2.619301424078665,-15.568096091291878,2.5540328880818177,-23.71759417805979,-20.622554894234103,-16.217780254993336,-12.281797367092448,-8.560914044900782,0
248,ROI 248,point,900,90000.0,639503.9668278357,2382670.9008185184,88.34712988016808,21.541407976879075,power,water,sigma0,45.49609375,NISAR_S2_PR_GCOV_028_170_A_013_3700_DHNA_A_20260824T232917_20260824T232954_P00500_M_F_I_001_gcov.tif,Band 2: HVHV,900,0.0159360971166455,0.009593220947142047,0.6019805776109246,2.7595295011435055,-17.976180322653363,2.6196417456489516,-27.354286482015276,-23.154591589145195,-18.51309384778765,-14.595818447549465,-11.211718799521497,0
249,ROI 249,point,900,90000.0,641360.9215398148,2383276.4295282406,88.36510900996313,21.546731617269828,power,water,gamma0,45.40164566040039,NISAR_S2_PR_GCOV_028_170_A_013_3700_DHNA_A_20260824T232917_20260824T232954_P00500_M_F_I_001_gcov.tif,Band 1: HHHH,900,0.03862933705146942,0.02232234529360076,0.5778599115966874,2.9947106453541954,-14.130827450614746,2.5015845745667837,-23.92035185432965,-19.07599721518097,-14.69153346368702,-10.966900335497327,-7.531132155379482,0
249,ROI 249,point,900,90000.0,641360.9215398148,2383276.4295282406,88.36510900996313,21.546731617269828,power,water,gamma0,45.40164566040039,NISAR_S2_PR_GCOV_028_170_A_013_3700_DHNA_A_20260824T232917_20260824T232954_P00500_M_F_I_001_gcov.tif,Band 2: HVHV,900,0.02150826579063303,0.012846992785651394,0.5973049110842926,2.802901454117534,-16.673946053224974,2.516070344391011,-26.58888489005924,-21.56245526915204,-17.432764387987294,-13.355679300037744,-10.346510254401995,0
249,ROI 249,point,900,90000.0,641360.9215398148,2383276.4295282406,88.36510900996313,21.546731617269828,power,water,sigma0,45.40164566040039,NISAR_S2_PR_GCOV_028_170_A_013_3700_DHNA_A_20260824T232917_20260824T232954_P00500_M_F_I_001_gcov.tif,Band 1: HHHH,900,0.026802996478820822,0.015488148126090118,0.5778513659220355,2.9947992218068826,-15.718166506924444,2.501564311772693,-25.507541969858366,-20.66352448531444,-16.279129260977395,-12.55380960445619,-9.118471499101018,0
249,ROI 249,point,900,90000.0,641360.9215398148,2383276.4295282406,88.36510900996313,21.546731617269828,power,water,sigma0,45.40164566040039,NISAR_S2_PR_GCOV_028_170_A_013_3700_DHNA_A_20260824T232917_20260824T232954_P00500_M_F_I_001_gcov.tif,Band 2: HVHV,900,0.01492357386830746,0.00891384984369762,0.5972999445278703,2.8029480666318043,-18.26127160414164,2.516079043981856,-28.17663351841609,-23.149810493261313,-19.019920681559285,-14.943360262363692,-11.934329028391206,0
250,ROI 250,point,900,90000.00024414062,643379.3499933792,2383881.956084001,88.38464839106463,21.552040282982773,power,water,gamma0,45.29982376098633,NISAR_S2_PR_GCOV_028_170_A_013_3700_DHNA_A_20260824T232917_20260824T232954_P00500_M_F_I_001_gcov.tif,Band 1: HHHH,900,0.034094505598768594,0.020043498992395416,0.587880617137306,2.8934882105210353,-14.673156028372809,2.54256912343215,-22.90296292768617,-19.632769716983862,-15.312521642028965,-11.358328349538853,-8.214147530235541,0
250,ROI 250,point,900,90000.00024414062,643379.3499933792,2383881.956084001,88.38464839106463,21.552040282982773,power,water,gamma0,45.29982376098633,NISAR_S2_PR_GCOV_028_170_A_013_3700_DHNA_A_20260824T232917_20260824T232954_P00500_M_F_I_001_gcov.tif,Band 2: HVHV,900,0.021886375517222202,0.012990089999584752,0.5935240391613934,2.8387253283655265,-16.59826153608012,2.5926636755378065,-26.007048836969467,-21.785312349409235,-17.25489659706713,-13.362012717443184,-9.862683372783192,0
250,ROI 250,point,900,90000.00024414062,643379.3499933792,2383881.956084001,88.38464839106463,21.552040282982773,power,water,sigma0,45.29982376098633,NISAR_S2_PR_GCOV_028_170_A_013_3700_DHNA_A_20260824T232917_20260824T232954_P00500_M_F_I_001_gcov.tif,Band 1: HHHH,900,0.023699709500576354,0.013932492274274084,0.5878760781407577,2.8935328919911294,-16.25256977326179,2.5425658559992965,-24.48207253610398,-21.2120131746585,-16.89212031095695,-12.937612598096383,-9.79393043687412,0
250,ROI 250,point,900,90000.00024414062,643379.3499933792,2383881.956084001,88.38464839106463,21.552040282982773,power,water,sigma0,45.29982376098633,NISAR_S2_PR_GCOV_028_170_A_013_3700_DHNA_A_20260824T232917_20260824T232954_P00500_M_F_I_001_gcov.tif,Band 2: HVHV,900,0.015213658883744999,0.009029746045244248,0.593528888365708,2.838678943082023,-18.17766325596975,2.5926771811710623,-27.58706302775749,-23.364717300370582,-18.834498983656097,-14.941537343258311,-11.441626534735628,0
251,ROI 251,point,900,90000.0,646164.7826431713,2384648.9612726853,88.41160887517475,21.55874253891501,power,water,gamma0,45.1591682434082,NISAR_S2_PR_GCOV_028_170_A_013_3700_DHNA_A_20260824T232917_20260824T232954_P00500_M_F_I_001_gcov.tif,Band 1: HHHH,900,0.028777759656724,0.01749939085781725,0.608087323911209,2.7043823909402134,-15.409430188286725,2.5597988466004655,-25.478762377762134,-20.428410877257505,-16.09311768765658,-11.987710264019393,-8.778416842133431,0
251,ROI 251,point,900,90000.0,646164.7826431713,2384648.9612726853,88.41160887517475,21.55874253891501,power,water,gamma0,45.1591682434082,NISAR_S2_PR_GCOV_028_170_A_013_3700_DHNA_A_20260824T232917_20260824T232954_P00500_M_F_I_001_gcov.tif,Band 2: HVHV,900,0.01773635287536308,0.011180781771582805,0.6303878734344319,2.516426787572209,-17.511356792587883,2.4798562157289923,-25.063958367724215,-22.371669981443404,-18.22650024204602,-14.163522350526636,-9.161272061356996,0
251,ROI 251,point,900,90000.0,646164.7826431713,2384648.9612726853,88.41160887517475,21.55874253891501,power,water,sigma0,45.1591682434082,NISAR_S2_PR_GCOV_028_170_A_013_3700_DHNA_A_20260824T232917_20260824T232954_P00500_M_F_I_001_gcov.tif,Band 1: HHHH,900,0.020053935298780984,0.012194651254627141,0.6080926797130145,2.704334753227113,-16.97800390582796,2.559825565734573,-27.047635675686664,-21.996939657613996,-17.661370721110742,-13.555775499079466,-10.346555015751592,0
251,ROI 251,point,900,90000.0,646164.7826431713,2384648.9612726853,88.41160887517475,21.55874253891501,power,water,sigma0,45.1591682434082,NISAR_S2_PR_GCOV_028_170_A_013_3700_DHNA_A_20260824T232917_20260824T232954_P00500_M_F_I_001_gcov.tif,Band 2: HVHV,900,0.01235966078675287,0.00779140792669615,0.6303901103052124,2.516408929070074,-19.079934483785127,2.4798722175148997,-26.6325560258854,-23.940403819854915,-19.794957787731477,-15.731734556765144,-10.730372348016651,0
252,ROI 252,point,900,90000.0,647900.6316131945,2385415.9643060183,88.42843703507388,21.56552747070648,power,water,gamma0,45.06731414794922,NISAR_S2_PR_GCOV_028_170_A_013_3700_DHNA_A_20260824T232917_20260824T232954_P00500_M_F_I_001_gcov.tif,Band 1: HHHH,900,0.028302088546463183,0.01775245370815808,0.6272488929223049,2.541676029141312,-15.481815146263893,2.71233169788026,-26.0352908488945,-21.060691538979896,-16.19960687549082,-12.058404163784557,-9.153062644436808,0
252,ROI 252,point,900,90000.0,647900.6316131945,2385415.9643060183,88.42843703507388,21.56552747070648,power,water,gamma0,45.06731414794922,NISAR_S2_PR_GCOV_028_170_A_013_3700_DHNA_A_20260824T232917_20260824T232954_P00500_M_F_I_001_gcov.tif,Band 2: HVHV,900,0.01646389593046883,0.00967168797008274,0.5874483178786303,2.897748374410824,-17.83467387781227,2.5512182238088927,-29.938266787437378,-23.00117850551446,-18.46722289099896,-14.445678974352418,-11.942904544270995,0
252,ROI 252,point,900,90000.0,647900.6316131945,2385415.9643060183,88.42843703507388,21.56552747070648,power,water,sigma0,45.06731414794922,NISAR_S2_PR_GCOV_028_170_A_013_3700_DHNA_A_20260824T232917_20260824T232954_P00500_M_F_I_001_gcov.tif,Band 1: HHHH,900,0.019754368422563454,0.012390743308492812,0.6272406711995964,2.5417426609572717,-17.043368508208182,2.71230684346349,-27.596762496840796,-22.62200816384729,-17.76118450985248,-13.620260928913597,-10.71481096376618,0
252,ROI 252,point,900,90000.0,647900.6316131945,2385415.9643060183,88.42843703507388,21.56552747070648,power,water,sigma0,45.06731414794922,NISAR_S2_PR_GCOV_028_170_A_013_3700_DHNA_A_20260824T232917_20260824T232954_P00500_M_F_I_001_gcov.tif,Band 2: HVHV,900,0.011491553221477172,0.006750670951355101,0.5874463461334726,2.8977678268457634,-19.396212672275098,2.5512159441403015,-31.500057758749044,-24.562902176574998,-20.028267774156603,-16.00731386206351,-13.504931778062414,0
253,ROI 253,point,900,90000.00024414062,650242.0087062445,2385981.1222787695,88.45109560342962,21.570436683002903,power,water,gamma0,44.94955825805664,NISAR_S2_PR_GCOV_028_170_A_013_3700_DHNA_A_20260824T232917_20260824T232954_P00500_M_F_I_001_gcov.tif,Band 1: HHHH,900,0.03160694953752682,0.019935803240256997,0.6307411354767815,2.513608803854229,-15.002174169395113,2.6041531153533266,-24.47097387179573,-20.140179545777585,-15.700606383315305,-11.689541911937418,-7.582231776286265,0
253,ROI 253,point,900,90000.00024414062,650242.0087062445,2385981.1222787695,88.45109560342962,21.570436683002903,power,water,gamma0,44.94955825805664,NISAR_S2_PR_GCOV_028_170_A_013_3700_DHNA_A_20260824T232917_20260824T232954_P00500_M_F_I_001_gcov.tif,Band 2: HVHV,900,0.016668920528479955,0.009131286453567344,0.547803106863815,3.3323531339925827,-17.780925239694817,2.4407648658055803,-27.130214887817772,-22.480666551589255,-18.26746176462737,-14.538607120528692,-12.034811728298418,0
253,ROI 253,point,900,90000.00024414062,650242.0087062445,2385981.1222787695,88.45109560342962,21.570436683002903,power,water,sigma0,44.94955825805664,NISAR_S2_PR_GCOV_028_170_A_013_3700_DHNA_A_20260824T232917_20260824T232954_P00500_M_F_I_001_gcov.tif,Band 1: HHHH,900,0.022107005966082484,0.013944040428657448,0.630752099585579,2.5135214185220507,-16.55470071553206,2.6041478759182435,-26.02335188410549,-21.6921209073216,-17.25302126969482,-13.2421358601022,-9.134379601437528,0
253,ROI 253,point,900,90000.00024414062,650242.0087062445,2385981.1222787695,88.45109560342962,21.570436683002903,power,water,sigma0,44.94955825805664,NISAR_S2_PR_GCOV_028_170_A_013_3700_DHNA_A_20260824T232917_20260824T232954_P00500_M_F_I_001_gcov.tif,Band 2: HVHV,900,0.01165881363320461,0.006386725415723703,0.5478023422155184,3.3323624369098197,-19.33345639865696,2.4407662659488696,-28.683223571822893,-24.03349633490204,-19.820214721192254,-16.09064901210292,-13.587797833860535,0
254,ROI 254,point,900,90000.0,652987.0727815394,2386869.233211574,88.47768319794055,21.57822509777419,power,water,gamma0,44.808414459228516,NISAR_S2_PR_GCOV_028_170_A_013_3700_DHNA_A_20260824T232917_20260824T232954_P00500_M_F_I_001_gcov.tif,Band 1: HHHH,900,0.02790869905587493,0.017154233376545164,0.6146554284813254,2.6468940451467406,-15.542604073674402,2.6395907789700574,-26.636163218043095,-20.679631679907637,-16.192124159348758,-12.192324696842846,-8.288591339791902,0
254,ROI 254,point,900,90000.0,652987.0727815394,2386869.233211574,88.47768319794055,21.57822509777419,power,water,gamma0,44.808414459228516,NISAR_S2_PR_GCOV_028_170_A_013_3700_DHNA_A_20260824T232917_20260824T232954_P00500_M_F_I_001_gcov.tif,Band 2: HVHV,900,0.016393690172117205,0.009839997658310182,0.6002307933723363,2.775642034475481,-17.85323276996827,2.47242578597613,-26.26917837435238,-22.689213842947645,-18.53791079243497,-14.653233292549102,-10.55562816879102,0
254,ROI 254,point,900,90000.0,652987.0727815394,2386869.233211574,88.47768319794055,21.57822509777419,power,water,sigma0,44.808414459228516,NISAR_S2_PR_GCOV_028_170_A_013_3700_DHNA_A_20260824T232917_20260824T232954_P00500_M_F_I_001_gcov.tif,Band 1: HHHH,900,0.01956877779327549,0.012027857947768927,0.6146453332359937,2.6469809937095867,-17.084362982158805,2.6395743149699396,-28.17821369725971,-22.22093835699894,-17.7339886975,-13.734164567468765,-9.830502261153683,0
254,ROI 254,point,900,90000.0,652987.0727815394,2386869.233211574,88.47768319794055,21.57822509777419,power,water,sigma0,44.808414459228516,NISAR_S2_PR_GCOV_028_170_A_013_3700_DHNA_A_20260824T232917_20260824T232954_P00500_M_F_I_001_gcov.tif,Band 2: HVHV,900,0.011494819661193036,0.006899552852421224,0.6002315004309625,2.7756354951969318,-19.39497837858217,2.4724239551260494,-27.81035761337406,-24.231306032459297,-20.07935488816284,-16.195138890356084,-12.097901654523302,0
255,ROI 255,point,900,90000.0,653976.1030086227,2389735.4024407407,88.48749814792994,21.604027188424926,power,water,gamma0,44.723541259765625,NISAR_S2_PR_GCOV_028_170_A_013_3700_DHNA_A_20260824T232917_20260824T232954_P00500_M_F_I_001_gcov.tif,Band 1: HHHH,900,0.02955589248152036,0.01809749524255626,0.6123142873750678,2.667173169795955,-15.293559219876576,2.5818074248218466,-25.609513013034277,-20.376320372341404,-16.048203361170128,-11.794700246489501,-9.37313296235635,0
255,ROI 255,point,900,90000.0,653976.1030086227,2389735.4024407407,88.48749814792994,21.604027188424926,power,water,gamma0,44.723541259765625,NISAR_S2_PR_GCOV_028_170_A_013_3700_DHNA_A_20260824T232917_20260824T232954_P00500_M_F_I_001_gcov.tif,Band 2: HVHV,900,0.016958250040705832,0.010379266759701404,0.6120482204701235,2.6694925973629346,-17.706189655743863,2.5487404951524626,-27.16009153455675,-22.947181295516245,-18.382663714911104,-14.142954374942558,-11.38613062076569,0
255,ROI 255,point,900,90000.0,653976.1030086227,2389735.4024407407,88.48749814792994,21.604027188424926,power,water,sigma0,44.723541259765625,NISAR_S2_PR_GCOV_028_170_A_013_3700_DHNA_A_20260824T232917_20260824T232954_P00500_M_F_I_001_gcov.tif,Band 1: HHHH,900,0.020754628324700132,0.012708247487364611,0.6123090854024351,2.667218488805924,-16.828850395910322,2.581811460467654,-27.144964878355566,-21.911165585823017,-17.583212363427673,-13.330344710892119,-10.908369912339799,0
255,ROI 255,point,900,90000.0,653976.1030086227,2389735.4024407407,88.48749814792994,21.604027188424926,power,water,sigma0,44.723541259765625,NISAR_S2_PR_GCOV_028_170_A_013_3700_DHNA_A_20260824T232917_20260824T232954_P00500_M_F_I_001_gcov.tif,Band 2: HVHV,900,0.011908354705651521,0.007288452377530206,0.6120452873368997,2.669518183692418,-19.241482378132794,2.5487346228179133,-28.694824968124955,-24.482982958341893,-19.91786878939611,-15.677993232908072,-12.921515761661881,0
256,ROI 256,point,900,90000.0,655611.0305271412,2391289.592797917,88.50343347760904,21.617922497502263,power,water,gamma0,44.625064849853516,NISAR_S2_PR_GCOV_028_170_A_013_3700_DHNA_A_20260824T232917_20260824T232954_P00500_M_F_I_001_gcov.tif,Band 1: HHHH,900,0.028463070520665497,0.01717056456560263,0.6032576335408371,2.747858390149137,-15.457182511859848,2.5491570905283756,-25.539793056134688,-20.55967541308519,-16.128747417519225,-12.026857831045861,-8.727381647923853,0
256,ROI 256,point,900,90000.0,655611.0305271412,2391289.592797917,88.50343347760904,21.617922497502263,power,water,gamma0,44.625064849853516,NISAR_S2_PR_GCOV_028_170_A_013_3700_DHNA_A_20260824T232917_20260824T232954_P00500_M_F_I_001_gcov.tif,Band 2: HVHV,900,0.016939037101757197,0.009778357891041749,0.5772676352439995,3.000858941554679,-17.7111128073961,2.4949292560394745,-28.0860541551476,-22.685485736012232,-18.27331465654199,-14.475305775654121,-11.409354971600418,0
256,ROI 256,point,900,90000.0,655611.0305271412,2391289.592797917,88.50343347760904,21.617922497502263,power,water,sigma0,44.625064849853516,NISAR_S2_PR_GCOV_028_170_A_013_3700_DHNA_A_20260824T232917_20260824T232954_P00500_M_F_I_001_gcov.tif,Band 1: HHHH,900,0.02002138078832003,0.012078051824720121,0.603257684992743,2.747857921418944,-16.98505974405686,2.5491523731344694,-27.06709112532558,-22.087695711471554,-17.656572403291513,-13.554137322404294,-10.25473785432875,0
256,ROI 256,point,900,90000.0,655611.0305271412,2391289.592797917,88.50343347760904,21.617922497502263,power,water,sigma0,44.625064849853516,NISAR_S2_PR_GCOV_028_170_A_013_3700_DHNA_A_20260824T232917_20260824T232954_P00500_M_F_I_001_gcov.tif,Band 2: HVHV,900,0.011915143488689765,0.006878127895112785,0.5772593424193107,3.0009451619899017,-19.239007232738025,2.494891999619504,-29.613579994201057,-24.213421675440358,-19.8009547533043,-16.003536821201408,-12.93703941029468,0
257,ROI 257,point,900,89999.99975585938,657679.920882277,2388473.886453687,88.52315041690467,21.59230974568744,power,water,gamma0,44.56424331665039,NISAR_S2_PR_GCOV_028_170_A_013_3700_DHNA_A_20260824T232917_20260824T232954_P00500_M_F_I_001_gcov.tif,Band 1: HHHH,900,0.027748395702284243,0.01628558902644704,0.5869020033149669,2.9031455921117733,-15.567621209299949,2.566711634762457,-23.49592045828141,-20.751284406122693,-16.190401226898,-12.203936363674671,-9.810130836056267,0
257,ROI 257,point,900,89999.99975585938,657679.920882277,2388473.886453687,88.52315041690467,21.59230974568744,power,water,gamma0,44.56424331665039,NISAR_S2_PR_GCOV_028_170_A_013_3700_DHNA_A_20260824T232917_20260824T232954_P00500_M_F_I_001_gcov.tif,Band 2: HVHV,900,0.016497470673121926,0.009686974575052002,0.5871793784021846,2.9004034315565796,-17.825826349926707,2.5671123861185325,-27.905652011370258,-22.90147644966912,-18.49474677606232,-14.505015076326423,-12.008675570203717,0
257,ROI 257,point,900,89999.99975585938,657679.920882277,2388473.886453687,88.52315041690467,21.59230974568744,power,water,sigma0,44.56424331665039,NISAR_S2_PR_GCOV_028_170_A_013_3700_DHNA_A_20260824T232917_20260824T232954_P00500_M_F_I_001_gcov.tif,Band 1: HHHH,900,0.019539278261823105,0.011467602421368715,0.5869000004864424,2.9031654064335273,-17.090914822086766,2.566703128520434,-25.019483922786886,-22.27424058186518,-17.71380499089012,-13.727233686096334,-11.332914977270454,0
257,ROI 257,point,900,89999.99975585938,657679.920882277,2388473.886453687,88.52315041690467,21.59230974568744,power,water,sigma0,44.56424331665039,NISAR_S2_PR_GCOV_028_170_A_013_3700_DHNA_A_20260824T232917_20260824T232954_P00500_M_F_I_001_gcov.tif,Band 2: HVHV,900,0.01161686764832884,0.006821236781883294,0.5871838251393501,2.900359502271248,-19.349109585577903,2.567116259046843,-29.428629499941977,-24.424453820103537,-20.018067775950502,-16.02789846823005,-13.53161997591754,0
258,ROI 258,point,900,90000.00024414062,659254.2943389731,2387323.377585082,88.53824457003685,21.581778806759704,power,water,gamma0,44.50415802001953,NISAR_S2_PR_GCOV_028_170_A_013_3700_DHNA_A_20260824T232917_20260824T232954_P00500_M_F_I_001_gcov.tif,Band 1: HHHH,900,0.02785886924972551,0.016703066072795807,0.5995600870613361,2.7818555298198637,-15.550365149246383,2.610366735627702,-23.72825004091449,-20.89482909093821,-16.094176777181673,-12.152047730192768,-9.944305432233428,0
258,ROI 258,point,900,90000.00024414062,659254.2943389731,2387323.377585082,88.53824457003685,21.581778806759704,power,water,gamma0,44.50415802001953,NISAR_S2_PR_GCOV_028_170_A_013_3700_DHNA_A_20260824T232917_20260824T232954_P00500_M_F_I_001_gcov.tif,Band 2: HVHV,900,0.016339266225566258,0.009047707882013917,0.5537401592647321,3.26127902607463,-17.867674509457725,2.452216731999033,-28.964224950942295,-22.67721495186158,-18.395342695120473,-14.725396568571165,-11.309620691271405,0
258,ROI 258,point,900,90000.00024414062,659254.2943389731,2387323.377585082,88.53824457003685,21.581778806759704,power,water,sigma0,44.50415802001953,NISAR_S2_PR_GCOV_028_170_A_013_3700_DHNA_A_20260824T232917_20260824T232954_P00500_M_F_I_001_gcov.tif,Band 1: HHHH,900,0.0196373096637377,0.011773761940474406,0.5995608432154972,2.7818485129830193,-17.069180113670704,2.610366995098999,-25.246768395311783,-22.414110250427754,-17.612846377082917,-13.670423714193197,-11.462662583782508,0
258,ROI 258,point,900,90000.00024414062,659254.2943389731,2387323.377585082,88.53824457003685,21.581778806759704,power,water,sigma0,44.50415802001953,NISAR_S2_PR_GCOV_028_170_A_013_3700_DHNA_A_20260824T232917_20260824T232954_P00500_M_F_I_001_gcov.tif,Band 2: HVHV,900,0.011517319801071346,0.006377668382159984,0.5537458794507668,3.26121164850279,-19.386485739537353,2.452222731574686,-30.48360413435864,-24.196436023247152,-19.914311567872332,-16.24458148299264,-12.828057158280506,0
259,ROI 259,point,900,90000.0,665077.4627009259,2389008.7679877314,88.59464125691024,21.596471424439173,power,water,gamma0,44.20283126831055,NISAR_S2_PR_GCOV_028_170_A_013_3700_DHNA_A_20260824T232917_20260824T232954_P00500_M_F_I_001_gcov.tif,Band 1: HHHH,900,0.03598558579157624,0.021722326423690944,0.6036396503173184,2.7443814951482217,-14.438714232535919,2.570981488907224,-23.30580353185514,-19.57570816360252,-15.067180786058028,-11.289316103084692,-6.621785433553477,0
259,ROI 259,point,900,90000.0,665077.4627009259,2389008.7679877314,88.59464125691024,21.596471424439173,power,water,gamma0,44.20283126831055,NISAR_S2_PR_GCOV_028_170_A_013_3700_DHNA_A_20260824T232917_20260824T232954_P00500_M_F_I_001_gcov.tif,Band 2: HVHV,900,0.019512908947524717,0.012379567678967827,0.6344296338521181,2.4844661220944153,-17.0967798197989,2.6145109894778855,-27.31205345239268,-22.113935946061464,-17.878732371238467,-13.61759711550853,-9.620652931903514,0
259,ROI 259,point,900,90000.0,665077.4627009259,2389008.7679877314,88.59464125691024,21.596471424439173,power,water,sigma0,44.20283126831055,NISAR_S2_PR_GCOV_028_170_A_013_3700_DHNA_A_20260824T232917_20260824T232954_P00500_M_F_I_001_gcov.tif,Band 1: HHHH,900,0.02549813290752759,0.015391850915900942,0.6036461952614947,2.744321984373696,-15.934916194736925,2.5710039996974223,-24.802635732035686,-21.072032439531725,-16.563544302671684,-12.786085543599402,-8.117765280220326,0
259,ROI 259,point,900,90000.0,665077.4627009259,2389008.7679877314,88.59464125691024,21.596471424439173,power,water,sigma0,44.20283126831055,NISAR_S2_PR_GCOV_028_170_A_013_3700_DHNA_A_20260824T232917_20260824T232954_P00500_M_F_I_001_gcov.tif,Band 2: HVHV,900,0.013826126548761253,0.008771762842523647,0.6344338605312093,2.4844330185459307,-18.592994723937572,2.6145037106662774,-28.80829450406918,-23.610528193362633,-19.375113741740115,-15.113410825079399,-11.116422364701045,0
260,ROI 260,point,900,90000.0,666954.6017037038,2389836.3238925925,88.61285174529881,21.603770717710532,power,water,gamma0,44.10113525390625,NISAR_S2_PR_GCOV_028_170_A_013_3700_DHNA_A_20260824T232917_20260824T232954_P00500_M_F_I_001_gcov.tif,Band 1: HHHH,900,0.034046839933531976,0.020916392754536307,0.6143416773882799,2.649598331684597,-14.679231910380492,2.6059926604814048,-27.03316590974719,-19.657348354674188,-15.380067411275462,-11.167721530156145,-7.841414598356305,0
260,ROI 260,point,900,90000.0,666954.6017037038,2389836.3238925925,88.61285174529881,21.603770717710532,power,water,gamma0,44.10113525390625,NISAR_S2_PR_GCOV_028_170_A_013_3700_DHNA_A_20260824T232917_20260824T232954_P00500_M_F_I_001_gcov.tif,Band 2: HVHV,900,0.018746424464819333,0.011819291014017373,0.6304824173910158,2.515672142873872,-17.270815537110227,2.5260502427309963,-25.381356406850585,-22.011943707474366,-17.986420015188724,-13.79392209765858,-10.706934217368953,0
260,ROI 260,point,900,90000.0,666954.6017037038,2389836.3238925925,88.61285174529881,21.603770717710532,power,water,sigma0,44.10113525390625,NISAR_S2_PR_GCOV_028_170_A_013_3700_DHNA_A_20260824T232917_20260824T232954_P00500_M_F_I_001_gcov.tif,Band 1: HHHH,900,0.02416612023803828,0.014846231542830145,0.6143407132213834,2.6496066484278966,-16.167930680226412,2.605983438423012,-28.521303045612044,-21.146371673472668,-16.868888534217195,-12.65637634011545,-9.33017423912208,0
260,ROI 260,point,900,90000.0,666954.6017037038,2389836.3238925925,88.61285174529881,21.603770717710532,power,water,sigma0,44.10113525390625,NISAR_S2_PR_GCOV_028_170_A_013_3700_DHNA_A_20260824T232917_20260824T232954_P00500_M_F_I_001_gcov.tif,Band 2: HVHV,900,0.013306026624873945,0.008389212120659427,0.6304821384452102,2.5156743689047305,-18.759516118816826,2.5260371128000987,-26.86972364397353,-23.5006899427513,-19.474951759210608,-15.28240711828113,-12.19612167685306,0
261,ROI 261,point,900,90000.0,668771.1878349537,2390159.2725375,88.63042804623018,21.60651636198681,power,water,gamma0,44.00895309448242,NISAR_S2_PR_GCOV_028_170_A_013_3700_DHNA_A_20260824T232917_20260824T232954_P00500_M_F_I_001_gcov.tif,Band 1: HHHH,900,0.03278327897449748,0.02089507491475257,0.6373698900286059,2.4615967720544063,-14.84347610579061,2.6328748681943703,-24.297932234225108,-20.092264493979197,-15.559845029348491,-11.359439404314235,-7.5944120585079755,0
261,ROI 261,point,900,90000.0,668771.1878349537,2390159.2725375,88.63042804623018,21.60651636198681,power,water,gamma0,44.00895309448242,NISAR_S2_PR_GCOV_028_170_A_013_3700_DHNA_A_20260824T232917_20260824T232954_P00500_M_F_I_001_gcov.tif,Band 2: HVHV,900,0.017481443032286027,0.010957491385510703,0.6268070299044303,2.5452607639576312,-17.57422720723794,2.627537594723643,-28.187558303677953,-22.64416706629985,-18.3869692529617,-14.159982582580861,-10.39382223495462,0
261,ROI 261,point,900,90000.0,668771.1878349537,2390159.2725375,88.63042804623018,21.60651636198681,power,water,sigma0,44.00895309448242,NISAR_S2_PR_GCOV_028_170_A_013_3700_DHNA_A_20260824T232917_20260824T232954_P00500_M_F_I_001_gcov.tif,Band 1: HHHH,900,0.02330605293746734,0.014854578731931774,0.6373699901818731,2.461595998447416,-16.32531271422581,2.6328848513162235,-25.780109220097927,-21.57357836068192,-17.041239892582126,-12.841233910998874,-9.0760206410731,0
261,ROI 261,point,900,90000.0,668771.1878349537,2390159.2725375,88.63042804623018,21.60651636198681,power,water,sigma0,44.00895309448242,NISAR_S2_PR_GCOV_028_170_A_013_3700_DHNA_A_20260824T232917_20260824T232954_P00500_M_F_I_001_gcov.tif,Band 2: HVHV,900,0.01242773164722083,0.007789677601663835,0.6267980209731848,2.5453339302512163,-19.056081330634633,2.6275182302936444,-29.669320540786792,-24.126202143322292,-19.869248025113688,-15.642192053133213,-11.875871405528638,0
262,ROI 262,point,900,89999.99975585938,670204.2730558927,2390643.697669295,88.64431762577283,21.61075509787912,power,water,gamma0,43.93315505981445,NISAR_S2_PR_GCOV_028_170_A_013_3700_DHNA_A_20260824T232917_20260824T232954_P00500_M_F_I_001_gcov.tif,Band 1: HHHH,900,0.03189289003869312,0.018770311968153094,0.5885422094197347,2.8869866088291642,-14.96306124501562,2.505557083207441,-22.732999528086136,-19.956356975338927,-15.561592714395438,-11.665125970466166,-8.487288102826948,0
262,ROI 262,point,900,89999.99975585938,670204.2730558927,2390643.697669295,88.64431762577283,21.61075509787912,power,water,gamma0,43.93315505981445,NISAR_S2_PR_GCOV_028_170_A_013_3700_DHNA_A_20260824T232917_20260824T232954_P00500_M_F_I_001_gcov.tif,Band 2: HVHV,900,0.015922629736079316,0.009675934797645409,0.6076844690874503,2.707969234677521,-17.979852038375714,2.5725433007459904,-27.597308662756497,-23.026781477028678,-18.603255163664198,-14.815298453069536,-10.81374735759669,0
262,ROI 262,point,900,89999.99975585938,670204.2730558927,2390643.697669295,88.64431762577283,21.61075509787912,power,water,sigma0,43.93315505981445,NISAR_S2_PR_GCOV_028_170_A_013_3700_DHNA_A_20260824T232917_20260824T232954_P00500_M_F_I_001_gcov.tif,Band 1: HHHH,900,0.022702257607305317,0.01336129608374357,0.5885448185313544,2.8869610119557443,-16.439309526023596,2.5055808863201787,-24.20975040608195,-21.432835434174415,-17.037899890727473,-13.141450748444557,-9.963252739473447,0
262,ROI 262,point,900,89999.99975585938,670204.2730558927,2390643.697669295,88.64431762577283,21.61075509787912,power,water,sigma0,43.93315505981445,NISAR_S2_PR_GCOV_028_170_A_013_3700_DHNA_A_20260824T232917_20260824T232954_P00500_M_F_I_001_gcov.tif,Band 2: HVHV,900,0.011334156171375424,0.006887686304236371,0.6076929062995728,2.7078940402758467,-19.456108075848256,2.5725389645485914,-29.07352203011739,-24.503454188851563,-20.07927364213971,-16.291706634620503,-12.289484367213747,0
263,ROI 263,point,900,90000.0,671516.2513224537,2391087.749894213,88.65703412921357,21.614639663973826,power,water,gamma0,43.86370849609375,NISAR_S2_PR_GCOV_028_170_A_013_3700_DHNA_A_20260824T232917_20260824T232954_P00500_M_F_I_001_gcov.tif,Band 1: HHHH,900,0.03368666632877042,0.019855177315386954,0.5894076048252198,2.878515218895993,-14.72541965173669,2.4818509947109506,-24.37356736777373,-19.817975691850737,-15.373383255668937,-11.478357919645255,-8.011413405776638,0
263,ROI 263,point,900,90000.0,671516.2513224537,2391087.749894213,88.65703412921357,21.614639663973826,power,water,gamma0,43.86370849609375,NISAR_S2_PR_GCOV_028_170_A_013_3700_DHNA_A_20260824T232917_20260824T232954_P00500_M_F_I_001_gcov.tif,Band 2: HVHV,900,0.015231469158380707,0.008989081561337169,0.5901651027794104,2.871130607287987,-18.172582045690646,2.599653823441948,-30.52866111998634,-23.24535189209746,-18.874040815891643,-14.655075321226148,-12.079933593584315,0
263,ROI 263,point,900,90000.0,671516.2513224537,2391087.749894213,88.65703412921357,21.614639663973826,power,water,sigma0,43.86370849609375,NISAR_S2_PR_GCOV_028_170_A_013_3700_DHNA_A_20260824T232917_20260824T232954_P00500_M_F_I_001_gcov.tif,Band 1: HHHH,900,0.024007531360194977,0.014150122342671862,0.5894034722009395,2.8785555846696953,-16.196524951601695,2.4818524810367553,-25.84452151550022,-21.288829562542716,-16.844543006004965,-12.949399987760835,-9.482966167638537,0
263,ROI 263,point,900,90000.0,671516.2513224537,2391087.749894213,88.65703412921357,21.614639663973826,power,water,sigma0,43.86370849609375,NISAR_S2_PR_GCOV_028_170_A_013_3700_DHNA_A_20260824T232917_20260824T232954_P00500_M_F_I_001_gcov.tif,Band 2: HVHV,900,0.010855048955382604,0.00640630547671978,0.5901682712856986,2.8710997782129395,-19.643682135725662,2.5996550170297636,-31.999518291271592,-24.71608765491815,-20.345110779306555,-16.126244365121032,-13.550881203505124,0
264,ROI 264,point,900,90000.00024414062,673534.6797485568,2391511.6178288134,88.67657217987185,21.618272264393525,power,water,gamma0,43.759765625,NISAR_S2_PR_GCOV_028_170_A_013_3700_DHNA_A_20260824T232917_20260824T232954_P00500_M_F_I_001_gcov.tif,Band 1: HHHH,900,0.03251212146702326,0.01995979556634339,0.6139185837684701,2.6532516318704356,-14.879546911817695,2.6676604711070206,-26.709955507221803,-20.155143510477174,-15.52177575682995,-11.430709239801791,-7.9454619962676905,0
264,ROI 264,point,900,90000.00024414062,673534.6797485568,2391511.6178288134,88.67657217987185,21.618272264393525,power,water,gamma0,43.759765625,NISAR_S2_PR_GCOV_028_170_A_013_3700_DHNA_A_20260824T232917_20260824T232954_P00500_M_F_I_001_gcov.tif,Band 2: HVHV,900,0.01447744696918461,0.008627112685492187,0.5959001406708712,2.81613210738516,-18.39308017210176,2.5108089584277447,-26.729347852659483,-23.472154161423482,-19.075457320003625,-14.988830496501377,-12.043630422438929,0
264,ROI 264,point,900,90000.00024414062,673534.6797485568,2391511.6178288134,88.67657217987185,21.618272264393525,power,water,sigma0,43.759765625,NISAR_S2_PR_GCOV_028_170_A_013_3700_DHNA_A_20260824T232917_20260824T232954_P00500_M_F_I_001_gcov.tif,Band 1: HHHH,900,0.023211128773307606,0.0142497566621627,0.613919159267673,2.6532466574582165,-16.343037389883413,2.6676579875892137,-28.17285673159631,-21.61886137789889,-16.985277836782444,-12.894226611664761,-9.409041583784141,0
264,ROI 264,point,900,90000.00024414062,673534.6797485568,2391511.6178288134,88.67657217987185,21.618272264393525,power,water,sigma0,43.759765625,NISAR_S2_PR_GCOV_028_170_A_013_3700_DHNA_A_20260824T232917_20260824T232954_P00500_M_F_I_001_gcov.tif,Band 2: HVHV,900,0.010335792419851306,0.006159105602191233,0.5959006675058437,2.8161271279102014,-19.856562214676444,2.5108273668386967,-28.19239300733745,-24.93604278026169,-20.539272960681792,-16.45255974075091,-13.507604169117446,0
265,ROI 265,point,900,90000.0,675452.1879409143,2391996.04296088,88.6951427035958,21.6224593374609,power,water,gamma0,43.65974807739258,NISAR_S2_PR_GCOV_028_170_A_013_3700_DHNA_A_20260824T232917_20260824T232954_P00500_M_F_I_001_gcov.tif,Band 1: HHHH,900,0.029269321378475675,0.018183991458605667,0.6212645391901012,2.5908774378838504,-15.335873467496693,2.5760262802774747,-27.551913233715673,-20.667786159155014,-16.04589634197206,-11.889105661867712,-7.500608190190759,0
265,ROI 265,point,900,90000.0,675452.1879409143,2391996.04296088,88.6951427035958,21.6224593374609,power,water,gamma0,43.65974807739258,NISAR_S2_PR_GCOV_028_170_A_013_3700_DHNA_A_20260824T232917_20260824T232954_P00500_M_F_I_001_gcov.tif,Band 2: HVHV,900,0.015609460089666148,0.009535861104171664,0.6109026865371623,2.6795133797886095,-18.066121183426972,2.55204115706354,-27.994779742173023,-22.992928127793757,-18.696370246060372,-14.87587949827631,-11.522758778796412,0
265,ROI 265,point,900,90000.0,675452.1879409143,2391996.04296088,88.6951427035958,21.6224593374609,power,water,sigma0,43.65974807739258,NISAR_S2_PR_GCOV_028_170_A_013_3700_DHNA_A_20260824T232917_20260824T232954_P00500_M_F_I_001_gcov.tif,Band 1: HHHH,900,0.020931334867295665,0.013004200016309132,0.6212790583474754,2.5907563428068534,-16.792030742406453,2.576043178079167,-29.00823103219317,-22.12374356572262,-17.5022492249856,-13.345703470611188,-8.956275903851457,0
265,ROI 265,point,900,90000.0,675452.1879409143,2391996.04296088,88.6951427035958,21.6224593374609,power,water,sigma0,43.65974807739258,NISAR_S2_PR_GCOV_028_170_A_013_3700_DHNA_A_20260824T232917_20260824T232954_P00500_M_F_I_001_gcov.tif,Band 2: HVHV,900,0.011162756977838258,0.006819329637229906,0.6109001253694331,2.6795358472830464,-19.522285300946628,2.5520626428051383,-29.451469681990275,-24.449008705267765,-20.152924297810383,-16.331724319315693,-12.97906825151914,0
266,ROI 266,point,900,90000.00024414062,676663.2447498501,2393933.732668539,88.70704507397579,21.639838817788313,power,water,gamma0,43.57429504394531,NISAR_S2_PR_GCOV_028_170_A_013_3700_DHNA_A_20260824T232917_20260824T232954_P00500_M_F_I_001_gcov.tif,Band 1: HHHH,900,0.030727440149057657,0.018902867522227914,0.6151787272395883,2.6423928256326024,-15.12473618573612,2.5927786350777597,-25.130512719047125,-20.2516416311257,-15.843140416016794,-11.745041138920902,-8.879316635266658,0
266,ROI 266,point,900,90000.00024414062,676663.2447498501,2393933.732668539,88.70704507397579,21.639838817788313,power,water,gamma0,43.57429504394531,NISAR_S2_PR_GCOV_028_170_A_013_3700_DHNA_A_20260824T232917_20260824T232954_P00500_M_F_I_001_gcov.tif,Band 2: HVHV,900,0.017131449622490132,0.010541899681893261,0.6153536282215065,2.640890952889724,-17.662058865142622,2.6871429005088485,-29.172337611324934,-22.883461440166602,-18.332024651209867,-14.205771058418703,-9.96449498508875,0
266,ROI 266,point,900,90000.00024414062,676663.2447498501,2393933.732668539,88.70704507397579,21.639838817788313,power,water,sigma0,43.57429504394531,NISAR_S2_PR_GCOV_028_170_A_013_3700_DHNA_A_20260824T232917_20260824T232954_P00500_M_F_I_001_gcov.tif,Band 1: HHHH,900,0.02200560448479934,0.013537594246425205,0.6151884741805878,2.6423090950556527,-16.57466697048457,2.592814372486257,-26.580723341732842,-21.70130872391386,-17.29298178657934,-13.19530334365419,-10.328813030225216,0
266,ROI 266,point,900,90000.00024414062,676663.2447498501,2393933.732668539,88.70704507397579,21.639838817788313,power,water,sigma0,43.57429504394531,NISAR_S2_PR_GCOV_028_170_A_013_3700_DHNA_A_20260824T232917_20260824T232954_P00500_M_F_I_001_gcov.tif,Band 2: HVHV,900,0.012268674474435698,0.007549451903077912,0.6153437291704776,2.6409759217399493,-19.11202356550511,2.6871245543077755,-30.62269969719172,-24.33320080675219,-19.781834781632153,-15.655773787449146,-11.414746093835426,0
267,ROI 267,point,900,90000.00024414062,684232.3536243407,2394781.4728632304,88.78025071617155,21.646727075546522,power,water,gamma0,43.19098663330078,NISAR_S2_PR_GCOV_028_170_A_013_3700_DHNA_A_20260824T232917_20260824T232954_P00500_M_F_I_001_gcov.tif,Band 1: HHHH,900,0.027793767904707542,0.016635408517181285,0.5985301659788157,2.791437525433905,-15.560525734349845,2.4849691795923827,-25.064010937718507,-20.33276324574014,-16.24609114254043,-12.24318408034881,-8.738306520324382,0
267,ROI 267,point,900,90000.00024414062,684232.3536243407,2394781.4728632304,88.78025071617155,21.646727075546522,power,water,gamma0,43.19098663330078,NISAR_S2_PR_GCOV_028_170_A_013_3700_DHNA_A_20260824T232917_20260824T232954_P00500_M_F_I_001_gcov.tif,Band 2: HVHV,900,0.0186683791600323,0.010809873602793703,0.5790472493689699,2.9824419140872025,-17.288933870542078,2.4982971840217107,-30.912067471213437,-22.08759842367887,-17.800920791889844,-14.042978260527319,-10.887097591083531,0
267,ROI 267,point,900,90000.00024414062,684232.3536243407,2394781.4728632304,88.78025071617155,21.646727075546522,power,water,sigma0,43.19098663330078,NISAR_S2_PR_GCOV_028_170_A_013_3700_DHNA_A_20260824T232917_20260824T232954_P00500_M_F_I_001_gcov.tif,Band 1: HHHH,900,0.0200319293013388,0.011989731829467165,0.5985310575485033,2.791429209209716,-16.98277221221892,2.4849736874986794,-26.486625400315003,-21.755464775544272,-17.668560091806373,-13.66494291815204,-10.160899431493744,0
267,ROI 267,point,900,90000.00024414062,684232.3536243407,2394781.4728632304,88.78025071617155,21.646727075546522,power,water,sigma0,43.19098663330078,NISAR_S2_PR_GCOV_028_170_A_013_3700_DHNA_A_20260824T232917_20260824T232954_P00500_M_F_I_001_gcov.tif,Band 2: HVHV,900,0.013454987456496979,0.007791210289148134,0.5790574175069937,2.982337172782264,-18.711167027740046,2.4983227073536853,-32.33398659503645,-23.51017822672958,-19.22328762547403,-15.465357591263714,-12.308869831650377,0
268,ROI 268,point,900,90000.00024414062,685725.991108715,2395124.6057981793,88.79471679278804,21.64967046131764,power,water,gamma0,43.11273956298828,NISAR_S2_PR_GCOV_028_170_A_013_3700_DHNA_A_20260824T232917_20260824T232954_P00500_M_F_I_001_gcov.tif,Band 1: HHHH,900,0.028391892889825007,0.01755902216914216,0.6184519727966044,2.6144963602964957,-15.468056520602136,2.5435517734171116,-24.940766074073043,-20.379355152410188,-16.218900031310074,-11.99481697281014,-8.664166263806832,0
268,ROI 268,point,900,90000.00024414062,685725.991108715,2395124.6057981793,88.79471679278804,21.64967046131764,power,water,gamma0,43.11273956298828,NISAR_S2_PR_GCOV_028_170_A_013_3700_DHNA_A_20260824T232917_20260824T232954_P00500_M_F_I_001_gcov.tif,Band 2: HVHV,900,0.017872904680876267,0.010944624594682421,0.6123584716698568,2.666788287673963,-17.47804860792447,2.5534520268448517,-26.5497297046455,-22.75572015331115,-18.13546865488353,-14.171882967434017,-10.53052814542417,0
268,ROI 268,point,900,90000.00024414062,685725.991108715,2395124.6057981793,88.79471679278804,21.64967046131764,power,water,sigma0,43.11273956298828,NISAR_S2_PR_GCOV_028_170_A_013_3700_DHNA_A_20260824T232917_20260824T232954_P00500_M_F_I_001_gcov.tif,Band 1: HHHH,900,0.020489585809459303,0.01267187474230043,0.6184544119213129,2.614475737692874,-16.884668206365983,2.5435573835627228,-26.357341701932317,-21.796541678890563,-17.63541606452603,-13.411052057965986,-10.081136829776455,0
268,ROI 268,point,900,90000.00024414062,685725.991108715,2395124.6057981793,88.79471679278804,21.64967046131764,power,water,sigma0,43.11273956298828,NISAR_S2_PR_GCOV_028_170_A_013_3700_DHNA_A_20260824T232917_20260824T232954_P00500_M_F_I_001_gcov.tif,Band 2: HVHV,900,0.012898334188446638,0.007898382716436501,0.6123568052308089,2.6668028022384918,-18.894663749317772,2.553456373093828,-27.966827619806722,-24.17197780864882,-19.552313347060274,-15.588715148213,-11.947274872851102,0
269,ROI 269,point,900,89999.99975585938,686674.6539960576,2395366.8216135893,88.80390769937277,21.651758492294544,power,water,gamma0,43.06243133544922,NISAR_S2_PR_GCOV_028_170_A_013_3700_DHNA_A_20260824T232917_20260824T232954_P00500_M_F_I_001_gcov.tif,Band 1: HHHH,900,0.028120940969480823,0.01706069956352126,0.6066902093367695,2.7168522889371247,-15.509701512547768,2.603621703475033,-25.332598188625433,-20.55980806186442,-16.136406759233427,-12.182929593327284,-9.508324676101239,0
269,ROI 269,point,900,89999.99975585938,686674.6539960576,2395366.8216135893,88.80390769937277,21.651758492294544,power,water,gamma0,43.06243133544922,NISAR_S2_PR_GCOV_028_170_A_013_3700_DHNA_A_20260824T232917_20260824T232954_P00500_M_F_I_001_gcov.tif,Band 2: HVHV,900,0.01840507346451179,0.010930699236747745,0.593895985138231,2.8351707603559935,-17.350624447118317,2.593599237909076,-27.664988686367693,-22.365615639035695,-17.992515011452316,-14.057244573978647,-11.00239595452124,0
269,ROI 269,point,900,89999.99975585938,686674.6539960576,2395366.8216135893,88.80390769937277,21.651758492294544,power,water,sigma0,43.06243133544922,NISAR_S2_PR_GCOV_028_170_A_013_3700_DHNA_A_20260824T232917_20260824T232954_P00500_M_F_I_001_gcov.tif,Band 1: HHHH,900,0.02031068952460711,0.012322166533779455,0.6066838114408041,2.716909591372507,-16.92275332545521,2.6036167143648563,-26.745879043619375,-21.973338135775133,-17.54983600188677,-13.596052669239587,-10.921004501978661,0
269,ROI 269,point,900,89999.99975585938,686674.6539960576,2395366.8216135893,88.80390769937277,21.651758492294544,power,water,sigma0,43.06243133544922,NISAR_S2_PR_GCOV_028_170_A_013_3700_DHNA_A_20260824T232917_20260824T232954_P00500_M_F_I_001_gcov.tif,Band 2: HVHV,900,0.013293298669370405,0.00789478887650368,0.593892386898247,2.8352051155890994,-18.763672375565324,2.5935964880189526,-29.07815484840603,-23.778241867774398,-19.40546876051376,-15.470148462933462,-12.415662472730089,0
270,ROI 270,point,900,89999.99975585938,687885.7114183243,2396093.456067875,88.81568825757682,21.65819278522681,power,water,gamma0,42.9924201965332,NISAR_S2_PR_GCOV_028_170_A_013_3700_DHNA_A_20260824T232917_20260824T232954_P00500_M_F_I_001_gcov.tif,Band 1: HHHH,900,0.02855035561628433,0.018635849540839498,0.6527361617243789,2.347062492785438,-15.443884779180244,2.6677414420921983,-25.30872082270614,-20.801954127343176,-16.27894512129376,-11.687677914405706,-8.735007455852262,0
270,ROI 270,point,900,89999.99975585938,687885.7114183243,2396093.456067875,88.81568825757682,21.65819278522681,power,water,gamma0,42.9924201965332,NISAR_S2_PR_GCOV_028_170_A_013_3700_DHNA_A_20260824T232917_20260824T232954_P00500_M_F_I_001_gcov.tif,Band 2: HVHV,900,0.01776466955611896,0.010630152270211342,0.5983872785604297,2.792770805526712,-17.504428664909398,2.5702950379258556,-26.589250488560047,-22.663088929718647,-18.173013310380263,-14.066343869391218,-10.973476755874445,0
270,ROI 270,point,900,89999.99975585938,687885.7114183243,2396093.456067875,88.81568825757682,21.65819278522681,power,water,sigma0,42.9924201965332,NISAR_S2_PR_GCOV_028_170_A_013_3700_DHNA_A_20260824T232917_20260824T232954_P00500_M_F_I_001_gcov.tif,Band 1: HHHH,900,0.0206447199723604,0.013475514175051436,0.6527341709208334,2.3470768096319152,-16.85191003575593,2.66773675951725,-26.71643503816625,-22.210424246724298,-17.686650032283488,-13.095876576458199,-10.143248980027138,0
270,ROI 270,point,900,89999.99975585938,687885.7114183243,2396093.456067875,88.81568825757682,21.65819278522681,power,water,sigma0,42.9924201965332,NISAR_S2_PR_GCOV_028_170_A_013_3700_DHNA_A_20260824T232917_20260824T232954_P00500_M_F_I_001_gcov.tif,Band 2: HVHV,900,0.012845625382583083,0.007686701153065512,0.5983905745443605,2.7927400399941704,-18.912447474822248,2.5702976666332593,-27.99761194592111,-24.07095838286521,-19.580996879009085,-15.474678043467973,-12.381603720098616,0
271,ROI 271,point,900,90000.0,691781.278833912,2397122.852708333,88.85343815712555,21.66707259313317,power,water,gamma0,42.78434753417969,NISAR_S2_PR_GCOV_028_170_A_013_3700_DHNA_A_20260824T232917_20260824T232954_P00500_M_F_I_001_gcov.tif,Band 1: HHHH,900,0.02393761356878612,0.013631443445929385,0.5694570766947442,3.083741825995757,-16.20919148230691,2.462584016929025,-25.400753872478177,-21.033820668600107,-16.79962820259854,-12.946286888446094,-10.180683121617575,0
271,ROI 271,point,900,90000.0,691781.278833912,2397122.852708333,88.85343815712555,21.66707259313317,power,water,gamma0,42.78434753417969,NISAR_S2_PR_GCOV_028_170_A_013_3700_DHNA_A_20260824T232917_20260824T232954_P00500_M_F_I_001_gcov.tif,Band 2: HVHV,900,0.014274875505879107,0.008115875529572566,0.56854264867179,3.0936694106355094,-18.45427670636965,2.4929731365507766,-27.238032242196617,-23.31276644001541,-19.08296642651414,-15.275500124766356,-12.742673820770037,0
271,ROI 271,point,900,90000.0,691781.278833912,2397122.852708333,88.85343815712555,21.66707259313317,power,water,sigma0,42.78434753417969,NISAR_S2_PR_GCOV_028_170_A_013_3700_DHNA_A_20260824T232917_20260824T232954_P00500_M_F_I_001_gcov.tif,Band 1: HHHH,900,0.017368133641413354,0.009890402400083603,0.5694568342392579,3.0837444519025445,-17.6024684780415,2.4625929334602765,-26.793767907016512,-22.427278833197075,-18.192729420038255,-14.339570031697697,-11.57436183507852,0
271,ROI 271,point,900,90000.0,691781.278833912,2397122.852708333,88.85343815712555,21.66707259313317,power,water,sigma0,42.78434753417969,NISAR_S2_PR_GCOV_028_170_A_013_3700_DHNA_A_20260824T232917_20260824T232954_P00500_M_F_I_001_gcov.tif,Band 2: HVHV,900,0.01035722271794602,0.005888460972405161,0.5685366755898944,3.0937344155458715,-19.84756684742478,2.4929615492141055,-28.63084328987014,-24.70632147032766,-20.47650415972654,-16.668964253775048,-14.136098852493642,0
272,ROI 272,point,900,90000.00024414062,693355.6528543376,2397445.799186327,88.86868488320285,21.669818276951865,power,water,gamma0,42.701595306396484,NISAR_S2_PR_GCOV_028_170_A_013_3700_DHNA_A_20260824T232917_20260824T232954_P00500_M_F_I_001_gcov.tif,Band 1: HHHH,900,0.022499826649824778,0.013772471306630984,0.6121145518575913,2.668914073120431,-16.478208279026177,2.550920349956397,-24.519775154942366,-21.536135956369577,-17.267324041692532,-13.1381306473463,-9.946718920129378,0
272,ROI 272,point,900,90000.00024414062,693355.6528543376,2397445.799186327,88.86868488320285,21.669818276951865,power,water,gamma0,42.701595306396484,NISAR_S2_PR_GCOV_028_170_A_013_3700_DHNA_A_20260824T232917_20260824T232954_P00500_M_F_I_001_gcov.tif,Band 2: HVHV,900,0.013297370848789191,0.007470997927717751,0.5618402323793227,3.1679209058562594,-18.762342190882674,2.4784120516166896,-29.08163764541923,-23.87627517361124,-19.342768292660132,-15.575253769820645,-13.282201681859991,0
272,ROI 272,point,900,90000.00024414062,693355.6528543376,2397445.799186327,88.86868488320285,21.669818276951865,power,water,sigma0,42.701595306396484,NISAR_S2_PR_GCOV_028_170_A_013_3700_DHNA_A_20260824T232917_20260824T232954_P00500_M_F_I_001_gcov.tif,Band 1: HHHH,900,0.01634711972483471,0.010006362031036664,0.6121177430318135,2.6688862453121778,-17.86558756630853,2.5509425058761233,-25.906817708932447,-22.923574886706497,-18.654176383901454,-14.525401390719344,-11.333705185195937,0
272,ROI 272,point,900,90000.00024414062,693355.6528543376,2397445.799186327,88.86868488320285,21.669818276951865,power,water,sigma0,42.701595306396484,NISAR_S2_PR_GCOV_028_170_A_013_3700_DHNA_A_20260824T232917_20260824T232954_P00500_M_F_I_001_gcov.tif,Band 2: HVHV,900,0.009661118896866222,0.005428012393075734,0.5618409680100738,3.1679126102044926,-20.149725731088502,2.4784302641380034,-30.468684830808925,-25.2640684828487,-20.729923575356967,-16.962944159964543,-14.669739467317536,0
273,ROI 273,point,900,90000.0,694485.9737408565,2397667.8285481483,88.8796303982303,21.671699884402962,power,water,gamma0,42.64207077026367,NISAR_S2_PR_GCOV_028_170_A_013_3700_DHNA_A_20260824T232917_20260824T232954_P00500_M_F_I_001_gcov.tif,Band 1: HHHH,900,0.024830071587736407,0.01541106559644826,0.6206613437256379,2.595915821372088,-16.050220283264636,2.6397739216363583,-25.10991421031258,-21.35334338281284,-16.68923952680336,-12.796596616747593,-8.967393946730294,0
273,ROI 273,point,900,90000.0,694485.9737408565,2397667.8285481483,88.8796303982303,21.671699884402962,power,water,gamma0,42.64207077026367,NISAR_S2_PR_GCOV_028_170_A_013_3700_DHNA_A_20260824T232917_20260824T232954_P00500_M_F_I_001_gcov.tif,Band 2: HVHV,900,0.012681619152814771,0.007719262096037688,0.6086968866530222,2.698968644415722,-18.968252934384886,2.530258072171572,-28.24859164490896,-23.93851230765547,-19.54889118080314,-15.616766050424577,-12.632973779551007,0
273,ROI 273,point,900,90000.0,694485.9737408565,2397667.8285481483,88.8796303982303,21.671699884402962,power,water,sigma0,42.64207077026367,NISAR_S2_PR_GCOV_028_170_A_013_3700_DHNA_A_20260824T232917_20260824T232954_P00500_M_F_I_001_gcov.tif,Band 1: HHHH,900,0.018057350917753182,0.01120698779999307,0.620632996004683,2.5961529662818537,-17.433459620063342,2.6397083747747363,-26.49288233415376,-22.73611233205142,-18.0725777888335,-14.17977489888517,-10.35096220536251,0
273,ROI 273,point,900,90000.0,694485.9737408565,2397667.8285481483,88.8796303982303,21.671699884402962,power,water,sigma0,42.64207077026367,NISAR_S2_PR_GCOV_028_170_A_013_3700_DHNA_A_20260824T232917_20260824T232954_P00500_M_F_I_001_gcov.tif,Band 2: HVHV,900,0.009222630209545385,0.0056137717246382635,0.6086953067713842,2.69898265489515,-20.351452044787294,2.530242092752682,-29.6313935539095,-25.32176052596226,-20.931855474756045,-16.999971134105063,-14.01622914617434,0
274,ROI 274,point,900,90000.0,701207.3424274306,2399282.5717756944,88.94475744422911,21.68553226366794,power,water,gamma0,42.281959533691406,NISAR_S2_PR_GCOV_028_170_A_013_3700_DHNA_A_20260824T232917_20260824T232954_P00500_M_F_I_001_gcov.tif,Band 1: HHHH,900,0.027098062413278966,0.01593275324252635,0.5879665121266664,2.892642863108118,-15.670617612770567,2.506634695757037,-24.301278682820346,-20.551003673835663,-16.34875217590652,-12.518113138843876,-9.389612098675373,0
274,ROI 274,point,900,90000.0,701207.3424274306,2399282.5717756944,88.94475744422911,21.68553226366794,power,water,gamma0,42.281959533691406,NISAR_S2_PR_GCOV_028_170_A_013_3700_DHNA_A_20260824T232917_20260824T232954_P00500_M_F_I_001_gcov.tif,Band 2: HVHV,900,0.014024243398647135,0.00881801347117352,0.6287692833414571,2.529399132295871,-18.531205594233853,2.705102997800311,-32.482874304548275,-23.88942964498133,-19.280695799663853,-15.095200875020293,-11.671937148111482,0
274,ROI 274,point,900,90000.0,701207.3424274306,2399282.5717756944,88.94475744422911,21.68553226366794,power,water,sigma0,42.281959533691406,NISAR_S2_PR_GCOV_028_170_A_013_3700_DHNA_A_20260824T232917_20260824T232954_P00500_M_F_I_001_gcov.tif,Band 1: HHHH,900,0.019821594430320708,0.01165457745774251,0.587973762590699,2.8925715236196554,-17.02861414207998,2.5066740067829443,-25.65933620842211,-21.909052834739033,-17.707030803243274,-13.876474141372464,-10.74798707658118,0
274,ROI 274,point,900,90000.0,701207.3424274306,2399282.5717756944,88.94475744422911,21.68553226366794,power,water,sigma0,42.281959533691406,NISAR_S2_PR_GCOV_028_170_A_013_3700_DHNA_A_20260824T232917_20260824T232954_P00500_M_F_I_001_gcov.tif,Band 2: HVHV,900,0.010258377051840762,0.006450194934644081,0.6287734309284975,2.5293657629836694,-19.88921342263401,2.7051173784166687,-33.84120008821429,-25.247543955157266,-20.63839881121578,-16.452935042001407,-13.030083147496832,0
275,ROI 275,point,900,90000.0,701994.5297510417,2399363.3089375,88.95237242602398,21.68617193216297,power,water,gamma0,42.24098205566406,NISAR_S2_PR_GCOV_028_170_A_013_3700_DHNA_A_20260824T232917_20260824T232954_P00500_M_F_I_001_gcov.tif,Band 1: HHHH,900,0.02765786113553784,0.01651137020867528,0.5969865177846189,2.805892017543748,-15.581814082089826,2.603814358613671,-25.618364704080715,-20.734499605231367,-16.219755142461498,-12.209515877962103,-9.170309821146667,0
275,ROI 275,point,900,90000.0,701994.5297510417,2399363.3089375,88.95237242602398,21.68617193216297,power,water,gamma0,42.24098205566406,NISAR_S2_PR_GCOV_028_170_A_013_3700_DHNA_A_20260824T232917_20260824T232954_P00500_M_F_I_001_gcov.tif,Band 2: HVHV,900,0.013726584197591162,0.008463919261042998,0.6166078274978495,2.630158572233612,-18.62437521663391,2.552599690505454,-26.99316801988736,-23.816455067746073,-19.321084917783764,-15.255043959698842,-11.287192045662657,0
275,ROI 275,point,900,90000.0,701994.5297510417,2399363.3089375,88.95237242602398,21.68617193216297,power,water,sigma0,42.24098205566406,NISAR_S2_PR_GCOV_028_170_A_013_3700_DHNA_A_20260824T232917_20260824T232954_P00500_M_F_I_001_gcov.tif,Band 1: HHHH,900,0.020244097334482,0.01208553590863343,0.5969906046661809,2.8058536004932604,-16.937015832518682,2.6038165597856477,-26.9740118357159,-22.090005210172585,-17.575060090129938,-13.565118660801883,-10.525945988245436,0
275,ROI 275,point,900,90000.0,701994.5297510417,2399363.3089375,88.95237242602398,21.68617193216297,power,water,sigma0,42.24098205566406,NISAR_S2_PR_GCOV_028_170_A_013_3700_DHNA_A_20260824T232917_20260824T232954_P00500_M_F_I_001_gcov.tif,Band 2: HVHV,900,0.010047086348699863,0.006195007996219558,0.6165974672867442,2.630246958023098,-19.979598652230305,2.55257014928771,-28.348334860041415,-25.171673196303797,-20.676467197019313,-16.610071388380934,-12.64260043962045,0
276,ROI 276,point,900,90000.0,713883.0767667824,2402471.689651852,89.0676263255525,21.712845513935378,power,water,gamma0,41.5920295715332,NISAR_S2_PR_GCOV_028_170_A_013_3700_DHNA_A_20260824T232917_20260824T232954_P00500_M_F_I_001_gcov.tif,Band 1: HHHH,900,0.023458291708440004,0.013825582410989402,0.5893686796475094,2.8788954576850596,-16.297036174809712,2.557210002790612,-25.118243425546257,-21.360374952748757,-17.00792321232995,-12.998845762557442,-10.472217050656692,0
276,ROI 276,point,900,90000.0,713883.0767667824,2402471.689651852,89.0676263255525,21.712845513935378,power,water,gamma0,41.5920295715332,NISAR_S2_PR_GCOV_028_170_A_013_3700_DHNA_A_20260824T232917_20260824T232954_P00500_M_F_I_001_gcov.tif,Band 2: HVHV,900,0.014696132633835077,0.009179447662437537,0.6246165498876615,2.563144116492693,-18.32796937140275,2.608411890432629,-29.750224918596494,-23.510136484159915,-19.064887577607877,-14.80706225108834,-11.394625512478697,0
276,ROI 276,point,900,90000.0,713883.0767667824,2402471.689651852,89.0676263255525,21.712845513935378,power,water,sigma0,41.5920295715332,NISAR_S2_PR_GCOV_028_170_A_013_3700_DHNA_A_20260824T232917_20260824T232954_P00500_M_F_I_001_gcov.tif,Band 1: HHHH,900,0.017346969604431123,0.010223576448312448,0.589358065497557,2.8789991545886404,-17.607763824882227,2.557182642015768,-26.4285529930294,-22.670851695936243,-18.318359879647907,-14.309653947794986,-11.78276568976253,0
276,ROI 276,point,900,90000.0,713883.0767667824,2402471.689651852,89.0676263255525,21.712845513935378,power,water,sigma0,41.5920295715332,NISAR_S2_PR_GCOV_028_170_A_013_3700_DHNA_A_20260824T232917_20260824T232954_P00500_M_F_I_001_gcov.tif,Band 2: HVHV,900,0.010867534076140902,0.006787983603586665,0.6246112095005365,2.5631879461267038,-19.63868989365167,2.6083957582905613,-31.060926178387724,-24.820656908857096,-20.3754804516382,-16.118158511447646,-12.7054331898664,0
277,ROI 277,point,900,89999.99975585938,714831.7390598228,2402774.4561792854,89.07683179951371,21.715464510839777,power,water,gamma0,41.539005279541016,NISAR_S2_PR_GCOV_028_170_A_013_3700_DHNA_A_20260824T232917_20260824T232954_P00500_M_F_I_001_gcov.tif,Band 1: HHHH,900,0.022027715565895455,0.012970213198113235,0.5888133592116309,2.8843282942237503,-16.570305400062445,2.5887008719214943,-26.43486238131944,-21.86346672887799,-17.145056333955075,-13.323357000876634,-10.50457532569447,0
277,ROI 277,point,900,89999.99975585938,714831.7390598228,2402774.4561792854,89.07683179951371,21.715464510839777,power,water,gamma0,41.539005279541016,NISAR_S2_PR_GCOV_028_170_A_013_3700_DHNA_A_20260824T232917_20260824T232954_P00500_M_F_I_001_gcov.tif,Band 2: HVHV,900,0.013518265133801227,0.008095969988904148,0.5988911971152934,2.7880730007891366,-18.690790399891632,2.51465164483161,-28.21997421232238,-23.414413981407804,-19.451302975203188,-15.384430610637414,-11.98293992635471,0
277,ROI 277,point,900,89999.99975585938,714831.7390598228,2402774.4561792854,89.07683179951371,21.715464510839777,power,water,sigma0,41.539005279541016,NISAR_S2_PR_GCOV_028_170_A_013_3700_DHNA_A_20260824T232917_20260824T232954_P00500_M_F_I_001_gcov.tif,Band 1: HHHH,900,0.0163025807127112,0.009599048564479185,0.588805461763165,2.8844056677819268,-17.877436409595873,2.5886815494190074,-27.742149860300582,-23.170671315537113,-18.45219633670459,-14.630873459475676,-11.811423155302442,0
277,ROI 277,point,900,89999.99975585938,714831.7390598228,2402774.4561792854,89.07683179951371,21.715464510839777,power,water,sigma0,41.539005279541016,NISAR_S2_PR_GCOV_028_170_A_013_3700_DHNA_A_20260824T232917_20260824T232954_P00500_M_F_I_001_gcov.tif,Band 2: HVHV,900,0.010004857373384498,0.00599190011730543,0.5988991040737303,2.7879993822725586,-19.997890981715575,2.5146837329371037,-29.527248399739257,-24.721486228354582,-20.758221219579916,-16.69168785333461,-13.290246992978378,0
278,ROI 278,point,900,90000.0,716083.164415162,2403137.7712328704,89.08897091622931,21.718592780786725,power,water,gamma0,41.46964645385742,NISAR_S2_PR_GCOV_028_170_A_013_3700_DHNA_A_20260824T232917_20260824T232954_P00500_M_F_I_001_gcov.tif,Band 1: HHHH,900,0.023856157719985477,0.014085233343529355,0.5904233828790234,2.8686192104689594,-16.223995026346692,2.5611897122266116,-26.482931459986382,-21.198944920862893,-16.920916207440733,-12.730519287009841,-10.684526050366362,0
278,ROI 278,point,900,90000.0,716083.164415162,2403137.7712328704,89.08897091622931,21.718592780786725,power,water,gamma0,41.46964645385742,NISAR_S2_PR_GCOV_028_170_A_013_3700_DHNA_A_20260824T232917_20260824T232954_P00500_M_F_I_001_gcov.tif,Band 2: HVHV,900,0.013354806751788904,0.007980182686985594,0.5975513412739298,2.8005900975434788,-18.743623919734908,2.5372787633166074,-27.046563063750334,-23.691582668906985,-19.396807653853585,-15.341528063636591,-12.61004329165517,0
278,ROI 278,point,900,90000.0,716083.164415162,2403137.7712328704,89.08897091622931,21.718592780786725,power,water,sigma0,41.46964645385742,NISAR_S2_PR_GCOV_028_170_A_013_3700_DHNA_A_20260824T232917_20260824T232954_P00500_M_F_I_001_gcov.tif,Band 1: HHHH,900,0.017675160651494666,0.010435788108649015,0.5904211177716527,2.868641221006136,-17.52636630162431,2.5611854872368847,-27.78542157867138,-22.500937891587856,-18.223215732267683,-14.032400751844548,-11.986500147165982,0
278,ROI 278,point,900,90000.0,716083.164415162,2403137.7712328704,89.08897091622931,21.718592780786725,power,water,sigma0,41.46964645385742,NISAR_S2_PR_GCOV_028_170_A_013_3700_DHNA_A_20260824T232917_20260824T232954_P00500_M_F_I_001_gcov.tif,Band 2: HVHV,900,0.009894661628892394,0.005912556470123971,0.5975501428830388,2.800601330759864,-20.045990529196906,2.537284505008187,-28.349130398837424,-24.994458071328655,-20.69902876125657,-16.644295863411926,-13.912233292657042,0
279,ROI 279,point,900,90000.0,717011.6417712963,2403379.982718287,89.09797407111265,21.72066626125979,power,water,gamma0,41.41836929321289,NISAR_S2_PR_GCOV_028_170_A_013_3700_DHNA_A_20260824T232917_20260824T232954_P00500_M_F_I_001_gcov.tif,Band 1: HHHH,900,0.022597391075040732,0.01344676150281268,0.595058140037453,2.8241073368921095,-16.459416983356626,2.616027880377453,-25.76606571136624,-21.866164659744168,-17.067986211418884,-13.141432814077438,-9.918966488273535,0
279,ROI 279,point,900,90000.0,717011.6417712963,2403379.982718287,89.09797407111265,21.72066626125979,power,water,gamma0,41.41836929321289,NISAR_S2_PR_GCOV_028_170_A_013_3700_DHNA_A_20260824T232917_20260824T232954_P00500_M_F_I_001_gcov.tif,Band 2: HVHV,900,0.01371559542681401,0.008562399395901359,0.6242820037664464,2.565891976200331,-18.62785333887625,2.565073455792707,-26.711807049413075,-23.595396126304212,-19.37966637856062,-15.352723292433822,-12.46435013587001,0
279,ROI 279,point,900,90000.0,717011.6417712963,2403379.982718287,89.09797407111265,21.72066626125979,power,water,sigma0,41.41836929321289,NISAR_S2_PR_GCOV_028_170_A_013_3700_DHNA_A_20260824T232917_20260824T232954_P00500_M_F_I_001_gcov.tif,Band 1: HHHH,900,0.0167559063364388,0.009970759306059937,0.5950593841872156,2.8240955276209925,-17.758320759595097,2.616036986588439,-27.064438446294517,-23.165552536719897,-18.366553034612455,-14.440673136767332,-11.218014709325834,0
279,ROI 279,point,900,90000.0,717011.6417712963,2403379.982718287,89.09797407111265,21.72066626125979,power,water,sigma0,41.41836929321289,NISAR_S2_PR_GCOV_028_170_A_013_3700_DHNA_A_20260824T232917_20260824T232954_P00500_M_F_I_001_gcov.tif,Band 2: HVHV,900,0.010170071707365712,0.0063489844864457814,0.624281191827537,2.5658986505929438,-19.926759849333568,2.565081410290426,-28.011079757588682,-24.89426328715851,-20.678726376761528,-16.652049299012592,-13.762949766563482,0
280,ROI 280,point,900,90000.0,718000.6719986111,2403460.7198796296,89.10754129605998,21.721273877129672,power,water,gamma0,41.36608123779297,NISAR_S2_PR_GCOV_028_170_A_013_3700_DHNA_A_20260824T232917_20260824T232954_P00500_M_F_I_001_gcov.tif,Band 1: HHHH,900,0.022385366863778067,0.01299039344134796,0.5803073731334649,2.969503372773396,-16.50035783763947,2.6161617083917856,-25.05443715114195,-21.805803436744576,-17.065153365418134,-13.223774995125854,-11.088093920730111,0
280,ROI 280,point,900,90000.0,718000.6719986111,2403460.7198796296,89.10754129605998,21.721273877129672,power,water,gamma0,41.36608123779297,NISAR_S2_PR_GCOV_028_170_A_013_3700_DHNA_A_20260824T232917_20260824T232954_P00500_M_F_I_001_gcov.tif,Band 2: HVHV,900,0.0145273197557415,0.008281151962950538,0.5700399042760558,3.0774392111359625,-18.378145042610683,2.4844757001547455,-28.891769845294974,-23.566541553949342,-18.846919624226917,-15.227719345747765,-12.268689088467928,0
280,ROI 280,point,900,90000.0,718000.6719986111,2403460.7198796296,89.10754129605998,21.721273877129672,power,water,sigma0,41.36608123779297,NISAR_S2_PR_GCOV_028_170_A_013_3700_DHNA_A_20260824T232917_20260824T232954_P00500_M_F_I_001_gcov.tif,Band 1: HHHH,900,0.016609491470054374,0.009638271768245483,0.5802869874506718,2.9697120158015307,-17.796436640645673,2.6157692581829854,-26.349996316472144,-23.101380263367886,-18.360372041129068,-14.520508073993392,-12.384059149243882,0
280,ROI 280,point,900,90000.0,718000.6719986111,2403460.7198796296,89.10754129605998,21.721273877129672,power,water,sigma0,41.36608123779297,NISAR_S2_PR_GCOV_028_170_A_013_3700_DHNA_A_20260824T232917_20260824T232954_P00500_M_F_I_001_gcov.tif,Band 2: HVHV,900,0.010779007308259305,0.006144528470491389,0.5700458580989369,3.077374927071633,-19.674212336202086,2.484064282506498,-30.186775444405765,-24.862164242045118,-20.142738332675677,-16.52539359198483,-13.564176743165934,0
281,ROI 281,point,900,90000.0,722279.7415527778,2404853.4359125,89.14907458976263,21.733316649919484,power,water,gamma0,41.12539291381836,NISAR_S2_PR_GCOV_028_170_A_013_3700_DHNA_A_20260824T232917_20260824T232954_P00500_M_F_I_001_gcov.tif,Band 1: HHHH,900,0.022975228282416032,0.014700949406865229,0.6398608634551206,2.442468123860474,-16.38740164760086,2.6543472185913775,-25.583799342102523,-21.550973862683705,-17.098972476784038,-12.732317649506342,-9.382722682357754,0
281,ROI 281,point,900,90000.0,722279.7415527778,2404853.4359125,89.14907458976263,21.733316649919484,power,water,gamma0,41.12539291381836,NISAR_S2_PR_GCOV_028_170_A_013_3700_DHNA_A_20260824T232917_20260824T232954_P00500_M_F_I_001_gcov.tif,Band 2: HVHV,900,0.013814145743639933,0.008487037005464318,0.6143729162095869,2.6493288919930453,-18.596759663605148,2.607083802602357,-26.915426519155822,-23.812208329214076,-19.260027453689624,-15.114017686850136,-12.503897824630318,0
281,ROI 281,point,900,90000.0,722279.7415527778,2404853.4359125,89.14907458976263,21.733316649919484,power,water,sigma0,41.12539291381836,NISAR_S2_PR_GCOV_028_170_A_013_3700_DHNA_A_20260824T232917_20260824T232954_P00500_M_F_I_001_gcov.tif,Band 1: HHHH,900,0.01711437993801927,0.010950858708425385,0.6398630127462731,2.44245171545365,-17.666388309330486,2.6543821021742047,-26.86261394766521,-22.830246935556637,-18.37777389813646,-14.011012309441321,-10.661551882644762,0
281,ROI 281,point,900,90000.0,722279.7415527778,2404853.4359125,89.14907458976263,21.733316649919484,power,water,sigma0,41.12539291381836,NISAR_S2_PR_GCOV_028_170_A_013_3700_DHNA_A_20260824T232917_20260824T232954_P00500_M_F_I_001_gcov.tif,Band 2: HVHV,900,0.010290192469868604,0.006322024353925198,0.6143737711842745,2.6493215182812375,-19.875765020286135,2.6070774404687986,-28.194233827374738,-25.091304887561307,-20.53915953663897,-16.392607817046212,-13.783186436310109,0
282,ROI 282,point,900,90000.0,723349.508941088,2405055.278815972,89.1594391111741,21.735004440539367,power,water,gamma0,41.06702423095703,NISAR_S2_PR_GCOV_028_170_A_013_3700_DHNA_A_20260824T232917_20260824T232954_P00500_M_F_I_001_gcov.tif,Band 1: HHHH,900,0.02305409926119157,0.014233158592431868,0.6173808150636121,2.6235765500176864,-16.372518412839135,2.640196880781283,-26.423717361370564,-21.618949933045016,-17.073999934302112,-12.964284703182791,-10.082934621208548,0
282,ROI 282,point,900,90000.0,723349.508941088,2405055.278815972,89.1594391111741,21.735004440539367,power,water,gamma0,41.06702423095703,NISAR_S2_PR_GCOV_028_170_A_013_3700_DHNA_A_20260824T232917_20260824T232954_P00500_M_F_I_001_gcov.tif,Band 2: HVHV,900,0.013761212627092997,0.007703916677714665,0.5598283295577627,3.1907314756514142,-18.61343294730523,2.443016656933723,-26.64969672738756,-23.49820156790098,-19.109420372914528,-15.285251210859927,-13.0035757191845,0
282,ROI 282,point,900,90000.0,723349.508941088,2405055.278815972,89.1594391111741,21.735004440539367,power,water,sigma0,41.06702423095703,NISAR_S2_PR_GCOV_028_170_A_013_3700_DHNA_A_20260824T232917_20260824T232954_P00500_M_F_I_001_gcov.tif,Band 1: HHHH,900,0.01718847885733202,0.010611912390921983,0.6173851961539518,2.623539315289131,-17.64762555721203,2.640184138125805,-27.69895009812952,-22.89404919811034,-18.348952597339448,-14.239264960691948,-11.35790105884341,0
282,ROI 282,point,900,90000.0,723349.508941088,2405055.278815972,89.1594391111741,21.735004440539367,power,water,sigma0,41.06702423095703,NISAR_S2_PR_GCOV_028_170_A_013_3700_DHNA_A_20260824T232917_20260824T232954_P00500_M_F_I_001_gcov.tif,Band 2: HVHV,900,0.010259967679766037,0.005743796672769049,0.5598260006312249,3.1907580231667394,-19.888540073062074,2.4430124031242113,-27.92450103261437,-24.773644270771896,-20.384494869240992,-16.55975891236302,-14.278869217483912,0
283,ROI 283,point,900,90000.0,724459.6449104167,2405418.5960435187,89.17021580640858,21.738144292404524,power,water,gamma0,41.0041618347168,NISAR_S2_PR_GCOV_028_170_A_013_3700_DHNA_A_20260824T232917_20260824T232954_P00500_M_F_I_001_gcov.tif,Band 1: HHHH,900,0.02412643682871324,0.014769043243946485,0.6121518626558905,2.668588741169184,-16.175068131883087,2.600119906479413,-28.663651170528233,-21.379441152321807,-16.844210856704716,-12.643667309725759,-9.463360312150751,0
283,ROI 283,point,900,90000.0,724459.6449104167,2405418.5960435187,89.17021580640858,21.738144292404524,power,water,gamma0,41.0041618347168,NISAR_S2_PR_GCOV_028_170_A_013_3700_DHNA_A_20260824T232917_20260824T232954_P00500_M_F_I_001_gcov.tif,Band 2: HVHV,900,0.014183917788064314,0.0086912605127803,0.612754574768753,2.663341616759636,-18.48203794630312,2.5622658641417355,-27.095462521251775,-23.417196840451247,-19.215747184997493,-15.147911787722917,-12.087239419268833,0
283,ROI 283,point,900,90000.0,724459.6449104167,2405418.5960435187,89.17021580640858,21.738144292404524,power,water,sigma0,41.0041618347168,NISAR_S2_PR_GCOV_028_170_A_013_3700_DHNA_A_20260824T232917_20260824T232954_P00500_M_F_I_001_gcov.tif,Band 1: HHHH,900,0.018004355705603138,0.011021585066387084,0.6121621482382208,2.6684990663707966,-17.446224154483666,2.600136696750492,-29.93443673533504,-22.650935756135166,-18.115414033253558,-13.915326258039165,-10.734184377591063,0
283,ROI 283,point,900,90000.0,724459.6449104167,2405418.5960435187,89.17021580640858,21.738144292404524,power,water,sigma0,41.0041618347168,NISAR_S2_PR_GCOV_028_170_A_013_3700_DHNA_A_20260824T232917_20260824T232954_P00500_M_F_I_001_gcov.tif,Band 2: HVHV,900,0.010584711159036093,0.006485803603447808,0.6127520634241326,2.6633634480442523,-19.753209887308536,2.5622648460076665,-28.366708034861784,-24.688592381898463,-20.486984910327173,-16.41953016227874,-13.358428390543235,0
284,ROI 284,point,900,90000.0,725569.780879514,2405680.9918175926,89.18097915271048,21.740372255485298,power,water,gamma0,40.9425163269043,NISAR_S2_PR_GCOV_028_170_A_013_3700_DHNA_A_20260824T232917_20260824T232954_P00500_M_F_I_001_gcov.tif,Band 1: HHHH,900,0.02119110643423887,0.013224324915656744,0.6240507052661467,2.5677943759450526,-16.738463672278627,2.631718508144263,-26.377080678151618,-22.033900716975744,-17.435995917751427,-13.270958660196897,-10.383761131032346,0
284,ROI 284,point,900,90000.0,725569.780879514,2405680.9918175926,89.18097915271048,21.740372255485298,power,water,gamma0,40.9425163269043,NISAR_S2_PR_GCOV_028_170_A_013_3700_DHNA_A_20260824T232917_20260824T232954_P00500_M_F_I_001_gcov.tif,Band 2: HVHV,900,0.01439021784986835,0.008895694624843508,0.6181765083511152,2.6168269608419252,-18.419326313393118,2.6989132871176427,-31.455905718224404,-23.643880270934112,-19.053283551666787,-14.970261136573322,-11.836485101097292,0
284,ROI 284,point,900,90000.0,725569.780879514,2405680.9918175926,89.18097915271048,21.740372255485298,power,water,sigma0,40.9425163269043,NISAR_S2_PR_GCOV_028_170_A_013_3700_DHNA_A_20260824T232917_20260824T232954_P00500_M_F_I_001_gcov.tif,Band 1: HHHH,900,0.01582867790118465,0.009877921261369712,0.6240521996237239,2.5677820782610103,-18.0055535830244,2.631720645011355,-27.64466078854614,-23.300988354289444,-18.703254543735845,-14.537809941436784,-11.65089831546829,0
284,ROI 284,point,900,90000.0,725569.780879514,2405680.9918175926,89.18097915271048,21.740372255485298,power,water,sigma0,40.9425163269043,NISAR_S2_PR_GCOV_028_170_A_013_3700_DHNA_A_20260824T232917_20260824T232954_P00500_M_F_I_001_gcov.tif,Band 2: HVHV,900,0.01074877365525334,0.006644681798552202,0.6181804558983052,2.616793540131726,-19.686410822727968,2.698924674096959,-32.72322450377122,-24.911089607110487,-20.320444624881663,-16.23772236116838,-13.103545349948046,0
285,ROI 285,point,900,90000.0,726619.3639777778,2405882.834720602,89.1911493212424,21.7420605551685,power,water,gamma0,40.88493347167969,NISAR_S2_PR_GCOV_028_170_A_013_3700_DHNA_A_20260824T232917_20260824T232954_P00500_M_F_I_001_gcov.tif,Band 1: HHHH,900,0.018102857260576758,0.010928336856769987,0.6036802201699407,2.7440126395592936,-17.422528729447,2.6842543207477427,-28.0668724033629,-22.675152536840702,-18.05736437393758,-14.103071023927376,-10.74984672351677,0
285,ROI 285,point,900,90000.0,726619.3639777778,2405882.834720602,89.1911493212424,21.7420605551685,power,water,gamma0,40.88493347167969,NISAR_S2_PR_GCOV_028_170_A_013_3700_DHNA_A_20260824T232917_20260824T232954_P00500_M_F_I_001_gcov.tif,Band 2: HVHV,900,0.01275621852087271,0.007397901221388827,0.5799446920169805,2.9732186220751404,-18.942780496676853,2.499727304857388,-26.809120699837305,-24.030520718399142,-19.59180072447681,-15.676364880155717,-12.97903438184347,0
285,ROI 285,point,900,90000.0,726619.3639777778,2405882.834720602,89.1911493212424,21.7420605551685,power,water,sigma0,40.88493347167969,NISAR_S2_PR_GCOV_028_170_A_013_3700_DHNA_A_20260824T232917_20260824T232954_P00500_M_F_I_001_gcov.tif,Band 1: HHHH,900,0.013533774118664764,0.008170091597976778,0.6036816874835529,2.7439993003366925,-18.68581076251848,2.684253829135285,-29.330358383183913,-23.93812594059974,-19.32063267035083,-15.366331466068655,-12.013014494223908,0
285,ROI 285,point,900,90000.0,726619.3639777778,2405882.834720602,89.1911493212424,21.7420605551685,power,water,sigma0,40.88493347167969,NISAR_S2_PR_GCOV_028_170_A_013_3700_DHNA_A_20260824T232917_20260824T232954_P00500_M_F_I_001_gcov.tif,Band 2: HVHV,900,0.009536645410078662,0.005530836247176519,0.57995615956648,2.973101043551072,-20.206043649286425,2.499754394857904,-28.072634034957716,-25.293613090126637,-20.85510754600284,-16.939355781989455,-14.241896084389706,0
286,ROI 286,point,900,90000.0,727689.1313666666,2406266.3362372685,89.2015397222298,21.745385654436586,power,water,gamma0,40.82362365722656,NISAR_S2_PR_GCOV_028_170_A_013_3700_DHNA_A_20260824T232917_20260824T232954_P00500_M_F_I_001_gcov.tif,Band 1: HHHH,900,0.01863092981434117,0.011688421344004461,0.6273665061529722,2.5407231357199382,-17.297654702158972,2.608672913822693,-26.538729304903054,-22.38112835476631,-17.9907750756357,-13.85316131997413,-10.805472071200686,0
286,ROI 286,point,900,90000.0,727689.1313666666,2406266.3362372685,89.2015397222298,21.745385654436586,power,water,gamma0,40.82362365722656,NISAR_S2_PR_GCOV_028_170_A_013_3700_DHNA_A_20260824T232917_20260824T232954_P00500_M_F_I_001_gcov.tif,Band 2: HVHV,900,0.0127051598402775,0.00769504390518754,0.6056628961717548,2.7260766452900578,-18.960198668344827,2.558985221527641,-29.271675826016384,-23.78694723556314,-19.68547276308883,-15.471491606423744,-12.80148461584069,0
286,ROI 286,point,900,90000.0,727689.1313666666,2406266.3362372685,89.2015397222298,21.745385654436586,power,water,sigma0,40.82362365722656,NISAR_S2_PR_GCOV_028_170_A_013_3700_DHNA_A_20260824T232917_20260824T232954_P00500_M_F_I_001_gcov.tif,Band 1: HHHH,900,0.01394162016816808,0.008746569286173969,0.6273710788753516,2.5406860986948225,-18.556867535544495,2.6086892205317906,-27.79795480968626,-23.64031544112703,-19.249953199490676,-15.112097221151956,-12.064167990982178,0
286,ROI 286,point,900,90000.0,727689.1313666666,2406266.3362372685,89.2015397222298,21.745385654436586,power,water,sigma0,40.82362365722656,NISAR_S2_PR_GCOV_028_170_A_013_3700_DHNA_A_20260824T232917_20260824T232954_P00500_M_F_I_001_gcov.tif,Band 2: HVHV,900,0.009507314266289157,0.0057582367696906766,0.6056638718789508,2.72606786203393,-20.219421501565723,2.5589847106104533,-30.53110301208685,-25.046372838154042,-20.94451045578847,-16.730342728959766,-14.060527473954977,0
287,ROI 287,point,900,90000.0,728718.5301741898,2406569.1005925927,89.21152926913528,21.7479863731551,power,water,gamma0,40.76545715332031,NISAR_S2_PR_GCOV_028_170_A_013_3700_DHNA_A_20260824T232917_20260824T232954_P00500_M_F_I_001_gcov.tif,Band 1: HHHH,900,0.022034155059761057,0.013668480493783539,0.6203315015580072,2.5986771518531118,-16.56903598656171,2.5813014763644317,-24.646171779632,-21.527680747322982,-17.28686775293436,-13.270158272731969,-9.393314432911925,0
287,ROI 287,point,900,90000.0,728718.5301741898,2406569.1005925927,89.21152926913528,21.7479863731551,power,water,gamma0,40.76545715332031,NISAR_S2_PR_GCOV_028_170_A_013_3700_DHNA_A_20260824T232917_20260824T232954_P00500_M_F_I_001_gcov.tif,Band 2: HVHV,900,0.013412072647155987,0.008003096236833597,0.5967083870911364,2.8085083258983485,-18.725041028592685,2.533288595598004,-29.296358477696476,-23.579270352112797,-19.3220887605626,-15.424048594889362,-11.822510507348152,0
287,ROI 287,point,900,90000.0,728718.5301741898,2406569.1005925927,89.21152926913528,21.7479863731551,power,water,sigma0,40.76545715332031,NISAR_S2_PR_GCOV_028_170_A_013_3700_DHNA_A_20260824T232917_20260824T232954_P00500_M_F_I_001_gcov.tif,Band 1: HHHH,900,0.016502759541676775,0.010237181363187268,0.6203314868239976,2.598677275299802,-17.824434283002567,2.5812769127433666,-25.90136320499433,-22.782756984088447,-18.542480817281056,-14.525439248744242,-10.648526940402315,0
287,ROI 287,point,900,90000.0,728718.5301741898,2406569.1005925927,89.21152926913528,21.7479863731551,power,water,sigma0,40.76545715332031,NISAR_S2_PR_GCOV_028_170_A_013_3700_DHNA_A_20260824T232917_20260824T232954_P00500_M_F_I_001_gcov.tif,Band 2: HVHV,900,0.010045173904480042,0.005994081530373446,0.5967125693762403,2.808468957056547,-19.98042540239545,2.533294079750718,-30.551867182624942,-24.83473923073759,-20.57710930866125,-16.679690923638596,-13.077661496784039,0
288,ROI 288,point,900,90000.0,729551.1321513889,2406781.0356416665,89.21960470075655,21.749791976802523,power,water,gamma0,40.71833801269531,NISAR_S2_PR_GCOV_028_170_A_013_3700_DHNA_A_20260824T232917_20260824T232954_P00500_M_F_I_001_gcov.tif,Band 1: HHHH,900,0.019316426236958555,0.011614605812947638,0.6012812965746817,2.7659518154854528,-17.140732200082454,2.5845634743397445,-28.01988386720394,-22.277294251792252,-17.7770800309727,-13.785089532329879,-11.113197513066641,0
288,ROI 288,point,900,90000.0,729551.1321513889,2406781.0356416665,89.21960470075655,21.749791976802523,power,water,gamma0,40.71833801269531,NISAR_S2_PR_GCOV_028_170_A_013_3700_DHNA_A_20260824T232917_20260824T232954_P00500_M_F_I_001_gcov.tif,Band 2: HVHV,900,0.013320161539466224,0.007997724578108857,0.6004224914549608,2.7738699479075275,-18.754905082533014,2.5288396298928912,-28.302532687082156,-23.700100630977413,-19.391990492240588,-15.177276706519633,-12.413402807730352,0
288,ROI 288,point,900,90000.0,729551.1321513889,2406781.0356416665,89.21960470075655,21.749791976802523,power,water,sigma0,40.71833801269531,NISAR_S2_PR_GCOV_028_170_A_013_3700_DHNA_A_20260824T232917_20260824T232954_P00500_M_F_I_001_gcov.tif,Band 1: HHHH,900,0.01447750653375831,0.008705143915110902,0.6012875141732765,2.765894613269207,-18.39306230395656,2.584578941398842,-29.272094756917177,-23.52980110747593,-19.02955265829899,-15.037406388121644,-12.365889876238557,0
288,ROI 288,point,900,90000.0,729551.1321513889,2406781.0356416665,89.21960470075655,21.749791976802523,power,water,sigma0,40.71833801269531,NISAR_S2_PR_GCOV_028_170_A_013_3700_DHNA_A_20260824T232917_20260824T232954_P00500_M_F_I_001_gcov.tif,Band 2: HVHV,900,0.009983342319645754,0.005994287987480579,0.6004289741407244,2.7738100506310097,-20.007240370723814,2.528846166591633,-29.554714911121003,-24.952066894725988,-20.644720044699536,-16.429073848769495,-13.665408206732268,0
289,ROI 289,point,900,90000.0,736555.0809025463,2408663.220716667,89.28755699291254,21.765861609727455,power,water,gamma0,40.322967529296875,NISAR_S2_PR_GCOV_028_170_A_013_3700_DHNA_A_20260824T232917_20260824T232954_P00500_M_F_I_001_gcov.tif,Band 1: HHHH,900,0.020345218463335188,0.012002674558150744,0.5899506353191131,2.8732184972856496,-16.915376424087995,2.4600536312735173,-26.973794466427318,-21.50960684947735,-17.572116359198297,-13.504954043564954,-10.371170123815785,0
289,ROI 289,point,900,90000.0,736555.0809025463,2408663.220716667,89.28755699291254,21.765861609727455,power,water,gamma0,40.322967529296875,NISAR_S2_PR_GCOV_028_170_A_013_3700_DHNA_A_20260824T232917_20260824T232954_P00500_M_F_I_001_gcov.tif,Band 2: HVHV,900,0.013227170566743654,0.007714805247411586,0.5832543859991113,2.9395711294053037,-18.78533046112445,2.544609635708717,-30.13115621040106,-24.030053640180302,-19.395280163207218,-15.508808330360003,-12.370761952490767,0
289,ROI 289,point,900,90000.0,736555.0809025463,2408663.220716667,89.28755699291254,21.765861609727455,power,water,sigma0,40.322967529296875,NISAR_S2_PR_GCOV_028_170_A_013_3700_DHNA_A_20260824T232917_20260824T232954_P00500_M_F_I_001_gcov.tif,Band 1: HHHH,900,0.015339408580709856,0.009049537941776905,0.5899535105386783,2.8731904913029402,-18.141913845256063,2.4600611712192633,-28.2007920250794,-22.736074285420386,-18.798450329162133,-14.731590738695004,-11.59750674273943,0
289,ROI 289,point,900,90000.0,736555.0809025463,2408663.220716667,89.28755699291254,21.765861609727455,power,water,sigma0,40.322967529296875,NISAR_S2_PR_GCOV_028_170_A_013_3700_DHNA_A_20260824T232917_20260824T232954_P00500_M_F_I_001_gcov.tif,Band 2: HVHV,900,0.00997268905446678,0.005816582511080156,0.5832511651884806,2.939603595103272,-20.011877219237682,2.5446030070581966,-31.35818295572371,-25.256498138850255,-20.621795189338957,-16.735677328327277,-13.597631092122526,0
290,ROI 290,point,900,90000.0,737766.1383234954,2409046.7222335646,89.29931629604236,21.76916131240294,power,water,gamma0,40.25344467163086,NISAR_S2_PR_GCOV_028_170_A_013_3700_DHNA_A_20260824T232917_20260824T232954_P00500_M_F_I_001_gcov.tif,Band 1: HHHH,900,0.020007245275450662,0.011859938886852639,0.5927822008262701,2.8458348298627,-16.988127036690607,2.564332281007133,-25.272580160812307,-22.378156146967466,-17.595281593716084,-13.600207336422535,-10.95139074317177,0
290,ROI 290,point,900,90000.0,737766.1383234954,2409046.7222335646,89.29931629604236,21.76916131240294,power,water,gamma0,40.25344467163086,NISAR_S2_PR_GCOV_028_170_A_013_3700_DHNA_A_20260824T232917_20260824T232954_P00500_M_F_I_001_gcov.tif,Band 2: HVHV,900,0.012572562241435258,0.007480125638209039,0.5949563417993565,2.8250738405693725,-19.00576205693516,2.547091675906801,-27.90655015216627,-24.00011157574168,-19.663182553994222,-15.761146525434935,-13.147853611258027,0
290,ROI 290,point,900,90000.0,737766.1383234954,2409046.7222335646,89.29931629604236,21.76916131240294,power,water,sigma0,40.25344467163086,NISAR_S2_PR_GCOV_028_170_A_013_3700_DHNA_A_20260824T232917_20260824T232954_P00500_M_F_I_001_gcov.tif,Band 1: HHHH,900,0.015100237736505017,0.00895109330299431,0.5927783031756466,2.845872253993462,-18.2101621516779,2.564329531675725,-26.494521086224022,-23.599764436812226,-18.817380457743088,-14.822732131879846,-12.17382694821157,0
290,ROI 290,point,900,90000.0,737766.1383234954,2409046.7222335646,89.29931629604236,21.76916131240294,power,water,sigma0,40.25344467163086,NISAR_S2_PR_GCOV_028_170_A_013_3700_DHNA_A_20260824T232917_20260824T232954_P00500_M_F_I_001_gcov.tif,Band 2: HVHV,900,0.009489001315246109,0.005645529799751208,0.5949551077288247,2.8250855602569502,-20.227794931681675,2.5470977909560624,-29.128680745166523,-25.222600509158095,-20.885145499751196,-16.982960879438323,-14.37022018562491,0
291,ROI 291,point,900,90000.00024414062,738775.3521732584,2409369.6687007407,89.3091165477643,21.771940737286958,power,water,gamma0,40.19529342651367,NISAR_S2_PR_GCOV_028_170_A_013_3700_DHNA_A_20260824T232917_20260824T232954_P00500_M_F_I_001_gcov.tif,Band 1: HHHH,900,0.02003113916117905,0.01310384265449865,0.6541736118480117,2.3367591772392933,-16.982943518873412,2.66652764464987,-26.662035087350716,-22.195802831870427,-17.731126630347028,-13.571096929419165,-8.575739501936944,0
291,ROI 291,point,900,90000.00024414062,738775.3521732584,2409369.6687007407,89.3091165477643,21.771940737286958,power,water,gamma0,40.19529342651367,NISAR_S2_PR_GCOV_028_170_A_013_3700_DHNA_A_20260824T232917_20260824T232954_P00500_M_F_I_001_gcov.tif,Band 2: HVHV,900,0.013170980928181154,0.007689400274711759,0.5838137885583915,2.933940512854549,-18.80381879113243,2.6497739469417794,-28.933921049963974,-24.104877455753616,-19.386008322749863,-15.44851098860806,-13.134260253671346,0
291,ROI 291,point,900,90000.00024414062,738775.3521732584,2409369.6687007407,89.3091165477643,21.771940737286958,power,water,sigma0,40.19529342651367,NISAR_S2_PR_GCOV_028_170_A_013_3700_DHNA_A_20260824T232917_20260824T232954_P00500_M_F_I_001_gcov.tif,Band 1: HHHH,900,0.015131406005979028,0.009898762912809249,0.6541865910476428,2.3366664545714904,-18.20120715581044,2.6665500431330535,-27.880806737423264,-23.414173313474954,-18.949612022327663,-14.789602630411986,-9.793628733331683,0
291,ROI 291,point,900,90000.00024414062,738775.3521732584,2409369.6687007407,89.3091165477643,21.771940737286958,power,water,sigma0,40.19529342651367,NISAR_S2_PR_GCOV_028_170_A_013_3700_DHNA_A_20260824T232917_20260824T232954_P00500_M_F_I_001_gcov.tif,Band 2: HVHV,900,0.009949210683620096,0.005808405309789208,0.5838056399139169,2.934022416157167,-20.02211372454846,2.6497451427089653,-30.152139582466056,-25.32358061591433,-20.604009842109555,-16.66659596594587,-14.352571652913968,0
292,ROI 292,point,900,90000.0,740107.5160042824,2409531.1452013887,89.3220148945212,21.77321807446157,power,water,gamma0,40.12232208251953,NISAR_S2_PR_GCOV_028_170_A_013_3700_DHNA_A_20260824T232917_20260824T232954_P00500_M_F_I_001_gcov.tif,Band 1: HHHH,900,0.019528962198205085,0.01233141856738148,0.6314425949636415,2.508027250112544,-17.09320835235874,2.555427831480866,-28.175877210001556,-22.124561279863805,-17.875323787475338,-13.656470424544718,-10.263886176644558,0
292,ROI 292,point,900,90000.0,740107.5160042824,2409531.1452013887,89.3220148945212,21.77321807446157,power,water,gamma0,40.12232208251953,NISAR_S2_PR_GCOV_028_170_A_013_3700_DHNA_A_20260824T232917_20260824T232954_P00500_M_F_I_001_gcov.tif,Band 2: HVHV,900,0.01347896725185112,0.00861342146953381,0.6390268118168249,2.448848056386651,-18.70343381836628,2.6005784101271656,-27.58004086319204,-24.093376882138024,-19.428504537739922,-15.405456460822482,-11.96516047862402,0
292,ROI 292,point,900,90000.0,740107.5160042824,2409531.1452013887,89.3220148945212,21.77321807446157,power,water,sigma0,40.12232208251953,NISAR_S2_PR_GCOV_028_170_A_013_3700_DHNA_A_20260824T232917_20260824T232954_P00500_M_F_I_001_gcov.tif,Band 1: HHHH,900,0.014767909937688369,0.009324992885854809,0.6314361968078508,2.5080780765632706,-18.30680964861245,2.555401526251108,-29.389722289494497,-23.338068715754382,-19.088791537307706,-14.870272628319556,-11.477908930663235,0
292,ROI 292,point,900,90000.0,740107.5160042824,2409531.1452013887,89.3220148945212,21.77321807446157,power,water,sigma0,40.12232208251953,NISAR_S2_PR_GCOV_028_170_A_013_3700_DHNA_A_20260824T232917_20260824T232954_P00500_M_F_I_001_gcov.tif,Band 2: HVHV,900,0.010192900964666506,0.0065135733096494996,0.6390303734166235,2.448820759429254,-19.917021954198827,2.6005675570796454,-28.793444697704235,-25.30670406505112,-20.64198974235904,-16.619262983330064,-13.17912674573368,0
293,ROI 293,point,900,90000.0,741379.1262958334,2409955.015298611,89.33436648922188,21.7768713509971,power,water,gamma0,40.04872512817383,NISAR_S2_PR_GCOV_028_170_A_013_3700_DHNA_A_20260824T232917_20260824T232954_P00500_M_F_I_001_gcov.tif,Band 1: HHHH,900,0.022404863294990113,0.013880019507443166,0.619509225505823,2.6055801906167932,-16.496577016242952,2.625801291647367,-24.86258439195808,-21.81244488559333,-17.12383413916654,-13.35390005480017,-9.366545072987503,0
293,ROI 293,point,900,90000.0,741379.1262958334,2409955.015298611,89.33436648922188,21.7768713509971,power,water,gamma0,40.04872512817383,NISAR_S2_PR_GCOV_028_170_A_013_3700_DHNA_A_20260824T232917_20260824T232954_P00500_M_F_I_001_gcov.tif,Band 2: HVHV,900,0.012781729856247289,0.007659918141376174,0.5992864993647364,2.7843960681862003,-18.934103655686336,2.6149408302582327,-27.753614107359827,-24.259928853612813,-19.622386788120664,-15.549405320388011,-13.104516954662511,0
293,ROI 293,point,900,90000.0,741379.1262958334,2409955.015298611,89.33436648922188,21.7768713509971,power,water,sigma0,40.04872512817383,NISAR_S2_PR_GCOV_028_170_A_013_3700_DHNA_A_20260824T232917_20260824T232954_P00500_M_F_I_001_gcov.tif,Band 1: HHHH,900,0.0169612950693633,0.010507790814378993,0.6195158312739286,2.605524625396704,-17.70540990522396,2.6258290790599017,-26.07135597817498,-23.021115600444766,-18.33270483088808,-14.563053997434416,-10.57561893888378,0
293,ROI 293,point,900,90000.0,741379.1262958334,2409955.015298611,89.33436648922188,21.7768713509971,power,water,sigma0,40.04872512817383,NISAR_S2_PR_GCOV_028_170_A_013_3700_DHNA_A_20260824T232917_20260824T232954_P00500_M_F_I_001_gcov.tif,Band 2: HVHV,900,0.009676193562781954,0.005798778104448738,0.5992829790789717,2.784428780273723,-20.142954525872042,2.614942169155548,-28.962604878441955,-25.46859711378962,-20.83113878869893,-16.757959634857404,-14.31376829999226,0
294,ROI 294,point,900,90000.0,742226.866491088,2410277.9639449073,89.34260710888218,21.77967073970968,power,water,gamma0,39.99880599975586,NISAR_S2_PR_GCOV_028_170_A_013_3700_DHNA_A_20260824T232917_20260824T232954_P00500_M_F_I_001_gcov.tif,Band 1: HHHH,900,0.022666150292692085,0.01478834486706785,0.6524418428406803,2.349180507220587,-16.446222358776424,2.6722800911256557,-26.901344167493786,-21.5500314621298,-17.135471875515233,-12.8245629858289,-7.944699559151384,0
294,ROI 294,point,900,90000.0,742226.866491088,2410277.9639449073,89.34260710888218,21.77967073970968,power,water,gamma0,39.99880599975586,NISAR_S2_PR_GCOV_028_170_A_013_3700_DHNA_A_20260824T232917_20260824T232954_P00500_M_F_I_001_gcov.tif,Band 2: HVHV,900,0.013837116416673073,0.008569547449527934,0.6193159897969807,2.607206403056646,-18.589544051687753,2.723047958406922,-28.100059558640687,-24.037672006383968,-19.232989906798544,-15.254177819799619,-12.497528185321302,0
294,ROI 294,point,900,90000.0,742226.866491088,2410277.9639449073,89.34260710888218,21.77967073970968,power,water,sigma0,39.99880599975586,NISAR_S2_PR_GCOV_028_170_A_013_3700_DHNA_A_20260824T232917_20260824T232954_P00500_M_F_I_001_gcov.tif,Band 1: HHHH,900,0.017171628026941783,0.01120326160271607,0.6524286215109295,2.3492757194899787,-17.65188527809434,2.6722662803963853,-28.106835115965254,-22.75581693647944,-18.341089433897327,-14.030441082493327,-9.150740297885196,0
294,ROI 294,point,900,90000.0,742226.866491088,2410277.9639449073,89.34260710888218,21.77967073970968,power,water,sigma0,39.99880599975586,NISAR_S2_PR_GCOV_028_170_A_013_3700_DHNA_A_20260824T232917_20260824T232954_P00500_M_F_I_001_gcov.tif,Band 2: HVHV,900,0.010482872781363931,0.006492179343132593,0.6193129954485523,2.607231614551724,-19.795196847068247,2.7230430110035293,-29.305952677492087,-25.243100725963366,-20.439068489000036,-16.459601167671117,-13.703620865577475,0
295,ROI 295,point,900,90000.0,743074.6066855324,2410580.7283,89.3508450404535,21.782287480714064,power,water,gamma0,39.94898986816406,NISAR_S2_PR_GCOV_028_170_A_013_3700_DHNA_A_20260824T232917_20260824T232954_P00500_M_F_I_001_gcov.tif,Band 1: HHHH,900,0.020919832694602923,0.013237263730204795,0.6327614528972718,2.497583236854173,-16.794417930409626,2.714455238186704,-26.38566680697462,-22.266292486515535,-17.449920264966753,-13.40565052307582,-9.99058700400998,0
295,ROI 295,point,900,90000.0,743074.6066855324,2410580.7283,89.3508450404535,21.782287480714064,power,water,gamma0,39.94898986816406,NISAR_S2_PR_GCOV_028_170_A_013_3700_DHNA_A_20260824T232917_20260824T232954_P00500_M_F_I_001_gcov.tif,Band 2: HVHV,900,0.01283322226191457,0.007719018954985083,0.6014872023134036,2.7640584157007497,-18.916642840095786,2.5936769339106904,-28.98294059778673,-24.06301852098602,-19.593544239956458,-15.582689410711811,-13.064063831777448,0
295,ROI 295,point,900,90000.0,743074.6066855324,2410580.7283,89.3508450404535,21.782287480714064,power,water,sigma0,39.94898986816406,NISAR_S2_PR_GCOV_028_170_A_013_3700_DHNA_A_20260824T232917_20260824T232954_P00500_M_F_I_001_gcov.tif,Band 1: HHHH,900,0.015860097680457853,0.010035510604696748,0.6327521309696651,2.4976568279508684,-17.99694142242047,2.7144210718663513,-27.587780242669837,-23.46913680687451,-18.65252032937757,-14.608113516899177,-11.193354288351996,0
295,ROI 295,point,900,90000.0,743074.6066855324,2410580.7283,89.3508450404535,21.782287480714064,power,water,sigma0,39.94898986816406,NISAR_S2_PR_GCOV_028_170_A_013_3700_DHNA_A_20260824T232917_20260824T232954_P00500_M_F_I_001_gcov.tif,Band 2: HVHV,900,0.009729377118342535,0.005852092355114545,0.6014868458620801,2.764061691757671,-20.119149626839384,2.593674659356248,-30.185807589893564,-25.265246260878442,-20.79633990010647,-16.7853144215864,-14.266613610891152,0
296,ROI 296,point,900,90000.00024414062,756012.7361163138,2414395.5569931255,89.47647877201513,21.81489482911538,power,water,gamma0,39.19740676879883,NISAR_S2_PR_GCOV_028_170_A_013_3700_DHNA_A_20260824T232917_20260824T232954_P00500_M_F_I_001_gcov.tif,Band 1: HHHH,900,0.025118978571198467,0.016151920532321132,0.6430166133761902,2.418553019662904,-15.999980245650665,2.6718898036415917,-25.817823627600063,-21.164113344433137,-16.714612750752256,-12.434845317827799,-8.638652080870495,0
296,ROI 296,point,900,90000.00024414062,756012.7361163138,2414395.5569931255,89.47647877201513,21.81489482911538,power,water,gamma0,39.19740676879883,NISAR_S2_PR_GCOV_028_170_A_013_3700_DHNA_A_20260824T232917_20260824T232954_P00500_M_F_I_001_gcov.tif,Band 2: HVHV,900,0.01335560441418137,0.008059348404113481,0.6034431804191378,2.7461688254065755,-18.74336452996107,2.639505720641101,-29.76226740199575,-23.930524726043387,-19.503381532543745,-15.371944349523531,-12.791322285169326,0
296,ROI 296,point,900,90000.00024414062,756012.7361163138,2414395.5569931255,89.47647877201513,21.81489482911538,power,water,sigma0,39.19740676879883,NISAR_S2_PR_GCOV_028_170_A_013_3700_DHNA_A_20260824T232917_20260824T232954_P00500_M_F_I_001_gcov.tif,Band 1: HHHH,900,0.01925276246665205,0.012379735411934857,0.6430108631619983,2.4185962763507085,-17.155069473010073,2.6718903199763973,-26.97310058104476,-22.31969013248371,-17.869569180609805,-13.589660395361145,-9.794112772828194,0
296,ROI 296,point,900,90000.00024414062,756012.7361163138,2414395.5569931255,89.47647877201513,21.81489482911538,power,water,sigma0,39.19740676879883,NISAR_S2_PR_GCOV_028_170_A_013_3700_DHNA_A_20260824T232917_20260824T232954_P00500_M_F_I_001_gcov.tif,Band 2: HVHV,900,0.010236592615241638,0.0061772443535619,0.6034473174564332,2.7461311718663977,-19.898445799478658,2.639506816429066,-30.916974612823758,-25.085323892272086,-20.658228886031907,-16.527006898633303,-13.945999102818448,0
297,ROI 297,point,900,90000.0,756799.9241237269,2414536.8492081016,89.48411002286132,21.816055792568125,power,water,gamma0,39.15304946899414,NISAR_S2_PR_GCOV_028_170_A_013_3700_DHNA_A_20260824T232917_20260824T232954_P00500_M_F_I_001_gcov.tif,Band 1: HHHH,900,0.023738991112396534,0.014666098400241934,0.617806305701984,2.6199640169513767,-16.245377421476242,2.723388624539724,-25.832006262349466,-21.650525048534924,-16.959897462462074,-12.737644261263535,-10.429334200416518,0
297,ROI 297,point,900,90000.0,756799.9241237269,2414536.8492081016,89.48411002286132,21.816055792568125,power,water,gamma0,39.15304946899414,NISAR_S2_PR_GCOV_028_170_A_013_3700_DHNA_A_20260824T232917_20260824T232954_P00500_M_F_I_001_gcov.tif,Band 2: HVHV,900,0.01255236994559204,0.008129434093732495,0.6476413720253101,2.384134935664467,-19.01274269631315,2.7584540582675974,-30.298790941412115,-24.415241535572466,-19.802656058268415,-15.415768766650512,-12.833719445716126,0
297,ROI 297,point,900,90000.0,756799.9241237269,2414536.8492081016,89.48411002286132,21.816055792568125,power,water,sigma0,39.15304946899414,NISAR_S2_PR_GCOV_028_170_A_013_3700_DHNA_A_20260824T232917_20260824T232954_P00500_M_F_I_001_gcov.tif,Band 1: HHHH,900,0.01820678781934244,0.011248343992131782,0.6178104618861885,2.6199287666048434,-17.397666689985094,2.723390483590212,-26.98409908690261,-22.80340616969893,-18.11210593461339,-13.890084313353317,-11.58125051608886,0
297,ROI 297,point,900,90000.0,756799.9241237269,2414536.8492081016,89.48411002286132,21.816055792568125,power,water,sigma0,39.15304946899414,NISAR_S2_PR_GCOV_028_170_A_013_3700_DHNA_A_20260824T232917_20260824T232954_P00500_M_F_I_001_gcov.tif,Band 2: HVHV,900,0.009627105745041097,0.0062348905129159865,0.647639142857402,2.384151348033275,-20.16504257826922,2.7584457316933277,-31.451099771297443,-25.567157824825564,-20.954758051390826,-16.567708846040833,-13.986197037242858,0
298,ROI 298,point,900,90000.0,757667.8486086805,2414799.244983333,89.49254073148633,21.818297705402067,power,water,gamma0,39.10197067260742,NISAR_S2_PR_GCOV_028_170_A_013_3700_DHNA_A_20260824T232917_20260824T232954_P00500_M_F_I_001_gcov.tif,Band 1: HHHH,900,0.022009190456139752,0.015128355118266126,0.6873653598670129,2.116531402001069,-16.57395931408361,2.824480539128235,-29.047520185722547,-22.24974338091829,-17.337775073838316,-12.986327253930183,-8.39615003474092,0
298,ROI 298,point,900,90000.0,757667.8486086805,2414799.244983333,89.49254073148633,21.818297705402067,power,water,gamma0,39.10197067260742,NISAR_S2_PR_GCOV_028_170_A_013_3700_DHNA_A_20260824T232917_20260824T232954_P00500_M_F_I_001_gcov.tif,Band 2: HVHV,900,0.013140910867756853,0.008491652611652276,0.6461996962849652,2.3947848436409696,-18.813745304284325,2.679147423142879,-27.450154162632238,-24.017862500591654,-19.674002759407156,-15.367419017800486,-11.59758220749276,0
298,ROI 298,point,900,90000.0,757667.8486086805,2414799.244983333,89.49254073148633,21.818297705402067,power,water,sigma0,39.10197067260742,NISAR_S2_PR_GCOV_028_170_A_013_3700_DHNA_A_20260824T232917_20260824T232954_P00500_M_F_I_001_gcov.tif,Band 1: HHHH,900,0.016892518180250993,0.011611624572108242,0.6873826890820438,2.116424686001275,-17.723056050015703,2.8245190796245776,-30.19720190513584,-23.39921740948252,-18.48706003176998,-14.134960484838269,-9.544960563047926,0
298,ROI 298,point,900,90000.0,757667.8486086805,2414799.244983333,89.49254073148633,21.818297705402067,power,water,sigma0,39.10197067260742,NISAR_S2_PR_GCOV_028_170_A_013_3700_DHNA_A_20260824T232917_20260824T232954_P00500_M_F_I_001_gcov.tif,Band 2: HVHV,900,0.010085896578828654,0.00651761857568647,0.6462111250840733,2.394700136733905,-19.962854894263707,2.6791604683258825,-28.598982227712575,-25.16726849108657,-20.823336560930695,-16.516399995111016,-12.746438601356536,0
299,ROI 299,point,900,89999.99975585938,758596.3266507641,2414940.5371986306,89.50153799578959,21.81943719255503,power,water,gamma0,39.049217224121094,NISAR_S2_PR_GCOV_028_170_A_013_3700_DHNA_A_20260824T232917_20260824T232954_P00500_M_F_I_001_gcov.tif,Band 1: HHHH,900,0.019745184902308716,0.012642226683718887,0.6402688425693439,2.439356435649641,-17.04538794990168,2.7691902975159026,-29.086678083330085,-22.669950264404545,-17.8474174297724,-13.601864722022219,-10.161362950705634,0
299,ROI 299,point,900,89999.99975585938,758596.3266507641,2414940.5371986306,89.50153799578959,21.81943719255503,power,water,gamma0,39.049217224121094,NISAR_S2_PR_GCOV_028_170_A_013_3700_DHNA_A_20260824T232917_20260824T232954_P00500_M_F_I_001_gcov.tif,Band 2: HVHV,900,0.01169599109413361,0.006960111662098071,0.5950852395560624,2.8238501293471936,-19.31962971077913,2.567925305269942,-30.571003324636713,-24.604700364488522,-19.789117585642366,-16.268335247526483,-11.819177964126549,0
299,ROI 299,point,900,89999.99975585938,758596.3266507641,2414940.5371986306,89.50153799578959,21.81943719255503,power,water,sigma0,39.049217224121094,NISAR_S2_PR_GCOV_028_170_A_013_3700_DHNA_A_20260824T232917_20260824T232954_P00500_M_F_I_001_gcov.tif,Band 1: HHHH,900,0.015166077658065921,0.009710282973502654,0.64026330290735,2.439398647247695,-18.191267245341354,2.769186407033376,-30.232231709605877,-23.815435196276468,-18.993315449785886,-14.74742724652182,-11.30740456902285,0
299,ROI 299,point,900,89999.99975585938,758596.3266507641,2414940.5371986306,89.50153799578959,21.81943719255503,power,water,sigma0,39.049217224121094,NISAR_S2_PR_GCOV_028_170_A_013_3700_DHNA_A_20260824T232917_20260824T232954_P00500_M_F_I_001_gcov.tif,Band 2: HVHV,900,0.008983566874364813,0.005345910456957397,0.5950766028371534,2.8239320985480565,-20.465511949264517,2.567919961745559,-31.71690137054156,-25.75083970530021,-20.934712982259988,-17.414606485297803,-12.965359115110637,0
300,ROI 300,point,900,89999.99975585938,759706.4626209051,2415263.485844183,89.51231998607916,21.822189080887867,power,water,gamma0,38.98405838012695,NISAR_S2_PR_GCOV_028_170_A_013_3700_DHNA_A_20260824T232917_20260824T232954_P00500_M_F_I_001_gcov.tif,Band 1: HHHH,900,0.02216313881101087,0.014341186520629351,0.6470738031701767,2.3883191699180584,-16.543687334847096,2.718390444717473,-25.427438991710382,-21.944527067705476,-17.408842120271157,-13.10129898216372,-9.516519503105323,0
300,ROI 300,point,900,89999.99975585938,759706.4626209051,2415263.485844183,89.51231998607916,21.822189080887867,power,water,gamma0,38.98405838012695,NISAR_S2_PR_GCOV_028_170_A_013_3700_DHNA_A_20260824T232917_20260824T232954_P00500_M_F_I_001_gcov.tif,Band 2: HVHV,900,0.012665269478457048,0.007893167888279318,0.623213576442663,2.5746973654479683,-18.973855653079514,2.64983270861786,-28.89146314240676,-24.272871491584105,-19.655456510211952,-15.450735399288664,-11.940482359911755,0
300,ROI 300,point,900,89999.99975585938,759706.4626209051,2415263.485844183,89.51231998607916,21.822189080887867,power,water,sigma0,38.98405838012695,NISAR_S2_PR_GCOV_028_170_A_013_3700_DHNA_A_20260824T232917_20260824T232954_P00500_M_F_I_001_gcov.tif,Band 1: HHHH,900,0.01703920194284961,0.011025750985908387,0.6470814198276035,2.3882629454575044,-17.685507499409802,2.7184347856568003,-26.569610534096988,-23.08672038848149,-18.550429119524235,-14.24259952510868,-10.658885342940465,0
300,ROI 300,point,900,89999.99975585938,759706.4626209051,2415263.485844183,89.51231998607916,21.822189080887867,power,water,sigma0,38.98405838012695,NISAR_S2_PR_GCOV_028_170_A_013_3700_DHNA_A_20260824T232917_20260824T232954_P00500_M_F_I_001_gcov.tif,Band 2: HVHV,900,0.009737093755862784,0.006068311385493893,0.6232158729949696,2.5746783899483536,-20.115706482685425,2.6498202926364525,-30.03312827268051,-25.41512172178106,-20.79736219081184,-16.592996704029986,-13.082635718926506,0
301,ROI 301,point,900,90000.0,760715.6764513889,2415546.063725,89.52212034205597,21.8245907585154,power,water,gamma0,38.92487335205078,NISAR_S2_PR_GCOV_028_170_A_013_3700_DHNA_A_20260824T232917_20260824T232954_P00500_M_F_I_001_gcov.tif,Band 1: HHHH,900,0.01964191049751308,0.012474693103869974,0.6351058928534182,2.479178033629806,-17.06816272242834,2.6554160351293334,-26.757266977888563,-22.353488231832177,-17.75999883799068,-13.684666190186029,-10.18020044280004,0
301,ROI 301,point,900,90000.0,760715.6764513889,2415546.063725,89.52212034205597,21.8245907585154,power,water,gamma0,38.92487335205078,NISAR_S2_PR_GCOV_028_170_A_013_3700_DHNA_A_20260824T232917_20260824T232954_P00500_M_F_I_001_gcov.tif,Band 2: HVHV,900,0.012474595389147806,0.007457593176758039,0.5978224498764685,2.7980505746228492,-19.039735317254237,2.6477847026704744,-29.971596572282834,-24.522018293522937,-19.635065201990198,-15.809178686076946,-12.389125707125226,0
301,ROI 301,point,900,90000.0,760715.6764513889,2415546.063725,89.52212034205597,21.8245907585154,power,water,sigma0,38.92487335205078,NISAR_S2_PR_GCOV_028_170_A_013_3700_DHNA_A_20260824T232917_20260824T232954_P00500_M_F_I_001_gcov.tif,Band 1: HHHH,900,0.015113418089642382,0.009598437393203877,0.6350937515439963,2.47927282516339,-18.206373033913973,2.6553747617284977,-27.895159782590383,-23.491806331897962,-18.89790295183168,-14.82272346625926,-11.318418893192444,0
301,ROI 301,point,900,90000.0,760715.6764513889,2415546.063725,89.52212034205597,21.8245907585154,power,water,sigma0,38.92487335205078,NISAR_S2_PR_GCOV_028_170_A_013_3700_DHNA_A_20260824T232917_20260824T232954_P00500_M_F_I_001_gcov.tif,Band 2: HVHV,900,0.009598595835576202,0.005738242967215952,0.5978210839910301,2.798063360457957,-20.177922946128962,2.647783430427487,-31.10996473369098,-25.660309085187972,-20.773012815173622,-16.946858690027792,-13.527665453797205,0
302,ROI 302,point,900,89999.99975585938,761603.7859154037,2415909.3831362124,89.53076310310185,21.827738553507963,power,water,gamma0,38.870906829833984,NISAR_S2_PR_GCOV_028_170_A_013_3700_DHNA_A_20260824T232917_20260824T232954_P00500_M_F_I_001_gcov.tif,Band 1: HHHH,900,0.020108304293308822,0.012810384934216008,0.6370693792652995,2.46391962987429,-16.96624551338085,2.7773752290588307,-25.9669575876363,-22.50882504583297,-17.65431988850391,-13.411303949884868,-10.96346640426697,0
302,ROI 302,point,900,89999.99975585938,761603.7859154037,2415909.3831362124,89.53076310310185,21.827738553507963,power,water,gamma0,38.870906829833984,NISAR_S2_PR_GCOV_028_170_A_013_3700_DHNA_A_20260824T232917_20260824T232954_P00500_M_F_I_001_gcov.tif,Band 2: HVHV,900,0.012306468300392023,0.0078067848409270005,0.6343643562368185,2.484977463460006,-19.098665626425582,2.7129839216846885,-29.164786391063412,-24.88827978142519,-19.78676752149774,-15.64165995802181,-12.661166580523588,0
302,ROI 302,point,900,89999.99975585938,761603.7859154037,2415909.3831362124,89.53076310310185,21.827738553507963,power,water,sigma0,38.870906829833984,NISAR_S2_PR_GCOV_028_170_A_013_3700_DHNA_A_20260824T232917_20260824T232954_P00500_M_F_I_001_gcov.tif,Band 1: HHHH,900,0.01551451970304581,0.009888561341687481,0.637374635564526,2.4615601168385774,-18.0926166471698,2.779258437949806,-27.102531881959983,-23.64401232573067,-18.776226849313037,-14.505606304094327,-12.098487317893248,0
302,ROI 302,point,900,89999.99975585938,761603.7859154037,2415909.3831362124,89.53076310310185,21.827738553507963,power,water,sigma0,38.870906829833984,NISAR_S2_PR_GCOV_028_170_A_013_3700_DHNA_A_20260824T232917_20260824T232954_P00500_M_F_I_001_gcov.tif,Band 2: HVHV,900,0.009491733797535302,0.006018674292032028,0.6340964064536748,2.487078058415092,-20.22654450383339,2.712004922789081,-30.300195605150407,-25.987746026618343,-20.91034468537735,-16.77469821039689,-13.796108829714289,0
303,ROI 303,point,900,89999.99975585938,761745.0759479629,2419199.422466202,89.53265233180825,21.857413067763602,power,water,gamma0,38.813255310058594,NISAR_S2_PR_GCOV_028_170_A_013_3700_DHNA_A_20260824T232917_20260824T232954_P00500_M_F_I_001_gcov.tif,Band 1: HHHH,900,0.02253030879655853,0.012996960312518537,0.5768656093388211,3.0050430821915928,-16.472328558694954,2.5897037154112543,-25.87141521606906,-21.602970585483238,-17.028086889119244,-13.243503687646834,-10.969104271837471,0
303,ROI 303,point,900,89999.99975585938,761745.0759479629,2419199.422466202,89.53265233180825,21.857413067763602,power,water,gamma0,38.813255310058594,NISAR_S2_PR_GCOV_028_170_A_013_3700_DHNA_A_20260824T232917_20260824T232954_P00500_M_F_I_001_gcov.tif,Band 2: HVHV,900,0.013960230251929412,0.008778839623462131,0.6288463345544625,2.5287793264047367,-18.551074186528478,2.6510209618132916,-27.698212881679176,-23.87084639822463,-19.214172192092885,-15.042744893109123,-11.90460525854281,0
303,ROI 303,point,900,89999.99975585938,761745.0759479629,2419199.422466202,89.53265233180825,21.857413067763602,power,water,sigma0,38.813255310058594,NISAR_S2_PR_GCOV_028_170_A_013_3700_DHNA_A_20260824T232917_20260824T232954_P00500_M_F_I_001_gcov.tif,Band 1: HHHH,900,0.0173634932112755,0.010016486505586206,0.5768704709189337,3.004992432359915,-17.603628984126097,2.589723777824645,-27.002863378075205,-22.734245736913987,-18.159672145096025,-14.374544805122415,-12.100350227110624,0
303,ROI 303,point,900,89999.99975585938,761745.0759479629,2419199.422466202,89.53265233180825,21.857413067763602,power,water,sigma0,38.813255310058594,NISAR_S2_PR_GCOV_028_170_A_013_3700_DHNA_A_20260824T232917_20260824T232954_P00500_M_F_I_001_gcov.tif,Band 2: HVHV,900,0.01075877842083545,0.006765683420505909,0.6288523804341474,2.528730702522443,-19.682370367744454,2.651046838723339,-28.82989282045787,-25.00213903662399,-20.345221545315958,-16.173666220564733,-13.035710816672141,0
304,ROI 304,point,900,90000.00024414062,762976.3162806415,2419623.2881886666,89.54462472232422,21.861055348301868,power,water,gamma0,38.73952102661133,NISAR_S2_PR_GCOV_028_170_A_013_3700_DHNA_A_20260824T232917_20260824T232954_P00500_M_F_I_001_gcov.tif,Band 1: HHHH,900,0.022062681132099693,0.014311328165765956,0.6486667726409712,2.376603299174171,-16.56341711745225,2.8237451460196725,-26.69783686697645,-22.260418489239893,-17.364153464569977,-12.922684934337468,-10.193222205611267,0
304,ROI 304,point,900,90000.00024414062,762976.3162806415,2419623.2881886666,89.54462472232422,21.861055348301868,power,water,gamma0,38.73952102661133,NISAR_S2_PR_GCOV_028_170_A_013_3700_DHNA_A_20260824T232917_20260824T232954_P00500_M_F_I_001_gcov.tif,Band 2: HVHV,900,0.012649221653894831,0.00805359387795637,0.6366869123110498,2.4668807426757637,-18.979361971615496,2.613003433366201,-28.505451468727713,-24.112651714798716,-19.6692129182145,-15.42940988028813,-12.216387023504318,0
304,ROI 304,point,900,90000.00024414062,762976.3162806415,2419623.2881886666,89.54462472232422,21.861055348301868,power,water,sigma0,38.73952102661133,NISAR_S2_PR_GCOV_028_170_A_013_3700_DHNA_A_20260824T232917_20260824T232954_P00500_M_F_I_001_gcov.tif,Band 1: HHHH,900,0.017020694149525617,0.011040781281231796,0.6486680968613441,2.3765935957732798,-17.690227321973047,2.823737656204045,-27.824088752007402,-23.387624688936977,-18.490760039528965,-14.049477556965737,-11.31995186570882,0
304,ROI 304,point,900,90000.00024414062,762976.3162806415,2419623.2881886666,89.54462472232422,21.861055348301868,power,water,sigma0,38.73952102661133,NISAR_S2_PR_GCOV_028_170_A_013_3700_DHNA_A_20260824T232917_20260824T232954_P00500_M_F_I_001_gcov.tif,Band 2: HVHV,900,0.009758544049196922,0.0062132555619995216,0.6366990332447022,2.46678681882278,-20.10614973170092,2.613036385441748,-29.63171476069693,-25.23970388549472,-20.796334828749373,-16.556277644822213,-13.342828804409795,0
305,ROI 305,point,900,90000.0,763864.425746412,2418311.3115041666,89.55300124081808,21.84908095057174,power,water,gamma0,38.7108268737793,NISAR_S2_PR_GCOV_028_170_A_013_3700_DHNA_A_20260824T232917_20260824T232954_P00500_M_F_I_001_gcov.tif,Band 1: HHHH,900,0.02048413176736277,0.013408860689655277,0.6545974631455713,2.333734057799974,-16.88582439161871,2.6979599835076336,-25.690877034141025,-22.430857364432146,-17.71334323819904,-13.348512926894172,-10.395660316610096,0
305,ROI 305,point,900,90000.0,763864.425746412,2418311.3115041666,89.55300124081808,21.84908095057174,power,water,gamma0,38.7108268737793,NISAR_S2_PR_GCOV_028_170_A_013_3700_DHNA_A_20260824T232917_20260824T232954_P00500_M_F_I_001_gcov.tif,Band 2: HVHV,900,0.01225143775369765,0.007374730906202644,0.6019482002409758,2.759826366257051,-19.118129421682312,2.608437562337745,-29.870776013450183,-24.249083542192178,-19.751962453793762,-15.810346519536331,-12.674183266557266,0
305,ROI 305,point,900,90000.0,763864.425746412,2418311.3115041666,89.55300124081808,21.84908095057174,power,water,sigma0,38.7108268737793,NISAR_S2_PR_GCOV_028_170_A_013_3700_DHNA_A_20260824T232917_20260824T232954_P00500_M_F_I_001_gcov.tif,Band 1: HHHH,900,0.015809124922417456,0.01034859395237267,0.6545962539456114,2.3337426797672363,-18.01092168770087,2.6979567266876954,-26.815491663339696,-23.55580694812855,-18.838805944496336,-14.473640387898865,-11.520581150588773,0
305,ROI 305,point,900,90000.0,763864.425746412,2418311.3115041666,89.55300124081808,21.84908095057174,power,water,sigma0,38.7108268737793,NISAR_S2_PR_GCOV_028_170_A_013_3700_DHNA_A_20260824T232917_20260824T232954_P00500_M_F_I_001_gcov.tif,Band 2: HVHV,900,0.009455353391681688,0.005691664483535888,0.60195153451833,2.759795792363502,-20.243222348581583,2.6084352363928582,-30.995719654344278,-25.374249575008005,-20.877169059826294,-16.935754730161342,-13.799142335726753,0
306,ROI 306,point,900,89999.99975585938,764934.1938264057,2417120.4405580163,89.56315205553099,21.838172013715383,power,water,gamma0,38.67041778564453,NISAR_S2_PR_GCOV_028_170_A_013_3700_DHNA_A_20260824T232917_20260824T232954_P00500_M_F_I_001_gcov.tif,Band 1: HHHH,900,0.022198101030274604,0.014022747821421919,0.6317093431684615,2.5059095973534067,-16.53684176330787,2.680663791432886,-27.81912686030646,-21.969278117150104,-17.330322096024318,-12.892624530827765,-10.276584360381557,0
306,ROI 306,point,900,89999.99975585938,764934.1938264057,2417120.4405580163,89.56315205553099,21.838172013715383,power,water,gamma0,38.67041778564453,NISAR_S2_PR_GCOV_028_170_A_013_3700_DHNA_A_20260824T232917_20260824T232954_P00500_M_F_I_001_gcov.tif,Band 2: HVHV,900,0.01251630673585977,0.00825553362134389,0.6595822390395262,2.2985930791485627,-19.025238021846043,2.774475439036339,-28.951487497181525,-24.544468803508597,-19.847799099702552,-15.486989762994538,-11.670293588947603,0
306,ROI 306,point,900,89999.99975585938,764934.1938264057,2417120.4405580163,89.56315205553099,21.838172013715383,power,water,sigma0,38.67041778564453,NISAR_S2_PR_GCOV_028_170_A_013_3700_DHNA_A_20260824T232917_20260824T232954_P00500_M_F_I_001_gcov.tif,Band 1: HHHH,900,0.017141675525276897,0.010828637286563962,0.6317140509745498,2.5058722472502026,-17.659467299147163,2.6806707275681987,-28.94206428622605,-23.092305398308113,-18.45318860528127,-14.01565586756745,-11.398652591311444,0
306,ROI 306,point,900,89999.99975585938,764934.1938264057,2417120.4405580163,89.56315205553099,21.838172013715383,power,water,sigma0,38.67041778564453,NISAR_S2_PR_GCOV_028_170_A_013_3700_DHNA_A_20260824T232917_20260824T232954_P00500_M_F_I_001_gcov.tif,Band 2: HVHV,900,0.009665219724026926,0.006374931391917491,0.6595743887818656,2.298647795206731,-20.147882685006373,2.7744533951547834,-30.073716950137957,-25.66666508148879,-20.970500187978335,-16.609976468429416,-12.793183410793134,0
307,ROI 307,point,900,90000.0,765721.3804583333,2416777.305436574,89.57070659771024,21.834956522720244,power,water,gamma0,38.63248825073242,NISAR_S2_PR_GCOV_028_170_A_013_3700_DHNA_A_20260824T232917_20260824T232954_P00500_M_F_I_001_gcov.tif,Band 1: HHHH,900,0.024674030465280845,0.015701546464910583,0.636359207183619,2.469422130030036,-16.077599033736657,2.748823260624056,-26.679466463396633,-21.431729690624337,-16.922171040955114,-12.452485111907452,-9.377800542620845,0
307,ROI 307,point,900,90000.0,765721.3804583333,2416777.305436574,89.57070659771024,21.834956522720244,power,water,gamma0,38.63248825073242,NISAR_S2_PR_GCOV_028_170_A_013_3700_DHNA_A_20260824T232917_20260824T232954_P00500_M_F_I_001_gcov.tif,Band 2: HVHV,900,0.012394949642605044,0.00767980436642517,0.6195914132662105,2.6048889847908727,-19.0675523331594,2.6636339007774548,-29.667360650627682,-24.56746582585254,-19.719750539980122,-15.757454302149476,-11.84464724710367,0
307,ROI 307,point,900,90000.0,765721.3804583333,2416777.305436574,89.57070659771024,21.834956522720244,power,water,sigma0,38.63248825073242,NISAR_S2_PR_GCOV_028_170_A_013_3700_DHNA_A_20260824T232917_20260824T232954_P00500_M_F_I_001_gcov.tif,Band 1: HHHH,900,0.01906338205127698,0.012131252068129848,0.6363641055663165,2.4693841136555297,-17.198000482985158,2.748817731557816,-27.800102393840497,-22.551899351631125,-18.04293055327404,-13.573619475044435,-10.49838319818608,0
307,ROI 307,point,900,90000.0,765721.3804583333,2416777.305436574,89.57070659771024,21.834956522720244,power,water,sigma0,38.63248825073242,NISAR_S2_PR_GCOV_028_170_A_013_3700_DHNA_A_20260824T232917_20260824T232954_P00500_M_F_I_001_gcov.tif,Band 2: HVHV,900,0.009576467381280476,0.005933556255389468,0.6195976051657671,2.6048369215478178,-20.18794666261033,2.6636450404655285,-30.787797557506117,-25.687308787429824,-20.83989928272476,-16.878153382089575,-12.96493405470002,0
308,ROI 308,point,900,89999.99975585938,797874.9557069669,2426324.4769665487,89.8832220878142,21.9159644334478,power,water,gamma0,36.685611724853516,NISAR_S2_PR_GCOV_028_170_A_013_3700_DHNA_A_20260824T232917_20260824T232954_P00500_M_F_I_001_gcov.tif,Band 1: HHHH,900,0.016756260958629556,0.010416030921260758,0.6216202377712703,2.587913223704433,-17.75822884643457,2.7613670442440643,-28.201105510593003,-23.360312328541,-18.392420698489317,-14.312544590443013,-11.436187941241434,0
308,ROI 308,point,900,89999.99975585938,797874.9557069669,2426324.4769665487,89.8832220878142,21.9159644334478,power,water,gamma0,36.685611724853516,NISAR_S2_PR_GCOV_028_170_A_013_3700_DHNA_A_20260824T232917_20260824T232954_P00500_M_F_I_001_gcov.tif,Band 2: HVHV,900,0.00936379182514631,0.0059009733385991464,0.6301905733051624,2.5180027205432762,-20.28548250058199,2.6140641595276692,-28.14350004606557,-25.447974231932392,-21.11526766815426,-16.89321976643833,-13.883809030487404,0
308,ROI 308,point,900,89999.99975585938,797874.9557069669,2426324.4769665487,89.8832220878142,21.9159644334478,power,water,sigma0,36.685611724853516,NISAR_S2_PR_GCOV_028_170_A_013_3700_DHNA_A_20260824T232917_20260824T232954_P00500_M_F_I_001_gcov.tif,Band 1: HHHH,900,0.013292296519423794,0.008262728858120728,0.6216178555787218,2.5879330587827045,-18.763999792114753,2.7613704808660584,-29.206774840900284,-24.366297246679864,-19.398194014125828,-15.318749149183922,-12.442147045139711,0
308,ROI 308,point,900,89999.99975585938,797874.9557069669,2426324.4769665487,89.8832220878142,21.9159644334478,power,water,sigma0,36.685611724853516,NISAR_S2_PR_GCOV_028_170_A_013_3700_DHNA_A_20260824T232917_20260824T232954_P00500_M_F_I_001_gcov.tif,Band 2: HVHV,900,0.00742805894864516,0.004681121729388061,0.6301944776894741,2.5179715199529435,-21.29124658382752,2.614073434159671,-29.14912858772375,-26.45350239504421,-22.121294207926976,-17.898617141794016,-14.889505118356581,0
309,ROI 309,point,900,90000.0,799782.3704237269,2426829.0820310186,89.90175885292825,21.920192921921302,power,water,gamma0,36.56852722167969,NISAR_S2_PR_GCOV_028_170_A_013_3700_DHNA_A_20260824T232917_20260824T232954_P00500_M_F_I_001_gcov.tif,Band 1: HHHH,900,0.01859272300847806,0.012030235383410323,0.6470399939763896,2.3885687657884733,-17.30657000709345,2.842904999235625,-28.718553324293477,-23.05651598187794,-17.976559268369048,-13.758351791910343,-10.479425233712707,0
309,ROI 309,point,900,90000.0,799782.3704237269,2426829.0820310186,89.90175885292825,21.920192921921302,power,water,gamma0,36.56852722167969,NISAR_S2_PR_GCOV_028_170_A_013_3700_DHNA_A_20260824T232917_20260824T232954_P00500_M_F_I_001_gcov.tif,Band 2: HVHV,900,0.010796322537870663,0.006704704900135885,0.6210174692926727,2.5929393932745852,-19.66724149465184,2.6416809962328505,-30.867757003345137,-25.047977726992944,-20.32584634939826,-16.42341192494815,-12.823659100644605,0
309,ROI 309,point,900,90000.0,799782.3704237269,2426829.0820310186,89.90175885292825,21.920192921921302,power,water,sigma0,36.56852722167969,NISAR_S2_PR_GCOV_028_170_A_013_3700_DHNA_A_20260824T232917_20260824T232954_P00500_M_F_I_001_gcov.tif,Band 1: HHHH,900,0.014771687237321293,0.009557926652819886,0.6470436653080076,2.388541660343745,-18.305698962920772,2.8429094531327666,-29.717585999574602,-24.05587902746508,-18.975769566783118,-14.757283635199785,-11.478318137699631,0
309,ROI 309,point,900,90000.0,799782.3704237269,2426829.0820310186,89.90175885292825,21.920192921921302,power,water,sigma0,36.56852722167969,NISAR_S2_PR_GCOV_028_170_A_013_3700_DHNA_A_20260824T232917_20260824T232954_P00500_M_F_I_001_gcov.tif,Band 2: HVHV,900,0.008577555801962384,0.005326877320195416,0.6210250849055072,2.592875799381439,-20.66636447925766,2.6416992958786687,-31.867172525135583,-26.047365623992576,-21.32499312561793,-17.42245427056849,-13.822656262513282,0
310,ROI 310,point,900,90000.0,801255.823619213,2427303.4128541667,89.91609439295654,21.924220562448813,power,water,gamma0,36.476707458496094,NISAR_S2_PR_GCOV_028_170_A_013_3700_DHNA_A_20260824T232917_20260824T232954_P00500_M_F_I_001_gcov.tif,Band 1: HHHH,900,0.021051642846238488,0.013409204666838622,0.6369671367113556,2.464710683727368,-16.7671400665892,2.8450703185615134,-29.1772435212695,-22.504674039844353,-17.42646618979558,-13.256829153312912,-10.800531187502289,0
310,ROI 310,point,900,90000.0,801255.823619213,2427303.4128541667,89.91609439295654,21.924220562448813,power,water,gamma0,36.476707458496094,NISAR_S2_PR_GCOV_028_170_A_013_3700_DHNA_A_20260824T232917_20260824T232954_P00500_M_F_I_001_gcov.tif,Band 2: HVHV,900,0.012720001861841107,0.007989881921161337,0.6281352792195954,2.5345077732055548,-18.955128251194242,2.7960746960365954,-29.24429296480441,-24.507473397433003,-19.68397231584717,-15.450406662102177,-12.272612625683925,0
310,ROI 310,point,900,90000.0,801255.823619213,2427303.4128541667,89.91609439295654,21.924220562448813,power,water,sigma0,36.476707458496094,NISAR_S2_PR_GCOV_028_170_A_013_3700_DHNA_A_20260824T232917_20260824T232954_P00500_M_F_I_001_gcov.tif,Band 1: HHHH,900,0.01674530826837889,0.01066622246175452,0.6369678175406391,2.4647054148699286,-17.7610685301969,2.8450798397309285,-30.170987246654022,-23.49829524786001,-18.420243714429986,-14.250806236032856,-11.794600015552984,0
310,ROI 310,point,900,90000.0,801255.823619213,2427303.4128541667,89.91609439295654,21.924220562448813,power,water,sigma0,36.476707458496094,NISAR_S2_PR_GCOV_028_170_A_013_3700_DHNA_A_20260824T232917_20260824T232954_P00500_M_F_I_001_gcov.tif,Band 2: HVHV,900,0.010117993689921499,0.006355490035575782,0.6281373788468029,2.534490829419805,-19.94905595774766,2.7960803677106263,-30.238050683095786,-25.501239831567517,-20.67742134890509,-16.44412487231652,-13.266750773066398,0
311,ROI 311,point,900,89999.99975585938,802789.8304115031,2427606.179404285,89.93098445157399,21.926688429181123,power,water,gamma0,36.3841438293457,NISAR_S2_PR_GCOV_028_170_A_013_3700_DHNA_A_20260824T232917_20260824T232954_P00500_M_F_I_001_gcov.tif,Band 1: HHHH,900,0.02114251914046084,0.013644615027547331,0.6453637306367799,2.4009929844996196,-16.74843267566885,2.7698691457287206,-27.495456753077438,-22.149792672526086,-17.516659992051377,-13.274468233100215,-10.22628864806219,0
311,ROI 311,point,900,89999.99975585938,802789.8304115031,2427606.179404285,89.93098445157399,21.926688429181123,power,water,gamma0,36.3841438293457,NISAR_S2_PR_GCOV_028_170_A_013_3700_DHNA_A_20260824T232917_20260824T232954_P00500_M_F_I_001_gcov.tif,Band 2: HVHV,900,0.013137845398289048,0.008581534402321345,0.6531919155814487,2.343788387329976,-18.81475853068429,2.6958374086792034,-28.274478570199747,-24.133036090240626,-19.582665760840293,-15.219766631948398,-12.012939589878918,0
311,ROI 311,point,900,89999.99975585938,802789.8304115031,2427606.179404285,89.93098445157399,21.926688429181123,power,water,sigma0,36.3841438293457,NISAR_S2_PR_GCOV_028_170_A_013_3700_DHNA_A_20260824T232917_20260824T232954_P00500_M_F_I_001_gcov.tif,Band 1: HHHH,900,0.016837791889866838,0.010866559712078701,0.6453672656815714,2.4009666813542627,-17.737148625348993,2.7698854572953366,-28.48460055809877,-23.13867900489135,-18.50532046037787,-14.262838451398615,-11.21491204491221,0
311,ROI 311,point,900,89999.99975585938,802789.8304115031,2427606.179404285,89.93098445157399,21.926688429181123,power,water,sigma0,36.3841438293457,NISAR_S2_PR_GCOV_028_170_A_013_3700_DHNA_A_20260824T232917_20260824T232954_P00500_M_F_I_001_gcov.tif,Band 2: HVHV,900,0.010462882473808676,0.006834270702258337,0.6531919592298107,2.3437880740912145,-19.803486529433897,2.695829240206411,-29.263448790548882,-25.12161391618995,-20.571113464490153,-16.208344165845382,-13.001904934354297,0
312,ROI 312,point,900,90000.0,804979.8251887731,2428171.3373402776,89.95226731444761,21.93140846523078,power,water,gamma0,36.249088287353516,NISAR_S2_PR_GCOV_028_170_A_013_3700_DHNA_A_20260824T232917_20260824T232954_P00500_M_F_I_001_gcov.tif,Band 1: HHHH,900,0.020304332019554245,0.01236656249558418,0.6090602972643703,2.695748794984331,-16.924112935412666,2.6686227243212555,-26.140952851760968,-22.14390437749049,-17.59648050059876,-13.33389667837119,-11.247870971963936,0
312,ROI 312,point,900,90000.0,804979.8251887731,2428171.3373402776,89.95226731444761,21.93140846523078,power,water,gamma0,36.249088287353516,NISAR_S2_PR_GCOV_028_170_A_013_3700_DHNA_A_20260824T232917_20260824T232954_P00500_M_F_I_001_gcov.tif,Band 2: HVHV,900,0.012516766756307333,0.0081380743138204,0.650173840598215,2.3655983913821648,-19.025078405535226,2.841341344398512,-29.593257963731144,-24.830648672979024,-19.80130371038416,-15.395674176967606,-12.035823016673746,0
312,ROI 312,point,900,90000.0,804979.8251887731,2428171.3373402776,89.95226731444761,21.93140846523078,power,water,sigma0,36.249088287353516,NISAR_S2_PR_GCOV_028_170_A_013_3700_DHNA_A_20260824T232917_20260824T232954_P00500_M_F_I_001_gcov.tif,Band 1: HHHH,900,0.016198092061603345,0.009865649634320907,0.6090624498737643,2.6957297398482725,-17.905361370570905,2.668634678755867,-27.122115364843772,-23.12509559348956,-18.577667706073,-14.315103992083976,-12.229238882307069,0
312,ROI 312,point,900,90000.0,804979.8251887731,2428171.3373402776,89.95226731444761,21.93140846523078,power,water,sigma0,36.249088287353516,NISAR_S2_PR_GCOV_028_170_A_013_3700_DHNA_A_20260824T232917_20260824T232954_P00500_M_F_I_001_gcov.tif,Band 2: HVHV,900,0.009985414322007299,0.006492217644037557,0.6501700815487514,2.365625745538631,-20.006339103597888,2.8413350939914324,-30.574105423433522,-25.811720854582788,-20.78244931711582,-16.377145095702918,-13.016858662052426,0
313,ROI 313,point,900,90000.0,806372.5412226851,2428726.405324074,89.96583922213519,21.936173955111922,power,water,gamma0,36.15958023071289,NISAR_S2_PR_GCOV_028_170_A_013_3700_DHNA_A_20260824T232917_20260824T232954_P00500_M_F_I_001_gcov.tif,Band 1: HHHH,900,0.020529955596042176,0.013339541541085102,0.6497598827567234,2.3686135665858536,-16.87611989957938,2.724580193753529,-26.645389325057323,-22.237769304373952,-17.647633473181624,-13.311902303999805,-9.911500895502705,0
313,ROI 313,point,900,90000.0,806372.5412226851,2428726.405324074,89.96583922213519,21.936173955111922,power,water,gamma0,36.15958023071289,NISAR_S2_PR_GCOV_028_170_A_013_3700_DHNA_A_20260824T232917_20260824T232954_P00500_M_F_I_001_gcov.tif,Band 2: HVHV,900,0.011562246003369284,0.006665185340766476,0.5764611251848659,3.0092616450449254,-19.369577946245226,2.531218920590029,-28.294499984112356,-24.342743110706117,-19.953089123243583,-16.020402601968343,-13.659364474306946,0
313,ROI 313,point,900,90000.0,806372.5412226851,2428726.405324074,89.96583922213519,21.936173955111922,power,water,sigma0,36.15958023071289,NISAR_S2_PR_GCOV_028_170_A_013_3700_DHNA_A_20260824T232917_20260824T232954_P00500_M_F_I_001_gcov.tif,Band 1: HHHH,900,0.01639678499317252,0.010653987619167082,0.6497607685655029,2.3686071084019678,-17.852412980865477,2.7245766801127136,-27.62139024489059,-23.213724340674755,-18.623699074083156,-14.28822489383817,-10.887359866603,0
313,ROI 313,point,900,90000.0,806372.5412226851,2428726.405324074,89.96583922213519,21.936173955111922,power,water,sigma0,36.15958023071289,NISAR_S2_PR_GCOV_028_170_A_013_3700_DHNA_A_20260824T232917_20260824T232954_P00500_M_F_I_001_gcov.tif,Band 2: HVHV,900,0.009234492971710272,0.005323299913738222,0.5764582776819551,3.0092913745250605,-20.345869449052145,2.531222047547183,-29.270828894562236,-25.318539799414076,-20.929008859446448,-16.9961687728304,-14.635775386281546,0
314,ROI 314,point,900,90000.0,807654.2436600694,2429261.2890194445,89.97833452583752,21.940775583693505,power,water,gamma0,36.07701110839844,NISAR_S2_PR_GCOV_028_170_A_013_3700_DHNA_A_20260824T232917_20260824T232954_P00500_M_F_I_001_gcov.tif,Band 1: HHHH,900,0.0214250446173052,0.013663672584455486,0.6377430165731938,2.4587171845634312,-16.69078264992663,2.7276648099304333,-25.34561347440897,-22.081575428480114,-17.423514599350565,-13.130843334520872,-10.014420330752616,0
314,ROI 314,point,900,90000.0,807654.2436600694,2429261.2890194445,89.97833452583752,21.940775583693505,power,water,gamma0,36.07701110839844,NISAR_S2_PR_GCOV_028_170_A_013_3700_DHNA_A_20260824T232917_20260824T232954_P00500_M_F_I_001_gcov.tif,Band 2: HVHV,900,0.011167845076545039,0.007071602005659176,0.6332109692774226,2.49403842753691,-19.520306193330455,2.7051110887142054,-28.905184883861338,-24.961912152811863,-20.166926696141275,-16.04958027822463,-12.704725610287886,0
314,ROI 314,point,900,90000.0,807654.2436600694,2429261.2890194445,89.97833452583752,21.940775583693505,power,water,sigma0,36.07701110839844,NISAR_S2_PR_GCOV_028_170_A_013_3700_DHNA_A_20260824T232917_20260824T232954_P00500_M_F_I_001_gcov.tif,Band 1: HHHH,900,0.01713524003371352,0.010929654571582426,0.6378465985932132,2.4579186909628654,-17.661098075114936,2.727766331500503,-26.317197685148162,-23.053462751521977,-18.388645505501767,-14.10276666611866,-10.986467542592804,0
314,ROI 314,point,900,90000.0,807654.2436600694,2429261.2890194445,89.97833452583752,21.940775583693505,power,water,sigma0,36.07701110839844,NISAR_S2_PR_GCOV_028_170_A_013_3700_DHNA_A_20260824T232917_20260824T232954_P00500_M_F_I_001_gcov.tif,Band 2: HVHV,900,0.008931238133892197,0.005654270453155739,0.6330892053699648,2.4949978912772983,-20.49088330871372,2.7049818106289125,-29.876852949181533,-25.934039806399497,-21.13892579187081,-17.02113103913227,-13.676795487784945,0
315,ROI 315,point,900,89999.99975585938,809420.3697976609,2429745.7141837,89.99550584075939,21.944835511396402,power,water,gamma0,35.96690368652344,NISAR_S2_PR_GCOV_028_170_A_013_3700_DHNA_A_20260824T232917_20260824T232954_P00500_M_F_I_001_gcov.tif,Band 1: HHHH,900,0.01964382273183825,0.012158835585324913,0.6189648395481677,2.6101654754132984,-17.067739936471245,2.677044580019992,-27.327850938931316,-22.489514404468224,-17.82697567488893,-13.594824410628698,-10.413496421617216,0
315,ROI 315,point,900,89999.99975585938,809420.3697976609,2429745.7141837,89.99550584075939,21.944835511396402,power,water,gamma0,35.96690368652344,NISAR_S2_PR_GCOV_028_170_A_013_3700_DHNA_A_20260824T232917_20260824T232954_P00500_M_F_I_001_gcov.tif,Band 2: HVHV,900,0.010540781901670723,0.006608763926971088,0.6269709390271696,2.5439301219779824,-19.77127172521382,2.734082596368156,-30.876587766912667,-25.224464655498977,-20.51268832351228,-16.29868817535367,-13.728588467987613,0
315,ROI 315,point,900,89999.99975585938,809420.3697976609,2429745.7141837,89.99550584075939,21.944835511396402,power,water,sigma0,35.96690368652344,NISAR_S2_PR_GCOV_028_170_A_013_3700_DHNA_A_20260824T232917_20260824T232954_P00500_M_F_I_001_gcov.tif,Band 1: HHHH,900,0.015732463261588784,0.009739254012321643,0.619054616583805,2.6094084632828007,-18.032032737427457,2.6772076486938468,-28.29418370544136,-23.45517441531888,-18.792847473631277,-14.560985132582898,-11.35891403589838,0
315,ROI 315,point,900,89999.99975585938,809420.3697976609,2429745.7141837,89.99550584075939,21.944835511396402,power,water,sigma0,35.96690368652344,NISAR_S2_PR_GCOV_028_170_A_013_3700_DHNA_A_20260824T232917_20260824T232954_P00500_M_F_I_001_gcov.tif,Band 2: HVHV,900,0.008441151715592211,0.005290910562927155,0.6267996052190322,2.5453210635245003,-20.735982939428055,2.7336471484167513,-31.842158744088,-26.18986112847149,-21.478997145563735,-17.264037540302223,-14.694892778164197,0
316,ROI 316,point,900,89999.99975585938,811337.8773823763,2430421.887910997,90.01417843046278,21.950596621848966,power,water,gamma0,35.845211029052734,NISAR_S2_PR_GCOV_028_170_A_013_3700_DHNA_A_20260824T232917_20260824T232954_P00500_M_F_I_001_gcov.tif,Band 1: HHHH,900,0.019857520782388748,0.012190288488772776,0.6138877366596593,2.653518283876045,-17.020749742565002,2.739857458037163,-27.033640859577513,-22.62219031240669,-17.68560263413654,-13.645953320255753,-10.657973292198035,0
316,ROI 316,point,900,89999.99975585938,811337.8773823763,2430421.887910997,90.01417843046278,21.950596621848966,power,water,gamma0,35.845211029052734,NISAR_S2_PR_GCOV_028_170_A_013_3700_DHNA_A_20260824T232917_20260824T232954_P00500_M_F_I_001_gcov.tif,Band 2: HVHV,900,0.010709182127417687,0.006817130772537698,0.6365687586061736,2.467796584508433,-19.7024369547183,2.7284615499488605,-33.12541395207319,-24.971531831800483,-20.408292903599513,-16.294350272940513,-12.448983521680448,0
316,ROI 316,point,900,89999.99975585938,811337.8773823763,2430421.887910997,90.01417843046278,21.950596621848966,power,water,sigma0,35.845211029052734,NISAR_S2_PR_GCOV_028_170_A_013_3700_DHNA_A_20260824T232917_20260824T232954_P00500_M_F_I_001_gcov.tif,Band 1: HHHH,900,0.01592342853099538,0.009775165074535503,0.6138857002754076,2.6535358884294817,-17.97963417014136,2.73984643697496,-27.9925586529765,-23.581321794998967,-18.644047298537373,-14.604518432243642,-11.616765511658045,0
316,ROI 316,point,900,89999.99975585938,811337.8773823763,2430421.887910997,90.01417843046278,21.950596621848966,power,water,sigma0,35.845211029052734,NISAR_S2_PR_GCOV_028_170_A_013_3700_DHNA_A_20260824T232917_20260824T232954_P00500_M_F_I_001_gcov.tif,Band 2: HVHV,900,0.008587523953706242,0.005466517628863156,0.6365650516181549,2.467825326642437,-20.661320385265203,2.728452817261902,-34.08431011679711,-25.930305907494187,-21.36745606241654,-17.25297666689684,-13.40795909967991,0
317,ROI 317,point,900,90000.0,812851.6984252315,2431067.7830041666,90.02894227677837,21.956154362790677,power,water,gamma0,35.746551513671875,NISAR_S2_PR_GCOV_028_170_A_013_3700_DHNA_A_20260824T232917_20260824T232954_P00500_M_F_I_001_gcov.tif,Band 1: HHHH,900,0.021370900282765636,0.013797167290754597,0.6456053375477679,2.399196258484851,-16.701771821128766,2.7300476404470495,-28.052111018170983,-21.992394949215072,-17.44680485466557,-13.24381608531445,-9.988152570432602,0
317,ROI 317,point,900,90000.0,812851.6984252315,2431067.7830041666,90.02894227677837,21.956154362790677,power,water,gamma0,35.746551513671875,NISAR_S2_PR_GCOV_028_170_A_013_3700_DHNA_A_20260824T232917_20260824T232954_P00500_M_F_I_001_gcov.tif,Band 2: HVHV,900,0.010536559277938472,0.006620483830758146,0.6283345118762028,2.532900741755501,-19.773011851916685,2.650332648981691,-29.29924147119664,-24.872275814107212,-20.497424912552326,-16.27257707126605,-12.691573900647562,0
317,ROI 317,point,900,90000.0,812851.6984252315,2431067.7830041666,90.02894227677837,21.956154362790677,power,water,sigma0,35.746551513671875,NISAR_S2_PR_GCOV_028_170_A_013_3700_DHNA_A_20260824T232917_20260824T232954_P00500_M_F_I_001_gcov.tif,Band 1: HHHH,900,0.017158689806631718,0.011077640070544606,0.6455994132059648,2.3992402911268056,-17.655158768295966,2.730033119211373,-29.005013413655412,-22.945499353629994,-18.40021002500585,-14.196830946092211,-10.941729416380115,0
317,ROI 317,point,900,90000.0,812851.6984252315,2431067.7830041666,90.02894227677837,21.956154362790677,power,water,sigma0,35.746551513671875,NISAR_S2_PR_GCOV_028_170_A_013_3700_DHNA_A_20260824T232917_20260824T232954_P00500_M_F_I_001_gcov.tif,Band 2: HVHV,900,0.008459803762025037,0.005315545023417325,0.6283295893077471,2.532940429290025,-20.726397109631183,2.6503243967987133,-30.253004357522947,-25.825279165816465,-21.450609362607963,-17.22630988522216,-13.645128822084038,0
318,ROI 318,point,900,90000.00024414062,814133.400126244,2431622.848790375,90.04144469527003,21.960932822519027,power,water,gamma0,35.6629753112793,NISAR_S2_PR_GCOV_028_170_A_013_3700_DHNA_A_20260824T232917_20260824T232954_P00500_M_F_I_001_gcov.tif,Band 1: HHHH,900,0.022673388386093493,0.014668377508099146,0.6469424533430502,2.389289077379013,-16.44483572620713,2.7555105622097567,-26.788465495044896,-21.927389318468155,-17.18863809155417,-13.02481437220993,-8.906991974005402,0
318,ROI 318,point,900,90000.00024414062,814133.400126244,2431622.848790375,90.04144469527003,21.960932822519027,power,water,gamma0,35.6629753112793,NISAR_S2_PR_GCOV_028_170_A_013_3700_DHNA_A_20260824T232917_20260824T232954_P00500_M_F_I_001_gcov.tif,Band 2: HVHV,900,0.010379811092991279,0.006528932335633018,0.6290030018023666,2.527519785327391,-19.838105503428626,2.773576135913632,-30.758577586464334,-25.308573490299654,-20.400823117464842,-16.323314889160493,-13.809293812329917,0
318,ROI 318,point,900,90000.00024414062,814133.400126244,2431622.848790375,90.04144469527003,21.960932822519027,power,water,sigma0,35.6629753112793,NISAR_S2_PR_GCOV_028_170_A_013_3700_DHNA_A_20260824T232917_20260824T232954_P00500_M_F_I_001_gcov.tif,Band 1: HHHH,900,0.018223614825551484,0.01178944894557024,0.6469325135779403,2.389362498189238,-17.393654724191315,2.75550169060459,-27.737414854656848,-22.8765384489169,-18.137381413688562,-13.973363936654748,-9.855878529108676,0
318,ROI 318,point,900,90000.00024414062,814133.400126244,2431622.848790375,90.04144469527003,21.960932822519027,power,water,sigma0,35.6629753112793,NISAR_S2_PR_GCOV_028_170_A_013_3700_DHNA_A_20260824T232917_20260824T232954_P00500_M_F_I_001_gcov.tif,Band 2: HVHV,900,0.008342733060872189,0.005247623655028454,0.6290053411441457,2.5275009851002728,-20.78691652142521,2.7735695672917138,-31.70718072738968,-26.257199269949254,-21.34931123518448,-17.272295860362867,-14.758110800422237,0
319,ROI 319,point,900,89999.99975585938,815122.4318263232,2432551.33054594,90.05118920927467,21.969131757850832,power,water,gamma0,35.59016418457031,NISAR_S2_PR_GCOV_028_170_A_013_3700_DHNA_A_20260824T232917_20260824T232954_P00500_M_F_I_001_gcov.tif,Band 1: HHHH,900,0.022023721142904833,0.013013290983359942,0.5908761239266012,2.8642249083368516,-16.571093004734426,2.629294426116071,-28.90666922643031,-21.56852588661533,-17.235205081609813,-13.40825900529838,-11.052688490037424,0
319,ROI 319,point,900,89999.99975585938,815122.4318263232,2432551.33054594,90.05118920927467,21.969131757850832,power,water,gamma0,35.59016418457031,NISAR_S2_PR_GCOV_028_170_A_013_3700_DHNA_A_20260824T232917_20260824T232954_P00500_M_F_I_001_gcov.tif,Band 2: HVHV,900,0.010106364497332834,0.0064991296737012295,0.6430729542177518,2.418129250190244,-19.95405042499365,2.7124687097769913,-31.257153654659486,-25.49135094354373,-20.652557480208635,-16.419268643884493,-12.720703650972656,0
319,ROI 319,point,900,89999.99975585938,815122.4318263232,2432551.33054594,90.05118920927467,21.969131757850832,power,water,sigma0,35.59016418457031,NISAR_S2_PR_GCOV_028_170_A_013_3700_DHNA_A_20260824T232917_20260824T232954_P00500_M_F_I_001_gcov.tif,Band 1: HHHH,900,0.017717710682015282,0.010469015656909927,0.5908785759515033,2.864201136494331,-17.515923943224685,2.629300618083319,-29.85119325261195,-22.51294651888371,-18.179928604455892,-14.353167839598438,-11.997340574094682,0
319,ROI 319,point,900,89999.99975585938,815122.4318263232,2432551.33054594,90.05118920927467,21.969131757850832,power,water,sigma0,35.59016418457031,NISAR_S2_PR_GCOV_028_170_A_013_3700_DHNA_A_20260824T232917_20260824T232954_P00500_M_F_I_001_gcov.tif,Band 2: HVHV,900,0.008130388644071588,0.005228412992192196,0.6430704879039925,2.4181477983182957,-20.898886940195176,2.712463708397939,-32.202115281136216,-26.436214883505265,-21.597718455380637,-17.363913686951488,-13.665703569573155,0
320,ROI 320,point,900,90000.00024414062,816232.5663208968,2433197.223436104,90.0620514830574,21.974758696712872,power,water,gamma0,35.51497268676758,NISAR_S2_PR_GCOV_028_170_A_013_3700_DHNA_A_20260824T232917_20260824T232954_P00500_M_F_I_001_gcov.tif,Band 1: HHHH,900,0.01956583201471302,0.012203151610596971,0.6236970450027631,2.5707072783358784,-17.085016794926215,2.6334176964823977,-26.60533312347974,-22.469158893233804,-17.7512288710566,-13.635497365103246,-10.515543225856208,0
320,ROI 320,point,900,90000.00024414062,816232.5663208968,2433197.223436104,90.0620514830574,21.974758696712872,power,water,gamma0,35.51497268676758,NISAR_S2_PR_GCOV_028_170_A_013_3700_DHNA_A_20260824T232917_20260824T232954_P00500_M_F_I_001_gcov.tif,Band 2: HVHV,900,0.00935670105003131,0.00569178698262914,0.6083113003391398,2.7023912840955253,-20.288772461666518,2.6594699184166988,-30.313174819241873,-25.47633407920857,-20.91053721606745,-16.834841499199197,-13.28325729829118,0
320,ROI 320,point,900,90000.00024414062,816232.5663208968,2433197.223436104,90.0620514830574,21.974758696712872,power,water,sigma0,35.51497268676758,NISAR_S2_PR_GCOV_028_170_A_013_3700_DHNA_A_20260824T232917_20260824T232954_P00500_M_F_I_001_gcov.tif,Band 1: HHHH,900,0.015755349224123822,0.009826806356861346,0.6237123796542079,2.5705808725861696,-18.025719660584336,2.6334607911536527,-27.54612646742085,-23.409448142093176,-18.69219577517216,-14.576452502301446,-11.455877209971629,0
320,ROI 320,point,900,90000.00024414062,816232.5663208968,2433197.223436104,90.0620514830574,21.974758696712872,power,water,sigma0,35.51497268676758,NISAR_S2_PR_GCOV_028_170_A_013_3700_DHNA_A_20260824T232917_20260824T232954_P00500_M_F_I_001_gcov.tif,Band 2: HVHV,900,0.007534431597417655,0.004583271516363202,0.608310189972933,2.7024011496106772,-21.22949505581094,2.659486937629141,-31.25395369694718,-26.416503876961748,-21.851142850634403,-17.775617398967576,-14.224407169804776,0
321,ROI 321,point,900,90000.0,675043.4560612269,2410025.660315046,88.69309854048697,21.78532379762382,power,water,gamma0,43.43402862548828,NISAR_S2_PR_GCOV_028_170_A_013_3700_DHNA_A_20260824T232917_20260824T232954_P00500_M_F_I_001_gcov.tif,Band 1: HHHH,900,0.030369438814620175,0.01850434934327697,0.6093082409665329,2.6935552978419044,-15.17563233171151,2.5841901252545907,-23.957185254706822,-20.393641108904443,-15.7822500685042,-11.849803389867812,-7.846731775624667,0
321,ROI 321,point,900,90000.0,675043.4560612269,2410025.660315046,88.69309854048697,21.78532379762382,power,water,gamma0,43.43402862548828,NISAR_S2_PR_GCOV_028_170_A_013_3700_DHNA_A_20260824T232917_20260824T232954_P00500_M_F_I_001_gcov.tif,Band 2: HVHV,900,0.017575579009329278,0.01048549598650016,0.5965946260395952,2.8095795032376363,-17.550903586885326,2.5018089790077167,-26.983868793464772,-22.317895592837882,-18.24749712335261,-14.308668742814048,-10.885238102595565,0
321,ROI 321,point,900,90000.0,675043.4560612269,2410025.660315046,88.69309854048697,21.78532379762382,power,water,sigma0,43.43402862548828,NISAR_S2_PR_GCOV_028_170_A_013_3700_DHNA_A_20260824T232917_20260824T232954_P00500_M_F_I_001_gcov.tif,Band 1: HHHH,900,0.0218006721930787,0.013283418421598232,0.6093123323883318,2.693519124492782,-16.615301153291483,2.5841962994150327,-25.396701987021814,-21.833374833852908,-17.221937838921832,-13.289279813890609,-9.286134562362134,0
321,ROI 321,point,900,90000.0,675043.4560612269,2410025.660315046,88.69309854048697,21.78532379762382,power,water,sigma0,43.43402862548828,NISAR_S2_PR_GCOV_028_170_A_013_3700_DHNA_A_20260824T232917_20260824T232954_P00500_M_F_I_001_gcov.tif,Band 2: HVHV,900,0.012616603876911915,0.007527074820890066,0.5966007092181466,2.8095222083455114,-18.990575322557135,2.5018044666275294,-28.42358133165031,-23.757182727918497,-19.68757209624784,-15.747829920277121,-12.324573460921437,0
322,ROI 322,point,900,90000.0,656150.9602938079,2393474.5422277777,88.50885351816282,21.63760934704078,power,water,gamma0,44.57027053833008,NISAR_S2_PR_GCOV_028_170_A_013_3700_DHNA_A_20260824T232917_20260824T232954_P00500_M_F_I_001_gcov.tif,Band 1: HHHH,900,0.0264920910830713,0.014693152710478002,0.5546241202479886,3.2508916448961775,-15.768837604646762,2.493075224204389,-24.890239282484075,-20.735080933098928,-16.214482691740567,-12.68278177740141,-9.462918807095992,0
322,ROI 322,point,900,90000.0,656150.9602938079,2393474.5422277777,88.50885351816282,21.63760934704078,power,water,gamma0,44.57027053833008,NISAR_S2_PR_GCOV_028_170_A_013_3700_DHNA_A_20260824T232917_20260824T232954_P00500_M_F_I_001_gcov.tif,Band 2: HVHV,900,0.016286230048216464,0.009771646893307845,0.5999944041302521,2.7778295921114196,-17.88179434951179,2.551030719850591,-27.539955521700612,-22.857432730855294,-18.60582638805356,-14.51302570729,-11.789083662174608,0
322,ROI 322,point,900,90000.0,656150.9602938079,2393474.5422277777,88.50885351816282,21.63760934704078,power,water,sigma0,44.57027053833008,NISAR_S2_PR_GCOV_028_170_A_013_3700_DHNA_A_20260824T232917_20260824T232954_P00500_M_F_I_001_gcov.tif,Band 1: HHHH,900,0.01865271795257272,0.010345100924907277,0.5546162736825387,3.250983631070096,-17.292578766809918,2.493071040067569,-26.41377701238405,-22.258996969671472,-17.73844186275105,-14.206614959105412,-10.987117964762742,0
322,ROI 322,point,900,90000.0,656150.9602938079,2393474.5422277777,88.50885351816282,21.63760934704078,power,water,sigma0,44.57027053833008,NISAR_S2_PR_GCOV_028_170_A_013_3700_DHNA_A_20260824T232917_20260824T232954_P00500_M_F_I_001_gcov.tif,Band 2: HVHV,900,0.011466938556761041,0.0068801021912012145,0.5999946853421156,2.7778269882268445,-19.405525145637338,2.551039729178415,-29.063500604329455,-24.381423323986333,-20.129345068632098,-16.036763851752863,-13.312539409990897,0
323,ROI 323,point,900,90000.00024414062,656716.1198298283,2395694.8120001047,88.51452228200135,21.65761267134805,power,water,gamma0,44.51405334472656,NISAR_S2_PR_GCOV_028_170_A_013_3700_DHNA_A_20260824T232917_20260824T232954_P00500_M_F_I_001_gcov.tif,Band 1: HHHH,900,0.02865424423219843,0.01708314313284351,0.5961819475820405,2.8134704436742464,-15.428110417556763,2.5346828350389257,-23.555129819504263,-20.52047702577585,-16.06379190532923,-11.999092472912608,-9.00702523486147,0
323,ROI 323,point,900,90000.00024414062,656716.1198298283,2395694.8120001047,88.51452228200135,21.65761267134805,power,water,gamma0,44.51405334472656,NISAR_S2_PR_GCOV_028_170_A_013_3700_DHNA_A_20260824T232917_20260824T232954_P00500_M_F_I_001_gcov.tif,Band 2: HVHV,900,0.017127301098339053,0.009767307836829288,0.5702771137582493,3.0748795925886836,-17.6631106729977,2.4608244397052377,-28.239672204748985,-22.55909822934867,-18.237569128464948,-14.474049128836125,-11.532527827698365,0
323,ROI 323,point,900,90000.00024414062,656716.1198298283,2395694.8120001047,88.51452228200135,21.65761267134805,power,water,sigma0,44.51405334472656,NISAR_S2_PR_GCOV_028_170_A_013_3700_DHNA_A_20260824T232917_20260824T232954_P00500_M_F_I_001_gcov.tif,Band 1: HHHH,900,0.020195018416276054,0.012039995656541095,0.5961864162915312,2.8134282671515636,-16.94755746451239,2.5346753612215385,-25.074342626331394,-22.040122485333534,-17.583148092952943,-13.518679140507956,-10.526846651058896,0
323,ROI 323,point,900,90000.00024414062,656716.1198298283,2395694.8120001047,88.51452228200135,21.65761267134805,power,water,sigma0,44.51405334472656,NISAR_S2_PR_GCOV_028_170_A_013_3700_DHNA_A_20260824T232917_20260824T232954_P00500_M_F_I_001_gcov.tif,Band 2: HVHV,900,0.012071008753795241,0.006883789483503612,0.5702745830036187,3.074906883943642,-19.18256435130415,2.4608121571093755,-29.758794296783183,-24.07825017636236,-19.75693144249521,-15.99298702124419,-13.051462252633264,0
324,ROI 324,point,900,90000.0,657483.1234569445,2397793.980363657,88.52213168314735,21.676504028666248,power,water,gamma0,44.449317932128906,NISAR_S2_PR_GCOV_028_170_A_013_3700_DHNA_A_20260824T232917_20260824T232954_P00500_M_F_I_001_gcov.tif,Band 1: HHHH,900,0.028304276160067983,0.016527807372458934,0.5839332289930299,2.9327403917679264,-15.481479470753728,2.5916401517783947,-25.342566878721243,-20.547604853644245,-16.1285362743531,-12.091317152325104,-9.676803958845829,0
324,ROI 324,point,900,90000.0,657483.1234569445,2397793.980363657,88.52213168314735,21.676504028666248,power,water,gamma0,44.449317932128906,NISAR_S2_PR_GCOV_028_170_A_013_3700_DHNA_A_20260824T232917_20260824T232954_P00500_M_F_I_001_gcov.tif,Band 2: HVHV,900,0.017512779970549876,0.010102035263434206,0.5768379024016834,3.0053317682818492,-17.566449087401164,2.4499074426768264,-25.526421794509954,-22.394816665098887,-18.165754334253215,-14.16890060349581,-11.832411500348293,0
324,ROI 324,point,900,90000.0,657483.1234569445,2397793.980363657,88.52213168314735,21.676504028666248,power,water,sigma0,44.449317932128906,NISAR_S2_PR_GCOV_028_170_A_013_3700_DHNA_A_20260824T232917_20260824T232954_P00500_M_F_I_001_gcov.tif,Band 1: HHHH,900,0.019970617365732263,0.011661461633528946,0.5839309531581601,2.9327632521620117,-16.996085092711837,2.5916415721996016,-26.856913511694493,-22.06240194460578,-17.64318533673736,-13.606283519704727,-11.191962893420914,0
324,ROI 324,point,900,90000.0,657483.1234569445,2397793.980363657,88.52213168314735,21.676504028666248,power,water,sigma0,44.449317932128906,NISAR_S2_PR_GCOV_028_170_A_013_3700_DHNA_A_20260824T232917_20260824T232954_P00500_M_F_I_001_gcov.tif,Band 2: HVHV,900,0.012356480863816495,0.007127704441157351,0.5768393541586279,3.005316640999901,-19.081051990725562,2.449910050741431,-27.040750084576132,-23.909990500060694,-19.680249917794285,-15.68325624886567,-13.34691368428764,0
325,ROI 325,point,900,90000.00024414062,655706.9053131215,2404333.688262781,88.50558270546703,21.735725643065575,power,water,gamma0,44.44725036621094,NISAR_S2_PR_GCOV_028_170_A_013_3700_DHNA_A_20260824T232917_20260824T232954_P00500_M_F_I_001_gcov.tif,Band 1: HHHH,900,0.028024816260569626,0.01634976130602221,0.5834029794880763,2.938073895011136,-15.524572260936424,2.5089690050997344,-24.836658469535635,-20.454002950026656,-16.083913981489772,-12.24659312009727,-8.733075336103388,0
325,ROI 325,point,900,90000.00024414062,655706.9053131215,2404333.688262781,88.50558270546703,21.735725643065575,power,water,gamma0,44.44725036621094,NISAR_S2_PR_GCOV_028_170_A_013_3700_DHNA_A_20260824T232917_20260824T232954_P00500_M_F_I_001_gcov.tif,Band 2: HVHV,900,0.018196627602188122,0.010518678200456244,0.5780564635609394,2.9926744560697727,-17.400090927551016,2.494602873531454,-28.240603043859792,-22.286405015892786,-17.975495857194794,-14.212150792259415,-11.020558604065702,0
325,ROI 325,point,900,90000.00024414062,655706.9053131215,2404333.688262781,88.50558270546703,21.735725643065575,power,water,sigma0,44.44725036621094,NISAR_S2_PR_GCOV_028_170_A_013_3700_DHNA_A_20260824T232917_20260824T232954_P00500_M_F_I_001_gcov.tif,Band 1: HHHH,900,0.019774581696664562,0.011536697802734183,0.5834104599380786,2.937998551919152,-17.038926946192507,2.5089842061846204,-26.351015374570682,-21.96859408405765,-17.59814672324151,-13.760855917007412,-10.246854108601246,0
325,ROI 325,point,900,90000.00024414062,655706.9053131215,2404333.688262781,88.50558270546703,21.735725643065575,power,water,sigma0,44.44725036621094,NISAR_S2_PR_GCOV_028_170_A_013_3700_DHNA_A_20260824T232917_20260824T232954_P00500_M_F_I_001_gcov.tif,Band 2: HVHV,900,0.012839694654642358,0.007422082692675922,0.578057570083442,2.9926629988771656,-18.91445304256317,2.4946070226065493,-29.754503599300783,-23.800648779638944,-19.489997517362873,-15.726648261426426,-12.534710439323245,0
326,ROI 326,point,900,89999.99975585938,654495.8490768225,2407320.9675846742,88.49415474670074,21.762812070698956,power,water,gamma0,44.4652214050293,NISAR_S2_PR_GCOV_028_170_A_013_3700_DHNA_A_20260824T232917_20260824T232954_P00500_M_F_I_001_gcov.tif,Band 1: HHHH,900,0.029155424788283806,0.017141742765751315,0.5879435093204258,2.8928692120817465,-15.35280626619418,2.5544683256056904,-24.918052575224074,-20.37982247441978,-16.003561035561095,-12.02456831962394,-9.796452288583556,0
326,ROI 326,point,900,89999.99975585938,654495.8490768225,2407320.9675846742,88.49415474670074,21.762812070698956,power,water,gamma0,44.4652214050293,NISAR_S2_PR_GCOV_028_170_A_013_3700_DHNA_A_20260824T232917_20260824T232954_P00500_M_F_I_001_gcov.tif,Band 2: HVHV,900,0.016056529928464444,0.009022405738397826,0.5619150450685628,3.1670774156975425,-17.943483068627465,2.4199720155147464,-26.38314141937624,-22.66912513514452,-18.57423085735381,-14.678693198106423,-12.269254872104131,0
326,ROI 326,point,900,89999.99975585938,654495.8490768225,2407320.9675846742,88.49415474670074,21.762812070698956,power,water,sigma0,44.4652214050293,NISAR_S2_PR_GCOV_028_170_A_013_3700_DHNA_A_20260824T232917_20260824T232954_P00500_M_F_I_001_gcov.tif,Band 1: HHHH,900,0.020566027230477422,0.01209171680967925,0.5879461635526849,2.892843092923469,-16.86849593502902,2.554469909597364,-26.433583590262835,-21.895249327515316,-17.51917631247699,-13.540230124224538,-11.311886060582005,0
326,ROI 326,point,900,89999.99975585938,654495.8490768225,2407320.9675846742,88.49415474670074,21.762812070698956,power,water,sigma0,44.4652214050293,NISAR_S2_PR_GCOV_028_170_A_013_3700_DHNA_A_20260824T232917_20260824T232954_P00500_M_F_I_001_gcov.tif,Band 2: HVHV,900,0.011326188845794227,0.006364463279975088,0.5619245243591727,3.1669705636464816,-19.459162014943537,2.4199922004688754,-27.8988496792179,-24.184472420399295,-20.09007139086308,-16.1947909066201,-13.784738182737835,0
327,ROI 327,point,900,89999.99975585938,654415.1119154923,2410631.1912049963,88.49368375592397,21.792716156162307,power,water,gamma0,44.42490768432617,NISAR_S2_PR_GCOV_028_170_A_013_3700_DHNA_A_20260824T232917_20260824T232954_P00500_M_F_I_001_gcov.tif,Band 1: HHHH,900,0.03049844634408752,0.017747637534912767,0.5819193979483926,2.953074008766801,-15.157222839770085,2.494732997498646,-22.900482427633403,-20.291917245715332,-15.692454662974853,-11.947650212259408,-8.909755688928389,0
327,ROI 327,point,900,89999.99975585938,654415.1119154923,2410631.1912049963,88.49368375592397,21.792716156162307,power,water,gamma0,44.42490768432617,NISAR_S2_PR_GCOV_028_170_A_013_3700_DHNA_A_20260824T232917_20260824T232954_P00500_M_F_I_001_gcov.tif,Band 2: HVHV,900,0.018008350228321635,0.010534603773828598,0.5849843900337347,2.922210152800559,-17.445260717198625,2.4205863240738217,-26.844108085106868,-22.039132935613836,-18.205084386252995,-14.079189178329974,-11.581408767475903,0
327,ROI 327,point,900,89999.99975585938,654415.1119154923,2410631.1912049963,88.49368375592397,21.792716156162307,power,water,sigma0,44.42490768432617,NISAR_S2_PR_GCOV_028_170_A_013_3700_DHNA_A_20260824T232917_20260824T232954_P00500_M_F_I_001_gcov.tif,Band 1: HHHH,900,0.021528496046360097,0.012527863696773167,0.5819200593388083,2.953067296044994,-16.66986308382771,2.494751596069068,-24.412521397513597,-21.804941387975138,-17.205052315363517,-13.460195708935224,-10.422764593481336,0
327,ROI 327,point,900,89999.99975585938,654415.1119154923,2410631.1912049963,88.49368375592397,21.792716156162307,power,water,sigma0,44.42490768432617,NISAR_S2_PR_GCOV_028_170_A_013_3700_DHNA_A_20260824T232917_20260824T232954_P00500_M_F_I_001_gcov.tif,Band 2: HVHV,900,0.012711882608223648,0.007436302101913339,0.5849882610702054,2.922171478709463,-18.9579012640767,2.420596136159834,-28.35649209954962,-23.55224796460627,-19.71799808129589,-15.591930254539347,-13.094434175627168,0
328,ROI 328,point,900,90000.0,655989.4859711806,2412084.4579300927,88.50904643078695,21.80570318482191,power,water,gamma0,44.33034896850586,NISAR_S2_PR_GCOV_028_170_A_013_3700_DHNA_A_20260824T232917_20260824T232954_P00500_M_F_I_001_gcov.tif,Band 1: HHHH,900,0.031228341305007536,0.018739801408988854,0.6000895540994963,2.7769487587625576,-15.054510827314756,2.5283506575887635,-24.239302408781683,-20.07007737712612,-15.758869933087285,-11.939408646727937,-8.16728024337103,0
328,ROI 328,point,900,90000.0,655989.4859711806,2412084.4579300927,88.50904643078695,21.80570318482191,power,water,gamma0,44.33034896850586,NISAR_S2_PR_GCOV_028_170_A_013_3700_DHNA_A_20260824T232917_20260824T232954_P00500_M_F_I_001_gcov.tif,Band 2: HVHV,900,0.017972503025731487,0.010967154252635208,0.6102185230923804,2.6855251697309397,-17.453914346014805,2.5533417956126145,-27.145125554714888,-22.611055093781456,-18.117306627921643,-14.164368005723487,-10.290662981635162,0
328,ROI 328,point,900,90000.0,655989.4859711806,2412084.4579300927,88.50904643078695,21.80570318482191,power,water,sigma0,44.33034896850586,NISAR_S2_PR_GCOV_028_170_A_013_3700_DHNA_A_20260824T232917_20260824T232954_P00500_M_F_I_001_gcov.tif,Band 1: HHHH,900,0.022079691533271606,0.013249838480472556,0.6000916480425709,2.7769293791811362,-16.5600699825868,2.5283542127847536,-25.744685296381547,-21.575968976658796,-17.26445225194079,-13.444540690440355,-9.672609314235649,0
328,ROI 328,point,900,90000.0,655989.4859711806,2412084.4579300927,88.50904643078695,21.80570318482191,power,water,sigma0,44.33034896850586,NISAR_S2_PR_GCOV_028_170_A_013_3700_DHNA_A_20260824T232917_20260824T232954_P00500_M_F_I_001_gcov.tif,Band 2: HVHV,900,0.012707284599400737,0.007754235158231033,0.6102196812839712,2.685514975534285,-18.95947243268738,2.5533574679391893,-28.65085845041607,-24.11650456835882,-19.622915739365126,-15.669796493747242,-11.796175837570104,0
329,ROI 329,point,900,90000.0,657846.4406833912,2413093.672448611,88.52710250278832,21.814652861736608,power,water,gamma0,44.2275276184082,NISAR_S2_PR_GCOV_028_170_A_013_3700_DHNA_A_20260824T232917_20260824T232954_P00500_M_F_I_001_gcov.tif,Band 1: HHHH,900,0.03696469773486671,0.022343394609823257,0.6044522471165238,2.7370076235953005,-14.322128407343165,2.544917102800436,-23.62525696114527,-19.27467855465647,-15.056512645453896,-10.926847960746075,-7.833437265113245,0
329,ROI 329,point,900,90000.0,657846.4406833912,2413093.672448611,88.52710250278832,21.814652861736608,power,water,gamma0,44.2275276184082,NISAR_S2_PR_GCOV_028_170_A_013_3700_DHNA_A_20260824T232917_20260824T232954_P00500_M_F_I_001_gcov.tif,Band 2: HVHV,900,0.01948737237809433,0.011896511647041736,0.6104728444772037,2.6832880703377926,-17.10246715968382,2.548107406135169,-26.706662140243683,-22.01643116032486,-17.798807594611635,-13.710879358479886,-10.838650978614996,0
329,ROI 329,point,900,90000.0,657846.4406833912,2413093.672448611,88.52710250278832,21.814652861736608,power,water,sigma0,44.2275276184082,NISAR_S2_PR_GCOV_028_170_A_013_3700_DHNA_A_20260824T232917_20260824T232954_P00500_M_F_I_001_gcov.tif,Band 1: HHHH,900,0.026181754500524426,0.01582567373990121,0.6044542866515772,2.73698915333644,-15.82001253722429,2.5449292768456306,-25.123691293289497,-20.772523797183588,-16.554668681095592,-12.424945687230366,-9.331235278386071,0
329,ROI 329,point,900,90000.0,657846.4406833912,2413093.672448611,88.52710250278832,21.814652861736608,power,water,sigma0,44.2275276184082,NISAR_S2_PR_GCOV_028_170_A_013_3700_DHNA_A_20260824T232917_20260824T232954_P00500_M_F_I_001_gcov.tif,Band 2: HVHV,900,0.013802742795460812,0.008426286937091874,0.6104791679421103,2.6832324825603195,-18.600346047166088,2.5481256675827817,-28.20481795719288,-23.514171475363664,-19.29653288819271,-15.208742969464545,-12.336298423463955,0
330,ROI 330,point,900,90000.0,659299.7095884259,2413174.409609259,88.54116625931881,21.81525141148569,power,water,gamma0,44.15668869018555,NISAR_S2_PR_GCOV_028_170_A_013_3700_DHNA_A_20260824T232917_20260824T232954_P00500_M_F_I_001_gcov.tif,Band 1: HHHH,900,0.03401042107233985,0.02036716626234196,0.5988507528037124,2.788449607148548,-14.683879911704343,2.567400358398552,-24.327563090703862,-19.94669432873464,-15.237720513956877,-11.225678354269235,-7.860345462099979,0
330,ROI 330,point,900,90000.0,659299.7095884259,2413174.409609259,88.54116625931881,21.81525141148569,power,water,gamma0,44.15668869018555,NISAR_S2_PR_GCOV_028_170_A_013_3700_DHNA_A_20260824T232917_20260824T232954_P00500_M_F_I_001_gcov.tif,Band 2: HVHV,900,0.020015820211265235,0.012222780754672254,0.6106560023852068,2.681678680686501,-16.98626608610192,2.605616792152349,-28.551473478629514,-22.197507450578478,-17.71181644861037,-13.469502628871922,-10.413682203715062,0
330,ROI 330,point,900,90000.0,659299.7095884259,2413174.409609259,88.54116625931881,21.81525141148569,power,water,sigma0,44.15668869018555,NISAR_S2_PR_GCOV_028_170_A_013_3700_DHNA_A_20260824T232917_20260824T232954_P00500_M_F_I_001_gcov.tif,Band 1: HHHH,900,0.024118404583434665,0.01444327947939936,0.5988488761532549,2.7884670838564074,-16.17651423875458,2.5673789568527146,-25.820412257359617,-21.439012917624993,-16.730194024892803,-12.718060413499291,-9.352546717844994,0
330,ROI 330,point,900,90000.0,659299.7095884259,2413174.409609259,88.54116625931881,21.81525141148569,power,water,sigma0,44.15668869018555,NISAR_S2_PR_GCOV_028_170_A_013_3700_DHNA_A_20260824T232917_20260824T232954_P00500_M_F_I_001_gcov.tif,Band 2: HVHV,900,0.014194183175298724,0.0086677565153084,0.6106555346131063,2.6816827891073007,-18.47889594520113,2.6056067557980613,-30.04460885192513,-23.690123146288855,-19.204060139032414,-14.962421538050087,-11.905737829692926,0
331,ROI 331,point,900,90000.0,660732.7942029514,2412912.013836111,88.55500135247866,21.812751614618602,power,water,gamma0,44.09077835083008,NISAR_S2_PR_GCOV_028_170_A_013_3700_DHNA_A_20260824T232917_20260824T232954_P00500_M_F_I_001_gcov.tif,Band 1: HHHH,900,0.03084575774975949,0.01906756710780575,0.6181584924090389,2.616979495476757,-15.108045565110363,2.6070852236924202,-24.47457454797592,-20.320851054321768,-15.780661455473549,-11.770736343499253,-8.10243096683737,0
331,ROI 331,point,900,90000.0,660732.7942029514,2412912.013836111,88.55500135247866,21.812751614618602,power,water,gamma0,44.09077835083008,NISAR_S2_PR_GCOV_028_170_A_013_3700_DHNA_A_20260824T232917_20260824T232954_P00500_M_F_I_001_gcov.tif,Band 2: HVHV,900,0.018425993231746058,0.011097116918909904,0.6022533916809831,2.7570299952168185,-17.34569092698734,2.5474519952868175,-26.52012482493454,-22.13394515806921,-18.05220768159738,-13.952078403860595,-11.139631490523083,0
331,ROI 331,point,900,90000.0,660732.7942029514,2412912.013836111,88.55500135247866,21.812751614618602,power,water,sigma0,44.09077835083008,NISAR_S2_PR_GCOV_028_170_A_013_3700_DHNA_A_20260824T232917_20260824T232954_P00500_M_F_I_001_gcov.tif,Band 1: HHHH,900,0.021898697081602445,0.013536908797848739,0.6181604662325495,2.6169627831578994,-16.59581723840404,2.607076020625355,-25.961961660258126,-21.80828729451813,-17.268529537316272,-13.258843835276599,-9.590345306286727,0
331,ROI 331,point,900,90000.0,660732.7942029514,2412912.013836111,88.55500135247866,21.812751614618602,power,water,sigma0,44.09077835083008,NISAR_S2_PR_GCOV_028_170_A_013_3700_DHNA_A_20260824T232917_20260824T232954_P00500_M_F_I_001_gcov.tif,Band 2: HVHV,900,0.01308138973291508,0.007878342346053746,0.6022557623392605,2.7570082902750843,-18.83346115241474,2.547449904141993,-28.007517041460638,-23.62139570456701,-19.53985065358585,-15.44042711856637,-12.6269241753754,0
332,ROI 332,point,900,90000.0,662186.0631085648,2412145.0108016203,88.56898144143513,21.805691533555223,power,water,gamma0,44.031150817871094,NISAR_S2_PR_GCOV_028_170_A_013_3700_DHNA_A_20260824T232917_20260824T232954_P00500_M_F_I_001_gcov.tif,Band 1: HHHH,900,0.031463950380631205,0.01880277453034212,0.5975973869421324,2.8001585358360748,-15.021867514900926,2.6488171129179907,-24.23107273762742,-20.370206954195062,-15.459093399077798,-11.850611237171638,-8.996469623676706,0
332,ROI 332,point,900,90000.0,662186.0631085648,2412145.0108016203,88.56898144143513,21.805691533555223,power,water,gamma0,44.031150817871094,NISAR_S2_PR_GCOV_028_170_A_013_3700_DHNA_A_20260824T232917_20260824T232954_P00500_M_F_I_001_gcov.tif,Band 2: HVHV,900,0.01870832713456669,0.011191213220980047,0.5981942233788745,2.794573717875851,-17.27965044606221,2.572886363155218,-30.958462491665916,-22.366002855605313,-17.935762250479,-14.107576869583811,-10.039208550597984,0
332,ROI 332,point,900,90000.0,662186.0631085648,2412145.0108016203,88.56898144143513,21.805691533555223,power,water,sigma0,44.031150817871094,NISAR_S2_PR_GCOV_028_170_A_013_3700_DHNA_A_20260824T232917_20260824T232954_P00500_M_F_I_001_gcov.tif,Band 1: HHHH,900,0.022360498758760738,0.013362634524970657,0.5976000208732035,2.8001338524088317,-16.505185135869645,2.648814136075962,-25.71462497732184,-21.85308706730205,-16.94268518634528,-13.333841000055262,-10.48011147393847,0
332,ROI 332,point,900,90000.0,662186.0631085648,2412145.0108016203,88.56898144143513,21.805691533555223,power,water,sigma0,44.031150817871094,NISAR_S2_PR_GCOV_028_170_A_013_3700_DHNA_A_20260824T232917_20260824T232954_P00500_M_F_I_001_gcov.tif,Band 2: HVHV,900,0.013295460813388355,0.007953249901604918,0.5981928729838457,2.794586335153275,-18.76296605662724,2.5728927010584672,-32.441963005776955,-23.84953397221329,-19.418879871898092,-15.590322424645443,-11.522615450254872,0
333,ROI 333,point,900,90000.0,663053.987593287,2411055.059122917,88.57726749523036,21.795767835595285,power,water,gamma0,44.003807067871094,NISAR_S2_PR_GCOV_028_170_A_013_3700_DHNA_A_20260824T232917_20260824T232954_P00500_M_F_I_001_gcov.tif,Band 1: HHHH,900,0.030669637960899207,0.01913270881856331,0.6238322357425817,2.569593202654482,-15.13291350607398,2.631283278993903,-23.793784090467756,-20.684737742017433,-15.68537770189365,-11.812480387064175,-7.895821115621276,0
333,ROI 333,point,900,90000.0,663053.987593287,2411055.059122917,88.57726749523036,21.795767835595285,power,water,gamma0,44.003807067871094,NISAR_S2_PR_GCOV_028_170_A_013_3700_DHNA_A_20260824T232917_20260824T232954_P00500_M_F_I_001_gcov.tif,Band 2: HVHV,900,0.018642178730030233,0.010815053194636364,0.5801389071125392,2.9712282460625032,-17.29503332586369,2.532265252184982,-27.33487590344688,-22.222536252200264,-17.914358156096057,-14.108333034557843,-10.262759541863565,0
333,ROI 333,point,900,90000.0,663053.987593287,2411055.059122917,88.57726749523036,21.795767835595285,power,water,sigma0,44.003807067871094,NISAR_S2_PR_GCOV_028_170_A_013_3700_DHNA_A_20260824T232917_20260824T232954_P00500_M_F_I_001_gcov.tif,Band 1: HHHH,900,0.021805905872923772,0.013603197180436975,0.6238308676425116,2.569604473223728,-16.614258669157902,2.63127783673691,-25.27509921524297,-22.166529269112853,-17.166890277815252,-13.293870610192304,-9.376626923391894,0
333,ROI 333,point,900,90000.0,663053.987593287,2411055.059122917,88.57726749523036,21.795767835595285,power,water,sigma0,44.003807067871094,NISAR_S2_PR_GCOV_028_170_A_013_3700_DHNA_A_20260824T232917_20260824T232954_P00500_M_F_I_001_gcov.tif,Band 2: HVHV,900,0.013254463098402012,0.007689449725170138,0.5801404152007632,2.9712127985315706,-18.77637859641478,2.53225477235881,-28.816560220273576,-23.70392993828187,-19.395458356473743,-15.589892577614862,-11.744137288721259,0
334,ROI 334,point,900,89999.99975585938,663619.1483233303,2410449.5325920037,88.58267280233586,21.79024685018069,power,water,gamma0,43.984954833984375,NISAR_S2_PR_GCOV_028_170_A_013_3700_DHNA_A_20260824T232917_20260824T232954_P00500_M_F_I_001_gcov.tif,Band 1: HHHH,900,0.030465829133625246,0.017244545116329498,0.566029076073844,3.121206612662293,-15.161869979676023,2.540550544465864,-25.398042629527534,-20.26227891152748,-15.677145064372933,-12.02474176662691,-9.691308030327857,0
334,ROI 334,point,900,89999.99975585938,663619.1483233303,2410449.5325920037,88.58267280233586,21.79024685018069,power,water,gamma0,43.984954833984375,NISAR_S2_PR_GCOV_028_170_A_013_3700_DHNA_A_20260824T232917_20260824T232954_P00500_M_F_I_001_gcov.tif,Band 2: HVHV,900,0.01693455749320694,0.010106025230795438,0.5967693714376255,2.8079343477362864,-17.71226147160435,2.55277273812669,-26.507392083646657,-22.603814509178584,-18.427415428833875,-14.42011609131806,-11.320211331583609,0
334,ROI 334,point,900,89999.99975585938,663619.1483233303,2410449.5325920037,88.58267280233586,21.79024685018069,power,water,sigma0,43.984954833984375,NISAR_S2_PR_GCOV_028_170_A_013_3700_DHNA_A_20260824T232917_20260824T232954_P00500_M_F_I_001_gcov.tif,Band 1: HHHH,900,0.021668116014737338,0.012264722514869713,0.5660262528836376,3.1212377482567,-16.641788477929133,2.540554542790408,-26.877796499062804,-21.74235111041265,-17.157082946913846,-13.504721113166323,-11.171315943269297,0
334,ROI 334,point,900,89999.99975585938,663619.1483233303,2410449.5325920037,88.58267280233586,21.79024685018069,power,water,sigma0,43.984954833984375,NISAR_S2_PR_GCOV_028_170_A_013_3700_DHNA_A_20260824T232917_20260824T232954_P00500_M_F_I_001_gcov.tif,Band 2: HVHV,900,0.012044338828033838,0.007187782482759885,0.5967768414178071,2.807864053176588,-19.192170355342714,2.552783007713785,-27.98718999116037,-24.08400010802413,-19.907537534390144,-15.899928352039241,-12.799589258704192,0
335,ROI 335,point,900,89999.99975585938,676602.6931027055,2399519.739357725,88.70705385132065,21.690291527142296,power,water,gamma0,43.50115966796875,NISAR_S2_PR_GCOV_028_170_A_013_3700_DHNA_A_20260824T232917_20260824T232954_P00500_M_F_I_001_gcov.tif,Band 1: HHHH,900,0.035159721911057,0.02186445758255646,0.6218609361549171,2.5859102486268584,-14.539545685519357,2.6553335804301237,-24.430178579843208,-19.718422413537294,-15.245262551533328,-10.99217552418298,-8.417708867808903,0
335,ROI 335,point,900,89999.99975585938,676602.6931027055,2399519.739357725,88.70705385132065,21.690291527142296,power,water,gamma0,43.50115966796875,NISAR_S2_PR_GCOV_028_170_A_013_3700_DHNA_A_20260824T232917_20260824T232954_P00500_M_F_I_001_gcov.tif,Band 2: HVHV,900,0.017125862050387596,0.009682217474746489,0.5653565027126537,3.1286372837078353,-17.663475585623235,2.491123332214716,-26.835889834998113,-22.660714721470026,-18.234315785501856,-14.496863404586193,-11.541365470384491,0
335,ROI 335,point,900,89999.99975585938,676602.6931027055,2399519.739357725,88.70705385132065,21.690291527142296,power,water,sigma0,43.50115966796875,NISAR_S2_PR_GCOV_028_170_A_013_3700_DHNA_A_20260824T232917_20260824T232954_P00500_M_F_I_001_gcov.tif,Band 1: HHHH,900,0.025210502038690352,0.015676920199996957,0.6218408572720097,2.586077246426225,-15.984185057530674,2.6552841252567214,-25.874772529458106,-21.16268486117345,-16.689636368798627,-12.436690661297177,-9.86242881306965,0
335,ROI 335,point,900,89999.99975585938,676602.6931027055,2399519.739357725,88.70705385132065,21.690291527142296,power,water,sigma0,43.50115966796875,NISAR_S2_PR_GCOV_028_170_A_013_3700_DHNA_A_20260824T232917_20260824T232954_P00500_M_F_I_001_gcov.tif,Band 2: HVHV,900,0.012279771550059304,0.00694231472860242,0.5653455929779811,3.1287580343864017,-19.10809712630642,2.491100817061815,-28.280493893011332,-24.104946429793003,-19.678941179956617,-15.94169662108989,-12.986355109155703,0
336,ROI 336,point,900,90000.0,677601.8148630208,2398278.4033319443,88.71657531847792,21.678981556594092,power,water,gamma0,43.46910858154297,NISAR_S2_PR_GCOV_028_170_A_013_3700_DHNA_A_20260824T232917_20260824T232954_P00500_M_F_I_001_gcov.tif,Band 1: HHHH,900,0.02980037057073787,0.016986369713258922,0.5700053183210578,3.077812679241379,-15.257783353926717,2.4980002997211788,-26.48007597329114,-19.978707416328923,-15.841241859788333,-12.00909438357101,-8.818935582452538,0
336,ROI 336,point,900,90000.0,677601.8148630208,2398278.4033319443,88.71657531847792,21.678981556594092,power,water,gamma0,43.46910858154297,NISAR_S2_PR_GCOV_028_170_A_013_3700_DHNA_A_20260824T232917_20260824T232954_P00500_M_F_I_001_gcov.tif,Band 2: HVHV,900,0.016194000420186462,0.009551135071089362,0.5897946661273081,2.8747383239179984,-17.90645853791181,2.4732184876756524,-28.34611773788226,-22.84540632167015,-18.477584255120835,-14.668064411469203,-10.994653927716765,0
336,ROI 336,point,900,90000.0,677601.8148630208,2398278.4033319443,88.71657531847792,21.678981556594092,power,water,sigma0,43.46910858154297,NISAR_S2_PR_GCOV_028_170_A_013_3700_DHNA_A_20260824T232917_20260824T232954_P00500_M_F_I_001_gcov.tif,Band 1: HHHH,900,0.0213792983452253,0.012186233970741617,0.5700015862991689,3.077852982644626,-16.700065521579816,2.4979791127716844,-27.922565722254177,-21.42081473740737,-17.283802281381075,-13.45162477785022,-10.261446981805538,0
336,ROI 336,point,900,90000.0,677601.8148630208,2398278.4033319443,88.71657531847792,21.678981556594092,power,water,sigma0,43.46910858154297,NISAR_S2_PR_GCOV_028_170_A_013_3700_DHNA_A_20260824T232917_20260824T232954_P00500_M_F_I_001_gcov.tif,Band 2: HVHV,900,0.011617875230891797,0.006852143920555718,0.5897932095479858,2.8747525230966358,-19.348732919006032,2.4732131481352138,-29.788273362846326,-24.287850483061952,-19.920015100157958,-16.1105054780578,-12.437174708938933,0
337,ROI 337,point,900,90000.0,678691.766541956,2397385.248483102,88.72701030068323,21.670806349759307,power,water,gamma0,43.427833557128906,NISAR_S2_PR_GCOV_028_170_A_013_3700_DHNA_A_20260824T232917_20260824T232954_P00500_M_F_I_001_gcov.tif,Band 1: HHHH,900,0.031401877484750006,0.017715314066878634,0.564148244813766,3.1420530794526322,-15.030443851468199,2.508067307883173,-24.13820151427599,-20.101631698054728,-15.529661303083133,-11.655256858454786,-9.818636064981803,0
337,ROI 337,point,900,90000.0,678691.766541956,2397385.248483102,88.72701030068323,21.670806349759307,power,water,gamma0,43.427833557128906,NISAR_S2_PR_GCOV_028_170_A_013_3700_DHNA_A_20260824T232917_20260824T232954_P00500_M_F_I_001_gcov.tif,Band 2: HVHV,900,0.017212787124121356,0.010315305252954637,0.5992815212650341,2.7844423271089824,-17.641488022684115,2.5532898649796443,-26.180659645659325,-22.675694238611875,-18.359247821165575,-14.269081116739802,-11.281234698716778,0
337,ROI 337,point,900,90000.0,678691.766541956,2397385.248483102,88.72701030068323,21.670806349759307,power,water,sigma0,43.427833557128906,NISAR_S2_PR_GCOV_028_170_A_013_3700_DHNA_A_20260824T232917_20260824T232954_P00500_M_F_I_001_gcov.tif,Band 1: HHHH,900,0.022537769209170867,0.01271538515250479,0.5641811766947529,3.141686279912332,-16.470890726773458,2.5080206057911245,-25.5773839906694,-21.54061606644165,-16.968713378500325,-13.094741072479714,-11.258027313093308,0
337,ROI 337,point,900,90000.0,678691.766541956,2397385.248483102,88.72701030068323,21.670806349759307,power,water,sigma0,43.427833557128906,NISAR_S2_PR_GCOV_028_170_A_013_3700_DHNA_A_20260824T232917_20260824T232954_P00500_M_F_I_001_gcov.tif,Band 2: HVHV,900,0.01235363317381215,0.0074030158952141665,0.5992581932016121,2.784659118175814,-19.082052986559617,2.552975542080166,-27.619421724486273,-24.100845320403494,-19.798559602193702,-15.708546261014604,-12.720158658237978,0
338,ROI 338,point,900,90000.00024414062,680008.7908724877,2396401.2621618453,88.73962795622232,21.661787304058194,power,water,gamma0,43.376953125,NISAR_S2_PR_GCOV_028_170_A_013_3700_DHNA_A_20260824T232917_20260824T232954_P00500_M_F_I_001_gcov.tif,Band 1: HHHH,900,0.029202453158278432,0.01685575908453582,0.5772035312642041,3.0015255268149454,-15.34580664018944,2.533542373293252,-23.84099577683035,-20.407397232205646,-15.832087127167544,-12.080139093864478,-9.878591123825034,0
338,ROI 338,point,900,90000.00024414062,680008.7908724877,2396401.2621618453,88.73962795622232,21.661787304058194,power,water,gamma0,43.376953125,NISAR_S2_PR_GCOV_028_170_A_013_3700_DHNA_A_20260824T232917_20260824T232954_P00500_M_F_I_001_gcov.tif,Band 2: HVHV,900,0.01747319288784638,0.010375581629287511,0.5937999824007167,2.8360875881266154,-17.57627728853746,2.506478606802634,-26.08211684828838,-22.420397905266825,-18.21426584502564,-14.236489873460524,-10.427830661182975,0
338,ROI 338,point,900,90000.00024414062,680008.7908724877,2396401.2621618453,88.73962795622232,21.661787304058194,power,water,sigma0,43.376953125,NISAR_S2_PR_GCOV_028_170_A_013_3700_DHNA_A_20260824T232917_20260824T232954_P00500_M_F_I_001_gcov.tif,Band 1: HHHH,900,0.020982646639585597,0.012111237610769885,0.5772025721445919,3.0015355019069845,-16.781397330884268,2.5335320271488686,-25.276228986364615,-21.843079673227646,-17.267576503463925,-13.515763035624888,-11.314362199786443,0
338,ROI 338,point,900,90000.00024414062,680008.7908724877,2396401.2621618453,88.73962795622232,21.661787304058194,power,water,sigma0,43.376953125,NISAR_S2_PR_GCOV_028_170_A_013_3700_DHNA_A_20260824T232917_20260824T232954_P00500_M_F_I_001_gcov.tif,Band 2: HVHV,900,0.012554909686753114,0.0074550593629024746,0.5937963353705704,2.8361224260940436,-19.011864070200225,2.5064828928727607,-27.517982318933147,-23.855808998080036,-19.65005584347778,-15.67231993891744,-11.863552739186344,0
339,ROI 339,point,900,89999.99975585938,681462.0610088272,2395916.843525729,88.75361467717022,21.657264942831805,power,water,gamma0,43.31191635131836,NISAR_S2_PR_GCOV_028_170_A_013_3700_DHNA_A_20260824T232917_20260824T232954_P00500_M_F_I_001_gcov.tif,Band 1: HHHH,900,0.030739215028523986,0.019229570766260782,0.6255713019482442,2.5553263036362237,-15.123072270488063,2.629921497855837,-24.478880358862504,-20.468212907599423,-15.801617780683642,-11.777991423581364,-8.775009570962647,0
339,ROI 339,point,900,89999.99975585938,681462.0610088272,2395916.843525729,88.75361467717022,21.657264942831805,power,water,gamma0,43.31191635131836,NISAR_S2_PR_GCOV_028_170_A_013_3700_DHNA_A_20260824T232917_20260824T232954_P00500_M_F_I_001_gcov.tif,Band 2: HVHV,900,0.018328248999443734,0.010819800487376508,0.5903346515919164,2.869481620979131,-17.368790236467994,2.4557948299507153,-26.757439506956068,-21.989917032092897,-18.11905525872264,-14.020150870727914,-10.399039781134578,0
339,ROI 339,point,900,89999.99975585938,681462.0610088272,2395916.843525729,88.75361467717022,21.657264942831805,power,water,sigma0,43.31191635131836,NISAR_S2_PR_GCOV_028_170_A_013_3700_DHNA_A_20260824T232917_20260824T232954_P00500_M_F_I_001_gcov.tif,Band 1: HHHH,900,0.022110515088059474,0.013831518807419035,0.6255629392771852,2.5553946244871537,-16.554011399497238,2.6299019525676317,-25.91010706529029,-21.899111676056286,-17.232494177499465,-13.208990548481172,-10.205499975526697,0
339,ROI 339,point,900,89999.99975585938,681462.0610088272,2395916.843525729,88.75361467717022,21.657264942831805,power,water,sigma0,43.31191635131836,NISAR_S2_PR_GCOV_028_170_A_013_3700_DHNA_A_20260824T232917_20260824T232954_P00500_M_F_I_001_gcov.tif,Band 2: HVHV,900,0.013183416562299072,0.0077825426199591655,0.5903282038599226,2.8695443039049096,-18.79972025108486,2.455791179742561,-28.18834591033145,-23.4204952311744,-19.54986886056837,-15.451514682667852,-11.830423408690363,0
340,ROI 340,point,900,90000.0,683233.2318708333,2396446.6789819445,88.77078314918911,21.661868070651398,power,water,gamma0,43.21747589111328,NISAR_S2_PR_GCOV_028_170_A_013_3700_DHNA_A_20260824T232917_20260824T232954_P00500_M_F_I_001_gcov.tif,Band 1: HHHH,900,0.025948661145650677,0.0157002124357571,0.605049036928391,2.7316109942165894,-15.858850452165342,2.570452688001509,-24.574893629089264,-21.06346983104575,-16.49968640324245,-12.375519522007046,-9.894573148255478,0
340,ROI 340,point,900,90000.0,683233.2318708333,2396446.6789819445,88.77078314918911,21.661868070651398,power,water,gamma0,43.21747589111328,NISAR_S2_PR_GCOV_028_170_A_013_3700_DHNA_A_20260824T232917_20260824T232954_P00500_M_F_I_001_gcov.tif,Band 2: HVHV,900,0.01804721847280032,0.011299015150559016,0.6260806986732171,2.5511698256819324,-17.435897242292896,2.63062042977322,-25.879935807609094,-22.65149590938003,-18.066168770164406,-14.071461706666739,-10.545966339738865,0
340,ROI 340,point,900,90000.0,683233.2318708333,2396446.6789819445,88.77078314918911,21.661868070651398,power,water,sigma0,43.21747589111328,NISAR_S2_PR_GCOV_028_170_A_013_3700_DHNA_A_20260824T232917_20260824T232954_P00500_M_F_I_001_gcov.tif,Band 1: HHHH,900,0.018693927489297893,0.01131067202522482,0.6050452496780079,2.7316451910875426,-17.282994462006418,2.5704260934749086,-25.999359399209744,-22.4873010375161,-17.9238028464346,-13.799672848094918,-11.318775526850613,0
340,ROI 340,point,900,90000.0,683233.2318708333,2396446.6789819445,88.77078314918911,21.661868070651398,power,water,sigma0,43.21747589111328,NISAR_S2_PR_GCOV_028_170_A_013_3700_DHNA_A_20260824T232917_20260824T232954_P00500_M_F_I_001_gcov.tif,Band 2: HVHV,900,0.013001631024849537,0.008140128221420774,0.6260851585360981,2.5511334797410363,-18.860021630270086,2.630625153003404,-27.304187413692993,-24.075305185877657,-19.49032262084128,-15.495260412144177,-11.97003936408876,0
341,ROI 341,point,100,9999.999755859375,681855.6596025958,2403985.5309900115,88.7583014585967,21.73009006813169,power,water,gamma0,43.181884765625,NISAR_S2_PR_GCOV_028_170_A_013_3700_DHNA_A_20260824T232917_20260824T232954_P00500_M_F_I_001_gcov.tif,Band 1: HHHH,100,0.027402956634759904,0.01605104958211714,0.5857415240279883,2.9146604927403263,-15.62202576563276,2.450626885104651,-21.90671913965297,-20.762711356428657,-16.380989094324892,-12.500899382445711,-10.454681861303598,0
341,ROI 341,point,100,9999.999755859375,681855.6596025958,2403985.5309900115,88.7583014585967,21.73009006813169,power,water,gamma0,43.181884765625,NISAR_S2_PR_GCOV_028_170_A_013_3700_DHNA_A_20260824T232917_20260824T232954_P00500_M_F_I_001_gcov.tif,Band 2: HVHV,100,0.018243388743139802,0.011002504441259886,0.6030954334291232,2.7493366400185995,-17.38894487512477,2.4741808077755683,-24.823171815395064,-22.861048724489873,-17.942184385338162,-14.701754551745392,-10.731266345915513,0
341,ROI 341,point,100,9999.999755859375,681855.6596025958,2403985.5309900115,88.7583014585967,21.73009006813169,power,water,sigma0,43.181884765625,NISAR_S2_PR_GCOV_028_170_A_013_3700_DHNA_A_20260824T232917_20260824T232954_P00500_M_F_I_001_gcov.tif,Band 1: HHHH,100,0.019754500898341718,0.01157111837971448,0.585745923891492,2.91461670563182,-17.04333938386194,2.450681557133043,-23.328352761458685,-22.183992468059394,-17.802163816390607,-13.92223720874561,-11.875885649435178,0
341,ROI 341,point,100,9999.999755859375,681855.6596025958,2403985.5309900115,88.7583014585967,21.73009006813169,power,water,sigma0,43.181884765625,NISAR_S2_PR_GCOV_028_170_A_013_3700_DHNA_A_20260824T232917_20260824T232954_P00500_M_F_I_001_gcov.tif,Band 2: HVHV,100,0.013151513464654872,0.00793206815177077,0.603129683369786,2.7490243955852214,-18.81024266069541,2.474226465726499,-26.24444598273613,-24.282478978451053,-19.363700252758477,-16.122869080576546,-12.152293113832693,0
342,ROI 342,point,100,10000.0,682461.1827651041,2403894.68211875,88.76414393706138,21.72920739978221,power,water,gamma0,43.15302276611328,NISAR_S2_PR_GCOV_028_170_A_013_3700_DHNA_A_20260824T232917_20260824T232954_P00500_M_F_I_001_gcov.tif,Band 1: HHHH,100,0.023944756765849888,0.013205374470023585,0.5514933644620331,3.2879061852584277,-16.207895702223645,2.5036896653748726,-23.487834615391797,-21.131060598624842,-16.88615375946746,-13.07413212201509,-11.401909372308804,0
342,ROI 342,point,100,10000.0,682461.1827651041,2403894.68211875,88.76414393706138,21.72920739978221,power,water,gamma0,43.15302276611328,NISAR_S2_PR_GCOV_028_170_A_013_3700_DHNA_A_20260824T232917_20260824T232954_P00500_M_F_I_001_gcov.tif,Band 2: HVHV,100,0.017451122372876854,0.010206613012291317,0.5848685714424187,2.923367608647436,-17.581766360588528,2.360008507736847,-26.739255799601047,-21.38193524015805,-17.89704154002988,-14.51539280921258,-11.594958283764294,0
342,ROI 342,point,100,10000.0,682461.1827651041,2403894.68211875,88.76414393706138,21.72920739978221,power,water,sigma0,43.15302276611328,NISAR_S2_PR_GCOV_028_170_A_013_3700_DHNA_A_20260824T232917_20260824T232954_P00500_M_F_I_001_gcov.tif,Band 1: HHHH,100,0.017268831281662327,0.009523613937171866,0.5514915156583259,3.2879282298526262,-17.627370535790455,2.5036909908928484,-24.907421432173614,-22.550572566226514,-18.3056606023975,-14.493734998041788,-12.82133610434454,0
342,ROI 342,point,100,10000.0,682461.1827651041,2403894.68211875,88.76414393706138,21.72920739978221,power,water,sigma0,43.15302276611328,NISAR_S2_PR_GCOV_028_170_A_013_3700_DHNA_A_20260824T232917_20260824T232954_P00500_M_F_I_001_gcov.tif,Band 2: HVHV,100,0.01258564270006249,0.0073609076504057135,0.5848654554899422,2.923398758029638,-19.001246018109924,2.3600025340995523,-28.158861640298785,-22.801297711546166,-19.31649809362129,-15.934882467094312,-13.01440834616924,0
343,ROI 343,point,100,10000.0,683414.8904848958,2403773.5763791665,88.77334818386659,21.728015289473756,power,water,gamma0,43.107730865478516,NISAR_S2_PR_GCOV_028_170_A_013_3700_DHNA_A_20260824T232917_20260824T232954_P00500_M_F_I_001_gcov.tif,Band 1: HHHH,100,0.02998209850396961,0.01817604179201346,0.6062298070832821,2.720980492069809,-15.231379733289902,2.7774164814897517,-25.267259107684893,-20.912717603066294,-16.28567698933719,-11.72626141629336,-10.529447879408568,0
343,ROI 343,point,100,10000.0,683414.8904848958,2403773.5763791665,88.77334818386659,21.728015289473756,power,water,gamma0,43.107730865478516,NISAR_S2_PR_GCOV_028_170_A_013_3700_DHNA_A_20260824T232917_20260824T232954_P00500_M_F_I_001_gcov.tif,Band 2: HVHV,100,0.01896854376187548,0.011169118886238536,0.5888232131286292,2.8842317569502396,-17.21966009146005,2.5985349857577353,-25.58250910820568,-22.10134253324032,-17.753527845030447,-14.357448597891553,-11.91773221544115,0
343,ROI 343,point,100,10000.0,683414.8904848958,2403773.5763791665,88.77334818386659,21.728015289473756,power,water,sigma0,43.107730865478516,NISAR_S2_PR_GCOV_028_170_A_013_3700_DHNA_A_20260824T232917_20260824T232954_P00500_M_F_I_001_gcov.tif,Band 1: HHHH,100,0.021639023193443543,0.013118108634116547,0.6062246209935777,2.721027046791562,-16.64762347598375,2.777399353995926,-26.683484307366378,-22.328849822623393,-17.70198707170936,-13.142633695299978,-11.945714325564973,0
343,ROI 343,point,100,10000.0,683414.8904848958,2403773.5763791665,88.77334818386659,21.728015289473756,power,water,sigma0,43.107730865478516,NISAR_S2_PR_GCOV_028_170_A_013_3700_DHNA_A_20260824T232917_20260824T232954_P00500_M_F_I_001_gcov.tif,Band 2: HVHV,100,0.013690257981470132,0.0080612126190493,0.5888283938812703,2.884181003876127,-18.635883678723463,2.598549264216312,-26.998632090050712,-23.517670654238408,-19.169884576026178,-15.77355745419591,-13.3339118651229,0
344,ROI 344,point,100,10000.0,683959.8663244791,2403440.535586458,88.77857835694272,21.724951275438258,power,water,gamma0,43.08558654785156,NISAR_S2_PR_GCOV_028_170_A_013_3700_DHNA_A_20260824T232917_20260824T232954_P00500_M_F_I_001_gcov.tif,Band 1: HHHH,100,0.035028541567735376,0.02515730973302106,0.7181946095121853,1.9387227995923997,-14.555779443914233,2.6606348028191777,-22.500502432060166,-19.71255831046243,-15.507082041500908,-11.22411325227305,-8.223608726985468,0
344,ROI 344,point,100,10000.0,683959.8663244791,2403440.535586458,88.77857835694272,21.724951275438258,power,water,gamma0,43.08558654785156,NISAR_S2_PR_GCOV_028_170_A_013_3700_DHNA_A_20260824T232917_20260824T232954_P00500_M_F_I_001_gcov.tif,Band 2: HVHV,100,0.016216709669679405,0.008513718902929701,0.5249966902255094,3.6281636599871603,-17.90037258463922,2.3575108822537363,-27.289219760146125,-22.396791427760036,-18.197931776945506,-14.97983647688959,-12.377991503538286,0
344,ROI 344,point,100,10000.0,683959.8663244791,2403440.535586458,88.77857835694272,21.724951275438258,power,water,sigma0,43.08558654785156,NISAR_S2_PR_GCOV_028_170_A_013_3700_DHNA_A_20260824T232917_20260824T232954_P00500_M_F_I_001_gcov.tif,Band 1: HHHH,100,0.02529072827824204,0.01816375767891956,0.7181982851219864,1.9387029555731743,-15.970386644212013,2.660651202885536,-23.91530504746377,-21.127045550705375,-16.921847222321485,-12.638711481458651,-9.638191559356134,0
344,ROI 344,point,100,10000.0,683959.8663244791,2403440.535586458,88.77857835694272,21.724951275438258,power,water,sigma0,43.08558654785156,NISAR_S2_PR_GCOV_028_170_A_013_3700_DHNA_A_20260824T232917_20260824T232954_P00500_M_F_I_001_gcov.tif,Band 2: HVHV,100,0.011708517599334287,0.006146962291328883,0.5249991930386116,3.628129067195321,-19.31498086924445,2.3575290305938754,-28.703909435081563,-23.811460083502713,-19.61250670037331,-16.394400048671407,-13.792564655672205,0
345,ROI 345,point,100,10000.0,684111.2485002604,2401896.43738125,88.77986982633601,21.71099158429077,power,water,gamma0,43.09904479980469,NISAR_S2_PR_GCOV_028_170_A_013_3700_DHNA_A_20260824T232917_20260824T232954_P00500_M_F_I_001_gcov.tif,Band 1: HHHH,100,0.03228424589149654,0.02023903909606489,0.626901404607246,2.544494486690542,-14.910093535662345,2.714155505179163,-23.802495158022555,-19.878667782132418,-15.613843973435301,-11.64434158115813,-9.941006431799435,0
345,ROI 345,point,100,10000.0,684111.2485002604,2401896.43738125,88.77986982633601,21.71099158429077,power,water,gamma0,43.09904479980469,NISAR_S2_PR_GCOV_028_170_A_013_3700_DHNA_A_20260824T232917_20260824T232954_P00500_M_F_I_001_gcov.tif,Band 2: HVHV,100,0.01980649876408279,0.010987823131455491,0.5547584791402339,3.2493171459989,-17.03192288814189,2.4763938956090366,-25.27339294551972,-21.687223328653,-17.371318977626874,-13.537859076420034,-12.649897269135113,0
345,ROI 345,point,100,10000.0,684111.2485002604,2401896.43738125,88.77986982633601,21.71099158429077,power,water,sigma0,43.09904479980469,NISAR_S2_PR_GCOV_028_170_A_013_3700_DHNA_A_20260824T232917_20260824T232954_P00500_M_F_I_001_gcov.tif,Band 1: HHHH,100,0.023305418988460013,0.01461001936428269,0.6268936581452165,2.5445573712051686,-16.32543084847231,2.7141121889404785,-25.21713392107245,-21.29434686155029,-17.029041756755213,-13.059931639700984,-11.356679325125684,0
345,ROI 345,point,100,10000.0,684111.2485002604,2401896.43738125,88.77986982633601,21.71099158429077,power,water,sigma0,43.09904479980469,NISAR_S2_PR_GCOV_028_170_A_013_3700_DHNA_A_20260824T232917_20260824T232954_P00500_M_F_I_001_gcov.tif,Band 2: HVHV,100,0.014298106758460084,0.007931959493112031,0.5547559286769732,3.2493470232210266,-18.4472146454805,2.476466702515123,-26.688212771157307,-23.103058781012802,-18.786242500585317,-14.95289343641598,-14.065410580522768,0
346,ROI 346,point,100,9999.999755859375,685110.3764482025,2401578.554346872,88.78948967818353,21.708016956039877,power,water,gamma0,43.05398178100586,NISAR_S2_PR_GCOV_028_170_A_013_3700_DHNA_A_20260824T232917_20260824T232954_P00500_M_F_I_001_gcov.tif,Band 1: HHHH,100,0.029855273040011523,0.0194968924909306,0.6530468659523294,2.34482967061082,-15.249789526440466,2.7565786392740597,-24.055502688149986,-21.163129798687514,-16.006422619174877,-11.93477947361952,-8.770119161546246,0
346,ROI 346,point,100,9999.999755859375,685110.3764482025,2401578.554346872,88.78948967818353,21.708016956039877,power,water,gamma0,43.05398178100586,NISAR_S2_PR_GCOV_028_170_A_013_3700_DHNA_A_20260824T232917_20260824T232954_P00500_M_F_I_001_gcov.tif,Band 2: HVHV,100,0.017741023427806795,0.010436593403608623,0.588274596788514,2.8896138506570788,-17.51021330601879,2.4478057330457874,-22.907442698156135,-22.13370975687049,-18.516348163659273,-14.38928143466178,-12.493455088590444,0
346,ROI 346,point,100,9999.999755859375,685110.3764482025,2401578.554346872,88.78948967818353,21.708016956039877,power,water,sigma0,43.05398178100586,NISAR_S2_PR_GCOV_028_170_A_013_3700_DHNA_A_20260824T232917_20260824T232954_P00500_M_F_I_001_gcov.tif,Band 1: HHHH,100,0.021566622482119414,0.014084096154632011,0.6530506186728561,2.3448027218111345,-16.662178638094495,2.7565883777565556,-25.468067120220837,-22.57538232321523,-17.418752161252293,-13.34730064929564,-10.18250190834083,0
346,ROI 346,point,100,9999.999755859375,685110.3764482025,2401578.554346872,88.78948967818353,21.708016956039877,power,water,sigma0,43.05398178100586,NISAR_S2_PR_GCOV_028_170_A_013_3700_DHNA_A_20260824T232917_20260824T232954_P00500_M_F_I_001_gcov.tif,Band 2: HVHV,100,0.012815571146634968,0.007538989182958905,0.5882679044654554,2.8896795973662073,-18.92262034013131,2.4477907358985433,-24.3198612797092,-23.5462202962319,-19.92855403262108,-15.801656511997468,-13.905970425468372,0
347,ROI 347,point,100,9999.999755859375,685882.4255613222,2401881.3187053055,88.79698435770695,21.71067030996475,power,water,gamma0,43.01157760620117,NISAR_S2_PR_GCOV_028_170_A_013_3700_DHNA_A_20260824T232917_20260824T232954_P00500_M_F_I_001_gcov.tif,Band 1: HHHH,100,0.027908173687756062,0.016828238061115403,0.6029860014988486,2.7503346483165045,-15.542685828335237,2.4525599404072382,-21.44739503375401,-20.297439020027383,-16.29700736814128,-11.768295360045819,-10.30340511564308,0
347,ROI 347,point,100,9999.999755859375,685882.4255613222,2401881.3187053055,88.79698435770695,21.71067030996475,power,water,gamma0,43.01157760620117,NISAR_S2_PR_GCOV_028_170_A_013_3700_DHNA_A_20260824T232917_20260824T232954_P00500_M_F_I_001_gcov.tif,Band 2: HVHV,100,0.0181075225956738,0.010400536401406516,0.5743765524219964,3.0311441822544407,-17.42140964187701,2.5140209281945407,-24.641865086362152,-22.007180472601835,-17.899748200368734,-14.319500599050887,-12.685471417534593,0
347,ROI 347,point,100,9999.999755859375,685882.4255613222,2401881.3187053055,88.79698435770695,21.71067030996475,power,water,sigma0,43.01157760620117,NISAR_S2_PR_GCOV_028_170_A_013_3700_DHNA_A_20260824T232917_20260824T232954_P00500_M_F_I_001_gcov.tif,Band 1: HHHH,100,0.02017413751839186,0.012164901231889227,0.6029948601668365,2.750253837934377,-16.952050230995646,2.452578386070472,-22.85681526890731,-21.706933557049975,-17.70636583521684,-13.17764791795974,-11.712740839606536,0
347,ROI 347,point,100,9999.999755859375,685882.4255613222,2401881.3187053055,88.79698435770695,21.71067030996475,power,water,sigma0,43.01157760620117,NISAR_S2_PR_GCOV_028_170_A_013_3700_DHNA_A_20260824T232917_20260824T232954_P00500_M_F_I_001_gcov.tif,Band 2: HVHV,100,0.013089406724799413,0.007518161239243437,0.5743699005852879,3.0312143906440965,-18.830800373289147,2.513998077818106,-26.051155690617964,-23.4165091839957,-19.30905653043077,-15.729000730643074,-14.094961841197346,0
348,ROI 348,point,100,10000.0,686881.542351823,2401956.990248958,88.80664802369866,21.71124865871487,power,water,gamma0,42.96102523803711,NISAR_S2_PR_GCOV_028_170_A_013_3700_DHNA_A_20260824T232917_20260824T232954_P00500_M_F_I_001_gcov.tif,Band 1: HHHH,100,0.029321659291163087,0.017383020470332213,0.5928389078434957,2.8452904287298693,-15.328114569297531,2.3436817935370797,-21.759056979287116,-19.396297169357787,-16.13050230989629,-12.07699426455404,-10.092724274953893,0
348,ROI 348,point,100,10000.0,686881.542351823,2401956.990248958,88.80664802369866,21.71124865871487,power,water,gamma0,42.96102523803711,NISAR_S2_PR_GCOV_028_170_A_013_3700_DHNA_A_20260824T232917_20260824T232954_P00500_M_F_I_001_gcov.tif,Band 2: HVHV,100,0.01699534744839184,0.010519948096838498,0.6189898811297285,2.6099542882792575,-17.69669952388548,2.6133444901929592,-27.696381612301902,-22.802601690511473,-18.434111019238493,-13.630869212713215,-12.246062885023452,0
348,ROI 348,point,100,10000.0,686881.542351823,2401956.990248958,88.80664802369866,21.71124865871487,power,water,sigma0,42.96102523803711,NISAR_S2_PR_GCOV_028_170_A_013_3700_DHNA_A_20260824T232917_20260824T232954_P00500_M_F_I_001_gcov.tif,Band 1: HHHH,100,0.02121351511533465,0.012576403268351159,0.5928486250381029,2.8451971569803693,-16.7338736219035,2.3436864771876387,-23.164650792932754,-20.801960448473963,-17.536232263545067,-13.482677988477182,-11.498505214904442,0
348,ROI 348,point,100,10000.0,686881.542351823,2401956.990248958,88.80664802369866,21.71124865871487,power,water,sigma0,42.96102523803711,NISAR_S2_PR_GCOV_028_170_A_013_3700_DHNA_A_20260824T232917_20260824T232954_P00500_M_F_I_001_gcov.tif,Band 2: HVHV,100,0.012295681395875115,0.007610856714537353,0.6189861683542484,2.6099855981980986,-19.102473987456257,2.6133349474859995,-29.102278481579805,-24.20842808399742,-19.839957245117333,-15.03666911630221,-13.651945084061133,0
349,ROI 349,point,100,10000.0,687441.6564088542,2401487.705497917,88.8120077113371,21.706951747059097,power,water,gamma0,42.93974304199219,NISAR_S2_PR_GCOV_028_170_A_013_3700_DHNA_A_20260824T232917_20260824T232954_P00500_M_F_I_001_gcov.tif,Band 1: HHHH,100,0.029942703819833695,0.01833264286945891,0.6122574293813635,2.667668573035182,-15.237089855221985,2.5411960162652774,-21.343435890491463,-20.210690009875414,-15.911437480465809,-11.446208884082465,-10.89638472057295,0
349,ROI 349,point,100,10000.0,687441.6564088542,2401487.705497917,88.8120077113371,21.706951747059097,power,water,gamma0,42.93974304199219,NISAR_S2_PR_GCOV_028_170_A_013_3700_DHNA_A_20260824T232917_20260824T232954_P00500_M_F_I_001_gcov.tif,Band 2: HVHV,100,0.0201179906737525,0.011220753451386517,0.5577472240319699,3.2145868599533527,-16.96415397516633,2.6568078365172605,-28.069931594691774,-21.797147686945664,-17.438088150070342,-14.04658218734156,-12.396731744604994,0
349,ROI 349,point,100,10000.0,687441.6564088542,2401487.705497917,88.8120077113371,21.706951747059097,power,water,sigma0,42.93974304199219,NISAR_S2_PR_GCOV_028_170_A_013_3700_DHNA_A_20260824T232917_20260824T232954_P00500_M_F_I_001_gcov.tif,Band 1: HHHH,100,0.021670270926838014,0.01326772798273641,0.612254827248362,2.6676912487018263,-16.641356589942003,2.54118069667486,-22.7477368566341,-21.614791982006288,-17.315829081107022,-12.850361801261146,-12.300659576162783,0
349,ROI 349,point,100,10000.0,687441.6564088542,2401487.705497917,88.8120077113371,21.706951747059097,power,water,sigma0,42.93974304199219,NISAR_S2_PR_GCOV_028_170_A_013_3700_DHNA_A_20260824T232917_20260824T232954_P00500_M_F_I_001_gcov.tif,Band 2: HVHV,100,0.014559868513081624,0.008120616317072074,0.5577396739383967,3.2146738919397775,-18.368425470216724,2.6567862487478586,-29.474222188130256,-23.20133566707602,-18.842274130434532,-15.450933920939836,-13.801134293021743,0
350,ROI 350,point,100,10000.0,687941.2175955729,2400806.4856989584,88.81675793096754,21.70074725343398,power,water,gamma0,42.924320220947266,NISAR_S2_PR_GCOV_028_170_A_013_3700_DHNA_A_20260824T232917_20260824T232954_P00500_M_F_I_001_gcov.tif,Band 1: HHHH,100,0.035098345624282955,0.023499563650329357,0.6695347952261053,2.230764354226476,-14.547133537101793,2.8404720427285524,-21.838849956565856,-20.020089124227272,-15.827954880091939,-10.92570865908418,-9.0980982988267,0
350,ROI 350,point,100,10000.0,687941.2175955729,2400806.4856989584,88.81675793096754,21.70074725343398,power,water,gamma0,42.924320220947266,NISAR_S2_PR_GCOV_028_170_A_013_3700_DHNA_A_20260824T232917_20260824T232954_P00500_M_F_I_001_gcov.tif,Band 2: HVHV,100,0.020547283145133405,0.012699080101773693,0.6180418117604737,2.617967712399075,-16.872455943757522,2.677011774096725,-24.73539492786092,-22.384957962002723,-17.528843506827815,-12.854964105672517,-12.441087953755453,0
350,ROI 350,point,100,10000.0,687941.2175955729,2400806.4856989584,88.81675793096754,21.70074725343398,power,water,sigma0,42.924320220947266,NISAR_S2_PR_GCOV_028_170_A_013_3700_DHNA_A_20260824T232917_20260824T232954_P00500_M_F_I_001_gcov.tif,Band 1: HHHH,100,0.025407988681131873,0.017011584637727794,0.6695368472971928,2.2307506800574206,-15.95029712724466,2.8404772011387736,-23.242152037683226,-21.423370330341832,-17.23104162680312,-12.328857352698513,-10.501256270492927,0
350,ROI 350,point,100,10000.0,687941.2175955729,2400806.4856989584,88.81675793096754,21.70074725343398,power,water,sigma0,42.924320220947266,NISAR_S2_PR_GCOV_028_170_A_013_3700_DHNA_A_20260824T232917_20260824T232954_P00500_M_F_I_001_gcov.tif,Band 2: HVHV,100,0.014874335095588382,0.009192985106374939,0.6180434316759148,2.617953988830321,-18.275624387604854,2.6770057736765374,-26.138628708369353,-23.78814538810536,-18.931895235642454,-14.258020443728554,-13.844155457167348,0
351,ROI 351,point,100,10000.0,684800.0374096354,2408829.7411114583,88.78730062142158,21.773530694891132,power,water,gamma0,42.96919250488281,NISAR_S2_PR_GCOV_028_170_A_013_3700_DHNA_A_20260824T232917_20260824T232954_P00500_M_F_I_001_gcov.tif,Band 1: HHHH,100,0.028239256048109382,0.01911279520944717,0.676816527209001,2.1830218849873764,-15.491467487837166,2.941358020966459,-25.649701444502774,-21.123130592347398,-16.168756733444045,-11.844884317419023,-9.738109167494676,0
351,ROI 351,point,100,10000.0,684800.0374096354,2408829.7411114583,88.78730062142158,21.773530694891132,power,water,gamma0,42.96919250488281,NISAR_S2_PR_GCOV_028_170_A_013_3700_DHNA_A_20260824T232917_20260824T232954_P00500_M_F_I_001_gcov.tif,Band 2: HVHV,100,0.018522897814400495,0.012186839671561986,0.6579337527893403,2.3101259913437984,-17.322910691467843,2.537799735728241,-23.528075724517166,-22.358873495694496,-18.14476978311791,-13.574171283299695,-11.954832756554568,0
351,ROI 351,point,100,10000.0,684800.0374096354,2408829.7411114583,88.78730062142158,21.773530694891132,power,water,sigma0,42.96919250488281,NISAR_S2_PR_GCOV_028_170_A_013_3700_DHNA_A_20260824T232917_20260824T232954_P00500_M_F_I_001_gcov.tif,Band 1: HHHH,100,0.020427870693487962,0.013826125796703335,0.6768265769917398,2.182957056762465,-16.897768998512728,2.94141745020542,-27.055897096528362,-22.529403262938832,-17.574794557182273,-13.250990596869169,-11.144751421759054,0
351,ROI 351,point,100,10000.0,684800.0374096354,2408829.7411114583,88.78730062142158,21.773530694891132,power,water,sigma0,42.96919250488281,NISAR_S2_PR_GCOV_028_170_A_013_3700_DHNA_A_20260824T232917_20260824T232954_P00500_M_F_I_001_gcov.tif,Band 2: HVHV,100,0.013399166414216021,0.00881563390703467,0.6579240554607642,2.3101940910452745,-18.729222190207853,2.5378836196257604,-24.93550930754013,-23.7650858830203,-19.551228610929318,-14.97949476120311,-13.36168795033046,0
352,ROI 352,point,100,10000.000244140625,685186.0563861477,2409200.607839959,88.79107422359199,21.776839370370666,power,water,gamma0,42.94508361816406,NISAR_S2_PR_GCOV_028_170_A_013_3700_DHNA_A_20260824T232917_20260824T232954_P00500_M_F_I_001_gcov.tif,Band 1: HHHH,100,0.02829509467817843,0.018512153349136695,0.6542530979199559,2.3361914198200884,-15.482888485340373,2.8039052920159877,-23.253557979952227,-20.373156760297412,-16.462344064341575,-11.721077645818433,-10.680606706574094,0
352,ROI 352,point,100,10000.000244140625,685186.0563861477,2409200.607839959,88.79107422359199,21.776839370370666,power,water,gamma0,42.94508361816406,NISAR_S2_PR_GCOV_028_170_A_013_3700_DHNA_A_20260824T232917_20260824T232954_P00500_M_F_I_001_gcov.tif,Band 2: HVHV,100,0.01829480333486572,0.009039065409680663,0.4940783043266864,4.096457300543958,-17.376722547229694,2.2468475222870925,-25.209576939512722,-21.76974140446069,-17.609458738520857,-14.450331689940349,-13.407215520121365,0
352,ROI 352,point,100,10000.000244140625,685186.0563861477,2409200.607839959,88.79107422359199,21.776839370370666,power,water,sigma0,42.94508361816406,NISAR_S2_PR_GCOV_028_170_A_013_3700_DHNA_A_20260824T232917_20260824T232954_P00500_M_F_I_001_gcov.tif,Band 1: HHHH,100,0.020476733684779203,0.013396620762837121,0.6542362160423622,2.3363119873015656,-16.887393179993747,2.8038768614603673,-24.65799701272342,-21.777609435378803,-17.86667996481293,-13.125566381554199,-12.085619871752687,0
352,ROI 352,point,100,10000.000244140625,685186.0563861477,2409200.607839959,88.79107422359199,21.776839370370666,power,water,sigma0,42.94508361816406,NISAR_S2_PR_GCOV_028_170_A_013_3700_DHNA_A_20260824T232917_20260824T232954_P00500_M_F_I_001_gcov.tif,Band 2: HVHV,100,0.013239720675267314,0.006541394584345526,0.4940734585560622,4.096537655355376,-18.781211773185028,2.2468295195693244,-26.61433826406025,-23.17430140047066,-19.014005945176493,-15.85484962390409,-14.81182732120364,0
353,ROI 353,point,100,9999.999755859375,685428.2790241931,2409616.948043122,88.79346283132543,21.780573680968086,power,water,gamma0,42.9275016784668,NISAR_S2_PR_GCOV_028_170_A_013_3700_DHNA_A_20260824T232917_20260824T232954_P00500_M_F_I_001_gcov.tif,Band 1: HHHH,100,0.029310651677660643,0.018475238129467882,0.6303250549543031,2.516928389029984,-15.329745255784285,2.447031832625642,-21.23371485774692,-19.562964557968545,-16.302234809294454,-11.9241301347392,-9.73455974742365,0
353,ROI 353,point,100,9999.999755859375,685428.2790241931,2409616.948043122,88.79346283132543,21.780573680968086,power,water,gamma0,42.9275016784668,NISAR_S2_PR_GCOV_028_170_A_013_3700_DHNA_A_20260824T232917_20260824T232954_P00500_M_F_I_001_gcov.tif,Band 2: HVHV,100,0.020374746765010058,0.009593162423181,0.47083590946295933,4.510875534256878,-16.909077803422047,2.2632839241720766,-23.729591592482677,-21.44524569612575,-17.108920814124943,-14.096305614249271,-13.285984346317377,0
353,ROI 353,point,100,9999.999755859375,685428.2790241931,2409616.948043122,88.79346283132543,21.780573680968086,power,water,sigma0,42.9275016784668,NISAR_S2_PR_GCOV_028_170_A_013_3700_DHNA_A_20260824T232917_20260824T232954_P00500_M_F_I_001_gcov.tif,Band 1: HHHH,100,0.02121942449304207,0.013375699844583769,0.6303516784335839,2.516715783977891,-16.732663990814967,2.4470280365149297,-22.635865984640134,-20.965583011668283,-17.704982729465975,-13.327084424865319,-11.136985087671988,0
353,ROI 353,point,100,9999.999755859375,685428.2790241931,2409616.948043122,88.79346283132543,21.780573680968086,power,water,sigma0,42.9275016784668,NISAR_S2_PR_GCOV_028_170_A_013_3700_DHNA_A_20260824T232917_20260824T232954_P00500_M_F_I_001_gcov.tif,Band 2: HVHV,100,0.01475022907598345,0.006945013459425233,0.47084105769809437,4.510776889839304,-18.31201234895105,2.263269988971952,-25.132447057133945,-22.847764948617062,-18.5114257639528,-15.498604624049946,-14.68834425990309,0
354,ROI 354,point,100,10000.0,685632.6393851562,2409957.538332292,88.79547697112717,21.783627876988795,power,water,gamma0,42.912376403808594,NISAR_S2_PR_GCOV_028_170_A_013_3700_DHNA_A_20260824T232917_20260824T232954_P00500_M_F_I_001_gcov.tif,Band 1: HHHH,100,0.031409990871325136,0.0205228766239258,0.6533869018937404,2.34238971079623,-15.029321898203332,2.6875374733543764,-21.479875429998714,-20.296447762212235,-15.815071655645704,-11.866928683552784,-9.482663353932088,0
354,ROI 354,point,100,10000.0,685632.6393851562,2409957.538332292,88.79547697112717,21.783627876988795,power,water,gamma0,42.912376403808594,NISAR_S2_PR_GCOV_028_170_A_013_3700_DHNA_A_20260824T232917_20260824T232954_P00500_M_F_I_001_gcov.tif,Band 2: HVHV,100,0.01896760518895462,0.009838681463773827,0.5187097351384756,3.7166460380412616,-17.219874987832902,2.357031637640323,-24.101993127470067,-21.714528752586013,-17.62711533833508,-13.790621958877495,-12.949709679574148,0
354,ROI 354,point,100,10000.0,685632.6393851562,2409957.538332292,88.79547697112717,21.783627876988795,power,water,sigma0,42.912376403808594,NISAR_S2_PR_GCOV_028_170_A_013_3700_DHNA_A_20260824T232917_20260824T232954_P00500_M_F_I_001_gcov.tif,Band 1: HHHH,100,0.02274464459728861,0.014862132398096724,0.6534343649347873,2.3420494382081403,-16.431208449691027,2.6876790483301827,-22.88181206046922,-21.6984598544118,-17.217102969177745,-13.269186316528687,-10.884041985838646,0
354,ROI 354,point,100,10000.0,685632.6393851562,2409957.538332292,88.79547697112717,21.783627876988795,power,water,sigma0,42.912376403808594,NISAR_S2_PR_GCOV_028_170_A_013_3700_DHNA_A_20260824T232917_20260824T232954_P00500_M_F_I_001_gcov.tif,Band 2: HVHV,100,0.013734271453295062,0.007123496087028083,0.5186657414812524,3.7172765627635163,-18.621943731713827,2.356884787958427,-25.504314071544776,-23.116235459065418,-19.030360433117824,-15.19333989333842,-14.351646310044654,0
355,ROI 355,point,100,10000.0,685746.1760192708,2410214.8880385417,88.79660367477453,21.785939901648366,power,water,gamma0,42.903316497802734,NISAR_S2_PR_GCOV_028_170_A_013_3700_DHNA_A_20260824T232917_20260824T232954_P00500_M_F_I_001_gcov.tif,Band 1: HHHH,100,0.027710423544049262,0.013560784430813273,0.48937485236400924,4.175578985459414,-15.573568361290755,2.3725042622626704,-22.435704119798064,-20.00754486344038,-15.65460950508314,-12.710155105246061,-12.065237930140789,0
355,ROI 355,point,100,10000.0,685746.1760192708,2410214.8880385417,88.79660367477453,21.785939901648366,power,water,gamma0,42.903316497802734,NISAR_S2_PR_GCOV_028_170_A_013_3700_DHNA_A_20260824T232917_20260824T232954_P00500_M_F_I_001_gcov.tif,Band 2: HVHV,100,0.01777749741449952,0.009632590645438059,0.5418417688859632,3.406081529509582,-17.501293758500445,2.4448188846446874,-25.33764810414516,-22.45578046291836,-18.174571314886453,-13.98630646701472,-13.093954949381661,0
355,ROI 355,point,100,10000.0,685746.1760192708,2410214.8880385417,88.79660367477453,21.785939901648366,power,water,sigma0,42.903316497802734,NISAR_S2_PR_GCOV_028_170_A_013_3700_DHNA_A_20260824T232917_20260824T232954_P00500_M_F_I_001_gcov.tif,Band 1: HHHH,100,0.020067362742660622,0.009819926464238184,0.48934813159889157,4.176035011361436,-16.975096988412336,2.372300111980179,-23.834840756453644,-21.405401749857273,-17.056691496563595,-14.111878562138395,-13.46729288982772,0
355,ROI 355,point,100,10000.0,685746.1760192708,2410214.8880385417,88.79660367477453,21.785939901648366,power,water,sigma0,42.903316497802734,NISAR_S2_PR_GCOV_028_170_A_013_3700_DHNA_A_20260824T232917_20260824T232954_P00500_M_F_I_001_gcov.tif,Band 2: HVHV,100,0.012874448861952577,0.006976157576431892,0.5418606770071761,3.4058438245736244,-18.902713534584954,2.4448480629587923,-26.73942136694754,-23.857366304821568,-19.576314554411518,-15.387853178733977,-14.495478704061211,0
356,ROI 356,point,100,10000.0,685625.0702760416,2410646.3272427083,88.79548127121485,21.78984867283615,power,water,gamma0,42.90331268310547,NISAR_S2_PR_GCOV_028_170_A_013_3700_DHNA_A_20260824T232917_20260824T232954_P00500_M_F_I_001_gcov.tif,Band 1: HHHH,100,0.026147363604977727,0.012851388194198213,0.4914984312893277,4.13957473753863,-15.825720937768658,2.3195208490631813,-23.016409392762824,-20.18008970998156,-16.043083284261183,-13.20545228126382,-11.96854334845948,0
356,ROI 356,point,100,10000.0,685625.0702760416,2410646.3272427083,88.79548127121485,21.78984867283615,power,water,gamma0,42.90331268310547,NISAR_S2_PR_GCOV_028_170_A_013_3700_DHNA_A_20260824T232917_20260824T232954_P00500_M_F_I_001_gcov.tif,Band 2: HVHV,100,0.01644675846444443,0.010884586348688483,0.6618073933668706,2.283162227434326,-17.8391968553937,2.761491028786831,-24.768388250935377,-23.401538295346818,-18.522394833367507,-13.63353558420895,-12.515722627516979,0
356,ROI 356,point,100,10000.0,685625.0702760416,2410646.3272427083,88.79548127121485,21.78984867283615,power,water,sigma0,42.90331268310547,NISAR_S2_PR_GCOV_028_170_A_013_3700_DHNA_A_20260824T232917_20260824T232954_P00500_M_F_I_001_gcov.tif,Band 1: HHHH,100,0.01893574884529603,0.009306561343643547,0.4914810298593213,4.139867875181412,-17.22717515314789,2.3194720916709928,-24.417412014822986,-21.580479288813173,-17.444872039274394,-14.60684704142016,-13.370057809417101,0
356,ROI 356,point,100,10000.0,685625.0702760416,2410646.3272427083,88.79548127121485,21.78984867283615,power,water,sigma0,42.90331268310547,NISAR_S2_PR_GCOV_028_170_A_013_3700_DHNA_A_20260824T232917_20260824T232954_P00500_M_F_I_001_gcov.tif,Band 2: HVHV,100,0.011910839452809116,0.007883056831441457,0.6618388957952308,2.2829448831736516,-19.240576292077822,2.7615556561544263,-26.169253272966024,-24.803217344991243,-19.924024681600862,-15.03497482294222,-13.917391867282255,0
357,ROI 357,point,100,10000.0,685806.7288903646,2410956.6607104167,88.79727268113113,21.792631988503928,power,water,gamma0,42.89007568359375,NISAR_S2_PR_GCOV_028_170_A_013_3700_DHNA_A_20260824T232917_20260824T232954_P00500_M_F_I_001_gcov.tif,Band 1: HHHH,100,0.026141902660019697,0.013597193931472882,0.5201302333769242,3.696373115781932,-15.826628067831585,2.4041722098756577,-22.724784623948217,-21.10008558369284,-16.50658536261903,-13.063499781356075,-11.724449193915571,0
357,ROI 357,point,100,10000.0,685806.7288903646,2410956.6607104167,88.79727268113113,21.792631988503928,power,water,gamma0,42.89007568359375,NISAR_S2_PR_GCOV_028_170_A_013_3700_DHNA_A_20260824T232917_20260824T232954_P00500_M_F_I_001_gcov.tif,Band 2: HVHV,100,0.01745640460867435,0.008894981337432214,0.5095540311326288,3.8514078976491923,-17.58045200458864,2.247241309673814,-23.222252663442916,-21.87457735398791,-18.003380211123837,-14.537902840909066,-13.399254874921017,0
357,ROI 357,point,100,10000.0,685806.7288903646,2410956.6607104167,88.79727268113113,21.792631988503928,power,water,sigma0,42.89007568359375,NISAR_S2_PR_GCOV_028_170_A_013_3700_DHNA_A_20260824T232917_20260824T232954_P00500_M_F_I_001_gcov.tif,Band 1: HHHH,100,0.018903825609711065,0.009822969501961654,0.5196286563771254,3.7035124854792567,-17.234502977811847,2.4009036199743052,-24.125302269976,-22.50076748116758,-17.88212730244903,-14.463774043524147,-13.075536406264995,0
357,ROI 357,point,100,10000.0,685806.7288903646,2410956.6607104167,88.79727268113113,21.792631988503928,power,water,sigma0,42.89007568359375,NISAR_S2_PR_GCOV_028_170_A_013_3700_DHNA_A_20260824T232917_20260824T232954_P00500_M_F_I_001_gcov.tif,Band 2: HVHV,100,0.012635995721244554,0.006454497437208789,0.5108024392851779,3.8326051156641454,-18.983905298261,2.2531360480680567,-24.732426204478163,-23.278920857067078,-19.409050665216782,-15.932314729009537,-14.798004641940867,0
358,ROI 358,point,100,9999.999755859375,686003.5313046435,2411200.78409429,88.79920312698923,21.7948157861965,power,water,gamma0,42.87666320800781,NISAR_S2_PR_GCOV_028_170_A_013_3700_DHNA_A_20260824T232917_20260824T232954_P00500_M_F_I_001_gcov.tif,Band 1: HHHH,100,0.02594917306676507,0.01449533760302786,0.5586049916015651,3.2047221027209094,-15.85876477440305,2.5268420420533775,-23.260090659732008,-20.863803484587965,-16.23025018087376,-12.606133980417685,-11.200151797674478,0
358,ROI 358,point,100,9999.999755859375,686003.5313046435,2411200.78409429,88.79920312698923,21.7948157861965,power,water,gamma0,42.87666320800781,NISAR_S2_PR_GCOV_028_170_A_013_3700_DHNA_A_20260824T232917_20260824T232954_P00500_M_F_I_001_gcov.tif,Band 2: HVHV,100,0.017946348399855195,0.010092370396674788,0.5623634497565099,3.1620288436954196,-17.460239053654966,2.6434509532232253,-26.545090789650402,-22.08966518521133,-17.99744160456697,-14.43173860841133,-12.333507869754587,0
358,ROI 358,point,100,9999.999755859375,686003.5313046435,2411200.78409429,88.79920312698923,21.7948157861965,power,water,sigma0,42.87666320800781,NISAR_S2_PR_GCOV_028_170_A_013_3700_DHNA_A_20260824T232917_20260824T232954_P00500_M_F_I_001_gcov.tif,Band 1: HHHH,100,0.018804901947897863,0.0105026924887223,0.5585082292809488,3.205832643957871,-17.257289267243216,2.526863707622606,-24.65970711609598,-22.26334739677085,-17.617439932085123,-14.006082501716735,-12.599998714962366,0
358,ROI 358,point,100,9999.999755859375,686003.5313046435,2411200.78409429,88.79920312698923,21.7948157861965,power,water,sigma0,42.87666320800781,NISAR_S2_PR_GCOV_028_170_A_013_3700_DHNA_A_20260824T232917_20260824T232954_P00500_M_F_I_001_gcov.tif,Band 2: HVHV,100,0.013005811360857869,0.007313298745332228,0.5623100737369022,3.1626291691450596,-18.85862549384911,2.643686478665416,-27.94491448163989,-23.488658793595118,-19.3791839372587,-15.83105718769719,-13.731181080063292,0
359,ROI 359,point,100,10000.0,686236.2758192709,2411495.9597135414,88.80148693797781,21.797456783669137,power,water,gamma0,42.861202239990234,NISAR_S2_PR_GCOV_028_170_A_013_3700_DHNA_A_20260824T232917_20260824T232954_P00500_M_F_I_001_gcov.tif,Band 1: HHHH,100,0.029162859087809922,0.017489685531385177,0.5997246524671467,2.7803290480514464,-15.351699006150191,2.4160580853325433,-22.178882736138647,-19.776132840024125,-15.880140137697097,-12.117912708205079,-10.11150046647461,0
359,ROI 359,point,100,10000.0,686236.2758192709,2411495.9597135414,88.80148693797781,21.797456783669137,power,water,gamma0,42.861202239990234,NISAR_S2_PR_GCOV_028_170_A_013_3700_DHNA_A_20260824T232917_20260824T232954_P00500_M_F_I_001_gcov.tif,Band 2: HVHV,100,0.01612764733377844,0.009316546306486857,0.5776754732833151,2.996623233236356,-17.92428981927808,2.2151326362859685,-23.778010114040686,-21.87389308538432,-18.41540369583754,-15.24399403718869,-11.881235339612804,0
359,ROI 359,point,100,10000.0,686236.2758192709,2411495.9597135414,88.80148693797781,21.797456783669137,power,water,sigma0,42.861202239990234,NISAR_S2_PR_GCOV_028_170_A_013_3700_DHNA_A_20260824T232917_20260824T232954_P00500_M_F_I_001_gcov.tif,Band 1: HHHH,100,0.021136558394877776,0.012681352037950431,0.5999724175068929,2.7780331888445233,-16.749657261957303,2.415736226736557,-23.57696845631898,-21.17443432072216,-17.27804600009158,-13.511322356307709,-11.50935724776648,0
359,ROI 359,point,100,10000.0,686236.2758192709,2411495.9597135414,88.80148693797781,21.797456783669137,power,water,sigma0,42.861202239990234,NISAR_S2_PR_GCOV_028_170_A_013_3700_DHNA_A_20260824T232917_20260824T232954_P00500_M_F_I_001_gcov.tif,Band 2: HVHV,100,0.011691368911951496,0.006754208414834885,0.5777089462920291,2.996275988865884,-19.321346354506048,2.217177914724314,-25.175643682607173,-23.273444313255748,-19.818814702267836,-16.64279811426482,-13.28016405894877,0
360,ROI 360,point,100,10000.0,686474.7027484375,2411779.8013,88.80382449923061,21.799994793286817,power,water,gamma0,42.84537887573242,NISAR_S2_PR_GCOV_028_170_A_013_3700_DHNA_A_20260824T232917_20260824T232954_P00500_M_F_I_001_gcov.tif,Band 1: HHHH,100,0.025518315243534744,0.014214516734284468,0.5570319434738475,3.222847814419136,-15.931480017607884,2.3328857005885237,-21.989784502865426,-20.510783307014226,-16.49951406056359,-12.870204960400597,-11.238204197286619,0
360,ROI 360,point,100,10000.0,686474.7027484375,2411779.8013,88.80382449923061,21.799994793286817,power,water,gamma0,42.84537887573242,NISAR_S2_PR_GCOV_028_170_A_013_3700_DHNA_A_20260824T232917_20260824T232954_P00500_M_F_I_001_gcov.tif,Band 2: HVHV,100,0.019328358229249717,0.010148795350792219,0.5250728091035682,3.627111799276192,-17.13805033827553,2.1756395156061497,-22.105964190547567,-21.344782622082178,-17.593462473144527,-14.284265076039247,-11.94586997900502,0
360,ROI 360,point,100,10000.0,686474.7027484375,2411779.8013,88.80382449923061,21.799994793286817,power,water,sigma0,42.84537887573242,NISAR_S2_PR_GCOV_028_170_A_013_3700_DHNA_A_20260824T232917_20260824T232954_P00500_M_F_I_001_gcov.tif,Band 1: HHHH,100,0.018490550163696558,0.010315453741282206,0.5578770588197567,3.213090771775993,-17.330501667476447,2.33352435317263,-23.389657861413454,-21.908079970306076,-17.894701568856874,-14.271243761884529,-12.5982053761465,0
360,ROI 360,point,100,10000.0,686474.7027484375,2411779.8013,88.80382449923061,21.799994793286817,power,water,sigma0,42.84537887573242,NISAR_S2_PR_GCOV_028_170_A_013_3700_DHNA_A_20260824T232917_20260824T232954_P00500_M_F_I_001_gcov.tif,Band 2: HVHV,100,0.014003772670094504,0.007360771675403878,0.5256277610906265,3.6194569131962644,-18.537549479587668,2.1750915332368237,-23.50246758598663,-22.74152800085995,-18.99074704031151,-15.683706966927309,-13.338785907986466,0
361,ROI 361,point,100,10000.0,686769.8979947916,2412103.380701042,88.80671558375441,21.802885601719108,power,water,gamma0,42.82637023925781,NISAR_S2_PR_GCOV_028_170_A_013_3700_DHNA_A_20260824T232917_20260824T232954_P00500_M_F_I_001_gcov.tif,Band 1: HHHH,100,0.0240977850346826,0.013367340791253627,0.5547124257277072,3.249856698919727,-16.180228740816723,2.6352696333303847,-24.53329059801498,-21.17726547035162,-16.60126633143308,-13.248191125143459,-11.783861099793786,0
361,ROI 361,point,100,10000.0,686769.8979947916,2412103.380701042,88.80671558375441,21.802885601719108,power,water,gamma0,42.82637023925781,NISAR_S2_PR_GCOV_028_170_A_013_3700_DHNA_A_20260824T232917_20260824T232954_P00500_M_F_I_001_gcov.tif,Band 2: HVHV,100,0.014561283623334021,0.007423575073191359,0.5098159794989023,3.847451133390588,-18.368003388994453,2.289161333680549,-26.879884387606584,-22.670586658302557,-18.71959517430342,-15.338603219049876,-14.255342638572625,0
361,ROI 361,point,100,10000.0,686769.8979947916,2412103.380701042,88.80671558375441,21.802885601719108,power,water,sigma0,42.82637023925781,NISAR_S2_PR_GCOV_028_170_A_013_3700_DHNA_A_20260824T232917_20260824T232954_P00500_M_F_I_001_gcov.tif,Band 1: HHHH,100,0.017491395453250524,0.009690489475342146,0.5540146583068253,3.2580480783829664,-17.57175541380606,2.6326656069857886,-25.914513961117365,-22.57500889346764,-18.009761437782032,-14.64308412310425,-13.179675466056688,0
361,ROI 361,point,100,10000.0,686769.8979947916,2412103.380701042,88.80671558375441,21.802885601719108,power,water,sigma0,42.82637023925781,NISAR_S2_PR_GCOV_028_170_A_013_3700_DHNA_A_20260824T232917_20260824T232954_P00500_M_F_I_001_gcov.tif,Band 2: HVHV,100,0.010570177894366374,0.005375673861504999,0.508569857123227,3.8663286528038547,-19.75917703525918,2.288203816100007,-28.276206411397883,-24.063051323159815,-20.121175476083906,-16.73388134015739,-15.652074901565472,0
362,ROI 362,point,100,10000.000244140625,687082.1181445447,2412443.970972234,88.80977334646782,21.805928158632447,power,water,gamma0,42.805728912353516,NISAR_S2_PR_GCOV_028_170_A_013_3700_DHNA_A_20260824T232917_20260824T232954_P00500_M_F_I_001_gcov.tif,Band 1: HHHH,100,0.025519246868789196,0.014491017312165058,0.5678465899355363,3.1012584160043,-15.931321467829836,2.3879188971041083,-23.322943481278735,-20.291076026759995,-16.536131479683633,-12.135965455674311,-11.266040461285819,0
362,ROI 362,point,100,10000.000244140625,687082.1181445447,2412443.970972234,88.80977334646782,21.805928158632447,power,water,gamma0,42.805728912353516,NISAR_S2_PR_GCOV_028_170_A_013_3700_DHNA_A_20260824T232917_20260824T232954_P00500_M_F_I_001_gcov.tif,Band 2: HVHV,100,0.015131482020951808,0.007874540009309237,0.5204077167329515,3.692432326529327,-18.201185338406106,2.2000444233557355,-24.53035489239187,-22.225346957992947,-18.73724577725097,-15.10721623120332,-13.469254774797076,0
362,ROI 362,point,100,10000.000244140625,687082.1181445447,2412443.970972234,88.80977334646782,21.805928158632447,power,water,sigma0,42.805728912353516,NISAR_S2_PR_GCOV_028_170_A_013_3700_DHNA_A_20260824T232917_20260824T232954_P00500_M_F_I_001_gcov.tif,Band 1: HHHH,100,0.018521069244093025,0.010495413310569494,0.5666742655215128,3.1141033319951066,-17.323339445760652,2.382984154198417,-24.720679190564624,-21.685605443806647,-17.913369564118867,-13.538491167478881,-12.66032971291983,0
362,ROI 362,point,100,10000.000244140625,687082.1181445447,2412443.970972234,88.80977334646782,21.805928158632447,power,water,sigma0,42.805728912353516,NISAR_S2_PR_GCOV_028_170_A_013_3700_DHNA_A_20260824T232917_20260824T232954_P00500_M_F_I_001_gcov.tif,Band 2: HVHV,100,0.01098874214712826,0.005718912939996273,0.5204338097505385,3.6920620804593747,-19.590520172967636,2.200449803029077,-25.929716962680395,-23.62091277617582,-20.132178175850864,-16.50315420661957,-14.826559638339878,0
363,ROI 363,point,100,10000.0,687331.9043291666,2412812.9846583335,88.8122307212746,21.809233947388073,power,water,gamma0,42.788143157958984,NISAR_S2_PR_GCOV_028_170_A_013_3700_DHNA_A_20260824T232917_20260824T232954_P00500_M_F_I_001_gcov.tif,Band 1: HHHH,100,0.025165499355643987,0.015420488587290644,0.6127630677764484,2.6632677884717415,-15.991944475339174,2.589930226750711,-22.808057179691083,-20.90097298098019,-16.30569649038271,-12.902382723510575,-10.620395760340227,0
363,ROI 363,point,100,10000.0,687331.9043291666,2412812.9846583335,88.8122307212746,21.809233947388073,power,water,gamma0,42.788143157958984,NISAR_S2_PR_GCOV_028_170_A_013_3700_DHNA_A_20260824T232917_20260824T232954_P00500_M_F_I_001_gcov.tif,Band 2: HVHV,100,0.017160253971815108,0.00972966184849832,0.5669882196661438,3.110655588529871,-17.65476288879991,2.5102019668345057,-23.742345314896163,-22.845951806884102,-18.66790555033537,-14.658705939303223,-13.61816845951103,0
363,ROI 363,point,100,10000.0,687331.9043291666,2412812.9846583335,88.8122307212746,21.809233947388073,power,water,sigma0,42.788143157958984,NISAR_S2_PR_GCOV_028_170_A_013_3700_DHNA_A_20260824T232917_20260824T232954_P00500_M_F_I_001_gcov.tif,Band 1: HHHH,100,0.018344502847718536,0.011232712743048948,0.612320368466455,2.6671201934649766,-17.364940535138203,2.598875456689922,-24.201364830646487,-22.289856692605653,-17.657724674919443,-14.273075176540518,-12.013015959070446,0
363,ROI 363,point,100,10000.0,687331.9043291666,2412812.9846583335,88.8122307212746,21.809233947388073,power,water,sigma0,42.788143157958984,NISAR_S2_PR_GCOV_028_170_A_013_3700_DHNA_A_20260824T232917_20260824T232954_P00500_M_F_I_001_gcov.tif,Band 2: HVHV,100,0.012492346746147878,0.0070562577484312656,0.5648464529378456,3.1342900808897936,-19.033559696989087,2.50801137979062,-25.144766007316278,-24.273328829867445,-20.071345984972734,-16.05262421787256,-15.01648384502345,0
364,ROI 364,point,100,10000.0,687570.3312606771,2413267.13119375,88.81458805488516,21.813309666394346,power,water,gamma0,42.76992416381836,NISAR_S2_PR_GCOV_028_170_A_013_3700_DHNA_A_20260824T232917_20260824T232954_P00500_M_F_I_001_gcov.tif,Band 1: HHHH,100,0.029844191265292464,0.018606678601067458,0.6234606404867215,2.5726571753777114,-15.251401853693805,2.530662895883692,-22.605424994740545,-19.98069510553053,-16.02245367947608,-11.976476880339721,-9.614792507880159,0
364,ROI 364,point,100,10000.0,687570.3312606771,2413267.13119375,88.81458805488516,21.813309666394346,power,water,gamma0,42.76992416381836,NISAR_S2_PR_GCOV_028_170_A_013_3700_DHNA_A_20260824T232917_20260824T232954_P00500_M_F_I_001_gcov.tif,Band 2: HVHV,100,0.017107532357331364,0.01030388412026929,0.6023010160114415,2.7565940121683763,-17.66812629902619,2.9607007270388785,-26.565520565964565,-23.967987472583037,-18.35824180323265,-14.397657768806189,-13.595302410162573,0
364,ROI 364,point,100,10000.0,687570.3312606771,2413267.13119375,88.81458805488516,21.813309666394346,power,water,sigma0,42.76992416381836,NISAR_S2_PR_GCOV_028_170_A_013_3700_DHNA_A_20260824T232917_20260824T232954_P00500_M_F_I_001_gcov.tif,Band 1: HHHH,100,0.021708513665575337,0.013617793070948661,0.62730195538644,2.5412460547474347,-16.63369910720458,2.543913124798981,-24.027791622381663,-21.428090339030742,-17.4367665202578,-13.368433842916161,-11.00889262980549,0
364,ROI 364,point,100,10000.0,687570.3312606771,2413267.13119375,88.81458805488516,21.813309666394346,power,water,sigma0,42.76992416381836,NISAR_S2_PR_GCOV_028_170_A_013_3700_DHNA_A_20260824T232917_20260824T232954_P00500_M_F_I_001_gcov.tif,Band 2: HVHV,100,0.012413094124550028,0.007466936647333703,0.6015371004531377,2.763599871572403,-19.06119951480357,2.955886421305062,-27.959218190190683,-25.361066674654907,-19.787859737937588,-15.800603104207397,-14.976263923931048,0
365,ROI 365,point,100,10000.0,687831.4655169271,2413863.19851875,88.81718130869692,21.818664496243446,power,water,gamma0,42.74861526489258,NISAR_S2_PR_GCOV_028_170_A_013_3700_DHNA_A_20260824T232917_20260824T232954_P00500_M_F_I_001_gcov.tif,Band 1: HHHH,100,0.030372630143538117,0.016191800222796433,0.5331049746523613,3.5186375227603426,-15.175175983561358,2.276193232511315,-21.051013522676417,-19.85304454857661,-15.615723330132035,-11.756990954900042,-10.98141147333298,0
365,ROI 365,point,100,10000.0,687831.4655169271,2413863.19851875,88.81718130869692,21.818664496243446,power,water,gamma0,42.74861526489258,NISAR_S2_PR_GCOV_028_170_A_013_3700_DHNA_A_20260824T232917_20260824T232954_P00500_M_F_I_001_gcov.tif,Band 2: HVHV,100,0.014974348784890026,0.009459352080382852,0.6317037365877225,2.5059540791128643,-18.24652055434706,2.613872352869903,-26.53081111404004,-23.230465941767452,-18.824657219799736,-14.585803443229963,-12.094484703757253,0
365,ROI 365,point,100,10000.0,687831.4655169271,2413863.19851875,88.81718130869692,21.818664496243446,power,water,sigma0,42.74861526489258,NISAR_S2_PR_GCOV_028_170_A_013_3700_DHNA_A_20260824T232917_20260824T232954_P00500_M_F_I_001_gcov.tif,Band 1: HHHH,100,0.022066271647681792,0.011768998825511332,0.5333478629022381,3.51543345589357,-16.562710397256232,2.27608158988708,-22.442888955666092,-21.23806913509032,-17.011417701565755,-13.14579270391861,-12.36082249374832,0
365,ROI 365,point,100,10000.0,687831.4655169271,2413863.19851875,88.81718130869692,21.818664496243446,power,water,sigma0,42.74861526489258,NISAR_S2_PR_GCOV_028_170_A_013_3700_DHNA_A_20260824T232917_20260824T232954_P00500_M_F_I_001_gcov.tif,Band 2: HVHV,100,0.01088646778526985,0.0069188956219376815,0.6355500937870252,2.475713732823383,-19.631130082334785,2.6151690669839684,-27.921121813681392,-24.588430946538363,-20.213784729269193,-15.983716171458227,-13.404170226808228,0
366,ROI 366,point,100,9999.999755859375,688177.7578480898,2414334.395190586,88.82058407605427,21.822882579504185,power,water,gamma0,42.72511672973633,NISAR_S2_PR_GCOV_028_170_A_013_3700_DHNA_A_20260824T232917_20260824T232954_P00500_M_F_I_001_gcov.tif,Band 1: HHHH,100,0.02386949523817748,0.014829516620994613,0.6212748310352163,2.5907915992594295,-16.22156764805228,2.619498488088444,-23.388130581731886,-21.07275319808515,-16.83690244054527,-12.679774346908406,-10.509554026666077,0
366,ROI 366,point,100,9999.999755859375,688177.7578480898,2414334.395190586,88.82058407605427,21.822882579504185,power,water,gamma0,42.72511672973633,NISAR_S2_PR_GCOV_028_170_A_013_3700_DHNA_A_20260824T232917_20260824T232954_P00500_M_F_I_001_gcov.tif,Band 2: HVHV,100,0.013664260120131076,0.008503311104046509,0.6223030760018157,2.5822370294445425,-18.64413879115383,2.5534062363439434,-25.235034536399365,-23.4081721095473,-19.45709223033543,-15.105764241756054,-13.582630821274812,0
366,ROI 366,point,100,9999.999755859375,688177.7578480898,2414334.395190586,88.82058407605427,21.822882579504185,power,water,sigma0,42.72511672973633,NISAR_S2_PR_GCOV_028_170_A_013_3700_DHNA_A_20260824T232917_20260824T232954_P00500_M_F_I_001_gcov.tif,Band 1: HHHH,100,0.017360385846820103,0.010807415202848343,0.6225331221441679,2.580328941701736,-17.604406265510807,2.620654986043375,-24.804281897402852,-22.455229989308705,-18.20245450394559,-14.069454494078036,-11.850588801208676,0
366,ROI 366,point,100,9999.999755859375,688177.7578480898,2414334.395190586,88.82058407605427,21.822882579504185,power,water,sigma0,42.72511672973633,NISAR_S2_PR_GCOV_028_170_A_013_3700_DHNA_A_20260824T232917_20260824T232954_P00500_M_F_I_001_gcov.tif,Band 2: HVHV,100,0.009939325772757098,0.0061975814351394815,0.6235414329739105,2.57199053834221,-20.026430746673046,2.554846644160695,-26.652665923829503,-24.795496740019296,-20.846580779243915,-16.49647767241393,-14.93271346228384,0
367,ROI 367,point,100,10000.0,694354.1450945312,2405887.2500322917,88.87932057980714,21.74593572405767,power,water,gamma0,42.53388595581055,NISAR_S2_PR_GCOV_028_170_A_013_3700_DHNA_A_20260824T232917_20260824T232954_P00500_M_F_I_001_gcov.tif,Band 1: HHHH,100,0.029494047868065535,0.019130806638792342,0.6486327927712521,2.3768523115172915,-15.302656192378253,3.036234685691301,-25.537967473729047,-21.270420887952316,-15.908389933852273,-11.38395640152596,-10.27528825479295,0
367,ROI 367,point,100,10000.0,694354.1450945312,2405887.2500322917,88.87932057980714,21.74593572405767,power,water,gamma0,42.53388595581055,NISAR_S2_PR_GCOV_028_170_A_013_3700_DHNA_A_20260824T232917_20260824T232954_P00500_M_F_I_001_gcov.tif,Band 2: HVHV,100,0.015463876805733889,0.007583249773932859,0.4903847766765089,4.158397879678932,-18.10681618808984,2.2933509919656467,-25.6209005541632,-22.30809799724469,-18.527548896181727,-15.425962103332196,-14.134119660956461,0
367,ROI 367,point,100,10000.0,694354.1450945312,2405887.2500322917,88.87932057980714,21.74593572405767,power,water,sigma0,42.53388595581055,NISAR_S2_PR_GCOV_028_170_A_013_3700_DHNA_A_20260824T232917_20260824T232954_P00500_M_F_I_001_gcov.tif,Band 1: HHHH,100,0.021487113574183467,0.013937333913319123,0.6486368615868758,2.3768224922330017,-16.678219206182753,3.0362462317173042,-26.91346079916244,-22.64593056286442,-17.28403150699047,-12.759455792313862,-11.65100401321785,0
367,ROI 367,point,100,10000.0,694354.1450945312,2405887.2500322917,88.87932057980714,21.74593572405767,power,water,sigma0,42.53388595581055,NISAR_S2_PR_GCOV_028_170_A_013_3700_DHNA_A_20260824T232917_20260824T232954_P00500_M_F_I_001_gcov.tif,Band 2: HVHV,100,0.011265794630952597,0.005524622695244176,0.4903890827252754,4.158324851195735,-19.48238169970629,2.29336424218862,-26.996621287258087,-23.683545236627342,-19.903089695606603,-16.801473188574235,-15.509635371303155,0
368,ROI 368,point,100,10000.0,695146.0631114583,2411056.005263542,88.88758555584535,21.79252193392081,power,water,gamma0,42.4218864440918,NISAR_S2_PR_GCOV_028_170_A_013_3700_DHNA_A_20260824T232917_20260824T232954_P00500_M_F_I_001_gcov.tif,Band 1: HHHH,100,0.025432138021569697,0.013301303271564872,0.5230116028893705,3.6557572724013467,-15.946171281475676,2.388633489138858,-24.113283218671413,-20.598497807430167,-16.20974824202651,-12.87486671975522,-11.494390670577378,0
368,ROI 368,point,100,10000.0,695146.0631114583,2411056.005263542,88.88758555584535,21.79252193392081,power,water,gamma0,42.4218864440918,NISAR_S2_PR_GCOV_028_170_A_013_3700_DHNA_A_20260824T232917_20260824T232954_P00500_M_F_I_001_gcov.tif,Band 2: HVHV,100,0.01212569530121982,0.007583809664231498,0.62543297318947,2.556456765957652,-19.162933490700006,2.497629970242018,-26.749347129700066,-23.935034036523746,-19.886985119075703,-15.559548390014646,-13.616490964224425,0
368,ROI 368,point,100,10000.0,695146.0631114583,2411056.005263542,88.88758555584535,21.79252193392081,power,water,sigma0,42.4218864440918,NISAR_S2_PR_GCOV_028_170_A_013_3700_DHNA_A_20260824T232917_20260824T232954_P00500_M_F_I_001_gcov.tif,Band 1: HHHH,100,0.018562168546431942,0.009707885173649174,0.5229930516666516,3.6560166256373385,-17.31371288206904,2.3886138881140364,-25.48097479445362,-21.966111492914862,-17.577253172252885,-14.242518863722557,-12.86228973762225,0
368,ROI 368,point,100,10000.0,695146.0631114583,2411056.005263542,88.88758555584535,21.79252193392081,power,water,sigma0,42.4218864440918,NISAR_S2_PR_GCOV_028_170_A_013_3700_DHNA_A_20260824T232917_20260824T232954_P00500_M_F_I_001_gcov.tif,Band 2: HVHV,100,0.008850238046991268,0.00553525088251993,0.6254352541852473,2.5564381189229177,-20.53045047821454,2.497639714620383,-28.117062823615594,-25.30256290665221,-21.254665677879295,-16.92715229376173,-14.983690630247995,0
369,ROI 369,point,100,10000.0,695986.234196875,2410272.6024916666,88.89561582723577,21.785354917652576,power,water,gamma0,42.390594482421875,NISAR_S2_PR_GCOV_028_170_A_013_3700_DHNA_A_20260824T232917_20260824T232954_P00500_M_F_I_001_gcov.tif,Band 1: HHHH,100,0.028816375026945024,0.01840488433455964,0.6386953361534884,2.451390564929323,-15.40360652419012,2.9082996289379026,-25.089954489725773,-21.098577163294504,-15.995273556190366,-11.851084927386973,-9.813603092010725,0
369,ROI 369,point,100,10000.0,695986.234196875,2410272.6024916666,88.89561582723577,21.785354917652576,power,water,gamma0,42.390594482421875,NISAR_S2_PR_GCOV_028_170_A_013_3700_DHNA_A_20260824T232917_20260824T232954_P00500_M_F_I_001_gcov.tif,Band 2: HVHV,100,0.01482497868128121,0.008866943095684584,0.5981083201745476,2.79537651585905,-18.290059224904173,2.6362883739560945,-25.830396250552585,-23.06259395211344,-19.08983348276027,-15.25226410072432,-13.16432365091715,0
369,ROI 369,point,100,10000.0,695986.234196875,2410272.6024916666,88.89561582723577,21.785354917652576,power,water,sigma0,42.390594482421875,NISAR_S2_PR_GCOV_028_170_A_013_3700_DHNA_A_20260824T232917_20260824T232954_P00500_M_F_I_001_gcov.tif,Band 1: HHHH,100,0.021042719029541784,0.01343973932572553,0.6386883418847886,2.451444255523172,-16.76898143642319,2.908198035254256,-26.454890741296705,-22.464035546584,-17.36075720027686,-13.216611024680718,-11.178910116720509,0
369,ROI 369,point,100,10000.0,695986.234196875,2410272.6024916666,88.89561582723577,21.785354917652576,power,water,sigma0,42.390594482421875,NISAR_S2_PR_GCOV_028_170_A_013_3700_DHNA_A_20260824T232917_20260824T232954_P00500_M_F_I_001_gcov.tif,Band 2: HVHV,100,0.010825793297563679,0.006474876115031688,0.5980971497478014,2.7954809331437844,-19.655402693735827,2.636272339040103,-27.195815293259002,-24.427663577166044,-20.455458852515036,-16.617690861694264,-14.529731704388487,0
370,ROI 370,point,100,10000.0,696315.4904333333,2409455.13873125,88.89870190285876,21.777936815133447,power,water,gamma0,42.385498046875,NISAR_S2_PR_GCOV_028_170_A_013_3700_DHNA_A_20260824T232917_20260824T232954_P00500_M_F_I_001_gcov.tif,Band 1: HHHH,100,0.03193805648945272,0.022661840682384502,0.7095560335635447,1.986216591305975,-14.956915152979473,2.6490953951641125,-22.92444044160135,-19.472861949091293,-15.884883076907283,-11.395576913045344,-7.935672984791084,0
370,ROI 370,point,100,10000.0,696315.4904333333,2409455.13873125,88.89870190285876,21.777936815133447,power,water,gamma0,42.385498046875,NISAR_S2_PR_GCOV_028_170_A_013_3700_DHNA_A_20260824T232917_20260824T232954_P00500_M_F_I_001_gcov.tif,Band 2: HVHV,100,0.012998583007138222,0.008112651772557676,0.6241181648878638,2.5672393109417615,-18.861039881333102,2.5984763909446484,-26.317344925143857,-23.71503285588598,-19.85048781612798,-15.866829212996088,-13.438610908097857,0
370,ROI 370,point,100,10000.0,696315.4904333333,2409455.13873125,88.89870190285876,21.777936815133447,power,water,sigma0,42.385498046875,NISAR_S2_PR_GCOV_028_170_A_013_3700_DHNA_A_20260824T232917_20260824T232954_P00500_M_F_I_001_gcov.tif,Band 1: HHHH,100,0.023326050314950438,0.016551710083634808,0.7095804844863199,1.98607971045082,-16.32158791923691,2.6491736665056784,-24.28857676755943,-20.837695061962176,-17.250037647171226,-12.759546684763471,-9.300403304343561,0
370,ROI 370,point,100,10000.0,696315.4904333333,2409455.13873125,88.89870190285876,21.777936815133447,power,water,sigma0,42.385498046875,NISAR_S2_PR_GCOV_028_170_A_013_3700_DHNA_A_20260824T232917_20260824T232954_P00500_M_F_I_001_gcov.tif,Band 2: HVHV,100,0.009493350693010875,0.005924667197744058,0.6240859933791209,2.5675039991149067,-20.22580475596985,2.5984290633629508,-27.68268704378862,-25.080139962113343,-21.21520414075882,-17.2310410389388,-14.803969333111937,0
371,ROI 371,point,100,10000.0,696122.4781572917,2406344.2349822917,88.89646668627807,21.74986724001395,power,water,gamma0,42.43863296508789,NISAR_S2_PR_GCOV_028_170_A_013_3700_DHNA_A_20260824T232917_20260824T232954_P00500_M_F_I_001_gcov.tif,Band 1: HHHH,100,0.027394719291478395,0.014480485908160775,0.5285867598820472,3.5790473057564482,-15.623331453401146,2.404568263356414,-22.539723017684285,-20.78606011411297,-15.919679541865683,-12.591606285332812,-10.86388693194186,0
371,ROI 371,point,100,10000.0,696122.4781572917,2406344.2349822917,88.89646668627807,21.74986724001395,power,water,gamma0,42.43863296508789,NISAR_S2_PR_GCOV_028_170_A_013_3700_DHNA_A_20260824T232917_20260824T232954_P00500_M_F_I_001_gcov.tif,Band 2: HVHV,100,0.012553154246415944,0.0069164526586813,0.5509732871047943,3.294116187228319,-19.01247134765102,2.423083485102165,-26.32696671697164,-23.823620444351285,-19.586660058274653,-15.505373580552263,-14.599898495377007,0
371,ROI 371,point,100,10000.0,696122.4781572917,2406344.2349822917,88.89646668627807,21.74986724001395,power,water,sigma0,42.43863296508789,NISAR_S2_PR_GCOV_028_170_A_013_3700_DHNA_A_20260824T232917_20260824T232954_P00500_M_F_I_001_gcov.tif,Band 1: HHHH,100,0.019989470043842394,0.01056638384685439,0.5285974977665446,3.578901898309774,-16.99198719643054,2.404544733759379,-23.908321243650757,-22.154774952066635,-17.288198485057723,-13.96078471855491,-12.23261322508733,0
371,ROI 371,point,100,10000.0,696122.4781572917,2406344.2349822917,88.89646668627807,21.74986724001395,power,water,sigma0,42.43863296508789,NISAR_S2_PR_GCOV_028_170_A_013_3700_DHNA_A_20260824T232917_20260824T232954_P00500_M_F_I_001_gcov.tif,Band 2: HVHV,100,0.00915984467671009,0.005046813577739889,0.5509715236298675,3.2941372739827144,-20.381118905919358,2.42311124479357,-27.696125131680702,-25.192711872872984,-20.954909660706484,-16.874140635451337,-15.968742216318514,0
372,ROI 372,point,100,10000.000244140625,696871.814264653,2406242.032427815,88.9036974154889,21.748861187605506,power,water,gamma0,42.40232467651367,NISAR_S2_PR_GCOV_028_170_A_013_3700_DHNA_A_20260824T232917_20260824T232954_P00500_M_F_I_001_gcov.tif,Band 1: HHHH,100,0.031318471478298304,0.01649777593709212,0.5267746208024239,3.6037139730705245,-15.041994421677208,2.4097087454604815,-26.404832243193187,-19.008162820540253,-15.68916011962032,-12.006601831610286,-10.292004521562507,0
372,ROI 372,point,100,10000.000244140625,696871.814264653,2406242.032427815,88.9036974154889,21.748861187605506,power,water,gamma0,42.40232467651367,NISAR_S2_PR_GCOV_028_170_A_013_3700_DHNA_A_20260824T232917_20260824T232954_P00500_M_F_I_001_gcov.tif,Band 2: HVHV,100,0.014277605953393504,0.007747780104301699,0.5426526078386555,3.395910306915613,-18.453446082737916,2.755344982739842,-28.182721659327854,-23.62122058175107,-18.70557623702854,-15.604776116925208,-13.42283449576202,0
372,ROI 372,point,100,10000.000244140625,696871.814264653,2406242.032427815,88.9036974154889,21.748861187605506,power,water,sigma0,42.40232467651367,NISAR_S2_PR_GCOV_028_170_A_013_3700_DHNA_A_20260824T232917_20260824T232954_P00500_M_F_I_001_gcov.tif,Band 1: HHHH,100,0.022864513234002532,0.012044450300491958,0.5267748399987925,3.6037109739870763,-16.408380399442187,2.4097008156497335,-27.77134609487863,-20.37446916537572,-17.05566057415837,-13.37311444507457,-11.658345341031502,0
372,ROI 372,point,100,10000.000244140625,696871.814264653,2406242.032427815,88.9036974154889,21.748861187605506,power,water,sigma0,42.40232467651367,NISAR_S2_PR_GCOV_028_170_A_013_3700_DHNA_A_20260824T232917_20260824T232954_P00500_M_F_I_001_gcov.tif,Band 2: HVHV,100,0.010423601897653359,0.005656442088263685,0.5426571490165129,3.3958534704095706,-19.819821837262033,2.7553572230618646,-29.54908552572279,-24.987660364307303,-20.07202903647846,-16.971181880618424,-14.789063273456682,0
373,ROI 373,point,100,9999.999755859375,697666.5820466776,2406423.7302099545,88.91140107372665,21.75041331473651,power,water,gamma0,42.360069274902344,NISAR_S2_PR_GCOV_028_170_A_013_3700_DHNA_A_20260824T232917_20260824T232954_P00500_M_F_I_001_gcov.tif,Band 1: HHHH,100,0.02556667861994356,0.017108118160628023,0.6691568511868669,2.2332849656030227,-15.923256877234461,2.971054293892911,-25.55184818614961,-21.627362394268573,-16.65291216598874,-12.026330395110332,-10.487410251179153,0
373,ROI 373,point,100,9999.999755859375,697666.5820466776,2406423.7302099545,88.91140107372665,21.75041331473651,power,water,gamma0,42.360069274902344,NISAR_S2_PR_GCOV_028_170_A_013_3700_DHNA_A_20260824T232917_20260824T232954_P00500_M_F_I_001_gcov.tif,Band 2: HVHV,100,0.012787138352869078,0.00838057898504353,0.6553912809712552,2.328084187782119,-18.932266358662424,2.664953161172208,-29.10741637329801,-23.613388161840536,-19.92646231507996,-15.187426971032057,-12.948841199023938,0
373,ROI 373,point,100,9999.999755859375,697666.5820466776,2406423.7302099545,88.91140107372665,21.75041331473651,power,water,sigma0,42.360069274902344,NISAR_S2_PR_GCOV_028_170_A_013_3700_DHNA_A_20260824T232917_20260824T232954_P00500_M_F_I_001_gcov.tif,Band 1: HHHH,100,0.01867812281152946,0.012498457666042835,0.6691495602720795,2.233333632687493,-17.28666773371457,2.9710421763713213,-26.91517020662966,-22.99069817208766,-18.016280741063856,-13.38956819242738,-11.851004752883023,0
373,ROI 373,point,100,9999.999755859375,697666.5820466776,2406423.7302099545,88.91140107372665,21.75041331473651,power,water,sigma0,42.360069274902344,NISAR_S2_PR_GCOV_028_170_A_013_3700_DHNA_A_20260824T232917_20260824T232954_P00500_M_F_I_001_gcov.tif,Band 2: HVHV,100,0.009341849770576087,0.0061225619141515464,0.655390748568416,2.3280879701947863,-20.295671210275152,2.6649465814609745,-30.47087941573615,-24.976904231716315,-21.289754008693063,-16.55085629679746,-14.312374399820344,0
374,ROI 374,point,100,10000.0,698268.3205247396,2406594.015576042,88.91723771945081,21.751883652491326,power,water,gamma0,42.327457427978516,NISAR_S2_PR_GCOV_028_170_A_013_3700_DHNA_A_20260824T232917_20260824T232954_P00500_M_F_I_001_gcov.tif,Band 1: HHHH,100,0.026607183208689093,0.014463871291200851,0.5436077610228727,3.3839871330484206,-15.750010999572336,2.2940127864491475,-21.213617316261026,-20.165883342122235,-16.19456829806548,-12.271452838738417,-11.244043304644801,0
374,ROI 374,point,100,10000.0,698268.3205247396,2406594.015576042,88.91723771945081,21.751883652491326,power,water,gamma0,42.327457427978516,NISAR_S2_PR_GCOV_028_170_A_013_3700_DHNA_A_20260824T232917_20260824T232954_P00500_M_F_I_001_gcov.tif,Band 2: HVHV,100,0.015337893969845027,0.008204901741687948,0.534943177845612,3.494497172207154,-18.142342688137717,2.4929337325970975,-25.090699518060422,-23.197589568284265,-18.605530059407,-15.027848663776869,-14.356390245211358,0
374,ROI 374,point,100,10000.0,698268.3205247396,2406594.015576042,88.91723771945081,21.751883652491326,power,water,sigma0,42.327457427978516,NISAR_S2_PR_GCOV_028_170_A_013_3700_DHNA_A_20260824T232917_20260824T232954_P00500_M_F_I_001_gcov.tif,Band 1: HHHH,100,0.019448495471734297,0.010572413402047244,0.5436108627226608,3.383948516887672,-17.111139898959454,2.294028843738314,-22.574826681579054,-21.527189149477685,-17.555734481239185,-13.632561520848013,-12.605237087458752,0
374,ROI 374,point,100,10000.0,698268.3205247396,2406594.015576042,88.91723771945081,21.751883652491326,power,water,sigma0,42.327457427978516,NISAR_S2_PR_GCOV_028_170_A_013_3700_DHNA_A_20260824T232917_20260824T232954_P00500_M_F_I_001_gcov.tif,Band 2: HVHV,100,0.011211199193184912,0.0059973499848430135,0.5349427729808507,3.4945024617422966,-19.50347931104545,2.4929329397977606,-26.451938631950583,-24.558626080740922,-19.966666296640835,-16.38912631235165,-15.717473535509278,0
375,ROI 375,point,100,10000.0,698960.8939875,2408058.63814375,88.92410827395196,21.765031059142583,power,water,gamma0,42.27165985107422,NISAR_S2_PR_GCOV_028_170_A_013_3700_DHNA_A_20260824T232917_20260824T232954_P00500_M_F_I_001_gcov.tif,Band 1: HHHH,100,0.02626920962240547,0.018327449447836524,0.6976779930297073,2.05442339336082,-15.80552993898047,2.5478746488016015,-21.58773299265804,-20.58200717098017,-16.478155950932674,-12.688348161215135,-9.262045110765616,0
375,ROI 375,point,100,10000.0,698960.8939875,2408058.63814375,88.92410827395196,21.765031059142583,power,water,gamma0,42.27165985107422,NISAR_S2_PR_GCOV_028_170_A_013_3700_DHNA_A_20260824T232917_20260824T232954_P00500_M_F_I_001_gcov.tif,Band 2: HVHV,100,0.012334685754030943,0.006060188961589453,0.49131279729676125,4.142703461081844,-19.08871910384117,2.130738647605904,-24.028127516477277,-23.091592934296997,-19.573471694529264,-16.31496000071844,-14.578650779753207,0
375,ROI 375,point,100,10000.0,698960.8939875,2408058.63814375,88.92410827395196,21.765031059142583,power,water,sigma0,42.27165985107422,NISAR_S2_PR_GCOV_028_170_A_013_3700_DHNA_A_20260824T232917_20260824T232954_P00500_M_F_I_001_gcov.tif,Band 1: HHHH,100,0.019218446799485908,0.01340818452422655,0.6976726404646403,2.054454916675431,-17.16281714152887,2.5478546528163983,-22.944885004242984,-21.939380450127533,-17.83551955409214,-14.04558513337542,-10.619304330452078,0
375,ROI 375,point,100,10000.0,698960.8939875,2408058.63814375,88.92410827395196,21.765031059142583,power,water,sigma0,42.27165985107422,NISAR_S2_PR_GCOV_028_170_A_013_3700_DHNA_A_20260824T232917_20260824T232954_P00500_M_F_I_001_gcov.tif,Band 2: HVHV,100,0.009024039857109768,0.0044336495540199675,0.4913153780595095,4.1426599399255055,-20.445989951775978,2.130747483373251,-25.385269267359586,-24.44882326841194,-20.93076025440859,-17.672200416276116,-15.935848787889242,0
376,ROI 376,point,100,9999.999755859375,699585.3511633142,2408024.5967532047,88.93014054789236,21.76465332558058,power,water,gamma0,42.24079513549805,NISAR_S2_PR_GCOV_028_170_A_013_3700_DHNA_A_20260824T232917_20260824T232954_P00500_M_F_I_001_gcov.tif,Band 1: HHHH,100,0.024235571436583996,0.01447107100126426,0.5971004661115578,2.804821188725431,-16.15546735840978,2.469409439180809,-23.786490795967733,-20.725523804059797,-16.845172392545894,-12.89745501365395,-10.847764962278736,0
376,ROI 376,point,100,9999.999755859375,699585.3511633142,2408024.5967532047,88.93014054789236,21.76465332558058,power,water,gamma0,42.24079513549805,NISAR_S2_PR_GCOV_028_170_A_013_3700_DHNA_A_20260824T232917_20260824T232954_P00500_M_F_I_001_gcov.tif,Band 2: HVHV,100,0.014429836701601743,0.00692440955461733,0.47986749246086097,4.342675101795192,-18.407385836670432,2.062595301524277,-23.507601958382928,-22.54209915638795,-18.80335866677418,-15.524693023540465,-14.061805225288424,0
376,ROI 376,point,100,9999.999755859375,699585.3511633142,2408024.5967532047,88.93014054789236,21.76465332558058,power,water,sigma0,42.24079513549805,NISAR_S2_PR_GCOV_028_170_A_013_3700_DHNA_A_20260824T232917_20260824T232954_P00500_M_F_I_001_gcov.tif,Band 1: HHHH,100,0.017739575613194968,0.010592468992172399,0.5971094925345091,2.8047363891658597,-17.51056774078826,2.4694153917991906,-25.141580893435677,-22.08051748566472,-18.200235698830543,-14.252685172207823,-12.202790695958798,0
376,ROI 376,point,100,9999.999755859375,699585.3511633142,2408024.5967532047,88.93014054789236,21.76465332558058,power,water,sigma0,42.24079513549805,NISAR_S2_PR_GCOV_028_170_A_013_3700_DHNA_A_20260824T232917_20260824T232954_P00500_M_F_I_001_gcov.tif,Band 2: HVHV,100,0.010562102745398405,0.005068388601191539,0.4798654892274823,4.34271135949686,-19.762496121228,2.0625942248571385,-24.86284377426804,-23.897149953256395,-20.158540507509738,-16.879718924350755,-15.41694518766539,0
377,ROI 377,point,100,10000.0,700130.3213096354,2407945.1015125,88.93539890384861,21.763873936841353,power,water,gamma0,42.214141845703125,NISAR_S2_PR_GCOV_028_170_A_013_3700_DHNA_A_20260824T232917_20260824T232954_P00500_M_F_I_001_gcov.tif,Band 1: HHHH,100,0.021834594269748778,0.012719738769025763,0.58254981117962,2.9466860584659664,-16.608548737241556,2.5443650570084397,-24.102071657295532,-20.99904737504764,-17.314704592103343,-13.00425338745423,-12.248986720495532,0
377,ROI 377,point,100,10000.0,700130.3213096354,2407945.1015125,88.93539890384861,21.763873936841353,power,water,gamma0,42.214141845703125,NISAR_S2_PR_GCOV_028_170_A_013_3700_DHNA_A_20260824T232917_20260824T232954_P00500_M_F_I_001_gcov.tif,Band 2: HVHV,100,0.014089342270744964,0.008363719355306205,0.5936202836574271,2.8378049098824345,-18.511092804785335,2.6815929783119348,-27.529258124698238,-23.29147612147615,-19.35233178631633,-15.437464202999543,-13.76519767716559,0
377,ROI 377,point,100,10000.0,700130.3213096354,2407945.1015125,88.93539890384861,21.763873936841353,power,water,sigma0,42.214141845703125,NISAR_S2_PR_GCOV_028_170_A_013_3700_DHNA_A_20260824T232917_20260824T232954_P00500_M_F_I_001_gcov.tif,Band 1: HHHH,100,0.015988815510753727,0.009314256546823212,0.5825482532185481,2.9467018196609707,-17.961837086238514,2.544367195849694,-25.45544618479186,-22.352322855695924,-18.668017951927457,-14.357667253123159,-13.602387761332842,0
377,ROI 377,point,100,10000.0,700130.3213096354,2407945.1015125,88.93539890384861,21.763873936841353,power,water,sigma0,42.214141845703125,NISAR_S2_PR_GCOV_028_170_A_013_3700_DHNA_A_20260824T232917_20260824T232954_P00500_M_F_I_001_gcov.tif,Band 2: HVHV,100,0.010317184498786214,0.006124418918246877,0.5936133951047785,2.8378707725537065,-19.864388030448,2.68158742710505,-28.882662700659907,-24.64475898014848,-20.705634213864776,-16.79068404250616,-15.118657401439869,0
378,ROI 378,point,100,10000.0,700834.2484348959,2407865.62586875,88.94219373381311,21.763076522563654,power,water,gamma0,42.179908752441406,NISAR_S2_PR_GCOV_028_170_A_013_3700_DHNA_A_20260824T232917_20260824T232954_P00500_M_F_I_001_gcov.tif,Band 1: HHHH,100,0.023295055602211505,0.013257029910345174,0.5690920054763305,3.0876995216556016,-16.32736248611132,2.659627014475138,-24.39374181210672,-21.648185918795065,-16.96124618606862,-13.342311164823117,-11.816401977533426,0
378,ROI 378,point,100,10000.0,700834.2484348959,2407865.62586875,88.94219373381311,21.763076522563654,power,water,gamma0,42.179908752441406,NISAR_S2_PR_GCOV_028_170_A_013_3700_DHNA_A_20260824T232917_20260824T232954_P00500_M_F_I_001_gcov.tif,Band 2: HVHV,100,0.013844184286426753,0.007024268388329327,0.5073804453192758,3.8844769559706136,-18.58732628242,2.186568990842771,-26.452162612576807,-22.403692721696583,-19.256294818934645,-15.777485405630534,-13.738652540077732,0
378,ROI 378,point,100,10000.0,700834.2484348959,2407865.62586875,88.94219373381311,21.763076522563654,power,water,sigma0,42.179908752441406,NISAR_S2_PR_GCOV_028_170_A_013_3700_DHNA_A_20260824T232917_20260824T232954_P00500_M_F_I_001_gcov.tif,Band 1: HHHH,100,0.01706754718009267,0.009712870057116114,0.569084119389168,3.0877850978839447,-17.67828887947468,2.6596161324814753,-25.744794398842323,-22.999001671366358,-18.312127964858885,-14.69339913919978,-13.167425238709974,0
378,ROI 378,point,100,10000.0,700834.2484348959,2407865.62586875,88.94219373381311,21.763076522563654,power,water,sigma0,42.179908752441406,NISAR_S2_PR_GCOV_028_170_A_013_3700_DHNA_A_20260824T232917_20260824T232954_P00500_M_F_I_001_gcov.tif,Band 2: HVHV,100,0.01014322454871274,0.0051465181141545765,0.5073848152960109,3.884410044229022,-19.938239600822104,2.186569838606196,-27.80304808160897,-23.754515198520632,-20.607210628748703,-17.128291288909534,-15.089475827419939,0
379,ROI 379,point,100,10000.0,701753.8951638021,2407865.625867708,88.95108337860216,21.762971876176213,power,water,gamma0,42.133365631103516,NISAR_S2_PR_GCOV_028_170_A_013_3700_DHNA_A_20260824T232917_20260824T232954_P00500_M_F_I_001_gcov.tif,Band 1: HHHH,100,0.023583474564366044,0.014946898760224928,0.6337869646574159,2.4895072462083188,-16.27392209717348,2.5859759979152983,-22.803863067630896,-20.841819436428754,-17.062194868446284,-12.555999038060143,-10.432921582703274,0
379,ROI 379,point,100,10000.0,701753.8951638021,2407865.625867708,88.95108337860216,21.762971876176213,power,water,gamma0,42.133365631103516,NISAR_S2_PR_GCOV_028_170_A_013_3700_DHNA_A_20260824T232917_20260824T232954_P00500_M_F_I_001_gcov.tif,Band 2: HVHV,100,0.010916316360235214,0.005812282696040291,0.5324399279240981,3.527432955560933,-19.619238867513566,2.366366997778457,-26.544111492973276,-23.76380142328877,-20.250357960086333,-16.320138229385122,-15.34244245745986,0
379,ROI 379,point,100,10000.0,701753.8951638021,2407865.625867708,88.95108337860216,21.762971876176213,power,water,sigma0,42.133365631103516,NISAR_S2_PR_GCOV_028_170_A_013_3700_DHNA_A_20260824T232917_20260824T232954_P00500_M_F_I_001_gcov.tif,Band 1: HHHH,100,0.017291788720147933,0.010959526264551224,0.6337994548696674,2.489409126314777,-17.621600795364,2.586002426932677,-24.15146507757057,-22.18938050151563,-18.409863127022845,-13.903700229704263,-11.78051229535938,0
379,ROI 379,point,100,10000.0,701753.8951638021,2407865.625867708,88.95108337860216,21.762971876176213,power,water,sigma0,42.133365631103516,NISAR_S2_PR_GCOV_028_170_A_013_3700_DHNA_A_20260824T232917_20260824T232954_P00500_M_F_I_001_gcov.tif,Band 2: HVHV,100,0.008003984405230992,0.0042616465137328054,0.5324406318117778,3.527423629018936,-20.96693766203833,2.3663662794267504,-27.89175233754934,-25.11157169171113,-21.598000587042193,-17.667754160057786,-16.690183920663834,0
380,ROI 380,point,100,10000.000244140625,702332.9262782,2408069.972209229,88.95670550145884,21.764750895424548,power,water,gamma0,42.10118865966797,NISAR_S2_PR_GCOV_028_170_A_013_3700_DHNA_A_20260824T232917_20260824T232954_P00500_M_F_I_001_gcov.tif,Band 1: HHHH,100,0.024173572859726846,0.01502170620423519,0.621410260345145,2.589662455095341,-16.16659156022242,2.6788880132195745,-23.608018691702544,-21.446872329910533,-16.6607307728995,-12.527275813730158,-11.042076998007788,0
380,ROI 380,point,100,10000.000244140625,702332.9262782,2408069.972209229,88.95670550145884,21.764750895424548,power,water,gamma0,42.10118865966797,NISAR_S2_PR_GCOV_028_170_A_013_3700_DHNA_A_20260824T232917_20260824T232954_P00500_M_F_I_001_gcov.tif,Band 2: HVHV,100,0.012442383251618594,0.006779326470463921,0.5448575512719412,3.36848060818504,-19.05096425602279,2.3754090265200833,-25.16741596346516,-23.382522807266525,-19.57387152627411,-15.962380080752405,-14.32807376663205,0
380,ROI 380,point,100,10000.000244140625,702332.9262782,2408069.972209229,88.95670550145884,21.764750895424548,power,water,sigma0,42.10118865966797,NISAR_S2_PR_GCOV_028_170_A_013_3700_DHNA_A_20260824T232917_20260824T232954_P00500_M_F_I_001_gcov.tif,Band 1: HHHH,100,0.017733458295318142,0.01101977265463789,0.6214113722841782,2.589653187340296,-17.512065620801085,2.6788870830185743,-24.953660709697157,-22.792232977254653,-18.006168666999653,-13.872696782565754,-12.387629385082803,0
380,ROI 380,point,100,10000.000244140625,702332.9262782,2408069.972209229,88.95670550145884,21.764750895424548,power,water,sigma0,42.10118865966797,NISAR_S2_PR_GCOV_028_170_A_013_3700_DHNA_A_20260824T232917_20260824T232954_P00500_M_F_I_001_gcov.tif,Band 2: HVHV,100,0.009127600133023626,0.004973267275088582,0.5448603359710421,3.3684461766790883,-20.396433939869908,2.3754190197174054,-26.512908362375356,-24.728091526625427,-20.91941822819264,-17.307876841691154,-15.673450778872628,0
381,ROI 381,point,100,9999.999755859375,702855.2062267384,2408467.389626515,88.96180286967012,21.768279557925155,power,water,gamma0,42.069175720214844,NISAR_S2_PR_GCOV_028_170_A_013_3700_DHNA_A_20260824T232917_20260824T232954_P00500_M_F_I_001_gcov.tif,Band 1: HHHH,100,0.021431602318771184,0.01162408301431506,0.5423804922011798,3.3993186599801484,-16.68945358020864,2.38676504414611,-22.262750763121222,-21.398396889153375,-17.172057061035694,-13.566251120786497,-12.279046630519153,0
381,ROI 381,point,100,9999.999755859375,702855.2062267384,2408467.389626515,88.96180286967012,21.768279557925155,power,water,gamma0,42.069175720214844,NISAR_S2_PR_GCOV_028_170_A_013_3700_DHNA_A_20260824T232917_20260824T232954_P00500_M_F_I_001_gcov.tif,Band 2: HVHV,100,0.01281864541117102,0.006023861131687731,0.46992961724630733,4.528291391437985,-18.921578657326368,2.0739854814796947,-26.553762584910746,-22.652644770077135,-19.420108004827433,-16.08152801583634,-14.581333007208999,0
381,ROI 381,point,100,9999.999755859375,702855.2062267384,2408467.389626515,88.96180286967012,21.768279557925155,power,water,sigma0,42.069175720214844,NISAR_S2_PR_GCOV_028_170_A_013_3700_DHNA_A_20260824T232917_20260824T232954_P00500_M_F_I_001_gcov.tif,Band 1: HHHH,100,0.015730119718130934,0.00853179668322996,0.5423859980795948,3.3992496458820494,-18.032679720540308,2.386789641048263,-23.60604075864902,-22.741533495116553,-18.515272782627193,-14.909668876567236,-13.622188146003237,0
381,ROI 381,point,100,9999.999755859375,702855.2062267384,2408467.389626515,88.96180286967012,21.768279557925155,power,water,sigma0,42.069175720214844,NISAR_S2_PR_GCOV_028_170_A_013_3700_DHNA_A_20260824T232917_20260824T232954_P00500_M_F_I_001_gcov.tif,Band 2: HVHV,100,0.009408459957587278,0.004421350133702191,0.46993345920940816,4.528217349222103,-20.26481459108162,2.0739848951759057,-27.89694783270692,-23.995694959481927,-20.763312695179916,-17.424726287650955,-15.924418094553996,0
382,ROI 382,point,100,10000.0,703150.395753125,2408910.1628927086,88.96471081168491,21.772243687686764,power,water,gamma0,42.047603607177734,NISAR_S2_PR_GCOV_028_170_A_013_3700_DHNA_A_20260824T232917_20260824T232954_P00500_M_F_I_001_gcov.tif,Band 1: HHHH,100,0.022677946533076466,0.012629777898930338,0.556918937987151,3.224155855540312,-16.443962729594087,2.3278100445560455,-22.241142740227716,-20.587001683801805,-17.252595757733967,-12.953800349802362,-11.993666091219028,0
382,ROI 382,point,100,10000.0,703150.395753125,2408910.1628927086,88.96471081168491,21.772243687686764,power,water,gamma0,42.047603607177734,NISAR_S2_PR_GCOV_028_170_A_013_3700_DHNA_A_20260824T232917_20260824T232954_P00500_M_F_I_001_gcov.tif,Band 2: HVHV,100,0.01252820108551532,0.007343550165517968,0.5861615818098842,2.9104845550174603,-19.02111284530318,2.232691987289818,-24.301374784688203,-22.858937214270554,-19.887757582005943,-16.4079799645344,-13.238308691906774,0
382,ROI 382,point,100,10000.0,703150.395753125,2408910.1628927086,88.96471081168491,21.772243687686764,power,water,sigma0,42.047603607177734,NISAR_S2_PR_GCOV_028_170_A_013_3700_DHNA_A_20260824T232917_20260824T232954_P00500_M_F_I_001_gcov.tif,Band 1: HHHH,100,0.016650398035542805,0.009272944454725485,0.5569202871265285,3.224140234524322,-17.785753800211076,2.3278148443240623,-23.58304758949185,-21.92870685502175,-18.594437363583996,-14.295598041235746,-13.335472219835577,0
382,ROI 382,point,100,10000.0,703150.395753125,2408910.1628927086,88.96471081168491,21.772243687686764,power,water,sigma0,42.047603607177734,NISAR_S2_PR_GCOV_028_170_A_013_3700_DHNA_A_20260824T232917_20260824T232954_P00500_M_F_I_001_gcov.tif,Band 2: HVHV,100,0.00919832386561438,0.005391644836757622,0.5861551425594971,2.9105485020525674,-20.362913033319927,2.232685036417088,-25.642987356833956,-24.20078501504181,-21.229491210016054,-17.749665577918854,-14.58016382799288,0
383,ROI 383,point,100,10000.0,703581.8349591146,2409114.5288322917,88.96890666975304,21.77403937951369,power,water,gamma0,42.022972106933594,NISAR_S2_PR_GCOV_028_170_A_013_3700_DHNA_A_20260824T232917_20260824T232954_P00500_M_F_I_001_gcov.tif,Band 1: HHHH,100,0.021811906485818326,0.013709133114593965,0.6285160411588677,2.531437837947013,-16.613063729318576,2.537765821428418,-23.440987608908777,-21.251548076765072,-17.45611276541401,-13.596652969552013,-11.043603271456476,0
383,ROI 383,point,100,10000.0,703581.8349591146,2409114.5288322917,88.96890666975304,21.77403937951369,power,water,gamma0,42.022972106933594,NISAR_S2_PR_GCOV_028_170_A_013_3700_DHNA_A_20260824T232917_20260824T232954_P00500_M_F_I_001_gcov.tif,Band 2: HVHV,100,0.01419600507011637,0.008462707317455992,0.5961330159898725,2.813932331322226,-18.478338542157402,2.679914612391797,-26.52498107583552,-23.451332362114744,-19.18618330436734,-15.149187832776391,-14.129030125138415,0
383,ROI 383,point,100,10000.0,703581.8349591146,2409114.5288322917,88.96890666975304,21.77403937951369,power,water,sigma0,42.022972106933594,NISAR_S2_PR_GCOV_028_170_A_013_3700_DHNA_A_20260824T232917_20260824T232954_P00500_M_F_I_001_gcov.tif,Band 1: HHHH,100,0.01602081802136763,0.010069352937990042,0.6285167788910734,2.5314318953144967,-17.95315312652776,2.5377826498588623,-24.781216274485924,-22.591773260776197,-18.7961340618397,-14.93660376413261,-12.383817486948143,0
383,ROI 383,point,100,10000.0,703581.8349591146,2409114.5288322917,88.96890666975304,21.77403937951369,power,water,sigma0,42.022972106933594,NISAR_S2_PR_GCOV_028_170_A_013_3700_DHNA_A_20260824T232917_20260824T232954_P00500_M_F_I_001_gcov.tif,Band 2: HVHV,100,0.010426927204705965,0.0062158138181268655,0.5961309306275289,2.81395201853684,-19.818436584630092,2.67991324562077,-27.864999338817185,-24.79157367000692,-20.52634085167849,-16.48943454945268,-15.468989886026987,0
384,ROI 384,point,100,10000.000244140625,704115.4514049939,2409279.1373453336,88.97408546528987,21.77546417560802,power,water,gamma0,41.99380111694336,NISAR_S2_PR_GCOV_028_170_A_013_3700_DHNA_A_20260824T232917_20260824T232954_P00500_M_F_I_001_gcov.tif,Band 1: HHHH,100,0.02429355730768293,0.015005477588669146,0.6176731303127684,2.621093910174833,-16.145088867601107,2.865163696883198,-24.141151560293643,-21.932883209518728,-16.707295220522084,-12.5776278559834,-11.632045580253266,0
384,ROI 384,point,100,10000.000244140625,704115.4514049939,2409279.1373453336,88.97408546528987,21.77546417560802,power,water,gamma0,41.99380111694336,NISAR_S2_PR_GCOV_028_170_A_013_3700_DHNA_A_20260824T232917_20260824T232954_P00500_M_F_I_001_gcov.tif,Band 2: HVHV,100,0.015384472599253058,0.008859681523340032,0.5758846438304414,3.0152894200096574,-18.129173873697326,2.390873565618576,-26.47331332295693,-22.501602965072337,-18.358735151140905,-14.851060893177198,-12.9398898958864,0
384,ROI 384,point,100,10000.000244140625,704115.4514049939,2409279.1373453336,88.97408546528987,21.77546417560802,power,water,sigma0,41.99380111694336,NISAR_S2_PR_GCOV_028_170_A_013_3700_DHNA_A_20260824T232917_20260824T232954_P00500_M_F_I_001_gcov.tif,Band 1: HHHH,100,0.01785135666296825,0.011028193517895907,0.6177790140047644,2.620195506990565,-17.483287728934272,2.864995482437937,-25.479224170411214,-23.270942881766956,-18.045567947751692,-13.915035356128769,-12.966039096085627,0
384,ROI 384,point,100,10000.000244140625,704115.4514049939,2409279.1373453336,88.97408546528987,21.77546417560802,power,water,sigma0,41.99380111694336,NISAR_S2_PR_GCOV_028_170_A_013_3700_DHNA_A_20260824T232917_20260824T232954_P00500_M_F_I_001_gcov.tif,Band 2: HVHV,100,0.011304836246229622,0.0065093783973323004,0.575804749007603,3.0161262409205247,-19.467357241522297,2.3911805318084327,-27.8113859330745,-23.839841374672304,-19.697152588814888,-16.1889708561235,-14.277900155233391,0
385,ROI 385,point,100,10000.0,704529.8658458333,2409773.04130625,88.97815280465723,21.779875937174392,power,water,gamma0,41.96589279174805,NISAR_S2_PR_GCOV_028_170_A_013_3700_DHNA_A_20260824T232917_20260824T232954_P00500_M_F_I_001_gcov.tif,Band 1: HHHH,100,0.025039376248605548,0.013447049088274363,0.5370361048439948,3.467312869508991,-16.01376493958522,2.348821870381252,-22.188683576258406,-20.56858208661074,-16.712145959981815,-12.637368948288437,-11.735871584652264,0
385,ROI 385,point,100,10000.0,704529.8658458333,2409773.04130625,88.97815280465723,21.779875937174392,power,water,gamma0,41.96589279174805,NISAR_S2_PR_GCOV_028_170_A_013_3700_DHNA_A_20260824T232917_20260824T232954_P00500_M_F_I_001_gcov.tif,Band 2: HVHV,100,0.012748645020183176,0.008046505245690408,0.6311655264501822,2.510229676813854,-18.94535971428336,2.6041772654913533,-25.745436313043637,-23.730818775865473,-19.96892481223345,-15.165989144477338,-14.066690671878339,0
385,ROI 385,point,100,10000.0,704529.8658458333,2409773.04130625,88.97815280465723,21.779875937174392,power,water,sigma0,41.96589279174805,NISAR_S2_PR_GCOV_028_170_A_013_3700_DHNA_A_20260824T232917_20260824T232954_P00500_M_F_I_001_gcov.tif,Band 1: HHHH,100,0.01840810562039734,0.009885315658850865,0.5370088515733696,3.467664811617695,-17.349909024758677,2.3488074776782364,-23.524740631436025,-21.904616567872097,-18.048457582282836,-13.973375093488709,-13.071379041323576,0
385,ROI 385,point,100,10000.0,704529.8658458333,2409773.04130625,88.97815280465723,21.779875937174392,power,water,sigma0,41.96589279174805,NISAR_S2_PR_GCOV_028_170_A_013_3700_DHNA_A_20260824T232917_20260824T232954_P00500_M_F_I_001_gcov.tif,Band 2: HVHV,100,0.009372485677981397,0.005915818484007552,0.6311899198635718,2.510035656329515,-20.281452145477456,2.6042105410483773,-27.08162364840396,-25.067212455526597,-21.3044509048773,-16.501985582398287,-15.40269455977998,0
386,ROI 386,point,100,10000.0,704915.8904002605,2410272.6024927082,88.9819466367922,21.784341951115454,power,water,gamma0,41.938995361328125,NISAR_S2_PR_GCOV_028_170_A_013_3700_DHNA_A_20260824T232917_20260824T232954_P00500_M_F_I_001_gcov.tif,Band 1: HHHH,100,0.026182385294232516,0.018984372568698577,0.725081857720598,1.902067488868874,-15.819907904463118,2.7665826677962624,-24.106398712409792,-21.349910220506032,-16.647593239284088,-12.07672640644715,-8.756448921244925,0
386,ROI 386,point,100,10000.0,704915.8904002605,2410272.6024927082,88.9819466367922,21.784341951115454,power,water,gamma0,41.938995361328125,NISAR_S2_PR_GCOV_028_170_A_013_3700_DHNA_A_20260824T232917_20260824T232954_P00500_M_F_I_001_gcov.tif,Band 2: HVHV,100,0.012405973975546658,0.008304055689250632,0.6693594316430702,2.231933370619109,-19.06369134205095,2.403798566444293,-24.26723866215974,-23.671646945536224,-19.791459862762007,-16.014776951944246,-12.319019277888035,0
386,ROI 386,point,100,10000.0,704915.8904002605,2410272.6024927082,88.9819466367922,21.784341951115454,power,water,sigma0,41.938995361328125,NISAR_S2_PR_GCOV_028_170_A_013_3700_DHNA_A_20260824T232917_20260824T232954_P00500_M_F_I_001_gcov.tif,Band 1: HHHH,100,0.019252587571688927,0.013990143585614241,0.7266630282044192,1.893798949525168,-17.155108925147154,2.7701330468483687,-25.439729231315624,-22.71807652587507,-17.993635263139954,-13.411950386410734,-10.09062087232496,0
386,ROI 386,point,100,10000.0,704915.8904002605,2410272.6024927082,88.9819466367922,21.784341951115454,power,water,sigma0,41.938995361328125,NISAR_S2_PR_GCOV_028_170_A_013_3700_DHNA_A_20260824T232917_20260824T232954_P00500_M_F_I_001_gcov.tif,Band 2: HVHV,100,0.009125109336615637,0.006119514715747583,0.6706237141940062,2.223525870304308,-20.397619231449823,2.411947141903151,-25.601384920927856,-25.006011900226124,-21.129669676815332,-17.3465311430205,-13.655366475893565,0
387,ROI 387,point,100,10000.0,705279.207626302,2410584.8282322916,88.9854978720542,21.78711897932782,power,water,gamma0,41.916297912597656,NISAR_S2_PR_GCOV_028_170_A_013_3700_DHNA_A_20260824T232917_20260824T232954_P00500_M_F_I_001_gcov.tif,Band 1: HHHH,100,0.022257103975862266,0.012213666180571715,0.5487536111534269,3.320819094963377,-16.525313453528238,2.47946118082754,-24.454856180475865,-22.027510387534267,-16.8559863239451,-13.667977532366224,-11.24059444013929,0
387,ROI 387,point,100,10000.0,705279.207626302,2410584.8282322916,88.9854978720542,21.78711897932782,power,water,gamma0,41.916297912597656,NISAR_S2_PR_GCOV_028_170_A_013_3700_DHNA_A_20260824T232917_20260824T232954_P00500_M_F_I_001_gcov.tif,Band 2: HVHV,100,0.014366700851824135,0.010273284650715185,0.7150761164078105,1.9556694624975353,-18.42642951166291,2.989026677181755,-25.62724998994466,-24.65480300542723,-19.57547562308383,-14.25749542071654,-12.67697288753508,0
387,ROI 387,point,100,10000.0,705279.207626302,2410584.8282322916,88.9854978720542,21.78711897932782,power,water,sigma0,41.916297912597656,NISAR_S2_PR_GCOV_028_170_A_013_3700_DHNA_A_20260824T232917_20260824T232954_P00500_M_F_I_001_gcov.tif,Band 1: HHHH,100,0.01637560461274549,0.008986261217782983,0.5487590492255033,3.32075327822965,-17.85802656213641,2.479471159148277,-25.787675796281277,-23.36004280326754,-18.18862155200995,-15.001122184223608,-12.5733007646385,0
387,ROI 387,point,100,10000.0,705279.207626302,2410584.8282322916,88.9854978720542,21.78711897932782,power,water,sigma0,41.916297912597656,NISAR_S2_PR_GCOV_028_170_A_013_3700_DHNA_A_20260824T232917_20260824T232954_P00500_M_F_I_001_gcov.tif,Band 2: HVHV,100,0.010570290095744138,0.007558633359861937,0.7150828682464666,1.955632531666372,-19.75913093558036,2.989072455433965,-26.95985674719555,-25.987291796356374,-20.908268722565143,-15.59017018427456,-14.009519131531228,0
388,ROI 388,point,100,10000.0,705597.1101997396,2410959.4991239584,88.98861795822805,21.79046504364728,power,water,gamma0,41.89475631713867,NISAR_S2_PR_GCOV_028_170_A_013_3700_DHNA_A_20260824T232917_20260824T232954_P00500_M_F_I_001_gcov.tif,Band 1: HHHH,100,0.022364702890627086,0.01381955741992422,0.6179182208459346,2.6190150658206073,-16.504368669444098,2.5866636658342017,-24.27067507075516,-21.05215534345163,-17.062447810876428,-13.09871286296746,-10.737978649204178,0
388,ROI 388,point,100,10000.0,705597.1101997396,2410959.4991239584,88.98861795822805,21.79046504364728,power,water,gamma0,41.89475631713867,NISAR_S2_PR_GCOV_028_170_A_013_3700_DHNA_A_20260824T232917_20260824T232954_P00500_M_F_I_001_gcov.tif,Band 2: HVHV,100,0.013198041836731136,0.007997074014454037,0.6059288274263218,2.7236843184490405,-18.794904992931357,2.5981615712494777,-25.536013868356385,-23.94755533048153,-19.60322538182552,-15.306634774505333,-13.684529532947469,0
388,ROI 388,point,100,10000.0,705597.1101997396,2410959.4991239584,88.98861795822805,21.79046504364728,power,water,sigma0,41.89475631713867,NISAR_S2_PR_GCOV_028_170_A_013_3700_DHNA_A_20260824T232917_20260824T232954_P00500_M_F_I_001_gcov.tif,Band 1: HHHH,100,0.016460353582703348,0.010171150248015437,0.6179180900891067,2.6190161742333373,-17.83560840000562,2.5866530201085918,-25.601848734727408,-22.383542845539584,-18.393719723165006,-14.429857789834832,-12.069149499516353,0
388,ROI 388,point,100,10000.0,705597.1101997396,2410959.4991239584,88.98861795822805,21.79046504364728,power,water,sigma0,41.89475631713867,NISAR_S2_PR_GCOV_028_170_A_013_3700_DHNA_A_20260824T232917_20260824T232954_P00500_M_F_I_001_gcov.tif,Band 2: HVHV,100,0.009713690968021622,0.005885741352277086,0.6059222361153445,2.723743576046544,-20.126157173153004,2.598129165622853,-26.86717768452635,-25.278668019424018,-20.934592477023863,-16.638022234539008,-15.0158502131946,0
389,ROI 389,point,100,10000.0,706062.6103950521,2410760.8100135415,88.99309357619616,21.788616782057932,power,water,gamma0,41.87351989746094,NISAR_S2_PR_GCOV_028_170_A_013_3700_DHNA_A_20260824T232917_20260824T232954_P00500_M_F_I_001_gcov.tif,Band 1: HHHH,100,0.022713603740558027,0.011684677148703625,0.514435194087636,3.778667299931514,-16.437139551473354,2.466960727748263,-25.520955153542175,-20.817049724133092,-17.168253339664435,-13.604622680571417,-12.620322081686819,0
389,ROI 389,point,100,10000.0,706062.6103950521,2410760.8100135415,88.99309357619616,21.788616782057932,power,water,gamma0,41.87351989746094,NISAR_S2_PR_GCOV_028_170_A_013_3700_DHNA_A_20260824T232917_20260824T232954_P00500_M_F_I_001_gcov.tif,Band 2: HVHV,100,0.01255889810854569,0.006376700885626322,0.5077436595561916,3.8789214254803945,-19.010484630168907,2.3171465260564075,-26.13047111446733,-24.193647217281953,-19.586722024272948,-15.83255515025832,-15.05244446491973,0
389,ROI 389,point,100,10000.0,706062.6103950521,2410760.8100135415,88.99309357619616,21.788616782057932,power,water,sigma0,41.87351989746094,NISAR_S2_PR_GCOV_028_170_A_013_3700_DHNA_A_20260824T232917_20260824T232954_P00500_M_F_I_001_gcov.tif,Band 1: HHHH,100,0.0167260603033672,0.008595901171585933,0.5139226461987257,3.786208176930625,-17.766063417630903,2.46691404863239,-26.850586501773495,-22.149785516170116,-18.499901252272156,-14.917609231907285,-13.961677297022536,0
389,ROI 389,point,100,10000.0,706062.6103950521,2410760.8100135415,88.99309357619616,21.788616782057932,power,water,sigma0,41.87351989746094,NISAR_S2_PR_GCOV_028_170_A_013_3700_DHNA_A_20260824T232917_20260824T232954_P00500_M_F_I_001_gcov.tif,Band 2: HVHV,100,0.009251206580121431,0.0046983729874534455,0.5078659682672197,3.8770533390887834,-20.338016211079516,2.3199914966066295,-27.457689868996745,-25.522985539600835,-20.90583828628842,-17.20595943559964,-16.352183989848946,0
390,ROI 390,point,100,10000.0,706459.9886106771,2410630.2428875,88.9969190131582,21.78739146165299,power,water,gamma0,41.855506896972656,NISAR_S2_PR_GCOV_028_170_A_013_3700_DHNA_A_20260824T232917_20260824T232954_P00500_M_F_I_001_gcov.tif,Band 1: HHHH,100,0.030326096252538265,0.01837528857938592,0.6059233086371256,2.723733933665456,-15.181834909453835,2.5342590312225624,-23.398032087123724,-20.445754273095254,-15.801938378059933,-11.817529074755926,-9.708469558793889,0
390,ROI 390,point,100,10000.0,706459.9886106771,2410630.2428875,88.9969190131582,21.78739146165299,power,water,gamma0,41.855506896972656,NISAR_S2_PR_GCOV_028_170_A_013_3700_DHNA_A_20260824T232917_20260824T232954_P00500_M_F_I_001_gcov.tif,Band 2: HVHV,100,0.014900733458343893,0.009226257614620089,0.6191814409950206,2.608339623754154,-18.267923537976813,2.856687659003949,-26.83764794095071,-23.804829295357713,-19.438291260285524,-15.079650682223782,-13.934857182252996,0
390,ROI 390,point,100,10000.0,706459.9886106771,2410630.2428875,88.9969190131582,21.78739146165299,power,water,sigma0,41.855506896972656,NISAR_S2_PR_GCOV_028_170_A_013_3700_DHNA_A_20260824T232917_20260824T232954_P00500_M_F_I_001_gcov.tif,Band 1: HHHH,100,0.022331763484055175,0.01353241826661204,0.6059717709384731,2.723298292459845,-16.510769804147326,2.534378104048756,-24.726142754672594,-21.774258798045828,-17.13454314759341,-13.14510065949971,-11.037059995275227,0
390,ROI 390,point,100,10000.0,706459.9886106771,2410630.2428875,88.9969190131582,21.78739146165299,power,water,sigma0,41.855506896972656,NISAR_S2_PR_GCOV_028_170_A_013_3700_DHNA_A_20260824T232917_20260824T232954_P00500_M_F_I_001_gcov.tif,Band 2: HVHV,100,0.010971713321660017,0.006790332139532939,0.6188944188076511,2.6107595032068533,-19.597255485381314,2.856401507782637,-28.16615401861467,-25.1321120741609,-20.76696659813688,-16.41184600097864,-15.263322838564315,0
391,ROI 391,point,100,10000.0,706846.0131643229,2410516.706252083,89.00063675009257,21.786321159374115,power,water,gamma0,41.83734893798828,NISAR_S2_PR_GCOV_028_170_A_013_3700_DHNA_A_20260824T232917_20260824T232954_P00500_M_F_I_001_gcov.tif,Band 1: HHHH,100,0.027991416291333737,0.014565901439160134,0.5203702909334317,3.692963475996911,-15.529751268303775,2.415153473429829,-22.165401514290778,-20.075490917933646,-16.253254412202146,-12.808543679424849,-11.404091460205946,0
391,ROI 391,point,100,10000.0,706846.0131643229,2410516.706252083,89.00063675009257,21.786321159374115,power,water,gamma0,41.83734893798828,NISAR_S2_PR_GCOV_028_170_A_013_3700_DHNA_A_20260824T232917_20260824T232954_P00500_M_F_I_001_gcov.tif,Band 2: HVHV,100,0.014062113002873957,0.008437489432902932,0.6000157608731,2.777631849517509,-18.519494164044048,2.4008066544931985,-25.941660162392303,-23.233957179878818,-19.149054851646923,-15.24269460861593,-12.66882235346582,0
391,ROI 391,point,100,10000.0,706846.0131643229,2410516.706252083,89.00063675009257,21.786321159374115,power,water,sigma0,41.83734893798828,NISAR_S2_PR_GCOV_028_170_A_013_3700_DHNA_A_20260824T232917_20260824T232954_P00500_M_F_I_001_gcov.tif,Band 1: HHHH,100,0.020634881887577925,0.010737733921030845,0.5203680825280079,3.6929948214162387,-16.853980126465096,2.4146523200709673,-23.47729697106385,-21.402866359522136,-17.583114781156574,-14.129588367434131,-12.72889369265048,0
391,ROI 391,point,100,10000.0,706846.0131643229,2410516.706252083,89.00063675009257,21.786321159374115,power,water,sigma0,41.83734893798828,NISAR_S2_PR_GCOV_028_170_A_013_3700_DHNA_A_20260824T232917_20260824T232954_P00500_M_F_I_001_gcov.tif,Band 2: HVHV,100,0.010371322290033735,0.006240479659913178,0.6017053067485842,2.7620549627396196,-19.8416586977723,2.402973864647408,-27.287012474520935,-24.56167255656837,-20.476436181966932,-16.517781874220837,-13.996099438709626,0
392,ROI 392,point,100,9999.999755859375,707152.5678290504,2410408.866071831,89.0035868631454,21.78531153029652,power,water,gamma0,41.82310104370117,NISAR_S2_PR_GCOV_028_170_A_013_3700_DHNA_A_20260824T232917_20260824T232954_P00500_M_F_I_001_gcov.tif,Band 1: HHHH,100,0.026032413174398243,0.013837948236209716,0.531566095832358,3.5390398570565385,-15.844855714317545,2.2696856283143694,-22.052981223673154,-20.351584046209084,-16.1714374960111,-13.577246856434035,-9.786725855060114,0
392,ROI 392,point,100,9999.999755859375,707152.5678290504,2410408.866071831,89.0035868631454,21.78531153029652,power,water,gamma0,41.82310104370117,NISAR_S2_PR_GCOV_028_170_A_013_3700_DHNA_A_20260824T232917_20260824T232954_P00500_M_F_I_001_gcov.tif,Band 2: HVHV,100,0.0141274338029325,0.00801492233997036,0.567330376611403,3.106904647249958,-18.4993671900359,2.3630802156713524,-25.12914939831074,-23.197168921949263,-19.034919490672667,-15.40104774470879,-12.880030966355125,0
392,ROI 392,point,100,9999.999755859375,707152.5678290504,2410408.866071831,89.0035868631454,21.78531153029652,power,water,sigma0,41.82310104370117,NISAR_S2_PR_GCOV_028_170_A_013_3700_DHNA_A_20260824T232917_20260824T232954_P00500_M_F_I_001_gcov.tif,Band 1: HHHH,100,0.01918250815286122,0.010190107453590657,0.5312187213678167,3.543669867187085,-17.17094608545351,2.268615651535747,-23.376939272554157,-21.6782945305963,-17.508486897490517,-14.915571751252784,-11.115378507219155,0
392,ROI 392,point,100,9999.999755859375,707152.5678290504,2410408.866071831,89.0035868631454,21.78531153029652,power,water,sigma0,41.82310104370117,NISAR_S2_PR_GCOV_028_170_A_013_3700_DHNA_A_20260824T232917_20260824T232954_P00500_M_F_I_001_gcov.tif,Band 2: HVHV,100,0.010412109797881581,0.005912578758909476,0.567855974791241,3.1011559089478506,-19.82461260812257,2.3620715131619496,-26.450142517088825,-24.522903376361683,-20.363912845164506,-16.667864746933127,-14.213463532337503,0
393,ROI 393,point,100,10000.0,707601.031775,2410249.8951677084,89.00790239901697,21.78382351488784,power,water,gamma0,41.80242156982422,NISAR_S2_PR_GCOV_028_170_A_013_3700_DHNA_A_20260824T232917_20260824T232954_P00500_M_F_I_001_gcov.tif,Band 1: HHHH,100,0.02524908720050007,0.017581596470674126,0.6963260228403787,2.0624087780104547,-15.97754317781024,2.89087142511717,-23.371471629978764,-22.146969387220295,-17.036100602780863,-12.063732753536582,-10.681715017426454,0
393,ROI 393,point,100,10000.0,707601.031775,2410249.8951677084,89.00790239901697,21.78382351488784,power,water,gamma0,41.80242156982422,NISAR_S2_PR_GCOV_028_170_A_013_3700_DHNA_A_20260824T232917_20260824T232954_P00500_M_F_I_001_gcov.tif,Band 2: HVHV,100,0.01427825199905783,0.007795498630121332,0.545970097084414,3.3547664113577813,-18.453249573799123,2.3279538927343495,-25.463809806983228,-22.719107628170843,-18.970326664289065,-15.931648960146994,-13.525539682578573,0
393,ROI 393,point,100,10000.0,707601.031775,2410249.8951677084,89.00790239901697,21.78382351488784,power,water,sigma0,41.80242156982422,NISAR_S2_PR_GCOV_028_170_A_013_3700_DHNA_A_20260824T232917_20260824T232954_P00500_M_F_I_001_gcov.tif,Band 1: HHHH,100,0.01861938178080306,0.013004667408482178,0.6984478626401142,2.049896880973801,-17.300347429917927,2.89582102793384,-24.74503708795437,-23.4762463059037,-18.438513569266775,-13.396295631441966,-11.96125316337577,0
393,ROI 393,point,100,10000.0,707601.031775,2410249.8951677084,89.00790239901697,21.78382351488784,power,water,sigma0,41.80242156982422,NISAR_S2_PR_GCOV_028_170_A_013_3700_DHNA_A_20260824T232917_20260824T232954_P00500_M_F_I_001_gcov.tif,Band 2: HVHV,100,0.010512398659931229,0.00572966170305708,0.5450384720374144,3.3662447038435794,-19.782981777952013,2.321083665554868,-26.76834330353984,-24.011535761018592,-20.292239914960746,-17.25379961720759,-14.87549817144214,0
394,ROI 394,point,100,9999.999755859375,707910.4248616152,2410076.771414765,89.01087161717473,21.782223970197514,power,water,gamma0,41.78902816772461,NISAR_S2_PR_GCOV_028_170_A_013_3700_DHNA_A_20260824T232917_20260824T232954_P00500_M_F_I_001_gcov.tif,Band 1: HHHH,100,0.03085195421706885,0.018781872795120627,0.6087741691490502,2.6982834320511353,-15.107173217827778,2.7470353092418125,-22.391132166489143,-20.60363816883715,-15.737715904038133,-11.30182852909996,-10.50782896301332,0
394,ROI 394,point,100,9999.999755859375,707910.4248616152,2410076.771414765,89.01087161717473,21.782223970197514,power,water,gamma0,41.78902816772461,NISAR_S2_PR_GCOV_028_170_A_013_3700_DHNA_A_20260824T232917_20260824T232954_P00500_M_F_I_001_gcov.tif,Band 2: HVHV,100,0.01806599039118737,0.010705488660942845,0.5925769044007133,2.847807032687255,-17.431382250930476,2.546735304595601,-26.5390870592545,-21.49224567105838,-18.209633386119272,-14.173444830821282,-11.801271258464144,0
394,ROI 394,point,100,9999.999755859375,707910.4248616152,2410076.771414765,89.01087161717473,21.782223970197514,power,water,sigma0,41.78902816772461,NISAR_S2_PR_GCOV_028_170_A_013_3700_DHNA_A_20260824T232917_20260824T232954_P00500_M_F_I_001_gcov.tif,Band 1: HHHH,100,0.02278135123824854,0.01387768268074933,0.6091685491179084,2.6947907879587225,-16.424205200325485,2.7412054409481303,-23.706352868602693,-21.777183358672016,-17.070592898195336,-12.588890005020314,-11.776642087217883,0
394,ROI 394,point,100,9999.999755859375,707910.4248616152,2410076.771414765,89.01087161717473,21.782223970197514,power,water,sigma0,41.78902816772461,NISAR_S2_PR_GCOV_028_170_A_013_3700_DHNA_A_20260824T232917_20260824T232954_P00500_M_F_I_001_gcov.tif,Band 2: HVHV,100,0.013366762980315122,0.007966467046053471,0.5959907464346811,2.8152759249465387,-18.73973752797583,2.559363149539837,-27.853623799168403,-22.82695888282992,-19.45907942273964,-15.495535662653472,-13.145118187555378,0
395,ROI 395,point,100,10000.000244140625,708067.9454173516,2409795.729022305,89.01235898878552,21.779667842035888,power,water,gamma0,41.78535842895508,NISAR_S2_PR_GCOV_028_170_A_013_3700_DHNA_A_20260824T232917_20260824T232954_P00500_M_F_I_001_gcov.tif,Band 1: HHHH,100,0.029806038392707707,0.0179860086700306,0.6034350634947524,2.7462427044234587,-15.256957434749188,2.5520287863113205,-24.229752048233365,-20.30807741945987,-15.877858671071273,-11.81846334066404,-9.450913592226266,0
395,ROI 395,point,100,10000.000244140625,708067.9454173516,2409795.729022305,89.01235898878552,21.779667842035888,power,water,gamma0,41.78535842895508,NISAR_S2_PR_GCOV_028_170_A_013_3700_DHNA_A_20260824T232917_20260824T232954_P00500_M_F_I_001_gcov.tif,Band 2: HVHV,100,0.015090213599614799,0.00897991077383543,0.5950817537840987,2.823883211613209,-18.21304612810394,2.7195737018407735,-25.62798968123704,-24.242143284087547,-18.573734693803388,-14.714988089588307,-13.194307632022312,0
395,ROI 395,point,100,10000.000244140625,708067.9454173516,2409795.729022305,89.01235898878552,21.779667842035888,power,water,sigma0,41.78535842895508,NISAR_S2_PR_GCOV_028_170_A_013_3700_DHNA_A_20260824T232917_20260824T232954_P00500_M_F_I_001_gcov.tif,Band 1: HHHH,100,0.022133162716384224,0.013355401293338844,0.6034113363948849,2.746458681989949,-16.549565231657315,2.5477580229076047,-25.40064171334526,-21.63267949214373,-17.178963646389434,-13.106947230719578,-10.776418968012191,0
395,ROI 395,point,100,10000.000244140625,708067.9454173516,2409795.729022305,89.01235898878552,21.779667842035888,power,water,sigma0,41.78535842895508,NISAR_S2_PR_GCOV_028_170_A_013_3700_DHNA_A_20260824T232917_20260824T232954_P00500_M_F_I_001_gcov.tif,Band 2: HVHV,100,0.01120783096082398,0.006681773760283552,0.5961701049595701,2.8135822211651003,-19.504784278057027,2.7161856439996876,-26.94476827103085,-25.57045900001007,-19.84730765517653,-16.04076966683445,-14.510176655942647,0
396,ROI 396,point,100,10000.000244140625,707970.020072607,2413461.543036974,89.01187456547184,21.812778717714632,power,water,gamma0,41.73771286010742,NISAR_S2_PR_GCOV_028_170_A_013_3700_DHNA_A_20260824T232917_20260824T232954_P00500_M_F_I_001_gcov.tif,Band 1: HHHH,100,0.02252218498615548,0.014764984511535705,0.6555751371641707,2.326778547435624,-16.473894787674563,2.519520599141668,-24.51925872349883,-21.343810652606333,-17.31918684622387,-13.501466283608785,-9.6217489721078,0
396,ROI 396,point,100,10000.000244140625,707970.020072607,2413461.543036974,89.01187456547184,21.812778717714632,power,water,gamma0,41.73771286010742,NISAR_S2_PR_GCOV_028_170_A_013_3700_DHNA_A_20260824T232917_20260824T232954_P00500_M_F_I_001_gcov.tif,Band 2: HVHV,100,0.01587847516173497,0.008434007233717273,0.5311597711877346,3.5444564914023244,-17.991912059795013,2.3244912052122633,-25.186885400314733,-23.22776678256291,-18.779320500609234,-14.563703065189692,-13.650095612969455,0
396,ROI 396,point,100,10000.000244140625,707970.020072607,2413461.543036974,89.01187456547184,21.812778717714632,power,water,sigma0,41.73771286010742,NISAR_S2_PR_GCOV_028_170_A_013_3700_DHNA_A_20260824T232917_20260824T232954_P00500_M_F_I_001_gcov.tif,Band 1: HHHH,100,0.016616729950560037,0.010893694454415653,0.6555859357904833,2.3267018959892156,-17.79454438082418,2.519485435717671,-25.839902024887405,-22.66440731790135,-18.63971079279647,-14.82208796422978,-10.942283509538965,0
396,ROI 396,point,100,10000.000244140625,707970.020072607,2413461.543036974,89.01187456547184,21.812778717714632,power,water,sigma0,41.73771286010742,NISAR_S2_PR_GCOV_028_170_A_013_3700_DHNA_A_20260824T232917_20260824T232954_P00500_M_F_I_001_gcov.tif,Band 2: HVHV,100,0.01171504389511155,0.006222634576896219,0.5311661341271455,3.54437157248387,-19.312560798054722,2.3244632832603953,-26.507728694153315,-24.54838681050395,-20.099990422002428,-15.884257077716182,-14.970489813835155,0
397,ROI 397,point,100,10000.0,708446.8796932292,2413682.959111458,89.01651347889059,21.814721651128743,power,water,gamma0,41.71056365966797,NISAR_S2_PR_GCOV_028_170_A_013_3700_DHNA_A_20260824T232917_20260824T232954_P00500_M_F_I_001_gcov.tif,Band 1: HHHH,100,0.029684514580294488,0.018754570145830957,0.6317964235224796,2.5052188670850626,-15.274700485342233,2.6903768762814813,-22.385379166016893,-20.22268091610732,-15.79011026633628,-12.065633637798506,-9.58537607170428,0
397,ROI 397,point,100,10000.0,708446.8796932292,2413682.959111458,89.01651347889059,21.814721651128743,power,water,gamma0,41.71056365966797,NISAR_S2_PR_GCOV_028_170_A_013_3700_DHNA_A_20260824T232917_20260824T232954_P00500_M_F_I_001_gcov.tif,Band 2: HVHV,100,0.01567521128570661,0.010429489823264871,0.6653492340977227,2.2589190993259822,-18.047865966153918,2.587471505536893,-24.505260340789956,-23.004029237794438,-18.913576812033416,-14.96601267358785,-12.535931005065304,0
397,ROI 397,point,100,10000.0,708446.8796932292,2413682.959111458,89.01651347889059,21.814721651128743,power,water,sigma0,41.71056365966797,NISAR_S2_PR_GCOV_028_170_A_013_3700_DHNA_A_20260824T232917_20260824T232954_P00500_M_F_I_001_gcov.tif,Band 1: HHHH,100,0.021911042938219837,0.013843138089836246,0.6317881868457026,2.5052841890173223,-16.59336950073529,2.6903610793429915,-23.703898554552833,-21.54116234418643,-17.10871374894483,-13.384297084028177,-10.904070104545596,0
397,ROI 397,point,100,10000.0,708446.8796932292,2413682.959111458,89.01651347889059,21.814721651128743,power,water,sigma0,41.71056365966797,NISAR_S2_PR_GCOV_028_170_A_013_3700_DHNA_A_20260824T232917_20260824T232954_P00500_M_F_I_001_gcov.tif,Band 2: HVHV,100,0.011570400469251362,0.007698350047423778,0.6653486253896175,2.258923232566637,-19.366516091920573,2.587484637242069,-25.823839346070354,-24.32262757097883,-20.232136164009745,-16.28462129937545,-13.854431106006196,0
398,ROI 398,point,100,9999.999755859375,709008.8917972874,2413789.419346031,89.02196130856407,21.815616408614382,power,water,gamma0,41.68048858642578,NISAR_S2_PR_GCOV_028_170_A_013_3700_DHNA_A_20260824T232917_20260824T232954_P00500_M_F_I_001_gcov.tif,Band 1: HHHH,100,0.026703601134940982,0.01581370966467202,0.5921938986715984,2.8514919039060094,-15.734301675652127,2.4426938284280677,-22.632273152869683,-20.375617349162574,-16.3215937821436,-12.553155939496909,-10.272829510211556,0
398,ROI 398,point,100,9999.999755859375,709008.8917972874,2413789.419346031,89.02196130856407,21.815616408614382,power,water,gamma0,41.68048858642578,NISAR_S2_PR_GCOV_028_170_A_013_3700_DHNA_A_20260824T232917_20260824T232954_P00500_M_F_I_001_gcov.tif,Band 2: HVHV,100,0.0161851696530357,0.008739984724006816,0.5399995743861442,3.42936068706954,-17.908827439604448,2.4497285137220897,-25.4904457111982,-22.725670475602332,-18.788816213974865,-14.870844102264387,-13.834808665953773,0
398,ROI 398,point,100,9999.999755859375,709008.8917972874,2413789.419346031,89.02196130856407,21.815616408614382,power,water,sigma0,41.68048858642578,NISAR_S2_PR_GCOV_028_170_A_013_3700_DHNA_A_20260824T232917_20260824T232954_P00500_M_F_I_001_gcov.tif,Band 1: HHHH,100,0.01972022836105174,0.011678435016693512,0.5922058711936065,2.851376608850221,-17.050880602178086,2.442732107658644,-23.948955694727903,-21.692320517626065,-17.638209514933507,-13.869632380877173,-11.589294024129103,0
398,ROI 398,point,100,9999.999755859375,709008.8917972874,2413789.419346031,89.02196130856407,21.815616408614382,power,water,sigma0,41.68048858642578,NISAR_S2_PR_GCOV_028_170_A_013_3700_DHNA_A_20260824T232917_20260824T232954_P00500_M_F_I_001_gcov.tif,Band 2: HVHV,100,0.011952468992797362,0.006454354352243473,0.5400017650021021,3.4293328634678573,-19.225423742813653,2.449737073684635,-26.807246735852335,-24.04237925186927,-20.105395358209464,-16.187560349634712,-15.151520302400332,0
399,ROI 399,point,900,90000.00024414062,715050.453475695,2413925.6414825944,89.08039647663952,21.816120311259798,power,water,gamma0,41.36785888671875,NISAR_S2_PR_GCOV_028_170_A_013_3700_DHNA_A_20260824T232917_20260824T232954_P00500_M_F_I_001_gcov.tif,Band 1: HHHH,900,0.023300236535465552,0.014135468402794773,0.6066663049226568,2.7170663968945865,-16.32639670153121,2.623752270831177,-24.612526807533676,-21.59075164723894,-16.964827940732892,-13.085144349034794,-10.140969014142378,0
399,ROI 399,point,900,90000.00024414062,715050.453475695,2413925.6414825944,89.08039647663952,21.816120311259798,power,water,gamma0,41.36785888671875,NISAR_S2_PR_GCOV_028_170_A_013_3700_DHNA_A_20260824T232917_20260824T232954_P00500_M_F_I_001_gcov.tif,Band 2: HVHV,900,0.013983973537494117,0.00803129221957477,0.5743211826052949,3.031728670492773,-18.54369406543994,2.5501804845392244,-28.177554412030197,-23.68920627962751,-19.176627699796096,-15.29261710618259,-12.200361610970825,0
399,ROI 399,point,900,90000.00024414062,715050.453475695,2413925.6414825944,89.08039647663952,21.816120311259798,power,water,sigma0,41.36785888671875,NISAR_S2_PR_GCOV_028_170_A_013_3700_DHNA_A_20260824T232917_20260824T232954_P00500_M_F_I_001_gcov.tif,Band 1: HHHH,900,0.01729082209488877,0.01048974602318495,0.6066655457802528,2.717073196824536,-17.621843576349203,2.6237564700478324,-25.908278534176468,-22.88596132979144,-18.260462616540735,-14.380424294989655,-11.436669111189739,0
399,ROI 399,point,900,90000.00024414062,715050.453475695,2413925.6414825944,89.08039647663952,21.816120311259798,power,water,sigma0,41.36785888671875,NISAR_S2_PR_GCOV_028_170_A_013_3700_DHNA_A_20260824T232917_20260824T232954_P00500_M_F_I_001_gcov.tif,Band 2: HVHV,900,0.010377317071362198,0.005959872424658742,0.5743172713789315,3.031769964105453,-19.839149135117836,2.5501661341111403,-29.473091600796877,-24.984400611397785,-20.47221275932594,-16.587701663407685,-13.496197411444014,0
400,ROI 400,point,900,90000.00024414062,715901.9782241953,2413312.5436641187,89.08854962593402,21.81048081551544,power,water,gamma0,41.332820892333984,NISAR_S2_PR_GCOV_028_170_A_013_3700_DHNA_A_20260824T232917_20260824T232954_P00500_M_F_I_001_gcov.tif,Band 1: HHHH,900,0.025479913922026753,0.0167438573922562,0.657139480278289,2.3157137805842627,-15.938020434972813,2.7470860956361047,-25.391966887334757,-21.27916573685116,-16.650482595116166,-12.477168282865724,-8.716831409173539,0
400,ROI 400,point,900,90000.00024414062,715901.9782241953,2413312.5436641187,89.08854962593402,21.81048081551544,power,water,gamma0,41.332820892333984,NISAR_S2_PR_GCOV_028_170_A_013_3700_DHNA_A_20260824T232917_20260824T232954_P00500_M_F_I_001_gcov.tif,Band 2: HVHV,900,0.01430864891089085,0.008462649863473667,0.5914359850588287,2.8588048484785253,-18.444013724070018,2.6101983143219463,-28.977961925449527,-23.667114236042583,-19.05463255890688,-15.130659039532103,-12.436809955017418,0
400,ROI 400,point,900,90000.00024414062,715901.9782241953,2413312.5436641187,89.08854962593402,21.81048081551544,power,water,sigma0,41.332820892333984,NISAR_S2_PR_GCOV_028_170_A_013_3700_DHNA_A_20260824T232917_20260824T232954_P00500_M_F_I_001_gcov.tif,Band 1: HHHH,900,0.018918548644431977,0.012432122791920719,0.6571393517324431,2.315714686557753,-17.23112183996145,2.747096923874621,-26.68524736121659,-22.57279534077297,-17.943634791062944,-13.770583076133377,-10.010041107226877,0
400,ROI 400,point,900,90000.00024414062,715901.9782241953,2413312.5436641187,89.08854962593402,21.81048081551544,power,water,sigma0,41.332820892333984,NISAR_S2_PR_GCOV_028_170_A_013_3700_DHNA_A_20260824T232917_20260824T232954_P00500_M_F_I_001_gcov.tif,Band 2: HVHV,900,0.01062399405280424,0.006283395496044621,0.5914343950885493,2.8588202193155654,-19.73712181089294,2.610198662063414,-30.27125006968747,-24.959977461962776,-20.347653561543076,-16.423846308256906,-13.729474404079024,0
401,ROI 401,point,900,89999.99975585938,716855.6872386928,2412597.267239728,89.09767662423764,21.803905874943553,power,water,gamma0,41.294151306152344,NISAR_S2_PR_GCOV_028_170_A_013_3700_DHNA_A_20260824T232917_20260824T232954_P00500_M_F_I_001_gcov.tif,Band 1: HHHH,900,0.024505998683938136,0.015429567552452698,0.6296241076094415,2.522535595910132,-16.1072759414765,2.689164160841028,-25.995089632035256,-21.47772682883328,-16.661419445620027,-12.734869115641548,-9.114363081755268,0
401,ROI 401,point,900,89999.99975585938,716855.6872386928,2412597.267239728,89.09767662423764,21.803905874943553,power,water,gamma0,41.294151306152344,NISAR_S2_PR_GCOV_028_170_A_013_3700_DHNA_A_20260824T232917_20260824T232954_P00500_M_F_I_001_gcov.tif,Band 2: HVHV,900,0.014682681949084831,0.00897409286225575,0.6112025645842655,2.6768846927826058,-18.331946086362795,2.688946983821648,-29.975358843020445,-23.71661403182913,-18.92631632413394,-14.907253970795098,-12.480676612282881,0
401,ROI 401,point,900,89999.99975585938,716855.6872386928,2412597.267239728,89.09767662423764,21.803905874943553,power,water,sigma0,41.294151306152344,NISAR_S2_PR_GCOV_028_170_A_013_3700_DHNA_A_20260824T232917_20260824T232954_P00500_M_F_I_001_gcov.tif,Band 1: HHHH,900,0.018206247398390538,0.011462571859282084,0.6295955233638864,2.5227646522202,-17.397795600874247,2.6890897626083343,-27.28512745631363,-22.767663532237282,-17.951706371668937,-14.025606762089655,-10.404946173772078,0
401,ROI 401,point,900,89999.99975585938,716855.6872386928,2412597.267239728,89.09767662423764,21.803905874943553,power,water,sigma0,41.294151306152344,NISAR_S2_PR_GCOV_028_170_A_013_3700_DHNA_A_20260824T232917_20260824T232954_P00500_M_F_I_001_gcov.tif,Band 2: HVHV,900,0.010908338901740668,0.006667243122377828,0.6112060857692936,2.676853849571551,-19.622413778014103,2.688949717111163,-31.26535416368047,-25.00731151216619,-20.21626052142196,-16.197677240125074,-13.770821742628819,0
402,ROI 402,point,900,89999.99975585938,718320.309808638,2412018.230409453,89.11176015840049,21.798497461211873,power,water,gamma0,41.226558685302734,NISAR_S2_PR_GCOV_028_170_A_013_3700_DHNA_A_20260824T232917_20260824T232954_P00500_M_F_I_001_gcov.tif,Band 1: HHHH,900,0.024570710746985344,0.014028881235000294,0.5709595208482742,3.067533833005311,-16.095822806778642,2.50051439518376,-25.806641987560127,-21.046464293357246,-16.626245353581897,-12.924498909399034,-10.239970658201651,0
402,ROI 402,point,900,89999.99975585938,718320.309808638,2412018.230409453,89.11176015840049,21.798497461211873,power,water,gamma0,41.226558685302734,NISAR_S2_PR_GCOV_028_170_A_013_3700_DHNA_A_20260824T232917_20260824T232954_P00500_M_F_I_001_gcov.tif,Band 2: HVHV,900,0.014685359539515856,0.008774197590093189,0.5974792490768296,2.8012659800091857,-18.331154162425566,2.5639143919262355,-27.60198155324889,-23.554768329769892,-19.094859968414205,-15.010307174285524,-11.959062501455254,0
402,ROI 402,point,900,89999.99975585938,718320.309808638,2412018.230409453,89.11176015840049,21.798497461211873,power,water,sigma0,41.226558685302734,NISAR_S2_PR_GCOV_028_170_A_013_3700_DHNA_A_20260824T232917_20260824T232954_P00500_M_F_I_001_gcov.tif,Band 1: HHHH,900,0.018273373878283775,0.01043328322294922,0.5709554947238407,3.0675770949287853,-17.381812599027914,2.5005017240357335,-27.09299956475632,-22.331966998003164,-17.912160561568697,-14.210857534993904,-11.526393678110733,0
402,ROI 402,point,900,89999.99975585938,718320.309808638,2412018.230409453,89.11176015840049,21.798497461211873,power,water,sigma0,41.226558685302734,NISAR_S2_PR_GCOV_028_170_A_013_3700_DHNA_A_20260824T232917_20260824T232954_P00500_M_F_I_001_gcov.tif,Band 2: HVHV,900,0.010921593091791516,0.006525447379886223,0.5974812763158737,2.801246970790458,-19.617140081045914,2.563906639682738,-28.888173091391153,-24.840930337586737,-20.380461720420904,-16.296065654568814,-13.244668602433336,0
403,ROI 403,point,900,90000.0,719648.6877675926,2411337.0084282407,89.12451181844739,21.792182289959253,power,water,gamma0,41.168067932128906,NISAR_S2_PR_GCOV_028_170_A_013_3700_DHNA_A_20260824T232917_20260824T232954_P00500_M_F_I_001_gcov.tif,Band 1: HHHH,900,0.027038433872318517,0.016991319533308232,0.6284135987145192,2.5322632428006506,-15.680184673275864,2.6646717069700707,-24.934261132832386,-20.84958402619733,-16.36973319808346,-12.053102804619794,-9.325293891604693,0
403,ROI 403,point,900,90000.0,719648.6877675926,2411337.0084282407,89.12451181844739,21.792182289959253,power,water,gamma0,41.168067932128906,NISAR_S2_PR_GCOV_028_170_A_013_3700_DHNA_A_20260824T232917_20260824T232954_P00500_M_F_I_001_gcov.tif,Band 2: HVHV,900,0.016009228910164288,0.009962677714841552,0.6223084054045994,2.5821928014631554,-17.9562958551514,2.7144154755181416,-27.859649696636115,-23.29498533090436,-18.678274509027815,-14.658722729052819,-10.767309458500083,0
403,ROI 403,point,900,90000.0,719648.6877675926,2411337.0084282407,89.12451181844739,21.792182289959253,power,water,sigma0,41.168067932128906,NISAR_S2_PR_GCOV_028_170_A_013_3700_DHNA_A_20260824T232917_20260824T232954_P00500_M_F_I_001_gcov.tif,Band 1: HHHH,900,0.0201280092829086,0.012648639906582592,0.6284098804208619,2.532293209631231,-16.961991759409536,2.664664911477959,-26.215444895768925,-22.131256816613746,-17.651553564735238,-13.334627501118849,-10.606874030642492,0
403,ROI 403,point,900,90000.0,719648.6877675926,2411337.0084282407,89.12451181844739,21.792182289959253,power,water,sigma0,41.168067932128906,NISAR_S2_PR_GCOV_028_170_A_013_3700_DHNA_A_20260824T232917_20260824T232954_P00500_M_F_I_001_gcov.tif,Band 2: HVHV,900,0.011917643901210502,0.00741643820374768,0.6223074179112178,2.5822009964492714,-19.238095954215325,2.7144265588347767,-29.141482978990453,-24.576447730666416,-19.959886949700447,-15.941006315602273,-12.049251930850698,0
404,ROI 404,point,900,90000.00024414062,721249.5536438326,2410655.786449335,89.13989636339235,21.78583212343453,power,water,gamma0,41.09498977661133,NISAR_S2_PR_GCOV_028_170_A_013_3700_DHNA_A_20260824T232917_20260824T232954_P00500_M_F_I_001_gcov.tif,Band 1: HHHH,900,0.024323337636629326,0.017058175338508483,0.7013089894710834,2.0332050908544446,-16.139768316314104,2.706870349946261,-26.638746418302546,-21.615346897011424,-16.888839581295333,-12.706169214879159,-6.384367882957155,0
404,ROI 404,point,900,90000.00024414062,721249.5536438326,2410655.786449335,89.13989636339235,21.78583212343453,power,water,gamma0,41.09498977661133,NISAR_S2_PR_GCOV_028_170_A_013_3700_DHNA_A_20260824T232917_20260824T232954_P00500_M_F_I_001_gcov.tif,Band 2: HVHV,900,0.015170300235816588,0.009176915319964408,0.6049264139346437,2.732718541380652,-18.190058239945404,2.6069595327849946,-27.91646325808129,-23.245962277745527,-18.89833730691943,-14.798186200318879,-11.744050663313185,0
404,ROI 404,point,900,90000.00024414062,721249.5536438326,2410655.786449335,89.13989636339235,21.78583212343453,power,water,sigma0,41.09498977661133,NISAR_S2_PR_GCOV_028_170_A_013_3700_DHNA_A_20260824T232917_20260824T232954_P00500_M_F_I_001_gcov.tif,Band 1: HHHH,900,0.018127148670732084,0.01271255738219725,0.701299339080438,2.033261048010816,-17.416705033481318,2.7068722336697753,-27.915885041775525,-22.892570453837227,-18.166238538173907,-13.983438225854215,-7.661713884571466,0
404,ROI 404,point,900,90000.00024414062,721249.5536438326,2410655.786449335,89.13989636339235,21.78583212343453,power,water,sigma0,41.09498977661133,NISAR_S2_PR_GCOV_028_170_A_013_3700_DHNA_A_20260824T232917_20260824T232954_P00500_M_F_I_001_gcov.tif,Band 2: HVHV,900,0.011305777308021932,0.006839160746658042,0.6049261859956648,2.732720600782958,-19.466995731700564,2.6069526325443317,-29.193370546769764,-24.52320581892918,-20.175027704393656,-16.07529419738704,-13.02127682208027,0
405,ROI 405,point,400,40000.0,722577.9329048177,2437001.9643682293,89.15631480886783,22.023525285098923,power,water,gamma0,40.6425666809082,NISAR_S2_PR_GCOV_028_170_A_013_3700_DHNA_A_20260824T232917_20260824T232954_P00500_M_F_I_001_gcov.tif,Band 1: HHHH,400,0.02126151929493062,0.012712704255179579,0.5979207825571837,2.797130328338144,-16.72405705107661,2.5162536522800436,-24.993668929656295,-21.64924408619592,-17.31678584991972,-13.287606566324747,-10.87243221293737,0
405,ROI 405,point,400,40000.0,722577.9329048177,2437001.9643682293,89.15631480886783,22.023525285098923,power,water,gamma0,40.6425666809082,NISAR_S2_PR_GCOV_028_170_A_013_3700_DHNA_A_20260824T232917_20260824T232954_P00500_M_F_I_001_gcov.tif,Band 2: HVHV,400,0.014863642561831512,0.009085930419847694,0.6112855837356813,2.6761576427400358,-18.278747470594414,2.568750256530373,-28.176755600329322,-23.516128783854032,-18.921514827411627,-15.04228942768446,-11.757025869555926,0
405,ROI 405,point,400,40000.0,722577.9329048177,2437001.9643682293,89.15631480886783,22.023525285098923,power,water,sigma0,40.6425666809082,NISAR_S2_PR_GCOV_028_170_A_013_3700_DHNA_A_20260824T232917_20260824T232954_P00500_M_F_I_001_gcov.tif,Band 1: HHHH,400,0.015954156451079515,0.009539298921487072,0.5979193541656419,2.7971436926891955,-17.971261534464183,2.5162236173266344,-26.240693032227348,-22.89622665202843,-18.564060101958123,-14.53475676153304,-12.119486326999887,0
405,ROI 405,point,400,40000.0,722577.9329048177,2437001.9643682293,89.15631480886783,22.023525285098923,power,water,sigma0,40.6425666809082,NISAR_S2_PR_GCOV_028_170_A_013_3700_DHNA_A_20260824T232917_20260824T232954_P00500_M_F_I_001_gcov.tif,Band 2: HVHV,400,0.011153351941712974,0.0068178984087664245,0.6112869426515475,2.6761457443375503,-19.525945935108133,2.5687352775453163,-29.42364344643824,-24.763159771042073,-20.16874937209011,-16.28944359671553,-13.004327327601208,0
406,ROI 406,point,400,40000.0,723361.3356735677,2437070.0863494794,89.16390956310681,22.02404025847894,power,water,gamma0,40.60013961791992,NISAR_S2_PR_GCOV_028_170_A_013_3700_DHNA_A_20260824T232917_20260824T232954_P00500_M_F_I_001_gcov.tif,Band 1: HHHH,400,0.01913097867683973,0.011466049227041579,0.5993446242728064,2.7838560285791996,-17.182628123522537,2.664574887647284,-26.06569328607467,-22.36123646344069,-18.098265631318753,-13.86009538022439,-12.182200260309049,0
406,ROI 406,point,400,40000.0,723361.3356735677,2437070.0863494794,89.16390956310681,22.02404025847894,power,water,gamma0,40.60013961791992,NISAR_S2_PR_GCOV_028_170_A_013_3700_DHNA_A_20260824T232917_20260824T232954_P00500_M_F_I_001_gcov.tif,Band 2: HVHV,400,0.013803448289108929,0.007636321721248963,0.5532184104514017,3.267433451948242,-18.600124073770683,2.3958944408864102,-27.367930498664993,-23.220669828255605,-19.066422554594272,-15.766382306337901,-11.92989314765083,0
406,ROI 406,point,400,40000.0,723361.3356735677,2437070.0863494794,89.16390956310681,22.02404025847894,power,water,sigma0,40.60013961791992,NISAR_S2_PR_GCOV_028_170_A_013_3700_DHNA_A_20260824T232917_20260824T232954_P00500_M_F_I_001_gcov.tif,Band 1: HHHH,400,0.01436451622631235,0.008609161569213788,0.5993352949432343,2.7839426969690937,-18.42708995761899,2.664558930682837,-27.309875515825915,-23.605568437364344,-19.343050481885623,-15.104461283848426,-13.42673447653813,0
406,ROI 406,point,400,40000.0,723361.3356735677,2437070.0863494794,89.16390956310681,22.02404025847894,power,water,sigma0,40.60013961791992,NISAR_S2_PR_GCOV_028_170_A_013_3700_DHNA_A_20260824T232917_20260824T232954_P00500_M_F_I_001_gcov.tif,Band 2: HVHV,400,0.010364355469087793,0.005733795675701806,0.5532225995917582,3.2673839684834585,-19.844577003160943,2.395880692515744,-28.612290269450043,-24.465316447424513,-20.310728679069115,-17.010935616029027,-13.173982300536725,0
407,ROI 407,point,400,40000.0,724017.0097302083,2437129.6930791666,89.17026641592915,22.024494391413324,power,water,gamma0,40.56528854370117,NISAR_S2_PR_GCOV_028_170_A_013_3700_DHNA_A_20260824T232917_20260824T232954_P00500_M_F_I_001_gcov.tif,Band 1: HHHH,400,0.019419414396397768,0.012472490802818271,0.6422691512845966,2.4241856384029643,-17.117638706302614,2.6403529730675874,-25.63360206252494,-22.23954058777323,-17.947833018858674,-13.74996087438995,-9.776790012024135,0
407,ROI 407,point,400,40000.0,724017.0097302083,2437129.6930791666,89.17026641592915,22.024494391413324,power,water,gamma0,40.56528854370117,NISAR_S2_PR_GCOV_028_170_A_013_3700_DHNA_A_20260824T232917_20260824T232954_P00500_M_F_I_001_gcov.tif,Band 2: HVHV,400,0.014218453958746977,0.008002972767381215,0.5628581553663159,3.15647296444172,-18.471476239781207,2.5513429568918298,-27.091227465417514,-23.83856777718058,-18.990835888137166,-15.15633565512557,-13.39402326672262,0
407,ROI 407,point,400,40000.0,724017.0097302083,2437129.6930791666,89.17026641592915,22.024494391413324,power,water,sigma0,40.56528854370117,NISAR_S2_PR_GCOV_028_170_A_013_3700_DHNA_A_20260824T232917_20260824T232954_P00500_M_F_I_001_gcov.tif,Band 1: HHHH,400,0.014588911257616174,0.00936995754413681,0.6422657166582738,2.424211565971109,-18.359771174590122,2.6403550701341785,-26.876053389005033,-23.48162067926363,-19.190050024080033,-14.992105258905116,-11.019053193459992,0
407,ROI 407,point,400,40000.0,724017.0097302083,2437129.6930791666,89.17026641592915,22.024494391413324,power,water,sigma0,40.56528854370117,NISAR_S2_PR_GCOV_028_170_A_013_3700_DHNA_A_20260824T232917_20260824T232954_P00500_M_F_I_001_gcov.tif,Band 2: HVHV,400,0.010681680538748801,0.00601225340732938,0.5628565079735688,3.1564914414716694,-19.713604147897644,2.551361722646471,-28.333697744689115,-25.081005155637083,-20.233018301004442,-16.398659531804075,-14.635948427814188,0
408,ROI 408,point,400,40000.0,724868.5344796875,2437231.8760489584,89.17852551697014,22.025307438673703,power,water,gamma0,40.519046783447266,NISAR_S2_PR_GCOV_028_170_A_013_3700_DHNA_A_20260824T232917_20260824T232954_P00500_M_F_I_001_gcov.tif,Band 1: HHHH,400,0.019978865190641956,0.011504166354931806,0.5758168066682949,3.015999926281469,-16.99429183549414,2.464998152498998,-26.86336319508414,-21.643518477495984,-17.424566863968565,-13.87925077539893,-10.443795440268733,0
408,ROI 408,point,400,40000.0,724868.5344796875,2437231.8760489584,89.17852551697014,22.025307438673703,power,water,gamma0,40.519046783447266,NISAR_S2_PR_GCOV_028_170_A_013_3700_DHNA_A_20260824T232917_20260824T232954_P00500_M_F_I_001_gcov.tif,Band 2: HVHV,400,0.013379285194096155,0.007572291317220319,0.5659712912437,3.12184398633799,-18.73567088702146,2.311245858148322,-25.232026390923092,-23.146525526464977,-19.393258120464743,-15.781787756617579,-12.86901117272034,0
408,ROI 408,point,400,40000.0,724868.5344796875,2437231.8760489584,89.17852551697014,22.025307438673703,power,water,sigma0,40.519046783447266,NISAR_S2_PR_GCOV_028_170_A_013_3700_DHNA_A_20260824T232917_20260824T232954_P00500_M_F_I_001_gcov.tif,Band 1: HHHH,400,0.015019673733834565,0.008648853170783987,0.5758349564745113,3.0158098060016214,-18.233395012289385,2.4650228588659715,-28.10244706225154,-22.882394737144654,-18.66363573795793,-15.118585434283066,-11.68254497746149,0
408,ROI 408,point,400,40000.0,724868.5344796875,2437231.8760489584,89.17852551697014,22.025307438673703,power,water,sigma0,40.519046783447266,NISAR_S2_PR_GCOV_028_170_A_013_3700_DHNA_A_20260824T232917_20260824T232954_P00500_M_F_I_001_gcov.tif,Band 2: HVHV,400,0.01005816934557543,0.005692504674049353,0.5659583248668879,3.1219870338642597,-19.974810566023645,2.311215210105291,-26.47124695860333,-24.385668597828673,-20.63246381935384,-17.021143190878444,-14.108466930445609,0
409,ROI 409,point,400,40000.0,725439.0560615886,2437163.75406875,89.18404023127471,22.024618864909495,power,water,gamma0,40.4901008605957,NISAR_S2_PR_GCOV_028_170_A_013_3700_DHNA_A_20260824T232917_20260824T232954_P00500_M_F_I_001_gcov.tif,Band 1: HHHH,400,0.02205506088968832,0.013886519231903557,0.6296296029904,2.522491562930995,-16.564917388822124,2.6539797211064364,-26.907750987347825,-21.725025503284012,-17.29987279922004,-13.390792188037837,-9.631714385842715,0
409,ROI 409,point,400,40000.0,725439.0560615886,2437163.75406875,89.18404023127471,22.024618864909495,power,water,gamma0,40.4901008605957,NISAR_S2_PR_GCOV_028_170_A_013_3700_DHNA_A_20260824T232917_20260824T232954_P00500_M_F_I_001_gcov.tif,Band 2: HVHV,400,0.01429043554351665,0.008035790540594407,0.5623194979694038,3.1625231614289784,-18.449545345915798,2.470437415007511,-26.199948968563977,-23.215047025906745,-19.01923718608386,-15.30343760002463,-12.94276191447378,0
409,ROI 409,point,400,40000.0,725439.0560615886,2437163.75406875,89.18404023127471,22.024618864909495,power,water,sigma0,40.4901008605957,NISAR_S2_PR_GCOV_028_170_A_013_3700_DHNA_A_20260824T232917_20260824T232954_P00500_M_F_I_001_gcov.tif,Band 1: HHHH,400,0.016589829386395562,0.010445092009718538,0.6296081633174603,2.522663359670791,-17.80158080336577,2.6542741871557882,-28.14493113595535,-22.962483624813128,-18.549475995665375,-14.628192406957968,-10.868280565255459,0
409,ROI 409,point,400,40000.0,725439.0560615886,2437163.75406875,89.18404023127471,22.024618864909495,power,water,sigma0,40.4901008605957,NISAR_S2_PR_GCOV_028_170_A_013_3700_DHNA_A_20260824T232917_20260824T232954_P00500_M_F_I_001_gcov.tif,Band 2: HVHV,400,0.010748007834805364,0.006040809915001026,0.5620399619954705,3.1656697662772157,-19.686720256579708,2.4700104391245885,-27.43740825406517,-24.465530438535822,-20.256276907505345,-16.540681195472246,-14.180279025890425,0
410,ROI 410,point,400,40000.000244140625,725856.3017124331,2436610.258025507,89.18800345600157,22.01956802236097,power,water,gamma0,40.4760856628418,NISAR_S2_PR_GCOV_028_170_A_013_3700_DHNA_A_20260824T232917_20260824T232954_P00500_M_F_I_001_gcov.tif,Band 1: HHHH,400,0.023556891105836256,0.014840425108447035,0.6299823283884136,2.5196676813171286,-16.27882025628152,2.6770032390529694,-25.738310309229817,-21.737540441140343,-16.939006852315906,-12.832857931749448,-10.593310269404837,0
410,ROI 410,point,400,40000.000244140625,725856.3017124331,2436610.258025507,89.18800345600157,22.01956802236097,power,water,gamma0,40.4760856628418,NISAR_S2_PR_GCOV_028_170_A_013_3700_DHNA_A_20260824T232917_20260824T232954_P00500_M_F_I_001_gcov.tif,Band 2: HVHV,400,0.014755486127687617,0.008480033203401734,0.5747037495084325,3.027693711574574,-18.31046477855352,2.496350328445004,-27.88175277794892,-23.516338190405484,-18.835543536558397,-15.033478758361309,-11.32323119574188,0
410,ROI 410,point,400,40000.000244140625,725856.3017124331,2436610.258025507,89.18800345600157,22.01956802236097,power,water,sigma0,40.4760856628418,NISAR_S2_PR_GCOV_028_170_A_013_3700_DHNA_A_20260824T232917_20260824T232954_P00500_M_F_I_001_gcov.tif,Band 1: HHHH,400,0.017720876854199416,0.011163819075361897,0.6299811892613172,2.519676793412453,-17.515147924084204,2.6770042970811327,-26.974322820680655,-22.97406576675389,-18.175518977846707,-14.069232482675911,-11.829865780837558,0
410,ROI 410,point,400,40000.000244140625,725856.3017124331,2436610.258025507,89.18800345600157,22.01956802236097,power,water,sigma0,40.4760856628418,NISAR_S2_PR_GCOV_028_170_A_013_3700_DHNA_A_20260824T232917_20260824T232954_P00500_M_F_I_001_gcov.tif,Band 2: HVHV,400,0.011099947049241997,0.006379193460254287,0.5747048550731524,3.0276820627844128,-19.54679092949997,2.4963571420937787,-29.118253229256243,-24.752495760888287,-20.072003632831876,-16.26989247669671,-12.55945807740185,0
411,ROI 411,point,400,40000.0,726188.397840625,2435835.3754619793,89.19111126468887,22.01252947260931,power,water,gamma0,40.470184326171875,NISAR_S2_PR_GCOV_028_170_A_013_3700_DHNA_A_20260824T232917_20260824T232954_P00500_M_F_I_001_gcov.tif,Band 1: HHHH,400,0.024310143946786412,0.016326142739686977,0.6715773783743946,2.217215379648463,-16.142124695766583,2.838856123423116,-24.863081651114314,-21.649462193165235,-16.916935312824627,-12.40376618706567,-10.065199892072684,0
411,ROI 411,point,400,40000.0,726188.397840625,2435835.3754619793,89.19111126468887,22.01252947260931,power,water,gamma0,40.470184326171875,NISAR_S2_PR_GCOV_028_170_A_013_3700_DHNA_A_20260824T232917_20260824T232954_P00500_M_F_I_001_gcov.tif,Band 2: HVHV,400,0.015008643540786579,0.008939770442244366,0.5956414660625517,2.8185786128392993,-18.236585568820885,2.6040174316944316,-27.442291688887618,-23.578931767162146,-18.862475741543555,-14.777883742051795,-12.396385356185473,0
411,ROI 411,point,400,40000.0,726188.397840625,2435835.3754619793,89.19111126468887,22.01252947260931,power,water,sigma0,40.470184326171875,NISAR_S2_PR_GCOV_028_170_A_013_3700_DHNA_A_20260824T232917_20260824T232954_P00500_M_F_I_001_gcov.tif,Band 1: HHHH,400,0.01828909014303298,0.012282511348548793,0.6715758549217757,2.217225439052425,-17.378078995366458,2.838859561977295,-26.099162636008288,-22.885449983166872,-18.152796957963584,-13.639552763473246,-11.300886567307494,0
411,ROI 411,point,400,40000.0,726188.397840625,2435835.3754619793,89.19111126468887,22.01252947260931,power,water,sigma0,40.470184326171875,NISAR_S2_PR_GCOV_028_170_A_013_3700_DHNA_A_20260824T232917_20260824T232954_P00500_M_F_I_001_gcov.tif,Band 2: HVHV,400,0.01129137437767179,0.006725672219072499,0.5956469065778413,2.81852712444966,-19.472531928570287,2.6040278705240727,-28.677984557191127,-24.815073812968937,-20.098646713778166,-16.013820466558034,-13.632228237073027,0
412,ROI 412,point,400,40000.0,726571.583978125,2434992.365958854,89.19470393502021,22.004869217684405,power,water,gamma0,40.46198654174805,NISAR_S2_PR_GCOV_028_170_A_013_3700_DHNA_A_20260824T232917_20260824T232954_P00500_M_F_I_001_gcov.tif,Band 1: HHHH,400,0.023383852729457432,0.015007508751464721,0.6417893973715997,2.4278112739817455,-16.31083932810789,2.6496100659673423,-24.191655454130675,-21.44632461947512,-17.141779854498424,-12.645972598437163,-10.335926968738477,0
412,ROI 412,point,400,40000.0,726571.583978125,2434992.365958854,89.19470393502021,22.004869217684405,power,water,gamma0,40.46198654174805,NISAR_S2_PR_GCOV_028_170_A_013_3700_DHNA_A_20260824T232917_20260824T232954_P00500_M_F_I_001_gcov.tif,Band 2: HVHV,400,0.01458795889513567,0.008917788382404123,0.6113115924241975,2.675929929505899,-18.36005469079185,2.5955269522890574,-25.78595505732014,-23.41349225377758,-19.132082248812875,-14.85096389922064,-12.940069142425665,0
412,ROI 412,point,400,40000.0,726571.583978125,2434992.365958854,89.19470393502021,22.004869217684405,power,water,sigma0,40.46198654174805,NISAR_S2_PR_GCOV_028_170_A_013_3700_DHNA_A_20260824T232917_20260824T232954_P00500_M_F_I_001_gcov.tif,Band 1: HHHH,400,0.017594209249025612,0.011291673622012945,0.6417835244649197,2.4278557075757643,-17.546302472432195,2.649600556813354,-25.42702904684534,-22.681860797922035,-18.37708077416374,-13.881484039509907,-11.571611235560065,0
412,ROI 412,point,400,40000.0,726571.583978125,2434992.365958854,89.19470393502021,22.004869217684405,power,water,sigma0,40.46198654174805,NISAR_S2_PR_GCOV_028_170_A_013_3700_DHNA_A_20260824T232917_20260824T232954_P00500_M_F_I_001_gcov.tif,Band 2: HVHV,400,0.010976076754046991,0.006709669850261276,0.6112994652472117,2.6760361026651895,-19.59552864670986,2.595500720789611,-27.02170572802405,-24.64919502581127,-20.367373132625023,-16.08663840977618,-14.175649848742243,0
413,ROI 413,point,400,39999.999755859375,727125.0765441391,2434617.70002379,89.20001016476232,22.001414942167518,power,water,gamma0,40.43861770629883,NISAR_S2_PR_GCOV_028_170_A_013_3700_DHNA_A_20260824T232917_20260824T232954_P00500_M_F_I_001_gcov.tif,Band 1: HHHH,400,0.022134191702934913,0.014250725000972008,0.643833088293096,2.4124227482788494,-16.549363329742523,2.490131475932864,-24.201395272864413,-21.185204075080435,-17.248088306221092,-13.298888640715543,-8.349331698309385,0
413,ROI 413,point,400,39999.999755859375,727125.0765441391,2434617.70002379,89.20001016476232,22.001414942167518,power,water,gamma0,40.43861770629883,NISAR_S2_PR_GCOV_028_170_A_013_3700_DHNA_A_20260824T232917_20260824T232954_P00500_M_F_I_001_gcov.tif,Band 2: HVHV,400,0.014115092006977647,0.008095778741158754,0.5735547977410768,3.039836085119943,-18.50316286628471,2.4992096452354753,-26.93921843814044,-23.622630296162463,-19.121693623086358,-15.276457479759218,-12.76914260366273,0
413,ROI 413,point,400,39999.999755859375,727125.0765441391,2434617.70002379,89.20001016476232,22.001414942167518,power,water,sigma0,40.43861770629883,NISAR_S2_PR_GCOV_028_170_A_013_3700_DHNA_A_20260824T232917_20260824T232954_P00500_M_F_I_001_gcov.tif,Band 1: HHHH,400,0.016659920705138952,0.01072609203798376,0.64382611585151,2.412475000175315,-17.783270700002127,2.4901094349598547,-25.435355458560302,-22.41896948214956,-18.481896006017283,-14.5326044150465,-9.58337545794705,0
413,ROI 413,point,400,39999.999755859375,727125.0765441391,2434617.70002379,89.20001016476232,22.001414942167518,power,water,sigma0,40.43861770629883,NISAR_S2_PR_GCOV_028_170_A_013_3700_DHNA_A_20260824T232917_20260824T232954_P00500_M_F_I_001_gcov.tif,Band 2: HVHV,400,0.010624166208851255,0.006093614035631131,0.5735616250576342,3.039763716959982,-19.73705143640374,2.4992177662727104,-28.17298706329702,-24.856474487163204,-20.355528499183542,-16.510430368779677,-14.003229354637623,0
414,ROI 414,point,400,39999.999755859375,728095.81476009,2434481.456063583,89.20938867334021,22.000058560590947,power,water,gamma0,40.389442443847656,NISAR_S2_PR_GCOV_028_170_A_013_3700_DHNA_A_20260824T232917_20260824T232954_P00500_M_F_I_001_gcov.tif,Band 1: HHHH,400,0.02073140653898008,0.012323345362684401,0.5944288121268336,2.8300903254377774,-16.833712318475147,2.552953103608874,-27.07022928247088,-21.98967845361696,-17.472281786896765,-13.631011564270402,-10.997364021585607,0
414,ROI 414,point,400,39999.999755859375,728095.81476009,2434481.456063583,89.20938867334021,22.000058560590947,power,water,gamma0,40.389442443847656,NISAR_S2_PR_GCOV_028_170_A_013_3700_DHNA_A_20260824T232917_20260824T232954_P00500_M_F_I_001_gcov.tif,Band 2: HVHV,400,0.013957758108444978,0.009233443045547584,0.6615276589412306,2.285093557446071,-18.551843323804924,2.612715091159402,-27.746427238628854,-23.44918021662819,-19.2431597288212,-15.04695464491667,-11.23213958434889,0
414,ROI 414,point,400,39999.999755859375,728095.81476009,2434481.456063583,89.20938867334021,22.000058560590947,power,water,sigma0,40.389442443847656,NISAR_S2_PR_GCOV_028_170_A_013_3700_DHNA_A_20260824T232917_20260824T232954_P00500_M_F_I_001_gcov.tif,Band 1: HHHH,400,0.015615584679971603,0.009282409925471694,0.5944324286094278,2.8300558894252896,-18.064417502405977,2.5529641837706873,-28.300964330161715,-23.220543412279362,-18.702788652366873,-14.86144721417617,-12.227845450384407,0
414,ROI 414,point,400,39999.999755859375,728095.81476009,2434481.456063583,89.20938867334021,22.000058560590947,power,water,sigma0,40.389442443847656,NISAR_S2_PR_GCOV_028_170_A_013_3700_DHNA_A_20260824T232917_20260824T232954_P00500_M_F_I_001_gcov.tif,Band 2: HVHV,400,0.010513426205000332,0.0069548658371197565,0.6615222955397666,2.2851306111444787,-19.782557293151402,2.6127166352515245,-28.97695162351522,-24.680011691971004,-20.47410408156548,-16.277698801973596,-12.463152323909952,0
415,ROI 415,point,400,40000.000244140625,729287.9464439619,2434319.6564556337,89.22090657443364,21.998441925509322,power,water,gamma0,40.32919692993164,NISAR_S2_PR_GCOV_028_170_A_013_3700_DHNA_A_20260824T232917_20260824T232954_P00500_M_F_I_001_gcov.tif,Band 1: HHHH,400,0.02385292184073478,0.01493719743640035,0.6262208687109929,2.5500278722041463,-16.224584148802116,2.6197464733824747,-24.70054962768383,-22.02222136425494,-16.87727297058286,-12.683452305619456,-8.839154067424088,0
415,ROI 415,point,400,40000.000244140625,729287.9464439619,2434319.6564556337,89.22090657443364,21.998441925509322,power,water,gamma0,40.32919692993164,NISAR_S2_PR_GCOV_028_170_A_013_3700_DHNA_A_20260824T232917_20260824T232954_P00500_M_F_I_001_gcov.tif,Band 2: HVHV,400,0.013328387280926108,0.007707721400824803,0.578293625355193,2.9902203307726096,-18.752223965251073,2.442563706729028,-26.467188724696435,-23.71586329283664,-19.294932527116416,-16.06730151653575,-12.779191438289462,0
415,ROI 415,point,400,40000.000244140625,729287.9464439619,2434319.6564556337,89.22090657443364,21.998441925509322,power,water,sigma0,40.32919692993164,NISAR_S2_PR_GCOV_028_170_A_013_3700_DHNA_A_20260824T232917_20260824T232954_P00500_M_F_I_001_gcov.tif,Band 1: HHHH,400,0.017983015351001636,0.011261448417446094,0.6262269256651022,2.5499785439926894,-17.451374849885703,2.6197542537891407,-25.927165374077465,-23.24902610936689,-18.10411895892828,-13.910060010804832,-10.065866980479797,0
415,ROI 415,point,400,40000.000244140625,729287.9464439619,2434319.6564556337,89.22090657443364,21.998441925509322,power,water,sigma0,40.32919692993164,NISAR_S2_PR_GCOV_028_170_A_013_3700_DHNA_A_20260824T232917_20260824T232954_P00500_M_F_I_001_gcov.tif,Band 2: HVHV,400,0.010048397387793204,0.0058108366719171025,0.5782849192425559,2.9903103673276337,-19.97903198058202,2.442553150438324,-27.693910221484042,-24.94274482817696,-20.521758467912576,-17.294132861420593,-14.006035855978855,0
416,ROI 416,point,400,40000.0,730284.2318845053,2434013.112496875,89.23050783352787,21.9955435993531,power,water,gamma0,40.28079605102539,NISAR_S2_PR_GCOV_028_170_A_013_3700_DHNA_A_20260824T232917_20260824T232954_P00500_M_F_I_001_gcov.tif,Band 1: HHHH,400,0.023351896930253132,0.013060499560693314,0.5592907334124543,3.196868353070272,-16.3167783488888,2.5440100969197865,-26.210841233502418,-21.365089768214602,-16.81916538136528,-13.227961630562376,-11.588047874532396,0
416,ROI 416,point,400,40000.0,730284.2318845053,2434013.112496875,89.23050783352787,21.9955435993531,power,water,gamma0,40.28079605102539,NISAR_S2_PR_GCOV_028_170_A_013_3700_DHNA_A_20260824T232917_20260824T232954_P00500_M_F_I_001_gcov.tif,Band 2: HVHV,400,0.01504637619946152,0.009486064813078012,0.6304551133991652,2.5158900469803154,-18.225680838628545,2.660092603141709,-27.90603284783753,-23.149271451249376,-18.799928189115093,-14.659180641291174,-12.277873766283655,0
416,ROI 416,point,400,40000.0,730284.2318845053,2434013.112496875,89.23050783352787,21.9955435993531,power,water,sigma0,40.28079605102539,NISAR_S2_PR_GCOV_028_170_A_013_3700_DHNA_A_20260824T232917_20260824T232954_P00500_M_F_I_001_gcov.tif,Band 1: HHHH,400,0.01761778998946829,0.009853578740202453,0.5592970937951246,3.1967956432683384,-17.540485712687875,2.544016734006816,-27.434367321203883,-22.588756829213157,-18.042991994675294,-14.451390947765104,-12.81144358729974,0
416,ROI 416,point,400,40000.0,730284.2318845053,2434013.112496875,89.23050783352787,21.9955435993531,power,water,sigma0,40.28079605102539,NISAR_S2_PR_GCOV_028_170_A_013_3700_DHNA_A_20260824T232917_20260824T232954_P00500_M_F_I_001_gcov.tif,Band 2: HVHV,400,0.011351697465048306,0.0071567714655613535,0.6304582629687707,2.5158649098649954,-19.449391918115865,2.6600935819796163,-29.12975827951843,-24.372945794445677,-20.023843890383816,-15.882649338241748,-13.501668850427691,0
417,ROI 417,point,400,39999.999755859375,731212.3953479923,2433604.3855691673,89.23943474558175,21.991731278556518,power,water,gamma0,40.2376823425293,NISAR_S2_PR_GCOV_028_170_A_013_3700_DHNA_A_20260824T232917_20260824T232954_P00500_M_F_I_001_gcov.tif,Band 1: HHHH,400,0.023048763010301627,0.013321058615404472,0.5779511295009904,2.9937654108599907,-16.373523775288113,2.5927622298186277,-24.61075043278377,-21.594634448331533,-16.804034829091712,-12.920105992605196,-11.215172507859384,0
417,ROI 417,point,400,39999.999755859375,731212.3953479923,2433604.3855691673,89.23943474558175,21.991731278556518,power,water,gamma0,40.2376823425293,NISAR_S2_PR_GCOV_028_170_A_013_3700_DHNA_A_20260824T232917_20260824T232954_P00500_M_F_I_001_gcov.tif,Band 2: HVHV,400,0.014485025123576634,0.009042838118254652,0.624288742415505,2.5658365833955066,-18.390807471967584,2.564610708500425,-26.20082877226672,-23.27787959147285,-19.04815451509611,-14.762662283682443,-12.257944744976426,0
417,ROI 417,point,400,39999.999755859375,731212.3953479923,2433604.3855691673,89.23943474558175,21.991731278556518,power,water,sigma0,40.2376823425293,NISAR_S2_PR_GCOV_028_170_A_013_3700_DHNA_A_20260824T232917_20260824T232954_P00500_M_F_I_001_gcov.tif,Band 1: HHHH,400,0.01740018649374034,0.010056407756708493,0.5779482743087986,2.9937949906584573,-17.594460969606015,2.5927475128635518,-25.831837442180927,-22.815683705648162,-18.025268583937763,-14.141325772073392,-12.436382964611628,0
417,ROI 417,point,400,39999.999755859375,731212.3953479923,2433604.3855691673,89.23943474558175,21.991731278556518,power,water,sigma0,40.2376823425293,NISAR_S2_PR_GCOV_028_170_A_013_3700_DHNA_A_20260824T232917_20260824T232954_P00500_M_F_I_001_gcov.tif,Band 2: HVHV,400,0.010935217639764697,0.006826818754760364,0.6242965599454922,2.5657723242592825,-19.611725689310312,2.564627025381567,-27.421507401669682,-24.4985297147474,-20.269319177149605,-15.983252947270557,-13.47896385982395,0
418,ROI 418,point,400,40000.0,731936.1898973958,2432803.9473552085,89.24632723908931,21.984409403977793,power,water,gamma0,40.211402893066406,NISAR_S2_PR_GCOV_028_170_A_013_3700_DHNA_A_20260824T232917_20260824T232954_P00500_M_F_I_001_gcov.tif,Band 1: HHHH,400,0.021776992283994333,0.013572166860988975,0.6232342227978036,2.574526780349341,-16.620021027558696,2.6470788256136264,-24.38303959662216,-21.625077599730375,-17.403736482954095,-13.005728410044908,-10.6150572875298,0
418,ROI 418,point,400,40000.0,731936.1898973958,2432803.9473552085,89.24632723908931,21.984409403977793,power,water,gamma0,40.211402893066406,NISAR_S2_PR_GCOV_028_170_A_013_3700_DHNA_A_20260824T232917_20260824T232954_P00500_M_F_I_001_gcov.tif,Band 2: HVHV,400,0.013852868511457927,0.00879260247158464,0.6347134865470021,2.482244443411303,-18.58460287992533,2.599968595171744,-29.365125598153263,-23.40449062263324,-19.22270163449428,-15.254570044680625,-11.973347100936804,0
418,ROI 418,point,400,40000.0,731936.1898973958,2432803.9473552085,89.24632723908931,21.984409403977793,power,water,sigma0,40.211402893066406,NISAR_S2_PR_GCOV_028_170_A_013_3700_DHNA_A_20260824T232917_20260824T232954_P00500_M_F_I_001_gcov.tif,Band 1: HHHH,400,0.01644661263404123,0.010250032085102993,0.623230589373003,2.5745567993403236,-17.83923536366287,2.6470599449458057,-25.602324331359682,-22.84452710728071,-18.623147527138226,-14.224826814863249,-11.834156591889844,0
418,ROI 418,point,400,40000.0,731936.1898973958,2432803.9473552085,89.24632723908931,21.984409403977793,power,water,sigma0,40.211402893066406,NISAR_S2_PR_GCOV_028_170_A_013_3700_DHNA_A_20260824T232917_20260824T232954_P00500_M_F_I_001_gcov.tif,Band 2: HVHV,400,0.0104621310549663,0.006640518620704422,0.6347195027300117,2.482197387771741,-19.80379844039781,2.599982420042436,-30.584573147975366,-24.62368666513502,-20.44214562118963,-16.474102335306743,-13.192622581105482,0
419,ROI 419,point,400,39999.999755859375,732600.3806924014,2425421.232715055,89.2517058568443,21.917672977589707,power,water,gamma0,40.284820556640625,NISAR_S2_PR_GCOV_028_170_A_013_3700_DHNA_A_20260824T232917_20260824T232954_P00500_M_F_I_001_gcov.tif,Band 1: HHHH,400,0.022591755544417537,0.013125122240397224,0.5809695583236986,2.962737990646085,-16.46050019914981,2.5238673117366126,-24.68055147825681,-21.260985721160598,-17.19454679463137,-13.0683312330066,-11.238503282269011,0
419,ROI 419,point,400,39999.999755859375,732600.3806924014,2425421.232715055,89.2517058568443,21.917672977589707,power,water,gamma0,40.284820556640625,NISAR_S2_PR_GCOV_028_170_A_013_3700_DHNA_A_20260824T232917_20260824T232954_P00500_M_F_I_001_gcov.tif,Band 2: HVHV,400,0.014069593628228176,0.008653199381147834,0.6150283803354991,2.6436848770288357,-18.517184461023394,2.5621653566608176,-28.867318552816506,-23.367029658668198,-19.1340152413294,-15.28395045488758,-12.008104199190777,0
419,ROI 419,point,400,39999.999755859375,732600.3806924014,2425421.232715055,89.2517058568443,21.917672977589707,power,water,sigma0,40.284820556640625,NISAR_S2_PR_GCOV_028_170_A_013_3700_DHNA_A_20260824T232917_20260824T232954_P00500_M_F_I_001_gcov.tif,Band 1: HHHH,400,0.01704308228446383,0.009901540529976811,0.580971233061691,2.96272090958444,-17.684518592124718,2.523867182052262,-25.904621752022713,-22.484749931890832,-18.418496727399305,-14.292065164100961,-12.46252105592066,0
419,ROI 419,point,400,39999.999755859375,732600.3806924014,2425421.232715055,89.2517058568443,21.917672977589707,power,water,sigma0,40.284820556640625,NISAR_S2_PR_GCOV_028_170_A_013_3700_DHNA_A_20260824T232917_20260824T232954_P00500_M_F_I_001_gcov.tif,Band 2: HVHV,400,0.010614004404369867,0.006527917594727837,0.6150287248835362,2.6436819149682265,-19.741207364924694,2.562156452120368,-30.09155525270789,-24.590735259306122,-20.35787177705002,-16.50796479869614,-13.232088345651702,0
420,ROI 420,point,400,40000.0,733809.5443457031,2424757.038474479,89.26330952014175,21.911516281597734,power,water,gamma0,40.23127365112305,NISAR_S2_PR_GCOV_028_170_A_013_3700_DHNA_A_20260824T232917_20260824T232954_P00500_M_F_I_001_gcov.tif,Band 1: HHHH,400,0.02192541192052886,0.01355631699251629,0.6182924654575566,2.6158455119476667,-16.59052238640044,2.450860899635638,-24.275964295272413,-21.532600227132214,-17.28803818194323,-13.291486322647451,-9.549763523790682,0
420,ROI 420,point,400,40000.0,733809.5443457031,2424757.038474479,89.26330952014175,21.911516281597734,power,water,gamma0,40.23127365112305,NISAR_S2_PR_GCOV_028_170_A_013_3700_DHNA_A_20260824T232917_20260824T232954_P00500_M_F_I_001_gcov.tif,Band 2: HVHV,400,0.014312594442162662,0.009238348115612572,0.6454698449638065,2.4002036097084702,-18.442816345990217,2.7245516063818367,-26.829931140365307,-23.835416743706546,-19.175308173226007,-15.032443374091036,-11.949777702433614,0
420,ROI 420,point,400,40000.0,733809.5443457031,2424757.038474479,89.26330952014175,21.911516281597734,power,water,sigma0,40.23127365112305,NISAR_S2_PR_GCOV_028_170_A_013_3700_DHNA_A_20260824T232917_20260824T232954_P00500_M_F_I_001_gcov.tif,Band 1: HHHH,400,0.01655376710083118,0.010235069663347163,0.6182924769331357,2.615845414846884,-17.81103159293954,2.4508843133254645,-25.496831851368707,-22.753098892318523,-18.508505910974115,-14.51177171470958,-10.770435638626665,0
420,ROI 420,point,400,40000.0,733809.5443457031,2424757.038474479,89.26330952014175,21.911516281597734,power,water,sigma0,40.23127365112305,NISAR_S2_PR_GCOV_028_170_A_013_3700_DHNA_A_20260824T232917_20260824T232954_P00500_M_F_I_001_gcov.tif,Band 2: HVHV,400,0.010806042373727247,0.0069749898590322134,0.6454712667044986,2.4001930361521895,-19.663333337948018,2.724555084728791,-28.050466794412955,-25.05583761728634,-20.395899137968115,-16.25262477070415,-13.170428902146929,0
421,ROI 421,point,400,40000.0,735512.59384375,2424569.70303125,89.27975843782278,21.909597533704588,power,water,gamma0,40.143531799316406,NISAR_S2_PR_GCOV_028_170_A_013_3700_DHNA_A_20260824T232917_20260824T232954_P00500_M_F_I_001_gcov.tif,Band 1: HHHH,400,0.02320574394019786,0.014549737051716607,0.6269886063214292,2.5437867581963562,-16.344045042135413,2.5213460895155126,-25.62486772508279,-21.140767569195553,-16.997753892850405,-12.902041284915988,-9.481127193581798,0
421,ROI 421,point,400,40000.0,735512.59384375,2424569.70303125,89.27975843782278,21.909597533704588,power,water,gamma0,40.143531799316406,NISAR_S2_PR_GCOV_028_170_A_013_3700_DHNA_A_20260824T232917_20260824T232954_P00500_M_F_I_001_gcov.tif,Band 2: HVHV,400,0.013846566790598445,0.007621339904270556,0.5504136887885668,3.300817760900558,-18.586578950999083,2.5367646630455383,-26.096838556696515,-23.762437577045294,-19.062575046799285,-15.507167786219785,-14.103466344293256,0
421,ROI 421,point,400,40000.0,735512.59384375,2424569.70303125,89.27975843782278,21.909597533704588,power,water,sigma0,40.143531799316406,NISAR_S2_PR_GCOV_028_170_A_013_3700_DHNA_A_20260824T232917_20260824T232954_P00500_M_F_I_001_gcov.tif,Band 1: HHHH,400,0.017543055998056136,0.010999291164411867,0.626988317521796,2.5437891016047787,-17.558947503379102,2.5213406043028876,-26.83961323402912,-22.355751428878317,-18.212875419999403,-14.116914455013918,-10.696007269427268,0
421,ROI 421,point,400,40000.0,735512.59384375,2424569.70303125,89.27975843782278,21.909597533704588,power,water,sigma0,40.143531799316406,NISAR_S2_PR_GCOV_028_170_A_013_3700_DHNA_A_20260824T232917_20260824T232954_P00500_M_F_I_001_gcov.tif,Band 2: HVHV,400,0.010467730558006294,0.005761593851806499,0.5504148028915128,3.3008043984435513,-19.801474647365005,2.536774623549847,-27.311969287348326,-24.97756281225193,-20.277295895381833,-16.72181790717916,-15.31853064316392,0
422,ROI 422,point,400,40000.0,736687.6979972656,2424041.757684375,89.29105027026799,21.90467357558339,power,water,gamma0,40.08918380737305,NISAR_S2_PR_GCOV_028_170_A_013_3700_DHNA_A_20260824T232917_20260824T232954_P00500_M_F_I_001_gcov.tif,Band 1: HHHH,400,0.025521909706294536,0.016600650443636872,0.6504470329484243,2.363611672606094,-15.9308683215011,2.6644205559916463,-25.504089296481467,-21.108426324086818,-16.742782328179107,-12.467962127012424,-8.408650952941338,0
422,ROI 422,point,400,40000.0,736687.6979972656,2424041.757684375,89.29105027026799,21.90467357558339,power,water,gamma0,40.08918380737305,NISAR_S2_PR_GCOV_028_170_A_013_3700_DHNA_A_20260824T232917_20260824T232954_P00500_M_F_I_001_gcov.tif,Band 2: HVHV,400,0.014566376921138727,0.00888195646556,0.6097574238018312,2.689588300089882,-18.366484563855416,2.5223014510011397,-26.669119462491373,-23.16110091871,-18.959843882561646,-14.977939158729024,-11.28552553123249,0
422,ROI 422,point,400,40000.0,736687.6979972656,2424041.757684375,89.29105027026799,21.90467357558339,power,water,sigma0,40.08918380737305,NISAR_S2_PR_GCOV_028_170_A_013_3700_DHNA_A_20260824T232917_20260824T232954_P00500_M_F_I_001_gcov.tif,Band 1: HHHH,400,0.019309716154989193,0.012560051735671946,0.6504524268952919,2.363572471759457,-17.142241101267643,2.664440684249611,-26.7155551279415,-22.319539098070457,-17.954357472712417,-13.6791821501138,-9.62008154354437,0
422,ROI 422,point,400,40000.0,736687.6979972656,2424041.757684375,89.29105027026799,21.90467357558339,power,water,sigma0,40.08918380737305,NISAR_S2_PR_GCOV_028_170_A_013_3700_DHNA_A_20260824T232917_20260824T232954_P00500_M_F_I_001_gcov.tif,Band 2: HVHV,400,0.011020811901745326,0.006720038716305709,0.6097589520824216,2.6895748179083423,-19.577864098890103,2.522305261324443,-27.880398144323777,-24.372340906427965,-20.1713956258764,-16.18923682009345,-12.497130276040266,0
423,ROI 423,point,400,40000.0,743210.3775765625,2422509.0131375,89.35392001588228,21.889946524349305,power,water,gamma0,39.7642822265625,NISAR_S2_PR_GCOV_028_170_A_013_3700_DHNA_A_20260824T232917_20260824T232954_P00500_M_F_I_001_gcov.tif,Band 1: HHHH,400,0.019641303172393237,0.012224544053444857,0.6223896625467815,2.5815186003206017,-17.06829700774955,2.6867087104779026,-27.271920086141424,-22.37945281189924,-17.714725263993678,-13.565882746930836,-10.594845496761971,0
423,ROI 423,point,400,40000.0,743210.3775765625,2422509.0131375,89.35392001588228,21.889946524349305,power,water,gamma0,39.7642822265625,NISAR_S2_PR_GCOV_028_170_A_013_3700_DHNA_A_20260824T232917_20260824T232954_P00500_M_F_I_001_gcov.tif,Band 2: HVHV,400,0.011879219680267852,0.0068448545587796025,0.5762040557385555,3.0119473664761607,-19.252120862642503,2.5643986349616386,-27.663043846982536,-24.345487301924578,-19.921970290317518,-15.988584709947677,-13.87401476475031,0
423,ROI 423,point,400,40000.0,743210.3775765625,2422509.0131375,89.35392001588228,21.889946524349305,power,water,sigma0,39.7642822265625,NISAR_S2_PR_GCOV_028_170_A_013_3700_DHNA_A_20260824T232917_20260824T232954_P00500_M_F_I_001_gcov.tif,Band 1: HHHH,400,0.014931491027402965,0.009293208937315098,0.6223898819119785,2.581516780576249,-18.258968223726868,2.6867243541685255,-28.462402603739996,-23.570114337872674,-18.90548799369229,-14.756549114307493,-11.7854839645629,0
423,ROI 423,point,400,40000.0,743210.3775765625,2422509.0131375,89.35392001588228,21.889946524349305,power,water,sigma0,39.7642822265625,NISAR_S2_PR_GCOV_028_170_A_013_3700_DHNA_A_20260824T232917_20260824T232954_P00500_M_F_I_001_gcov.tif,Band 2: HVHV,400,0.009030666409258748,0.005203504776289641,0.576203852570029,3.0119494904918653,-20.442802001643628,2.5643920220374357,-28.854013642424686,-25.53609930775913,-21.11270432731244,-17.179289019947554,-15.06485924522438,0
424,ROI 424,point,400,40000.0,744675.0001445313,2422781.5010578125,89.36812684705508,21.892203021328008,power,water,gamma0,39.6819953918457,NISAR_S2_PR_GCOV_028_170_A_013_3700_DHNA_A_20260824T232917_20260824T232954_P00500_M_F_I_001_gcov.tif,Band 1: HHHH,400,0.018870259842660744,0.01276040107435377,0.6762175603700924,2.186890867060322,-17.242221195776885,2.735965189669709,-28.217716367747517,-22.615851997733753,-17.97430534868594,-13.574796895125623,-10.345167539475813,0
424,ROI 424,point,400,40000.0,744675.0001445313,2422781.5010578125,89.36812684705508,21.892203021328008,power,water,gamma0,39.6819953918457,NISAR_S2_PR_GCOV_028_170_A_013_3700_DHNA_A_20260824T232917_20260824T232954_P00500_M_F_I_001_gcov.tif,Band 2: HVHV,400,0.010743055358179845,0.006151488877035396,0.5726014315240036,3.0499670050934395,-19.68872186374914,2.560085723268301,-28.971259951677112,-24.980837086532958,-20.20085151151828,-16.52258212838724,-13.378449267254467,0
424,ROI 424,point,400,40000.0,744675.0001445313,2422781.5010578125,89.36812684705508,21.892203021328008,power,water,sigma0,39.6819953918457,NISAR_S2_PR_GCOV_028_170_A_013_3700_DHNA_A_20260824T232917_20260824T232954_P00500_M_F_I_001_gcov.tif,Band 1: HHHH,400,0.014362622471148058,0.00971229422005049,0.6762201150633008,2.1868743433735283,-18.42766255026581,2.735954888539771,-29.403379108720525,-23.80101931608594,-19.159756933548177,-14.76044327932069,-11.530427598411144,0
424,ROI 424,point,400,40000.0,744675.0001445313,2422781.5010578125,89.36812684705508,21.892203021328008,power,water,sigma0,39.6819953918457,NISAR_S2_PR_GCOV_028_170_A_013_3700_DHNA_A_20260824T232917_20260824T232954_P00500_M_F_I_001_gcov.tif,Band 2: HVHV,400,0.008176819973729075,0.004682082483122605,0.5726043251735333,3.049936179223281,-20.87415563856887,2.560090916902244,-30.1567502558215,-26.166247139977852,-21.38624143480591,-17.708182166549424,-14.563932429192668,0
425,ROI 425,point,400,40000.0,746105.5617233072,2423053.988977604,89.38200455148407,21.894463019653745,power,water,gamma0,39.601318359375,NISAR_S2_PR_GCOV_028_170_A_013_3700_DHNA_A_20260824T232917_20260824T232954_P00500_M_F_I_001_gcov.tif,Band 1: HHHH,400,0.019005854417628143,0.01211942346548273,0.6376679100646919,2.4592964093776613,-17.21112601697803,2.6556029916724637,-27.242943795748758,-22.36454637883633,-17.993891457974737,-13.924535952697534,-10.695243055910735,0
425,ROI 425,point,400,40000.0,746105.5617233072,2423053.988977604,89.38200455148407,21.894463019653745,power,water,gamma0,39.601318359375,NISAR_S2_PR_GCOV_028_170_A_013_3700_DHNA_A_20260824T232917_20260824T232954_P00500_M_F_I_001_gcov.tif,Band 2: HVHV,400,0.01232244222686859,0.00771431172996803,0.6260375652764095,2.551521384174156,-19.093032093356236,2.7352578520456237,-30.63379388968347,-24.376339296462923,-19.885462468923684,-15.701438151449976,-13.443535428849366,0
425,ROI 425,point,400,40000.0,746105.5617233072,2423053.988977604,89.38200455148407,21.894463019653745,power,water,sigma0,39.601318359375,NISAR_S2_PR_GCOV_028_170_A_013_3700_DHNA_A_20260824T232917_20260824T232954_P00500_M_F_I_001_gcov.tif,Band 1: HHHH,400,0.014482796431864911,0.00923508177165043,0.6376587432611764,2.4593671181988026,-18.391475736588255,2.655587514879617,-28.423520997470657,-23.545002049995702,-19.174417313630922,-15.104866330432218,-11.87569694073376,0
425,ROI 425,point,400,40000.0,746105.5617233072,2423053.988977604,89.38200455148407,21.894463019653745,power,water,sigma0,39.601318359375,NISAR_S2_PR_GCOV_028_170_A_013_3700_DHNA_A_20260824T232917_20260824T232954_P00500_M_F_I_001_gcov.tif,Band 2: HVHV,400,0.009389912124368807,0.005878400397463431,0.6260335900490207,2.551553787898346,-20.27338472066189,2.7352296543661683,-31.814179832807582,-25.556588348274403,-21.065704509096882,-16.88156405024875,-14.623666260382588,0
426,ROI 426,point,400,40000.000244140625,743427.5148749786,2439522.4726634617,89.35855561646495,22.043495624801274,power,water,gamma0,39.498531341552734,NISAR_S2_PR_GCOV_028_170_A_013_3700_DHNA_A_20260824T232917_20260824T232954_P00500_M_F_I_001_gcov.tif,Band 1: HHHH,400,0.024436101511819287,0.013982916473273724,0.5722237021527533,3.053994948561948,-16.11968079401405,2.544514320233765,-25.884649828836142,-21.190271276572034,-16.633777931455388,-13.094837039486718,-10.0582622580937,0
426,ROI 426,point,400,40000.000244140625,743427.5148749786,2439522.4726634617,89.35855561646495,22.043495624801274,power,water,gamma0,39.498531341552734,NISAR_S2_PR_GCOV_028_170_A_013_3700_DHNA_A_20260824T232917_20260824T232954_P00500_M_F_I_001_gcov.tif,Band 2: HVHV,400,0.0116995745227905,0.007059827251109975,0.6034259824883029,2.746325361902872,-19.318299319088982,2.5620095152969173,-27.252309581256885,-24.85443317215268,-19.86638531346365,-16.27360672732013,-12.026641137007967,0
426,ROI 426,point,400,40000.000244140625,743427.5148749786,2439522.4726634617,89.35855561646495,22.043495624801274,power,water,sigma0,39.498531341552734,NISAR_S2_PR_GCOV_028_170_A_013_3700_DHNA_A_20260824T232917_20260824T232954_P00500_M_F_I_001_gcov.tif,Band 1: HHHH,400,0.01864889664729717,0.010671228312669152,0.572217676707204,3.0540592659638883,-17.293468579124184,2.5444989023520668,-27.05825306920422,-22.36433101186893,-17.807473894016315,-14.268970117145754,-11.232206044223316,0
426,ROI 426,point,400,40000.000244140625,743427.5148749786,2439522.4726634617,89.35855561646495,22.043495624801274,power,water,sigma0,39.498531341552734,NISAR_S2_PR_GCOV_028_170_A_013_3700_DHNA_A_20260824T232917_20260824T232954_P00500_M_F_I_001_gcov.tif,Band 2: HVHV,400,0.008928769492027106,0.00538786015089305,0.6034269510153789,2.7463165459614114,-20.49208388776059,2.561994115084677,-28.42594504343669,-26.02817999002155,-21.040199193884888,-17.447655197407183,-13.200045964119699,0
427,ROI 427,point,400,39999.999755859375,744321.6188876401,2440953.044171312,89.36742789136429,22.056284064605972,power,water,gamma0,39.42864990234375,NISAR_S2_PR_GCOV_028_170_A_013_3700_DHNA_A_20260824T232917_20260824T232954_P00500_M_F_I_001_gcov.tif,Band 1: HHHH,400,0.023740456853993237,0.015172382550294418,0.6390939586212033,2.44833350392974,-16.245109278726144,2.6830913644632406,-25.681934452874252,-21.31935826261843,-16.888495192853814,-12.670228848003903,-9.649016417610785,0
427,ROI 427,point,400,39999.999755859375,744321.6188876401,2440953.044171312,89.36742789136429,22.056284064605972,power,water,gamma0,39.42864990234375,NISAR_S2_PR_GCOV_028_170_A_013_3700_DHNA_A_20260824T232917_20260824T232954_P00500_M_F_I_001_gcov.tif,Band 2: HVHV,400,0.012863978304958437,0.008415328265986267,0.6541777408581736,2.336729679225722,-18.90624701030697,2.5751208917785537,-27.25985890723299,-23.80290187337961,-19.69587428138583,-15.807398519278435,-12.454790846573431,0
427,ROI 427,point,400,39999.999755859375,744321.6188876401,2440953.044171312,89.36742789136429,22.056284064605972,power,water,sigma0,39.42864990234375,NISAR_S2_PR_GCOV_028_170_A_013_3700_DHNA_A_20260824T232917_20260824T232954_P00500_M_F_I_001_gcov.tif,Band 1: HHHH,400,0.01813629772778524,0.01159089454821988,0.6390992650314928,2.448292847309172,-17.414513633892078,2.6831127427287917,-26.851626723791462,-22.48911378175017,-18.05780384891659,-13.83951326174832,-10.818068609502747,0
427,ROI 427,point,400,39999.999755859375,744321.6188876401,2440953.044171312,89.36742789136429,22.056284064605972,power,water,sigma0,39.42864990234375,NISAR_S2_PR_GCOV_028_170_A_013_3700_DHNA_A_20260824T232917_20260824T232954_P00500_M_F_I_001_gcov.tif,Band 2: HVHV,400,0.00982730509273469,0.006428838347763199,0.6541812111354952,2.33670488768978,-20.07565560887595,2.5751286727568123,-28.429380390823958,-24.972342806483887,-20.86522051654736,-16.977144195958914,-13.624250658613775,0
428,ROI 428,point,400,40000.0,744838.9186587239,2442294.190684375,89.372639263473,22.068317641835097,power,water,gamma0,39.38101577758789,NISAR_S2_PR_GCOV_028_170_A_013_3700_DHNA_A_20260824T232917_20260824T232954_P00500_M_F_I_001_gcov.tif,Band 1: HHHH,400,0.026324267032323406,0.015421183151579577,0.5858162406818014,2.91391705213161,-15.796437123836531,2.6351333203967853,-25.491225480052393,-21.184623369179466,-16.30501343392413,-12.564201806655637,-10.712216867273147,0
428,ROI 428,point,400,40000.0,744838.9186587239,2442294.190684375,89.372639263473,22.068317641835097,power,water,gamma0,39.38101577758789,NISAR_S2_PR_GCOV_028_170_A_013_3700_DHNA_A_20260824T232917_20260824T232954_P00500_M_F_I_001_gcov.tif,Band 2: HVHV,400,0.013539841282763518,0.008577993845288762,0.633537252479371,2.4914701388075375,-18.683864265241382,2.604101325390687,-27.61110617867866,-23.742984990701544,-19.502713630279935,-15.205267912501625,-12.549689558591906,0
428,ROI 428,point,400,40000.0,744838.9186587239,2442294.190684375,89.372639263473,22.068317641835097,power,water,sigma0,39.38101577758789,NISAR_S2_PR_GCOV_028_170_A_013_3700_DHNA_A_20260824T232917_20260824T232954_P00500_M_F_I_001_gcov.tif,Band 1: HHHH,400,0.020124138978378198,0.011789020547359618,0.5858149041817885,2.913930347985274,-16.962826920750544,2.635131628629174,-26.657410841948604,-22.351074025096615,-17.471360802749615,-13.730527689682352,-11.878858681749367,0
428,ROI 428,point,400,40000.0,744838.9186587239,2442294.190684375,89.372639263473,22.068317641835097,power,water,sigma0,39.38101577758789,NISAR_S2_PR_GCOV_028_170_A_013_3700_DHNA_A_20260824T232917_20260824T232954_P00500_M_F_I_001_gcov.tif,Band 2: HVHV,400,0.01035075347150485,0.006557434211920569,0.6335224029799266,2.491586938206789,-19.85028035076008,2.6040601734775874,-28.777194364357612,-24.909619600164294,-20.66915466017017,-16.37161550471866,-13.716091289283963,0
429,ROI 429,point,400,40000.0,745643.609546875,2443086.1087,89.38055188189074,22.075352748909026,power,water,gamma0,39.3254508972168,NISAR_S2_PR_GCOV_028_170_A_013_3700_DHNA_A_20260824T232917_20260824T232954_P00500_M_F_I_001_gcov.tif,Band 1: HHHH,400,0.024518111639190467,0.015200533936681108,0.6199716422036406,2.601694804991756,-16.10512981798828,2.661487258745984,-26.54522770799183,-21.367153992861482,-16.764402746608052,-12.679621104983749,-10.214359539803722,0
429,ROI 429,point,400,40000.0,745643.609546875,2443086.1087,89.38055188189074,22.075352748909026,power,water,gamma0,39.3254508972168,NISAR_S2_PR_GCOV_028_170_A_013_3700_DHNA_A_20260824T232917_20260824T232954_P00500_M_F_I_001_gcov.tif,Band 2: HVHV,400,0.013104486703232396,0.008560408926676566,0.6532425970232796,2.343424718557106,-18.82579985501018,2.697267646055432,-28.066615840349357,-24.256802564505197,-19.572046459120898,-15.452882642820192,-11.111404176508302,0
429,ROI 429,point,400,40000.0,745643.609546875,2443086.1087,89.38055188189074,22.075352748909026,power,water,sigma0,39.3254508972168,NISAR_S2_PR_GCOV_028_170_A_013_3700_DHNA_A_20260824T232917_20260824T232954_P00500_M_F_I_001_gcov.tif,Band 1: HHHH,400,0.01875832229990712,0.011629683106229586,0.6199745862287038,2.6016700961191765,-17.268060064939746,2.6614978997961454,-27.708227026408053,-22.530198318908838,-17.927383836623342,-13.842250502846543,-11.377232656036467,0
429,ROI 429,point,400,40000.0,745643.609546875,2443086.1087,89.38055188189074,22.075352748909026,power,water,sigma0,39.3254508972168,NISAR_S2_PR_GCOV_028_170_A_013_3700_DHNA_A_20260824T232917_20260824T232954_P00500_M_F_I_001_gcov.tif,Band 2: HVHV,400,0.010025944216842123,0.0065493037307547295,0.6532356044583667,2.3434748892368913,-19.98874716078944,2.697249974794592,-29.229302874261972,-25.419416892880932,-20.734842157564998,-16.615627496526148,-12.274589928988973,0
430,ROI 430,point,400,40000.000244140625,746243.9329770593,2443916.340357477,89.3864917721735,22.082762154457736,power,water,gamma0,39.28053665161133,NISAR_S2_PR_GCOV_028_170_A_013_3700_DHNA_A_20260824T232917_20260824T232954_P00500_M_F_I_001_gcov.tif,Band 1: HHHH,400,0.026610888809664175,0.018545684658301136,0.6969209029788577,2.0588894047517976,-15.749406196731053,2.7576286946371935,-24.061216105379344,-21.231883302553012,-16.612380689186807,-12.219002646699149,-8.568910286096648,0
430,ROI 430,point,400,40000.000244140625,746243.9329770593,2443916.340357477,89.3864917721735,22.082762154457736,power,water,gamma0,39.28053665161133,NISAR_S2_PR_GCOV_028_170_A_013_3700_DHNA_A_20260824T232917_20260824T232954_P00500_M_F_I_001_gcov.tif,Band 2: HVHV,400,0.013133476118382533,0.008105812734380682,0.6171871529910667,2.6252232692792745,-18.816203112883617,2.595061539528811,-27.782470183968712,-23.778662306180344,-19.535632749435003,-15.640925184058691,-12.966587278776204,0
430,ROI 430,point,400,40000.000244140625,746243.9329770593,2443916.340357477,89.3864917721735,22.082762154457736,power,water,sigma0,39.28053665161133,NISAR_S2_PR_GCOV_028_170_A_013_3700_DHNA_A_20260824T232917_20260824T232954_P00500_M_F_I_001_gcov.tif,Band 1: HHHH,400,0.020372643952745195,0.014198226514596731,0.6969260616113371,2.0588589251499245,-16.909526047958853,2.7576431483727895,-25.221611597214707,-22.39193906216595,-17.772568725221017,-13.378924865071511,-9.728984213205761,0
430,ROI 430,point,400,40000.000244140625,746243.9329770593,2443916.340357477,89.3864917721735,22.082762154457736,power,water,sigma0,39.28053665161133,NISAR_S2_PR_GCOV_028_170_A_013_3700_DHNA_A_20260824T232917_20260824T232954_P00500_M_F_I_001_gcov.tif,Band 2: HVHV,400,0.010054641926236006,0.0062055874436832345,0.6171863194342835,2.625230360409044,-19.976333912262493,2.595058824540941,-28.942265508526255,-24.93880808771269,-20.695686559192,-16.80116596856786,-14.127006779027905,0
431,ROI 431,point,400,40000.0,746435.5275631511,2444682.71760625,89.38846380284829,22.089652816386337,power,water,gamma0,39.25865173339844,NISAR_S2_PR_GCOV_028_170_A_013_3700_DHNA_A_20260824T232917_20260824T232954_P00500_M_F_I_001_gcov.tif,Band 1: HHHH,400,0.022379724489874207,0.01311194992576889,0.585885225338741,2.9132308981708066,-16.501452642448378,2.5484156942414,-24.951251581992786,-21.4543257312748,-17.179247543231384,-13.261366235098057,-10.990125143983656,0
431,ROI 431,point,400,40000.0,746435.5275631511,2444682.71760625,89.38846380284829,22.089652816386337,power,water,gamma0,39.25865173339844,NISAR_S2_PR_GCOV_028_170_A_013_3700_DHNA_A_20260824T232917_20260824T232954_P00500_M_F_I_001_gcov.tif,Band 2: HVHV,400,0.01283268257859163,0.007139095564411422,0.5563213708972554,3.2310859656475595,-18.91682548044345,2.4279949867629544,-26.897625776638364,-23.894416392173593,-19.554126919996065,-16.008317305460587,-13.429453837983285,0
431,ROI 431,point,400,40000.0,746435.5275631511,2444682.71760625,89.38846380284829,22.089652816386337,power,water,sigma0,39.25865173339844,NISAR_S2_PR_GCOV_028_170_A_013_3700_DHNA_A_20260824T232917_20260824T232954_P00500_M_F_I_001_gcov.tif,Band 1: HHHH,400,0.01713801388209165,0.010040969198309102,0.5858887305956382,2.913196039701549,-17.66039509718944,2.54841230683818,-26.109970870594562,-22.612922324052857,-18.339441116899938,-14.420412884833462,-12.149017499861596,0
431,ROI 431,point,400,40000.0,746435.5275631511,2444682.71760625,89.38846380284829,22.089652816386337,power,water,sigma0,39.25865173339844,NISAR_S2_PR_GCOV_028_170_A_013_3700_DHNA_A_20260824T232917_20260824T232954_P00500_M_F_I_001_gcov.tif,Band 2: HVHV,400,0.009827039148205886,0.005467008172343152,0.5563230277088352,3.2310667203803134,-20.075773138354364,2.4279861214520833,-28.056318700127648,-25.053171876601283,-20.71293031446473,-17.167141665786133,-14.588447265636248,0
432,ROI 432,point,400,40000.0,745707.4739028646,2447875.9354130207,89.38189624212578,22.11857968065689,power,water,gamma0,39.250003814697266,NISAR_S2_PR_GCOV_028_170_A_013_3700_DHNA_A_20260824T232917_20260824T232954_P00500_M_F_I_001_gcov.tif,Band 1: HHHH,400,0.019651071786647663,0.012408982524232321,0.6314659403292123,2.507841809451501,-17.06613757841581,2.7446042122596754,-24.591053810986775,-22.72554556478447,-17.878590665740212,-13.487851500752946,-11.631320507889733,0
432,ROI 432,point,400,40000.0,745707.4739028646,2447875.9354130207,89.38189624212578,22.11857968065689,power,water,gamma0,39.250003814697266,NISAR_S2_PR_GCOV_028_170_A_013_3700_DHNA_A_20260824T232917_20260824T232954_P00500_M_F_I_001_gcov.tif,Band 2: HVHV,400,0.013291458481689914,0.007743874147052914,0.5826203465722548,2.9459726159031425,-18.76427360983806,2.471946370189094,-26.44741785385976,-23.528038723284084,-19.36338118401502,-15.312528816790438,-13.26943163753966,0
432,ROI 432,point,400,40000.0,745707.4739028646,2447875.9354130207,89.38189624212578,22.11857968065689,power,water,sigma0,39.250003814697266,NISAR_S2_PR_GCOV_028_170_A_013_3700_DHNA_A_20260824T232917_20260824T232954_P00500_M_F_I_001_gcov.tif,Band 1: HHHH,400,0.015051183117973122,0.009504587855319938,0.6314844342017334,2.507694920549514,-18.22429360441445,2.7446606195667087,-25.749064677325563,-23.883918280529876,-19.03690814916994,-14.645684185789719,-12.789716665896835,0
432,ROI 432,point,400,40000.0,745707.4739028646,2447875.9354130207,89.38189624212578,22.11857968065689,power,water,sigma0,39.250003814697266,NISAR_S2_PR_GCOV_028_170_A_013_3700_DHNA_A_20260824T232917_20260824T232954_P00500_M_F_I_001_gcov.tif,Band 2: HVHV,400,0.01018006699071856,0.005931034808713947,0.5826125519725391,2.946051443009912,-19.922493640814128,2.471886759172399,-27.605727487252913,-24.685900057768144,-20.521515502840625,-16.47105124917785,-14.42754287920474,0
433,ROI 433,point,400,40000.000244140625,746576.027627897,2448348.5266663623,89.39038240507048,22.122722534045113,power,water,gamma0,39.19583511352539,NISAR_S2_PR_GCOV_028_170_A_013_3700_DHNA_A_20260824T232917_20260824T232954_P00500_M_F_I_001_gcov.tif,Band 1: HHHH,400,0.01997103575267829,0.011960877566240296,0.5989112289599822,2.787886497986658,-16.995994108424618,2.5878934585474265,-25.919726805373063,-22.425189710663346,-17.682282478189602,-13.475822712236091,-11.083472508954797,0
433,ROI 433,point,400,40000.000244140625,746576.027627897,2448348.5266663623,89.39038240507048,22.122722534045113,power,water,gamma0,39.19583511352539,NISAR_S2_PR_GCOV_028_170_A_013_3700_DHNA_A_20260824T232917_20260824T232954_P00500_M_F_I_001_gcov.tif,Band 2: HVHV,400,0.01245292344072368,0.008083339258993039,0.6491117766418462,2.3733458156648415,-19.04728681890853,2.7078956871683073,-29.647103120649252,-24.412135682496388,-19.783189015663677,-15.59995811997201,-11.228191797021568,0
433,ROI 433,point,400,40000.000244140625,746576.027627897,2448348.5266663623,89.39038240507048,22.122722534045113,power,water,sigma0,39.19583511352539,NISAR_S2_PR_GCOV_028_170_A_013_3700_DHNA_A_20260824T232917_20260824T232954_P00500_M_F_I_001_gcov.tif,Band 1: HHHH,400,0.015308031534276676,0.009167970572805636,0.5988993785567632,2.787996826723569,-18.150806518075953,2.5878692789786526,-27.07469371770298,-23.580116724453624,-18.836800097758232,-14.630375806266429,-12.238191201705737,0
433,ROI 433,point,400,40000.000244140625,746576.027627897,2448348.5266663623,89.39038240507048,22.122722534045113,power,water,sigma0,39.19583511352539,NISAR_S2_PR_GCOV_028_170_A_013_3700_DHNA_A_20260824T232917_20260824T232954_P00500_M_F_I_001_gcov.tif,Band 2: HVHV,400,0.009545300589512796,0.006195799345451305,0.64909421000932,2.3734742785514786,-20.202103907578753,2.7078598972398726,-30.801657692327133,-25.567160461754277,-20.938099396434463,-16.754582652717648,-12.38326644444089,0
434,ROI 434,point,400,40000.0,747623.4045888021,2448603.989075521,89.4005682685413,22.124879515224073,power,water,gamma0,39.13504409790039,NISAR_S2_PR_GCOV_028_170_A_013_3700_DHNA_A_20260824T232917_20260824T232954_P00500_M_F_I_001_gcov.tif,Band 1: HHHH,400,0.01916737740393728,0.01054632828414779,0.5502228114933141,3.303108325516922,-17.174373058447195,2.4606308876042995,-26.06261367464994,-21.701402932036842,-17.695042819770684,-14.025959534146663,-11.694690808229534,0
434,ROI 434,point,400,40000.0,747623.4045888021,2448603.989075521,89.4005682685413,22.124879515224073,power,water,gamma0,39.13504409790039,NISAR_S2_PR_GCOV_028_170_A_013_3700_DHNA_A_20260824T232917_20260824T232954_P00500_M_F_I_001_gcov.tif,Band 2: HVHV,400,0.012192683477769606,0.007148344730447371,0.586281497709724,2.909294076782072,-19.139007003430525,2.55242736593969,-27.145782447040396,-24.467975587048635,-19.754327389894804,-15.699118505428167,-14.011210939583084,0
434,ROI 434,point,400,40000.0,747623.4045888021,2448603.989075521,89.4005682685413,22.124879515224073,power,water,sigma0,39.13504409790039,NISAR_S2_PR_GCOV_028_170_A_013_3700_DHNA_A_20260824T232917_20260824T232954_P00500_M_F_I_001_gcov.tif,Band 1: HHHH,400,0.014704705926993088,0.008090818960510298,0.5502197052209095,3.303145621103053,-18.325436563361855,2.460619313702745,-27.21384798422133,-22.852173303159695,-18.845877330311417,-15.176771041695648,-12.845941314626064,0
434,ROI 434,point,400,40000.0,747623.4045888021,2448603.989075521,89.4005682685413,22.124879515224073,power,water,sigma0,39.13504409790039,NISAR_S2_PR_GCOV_028_170_A_013_3700_DHNA_A_20260824T232917_20260824T232954_P00500_M_F_I_001_gcov.tif,Band 2: HVHV,400,0.009353894675856124,0.005483962502924115,0.5862758447643297,2.9093501806109656,-20.29007524522877,2.552409907651445,-28.29669755650893,-25.618853680995024,-20.905502724541265,-16.8501383243074,-15.162578874768393,0
435,ROI 435,point,400,40000.0,748338.6853772135,2449242.632636979,89.40759582339908,22.130542086439938,power,water,gamma0,39.08686447143555,NISAR_S2_PR_GCOV_028_170_A_013_3700_DHNA_A_20260824T232917_20260824T232954_P00500_M_F_I_001_gcov.tif,Band 1: HHHH,400,0.01829100121802185,0.010854777950235817,0.5934490857471907,2.8394424432694305,-17.377625213381755,2.6105926497118292,-28.26845986484841,-22.3361205036489,-17.920394628623434,-14.032073685217561,-11.922843791327795,0
435,ROI 435,point,400,40000.0,748338.6853772135,2449242.632636979,89.40759582339908,22.130542086439938,power,water,gamma0,39.08686447143555,NISAR_S2_PR_GCOV_028_170_A_013_3700_DHNA_A_20260824T232917_20260824T232954_P00500_M_F_I_001_gcov.tif,Band 2: HVHV,400,0.011301815684419125,0.006649111448791097,0.5883224107041203,2.8891441825435398,-19.46851779668843,2.6801492826831343,-30.016334589255035,-24.844949070226843,-20.046680400805815,-16.168683880793203,-14.451814828230575,0
435,ROI 435,point,400,40000.0,748338.6853772135,2449242.632636979,89.40759582339908,22.130542086439938,power,water,sigma0,39.08686447143555,NISAR_S2_PR_GCOV_028_170_A_013_3700_DHNA_A_20260824T232917_20260824T232954_P00500_M_F_I_001_gcov.tif,Band 1: HHHH,400,0.014041660071606246,0.008333014256919532,0.5934493652762459,2.839439768377441,-18.52581544818833,2.610581991836182,-29.417059957398667,-23.484375928868605,-19.068502053851134,-15.180592023941706,-13.070810951882697,0
435,ROI 435,point,400,40000.0,748338.6853772135,2449242.632636979,89.40759582339908,22.130542086439938,power,water,sigma0,39.08686447143555,NISAR_S2_PR_GCOV_028_170_A_013_3700_DHNA_A_20260824T232917_20260824T232954_P00500_M_F_I_001_gcov.tif,Band 2: HVHV,400,0.008676259945358275,0.005104511461177223,0.5883308583796055,2.889061214339805,-20.616674447694727,2.6802056154817033,-31.164681767705154,-25.993554173583963,-21.194633682492583,-17.316902780672425,-15.599982615207697,0
436,ROI 436,point,400,39999.999755859375,748504.734226453,2450430.5146463453,89.40938701181385,22.14124062679562,power,water,gamma0,39.05961227416992,NISAR_S2_PR_GCOV_028_170_A_013_3700_DHNA_A_20260824T232917_20260824T232954_P00500_M_F_I_001_gcov.tif,Band 1: HHHH,400,0.022109298813156784,0.013398335853027405,0.6060045579127247,2.723003620433333,-16.55425030664417,2.632315502296426,-25.18020578439299,-21.80701432320347,-17.114577529932227,-13.116867105224873,-10.467432646994276,0
436,ROI 436,point,400,39999.999755859375,748504.734226453,2450430.5146463453,89.40938701181385,22.14124062679562,power,water,gamma0,39.05961227416992,NISAR_S2_PR_GCOV_028_170_A_013_3700_DHNA_A_20260824T232917_20260824T232954_P00500_M_F_I_001_gcov.tif,Band 2: HVHV,400,0.011402829673606903,0.006605777127595884,0.5793103393349528,2.9797336165943875,-19.429873627740598,2.3857340566403806,-28.009322281888135,-24.146390671538423,-20.113589058681303,-16.39725539516251,-13.12188441729467,0
436,ROI 436,point,400,39999.999755859375,748504.734226453,2450430.5146463453,89.40938701181385,22.14124062679562,power,water,sigma0,39.05961227416992,NISAR_S2_PR_GCOV_028_170_A_013_3700_DHNA_A_20260824T232917_20260824T232954_P00500_M_F_I_001_gcov.tif,Band 1: HHHH,400,0.0169799339360178,0.010286448548761245,0.6058002691601556,2.7248404397143666,-17.700640038022392,2.6313550512626964,-26.32678331349476,-22.953546005004235,-18.26250659857862,-14.26335432722037,-11.613503924053909,0
436,ROI 436,point,400,39999.999755859375,748504.734226453,2450430.5146463453,89.40938701181385,22.14124062679562,power,water,sigma0,39.05961227416992,NISAR_S2_PR_GCOV_028_170_A_013_3700_DHNA_A_20260824T232917_20260824T232954_P00500_M_F_I_001_gcov.tif,Band 2: HVHV,400,0.008757839542262391,0.005071886942495674,0.57912535597626,2.981637484759166,-20.57603016045971,2.3852063253112226,-29.1559827313962,-25.292866103800613,-21.263511385681575,-17.54374165967929,-14.268521608480235,0
437,ROI 437,point,400,40000.0,748504.7327040364,2452090.982921875,89.40964224015676,22.156228638569182,power,water,gamma0,39.034454345703125,NISAR_S2_PR_GCOV_028_170_A_013_3700_DHNA_A_20260824T232917_20260824T232954_P00500_M_F_I_001_gcov.tif,Band 1: HHHH,400,0.01897947300982196,0.012034883370170384,0.6340999754809988,2.4870500614906,-17.21715850502179,2.6421901657934868,-25.412771849375197,-22.313451282430506,-17.919334107933693,-13.793344539083659,-10.883145840509332,0
437,ROI 437,point,400,40000.0,748504.7327040364,2452090.982921875,89.40964224015676,22.156228638569182,power,water,gamma0,39.034454345703125,NISAR_S2_PR_GCOV_028_170_A_013_3700_DHNA_A_20260824T232917_20260824T232954_P00500_M_F_I_001_gcov.tif,Band 2: HVHV,400,0.011354078835865948,0.007262860957821077,0.6396697665052945,2.4439276830013674,-19.448480946215543,2.752138258943458,-28.422419909334558,-24.901761999612436,-20.152326540055935,-16.027532609727498,-12.39853548971611,0
437,ROI 437,point,400,40000.0,748504.7327040364,2452090.982921875,89.40964224015676,22.156228638569182,power,water,sigma0,39.034454345703125,NISAR_S2_PR_GCOV_028_170_A_013_3700_DHNA_A_20260824T232917_20260824T232954_P00500_M_F_I_001_gcov.tif,Band 1: HHHH,400,0.014653388835809453,0.00932612318857612,0.6364482163870011,2.4687314660576596,-18.340619259927685,2.650347751978372,-26.557445004433657,-23.457626667298502,-19.052617512715486,-14.878225643944305,-12.02768860800232,0
437,ROI 437,point,400,40000.0,748504.7327040364,2452090.982921875,89.40964224015676,22.156228638569182,power,water,sigma0,39.034454345703125,NISAR_S2_PR_GCOV_028_170_A_013_3700_DHNA_A_20260824T232917_20260824T232954_P00500_M_F_I_001_gcov.tif,Band 2: HVHV,400,0.008758939783528036,0.005610522218730143,0.6405480979879812,2.4372299598551086,-20.57548459360387,2.753763309825274,-29.56684509553229,-26.04646883247531,-21.297043462942575,-17.077924885359725,-13.530439827068205,0
438,ROI 438,point,400,39999.999755859375,749130.6049189449,2452499.719792308,89.41576995167505,22.159828260790196,power,water,gamma0,38.9941520690918,NISAR_S2_PR_GCOV_028_170_A_013_3700_DHNA_A_20260824T232917_20260824T232954_P00500_M_F_I_001_gcov.tif,Band 1: HHHH,400,0.018595370632829143,0.011404047626956381,0.6132734782292072,2.6588365058960806,-17.305951610969753,2.686725770993748,-26.517418015865438,-22.94240314673095,-17.788738529240696,-14.184746045628566,-10.88904364466385,0
438,ROI 438,point,400,39999.999755859375,749130.6049189449,2452499.719792308,89.41576995167505,22.159828260790196,power,water,gamma0,38.9941520690918,NISAR_S2_PR_GCOV_028_170_A_013_3700_DHNA_A_20260824T232917_20260824T232954_P00500_M_F_I_001_gcov.tif,Band 2: HVHV,400,0.011434373696392868,0.006433659952187589,0.5626595844263141,3.158701290135111,-19.41787618346229,2.4800200974974507,-29.2939552239601,-24.161955822493777,-20.05151147726044,-16.36048349464891,-13.90468444291437,0
438,ROI 438,point,400,39999.999755859375,749130.6049189449,2452499.719792308,89.41576995167505,22.159828260790196,power,water,sigma0,38.9941520690918,NISAR_S2_PR_GCOV_028_170_A_013_3700_DHNA_A_20260824T232917_20260824T232954_P00500_M_F_I_001_gcov.tif,Band 1: HHHH,400,0.014297353600848947,0.008776420790522821,0.6138493203386741,2.6538504227138486,-18.447443417593615,2.68752118891469,-27.659935393539676,-24.084624143189632,-18.930883053110627,-15.326985858815299,-12.031646896127404,0
438,ROI 438,point,400,39999.999755859375,749130.6049189449,2452499.719792308,89.41576995167505,22.159828260790196,power,water,sigma0,38.9941520690918,NISAR_S2_PR_GCOV_028_170_A_013_3700_DHNA_A_20260824T232917_20260824T232954_P00500_M_F_I_001_gcov.tif,Band 2: HVHV,400,0.00879018819277948,0.004945911565853907,0.5626627618640321,3.1586656149528882,-20.560018268362683,2.4804521877084147,-30.435976924164756,-25.365200710692385,-21.19340369125647,-17.50281111566177,-15.047483358255565,0
439,ROI 439,point,400,40000.000244140625,750063.021468463,2452601.8927820683,89.42482104277215,22.160616321252945,power,water,gamma0,38.94190216064453,NISAR_S2_PR_GCOV_028_170_A_013_3700_DHNA_A_20260824T232917_20260824T232954_P00500_M_F_I_001_gcov.tif,Band 1: HHHH,400,0.01811418161261827,0.011524824044091872,0.6362321130789439,2.4704088150324415,-17.41981282338949,2.7303533496354486,-27.128483320583555,-22.652616479273362,-18.284250804985216,-13.827224044298067,-11.939275061256097,0
439,ROI 439,point,400,40000.000244140625,750063.021468463,2452601.8927820683,89.42482104277215,22.160616321252945,power,water,gamma0,38.94190216064453,NISAR_S2_PR_GCOV_028_170_A_013_3700_DHNA_A_20260824T232917_20260824T232954_P00500_M_F_I_001_gcov.tif,Band 2: HVHV,400,0.011876164448040072,0.007729470287232713,0.6508389405561246,2.36076599622162,-19.253237974028792,2.6682882314069163,-27.487410419483087,-24.1078397964411,-20.00363313454425,-15.767479268453881,-13.086165842821737,0
439,ROI 439,point,400,40000.000244140625,750063.021468463,2452601.8927820683,89.42482104277215,22.160616321252945,power,water,sigma0,38.94190216064453,NISAR_S2_PR_GCOV_028_170_A_013_3700_DHNA_A_20260824T232917_20260824T232954_P00500_M_F_I_001_gcov.tif,Band 1: HHHH,400,0.013935720683411508,0.008867131489176392,0.6362879746672485,2.469975065196176,-18.558705669050653,2.730446224648737,-28.267577906008967,-23.79213007514729,-19.42333076136602,-14.966479088335378,-13.074104358877268,0
439,ROI 439,point,400,40000.000244140625,750063.021468463,2452601.8927820683,89.42482104277215,22.160616321252945,power,water,sigma0,38.94190216064453,NISAR_S2_PR_GCOV_028_170_A_013_3700_DHNA_A_20260824T232917_20260824T232954_P00500_M_F_I_001_gcov.tif,Band 2: HVHV,400,0.009136454996483254,0.005946477238101802,0.6508516968989265,2.360673457643784,-20.392222806457788,2.66822683396498,-28.626380841384016,-25.2468937577413,-21.1414291841832,-16.906479945878864,-14.225299124922067,0
440,ROI 440,point,400,40000.0,750778.3037841145,2452921.219553125,89.43180182164704,22.163395356184317,power,water,gamma0,38.89836883544922,NISAR_S2_PR_GCOV_028_170_A_013_3700_DHNA_A_20260824T232917_20260824T232954_P00500_M_F_I_001_gcov.tif,Band 1: HHHH,400,0.019686907841532958,0.01267893456645284,0.6440287458299785,2.410957170857981,-17.058224917246005,2.815477172578168,-28.355868765438274,-22.484882573050463,-17.82524319175671,-13.5159106809423,-10.94272662724229,0
440,ROI 440,point,400,40000.0,750778.3037841145,2452921.219553125,89.43180182164704,22.163395356184317,power,water,gamma0,38.89836883544922,NISAR_S2_PR_GCOV_028_170_A_013_3700_DHNA_A_20260824T232917_20260824T232954_P00500_M_F_I_001_gcov.tif,Band 2: HVHV,400,0.01215304613840999,0.007336744497362747,0.6036959305350444,2.743869823027646,-19.15314853317121,2.6146180825877954,-27.711793701306288,-24.28914965097797,-19.73606042115253,-15.637740752543346,-13.088022701826832,0
440,ROI 440,point,400,40000.0,750778.3037841145,2452921.219553125,89.43180182164704,22.163395356184317,power,water,sigma0,38.89836883544922,NISAR_S2_PR_GCOV_028_170_A_013_3700_DHNA_A_20260824T232917_20260824T232954_P00500_M_F_I_001_gcov.tif,Band 1: HHHH,400,0.015154436516007985,0.009759863278713784,0.6440268015510977,2.410971727954593,-18.194602072698306,2.815482141306247,-29.492502277776577,-23.62158468590964,-18.961450964798217,-14.652404333666563,-12.079106576257836,0
440,ROI 440,point,400,40000.0,750778.3037841145,2452921.219553125,89.43180182164704,22.163395356184317,power,water,sigma0,38.89836883544922,NISAR_S2_PR_GCOV_028_170_A_013_3700_DHNA_A_20260824T232917_20260824T232954_P00500_M_F_I_001_gcov.tif,Band 2: HVHV,400,0.009355058260078096,0.005647538961187586,0.6036882726094792,2.7439394367176644,-20.289535035192202,2.61460384910787,-28.84789488226852,-25.425497411319782,-20.872399409188226,-16.773927123789385,-14.224664285389348,0
441,ROI 441,point,400,40000.0,751646.8590282552,2452997.856780208,89.44023032470074,22.163961275251264,power,water,gamma0,38.84989929199219,NISAR_S2_PR_GCOV_028_170_A_013_3700_DHNA_A_20260824T232917_20260824T232954_P00500_M_F_I_001_gcov.tif,Band 1: HHHH,400,0.01876150550902821,0.010578186477048682,0.5638239677491959,3.145668352342355,-17.267323147826804,2.3999615127858127,-26.767679391505744,-21.823171463761383,-17.843100820884686,-14.024274325583399,-11.55141700627466,0
441,ROI 441,point,400,40000.0,751646.8590282552,2452997.856780208,89.44023032470074,22.163961275251264,power,water,gamma0,38.84989929199219,NISAR_S2_PR_GCOV_028_170_A_013_3700_DHNA_A_20260824T232917_20260824T232954_P00500_M_F_I_001_gcov.tif,Band 2: HVHV,400,0.012983936460514087,0.0077181223303485,0.5944362369471199,2.83001962725512,-18.865936184833984,2.600354161337191,-28.004437316487056,-24.297163693524094,-19.41686119176694,-15.415199242183565,-12.992058876845697,0
441,ROI 441,point,400,40000.0,751646.8590282552,2452997.856780208,89.44023032470074,22.163961275251264,power,water,sigma0,38.84989929199219,NISAR_S2_PR_GCOV_028_170_A_013_3700_DHNA_A_20260824T232917_20260824T232954_P00500_M_F_I_001_gcov.tif,Band 1: HHHH,400,0.01444137514355811,0.00811468242914992,0.5619051058838848,3.16718945755441,-18.40391450199624,2.3961338741791205,-27.757876230528893,-22.954568489931987,-18.97592084282692,-15.158804592274617,-12.681873034778931,0
441,ROI 441,point,400,40000.0,751646.8590282552,2452997.856780208,89.44023032470074,22.163961275251264,power,water,sigma0,38.84989929199219,NISAR_S2_PR_GCOV_028_170_A_013_3700_DHNA_A_20260824T232917_20260824T232954_P00500_M_F_I_001_gcov.tif,Band 2: HVHV,400,0.009998836533009961,0.005944344529695234,0.5945036215034312,2.8293781212910645,-20.000505316690184,2.5995224836394817,-29.13778137258464,-25.43099098692339,-20.55032954909028,-16.59062806557281,-14.12272580711143,0
442,ROI 442,point,400,40000.0,752234.4111052083,2452512.4876713543,89.4458480916975,22.159494913777056,power,water,gamma0,38.825016021728516,NISAR_S2_PR_GCOV_028_170_A_013_3700_DHNA_A_20260824T232917_20260824T232954_P00500_M_F_I_001_gcov.tif,Band 1: HHHH,400,0.02173763661819976,0.01236745277222532,0.5689419226867889,3.0893287623959376,-16.627876754967026,2.434162878898066,-24.869327797479407,-21.294166862845813,-17.290779658329445,-13.332474601222422,-11.388163140393475,0
442,ROI 442,point,400,40000.0,752234.4111052083,2452512.4876713543,89.4458480916975,22.159494913777056,power,water,gamma0,38.825016021728516,NISAR_S2_PR_GCOV_028_170_A_013_3700_DHNA_A_20260824T232917_20260824T232954_P00500_M_F_I_001_gcov.tif,Band 2: HVHV,400,0.012614845813659485,0.007446867869740764,0.5903257146177101,2.8695685041241945,-18.991180533260415,2.6922551811682847,-28.12664457141313,-24.26116936119935,-19.702742417472294,-15.807082308785347,-13.281381551311146,0
442,ROI 442,point,400,40000.0,752234.4111052083,2452512.4876713543,89.4458480916975,22.159494913777056,power,water,sigma0,38.825016021728516,NISAR_S2_PR_GCOV_028_170_A_013_3700_DHNA_A_20260824T232917_20260824T232954_P00500_M_F_I_001_gcov.tif,Band 1: HHHH,400,0.01674983547568112,0.009529851786898292,0.5689519637810513,3.089219719912367,-17.759894544393596,2.434232349231444,-26.001722291198732,-22.42659503393291,-18.422998303963734,-14.464016466495437,-12.520480025134844,0
442,ROI 442,point,400,40000.0,752234.4111052083,2452512.4876713543,89.4458480916975,22.159494913777056,power,water,sigma0,38.825016021728516,NISAR_S2_PR_GCOV_028_170_A_013_3700_DHNA_A_20260824T232917_20260824T232954_P00500_M_F_I_001_gcov.tif,Band 2: HVHV,400,0.00972025631580361,0.0057380755455940236,0.5903214235477323,2.8696102222916875,-20.123222829058804,2.6922803055122193,-29.25859997113781,-25.39332510337671,-20.834729663977892,-16.93921554510799,-14.413230459793635,0
443,ROI 443,point,400,40000.000244140625,752608.0160577473,2452017.5339252185,89.44939093111894,22.154973041647587,power,water,gamma0,38.81243896484375,NISAR_S2_PR_GCOV_028_170_A_013_3700_DHNA_A_20260824T232917_20260824T232954_P00500_M_F_I_001_gcov.tif,Band 1: HHHH,400,0.0211179931339575,0.013247440978323246,0.6273058663430242,2.5412143679020165,-16.753473556581135,2.7435618596903404,-26.28341247984153,-22.429995107396508,-17.47811497666109,-13.20846067144042,-11.310927575336645,0
443,ROI 443,point,400,40000.000244140625,752608.0160577473,2452017.5339252185,89.44939093111894,22.154973041647587,power,water,gamma0,38.81243896484375,NISAR_S2_PR_GCOV_028_170_A_013_3700_DHNA_A_20260824T232917_20260824T232954_P00500_M_F_I_001_gcov.tif,Band 2: HVHV,400,0.012776047104562167,0.007387466214437584,0.5782278473127742,2.990900692426762,-18.93603495647461,2.6099904247322403,-29.075977303842272,-24.287510825911948,-19.4704981018689,-15.719145053480887,-13.629543609417885,0
443,ROI 443,point,400,40000.000244140625,752608.0160577473,2452017.5339252185,89.44939093111894,22.154973041647587,power,water,sigma0,38.81243896484375,NISAR_S2_PR_GCOV_028_170_A_013_3700_DHNA_A_20260824T232917_20260824T232954_P00500_M_F_I_001_gcov.tif,Band 1: HHHH,400,0.016308885589312937,0.010233876166516463,0.6275030939712171,2.5396171840068313,-17.875757139411597,2.748973295720971,-27.414260766945624,-23.56067578204687,-18.618955604547768,-14.339657639902706,-12.442068064388623,0
443,ROI 443,point,400,40000.000244140625,752608.0160577473,2452017.5339252185,89.44939093111894,22.154973041647587,power,water,sigma0,38.81243896484375,NISAR_S2_PR_GCOV_028_170_A_013_3700_DHNA_A_20260824T232917_20260824T232954_P00500_M_F_I_001_gcov.tif,Band 2: HVHV,400,0.009871157087148384,0.005723981896495527,0.5798693958530743,2.9739908183428123,-20.05631936782214,2.6174061839288414,-30.207131227939307,-25.414830762185417,-20.58558865581471,-16.850052003133552,-14.760602481464286,0
444,ROI 444,point,400,40000.0,753253.047586849,2451295.871686979,89.45552796542133,22.148365233307107,power,water,gamma0,38.78794479370117,NISAR_S2_PR_GCOV_028_170_A_013_3700_DHNA_A_20260824T232917_20260824T232954_P00500_M_F_I_001_gcov.tif,Band 1: HHHH,400,0.01860954270174261,0.01197910662561001,0.643707737347478,2.4133623949498872,-17.302642987956116,2.817789438439486,-27.551160596160493,-22.84699222535157,-17.911732901481315,-13.66789704163695,-10.713541489867609,0
444,ROI 444,point,400,40000.0,753253.047586849,2451295.871686979,89.45552796542133,22.148365233307107,power,water,gamma0,38.78794479370117,NISAR_S2_PR_GCOV_028_170_A_013_3700_DHNA_A_20260824T232917_20260824T232954_P00500_M_F_I_001_gcov.tif,Band 2: HVHV,400,0.01342501542676473,0.008615447111383838,0.6417457885528896,2.42814124133283,-18.720852065777592,2.733489803236475,-27.105565595931097,-24.31281563563622,-19.51990378171528,-15.16145000217964,-12.834800443627403,0
444,ROI 444,point,400,40000.0,753253.047586849,2451295.871686979,89.45552796542133,22.148365233307107,power,water,sigma0,38.78794479370117,NISAR_S2_PR_GCOV_028_170_A_013_3700_DHNA_A_20260824T232917_20260824T232954_P00500_M_F_I_001_gcov.tif,Band 1: HHHH,400,0.014335444565809834,0.009240316450059486,0.644578297355195,2.406847878354186,-18.435888343195703,2.819453116446165,-28.680405481166954,-23.97610655152154,-19.05902983389516,-14.832300649053497,-11.843511945928375,0
444,ROI 444,point,400,40000.0,753253.047586849,2451295.871686979,89.45552796542133,22.148365233307107,power,water,sigma0,38.78794479370117,NISAR_S2_PR_GCOV_028_170_A_013_3700_DHNA_A_20260824T232917_20260824T232954_P00500_M_F_I_001_gcov.tif,Band 2: HVHV,400,0.010334645007960316,0.006628194852220451,0.6413568000753822,2.4310875120950985,-19.857044366691834,2.7301537404889094,-28.23617308310333,-25.442581127711282,-20.667019117424573,-16.29258234239697,-13.96513490602433,0
445,ROI 445,point,400,40000.000244140625,753878.9167429591,2450963.7720488375,89.46153993487074,22.14527624816341,power,water,gamma0,38.759090423583984,NISAR_S2_PR_GCOV_028_170_A_013_3700_DHNA_A_20260824T232917_20260824T232954_P00500_M_F_I_001_gcov.tif,Band 1: HHHH,400,0.01844540393038187,0.01075354077940431,0.5829929677870537,2.9422079698553127,-17.341118298481227,2.4307132244554723,-24.956539934300682,-22.26139816268229,-18.007134183454607,-14.188015995787865,-11.034967358240461,0
445,ROI 445,point,400,40000.000244140625,753878.9167429591,2450963.7720488375,89.46153993487074,22.14527624816341,power,water,gamma0,38.759090423583984,NISAR_S2_PR_GCOV_028_170_A_013_3700_DHNA_A_20260824T232917_20260824T232954_P00500_M_F_I_001_gcov.tif,Band 2: HVHV,400,0.012360715559625533,0.007896653587192704,0.6388508455761224,2.4501972725157923,-19.079563872891413,2.636769258298798,-27.3418215074972,-24.19303875841209,-19.87152282305576,-15.754656959248546,-12.223245127047335,0
445,ROI 445,point,400,40000.000244140625,753878.9167429591,2450963.7720488375,89.46153993487074,22.14527624816341,power,water,sigma0,38.759090423583984,NISAR_S2_PR_GCOV_028_170_A_013_3700_DHNA_A_20260824T232917_20260824T232954_P00500_M_F_I_001_gcov.tif,Band 1: HHHH,400,0.014227750612954355,0.00829497753267822,0.5830139815021532,2.941995880238988,-18.468637558257985,2.430950902170799,-26.084505544382335,-23.38916920957861,-19.135059024448694,-15.315670979598403,-12.162758108530433,0
445,ROI 445,point,400,40000.000244140625,753878.9167429591,2450963.7720488375,89.46153993487074,22.14527624816341,power,water,sigma0,38.759090423583984,NISAR_S2_PR_GCOV_028_170_A_013_3700_DHNA_A_20260824T232917_20260824T232954_P00500_M_F_I_001_gcov.tif,Band 2: HVHV,400,0.00953389907195102,0.0060903365559983064,0.6388085829349962,2.4505214861729065,-20.207294499259426,2.6365902982357534,-28.469531374929144,-25.30363687425586,-20.999387341374423,-16.88239766903022,-13.35105500752815,0
446,ROI 446,point,400,40000.0,763212.6939335938,2430361.1357296873,89.54863467825555,21.957936531373797,power,water,gamma0,38.562374114990234,NISAR_S2_PR_GCOV_028_170_A_013_3700_DHNA_A_20260824T232917_20260824T232954_P00500_M_F_I_001_gcov.tif,Band 1: HHHH,400,0.021946305522578768,0.013744322742733227,0.626270454887854,2.549624081393718,-16.586385791212372,2.7554225419880654,-25.498962368076413,-21.917164350742254,-17.195648282570033,-13.018217549318475,-10.233864181743984,0
446,ROI 446,point,400,40000.0,763212.6939335938,2430361.1357296873,89.54863467825555,21.957936531373797,power,water,gamma0,38.562374114990234,NISAR_S2_PR_GCOV_028_170_A_013_3700_DHNA_A_20260824T232917_20260824T232954_P00500_M_F_I_001_gcov.tif,Band 2: HVHV,400,0.011799786970368587,0.0072417615948120765,0.6137196894314667,2.6549716426328622,-19.281258332386663,2.749052152123741,-28.387749156727622,-24.995912967770035,-19.907813374432976,-15.939679243852447,-13.029615207606962,0
446,ROI 446,point,400,40000.0,763212.6939335938,2430361.1357296873,89.54863467825555,21.957936531373797,power,water,sigma0,38.562374114990234,NISAR_S2_PR_GCOV_028_170_A_013_3700_DHNA_A_20260824T232917_20260824T232954_P00500_M_F_I_001_gcov.tif,Band 1: HHHH,400,0.01697185556574832,0.010629042212621606,0.6262746092461783,2.549590255922466,-17.702706728319722,2.7554066396829406,-26.614227861004455,-23.033526300203476,-18.312156374921585,-14.134338921713063,-11.350036336438245,0
446,ROI 446,point,400,40000.0,763212.6939335938,2430361.1357296873,89.54863467825555,21.957936531373797,power,water,sigma0,38.562374114990234,NISAR_S2_PR_GCOV_028_170_A_013_3700_DHNA_A_20260824T232917_20260824T232954_P00500_M_F_I_001_gcov.tif,Band 2: HVHV,400,0.009125284024961093,0.0056006676292550866,0.613752691306391,2.654686131261091,-20.397536092217713,2.7490893267453043,-29.503681658531953,-26.11215466985424,-21.02399306100775,-17.055748374310603,-14.144880700534998,0
447,ROI 447,point,400,40000.0,763953.5204652344,2429633.08206875,89.55568495818783,21.951253974234696,power,water,gamma0,38.532936096191406,NISAR_S2_PR_GCOV_028_170_A_013_3700_DHNA_A_20260824T232917_20260824T232954_P00500_M_F_I_001_gcov.tif,Band 1: HHHH,400,0.017448791413917208,0.011191296464529245,0.6413794628551198,2.430915712932134,-17.58234648959481,2.7599721997935065,-25.77866973482008,-22.899785022466965,-18.50677522677841,-14.059975783374197,-12.25047939274994,0
447,ROI 447,point,400,40000.0,763953.5204652344,2429633.08206875,89.55568495818783,21.951253974234696,power,water,gamma0,38.532936096191406,NISAR_S2_PR_GCOV_028_170_A_013_3700_DHNA_A_20260824T232917_20260824T232954_P00500_M_F_I_001_gcov.tif,Band 2: HVHV,400,0.01053101388795767,0.006060478102532886,0.5754885680535574,3.0194413498451476,-19.77529814498454,2.5142623572368636,-27.307451533364393,-24.915453047561975,-20.377833934337165,-16.386605717807782,-14.117606484831684,0
447,ROI 447,point,400,40000.0,763953.5204652344,2429633.08206875,89.55568495818783,21.951253974234696,power,water,sigma0,38.532936096191406,NISAR_S2_PR_GCOV_028_170_A_013_3700_DHNA_A_20260824T232917_20260824T232954_P00500_M_F_I_001_gcov.tif,Band 1: HHHH,400,0.01349945569728269,0.008658213301749934,0.6413749928815833,2.4309495969060713,-18.696837420555244,2.759934755285726,-26.892033827495734,-24.01437474380235,-19.622183152882084,-15.176760185328932,-13.36489161174047,0
447,ROI 447,point,400,40000.0,763953.5204652344,2429633.08206875,89.55568495818783,21.951253974234696,power,water,sigma0,38.532936096191406,NISAR_S2_PR_GCOV_028_170_A_013_3700_DHNA_A_20260824T232917_20260824T232954_P00500_M_F_I_001_gcov.tif,Band 2: HVHV,400,0.008147448209831282,0.004688722286634464,0.575483533724918,3.0194941782082902,-20.889783914956475,2.514235100188659,-28.42204409706985,-26.03000828543928,-21.492336572080212,-17.50120230317928,-15.232624343742723,0
448,ROI 448,point,400,40000.0,764387.7980865885,2428841.164052604,89.55975855345922,21.944041012648864,power,water,gamma0,38.52141571044922,NISAR_S2_PR_GCOV_028_170_A_013_3700_DHNA_A_20260824T232917_20260824T232954_P00500_M_F_I_001_gcov.tif,Band 1: HHHH,400,0.01721828293055296,0.010352029643774966,0.6012231118241077,2.7664872040984476,-17.64010160139466,2.4769618428080293,-26.907508384285986,-21.985080201416693,-18.383738828141375,-14.221537689874706,-11.625548276555087,0
448,ROI 448,point,400,40000.0,764387.7980865885,2428841.164052604,89.55975855345922,21.944041012648864,power,water,gamma0,38.52141571044922,NISAR_S2_PR_GCOV_028_170_A_013_3700_DHNA_A_20260824T232917_20260824T232954_P00500_M_F_I_001_gcov.tif,Band 2: HVHV,400,0.010313345633330756,0.006134454836415895,0.5948074518699842,2.826488340969119,-19.86600427403713,2.5659067409329324,-29.5467171019138,-24.88548580427949,-20.501512430475685,-16.604090174337614,-13.992113414492866,0
448,ROI 448,point,400,40000.0,764387.7980865885,2428841.164052604,89.55975855345922,21.944041012648864,power,water,sigma0,38.52141571044922,NISAR_S2_PR_GCOV_028_170_A_013_3700_DHNA_A_20260824T232917_20260824T232954_P00500_M_F_I_001_gcov.tif,Band 1: HHHH,400,0.013324176799019349,0.00801065185311523,0.601211765195491,2.766591628532261,-18.753596132722834,2.4768911490452945,-28.020845716754323,-23.098663628643973,-19.497285304155255,-15.334789760739191,-12.739298738100208,0
448,ROI 448,point,400,40000.0,764387.7980865885,2428841.164052604,89.55975855345922,21.944041012648864,power,water,sigma0,38.52141571044922,NISAR_S2_PR_GCOV_028_170_A_013_3700_DHNA_A_20260824T232917_20260824T232954_P00500_M_F_I_001_gcov.tif,Band 2: HVHV,400,0.007980895576163927,0.004747067589365184,0.5948038718289927,2.826522365544459,-20.979483715612204,2.5658576164050593,-30.659998907478005,-25.99920106662936,-21.614866527943487,-17.717543562136594,-15.105727723085629,0
449,ROI 449,point,400,40000.0,765077.5331341146,2428291.930588021,89.56634235699661,21.938979752681803,power,water,gamma0,38.491947174072266,NISAR_S2_PR_GCOV_028_170_A_013_3700_DHNA_A_20260824T232917_20260824T232954_P00500_M_F_I_001_gcov.tif,Band 1: HHHH,400,0.018537521350663156,0.011705894064088599,0.6314702943643453,2.5078072260552613,-17.31948335762895,2.871759396131593,-28.978389484203145,-22.781647672201416,-18.14225375380698,-13.835331998477422,-11.792204964001048,0
449,ROI 449,point,400,40000.0,765077.5331341146,2428291.930588021,89.56634235699661,21.938979752681803,power,water,gamma0,38.491947174072266,NISAR_S2_PR_GCOV_028_170_A_013_3700_DHNA_A_20260824T232917_20260824T232954_P00500_M_F_I_001_gcov.tif,Band 2: HVHV,400,0.011354334917268716,0.006244034691214345,0.5499251815901469,3.3066847023811836,-19.448382995965602,2.5042081173585595,-28.449080367134776,-24.844571149165557,-19.88529977452347,-16.393461344964358,-14.15893503680027,0
449,ROI 449,point,400,40000.0,765077.5331341146,2428291.930588021,89.56634235699661,21.938979752681803,power,water,sigma0,38.491947174072266,NISAR_S2_PR_GCOV_028_170_A_013_3700_DHNA_A_20260824T232917_20260824T232954_P00500_M_F_I_001_gcov.tif,Band 1: HHHH,400,0.014351042953094435,0.009062308281641849,0.6314738455777386,2.5077790198718075,-18.431165357024966,2.871774334547006,-30.09000681578774,-23.893550748265064,-19.25386242770032,-14.946935320142636,-12.903715967510452,0
449,ROI 449,point,400,40000.0,765077.5331341146,2428291.930588021,89.56634235699661,21.938979752681803,power,water,sigma0,38.491947174072266,NISAR_S2_PR_GCOV_028_170_A_013_3700_DHNA_A_20260824T232917_20260824T232954_P00500_M_F_I_001_gcov.tif,Band 2: HVHV,400,0.008790080887910225,0.004833897668152293,0.5499264147615274,3.3066698723811774,-20.560071284516628,2.5042131520366016,-29.561001985268582,-25.956068091008508,-20.996787155684924,-17.504980063203764,-15.270362450883306,0
450,ROI 450,point,400,40000.0,765882.224021875,2428368.5678177085,89.5741394170475,21.9395496323928,power,water,gamma0,38.44632339477539,NISAR_S2_PR_GCOV_028_170_A_013_3700_DHNA_A_20260824T232917_20260824T232954_P00500_M_F_I_001_gcov.tif,Band 1: HHHH,400,0.021035453063668684,0.013321434922110399,0.6332849062860677,2.4934560957164256,-16.77048129668744,2.664482253882548,-26.186016462329064,-22.12323774556942,-17.62063223558593,-13.034045708355748,-10.540925587636362,0
450,ROI 450,point,400,40000.0,765882.224021875,2428368.5678177085,89.5741394170475,21.9395496323928,power,water,gamma0,38.44632339477539,NISAR_S2_PR_GCOV_028_170_A_013_3700_DHNA_A_20260824T232917_20260824T232954_P00500_M_F_I_001_gcov.tif,Band 2: HVHV,400,0.011443527137453202,0.007558641322784446,0.6605167473274896,2.2920935172729395,-19.414400961514332,2.8031551960343837,-29.207818271661555,-25.122250142698064,-20.18112043750311,-15.668984969441803,-13.421597848568492,0
450,ROI 450,point,400,40000.0,765882.224021875,2428368.5678177085,89.5741394170475,21.9395496323928,power,water,sigma0,38.44632339477539,NISAR_S2_PR_GCOV_028_170_A_013_3700_DHNA_A_20260824T232917_20260824T232954_P00500_M_F_I_001_gcov.tif,Band 1: HHHH,400,0.01629510679885632,0.010319471782547586,0.6332865387093911,2.493443240964614,-17.87942788804116,2.664489995575303,-27.294680312968342,-23.2322901870969,-18.729736267825857,-14.142769768167236,-11.649874136415788,0
450,ROI 450,point,400,40000.0,765882.224021875,2428368.5678177085,89.5741394170475,21.9395496323928,power,water,sigma0,38.44632339477539,NISAR_S2_PR_GCOV_028_170_A_013_3700_DHNA_A_20260824T232917_20260824T232954_P00500_M_F_I_001_gcov.tif,Band 2: HVHV,400,0.008864742009435439,0.005855394678209592,0.660526236632407,2.292027660031115,-20.52333899150369,2.8031732471312787,-30.31716549603275,-26.231301158775494,-21.28996458966779,-16.777653392657367,-14.53021558788495,0
451,ROI 451,point,400,40000.0,766623.0505532552,2429122.167219271,89.58142900833245,21.946238711860826,power,water,gamma0,38.39393615722656,NISAR_S2_PR_GCOV_028_170_A_013_3700_DHNA_A_20260824T232917_20260824T232954_P00500_M_F_I_001_gcov.tif,Band 1: HHHH,400,0.023509002253995277,0.016140332859773215,0.6865596712863566,2.1215018825880247,-16.287658023841733,2.8263525181766185,-25.304328917502108,-21.88090439244141,-17.150971273317,-12.621545755319818,-9.32788752949248,0
451,ROI 451,point,400,40000.0,766623.0505532552,2429122.167219271,89.58142900833245,21.946238711860826,power,water,gamma0,38.39393615722656,NISAR_S2_PR_GCOV_028_170_A_013_3700_DHNA_A_20260824T232917_20260824T232954_P00500_M_F_I_001_gcov.tif,Band 2: HVHV,400,0.01096023706748383,0.006805785984985702,0.6209524431890892,2.59348248663309,-19.601800520572528,2.6292036064204125,-27.8028505825851,-24.711430604429033,-20.242297572165104,-16.37327211008812,-12.527424236453811,0
451,ROI 451,point,400,40000.0,766623.0505532552,2429122.167219271,89.58142900833245,21.946238711860826,power,water,sigma0,38.39393615722656,NISAR_S2_PR_GCOV_028_170_A_013_3700_DHNA_A_20260824T232917_20260824T232954_P00500_M_F_I_001_gcov.tif,Band 1: HHHH,400,0.018224398697164666,0.01251208744675111,0.6865569424080767,2.1215187474146875,-17.39346792053138,2.8263728732031583,-26.40980655863539,-22.986687598023376,-18.256661976691912,-13.727167436861347,-10.434081104244886,0
451,ROI 451,point,400,40000.0,766623.0505532552,2429122.167219271,89.58142900833245,21.946238711860826,power,water,sigma0,38.39393615722656,NISAR_S2_PR_GCOV_028_170_A_013_3700_DHNA_A_20260824T232917_20260824T232954_P00500_M_F_I_001_gcov.tif,Band 2: HVHV,400,0.008496448850528788,0.005275901408033145,0.620953706760065,2.5934719317533093,-20.70762552741091,2.629190233036479,-28.90838031192226,-25.81693498529939,-21.348277468812903,-17.47935173683291,-13.63325315116386,0
452,ROI 452,point,400,39999.999755859375,767453.2887456215,2429403.175328942,89.58950702553193,21.94864845205517,power,water,gamma0,38.34388732910156,NISAR_S2_PR_GCOV_028_170_A_013_3700_DHNA_A_20260824T232917_20260824T232954_P00500_M_F_I_001_gcov.tif,Band 1: HHHH,400,0.019454961050651035,0.01218536278143375,0.6263370432718487,2.5490819888432252,-17.109696343284607,2.5625608079265936,-25.38822215689944,-22.258741256715872,-17.85221510890244,-13.694169835556952,-10.44773806843379,0
452,ROI 452,point,400,39999.999755859375,767453.2887456215,2429403.175328942,89.58950702553193,21.94864845205517,power,water,gamma0,38.34388732910156,NISAR_S2_PR_GCOV_028_170_A_013_3700_DHNA_A_20260824T232917_20260824T232954_P00500_M_F_I_001_gcov.tif,Band 2: HVHV,400,0.011135553944914136,0.006706991947343782,0.6023042931247278,2.7565640152170365,-19.532881738490172,2.555744288460341,-27.65725582004885,-24.75338878040253,-20.29752439277056,-16.371175058338597,-13.57963284962004,0
452,ROI 452,point,400,39999.999755859375,767453.2887456215,2429403.175328942,89.58950702553193,21.94864845205517,power,water,sigma0,38.34388732910156,NISAR_S2_PR_GCOV_028_170_A_013_3700_DHNA_A_20260824T232917_20260824T232954_P00500_M_F_I_001_gcov.tif,Band 1: HHHH,400,0.015092238448678357,0.00945289054334491,0.6263411869279543,2.5490482612697303,-18.212463418140615,2.5625545746104725,-26.490760164546863,-23.361427431779155,-18.955039772905444,-14.796590163568839,-11.550171972036111,0
452,ROI 452,point,400,39999.999755859375,767453.2887456215,2429403.175328942,89.58950702553193,21.94864845205517,power,water,sigma0,38.34388732910156,NISAR_S2_PR_GCOV_028_170_A_013_3700_DHNA_A_20260824T232917_20260824T232954_P00500_M_F_I_001_gcov.tif,Band 2: HVHV,400,0.008638448611740788,0.0052030191236216074,0.6023094374318578,2.756516927954315,-20.63564245930508,2.555756998160573,-28.760129847201146,-25.856159774934536,-21.40051901587507,-17.473999805851744,-14.682131817958112,0
453,ROI 453,point,400,40000.000244140625,768577.2982891848,2429492.5755423876,89.60039593472766,21.949283463956363,power,water,gamma0,38.28071975708008,NISAR_S2_PR_GCOV_028_170_A_013_3700_DHNA_A_20260824T232917_20260824T232954_P00500_M_F_I_001_gcov.tif,Band 1: HHHH,400,0.019942584271193484,0.01366251754256181,0.6850926317657308,2.1305974684649733,-17.002185640786895,2.8486128684448313,-25.804743075664057,-22.748190817776404,-17.85124755341194,-13.267520155017955,-9.212092780201779,0
453,ROI 453,point,400,40000.000244140625,768577.2982891848,2429492.5755423876,89.60039593472766,21.949283463956363,power,water,gamma0,38.28071975708008,NISAR_S2_PR_GCOV_028_170_A_013_3700_DHNA_A_20260824T232917_20260824T232954_P00500_M_F_I_001_gcov.tif,Band 2: HVHV,400,0.011984053914784455,0.007217891962671838,0.6022913459832894,2.7566825293149972,-19.213962458027602,2.5342316131090503,-25.942173352928883,-24.0612737566688,-19.985826818027654,-15.635117831849687,-13.85664446338968,0
453,ROI 453,point,400,40000.000244140625,768577.2982891848,2429492.5755423876,89.60039593472766,21.949283463956363,power,water,sigma0,38.28071975708008,NISAR_S2_PR_GCOV_028_170_A_013_3700_DHNA_A_20260824T232917_20260824T232954_P00500_M_F_I_001_gcov.tif,Band 1: HHHH,400,0.015484165832891366,0.010608038857223697,0.6850894631140005,2.130617177239756,-18.101121861050864,2.8486035093829805,-26.903432561527314,-23.84721663832686,-18.95035856992021,-14.366588784444161,-10.3109859631242,0
453,ROI 453,point,400,40000.000244140625,768577.2982891848,2429492.5755423876,89.60039593472766,21.949283463956363,power,water,sigma0,38.28071975708008,NISAR_S2_PR_GCOV_028_170_A_013_3700_DHNA_A_20260824T232917_20260824T232954_P00500_M_F_I_001_gcov.tif,Band 2: HVHV,400,0.009304854108728921,0.005604171677855985,0.6022847443248668,2.756742961781028,-20.312904318046485,2.5342100338626308,-27.041114544405392,-25.160101730707872,-21.084746871648072,-16.734098581629002,-14.95552064340979,0
454,ROI 454,point,400,40000.0,769662.9939079427,2429543.671971354,89.61090787661094,21.949577938800825,power,water,gamma0,38.21974563598633,NISAR_S2_PR_GCOV_028_170_A_013_3700_DHNA_A_20260824T232917_20260824T232954_P00500_M_F_I_001_gcov.tif,Band 1: HHHH,400,0.01782304007152561,0.010650524745826487,0.5975705998014303,2.8004095854087936,-17.49018216478644,2.6155879202808445,-26.96691886377328,-22.67028945966631,-18.063588440260016,-13.876792436840633,-11.753074536800092,0
454,ROI 454,point,400,40000.0,769662.9939079427,2429543.671971354,89.61090787661094,21.949577938800825,power,water,gamma0,38.21974563598633,NISAR_S2_PR_GCOV_028_170_A_013_3700_DHNA_A_20260824T232917_20260824T232954_P00500_M_F_I_001_gcov.tif,Band 2: HVHV,400,0.011394428031053394,0.006521112499156163,0.572307138312172,3.053104534943777,-19.43307470324922,2.5350097142757315,-26.92730145173712,-24.596765650904878,-20.031390800734734,-16.1670223786798,-14.393925527855151,0
454,ROI 454,point,400,40000.0,769662.9939079427,2429543.671971354,89.61090787661094,21.949577938800825,power,water,sigma0,38.21974563598633,NISAR_S2_PR_GCOV_028_170_A_013_3700_DHNA_A_20260824T232917_20260824T232954_P00500_M_F_I_001_gcov.tif,Band 1: HHHH,400,0.013850098389465312,0.008276490179327795,0.597576273221501,2.8003564111940875,-18.585471414118008,2.6155996643699377,-28.06231784921005,-23.765659602951356,-19.158989755570467,-14.97179760111285,-12.84819504053318,0
454,ROI 454,point,400,40000.0,769662.9939079427,2429543.671971354,89.61090787661094,21.949577938800825,power,water,sigma0,38.21974563598633,NISAR_S2_PR_GCOV_028_170_A_013_3700_DHNA_A_20260824T232917_20260824T232954_P00500_M_F_I_001_gcov.tif,Band 2: HVHV,400,0.008854461866906953,0.005067457458024568,0.572305526207516,3.053121735305272,-20.528378280746455,2.5349953996091785,-28.022417292053028,-25.69176093978377,-21.12691155632168,-17.26213017645691,-15.489035705456933,0
455,ROI 455,point,400,40000.0,770531.5491526042,2429543.671971354,89.61931063204347,21.949444108892582,power,water,gamma0,38.17161560058594,NISAR_S2_PR_GCOV_028_170_A_013_3700_DHNA_A_20260824T232917_20260824T232954_P00500_M_F_I_001_gcov.tif,Band 1: HHHH,400,0.021074172270600683,0.013514699498367075,0.6412920671252471,2.431578331855436,-16.762494741347812,2.8096916075085296,-25.44918937779976,-22.406989105158953,-17.486526082001514,-13.28756509116184,-10.6771995140756,0
455,ROI 455,point,400,40000.0,770531.5491526042,2429543.671971354,89.61931063204347,21.949444108892582,power,water,gamma0,38.17161560058594,NISAR_S2_PR_GCOV_028_170_A_013_3700_DHNA_A_20260824T232917_20260824T232954_P00500_M_F_I_001_gcov.tif,Band 2: HVHV,400,0.010618283439835069,0.006325521494136951,0.5957197818252253,2.8178375777727505,-19.739456859723184,2.4940312858323046,-27.27833282880971,-24.753264313374217,-20.221740051268874,-16.856380390135005,-12.672901396827609,0
455,ROI 455,point,400,40000.0,770531.5491526042,2429543.671971354,89.61931063204347,21.949444108892582,power,water,sigma0,38.17161560058594,NISAR_S2_PR_GCOV_028_170_A_013_3700_DHNA_A_20260824T232917_20260824T232954_P00500_M_F_I_001_gcov.tif,Band 1: HHHH,400,0.0163871231258918,0.010517144510864088,0.6417932195948968,2.4277823562278757,-17.854972831723494,2.8100148654996255,-26.5425774336113,-23.50045410717595,-18.57892623964551,-14.379828681180985,-11.722675280603534,0
455,ROI 455,point,400,40000.0,770531.5491526042,2429543.671971354,89.61931063204347,21.949444108892582,power,water,sigma0,38.17161560058594,NISAR_S2_PR_GCOV_028_170_A_013_3700_DHNA_A_20260824T232917_20260824T232954_P00500_M_F_I_001_gcov.tif,Band 2: HVHV,400,0.008255809920810278,0.004917468656113885,0.5956373394351663,2.8186176676910115,-20.832403146622998,2.493967455807994,-28.370705449249595,-25.846015655632222,-21.318535351786785,-17.94966439377144,-13.76521309869454,0
456,ROI 456,point,400,40000.0,771259.6028130208,2428917.8012796873,89.62625026850904,21.943683058341193,power,water,gamma0,38.14150619506836,NISAR_S2_PR_GCOV_028_170_A_013_3700_DHNA_A_20260824T232917_20260824T232954_P00500_M_F_I_001_gcov.tif,Band 1: HHHH,400,0.021553537076688372,0.01422015759499519,0.6597598131758737,2.2973559145223095,-16.664814490839365,2.757906184783324,-27.459056521826536,-22.465192003003438,-17.393650601002612,-13.173512998871281,-10.112362396994797,0
456,ROI 456,point,400,40000.0,771259.6028130208,2428917.8012796873,89.62625026850904,21.943683058341193,power,water,gamma0,38.14150619506836,NISAR_S2_PR_GCOV_028_170_A_013_3700_DHNA_A_20260824T232917_20260824T232954_P00500_M_F_I_001_gcov.tif,Band 2: HVHV,400,0.01101508691033814,0.007863200804889272,0.7138573548166302,1.9623529531652282,-19.580120718648825,2.9113591768247997,-28.803324967297872,-25.556585044254206,-20.499759971499802,-16.145629872877574,-12.48434641722154,0
456,ROI 456,point,400,40000.0,771259.6028130208,2428917.8012796873,89.62625026850904,21.943683058341193,power,water,sigma0,38.14150619506836,NISAR_S2_PR_GCOV_028_170_A_013_3700_DHNA_A_20260824T232917_20260824T232954_P00500_M_F_I_001_gcov.tif,Band 1: HHHH,400,0.01676646555606222,0.011061783516391912,0.6597564334238784,2.2973794520362483,-17.75558478913213,2.7579330728334894,-28.550125737848575,-23.556529392615694,-18.484291671223666,-14.264252898590179,-11.203878906911367,0
456,ROI 456,point,400,40000.0,771259.6028130208,2428917.8012796873,89.62625026850904,21.943683058341193,power,water,sigma0,38.14150619506836,NISAR_S2_PR_GCOV_028_170_A_013_3700_DHNA_A_20260824T232917_20260824T232954_P00500_M_F_I_001_gcov.tif,Band 2: HVHV,400,0.008568558629470858,0.006116725100721524,0.7138569466845389,1.9623551970306052,-20.670922273083264,2.911312555517682,-29.89374828437218,-26.646883984517935,-21.590499087563284,-17.236462590297894,-13.57515140537108,0
457,ROI 457,point,400,40000.0,771949.3378592448,2427589.422672396,89.63270193610703,21.93158753465886,power,water,gamma0,38.123809814453125,NISAR_S2_PR_GCOV_028_170_A_013_3700_DHNA_A_20260824T232917_20260824T232954_P00500_M_F_I_001_gcov.tif,Band 1: HHHH,400,0.019107692135148683,0.01111450309149616,0.5816768981247601,2.955536782182843,-17.18791764724,2.57660396308523,-26.766811896946365,-22.24455428368256,-17.847663582118905,-14.108220122224713,-11.554090643617926,0
457,ROI 457,point,400,40000.0,771949.3378592448,2427589.422672396,89.63270193610703,21.93158753465886,power,water,gamma0,38.123809814453125,NISAR_S2_PR_GCOV_028_170_A_013_3700_DHNA_A_20260824T232917_20260824T232954_P00500_M_F_I_001_gcov.tif,Band 2: HVHV,400,0.011056121075234841,0.0074764125091393374,0.6762238273499128,2.186850332737597,-19.563972139985967,2.7121704588227744,-27.503414734597186,-25.018208647440044,-20.355854039469186,-15.85494605066218,-12.840244943805658,0
457,ROI 457,point,400,40000.0,771949.3378592448,2427589.422672396,89.63270193610703,21.93158753465886,power,water,sigma0,38.123809814453125,NISAR_S2_PR_GCOV_028_170_A_013_3700_DHNA_A_20260824T232917_20260824T232954_P00500_M_F_I_001_gcov.tif,Band 1: HHHH,400,0.014868181066633394,0.008648534446543774,0.5816807320131772,2.9554978221132733,-18.277421586496963,2.576629644502904,-27.856594734192083,-23.334287125283872,-18.93725133694254,-15.197895799459086,-12.643403744794934,0
457,ROI 457,point,400,40000.0,771949.3378592448,2427589.422672396,89.63270193610703,21.93158753465886,power,water,sigma0,38.123809814453125,NISAR_S2_PR_GCOV_028_170_A_013_3700_DHNA_A_20260824T232917_20260824T232954_P00500_M_F_I_001_gcov.tif,Band 2: HVHV,400,0.008603040624207824,0.005817607227383293,0.6762268692551925,2.186830658344539,-20.65348026323091,2.7121856557830726,-28.593003949262986,-26.107619781186386,-21.44510955852262,-16.94466010514884,-13.929496504007057,0
458,ROI 458,point,400,40000.0,773098.8962705729,2426248.271190625,89.64359795904232,21.91930510535945,power,water,gamma0,38.080787658691406,NISAR_S2_PR_GCOV_028_170_A_013_3700_DHNA_A_20260824T232917_20260824T232954_P00500_M_F_I_001_gcov.tif,Band 1: HHHH,400,0.018540075364289806,0.011585249833464031,0.6248760917001707,2.5610153587295215,-17.318885048070193,2.6170804601780824,-26.624324694898306,-22.294382664061846,-18.154328461450287,-13.982762272312943,-10.519359005087862,0
458,ROI 458,point,400,40000.0,773098.8962705729,2426248.271190625,89.64359795904232,21.91930510535945,power,water,gamma0,38.080787658691406,NISAR_S2_PR_GCOV_028_170_A_013_3700_DHNA_A_20260824T232917_20260824T232954_P00500_M_F_I_001_gcov.tif,Band 2: HVHV,400,0.011109401942812838,0.00771659132510421,0.6946000662165629,2.072670944064143,-19.543093199904806,2.776471435130696,-30.965443553793932,-24.93324822490429,-20.2856969314664,-15.887262891678144,-11.458887146665631,0
458,ROI 458,point,400,40000.0,773098.8962705729,2426248.271190625,89.64359795904232,21.91930510535945,power,water,sigma0,38.080787658691406,NISAR_S2_PR_GCOV_028_170_A_013_3700_DHNA_A_20260824T232917_20260824T232954_P00500_M_F_I_001_gcov.tif,Band 1: HHHH,400,0.014434594872654187,0.00901993362910881,0.6248830471991108,2.5609583463315846,-18.405954007018476,2.6170692374646443,-27.711284890390164,-23.38152511168742,-19.24163356081606,-15.07005394077612,-11.60600502202727,0
458,ROI 458,point,400,40000.0,773098.8962705729,2426248.271190625,89.64359795904232,21.91930510535945,power,water,sigma0,38.080787658691406,NISAR_S2_PR_GCOV_028_170_A_013_3700_DHNA_A_20260824T232917_20260824T232954_P00500_M_F_I_001_gcov.tif,Band 2: HVHV,400,0.008649401308786154,0.00600804436629993,0.6946196796530755,2.0725538969166712,-20.630139523373717,2.7764969117213734,-32.0524981735254,-26.020318661709,-21.372750115717928,-16.974115743123992,-12.545450716278905,0
459,ROI 459,point,400,40000.0,773711.9940903645,2424881.573969271,89.64929963796487,21.906875241934422,power,water,gamma0,38.06743240356445,NISAR_S2_PR_GCOV_028_170_A_013_3700_DHNA_A_20260824T232917_20260824T232954_P00500_M_F_I_001_gcov.tif,Band 1: HHHH,400,0.022248862631968222,0.014513262181776324,0.6523147911805154,2.3500956983332584,-16.52692185370033,2.767440951169905,-27.32525763536357,-21.9392576932973,-17.24922578699374,-13.053320622600666,-9.493175737153617,0
459,ROI 459,point,400,40000.0,773711.9940903645,2424881.573969271,89.64929963796487,21.906875241934422,power,water,gamma0,38.06743240356445,NISAR_S2_PR_GCOV_028_170_A_013_3700_DHNA_A_20260824T232917_20260824T232954_P00500_M_F_I_001_gcov.tif,Band 2: HVHV,400,0.01085457572771702,0.007467522524042162,0.6879607928823914,2.112869253486725,-19.643871471254837,2.7648321765634374,-28.18554096561446,-25.48292173051703,-20.545534680132157,-16.00869609345829,-11.88292726907985,0
459,ROI 459,point,400,40000.0,773711.9940903645,2424881.573969271,89.64929963796487,21.906875241934422,power,water,sigma0,38.06743240356445,NISAR_S2_PR_GCOV_028_170_A_013_3700_DHNA_A_20260824T232917_20260824T232954_P00500_M_F_I_001_gcov.tif,Band 1: HHHH,400,0.017325074838057185,0.011301398423934563,0.6523145515717662,2.350097424811973,-17.613248807170173,2.7674361899347226,-28.411385722891715,-23.02546109005312,-18.335377521952633,-14.139488363059467,-10.57937662360888,0
459,ROI 459,point,400,40000.0,773711.9940903645,2424881.573969271,89.64929963796487,21.906875241934422,power,water,sigma0,38.06743240356445,NISAR_S2_PR_GCOV_028_170_A_013_3700_DHNA_A_20260824T232917_20260824T232954_P00500_M_F_I_001_gcov.tif,Band 2: HVHV,400,0.008452419560977505,0.0058149358344474315,0.6879610971151254,2.1128673847652224,-20.73018953586722,2.7648398061630135,-29.27160124154114,-26.569916233029677,-21.631600240229805,-17.095059527069424,-12.96922987662776,0
460,ROI 460,point,400,40000.0,774695.5051755208,2423949.154369271,89.6586551824587,21.89830673315599,power,water,gamma0,38.0275993347168,NISAR_S2_PR_GCOV_028_170_A_013_3700_DHNA_A_20260824T232917_20260824T232954_P00500_M_F_I_001_gcov.tif,Band 1: HHHH,400,0.017747801059740595,0.010581278080827249,0.596202202470592,2.8132792818099106,-17.508554480612478,2.5303958975778387,-27.489420534807888,-22.449743939628455,-18.035514071103492,-14.434297481212646,-10.855540075505035,0
460,ROI 460,point,400,40000.0,774695.5051755208,2423949.154369271,89.6586551824587,21.89830673315599,power,water,gamma0,38.0275993347168,NISAR_S2_PR_GCOV_028_170_A_013_3700_DHNA_A_20260824T232917_20260824T232954_P00500_M_F_I_001_gcov.tif,Band 2: HVHV,400,0.01022491709474707,0.006798157089342536,0.6648618298171834,2.26223230022926,-19.9034020463503,2.799354225854328,-32.638230749021865,-25.495211003004982,-20.70893221989361,-16.076653189248574,-13.509700446012873,0
460,ROI 460,point,400,40000.0,774695.5051755208,2423949.154369271,89.6586551824587,21.89830673315599,power,water,sigma0,38.0275993347168,NISAR_S2_PR_GCOV_028_170_A_013_3700_DHNA_A_20260824T232917_20260824T232954_P00500_M_F_I_001_gcov.tif,Band 1: HHHH,400,0.013828197944446279,0.00824429684311848,0.5961945928340994,2.813351097856439,-18.59234412354576,2.530399095956938,-28.573547960542903,-23.533876969267155,-19.119281391679387,-15.51815280386187,-11.939330603367937,0
460,ROI 460,point,400,40000.0,774695.5051755208,2423949.154369271,89.6586551824587,21.89830673315599,power,water,sigma0,38.0275993347168,NISAR_S2_PR_GCOV_028_170_A_013_3700_DHNA_A_20260824T232917_20260824T232954_P00500_M_F_I_001_gcov.tif,Band 2: HVHV,400,0.007966764872351427,0.005296849403965759,0.6648682983413278,2.262188281787993,-20.987180002245655,2.799360597009997,-33.72226015936669,-26.578972503925904,-21.79287231846669,-17.16036042633677,-14.593281007356838,0
461,ROI 461,point,400,40000.0,776368.7513074218,2424945.438327604,89.67500428185355,21.9070356546555,power,water,gamma0,37.9193115234375,NISAR_S2_PR_GCOV_028_170_A_013_3700_DHNA_A_20260824T232917_20260824T232954_P00500_M_F_I_001_gcov.tif,Band 1: HHHH,400,0.019154159108293243,0.012531062387182781,0.6542214835083605,2.336417212165658,-17.177369093370903,2.8186234256974747,-26.888392849745447,-22.48803912264823,-18.01040072426464,-13.720170957130104,-11.260082195948538,0
461,ROI 461,point,400,40000.0,776368.7513074218,2424945.438327604,89.67500428185355,21.9070356546555,power,water,gamma0,37.9193115234375,NISAR_S2_PR_GCOV_028_170_A_013_3700_DHNA_A_20260824T232917_20260824T232954_P00500_M_F_I_001_gcov.tif,Band 2: HVHV,400,0.011304003483091947,0.007285702093565827,0.6445240488879426,2.4072530557975056,-19.467677173407274,2.703358569354047,-29.38512221344017,-24.92544910817578,-20.373152330682647,-15.641301028367224,-13.747965292649893,0
461,ROI 461,point,400,40000.0,776368.7513074218,2424945.438327604,89.67500428185355,21.9070356546555,power,water,sigma0,37.9193115234375,NISAR_S2_PR_GCOV_028_170_A_013_3700_DHNA_A_20260824T232917_20260824T232954_P00500_M_F_I_001_gcov.tif,Band 1: HHHH,400,0.01494608035657273,0.009777964949584944,0.6542160028789727,2.3364563585344875,-18.254726871191707,2.8186028720318657,-27.965715954066184,-23.565419463639266,-19.087768949557358,-14.797571507209575,-12.337594727454244,0
461,ROI 461,point,400,40000.0,776368.7513074218,2424945.438327604,89.67500428185355,21.9070356546555,power,water,sigma0,37.9193115234375,NISAR_S2_PR_GCOV_028_170_A_013_3700_DHNA_A_20260824T232917_20260824T232954_P00500_M_F_I_001_gcov.tif,Band 2: HVHV,400,0.00882059809896115,0.005685116195513461,0.6445272907494819,2.407228839719823,-20.54501965631017,2.7033586213976495,-30.462718015902436,-26.002467551083686,-21.450509385229687,-16.71865048882492,-14.825321239270528,0
462,ROI 462,point,400,40000.0,776892.4390282552,2426823.0503973956,89.68038618076149,21.923898128429368,power,water,gamma0,37.86063766479492,NISAR_S2_PR_GCOV_028_170_A_013_3700_DHNA_A_20260824T232917_20260824T232954_P00500_M_F_I_001_gcov.tif,Band 1: HHHH,400,0.020716545044560917,0.01230541523848383,0.5939897416299438,2.8342758132993717,-16.836826713782557,2.684378672779362,-25.375676291827354,-22.517265746250136,-17.378752459796583,-13.364861537096077,-11.12145096678125,0
462,ROI 462,point,400,40000.0,776892.4390282552,2426823.0503973956,89.68038618076149,21.923898128429368,power,water,gamma0,37.86063766479492,NISAR_S2_PR_GCOV_028_170_A_013_3700_DHNA_A_20260824T232917_20260824T232954_P00500_M_F_I_001_gcov.tif,Band 2: HVHV,400,0.012050606965785846,0.007467098874967504,0.619645043288536,2.6044381001741925,-19.189910779643967,2.795254775353965,-29.498573233597263,-24.885709189664823,-19.679845281436474,-15.655258918523478,-13.176358574469702,0
462,ROI 462,point,400,40000.0,776892.4390282552,2426823.0503973956,89.68038618076149,21.923898128429368,power,water,sigma0,37.86063766479492,NISAR_S2_PR_GCOV_028_170_A_013_3700_DHNA_A_20260824T232917_20260824T232954_P00500_M_F_I_001_gcov.tif,Band 1: HHHH,400,0.016178037380948102,0.009609585666177863,0.5939895822897833,2.834277333911978,-17.910741654384196,2.684392854792361,-26.449543386209942,-23.59129197869943,-18.452245678631552,-14.439077649585776,-12.195316735262985,0
462,ROI 462,point,400,40000.0,776892.4390282552,2426823.0503973956,89.68038618076149,21.923898128429368,power,water,sigma0,37.86063766479492,NISAR_S2_PR_GCOV_028_170_A_013_3700_DHNA_A_20260824T232917_20260824T232954_P00500_M_F_I_001_gcov.tif,Band 2: HVHV,400,0.009410610848146183,0.005831259539720631,0.6196472932327601,2.604419186737837,-20.263821853539348,2.7952707522652767,-30.572639549182654,-25.95932115260439,-20.753715270306664,-16.729057161545185,-14.250443785052964,0
463,ROI 463,point,400,40000.0,777607.7198173177,2428687.889596875,89.68762072083055,21.940614678606646,power,water,gamma0,37.79216384887695,NISAR_S2_PR_GCOV_028_170_A_013_3700_DHNA_A_20260824T232917_20260824T232954_P00500_M_F_I_001_gcov.tif,Band 1: HHHH,400,0.02205090237723198,0.015334693064135898,0.695422473048962,2.0677715601815154,-16.565736334327127,2.9297556372552287,-26.27749652942546,-22.87030428650582,-17.480394701946974,-12.828495004040201,-9.856317643813687,0
463,ROI 463,point,400,40000.0,777607.7198173177,2428687.889596875,89.68762072083055,21.940614678606646,power,water,gamma0,37.79216384887695,NISAR_S2_PR_GCOV_028_170_A_013_3700_DHNA_A_20260824T232917_20260824T232954_P00500_M_F_I_001_gcov.tif,Band 2: HVHV,400,0.010704711160506121,0.007217768589970498,0.6742609381745561,2.199601458510476,-19.704250465470945,2.7223390623866472,-29.327918158081523,-24.799427402685104,-20.65125729310813,-16.30228133243435,-12.316903730864695,0
463,ROI 463,point,400,40000.0,777607.7198173177,2428687.889596875,89.68762072083055,21.940614678606646,power,water,sigma0,37.79216384887695,NISAR_S2_PR_GCOV_028_170_A_013_3700_DHNA_A_20260824T232917_20260824T232954_P00500_M_F_I_001_gcov.tif,Band 1: HHHH,400,0.01723639340345419,0.011986401007745846,0.6954123596032428,2.0678317042017063,-17.635536021330125,2.9297619529920147,-27.34726090411897,-23.93998867538849,-18.550444369833052,-13.898105814894619,-10.926231044086204,0
463,ROI 463,point,400,40000.0,777607.7198173177,2428687.889596875,89.68762072083055,21.940614678606646,power,water,sigma0,37.79216384887695,NISAR_S2_PR_GCOV_028_170_A_013_3700_DHNA_A_20260824T232917_20260824T232954_P00500_M_F_I_001_gcov.tif,Band 2: HVHV,400,0.00836751337044214,0.005641921911752099,0.6742650608341938,2.1995745605412473,-20.774035850108664,2.722353658340783,-30.398071334684992,-25.869211232028473,-21.721307485016943,-17.372218314625915,-13.386814481748937,0
464,ROI 464,point,400,39999.999755859375,777939.8160519438,2431063.6485937643,89.69123697935373,21.962002374244072,power,water,gamma0,37.7367057800293,NISAR_S2_PR_GCOV_028_170_A_013_3700_DHNA_A_20260824T232917_20260824T232954_P00500_M_F_I_001_gcov.tif,Band 1: HHHH,400,0.02296263805066701,0.014137556321288167,0.6156764867387484,2.638121931832455,-16.389782197133457,2.5705798562874693,-25.22415872107191,-21.313592042626503,-17.18742323855212,-12.98564451023311,-10.19313458787424,0
464,ROI 464,point,400,39999.999755859375,777939.8160519438,2431063.6485937643,89.69123697935373,21.962002374244072,power,water,gamma0,37.7367057800293,NISAR_S2_PR_GCOV_028_170_A_013_3700_DHNA_A_20260824T232917_20260824T232954_P00500_M_F_I_001_gcov.tif,Band 2: HVHV,400,0.01150131333299214,0.006715177803319628,0.5838618259409364,2.933457751287927,-19.392525648024982,2.588338988443587,-29.02805708130474,-24.40299235537055,-20.016875303288458,-16.01607425001845,-13.105890448553687,0
464,ROI 464,point,400,39999.999755859375,777939.8160519438,2431063.6485937643,89.69123697935373,21.962002374244072,power,water,sigma0,37.7367057800293,NISAR_S2_PR_GCOV_028_170_A_013_3700_DHNA_A_20260824T232917_20260824T232954_P00500_M_F_I_001_gcov.tif,Band 1: HHHH,400,0.017961620532859112,0.011058521265542399,0.6156750302853723,2.6381344134370353,-17.456544829956126,2.570591707162518,-26.290823860688924,-22.380271633534573,-18.25371231848664,-14.05216157018485,-11.259908272585559,0
464,ROI 464,point,400,39999.999755859375,777939.8160519438,2431063.6485937643,89.69123697935373,21.962002374244072,power,water,sigma0,37.7367057800293,NISAR_S2_PR_GCOV_028_170_A_013_3700_DHNA_A_20260824T232917_20260824T232954_P00500_M_F_I_001_gcov.tif,Band 2: HVHV,400,0.008996448885197484,0.005252691667112362,0.5838627812085945,2.933448152337235,-20.459288832163253,2.588349508143248,-30.094764910589447,-25.46970742455993,-21.083685920541257,-17.08250178563962,-14.172533416183288,0
465,ROI 465,point,400,39999.999755859375,777531.0841715846,2435712.9737330787,89.68807317694944,22.004025466262156,power,water,gamma0,37.68660354614258,NISAR_S2_PR_GCOV_028_170_A_013_3700_DHNA_A_20260824T232917_20260824T232954_P00500_M_F_I_001_gcov.tif,Band 1: HHHH,400,0.02105311840772629,0.012466475860234576,0.592143910408042,2.8519733650606836,-16.766835669559963,2.5777157475644215,-24.54141215817007,-21.771202750902358,-17.296182517953252,-13.563819041193685,-10.720315426342458,0
465,ROI 465,point,400,39999.999755859375,777531.0841715846,2435712.9737330787,89.68807317694944,22.004025466262156,power,water,gamma0,37.68660354614258,NISAR_S2_PR_GCOV_028_170_A_013_3700_DHNA_A_20260824T232917_20260824T232954_P00500_M_F_I_001_gcov.tif,Band 2: HVHV,400,0.012964982973935548,0.008020793880166525,0.6186505525145164,2.6128181831050643,-18.872280492248027,2.6948201129678218,-28.065844622855337,-23.899557633081812,-19.54436729576695,-15.410714087698905,-12.826781863950611,0
465,ROI 465,point,400,39999.999755859375,777531.0841715846,2435712.9737330787,89.68807317694944,22.004025466262156,power,water,sigma0,37.68660354614258,NISAR_S2_PR_GCOV_028_170_A_013_3700_DHNA_A_20260824T232917_20260824T232954_P00500_M_F_I_001_gcov.tif,Band 1: HHHH,400,0.016480012588118678,0.009758546874207106,0.592144382295106,2.851968819517935,-17.83042460906598,2.57770051976096,-25.604817245653997,-22.834518374511394,-18.359568955363976,-14.627420001942221,-11.783618666285307,0
465,ROI 465,point,400,39999.999755859375,777531.0841715846,2435712.9737330787,89.68807317694944,22.004025466262156,power,water,sigma0,37.68660354614258,NISAR_S2_PR_GCOV_028_170_A_013_3700_DHNA_A_20260824T232917_20260824T232954_P00500_M_F_I_001_gcov.tif,Band 2: HVHV,400,0.010148776087840039,0.0062785719871157955,0.6186531196247982,2.6127964992945625,-19.935863292135352,2.6948189377129745,-29.129571140969986,-24.962961081608782,-20.60789728963659,-16.474315204039815,-13.89026499207576,0
466,ROI 466,point,400,40000.0,778425.1835765624,2436211.11075625,89.6968108968308,22.008378738625193,power,water,gamma0,37.62902069091797,NISAR_S2_PR_GCOV_028_170_A_013_3700_DHNA_A_20260824T232917_20260824T232954_P00500_M_F_I_001_gcov.tif,Band 1: HHHH,400,0.023815431139082646,0.014278493770900494,0.5995479858212003,2.781967828559317,-16.231415518962635,2.669355072158295,-25.353590011926066,-21.69141319104044,-16.819398918347385,-12.723301547506464,-10.547838033616564,0
466,ROI 466,point,400,40000.0,778425.1835765624,2436211.11075625,89.6968108968308,22.008378738625193,power,water,gamma0,37.62902069091797,NISAR_S2_PR_GCOV_028_170_A_013_3700_DHNA_A_20260824T232917_20260824T232954_P00500_M_F_I_001_gcov.tif,Band 2: HVHV,400,0.013344078971131238,0.010301330716617985,0.7719776493307648,1.6779945532142877,-18.74711396515611,2.8050623005482853,-27.804869127537323,-24.170576808480657,-19.670126789701094,-15.242051869468902,-9.655497384430067,0
466,ROI 466,point,400,40000.0,778425.1835765624,2436211.11075625,89.6968108968308,22.008378738625193,power,water,sigma0,37.62902069091797,NISAR_S2_PR_GCOV_028_170_A_013_3700_DHNA_A_20260824T232917_20260824T232954_P00500_M_F_I_001_gcov.tif,Band 1: HHHH,400,0.01865696017261748,0.011185691934287083,0.5995452544677746,2.7819931762861496,-17.291591155628595,2.669348742142447,-26.414068926317213,-22.751450762780316,-17.879642742787784,-13.78355473443998,-11.607960071288026,0
466,ROI 466,point,400,40000.0,778425.1835765624,2436211.11075625,89.6968108968308,22.008378738625193,power,water,sigma0,37.62902069091797,NISAR_S2_PR_GCOV_028_170_A_013_3700_DHNA_A_20260824T232917_20260824T232954_P00500_M_F_I_001_gcov.tif,Band 2: HVHV,400,0.010453709279893055,0.008069905013934281,0.7719657011560627,1.6780464962661517,-19.807295819017313,2.805051178158434,-28.86521123571974,-25.230730851750764,-20.73027172963093,-16.301898187009385,-10.715950523408926,0
467,ROI 467,point,400,40000.0,779038.2813964844,2436223.883628646,89.7027464752843,22.00839623467512,power,water,gamma0,37.59471130371094,NISAR_S2_PR_GCOV_028_170_A_013_3700_DHNA_A_20260824T232917_20260824T232954_P00500_M_F_I_001_gcov.tif,Band 1: HHHH,400,0.021611356029170567,0.01362536589679254,0.6304725107670847,2.5157512010825216,-16.65317981959443,2.8178933057217614,-25.957209473101738,-22.179885260691318,-17.259146015875526,-13.201619411347858,-10.95337348423472,0
467,ROI 467,point,400,40000.0,779038.2813964844,2436223.883628646,89.7027464752843,22.00839623467512,power,water,gamma0,37.59471130371094,NISAR_S2_PR_GCOV_028_170_A_013_3700_DHNA_A_20260824T232917_20260824T232954_P00500_M_F_I_001_gcov.tif,Band 2: HVHV,400,0.011925178488600068,0.0075710108210967,0.6348761008763302,2.4809730242462957,-19.23535111991498,2.6862761220228215,-29.31260226349131,-24.636412845114,-19.850302003830322,-15.732591401531483,-12.514393153498084,0
467,ROI 467,point,400,40000.0,779038.2813964844,2436223.883628646,89.7027464752843,22.00839623467512,power,water,sigma0,37.59471130371094,NISAR_S2_PR_GCOV_028_170_A_013_3700_DHNA_A_20260824T232917_20260824T232954_P00500_M_F_I_001_gcov.tif,Band 1: HHHH,400,0.016926590894072946,0.010666235731417844,0.6301467199253192,2.5183532001016165,-17.71430502315062,2.817192420402153,-27.015523125382778,-23.239005935204034,-18.35199717088906,-14.260237302165988,-12.055232524859905,0
467,ROI 467,point,400,40000.0,779038.2813964844,2436223.883628646,89.7027464752843,22.00839623467512,power,water,sigma0,37.59471130371094,NISAR_S2_PR_GCOV_028_170_A_013_3700_DHNA_A_20260824T232917_20260824T232954_P00500_M_F_I_001_gcov.tif,Band 2: HVHV,400,0.009341806325021167,0.005930841135894417,0.6348709157038726,2.481013550045189,-20.29569140778325,2.687103325690215,-30.370871987388554,-25.694766599764144,-20.908863289722795,-16.80548648923783,-13.572591536004495,0
468,ROI 468,point,100,10000.000244140625,779408.6883191238,2435240.352729223,89.70616259341935,21.999461247779724,power,water,gamma0,37.589290618896484,NISAR_S2_PR_GCOV_028_170_A_013_3700_DHNA_A_20260824T232917_20260824T232954_P00500_M_F_I_001_gcov.tif,Band 1: HHHH,100,0.022614804641343654,0.013068791660000016,0.5778865600328059,2.9944344578779263,-16.45607159567539,2.523629910132272,-22.541902252597357,-22.02106981398564,-17.03574045362752,-13.557988757302468,-11.020933119834783,0
468,ROI 468,point,100,10000.000244140625,779408.6883191238,2435240.352729223,89.70616259341935,21.999461247779724,power,water,gamma0,37.589290618896484,NISAR_S2_PR_GCOV_028_170_A_013_3700_DHNA_A_20260824T232917_20260824T232954_P00500_M_F_I_001_gcov.tif,Band 2: HVHV,100,0.012945530079305172,0.008217644856417001,0.63478627804927,2.4816751937329435,-18.87880161852984,2.7825753560804154,-27.078165687641228,-25.241168258430907,-19.423060634062846,-15.62634456057938,-13.592711924836586,0
468,ROI 468,point,100,10000.000244140625,779408.6883191238,2435240.352729223,89.70616259341935,21.999461247779724,power,water,sigma0,37.589290618896484,NISAR_S2_PR_GCOV_028_170_A_013_3700_DHNA_A_20260824T232917_20260824T232954_P00500_M_F_I_001_gcov.tif,Band 1: HHHH,100,0.017725237651523354,0.010242824020352826,0.5778666679525468,2.994640618084394,-17.514079332928052,2.523615512605458,-23.600182545689208,-23.078821781122603,-18.093621063201283,-14.616281649613487,-12.079357751064649,0
468,ROI 468,point,100,10000.000244140625,779408.6883191238,2435240.352729223,89.70616259341935,21.999461247779724,power,water,sigma0,37.589290618896484,NISAR_S2_PR_GCOV_028_170_A_013_3700_DHNA_A_20260824T232917_20260824T232954_P00500_M_F_I_001_gcov.tif,Band 2: HVHV,100,0.010146532680732219,0.006440490345448151,0.6347479033579949,2.4819752700235385,-19.936823414834315,2.7825726519505722,-28.136531526098537,-26.299258502011206,-20.48081508289354,-16.683823613030043,-14.651779364926954,0
469,ROI 469,point,100,10000.0,779472.5590184896,2434039.7226479165,89.70657497093066,21.988616020713618,power,water,gamma0,37.604270935058594,NISAR_S2_PR_GCOV_028_170_A_013_3700_DHNA_A_20260824T232917_20260824T232954_P00500_M_F_I_001_gcov.tif,Band 1: HHHH,100,0.021167657680343836,0.011333180664619512,0.5354007909502164,3.488526152624188,-16.74327196434155,2.5854565882709855,-24.69136632110702,-22.026235832211327,-17.30305385907809,-13.640531667700323,-12.921434043519746,0
469,ROI 469,point,100,10000.0,779472.5590184896,2434039.7226479165,89.70657497093066,21.988616020713618,power,water,gamma0,37.604270935058594,NISAR_S2_PR_GCOV_028_170_A_013_3700_DHNA_A_20260824T232917_20260824T232954_P00500_M_F_I_001_gcov.tif,Band 2: HVHV,100,0.012941365572623908,0.009399109157953818,0.7262841857923124,1.8957751414722082,-18.88019894504704,2.930509637705771,-26.372358427715916,-24.30107309185771,-19.845250409459638,-15.013915677151664,-13.201846567972462,0
469,ROI 469,point,100,10000.0,779472.5590184896,2434039.7226479165,89.70657497093066,21.988616020713618,power,water,sigma0,37.604270935058594,NISAR_S2_PR_GCOV_028_170_A_013_3700_DHNA_A_20260824T232917_20260824T232954_P00500_M_F_I_001_gcov.tif,Band 1: HHHH,100,0.016586713301548307,0.008880740667469165,0.5354129239480001,3.488368047361477,-17.802396619812356,2.585532843048448,-25.750477697650776,-23.085168894410984,-18.36186892102794,-14.699151200718907,-13.98129670308985,0
469,ROI 469,point,100,10000.0,779472.5590184896,2434039.7226479165,89.70657497093066,21.988616020713618,power,water,sigma0,37.604270935058594,NISAR_S2_PR_GCOV_028_170_A_013_3700_DHNA_A_20260824T232917_20260824T232954_P00500_M_F_I_001_gcov.tif,Band 2: HVHV,100,0.010140504141763564,0.007364643710911663,0.7262601156662865,1.8959008052716129,-19.939404532331167,2.9304512368925346,-27.431313881412848,-25.360125984602067,-20.90519802178422,-16.07279851648037,-14.261959023247407,0
470,ROI 470,point,100,9999.999755859375,779804.6600163247,2433311.688787232,89.70966366640084,21.98199284826944,power,water,gamma0,37.5970344543457,NISAR_S2_PR_GCOV_028_170_A_013_3700_DHNA_A_20260824T232917_20260824T232954_P00500_M_F_I_001_gcov.tif,Band 1: HHHH,100,0.026068033343181016,0.01722385368637632,0.6607270084255055,2.2906349378272015,-15.838917321773486,2.7486953977398834,-22.42497297553237,-20.88577167915972,-16.507147409485764,-11.89407510667536,-10.711959158071519,0
470,ROI 470,point,100,9999.999755859375,779804.6600163247,2433311.688787232,89.70966366640084,21.98199284826944,power,water,gamma0,37.5970344543457,NISAR_S2_PR_GCOV_028_170_A_013_3700_DHNA_A_20260824T232917_20260824T232954_P00500_M_F_I_001_gcov.tif,Band 2: HVHV,100,0.012212982212658971,0.0074903107945857,0.6133072712430434,2.658543512065123,-19.131782754195395,2.6005801971717473,-25.888984408809733,-24.813546301817357,-19.954132168696635,-15.36815006642599,-14.09941912353622,0
470,ROI 470,point,100,9999.999755859375,779804.6600163247,2433311.688787232,89.70966366640084,21.98199284826944,power,water,sigma0,37.5970344543457,NISAR_S2_PR_GCOV_028_170_A_013_3700_DHNA_A_20260824T232917_20260824T232954_P00500_M_F_I_001_gcov.tif,Band 1: HHHH,100,0.020440677053657354,0.013513691712861401,0.6611176174540393,2.2879289794828743,-16.89504723224333,2.748578775421724,-23.403891677748398,-21.946975588782514,-17.566448074879858,-12.953466311860161,-11.770242754041957,0
470,ROI 470,point,100,9999.999755859375,779804.6600163247,2433311.688787232,89.70966366640084,21.98199284826944,power,water,sigma0,37.5970344543457,NISAR_S2_PR_GCOV_028_170_A_013_3700_DHNA_A_20260824T232917_20260824T232954_P00500_M_F_I_001_gcov.tif,Band 2: HVHV,100,0.009579941891981292,0.0058814680759755695,0.6139356733362381,2.653103921631552,-20.186371251665925,2.6043010855340154,-26.94726800478017,-25.872882836974327,-21.013478882259776,-16.427425164926795,-15.158969228294083,0
471,ROI 471,point,100,10000.0,780532.7073315104,2432928.482848958,89.71664227488762,21.978418103181316,power,water,gamma0,37.562232971191406,NISAR_S2_PR_GCOV_028_170_A_013_3700_DHNA_A_20260824T232917_20260824T232954_P00500_M_F_I_001_gcov.tif,Band 1: HHHH,100,0.018777656946331264,0.013159480353189722,0.7008052384171813,2.0361291481190817,-17.263585994374484,2.7605060877670473,-24.119154397587007,-22.544977476114774,-18.280073213347364,-13.291830293932232,-11.666882467568215,0
471,ROI 471,point,100,10000.0,780532.7073315104,2432928.482848958,89.71664227488762,21.978418103181316,power,water,gamma0,37.562232971191406,NISAR_S2_PR_GCOV_028_170_A_013_3700_DHNA_A_20260824T232917_20260824T232954_P00500_M_F_I_001_gcov.tif,Band 2: HVHV,100,0.011884350413456559,0.00780176933914323,0.656474192338636,2.3204097674736017,-19.25024551383102,2.48210583455065,-25.988937046387115,-24.00369518064807,-20.09834714090069,-15.813211780301122,-12.953358429135342,0
471,ROI 471,point,100,10000.0,780532.7073315104,2432928.482848958,89.71664227488762,21.978418103181316,power,water,sigma0,37.562232971191406,NISAR_S2_PR_GCOV_028_170_A_013_3700_DHNA_A_20260824T232917_20260824T232954_P00500_M_F_I_001_gcov.tif,Band 1: HHHH,100,0.014723519178983959,0.010318193007684905,0.7007966561698697,2.0361790189931908,-18.31988373602691,2.76049528609018,-25.17562971306473,-23.60142750403299,-19.336413574618422,-14.34823872837923,-12.723294064468693,0
471,ROI 471,point,100,10000.0,780532.7073315104,2432928.482848958,89.71664227488762,21.978418103181316,power,water,sigma0,37.562232971191406,NISAR_S2_PR_GCOV_028_170_A_013_3700_DHNA_A_20260824T232917_20260824T232954_P00500_M_F_I_001_gcov.tif,Band 2: HVHV,100,0.009318515947090156,0.0061173457762255055,0.6564721046741071,2.3204245258916134,-20.30653247228551,2.4821057604841172,-27.045385619757436,-25.059908022071088,-21.154657444367086,-16.869468166150835,-14.00977002603582,0
472,ROI 472,point,100,10000.0,781286.3067338541,2432711.3440364585,89.72389633844193,21.976337635648132,power,water,gamma0,37.523460388183594,NISAR_S2_PR_GCOV_028_170_A_013_3700_DHNA_A_20260824T232917_20260824T232954_P00500_M_F_I_001_gcov.tif,Band 1: HHHH,100,0.022683151187375187,0.014190528484917284,0.6255977561360759,2.5551101978331294,-16.44296612555862,2.5800681923055833,-22.8975698069042,-21.09634783833532,-17.331054479806852,-12.68232065427257,-11.852134742029426,0
472,ROI 472,point,100,10000.0,781286.3067338541,2432711.3440364585,89.72389633844193,21.976337635648132,power,water,gamma0,37.523460388183594,NISAR_S2_PR_GCOV_028_170_A_013_3700_DHNA_A_20260824T232917_20260824T232954_P00500_M_F_I_001_gcov.tif,Band 2: HVHV,100,0.01200418605003506,0.007732810194837248,0.6441761367747765,2.409854017289777,-19.206672821677593,2.829693309903144,-26.805730943816126,-25.26244204833249,-19.96977123400617,-15.760609148321825,-13.726295773051937,0
472,ROI 472,point,100,10000.0,781286.3067338541,2432711.3440364585,89.72389633844193,21.976337635648132,power,water,sigma0,37.523460388183594,NISAR_S2_PR_GCOV_028_170_A_013_3700_DHNA_A_20260824T232917_20260824T232954_P00500_M_F_I_001_gcov.tif,Band 1: HHHH,100,0.017794622256317724,0.011132148287792206,0.6255905929017346,2.555168712005529,-17.497112267519036,2.5799919576657593,-23.951764711451126,-22.150773085357635,-18.385421413443332,-13.736671033665242,-12.906310177966407,0
472,ROI 472,point,100,10000.0,781286.3067338541,2432711.3440364585,89.72389633844193,21.976337635648132,power,water,sigma0,37.523460388183594,NISAR_S2_PR_GCOV_028_170_A_013_3700_DHNA_A_20260824T232917_20260824T232954_P00500_M_F_I_001_gcov.tif,Band 2: HVHV,100,0.00941734923886279,0.006066616726273521,0.6441957893244815,2.409706984185131,-20.260713236337537,2.8298284484614005,-27.861257840500567,-26.31690337772173,-21.023997802541103,-16.815001042880763,-14.78073816753503,0
473,ROI 473,point,100,10000.000244140625,781592.8492824662,2431727.8131649783,89.72669267462865,21.967412659666483,power,water,gamma0,37.521568298339844,NISAR_S2_PR_GCOV_028_170_A_013_3700_DHNA_A_20260824T232917_20260824T232954_P00500_M_F_I_001_gcov.tif,Band 1: HHHH,100,0.022030241989996285,0.012618740237747565,0.5727917216468893,3.0479408508423655,-16.569807323388893,2.7167427295425446,-25.309674321364138,-22.327779268475332,-17.207802687777203,-13.620585575168993,-11.498684078969475,0
473,ROI 473,point,100,10000.000244140625,781592.8492824662,2431727.8131649783,89.72669267462865,21.967412659666483,power,water,gamma0,37.521568298339844,NISAR_S2_PR_GCOV_028_170_A_013_3700_DHNA_A_20260824T232917_20260824T232954_P00500_M_F_I_001_gcov.tif,Band 2: HVHV,100,0.011353357636835426,0.007432810720658022,0.6546795193470012,2.333149083487116,-19.448756814220097,2.7728343814352234,-26.814690062487493,-25.17631331494965,-20.17141295585505,-15.85691190101697,-14.454989756477847,0
473,ROI 473,point,100,10000.000244140625,781592.8492824662,2431727.8131649783,89.72669267462865,21.967412659666483,power,water,sigma0,37.521568298339844,NISAR_S2_PR_GCOV_028_170_A_013_3700_DHNA_A_20260824T232917_20260824T232954_P00500_M_F_I_001_gcov.tif,Band 1: HHHH,100,0.017283409401434583,0.009899862595481174,0.5727957005207232,3.047898506495274,-17.62370582564482,2.7167659636930117,-26.363656395845453,-23.381793220079157,-18.2617103771532,-14.674611230006938,-12.552525262385377,0
473,ROI 473,point,100,10000.000244140625,781592.8492824662,2431727.8131649783,89.72669267462865,21.967412659666483,power,water,sigma0,37.521568298339844,NISAR_S2_PR_GCOV_028_170_A_013_3700_DHNA_A_20260824T232917_20260824T232954_P00500_M_F_I_001_gcov.tif,Band 2: HVHV,100,0.008906990267714772,0.005831140532223446,0.6546701362591155,2.3332159638855736,-20.502690222189376,2.7727945391397073,-27.868531245903398,-26.230101403262076,-21.225337035321026,-16.910986368863295,-15.509010106604862,0
474,ROI 474,point,100,10000.0,782435.8651450521,2431842.78879375,89.73486847435358,21.968314489864028,power,water,gamma0,37.4725341796875,NISAR_S2_PR_GCOV_028_170_A_013_3700_DHNA_A_20260824T232917_20260824T232954_P00500_M_F_I_001_gcov.tif,Band 1: HHHH,100,0.021877524498850106,0.015270752381798577,0.698010983034265,2.052463712799023,-16.6000182115543,2.8467100277927377,-23.786191929592032,-22.81887739162158,-17.351389089912853,-13.78416341233425,-10.121416688313742,0
474,ROI 474,point,100,10000.0,782435.8651450521,2431842.78879375,89.73486847435358,21.968314489864028,power,water,gamma0,37.4725341796875,NISAR_S2_PR_GCOV_028_170_A_013_3700_DHNA_A_20260824T232917_20260824T232954_P00500_M_F_I_001_gcov.tif,Band 2: HVHV,100,0.01297728471690789,0.0075845149338082,0.5844454444254014,2.9276020623284302,-18.86816166998099,2.733084811250224,-26.386973178318442,-24.286670963346726,-19.492424188111546,-15.867701558618181,-13.641784925000275,0
474,ROI 474,point,100,10000.0,782435.8651450521,2431842.78879375,89.73486847435358,21.968314489864028,power,water,sigma0,37.4725341796875,NISAR_S2_PR_GCOV_028_170_A_013_3700_DHNA_A_20260824T232917_20260824T232954_P00500_M_F_I_001_gcov.tif,Band 1: HHHH,100,0.017174976441539112,0.01198832662965611,0.6980112415561365,2.05246219246058,-17.65103849978257,2.846707644313555,-24.83716679094773,-23.869772886597822,-18.402391586069594,-14.835359378127404,-11.172386933415341,0
474,ROI 474,point,100,10000.0,782435.8651450521,2431842.78879375,89.73486847435358,21.968314489864028,power,water,sigma0,37.4725341796875,NISAR_S2_PR_GCOV_028_170_A_013_3700_DHNA_A_20260824T232917_20260824T232954_P00500_M_F_I_001_gcov.tif,Band 2: HVHV,100,0.010187840308314617,0.005954233619489092,0.5844451266702378,2.9276052457271184,-19.919178711054887,2.733088989626526,-27.437821753920257,-25.337746224843002,-20.543393186848892,-16.918892342991125,-14.692829360494171,0
475,ROI 475,point,100,10000.0,783100.0544492188,2432123.7919625,89.74134300563426,21.97074308558611,power,water,gamma0,37.430519104003906,NISAR_S2_PR_GCOV_028_170_A_013_3700_DHNA_A_20260824T232917_20260824T232954_P00500_M_F_I_001_gcov.tif,Band 1: HHHH,100,0.020866658659651875,0.011223613626154469,0.5378730638775742,3.4565306192309033,-16.805470881579392,2.456684808710075,-23.965891952293642,-21.389720558053313,-17.288400160470097,-13.458819015505375,-12.095555069383451,0
475,ROI 475,point,100,10000.0,783100.0544492188,2432123.7919625,89.74134300563426,21.97074308558611,power,water,gamma0,37.430519104003906,NISAR_S2_PR_GCOV_028_170_A_013_3700_DHNA_A_20260824T232917_20260824T232954_P00500_M_F_I_001_gcov.tif,Band 2: HVHV,100,0.011657785854768008,0.0077312180648006785,0.6631806554963117,2.273716433298241,-19.33383926623948,2.975068632644484,-26.92071446850371,-25.852277025427387,-19.85170253273093,-15.796955226355692,-13.65901655825142,0
475,ROI 475,point,100,10000.0,783100.0544492188,2432123.7919625,89.74134300563426,21.97074308558611,power,water,sigma0,37.430519104003906,NISAR_S2_PR_GCOV_028_170_A_013_3700_DHNA_A_20260824T232917_20260824T232954_P00500_M_F_I_001_gcov.tif,Band 1: HHHH,100,0.016390556619986136,0.008816063968536387,0.5378745928485645,3.45651096807949,-17.854062976263418,2.4567003473372537,-25.014669042523103,-22.438364814164107,-18.3371257174389,-14.507498951389728,-13.144166061630958,0
475,ROI 475,point,100,10000.0,783100.0544492188,2432123.7919625,89.74134300563426,21.97074308558611,power,water,sigma0,37.430519104003906,NISAR_S2_PR_GCOV_028_170_A_013_3700_DHNA_A_20260824T232917_20260824T232954_P00500_M_F_I_001_gcov.tif,Band 2: HVHV,100,0.009157053725990693,0.006072745732187362,0.6631768158082263,2.2737427622861195,-20.38244237726197,2.9750661754261816,-27.96936698465116,-26.900798009755103,-20.900216353736422,-16.84562471494804,-14.707588004296657,0
476,ROI 476,point,100,10000.0,783610.969298177,2432443.113742708,89.74634146233949,21.97354202904026,power,water,gamma0,37.39682388305664,NISAR_S2_PR_GCOV_028_170_A_013_3700_DHNA_A_20260824T232917_20260824T232954_P00500_M_F_I_001_gcov.tif,Band 1: HHHH,100,0.01676325999200344,0.009941722134447752,0.5930661541484318,2.843110375608005,-17.75641519186499,2.5140618668629826,-24.74273397761824,-22.41210770391598,-18.543324075612418,-14.036433668744284,-13.238036569322269,0
476,ROI 476,point,100,10000.0,783610.969298177,2432443.113742708,89.74634146233949,21.97354202904026,power,water,gamma0,37.39682388305664,NISAR_S2_PR_GCOV_028_170_A_013_3700_DHNA_A_20260824T232917_20260824T232954_P00500_M_F_I_001_gcov.tif,Band 2: HVHV,100,0.011603744891472161,0.006747522271676819,0.5814952271689217,2.9573838104709185,-19.354018277359543,2.604250266443716,-26.575480445315613,-24.322039555751722,-20.16214968785759,-16.06522261538566,-14.70891610332593,0
476,ROI 476,point,100,10000.0,783610.969298177,2432443.113742708,89.74634146233949,21.97354202904026,power,water,sigma0,37.39682388305664,NISAR_S2_PR_GCOV_028_170_A_013_3700_DHNA_A_20260824T232917_20260824T232954_P00500_M_F_I_001_gcov.tif,Band 1: HHHH,100,0.013172030146714819,0.007811898411840189,0.5930671525063677,2.8431008035404743,-18.803472839928574,2.5140136592349007,-25.789063084082898,-23.45873155611877,-19.590393057136076,-15.08432543329456,-14.284381156678112,0
476,ROI 476,point,100,10000.0,783610.969298177,2432443.113742708,89.74634146233949,21.97354202904026,power,water,sigma0,37.39682388305664,NISAR_S2_PR_GCOV_028_170_A_013_3700_DHNA_A_20260824T232917_20260824T232954_P00500_M_F_I_001_gcov.tif,Band 2: HVHV,100,0.009117806268324638,0.0053018623939610175,0.5814844314448474,2.957493623887235,-20.401096397597883,2.604162934787942,-27.62278264953607,-25.369386108694727,-21.209336503967716,-17.1115723640975,-15.75640313510986,0
477,ROI 477,point,100,10000.0,783355.5118747395,2434729.4576927084,89.74426683535408,21.994215755387273,power,water,gamma0,37.375694274902344,NISAR_S2_PR_GCOV_028_170_A_013_3700_DHNA_A_20260824T232917_20260824T232954_P00500_M_F_I_001_gcov.tif,Band 1: HHHH,100,0.017272345065139236,0.00965701331639053,0.559102616348331,3.1990199676154845,-17.626486942965148,2.663392120328818,-24.84967467119322,-23.60269472293893,-18.001409729292124,-14.416796447302458,-13.095672910777301,0
477,ROI 477,point,100,10000.0,783355.5118747395,2434729.4576927084,89.74426683535408,21.994215755387273,power,water,gamma0,37.375694274902344,NISAR_S2_PR_GCOV_028_170_A_013_3700_DHNA_A_20260824T232917_20260824T232954_P00500_M_F_I_001_gcov.tif,Band 2: HVHV,100,0.012597115475218744,0.009313744889323381,0.7393553633485012,1.829336268212315,-18.99728889534163,3.1257617158661968,-28.728569581772824,-25.14561577893479,-19.89732898870455,-15.823535698689962,-12.71516653117784,0
477,ROI 477,point,100,10000.0,783355.5118747395,2434729.4576927084,89.74426683535408,21.994215755387273,power,water,sigma0,37.375694274902344,NISAR_S2_PR_GCOV_028_170_A_013_3700_DHNA_A_20260824T232917_20260824T232954_P00500_M_F_I_001_gcov.tif,Band 1: HHHH,100,0.01357736238688134,0.007591067688309901,0.5590973763537835,3.1990799318594583,-18.671845902971423,2.663382439273567,-25.895022665239786,-24.64804675220014,-19.04665746695508,-15.462113971869156,-14.1410870957689,0
477,ROI 477,point,100,10000.0,783355.5118747395,2434729.4576927084,89.74426683535408,21.994215755387273,power,water,sigma0,37.375694274902344,NISAR_S2_PR_GCOV_028_170_A_013_3700_DHNA_A_20260824T232917_20260824T232954_P00500_M_F_I_001_gcov.tif,Band 2: HVHV,100,0.009902303915441472,0.007321333791789697,0.7393566037064306,1.8293301303626457,-20.042637486999784,3.125763123305118,-29.773741400856775,-26.1911293403775,-20.94260486676965,-16.868914964451328,-13.760509914947402,0
478,ROI 478,point,100,10000.0,783815.335239323,2434933.8236354166,89.74875182361845,21.995985427987765,power,water,gamma0,37.34649658203125,NISAR_S2_PR_GCOV_028_170_A_013_3700_DHNA_A_20260824T232917_20260824T232954_P00500_M_F_I_001_gcov.tif,Band 1: HHHH,100,0.01990018500946462,0.011716188683239653,0.5887477265998974,2.8849714102554618,-17.01142885991495,2.64302614860516,-23.715086090055046,-22.216388286856628,-17.698270376104755,-13.692819244293467,-11.987482986227496,0
478,ROI 478,point,100,10000.0,783815.335239323,2434933.8236354166,89.74875182361845,21.995985427987765,power,water,gamma0,37.34649658203125,NISAR_S2_PR_GCOV_028_170_A_013_3700_DHNA_A_20260824T232917_20260824T232954_P00500_M_F_I_001_gcov.tif,Band 2: HVHV,100,0.010342268960084767,0.006255238322350828,0.6048226309422492,2.7336564495399283,-19.853841721951802,2.554955558659949,-26.45916934324122,-24.997518260666975,-20.412606237035757,-16.8606684010123,-14.188571915367287,0
478,ROI 478,point,100,10000.0,783815.335239323,2434933.8236354166,89.74875182361845,21.995985427987765,power,water,sigma0,37.34649658203125,NISAR_S2_PR_GCOV_028_170_A_013_3700_DHNA_A_20260824T232917_20260824T232954_P00500_M_F_I_001_gcov.tif,Band 1: HHHH,100,0.015647842478443152,0.009212602027059345,0.5887458312384503,2.884989985579816,-18.055455344306594,2.6430697632163676,-24.759088420307684,-23.260226863086345,-18.741921492678678,-14.736530981453075,-13.032293915927545,0
478,ROI 478,point,100,10000.0,783815.335239323,2434933.8236354166,89.74875182361845,21.995985427987765,power,water,sigma0,37.34649658203125,NISAR_S2_PR_GCOV_028_170_A_013_3700_DHNA_A_20260824T232917_20260824T232954_P00500_M_F_I_001_gcov.tif,Band 2: HVHV,100,0.008132140987229704,0.004918006165713754,0.6047615472280594,2.734208701325756,-20.897951005892,2.554891351680567,-27.503650361988335,-26.042002844960837,-21.457149798678273,-17.905409571837033,-15.233805312550972,0
479,ROI 479,point,100,10000.0,784058.0197916667,2435853.4703583336,89.75126035612942,22.00424501548371,power,water,gamma0,37.31853103637695,NISAR_S2_PR_GCOV_028_170_A_013_3700_DHNA_A_20260824T232917_20260824T232954_P00500_M_F_I_001_gcov.tif,Band 1: HHHH,100,0.019238326225895434,0.012315264490488769,0.6401422008278459,2.4403217052556103,-17.15832715171284,2.741154768872149,-25.570886868633135,-21.991595781882932,-18.002413115513693,-13.244091165464596,-12.046982717411325,0
479,ROI 479,point,100,10000.0,784058.0197916667,2435853.4703583336,89.75126035612942,22.00424501548371,power,water,gamma0,37.31853103637695,NISAR_S2_PR_GCOV_028_170_A_013_3700_DHNA_A_20260824T232917_20260824T232954_P00500_M_F_I_001_gcov.tif,Band 2: HVHV,100,0.011697519845329225,0.007602276825007352,0.6499050162366609,2.3675557912586327,-19.31906209336495,2.687663860987448,-26.174423883277722,-24.26837623737601,-20.289818373570228,-15.630214598348534,-14.00575302139686,0
479,ROI 479,point,100,10000.0,784058.0197916667,2435853.4703583336,89.75126035612942,22.00424501548371,power,water,sigma0,37.31853103637695,NISAR_S2_PR_GCOV_028_170_A_013_3700_DHNA_A_20260824T232917_20260824T232954_P00500_M_F_I_001_gcov.tif,Band 1: HHHH,100,0.015132864863513874,0.00968739705730807,0.6401561862000691,2.4402150799184645,-18.200788461581535,2.7411298397580355,-26.612675868400338,-23.033679454630516,-19.0445029070871,-14.28619364941213,-13.089100107444958,0
479,ROI 479,point,100,10000.0,784058.0197916667,2435853.4703583336,89.75126035612942,22.00424501548371,power,water,sigma0,37.31853103637695,NISAR_S2_PR_GCOV_028_170_A_013_3700_DHNA_A_20260824T232917_20260824T232954_P00500_M_F_I_001_gcov.tif,Band 2: HVHV,100,0.009201283506171064,0.0059800105854022415,0.6499104805749765,2.3675159794020004,-20.36151587788362,2.687653070016528,-27.216265200071803,-25.31053172706038,-21.332787028131627,-16.672341495492237,-15.047875676406546,0
480,ROI 480,point,100,10000.0,784045.2469203125,2437807.7196625,89.75147741554149,22.02188240723588,power,water,gamma0,37.2884521484375,NISAR_S2_PR_GCOV_028_170_A_013_3700_DHNA_A_20260824T232917_20260824T232954_P00500_M_F_I_001_gcov.tif,Band 1: HHHH,100,0.02153163883369416,0.015616413540209246,0.7252775165340238,1.9010413821415377,-16.669229135418956,2.924263437480026,-26.311550839507596,-21.94831219496308,-17.49681591711693,-12.882344884516666,-10.03038251551133,0
480,ROI 480,point,100,10000.0,784045.2469203125,2437807.7196625,89.75147741554149,22.02188240723588,power,water,gamma0,37.2884521484375,NISAR_S2_PR_GCOV_028_170_A_013_3700_DHNA_A_20260824T232917_20260824T232954_P00500_M_F_I_001_gcov.tif,Band 2: HVHV,100,0.010538241318427026,0.005224524027659758,0.4957681144124329,4.068579599049781,-19.77231860606534,2.3600621541384315,-26.783476833035667,-24.57533213322135,-20.09274840570957,-16.791130043934228,-15.975734826266038,0
480,ROI 480,point,100,10000.0,784045.2469203125,2437807.7196625,89.75147741554149,22.02188240723588,power,water,sigma0,37.2884521484375,NISAR_S2_PR_GCOV_028_170_A_013_3700_DHNA_A_20260824T232917_20260824T232954_P00500_M_F_I_001_gcov.tif,Band 1: HHHH,100,0.01694527168040348,0.01228991116249152,0.7252708244686513,1.9010764640763633,-17.709514638077646,2.92425697308915,-27.35177917330737,-22.988717912481306,-18.537120241838355,-13.922673901974985,-11.070703934018617,0
480,ROI 480,point,100,10000.0,784045.2469203125,2437807.7196625,89.75147741554149,22.02188240723588,power,water,sigma0,37.2884521484375,NISAR_S2_PR_GCOV_028_170_A_013_3700_DHNA_A_20260824T232917_20260824T232954_P00500_M_F_I_001_gcov.tif,Band 2: HVHV,100,0.008293537712825191,0.004111661481676163,0.4957668999705467,4.068599532044639,-20.812601761536335,2.3600488345575386,-27.823644317486654,-25.615614526408006,-21.132919469028565,-17.8314002158903,-17.01607005963492,0
481,ROI 481,point,100,9999.999755859375,784581.7138988374,2437999.332569385,89.75670293482513,22.02352420725826,power,water,gamma0,37.25502395629883,NISAR_S2_PR_GCOV_028_170_A_013_3700_DHNA_A_20260824T232917_20260824T232954_P00500_M_F_I_001_gcov.tif,Band 1: HHHH,100,0.019337464985437692,0.0112704005564746,0.5828271991681386,2.9438818626052687,-17.13600459673699,2.593828823361811,-23.34062702911488,-21.935614328416225,-17.59431684888734,-13.767242659644957,-12.322295884553382,0
481,ROI 481,point,100,9999.999755859375,784581.7138988374,2437999.332569385,89.75670293482513,22.02352420725826,power,water,gamma0,37.25502395629883,NISAR_S2_PR_GCOV_028_170_A_013_3700_DHNA_A_20260824T232917_20260824T232954_P00500_M_F_I_001_gcov.tif,Band 2: HVHV,100,0.013100653514266014,0.007949067872119223,0.6067688045839126,2.7161485024338536,-18.82707039415956,2.4684873047598717,-25.881398205197655,-23.569425585343,-19.611273921090003,-15.913604000764623,-13.50039639693457,0
481,ROI 481,point,100,9999.999755859375,784581.7138988374,2437999.332569385,89.75670293482513,22.02352420725826,power,water,sigma0,37.25502395629883,NISAR_S2_PR_GCOV_028_170_A_013_3700_DHNA_A_20260824T232917_20260824T232954_P00500_M_F_I_001_gcov.tif,Band 1: HHHH,100,0.01522469073964436,0.008873828295737813,0.582857704467572,2.9435737199935477,-18.17451520463891,2.5939536871461937,-24.380013415212506,-22.974057170900736,-18.632689864996983,-14.805596262348873,-13.360632366926751,0
481,ROI 481,point,100,9999.999755859375,784581.7138988374,2437999.332569385,89.75670293482513,22.02352420725826,power,water,sigma0,37.25502395629883,NISAR_S2_PR_GCOV_028_170_A_013_3700_DHNA_A_20260824T232917_20260824T232954_P00500_M_F_I_001_gcov.tif,Band 2: HVHV,100,0.010314230787642558,0.00625852265085696,0.6067852057717453,2.7160016713664934,-19.865631551982304,2.468512220849848,-26.919485154930193,-24.607784602643616,-20.64960467580033,-16.95231926762673,-14.538858144180962,0
482,ROI 482,point,100,10000.000244140625,784824.3856798734,2438484.6619896,89.75913647654038,22.02786426934507,power,water,gamma0,37.2337760925293,NISAR_S2_PR_GCOV_028_170_A_013_3700_DHNA_A_20260824T232917_20260824T232954_P00500_M_F_I_001_gcov.tif,Band 1: HHHH,100,0.015991205119062216,0.009308049353477616,0.5820730385342887,2.951515262316488,-17.961188059950363,2.7604774601975866,-25.904929556935382,-23.59177661249423,-18.39111416243041,-14.762372181852044,-13.600672991693902,0
482,ROI 482,point,100,10000.000244140625,784824.3856798734,2438484.6619896,89.75913647654038,22.02786426934507,power,water,gamma0,37.2337760925293,NISAR_S2_PR_GCOV_028_170_A_013_3700_DHNA_A_20260824T232917_20260824T232954_P00500_M_F_I_001_gcov.tif,Band 2: HVHV,100,0.010790302574168891,0.006222824768097883,0.5767053078747597,3.0067138826773894,-19.669663769621778,2.580857895081028,-27.606226215951185,-24.921239553883918,-20.35549933760507,-16.385775244160374,-14.79576323725082,0
482,ROI 482,point,100,10000.000244140625,784824.3856798734,2438484.6619896,89.75913647654038,22.02786426934507,power,water,sigma0,37.2337760925293,NISAR_S2_PR_GCOV_028_170_A_013_3700_DHNA_A_20260824T232917_20260824T232954_P00500_M_F_I_001_gcov.tif,Band 1: HHHH,100,0.012593203564380848,0.007330416159921382,0.5820930410952018,2.9513124189725954,-18.998637763771267,2.760473482571457,-26.941623464032215,-24.628870885967125,-19.428356458502126,-15.799666873441101,-14.637989078048701,0
482,ROI 482,point,100,10000.000244140625,784824.3856798734,2438484.6619896,89.75913647654038,22.02786426934507,power,water,sigma0,37.2337760925293,NISAR_S2_PR_GCOV_028_170_A_013_3700_DHNA_A_20260824T232917_20260824T232954_P00500_M_F_I_001_gcov.tif,Band 2: HVHV,100,0.008497443744218645,0.004900501967738686,0.5767030786255938,3.0067371276629573,-20.70711701903042,2.580915684731583,-28.644715252349986,-25.957957183542206,-21.39319682693403,-17.423008220762235,-15.83412437777815,0
483,ROI 483,point,100,10000.000244140625,784198.5149930702,2442852.9839204513,89.75384232662022,22.067386126189984,power,water,gamma0,37.200523376464844,NISAR_S2_PR_GCOV_028_170_A_013_3700_DHNA_A_20260824T232917_20260824T232954_P00500_M_F_I_001_gcov.tif,Band 1: HHHH,100,0.018290466177277268,0.011043723485315068,0.6037967200111597,2.742953852102854,-17.37775225325168,2.6894747088250286,-24.41562591954044,-22.9027693835255,-18.318247970701393,-13.652809102791206,-13.028123961074936,0
483,ROI 483,point,100,10000.000244140625,784198.5149930702,2442852.9839204513,89.75384232662022,22.067386126189984,power,water,gamma0,37.200523376464844,NISAR_S2_PR_GCOV_028_170_A_013_3700_DHNA_A_20260824T232917_20260824T232954_P00500_M_F_I_001_gcov.tif,Band 2: HVHV,100,0.009630004059290513,0.006367087249362363,0.661171813652533,2.2875539121598663,-20.163735298093076,2.755238415467853,-28.883851867195354,-25.910175216881413,-20.84893329297989,-16.893153091620654,-14.590805806829607,0
483,ROI 483,point,100,10000.000244140625,784198.5149930702,2442852.9839204513,89.75384232662022,22.067386126189984,power,water,sigma0,37.200523376464844,NISAR_S2_PR_GCOV_028_170_A_013_3700_DHNA_A_20260824T232917_20260824T232954_P00500_M_F_I_001_gcov.tif,Band 1: HHHH,100,0.014408127625177262,0.008699849659527336,0.60381542181268,2.7427839412915476,-18.41392453251769,2.6894462124484106,-25.45191856336848,-23.946286483468207,-19.34913961125169,-14.687052798291285,-14.060959586775963,0
483,ROI 483,point,100,10000.000244140625,784198.5149930702,2442852.9839204513,89.75384232662022,22.067386126189984,power,water,sigma0,37.200523376464844,NISAR_S2_PR_GCOV_028_170_A_013_3700_DHNA_A_20260824T232917_20260824T232954_P00500_M_F_I_001_gcov.tif,Band 2: HVHV,100,0.007585395540969736,0.005013041455988326,0.660880692234468,2.2895697150882324,-21.200217679712953,2.7548871588903387,-29.919107839405076,-26.945558500878356,-21.89567005480075,-17.92005025615722,-15.626060464874206,0
484,ROI 484,point,100,10000.000244140625,784786.067066486,2443472.4681719937,89.7596392030935,22.0728804132875,power,water,gamma0,37.15743637084961,NISAR_S2_PR_GCOV_028_170_A_013_3700_DHNA_A_20260824T232917_20260824T232954_P00500_M_F_I_001_gcov.tif,Band 1: HHHH,100,0.016477246393915266,0.010088458279184427,0.6122660326855283,2.6675936036536636,-17.831153639888527,2.610346590695849,-26.033052007726155,-22.415690265011555,-18.60460086281084,-14.048931688507636,-12.976869351726595,0
484,ROI 484,point,100,10000.000244140625,784786.067066486,2443472.4681719937,89.7596392030935,22.0728804132875,power,water,gamma0,37.15743637084961,NISAR_S2_PR_GCOV_028_170_A_013_3700_DHNA_A_20260824T232917_20260824T232954_P00500_M_F_I_001_gcov.tif,Band 2: HVHV,100,0.010125811153557152,0.005709303412126939,0.5638366473110934,3.1455268743157037,-19.945701764685182,2.415585626023185,-26.748912796233025,-24.92255611397376,-20.28388778372487,-17.027863992525848,-14.793905386863141,0
484,ROI 484,point,100,10000.000244140625,784786.067066486,2443472.4681719937,89.7596392030935,22.0728804132875,power,water,sigma0,37.15743637084961,NISAR_S2_PR_GCOV_028_170_A_013_3700_DHNA_A_20260824T232917_20260824T232954_P00500_M_F_I_001_gcov.tif,Band 1: HHHH,100,0.012991153784554321,0.007955875670163533,0.6124071658379241,2.666364217278711,-18.86352276177684,2.6111920690162127,-27.065958887759432,-23.448254711855782,-19.633721544340823,-15.080180804493812,-14.010144671427744,0
484,ROI 484,point,100,10000.000244140625,784786.067066486,2443472.4681719937,89.7596392030935,22.0728804132875,power,water,sigma0,37.15743637084961,NISAR_S2_PR_GCOV_028_170_A_013_3700_DHNA_A_20260824T232917_20260824T232954_P00500_M_F_I_001_gcov.tif,Band 2: HVHV,100,0.007982779684945497,0.004501243660132166,0.5638692081933486,3.1451636050627636,-20.978458565654496,2.4156804973504107,-27.78204461120644,-25.95596284489504,-21.3239992380039,-18.061349036160003,-15.826802087634523,0
485,ROI 485,point,100,10000.0,785354.4662223959,2443849.2877572915,89.76520843976685,22.076187798673104,power,water,gamma0,37.119354248046875,NISAR_S2_PR_GCOV_028_170_A_013_3700_DHNA_A_20260824T232917_20260824T232954_P00500_M_F_I_001_gcov.tif,Band 1: HHHH,100,0.017901536378776655,0.010985988846290809,0.6136897199122728,2.6552309598867687,-17.47109694596006,2.843124385125323,-28.64891340256735,-22.79803885841841,-18.14060699704204,-13.692186242406805,-13.022610569782653,0
485,ROI 485,point,100,10000.0,785354.4662223959,2443849.2877572915,89.76520843976685,22.076187798673104,power,water,gamma0,37.119354248046875,NISAR_S2_PR_GCOV_028_170_A_013_3700_DHNA_A_20260824T232917_20260824T232954_P00500_M_F_I_001_gcov.tif,Band 2: HVHV,100,0.009058554633520543,0.005586919854872868,0.6167562134249172,2.6288931400876416,-20.429410920320386,2.676761725973404,-29.59512245884232,-25.595587680078708,-21.04500773170634,-16.762530837629,-14.547236982220559,0
485,ROI 485,point,100,10000.0,785354.4662223959,2443849.2877572915,89.76520843976685,22.076187798673104,power,water,sigma0,37.119354248046875,NISAR_S2_PR_GCOV_028_170_A_013_3700_DHNA_A_20260824T232917_20260824T232954_P00500_M_F_I_001_gcov.tif,Band 1: HHHH,100,0.014121416003206981,0.00866512670766335,0.6136159933037519,2.6558690558168103,-18.501217528914445,2.842341891405667,-29.660730860981115,-23.823419628078103,-19.170814494025393,-14.722576124912424,-14.05299044160193,0
485,ROI 485,point,100,10000.0,785354.4662223959,2443849.2877572915,89.76520843976685,22.076187798673104,power,water,sigma0,37.119354248046875,NISAR_S2_PR_GCOV_028_170_A_013_3700_DHNA_A_20260824T232917_20260824T232954_P00500_M_F_I_001_gcov.tif,Band 2: HVHV,100,0.0071459489933236005,0.004406402459046945,0.6166294306275918,2.629974284365597,-21.459400880492183,2.6766740503686757,-30.62557256017953,-26.62600722296149,-22.076358708838693,-17.790856100366,-15.578122269350425,0
486,ROI 486,point,100,10000.000244140625,785916.4661610238,2444181.362517187,89.7707080847055,22.079092245227177,power,water,gamma0,37.082305908203125,NISAR_S2_PR_GCOV_028_170_A_013_3700_DHNA_A_20260824T232917_20260824T232954_P00500_M_F_I_001_gcov.tif,Band 1: HHHH,100,0.019044166279491036,0.011098194972515883,0.5827608733109889,2.944552005739956,-17.20238035244673,2.643003046950973,-24.282415888000145,-22.55372959737667,-17.759489341372845,-13.935687028460054,-11.872457875858265,0
486,ROI 486,point,100,10000.000244140625,785916.4661610238,2444181.362517187,89.7707080847055,22.079092245227177,power,water,gamma0,37.082305908203125,NISAR_S2_PR_GCOV_028_170_A_013_3700_DHNA_A_20260824T232917_20260824T232954_P00500_M_F_I_001_gcov.tif,Band 2: HVHV,100,0.01067599386558868,0.006920032958175001,0.6481862995893943,2.3801279557706967,-19.71591684429467,3.0041899403025973,-29.229483312724295,-25.67796891950089,-20.48343453346783,-15.978364306814116,-14.953323443857142,0
486,ROI 486,point,100,10000.000244140625,785916.4661610238,2444181.362517187,89.7707080847055,22.079092245227177,power,water,sigma0,37.082305908203125,NISAR_S2_PR_GCOV_028_170_A_013_3700_DHNA_A_20260824T232917_20260824T232954_P00500_M_F_I_001_gcov.tif,Band 1: HHHH,100,0.01502551344081927,0.008762766301602026,0.5831924703349262,2.9401953321158096,-18.231706786793183,2.642476204571471,-25.31884359665152,-23.57876153686204,-18.79525378885814,-14.964168678110282,-12.887917111938261,0
486,ROI 486,point,100,10000.000244140625,785916.4661610238,2444181.362517187,89.7707080847055,22.079092245227177,power,water,sigma0,37.082305908203125,NISAR_S2_PR_GCOV_028_170_A_013_3700_DHNA_A_20260824T232917_20260824T232954_P00500_M_F_I_001_gcov.tif,Band 2: HVHV,100,0.008423411255161635,0.005460250646944061,0.6482232057229984,2.3798569416540682,-20.74511995285281,3.0050734502907974,-30.265911021375665,-26.71387402625313,-21.51208797625658,-17.007131448816327,-15.97523029209974,0
487,ROI 487,point,100,10000.0,786261.3400809896,2444794.4802302085,89.77415527028195,22.084568272238744,power,water,gamma0,37.052860260009766,NISAR_S2_PR_GCOV_028_170_A_013_3700_DHNA_A_20260824T232917_20260824T232954_P00500_M_F_I_001_gcov.tif,Band 1: HHHH,100,0.013930860564578325,0.009035384429977823,0.6485876725341638,2.3771830235387577,-18.560220546525766,2.6669563097588154,-25.190321438233397,-23.968091300641024,-19.21630500886674,-15.296840364623979,-12.470998193610201,0
487,ROI 487,point,100,10000.0,786261.3400809896,2444794.4802302085,89.77415527028195,22.084568272238744,power,water,gamma0,37.052860260009766,NISAR_S2_PR_GCOV_028_170_A_013_3700_DHNA_A_20260824T232917_20260824T232954_P00500_M_F_I_001_gcov.tif,Band 2: HVHV,100,0.009228715675417333,0.0060225598883668465,0.6525891684375138,2.348119946087572,-20.348587338483156,2.5118194697471363,-27.512121696454276,-25.513216087976023,-21.157440046904924,-17.084305535200095,-13.986077422744827,0
487,ROI 487,point,100,10000.0,786261.3400809896,2444794.4802302085,89.77415527028195,22.084568272238744,power,water,sigma0,37.052860260009766,NISAR_S2_PR_GCOV_028_170_A_013_3700_DHNA_A_20260824T232917_20260824T232954_P00500_M_F_I_001_gcov.tif,Band 1: HHHH,100,0.010994366923809286,0.00713275411872656,0.6487644234685257,2.3758879091046303,-19.588297730709872,2.6668368742468433,-26.21573758265896,-24.995064837801714,-20.249772325011456,-16.324156090650437,-13.497351940936397,0
487,ROI 487,point,100,10000.0,786261.3400809896,2444794.4802302085,89.77415527028195,22.084568272238744,power,water,sigma0,37.052860260009766,NISAR_S2_PR_GCOV_028_170_A_013_3700_DHNA_A_20260824T232917_20260824T232954_P00500_M_F_I_001_gcov.tif,Band 2: HVHV,100,0.007282579037634987,0.004751011742242655,0.6523803885533308,2.3496231140682533,-21.377147932883528,2.5112483657544167,-28.540420139752356,-26.540019346411885,-22.186681830263456,-18.111106102234608,-15.012822990689914,0
488,ROI 488,point,100,9999.999755859375,786443.3598948086,2445404.404730381,89.77602531413585,22.090042185875223,power,water,gamma0,37.033016204833984,NISAR_S2_PR_GCOV_028_170_A_013_3700_DHNA_A_20260824T232917_20260824T232954_P00500_M_F_I_001_gcov.tif,Band 1: HHHH,100,0.014429595149122178,0.007487415710758546,0.5188929857962121,3.714021382915814,-18.40745853727626,2.3164367999663735,-23.804342030077873,-23.276808164538124,-18.8241211168816,-15.639630125361075,-13.407557310716292,0
488,ROI 488,point,100,9999.999755859375,786443.3598948086,2445404.404730381,89.77602531413585,22.090042185875223,power,water,gamma0,37.033016204833984,NISAR_S2_PR_GCOV_028_170_A_013_3700_DHNA_A_20260824T232917_20260824T232954_P00500_M_F_I_001_gcov.tif,Band 2: HVHV,100,0.008106559184379875,0.004270636427283544,0.5268124650853621,3.6031962363739063,-20.911634422530323,2.3169005346535383,-26.704023089457493,-25.774060086829557,-21.52836422197936,-17.890901357629854,-16.480564722456432,0
488,ROI 488,point,100,9999.999755859375,786443.3598948086,2445404.404730381,89.77602531413585,22.090042185875223,power,water,sigma0,37.033016204833984,NISAR_S2_PR_GCOV_028_170_A_013_3700_DHNA_A_20260824T232917_20260824T232954_P00500_M_F_I_001_gcov.tif,Band 1: HHHH,100,0.011392762744000648,0.005911615529680486,0.5188921829161678,3.714032876309076,-19.433709467741448,2.3159622218154388,-24.828102128018877,-24.302791265767404,-19.849706493511487,-16.665169468882315,-14.434185820597857,0
488,ROI 488,point,100,9999.999755859375,786443.3598948086,2445404.404730381,89.77602531413585,22.090042185875223,power,water,sigma0,37.033016204833984,NISAR_S2_PR_GCOV_028_170_A_013_3700_DHNA_A_20260824T232917_20260824T232954_P00500_M_F_I_001_gcov.tif,Band 2: HVHV,100,0.006400281262993475,0.0033710888444296694,0.5267094844599028,3.604605345900967,-21.9380094034705,2.3163523836047824,-27.729326800694256,-26.79988205101737,-22.550481046670537,-18.91733668564356,-17.506234589787795,0
489,ROI 489,point,100,10000.0,786954.2683455729,2445161.7002739585,89.78092933121242,22.087767930429074,power,water,gamma0,37.007896423339844,NISAR_S2_PR_GCOV_028_170_A_013_3700_DHNA_A_20260824T232917_20260824T232954_P00500_M_F_I_001_gcov.tif,Band 1: HHHH,100,0.01582088311202824,0.00963454641121444,0.608976524445056,2.6964905181892367,-18.00769278109117,2.7725902912395326,-25.66259820965957,-23.36080995838873,-18.207415708896487,-14.649742911719589,-12.971975435929199,0
489,ROI 489,point,100,10000.0,786954.2683455729,2445161.7002739585,89.78092933121242,22.087767930429074,power,water,gamma0,37.007896423339844,NISAR_S2_PR_GCOV_028_170_A_013_3700_DHNA_A_20260824T232917_20260824T232954_P00500_M_F_I_001_gcov.tif,Band 2: HVHV,100,0.009433349327882751,0.005600631135675988,0.5937054741651352,2.836990577837393,-20.253340828343834,2.6110028391540827,-28.260050239831713,-25.1904579139799,-20.870674480891292,-16.77642913313867,-15.642896712613439,0
489,ROI 489,point,100,10000.0,786954.2683455729,2445161.7002739585,89.78092933121242,22.087767930429074,power,water,sigma0,37.007896423339844,NISAR_S2_PR_GCOV_028_170_A_013_3700_DHNA_A_20260824T232917_20260824T232954_P00500_M_F_I_001_gcov.tif,Band 1: HHHH,100,0.01249176875386834,0.007619951538908337,0.6099978064794594,2.6874689382139674,-19.033760639750202,2.772469597033243,-26.703297250200055,-24.384180162971578,-19.327398948685172,-15.662725350360978,-13.944580581104729,0
489,ROI 489,point,100,10000.0,786954.2683455729,2445161.7002739585,89.78092933121242,22.087767930429074,power,water,sigma0,37.007896423339844,NISAR_S2_PR_GCOV_028_170_A_013_3700_DHNA_A_20260824T232917_20260824T232954_P00500_M_F_I_001_gcov.tif,Band 2: HVHV,100,0.007459422468955781,0.004460251502343011,0.5979352317026477,2.796995144283004,-21.27294795617807,2.623425058076912,-29.280978202180854,-26.191144282320753,-21.894633930119866,-17.787446762420206,-16.497953025978628,0
490,ROI 490,point,100,10000.000244140625,787628.030892675,2444778.494242192,89.78738507181087,22.08419880025778,power,water,gamma0,36.97608184814453,NISAR_S2_PR_GCOV_028_170_A_013_3700_DHNA_A_20260824T232917_20260824T232954_P00500_M_F_I_001_gcov.tif,Band 1: HHHH,100,0.016044623991474508,0.01050964872486391,0.6550261776435727,2.330680200583781,-17.94670456215172,2.639386683488425,-26.72307317428467,-22.838598050783077,-18.577257852413798,-14.413615805287499,-12.291213327709512,0
490,ROI 490,point,100,10000.000244140625,787628.030892675,2444778.494242192,89.78738507181087,22.08419880025778,power,water,gamma0,36.97608184814453,NISAR_S2_PR_GCOV_028_170_A_013_3700_DHNA_A_20260824T232917_20260824T232954_P00500_M_F_I_001_gcov.tif,Band 2: HVHV,100,0.010506338755367323,0.006801455574523558,0.647366864222699,2.3861572894086764,-19.7854860037139,2.4145738292656147,-27.146791168000917,-23.99787584937355,-20.644520322593127,-16.16335644606817,-13.905713076585599,0
490,ROI 490,point,100,10000.000244140625,787628.030892675,2444778.494242192,89.78738507181087,22.08419880025778,power,water,sigma0,36.97608184814453,NISAR_S2_PR_GCOV_028_170_A_013_3700_DHNA_A_20260824T232917_20260824T232954_P00500_M_F_I_001_gcov.tif,Band 1: HHHH,100,0.0126529138934646,0.008107273070252006,0.6407435582438857,2.435743221752515,-18.97809447442784,2.6127835436006115,-27.4956394659084,-23.90205775513783,-19.581665190860416,-15.43340706652357,-13.683882545631656,0
490,ROI 490,point,100,10000.000244140625,787628.030892675,2444778.494242192,89.78738507181087,22.08419880025778,power,water,sigma0,36.97608184814453,NISAR_S2_PR_GCOV_028_170_A_013_3700_DHNA_A_20260824T232917_20260824T232954_P00500_M_F_I_001_gcov.tif,Band 2: HVHV,100,0.008327917178089566,0.005390200676874795,0.6472447505909651,2.387057751928692,-20.79463602575035,2.4231385633322646,-28.13420821186487,-25.176573051263436,-21.670430608625537,-17.193683949799894,-14.958928719276244,0
491,ROI 491,point,100,10000.0,787995.2573510417,2444408.1008729166,89.79087489211489,22.080795781358567,power,water,gamma0,36.960941314697266,NISAR_S2_PR_GCOV_028_170_A_013_3700_DHNA_A_20260824T232917_20260824T232954_P00500_M_F_I_001_gcov.tif,Band 1: HHHH,100,0.016205989632289856,0.00932568177004453,0.5754466084233105,3.0198817009039973,-17.903244432667893,2.6714404721976743,-24.894306174898766,-23.657681135039525,-18.6502931124468,-14.486355024707702,-13.633527086947769,0
491,ROI 491,point,100,10000.0,787995.2573510417,2444408.1008729166,89.79087489211489,22.080795781358567,power,water,gamma0,36.960941314697266,NISAR_S2_PR_GCOV_028_170_A_013_3700_DHNA_A_20260824T232917_20260824T232954_P00500_M_F_I_001_gcov.tif,Band 2: HVHV,100,0.009818706181831657,0.0058842909757084675,0.5992939259753637,2.784327058652124,-20.079457357477075,2.645903529853512,-26.92913385777875,-25.310135608980318,-21.061648913601854,-16.52958699796168,-15.560059359073918,0
491,ROI 491,point,100,10000.0,787995.2573510417,2444408.1008729166,89.79087489211489,22.080795781358567,power,water,sigma0,36.960941314697266,NISAR_S2_PR_GCOV_028_170_A_013_3700_DHNA_A_20260824T232917_20260824T232954_P00500_M_F_I_001_gcov.tif,Band 1: HHHH,100,0.012828144778580908,0.007384321654528466,0.5756344180694026,3.0179114559956215,-18.918361472637116,2.674187801447671,-25.88305763643216,-24.67391480800361,-19.687755218814964,-15.477498838872153,-14.700327246483873,0
491,ROI 491,point,100,10000.0,787995.2573510417,2444408.1008729166,89.79087489211489,22.080795781358567,power,water,sigma0,36.960941314697266,NISAR_S2_PR_GCOV_028_170_A_013_3700_DHNA_A_20260824T232917_20260824T232954_P00500_M_F_I_001_gcov.tif,Band 2: HVHV,100,0.007770584125473316,0.004659603661992206,0.5996465113500568,2.7810537155655237,-21.09546333459738,2.646125513504678,-27.94899181524856,-26.32021556054125,-22.025030758652598,-17.48998559386687,-16.518438404568705,0
492,ROI 492,point,100,10000.0,788354.4943554688,2443895.5894125,89.79426195367168,22.07611159733932,power,water,gamma0,36.94858169555664,NISAR_S2_PR_GCOV_028_170_A_013_3700_DHNA_A_20260824T232917_20260824T232954_P00500_M_F_I_001_gcov.tif,Band 1: HHHH,100,0.01702349436003715,0.011827668845656314,0.6947850186047527,2.0715675972523258,-17.6895128881567,2.462533469074897,-23.536444182401954,-22.214431676748283,-18.491921631151705,-14.456238710363717,-10.888085991577247,0
492,ROI 492,point,100,10000.0,788354.4943554688,2443895.5894125,89.79426195367168,22.07611159733932,power,water,gamma0,36.94858169555664,NISAR_S2_PR_GCOV_028_170_A_013_3700_DHNA_A_20260824T232917_20260824T232954_P00500_M_F_I_001_gcov.tif,Band 2: HVHV,100,0.009925944115966558,0.005815440205823841,0.5858828276565963,2.9132547425836166,-20.032281742521015,2.6198829374222625,-27.3101253919927,-25.489305774983503,-20.57081160047381,-17.01229670588439,-14.995368994332583,0
492,ROI 492,point,100,10000.0,788354.4943554688,2443895.5894125,89.79426195367168,22.07611159733932,power,water,sigma0,36.94858169555664,NISAR_S2_PR_GCOV_028_170_A_013_3700_DHNA_A_20260824T232917_20260824T232954_P00500_M_F_I_001_gcov.tif,Band 1: HHHH,100,0.013478896873110807,0.00940337977705293,0.697637192833772,2.054663699723236,-18.703456494568236,2.4686368800897673,-24.559900210606436,-23.236300727478607,-19.516826721435233,-15.435690376604121,-11.882418108791118,0
492,ROI 492,point,100,10000.0,788354.4943554688,2443895.5894125,89.79426195367168,22.07611159733932,power,water,sigma0,36.94858169555664,NISAR_S2_PR_GCOV_028_170_A_013_3700_DHNA_A_20260824T232917_20260824T232954_P00500_M_F_I_001_gcov.tif,Band 2: HVHV,100,0.007853081320920902,0.004607077515580572,0.5866585773544896,2.9055553331414377,-21.04959905279837,2.6213744342341694,-28.330349046690998,-26.50963218391752,-21.595514188307043,-18.020816755128664,-16.01758176919813,0
493,ROI 493,point,100,10000.0,788670.6229179688,2443560.30154375,89.79726296151514,22.073033713660227,power,water,gamma0,36.93564224243164,NISAR_S2_PR_GCOV_028_170_A_013_3700_DHNA_A_20260824T232917_20260824T232954_P00500_M_F_I_001_gcov.tif,Band 1: HHHH,100,0.016325524963904173,0.009478928257371923,0.5806201196181983,2.966305234813981,-17.87132844646387,2.47489150854571,-24.57964957075476,-22.81214300993303,-18.54693769634943,-14.530340715331803,-13.177379020420869,0
493,ROI 493,point,100,10000.0,788670.6229179688,2443560.30154375,89.79726296151514,22.073033713660227,power,water,gamma0,36.93564224243164,NISAR_S2_PR_GCOV_028_170_A_013_3700_DHNA_A_20260824T232917_20260824T232954_P00500_M_F_I_001_gcov.tif,Band 2: HVHV,100,0.00948471669224091,0.0055579342493308655,0.585988430616763,2.9122048221848837,-20.22975636924398,2.6443762670139135,-27.358693175085644,-25.032042692577406,-20.59197893250895,-17.226748422822023,-15.19200608638344,0
493,ROI 493,point,100,10000.0,788670.6229179688,2443560.30154375,89.79726296151514,22.073033713660227,power,water,sigma0,36.93564224243164,NISAR_S2_PR_GCOV_028_170_A_013_3700_DHNA_A_20260824T232917_20260824T232954_P00500_M_F_I_001_gcov.tif,Band 1: HHHH,100,0.01290447790967468,0.007478625304223939,0.5795372239443412,2.97740098519709,-18.892595614830746,2.4698380197588246,-25.595300460680228,-23.831684957250346,-19.56588847730782,-15.528777581302409,-14.197842015581026,0
493,ROI 493,point,100,10000.0,788670.6229179688,2443560.30154375,89.79726296151514,22.073033713660227,power,water,sigma0,36.93564224243164,NISAR_S2_PR_GCOV_028_170_A_013_3700_DHNA_A_20260824T232917_20260824T232954_P00500_M_F_I_001_gcov.tif,Band 2: HVHV,100,0.007499868927820959,0.004386768852387404,0.5849127357565638,2.922926162792985,-21.249463265311668,2.6431837233637587,-28.378803876144637,-26.052616719423952,-21.564201171922978,-18.242257822274656,-16.244879303484847,0
494,ROI 494,point,900,90000.0,789567.917122338,2443098.8815722223,89.80586765863404,22.068721142581676,power,water,gamma0,36.89254379272461,NISAR_S2_PR_GCOV_028_170_A_013_3700_DHNA_A_20260824T232917_20260824T232954_P00500_M_F_I_001_gcov.tif,Band 1: HHHH,900,0.014985836625047442,0.009435441410631575,0.6296239340325589,2.52253698675283,-18.243190063720522,2.7327912118741144,-28.33403252340538,-23.631401706484077,-18.93361159323671,-14.727576574008554,-11.814320045838668,0
494,ROI 494,point,900,90000.0,789567.917122338,2443098.8815722223,89.80586765863404,22.068721142581676,power,water,gamma0,36.89254379272461,NISAR_S2_PR_GCOV_028_170_A_013_3700_DHNA_A_20260824T232917_20260824T232954_P00500_M_F_I_001_gcov.tif,Band 2: HVHV,900,0.009859618824622076,0.006509906433801685,0.660259443047101,2.2938803312158047,-20.061398746696597,2.673634891891689,-29.68060393450817,-25.334299236830674,-20.820634534452598,-16.48083216841977,-12.943573736140955,0
494,ROI 494,point,900,90000.0,789567.917122338,2443098.8815722223,89.80586765863404,22.068721142581676,power,water,sigma0,36.89254379272461,NISAR_S2_PR_GCOV_028_170_A_013_3700_DHNA_A_20260824T232917_20260824T232954_P00500_M_F_I_001_gcov.tif,Band 1: HHHH,900,0.011855921291082757,0.007464707996765874,0.6296185520715574,2.522580112082182,-19.26064692543045,2.7327862936765865,-29.351304632986643,-24.649280290454353,-19.951050368022937,-15.74510518911837,-12.831829697264235,0
494,ROI 494,point,900,90000.0,789567.917122338,2443098.8815722223,89.80586765863404,22.068721142581676,power,water,sigma0,36.89254379272461,NISAR_S2_PR_GCOV_028_170_A_013_3700_DHNA_A_20260824T232917_20260824T232954_P00500_M_F_I_001_gcov.tif,Band 2: HVHV,900,0.007800367159827825,0.005150260071407438,0.6602586731982906,2.293885680458898,-21.07884954779469,2.6736356483586268,-30.697975509065664,-26.351465392889214,-21.83840192775229,-17.498403411700657,-13.960695016667145,0
495,ROI 495,point,900,90000.0,790506.7231581019,2442504.943058796,89.81484995905733,22.063205465986158,power,water,gamma0,36.84845733642578,NISAR_S2_PR_GCOV_028_170_A_013_3700_DHNA_A_20260824T232917_20260824T232954_P00500_M_F_I_001_gcov.tif,Band 1: HHHH,900,0.0169585189414728,0.010091699402255334,0.595081412302795,2.8238864525263927,-17.706120791802647,2.6033989988407926,-27.880570804905634,-22.869588940205574,-18.301505457840925,-14.524490539805207,-10.979374134160835,0
495,ROI 495,point,900,90000.0,790506.7231581019,2442504.943058796,89.81484995905733,22.063205465986158,power,water,gamma0,36.84845733642578,NISAR_S2_PR_GCOV_028_170_A_013_3700_DHNA_A_20260824T232917_20260824T232954_P00500_M_F_I_001_gcov.tif,Band 2: HVHV,900,0.009633382906516393,0.005845243558561963,0.606769565300681,2.716141691879949,-20.162211770872194,2.624393962398979,-29.60987504827863,-25.34259108176951,-20.834065714256248,-16.862971421443216,-13.712044273704002,0
495,ROI 495,point,900,90000.0,790506.7231581019,2442504.943058796,89.81484995905733,22.063205465986158,power,water,sigma0,36.84845733642578,NISAR_S2_PR_GCOV_028_170_A_013_3700_DHNA_A_20260824T232917_20260824T232954_P00500_M_F_I_001_gcov.tif,Band 1: HHHH,900,0.013424461909766244,0.007988830479985562,0.5950950238216788,2.8237572733444156,-18.721031130252555,2.603463355993387,-28.89562746463103,-23.884376894251705,-19.316472016997754,-15.539025746949033,-11.993926563233622,0
495,ROI 495,point,900,90000.0,790506.7231581019,2442504.943058796,89.81484995905733,22.063205465986158,power,water,sigma0,36.84845733642578,NISAR_S2_PR_GCOV_028_170_A_013_3700_DHNA_A_20260824T232917_20260824T232954_P00500_M_F_I_001_gcov.tif,Band 2: HVHV,900,0.007625798302919635,0.0046271308572887445,0.6067733073293045,2.716108190575614,-21.177146856985182,2.6244097687633974,-30.62464328875254,-26.357465259475923,-21.84872760030907,-17.878033088853805,-14.727433522262656,0
496,ROI 496,point,900,90000.0,791752.0781032407,2442121.756920833,89.82683676773775,22.059539813944447,power,water,gamma0,36.78334045410156,NISAR_S2_PR_GCOV_028_170_A_013_3700_DHNA_A_20260824T232917_20260824T232954_P00500_M_F_I_001_gcov.tif,Band 1: HHHH,900,0.016150712795917774,0.009719798180083106,0.6018185267055127,2.7610158111877827,-17.918083057475794,2.5863737881312776,-26.949026457092483,-23.23862960022212,-18.580227893054385,-14.608894375588084,-11.77855416448378,0
496,ROI 496,point,900,90000.0,791752.0781032407,2442121.756920833,89.82683676773775,22.059539813944447,power,water,gamma0,36.78334045410156,NISAR_S2_PR_GCOV_028_170_A_013_3700_DHNA_A_20260824T232917_20260824T232954_P00500_M_F_I_001_gcov.tif,Band 2: HVHV,900,0.009716399815968342,0.006073161195364707,0.6250423315623361,2.5596532550695508,-20.124946229018693,2.613184992040945,-29.39165048124332,-25.220797219049345,-20.931469156984473,-16.753826588607318,-13.509825322065955,0
496,ROI 496,point,900,90000.0,791752.0781032407,2442121.756920833,89.82683676773775,22.059539813944447,power,water,sigma0,36.78334045410156,NISAR_S2_PR_GCOV_028_170_A_013_3700_DHNA_A_20260824T232917_20260824T232954_P00500_M_F_I_001_gcov.tif,Band 1: HHHH,900,0.012795746727659743,0.007700751685685897,0.6018212027469783,2.7609912571297444,-18.929343647014328,2.5863849408589075,-27.960479905643062,-24.2493795464044,-19.591515266887182,-15.62051002917569,-12.789909263719604,0
496,ROI 496,point,900,90000.0,791752.0781032407,2442121.756920833,89.82683676773775,22.059539813944447,power,water,sigma0,36.78334045410156,NISAR_S2_PR_GCOV_028_170_A_013_3700_DHNA_A_20260824T232917_20260824T232954_P00500_M_F_I_001_gcov.tif,Band 2: HVHV,900,0.00769801007677322,0.004811599031665873,0.6250445223738592,2.559635311682103,-21.13621524745177,2.6131752174569165,-30.40337219622436,-26.23233031357082,-21.942884218070095,-17.76529946205683,-14.520799787967913,0
497,ROI 497,point,900,90000.00024414062,793246.5033206348,2441834.3651108225,89.84125109427909,22.05669586423738,power,water,gamma0,36.70302200317383,NISAR_S2_PR_GCOV_028_170_A_013_3700_DHNA_A_20260824T232917_20260824T232954_P00500_M_F_I_001_gcov.tif,Band 1: HHHH,900,0.020135564716118905,0.012293546773855375,0.610538961642042,2.6827069385687032,-16.960361857905898,2.59248401494894,-26.077486906969106,-21.929301774251144,-17.64855364844476,-13.583433491496887,-10.468253949376887,0
497,ROI 497,point,900,90000.00024414062,793246.5033206348,2441834.3651108225,89.84125109427909,22.05669586423738,power,water,gamma0,36.70302200317383,NISAR_S2_PR_GCOV_028_170_A_013_3700_DHNA_A_20260824T232917_20260824T232954_P00500_M_F_I_001_gcov.tif,Band 2: HVHV,900,0.010966015934180985,0.006781563678960792,0.618416361937129,2.614797475043379,-19.599511274000257,2.6370482268792115,-30.68732602777994,-24.858425353174102,-20.305881366733445,-16.12884984140927,-13.175544407048875,0
497,ROI 497,point,900,90000.00024414062,793246.5033206348,2441834.3651108225,89.84125109427909,22.05669586423738,power,water,sigma0,36.70302200317383,NISAR_S2_PR_GCOV_028_170_A_013_3700_DHNA_A_20260824T232917_20260824T232954_P00500_M_F_I_001_gcov.tif,Band 1: HHHH,900,0.01596971355342022,0.009750077455927457,0.6105355254690396,2.6827371358978085,-17.967028736727034,2.592492393116742,-27.084437848578496,-22.935874345486454,-18.655426654778385,-14.589838315676305,-11.475352103053725,0
497,ROI 497,point,900,90000.00024414062,793246.5033206348,2441834.3651108225,89.84125109427909,22.05669586423738,power,water,sigma0,36.70302200317383,NISAR_S2_PR_GCOV_028_170_A_013_3700_DHNA_A_20260824T232917_20260824T232954_P00500_M_F_I_001_gcov.tif,Band 2: HVHV,900,0.00869728414111387,0.0053786021461289,0.6184231834743825,2.6147397901425298,-20.606163412508486,2.6370731830650804,-31.6942205013395,-25.865244706801267,-21.312748909722394,-17.135167487953204,-14.18176752196281,0
498,ROI 498,point,900,90000.0,794472.6996771991,2441546.977715741,89.85306836158622,22.053896053904555,power,water,gamma0,36.637428283691406,NISAR_S2_PR_GCOV_028_170_A_013_3700_DHNA_A_20260824T232917_20260824T232954_P00500_M_F_I_001_gcov.tif,Band 1: HHHH,900,0.018093985330003004,0.011264333065390358,0.6225457167090832,2.5802245387936242,-17.42465766130592,2.673763651007347,-27.775187281096827,-22.622458380510043,-18.107876613338142,-13.914604822423138,-11.539819936598102,0
498,ROI 498,point,900,90000.0,794472.6996771991,2441546.977715741,89.85306836158622,22.053896053904555,power,water,gamma0,36.637428283691406,NISAR_S2_PR_GCOV_028_170_A_013_3700_DHNA_A_20260824T232917_20260824T232954_P00500_M_F_I_001_gcov.tif,Band 2: HVHV,900,0.010475597101160222,0.0063972638430449015,0.6106825015574887,2.681445955093773,-19.798212131971397,2.586249570714834,-29.62921368325474,-25.027347941787696,-20.46317721920836,-16.41739915354564,-13.228067775795944,0
498,ROI 498,point,900,90000.0,794472.6996771991,2441546.977715741,89.85306836158622,22.053896053904555,power,water,sigma0,36.637428283691406,NISAR_S2_PR_GCOV_028_170_A_013_3700_DHNA_A_20260824T232917_20260824T232954_P00500_M_F_I_001_gcov.tif,Band 1: HHHH,900,0.014362746708870031,0.008941498747430627,0.6225479658364098,2.580205895272629,-18.427624983641856,2.6737686498063735,-28.77807765962015,-23.625410006857813,-19.110933621488595,-14.9172789314935,-12.542510745287084,0
498,ROI 498,point,900,90000.0,794472.6996771991,2441546.977715741,89.85306836158622,22.053896053904555,power,water,sigma0,36.637428283691406,NISAR_S2_PR_GCOV_028_170_A_013_3700_DHNA_A_20260824T232917_20260824T232954_P00500_M_F_I_001_gcov.tif,Band 2: HVHV,900,0.008315388748278633,0.005078083323039842,0.6106850174733027,2.6814238609595042,-20.801174425015,2.586270897619231,-30.63243017601494,-26.029999944518416,-21.466316479470656,-17.42003461302449,-14.230659781245343,0
499,ROI 499,point,900,90000.0,795449.8243267362,2440818.9240555554,89.86239416822859,22.047161431296008,power,water,gamma0,36.59364318847656,NISAR_S2_PR_GCOV_028_170_A_013_3700_DHNA_A_20260824T232917_20260824T232954_P00500_M_F_I_001_gcov.tif,Band 1: HHHH,900,0.020020604193753875,0.012392488741923866,0.6189867509488117,2.60998068512782,-16.985228202606027,2.7013382544792495,-29.71143154483551,-22.532166556599854,-17.641776693319727,-13.750598516939672,-10.494065030587636,0
499,ROI 499,point,900,90000.0,795449.8243267362,2440818.9240555554,89.86239416822859,22.047161431296008,power,water,gamma0,36.59364318847656,NISAR_S2_PR_GCOV_028_170_A_013_3700_DHNA_A_20260824T232917_20260824T232954_P00500_M_F_I_001_gcov.tif,Band 2: HVHV,900,0.01171177225601342,0.007432903016861635,0.6346522844179457,2.482723212569076,-19.31377381377753,2.6667325184806567,-29.882281480877097,-24.479263099443436,-19.959840840146803,-15.898606244439444,-12.51288950513177,0
499,ROI 499,point,900,90000.0,795449.8243267362,2440818.9240555554,89.86239416822859,22.047161431296008,power,water,sigma0,36.59364318847656,NISAR_S2_PR_GCOV_028_170_A_013_3700_DHNA_A_20260824T232917_20260824T232954_P00500_M_F_I_001_gcov.tif,Band 1: HHHH,900,0.015901269150455605,0.009842742197561037,0.6189909814386747,2.6099450094574768,-17.98568211337238,2.701360379723285,-30.712136611600933,-23.53306354399578,-18.641898237378566,-14.751463300044318,-11.49398368029978,0
499,ROI 499,point,900,90000.0,795449.8243267362,2440818.9240555554,89.86239416822859,22.047161431296008,power,water,sigma0,36.59364318847656,NISAR_S2_PR_GCOV_028_170_A_013_3700_DHNA_A_20260824T232917_20260824T232954_P00500_M_F_I_001_gcov.tif,Band 2: HVHV,900,0.009302019047293705,0.005903602942615584,0.6346582298531367,2.482676696822101,-20.314227755398235,2.6667509201656827,-30.883060210242622,-25.480030691054893,-20.960319803971007,-16.899256157105242,-13.51323279584783,0
500,ROI 500,point,900,89999.99975585938,816563.3812200468,2434841.2225188185,90.06557000935776,21.98953041854913,power,water,gamma0,35.46879577636719,NISAR_S2_PR_GCOV_028_170_A_013_3700_DHNA_A_20260824T232917_20260824T232954_P00500_M_F_I_001_gcov.tif,Band 1: HHHH,900,0.019944233563728632,0.012759718269793545,0.6397697975719092,2.4431635031921197,-17.001826485213023,2.740541093393025,-28.524993563683235,-22.531497689357053,-17.73019742808181,-13.542148676393431,-10.0456125215828,0
500,ROI 500,point,900,89999.99975585938,816563.3812200468,2434841.2225188185,90.06557000935776,21.98953041854913,power,water,gamma0,35.46879577636719,NISAR_S2_PR_GCOV_028_170_A_013_3700_DHNA_A_20260824T232917_20260824T232954_P00500_M_F_I_001_gcov.tif,Band 2: HVHV,900,0.009387305913324881,0.006173291108350537,0.6576211711166047,2.3123226197188687,-20.274590291242205,2.809205465127976,-30.335515808046996,-25.957202995735717,-21.04396933799915,-16.606569151758617,-13.990845525148831,0
500,ROI 500,point,900,89999.99975585938,816563.3812200468,2434841.2225188185,90.06557000935776,21.98953041854913,power,water,sigma0,35.46879577636719,NISAR_S2_PR_GCOV_028_170_A_013_3700_DHNA_A_20260824T232917_20260824T232954_P00500_M_F_I_001_gcov.tif,Band 1: HHHH,900,0.01606916261892578,0.010280386586831029,0.6397586999787467,2.4432482647428397,-17.94006754192177,2.740520162441367,-29.463573812361005,-23.46929603722076,-18.668390306671988,-14.480525186813061,-10.98421365537413,0
500,ROI 500,point,900,89999.99975585938,816563.3812200468,2434841.2225188185,90.06557000935776,21.98953041854913,power,water,sigma0,35.46879577636719,NISAR_S2_PR_GCOV_028_170_A_013_3700_DHNA_A_20260824T232917_20260824T232954_P00500_M_F_I_001_gcov.tif,Band 2: HVHV,900,0.007563447201190646,0.004973939632564588,0.6576286579724633,2.3122699701653646,-21.212802204729137,2.809228084618018,-31.27412690246632,-26.895227128363768,-21.98202141915145,-17.544377769004463,-14.928978213915954,0
501,ROI 501,point,900,90000.0,816850.7700846065,2437446.88605,90.06885626261695,22.012985520420518,power,water,gamma0,35.409423828125,NISAR_S2_PR_GCOV_028_170_A_013_3700_DHNA_A_20260824T232917_20260824T232954_P00500_M_F_I_001_gcov.tif,Band 1: HHHH,900,0.02093448425255095,0.013689187162986395,0.653906110026012,2.338671424836242,-16.791377340338087,2.719343906189807,-26.14142526459441,-22.12414782170925,-17.648089535682406,-13.275139033040798,-10.212543246365387,0
501,ROI 501,point,900,90000.0,816850.7700846065,2437446.88605,90.06885626261695,22.012985520420518,power,water,gamma0,35.409423828125,NISAR_S2_PR_GCOV_028_170_A_013_3700_DHNA_A_20260824T232917_20260824T232954_P00500_M_F_I_001_gcov.tif,Band 2: HVHV,900,0.010549563534118029,0.006445172667561498,0.610942115919522,2.679167526570991,-19.76765508010387,2.6292161740515776,-29.355482489875705,-24.823407937284074,-20.425901018956484,-16.363188831532856,-14.028296347677474,0
501,ROI 501,point,900,90000.0,816850.7700846065,2437446.88605,90.06885626261695,22.012985520420518,power,water,sigma0,35.409423828125,NISAR_S2_PR_GCOV_028_170_A_013_3700_DHNA_A_20260824T232917_20260824T232954_P00500_M_F_I_001_gcov.tif,Band 1: HHHH,900,0.016879622771054623,0.011037653705226419,0.6539040507560345,2.3386861547142104,-17.726372632956725,2.719328976848059,-27.07619999466405,-23.05888280167755,-18.582697863745945,-14.209940332074734,-11.14750449726821,0
501,ROI 501,point,900,90000.0,816850.7700846065,2437446.88605,90.06885626261695,22.012985520420518,power,water,sigma0,35.409423828125,NISAR_S2_PR_GCOV_028_170_A_013_3700_DHNA_A_20260824T232917_20260824T232954_P00500_M_F_I_001_gcov.tif,Band 2: HVHV,900,0.008506186147917302,0.0051967341788078,0.6109358634339545,2.679222365525503,-20.702651174921204,2.6292021063982123,-30.29012399568312,-25.75836790554753,-21.361022506931995,-17.29779359386552,-14.963323733536086,0
502,ROI 502,point,900,90000.0,817597.9830516204,2439899.2773263888,90.07656364825066,22.0349740418777,power,water,gamma0,35.32606506347656,NISAR_S2_PR_GCOV_028_170_A_013_3700_DHNA_A_20260824T232917_20260824T232954_P00500_M_F_I_001_gcov.tif,Band 1: HHHH,900,0.023329462008938814,0.015410017052982967,0.660538894856578,2.291939814418517,-16.320952761759507,2.7414402323973115,-27.46884424209933,-21.70663584032576,-17.071779543414042,-12.592899870752277,-9.775788427259295,0
502,ROI 502,point,900,90000.0,817597.9830516204,2439899.2773263888,90.07656364825066,22.0349740418777,power,water,gamma0,35.32606506347656,NISAR_S2_PR_GCOV_028_170_A_013_3700_DHNA_A_20260824T232917_20260824T232954_P00500_M_F_I_001_gcov.tif,Band 2: HVHV,900,0.010036229375206556,0.0063120875221777195,0.6289301774799074,2.5281051462433433,-19.98429421565465,2.7358482306654373,-29.865387341831948,-25.53309636843619,-20.72018718868371,-16.509384682430056,-13.567777868312607,0
502,ROI 502,point,900,90000.0,817597.9830516204,2439899.2773263888,90.07656364825066,22.0349740418777,power,water,sigma0,35.32606506347656,NISAR_S2_PR_GCOV_028_170_A_013_3700_DHNA_A_20260824T232917_20260824T232954_P00500_M_F_I_001_gcov.tif,Band 1: HHHH,900,0.018830432749915763,0.01243814991208034,0.6605344697739877,2.291970523056466,-17.251396991686317,2.741441637984598,-28.399743655695794,-22.636763270112436,-18.00239169465786,-13.523443413870435,-10.70652715263272,0
502,ROI 502,point,900,90000.0,817597.9830516204,2439899.2773263888,90.07656364825066,22.0349740418777,power,water,sigma0,35.32606506347656,NISAR_S2_PR_GCOV_028_170_A_013_3700_DHNA_A_20260824T232917_20260824T232954_P00500_M_F_I_001_gcov.tif,Band 2: HVHV,900,0.00810076750408485,0.005094854243266131,0.6289347571939359,2.528068328572456,-20.91473832109237,2.735833382385578,-30.79549716309095,-26.463245704678226,-21.65032484018432,-17.4396060891976,-14.49838509676933,0
503,ROI 503,point,900,90000.00024414062,818728.3814156312,2441681.0906556826,90.0878507298847,22.050842381929794,power,water,gamma0,35.23044967651367,NISAR_S2_PR_GCOV_028_170_A_013_3700_DHNA_A_20260824T232917_20260824T232954_P00500_M_F_I_001_gcov.tif,Band 1: HHHH,900,0.020893654119378578,0.013509794405317823,0.6465979731514592,2.3918355808941154,-16.799855990287334,2.7506274833496844,-26.815574460221644,-22.348837416955128,-17.55647846129931,-13.123584785527267,-10.130349851326223,0
503,ROI 503,point,900,90000.00024414062,818728.3814156312,2441681.0906556826,90.0878507298847,22.050842381929794,power,water,gamma0,35.23044967651367,NISAR_S2_PR_GCOV_028_170_A_013_3700_DHNA_A_20260824T232917_20260824T232954_P00500_M_F_I_001_gcov.tif,Band 2: HVHV,900,0.009341973502887412,0.0061295966954959865,0.6561350975360243,2.3228087923595258,-20.295613688579238,2.7057971642633665,-29.876619535183107,-25.68485629336208,-21.106495754234924,-16.667362935412747,-12.73563431632224,0
503,ROI 503,point,900,90000.00024414062,818728.3814156312,2441681.0906556826,90.0878507298847,22.050842381929794,power,water,sigma0,35.23044967651367,NISAR_S2_PR_GCOV_028_170_A_013_3700_DHNA_A_20260824T232917_20260824T232954_P00500_M_F_I_001_gcov.tif,Band 1: HHHH,900,0.016884394785068337,0.01091751837764548,0.646604069415645,2.3917904800556182,-17.725145018758223,2.7506267213985773,-27.740606035844454,-23.27448537768174,-18.48175390945288,-14.049067815380763,-11.055270281549735,0
503,ROI 503,point,900,90000.00024414062,818728.3814156312,2441681.0906556826,90.0878507298847,22.050842381929794,power,water,sigma0,35.23044967651367,NISAR_S2_PR_GCOV_028_170_A_013_3700_DHNA_A_20260824T232917_20260824T232954_P00500_M_F_I_001_gcov.tif,Band 2: HVHV,900,0.007549337245829255,0.004953378115432189,0.656134168356137,2.3228153712235566,-21.220911732864568,2.7057812685420486,-30.8021168633833,-26.61045157226272,-22.031702831745534,-17.592678043131155,-13.660888191277378,0
504,ROI 504,point,900,90000.0,820318.6046253472,2442983.9257300925,90.10349634360018,22.062304236192926,power,water,gamma0,35.11564636230469,NISAR_S2_PR_GCOV_028_170_A_013_3700_DHNA_A_20260824T232917_20260824T232954_P00500_M_F_I_001_gcov.tif,Band 1: HHHH,900,0.019255649259106982,0.012337250680040645,0.6407081118911494,2.4360127379333973,-17.154418333178675,2.722732357900537,-26.35354855438843,-22.6378577421052,-17.90160023164971,-13.48277992367599,-10.495522407228957,0
504,ROI 504,point,900,90000.0,820318.6046253472,2442983.9257300925,90.10349634360018,22.062304236192926,power,water,gamma0,35.11564636230469,NISAR_S2_PR_GCOV_028_170_A_013_3700_DHNA_A_20260824T232917_20260824T232954_P00500_M_F_I_001_gcov.tif,Band 2: HVHV,900,0.009088354232371785,0.005834724808276393,0.6420001530633239,2.42621753274761,-20.415147540179326,2.638794562112271,-30.756093524226202,-25.514135384091304,-21.150260259627203,-16.940159515261726,-13.458508324491994,0
504,ROI 504,point,900,90000.0,820318.6046253472,2442983.9257300925,90.10349634360018,22.062304236192926,power,water,sigma0,35.11564636230469,NISAR_S2_PR_GCOV_028_170_A_013_3700_DHNA_A_20260824T232917_20260824T232954_P00500_M_F_I_001_gcov.tif,Band 1: HHHH,900,0.015582820633573975,0.009984121336114087,0.6407133580555238,2.435972845926276,-18.073539282601722,2.7227381305146454,-27.272944768210735,-23.55732598165648,-18.82080916017715,-14.401484744771071,-11.414298713661179,0
504,ROI 504,point,900,90000.0,820318.6046253472,2442983.9257300925,90.10349634360018,22.062304236192926,power,water,sigma0,35.11564636230469,NISAR_S2_PR_GCOV_028_170_A_013_3700_DHNA_A_20260824T232917_20260824T232954_P00500_M_F_I_001_gcov.tif,Band 2: HVHV,900,0.007354846048640859,0.0047218567071368915,0.6420061923674757,2.426171886469195,-21.33426413476969,2.6388088966523755,-31.675439195330085,-26.432879566338293,-22.069182116908085,-17.85905403675439,-14.377777542854822,0
505,ROI 505,point,900,90000.0,821832.1898668981,2444344.2365166666,90.11841405403369,22.074296931033643,power,water,gamma0,35.00372314453125,NISAR_S2_PR_GCOV_028_170_A_013_3700_DHNA_A_20260824T232917_20260824T232954_P00500_M_F_I_001_gcov.tif,Band 1: HHHH,900,0.020152287201748952,0.013231528265254899,0.6565769995629368,2.3196831620303446,-16.956756560872577,2.7818915157434065,-27.491700017810405,-22.349888381080923,-17.758489839204618,-13.465710497006109,-9.483672535643777,0
505,ROI 505,point,900,90000.0,821832.1898668981,2444344.2365166666,90.11841405403369,22.074296931033643,power,water,gamma0,35.00372314453125,NISAR_S2_PR_GCOV_028_170_A_013_3700_DHNA_A_20260824T232917_20260824T232954_P00500_M_F_I_001_gcov.tif,Band 2: HVHV,900,0.009152869610956663,0.005813093179895605,0.6351115471957451,2.4791338900177036,-20.384427244231777,2.7039330444966105,-32.49445150834765,-25.78199424341343,-21.150939508384013,-16.89793570412943,-13.521965954526614,0
505,ROI 505,point,900,90000.0,821832.1898668981,2444344.2365166666,90.11841405403369,22.074296931033643,power,water,sigma0,35.00372314453125,NISAR_S2_PR_GCOV_028_170_A_013_3700_DHNA_A_20260824T232917_20260824T232954_P00500_M_F_I_001_gcov.tif,Band 1: HHHH,900,0.016330782329724056,0.010722510678883386,0.6565827933036057,2.3196422240602494,-17.869930097921817,2.7818830748183068,-28.404907524692334,-23.26304970076904,-18.672035843327194,-14.379099370035087,-10.396628652913012,0
505,ROI 505,point,900,90000.0,821832.1898668981,2444344.2365166666,90.11841405403369,22.074296931033643,power,water,sigma0,35.00372314453125,NISAR_S2_PR_GCOV_028_170_A_013_3700_DHNA_A_20260824T232917_20260824T232954_P00500_M_F_I_001_gcov.tif,Band 2: HVHV,900,0.007417232755944655,0.004710827150344327,0.6351192291449614,2.4790739187096578,-21.297580924272864,2.7039641025960357,-33.40738718288283,-26.695223793019416,-22.064161952983472,-17.81121786974827,-14.435444032943177,0
506,ROI 506,point,900,90000.00024414062,823652.3232731075,2446470.9173667636,90.13645426102248,22.093144330443916,power,water,gamma0,34.86113357543945,NISAR_S2_PR_GCOV_028_170_A_013_3700_DHNA_A_20260824T232917_20260824T232954_P00500_M_F_I_001_gcov.tif,Band 1: HHHH,900,0.01993070804565731,0.012577469252458567,0.6310598310730393,2.5110706173344246,-17.004772725559192,2.7552724330965996,-28.14940603672866,-22.63760629839124,-17.66972956939474,-13.561688258309001,-10.822251543258808,0
506,ROI 506,point,900,90000.00024414062,823652.3232731075,2446470.9173667636,90.13645426102248,22.093144330443916,power,water,gamma0,34.86113357543945,NISAR_S2_PR_GCOV_028_170_A_013_3700_DHNA_A_20260824T232917_20260824T232954_P00500_M_F_I_001_gcov.tif,Band 2: HVHV,900,0.009333886829166053,0.0059597961899185556,0.638511726036327,2.4528006089606587,-20.29937469121171,2.819163739605152,-32.769332387783294,-25.807668219012044,-21.0338299570993,-16.602729312624348,-14.345884250816281,0
506,ROI 506,point,900,90000.00024414062,823652.3232731075,2446470.9173667636,90.13645426102248,22.093144330443916,power,water,sigma0,34.86113357543945,NISAR_S2_PR_GCOV_028_170_A_013_3700_DHNA_A_20260824T232917_20260824T232954_P00500_M_F_I_001_gcov.tif,Band 1: HHHH,900,0.016179627139110097,0.01021031020379224,0.6310596725131838,2.5110718791962148,-17.91031490961871,2.7552737530269877,-29.05450677688316,-23.543288505423977,-18.57522705841227,-14.46728497183991,-11.727428805985049,0
506,ROI 506,point,900,90000.00024414062,823652.3232731075,2446470.9173667636,90.13645426102248,22.093144330443916,power,water,sigma0,34.86113357543945,NISAR_S2_PR_GCOV_028_170_A_013_3700_DHNA_A_20260824T232917_20260824T232954_P00500_M_F_I_001_gcov.tif,Band 2: HVHV,900,0.007577191783253689,0.004838142901184635,0.6385139824330947,2.452783273454346,-21.204917203585005,2.8191574987244694,-33.6746237991848,-26.712811042035263,-21.939128572323977,-17.50850441725456,-15.250870847306892,0
507,ROI 507,point,900,90000.0,824859.3603501157,2448310.213035648,90.14850643306181,22.10951133427964,power,water,gamma0,34.75967788696289,NISAR_S2_PR_GCOV_028_170_A_013_3700_DHNA_A_20260824T232917_20260824T232954_P00500_M_F_I_001_gcov.tif,Band 1: HHHH,900,0.02009187441603798,0.013300181819718851,0.6619681939233215,2.2820531434352387,-16.969795450552002,2.8640581713719464,-26.526131007937614,-22.6312484637321,-17.797786823938377,-13.414943932419689,-10.701391774980554,0
507,ROI 507,point,900,90000.0,824859.3603501157,2448310.213035648,90.14850643306181,22.10951133427964,power,water,gamma0,34.75967788696289,NISAR_S2_PR_GCOV_028_170_A_013_3700_DHNA_A_20260824T232917_20260824T232954_P00500_M_F_I_001_gcov.tif,Band 2: HVHV,900,0.010010896237023796,0.007354246753373987,0.7346242113843324,1.8529748508561774,-19.995270400661134,2.824383631802189,-30.291692932123894,-25.5922000927553,-20.8105913854099,-16.5718311820209,-10.55882019489453,0
507,ROI 507,point,900,90000.0,824859.3603501157,2448310.213035648,90.14850643306181,22.10951133427964,power,water,sigma0,34.75967788696289,NISAR_S2_PR_GCOV_028_170_A_013_3700_DHNA_A_20260824T232917_20260824T232954_P00500_M_F_I_001_gcov.tif,Band 1: HHHH,900,0.016330757334984004,0.010810365578554386,0.6619635180908757,2.2820853824802168,-17.869936744930985,2.864049349433929,-27.42625589371928,-23.531099287618783,-18.697895638851026,-14.314887054895449,-11.60098038005085,0
507,ROI 507,point,900,90000.0,824859.3603501157,2448310.213035648,90.14850643306181,22.10951133427964,power,water,sigma0,34.75967788696289,NISAR_S2_PR_GCOV_028_170_A_013_3700_DHNA_A_20260824T232917_20260824T232954_P00500_M_F_I_001_gcov.tif,Band 2: HVHV,900,0.008136928667215874,0.005977644662279482,0.7346315676040931,1.8529377415824442,-20.895394912515677,2.8243959783374977,-31.19160890258121,-26.492038917749305,-21.710258971545326,-17.471667890337997,-11.458749859188798,0
508,ROI 508,point,900,90000.00024414062,826238.8296968782,2449459.7692336557,90.1620920355001,22.11962286367311,power,water,gamma0,34.6589469909668,NISAR_S2_PR_GCOV_028_170_A_013_3700_DHNA_A_20260824T232917_20260824T232954_P00500_M_F_I_001_gcov.tif,Band 1: HHHH,900,0.01912706164513818,0.013078222211842638,0.6837549046728215,2.13894240617029,-17.18351742430483,2.852396286384846,-27.03418941466201,-22.924078802612623,-17.91350199112892,-13.553148689687823,-9.58133568301252,0
508,ROI 508,point,900,90000.00024414062,826238.8296968782,2449459.7692336557,90.1620920355001,22.11962286367311,power,water,gamma0,34.6589469909668,NISAR_S2_PR_GCOV_028_170_A_013_3700_DHNA_A_20260824T232917_20260824T232954_P00500_M_F_I_001_gcov.tif,Band 2: HVHV,900,0.01041167866859016,0.006772032113898976,0.6504265382611902,2.36376062792175,-19.824792438101714,2.7673243696600553,-30.42384528607679,-25.17667864102834,-20.566700534504832,-16.222109642667814,-12.651827186135787,0
508,ROI 508,point,900,90000.00024414062,826238.8296968782,2449459.7692336557,90.1620920355001,22.11962286367311,power,water,sigma0,34.6589469909668,NISAR_S2_PR_GCOV_028_170_A_013_3700_DHNA_A_20260824T232917_20260824T232954_P00500_M_F_I_001_gcov.tif,Band 1: HHHH,900,0.015565689229617288,0.010643186025723273,0.6837593805658264,2.138914403202313,-18.078316445290085,2.8524072607698883,-27.929236301958362,-23.81863261429985,-18.808250849910245,-14.448062451134101,-10.476290639231394,0
508,ROI 508,point,900,90000.00024414062,826238.8296968782,2449459.7692336557,90.1620920355001,22.11962286367311,power,water,sigma0,34.6589469909668,NISAR_S2_PR_GCOV_028_170_A_013_3700_DHNA_A_20260824T232917_20260824T232954_P00500_M_F_I_001_gcov.tif,Band 2: HVHV,900,0.008473077368469858,0.005511207789284215,0.6504375623657827,2.363680503017922,-20.71958827991072,2.7673359954777643,-31.31921633342713,-26.071017713662563,-21.461341068496175,-17.1170048755442,-13.54635495876159,0
509,ROI 509,point,900,89999.99975585938,828173.9211845285,2449363.9771290473,90.18080660368237,22.11839458413089,power,water,gamma0,34.54513168334961,NISAR_S2_PR_GCOV_028_170_A_013_3700_DHNA_A_20260824T232917_20260824T232954_P00500_M_F_I_001_gcov.tif,Band 1: HHHH,900,0.0202941216827215,0.013508957843466514,0.6656586599147131,2.256819508423798,-16.926297399417546,2.884035943286871,-27.16252385056106,-22.77310334955159,-17.738943008539515,-13.275816403320576,-10.30474296191548,0
509,ROI 509,point,900,89999.99975585938,828173.9211845285,2449363.9771290473,90.18080660368237,22.11839458413089,power,water,gamma0,34.54513168334961,NISAR_S2_PR_GCOV_028_170_A_013_3700_DHNA_A_20260824T232917_20260824T232954_P00500_M_F_I_001_gcov.tif,Band 2: HVHV,900,0.010077518910402433,0.006528607406627409,0.6478387651437012,2.3826822898567794,-19.966463782232147,2.744235613959809,-29.962924167322704,-25.47965262580417,-20.607735680642556,-16.436408891624946,-12.918246617692759,0
509,ROI 509,point,900,89999.99975585938,828173.9211845285,2449363.9771290473,90.18080660368237,22.11839458413089,power,water,sigma0,34.54513168334961,NISAR_S2_PR_GCOV_028_170_A_013_3700_DHNA_A_20260824T232917_20260824T232954_P00500_M_F_I_001_gcov.tif,Band 1: HHHH,900,0.016538057254496683,0.011008867735715536,0.6656687400645099,2.256751159393426,-17.815155088830192,2.8840542132089944,-28.05115709199206,-23.662303692985773,-18.627799663774653,-14.164957308410829,-11.193067155922947,0
509,ROI 509,point,900,89999.99975585938,828173.9211845285,2449363.9771290473,90.18080660368237,22.11839458413089,power,water,sigma0,34.54513168334961,NISAR_S2_PR_GCOV_028_170_A_013_3700_DHNA_A_20260824T232917_20260824T232954_P00500_M_F_I_001_gcov.tif,Band 2: HVHV,900,0.00821233592769066,0.005320251662096716,0.6478365849791523,2.382698326765842,-20.855332940118124,2.744246121586088,-30.852010379247577,-26.368353907006913,-21.496845971417876,-17.3252523709021,-13.807257225366957,0
510,ROI 510,point,900,90000.0,830147.3290420139,2449249.019072222,90.19988758091567,22.116984035637813,power,water,gamma0,34.429752349853516,NISAR_S2_PR_GCOV_028_170_A_013_3700_DHNA_A_20260824T232917_20260824T232954_P00500_M_F_I_001_gcov.tif,Band 1: HHHH,900,0.022522197416724843,0.015029403074161223,0.6673151289847269,2.2456292574755317,-16.473892390693013,2.7932476473353365,-26.216490570310917,-21.991494294844244,-17.22340322190953,-13.0502062315911,-8.478174768568541,0
510,ROI 510,point,900,90000.0,830147.3290420139,2449249.019072222,90.19988758091567,22.116984035637813,power,water,gamma0,34.429752349853516,NISAR_S2_PR_GCOV_028_170_A_013_3700_DHNA_A_20260824T232917_20260824T232954_P00500_M_F_I_001_gcov.tif,Band 2: HVHV,900,0.008982523150625638,0.005862543979594558,0.6526611600423461,2.347601957243192,-20.466016548162145,2.725593610013419,-31.363644649833713,-25.805962914746317,-21.136722112711468,-16.940997006068784,-13.551131356313926,0
510,ROI 510,point,900,90000.0,830147.3290420139,2449249.019072222,90.19988758091567,22.116984035637813,power,water,sigma0,34.429752349853516,NISAR_S2_PR_GCOV_028_170_A_013_3700_DHNA_A_20260824T232917_20260824T232954_P00500_M_F_I_001_gcov.tif,Band 1: HHHH,900,0.01837933779809466,0.012264648476265029,0.6673063312181179,2.2456884706177074,-17.356701401650454,2.7932373473015835,-27.098982879741605,-22.8743850923384,-18.106005916996445,-13.933017370622,-9.361324336572725,0
510,ROI 510,point,900,90000.0,830147.3290420139,2449249.019072222,90.19988758091567,22.116984035637813,power,water,sigma0,34.429752349853516,NISAR_S2_PR_GCOV_028_170_A_013_3700_DHNA_A_20260824T232917_20260824T232954_P00500_M_F_I_001_gcov.tif,Band 2: HVHV,900,0.007330211950803697,0.004784053975728559,0.6526487921272218,2.3476909337868213,-21.348834676871554,2.7255731319566268,-32.24595965605823,-26.689222524712022,-22.019710778841812,-17.82378114135676,-14.434073775625828,0
511,ROI 511,point,900,89999.99975585938,831469.3219671947,2450302.7831644644,90.21290100739279,22.126237654320516,power,water,gamma0,34.333309173583984,NISAR_S2_PR_GCOV_028_170_A_013_3700_DHNA_A_20260824T232917_20260824T232954_P00500_M_F_I_001_gcov.tif,Band 1: HHHH,900,0.0204702639595295,0.013647839042544402,0.666715342290002,2.2496714755229754,-16.888765571700297,2.7296364892318032,-26.457926513942564,-22.481974350710857,-17.713761813690326,-13.390202168181823,-8.002568776039912,0
511,ROI 511,point,900,89999.99975585938,831469.3219671947,2450302.7831644644,90.21290100739279,22.126237654320516,power,water,gamma0,34.333309173583984,NISAR_S2_PR_GCOV_028_170_A_013_3700_DHNA_A_20260824T232917_20260824T232954_P00500_M_F_I_001_gcov.tif,Band 2: HVHV,900,0.009070196790336113,0.005852961883312546,0.6452960193265722,2.4014968862917447,-20.423832902243678,2.713790939638319,-29.636388423488732,-25.88870477788507,-21.23080501672198,-16.729360556811912,-12.765370681613227,0
511,ROI 511,point,900,89999.99975585938,831469.3219671947,2450302.7831644644,90.21290100739279,22.126237654320516,power,water,sigma0,34.333309173583984,NISAR_S2_PR_GCOV_028_170_A_013_3700_DHNA_A_20260824T232917_20260824T232954_P00500_M_F_I_001_gcov.tif,Band 1: HHHH,900,0.016724205054921556,0.011150399630318214,0.666722250397002,2.249624856737579,-17.766545162187903,2.7296409923371447,-27.336042597119228,-23.360260716876017,-18.591201370716984,-14.268085514058557,-8.880015689191879,0
511,ROI 511,point,900,89999.99975585938,831469.3219671947,2450302.7831644644,90.21290100739279,22.126237654320516,power,water,sigma0,34.333309173583984,NISAR_S2_PR_GCOV_028_170_A_013_3700_DHNA_A_20260824T232917_20260824T232954_P00500_M_F_I_001_gcov.tif,Band 2: HVHV,900,0.007410369795302951,0.004781947641479141,0.6453048597534456,2.4014310875863236,-21.301601191391235,2.713810679403384,-30.513732372187043,-26.766450183045546,-22.10846654716753,-17.60734891182214,-13.64303462014723,0
512,ROI 512,point,900,90000.0,832005.7818070602,2452506.1012375,90.21854658410605,22.146009406231357,power,water,gamma0,34.26432800292969,NISAR_S2_PR_GCOV_028_170_A_013_3700_DHNA_A_20260824T232917_20260824T232954_P00500_M_F_I_001_gcov.tif,Band 1: HHHH,900,0.020678031591491567,0.013258327328313741,0.6411793728842726,2.432433159591613,-16.844908055027044,2.813095200179352,-26.908687294333163,-22.42606354767571,-17.540360124934097,-13.289107198892687,-9.826912028952902,0
512,ROI 512,point,900,90000.0,832005.7818070602,2452506.1012375,90.21854658410605,22.146009406231357,power,water,gamma0,34.26432800292969,NISAR_S2_PR_GCOV_028_170_A_013_3700_DHNA_A_20260824T232917_20260824T232954_P00500_M_F_I_001_gcov.tif,Band 2: HVHV,900,0.009716192438241301,0.005984652423684378,0.6159462630783014,2.635811512685593,-20.125038921749905,2.6287151093495496,-30.236274949320286,-25.31266309491302,-20.825083014963013,-16.76397550611744,-13.765429455202678,0
512,ROI 512,point,900,90000.0,832005.7818070602,2452506.1012375,90.21854658410605,22.146009406231357,power,water,sigma0,34.26432800292969,NISAR_S2_PR_GCOV_028_170_A_013_3700_DHNA_A_20260824T232917_20260824T232954_P00500_M_F_I_001_gcov.tif,Band 1: HHHH,900,0.01690797906818386,0.010841199170187832,0.6411883482034804,2.432365061937251,-17.71908298492526,2.8131065582305648,-27.783133715618703,-23.30015092657949,-18.414363858616113,-14.16345911428002,-10.700806970407374,0
512,ROI 512,point,900,90000.0,832005.7818070602,2452506.1012375,90.21854658410605,22.146009406231357,power,water,sigma0,34.26432800292969,NISAR_S2_PR_GCOV_028_170_A_013_3700_DHNA_A_20260824T232917_20260824T232954_P00500_M_F_I_001_gcov.tif,Band 2: HVHV,900,0.007944693409637313,0.0048934888726551076,0.6159443316867407,2.6358280427251786,-20.999228578111474,2.6287109676593547,-31.110399085139527,-26.18735591571037,-21.69924642708073,-17.637957011054095,-14.639827437165035,0
513,ROI 513,point,900,90000.0,832484.7644784722,2455399.156573148,90.22377945755262,22.17201319080614,power,water,gamma0,34.18732833862305,NISAR_S2_PR_GCOV_028_170_A_013_3700_DHNA_A_20260824T232917_20260824T232954_P00500_M_F_I_001_gcov.tif,Band 1: HHHH,900,0.026816000021580192,0.018169624633452047,0.6775665505231963,2.178191625569976,-15.716060027003188,2.8731422672165574,-26.24706752775943,-21.461103876712095,-16.544203845913202,-12.186769432611335,-7.83881864594504,0
513,ROI 513,point,900,90000.0,832484.7644784722,2455399.156573148,90.22377945755262,22.17201319080614,power,water,gamma0,34.18732833862305,NISAR_S2_PR_GCOV_028_170_A_013_3700_DHNA_A_20260824T232917_20260824T232954_P00500_M_F_I_001_gcov.tif,Band 2: HVHV,900,0.010566601950235458,0.007065651401382802,0.6686777295727844,2.236486503187462,-19.760646523828285,2.8333259085763727,-29.850549266844286,-25.37168783731262,-20.55754445493546,-16.123479569244374,-12.606834825538618,0
513,ROI 513,point,900,90000.0,832484.7644784722,2455399.156573148,90.22377945755262,22.17201319080614,power,water,sigma0,34.18732833862305,NISAR_S2_PR_GCOV_028_170_A_013_3700_DHNA_A_20260824T232917_20260824T232954_P00500_M_F_I_001_gcov.tif,Band 1: HHHH,900,0.02194699311623129,0.01487063768123221,0.677570617645766,2.1781654764262472,-16.586249725736153,2.873138523342499,-27.116877937544373,-22.330885643623198,-17.414444389186073,-13.056826661012522,-8.70900826906421,0
513,ROI 513,point,900,90000.0,832484.7644784722,2455399.156573148,90.22377945755262,22.17201319080614,power,water,sigma0,34.18732833862305,NISAR_S2_PR_GCOV_028_170_A_013_3700_DHNA_A_20260824T232917_20260824T232954_P00500_M_F_I_001_gcov.tif,Band 2: HVHV,900,0.008647986469824205,0.005782624175796586,0.6686671164408209,2.2365574990961288,-20.630849985280673,2.8333152283591145,-30.720691763235244,-26.242035342198132,-21.427758921082585,-16.993410775520804,-13.477299312046966,0
514,ROI 514,point,900,90000.0,833596.0042762732,2457813.229236111,90.23503986407783,22.193574465954644,power,water,gamma0,34.080257415771484,NISAR_S2_PR_GCOV_028_170_A_013_3700_DHNA_A_20260824T232917_20260824T232954_P00500_M_F_I_001_gcov.tif,Band 1: HHHH,900,0.02269254379440099,0.014313175450339485,0.6307435420206625,2.5135896230051404,-16.441168177356666,2.784426865740774,-26.5254444650259,-21.930001515969174,-17.19987596695148,-12.970903474195904,-10.03917002269565,0
514,ROI 514,point,900,90000.0,833596.0042762732,2457813.229236111,90.23503986407783,22.193574465954644,power,water,gamma0,34.080257415771484,NISAR_S2_PR_GCOV_028_170_A_013_3700_DHNA_A_20260824T232917_20260824T232954_P00500_M_F_I_001_gcov.tif,Band 2: HVHV,900,0.011765295054453114,0.008137277532956951,0.6916339535298799,2.0904866053651894,-19.293971769525534,2.929085975983415,-28.681324020400115,-25.14381952434629,-20.118355108981948,-15.450491621445552,-11.993734198898556,0
514,ROI 514,point,900,90000.0,833596.0042762732,2457813.229236111,90.23503986407783,22.193574465954644,power,water,sigma0,34.080257415771484,NISAR_S2_PR_GCOV_028_170_A_013_3700_DHNA_A_20260824T232917_20260824T232954_P00500_M_F_I_001_gcov.tif,Band 1: HHHH,900,0.018596030553029743,0.01172921291277377,0.6307374511633504,2.5136381693206586,-17.30579748948333,2.7844106257300885,-27.389862813121788,-22.794320033228843,-18.06463658583684,-13.83581473550137,-10.904210992136335,0
514,ROI 514,point,900,90000.0,833596.0042762732,2457813.229236111,90.23503986407783,22.193574465954644,power,water,sigma0,34.080257415771484,NISAR_S2_PR_GCOV_028_170_A_013_3700_DHNA_A_20260824T232917_20260824T232954_P00500_M_F_I_001_gcov.tif,Band 2: HVHV,900,0.009641420081574021,0.006668363643659952,0.6916370811810225,2.090467698634436,-20.158589942953043,2.9290862115865965,-29.54574363196999,-26.008611553345098,-20.98321243510243,-16.315180274667195,-12.858282054990175,0
515,ROI 515,point,900,90000.0,829840.7801324074,2473044.8781861113,90.20179412014797,22.331684885462565,power,water,gamma0,34.05018615722656,NISAR_S2_PR_GCOV_028_170_A_013_3700_DHNA_A_20260824T232917_20260824T232954_P00500_M_F_I_001_gcov.tif,Band 1: HHHH,900,0.02672112995577562,0.017951080379893437,0.6717934611898182,2.2157892714245917,-15.731451808079374,2.7858977890261474,-26.423913085586435,-21.11998744119123,-16.527984988794454,-12.331085202356274,-9.151468132454589,0
515,ROI 515,point,900,90000.0,829840.7801324074,2473044.8781861113,90.20179412014797,22.331684885462565,power,water,gamma0,34.05018615722656,NISAR_S2_PR_GCOV_028_170_A_013_3700_DHNA_A_20260824T232917_20260824T232954_P00500_M_F_I_001_gcov.tif,Band 2: HVHV,900,0.011610531360299017,0.007406533012152492,0.6379150774682327,2.4573910142277358,-19.351479041576262,2.6738584858085646,-29.428320328573815,-24.721270162636802,-20.110453870892684,-15.828291853091326,-12.953253999729561,0
515,ROI 515,point,900,90000.0,829840.7801324074,2473044.8781861113,90.20179412014797,22.331684885462565,power,water,sigma0,34.05018615722656,NISAR_S2_PR_GCOV_028_170_A_013_3700_DHNA_A_20260824T232917_20260824T232954_P00500_M_F_I_001_gcov.tif,Band 1: HHHH,900,0.021905301414551687,0.014715715412103477,0.6717878532512604,2.215826265430647,-16.594507666001196,2.7858690920356834,-27.286947518652948,-21.983120409434115,-17.390802465543505,-13.1942574590068,-10.014528774328628,0
515,ROI 515,point,900,90000.0,829840.7801324074,2473044.8781861113,90.20179412014797,22.331684885462565,power,water,sigma0,34.05018615722656,NISAR_S2_PR_GCOV_028_170_A_013_3700_DHNA_A_20260824T232917_20260824T232954_P00500_M_F_I_001_gcov.tif,Band 2: HVHV,900,0.0095180460698333,0.006071701262788759,0.6379146747390244,2.457394117035961,-20.21452197433252,2.673855055155321,-30.291693909513036,-25.584103350393846,-20.973481125405215,-16.691112893237865,-13.815919947391622,0
516,ROI 516,point,900,90000.00024414062,831066.9750198921,2473887.88545165,90.2138569951494,22.339053212075118,power,water,gamma0,33.962745666503906,NISAR_S2_PR_GCOV_028_170_A_013_3700_DHNA_A_20260824T232917_20260824T232954_P00500_M_F_I_001_gcov.tif,Band 1: HHHH,0,nan,nan,nan,nan,nan,nan,nan,nan,nan,nan,nan,0
516,ROI 516,point,900,90000.00024414062,831066.9750198921,2473887.88545165,90.2138569951494,22.339053212075118,power,water,gamma0,33.962745666503906,NISAR_S2_PR_GCOV_028_170_A_013_3700_DHNA_A_20260824T232917_20260824T232954_P00500_M_F_I_001_gcov.tif,Band 2: HVHV,0,nan,nan,nan,nan,nan,nan,nan,nan,nan,nan,nan,0
516,ROI 516,point,900,90000.00024414062,831066.9750198921,2473887.88545165,90.2138569951494,22.339053212075118,power,water,sigma0,33.962745666503906,NISAR_S2_PR_GCOV_028_170_A_013_3700_DHNA_A_20260824T232917_20260824T232954_P00500_M_F_I_001_gcov.tif,Band 1: HHHH,0,nan,nan,nan,nan,nan,nan,nan,nan,nan,nan,nan,0
516,ROI 516,point,900,90000.00024414062,831066.9750198921,2473887.88545165,90.2138569951494,22.339053212075118,power,water,sigma0,33.962745666503906,NISAR_S2_PR_GCOV_028_170_A_013_3700_DHNA_A_20260824T232917_20260824T232954_P00500_M_F_I_001_gcov.tif,Band 2: HVHV,0,nan,nan,nan,nan,nan,nan,nan,nan,nan,nan,nan,0
517,ROI 517,point,900,90000.0,832388.967944213,2473907.0469944444,90.22667875593976,22.338971043912284,power,water,gamma0,33.8829345703125,NISAR_S2_PR_GCOV_028_170_A_013_3700_DHNA_A_20260824T232917_20260824T232954_P00500_M_F_I_001_gcov.tif,Band 1: HHHH,0,nan,nan,nan,nan,nan,nan,nan,nan,nan,nan,nan,0
517,ROI 517,point,900,90000.0,832388.967944213,2473907.0469944444,90.22667875593976,22.338971043912284,power,water,gamma0,33.8829345703125,NISAR_S2_PR_GCOV_028_170_A_013_3700_DHNA_A_20260824T232917_20260824T232954_P00500_M_F_I_001_gcov.tif,Band 2: HVHV,0,nan,nan,nan,nan,nan,nan,nan,nan,nan,nan,nan,0
517,ROI 517,point,900,90000.0,832388.967944213,2473907.0469944444,90.22667875593976,22.338971043912284,power,water,sigma0,33.8829345703125,NISAR_S2_PR_GCOV_028_170_A_013_3700_DHNA_A_20260824T232917_20260824T232954_P00500_M_F_I_001_gcov.tif,Band 1: HHHH,0,nan,nan,nan,nan,nan,nan,nan,nan,nan,nan,nan,0
517,ROI 517,point,900,90000.0,832388.967944213,2473907.0469944444,90.22667875593976,22.338971043912284,power,water,sigma0,33.8829345703125,NISAR_S2_PR_GCOV_028_170_A_013_3700_DHNA_A_20260824T232917_20260824T232954_P00500_M_F_I_001_gcov.tif,Band 2: HVHV,0,nan,nan,nan,nan,nan,nan,nan,nan,nan,nan,nan,0
518,ROI 518,point,900,90000.0,833940.8717996528,2473926.2063018517,90.24172948667659,22.338843212310522,power,water,gamma0,33.78852844238281,NISAR_S2_PR_GCOV_028_170_A_013_3700_DHNA_A_20260824T232917_20260824T232954_P00500_M_F_I_001_gcov.tif,Band 1: HHHH,0,nan,nan,nan,nan,nan,nan,nan,nan,nan,nan,nan,0
518,ROI 518,point,900,90000.0,833940.8717996528,2473926.2063018517,90.24172948667659,22.338843212310522,power,water,gamma0,33.78852844238281,NISAR_S2_PR_GCOV_028_170_A_013_3700_DHNA_A_20260824T232917_20260824T232954_P00500_M_F_I_001_gcov.tif,Band 2: HVHV,0,nan,nan,nan,nan,nan,nan,nan,nan,nan,nan,nan,0
518,ROI 518,point,900,90000.0,833940.8717996528,2473926.2063018517,90.24172948667659,22.338843212310522,power,water,sigma0,33.78852844238281,NISAR_S2_PR_GCOV_028_170_A_013_3700_DHNA_A_20260824T232917_20260824T232954_P00500_M_F_I_001_gcov.tif,Band 1: HHHH,0,nan,nan,nan,nan,nan,nan,nan,nan,nan,nan,nan,0
518,ROI 518,point,900,90000.0,833940.8717996528,2473926.2063018517,90.24172948667659,22.338843212310522,power,water,sigma0,33.78852844238281,NISAR_S2_PR_GCOV_028_170_A_013_3700_DHNA_A_20260824T232917_20260824T232954_P00500_M_F_I_001_gcov.tif,Band 2: HVHV,0,nan,nan,nan,nan,nan,nan,nan,nan,nan,nan,nan,0
519,ROI 519,point,900,90000.0,835147.90813125,2474156.1179847224,90.25348050081776,22.340682116171312,power,water,gamma0,33.7121696472168,NISAR_S2_PR_GCOV_028_170_A_013_3700_DHNA_A_20260824T232917_20260824T232954_P00500_M_F_I_001_gcov.tif,Band 1: HHHH,0,nan,nan,nan,nan,nan,nan,nan,nan,nan,nan,nan,0
519,ROI 519,point,900,90000.0,835147.90813125,2474156.1179847224,90.25348050081776,22.340682116171312,power,water,gamma0,33.7121696472168,NISAR_S2_PR_GCOV_028_170_A_013_3700_DHNA_A_20260824T232917_20260824T232954_P00500_M_F_I_001_gcov.tif,Band 2: HVHV,0,nan,nan,nan,nan,nan,nan,nan,nan,nan,nan,nan,0
519,ROI 519,point,900,90000.0,835147.90813125,2474156.1179847224,90.25348050081776,22.340682116171312,power,water,sigma0,33.7121696472168,NISAR_S2_PR_GCOV_028_170_A_013_3700_DHNA_A_20260824T232917_20260824T232954_P00500_M_F_I_001_gcov.tif,Band 1: HHHH,0,nan,nan,nan,nan,nan,nan,nan,nan,nan,nan,nan,0
519,ROI 519,point,900,90000.0,835147.90813125,2474156.1179847224,90.25348050081776,22.340682116171312,power,water,sigma0,33.7121696472168,NISAR_S2_PR_GCOV_028_170_A_013_3700_DHNA_A_20260824T232917_20260824T232954_P00500_M_F_I_001_gcov.tif,Band 2: HVHV,0,nan,nan,nan,nan,nan,nan,nan,nan,nan,nan,nan,0
