roi,name,kind,npix,area_m2,cx,cy,lon,lat,domain,class,backscat,inc_deg,src,band,n,mean,std,cv,enl,mean_db,sdev_db,min_db,p5_db,med_db,p95_db,max_db,nonpos
1,ROI 1,rect,12,20226.8125,125497.33500500058,9712484.00804625,-66.36705243554927,-2.5967150700806525,power,water,gamma0,34.106300354003906,NISAR_S2_PR_GCOV_026_097_D_090_1000_DVNA_A_20260726T224133_20260726T224205_P00500_M_P_I_001_gcov.tif,Band 1: VHVH,0,nan,nan,nan,nan,nan,nan,nan,nan,nan,nan,nan,0
1,ROI 1,rect,12,20226.8125,125497.33500500058,9712484.00804625,-66.36705243554927,-2.5967150700806525,power,water,gamma0,34.106300354003906,NISAR_S2_PR_GCOV_026_097_D_090_1000_DVNA_A_20260726T224133_20260726T224205_P00500_M_P_I_001_gcov.tif,Band 2: VVVV,0,nan,nan,nan,nan,nan,nan,nan,nan,nan,nan,nan,0
1,ROI 1,rect,12,20226.8125,125497.33500500058,9712484.00804625,-66.36705243554927,-2.5967150700806525,power,water,sigma0,34.106300354003906,NISAR_S2_PR_GCOV_026_097_D_090_1000_DVNA_A_20260726T224133_20260726T224205_P00500_M_P_I_001_gcov.tif,Band 1: VHVH,0,nan,nan,nan,nan,nan,nan,nan,nan,nan,nan,nan,0
1,ROI 1,rect,12,20226.8125,125497.33500500058,9712484.00804625,-66.36705243554927,-2.5967150700806525,power,water,sigma0,34.106300354003906,NISAR_S2_PR_GCOV_026_097_D_090_1000_DVNA_A_20260726T224133_20260726T224205_P00500_M_P_I_001_gcov.tif,Band 2: VVVV,0,nan,nan,nan,nan,nan,nan,nan,nan,nan,nan,nan,0
2,ROI 2,rect,36,56185.567626953125,126848.4330699551,9712199.505403932,-66.35492589660288,-2.599317028564258,power,water,gamma0,34.193153381347656,NISAR_S2_PR_GCOV_026_097_D_090_1000_DVNA_A_20260726T224133_20260726T224205_P00500_M_P_I_001_gcov.tif,Band 1: VHVH,36,0.018452167394571006,0.006559016697466823,0.35546050267225604,7.9143872893584675,-17.339526142085393,1.5798567886940238,-21.199694592760572,-20.099159683202373,-17.546183008825903,-15.402762278881907,-14.37165691583454,0
2,ROI 2,rect,36,56185.567626953125,126848.4330699551,9712199.505403932,-66.35492589660288,-2.599317028564258,power,water,gamma0,34.193153381347656,NISAR_S2_PR_GCOV_026_097_D_090_1000_DVNA_A_20260726T224133_20260726T224205_P00500_M_P_I_001_gcov.tif,Band 2: VVVV,36,0.04116209177300334,0.01636515065874118,0.3975782073707553,6.326373924410792,-13.855025633947921,1.6270387552138892,-18.110843227777757,-16.16456751577759,-14.351839771058897,-11.690942859137701,-10.439069435772339,0
2,ROI 2,rect,36,56185.567626953125,126848.4330699551,9712199.505403932,-66.35492589660288,-2.599317028564258,power,water,sigma0,34.193153381347656,NISAR_S2_PR_GCOV_026_097_D_090_1000_DVNA_A_20260726T224133_20260726T224205_P00500_M_P_I_001_gcov.tif,Band 1: VHVH,36,0.015330907517869884,0.005449250270161348,0.35544212003168363,7.915205937970015,-18.144321361868798,1.5797699460642918,-22.004328124051014,-20.903861392702417,-18.350679719083164,-16.207846368188207,-15.176426596613123,0
2,ROI 2,rect,36,56185.567626953125,126848.4330699551,9712199.505403932,-66.35492589660288,-2.599317028564258,power,water,sigma0,34.193153381347656,NISAR_S2_PR_GCOV_026_097_D_090_1000_DVNA_A_20260726T224133_20260726T224205_P00500_M_P_I_001_gcov.tif,Band 2: VVVV,36,0.03419929006462311,0.013595767050586611,0.3975453006450133,6.327421296206517,-14.65982909271843,1.6269550860665851,-18.91573130288513,-16.969034235369705,-15.156621493383236,-12.495863804558706,-11.24413791265486,0
3,ROI 3,rect,25,45369.89111328125,128857.30363159899,9712276.539047621,-66.33688339752099,-2.598669391436445,power,water,gamma0,34.313568115234375,NISAR_S2_PR_GCOV_026_097_D_090_1000_DVNA_A_20260726T224133_20260726T224205_P00500_M_P_I_001_gcov.tif,Band 1: VHVH,25,0.01431949183344841,0.004402013406295379,0.30741407987767183,10.581628018978043,-18.44072393888859,1.2910599892927839,-20.743585099011202,-20.441683075120093,-18.620603595239483,-16.647243647852655,-15.970444332320772,0
3,ROI 3,rect,25,45369.89111328125,128857.30363159899,9712276.539047621,-66.33688339752099,-2.598669391436445,power,water,gamma0,34.313568115234375,NISAR_S2_PR_GCOV_026_097_D_090_1000_DVNA_A_20260726T224133_20260726T224205_P00500_M_P_I_001_gcov.tif,Band 2: VVVV,25,0.05739553079009056,0.019432754638882745,0.33857609419020906,8.72343277567131,-12.41121923434224,1.5497531831451663,-16.544244547535904,-14.962444879036479,-12.662104522393772,-10.522393680847102,-9.755255756668346,0
3,ROI 3,rect,25,45369.89111328125,128857.30363159899,9712276.539047621,-66.33688339752099,-2.598669391436445,power,water,sigma0,34.313568115234375,NISAR_S2_PR_GCOV_026_097_D_090_1000_DVNA_A_20260726T224133_20260726T224205_P00500_M_P_I_001_gcov.tif,Band 1: VHVH,25,0.011879903636515983,0.003652045895079677,0.3074137641869553,10.58164975205467,-19.251870821072746,1.2911008905618433,-21.554740840003138,-21.253009412263914,-19.43144888917398,-17.458335666636245,-16.7819096064419,0
3,ROI 3,rect,25,45369.89111328125,128857.30363159899,9712276.539047621,-66.33688339752099,-2.598669391436445,power,water,sigma0,34.313568115234375,NISAR_S2_PR_GCOV_026_097_D_090_1000_DVNA_A_20260726T224133_20260726T224205_P00500_M_P_I_001_gcov.tif,Band 2: VVVV,25,0.04761711342648362,0.016122387649900347,0.3385838932633287,8.723030902411198,-13.222369352844911,1.5497625261102137,-17.355373455041683,-15.773761106574478,-13.473542649077642,-11.333466337883317,-10.566183730314362,0
4,ROI 4,rect,25,38206.1923828125,130966.91444264833,9712472.116263535,-66.31793306462293,-2.5969531928869225,power,water,gamma0,34.43940734863281,NISAR_S2_PR_GCOV_026_097_D_090_1000_DVNA_A_20260726T224133_20260726T224205_P00500_M_P_I_001_gcov.tif,Band 1: VHVH,25,0.015692087821662426,0.003307731068793376,0.21078973724752922,22.506143054000486,-18.043192699819194,0.8833352336614877,-19.520402294109815,-19.458960421039425,-18.03401634237234,-16.72101171837668,-15.98796119686255,0
4,ROI 4,rect,25,38206.1923828125,130966.91444264833,9712472.116263535,-66.31793306462293,-2.5969531928869225,power,water,gamma0,34.43940734863281,NISAR_S2_PR_GCOV_026_097_D_090_1000_DVNA_A_20260726T224133_20260726T224205_P00500_M_P_I_001_gcov.tif,Band 2: VVVV,25,0.04798891700804234,0.016149483590064562,0.33652527702090285,8.830079610996625,-13.1885905091647,1.6718662811344553,-16.858041375711828,-16.592040026966743,-13.171035970644576,-11.479175321120128,-11.376254566064938,0
4,ROI 4,rect,25,38206.1923828125,130966.91444264833,9712472.116263535,-66.31793306462293,-2.5969531928869225,power,water,sigma0,34.43940734863281,NISAR_S2_PR_GCOV_026_097_D_090_1000_DVNA_A_20260726T224133_20260726T224205_P00500_M_P_I_001_gcov.tif,Band 1: VHVH,25,0.012998832293830547,0.002740321970534466,0.21081293369982676,22.501190474076274,-18.86095659318031,0.8834165757393931,-20.33825630129388,-20.276907342278516,-18.85159723327366,-17.538582774746786,-16.805487404073077,0
4,ROI 4,rect,25,38206.1923828125,130966.91444264833,9712472.116263535,-66.31793306462293,-2.5969531928869225,power,water,sigma0,34.43940734863281,NISAR_S2_PR_GCOV_026_097_D_090_1000_DVNA_A_20260726T224133_20260726T224205_P00500_M_P_I_001_gcov.tif,Band 2: VVVV,25,0.03975243983194915,0.013377764996282054,0.33652689125084356,8.829994900115729,-14.006362110821113,1.6719047952697044,-17.67587819543804,-17.410037221140158,-13.988616861545896,-12.2971221184048,-12.194237637605664,0
5,ROI 5,rect,25,37925.202880859375,132928.37800020268,9713058.770335034,-66.30030375183738,-2.5917009335339642,power,water,gamma0,34.55018997192383,NISAR_S2_PR_GCOV_026_097_D_090_1000_DVNA_A_20260726T224133_20260726T224205_P00500_M_P_I_001_gcov.tif,Band 1: VHVH,25,0.013107083309441804,0.004928617710996146,0.3760270377961032,7.07231918746365,-18.824939401590896,1.5151411344658254,-22.19976962645742,-21.444739214974412,-19.145550732090975,-16.58264335521286,-15.465113011713445,0
5,ROI 5,rect,25,37925.202880859375,132928.37800020268,9713058.770335034,-66.30030375183738,-2.5917009335339642,power,water,gamma0,34.55018997192383,NISAR_S2_PR_GCOV_026_097_D_090_1000_DVNA_A_20260726T224133_20260726T224205_P00500_M_P_I_001_gcov.tif,Band 2: VVVV,25,0.038483213670551776,0.012989850176430373,0.33754587877286607,8.776763182152573,-14.147286678943543,1.5571885625221402,-18.490477390290764,-17.146214567098383,-14.253805959420951,-12.699142606828337,-11.174723936696589,0
5,ROI 5,rect,25,37925.202880859375,132928.37800020268,9713058.770335034,-66.30030375183738,-2.5917009335339642,power,water,sigma0,34.55018997192383,NISAR_S2_PR_GCOV_026_097_D_090_1000_DVNA_A_20260726T224133_20260726T224205_P00500_M_P_I_001_gcov.tif,Band 1: VHVH,25,0.010842884905072242,0.004077491503812945,0.3760522720208454,7.071370072048831,-19.648551521460533,1.5151998527995654,-23.023179683502228,-22.26831394674999,-19.969162614259282,-17.406037874817756,-16.288569065286776,0
5,ROI 5,rect,25,37925.202880859375,132928.37800020268,9713058.770335034,-66.30030375183738,-2.5917009335339642,power,water,sigma0,34.55018997192383,NISAR_S2_PR_GCOV_026_097_D_090_1000_DVNA_A_20260726T224133_20260726T224205_P00500_M_P_I_001_gcov.tif,Band 2: VVVV,25,0.031835204226116715,0.010745893774140097,0.3375475055166904,8.776678586587996,-14.970923597473341,1.5571963165473162,-19.31408927245907,-17.970014075545336,-15.077500138866478,-13.522957161479884,-11.99830828248156,0
6,ROI 6,rect,25,35958.759521484375,135073.5435242173,9714261.705958696,-66.28101016768225,-2.580886154586081,power,water,gamma0,34.66273498535156,NISAR_S2_PR_GCOV_026_097_D_090_1000_DVNA_A_20260726T224133_20260726T224205_P00500_M_P_I_001_gcov.tif,Band 1: VHVH,25,0.013451951052993537,0.003134446650358924,0.23301056017903057,18.41826817308276,-18.712147216022345,1.0915284037541018,-22.131419529471273,-20.38354410688363,-18.670150847275433,-17.54143029565359,-16.772127854541857,0
6,ROI 6,rect,25,35958.759521484375,135073.5435242173,9714261.705958696,-66.28101016768225,-2.580886154586081,power,water,gamma0,34.66273498535156,NISAR_S2_PR_GCOV_026_097_D_090_1000_DVNA_A_20260726T224133_20260726T224205_P00500_M_P_I_001_gcov.tif,Band 2: VVVV,25,0.049918268471956254,0.014371856636515816,0.28790775554624515,12.06405399280451,-13.017404875507285,1.283401739345189,-16.329566995950785,-15.143618201961678,-13.227433324449365,-11.118799413178614,-11.061096578677619,0
6,ROI 6,rect,25,35958.759521484375,135073.5435242173,9714261.705958696,-66.28101016768225,-2.580886154586081,power,water,sigma0,34.66273498535156,NISAR_S2_PR_GCOV_026_097_D_090_1000_DVNA_A_20260726T224133_20260726T224205_P00500_M_P_I_001_gcov.tif,Band 1: VHVH,25,0.011112817024585886,0.002589335776469222,0.23300444619402996,18.419234768309636,-19.541758363646434,1.0915048456369767,-22.961079250169263,-21.212952725771302,-19.499884519320258,-18.37130043787978,-17.601632156174478,0
6,ROI 6,rect,25,35958.759521484375,135073.5435242173,9714261.705958696,-66.28101016768225,-2.580886154586081,power,water,sigma0,34.66273498535156,NISAR_S2_PR_GCOV_026_097_D_090_1000_DVNA_A_20260726T224133_20260726T224205_P00500_M_P_I_001_gcov.tif,Band 2: VVVV,25,0.0412381327949725,0.01187248806165185,0.2879007185092355,12.06464375327751,-13.847010071906148,1.2834180068873482,-17.159483358288398,-15.973318426798615,-14.056809158875987,-11.948554559022657,-11.890985051262506,0
7,ROI 7,rect,28,48459.995361328125,136051.31253124357,9715523.928252736,-66.2721996968124,-2.5695081760036227,power,water,gamma0,34.70661163330078,NISAR_S2_PR_GCOV_026_097_D_090_1000_DVNA_A_20260726T224133_20260726T224205_P00500_M_P_I_001_gcov.tif,Band 1: VHVH,28,0.015053483241769885,0.004845671768847734,0.3218970447585268,9.650860117039652,-18.223629965719613,1.5331019363480258,-21.26075196850076,-21.181175748735942,-18.310210021565037,-16.642829039197014,-16.367363199596955,0
7,ROI 7,rect,28,48459.995361328125,136051.31253124357,9715523.928252736,-66.2721996968124,-2.5695081760036227,power,water,gamma0,34.70661163330078,NISAR_S2_PR_GCOV_026_097_D_090_1000_DVNA_A_20260726T224133_20260726T224205_P00500_M_P_I_001_gcov.tif,Band 2: VVVV,28,0.04104557034692594,0.016681001815940257,0.4064019984361007,6.054640062937466,-13.867337052361426,1.5745187427838843,-17.179410635979497,-16.74906807980893,-14.245268897832377,-12.002205695202763,-9.812696183007914,0
7,ROI 7,rect,28,48459.995361328125,136051.31253124357,9715523.928252736,-66.2721996968124,-2.5695081760036227,power,water,sigma0,34.70661163330078,NISAR_S2_PR_GCOV_026_097_D_090_1000_DVNA_A_20260726T224133_20260726T224205_P00500_M_P_I_001_gcov.tif,Band 1: VHVH,28,0.012430056329485685,0.004000880591514181,0.3218714771246514,9.652393396474363,-19.055269032546246,1.5329286439357008,-22.092400039848215,-22.012607237330975,-19.142997733192924,-17.47493805403661,-17.198480558043716,0
7,ROI 7,rect,28,48459.995361328125,136051.31253124357,9715523.928252736,-66.2721996968124,-2.5695081760036227,power,water,sigma0,34.70661163330078,NISAR_S2_PR_GCOV_026_097_D_090_1000_DVNA_A_20260726T224133_20260726T224205_P00500_M_P_I_001_gcov.tif,Band 2: VVVV,28,0.03389290516010865,0.013774350334130894,0.4064080747596421,6.054459014975058,-14.698912036344707,1.5745397737252627,-18.01042236114499,-17.580682671073422,-15.0766091240475,-12.833335027090016,-10.644398802652592,0
8,ROI 8,rect,21,40453.597412109375,136776.43570308425,9717815.28458884,-66.26563493872375,-2.5488286316724187,power,water,gamma0,34.720863342285156,NISAR_S2_PR_GCOV_026_097_D_090_1000_DVNA_A_20260726T224133_20260726T224205_P00500_M_P_I_001_gcov.tif,Band 1: VHVH,21,0.01293331879146752,0.005899807502127553,0.4561711960598872,4.805563070943006,-18.8829001743388,1.6639815853955608,-22.013316440264646,-21.951234624241728,-19.31256791038362,-16.76045469607534,-14.616044915924354,0
8,ROI 8,rect,21,40453.597412109375,136776.43570308425,9717815.28458884,-66.26563493872375,-2.5488286316724187,power,water,gamma0,34.720863342285156,NISAR_S2_PR_GCOV_026_097_D_090_1000_DVNA_A_20260726T224133_20260726T224205_P00500_M_P_I_001_gcov.tif,Band 2: VVVV,21,0.035095952362531706,0.01693294922951661,0.48247584378403013,4.295847456468822,-14.54742968092046,1.7390101073277404,-17.45171667032276,-16.91264732081865,-15.121906993380813,-11.827157796847485,-10.417881147395045,0
8,ROI 8,rect,21,40453.597412109375,136776.43570308425,9717815.28458884,-66.26563493872375,-2.5488286316724187,power,water,sigma0,34.720863342285156,NISAR_S2_PR_GCOV_026_097_D_090_1000_DVNA_A_20260726T224133_20260726T224205_P00500_M_P_I_001_gcov.tif,Band 1: VHVH,21,0.010676768812235301,0.00487012883649662,0.45614257666753805,4.8061661131344655,-19.715601611031772,1.6639173029951173,-22.845629483275772,-22.78393302746325,-20.145211752799316,-17.593355356539927,-15.448972544733053,0
8,ROI 8,rect,21,40453.597412109375,136776.43570308425,9717815.28458884,-66.26563493872375,-2.5488286316724187,power,water,sigma0,34.720863342285156,NISAR_S2_PR_GCOV_026_097_D_090_1000_DVNA_A_20260726T224133_20260726T224205_P00500_M_P_I_001_gcov.tif,Band 2: VVVV,21,0.028972829177294844,0.013978998177272247,0.4824864735069497,4.295658173793916,-15.38009094161276,1.739030412216258,-18.28448876307698,-17.745731745642903,-15.954422589245205,-12.660085425656183,-11.250323371630039,0
9,ROI 9,rect,24,42139.1162109375,137467.5961369739,9718475.023175044,-66.2594127005663,-2.5428854341636558,power,water,gamma0,34.75360870361328,NISAR_S2_PR_GCOV_026_097_D_090_1000_DVNA_A_20260726T224133_20260726T224205_P00500_M_P_I_001_gcov.tif,Band 1: VHVH,24,0.013408638187684119,0.00531311717574163,0.3962458455044112,6.368989843777142,-18.726153278610436,1.8221647121060471,-22.558957822869054,-22.425662207057094,-18.91887372675247,-16.3391876598314,-16.23650580434721,0
9,ROI 9,rect,24,42139.1162109375,137467.5961369739,9718475.023175044,-66.2594127005663,-2.5428854341636558,power,water,gamma0,34.75360870361328,NISAR_S2_PR_GCOV_026_097_D_090_1000_DVNA_A_20260726T224133_20260726T224205_P00500_M_P_I_001_gcov.tif,Band 2: VVVV,24,0.037265729469557606,0.013176764408103609,0.3535893324956302,7.998373703171254,-14.286903731187468,1.5389350157982182,-17.944361222682076,-16.682770581659597,-14.564555587846788,-12.071092114559395,-11.632713752796418,0
9,ROI 9,rect,24,42139.1162109375,137467.5961369739,9718475.023175044,-66.2594127005663,-2.5428854341636558,power,water,sigma0,34.75360870361328,NISAR_S2_PR_GCOV_026_097_D_090_1000_DVNA_A_20260726T224133_20260726T224205_P00500_M_P_I_001_gcov.tif,Band 1: VHVH,24,0.011064673474575461,0.004384318561016263,0.3962447306818952,6.369025681746562,-19.560613978490128,1.8221773662816163,-23.393472488650534,-23.260090317447464,-19.753209909082912,-17.173772730154763,-17.07104870330909,0
9,ROI 9,rect,24,42139.1162109375,137467.5961369739,9718475.023175044,-66.2594127005663,-2.5428854341636558,power,water,sigma0,34.75360870361328,NISAR_S2_PR_GCOV_026_097_D_090_1000_DVNA_A_20260726T224133_20260726T224205_P00500_M_P_I_001_gcov.tif,Band 2: VVVV,24,0.03075119837119919,0.010873426211714391,0.35359357643434713,7.998181706447404,-15.12137955145212,1.5388762329829064,-18.77854526021136,-17.517008817048406,-15.399113242098512,-12.90559879040567,-12.466870814178577,0
10,ROI 10,rect,28,41296.26025390625,139583.13226025723,9720436.471226541,-66.24036901172913,-2.5252166507609735,power,water,gamma0,34.85603713989258,NISAR_S2_PR_GCOV_026_097_D_090_1000_DVNA_A_20260726T224133_20260726T224205_P00500_M_P_I_001_gcov.tif,Band 1: VHVH,28,0.0141180451859587,0.004369796421764152,0.3095185179114028,10.4382267228346,-18.50225432443089,1.3691308454000253,-21.60980660657371,-20.881005364355538,-18.83528586237246,-16.571128580181313,-16.345525042129726,0
10,ROI 10,rect,28,41296.26025390625,139583.13226025723,9720436.471226541,-66.24036901172913,-2.5252166507609735,power,water,gamma0,34.85603713989258,NISAR_S2_PR_GCOV_026_097_D_090_1000_DVNA_A_20260726T224133_20260726T224205_P00500_M_P_I_001_gcov.tif,Band 2: VVVV,28,0.03247811828207757,0.013344116735475926,0.41086483581284394,5.923822721111967,-14.884091408650926,1.764303834370552,-18.421397113998324,-17.896250079037095,-15.062951028901196,-12.244445916536142,-11.927871609207227,0
10,ROI 10,rect,28,41296.26025390625,139583.13226025723,9720436.471226541,-66.24036901172913,-2.5252166507609735,power,water,sigma0,34.85603713989258,NISAR_S2_PR_GCOV_026_097_D_090_1000_DVNA_A_20260726T224133_20260726T224205_P00500_M_P_I_001_gcov.tif,Band 1: VHVH,28,0.011635522437449395,0.0036012396510318066,0.3095039067125231,10.439212291050636,-19.342141120242136,1.3690497341369252,-22.449326117260785,-21.72057767589504,-19.675313629715795,-17.41113064851796,-17.185604876826673,0
10,ROI 10,rect,28,41296.26025390625,139583.13226025723,9720436.471226541,-66.24036901172913,-2.5252166507609735,power,water,sigma0,34.85603713989258,NISAR_S2_PR_GCOV_026_097_D_090_1000_DVNA_A_20260726T224133_20260726T224205_P00500_M_P_I_001_gcov.tif,Band 2: VVVV,28,0.026767443082959218,0.010998017288117477,0.41087291206828314,5.923589842117686,-15.7239311211516,1.7643787769014847,-19.261689601786458,-18.736109011240366,-15.902833450890741,-13.084295237092691,-12.767593695063253,0
11,ROI 11,rect,30,42701.0400390625,141491.26289073983,9722261.627637738,-66.2231915079434,-2.5087733850202243,power,water,gamma0,34.947776794433594,NISAR_S2_PR_GCOV_026_097_D_090_1000_DVNA_A_20260726T224133_20260726T224205_P00500_M_P_I_001_gcov.tif,Band 1: VHVH,30,0.015441159221033255,0.004733136585082915,0.30652728317415756,10.642942800157659,-18.113200987930313,1.193772814590343,-20.16663227395762,-19.989625752941635,-18.416093158544413,-16.039214760540453,-15.191837110908743,0
11,ROI 11,rect,30,42701.0400390625,141491.26289073983,9722261.627637738,-66.2231915079434,-2.5087733850202243,power,water,gamma0,34.947776794433594,NISAR_S2_PR_GCOV_026_097_D_090_1000_DVNA_A_20260726T224133_20260726T224205_P00500_M_P_I_001_gcov.tif,Band 2: VVVV,30,0.04184920443221927,0.01793824051501211,0.4286399409113174,5.4427041408365255,-13.783127936798316,2.0646361003504774,-20.04276487406452,-17.539910197008215,-13.635840449771475,-11.18911800068072,-10.596036803434899,0
11,ROI 11,rect,30,42701.0400390625,141491.26289073983,9722261.627637738,-66.2231915079434,-2.5087733850202243,power,water,sigma0,34.947776794433594,NISAR_S2_PR_GCOV_026_097_D_090_1000_DVNA_A_20260726T224133_20260726T224205_P00500_M_P_I_001_gcov.tif,Band 1: VHVH,30,0.012711781497938023,0.0038963947515417157,0.306518386283917,10.643560645431368,-18.957935807987386,1.1937434227959898,-21.011495707394054,-20.834340024061508,-19.26108926816404,-16.884238819421718,-16.036424466554617,0
11,ROI 11,rect,30,42701.0400390625,141491.26289073983,9722261.627637738,-66.2231915079434,-2.5087733850202243,power,water,sigma0,34.947776794433594,NISAR_S2_PR_GCOV_026_097_D_090_1000_DVNA_A_20260726T224133_20260726T224205_P00500_M_P_I_001_gcov.tif,Band 2: VVVV,30,0.0344519389361351,0.014767159369337545,0.42863071935405445,5.442938331927036,-14.62786331214463,2.064627366848084,-20.887813207679173,-18.384417430518663,-14.480849192099154,-12.033969966279814,-11.440826656337036,0
12,ROI 12,rect,24,37925.203125,143440.8747997532,9722670.5143982,-66.20567292186985,-2.5051232501463083,power,water,gamma0,35.06002426147461,NISAR_S2_PR_GCOV_026_097_D_090_1000_DVNA_A_20260726T224133_20260726T224205_P00500_M_P_I_001_gcov.tif,Band 1: VHVH,24,0.017935414100065827,0.006252595230371048,0.3486172772753599,8.228149740061417,-17.462885917063083,1.698796085037339,-22.13431880495879,-20.775929765355535,-17.734101462307443,-15.77658969647272,-15.000324610749159,0
12,ROI 12,rect,24,37925.203125,143440.8747997532,9722670.5143982,-66.20567292186985,-2.5051232501463083,power,water,gamma0,35.06002426147461,NISAR_S2_PR_GCOV_026_097_D_090_1000_DVNA_A_20260726T224133_20260726T224205_P00500_M_P_I_001_gcov.tif,Band 2: VVVV,24,0.05066836245047549,0.013673797345144185,0.26986854683747263,13.73078791083845,-12.952631314348961,1.3186132090237328,-16.366037574201734,-15.838882918567926,-12.890414746048924,-11.402625469724256,-11.2262838339192,0
12,ROI 12,rect,24,37925.203125,143440.8747997532,9722670.5143982,-66.20567292186985,-2.5051232501463083,power,water,sigma0,35.06002426147461,NISAR_S2_PR_GCOV_026_097_D_090_1000_DVNA_A_20260726T224133_20260726T224205_P00500_M_P_I_001_gcov.tif,Band 1: VHVH,24,0.014744810615256483,0.0051406660118113665,0.3486423899193598,8.22696443867872,-18.31360801225257,1.6989061607784506,-22.985288104580953,-21.6269443859758,-18.584750002010637,-16.627125126418033,-15.85074949658097,0
12,ROI 12,rect,24,37925.203125,143440.8747997532,9722670.5143982,-66.20567292186985,-2.5051232501463083,power,water,sigma0,35.06002426147461,NISAR_S2_PR_GCOV_026_097_D_090_1000_DVNA_A_20260726T224133_20260726T224205_P00500_M_P_I_001_gcov.tif,Band 2: VVVV,24,0.04165444348833187,0.01124126492048218,0.26986952601181796,13.730688271497385,-13.803386634161496,1.3186423745711906,-17.216619574185376,-16.68990323573431,-13.741178812638633,-12.253149967569904,-12.077355159681531,0
13,ROI 13,rect,36,56185.544189453125,145586.04037902708,9722285.324058017,-66.18641518123881,-2.508649991921397,power,water,gamma0,35.191192626953125,NISAR_S2_PR_GCOV_026_097_D_090_1000_DVNA_A_20260726T224133_20260726T224205_P00500_M_P_I_001_gcov.tif,Band 1: VHVH,36,0.019438433926552534,0.007622659784324479,0.39214371966005296,6.502935882756285,-17.113387272931625,1.4677271764639295,-20.079085182701384,-19.348992133665348,-17.549266345163993,-15.003425065018872,-13.059521668225248,0
13,ROI 13,rect,36,56185.544189453125,145586.04037902708,9722285.324058017,-66.18641518123881,-2.508649991921397,power,water,gamma0,35.191192626953125,NISAR_S2_PR_GCOV_026_097_D_090_1000_DVNA_A_20260726T224133_20260726T224205_P00500_M_P_I_001_gcov.tif,Band 2: VVVV,36,0.04826798874677883,0.018338099595975217,0.37992259615745877,6.928029869479915,-13.163407971907056,1.690476959503758,-17.64027461800402,-16.26966657162603,-13.521704586533051,-10.793670499683103,-10.311125525667373,0
13,ROI 13,rect,36,56185.544189453125,145586.04037902708,9722285.324058017,-66.18641518123881,-2.508649991921397,power,water,sigma0,35.191192626953125,NISAR_S2_PR_GCOV_026_097_D_090_1000_DVNA_A_20260726T224133_20260726T224205_P00500_M_P_I_001_gcov.tif,Band 1: VHVH,36,0.015953109056189803,0.006255752199002464,0.39213373248866706,6.503267130781329,-17.971546659380973,1.467279306335689,-20.935190884589936,-20.205215323914093,-18.407512817612123,-15.861128912260599,-13.917398886987126,0
13,ROI 13,rect,36,56185.544189453125,145586.04037902708,9722285.324058017,-66.18641518123881,-2.508649991921397,power,water,sigma0,35.191192626953125,NISAR_S2_PR_GCOV_026_097_D_090_1000_DVNA_A_20260726T224133_20260726T224205_P00500_M_P_I_001_gcov.tif,Band 2: VVVV,36,0.039614506545780165,0.015050815792937173,0.37993192659218983,6.927689594118731,-14.02145749450369,1.690431434102228,-18.49788344556244,-17.126831610274145,-14.391497830247527,-11.650959208036697,-11.169422552886072,0
14,ROI 14,rect,30,46353.029541015625,147363.8025719897,9721615.73997219,-66.17046302119479,-2.514737511700909,power,water,gamma0,35.3070068359375,NISAR_S2_PR_GCOV_026_097_D_090_1000_DVNA_A_20260726T224133_20260726T224205_P00500_M_P_I_001_gcov.tif,Band 1: VHVH,30,0.017771361240496237,0.006222183155456506,0.35012417288990755,8.157476065766792,-17.5027930508192,1.5481791193138628,-21.4985187902894,-20.15693458849686,-17.644243451077067,-15.396291717123436,-14.764327098808964,0
14,ROI 14,rect,30,46353.029541015625,147363.8025719897,9721615.73997219,-66.17046302119479,-2.514737511700909,power,water,gamma0,35.3070068359375,NISAR_S2_PR_GCOV_026_097_D_090_1000_DVNA_A_20260726T224133_20260726T224205_P00500_M_P_I_001_gcov.tif,Band 2: VVVV,30,0.04732239500929912,0.012699777917624411,0.2683671846095032,13.884849598072222,-13.249332836341052,1.1791966161199872,-16.115929100323683,-15.156080515431931,-13.453108507329963,-11.787210248210517,-10.868662534549633,0
14,ROI 14,rect,30,46353.029541015625,147363.8025719897,9721615.73997219,-66.17046302119479,-2.514737511700909,power,water,sigma0,35.3070068359375,NISAR_S2_PR_GCOV_026_097_D_090_1000_DVNA_A_20260726T224133_20260726T224205_P00500_M_P_I_001_gcov.tif,Band 1: VHVH,30,0.014433680268884997,0.005048375889670752,0.3497635942895068,8.174304160696298,-18.406229193096113,1.5478583915606001,-22.45390285440675,-21.001820156547673,-18.615544850145568,-16.49913171817541,-15.570153718951849,0
14,ROI 14,rect,30,46353.029541015625,147363.8025719897,9721615.73997219,-66.17046302119479,-2.514737511700909,power,water,sigma0,35.3070068359375,NISAR_S2_PR_GCOV_026_097_D_090_1000_DVNA_A_20260726T224133_20260726T224205_P00500_M_P_I_001_gcov.tif,Band 2: VVVV,30,0.03844058899093227,0.01033170743454627,0.26877078904757185,13.843180045542343,-14.152099666446967,1.1797063359100286,-16.892642357175685,-16.02974107718034,-14.27675304906564,-12.693907262166995,-11.789228752774648,0
15,ROI 15,rect,25,40453.393310546875,149011.19489418864,9721100.177739752,-66.1556780863673,-2.5194308380149795,power,water,gamma0,35.41105270385742,NISAR_S2_PR_GCOV_026_097_D_090_1000_DVNA_A_20260726T224133_20260726T224205_P00500_M_P_I_001_gcov.tif,Band 1: VHVH,25,0.01697733046486974,0.005150249621759238,0.303360391812857,10.86631390750663,-17.7013059769168,1.295296736169899,-21.42294072161357,-20.074734721041906,-17.76936417337317,-15.469698594571588,-14.971246096094399,0
15,ROI 15,rect,25,40453.393310546875,149011.19489418864,9721100.177739752,-66.1556780863673,-2.5194308380149795,power,water,gamma0,35.41105270385742,NISAR_S2_PR_GCOV_026_097_D_090_1000_DVNA_A_20260726T224133_20260726T224205_P00500_M_P_I_001_gcov.tif,Band 2: VVVV,25,0.043559806570410725,0.012515747488666486,0.28732330269731216,12.113183609874307,-13.609140574192418,1.2025532180182936,-15.77867554962705,-15.696980552965831,-13.386660820231251,-12.62362595883248,-10.686660439001141,0
15,ROI 15,rect,25,40453.393310546875,149011.19489418864,9721100.177739752,-66.1556780863673,-2.5194308380149795,power,water,sigma0,35.41105270385742,NISAR_S2_PR_GCOV_026_097_D_090_1000_DVNA_A_20260726T224133_20260726T224205_P00500_M_P_I_001_gcov.tif,Band 1: VHVH,25,0.013895024751494948,0.004215084956025708,0.30335210130318135,10.866907860943767,-18.57140675268178,1.2952467279492184,-22.292768842043145,-20.94486928516812,-18.639377311105047,-16.339747231916355,-15.841464185270294,0
15,ROI 15,rect,25,40453.393310546875,149011.19489418864,9721100.177739752,-66.1556780863673,-2.5194308380149795,power,water,sigma0,35.41105270385742,NISAR_S2_PR_GCOV_026_097_D_090_1000_DVNA_A_20260726T224133_20260726T224205_P00500_M_P_I_001_gcov.tif,Band 2: VVVV,25,0.03565142112385387,0.010243197347786606,0.28731526051097656,12.113861734961834,-14.479231537799517,1.2025507015714227,-16.6487079802152,-16.567089602502122,-14.256878909407146,-13.493487737159935,-11.556952857093687,0
16,ROI 16,rect,35,50145.671875,150581.55119319557,9721461.668938901,-66.14156576619096,-2.516199628425351,power,water,gamma0,35.499088287353516,NISAR_S2_PR_GCOV_026_097_D_090_1000_DVNA_A_20260726T224133_20260726T224205_P00500_M_P_I_001_gcov.tif,Band 1: VHVH,35,0.01357428782752582,0.004763534415491189,0.3509233394794927,8.120363919350845,-18.672829463202607,1.341425894666849,-20.90174605274595,-20.56414083643649,-19.05452405681522,-16.402036445659395,-15.445220763774879,0
16,ROI 16,rect,35,50145.671875,150581.55119319557,9721461.668938901,-66.14156576619096,-2.516199628425351,power,water,gamma0,35.499088287353516,NISAR_S2_PR_GCOV_026_097_D_090_1000_DVNA_A_20260726T224133_20260726T224205_P00500_M_P_I_001_gcov.tif,Band 2: VVVV,35,0.04669484022472586,0.019122542607685238,0.4095215341921112,5.962748789485434,-13.307311062804054,1.6063996560683087,-16.69782098346136,-15.827050945911989,-13.871442799920297,-10.6890361369686,-9.681312130296574,0
16,ROI 16,rect,35,50145.671875,150581.55119319557,9721461.668938901,-66.14156576619096,-2.516199628425351,power,water,sigma0,35.499088287353516,NISAR_S2_PR_GCOV_026_097_D_090_1000_DVNA_A_20260726T224133_20260726T224205_P00500_M_P_I_001_gcov.tif,Band 1: VHVH,35,0.011097608261610305,0.003894716061494445,0.3509509409308801,8.119086675211944,-19.54770609565437,1.3415198567830011,-21.776989425949232,-21.439403117872068,-19.929041396777208,-17.276825954171116,-16.31981313949021,0
16,ROI 16,rect,35,50145.671875,150581.55119319557,9721461.668938901,-66.14156576619096,-2.516199628425351,power,water,sigma0,35.499088287353516,NISAR_S2_PR_GCOV_026_097_D_090_1000_DVNA_A_20260726T224133_20260726T224205_P00500_M_P_I_001_gcov.tif,Band 2: VVVV,35,0.03817503388973477,0.015633963408852907,0.4095337139453559,5.962394124037912,-14.182205687281682,1.6064319292251388,-17.5730447239904,-16.702122020658766,-14.746147256770314,-11.563793345237185,-10.556090043018607,0
17,ROI 17,rect,35,54921.473388671875,152017.25739854976,9722580.081317918,-66.12864646921872,-2.5061275662916382,power,water,gamma0,35.570335388183594,NISAR_S2_PR_GCOV_026_097_D_090_1000_DVNA_A_20260726T224133_20260726T224205_P00500_M_P_I_001_gcov.tif,Band 1: VHVH,35,0.013161137606948614,0.004129320051760748,0.31375099745029744,10.158504321202903,-18.807065700634457,1.2862418801312514,-21.48733872480387,-20.807548280644184,-19.046892769115736,-16.88567306655162,-15.761030440130344,0
17,ROI 17,rect,35,54921.473388671875,152017.25739854976,9722580.081317918,-66.12864646921872,-2.5061275662916382,power,water,gamma0,35.570335388183594,NISAR_S2_PR_GCOV_026_097_D_090_1000_DVNA_A_20260726T224133_20260726T224205_P00500_M_P_I_001_gcov.tif,Band 2: VVVV,35,0.043030482424157,0.015645972301583485,0.36360206579510596,7.56392677769014,-13.662237849196554,1.452201681728593,-16.894526035853264,-15.941379061369753,-13.880571341101353,-11.346346073209252,-10.523791017236094,0
17,ROI 17,rect,35,54921.473388671875,152017.25739854976,9722580.081317918,-66.12864646921872,-2.5061275662916382,power,water,sigma0,35.570335388183594,NISAR_S2_PR_GCOV_026_097_D_090_1000_DVNA_A_20260726T224133_20260726T224205_P00500_M_P_I_001_gcov.tif,Band 1: VHVH,35,0.01075014583810207,0.0033730928878719503,0.3137718258590125,10.157155707720761,-19.685856440038773,1.2863085923829845,-22.36633800409846,-21.686588008996512,-19.925706330976798,-17.76408512676739,-16.639741322041587,0
17,ROI 17,rect,35,54921.473388671875,152017.25739854976,9722580.081317918,-66.12864646921872,-2.5061275662916382,power,water,sigma0,35.570335388183594,NISAR_S2_PR_GCOV_026_097_D_090_1000_DVNA_A_20260726T224133_20260726T224205_P00500_M_P_I_001_gcov.tif,Band 2: VVVV,35,0.03514737325755753,0.012779175124916178,0.36358834076365426,7.56449784711527,-14.541071264727554,1.4521389485331693,-17.772976108930077,-16.82029613019114,-14.75912313726749,-12.225039804640481,-11.402790296530682,0
18,ROI 18,rect,72,117989.67529296875,154104.2210103888,9723649.43101398,-66.10987884388443,-2.4965122779209907,power,water,gamma0,35.67980194091797,NISAR_S2_PR_GCOV_026_097_D_090_1000_DVNA_A_20260726T224133_20260726T224205_P00500_M_P_I_001_gcov.tif,Band 1: VHVH,72,0.01329155988059938,0.004319764925503738,0.3250005992004709,9.467420711220678,-18.76424047817013,1.3244461263916627,-21.35220552740382,-20.99175884704856,-19.02403558214463,-16.949897681775848,-15.102229587075463,0
18,ROI 18,rect,72,117989.67529296875,154104.2210103888,9723649.43101398,-66.10987884388443,-2.4965122779209907,power,water,gamma0,35.67980194091797,NISAR_S2_PR_GCOV_026_097_D_090_1000_DVNA_A_20260726T224133_20260726T224205_P00500_M_P_I_001_gcov.tif,Band 2: VVVV,72,0.04054069961421192,0.011930165302996657,0.2942762561210075,11.547542136988167,-13.921087609224871,1.2424904305322189,-17.91281457930527,-15.817680402088268,-14.103783284124031,-12.21928747592018,-10.685631572891802,0
18,ROI 18,rect,72,117989.67529296875,154104.2210103888,9723649.43101398,-66.10987884388443,-2.4965122779209907,power,water,sigma0,35.67980194091797,NISAR_S2_PR_GCOV_026_097_D_090_1000_DVNA_A_20260726T224133_20260726T224205_P00500_M_P_I_001_gcov.tif,Band 1: VHVH,72,0.010841555780564026,0.0035236356270640853,0.32501199074961273,9.466757063716457,-19.64908391374011,1.3244873406765232,-22.23729033510463,-21.87652314722959,-19.909032573770276,-17.834843497256667,-15.986988462745167,0
18,ROI 18,rect,72,117989.67529296875,154104.2210103888,9723649.43101398,-66.10987884388443,-2.4965122779209907,power,water,sigma0,35.67980194091797,NISAR_S2_PR_GCOV_026_097_D_090_1000_DVNA_A_20260726T224133_20260726T224205_P00500_M_P_I_001_gcov.tif,Band 2: VVVV,72,0.03306799254430443,0.009731992638012357,0.2943024928100323,11.545483331678735,-14.805921689627313,1.2425547583697918,-18.79742430241793,-16.70261844193494,-14.989088193789652,-13.104005945522728,-11.570027413830351,0
19,ROI 19,rect,72,125855.65795898438,156548.9041065145,9724466.06688795,-66.08790352272423,-2.489186938928268,power,water,gamma0,35.81374740600586,NISAR_S2_PR_GCOV_026_097_D_090_1000_DVNA_A_20260726T224133_20260726T224205_P00500_M_P_I_001_gcov.tif,Band 1: VHVH,72,0.014777625328861177,0.004547490628716394,0.3077281043142296,10.560042766992613,-18.303953487172226,1.4158690918601862,-22.11779512190885,-21.46211146284518,-18.375039918566078,-16.594385469604344,-15.390906071496328,0
19,ROI 19,rect,72,125855.65795898438,156548.9041065145,9724466.06688795,-66.08790352272423,-2.489186938928268,power,water,gamma0,35.81374740600586,NISAR_S2_PR_GCOV_026_097_D_090_1000_DVNA_A_20260726T224133_20260726T224205_P00500_M_P_I_001_gcov.tif,Band 2: VVVV,72,0.04045986937772897,0.010997728043397055,0.2718181796565741,13.534524437588116,-13.92975523656739,1.2106445696238575,-17.174038136585693,-16.271751300557785,-14.008452213007097,-12.25059520764821,-11.361955088910861,0
19,ROI 19,rect,72,125855.65795898438,156548.9041065145,9724466.06688795,-66.08790352272423,-2.489186938928268,power,water,sigma0,35.81374740600586,NISAR_S2_PR_GCOV_026_097_D_090_1000_DVNA_A_20260726T224133_20260726T224205_P00500_M_P_I_001_gcov.tif,Band 1: VHVH,72,0.012033153305042489,0.003702842699754801,0.3077200635516815,10.56059464459703,-19.19620550255403,1.4158294596146845,-23.009544840950902,-22.3543515769575,-19.267383848615292,-17.486536568062057,-16.283610118811954,0
19,ROI 19,rect,72,125855.65795898438,156548.9041065145,9724466.06688795,-66.08790352272423,-2.489186938928268,power,water,sigma0,35.81374740600586,NISAR_S2_PR_GCOV_026_097_D_090_1000_DVNA_A_20260726T224133_20260726T224205_P00500_M_P_I_001_gcov.tif,Band 2: VVVV,72,0.032945924194260415,0.00895569954892297,0.27183027242207897,13.533320258316696,-14.821983051801016,1.2106911581650543,-18.066368311464974,-17.164130588157015,-14.900791000872378,-13.142973613826852,-12.25389203304087,0
20,ROI 20,rect,99,151700.81176757812,159464.43313465163,9725165.3220969,-66.06170125559903,-2.4829312183459686,power,water,gamma0,35.97654342651367,NISAR_S2_PR_GCOV_026_097_D_090_1000_DVNA_A_20260726T224133_20260726T224205_P00500_M_P_I_001_gcov.tif,Band 1: VHVH,99,0.016796106416167633,0.006202283639025061,0.36926913210402457,7.333545462621357,-17.74791382438005,1.6572190663637907,-22.47750317194442,-20.921935307777332,-17.927405637356355,-15.69185585096869,-14.322754113455227,0
20,ROI 20,rect,99,151700.81176757812,159464.43313465163,9725165.3220969,-66.06170125559903,-2.4829312183459686,power,water,gamma0,35.97654342651367,NISAR_S2_PR_GCOV_026_097_D_090_1000_DVNA_A_20260726T224133_20260726T224205_P00500_M_P_I_001_gcov.tif,Band 2: VVVV,99,0.04633339708953193,0.01840442487300523,0.3972172564304232,6.337876688159745,-13.341058568624122,1.7333947165704324,-18.548000987753277,-16.604726558798063,-13.70648299757722,-10.911065371918996,-9.644263766085754,0
20,ROI 20,rect,99,151700.81176757812,159464.43313465163,9725165.3220969,-66.06170125559903,-2.4829312183459686,power,water,sigma0,35.97654342651367,NISAR_S2_PR_GCOV_026_097_D_090_1000_DVNA_A_20260726T224133_20260726T224205_P00500_M_P_I_001_gcov.tif,Band 1: VHVH,99,0.013646550803122218,0.005038918837961928,0.36924486712122634,7.334509344409829,-18.649771036754142,1.6571304670803517,-23.3796718814991,-21.823498706408838,-18.82875173234958,-16.593439349848712,-15.225070349378969,0
20,ROI 20,rect,99,151700.81176757812,159464.43313465163,9725165.3220969,-66.06170125559903,-2.4829312183459686,power,water,sigma0,35.97654342651367,NISAR_S2_PR_GCOV_026_097_D_090_1000_DVNA_A_20260726T224133_20260726T224205_P00500_M_P_I_001_gcov.tif,Band 2: VVVV,99,0.03764541065007692,0.014953520818376833,0.3972202868863187,6.337779983217205,-14.242879610524792,1.733397517033581,-19.449972153646733,-17.505944262448057,-14.607727152740168,-11.812626495183611,-10.546244808948872,0
21,ROI 21,rect,63,116866.1884765625,162308.8517896755,9725663.095355237,-66.03614151834141,-2.4784934540668453,power,water,gamma0,36.13711166381836,NISAR_S2_PR_GCOV_026_097_D_090_1000_DVNA_A_20260726T224133_20260726T224205_P00500_M_P_I_001_gcov.tif,Band 1: VHVH,63,0.01690032208220117,0.006014417888425677,0.3558759329657896,7.895920419946802,-17.72105018629534,1.466112449558376,-21.335733704328238,-20.33029407829848,-18.081492286820463,-15.741551786807964,-14.185114223114208,0
21,ROI 21,rect,63,116866.1884765625,162308.8517896755,9725663.095355237,-66.03614151834141,-2.4784934540668453,power,water,gamma0,36.13711166381836,NISAR_S2_PR_GCOV_026_097_D_090_1000_DVNA_A_20260726T224133_20260726T224205_P00500_M_P_I_001_gcov.tif,Band 2: VVVV,63,0.05385736754489324,0.022452621845329732,0.41689044357049515,5.75381799681093,-12.68754877969933,1.8128421179714387,-17.733851101480166,-15.919954594238837,-13.19384551119965,-10.380482924524637,-9.06228063227206,0
21,ROI 21,rect,63,116866.1884765625,162308.8517896755,9725663.095355237,-66.03614151834141,-2.4784934540668453,power,water,sigma0,36.13711166381836,NISAR_S2_PR_GCOV_026_097_D_090_1000_DVNA_A_20260726T224133_20260726T224205_P00500_M_P_I_001_gcov.tif,Band 1: VHVH,63,0.013703086782619002,0.004876703024648941,0.3558835393814007,7.895582899360076,-18.631815918467325,1.4661442410579568,-22.246510337502553,-21.240825675056875,-18.9927468758393,-16.65194143546611,-15.09544264088712,0
21,ROI 21,rect,63,116866.1884765625,162308.8517896755,9725663.095355237,-66.03614151834141,-2.4784934540668453,power,water,sigma0,36.13711166381836,NISAR_S2_PR_GCOV_026_097_D_090_1000_DVNA_A_20260726T224133_20260726T224205_P00500_M_P_I_001_gcov.tif,Band 2: VVVV,63,0.0436684247067866,0.018204934034657717,0.4168901021022737,5.753827422541082,-13.59832474519916,1.8128437741121564,-18.644132593392534,-16.83133399988902,-14.105146398001096,-11.291567709635398,-9.972880080752516,0
22,ROI 22,rect,54,89896.89868164062,165338.63102130406,9726527.155846216,-66.00890888436928,-2.470749527742657,power,water,gamma0,36.30387878417969,NISAR_S2_PR_GCOV_026_097_D_090_1000_DVNA_A_20260726T224133_20260726T224205_P00500_M_P_I_001_gcov.tif,Band 1: VHVH,54,0.01604490385701259,0.005298543972940038,0.3302322045777953,9.169827213104917,-17.946628809052804,1.3955819548210506,-21.448179687363883,-20.16334417186284,-18.253966523045342,-15.882126485833727,-15.087772899166902,0
22,ROI 22,rect,54,89896.89868164062,165338.63102130406,9726527.155846216,-66.00890888436928,-2.470749527742657,power,water,gamma0,36.30387878417969,NISAR_S2_PR_GCOV_026_097_D_090_1000_DVNA_A_20260726T224133_20260726T224205_P00500_M_P_I_001_gcov.tif,Band 2: VVVV,54,0.04876142516042347,0.01861121415647901,0.38167904435214384,6.8644124080703355,-13.119236096520412,1.7111394233349018,-17.563580246569344,-16.167796622873954,-13.336976321671756,-10.722412950245712,-10.122411387462432,0
22,ROI 22,rect,54,89896.89868164062,165338.63102130406,9726527.155846216,-66.00890888436928,-2.470749527742657,power,water,sigma0,36.30387878417969,NISAR_S2_PR_GCOV_026_097_D_090_1000_DVNA_A_20260726T224133_20260726T224205_P00500_M_P_I_001_gcov.tif,Band 1: VHVH,54,0.012982788748877195,0.004287638867118994,0.33025561380175783,9.16852730526244,-18.866320095263216,1.395678524057865,-22.36765235616291,-21.083362362141983,-19.17382191858408,-16.801543706241322,-16.007509491930822,0
22,ROI 22,rect,54,89896.89868164062,165338.63102130406,9726527.155846216,-66.00890888436928,-2.470749527742657,power,water,sigma0,36.30387878417969,NISAR_S2_PR_GCOV_026_097_D_090_1000_DVNA_A_20260726T224133_20260726T224205_P00500_M_P_I_001_gcov.tif,Band 2: VVVV,54,0.03945493155357905,0.015058471549884699,0.3816625946856752,6.8650041334820315,-14.038987056953632,1.7110611288885185,-18.483316839333266,-17.08763871128657,-14.256672852246005,-11.64178962030932,-11.04233769548128,0
23,ROI 23,rect,108,168556.46557617188,167736.95058446054,9726729.74911443,-65.98736150457424,-2.4689680694121554,power,water,gamma0,36.44126510620117,NISAR_S2_PR_GCOV_026_097_D_090_1000_DVNA_A_20260726T224133_20260726T224205_P00500_M_P_I_001_gcov.tif,Band 1: VHVH,108,0.012343927670304698,0.003957219342028257,0.3205802438026256,9.7303058222272,-19.08546631701841,1.3753951728167857,-22.968839170491396,-21.532123630498162,-19.317909715108726,-17.084313265333403,-15.953329806464025,0
23,ROI 23,rect,108,168556.46557617188,167736.95058446054,9726729.74911443,-65.98736150457424,-2.4689680694121554,power,water,gamma0,36.44126510620117,NISAR_S2_PR_GCOV_026_097_D_090_1000_DVNA_A_20260726T224133_20260726T224205_P00500_M_P_I_001_gcov.tif,Band 2: VVVV,108,0.040099079755169374,0.01260435768799821,0.3143303478522676,10.121092026165199,-13.9686559400919,1.459656081349461,-20.260506547466957,-16.427988016226145,-14.088720634212446,-12.127077694270092,-11.111665397410063,0
23,ROI 23,rect,108,168556.46557617188,167736.95058446054,9726729.74911443,-65.98736150457424,-2.4689680694121554,power,water,sigma0,36.44126510620117,NISAR_S2_PR_GCOV_026_097_D_090_1000_DVNA_A_20260726T224133_20260726T224205_P00500_M_P_I_001_gcov.tif,Band 1: VHVH,108,0.009970990654151565,0.0031969308582185207,0.32062319273034645,9.727699159822723,-20.012616908099034,1.3756253451449547,-23.896868901252887,-22.459487327186874,-20.245211268285175,-18.01212688293616,-16.88049034944227,0
23,ROI 23,rect,108,168556.46557617188,167736.95058446054,9726729.74911443,-65.98736150457424,-2.4689680694121554,power,water,sigma0,36.44126510620117,NISAR_S2_PR_GCOV_026_097_D_090_1000_DVNA_A_20260726T224133_20260726T224205_P00500_M_P_I_001_gcov.tif,Band 2: VVVV,108,0.03238962659071029,0.010179541969380996,0.3142840174730697,10.124076260603019,-14.895940587983691,1.4594605527601694,-21.18824268354811,-17.355710646353288,-15.015880908853124,-13.05443733893826,-12.038882022108004,0
24,ROI 24,rect,99,160128.638671875,171114.69765919686,9727227.523531334,-65.9570097316747,-2.4645389284240107,power,water,gamma0,36.63050079345703,NISAR_S2_PR_GCOV_026_097_D_090_1000_DVNA_A_20260726T224133_20260726T224205_P00500_M_P_I_001_gcov.tif,Band 1: VHVH,99,0.00987553812394088,0.0030914330259081252,0.3130394503175159,10.204737916520285,-20.05439230092323,1.3580951176380984,-23.20587370109111,-22.55519516957554,-20.23243482553572,-17.92865299596079,-17.228165838594006,0
24,ROI 24,rect,99,160128.638671875,171114.69765919686,9727227.523531334,-65.9570097316747,-2.4645389284240107,power,water,gamma0,36.63050079345703,NISAR_S2_PR_GCOV_026_097_D_090_1000_DVNA_A_20260726T224133_20260726T224205_P00500_M_P_I_001_gcov.tif,Band 2: VVVV,99,0.03139799992281078,0.010374080081378214,0.3304057617326574,9.160196199888052,-15.030980159443658,1.4779284178394552,-18.885336210282105,-18.1296782029268,-15.175615367825689,-13.098300657185703,-11.991684267080299,0
24,ROI 24,rect,99,160128.638671875,171114.69765919686,9727227.523531334,-65.9570097316747,-2.4645389284240107,power,water,sigma0,36.63050079345703,NISAR_S2_PR_GCOV_026_097_D_090_1000_DVNA_A_20260726T224133_20260726T224205_P00500_M_P_I_001_gcov.tif,Band 1: VHVH,99,0.007956642930291465,0.0024906253012388427,0.3130246415554062,10.205703483384767,-20.992701313047153,1.3580549045496195,-24.144064862403106,-23.493198794710892,-21.170891372138488,-18.86714381529442,-18.166460453260147,0
24,ROI 24,rect,99,160128.638671875,171114.69765919686,9727227.523531334,-65.9570097316747,-2.4645389284240107,power,water,sigma0,36.63050079345703,NISAR_S2_PR_GCOV_026_097_D_090_1000_DVNA_A_20260726T224133_20260726T224205_P00500_M_P_I_001_gcov.tif,Band 2: VVVV,99,0.02529729496601883,0.008358692242771118,0.33041842038839025,9.159494341021867,-15.969259153514033,1.477971778687662,-19.82381171359763,-19.068215387575577,-16.11359834476407,-14.03605288837282,-12.929733425006093,0
25,ROI 25,rect,110,161814.4267578125,174065.78204235082,9727594.929360462,-65.93049269441819,-2.461278291894663,power,water,gamma0,36.79738235473633,NISAR_S2_PR_GCOV_026_097_D_090_1000_DVNA_A_20260726T224133_20260726T224205_P00500_M_P_I_001_gcov.tif,Band 1: VHVH,110,0.009354219545440917,0.0031248842520252363,0.3340614614447712,8.960809539223876,-20.289924413278143,1.4669207151763044,-24.891528684546977,-22.95000415129399,-20.499289183911927,-18.2313566304471,-16.530258004077997,0
25,ROI 25,rect,110,161814.4267578125,174065.78204235082,9727594.929360462,-65.93049269441819,-2.461278291894663,power,water,gamma0,36.79738235473633,NISAR_S2_PR_GCOV_026_097_D_090_1000_DVNA_A_20260726T224133_20260726T224205_P00500_M_P_I_001_gcov.tif,Band 2: VVVV,110,0.03552143555134535,0.010852812684138569,0.30552854961199694,10.712637349909807,-14.49509491107693,1.3488949981151535,-18.115257052829815,-17.282519332254097,-14.69693170697795,-12.663159837165612,-10.95727351426829,0
25,ROI 25,rect,110,161814.4267578125,174065.78204235082,9727594.929360462,-65.93049269441819,-2.461278291894663,power,water,sigma0,36.79738235473633,NISAR_S2_PR_GCOV_026_097_D_090_1000_DVNA_A_20260726T224133_20260726T224205_P00500_M_P_I_001_gcov.tif,Band 1: VHVH,110,0.007520035683499788,0.0025120777502763373,0.3340513072016739,8.961354315546403,-21.237800986224155,1.466868355883777,-25.83875559733119,-23.89807126025065,-21.44685883736118,-19.179055920245357,-17.47805609198086,0
25,ROI 25,rect,110,161814.4267578125,174065.78204235082,9727594.929360462,-65.93049269441819,-2.461278291894663,power,water,sigma0,36.79738235473633,NISAR_S2_PR_GCOV_026_097_D_090_1000_DVNA_A_20260726T224133_20260726T224205_P00500_M_P_I_001_gcov.tif,Band 2: VVVV,110,0.02855643675248182,0.00872438770652789,0.30551387703403365,10.713666342652386,-15.442959844056167,1.3488973145429017,-19.0632164614023,-18.23038890812358,-15.644221140756954,-13.610764078789565,-11.905794532950438,0
26,ROI 26,rect,56,87649.18579101562,176779.83135313113,9727120.854928985,-65.90612101264257,-2.465615445616516,power,water,gamma0,36.959651947021484,NISAR_S2_PR_GCOV_026_097_D_090_1000_DVNA_A_20260726T224133_20260726T224205_P00500_M_P_I_001_gcov.tif,Band 1: VHVH,56,0.009947537394639636,0.004065120613074006,0.4086559770325217,5.988034437810864,-20.022844195849295,1.5558776656711901,-23.708694093641625,-22.379462903174417,-20.575469576376932,-17.504921894252405,-15.850616154235901,0
26,ROI 26,rect,56,87649.18579101562,176779.83135313113,9727120.854928985,-65.90612101264257,-2.465615445616516,power,water,gamma0,36.959651947021484,NISAR_S2_PR_GCOV_026_097_D_090_1000_DVNA_A_20260726T224133_20260726T224205_P00500_M_P_I_001_gcov.tif,Band 2: VVVV,56,0.028186628345533142,0.014442989332191295,0.5124057107908807,3.8086588819375797,-15.499568708649996,1.9167469936289125,-21.001764453541078,-18.64625731918178,-15.844358680574757,-13.665279929402809,-10.1981272194046,0
26,ROI 26,rect,56,87649.18579101562,176779.83135313113,9727120.854928985,-65.90612101264257,-2.465615445616516,power,water,sigma0,36.959651947021484,NISAR_S2_PR_GCOV_026_097_D_090_1000_DVNA_A_20260726T224133_20260726T224205_P00500_M_P_I_001_gcov.tif,Band 1: VHVH,56,0.007725809000253432,0.0027552120851339346,0.35662441111908855,7.862811513663149,-21.12056032815756,1.453703875365791,-24.168722139530978,-23.722385759875483,-21.496271923889946,-18.863494610933046,-17.89858971649145,0
26,ROI 26,rect,56,87649.18579101562,176779.83135313113,9727120.854928985,-65.90612101264257,-2.465615445616516,power,water,sigma0,36.959651947021484,NISAR_S2_PR_GCOV_026_097_D_090_1000_DVNA_A_20260726T224133_20260726T224205_P00500_M_P_I_001_gcov.tif,Band 2: VVVV,56,0.021703672335743513,0.009568882763831117,0.4408877270079424,5.14450958745191,-16.634667758191057,1.7412672757635625,-21.126428783237266,-19.94897399365858,-16.767059515218374,-14.830058589886706,-12.151687288981732,0
27,ROI 27,rect,72,117989.67529296875,178367.96510437963,9725390.500019863,-65.89188801258084,-2.4812814082698798,power,water,gamma0,37.07316589355469,NISAR_S2_PR_GCOV_026_097_D_090_1000_DVNA_A_20260726T224133_20260726T224205_P00500_M_P_I_001_gcov.tif,Band 1: VHVH,72,0.01070424808939505,0.004175683641982436,0.39009593267175713,6.571388685348346,-19.704438339366124,1.6463335400722878,-23.503024534654,-22.70367938852452,-20.119897000707777,-17.248044779189936,-16.43310420797937,0
27,ROI 27,rect,72,117989.67529296875,178367.96510437963,9725390.500019863,-65.89188801258084,-2.4812814082698798,power,water,gamma0,37.07316589355469,NISAR_S2_PR_GCOV_026_097_D_090_1000_DVNA_A_20260726T224133_20260726T224205_P00500_M_P_I_001_gcov.tif,Band 2: VVVV,72,0.020518920617178082,0.006648323200515307,0.3240094020808018,9.525434051500872,-16.87845488703148,1.449880761296817,-20.517971259920206,-19.651704334266277,-16.943299353203574,-14.780945503135346,-14.593987107906003,0
27,ROI 27,rect,72,117989.67529296875,178367.96510437963,9725390.500019863,-65.89188801258084,-2.4812814082698798,power,water,sigma0,37.07316589355469,NISAR_S2_PR_GCOV_026_097_D_090_1000_DVNA_A_20260726T224133_20260726T224205_P00500_M_P_I_001_gcov.tif,Band 1: VHVH,72,0.008668392506360282,0.0031605328536670418,0.3646042621337296,7.5224016387698605,-20.62061431975314,1.5825774258908647,-24.19205352783441,-23.759882850800054,-20.949653638238978,-18.449421928399858,-17.352774578313895,0
27,ROI 27,rect,72,117989.67529296875,178367.96510437963,9725390.500019863,-65.89188801258084,-2.4812814082698798,power,water,sigma0,37.07316589355469,NISAR_S2_PR_GCOV_026_097_D_090_1000_DVNA_A_20260726T224133_20260726T224205_P00500_M_P_I_001_gcov.tif,Band 2: VVVV,72,0.01663843416525429,0.005143634624588385,0.30914174816580603,10.46368562397424,-17.788875473594434,1.3698486664028806,-21.302696647230857,-19.93372039866418,-17.82923393692968,-15.825957615980595,-15.595247179827696,0
28,ROI 28,rect,72,117989.67529296875,179932.39530416904,9723968.291003834,-65.87786160070806,-2.4941628394383675,power,water,gamma0,37.17973709106445,NISAR_S2_PR_GCOV_026_097_D_090_1000_DVNA_A_20260726T224133_20260726T224205_P00500_M_P_I_001_gcov.tif,Band 1: VHVH,72,0.010488275813663172,0.004003334392058669,0.3816961398787291,6.86379753092287,-19.792959003819565,1.6758990154873288,-23.964508147018755,-22.62903029689197,-20.262156893339387,-17.46236339930408,-16.697472695269184,0
28,ROI 28,rect,72,117989.67529296875,179932.39530416904,9723968.291003834,-65.87786160070806,-2.4941628394383675,power,water,gamma0,37.17973709106445,NISAR_S2_PR_GCOV_026_097_D_090_1000_DVNA_A_20260726T224133_20260726T224205_P00500_M_P_I_001_gcov.tif,Band 2: VVVV,72,0.025254715156431,0.007375882629309065,0.2920596246531345,11.72349100460189,-15.976575254564366,1.2999551139793881,-19.406851780412527,-18.61246457632747,-16.262146082129885,-14.084692636855102,-13.60001691865011,0
28,ROI 28,rect,72,117989.67529296875,179932.39530416904,9723968.291003834,-65.87786160070806,-2.4941628394383675,power,water,sigma0,37.17973709106445,NISAR_S2_PR_GCOV_026_097_D_090_1000_DVNA_A_20260726T224133_20260726T224205_P00500_M_P_I_001_gcov.tif,Band 1: VHVH,72,0.008388790775496554,0.003202027979112265,0.38170316375815544,6.863544926033676,-20.76300637190092,1.6759455302961879,-24.934376770058137,-23.59931208175983,-21.231989058482455,-18.432733232604424,-17.667301188142556,0
28,ROI 28,rect,72,117989.67529296875,179932.39530416904,9723968.291003834,-65.87786160070806,-2.4941628394383675,power,water,sigma0,37.17973709106445,NISAR_S2_PR_GCOV_026_097_D_090_1000_DVNA_A_20260726T224133_20260726T224205_P00500_M_P_I_001_gcov.tif,Band 2: VVVV,72,0.020199344773238013,0.0058995784041195,0.2920678106319476,11.722833849649495,-16.946627179782464,1.2999979001951856,-20.37700488517956,-19.582472259413542,-17.232410673739487,-15.054856034071047,-14.569692984997896,0
29,ROI 29,rect,64,94953.74169921875,182207.93019528635,9723529.776081095,-65.8574270496933,-2.4981700018400335,power,water,gamma0,37.31557846069336,NISAR_S2_PR_GCOV_026_097_D_090_1000_DVNA_A_20260726T224133_20260726T224205_P00500_M_P_I_001_gcov.tif,Band 1: VHVH,64,0.01230086501891492,0.004112182323866559,0.33430025592048174,8.948012495014899,-19.10064347118961,1.407776209288927,-22.757127724075623,-21.404842504888872,-19.309030477455202,-16.889070097731874,-15.792636986553505,0
29,ROI 29,rect,64,94953.74169921875,182207.93019528635,9723529.776081095,-65.8574270496933,-2.4981700018400335,power,water,gamma0,37.31557846069336,NISAR_S2_PR_GCOV_026_097_D_090_1000_DVNA_A_20260726T224133_20260726T224205_P00500_M_P_I_001_gcov.tif,Band 2: VVVV,64,0.03858943481463939,0.013923088727473582,0.36080053502601916,7.681847021327617,-14.135315821096308,1.5270546323189804,-17.633368893644313,-16.801781706350226,-14.466221213521608,-11.872076482421075,-11.175705366511327,0
29,ROI 29,rect,64,94953.74169921875,182207.93019528635,9723529.776081095,-65.8574270496933,-2.4981700018400335,power,water,sigma0,37.31557846069336,NISAR_S2_PR_GCOV_026_097_D_090_1000_DVNA_A_20260726T224133_20260726T224205_P00500_M_P_I_001_gcov.tif,Band 1: VHVH,64,0.009820631063959829,0.003283027724237126,0.3342990590783235,8.948076565657432,-20.07860603986,1.4077900453478447,-23.734829472744522,-22.382506709353372,-20.286900372765132,-17.866790776678737,-16.77062664867108,0
29,ROI 29,rect,64,94953.74169921875,182207.93019528635,9723529.776081095,-65.8574270496933,-2.4981700018400335,power,water,sigma0,37.31557846069336,NISAR_S2_PR_GCOV_026_097_D_090_1000_DVNA_A_20260726T224133_20260726T224205_P00500_M_P_I_001_gcov.tif,Band 2: VVVV,64,0.030808521906798017,0.01111577528293757,0.3608019663054602,7.681786074609309,-15.113291372273604,1.5270093858024603,-18.611205194083002,-17.779387915380237,-15.444065670973275,-12.850250189222919,-12.153263489818604,0
30,ROI 30,rect,81,134845.380859375,184127.9128705787,9723067.564724172,-65.84018682032976,-2.5023841522391175,power,water,gamma0,37.431026458740234,NISAR_S2_PR_GCOV_026_097_D_090_1000_DVNA_A_20260726T224133_20260726T224205_P00500_M_P_I_001_gcov.tif,Band 1: VHVH,81,0.01406146356560014,0.004347283898411432,0.30916297426155515,10.462248869983615,-18.519694740968337,1.3069541500747361,-21.51673033375475,-20.938600149778917,-18.68291558264459,-16.657162973410426,-15.191745407034682,0
30,ROI 30,rect,81,134845.380859375,184127.9128705787,9723067.564724172,-65.84018682032976,-2.5023841522391175,power,water,gamma0,37.431026458740234,NISAR_S2_PR_GCOV_026_097_D_090_1000_DVNA_A_20260726T224133_20260726T224205_P00500_M_P_I_001_gcov.tif,Band 2: VVVV,81,0.03399367294745681,0.011761312512361571,0.3459853405820767,8.353810200017547,-14.68601908243247,1.4672503759590687,-18.06771793759989,-17.386187165651414,-14.936228607694865,-12.711581334777577,-10.930446631220788,0
30,ROI 30,rect,81,134845.380859375,184127.9128705787,9723067.564724172,-65.84018682032976,-2.5023841522391175,power,water,sigma0,37.431026458740234,NISAR_S2_PR_GCOV_026_097_D_090_1000_DVNA_A_20260726T224133_20260726T224205_P00500_M_P_I_001_gcov.tif,Band 1: VHVH,81,0.011208561348718945,0.0034653627538452554,0.3091710564836513,10.461701877553528,-19.504501267813307,1.3070007837045632,-22.501971459930907,-21.922851136322613,-19.66784947833834,-17.641519165778675,-16.1762370069466,0
30,ROI 30,rect,81,134845.380859375,184127.9128705787,9723067.564724172,-65.84018682032976,-2.5023841522391175,power,water,sigma0,37.431026458740234,NISAR_S2_PR_GCOV_026_097_D_090_1000_DVNA_A_20260726T224133_20260726T224205_P00500_M_P_I_001_gcov.tif,Band 2: VVVV,81,0.027096661862895405,0.009375037485941012,0.3459849605599812,8.353828551301927,-15.670842081595334,1.4672361356648291,-19.052823957630764,-18.37043815219511,-15.921403479370744,-13.696774393862686,-11.915014866529445,0
31,ROI 31,rect,90,143835.03784179688,185964.9330326609,9721858.679464191,-65.82370608808564,-2.513343589461941,power,water,gamma0,37.55033493041992,NISAR_S2_PR_GCOV_026_097_D_090_1000_DVNA_A_20260726T224133_20260726T224205_P00500_M_P_I_001_gcov.tif,Band 1: VHVH,90,0.014128001122218039,0.00459486563402844,0.3252311204026196,9.454004604222604,-18.499192792695446,1.4242180143577317,-22.129525619248174,-21.372316382292503,-18.64412653214457,-16.3890933017102,-15.144523950160806,0
31,ROI 31,rect,90,143835.03784179688,185964.9330326609,9721858.679464191,-65.82370608808564,-2.513343589461941,power,water,gamma0,37.55033493041992,NISAR_S2_PR_GCOV_026_097_D_090_1000_DVNA_A_20260726T224133_20260726T224205_P00500_M_P_I_001_gcov.tif,Band 2: VVVV,90,0.03407207578420639,0.011418111685797065,0.3351164090533563,8.904481021666406,-14.67601406961484,1.4467280909675053,-18.027321726158362,-17.22321821646212,-14.769356693349652,-12.64424032365827,-11.886937627631525,0
31,ROI 31,rect,90,143835.03784179688,185964.9330326609,9721858.679464191,-65.82370608808564,-2.513343589461941,power,water,sigma0,37.55033493041992,NISAR_S2_PR_GCOV_026_097_D_090_1000_DVNA_A_20260726T224133_20260726T224205_P00500_M_P_I_001_gcov.tif,Band 1: VHVH,90,0.01124344315559039,0.0036567556458573175,0.32523450292352213,9.453807957178043,-19.491006714639955,1.424233858143396,-23.12117059376824,-22.364600769506723,-19.63616194001371,-17.381228221999933,-16.135918482708277,0
31,ROI 31,rect,90,143835.03784179688,185964.9330326609,9721858.679464191,-65.82370608808564,-2.513343589461941,power,water,sigma0,37.55033493041992,NISAR_S2_PR_GCOV_026_097_D_090_1000_DVNA_A_20260726T224133_20260726T224205_P00500_M_P_I_001_gcov.tif,Band 2: VVVV,90,0.027115527545073674,0.00908691980674606,0.3351186803074743,8.904360322512092,-15.667819417472161,1.44678063579425,-19.019054846678806,-18.214997733127984,-15.760916281065242,-13.635979215689499,-12.879199011117686,0
32,ROI 32,rect,99,170804.296875,187458.25290146115,9719855.738572638,-65.81032838312953,-2.5314716489270226,power,water,gamma0,37.658538818359375,NISAR_S2_PR_GCOV_026_097_D_090_1000_DVNA_A_20260726T224133_20260726T224205_P00500_M_P_I_001_gcov.tif,Band 1: VHVH,99,0.014200602596945534,0.00498971545776919,0.35137350149087676,8.099570446128206,-18.476932261116257,1.4338099812642773,-22.736590608056026,-20.9974786497597,-18.769726825954002,-16.59573448405765,-14.442421837416866,0
32,ROI 32,rect,99,170804.296875,187458.25290146115,9719855.738572638,-65.81032838312953,-2.5314716489270226,power,water,gamma0,37.658538818359375,NISAR_S2_PR_GCOV_026_097_D_090_1000_DVNA_A_20260726T224133_20260726T224205_P00500_M_P_I_001_gcov.tif,Band 2: VVVV,99,0.031661758923696146,0.010529177194060265,0.33255187178435835,9.042347784633217,-14.994649621951886,1.5005206349441413,-19.293465881424613,-18.05525239546084,-15.149459804008497,-12.96116718198768,-12.047694033082383,0
32,ROI 32,rect,99,170804.296875,187458.25290146115,9719855.738572638,-65.81032838312953,-2.5314716489270226,power,water,sigma0,37.658538818359375,NISAR_S2_PR_GCOV_026_097_D_090_1000_DVNA_A_20260726T224133_20260726T224205_P00500_M_P_I_001_gcov.tif,Band 1: VHVH,99,0.011284337539290376,0.003965244685815187,0.35139366152499407,8.098641101348445,-19.47523931621707,1.433875752503895,-23.734967798145796,-21.996115694241404,-19.76844314886316,-17.593819008169024,-15.440066121962964,0
32,ROI 32,rect,99,170804.296875,187458.25290146115,9719855.738572638,-65.81032838312953,-2.5314716489270226,power,water,sigma0,37.658538818359375,NISAR_S2_PR_GCOV_026_097_D_090_1000_DVNA_A_20260726T224133_20260726T224205_P00500_M_P_I_001_gcov.tif,Band 2: VVVV,99,0.025159424807446817,0.008366774159324372,0.3325502956986493,9.04243349527053,-15.992992919154549,1.5004610239634533,-20.29124566274281,-19.053375396892495,-16.14791420068283,-13.959270274304256,-13.045647751549609,0
33,ROI 33,rect,90,143273.3876953125,188569.18688030425,9717506.91922031,-65.80039285489727,-2.552717914951595,power,water,gamma0,37.75040817260742,NISAR_S2_PR_GCOV_026_097_D_090_1000_DVNA_A_20260726T224133_20260726T224205_P00500_M_P_I_001_gcov.tif,Band 1: VHVH,90,0.014069950502986709,0.0048962878301351456,0.3479960948757981,8.257550895266215,-18.51707430377447,1.5146671639265687,-22.345822695163704,-21.714028001951213,-18.727130613441517,-16.18361361447454,-15.208064121328238,0
33,ROI 33,rect,90,143273.3876953125,188569.18688030425,9717506.91922031,-65.80039285489727,-2.552717914951595,power,water,gamma0,37.75040817260742,NISAR_S2_PR_GCOV_026_097_D_090_1000_DVNA_A_20260726T224133_20260726T224205_P00500_M_P_I_001_gcov.tif,Band 2: VVVV,90,0.022269402056311567,0.008026343897056216,0.3604202697836424,7.69806520134752,-16.522914438160136,1.6288023405202974,-22.086384338131758,-19.58699733316075,-16.549390077030147,-14.209455935791045,-13.639620995993374,0
33,ROI 33,rect,90,143273.3876953125,188569.18688030425,9717506.91922031,-65.80039285489727,-2.552717914951595,power,water,sigma0,37.75040817260742,NISAR_S2_PR_GCOV_026_097_D_090_1000_DVNA_A_20260726T224133_20260726T224205_P00500_M_P_I_001_gcov.tif,Band 1: VHVH,90,0.011166456208699499,0.0038857058272201046,0.34798021454585126,8.25830459113428,-19.52084632900292,1.5146480295678657,-23.349767489420312,-22.718140212079714,-19.731113823005916,-17.187350375831322,-16.21227932819855,0
33,ROI 33,rect,90,143273.3876953125,188569.18688030425,9717506.91922031,-65.80039285489727,-2.552717914951595,power,water,sigma0,37.75040817260742,NISAR_S2_PR_GCOV_026_097_D_090_1000_DVNA_A_20260726T224133_20260726T224205_P00500_M_P_I_001_gcov.tif,Band 2: VVVV,90,0.01767386963405173,0.0063699934457245155,0.36041871857262286,7.69813146510493,-17.526683527724845,1.628771727259371,-23.090000028051243,-20.590486727029248,-17.55336294960702,-15.21311294402049,-14.64274421758152,0
34,ROI 34,rect,80,116865.9541015625,189911.56383894698,9715553.549347635,-65.78837000852498,-2.570395617024544,power,water,gamma0,37.8486213684082,NISAR_S2_PR_GCOV_026_097_D_090_1000_DVNA_A_20260726T224133_20260726T224205_P00500_M_P_I_001_gcov.tif,Band 1: VHVH,80,0.012307405972387641,0.003483290118574852,0.28302390661279964,12.483999926067202,-19.098334735181712,1.2471307978336565,-22.923069782877207,-21.283611800269995,-19.2295009258728,-17.186386024320107,-16.79918087587844,0
34,ROI 34,rect,80,116865.9541015625,189911.56383894698,9715553.549347635,-65.78837000852498,-2.570395617024544,power,water,gamma0,37.8486213684082,NISAR_S2_PR_GCOV_026_097_D_090_1000_DVNA_A_20260726T224133_20260726T224205_P00500_M_P_I_001_gcov.tif,Band 2: VVVV,80,0.0187109884689562,0.005540841901068343,0.29612769577947584,11.403599213479028,-17.279032688723163,1.3027331212924163,-21.029412465028084,-19.334050268857503,-17.537996856806558,-15.41440871710709,-14.958831284997824,0
34,ROI 34,rect,80,116865.9541015625,189911.56383894698,9715553.549347635,-65.78837000852498,-2.570395617024544,power,water,sigma0,37.8486213684082,NISAR_S2_PR_GCOV_026_097_D_090_1000_DVNA_A_20260726T224133_20260726T224205_P00500_M_P_I_001_gcov.tif,Band 1: VHVH,80,0.009754132559486137,0.002760625077290797,0.283021074447673,12.484249779730618,-20.10811346605621,1.2471339758654123,-23.93320076657336,-22.293008134106604,-20.23937548807243,-18.195703451532765,-17.80930238684724,0
34,ROI 34,rect,80,116865.9541015625,189911.56383894698,9715553.549347635,-65.78837000852498,-2.570395617024544,power,water,sigma0,37.8486213684082,NISAR_S2_PR_GCOV_026_097_D_090_1000_DVNA_A_20260726T224133_20260726T224205_P00500_M_P_I_001_gcov.tif,Band 2: VVVV,80,0.01482923006301488,0.004391374147674422,0.29612961219253126,11.40345161638102,-18.28881397054182,1.3027089504603384,-22.03864297870954,-20.343613317359083,-18.547812666127438,-16.42375738220533,-15.968468734439256,0
35,ROI 35,rect,143,234855.6669921875,191495.00915880696,9713594.793957235,-65.7741810196765,-2.5881269981450767,power,water,gamma0,37.962432861328125,NISAR_S2_PR_GCOV_026_097_D_090_1000_DVNA_A_20260726T224133_20260726T224205_P00500_M_P_I_001_gcov.tif,Band 1: VHVH,143,0.011525692721060314,0.003496299380063936,0.30334830753168746,10.867179672732675,-19.383329630408678,1.3494532262636012,-23.11893389219386,-21.846927531679015,-19.456844878845104,-17.375410636386263,-16.864917968491607,0
35,ROI 35,rect,143,234855.6669921875,191495.00915880696,9713594.793957235,-65.7741810196765,-2.5881269981450767,power,water,gamma0,37.962432861328125,NISAR_S2_PR_GCOV_026_097_D_090_1000_DVNA_A_20260726T224133_20260726T224205_P00500_M_P_I_001_gcov.tif,Band 2: VVVV,143,0.019815083228416377,0.007043273002378357,0.35545008422057767,7.9148512468794285,-17.03004099178085,1.4797673051202402,-20.737360577206093,-19.684481672542294,-17.412265636433983,-14.781827771395424,-13.312604217666024,0
35,ROI 35,rect,143,234855.6669921875,191495.00915880696,9713594.793957235,-65.7741810196765,-2.5881269981450767,power,water,sigma0,37.962432861328125,NISAR_S2_PR_GCOV_026_097_D_090_1000_DVNA_A_20260726T224133_20260726T224205_P00500_M_P_I_001_gcov.tif,Band 1: VHVH,143,0.0091203174337363,0.002766626014454713,0.3033475572046307,10.867233432513032,-20.399900457372738,1.3494748267346817,-24.13633327808973,-22.863029031931497,-20.47311853863134,-18.39262987665696,-17.88220054796309,0
35,ROI 35,rect,143,234855.6669921875,191495.00915880696,9713594.793957235,-65.7741810196765,-2.5881269981450767,power,water,sigma0,37.962432861328125,NISAR_S2_PR_GCOV_026_097_D_090_1000_DVNA_A_20260726T224133_20260726T224205_P00500_M_P_I_001_gcov.tif,Band 2: VVVV,143,0.01567970092214255,0.005573249218079119,0.35544359205274706,7.915140378618286,-18.046622253953238,1.4797524041259889,-21.754206060230416,-20.70052347020429,-18.428792158423807,-15.798278923793587,-14.329344032029747,0
36,ROI 36,rect,66,111247.42797851562,192921.90698893258,9710386.193946779,-65.76142306380036,-2.6171498233249437,power,water,gamma0,38.08173751831055,NISAR_S2_PR_GCOV_026_097_D_090_1000_DVNA_A_20260726T224133_20260726T224205_P00500_M_P_I_001_gcov.tif,Band 1: VHVH,66,0.01104335525341219,0.0034241879486823033,0.31006771674978884,10.40128263112587,-19.56898956800892,1.3984547253668038,-24.48134614545654,-21.83305689366349,-19.523163527898536,-17.883981212533325,-16.81794228828646,0
36,ROI 36,rect,66,111247.42797851562,192921.90698893258,9710386.193946779,-65.76142306380036,-2.6171498233249437,power,water,gamma0,38.08173751831055,NISAR_S2_PR_GCOV_026_097_D_090_1000_DVNA_A_20260726T224133_20260726T224205_P00500_M_P_I_001_gcov.tif,Band 2: VVVV,66,0.018014171965081583,0.005106386504929206,0.28346495830212753,12.445181683808014,-17.4438569575405,1.2512110035211381,-20.538191760922867,-19.4565101022957,-17.64503167971078,-15.718024331591815,-15.390468047922049,0
36,ROI 36,rect,66,111247.42797851562,192921.90698893258,9710386.193946779,-65.76142306380036,-2.6171498233249437,power,water,sigma0,38.08173751831055,NISAR_S2_PR_GCOV_026_097_D_090_1000_DVNA_A_20260726T224133_20260726T224205_P00500_M_P_I_001_gcov.tif,Band 1: VHVH,66,0.008724286644390606,0.0027052633442260147,0.31008418848381136,10.400177624054312,-20.592700737178212,1.398508168545088,-25.505192422205518,-22.856751013030383,-20.546894973729554,-18.907294587849076,-17.841875728611114,0
36,ROI 36,rect,66,111247.42797851562,192921.90698893258,9710386.193946779,-65.76142306380036,-2.6171498233249437,power,water,sigma0,38.08173751831055,NISAR_S2_PR_GCOV_026_097_D_090_1000_DVNA_A_20260726T224133_20260726T224205_P00500_M_P_I_001_gcov.tif,Band 2: VVVV,66,0.014231161313489794,0.004033895047591899,0.28345508555005616,12.446048631266454,-18.467596584918677,1.2511808077626054,-21.56218418511073,-20.4800442502323,-18.668654061686393,-16.741843466079157,-16.4142071748529,0
37,ROI 37,rect,88,149453.57299804688,195339.6628460991,9708632.138813406,-65.73973253909871,-2.633048646612533,power,water,gamma0,38.23747253417969,NISAR_S2_PR_GCOV_026_097_D_090_1000_DVNA_A_20260726T224133_20260726T224205_P00500_M_P_I_001_gcov.tif,Band 1: VHVH,88,0.01067168123236942,0.003170435274067427,0.29708864095854365,11.329947718566768,-19.717671557935837,1.2988779551203657,-23.189640581509806,-21.999855864317055,-19.939695678327453,-17.948438107153258,-16.71137218612299,0
37,ROI 37,rect,88,149453.57299804688,195339.6628460991,9708632.138813406,-65.73973253909871,-2.633048646612533,power,water,gamma0,38.23747253417969,NISAR_S2_PR_GCOV_026_097_D_090_1000_DVNA_A_20260726T224133_20260726T224205_P00500_M_P_I_001_gcov.tif,Band 2: VVVV,88,0.046216039251620794,0.01796586322576733,0.3887365407483998,6.617428668996051,-13.352072766170014,1.7443866823630159,-18.089409537670548,-17.03176226167022,-13.592054833514556,-11.211580259296912,-9.826204715910729,0
37,ROI 37,rect,88,149453.57299804688,195339.6628460991,9708632.138813406,-65.73973253909871,-2.633048646612533,power,water,sigma0,38.23747253417969,NISAR_S2_PR_GCOV_026_097_D_090_1000_DVNA_A_20260726T224133_20260726T224205_P00500_M_P_I_001_gcov.tif,Band 1: VHVH,88,0.008412215720912103,0.0024992910246928487,0.2971025836248836,11.328884341923596,-20.750895988957843,1.2989196421873714,-24.22327320589355,-23.033284256967374,-20.972745415899645,-18.982145275505623,-17.744110618859402,0
37,ROI 37,rect,88,149453.57299804688,195339.6628460991,9708632.138813406,-65.73973253909871,-2.633048646612533,power,water,sigma0,38.23747253417969,NISAR_S2_PR_GCOV_026_097_D_090_1000_DVNA_A_20260726T224133_20260726T224205_P00500_M_P_I_001_gcov.tif,Band 2: VVVV,88,0.036430755831619754,0.01416194148500344,0.38873586786008174,6.61745157809536,-14.385318183244708,1.7443651559636366,-19.122711785560654,-18.065248038042473,-14.625540695613815,-12.24496903464227,-10.858990759793839,0
38,ROI 38,rect,108,179793.796875,197864.08438486347,9706949.193150984,-65.71708136712023,-2.648307171573149,power,water,gamma0,38.39846420288086,NISAR_S2_PR_GCOV_026_097_D_090_1000_DVNA_A_20260726T224133_20260726T224205_P00500_M_P_I_001_gcov.tif,Band 1: VHVH,108,0.010582531828226315,0.003243191768277784,0.306466526245389,10.647163141105853,-19.75410416659549,1.3835581671847612,-23.548088388646555,-22.1229295273671,-19.828654570198925,-17.97531720936128,-16.96357378953643,0
38,ROI 38,rect,108,179793.796875,197864.08438486347,9706949.193150984,-65.71708136712023,-2.648307171573149,power,water,gamma0,38.39846420288086,NISAR_S2_PR_GCOV_026_097_D_090_1000_DVNA_A_20260726T224133_20260726T224205_P00500_M_P_I_001_gcov.tif,Band 2: VVVV,108,0.034591764125421094,0.012874324469145035,0.3721788927117435,7.219323798711123,-14.610272890871357,1.692478734619271,-19.50222850508276,-17.718148985688295,-14.835176339914714,-12.396470026358994,-11.374191201736593,0
38,ROI 38,rect,108,179793.796875,197864.08438486347,9706949.193150984,-65.71708136712023,-2.648307171573149,power,water,sigma0,38.39846420288086,NISAR_S2_PR_GCOV_026_097_D_090_1000_DVNA_A_20260726T224133_20260726T224205_P00500_M_P_I_001_gcov.tif,Band 1: VHVH,108,0.008323038897247594,0.0025506682720007738,0.3064587710678936,10.647702017408536,-20.79718075711817,1.383504531884749,-24.591243760486808,-23.165734464206874,-20.87151459110174,-19.018712714275804,-18.006620875844263,0
38,ROI 38,rect,108,179793.796875,197864.08438486347,9706949.193150984,-65.71708136712023,-2.648307171573149,power,water,sigma0,38.39846420288086,NISAR_S2_PR_GCOV_026_097_D_090_1000_DVNA_A_20260726T224133_20260726T224205_P00500_M_P_I_001_gcov.tif,Band 2: VVVV,108,0.027206172890846897,0.010125632075830313,0.3721814206082961,7.219225730184561,-15.653325463968368,1.692512950988961,-20.545021838607397,-18.761069642415777,-15.878139295334531,-13.439762652899303,-12.417083269990616,0
39,ROI 39,rect,72,117989.31982421875,201147.01735136882,9705882.527250027,-65.68760103711293,-2.6580114422740277,power,water,gamma0,38.59364700317383,NISAR_S2_PR_GCOV_026_097_D_090_1000_DVNA_A_20260726T224133_20260726T224205_P00500_M_P_I_001_gcov.tif,Band 1: VHVH,72,0.012147299014031887,0.003823086305895799,0.3147272740614668,10.095579185394543,-19.15520277926121,1.290977122098422,-22.48550635879169,-21.120922021856124,-19.337285250193904,-16.95518171026206,-15.778921614910008,0
39,ROI 39,rect,72,117989.31982421875,201147.01735136882,9705882.527250027,-65.68760103711293,-2.6580114422740277,power,water,gamma0,38.59364700317383,NISAR_S2_PR_GCOV_026_097_D_090_1000_DVNA_A_20260726T224133_20260726T224205_P00500_M_P_I_001_gcov.tif,Band 2: VVVV,72,0.036196130172659956,0.013499875379596928,0.3729646046469851,7.188938427168279,-14.41337858596604,1.5752534218501453,-18.017449259568583,-16.98080456457198,-14.607626711699957,-12.045079885672706,-10.844035488501444,0
39,ROI 39,rect,72,117989.31982421875,201147.01735136882,9705882.527250027,-65.68760103711293,-2.6580114422740277,power,water,sigma0,38.59364700317383,NISAR_S2_PR_GCOV_026_097_D_090_1000_DVNA_A_20260726T224133_20260726T224205_P00500_M_P_I_001_gcov.tif,Band 1: VHVH,72,0.009527290907028203,0.002998214191313199,0.31469745393220244,10.097492551620272,-20.21030573799072,1.2908968022679927,-23.540929282024848,-22.17552668575681,-20.391880392997315,-18.010655509859014,-16.83444124987573,0
39,ROI 39,rect,72,117989.31982421875,201147.01735136882,9705882.527250027,-65.68760103711293,-2.6580114422740277,power,water,sigma0,38.59364700317383,NISAR_S2_PR_GCOV_026_097_D_090_1000_DVNA_A_20260726T224133_20260726T224205_P00500_M_P_I_001_gcov.tif,Band 2: VVVV,72,0.028389423870418366,0.010588734084874528,0.372981647433428,7.188281468607214,-15.468434208745304,1.5753019639429753,-19.072860630349695,-18.035889394432022,-15.662763075151837,-13.100205866805371,-11.89854850269931,0
40,ROI 40,rect,63,86525.77734375,203706.99416709528,9705337.34993743,-65.66460642800635,-2.6629885050690083,power,water,gamma0,38.74246597290039,NISAR_S2_PR_GCOV_026_097_D_090_1000_DVNA_A_20260726T224133_20260726T224205_P00500_M_P_I_001_gcov.tif,Band 1: VHVH,63,0.012312287316908912,0.00356289963674408,0.28937755796609943,11.941814076321254,-19.09661258454992,1.1898136030165114,-21.940638607468554,-21.205585849806706,-19.19916274965211,-17.697905614851834,-15.597383786931553,0
40,ROI 40,rect,63,86525.77734375,203706.99416709528,9705337.34993743,-65.66460642800635,-2.6629885050690083,power,water,gamma0,38.74246597290039,NISAR_S2_PR_GCOV_026_097_D_090_1000_DVNA_A_20260726T224133_20260726T224205_P00500_M_P_I_001_gcov.tif,Band 2: VVVV,63,0.040991203711619455,0.01584600475476457,0.38657085715862566,6.691781923336784,-13.873093283866327,1.7449005672594784,-17.852067112961976,-17.281371174144436,-13.86167477710379,-11.746869692630352,-10.810591336663386,0
40,ROI 40,rect,63,86525.77734375,203706.99416709528,9705337.34993743,-65.66460642800635,-2.6629885050690083,power,water,sigma0,38.74246597290039,NISAR_S2_PR_GCOV_026_097_D_090_1000_DVNA_A_20260726T224133_20260726T224205_P00500_M_P_I_001_gcov.tif,Band 1: VHVH,63,0.00963636172294472,0.002788512959048896,0.2893740437751822,11.942104123547557,-20.16086906127992,1.189796549707809,-23.00458703241994,-22.26952050042748,-20.263434960657367,-18.76214986225705,-16.66174364591304,0
40,ROI 40,rect,63,86525.77734375,203706.99416709528,9705337.34993743,-65.66460642800635,-2.6629885050690083,power,water,sigma0,38.74246597290039,NISAR_S2_PR_GCOV_026_097_D_090_1000_DVNA_A_20260726T224133_20260726T224205_P00500_M_P_I_001_gcov.tif,Band 2: VVVV,63,0.032082397882530325,0.012402259132106857,0.3865751923381076,6.691631836556243,-14.937331794080471,1.7449430985983447,-18.91647592328115,-18.345214898922965,-14.925770705271992,-12.811404963845924,-11.875118227817822,0
41,ROI 41,rect,36,61804.12646484375,206314.37809926397,9705289.95386527,-65.64117558592915,-2.663467573107843,power,water,gamma0,38.88692092895508,NISAR_S2_PR_GCOV_026_097_D_090_1000_DVNA_A_20260726T224133_20260726T224205_P00500_M_P_I_001_gcov.tif,Band 1: VHVH,36,0.0124403663406459,0.0046649674374033626,0.3749863396033367,7.1116292226133435,-19.051668304668702,1.918133191257115,-26.644081314982127,-22.068423434601158,-19.1484165010963,-16.77404776175949,-16.38096800010144,0
41,ROI 41,rect,36,61804.12646484375,206314.37809926397,9705289.95386527,-65.64117558592915,-2.663467573107843,power,water,gamma0,38.88692092895508,NISAR_S2_PR_GCOV_026_097_D_090_1000_DVNA_A_20260726T224133_20260726T224205_P00500_M_P_I_001_gcov.tif,Band 2: VVVV,36,0.038205607794225216,0.015669635411896272,0.41013967102140275,5.944788970470655,-14.17872886948417,1.732148584808656,-17.611366947479233,-17.20906164995087,-14.291789343219111,-11.617628014859774,-10.637052760923213,0
41,ROI 41,rect,36,61804.12646484375,206314.37809926397,9705289.95386527,-65.64117558592915,-2.663467573107843,power,water,sigma0,38.88692092895508,NISAR_S2_PR_GCOV_026_097_D_090_1000_DVNA_A_20260726T224133_20260726T224205_P00500_M_P_I_001_gcov.tif,Band 1: VHVH,36,0.009716346868693868,0.0036434538463941245,0.3749818625900807,7.1117990390847226,-20.12496989495693,1.9181186393452647,-27.717245407231697,-23.1419434668255,-20.221653627153508,-17.847523298170778,-17.454514901183053,0
41,ROI 41,rect,36,61804.12646484375,206314.37809926397,9705289.95386527,-65.64117558592915,-2.663467573107843,power,water,sigma0,38.88692092895508,NISAR_S2_PR_GCOV_026_097_D_090_1000_DVNA_A_20260726T224133_20260726T224205_P00500_M_P_I_001_gcov.tif,Band 2: VVVV,36,0.0298398197917321,0.01223819517717569,0.4101296610566864,5.945079160913732,-15.252038039772732,1.732121161772874,-18.684364669266586,-18.282425880350587,-15.36475340239679,-12.69115795341744,-11.710343789505,0
42,ROI 42,rect,35,65736.96630859375,209182.50001880102,9705586.239411324,-65.61539448571476,-2.660845148317515,power,water,gamma0,39.042633056640625,NISAR_S2_PR_GCOV_026_097_D_090_1000_DVNA_A_20260726T224133_20260726T224205_P00500_M_P_I_001_gcov.tif,Band 1: VHVH,35,0.013047750919525113,0.004332001955648988,0.332011392796166,9.071811694642957,-18.84464342534021,1.4293721644185724,-22.514475421835662,-21.243841997166907,-19.24251453066341,-16.764641383669446,-16.125415936197765,0
42,ROI 42,rect,35,65736.96630859375,209182.50001880102,9705586.239411324,-65.61539448571476,-2.660845148317515,power,water,gamma0,39.042633056640625,NISAR_S2_PR_GCOV_026_097_D_090_1000_DVNA_A_20260726T224133_20260726T224205_P00500_M_P_I_001_gcov.tif,Band 2: VVVV,35,0.032906850427389146,0.01122039817217814,0.3409745395396193,8.601141587527009,-14.827136828062779,1.3959313507949522,-17.67983551211845,-17.157151326986423,-15.153236463648526,-13.157739552812957,-11.34201996742477,0
42,ROI 42,rect,35,65736.96630859375,209182.50001880102,9705586.239411324,-65.61539448571476,-2.660845148317515,power,water,sigma0,39.042633056640625,NISAR_S2_PR_GCOV_026_097_D_090_1000_DVNA_A_20260726T224133_20260726T224205_P00500_M_P_I_001_gcov.tif,Band 1: VHVH,35,0.010168164438641037,0.003376047621413126,0.332021343850762,9.071267917911,-19.92757439025945,1.4293762833006138,-23.597339781364358,-22.326774015496092,-20.325545971240004,-17.84731232227719,-17.20831085480162,0
42,ROI 42,rect,35,65736.96630859375,209182.50001880102,9705586.239411324,-65.61539448571476,-2.660845148317515,power,water,sigma0,39.042633056640625,NISAR_S2_PR_GCOV_026_097_D_090_1000_DVNA_A_20260726T224133_20260726T224205_P00500_M_P_I_001_gcov.tif,Band 2: VVVV,35,0.02564430320458856,0.008743571382959045,0.3409557012800624,8.602092062989394,-15.910090968912055,1.3958837883291886,-18.76245341392307,-18.240011463835643,-16.23646455655615,-14.240333751143384,-12.425386918186462,0
43,ROI 43,rect,130,188783.51098632812,211908.40102964386,9705835.119491432,-65.59089201690382,-2.6586478169986876,power,water,gamma0,39.18949890136719,NISAR_S2_PR_GCOV_026_097_D_090_1000_DVNA_A_20260726T224133_20260726T224205_P00500_M_P_I_001_gcov.tif,Band 1: VHVH,130,0.012057438489192954,0.003899872918880993,0.3234412452011625,9.558928197815607,-19.18744944945969,1.4233945843525426,-23.99912806783034,-21.723098308887284,-19.255101461904797,-17.285028148675302,-15.914319815213137,0
43,ROI 43,rect,130,188783.51098632812,211908.40102964386,9705835.119491432,-65.59089201690382,-2.6586478169986876,power,water,gamma0,39.18949890136719,NISAR_S2_PR_GCOV_026_097_D_090_1000_DVNA_A_20260726T224133_20260726T224205_P00500_M_P_I_001_gcov.tif,Band 2: VVVV,130,0.030169180830797324,0.00931913835042318,0.3088959691245581,10.480343515373589,-15.204364818533286,1.3656971300820149,-19.461063203802187,-17.637329915564745,-15.337020793904317,-13.343870270394419,-12.210979874923611,0
43,ROI 43,rect,130,188783.51098632812,211908.40102964386,9705835.119491432,-65.59089201690382,-2.6586478169986876,power,water,sigma0,39.18949890136719,NISAR_S2_PR_GCOV_026_097_D_090_1000_DVNA_A_20260726T224133_20260726T224205_P00500_M_P_I_001_gcov.tif,Band 1: VHVH,130,0.009376527367144878,0.003032582366962281,0.323422760710791,9.56002086652611,-20.279579744701763,1.423350527691755,-25.090339720658804,-22.815036619062713,-20.346781082587057,-18.377446297208063,-17.007367257550612,0
43,ROI 43,rect,130,188783.51098632812,211908.40102964386,9705835.119491432,-65.59089201690382,-2.6586478169986876,power,water,sigma0,39.18949890136719,NISAR_S2_PR_GCOV_026_097_D_090_1000_DVNA_A_20260726T224133_20260726T224205_P00500_M_P_I_001_gcov.tif,Band 2: VVVV,130,0.0234613959506343,0.007247491761896387,0.30891136133357167,10.479299127635516,-16.29646150974918,1.3657515360335963,-20.554021085546438,-18.729205611359795,-16.429409886082247,-14.435703711476712,-13.302390214932212,0
44,ROI 44,rect,100,161814.42700195312,214124.67724446754,9706759.558489233,-65.57095666742572,-2.6503346647770676,power,water,gamma0,39.30171203613281,NISAR_S2_PR_GCOV_026_097_D_090_1000_DVNA_A_20260726T224133_20260726T224205_P00500_M_P_I_001_gcov.tif,Band 1: VHVH,100,0.013373614978045225,0.005124979930976124,0.3832157527631489,6.80946972848395,-18.737511841507253,1.6072039546586163,-23.241496233637925,-21.314023368198963,-19.203211349527518,-16.38556776934007,-15.066915802188259,0
44,ROI 44,rect,100,161814.42700195312,214124.67724446754,9706759.558489233,-65.57095666742572,-2.6503346647770676,power,water,gamma0,39.30171203613281,NISAR_S2_PR_GCOV_026_097_D_090_1000_DVNA_A_20260726T224133_20260726T224205_P00500_M_P_I_001_gcov.tif,Band 2: VVVV,100,0.030915258936583995,0.010519867107074182,0.3402807373748163,8.636251269554185,-15.09827111634501,1.4063615579800535,-19.753411679365914,-17.43137676018379,-15.374493198054356,-13.224315365390922,-11.211293564551497,0
44,ROI 44,rect,100,161814.42700195312,214124.67724446754,9706759.558489233,-65.57095666742572,-2.6503346647770676,power,water,sigma0,39.30171203613281,NISAR_S2_PR_GCOV_026_097_D_090_1000_DVNA_A_20260726T224133_20260726T224205_P00500_M_P_I_001_gcov.tif,Band 1: VHVH,100,0.010383365181300125,0.003979160445813773,0.3832245496845304,6.8091571092513306,-19.836618716498325,1.607187579205221,-24.34025272844486,-22.413408408756794,-20.302349858075427,-17.48458805728713,-16.165831322358024,0
44,ROI 44,rect,100,161814.42700195312,214124.67724446754,9706759.558489233,-65.57095666742572,-2.6503346647770676,power,water,sigma0,39.30171203613281,NISAR_S2_PR_GCOV_026_097_D_090_1000_DVNA_A_20260726T224133_20260726T224205_P00500_M_P_I_001_gcov.tif,Band 2: VVVV,100,0.0240027034190115,0.008167393825590709,0.34026974724529035,8.636809150785835,-16.197398410451314,1.4062983311584256,-20.852573250250845,-18.53012550687792,-16.473271046394043,-14.323242676795374,-12.310504480618425,0
45,ROI 45,rect,90,152824.73217773438,216246.13959859996,9708181.772183241,-65.55186426013934,-2.6375202351993376,power,water,gamma0,39.40106201171875,NISAR_S2_PR_GCOV_026_097_D_090_1000_DVNA_A_20260726T224133_20260726T224205_P00500_M_P_I_001_gcov.tif,Band 1: VHVH,90,0.013241159838313858,0.004682316942141321,0.3536183385229471,7.997061601926773,-18.78073971896465,1.5765185174587704,-23.165498631331666,-22.206947230873155,-18.760343096795737,-17.262978250747754,-14.589596778408263,0
45,ROI 45,rect,90,152824.73217773438,216246.13959859996,9708181.772183241,-65.55186426013934,-2.6375202351993376,power,water,gamma0,39.40106201171875,NISAR_S2_PR_GCOV_026_097_D_090_1000_DVNA_A_20260726T224133_20260726T224205_P00500_M_P_I_001_gcov.tif,Band 2: VVVV,90,0.03645906572540601,0.011784651918599702,0.32322967372111583,9.571445974712196,-14.381944644659972,1.4416825494924246,-18.409339456537374,-17.106843100128643,-14.657567461946472,-12.375743032989368,-11.533536894785762,0
45,ROI 45,rect,90,152824.73217773438,216246.13959859996,9708181.772183241,-65.55186426013934,-2.6375202351993376,power,water,sigma0,39.40106201171875,NISAR_S2_PR_GCOV_026_097_D_090_1000_DVNA_A_20260726T224133_20260726T224205_P00500_M_P_I_001_gcov.tif,Band 1: VHVH,90,0.01026569340600203,0.003630286321027388,0.3536328407104846,7.996405709737288,-19.886117104697462,1.576557339699034,-24.270908825847094,-23.312432482825102,-19.865160235768677,-18.3684572602298,-15.694521187881112,0
45,ROI 45,rect,90,152824.73217773438,216246.13959859996,9708181.772183241,-65.55186426013934,-2.6375202351993376,power,water,sigma0,39.40106201171875,NISAR_S2_PR_GCOV_026_097_D_090_1000_DVNA_A_20260726T224133_20260726T224205_P00500_M_P_I_001_gcov.tif,Band 2: VVVV,90,0.02826601490695736,0.009135924304735945,0.32321232175134956,9.57247370718507,-15.487354163394325,1.4416295613296077,-19.514194758738732,-18.212326998311102,-15.762626148337178,-13.48081838005763,-12.639412225144874,0
46,ROI 46,rect,130,200582.19116210938,218142.41850474355,9709710.641256772,-65.5347939275535,-2.6237370275568432,power,water,gamma0,39.48616409301758,NISAR_S2_PR_GCOV_026_097_D_090_1000_DVNA_A_20260726T224133_20260726T224205_P00500_M_P_I_001_gcov.tif,Band 1: VHVH,130,0.013882499614443917,0.004758427571190257,0.342764466295349,8.511545276928219,-18.575323299169757,1.5288777418837176,-23.458475498737435,-21.394732565029887,-18.796313719847234,-16.42172477847088,-15.44295283092389,0
46,ROI 46,rect,130,200582.19116210938,218142.41850474355,9709710.641256772,-65.5347939275535,-2.6237370275568432,power,water,gamma0,39.48616409301758,NISAR_S2_PR_GCOV_026_097_D_090_1000_DVNA_A_20260726T224133_20260726T224205_P00500_M_P_I_001_gcov.tif,Band 2: VVVV,130,0.03647326486758315,0.01180626607726217,0.3236964423153516,9.543861925989727,-14.380253595128696,1.428124837790786,-19.226298539607217,-16.779408002704656,-14.586790820724229,-12.24160637881763,-11.447881502291871,0
46,ROI 46,rect,130,200582.19116210938,218142.41850474355,9709710.641256772,-65.5347939275535,-2.6237370275568432,power,water,sigma0,39.48616409301758,NISAR_S2_PR_GCOV_026_097_D_090_1000_DVNA_A_20260726T224133_20260726T224205_P00500_M_P_I_001_gcov.tif,Band 1: VHVH,130,0.010749405474316867,0.0036845971278984977,0.3427721781173816,8.511162289111839,-19.686155549449914,1.5288655452556579,-24.56876893045735,-22.50566023181576,-19.907369896823546,-17.532285679434064,-16.553196791380543,0
46,ROI 46,rect,130,200582.19116210938,218142.41850474355,9709710.641256772,-65.5347939275535,-2.6237370275568432,power,water,sigma0,39.48616409301758,NISAR_S2_PR_GCOV_026_097_D_090_1000_DVNA_A_20260726T224133_20260726T224205_P00500_M_P_I_001_gcov.tif,Band 2: VVVV,130,0.028241686574991876,0.009141584670689259,0.3236911735570413,9.544172621585929,-15.49109371064266,1.4281047368299151,-20.336709634974113,-17.890255404456305,-15.69818728968312,-13.352359551693066,-12.5591353898625,0
47,ROI 47,rect,77,111247.63208007812,220311.2876212312,9711417.288627421,-65.51527084870962,-2.60835132555159,power,water,gamma0,39.58406448364258,NISAR_S2_PR_GCOV_026_097_D_090_1000_DVNA_A_20260726T224133_20260726T224205_P00500_M_P_I_001_gcov.tif,Band 1: VHVH,77,0.011991296519900297,0.003946782111143328,0.32913722920564925,9.23094115498857,-19.21133857685376,1.4122210949548906,-22.631526525518602,-21.686385319185916,-19.33823467144158,-17.399303720509916,-16.05064877508441,0
47,ROI 47,rect,77,111247.63208007812,220311.2876212312,9711417.288627421,-65.51527084870962,-2.60835132555159,power,water,gamma0,39.58406448364258,NISAR_S2_PR_GCOV_026_097_D_090_1000_DVNA_A_20260726T224133_20260726T224205_P00500_M_P_I_001_gcov.tif,Band 2: VVVV,77,0.036997337305507104,0.012694010253932677,0.3431060497438327,8.494606165890199,-14.318295309367082,1.5657871318925087,-19.526100226978745,-17.124726484481723,-14.634538179937785,-12.271823976719014,-11.159913660836517,0
47,ROI 47,rect,77,111247.63208007812,220311.2876212312,9711417.288627421,-65.51527084870962,-2.60835132555159,power,water,sigma0,39.58406448364258,NISAR_S2_PR_GCOV_026_097_D_090_1000_DVNA_A_20260726T224133_20260726T224205_P00500_M_P_I_001_gcov.tif,Band 1: VHVH,77,0.009271695362324191,0.003051611988599928,0.3291320378148147,9.23123235606128,-20.328408463105383,1.4121977481228087,-23.749312330238006,-22.803456998548384,-20.45466122076772,-18.51635196363254,-17.166986284594334,0
47,ROI 47,rect,77,111247.63208007812,220311.2876212312,9711417.288627421,-65.51527084870962,-2.60835132555159,power,water,sigma0,39.58406448364258,NISAR_S2_PR_GCOV_026_097_D_090_1000_DVNA_A_20260726T224133_20260726T224205_P00500_M_P_I_001_gcov.tif,Band 2: VVVV,77,0.028606558080108563,0.009815070663428639,0.3431056136128975,8.49462776135666,-15.435343930419734,1.5658440204342874,-20.643855226125737,-18.242321172035368,-15.751628568589167,-13.389082912684994,-12.277223342967574,0
48,ROI 48,rect,70,114618.54907226562,222598.67453984637,9712922.471906558,-65.49468654585375,-2.594787896577535,power,water,gamma0,39.6905517578125,NISAR_S2_PR_GCOV_026_097_D_090_1000_DVNA_A_20260726T224133_20260726T224205_P00500_M_P_I_001_gcov.tif,Band 1: VHVH,70,0.012054232068892036,0.0046732690784002644,0.38768700085511193,6.653306355916232,-19.18860451720849,1.5143490074881278,-22.715583218148883,-21.795838464411908,-19.497263506864538,-16.936714310826222,-15.177880054522415,0
48,ROI 48,rect,70,114618.54907226562,222598.67453984637,9712922.471906558,-65.49468654585375,-2.594787896577535,power,water,gamma0,39.6905517578125,NISAR_S2_PR_GCOV_026_097_D_090_1000_DVNA_A_20260726T224133_20260726T224205_P00500_M_P_I_001_gcov.tif,Band 2: VVVV,70,0.035042055696249005,0.011775036473808478,0.33602584779490857,8.85634709670704,-14.554104244403128,1.3799928148048228,-17.526092907604543,-17.13486311931691,-14.83238021941656,-12.610317759915482,-10.804594977147929,0
48,ROI 48,rect,70,114618.54907226562,222598.67453984637,9712922.471906558,-65.49468654585375,-2.594787896577535,power,water,sigma0,39.6905517578125,NISAR_S2_PR_GCOV_026_097_D_090_1000_DVNA_A_20260726T224133_20260726T224205_P00500_M_P_I_001_gcov.tif,Band 1: VHVH,70,0.00930565422096341,0.003607680364812045,0.38768691369219427,6.653309347617209,-20.312530889956935,1.5143248126147297,-23.838819354780757,-22.919801301384688,-20.621503576229763,-18.060555268309702,-16.301284497372432,0
48,ROI 48,rect,70,114618.54907226562,222598.67453984637,9712922.471906558,-65.49468654585375,-2.594787896577535,power,water,sigma0,39.6905517578125,NISAR_S2_PR_GCOV_026_097_D_090_1000_DVNA_A_20260726T224133_20260726T224205_P00500_M_P_I_001_gcov.tif,Band 2: VVVV,70,0.027051956545280243,0.009090295959701485,0.336030998145584,8.856075616135632,-15.67801318872015,1.380034095787764,-18.650550921235872,-18.25874932998196,-15.956588835166325,-13.733895019521283,-11.928954396295492,0
49,ROI 49,rect,36,67422.6904296875,224684.58148568645,9714036.5357419,-65.4759201219408,-2.5847553386330544,power,water,gamma0,39.793182373046875,NISAR_S2_PR_GCOV_026_097_D_090_1000_DVNA_A_20260726T224133_20260726T224205_P00500_M_P_I_001_gcov.tif,Band 1: VHVH,36,0.012163416353157826,0.00398649973415118,0.327745069181671,9.309528092836967,-19.149444271241055,1.4629548932845857,-22.089636178515967,-21.719449475774514,-18.989205926110245,-17.3866026218114,-16.362694296514498,0
49,ROI 49,rect,36,67422.6904296875,224684.58148568645,9714036.5357419,-65.4759201219408,-2.5847553386330544,power,water,gamma0,39.793182373046875,NISAR_S2_PR_GCOV_026_097_D_090_1000_DVNA_A_20260726T224133_20260726T224205_P00500_M_P_I_001_gcov.tif,Band 2: VVVV,36,0.03932805856068929,0.017178227365828965,0.43679316992778316,5.241412287697795,-14.05297492115312,1.7818966841573465,-18.52801488194671,-16.79575999227287,-14.46167221831275,-11.13498403949469,-10.570254869947792,0
49,ROI 49,rect,36,67422.6904296875,224684.58148568645,9714036.5357419,-65.4759201219408,-2.5847553386330544,power,water,sigma0,39.793182373046875,NISAR_S2_PR_GCOV_026_097_D_090_1000_DVNA_A_20260726T224133_20260726T224205_P00500_M_P_I_001_gcov.tif,Band 1: VHVH,36,0.00937602263947995,0.003073158996086697,0.32776787282343345,9.308232762962435,-20.279813526709777,1.4630778741284467,-23.220446178545767,-22.849863494862692,-20.119399774586118,-18.516541749589283,-17.493225885778234,0
49,ROI 49,rect,36,67422.6904296875,224684.58148568645,9714036.5357419,-65.4759201219408,-2.5847553386330544,power,water,sigma0,39.793182373046875,NISAR_S2_PR_GCOV_026_097_D_090_1000_DVNA_A_20260726T224133_20260726T224205_P00500_M_P_I_001_gcov.tif,Band 2: VVVV,36,0.030315344208452093,0.013241834048960836,0.4368030248282299,5.241175782863028,-15.18337496306379,1.781900843792687,-19.657878895425412,-17.92596371272736,-15.591995015448315,-12.265487041106704,-11.700149775011264,0
50,ROI 50,rect,56,94391.7646484375,226511.58268246506,9715006.42765569,-65.4594832007864,-2.576020833633861,power,water,gamma0,39.879188537597656,NISAR_S2_PR_GCOV_026_097_D_090_1000_DVNA_A_20260726T224133_20260726T224205_P00500_M_P_I_001_gcov.tif,Band 1: VHVH,56,0.012258639592411262,0.0037726124548951943,0.307751315017911,10.558449943380955,-19.115577231529073,1.3704566145247459,-22.952702353942065,-21.371153606890992,-19.299008111090142,-17.123151413761406,-16.79479947191567,0
50,ROI 50,rect,56,94391.7646484375,226511.58268246506,9715006.42765569,-65.4594832007864,-2.576020833633861,power,water,gamma0,39.879188537597656,NISAR_S2_PR_GCOV_026_097_D_090_1000_DVNA_A_20260726T224133_20260726T224205_P00500_M_P_I_001_gcov.tif,Band 2: VVVV,56,0.04692098401886012,0.01606811120794883,0.34245043116508755,8.52716301049614,-13.286328885113292,1.4441058908202238,-17.214435828239285,-15.90165335351533,-13.427679880356768,-11.568641375800677,-9.325785067574934,0
50,ROI 50,rect,56,94391.7646484375,226511.58268246506,9715006.42765569,-65.4594832007864,-2.576020833633861,power,water,sigma0,39.879188537597656,NISAR_S2_PR_GCOV_026_097_D_090_1000_DVNA_A_20260726T224133_20260726T224205_P00500_M_P_I_001_gcov.tif,Band 1: VHVH,56,0.009441654639776675,0.002908344843444873,0.3080333855034614,10.539121755982128,-20.249518893932606,1.3719519825198612,-24.088891972047243,-22.507264071689534,-20.435251040434082,-18.258972668609687,-17.930341825581763,0
50,ROI 50,rect,56,94391.7646484375,226511.58268246506,9715006.42765569,-65.4594832007864,-2.576020833633861,power,water,sigma0,39.879188537597656,NISAR_S2_PR_GCOV_026_097_D_090_1000_DVNA_A_20260726T224133_20260726T224205_P00500_M_P_I_001_gcov.tif,Band 2: VVVV,56,0.03612973143218496,0.01236049030401237,0.3421140931316595,8.543937642637745,-14.421352667174357,1.4419516025886998,-18.35084503380577,-17.037274756045967,-14.56361564637761,-12.705305399219549,-10.461477376260364,0
51,ROI 51,rect,35,65737.2529296875,227865.2098931906,9717148.026359376,-65.44728067360516,-2.556686860734713,power,water,gamma0,39.92842102050781,NISAR_S2_PR_GCOV_026_097_D_090_1000_DVNA_A_20260726T224133_20260726T224205_P00500_M_P_I_001_gcov.tif,Band 1: VHVH,35,0.012928282682384764,0.004474855419608146,0.34612914410552703,8.346870259751626,-18.884591604326044,1.5709675210430167,-23.840506077468348,-21.67456851785357,-19.106231043639212,-16.625411826390504,-15.704848883300272,0
51,ROI 51,rect,35,65737.2529296875,227865.2098931906,9717148.026359376,-65.44728067360516,-2.556686860734713,power,water,gamma0,39.92842102050781,NISAR_S2_PR_GCOV_026_097_D_090_1000_DVNA_A_20260726T224133_20260726T224205_P00500_M_P_I_001_gcov.tif,Band 2: VVVV,35,0.045070641753929004,0.016379311164770177,0.36341419885245635,7.571749141805849,-13.461062580327315,1.6102757128886245,-17.834704745483364,-15.896963321868537,-13.420574572270743,-11.19827841077237,-10.458142823358443,0
51,ROI 51,rect,35,65737.2529296875,227865.2098931906,9717148.026359376,-65.44728067360516,-2.556686860734713,power,water,sigma0,39.92842102050781,NISAR_S2_PR_GCOV_026_097_D_090_1000_DVNA_A_20260726T224133_20260726T224205_P00500_M_P_I_001_gcov.tif,Band 1: VHVH,35,0.009894680549955147,0.0033873504831031516,0.34234056026381837,8.53263731028082,-20.045982224410352,1.5600499453843573,-24.979491977555348,-22.792726113743914,-20.245326302047324,-18.006855348392058,-16.84385530889301,0
51,ROI 51,rect,35,65737.2529296875,227865.2098931906,9717148.026359376,-65.44728067360516,-2.556686860734713,power,water,sigma0,39.92842102050781,NISAR_S2_PR_GCOV_026_097_D_090_1000_DVNA_A_20260726T224133_20260726T224205_P00500_M_P_I_001_gcov.tif,Band 2: VVVV,35,0.0345291035894323,0.012604713251635064,0.3650460608972415,7.504204610913004,-14.618146962296485,1.6066473357165074,-18.970501622280032,-17.035805898458968,-14.559610608600044,-12.337227126709324,-11.590802407552204,0
52,ROI 52,rect,72,134845.15771484375,228583.80547529264,9719879.453713998,-65.44077591194343,-2.53201020666091,power,water,gamma0,39.93614196777344,NISAR_S2_PR_GCOV_026_097_D_090_1000_DVNA_A_20260726T224133_20260726T224205_P00500_M_P_I_001_gcov.tif,Band 1: VHVH,72,0.013171128669960631,0.004505096442848572,0.3420433097068847,8.547474222518584,-18.803770075641864,1.4140432617361378,-22.052078038833834,-20.98974077877118,-19.26164680708832,-16.61474297061227,-15.95285766513949,0
52,ROI 52,rect,72,134845.15771484375,228583.80547529264,9719879.453713998,-65.44077591194343,-2.53201020666091,power,water,gamma0,39.93614196777344,NISAR_S2_PR_GCOV_026_097_D_090_1000_DVNA_A_20260726T224133_20260726T224205_P00500_M_P_I_001_gcov.tif,Band 2: VVVV,72,0.03814982536197123,0.013691841886118258,0.35889658094651866,7.763567940764501,-14.185074457695418,1.6166566954713608,-18.66037314796004,-17.280147316922463,-14.361222832273723,-11.961758052881304,-11.327661261764115,0
52,ROI 52,rect,72,134845.15771484375,228583.80547529264,9719879.453713998,-65.44077591194343,-2.53201020666091,power,water,sigma0,39.93614196777344,NISAR_S2_PR_GCOV_026_097_D_090_1000_DVNA_A_20260726T224133_20260726T224205_P00500_M_P_I_001_gcov.tif,Band 1: VHVH,72,0.010131350745845865,0.0034651762952573354,0.34202510427132865,8.548384182814642,-19.943326491747246,1.4139285502457701,-23.191107345432552,-22.128881688920195,-20.400750619762135,-17.754336292183652,-17.09247552610037,0
52,ROI 52,rect,72,134845.15771484375,228583.80547529264,9719879.453713998,-65.44077591194343,-2.53201020666091,power,water,sigma0,39.93614196777344,NISAR_S2_PR_GCOV_026_097_D_090_1000_DVNA_A_20260726T224133_20260726T224205_P00500_M_P_I_001_gcov.tif,Band 2: VVVV,72,0.029345403533413677,0.010531861672733563,0.35889306005765526,7.763720269115354,-15.324599140553367,1.616664002819843,-19.800360536637022,-18.419615053157724,-15.5009897132046,-13.101741822180015,-12.46729022829097,0
53,ROI 53,rect,48,73040.93701171875,229567.49971961736,9722095.706093363,-65.43189794730222,-2.5119943594079444,power,water,gamma0,39.96449661254883,NISAR_S2_PR_GCOV_026_097_D_090_1000_DVNA_A_20260726T224133_20260726T224205_P00500_M_P_I_001_gcov.tif,Band 1: VHVH,48,0.012399035971611738,0.003628277273248131,0.29262575586967143,11.678172956613068,-19.06612080038163,1.31310009160147,-22.513385132078014,-21.42024977536635,-19.050196432454626,-17.334946497902664,-16.5574585882286,0
53,ROI 53,rect,48,73040.93701171875,229567.49971961736,9722095.706093363,-65.43189794730222,-2.5119943594079444,power,water,gamma0,39.96449661254883,NISAR_S2_PR_GCOV_026_097_D_090_1000_DVNA_A_20260726T224133_20260726T224205_P00500_M_P_I_001_gcov.tif,Band 2: VVVV,48,0.04303604315888757,0.01728139584340091,0.4015563368499887,6.201646857747014,-13.661676656236617,1.7940870527502304,-18.807918874387365,-17.057568375155633,-13.823564985077056,-11.309163462224967,-10.100942761013822,0
53,ROI 53,rect,48,73040.93701171875,229567.49971961736,9722095.706093363,-65.43189794730222,-2.5119943594079444,power,water,sigma0,39.96449661254883,NISAR_S2_PR_GCOV_026_097_D_090_1000_DVNA_A_20260726T224133_20260726T224205_P00500_M_P_I_001_gcov.tif,Band 1: VHVH,48,0.009533659029548858,0.002789880192881653,0.29263477792048465,11.677452881942477,-20.207403846340085,1.313127219145071,-23.654283685625618,-22.561400630283195,-20.191039389874433,-18.476488467975003,-17.698665506835564,0
53,ROI 53,rect,48,73040.93701171875,229567.49971961736,9722095.706093363,-65.43189794730222,-2.5119943594079444,power,water,sigma0,39.96449661254883,NISAR_S2_PR_GCOV_026_097_D_090_1000_DVNA_A_20260726T224133_20260726T224205_P00500_M_P_I_001_gcov.tif,Band 2: VVVV,48,0.03309032956624671,0.013287290356319755,0.4015460266032906,6.2019653334667675,-14.802989074219056,1.7940265779096454,-19.9490473530808,-18.198582428876918,-14.964423058567819,-12.45020295428796,-11.242429112284785,0
54,ROI 54,rect,56,80345.4970703125,231250.4479434635,9723411.273843046,-65.41675108760096,-2.5001311196919085,power,water,gamma0,40.04001998901367,NISAR_S2_PR_GCOV_026_097_D_090_1000_DVNA_A_20260726T224133_20260726T224205_P00500_M_P_I_001_gcov.tif,Band 1: VHVH,56,0.01250993662480531,0.00445506694759193,0.3561222635419437,7.885000945695288,-19.027448904318447,1.3968409655021419,-22.035674682226983,-21.676903501627503,-19.320548926516544,-17.248875860255968,-15.159379686362502,0
54,ROI 54,rect,56,80345.4970703125,231250.4479434635,9723411.273843046,-65.41675108760096,-2.5001311196919085,power,water,gamma0,40.04001998901367,NISAR_S2_PR_GCOV_026_097_D_090_1000_DVNA_A_20260726T224133_20260726T224205_P00500_M_P_I_001_gcov.tif,Band 2: VVVV,56,0.04084942250379494,0.013252525879989612,0.3244238245659028,9.501113810947933,-13.888140787934507,1.454645467324915,-17.292393457393022,-16.668109920522703,-14.043237128327453,-11.893209547246746,-11.308228485198164,0
54,ROI 54,rect,56,80345.4970703125,231250.4479434635,9723411.273843046,-65.41675108760096,-2.5001311196919085,power,water,sigma0,40.04001998901367,NISAR_S2_PR_GCOV_026_097_D_090_1000_DVNA_A_20260726T224133_20260726T224205_P00500_M_P_I_001_gcov.tif,Band 1: VHVH,56,0.00960822899951239,0.0034219586906955235,0.3561487440473354,7.883828452172837,-20.173566546435133,1.3969475488427996,-23.18225726740576,-22.823207615011086,-20.46654915451013,-18.394884323570743,-16.30524133438176,0
54,ROI 54,rect,56,80345.4970703125,231250.4479434635,9723411.273843046,-65.41675108760096,-2.5001311196919085,power,water,sigma0,40.04001998901367,NISAR_S2_PR_GCOV_026_097_D_090_1000_DVNA_A_20260726T224133_20260726T224205_P00500_M_P_I_001_gcov.tif,Band 2: VVVV,56,0.031374017360807124,0.01017799998580683,0.324408566131583,9.50200759456242,-15.034298674698572,1.4546529303898652,-18.43912570511715,-17.8146008785979,-15.189516188408819,-13.039732540544993,-12.454788823682128,0
55,ROI 55,rect,81,126417.6865234375,234094.86649517776,9723458.678704,-65.39118671674835,-2.4997497032875238,power,water,gamma0,40.19240188598633,NISAR_S2_PR_GCOV_026_097_D_090_1000_DVNA_A_20260726T224133_20260726T224205_P00500_M_P_I_001_gcov.tif,Band 1: VHVH,81,0.011936424541528578,0.003759310500037679,0.314944436414647,10.081661658187283,-19.231257430915537,1.4049912457501694,-22.57260042350438,-21.91711689838975,-19.308028096102095,-17.41497427596973,-16.839367297322024,0
55,ROI 55,rect,81,126417.6865234375,234094.86649517776,9723458.678704,-65.39118671674835,-2.4997497032875238,power,water,gamma0,40.19240188598633,NISAR_S2_PR_GCOV_026_097_D_090_1000_DVNA_A_20260726T224133_20260726T224205_P00500_M_P_I_001_gcov.tif,Band 2: VVVV,81,0.03894714632841908,0.016620145908030397,0.42673590942664147,5.491381550303296,-14.095243577403993,1.6573004421299704,-18.37319751888132,-17.307396375835584,-14.60249163660444,-11.505627084838036,-9.391725161832563,0
55,ROI 55,rect,81,126417.6865234375,234094.86649517776,9723458.678704,-65.39118671674835,-2.4997497032875238,power,water,sigma0,40.19240188598633,NISAR_S2_PR_GCOV_026_097_D_090_1000_DVNA_A_20260726T224133_20260726T224205_P00500_M_P_I_001_gcov.tif,Band 1: VHVH,81,0.009146646432267402,0.0028806902675884098,0.314944967963991,10.081627627504695,-20.38738108439066,1.404987763312298,-23.729083640687584,-23.073329850944063,-20.46421030712022,-18.57044780289344,-17.995130296580193,0
55,ROI 55,rect,81,126417.6865234375,234094.86649517776,9723458.678704,-65.39118671674835,-2.4997497032875238,power,water,sigma0,40.19240188598633,NISAR_S2_PR_GCOV_026_097_D_090_1000_DVNA_A_20260726T224133_20260726T224205_P00500_M_P_I_001_gcov.tif,Band 2: VVVV,81,0.029844241147137743,0.012734906883315479,0.426712370421147,5.491987416149786,-15.251394594863484,1.6572418342726494,-19.529680736064527,-18.46340968119661,-15.758445826537388,-12.661949492540606,-10.548439130752456,0
56,ROI 56,rect,77,117427.6650390625,236583.73267002383,9721491.283917246,-65.36885020194545,-2.5175744698293965,power,water,gamma0,40.34769821166992,NISAR_S2_PR_GCOV_026_097_D_090_1000_DVNA_A_20260726T224133_20260726T224205_P00500_M_P_I_001_gcov.tif,Band 1: VHVH,77,0.013627744089304046,0.005361234523559312,0.3934058702912658,6.461276522636367,-18.655760304935527,1.6522605713942327,-24.084418451210393,-21.438775778963787,-18.7108323953515,-16.270942602728407,-14.536797614387941,0
56,ROI 56,rect,77,117427.6650390625,236583.73267002383,9721491.283917246,-65.36885020194545,-2.5175744698293965,power,water,gamma0,40.34769821166992,NISAR_S2_PR_GCOV_026_097_D_090_1000_DVNA_A_20260726T224133_20260726T224205_P00500_M_P_I_001_gcov.tif,Band 2: VVVV,77,0.03965571492474962,0.017009976054839736,0.4289413540297467,5.435057752679091,-14.016942161286563,1.7261293358052443,-18.335858655130775,-17.082264166217072,-14.353655553043673,-11.864125446004284,-9.170112288004473,0
56,ROI 56,rect,77,117427.6650390625,236583.73267002383,9721491.283917246,-65.36885020194545,-2.5175744698293965,power,water,sigma0,40.34769821166992,NISAR_S2_PR_GCOV_026_097_D_090_1000_DVNA_A_20260726T224133_20260726T224205_P00500_M_P_I_001_gcov.tif,Band 1: VHVH,77,0.010061869335333797,0.0031585637452621685,0.31391420818499277,10.147943818355001,-19.97321326774927,1.402485152223085,-24.184341353007287,-22.517151371803887,-19.90328349692444,-18.122923904568374,-17.095267194161718,0
56,ROI 56,rect,77,117427.6650390625,236583.73267002383,9721491.283917246,-65.36885020194545,-2.5175744698293965,power,water,sigma0,40.34769821166992,NISAR_S2_PR_GCOV_026_097_D_090_1000_DVNA_A_20260726T224133_20260726T224205_P00500_M_P_I_001_gcov.tif,Band 2: VVVV,77,0.029489424135045926,0.010866723191822388,0.36849560513825425,7.364366178013336,-15.303337082014663,1.5932530435154462,-19.749145603272716,-18.08601443933956,-15.603669418706277,-12.940885760017476,-12.335142716466034,0
57,ROI 57,rect,72,125855.3173828125,237390.69403565372,9711333.057516992,-65.36176593109734,-2.609411933698665,power,water,gamma0,40.50558853149414,NISAR_S2_PR_GCOV_026_097_D_090_1000_DVNA_A_20260726T224133_20260726T224205_P00500_M_P_I_001_gcov.tif,Band 1: VHVH,72,0.01152200679320635,0.003442943176870579,0.2988145414825324,11.199446094929549,-19.384718730557545,1.4362717821432491,-23.916084585387203,-22.070761922507273,-19.477177680134016,-17.631841540810342,-17.11647903844315,0
57,ROI 57,rect,72,125855.3173828125,237390.69403565372,9711333.057516992,-65.36176593109734,-2.609411933698665,power,water,gamma0,40.50558853149414,NISAR_S2_PR_GCOV_026_097_D_090_1000_DVNA_A_20260726T224133_20260726T224205_P00500_M_P_I_001_gcov.tif,Band 2: VVVV,72,0.020374876822137997,0.005910824558288475,0.2901035726442362,11.882117578855201,-16.90905008140254,1.2530561231908575,-20.27798425440325,-19.037786561816496,-17.209235970377556,-15.158898609822995,-14.213038814444257,0
57,ROI 57,rect,72,125855.3173828125,237390.69403565372,9711333.057516992,-65.36176593109734,-2.609411933698665,power,water,sigma0,40.50558853149414,NISAR_S2_PR_GCOV_026_097_D_090_1000_DVNA_A_20260726T224133_20260726T224205_P00500_M_P_I_001_gcov.tif,Band 1: VHVH,72,0.008787132579113016,0.002625882345111707,0.2988326762422386,11.198086851999655,-20.561528209706715,1.4363532953843108,-25.093381662933712,-23.247949305348115,-20.654212897123635,-18.80876680216876,-18.293645763650225,0
57,ROI 57,rect,72,125855.3173828125,237390.69403565372,9711333.057516992,-65.36176593109734,-2.609411933698665,power,water,sigma0,40.50558853149414,NISAR_S2_PR_GCOV_026_097_D_090_1000_DVNA_A_20260726T224133_20260726T224205_P00500_M_P_I_001_gcov.tif,Band 2: VVVV,72,0.015538540507255953,0.0045076431624243695,0.29009437278356087,11.882871234009265,-18.085897757160613,1.2530094555768854,-21.45448671869426,-20.21484752856179,-18.386054757174847,-16.33607003519909,-15.390244916508102,0
58,ROI 58,rect,63,94391.72705078125,236405.95626470185,9697894.450921481,-65.37085002027368,-2.7308710667160536,power,water,gamma0,40.606109619140625,NISAR_S2_PR_GCOV_026_097_D_090_1000_DVNA_A_20260726T224133_20260726T224205_P00500_M_P_I_001_gcov.tif,Band 1: VHVH,63,0.013105118713740791,0.00352834671132277,0.269234242618747,13.79556240766339,-18.825590406090985,1.2806570377463178,-22.626255964142885,-21.593286797271997,-18.78993781104837,-17.21691688280043,-16.938215171020293,0
58,ROI 58,rect,63,94391.72705078125,236405.95626470185,9697894.450921481,-65.37085002027368,-2.7308710667160536,power,water,gamma0,40.606109619140625,NISAR_S2_PR_GCOV_026_097_D_090_1000_DVNA_A_20260726T224133_20260726T224205_P00500_M_P_I_001_gcov.tif,Band 2: VVVV,63,0.030704482857670103,0.013367671506750795,0.435365466623109,5.275845204857763,-15.127982128544096,2.034188471618712,-22.433528993556177,-19.393255904562018,-15.53233801684752,-13.057821412843838,-10.625454915614721,0
58,ROI 58,rect,63,94391.72705078125,236405.95626470185,9697894.450921481,-65.37085002027368,-2.7308710667160536,power,water,sigma0,40.606109619140625,NISAR_S2_PR_GCOV_026_097_D_090_1000_DVNA_A_20260726T224133_20260726T224205_P00500_M_P_I_001_gcov.tif,Band 1: VHVH,63,0.00956923036507307,0.002376724680440775,0.24837156069683838,16.210494657376934,-20.19122990294521,1.15414822902505,-23.2658058961509,-22.359835083885056,-20.220940282741367,-18.772861416463794,-18.28495385754607,0
58,ROI 58,rect,63,94391.72705078125,236405.95626470185,9697894.450921481,-65.37085002027368,-2.7308710667160536,power,water,sigma0,40.606109619140625,NISAR_S2_PR_GCOV_026_097_D_090_1000_DVNA_A_20260726T224133_20260726T224205_P00500_M_P_I_001_gcov.tif,Band 2: VVVV,63,0.022163765017671335,0.008118012370022295,0.3662740677655508,7.453970277171134,-16.54356462918814,1.8603282409693431,-22.706308750445583,-20.59364773493457,-16.6226392722157,-14.428529964831618,-14.051910015936468,0
59,ROI 59,rect,30,45510.4140625,237768.90728226752,9696436.70351961,-65.35862398153644,-2.7440724553053224,power,water,gamma0,40.695072174072266,NISAR_S2_PR_GCOV_026_097_D_090_1000_DVNA_A_20260726T224133_20260726T224205_P00500_M_P_I_001_gcov.tif,Band 1: VHVH,30,0.011844158498570323,0.003816075276230764,0.32219049387859783,9.633288234799892,-19.264957895135808,1.3669911629036973,-21.829965572769797,-21.524227972760215,-19.465583710487454,-17.242350836428823,-16.90110360632965,0
59,ROI 59,rect,30,45510.4140625,237768.90728226752,9696436.70351961,-65.35862398153644,-2.7440724553053224,power,water,gamma0,40.695072174072266,NISAR_S2_PR_GCOV_026_097_D_090_1000_DVNA_A_20260726T224133_20260726T224205_P00500_M_P_I_001_gcov.tif,Band 2: VVVV,30,0.031185284970949093,0.011569079720159298,0.3709788039755471,7.266107294162029,-15.060502830143175,1.694537407837384,-18.416512506502038,-17.7745539552089,-15.406190640527058,-13.249419345039604,-12.646406593424796,0
59,ROI 59,rect,30,45510.4140625,237768.90728226752,9696436.70351961,-65.35862398153644,-2.7440724553053224,power,water,sigma0,40.695072174072266,NISAR_S2_PR_GCOV_026_097_D_090_1000_DVNA_A_20260726T224133_20260726T224205_P00500_M_P_I_001_gcov.tif,Band 1: VHVH,30,0.009021414266013392,0.0029027108867258227,0.32175785316292155,9.65921179618896,-20.447253737907552,1.3702471574497292,-23.084040540043056,-22.7145080377675,-20.646214948731153,-18.431776446849483,-18.090382975928108,0
59,ROI 59,rect,30,45510.4140625,237768.90728226752,9696436.70351961,-65.35862398153644,-2.7440724553053224,power,water,sigma0,40.695072174072266,NISAR_S2_PR_GCOV_026_097_D_090_1000_DVNA_A_20260726T224133_20260726T224205_P00500_M_P_I_001_gcov.tif,Band 2: VVVV,30,0.023767877056322308,0.0088645235349965,0.37296236066815724,7.189024933882394,-16.24009607665975,1.702456393518912,-19.6056199763939,-18.96423573059588,-16.595721434844172,-14.41921178004041,-13.827649019413911,0
60,ROI 60,rect,56,74164.69140625,238811.86031559162,9694599.664022092,-65.34928104277795,-2.760696834522036,power,water,gamma0,40.770931243896484,NISAR_S2_PR_GCOV_026_097_D_090_1000_DVNA_A_20260726T224133_20260726T224205_P00500_M_P_I_001_gcov.tif,Band 1: VHVH,56,0.013233619833564652,0.003271619157392322,0.24722027672991329,16.361828023531878,-18.78321345629899,1.1532257074473564,-22.772290801477197,-20.87512234274186,-18.8517554343777,-17.32495330442548,-16.626173372835996,0
60,ROI 60,rect,56,74164.69140625,238811.86031559162,9694599.664022092,-65.34928104277795,-2.760696834522036,power,water,gamma0,40.770931243896484,NISAR_S2_PR_GCOV_026_097_D_090_1000_DVNA_A_20260726T224133_20260726T224205_P00500_M_P_I_001_gcov.tif,Band 2: VVVV,56,0.03022042424085417,0.010611568615808649,0.3511389691698357,8.110393770315962,-15.196994432342958,1.480702127277389,-18.25047066619141,-17.803386228819523,-15.579499321458867,-12.90457703911342,-12.115703708575388,0
60,ROI 60,rect,56,74164.69140625,238811.86031559162,9694599.664022092,-65.34928104277795,-2.760696834522036,power,water,sigma0,40.770931243896484,NISAR_S2_PR_GCOV_026_097_D_090_1000_DVNA_A_20260726T224133_20260726T224205_P00500_M_P_I_001_gcov.tif,Band 1: VHVH,56,0.010051439953855715,0.0024848492962021977,0.24721326572209323,16.362756084819576,-19.977717174258554,1.1532461802109184,-23.96731382928923,-22.07030192070738,-20.045961977204733,-18.519384597202343,-17.820823523819428,0
60,ROI 60,rect,56,74164.69140625,238811.86031559162,9694599.664022092,-65.34928104277795,-2.760696834522036,power,water,sigma0,40.770931243896484,NISAR_S2_PR_GCOV_026_097_D_090_1000_DVNA_A_20260726T224133_20260726T224205_P00500_M_P_I_001_gcov.tif,Band 2: VVVV,56,0.02295342508923771,0.008059434993602364,0.3511212362542457,8.111213000513535,-16.391525002631496,1.4806243335669016,-19.444778643940833,-18.997804633202854,-16.774507216594674,-14.099450380618492,-13.310100975943627,0
61,ROI 61,rect,56,94391.759765625,240174.8113103231,9693533.025028758,-65.33704761272134,-2.7703630279212623,power,water,gamma0,40.854637145996094,NISAR_S2_PR_GCOV_026_097_D_090_1000_DVNA_A_20260726T224133_20260726T224205_P00500_M_P_I_001_gcov.tif,Band 1: VHVH,56,0.013017152594069816,0.004307473034321108,0.33090747021614003,9.132440620980192,-18.854840040875885,1.4242707813946858,-23.153195011674438,-21.267359394491546,-19.10185342185019,-16.709343368044486,-15.785152261133694,0
61,ROI 61,rect,56,94391.759765625,240174.8113103231,9693533.025028758,-65.33704761272134,-2.7703630279212623,power,water,gamma0,40.854637145996094,NISAR_S2_PR_GCOV_026_097_D_090_1000_DVNA_A_20260726T224133_20260726T224205_P00500_M_P_I_001_gcov.tif,Band 2: VVVV,56,0.031540762317100804,0.01024228839333518,0.32473179596493157,9.483100891824519,-15.011278143010461,1.3709493186471318,-18.615733339766834,-17.45870290434026,-15.034533135213387,-13.25194216581312,-11.46737689652605,0
61,ROI 61,rect,56,94391.759765625,240174.8113103231,9693533.025028758,-65.33704761272134,-2.7703630279212623,power,water,sigma0,40.854637145996094,NISAR_S2_PR_GCOV_026_097_D_090_1000_DVNA_A_20260726T224133_20260726T224205_P00500_M_P_I_001_gcov.tif,Band 1: VHVH,56,0.009874306480645812,0.0032676876269018954,0.3309283171741473,9.131290053926215,-20.054933971906593,1.4243130589529407,-24.353341349265158,-22.467326485678328,-20.301653589167366,-17.909027129781965,-16.985188033505267,0
61,ROI 61,rect,56,94391.759765625,240174.8113103231,9693533.025028758,-65.33704761272134,-2.7703630279212623,power,water,sigma0,40.854637145996094,NISAR_S2_PR_GCOV_026_097_D_090_1000_DVNA_A_20260726T224133_20260726T224205_P00500_M_P_I_001_gcov.tif,Band 2: VVVV,56,0.023925386542664146,0.007768787487963821,0.32470896443450936,9.484434524967906,-16.21141036958017,1.3708987660779621,-19.81619398460448,-18.65869995410648,-16.234819077399127,-14.451904794347204,-12.667897607009522,0
62,ROI 62,rect,64,102257.54833984375,242450.34600791946,9692691.54478454,-65.31660599419361,-2.7780101193424587,power,water,gamma0,40.98450469970703,NISAR_S2_PR_GCOV_026_097_D_090_1000_DVNA_A_20260726T224133_20260726T224205_P00500_M_P_I_001_gcov.tif,Band 1: VHVH,64,0.014451893388468307,0.004783941421046927,0.33102523610257245,9.125943843459778,-18.40075250880012,1.3773814881904438,-22.356788817600943,-20.796475715592827,-18.70506438921109,-16.028370694089226,-15.34874800056257,0
62,ROI 62,rect,64,102257.54833984375,242450.34600791946,9692691.54478454,-65.31660599419361,-2.7780101193424587,power,water,gamma0,40.98450469970703,NISAR_S2_PR_GCOV_026_097_D_090_1000_DVNA_A_20260726T224133_20260726T224205_P00500_M_P_I_001_gcov.tif,Band 2: VVVV,64,0.038198558453586884,0.019534408739887772,0.511391254819813,3.8237844789049382,-14.179530262889612,1.9370267757318689,-18.643806267983432,-17.3881935105225,-14.821674761822848,-11.808092278083679,-8.751515759819007,0
62,ROI 62,rect,64,102257.54833984375,242450.34600791946,9692691.54478454,-65.31660599419361,-2.7780101193424587,power,water,sigma0,40.98450469970703,NISAR_S2_PR_GCOV_026_097_D_090_1000_DVNA_A_20260726T224133_20260726T224205_P00500_M_P_I_001_gcov.tif,Band 1: VHVH,64,0.01094085017022686,0.0036217435306991072,0.33102944235128023,9.125711926048755,-19.60948929383543,1.3773772903846637,-23.56513711084976,-22.00558140985144,-19.913668136351422,-17.23700205416192,-16.557712099572285,0
62,ROI 62,rect,64,102257.54833984375,242450.34600791946,9692691.54478454,-65.31660599419361,-2.7780101193424587,power,water,sigma0,40.98450469970703,NISAR_S2_PR_GCOV_026_097_D_090_1000_DVNA_A_20260726T224133_20260726T224205_P00500_M_P_I_001_gcov.tif,Band 2: VVVV,64,0.02891805463035236,0.01478717963144015,0.5113476622289641,3.8244364649791267,-15.388309261672832,1.9369648620934736,-19.85288252758104,-18.59694189981376,-16.030283156837136,-13.016863540255443,-9.960823530765587,0
63,ROI 63,rect,64,102257.70947265625,244571.8082986774,9692869.32240259,-65.29753113505782,-2.7764404955452116,power,water,gamma0,41.09444808959961,NISAR_S2_PR_GCOV_026_097_D_090_1000_DVNA_A_20260726T224133_20260726T224205_P00500_M_P_I_001_gcov.tif,Band 1: VHVH,64,0.013103289013088215,0.004036573690103073,0.30805805214791054,10.537434058747952,-18.826196798441504,1.3012582008988367,-21.651112512410467,-21.478980880673642,-18.95062610737193,-16.7414827245037,-15.889718013009578,0
63,ROI 63,rect,64,102257.70947265625,244571.8082986774,9692869.32240259,-65.29753113505782,-2.7764404955452116,power,water,gamma0,41.09444808959961,NISAR_S2_PR_GCOV_026_097_D_090_1000_DVNA_A_20260726T224133_20260726T224205_P00500_M_P_I_001_gcov.tif,Band 2: VVVV,64,0.04399370989995077,0.017231362224031137,0.39167786174928654,6.518414141887989,-13.566094133097709,1.6803306194095153,-17.676639625643443,-16.73808754228493,-14.02728509472146,-11.192694988966513,-10.162204941137329,0
63,ROI 63,rect,64,102257.70947265625,244571.8082986774,9692869.32240259,-65.29753113505782,-2.7764404955452116,power,water,sigma0,41.09444808959961,NISAR_S2_PR_GCOV_026_097_D_090_1000_DVNA_A_20260726T224133_20260726T224205_P00500_M_P_I_001_gcov.tif,Band 1: VHVH,64,0.009904883652488077,0.0030500857113929915,0.3079375607432622,10.54568195568938,-20.041506215266637,1.3009087071853747,-22.867281628535054,-22.685136861131898,-20.16633461543659,-17.957688880095,-17.10773505550086,0
63,ROI 63,rect,64,102257.70947265625,244571.8082986774,9692869.32240259,-65.29753113505782,-2.7764404955452116,power,water,sigma0,41.09444808959961,NISAR_S2_PR_GCOV_026_097_D_090_1000_DVNA_A_20260726T224133_20260726T224205_P00500_M_P_I_001_gcov.tif,Band 2: VVVV,64,0.03325488231862593,0.013021793459107953,0.39157538836980027,6.521826263013636,-14.781445846953186,1.6798947457065645,-18.88105818794239,-17.953805961069165,-15.242985294683164,-12.408915469664155,-11.378202117450089,0
64,ROI 64,rect,33,64051.5029296875,247214.74704385866,9693141.90480249,-65.2737663187665,-2.7740225621636947,power,water,gamma0,41.23006057739258,NISAR_S2_PR_GCOV_026_097_D_090_1000_DVNA_A_20260726T224133_20260726T224205_P00500_M_P_I_001_gcov.tif,Band 1: VHVH,33,0.01528633510073026,0.0038195445437565595,0.2498665977546241,16.01708916458887,-18.156966242222687,1.1267001045773044,-20.938186482676237,-20.403200174891904,-18.3644017210298,-16.767127345184615,-16.009220091193725,0
64,ROI 64,rect,33,64051.5029296875,247214.74704385866,9693141.90480249,-65.2737663187665,-2.7740225621636947,power,water,gamma0,41.23006057739258,NISAR_S2_PR_GCOV_026_097_D_090_1000_DVNA_A_20260726T224133_20260726T224205_P00500_M_P_I_001_gcov.tif,Band 2: VVVV,33,0.04804474922517935,0.028647061542252772,0.5962579054786571,2.812753667651441,-13.183540691221047,1.9624776943252225,-16.950833279267915,-16.442387956429954,-13.992181564901369,-10.466819096010685,-7.6125096144585545,0
64,ROI 64,rect,33,64051.5029296875,247214.74704385866,9693141.90480249,-65.2737663187665,-2.7740225621636947,power,water,sigma0,41.23006057739258,NISAR_S2_PR_GCOV_026_097_D_090_1000_DVNA_A_20260726T224133_20260726T224205_P00500_M_P_I_001_gcov.tif,Band 1: VHVH,33,0.011532291801761624,0.002881501182817842,0.2498637072622179,16.017459746958732,-19.38084377184665,1.126692461687998,-22.16185907530268,-21.627248798211063,-19.588104850433986,-17.990924008943068,-17.233298600329253,0
64,ROI 64,rect,33,64051.5029296875,247214.74704385866,9693141.90480249,-65.2737663187665,-2.7740225621636947,power,water,sigma0,41.23006057739258,NISAR_S2_PR_GCOV_026_097_D_090_1000_DVNA_A_20260726T224133_20260726T224205_P00500_M_P_I_001_gcov.tif,Band 2: VVVV,33,0.03624561409376464,0.02161115804190816,0.5962420166479107,2.812903579805174,-14.407445377858235,1.962421190629871,-18.174446171398557,-17.666327252012906,-15.216006500443003,-11.690875948743892,-8.836446065656746,0
65,ROI 65,rect,66,111247.205078125,248968.80525080138,9694161.158991009,-65.25797963556006,-2.7648388391279592,power,water,gamma0,41.310787200927734,NISAR_S2_PR_GCOV_026_097_D_090_1000_DVNA_A_20260726T224133_20260726T224205_P00500_M_P_I_001_gcov.tif,Band 1: VHVH,66,0.013415037908337334,0.003306701131715989,0.2464921198367171,16.458639031341303,-18.724080957569726,1.0423698588771975,-20.95655124252364,-20.34448169130219,-18.89999677681953,-16.97620985191193,-16.461543518247282,0
65,ROI 65,rect,66,111247.205078125,248968.80525080138,9694161.158991009,-65.25797963556006,-2.7648388391279592,power,water,gamma0,41.310787200927734,NISAR_S2_PR_GCOV_026_097_D_090_1000_DVNA_A_20260726T224133_20260726T224205_P00500_M_P_I_001_gcov.tif,Band 2: VVVV,66,0.04012936370616609,0.011243487837687093,0.28018106441990437,12.738621634392809,-13.965377264134762,1.1895556341488391,-16.819815076986185,-15.85043452160887,-14.267715548938991,-12.168141256641317,-11.342952660435433,0
65,ROI 65,rect,66,111247.205078125,248968.80525080138,9694161.158991009,-65.25797963556006,-2.7648388391279592,power,water,sigma0,41.310787200927734,NISAR_S2_PR_GCOV_026_097_D_090_1000_DVNA_A_20260726T224133_20260726T224205_P00500_M_P_I_001_gcov.tif,Band 1: VHVH,66,0.01010770735639461,0.002491862145883823,0.24653089548614146,16.453462039414433,-19.95347340490034,1.0424833679330874,-22.186588358478975,-21.57365382463302,-20.12976822769133,-18.205552990940532,-17.690476062598226,0
65,ROI 65,rect,66,111247.205078125,248968.80525080138,9694161.158991009,-65.25797963556006,-2.7648388391279592,power,water,sigma0,41.310787200927734,NISAR_S2_PR_GCOV_026_097_D_090_1000_DVNA_A_20260726T224133_20260726T224205_P00500_M_P_I_001_gcov.tif,Band 2: VVVV,66,0.03023552699636676,0.008471141026000663,0.280171767041421,12.739467099680493,-15.194824573666397,1.1894537523141884,-18.049111428981405,-17.079351275937356,-15.497206297951456,-13.397472552520542,-12.57156986077799,0
66,ROI 66,rect,40,70793.6572265625,251552.48599413325,9695298.945451315,-65.23473263414087,-2.754597244686108,power,water,gamma0,41.432254791259766,NISAR_S2_PR_GCOV_026_097_D_090_1000_DVNA_A_20260726T224133_20260726T224205_P00500_M_P_I_001_gcov.tif,Band 1: VHVH,40,0.01291908505372703,0.004811809467516077,0.37245744938631836,7.20852933703601,-18.887682425474278,1.5593344563777252,-22.20617740311146,-21.641657845154214,-19.231857497867143,-16.486277335454073,-15.969273485568811,0
66,ROI 66,rect,40,70793.6572265625,251552.48599413325,9695298.945451315,-65.23473263414087,-2.754597244686108,power,water,gamma0,41.432254791259766,NISAR_S2_PR_GCOV_026_097_D_090_1000_DVNA_A_20260726T224133_20260726T224205_P00500_M_P_I_001_gcov.tif,Band 2: VVVV,40,0.04393254560418427,0.012546400899211512,0.28558328971532565,12.261240636831838,-13.572136314758529,1.2518348646104727,-16.658909963133258,-15.377352194502494,-13.452710983915836,-11.834550898462318,-11.149667552306447,0
66,ROI 66,rect,40,70793.6572265625,251552.48599413325,9695298.945451315,-65.23473263414087,-2.754597244686108,power,water,sigma0,41.432254791259766,NISAR_S2_PR_GCOV_026_097_D_090_1000_DVNA_A_20260726T224133_20260726T224205_P00500_M_P_I_001_gcov.tif,Band 1: VHVH,40,0.009712893529171854,0.003617818084406477,0.3724758305586967,7.207817892479927,-20.1265137188879,1.559380830788637,-23.44524129927953,-22.88086362181165,-20.470477312925077,-17.724846511501553,-17.207657045304995,0
66,ROI 66,rect,40,70793.6572265625,251552.48599413325,9695298.945451315,-65.23473263414087,-2.754597244686108,power,water,sigma0,41.432254791259766,NISAR_S2_PR_GCOV_026_097_D_090_1000_DVNA_A_20260726T224133_20260726T224205_P00500_M_P_I_001_gcov.tif,Band 2: VVVV,40,0.033029277350796624,0.009432083142421159,0.2855673480907589,12.262609627734287,-14.811009281552295,1.251753791992228,-17.897293522869443,-16.616293130982335,-14.691377922231938,-13.07357429042131,-12.388132705473902,0
67,ROI 67,rect,40,70793.96826171875,253472.46792909206,9696341.875260975,-65.21745412001269,-2.745201288582951,power,water,gamma0,41.52094268798828,NISAR_S2_PR_GCOV_026_097_D_090_1000_DVNA_A_20260726T224133_20260726T224205_P00500_M_P_I_001_gcov.tif,Band 1: VHVH,40,0.012612062890548259,0.0041938287738481385,0.33252520307293115,9.04379824572043,-18.992138722921972,1.3839585740903557,-21.896172526076644,-21.67302455910248,-19.242866506823123,-17.295963548814147,-15.46807715703407,0
67,ROI 67,rect,40,70793.96826171875,253472.46792909206,9696341.875260975,-65.21745412001269,-2.745201288582951,power,water,gamma0,41.52094268798828,NISAR_S2_PR_GCOV_026_097_D_090_1000_DVNA_A_20260726T224133_20260726T224205_P00500_M_P_I_001_gcov.tif,Band 2: VVVV,40,0.042262793192639946,0.012732730457807208,0.3012751760104822,11.017252483254559,-13.740418033541488,1.3027841653177115,-16.305195675455643,-16.170090745600774,-13.474779144961639,-12.48120627447715,-10.515601523586744,0
67,ROI 67,rect,40,70793.96826171875,253472.46792909206,9696341.875260975,-65.21745412001269,-2.745201288582951,power,water,sigma0,41.52094268798828,NISAR_S2_PR_GCOV_026_097_D_090_1000_DVNA_A_20260726T224133_20260726T224205_P00500_M_P_I_001_gcov.tif,Band 1: VHVH,40,0.009459901636251928,0.0031441459609975178,0.3323656082161176,9.052485607961126,-20.241133793545604,1.3826832668066924,-23.140502648727935,-22.917583764913584,-20.487367620190735,-18.54120508778312,-16.71281478687874,0
67,ROI 67,rect,40,70793.96826171875,253472.46792909206,9696341.875260975,-65.21745412001269,-2.745201288582951,power,water,sigma0,41.52094268798828,NISAR_S2_PR_GCOV_026_097_D_090_1000_DVNA_A_20260726T224133_20260726T224205_P00500_M_P_I_001_gcov.tif,Band 2: VVVV,40,0.031697980294632465,0.009532451841931805,0.30072742027497473,11.057423473974854,-14.98968408912856,1.3006046433644103,-17.549791259534647,-17.414633021311264,-14.727215026625684,-13.726000021267588,-11.774007254025642,0
68,ROI 68,rect,56,94391.73583984375,256553.92197951928,9696898.928126,-65.18974174281595,-2.74021661784601,power,water,gamma0,41.674983978271484,NISAR_S2_PR_GCOV_026_097_D_090_1000_DVNA_A_20260726T224133_20260726T224205_P00500_M_P_I_001_gcov.tif,Band 1: VHVH,56,0.014500633697025478,0.004680371407814507,0.32277012892026874,9.598720118343111,-18.38613018102423,1.3903387924642054,-21.724752004765108,-21.345409197028033,-18.61908590960597,-16.26932125567887,-15.315783531934246,0
68,ROI 68,rect,56,94391.73583984375,256553.92197951928,9696898.928126,-65.18974174281595,-2.74021661784601,power,water,gamma0,41.674983978271484,NISAR_S2_PR_GCOV_026_097_D_090_1000_DVNA_A_20260726T224133_20260726T224205_P00500_M_P_I_001_gcov.tif,Band 2: VVVV,56,0.03912639444960015,0.013574436782745692,0.34693809572030254,8.307991034739338,-14.075301710819218,1.5772847956706562,-18.329381005025095,-16.866074856260862,-14.04394789356539,-12.190413582867873,-11.0675883558988,0
68,ROI 68,rect,56,94391.73583984375,256553.92197951928,9696898.928126,-65.18974174281595,-2.74021661784601,power,water,sigma0,41.674983978271484,NISAR_S2_PR_GCOV_026_097_D_090_1000_DVNA_A_20260726T224133_20260726T224205_P00500_M_P_I_001_gcov.tif,Band 1: VHVH,56,0.01085977124946059,0.0035053025745202704,0.32277867498308316,9.598211843258824,-19.64179322642503,1.3903938202082506,-22.98045115768955,-22.601460146790263,-19.874768910674963,-17.525251753109032,-16.57147127848225,0
68,ROI 68,rect,56,94391.73583984375,256553.92197951928,9696898.928126,-65.18974174281595,-2.74021661784601,power,water,sigma0,41.674983978271484,NISAR_S2_PR_GCOV_026_097_D_090_1000_DVNA_A_20260726T224133_20260726T224205_P00500_M_P_I_001_gcov.tif,Band 2: VVVV,56,0.029302274811871983,0.010166037947162261,0.346936816763572,8.30805228843236,-15.330986629259495,1.577263041505776,-19.58532488378769,-18.122067361298633,-15.29931176883083,-13.446205528528822,-12.3231136512462,0
69,ROI 69,rect,70,98886.564453125,259379.25177000902,9695640.680230964,-65.16436129816064,-2.7516383651783145,power,water,gamma0,41.83576965332031,NISAR_S2_PR_GCOV_026_097_D_090_1000_DVNA_A_20260726T224133_20260726T224205_P00500_M_P_I_001_gcov.tif,Band 1: VHVH,70,0.01656519160605967,0.00529420132361094,0.3195979527139476,9.79021034267031,-17.808035363607623,1.3981998472838424,-21.851921983211653,-20.328709518227463,-18.000912717703628,-15.537156933830083,-15.099433383216393,0
69,ROI 69,rect,70,98886.564453125,259379.25177000902,9695640.680230964,-65.16436129816064,-2.7516383651783145,power,water,gamma0,41.83576965332031,NISAR_S2_PR_GCOV_026_097_D_090_1000_DVNA_A_20260726T224133_20260726T224205_P00500_M_P_I_001_gcov.tif,Band 2: VVVV,70,0.04447398465126753,0.013287195439344686,0.29876332295235425,11.203286381155863,-13.518939581487093,1.3479031123261986,-17.433283322864725,-16.03145647283535,-13.708826059836616,-11.649990866402618,-11.17582244036141,0
69,ROI 69,rect,70,98886.564453125,259379.25177000902,9695640.680230964,-65.16436129816064,-2.7516383651783145,power,water,sigma0,41.83576965332031,NISAR_S2_PR_GCOV_026_097_D_090_1000_DVNA_A_20260726T224133_20260726T224205_P00500_M_P_I_001_gcov.tif,Band 1: VHVH,70,0.012374507552310765,0.003955120711643512,0.3196184328890687,9.788955729182618,-19.074720749454617,1.39827662840411,-23.11910699315777,-21.595504212942373,-19.26761227795926,-16.803426665435868,-16.366557398401437,0
69,ROI 69,rect,70,98886.564453125,259379.25177000902,9695640.680230964,-65.16436129816064,-2.7516383651783145,power,water,sigma0,41.83576965332031,NISAR_S2_PR_GCOV_026_097_D_090_1000_DVNA_A_20260726T224133_20260726T224205_P00500_M_P_I_001_gcov.tif,Band 2: VVVV,70,0.033222635039936665,0.009925439448940568,0.2987553346388472,11.203885510610892,-14.78565924626354,1.3478767022657803,-18.700387930805434,-17.29809033027797,-14.975562057137598,-12.91669721006894,-12.442486249965137,0
70,ROI 70,rect,48,78659.79443359375,260986.47395660478,9694007.088442232,-65.14993789383905,-2.76643344056454,power,water,gamma0,41.93636703491211,NISAR_S2_PR_GCOV_026_097_D_090_1000_DVNA_A_20260726T224133_20260726T224205_P00500_M_P_I_001_gcov.tif,Band 1: VHVH,48,0.015569339215289801,0.004730039336705389,0.3038047582687565,10.834549467201436,-18.07729819110948,1.3023897019274244,-21.198540730958722,-20.118033018767704,-18.07844560243941,-16.24348650030371,-15.400809068442483,0
70,ROI 70,rect,48,78659.79443359375,260986.47395660478,9694007.088442232,-65.14993789383905,-2.76643344056454,power,water,gamma0,41.93636703491211,NISAR_S2_PR_GCOV_026_097_D_090_1000_DVNA_A_20260726T224133_20260726T224205_P00500_M_P_I_001_gcov.tif,Band 2: VVVV,48,0.044557416501144566,0.013446222785216929,0.30177294468748045,10.9809369660603,-13.510799980817199,1.2614643739144056,-16.039489087982655,-15.514982791684911,-13.884165141702011,-11.662391942462584,-11.13943462322216,0
70,ROI 70,rect,48,78659.79443359375,260986.47395660478,9694007.088442232,-65.14993789383905,-2.76643344056454,power,water,sigma0,41.93636703491211,NISAR_S2_PR_GCOV_026_097_D_090_1000_DVNA_A_20260726T224133_20260726T224205_P00500_M_P_I_001_gcov.tif,Band 1: VHVH,48,0.011612051172194784,0.003527624520779576,0.30378995652607194,10.835605289599636,-19.350910589794566,1.3023486678621963,-22.472279695615075,-21.390872707375937,-19.352265887627357,-17.517171682287852,-16.67526239683494,0
70,ROI 70,rect,48,78659.79443359375,260986.47395660478,9694007.088442232,-65.14993789383905,-2.76643344056454,power,water,sigma0,41.93636703491211,NISAR_S2_PR_GCOV_026_097_D_090_1000_DVNA_A_20260726T224133_20260726T224205_P00500_M_P_I_001_gcov.tif,Band 2: VVVV,48,0.033232359793327865,0.010029264026583318,0.301792111332308,10.979542224266485,-14.784388188526973,1.2614776908740193,-17.31343353298699,-16.787223185279004,-15.157776275678504,-12.935847207078023,-12.412122041669653,0
71,ROI 71,rect,90,151701.0107421875,261306.47108317388,9689645.64744251,-65.14713232843752,-2.8058691794004327,power,water,gamma0,42.00041961669922,NISAR_S2_PR_GCOV_026_097_D_090_1000_DVNA_A_20260726T224133_20260726T224205_P00500_M_P_I_001_gcov.tif,Band 1: VHVH,90,0.01449247448084255,0.006092514108408166,0.42039157056731735,5.6583785863031295,-18.388574556864658,1.772997746476041,-22.000177506862933,-21.63056809063213,-18.44843353905543,-15.881193236209022,-14.434981159126414,0
71,ROI 71,rect,90,151701.0107421875,261306.47108317388,9689645.64744251,-65.14713232843752,-2.8058691794004327,power,water,gamma0,42.00041961669922,NISAR_S2_PR_GCOV_026_097_D_090_1000_DVNA_A_20260726T224133_20260726T224205_P00500_M_P_I_001_gcov.tif,Band 2: VVVV,90,0.03531955601647496,0.018507960763355886,0.5240145361601591,3.6417768515137503,-14.519847643472124,2.179219058124498,-19.680696003952633,-18.018505451264566,-14.716409580301509,-11.996619232545251,-9.132323337282413,0
71,ROI 71,rect,90,151701.0107421875,261306.47108317388,9689645.64744251,-65.14713232843752,-2.8058691794004327,power,water,sigma0,42.00041961669922,NISAR_S2_PR_GCOV_026_097_D_090_1000_DVNA_A_20260726T224133_20260726T224205_P00500_M_P_I_001_gcov.tif,Band 1: VHVH,90,0.01106109409350308,0.00452169925716443,0.40879312832356485,5.984017105676927,-19.56201913241949,1.713164628292135,-23.239390979045353,-22.47288947001266,-19.694545275936573,-17.158952568168296,-15.712968115583713,0
71,ROI 71,rect,90,151701.0107421875,261306.47108317388,9689645.64744251,-65.14713232843752,-2.8058691794004327,power,water,sigma0,42.00041961669922,NISAR_S2_PR_GCOV_026_097_D_090_1000_DVNA_A_20260726T224133_20260726T224205_P00500_M_P_I_001_gcov.tif,Band 2: VVVV,90,0.026810092938372925,0.01351763846474122,0.5041996122808513,3.933643385091308,-15.717016805134815,2.0813479191048763,-20.958389742227986,-19.17251401429981,-16.038875997909983,-13.270636769569993,-10.407347060834038,0
72,ROI 72,rect,99,160129.02294921875,260026.4824121721,9678611.663359482,-65.15882711500811,-2.9056019902076726,power,water,gamma0,42.054664611816406,NISAR_S2_PR_GCOV_026_097_D_090_1000_DVNA_A_20260726T224133_20260726T224205_P00500_M_P_I_001_gcov.tif,Band 1: VHVH,99,0.015888437708708073,0.005327927092877107,0.33533360488658975,8.892949878858422,-17.989188043561132,1.391340553364908,-21.12651575153789,-20.44533584286966,-18.432343613918796,-16.08362384912121,-14.329041158675793,0
72,ROI 72,rect,99,160129.02294921875,260026.4824121721,9678611.663359482,-65.15882711500811,-2.9056019902076726,power,water,gamma0,42.054664611816406,NISAR_S2_PR_GCOV_026_097_D_090_1000_DVNA_A_20260726T224133_20260726T224205_P00500_M_P_I_001_gcov.tif,Band 2: VVVV,99,0.025016567829732942,0.009532246543741126,0.3810373432766331,6.887552449470015,-16.017722739732733,1.5149986775026043,-19.892069541859,-18.600351768789803,-16.40559482411329,-13.676153395068402,-11.766682780402064,0
72,ROI 72,rect,99,160129.02294921875,260026.4824121721,9678611.663359482,-65.15882711500811,-2.9056019902076726,power,water,sigma0,42.054664611816406,NISAR_S2_PR_GCOV_026_097_D_090_1000_DVNA_A_20260726T224133_20260726T224205_P00500_M_P_I_001_gcov.tif,Band 1: VHVH,99,0.011826952695998344,0.003965798493667445,0.3353187076675529,8.893740071365148,-19.27127140223591,1.391294223535772,-22.40829722176523,-21.727713187151302,-19.715107185611217,-17.36542738440922,-15.61174421202989,0
72,ROI 72,rect,99,160129.02294921875,260026.4824121721,9678611.663359482,-65.15882711500811,-2.9056019902076726,power,water,sigma0,42.054664611816406,NISAR_S2_PR_GCOV_026_097_D_090_1000_DVNA_A_20260726T224133_20260726T224205_P00500_M_P_I_001_gcov.tif,Band 2: VVVV,99,0.01862167686751812,0.007095191981172696,0.381017887467958,6.888255861715897,-17.299812137134488,1.5149367242861633,-21.174024532983328,-19.88207120532738,-17.687898268920133,-14.957938384967013,-13.049211587388239,0
73,ROI 73,rect,99,133721.640625,262539.0524294579,9674262.0814122,-65.1363088539973,-2.9449686399859814,power,water,gamma0,42.23137664794922,NISAR_S2_PR_GCOV_026_097_D_090_1000_DVNA_A_20260726T224133_20260726T224205_P00500_M_P_I_001_gcov.tif,Band 1: VHVH,99,0.018461915250453684,0.006609466117730249,0.3580054413676191,7.802265862420527,-17.337232469960668,1.4069693369998957,-20.66381296348885,-19.692435426992404,-17.6143493423961,-15.374216564170137,-12.848318991899731,0
73,ROI 73,rect,99,133721.640625,262539.0524294579,9674262.0814122,-65.1363088539973,-2.9449686399859814,power,water,gamma0,42.23137664794922,NISAR_S2_PR_GCOV_026_097_D_090_1000_DVNA_A_20260726T224133_20260726T224205_P00500_M_P_I_001_gcov.tif,Band 2: VVVV,99,0.023242345964065707,0.007929392564922753,0.34116145492293026,8.59171939023888,-16.337200385954535,1.5208966008475933,-20.50454924899856,-19.56574283852191,-16.631917726561138,-14.232739720420097,-12.780017744933211,0
73,ROI 73,rect,99,133721.640625,262539.0524294579,9674262.0814122,-65.1363088539973,-2.9449686399859814,power,water,sigma0,42.23137664794922,NISAR_S2_PR_GCOV_026_097_D_090_1000_DVNA_A_20260726T224133_20260726T224205_P00500_M_P_I_001_gcov.tif,Band 1: VHVH,99,0.01370348286283566,0.004905736370661319,0.3579919367773176,7.802854525909544,-18.63169038984063,1.406981666332159,-21.957775803413107,-20.986637981426703,-18.908435277645406,-16.66905810951103,-14.1428868806611,0
73,ROI 73,rect,99,133721.640625,262539.0524294579,9674262.0814122,-65.1363088539973,-2.9449686399859814,power,water,sigma0,42.23137664794922,NISAR_S2_PR_GCOV_026_097_D_090_1000_DVNA_A_20260726T224133_20260726T224205_P00500_M_P_I_001_gcov.tif,Band 2: VVVV,99,0.01725184290988011,0.005885614055685256,0.34115856992382954,8.591864702182974,-17.631645050636955,1.5209457021061323,-21.79934278850269,-20.860345876147612,-17.926568271189005,-15.527307094138445,-14.075314245282941,0
74,ROI 74,rect,126,193840.4912109375,265762.7267481351,9672733.203423725,-65.10734652736049,-2.9588465707075784,power,water,gamma0,42.413448333740234,NISAR_S2_PR_GCOV_026_097_D_090_1000_DVNA_A_20260726T224133_20260726T224205_P00500_M_P_I_001_gcov.tif,Band 1: VHVH,126,0.01885083526195515,0.006162035395532544,0.32688394492358624,9.358641669146168,-17.24669401870846,1.386356821871895,-20.446952824968683,-19.87409395691986,-17.323561256824938,-15.261817406652922,-13.604332138253117,0
74,ROI 74,rect,126,193840.4912109375,265762.7267481351,9672733.203423725,-65.10734652736049,-2.9588465707075784,power,water,gamma0,42.413448333740234,NISAR_S2_PR_GCOV_026_097_D_090_1000_DVNA_A_20260726T224133_20260726T224205_P00500_M_P_I_001_gcov.tif,Band 2: VVVV,126,0.04349451006523201,0.014752612112393874,0.33918331509581934,8.692226587113169,-13.615655568118205,1.496269051351668,-18.017274514469342,-16.32774526542062,-13.796112507346358,-11.525481259535898,-10.618939535428819,0
74,ROI 74,rect,126,193840.4912109375,265762.7267481351,9672733.203423725,-65.10734652736049,-2.9588465707075784,power,water,sigma0,42.413448333740234,NISAR_S2_PR_GCOV_026_097_D_090_1000_DVNA_A_20260726T224133_20260726T224205_P00500_M_P_I_001_gcov.tif,Band 1: VHVH,126,0.013497970027267867,0.0038556763111484513,0.2856486051872558,12.255634047866346,-18.69731540560212,1.2595402555387136,-22.487795008436425,-21.143013315977473,-18.727596945924287,-16.896016875783857,-15.836074898636308,0
74,ROI 74,rect,126,193840.4912109375,265762.7267481351,9672733.203423725,-65.10734652736049,-2.9588465707075784,power,water,sigma0,42.413448333740234,NISAR_S2_PR_GCOV_026_097_D_090_1000_DVNA_A_20260726T224133_20260726T224205_P00500_M_P_I_001_gcov.tif,Band 2: VVVV,126,0.0311536701380641,0.009639987757901213,0.30943345407393613,10.443966487908705,-15.064907828148463,1.366241449869997,-19.305531723823247,-17.55049323242592,-15.210948444863472,-13.027334754510822,-12.252828071487766,0
75,ROI 75,rect,63,101134.03564453125,269341.95360337757,9673432.459697375,-65.07514811413245,-2.9525855209073226,power,water,gamma0,42.5873908996582,NISAR_S2_PR_GCOV_026_097_D_090_1000_DVNA_A_20260726T224133_20260726T224205_P00500_M_P_I_001_gcov.tif,Band 1: VHVH,63,0.017344709145762617,0.00594799032468748,0.34292822524156297,8.503418160049838,-17.608329784653016,1.43035838100035,-20.4359450528155,-20.03402643423351,-17.86700161893466,-15.71395559696548,-14.483565017906862,0
75,ROI 75,rect,63,101134.03564453125,269341.95360337757,9673432.459697375,-65.07514811413245,-2.9525855209073226,power,water,gamma0,42.5873908996582,NISAR_S2_PR_GCOV_026_097_D_090_1000_DVNA_A_20260726T224133_20260726T224205_P00500_M_P_I_001_gcov.tif,Band 2: VVVV,63,0.04617091423521439,0.01685437810728992,0.3650431962734484,7.504322387700202,-13.356315258521995,1.6492291676972684,-18.38714836523678,-16.68241266418584,-13.609682701892211,-11.131813971861481,-10.126713279849671,0
75,ROI 75,rect,63,101134.03564453125,269341.95360337757,9673432.459697375,-65.07514811413245,-2.9525855209073226,power,water,sigma0,42.5873908996582,NISAR_S2_PR_GCOV_026_097_D_090_1000_DVNA_A_20260726T224133_20260726T224205_P00500_M_P_I_001_gcov.tif,Band 1: VHVH,63,0.012799768415716768,0.00438902084346104,0.3428984572933198,8.504894633878846,-18.92797887905737,1.43026445640999,-21.756197869177285,-21.35341814120116,-19.187141822148497,-17.033922713904385,-15.803179030157883,0
75,ROI 75,rect,63,101134.03564453125,269341.95360337757,9673432.459697375,-65.07514811413245,-2.9525855209073226,power,water,sigma0,42.5873908996582,NISAR_S2_PR_GCOV_026_097_D_090_1000_DVNA_A_20260726T224133_20260726T224205_P00500_M_P_I_001_gcov.tif,Band 2: VVVV,63,0.03407299238497272,0.012438777672130235,0.3650626728521835,7.503521677916208,-14.675897238077166,1.6493269390988659,-19.707195603410433,-18.002397193594813,-14.929327933027963,-12.451381468498411,-11.44629642421059,0
76,ROI 76,rect,90,134845.3427734375,272944.8839627143,9672436.917548904,-65.04276428223534,-2.9616468237837497,power,water,gamma0,42.78059387207031,NISAR_S2_PR_GCOV_026_097_D_090_1000_DVNA_A_20260726T224133_20260726T224205_P00500_M_P_I_001_gcov.tif,Band 1: VHVH,90,0.015443073621847563,0.004729077543553185,0.30622644554791756,10.663864379085863,-18.112662581349127,1.3365849958843987,-21.551188245923676,-20.704603955377614,-18.28547597703795,-16.27340179862584,-14.990795783368524,0
76,ROI 76,rect,90,134845.3427734375,272944.8839627143,9672436.917548904,-65.04276428223534,-2.9616468237837497,power,water,gamma0,42.78059387207031,NISAR_S2_PR_GCOV_026_097_D_090_1000_DVNA_A_20260726T224133_20260726T224205_P00500_M_P_I_001_gcov.tif,Band 2: VVVV,90,0.0422513365952505,0.016633715142280743,0.39368494544029525,6.452119237806627,-13.741595478560583,1.648152109578432,-17.520953909197353,-17.128384308232622,-13.895088980789135,-11.608057516496793,-9.112319791846533,0
76,ROI 76,rect,90,134845.3427734375,272944.8839627143,9672436.917548904,-65.04276428223534,-2.9616468237837497,power,water,sigma0,42.78059387207031,NISAR_S2_PR_GCOV_026_097_D_090_1000_DVNA_A_20260726T224133_20260726T224205_P00500_M_P_I_001_gcov.tif,Band 1: VHVH,90,0.011393954218483542,0.0034765587026195353,0.3051231061627209,10.741125879653413,-19.433255298942516,1.3330565755260237,-22.878135035054683,-22.035184182031735,-19.594119802557795,-17.606659043024774,-16.26132156453377,0
76,ROI 76,rect,90,134845.3427734375,272944.8839627143,9672436.917548904,-65.04276428223534,-2.9616468237837497,power,water,sigma0,42.78059387207031,NISAR_S2_PR_GCOV_026_097_D_090_1000_DVNA_A_20260726T224133_20260726T224205_P00500_M_P_I_001_gcov.tif,Band 2: VVVV,90,0.031119139755557225,0.012066518954064378,0.3877523302008871,6.651064618076269,-15.06972416970856,1.6265305319248768,-18.84748645818137,-18.461425690866836,-15.228212331170035,-13.008993938211775,-10.44608737060594,0
77,ROI 77,rect,126,215752.556640625,274815.62665177835,9668602.922300419,-65.02600412559089,-2.996342455451986,power,water,gamma0,42.9160041809082,NISAR_S2_PR_GCOV_026_097_D_090_1000_DVNA_A_20260726T224133_20260726T224205_P00500_M_P_I_001_gcov.tif,Band 1: VHVH,126,0.018441518458227318,0.0069753598772187946,0.3782421655255224,6.989725449789513,-17.342033223887462,1.4473446644488694,-20.924020601556848,-19.805771693143473,-17.743271534554705,-15.410775751112173,-12.846341525643973,0
77,ROI 77,rect,126,215752.556640625,274815.62665177835,9668602.922300419,-65.02600412559089,-2.996342455451986,power,water,gamma0,42.9160041809082,NISAR_S2_PR_GCOV_026_097_D_090_1000_DVNA_A_20260726T224133_20260726T224205_P00500_M_P_I_001_gcov.tif,Band 2: VVVV,126,0.04056092427067813,0.011333292677052088,0.27941406367914134,12.808653488310746,-13.918921571983446,1.2524861385735648,-17.73937535461657,-16.164391916909526,-14.162564107978488,-12.200737827211782,-11.605167550841264,0
77,ROI 77,rect,126,215752.556640625,274815.62665177835,9668602.922300419,-65.02600412559089,-2.996342455451986,power,water,sigma0,42.9160041809082,NISAR_S2_PR_GCOV_026_097_D_090_1000_DVNA_A_20260726T224133_20260726T224205_P00500_M_P_I_001_gcov.tif,Band 1: VHVH,126,0.01353585230393981,0.005119876569079159,0.37824559947281217,6.989598536271716,-18.68514393070853,1.4473308369045401,-22.267413583849482,-21.14897848466348,-19.086618817121735,-16.75376162655051,-14.1894960902396,0
77,ROI 77,rect,126,215752.556640625,274815.62665177835,9668602.922300419,-65.02600412559089,-2.996342455451986,power,water,sigma0,42.9160041809082,NISAR_S2_PR_GCOV_026_097_D_090_1000_DVNA_A_20260726T224133_20260726T224205_P00500_M_P_I_001_gcov.tif,Band 2: VVVV,126,0.029771220711545063,0.008318469004742144,0.2794130978148404,12.808742041371616,-15.262033575797107,1.2524739091301111,-19.082858981390714,-17.50759051339404,-15.50545898164378,-13.543449111716793,-12.947701796991884,0
78,ROI 78,rect,56,94391.47509765625,275288.1185694089,9663633.236217774,-65.0218379501679,-3.041283226580706,power,water,gamma0,42.99329376220703,NISAR_S2_PR_GCOV_026_097_D_090_1000_DVNA_A_20260726T224133_20260726T224205_P00500_M_P_I_001_gcov.tif,Band 1: VHVH,56,0.017130925619442548,0.005343628001881726,0.3119287375702009,10.277541163317151,-17.662191705688834,1.3222575160690828,-20.269710004662343,-20.016959761042767,-17.871959505055884,-15.812159738733486,-14.755805658277165,0
78,ROI 78,rect,56,94391.47509765625,275288.1185694089,9663633.236217774,-65.0218379501679,-3.041283226580706,power,water,gamma0,42.99329376220703,NISAR_S2_PR_GCOV_026_097_D_090_1000_DVNA_A_20260726T224133_20260726T224205_P00500_M_P_I_001_gcov.tif,Band 2: VVVV,56,0.03126638472479369,0.011825595639322473,0.3782207550828537,6.990516825459978,-15.049223325352159,1.5779585834208536,-18.63902169419967,-17.800552474207706,-15.593300940195324,-12.667828833454042,-11.858143874014592,0
78,ROI 78,rect,56,94391.47509765625,275288.1185694089,9663633.236217774,-65.0218379501679,-3.041283226580706,power,water,sigma0,42.99329376220703,NISAR_S2_PR_GCOV_026_097_D_090_1000_DVNA_A_20260726T224133_20260726T224205_P00500_M_P_I_001_gcov.tif,Band 1: VHVH,56,0.012557682781079658,0.003917087633421877,0.31192758263679454,10.277617270069232,-19.010904918276538,1.3222887665902157,-21.618621639518693,-21.365995791916742,-19.220752983382468,-17.16087700162633,-16.10492282957836,0
78,ROI 78,rect,56,94391.47509765625,275288.1185694089,9663633.236217774,-65.0218379501679,-3.041283226580706,power,water,sigma0,42.99329376220703,NISAR_S2_PR_GCOV_026_097_D_090_1000_DVNA_A_20260726T224133_20260726T224205_P00500_M_P_I_001_gcov.tif,Band 2: VVVV,56,0.02291954900206072,0.00866866242204382,0.37822133503867866,6.990495387283607,-16.39793932422075,1.5779767610646107,-19.9878086699376,-19.149050617115545,-16.94167351770919,-14.01649843203213,-13.206476033228288,0
79,ROI 79,rect,48,73041.119140625,277991.29240235407,9662413.14878938,-64.99754658149747,-3.05236017674041,power,water,gamma0,43.14060592651367,NISAR_S2_PR_GCOV_026_097_D_090_1000_DVNA_A_20260726T224133_20260726T224205_P00500_M_P_I_001_gcov.tif,Band 1: VHVH,48,0.016496591105048235,0.00495990595993781,0.3006624779843149,11.062200737617765,-17.826057901630477,1.3244952717448235,-21.703276770422548,-20.047468162204026,-18.005353631544367,-16.10944063633838,-15.3670285074311,0
79,ROI 79,rect,48,73041.119140625,277991.29240235407,9662413.14878938,-64.99754658149747,-3.05236017674041,power,water,gamma0,43.14060592651367,NISAR_S2_PR_GCOV_026_097_D_090_1000_DVNA_A_20260726T224133_20260726T224205_P00500_M_P_I_001_gcov.tif,Band 2: VVVV,48,0.04314122919458896,0.013774971916023615,0.31929947693171795,9.808522345573076,-13.651074849909604,1.3544536675075507,-16.216213513822805,-15.969269440442297,-13.846952000972568,-11.78127696842652,-10.565794378157323,0
79,ROI 79,rect,48,73041.119140625,277991.29240235407,9662413.14878938,-64.99754658149747,-3.05236017674041,power,water,sigma0,43.14060592651367,NISAR_S2_PR_GCOV_026_097_D_090_1000_DVNA_A_20260726T224133_20260726T224205_P00500_M_P_I_001_gcov.tif,Band 1: VHVH,48,0.012062774305918228,0.003626829139260962,0.3006629360114588,11.062167033534267,-19.185527977358497,1.3244784050817435,-23.062448843454213,-21.406742317291734,-19.364772883402576,-17.46872827018641,-16.72623173102233,0
79,ROI 79,rect,48,73041.119140625,277991.29240235407,9662413.14878938,-64.99754658149747,-3.05236017674041,power,water,sigma0,43.14060592651367,NISAR_S2_PR_GCOV_026_097_D_090_1000_DVNA_A_20260726T224133_20260726T224205_P00500_M_P_I_001_gcov.tif,Band 2: VVVV,48,0.03154605609907716,0.010072352574454093,0.31929039062188025,9.809080611927639,-15.010549287010475,1.3544353535885627,-17.57573852160971,-17.328931737687054,-15.20651434651622,-13.141044178974404,-11.92555728793938,0
80,ROI 80,rect,48,86525.77734375,280079.63365372946,9660798.495926062,-64.97879087165889,-3.066994163390598,power,water,gamma0,43.26203536987305,NISAR_S2_PR_GCOV_026_097_D_090_1000_DVNA_A_20260726T224133_20260726T224205_P00500_M_P_I_001_gcov.tif,Band 1: VHVH,48,0.0164493340998888,0.005052881750977682,0.3071784985516125,10.597864766500502,-17.838516784190116,1.4233637180524015,-21.703115123366253,-20.520259854757978,-17.681774665013062,-16.023385683738137,-15.442094306352153,0
80,ROI 80,rect,48,86525.77734375,280079.63365372946,9660798.495926062,-64.97879087165889,-3.066994163390598,power,water,gamma0,43.26203536987305,NISAR_S2_PR_GCOV_026_097_D_090_1000_DVNA_A_20260726T224133_20260726T224205_P00500_M_P_I_001_gcov.tif,Band 2: VVVV,48,0.047325079988998674,0.014139381118364148,0.29877141510697985,11.202679512537301,-13.249086433176494,1.3755460083438429,-17.028648210760608,-15.851670473565989,-13.264429316961685,-11.31874753659975,-11.02128760931915,0
80,ROI 80,rect,48,86525.77734375,280079.63365372946,9660798.495926062,-64.97879087165889,-3.066994163390598,power,water,sigma0,43.26203536987305,NISAR_S2_PR_GCOV_026_097_D_090_1000_DVNA_A_20260726T224133_20260726T224205_P00500_M_P_I_001_gcov.tif,Band 1: VHVH,48,0.012003852476713728,0.003687206192123968,0.3071685693636088,10.598549927047149,-19.206793505466575,1.4233203924193438,-23.071466094577204,-21.888211879479172,-19.05046270616372,-17.39176192449299,-16.810351984232824,0
80,ROI 80,rect,48,86525.77734375,280079.63365372946,9660798.495926062,-64.97879087165889,-3.066994163390598,power,water,sigma0,43.26203536987305,NISAR_S2_PR_GCOV_026_097_D_090_1000_DVNA_A_20260726T224133_20260726T224205_P00500_M_P_I_001_gcov.tif,Band 2: VVVV,48,0.03453546865684783,0.010318165710977354,0.2987701083052025,11.202777512391416,-14.617346461092053,1.3755635310962366,-18.397258143542288,-17.219831973477973,-14.632743391921036,-12.686982431770135,-12.3897315211256,0
81,ROI 81,rect,81,117989.83642578125,282935.9040683063,9660644.4234288,-64.95310347822652,-3.0684346808649816,power,water,gamma0,43.406986236572266,NISAR_S2_PR_GCOV_026_097_D_090_1000_DVNA_A_20260726T224133_20260726T224205_P00500_M_P_I_001_gcov.tif,Band 1: VHVH,81,0.01707590331127982,0.005604032349863935,0.3281836543406803,9.284662182989615,-17.67616312962523,1.4367953525965849,-21.001601447869742,-20.69154908212485,-17.754051111760702,-15.869537544183475,-14.379823561782066,0
81,ROI 81,rect,81,117989.83642578125,282935.9040683063,9660644.4234288,-64.95310347822652,-3.0684346808649816,power,water,gamma0,43.406986236572266,NISAR_S2_PR_GCOV_026_097_D_090_1000_DVNA_A_20260726T224133_20260726T224205_P00500_M_P_I_001_gcov.tif,Band 2: VVVV,81,0.041027169605648076,0.01268256565469554,0.30912602006426426,10.464750420115696,-13.869284432341288,1.3680993403227784,-16.91297117758156,-16.660077637823377,-13.942586635843895,-11.77337977445108,-11.242142149211535,0
81,ROI 81,rect,81,117989.83642578125,282935.9040683063,9660644.4234288,-64.95310347822652,-3.0684346808649816,power,water,sigma0,43.406986236572266,NISAR_S2_PR_GCOV_026_097_D_090_1000_DVNA_A_20260726T224133_20260726T224205_P00500_M_P_I_001_gcov.tif,Band 1: VHVH,81,0.012431036604640696,0.0040797254716247325,0.3281886781752142,9.284377930347157,-19.054926547127835,1.4368205406580818,-22.380694541484377,-22.071027673874816,-19.13322848571646,-17.248131745900267,-15.758303982923692,0
81,ROI 81,rect,81,117989.83642578125,282935.9040683063,9660644.4234288,-64.95310347822652,-3.0684346808649816,power,water,sigma0,43.406986236572266,NISAR_S2_PR_GCOV_026_097_D_090_1000_DVNA_A_20260726T224133_20260726T224205_P00500_M_P_I_001_gcov.tif,Band 2: VVVV,81,0.029867024619104558,0.0092319419967155,0.30910149619692123,10.466411015971055,-15.24808040062995,1.368030133186958,-18.29136839856445,-18.039223006393684,-15.321669061177538,-13.152119406305472,-12.6216207409615,0
82,ROI 82,rect,110,192154.4189453125,285282.54922161356,9661023.673966806,-64.93199075684711,-3.065044066673084,power,water,gamma0,43.52058410644531,NISAR_S2_PR_GCOV_026_097_D_090_1000_DVNA_A_20260726T224133_20260726T224205_P00500_M_P_I_001_gcov.tif,Band 1: VHVH,110,0.018055020780725912,0.005649907754001237,0.3129272362861318,10.212057957501303,-17.43402007378423,1.3601927688223656,-20.859015325758637,-20.186372805758353,-17.517274453812227,-15.423751357225658,-14.204858341886833,0
82,ROI 82,rect,110,192154.4189453125,285282.54922161356,9661023.673966806,-64.93199075684711,-3.065044066673084,power,water,gamma0,43.52058410644531,NISAR_S2_PR_GCOV_026_097_D_090_1000_DVNA_A_20260726T224133_20260726T224205_P00500_M_P_I_001_gcov.tif,Band 2: VVVV,110,0.04321734964508902,0.012824195503925977,0.2967372041377194,11.356800560905981,-13.643418702571847,1.2274204302686402,-16.35740830433296,-15.851848438539236,-13.792082517226028,-11.609172917814538,-10.54387796792332,0
82,ROI 82,rect,110,192154.4189453125,285282.54922161356,9661023.673966806,-64.93199075684711,-3.065044066673084,power,water,sigma0,43.52058410644531,NISAR_S2_PR_GCOV_026_097_D_090_1000_DVNA_A_20260726T224133_20260726T224205_P00500_M_P_I_001_gcov.tif,Band 1: VHVH,110,0.013118882462186987,0.004105342099900065,0.312933827384538,10.21162778368051,-18.821031589525,1.3601741986341822,-22.245526014169535,-21.57324517232238,-18.903909889954555,-16.810410379563333,-15.592556466179692,0
82,ROI 82,rect,110,192154.4189453125,285282.54922161356,9661023.673966806,-64.93199075684711,-3.065044066673084,power,water,sigma0,43.52058410644531,NISAR_S2_PR_GCOV_026_097_D_090_1000_DVNA_A_20260726T224133_20260726T224205_P00500_M_P_I_001_gcov.tif,Band 2: VVVV,110,0.03140187121005867,0.009317805284113823,0.29672770841532325,11.357527441125875,-15.030444719271117,1.2273628829389878,-17.743908662443108,-17.23864721216678,-15.178979028277402,-12.996370594671518,-11.931367296586588,0
83,ROI 83,rect,72,114056.76416015625,286686.9813083623,9658226.675516073,-64.91940397204634,-3.090357193614558,power,water,gamma0,43.619319915771484,NISAR_S2_PR_GCOV_026_097_D_090_1000_DVNA_A_20260726T224133_20260726T224205_P00500_M_P_I_001_gcov.tif,Band 1: VHVH,72,0.018660151787723105,0.005647072376152194,0.3026273548250298,10.9190193683162,-17.290848278830637,1.3072478331439796,-21.06117042584291,-19.5392065400241,-17.33120324668188,-15.437236672012762,-14.009396573086017,0
83,ROI 83,rect,72,114056.76416015625,286686.9813083623,9658226.675516073,-64.91940397204634,-3.090357193614558,power,water,gamma0,43.619319915771484,NISAR_S2_PR_GCOV_026_097_D_090_1000_DVNA_A_20260726T224133_20260726T224205_P00500_M_P_I_001_gcov.tif,Band 2: VVVV,72,0.041387205503674016,0.013405135354368016,0.3238956385489235,9.532126561055417,-13.831338965107143,1.3672624584658097,-16.74371363924601,-16.045118534399915,-14.130385285883136,-11.744811221489964,-11.260514714035763,0
83,ROI 83,rect,72,114056.76416015625,286686.9813083623,9658226.675516073,-64.91940397204634,-3.090357193614558,power,water,sigma0,43.619319915771484,NISAR_S2_PR_GCOV_026_097_D_090_1000_DVNA_A_20260726T224133_20260726T224205_P00500_M_P_I_001_gcov.tif,Band 1: VHVH,72,0.013535858805644356,0.0040963517675105835,0.3026296171028641,10.91885612082312,-18.685141844653167,1.307270968557586,-22.455635968055844,-20.93368452893702,-18.726013607795778,-16.831277418185405,-15.403528453953058,0
83,ROI 83,rect,72,114056.76416015625,286686.9813083623,9658226.675516073,-64.91940397204634,-3.090357193614558,power,water,sigma0,43.619319915771484,NISAR_S2_PR_GCOV_026_097_D_090_1000_DVNA_A_20260726T224133_20260726T224205_P00500_M_P_I_001_gcov.tif,Band 2: VVVV,72,0.030021858179720768,0.009724435338640298,0.3239118405138887,9.531172997160732,-15.22562430939372,1.367291625090419,-18.13770028729946,-17.439368286270586,-15.524887415863606,-13.138751592802231,-12.654625898038027,0
84,ROI 84,rect,70,105066.8017578125,288832.147038001,9657177.79528667,-64.90012571611491,-3.0998760792315347,power,water,gamma0,43.735042572021484,NISAR_S2_PR_GCOV_026_097_D_090_1000_DVNA_A_20260726T224133_20260726T224205_P00500_M_P_I_001_gcov.tif,Band 1: VHVH,70,0.017127697236303772,0.005936209591895161,0.34658538798273497,8.324909138335602,-17.663010226031986,1.5163908808860551,-21.65753415890189,-20.55854872898502,-17.623470766146493,-15.619533991033725,-14.42166610493615,0
84,ROI 84,rect,70,105066.8017578125,288832.147038001,9657177.79528667,-64.90012571611491,-3.0998760792315347,power,water,gamma0,43.735042572021484,NISAR_S2_PR_GCOV_026_097_D_090_1000_DVNA_A_20260726T224133_20260726T224205_P00500_M_P_I_001_gcov.tif,Band 2: VVVV,70,0.038640423518206395,0.012952645934293188,0.33520972999144866,8.899523773842287,-14.129581221475373,1.4729540471983587,-18.302162298440475,-17.19361010302027,-14.246318876677414,-11.975472558854612,-10.907656127526309,0
84,ROI 84,rect,70,105066.8017578125,288832.147038001,9657177.79528667,-64.90012571611491,-3.0998760792315347,power,water,sigma0,43.735042572021484,NISAR_S2_PR_GCOV_026_097_D_090_1000_DVNA_A_20260726T224133_20260726T224205_P00500_M_P_I_001_gcov.tif,Band 1: VHVH,70,0.012399362517604267,0.004297478730688201,0.3465886834574569,8.324750827354842,-19.066006424348267,1.5163807933136497,-23.06010251168076,-21.961884268934963,-19.026831120118587,-17.022234496464254,-15.824088227456727,0
84,ROI 84,rect,70,105066.8017578125,288832.147038001,9657177.79528667,-64.90012571611491,-3.0998760792315347,power,water,sigma0,43.735042572021484,NISAR_S2_PR_GCOV_026_097_D_090_1000_DVNA_A_20260726T224133_20260726T224205_P00500_M_P_I_001_gcov.tif,Band 2: VVVV,70,0.027972973195973395,0.009375879507575385,0.3351763661978201,8.901295597171616,-15.532613708118648,1.4728544403178117,-19.704825042069366,-18.5964058766277,-15.64929230468336,-13.378967164658956,-12.311403798140233,0
85,ROI 86,rect,72,126417.33154296875,291712.1205169996,9654440.031606695,-64.87426435460169,-3.12467781363026,power,water,gamma0,43.905277252197266,NISAR_S2_PR_GCOV_026_097_D_090_1000_DVNA_A_20260726T224133_20260726T224205_P00500_M_P_I_001_gcov.tif,Band 1: VHVH,72,0.01761202252883878,0.004450429776521213,0.25269271426571616,15.660822211630434,-17.54190767674009,1.1282029214395943,-20.68256498972799,-19.514256246232534,-17.63826444046143,-15.907197299875516,-15.339212627439931,0
85,ROI 86,rect,72,126417.33154296875,291712.1205169996,9654440.031606695,-64.87426435460169,-3.12467781363026,power,water,gamma0,43.905277252197266,NISAR_S2_PR_GCOV_026_097_D_090_1000_DVNA_A_20260726T224133_20260726T224205_P00500_M_P_I_001_gcov.tif,Band 2: VVVV,72,0.03889480046927929,0.013029381170810792,0.33499030753742864,8.911186170279278,-14.101084521043475,1.4708690888981923,-18.05072484173097,-17.033569562719805,-14.21090010180282,-11.968907391729743,-11.286826489052814,0
85,ROI 86,rect,72,126417.33154296875,291712.1205169996,9654440.031606695,-64.87426435460169,-3.12467781363026,power,water,sigma0,43.905277252197266,NISAR_S2_PR_GCOV_026_097_D_090_1000_DVNA_A_20260726T224133_20260726T224205_P00500_M_P_I_001_gcov.tif,Band 1: VHVH,72,0.01271305926620633,0.0032125702945043646,0.25269844395707114,15.660112031868783,-18.9574992839488,1.1282231329442491,-22.09755763857951,-20.930292265335982,-19.053943079699007,-17.323021830111195,-16.754382409294593,0
85,ROI 86,rect,72,126417.33154296875,291712.1205169996,9654440.031606695,-64.87426435460169,-3.12467781363026,power,water,sigma0,43.905277252197266,NISAR_S2_PR_GCOV_026_097_D_090_1000_DVNA_A_20260726T224133_20260726T224205_P00500_M_P_I_001_gcov.tif,Band 2: VVVV,72,0.0280757923313526,0.00940531020106437,0.33499714238024686,8.910822549652329,-15.516679786006558,1.470862596350657,-19.466430010768946,-18.449086093637092,-15.626391533578163,-13.38481831142345,-12.70235557906755,0
86,ROI 87,rect,48,79643.11865234375,293649.88032798603,9652680.03532711,-64.85686179558049,-3.1406232664709726,power,water,gamma0,44.019779205322266,NISAR_S2_PR_GCOV_026_097_D_090_1000_DVNA_A_20260726T224133_20260726T224205_P00500_M_P_I_001_gcov.tif,Band 1: VHVH,48,0.017866011476144195,0.0054874783134349694,0.30714624362366444,10.600090750508704,-17.479723913802097,1.3123573569548033,-20.146016111465617,-19.755834719771304,-17.388006825405956,-15.882701320985916,-14.346820844684697,0
86,ROI 87,rect,48,79643.11865234375,293649.88032798603,9652680.03532711,-64.85686179558049,-3.1406232664709726,power,water,gamma0,44.019779205322266,NISAR_S2_PR_GCOV_026_097_D_090_1000_DVNA_A_20260726T224133_20260726T224205_P00500_M_P_I_001_gcov.tif,Band 2: VVVV,48,0.04404516079618285,0.015870358320316597,0.36032013582050526,7.702344423125229,-13.56101800190935,1.4466263906898484,-16.118154333196028,-16.072782627594723,-13.756973717889503,-11.410257512977802,-10.109861743043409,0
86,ROI 87,rect,48,79643.11865234375,293649.88032798603,9652680.03532711,-64.85686179558049,-3.1406232664709726,power,water,sigma0,44.019779205322266,NISAR_S2_PR_GCOV_026_097_D_090_1000_DVNA_A_20260726T224133_20260726T224205_P00500_M_P_I_001_gcov.tif,Band 1: VHVH,48,0.012871300530663946,0.003953718044197246,0.3071731589809518,10.59823321366427,-18.903775692762462,1.31242329589775,-21.5700036204022,-21.18020124990686,-18.812227915482307,-17.30620644748519,-15.770631219907221,0
86,ROI 87,rect,48,79643.11865234375,293649.88032798603,9652680.03532711,-64.85686179558049,-3.1406232664709726,power,water,sigma0,44.019779205322266,NISAR_S2_PR_GCOV_026_097_D_090_1000_DVNA_A_20260726T224133_20260726T224205_P00500_M_P_I_001_gcov.tif,Band 2: VVVV,48,0.031731665090816395,0.011434139489989312,0.36033846497700867,7.701560860450167,-14.985071380861609,1.4466897854753649,-17.542079323526213,-17.49668448665363,-15.180891430685426,-12.834425979850518,-11.53373319804089,0
87,ROI 88,rect,42,58293.18408203125,295413.59263332037,9651516.57987334,-64.84101485755319,-3.1511718306426895,power,water,gamma0,44.1183967590332,NISAR_S2_PR_GCOV_026_097_D_090_1000_DVNA_A_20260726T224133_20260726T224205_P00500_M_P_I_001_gcov.tif,Band 1: VHVH,42,0.017249739994960173,0.004597330210972485,0.26651591341757497,14.07841324969763,-17.632174466547692,1.223942337087713,-21.105127063706057,-19.94047282700518,-17.75998000245456,-15.930729952663834,-15.624486167049374,0
87,ROI 88,rect,42,58293.18408203125,295413.59263332037,9651516.57987334,-64.84101485755319,-3.1511718306426895,power,water,gamma0,44.1183967590332,NISAR_S2_PR_GCOV_026_097_D_090_1000_DVNA_A_20260726T224133_20260726T224205_P00500_M_P_I_001_gcov.tif,Band 2: VVVV,42,0.04456719751691535,0.015492428820186643,0.34761954269856293,8.275450250649216,-13.509846744443497,1.417014742833326,-16.451232361755785,-16.222897144140834,-13.882975448749367,-10.980339703240805,-10.525317928862332,0
87,ROI 88,rect,42,58293.18408203125,295413.59263332037,9651516.57987334,-64.84101485755319,-3.1511718306426895,power,water,sigma0,44.1183967590332,NISAR_S2_PR_GCOV_026_097_D_090_1000_DVNA_A_20260726T224133_20260726T224205_P00500_M_P_I_001_gcov.tif,Band 1: VHVH,42,0.01240600734504018,0.003306495170615359,0.2665237153786846,14.077589025670601,-19.063679660447043,1.2239451636963097,-22.53656647880883,-21.37204941112771,-19.191646426316293,-17.36178162840918,-17.055863316097756,0
87,ROI 88,rect,42,58293.18408203125,295413.59263332037,9651516.57987334,-64.84101485755319,-3.1511718306426895,power,water,sigma0,44.1183967590332,NISAR_S2_PR_GCOV_026_097_D_090_1000_DVNA_A_20260726T224133_20260726T224205_P00500_M_P_I_001_gcov.tif,Band 2: VVVV,42,0.03205273439275557,0.011142253179551195,0.3476225473627461,8.275307194097238,-14.941349152549927,1.4170378663280552,-17.88257783824043,-17.654374686272874,-15.314782595697409,-12.411470016751382,-11.95687396024896,0
88,ROI 89,rect,48,74215.83203125,297521.9477989652,9650308.50321031,-64.82206789812322,-3.162129295477503,power,water,gamma0,44.23431396484375,NISAR_S2_PR_GCOV_026_097_D_090_1000_DVNA_A_20260726T224133_20260726T224205_P00500_M_P_I_001_gcov.tif,Band 1: VHVH,48,0.017392548363811027,0.004635317921442395,0.26651171665488543,14.078856639019438,-17.596367803171834,1.1919322608720706,-20.813358875504264,-19.812685219742026,-17.770167455815706,-15.883772410834867,-15.297631814047914,0
88,ROI 89,rect,48,74215.83203125,297521.9477989652,9650308.50321031,-64.82206789812322,-3.162129295477503,power,water,gamma0,44.23431396484375,NISAR_S2_PR_GCOV_026_097_D_090_1000_DVNA_A_20260726T224133_20260726T224205_P00500_M_P_I_001_gcov.tif,Band 2: VVVV,48,0.03485224853890637,0.010385041423235156,0.2979733549082807,11.262768007137815,-14.577691975792371,1.2661928359152679,-17.598490737594734,-16.773027329005647,-14.70095984413198,-12.778159466170443,-11.484351241437643,0
88,ROI 89,rect,48,74215.83203125,297521.9477989652,9650308.50321031,-64.82206789812322,-3.162129295477503,power,water,sigma0,44.23431396484375,NISAR_S2_PR_GCOV_026_097_D_090_1000_DVNA_A_20260726T224133_20260726T224205_P00500_M_P_I_001_gcov.tif,Band 1: VHVH,48,0.012483828467393982,0.0033270065379501284,0.2665053069769266,14.079533863974495,-19.036522073389747,1.1919358034364083,-22.254102515094694,-21.25277481258635,-19.209832248756303,-17.32397725107945,-16.73787267546715,0
88,ROI 89,rect,48,74215.83203125,297521.9477989652,9650308.50321031,-64.82206789812322,-3.162129295477503,power,water,sigma0,44.23431396484375,NISAR_S2_PR_GCOV_026_097_D_090_1000_DVNA_A_20260726T224133_20260726T224205_P00500_M_P_I_001_gcov.tif,Band 2: VVVV,48,0.025015969942304844,0.0074544229486904565,0.29798656481770797,11.261769459786446,-16.017826535871166,1.2662552037657124,-19.039140597787643,-18.213144857010988,-16.14114022112083,-14.218630801789118,-12.924475974423629,0
89,ROI 90,rect,80,123872.7890625,299641.91889045446,9649454.712852573,-64.80301035962522,-3.169883181448987,power,water,gamma0,44.346221923828125,NISAR_S2_PR_GCOV_026_097_D_090_1000_DVNA_A_20260726T224133_20260726T224205_P00500_M_P_I_001_gcov.tif,Band 1: VHVH,80,0.015409835561877116,0.005087827016134444,0.3301675086476186,9.173421198636113,-18.12201995606721,1.4357241467634856,-23.2765884708017,-20.631806712908734,-18.367389766291037,-16.30829216893789,-14.859450831734826,0
89,ROI 90,rect,80,123872.7890625,299641.91889045446,9649454.712852573,-64.80301035962522,-3.169883181448987,power,water,gamma0,44.346221923828125,NISAR_S2_PR_GCOV_026_097_D_090_1000_DVNA_A_20260726T224133_20260726T224205_P00500_M_P_I_001_gcov.tif,Band 2: VVVV,80,0.04157188783865422,0.013917914430831587,0.3347914938298877,8.92177301038603,-13.812002531148087,1.412508417357053,-16.818349753297255,-16.31682308881099,-14.180446888363205,-11.753638806695951,-10.410128452982521,0
89,ROI 90,rect,80,123872.7890625,299641.91889045446,9649454.712852573,-64.80301035962522,-3.169883181448987,power,water,sigma0,44.346221923828125,NISAR_S2_PR_GCOV_026_097_D_090_1000_DVNA_A_20260726T224133_20260726T224205_P00500_M_P_I_001_gcov.tif,Band 1: VHVH,80,0.011039064249648917,0.0036444595729143246,0.33014207459026534,9.17483468892531,-19.570677389653113,1.4356366211621114,-24.725011215031994,-22.080371463279256,-19.815529004729925,-17.75696141640377,-16.30821974602824,0
89,ROI 90,rect,80,123872.7890625,299641.91889045446,9649454.712852573,-64.80301035962522,-3.169883181448987,power,water,sigma0,44.346221923828125,NISAR_S2_PR_GCOV_026_097_D_090_1000_DVNA_A_20260726T224133_20260726T224205_P00500_M_P_I_001_gcov.tif,Band 2: VVVV,80,0.029780798480973848,0.009970183709191248,0.33478564100828023,8.922084959262548,-15.260636621502652,1.412491465418077,-18.26738138500036,-17.76496145019977,-15.628942658943956,-13.202302311288056,-11.858929167162362,0
90,ROI 91,rect,88,145733.22119140625,302302.04633623536,9649123.634249672,-64.77908497106168,-3.1729186013326136,power,water,gamma0,44.47770690917969,NISAR_S2_PR_GCOV_026_097_D_090_1000_DVNA_A_20260726T224133_20260726T224205_P00500_M_P_I_001_gcov.tif,Band 1: VHVH,88,0.015021080082409422,0.004886608420974161,0.3253167145215256,9.449030370174274,-18.23298838505901,1.3995517845914893,-23.08235967295691,-20.778722428805736,-18.447820262677045,-16.61125219864233,-14.879114078097864,0
90,ROI 91,rect,88,145733.22119140625,302302.04633623536,9649123.634249672,-64.77908497106168,-3.1729186013326136,power,water,gamma0,44.47770690917969,NISAR_S2_PR_GCOV_026_097_D_090_1000_DVNA_A_20260726T224133_20260726T224205_P00500_M_P_I_001_gcov.tif,Band 2: VVVV,88,0.04201172461563891,0.013814428897487758,0.32882318028775526,9.248581951695966,-13.766294899525622,1.5034261674870721,-17.707949327883824,-16.550278610715367,-13.776028989055874,-11.782532099416862,-11.353171617419658,0
90,ROI 91,rect,88,145733.22119140625,302302.04633623536,9649123.634249672,-64.77908497106168,-3.1729186013326136,power,water,sigma0,44.47770690917969,NISAR_S2_PR_GCOV_026_097_D_090_1000_DVNA_A_20260726T224133_20260726T224205_P00500_M_P_I_001_gcov.tif,Band 1: VHVH,88,0.010726168783198842,0.0034915013247261597,0.32551243554876236,9.43767093967925,-19.69555373414796,1.4055171670020423,-24.62549427807293,-22.24260417284896,-19.906604723901722,-18.069515308469196,-16.337251617924057,0
90,ROI 91,rect,88,145733.22119140625,302302.04633623536,9649123.634249672,-64.77908497106168,-3.1729186013326136,power,water,sigma0,44.47770690917969,NISAR_S2_PR_GCOV_026_097_D_090_1000_DVNA_A_20260726T224133_20260726T224205_P00500_M_P_I_001_gcov.tif,Band 2: VVVV,88,0.02999247729090485,0.009860280512498557,0.3287584555574095,9.252223962351648,-15.22987661304934,1.5048765658293284,-19.25108393299985,-18.033497509395314,-15.23471223559559,-13.241832366665973,-12.818109247700669,0
91,ROI 92,rect,30,46148.70703125,305136.41839335795,9648362.766967418,-64.75359815367236,-3.179842697273097,power,water,gamma0,44.62290573120117,NISAR_S2_PR_GCOV_026_097_D_090_1000_DVNA_A_20260726T224133_20260726T224205_P00500_M_P_I_001_gcov.tif,Band 1: VHVH,30,0.015632937476038933,0.0046795691458986375,0.29934036089321997,11.160134897884339,-18.059594090716512,1.2307061305780687,-21.057188602281393,-19.827363972915833,-18.130282474966254,-16.177337499239883,-15.150185585253816,0
91,ROI 92,rect,30,46148.70703125,305136.41839335795,9648362.766967418,-64.75359815367236,-3.179842697273097,power,water,gamma0,44.62290573120117,NISAR_S2_PR_GCOV_026_097_D_090_1000_DVNA_A_20260726T224133_20260726T224205_P00500_M_P_I_001_gcov.tif,Band 2: VVVV,30,0.04412931725382805,0.015881488678251354,0.3598852116134585,7.7209723641739005,-13.552727916823963,1.4439958405904134,-16.25616088179753,-15.945857600604656,-14.003773351167316,-11.216469877314792,-10.530503283489983,0
91,ROI 92,rect,30,46148.70703125,305136.41839335795,9648362.766967418,-64.75359815367236,-3.179842697273097,power,water,sigma0,44.62290573120117,NISAR_S2_PR_GCOV_026_097_D_090_1000_DVNA_A_20260726T224133_20260726T224205_P00500_M_P_I_001_gcov.tif,Band 1: VHVH,30,0.011144737786144917,0.0033361582017001983,0.2993482902619471,11.159543669168523,-19.529301451622086,1.2307208008145665,-22.526970097757793,-21.297125858906174,-19.59970137948076,-17.647090040709116,-16.61970346822712,0
91,ROI 92,rect,30,46148.70703125,305136.41839335795,9648362.766967418,-64.75359815367236,-3.179842697273097,power,water,sigma0,44.62290573120117,NISAR_S2_PR_GCOV_026_097_D_090_1000_DVNA_A_20260726T224133_20260726T224205_P00500_M_P_I_001_gcov.tif,Band 2: VVVV,30,0.03145977400410219,0.01132182388196148,0.3598825560693848,7.721086309446911,-15.02244401519594,1.4439872839058885,-17.726068016411226,-17.415359263658022,-15.473617735596541,-12.686323625344505,-12.000115208206275,0
92,ROI 93,rect,56,84201.2041015625,306727.84822369786,9647009.456827074,-64.73930171428023,-3.1921048002974404,power,water,gamma0,44.713932037353516,NISAR_S2_PR_GCOV_026_097_D_090_1000_DVNA_A_20260726T224133_20260726T224205_P00500_M_P_I_001_gcov.tif,Band 1: VHVH,56,0.016897549885990366,0.004827731576054969,0.28570601114529665,12.250709575115662,-17.721762627315847,1.2682480199193447,-21.394435922040604,-20.09323797084,-17.895861877283924,-15.872233337187016,-15.130878957909422,0
92,ROI 93,rect,56,84201.2041015625,306727.84822369786,9647009.456827074,-64.73930171428023,-3.1921048002974404,power,water,gamma0,44.713932037353516,NISAR_S2_PR_GCOV_026_097_D_090_1000_DVNA_A_20260726T224133_20260726T224205_P00500_M_P_I_001_gcov.tif,Band 2: VVVV,56,0.03514882286877504,0.012413513271875603,0.3531700995569705,8.017374020155755,-14.540892148875646,1.5017413644849962,-18.454436192466762,-17.07481511147049,-14.946797027599905,-12.332284222316623,-11.651275134135478,0
92,ROI 93,rect,56,84201.2041015625,306727.84822369786,9647009.456827074,-64.73930171428023,-3.1921048002974404,power,water,sigma0,44.713932037353516,NISAR_S2_PR_GCOV_026_097_D_090_1000_DVNA_A_20260726T224133_20260726T224205_P00500_M_P_I_001_gcov.tif,Band 1: VHVH,56,0.012026974454140906,0.003436183837370017,0.2857064218829311,12.250674351379203,-19.198436114907306,1.2682811922357216,-22.871604707788315,-21.569880483717757,-19.37280585374597,-17.348665324822992,-16.6076054682867,0
92,ROI 93,rect,56,84201.2041015625,306727.84822369786,9647009.456827074,-64.73930171428023,-3.1921048002974404,power,water,sigma0,44.713932037353516,NISAR_S2_PR_GCOV_026_097_D_090_1000_DVNA_A_20260726T224133_20260726T224205_P00500_M_P_I_001_gcov.tif,Band 2: VVVV,56,0.025017367229843386,0.008835073151673594,0.35315759130457886,8.017941954223522,-16.01758396389733,1.5017137893597103,-19.93142566212988,-18.5516213375191,-16.423409893479445,-13.809006562424761,-13.127844167528647,0
93,ROI 94,rect,72,117395.984375,307982.4069209494,9645528.398531875,-64.72803754360226,-3.2055169666753884,power,water,gamma0,44.78864669799805,NISAR_S2_PR_GCOV_026_097_D_090_1000_DVNA_A_20260726T224133_20260726T224205_P00500_M_P_I_001_gcov.tif,Band 1: VHVH,72,0.01670197974373069,0.0061424163975045635,0.3677657673971375,7.393624613892137,-17.77232047366264,1.6197717145180928,-22.24195090052422,-20.976894292592853,-18.02206307433134,-15.670800545246777,-14.070466271866293,0
93,ROI 94,rect,72,117395.984375,307982.4069209494,9645528.398531875,-64.72803754360226,-3.2055169666753884,power,water,gamma0,44.78864669799805,NISAR_S2_PR_GCOV_026_097_D_090_1000_DVNA_A_20260726T224133_20260726T224205_P00500_M_P_I_001_gcov.tif,Band 2: VVVV,72,0.030053690088809364,0.010113778298031206,0.336523677064106,8.830163574060368,-15.22102196312878,1.499729619783949,-19.876591720670874,-17.720786638880153,-15.624171759475727,-13.287395141980333,-12.449683915356182,0
93,ROI 94,rect,72,117395.984375,307982.4069209494,9645528.398531875,-64.72803754360226,-3.2055169666753884,power,water,sigma0,44.78864669799805,NISAR_S2_PR_GCOV_026_097_D_090_1000_DVNA_A_20260726T224133_20260726T224205_P00500_M_P_I_001_gcov.tif,Band 1: VHVH,72,0.011872107781298193,0.004366354818482077,0.3677826127353962,7.392947337419772,-19.25472169291246,1.6198314772225457,-23.724895585626818,-22.45897353065512,-19.504543606085885,-17.153706720104655,-15.552398190688104,0
93,ROI 94,rect,72,117395.984375,307982.4069209494,9645528.398531875,-64.72803754360226,-3.2055169666753884,power,water,sigma0,44.78864669799805,NISAR_S2_PR_GCOV_026_097_D_090_1000_DVNA_A_20260726T224133_20260726T224205_P00500_M_P_I_001_gcov.tif,Band 2: VVVV,72,0.021362663494435167,0.007189022864363673,0.3365227779876965,8.83021075661612,-16.703446004814207,1.4997316710440454,-21.35965295642074,-19.203003414271002,-17.1062990743941,-14.770001701114257,-13.931764402151217,0
94,ROI 95,rect,72,101743.15966796875,309357.1269591119,9644104.781485826,-64.71569117095251,-3.218411554949983,power,water,gamma0,44.86857604980469,NISAR_S2_PR_GCOV_026_097_D_090_1000_DVNA_A_20260726T224133_20260726T224205_P00500_M_P_I_001_gcov.tif,Band 1: VHVH,72,0.016797968962540228,0.005673069600802412,0.33772354345060757,8.767531307856416,-17.747432255172612,1.3948428358342324,-21.742659427589963,-20.01589043598601,-18.036400037334246,-15.630605444800924,-13.910364650847708,0
94,ROI 95,rect,72,101743.15966796875,309357.1269591119,9644104.781485826,-64.71569117095251,-3.218411554949983,power,water,gamma0,44.86857604980469,NISAR_S2_PR_GCOV_026_097_D_090_1000_DVNA_A_20260726T224133_20260726T224205_P00500_M_P_I_001_gcov.tif,Band 2: VVVV,72,0.026528411428444088,0.008504757796974799,0.32059054195216125,9.729680709992923,-15.762887556157457,1.374448098620511,-19.838621180352554,-18.215470021426825,-15.819661381706924,-13.887951796119346,-12.499448797564625,0
94,ROI 95,rect,72,101743.15966796875,309357.1269591119,9644104.781485826,-64.71569117095251,-3.218411554949983,power,water,sigma0,44.86857604980469,NISAR_S2_PR_GCOV_026_097_D_090_1000_DVNA_A_20260726T224133_20260726T224205_P00500_M_P_I_001_gcov.tif,Band 1: VHVH,72,0.011923250948025498,0.004026900191480502,0.3377350865996292,8.766932002691174,-19.23605315376524,1.3949098674677656,-23.23176299772919,-21.504687312853044,-19.524858270569368,-17.119586605021713,-15.398538981335506,0
94,ROI 95,rect,72,101743.15966796875,309357.1269591119,9644104.781485826,-64.71569117095251,-3.218411554949983,power,water,sigma0,44.86857604980469,NISAR_S2_PR_GCOV_026_097_D_090_1000_DVNA_A_20260726T224133_20260726T224205_P00500_M_P_I_001_gcov.tif,Band 2: VVVV,72,0.018829890950783024,0.0060367479420292735,0.3205938875486818,9.729477640518768,-17.25152195098063,1.374463685295903,-21.327312622028916,-19.70428717997781,-17.308658881490743,-15.376273349439133,-13.988511153097598,0
95,ROI 96,rect,81,126276.9755859375,311255.6465176277,9642659.39426675,-64.69863221302091,-3.2315109539532916,power,water,gamma0,44.97514724731445,NISAR_S2_PR_GCOV_026_097_D_090_1000_DVNA_A_20260726T224133_20260726T224205_P00500_M_P_I_001_gcov.tif,Band 1: VHVH,81,0.01562002747906027,0.005443211550821652,0.34847643886149715,8.23480197593405,-18.06318206438632,1.573320127936195,-21.817956028641497,-21.08996847309833,-18.291186877622376,-15.950768689471191,-15.361774175257105,0
95,ROI 96,rect,81,126276.9755859375,311255.6465176277,9642659.39426675,-64.69863221302091,-3.2315109539532916,power,water,gamma0,44.97514724731445,NISAR_S2_PR_GCOV_026_097_D_090_1000_DVNA_A_20260726T224133_20260726T224205_P00500_M_P_I_001_gcov.tif,Band 2: VVVV,81,0.03978313163014842,0.012745316336593263,0.3203698606505532,9.743089575082163,-14.003010332738874,1.361965762713586,-17.403530042054065,-16.103278607070095,-14.150827558528578,-11.939665993034216,-11.134862073443717,0
95,ROI 96,rect,81,126276.9755859375,311255.6465176277,9642659.39426675,-64.69863221302091,-3.2315109539532916,power,water,sigma0,44.97514724731445,NISAR_S2_PR_GCOV_026_097_D_090_1000_DVNA_A_20260726T224133_20260726T224205_P00500_M_P_I_001_gcov.tif,Band 1: VHVH,81,0.011061880772231232,0.0038560957737373233,0.3485931419019924,8.229289156286518,-19.561710267781816,1.5728289297206735,-23.310765040262197,-22.58700054205592,-19.854331623308774,-17.44791074498831,-16.86146862807441,0
95,ROI 96,rect,81,126276.9755859375,311255.6465176277,9642659.39426675,-64.69863221302091,-3.2315109539532916,power,water,sigma0,44.97514724731445,NISAR_S2_PR_GCOV_026_097_D_090_1000_DVNA_A_20260726T224133_20260726T224205_P00500_M_P_I_001_gcov.tif,Band 2: VVVV,81,0.02817449990452648,0.009030869260559975,0.3205334359496151,9.733147884420207,-15.501437839112118,1.3618464219631552,-18.900721793408696,-17.60014113409651,-15.648026983555862,-13.435994725438562,-12.631603659732027,0
96,ROI 97,rect,56,98324.47607421875,312885.262049635,9640668.323349603,-64.68400030587911,-3.249540916438262,power,water,gamma0,45.07369613647461,NISAR_S2_PR_GCOV_026_097_D_090_1000_DVNA_A_20260726T224133_20260726T224205_P00500_M_P_I_001_gcov.tif,Band 1: VHVH,56,0.018546443424254124,0.005383105902454371,0.29025003766569124,11.870128774139184,-17.31739360944481,1.2975592964015266,-22.09387880871889,-19.34283339346411,-17.45578561688288,-15.43769664065125,-14.57638924269535,0
96,ROI 97,rect,56,98324.47607421875,312885.262049635,9640668.323349603,-64.68400030587911,-3.249540916438262,power,water,gamma0,45.07369613647461,NISAR_S2_PR_GCOV_026_097_D_090_1000_DVNA_A_20260726T224133_20260726T224205_P00500_M_P_I_001_gcov.tif,Band 2: VVVV,56,0.03979599552362093,0.011839146749645237,0.29749593128328966,11.298946156667114,-14.001606266572438,1.1852552886876973,-16.278602414783187,-15.97875430352618,-14.37584976451552,-12.170042752614469,-10.962501085603499,0
96,ROI 97,rect,56,98324.47607421875,312885.262049635,9640668.323349603,-64.68400030587911,-3.249540916438262,power,water,sigma0,45.07369613647461,NISAR_S2_PR_GCOV_026_097_D_090_1000_DVNA_A_20260726T224133_20260726T224205_P00500_M_P_I_001_gcov.tif,Band 1: VHVH,56,0.013093549432279908,0.003808565445645636,0.290873415596253,11.819304966888906,-18.829426078497423,1.300297683040067,-23.59854456071778,-20.910593013408874,-18.96382682879455,-16.942296953416246,-16.081332463439058,0
96,ROI 97,rect,56,98324.47607421875,312885.262049635,9640668.323349603,-64.68400030587911,-3.249540916438262,power,water,sigma0,45.07369613647461,NISAR_S2_PR_GCOV_026_097_D_090_1000_DVNA_A_20260726T224133_20260726T224205_P00500_M_P_I_001_gcov.tif,Band 2: VVVV,56,0.028090896255507782,0.008364573334891138,0.29776811885277943,11.278299036423201,-15.514344041728647,1.1854767826903627,-17.783450459553624,-17.487704112177077,-15.871961196189229,-13.670328438746242,-12.452904028193114,0
97,ROI 98,rect,81,114056.3564453125,314088.21394186566,9638979.44341049,-64.67320228497664,-3.264831760480179,power,water,gamma0,45.14781188964844,NISAR_S2_PR_GCOV_026_097_D_090_1000_DVNA_A_20260726T224133_20260726T224205_P00500_M_P_I_001_gcov.tif,Band 1: VHVH,81,0.016711166300983342,0.005851502300185476,0.35015523122650954,8.156029013838818,-17.769932388914377,1.4957087294818716,-21.849077939224202,-20.486421183136542,-18.004419050914027,-15.618545365756166,-14.452575192154901,0
97,ROI 98,rect,81,114056.3564453125,314088.21394186566,9638979.44341049,-64.67320228497664,-3.264831760480179,power,water,gamma0,45.14781188964844,NISAR_S2_PR_GCOV_026_097_D_090_1000_DVNA_A_20260726T224133_20260726T224205_P00500_M_P_I_001_gcov.tif,Band 2: VVVV,81,0.04260777057734905,0.0131774132016618,0.3092725346363726,10.454837640410693,-13.70511189368793,1.4317467250684557,-19.162980586706585,-16.158203666263447,-13.815008260576153,-11.660249882631778,-11.153289257871533,0
97,ROI 98,rect,81,114056.3564453125,314088.21394186566,9638979.44341049,-64.67320228497664,-3.264831760480179,power,water,sigma0,45.14781188964844,NISAR_S2_PR_GCOV_026_097_D_090_1000_DVNA_A_20260726T224133_20260726T224205_P00500_M_P_I_001_gcov.tif,Band 1: VHVH,81,0.011802858778418988,0.004132956524708963,0.3501657185177792,8.155540483029041,-19.28012789192038,1.4957423005538308,-23.359316595233214,-21.99603644685858,-19.51438356454758,-17.128753234860454,-15.962126692398344,0
97,ROI 98,rect,81,114056.3564453125,314088.21394186566,9638979.44341049,-64.67320228497664,-3.264831760480179,power,water,sigma0,45.14781188964844,NISAR_S2_PR_GCOV_026_097_D_090_1000_DVNA_A_20260726T224133_20260726T224205_P00500_M_P_I_001_gcov.tif,Band 2: VVVV,81,0.030093049265775156,0.00930656281801045,0.30925954813741025,10.455715702799814,-15.215338038782473,1.4316860813778494,-20.673219242715597,-17.668051637979442,-15.325014920641713,-13.170330574811594,-12.663855954571675,0
98,ROI 99,rect,40,67422.662109375,315800.79062784987,9637699.445277661,-64.65781251077766,-3.276432693256542,power,water,gamma0,45.24251174926758,NISAR_S2_PR_GCOV_026_097_D_090_1000_DVNA_A_20260726T224133_20260726T224205_P00500_M_P_I_001_gcov.tif,Band 1: VHVH,40,0.01972725517116487,0.00520952609587144,0.26407759471201814,14.339595103547397,-17.049333378063118,1.157798907614943,-19.927789765527,-18.904687591262817,-17.24271361421017,-15.273445279493583,-15.185948200273698,0
98,ROI 99,rect,40,67422.662109375,315800.79062784987,9637699.445277661,-64.65781251077766,-3.276432693256542,power,water,gamma0,45.24251174926758,NISAR_S2_PR_GCOV_026_097_D_090_1000_DVNA_A_20260726T224133_20260726T224205_P00500_M_P_I_001_gcov.tif,Band 2: VVVV,40,0.04006190402433276,0.011187990395973206,0.27926756524547247,12.822095363281862,-13.972684138140206,1.2866186155637345,-16.85357748100491,-16.481772218136566,-14.0621605701078,-12.491858664787397,-12.225769539534104,0
98,ROI 99,rect,40,67422.662109375,315800.79062784987,9637699.445277661,-64.65781251077766,-3.276432693256542,power,water,sigma0,45.24251174926758,NISAR_S2_PR_GCOV_026_097_D_090_1000_DVNA_A_20260726T224133_20260726T224205_P00500_M_P_I_001_gcov.tif,Band 1: VHVH,40,0.013909566983007358,0.003672999076121589,0.26406279078340206,14.341202965769623,-18.566863897647927,1.15773781365019,-21.444848332442454,-20.42232914514059,-18.760108988424477,-16.79147171272506,-16.703801218435036,0
98,ROI 99,rect,40,67422.662109375,315800.79062784987,9637699.445277661,-64.65781251077766,-3.276432693256542,power,water,sigma0,45.24251174926758,NISAR_S2_PR_GCOV_026_097_D_090_1000_DVNA_A_20260726T224133_20260726T224205_P00500_M_P_I_001_gcov.tif,Band 2: VVVV,40,0.028247608888615182,0.007889013819577366,0.27928076499094145,12.820883361477467,-15.49018308567734,1.2866713234664986,-18.370784721133973,-17.99957852219266,-15.580078137777582,-14.008936593708716,-13.742998438654826,0
99,ROI 100,rect,30,51971.560546875,318088.17841518566,9636256.529779727,-64.63725272334364,-3.2895154122667773,power,water,gamma0,45.365135192871094,NISAR_S2_PR_GCOV_026_097_D_090_1000_DVNA_A_20260726T224133_20260726T224205_P00500_M_P_I_001_gcov.tif,Band 1: VHVH,30,0.022292342549189926,0.008477120085116363,0.3802704927223725,6.915359229412126,-16.51844292097088,1.7085455754584622,-21.09380564967101,-19.48304541423503,-16.81339181508821,-14.43052019348173,-13.396629087435057,0
99,ROI 100,rect,30,51971.560546875,318088.17841518566,9636256.529779727,-64.63725272334364,-3.2895154122667773,power,water,gamma0,45.365135192871094,NISAR_S2_PR_GCOV_026_097_D_090_1000_DVNA_A_20260726T224133_20260726T224205_P00500_M_P_I_001_gcov.tif,Band 2: VVVV,30,0.04769260436296463,0.01688184927132399,0.3539720570268013,7.981086921057368,-13.215489612821784,1.6403413967012788,-17.85120439702408,-16.419507831463264,-13.685217964842103,-11.32806519769364,-10.381501642226393,0
99,ROI 100,rect,30,51971.560546875,318088.17841518566,9636256.529779727,-64.63725272334364,-3.2895154122667773,power,water,sigma0,45.365135192871094,NISAR_S2_PR_GCOV_026_097_D_090_1000_DVNA_A_20260726T224133_20260726T224205_P00500_M_P_I_001_gcov.tif,Band 1: VHVH,30,0.015683530106989026,0.005963790050126829,0.38025814401753816,6.915808382798497,-18.04556178039697,1.708549997567274,-22.621141618349814,-21.010370544147637,-18.340521856290234,-15.957836061816515,-14.92388005869409,0
99,ROI 100,rect,30,51971.560546875,318088.17841518566,9636256.529779727,-64.63725272334364,-3.2895154122667773,power,water,sigma0,45.365135192871094,NISAR_S2_PR_GCOV_026_097_D_090_1000_DVNA_A_20260726T224133_20260726T224205_P00500_M_P_I_001_gcov.tif,Band 2: VVVV,30,0.03355382242181452,0.01187741878153933,0.3539810943809908,7.9806794021828695,-14.742579982329364,1.6404147655112358,-19.37842298875124,-17.946863936208086,-15.21271831775541,-12.854858986887018,-11.908752613485428,0
100,ROI 101,rect,30,53095.22705078125,320452.60072957247,9634700.969437508,-64.61600076418225,-3.303617795161897,power,water,gamma0,45.4923210144043,NISAR_S2_PR_GCOV_026_097_D_090_1000_DVNA_A_20260726T224133_20260726T224205_P00500_M_P_I_001_gcov.tif,Band 1: VHVH,30,0.023581632568190496,0.008065286971557036,0.34201563221862696,8.548857680860348,-16.274261317764193,1.407390278378209,-20.033320686958184,-18.56598967699673,-16.39591112568419,-14.171152011536527,-12.973289672810056,0
100,ROI 101,rect,30,53095.22705078125,320452.60072957247,9634700.969437508,-64.61600076418225,-3.303617795161897,power,water,gamma0,45.4923210144043,NISAR_S2_PR_GCOV_026_097_D_090_1000_DVNA_A_20260726T224133_20260726T224205_P00500_M_P_I_001_gcov.tif,Band 2: VVVV,30,0.06013840436935425,0.018805767490413787,0.3127081219999406,10.22637413017005,-12.208480990618686,1.3673391567232365,-14.996638680553247,-14.62774806767894,-12.774254978195717,-10.358029794600858,-10.080391187942823,0
100,ROI 101,rect,30,53095.22705078125,320452.60072957247,9634700.969437508,-64.61600076418225,-3.303617795161897,power,water,sigma0,45.4923210144043,NISAR_S2_PR_GCOV_026_097_D_090_1000_DVNA_A_20260726T224133_20260726T224205_P00500_M_P_I_001_gcov.tif,Band 1: VHVH,30,0.016552506158792602,0.005661346412904285,0.34202351949568727,8.54846340135746,-17.811362418560005,1.4074282219935,-21.570443946468778,-20.103286797251123,-17.933308927309618,-15.708286072934909,-14.510264313313224,0
100,ROI 101,rect,30,53095.22705078125,320452.60072957247,9634700.969437508,-64.61600076418225,-3.303617795161897,power,water,sigma0,45.4923210144043,NISAR_S2_PR_GCOV_026_097_D_090_1000_DVNA_A_20260726T224133_20260726T224205_P00500_M_P_I_001_gcov.tif,Band 2: VVVV,30,0.04221244415769822,0.013200194231074935,0.3127085980087139,10.226342996775374,-13.745595008787603,1.367331883686178,-16.53391093295791,-16.164782381985326,-14.3113522181944,-11.895000710852699,-11.617695157316481,0
101,ROI 102,rect,30,45369.68603515625,323249.61170407385,9632976.521665605,-64.59085798858425,-3.319253642321401,power,water,gamma0,45.64138412475586,NISAR_S2_PR_GCOV_026_097_D_090_1000_DVNA_A_20260726T224133_20260726T224205_P00500_M_P_I_001_gcov.tif,Band 1: VHVH,30,0.022231176930169263,0.007934507448803196,0.3569090144766701,7.850276720484494,-16.530375449146845,1.3472002939171404,-19.5395756364245,-18.88138049568656,-16.970878807833497,-15.07976262599114,-12.612367126181084,0
101,ROI 102,rect,30,45369.68603515625,323249.61170407385,9632976.521665605,-64.59085798858425,-3.319253642321401,power,water,gamma0,45.64138412475586,NISAR_S2_PR_GCOV_026_097_D_090_1000_DVNA_A_20260726T224133_20260726T224205_P00500_M_P_I_001_gcov.tif,Band 2: VVVV,30,0.06412387161205212,0.016478807178818538,0.2569839712504405,15.14216337902441,-11.929802640940988,1.3309618745086764,-17.539058871626075,-13.164797980505707,-11.972956438401338,-10.51282385069355,-9.599118682652803,0
101,ROI 102,rect,30,45369.68603515625,323249.61170407385,9632976.521665605,-64.59085798858425,-3.319253642321401,power,water,sigma0,45.64138412475586,NISAR_S2_PR_GCOV_026_097_D_090_1000_DVNA_A_20260726T224133_20260726T224205_P00500_M_P_I_001_gcov.tif,Band 1: VHVH,30,0.015562183359366051,0.0055537994391627425,0.35687790786889845,7.851645290047833,-18.079294719733007,1.3471250041420257,-21.088721043910176,-20.43017013354753,-18.51970862270311,-16.628816729202182,-14.161565416855916,0
101,ROI 102,rect,30,45369.68603515625,323249.61170407385,9632976.521665605,-64.59085798858425,-3.319253642321401,power,water,sigma0,45.64138412475586,NISAR_S2_PR_GCOV_026_097_D_090_1000_DVNA_A_20260726T224133_20260726T224205_P00500_M_P_I_001_gcov.tif,Band 2: VVVV,30,0.04488827457198643,0.0115364073178753,0.25700269007610427,15.139957696320801,-13.478670878099038,1.331046675192018,-19.088257162300913,-14.713814820994395,-13.52172829480827,-12.061669519653936,-11.147699796343524,0
102,ROI 103,rect,35,53095.2275390625,326781.4311368211,9631512.820917267,-64.55909832920827,-3.332541667877082,power,water,gamma0,45.82123947143555,NISAR_S2_PR_GCOV_026_097_D_090_1000_DVNA_A_20260726T224133_20260726T224205_P00500_M_P_I_001_gcov.tif,Band 1: VHVH,35,0.01871446074385728,0.006803493754965581,0.36354206771353104,7.56642364715806,-17.278226825405426,1.712382232775709,-22.028776750645104,-20.45760578731723,-17.410555434918265,-15.182437677890059,-14.848205199805829,0
102,ROI 103,rect,35,53095.2275390625,326781.4311368211,9631512.820917267,-64.55909832920827,-3.332541667877082,power,water,gamma0,45.82123947143555,NISAR_S2_PR_GCOV_026_097_D_090_1000_DVNA_A_20260726T224133_20260726T224205_P00500_M_P_I_001_gcov.tif,Band 2: VVVV,35,0.05050349517592362,0.018900264523563595,0.3742367623810295,7.140146217153145,-12.966785647904455,1.4667282921450515,-15.580476524127565,-15.046305919645313,-13.280604619621343,-10.755176625710227,-9.337906691346202,0
102,ROI 103,rect,35,53095.2275390625,326781.4311368211,9631512.820917267,-64.55909832920827,-3.332541667877082,power,water,sigma0,45.82123947143555,NISAR_S2_PR_GCOV_026_097_D_090_1000_DVNA_A_20260726T224133_20260726T224205_P00500_M_P_I_001_gcov.tif,Band 1: VHVH,35,0.013057094670592944,0.0047469313627090896,0.36355188366674557,7.566015063617795,-18.841534470193686,1.7123944297333256,-23.59197547241815,-22.020574680330288,-18.973508926754928,-16.74565772551083,-16.41100955706063,0
102,ROI 103,rect,35,53095.2275390625,326781.4311368211,9631512.820917267,-64.55909832920827,-3.332541667877082,power,water,sigma0,45.82123947143555,NISAR_S2_PR_GCOV_026_097_D_090_1000_DVNA_A_20260726T224133_20260726T224205_P00500_M_P_I_001_gcov.tif,Band 2: VVVV,35,0.0352363981152584,0.013187540358219644,0.3742590350773977,7.13929640158824,-14.530084918211625,1.4667597077859749,-17.14382476504722,-16.60947433447389,-14.843888674271795,-12.31859173571382,-10.900806761251436,0
103,ROI 104,rect,36,50707.40625,330076.2160236701,9630440.239158029,-64.5294649561535,-3.3422885385151435,power,water,gamma0,45.984737396240234,NISAR_S2_PR_GCOV_026_097_D_090_1000_DVNA_A_20260726T224133_20260726T224205_P00500_M_P_I_001_gcov.tif,Band 1: VHVH,36,0.020661582859853905,0.006799600178868688,0.32909386589545964,9.233373959595454,-16.84836410746311,1.4335468832404692,-20.044752947550045,-19.637804887355394,-17.127477224649297,-14.879276911552697,-14.11327451106474,0
103,ROI 104,rect,36,50707.40625,330076.2160236701,9630440.239158029,-64.5294649561535,-3.3422885385151435,power,water,gamma0,45.984737396240234,NISAR_S2_PR_GCOV_026_097_D_090_1000_DVNA_A_20260726T224133_20260726T224205_P00500_M_P_I_001_gcov.tif,Band 2: VVVV,36,0.046383444840709366,0.012932030770747154,0.27880703589736605,12.864489042879207,-13.336369999896679,1.2506705207782418,-16.47625303842807,-15.94416933498377,-13.445242734335054,-11.646178133063714,-10.775761406719173,0
103,ROI 104,rect,36,50707.40625,330076.2160236701,9630440.239158029,-64.5294649561535,-3.3422885385151435,power,water,sigma0,45.984737396240234,NISAR_S2_PR_GCOV_026_097_D_090_1000_DVNA_A_20260726T224133_20260726T224205_P00500_M_P_I_001_gcov.tif,Band 1: VHVH,36,0.014371901326822364,0.0047296298486064784,0.3290886669100311,9.2336657019779,-18.42485773193221,1.4334813947245857,-21.620840703052732,-21.214060813723318,-18.703758559878825,-16.45564049010035,-15.689596703193285,0
103,ROI 104,rect,36,50707.40625,330076.2160236701,9630440.239158029,-64.5294649561535,-3.3422885385151435,power,water,sigma0,45.984737396240234,NISAR_S2_PR_GCOV_026_097_D_090_1000_DVNA_A_20260726T224133_20260726T224205_P00500_M_P_I_001_gcov.tif,Band 2: VVVV,36,0.032263780495791955,0.008995133364811638,0.2787997322875675,12.865163063891613,-14.91284745680285,1.250683962379848,-18.05308768610233,-17.520940615746014,-15.021686825951974,-13.222521415794866,-12.35254283361082,0
104,ROI 105,rect,30,50566.87060546875,332002.1256849215,9629130.656373676,-64.51215231691508,-3.3541591451919834,power,water,gamma0,46.088924407958984,NISAR_S2_PR_GCOV_026_097_D_090_1000_DVNA_A_20260726T224133_20260726T224205_P00500_M_P_I_001_gcov.tif,Band 1: VHVH,30,0.017997675823668638,0.005371553280754578,0.2984581638975006,11.226207731401734,-17.447835750148673,1.3111679378166416,-20.969462949215576,-19.702034891753833,-17.632443488007457,-15.498328420529358,-15.056882739768593,0
104,ROI 105,rect,30,50566.87060546875,332002.1256849215,9629130.656373676,-64.51215231691508,-3.3541591451919834,power,water,gamma0,46.088924407958984,NISAR_S2_PR_GCOV_026_097_D_090_1000_DVNA_A_20260726T224133_20260726T224205_P00500_M_P_I_001_gcov.tif,Band 2: VVVV,30,0.039101722091436385,0.012077264657684356,0.30886784549904467,10.482252154809048,-14.07804115280891,1.2594912290531655,-16.255323676484952,-16.146053285423424,-14.629944357354372,-12.295511232437246,-11.163425912328515,0
104,ROI 105,rect,30,50566.87060546875,332002.1256849215,9629130.656373676,-64.51215231691508,-3.3541591451919834,power,water,sigma0,46.088924407958984,NISAR_S2_PR_GCOV_026_097_D_090_1000_DVNA_A_20260726T224133_20260726T224205_P00500_M_P_I_001_gcov.tif,Band 1: VHVH,30,0.012495240806043586,0.0037290812579996,0.2984401273960204,11.227564704625868,-19.032553698113844,1.3110636381926482,-22.5537784384507,-21.286457962028766,-19.217057688510792,-17.083092644765166,-16.641679935566344,0
104,ROI 105,rect,30,50566.87060546875,332002.1256849215,9629130.656373676,-64.51215231691508,-3.3541591451919834,power,water,sigma0,46.088924407958984,NISAR_S2_PR_GCOV_026_097_D_090_1000_DVNA_A_20260726T224133_20260726T224205_P00500_M_P_I_001_gcov.tif,Band 2: VVVV,30,0.027147325280467663,0.008384757649007722,0.30886128052698086,10.48269776860562,-15.662729533000473,1.259509976901067,-17.840419915154897,-17.730530209185357,-16.21439270908838,-13.87999534719622,-12.748553846275321,0
105,ROI 106,rect,30,47195.7294921875,333566.5553142046,9627726.206849921,-64.4980934857108,-3.3668825808438543,power,water,gamma0,46.175052642822266,NISAR_S2_PR_GCOV_026_097_D_090_1000_DVNA_A_20260726T224133_20260726T224205_P00500_M_P_I_001_gcov.tif,Band 1: VHVH,30,0.01930751275892059,0.006544216214299861,0.33894662124598407,8.704370770344882,-17.142736694960924,1.371838447940788,-20.222896924685397,-19.66406904547543,-17.53324896329546,-15.488477850657238,-13.71892399915032,0
105,ROI 106,rect,30,47195.7294921875,333566.5553142046,9627726.206849921,-64.4980934857108,-3.3668825808438543,power,water,gamma0,46.175052642822266,NISAR_S2_PR_GCOV_026_097_D_090_1000_DVNA_A_20260726T224133_20260726T224205_P00500_M_P_I_001_gcov.tif,Band 2: VVVV,30,0.04022220643237233,0.01206266803235117,0.2999007041702885,11.118470011095223,-13.955341093951487,1.4446619037906168,-18.299248171869586,-16.658685310797033,-13.6811926669812,-12.205891268021285,-11.506571327407906,0
105,ROI 106,rect,30,47195.7294921875,333566.5553142046,9627726.206849921,-64.4980934857108,-3.3668825808438543,power,water,sigma0,46.175052642822266,NISAR_S2_PR_GCOV_026_097_D_090_1000_DVNA_A_20260726T224133_20260726T224205_P00500_M_P_I_001_gcov.tif,Band 1: VHVH,30,0.013383237702268163,0.004536166281663225,0.3389438626569746,8.704512456812171,-18.73438808382095,1.3718579085037057,-21.814314794105705,-21.25597780396283,-19.124757362240135,-17.080267934335705,-15.310524104974231,0
105,ROI 106,rect,30,47195.7294921875,333566.5553142046,9627726.206849921,-64.4980934857108,-3.3668825808438543,power,water,sigma0,46.175052642822266,NISAR_S2_PR_GCOV_026_097_D_090_1000_DVNA_A_20260726T224133_20260726T224205_P00500_M_P_I_001_gcov.tif,Band 2: VVVV,30,0.02788050842311993,0.008361357597399189,0.29989975327944624,11.118540517775939,-15.546993107984843,1.444678508899947,-19.891241157592614,-18.250654215485067,-15.272953424269849,-13.79743130191148,-13.098366001439194,0
106,ROI 107,rect,30,48038.6044921875,334822.84045791,9626268.450780494,-64.48680807671518,-3.3800838139215403,power,water,gamma0,46.24695587158203,NISAR_S2_PR_GCOV_026_097_D_090_1000_DVNA_A_20260726T224133_20260726T224205_P00500_M_P_I_001_gcov.tif,Band 1: VHVH,30,0.020574573365350565,0.00765033939617997,0.3718346553452151,7.232697008195268,-16.86669161558952,1.583728583922943,-19.97206573602949,-19.217571741083987,-16.91610071891433,-14.660022358031526,-14.203151614056955,0
106,ROI 107,rect,30,48038.6044921875,334822.84045791,9626268.450780494,-64.48680807671518,-3.3800838139215403,power,water,gamma0,46.24695587158203,NISAR_S2_PR_GCOV_026_097_D_090_1000_DVNA_A_20260726T224133_20260726T224205_P00500_M_P_I_001_gcov.tif,Band 2: VVVV,30,0.04172542653977871,0.013390477073674266,0.3209188781068188,9.709781776353578,-13.795992150339673,1.381374892232135,-16.619594499599128,-16.305771816285596,-14.146810384667441,-11.765652518742094,-11.412373429805811,0
106,ROI 107,rect,30,48038.6044921875,334822.84045791,9626268.450780494,-64.48680807671518,-3.3800838139215403,power,water,sigma0,46.24695587158203,NISAR_S2_PR_GCOV_026_097_D_090_1000_DVNA_A_20260726T224133_20260726T224205_P00500_M_P_I_001_gcov.tif,Band 1: VHVH,30,0.014242097392065367,0.005295347259184359,0.3718095104541646,7.233675313068023,-18.464260487100233,1.583606451352534,-21.56948985572507,-20.814829248177006,-18.513810603854896,-16.257667877766742,-15.800875273404131,0
106,ROI 107,rect,30,48038.6044921875,334822.84045791,9626268.450780494,-64.48680807671518,-3.3800838139215403,power,water,sigma0,46.24695587158203,NISAR_S2_PR_GCOV_026_097_D_090_1000_DVNA_A_20260726T224133_20260726T224205_P00500_M_P_I_001_gcov.tif,Band 2: VVVV,30,0.028883209887535143,0.009268438193099065,0.3208936343705676,9.71130951504979,-15.39354543824725,1.3812963643703673,-18.216772944889588,-17.903198970836335,-15.744316813144813,-13.363392365580085,-13.010149819245157,0
107,ROI 108,rect,36,50707.4052734375,336274.6803714676,9624549.983898547,-64.47376607679797,-3.3956456060055205,power,water,gamma0,46.330284118652344,NISAR_S2_PR_GCOV_026_097_D_090_1000_DVNA_A_20260726T224133_20260726T224205_P00500_M_P_I_001_gcov.tif,Band 1: VHVH,36,0.02127956663672295,0.006791608758933345,0.31916104659823336,9.817032729241244,-16.720372207941093,1.4044576762154548,-20.309334421804714,-19.369570377306317,-16.829214736101775,-14.616607764015047,-14.092518972008477,0
107,ROI 108,rect,36,50707.4052734375,336274.6803714676,9624549.983898547,-64.47376607679797,-3.3956456060055205,power,water,gamma0,46.330284118652344,NISAR_S2_PR_GCOV_026_097_D_090_1000_DVNA_A_20260726T224133_20260726T224205_P00500_M_P_I_001_gcov.tif,Band 2: VVVV,36,0.05116173671558499,0.015161075696103385,0.2963362205701861,11.387555973897298,-12.91054721558642,1.3006172442831223,-15.700817102282622,-15.008587245465932,-13.004451984259154,-10.914775706374895,-10.885177799610402,0
107,ROI 108,rect,36,50707.4052734375,336274.6803714676,9624549.983898547,-64.47376607679797,-3.3956456060055205,power,water,sigma0,46.330284118652344,NISAR_S2_PR_GCOV_026_097_D_090_1000_DVNA_A_20260726T224133_20260726T224205_P00500_M_P_I_001_gcov.tif,Band 1: VHVH,36,0.014697148655746277,0.004692851737746399,0.31930354980192655,9.808272122337582,-18.327669130878153,1.4039634042051412,-21.914628218575302,-20.97470601851224,-18.433877805804517,-16.221216424408112,-15.697716491877628,0
107,ROI 108,rect,36,50707.4052734375,336274.6803714676,9624549.983898547,-64.47376607679797,-3.3956456060055205,power,water,sigma0,46.330284118652344,NISAR_S2_PR_GCOV_026_097_D_090_1000_DVNA_A_20260726T224133_20260726T224205_P00500_M_P_I_001_gcov.tif,Band 2: VVVV,36,0.03533267505758581,0.010459454090280516,0.296027800703839,11.411296839239517,-14.518234806300196,1.299142372580484,-17.305950188997475,-16.613516223981485,-14.609449048948024,-12.518708685622443,-12.490576117301126,0
108,ROI 109,rect,48,69389.10546875,336885.0438258302,9622594.405967271,-64.4682999238952,-3.4133402548845453,power,water,gamma0,46.37885284423828,NISAR_S2_PR_GCOV_026_097_D_090_1000_DVNA_A_20260726T224133_20260726T224205_P00500_M_P_I_001_gcov.tif,Band 1: VHVH,48,0.02255442823904256,0.00816324104040219,0.3619351798185384,7.633758270209258,-16.467681779112564,1.5322757795625428,-19.55511035099892,-18.987150161592744,-16.700486823534792,-14.142791106553073,-13.743708467885273,0
108,ROI 109,rect,48,69389.10546875,336885.0438258302,9622594.405967271,-64.4682999238952,-3.4133402548845453,power,water,gamma0,46.37885284423828,NISAR_S2_PR_GCOV_026_097_D_090_1000_DVNA_A_20260726T224133_20260726T224205_P00500_M_P_I_001_gcov.tif,Band 2: VVVV,48,0.043667810425783195,0.012576665416275442,0.2880076947675326,12.055682945792661,-13.598385837562418,1.2883056494481124,-16.756201475231677,-16.083018202400407,-13.676458853992342,-11.977414065518044,-11.136267464457028,0
108,ROI 109,rect,48,69389.10546875,336885.0438258302,9622594.405967271,-64.4682999238952,-3.4133402548845453,power,water,sigma0,46.37885284423828,NISAR_S2_PR_GCOV_026_097_D_090_1000_DVNA_A_20260726T224133_20260726T224205_P00500_M_P_I_001_gcov.tif,Band 1: VHVH,48,0.01557274724518022,0.005636514354334339,0.3619473343779368,7.633245580093272,-18.076347651984005,1.5322744904831567,-21.1633253119361,-20.595865897174065,-18.30927786760278,-15.751137010034935,-15.351933550446024,0
108,ROI 109,rect,48,69389.10546875,336885.0438258302,9622594.405967271,-64.4682999238952,-3.4133402548845453,power,water,sigma0,46.37885284423828,NISAR_S2_PR_GCOV_026_097_D_090_1000_DVNA_A_20260726T224133_20260726T224205_P00500_M_P_I_001_gcov.tif,Band 2: VVVV,48,0.030150809091003112,0.008684700282386326,0.28804203085143104,12.052808918917627,-15.207010291608679,1.2884747508724732,-18.36499565591091,-17.69197592985426,-15.284679594047459,-13.585898890980623,-12.744492547017781,0
109,ROI 110,rect,42,61382.88623046875,338005.0337832286,9619868.508000545,-64.45825771644114,-3.438008789790804,power,water,gamma0,46.45682144165039,NISAR_S2_PR_GCOV_026_097_D_090_1000_DVNA_A_20260726T224133_20260726T224205_P00500_M_P_I_001_gcov.tif,Band 1: VHVH,42,0.022966792895680384,0.006404687840787387,0.27886731377248525,12.858928260251709,-16.38899645856443,1.2730325583172806,-20.281482296709243,-18.832719389802573,-16.4770570196835,-14.784553523867359,-13.874339279134917,0
109,ROI 110,rect,42,61382.88623046875,338005.0337832286,9619868.508000545,-64.45825771644114,-3.438008789790804,power,water,gamma0,46.45682144165039,NISAR_S2_PR_GCOV_026_097_D_090_1000_DVNA_A_20260726T224133_20260726T224205_P00500_M_P_I_001_gcov.tif,Band 2: VVVV,42,0.051697279570535534,0.0135455019050912,0.26201575822978806,14.566163379483713,-12.865323098768513,1.3573379906746417,-18.944660000308012,-14.298667192371308,-12.961684770961014,-11.28517903745732,-11.051749307439088,0
109,ROI 110,rect,42,61382.88623046875,338005.0337832286,9619868.508000545,-64.45825771644114,-3.438008789790804,power,water,sigma0,46.45682144165039,NISAR_S2_PR_GCOV_026_097_D_090_1000_DVNA_A_20260726T224133_20260726T224205_P00500_M_P_I_001_gcov.tif,Band 1: VHVH,42,0.01583404555277425,0.004415599879662081,0.27886744830593424,12.85891585324213,-18.00408109977964,1.2730488587985307,-21.896974417150183,-20.44810721961893,-18.092096136921892,-16.399679077954627,-15.489465674871148,0
109,ROI 110,rect,42,61382.88623046875,338005.0337832286,9619868.508000545,-64.45825771644114,-3.438008789790804,power,water,sigma0,46.45682144165039,NISAR_S2_PR_GCOV_026_097_D_090_1000_DVNA_A_20260726T224133_20260726T224205_P00500_M_P_I_001_gcov.tif,Band 2: VVVV,42,0.035641879242150155,0.009339100763531482,0.2620260480678315,14.565019367121497,-14.480394055616582,1.3574013078839062,-20.55993771372176,-15.914208846928855,-14.576708227799449,-12.89986374905645,-12.667156189493047,0
110,ROI 111,rect,88,141587.27294921875,339113.17130568594,9616745.558482155,-64.44832735018848,-3.4662682262906976,power,water,gamma0,46.536651611328125,NISAR_S2_PR_GCOV_026_097_D_090_1000_DVNA_A_20260726T224133_20260726T224205_P00500_M_P_I_001_gcov.tif,Band 1: VHVH,88,0.027108064958487044,0.008479595242900779,0.3128071020888553,10.2199033865719,-15.669014823400145,1.339382421066506,-19.72599672422078,-18.288436741747347,-15.961329918918143,-13.978734116087935,-11.731140619472312,0
110,ROI 111,rect,88,141587.27294921875,339113.17130568594,9616745.558482155,-64.44832735018848,-3.4662682262906976,power,water,gamma0,46.536651611328125,NISAR_S2_PR_GCOV_026_097_D_090_1000_DVNA_A_20260726T224133_20260726T224205_P00500_M_P_I_001_gcov.tif,Band 2: VVVV,88,0.059403865026648746,0.02122641632609443,0.35732382592567336,7.832060781421759,-12.261852973565466,1.6126470713110694,-16.277965148726704,-15.264474031423848,-12.303153403967137,-10.050498453115358,-9.187338079789713,0
110,ROI 111,rect,88,141587.27294921875,339113.17130568594,9616745.558482155,-64.44832735018848,-3.4662682262906976,power,water,sigma0,46.536651611328125,NISAR_S2_PR_GCOV_026_097_D_090_1000_DVNA_A_20260726T224133_20260726T224205_P00500_M_P_I_001_gcov.tif,Band 1: VHVH,88,0.018662449860233164,0.005837485719227624,0.31279310931553617,10.220817780053256,-17.29031346069507,1.339327812058692,-21.347077297600624,-19.90999171386973,-17.582861158686946,-15.599930910649828,-13.352895389318071,0
110,ROI 111,rect,88,141587.27294921875,339113.17130568594,9616745.558482155,-64.44832735018848,-3.4662682262906976,power,water,sigma0,46.536651611328125,NISAR_S2_PR_GCOV_026_097_D_090_1000_DVNA_A_20260726T224133_20260726T224205_P00500_M_P_I_001_gcov.tif,Band 2: VVVV,88,0.040896534137684744,0.01461311217450594,0.35731908540974533,7.832268597106316,-13.883134956273189,1.6126625706884303,-17.899602970132218,-16.88614159320657,-13.924287043271153,-11.67217802157075,-10.809018769389702,0
111,ROI 112,rect,90,161814.42724609375,338354.65964240854,9618381.097673343,-64.45513154632316,-3.451465823283634,power,water,gamma0,46.48585891723633,NISAR_S2_PR_GCOV_026_097_D_090_1000_DVNA_A_20260726T224133_20260726T224205_P00500_M_P_I_001_gcov.tif,Band 1: VHVH,90,0.024564926667759817,0.00868443808404303,0.3535299820553058,8.00105945471737,-16.09684528001164,1.5422400769849725,-20.559146261613165,-18.801294008858882,-16.32271355669569,-14.085462255842657,-12.347956894072867,0
111,ROI 112,rect,90,161814.42724609375,338354.65964240854,9618381.097673343,-64.45513154632316,-3.451465823283634,power,water,gamma0,46.48585891723633,NISAR_S2_PR_GCOV_026_097_D_090_1000_DVNA_A_20260726T224133_20260726T224205_P00500_M_P_I_001_gcov.tif,Band 2: VVVV,90,0.05497857110781802,0.019698243198761532,0.35828947173129455,7.789900430570133,-12.598065516524988,1.4851717452267665,-17.387403733484902,-15.013049717060397,-12.8770805612534,-10.222156541282349,-9.202370427045318,0
111,ROI 112,rect,90,161814.42724609375,338354.65964240854,9618381.097673343,-64.45513154632316,-3.451465823283634,power,water,sigma0,46.48585891723633,NISAR_S2_PR_GCOV_026_097_D_090_1000_DVNA_A_20260726T224133_20260726T224205_P00500_M_P_I_001_gcov.tif,Band 1: VHVH,90,0.016926067599195595,0.005984421263273307,0.3535624106545406,7.999591814245614,-17.71443928975642,1.5423304267397406,-22.176487002127292,-20.418447341904656,-17.940199162321715,-15.70253032056744,-13.965038810452711,0
111,ROI 112,rect,90,161814.42724609375,338354.65964240854,9618381.097673343,-64.45513154632316,-3.451465823283634,power,water,sigma0,46.48585891723633,NISAR_S2_PR_GCOV_026_097_D_090_1000_DVNA_A_20260726T224133_20260726T224205_P00500_M_P_I_001_gcov.tif,Band 2: VVVV,90,0.037881794734455014,0.013572612533300641,0.35828852958109203,7.7899413990372315,-14.215694535123209,1.4851833324701273,-19.005410951400744,-16.631016636263073,-14.494937716565845,-11.839190366106022,-10.820464437312987,0
112,ROI 113,rect,36,64894.443359375,340600.5651165181,9614315.948493801,-64.43497367403656,-3.488262387533932,power,water,gamma0,46.62992477416992,NISAR_S2_PR_GCOV_026_097_D_090_1000_DVNA_A_20260726T224133_20260726T224205_P00500_M_P_I_001_gcov.tif,Band 1: VHVH,36,0.029697227188282542,0.008513057615558532,0.28666169947736664,12.16916157570074,-15.272840985967605,1.3682721250567025,-19.261878850710914,-18.32262422865249,-15.594590131220329,-13.505386531975216,-13.353293822842858,0
112,ROI 113,rect,36,64894.443359375,340600.5651165181,9614315.948493801,-64.43497367403656,-3.488262387533932,power,water,gamma0,46.62992477416992,NISAR_S2_PR_GCOV_026_097_D_090_1000_DVNA_A_20260726T224133_20260726T224205_P00500_M_P_I_001_gcov.tif,Band 2: VVVV,36,0.056468138109064765,0.02257595438436033,0.3997998719340852,6.256258698697816,-12.481965317653314,1.688846059449632,-16.848660822384726,-15.464008205360518,-12.82805676167876,-10.037440863642665,-9.05707631449176,0
112,ROI 113,rect,36,64894.443359375,340600.5651165181,9614315.948493801,-64.43497367403656,-3.488262387533932,power,water,sigma0,46.62992477416992,NISAR_S2_PR_GCOV_026_097_D_090_1000_DVNA_A_20260726T224133_20260726T224205_P00500_M_P_I_001_gcov.tif,Band 1: VHVH,36,0.020409761310314342,0.005850711993908072,0.2866624408268478,12.169098633447629,-16.901620742755767,1.3682954276837787,-20.891183266732934,-19.95110535570849,-17.22369051563657,-15.134274479155875,-14.98223210254254,0
112,ROI 113,rect,36,64894.443359375,340600.5651165181,9614315.948493801,-64.43497367403656,-3.488262387533932,power,water,sigma0,46.62992477416992,NISAR_S2_PR_GCOV_026_097_D_090_1000_DVNA_A_20260726T224133_20260726T224205_P00500_M_P_I_001_gcov.tif,Band 2: VVVV,36,0.03880829977384338,0.015515319227189931,0.3997938409465489,6.256447454496255,-14.110753836710268,1.688846785766065,-18.477862024014645,-17.09299527054348,-14.456948713484552,-11.666305732893235,-10.685853760112378,0
113,ROI 114,rect,42,61382.6787109375,342342.77234923973,9612235.990914261,-64.41932122673717,-3.507097785893185,power,water,gamma0,46.728633880615234,NISAR_S2_PR_GCOV_026_097_D_090_1000_DVNA_A_20260726T224133_20260726T224205_P00500_M_P_I_001_gcov.tif,Band 1: VHVH,42,0.025748119778221563,0.008045779764921712,0.31248028338469375,10.241292270399576,-15.892544792347072,1.3064343584389997,-18.501629416451813,-17.92936428678971,-16.41191415800215,-13.664800241655046,-13.46334377398453,0
113,ROI 114,rect,42,61382.6787109375,342342.77234923973,9612235.990914261,-64.41932122673717,-3.507097785893185,power,water,gamma0,46.728633880615234,NISAR_S2_PR_GCOV_026_097_D_090_1000_DVNA_A_20260726T224133_20260726T224205_P00500_M_P_I_001_gcov.tif,Band 2: VVVV,42,0.06529616014588446,0.01784086746764475,0.27322996371891917,13.395019528275988,-11.851123574153792,1.1528579359654587,-14.56188208022304,-14.155123971964015,-12.007365176517379,-10.327555440652334,-9.112831777205674,0
113,ROI 114,rect,42,61382.6787109375,342342.77234923973,9612235.990914261,-64.41932122673717,-3.507097785893185,power,water,sigma0,46.728633880615234,NISAR_S2_PR_GCOV_026_097_D_090_1000_DVNA_A_20260726T224133_20260726T224205_P00500_M_P_I_001_gcov.tif,Band 1: VHVH,42,0.017662216295105327,0.005518965535294018,0.3124729899737142,10.241770358603036,-17.529548010788304,1.3063849294305296,-20.138420400366755,-19.566563194267307,-18.048802483167215,-15.30163689190466,-15.100081551978368,0
113,ROI 114,rect,42,61382.6787109375,342342.77234923973,9612235.990914261,-64.41932122673717,-3.507097785893185,power,water,sigma0,46.728633880615234,NISAR_S2_PR_GCOV_026_097_D_090_1000_DVNA_A_20260726T224133_20260726T224205_P00500_M_P_I_001_gcov.tif,Band 2: VVVV,42,0.044790551287184996,0.0122372621657005,0.2732107958939478,13.39689912015355,-13.48813592176679,1.1527707874270454,-16.19877004398307,-15.792386107941045,-13.64453638225184,-11.964975027399037,-10.74989219685685,0
114,ROI 115,rect,56,87649.46533203125,344114.6076675219,9610807.843306039,-64.4033926852977,-3.520038448390131,power,water,gamma0,46.82240295410156,NISAR_S2_PR_GCOV_026_097_D_090_1000_DVNA_A_20260726T224133_20260726T224205_P00500_M_P_I_001_gcov.tif,Band 1: VHVH,56,0.027234395733103156,0.009214488318539662,0.338340105241973,8.73560603939252,-15.648822562524325,1.4222086090567145,-19.85195896422075,-18.08936935409677,-15.866329844829865,-13.511831272679501,-12.43683235530735,0
114,ROI 115,rect,56,87649.46533203125,344114.6076675219,9610807.843306039,-64.4033926852977,-3.520038448390131,power,water,gamma0,46.82240295410156,NISAR_S2_PR_GCOV_026_097_D_090_1000_DVNA_A_20260726T224133_20260726T224205_P00500_M_P_I_001_gcov.tif,Band 2: VVVV,56,0.07543998338016016,0.02474941228076278,0.3280675733456165,9.29123377730848,-11.223984159481608,1.3347600041038046,-14.413215313146544,-13.547172545351359,-11.630017660608754,-8.99191956640655,-8.160851311701013,0
114,ROI 115,rect,56,87649.46533203125,344114.6076675219,9610807.843306039,-64.4033926852977,-3.520038448390131,power,water,sigma0,46.82240295410156,NISAR_S2_PR_GCOV_026_097_D_090_1000_DVNA_A_20260726T224133_20260726T224205_P00500_M_P_I_001_gcov.tif,Band 1: VHVH,56,0.018648093093724265,0.006309118001996752,0.338325102212193,8.73638081763179,-17.29365571427107,1.422154687714446,-21.49633373914844,-19.73445668700262,-17.511008621857314,-15.156712512859546,-14.0813246925583,0
114,ROI 115,rect,56,87649.46533203125,344114.6076675219,9610807.843306039,-64.4033926852977,-3.520038448390131,power,water,sigma0,46.82240295410156,NISAR_S2_PR_GCOV_026_097_D_090_1000_DVNA_A_20260726T224133_20260726T224205_P00500_M_P_I_001_gcov.tif,Band 2: VVVV,56,0.05165552984911322,0.016945123013074433,0.32804083246404514,9.292748624755372,-12.868831793834039,1.3346547842971592,-16.05775112280209,-15.191786927545067,-13.275192436265911,-10.636471081381085,-9.806225278781529,0
115,ROI 116,rect,48,69389.10595703125,346567.918018715,9609687.834392663,-64.38132552202272,-3.5302012840981045,power,water,gamma0,46.946006774902344,NISAR_S2_PR_GCOV_026_097_D_090_1000_DVNA_A_20260726T224133_20260726T224205_P00500_M_P_I_001_gcov.tif,Band 1: VHVH,48,0.026853677816689014,0.007709138841429719,0.28707944193173596,12.133771533709133,-15.709962259379706,1.3551673251385277,-20.553538271144053,-17.90825482653161,-15.94822594792608,-14.040540705988695,-13.437587900172103,0
115,ROI 116,rect,48,69389.10595703125,346567.918018715,9609687.834392663,-64.38132552202272,-3.5302012840981045,power,water,gamma0,46.946006774902344,NISAR_S2_PR_GCOV_026_097_D_090_1000_DVNA_A_20260726T224133_20260726T224205_P00500_M_P_I_001_gcov.tif,Band 2: VVVV,48,0.06671287391024332,0.021113949336277107,0.3164898781708039,9.983443159900744,-11.757903500613136,1.25558816783509,-14.795718819155898,-13.723381996157492,-12.01591927881397,-10.01754924069391,-8.344456927081003,0
115,ROI 116,rect,48,69389.10595703125,346567.918018715,9609687.834392663,-64.38132552202272,-3.5302012840981045,power,water,sigma0,46.946006774902344,NISAR_S2_PR_GCOV_026_097_D_090_1000_DVNA_A_20260726T224133_20260726T224205_P00500_M_P_I_001_gcov.tif,Band 1: VHVH,48,0.0183453327821767,0.005266588782132117,0.2870805803669498,12.13367529950629,-17.364744057858108,1.3551800209157474,-22.208017626505526,-19.5632576318446,-17.60313526980649,-15.695780492017093,-15.092378334796956,0
115,ROI 116,rect,48,69389.10595703125,346567.918018715,9609687.834392663,-64.38132552202272,-3.5302012840981045,power,water,sigma0,46.946006774902344,NISAR_S2_PR_GCOV_026_097_D_090_1000_DVNA_A_20260726T224133_20260726T224205_P00500_M_P_I_001_gcov.tif,Band 2: VVVV,48,0.04557539064302955,0.01442384545417676,0.3164831996098928,9.983864513936789,-13.412696001631662,1.2555737123089348,-16.45098254621439,-15.378074972431627,-13.67064633929597,-11.67245207616601,-9.998817691707982,0
116,ROI 117,rect,28,46353.02978515625,349092.34013217635,9608716.007886415,-64.35861566732758,-3.539024500957195,power,water,gamma0,47.069854736328125,NISAR_S2_PR_GCOV_026_097_D_090_1000_DVNA_A_20260726T224133_20260726T224205_P00500_M_P_I_001_gcov.tif,Band 1: VHVH,28,0.027920128977192298,0.00863436640064738,0.3092523823117263,10.45620025657181,-15.540825798184493,1.178979239481743,-17.3524877783032,-17.200869508712927,-15.859118521988318,-13.41986747166472,-12.593021894838248,0
116,ROI 117,rect,28,46353.02978515625,349092.34013217635,9608716.007886415,-64.35861566732758,-3.539024500957195,power,water,gamma0,47.069854736328125,NISAR_S2_PR_GCOV_026_097_D_090_1000_DVNA_A_20260726T224133_20260726T224205_P00500_M_P_I_001_gcov.tif,Band 2: VVVV,28,0.07724618752087865,0.02628952179548924,0.3403342305843058,8.633536617602436,-11.121229459420084,1.4961243016466332,-14.766856441523943,-14.127188136383882,-11.393426102079554,-9.43553692695259,-8.107983120430946,0
116,ROI 117,rect,28,46353.02978515625,349092.34013217635,9608716.007886415,-64.35861566732758,-3.539024500957195,power,water,sigma0,47.069854736328125,NISAR_S2_PR_GCOV_026_097_D_090_1000_DVNA_A_20260726T224133_20260726T224205_P00500_M_P_I_001_gcov.tif,Band 1: VHVH,28,0.01902852615652347,0.00588446260478731,0.30924426602372274,10.456749121373532,-17.205948484379928,1.1789510145773774,-19.0179198464229,-18.866031501373378,-17.524512097632197,-15.085115458849867,-14.258088186609225,0
116,ROI 117,rect,28,46353.02978515625,349092.34013217635,9608716.007886415,-64.35861566732758,-3.539024500957195,power,water,sigma0,47.069854736328125,NISAR_S2_PR_GCOV_026_097_D_090_1000_DVNA_A_20260726T224133_20260726T224205_P00500_M_P_I_001_gcov.tif,Band 2: VVVV,28,0.05264628060483969,0.01791802839516191,0.34034746974157054,8.632864959746248,-12.786323057672455,1.496179564883314,-16.431470018524656,-15.792496760801523,-13.058238604245089,-11.10046604777818,-9.77314588604626,0
117,ROI 118,rect,42,67422.66162109375,351130.84086753114,9607536.779493455,-64.34028188515114,-3.549716812169733,power,water,gamma0,47.17313766479492,NISAR_S2_PR_GCOV_026_097_D_090_1000_DVNA_A_20260726T224133_20260726T224205_P00500_M_P_I_001_gcov.tif,Band 1: VHVH,42,0.0296832407115116,0.008877149000557867,0.2990626625587811,11.180870283065259,-15.274886860649989,1.27784930807695,-18.8986235449415,-17.189088598592335,-15.366830175682969,-13.265415542681593,-12.737625511616974,0
117,ROI 118,rect,42,67422.66162109375,351130.84086753114,9607536.779493455,-64.34028188515114,-3.549716812169733,power,water,gamma0,47.17313766479492,NISAR_S2_PR_GCOV_026_097_D_090_1000_DVNA_A_20260726T224133_20260726T224205_P00500_M_P_I_001_gcov.tif,Band 2: VVVV,42,0.07346926398930095,0.02111611351489809,0.28741425146130695,12.105518681881001,-11.338943108700143,1.250857602733291,-14.37246713353032,-13.536684778480279,-11.495180894319603,-9.764260401640412,-8.592533923051214,0
117,ROI 118,rect,42,67422.66162109375,351130.84086753114,9607536.779493455,-64.34028188515114,-3.549716812169733,power,water,sigma0,47.17313766479492,NISAR_S2_PR_GCOV_026_097_D_090_1000_DVNA_A_20260726T224133_20260726T224205_P00500_M_P_I_001_gcov.tif,Band 1: VHVH,42,0.020189937578729746,0.00603821086921264,0.2990703089431015,11.180298563735361,-16.948650237634006,1.2778612425998408,-20.57276395231119,-18.86255914221109,-17.040790417421555,-14.938728947963167,-14.41114024372319,0
117,ROI 118,rect,42,67422.66162109375,351130.84086753114,9607536.779493455,-64.34028188515114,-3.549716812169733,power,water,sigma0,47.17313766479492,NISAR_S2_PR_GCOV_026_097_D_090_1000_DVNA_A_20260726T224133_20260726T224205_P00500_M_P_I_001_gcov.tif,Band 2: VVVV,42,0.04997235037458921,0.01436304593925586,0.28741985981430695,12.10504626247561,-13.012702236871052,1.2508905619506199,-16.046219337604764,-15.210387310129752,-13.168797641838326,-11.438346981883251,-10.266403726224869,0
118,ROI 119,rect,192,295816.8391113281,109533.03490305215,9631874.315262925,-66.51270023255859,-3.3242257537645212,power,vegetation,gamma0,34.170066833496094,NISAR_S2_PR_GCOV_026_097_D_090_1000_DVNA_A_20260726T224133_20260726T224205_P00500_M_P_I_001_gcov.tif,Band 1: VHVH,192,0.069471066633317,0.027874801763753412,0.4012433249496876,6.211326502555325,-11.581960330760172,1.6636908683774503,-16.240286278387487,-14.771060744824211,-11.83953045540516,-9.239211123312668,-6.282299853186272,0
118,ROI 119,rect,192,295816.8391113281,109533.03490305215,9631874.315262925,-66.51270023255859,-3.3242257537645212,power,vegetation,gamma0,34.170066833496094,NISAR_S2_PR_GCOV_026_097_D_090_1000_DVNA_A_20260726T224133_20260726T224205_P00500_M_P_I_001_gcov.tif,Band 2: VVVV,192,0.3094007677476232,0.11955788049204427,0.38641753012574,6.697093455795895,-5.094786129762035,1.7486608020673737,-12.691005054904716,-8.30224420120037,-5.417041694753191,-2.858558587216502,-0.8705986033836175,0
118,ROI 119,rect,192,295816.8391113281,109533.03490305215,9631874.315262925,-66.51270023255859,-3.3242257537645212,power,vegetation,sigma0,34.170066833496094,NISAR_S2_PR_GCOV_026_097_D_090_1000_DVNA_A_20260726T224133_20260726T224205_P00500_M_P_I_001_gcov.tif,Band 1: VHVH,192,0.05699991098191901,0.022361275514890405,0.3923036918774074,6.497633475507482,-12.441258225747287,1.6170016365452846,-16.89228913055139,-15.466786063036366,-12.73577576413295,-10.361778089877898,-7.263104161115631,0
118,ROI 119,rect,192,295816.8391113281,109533.03490305215,9631874.315262925,-66.51270023255859,-3.3242257537645212,power,vegetation,sigma0,34.170066833496094,NISAR_S2_PR_GCOV_026_097_D_090_1000_DVNA_A_20260726T224133_20260726T224205_P00500_M_P_I_001_gcov.tif,Band 2: VVVV,192,0.25471657931498193,0.09882586962785368,0.3879836557699915,6.643135919943415,-5.939427862076688,1.7419476909046772,-13.354492536867271,-9.25682792937521,-6.13794390484888,-3.754396490349822,-1.333653976205288,0
119,ROI 120,rect,306,480386.7800292969,113408.55525444688,9630772.103374386,-66.47791388544675,-3.334302939499488,power,vegetation,gamma0,34.419219970703125,NISAR_S2_PR_GCOV_026_097_D_090_1000_DVNA_A_20260726T224133_20260726T224205_P00500_M_P_I_001_gcov.tif,Band 1: VHVH,306,0.07036524867407637,0.02622219945933738,0.3726583782968714,7.200758082943581,-11.526417731774586,1.6141416366864612,-17.051504975158686,-14.45141677262992,-11.671477583029748,-9.504904257518584,-6.861575976952942,0
119,ROI 120,rect,306,480386.7800292969,113408.55525444688,9630772.103374386,-66.47791388544675,-3.334302939499488,power,vegetation,gamma0,34.419219970703125,NISAR_S2_PR_GCOV_026_097_D_090_1000_DVNA_A_20260726T224133_20260726T224205_P00500_M_P_I_001_gcov.tif,Band 2: VVVV,306,0.2971060264587792,0.1104192172102812,0.3716492005442403,7.239917112796417,-5.270885389359893,1.6599069209171207,-11.516567797894623,-8.441018181707955,-5.3649296843262215,-3.3235673314626144,-0.6820836085945468,0
119,ROI 120,rect,306,480386.7800292969,113408.55525444688,9630772.103374386,-66.47791388544675,-3.334302939499488,power,vegetation,sigma0,34.419219970703125,NISAR_S2_PR_GCOV_026_097_D_090_1000_DVNA_A_20260726T224133_20260726T224205_P00500_M_P_I_001_gcov.tif,Band 1: VHVH,306,0.058166815436372865,0.021716442285582314,0.3733476230848043,7.174195686698367,-12.353247126546096,1.6008490860699283,-17.871513265542337,-15.200177659346778,-12.565198454640425,-10.252236202891222,-7.516266625823567,0
119,ROI 120,rect,306,480386.7800292969,113408.55525444688,9630772.103374386,-66.47791388544675,-3.334302939499488,power,vegetation,sigma0,34.419219970703125,NISAR_S2_PR_GCOV_026_097_D_090_1000_DVNA_A_20260726T224133_20260726T224205_P00500_M_P_I_001_gcov.tif,Band 2: VVVV,306,0.24566195094517332,0.0907961074268133,0.3695977626062129,7.32050991140515,-6.096621034880712,1.653929915005699,-12.24874350621134,-9.142328397233252,-6.264575256926717,-4.153028706824947,-1.6356801222123134,0
120,ROI 121,rect,368,558765.1711425781,116892.96801825351,9628958.788004203,-66.44666245587047,-3.350788868459839,power,vegetation,gamma0,34.65275192260742,NISAR_S2_PR_GCOV_026_097_D_090_1000_DVNA_A_20260726T224133_20260726T224205_P00500_M_P_I_001_gcov.tif,Band 1: VHVH,368,0.06618733015721259,0.025398046583939113,0.38372973382688147,6.791240260105594,-11.792251369866646,1.62516358677809,-17.908145660754563,-14.74743485567714,-12.117468436832311,-9.452032659698276,-7.223811461141691,0
120,ROI 121,rect,368,558765.1711425781,116892.96801825351,9628958.788004203,-66.44666245587047,-3.350788868459839,power,vegetation,gamma0,34.65275192260742,NISAR_S2_PR_GCOV_026_097_D_090_1000_DVNA_A_20260726T224133_20260726T224205_P00500_M_P_I_001_gcov.tif,Band 2: VVVV,368,0.27600434740357427,0.11252956053670635,0.40770937702718624,6.015872176713784,-5.590840772155313,1.7267326910947303,-10.84023225596274,-8.577771588883893,-5.986846685709794,-3.1053405623020542,-1.3000761389739737,0
120,ROI 121,rect,368,558765.1711425781,116892.96801825351,9628958.788004203,-66.44666245587047,-3.350788868459839,power,vegetation,sigma0,34.65275192260742,NISAR_S2_PR_GCOV_026_097_D_090_1000_DVNA_A_20260726T224133_20260726T224205_P00500_M_P_I_001_gcov.tif,Band 1: VHVH,368,0.05431012107183257,0.02045578149975826,0.3766476873196929,7.049030500586032,-12.651192290473617,1.6005361731733938,-18.422449661996424,-15.545208745009207,-12.952696749930755,-10.340400895190927,-8.432616713535067,0
120,ROI 121,rect,368,558765.1711425781,116892.96801825351,9628958.788004203,-66.44666245587047,-3.350788868459839,power,vegetation,sigma0,34.65275192260742,NISAR_S2_PR_GCOV_026_097_D_090_1000_DVNA_A_20260726T224133_20260726T224205_P00500_M_P_I_001_gcov.tif,Band 2: VVVV,368,0.22671735863172662,0.09204103379949423,0.4059725922839597,6.067455089010889,-6.4451522681057085,1.7152174293747007,-11.640007390984959,-9.276122741297428,-6.836950648771349,-4.035504221637186,-2.2933974950411464,0
121,ROI 122,rect,192,318571.8327636719,120341.82561916941,9627198.804050716,-66.41572705198698,-3.3667921224848794,power,vegetation,gamma0,34.88181686401367,NISAR_S2_PR_GCOV_026_097_D_090_1000_DVNA_A_20260726T224133_20260726T224205_P00500_M_P_I_001_gcov.tif,Band 1: VHVH,192,0.06849849999222594,0.02825378521587204,0.4124730500533388,5.877719326880161,-11.643189387591342,1.7627199986849806,-17.22913163981301,-14.78133458396809,-12.098999510454684,-9.165219368552513,-7.561842274425553,0
121,ROI 122,rect,192,318571.8327636719,120341.82561916941,9627198.804050716,-66.41572705198698,-3.3667921224848794,power,vegetation,gamma0,34.88181686401367,NISAR_S2_PR_GCOV_026_097_D_090_1000_DVNA_A_20260726T224133_20260726T224205_P00500_M_P_I_001_gcov.tif,Band 2: VVVV,192,0.2809619957891603,0.11075334938834829,0.39419334660286187,6.435487046374103,-5.513524207898625,1.6923370005746496,-10.458893319880636,-8.696946753631785,-5.775861786832826,-3.3163407073713707,-1.0867926307688027,0
121,ROI 122,rect,192,318571.8327636719,120341.82561916941,9627198.804050716,-66.41572705198698,-3.3667921224848794,power,vegetation,sigma0,34.88181686401367,NISAR_S2_PR_GCOV_026_097_D_090_1000_DVNA_A_20260726T224133_20260726T224205_P00500_M_P_I_001_gcov.tif,Band 1: VHVH,192,0.055663927464757214,0.022528248410527977,0.4047189883392867,6.105100792869099,-12.544261545219715,1.7471778053009948,-18.246003949346132,-15.559500764397844,-13.054704968283481,-10.188090654825073,-8.473238312702167,0
121,ROI 122,rect,192,318571.8327636719,120341.82561916941,9627198.804050716,-66.41572705198698,-3.3667921224848794,power,vegetation,sigma0,34.88181686401367,NISAR_S2_PR_GCOV_026_097_D_090_1000_DVNA_A_20260726T224133_20260726T224205_P00500_M_P_I_001_gcov.tif,Band 2: VVVV,192,0.2283628136695559,0.08920431498339829,0.390625398023332,6.553586644573584,-6.413746146685336,1.6714062547188275,-11.126913050642688,-9.606522134847117,-6.690477890333756,-4.234561863531896,-1.953869193489449,0
122,ROI 123,rect,357,552444.0327148438,123097.35610927243,9625581.039722797,-66.39101600867671,-3.381489152177889,power,vegetation,gamma0,35.06724548339844,NISAR_S2_PR_GCOV_026_097_D_090_1000_DVNA_A_20260726T224133_20260726T224205_P00500_M_P_I_001_gcov.tif,Band 1: VHVH,357,0.06555470009269167,0.026723966175575153,0.4076590410418865,6.017357896484974,-11.833961651311268,1.7085323158920003,-16.854034954476305,-15.049953630710743,-12.174619085334799,-9.253340608683095,-6.482496876726688,0
122,ROI 123,rect,357,552444.0327148438,123097.35610927243,9625581.039722797,-66.39101600867671,-3.381489152177889,power,vegetation,gamma0,35.06724548339844,NISAR_S2_PR_GCOV_026_097_D_090_1000_DVNA_A_20260726T224133_20260726T224205_P00500_M_P_I_001_gcov.tif,Band 2: VVVV,357,0.2666194893064953,0.11511104126134966,0.43174278654859516,5.364754090414657,-5.741081077769762,1.8295055505963767,-11.454575891500687,-9.36823745203249,-6.072612174492016,-3.1186874898849086,-1.12238934017005,0
122,ROI 123,rect,357,552444.0327148438,123097.35610927243,9625581.039722797,-66.39101600867671,-3.381489152177889,power,vegetation,sigma0,35.06724548339844,NISAR_S2_PR_GCOV_026_097_D_090_1000_DVNA_A_20260726T224133_20260726T224205_P00500_M_P_I_001_gcov.tif,Band 1: VHVH,357,0.05383375162360305,0.021153302545120798,0.3929375513900888,6.476687323300775,-12.689453535550134,1.665158170770819,-17.72886147429822,-15.796208955410247,-12.973203815923327,-10.241043091648965,-7.336212901215388,0
122,ROI 123,rect,357,552444.0327148438,123097.35610927243,9625581.039722797,-66.39101600867671,-3.381489152177889,power,vegetation,sigma0,35.06724548339844,NISAR_S2_PR_GCOV_026_097_D_090_1000_DVNA_A_20260726T224133_20260726T224205_P00500_M_P_I_001_gcov.tif,Band 2: VVVV,357,0.21951959297565335,0.09451502000780607,0.4305539142389382,5.394421981245871,-6.585267112238508,1.8008239964505504,-11.904266017549023,-10.070130963314536,-7.0089349247586625,-3.9908969608815763,-1.8946364891895584,0
123,ROI 124,rect,378,581519.802734375,125906.2194846593,9623927.719825257,-66.36582562741027,-3.3965090885533216,power,vegetation,gamma0,35.25490188598633,NISAR_S2_PR_GCOV_026_097_D_090_1000_DVNA_A_20260726T224133_20260726T224205_P00500_M_P_I_001_gcov.tif,Band 1: VHVH,378,0.0717911627685661,0.03124426876330359,0.435210512804007,5.279602733108382,-11.439290125412215,1.788676112374312,-16.250344769135086,-14.712963661575703,-11.792002331395894,-8.805134113066135,-7.130534022628688,0
123,ROI 124,rect,378,581519.802734375,125906.2194846593,9623927.719825257,-66.36582562741027,-3.3965090885533216,power,vegetation,gamma0,35.25490188598633,NISAR_S2_PR_GCOV_026_097_D_090_1000_DVNA_A_20260726T224133_20260726T224205_P00500_M_P_I_001_gcov.tif,Band 2: VVVV,378,0.274156955065866,0.11762715460239072,0.4290504122871181,5.432295081544659,-5.6200073205876935,1.8642433221890995,-12.231522113796668,-9.054946316009838,-5.977734537669074,-3.087380991188609,-0.8689948495922044,0
123,ROI 124,rect,378,581519.802734375,125906.2194846593,9623927.719825257,-66.36582562741027,-3.3965090885533216,power,vegetation,sigma0,35.25490188598633,NISAR_S2_PR_GCOV_026_097_D_090_1000_DVNA_A_20260726T224133_20260726T224205_P00500_M_P_I_001_gcov.tif,Band 1: VHVH,378,0.0585047291707012,0.024838445546095732,0.4245544915458675,5.547957433924948,-12.328090267430039,1.7481324582216462,-16.95508446811528,-15.465220943267484,-12.66245803438295,-9.710773032865225,-7.731771708127781,0
123,ROI 124,rect,378,581519.802734375,125906.2194846593,9623927.719825257,-66.36582562741027,-3.3965090885533216,power,vegetation,sigma0,35.25490188598633,NISAR_S2_PR_GCOV_026_097_D_090_1000_DVNA_A_20260726T224133_20260726T224205_P00500_M_P_I_001_gcov.tif,Band 2: VVVV,378,0.22356102155228752,0.09420549289196163,0.4213860369658778,5.631702678831593,-6.50603914562002,1.8209532359241776,-12.48826775260367,-9.906218567380163,-6.8021013028705815,-4.016317223756053,-2.33484632926849,0
124,ROI 125,rect,306,505669.3254394531,129337.29940327899,9621332.189246815,-66.3350714457166,-3.4200582809237905,power,vegetation,gamma0,35.49177551269531,NISAR_S2_PR_GCOV_026_097_D_090_1000_DVNA_A_20260726T224133_20260726T224205_P00500_M_P_I_001_gcov.tif,Band 1: VHVH,306,0.06713977660009869,0.02530330460826955,0.3768750193939781,7.04052907525652,-11.730201081506486,1.6192150801972047,-15.813351449633593,-14.56324997395072,-11.991364116597207,-9.42408202417851,-8.04214815257722,0
124,ROI 125,rect,306,505669.3254394531,129337.29940327899,9621332.189246815,-66.3350714457166,-3.4200582809237905,power,vegetation,gamma0,35.49177551269531,NISAR_S2_PR_GCOV_026_097_D_090_1000_DVNA_A_20260726T224133_20260726T224205_P00500_M_P_I_001_gcov.tif,Band 2: VVVV,306,0.27508337306333525,0.11005523483161654,0.4000795599022897,6.247514494627643,-5.60535658992614,1.6721243650097712,-10.31923125698793,-8.519245332577952,-5.864237682447828,-3.270122408712181,-0.8182340236297891,0
124,ROI 125,rect,306,505669.3254394531,129337.29940327899,9621332.189246815,-66.3350714457166,-3.4200582809237905,power,vegetation,sigma0,35.49177551269531,NISAR_S2_PR_GCOV_026_097_D_090_1000_DVNA_A_20260726T224133_20260726T224205_P00500_M_P_I_001_gcov.tif,Band 1: VHVH,306,0.05478568213669098,0.020646498415541024,0.3768593838811342,7.04111329616805,-12.613329265794073,1.6156872434899479,-16.6753050106843,-15.582341841107814,-12.883553370290347,-10.37373485769084,-8.846000075232507,0
124,ROI 125,rect,306,505669.3254394531,129337.29940327899,9621332.189246815,-66.3350714457166,-3.4200582809237905,power,vegetation,sigma0,35.49177551269531,NISAR_S2_PR_GCOV_026_097_D_090_1000_DVNA_A_20260726T224133_20260726T224205_P00500_M_P_I_001_gcov.tif,Band 2: VVVV,306,0.22446516563893468,0.09052846224847058,0.40330739957259515,6.147911676854066,-6.488510468415196,1.6635038135674294,-10.925044805808044,-9.418106393358768,-6.802395314332259,-4.072614377841052,-1.5338622512402638,0
125,ROI 126,rect,238,384309.2448730469,131843.94329978453,9619554.426980367,-66.31259846308375,-3.4361930621137446,power,vegetation,gamma0,35.663326263427734,NISAR_S2_PR_GCOV_026_097_D_090_1000_DVNA_A_20260726T224133_20260726T224205_P00500_M_P_I_001_gcov.tif,Band 1: VHVH,238,0.07068345424946115,0.026516055824514977,0.37513808720966857,7.1058769171042835,-11.506822349883691,1.6838900681480131,-17.15737728062329,-14.711245149732196,-11.732880430934088,-9.167235296830885,-8.177642263702186,0
125,ROI 126,rect,238,384309.2448730469,131843.94329978453,9619554.426980367,-66.31259846308375,-3.4361930621137446,power,vegetation,gamma0,35.663326263427734,NISAR_S2_PR_GCOV_026_097_D_090_1000_DVNA_A_20260726T224133_20260726T224205_P00500_M_P_I_001_gcov.tif,Band 2: VVVV,238,0.2778612296683949,0.11823739913559059,0.4255267972314722,5.522632835155527,-5.561720466581041,1.704945183948857,-9.875606395943997,-8.661942438033622,-5.983597393514718,-3.507369538561978,-0.15625465954413315,0
125,ROI 126,rect,238,384309.2448730469,131843.94329978453,9619554.426980367,-66.31259846308375,-3.4361930621137446,power,vegetation,sigma0,35.663326263427734,NISAR_S2_PR_GCOV_026_097_D_090_1000_DVNA_A_20260726T224133_20260726T224205_P00500_M_P_I_001_gcov.tif,Band 1: VHVH,238,0.05712176608937551,0.02138176665566634,0.3743190751877556,7.1370063245103506,-12.431983735180669,1.681094399914233,-18.131702658661887,-15.587247707192923,-12.636439066056939,-10.081980236742362,-9.07539439338969,0
125,ROI 126,rect,238,384309.2448730469,131843.94329978453,9619554.426980367,-66.31259846308375,-3.4361930621137446,power,vegetation,sigma0,35.663326263427734,NISAR_S2_PR_GCOV_026_097_D_090_1000_DVNA_A_20260726T224133_20260726T224205_P00500_M_P_I_001_gcov.tif,Band 2: VVVV,238,0.22394687199129798,0.09295245355343255,0.4150647549881583,5.80454638289753,-6.498549992447719,1.675133758499798,-10.549670749717837,-9.542294556485842,-6.891189092840365,-4.479211518891213,-1.352166722146024,0
126,ROI 127,rect,180,303402.064453125,135595.0203744335,9616923.342229905,-66.27896588740464,-3.460074156144626,power,vegetation,gamma0,35.91477966308594,NISAR_S2_PR_GCOV_026_097_D_090_1000_DVNA_A_20260726T224133_20260726T224205_P00500_M_P_I_001_gcov.tif,Band 1: VHVH,180,0.08292959989565941,0.032879900314138025,0.3964796689662912,6.361479849001881,-10.812904299212658,1.7009842507628452,-16.009619969410092,-14.036481924722985,-11.152208883895193,-8.353751649450587,-6.445731581352475,0
126,ROI 127,rect,180,303402.064453125,135595.0203744335,9616923.342229905,-66.27896588740464,-3.460074156144626,power,vegetation,gamma0,35.91477966308594,NISAR_S2_PR_GCOV_026_097_D_090_1000_DVNA_A_20260726T224133_20260726T224205_P00500_M_P_I_001_gcov.tif,Band 2: VVVV,180,0.32404996727903684,0.15030358893882761,0.46382843424082926,4.648204880436852,-4.89388018063737,1.8809024351438364,-10.971840150351424,-8.661733508972773,-5.147734885531891,-2.4114695634784007,0.5307285207826858,0
126,ROI 127,rect,180,303402.064453125,135595.0203744335,9616923.342229905,-66.27896588740464,-3.460074156144626,power,vegetation,sigma0,35.91477966308594,NISAR_S2_PR_GCOV_026_097_D_090_1000_DVNA_A_20260726T224133_20260726T224205_P00500_M_P_I_001_gcov.tif,Band 1: VHVH,180,0.0671964382989973,0.02610877846066207,0.3885440824183038,6.623985941393769,-11.7265374581649,1.6748550595563678,-16.621520310342056,-14.909542279244484,-11.916999470008953,-9.447072378491745,-7.19384330603646,0
126,ROI 127,rect,180,303402.064453125,135595.0203744335,9616923.342229905,-66.27896588740464,-3.460074156144626,power,vegetation,sigma0,35.91477966308594,NISAR_S2_PR_GCOV_026_097_D_090_1000_DVNA_A_20260726T224133_20260726T224205_P00500_M_P_I_001_gcov.tif,Band 2: VVVV,180,0.26346683053667364,0.12065081476282592,0.4579354999529315,4.768605285484902,-5.792740530193253,1.902778900773136,-12.137931383335172,-9.590285885668749,-6.04916957812004,-3.249062952508735,-0.5669582738148509,0
127,ROI 128,rect,841,1294514.2014160156,142066.07269925316,9613901.145443775,-66.22089363370233,-3.487572743873658,power,vegetation,gamma0,36.331634521484375,NISAR_S2_PR_GCOV_026_097_D_090_1000_DVNA_A_20260726T224133_20260726T224205_P00500_M_P_I_001_gcov.tif,Band 1: VHVH,841,0.07779922975309184,0.029222843622311333,0.37561867533977716,7.087705214520297,-11.090247026971728,1.6539411566835946,-17.92004284677803,-14.184098227418708,-11.330302571555556,-8.796040246076425,-6.754892715714139,0
127,ROI 128,rect,841,1294514.2014160156,142066.07269925316,9613901.145443775,-66.22089363370233,-3.487572743873658,power,vegetation,gamma0,36.331634521484375,NISAR_S2_PR_GCOV_026_097_D_090_1000_DVNA_A_20260726T224133_20260726T224205_P00500_M_P_I_001_gcov.tif,Band 2: VVVV,841,0.29368545108792615,0.11935610312867972,0.40640795342955494,6.054462630003472,-5.3211756750081385,1.7710300985125729,-14.589626569442052,-8.480543098792264,-5.571385883019553,-2.8477788625653346,-0.34212302096567193,0
127,ROI 128,rect,841,1294514.2014160156,142066.07269925316,9613901.145443775,-66.22089363370233,-3.487572743873658,power,vegetation,sigma0,36.331634521484375,NISAR_S2_PR_GCOV_026_097_D_090_1000_DVNA_A_20260726T224133_20260726T224205_P00500_M_P_I_001_gcov.tif,Band 1: VHVH,841,0.06269449669916909,0.02326684856325954,0.37111468770380773,7.26078729458592,-12.027705797128093,1.6351686778067742,-18.621729900118353,-15.111277536578623,-12.280663103566404,-9.763715448064383,-8.051163563210237,0
127,ROI 128,rect,841,1294514.2014160156,142066.07269925316,9613901.145443775,-66.22089363370233,-3.487572743873658,power,vegetation,sigma0,36.331634521484375,NISAR_S2_PR_GCOV_026_097_D_090_1000_DVNA_A_20260726T224133_20260726T224205_P00500_M_P_I_001_gcov.tif,Band 2: VVVV,841,0.237088425991623,0.09736932316577421,0.41068779616097556,5.928931115227583,-6.250896465728887,1.7656400861866381,-14.651309260270363,-9.415643485671746,-6.530862925598258,-3.852635820024342,-0.9761173118078205,0
128,ROI 129,rect,294,485442.42724609375,145052.71220584263,9611767.83188738,-66.19411167957058,-3.50693456598802,power,vegetation,gamma0,36.53213119506836,NISAR_S2_PR_GCOV_026_097_D_090_1000_DVNA_A_20260726T224133_20260726T224205_P00500_M_P_I_001_gcov.tif,Band 1: VHVH,294,0.07682432943866366,0.027691152230569508,0.3604476919343377,7.696893938616222,-11.145012217954255,1.597402512801335,-16.05267227012925,-14.129524805060269,-11.382745052172126,-9.047804567568425,-7.7150280112107925,0
128,ROI 129,rect,294,485442.42724609375,145052.71220584263,9611767.83188738,-66.19411167957058,-3.50693456598802,power,vegetation,gamma0,36.53213119506836,NISAR_S2_PR_GCOV_026_097_D_090_1000_DVNA_A_20260726T224133_20260726T224205_P00500_M_P_I_001_gcov.tif,Band 2: VVVV,294,0.3211382835799334,0.1181496365204539,0.3679089120218384,7.387872365468443,-4.933079181755031,1.5882969658804726,-9.410017072473387,-7.862282059274847,-5.265302159480877,-2.73816808678399,-1.4500548271682712,0
128,ROI 129,rect,294,485442.42724609375,145052.71220584263,9611767.83188738,-66.19411167957058,-3.50693456598802,power,vegetation,sigma0,36.53213119506836,NISAR_S2_PR_GCOV_026_097_D_090_1000_DVNA_A_20260726T224133_20260726T224205_P00500_M_P_I_001_gcov.tif,Band 1: VHVH,294,0.06139949363307316,0.022079230949935615,0.3595995609000026,7.733243665270241,-12.118352105081641,1.5909832123433152,-16.89760338681581,-15.052143093874932,-12.30644706079194,-10.047944542520401,-8.673057826243127,0
128,ROI 129,rect,294,485442.42724609375,145052.71220584263,9611767.83188738,-66.19411167957058,-3.50693456598802,power,vegetation,sigma0,36.53213119506836,NISAR_S2_PR_GCOV_026_097_D_090_1000_DVNA_A_20260726T224133_20260726T224205_P00500_M_P_I_001_gcov.tif,Band 2: VVVV,294,0.25667081977243394,0.0940618712095298,0.36646889308619374,7.446046897286313,-5.906235023147451,1.5836178727521093,-10.470354554434216,-8.778261171455874,-6.1710153211752194,-3.6969369467337225,-2.44621087974297,0
129,ROI 130,rect,1548,2427216.403076172,149177.11920155623,9610630.064094292,-66.15706956421198,-3.517338634745769,power,vegetation,gamma0,36.78493881225586,NISAR_S2_PR_GCOV_026_097_D_090_1000_DVNA_A_20260726T224133_20260726T224205_P00500_M_P_I_001_gcov.tif,Band 1: VHVH,1548,0.07733163894130066,0.0330452449692338,0.4273185648414502,5.476416593862051,-11.116427854301193,1.9522622323274696,-19.544309937124876,-14.805820369524099,-11.348778147324145,-8.53303174309248,-5.528265279521659,0
129,ROI 130,rect,1548,2427216.403076172,149177.11920155623,9610630.064094292,-66.15706956421198,-3.517338634745769,power,vegetation,gamma0,36.78493881225586,NISAR_S2_PR_GCOV_026_097_D_090_1000_DVNA_A_20260726T224133_20260726T224205_P00500_M_P_I_001_gcov.tif,Band 2: VVVV,1548,0.3067621225250514,0.13512331387374746,0.44048239320261173,5.153981943691121,-5.13198265954797,1.9810827366272834,-15.883899364663456,-8.867026602571451,-5.407339906219909,-2.649516141199484,0.40053692872507507,0
129,ROI 130,rect,1548,2427216.403076172,149177.11920155623,9610630.064094292,-66.15706956421198,-3.517338634745769,power,vegetation,sigma0,36.78493881225586,NISAR_S2_PR_GCOV_026_097_D_090_1000_DVNA_A_20260726T224133_20260726T224205_P00500_M_P_I_001_gcov.tif,Band 1: VHVH,1548,0.061976430396166106,0.027037779296881736,0.43625906048558594,5.254254205472704,-12.077734410669079,1.9490920435140315,-20.682222236055768,-15.722201639268533,-12.336975764419396,-9.537404401004435,-5.973578052732592,0
129,ROI 130,rect,1548,2427216.403076172,149177.11920155623,9610630.064094292,-66.15706956421198,-3.517338634745769,power,vegetation,sigma0,36.78493881225586,NISAR_S2_PR_GCOV_026_097_D_090_1000_DVNA_A_20260726T224133_20260726T224205_P00500_M_P_I_001_gcov.tif,Band 2: VVVV,1548,0.24579627653910346,0.10973470668204265,0.4464457648714018,5.0172135335383174,-6.094247003379662,1.984929850832513,-15.853140050642347,-9.740307982173546,-6.379388544653967,-3.5653484755584404,0.5546992758210777,0
130,ROI 131,rect,88,157319.5888671875,152140.05526221808,9609433.041418126,-66.1304690686666,-3.528241986547858,power,vegetation,gamma0,36.97019958496094,NISAR_S2_PR_GCOV_026_097_D_090_1000_DVNA_A_20260726T224133_20260726T224205_P00500_M_P_I_001_gcov.tif,Band 1: VHVH,88,0.07773030727085742,0.03031542007307119,0.39000772205151213,6.574361610203418,-11.094096155085346,1.586289938759446,-14.601161734881007,-13.77330034426923,-11.751064866429893,-8.550127679838047,-7.513069447169082,0
130,ROI 131,rect,88,157319.5888671875,152140.05526221808,9609433.041418126,-66.1304690686666,-3.528241986547858,power,vegetation,gamma0,36.97019958496094,NISAR_S2_PR_GCOV_026_097_D_090_1000_DVNA_A_20260726T224133_20260726T224205_P00500_M_P_I_001_gcov.tif,Band 2: VVVV,88,0.3098240800371224,0.13457132507175293,0.4343475337863632,5.3006030254175975,-5.088848311835398,1.7513837112325108,-10.046563842327021,-7.935069989067739,-5.507303989400221,-2.714492491435788,-0.4796241924915594,0
130,ROI 131,rect,88,157319.5888671875,152140.05526221808,9609433.041418126,-66.1304690686666,-3.528241986547858,power,vegetation,sigma0,36.97019958496094,NISAR_S2_PR_GCOV_026_097_D_090_1000_DVNA_A_20260726T224133_20260726T224205_P00500_M_P_I_001_gcov.tif,Band 1: VHVH,88,0.06175882548250356,0.024244400806923513,0.39256576881942185,6.48896073007009,-12.093009719229343,1.6152995960509888,-15.24593802950465,-14.989734550269343,-12.759784200191806,-9.53150372019038,-8.843530411953008,0
130,ROI 131,rect,88,157319.5888671875,152140.05526221808,9609433.041418126,-66.1304690686666,-3.528241986547858,power,vegetation,sigma0,36.97019958496094,NISAR_S2_PR_GCOV_026_097_D_090_1000_DVNA_A_20260726T224133_20260726T224205_P00500_M_P_I_001_gcov.tif,Band 2: VVVV,88,0.24614115463407346,0.10802267626680291,0.43886474989278074,5.192046837026859,-6.0881576648328615,1.770930869254322,-10.715236896429394,-8.971818998170853,-6.544515324327813,-3.6992042815276838,-1.4975317392545366,0
131,ROI 132,rect,154,269690.12646484375,156643.71811012024,9608982.675195623,-66.08999302943798,-3.532446522475042,power,vegetation,gamma0,37.23504638671875,NISAR_S2_PR_GCOV_026_097_D_090_1000_DVNA_A_20260726T224133_20260726T224205_P00500_M_P_I_001_gcov.tif,Band 1: VHVH,154,0.07877847794201467,0.034070159348357915,0.43248054847461564,5.34646639884445,-11.035924143338056,1.8610087697248414,-16.206876711047006,-14.560678024186407,-11.383069163861986,-8.59480842939182,-6.912512698880226,0
131,ROI 132,rect,154,269690.12646484375,156643.71811012024,9608982.675195623,-66.08999302943798,-3.532446522475042,power,vegetation,gamma0,37.23504638671875,NISAR_S2_PR_GCOV_026_097_D_090_1000_DVNA_A_20260726T224133_20260726T224205_P00500_M_P_I_001_gcov.tif,Band 2: VVVV,154,0.3043605559445047,0.11963305283092061,0.3930635901872048,6.472534392216295,-5.166116312891558,1.6009801970888418,-10.255619413238994,-8.301413579205228,-5.519194422837483,-2.8864695979299135,-0.32808672631979147,0
131,ROI 132,rect,154,269690.12646484375,156643.71811012024,9608982.675195623,-66.08999302943798,-3.532446522475042,power,vegetation,sigma0,37.23504638671875,NISAR_S2_PR_GCOV_026_097_D_090_1000_DVNA_A_20260726T224133_20260726T224205_P00500_M_P_I_001_gcov.tif,Band 1: VHVH,154,0.06244955501337096,0.027387105457717505,0.4385476478071573,5.199558012271076,-12.044706518603185,1.8600768770652358,-17.604868854123506,-15.33572332526332,-12.514566149212227,-9.504940401510284,-7.656475787031766,0
131,ROI 132,rect,154,269690.12646484375,156643.71811012024,9608982.675195623,-66.08999302943798,-3.532446522475042,power,vegetation,sigma0,37.23504638671875,NISAR_S2_PR_GCOV_026_097_D_090_1000_DVNA_A_20260726T224133_20260726T224205_P00500_M_P_I_001_gcov.tif,Band 2: VVVV,154,0.24191289585716033,0.09794617962881393,0.40488201045159306,6.100185454405758,-6.163409797145009,1.6329616266967968,-10.85106356570359,-9.22630162285693,-6.565814005759743,-3.688133060755194,-1.188542417875581,0
132,ROI 133,rect,195,321381.4255371094,160744.421521082,9608437.489774706,-66.05314087868567,-3.5374942337779127,power,vegetation,gamma0,37.47483444213867,NISAR_S2_PR_GCOV_026_097_D_090_1000_DVNA_A_20260726T224133_20260726T224205_P00500_M_P_I_001_gcov.tif,Band 1: VHVH,195,0.07820038288258589,0.031565186846821316,0.40364491429939575,6.137634608429098,-11.067911205541265,1.7249875899694842,-17.703840109952964,-13.983628489916082,-11.590077285202094,-8.548435503916613,-7.529641705805047,0
132,ROI 133,rect,195,321381.4255371094,160744.421521082,9608437.489774706,-66.05314087868567,-3.5374942337779127,power,vegetation,gamma0,37.47483444213867,NISAR_S2_PR_GCOV_026_097_D_090_1000_DVNA_A_20260726T224133_20260726T224205_P00500_M_P_I_001_gcov.tif,Band 2: VVVV,195,0.2931557872356513,0.11442147978534863,0.39030946946093104,6.564200289993743,-5.3290152791718395,1.5775440183588505,-9.389718092920969,-8.182235346191261,-5.596762897495236,-2.718993965343752,-0.22311824509993458,0
132,ROI 133,rect,195,321381.4255371094,160744.421521082,9608437.489774706,-66.05314087868567,-3.5374942337779127,power,vegetation,sigma0,37.47483444213867,NISAR_S2_PR_GCOV_026_097_D_090_1000_DVNA_A_20260726T224133_20260726T224205_P00500_M_P_I_001_gcov.tif,Band 1: VHVH,195,0.06249100971896974,0.02610419855175965,0.41772726459619797,5.730788170921361,-12.041824580204764,1.7440495059375494,-17.988792362129526,-15.107190585503133,-12.435781397223353,-9.493270492511748,-8.029278121458187,0
132,ROI 133,rect,195,321381.4255371094,160744.421521082,9608437.489774706,-66.05314087868567,-3.5374942337779127,power,vegetation,sigma0,37.47483444213867,NISAR_S2_PR_GCOV_026_097_D_090_1000_DVNA_A_20260726T224133_20260726T224205_P00500_M_P_I_001_gcov.tif,Band 2: VVVV,195,0.23333328076261864,0.08918543301223555,0.3822233704542485,6.844875045525903,-6.320233125532936,1.5686341038828269,-10.32290908387049,-9.193220021478089,-6.625808126520876,-3.864024996441369,-1.4791195050802366,0
133,ROI 134,rect,496,759628.8237304688,164655.49708958447,9607916.013898257,-66.01799138487485,-3.542321038588151,power,vegetation,gamma0,37.7038688659668,NISAR_S2_PR_GCOV_026_097_D_090_1000_DVNA_A_20260726T224133_20260726T224205_P00500_M_P_I_001_gcov.tif,Band 1: VHVH,496,0.0753977331633289,0.029619502548559995,0.3928434092892065,6.4797918784264805,-11.226417110195712,1.630373046114456,-17.00176802355238,-14.348578933937134,-11.483149333724917,-8.869407598070035,-5.514387206383367,0
133,ROI 134,rect,496,759628.8237304688,164655.49708958447,9607916.013898257,-66.01799138487485,-3.542321038588151,power,vegetation,gamma0,37.7038688659668,NISAR_S2_PR_GCOV_026_097_D_090_1000_DVNA_A_20260726T224133_20260726T224205_P00500_M_P_I_001_gcov.tif,Band 2: VVVV,496,0.3002411457860181,0.11542544279979343,0.38444245374035824,6.766082968350283,-5.2252979122888155,1.651384239615507,-11.096270188846608,-8.472493922941041,-5.510626743618989,-3.109425231722291,0.06410129039086918,0
133,ROI 134,rect,496,759628.8237304688,164655.49708958447,9607916.013898257,-66.01799138487485,-3.542321038588151,power,vegetation,sigma0,37.7038688659668,NISAR_S2_PR_GCOV_026_097_D_090_1000_DVNA_A_20260726T224133_20260726T224205_P00500_M_P_I_001_gcov.tif,Band 1: VHVH,496,0.05975447770489679,0.023267550424480733,0.3893858890272585,6.595376339214135,-12.236295452808205,1.633278066259881,-18.12622603718371,-15.270033975356993,-12.508114177761126,-9.905705678470921,-6.571332681608073,0
133,ROI 134,rect,496,759628.8237304688,164655.49708958447,9607916.013898257,-66.01799138487485,-3.542321038588151,power,vegetation,sigma0,37.7038688659668,NISAR_S2_PR_GCOV_026_097_D_090_1000_DVNA_A_20260726T224133_20260726T224205_P00500_M_P_I_001_gcov.tif,Band 2: VVVV,496,0.2378536711304667,0.09069517636535517,0.38130660726950627,6.877828437215677,-6.236901411143757,1.644053023490848,-11.999614787720496,-9.36176200646239,-6.513156998313654,-4.135054563815383,-1.3994532781102118,0
134,ROI 135,rect,221,346103.08544921875,169870.26455879782,9607489.35199697,-65.97111532863546,-3.5463280938991497,power,vegetation,gamma0,38.002593994140625,NISAR_S2_PR_GCOV_026_097_D_090_1000_DVNA_A_20260726T224133_20260726T224205_P00500_M_P_I_001_gcov.tif,Band 1: VHVH,221,0.07230975481416035,0.024851836465613,0.34368580739187193,8.46597152928285,-11.408031110568809,1.5317938054186522,-16.088841508012287,-14.269701888794284,-11.499295027733591,-9.567103769674436,-7.88467535785061,0
134,ROI 135,rect,221,346103.08544921875,169870.26455879782,9607489.35199697,-65.97111532863546,-3.5463280938991497,power,vegetation,gamma0,38.002593994140625,NISAR_S2_PR_GCOV_026_097_D_090_1000_DVNA_A_20260726T224133_20260726T224205_P00500_M_P_I_001_gcov.tif,Band 2: VVVV,221,0.2847293573537024,0.1099177276516837,0.3860428326508651,6.710100312095686,-5.455677521034651,1.6526811888568345,-10.22055914498383,-8.471664187891603,-5.692466454040118,-3.073635267621479,-1.4335047784749502,0
134,ROI 135,rect,221,346103.08544921875,169870.26455879782,9607489.35199697,-65.97111532863546,-3.5463280938991497,power,vegetation,sigma0,38.002593994140625,NISAR_S2_PR_GCOV_026_097_D_090_1000_DVNA_A_20260726T224133_20260726T224205_P00500_M_P_I_001_gcov.tif,Band 1: VHVH,221,0.057139635439441346,0.01935545026208185,0.33873947765374623,8.715019696993169,-12.430625348168395,1.5157629188449715,-17.391872170344755,-15.334034295577869,-12.449272827829121,-10.514784000819228,-8.75108760938223,0
134,ROI 135,rect,221,346103.08544921875,169870.26455879782,9607489.35199697,-65.97111532863546,-3.5463280938991497,power,vegetation,sigma0,38.002593994140625,NISAR_S2_PR_GCOV_026_097_D_090_1000_DVNA_A_20260726T224133_20260726T224205_P00500_M_P_I_001_gcov.tif,Band 2: VVVV,221,0.2250077421458479,0.08690020048279178,0.38620982395558584,6.704298874189957,-6.478025382736493,1.6283279028584239,-11.30625677977881,-9.351026799959888,-6.743455762246714,-4.156525932771118,-2.4653744815275234,0
135,ROI 136,rect,112,188783.48681640625,167215.47389337985,9607726.38897129,-65.99497922584875,-3.544109263948509,power,vegetation,gamma0,37.85072708129883,NISAR_S2_PR_GCOV_026_097_D_090_1000_DVNA_A_20260726T224133_20260726T224205_P00500_M_P_I_001_gcov.tif,Band 1: VHVH,112,0.0789699056185782,0.031157074897596743,0.3945436511990314,6.424064331131411,-11.025383810366415,1.666809256086777,-15.477006589829479,-14.051729664041627,-11.242124489987471,-8.857639372267311,-6.791807537481624,0
135,ROI 136,rect,112,188783.48681640625,167215.47389337985,9607726.38897129,-65.99497922584875,-3.544109263948509,power,vegetation,gamma0,37.85072708129883,NISAR_S2_PR_GCOV_026_097_D_090_1000_DVNA_A_20260726T224133_20260726T224205_P00500_M_P_I_001_gcov.tif,Band 2: VVVV,112,0.31873771235612885,0.11149743999053294,0.349809375132729,8.172164698031036,-4.965665487032127,1.539694327788081,-11.324401277465412,-7.47620544686594,-5.210618228304176,-2.5792073308323444,-1.7904758756190275,0
135,ROI 136,rect,112,188783.48681640625,167215.47389337985,9607726.38897129,-65.99497922584875,-3.544109263948509,power,vegetation,sigma0,37.85072708129883,NISAR_S2_PR_GCOV_026_097_D_090_1000_DVNA_A_20260726T224133_20260726T224205_P00500_M_P_I_001_gcov.tif,Band 1: VHVH,112,0.062231282358638285,0.024398664943414666,0.3920643126523634,6.505570302444747,-12.059912497058342,1.6644723882856411,-16.769116795820395,-14.88144266578356,-12.381513790420493,-9.815351616443982,-8.01080059140414,0
135,ROI 136,rect,112,188783.48681640625,167215.47389337985,9607726.38897129,-65.99497922584875,-3.544109263948509,power,vegetation,sigma0,37.85072708129883,NISAR_S2_PR_GCOV_026_097_D_090_1000_DVNA_A_20260726T224133_20260726T224205_P00500_M_P_I_001_gcov.tif,Band 2: VVVV,112,0.25141590941294034,0.08916168706579229,0.3546382059671008,7.951131889773416,-5.99607243946657,1.5397863057669148,-12.324468856401637,-8.634630681838349,-6.308040118027913,-3.4818344671894277,-2.8766844263055296,0
136,ROI 137,rect,225,351159.47119140625,174385.77908251304,9607193.057533842,-65.93052091174259,-3.549135216149683,power,vegetation,gamma0,38.26041030883789,NISAR_S2_PR_GCOV_026_097_D_090_1000_DVNA_A_20260726T224133_20260726T224205_P00500_M_P_I_001_gcov.tif,Band 1: VHVH,225,0.08126474092404047,0.0333986948923883,0.4109862963029271,5.9203218545507665,-10.900978448561524,1.8127680440976286,-15.610071359469998,-14.399455386934124,-11.25784589965206,-8.411954611142958,-7.031049388628086,0
136,ROI 137,rect,225,351159.47119140625,174385.77908251304,9607193.057533842,-65.93052091174259,-3.549135216149683,power,vegetation,gamma0,38.26041030883789,NISAR_S2_PR_GCOV_026_097_D_090_1000_DVNA_A_20260726T224133_20260726T224205_P00500_M_P_I_001_gcov.tif,Band 2: VVVV,225,0.30467585408025316,0.13410046623993446,0.4401414304548457,5.161970269217993,-5.1616196276198965,1.8810160303271182,-11.839359950042143,-8.68354637293798,-5.516522885246038,-2.454121433182036,-0.1313307237936547,0
136,ROI 137,rect,225,351159.47119140625,174385.77908251304,9607193.057533842,-65.93052091174259,-3.549135216149683,power,vegetation,sigma0,38.26041030883789,NISAR_S2_PR_GCOV_026_097_D_090_1000_DVNA_A_20260726T224133_20260726T224205_P00500_M_P_I_001_gcov.tif,Band 1: VHVH,225,0.0637850445540491,0.026385657524307108,0.4136652675996624,5.843888002205825,-11.952811367808556,1.8185511758255692,-17.182990720372523,-15.442003306938174,-12.33565869098692,-9.402406671331006,-7.936378743968734,0
136,ROI 137,rect,225,351159.47119140625,174385.77908251304,9607193.057533842,-65.93052091174259,-3.549135216149683,power,vegetation,sigma0,38.26041030883789,NISAR_S2_PR_GCOV_026_097_D_090_1000_DVNA_A_20260726T224133_20260726T224205_P00500_M_P_I_001_gcov.tif,Band 2: VVVV,225,0.23937227901588762,0.10668707283858908,0.4456951877519119,5.034126332713434,-6.209261453561341,1.8938496224673431,-12.529886101024253,-9.767431923279297,-6.5801812045489685,-3.4360488112268115,-1.3304482993549942,0
137,ROI 138,rect,144,211819.2119140625,172157.65116265658,9607311.576183317,-65.95055276243225,-3.5480003983856165,power,vegetation,gamma0,38.133277893066406,NISAR_S2_PR_GCOV_026_097_D_090_1000_DVNA_A_20260726T224133_20260726T224205_P00500_M_P_I_001_gcov.tif,Band 1: VHVH,144,0.07984371030599707,0.029910669614149177,0.3746152264156815,7.125726496175855,-10.977592897570034,1.5340171943924812,-15.024413477928258,-13.57943219153383,-11.434314253348603,-8.683054449479027,-7.06749954350932,0
137,ROI 138,rect,144,211819.2119140625,172157.65116265658,9607311.576183317,-65.95055276243225,-3.5480003983856165,power,vegetation,gamma0,38.133277893066406,NISAR_S2_PR_GCOV_026_097_D_090_1000_DVNA_A_20260726T224133_20260726T224205_P00500_M_P_I_001_gcov.tif,Band 2: VVVV,144,0.3068452643023597,0.12976547653771572,0.4229020018697346,5.591399433306034,-5.130805750139878,1.7729437657557334,-10.52203584174676,-8.178794025369882,-5.483514888857213,-2.5287376764990688,-0.5647162868973234,0
137,ROI 138,rect,144,211819.2119140625,172157.65116265658,9607311.576183317,-65.95055276243225,-3.5480003983856165,power,vegetation,sigma0,38.133277893066406,NISAR_S2_PR_GCOV_026_097_D_090_1000_DVNA_A_20260726T224133_20260726T224205_P00500_M_P_I_001_gcov.tif,Band 1: VHVH,144,0.06286627651085967,0.02380119936896316,0.37860043078663463,6.9765031141905105,-12.015822615947025,1.5333042098211471,-15.980604970485077,-14.620985126554855,-12.519817221572794,-9.603776143163676,-7.8151736870399136,0
137,ROI 138,rect,144,211819.2119140625,172157.65116265658,9607311.576183317,-65.95055276243225,-3.5480003983856165,power,vegetation,sigma0,38.133277893066406,NISAR_S2_PR_GCOV_026_097_D_090_1000_DVNA_A_20260726T224133_20260726T224205_P00500_M_P_I_001_gcov.tif,Band 2: VVVV,144,0.24163452700894666,0.10269526040601666,0.42500242691812956,5.536268951178559,-6.168410095455007,1.7767747245965722,-11.688560829592603,-9.297106497317028,-6.533321722672664,-3.522314236475046,-1.6146160232969007,0
138,ROI 139,rect,200,353968.2243652344,176922.052360926,9606920.468598962,-65.9077220979129,-3.551670461162499,power,vegetation,gamma0,38.40651321411133,NISAR_S2_PR_GCOV_026_097_D_090_1000_DVNA_A_20260726T224133_20260726T224205_P00500_M_P_I_001_gcov.tif,Band 1: VHVH,200,0.0782087193056941,0.031628359357929015,0.40440963154381004,6.114444669184546,-11.067448257732284,1.753008920805828,-16.82708483562915,-14.495587933144078,-11.329077069461137,-8.584762132418199,-6.276233191472458,0
138,ROI 139,rect,200,353968.2243652344,176922.052360926,9606920.468598962,-65.9077220979129,-3.551670461162499,power,vegetation,gamma0,38.40651321411133,NISAR_S2_PR_GCOV_026_097_D_090_1000_DVNA_A_20260726T224133_20260726T224205_P00500_M_P_I_001_gcov.tif,Band 2: VVVV,200,0.30286729414016006,0.12233491671570161,0.40392250692835724,6.129201423109381,-5.187476224788052,1.7406197211481347,-10.148185445965986,-8.48327703874472,-5.338854514111796,-2.519451217018269,-0.8028010692348688,0
138,ROI 139,rect,200,353968.2243652344,176922.052360926,9606920.468598962,-65.9077220979129,-3.551670461162499,power,vegetation,sigma0,38.40651321411133,NISAR_S2_PR_GCOV_026_097_D_090_1000_DVNA_A_20260726T224133_20260726T224205_P00500_M_P_I_001_gcov.tif,Band 1: VHVH,200,0.06136592171874431,0.024578021214953085,0.4005157997560997,6.233912381766087,-12.120727382754364,1.727789583282751,-17.643515639207834,-15.611521929403121,-12.370828381596535,-9.701891098483507,-7.6318902265836766,0
138,ROI 139,rect,200,353968.2243652344,176922.052360926,9606920.468598962,-65.9077220979129,-3.551670461162499,power,vegetation,sigma0,38.40651321411133,NISAR_S2_PR_GCOV_026_097_D_090_1000_DVNA_A_20260726T224133_20260726T224205_P00500_M_P_I_001_gcov.tif,Band 2: VVVV,200,0.23709513934602086,0.09307804403320363,0.3925767701941957,6.488597048395369,-6.2507734934041,1.6941056717806307,-11.054140445813447,-9.494942929811437,-6.368121172923258,-3.793368001890471,-1.962619046487704,0
139,ROI 140,rect,56,102257.70971679688,179695.3604166159,9606588.617711883,-65.88279283831776,-3.5547473888866348,power,vegetation,gamma0,38.564674377441406,NISAR_S2_PR_GCOV_026_097_D_090_1000_DVNA_A_20260726T224133_20260726T224205_P00500_M_P_I_001_gcov.tif,Band 1: VHVH,56,0.08549436081999115,0.025138342949955657,0.29403510019666185,11.566491576495233,-10.680625302487663,1.3038855977739627,-13.720438811882584,-13.011885535103822,-10.866114695510277,-8.760136664233206,-8.311216186428231,0
139,ROI 140,rect,56,102257.70971679688,179695.3604166159,9606588.617711883,-65.88279283831776,-3.5547473888866348,power,vegetation,gamma0,38.564674377441406,NISAR_S2_PR_GCOV_026_097_D_090_1000_DVNA_A_20260726T224133_20260726T224205_P00500_M_P_I_001_gcov.tif,Band 2: VVVV,56,0.3237467469381435,0.12530104413198773,0.38703414109031437,6.675771245065832,-4.897945867528895,1.721839839505693,-8.919688060450767,-8.553932634823255,-5.226451915417768,-2.535746915828816,-1.627788089228702,0
139,ROI 140,rect,56,102257.70971679688,179695.3604166159,9606588.617711883,-65.88279283831776,-3.5547473888866348,power,vegetation,sigma0,38.564674377441406,NISAR_S2_PR_GCOV_026_097_D_090_1000_DVNA_A_20260726T224133_20260726T224205_P00500_M_P_I_001_gcov.tif,Band 1: VHVH,56,0.06654766558507881,0.018671436264407405,0.2805723701988711,12.703114073504349,-11.768671744688014,1.2370832216581795,-15.065067825881313,-13.837229154661664,-11.819208691967635,-9.834595796901715,-9.51773686887173,0
139,ROI 140,rect,56,102257.70971679688,179695.3604166159,9606588.617711883,-65.88279283831776,-3.5547473888866348,power,vegetation,sigma0,38.564674377441406,NISAR_S2_PR_GCOV_026_097_D_090_1000_DVNA_A_20260726T224133_20260726T224205_P00500_M_P_I_001_gcov.tif,Band 2: VVVV,56,0.25525796676802187,0.10541960029013726,0.412992399903986,5.862945818730221,-5.930206944148163,1.8087344264763816,-10.258435595073776,-9.338785399151744,-6.327818422498243,-3.495322850219331,-2.4025497401756137,0
140,ROI 141,rect,187,309582.81640625,182658.2964670916,9606292.323766371,-65.85615661241103,-3.5575078004698204,power,vegetation,gamma0,38.732479095458984,NISAR_S2_PR_GCOV_026_097_D_090_1000_DVNA_A_20260726T224133_20260726T224205_P00500_M_P_I_001_gcov.tif,Band 1: VHVH,187,0.08272265740495952,0.03673907803009969,0.44412352289709023,5.069818920243648,-10.823755226329585,1.8563240073727165,-16.54178159996676,-14.340784460243421,-11.07799575753361,-7.943320698358903,-6.077897399561849,0
140,ROI 141,rect,187,309582.81640625,182658.2964670916,9606292.323766371,-65.85615661241103,-3.5575078004698204,power,vegetation,gamma0,38.732479095458984,NISAR_S2_PR_GCOV_026_097_D_090_1000_DVNA_A_20260726T224133_20260726T224205_P00500_M_P_I_001_gcov.tif,Band 2: VVVV,187,0.3048910409371483,0.1329602477302103,0.43609102885256434,5.258304052632451,-5.158553369620203,1.8161292698599443,-10.887180544565698,-8.384227949186746,-5.485822646827358,-2.784965555959583,-0.052538869911605245,0
140,ROI 141,rect,187,309582.81640625,182658.2964670916,9606292.323766371,-65.85615661241103,-3.5575078004698204,power,vegetation,sigma0,38.732479095458984,NISAR_S2_PR_GCOV_026_097_D_090_1000_DVNA_A_20260726T224133_20260726T224205_P00500_M_P_I_001_gcov.tif,Band 1: VHVH,187,0.06618796610625369,0.029972652307433453,0.45284141620725105,4.87649429130163,-11.79220964166401,1.8690760329676201,-17.66208515945795,-15.340740684556714,-12.254437999539565,-8.79205647758353,-7.000596987305921,0
140,ROI 141,rect,187,309582.81640625,182658.2964670916,9606292.323766371,-65.85615661241103,-3.5575078004698204,power,vegetation,sigma0,38.732479095458984,NISAR_S2_PR_GCOV_026_097_D_090_1000_DVNA_A_20260726T224133_20260726T224205_P00500_M_P_I_001_gcov.tif,Band 2: VVVV,187,0.2428599172379418,0.1049542795878073,0.432159743696933,5.354407020804603,-6.146441573184971,1.7919075021388509,-12.560434985777526,-9.225276112859127,-6.437081350115802,-3.967313861721427,-0.918101128304239,0
141,ROI 142,rect,260,426448.0283203125,186830.11043510475,9605865.662230525,-65.81865175979584,-3.5614790225450683,power,vegetation,gamma0,38.96782302856445,NISAR_S2_PR_GCOV_026_097_D_090_1000_DVNA_A_20260726T224133_20260726T224205_P00500_M_P_I_001_gcov.tif,Band 1: VHVH,260,0.07797031684133869,0.03176796625574427,0.407436670039301,6.0239280025034,-11.080707009702259,1.6354793274072337,-15.845534553051584,-14.065434964796037,-11.38766761491956,-8.713619402173528,-6.180608700074261,0
141,ROI 142,rect,260,426448.0283203125,186830.11043510475,9605865.662230525,-65.81865175979584,-3.5614790225450683,power,vegetation,gamma0,38.96782302856445,NISAR_S2_PR_GCOV_026_097_D_090_1000_DVNA_A_20260726T224133_20260726T224205_P00500_M_P_I_001_gcov.tif,Band 2: VVVV,260,0.30103880098232855,0.12031655264080517,0.3996712458599911,6.260286246310209,-5.213775244509991,1.6971897166478849,-9.875211794142576,-8.209188726380008,-5.394057224589708,-3.039040348283523,-0.6163661746849034,0
141,ROI 142,rect,260,426448.0283203125,186830.11043510475,9605865.662230525,-65.81865175979584,-3.5614790225450683,power,vegetation,sigma0,38.96782302856445,NISAR_S2_PR_GCOV_026_097_D_090_1000_DVNA_A_20260726T224133_20260726T224205_P00500_M_P_I_001_gcov.tif,Band 1: VHVH,260,0.06097008119871715,0.02535214978399959,0.4158129575286348,5.783676090355654,-12.148832265931151,1.6370878674053104,-16.932346799197898,-15.224655490358652,-12.50782758823113,-9.77803296591025,-6.799623982986233,0
141,ROI 142,rect,260,426448.0283203125,186830.11043510475,9605865.662230525,-65.81865175979584,-3.5614790225450683,power,vegetation,sigma0,38.96782302856445,NISAR_S2_PR_GCOV_026_097_D_090_1000_DVNA_A_20260726T224133_20260726T224205_P00500_M_P_I_001_gcov.tif,Band 2: VVVV,260,0.2351301861177388,0.09425651459872256,0.4008694764164592,6.222917198406811,-6.286916123773329,1.6901240623503826,-11.228741939869396,-9.412811067354651,-6.454849635937353,-4.003681620340679,-1.7701957836527082,0
142,ROI 143,rect,221,387680.0056152344,190776.741334977,9605533.815755287,-65.78316796446158,-3.5645860455983724,power,vegetation,gamma0,39.18961715698242,NISAR_S2_PR_GCOV_026_097_D_090_1000_DVNA_A_20260726T224133_20260726T224205_P00500_M_P_I_001_gcov.tif,Band 1: VHVH,221,0.07534092398385657,0.028647817609636507,0.3802424511779936,6.916379233898678,-11.22969057896627,1.7093056629802004,-16.806805857689536,-14.377091365689466,-11.447318833941411,-9.056864073602567,-7.410367295930743,0
142,ROI 143,rect,221,387680.0056152344,190776.741334977,9605533.815755287,-65.78316796446158,-3.5645860455983724,power,vegetation,gamma0,39.18961715698242,NISAR_S2_PR_GCOV_026_097_D_090_1000_DVNA_A_20260726T224133_20260726T224205_P00500_M_P_I_001_gcov.tif,Band 2: VVVV,221,0.30090751377570685,0.11346459745366554,0.3770746566941522,7.033076014618717,-5.215669676252041,1.6325972565197664,-11.127986251385373,-8.096127724625514,-5.486339921234146,-2.9642484447272683,-1.0471328682238994,0
142,ROI 143,rect,221,387680.0056152344,190776.741334977,9605533.815755287,-65.78316796446158,-3.5645860455983724,power,vegetation,sigma0,39.18961715698242,NISAR_S2_PR_GCOV_026_097_D_090_1000_DVNA_A_20260726T224133_20260726T224205_P00500_M_P_I_001_gcov.tif,Band 1: VHVH,221,0.058142259640372985,0.021889483024168484,0.3764814639052797,7.055256425084183,-12.355080938198867,1.6862510841820977,-17.73712380694362,-15.609833253981751,-12.496672826650597,-10.241318411608455,-8.512217662479713,0
142,ROI 143,rect,221,387680.0056152344,190776.741334977,9605533.815755287,-65.78316796446158,-3.5645860455983724,power,vegetation,sigma0,39.18961715698242,NISAR_S2_PR_GCOV_026_097_D_090_1000_DVNA_A_20260726T224133_20260726T224205_P00500_M_P_I_001_gcov.tif,Band 2: VVVV,221,0.23196524703073707,0.08636714887929682,0.37232796716247996,7.213543941303239,-6.345770761148781,1.590234113761637,-11.930754310376049,-9.079793306785584,-6.5907779109865805,-4.160275162289754,-2.139892324898243,0
143,ROI 144,rect,204,342169.75732421875,194059.67443838765,9605320.484406346,-65.7536487348489,-3.566602993230829,power,vegetation,gamma0,39.37175750732422,NISAR_S2_PR_GCOV_026_097_D_090_1000_DVNA_A_20260726T224133_20260726T224205_P00500_M_P_I_001_gcov.tif,Band 1: VHVH,204,0.07821053699316348,0.030256509604532578,0.3868597604332694,6.681790934189846,-11.067347322379888,1.62081976890162,-15.457546204792433,-13.721297052874416,-11.471545133371485,-8.767692319671788,-7.154311955413672,0
143,ROI 144,rect,204,342169.75732421875,194059.67443838765,9605320.484406346,-65.7536487348489,-3.566602993230829,power,vegetation,gamma0,39.37175750732422,NISAR_S2_PR_GCOV_026_097_D_090_1000_DVNA_A_20260726T224133_20260726T224205_P00500_M_P_I_001_gcov.tif,Band 2: VVVV,204,0.29503733883885774,0.10715638660663716,0.3631960179289828,7.5808489520499265,-5.301230178336627,1.631820275986073,-9.559141020628388,-8.597610124873881,-5.518920899190077,-3.186962271667953,-2.021194083223123,0
143,ROI 144,rect,204,342169.75732421875,194059.67443838765,9605320.484406346,-65.7536487348489,-3.566602993230829,power,vegetation,sigma0,39.37175750732422,NISAR_S2_PR_GCOV_026_097_D_090_1000_DVNA_A_20260726T224133_20260726T224205_P00500_M_P_I_001_gcov.tif,Band 1: VHVH,204,0.06083005835293208,0.02362130257506562,0.3883162899173357,6.63175969147246,-12.15881766927768,1.6255217608952495,-16.52254070925697,-14.787046875794413,-12.520179292824343,-9.85407453899977,-8.170751789478597,0
143,ROI 144,rect,204,342169.75732421875,194059.67443838765,9605320.484406346,-65.7536487348489,-3.566602993230829,power,vegetation,sigma0,39.37175750732422,NISAR_S2_PR_GCOV_026_097_D_090_1000_DVNA_A_20260726T224133_20260726T224205_P00500_M_P_I_001_gcov.tif,Band 2: VVVV,204,0.22889862561148233,0.08166502714919957,0.35677377673648636,7.8562292594129515,-6.403568149757025,1.610193703622658,-10.74664691654167,-9.636169949402133,-6.604488840458782,-4.274549430863079,-3.254279762366222,0
144,ROI 145,rect,352,561293.3618164062,198515.93025124643,9604822.709054923,-65.713583464589,-3.5712208788784903,power,vegetation,gamma0,39.6200065612793,NISAR_S2_PR_GCOV_026_097_D_090_1000_DVNA_A_20260726T224133_20260726T224205_P00500_M_P_I_001_gcov.tif,Band 1: VHVH,352,0.07742079674393278,0.030030827059771534,0.38789095853789385,6.646311420067339,-11.111423636330153,1.6053639163467128,-15.850315589413206,-13.907573565985762,-11.332256135110192,-8.852180937994722,-5.5471835581492055,0
144,ROI 145,rect,352,561293.3618164062,198515.93025124643,9604822.709054923,-65.713583464589,-3.5712208788784903,power,vegetation,gamma0,39.6200065612793,NISAR_S2_PR_GCOV_026_097_D_090_1000_DVNA_A_20260726T224133_20260726T224205_P00500_M_P_I_001_gcov.tif,Band 2: VVVV,352,0.31777516805397515,0.11865171242848824,0.373382581008768,7.172852382217986,-4.9788004293255685,1.6206619238285414,-11.13643980745709,-7.863080647362563,-5.275426411144633,-2.5631143760809634,-1.2521276561695465,0
144,ROI 145,rect,352,561293.3618164062,198515.93025124643,9604822.709054923,-65.713583464589,-3.5712208788784903,power,vegetation,sigma0,39.6200065612793,NISAR_S2_PR_GCOV_026_097_D_090_1000_DVNA_A_20260726T224133_20260726T224205_P00500_M_P_I_001_gcov.tif,Band 1: VHVH,352,0.05947547427745706,0.023026759330258252,0.3871639463157012,6.671295597297628,-12.256620860664638,1.5936786557956772,-16.990897569300433,-15.039600305780858,-12.543617993429091,-10.055449219693148,-6.742818800530892,0
144,ROI 145,rect,352,561293.3618164062,198515.93025124643,9604822.709054923,-65.713583464589,-3.5712208788784903,power,vegetation,sigma0,39.6200065612793,NISAR_S2_PR_GCOV_026_097_D_090_1000_DVNA_A_20260726T224133_20260726T224205_P00500_M_P_I_001_gcov.tif,Band 2: VVVV,352,0.24395641845222055,0.0906391587913011,0.37153832379717855,7.244238918575842,-6.126877511868364,1.600220146693163,-12.127300654060049,-9.002812300984557,-6.502187802793294,-3.666622145423806,-2.4738446267212755,0
145,ROI 146,rect,240,365206.158203125,202332.19187640664,9604360.490375724,-65.67927182799984,-3.57549912515712,power,vegetation,gamma0,39.83351516723633,NISAR_S2_PR_GCOV_026_097_D_090_1000_DVNA_A_20260726T224133_20260726T224205_P00500_M_P_I_001_gcov.tif,Band 1: VHVH,240,0.08422374262008817,0.03370402492866406,0.4001724915110259,6.244613124994106,-10.745654638996296,1.6402049008891038,-15.824362044882921,-13.78009264465992,-10.97754523616224,-8.597189565563085,-5.005254027168663,0
145,ROI 146,rect,240,365206.158203125,202332.19187640664,9604360.490375724,-65.67927182799984,-3.57549912515712,power,vegetation,gamma0,39.83351516723633,NISAR_S2_PR_GCOV_026_097_D_090_1000_DVNA_A_20260726T224133_20260726T224205_P00500_M_P_I_001_gcov.tif,Band 2: VVVV,240,0.33103328992923103,0.12785823673513652,0.38623981522363,6.70325774580202,-4.801283297723563,1.599995931020433,-9.661425303511638,-7.603860252919734,-5.3073703923365585,-2.495021853279704,-0.691303409466263,0
145,ROI 146,rect,240,365206.158203125,202332.19187640664,9604360.490375724,-65.67927182799984,-3.57549912515712,power,vegetation,sigma0,39.83351516723633,NISAR_S2_PR_GCOV_026_097_D_090_1000_DVNA_A_20260726T224133_20260726T224205_P00500_M_P_I_001_gcov.tif,Band 1: VHVH,240,0.06459507087475484,0.02605116882986622,0.40329964000469243,6.148148253296556,-11.898006209146457,1.649914530639276,-17.175427704521912,-15.101461618388525,-12.141097337642483,-9.97208060988363,-6.20410583616564,0
145,ROI 146,rect,240,365206.158203125,202332.19187640664,9604360.490375724,-65.67927182799984,-3.57549912515712,power,vegetation,sigma0,39.83351516723633,NISAR_S2_PR_GCOV_026_097_D_090_1000_DVNA_A_20260726T224133_20260726T224205_P00500_M_P_I_001_gcov.tif,Band 2: VVVV,240,0.25424940230429477,0.10073605653937474,0.39620961003798244,6.370154852726953,-5.947400593540939,1.618319011949161,-10.669129657903316,-8.621940263637315,-6.456639331632256,-3.473184394505437,-2.042369069105257,0
146,ROI 147,rect,176,273061.8454589844,205887.71507391456,9604147.158276591,-65.64729768300737,-3.577520273530084,power,vegetation,gamma0,40.02863311767578,NISAR_S2_PR_GCOV_026_097_D_090_1000_DVNA_A_20260726T224133_20260726T224205_P00500_M_P_I_001_gcov.tif,Band 1: VHVH,176,0.0776329063598744,0.03001456840145753,0.38662172793483046,6.690021061385882,-11.099541547559614,1.657606782086755,-15.180205651070011,-14.25238794394662,-11.470862256138494,-8.729620358478725,-7.570240894787718,0
146,ROI 147,rect,176,273061.8454589844,205887.71507391456,9604147.158276591,-65.64729768300737,-3.577520273530084,power,vegetation,gamma0,40.02863311767578,NISAR_S2_PR_GCOV_026_097_D_090_1000_DVNA_A_20260726T224133_20260726T224205_P00500_M_P_I_001_gcov.tif,Band 2: VVVV,176,0.30956849379634316,0.12308535354814043,0.3976029732183114,6.325585836075556,-5.092432458788723,1.6332598242539076,-9.16805569723328,-7.908331161750517,-5.401274229263019,-2.582776415145245,-0.5828830188183042,0
146,ROI 147,rect,176,273061.8454589844,205887.71507391456,9604147.158276591,-65.64729768300737,-3.577520273530084,power,vegetation,sigma0,40.02863311767578,NISAR_S2_PR_GCOV_026_097_D_090_1000_DVNA_A_20260726T224133_20260726T224205_P00500_M_P_I_001_gcov.tif,Band 1: VHVH,176,0.05954159602345985,0.02275338462789121,0.38214267247599815,6.84776624789469,-12.251795281896031,1.644453783769654,-16.52143608671272,-15.258611810596808,-12.465976915693426,-9.9120272242728,-8.852468442621872,0
146,ROI 147,rect,176,273061.8454589844,205887.71507391456,9604147.158276591,-65.64729768300737,-3.577520273530084,power,vegetation,sigma0,40.02863311767578,NISAR_S2_PR_GCOV_026_097_D_090_1000_DVNA_A_20260726T224133_20260726T224205_P00500_M_P_I_001_gcov.tif,Band 2: VVVV,176,0.23733803415894206,0.09193119757850489,0.38734287955271346,6.665133404262366,-6.246326591625634,1.6214017887900185,-10.534154304407483,-9.327971689237998,-6.528869096282394,-3.8814590089897463,-2.391377750350499,0
147,ROI 148,rect,272,438247.4265136719,208341.0261744418,9603886.422619674,-65.6252378825793,-3.5799403482387073,power,vegetation,gamma0,40.16274642944336,NISAR_S2_PR_GCOV_026_097_D_090_1000_DVNA_A_20260726T224133_20260726T224205_P00500_M_P_I_001_gcov.tif,Band 1: VHVH,272,0.07456373560297139,0.026459411521498423,0.3548563025649161,7.941361276129243,-11.274723421895242,1.5000909814474532,-15.34032244633331,-13.99295896088805,-11.594051844768282,-9.159951924700643,-7.637017747729269,0
147,ROI 148,rect,272,438247.4265136719,208341.0261744418,9603886.422619674,-65.6252378825793,-3.5799403482387073,power,vegetation,gamma0,40.16274642944336,NISAR_S2_PR_GCOV_026_097_D_090_1000_DVNA_A_20260726T224133_20260726T224205_P00500_M_P_I_001_gcov.tif,Band 2: VVVV,272,0.3208367687321323,0.11748581170149958,0.3661856219465571,7.457571467847948,-4.937158662531385,1.544545195288805,-9.202470063479607,-7.5920684073219995,-5.254590551309052,-2.761350926048214,-0.5650647613496452,0
147,ROI 148,rect,272,438247.4265136719,208341.0261744418,9603886.422619674,-65.6252378825793,-3.5799403482387073,power,vegetation,sigma0,40.16274642944336,NISAR_S2_PR_GCOV_026_097_D_090_1000_DVNA_A_20260726T224133_20260726T224205_P00500_M_P_I_001_gcov.tif,Band 1: VHVH,272,0.05703810026303957,0.020431424379568824,0.3582066072563131,7.793504946283684,-12.438349477252387,1.5002520718251897,-16.347818195453623,-15.00740249984837,-12.799421040930438,-10.268212584289827,-8.201778550532639,0
147,ROI 148,rect,272,438247.4265136719,208341.0261744418,9603886.422619674,-65.6252378825793,-3.5799403482387073,power,vegetation,sigma0,40.16274642944336,NISAR_S2_PR_GCOV_026_097_D_090_1000_DVNA_A_20260726T224133_20260726T224205_P00500_M_P_I_001_gcov.tif,Band 2: VVVV,272,0.24562292622225912,0.09096910345695977,0.3703608000119814,7.290376761331529,-6.097310989839343,1.5574290512375357,-10.50125179410488,-8.864173516182305,-6.39802318234357,-3.7188945996100315,-1.4420795569855782,0
148,ROI 149,rect,120,191030.69262695312,214029.86336713008,9603969.38200954,-65.57406542390935,-3.579336345004793,power,vegetation,gamma0,40.4661979675293,NISAR_S2_PR_GCOV_026_097_D_090_1000_DVNA_A_20260726T224133_20260726T224205_P00500_M_P_I_001_gcov.tif,Band 1: VHVH,120,0.07137904865667224,0.02322135761266513,0.32532456021315276,9.44857462047937,-11.464292446391278,1.4720401557784086,-15.90827831151518,-14.581685698194251,-11.622020970903606,-9.297429191536695,-8.699071164190551,0
148,ROI 149,rect,120,191030.69262695312,214029.86336713008,9603969.38200954,-65.57406542390935,-3.579336345004793,power,vegetation,gamma0,40.4661979675293,NISAR_S2_PR_GCOV_026_097_D_090_1000_DVNA_A_20260726T224133_20260726T224205_P00500_M_P_I_001_gcov.tif,Band 2: VVVV,120,0.29507871754467485,0.12257014000920469,0.4153811600819622,5.7957068459413,-5.300621127169837,1.7165845181320698,-10.289928891477867,-8.596022476156795,-5.703027772643895,-2.9944548189020477,-0.6059376534633467,0
148,ROI 149,rect,120,191030.69262695312,214029.86336713008,9603969.38200954,-65.57406542390935,-3.579336345004793,power,vegetation,sigma0,40.4661979675293,NISAR_S2_PR_GCOV_026_097_D_090_1000_DVNA_A_20260726T224133_20260726T224205_P00500_M_P_I_001_gcov.tif,Band 1: VHVH,120,0.054378990428932746,0.017866352330765646,0.32855248304241635,9.263828203918267,-12.645688595512697,1.4560655868066086,-16.97197672003489,-15.675658731938055,-12.91073545248281,-10.317784901111892,-9.535740235212703,0
148,ROI 149,rect,120,191030.69262695312,214029.86336713008,9603969.38200954,-65.57406542390935,-3.579336345004793,power,vegetation,sigma0,40.4661979675293,NISAR_S2_PR_GCOV_026_097_D_090_1000_DVNA_A_20260726T224133_20260726T224205_P00500_M_P_I_001_gcov.tif,Band 2: VVVV,120,0.22486759781489668,0.09281026212937316,0.41273292831531644,5.870319817492883,-6.480731195043354,1.7167052922575154,-11.334198543325456,-9.820160214959206,-6.763584668025899,-4.201668925772937,-1.754015410294577,0
149,ROI 150,rect,99,170804.12133789062,217857.97680766243,9603696.796536898,-65.5396376813848,-3.5818964328883385,power,vegetation,gamma0,40.67390441894531,NISAR_S2_PR_GCOV_026_097_D_090_1000_DVNA_A_20260726T224133_20260726T224205_P00500_M_P_I_001_gcov.tif,Band 1: VHVH,99,0.06840768140373808,0.026658108618328975,0.38969466690435534,6.584928675152834,-11.648951292162463,1.680194181848401,-15.985266925646528,-14.523247385840932,-11.915586562884899,-9.20199869560421,-8.1875643257925,0
149,ROI 150,rect,99,170804.12133789062,217857.97680766243,9603696.796536898,-65.5396376813848,-3.5818964328883385,power,vegetation,gamma0,40.67390441894531,NISAR_S2_PR_GCOV_026_097_D_090_1000_DVNA_A_20260726T224133_20260726T224205_P00500_M_P_I_001_gcov.tif,Band 2: VVVV,99,0.31041490384424575,0.114171827129381,0.3678039479272813,7.392089677374461,-5.080574352813496,1.5429487520156817,-8.65577419373912,-7.762498246072776,-5.293524556682314,-2.6268066424613092,-1.5623287931162015,0
149,ROI 150,rect,99,170804.12133789062,217857.97680766243,9603696.796536898,-65.5396376813848,-3.5818964328883385,power,vegetation,sigma0,40.67390441894531,NISAR_S2_PR_GCOV_026_097_D_090_1000_DVNA_A_20260726T224133_20260726T224205_P00500_M_P_I_001_gcov.tif,Band 1: VHVH,99,0.0520074949342018,0.020425846408549216,0.39274813052217444,6.482936191131194,-12.839340645572976,1.6661892626247665,-16.998106977148588,-15.883102169444363,-13.038813014553002,-10.710410064524812,-9.434638091041702,0
149,ROI 150,rect,99,170804.12133789062,217857.97680766243,9603696.796536898,-65.5396376813848,-3.5818964328883385,power,vegetation,sigma0,40.67390441894531,NISAR_S2_PR_GCOV_026_097_D_090_1000_DVNA_A_20260726T224133_20260726T224205_P00500_M_P_I_001_gcov.tif,Band 2: VVVV,99,0.23642094271333547,0.08711812338743298,0.3684873361369903,7.36469670028928,-6.263140552781587,1.56804172530481,-9.9635473823507,-8.96962494176654,-6.531786601975119,-4.01527069784196,-2.927688113593579,0
150,ROI 151,rect,117,188783.29736328125,221543.86918837033,9603376.795991685,-65.50648935998525,-3.584880388256752,power,vegetation,gamma0,40.87260437011719,NISAR_S2_PR_GCOV_026_097_D_090_1000_DVNA_A_20260726T224133_20260726T224205_P00500_M_P_I_001_gcov.tif,Band 1: VHVH,117,0.06997973100942934,0.02726203265024579,0.38957041213222726,6.589129914629599,-11.550277312064283,1.5918928298293684,-15.741726115296657,-14.405731744706578,-11.950689774100464,-9.15781067493392,-8.100791193435539,0
150,ROI 151,rect,117,188783.29736328125,221543.86918837033,9603376.795991685,-65.50648935998525,-3.584880388256752,power,vegetation,gamma0,40.87260437011719,NISAR_S2_PR_GCOV_026_097_D_090_1000_DVNA_A_20260726T224133_20260726T224205_P00500_M_P_I_001_gcov.tif,Band 2: VVVV,117,0.2919251346307942,0.1164350604721399,0.3988524681829762,6.286015277611056,-5.347285108306876,1.6718131899324387,-10.969920970809241,-8.701724072177818,-5.619199114114312,-2.4737081393283846,-1.631161187222572,0
150,ROI 151,rect,117,188783.29736328125,221543.86918837033,9603376.795991685,-65.50648935998525,-3.584880388256752,power,vegetation,sigma0,40.87260437011719,NISAR_S2_PR_GCOV_026_097_D_090_1000_DVNA_A_20260726T224133_20260726T224205_P00500_M_P_I_001_gcov.tif,Band 1: VHVH,117,0.053129916646216205,0.02071619856017252,0.38991588671441824,6.577458841353357,-12.74660865440098,1.587482994835698,-16.984766739988185,-15.509007058528471,-13.096893506879642,-10.397079401239282,-9.104918374136542,0
150,ROI 151,rect,117,188783.29736328125,221543.86918837033,9603376.795991685,-65.50648935998525,-3.584880388256752,power,vegetation,sigma0,40.87260437011719,NISAR_S2_PR_GCOV_026_097_D_090_1000_DVNA_A_20260726T224133_20260726T224205_P00500_M_P_I_001_gcov.tif,Band 2: VVVV,117,0.22217244393914223,0.0901642531084946,0.40583004584129484,6.07171818408438,-6.5330980762424335,1.6929924843222508,-12.347272992259516,-9.950750980322237,-6.864320239342732,-3.6519447272727645,-2.772243170205509,0
151,ROI 152,rect,182,283174.94580078125,224886.06110290627,9603187.170759808,-65.47642868305516,-3.586676494150852,power,vegetation,gamma0,41.0522346496582,NISAR_S2_PR_GCOV_026_097_D_090_1000_DVNA_A_20260726T224133_20260726T224205_P00500_M_P_I_001_gcov.tif,Band 1: VHVH,182,0.07419118441252427,0.02790231182740668,0.3760866206456797,7.070078450744186,-11.29647695643428,1.6458426317068002,-18.118343710754026,-13.98914698760638,-11.498552487194658,-8.80341111872535,-7.593924131263754,0
151,ROI 152,rect,182,283174.94580078125,224886.06110290627,9603187.170759808,-65.47642868305516,-3.586676494150852,power,vegetation,gamma0,41.0522346496582,NISAR_S2_PR_GCOV_026_097_D_090_1000_DVNA_A_20260726T224133_20260726T224205_P00500_M_P_I_001_gcov.tif,Band 2: VVVV,182,0.3033790810258834,0.11555242158821319,0.38088460548258635,6.893077485034655,-5.180143685335952,1.575827990676586,-9.18070165726592,-7.9166734588970575,-5.329463619274457,-2.9673466907249058,-0.8763347094794918,0
151,ROI 152,rect,182,283174.94580078125,224886.06110290627,9603187.170759808,-65.47642868305516,-3.586676494150852,power,vegetation,sigma0,41.0522346496582,NISAR_S2_PR_GCOV_026_097_D_090_1000_DVNA_A_20260726T224133_20260726T224205_P00500_M_P_I_001_gcov.tif,Band 1: VHVH,182,0.056053258429133945,0.020817182547888502,0.37138220205711847,7.250330868597173,-12.51399136384607,1.6330621669148842,-19.326186021311557,-15.29456530472548,-12.795922835168303,-10.154867318932553,-8.670930436252384,0
151,ROI 152,rect,182,283174.94580078125,224886.06110290627,9603187.170759808,-65.47642868305516,-3.586676494150852,power,vegetation,sigma0,41.0522346496582,NISAR_S2_PR_GCOV_026_097_D_090_1000_DVNA_A_20260726T224133_20260726T224205_P00500_M_P_I_001_gcov.tif,Band 2: VVVV,182,0.2298294353741582,0.08863117617949373,0.38563892407951905,6.724163655779658,-6.385943498779144,1.5926286267422747,-10.463657223751074,-9.198753034559639,-6.681240381859875,-3.998326284230344,-2.0176103062555306,0
152,ROI 153,rect,176,262948.43896484375,227801.59014118346,9602630.136124365,-65.45021432669886,-3.591782245995114,power,vegetation,gamma0,41.211971282958984,NISAR_S2_PR_GCOV_026_097_D_090_1000_DVNA_A_20260726T224133_20260726T224205_P00500_M_P_I_001_gcov.tif,Band 1: VHVH,176,0.07409791831477461,0.025980705789545335,0.3506266624006489,8.134111562223602,-11.301939927913276,1.4523640214052427,-15.215250354399272,-13.846842741432166,-11.619851364867031,-8.909942608940813,-7.964386332457423,0
152,ROI 153,rect,176,262948.43896484375,227801.59014118346,9602630.136124365,-65.45021432669886,-3.591782245995114,power,vegetation,gamma0,41.211971282958984,NISAR_S2_PR_GCOV_026_097_D_090_1000_DVNA_A_20260726T224133_20260726T224205_P00500_M_P_I_001_gcov.tif,Band 2: VVVV,176,0.28584851371124387,0.10357055378007288,0.3623267178667122,7.617268777563357,-5.438640615874853,1.6157707268399144,-10.196998213289366,-8.433230441161433,-5.734525213131249,-3.200844226324274,-2.14705420562893,0
152,ROI 153,rect,176,262948.43896484375,227801.59014118346,9602630.136124365,-65.45021432669886,-3.591782245995114,power,vegetation,sigma0,41.211971282958984,NISAR_S2_PR_GCOV_026_097_D_090_1000_DVNA_A_20260726T224133_20260726T224205_P00500_M_P_I_001_gcov.tif,Band 1: VHVH,176,0.056013742900796186,0.019284141693977245,0.3442751848975823,8.437009917087032,-12.517054063198092,1.438702113457465,-16.439257147715118,-15.124909751453803,-12.877708294569846,-10.212586434706948,-9.384405274537173,0
152,ROI 153,rect,176,262948.43896484375,227801.59014118346,9602630.136124365,-65.45021432669886,-3.591782245995114,power,vegetation,sigma0,41.211971282958984,NISAR_S2_PR_GCOV_026_097_D_090_1000_DVNA_A_20260726T224133_20260726T224205_P00500_M_P_I_001_gcov.tif,Band 2: VVVV,176,0.21565928211283641,0.07660111787121857,0.35519508884917655,7.926219505900906,-6.662318448046887,1.569283340241585,-11.186838052005792,-9.574441386547624,-6.803774184241971,-4.482297092391024,-3.4300786418798275,0
153,ROI 154,rect,210,323067.244140625,231037.11635162577,9602428.659140052,-65.42111192261264,-3.5936812945399144,power,vegetation,gamma0,41.3818244934082,NISAR_S2_PR_GCOV_026_097_D_090_1000_DVNA_A_20260726T224133_20260726T224205_P00500_M_P_I_001_gcov.tif,Band 1: VHVH,210,0.07909172576453005,0.027954041063575442,0.3534382489869993,8.005213260840913,-11.01868948142853,1.5509376079573756,-16.329722996194782,-13.769189432723817,-11.208662724522709,-8.773432501421015,-7.349371375254129,0
153,ROI 154,rect,210,323067.244140625,231037.11635162577,9602428.659140052,-65.42111192261264,-3.5936812945399144,power,vegetation,gamma0,41.3818244934082,NISAR_S2_PR_GCOV_026_097_D_090_1000_DVNA_A_20260726T224133_20260726T224205_P00500_M_P_I_001_gcov.tif,Band 2: VVVV,210,0.30506422363576435,0.11620612808412357,0.38092348784520036,6.891670349649379,-5.156087211960467,1.6107151577172978,-10.294613007831598,-8.011938777124316,-5.352710460330088,-2.820652034435349,-0.43107088240720265,0
153,ROI 154,rect,210,323067.244140625,231037.11635162577,9602428.659140052,-65.42111192261264,-3.5936812945399144,power,vegetation,sigma0,41.3818244934082,NISAR_S2_PR_GCOV_026_097_D_090_1000_DVNA_A_20260726T224133_20260726T224205_P00500_M_P_I_001_gcov.tif,Band 1: VHVH,210,0.05965377300741545,0.02100162984122082,0.3520587011086482,8.068073301800196,-12.243620826813125,1.5307022263831582,-17.318873952793364,-15.046510782206763,-12.463251715137556,-10.016144379560563,-8.470250234026146,0
153,ROI 154,rect,210,323067.244140625,231037.11635162577,9602428.659140052,-65.42111192261264,-3.5936812945399144,power,vegetation,sigma0,41.3818244934082,NISAR_S2_PR_GCOV_026_097_D_090_1000_DVNA_A_20260726T224133_20260726T224205_P00500_M_P_I_001_gcov.tif,Band 2: VVVV,210,0.2301475723658882,0.0878731752830286,0.3818123058162351,6.859621561903037,-6.3799360175484,1.5911022797081638,-11.668577325968261,-9.104501734660376,-6.676365818457565,-3.972654306797636,-1.773501456913519,0
154,ROI 155,rect,180,280927.2216796875,233905.2382993086,9601847.917364135,-65.39532306117401,-3.5989989598785077,power,vegetation,gamma0,41.53826141357422,NISAR_S2_PR_GCOV_026_097_D_090_1000_DVNA_A_20260726T224133_20260726T224205_P00500_M_P_I_001_gcov.tif,Band 1: VHVH,180,0.07783789111094343,0.03188474947255111,0.4096301816181702,5.9595861739196,-11.088089390717602,1.7007386487490588,-16.348049404663982,-14.238389402036528,-11.407014099978767,-8.372972428913661,-7.114232041900021,0
154,ROI 155,rect,180,280927.2216796875,233905.2382993086,9601847.917364135,-65.39532306117401,-3.5989989598785077,power,vegetation,gamma0,41.53826141357422,NISAR_S2_PR_GCOV_026_097_D_090_1000_DVNA_A_20260726T224133_20260726T224205_P00500_M_P_I_001_gcov.tif,Band 2: VVVV,180,0.31665396665533385,0.13205413891817505,0.41702979537253393,5.749973326945354,-4.994150672901184,1.7474721754171583,-10.189972398863215,-8.29744932015166,-5.42887289898624,-2.3843221074889493,-0.4821931908578058,0
154,ROI 155,rect,180,280927.2216796875,233905.2382993086,9601847.917364135,-65.39532306117401,-3.5989989598785077,power,vegetation,sigma0,41.53826141357422,NISAR_S2_PR_GCOV_026_097_D_090_1000_DVNA_A_20260726T224133_20260726T224205_P00500_M_P_I_001_gcov.tif,Band 1: VHVH,180,0.05811989619077145,0.023791861114068027,0.40935828646310984,5.967505499304204,-12.356751700762768,1.6870309327429016,-17.563789750386846,-15.330424120569326,-12.763273210567611,-9.775454647828273,-8.15359475057827,0
154,ROI 155,rect,180,280927.2216796875,233905.2382993086,9601847.917364135,-65.39532306117401,-3.5989989598785077,power,vegetation,sigma0,41.53826141357422,NISAR_S2_PR_GCOV_026_097_D_090_1000_DVNA_A_20260726T224133_20260726T224205_P00500_M_P_I_001_gcov.tif,Band 2: VVVV,180,0.23628924936097667,0.09748688119619835,0.4125743403893447,5.874833625929247,-6.265560373579673,1.729701770546473,-11.208029455042691,-9.44294929035077,-6.734645802616665,-3.800046534966551,-1.5516396614062702,0
155,ROI 156,rect,132,213505.1044921875,236299.2906785331,9601042.002117604,-65.37380376438082,-3.6063403088439263,power,vegetation,gamma0,41.67179870605469,NISAR_S2_PR_GCOV_026_097_D_090_1000_DVNA_A_20260726T224133_20260726T224205_P00500_M_P_I_001_gcov.tif,Band 1: VHVH,132,0.07109787439306577,0.02742530725093622,0.38574018541419336,6.720633775096971,-11.481433831402985,1.6952080170514567,-16.250513984210244,-14.534419509690588,-11.732311426005438,-9.213563986882088,-7.998665873308325,0
155,ROI 156,rect,132,213505.1044921875,236299.2906785331,9601042.002117604,-65.37380376438082,-3.6063403088439263,power,vegetation,gamma0,41.67179870605469,NISAR_S2_PR_GCOV_026_097_D_090_1000_DVNA_A_20260726T224133_20260726T224205_P00500_M_P_I_001_gcov.tif,Band 2: VVVV,132,0.28951238090115966,0.10861935086577708,0.37518033089873287,7.104276824930498,-5.383328590796155,1.5992574167032247,-9.836345376434421,-8.609689546430241,-5.5046875655902605,-2.9404011405655144,-1.1671884016751135,0
155,ROI 156,rect,132,213505.1044921875,236299.2906785331,9601042.002117604,-65.37380376438082,-3.6063403088439263,power,vegetation,sigma0,41.67179870605469,NISAR_S2_PR_GCOV_026_097_D_090_1000_DVNA_A_20260726T224133_20260726T224205_P00500_M_P_I_001_gcov.tif,Band 1: VHVH,132,0.05311765283543407,0.020421471505354255,0.3844573397966743,6.765559017670961,-12.747611238347027,1.671675340428564,-17.46788995315993,-15.821664559665267,-13.045598241373133,-10.430835267523012,-9.251073283402231,0
155,ROI 156,rect,132,213505.1044921875,236299.2906785331,9601042.002117604,-65.37380376438082,-3.6063403088439263,power,vegetation,sigma0,41.67179870605469,NISAR_S2_PR_GCOV_026_097_D_090_1000_DVNA_A_20260726T224133_20260726T224205_P00500_M_P_I_001_gcov.tif,Band 2: VVVV,132,0.21662941959666202,0.08195204176403482,0.37830522703989,6.9873953422346355,-6.642825638655031,1.5988970823295,-11.442811150335114,-9.969235676522072,-6.854409053938555,-4.276578478578566,-2.100701356966714,0
156,ROI 157,rect,192,303402.05029296875,239285.93022629005,9600330.899063041,-65.34695016734597,-3.612838190355471,power,vegetation,gamma0,41.83512496948242,NISAR_S2_PR_GCOV_026_097_D_090_1000_DVNA_A_20260726T224133_20260726T224205_P00500_M_P_I_001_gcov.tif,Band 1: VHVH,192,0.07371341006364673,0.02952144389177386,0.40048946136508967,6.234732361499551,-11.324534973938194,1.746946062812035,-16.674621692014036,-14.90541424773035,-11.628332922921489,-8.840416697468465,-6.908529333575725,0
156,ROI 157,rect,192,303402.05029296875,239285.93022629005,9600330.899063041,-65.34695016734597,-3.612838190355471,power,vegetation,gamma0,41.83512496948242,NISAR_S2_PR_GCOV_026_097_D_090_1000_DVNA_A_20260726T224133_20260726T224205_P00500_M_P_I_001_gcov.tif,Band 2: VVVV,192,0.300975864714322,0.10897241645579801,0.3620636377579034,7.628342410695304,-5.214683291292365,1.615917170656847,-9.68877271151166,-8.402500597018213,-5.3143496100967464,-2.91528036386691,-1.5195900097068407,0
156,ROI 157,rect,192,303402.05029296875,239285.93022629005,9600330.899063041,-65.34695016734597,-3.612838190355471,power,vegetation,sigma0,41.83512496948242,NISAR_S2_PR_GCOV_026_097_D_090_1000_DVNA_A_20260726T224133_20260726T224205_P00500_M_P_I_001_gcov.tif,Band 1: VHVH,192,0.05404159224443831,0.021644332020787953,0.40051247792417666,6.234015789755462,-12.67271863706515,1.6873569679633953,-17.682852150785337,-15.98274166549449,-12.961984742069358,-10.365398060803056,-7.9212533548961614,0
156,ROI 157,rect,192,303402.05029296875,239285.93022629005,9600330.899063041,-65.34695016734597,-3.612838190355471,power,vegetation,sigma0,41.83512496948242,NISAR_S2_PR_GCOV_026_097_D_090_1000_DVNA_A_20260726T224133_20260726T224205_P00500_M_P_I_001_gcov.tif,Band 2: VVVV,192,0.22258129636029209,0.08616460764736097,0.3871152206243171,6.672975117661319,-6.525113324936404,1.6563107536543482,-11.194783928730667,-9.867042941847444,-6.617572152345036,-4.353419545480258,-2.0049711136310715,0
157,ROI 158,rect,204,309582.08349609375,241727.38962980369,9599560.538169295,-65.32500212957363,-3.6198585638152423,power,vegetation,gamma0,41.969390869140625,NISAR_S2_PR_GCOV_026_097_D_090_1000_DVNA_A_20260726T224133_20260726T224205_P00500_M_P_I_001_gcov.tif,Band 1: VHVH,204,0.07945345524771541,0.030837336694658306,0.3881182586523825,6.638528921085255,-10.99887211579481,1.703367753837054,-15.727902628389872,-14.296521582362976,-11.307767357930022,-8.564451891190215,-7.556472055449337,0
157,ROI 158,rect,204,309582.08349609375,241727.38962980369,9599560.538169295,-65.32500212957363,-3.6198585638152423,power,vegetation,gamma0,41.969390869140625,NISAR_S2_PR_GCOV_026_097_D_090_1000_DVNA_A_20260726T224133_20260726T224205_P00500_M_P_I_001_gcov.tif,Band 2: VVVV,204,0.31185264381415706,0.11355036042053088,0.36411543295492843,7.542613019029465,-5.060505697496701,1.5315060312432351,-9.681178930761906,-7.692871078987773,-5.295119287138194,-2.8746641226088903,-1.4021307492776425,0
157,ROI 158,rect,204,309582.08349609375,241727.38962980369,9599560.538169295,-65.32500212957363,-3.6198585638152423,power,vegetation,sigma0,41.969390869140625,NISAR_S2_PR_GCOV_026_097_D_090_1000_DVNA_A_20260726T224133_20260726T224205_P00500_M_P_I_001_gcov.tif,Band 1: VHVH,204,0.059980342483827914,0.02341741631857066,0.3904181828385614,6.560545147575797,-12.21991058776359,1.7049368797680753,-17.12689636547433,-15.538424842162824,-12.482184728819687,-9.803939189980696,-8.862907207765712,0
157,ROI 158,rect,204,309582.08349609375,241727.38962980369,9599560.538169295,-65.32500212957363,-3.6198585638152423,power,vegetation,sigma0,41.969390869140625,NISAR_S2_PR_GCOV_026_097_D_090_1000_DVNA_A_20260726T224133_20260726T224205_P00500_M_P_I_001_gcov.tif,Band 2: VVVV,204,0.23556962151078736,0.08655988829314172,0.3674492820339227,7.406366408745368,-6.278807158411299,1.547912674473416,-11.080172667846366,-8.94680441153588,-6.563080574026142,-4.004153742527644,-2.460818576156429,0
158,ROI 159,rect,252,418019.83642578125,243125.89533585726,9593551.699948307,-65.31255841325532,-3.6742079512715606,power,vegetation,gamma0,42.10657501220703,NISAR_S2_PR_GCOV_026_097_D_090_1000_DVNA_A_20260726T224133_20260726T224205_P00500_M_P_I_001_gcov.tif,Band 1: VHVH,252,0.07870871437683938,0.028799749754356348,0.36590293695396564,7.469098884900563,-11.03977181284428,1.5755620941062232,-15.636917361368415,-13.867672122491081,-11.342157037820826,-8.818224601755965,-7.30217553203515,0
158,ROI 159,rect,252,418019.83642578125,243125.89533585726,9593551.699948307,-65.31255841325532,-3.6742079512715606,power,vegetation,gamma0,42.10657501220703,NISAR_S2_PR_GCOV_026_097_D_090_1000_DVNA_A_20260726T224133_20260726T224205_P00500_M_P_I_001_gcov.tif,Band 2: VVVV,252,0.31975689964989823,0.1261802229990261,0.39461297985182114,6.421807271049357,-4.951800756294526,1.6618120069546887,-9.646845415698932,-7.945970577130835,-5.200709989727246,-2.588673563859982,-0.19808427523032024,0
158,ROI 159,rect,252,418019.83642578125,243125.89533585726,9593551.699948307,-65.31255841325532,-3.6742079512715606,power,vegetation,sigma0,42.10657501220703,NISAR_S2_PR_GCOV_026_097_D_090_1000_DVNA_A_20260726T224133_20260726T224205_P00500_M_P_I_001_gcov.tif,Band 1: VHVH,252,0.05774906536027922,0.020930545333156022,0.362439551230424,7.612526754954972,-12.384550402177748,1.5581656104240436,-17.189559698140183,-15.208264718901427,-12.6447785703103,-10.197432465365598,-8.73839656269771,0
158,ROI 159,rect,252,418019.83642578125,243125.89533585726,9593551.699948307,-65.31255841325532,-3.6742079512715606,power,vegetation,sigma0,42.10657501220703,NISAR_S2_PR_GCOV_026_097_D_090_1000_DVNA_A_20260726T224133_20260726T224205_P00500_M_P_I_001_gcov.tif,Band 2: VVVV,252,0.234914944857022,0.09438798432929404,0.40179642204859334,6.1942377386111716,-6.290893533267907,1.6493223646481396,-10.492659219174135,-9.179147231925619,-6.4675120741166205,-3.8491950331208775,-1.0281563847607413,0
159,ROI 160,rect,54,92705.99560546875,247013.26744321678,9595791.679715155,-65.27752914606796,-3.6540493522678776,power,vegetation,gamma0,42.281551361083984,NISAR_S2_PR_GCOV_026_097_D_090_1000_DVNA_A_20260726T224133_20260726T224205_P00500_M_P_I_001_gcov.tif,Band 1: VHVH,54,0.07078456030123764,0.02416308997498551,0.3413610238186791,8.581676423296424,-11.500614613387333,1.5396080036456539,-16.32230858708616,-14.22764656816068,-11.516392307288859,-9.532620605445034,-8.781914295934055,0
159,ROI 160,rect,54,92705.99560546875,247013.26744321678,9595791.679715155,-65.27752914606796,-3.6540493522678776,power,vegetation,gamma0,42.281551361083984,NISAR_S2_PR_GCOV_026_097_D_090_1000_DVNA_A_20260726T224133_20260726T224205_P00500_M_P_I_001_gcov.tif,Band 2: VVVV,54,0.3114605708806603,0.11537836563626998,0.37044292736649004,7.287144560405732,-5.065969247120355,1.5486276361116609,-8.763170842366089,-7.746782089060234,-5.440795540514548,-2.4509599288127477,-2.071252598219976,0
159,ROI 160,rect,54,92705.99560546875,247013.26744321678,9595791.679715155,-65.27752914606796,-3.6540493522678776,power,vegetation,sigma0,42.281551361083984,NISAR_S2_PR_GCOV_026_097_D_090_1000_DVNA_A_20260726T224133_20260726T224205_P00500_M_P_I_001_gcov.tif,Band 1: VHVH,54,0.05350126240459522,0.018932385623157504,0.353868016795271,7.985780626943921,-12.716359703361299,1.5892241738331667,-17.792693619369476,-15.409504544543884,-12.940038085992992,-10.448723286047816,-9.612420458804255,0
159,ROI 160,rect,54,92705.99560546875,247013.26744321678,9595791.679715155,-65.27752914606796,-3.6540493522678776,power,vegetation,sigma0,42.281551361083984,NISAR_S2_PR_GCOV_026_097_D_090_1000_DVNA_A_20260726T224133_20260726T224205_P00500_M_P_I_001_gcov.tif,Band 2: VVVV,54,0.23598812394105215,0.09228666959535056,0.3910648894280926,6.538864655348291,-6.271098522699186,1.621550453423954,-10.001473843003179,-9.305188916814455,-6.657803140492322,-3.6812436560972466,-2.819690000461036,0
160,ROI 161,rect,168,269690.72412109375,249916.9447947715,9596396.118790017,-65.2513886663972,-3.648651426545299,power,vegetation,gamma0,42.42231369018555,NISAR_S2_PR_GCOV_026_097_D_090_1000_DVNA_A_20260726T224133_20260726T224205_P00500_M_P_I_001_gcov.tif,Band 1: VHVH,168,0.07836141774342173,0.031486202616392636,0.40180746498854447,6.193897268802168,-11.058977151916595,1.6461526222818639,-15.739682254098406,-14.011842581340213,-11.528720722628385,-8.704056096404116,-6.270348820516846,0
160,ROI 161,rect,168,269690.72412109375,249916.9447947715,9596396.118790017,-65.2513886663972,-3.648651426545299,power,vegetation,gamma0,42.42231369018555,NISAR_S2_PR_GCOV_026_097_D_090_1000_DVNA_A_20260726T224133_20260726T224205_P00500_M_P_I_001_gcov.tif,Band 2: VVVV,168,0.31000696446391796,0.12536968191024692,0.4044092432795613,6.114456409872697,-5.0862854941000535,1.7208907226559034,-9.528472860600733,-8.612634156628209,-5.305357279884774,-2.827228071260417,-0.5819730823252347,0
160,ROI 161,rect,168,269690.72412109375,249916.9447947715,9596396.118790017,-65.2513886663972,-3.648651426545299,power,vegetation,sigma0,42.42231369018555,NISAR_S2_PR_GCOV_026_097_D_090_1000_DVNA_A_20260726T224133_20260726T224205_P00500_M_P_I_001_gcov.tif,Band 1: VHVH,168,0.05643155083427035,0.022451339155136613,0.39785082676661304,6.317706850142456,-12.484780144205283,1.642767109042664,-17.182690559565668,-15.321143500058913,-12.907808372728613,-10.048121788939937,-7.882651086620783,0
160,ROI 161,rect,168,269690.72412109375,249916.9447947715,9596396.118790017,-65.2513886663972,-3.648651426545299,power,vegetation,sigma0,42.42231369018555,NISAR_S2_PR_GCOV_026_097_D_090_1000_DVNA_A_20260726T224133_20260726T224205_P00500_M_P_I_001_gcov.tif,Band 2: VVVV,168,0.2232707523453802,0.09197918463082518,0.4119625327751907,5.89229607258737,-6.511681641965321,1.7019123355332395,-10.700666160239203,-9.9236194247558,-6.742156134502634,-3.876616731284526,-1.6442140096300286,0
161,ROI 162,rect,195,283174.94580078125,254420.60760948117,9595744.275755897,-65.21087910219705,-3.6546451404245217,power,vegetation,gamma0,42.65907287597656,NISAR_S2_PR_GCOV_026_097_D_090_1000_DVNA_A_20260726T224133_20260726T224205_P00500_M_P_I_001_gcov.tif,Band 1: VHVH,195,0.07592636236968713,0.02816211284752893,0.3709135005099676,7.268666078124419,-11.196074066625236,1.6061073211794423,-15.809619942688721,-14.246580389492184,-11.47791640991464,-9.0611539778529,-7.644682649849224,0
161,ROI 162,rect,195,283174.94580078125,254420.60760948117,9595744.275755897,-65.21087910219705,-3.6546451404245217,power,vegetation,gamma0,42.65907287597656,NISAR_S2_PR_GCOV_026_097_D_090_1000_DVNA_A_20260726T224133_20260726T224205_P00500_M_P_I_001_gcov.tif,Band 2: VVVV,195,0.30526476532985003,0.11172039252186503,0.36597866904536774,7.466008038344976,-5.153233205159483,1.5452831641359173,-9.881924590851234,-8.00122182312384,-5.412271237450865,-2.4804899239765996,-1.6261996400487324,0
161,ROI 162,rect,195,283174.94580078125,254420.60760948117,9595744.275755897,-65.21087910219705,-3.6546451404245217,power,vegetation,sigma0,42.65907287597656,NISAR_S2_PR_GCOV_026_097_D_090_1000_DVNA_A_20260726T224133_20260726T224205_P00500_M_P_I_001_gcov.tif,Band 1: VHVH,195,0.05615176172406027,0.020822113836695,0.3708185317322467,7.272389649998367,-12.506366134891568,1.5954875565233715,-17.017988066189385,-15.505533857759344,-12.84548272488702,-10.20816996433334,-8.971004080455291,0
161,ROI 162,rect,195,283174.94580078125,254420.60760948117,9595744.275755897,-65.21087910219705,-3.6546451404245217,power,vegetation,sigma0,42.65907287597656,NISAR_S2_PR_GCOV_026_097_D_090_1000_DVNA_A_20260726T224133_20260726T224205_P00500_M_P_I_001_gcov.tif,Band 2: VVVV,195,0.22689977455820126,0.08524408658419803,0.3756904860314543,7.084995939787993,-6.441659356187124,1.6058581911157717,-11.755416017566008,-9.497251416664902,-6.6903792144889795,-3.9996760749054467,-2.9336948963642047,0
162,ROI 163,rect,294,471958.73876953125,257585.0232441936,9595400.572784903,-65.18241233081898,-3.6578222770696565,power,vegetation,gamma0,42.82244873046875,NISAR_S2_PR_GCOV_026_097_D_090_1000_DVNA_A_20260726T224133_20260726T224205_P00500_M_P_I_001_gcov.tif,Band 1: VHVH,294,0.0748659309734698,0.025717784624418268,0.34351786306553594,8.47425150303017,-11.25715770502135,1.5356746802792498,-15.936728681600636,-14.227875394337717,-11.368316917139502,-9.325660980143994,-7.931911714187374,0
162,ROI 163,rect,294,471958.73876953125,257585.0232441936,9595400.572784903,-65.18241233081898,-3.6578222770696565,power,vegetation,gamma0,42.82244873046875,NISAR_S2_PR_GCOV_026_097_D_090_1000_DVNA_A_20260726T224133_20260726T224205_P00500_M_P_I_001_gcov.tif,Band 2: VVVV,294,0.28325422404676065,0.09683442191770116,0.34186399953462077,8.5564429996942,-5.478236049719932,1.4801454942756753,-10.742881473236514,-8.211754622564166,-5.714450653731744,-3.2921956372546384,-1.396849736358945,0
162,ROI 163,rect,294,471958.73876953125,257585.0232441936,9595400.572784903,-65.18241233081898,-3.6578222770696565,power,vegetation,sigma0,42.82244873046875,NISAR_S2_PR_GCOV_026_097_D_090_1000_DVNA_A_20260726T224133_20260726T224205_P00500_M_P_I_001_gcov.tif,Band 1: VHVH,294,0.05484201678076916,0.018587547600402012,0.3389289579685899,8.70527805028142,-12.608865826816835,1.5063922649786694,-17.27264877074633,-15.377306420443189,-12.753252938200145,-10.638296492811055,-9.248500663932816,0
162,ROI 163,rect,294,471958.73876953125,257585.0232441936,9595400.572784903,-65.18241233081898,-3.6578222770696565,power,vegetation,sigma0,42.82244873046875,NISAR_S2_PR_GCOV_026_097_D_090_1000_DVNA_A_20260726T224133_20260726T224205_P00500_M_P_I_001_gcov.tif,Band 2: VVVV,294,0.20796236569348794,0.07189268201234077,0.3457004433114697,8.367584891141583,-6.820152508567309,1.480653782552623,-11.741646013144365,-9.610849980452102,-7.006474752336127,-4.634090476369552,-2.2801426963810654,0
163,ROI 164,rect,260,407907.18310546875,261472.39547754216,9594428.734189318,-65.14745276073037,-3.6666929886300372,power,vegetation,gamma0,43.02855682373047,NISAR_S2_PR_GCOV_026_097_D_090_1000_DVNA_A_20260726T224133_20260726T224205_P00500_M_P_I_001_gcov.tif,Band 1: VHVH,260,0.07311972820988068,0.025756078665523062,0.3522452735545404,8.05952879242302,-11.359654315681041,1.5311978631198921,-16.918145828576453,-14.140711362935228,-11.504802470860202,-8.950049219453804,-7.247519527314022,0
163,ROI 164,rect,260,407907.18310546875,261472.39547754216,9594428.734189318,-65.14745276073037,-3.6666929886300372,power,vegetation,gamma0,43.02855682373047,NISAR_S2_PR_GCOV_026_097_D_090_1000_DVNA_A_20260726T224133_20260726T224205_P00500_M_P_I_001_gcov.tif,Band 2: VVVV,260,0.2668526190118148,0.08838122094542088,0.33119862669029243,9.11639103472912,-5.737285304777908,1.4962683889674322,-11.002779505260943,-8.652784466578389,-5.864212711964779,-3.627022817774213,-2.4055830898374793,0
163,ROI 164,rect,260,407907.18310546875,261472.39547754216,9594428.734189318,-65.14745276073037,-3.6666929886300372,power,vegetation,sigma0,43.02855682373047,NISAR_S2_PR_GCOV_026_097_D_090_1000_DVNA_A_20260726T224133_20260726T224205_P00500_M_P_I_001_gcov.tif,Band 1: VHVH,260,0.053416692389136024,0.018881601895576996,0.3534775563793083,8.00343296923906,-12.723230073970043,1.5349369618559183,-18.670321638601294,-15.43547147587693,-12.963761028899853,-10.536249328831751,-9.046595661998905,0
163,ROI 164,rect,260,407907.18310546875,261472.39547754216,9594428.734189318,-65.14745276073037,-3.6666929886300372,power,vegetation,sigma0,43.02855682373047,NISAR_S2_PR_GCOV_026_097_D_090_1000_DVNA_A_20260726T224133_20260726T224205_P00500_M_P_I_001_gcov.tif,Band 2: VVVV,260,0.1946946658254254,0.06429686527429743,0.33024461662421584,9.169137941114103,-7.106459469613124,1.480645365245621,-12.692477103258348,-9.97468530082128,-7.296613583952914,-5.121605559607911,-3.859428594306198,0
164,ROI 165,rect,160,242721.0,265051.6222171409,9593646.51873825,-65.11526070476897,-3.673841808393151,power,vegetation,gamma0,43.21711349487305,NISAR_S2_PR_GCOV_026_097_D_090_1000_DVNA_A_20260726T224133_20260726T224205_P00500_M_P_I_001_gcov.tif,Band 1: VHVH,160,0.07501853177091107,0.02547273862771379,0.3395526148858996,8.673329416637971,-11.248314399191175,1.5552111629607586,-16.589181792420437,-14.108747731332008,-11.437015395033965,-9.21435025192459,-7.997658557151305,0
164,ROI 165,rect,160,242721.0,265051.6222171409,9593646.51873825,-65.11526070476897,-3.673841808393151,power,vegetation,gamma0,43.21711349487305,NISAR_S2_PR_GCOV_026_097_D_090_1000_DVNA_A_20260726T224133_20260726T224205_P00500_M_P_I_001_gcov.tif,Band 2: VVVV,160,0.28554759002290664,0.10797346614527331,0.3781277444387175,6.993956258024607,-5.443215008613874,1.62010268226213,-9.893997141235257,-8.389432063629714,-5.689515426169215,-3.4033531850932706,-0.969147307514074,0
164,ROI 165,rect,160,242721.0,265051.6222171409,9593646.51873825,-65.11526070476897,-3.673841808393151,power,vegetation,sigma0,43.21711349487305,NISAR_S2_PR_GCOV_026_097_D_090_1000_DVNA_A_20260726T224133_20260726T224205_P00500_M_P_I_001_gcov.tif,Band 1: VHVH,160,0.05472507546852422,0.01879410995621167,0.34342775766515526,8.47869887792952,-12.618136308465356,1.5657271132923014,-17.995485870095017,-15.600476023130824,-12.783365009760757,-10.591885392000966,-9.132267674889745,0
164,ROI 165,rect,160,242721.0,265051.6222171409,9593646.51873825,-65.11526070476897,-3.673841808393151,power,vegetation,sigma0,43.21711349487305,NISAR_S2_PR_GCOV_026_097_D_090_1000_DVNA_A_20260726T224133_20260726T224205_P00500_M_P_I_001_gcov.tif,Band 2: VVVV,160,0.20813119725483728,0.08004815235131513,0.3846042948251704,6.7603898451664035,-6.816628175291427,1.6147127772610794,-11.288201951750917,-9.824242842278093,-7.085300771105914,-4.971856358192093,-1.9483089224455505,0
165,ROI 166,rect,108,170804.12158203125,268038.2615933879,9593172.44297133,-65.08839381865549,-3.6781913746906096,power,vegetation,gamma0,43.36997985839844,NISAR_S2_PR_GCOV_026_097_D_090_1000_DVNA_A_20260726T224133_20260726T224205_P00500_M_P_I_001_gcov.tif,Band 1: VHVH,108,0.06911730930140172,0.02631039150390204,0.38066284364701763,6.901111191523186,-11.604131770439057,1.540652519847774,-15.693152431113877,-14.160577558588487,-12.142696295461132,-9.510789566971244,-7.495290573839254,0
165,ROI 166,rect,108,170804.12158203125,268038.2615933879,9593172.44297133,-65.08839381865549,-3.6781913746906096,power,vegetation,gamma0,43.36997985839844,NISAR_S2_PR_GCOV_026_097_D_090_1000_DVNA_A_20260726T224133_20260726T224205_P00500_M_P_I_001_gcov.tif,Band 2: VVVV,108,0.29957197696246485,0.10104028056925012,0.3372821503324727,8.79049404228988,-5.234988145365711,1.5463524072314923,-9.956096086894323,-8.176226431936195,-5.481072554925652,-3.324010436190879,-2.3843067557903823,0
165,ROI 166,rect,108,170804.12158203125,268038.2615933879,9593172.44297133,-65.08839381865549,-3.6781913746906096,power,vegetation,sigma0,43.36997985839844,NISAR_S2_PR_GCOV_026_097_D_090_1000_DVNA_A_20260726T224133_20260726T224205_P00500_M_P_I_001_gcov.tif,Band 1: VHVH,108,0.0500754792014591,0.019098796213073366,0.3814001686581337,6.874454446831229,-13.003748859973694,1.549016935754684,-17.058595579336586,-15.633242705430304,-13.350349165407538,-10.91173549317022,-8.695920155423252,0
165,ROI 166,rect,108,170804.12158203125,268038.2615933879,9593172.44297133,-65.08839381865549,-3.6781913746906096,power,vegetation,sigma0,43.36997985839844,NISAR_S2_PR_GCOV_026_097_D_090_1000_DVNA_A_20260726T224133_20260726T224205_P00500_M_P_I_001_gcov.tif,Band 2: VVVV,108,0.21845304665322096,0.0797774354884328,0.36519259726816233,7.498183578180025,-6.606418940285464,1.618443616902352,-11.223957641634419,-9.597661022298144,-6.934179111780883,-4.613705689563249,-3.361576345887529,0
166,ROI 167,rect,72,129788.388671875,270550.8313653889,9592591.707749521,-65.0657947595267,-3.6834946673227726,power,vegetation,gamma0,43.50165557861328,NISAR_S2_PR_GCOV_026_097_D_090_1000_DVNA_A_20260726T224133_20260726T224205_P00500_M_P_I_001_gcov.tif,Band 1: VHVH,72,0.07402070655694439,0.02252571378303268,0.3043163843039457,10.79814933797971,-11.30646773708381,1.363081071823237,-15.359467693861447,-14.06665619259501,-11.448001180323164,-9.367295379229896,-8.48801220309022,0
166,ROI 167,rect,72,129788.388671875,270550.8313653889,9592591.707749521,-65.0657947595267,-3.6834946673227726,power,vegetation,gamma0,43.50165557861328,NISAR_S2_PR_GCOV_026_097_D_090_1000_DVNA_A_20260726T224133_20260726T224205_P00500_M_P_I_001_gcov.tif,Band 2: VVVV,72,0.3230376097684105,0.14846840788900537,0.4596009981483089,4.734107043462946,-4.907469118360174,1.8328875313842905,-9.302573623950206,-8.388432799910321,-5.592887998987408,-2.546989697997744,-0.16824868548243022,0
166,ROI 167,rect,72,129788.388671875,270550.8313653889,9592591.707749521,-65.0657947595267,-3.6834946673227726,power,vegetation,sigma0,43.50165557861328,NISAR_S2_PR_GCOV_026_097_D_090_1000_DVNA_A_20260726T224133_20260726T224205_P00500_M_P_I_001_gcov.tif,Band 1: VHVH,72,0.05325596266774221,0.016055397462455556,0.3014760537261024,11.002575475463647,-12.736317604953078,1.3626463537552902,-16.896906647344938,-15.467849074345022,-12.920074572972345,-10.892794364488292,-9.90348929557345,0
166,ROI 167,rect,72,129788.388671875,270550.8313653889,9592591.707749521,-65.0657947595267,-3.6834946673227726,power,vegetation,sigma0,43.50165557861328,NISAR_S2_PR_GCOV_026_097_D_090_1000_DVNA_A_20260726T224133_20260726T224205_P00500_M_P_I_001_gcov.tif,Band 2: VVVV,72,0.2337973859848787,0.11274747351858513,0.48224437173937135,4.299972366143764,-6.311603488571951,1.8770355559976615,-10.826774252385714,-9.93487212068487,-6.8013910628673795,-4.028208743563072,-1.2573119689790375,0
167,ROI 168,rect,35,60680.41015625,272897.4765837624,9592295.411910871,-65.0446824900654,-3.6862224339603444,power,vegetation,gamma0,43.621681213378906,NISAR_S2_PR_GCOV_026_097_D_090_1000_DVNA_A_20260726T224133_20260726T224205_P00500_M_P_I_001_gcov.tif,Band 1: VHVH,35,0.06554779884006295,0.018867945055004595,0.287850170240537,12.06888137731727,-11.834418877674157,1.3278873935739206,-15.421467460423202,-14.253748484552691,-12.020336745192413,-10.330899081205452,-9.725455859025736,0
167,ROI 168,rect,35,60680.41015625,272897.4765837624,9592295.411910871,-65.0446824900654,-3.6862224339603444,power,vegetation,gamma0,43.621681213378906,NISAR_S2_PR_GCOV_026_097_D_090_1000_DVNA_A_20260726T224133_20260726T224205_P00500_M_P_I_001_gcov.tif,Band 2: VVVV,35,0.25504423337323323,0.08058927695007115,0.31598156870356026,10.015589088104935,-5.9338449155054205,1.4917056541051679,-9.541849946263046,-8.892090205683322,-5.976782935888317,-3.8728312744169298,-3.7542046718729876,0
167,ROI 168,rect,35,60680.41015625,272897.4765837624,9592295.411910871,-65.0446824900654,-3.6862224339603444,power,vegetation,sigma0,43.621681213378906,NISAR_S2_PR_GCOV_026_097_D_090_1000_DVNA_A_20260726T224133_20260726T224205_P00500_M_P_I_001_gcov.tif,Band 1: VHVH,35,0.04867603968814767,0.01432188758046866,0.2942286938753556,11.551275773024825,-13.126847634647731,1.3510482374353774,-16.590597920547918,-15.75155394884778,-13.472839063277133,-11.535336054301787,-11.040819884492269,0
167,ROI 168,rect,35,60680.41015625,272897.4765837624,9592295.411910871,-65.0446824900654,-3.6862224339603444,power,vegetation,sigma0,43.621681213378906,NISAR_S2_PR_GCOV_026_097_D_090_1000_DVNA_A_20260726T224133_20260726T224205_P00500_M_P_I_001_gcov.tif,Band 2: VVVV,35,0.18944119367605658,0.06045950085450367,0.31914653661805514,9.817925411267163,-7.225255784427564,1.5237895815870042,-10.812839811123931,-10.254924871933294,-7.201665174879313,-5.185256198626693,-5.0511957480527325,0
168,ROI 169,rect,168,269690.6953125,282556.6483709584,9591252.466113944,-64.95777325582189,-3.6958485539145327,power,vegetation,gamma0,44.10712814331055,NISAR_S2_PR_GCOV_026_097_D_090_1000_DVNA_A_20260726T224133_20260726T224205_P00500_M_P_I_001_gcov.tif,Band 1: VHVH,168,0.0871365926051069,0.035005640966311403,0.4017329564968529,6.196195017753109,-10.597994267474384,1.5845310286931484,-14.63119545451439,-13.473141379833745,-10.803568355613784,-8.174169683797455,-5.262098792525166,0
168,ROI 169,rect,168,269690.6953125,282556.6483709584,9591252.466113944,-64.95777325582189,-3.6958485539145327,power,vegetation,gamma0,44.10712814331055,NISAR_S2_PR_GCOV_026_097_D_090_1000_DVNA_A_20260726T224133_20260726T224205_P00500_M_P_I_001_gcov.tif,Band 2: VVVV,168,0.35561843784082503,0.143820544099348,0.4044237553389235,6.114017603985589,-4.490157301401178,1.5944770703750804,-8.420074579917983,-7.295783051891301,-4.8253498428198975,-2.160981057878601,0.9602671447135784,0
168,ROI 169,rect,168,269690.6953125,282556.6483709584,9591252.466113944,-64.95777325582189,-3.6958485539145327,power,vegetation,sigma0,44.10712814331055,NISAR_S2_PR_GCOV_026_097_D_090_1000_DVNA_A_20260726T224133_20260726T224205_P00500_M_P_I_001_gcov.tif,Band 1: VHVH,168,0.06210018637221015,0.023898659761059912,0.384840387077398,6.752097648520517,-12.069070964369304,1.5440153040137208,-15.781307174335977,-14.922734132909039,-12.254386934489345,-9.508396400031467,-7.1260732419210076,0
168,ROI 169,rect,168,269690.6953125,282556.6483709584,9591252.466113944,-64.95777325582189,-3.6958485539145327,power,vegetation,sigma0,44.10712814331055,NISAR_S2_PR_GCOV_026_097_D_090_1000_DVNA_A_20260726T224133_20260726T224205_P00500_M_P_I_001_gcov.tif,Band 2: VVVV,168,0.25430938794819596,0.10403240155863647,0.4090781012764985,5.975682809362617,-5.946376073475222,1.5840173253544854,-9.863214609320428,-8.924474150223345,-6.151352261652888,-3.607387706514427,-0.28548700642971914,0
169,ROI 170,rect,143,234855.37548828125,285235.1424434081,9590742.836782085,-64.93367646442465,-3.700509529592125,power,vegetation,gamma0,44.243412017822266,NISAR_S2_PR_GCOV_026_097_D_090_1000_DVNA_A_20260726T224133_20260726T224205_P00500_M_P_I_001_gcov.tif,Band 1: VHVH,143,0.08155409229749983,0.030509488688728343,0.3741012600254722,7.1453195857248275,-10.885542416423299,1.6031983460480863,-15.206341043105311,-13.642704621986177,-11.106104994944035,-8.548120806009958,-7.387664819229264,0
169,ROI 170,rect,143,234855.37548828125,285235.1424434081,9590742.836782085,-64.93367646442465,-3.700509529592125,power,vegetation,gamma0,44.243412017822266,NISAR_S2_PR_GCOV_026_097_D_090_1000_DVNA_A_20260726T224133_20260726T224205_P00500_M_P_I_001_gcov.tif,Band 2: VVVV,143,0.32709070915108795,0.1282261147272828,0.39202004563221415,6.50703960726417,-4.853317916185822,1.5999403891410637,-8.83215682082896,-7.568076281026262,-5.314284268075089,-2.3607504731289897,-1.058610923698204,0
169,ROI 170,rect,143,234855.37548828125,285235.1424434081,9590742.836782085,-64.93367646442465,-3.700509529592125,power,vegetation,sigma0,44.243412017822266,NISAR_S2_PR_GCOV_026_097_D_090_1000_DVNA_A_20260726T224133_20260726T224205_P00500_M_P_I_001_gcov.tif,Band 1: VHVH,143,0.05975405076222353,0.022156380507759785,0.3707929458360174,7.273393320800341,-12.236326483036668,1.5841116346890167,-16.159890283068385,-15.185335777206115,-12.481558931078423,-9.90873179295283,-8.91452099744195,0
169,ROI 170,rect,143,234855.37548828125,285235.1424434081,9590742.836782085,-64.93367646442465,-3.700509529592125,power,vegetation,sigma0,44.243412017822266,NISAR_S2_PR_GCOV_026_097_D_090_1000_DVNA_A_20260726T224133_20260726T224205_P00500_M_P_I_001_gcov.tif,Band 2: VVVV,143,0.23955191701616177,0.0920007883952337,0.3840536512551754,6.779789394332876,-6.206003493468105,1.586022937826198,-10.32972423264539,-8.79296414767108,-6.626235166264892,-3.944324873373775,-2.387338095243174,0
170,ROI 171,rect,144,213504.70166015625,288044.00576647074,9590446.540732017,-64.90840158001403,-3.703243584045265,power,vegetation,gamma0,44.38456726074219,NISAR_S2_PR_GCOV_026_097_D_090_1000_DVNA_A_20260726T224133_20260726T224205_P00500_M_P_I_001_gcov.tif,Band 1: VHVH,144,0.0793559058284801,0.027507874149707394,0.3466392811287786,8.32232073770451,-11.004207466246186,1.6050198830536455,-16.356027686850346,-13.73331945327767,-11.114436350954602,-8.921517553561971,-7.940322269588797,0
170,ROI 171,rect,144,213504.70166015625,288044.00576647074,9590446.540732017,-64.90840158001403,-3.703243584045265,power,vegetation,gamma0,44.38456726074219,NISAR_S2_PR_GCOV_026_097_D_090_1000_DVNA_A_20260726T224133_20260726T224205_P00500_M_P_I_001_gcov.tif,Band 2: VVVV,144,0.30464910177720916,0.11427420971182148,0.3751010885808899,7.107278782768471,-5.162000980048875,1.6429823100724383,-11.184788383457215,-8.152873572491202,-5.346156700397845,-2.7326753503663244,-1.6455108399040101,0
170,ROI 171,rect,144,213504.70166015625,288044.00576647074,9590446.540732017,-64.90840158001403,-3.703243584045265,power,vegetation,sigma0,44.38456726074219,NISAR_S2_PR_GCOV_026_097_D_090_1000_DVNA_A_20260726T224133_20260726T224205_P00500_M_P_I_001_gcov.tif,Band 1: VHVH,144,0.05648563528282327,0.019617985742641147,0.347309287474842,8.290241956775972,-12.480619824564448,1.617865922432651,-18.235344906319327,-15.535199678316989,-12.484943460701938,-10.40779767441072,-9.69176234875779,0
170,ROI 171,rect,144,213504.70166015625,288044.00576647074,9590446.540732017,-64.90840158001403,-3.703243584045265,power,vegetation,sigma0,44.38456726074219,NISAR_S2_PR_GCOV_026_097_D_090_1000_DVNA_A_20260726T224133_20260726T224205_P00500_M_P_I_001_gcov.tif,Band 2: VVVV,144,0.21689744107571188,0.0830478552005158,0.3828899722773884,6.8210622812901365,-6.637455716983634,1.6449387425976816,-12.66047521491868,-9.63172458478908,-6.888352398682651,-4.43556565599544,-2.6128660521269604,0
171,ROI 172,rect,192,292164.3154296875,291161.01469239464,9589522.112188257,-64.88036469416618,-3.7116625040296474,power,vegetation,gamma0,44.54524230957031,NISAR_S2_PR_GCOV_026_097_D_090_1000_DVNA_A_20260726T224133_20260726T224205_P00500_M_P_I_001_gcov.tif,Band 1: VHVH,192,0.07532108546971965,0.026249082739453707,0.3484958106452978,8.233886508000372,-11.23083429891264,1.5346747413033555,-16.782077313030868,-14.088482806590525,-11.415310166684257,-8.967629437749057,-7.8890987846278815,0
171,ROI 172,rect,192,292164.3154296875,291161.01469239464,9589522.112188257,-64.88036469416618,-3.7116625040296474,power,vegetation,gamma0,44.54524230957031,NISAR_S2_PR_GCOV_026_097_D_090_1000_DVNA_A_20260726T224133_20260726T224205_P00500_M_P_I_001_gcov.tif,Band 2: VVVV,192,0.30082842529130477,0.12000389053661678,0.3989114074589593,6.284157893680108,-5.2168112963656394,1.6140925246034363,-8.965339841260771,-8.02108495769334,-5.570972511163581,-2.9353788475018625,-0.9070355808920678,0
171,ROI 172,rect,192,292164.3154296875,291161.01469239464,9589522.112188257,-64.88036469416618,-3.7116625040296474,power,vegetation,sigma0,44.54524230957031,NISAR_S2_PR_GCOV_026_097_D_090_1000_DVNA_A_20260726T224133_20260726T224205_P00500_M_P_I_001_gcov.tif,Band 1: VHVH,192,0.0535637176476963,0.0188622905852151,0.352146777960367,8.064037929770695,-12.711292879361872,1.529755979398903,-18.103805245339704,-15.554910039748233,-12.97840245868148,-10.481906619307699,-9.323864792529118,0
171,ROI 172,rect,192,292164.3154296875,291161.01469239464,9589522.112188257,-64.88036469416618,-3.7116625040296474,power,vegetation,sigma0,44.54524230957031,NISAR_S2_PR_GCOV_026_097_D_090_1000_DVNA_A_20260726T224133_20260726T224205_P00500_M_P_I_001_gcov.tif,Band 2: VVVV,192,0.21404803431257904,0.08540270947981866,0.39898852495465204,6.2817288930705475,-6.694887561086718,1.6253007306976848,-10.629175923669242,-9.586481232810987,-7.030046354448231,-4.4437228861504865,-2.429216210250133,0
172,ROI 173,rect,280,439371.5078125,294574.31700122746,9589012.485802652,-64.84965214957286,-3.716335699705196,power,vegetation,gamma0,44.714725494384766,NISAR_S2_PR_GCOV_026_097_D_090_1000_DVNA_A_20260726T224133_20260726T224205_P00500_M_P_I_001_gcov.tif,Band 1: VHVH,280,0.0730445495141404,0.024625782151807173,0.33713373982873246,8.798235117393281,-11.36412184989723,1.489888211208314,-16.648181313159803,-14.204122816269715,-11.430153469337327,-9.261267865560361,-7.436191042543003,0
172,ROI 173,rect,280,439371.5078125,294574.31700122746,9589012.485802652,-64.84965214957286,-3.716335699705196,power,vegetation,gamma0,44.714725494384766,NISAR_S2_PR_GCOV_026_097_D_090_1000_DVNA_A_20260726T224133_20260726T224205_P00500_M_P_I_001_gcov.tif,Band 2: VVVV,280,0.30719546409589904,0.11115216649829103,0.3618288011687308,7.638247621362894,-5.125852011817523,1.5184341987095737,-9.037808113729257,-7.966983289723448,-5.433055859843479,-2.7000126272711733,-1.584759910100351,0
172,ROI 173,rect,280,439371.5078125,294574.31700122746,9589012.485802652,-64.84965214957286,-3.716335699705196,power,vegetation,sigma0,44.714725494384766,NISAR_S2_PR_GCOV_026_097_D_090_1000_DVNA_A_20260726T224133_20260726T224205_P00500_M_P_I_001_gcov.tif,Band 1: VHVH,280,0.0518907742585529,0.01759957776351896,0.33916583467856254,8.693122595187363,-12.849098491796449,1.4933826835882884,-17.861565294413392,-15.717769584355723,-13.02333786375441,-10.893709655561238,-8.876552363444233,0
172,ROI 173,rect,280,439371.5078125,294574.31700122746,9589012.485802652,-64.84965214957286,-3.716335699705196,power,vegetation,sigma0,44.714725494384766,NISAR_S2_PR_GCOV_026_097_D_090_1000_DVNA_A_20260726T224133_20260726T224205_P00500_M_P_I_001_gcov.tif,Band 2: VVVV,280,0.21814346338283364,0.07953698317228167,0.3646086017837593,7.522222573349769,-6.61257796013386,1.5156505526598916,-10.655590280769513,-9.49314735113399,-6.886928912733251,-4.167831134931496,-2.908649841505839,0
173,ROI 174,rect,132,213504.91943359375,296992.0727523976,9588419.896691877,-64.8279012369053,-3.7217395586498134,power,vegetation,gamma0,44.83628845214844,NISAR_S2_PR_GCOV_026_097_D_090_1000_DVNA_A_20260726T224133_20260726T224205_P00500_M_P_I_001_gcov.tif,Band 1: VHVH,132,0.0749577446981813,0.027066556403151046,0.36109085875162095,7.669499293199552,-11.251834888207803,1.5196115935473273,-15.084484373570477,-14.294233019523174,-11.546556028505858,-9.143599555416104,-7.159375180175765,0
173,ROI 174,rect,132,213504.91943359375,296992.0727523976,9588419.896691877,-64.8279012369053,-3.7217395586498134,power,vegetation,gamma0,44.83628845214844,NISAR_S2_PR_GCOV_026_097_D_090_1000_DVNA_A_20260726T224133_20260726T224205_P00500_M_P_I_001_gcov.tif,Band 2: VVVV,132,0.32851693592965603,0.14222916583611012,0.4329431766847024,5.335046402852454,-4.83442236481057,1.780978619751081,-10.346095692421722,-7.97349173810577,-5.160421708449431,-2.433472106306486,0.20587420491184769,0
173,ROI 174,rect,132,213504.91943359375,296992.0727523976,9588419.896691877,-64.8279012369053,-3.7217395586498134,power,vegetation,sigma0,44.83628845214844,NISAR_S2_PR_GCOV_026_097_D_090_1000_DVNA_A_20260726T224133_20260726T224205_P00500_M_P_I_001_gcov.tif,Band 1: VHVH,132,0.054176495080571506,0.02021978168889261,0.37322055734357984,7.179081535852573,-12.661890948437172,1.5795780386048348,-16.548081544378977,-15.738546671136938,-12.78856238108787,-10.755361329084907,-8.588446954218048,0
173,ROI 174,rect,132,213504.91943359375,296992.0727523976,9588419.896691877,-64.8279012369053,-3.7217395586498134,power,vegetation,sigma0,44.83628845214844,NISAR_S2_PR_GCOV_026_097_D_090_1000_DVNA_A_20260726T224133_20260726T224205_P00500_M_P_I_001_gcov.tif,Band 2: VVVV,132,0.23561066248808862,0.09928180740647562,0.4213807913361936,5.631842894101156,-6.278050595769601,1.760811860943489,-11.704475979091754,-9.564163163359531,-6.684352966790103,-3.8551530200169433,-1.2050427953343683,0
174,ROI 175,rect,144,242721.64013671875,299777.2326735329,9587910.272342505,-64.80284121480084,-3.726399610718961,power,vegetation,gamma0,44.97580337524414,NISAR_S2_PR_GCOV_026_097_D_090_1000_DVNA_A_20260726T224133_20260726T224205_P00500_M_P_I_001_gcov.tif,Band 1: VHVH,144,0.07901700734833463,0.028335196216864138,0.35859617021374496,7.776581108458084,-11.022794226008667,1.552143408159593,-16.537213391532397,-13.692282006462131,-11.19665725519642,-8.600127233531667,-7.881755398015393,0
174,ROI 175,rect,144,242721.64013671875,299777.2326735329,9587910.272342505,-64.80284121480084,-3.726399610718961,power,vegetation,gamma0,44.97580337524414,NISAR_S2_PR_GCOV_026_097_D_090_1000_DVNA_A_20260726T224133_20260726T224205_P00500_M_P_I_001_gcov.tif,Band 2: VVVV,144,0.29948230113627183,0.10822824036302646,0.3613844289041306,7.657043739606071,-5.2362883853670095,1.6170183462555892,-10.070733849298179,-8.506562956740924,-5.502358736411566,-3.0513458882668236,-2.160561600351988,0
174,ROI 175,rect,144,242721.64013671875,299777.2326735329,9587910.272342505,-64.80284121480084,-3.726399610718961,power,vegetation,sigma0,44.97580337524414,NISAR_S2_PR_GCOV_026_097_D_090_1000_DVNA_A_20260726T224133_20260726T224205_P00500_M_P_I_001_gcov.tif,Band 1: VHVH,144,0.05594551376313951,0.02058608072247365,0.36796660425052846,7.385555908463336,-12.522347335508117,1.5747750604793722,-18.162266200404414,-15.087501673700176,-12.802711445771692,-9.904468600223844,-8.992883909472555,0
174,ROI 175,rect,144,242721.64013671875,299777.2326735329,9587910.272342505,-64.80284121480084,-3.726399610718961,power,vegetation,sigma0,44.97580337524414,NISAR_S2_PR_GCOV_026_097_D_090_1000_DVNA_A_20260726T224133_20260726T224205_P00500_M_P_I_001_gcov.tif,Band 2: VVVV,144,0.21158080631197915,0.07654011862653799,0.3617536011923426,7.641423571736424,-6.745237321513753,1.6170649460826059,-11.945001596998244,-9.974649538701675,-7.049656201623279,-4.5100948195199075,-3.9162578076831918,0
175,ROI 176,rect,154,242721.6259765625,302372.76459866634,9587388.795044456,-64.77948771646321,-3.7311627903122044,power,vegetation,gamma0,45.10527420043945,NISAR_S2_PR_GCOV_026_097_D_090_1000_DVNA_A_20260726T224133_20260726T224205_P00500_M_P_I_001_gcov.tif,Band 1: VHVH,154,0.07745528614221069,0.028311168720039862,0.365516288559822,7.484909083346263,-11.109489373101805,1.619362450316893,-15.638604926445241,-14.234379152056846,-11.248159078023921,-8.974779813559543,-7.12284296594695,0
175,ROI 176,rect,154,242721.6259765625,302372.76459866634,9587388.795044456,-64.77948771646321,-3.7311627903122044,power,vegetation,gamma0,45.10527420043945,NISAR_S2_PR_GCOV_026_097_D_090_1000_DVNA_A_20260726T224133_20260726T224205_P00500_M_P_I_001_gcov.tif,Band 2: VVVV,154,0.3275042048522404,0.11932340520601362,0.36434159756772766,7.5332517893193565,-4.847831196953976,1.5704229102117513,-8.453907600980548,-8.042842015260382,-4.9693774955085415,-2.7891249880623863,-1.125469239319604,0
175,ROI 176,rect,154,242721.6259765625,302372.76459866634,9587388.795044456,-64.77948771646321,-3.7311627903122044,power,vegetation,sigma0,45.10527420043945,NISAR_S2_PR_GCOV_026_097_D_090_1000_DVNA_A_20260726T224133_20260726T224205_P00500_M_P_I_001_gcov.tif,Band 1: VHVH,154,0.053637252712140746,0.020287544147158828,0.3782360788692438,6.989950411928166,-12.705334747151614,1.5933597054627135,-17.10791875673223,-15.62934588502662,-13.026530514831355,-10.501067558977752,-8.433820076730957,0
175,ROI 176,rect,154,242721.6259765625,302372.76459866634,9587388.795044456,-64.77948771646321,-3.7311627903122044,power,vegetation,sigma0,45.10527420043945,NISAR_S2_PR_GCOV_026_097_D_090_1000_DVNA_A_20260726T224133_20260726T224205_P00500_M_P_I_001_gcov.tif,Band 2: VVVV,154,0.22786567216768788,0.08678640567164354,0.38086652037599084,6.893732123834083,-6.423210961055503,1.6263682416614227,-10.789075682847812,-9.596975554301391,-6.689476303624797,-4.233827026366532,-2.3980667078709663,0
176,ROI 177,rect,252,424762.4443359375,305027.55509272334,9586808.055150857,-64.7556013315347,-3.7364624288688724,power,vegetation,gamma0,45.23661804199219,NISAR_S2_PR_GCOV_026_097_D_090_1000_DVNA_A_20260726T224133_20260726T224205_P00500_M_P_I_001_gcov.tif,Band 1: VHVH,252,0.0780977305202257,0.02802306590400404,0.3588204896267331,7.766860967690153,-11.073615863130131,1.5460649757210783,-15.626571964058984,-13.825939705221536,-11.343431647046797,-8.86320334996849,-7.198884944336847,0
176,ROI 177,rect,252,424762.4443359375,305027.55509272334,9586808.055150857,-64.7556013315347,-3.7364624288688724,power,vegetation,gamma0,45.23661804199219,NISAR_S2_PR_GCOV_026_097_D_090_1000_DVNA_A_20260726T224133_20260726T224205_P00500_M_P_I_001_gcov.tif,Band 2: VVVV,252,0.3062228196492744,0.10422544453573708,0.3403581896839348,8.632321165824267,-5.139624489137617,1.49361808796689,-10.08348412458137,-8.027988709862305,-5.331230844740354,-3.021602927882223,-1.7833411890951276,0
176,ROI 177,rect,252,424762.4443359375,305027.55509272334,9586808.055150857,-64.7556013315347,-3.7364624288688724,power,vegetation,sigma0,45.23661804199219,NISAR_S2_PR_GCOV_026_097_D_090_1000_DVNA_A_20260726T224133_20260726T224205_P00500_M_P_I_001_gcov.tif,Band 1: VHVH,252,0.05492835045278057,0.01951856477715584,0.35534591183354525,7.919492526125945,-12.602034430323792,1.5233468148775458,-16.833076097797964,-15.352443593327507,-12.884711579440456,-10.58601219197511,-8.57991574305142,0
176,ROI 177,rect,252,424762.4443359375,305027.55509272334,9586808.055150857,-64.7556013315347,-3.7364624288688724,power,vegetation,sigma0,45.23661804199219,NISAR_S2_PR_GCOV_026_097_D_090_1000_DVNA_A_20260726T224133_20260726T224205_P00500_M_P_I_001_gcov.tif,Band 2: VVVV,252,0.21574173871279592,0.07385755239141832,0.3423424360630581,8.532543804661628,-6.660658255091087,1.4902036523014344,-11.569252763810013,-9.612089883972718,-6.936607952259442,-4.51347263510775,-3.130510744543874,0
177,ROI 178,rect,154,232608.21923828125,307267.53509134275,9585776.962472204,-64.73545637490584,-3.745826568324344,power,vegetation,gamma0,45.35332107543945,NISAR_S2_PR_GCOV_026_097_D_090_1000_DVNA_A_20260726T224133_20260726T224205_P00500_M_P_I_001_gcov.tif,Band 1: VHVH,154,0.07879060172995964,0.02643001003607639,0.33544622652661554,8.88697950033478,-11.035255827672874,1.4626474942535412,-14.670408991875119,-13.619474306656645,-11.254006195492929,-8.915954519217772,-8.1363341165917,0
177,ROI 178,rect,154,232608.21923828125,307267.53509134275,9585776.962472204,-64.73545637490584,-3.745826568324344,power,vegetation,gamma0,45.35332107543945,NISAR_S2_PR_GCOV_026_097_D_090_1000_DVNA_A_20260726T224133_20260726T224205_P00500_M_P_I_001_gcov.tif,Band 2: VVVV,154,0.3183669370490235,0.10911878190773906,0.342745333165474,8.512495586274154,-4.970720408173618,1.5100031286968219,-9.196870542247268,-7.605749493369029,-5.169507563605267,-2.9080121316895156,-1.5545035640351572,0
177,ROI 178,rect,154,232608.21923828125,307267.53509134275,9585776.962472204,-64.73545637490584,-3.745826568324344,power,vegetation,sigma0,45.35332107543945,NISAR_S2_PR_GCOV_026_097_D_090_1000_DVNA_A_20260726T224133_20260726T224205_P00500_M_P_I_001_gcov.tif,Band 1: VHVH,154,0.05546401074151626,0.0182325313001595,0.32872724233972456,9.253981074960782,-12.5598872870102,1.431565172620585,-16.28647829906756,-15.231992428024046,-12.734953640854819,-10.333578153948523,-9.7348611699972,0
177,ROI 178,rect,154,232608.21923828125,307267.53509134275,9585776.962472204,-64.73545637490584,-3.745826568324344,power,vegetation,sigma0,45.35332107543945,NISAR_S2_PR_GCOV_026_097_D_090_1000_DVNA_A_20260726T224133_20260726T224205_P00500_M_P_I_001_gcov.tif,Band 2: VVVV,154,0.22451991991557774,0.0766616326300099,0.34144690884815754,8.577359823444393,-6.4874512136163345,1.5018332350379946,-10.806955029826813,-9.207844602905816,-6.746488016809512,-4.292589446913289,-3.2190062483046873,0
178,ROI 179,rect,90,151701.0107421875,309922.3257081777,9584923.635394316,-64.71157360552456,-3.753590280066246,power,vegetation,gamma0,45.48848342895508,NISAR_S2_PR_GCOV_026_097_D_090_1000_DVNA_A_20260726T224133_20260726T224205_P00500_M_P_I_001_gcov.tif,Band 1: VHVH,90,0.08012554295774964,0.03088185234738817,0.3854183223903049,6.731863270926922,-10.962290145370183,1.6071079443727503,-16.311808526749516,-13.565277408525837,-11.349201489967523,-8.818997141176224,-6.896739200837611,0
178,ROI 179,rect,90,151701.0107421875,309922.3257081777,9584923.635394316,-64.71157360552456,-3.753590280066246,power,vegetation,gamma0,45.48848342895508,NISAR_S2_PR_GCOV_026_097_D_090_1000_DVNA_A_20260726T224133_20260726T224205_P00500_M_P_I_001_gcov.tif,Band 2: VVVV,90,0.32419766303565767,0.13330791316906823,0.41119331928807284,5.914361961189289,-4.891901200685536,1.6844477005382865,-9.994471300873876,-7.45508600250731,-5.226774250016931,-2.487920595280631,-1.0228633500078068,0
178,ROI 179,rect,90,151701.0107421875,309922.3257081777,9584923.635394316,-64.71157360552456,-3.753590280066246,power,vegetation,sigma0,45.48848342895508,NISAR_S2_PR_GCOV_026_097_D_090_1000_DVNA_A_20260726T224133_20260726T224205_P00500_M_P_I_001_gcov.tif,Band 1: VHVH,90,0.05613161924024691,0.02146135960438259,0.38233993415594514,6.840702097426146,-12.507924294182942,1.5553164560684392,-17.563888177575635,-15.051778314240918,-12.826359151418437,-10.725474795716671,-7.918564821648885,0
178,ROI 179,rect,90,151701.0107421875,309922.3257081777,9584923.635394316,-64.71157360552456,-3.753590280066246,power,vegetation,sigma0,45.48848342895508,NISAR_S2_PR_GCOV_026_097_D_090_1000_DVNA_A_20260726T224133_20260726T224205_P00500_M_P_I_001_gcov.tif,Band 2: VVVV,90,0.22843661267843937,0.0978430557297891,0.428315997959218,5.450940080641341,-6.412342882987607,1.6889201557663864,-11.01629692168515,-9.291473495176113,-6.659174382853599,-3.9116876728393404,-2.007165088401891,0
179,ROI 180,rect,216,365768.4169921875,314947.4650870249,9583205.127595445,-64.6663668283763,-3.769218589205246,power,vegetation,gamma0,45.74089050292969,NISAR_S2_PR_GCOV_026_097_D_090_1000_DVNA_A_20260726T224133_20260726T224205_P00500_M_P_I_001_gcov.tif,Band 1: VHVH,216,0.07904340861434186,0.02730712328101045,0.34546996086977666,8.3787535885559,-11.02134339795928,1.51590288588693,-16.164774564325985,-13.828612483904571,-11.130889177400483,-8.956359001108872,-6.968736427291984,0
179,ROI 180,rect,216,365768.4169921875,314947.4650870249,9583205.127595445,-64.6663668283763,-3.769218589205246,power,vegetation,gamma0,45.74089050292969,NISAR_S2_PR_GCOV_026_097_D_090_1000_DVNA_A_20260726T224133_20260726T224205_P00500_M_P_I_001_gcov.tif,Band 2: VVVV,216,0.32151257081164253,0.1144726191125345,0.35604399175918394,7.888468162860745,-4.928020419391405,1.4989404050882513,-9.818615892915687,-7.467327527261988,-5.251798851688157,-2.9293577856533903,-0.3960936034169688,0
179,ROI 180,rect,216,365768.4169921875,314947.4650870249,9583205.127595445,-64.6663668283763,-3.769218589205246,power,vegetation,sigma0,45.74089050292969,NISAR_S2_PR_GCOV_026_097_D_090_1000_DVNA_A_20260726T224133_20260726T224205_P00500_M_P_I_001_gcov.tif,Band 1: VHVH,216,0.054933308728420005,0.01873431706536432,0.3410374779713939,8.597967200865043,-12.601642418812684,1.4762248854536322,-17.470588647042014,-15.286245129425298,-12.756588546435712,-10.709049743898756,-8.872643166035122,0
179,ROI 180,rect,216,365768.4169921875,314947.4650870249,9583205.127595445,-64.6663668283763,-3.769218589205246,power,vegetation,sigma0,45.74089050292969,NISAR_S2_PR_GCOV_026_097_D_090_1000_DVNA_A_20260726T224133_20260726T224205_P00500_M_P_I_001_gcov.tif,Band 2: VVVV,216,0.22437385356015707,0.08072620595641729,0.35978437182197665,7.725301014409895,-6.490277531027626,1.524130080959401,-11.47274873447678,-9.090440101163695,-6.733835896199682,-4.326625080219514,-2.292358762986703,0
180,ROI 181,rect,180,280927.8134765625,317223.0001608637,9582766.617847173,-64.64588921379267,-3.773223216727507,power,vegetation,gamma0,45.85204315185547,NISAR_S2_PR_GCOV_026_097_D_090_1000_DVNA_A_20260726T224133_20260726T224205_P00500_M_P_I_001_gcov.tif,Band 1: VHVH,180,0.080437175081008,0.03227615681834446,0.40125920366844375,6.21083492028495,-10.94543190042886,1.658404059244438,-15.502845644326943,-13.974355290470609,-11.294387803816209,-8.527042783355057,-6.738296261355936,0
180,ROI 181,rect,180,280927.8134765625,317223.0001608637,9582766.617847173,-64.64588921379267,-3.773223216727507,power,vegetation,gamma0,45.85204315185547,NISAR_S2_PR_GCOV_026_097_D_090_1000_DVNA_A_20260726T224133_20260726T224205_P00500_M_P_I_001_gcov.tif,Band 2: VVVV,180,0.322347476788693,0.11832930679951488,0.3670861890353271,7.421025253679616,-4.916757249287126,1.6203123486865612,-9.502675251115669,-8.16502199389703,-5.124050710056057,-2.4798007762180427,-1.4920282525067035,0
180,ROI 181,rect,180,280927.8134765625,317223.0001608637,9582766.617847173,-64.64588921379267,-3.773223216727507,power,vegetation,sigma0,45.85204315185547,NISAR_S2_PR_GCOV_026_097_D_090_1000_DVNA_A_20260726T224133_20260726T224205_P00500_M_P_I_001_gcov.tif,Band 1: VHVH,180,0.0558421452693548,0.022409604889584163,0.4013027218329695,6.209487959668482,-12.530379059159348,1.6468958408915337,-16.92170458971129,-15.58246121960824,-12.873506014603587,-10.286276109840738,-8.240126432909697,0
180,ROI 181,rect,180,280927.8134765625,317223.0001608637,9582766.617847173,-64.64588921379267,-3.773223216727507,power,vegetation,sigma0,45.85204315185547,NISAR_S2_PR_GCOV_026_097_D_090_1000_DVNA_A_20260726T224133_20260726T224205_P00500_M_P_I_001_gcov.tif,Band 2: VVVV,180,0.22369637200819628,0.0821376624027997,0.3671837038098685,7.417084101040988,-6.503410593973249,1.6013495717699462,-10.989650318988161,-9.953370614230835,-6.725226882069507,-4.202710313215775,-2.497222500384147,0
181,ROI 182,rect,170,283175.251953125,320340.00868308905,9582482.16949356,-64.61783322186346,-3.7758484125329455,power,vegetation,gamma0,46.00050735473633,NISAR_S2_PR_GCOV_026_097_D_090_1000_DVNA_A_20260726T224133_20260726T224205_P00500_M_P_I_001_gcov.tif,Band 1: VHVH,170,0.07838335216921918,0.027283028275888542,0.3480717208545525,8.253963028227338,-11.057761672745578,1.5025757776936688,-16.78945213506068,-13.625317857642463,-11.24830378520918,-8.607878569816968,-7.385608119303577,0
181,ROI 182,rect,170,283175.251953125,320340.00868308905,9582482.16949356,-64.61783322186346,-3.7758484125329455,power,vegetation,gamma0,46.00050735473633,NISAR_S2_PR_GCOV_026_097_D_090_1000_DVNA_A_20260726T224133_20260726T224205_P00500_M_P_I_001_gcov.tif,Band 2: VVVV,170,0.3013073966783636,0.1071284617092822,0.3555454094067214,7.910607718451795,-5.209902068690651,1.5202768449214554,-9.222741844901373,-8.054504743090993,-5.490688376872064,-3.184857261575371,-1.2506556185477944,0
181,ROI 182,rect,170,283175.251953125,320340.00868308905,9582482.16949356,-64.61783322186346,-3.7758484125329455,power,vegetation,sigma0,46.00050735473633,NISAR_S2_PR_GCOV_026_097_D_090_1000_DVNA_A_20260726T224133_20260726T224205_P00500_M_P_I_001_gcov.tif,Band 1: VHVH,170,0.054223331026627915,0.018552356500334086,0.3421471191289119,8.542288302766654,-12.658138065259546,1.482362163047121,-18.22713384182191,-15.241759225705866,-12.820774451724787,-10.405922974516502,-9.321309985960461,0
181,ROI 182,rect,170,283175.251953125,320340.00868308905,9582482.16949356,-64.61783322186346,-3.7758484125329455,power,vegetation,sigma0,46.00050735473633,NISAR_S2_PR_GCOV_026_097_D_090_1000_DVNA_A_20260726T224133_20260726T224205_P00500_M_P_I_001_gcov.tif,Band 2: VVVV,170,0.20906452030012324,0.07613140352721684,0.3641526712324318,7.541070481638982,-6.797196637164195,1.5287047373424894,-10.860978694522505,-9.503427706181352,-7.069007930348972,-4.692326295205186,-2.5011783190151196,0
182,ROI 183,rect,108,176984.75439453125,322129.62221259915,9581877.73584714,-64.60173209507266,-3.7813444760295183,power,vegetation,gamma0,46.090553283691406,NISAR_S2_PR_GCOV_026_097_D_090_1000_DVNA_A_20260726T224133_20260726T224205_P00500_M_P_I_001_gcov.tif,Band 1: VHVH,108,0.07092759208063837,0.02512164816177161,0.35418724116857836,7.971392152633139,-11.491847837556202,1.5951865038621893,-16.192804332862003,-14.676924810199592,-11.688813741163145,-9.334253173565651,-8.199283711931368,0
182,ROI 183,rect,108,176984.75439453125,322129.62221259915,9581877.73584714,-64.60173209507266,-3.7813444760295183,power,vegetation,gamma0,46.090553283691406,NISAR_S2_PR_GCOV_026_097_D_090_1000_DVNA_A_20260726T224133_20260726T224205_P00500_M_P_I_001_gcov.tif,Band 2: VVVV,108,0.28660212891797227,0.10639867832020151,0.37124175846807345,7.255817617185938,-5.427205879306706,1.5428906194018537,-9.84309413178998,-8.162819794472775,-5.57535120949305,-3.336193427284364,-0.506759127585781,0
182,ROI 183,rect,108,176984.75439453125,322129.62221259915,9581877.73584714,-64.60173209507266,-3.7813444760295183,power,vegetation,sigma0,46.090553283691406,NISAR_S2_PR_GCOV_026_097_D_090_1000_DVNA_A_20260726T224133_20260726T224205_P00500_M_P_I_001_gcov.tif,Band 1: VHVH,108,0.04872703272802083,0.01725979373857746,0.3542139295638269,7.970190982198748,-13.12230034526429,1.5131164412996014,-16.89654322737665,-16.066560652218982,-13.456454941828229,-10.71897897795644,-10.043270436875307,0
182,ROI 183,rect,108,176984.75439453125,322129.62221259915,9581877.73584714,-64.60173209507266,-3.7813444760295183,power,vegetation,sigma0,46.090553283691406,NISAR_S2_PR_GCOV_026_097_D_090_1000_DVNA_A_20260726T224133_20260726T224205_P00500_M_P_I_001_gcov.tif,Band 2: VVVV,108,0.19762545275424362,0.07273642348607474,0.3680519005642752,7.382133088496603,-7.04157122102394,1.542835037239388,-12.184567938173242,-9.885661226295593,-7.2470653497433135,-5.194641578657652,-2.145895593107015,0
183,ROI 184,rect,80,116865.8095703125,324559.2294048679,9581285.138247807,-64.57986871062568,-3.786743848784951,power,vegetation,gamma0,46.20742416381836,NISAR_S2_PR_GCOV_026_097_D_090_1000_DVNA_A_20260726T224133_20260726T224205_P00500_M_P_I_001_gcov.tif,Band 1: VHVH,80,0.07621353853028268,0.02631755035164347,0.34531332436672596,8.386356633271976,-11.179678739789058,1.4492699194392535,-15.270099503396928,-13.460552261177355,-11.502971216382477,-8.828849440871808,-8.5781080107613,0
183,ROI 184,rect,80,116865.8095703125,324559.2294048679,9581285.138247807,-64.57986871062568,-3.786743848784951,power,vegetation,gamma0,46.20742416381836,NISAR_S2_PR_GCOV_026_097_D_090_1000_DVNA_A_20260726T224133_20260726T224205_P00500_M_P_I_001_gcov.tif,Band 2: VVVV,80,0.31884688772261144,0.1301657361398785,0.40823900483896,6.000272949827812,-4.964178178220694,1.6223922219409468,-8.639898639122734,-7.888514279129649,-5.322342167283962,-2.49857531124466,-0.922780074898757,0
183,ROI 184,rect,80,116865.8095703125,324559.2294048679,9581285.138247807,-64.57986871062568,-3.786743848784951,power,vegetation,sigma0,46.20742416381836,NISAR_S2_PR_GCOV_026_097_D_090_1000_DVNA_A_20260726T224133_20260726T224205_P00500_M_P_I_001_gcov.tif,Band 1: VHVH,80,0.052692278999789635,0.018075722677499028,0.34304309892481955,8.497724091780608,-12.7825301730065,1.4547098766653157,-16.547592794663412,-15.184897446408225,-13.283663606858141,-10.650569344207081,-10.107284526350501,0
183,ROI 184,rect,80,116865.8095703125,324559.2294048679,9581285.138247807,-64.57986871062568,-3.786743848784951,power,vegetation,sigma0,46.20742416381836,NISAR_S2_PR_GCOV_026_097_D_090_1000_DVNA_A_20260726T224133_20260726T224205_P00500_M_P_I_001_gcov.tif,Band 2: VVVV,80,0.22090612925325157,0.09246422817732605,0.4185679613774911,5.707790630425286,-6.557922340428409,1.6371704502114701,-9.964450419519915,-9.548521129285668,-6.978045151780891,-3.9960597233854065,-2.285766920859677,0
184,ROI 185,rect,143,212381.22265625,327332.5374344443,9580621.436801903,-64.55491165257673,-3.79279139883394,power,vegetation,gamma0,46.34357833862305,NISAR_S2_PR_GCOV_026_097_D_090_1000_DVNA_A_20260726T224133_20260726T224205_P00500_M_P_I_001_gcov.tif,Band 1: VHVH,143,0.07464898889558716,0.027504061250366803,0.3684451947344821,7.366381490327377,-11.269760703239655,1.551465788931787,-16.015561480013957,-14.286832394513752,-11.692854654416799,-8.96783141763194,-7.960594457826763,0
184,ROI 185,rect,143,212381.22265625,327332.5374344443,9580621.436801903,-64.55491165257673,-3.79279139883394,power,vegetation,gamma0,46.34357833862305,NISAR_S2_PR_GCOV_026_097_D_090_1000_DVNA_A_20260726T224133_20260726T224205_P00500_M_P_I_001_gcov.tif,Band 2: VVVV,143,0.311439207019089,0.11868186033470168,0.3810755282568753,6.886172209292264,-5.066267150812904,1.6183204142440435,-9.996336674783464,-7.839192869552813,-5.286050578248024,-2.865477403855791,-1.2246498760284232,0
184,ROI 185,rect,143,212381.22265625,327332.5374344443,9580621.436801903,-64.55491165257673,-3.79279139883394,power,vegetation,sigma0,46.34357833862305,NISAR_S2_PR_GCOV_026_097_D_090_1000_DVNA_A_20260726T224133_20260726T224205_P00500_M_P_I_001_gcov.tif,Band 1: VHVH,143,0.05002957633024332,0.018106473866736084,0.36191539475001633,7.634592932459041,-13.007731748742673,1.49649801896631,-17.16590505721419,-15.600846693096502,-13.444408534915144,-10.692341571670227,-9.852680047858966,0
184,ROI 185,rect,143,212381.22265625,327332.5374344443,9580621.436801903,-64.55491165257673,-3.79279139883394,power,vegetation,sigma0,46.34357833862305,NISAR_S2_PR_GCOV_026_097_D_090_1000_DVNA_A_20260726T224133_20260726T224205_P00500_M_P_I_001_gcov.tif,Band 2: VVVV,143,0.21029456812072395,0.08219403967150234,0.39085193881145397,6.545991827828566,-6.771719449345181,1.666472838528748,-11.7936648912134,-9.687763414778924,-7.2017343115899015,-4.442050508613168,-3.1732347193109796,0
185,ROI 186,rect,112,180917.53759765625,329951.77311437525,9579969.59757309,-64.53134091904249,-3.7987286238134006,power,vegetation,gamma0,46.469661712646484,NISAR_S2_PR_GCOV_026_097_D_090_1000_DVNA_A_20260726T224133_20260726T224205_P00500_M_P_I_001_gcov.tif,Band 1: VHVH,112,0.07424722801494811,0.027053566929463983,0.36437140688965947,7.532019245064607,-11.293197558866343,1.632886053243308,-16.508273350604238,-14.414467577299066,-11.454012807465181,-9.007352505617312,-7.787088295151143,0
185,ROI 186,rect,112,180917.53759765625,329951.77311437525,9579969.59757309,-64.53134091904249,-3.7987286238134006,power,vegetation,gamma0,46.469661712646484,NISAR_S2_PR_GCOV_026_097_D_090_1000_DVNA_A_20260726T224133_20260726T224205_P00500_M_P_I_001_gcov.tif,Band 2: VVVV,112,0.30827988078817725,0.1252526314620018,0.40629518586087804,6.057823938740065,-5.110548176276626,1.6599881688824372,-9.755069195818697,-8.232370495004645,-5.526759585449025,-3.023877432893764,-0.1430952304116277,0
185,ROI 186,rect,112,180917.53759765625,329951.77311437525,9579969.59757309,-64.53134091904249,-3.7987286238134006,power,vegetation,sigma0,46.469661712646484,NISAR_S2_PR_GCOV_026_097_D_090_1000_DVNA_A_20260726T224133_20260726T224205_P00500_M_P_I_001_gcov.tif,Band 1: VHVH,112,0.05152121589677611,0.018488182502311098,0.3588460050972512,7.765756493549828,-12.880138962105633,1.60410682076097,-17.763088425360294,-16.10730264870266,-12.972230700073517,-10.754031226384303,-9.216942543304107,0
185,ROI 186,rect,112,180917.53759765625,329951.77311437525,9579969.59757309,-64.53134091904249,-3.7987286238134006,power,vegetation,sigma0,46.469661712646484,NISAR_S2_PR_GCOV_026_097_D_090_1000_DVNA_A_20260726T224133_20260726T224205_P00500_M_P_I_001_gcov.tif,Band 2: VVVV,112,0.2144247264494615,0.08679878215423303,0.4047983811917836,6.102706248537116,-6.687251352974846,1.6632758620889962,-11.285341724396913,-9.720196767179441,-7.009346950195011,-4.435218983456395,-1.836113300675937,0
186,ROI 187,rect,144,224742.27001953125,333045.07853297266,9579163.683957808,-64.50350382761127,-3.806066225320605,power,vegetation,gamma0,46.620689392089844,NISAR_S2_PR_GCOV_026_097_D_090_1000_DVNA_A_20260726T224133_20260726T224205_P00500_M_P_I_001_gcov.tif,Band 1: VHVH,144,0.07717796492700775,0.025860780904001072,0.3350798499087052,8.906424188162157,-11.12506677340461,1.3725129832661258,-14.664741896843212,-13.39336739073236,-11.376444475044181,-9.312954628129003,-6.664544237636585,0
186,ROI 187,rect,144,224742.27001953125,333045.07853297266,9579163.683957808,-64.50350382761127,-3.806066225320605,power,vegetation,gamma0,46.620689392089844,NISAR_S2_PR_GCOV_026_097_D_090_1000_DVNA_A_20260726T224133_20260726T224205_P00500_M_P_I_001_gcov.tif,Band 2: VVVV,144,0.3081848626025021,0.11627943091036831,0.37730416065355527,7.024522555378577,-5.111886967326345,1.5986863194679777,-10.610170717797057,-8.040067414869958,-5.4313676364831895,-2.739294638430551,-0.9413877871675813,0
186,ROI 187,rect,144,224742.27001953125,333045.07853297266,9579163.683957808,-64.50350382761127,-3.806066225320605,power,vegetation,sigma0,46.620689392089844,NISAR_S2_PR_GCOV_026_097_D_090_1000_DVNA_A_20260726T224133_20260726T224205_P00500_M_P_I_001_gcov.tif,Band 1: VHVH,144,0.05290254090149793,0.017729431604173278,0.335133838603039,8.90355484208881,-12.76523468361814,1.3699397005096854,-16.089531448420164,-15.323133359105718,-12.95286124660263,-11.046262943497403,-8.106582239751019,0
186,ROI 187,rect,144,224742.27001953125,333045.07853297266,9579163.683957808,-64.50350382761127,-3.806066225320605,power,vegetation,sigma0,46.620689392089844,NISAR_S2_PR_GCOV_026_097_D_090_1000_DVNA_A_20260726T224133_20260726T224205_P00500_M_P_I_001_gcov.tif,Band 2: VVVV,144,0.21015308557724138,0.0752582739985299,0.35811167745557015,7.797637366294961,-6.774642290735729,1.5385689562753027,-12.406375711891952,-9.64581980957529,-7.11285437634266,-4.658993264355841,-2.88363997465632,0
187,ROI 188,rect,221,346103.0859375,335510.24110935756,9578594.7954901,-64.48131777147425,-3.8112497348483516,power,vegetation,gamma0,46.73812484741211,NISAR_S2_PR_GCOV_026_097_D_090_1000_DVNA_A_20260726T224133_20260726T224205_P00500_M_P_I_001_gcov.tif,Band 1: VHVH,221,0.0764713671176412,0.02599517743741519,0.33993347336690094,8.653905259706455,-11.16501145637663,1.5207163765956275,-17.41663311478685,-14.006756219765869,-11.379160748906656,-8.931825212337829,-7.717581218933224,0
187,ROI 188,rect,221,346103.0859375,335510.24110935756,9578594.7954901,-64.48131777147425,-3.8112497348483516,power,vegetation,gamma0,46.73812484741211,NISAR_S2_PR_GCOV_026_097_D_090_1000_DVNA_A_20260726T224133_20260726T224205_P00500_M_P_I_001_gcov.tif,Band 2: VVVV,221,0.3376008657173873,0.13272624296062188,0.393145446113073,6.469839409253614,-4.715964483739829,1.6633761144071912,-9.491662910808449,-7.7771816117534485,-5.065308372107208,-2.0931646175279357,-1.126500495974787,0
187,ROI 188,rect,221,346103.0859375,335510.24110935756,9578594.7954901,-64.48131777147425,-3.8112497348483516,power,vegetation,sigma0,46.73812484741211,NISAR_S2_PR_GCOV_026_097_D_090_1000_DVNA_A_20260726T224133_20260726T224205_P00500_M_P_I_001_gcov.tif,Band 1: VHVH,221,0.051938497933420646,0.01753272136429221,0.33756696981817225,8.77566647931353,-12.84510614365161,1.4978423028421006,-18.254179817648147,-15.379678241050632,-12.978701899278388,-10.709755776007748,-9.620374906020091,0
187,ROI 188,rect,221,346103.0859375,335510.24110935756,9578594.7954901,-64.48131777147425,-3.8112497348483516,power,vegetation,sigma0,46.73812484741211,NISAR_S2_PR_GCOV_026_097_D_090_1000_DVNA_A_20260726T224133_20260726T224205_P00500_M_P_I_001_gcov.tif,Band 2: VVVV,221,0.22999212717111375,0.09139505218875299,0.39738339443573745,6.332578318401564,-6.382870300026742,1.6847062023295276,-10.521809786286443,-9.659383252724114,-6.633243811169275,-3.7825671943815475,-2.783365709059609,0
188,ROI 189,rect,195,309020.6474609375,338532.4360428826,9577717.770299247,-64.45412059977801,-3.8192280821371165,power,vegetation,gamma0,46.88518524169922,NISAR_S2_PR_GCOV_026_097_D_090_1000_DVNA_A_20260726T224133_20260726T224205_P00500_M_P_I_001_gcov.tif,Band 1: VHVH,195,0.08000718997075007,0.027571473762667914,0.34461245011539343,8.420503737087193,-10.968709827041748,1.470921055412788,-14.472645716404188,-13.862482979464446,-11.134737274518526,-8.990640997745222,-6.889393663385644,0
188,ROI 189,rect,195,309020.6474609375,338532.4360428826,9577717.770299247,-64.45412059977801,-3.8192280821371165,power,vegetation,gamma0,46.88518524169922,NISAR_S2_PR_GCOV_026_097_D_090_1000_DVNA_A_20260726T224133_20260726T224205_P00500_M_P_I_001_gcov.tif,Band 2: VVVV,195,0.33445014693798164,0.11737786505554662,0.35095773205718594,8.11877246523964,-4.756686089075189,1.4938766718081475,-8.195466561656609,-7.450315032627309,-5.113773489895525,-2.433015448654361,-1.8143418626107155,0
188,ROI 189,rect,195,309020.6474609375,338532.4360428826,9577717.770299247,-64.45412059977801,-3.8192280821371165,power,vegetation,sigma0,46.88518524169922,NISAR_S2_PR_GCOV_026_097_D_090_1000_DVNA_A_20260726T224133_20260726T224205_P00500_M_P_I_001_gcov.tif,Band 1: VHVH,195,0.05431217989373284,0.01823976248276067,0.33583189845166544,8.866579470154377,-12.651027658536588,1.454638939594093,-16.15752035804357,-15.523514826748755,-12.802156574154735,-10.831937272003245,-8.665028585358199,0
188,ROI 189,rect,195,309020.6474609375,338532.4360428826,9577717.770299247,-64.45412059977801,-3.8192280821371165,power,vegetation,sigma0,46.88518524169922,NISAR_S2_PR_GCOV_026_097_D_090_1000_DVNA_A_20260726T224133_20260726T224205_P00500_M_P_I_001_gcov.tif,Band 2: VVVV,195,0.2267938093447663,0.0777337666821981,0.34275083128053624,8.512222488148376,-6.443688042945681,1.4568473278203362,-9.750430074912073,-9.05263330636204,-6.838413110094017,-4.159940580040512,-3.4281078693527904,0
189,ROI 190,rect,108,170804.12109375,340997.599102316,9577267.411064385,-64.431931665459,-3.823338570606104,power,vegetation,gamma0,47.00027084350586,NISAR_S2_PR_GCOV_026_097_D_090_1000_DVNA_A_20260726T224133_20260726T224205_P00500_M_P_I_001_gcov.tif,Band 1: VHVH,108,0.07965456170064432,0.025750377422465706,0.32327561501424235,9.568725736378642,-10.987893477386956,1.4067050978761462,-15.389627110516573,-13.457656585437789,-11.010544619052322,-8.869453789188688,-7.772592435329636,0
189,ROI 190,rect,108,170804.12109375,340997.599102316,9577267.411064385,-64.431931665459,-3.823338570606104,power,vegetation,gamma0,47.00027084350586,NISAR_S2_PR_GCOV_026_097_D_090_1000_DVNA_A_20260726T224133_20260726T224205_P00500_M_P_I_001_gcov.tif,Band 2: VVVV,108,0.3151021278290837,0.10614342025358033,0.3368540256610205,8.812852800987473,-5.015486641020735,1.490971914964284,-8.87978512394784,-7.589522434431451,-5.171541905391135,-2.8919297646304303,-2.1429009447922507,0
189,ROI 190,rect,108,170804.12109375,340997.599102316,9577267.411064385,-64.431931665459,-3.823338570606104,power,vegetation,sigma0,47.00027084350586,NISAR_S2_PR_GCOV_026_097_D_090_1000_DVNA_A_20260726T224133_20260726T224205_P00500_M_P_I_001_gcov.tif,Band 1: VHVH,108,0.05419620408550272,0.01746175449178858,0.32219515714126434,9.633009383753908,-12.66031130481001,1.4058857666736528,-16.854897809920686,-15.213115682406821,-12.79055977965169,-10.696095274971267,-9.267519545539681,0
189,ROI 190,rect,108,170804.12109375,340997.599102316,9577267.411064385,-64.431931665459,-3.823338570606104,power,vegetation,sigma0,47.00027084350586,NISAR_S2_PR_GCOV_026_097_D_090_1000_DVNA_A_20260726T224133_20260726T224205_P00500_M_P_I_001_gcov.tif,Band 2: VVVV,108,0.2138236510175029,0.07015403086716095,0.3280929426343879,9.289796971763014,-6.699442591912881,1.4547581027063607,-10.495049319935248,-9.17461383975372,-6.841477238261911,-4.566339472749452,-4.022324704269381,0
190,ROI 191,rect,238,377566.4052734375,343047.9504791512,9576508.890523307,-64.41348182732096,-3.8302294445932707,power,vegetation,gamma0,47.101741790771484,NISAR_S2_PR_GCOV_026_097_D_090_1000_DVNA_A_20260726T224133_20260726T224205_P00500_M_P_I_001_gcov.tif,Band 1: VHVH,238,0.08075347238322016,0.02847949885198172,0.35267212680131765,8.040031055894943,-10.928387940191694,1.633409892283224,-16.13589103083873,-14.102140608693169,-11.024034450679128,-8.80238026322684,-7.776053737734861,0
190,ROI 191,rect,238,377566.4052734375,343047.9504791512,9576508.890523307,-64.41348182732096,-3.8302294445932707,power,vegetation,gamma0,47.101741790771484,NISAR_S2_PR_GCOV_026_097_D_090_1000_DVNA_A_20260726T224133_20260726T224205_P00500_M_P_I_001_gcov.tif,Band 2: VVVV,238,0.33760572040156156,0.12248239717124662,0.36279716180626687,7.597526756817395,-4.7159020328517105,1.584867106610033,-10.103148340783479,-7.862500522971255,-4.95979966486706,-2.5438177543086207,-1.0245285586987254,0
190,ROI 191,rect,238,377566.4052734375,343047.9504791512,9576508.890523307,-64.41348182732096,-3.8302294445932707,power,vegetation,sigma0,47.101741790771484,NISAR_S2_PR_GCOV_026_097_D_090_1000_DVNA_A_20260726T224133_20260726T224205_P00500_M_P_I_001_gcov.tif,Band 1: VHVH,238,0.05468746576975458,0.01896080127318775,0.3467120117252572,8.318829518222094,-12.621122014692476,1.5894302504078546,-17.472207497103554,-15.572633215768231,-12.722266142450485,-10.414568561244703,-9.36856987691664,0
190,ROI 191,rect,238,377566.4052734375,343047.9504791512,9576508.890523307,-64.41348182732096,-3.8302294445932707,power,vegetation,sigma0,47.101741790771484,NISAR_S2_PR_GCOV_026_097_D_090_1000_DVNA_A_20260726T224133_20260726T224205_P00500_M_P_I_001_gcov.tif,Band 2: VVVV,238,0.22939964069264895,0.08495899959978254,0.37035367336782854,7.290657338652848,-6.394072666671926,1.5768570213954867,-11.510095871239852,-9.197232714888417,-6.676594742560784,-4.199903572878134,-2.3388729536501844,0
191,ROI 192,rect,90,151701.0107421875,344292.38392658357,9576082.234394824,-64.4022832411057,-3.8341066774402695,power,vegetation,gamma0,47.16159439086914,NISAR_S2_PR_GCOV_026_097_D_090_1000_DVNA_A_20260726T224133_20260726T224205_P00500_M_P_I_001_gcov.tif,Band 1: VHVH,90,0.0782721411022875,0.029097418851590416,0.371746811085254,7.2361156036714815,-11.063927860703629,1.6030245268145311,-15.479888014573566,-13.98430010709781,-11.425433233244098,-9.063773164189254,-7.549046520597336,0
191,ROI 192,rect,90,151701.0107421875,344292.38392658357,9576082.234394824,-64.4022832411057,-3.8341066774402695,power,vegetation,gamma0,47.16159439086914,NISAR_S2_PR_GCOV_026_097_D_090_1000_DVNA_A_20260726T224133_20260726T224205_P00500_M_P_I_001_gcov.tif,Band 2: VVVV,90,0.31771620362997055,0.09993155119306295,0.31453086135149916,10.108191742275496,-4.979606354478555,1.452874045693609,-10.07930852122442,-7.533993899796147,-5.1383113722500715,-3.2666101729687833,-1.7467989623737348,0
191,ROI 192,rect,90,151701.0107421875,344292.38392658357,9576082.234394824,-64.4022832411057,-3.8341066774402695,power,vegetation,sigma0,47.16159439086914,NISAR_S2_PR_GCOV_026_097_D_090_1000_DVNA_A_20260726T224133_20260726T224205_P00500_M_P_I_001_gcov.tif,Band 1: VHVH,90,0.05366971919673896,0.020577202913659724,0.3834043334236416,6.802772785434888,-12.70270676962374,1.6325042347427716,-17.344655190724737,-15.693749619257122,-13.132744887677578,-10.780340996671473,-8.804114911319303,0
191,ROI 192,rect,90,151701.0107421875,344292.38392658357,9576082.234394824,-64.4022832411057,-3.8341066774402695,power,vegetation,sigma0,47.16159439086914,NISAR_S2_PR_GCOV_026_097_D_090_1000_DVNA_A_20260726T224133_20260726T224205_P00500_M_P_I_001_gcov.tif,Band 2: VVVV,90,0.21736385017608184,0.0705786623230896,0.32470285314653435,9.484791544658728,-6.628126818434895,1.441038512390943,-11.26881256208312,-9.099991463045367,-6.735981266109583,-4.864923299210661,-2.8515324114372005,0
192,ROI 193,rect,912,1438350.4711914062,283030.71808092,9619388.504051728,-64.9529691235721,-3.4414612201784407,power,vegetation,gamma0,43.84123229980469,NISAR_S2_PR_GCOV_026_097_D_090_1000_DVNA_A_20260726T224133_20260726T224205_P00500_M_P_I_001_gcov.tif,Band 1: VHVH,912,0.07598501459793433,0.02653441656374812,0.3492059151946187,8.200433606974736,-11.192720487603934,1.5172099017099632,-17.09662155114294,-14.020209051207004,-11.418508377783276,-8.984732435432415,-7.510507064027089,0
192,ROI 193,rect,912,1438350.4711914062,283030.71808092,9619388.504051728,-64.9529691235721,-3.4414612201784407,power,vegetation,gamma0,43.84123229980469,NISAR_S2_PR_GCOV_026_097_D_090_1000_DVNA_A_20260726T224133_20260726T224205_P00500_M_P_I_001_gcov.tif,Band 2: VVVV,912,0.3179048847880933,0.12519445131825505,0.3938110337678713,6.447988288608654,-4.977027988539733,1.631058371464643,-10.542266796624954,-7.94388096521174,-5.309979801097078,-2.6504068816767035,0.6456280225309403,0
192,ROI 193,rect,912,1438350.4711914062,283030.71808092,9619388.504051728,-64.9529691235721,-3.4414612201784407,power,vegetation,sigma0,43.84123229980469,NISAR_S2_PR_GCOV_026_097_D_090_1000_DVNA_A_20260726T224133_20260726T224205_P00500_M_P_I_001_gcov.tif,Band 1: VHVH,912,0.05472430383512856,0.01907887262584769,0.3486361870098492,8.22725718838074,-12.618197545199255,1.51102767302133,-18.487027801744755,-15.371166544737491,-12.828853457698353,-10.404958888219262,-8.887906394105428,0
192,ROI 193,rect,912,1438350.4711914062,283030.71808092,9619388.504051728,-64.9529691235721,-3.4414612201784407,power,vegetation,sigma0,43.84123229980469,NISAR_S2_PR_GCOV_026_097_D_090_1000_DVNA_A_20260726T224133_20260726T224205_P00500_M_P_I_001_gcov.tif,Band 2: VVVV,912,0.22878135973391986,0.08938904743018009,0.3907182278055452,6.5504729134634845,-6.4057936315908846,1.617431223964256,-11.894108421231763,-9.392088730070506,-6.712834242381768,-4.131088975629568,-0.9912780081254771,0
