roi,name,kind,npix,area_m2,cx,cy,lon,lat,domain,class,backscat,inc_deg,src,band,n,mean,std,cv,enl,mean_db,sdev_db,min_db,p5_db,med_db,p95_db,max_db,nonpos
1,ROI 1,point,900,90000.0,1963792.674,719896.2907,69.86783793625509,-70.92090488160312,power,new ice,gamma0,46.61245346069336,NISAR_S2_PR_GCOV_030_091_D_123_3700_SHNA_A_20260912T130051_20260912T130131_P00500_M_F_I_001_gcov.tif,Band 1: HHHH,900,0.8452692070106665,0.5549381700889436,0.6565224019593805,2.3200689962607255,-0.7300495199789423,2.7152170992801428,-11.097576905121336,-6.201191743435509,-1.492263669997294,2.8062644359437483,6.2035809161912905,0
1,ROI 1,point,900,90000.0,1963792.674,719896.2907,69.86783793625509,-70.92090488160312,power,new ice,sigma0,46.61245346069336,NISAR_S2_PR_GCOV_030_091_D_123_3700_SHNA_A_20260912T130051_20260912T130131_P00500_M_F_I_001_gcov.tif,Band 1: HHHH,900,0.5716089256675595,0.37523106430808,0.6564471747355283,2.3206007750753503,-2.429009983242033,2.71172385177665,-12.680373057159414,-7.942897948777604,-3.182650762112628,1.1321500805956421,4.528258558680641,0
2,ROI 2,point,900,90000.00024414062,1965797.7892225247,720146.9295486755,69.88028501271518,-70.90326254171285,power,new ice,gamma0,46.61917495727539,NISAR_S2_PR_GCOV_030_091_D_123_3700_SHNA_A_20260912T130051_20260912T130131_P00500_M_F_I_001_gcov.tif,Band 1: HHHH,900,0.8247080535855558,0.48930942580559506,0.593312292366057,2.8407519111965978,-0.8369976436655441,2.5981385768581915,-11.256831903457055,-6.033260694572077,-1.3964310957936241,2.6557338961477424,5.757755531587958,0
2,ROI 2,point,900,90000.00024414062,1965797.7892225247,720146.9295486755,69.88028501271518,-70.90326254171285,power,new ice,sigma0,46.61917495727539,NISAR_S2_PR_GCOV_030_091_D_123_3700_SHNA_A_20260912T130051_20260912T130131_P00500_M_F_I_001_gcov.tif,Band 1: HHHH,900,0.5577667986235004,0.33070662662084005,0.5929119973382839,2.844588982231864,-2.5354734091929036,2.5940281357597343,-12.967284161885388,-7.739119726837983,-3.12071069647925,0.9251652978674549,4.076544135859949,0
3,ROI 3,point,900,90000.0,1967502.1400002316,720247.186,69.89374294003376,-70.88861393698443,power,new ice,gamma0,46.6300163269043,NISAR_S2_PR_GCOV_030_091_D_123_3700_SHNA_A_20260912T130051_20260912T130131_P00500_M_F_I_001_gcov.tif,Band 1: HHHH,900,0.8782583137684398,0.572654231506663,0.6520339432364862,2.3521206287706127,-0.5637773039825653,2.6442766192232257,-9.483276074211933,-5.748281123645601,-1.3891134603130126,2.9612358781237447,6.969845542866082,0
3,ROI 3,point,900,90000.0,1967502.1400002316,720247.186,69.89374294003376,-70.88861393698443,power,new ice,sigma0,46.6300163269043,NISAR_S2_PR_GCOV_030_091_D_123_3700_SHNA_A_20260912T130051_20260912T130131_P00500_M_F_I_001_gcov.tif,Band 1: HHHH,900,0.5947208641902569,0.3888102708501961,0.6537693466994492,2.3396499899521155,-2.2568682517357934,2.6424705738668877,-11.141276257013972,-7.416914642002574,-3.1050424092052116,1.25932448625247,5.3604623158352025,0
4,ROI 4,point,900,90000.0,1969457.128,720748.4651,69.89924307666092,-70.8706215155364,power,new ice,gamma0,46.62507247924805,NISAR_S2_PR_GCOV_030_091_D_123_3700_SHNA_A_20260912T130051_20260912T130131_P00500_M_F_I_001_gcov.tif,Band 1: HHHH,900,0.8629603504555093,0.5669579861365383,0.6569919299736915,2.316754044936434,-0.64009157904676,2.7318040054333164,-11.509912380895484,-6.229970574616564,-1.3747552208968252,2.845437137526121,5.698156625899317,0
4,ROI 4,point,900,90000.0,1969457.128,720748.4651,69.89924307666092,-70.8706215155364,power,new ice,sigma0,46.62507247924805,NISAR_S2_PR_GCOV_030_091_D_123_3700_SHNA_A_20260912T130051_20260912T130131_P00500_M_F_I_001_gcov.tif,Band 1: HHHH,900,0.5844216547097714,0.3838403938527956,0.6567867408051707,2.3182018424119293,-2.3327370042643896,2.7315180247229645,-13.327939902506076,-7.888172137081035,-3.0376119711374954,1.200529131774191,3.993301995965097,0
5,ROI 5,point,900,90000.0,1971211.6049997685,721049.2326001157,69.90799234992048,-70.85493401407881,power,new ice,gamma0,46.62739181518555,NISAR_S2_PR_GCOV_030_091_D_123_3700_SHNA_A_20260912T130051_20260912T130131_P00500_M_F_I_001_gcov.tif,Band 1: HHHH,900,0.8488394169840547,0.5186253687063413,0.6109817220187874,2.678820190695248,-0.7117446159823303,2.6573273732688416,-11.37726884290589,-6.3371729026386205,-1.4257797323333452,2.730614710604527,5.668057600047636,0
5,ROI 5,point,900,90000.0,1971211.6049997685,721049.2326001157,69.90799234992048,-70.85493401407881,power,new ice,sigma0,46.62739181518555,NISAR_S2_PR_GCOV_030_091_D_123_3700_SHNA_A_20260912T130051_20260912T130131_P00500_M_F_I_001_gcov.tif,Band 1: HHHH,900,0.5734711730277128,0.35018644592535175,0.6106435029270932,2.681788466095642,-2.4148840811955488,2.6508859960363087,-13.030714711211678,-8.025932854375355,-3.1082655840074285,0.9977774918687419,4.034249292342269,0
6,ROI 6,point,900,90000.0,1972615.186,721350.0,69.91344013530986,-70.8421991343025,power,new ice,gamma0,46.626487731933594,NISAR_S2_PR_GCOV_030_091_D_123_3700_SHNA_A_20260912T130051_20260912T130131_P00500_M_F_I_001_gcov.tif,Band 1: HHHH,900,0.8551914626277155,0.49839410430228087,0.5827865759684779,2.94429228409961,-0.6793664333737498,2.5698727798564605,-11.264710211579619,-5.685423321800226,-1.2466644982439592,2.6436920223317,4.845155576156451,0
6,ROI 6,point,900,90000.0,1972615.186,721350.0,69.91344013530986,-70.8421991343025,power,new ice,sigma0,46.626487731933594,NISAR_S2_PR_GCOV_030_091_D_123_3700_SHNA_A_20260912T130051_20260912T130131_P00500_M_F_I_001_gcov.tif,Band 1: HHHH,900,0.5775546464254501,0.336920328377956,0.5833566234177032,2.9385408579843775,-2.38406917897742,2.5682179694619496,-13.077348730293984,-7.417708012563347,-2.9467740156344258,0.9231530928062313,3.181018969704495,0
7,ROI 7,point,900,90000.0,1974018.7669997686,721550.5115998843,69.92144746399096,-70.82977289623537,power,new ice,gamma0,46.62961196899414,NISAR_S2_PR_GCOV_030_091_D_123_3700_SHNA_A_20260912T130051_20260912T130131_P00500_M_F_I_001_gcov.tif,Band 1: HHHH,900,0.8558659353852272,0.5098057040849366,0.5956607022284068,2.81839657037786,-0.67594258783481,2.5764254877081454,-10.896890293406333,-5.627986881848086,-1.2877545407149356,2.7354670227072826,5.084305495416871,0
7,ROI 7,point,900,90000.0,1974018.7669997686,721550.5115998843,69.92144746399096,-70.82977289623537,power,new ice,sigma0,46.62961196899414,NISAR_S2_PR_GCOV_030_091_D_123_3700_SHNA_A_20260912T130051_20260912T130131_P00500_M_F_I_001_gcov.tif,Band 1: HHHH,900,0.5761080213364365,0.34257323257259903,0.5946336795969425,2.8281405752378164,-2.3949607791025525,2.573657401352754,-12.843952687613347,-7.28809656960401,-3.0071113355037293,0.9841103881641339,3.3397364127356615,0
8,ROI 8,point,900,90000.0,1975723.1160002316,721851.2791,69.92969072085812,-70.81450787487434,power,new ice,gamma0,46.6314811706543,NISAR_S2_PR_GCOV_030_091_D_123_3700_SHNA_A_20260912T130051_20260912T130131_P00500_M_F_I_001_gcov.tif,Band 1: HHHH,900,0.85345453761518,0.5498873864817412,0.6443077659629056,2.408869473124507,-0.6881960822086107,2.6151256282912203,-10.64845248956664,-5.961128055944876,-1.4492880404278432,2.863471320183239,7.469459003356481,0
8,ROI 8,point,900,90000.0,1975723.1160002316,721851.2791,69.92969072085812,-70.81450787487434,power,new ice,sigma0,46.6314811706543,NISAR_S2_PR_GCOV_030_091_D_123_3700_SHNA_A_20260912T130051_20260912T130131_P00500_M_F_I_001_gcov.tif,Band 1: HHHH,900,0.5727889212704752,0.36812541791498593,0.6426894869028976,2.4210157145967846,-2.4200539062623005,2.6106363634295167,-12.328637357812052,-7.664703159879309,-3.171414824801056,1.1053983250318002,5.638627339573253,0
9,ROI 9,point,900,90000.0,1977327.2089988426,722452.814,69.92929543745848,-70.79916227544548,power,new ice,gamma0,46.61893844604492,NISAR_S2_PR_GCOV_030_091_D_123_3700_SHNA_A_20260912T130051_20260912T130131_P00500_M_F_I_001_gcov.tif,Band 1: HHHH,900,0.8559815669639244,0.5207075358946683,0.6083162955734697,2.70234690250526,-0.6753558748645316,2.6455923858969377,-9.817457863076841,-5.918073267812955,-1.4143664663017028,2.852878412864081,5.2574147222838,0
9,ROI 9,point,900,90000.0,1977327.2089988426,722452.814,69.92929543745848,-70.79916227544548,power,new ice,sigma0,46.61893844604492,NISAR_S2_PR_GCOV_030_091_D_123_3700_SHNA_A_20260912T130051_20260912T130131_P00500_M_F_I_001_gcov.tif,Band 1: HHHH,900,0.576268622712624,0.351947533027569,0.6107352008354611,2.6809832204459143,-2.393750267031242,2.6482226400146476,-11.547900054047442,-7.609379925952485,-3.1539348039951056,1.1438558261266536,3.75483527486833,0
10,ROI 10,point,900,89999.99975585938,1978680.6647885796,722954.093653731,69.92912249644083,-70.78623418564459,power,new ice,gamma0,46.608665466308594,NISAR_S2_PR_GCOV_030_091_D_123_3700_SHNA_A_20260912T130051_20260912T130131_P00500_M_F_I_001_gcov.tif,Band 1: HHHH,900,0.917019179198477,0.5911498102732402,0.6446427988452066,2.4063662550182277,-0.37621581087927075,2.634748357317212,-8.852605042308157,-5.699165495904333,-1.1200606633401256,3.055878243887576,7.2053509378727245,0
10,ROI 10,point,900,89999.99975585938,1978680.6647885796,722954.093653731,69.92912249644083,-70.78623418564459,power,new ice,sigma0,46.608665466308594,NISAR_S2_PR_GCOV_030_091_D_123_3700_SHNA_A_20260912T130051_20260912T130131_P00500_M_F_I_001_gcov.tif,Band 1: HHHH,900,0.6173757411953728,0.39752870404642426,0.6439007520391437,2.4119157602591756,-2.0945043943437645,2.633723758079417,-10.661299823227907,-7.493979676283463,-2.815959677740098,1.2956816936153306,5.533904783228708,0
11,ROI 11,point,900,90000.0,1980435.1400002316,723254.8604998842,69.93780786226613,-70.77054896393395,power,new ice,gamma0,46.61084747314453,NISAR_S2_PR_GCOV_030_091_D_123_3700_SHNA_A_20260912T130051_20260912T130131_P00500_M_F_I_001_gcov.tif,Band 1: HHHH,900,0.8906566297097338,0.5647726109374166,0.6341081311228511,2.4869860870416516,-0.5028969502495535,2.685907430690102,-10.834058803751335,-5.812488166105981,-1.229227641890459,3.1256685093113763,6.247610887142613,0
11,ROI 11,point,900,90000.0,1980435.1400002316,723254.8604998842,69.93780786226613,-70.77054896393395,power,new ice,sigma0,46.61084747314453,NISAR_S2_PR_GCOV_030_091_D_123_3700_SHNA_A_20260912T130051_20260912T130131_P00500_M_F_I_001_gcov.tif,Band 1: HHHH,900,0.6004317861314465,0.3807489880615571,0.6341253025838368,2.4868513988146237,-2.2153632479638214,2.6854043294952623,-12.661751838420985,-7.5649840745265635,-2.922772534340605,1.391173057354218,4.634360317659328,0
12,ROI 12,point,900,89999.99975585938,1982239.7457924471,723856.3959543268,69.93927447547813,-70.75351839162768,power,new ice,gamma0,46.600032806396484,NISAR_S2_PR_GCOV_030_091_D_123_3700_SHNA_A_20260912T130051_20260912T130131_P00500_M_F_I_001_gcov.tif,Band 1: HHHH,900,0.8862431571880977,0.5706124366690967,0.6438553934560749,2.412255603447706,-0.5244710504658954,2.6729516612669215,-11.57878900917109,-5.742722479993718,-1.3195484182468042,3.08396495524826,6.384791071561329,0
12,ROI 12,point,900,89999.99975585938,1982239.7457924471,723856.3959543268,69.93927447547813,-70.75351839162768,power,new ice,sigma0,46.600032806396484,NISAR_S2_PR_GCOV_030_091_D_123_3700_SHNA_A_20260912T130051_20260912T130131_P00500_M_F_I_001_gcov.tif,Band 1: HHHH,900,0.5991778288950599,0.38657248328393673,0.6451715411379835,2.4024236563090993,-2.224442650126551,2.6739069207197925,-13.215103427107021,-7.506341696707464,-3.0355139666975757,1.393065182205489,4.661687875949196,0
13,ROI 13,point,900,89999.99975585938,1985748.699795716,719745.9076506996,70.07666347689067,-70.73657176791033,power,new ice,gamma0,46.81501388549805,NISAR_S2_PR_GCOV_030_091_D_123_3700_SHNA_A_20260912T130051_20260912T130131_P00500_M_F_I_001_gcov.tif,Band 1: HHHH,900,0.7912854405326976,0.4657935783877744,0.5886543016312795,2.8858872270636002,-1.0166682511601444,2.4646905821121217,-10.981295062967725,-5.6726258043246345,-1.7124936165626405,2.172887907705992,5.570549174464599,0
13,ROI 13,point,900,89999.99975585938,1985748.699795716,719745.9076506996,70.07666347689067,-70.73657176791033,power,new ice,sigma0,46.81501388549805,NISAR_S2_PR_GCOV_030_091_D_123_3700_SHNA_A_20260912T130051_20260912T130131_P00500_M_F_I_001_gcov.tif,Band 1: HHHH,900,0.533328695450087,0.3147493427893388,0.590160149781019,2.871178800189386,-2.7300504871847413,2.4643456477924253,-12.636218120374739,-7.340038253939037,-3.4478906337568525,0.44253481242953024,3.818554327457002,0
14,ROI 14,point,900,90000.0,1988355.3490002316,720247.186,70.0879604781621,-70.71309455144986,power,new ice,gamma0,46.815860748291016,NISAR_S2_PR_GCOV_030_091_D_123_3700_SHNA_A_20260912T130051_20260912T130131_P00500_M_F_I_001_gcov.tif,Band 1: HHHH,900,0.7767096846964624,0.4743984440153388,0.6107796173556577,2.68059330692501,-1.0974127964782125,2.703919084614752,-11.186062058848744,-6.415338604191106,-1.7807901571757767,2.3242244740229925,4.971339652725467,0
14,ROI 14,point,900,90000.0,1988355.3490002316,720247.186,70.0879604781621,-70.71309455144986,power,new ice,sigma0,46.815860748291016,NISAR_S2_PR_GCOV_030_091_D_123_3700_SHNA_A_20260912T130051_20260912T130131_P00500_M_F_I_001_gcov.tif,Band 1: HHHH,900,0.5223758944659492,0.3190740328758991,0.6108130873881619,2.680299544106774,-2.82016872203822,2.7032486756371794,-12.825025230945982,-8.128433882587077,-3.5097560273562904,0.5747680777114205,3.187720951474946,0
15,ROI 15,point,900,90000.00024414062,1990410.5912004341,720547.9528485136,70.0992523241273,-70.69487224657044,power,new ice,gamma0,46.82074737548828,NISAR_S2_PR_GCOV_030_091_D_123_3700_SHNA_A_20260912T130051_20260912T130131_P00500_M_F_I_001_gcov.tif,Band 1: HHHH,900,0.7959712954362234,0.48780929783249805,0.6128478509581925,2.6625309507798116,-0.9910259364227005,2.5747191509970704,-10.727009664941525,-5.969917773616532,-1.6246285166875922,2.4638071285644876,5.669341276760202,0
15,ROI 15,point,900,90000.00024414062,1990410.5912004341,720547.9528485136,70.0992523241273,-70.69487224657044,power,new ice,sigma0,46.82074737548828,NISAR_S2_PR_GCOV_030_091_D_123_3700_SHNA_A_20260912T130051_20260912T130131_P00500_M_F_I_001_gcov.tif,Band 1: HHHH,900,0.5351271181065151,0.32795619011760413,0.6128566073759051,2.662454867512236,-2.715430401571182,2.572346724400615,-12.50932916886268,-7.687495483712169,-3.3323256527015714,0.719448743031683,3.9142174590810805,0
16,ROI 16,point,900,90000.0,1992515.9649997684,720898.8487998842,70.10970901164097,-70.67607532006998,power,new ice,gamma0,46.82375717163086,NISAR_S2_PR_GCOV_030_091_D_123_3700_SHNA_A_20260912T130051_20260912T130131_P00500_M_F_I_001_gcov.tif,Band 1: HHHH,900,0.743060705570711,0.45538925135638836,0.6128560532704049,2.6624596819594295,-1.2897570438555908,2.54188754425293,-11.021734651166977,-6.3855586751658775,-1.8686974921721893,2.0251098854914487,6.018234068066885,0
16,ROI 16,point,900,90000.0,1992515.9649997684,720898.8487998842,70.10970901164097,-70.67607532006998,power,new ice,sigma0,46.82375717163086,NISAR_S2_PR_GCOV_030_091_D_123_3700_SHNA_A_20260912T130051_20260912T130131_P00500_M_F_I_001_gcov.tif,Band 1: HHHH,900,0.5003932579832373,0.3057805424362569,0.6110804603336607,2.6779545736790684,-3.006885503783021,2.5406926520818027,-12.753643044973126,-8.08473507781429,-3.556322403471355,0.30959834641547535,4.250902711225482,0
17,ROI 17,point,900,90000.0,1994069.93,721450.2558002315,70.10998398606372,-70.66131103565225,power,new ice,gamma0,46.81254577636719,NISAR_S2_PR_GCOV_030_091_D_123_3700_SHNA_A_20260912T130051_20260912T130131_P00500_M_F_I_001_gcov.tif,Band 1: HHHH,900,0.7371971747941441,0.45514477435534123,0.6173989672199116,2.623422280658528,-1.3241633782310016,2.5765724598518718,-12.858980084404411,-6.257491260073539,-2.165812155690529,2.2257053316200586,5.578072194529998,0
17,ROI 17,point,900,90000.0,1994069.93,721450.2558002315,70.10998398606372,-70.66131103565225,power,new ice,sigma0,46.81254577636719,NISAR_S2_PR_GCOV_030_091_D_123_3700_SHNA_A_20260912T130051_20260912T130131_P00500_M_F_I_001_gcov.tif,Band 1: HHHH,900,0.4955832008208868,0.3056930244330124,0.6168349208097869,2.6282222957620838,-3.04883423672979,2.5737070588903452,-14.537940146007784,-7.991515159214049,-3.900848418652228,0.5526783790715438,3.828497342143407,0
18,ROI 18,point,900,90000.0,1995974.7909997685,721751.0233,70.11984356833072,-70.6443562085434,power,new ice,gamma0,46.81610107421875,NISAR_S2_PR_GCOV_030_091_D_123_3700_SHNA_A_20260912T130051_20260912T130131_P00500_M_F_I_001_gcov.tif,Band 1: HHHH,900,0.7666575336290731,0.48746262851856803,0.6358283942128636,2.4735469802614367,-1.1539859233440275,2.618387218970074,-9.691239016317763,-6.281078284023342,-1.9990834233428325,2.236386451620041,6.513811314530341,0
18,ROI 18,point,900,90000.0,1995974.7909997685,721751.0233,70.11984356833072,-70.6443562085434,power,new ice,sigma0,46.81610107421875,NISAR_S2_PR_GCOV_030_091_D_123_3700_SHNA_A_20260912T130051_20260912T130131_P00500_M_F_I_001_gcov.tif,Band 1: HHHH,900,0.5155000002693089,0.32895269358266677,0.6381235565680202,2.4557855853952164,-2.8777133015357936,2.624741791276726,-11.439991499030091,-8.031023221736236,-3.717747996368195,0.5254352659603455,4.808211083112427,0
19,ROI 19,point,900,90000.0,1998380.9300002314,722252.3022998843,70.12919500600009,-70.62257067445525,power,new ice,gamma0,46.815181732177734,NISAR_S2_PR_GCOV_030_091_D_123_3700_SHNA_A_20260912T130051_20260912T130131_P00500_M_F_I_001_gcov.tif,Band 1: HHHH,900,0.7157367024570703,0.4451780268892932,0.6219857461005289,2.5848725562434565,-1.4524671191015515,2.6602687673042777,-11.83650781971513,-6.748568831122698,-2.166045310626988,1.8836737909732684,5.859194312815436,0
19,ROI 19,point,900,90000.0,1998380.9300002314,722252.3022998843,70.12919500600009,-70.62257067445525,power,new ice,sigma0,46.815181732177734,NISAR_S2_PR_GCOV_030_091_D_123_3700_SHNA_A_20260912T130051_20260912T130131_P00500_M_F_I_001_gcov.tif,Band 1: HHHH,900,0.48220197804751685,0.29985178729826395,0.6218385675487962,2.5860962912790657,-3.167710124294081,2.6524442403121085,-13.494880491765658,-8.420935532873248,-3.84780801380137,0.17479243749916457,4.123281612884577,0
20,ROI 20,point,900,89999.99975585938,1999985.0248074825,722553.0704535692,70.13626425128382,-70.6081491002135,power,new ice,gamma0,46.81596755981445,NISAR_S2_PR_GCOV_030_091_D_123_3700_SHNA_A_20260912T130051_20260912T130131_P00500_M_F_I_001_gcov.tif,Band 1: HHHH,900,0.7081108393768469,0.42934655129284754,0.6063267604697055,2.7201103764871015,-1.4989875761792866,2.5758733465580885,-10.071589699775762,-6.573847623252917,-2.206780010093896,1.7829839779775356,5.553530478181572,0
20,ROI 20,point,900,89999.99975585938,1999985.0248074825,722553.0704535692,70.13626425128382,-70.6081491002135,power,new ice,sigma0,46.81596755981445,NISAR_S2_PR_GCOV_030_091_D_123_3700_SHNA_A_20260912T130051_20260912T130131_P00500_M_F_I_001_gcov.tif,Band 1: HHHH,900,0.4774775557015881,0.28894854263009495,0.6051562825932718,2.7306428889944367,-3.210470380363411,2.5757855472475595,-11.802908005041324,-8.274913762907035,-3.860243116546846,0.06832822898099859,3.7538205231152872,0
21,ROI 21,point,900,90000.0,2001940.012,722903.9651,70.14526205167736,-70.5906208851265,power,new ice,gamma0,46.817684173583984,NISAR_S2_PR_GCOV_030_091_D_123_3700_SHNA_A_20260912T130051_20260912T130131_P00500_M_F_I_001_gcov.tif,Band 1: HHHH,900,0.7090208630512158,0.4265233414129914,0.6015667008407646,2.7633279096611605,-1.4934098544498564,2.5105874885655894,-9.34432659920056,-6.534182881762237,-2.1411046632641764,1.7993138894972296,5.353969960531828,0
21,ROI 21,point,900,90000.0,2001940.012,722903.9651,70.14526205167736,-70.5906208851265,power,new ice,sigma0,46.817684173583984,NISAR_S2_PR_GCOV_030_091_D_123_3700_SHNA_A_20260912T130051_20260912T130131_P00500_M_F_I_001_gcov.tif,Band 1: HHHH,900,0.4781934997049858,0.2880788339859009,0.6024315139449339,2.755399881875934,-3.2039633173643542,2.5139408968696317,-11.134678157136662,-8.247668973542083,-3.8687858515550033,0.14263936923661472,3.6501328987928803,0
22,ROI 22,point,900,90000.0,2003544.1050002314,723004.2209,70.15738054756902,-70.5768093419547,power,new ice,gamma0,46.827362060546875,NISAR_S2_PR_GCOV_030_091_D_123_3700_SHNA_A_20260912T130051_20260912T130131_P00500_M_F_I_001_gcov.tif,Band 1: HHHH,900,0.7309473615636428,0.446669942113004,0.6110835958932631,2.6779270917938014,-1.3611389719476208,2.567075507738758,-10.140094370145928,-6.300708657118367,-2.0149944354379437,2.2394546853248984,4.317938411262691,0
22,ROI 22,point,900,90000.0,2003544.1050002314,723004.2209,70.15738054756902,-70.5768093419547,power,new ice,sigma0,46.827362060546875,NISAR_S2_PR_GCOV_030_091_D_123_3700_SHNA_A_20260912T130051_20260912T130131_P00500_M_F_I_001_gcov.tif,Band 1: HHHH,900,0.4915228691275956,0.3004901976959843,0.61134530368714,2.67563482135756,-3.084562709043479,2.5630899873423005,-11.81716725315473,-8.002125896174315,-3.7665620504152715,0.5056011488930958,2.509882612536436,0
23,ROI 23,point,900,90000.0,2005298.581,723154.6047001157,70.16958525830879,-70.56157894770936,power,new ice,gamma0,46.83612823486328,NISAR_S2_PR_GCOV_030_091_D_123_3700_SHNA_A_20260912T130051_20260912T130131_P00500_M_F_I_001_gcov.tif,Band 1: HHHH,900,0.7104223901364538,0.4402584608147065,0.61971366179794,2.6038613732849787,-1.4848335950496674,2.5816917128211725,-10.577586735197709,-6.430287134267308,-2.156178718947252,2.0148370441649996,4.375827832946287,0
23,ROI 23,point,900,90000.0,2005298.581,723154.6047001157,70.16958525830879,-70.56157894770936,power,new ice,sigma0,46.83612823486328,NISAR_S2_PR_GCOV_030_091_D_123_3700_SHNA_A_20260912T130051_20260912T130131_P00500_M_F_I_001_gcov.tif,Band 1: HHHH,900,0.47847152280028593,0.2962622703716415,0.619184750301851,2.608311742663537,-3.20143905031812,2.584528354400149,-12.262073738960932,-8.146242016489229,-3.8635457741708903,0.33034969165435146,2.6071721928737865,0
24,ROI 24,point,900,90000.0,2007153.314,723555.6279001158,70.1763512208155,-70.54474339067774,power,new ice,gamma0,46.834720611572266,NISAR_S2_PR_GCOV_030_091_D_123_3700_SHNA_A_20260912T130051_20260912T130131_P00500_M_F_I_001_gcov.tif,Band 1: HHHH,900,0.7232787395185895,0.47633487051707346,0.658577177084065,2.3056142495384817,-1.406943006231418,2.7181882060759732,-11.645680991693403,-6.738430231610646,-2.2631799627882185,2.212161185159433,5.368071547611116,0
24,ROI 24,point,900,90000.0,2007153.314,723555.6279001158,70.1763512208155,-70.54474339067774,power,new ice,sigma0,46.834720611572266,NISAR_S2_PR_GCOV_030_091_D_123_3700_SHNA_A_20260912T130051_20260912T130131_P00500_M_F_I_001_gcov.tif,Band 1: HHHH,900,0.48770136329536246,0.3210639098887713,0.6583207143801403,2.30741100066359,-3.1184603040222987,2.709835591750102,-13.508104625108988,-8.438975269104832,-3.9775698719440626,0.4596984673393118,3.6791914514071795,0
25,ROI 25,point,900,90000.0,2010110.8599997684,724006.7791,70.19186677296517,-70.51846988939991,power,new ice,gamma0,46.84079360961914,NISAR_S2_PR_GCOV_030_091_D_123_3700_SHNA_A_20260912T130051_20260912T130131_P00500_M_F_I_001_gcov.tif,Band 1: HHHH,900,0.6987723548544778,0.4175317176143566,0.597521803365145,2.8008669932786927,-1.5566428510245045,2.6122110709873922,-12.433997793491773,-6.952617766135633,-2.1783884084584466,1.9183522836914744,4.38936146898267,0
25,ROI 25,point,900,90000.0,2010110.8599997684,724006.7791,70.19186677296517,-70.51846988939991,power,new ice,sigma0,46.84079360961914,NISAR_S2_PR_GCOV_030_091_D_123_3700_SHNA_A_20260912T130051_20260912T130131_P00500_M_F_I_001_gcov.tif,Band 1: HHHH,900,0.4707111230795704,0.28164145855373385,0.5983318531143449,2.793288236568642,-3.2724553903140126,2.6137503200122385,-14.22258270487374,-8.722639863832075,-3.851642594273503,0.20463746264635774,2.777220172486441,0
26,ROI 26,point,900,90000.0,2011113.4190002314,724457.9302001158,70.1895960020313,-70.50865933020053,power,new ice,gamma0,46.82958221435547,NISAR_S2_PR_GCOV_030_091_D_123_3700_SHNA_A_20260912T130051_20260912T130131_P00500_M_F_I_001_gcov.tif,Band 1: HHHH,900,0.7351863854461246,0.4777344651650574,0.6498140806499829,2.3682184735413925,-1.3360254403267524,2.7186950835474772,-11.434421402359948,-6.833593815080345,-2.054833703553434,2.0831901589820983,5.950958491971058,0
26,ROI 26,point,900,90000.0,2011113.4190002314,724457.9302001158,70.1895960020313,-70.50865933020053,power,new ice,sigma0,46.82958221435547,NISAR_S2_PR_GCOV_030_091_D_123_3700_SHNA_A_20260912T130051_20260912T130131_P00500_M_F_I_001_gcov.tif,Band 1: HHHH,900,0.4955280304545168,0.3218975573276134,0.6496051434917959,2.3697421326972425,-3.049317738176403,2.719730543357309,-13.113522447757685,-8.613494583123181,-3.739625589020479,0.43978044390967685,4.180676990047108,0
27,ROI 27,point,900,90000.0,2014321.605,724909.0813998843,70.20733589511596,-70.48027682012165,power,new ice,gamma0,46.83785629272461,NISAR_S2_PR_GCOV_030_091_D_123_3700_SHNA_A_20260912T130051_20260912T130131_P00500_M_F_I_001_gcov.tif,Band 1: HHHH,900,0.708865670123034,0.4237495864750469,0.5977854540501291,2.798396917598103,-1.494360557218124,2.479803373343385,-10.468304767834173,-6.238320647178657,-2.26776189737429,1.8477204408407015,6.149267582064702,0
27,ROI 27,point,900,90000.0,2014321.605,724909.0813998843,70.20733589511596,-70.48027682012165,power,new ice,sigma0,46.83785629272461,NISAR_S2_PR_GCOV_030_091_D_123_3700_SHNA_A_20260912T130051_20260912T130131_P00500_M_F_I_001_gcov.tif,Band 1: HHHH,900,0.4773126337981009,0.28491602452246234,0.5969169981010378,2.8065456296369127,-3.211970703138603,2.4765994567277896,-12.310650863900301,-7.95070472696079,-3.958234623572033,0.10437875387388428,4.530176650413587,0
28,ROI 28,point,900,90000.0,2015825.442,725460.4884,70.20707897513789,-70.46594280464882,power,new ice,gamma0,46.82616424560547,NISAR_S2_PR_GCOV_030_091_D_123_3700_SHNA_A_20260912T130051_20260912T130131_P00500_M_F_I_001_gcov.tif,Band 1: HHHH,900,0.716145289738973,0.42890732074285876,0.598911040662141,2.7878882510119185,-1.4499886019096397,2.6783063827074187,-11.963611660828189,-6.95459137541188,-2.0973872018421846,1.973861468911573,4.379517102910864,0
28,ROI 28,point,900,90000.0,2015825.442,725460.4884,70.20707897513789,-70.46594280464882,power,new ice,sigma0,46.82616424560547,NISAR_S2_PR_GCOV_030_091_D_123_3700_SHNA_A_20260912T130051_20260912T130131_P00500_M_F_I_001_gcov.tif,Band 1: HHHH,900,0.4817459865022195,0.28821580396691293,0.598273388969033,2.793834191617557,-3.1718189482964476,2.674970543389824,-13.686717935831602,-8.701480387732666,-3.840341301379833,0.19876622791308016,2.646261618390149,0
29,ROI 29,point,900,90000.0,2017429.535,725460.4884,70.22159547931429,-70.45243548884082,power,new ice,gamma0,46.840248107910156,NISAR_S2_PR_GCOV_030_091_D_123_3700_SHNA_A_20260912T130051_20260912T130131_P00500_M_F_I_001_gcov.tif,Band 1: HHHH,900,0.7360939139955573,0.4631132722445133,0.6291497096215748,2.5263411670212244,-1.330667729884705,2.651942611195825,-10.429133103140266,-6.632943575913044,-1.9552873200091243,1.980601071748331,5.788811685718496,0
29,ROI 29,point,900,90000.0,2017429.535,725460.4884,70.22159547931429,-70.45243548884082,power,new ice,sigma0,46.840248107910156,NISAR_S2_PR_GCOV_030_091_D_123_3700_SHNA_A_20260912T130051_20260912T130131_P00500_M_F_I_001_gcov.tif,Band 1: HHHH,900,0.4953841396047849,0.30886351586804534,0.6234828513372576,2.57247388281051,-3.0505790205455647,2.6372435805858667,-12.022322500068356,-8.235350130099572,-3.6954835050398986,0.26142166619300944,3.810928594602163,0
30,ROI 30,point,900,90000.0,2020036.186,725961.7674,70.23254840091067,-70.42896806763352,power,new ice,gamma0,46.8409309387207,NISAR_S2_PR_GCOV_030_091_D_123_3700_SHNA_A_20260912T130051_20260912T130131_P00500_M_F_I_001_gcov.tif,Band 1: HHHH,900,0.7286200787499547,0.4748247922014017,0.6516767874638141,2.354699525796436,-1.3749886497695085,2.783854972847993,-12.227961667950566,-7.028798708712355,-2.017286678566009,1.9579959375954528,5.916299177057164,0
30,ROI 30,point,900,90000.0,2020036.186,725961.7674,70.23254840091067,-70.42896806763352,power,new ice,sigma0,46.8409309387207,NISAR_S2_PR_GCOV_030_091_D_123_3700_SHNA_A_20260912T130051_20260912T130131_P00500_M_F_I_001_gcov.tif,Band 1: HHHH,900,0.49158804806046114,0.3212950878713037,0.6535860445325292,2.3409625120146105,-3.083986846230313,2.785986591963085,-14.026537977554142,-8.792678328823126,-3.755584992819953,0.31823600586129897,4.292760835327547,0
31,ROI 31,point,900,90000.0,2022191.6860002314,726262.5348998843,70.24444013807043,-70.40990703779872,power,new ice,gamma0,46.8465576171875,NISAR_S2_PR_GCOV_030_091_D_123_3700_SHNA_A_20260912T130051_20260912T130131_P00500_M_F_I_001_gcov.tif,Band 1: HHHH,900,0.7268708439750804,0.43276932371307547,0.5953868246336103,2.8209900883319556,-1.3854275108324492,2.540432665585081,-12.17589549153075,-6.193438355211183,-2.0586954161136903,1.8904643035227648,5.297165742613396,0
31,ROI 31,point,900,90000.0,2022191.6860002314,726262.5348998843,70.24444013807043,-70.40990703779872,power,new ice,sigma0,46.8465576171875,NISAR_S2_PR_GCOV_030_091_D_123_3700_SHNA_A_20260912T130051_20260912T130131_P00500_M_F_I_001_gcov.tif,Band 1: HHHH,900,0.49000153972575794,0.29004806010248735,0.5919329565062597,2.8540065078626635,-3.0980255529118086,2.5350283566274334,-14.113253423080536,-7.881106058794092,-3.7737191432403927,0.17840476811297776,3.47519977792192,0
32,ROI 32,point,900,90000.0,2023946.163,726914.1977,70.24389980629388,-70.39316228192199,power,new ice,gamma0,46.83300018310547,NISAR_S2_PR_GCOV_030_091_D_123_3700_SHNA_A_20260912T130051_20260912T130131_P00500_M_F_I_001_gcov.tif,Band 1: HHHH,900,0.718335651954015,0.4275929051084474,0.5952550231153223,2.82223947531903,-1.4367257841890846,2.547088676042933,-10.565544475390285,-6.375730874499899,-2.143807739764278,1.982577912987333,5.296849249687892,0
32,ROI 32,point,900,90000.0,2023946.163,726914.1977,70.24389980629388,-70.39316228192199,power,new ice,sigma0,46.83300018310547,NISAR_S2_PR_GCOV_030_091_D_123_3700_SHNA_A_20260912T130051_20260912T130131_P00500_M_F_I_001_gcov.tif,Band 1: HHHH,900,0.4835780867555079,0.28699936851949326,0.5934912610392894,2.8390388987953976,-3.1553338733315623,2.5422245122869436,-12.128483498722298,-8.038582501806435,-3.8072990824586483,0.2033103409011522,3.45723220464848,0
33,ROI 33,point,900,90000.00024414062,2025750.7651682254,727465.6040420168,70.24632311188822,-70.37629945233823,power,new ice,gamma0,46.82442855834961,NISAR_S2_PR_GCOV_030_091_D_123_3700_SHNA_A_20260912T130051_20260912T130131_P00500_M_F_I_001_gcov.tif,Band 1: HHHH,900,0.7486895773808161,0.46464000341898065,0.6206043431838033,2.596392696551014,-1.2569821270808412,2.582880798403185,-8.890090647951173,-6.362378397764635,-1.9329381786491773,2.0730229813273358,6.404072562591715,0
33,ROI 33,point,900,90000.00024414062,2025750.7651682254,727465.6040420168,70.24632311188822,-70.37629945233823,power,new ice,sigma0,46.82442855834961,NISAR_S2_PR_GCOV_030_091_D_123_3700_SHNA_A_20260912T130051_20260912T130131_P00500_M_F_I_001_gcov.tif,Band 1: HHHH,900,0.502745967572101,0.3107300173688669,0.6180656582278877,2.6177657012483913,-2.986514041090593,2.572885641129005,-10.705429060848985,-8.109472156480496,-3.656709784696771,0.2879756846935475,4.630828785979692,0
34,ROI 34,point,900,90000.0,2027906.267,727816.5,70.25691404998439,-70.35708887780484,power,new ice,gamma0,46.82775115966797,NISAR_S2_PR_GCOV_030_091_D_123_3700_SHNA_A_20260912T130051_20260912T130131_P00500_M_F_I_001_gcov.tif,Band 1: HHHH,900,0.7742947891602914,0.4742299314188397,0.6124669028615489,2.665844114416769,-1.1109366343638656,2.598414209596557,-9.14276932530676,-6.152033238980445,-1.8816621028418703,2.321707880436339,5.14470892873585,0
34,ROI 34,point,900,90000.0,2027906.267,727816.5,70.25691404998439,-70.35708887780484,power,new ice,sigma0,46.82775115966797,NISAR_S2_PR_GCOV_030_091_D_123_3700_SHNA_A_20260912T130051_20260912T130131_P00500_M_F_I_001_gcov.tif,Band 1: HHHH,900,0.52160706754077,0.31944999576436733,0.6124341782224766,2.6661290139874203,-2.826565327416989,2.60048140963604,-11.055038790056763,-7.91299557960409,-3.573992825135608,0.6141421160121522,3.458998611389415,0
35,ROI 35,point,900,90000.0,2029660.744,728267.6512001158,70.261378883669,-70.34095259898145,power,new ice,gamma0,46.82319641113281,NISAR_S2_PR_GCOV_030_091_D_123_3700_SHNA_A_20260912T130051_20260912T130131_P00500_M_F_I_001_gcov.tif,Band 1: HHHH,900,0.7441926482650969,0.4499099273650874,0.6045611017710835,2.736022084843349,-1.2831462460428775,2.531807696492922,-10.120892308347702,-6.1925993775087065,-2.0025081219863794,2.1774603192752213,4.852140277955098,0
35,ROI 35,point,900,90000.0,2029660.744,728267.6512001158,70.261378883669,-70.34095259898145,power,new ice,sigma0,46.82319641113281,NISAR_S2_PR_GCOV_030_091_D_123_3700_SHNA_A_20260912T130051_20260912T130131_P00500_M_F_I_001_gcov.tif,Band 1: HHHH,900,0.5032735492004161,0.3025959431180303,0.6012554079163994,2.766190011506791,-2.981958944353092,2.5233097747309827,-11.668561791842919,-7.8301881039848436,-3.72063810346293,0.4516357890839035,2.9836091661688298,0
36,ROI 36,point,900,90000.00024414062,2031465.3471633717,728267.6505414614,70.27756007710688,-70.32575717901953,power,new ice,gamma0,46.83899688720703,NISAR_S2_PR_GCOV_030_091_D_123_3700_SHNA_A_20260912T130051_20260912T130131_P00500_M_F_I_001_gcov.tif,Band 1: HHHH,900,0.7072001823203431,0.41558770684248325,0.587652148899239,2.8957385167964778,-1.5045763603131146,2.5884462476158907,-11.213034510302508,-6.636537210963384,-2.038678229991199,1.9409775120699715,4.111084152952031,0
36,ROI 36,point,900,90000.00024414062,2031465.3471633717,728267.6505414614,70.27756007710688,-70.32575717901953,power,new ice,sigma0,46.83899688720703,NISAR_S2_PR_GCOV_030_091_D_123_3700_SHNA_A_20260912T130051_20260912T130131_P00500_M_F_I_001_gcov.tif,Band 1: HHHH,900,0.4783457890641101,0.28145099900270987,0.5883839796172816,2.8885395700230547,-3.202580448314319,2.5877710467817274,-13.108895101361755,-8.36535052597347,-3.786868878380915,0.1674265061211493,2.5671440324938013,0
37,ROI 37,point,900,90000.0,2032868.93,728518.2907003473,70.28386739144113,-70.31318165574946,power,new ice,gamma0,46.84014892578125,NISAR_S2_PR_GCOV_030_091_D_123_3700_SHNA_A_20260912T130051_20260912T130131_P00500_M_F_I_001_gcov.tif,Band 1: HHHH,900,0.6801663756536113,0.41840217704409705,0.61514681116371,2.6426670268352823,-1.673848414256991,2.657224074379854,-10.740406154205688,-7.030782817688096,-2.4033808436306408,1.7622599877739393,4.814489805136631,0
37,ROI 37,point,900,90000.0,2032868.93,728518.2907003473,70.28386739144113,-70.31318165574946,power,new ice,sigma0,46.84014892578125,NISAR_S2_PR_GCOV_030_091_D_123_3700_SHNA_A_20260912T130051_20260912T130131_P00500_M_F_I_001_gcov.tif,Band 1: HHHH,900,0.45833397855141367,0.2823045100697241,0.615936245796048,2.6358972484505445,-3.3881794517638895,2.6580140431185093,-12.27829397846618,-8.721796486043672,-4.09274623247007,-0.0958705698048045,3.2445851175467633,0
38,ROI 38,point,900,90000.0,2035876.605,729169.9535001158,70.29449744813334,-70.28588936499652,power,new ice,gamma0,46.83757400512695,NISAR_S2_PR_GCOV_030_091_D_123_3700_SHNA_A_20260912T130051_20260912T130131_P00500_M_F_I_001_gcov.tif,Band 1: HHHH,900,0.7305910988152027,0.4418500501705206,0.6047843326959054,2.7340026806089868,-1.3632562333542018,2.563461740202146,-10.68255173721285,-6.412846376128583,-1.9698723813244046,1.9734068008321644,5.164786136449564,0
38,ROI 38,point,900,90000.0,2035876.605,729169.9535001158,70.29449744813334,-70.28588936499652,power,new ice,sigma0,46.83757400512695,NISAR_S2_PR_GCOV_030_091_D_123_3700_SHNA_A_20260912T130051_20260912T130131_P00500_M_F_I_001_gcov.tif,Band 1: HHHH,900,0.4920579747921278,0.29707266719770037,0.6037350930511798,2.743513861075955,-3.079837251818364,2.567771874278171,-12.398921295193139,-8.151990837919305,-3.7073786634726362,0.30864485400546604,3.3662983437182232,0
39,ROI 39,point,900,90000.0,2038834.151,729721.3604998842,70.30714800738477,-70.25932285967835,power,new ice,gamma0,46.83857345581055,NISAR_S2_PR_GCOV_030_091_D_123_3700_SHNA_A_20260912T130051_20260912T130131_P00500_M_F_I_001_gcov.tif,Band 1: HHHH,900,0.717537320819166,0.44982801858933347,0.6269053964688469,2.5444620823196304,-1.4415550531968093,2.739885584481071,-11.83102373537939,-7.06444966031858,-2.2393713452888937,2.021642349987044,5.000446650324664,0
39,ROI 39,point,900,90000.0,2038834.151,729721.3604998842,70.30714800738477,-70.25932285967835,power,new ice,sigma0,46.83857345581055,NISAR_S2_PR_GCOV_030_091_D_123_3700_SHNA_A_20260912T130051_20260912T130131_P00500_M_F_I_001_gcov.tif,Band 1: HHHH,900,0.4839872590588186,0.30450456236789136,0.6291582199086053,2.526272822549581,-3.1516607098633314,2.745342527168282,-13.495099205285875,-8.771116654497785,-3.9182015525399505,0.38146971285873654,3.1275114750693342,0
40,ROI 40,point,900,90000.00024414062,2034172.2541613528,728819.0574411231,70.28801862507807,-70.30129937539753,power,new ice,gamma0,46.83826446533203,NISAR_S2_PR_GCOV_030_091_D_123_3700_SHNA_A_20260912T130051_20260912T130131_P00500_M_F_I_001_gcov.tif,Band 1: HHHH,900,0.7345353359646267,0.456249447014283,0.6211402293058026,2.5919145753536927,-1.339873069597459,2.567267596557441,-10.951774246931635,-6.353584416019572,-2.0605232419587836,2.0249551433898496,5.319245178276276,0
40,ROI 40,point,900,90000.00024414062,2034172.2541613528,728819.0574411231,70.28801862507807,-70.30129937539753,power,new ice,sigma0,46.83826446533203,NISAR_S2_PR_GCOV_030_091_D_123_3700_SHNA_A_20260912T130051_20260912T130131_P00500_M_F_I_001_gcov.tif,Band 1: HHHH,900,0.49406074439971237,0.30640437013171884,0.6201755019091884,2.5999846646726508,-3.062196516112202,2.5642530094974965,-12.660661634091868,-8.05907525965388,-3.7423922109846073,0.31234544028838357,3.632203171356687,0
41,ROI 41,point,900,90000.0,2037580.953,729671.2326,70.29721779633562,-70.27002640729,power,new ice,gamma0,46.82984924316406,NISAR_S2_PR_GCOV_030_091_D_123_3700_SHNA_A_20260912T130051_20260912T130131_P00500_M_F_I_001_gcov.tif,Band 1: HHHH,900,0.7279566433197923,0.44286088881466684,0.60836162823521,2.701944181465416,-1.378944862469846,2.5761684054075866,-11.025136869682608,-6.4120917558204615,-2.059803790772778,1.9155934282581155,5.609514592430323,0
41,ROI 41,point,900,90000.0,2037580.953,729671.2326,70.29721779633562,-70.27002640729,power,new ice,sigma0,46.82984924316406,NISAR_S2_PR_GCOV_030_091_D_123_3700_SHNA_A_20260912T130051_20260912T130131_P00500_M_F_I_001_gcov.tif,Band 1: HHHH,900,0.4916467967478097,0.30009543095039415,0.6103882562349494,2.684031827597876,-3.083467860742774,2.579408082596719,-12.769207355765822,-8.152448330782656,-3.8023816922443743,0.14035238943027253,3.852509671701611,0
42,ROI 42,point,900,90000.00024414062,2012617.254180704,724858.9528443424,70.1931414984813,-70.49478023014574,power,new ice,gamma0,46.82501220703125,NISAR_S2_PR_GCOV_030_091_D_123_3700_SHNA_A_20260912T130051_20260912T130131_P00500_M_F_I_001_gcov.tif,Band 1: HHHH,900,0.7302918271885978,0.4439164372863608,0.6078617078261777,2.706390299623141,-1.3650355958962557,2.60146675568148,-9.98608072958839,-6.702600487699225,-1.9613018205348638,1.8757898825932409,4.724496530903225,0
42,ROI 42,point,900,90000.00024414062,2012617.254180704,724858.9528443424,70.1931414984813,-70.49478023014574,power,new ice,sigma0,46.82501220703125,NISAR_S2_PR_GCOV_030_091_D_123_3700_SHNA_A_20260912T130051_20260912T130131_P00500_M_F_I_001_gcov.tif,Band 1: HHHH,900,0.49257313282396364,0.3002170395471413,0.6094872406579942,2.691973395105745,-3.0752928024460386,2.599391646200488,-11.639367533339904,-8.462822609773163,-3.6503418030993355,0.14686856914158744,3.2210429410270027,0
43,ROI 43,point,900,90000.0,2008607.0230002315,724006.7791,70.17819142194509,-70.53113306301238,power,new ice,gamma0,46.827476501464844,NISAR_S2_PR_GCOV_030_091_D_123_3700_SHNA_A_20260912T130051_20260912T130131_P00500_M_F_I_001_gcov.tif,Band 1: HHHH,900,0.7372077668044302,0.43805396826894416,0.5942069359466652,2.8322042249130064,-1.3241009794762255,2.5241605896747905,-10.955481315324509,-6.469895725165413,-1.9573493900387027,1.9705827802058509,4.6475756815719995,0
43,ROI 43,point,900,90000.0,2008607.0230002315,724006.7791,70.17819142194509,-70.53113306301238,power,new ice,sigma0,46.827476501464844,NISAR_S2_PR_GCOV_030_091_D_123_3700_SHNA_A_20260912T130051_20260912T130131_P00500_M_F_I_001_gcov.tif,Band 1: HHHH,900,0.4962275503375993,0.2950687381320733,0.5946238533739787,2.8282340466628972,-3.043191275538477,2.5247314850624694,-12.558009031773647,-8.18571593068728,-3.644812479104842,0.2416162284596005,3.007557917658596,0
44,ROI 44,point,900,90000.0,2018632.605,725610.8720998842,70.2286893629668,-70.44184937860605,power,new ice,gamma0,46.84421157836914,NISAR_S2_PR_GCOV_030_091_D_123_3700_SHNA_A_20260912T130051_20260912T130131_P00500_M_F_I_001_gcov.tif,Band 1: HHHH,900,0.687647572548853,0.4420435144545142,0.6428343996271575,2.4199243092868152,-1.6263408576512255,2.5633084239211223,-10.721909212158975,-6.597546132880135,-2.3662301282337763,1.7400916522990115,6.352870820650871,0
44,ROI 44,point,900,90000.0,2018632.605,725610.8720998842,70.2286893629668,-70.44184937860605,power,new ice,sigma0,46.84421157836914,NISAR_S2_PR_GCOV_030_091_D_123_3700_SHNA_A_20260912T130051_20260912T130131_P00500_M_F_I_001_gcov.tif,Band 1: HHHH,900,0.46329264198739656,0.29697592133507167,0.6410115214891555,2.4337072108106543,-3.341445972059687,2.555463321044926,-12.44420337335967,-8.345937643288488,-4.092771627533109,0.04171325415770387,4.689600298280333,0
45,ROI 45,point,900,89999.99975585938,2040388.1178446293,730272.7680605055,70.3072668527724,-70.24457611470135,power,new ice,gamma0,46.82767105102539,NISAR_S2_PR_GCOV_030_091_D_123_3700_SHNA_A_20260912T130051_20260912T130131_P00500_M_F_I_001_gcov.tif,Band 1: HHHH,900,0.7385145912567774,0.44680664046578894,0.605007193839501,2.731988850861414,-1.3164091966184734,2.5840203075237587,-11.863882999098095,-6.344425803784005,-1.9574340951561433,2.07973047668437,4.971204513615262,0
45,ROI 45,point,900,89999.99975585938,2040388.1178446293,730272.7680605055,70.3072668527724,-70.24457611470135,power,new ice,sigma0,46.82767105102539,NISAR_S2_PR_GCOV_030_091_D_123_3700_SHNA_A_20260912T130051_20260912T130131_P00500_M_F_I_001_gcov.tif,Band 1: HHHH,900,0.496744152673123,0.30067392273547,0.6052893045996762,2.729442815972522,-3.038672364008204,2.585834948892667,-13.480794002336008,-8.095624942691428,-3.6538398920845627,0.3870633809877956,3.3486960840714737,0
46,ROI 46,point,900,90000.0,2041891.953000926,730373.0233,70.31816185034552,-70.23161131786041,power,new ice,gamma0,46.83644104003906,NISAR_S2_PR_GCOV_030_091_D_123_3700_SHNA_A_20260912T130051_20260912T130131_P00500_M_F_I_001_gcov.tif,Band 1: HHHH,900,0.6844875725607077,0.4178843707494207,0.6105068777013599,2.6829889143337344,-1.646344324347444,2.6776412086811407,-12.235071405739236,-7.269148879265313,-2.312630093845228,1.8229346381998286,4.636107797558762,0
46,ROI 46,point,900,90000.0,2041891.953000926,730373.0233,70.31816185034552,-70.23161131786041,power,new ice,sigma0,46.83644104003906,NISAR_S2_PR_GCOV_030_091_D_123_3700_SHNA_A_20260912T130051_20260912T130131_P00500_M_F_I_001_gcov.tif,Band 1: HHHH,900,0.46019895363091473,0.28118450266873196,0.611006392887728,2.678603867303675,-3.3705437313551183,2.678343445007148,-14.058223223982452,-9.06579586379556,-4.0076078550609,0.08616961868502726,3.0125724654243498,0
47,ROI 47,point,900,90000.0,2043897.0699997686,730774.0464998842,70.32602058798926,-70.21351980950122,power,new ice,gamma0,46.836158752441406,NISAR_S2_PR_GCOV_030_091_D_123_3700_SHNA_A_20260912T130051_20260912T130131_P00500_M_F_I_001_gcov.tif,Band 1: HHHH,900,0.7029870193451643,0.45959096377511194,0.6537687768448741,2.3396540686443963,-1.5305269415345324,2.6710431816021316,-11.010068104771829,-6.6868849912789425,-2.296121848546975,1.9544383475602252,6.376731743245097,0
47,ROI 47,point,900,90000.0,2043897.0699997686,730774.0464998842,70.32602058798926,-70.21351980950122,power,new ice,sigma0,46.836158752441406,NISAR_S2_PR_GCOV_030_091_D_123_3700_SHNA_A_20260912T130051_20260912T130131_P00500_M_F_I_001_gcov.tif,Band 1: HHHH,900,0.47291282473772817,0.3089902245538589,0.6533767079064121,2.3424628033231465,-3.2521890836286707,2.6674551231204706,-12.617929948276371,-8.35403472366875,-4.010441482891248,0.19943180527133395,4.676232394114156,0
48,ROI 48,point,900,90000.0,2046202.9530002314,731175.0698,70.33653365657577,-70.19289632461377,power,new ice,gamma0,46.838584899902344,NISAR_S2_PR_GCOV_030_091_D_123_3700_SHNA_A_20260912T130051_20260912T130131_P00500_M_F_I_001_gcov.tif,Band 1: HHHH,900,0.7088025667270025,0.45212295555056525,0.6378686770821216,2.457748542487688,-1.4947471844414983,2.6966007124228764,-10.177670545345448,-6.9538290117367865,-2.0882487558963523,1.9557562192075741,5.114058728391236,0
48,ROI 48,point,900,90000.0,2046202.9530002314,731175.0698,70.33653365657577,-70.19289632461377,power,new ice,sigma0,46.838584899902344,NISAR_S2_PR_GCOV_030_091_D_123_3700_SHNA_A_20260912T130051_20260912T130131_P00500_M_F_I_001_gcov.tif,Band 1: HHHH,900,0.47647738993620325,0.30326789485050504,0.6364790885273912,2.4684919823813187,-3.2195770291425307,2.696372218211141,-11.77118833131005,-8.67183485257521,-3.8037433657198583,0.24874503405617285,3.3373994060816567,0
49,ROI 49,point,900,89999.99975585938,2048609.0948521153,731676.3494616509,70.34542575968432,-70.1711277123652,power,new ice,gamma0,46.837310791015625,NISAR_S2_PR_GCOV_030_091_D_123_3700_SHNA_A_20260912T130051_20260912T130131_P00500_M_F_I_001_gcov.tif,Band 1: HHHH,900,0.6706384609391292,0.38779541348985247,0.5782480965180595,2.990691224200013,-1.7351154351880567,2.526235332955429,-10.173845623151575,-6.725521594586802,-2.289363865863157,1.5148203011172066,4.887496795530822,0
49,ROI 49,point,900,89999.99975585938,2048609.0948521153,731676.3494616509,70.34542575968432,-70.1711277123652,power,new ice,sigma0,46.837310791015625,NISAR_S2_PR_GCOV_030_091_D_123_3700_SHNA_A_20260912T130051_20260912T130131_P00500_M_F_I_001_gcov.tif,Band 1: HHHH,900,0.45026106603946714,0.2597225613857181,0.576826603441996,3.00544950714782,-3.4653560474758685,2.520474562713352,-11.937262621487182,-8.437074489095739,-4.048938871692004,-0.24525609071765095,3.0514312760608115,0
50,ROI 50,point,900,90000.00024414062,2049912.4171457381,731977.1156382276,70.34950912707114,-70.15924889118706,power,new ice,gamma0,46.83538818359375,NISAR_S2_PR_GCOV_030_091_D_123_3700_SHNA_A_20260912T130051_20260912T130131_P00500_M_F_I_001_gcov.tif,Band 1: HHHH,900,0.6819034922371308,0.4026804752388968,0.5905241428194143,2.8676403605951726,-1.6627708539429953,2.6103996272906738,-11.34049882053918,-6.793480329687469,-2.2220882597813225,1.5796311021027598,4.419797763848486,0
50,ROI 50,point,900,90000.00024414062,2049912.4171457381,731977.1156382276,70.34950912707114,-70.15924889118706,power,new ice,sigma0,46.83538818359375,NISAR_S2_PR_GCOV_030_091_D_123_3700_SHNA_A_20260912T130051_20260912T130131_P00500_M_F_I_001_gcov.tif,Band 1: HHHH,900,0.4584271321013031,0.27108115890876977,0.5913287847213772,2.8598414718645686,-3.387296864744091,2.607801219075154,-12.9691598817469,-8.544264123990668,-3.9322090350264767,-0.16517197386645924,2.703829425161573,0
51,ROI 51,point,900,90000.0,2051817.2790002315,732177.6279001158,70.36138979993255,-70.1426065113832,power,new ice,gamma0,46.843074798583984,NISAR_S2_PR_GCOV_030_091_D_123_3700_SHNA_A_20260912T130051_20260912T130131_P00500_M_F_I_001_gcov.tif,Band 1: HHHH,900,0.6940180321286122,0.39438549319617255,0.5682640434954677,3.0967036465973603,-1.586292454641426,2.47549777278996,-10.898928296918172,-6.462517732475591,-2.1280226128761406,1.5100811317968361,4.593026858037265,0
51,ROI 51,point,900,90000.0,2051817.2790002315,732177.6279001158,70.36138979993255,-70.1426065113832,power,new ice,sigma0,46.843074798583984,NISAR_S2_PR_GCOV_030_091_D_123_3700_SHNA_A_20260912T130051_20260912T130131_P00500_M_F_I_001_gcov.tif,Band 1: HHHH,900,0.4662521518747211,0.264149044198223,0.5665368902558934,3.115613746045285,-3.313791507968527,2.4708278987806627,-12.616036979420393,-8.160781777155142,-3.8424882557494184,-0.20088207469701658,2.7926394732053934,0
52,ROI 52,point,900,90000.0,2053120.6050002314,732578.6511998842,70.36297559167036,-70.13042706854718,power,new ice,gamma0,46.836700439453125,NISAR_S2_PR_GCOV_030_091_D_123_3700_SHNA_A_20260912T130051_20260912T130131_P00500_M_F_I_001_gcov.tif,Band 1: HHHH,900,0.6297281880842315,0.3773869625812172,0.5992854849475763,2.7844054945501413,-2.008468662414585,2.6214414710286476,-13.345031469760727,-7.375451993267587,-2.618568251343307,1.2245125761433124,4.598475360042298,0
52,ROI 52,point,900,90000.0,2053120.6050002314,732578.6511998842,70.36297559167036,-70.13042706854718,power,new ice,sigma0,46.836700439453125,NISAR_S2_PR_GCOV_030_091_D_123_3700_SHNA_A_20260912T130051_20260912T130131_P00500_M_F_I_001_gcov.tif,Band 1: HHHH,900,0.4241163388894791,0.25384138603511,0.5985182902874646,2.791548300926973,-3.725149962201855,2.6189271621927532,-15.065015978225894,-9.061059560141015,-4.302534330865141,-0.4722139822706548,2.7762963515364953,0
53,ROI 53,point,900,90000.0,2054524.186,732578.6511998842,70.37536575027828,-70.11860826910366,power,new ice,gamma0,46.848915100097656,NISAR_S2_PR_GCOV_030_091_D_123_3700_SHNA_A_20260912T130051_20260912T130131_P00500_M_F_I_001_gcov.tif,Band 1: HHHH,900,0.6685311320796609,0.4060897521796987,0.6074358136717407,2.710186716820151,-1.748783637563847,2.6061685461144988,-13.898907231523749,-6.868135589199963,-2.3736583650973158,1.558863179986023,4.874452466248906,0
53,ROI 53,point,900,90000.0,2054524.186,732578.6511998842,70.37536575027828,-70.11860826910366,power,new ice,sigma0,46.848915100097656,NISAR_S2_PR_GCOV_030_091_D_123_3700_SHNA_A_20260912T130051_20260912T130131_P00500_M_F_I_001_gcov.tif,Band 1: HHHH,900,0.45022298085643386,0.27378643902256955,0.6081129810427736,2.704154192453394,-3.4657234095607494,2.6060382256927688,-15.694752882255024,-8.545631701184401,-4.070996971005296,-0.16760186959377146,3.1224669190641796,0
54,ROI 54,point,900,90000.00024414062,2055827.510141035,733280.4412371226,70.36950422689108,-70.10552644711309,power,new ice,gamma0,46.82867431640625,NISAR_S2_PR_GCOV_030_091_D_123_3700_SHNA_A_20260912T130051_20260912T130131_P00500_M_F_I_001_gcov.tif,Band 1: HHHH,900,0.6504416284047895,0.39380295079517125,0.6054393408997737,2.7280901957116535,-1.8679167158380892,2.6807821881907743,-12.041614539571855,-7.339555960819847,-2.5459084929336466,1.4518028773253118,4.295857017815701,0
54,ROI 54,point,900,90000.00024414062,2055827.510141035,733280.4412371226,70.36950422689108,-70.10552644711309,power,new ice,sigma0,46.82867431640625,NISAR_S2_PR_GCOV_030_091_D_123_3700_SHNA_A_20260912T130051_20260912T130131_P00500_M_F_I_001_gcov.tif,Band 1: HHHH,900,0.43976778086103346,0.26679084467456704,0.6066630078088255,2.7170959305942723,-3.567765919530113,2.680478148993262,-13.758902352829258,-9.01154269783784,-4.247805629192395,-0.2293089437570567,2.604007761165352,0
55,ROI 55,point,900,89999.99975585938,2058935.4438616086,733380.6983629179,70.39439989443599,-70.07905570842605,power,new ice,gamma0,46.851341247558594,NISAR_S2_PR_GCOV_030_091_D_123_3700_SHNA_A_20260912T130051_20260912T130131_P00500_M_F_I_001_gcov.tif,Band 1: HHHH,900,0.6211277702285184,0.40974649539336433,0.6596814939422447,2.297901443954251,-2.068190532896368,2.721178145290863,-10.964851748876905,-7.400545273846223,-2.894240852517816,1.4512971725740973,6.725043351163498,0
55,ROI 55,point,900,89999.99975585938,2058935.4438616086,733380.6983629179,70.39439989443599,-70.07905570842605,power,new ice,sigma0,46.851341247558594,NISAR_S2_PR_GCOV_030_091_D_123_3700_SHNA_A_20260912T130051_20260912T130131_P00500_M_F_I_001_gcov.tif,Band 1: HHHH,900,0.41788271277372185,0.2755328090049117,0.6593544087431757,2.300181844195212,-3.7894559464309436,2.7155270596569427,-12.703568154890286,-9.10392076433682,-4.598375717887028,-0.30734744512427187,5.046454397992751,0
56,ROI 56,point,900,90000.0,2060940.557999074,733781.7208998842,70.4021268204199,-70.06096881678133,power,new ice,gamma0,46.85107421875,NISAR_S2_PR_GCOV_030_091_D_123_3700_SHNA_A_20260912T130051_20260912T130131_P00500_M_F_I_001_gcov.tif,Band 1: HHHH,900,0.596125712701016,0.36340993890717443,0.6096196341885373,2.690804268845599,-2.246621453348708,2.558048233239471,-11.262344742165222,-7.210045606575584,-2.879240793306932,1.1733387669954678,4.766506690699126,0
56,ROI 56,point,900,90000.0,2060940.557999074,733781.7208998842,70.4021268204199,-70.06096881678133,power,new ice,sigma0,46.85107421875,NISAR_S2_PR_GCOV_030_091_D_123_3700_SHNA_A_20260912T130051_20260912T130131_P00500_M_F_I_001_gcov.tif,Band 1: HHHH,900,0.40088906029153115,0.2444032809225904,0.6096531562743506,2.6905083665254192,-3.9697579488404044,2.553995601115823,-13.051386489483036,-8.931456387692556,-4.617983663989398,-0.5817860274167295,3.1352720150718323,0
57,ROI 57,point,900,90000.0,2062444.3949997686,733982.2325998843,70.41038467033927,-70.0477044960101,power,new ice,gamma0,46.85525131225586,NISAR_S2_PR_GCOV_030_091_D_123_3700_SHNA_A_20260912T130051_20260912T130131_P00500_M_F_I_001_gcov.tif,Band 1: HHHH,900,0.6281326151535743,0.40693131297899704,0.6478429923265567,2.38265119590042,-2.0194865570677454,2.7628215363193247,-15.461381584531333,-7.424478551554366,-2.772991883727198,1.572891706848475,4.365908753629776,0
57,ROI 57,point,900,90000.0,2062444.3949997686,733982.2325998843,70.41038467033927,-70.0477044960101,power,new ice,sigma0,46.85525131225586,NISAR_S2_PR_GCOV_030_091_D_123_3700_SHNA_A_20260912T130051_20260912T130131_P00500_M_F_I_001_gcov.tif,Band 1: HHHH,900,0.42164298516482135,0.2727812515495954,0.6469483927094495,2.389245207424983,-3.7505512059373,2.760299372260071,-17.269115423266594,-9.133300572757554,-4.477249336991452,-0.19292852063758123,2.65308739386729,0
58,ROI 58,point,900,90000.0,2064148.744,734182.7442,70.4203888023737,-70.03275181036773,power,new ice,gamma0,46.86116409301758,NISAR_S2_PR_GCOV_030_091_D_123_3700_SHNA_A_20260912T130051_20260912T130131_P00500_M_F_I_001_gcov.tif,Band 1: HHHH,900,0.6191296987649467,0.3568575982366002,0.5763858508943561,3.0100476977433446,-2.0821836300311634,2.5621682548375224,-11.695044077296197,-7.400851009003854,-2.6362630742272497,1.0160548239092089,5.293702330735322,0
58,ROI 58,point,900,90000.0,2064148.744,734182.7442,70.4203888023737,-70.03275181036773,power,new ice,sigma0,46.86116409301758,NISAR_S2_PR_GCOV_030_091_D_123_3700_SHNA_A_20260912T130051_20260912T130131_P00500_M_F_I_001_gcov.tif,Band 1: HHHH,900,0.4160565843422687,0.2388789623804736,0.5741501790149773,3.0335348658453127,-3.808476006317564,2.559177879099721,-13.450435466113701,-9.167309385309679,-4.319504318025805,-0.7212698099021599,3.4871713327553335,0
59,ROI 59,point,900,90000.0,2065051.047,734383.2558,70.4233548048489,-70.02455314956173,power,new ice,gamma0,46.860206604003906,NISAR_S2_PR_GCOV_030_091_D_123_3700_SHNA_A_20260912T130051_20260912T130131_P00500_M_F_I_001_gcov.tif,Band 1: HHHH,900,0.5902120981034306,0.360391160507628,0.6106129672124612,2.6820566961506844,-2.289918926237387,2.6217831851211555,-13.18640063639081,-7.46876516173676,-2.9865813333563396,1.1613371421518635,4.100302793230584,0
59,ROI 59,point,900,90000.0,2065051.047,734383.2558,70.4233548048489,-70.02455314956173,power,new ice,sigma0,46.860206604003906,NISAR_S2_PR_GCOV_030_091_D_123_3700_SHNA_A_20260912T130051_20260912T130131_P00500_M_F_I_001_gcov.tif,Band 1: HHHH,900,0.39640221742237525,0.24122662403757336,0.6085400470415157,2.7003600392635847,-4.018639247932,2.6194398879406053,-14.78458953935517,-9.197465784698322,-4.7197871296065195,-0.5827399168515688,2.4190391688606168,0
60,ROI 60,point,900,90000.0,2066554.8840002315,734583.7673997685,70.43158295274051,-70.01128921420751,power,new ice,gamma0,46.86434555053711,NISAR_S2_PR_GCOV_030_091_D_123_3700_SHNA_A_20260912T130051_20260912T130131_P00500_M_F_I_001_gcov.tif,Band 1: HHHH,900,0.6165049694975218,0.3723331208473103,0.6039417997729651,2.74163617780395,-2.1006341831131032,2.62293433148068,-12.373219085687952,-7.247985911076685,-2.7969252593704343,1.1034098650478499,4.301416166993416,0
60,ROI 60,point,900,90000.0,2066554.8840002315,734583.7673997685,70.43158295274051,-70.01128921420751,power,new ice,sigma0,46.86434555053711,NISAR_S2_PR_GCOV_030_091_D_123_3700_SHNA_A_20260912T130051_20260912T130131_P00500_M_F_I_001_gcov.tif,Band 1: HHHH,900,0.4140189903455137,0.2505080589556696,0.6050641753089915,2.7314743090474245,-3.8297973807447305,2.6241028114999954,-14.055559064909195,-9.009869355183369,-4.514754093963952,-0.5499459043410333,2.5883532559892513,0
61,ROI 61,point,900,90000.0,2068158.977,734583.7673997685,70.44560868485897,-69.99778096851375,power,new ice,gamma0,46.87825012207031,NISAR_S2_PR_GCOV_030_091_D_123_3700_SHNA_A_20260912T130051_20260912T130131_P00500_M_F_I_001_gcov.tif,Band 1: HHHH,900,0.6050403066890108,0.3938950278386141,0.6510227888686351,2.3594328276499317,-2.182156924722692,2.7046433742735445,-11.604552763141584,-7.4499378745884846,-2.9699120813904525,1.306388128043032,5.082810012002643,0
61,ROI 61,point,900,90000.0,2068158.977,734583.7673997685,70.44560868485897,-69.99778096851375,power,new ice,sigma0,46.87825012207031,NISAR_S2_PR_GCOV_030_091_D_123_3700_SHNA_A_20260912T130051_20260912T130131_P00500_M_F_I_001_gcov.tif,Band 1: HHHH,900,0.4059462649665067,0.2636724073332208,0.6495253931083108,2.370324094382045,-3.915314501001674,2.703818464699411,-13.264057961009287,-9.236183346931984,-4.699840248025594,-0.43067724682312464,3.2377584856749704,0
62,ROI 62,point,900,90000.0,2069763.07,734884.5349,70.45222094664847,-69.98337294429165,power,new ice,gamma0,46.878883361816406,NISAR_S2_PR_GCOV_030_091_D_123_3700_SHNA_A_20260912T130051_20260912T130131_P00500_M_F_I_001_gcov.tif,Band 1: HHHH,900,0.5888434013889896,0.35309119102897846,0.5996351325260527,2.781159264487897,-2.3000018731001934,2.602541807104378,-11.225029627800103,-7.506302260179048,-2.979550666908012,1.1741085669379174,3.5641207830064032,0
62,ROI 62,point,900,90000.0,2069763.07,734884.5349,70.45222094664847,-69.98337294429165,power,new ice,sigma0,46.878883361816406,NISAR_S2_PR_GCOV_030_091_D_123_3700_SHNA_A_20260912T130051_20260912T130131_P00500_M_F_I_001_gcov.tif,Band 1: HHHH,900,0.3965297936381935,0.23797639233474596,0.6001475706309303,2.7764118869810117,-4.017241759969419,2.604788569165858,-12.984663639749368,-9.199681240883956,-4.638761245693949,-0.5982122393147218,1.8949060804101912,0
63,ROI 63,point,900,90000.00024414062,2071868.4401264563,735185.3016354276,70.46319332736125,-69.96474385128856,power,new ice,gamma0,46.88376998901367,NISAR_S2_PR_GCOV_030_091_D_123_3700_SHNA_A_20260912T130051_20260912T130131_P00500_M_F_I_001_gcov.tif,Band 1: HHHH,900,0.6289292208684816,0.358852194051034,0.5705764371315089,3.0716542861917846,-2.0139822691698304,2.561809985664943,-10.916658876975742,-7.145700774220495,-2.5415481133223388,1.2273722902056485,3.570528244624482,0
63,ROI 63,point,900,90000.00024414062,2071868.4401264563,735185.3016354276,70.46319332736125,-69.96474385128856,power,new ice,sigma0,46.88376998901367,NISAR_S2_PR_GCOV_030_091_D_123_3700_SHNA_A_20260912T130051_20260912T130131_P00500_M_F_I_001_gcov.tif,Band 1: HHHH,900,0.4225828256219705,0.24149994742956854,0.5714854764249385,3.061890140669815,-3.74088157281749,2.5562715763651416,-12.7082756703404,-8.806022856655604,-4.264943872362866,-0.49773113462397844,1.834946772212712,0
64,ROI 64,point,900,90000.0,2072570.233,735185.3022998843,70.4693079205272,-69.95883370949217,power,new ice,gamma0,46.889930725097656,NISAR_S2_PR_GCOV_030_091_D_123_3700_SHNA_A_20260912T130051_20260912T130131_P00500_M_F_I_001_gcov.tif,Band 1: HHHH,900,0.5955297244216005,0.3602594944473085,0.6049395683770533,2.7325996964588968,-2.250965568846311,2.5591040016524724,-12.99683161943625,-7.270504390993358,-2.9736811658046363,1.1501300417868257,3.81443106061607,0
64,ROI 64,point,900,90000.0,2072570.233,735185.3022998843,70.4693079205272,-69.95883370949217,power,new ice,sigma0,46.889930725097656,NISAR_S2_PR_GCOV_030_091_D_123_3700_SHNA_A_20260912T130051_20260912T130131_P00500_M_F_I_001_gcov.tif,Band 1: HHHH,900,0.399645224213668,0.24117186695279158,0.6034649042217766,2.745971113309734,-3.9832537251030202,2.5537530980064393,-14.59271498833133,-8.930477207203689,-4.713365611813049,-0.6366263749080708,2.0096525904184617,0
65,ROI 65,point,900,89999.99975585938,2075176.885876037,735987.3494655907,70.47231437354056,-69.93448647908995,power,new ice,gamma0,46.876930236816406,NISAR_S2_PR_GCOV_030_091_D_123_3700_SHNA_A_20260912T130051_20260912T130131_P00500_M_F_I_001_gcov.tif,Band 1: HHHH,900,0.5995228753611446,0.3621672113869589,0.6040923979235892,2.740269387312843,-2.221942413331369,2.5718687664224653,-13.122564066321074,-7.255742991912813,-2.855890612500785,1.1459259860240798,4.0552030705636835,0
65,ROI 65,point,900,89999.99975585938,2075176.885876037,735987.3494655907,70.47231437354056,-69.93448647908995,power,new ice,sigma0,46.876930236816406,NISAR_S2_PR_GCOV_030_091_D_123_3700_SHNA_A_20260912T130051_20260912T130131_P00500_M_F_I_001_gcov.tif,Band 1: HHHH,900,0.40304698911331227,0.242982254210056,0.602863340437321,2.7514539510344203,-3.946443188142349,2.5734980202247066,-14.877487410341466,-8.980284406002358,-4.586566533674644,-0.58179324181971,2.293216856205688,0
66,ROI 66,point,900,90000.00024414062,2076981.4861223085,736588.883033935,70.47325754221039,-69.91749357559551,power,new ice,gamma0,46.86598587036133,NISAR_S2_PR_GCOV_030_091_D_123_3700_SHNA_A_20260912T130051_20260912T130131_P00500_M_F_I_001_gcov.tif,Band 1: HHHH,900,0.5731995994307929,0.3522777522780291,0.61458129529025,2.6475326410105677,-2.4169412177269916,2.6119714891591004,-13.13778455777644,-7.420183605881903,-3.1844023559615673,0.9559345959158333,4.255338374168575,0
66,ROI 66,point,900,90000.00024414062,2076981.4861223085,736588.883033935,70.47325754221039,-69.91749357559551,power,new ice,sigma0,46.86598587036133,NISAR_S2_PR_GCOV_030_091_D_123_3700_SHNA_A_20260912T130051_20260912T130131_P00500_M_F_I_001_gcov.tif,Band 1: HHHH,900,0.3868946140130826,0.23899955346805876,0.6177381250905114,2.620542386973616,-4.1240731608045875,2.6193298061523596,-14.604828676153549,-9.114578420109732,-4.91120101245251,-0.6614071827903194,2.466578784403397,0
67,ROI 67,point,900,90000.0,2078385.0700002315,736789.3952998843,70.48053705718051,-69.90507562180485,power,new ice,gamma0,46.869239807128906,NISAR_S2_PR_GCOV_030_091_D_123_3700_SHNA_A_20260912T130051_20260912T130131_P00500_M_F_I_001_gcov.tif,Band 1: HHHH,900,0.5757914343600472,0.34858582440681285,0.6054029351691245,2.7284183114088703,-2.3973480010023502,2.548062945340497,-12.268941144976107,-7.431349589765364,-3.0282859618912736,1.0112476452151027,4.454371218402632,0
67,ROI 67,point,900,90000.0,2078385.0700002315,736789.3952998843,70.48053705718051,-69.90507562180485,power,new ice,sigma0,46.869239807128906,NISAR_S2_PR_GCOV_030_091_D_123_3700_SHNA_A_20260912T130051_20260912T130131_P00500_M_F_I_001_gcov.tif,Band 1: HHHH,900,0.38747013301733507,0.23511045479576886,0.6067834260279623,2.716017603885316,-4.117617681658455,2.548932504714398,-13.893821974104457,-9.149239941527842,-4.783906929605914,-0.6529893706068877,2.821587720939017,0
68,ROI 68,point,900,89999.99975585938,2081192.2348819377,736989.9076663427,70.49997347544479,-69.88083818510232,power,new ice,gamma0,46.884708404541016,NISAR_S2_PR_GCOV_030_091_D_123_3700_SHNA_A_20260912T130051_20260912T130131_P00500_M_F_I_001_gcov.tif,Band 1: HHHH,900,0.5755273938510153,0.33661065886349745,0.5848733917097171,2.9233194226454144,-2.3993400007034245,2.5085376311765857,-11.460092094550278,-7.2931558716520986,-3.020740010260748,0.9847466723766601,3.49712821727183,0
68,ROI 68,point,900,89999.99975585938,2081192.2348819377,736989.9076663427,70.49997347544479,-69.88083818510232,power,new ice,sigma0,46.884708404541016,NISAR_S2_PR_GCOV_030_091_D_123_3700_SHNA_A_20260912T130051_20260912T130131_P00500_M_F_I_001_gcov.tif,Band 1: HHHH,900,0.3867045399031603,0.22508196142337095,0.5820515101264047,2.9517336024408403,-4.126207292889276,2.502364496677216,-13.222364946885532,-8.996325165682817,-4.73437099519258,-0.7519705084006396,1.8339150227373027,0
69,ROI 69,point,900,90000.00024414062,2083798.8821158523,737691.6970326795,70.50537983668572,-69.8567950011391,power,new ice,gamma0,46.87568664550781,NISAR_S2_PR_GCOV_030_091_D_123_3700_SHNA_A_20260912T130051_20260912T130131_P00500_M_F_I_001_gcov.tif,Band 1: HHHH,900,0.5377194820923937,0.3318228416595493,0.617092838757391,2.626025789827723,-2.69444228332354,2.560127897403486,-14.953426699098758,-7.8524114974354315,-3.3620935760882813,0.5136532659268932,4.47989424549475,0
69,ROI 69,point,900,90000.00024414062,2083798.8821158523,737691.6970326795,70.50537983668572,-69.8567950011391,power,new ice,sigma0,46.87568664550781,NISAR_S2_PR_GCOV_030_091_D_123_3700_SHNA_A_20260912T130051_20260912T130131_P00500_M_F_I_001_gcov.tif,Band 1: HHHH,900,0.36171129949316494,0.22369874678256133,0.6184455589195339,2.6145505902767083,-4.416379241084953,2.5597699134214222,-16.658322726684435,-9.554149587123344,-5.033639423418608,-1.2306553649487304,2.85157252685749,0
70,ROI 70,point,900,90000.0,2086405.535,738594.0,70.50587975613468,-69.8321556968788,power,new ice,gamma0,46.85824966430664,NISAR_S2_PR_GCOV_030_091_D_123_3700_SHNA_A_20260912T130051_20260912T130131_P00500_M_F_I_001_gcov.tif,Band 1: HHHH,900,0.5499860496736235,0.33115825563874085,0.6021211916834237,2.7582407792772163,-2.596483261904881,2.5346385362393535,-10.813625209305917,-7.673068324609911,-3.2763087961335895,1.037991874227873,3.131304672147852,0
70,ROI 70,point,900,90000.0,2086405.535,738594.0,70.50587975613468,-69.8321556968788,power,new ice,sigma0,46.85824966430664,NISAR_S2_PR_GCOV_030_091_D_123_3700_SHNA_A_20260912T130051_20260912T130131_P00500_M_F_I_001_gcov.tif,Band 1: HHHH,900,0.3701142406445164,0.22345868891998355,0.6037559876941047,2.7433239706178414,-4.316642045175614,2.5302462133187777,-12.536447419653172,-9.427974958506525,-5.038636318465444,-0.7683327907814015,1.521458325847585,0
71,ROI 71,point,900,89999.99975585938,2088611.164888174,739295.7913688942,70.50780580918827,-69.81149234697794,power,new ice,gamma0,46.84626388549805,NISAR_S2_PR_GCOV_030_091_D_123_3700_SHNA_A_20260912T130051_20260912T130131_P00500_M_F_I_001_gcov.tif,Band 1: HHHH,900,0.5377085735152165,0.3242911759893812,0.603098391884213,2.749309666744799,-2.6945303884245546,2.5594660506449087,-11.202372231900684,-7.586173815375103,-3.3377079273627794,0.6791172204387361,4.015011113257726,0
71,ROI 71,point,900,89999.99975585938,2088611.164888174,739295.7913688942,70.50780580918827,-69.81149234697794,power,new ice,sigma0,46.84626388549805,NISAR_S2_PR_GCOV_030_091_D_123_3700_SHNA_A_20260912T130051_20260912T130131_P00500_M_F_I_001_gcov.tif,Band 1: HHHH,900,0.3630578951849062,0.22062027146938967,0.607672424688705,2.708076582594456,-4.400241144832741,2.562271619535849,-12.73579591159136,-9.343134251891577,-5.045147495009143,-1.0228501581266167,2.5333661201547635,0
72,ROI 72,point,900,90000.0,2092621.395,739997.5813998843,70.52527014129092,-69.77563611075831,power,new ice,gamma0,46.849849700927734,NISAR_S2_PR_GCOV_030_091_D_123_3700_SHNA_A_20260912T130051_20260912T130131_P00500_M_F_I_001_gcov.tif,Band 1: HHHH,900,0.5567731308316191,0.3336688383088324,0.5992904826611353,2.784359054289624,-2.543217313952052,2.6250706079532975,-12.51845329500566,-7.873268459407321,-3.150042714062258,0.7985139750009975,3.249231477303059,0
72,ROI 72,point,900,90000.0,2092621.395,739997.5813998843,70.52527014129092,-69.77563611075831,power,new ice,sigma0,46.849849700927734,NISAR_S2_PR_GCOV_030_091_D_123_3700_SHNA_A_20260912T130051_20260912T130131_P00500_M_F_I_001_gcov.tif,Band 1: HHHH,900,0.3740834212283674,0.2240709157415807,0.5989864907827382,2.7871859538481205,-4.270315386036717,2.6151254138915356,-14.309923058156741,-9.571035647782484,-4.862711069467384,-0.9439266298744554,1.6345336788081428,0
73,ROI 73,point,900,90000.0,2090616.2789997684,739496.3023,70.5202089132324,-69.79401192498693,power,new ice,gamma0,46.85467529296875,NISAR_S2_PR_GCOV_030_091_D_123_3700_SHNA_A_20260912T130051_20260912T130131_P00500_M_F_I_001_gcov.tif,Band 1: HHHH,900,0.5691993818597662,0.36325974822607154,0.6381942071672312,2.455241885319353,-2.4473558022344966,2.655133222663946,-13.474759339542103,-7.643872026761543,-3.207582594922745,1.1814812090316547,4.0330370526261206,0
73,ROI 73,point,900,90000.0,2090616.2789997684,739496.3023,70.5202089132324,-69.79401192498693,power,new ice,sigma0,46.85467529296875,NISAR_S2_PR_GCOV_030_091_D_123_3700_SHNA_A_20260912T130051_20260912T130131_P00500_M_F_I_001_gcov.tif,Band 1: HHHH,900,0.38279377113527835,0.24448455421862622,0.6386847766449836,2.4514716243014902,-4.170351377279693,2.656957340023598,-15.25853651560373,-9.437351306635447,-4.931244895544621,-0.5194477358182351,2.2836906877616086,0
74,ROI 74,point,900,90000.0,2094425.9999997686,740097.8371998842,70.53835042100803,-69.76014287788571,power,new ice,gamma0,46.8609619140625,NISAR_S2_PR_GCOV_030_091_D_123_3700_SHNA_A_20260912T130051_20260912T130131_P00500_M_F_I_001_gcov.tif,Band 1: HHHH,900,0.5526791213701169,0.3534147186304638,0.6394573360295075,2.445551719275903,-2.5752694150655007,2.6889071545975267,-12.91073509810602,-7.814462820860224,-3.3053558183975285,0.8254388851313306,4.506006744117278,0
74,ROI 74,point,900,90000.0,2094425.9999997686,740097.8371998842,70.53835042100803,-69.76014287788571,power,new ice,sigma0,46.8609619140625,NISAR_S2_PR_GCOV_030_091_D_123_3700_SHNA_A_20260912T130051_20260912T130131_P00500_M_F_I_001_gcov.tif,Band 1: HHHH,900,0.3717278617302333,0.2389699804484686,0.6428627096612186,2.4197111793910233,-4.2977488646354605,2.6866514197726046,-14.494606957507818,-9.457878105360232,-5.038367038623327,-0.9094886198410251,2.880676924951102,0
75,ROI 75,point,900,90000.0,2096230.605,740599.1162997686,70.54166497193218,-69.74345666822666,power,new ice,gamma0,46.8543815612793,NISAR_S2_PR_GCOV_030_091_D_123_3700_SHNA_A_20260912T130051_20260912T130131_P00500_M_F_I_001_gcov.tif,Band 1: HHHH,900,0.5344827861752774,0.3081176655545398,0.5764781832534007,3.0090835587498734,-2.7206627733915822,2.5516647748654657,-13.347840263440292,-7.678105299082613,-3.250170764546275,0.8320628263488127,2.8549468351869853,0
75,ROI 75,point,900,90000.0,2096230.605,740599.1162997686,70.54166497193218,-69.74345666822666,power,new ice,sigma0,46.8543815612793,NISAR_S2_PR_GCOV_030_091_D_123_3700_SHNA_A_20260912T130051_20260912T130131_P00500_M_F_I_001_gcov.tif,Band 1: HHHH,900,0.359508921197848,0.2083423833004381,0.5795193693838305,2.977584451040601,-4.44290328149179,2.555397892137548,-15.216169577905749,-9.42528976240957,-4.992683584620767,-0.9292662441895594,1.1785629226837013,0
76,ROI 76,point,900,90000.0,2097834.6980002313,740899.8837002314,70.54812300644569,-69.72905579879588,power,new ice,gamma0,46.8548469543457,NISAR_S2_PR_GCOV_030_091_D_123_3700_SHNA_A_20260912T130051_20260912T130131_P00500_M_F_I_001_gcov.tif,Band 1: HHHH,900,0.5267649165044228,0.3382354740967749,0.6420994707492731,2.425467033219024,-2.7838315754456526,2.7605321466547887,-14.05701461959785,-8.558758836818901,-3.476687442573951,0.8452067515006987,3.705674615959558,0
76,ROI 76,point,900,90000.0,2097834.6980002313,740899.8837002314,70.54812300644569,-69.72905579879588,power,new ice,sigma0,46.8548469543457,NISAR_S2_PR_GCOV_030_091_D_123_3700_SHNA_A_20260912T130051_20260912T130131_P00500_M_F_I_001_gcov.tif,Band 1: HHHH,900,0.35440905240569187,0.2272348334666909,0.6411654327795648,2.432538931798973,-4.504951937837708,2.7595424529116284,-15.752802328965478,-10.34818195149214,-5.219536501260825,-0.8386857227753091,2.163771078486344,0
77,ROI 77,point,900,90000.00024414062,2099238.277102674,741401.1621295614,70.54798780883932,-69.7157474300204,power,new ice,gamma0,46.84424591064453,NISAR_S2_PR_GCOV_030_091_D_123_3700_SHNA_A_20260912T130051_20260912T130131_P00500_M_F_I_001_gcov.tif,Band 1: HHHH,900,0.5116893081077271,0.3077537923728493,0.601446595612776,2.764431659417957,-2.9099365763864644,2.6519780121920653,-13.191705678888535,-8.160698347744322,-3.5719428014767276,0.3658089641293697,3.215758404264779,0
77,ROI 77,point,900,90000.00024414062,2099238.277102674,741401.1621295614,70.54798780883932,-69.7157474300204,power,new ice,sigma0,46.84424591064453,NISAR_S2_PR_GCOV_030_091_D_123_3700_SHNA_A_20260912T130051_20260912T130131_P00500_M_F_I_001_gcov.tif,Band 1: HHHH,900,0.344305060073681,0.2069282430649914,0.6010026196556882,2.768517480297112,-4.630565946466788,2.652999420743512,-14.768872692078183,-9.833701125301022,-5.2393027038499085,-1.3351223128797187,1.4589121482241127,0
78,ROI 78,point,900,90000.00024414062,2100742.1140999836,742002.6970288556,70.54628029981286,-69.70129738432044,power,new ice,gamma0,46.83060073852539,NISAR_S2_PR_GCOV_030_091_D_123_3700_SHNA_A_20260912T130051_20260912T130131_P00500_M_F_I_001_gcov.tif,Band 1: HHHH,900,0.546281996625993,0.340951559914211,0.6241310568900926,2.5671332546488395,-2.6258311194162083,2.655742333045819,-12.696483139813948,-7.891337436642044,-3.2652134139545956,1.0224790741667997,3.4188642561967186,0
78,ROI 78,point,900,90000.00024414062,2100742.1140999836,742002.6970288556,70.54628029981286,-69.70129738432044,power,new ice,sigma0,46.83060073852539,NISAR_S2_PR_GCOV_030_091_D_123_3700_SHNA_A_20260912T130051_20260912T130131_P00500_M_F_I_001_gcov.tif,Band 1: HHHH,900,0.36726492125909954,0.22898249760608907,0.6234804479041045,2.572493715929424,-4.350205506395471,2.6567406649098095,-14.540763153883113,-9.556764477468175,-4.993904227794462,-0.732745839853009,1.7196241666334846,0
79,ROI 79,point,900,90000.00024414062,2102646.975098983,742403.7202284621,70.55286524839774,-69.68406796140829,power,new ice,gamma0,46.82921600341797,NISAR_S2_PR_GCOV_030_091_D_123_3700_SHNA_A_20260912T130051_20260912T130131_P00500_M_F_I_001_gcov.tif,Band 1: HHHH,900,0.5035479697026313,0.3113571025010249,0.6183265969375189,2.6155567318274957,-2.979591507611885,2.6973256165994837,-16.438052149279784,-8.421879273596023,-3.737246350138745,0.31980100357128827,3.8036240671284265,0
79,ROI 79,point,900,90000.00024414062,2102646.975098983,742403.7202284621,70.55286524839774,-69.68406796140829,power,new ice,sigma0,46.82921600341797,NISAR_S2_PR_GCOV_030_091_D_123_3700_SHNA_A_20260912T130051_20260912T130131_P00500_M_F_I_001_gcov.tif,Band 1: HHHH,900,0.33894537012980497,0.20925221705100802,0.6173626651718868,2.623730813736435,-4.698702940183253,2.6983872996634073,-18.449480602491622,-10.09064770527102,-5.430032084426262,-1.4415771440285272,2.131234866849846,0
80,ROI 80,point,900,90000.0,2104451.581,742403.7209001158,70.56829138402165,-69.66887460116484,power,new ice,gamma0,46.84482192993164,NISAR_S2_PR_GCOV_030_091_D_123_3700_SHNA_A_20260912T130051_20260912T130131_P00500_M_F_I_001_gcov.tif,Band 1: HHHH,900,0.544990508067939,0.32106055603231903,0.5891121978812434,2.8814027726912474,-2.636110616309077,2.603994598162036,-11.10961742893011,-8.075304218211194,-3.2192583214070725,0.5568140415797687,3.5049423687310983,0
80,ROI 80,point,900,90000.0,2104451.581,742403.7209001158,70.56829138402165,-69.66887460116484,power,new ice,sigma0,46.84482192993164,NISAR_S2_PR_GCOV_030_091_D_123_3700_SHNA_A_20260912T130051_20260912T130131_P00500_M_F_I_001_gcov.tif,Band 1: HHHH,900,0.3673353883161931,0.21714368901867973,0.5911319625752144,2.86174620339511,-4.349372306252572,2.6024055206098775,-12.719517402757209,-9.725555693554757,-4.953485953932769,-1.1018767575596358,1.870222161191304,0
81,ROI 81,point,900,90000.0,2106757.4649997684,743205.7674001157,70.56856754458077,-69.64707888896902,power,new ice,gamma0,46.829124450683594,NISAR_S2_PR_GCOV_030_091_D_123_3700_SHNA_A_20260912T130051_20260912T130131_P00500_M_F_I_001_gcov.tif,Band 1: HHHH,900,0.47563062600791456,0.2860765767502935,0.6014679482509463,2.7642353834189777,-3.2273018879259654,2.6738345279919633,-14.691116989213533,-8.872714222544495,-3.81762736152536,0.11868989115418832,2.491805883156069,0
81,ROI 81,point,900,90000.0,2106757.4649997684,743205.7674001157,70.56856754458077,-69.64707888896902,power,new ice,sigma0,46.829124450683594,NISAR_S2_PR_GCOV_030_091_D_123_3700_SHNA_A_20260912T130051_20260912T130131_P00500_M_F_I_001_gcov.tif,Band 1: HHHH,900,0.3211409378734043,0.1932930809492194,0.6018948634490714,2.7603155108422284,-4.933043286307404,2.674586660130997,-16.346052551263224,-10.595022025998222,-5.537435877061949,-1.6155350289306365,0.7634838359573917,0
82,ROI 82,point,900,90000.0,2107860.2790002315,743606.7907001157,70.56827792070263,-69.63660357740723,power,new ice,gamma0,46.82090759277344,NISAR_S2_PR_GCOV_030_091_D_123_3700_SHNA_A_20260912T130051_20260912T130131_P00500_M_F_I_001_gcov.tif,Band 1: HHHH,900,0.44084481534444625,0.26470682450564265,0.6004535276179185,2.7735832044682587,-3.557142624605417,2.591956184902408,-13.14146512974315,-8.934177301885896,-4.073436376793135,-0.19836585856976965,3.318495656159653,0
82,ROI 82,point,900,90000.0,2107860.2790002315,743606.7907001157,70.56827792070263,-69.63660357740723,power,new ice,sigma0,46.82090759277344,NISAR_S2_PR_GCOV_030_091_D_123_3700_SHNA_A_20260912T130051_20260912T130131_P00500_M_F_I_001_gcov.tif,Band 1: HHHH,900,0.2989469681358317,0.17947138215643613,0.6003452159945981,2.7745840899279024,-5.244058467548033,2.5963164880350162,-14.848253604601675,-10.656820360638292,-5.764466440530642,-1.9512753666989537,1.6537081389657695,0
83,ROI 83,point,900,90000.00024414062,2110065.905092515,743807.3016276639,70.58222679394498,-69.61743976192285,power,new ice,gamma0,46.83095169067383,NISAR_S2_PR_GCOV_030_091_D_123_3700_SHNA_A_20260912T130051_20260912T130131_P00500_M_F_I_001_gcov.tif,Band 1: HHHH,900,0.4658792976248595,0.2897143305821181,0.6218656464434809,2.585871075093441,-3.3172658795712073,2.6758475498070657,-12.634047779053201,-8.649126199469002,-4.013021417615737,0.10083950150113324,3.2443762364646296,0
83,ROI 83,point,900,90000.00024414062,2110065.905092515,743807.3016276639,70.58222679394498,-69.61743976192285,power,new ice,sigma0,46.83095169067383,NISAR_S2_PR_GCOV_030_091_D_123_3700_SHNA_A_20260912T130051_20260912T130131_P00500_M_F_I_001_gcov.tif,Band 1: HHHH,900,0.3151227345646254,0.19687500255308607,0.6247565819872984,2.561995245913482,-5.01520263472162,2.674384962748983,-14.194696563613272,-10.431317832599243,-5.735604756514155,-1.5380566513771676,1.4572467051163485,0
84,ROI 84,point,900,89999.99975585938,2111469.4899094407,744408.8378730419,70.5796498811497,-69.60383830851613,power,new ice,gamma0,46.816307067871094,NISAR_S2_PR_GCOV_030_091_D_123_3700_SHNA_A_20260912T130051_20260912T130131_P00500_M_F_I_001_gcov.tif,Band 1: HHHH,900,0.5229081920492981,0.30150442047814724,0.5765915031786735,3.007900899573898,-2.815745543188681,2.5856261481398826,-12.431459030216912,-8.019712849056642,-3.3749857754640953,0.39771819454473134,2.8058911361753713,0
84,ROI 84,point,900,89999.99975585938,2111469.4899094407,744408.8378730419,70.5796498811497,-69.60383830851613,power,new ice,sigma0,46.816307067871094,NISAR_S2_PR_GCOV_030_091_D_123_3700_SHNA_A_20260912T130051_20260912T130131_P00500_M_F_I_001_gcov.tif,Band 1: HHHH,900,0.3528278509433888,0.20398668932214634,0.5781479233476837,2.9917276820458776,-4.5243714056507836,2.591062481984061,-14.159432701894225,-9.658722600507893,-5.075923091337929,-1.3267280867297138,1.0814963292558182,0
85,ROI 85,point,900,90000.0,2113474.6049997685,744709.6046998843,70.58944374271158,-69.58606606729263,power,new ice,gamma0,46.82026290893555,NISAR_S2_PR_GCOV_030_091_D_123_3700_SHNA_A_20260912T130051_20260912T130131_P00500_M_F_I_001_gcov.tif,Band 1: HHHH,900,0.48141327146026824,0.2723639068712827,0.5657590328682106,3.1241868984151395,-3.174819413926999,2.507870280928514,-12.257281400005676,-8.247703293563774,-3.7627776062266327,0.035034439942285764,2.7182341787140185,0
85,ROI 85,point,900,90000.0,2113474.6049997685,744709.6046998843,70.58944374271158,-69.58606606729263,power,new ice,sigma0,46.82026290893555,NISAR_S2_PR_GCOV_030_091_D_123_3700_SHNA_A_20260912T130051_20260912T130131_P00500_M_F_I_001_gcov.tif,Band 1: HHHH,900,0.32411561654540366,0.18258924271224333,0.5633460203441489,3.1510082384778957,-4.893000432778702,2.5003399479459136,-13.897785955937142,-10.030472855769732,-5.436581966568753,-1.6433426437779564,1.0697685566740143,0
86,ROI 86,point,900,90000.0,2115479.7209997685,745210.8837002314,70.59438890168143,-69.56769965374806,power,new ice,gamma0,46.81480026245117,NISAR_S2_PR_GCOV_030_091_D_123_3700_SHNA_A_20260912T130051_20260912T130131_P00500_M_F_I_001_gcov.tif,Band 1: HHHH,900,0.5715900632283754,0.3787541123148458,0.6626324295695758,2.277480287557239,-2.4291532978063954,2.692601147271153,-14.44095607221827,-7.558905649535541,-3.238311624649049,1.0476540512316943,4.857518375382258,0
86,ROI 86,point,900,90000.0,2115479.7209997685,745210.8837002314,70.59438890168143,-69.56769965374806,power,new ice,sigma0,46.81480026245117,NISAR_S2_PR_GCOV_030_091_D_123_3700_SHNA_A_20260912T130051_20260912T130131_P00500_M_F_I_001_gcov.tif,Band 1: HHHH,900,0.38488917457098587,0.25373471910234924,0.6592409864090694,2.300973404314304,-4.146643037409528,2.689405479438252,-16.04592920401373,-9.176971215222766,-4.909653502364874,-0.678393002040647,2.900233782627443,0
87,ROI 87,point,900,89999.99975585938,2117484.838914647,744910.1169734758,70.61863481345085,-69.55171067357323,power,new ice,gamma0,46.84541320800781,NISAR_S2_PR_GCOV_030_091_D_123_3700_SHNA_A_20260912T130051_20260912T130131_P00500_M_F_I_001_gcov.tif,Band 1: HHHH,900,0.5457429924731453,0.34079357904319724,0.6244580026558323,2.5644458245073936,-2.630118320728468,2.684086368296439,-14.292707821280281,-8.004436851544247,-3.3984839557016455,0.8000243065710264,3.3870081120941524,0
87,ROI 87,point,900,89999.99975585938,2117484.838914647,744910.1169734758,70.61863481345085,-69.55171067357323,power,new ice,sigma0,46.84541320800781,NISAR_S2_PR_GCOV_030_091_D_123_3700_SHNA_A_20260912T130051_20260912T130131_P00500_M_F_I_001_gcov.tif,Band 1: HHHH,900,0.3653292558810793,0.2281816262577315,0.6245917144177701,2.563347955745277,-4.373155477197505,2.688744764707914,-16.445077000512867,-9.741632720636748,-5.153899940790215,-0.9747304676001235,1.6400438848871357,0
88,ROI 88,point,900,90000.0,2120292.0,745611.9070001157,70.62550622931741,-69.52599940023681,power,new ice,gamma0,46.838462829589844,NISAR_S2_PR_GCOV_030_091_D_123_3700_SHNA_A_20260912T130051_20260912T130131_P00500_M_F_I_001_gcov.tif,Band 1: HHHH,900,0.5295350218440096,0.3370881449379371,0.6365738450387829,2.4677571476670668,-2.7610531168374175,2.638548135459569,-15.238109215074703,-7.890337845351563,-3.5271931214254955,0.6511679686110556,4.3278261044296364,0
88,ROI 88,point,900,90000.0,2120292.0,745611.9070001157,70.62550622931741,-69.52599940023681,power,new ice,sigma0,46.838462829589844,NISAR_S2_PR_GCOV_030_091_D_123_3700_SHNA_A_20260912T130051_20260912T130131_P00500_M_F_I_001_gcov.tif,Band 1: HHHH,900,0.35779225618916166,0.22859895045002732,0.6389153104788524,2.449702860321277,-4.463690632396072,2.637036078092651,-16.56545974191043,-9.542781643422007,-5.283039555985095,-1.0525930413524225,2.667993913490563,0
89,ROI 89,point,900,90000.0,2122297.116,746213.4418998843,70.62799475154766,-69.50733851125011,power,new ice,gamma0,46.82900619506836,NISAR_S2_PR_GCOV_030_091_D_123_3700_SHNA_A_20260912T130051_20260912T130131_P00500_M_F_I_001_gcov.tif,Band 1: HHHH,900,0.5355875732087426,0.32805319219739276,0.6125108359628345,2.6654617061641526,-2.711695081153686,2.609880479733887,-12.719188590778735,-7.680387567983221,-3.415192559996523,0.6580513995824984,3.9668332332731926,0
89,ROI 89,point,900,90000.0,2122297.116,746213.4418998843,70.62799475154766,-69.50733851125011,power,new ice,sigma0,46.82900619506836,NISAR_S2_PR_GCOV_030_091_D_123_3700_SHNA_A_20260912T130051_20260912T130131_P00500_M_F_I_001_gcov.tif,Band 1: HHHH,900,0.36055600139406996,0.21972658794323616,0.6094104302623597,2.692652033219047,-4.430272712842058,2.602494987767787,-14.590006597947127,-9.377692197510568,-5.1524497953918305,-1.1353639651772822,2.138435910443674,0
90,ROI 90,point,900,90000.00024414062,2123500.1840803777,746614.4644246786,70.6285226576235,-69.49602379082113,power,new ice,gamma0,46.82160949707031,NISAR_S2_PR_GCOV_030_091_D_123_3700_SHNA_A_20260912T130051_20260912T130131_P00500_M_F_I_001_gcov.tif,Band 1: HHHH,900,0.4920628451721536,0.29360981984978707,0.5966917086516956,2.808665332238472,-3.079794265649855,2.4943808788398614,-12.29375150622326,-7.954446815395739,-3.697434930944437,0.21597991603972727,3.01450956284572,0
90,ROI 90,point,900,90000.00024414062,2123500.1840803777,746614.4644246786,70.6285226576235,-69.49602379082113,power,new ice,sigma0,46.82160949707031,NISAR_S2_PR_GCOV_030_091_D_123_3700_SHNA_A_20260912T130051_20260912T130131_P00500_M_F_I_001_gcov.tif,Band 1: HHHH,900,0.33182051908976057,0.19687285284869532,0.5933112677562877,2.84076172279072,-4.790967616150877,2.485316926175072,-14.046380338107653,-9.622046602204316,-5.404035221969377,-1.516496743880358,1.2850959148228038,0
91,ROI 91,point,900,90000.0,2125806.0699997684,746915.2326,70.64075638688077,-69.4757224958737,power,new ice,gamma0,46.82799530029297,NISAR_S2_PR_GCOV_030_091_D_123_3700_SHNA_A_20260912T130051_20260912T130131_P00500_M_F_I_001_gcov.tif,Band 1: HHHH,900,0.4571035523257322,0.2773165536406796,0.6066821231856533,2.7169247124476748,-3.399854036297926,2.6337072607916445,-13.381613527968332,-8.908032224974999,-3.9979053085924883,-0.02846121689251837,3.6284448398806104,0
91,ROI 91,point,900,90000.0,2125806.0699997684,746915.2326,70.64075638688077,-69.4757224958737,power,new ice,sigma0,46.82799530029297,NISAR_S2_PR_GCOV_030_091_D_123_3700_SHNA_A_20260912T130051_20260912T130131_P00500_M_F_I_001_gcov.tif,Band 1: HHHH,900,0.3073770555558024,0.18747090096983607,0.6099053185048221,2.6882840726210886,-5.123285539390913,2.6337860219312956,-15.046945697724093,-10.727017067104086,-5.747736588709122,-1.7673289225675433,2.0875221404019695,0
92,ROI 92,point,900,90000.0,2128312.4649997684,747617.0232998843,70.64504212554677,-69.4525480501379,power,new ice,gamma0,46.81838607788086,NISAR_S2_PR_GCOV_030_091_D_123_3700_SHNA_A_20260912T130051_20260912T130131_P00500_M_F_I_001_gcov.tif,Band 1: HHHH,900,0.5464129002971782,0.3448464074557643,0.631109564339005,2.510674873617878,-2.6247905591923315,2.737619000165711,-11.646623091534156,-8.327673623611322,-3.358172972512759,1.0152611410114307,3.1745711468680398,0
92,ROI 92,point,900,90000.0,2128312.4649997684,747617.0232998843,70.64504212554677,-69.4525480501379,power,new ice,sigma0,46.81838607788086,NISAR_S2_PR_GCOV_030_091_D_123_3700_SHNA_A_20260912T130051_20260912T130131_P00500_M_F_I_001_gcov.tif,Band 1: HHHH,900,0.3666306725302363,0.2317444216457528,0.6320922907142764,2.5028741506246357,-4.357712045309363,2.7373044484149185,-13.345478852305668,-10.042930250298657,-5.094619402187939,-0.7052511756700854,1.3444343029014338,0
93,ROI 93,point,900,90000.0,2129916.558,747817.5348998843,70.65373398275834,-69.43845216442806,power,new ice,gamma0,46.82321548461914,NISAR_S2_PR_GCOV_030_091_D_123_3700_SHNA_A_20260912T130051_20260912T130131_P00500_M_F_I_001_gcov.tif,Band 1: HHHH,900,0.5041051638126374,0.31349216576999644,0.6218785052686213,2.585764138063349,-2.9747885383372443,2.6897209052008386,-13.638831864219313,-8.335262487355699,-3.66410597337342,0.48327052240701823,3.9840442375691048,0
93,ROI 93,point,900,90000.0,2129916.558,747817.5348998843,70.65373398275834,-69.43845216442806,power,new ice,sigma0,46.82321548461914,NISAR_S2_PR_GCOV_030_091_D_123_3700_SHNA_A_20260912T130051_20260912T130131_P00500_M_F_I_001_gcov.tif,Band 1: HHHH,900,0.33787006220313226,0.2098790914317126,0.621182859656652,2.591558833289922,-4.712502882369175,2.6891362629862168,-15.514783445974011,-10.046701380777147,-5.395856535389466,-1.2443269804911548,2.256734097708932,0
94,ROI 94,point,900,89999.99975585938,2131921.6759288097,748519.3262770164,70.65378683806327,-69.4194995226368,power,new ice,gamma0,46.80933380126953,NISAR_S2_PR_GCOV_030_091_D_123_3700_SHNA_A_20260912T130051_20260912T130131_P00500_M_F_I_001_gcov.tif,Band 1: HHHH,900,0.46014841431544884,0.29140523090430726,0.6332853093448632,2.493452921762836,-3.3710207022600724,2.648088495028427,-12.370200940021977,-8.562354636047257,-4.081205335231129,-0.025110800536582628,3.9344681499273877,0
94,ROI 94,point,900,89999.99975585938,2131921.6759288097,748519.3262770164,70.65378683806327,-69.4194995226368,power,new ice,sigma0,46.80933380126953,NISAR_S2_PR_GCOV_030_091_D_123_3700_SHNA_A_20260912T130051_20260912T130131_P00500_M_F_I_001_gcov.tif,Band 1: HHHH,900,0.309309642986038,0.19504469276589487,0.6305807050920136,2.5148879756470905,-5.096065402931542,2.6436032445787525,-14.127724179932372,-10.294756965745153,-5.844329821917461,-1.7926522323229535,2.0788212949432654,0
95,ROI 95,point,900,89999.99975585938,2133726.2809288437,748820.0936771379,70.66174373552414,-69.40342062025742,power,new ice,gamma0,46.81098937988281,NISAR_S2_PR_GCOV_030_091_D_123_3700_SHNA_A_20260912T130051_20260912T130131_P00500_M_F_I_001_gcov.tif,Band 1: HHHH,900,0.44664852872490884,0.27288355161584743,0.6109581338930518,2.6790270446964537,-3.5003409225327053,2.6854457205803,-12.33851983865678,-8.93348099519207,-4.182268677722475,-0.00044341044351874293,2.571411163222286,0
95,ROI 95,point,900,89999.99975585938,2133726.2809288437,748820.0936771379,70.66174373552414,-69.40342062025742,power,new ice,sigma0,46.81098937988281,NISAR_S2_PR_GCOV_030_091_D_123_3700_SHNA_A_20260912T130051_20260912T130131_P00500_M_F_I_001_gcov.tif,Band 1: HHHH,900,0.30047157578773864,0.1830572083915857,0.6092330294859649,2.694220392401956,-5.221966053996936,2.681360735240222,-14.155324752794858,-10.630216603230792,-5.904598231740678,-1.7746399518335911,0.8630881118725166,0
96,ROI 96,point,900,89999.99975585938,2135430.6299311523,748920.349477294,70.67363828516085,-69.38877803747526,power,new ice,gamma0,46.82119369506836,NISAR_S2_PR_GCOV_030_091_D_123_3700_SHNA_A_20260912T130051_20260912T130131_P00500_M_F_I_001_gcov.tif,Band 1: HHHH,900,0.48672994954718485,0.3154945137780726,0.6481921116043584,2.3800852731245197,-3.127119298549164,2.663877498156288,-12.337826888851133,-8.555153252247086,-3.7929548220018843,0.3381021008471654,4.0438322374295375,0
96,ROI 96,point,900,89999.99975585938,2135430.6299311523,748920.349477294,70.67363828516085,-69.38877803747526,power,new ice,sigma0,46.82119369506836,NISAR_S2_PR_GCOV_030_091_D_123_3700_SHNA_A_20260912T130051_20260912T130131_P00500_M_F_I_001_gcov.tif,Band 1: HHHH,900,0.32872005900990525,0.2135020375531901,0.649495008598659,2.3705458753626756,-4.83173793784169,2.6637106540169024,-13.965600291959007,-10.259030194427488,-5.469108685920205,-1.3633623154121286,2.505806091130243,0
97,ROI 97,point,900,90000.0,2138739.07,748920.3487997685,70.70132254013535,-69.36092737535635,power,new ice,gamma0,46.84941864013672,NISAR_S2_PR_GCOV_030_091_D_123_3700_SHNA_A_20260912T130051_20260912T130131_P00500_M_F_I_001_gcov.tif,Band 1: HHHH,900,0.4935179969751173,0.3116170883259679,0.631419908161281,2.508207479275389,-3.066970054168956,2.570162545784116,-10.963743518632555,-8.19742721262786,-3.791426437877596,0.24300653037955586,4.49056450333278,0
97,ROI 97,point,900,90000.0,2138739.07,748920.3487997685,70.70132254013535,-69.36092737535635,power,new ice,sigma0,46.84941864013672,NISAR_S2_PR_GCOV_030_091_D_123_3700_SHNA_A_20260912T130051_20260912T130131_P00500_M_F_I_001_gcov.tif,Band 1: HHHH,900,0.33123122051723575,0.20777130356645784,0.6272696856353442,2.541507529162386,-4.798687351138058,2.5687840077484663,-12.594992138353923,-9.933125578309939,-5.501509633261508,-1.5456548449919327,2.5724242675728757,0
98,ROI 98,point,900,89999.99975585938,2140844.4439363475,748920.349477294,70.71890010352342,-69.34320298217409,power,new ice,gamma0,46.8674430847168,NISAR_S2_PR_GCOV_030_091_D_123_3700_SHNA_A_20260912T130051_20260912T130131_P00500_M_F_I_001_gcov.tif,Band 1: HHHH,900,0.48286244314991766,0.2907776919944158,0.602195710433698,2.7575581841177192,-3.1617657253929563,2.525406143468962,-12.397622985994632,-8.260979638825622,-3.872680483797337,0.26892356089205266,2.808894857389899,0
98,ROI 98,point,900,89999.99975585938,2140844.4439363475,748920.349477294,70.71890010352342,-69.34320298217409,power,new ice,sigma0,46.8674430847168,NISAR_S2_PR_GCOV_030_091_D_123_3700_SHNA_A_20260912T130051_20260912T130131_P00500_M_F_I_001_gcov.tif,Band 1: HHHH,900,0.3251951306208566,0.195051606110988,0.5997986677678693,2.779642903834792,-4.878559660309984,2.5178898213664866,-14.172673924784135,-9.9265720465049,-5.632678951223367,-1.4337416687095166,0.9687661932360915,0
99,ROI 99,point,900,90000.0,2143050.0699997684,749020.6046998843,70.73489303768955,-69.32433860311149,power,new ice,gamma0,46.88187026977539,NISAR_S2_PR_GCOV_030_091_D_123_3700_SHNA_A_20260912T130051_20260912T130131_P00500_M_F_I_001_gcov.tif,Band 1: HHHH,900,0.4659145607550939,0.2832123951104682,0.6078633701669985,2.7063754971621226,-3.316937167748415,2.499481250688758,-11.399550625392212,-8.221422709184553,-3.936650439901555,0.018851357206287746,3.8177394118076173,0
99,ROI 99,point,900,90000.0,2143050.0699997684,749020.6046998843,70.73489303768955,-69.32433860311149,power,new ice,sigma0,46.88187026977539,NISAR_S2_PR_GCOV_030_091_D_123_3700_SHNA_A_20260912T130051_20260912T130131_P00500_M_F_I_001_gcov.tif,Band 1: HHHH,900,0.31331813178678647,0.19026277953473433,0.6072510979486131,2.7118357553814874,-5.040144716772048,2.4972881857342526,-13.09675194052403,-9.970600873482814,-5.652345087030387,-1.7067227145692283,2.089631248910041,0
100,ROI 100,point,900,90000.0,2145556.4649997684,749321.3721002315,70.74858352031829,-69.30235188061228,power,new ice,gamma0,46.889896392822266,NISAR_S2_PR_GCOV_030_091_D_123_3700_SHNA_A_20260912T130051_20260912T130131_P00500_M_F_I_001_gcov.tif,Band 1: HHHH,900,0.47650560875733694,0.28163263708035974,0.5910374020881309,2.862661982198066,-3.219319830885593,2.5745831000633395,-11.937197088479492,-8.217459223726152,-3.905350820237744,0.11821295346222656,2.7483993075216113,0
100,ROI 100,point,900,90000.0,2145556.4649997684,749321.3721002315,70.74858352031829,-69.30235188061228,power,new ice,sigma0,46.889896392822266,NISAR_S2_PR_GCOV_030_091_D_123_3700_SHNA_A_20260912T130051_20260912T130131_P00500_M_F_I_001_gcov.tif,Band 1: HHHH,900,0.31977971784600506,0.188333806047958,0.5889485653328804,2.883004123999365,-4.951490850140937,2.5667696479328646,-13.664557317215655,-9.920798414128564,-5.604827445315919,-1.629251997681259,1.0365451701835844,0
101,ROI 101,point,900,90000.0,2148463.8839997686,749922.9070001157,70.75842124052959,-69.27610534736927,power,new ice,gamma0,46.8880500793457,NISAR_S2_PR_GCOV_030_091_D_123_3700_SHNA_A_20260912T130051_20260912T130131_P00500_M_F_I_001_gcov.tif,Band 1: HHHH,900,0.5148199067761501,0.29783229125851984,0.5785174336469878,2.9879071536294237,-2.88344668380152,2.5845581729657248,-12.572354539714398,-8.291077970157863,-3.36722163915885,0.3690046064591851,3.8066769064257118,0
101,ROI 101,point,900,90000.0,2148463.8839997686,749922.9070001157,70.75842124052959,-69.27610534736927,power,new ice,sigma0,46.8880500793457,NISAR_S2_PR_GCOV_030_091_D_123_3700_SHNA_A_20260912T130051_20260912T130131_P00500_M_F_I_001_gcov.tif,Band 1: HHHH,900,0.346480048004159,0.20020194372377864,0.577816658930316,2.9951590023421697,-4.603217691075263,2.5845650359155132,-14.279440605621442,-10.005744375402664,-5.095723985562217,-1.3619453867263707,1.9919328880090912,0
102,ROI 102,point,900,90000.0,2151170.7910011574,750223.6744002315,70.77371445571643,-69.25243172368124,power,new ice,gamma0,46.89780044555664,NISAR_S2_PR_GCOV_030_091_D_123_3700_SHNA_A_20260912T130051_20260912T130131_P00500_M_F_I_001_gcov.tif,Band 1: HHHH,900,0.4901838276700841,0.2951228770824412,0.6020657158054432,2.7587491054433806,-3.096410212551008,2.5715156761043176,-12.510497439629214,-8.223265101715025,-3.727179044356853,0.09567608810685821,3.3799696605294347,0
102,ROI 102,point,900,90000.0,2151170.7910011574,750223.6744002315,70.77371445571643,-69.25243172368124,power,new ice,sigma0,46.89780044555664,NISAR_S2_PR_GCOV_030_091_D_123_3700_SHNA_A_20260912T130051_20260912T130131_P00500_M_F_I_001_gcov.tif,Band 1: HHHH,900,0.3296320160177695,0.19883187907518493,0.603193468514498,2.7484430310415195,-4.819706134051835,2.5720318348211926,-14.277571376243339,-9.951170680118635,-5.501386997255731,-1.5389909364997136,1.625743442990433,0
103,ROI 103,point,900,90000.0,2154178.465,751326.4884001157,70.77243670456913,-69.22387221791867,power,new ice,gamma0,46.87453079223633,NISAR_S2_PR_GCOV_030_091_D_123_3700_SHNA_A_20260912T130051_20260912T130131_P00500_M_F_I_001_gcov.tif,Band 1: HHHH,900,0.48224082886344855,0.29254052321143936,0.606627447744113,2.7174144883495543,-3.167360229103515,2.60322127408206,-11.437549697737595,-8.46674368443216,-3.8590051447465967,0.13861465232503967,3.129141628638373,0
103,ROI 103,point,900,90000.0,2154178.465,751326.4884001157,70.77243670456913,-69.22387221791867,power,new ice,sigma0,46.87453079223633,NISAR_S2_PR_GCOV_030_091_D_123_3700_SHNA_A_20260912T130051_20260912T130131_P00500_M_F_I_001_gcov.tif,Band 1: HHHH,900,0.32413196418512497,0.1958781503409294,0.6043160563734326,2.738241405490908,-4.892781390242003,2.5972739171754857,-12.964066669584595,-10.187976103219116,-5.537869807575727,-1.552966704654022,1.2329433656705178,0
104,ROI 104,point,900,90000.0,2156584.605,751627.2558,70.7851913852097,-69.20273313401356,power,new ice,gamma0,46.88173294067383,NISAR_S2_PR_GCOV_030_091_D_123_3700_SHNA_A_20260912T130051_20260912T130131_P00500_M_F_I_001_gcov.tif,Band 1: HHHH,900,0.47514366299327876,0.28324442095632385,0.5961237474408462,2.814019834202747,-3.231750585605033,2.6469042934977796,-12.780240227167777,-8.616096984333213,-3.8835835084869146,-0.057177578631915554,2.3759198331270923,0
104,ROI 104,point,900,90000.0,2156584.605,751627.2558,70.7851913852097,-69.20273313401356,power,new ice,sigma0,46.88173294067383,NISAR_S2_PR_GCOV_030_091_D_123_3700_SHNA_A_20260912T130051_20260912T130131_P00500_M_F_I_001_gcov.tif,Band 1: HHHH,900,0.31924710112068383,0.18926744887257005,0.5928556538435785,2.84512969294025,-4.95873037597849,2.6363835126969213,-14.507747258168155,-10.362573522705258,-5.585622875050715,-1.7925705015845557,0.7073145115721591,0
105,ROI 105,point,900,90000.00024414062,2159893.045046702,752228.7900198655,70.79823860896124,-69.1731164395615,power,new ice,gamma0,46.883277893066406,NISAR_S2_PR_GCOV_030_091_D_123_3700_SHNA_A_20260912T130051_20260912T130131_P00500_M_F_I_001_gcov.tif,Band 1: HHHH,900,0.4795710334637099,0.300219884606066,0.6260175524733486,2.551684523086058,-3.1914705657148974,2.6775384952836756,-14.65733294667465,-8.547694311620003,-3.9114724367922618,0.18516989282219123,4.068303636393623,0
105,ROI 105,point,900,90000.00024414062,2159893.045046702,752228.7900198655,70.79823860896124,-69.1731164395615,power,new ice,sigma0,46.883277893066406,NISAR_S2_PR_GCOV_030_091_D_123_3700_SHNA_A_20260912T130051_20260912T130131_P00500_M_F_I_001_gcov.tif,Band 1: HHHH,900,0.32273734721911046,0.20155424051225923,0.6245147710637329,2.5639796293211177,-4.9115077505886156,2.6773560724771657,-16.257466763471783,-10.259464350041977,-5.612949171390595,-1.5051022250996322,2.2104278828598445,0
106,ROI 106,point,900,90000.0,2162098.6739997687,753030.8372002315,70.79743767624467,-69.15219740508213,power,new ice,gamma0,46.86600875854492,NISAR_S2_PR_GCOV_030_091_D_123_3700_SHNA_A_20260912T130051_20260912T130131_P00500_M_F_I_001_gcov.tif,Band 1: HHHH,900,0.4402111426037219,0.2662727740187036,0.6048751343361664,2.733181905277183,-3.563389688020586,2.597502141218813,-13.094241284073412,-8.81082018742947,-4.196005212675946,-0.17605256144851752,2.712671130494433,0
106,ROI 106,point,900,90000.0,2162098.6739997687,753030.8372002315,70.79743767624467,-69.15219740508213,power,new ice,sigma0,46.86600875854492,NISAR_S2_PR_GCOV_030_091_D_123_3700_SHNA_A_20260912T130051_20260912T130131_P00500_M_F_I_001_gcov.tif,Band 1: HHHH,900,0.29540148172147157,0.17813417885716196,0.6030239855909771,2.749988175615764,-5.295873306156572,2.590274004023197,-14.673997375955235,-10.511746195077214,-5.926228580442591,-1.8608058086753712,0.9636489240360029,0
107,ROI 107,point,900,90000.0,2164003.5350002316,753030.8372,70.81310458271943,-69.13616201882392,power,new ice,gamma0,46.88222885131836,NISAR_S2_PR_GCOV_030_091_D_123_3700_SHNA_A_20260912T130051_20260912T130131_P00500_M_F_I_001_gcov.tif,Band 1: HHHH,900,0.48969301701005963,0.29425280130853004,0.6008923776474544,2.769533419042307,-3.1007608894813083,2.6272598186390854,-13.015166591090656,-8.30323987442934,-3.8086724210408534,0.40295743277170665,2.473169882045104,0
107,ROI 107,point,900,90000.0,2164003.5350002316,753030.8372,70.81310458271943,-69.13616201882392,power,new ice,sigma0,46.88222885131836,NISAR_S2_PR_GCOV_030_091_D_123_3700_SHNA_A_20260912T130051_20260912T130131_P00500_M_F_I_001_gcov.tif,Band 1: HHHH,900,0.3288834381440071,0.19693001489243023,0.5987836176967997,2.7890749193697766,-4.829579960940242,2.61853533394239,-14.812346032881026,-10.015039132246264,-5.530961245429902,-1.337465329142168,0.6450706928925408,0
108,ROI 108,point,900,90000.0,2166309.419,753632.3721,70.81784355125876,-69.11498880126891,power,new ice,gamma0,46.8751106262207,NISAR_S2_PR_GCOV_030_091_D_123_3700_SHNA_A_20260912T130051_20260912T130131_P00500_M_F_I_001_gcov.tif,Band 1: HHHH,900,0.459318894619743,0.29369715586521394,0.639418842345594,2.4458461776879905,-3.3788568900334464,2.6650876694117507,-14.591351073775492,-8.59580340444505,-4.049283022104254,0.029259783068171476,3.414984255515212,0
108,ROI 108,point,900,90000.0,2166309.419,753632.3721,70.81784355125876,-69.11498880126891,power,new ice,sigma0,46.8751106262207,NISAR_S2_PR_GCOV_030_091_D_123_3700_SHNA_A_20260912T130051_20260912T130131_P00500_M_F_I_001_gcov.tif,Band 1: HHHH,900,0.3089546336551749,0.19782750103644198,0.6403124584861796,2.4390241255644822,-5.101052869171719,2.664998981566199,-16.261919797866128,-10.300080794530494,-5.790993820016379,-1.7000347875647552,1.987862117379176,0
109,ROI 109,point,900,90000.0,2168114.023,753832.8837001157,70.82791685785355,-69.09921047051142,power,new ice,gamma0,46.881587982177734,NISAR_S2_PR_GCOV_030_091_D_123_3700_SHNA_A_20260912T130051_20260912T130131_P00500_M_F_I_001_gcov.tif,Band 1: HHHH,900,0.44612665114717354,0.2675008129014806,0.5996073361984247,2.7814171259291887,-3.505418316778538,2.5452649376672065,-13.315407383906022,-8.323360772406943,-4.155392939083805,-0.15595666171673486,2.488948182071688,0
109,ROI 109,point,900,90000.0,2168114.023,753832.8837001157,70.82791685785355,-69.09921047051142,power,new ice,sigma0,46.881587982177734,NISAR_S2_PR_GCOV_030_091_D_123_3700_SHNA_A_20260912T130051_20260912T130131_P00500_M_F_I_001_gcov.tif,Band 1: HHHH,900,0.29964547890784166,0.17970610052334762,0.5997290570788744,2.7802882088597585,-5.233922706128798,2.544226144536016,-15.013888418574368,-10.03227532629953,-5.876028336086127,-1.8908201838235772,0.7421886965495947,0
110,ROI 110,point,900,90000.0,2171422.465,754334.1628,70.84319688907667,-69.06989299894278,power,new ice,gamma0,46.88747024536133,NISAR_S2_PR_GCOV_030_091_D_123_3700_SHNA_A_20260912T130051_20260912T130131_P00500_M_F_I_001_gcov.tif,Band 1: HHHH,900,0.47909337878641156,0.2902817784146641,0.6058981218859152,2.7239603857118997,-3.1957983117983293,2.611399460287448,-12.89932211264558,-8.483462495076221,-3.790862049555151,0.15942531213561847,3.2303610855070786,0
110,ROI 110,point,900,90000.0,2171422.465,754334.1628,70.84319688907667,-69.06989299894278,power,new ice,sigma0,46.88747024536133,NISAR_S2_PR_GCOV_030_091_D_123_3700_SHNA_A_20260912T130051_20260912T130131_P00500_M_F_I_001_gcov.tif,Band 1: HHHH,900,0.32227925961668114,0.19510830625685954,0.6054013729860287,2.7284323922968685,-4.917676427466163,2.612981868814774,-14.726427670660664,-10.171725859973579,-5.49985548960678,-1.5916112197903267,1.4174934756616075,0
111,ROI 111,point,900,90000.0,2174229.628,754634.9302001158,70.85905699041652,-69.04538249162289,power,new ice,gamma0,46.897884368896484,NISAR_S2_PR_GCOV_030_091_D_123_3700_SHNA_A_20260912T130051_20260912T130131_P00500_M_F_I_001_gcov.tif,Band 1: HHHH,900,0.438235259089205,0.25990493419705507,0.5930717093307869,2.8430571141815224,-3.5829268334343274,2.5549085524626505,-13.844047063943668,-8.350372951170982,-4.307985793274352,-0.27123465558137116,2.8500526688558807,0
111,ROI 111,point,900,90000.0,2174229.628,754634.9302001158,70.85905699041652,-69.04538249162289,power,new ice,sigma0,46.897884368896484,NISAR_S2_PR_GCOV_030_091_D_123_3700_SHNA_A_20260912T130051_20260912T130131_P00500_M_F_I_001_gcov.tif,Band 1: HHHH,900,0.29464159099598003,0.17529898358793486,0.5949566827798135,2.825070602368269,-5.307059490577411,2.555758115474981,-15.4463726177815,-10.020493869632602,-6.085703305808321,-1.970713075520834,1.1490011059688587,0
112,ROI 112,point,900,90000.0,2177237.3019997687,754735.1860001157,70.88122305653556,-69.01976951460374,power,new ice,gamma0,46.918907165527344,NISAR_S2_PR_GCOV_030_091_D_123_3700_SHNA_A_20260912T130051_20260912T130131_P00500_M_F_I_001_gcov.tif,Band 1: HHHH,900,0.4830541235994962,0.28932698412126645,0.5989535540351781,2.787492499701745,-3.1600420617661165,2.5315965666272433,-12.69958865051954,-8.267986101021997,-3.7334064973329086,-0.002810054193405279,4.010575157037058,0
112,ROI 112,point,900,90000.0,2177237.3019997687,754735.1860001157,70.88122305653556,-69.01976951460374,power,new ice,sigma0,46.918907165527344,NISAR_S2_PR_GCOV_030_091_D_123_3700_SHNA_A_20260912T130051_20260912T130131_P00500_M_F_I_001_gcov.tif,Band 1: HHHH,900,0.32479417883174305,0.19422288485561287,0.5979875795625895,2.796505467552543,-4.883917630635816,2.528436302089766,-14.306061169449446,-9.982046328171805,-5.470312248400066,-1.7375674005498667,2.255317943633637,0
113,ROI 113,point,900,90000.0,2179142.1629993054,755035.9535001158,70.88966291785518,-69.00285540882209,power,new ice,gamma0,46.92177200317383,NISAR_S2_PR_GCOV_030_091_D_123_3700_SHNA_A_20260912T130051_20260912T130131_P00500_M_F_I_001_gcov.tif,Band 1: HHHH,900,0.4582004339827432,0.2817104533604514,0.6148192635082952,2.645483561761901,-3.3894450380611203,2.6556610652709716,-14.455698319507205,-8.643620596623503,-4.0726579140568635,-0.039953381711126196,3.2616705747488997,0
113,ROI 113,point,900,90000.0,2179142.1629993054,755035.9535001158,70.88966291785518,-69.00285540882209,power,new ice,sigma0,46.92177200317383,NISAR_S2_PR_GCOV_030_091_D_123_3700_SHNA_A_20260912T130051_20260912T130131_P00500_M_F_I_001_gcov.tif,Band 1: HHHH,900,0.3080187316554408,0.1891895390972317,0.6142143956000212,2.650696581935433,-5.1142287178777055,2.6546983722372497,-16.233707382456668,-10.351827590115628,-5.805814738536784,-1.7433250331431525,1.4048107692116276,0
114,ROI 114,point,900,90000.0,2181247.535,755336.7209001158,70.89971760333832,-68.98425369506487,power,new ice,gamma0,46.926231384277344,NISAR_S2_PR_GCOV_030_091_D_123_3700_SHNA_A_20260912T130051_20260912T130131_P00500_M_F_I_001_gcov.tif,Band 1: HHHH,900,0.4838346123115884,0.2966186824343661,0.6130580055387694,2.6607058472324345,-3.153030665275858,2.6142757575035542,-14.059731037027047,-8.391183674324981,-3.7500689512630143,0.3892493418909502,3.135508318977991,0
114,ROI 114,point,900,90000.0,2181247.535,755336.7209001158,70.89971760333832,-68.98425369506487,power,new ice,sigma0,46.926231384277344,NISAR_S2_PR_GCOV_030_091_D_123_3700_SHNA_A_20260912T130051_20260912T130131_P00500_M_F_I_001_gcov.tif,Band 1: HHHH,900,0.3250747464636885,0.1990332731020657,0.6122692558165176,2.6675655180331685,-4.8801676750006955,2.621191919713217,-15.810868834014435,-10.12485961772734,-5.463928723911228,-1.3152636257316577,1.298004121588637,0
115,ROI 115,point,900,90000.0,2183653.674,755838.0,70.90749486787271,-68.96253610492391,power,new ice,gamma0,46.924400329589844,NISAR_S2_PR_GCOV_030_091_D_123_3700_SHNA_A_20260912T130051_20260912T130131_P00500_M_F_I_001_gcov.tif,Band 1: HHHH,900,0.43898370787087415,0.2690398844732259,0.6128698620231329,2.662339705972715,-3.575515975553165,2.6351876217939543,-12.197572021822442,-8.954155804982953,-4.223970620908429,-0.3780714600035112,3.1860315386800018,0
115,ROI 115,point,900,90000.0,2183653.674,755838.0,70.90749486787271,-68.96253610492391,power,new ice,sigma0,46.924400329589844,NISAR_S2_PR_GCOV_030_091_D_123_3700_SHNA_A_20260912T130051_20260912T130131_P00500_M_F_I_001_gcov.tif,Band 1: HHHH,900,0.29526106538849883,0.18040381714347117,0.610997650184928,2.678680523588909,-5.297938175176161,2.6265741466419397,-13.833576731359987,-10.610060522618,-5.956356272620185,-2.0866903959420027,1.2982596108603084,0
116,ROI 116,point,900,90000.0,2184856.7439997685,756339.2791,70.90550773060014,-68.95094741969015,power,new ice,gamma0,46.912357330322266,NISAR_S2_PR_GCOV_030_091_D_123_3700_SHNA_A_20260912T130051_20260912T130131_P00500_M_F_I_001_gcov.tif,Band 1: HHHH,900,0.41127980869677333,0.25558534409086764,0.6214390755061465,2.589422303442565,-3.8586261114927733,2.6050145484584437,-13.147301899485722,-8.934085254506043,-4.642503476441993,-0.38873773352618685,3.3469908849071626,0
116,ROI 116,point,900,90000.0,2184856.7439997685,756339.2791,70.90550773060014,-68.95094741969015,power,new ice,sigma0,46.912357330322266,NISAR_S2_PR_GCOV_030_091_D_123_3700_SHNA_A_20260912T130051_20260912T130131_P00500_M_F_I_001_gcov.tif,Band 1: HHHH,900,0.27689459296792046,0.17168890231583078,0.6200514805130982,2.6010248556449165,-5.576855248146386,2.6021055583859614,-14.698353727420791,-10.658661259350877,-6.3601864515706765,-2.230756004901377,1.5202046600555068,0
117,ROI 117,point,900,90000.0,2186260.326,756439.5348998843,70.91453294190045,-68.93883959958282,power,new ice,gamma0,46.91981887817383,NISAR_S2_PR_GCOV_030_091_D_123_3700_SHNA_A_20260912T130051_20260912T130131_P00500_M_F_I_001_gcov.tif,Band 1: HHHH,900,0.4266411468676395,0.2595456253435956,0.6083464458342942,2.702079047090047,-3.699372618827978,2.6670563484762835,-15.570820570133403,-9.251719602971152,-4.322651507558301,-0.21315586141332912,3.2870642046202296,0
117,ROI 117,point,900,90000.0,2186260.326,756439.5348998843,70.91453294190045,-68.93883959958282,power,new ice,sigma0,46.91981887817383,NISAR_S2_PR_GCOV_030_091_D_123_3700_SHNA_A_20260912T130051_20260912T130131_P00500_M_F_I_001_gcov.tif,Band 1: HHHH,900,0.28673791052409153,0.17415667561007406,0.6073723397501062,2.7107532067864684,-5.425148838132977,2.665520483950249,-17.357923147364538,-10.880348130409825,-6.027834526509803,-1.9272447008581386,1.3845153858033732,0
118,ROI 118,point,900,90000.0,2188064.9300002316,757442.0929997686,70.9056895308748,-68.92072792612652,power,new ice,gamma0,46.890254974365234,NISAR_S2_PR_GCOV_030_091_D_123_3700_SHNA_A_20260912T130051_20260912T130131_P00500_M_F_I_001_gcov.tif,Band 1: HHHH,900,0.42770374379224246,0.2621421885284938,0.6129059947060684,2.662025809088933,-3.688569482440159,2.6200723167870397,-12.755648805507874,-8.709012095890495,-4.3233393285793404,-0.3768670448952328,3.178301831838431,0
118,ROI 118,point,900,90000.0,2188064.9300002316,757442.0929997686,70.9056895308748,-68.92072792612652,power,new ice,sigma0,46.890254974365234,NISAR_S2_PR_GCOV_030_091_D_123_3700_SHNA_A_20260912T130051_20260912T130131_P00500_M_F_I_001_gcov.tif,Band 1: HHHH,900,0.28798555423657296,0.17610482851241988,0.61150577145878,2.674230756691717,-5.406292965209421,2.6189864496460826,-14.260694525786246,-10.407407873376883,-6.078391984214351,-2.00640496775976,1.3160602368836538,0
119,ROI 119,point,900,89999.99975585938,2191573.8859820617,757642.6053853297,70.92937004864689,-68.89060698405493,power,new ice,gamma0,46.910980224609375,NISAR_S2_PR_GCOV_030_091_D_123_3700_SHNA_A_20260912T130051_20260912T130131_P00500_M_F_I_001_gcov.tif,Band 1: HHHH,900,0.44862303372058604,0.2709877804300944,0.6040433951478126,2.740714011835421,-3.481184321330325,2.587015955972466,-12.769168621962894,-8.459962804549528,-4.26750345832908,0.001242167618545115,2.351762019526911,0
119,ROI 119,point,900,89999.99975585938,2191573.8859820617,757642.6053853297,70.92937004864689,-68.89060698405493,power,new ice,sigma0,46.910980224609375,NISAR_S2_PR_GCOV_030_091_D_123_3700_SHNA_A_20260912T130051_20260912T130131_P00500_M_F_I_001_gcov.tif,Band 1: HHHH,900,0.3019417111592366,0.18189068151788648,0.6024032943959896,2.7556580410320746,-5.200768880533953,2.574890020540191,-14.472122620399166,-10.160219452914568,-5.980203464409067,-1.7760585462412588,0.5177622101266518,0
120,ROI 120,point,900,89999.99975585938,2193077.722982669,757943.3727852197,70.93448373555712,-68.87707289028283,power,new ice,gamma0,46.91033935546875,NISAR_S2_PR_GCOV_030_091_D_123_3700_SHNA_A_20260912T130051_20260912T130131_P00500_M_F_I_001_gcov.tif,Band 1: HHHH,900,0.4053395744495922,0.2360353831651517,0.5823151699057821,2.94906124464421,-3.92180992789151,2.5178645661008776,-12.606482177508367,-9.163616317689991,-4.538040697759648,-0.7335140803247784,2.5285232757513403,0
120,ROI 120,point,900,89999.99975585938,2193077.722982669,757943.3727852197,70.93448373555712,-68.87707289028283,power,new ice,sigma0,46.91033935546875,NISAR_S2_PR_GCOV_030_091_D_123_3700_SHNA_A_20260912T130051_20260912T130131_P00500_M_F_I_001_gcov.tif,Band 1: HHHH,900,0.2720990643475204,0.15872286687230064,0.5833274996843886,2.938834289776064,-5.652729516028499,2.514586704863022,-14.377528383420014,-10.919682751690168,-6.278654200697869,-2.4822600548110945,0.766748337980365,0
121,ROI 121,point,900,90000.0,2195483.8600002313,758143.8837001157,70.94919683202389,-68.85623535344547,power,new ice,gamma0,46.921775817871094,NISAR_S2_PR_GCOV_030_091_D_123_3700_SHNA_A_20260912T130051_20260912T130131_P00500_M_F_I_001_gcov.tif,Band 1: HHHH,900,0.44221548938088945,0.26312839577432584,0.5950230195299375,2.824440725708355,-3.5436604955731554,2.536403360088902,-13.405661137754265,-8.515698208565576,-4.060520620138951,-0.19523224266394112,3.068336111648706,0
121,ROI 121,point,900,90000.0,2195483.8600002313,758143.8837001157,70.94919683202389,-68.85623535344547,power,new ice,sigma0,46.921775817871094,NISAR_S2_PR_GCOV_030_091_D_123_3700_SHNA_A_20260912T130051_20260912T130131_P00500_M_F_I_001_gcov.tif,Band 1: HHHH,900,0.29660649581359305,0.17628244973870272,0.5943310488030922,2.8310214623627266,-5.278193419620296,2.528242858758342,-15.091209268015886,-10.264174926951775,-5.800426572829073,-1.9804062797820028,1.2723421081651005,0
122,ROI 122,point,900,90000.0,2198792.302,758845.6744,70.959457195965,-68.82634619316755,power,new ice,gamma0,46.918601989746094,NISAR_S2_PR_GCOV_030_091_D_123_3700_SHNA_A_20260912T130051_20260912T130131_P00500_M_F_I_001_gcov.tif,Band 1: HHHH,900,0.44046823234607774,0.25433852538107293,0.5774276252032589,2.9991962542625674,-3.5608540851029624,2.561547834881457,-12.574671168017025,-8.650145056978305,-4.234527219827752,-0.12694870656591023,2.168525518562616,0
122,ROI 122,point,900,90000.0,2198792.302,758845.6744,70.959457195965,-68.82634619316755,power,new ice,sigma0,46.918601989746094,NISAR_S2_PR_GCOV_030_091_D_123_3700_SHNA_A_20260912T130051_20260912T130131_P00500_M_F_I_001_gcov.tif,Band 1: HHHH,900,0.29617682027131637,0.17178357451524492,0.5800034396948435,2.9726163468751796,-5.284489337357416,2.5651726810291056,-14.274152820272734,-10.372783190878948,-5.958912660365343,-1.8288490627268759,0.3783612123061398,0
123,ROI 123,point,900,90000.0,2204495.3139997683,759550.6052,70.98880131363289,-68.77629353273424,power,new ice,gamma0,46.93500900268555,NISAR_S2_PR_GCOV_030_091_D_123_3700_SHNA_A_20260912T130051_20260912T130131_P00500_M_F_I_001_gcov.tif,Band 1: HHHH,900,0.4450010314004289,0.2804766504181583,0.630283146840113,2.5172631059888206,-3.5163898243256098,2.5366673931947705,-12.501690585881027,-8.431345578934192,-4.194034481845274,-0.09027595813532704,4.190861919052495,0
123,ROI 123,point,900,90000.0,2204495.3139997683,759550.6052,70.98880131363289,-68.77629353273424,power,new ice,sigma0,46.93500900268555,NISAR_S2_PR_GCOV_030_091_D_123_3700_SHNA_A_20260912T130051_20260912T130131_P00500_M_F_I_001_gcov.tif,Band 1: HHHH,900,0.29844702874307344,0.18798626947418803,0.6298815245904872,2.520474221549937,-5.251327404677699,2.5393928400382877,-14.020317636236841,-10.22886934215229,-5.895036672627699,-1.7408082849692192,2.408040578422959,0
124,ROI 124,point,900,89999.99975585938,2201799.978990126,759246.6983865561,70.974270089004,-68.79986400373143,power,new ice,gamma0,46.92607879638672,NISAR_S2_PR_GCOV_030_091_D_123_3700_SHNA_A_20260912T130051_20260912T130131_P00500_M_F_I_001_gcov.tif,Band 1: HHHH,900,0.4578507869235343,0.28351880945561014,0.6192384452600289,2.607859422175643,-3.3927603504003594,2.639633971659288,-13.562677812092886,-8.84988462231947,-4.092214600800753,-0.043920320191609345,3.49679451164099,0
124,ROI 124,point,900,89999.99975585938,2201799.978990126,759246.6983865561,70.974270089004,-68.79986400373143,power,new ice,sigma0,46.92607879638672,NISAR_S2_PR_GCOV_030_091_D_123_3700_SHNA_A_20260912T130051_20260912T130131_P00500_M_F_I_001_gcov.tif,Band 1: HHHH,900,0.30654497799296143,0.19019275186903012,0.6204399534263357,2.597768742396511,-5.135057943558966,2.642037680002406,-15.25562936849827,-10.656714601450204,-5.835415477304156,-1.7458867366360775,1.725825755161846,0
125,ROI 125,point,900,90000.00024414062,2206651.6890048147,759440.5324132653,71.00860260363777,-68.75846007138675,power,new ice,gamma0,46.95798873901367,NISAR_S2_PR_GCOV_030_091_D_123_3700_SHNA_A_20260912T130051_20260912T130131_P00500_M_F_I_001_gcov.tif,Band 1: HHHH,900,0.46595780045621926,0.26349838729373876,0.5654983928496261,3.1270674575663793,-3.3165341347925503,2.5366848639077144,-11.985112990030682,-8.496318794277332,-3.8953427123390627,-0.10755591131381158,1.9333175350619536,0
125,ROI 125,point,900,90000.00024414062,2206651.6890048147,759440.5324132653,71.00860260363777,-68.75846007138675,power,new ice,sigma0,46.95798873901367,NISAR_S2_PR_GCOV_030_091_D_123_3700_SHNA_A_20260912T130051_20260912T130131_P00500_M_F_I_001_gcov.tif,Band 1: HHHH,900,0.312207596831811,0.17645109134802672,0.5651723184784722,3.130676801708818,-5.055565336182673,2.533320875833178,-13.673666953802693,-10.180013867267462,-5.626368602137695,-1.875280903872043,0.22486366868366514,0
126,ROI 126,point,900,90000.0,2208760.005,761751.3391,70.9718447800833,-68.73401320483522,power,new ice,gamma0,46.87344741821289,NISAR_S2_PR_GCOV_030_091_D_123_3700_SHNA_A_20260912T130051_20260912T130131_P00500_M_F_I_001_gcov.tif,Band 1: HHHH,900,0.48108658152321976,0.28213767983364985,0.5864592584152805,2.9075306813445954,-3.177767562790858,2.5547328604148953,-11.844237563101432,-8.268642310985816,-3.8397923513959977,0.14849265151953764,2.9869083812849317,0
126,ROI 126,point,900,90000.0,2208760.005,761751.3391,70.9718447800833,-68.73401320483522,power,new ice,sigma0,46.87344741821289,NISAR_S2_PR_GCOV_030_091_D_123_3700_SHNA_A_20260912T130051_20260912T130131_P00500_M_F_I_001_gcov.tif,Band 1: HHHH,900,0.3233718748786256,0.18999814034956028,0.5875530777711394,2.896715137561771,-4.902977553516317,2.550088621375475,-13.447202207563082,-10.011710381777608,-5.572266001411941,-1.585846809279552,1.6316163450825152,0
127,ROI 127,point,900,90000.0,2210406.673,762019.15,70.97879677995786,-68.71937799890748,power,new ice,gamma0,46.875675201416016,NISAR_S2_PR_GCOV_030_091_D_123_3700_SHNA_A_20260912T130051_20260912T130131_P00500_M_F_I_001_gcov.tif,Band 1: HHHH,900,0.46871935658984715,0.2794573467346392,0.5962146491406335,2.813161822121504,-3.2908711115532445,2.562391323030356,-11.93810955505748,-8.61819707940433,-3.76879478717127,-0.030034773319739173,2.5386206661491793,0
127,ROI 127,point,900,90000.0,2210406.673,762019.15,70.97879677995786,-68.71937799890748,power,new ice,sigma0,46.875675201416016,NISAR_S2_PR_GCOV_030_091_D_123_3700_SHNA_A_20260912T130051_20260912T130131_P00500_M_F_I_001_gcov.tif,Band 1: HHHH,900,0.31394824937233506,0.1863481413633265,0.5935632440565772,2.838350344723433,-5.03141934297158,2.5564902413060735,-13.67852026128576,-10.264050308876271,-5.483493288695271,-1.8265232317484428,0.8287513670634606,0
128,ROI 128,point,900,90000.0,2057531.86,733180.1860001157,70.3870006976758,-70.09147628286321,power,new ice,gamma0,46.84803009033203,NISAR_S2_PR_GCOV_030_091_D_123_3700_SHNA_A_20260912T130051_20260912T130131_P00500_M_F_I_001_gcov.tif,Band 1: HHHH,900,0.656868116574155,0.3993795889201866,0.608005745511169,2.7051081537831734,-1.8252181764503652,2.632852233692398,-10.429571742942734,-7.274192229221566,-2.4442044101412645,1.6640176060073506,4.4266606770163435,0
128,ROI 128,point,900,90000.0,2057531.86,733180.1860001157,70.3870006976758,-70.09147628286321,power,new ice,sigma0,46.84803009033203,NISAR_S2_PR_GCOV_030_091_D_123_3700_SHNA_A_20260912T130051_20260912T130131_P00500_M_F_I_001_gcov.tif,Band 1: HHHH,900,0.4424862238040462,0.26902327511199087,0.607981131704401,2.70532718807125,-3.5410024591309015,2.6341769066561405,-12.174209682096224,-9.06724595883523,-4.164508154743525,-0.04127648275042652,2.7542851730974065,0
129,ROI 129,point,900,90000.0,2119088.9300002316,745010.3720998842,70.62980072452119,-69.53790873806237,power,new ice,gamma0,46.854713439941406,NISAR_S2_PR_GCOV_030_091_D_123_3700_SHNA_A_20260912T130051_20260912T130131_P00500_M_F_I_001_gcov.tif,Band 1: HHHH,900,0.5289756317105558,0.3266340485817253,0.617484112690568,2.6226988381611354,-2.7656433412246795,2.570557440139766,-11.910123332900728,-7.783232779420705,-3.4938113466175267,0.5203623027053997,5.244838429189031,0
129,ROI 129,point,900,90000.0,2119088.9300002316,745010.3720998842,70.62980072452119,-69.53790873806237,power,new ice,sigma0,46.854713439941406,NISAR_S2_PR_GCOV_030_091_D_123_3700_SHNA_A_20260912T130051_20260912T130131_P00500_M_F_I_001_gcov.tif,Band 1: HHHH,900,0.35830501411443544,0.22138144552406042,0.6178575146965586,2.6195297415399543,-4.457471142815751,2.5568281737240732,-13.385738170629855,-9.413381574365838,-5.216251620713919,-1.0964144817915855,3.473134041957558,0
130,ROI 130,point,900,90000.00024414062,2079788.6491193234,736187.8598340969,70.50744023864766,-69.8950500167295,power,new ice,gamma0,46.90799331665039,NISAR_S2_PR_GCOV_030_091_D_123_3700_SHNA_A_20260912T130051_20260912T130131_P00500_M_F_I_001_gcov.tif,Band 1: HHHH,900,0.621316932398412,0.37026909705755384,0.5959423890609877,2.815732831103654,-2.066868106440998,2.517512002461822,-12.045935916200028,-6.850911483262616,-2.729038482071788,1.3676962642012107,4.672985546902404,0
130,ROI 130,point,900,90000.00024414062,2079788.6491193234,736187.8598340969,70.50744023864766,-69.8950500167295,power,new ice,sigma0,46.90799331665039,NISAR_S2_PR_GCOV_030_091_D_123_3700_SHNA_A_20260912T130051_20260912T130131_P00500_M_F_I_001_gcov.tif,Band 1: HHHH,900,0.41799296687287385,0.24905424520019645,0.595833578405501,2.816761338800191,-3.7883102557902766,2.518465221534289,-13.698546233950655,-8.48404866344995,-4.475933028144671,-0.3207092899842174,2.821711788065173,0
131,ROI 131,point,900,90000.0,2082395.302,736789.3953002315,70.5152929299549,-69.87130427659658,power,new ice,gamma0,46.903961181640625,NISAR_S2_PR_GCOV_030_091_D_123_3700_SHNA_A_20260912T130051_20260912T130131_P00500_M_F_I_001_gcov.tif,Band 1: HHHH,900,0.588307667200764,0.339939936860641,0.5778268001811273,2.9950538691357997,-2.3039549157297308,2.5124171155745585,-10.626246478555402,-7.275695450811455,-2.9231011323074405,0.9565299120889276,3.057956078283915,0
131,ROI 131,point,900,90000.0,2082395.302,736789.3953002315,70.5152929299549,-69.87130427659658,power,new ice,sigma0,46.903961181640625,NISAR_S2_PR_GCOV_030_091_D_123_3700_SHNA_A_20260912T130051_20260912T130131_P00500_M_F_I_001_gcov.tif,Band 1: HHHH,900,0.39535580735147763,0.2292010993744812,0.5797337363270796,2.9753828276869454,-4.030118775009107,2.513838329435675,-12.323613477746928,-9.07613806797405,-4.636959284044527,-0.7206854094422245,1.4637555455395357,0
132,ROI 132,point,900,89999.99975585938,1921584.978737633,934572.3346452592,64.0637997688157,-70.51599257122867,power,old ice,gamma0,35.163028717041016,NISAR_S2_PR_GCOV_030_091_D_123_3700_SHNA_A_20260912T130051_20260912T130131_P00500_M_F_I_001_gcov.tif,Band 1: HHHH,900,0.060637081667987834,0.03988480716465182,0.6577626440374723,2.311328048628636,-12.172617085301543,2.795488746734482,-20.89250617863137,-17.917123781120303,-12.962330043821325,-8.628917494780463,-4.647412831410436,0
132,ROI 132,point,900,89999.99975585938,1921584.978737633,934572.3346452592,64.0637997688157,-70.51599257122867,power,old ice,sigma0,35.163028717041016,NISAR_S2_PR_GCOV_030_091_D_123_3700_SHNA_A_20260912T130051_20260912T130131_P00500_M_F_I_001_gcov.tif,Band 1: HHHH,900,0.04906208372533522,0.032111645491571535,0.6545104295068774,2.3343547564539735,-13.092540107322126,2.7911562768802827,-21.830378320737992,-18.719950753206927,-13.842490544487253,-9.487735802928475,-5.490040162087819,0
133,ROI 133,point,900,89999.99975585938,1927199.3037426774,934694.3729450115,64.1265495328204,-70.47031760643473,power,old ice,gamma0,35.22304916381836,NISAR_S2_PR_GCOV_030_091_D_123_3700_SHNA_A_20260912T130051_20260912T130131_P00500_M_F_I_001_gcov.tif,Band 1: HHHH,900,0.057687472056390514,0.037146685034638374,0.6439298466455046,2.4116978105720785,-12.389184920006882,2.6766210248628517,-20.35588674549336,-17.823052587787544,-13.152750452018795,-8.865534255783778,-6.0705692228224075,0
133,ROI 133,point,900,89999.99975585938,1927199.3037426774,934694.3729450115,64.1265495328204,-70.47031760643473,power,old ice,sigma0,35.22304916381836,NISAR_S2_PR_GCOV_030_091_D_123_3700_SHNA_A_20260912T130051_20260912T130131_P00500_M_F_I_001_gcov.tif,Band 1: HHHH,900,0.046487587539415176,0.029921688450734184,0.6436489831907205,2.4138030125781382,-13.32662990824976,2.6823367232082367,-21.143604241428463,-18.79129206264469,-14.120412814869736,-9.742123772473708,-7.179088726605399,0
134,ROI 134,point,900,89999.99975585938,1932011.5827469353,935295.9078456016,64.16815727993587,-70.4292171220628,power,old ice,gamma0,35.24568176269531,NISAR_S2_PR_GCOV_030_091_D_123_3700_SHNA_A_20260912T130051_20260912T130131_P00500_M_F_I_001_gcov.tif,Band 1: HHHH,900,0.050492534046061334,0.032165150861622575,0.6370278590549688,2.46424082711473,-12.967728330160377,2.757493802076492,-23.294948838047542,-18.357571050844037,-13.690273523752229,-9.521875791579342,-5.6748701328636075,0
134,ROI 134,point,900,89999.99975585938,1932011.5827469353,935295.9078456016,64.16815727993587,-70.4292171220628,power,old ice,sigma0,35.24568176269531,NISAR_S2_PR_GCOV_030_091_D_123_3700_SHNA_A_20260912T130051_20260912T130131_P00500_M_F_I_001_gcov.tif,Band 1: HHHH,900,0.04087133906986176,0.025858123805805905,0.6326713142822742,2.498294964179611,-13.885811332420385,2.7476977910256934,-24.05400488793665,-19.33140424094658,-14.621376420573075,-10.396792179402826,-6.92990914785263,0
135,ROI 135,point,900,90000.0,1936921.1739997684,934407.1268,64.24646623067547,-70.39312485607401,power,old ice,gamma0,35.35564422607422,NISAR_S2_PR_GCOV_030_091_D_123_3700_SHNA_A_20260912T130051_20260912T130131_P00500_M_F_I_001_gcov.tif,Band 1: HHHH,900,0.02813130592021884,0.01773351166902917,0.6303835207409815,2.516461538709736,-15.508101064135282,2.7518327460640983,-25.742877556976396,-21.066685411469027,-16.15128821293784,-12.17008420423435,-8.179799859741882,0
135,ROI 135,point,900,90000.0,1936921.1739997684,934407.1268,64.24646623067547,-70.39312485607401,power,old ice,sigma0,35.35564422607422,NISAR_S2_PR_GCOV_030_091_D_123_3700_SHNA_A_20260912T130051_20260912T130131_P00500_M_F_I_001_gcov.tif,Band 1: HHHH,900,0.022673999648165064,0.014328540840037625,0.6319370672300946,2.504103869787321,-16.444718644383368,2.752084506319062,-26.593971014451835,-21.976380822090526,-17.102872672960107,-13.078606310492916,-9.240768205542185,0
136,ROI 136,point,900,90000.0,1941235.1159997685,936699.4884,64.24140886107757,-70.34945244512187,power,old ice,gamma0,35.27399444580078,NISAR_S2_PR_GCOV_030_091_D_123_3700_SHNA_A_20260912T130051_20260912T130131_P00500_M_F_I_001_gcov.tif,Band 1: HHHH,900,0.03898761456625329,0.025987244385030764,0.6665512797883427,2.2507790636837357,-14.09073336045803,2.8408030136628994,-24.627297507292276,-20.139922353046686,-14.85932824073429,-10.426886054833195,-7.7369475646521915,0
136,ROI 136,point,900,90000.0,1941235.1159997685,936699.4884,64.24140886107757,-70.34945244512187,power,old ice,sigma0,35.27399444580078,NISAR_S2_PR_GCOV_030_091_D_123_3700_SHNA_A_20260912T130051_20260912T130131_P00500_M_F_I_001_gcov.tif,Band 1: HHHH,900,0.03125037093715268,0.020694182713405382,0.6622059864512729,2.280414506015551,-15.051448232798277,2.8340686663773,-25.657121490196605,-21.116950474655532,-15.835742293946037,-11.452671658061329,-8.852744849153403,0
137,ROI 137,point,900,90000.0,1945245.349,937501.5349,64.26848417653828,-70.31402335905743,power,old ice,gamma0,35.27460479736328,NISAR_S2_PR_GCOV_030_091_D_123_3700_SHNA_A_20260912T130051_20260912T130131_P00500_M_F_I_001_gcov.tif,Band 1: HHHH,900,0.04598460431262437,0.03072557387412202,0.6681708874830262,2.2398807708534227,-13.373875461712688,2.8756618363584727,-23.29654444528868,-19.364490571613697,-14.19477337986147,-9.651693127895117,-7.14439866077762,0
137,ROI 137,point,900,90000.0,1945245.349,937501.5349,64.26848417653828,-70.31402335905743,power,old ice,sigma0,35.27460479736328,NISAR_S2_PR_GCOV_030_091_D_123_3700_SHNA_A_20260912T130051_20260912T130131_P00500_M_F_I_001_gcov.tif,Band 1: HHHH,900,0.037470610657959404,0.025098646269929855,0.6698221840854486,2.2288505349879753,-14.263092291581085,2.875122470578751,-24.09614468848986,-20.219056340371232,-15.113737890949668,-10.541664407469797,-8.024660270911733,0
138,ROI 138,point,900,90000.0,1949656.6049997685,938103.0698001158,64.30485086536011,-70.27613937484821,power,old ice,gamma0,35.29212951660156,NISAR_S2_PR_GCOV_030_091_D_123_3700_SHNA_A_20260912T130051_20260912T130131_P00500_M_F_I_001_gcov.tif,Band 1: HHHH,900,0.06000057570429312,0.03733213656359893,0.6221963060419063,2.5831233381454752,-12.218445825497195,2.7822900137548285,-22.108318401489182,-17.85292457281021,-12.956496953801599,-8.896782798996126,-6.2596212658354355,0
138,ROI 138,point,900,90000.0,1949656.6049997685,938103.0698001158,64.30485086536011,-70.27613937484821,power,old ice,sigma0,35.29212951660156,NISAR_S2_PR_GCOV_030_091_D_123_3700_SHNA_A_20260912T130051_20260912T130131_P00500_M_F_I_001_gcov.tif,Band 1: HHHH,900,0.048481001356193654,0.030402961283449423,0.627110835852513,2.5427952410873003,-13.144284185658188,2.7873459470075814,-23.08315664505802,-18.841446826514336,-13.8784174939677,-9.804032201938616,-6.9158751701986585,0
139,ROI 139,point,900,90000.0,1953265.8140002314,938704.6046997685,64.33189337515772,-70.24471706897937,power,old ice,gamma0,35.30009078979492,NISAR_S2_PR_GCOV_030_091_D_123_3700_SHNA_A_20260912T130051_20260912T130131_P00500_M_F_I_001_gcov.tif,Band 1: HHHH,900,0.04482532766130235,0.028836290753997348,0.6433035129577352,2.416396255065495,-13.484765271762546,2.7499462144436144,-23.159292443266146,-18.957479429768842,-14.330854009983774,-9.984484873102984,-6.3837337640569505,0
139,ROI 139,point,900,90000.0,1953265.8140002314,938704.6046997685,64.33189337515772,-70.24471706897937,power,old ice,sigma0,35.30009078979492,NISAR_S2_PR_GCOV_030_091_D_123_3700_SHNA_A_20260912T130051_20260912T130131_P00500_M_F_I_001_gcov.tif,Band 1: HHHH,900,0.036150897521804476,0.023332323144244094,0.6454147681996322,2.400613272130762,-14.418809159647928,2.7635657308833137,-24.453260165091525,-19.89380562859607,-15.247947650804436,-10.861963129772082,-7.4074879638911195,0
140,ROI 140,point,900,90000.0,1957877.581,939306.1395001158,64.3702951620167,-70.20521064760773,power,old ice,gamma0,35.31981658935547,NISAR_S2_PR_GCOV_030_091_D_123_3700_SHNA_A_20260912T130051_20260912T130131_P00500_M_F_I_001_gcov.tif,Band 1: HHHH,900,0.04040544442056368,0.028274231541717612,0.6997629143098327,2.042199453024953,-13.935601120552345,2.856208029379945,-23.18115776629164,-19.567936534546007,-14.745155123570704,-10.366181521969226,-5.1874518772176454,0
140,ROI 140,point,900,90000.0,1957877.581,939306.1395001158,64.3702951620167,-70.20521064760773,power,old ice,sigma0,35.31981658935547,NISAR_S2_PR_GCOV_030_091_D_123_3700_SHNA_A_20260912T130051_20260912T130131_P00500_M_F_I_001_gcov.tif,Band 1: HHHH,900,0.03255296225715071,0.022880779134999838,0.7028785569268357,2.0241347062578052,-14.87409485332391,2.855917452966397,-24.160604472353796,-20.50993886684814,-15.715550588703824,-11.28166778828173,-6.0011900247915095,0
141,ROI 141,point,900,90000.00024414062,1961687.3002267308,939105.6270506611,64.41847063271672,-70.1752653062942,power,old ice,gamma0,35.37642288208008,NISAR_S2_PR_GCOV_030_091_D_123_3700_SHNA_A_20260912T130051_20260912T130131_P00500_M_F_I_001_gcov.tif,Band 1: HHHH,900,0.031370330997484014,0.019350330281265267,0.6168353876411828,2.628218317597913,-15.0348089891072,2.6736400189726273,-25.50448039017597,-20.49540168095076,-15.77420534333479,-11.630671154994026,-8.847451321556576,0
141,ROI 141,point,900,90000.00024414062,1961687.3002267308,939105.6270506611,64.41847063271672,-70.1752653062942,power,old ice,sigma0,35.37642288208008,NISAR_S2_PR_GCOV_030_091_D_123_3700_SHNA_A_20260912T130051_20260912T130131_P00500_M_F_I_001_gcov.tif,Band 1: HHHH,900,0.025388820381462906,0.015696689746496916,0.6182520302501928,2.61618768863101,-15.9535747690188,2.683422298458463,-26.56573957887481,-21.368963965739738,-16.670765170323506,-12.483068208735196,-9.825329447370603,0
142,ROI 142,point,900,89999.99975585938,1966499.5827777586,940108.1868499751,64.44932155189547,-70.13258379002566,power,old ice,gamma0,35.3752326965332,NISAR_S2_PR_GCOV_030_091_D_123_3700_SHNA_A_20260912T130051_20260912T130131_P00500_M_F_I_001_gcov.tif,Band 1: HHHH,900,0.03345729025210151,0.022682993937363345,0.6779686509710269,2.1756086385992037,-14.755092360040722,2.8067766042685705,-25.813407519149308,-20.24167479323826,-15.52467853292833,-11.167816498880267,-6.656305848933222,0
142,ROI 142,point,900,89999.99975585938,1966499.5827777586,940108.1868499751,64.44932155189547,-70.13258379002566,power,old ice,sigma0,35.3752326965332,NISAR_S2_PR_GCOV_030_091_D_123_3700_SHNA_A_20260912T130051_20260912T130131_P00500_M_F_I_001_gcov.tif,Band 1: HHHH,900,0.026986083067322097,0.018396849235437357,0.6817161716112262,2.1517549324450504,-15.68860147147687,2.811185233377789,-26.74745224665113,-21.31321821594699,-16.469660088373026,-12.079039425810151,-7.4752578068737225,0
143,ROI 143,point,900,90000.0,1969707.767,940108.1860002315,64.48564654446272,-70.1067037222207,power,old ice,gamma0,35.413047790527344,NISAR_S2_PR_GCOV_030_091_D_123_3700_SHNA_A_20260912T130051_20260912T130131_P00500_M_F_I_001_gcov.tif,Band 1: HHHH,900,0.038811881916804444,0.0262615926360167,0.6766379608262741,2.184174246458221,-14.110352986083898,2.685098017341983,-23.311803124981548,-19.264781945069917,-14.902854312580676,-10.405452031927778,-5.935806456787375,0
143,ROI 143,point,900,90000.0,1969707.767,940108.1860002315,64.48564654446272,-70.1067037222207,power,old ice,sigma0,35.413047790527344,NISAR_S2_PR_GCOV_030_091_D_123_3700_SHNA_A_20260912T130051_20260912T130131_P00500_M_F_I_001_gcov.tif,Band 1: HHHH,900,0.03140081024262712,0.021247367747470214,0.6766503024379467,2.1840945716706774,-15.03059145577675,2.6830176523529943,-24.198910082981794,-20.12493683226613,-15.81467567663507,-11.342074614661765,-6.916146180303999,0
144,ROI 144,point,900,90000.0,1973116.465,940709.7208997685,64.50990229471049,-70.07688628821988,power,old ice,gamma0,35.418479919433594,NISAR_S2_PR_GCOV_030_091_D_123_3700_SHNA_A_20260912T130051_20260912T130131_P00500_M_F_I_001_gcov.tif,Band 1: HHHH,900,0.03580537870034783,0.023177331722683988,0.6473142461822038,2.386545230890253,-14.460517285399494,2.7598042768997204,-25.564932429589064,-19.891781438344637,-15.327128663548864,-10.840887763712345,-8.074323394428383,0
144,ROI 144,point,900,90000.0,1973116.465,940709.7208997685,64.50990229471049,-70.07688628821988,power,old ice,sigma0,35.418479919433594,NISAR_S2_PR_GCOV_030_091_D_123_3700_SHNA_A_20260912T130051_20260912T130131_P00500_M_F_I_001_gcov.tif,Band 1: HHHH,900,0.02883589975864749,0.018716345218568645,0.6490640269671443,2.3736950282370612,-15.40066492870417,2.766370449957493,-26.62525999823452,-20.922018150681193,-16.252118570471335,-11.793153684012537,-8.819544148667791,0
145,ROI 145,point,900,90000.0,1976926.1859997686,941712.2791,64.52912237929124,-70.04229065250537,power,old ice,gamma0,35.40487289428711,NISAR_S2_PR_GCOV_030_091_D_123_3700_SHNA_A_20260912T130051_20260912T130131_P00500_M_F_I_001_gcov.tif,Band 1: HHHH,900,0.05979953380612035,0.03907774128498029,0.653479028978329,2.3417292999369588,-12.233022017343087,2.7741688211619224,-23.239817951822243,-17.902454203014848,-12.973499179095345,-8.911053772156016,-4.021259067218916,0
145,ROI 145,point,900,90000.0,1976926.1859997686,941712.2791,64.52912237929124,-70.04229065250537,power,old ice,sigma0,35.40487289428711,NISAR_S2_PR_GCOV_030_091_D_123_3700_SHNA_A_20260912T130051_20260912T130131_P00500_M_F_I_001_gcov.tif,Band 1: HHHH,900,0.04801944916905723,0.031352042724961705,0.6529030063336155,2.3458630965931273,-13.185828260409858,2.7774864139321953,-24.218448678994786,-18.874559521936543,-13.953988061039746,-9.831555920822696,-5.018153635942166,0
146,ROI 146,point,900,90000.0,1979332.326,942313.8139998843,64.54197353258394,-70.0205630938141,power,old ice,gamma0,35.39844512939453,NISAR_S2_PR_GCOV_030_091_D_123_3700_SHNA_A_20260912T130051_20260912T130131_P00500_M_F_I_001_gcov.tif,Band 1: HHHH,900,0.042124032972173556,0.028037862378696647,0.6656025171478239,2.25720024446964,-13.7547005596439,2.7555241003752777,-23.529799456446984,-19.29354918779615,-14.541414747624692,-9.96508741665364,-7.539621009291746,0
146,ROI 146,point,900,90000.0,1979332.326,942313.8139998843,64.54197353258394,-70.0205630938141,power,old ice,sigma0,35.39844512939453,NISAR_S2_PR_GCOV_030_091_D_123_3700_SHNA_A_20260912T130051_20260912T130131_P00500_M_F_I_001_gcov.tif,Band 1: HHHH,900,0.033610152510026574,0.0223093827919043,0.6637691627626198,2.2696864013870792,-14.735295168636764,2.7528051124202806,-24.24490882402768,-20.19737305101941,-15.534361411076215,-11.009352335004873,-8.523284840146516,0
147,ROI 147,point,900,90000.0,1982741.0230002315,942714.8371998842,64.57076291756499,-69.99151465486136,power,old ice,gamma0,35.415340423583984,NISAR_S2_PR_GCOV_030_091_D_123_3700_SHNA_A_20260912T130051_20260912T130131_P00500_M_F_I_001_gcov.tif,Band 1: HHHH,900,0.041679207993050416,0.027561341423941448,0.6612731563550109,2.2868528126849994,-13.80080542288088,2.8484267942020387,-23.619113917568377,-19.42143640417146,-14.715353385148603,-10.071813623621948,-7.872706303386504,0
147,ROI 147,point,900,90000.0,1982741.0230002315,942714.8371998842,64.57076291756499,-69.99151465486136,power,old ice,sigma0,35.415340423583984,NISAR_S2_PR_GCOV_030_091_D_123_3700_SHNA_A_20260912T130051_20260912T130131_P00500_M_F_I_001_gcov.tif,Band 1: HHHH,900,0.03365482443681589,0.0226374935558886,0.6726373984921121,2.2102325952217656,-14.729526706345258,2.8663972017113086,-24.176911614121657,-20.398365591465005,-15.66535819132426,-10.940656435410174,-8.728495806554326,0
148,ROI 148,point,900,89999.99975585938,1987024.7537968627,942397.7761519037,64.62614594391562,-69.95815079268635,power,old ice,gamma0,35.48402786254883,NISAR_S2_PR_GCOV_030_091_D_123_3700_SHNA_A_20260912T130051_20260912T130131_P00500_M_F_I_001_gcov.tif,Band 1: HHHH,900,0.04750268747021134,0.03189892614230188,0.6715183464578822,2.2176052192615243,-13.232818194179437,2.8142917216610703,-24.195407946073352,-18.611734132597125,-14.15153342899342,-9.610782907197704,-7.051873491211658,0
148,ROI 148,point,900,89999.99975585938,1987024.7537968627,942397.7761519037,64.62614594391562,-69.95815079268635,power,old ice,sigma0,35.48402786254883,NISAR_S2_PR_GCOV_030_091_D_123_3700_SHNA_A_20260912T130051_20260912T130131_P00500_M_F_I_001_gcov.tif,Band 1: HHHH,900,0.03824308340884895,0.025668665293892976,0.6711975867498587,2.219725275659945,-14.174470993074628,2.8034858036700636,-24.665747959242097,-19.5704378659324,-15.092683446784518,-10.562171638503306,-7.9593451441938345,0
149,ROI 149,point,900,90000.0,1992165.07,944318.9302,64.63828059485354,-69.90929626930263,power,old ice,gamma0,35.43331527709961,NISAR_S2_PR_GCOV_030_091_D_123_3700_SHNA_A_20260912T130051_20260912T130131_P00500_M_F_I_001_gcov.tif,Band 1: HHHH,900,0.03237866265647527,0.020837592504438528,0.6435593935894479,2.4144751081259526,-14.897410929794182,2.742511980807977,-25.08114008446008,-20.363415088006214,-15.65203249968979,-11.375419753609517,-7.935147184260755,0
149,ROI 149,point,900,90000.0,1992165.07,944318.9302,64.63828059485354,-69.90929626930263,power,old ice,sigma0,35.43331527709961,NISAR_S2_PR_GCOV_030_091_D_123_3700_SHNA_A_20260912T130051_20260912T130131_P00500_M_F_I_001_gcov.tif,Band 1: HHHH,900,0.025944290899896333,0.0168088097212519,0.6478808685158192,2.382372616568725,-15.859581947886955,2.7449373611343377,-26.211729100780254,-21.338872889875468,-16.53940909022943,-12.29952821184266,-8.845412600673262,0
150,ROI 150,point,900,90000.0,1996776.837,945120.9767,64.67071612931475,-69.86899394582836,power,old ice,gamma0,35.44039535522461,NISAR_S2_PR_GCOV_030_091_D_123_3700_SHNA_A_20260912T130051_20260912T130131_P00500_M_F_I_001_gcov.tif,Band 1: HHHH,900,0.03249268151017734,0.023344880241013277,0.7184657946344382,1.9372595328354352,-14.882144463337468,2.911008841897471,-25.228368136538677,-20.53192112096791,-15.757201075470446,-10.979614092303422,-6.5659101033471226,0
150,ROI 150,point,900,90000.0,1996776.837,945120.9767,64.67071612931475,-69.86899394582836,power,old ice,sigma0,35.44039535522461,NISAR_S2_PR_GCOV_030_091_D_123_3700_SHNA_A_20260912T130051_20260912T130131_P00500_M_F_I_001_gcov.tif,Band 1: HHHH,900,0.025320642140440195,0.018261226262418107,0.721199176590102,1.9226027341345784,-15.965252846533582,2.921072894959592,-26.403394791413742,-21.692154982863947,-16.868010216040567,-11.999584816283143,-7.673180472143183,0
151,ROI 151,point,900,90000.0,2000586.558,945522.0,64.70353329606085,-69.83669797937453,power,old ice,gamma0,35.46179962158203,NISAR_S2_PR_GCOV_030_091_D_123_3700_SHNA_A_20260912T130051_20260912T130131_P00500_M_F_I_001_gcov.tif,Band 1: HHHH,900,0.04835790130930642,0.030518928148092872,0.6311053069257069,2.510708747573716,-13.155325554035986,2.5841702619208053,-21.936838978778308,-18.277737774197277,-13.867695518056092,-9.607698672546777,-5.508576786366469,0
151,ROI 151,point,900,90000.0,2000586.558,945522.0,64.70353329606085,-69.83669797937453,power,old ice,sigma0,35.46179962158203,NISAR_S2_PR_GCOV_030_091_D_123_3700_SHNA_A_20260912T130051_20260912T130131_P00500_M_F_I_001_gcov.tif,Band 1: HHHH,900,0.03861590515189526,0.024453813985075838,0.6332575628846978,2.4936714300346585,-14.13233780898995,2.58102761909849,-23.069215665986157,-19.217709479978865,-14.848958720922369,-10.646196735523791,-6.57932250573586,0
152,ROI 152,point,900,89999.99975585938,2004195.768812655,946324.0473559572,64.72465584117246,-69.80448918868154,power,old ice,gamma0,35.45773696899414,NISAR_S2_PR_GCOV_030_091_D_123_3700_SHNA_A_20260912T130051_20260912T130131_P00500_M_F_I_001_gcov.tif,Band 1: HHHH,900,0.045172887339981066,0.029232930943471243,0.6471344353850527,2.387871651475648,-13.451221495150854,2.828132159828602,-22.936649134035115,-19.262355909920277,-14.239897400544013,-9.870942577773594,-7.0457515329395894,0
152,ROI 152,point,900,89999.99975585938,2004195.768812655,946324.0473559572,64.72465584117246,-69.80448918868154,power,old ice,sigma0,35.45773696899414,NISAR_S2_PR_GCOV_030_091_D_123_3700_SHNA_A_20260912T130051_20260912T130131_P00500_M_F_I_001_gcov.tif,Band 1: HHHH,900,0.03632761106674108,0.023460314615978427,0.6457984416557737,2.3977616765556475,-14.39763160756737,2.8158517037082293,-23.851212862557706,-20.100854264548786,-15.176669328941767,-10.869920550394486,-7.846947847326758,0
153,ROI 153,point,900,90000.0,2009810.093,947527.1162998843,64.75841612697216,-69.75455719748518,power,old ice,gamma0,35.45402526855469,NISAR_S2_PR_GCOV_030_091_D_123_3700_SHNA_A_20260912T130051_20260912T130131_P00500_M_F_I_001_gcov.tif,Band 1: HHHH,900,0.06194877562320067,0.04020656115708431,0.649029149528928,2.3739501496786413,-12.07967272747844,2.7655696936732816,-22.44661672557352,-17.622424453263015,-12.813107603045353,-8.64906171535633,-5.279636074124188,0
153,ROI 153,point,900,90000.0,2009810.093,947527.1162998843,64.75841612697216,-69.75455719748518,power,old ice,sigma0,35.45402526855469,NISAR_S2_PR_GCOV_030_091_D_123_3700_SHNA_A_20260912T130051_20260912T130131_P00500_M_F_I_001_gcov.tif,Band 1: HHHH,900,0.04982001872349152,0.03215948023924048,0.6455132106178112,2.39988112861498,-13.02596113581778,2.753759982221647,-23.635978473284535,-18.486482255690497,-13.782667433763436,-9.632818322219261,-6.255750102547765,0
154,ROI 154,point,900,90000.0,2013540.549,950202.4528998843,64.73708055000849,-69.71423700301214,power,old ice,gamma0,35.3425407409668,NISAR_S2_PR_GCOV_030_091_D_123_3700_SHNA_A_20260912T130051_20260912T130131_P00500_M_F_I_001_gcov.tif,Band 1: HHHH,900,0.06089823228358809,0.04242872955124259,0.6967152897585341,2.0601048147015883,-12.153953136171321,2.876849835306629,-21.881152631642333,-18.058759746388635,-12.981355094578388,-8.441735534377402,-5.46014956019944,0
154,ROI 154,point,900,90000.0,2013540.549,950202.4528998843,64.73708055000849,-69.71423700301214,power,old ice,sigma0,35.3425407409668,NISAR_S2_PR_GCOV_030_091_D_123_3700_SHNA_A_20260912T130051_20260912T130131_P00500_M_F_I_001_gcov.tif,Band 1: HHHH,900,0.049029877912849004,0.03399539092313268,0.6933607092303954,2.0800872137774857,-13.095391881701383,2.8707792091676794,-22.506130660990546,-19.04079349106941,-13.892235868208928,-9.471017928810456,-6.401038703984982,0
155,ROI 155,point,900,90000.0,2018182.924,943048.7026998843,64.95443838806067,-69.70386700684371,power,old ice,gamma0,35.809051513671875,NISAR_S2_PR_GCOV_030_091_D_123_3700_SHNA_A_20260912T130051_20260912T130131_P00500_M_F_I_001_gcov.tif,Band 1: HHHH,900,0.03391814618242077,0.021467204516918355,0.6329120819711681,2.4963945602811664,-14.6956789240431,2.7843256468380035,-25.777552059271002,-20.16709944992591,-15.334708629221227,-11.239098845477166,-8.494515783683056,0
155,ROI 155,point,900,90000.0,2018182.924,943048.7026998843,64.95443838806067,-69.70386700684371,power,old ice,sigma0,35.809051513671875,NISAR_S2_PR_GCOV_030_091_D_123_3700_SHNA_A_20260912T130051_20260912T130131_P00500_M_F_I_001_gcov.tif,Band 1: HHHH,900,0.02715434419105988,0.01728286672852269,0.6364678375923654,2.4685792549400793,-15.661606814606797,2.77982410836434,-26.70350493796517,-21.156217601393465,-16.354898742744393,-12.170808704779649,-9.331431303937524,0
156,ROI 156,point,900,89999.99975585938,2021439.7688279508,950534.7915595091,64.81584128749098,-69.6491703807508,power,old ice,gamma0,35.41543960571289,NISAR_S2_PR_GCOV_030_091_D_123_3700_SHNA_A_20260912T130051_20260912T130131_P00500_M_F_I_001_gcov.tif,Band 1: HHHH,900,0.05992725226045069,0.059054833263353534,0.9854420323944518,1.0297643083833266,-12.22375634792775,3.376024859591074,-23.839516074028467,-18.864467274838894,-13.801147883622086,-7.945243653823582,-2.3580548922835747,0
156,ROI 156,point,900,89999.99975585938,2021439.7688279508,950534.7915595091,64.81584128749098,-69.6491703807508,power,old ice,sigma0,35.41543960571289,NISAR_S2_PR_GCOV_030_091_D_123_3700_SHNA_A_20260912T130051_20260912T130131_P00500_M_F_I_001_gcov.tif,Band 1: HHHH,900,0.04665553927859581,0.04514480030971996,0.9676193011111773,1.0680484514936763,-13.31096786315925,3.342801464567207,-24.6738636409654,-19.71462300128163,-14.87634886015594,-9.06693313914563,-3.389950719625037,0
157,ROI 157,point,900,90000.0,2025115.682,946404.4435,64.95173937604149,-69.63510815574564,power,old ice,gamma0,35.6961784362793,NISAR_S2_PR_GCOV_030_091_D_123_3700_SHNA_A_20260912T130051_20260912T130131_P00500_M_F_I_001_gcov.tif,Band 1: HHHH,900,0.04739417232573032,0.030491874358255653,0.6433675885020488,2.415914961951189,-13.242750566882561,2.661224516165133,-23.090611130066186,-18.56335609390484,-13.989783759980252,-9.61070461460003,-7.126805510313031,0
157,ROI 157,point,900,90000.0,2025115.682,946404.4435,64.95173937604149,-69.63510815574564,power,old ice,sigma0,35.6961784362793,NISAR_S2_PR_GCOV_030_091_D_123_3700_SHNA_A_20260912T130051_20260912T130131_P00500_M_F_I_001_gcov.tif,Band 1: HHHH,900,0.0379120941292559,0.024081586896417026,0.6351953762911191,2.4784795721638773,-14.212222260282775,2.646918378975002,-24.043624744633853,-19.46512098016332,-14.893057322369588,-10.516594772167917,-8.437994275485533,0
158,ROI 158,point,900,90000.0,2027528.101000926,952869.1330998843,64.82807429074278,-69.59112047248149,power,old ice,gamma0,35.35152816772461,NISAR_S2_PR_GCOV_030_091_D_123_3700_SHNA_A_20260912T130051_20260912T130131_P00500_M_F_I_001_gcov.tif,Band 1: HHHH,900,0.051033845886898535,0.03345736415847956,0.6555916681769964,2.3266612075640714,-12.921417022042776,2.787671690703776,-23.934056373768865,-18.44986573161805,-13.703232843278423,-9.14700914994487,-6.042813722037885,0
158,ROI 158,point,900,90000.0,2027528.101000926,952869.1330998843,64.82807429074278,-69.59112047248149,power,old ice,sigma0,35.35152816772461,NISAR_S2_PR_GCOV_030_091_D_123_3700_SHNA_A_20260912T130051_20260912T130131_P00500_M_F_I_001_gcov.tif,Band 1: HHHH,900,0.04131993765778183,0.02752537118607788,0.6661522922432095,2.2534760498208324,-13.838403424017338,2.8145557376248953,-24.807690162354916,-19.515097486589845,-14.607441890193853,-10.016764579225594,-7.154279252699794,0
159,ROI 159,point,900,90000.00024414062,2030061.7651648642,951737.8596394263,64.88177744188135,-69.574939423492,power,old ice,gamma0,35.44636154174805,NISAR_S2_PR_GCOV_030_091_D_123_3700_SHNA_A_20260912T130051_20260912T130131_P00500_M_F_I_001_gcov.tif,Band 1: HHHH,900,0.05009126166399155,0.03372820243497789,0.6733350551484242,2.205654830765686,-13.002380294642288,2.792882331725219,-21.405515190801644,-18.4915531812214,-13.828599298945106,-9.48518410392903,-6.403045634315044,0
159,ROI 159,point,900,90000.00024414062,2030061.7651648642,951737.8596394263,64.88177744188135,-69.574939423492,power,old ice,sigma0,35.44636154174805,NISAR_S2_PR_GCOV_030_091_D_123_3700_SHNA_A_20260912T130051_20260912T130131_P00500_M_F_I_001_gcov.tif,Band 1: HHHH,900,0.04025696273265626,0.027034511486527225,0.6715487123572031,2.2174046737073105,-13.951589944301283,2.7737976822010255,-22.666781810300193,-19.442978320084052,-14.766987448008202,-10.514488016341755,-6.743117872858036,0
160,ROI 160,point,900,90000.00024414062,2033488.7091615866,948982.0693414621,64.98262823552241,-69.5576553324352,power,old ice,gamma0,35.6445198059082,NISAR_S2_PR_GCOV_030_091_D_123_3700_SHNA_A_20260912T130051_20260912T130131_P00500_M_F_I_001_gcov.tif,Band 1: HHHH,900,0.047371047229971736,0.031015991670485132,0.654745746276457,2.3326771155942376,-13.244870142340282,2.8130967104626117,-24.612046310546187,-18.81095461071125,-14.076819946252531,-9.655380411961216,-6.931759034635942,0
160,ROI 160,point,900,90000.00024414062,2033488.7091615866,948982.0693414621,64.98262823552241,-69.5576553324352,power,old ice,sigma0,35.6445198059082,NISAR_S2_PR_GCOV_030_091_D_123_3700_SHNA_A_20260912T130051_20260912T130131_P00500_M_F_I_001_gcov.tif,Band 1: HHHH,900,0.037963567798291416,0.024935779419774644,0.6568344564521383,2.3178650437502935,-14.206329795350834,2.8097357450750255,-25.419247461222444,-19.854853765007462,-15.059592357932786,-10.590157693564336,-7.6393652948270505,0
161,ROI 161,point,900,90000.00024414062,2037717.7001575222,955574.6812361942,64.87607140492966,-69.4985408614299,power,old ice,gamma0,35.31315231323242,NISAR_S2_PR_GCOV_030_091_D_123_3700_SHNA_A_20260912T130051_20260912T130131_P00500_M_F_I_001_gcov.tif,Band 1: HHHH,900,0.05066181725667169,0.03357300961921946,0.6626886171320318,2.2770941012318846,-12.953192359748103,2.8930827990829466,-22.788714846624686,-18.71738018326667,-13.825630674749798,-9.226328798520527,-6.960393592985764,0
161,ROI 161,point,900,90000.00024414062,2037717.7001575222,955574.6812361942,64.87607140492966,-69.4985408614299,power,old ice,sigma0,35.31315231323242,NISAR_S2_PR_GCOV_030_091_D_123_3700_SHNA_A_20260912T130051_20260912T130131_P00500_M_F_I_001_gcov.tif,Band 1: HHHH,900,0.04099160636222962,0.027341651210331573,0.6670060931187279,2.247710620018194,-13.873050623962872,2.9040791269994513,-23.396697464873387,-19.69621036768209,-14.721429369786463,-10.082621283498321,-7.602919725878573,0
162,ROI 162,point,900,90000.0,2041089.907,953141.4419001157,64.96852106272841,-69.48048937219313,power,old ice,gamma0,35.49273681640625,NISAR_S2_PR_GCOV_030_091_D_123_3700_SHNA_A_20260912T130051_20260912T130131_P00500_M_F_I_001_gcov.tif,Band 1: HHHH,900,0.04992429826149924,0.03343376460912656,0.6696892249542165,2.2297356483742776,-13.016880308799035,2.840230220924463,-21.90043320703797,-18.78981246060886,-13.873353375287554,-9.361657942684058,-6.118722238008319,0
162,ROI 162,point,900,90000.0,2041089.907,953141.4419001157,64.96852106272841,-69.48048937219313,power,old ice,sigma0,35.49273681640625,NISAR_S2_PR_GCOV_030_091_D_123_3700_SHNA_A_20260912T130051_20260912T130131_P00500_M_F_I_001_gcov.tif,Band 1: HHHH,900,0.03984526580722699,0.02658105161119081,0.6671068964576875,2.247031389693186,-13.99623271656476,2.821210144867163,-22.84120887003074,-19.46669446314641,-14.830352037425467,-10.302911294787691,-6.996366216090823,0
163,ROI 163,point,900,90000.0,2043696.558,953542.4651001157,64.987310327627,-69.45790078253866,power,old ice,gamma0,35.499855041503906,NISAR_S2_PR_GCOV_030_091_D_123_3700_SHNA_A_20260912T130051_20260912T130131_P00500_M_F_I_001_gcov.tif,Band 1: HHHH,900,0.049393264137518905,0.033597665629282125,0.6802074375109275,2.1613109185471275,-13.063322726829368,2.8744746094900493,-23.088149199999556,-18.932661164208866,-13.825173542839508,-9.279860122453558,-6.6054991471761415,0
163,ROI 163,point,900,90000.0,2043696.558,953542.4651001157,64.987310327627,-69.45790078253866,power,old ice,sigma0,35.499855041503906,NISAR_S2_PR_GCOV_030_091_D_123_3700_SHNA_A_20260912T130051_20260912T130131_P00500_M_F_I_001_gcov.tif,Band 1: HHHH,900,0.03964661147087155,0.026662683641622584,0.6725085108777005,2.211079867486708,-14.017939251783796,2.8494396826966226,-24.084992315997088,-19.74287063417552,-14.77413599071798,-10.3314682376036,-7.432625228253288,0
164,ROI 164,point,900,90000.0,2047506.279,954545.0233,65.00512212027104,-69.42331604135586,power,old ice,gamma0,35.48614501953125,NISAR_S2_PR_GCOV_030_091_D_123_3700_SHNA_A_20260912T130051_20260912T130131_P00500_M_F_I_001_gcov.tif,Band 1: HHHH,900,0.04304999528245793,0.029129237539116084,0.6766374153584566,2.184177767981603,-13.6602689180156,2.8855110203147105,-26.224995760574302,-19.557046396749907,-14.570887700145077,-9.99062960744861,-7.295369501432844,0
164,ROI 164,point,900,90000.0,2047506.279,954545.0233,65.00512212027104,-69.42331604135586,power,old ice,sigma0,35.48614501953125,NISAR_S2_PR_GCOV_030_091_D_123_3700_SHNA_A_20260912T130051_20260912T130131_P00500_M_F_I_001_gcov.tif,Band 1: HHHH,900,0.03457501412176401,0.023547686036148152,0.6810607785500669,2.155898244891006,-14.612376338360653,2.892549556829046,-27.265256328428585,-20.47975015030742,-15.563607453981794,-10.924263164354912,-8.444384523471793,0
165,ROI 165,point,900,90000.00024414062,2051516.5101446274,955146.5572366612,65.03422044122146,-69.38862179575253,power,old ice,gamma0,35.497840881347656,NISAR_S2_PR_GCOV_030_091_D_123_3700_SHNA_A_20260912T130051_20260912T130131_P00500_M_F_I_001_gcov.tif,Band 1: HHHH,900,0.04066741997634785,0.027638465802441763,0.6796218156577496,2.165037273999783,-13.907533792447273,2.902869441317474,-25.54949639011639,-19.74804300843482,-14.714363555185992,-10.165286516468457,-5.777789279263526,0
165,ROI 165,point,900,90000.00024414062,2051516.5101446274,955146.5572366612,65.03422044122146,-69.38862179575253,power,old ice,sigma0,35.497840881347656,NISAR_S2_PR_GCOV_030_091_D_123_3700_SHNA_A_20260912T130051_20260912T130131_P00500_M_F_I_001_gcov.tif,Band 1: HHHH,900,0.03256203298616128,0.02213852219385352,0.6798875918853805,2.1633449266828846,-14.872884880853857,2.893341980456995,-26.52458703889667,-20.65509113611306,-15.668238104381846,-11.149275183938318,-6.751521519449911,0
166,ROI 166,point,900,89999.99975585938,2055125.7228582187,955748.0938645076,65.05894468130575,-69.3571693881024,power,old ice,gamma0,35.50490188598633,NISAR_S2_PR_GCOV_030_091_D_123_3700_SHNA_A_20260912T130051_20260912T130131_P00500_M_F_I_001_gcov.tif,Band 1: HHHH,900,0.03877379335773488,0.024774632166792036,0.6389530149453333,2.4494137560772593,-14.114617085686794,2.791979854957313,-25.2383744489093,-19.801841198438535,-14.764140534508584,-10.676276351337515,-7.352802443912303,0
166,ROI 166,point,900,89999.99975585938,2055125.7228582187,955748.0938645076,65.05894468130575,-69.3571693881024,power,old ice,sigma0,35.50490188598633,NISAR_S2_PR_GCOV_030_091_D_123_3700_SHNA_A_20260912T130051_20260912T130131_P00500_M_F_I_001_gcov.tif,Band 1: HHHH,900,0.031035091429037865,0.019823447628868025,0.6387430072244057,2.4510246711305803,-15.081469708499345,2.753697378455251,-26.38068371597332,-20.58363732375634,-15.721010204018274,-11.58995447058842,-8.165157124478736,0
167,ROI 167,point,900,90000.00024414062,2059135.9511369215,955948.6038357586,65.09703505939954,-69.32397888429617,power,old ice,gamma0,35.53959655761719,NISAR_S2_PR_GCOV_030_091_D_123_3700_SHNA_A_20260912T130051_20260912T130131_P00500_M_F_I_001_gcov.tif,Band 1: HHHH,900,0.025314318391416842,0.01746605912348159,0.6899675848828578,2.100596436636453,-15.966337618513737,2.835634488355046,-27.327623590738103,-21.628538094718262,-16.691824759773098,-12.540152403452138,-7.5871790991025945,0
167,ROI 167,point,900,90000.00024414062,2059135.9511369215,955948.6038357586,65.09703505939954,-69.32397888429617,power,old ice,sigma0,35.53959655761719,NISAR_S2_PR_GCOV_030_091_D_123_3700_SHNA_A_20260912T130051_20260912T130131_P00500_M_F_I_001_gcov.tif,Band 1: HHHH,900,0.020387890713820016,0.014051628468853033,0.6892144295892305,2.105189897490138,-16.906277030464512,2.8023904640741177,-27.556486246883733,-22.545887721499746,-17.68778765382919,-13.446702289030801,-8.33273668576272,0
168,ROI 168,point,900,90000.0,2062344.14,956349.6279001158,65.12191567952422,-69.29651982334337,power,old ice,gamma0,35.55352020263672,NISAR_S2_PR_GCOV_030_091_D_123_3700_SHNA_A_20260912T130051_20260912T130131_P00500_M_F_I_001_gcov.tif,Band 1: HHHH,900,0.021471559793636616,0.014009183016769398,0.652452972742167,2.349100360679137,-16.681364052533834,2.785482344858036,-29.34099660436155,-22.300274801090776,-17.401726326248653,-13.289233032662473,-9.446111839317654,0
168,ROI 168,point,900,90000.0,2062344.14,956349.6279001158,65.12191567952422,-69.29651982334337,power,old ice,sigma0,35.55352020263672,NISAR_S2_PR_GCOV_030_091_D_123_3700_SHNA_A_20260912T130051_20260912T130131_P00500_M_F_I_001_gcov.tif,Band 1: HHHH,900,0.01713182127525687,0.010946237407833563,0.6389418399807254,2.4494994363369877,-17.661964649534156,2.7421991883130614,-28.931695826200134,-23.175131508465125,-18.363170453095425,-13.980434116290128,-10.912622912576355,0
169,ROI 169,point,900,90000.0,2064148.744,956349.6279001158,65.14103608796785,-69.28191917542004,power,old ice,gamma0,35.574214935302734,NISAR_S2_PR_GCOV_030_091_D_123_3700_SHNA_A_20260912T130051_20260912T130131_P00500_M_F_I_001_gcov.tif,Band 1: HHHH,900,0.02408504297465293,0.016748594898702462,0.6953940217722951,2.0679407648119783,-16.182525744424275,2.8796747064539674,-25.865981663981007,-22.034312310575253,-17.068312595259226,-12.419268109513673,-8.49211512846891,0
169,ROI 169,point,900,90000.0,2064148.744,956349.6279001158,65.14103608796785,-69.28191917542004,power,old ice,sigma0,35.574214935302734,NISAR_S2_PR_GCOV_030_091_D_123_3700_SHNA_A_20260912T130051_20260912T130131_P00500_M_F_I_001_gcov.tif,Band 1: HHHH,900,0.01944428008221627,0.013475954279846231,0.6930549355834127,2.0819230744841617,-17.11208131822709,2.8638860707200293,-26.70101898648804,-23.00442554543055,-17.96542761384814,-13.413236368835575,-9.300549674991943,0
170,ROI 170,point,900,90000.00024414062,2067156.4171299792,956951.1619345436,65.15911046643392,-69.255328485715,power,old ice,gamma0,35.573631286621094,NISAR_S2_PR_GCOV_030_091_D_123_3700_SHNA_A_20260912T130051_20260912T130131_P00500_M_F_I_001_gcov.tif,Band 1: HHHH,900,0.025886387643145603,0.016909449615644428,0.6532178165894785,2.3436025219823087,-15.869285496464581,2.7417464171437955,-25.50165948693744,-21.364782156081557,-16.52193584033912,-12.262687360672931,-9.225252469008469,0
170,ROI 170,point,900,90000.00024414062,2067156.4171299792,956951.1619345436,65.15911046643392,-69.255328485715,power,old ice,sigma0,35.573631286621094,NISAR_S2_PR_GCOV_030_091_D_123_3700_SHNA_A_20260912T130051_20260912T130131_P00500_M_F_I_001_gcov.tif,Band 1: HHHH,900,0.02071688013861294,0.013276278588311837,0.640843529502639,2.434983331665792,-16.836756466393123,2.712357881763832,-26.489557160843663,-22.151155913453287,-17.5234453079566,-13.258315148643113,-10.492004235431121,0
171,ROI 171,point,900,89999.99975585938,2071968.6998738155,956951.1636653406,65.20986288347974,-69.21638307976482,power,old ice,gamma0,35.628814697265625,NISAR_S2_PR_GCOV_030_091_D_123_3700_SHNA_A_20260912T130051_20260912T130131_P00500_M_F_I_001_gcov.tif,Band 1: HHHH,900,0.03235213657530645,0.02157849002341406,0.6669880974687886,2.2478319102160342,-14.9009703270084,2.757071761537669,-24.64460433126561,-20.305883276258456,-15.670482975882985,-11.251501556204264,-7.72037329623822,0
171,ROI 171,point,900,89999.99975585938,2071968.6998738155,956951.1636653406,65.20986288347974,-69.21638307976482,power,old ice,sigma0,35.628814697265625,NISAR_S2_PR_GCOV_030_091_D_123_3700_SHNA_A_20260912T130051_20260912T130131_P00500_M_F_I_001_gcov.tif,Band 1: HHHH,900,0.025885826339423372,0.01698500315221156,0.6561507030719699,2.322698304799657,-15.869379667098011,2.7386775479021224,-25.111214029785284,-21.186232375732594,-16.65968437443045,-12.191864148214012,-8.866023303336949,0
172,ROI 172,point,900,90000.0,2077382.512,956750.6512001158,65.27128992922427,-69.17330393524021,power,old ice,gamma0,35.70235061645508,NISAR_S2_PR_GCOV_030_091_D_123_3700_SHNA_A_20260912T130051_20260912T130131_P00500_M_F_I_001_gcov.tif,Band 1: HHHH,900,0.03196862909011543,0.020648238605518947,0.6458906494649562,2.3970771130937996,-14.952759871679016,2.84447540716178,-26.27987834380622,-20.850431832266775,-15.689602046104014,-11.590624828672745,-7.998487494388648,0
172,ROI 172,point,900,90000.0,2077382.512,956750.6512001158,65.27128992922427,-69.17330393524021,power,old ice,sigma0,35.70235061645508,NISAR_S2_PR_GCOV_030_091_D_123_3700_SHNA_A_20260912T130051_20260912T130131_P00500_M_F_I_001_gcov.tif,Band 1: HHHH,900,0.025734470945309538,0.01653208997155073,0.642410329968875,2.423120257861823,-15.894847556397476,2.8314688830488066,-27.169499858767253,-21.59004054157731,-16.60227863700951,-12.550913040763858,-9.388685175645113,0
173,ROI 173,point,900,90000.0,2078585.581,956951.1628,65.27933100501093,-69.16281490490555,power,old ice,gamma0,35.70456314086914,NISAR_S2_PR_GCOV_030_091_D_123_3700_SHNA_A_20260912T130051_20260912T130131_P00500_M_F_I_001_gcov.tif,Band 1: HHHH,900,0.03908486035885289,0.028104411849817747,0.7190613345367108,1.9340519133090608,-14.079914353376159,2.946340833002174,-25.045560363390607,-19.970044835211137,-14.94329459164884,-10.291271277290932,-7.370451727334309,0
173,ROI 173,point,900,90000.0,2078585.581,956951.1628,65.27933100501093,-69.16281490490555,power,old ice,sigma0,35.70456314086914,NISAR_S2_PR_GCOV_030_091_D_123_3700_SHNA_A_20260912T130051_20260912T130131_P00500_M_F_I_001_gcov.tif,Band 1: HHHH,900,0.03158615245205474,0.022698927664275323,0.7186354114743948,1.936345152450791,-15.005032728162417,2.9575497810006097,-26.02019287030273,-20.75610893694131,-15.910857264722456,-11.233697694369827,-8.269808171973633,0
174,ROI 174,point,900,90000.00024414062,2083197.347117021,957151.6735341154,65.32297907747093,-69.12472100314181,power,old ice,gamma0,35.74569320678711,NISAR_S2_PR_GCOV_030_091_D_123_3700_SHNA_A_20260912T130051_20260912T130131_P00500_M_F_I_001_gcov.tif,Band 1: HHHH,900,0.04071935626406533,0.027588491388340287,0.6775276900113232,2.178441498955987,-13.901990964172235,3.0441344663179164,-27.636606257104805,-20.13822109578088,-14.661616501426995,-10.277164630032043,-7.456175721255435,0
174,ROI 174,point,900,90000.00024414062,2083197.347117021,957151.6735341154,65.32297907747093,-69.12472100314181,power,old ice,sigma0,35.74569320678711,NISAR_S2_PR_GCOV_030_091_D_123_3700_SHNA_A_20260912T130051_20260912T130131_P00500_M_F_I_001_gcov.tif,Band 1: HHHH,900,0.032629791906087176,0.02192575446065125,0.6719550809198063,2.2147235091238286,-14.863856958819452,3.0375210275887286,-29.128272466065035,-21.099029397925058,-15.613885153743308,-11.298457999210608,-8.93251362338752,0
175,ROI 175,point,900,90000.0,2087608.605,958354.7442002315,65.34164913207097,-69.08451800308978,power,old ice,gamma0,35.72709274291992,NISAR_S2_PR_GCOV_030_091_D_123_3700_SHNA_A_20260912T130051_20260912T130131_P00500_M_F_I_001_gcov.tif,Band 1: HHHH,900,0.029490110929537978,0.01887409618056081,0.6400144179063116,2.4412962538214353,-15.303235938098291,2.691055905820453,-26.379956652309588,-20.33858018983119,-16.015406670246616,-11.700844642043327,-8.902916301738463,0
175,ROI 175,point,900,90000.0,2087608.605,958354.7442002315,65.34164913207097,-69.08451800308978,power,old ice,sigma0,35.72709274291992,NISAR_S2_PR_GCOV_030_091_D_123_3700_SHNA_A_20260912T130051_20260912T130131_P00500_M_F_I_001_gcov.tif,Band 1: HHHH,900,0.02356157992809969,0.014981764563901417,0.6358556858079822,2.473334650339846,-16.2779559117484,2.678526680731566,-27.242725532764567,-21.292698608144704,-16.9956671282223,-12.714066292521771,-9.83664139957645,0
176,ROI 176,point,900,90000.00024414062,2091217.812109153,959357.301432762,65.35645758107492,-69.05155906319433,power,old ice,gamma0,35.71088409423828,NISAR_S2_PR_GCOV_030_091_D_123_3700_SHNA_A_20260912T130051_20260912T130131_P00500_M_F_I_001_gcov.tif,Band 1: HHHH,900,0.03638217465331157,0.022720171010505122,0.6244863378016106,2.5642131138991076,-14.391113456324325,2.6617884190936727,-24.302771087968594,-19.700141415510032,-15.13136644555985,-10.95771080770394,-7.958424131316589,0
176,ROI 176,point,900,90000.00024414062,2091217.812109153,959357.301432762,65.35645758107492,-69.05155906319433,power,old ice,sigma0,35.71088409423828,NISAR_S2_PR_GCOV_030_091_D_123_3700_SHNA_A_20260912T130051_20260912T130131_P00500_M_F_I_001_gcov.tif,Band 1: HHHH,900,0.028713292634434597,0.01783671921602239,0.6212007603276954,2.591409477472206,-15.419170028718947,2.634266896297514,-25.255325660123283,-20.561012636651533,-16.1679696725927,-12.021211905669274,-8.887513660397548,0
177,ROI 177,point,900,90000.0,2095829.581,960359.8605001158,65.38160218049092,-69.01048152041311,power,old ice,gamma0,35.705909729003906,NISAR_S2_PR_GCOV_030_091_D_123_3700_SHNA_A_20260912T130051_20260912T130131_P00500_M_F_I_001_gcov.tif,Band 1: HHHH,900,0.02846231555255751,0.019589371604738323,0.6882564269433834,2.111054517176165,-15.457297707734991,2.908212615692598,-25.781553227457504,-21.11042865535179,-16.38371040503123,-11.768326938051512,-8.23467548959263,0
177,ROI 177,point,900,90000.0,2095829.581,960359.8605001158,65.38160218049092,-69.01048152041311,power,old ice,sigma0,35.705909729003906,NISAR_S2_PR_GCOV_030_091_D_123_3700_SHNA_A_20260912T130051_20260912T130131_P00500_M_F_I_001_gcov.tif,Band 1: HHHH,900,0.02274640384908911,0.015562988035553319,0.6841955387236539,2.136188259692576,-16.430872544770956,2.8798987991639935,-26.40679013355951,-22.13182087595704,-17.264223059297855,-12.855850068889524,-9.230098034705058,0
178,ROI 178,point,900,90000.0,2100641.86,960760.8836998843,65.4222833196621,-68.97001053546417,power,old ice,gamma0,35.737178802490234,NISAR_S2_PR_GCOV_030_091_D_123_3700_SHNA_A_20260912T130051_20260912T130131_P00500_M_F_I_001_gcov.tif,Band 1: HHHH,900,0.026555500018358644,0.016980901957800793,0.6394495281979766,2.445611441182187,-15.75845516757758,2.688226156309388,-25.079830603959007,-21.19616315392985,-16.364341272858333,-12.255604348296934,-7.9775314895382206,0
178,ROI 178,point,900,90000.0,2100641.86,960760.8836998843,65.4222833196621,-68.97001053546417,power,old ice,sigma0,35.737178802490234,NISAR_S2_PR_GCOV_030_091_D_123_3700_SHNA_A_20260912T130051_20260912T130131_P00500_M_F_I_001_gcov.tif,Band 1: HHHH,900,0.021328350959123176,0.013559937697025048,0.6357705629944541,2.473997000284363,-16.710427215331546,2.6737847325117334,-26.33520347721609,-22.117407266886218,-17.32405825235184,-13.315006855672278,-9.22348635245607,0
179,ROI 179,point,900,90000.0,2104050.558,961963.9535,65.43029995299352,-68.93793778830891,power,old ice,gamma0,35.707096099853516,NISAR_S2_PR_GCOV_030_091_D_123_3700_SHNA_A_20260912T130051_20260912T130131_P00500_M_F_I_001_gcov.tif,Band 1: HHHH,900,0.02939573657155658,0.01947400481773399,0.6624771850955118,2.278547819133055,-15.317156531835312,2.8431086226746896,-24.981272152826904,-21.005780590943218,-16.23528734371529,-11.76882531265835,-8.740700987599425,0
179,ROI 179,point,900,90000.0,2104050.558,961963.9535,65.43029995299352,-68.93793778830891,power,old ice,sigma0,35.707096099853516,NISAR_S2_PR_GCOV_030_091_D_123_3700_SHNA_A_20260912T130051_20260912T130131_P00500_M_F_I_001_gcov.tif,Band 1: HHHH,900,0.023679063552712265,0.015684728597390278,0.6623880442938254,2.2791611310667097,-16.25635476861762,2.841891620628737,-26.296867818455098,-22.003214993235993,-17.1798996592006,-12.61846659015976,-9.529929244277326,0
180,ROI 180,point,900,90000.0,2108862.837,963167.0232998843,65.45271027173061,-68.89449683279474,power,old ice,gamma0,35.69281005859375,NISAR_S2_PR_GCOV_030_091_D_123_3700_SHNA_A_20260912T130051_20260912T130131_P00500_M_F_I_001_gcov.tif,Band 1: HHHH,900,0.031019255517619766,0.020063572296235576,0.6468102461336936,2.3902659126286743,-15.083686297483837,2.8095172980738172,-24.757148519573867,-20.774088596158194,-15.773229416903956,-11.579344301325243,-8.959151265653455,0
180,ROI 180,point,900,90000.0,2108862.837,963167.0232998843,65.45271027173061,-68.89449683279474,power,old ice,sigma0,35.69281005859375,NISAR_S2_PR_GCOV_030_091_D_123_3700_SHNA_A_20260912T130051_20260912T130131_P00500_M_F_I_001_gcov.tif,Band 1: HHHH,900,0.02495119900976517,0.016073310269668867,0.644189894977722,2.4097510820936705,-16.02908579867722,2.80020275388098,-25.341974301686626,-21.640816565690436,-16.74204688695991,-12.46330654472775,-9.932498058255474,0
181,ROI 181,point,900,90000.0,2114076.14,962966.5116,65.51062666032561,-68.85299399924389,power,old ice,gamma0,35.76335525512695,NISAR_S2_PR_GCOV_030_091_D_123_3700_SHNA_A_20260912T130051_20260912T130131_P00500_M_F_I_001_gcov.tif,Band 1: HHHH,900,0.03322528299435766,0.021657252276075244,0.651830483422913,2.353589221372652,-14.785313112922422,2.7472599803849724,-25.660268327656716,-20.18166519371706,-15.65300460663088,-11.183353119257326,-7.702161672288391,0
181,ROI 181,point,900,90000.0,2114076.14,962966.5116,65.51062666032561,-68.85299399924389,power,old ice,sigma0,35.76335525512695,NISAR_S2_PR_GCOV_030_091_D_123_3700_SHNA_A_20260912T130051_20260912T130131_P00500_M_F_I_001_gcov.tif,Band 1: HHHH,900,0.026717662289269153,0.017582097722492303,0.658070213334269,2.3091680134250003,-15.73201543924231,2.7515652010542193,-26.63586383087233,-21.166083559489365,-16.53867865046386,-12.214164889083248,-8.507049747395769,0
182,ROI 182,point,900,90000.0,2119533.518,955053.0916,65.7438685210216,-68.83780693644923,power,old ice,gamma0,36.27593231201172,NISAR_S2_PR_GCOV_030_091_D_123_3700_SHNA_A_20260912T130051_20260912T130131_P00500_M_F_I_001_gcov.tif,Band 1: HHHH,900,0.043346304341943726,0.02956400107190094,0.6820420222836289,2.1496993895938314,-13.630479240774902,2.7492112768023786,-23.61479449896729,-19.180934373163637,-14.49013967335,-10.127369427337957,-5.568075344429543,0
182,ROI 182,point,900,90000.0,2119533.518,955053.0916,65.7438685210216,-68.83780693644923,power,old ice,sigma0,36.27593231201172,NISAR_S2_PR_GCOV_030_091_D_123_3700_SHNA_A_20260912T130051_20260912T130131_P00500_M_F_I_001_gcov.tif,Band 1: HHHH,900,0.03475086660905857,0.02405371380953797,0.6921759413984756,2.0872140998544073,-14.590343606036736,2.762371137950084,-24.534644344023015,-20.009138184244918,-15.444267237434024,-11.053062476725696,-6.610830172018138,0
183,ROI 183,point,900,90000.00024414062,2122297.1140804007,964771.1154275668,65.55401794093181,-68.7797082491952,power,old ice,gamma0,35.7525749206543,NISAR_S2_PR_GCOV_030_091_D_123_3700_SHNA_A_20260912T130051_20260912T130131_P00500_M_F_I_001_gcov.tif,Band 1: HHHH,900,0.04067501610946945,0.028840743316276833,0.709053027506054,1.9890356564933809,-13.906722663873591,2.8872251578494943,-24.69873241465613,-19.510940817727228,-14.789310292994758,-10.083560107304931,-6.31994619047847,0
183,ROI 183,point,900,90000.00024414062,2122297.1140804007,964771.1154275668,65.55401794093181,-68.7797082491952,power,old ice,sigma0,35.7525749206543,NISAR_S2_PR_GCOV_030_091_D_123_3700_SHNA_A_20260912T130051_20260912T130131_P00500_M_F_I_001_gcov.tif,Band 1: HHHH,900,0.032520721133074006,0.023013335494526936,0.7076514509120791,1.9969224390771523,-14.878398326769124,2.870889316596518,-25.29947915436232,-20.45537332667427,-15.720937436925267,-11.21442351463753,-7.1964722129176835,0
184,ROI 184,point,900,90000.00024414062,2124903.765078422,964771.1154275668,65.58050258407656,-68.7585788758511,power,old ice,gamma0,35.78205490112305,NISAR_S2_PR_GCOV_030_091_D_123_3700_SHNA_A_20260912T130051_20260912T130131_P00500_M_F_I_001_gcov.tif,Band 1: HHHH,900,0.034765335803385825,0.021237525648175735,0.610882223841698,2.6796928938830242,-14.58853571345153,2.6807851942340934,-25.887777571081152,-19.978625932976254,-15.296360031938107,-11.276358004780443,-8.682957036749146,0
184,ROI 184,point,900,90000.00024414062,2124903.765078422,964771.1154275668,65.58050258407656,-68.7585788758511,power,old ice,sigma0,35.78205490112305,NISAR_S2_PR_GCOV_030_091_D_123_3700_SHNA_A_20260912T130051_20260912T130131_P00500_M_F_I_001_gcov.tif,Band 1: HHHH,900,0.027874981469080327,0.0169886776710685,0.6094596938086863,2.692216748561525,-15.547854126569248,2.66582629654038,-26.434755112535086,-20.908784995977157,-16.199537019441056,-12.187463859261172,-9.431800109310068,0
185,ROI 185,point,900,90000.0,2129515.535,965573.1628,65.60932627403935,-68.71824134372997,power,old ice,gamma0,35.788272857666016,NISAR_S2_PR_GCOV_030_091_D_123_3700_SHNA_A_20260912T130051_20260912T130131_P00500_M_F_I_001_gcov.tif,Band 1: HHHH,900,0.02772381153423339,0.01850231682227641,0.6673799812637498,2.245192843128934,-15.571470621377657,2.7883464358023042,-26.78459602151772,-20.939307215151793,-16.46249953425133,-11.919948884494794,-9.124221833739908,0
185,ROI 185,point,900,90000.0,2129515.535,965573.1628,65.60932627403935,-68.71824134372997,power,old ice,sigma0,35.788272857666016,NISAR_S2_PR_GCOV_030_091_D_123_3700_SHNA_A_20260912T130051_20260912T130131_P00500_M_F_I_001_gcov.tif,Band 1: HHHH,900,0.02234382752907421,0.014938364504991876,0.6685678398454246,2.237221767659589,-16.508424295922485,2.79718813449228,-28.459097641352535,-22.04696801860682,-17.405819299512693,-12.825821401453421,-10.121913346248256,0
186,ROI 186,point,900,90000.0,2134127.302,965974.186,65.64697354234477,-68.67937584834284,power,old ice,gamma0,35.81727600097656,NISAR_S2_PR_GCOV_030_091_D_123_3700_SHNA_A_20260912T130051_20260912T130131_P00500_M_F_I_001_gcov.tif,Band 1: HHHH,900,0.026107018897180548,0.01751948472447136,0.6710641606944787,2.220608048569623,-15.832427164734854,2.836362465589949,-27.455574266817976,-21.43863296335685,-16.750499280488466,-12.228805029724763,-9.441551259351908,0
186,ROI 186,point,900,90000.0,2134127.302,965974.186,65.64697354234477,-68.67937584834284,power,old ice,sigma0,35.81727600097656,NISAR_S2_PR_GCOV_030_091_D_123_3700_SHNA_A_20260912T130051_20260912T130131_P00500_M_F_I_001_gcov.tif,Band 1: HHHH,900,0.020968997101606997,0.014032330131414533,0.6691941471220453,2.233036038948127,-16.78422340333587,2.837376859493193,-28.41246750208945,-22.329286098294343,-17.700795541003167,-13.17356980632914,-10.381538747452076,0
187,ROI 187,point,900,90000.0,2138320.395,959314.0769,65.83757825142021,-68.66970426930655,power,old ice,gamma0,36.24401092529297,NISAR_S2_PR_GCOV_030_091_D_123_3700_SHNA_A_20260912T130051_20260912T130131_P00500_M_F_I_001_gcov.tif,Band 1: HHHH,900,0.038224787410452134,0.02392171379820228,0.6258167911134322,2.5533219410383774,-14.176549212648714,2.6648329335407,-24.875882183164943,-19.44749741966244,-14.895139050600811,-10.532337562249142,-8.13025162823437,0
187,ROI 187,point,900,90000.0,2138320.395,959314.0769,65.83757825142021,-68.66970426930655,power,old ice,sigma0,36.24401092529297,NISAR_S2_PR_GCOV_030_091_D_123_3700_SHNA_A_20260912T130051_20260912T130131_P00500_M_F_I_001_gcov.tif,Band 1: HHHH,900,0.030248736232612962,0.018830910020190515,0.6225354300880772,2.5803098094784493,-15.192927650996985,2.6579968309654336,-25.672308523572895,-20.35424184112206,-15.918760181824824,-11.537007866389867,-9.370964818497642,0
188,ROI 188,point,900,90000.0,2143751.86,966174.6976997685,65.73922727113944,-68.60057934473909,power,old ice,gamma0,35.91401290893555,NISAR_S2_PR_GCOV_030_091_D_123_3700_SHNA_A_20260912T130051_20260912T130131_P00500_M_F_I_001_gcov.tif,Band 1: HHHH,900,0.03226162514752812,0.021229274288265626,0.6580348693280943,2.309416077605686,-14.91313759240094,2.841712566403213,-25.077203387486385,-20.765377553617594,-15.748938581746387,-11.469829994112947,-8.298539067292282,0
188,ROI 188,point,900,90000.0,2143751.86,966174.6976997685,65.73922727113944,-68.60057934473909,power,old ice,sigma0,35.91401290893555,NISAR_S2_PR_GCOV_030_091_D_123_3700_SHNA_A_20260912T130051_20260912T130131_P00500_M_F_I_001_gcov.tif,Band 1: HHHH,900,0.02584522605620062,0.017053356336726076,0.6598261628528006,2.296893910535634,-15.87619664907349,2.8375471285267926,-25.844210705024157,-21.70956650976525,-16.664133055865097,-12.331406323240978,-9.324959044575166,0
189,ROI 189,point,900,90000.0,2150168.233,966174.6976998843,65.80330823697815,-68.5485168255136,power,old ice,gamma0,35.98576736450195,NISAR_S2_PR_GCOV_030_091_D_123_3700_SHNA_A_20260912T130051_20260912T130131_P00500_M_F_I_001_gcov.tif,Band 1: HHHH,900,0.030854776479148617,0.02053784160830028,0.6656292461615974,2.2570189678042563,-15.106775953920016,2.820779854617087,-26.51042858351369,-20.612836085684464,-15.886732099273877,-11.506498430793714,-8.271407186867286,0
189,ROI 189,point,900,90000.0,2150168.233,966174.6976998843,65.80330823697815,-68.5485168255136,power,old ice,sigma0,35.98576736450195,NISAR_S2_PR_GCOV_030_091_D_123_3700_SHNA_A_20260912T130051_20260912T130131_P00500_M_F_I_001_gcov.tif,Band 1: HHHH,900,0.024714709274161552,0.016470870080515104,0.6664399689190307,2.251530990664582,-16.07044493897115,2.828494434670696,-27.548706919489096,-21.632788185023394,-16.842597853995382,-12.412797115305192,-9.292200565565873,0
190,ROI 190,point,900,90000.0,2154579.488,966776.2326001157,65.83386280014976,-68.51052355722283,power,old ice,gamma0,36.000789642333984,NISAR_S2_PR_GCOV_030_091_D_123_3700_SHNA_A_20260912T130051_20260912T130131_P00500_M_F_I_001_gcov.tif,Band 1: HHHH,900,0.036804272359650995,0.02618523189504123,0.7114726148953413,1.9755299725644235,-14.341017640840118,2.8690496170671604,-26.114755489595666,-19.848899856050252,-15.058104559999816,-10.652530358649857,-7.28590764756318,0
190,ROI 190,point,900,90000.0,2154579.488,966776.2326001157,65.83386280014976,-68.51052355722283,power,old ice,sigma0,36.000789642333984,NISAR_S2_PR_GCOV_030_091_D_123_3700_SHNA_A_20260912T130051_20260912T130131_P00500_M_F_I_001_gcov.tif,Band 1: HHHH,900,0.029408773336801728,0.02096301742315721,0.7128150903500754,1.9680957778443444,-15.315230898815184,2.870969144326281,-27.053884371327154,-20.868828500453933,-16.070766910431658,-11.589494466531306,-8.465676400527421,0
191,ROI 191,point,900,90000.0,2158109.828,964233.5143001158,65.92512857768895,-68.49110427729217,power,old ice,gamma0,36.18466567993164,NISAR_S2_PR_GCOV_030_091_D_123_3700_SHNA_A_20260912T130051_20260912T130131_P00500_M_F_I_001_gcov.tif,Band 1: HHHH,900,0.029709560302500097,0.01857165799880156,0.6251071308261245,2.559122609868104,-15.27103775648742,2.816747460843216,-25.29907949117279,-21.2087724757782,-15.935341134468459,-11.7779166276093,-9.267126072298787,0
191,ROI 191,point,900,90000.0,2158109.828,964233.5143001158,65.92512857768895,-68.49110427729217,power,old ice,sigma0,36.18466567993164,NISAR_S2_PR_GCOV_030_091_D_123_3700_SHNA_A_20260912T130051_20260912T130131_P00500_M_F_I_001_gcov.tif,Band 1: HHHH,900,0.02377285383754461,0.014846864677610311,0.6245301796355038,2.563853112531188,-16.239186797988708,2.806230147314186,-26.41258942987652,-22.224506924042377,-16.85979478712205,-12.708418637490642,-10.056186070049867,0
192,ROI 192,point,900,90000.0,2161474.961,969269.5018,65.84712052694196,-68.44548360123072,power,old ice,gamma0,35.935760498046875,NISAR_S2_PR_GCOV_030_091_D_123_3700_SHNA_A_20260912T130051_20260912T130131_P00500_M_F_I_001_gcov.tif,Band 1: HHHH,900,0.03508626043020437,0.02398645379431156,0.6836423574415064,2.1396467272494397,-14.548629173665988,2.8620193671181973,-25.68311947158676,-20.367322203640402,-15.326883189810673,-10.77973316919489,-7.469742490944999,0
192,ROI 192,point,900,90000.0,2161474.961,969269.5018,65.84712052694196,-68.44548360123072,power,old ice,sigma0,35.935760498046875,NISAR_S2_PR_GCOV_030_091_D_123_3700_SHNA_A_20260912T130051_20260912T130131_P00500_M_F_I_001_gcov.tif,Band 1: HHHH,900,0.02814231099351069,0.019271994049150077,0.6848049562665265,2.132387903606466,-15.506402419929831,2.8589744909463723,-26.528349254015588,-21.279755969551076,-16.28163807386254,-11.822024279539638,-8.392580191755433,0
193,ROI 193,point,900,90000.0,2164435.563,959392.1542001157,66.09454970260026,-68.45720665151838,power,old ice,gamma0,36.52875518798828,NISAR_S2_PR_GCOV_030_091_D_123_3700_SHNA_A_20260912T130051_20260912T130131_P00500_M_F_I_001_gcov.tif,Band 1: HHHH,900,0.036407550394586805,0.02401584035238567,0.6596390059781782,2.298197473441336,-14.388085406733742,2.7267393699782785,-24.496113675484214,-19.687009537917127,-15.236746549612095,-10.790269484360667,-7.8402368606357555,0
193,ROI 193,point,900,90000.0,2164435.563,959392.1542001157,66.09454970260026,-68.45720665151838,power,old ice,sigma0,36.52875518798828,NISAR_S2_PR_GCOV_030_091_D_123_3700_SHNA_A_20260912T130051_20260912T130131_P00500_M_F_I_001_gcov.tif,Band 1: HHHH,900,0.028953588200183976,0.019216468593924813,0.6636990365775358,2.2701660551111957,-15.382976067560925,2.7232846355653195,-25.330851855527065,-20.618385709410152,-16.18736485645745,-11.788394354813745,-8.567544839512621,0
194,ROI 194,point,900,90000.00024414062,2167819.137039785,963722.6161285591,66.03205003274088,-68.41407552672491,power,old ice,gamma0,36.32119369506836,NISAR_S2_PR_GCOV_030_091_D_123_3700_SHNA_A_20260912T130051_20260912T130131_P00500_M_F_I_001_gcov.tif,Band 1: HHHH,900,0.03692389021213684,0.02512345788613558,0.6804119972677616,2.160011556459369,-14.326925490150142,2.8791732277737756,-23.46299945024149,-20.27131845130956,-14.99617272802138,-10.598441640473803,-6.66600812162287,0
194,ROI 194,point,900,90000.00024414062,2167819.137039785,963722.6161285591,66.03205003274088,-68.41407552672491,power,old ice,sigma0,36.32119369506836,NISAR_S2_PR_GCOV_030_091_D_123_3700_SHNA_A_20260912T130051_20260912T130131_P00500_M_F_I_001_gcov.tif,Band 1: HHHH,900,0.02943109760811853,0.020074992551607454,0.682101388772867,2.1493252089981336,-15.311935409496494,2.8872811897507162,-24.555263882547695,-21.279744707984662,-16.026317261887286,-11.612614608582888,-7.486017662626314,0
195,ROI 195,point,900,90000.00024414062,2169970.225037653,969147.858723796,65.93359921954622,-68.37696644908608,power,old ice,gamma0,36.03728103637695,NISAR_S2_PR_GCOV_030_091_D_123_3700_SHNA_A_20260912T130051_20260912T130131_P00500_M_F_I_001_gcov.tif,Band 1: HHHH,900,0.03269498753801195,0.021549174609981576,0.6590971960129365,2.301977486776546,-14.855188238364265,2.8344099545503894,-24.68127523574354,-20.741634785298157,-15.584116400412038,-11.311863155568311,-7.97363559006164,0
195,ROI 195,point,900,90000.00024414062,2169970.225037653,969147.858723796,65.93359921954622,-68.37696644908608,power,old ice,sigma0,36.03728103637695,NISAR_S2_PR_GCOV_030_091_D_123_3700_SHNA_A_20260912T130051_20260912T130131_P00500_M_F_I_001_gcov.tif,Band 1: HHHH,900,0.0260133455065022,0.017165403580440105,0.6598691266430726,2.296594820756608,-15.848037907652945,2.83263313409807,-25.72122103842666,-21.632451615747364,-16.57680498473328,-12.234071011255871,-8.925820771462439,0
196,ROI 196,point,900,89999.99975585938,2173026.5599636934,966776.2334742845,66.01579094831428,-68.36073006643258,power,old ice,gamma0,36.20586395263672,NISAR_S2_PR_GCOV_030_091_D_123_3700_SHNA_A_20260912T130051_20260912T130131_P00500_M_F_I_001_gcov.tif,Band 1: HHHH,900,0.03637472594389692,0.024298511815041668,0.6680053576903596,2.2409909803235197,-14.392002700748105,2.852792283385746,-24.544668034091476,-20.1006053809181,-15.15882722042414,-10.813015963081693,-6.808508660920728,0
196,ROI 196,point,900,89999.99975585938,2173026.5599636934,966776.2334742845,66.01579094831428,-68.36073006643258,power,old ice,sigma0,36.20586395263672,NISAR_S2_PR_GCOV_030_091_D_123_3700_SHNA_A_20260912T130051_20260912T130131_P00500_M_F_I_001_gcov.tif,Band 1: HHHH,900,0.029060281144247746,0.019322420355525966,0.6649082388299842,2.2619165143878655,-15.367001884273714,2.852232511979302,-25.638538255134797,-21.06817592672188,-16.09808242877221,-11.721308466488438,-7.853829651985907,0
197,ROI 197,point,900,90000.0,2177036.791,966776.2326001157,66.05500000595521,-68.32814783206881,power,old ice,gamma0,36.25019836425781,NISAR_S2_PR_GCOV_030_091_D_123_3700_SHNA_A_20260912T130051_20260912T130131_P00500_M_F_I_001_gcov.tif,Band 1: HHHH,900,0.05299119726651245,0.03375891390743681,0.6370664496907037,2.46394229078495,-12.757962680613318,2.8008730592934583,-25.403300139473927,-18.258253859385466,-13.473459401308169,-9.309073116561345,-5.976484658189447,0
197,ROI 197,point,900,90000.0,2177036.791,966776.2326001157,66.05500000595521,-68.32814783206881,power,old ice,sigma0,36.25019836425781,NISAR_S2_PR_GCOV_030_091_D_123_3700_SHNA_A_20260912T130051_20260912T130131_P00500_M_F_I_001_gcov.tif,Band 1: HHHH,900,0.042259494059277244,0.026885968109296755,0.6362113108023466,2.4705703681729174,-13.740757067295021,2.7943258508008606,-26.447853262367012,-19.24121325274922,-14.4523142254999,-10.35794279220676,-7.054039322609079,0
198,ROI 198,point,900,90000.0,2206512.0000002314,785313.2093001157,70.40899650065205,-68.68354332971936,power,water,gamma0,45.795082092285156,NISAR_S2_PR_GCOV_030_091_D_123_3700_SHNA_A_20260912T130051_20260912T130131_P00500_M_F_I_001_gcov.tif,Band 1: HHHH,900,0.04318523285186125,0.02578365908414922,0.5970480504897396,2.805313688114575,-13.646647343733848,2.5821657582151247,-23.905440685624377,-18.749552703543035,-14.200538728138227,-10.31230629441621,-7.783329172710203,0
198,ROI 198,point,900,90000.0,2206512.0000002314,785313.2093001157,70.40899650065205,-68.68354332971936,power,water,sigma0,45.795082092285156,NISAR_S2_PR_GCOV_030_091_D_123_3700_SHNA_A_20260912T130051_20260912T130131_P00500_M_F_I_001_gcov.tif,Band 1: HHHH,900,0.029660369885415087,0.017708654355366147,0.5970476573211595,2.8053173828332434,-15.278234373200082,2.5821706464384064,-25.53704432952429,-20.380830084188382,-15.832182688187576,-11.943684794614498,-9.415260730964306,0
199,ROI 199,point,900,90000.0,2209720.186,785313.2093001157,70.43527833624579,-68.65663977391046,power,water,gamma0,45.82286834716797,NISAR_S2_PR_GCOV_030_091_D_123_3700_SHNA_A_20260912T130051_20260912T130131_P00500_M_F_I_001_gcov.tif,Band 1: HHHH,900,0.04409236677146206,0.026591890496765823,0.6030951033904788,2.7493396491214117,-13.556365886720112,2.582359214673111,-23.163813001956974,-18.41704294276502,-14.201812087480995,-10.237572987686862,-7.586873903064449,0
199,ROI 199,point,900,90000.0,2209720.186,785313.2093001157,70.43527833624579,-68.65663977391046,power,water,sigma0,45.82286834716797,NISAR_S2_PR_GCOV_030_091_D_123_3700_SHNA_A_20260912T130051_20260912T130131_P00500_M_F_I_001_gcov.tif,Band 1: HHHH,900,0.030267789147755807,0.018254499859801855,0.6030998752730286,2.749296142317546,-15.190193000872213,2.5823589304976116,-24.79770728707903,-20.050805598937554,-15.835331102007808,-11.871901089439653,-9.220481226343795,0
200,ROI 200,point,900,90000.0,2212527.3490002314,782506.0464997685,70.5228062127846,-68.6414406693831,power,water,gamma0,45.97480010986328,NISAR_S2_PR_GCOV_030_091_D_123_3700_SHNA_A_20260912T130051_20260912T130131_P00500_M_F_I_001_gcov.tif,Band 1: HHHH,900,0.04182915596601864,0.02477322722129934,0.5922478388381713,2.85097251680515,-13.785208985797537,2.5055942644608966,-23.071596599303604,-18.628469244866526,-14.438988774482098,-10.397314759097828,-7.351162704074595,0
200,ROI 200,point,900,90000.0,2212527.3490002314,782506.0464997685,70.5228062127846,-68.6414406693831,power,water,sigma0,45.97480010986328,NISAR_S2_PR_GCOV_030_091_D_123_3700_SHNA_A_20260912T130051_20260912T130131_P00500_M_F_I_001_gcov.tif,Band 1: HHHH,900,0.02863253892672481,0.016957753931322577,0.5922546364023166,2.8509070734767104,-15.431401401733737,2.5056021566676616,-24.71756157027484,-20.274633282644903,-16.08491984743573,-12.043653671076171,-8.997211624540132,0
201,ROI 201,point,900,90000.0,2207715.07,782105.0233,70.49280274549383,-68.68300737927778,power,water,gamma0,45.951515197753906,NISAR_S2_PR_GCOV_030_091_D_123_3700_SHNA_A_20260912T130051_20260912T130131_P00500_M_F_I_001_gcov.tif,Band 1: HHHH,900,0.04884607403487381,0.029367716485786625,0.6012298238097795,2.7664254356428852,-13.111703366229694,2.5543865504162064,-22.307771233138297,-18.238660543839888,-13.754060163872195,-9.82174813852063,-7.068249375779793,0
201,ROI 201,point,900,90000.0,2207715.07,782105.0233,70.49280274549383,-68.68300737927778,power,water,sigma0,45.951515197753906,NISAR_S2_PR_GCOV_030_091_D_123_3700_SHNA_A_20260912T130051_20260912T130131_P00500_M_F_I_001_gcov.tif,Band 1: HHHH,900,0.03345006358727841,0.020111105492096337,0.6012277208269616,2.7664447885606944,-14.756030523183439,2.554391777596336,-23.951884433864304,-19.8825726720757,-15.398248905718239,-11.46615658222258,-8.71272621427868,0
202,ROI 202,point,900,89999.99975585938,2208517.117996773,776089.6751020373,70.63813777133545,-68.69409032170945,power,water,gamma0,46.230770111083984,NISAR_S2_PR_GCOV_030_091_D_123_3700_SHNA_A_20260912T130051_20260912T130131_P00500_M_F_I_001_gcov.tif,Band 1: HHHH,900,0.048775606616917586,0.02912766715119573,0.5971769327230251,2.804102937805514,-13.11797320626593,2.5421588602798564,-21.98601161898473,-18.18716370017385,-13.709806098423535,-9.717404360347267,-6.513194790861789,0
202,ROI 202,point,900,89999.99975585938,2208517.117996773,776089.6751020373,70.63813777133545,-68.69409032170945,power,water,sigma0,46.230770111083984,NISAR_S2_PR_GCOV_030_091_D_123_3700_SHNA_A_20260912T130051_20260912T130131_P00500_M_F_I_001_gcov.tif,Band 1: HHHH,900,0.03288827163140528,0.019539551596596438,0.5941191381409645,2.8330413623611346,-14.829589492800885,2.5190140134173094,-23.644635802246242,-19.8325831993822,-15.417184172228978,-11.415279543313314,-8.463864993208999,0
203,ROI 203,point,900,90000.0,2212928.372,777693.7674,70.63689460775798,-68.65231483819446,power,water,gamma0,46.19583511352539,NISAR_S2_PR_GCOV_030_091_D_123_3700_SHNA_A_20260912T130051_20260912T130131_P00500_M_F_I_001_gcov.tif,Band 1: HHHH,900,0.041416084668081665,0.024870025785781444,0.6004919582595925,2.773228204971616,-13.828309601847122,2.477346522125404,-23.736485806963323,-18.583441635053667,-14.523006764738103,-10.568010664414661,-7.081885543207812,0
203,ROI 203,point,900,90000.0,2212928.372,777693.7674,70.63689460775798,-68.65231483819446,power,water,sigma0,46.19583511352539,NISAR_S2_PR_GCOV_030_091_D_123_3700_SHNA_A_20260912T130051_20260912T130131_P00500_M_F_I_001_gcov.tif,Band 1: HHHH,900,0.028231101246791866,0.016952672675264135,0.6004963294582993,2.7731878307450715,-15.49272180440518,2.4773829822555036,-25.400616337695222,-20.24800121594547,-16.18781538618509,-12.2322316647102,-8.746833714410554,0
204,ROI 204,point,900,90000.0,2213730.4189997683,774084.5580998843,70.7265819428833,-68.65620497900598,power,water,gamma0,46.36528015136719,NISAR_S2_PR_GCOV_030_091_D_123_3700_SHNA_A_20260912T130051_20260912T130131_P00500_M_F_I_001_gcov.tif,Band 1: HHHH,900,0.04692937897725238,0.02787046170813197,0.593880897542696,2.8353148177023226,-13.285551928264347,2.5645969396174046,-21.545914260078103,-18.31760677299353,-13.937332996517423,-9.914103034894822,-7.330098905402921,0
204,ROI 204,point,900,90000.0,2213730.4189997683,774084.5580998843,70.7265819428833,-68.65620497900598,power,water,sigma0,46.36528015136719,NISAR_S2_PR_GCOV_030_091_D_123_3700_SHNA_A_20260912T130051_20260912T130131_P00500_M_F_I_001_gcov.tif,Band 1: HHHH,900,0.03190684471633193,0.018885674155847614,0.5919004001727798,2.8543204746818382,-14.961161412793686,2.5679142430825777,-23.29214819582324,-19.972701396230907,-15.582189753352369,-11.594340688368955,-9.088350760816763,0
205,ROI 205,point,900,90000.0,2210722.743999074,771678.4186002315,70.75786654023153,-68.68854034560195,power,water,gamma0,46.44781494140625,NISAR_S2_PR_GCOV_030_091_D_123_3700_SHNA_A_20260912T130051_20260912T130131_P00500_M_F_I_001_gcov.tif,Band 1: HHHH,900,0.05190191612734149,0.03161867479970486,0.6092005297478489,2.6945078635662973,-12.848166084681157,2.590452015705857,-22.203070235798844,-17.805932503486357,-13.42151710163515,-9.501301832143294,-6.19346666602744,0
205,ROI 205,point,900,90000.0,2210722.743999074,771678.4186002315,70.75786654023153,-68.68854034560195,power,water,sigma0,46.44781494140625,NISAR_S2_PR_GCOV_030_091_D_123_3700_SHNA_A_20260912T130051_20260912T130131_P00500_M_F_I_001_gcov.tif,Band 1: HHHH,900,0.03531483826669507,0.021650496024515672,0.6130707965023856,2.6605948237198116,-14.520427783705575,2.5954425890617157,-23.7233416443612,-19.51273637122158,-15.107869327275093,-11.122885527288846,-7.732664853438051,0
206,ROI 206,point,900,90000.0,2215134.0,770074.3256003472,70.83038515932387,-68.6561597535322,power,water,gamma0,46.55684280395508,NISAR_S2_PR_GCOV_030_091_D_123_3700_SHNA_A_20260912T130051_20260912T130131_P00500_M_F_I_001_gcov.tif,Band 1: HHHH,900,0.04608969340359585,0.0280900406037153,0.6094646878584737,2.6921726278448923,-13.363961808659194,2.5015537813675315,-22.621830553064896,-18.357378066605808,-14.054579937900149,-9.861801779945091,-7.073786524622366,0
206,ROI 206,point,900,90000.0,2215134.0,770074.3256003472,70.83038515932387,-68.6561597535322,power,water,sigma0,46.55684280395508,NISAR_S2_PR_GCOV_030_091_D_123_3700_SHNA_A_20260912T130051_20260912T130131_P00500_M_F_I_001_gcov.tif,Band 1: HHHH,900,0.031181949306369312,0.018932009113492968,0.6071464271679085,2.712770865663053,-15.060967388412799,2.4963422745029953,-24.527157501649285,-20.010116291244977,-15.74596044720822,-11.589882897750547,-9.047916789340407,0
207,ROI 207,point,900,90000.0,2211324.2789997687,768269.7209001158,70.84148605521234,-68.69346219584955,power,water,gamma0,46.60543441772461,NISAR_S2_PR_GCOV_030_091_D_123_3700_SHNA_A_20260912T130051_20260912T130131_P00500_M_F_I_001_gcov.tif,Band 1: HHHH,900,0.04987565848821153,0.030214044758001223,0.6057873855468501,2.7249563423055707,-13.021113574523866,2.571695820495769,-22.670695541473762,-18.31107914909311,-13.698398563919163,-9.47343951237108,-7.280185545078073,0
207,ROI 207,point,900,90000.0,2211324.2789997687,768269.7209001158,70.84148605521234,-68.69346219584955,power,water,sigma0,46.60543441772461,NISAR_S2_PR_GCOV_030_091_D_123_3700_SHNA_A_20260912T130051_20260912T130131_P00500_M_F_I_001_gcov.tif,Band 1: HHHH,900,0.0336077555588061,0.0202310118320042,0.601974499505164,2.759585227081557,-14.735604902372545,2.561871860201117,-24.313068087474377,-19.96865539119246,-15.424734320847895,-11.156996211582326,-9.173819427552804,0
208,ROI 208,point,900,90000.0,2212727.8600002313,765663.0698,70.91301021706325,-68.68925903005315,power,water,gamma0,46.73309326171875,NISAR_S2_PR_GCOV_030_091_D_123_3700_SHNA_A_20260912T130051_20260912T130131_P00500_M_F_I_001_gcov.tif,Band 1: HHHH,900,0.046432929165764816,0.028066452584337317,0.6044514763249272,2.737014604019383,-13.331739185220169,2.5278984822402486,-23.965649527744812,-17.979598379305383,-14.076689650437658,-10.047314957352722,-6.785689835555497,0
208,ROI 208,point,900,90000.0,2212727.8600002313,765663.0698,70.91301021706325,-68.68925903005315,power,water,sigma0,46.73309326171875,NISAR_S2_PR_GCOV_030_091_D_123_3700_SHNA_A_20260912T130051_20260912T130131_P00500_M_F_I_001_gcov.tif,Band 1: HHHH,900,0.03132223716960566,0.01896850879643708,0.6055924004956984,2.7267113553734807,-15.041472263166359,2.5270423491804253,-25.710137376665806,-19.69546381367982,-15.835462487430462,-11.743515494816423,-8.534843350815708,0
209,ROI 209,point,900,90000.0,2215535.023,765663.0697997685,70.93544723286136,-68.6656454049578,power,water,gamma0,46.756744384765625,NISAR_S2_PR_GCOV_030_091_D_123_3700_SHNA_A_20260912T130051_20260912T130131_P00500_M_F_I_001_gcov.tif,Band 1: HHHH,900,0.04756819913525962,0.028130643187271737,0.5913749878838713,2.8593946198290805,-13.226832900437081,2.575637958908847,-22.10953937474479,-18.214899928345403,-13.88131331261806,-9.90960271817775,-7.149205952919202,0
209,ROI 209,point,900,90000.0,2215535.023,765663.0697997685,70.93544723286136,-68.6656454049578,power,water,sigma0,46.756744384765625,NISAR_S2_PR_GCOV_030_091_D_123_3700_SHNA_A_20260912T130051_20260912T130131_P00500_M_F_I_001_gcov.tif,Band 1: HHHH,900,0.03207293242593,0.019024899166899402,0.5931761684353609,2.842055870144301,-14.938613307426373,2.5797810270095765,-23.927139652691835,-19.939966807938962,-15.595347332085227,-11.641332656781781,-8.791023873214565,0
210,ROI 210,point,900,90000.0,2213730.4190002317,763056.4186002315,70.9813082236241,-68.68839811213503,power,water,gamma0,46.85749435424805,NISAR_S2_PR_GCOV_030_091_D_123_3700_SHNA_A_20260912T130051_20260912T130131_P00500_M_F_I_001_gcov.tif,Band 1: HHHH,900,0.046349282728301154,0.027505134681155473,0.5934317223934227,2.839608605485094,-13.339569823296495,2.542670462639977,-24.566142959077485,-18.36883564922358,-13.976073493361799,-9.982617088665307,-7.129815467062488,0
210,ROI 210,point,900,90000.0,2213730.4190002317,763056.4186002315,70.9813082236241,-68.68839811213503,power,water,sigma0,46.85749435424805,NISAR_S2_PR_GCOV_030_091_D_123_3700_SHNA_A_20260912T130051_20260912T130131_P00500_M_F_I_001_gcov.tif,Band 1: HHHH,900,0.03113989643218493,0.018536300402936672,0.5952588970006434,2.822202741734516,-15.066828361804028,2.544169719345012,-26.221944460471057,-20.135031278672535,-15.751772809608283,-11.68523091914765,-8.854957697574214,0
211,ROI 211,point,900,89999.99975585938,1983337.9829671856,722766.6588710467,69.97728300047875,-70.7476226873139,power,new ice,gamma0,46.6587028503418,NISAR_S2_PR_GCOV_030_091_D_123_3700_SHNA_A_20260912T130051_20260912T130131_P00500_M_F_I_001_gcov.tif,Band 1: HHHH,900,0.7761824407925209,0.4941009725002087,0.6365783951460008,2.467721869939875,-1.1003618632310042,2.733171852534725,-11.327142504114338,-6.692223953439616,-1.849449664909168,2.3927729928383257,6.079565199474354,0
211,ROI 211,point,900,89999.99975585938,1983337.9829671856,722766.6588710467,69.97728300047875,-70.7476226873139,power,new ice,sigma0,46.6587028503418,NISAR_S2_PR_GCOV_030_091_D_123_3700_SHNA_A_20260912T130051_20260912T130131_P00500_M_F_I_001_gcov.tif,Band 1: HHHH,900,0.5245592116453697,0.3338455899158884,0.6364307069715249,2.46886730689337,-2.8020548203774935,2.7330533231422334,-12.901605924240338,-8.233192304989883,-3.57458599315354,0.7382274104516479,4.296588925533541,0
212,ROI 212,point,900,90000.00024414062,1984874.9445962377,721731.0803910218,70.01795475706932,-70.73786034587478,power,new ice,gamma0,46.718467712402344,NISAR_S2_PR_GCOV_030_091_D_123_3700_SHNA_A_20260912T130051_20260912T130131_P00500_M_F_I_001_gcov.tif,Band 1: HHHH,900,0.7850449778180983,0.49418025750038264,0.6294929226525011,2.5235870873343944,-1.051054603775185,2.7570773786009255,-12.597463711931775,-6.602874416851923,-1.7541795008830043,2.304453582362528,5.730956598470275,0
212,ROI 212,point,900,90000.00024414062,1984874.9445962377,721731.0803910218,70.01795475706932,-70.73786034587478,power,new ice,sigma0,46.718467712402344,NISAR_S2_PR_GCOV_030_091_D_123_3700_SHNA_A_20260912T130051_20260912T130131_P00500_M_F_I_001_gcov.tif,Band 1: HHHH,900,0.5292879821579981,0.3323622937365611,0.6279422638342607,2.536066114496035,-2.763079668470451,2.7500786169456055,-14.191225470788138,-8.31829196819337,-3.427125549045134,0.6388803289871694,3.8147484336538904,0
213,ROI 213,point,900,90000.00024414062,1986571.2293777473,720840.7651744554,70.05635553234379,-70.72630374385302,power,new ice,gamma0,46.77330017089844,NISAR_S2_PR_GCOV_030_091_D_123_3700_SHNA_A_20260912T130051_20260912T130131_P00500_M_F_I_001_gcov.tif,Band 1: HHHH,900,0.7816589695877499,0.4751569558795032,0.6078826884441726,2.7062034847583276,-1.069826841914073,2.5748678304373005,-8.936606402007722,-6.074631843282239,-1.7713787871392097,2.2981011142591,5.349128412350756,0
213,ROI 213,point,900,90000.00024414062,1986571.2293777473,720840.7651744554,70.05635553234379,-70.72630374385302,power,new ice,sigma0,46.77330017089844,NISAR_S2_PR_GCOV_030_091_D_123_3700_SHNA_A_20260912T130051_20260912T130131_P00500_M_F_I_001_gcov.tif,Band 1: HHHH,900,0.5279931558453652,0.3202575732798414,0.6065562966760049,2.718052049230605,-2.773717070075816,2.5730398547305207,-10.612789861895742,-7.789655596768287,-3.4639215863498856,0.5603033478678252,3.632572067227318,0
