sweep,window_size,num_features,channel,reference,detector,status,error,coarse_offsets,consensus_score,minutes,working_crs,detector_seconds,gpu_peak_gb,filtered_dir,final_dir,rival_csv,detail_csv,validated_by_consensus,n_points,n_inliers_all,n_chips,dE_min_m,dE_max_m,dN_min_m,dN_max_m,affine_dE_m,affine_dN_m,affine_rot_deg,affine_scale_E_ppm,affine_scale_N_ppm,affine_shear_ppm,affine_resid_rmse_m,mean_dx_m,mean_dy_m,rmse_x_m,rmse_y_m,ce90_m,matcher_config,truth_rmse_m,truth_reached,truth_mean_dE_m,truth_mean_dN_m
win3072_nfauto,3072,auto,band1,L8Ref,sift,ok,,"[{""pair_id"": 1, ""dx"": 1118.756, ""dy"": 4533.469, ""method"": ""from-pair-6""}, {""pair_id"": 2, ""dx"": 3897.5078125, ""dy"": 5257.3828125, ""method"": ""matcher@91m""}, {""pair_id"": 3, ""dx"": 3771.53125, ""dy"": 4952.8125, ""method"": ""matcher@169m""}, {""pair_id"": 4, ""dx"": 2533.140625, ""dy"": 4538.53125, ""method"": ""matcher@173m""}, {""pair_id"": 5, ""dx"": 1118.756, ""dy"": 4533.469, ""method"": ""from-pair-6""}, {""pair_id"": 6, ""dx"": 1118.755859375, ""dy"": 4533.46875, ""method"": ""matcher@115m""}, {""pair_id"": 7, ""dx"": 1877.6953125, ""dy"": 5056.578125, ""method"": ""matcher@139m""}, {""pair_id"": 8, ""dx"": 1543.484375, ""dy"": 5062.5625, ""method"": ""matcher@182m""}, {""pair_id"": 9, ""dx"": -4495.17578125, ""dy"": 4781.2265625, ""method"": ""matcher@183m""}, {""pair_id"": 10, ""dx"": -5970.36328125, ""dy"": 5185.9453125, ""method"": ""matcher@180m""}, {""pair_id"": 11, ""dx"": -5657.7734375, ""dy"": 5226.53125, ""method"": ""matcher@165m""}, {""pair_id"": 12, ""dx"": -4189.6875, ""dy"": 5997.40625, ""method"": ""matcher@155m""}, {""pair_id"": 13, ""dx"": -6728.8125, ""dy"": 5091.609375, ""method"": ""matcher@183m""}, {""pair_id"": 14, ""dx"": -4549.4453125, ""dy"": 4828.0, ""method"": ""matcher@181m""}, {""pair_id"": 15, ""dx"": -5990.7265625, ""dy"": 5073.7109375, ""method"": ""matcher@181m""}, {""pair_id"": 16, ""dx"": -6284.65625, ""dy"": 5129.328125, ""method"": ""matcher@145m""}, {""pair_id"": 17, ""dx"": -6253.7578125, ""dy"": 5159.34375, ""method"": ""matcher@145m""}, {""pair_id"": 18, ""dx"": -7540.5078125, ""dy"": 5220.234375, ""method"": ""matcher@91m""}, {""pair_id"": 19, ""dx"": -8971.4296875, ""dy"": 5200.0625, ""method"": ""matcher@91m""}, {""pair_id"": 20, ""dx"": -10219.734375, ""dy"": 6499.71875, ""method"": ""matcher@109m""}, {""pair_id"": 21, ""dx"": -9694.3046875, ""dy"": 5779.3359375, ""method"": ""matcher@167m""}, {""pair_id"": 22, ""dx"": -4549.5143543292, ""dy"": 4827.849942451368, ""method"": ""from-pair-14""}]",1343194.0,594.07,"PROJCS[""unnamed"",GEOGCS[""WGS 84"",DATUM[""WGS_1984"",SPHEROID[""WGS 84"",6378137,298.25722293287,AUTHORITY[""EPSG"",""7030""]],AUTHORITY[""EPSG"",""6326""]],PRIMEM[""Greenwich"",0],UNIT[""degree"",0.0174532925199433,AUTHORITY[""EPSG"",""9122""]],AUTHORITY[""EPSG"",""4326""]],PROJECTION[""Lambert_Conformal_Conic_2SP""],PARAMETER[""latitude_of_origin"",26.3013726155446],PARAMETER[""central_meridian"",56.8207488802833],PARAMETER[""standard_parallel_1"",27.5648260380388],PARAMETER[""standard_parallel_2"",25.0379191930504],PARAMETER[""false_easting"",0],PARAMETER[""false_northing"",0],UNIT[""metre"",1,AUTHORITY[""EPSG"",""9001""]],AXIS[""Easting"",EAST],AXIS[""Northing"",NORTH]]",860.3,26.83,/maintenance/ICIGDev/GPUPOC/output/output299/win3072_nfauto/band1_toL8Ref/filtered_same-res_sift,/maintenance/ICIGDev/GPUPOC/output/output299/win3072_nfauto/band1_toL8Ref/final_same-res_sift,/maintenance/ICIGDev/GPUPOC/output/output299/rival/RIVAL_G1A_MV_G_22SEP2026_260922062424_6_SPLC00GTD_06_1_win3072_nfauto_band1_toL8Ref_sift_nn_r90.csv,/maintenance/ICIGDev/GPUPOC/output/output299/rival/RIVAL_G1A_MV_G_22SEP2026_260922062424_6_SPLC00GTD_06_1_win3072_nfauto_band1_toL8Ref_sift_nn_r90_detail.csv,True,9000.0,1336384.0,45.0,-145395.0,133206.892,-135231.99300000002,143329.66,-5139.039529857827,10869.922743315228,-0.16648872472743362,-105141.45426392472,-30792.576249392725,5056.5993191735415,58716.604478797104,-5821.807446047777,10881.664164715556,42340.77067659325,44758.26034070386,93493.25195472292,nn,25608.167289774956,7.0,-4427.038935306681,17333.134470489236
win3072_nfauto,3072,auto,band1,L8Ref,disk_depth,ok,,"[{""pair_id"": 1, ""dx"": 890.355, ""dy"": 4572.719, ""method"": ""from-pair-6""}, {""pair_id"": 2, ""dx"": 3831.5, ""dy"": 5352.953125, ""method"": ""matcher@91m""}, {""pair_id"": 3, ""dx"": 3784.828125, ""dy"": 4905.390625, ""method"": ""matcher@169m""}, {""pair_id"": 4, ""dx"": 3016.640625, ""dy"": 4946.958984375, ""method"": ""matcher@173m""}, {""pair_id"": 5, ""dx"": 632.359375, ""dy"": 4603.015625, ""method"": ""matcher@151m""}, {""pair_id"": 6, ""dx"": 890.35546875, ""dy"": 4572.71875, ""method"": ""matcher@115m""}, {""pair_id"": 7, ""dx"": 907.46875, ""dy"": 5144.25, ""method"": ""matcher@139m""}, {""pair_id"": 8, ""dx"": 761.0859375, ""dy"": 5080.625, ""method"": ""matcher@182m""}, {""pair_id"": 9, ""dx"": 274.171875, ""dy"": 4678.93359375, ""method"": ""matcher@183m""}, {""pair_id"": 10, ""dx"": -5971.7734375, ""dy"": 5192.390625, ""method"": ""matcher@180m""}, {""pair_id"": 11, ""dx"": -5937.4609375, ""dy"": 5229.375, ""method"": ""matcher@165m""}, {""pair_id"": 12, ""dx"": -4035.359375, ""dy"": 6001.4375, ""method"": ""matcher@155m""}, {""pair_id"": 13, ""dx"": -7607.8515625, ""dy"": 5447.328125, ""method"": ""matcher@183m""}, {""pair_id"": 14, ""dx"": -6002.9375, ""dy"": 5046.78125, ""method"": ""matcher@181m""}, {""pair_id"": 15, ""dx"": -6002.328125, ""dy"": 5074.8828125, ""method"": ""matcher@181m""}, {""pair_id"": 16, ""dx"": -6204.2734375, ""dy"": 5105.15625, ""method"": ""matcher@145m""}, {""pair_id"": 17, ""dx"": -6182.109375, ""dy"": 5153.96875, ""method"": ""matcher@145m""}, {""pair_id"": 18, ""dx"": -7471.078125, ""dy"": 5122.640625, ""method"": ""matcher@91m""}, {""pair_id"": 19, ""dx"": -7671.203125, ""dy"": 5179.46875, ""method"": ""matcher@91m""}, {""pair_id"": 20, ""dx"": -9633.515625, ""dy"": 5957.5625, ""method"": ""matcher@109m""}, {""pair_id"": 21, ""dx"": -9909.578125, ""dy"": 5782.8828125, ""method"": ""matcher@167m""}, {""pair_id"": 22, ""dx"": -6003.590053950187, ""dy"": 5043.935623310251, ""method"": ""from-pair-14""}]",1393371.0,594.18,"PROJCS[""unnamed"",GEOGCS[""WGS 84"",DATUM[""WGS_1984"",SPHEROID[""WGS 84"",6378137,298.25722293287,AUTHORITY[""EPSG"",""7030""]],AUTHORITY[""EPSG"",""6326""]],PRIMEM[""Greenwich"",0],UNIT[""degree"",0.0174532925199433,AUTHORITY[""EPSG"",""9122""]],AUTHORITY[""EPSG"",""4326""]],PROJECTION[""Lambert_Conformal_Conic_2SP""],PARAMETER[""latitude_of_origin"",26.3013726155446],PARAMETER[""central_meridian"",56.8207488802833],PARAMETER[""standard_parallel_1"",27.5648260380388],PARAMETER[""standard_parallel_2"",25.0379191930504],PARAMETER[""false_easting"",0],PARAMETER[""false_northing"",0],UNIT[""metre"",1,AUTHORITY[""EPSG"",""9001""]],AXIS[""Easting"",EAST],AXIS[""Northing"",NORTH]]",1263.3,26.95,/maintenance/ICIGDev/GPUPOC/output/output299/win3072_nfauto/band1_toL8Ref/filtered_same-res_disk_depth,/maintenance/ICIGDev/GPUPOC/output/output299/win3072_nfauto/band1_toL8Ref/final_same-res_disk_depth,/maintenance/ICIGDev/GPUPOC/output/output299/rival/RIVAL_G1A_MV_G_22SEP2026_260922062424_6_SPLC00GTD_06_1_win3072_nfauto_band1_toL8Ref_disk_depth_nn_r90.csv,/maintenance/ICIGDev/GPUPOC/output/output299/rival/RIVAL_G1A_MV_G_22SEP2026_260922062424_6_SPLC00GTD_06_1_win3072_nfauto_band1_toL8Ref_disk_depth_nn_r90_detail.csv,True,9000.0,1365574.0,45.0,-143910.0,134550.0,-132390.0,142650.0,587.02065578279,7147.956060967925,0.07050360478622518,-125156.02423611948,-57137.23836610834,9692.295761821792,54598.33921857397,817.205,7191.54,39588.09049038612,43126.10070943117,88833.48104960549,nn,13686.115450686415,6.0,4566.296605009401,7761.927793191869
win3072_nfauto,3072,auto,band1,L8Ref,disk_epipolar,ok,,"[{""pair_id"": 1, ""dx"": 1121.508, ""dy"": 4460.609, ""method"": ""from-pair-6""}, {""pair_id"": 2, ""dx"": 3918.7265625, ""dy"": 5352.53125, ""method"": ""matcher@91m""}, {""pair_id"": 3, ""dx"": 3785.2578125, ""dy"": 4904.796875, ""method"": ""matcher@169m""}, {""pair_id"": 4, ""dx"": 3018.125, ""dy"": 4946.79296875, ""method"": ""matcher@173m""}, {""pair_id"": 5, ""dx"": 328.5390625, ""dy"": 4452.875, ""method"": ""matcher@151m""}, {""pair_id"": 6, ""dx"": 1121.5078125, ""dy"": 4460.609375, ""method"": ""matcher@115m""}, {""pair_id"": 7, ""dx"": 1877.3203125, ""dy"": 5137.84375, ""method"": ""matcher@139m""}, {""pair_id"": 8, ""dx"": 761.109375, ""dy"": 5081.171875, ""method"": ""matcher@182m""}, {""pair_id"": 9, ""dx"": 274.5625, ""dy"": 4682.07421875, ""method"": ""matcher@183m""}, {""pair_id"": 10, ""dx"": -5971.421875, ""dy"": 5194.34375, ""method"": ""matcher@180m""}, {""pair_id"": 11, ""dx"": -5766.88671875, ""dy"": 5232.6875, ""method"": ""matcher@165m""}, {""pair_id"": 12, ""dx"": -4184.3828125, ""dy"": 6001.8046875, ""method"": ""matcher@155m""}, {""pair_id"": 13, ""dx"": -7782.90625, ""dy"": 5535.703125, ""method"": ""matcher@183m""}, {""pair_id"": 14, ""dx"": -6002.5703125, ""dy"": 5046.21875, ""method"": ""matcher@181m""}, {""pair_id"": 15, ""dx"": -6002.1875, ""dy"": 5074.984375, ""method"": ""matcher@181m""}, {""pair_id"": 16, ""dx"": -6204.4296875, ""dy"": 5109.046875, ""method"": ""matcher@145m""}, {""pair_id"": 17, ""dx"": -6326.59375, ""dy"": 5154.8203125, ""method"": ""matcher@145m""}, {""pair_id"": 18, ""dx"": -7426.015625, ""dy"": 5206.4375, ""method"": ""matcher@91m""}, {""pair_id"": 19, ""dx"": -7489.484375, ""dy"": 5179.375, ""method"": ""matcher@91m""}, {""pair_id"": 20, ""dx"": -9633.796875, ""dy"": 6065.9453125, ""method"": ""matcher@109m""}, {""pair_id"": 21, ""dx"": -9745.5078125, ""dy"": 5786.546875, ""method"": ""matcher@167m""}, {""pair_id"": 22, ""dx"": -6114.588949875939, ""dy"": 5041.533496195053, ""method"": ""from-pair-14""}]",1381445.0,594.29,"PROJCS[""unnamed"",GEOGCS[""WGS 84"",DATUM[""WGS_1984"",SPHEROID[""WGS 84"",6378137,298.25722293287,AUTHORITY[""EPSG"",""7030""]],AUTHORITY[""EPSG"",""6326""]],PRIMEM[""Greenwich"",0],UNIT[""degree"",0.0174532925199433,AUTHORITY[""EPSG"",""9122""]],AUTHORITY[""EPSG"",""4326""]],PROJECTION[""Lambert_Conformal_Conic_2SP""],PARAMETER[""latitude_of_origin"",26.3013726155446],PARAMETER[""central_meridian"",56.8207488802833],PARAMETER[""standard_parallel_1"",27.5648260380388],PARAMETER[""standard_parallel_2"",25.0379191930504],PARAMETER[""false_easting"",0],PARAMETER[""false_northing"",0],UNIT[""metre"",1,AUTHORITY[""EPSG"",""9001""]],AXIS[""Easting"",EAST],AXIS[""Northing"",NORTH]]",1181.9,26.93,/maintenance/ICIGDev/GPUPOC/output/output299/win3072_nfauto/band1_toL8Ref/filtered_same-res_disk_epipolar,/maintenance/ICIGDev/GPUPOC/output/output299/win3072_nfauto/band1_toL8Ref/final_same-res_disk_epipolar,/maintenance/ICIGDev/GPUPOC/output/output299/rival/RIVAL_G1A_MV_G_22SEP2026_260922062424_6_SPLC00GTD_06_1_win3072_nfauto_band1_toL8Ref_disk_epipolar_nn_r90.csv,/maintenance/ICIGDev/GPUPOC/output/output299/rival/RIVAL_G1A_MV_G_22SEP2026_260922062424_6_SPLC00GTD_06_1_win3072_nfauto_band1_toL8Ref_disk_epipolar_nn_r90_detail.csv,True,9000.0,1347417.0,45.0,-143325.0,133020.0,-133245.0,143100.0,-664.1747543632523,5354.277283870125,-0.3767669999082492,-131208.49592883608,-51213.51230033658,8110.239404408777,53372.18480744839,-2251.02,6406.7,37834.55040039461,41925.52580707844,85695.06177847458,nn,17011.377826217267,6.0,-712.3479324966385,9937.427843218147
win3072_nfauto,3072,auto,band1,L8Ref,dedode_L-upright_B-upright,ok,,"[{""pair_id"": 1, ""dx"": 313.77, ""dy"": 3881.219, ""method"": ""from-pair-6""}, {""pair_id"": 2, ""dx"": 2155.453, ""dy"": 5143.484, ""method"": ""from-pair-7""}, {""pair_id"": 3, ""dx"": 2598.8125, ""dy"": 5246.3671875, ""method"": ""matcher@169m""}, {""pair_id"": 4, ""dx"": 1899.9921875, ""dy"": 4258.02734375, ""method"": ""matcher@173m""}, {""pair_id"": 5, ""dx"": 313.77, ""dy"": 3881.219, ""method"": ""from-pair-6""}, {""pair_id"": 6, ""dx"": 313.76953125, ""dy"": 3881.21875, ""method"": ""matcher@115m""}, {""pair_id"": 7, ""dx"": 2155.453125, ""dy"": 5143.484375, ""method"": ""matcher@139m""}, {""pair_id"": 8, ""dx"": 2770.109375, ""dy"": 4544.59375, ""method"": ""matcher@182m""}, {""pair_id"": 9, ""dx"": 92.171875, ""dy"": 4301.515625, ""method"": ""matcher@183m""}, {""pair_id"": 10, ""dx"": -6694.9375, ""dy"": 5551.0, ""method"": ""matcher@180m""}, {""pair_id"": 11, ""dx"": -3818.265625, ""dy"": 6380.09375, ""method"": ""matcher@165m""}, {""pair_id"": 12, ""dx"": -4041.28125, ""dy"": 6013.125, ""method"": ""matcher@155m""}, {""pair_id"": 13, ""dx"": -8151.515625, ""dy"": 5535.6875, ""method"": ""matcher@183m""}, {""pair_id"": 14, ""dx"": -5091.6640625, ""dy"": 4466.48046875, ""method"": ""matcher@181m""}, {""pair_id"": 15, ""dx"": -5455.84375, ""dy"": 4340.7734375, ""method"": ""matcher@181m""}, {""pair_id"": 16, ""dx"": -9113.609375, ""dy"": 5265.0625, ""method"": ""matcher@145m""}, {""pair_id"": 17, ""dx"": -6618.59375, ""dy"": 5451.625, ""method"": ""matcher@145m""}, {""pair_id"": 18, ""dx"": -7210.583538478548, ""dy"": 5179.199921150993, ""method"": ""phasecorr@91m""}, {""pair_id"": 19, ""dx"": -7184.670745758923, ""dy"": 5189.932108886132, ""method"": ""phasecorr@91m""}, {""pair_id"": 20, ""dx"": -10342.0703125, ""dy"": 6269.1875, ""method"": ""matcher@109m""}, {""pair_id"": 21, ""dx"": -8151.516, ""dy"": 5535.688, ""method"": ""from-pair-13""}, {""pair_id"": 22, ""dx"": -4978.90899257543, ""dy"": 4466.527287042636, ""method"": ""from-pair-14""}]",1153036.0,594.4,"PROJCS[""unnamed"",GEOGCS[""WGS 84"",DATUM[""WGS_1984"",SPHEROID[""WGS 84"",6378137,298.25722293287,AUTHORITY[""EPSG"",""7030""]],AUTHORITY[""EPSG"",""6326""]],PRIMEM[""Greenwich"",0],UNIT[""degree"",0.0174532925199433,AUTHORITY[""EPSG"",""9122""]],AUTHORITY[""EPSG"",""4326""]],PROJECTION[""Lambert_Conformal_Conic_2SP""],PARAMETER[""latitude_of_origin"",26.3013726155446],PARAMETER[""central_meridian"",56.8207488802833],PARAMETER[""standard_parallel_1"",27.5648260380388],PARAMETER[""standard_parallel_2"",25.0379191930504],PARAMETER[""false_easting"",0],PARAMETER[""false_northing"",0],UNIT[""metre"",1,AUTHORITY[""EPSG"",""9001""]],AXIS[""Easting"",EAST],AXIS[""Northing"",NORTH]]",2032.4,35.71,/maintenance/ICIGDev/GPUPOC/output/output299/win3072_nfauto/band1_toL8Ref/filtered_same-res_dedode_L-upright_B-upright,/maintenance/ICIGDev/GPUPOC/output/output299/win3072_nfauto/band1_toL8Ref/final_same-res_dedode_L-upright_B-upright,/maintenance/ICIGDev/GPUPOC/output/output299/rival/RIVAL_G1A_MV_G_22SEP2026_260922062424_6_SPLC00GTD_06_1_win3072_nfauto_band1_toL8Ref_dedode_L-upright_B-upright_nn_r90.csv,/maintenance/ICIGDev/GPUPOC/output/output299/rival/RIVAL_G1A_MV_G_22SEP2026_260922062424_6_SPLC00GTD_06_1_win3072_nfauto_band1_toL8Ref_dedode_L-upright_B-upright_nn_r90_detail.csv,True,7800.0,1150536.0,39.0,-146340.0,139185.0,-137205.0,147195.0,-708.7743022093003,3748.098832649058,-0.7058512989401101,-155100.84794910552,-48118.075714580285,-12984.398902994393,60524.266825890496,-3900.8884113846157,5089.528845461538,42445.13736194482,45455.46667438829,94372.64220590623,nn,16111.351201476862,7.0,3895.260379317181,3689.296445852054
win3072_nfauto,3072,auto,band1,L8Ref,dedode_L-upright_B-C4,ok,,"[{""pair_id"": 1, ""dx"": 717.516, ""dy"": 3767.094, ""method"": ""from-pair-6""}, {""pair_id"": 2, ""dx"": 2155.531, ""dy"": 5143.703, ""method"": ""from-pair-7""}, {""pair_id"": 3, ""dx"": 2938.65625, ""dy"": 5056.84375, ""method"": ""matcher@169m""}, {""pair_id"": 4, ""dx"": 1985.109375, ""dy"": 4429.671875, ""method"": ""matcher@173m""}, {""pair_id"": 5, ""dx"": 717.516, ""dy"": 3767.094, ""method"": ""from-pair-6""}, {""pair_id"": 6, ""dx"": 717.515625, ""dy"": 3767.09375, ""method"": ""matcher@115m""}, {""pair_id"": 7, ""dx"": 2155.53125, ""dy"": 5143.703125, ""method"": ""matcher@139m""}, {""pair_id"": 8, ""dx"": 3044.5546875, ""dy"": 4547.4296875, ""method"": ""matcher@182m""}, {""pair_id"": 9, ""dx"": 274.375, ""dy"": 4300.9296875, ""method"": ""matcher@183m""}, {""pair_id"": 10, ""dx"": -6153.4921875, ""dy"": 5546.8125, ""method"": ""matcher@180m""}, {""pair_id"": 11, ""dx"": -5773.3984375, ""dy"": 5908.765625, ""method"": ""matcher@165m""}, {""pair_id"": 12, ""dx"": -7475.109375, ""dy"": 6158.3125, ""method"": ""matcher@155m""}, {""pair_id"": 13, ""dx"": -8330.1328125, ""dy"": 5535.109375, ""method"": ""matcher@183m""}, {""pair_id"": 14, ""dx"": -4912.24609375, ""dy"": 4465.9609375, ""method"": ""matcher@181m""}, {""pair_id"": 15, ""dx"": -6002.125, ""dy"": 4174.671875, ""method"": ""matcher@181m""}, {""pair_id"": 16, ""dx"": -9113.3203125, ""dy"": 5265.24609375, ""method"": ""matcher@145m""}, {""pair_id"": 17, ""dx"": -8653.4140625, ""dy"": 5290.3671875, ""method"": ""matcher@145m""}, {""pair_id"": 18, ""dx"": -7210.583538478548, ""dy"": 5179.199921150993, ""method"": ""phasecorr@91m""}, {""pair_id"": 19, ""dx"": -7184.670745758923, ""dy"": 5189.932108886132, ""method"": ""phasecorr@91m""}, {""pair_id"": 20, ""dx"": -10286.734375, ""dy"": 6163.609375, ""method"": ""matcher@109m""}, {""pair_id"": 21, ""dx"": -7462.780305091989, ""dy"": 4831.497308767455, ""method"": ""from-pair-13""}, {""pair_id"": 22, ""dx"": -4911.846897360153, ""dy"": 4466.010178524341, ""method"": ""from-pair-14""}]",1341687.0,594.49,"PROJCS[""unnamed"",GEOGCS[""WGS 84"",DATUM[""WGS_1984"",SPHEROID[""WGS 84"",6378137,298.25722293287,AUTHORITY[""EPSG"",""7030""]],AUTHORITY[""EPSG"",""6326""]],PRIMEM[""Greenwich"",0],UNIT[""degree"",0.0174532925199433,AUTHORITY[""EPSG"",""9122""]],AUTHORITY[""EPSG"",""4326""]],PROJECTION[""Lambert_Conformal_Conic_2SP""],PARAMETER[""latitude_of_origin"",26.3013726155446],PARAMETER[""central_meridian"",56.8207488802833],PARAMETER[""standard_parallel_1"",27.5648260380388],PARAMETER[""standard_parallel_2"",25.0379191930504],PARAMETER[""false_easting"",0],PARAMETER[""false_northing"",0],UNIT[""metre"",1,AUTHORITY[""EPSG"",""9001""]],AXIS[""Easting"",EAST],AXIS[""Northing"",NORTH]]",1826.7,36.42,/maintenance/ICIGDev/GPUPOC/output/output299/win3072_nfauto/band1_toL8Ref/filtered_same-res_dedode_L-upright_B-C4,/maintenance/ICIGDev/GPUPOC/output/output299/win3072_nfauto/band1_toL8Ref/final_same-res_dedode_L-upright_B-C4,/maintenance/ICIGDev/GPUPOC/output/output299/rival/RIVAL_G1A_MV_G_22SEP2026_260922062424_6_SPLC00GTD_06_1_win3072_nfauto_band1_toL8Ref_dedode_L-upright_B-C4_nn_r90.csv,/maintenance/ICIGDev/GPUPOC/output/output299/rival/RIVAL_G1A_MV_G_22SEP2026_260922062424_6_SPLC00GTD_06_1_win3072_nfauto_band1_toL8Ref_dedode_L-upright_B-C4_nn_r90_detail.csv,True,9000.0,1337083.0,45.0,-148680.0,138330.0,-137160.0,147105.0,2301.6999596567066,5351.490056646954,-1.151985578047027,-163393.34757696383,-28278.265091679918,-20551.879059885538,61527.10474462905,-2510.3800516911106,6209.630006557778,44482.244158931586,45651.990855171505,96722.17831177807,nn,33441.86480124181,7.0,1940.0421389578962,21405.436319391145
win3072_nfauto,3072,auto,band1,L8Ref,dedode_L-upright_G-upright,ok,,"[{""pair_id"": 1, ""dx"": 2656.1962010808934, ""dy"": 4372.104026427505, ""method"": ""from-pair-6""}, {""pair_id"": 2, ""dx"": -2277.188, ""dy"": 6116.797, ""method"": ""from-pair-7""}, {""pair_id"": 3, ""dx"": 2937.8984375, ""dy"": 5418.2109375, ""method"": ""matcher@169m""}, {""pair_id"": 4, ""dx"": 2209.187890901098, ""dy"": 4488.437886113461, ""method"": ""phasecorr@173m""}, {""pair_id"": 5, ""dx"": 2656.1962010808934, ""dy"": 4372.104026427505, ""method"": ""from-pair-6""}, {""pair_id"": 6, ""dx"": 2656.1962010808934, ""dy"": 4372.104026427505, ""method"": ""phasecorr@115m""}, {""pair_id"": 7, ""dx"": -2277.1875, ""dy"": 6116.796875, ""method"": ""matcher@139m""}, {""pair_id"": 8, ""dx"": -1250.3671875, ""dy"": 3814.65625, ""method"": ""matcher@182m""}, {""pair_id"": 9, ""dx"": 274.2109375, ""dy"": 4302.3671875, ""method"": ""matcher@183m""}, {""pair_id"": 10, ""dx"": -5042.152, ""dy"": 6216.078, ""method"": ""from-pair-11""}, {""pair_id"": 11, ""dx"": -5042.15234375, ""dy"": 6216.078125, ""method"": ""matcher@165m""}, {""pair_id"": 12, ""dx"": -4506.046875, ""dy"": 6017.828125, ""method"": ""matcher@155m""}, {""pair_id"": 13, ""dx"": -6517.984375, ""dy"": 4163.125, ""method"": ""matcher@183m""}, {""pair_id"": 14, ""dx"": -4547.167750649745, ""dy"": 4812.708470302123, ""method"": ""phasecorr@181m""}, {""pair_id"": 15, ""dx"": -4715.92238200285, ""dy"": 4801.588257478772, ""method"": ""phasecorr@181m""}, {""pair_id"": 16, ""dx"": -7228.256202006644, ""dy"": 5263.918827307949, ""method"": ""phasecorr@145m""}, {""pair_id"": 17, ""dx"": -7226.390285661186, ""dy"": 5299.106609217986, ""method"": ""phasecorr@145m""}, {""pair_id"": 18, ""dx"": -7210.583538478548, ""dy"": 5179.199921150993, ""method"": ""phasecorr@91m""}, {""pair_id"": 19, ""dx"": -7184.670745758923, ""dy"": 5189.932108886132, ""method"": ""phasecorr@91m""}, {""pair_id"": 20, ""dx"": -4506.047, ""dy"": 6017.828, ""method"": ""from-pair-12""}, {""pair_id"": 21, ""dx"": -6517.984, ""dy"": 4163.125, ""method"": ""from-pair-13""}, {""pair_id"": 22, ""dx"": -6209.436080969758, ""dy"": 4984.239119148425, ""method"": ""from-pair-14""}]",1501.0,594.6,"PROJCS[""unnamed"",GEOGCS[""WGS 84"",DATUM[""WGS_1984"",SPHEROID[""WGS 84"",6378137,298.25722293287,AUTHORITY[""EPSG"",""7030""]],AUTHORITY[""EPSG"",""6326""]],PRIMEM[""Greenwich"",0],UNIT[""degree"",0.0174532925199433,AUTHORITY[""EPSG"",""9122""]],AUTHORITY[""EPSG"",""4326""]],PROJECTION[""Lambert_Conformal_Conic_2SP""],PARAMETER[""latitude_of_origin"",26.3013726155446],PARAMETER[""central_meridian"",56.8207488802833],PARAMETER[""standard_parallel_1"",27.5648260380388],PARAMETER[""standard_parallel_2"",25.0379191930504],PARAMETER[""false_easting"",0],PARAMETER[""false_northing"",0],UNIT[""metre"",1,AUTHORITY[""EPSG"",""9001""]],AXIS[""Easting"",EAST],AXIS[""Northing"",NORTH]]",1228.2,32.61,/maintenance/ICIGDev/GPUPOC/output/output299/win3072_nfauto/band1_toL8Ref/filtered_same-res_dedode_L-upright_G-upright,/maintenance/ICIGDev/GPUPOC/output/output299/win3072_nfauto/band1_toL8Ref/final_same-res_dedode_L-upright_G-upright,/maintenance/ICIGDev/GPUPOC/output/output299/rival/RIVAL_G1A_MV_G_22SEP2026_260922062424_6_SPLC00GTD_06_1_win3072_nfauto_band1_toL8Ref_dedode_L-upright_G-upright_ada_r90.csv,/maintenance/ICIGDev/GPUPOC/output/output299/rival/RIVAL_G1A_MV_G_22SEP2026_260922062424_6_SPLC00GTD_06_1_win3072_nfauto_band1_toL8Ref_dedode_L-upright_G-upright_ada_r90_detail.csv,True,200.0,1501.0,1.0,-19080.0,23040.0,-12150.0,54990.0,1820.8660892738171,26118.377748167877,-9.106262990171803,-213281.16306581628,-946937.6047819591,-1810.21294900037,16385.783447216276,2208.375,25497.9,6702.907475491513,30615.997288999097,47558.67811313646,ada,,0.0,,
win3072_nfauto,3072,auto,band1,L8Ref,dedode_L-upright_G-C4,ok,,"[{""pair_id"": 1, ""dx"": 2656.1962010808934, ""dy"": 4372.104026427505, ""method"": ""from-pair-6""}, {""pair_id"": 2, ""dx"": 1872.617, ""dy"": 5208.453, ""method"": ""from-pair-7""}, {""pair_id"": 3, ""dx"": 3191.054782353978, ""dy"": 5014.58178135801, ""method"": ""phasecorr@169m""}, {""pair_id"": 4, ""dx"": 2209.187890901098, ""dy"": 4488.437886113461, ""method"": ""phasecorr@173m""}, {""pair_id"": 5, ""dx"": 2656.1962010808934, ""dy"": 4372.104026427505, ""method"": ""from-pair-6""}, {""pair_id"": 6, ""dx"": 2656.1962010808934, ""dy"": 4372.104026427505, ""method"": ""phasecorr@115m""}, {""pair_id"": 7, ""dx"": 1872.6171875, ""dy"": 5208.453125, ""method"": ""matcher@139m""}, {""pair_id"": 8, ""dx"": 3318.375, ""dy"": 4362.6171875, ""method"": ""matcher@182m""}, {""pair_id"": 9, ""dx"": -4648.69140625, ""dy"": 4484.2890625, ""method"": ""matcher@183m""}, {""pair_id"": 10, ""dx"": -5448.945, ""dy"": 6212.406, ""method"": ""from-pair-11""}, {""pair_id"": 11, ""dx"": -5448.945, ""dy"": 6212.406, ""method"": ""matcher@165m""}, {""pair_id"": 12, ""dx"": -4830.174482406231, ""dy"": 5766.404797000425, ""method"": ""phasecorr@155m""}, {""pair_id"": 13, ""dx"": -6610.201087453341, ""dy"": 4942.747422556326, ""method"": ""phasecorr@183m""}, {""pair_id"": 14, ""dx"": -4547.167750649745, ""dy"": 4812.708470302123, ""method"": ""phasecorr@181m""}, {""pair_id"": 15, ""dx"": -4715.92238200285, ""dy"": 4801.588257478772, ""method"": ""phasecorr@181m""}, {""pair_id"": 16, ""dx"": -9113.390625, ""dy"": 5265.4296875, ""method"": ""matcher@145m""}, {""pair_id"": 17, ""dx"": -5166.296875, ""dy"": 5298.09375, ""method"": ""matcher@145m""}, {""pair_id"": 18, ""dx"": -7210.583538478548, ""dy"": 5179.199921150993, ""method"": ""phasecorr@91m""}, {""pair_id"": 19, ""dx"": -7184.670745758923, ""dy"": 5189.932108886132, ""method"": ""phasecorr@91m""}, {""pair_id"": 20, ""dx"": -5846.591, ""dy"": 5761.279, ""method"": ""from-pair-12""}, {""pair_id"": 21, ""dx"": -8372.497929751207, ""dy"": 5749.109350193388, ""method"": ""from-pair-13""}, {""pair_id"": 22, ""dx"": -6209.436080969758, ""dy"": 4984.239119148425, ""method"": ""from-pair-14""}]",23.0,594.6,"PROJCS[""unnamed"",GEOGCS[""WGS 84"",DATUM[""WGS_1984"",SPHEROID[""WGS 84"",6378137,298.25722293287,AUTHORITY[""EPSG"",""7030""]],AUTHORITY[""EPSG"",""6326""]],PRIMEM[""Greenwich"",0],UNIT[""degree"",0.0174532925199433,AUTHORITY[""EPSG"",""9122""]],AUTHORITY[""EPSG"",""4326""]],PROJECTION[""Lambert_Conformal_Conic_2SP""],PARAMETER[""latitude_of_origin"",26.3013726155446],PARAMETER[""central_meridian"",56.8207488802833],PARAMETER[""standard_parallel_1"",27.5648260380388],PARAMETER[""standard_parallel_2"",25.0379191930504],PARAMETER[""false_easting"",0],PARAMETER[""false_northing"",0],UNIT[""metre"",1,AUTHORITY[""EPSG"",""9001""]],AXIS[""Easting"",EAST],AXIS[""Northing"",NORTH]]",1221.8,32.6,/maintenance/ICIGDev/GPUPOC/output/output299/win3072_nfauto/band1_toL8Ref/filtered_same-res_dedode_L-upright_G-C4,/maintenance/ICIGDev/GPUPOC/output/output299/win3072_nfauto/band1_toL8Ref/final_same-res_dedode_L-upright_G-C4,/maintenance/ICIGDev/GPUPOC/output/output299/rival/RIVAL_G1A_MV_G_22SEP2026_260922062424_6_SPLC00GTD_06_1_win3072_nfauto_band1_toL8Ref_dedode_L-upright_G-C4_nn_r90.csv,/maintenance/ICIGDev/GPUPOC/output/output299/rival/RIVAL_G1A_MV_G_22SEP2026_260922062424_6_SPLC00GTD_06_1_win3072_nfauto_band1_toL8Ref_dedode_L-upright_G-C4_nn_r90_detail.csv,True,23.0,23.0,1.0,-900.0,15120.0,180.0,45630.0,4633.043478261057,26426.739130434536,-51.80521104121389,-1206354.849400923,-12196232.429770034,7032041.140820779,340.4054995635345,4633.04347826087,26426.739130434784,6560.277201195217,32774.99970152223,50720.96859963417,nn,,0.0,,
win3072_nfauto,3072,auto,band1,L8Ref,dedode_L-C4_B-upright,ok,,"[{""pair_id"": 1, ""dx"": 82.395, ""dy"": 3881.438, ""method"": ""from-pair-6""}, {""pair_id"": 2, ""dx"": 2155.406, ""dy"": 5145.031, ""method"": ""from-pair-7""}, {""pair_id"": 3, ""dx"": 2430.88671875, ""dy"": 5411.8828125, ""method"": ""matcher@169m""}, {""pair_id"": 4, ""dx"": 1818.453125, ""dy"": 4258.109375, ""method"": ""matcher@173m""}, {""pair_id"": 5, ""dx"": 82.395, ""dy"": 3881.438, ""method"": ""from-pair-6""}, {""pair_id"": 6, ""dx"": 82.39453125, ""dy"": 3881.4375, ""method"": ""matcher@115m""}, {""pair_id"": 7, ""dx"": 2155.40625, ""dy"": 5145.03125, ""method"": ""matcher@139m""}, {""pair_id"": 8, ""dx"": 2769.953125, ""dy"": 4532.171875, ""method"": ""matcher@182m""}, {""pair_id"": 9, ""dx"": -4648.83984375, ""dy"": 4485.203125, ""method"": ""matcher@183m""}, {""pair_id"": 10, ""dx"": -6697.2890625, ""dy"": 5549.125, ""method"": ""matcher@180m""}, {""pair_id"": 11, ""dx"": -5448.90625, ""dy"": 6054.125, ""method"": ""matcher@165m""}, {""pair_id"": 12, ""dx"": -4039.61328125, ""dy"": 6013.859375, ""method"": ""matcher@155m""}, {""pair_id"": 13, ""dx"": -8327.359375, ""dy"": 5362.46875, ""method"": ""matcher@183m""}, {""pair_id"": 14, ""dx"": -6365.36328125, ""dy"": 4125.875, ""method"": ""matcher@181m""}, {""pair_id"": 15, ""dx"": -5091.7734375, ""dy"": 4518.828125, ""method"": ""matcher@181m""}, {""pair_id"": 16, ""dx"": -7367.83203125, ""dy"": 5654.390625, ""method"": ""matcher@145m""}, {""pair_id"": 17, ""dx"": -6474.5703125, ""dy"": 5451.65625, ""method"": ""matcher@145m""}, {""pair_id"": 18, ""dx"": -7210.583538478548, ""dy"": 5179.199921150993, ""method"": ""phasecorr@91m""}, {""pair_id"": 19, ""dx"": -7184.670745758923, ""dy"": 5189.932108886132, ""method"": ""phasecorr@91m""}, {""pair_id"": 20, ""dx"": -9959.5, ""dy"": 6375.796875, ""method"": ""matcher@109m""}, {""pair_id"": 21, ""dx"": -9578.1328125, ""dy"": 6118.21875, ""method"": ""matcher@167m""}, {""pair_id"": 22, ""dx"": -6479.137897409395, ""dy"": 4139.884755742101, ""method"": ""from-pair-14""}]",1405789.0,594.6,"PROJCS[""unnamed"",GEOGCS[""WGS 84"",DATUM[""WGS_1984"",SPHEROID[""WGS 84"",6378137,298.25722293287,AUTHORITY[""EPSG"",""7030""]],AUTHORITY[""EPSG"",""6326""]],PRIMEM[""Greenwich"",0],UNIT[""degree"",0.0174532925199433,AUTHORITY[""EPSG"",""9122""]],AUTHORITY[""EPSG"",""4326""]],PROJECTION[""Lambert_Conformal_Conic_2SP""],PARAMETER[""latitude_of_origin"",26.3013726155446],PARAMETER[""central_meridian"",56.8207488802833],PARAMETER[""standard_parallel_1"",27.5648260380388],PARAMETER[""standard_parallel_2"",25.0379191930504],PARAMETER[""false_easting"",0],PARAMETER[""false_northing"",0],UNIT[""metre"",1,AUTHORITY[""EPSG"",""9001""]],AXIS[""Easting"",EAST],AXIS[""Northing"",NORTH]]",1849.5,36.55,/maintenance/ICIGDev/GPUPOC/output/output299/win3072_nfauto/band1_toL8Ref/filtered_same-res_dedode_L-C4_B-upright,/maintenance/ICIGDev/GPUPOC/output/output299/win3072_nfauto/band1_toL8Ref/final_same-res_dedode_L-C4_B-upright,/maintenance/ICIGDev/GPUPOC/output/output299/rival/RIVAL_G1A_MV_G_22SEP2026_260922062424_6_SPLC00GTD_06_1_win3072_nfauto_band1_toL8Ref_dedode_L-C4_B-upright_nn_r90.csv,/maintenance/ICIGDev/GPUPOC/output/output299/rival/RIVAL_G1A_MV_G_22SEP2026_260922062424_6_SPLC00GTD_06_1_win3072_nfauto_band1_toL8Ref_dedode_L-C4_B-upright_nn_r90_detail.csv,True,9000.0,1402017.0,45.0,-148410.0,140985.0,-136890.0,145935.0,2926.776867139767,4835.360466195561,-0.3736568857171035,-151693.01413230217,-57288.76944362853,-29345.824288388292,59953.72114316597,-3120.9850345999994,4967.845014533333,44196.38113421678,45633.36120546869,96399.64523988235,nn,26782.05670944746,6.0,-9968.579163710894,11514.137564376955
win3072_nfauto,3072,auto,band1,L8Ref,dedode_L-C4_B-C4,ok,,"[{""pair_id"": 1, ""dx"": 544.361, ""dy"": 3766.875, ""method"": ""from-pair-6""}, {""pair_id"": 2, ""dx"": 2154.969, ""dy"": 5145.109, ""method"": ""from-pair-7""}, {""pair_id"": 3, ""dx"": 2769.328125, ""dy"": 5060.15625, ""method"": ""matcher@169m""}, {""pair_id"": 4, ""dx"": 1985.109375, ""dy"": 4429.875, ""method"": ""matcher@173m""}, {""pair_id"": 5, ""dx"": 544.361, ""dy"": 3766.875, ""method"": ""from-pair-6""}, {""pair_id"": 6, ""dx"": 544.361328125, ""dy"": 3766.875, ""method"": ""matcher@115m""}, {""pair_id"": 7, ""dx"": 2154.96875, ""dy"": 5145.109375, ""method"": ""matcher@139m""}, {""pair_id"": 8, ""dx"": 3134.875, ""dy"": 4529.875, ""method"": ""matcher@182m""}, {""pair_id"": 9, ""dx"": -4648.8046875, ""dy"": 4482.5078125, ""method"": ""matcher@183m""}, {""pair_id"": 10, ""dx"": -6151.89453125, ""dy"": 5377.921875, ""method"": ""matcher@180m""}, {""pair_id"": 11, ""dx"": -5612.078125, ""dy"": 5910.421875, ""method"": ""matcher@165m""}, {""pair_id"": 12, ""dx"": -7625.0859375, ""dy"": 6155.65625, ""method"": ""matcher@155m""}, {""pair_id"": 13, ""dx"": -6700.1796875, ""dy"": 4503.53125, ""method"": ""matcher@183m""}, {""pair_id"": 14, ""dx"": -6001.30078125, ""dy"": 4136.7734375, ""method"": ""matcher@181m""}, {""pair_id"": 15, ""dx"": -6183.234375, ""dy"": 4166.0859375, ""method"": ""matcher@181m""}, {""pair_id"": 16, ""dx"": -9113.28125, ""dy"": 5265.1171875, ""method"": ""matcher@145m""}, {""pair_id"": 17, ""dx"": -8653.296875, ""dy"": 5290.4609375, ""method"": ""matcher@145m""}, {""pair_id"": 18, ""dx"": -7210.583538478548, ""dy"": 5179.199921150993, ""method"": ""phasecorr@91m""}, {""pair_id"": 19, ""dx"": -7184.670745758923, ""dy"": 5189.932108886132, ""method"": ""phasecorr@91m""}, {""pair_id"": 20, ""dx"": -9740.53515625, ""dy"": 6106.6875, ""method"": ""matcher@109m""}, {""pair_id"": 21, ""dx"": -6699.50209787721, ""dy"": 4504.432851931213, ""method"": ""from-pair-13""}, {""pair_id"": 22, ""dx"": -5314.121913450965, ""dy"": 4340.117371237014, ""method"": ""from-pair-14""}]",1383004.0,594.72,"PROJCS[""unnamed"",GEOGCS[""WGS 84"",DATUM[""WGS_1984"",SPHEROID[""WGS 84"",6378137,298.25722293287,AUTHORITY[""EPSG"",""7030""]],AUTHORITY[""EPSG"",""6326""]],PRIMEM[""Greenwich"",0],UNIT[""degree"",0.0174532925199433,AUTHORITY[""EPSG"",""9122""]],AUTHORITY[""EPSG"",""4326""]],PROJECTION[""Lambert_Conformal_Conic_2SP""],PARAMETER[""latitude_of_origin"",26.3013726155446],PARAMETER[""central_meridian"",56.8207488802833],PARAMETER[""standard_parallel_1"",27.5648260380388],PARAMETER[""standard_parallel_2"",25.0379191930504],PARAMETER[""false_easting"",0],PARAMETER[""false_northing"",0],UNIT[""metre"",1,AUTHORITY[""EPSG"",""9001""]],AXIS[""Easting"",EAST],AXIS[""Northing"",NORTH]]",1857.4,35.86,/maintenance/ICIGDev/GPUPOC/output/output299/win3072_nfauto/band1_toL8Ref/filtered_same-res_dedode_L-C4_B-C4,/maintenance/ICIGDev/GPUPOC/output/output299/win3072_nfauto/band1_toL8Ref/final_same-res_dedode_L-C4_B-C4,/maintenance/ICIGDev/GPUPOC/output/output299/rival/RIVAL_G1A_MV_G_22SEP2026_260922062424_6_SPLC00GTD_06_1_win3072_nfauto_band1_toL8Ref_dedode_L-C4_B-C4_nn_r90.csv,/maintenance/ICIGDev/GPUPOC/output/output299/rival/RIVAL_G1A_MV_G_22SEP2026_260922062424_6_SPLC00GTD_06_1_win3072_nfauto_band1_toL8Ref_dedode_L-C4_B-C4_nn_r90_detail.csv,True,9000.0,1379820.0,45.0,-148725.0,134820.0,-137520.0,145935.0,6522.05305154071,7369.338025121964,-0.3460489649838902,-169038.51282839524,-38640.432188905565,-29375.874559222957,58830.24419183098,117.65003500333263,6980.939954154444,44019.65338010225,43559.490065806334,93973.71806692322,nn,10031.996812446978,6.0,2959.130015736247,4308.484598963232
win3072_nfauto,3072,auto,band1,L8Ref,dedode_L-C4_G-upright,ok,,"[{""pair_id"": 1, ""dx"": 2656.1962010808934, ""dy"": 4372.104026427505, ""method"": ""from-pair-6""}, {""pair_id"": 2, ""dx"": -2138.723, ""dy"": 6113.953, ""method"": ""from-pair-7""}, {""pair_id"": 3, ""dx"": 3191.054782353978, ""dy"": 5014.58178135801, ""method"": ""phasecorr@169m""}, {""pair_id"": 4, ""dx"": 1813.875, ""dy"": 4429.1328125, ""method"": ""matcher@173m""}, {""pair_id"": 5, ""dx"": 2656.1962010808934, ""dy"": 4372.104026427505, ""method"": ""from-pair-6""}, {""pair_id"": 6, ""dx"": 2656.1962010808934, ""dy"": 4372.104026427505, ""method"": ""phasecorr@115m""}, {""pair_id"": 7, ""dx"": -2138.72265625, ""dy"": 6113.953125, ""method"": ""matcher@139m""}, {""pair_id"": 8, ""dx"": 2587.53125, ""dy"": 4543.015625, ""method"": ""matcher@182m""}, {""pair_id"": 9, ""dx"": 274.8125, ""dy"": 4294.84765625, ""method"": ""matcher@183m""}, {""pair_id"": 10, ""dx"": -5893.210447744181, ""dy"": 5234.655560659856, ""method"": ""from-pair-11""}, {""pair_id"": 11, ""dx"": -5865.393576475247, ""dy"": 5241.253261037192, ""method"": ""phasecorr@165m""}, {""pair_id"": 12, ""dx"": -4351.4375, ""dy"": 6013.65625, ""method"": ""matcher@155m""}, {""pair_id"": 13, ""dx"": -6690.859375, ""dy"": 4505.890625, ""method"": ""matcher@183m""}, {""pair_id"": 14, ""dx"": -4547.167750649745, ""dy"": 4812.708470302123, ""method"": ""phasecorr@181m""}, {""pair_id"": 15, ""dx"": -4715.92238200285, ""dy"": 4801.588257478772, ""method"": ""phasecorr@181m""}, {""pair_id"": 16, ""dx"": -7228.256202006644, ""dy"": 5263.918827307949, ""method"": ""phasecorr@145m""}, {""pair_id"": 17, ""dx"": -5529.625, ""dy"": 5302.4609375, ""method"": ""matcher@145m""}, {""pair_id"": 18, ""dx"": -7210.583538478548, ""dy"": 5179.199921150993, ""method"": ""phasecorr@91m""}, {""pair_id"": 19, ""dx"": -7184.670745758923, ""dy"": 5189.932108886132, ""method"": ""phasecorr@91m""}, {""pair_id"": 20, ""dx"": -4351.438, ""dy"": 6013.656, ""method"": ""from-pair-12""}, {""pair_id"": 21, ""dx"": -6690.859, ""dy"": 4508.362518156008, ""method"": ""from-pair-13""}, {""pair_id"": 22, ""dx"": -6209.436080969758, ""dy"": 4984.239119148425, ""method"": ""from-pair-14""}]",14.0,594.83,"PROJCS[""unnamed"",GEOGCS[""WGS 84"",DATUM[""WGS_1984"",SPHEROID[""WGS 84"",6378137,298.25722293287,AUTHORITY[""EPSG"",""7030""]],AUTHORITY[""EPSG"",""6326""]],PRIMEM[""Greenwich"",0],UNIT[""degree"",0.0174532925199433,AUTHORITY[""EPSG"",""9122""]],AUTHORITY[""EPSG"",""4326""]],PROJECTION[""Lambert_Conformal_Conic_2SP""],PARAMETER[""latitude_of_origin"",26.3013726155446],PARAMETER[""central_meridian"",56.8207488802833],PARAMETER[""standard_parallel_1"",27.5648260380388],PARAMETER[""standard_parallel_2"",25.0379191930504],PARAMETER[""false_easting"",0],PARAMETER[""false_northing"",0],UNIT[""metre"",1,AUTHORITY[""EPSG"",""9001""]],AXIS[""Easting"",EAST],AXIS[""Northing"",NORTH]]",1247.8,32.61,/maintenance/ICIGDev/GPUPOC/output/output299/win3072_nfauto/band1_toL8Ref/filtered_same-res_dedode_L-C4_G-upright,/maintenance/ICIGDev/GPUPOC/output/output299/win3072_nfauto/band1_toL8Ref/final_same-res_dedode_L-C4_G-upright,/maintenance/ICIGDev/GPUPOC/output/output299/rival/RIVAL_G1A_MV_G_22SEP2026_260922062424_6_SPLC00GTD_06_1_win3072_nfauto_band1_toL8Ref_dedode_L-C4_G-upright_lgm_r90.csv,/maintenance/ICIGDev/GPUPOC/output/output299/rival/RIVAL_G1A_MV_G_22SEP2026_260922062424_6_SPLC00GTD_06_1_win3072_nfauto_band1_toL8Ref_dedode_L-C4_G-upright_lgm_r90_detail.csv,True,14.0,14.0,1.0,-30735.0,15750.0,-1845.0,55755.0,-13027.5,36964.28571428571,54.30043725893624,-1108925.330435804,-544691.7623727899,39024.46421025596,13220.060004284895,-13027.5,36964.28571428572,20091.029581453935,39944.89941514078,67849.65915395261,lgm,,0.0,,
win3072_nfauto,3072,auto,band1,L8Ref,dedode_L-C4_G-C4,ok,,"[{""pair_id"": 1, ""dx"": 2656.1962010808934, ""dy"": 4372.104026427505, ""method"": ""from-pair-6""}, {""pair_id"": 2, ""dx"": -2217.511, ""dy"": 6056.578, ""method"": ""from-pair-7""}, {""pair_id"": 3, ""dx"": 3191.054782353978, ""dy"": 5014.58178135801, ""method"": ""phasecorr@169m""}, {""pair_id"": 4, ""dx"": 2209.187890901098, ""dy"": 4488.437886113461, ""method"": ""phasecorr@173m""}, {""pair_id"": 5, ""dx"": 2656.1962010808934, ""dy"": 4372.104026427505, ""method"": ""from-pair-6""}, {""pair_id"": 6, ""dx"": 2656.1962010808934, ""dy"": 4372.104026427505, ""method"": ""phasecorr@115m""}, {""pair_id"": 7, ""dx"": 2052.2590051127986, ""dy"": 5056.617180097255, ""method"": ""phasecorr@139m""}, {""pair_id"": 8, ""dx"": 2587.5, ""dy"": 4521.0, ""method"": ""matcher@182m""}, {""pair_id"": 9, ""dx"": -4557.60546875, ""dy"": 4485.171875, ""method"": ""matcher@183m""}, {""pair_id"": 10, ""dx"": -6080.404503522494, ""dy"": 5951.977465766371, ""method"": ""from-pair-11""}, {""pair_id"": 11, ""dx"": -7241.5390625, ""dy"": 5757.21875, ""method"": ""matcher@165m""}, {""pair_id"": 12, ""dx"": -4830.174482406231, ""dy"": 5766.404797000425, ""method"": ""phasecorr@155m""}, {""pair_id"": 13, ""dx"": -6880.8984375, ""dy"": 4164.65625, ""method"": ""matcher@183m""}, {""pair_id"": 14, ""dx"": -4547.167750649745, ""dy"": 4812.708470302123, ""method"": ""phasecorr@181m""}, {""pair_id"": 15, ""dx"": -4715.92238200285, ""dy"": 4801.588257478772, ""method"": ""phasecorr@181m""}, {""pair_id"": 16, ""dx"": -6493.29296875, ""dy"": 5392.296875, ""method"": ""matcher@145m""}, {""pair_id"": 17, ""dx"": -5311.258, ""dy"": 5439.719, ""method"": ""matcher@145m""}, {""pair_id"": 18, ""dx"": -7210.583538478548, ""dy"": 5179.199921150993, ""method"": ""phasecorr@91m""}, {""pair_id"": 19, ""dx"": -7184.670745758923, ""dy"": 5189.932108886132, ""method"": ""phasecorr@91m""}, {""pair_id"": 20, ""dx"": -5846.591, ""dy"": 5761.279, ""method"": ""from-pair-12""}, {""pair_id"": 21, ""dx"": -6952.371883992759, ""dy"": 4166.203876513706, ""method"": ""from-pair-13""}, {""pair_id"": 22, ""dx"": -6209.436080969758, ""dy"": 4984.239119148425, ""method"": ""from-pair-14""}]",11.0,594.83,"PROJCS[""unnamed"",GEOGCS[""WGS 84"",DATUM[""WGS_1984"",SPHEROID[""WGS 84"",6378137,298.25722293287,AUTHORITY[""EPSG"",""7030""]],AUTHORITY[""EPSG"",""6326""]],PRIMEM[""Greenwich"",0],UNIT[""degree"",0.0174532925199433,AUTHORITY[""EPSG"",""9122""]],AUTHORITY[""EPSG"",""4326""]],PROJECTION[""Lambert_Conformal_Conic_2SP""],PARAMETER[""latitude_of_origin"",26.3013726155446],PARAMETER[""central_meridian"",56.8207488802833],PARAMETER[""standard_parallel_1"",27.5648260380388],PARAMETER[""standard_parallel_2"",25.0379191930504],PARAMETER[""false_easting"",0],PARAMETER[""false_northing"",0],UNIT[""metre"",1,AUTHORITY[""EPSG"",""9001""]],AXIS[""Easting"",EAST],AXIS[""Northing"",NORTH]]",1220.5,32.61,/maintenance/ICIGDev/GPUPOC/output/output299/win3072_nfauto/band1_toL8Ref/filtered_same-res_dedode_L-C4_G-C4,/maintenance/ICIGDev/GPUPOC/output/output299/win3072_nfauto/band1_toL8Ref/final_same-res_dedode_L-C4_G-C4,/maintenance/ICIGDev/GPUPOC/output/output299/rival/RIVAL_G1A_MV_G_22SEP2026_260922062424_6_SPLC00GTD_06_1_win3072_nfauto_band1_toL8Ref_dedode_L-C4_G-C4_smnn0.95_r90.csv,/maintenance/ICIGDev/GPUPOC/output/output299/rival/RIVAL_G1A_MV_G_22SEP2026_260922062424_6_SPLC00GTD_06_1_win3072_nfauto_band1_toL8Ref_dedode_L-C4_G-C4_smnn0.95_r90_detail.csv,True,11.0,11.0,1.0,-12105.0,15570.0,-85320.0,18000.0,3399.545454545453,-27167.727272727258,24.6053653254946,-417688.8191992746,-1161349.8951023105,284457.54833913577,20925.402001992086,3399.5454545454545,-27167.727272727272,7279.171250280426,36600.942517670475,56627.88027347628,smnn0.95,,0.0,,
win3072_nfauto,3072,auto,band1,L8Ref,dedode_L-C4-v2_B-upright,ok,,"[{""pair_id"": 1, ""dx"": 255.535, ""dy"": 3767.391, ""method"": ""from-pair-6""}, {""pair_id"": 2, ""dx"": 3282.359375, ""dy"": 4987.625, ""method"": ""matcher@91m""}, {""pair_id"": 3, ""dx"": 2599.3828125, ""dy"": 5246.78125, ""method"": ""matcher@169m""}, {""pair_id"": 4, ""dx"": 1987.28125, ""dy"": 4430.4140625, ""method"": ""matcher@173m""}, {""pair_id"": 5, ""dx"": 255.535, ""dy"": 3767.391, ""method"": ""from-pair-6""}, {""pair_id"": 6, ""dx"": 255.53515625, ""dy"": 3767.390625, ""method"": ""matcher@115m""}, {""pair_id"": 7, ""dx"": 2292.6171875, ""dy"": 5280.6484375, ""method"": ""matcher@139m""}, {""pair_id"": 8, ""dx"": 3318.234375, ""dy"": 4375.078125, ""method"": ""matcher@182m""}, {""pair_id"": 9, ""dx"": -4648.88671875, ""dy"": 4484.71484375, ""method"": ""matcher@183m""}, {""pair_id"": 10, ""dx"": -6153.546875, ""dy"": 5368.453125, ""method"": ""matcher@180m""}, {""pair_id"": 11, ""dx"": -5610.51953125, ""dy"": 6050.4375, ""method"": ""matcher@165m""}, {""pair_id"": 12, ""dx"": -3260.015625, ""dy"": 6324.140625, ""method"": ""matcher@155m""}, {""pair_id"": 13, ""dx"": -8151.3125, ""dy"": 5370.96875, ""method"": ""matcher@183m""}, {""pair_id"": 14, ""dx"": -5092.3515625, ""dy"": 4458.8984375, ""method"": ""matcher@181m""}, {""pair_id"": 15, ""dx"": -6545.71875, ""dy"": 4168.921875, ""method"": ""matcher@181m""}, {""pair_id"": 16, ""dx"": -7222.9375, ""dy"": 5655.640625, ""method"": ""matcher@145m""}, {""pair_id"": 17, ""dx"": -6474.2578125, ""dy"": 5451.53125, ""method"": ""matcher@145m""}, {""pair_id"": 18, ""dx"": -7210.583538478548, ""dy"": 5179.199921150993, ""method"": ""phasecorr@91m""}, {""pair_id"": 19, ""dx"": -6945.36328125, ""dy"": 4951.53125, ""method"": ""matcher@91m""}, {""pair_id"": 20, ""dx"": -10178.28125, ""dy"": 6215.1015625, ""method"": ""matcher@109m""}, {""pair_id"": 21, ""dx"": -9411.4375, ""dy"": 6116.0, ""method"": ""matcher@167m""}, {""pair_id"": 22, ""dx"": -4978.537762820385, ""dy"": 4459.996950870859, ""method"": ""from-pair-14""}]",1410291.0,594.83,"PROJCS[""unnamed"",GEOGCS[""WGS 84"",DATUM[""WGS_1984"",SPHEROID[""WGS 84"",6378137,298.25722293287,AUTHORITY[""EPSG"",""7030""]],AUTHORITY[""EPSG"",""6326""]],PRIMEM[""Greenwich"",0],UNIT[""degree"",0.0174532925199433,AUTHORITY[""EPSG"",""9122""]],AUTHORITY[""EPSG"",""4326""]],PROJECTION[""Lambert_Conformal_Conic_2SP""],PARAMETER[""latitude_of_origin"",26.3013726155446],PARAMETER[""central_meridian"",56.8207488802833],PARAMETER[""standard_parallel_1"",27.5648260380388],PARAMETER[""standard_parallel_2"",25.0379191930504],PARAMETER[""false_easting"",0],PARAMETER[""false_northing"",0],UNIT[""metre"",1,AUTHORITY[""EPSG"",""9001""]],AXIS[""Easting"",EAST],AXIS[""Northing"",NORTH]]",1754.1,32.16,/maintenance/ICIGDev/GPUPOC/output/output299/win3072_nfauto/band1_toL8Ref/filtered_same-res_dedode_L-C4-v2_B-upright,/maintenance/ICIGDev/GPUPOC/output/output299/win3072_nfauto/band1_toL8Ref/final_same-res_dedode_L-C4-v2_B-upright,/maintenance/ICIGDev/GPUPOC/output/output299/rival/RIVAL_G1A_MV_G_22SEP2026_260922062424_6_SPLC00GTD_06_1_win3072_nfauto_band1_toL8Ref_dedode_L-C4-v2_B-upright_nn_r90.csv,/maintenance/ICIGDev/GPUPOC/output/output299/rival/RIVAL_G1A_MV_G_22SEP2026_260922062424_6_SPLC00GTD_06_1_win3072_nfauto_band1_toL8Ref_dedode_L-C4-v2_B-upright_nn_r90_detail.csv,True,9000.0,1406390.0,45.0,-147689.984,134820.0,-136080.0,145530.0,1818.811755949718,6579.431919775426,0.18153475986701564,-146117.4819757372,-40896.47282039767,-13115.490818355871,61322.63084762054,-4950.819952916667,8024.359996224666,44403.38325453243,46391.83062574473,97446.62503510133,nn,30191.408318994207,7.0,527.0639675901496,19819.77241473615
win3072_nfauto,3072,auto,band1,L8Ref,dedode_L-C4-v2_B-C4,ok,,"[{""pair_id"": 1, ""dx"": 544.508, ""dy"": 3766.875, ""method"": ""from-pair-6""}, {""pair_id"": 2, ""dx"": 3193.578125, ""dy"": 5126.3828125, ""method"": ""matcher@91m""}, {""pair_id"": 3, ""dx"": 2938.65625, ""dy"": 5070.234375, ""method"": ""matcher@169m""}, {""pair_id"": 4, ""dx"": 2156.640625, ""dy"": 4429.8984375, ""method"": ""matcher@173m""}, {""pair_id"": 5, ""dx"": 544.508, ""dy"": 3766.875, ""method"": ""from-pair-6""}, {""pair_id"": 6, ""dx"": 544.5078125, ""dy"": 3766.875, ""method"": ""matcher@115m""}, {""pair_id"": 7, ""dx"": 2291.59765625, ""dy"": 5280.421875, ""method"": ""matcher@139m""}, {""pair_id"": 8, ""dx"": 3135.078125, ""dy"": 4525.6875, ""method"": ""matcher@182m""}, {""pair_id"": 9, ""dx"": -4648.734375, ""dy"": 4483.3203125, ""method"": ""matcher@183m""}, {""pair_id"": 10, ""dx"": -6150.5546875, ""dy"": 5367.5, ""method"": ""matcher@180m""}, {""pair_id"": 11, ""dx"": -5610.51953125, ""dy"": 6049.625, ""method"": ""matcher@165m""}, {""pair_id"": 12, ""dx"": -3256.390625, ""dy"": 6460.3359375, ""method"": ""matcher@155m""}, {""pair_id"": 13, ""dx"": -6878.36328125, ""dy"": 4527.65625, ""method"": ""matcher@183m""}, {""pair_id"": 14, ""dx"": -4911.5625, ""dy"": 4458.8203125, ""method"": ""matcher@181m""}, {""pair_id"": 15, ""dx"": -6183.53125, ""dy"": 3996.765625, ""method"": ""matcher@181m""}, {""pair_id"": 16, ""dx"": -9113.328125, ""dy"": 5264.859375, ""method"": ""matcher@145m""}, {""pair_id"": 17, ""dx"": -8653.2890625, ""dy"": 5290.6484375, ""method"": ""matcher@145m""}, {""pair_id"": 18, ""dx"": -7061.0078125, ""dy"": 5031.34375, ""method"": ""matcher@91m""}, {""pair_id"": 19, ""dx"": -6763.859375, ""dy"": 5087.9375, ""method"": ""matcher@91m""}, {""pair_id"": 20, ""dx"": -10286.25, ""dy"": 6163.421875, ""method"": ""matcher@109m""}, {""pair_id"": 21, ""dx"": -9578.328125, ""dy"": 6116.0625, ""method"": ""matcher@167m""}, {""pair_id"": 22, ""dx"": -4911.121284762633, ""dy"": 4459.061479164395, ""method"": ""from-pair-14""}]",1409128.0,594.94,"PROJCS[""unnamed"",GEOGCS[""WGS 84"",DATUM[""WGS_1984"",SPHEROID[""WGS 84"",6378137,298.25722293287,AUTHORITY[""EPSG"",""7030""]],AUTHORITY[""EPSG"",""6326""]],PRIMEM[""Greenwich"",0],UNIT[""degree"",0.0174532925199433,AUTHORITY[""EPSG"",""9122""]],AUTHORITY[""EPSG"",""4326""]],PROJECTION[""Lambert_Conformal_Conic_2SP""],PARAMETER[""latitude_of_origin"",26.3013726155446],PARAMETER[""central_meridian"",56.8207488802833],PARAMETER[""standard_parallel_1"",27.5648260380388],PARAMETER[""standard_parallel_2"",25.0379191930504],PARAMETER[""false_easting"",0],PARAMETER[""false_northing"",0],UNIT[""metre"",1,AUTHORITY[""EPSG"",""9001""]],AXIS[""Easting"",EAST],AXIS[""Northing"",NORTH]]",1770.2,35.07,/maintenance/ICIGDev/GPUPOC/output/output299/win3072_nfauto/band1_toL8Ref/filtered_same-res_dedode_L-C4-v2_B-C4,/maintenance/ICIGDev/GPUPOC/output/output299/win3072_nfauto/band1_toL8Ref/final_same-res_dedode_L-C4-v2_B-C4,/maintenance/ICIGDev/GPUPOC/output/output299/rival/RIVAL_G1A_MV_G_22SEP2026_260922062424_6_SPLC00GTD_06_1_win3072_nfauto_band1_toL8Ref_dedode_L-C4-v2_B-C4_nn_r90.csv,/maintenance/ICIGDev/GPUPOC/output/output299/rival/RIVAL_G1A_MV_G_22SEP2026_260922062424_6_SPLC00GTD_06_1_win3072_nfauto_band1_toL8Ref_dedode_L-C4-v2_B-C4_nn_r90_detail.csv,True,9000.0,1403225.0,45.0,-146745.016,141210.0,-137205.0,146430.0,2035.269856901702,7386.09226062626,-0.11260746877931725,-149490.33986551128,-30982.862281626425,-10377.04195713508,60918.59793027092,-4261.060085422222,8599.085012911333,43711.94345931498,45933.76838492249,96219.3876325826,nn,23891.719738772346,6.0,-3988.6937819486543,16891.99636718458
win3072_nfauto,3072,auto,band1,L8Ref,dedode_L-C4-v2_G-upright,ok,,"[{""pair_id"": 1, ""dx"": 2656.1962010808934, ""dy"": 4372.104026427505, ""method"": ""from-pair-6""}, {""pair_id"": 2, ""dx"": -2275.309, ""dy"": 6116.406, ""method"": ""from-pair-7""}, {""pair_id"": 3, ""dx"": 3276.3125, ""dy"": 5057.640625, ""method"": ""matcher@169m""}, {""pair_id"": 4, ""dx"": 1818.37890625, ""dy"": 4257.9453125, ""method"": ""matcher@173m""}, {""pair_id"": 5, ""dx"": 2656.1962010808934, ""dy"": 4372.104026427505, ""method"": ""from-pair-6""}, {""pair_id"": 6, ""dx"": 2656.1962010808934, ""dy"": 4372.104026427505, ""method"": ""phasecorr@115m""}, {""pair_id"": 7, ""dx"": -2275.30859375, ""dy"": 6116.40625, ""method"": ""matcher@139m""}, {""pair_id"": 8, ""dx"": 1857.484375, ""dy"": 4532.875, ""method"": ""matcher@182m""}, {""pair_id"": 9, ""dx"": 275.43359375, ""dy"": 4307.4453125, ""method"": ""matcher@183m""}, {""pair_id"": 10, ""dx"": -3158.809, ""dy"": 5012.742, ""method"": ""matcher@180m""}, {""pair_id"": 11, ""dx"": -5122.203125, ""dy"": 6211.359375, ""method"": ""matcher@165m""}, {""pair_id"": 12, ""dx"": -4662.3359375, ""dy"": 6017.6875, ""method"": ""matcher@155m""}, {""pair_id"": 13, ""dx"": -6878.36328125, ""dy"": 4321.609375, ""method"": ""matcher@183m""}, {""pair_id"": 14, ""dx"": -4547.167750649745, ""dy"": 4812.708470302123, ""method"": ""phasecorr@181m""}, {""pair_id"": 15, ""dx"": -9361.8515625, ""dy"": 4173.3828125, ""method"": ""matcher@181m""}, {""pair_id"": 16, ""dx"": -6640.6484375, ""dy"": 5389.90625, ""method"": ""matcher@145m""}, {""pair_id"": 17, ""dx"": -5457.2109375, ""dy"": 5297.78125, ""method"": ""matcher@145m""}, {""pair_id"": 18, ""dx"": -7210.583538478548, ""dy"": 5179.199921150993, ""method"": ""phasecorr@91m""}, {""pair_id"": 19, ""dx"": -7184.670745758923, ""dy"": 5189.932108886132, ""method"": ""phasecorr@91m""}, {""pair_id"": 20, ""dx"": -10068.703125, ""dy"": 6055.03125, ""method"": ""matcher@109m""}, {""pair_id"": 21, ""dx"": -6803.74009924161, ""dy"": 4328.210475433845, ""method"": ""from-pair-13""}, {""pair_id"": 22, ""dx"": -6209.436080969758, ""dy"": 4984.239119148425, ""method"": ""from-pair-14""}]",185.0,595.06,"PROJCS[""unnamed"",GEOGCS[""WGS 84"",DATUM[""WGS_1984"",SPHEROID[""WGS 84"",6378137,298.25722293287,AUTHORITY[""EPSG"",""7030""]],AUTHORITY[""EPSG"",""6326""]],PRIMEM[""Greenwich"",0],UNIT[""degree"",0.0174532925199433,AUTHORITY[""EPSG"",""9122""]],AUTHORITY[""EPSG"",""4326""]],PROJECTION[""Lambert_Conformal_Conic_2SP""],PARAMETER[""latitude_of_origin"",26.3013726155446],PARAMETER[""central_meridian"",56.8207488802833],PARAMETER[""standard_parallel_1"",27.5648260380388],PARAMETER[""standard_parallel_2"",25.0379191930504],PARAMETER[""false_easting"",0],PARAMETER[""false_northing"",0],UNIT[""metre"",1,AUTHORITY[""EPSG"",""9001""]],AXIS[""Easting"",EAST],AXIS[""Northing"",NORTH]]",1203.9,36.71,/maintenance/ICIGDev/GPUPOC/output/output299/win3072_nfauto/band1_toL8Ref/filtered_same-res_dedode_L-C4-v2_G-upright,/maintenance/ICIGDev/GPUPOC/output/output299/win3072_nfauto/band1_toL8Ref/final_same-res_dedode_L-C4-v2_G-upright,/maintenance/ICIGDev/GPUPOC/output/output299/rival/RIVAL_G1A_MV_G_22SEP2026_260922062424_6_SPLC00GTD_06_1_win3072_nfauto_band1_toL8Ref_dedode_L-C4-v2_G-upright_lgm_r90.csv,/maintenance/ICIGDev/GPUPOC/output/output299/rival/RIVAL_G1A_MV_G_22SEP2026_260922062424_6_SPLC00GTD_06_1_win3072_nfauto_band1_toL8Ref_dedode_L-C4-v2_G-upright_lgm_r90_detail.csv,True,185.0,185.0,1.0,-33885.0,5310.0,-9090.0,52110.0,-15737.35135135135,25780.62162162162,30.942660745924197,94732.64312149225,126813.27728524525,132849.37043751893,12589.491622609119,-15737.351351351352,25780.62162162162,17892.606384851908,28137.755896515482,50599.1730645475,lgm,,0.0,,
win3072_nfauto,3072,auto,band1,L8Ref,dedode_L-C4-v2_G-C4,ok,,"[{""pair_id"": 1, ""dx"": 2656.1962010808934, ""dy"": 4372.104026427505, ""method"": ""from-pair-6""}, {""pair_id"": 2, ""dx"": 2007.516, ""dy"": 5277.016, ""method"": ""from-pair-7""}, {""pair_id"": 3, ""dx"": 2769.796875, ""dy"": 5239.171875, ""method"": ""matcher@169m""}, {""pair_id"": 4, ""dx"": 1897.44140625, ""dy"": 5377.45703125, ""method"": ""matcher@173m""}, {""pair_id"": 5, ""dx"": 2656.1962010808934, ""dy"": 4372.104026427505, ""method"": ""from-pair-6""}, {""pair_id"": 6, ""dx"": 2656.1962010808934, ""dy"": 4372.104026427505, ""method"": ""phasecorr@115m""}, {""pair_id"": 7, ""dx"": 2007.515625, ""dy"": 5277.015625, ""method"": ""matcher@139m""}, {""pair_id"": 8, ""dx"": 3318.203125, ""dy"": 4353.5859375, ""method"": ""matcher@182m""}, {""pair_id"": 9, ""dx"": -4648.634765625, ""dy"": 4486.69140625, ""method"": ""matcher@183m""}, {""pair_id"": 10, ""dx"": -5444.844, ""dy"": 6051.094, ""method"": ""from-pair-11""}, {""pair_id"": 11, ""dx"": -5444.84375, ""dy"": 6051.09375, ""method"": ""matcher@165m""}, {""pair_id"": 12, ""dx"": -4830.174482406231, ""dy"": 5766.404797000425, ""method"": ""phasecorr@155m""}, {""pair_id"": 13, ""dx"": -7602.0390625, ""dy"": 3982.375, ""method"": ""matcher@183m""}, {""pair_id"": 14, ""dx"": -4547.167750649745, ""dy"": 4812.708470302123, ""method"": ""phasecorr@181m""}, {""pair_id"": 15, ""dx"": -7817.55078125, ""dy"": 5054.564453125, ""method"": ""matcher@181m""}, {""pair_id"": 16, ""dx"": -6494.34765625, ""dy"": 5403.40625, ""method"": ""matcher@145m""}, {""pair_id"": 17, ""dx"": -5093.35546875, ""dy"": 5442.7890625, ""method"": ""matcher@145m""}, {""pair_id"": 18, ""dx"": -7210.583538478548, ""dy"": 5179.199921150993, ""method"": ""phasecorr@91m""}, {""pair_id"": 19, ""dx"": -7184.670745758923, ""dy"": 5189.932108886132, ""method"": ""phasecorr@91m""}, {""pair_id"": 20, ""dx"": -5846.591, ""dy"": 5761.279, ""method"": ""from-pair-12""}, {""pair_id"": 21, ""dx"": -7674.739160511308, ""dy"": 3982.302367629701, ""method"": ""from-pair-13""}, {""pair_id"": 22, ""dx"": -6209.436080969758, ""dy"": 4984.239119148425, ""method"": ""from-pair-14""}]",41.0,595.06,"PROJCS[""unnamed"",GEOGCS[""WGS 84"",DATUM[""WGS_1984"",SPHEROID[""WGS 84"",6378137,298.25722293287,AUTHORITY[""EPSG"",""7030""]],AUTHORITY[""EPSG"",""6326""]],PRIMEM[""Greenwich"",0],UNIT[""degree"",0.0174532925199433,AUTHORITY[""EPSG"",""9122""]],AUTHORITY[""EPSG"",""4326""]],PROJECTION[""Lambert_Conformal_Conic_2SP""],PARAMETER[""latitude_of_origin"",26.3013726155446],PARAMETER[""central_meridian"",56.8207488802833],PARAMETER[""standard_parallel_1"",27.5648260380388],PARAMETER[""standard_parallel_2"",25.0379191930504],PARAMETER[""false_easting"",0],PARAMETER[""false_northing"",0],UNIT[""metre"",1,AUTHORITY[""EPSG"",""9001""]],AXIS[""Easting"",EAST],AXIS[""Northing"",NORTH]]",1288.4,32.6,/maintenance/ICIGDev/GPUPOC/output/output299/win3072_nfauto/band1_toL8Ref/filtered_same-res_dedode_L-C4-v2_G-C4,/maintenance/ICIGDev/GPUPOC/output/output299/win3072_nfauto/band1_toL8Ref/final_same-res_dedode_L-C4-v2_G-C4,/maintenance/ICIGDev/GPUPOC/output/output299/rival/RIVAL_G1A_MV_G_22SEP2026_260922062424_6_SPLC00GTD_06_1_win3072_nfauto_band1_toL8Ref_dedode_L-C4-v2_G-C4_lgm_r90.csv,/maintenance/ICIGDev/GPUPOC/output/output299/rival/RIVAL_G1A_MV_G_22SEP2026_260922062424_6_SPLC00GTD_06_1_win3072_nfauto_band1_toL8Ref_dedode_L-C4-v2_G-C4_lgm_r90_detail.csv,True,41.0,41.0,1.0,-39015.0,13680.0,-39465.0,26640.0,-21956.707317073175,-8750.853658536585,8.577855507598729,-376933.228183937,934507.0024520982,175744.7312532356,20100.992086955175,-21956.70731707317,-8750.853658536585,26155.708944049933,22415.646878910276,52271.343078104146,lgm,,0.0,,
win3072_nfauto,3072,auto,band1,L8Ref,keynet,ok,,"[{""pair_id"": 1, ""dx"": 965.059, ""dy"": 4454.438, ""method"": ""from-pair-6""}, {""pair_id"": 2, ""dx"": 3876.265625, ""dy"": 5275.390625, ""method"": ""matcher@91m""}, {""pair_id"": 3, ""dx"": 3762.765625, ""dy"": 4961.046875, ""method"": ""matcher@169m""}, {""pair_id"": 4, ""dx"": 2674.8046875, ""dy"": 4946.7421875, ""method"": ""matcher@173m""}, {""pair_id"": 5, ""dx"": 965.059, ""dy"": 4454.438, ""method"": ""from-pair-6""}, {""pair_id"": 6, ""dx"": 965.05859375, ""dy"": 4454.4375, ""method"": ""matcher@115m""}, {""pair_id"": 7, ""dx"": 1500.5078125, ""dy"": 5120.8515625, ""method"": ""matcher@139m""}, {""pair_id"": 8, ""dx"": 803.4921875, ""dy"": 5079.734375, ""method"": ""matcher@182m""}, {""pair_id"": 9, ""dx"": 249.515625, ""dy"": 4706.3671875, ""method"": ""matcher@183m""}, {""pair_id"": 10, ""dx"": -5972.92578125, ""dy"": 5189.8515625, ""method"": ""matcher@180m""}, {""pair_id"": 11, ""dx"": -5937.9375, ""dy"": 5225.25, ""method"": ""matcher@165m""}, {""pair_id"": 12, ""dx"": -4124.921875, ""dy"": 6028.171875, ""method"": ""matcher@155m""}, {""pair_id"": 13, ""dx"": -7159.9765625, ""dy"": 5442.4140625, ""method"": ""matcher@183m""}, {""pair_id"": 14, ""dx"": -5942.59375, ""dy"": 5069.96875, ""method"": ""matcher@181m""}, {""pair_id"": 15, ""dx"": -5955.69921875, ""dy"": 5099.1875, ""method"": ""matcher@181m""}, {""pair_id"": 16, ""dx"": -6126.1484375, ""dy"": 5128.46875, ""method"": ""matcher@145m""}, {""pair_id"": 17, ""dx"": -6181.1015625, ""dy"": 5139.6875, ""method"": ""matcher@145m""}, {""pair_id"": 18, ""dx"": -7424.1171875, ""dy"": 5158.34375, ""method"": ""matcher@91m""}, {""pair_id"": 19, ""dx"": -7411.1484375, ""dy"": 5180.75, ""method"": ""matcher@91m""}, {""pair_id"": 20, ""dx"": -9634.59375, ""dy"": 6170.515625, ""method"": ""matcher@109m""}, {""pair_id"": 21, ""dx"": -9875.75, ""dy"": 5782.046875, ""method"": ""matcher@167m""}, {""pair_id"": 22, ""dx"": -5144.0863784794465, ""dy"": 4975.686958596713, ""method"": ""from-pair-14""}]",793589.0,595.06,"PROJCS[""unnamed"",GEOGCS[""WGS 84"",DATUM[""WGS_1984"",SPHEROID[""WGS 84"",6378137,298.25722293287,AUTHORITY[""EPSG"",""7030""]],AUTHORITY[""EPSG"",""6326""]],PRIMEM[""Greenwich"",0],UNIT[""degree"",0.0174532925199433,AUTHORITY[""EPSG"",""9122""]],AUTHORITY[""EPSG"",""4326""]],PROJECTION[""Lambert_Conformal_Conic_2SP""],PARAMETER[""latitude_of_origin"",26.3013726155446],PARAMETER[""central_meridian"",56.8207488802833],PARAMETER[""standard_parallel_1"",27.5648260380388],PARAMETER[""standard_parallel_2"",25.0379191930504],PARAMETER[""false_easting"",0],PARAMETER[""false_northing"",0],UNIT[""metre"",1,AUTHORITY[""EPSG"",""9001""]],AXIS[""Easting"",EAST],AXIS[""Northing"",NORTH]]",1626.3,36.54,/maintenance/ICIGDev/GPUPOC/output/output299/win3072_nfauto/band1_toL8Ref/filtered_same-res_keynet,/maintenance/ICIGDev/GPUPOC/output/output299/win3072_nfauto/band1_toL8Ref/final_same-res_keynet,/maintenance/ICIGDev/GPUPOC/output/output299/rival/RIVAL_G1A_MV_G_22SEP2026_260922062424_6_SPLC00GTD_06_1_win3072_nfauto_band1_toL8Ref_keynet_nn_r90.csv,/maintenance/ICIGDev/GPUPOC/output/output299/rival/RIVAL_G1A_MV_G_22SEP2026_260922062424_6_SPLC00GTD_06_1_win3072_nfauto_band1_toL8Ref_keynet_nn_r90_detail.csv,True,9000.0,791395.0,45.0,-145282.12,137524.115,-137054.823,143405.305,-5636.8205452129605,5189.901111285571,-0.33383471057980146,-91877.21893172005,-37734.52824834692,6685.342240386482,58194.79383022726,-6259.713494020889,6338.645725802777,40240.911141271674,44965.174417986644,91566.55140210195,nn,34690.85279506134,7.0,-5310.538385020809,22154.7545249365
win3072_nfauto,3072,auto,band1,L8Ref,dog_hardnet,ok,,"[{""pair_id"": 1, ""dx"": 1081.062, ""dy"": 4533.344, ""method"": ""from-pair-6""}, {""pair_id"": 2, ""dx"": 3876.53125, ""dy"": 5262.765625, ""method"": ""matcher@91m""}, {""pair_id"": 3, ""dx"": 3740.65625, ""dy"": 4970.125, ""method"": ""matcher@169m""}, {""pair_id"": 4, ""dx"": 2647.7734375, ""dy"": 4803.5234375, ""method"": ""matcher@173m""}, {""pair_id"": 5, ""dx"": 1081.062, ""dy"": 4533.344, ""method"": ""from-pair-6""}, {""pair_id"": 6, ""dx"": 1081.0625, ""dy"": 4533.34375, ""method"": ""matcher@115m""}, {""pair_id"": 7, ""dx"": 1888.5234375, ""dy"": 5058.28125, ""method"": ""matcher@139m""}, {""pair_id"": 8, ""dx"": 1443.546875, ""dy"": 5076.75, ""method"": ""matcher@182m""}, {""pair_id"": 9, ""dx"": -2122.5745, ""dy"": 4735.818499999999, ""method"": ""matcher@183m""}, {""pair_id"": 10, ""dx"": -5960.2265625, ""dy"": 5185.1953125, ""method"": ""matcher@180m""}, {""pair_id"": 11, ""dx"": -5874.2890625, ""dy"": 5170.828125, ""method"": ""matcher@165m""}, {""pair_id"": 12, ""dx"": -4083.4140625, ""dy"": 6021.4453125, ""method"": ""matcher@155m""}, {""pair_id"": 13, ""dx"": -6700.984375, ""dy"": 5209.2421875, ""method"": ""matcher@183m""}, {""pair_id"": 14, ""dx"": -4589.6171875, ""dy"": 4828.35546875, ""method"": ""matcher@181m""}, {""pair_id"": 15, ""dx"": -5963.66015625, ""dy"": 5072.0390625, ""method"": ""matcher@181m""}, {""pair_id"": 16, ""dx"": -6120.78125, ""dy"": 5125.375, ""method"": ""matcher@145m""}, {""pair_id"": 17, ""dx"": -6181.6015625, ""dy"": 5150.4375, ""method"": ""matcher@145m""}, {""pair_id"": 18, ""dx"": -7499.796875, ""dy"": 5185.609375, ""method"": ""matcher@91m""}, {""pair_id"": 19, ""dx"": -7804.875, ""dy"": 5219.640625, ""method"": ""matcher@91m""}, {""pair_id"": 20, ""dx"": -9637.65625, ""dy"": 6488.484375, ""method"": ""matcher@109m""}, {""pair_id"": 21, ""dx"": -9745.078125, ""dy"": 5766.9453125, ""method"": ""matcher@167m""}, {""pair_id"": 22, ""dx"": -4589.491531713539, ""dy"": 4828.2295317135395, ""method"": ""from-pair-14""}]",1340808.0,595.13,"PROJCS[""unnamed"",GEOGCS[""WGS 84"",DATUM[""WGS_1984"",SPHEROID[""WGS 84"",6378137,298.25722293287,AUTHORITY[""EPSG"",""7030""]],AUTHORITY[""EPSG"",""6326""]],PRIMEM[""Greenwich"",0],UNIT[""degree"",0.0174532925199433,AUTHORITY[""EPSG"",""9122""]],AUTHORITY[""EPSG"",""4326""]],PROJECTION[""Lambert_Conformal_Conic_2SP""],PARAMETER[""latitude_of_origin"",26.3013726155446],PARAMETER[""central_meridian"",56.8207488802833],PARAMETER[""standard_parallel_1"",27.5648260380388],PARAMETER[""standard_parallel_2"",25.0379191930504],PARAMETER[""false_easting"",0],PARAMETER[""false_northing"",0],UNIT[""metre"",1,AUTHORITY[""EPSG"",""9001""]],AXIS[""Easting"",EAST],AXIS[""Northing"",NORTH]]",754.1,32.08,/maintenance/ICIGDev/GPUPOC/output/output299/win3072_nfauto/band1_toL8Ref/filtered_same-res_dog_hardnet,/maintenance/ICIGDev/GPUPOC/output/output299/win3072_nfauto/band1_toL8Ref/final_same-res_dog_hardnet,/maintenance/ICIGDev/GPUPOC/output/output299/rival/RIVAL_G1A_MV_G_22SEP2026_260922062424_6_SPLC00GTD_06_1_win3072_nfauto_band1_toL8Ref_dog_hardnet_nn_r90.csv,/maintenance/ICIGDev/GPUPOC/output/output299/rival/RIVAL_G1A_MV_G_22SEP2026_260922062424_6_SPLC00GTD_06_1_win3072_nfauto_band1_toL8Ref_dog_hardnet_nn_r90_detail.csv,True,9000.0,1336251.0,45.0,-144540.0,134265.767,-135532.555,144545.624,-5929.002141015983,8075.12935408948,-0.4024370316923175,-92935.69315400027,-32625.16003688757,1735.4592544279694,59315.01275332612,-7766.180307946589,7160.196045750222,42173.5861626953,46095.02749813158,94805.64264526626,nn,13908.152791880666,5.0,-9245.16997423242,2783.1935170353436
win3072_nfauto,3072,auto,band1,L8Ref,gftt,ok,,"[{""pair_id"": 1, ""dx"": 964.014, ""dy"": 4538.078, ""method"": ""from-pair-6""}, {""pair_id"": 2, ""dx"": 3770.8046875, ""dy"": 5409.7734375, ""method"": ""matcher@91m""}, {""pair_id"": 3, ""dx"": 3767.1171875, ""dy"": 4962.6171875, ""method"": ""matcher@169m""}, {""pair_id"": 4, ""dx"": 3016.265625, ""dy"": 4775.65625, ""method"": ""matcher@173m""}, {""pair_id"": 5, ""dx"": 964.014, ""dy"": 4538.078, ""method"": ""from-pair-6""}, {""pair_id"": 6, ""dx"": 964.013671875, ""dy"": 4538.078125, ""method"": ""matcher@115m""}, {""pair_id"": 7, ""dx"": 813.70703125, ""dy"": 5154.359375, ""method"": ""matcher@139m""}, {""pair_id"": 8, ""dx"": 797.59375, ""dy"": 5078.609375, ""method"": ""matcher@182m""}, {""pair_id"": 9, ""dx"": -2314.833, ""dy"": 4749.1669999999995, ""method"": ""matcher@183m""}, {""pair_id"": 10, ""dx"": -5957.9140625, ""dy"": 5186.3125, ""method"": ""matcher@180m""}, {""pair_id"": 11, ""dx"": -5938.25390625, ""dy"": 5233.140625, ""method"": ""matcher@165m""}, {""pair_id"": 12, ""dx"": -4086.34375, ""dy"": 5989.296875, ""method"": ""matcher@155m""}, {""pair_id"": 13, ""dx"": -6716.79296875, ""dy"": 5348.5703125, ""method"": ""matcher@183m""}, {""pair_id"": 14, ""dx"": -4589.33203125, ""dy"": 4821.80078125, ""method"": ""matcher@181m""}, {""pair_id"": 15, ""dx"": -5969.046875, ""dy"": 5077.9375, ""method"": ""matcher@181m""}, {""pair_id"": 16, ""dx"": -6108.2265625, ""dy"": 5135.5, ""method"": ""matcher@145m""}, {""pair_id"": 17, ""dx"": -6472.59765625, ""dy"": 5165.6328125, ""method"": ""matcher@145m""}, {""pair_id"": 18, ""dx"": -7399.0078125, ""dy"": 5197.6875, ""method"": ""matcher@91m""}, {""pair_id"": 19, ""dx"": -7408.33203125, ""dy"": 5179.984375, ""method"": ""matcher@91m""}, {""pair_id"": 20, ""dx"": -9583.6875, ""dy"": 6306.921875, ""method"": ""matcher@109m""}, {""pair_id"": 21, ""dx"": -9852.28125, ""dy"": 5818.515625, ""method"": ""matcher@167m""}, {""pair_id"": 22, ""dx"": -4589.110066146562, ""dy"": 4821.675531713539, ""method"": ""from-pair-14""}]",1005555.0,595.24,"PROJCS[""unnamed"",GEOGCS[""WGS 84"",DATUM[""WGS_1984"",SPHEROID[""WGS 84"",6378137,298.25722293287,AUTHORITY[""EPSG"",""7030""]],AUTHORITY[""EPSG"",""6326""]],PRIMEM[""Greenwich"",0],UNIT[""degree"",0.0174532925199433,AUTHORITY[""EPSG"",""9122""]],AUTHORITY[""EPSG"",""4326""]],PROJECTION[""Lambert_Conformal_Conic_2SP""],PARAMETER[""latitude_of_origin"",26.3013726155446],PARAMETER[""central_meridian"",56.8207488802833],PARAMETER[""standard_parallel_1"",27.5648260380388],PARAMETER[""standard_parallel_2"",25.0379191930504],PARAMETER[""false_easting"",0],PARAMETER[""false_northing"",0],UNIT[""metre"",1,AUTHORITY[""EPSG"",""9001""]],AXIS[""Easting"",EAST],AXIS[""Northing"",NORTH]]",769.7,36.04,/maintenance/ICIGDev/GPUPOC/output/output299/win3072_nfauto/band1_toL8Ref/filtered_same-res_gftt,/maintenance/ICIGDev/GPUPOC/output/output299/win3072_nfauto/band1_toL8Ref/final_same-res_gftt,/maintenance/ICIGDev/GPUPOC/output/output299/rival/RIVAL_G1A_MV_G_22SEP2026_260922062424_6_SPLC00GTD_06_1_win3072_nfauto_band1_toL8Ref_gftt_nn_r90.csv,/maintenance/ICIGDev/GPUPOC/output/output299/rival/RIVAL_G1A_MV_G_22SEP2026_260922062424_6_SPLC00GTD_06_1_win3072_nfauto_band1_toL8Ref_gftt_nn_r90_detail.csv,True,9000.0,1004190.0,45.0,-144719.28199999998,139078.705,-135218.708,143190.0,-5094.851992838876,6852.787778652777,-0.482230525576022,-93433.49355141973,-36064.29502409024,10537.833204940938,57965.51170507423,-6003.237885905555,6476.741668575,40281.06680411116,44901.848617227384,91535.64650853668,nn,16251.215522058317,7.0,1769.8429996599787,8690.90262751421
win3072_nfauto,3072,auto,band1,L8Ref,hessian,ok,,"[{""pair_id"": 1, ""dx"": 951.256, ""dy"": 4533.312, ""method"": ""from-pair-6""}, {""pair_id"": 2, ""dx"": 3850.78125, ""dy"": 5443.296875, ""method"": ""matcher@91m""}, {""pair_id"": 3, ""dx"": 3753.25, ""dy"": 4950.09375, ""method"": ""matcher@169m""}, {""pair_id"": 4, ""dx"": 2647.90625, ""dy"": 4836.59375, ""method"": ""matcher@173m""}, {""pair_id"": 5, ""dx"": 951.256, ""dy"": 4533.312, ""method"": ""from-pair-6""}, {""pair_id"": 6, ""dx"": 951.255859375, ""dy"": 4533.3125, ""method"": ""matcher@115m""}, {""pair_id"": 7, ""dx"": 817.078125, ""dy"": 5145.0625, ""method"": ""matcher@139m""}, {""pair_id"": 8, ""dx"": 1318.1015625, ""dy"": 5079.046875, ""method"": ""matcher@182m""}, {""pair_id"": 9, ""dx"": 245.4453125, ""dy"": 4730.08203125, ""method"": ""matcher@183m""}, {""pair_id"": 10, ""dx"": -5962.546875, ""dy"": 5186.890625, ""method"": ""matcher@180m""}, {""pair_id"": 11, ""dx"": -5937.89453125, ""dy"": 5219.171875, ""method"": ""matcher@165m""}, {""pair_id"": 12, ""dx"": -4113.71875, ""dy"": 6023.03125, ""method"": ""matcher@155m""}, {""pair_id"": 13, ""dx"": -7125.03515625, ""dy"": 5308.03125, ""method"": ""matcher@183m""}, {""pair_id"": 14, ""dx"": -4589.62890625, ""dy"": 4830.0546875, ""method"": ""matcher@181m""}, {""pair_id"": 15, ""dx"": -5974.65625, ""dy"": 5074.875, ""method"": ""matcher@181m""}, {""pair_id"": 16, ""dx"": -6123.1484375, ""dy"": 5134.875, ""method"": ""matcher@145m""}, {""pair_id"": 17, ""dx"": -6233.09375, ""dy"": 5152.046875, ""method"": ""matcher@145m""}, {""pair_id"": 18, ""dx"": -7565.375, ""dy"": 5185.21875, ""method"": ""matcher@91m""}, {""pair_id"": 19, ""dx"": -7489.4140625, ""dy"": 5204.15625, ""method"": ""matcher@91m""}, {""pair_id"": 20, ""dx"": -9711.8359375, ""dy"": 6488.171875, ""method"": ""matcher@109m""}, {""pair_id"": 21, ""dx"": -9760.375, ""dy"": 5775.59375, ""method"": ""matcher@167m""}, {""pair_id"": 22, ""dx"": -4589.400130713642, ""dy"": 4829.660941311367, ""method"": ""from-pair-14""}]",1359035.0,595.33,"PROJCS[""unnamed"",GEOGCS[""WGS 84"",DATUM[""WGS_1984"",SPHEROID[""WGS 84"",6378137,298.25722293287,AUTHORITY[""EPSG"",""7030""]],AUTHORITY[""EPSG"",""6326""]],PRIMEM[""Greenwich"",0],UNIT[""degree"",0.0174532925199433,AUTHORITY[""EPSG"",""9122""]],AUTHORITY[""EPSG"",""4326""]],PROJECTION[""Lambert_Conformal_Conic_2SP""],PARAMETER[""latitude_of_origin"",26.3013726155446],PARAMETER[""central_meridian"",56.8207488802833],PARAMETER[""standard_parallel_1"",27.5648260380388],PARAMETER[""standard_parallel_2"",25.0379191930504],PARAMETER[""false_easting"",0],PARAMETER[""false_northing"",0],UNIT[""metre"",1,AUTHORITY[""EPSG"",""9001""]],AXIS[""Easting"",EAST],AXIS[""Northing"",NORTH]]",728.6,34.52,/maintenance/ICIGDev/GPUPOC/output/output299/win3072_nfauto/band1_toL8Ref/filtered_same-res_hessian,/maintenance/ICIGDev/GPUPOC/output/output299/win3072_nfauto/band1_toL8Ref/final_same-res_hessian,/maintenance/ICIGDev/GPUPOC/output/output299/rival/RIVAL_G1A_MV_G_22SEP2026_260922062424_6_SPLC00GTD_06_1_win3072_nfauto_band1_toL8Ref_hessian_nn_r90.csv,/maintenance/ICIGDev/GPUPOC/output/output299/rival/RIVAL_G1A_MV_G_22SEP2026_260922062424_6_SPLC00GTD_06_1_win3072_nfauto_band1_toL8Ref_hessian_nn_r90_detail.csv,True,9000.0,1353347.0,45.0,-145305.0,137988.9,-133912.48,142830.0,-5455.5157593972035,6319.64783920597,-0.7064365517299376,-104628.97659511017,-36611.742232164725,680.5245455064127,58922.94901069237,-7311.529529999221,6378.605611702223,42244.59532509042,45118.39010751458,93791.18668092048,nn,12760.891301552403,5.0,-5999.326135642181,5660.563264020119
win3072_nfauto,3072,auto,band1,L8Ref,loftr,ok,,"[{""pair_id"": 1, ""dx"": 987.949, ""dy"": 4508.391, ""method"": ""from-pair-6""}, {""pair_id"": 2, ""dx"": 4073.671875, ""dy"": 5248.796875, ""method"": ""matcher@91m""}, {""pair_id"": 3, ""dx"": 4035.515625, ""dy"": 4957.25, ""method"": ""matcher@169m""}, {""pair_id"": 4, ""dx"": 2537.625, ""dy"": 4697.2265625, ""method"": ""matcher@173m""}, {""pair_id"": 5, ""dx"": 987.949, ""dy"": 4508.391, ""method"": ""from-pair-6""}, {""pair_id"": 6, ""dx"": 987.94921875, ""dy"": 4508.390625, ""method"": ""matcher@115m""}, {""pair_id"": 7, ""dx"": 1924.9609375, ""dy"": 5022.21875, ""method"": ""matcher@139m""}, {""pair_id"": 8, ""dx"": 252.69921875, ""dy"": 4956.51171875, ""method"": ""matcher@182m""}, {""pair_id"": 9, ""dx"": 318.921875, ""dy"": 4746.748046875, ""method"": ""matcher@183m""}, {""pair_id"": 10, ""dx"": -6102.61328125, ""dy"": 5125.6015625, ""method"": ""matcher@180m""}, {""pair_id"": 11, ""dx"": -6968.625, ""dy"": 5060.515625, ""method"": ""matcher@165m""}, {""pair_id"": 12, ""dx"": -4097.890625, ""dy"": 5996.90625, ""method"": ""matcher@155m""}, {""pair_id"": 13, ""dx"": -9426.4375, ""dy"": 5780.59375, ""method"": ""matcher@183m""}, {""pair_id"": 14, ""dx"": -6027.7578125, ""dy"": 5019.171875, ""method"": ""matcher@181m""}, {""pair_id"": 15, ""dx"": -6045.8515625, ""dy"": 5048.359375, ""method"": ""matcher@181m""}, {""pair_id"": 16, ""dx"": -6071.5390625, ""dy"": 5161.0625, ""method"": ""matcher@145m""}, {""pair_id"": 17, ""dx"": -6161.3046875, ""dy"": 5194.1328125, ""method"": ""matcher@145m""}, {""pair_id"": 18, ""dx"": -7567.203125, ""dy"": 5158.5, ""method"": ""matcher@91m""}, {""pair_id"": 19, ""dx"": -7184.670745758923, ""dy"": 5189.932108886132, ""method"": ""phasecorr@91m""}, {""pair_id"": 20, ""dx"": -9407.234375, ""dy"": 5907.9140625, ""method"": ""matcher@109m""}, {""pair_id"": 21, ""dx"": -9784.609375, ""dy"": 5875.5625, ""method"": ""matcher@167m""}, {""pair_id"": 22, ""dx"": -6036.287270768624, ""dy"": 5006.443016782856, ""method"": ""from-pair-14""}]",2640.0,595.45,"PROJCS[""unnamed"",GEOGCS[""WGS 84"",DATUM[""WGS_1984"",SPHEROID[""WGS 84"",6378137,298.25722293287,AUTHORITY[""EPSG"",""7030""]],AUTHORITY[""EPSG"",""6326""]],PRIMEM[""Greenwich"",0],UNIT[""degree"",0.0174532925199433,AUTHORITY[""EPSG"",""9122""]],AUTHORITY[""EPSG"",""4326""]],PROJECTION[""Lambert_Conformal_Conic_2SP""],PARAMETER[""latitude_of_origin"",26.3013726155446],PARAMETER[""central_meridian"",56.8207488802833],PARAMETER[""standard_parallel_1"",27.5648260380388],PARAMETER[""standard_parallel_2"",25.0379191930504],PARAMETER[""false_easting"",0],PARAMETER[""false_northing"",0],UNIT[""metre"",1,AUTHORITY[""EPSG"",""9001""]],AXIS[""Easting"",EAST],AXIS[""Northing"",NORTH]]",273.1,36.81,/maintenance/ICIGDev/GPUPOC/output/output299/win3072_nfauto/band1_toL8Ref/filtered_same-res_loftr,/maintenance/ICIGDev/GPUPOC/output/output299/win3072_nfauto/band1_toL8Ref/final_same-res_loftr,/maintenance/ICIGDev/GPUPOC/output/output299/rival/RIVAL_G1A_MV_G_22SEP2026_260922062424_6_SPLC00GTD_06_1_win3072_nfauto_band1_toL8Ref_loftr_loftr_internal_r90.csv,/maintenance/ICIGDev/GPUPOC/output/output299/rival/RIVAL_G1A_MV_G_22SEP2026_260922062424_6_SPLC00GTD_06_1_win3072_nfauto_band1_toL8Ref_loftr_loftr_internal_r90_detail.csv,True,1440.0,2640.0,9.0,-37859.84,55160.53,-90231.64000000001,104541.66,-3580.735308333333,8349.680365757575,0.5849567482367304,7800.14830241121,-6345.010754640887,24536.30681178735,22169.24338663659,-1070.608615277778,10141.517881666667,11945.571794037565,28139.148481976947,46388.071285794365,loftr_internal,12309.68504958232,6.0,4541.049187961041,8574.131572654054
win3072_nfauto,3072,auto,band1,L8Ref,loftr-windoor,failed,"model not available: LoFTR (indoor weights) could not be loaded (URLError: <urlopen error [Errno -2] Name or service not known>). Looked for its weights in: /home/gpuworker/.cache/torch/hub/checkpoints; /maintenance/ICIGDev/GPUPOC/input/dqe/imw_runtime/imw_cache/torch/hub/checkpoints. On an offline machine, run prefetch_weights.py on a connected one and set the weights folder to its output (or copy the files into one of these).",,,595.45,"PROJCS[""unnamed"",GEOGCS[""WGS 84"",DATUM[""WGS_1984"",SPHEROID[""WGS 84"",6378137,298.25722293287,AUTHORITY[""EPSG"",""7030""]],AUTHORITY[""EPSG"",""6326""]],PRIMEM[""Greenwich"",0],UNIT[""degree"",0.0174532925199433,AUTHORITY[""EPSG"",""9122""]],AUTHORITY[""EPSG"",""4326""]],PROJECTION[""Lambert_Conformal_Conic_2SP""],PARAMETER[""latitude_of_origin"",26.3013726155446],PARAMETER[""central_meridian"",56.8207488802833],PARAMETER[""standard_parallel_1"",27.5648260380388],PARAMETER[""standard_parallel_2"",25.0379191930504],PARAMETER[""false_easting"",0],PARAMETER[""false_northing"",0],UNIT[""metre"",1,AUTHORITY[""EPSG"",""9001""]],AXIS[""Easting"",EAST],AXIS[""Northing"",NORTH]]",0.2,0.01,,,,,,,,,,,,,,,,,,,,,,,,,,,,,
win3072_nfauto,3072,auto,band1,L8Ref,loftr-windoornew,failed,"model not available: LoFTR (indoor_new weights) could not be loaded (URLError: <urlopen error [Errno -2] Name or service not known>). Looked for its weights in: /home/gpuworker/.cache/torch/hub/checkpoints; /maintenance/ICIGDev/GPUPOC/input/dqe/imw_runtime/imw_cache/torch/hub/checkpoints. On an offline machine, run prefetch_weights.py on a connected one and set the weights folder to its output (or copy the files into one of these).",,,595.45,"PROJCS[""unnamed"",GEOGCS[""WGS 84"",DATUM[""WGS_1984"",SPHEROID[""WGS 84"",6378137,298.25722293287,AUTHORITY[""EPSG"",""7030""]],AUTHORITY[""EPSG"",""6326""]],PRIMEM[""Greenwich"",0],UNIT[""degree"",0.0174532925199433,AUTHORITY[""EPSG"",""9122""]],AUTHORITY[""EPSG"",""4326""]],PROJECTION[""Lambert_Conformal_Conic_2SP""],PARAMETER[""latitude_of_origin"",26.3013726155446],PARAMETER[""central_meridian"",56.8207488802833],PARAMETER[""standard_parallel_1"",27.5648260380388],PARAMETER[""standard_parallel_2"",25.0379191930504],PARAMETER[""false_easting"",0],PARAMETER[""false_northing"",0],UNIT[""metre"",1,AUTHORITY[""EPSG"",""9001""]],AXIS[""Easting"",EAST],AXIS[""Northing"",NORTH]]",0.2,0.01,,,,,,,,,,,,,,,,,,,,,,,,,,,,,
win3072_nfauto,3072,auto,band1,L8Ref,imw-sp-lg,failed,IndexError: max(): Expected reduction dim 1 to have non-zero size.,,,595.45,"PROJCS[""unnamed"",GEOGCS[""WGS 84"",DATUM[""WGS_1984"",SPHEROID[""WGS 84"",6378137,298.25722293287,AUTHORITY[""EPSG"",""7030""]],AUTHORITY[""EPSG"",""6326""]],PRIMEM[""Greenwich"",0],UNIT[""degree"",0.0174532925199433,AUTHORITY[""EPSG"",""9122""]],AUTHORITY[""EPSG"",""4326""]],PROJECTION[""Lambert_Conformal_Conic_2SP""],PARAMETER[""latitude_of_origin"",26.3013726155446],PARAMETER[""central_meridian"",56.8207488802833],PARAMETER[""standard_parallel_1"",27.5648260380388],PARAMETER[""standard_parallel_2"",25.0379191930504],PARAMETER[""false_easting"",0],PARAMETER[""false_northing"",0],UNIT[""metre"",1,AUTHORITY[""EPSG"",""9001""]],AXIS[""Easting"",EAST],AXIS[""Northing"",NORTH]]",0.4,2.11,,,,,,,,,,,,,,,,,,,,,,,,,,,,,
win3072_nfauto,3072,auto,band1,L8Ref,imw-aliked-lg,ok,,"[{""pair_id"": 1, ""dx"": 1013.126, ""dy"": 4476.867, ""method"": ""from-pair-6""}, {""pair_id"": 2, ""dx"": 3979.1154982230364, ""dy"": 5277.421805033751, ""method"": ""matcher@91m""}, {""pair_id"": 3, ""dx"": 3463.5828579707304, ""dy"": 5014.638954900322, ""method"": ""matcher@169m""}, {""pair_id"": 4, ""dx"": 2557.0751357853733, ""dy"": 4807.219394504471, ""method"": ""matcher@173m""}, {""pair_id"": 5, ""dx"": 4226.498867697723, ""dy"": 4374.352420465002, ""method"": ""matcher@151m""}, {""pair_id"": 6, ""dx"": 1013.1255161493391, ""dy"": 4476.8671699218685, ""method"": ""matcher@115m""}, {""pair_id"": 7, ""dx"": -2157.0443633958203, ""dy"": 5983.075308398285, ""method"": ""matcher@139m""}, {""pair_id"": 8, ""dx"": 1351.9995251617802, ""dy"": 5044.023421182093, ""method"": ""matcher@182m""}, {""pair_id"": 9, ""dx"": 165.78232661250513, ""dy"": 4680.666701572452, ""method"": ""matcher@183m""}, {""pair_id"": 10, ""dx"": -5958.965110637109, ""dy"": 5137.45138824555, ""method"": ""matcher@180m""}, {""pair_id"": 11, ""dx"": -5159.4248561202985, ""dy"": 5270.396985722909, ""method"": ""matcher@165m""}, {""pair_id"": 12, ""dx"": -3702.1053835309285, ""dy"": 6048.660320700612, ""method"": ""matcher@155m""}, {""pair_id"": 13, ""dx"": -7612.4382120227965, ""dy"": 5592.364038642205, ""method"": ""matcher@183m""}, {""pair_id"": 14, ""dx"": -6060.945710425687, ""dy"": 4974.377331654396, ""method"": ""matcher@181m""}, {""pair_id"": 15, ""dx"": -6079.224912936639, ""dy"": 4984.088281591306, ""method"": ""matcher@181m""}, {""pair_id"": 16, ""dx"": -6138.477543560977, ""dy"": 5111.816522835579, ""method"": ""matcher@145m""}, {""pair_id"": 17, ""dx"": -6177.262622934817, ""dy"": 5130.949452022876, ""method"": ""matcher@145m""}, {""pair_id"": 18, ""dx"": -7580.778933486537, ""dy"": 5140.7170883152285, ""method"": ""matcher@91m""}, {""pair_id"": 19, ""dx"": -7917.936410532609, ""dy"": 5151.435804892768, ""method"": ""matcher@91m""}, {""pair_id"": 20, ""dx"": -10269.864085655601, ""dy"": 6571.97262816655, ""method"": ""matcher@109m""}, {""pair_id"": 21, ""dx"": -9855.438294553183, ""dy"": 5855.588397325337, ""method"": ""matcher@167m""}, {""pair_id"": 22, ""dx"": -6117.423272162782, ""dy"": 4946.337392689482, ""method"": ""from-pair-14""}]",35987.0,595.45,"PROJCS[""unnamed"",GEOGCS[""WGS 84"",DATUM[""WGS_1984"",SPHEROID[""WGS 84"",6378137,298.25722293287,AUTHORITY[""EPSG"",""7030""]],AUTHORITY[""EPSG"",""6326""]],PRIMEM[""Greenwich"",0],UNIT[""degree"",0.0174532925199433,AUTHORITY[""EPSG"",""9122""]],AUTHORITY[""EPSG"",""4326""]],PROJECTION[""Lambert_Conformal_Conic_2SP""],PARAMETER[""latitude_of_origin"",26.3013726155446],PARAMETER[""central_meridian"",56.8207488802833],PARAMETER[""standard_parallel_1"",27.5648260380388],PARAMETER[""standard_parallel_2"",25.0379191930504],PARAMETER[""false_easting"",0],PARAMETER[""false_northing"",0],UNIT[""metre"",1,AUTHORITY[""EPSG"",""9001""]],AXIS[""Easting"",EAST],AXIS[""Northing"",NORTH]]",227.4,16.37,/maintenance/ICIGDev/GPUPOC/output/output299/win3072_nfauto/band1_toL8Ref/filtered_same-res_imw-aliked-lg,/maintenance/ICIGDev/GPUPOC/output/output299/win3072_nfauto/band1_toL8Ref/final_same-res_imw-aliked-lg,/maintenance/ICIGDev/GPUPOC/output/output299/rival/RIVAL_G1A_MV_G_22SEP2026_260922062424_6_SPLC00GTD_06_1_win3072_nfauto_band1_toL8Ref_imw-aliked-lg_internal_r90.csv,/maintenance/ICIGDev/GPUPOC/output/output299/rival/RIVAL_G1A_MV_G_22SEP2026_260922062424_6_SPLC00GTD_06_1_win3072_nfauto_band1_toL8Ref_imw-aliked-lg_internal_r90_detail.csv,True,7354.0,35987.0,38.0,-11143.775510787964,4889.6136474609375,4288.6395263671875,6868.107833862305,-2993.9021862226637,5146.603044584373,-0.015717047579116364,46996.654866825425,1825.62477850745,-2582.8048897870804,403.85132116370863,-3066.9418926946746,5133.208490671397,5337.485054134042,5155.823592881077,11261.007315242427,internal,331.33656053357635,5.0,149.11171378525623,-75.66607166268804
win3072_nfauto,3072,auto,band1,L8Ref,imw-sp-sg,ok,,"[{""pair_id"": 1, ""dx"": 1060.545, ""dy"": 4490.669, ""method"": ""from-pair-6""}, {""pair_id"": 2, ""dx"": 3597.6221678034635, ""dy"": 5726.05146028928, ""method"": ""matcher@91m""}, {""pair_id"": 3, ""dx"": 3773.5319936421292, ""dy"": 5032.952414691608, ""method"": ""matcher@169m""}, {""pair_id"": 4, ""dx"": 3690.58525269691, ""dy"": 4673.006512993845, ""method"": ""matcher@173m""}, {""pair_id"": 5, ""dx"": 1060.545, ""dy"": 4490.669, ""method"": ""from-pair-6""}, {""pair_id"": 6, ""dx"": 1060.5454795807564, ""dy"": 4490.668889315159, ""method"": ""matcher@115m""}, {""pair_id"": 7, ""dx"": 2709.762422543019, ""dy"": 5236.281505245337, ""method"": ""matcher@139m""}, {""pair_id"": 8, ""dx"": 744.0478398077175, ""dy"": 5076.778846153844, ""method"": ""matcher@182m""}, {""pair_id"": 9, ""dx"": -4592.853648605698, ""dy"": 4777.8280757848115, ""method"": ""matcher@183m""}, {""pair_id"": 10, ""dx"": -6059.640268928866, ""dy"": 5158.623858580657, ""method"": ""matcher@180m""}, {""pair_id"": 11, ""dx"": -7083.559485433376, ""dy"": 5173.101496376345, ""method"": ""matcher@165m""}, {""pair_id"": 12, ""dx"": -4109.696444943373, ""dy"": 5944.946524988802, ""method"": ""matcher@155m""}, {""pair_id"": 13, ""dx"": -6686.201102495383, ""dy"": 5443.645759211271, ""method"": ""matcher@183m""}, {""pair_id"": 14, ""dx"": -4480.6620166739085, ""dy"": 4897.595871493868, ""method"": ""matcher@181m""}, {""pair_id"": 15, ""dx"": -4586.370666270595, ""dy"": 4818.216507315548, ""method"": ""matcher@181m""}, {""pair_id"": 16, ""dx"": -6122.483688929686, ""dy"": 5114.889474416646, ""method"": ""matcher@145m""}, {""pair_id"": 17, ""dx"": -8913.965026340244, ""dy"": 5150.293948689883, ""method"": ""matcher@145m""}, {""pair_id"": 18, ""dx"": -7273.390391496068, ""dy"": 5152.197846908821, ""method"": ""matcher@91m""}, {""pair_id"": 19, ""dx"": -7887.785065169024, ""dy"": 5197.027084739995, ""method"": ""matcher@91m""}, {""pair_id"": 20, ""dx"": -10437.792593829188, ""dy"": 6528.848956171714, ""method"": ""matcher@109m""}, {""pair_id"": 21, ""dx"": -9834.442023147727, ""dy"": 5803.487768438805, ""method"": ""matcher@167m""}, {""pair_id"": 22, ""dx"": -4478.345565404741, ""dy"": 4895.007822533059, ""method"": ""from-pair-14""}]",8781.0,595.47,"PROJCS[""unnamed"",GEOGCS[""WGS 84"",DATUM[""WGS_1984"",SPHEROID[""WGS 84"",6378137,298.25722293287,AUTHORITY[""EPSG"",""7030""]],AUTHORITY[""EPSG"",""6326""]],PRIMEM[""Greenwich"",0],UNIT[""degree"",0.0174532925199433,AUTHORITY[""EPSG"",""9122""]],AUTHORITY[""EPSG"",""4326""]],PROJECTION[""Lambert_Conformal_Conic_2SP""],PARAMETER[""latitude_of_origin"",26.3013726155446],PARAMETER[""central_meridian"",56.8207488802833],PARAMETER[""standard_parallel_1"",27.5648260380388],PARAMETER[""standard_parallel_2"",25.0379191930504],PARAMETER[""false_easting"",0],PARAMETER[""false_northing"",0],UNIT[""metre"",1,AUTHORITY[""EPSG"",""9001""]],AXIS[""Easting"",EAST],AXIS[""Northing"",NORTH]]",330.1,32.65,/maintenance/ICIGDev/GPUPOC/output/output299/win3072_nfauto/band1_toL8Ref/filtered_same-res_imw-sp-sg,/maintenance/ICIGDev/GPUPOC/output/output299/win3072_nfauto/band1_toL8Ref/final_same-res_imw-sp-sg,/maintenance/ICIGDev/GPUPOC/output/output299/rival/RIVAL_G1A_MV_G_22SEP2026_260922062424_6_SPLC00GTD_06_1_win3072_nfauto_band1_toL8Ref_imw-sp-sg_internal_r90.csv,/maintenance/ICIGDev/GPUPOC/output/output299/rival/RIVAL_G1A_MV_G_22SEP2026_260922062424_6_SPLC00GTD_06_1_win3072_nfauto_band1_toL8Ref_imw-sp-sg_internal_r90_detail.csv,True,6216.0,8781.0,39.0,-10977.335472106934,4978.7127685546875,4215.143737792969,6838.439941406308,-3841.790292094418,5128.717913880136,-0.006079360775429902,46755.379288460856,1613.7241359493853,-2365.182965254363,367.01379887375407,-3435.578068388935,5135.741779749,5486.294434130814,5155.230634797517,11423.88078725839,internal,292.02045751507416,6.0,62.43677976191308,-43.348454471966306
win3072_nfauto,3072,auto,band1,L8Ref,imw-sp-nn,failed,IndexError: boolean index did not match indexed array along axis 0; size of axis is 0 but size of corresponding boolean axis is 256,,,595.48,"PROJCS[""unnamed"",GEOGCS[""WGS 84"",DATUM[""WGS_1984"",SPHEROID[""WGS 84"",6378137,298.25722293287,AUTHORITY[""EPSG"",""7030""]],AUTHORITY[""EPSG"",""6326""]],PRIMEM[""Greenwich"",0],UNIT[""degree"",0.0174532925199433,AUTHORITY[""EPSG"",""9122""]],AUTHORITY[""EPSG"",""4326""]],PROJECTION[""Lambert_Conformal_Conic_2SP""],PARAMETER[""latitude_of_origin"",26.3013726155446],PARAMETER[""central_meridian"",56.8207488802833],PARAMETER[""standard_parallel_1"",27.5648260380388],PARAMETER[""standard_parallel_2"",25.0379191930504],PARAMETER[""false_easting"",0],PARAMETER[""false_northing"",0],UNIT[""metre"",1,AUTHORITY[""EPSG"",""9001""]],AXIS[""Easting"",EAST],AXIS[""Northing"",NORTH]]",0.0,0.06,,,,,,,,,,,,,,,,,,,,,,,,,,,,,
win3072_nfauto,3072,auto,band1,L8Ref,imw-r2d2-nn,ok,,"[{""pair_id"": 1, ""dx"": 663.041, ""dy"": 4507.788, ""method"": ""from-pair-6""}, {""pair_id"": 2, ""dx"": 3898.2907714547473, ""dy"": 5355.798087548872, ""method"": ""matcher@91m""}, {""pair_id"": 3, ""dx"": 3556.9670995547785, ""dy"": 4973.427859903924, ""method"": ""matcher@169m""}, {""pair_id"": 4, ""dx"": 2594.4197034107056, ""dy"": 4851.524379448645, ""method"": ""matcher@173m""}, {""pair_id"": 5, ""dx"": 663.041, ""dy"": 4507.788, ""method"": ""from-pair-6""}, {""pair_id"": 6, ""dx"": 663.0413433334179, ""dy"": 4507.788113685092, ""method"": ""matcher@115m""}, {""pair_id"": 7, ""dx"": 2044.7222769175132, ""dy"": 5155.221290060421, ""method"": ""matcher@139m""}, {""pair_id"": 8, ""dx"": 273.60432269985176, ""dy"": 4927.890616866265, ""method"": ""matcher@182m""}, {""pair_id"": 9, ""dx"": 47.23730559901742, ""dy"": 4850.668592399306, ""method"": ""matcher@183m""}, {""pair_id"": 10, ""dx"": -5973.276390828032, ""dy"": 5172.122212085131, ""method"": ""matcher@180m""}, {""pair_id"": 11, ""dx"": -5606.406314516178, ""dy"": 5286.81818118837, ""method"": ""matcher@165m""}, {""pair_id"": 12, ""dx"": -3798.335287593887, ""dy"": 5960.312129108526, ""method"": ""matcher@155m""}, {""pair_id"": 13, ""dx"": -6636.895097898392, ""dy"": 5217.644289222953, ""method"": ""matcher@183m""}, {""pair_id"": 14, ""dx"": -4682.461928952718, ""dy"": 4900.754098445992, ""method"": ""matcher@181m""}, {""pair_id"": 15, ""dx"": -5900.351753696748, ""dy"": 5008.306422521564, ""method"": ""matcher@181m""}, {""pair_id"": 16, ""dx"": -6105.654956372622, ""dy"": 5059.514767870503, ""method"": ""matcher@145m""}, {""pair_id"": 17, ""dx"": -6443.281847763072, ""dy"": 5230.548638678978, ""method"": ""matcher@145m""}, {""pair_id"": 18, ""dx"": -7554.7360539238725, ""dy"": 5231.6821391797275, ""method"": ""matcher@91m""}, {""pair_id"": 19, ""dx"": -7632.740895488925, ""dy"": 5252.162743099674, ""method"": ""matcher@91m""}, {""pair_id"": 20, ""dx"": -10263.414787228743, ""dy"": 6530.764963310474, ""method"": ""matcher@109m""}, {""pair_id"": 21, ""dx"": -9846.972517845454, ""dy"": 5754.855027592072, ""method"": ""matcher@167m""}, {""pair_id"": 22, ""dx"": -4675.341832366829, ""dy"": 4896.520233449328, ""method"": ""from-pair-14""}]",11520.0,595.48,"PROJCS[""unnamed"",GEOGCS[""WGS 84"",DATUM[""WGS_1984"",SPHEROID[""WGS 84"",6378137,298.25722293287,AUTHORITY[""EPSG"",""7030""]],AUTHORITY[""EPSG"",""6326""]],PRIMEM[""Greenwich"",0],UNIT[""degree"",0.0174532925199433,AUTHORITY[""EPSG"",""9122""]],AUTHORITY[""EPSG"",""4326""]],PROJECTION[""Lambert_Conformal_Conic_2SP""],PARAMETER[""latitude_of_origin"",26.3013726155446],PARAMETER[""central_meridian"",56.8207488802833],PARAMETER[""standard_parallel_1"",27.5648260380388],PARAMETER[""standard_parallel_2"",25.0379191930504],PARAMETER[""false_easting"",0],PARAMETER[""false_northing"",0],UNIT[""metre"",1,AUTHORITY[""EPSG"",""9001""]],AXIS[""Easting"",EAST],AXIS[""Northing"",NORTH]]",192.3,5.63,/maintenance/ICIGDev/GPUPOC/output/output299/win3072_nfauto/band1_toL8Ref/filtered_same-res_imw-r2d2-nn,/maintenance/ICIGDev/GPUPOC/output/output299/win3072_nfauto/band1_toL8Ref/final_same-res_imw-r2d2-nn,/maintenance/ICIGDev/GPUPOC/output/output299/rival/RIVAL_G1A_MV_G_22SEP2026_260922062424_6_SPLC00GTD_06_1_win3072_nfauto_band1_toL8Ref_imw-r2d2-nn_internal_r90.csv,/maintenance/ICIGDev/GPUPOC/output/output299/rival/RIVAL_G1A_MV_G_22SEP2026_260922062424_6_SPLC00GTD_06_1_win3072_nfauto_band1_toL8Ref_imw-r2d2-nn_internal_r90_detail.csv,True,6562.0,11520.0,40.0,-10871.388473510742,4953.2244873046875,4296.9342041015625,6792.319507598877,-2423.1147787086657,5137.367670521139,-0.015412481259222729,46980.65912929369,1600.5413739491046,-2443.0720638994426,370.10922365051925,-3188.4138531635463,5137.695521443982,5281.038631332809,5155.203136278085,11198.901401146024,internal,319.96418693779145,5.0,96.67008180053207,-42.62615930799893
win3072_nfauto,3072,auto,band1,L8Ref,imw-rord-nn,ok,,"[{""pair_id"": 1, ""dx"": 1059.426, ""dy"": 4496.875, ""method"": ""from-pair-6""}, {""pair_id"": 2, ""dx"": 2445.315, ""dy"": 5123.258, ""method"": ""from-pair-7""}, {""pair_id"": 3, ""dx"": 3812.419255603949, ""dy"": 4926.552221032645, ""method"": ""matcher@169m""}, {""pair_id"": 4, ""dx"": 2217.5164472512697, ""dy"": 4760.323705393035, ""method"": ""matcher@173m""}, {""pair_id"": 5, ""dx"": 1059.426, ""dy"": 4496.875, ""method"": ""from-pair-6""}, {""pair_id"": 6, ""dx"": 1059.4255890600107, ""dy"": 4496.875384592509, ""method"": ""matcher@115m""}, {""pair_id"": 7, ""dx"": 2445.3145820397913, ""dy"": 5123.257821604726, ""method"": ""matcher@139m""}, {""pair_id"": 8, ""dx"": 1982.1383842326031, ""dy"": 5096.812943596116, ""method"": ""matcher@182m""}, {""pair_id"": 9, ""dx"": -40.39527511000051, ""dy"": 4722.669485241102, ""method"": ""matcher@183m""}, {""pair_id"": 10, ""dx"": -5998.924527508629, ""dy"": 5171.170726230477, ""method"": ""matcher@180m""}, {""pair_id"": 11, ""dx"": -5783.335647157204, ""dy"": 5097.269502948795, ""method"": ""matcher@165m""}, {""pair_id"": 12, ""dx"": -3945.4756359207386, ""dy"": 5961.37641101965, ""method"": ""matcher@155m""}, {""pair_id"": 13, ""dx"": -7037.9381176123425, ""dy"": 5288.742949856722, ""method"": ""matcher@183m""}, {""pair_id"": 14, ""dx"": -4628.658194792864, ""dy"": 4876.236736139137, ""method"": ""matcher@181m""}, {""pair_id"": 15, ""dx"": -9060.955222494726, ""dy"": 5221.585000051622, ""method"": ""matcher@181m""}, {""pair_id"": 16, ""dx"": -6317.653279913386, ""dy"": 5165.791686096956, ""method"": ""matcher@145m""}, {""pair_id"": 17, ""dx"": -6643.997928555, ""dy"": 5202.478285669073, ""method"": ""matcher@145m""}, {""pair_id"": 18, ""dx"": -7210.583538478548, ""dy"": 5179.199921150993, ""method"": ""phasecorr@91m""}, {""pair_id"": 19, ""dx"": -7325.694293345005, ""dy"": 5196.408578710601, ""method"": ""matcher@91m""}, {""pair_id"": 20, ""dx"": -9570.170787487965, ""dy"": 5939.289302446996, ""method"": ""matcher@109m""}, {""pair_id"": 21, ""dx"": -7049.161947447754, ""dy"": 5246.941627027883, ""method"": ""from-pair-13""}, {""pair_id"": 22, ""dx"": -4619.8310853746225, ""dy"": 4876.237, ""method"": ""from-pair-14""}]",1689.0,595.49,"PROJCS[""unnamed"",GEOGCS[""WGS 84"",DATUM[""WGS_1984"",SPHEROID[""WGS 84"",6378137,298.25722293287,AUTHORITY[""EPSG"",""7030""]],AUTHORITY[""EPSG"",""6326""]],PRIMEM[""Greenwich"",0],UNIT[""degree"",0.0174532925199433,AUTHORITY[""EPSG"",""9122""]],AUTHORITY[""EPSG"",""4326""]],PROJECTION[""Lambert_Conformal_Conic_2SP""],PARAMETER[""latitude_of_origin"",26.3013726155446],PARAMETER[""central_meridian"",56.8207488802833],PARAMETER[""standard_parallel_1"",27.5648260380388],PARAMETER[""standard_parallel_2"",25.0379191930504],PARAMETER[""false_easting"",0],PARAMETER[""false_northing"",0],UNIT[""metre"",1,AUTHORITY[""EPSG"",""9001""]],AXIS[""Easting"",EAST],AXIS[""Northing"",NORTH]]",391.1,34.78,/maintenance/ICIGDev/GPUPOC/output/output299/win3072_nfauto/band1_toL8Ref/filtered_same-res_imw-rord-nn,/maintenance/ICIGDev/GPUPOC/output/output299/win3072_nfauto/band1_toL8Ref/final_same-res_imw-rord-nn,/maintenance/ICIGDev/GPUPOC/output/output299/rival/RIVAL_G1A_MV_G_22SEP2026_260922062424_6_SPLC00GTD_06_1_win3072_nfauto_band1_toL8Ref_imw-rord-nn_internal_r90.csv,/maintenance/ICIGDev/GPUPOC/output/output299/rival/RIVAL_G1A_MV_G_22SEP2026_260922062424_6_SPLC00GTD_06_1_win3072_nfauto_band1_toL8Ref_imw-rord-nn_internal_r90_detail.csv,True,1689.0,1689.0,26.0,-10291.197395324707,4466.546630859375,4257.960205078125,6574.324493408203,-3246.0450473602436,5083.7574033076535,-0.0013789828112740735,46304.93815224039,1104.5186533209874,-1804.8270371007727,364.87815713539334,-3246.045047360246,5083.757403307655,5174.09468650165,5096.486096902197,11020.647801881321,internal,429.8973457951325,3.0,144.21872671781603,-167.93002354104678
win3072_nfauto,3072,auto,band1,L8Ref,imw-d2net-nn,ok,,"[{""pair_id"": 1, ""dx"": 1248.362, ""dy"": 4354.905, ""method"": ""from-pair-6""}, {""pair_id"": 2, ""dx"": 3842.302816918207, ""dy"": 5533.242621943966, ""method"": ""matcher@91m""}, {""pair_id"": 3, ""dx"": 4079.1660297501658, ""dy"": 4954.015792560283, ""method"": ""matcher@169m""}, {""pair_id"": 4, ""dx"": 2604.501942956318, ""dy"": 4769.964225752294, ""method"": ""matcher@173m""}, {""pair_id"": 5, ""dx"": 2517.5267689109314, ""dy"": 4564.234398386063, ""method"": ""matcher@151m""}, {""pair_id"": 6, ""dx"": 1248.361968101366, ""dy"": 4354.905185715237, ""method"": ""matcher@115m""}, {""pair_id"": 7, ""dx"": 2318.901216288359, ""dy"": 5151.418419902533, ""method"": ""matcher@139m""}, {""pair_id"": 8, ""dx"": 2475.424841867556, ""dy"": 5077.576059786181, ""method"": ""matcher@182m""}, {""pair_id"": 9, ""dx"": 194.70721722606686, ""dy"": 4814.12292773863, ""method"": ""matcher@183m""}, {""pair_id"": 10, ""dx"": -6082.390789498459, ""dy"": 5177.838636930566, ""method"": ""matcher@180m""}, {""pair_id"": 11, ""dx"": -5597.63145732283, ""dy"": 5177.571002746961, ""method"": ""matcher@165m""}, {""pair_id"": 12, ""dx"": -5072.6434032631005, ""dy"": 5932.42714013168, ""method"": ""matcher@155m""}, {""pair_id"": 13, ""dx"": -6817.648148057124, ""dy"": 5329.298980894717, ""method"": ""matcher@183m""}, {""pair_id"": 14, ""dx"": -5016.178374290568, ""dy"": 4988.251198196143, ""method"": ""matcher@181m""}, {""pair_id"": 15, ""dx"": -6021.706249768191, ""dy"": 5073.905552741358, ""method"": ""matcher@181m""}, {""pair_id"": 16, ""dx"": -6481.036046632711, ""dy"": 5138.807258226967, ""method"": ""matcher@145m""}, {""pair_id"": 17, ""dx"": -7673.058984917479, ""dy"": 5173.462806102907, ""method"": ""matcher@145m""}, {""pair_id"": 18, ""dx"": -7703.978540695098, ""dy"": 5161.44222686725, ""method"": ""matcher@91m""}, {""pair_id"": 19, ""dx"": -7574.367418357826, ""dy"": 5212.32536904572, ""method"": ""matcher@91m""}, {""pair_id"": 20, ""dx"": -9918.88826689365, ""dy"": 6310.7573999833985, ""method"": ""matcher@109m""}, {""pair_id"": 21, ""dx"": -9998.695430012333, ""dy"": 5758.245485625026, ""method"": ""matcher@167m""}, {""pair_id"": 22, ""dx"": -4922.823289934206, ""dy"": 4980.685073178249, ""method"": ""from-pair-14""}]",12902.0,595.49,"PROJCS[""unnamed"",GEOGCS[""WGS 84"",DATUM[""WGS_1984"",SPHEROID[""WGS 84"",6378137,298.25722293287,AUTHORITY[""EPSG"",""7030""]],AUTHORITY[""EPSG"",""6326""]],PRIMEM[""Greenwich"",0],UNIT[""degree"",0.0174532925199433,AUTHORITY[""EPSG"",""9122""]],AUTHORITY[""EPSG"",""4326""]],PROJECTION[""Lambert_Conformal_Conic_2SP""],PARAMETER[""latitude_of_origin"",26.3013726155446],PARAMETER[""central_meridian"",56.8207488802833],PARAMETER[""standard_parallel_1"",27.5648260380388],PARAMETER[""standard_parallel_2"",25.0379191930504],PARAMETER[""false_easting"",0],PARAMETER[""false_northing"",0],UNIT[""metre"",1,AUTHORITY[""EPSG"",""9001""]],AXIS[""Easting"",EAST],AXIS[""Northing"",NORTH]]",281.3,32.34,/maintenance/ICIGDev/GPUPOC/output/output299/win3072_nfauto/band1_toL8Ref/filtered_same-res_imw-d2net-nn,/maintenance/ICIGDev/GPUPOC/output/output299/win3072_nfauto/band1_toL8Ref/final_same-res_imw-d2net-nn,/maintenance/ICIGDev/GPUPOC/output/output299/rival/RIVAL_G1A_MV_G_22SEP2026_260922062424_6_SPLC00GTD_06_1_win3072_nfauto_band1_toL8Ref_imw-d2net-nn_internal_r90.csv,/maintenance/ICIGDev/GPUPOC/output/output299/rival/RIVAL_G1A_MV_G_22SEP2026_260922062424_6_SPLC00GTD_06_1_win3072_nfauto_band1_toL8Ref_imw-d2net-nn_internal_r90_detail.csv,True,6612.0,12902.0,40.0,-11020.514488220215,4846.3494873046875,4262.538757324219,6871.507759094238,-3220.596222448045,5152.18532844396,-0.014294651263894573,46781.57024627586,1514.21997983636,-2350.0923513045104,370.9651820643518,-3510.698986703601,5154.393354935568,5548.234754068699,5173.516054960046,11511.46258069214,internal,327.58162413730844,5.0,70.94565593996167,-18.053797627188032
win3072_nfauto,3072,auto,band1,L8Ref,imw-alike-nn,ok,,"[{""pair_id"": 1, ""dx"": 775.315, ""dy"": 4478.46, ""method"": ""from-pair-6""}, {""pair_id"": 2, ""dx"": 1796.323, ""dy"": 5027.266, ""method"": ""from-pair-7""}, {""pair_id"": 3, ""dx"": 3960.638700333191, ""dy"": 5048.866774303606, ""method"": ""matcher@169m""}, {""pair_id"": 4, ""dx"": 2625.0360140749544, ""dy"": 4986.915005705028, ""method"": ""matcher@173m""}, {""pair_id"": 5, ""dx"": 775.315, ""dy"": 4478.46, ""method"": ""from-pair-6""}, {""pair_id"": 6, ""dx"": 775.3145423227397, ""dy"": 4478.45960008321, ""method"": ""matcher@115m""}, {""pair_id"": 7, ""dx"": 1796.3230179280363, ""dy"": 5027.2663862860645, ""method"": ""matcher@139m""}, {""pair_id"": 8, ""dx"": 2169.4104135771922, ""dy"": 5068.066856971156, ""method"": ""matcher@182m""}, {""pair_id"": 9, ""dx"": -4592.990716406588, ""dy"": 4770.837866017391, ""method"": ""matcher@183m""}, {""pair_id"": 10, ""dx"": -5906.303312716751, ""dy"": 5205.108609192728, ""method"": ""matcher@180m""}, {""pair_id"": 11, ""dx"": -5408.779182228915, ""dy"": 5188.3520793038915, ""method"": ""matcher@165m""}, {""pair_id"": 12, ""dx"": -4109.880844548083, ""dy"": 5865.889781738602, ""method"": ""matcher@155m""}, {""pair_id"": 13, ""dx"": -2875.9378661867813, ""dy"": 4958.798601375442, ""method"": ""matcher@183m""}, {""pair_id"": 14, ""dx"": -4646.871975780145, ""dy"": 4760.182562698421, ""method"": ""matcher@181m""}, {""pair_id"": 15, ""dx"": -9051.109993158345, ""dy"": 5100.8617760830675, ""method"": ""matcher@181m""}, {""pair_id"": 16, ""dx"": -6253.7125091712805, ""dy"": 5124.5889883440395, ""method"": ""matcher@145m""}, {""pair_id"": 17, ""dx"": -7252.13902159853, ""dy"": 5108.873338270845, ""method"": ""matcher@145m""}, {""pair_id"": 18, ""dx"": -7210.583538478548, ""dy"": 5179.199921150993, ""method"": ""phasecorr@91m""}, {""pair_id"": 19, ""dx"": -7184.670745758923, ""dy"": 5189.932108886132, ""method"": ""phasecorr@91m""}, {""pair_id"": 20, ""dx"": -9430.933545365653, ""dy"": 6204.24720060901, ""method"": ""matcher@109m""}, {""pair_id"": 21, ""dx"": -2997.645350606188, ""dy"": 4897.116390644449, ""method"": ""from-pair-13""}, {""pair_id"": 22, ""dx"": -4646.872, ""dy"": 4760.183, ""method"": ""from-pair-14""}]",1999.0,595.51,"PROJCS[""unnamed"",GEOGCS[""WGS 84"",DATUM[""WGS_1984"",SPHEROID[""WGS 84"",6378137,298.25722293287,AUTHORITY[""EPSG"",""7030""]],AUTHORITY[""EPSG"",""6326""]],PRIMEM[""Greenwich"",0],UNIT[""degree"",0.0174532925199433,AUTHORITY[""EPSG"",""9122""]],AUTHORITY[""EPSG"",""4326""]],PROJECTION[""Lambert_Conformal_Conic_2SP""],PARAMETER[""latitude_of_origin"",26.3013726155446],PARAMETER[""central_meridian"",56.8207488802833],PARAMETER[""standard_parallel_1"",27.5648260380388],PARAMETER[""standard_parallel_2"",25.0379191930504],PARAMETER[""false_easting"",0],PARAMETER[""false_northing"",0],UNIT[""metre"",1,AUTHORITY[""EPSG"",""9001""]],AXIS[""Easting"",EAST],AXIS[""Northing"",NORTH]]",189.7,9.35,/maintenance/ICIGDev/GPUPOC/output/output299/win3072_nfauto/band1_toL8Ref/filtered_same-res_imw-alike-nn,/maintenance/ICIGDev/GPUPOC/output/output299/win3072_nfauto/band1_toL8Ref/final_same-res_imw-alike-nn,/maintenance/ICIGDev/GPUPOC/output/output299/rival/RIVAL_G1A_MV_G_22SEP2026_260922062424_6_SPLC00GTD_06_1_win3072_nfauto_band1_toL8Ref_imw-alike-nn_internal_r90.csv,/maintenance/ICIGDev/GPUPOC/output/output299/rival/RIVAL_G1A_MV_G_22SEP2026_260922062424_6_SPLC00GTD_06_1_win3072_nfauto_band1_toL8Ref_imw-alike-nn_internal_r90_detail.csv,True,1999.0,1999.0,31.0,-10820.72811126709,4749.521484375,4350.270080566406,6702.50554561615,-2442.0009048274906,5161.110951659562,-0.01572505467333297,47029.36655336012,1541.9911510164561,-2351.7089527803278,414.37517872764306,-2442.00090482749,5161.110951659561,4715.625612591814,5178.659951633346,10628.187553419222,internal,349.15869388386915,4.0,142.10475759922895,-150.70723589604063
win3072_nfauto,3072,auto,band1,L8Ref,imw-sfd2-nn,ok,,"[{""pair_id"": 1, ""dx"": 777.47, ""dy"": 4489.575, ""method"": ""from-pair-6""}, {""pair_id"": 2, ""dx"": 3799.789171800483, ""dy"": 5497.360395362513, ""method"": ""matcher@91m""}, {""pair_id"": 3, ""dx"": 3948.4011483120266, ""dy"": 4949.259102866286, ""method"": ""matcher@169m""}, {""pair_id"": 4, ""dx"": 2715.9808149609744, ""dy"": 4846.732751583775, ""method"": ""matcher@173m""}, {""pair_id"": 5, ""dx"": 279.3316755722335, ""dy"": 4508.19121003215, ""method"": ""matcher@151m""}, {""pair_id"": 6, ""dx"": 777.4703763587022, ""dy"": 4489.575341886026, ""method"": ""matcher@115m""}, {""pair_id"": 7, ""dx"": 2703.2697662452993, ""dy"": 5176.039236951765, ""method"": ""matcher@139m""}, {""pair_id"": 8, ""dx"": 740.5892995579925, ""dy"": 5067.699068509624, ""method"": ""matcher@182m""}, {""pair_id"": 9, ""dx"": -4593.995285833458, ""dy"": 4910.732697748172, ""method"": ""matcher@183m""}, {""pair_id"": 10, ""dx"": -6051.063546230434, ""dy"": 5149.160578714684, ""method"": ""matcher@180m""}, {""pair_id"": 11, ""dx"": -5774.544819915609, ""dy"": 5204.908272797911, ""method"": ""matcher@165m""}, {""pair_id"": 12, ""dx"": -4109.4207550923165, ""dy"": 5944.946524988802, ""method"": ""matcher@155m""}, {""pair_id"": 13, ""dx"": -7302.709041216614, ""dy"": 5484.560320125456, ""method"": ""matcher@183m""}, {""pair_id"": 14, ""dx"": -4661.274809057133, ""dy"": 4900.462561421329, ""method"": ""matcher@181m""}, {""pair_id"": 15, ""dx"": -4741.49687535259, ""dy"": 4910.165815771987, ""method"": ""matcher@181m""}, {""pair_id"": 16, ""dx"": -6244.800738956605, ""dy"": 5144.103559524694, ""method"": ""matcher@145m""}, {""pair_id"": 17, ""dx"": -7397.153226143986, ""dy"": 5146.005331076944, ""method"": ""matcher@145m""}, {""pair_id"": 18, ""dx"": -7717.135449174035, ""dy"": 5150.382389011211, ""method"": ""matcher@91m""}, {""pair_id"": 19, ""dx"": -7447.53808352843, ""dy"": 5205.961607452889, ""method"": ""matcher@91m""}, {""pair_id"": 20, ""dx"": -10494.186498687297, ""dy"": 6530.7001468526, ""method"": ""matcher@109m""}, {""pair_id"": 21, ""dx"": -9928.584763804538, ""dy"": 5890.98506856896, ""method"": ""matcher@167m""}, {""pair_id"": 22, ""dx"": -4658.95856540474, ""dy"": 4899.556980263095, ""method"": ""from-pair-14""}]",17605.0,595.51,"PROJCS[""unnamed"",GEOGCS[""WGS 84"",DATUM[""WGS_1984"",SPHEROID[""WGS 84"",6378137,298.25722293287,AUTHORITY[""EPSG"",""7030""]],AUTHORITY[""EPSG"",""6326""]],PRIMEM[""Greenwich"",0],UNIT[""degree"",0.0174532925199433,AUTHORITY[""EPSG"",""9122""]],AUTHORITY[""EPSG"",""4326""]],PROJECTION[""Lambert_Conformal_Conic_2SP""],PARAMETER[""latitude_of_origin"",26.3013726155446],PARAMETER[""central_meridian"",56.8207488802833],PARAMETER[""standard_parallel_1"",27.5648260380388],PARAMETER[""standard_parallel_2"",25.0379191930504],PARAMETER[""false_easting"",0],PARAMETER[""false_northing"",0],UNIT[""metre"",1,AUTHORITY[""EPSG"",""9001""]],AXIS[""Easting"",EAST],AXIS[""Northing"",NORTH]]",212.9,34.15,/maintenance/ICIGDev/GPUPOC/output/output299/win3072_nfauto/band1_toL8Ref/filtered_same-res_imw-sfd2-nn,/maintenance/ICIGDev/GPUPOC/output/output299/win3072_nfauto/band1_toL8Ref/final_same-res_imw-sfd2-nn,/maintenance/ICIGDev/GPUPOC/output/output299/rival/RIVAL_G1A_MV_G_22SEP2026_260922062424_6_SPLC00GTD_06_1_win3072_nfauto_band1_toL8Ref_imw-sfd2-nn_internal_r90.csv,/maintenance/ICIGDev/GPUPOC/output/output299/rival/RIVAL_G1A_MV_G_22SEP2026_260922062424_6_SPLC00GTD_06_1_win3072_nfauto_band1_toL8Ref_imw-sfd2-nn_internal_r90_detail.csv,True,7275.0,17605.0,40.0,-11027.389526367188,5004.404296875,4299.3594360352145,6754.064941406308,-3315.5480528481808,5140.4982413890775,-0.011593083211605477,46847.60254894779,1653.7567192024198,-2429.526658023885,370.02355663649513,-3273.458494335843,5137.741185597293,5458.193159545597,5158.030389513123,11395.760122817319,internal,290.43059941273293,6.0,54.55018463748828,-54.46528388360563
win3072_nfauto,3072,auto,band1,L8Ref,imw-rdd-nn,ok,,"[{""pair_id"": 1, ""dx"": 469.117, ""dy"": 4449.041, ""method"": ""from-pair-6""}, {""pair_id"": 2, ""dx"": 4054.913348148926, ""dy"": 5390.456272423064, ""method"": ""matcher@91m""}, {""pair_id"": 3, ""dx"": 4106.78260154929, ""dy"": 4936.089263842034, ""method"": ""matcher@169m""}, {""pair_id"": 4, ""dx"": 3058.3274511107084, ""dy"": 4821.015155707664, ""method"": ""matcher@173m""}, {""pair_id"": 5, ""dx"": 1759.1478240792057, ""dy"": 21842.215413194703, ""method"": ""matcher@151m""}, {""pair_id"": 6, ""dx"": 469.11722543041833, ""dy"": 4449.040857382788, ""method"": ""matcher@115m""}, {""pair_id"": 7, ""dx"": -2166.1122109147, ""dy"": 6109.0593590729695, ""method"": ""matcher@139m""}, {""pair_id"": 8, ""dx"": -769.9167811170191, ""dy"": 4927.75573294895, ""method"": ""matcher@182m""}, {""pair_id"": 9, ""dx"": -229.5778020156722, ""dy"": 4687.950067471815, ""method"": ""matcher@183m""}, {""pair_id"": 10, ""dx"": -5938.1723480277, ""dy"": 5157.295481025038, ""method"": ""matcher@180m""}, {""pair_id"": 11, ""dx"": -5736.378016733826, ""dy"": 5098.058492570242, ""method"": ""matcher@165m""}, {""pair_id"": 12, ""dx"": -4070.234357455105, ""dy"": 6082.1446876412665, ""method"": ""matcher@155m""}, {""pair_id"": 13, ""dx"": -7742.496512103258, ""dy"": 5512.588105158735, ""method"": ""matcher@183m""}, {""pair_id"": 14, ""dx"": -6070.954053836045, ""dy"": 5068.575900194337, ""method"": ""matcher@181m""}, {""pair_id"": 15, ""dx"": -6073.299284134002, ""dy"": 5102.81911226752, ""method"": ""matcher@181m""}, {""pair_id"": 16, ""dx"": -6230.042856078784, ""dy"": 5141.752676103497, ""method"": ""matcher@145m""}, {""pair_id"": 17, ""dx"": -7369.543713272396, ""dy"": 5168.537732307377, ""method"": ""matcher@145m""}, {""pair_id"": 18, ""dx"": -7210.583538478548, ""dy"": 5179.199921150993, ""method"": ""phasecorr@91m""}, {""pair_id"": 19, ""dx"": -7184.670745758923, ""dy"": 5189.932108886132, ""method"": ""phasecorr@91m""}, {""pair_id"": 20, ""dx"": -9749.096159633533, ""dy"": 6516.89898534189, ""method"": ""matcher@109m""}, {""pair_id"": 21, ""dx"": -10141.532839607535, ""dy"": 5871.222240691903, ""method"": ""matcher@167m""}, {""pair_id"": 22, ""dx"": -6089.228058609209, ""dy"": 5059.254061077712, ""method"": ""from-pair-14""}]",538.0,595.53,"PROJCS[""unnamed"",GEOGCS[""WGS 84"",DATUM[""WGS_1984"",SPHEROID[""WGS 84"",6378137,298.25722293287,AUTHORITY[""EPSG"",""7030""]],AUTHORITY[""EPSG"",""6326""]],PRIMEM[""Greenwich"",0],UNIT[""degree"",0.0174532925199433,AUTHORITY[""EPSG"",""9122""]],AUTHORITY[""EPSG"",""4326""]],PROJECTION[""Lambert_Conformal_Conic_2SP""],PARAMETER[""latitude_of_origin"",26.3013726155446],PARAMETER[""central_meridian"",56.8207488802833],PARAMETER[""standard_parallel_1"",27.5648260380388],PARAMETER[""standard_parallel_2"",25.0379191930504],PARAMETER[""false_easting"",0],PARAMETER[""false_northing"",0],UNIT[""metre"",1,AUTHORITY[""EPSG"",""9001""]],AXIS[""Easting"",EAST],AXIS[""Northing"",NORTH]]",705.2,36.47,/maintenance/ICIGDev/GPUPOC/output/output299/win3072_nfauto/band1_toL8Ref/filtered_same-res_imw-rdd-nn,/maintenance/ICIGDev/GPUPOC/output/output299/win3072_nfauto/band1_toL8Ref/final_same-res_imw-rdd-nn,/maintenance/ICIGDev/GPUPOC/output/output299/rival/RIVAL_G1A_MV_G_22SEP2026_260922062424_6_SPLC00GTD_06_1_win3072_nfauto_band1_toL8Ref_imw-rdd-nn_internal_r90.csv,/maintenance/ICIGDev/GPUPOC/output/output299/rival/RIVAL_G1A_MV_G_22SEP2026_260922062424_6_SPLC00GTD_06_1_win3072_nfauto_band1_toL8Ref_imw-rdd-nn_internal_r90_detail.csv,True,424.0,538.0,11.0,-35811.358566284194,62254.02282714844,-35210.13244628906,35006.72607421878,-3506.9008371466603,6417.807623958943,0.6959182444858368,12185.874204528454,-24957.790770185118,-9371.100079957901,11453.326411373597,-3620.134983557575,6844.715647742433,12159.649263389512,10846.652707515144,24725.931556612166,internal,3320.4611403590084,4.0,647.4828685506168,2063.534856878068
win3072_nfauto,3072,auto,band1,L8Ref,imw-liftfeat-nn,ok,,"[{""pair_id"": 1, ""dx"": 777.528, ""dy"": 4477.864, ""method"": ""from-pair-6""}, {""pair_id"": 2, ""dx"": 3798.45604450682, ""dy"": 5315.924444070057, ""method"": ""matcher@91m""}, {""pair_id"": 3, ""dx"": 3697.380973340012, ""dy"": 4945.427096993255, ""method"": ""matcher@169m""}, {""pair_id"": 4, ""dx"": 2755.8192132807308, ""dy"": 4820.355786930493, ""method"": ""matcher@173m""}, {""pair_id"": 5, ""dx"": 777.528, ""dy"": 4477.864, ""method"": ""from-pair-6""}, {""pair_id"": 6, ""dx"": 777.5278209303142, ""dy"": 4477.863970588252, ""method"": ""matcher@115m""}, {""pair_id"": 7, ""dx"": 737.768861461067, ""dy"": 5195.878523284337, ""method"": ""matcher@139m""}, {""pair_id"": 8, ""dx"": 371.05029585800366, ""dy"": 4922.465895432717, ""method"": ""matcher@182m""}, {""pair_id"": 9, ""dx"": 276.363155141531, ""dy"": 4729.827223557673, ""method"": ""matcher@183m""}, {""pair_id"": 10, ""dx"": -5932.955249036881, ""dy"": 5171.806186868722, ""method"": ""matcher@180m""}, {""pair_id"": 11, ""dx"": -5719.75259501757, ""dy"": 5207.96157786886, ""method"": ""matcher@165m""}, {""pair_id"": 12, ""dx"": -4110.010852911117, ""dy"": 5919.637588512967, ""method"": ""matcher@155m""}, {""pair_id"": 13, ""dx"": -6685.496323529413, ""dy"": 5215.844801682717, ""method"": ""matcher@183m""}, {""pair_id"": 14, ""dx"": -5849.759444396244, ""dy"": 4992.369798612948, ""method"": ""matcher@181m""}, {""pair_id"": 15, ""dx"": -5926.550518303302, ""dy"": 5059.7172579354665, ""method"": ""matcher@181m""}, {""pair_id"": 16, ""dx"": -6118.917581106856, ""dy"": 5114.633394277567, ""method"": ""matcher@145m""}, {""pair_id"": 17, ""dx"": -6807.1967709056335, ""dy"": 5152.097770487046, ""method"": ""matcher@145m""}, {""pair_id"": 18, ""dx"": -7630.176476295674, ""dy"": 5151.7014508928405, ""method"": ""matcher@91m""}, {""pair_id"": 19, ""dx"": -7444.487998566998, ""dy"": 5213.848042582424, ""method"": ""matcher@91m""}, {""pair_id"": 20, ""dx"": -10415.096845358406, ""dy"": 6530.5911945812695, ""method"": ""matcher@109m""}, {""pair_id"": 21, ""dx"": -6678.621349109907, ""dy"": 5173.323677195249, ""method"": ""from-pair-13""}, {""pair_id"": 22, ""dx"": -5091.974664312716, ""dy"": 4905.762457858069, ""method"": ""from-pair-14""}]",24981.0,595.53,"PROJCS[""unnamed"",GEOGCS[""WGS 84"",DATUM[""WGS_1984"",SPHEROID[""WGS 84"",6378137,298.25722293287,AUTHORITY[""EPSG"",""7030""]],AUTHORITY[""EPSG"",""6326""]],PRIMEM[""Greenwich"",0],UNIT[""degree"",0.0174532925199433,AUTHORITY[""EPSG"",""9122""]],AUTHORITY[""EPSG"",""4326""]],PROJECTION[""Lambert_Conformal_Conic_2SP""],PARAMETER[""latitude_of_origin"",26.3013726155446],PARAMETER[""central_meridian"",56.8207488802833],PARAMETER[""standard_parallel_1"",27.5648260380388],PARAMETER[""standard_parallel_2"",25.0379191930504],PARAMETER[""false_easting"",0],PARAMETER[""false_northing"",0],UNIT[""metre"",1,AUTHORITY[""EPSG"",""9001""]],AXIS[""Easting"",EAST],AXIS[""Northing"",NORTH]]",265.1,16.12,/maintenance/ICIGDev/GPUPOC/output/output299/win3072_nfauto/band1_toL8Ref/filtered_same-res_imw-liftfeat-nn,/maintenance/ICIGDev/GPUPOC/output/output299/win3072_nfauto/band1_toL8Ref/final_same-res_imw-liftfeat-nn,/maintenance/ICIGDev/GPUPOC/output/output299/rival/RIVAL_G1A_MV_G_22SEP2026_260922062424_6_SPLC00GTD_06_1_win3072_nfauto_band1_toL8Ref_imw-liftfeat-nn_internal_r90.csv,/maintenance/ICIGDev/GPUPOC/output/output299/rival/RIVAL_G1A_MV_G_22SEP2026_260922062424_6_SPLC00GTD_06_1_win3072_nfauto_band1_toL8Ref_imw-liftfeat-nn_internal_r90_detail.csv,True,7148.0,24981.0,40.0,-10884.270055970148,4824.035904255317,1519.0448588709696,6827.10205078125,-2751.5972278973986,5146.950876856015,-0.016914498635094657,46867.115509524025,1513.1037415368546,-2352.008910722137,384.57591806189663,-3281.1150501703337,5137.345599867412,5404.551848170348,5156.307735068209,11334.932506214795,internal,322.72430000768406,5.0,71.93089736397523,-48.26249545930641
win3072_nfauto,3072,auto,band1,L8Ref,imw-ripe-nn,ok,,"[{""pair_id"": 1, ""dx"": 889.397, ""dy"": 4479.154, ""method"": ""from-pair-6""}, {""pair_id"": 2, ""dx"": -2196.381, ""dy"": 5962.162, ""method"": ""from-pair-7""}, {""pair_id"": 3, ""dx"": 3739.9920369362517, ""dy"": 5053.6302685796545, ""method"": ""matcher@169m""}, {""pair_id"": 4, ""dx"": 3012.331016313212, ""dy"": 4812.684403525185, ""method"": ""matcher@173m""}, {""pair_id"": 5, ""dx"": 206.13846055565227, ""dy"": 4508.768382352893, ""method"": ""matcher@151m""}, {""pair_id"": 6, ""dx"": 889.3966424940227, ""dy"": 4479.153893977695, ""method"": ""matcher@115m""}, {""pair_id"": 7, ""dx"": -2196.380743666654, ""dy"": 5962.161501746392, ""method"": ""matcher@139m""}, {""pair_id"": 8, ""dx"": 376.2006844546413, ""dy"": 5069.216195913468, ""method"": ""matcher@182m""}, {""pair_id"": 9, ""dx"": -4502.876439442101, ""dy"": 4910.367138284826, ""method"": ""matcher@183m""}, {""pair_id"": 10, ""dx"": -6073.730795876894, ""dy"": 5203.346848198707, ""method"": ""matcher@180m""}, {""pair_id"": 11, ""dx"": -5582.1605924088, ""dy"": 5243.29395151214, ""method"": ""matcher@165m""}, {""pair_id"": 12, ""dx"": -5196.9862673186435, ""dy"": 5795.23463936898, ""method"": ""matcher@155m""}, {""pair_id"": 13, ""dx"": -6471.477368344444, ""dy"": 5370.095784856632, ""method"": ""matcher@183m""}, {""pair_id"": 14, ""dx"": -4475.579313132403, ""dy"": 4887.241999761289, ""method"": ""matcher@181m""}, {""pair_id"": 15, ""dx"": -4563.101350178673, ""dy"": 4791.669169532906, ""method"": ""matcher@181m""}, {""pair_id"": 16, ""dx"": -6252.519549782373, ""dy"": 5150.9652601522685, ""method"": ""matcher@145m""}, {""pair_id"": 17, ""dx"": -6182.014291421467, ""dy"": 5146.249330024497, ""method"": ""matcher@145m""}, {""pair_id"": 18, ""dx"": -7210.583538478548, ""dy"": 5179.199921150993, ""method"": ""phasecorr@91m""}, {""pair_id"": 19, ""dx"": -7628.303067908593, ""dy"": 5202.346918860159, ""method"": ""matcher@91m""}, {""pair_id"": 20, ""dx"": -10521.317064734234, ""dy"": 6531.118724529282, ""method"": ""matcher@109m""}, {""pair_id"": 21, ""dx"": -9847.943181818177, ""dy"": 5891.767316599158, ""method"": ""matcher@167m""}, {""pair_id"": 22, ""dx"": -4475.046232652969, ""dy"": 4887.242, ""method"": ""from-pair-14""}]",3380.0,595.54,"PROJCS[""unnamed"",GEOGCS[""WGS 84"",DATUM[""WGS_1984"",SPHEROID[""WGS 84"",6378137,298.25722293287,AUTHORITY[""EPSG"",""7030""]],AUTHORITY[""EPSG"",""6326""]],PRIMEM[""Greenwich"",0],UNIT[""degree"",0.0174532925199433,AUTHORITY[""EPSG"",""9122""]],AUTHORITY[""EPSG"",""4326""]],PROJECTION[""Lambert_Conformal_Conic_2SP""],PARAMETER[""latitude_of_origin"",26.3013726155446],PARAMETER[""central_meridian"",56.8207488802833],PARAMETER[""standard_parallel_1"",27.5648260380388],PARAMETER[""standard_parallel_2"",25.0379191930504],PARAMETER[""false_easting"",0],PARAMETER[""false_northing"",0],UNIT[""metre"",1,AUTHORITY[""EPSG"",""9001""]],AXIS[""Easting"",EAST],AXIS[""Northing"",NORTH]]",245.0,32.69,/maintenance/ICIGDev/GPUPOC/output/output299/win3072_nfauto/band1_toL8Ref/filtered_same-res_imw-ripe-nn,/maintenance/ICIGDev/GPUPOC/output/output299/win3072_nfauto/band1_toL8Ref/final_same-res_imw-ripe-nn,/maintenance/ICIGDev/GPUPOC/output/output299/rival/RIVAL_G1A_MV_G_22SEP2026_260922062424_6_SPLC00GTD_06_1_win3072_nfauto_band1_toL8Ref_imw-ripe-nn_internal_r90.csv,/maintenance/ICIGDev/GPUPOC/output/output299/rival/RIVAL_G1A_MV_G_22SEP2026_260922062424_6_SPLC00GTD_06_1_win3072_nfauto_band1_toL8Ref_imw-ripe-nn_internal_r90_detail.csv,True,3334.0,3380.0,33.0,-10908.376350402832,4587.901611328125,4316.94580078125,6776.08154296875,-3462.20711825444,5058.935178982436,-0.0017587109680436384,46714.328372593605,1316.895403543079,-2164.9396714714367,411.04736829345546,-3440.573944624985,5061.840529816553,5132.74410895649,5079.299445131625,10957.672792794128,internal,292.1166014797886,5.0,144.97256993145638,-122.87095358939004
win3072_nfauto,3072,auto,band1,L8Ref,imw-darkfeat-nn,ok,,"[{""pair_id"": 1, ""dx"": 1116.397, ""dy"": 4479.055, ""method"": ""from-pair-6""}, {""pair_id"": 2, ""dx"": 3415.05500701681, ""dy"": 5990.4537988544325, ""method"": ""matcher@91m""}, {""pair_id"": 3, ""dx"": 3533.3924170020036, ""dy"": 5082.11329734922, ""method"": ""matcher@169m""}, {""pair_id"": 4, ""dx"": 3152.9103037062596, ""dy"": 4807.370139208444, ""method"": ""matcher@173m""}, {""pair_id"": 5, ""dx"": 374.44776119402377, ""dy"": 4517.026240872394, ""method"": ""matcher@151m""}, {""pair_id"": 6, ""dx"": 1116.3968907776434, ""dy"": 4479.055147058854, ""method"": ""matcher@115m""}, {""pair_id"": 7, ""dx"": -2581.1577634162277, ""dy"": 6037.650428921552, ""method"": ""matcher@139m""}, {""pair_id"": 8, ""dx"": 2883.8165680473467, ""dy"": 5067.928936298078, ""method"": ""matcher@182m""}, {""pair_id"": 9, ""dx"": -4592.975600338774, ""dy"": 4912.109675480751, ""method"": ""matcher@183m""}, {""pair_id"": 10, ""dx"": -6217.573782333522, ""dy"": 5151.948232323237, ""method"": ""matcher@180m""}, {""pair_id"": 11, ""dx"": -4667.7390809645585, ""dy"": 5272.969518442638, ""method"": ""matcher@165m""}, {""pair_id"": 12, ""dx"": -5197.321246169551, ""dy"": 5792.121361132944, ""method"": ""matcher@155m""}, {""pair_id"": 13, ""dx"": -6816.746323529398, ""dy"": 5097.855018028873, ""method"": ""matcher@183m""}, {""pair_id"": 14, ""dx"": -4489.416529319933, ""dy"": 4906.1658108829, ""method"": ""matcher@181m""}, {""pair_id"": 15, ""dx"": -4727.878372224208, ""dy"": 4794.75493464926, ""method"": ""matcher@181m""}, {""pair_id"": 16, ""dx"": -6248.958134541972, ""dy"": 5165.7981105107465, ""method"": ""matcher@145m""}, {""pair_id"": 17, ""dx"": -7399.190286693265, ""dy"": 5221.837770224083, ""method"": ""matcher@145m""}, {""pair_id"": 18, ""dx"": -7447.691776630047, ""dy"": 5150.713985233509, ""method"": ""matcher@91m""}, {""pair_id"": 19, ""dx"": -7537.652480893259, ""dy"": 5205.769831730751, ""method"": ""matcher@91m""}, {""pair_id"": 20, ""dx"": -10607.609868216445, ""dy"": 6642.298245073849, ""method"": ""matcher@109m""}, {""pair_id"": 21, ""dx"": -10056.73295454547, ""dy"": 5878.647065514102, ""method"": ""matcher@167m""}, {""pair_id"": 22, ""dx"": -4489.417, ""dy"": 4906.166, ""method"": ""from-pair-14""}]",8839.0,595.55,"PROJCS[""unnamed"",GEOGCS[""WGS 84"",DATUM[""WGS_1984"",SPHEROID[""WGS 84"",6378137,298.25722293287,AUTHORITY[""EPSG"",""7030""]],AUTHORITY[""EPSG"",""6326""]],PRIMEM[""Greenwich"",0],UNIT[""degree"",0.0174532925199433,AUTHORITY[""EPSG"",""9122""]],AUTHORITY[""EPSG"",""4326""]],PROJECTION[""Lambert_Conformal_Conic_2SP""],PARAMETER[""latitude_of_origin"",26.3013726155446],PARAMETER[""central_meridian"",56.8207488802833],PARAMETER[""standard_parallel_1"",27.5648260380388],PARAMETER[""standard_parallel_2"",25.0379191930504],PARAMETER[""false_easting"",0],PARAMETER[""false_northing"",0],UNIT[""metre"",1,AUTHORITY[""EPSG"",""9001""]],AXIS[""Easting"",EAST],AXIS[""Northing"",NORTH]]",201.2,17.68,/maintenance/ICIGDev/GPUPOC/output/output299/win3072_nfauto/band1_toL8Ref/filtered_same-res_imw-darkfeat-nn,/maintenance/ICIGDev/GPUPOC/output/output299/win3072_nfauto/band1_toL8Ref/final_same-res_imw-darkfeat-nn,/maintenance/ICIGDev/GPUPOC/output/output299/rival/RIVAL_G1A_MV_G_22SEP2026_260922062424_6_SPLC00GTD_06_1_win3072_nfauto_band1_toL8Ref_imw-darkfeat-nn_internal_r90.csv,/maintenance/ICIGDev/GPUPOC/output/output299/rival/RIVAL_G1A_MV_G_22SEP2026_260922062424_6_SPLC00GTD_06_1_win3072_nfauto_band1_toL8Ref_imw-darkfeat-nn_internal_r90_detail.csv,True,5250.0,8839.0,39.0,-10806.999530075176,5075.514431877586,-4106.107177734404,6960.531005859346,-3119.155709548442,4985.797710711343,0.010484497740995918,46296.503190896095,1283.916963405232,-2162.4365187988046,497.01653905517065,-3354.2301407314767,5045.996575582425,5384.699887414347,5073.944869348516,11227.078441564983,internal,416.26600033649265,5.0,161.64701374966552,-185.31396823945616
win3072_nfauto,3072,auto,band1,L8Ref,imw-lanet-nn,ok,,"[{""pair_id"": 1, ""dx"": 1108.114, ""dy"": 4501.829, ""method"": ""from-pair-6""}, {""pair_id"": 2, ""dx"": 3841.736655196859, ""dy"": 5246.444485072425, ""method"": ""matcher@91m""}, {""pair_id"": 3, ""dx"": 3738.2349153479736, ""dy"": 4971.860083932494, ""method"": ""matcher@169m""}, {""pair_id"": 4, ""dx"": 2655.416426153126, ""dy"": 4897.0879041478765, ""method"": ""matcher@173m""}, {""pair_id"": 5, ""dx"": 819.2319488896173, ""dy"": 4513.625020937296, ""method"": ""matcher@151m""}, {""pair_id"": 6, ""dx"": 1108.1143459344603, ""dy"": 4501.829112427862, ""method"": ""matcher@115m""}, {""pair_id"": 7, ""dx"": 2027.7131117011595, ""dy"": 5079.666492973251, ""method"": ""matcher@139m""}, {""pair_id"": 8, ""dx"": 1304.1830770426604, ""dy"": 5070.531338081928, ""method"": ""matcher@182m""}, {""pair_id"": 9, ""dx"": 181.5970606697374, ""dy"": 4717.084219182972, ""method"": ""matcher@183m""}, {""pair_id"": 10, ""dx"": -5966.736003650447, ""dy"": 5170.519548586468, ""method"": ""matcher@180m""}, {""pair_id"": 11, ""dx"": -5660.618908353128, ""dy"": 5261.431775265824, ""method"": ""matcher@165m""}, {""pair_id"": 12, ""dx"": -4116.4568390240165, ""dy"": 5966.343928925853, ""method"": ""matcher@155m""}, {""pair_id"": 13, ""dx"": -6583.571156457576, ""dy"": 5266.07970552583, ""method"": ""matcher@183m""}, {""pair_id"": 14, ""dx"": -4553.596349186177, ""dy"": 4858.757842745748, ""method"": ""matcher@181m""}, {""pair_id"": 15, ""dx"": -5933.875448157858, ""dy"": 5055.963875199814, ""method"": ""matcher@181m""}, {""pair_id"": 16, ""dx"": -6075.587414446301, ""dy"": 5149.783963146736, ""method"": ""matcher@145m""}, {""pair_id"": 17, ""dx"": -6159.3114747530635, ""dy"": 5168.361160332672, ""method"": ""matcher@145m""}, {""pair_id"": 18, ""dx"": -7380.753994451588, ""dy"": 5179.589306281414, ""method"": ""matcher@91m""}, {""pair_id"": 19, ""dx"": -7433.480923404546, ""dy"": 5205.903095190064, ""method"": ""matcher@91m""}, {""pair_id"": 20, ""dx"": -10448.513075232317, ""dy"": 6571.307298176282, ""method"": ""matcher@109m""}, {""pair_id"": 21, ""dx"": -9799.543211154742, ""dy"": 5874.62430223031, ""method"": ""matcher@167m""}, {""pair_id"": 22, ""dx"": -4540.2150279218295, ""dy"": 4857.247336611257, ""method"": ""from-pair-14""}]",31548.0,595.56,"PROJCS[""unnamed"",GEOGCS[""WGS 84"",DATUM[""WGS_1984"",SPHEROID[""WGS 84"",6378137,298.25722293287,AUTHORITY[""EPSG"",""7030""]],AUTHORITY[""EPSG"",""6326""]],PRIMEM[""Greenwich"",0],UNIT[""degree"",0.0174532925199433,AUTHORITY[""EPSG"",""9122""]],AUTHORITY[""EPSG"",""4326""]],PROJECTION[""Lambert_Conformal_Conic_2SP""],PARAMETER[""latitude_of_origin"",26.3013726155446],PARAMETER[""central_meridian"",56.8207488802833],PARAMETER[""standard_parallel_1"",27.5648260380388],PARAMETER[""standard_parallel_2"",25.0379191930504],PARAMETER[""false_easting"",0],PARAMETER[""false_northing"",0],UNIT[""metre"",1,AUTHORITY[""EPSG"",""9001""]],AXIS[""Easting"",EAST],AXIS[""Northing"",NORTH]]",214.7,32.81,/maintenance/ICIGDev/GPUPOC/output/output299/win3072_nfauto/band1_toL8Ref/filtered_same-res_imw-lanet-nn,/maintenance/ICIGDev/GPUPOC/output/output299/win3072_nfauto/band1_toL8Ref/final_same-res_imw-lanet-nn,/maintenance/ICIGDev/GPUPOC/output/output299/rival/RIVAL_G1A_MV_G_22SEP2026_260922062424_6_SPLC00GTD_06_1_win3072_nfauto_band1_toL8Ref_imw-lanet-nn_internal_r90.csv,/maintenance/ICIGDev/GPUPOC/output/output299/rival/RIVAL_G1A_MV_G_22SEP2026_260922062424_6_SPLC00GTD_06_1_win3072_nfauto_band1_toL8Ref_imw-lanet-nn_internal_r90_detail.csv,True,7214.0,31548.0,41.0,-10893.607635498047,5146.23779296875,-20674.9951171875,56536.62506103517,-2886.9906672315024,5106.373857219392,-0.011871985470319183,46855.88420315464,1481.8306431718058,-2293.4112059684603,575.8270798899822,-3066.8363227836307,5118.678206864704,5232.636468706372,5220.006257908264,11215.693833409121,internal,322.7438911890019,5.0,120.85303421664776,-51.11825951324918
win3072_nfauto,3072,auto,band1,L8Ref,imw-aliked-adalam,failed,AssertionError: Missing key scales0 in data,,,595.58,"PROJCS[""unnamed"",GEOGCS[""WGS 84"",DATUM[""WGS_1984"",SPHEROID[""WGS 84"",6378137,298.25722293287,AUTHORITY[""EPSG"",""7030""]],AUTHORITY[""EPSG"",""6326""]],PRIMEM[""Greenwich"",0],UNIT[""degree"",0.0174532925199433,AUTHORITY[""EPSG"",""9122""]],AUTHORITY[""EPSG"",""4326""]],PROJECTION[""Lambert_Conformal_Conic_2SP""],PARAMETER[""latitude_of_origin"",26.3013726155446],PARAMETER[""central_meridian"",56.8207488802833],PARAMETER[""standard_parallel_1"",27.5648260380388],PARAMETER[""standard_parallel_2"",25.0379191930504],PARAMETER[""false_easting"",0],PARAMETER[""false_northing"",0],UNIT[""metre"",1,AUTHORITY[""EPSG"",""9001""]],AXIS[""Easting"",EAST],AXIS[""Northing"",NORTH]]",0.2,0.7,,,,,,,,,,,,,,,,,,,,,,,,,,,,,
win3072_nfauto,3072,auto,band1,L8Ref,imw-minima-loftr,ok,,"[{""pair_id"": 1, ""dx"": 86.379, ""dy"": 4488.468, ""method"": ""from-pair-6""}, {""pair_id"": 2, ""dx"": -2754.64, ""dy"": 6015.479, ""method"": ""from-pair-7""}, {""pair_id"": 3, ""dx"": 3191.054782353978, ""dy"": 5014.58178135801, ""method"": ""phasecorr@169m""}, {""pair_id"": 4, ""dx"": 2209.187890901098, ""dy"": 4488.437886113461, ""method"": ""phasecorr@173m""}, {""pair_id"": 5, ""dx"": 86.379, ""dy"": 4488.468, ""method"": ""from-pair-6""}, {""pair_id"": 6, ""dx"": 86.37852008676418, ""dy"": 4488.467974276864, ""method"": ""matcher@115m""}, {""pair_id"": 7, ""dx"": -2754.6395815961077, ""dy"": 6015.47943315134, ""method"": ""matcher@139m""}, {""pair_id"": 8, ""dx"": -2944.1555202325544, ""dy"": 5975.690915767962, ""method"": ""matcher@182m""}, {""pair_id"": 9, ""dx"": -4544.711172566014, ""dy"": 4667.08012272184, ""method"": ""matcher@183m""}, {""pair_id"": 10, ""dx"": -6084.7748098243865, ""dy"": 4960.49147495997, ""method"": ""matcher@180m""}, {""pair_id"": 11, ""dx"": -6959.125128315383, ""dy"": 5246.632378416456, ""method"": ""matcher@165m""}, {""pair_id"": 12, ""dx"": -6905.57467920101, ""dy"": 6062.624080550304, ""method"": ""matcher@155m""}, {""pair_id"": 13, ""dx"": -7274.992919814467, ""dy"": 5771.016364680021, ""method"": ""matcher@183m""}, {""pair_id"": 14, ""dx"": -7466.844501318788, ""dy"": 4766.010887015727, ""method"": ""matcher@181m""}, {""pair_id"": 15, ""dx"": -7510.700552746544, ""dy"": 4898.588459914081, ""method"": ""matcher@181m""}, {""pair_id"": 16, ""dx"": -9375.402026596392, ""dy"": 5261.338772227296, ""method"": ""matcher@145m""}, {""pair_id"": 17, ""dx"": -9264.671092719538, ""dy"": 4903.332413543554, ""method"": ""matcher@145m""}, {""pair_id"": 18, ""dx"": -7210.583538478548, ""dy"": 5179.199921150993, ""method"": ""phasecorr@91m""}, {""pair_id"": 19, ""dx"": -7184.670745758923, ""dy"": 5189.932108886132, ""method"": ""phasecorr@91m""}, {""pair_id"": 20, ""dx"": -6905.575, ""dy"": 6062.624, ""method"": ""from-pair-12""}, {""pair_id"": 21, ""dx"": -10043.550334601168, ""dy"": 6106.607083804847, ""method"": ""matcher@167m""}, {""pair_id"": 22, ""dx"": -8083.430218886651, ""dy"": 5160.10588149121, ""method"": ""from-pair-14""}]",46.0,595.58,"PROJCS[""unnamed"",GEOGCS[""WGS 84"",DATUM[""WGS_1984"",SPHEROID[""WGS 84"",6378137,298.25722293287,AUTHORITY[""EPSG"",""7030""]],AUTHORITY[""EPSG"",""6326""]],PRIMEM[""Greenwich"",0],UNIT[""degree"",0.0174532925199433,AUTHORITY[""EPSG"",""9122""]],AUTHORITY[""EPSG"",""4326""]],PROJECTION[""Lambert_Conformal_Conic_2SP""],PARAMETER[""latitude_of_origin"",26.3013726155446],PARAMETER[""central_meridian"",56.8207488802833],PARAMETER[""standard_parallel_1"",27.5648260380388],PARAMETER[""standard_parallel_2"",25.0379191930504],PARAMETER[""false_easting"",0],PARAMETER[""false_northing"",0],UNIT[""metre"",1,AUTHORITY[""EPSG"",""9001""]],AXIS[""Easting"",EAST],AXIS[""Northing"",NORTH]]",358.8,38.58,/maintenance/ICIGDev/GPUPOC/output/output299/win3072_nfauto/band1_toL8Ref/filtered_same-res_imw-minima-loftr,/maintenance/ICIGDev/GPUPOC/output/output299/win3072_nfauto/band1_toL8Ref/final_same-res_imw-minima-loftr,/maintenance/ICIGDev/GPUPOC/output/output299/rival/RIVAL_G1A_MV_G_22SEP2026_260922062424_6_SPLC00GTD_06_1_win3072_nfauto_band1_toL8Ref_imw-minima-loftr_internal_r90.csv,/maintenance/ICIGDev/GPUPOC/output/output299/rival/RIVAL_G1A_MV_G_22SEP2026_260922062424_6_SPLC00GTD_06_1_win3072_nfauto_band1_toL8Ref_imw-minima-loftr_internal_r90_detail.csv,True,46.0,46.0,1.0,-10878.028335571289,-9691.300964355483,6410.577392578096,6816.908798217773,-10407.955963300623,6601.0037762185775,-0.2512488999309279,53802.4975128657,7601.429739600638,-6053.077197438508,95.90097287318697,-10407.955963300623,6601.0037762185775,10410.527603222934,6601.879131500153,18706.172083829464,internal,,0.0,,
win3072_nfauto,3072,auto,band1,L8Ref,imw-minima-roma,ok,,"[{""pair_id"": 1, ""dx"": -34884.1094390818, ""dy"": 8142.280182396818, ""method"": ""matcher@90m""}, {""pair_id"": 2, ""dx"": 3761.667779479176, ""dy"": 5315.753534220596, ""method"": ""matcher@91m""}, {""pair_id"": 3, ""dx"": 4016.7680894284567, ""dy"": 4870.547509603872, ""method"": ""matcher@169m""}, {""pair_id"": 4, ""dx"": 3132.432103698957, ""dy"": 4852.3799770861515, ""method"": ""matcher@173m""}, {""pair_id"": 5, ""dx"": 1946.7990258017599, ""dy"": 5051.034210588172, ""method"": ""matcher@151m""}, {""pair_id"": 6, ""dx"": 143.17898457628326, ""dy"": 4538.3265494549705, ""method"": ""matcher@115m""}, {""pair_id"": 7, ""dx"": 98.397, ""dy"": 5189.464, ""method"": ""matcher@139m""}, {""pair_id"": 8, ""dx"": 613.96058313713, ""dy"": 5021.677131276854, ""method"": ""matcher@182m""}, {""pair_id"": 9, ""dx"": 292.75497801299207, ""dy"": 4674.544332561731, ""method"": ""matcher@183m""}, {""pair_id"": 10, ""dx"": -6054.710114799294, ""dy"": 5185.428702898629, ""method"": ""matcher@180m""}, {""pair_id"": 11, ""dx"": -5699.108245918309, ""dy"": 5216.703388541908, ""method"": ""matcher@165m""}, {""pair_id"": 12, ""dx"": -4174.218959938822, ""dy"": 5914.611878146767, ""method"": ""matcher@155m""}, {""pair_id"": 13, ""dx"": -7837.32376879955, ""dy"": 5386.160032779706, ""method"": ""matcher@183m""}, {""pair_id"": 14, ""dx"": -6508.16121625129, ""dy"": 4983.69855904, ""method"": ""matcher@181m""}, {""pair_id"": 15, ""dx"": -6400.415670570073, ""dy"": 5010.099742146456, ""method"": ""matcher@181m""}, {""pair_id"": 16, ""dx"": -8875.036498302798, ""dy"": 5147.821741119667, ""method"": ""matcher@145m""}, {""pair_id"": 17, ""dx"": -8902.992782221205, ""dy"": 5158.276073892979, ""method"": ""matcher@145m""}, {""pair_id"": 18, ""dx"": -6405.988243725369, ""dy"": 5113.590009296138, ""method"": ""matcher@91m""}, {""pair_id"": 19, ""dx"": -7184.670745758923, ""dy"": 5189.932108886132, ""method"": ""phasecorr@91m""}, {""pair_id"": 20, ""dx"": -10352.361017690186, ""dy"": 6564.797965263948, ""method"": ""matcher@109m""}, {""pair_id"": 21, ""dx"": 31601.42026555429, ""dy"": 17667.027385581314, ""method"": ""matcher@167m""}, {""pair_id"": 22, ""dx"": -6507.179344871898, ""dy"": 4960.303742266999, ""method"": ""from-pair-14""}]",71392.0,595.58,"PROJCS[""unnamed"",GEOGCS[""WGS 84"",DATUM[""WGS_1984"",SPHEROID[""WGS 84"",6378137,298.25722293287,AUTHORITY[""EPSG"",""7030""]],AUTHORITY[""EPSG"",""6326""]],PRIMEM[""Greenwich"",0],UNIT[""degree"",0.0174532925199433,AUTHORITY[""EPSG"",""9122""]],AUTHORITY[""EPSG"",""4326""]],PROJECTION[""Lambert_Conformal_Conic_2SP""],PARAMETER[""latitude_of_origin"",26.3013726155446],PARAMETER[""central_meridian"",56.8207488802833],PARAMETER[""standard_parallel_1"",27.5648260380388],PARAMETER[""standard_parallel_2"",25.0379191930504],PARAMETER[""false_easting"",0],PARAMETER[""false_northing"",0],UNIT[""metre"",1,AUTHORITY[""EPSG"",""9001""]],AXIS[""Easting"",EAST],AXIS[""Northing"",NORTH]]",242.2,34.02,/maintenance/ICIGDev/GPUPOC/output/output299/win3072_nfauto/band1_toL8Ref/filtered_same-res_imw-minima-roma,/maintenance/ICIGDev/GPUPOC/output/output299/win3072_nfauto/band1_toL8Ref/final_same-res_imw-minima-roma,/maintenance/ICIGDev/GPUPOC/output/output299/rival/RIVAL_G1A_MV_G_22SEP2026_260922062424_6_SPLC00GTD_06_1_win3072_nfauto_band1_toL8Ref_imw-minima-roma_internal_r90.csv,/maintenance/ICIGDev/GPUPOC/output/output299/rival/RIVAL_G1A_MV_G_22SEP2026_260922062424_6_SPLC00GTD_06_1_win3072_nfauto_band1_toL8Ref_imw-minima-roma_internal_r90_detail.csv,True,8015.0,71392.0,41.0,-11090.388221740723,6280.183410644531,4204.9017333984375,35248.64776611328,-3085.634286593097,5142.956930672669,0.035770411458701606,46757.61437222494,573.7711820780883,-1460.8125636095344,1475.776530174853,-2980.9236421816363,5789.828431203822,5369.790300998659,7121.312909673773,13534.077449386454,internal,341.29843447464395,5.0,188.14183903322163,-112.67662229993512
win3072_nfauto,3072,auto,band1,L8Ref,imw-xoftr,ok,,"[{""pair_id"": 1, ""dx"": 702.806, ""dy"": 4531.93, ""method"": ""from-pair-6""}, {""pair_id"": 2, ""dx"": 909.861, ""dy"": 5183.909, ""method"": ""from-pair-7""}, {""pair_id"": 3, ""dx"": 3833.437782382447, ""dy"": 4941.269976153984, ""method"": ""matcher@169m""}, {""pair_id"": 4, ""dx"": 3945.186959635568, ""dy"": 4590.690060569759, ""method"": ""matcher@173m""}, {""pair_id"": 5, ""dx"": 702.806, ""dy"": 4531.93, ""method"": ""from-pair-6""}, {""pair_id"": 6, ""dx"": 702.8063313155144, ""dy"": 4531.930181768024, ""method"": ""matcher@115m""}, {""pair_id"": 7, ""dx"": 909.8610625894653, ""dy"": 5183.908589349012, ""method"": ""matcher@139m""}, {""pair_id"": 8, ""dx"": 1436.7051424932433, ""dy"": 5065.925826787949, ""method"": ""matcher@182m""}, {""pair_id"": 9, ""dx"": 126.05671493266709, ""dy"": 4706.35916410233, ""method"": ""matcher@183m""}, {""pair_id"": 10, ""dx"": -6169.408933028855, ""dy"": 5181.267160689662, ""method"": ""matcher@180m""}, {""pair_id"": 11, ""dx"": -5951.249511678267, ""dy"": 5211.452381921088, ""method"": ""matcher@165m""}, {""pair_id"": 12, ""dx"": -6305.874384066425, ""dy"": 5882.62369202351, ""method"": ""matcher@155m""}, {""pair_id"": 13, ""dx"": -9237.598479299326, ""dy"": 5773.935874494724, ""method"": ""matcher@183m""}, {""pair_id"": 14, ""dx"": -9015.794868722558, ""dy"": 5179.350023879393, ""method"": ""matcher@181m""}, {""pair_id"": 15, ""dx"": -9065.046943131048, ""dy"": 5210.756956176192, ""method"": ""matcher@181m""}, {""pair_id"": 16, ""dx"": -7171.742147074707, ""dy"": 5174.210300542996, ""method"": ""matcher@145m""}, {""pair_id"": 17, ""dx"": -6992.90014346235, ""dy"": 5205.862879701483, ""method"": ""matcher@145m""}, {""pair_id"": 18, ""dx"": -7210.583538478548, ""dy"": 5179.199921150993, ""method"": ""phasecorr@91m""}, {""pair_id"": 19, ""dx"": -7184.670745758923, ""dy"": 5189.932108886132, ""method"": ""phasecorr@91m""}, {""pair_id"": 20, ""dx"": -6305.874, ""dy"": 5882.624, ""method"": ""from-pair-12""}, {""pair_id"": 21, ""dx"": -8001.314902336484, ""dy"": 5444.329922612082, ""method"": ""from-pair-13""}, {""pair_id"": 22, ""dx"": 34584.15501417521, ""dy"": 1117.5246209327634, ""method"": ""matcher@128m""}]",3006.0,595.6,"PROJCS[""unnamed"",GEOGCS[""WGS 84"",DATUM[""WGS_1984"",SPHEROID[""WGS 84"",6378137,298.25722293287,AUTHORITY[""EPSG"",""7030""]],AUTHORITY[""EPSG"",""6326""]],PRIMEM[""Greenwich"",0],UNIT[""degree"",0.0174532925199433,AUTHORITY[""EPSG"",""9122""]],AUTHORITY[""EPSG"",""4326""]],PROJECTION[""Lambert_Conformal_Conic_2SP""],PARAMETER[""latitude_of_origin"",26.3013726155446],PARAMETER[""central_meridian"",56.8207488802833],PARAMETER[""standard_parallel_1"",27.5648260380388],PARAMETER[""standard_parallel_2"",25.0379191930504],PARAMETER[""false_easting"",0],PARAMETER[""false_northing"",0],UNIT[""metre"",1,AUTHORITY[""EPSG"",""9001""]],AXIS[""Easting"",EAST],AXIS[""Northing"",NORTH]]",222.5,37.91,/maintenance/ICIGDev/GPUPOC/output/output299/win3072_nfauto/band1_toL8Ref/filtered_same-res_imw-xoftr,/maintenance/ICIGDev/GPUPOC/output/output299/win3072_nfauto/band1_toL8Ref/final_same-res_imw-xoftr,/maintenance/ICIGDev/GPUPOC/output/output299/rival/RIVAL_G1A_MV_G_22SEP2026_260922062424_6_SPLC00GTD_06_1_win3072_nfauto_band1_toL8Ref_imw-xoftr_internal_r90.csv,/maintenance/ICIGDev/GPUPOC/output/output299/rival/RIVAL_G1A_MV_G_22SEP2026_260922062424_6_SPLC00GTD_06_1_win3072_nfauto_band1_toL8Ref_imw-xoftr_internal_r90_detail.csv,True,1335.0,3006.0,20.0,-37793.239974975586,40635.645446777344,-67241.94763183594,37216.84638977054,-607.1830135619568,4816.191019497944,0.26954988147674025,6313.177314368378,-3391.591345120699,9677.991760450817,7278.242674390117,-964.7697770408032,4702.701028330942,7334.1700916364925,9427.678028041393,18125.20060580614,internal,13389.314396679538,5.0,8397.772681001965,2564.3576315301916
win3072_nfauto,3072,auto,band1,L8Ref,imw-omniglue,ok,,"[{""pair_id"": 1, ""dx"": 1118.723, ""dy"": 4477.467, ""method"": ""from-pair-6""}, {""pair_id"": 2, ""dx"": 3881.5443313953583, ""dy"": 5497.356595350371, ""method"": ""matcher@91m""}, {""pair_id"": 3, ""dx"": 3896.72554074449, ""dy"": 4941.118250046857, ""method"": ""matcher@169m""}, {""pair_id"": 4, ""dx"": 3152.5837551475706, ""dy"": 4748.681690059777, ""method"": ""matcher@173m""}, {""pair_id"": 5, ""dx"": 2605.445895522367, ""dy"": 4472.197866052244, ""method"": ""matcher@151m""}, {""pair_id"": 6, ""dx"": 1118.722645863847, ""dy"": 4477.466911764699, ""method"": ""matcher@115m""}, {""pair_id"": 7, ""dx"": 333.30188052191806, ""dy"": 5333.634344362741, ""method"": ""matcher@139m""}, {""pair_id"": 8, ""dx"": 372.6479289940835, ""dy"": 4922.971604567327, ""method"": ""matcher@182m""}, {""pair_id"": 9, ""dx"": -4592.722262355521, ""dy"": 4785.823016826878, ""method"": ""matcher@183m""}, {""pair_id"": 10, ""dx"": -5925.603845624675, ""dy"": 5156.802398989908, ""method"": ""matcher@180m""}, {""pair_id"": 11, ""dx"": -5778.981455605244, ""dy"": 5199.683145491799, ""method"": ""matcher@165m""}, {""pair_id"": 12, ""dx"": -4109.73793411642, ""dy"": 5972.409028324124, ""method"": ""matcher@155m""}, {""pair_id"": 13, ""dx"": -7155.386029411777, ""dy"": 5409.354266826951, ""method"": ""matcher@183m""}, {""pair_id"": 14, ""dx"": -4646.862367713395, ""dy"": 4883.847359295796, ""method"": ""matcher@181m""}, {""pair_id"": 15, ""dx"": -4578.998037387282, ""dy"": 4809.772606028288, ""method"": ""matcher@181m""}, {""pair_id"": 16, ""dx"": -6256.085997137372, ""dy"": 5123.109308768122, ""method"": ""matcher@145m""}, {""pair_id"": 17, ""dx"": -6485.434214521156, ""dy"": 5145.04196362826, ""method"": ""matcher@145m""}, {""pair_id"": 18, ""dx"": -7048.57001582277, ""dy"": 5153.018071771978, ""method"": ""matcher@91m""}, {""pair_id"": 19, ""dx"": -7844.630105087184, ""dy"": 5204.154189560446, ""method"": ""matcher@91m""}, {""pair_id"": 20, ""dx"": -9716.939968511913, ""dy"": 5990.004587438394, ""method"": ""matcher@109m""}, {""pair_id"": 21, ""dx"": -7160.2694660081, ""dy"": 5378.175592502705, ""method"": ""from-pair-13""}, {""pair_id"": 22, ""dx"": -4598.385845865231, ""dy"": 4882.812359507126, ""method"": ""from-pair-14""}]",7426.0,595.6,"PROJCS[""unnamed"",GEOGCS[""WGS 84"",DATUM[""WGS_1984"",SPHEROID[""WGS 84"",6378137,298.25722293287,AUTHORITY[""EPSG"",""7030""]],AUTHORITY[""EPSG"",""6326""]],PRIMEM[""Greenwich"",0],UNIT[""degree"",0.0174532925199433,AUTHORITY[""EPSG"",""9122""]],AUTHORITY[""EPSG"",""4326""]],PROJECTION[""Lambert_Conformal_Conic_2SP""],PARAMETER[""latitude_of_origin"",26.3013726155446],PARAMETER[""central_meridian"",56.8207488802833],PARAMETER[""standard_parallel_1"",27.5648260380388],PARAMETER[""standard_parallel_2"",25.0379191930504],PARAMETER[""false_easting"",0],PARAMETER[""false_northing"",0],UNIT[""metre"",1,AUTHORITY[""EPSG"",""9001""]],AXIS[""Easting"",EAST],AXIS[""Northing"",NORTH]]",1764.5,0.15,/maintenance/ICIGDev/GPUPOC/output/output299/win3072_nfauto/band1_toL8Ref/filtered_same-res_imw-omniglue,/maintenance/ICIGDev/GPUPOC/output/output299/win3072_nfauto/band1_toL8Ref/final_same-res_imw-omniglue,/maintenance/ICIGDev/GPUPOC/output/output299/rival/RIVAL_G1A_MV_G_22SEP2026_260922062424_6_SPLC00GTD_06_1_win3072_nfauto_band1_toL8Ref_imw-omniglue_internal_r90.csv,/maintenance/ICIGDev/GPUPOC/output/output299/rival/RIVAL_G1A_MV_G_22SEP2026_260922062424_6_SPLC00GTD_06_1_win3072_nfauto_band1_toL8Ref_imw-omniglue_internal_r90_detail.csv,True,5545.0,7426.0,37.0,-10928.829291044764,4856.070126428269,4296.3134765625,6762.10693359375,-3398.7817138672963,5082.695187818994,-0.00648425345649918,46792.58261302611,1548.3401081277952,-2303.5724009597197,366.75597435040805,-3328.9538172320995,5121.188711831663,5341.672841899125,5139.571500965951,11248.465702694308,internal,331.8260410703995,5.0,137.0124195008224,-115.1822465498044
win3072_nfauto,3072,auto,band1,L8Ref,imw-gim-roma,ok,,"[{""pair_id"": 1, ""dx"": 152.093, ""dy"": 4530.262, ""method"": ""from-pair-6""}, {""pair_id"": 2, ""dx"": 112.266, ""dy"": 5259.227, ""method"": ""from-pair-7""}, {""pair_id"": 3, ""dx"": 4009.429196724377, ""dy"": 4856.8387983268185, ""method"": ""matcher@169m""}, {""pair_id"": 4, ""dx"": 3870.7420866460598, ""dy"": 4700.93819948443, ""method"": ""matcher@173m""}, {""pair_id"": 5, ""dx"": 152.093, ""dy"": 4530.262, ""method"": ""from-pair-6""}, {""pair_id"": 6, ""dx"": 152.0928266634146, ""dy"": 4530.262087864801, ""method"": ""matcher@115m""}, {""pair_id"": 7, ""dx"": 112.266, ""dy"": 5259.227, ""method"": ""matcher@139m""}, {""pair_id"": 8, ""dx"": 625.1609892836277, ""dy"": 5010.629711591289, ""method"": ""matcher@182m""}, {""pair_id"": 9, ""dx"": 321.7173463535146, ""dy"": 4708.881240184826, ""method"": ""matcher@183m""}, {""pair_id"": 10, ""dx"": -5982.177841090335, ""dy"": 5148.7024905865255, ""method"": ""matcher@180m""}, {""pair_id"": 11, ""dx"": -6047.959815189723, ""dy"": 5134.738973994856, ""method"": ""matcher@165m""}, {""pair_id"": 12, ""dx"": -4133.2537873327965, ""dy"": 6001.583282162697, ""method"": ""matcher@155m""}, {""pair_id"": 13, ""dx"": -8885.919531361244, ""dy"": 5525.640643274557, ""method"": ""matcher@183m""}, {""pair_id"": 14, ""dx"": -6083.117351415203, ""dy"": 5027.37566193752, ""method"": ""matcher@181m""}, {""pair_id"": 15, ""dx"": -6089.886012261122, ""dy"": 5062.063834744233, ""method"": ""matcher@181m""}, {""pair_id"": 16, ""dx"": -8884.690660221328, ""dy"": 5115.794670356467, ""method"": ""matcher@145m""}, {""pair_id"": 17, ""dx"": -8905.283990511976, ""dy"": 5161.251967394448, ""method"": ""matcher@145m""}, {""pair_id"": 18, ""dx"": -7210.583538478548, ""dy"": 5179.199921150993, ""method"": ""phasecorr@91m""}, {""pair_id"": 19, ""dx"": -7951.543777124723, ""dy"": 5195.656025834032, ""method"": ""matcher@91m""}, {""pair_id"": 20, ""dx"": -10065.223758986045, ""dy"": 6527.405401300173, ""method"": ""matcher@109m""}, {""pair_id"": 21, ""dx"": -8858.110569358429, ""dy"": 5489.404925930463, ""method"": ""from-pair-13""}, {""pair_id"": 22, ""dx"": -6304.560589433195, ""dy"": 5023.011325554883, ""method"": ""from-pair-14""}]",89680.0,595.61,"PROJCS[""unnamed"",GEOGCS[""WGS 84"",DATUM[""WGS_1984"",SPHEROID[""WGS 84"",6378137,298.25722293287,AUTHORITY[""EPSG"",""7030""]],AUTHORITY[""EPSG"",""6326""]],PRIMEM[""Greenwich"",0],UNIT[""degree"",0.0174532925199433,AUTHORITY[""EPSG"",""9122""]],AUTHORITY[""EPSG"",""4326""]],PROJECTION[""Lambert_Conformal_Conic_2SP""],PARAMETER[""latitude_of_origin"",26.3013726155446],PARAMETER[""central_meridian"",56.8207488802833],PARAMETER[""standard_parallel_1"",27.5648260380388],PARAMETER[""standard_parallel_2"",25.0379191930504],PARAMETER[""false_easting"",0],PARAMETER[""false_northing"",0],UNIT[""metre"",1,AUTHORITY[""EPSG"",""9001""]],AXIS[""Easting"",EAST],AXIS[""Northing"",NORTH]]",244.7,5.48,/maintenance/ICIGDev/GPUPOC/output/output299/win3072_nfauto/band1_toL8Ref/filtered_same-res_imw-gim-roma,/maintenance/ICIGDev/GPUPOC/output/output299/win3072_nfauto/band1_toL8Ref/final_same-res_imw-gim-roma,/maintenance/ICIGDev/GPUPOC/output/output299/rival/RIVAL_G1A_MV_G_22SEP2026_260922062424_6_SPLC00GTD_06_1_win3072_nfauto_band1_toL8Ref_imw-gim-roma_internal_r90.csv,/maintenance/ICIGDev/GPUPOC/output/output299/rival/RIVAL_G1A_MV_G_22SEP2026_260922062424_6_SPLC00GTD_06_1_win3072_nfauto_band1_toL8Ref_imw-gim-roma_internal_r90_detail.csv,True,7800.0,89680.0,39.0,-11131.978425979614,5130.28564453125,4269.012451171875,6903.488616943359,-3146.8536106376187,5047.236389371583,-0.014458573134571264,46970.95595512638,1441.7182275237628,-2471.648386050719,349.40317708153185,-3096.890746518511,5113.346574775072,5388.706255761017,5134.029377489316,11294.201743047555,internal,314.5875673542864,5.0,150.651572960917,-90.69736090235492
win3072_nfauto,3072,auto,band1,L8Ref,imw-gim-dkm,ok,,"[{""pair_id"": 1, ""dx"": -29912.283, ""dy"": 30636.053, ""method"": ""from-pair-6""}, {""pair_id"": 2, ""dx"": -34652.58573541898, ""dy"": 30799.24529476458, ""method"": ""matcher@91m""}, {""pair_id"": 3, ""dx"": 3191.054782353978, ""dy"": 5014.58178135801, ""method"": ""phasecorr@169m""}, {""pair_id"": 4, ""dx"": 2209.187890901098, ""dy"": 4488.437886113461, ""method"": ""phasecorr@173m""}, {""pair_id"": 5, ""dx"": -29912.283, ""dy"": 30636.053, ""method"": ""from-pair-6""}, {""pair_id"": 6, ""dx"": -29912.283253988317, ""dy"": 30636.053166351398, ""method"": ""matcher@115m""}, {""pair_id"": 7, ""dx"": 2324.2962117645657, ""dy"": 4080.949103449413, ""method"": ""matcher@139m""}, {""pair_id"": 8, ""dx"": 34939.83112669263, ""dy"": 4863.274457436346, ""method"": ""matcher@182m""}, {""pair_id"": 9, ""dx"": 19987.582616643776, ""dy"": 4656.745860966184, ""method"": ""matcher@183m""}, {""pair_id"": 10, ""dx"": -34967.077398149835, ""dy"": 4710.440001282914, ""method"": ""matcher@180m""}, {""pair_id"": 11, ""dx"": -5865.393576475247, ""dy"": 5241.253261037192, ""method"": ""phasecorr@165m""}, {""pair_id"": 12, ""dx"": -4103.963312889362, ""dy"": -3946.8287431405042, ""method"": ""matcher@155m""}, {""pair_id"": 13, ""dx"": -6610.201087453341, ""dy"": 4942.747422556326, ""method"": ""phasecorr@183m""}, {""pair_id"": 14, ""dx"": 34484.45341980159, ""dy"": 5079.849465625564, ""method"": ""matcher@181m""}, {""pair_id"": 15, ""dx"": 34482.92004838526, ""dy"": 5115.222277000474, ""method"": ""matcher@181m""}, {""pair_id"": 16, ""dx"": -10646.672388083978, ""dy"": 5103.3221523928005, ""method"": ""matcher@145m""}, {""pair_id"": 17, ""dx"": -9986.725247152746, ""dy"": 5116.230146073707, ""method"": ""matcher@145m""}, {""pair_id"": 18, ""dx"": 23759.06577213577, ""dy"": 25707.64935642836, ""method"": ""matcher@91m""}, {""pair_id"": 19, ""dx"": -7184.670745758923, ""dy"": 5189.932108886132, ""method"": ""phasecorr@91m""}, {""pair_id"": 20, ""dx"": -9470.824380077538, ""dy"": 6469.749159241081, ""method"": ""matcher@109m""}, {""pair_id"": 21, ""dx"": -8372.497929751207, ""dy"": 5749.109350193388, ""method"": ""from-pair-13""}, {""pair_id"": 22, ""dx"": 34585.2024201263, ""dy"": 5059.401879466947, ""method"": ""from-pair-14""}]",54606.0,595.64,"PROJCS[""unnamed"",GEOGCS[""WGS 84"",DATUM[""WGS_1984"",SPHEROID[""WGS 84"",6378137,298.25722293287,AUTHORITY[""EPSG"",""7030""]],AUTHORITY[""EPSG"",""6326""]],PRIMEM[""Greenwich"",0],UNIT[""degree"",0.0174532925199433,AUTHORITY[""EPSG"",""9122""]],AUTHORITY[""EPSG"",""4326""]],PROJECTION[""Lambert_Conformal_Conic_2SP""],PARAMETER[""latitude_of_origin"",26.3013726155446],PARAMETER[""central_meridian"",56.8207488802833],PARAMETER[""standard_parallel_1"",27.5648260380388],PARAMETER[""standard_parallel_2"",25.0379191930504],PARAMETER[""false_easting"",0],PARAMETER[""false_northing"",0],UNIT[""metre"",1,AUTHORITY[""EPSG"",""9001""]],AXIS[""Easting"",EAST],AXIS[""Northing"",NORTH]]",247.5,34.19,/maintenance/ICIGDev/GPUPOC/output/output299/win3072_nfauto/band1_toL8Ref/filtered_same-res_imw-gim-dkm,/maintenance/ICIGDev/GPUPOC/output/output299/win3072_nfauto/band1_toL8Ref/final_same-res_imw-gim-dkm,/maintenance/ICIGDev/GPUPOC/output/output299/rival/RIVAL_G1A_MV_G_22SEP2026_260922062424_6_SPLC00GTD_06_1_win3072_nfauto_band1_toL8Ref_imw-gim-dkm_internal_r90.csv,/maintenance/ICIGDev/GPUPOC/output/output299/rival/RIVAL_G1A_MV_G_22SEP2026_260922062424_6_SPLC00GTD_06_1_win3072_nfauto_band1_toL8Ref_imw-gim-dkm_internal_r90_detail.csv,True,6371.0,54606.0,34.0,-52547.242126464844,50777.9736328125,-3137.7777099609375,43312.22671508789,458.88426687701246,4295.728597977359,-1.0050507693035169,14503.819655724505,5483.119744025606,21716.094294446237,10633.966236344924,-581.9328279664389,5316.155759894928,14385.846478574551,7012.2465350843895,24285.106401484987,internal,11533.778322603432,6.0,17.43925999255892,-1321.2245494111264
win3072_nfauto,3072,auto,band1,L8Ref,imw-eloftr,ok,,"[{""pair_id"": 1, ""dx"": 830.32, ""dy"": 4478.861, ""method"": ""from-pair-6""}, {""pair_id"": 2, ""dx"": 3914.769410543755, ""dy"": 5225.646315023914, ""method"": ""matcher@91m""}, {""pair_id"": 3, ""dx"": 3799.851518439187, ""dy"": 4939.60231621057, ""method"": ""matcher@169m""}, {""pair_id"": 4, ""dx"": 2671.148199978503, ""dy"": 4883.058918068949, ""method"": ""matcher@173m""}, {""pair_id"": 5, ""dx"": 744.9721577944802, ""dy"": 4519.952937581285, ""method"": ""matcher@151m""}, {""pair_id"": 6, ""dx"": 830.3204915386013, ""dy"": 4478.8608825820265, ""method"": ""matcher@115m""}, {""pair_id"": 7, ""dx"": 1924.5178569053678, ""dy"": 5079.212049890921, ""method"": ""matcher@139m""}, {""pair_id"": 8, ""dx"": -693.1813305060932, ""dy"": 4738.77983181295, ""method"": ""matcher@182m""}, {""pair_id"": 9, ""dx"": -333.5549248734169, ""dy"": 4568.573687525815, ""method"": ""matcher@183m""}, {""pair_id"": 10, ""dx"": -5938.860108913686, ""dy"": 5192.640479965659, ""method"": ""matcher@180m""}, {""pair_id"": 11, ""dx"": -6039.3649970845, ""dy"": 5172.929654872278, ""method"": ""matcher@165m""}, {""pair_id"": 12, ""dx"": -3740.394, ""dy"": 5978.089, ""method"": ""matcher@155m""}, {""pair_id"": 13, ""dx"": -8926.789582573445, ""dy"": 5750.038444842721, ""method"": ""matcher@183m""}, {""pair_id"": 14, ""dx"": -5983.692569081504, ""dy"": 4991.556941437084, ""method"": ""matcher@181m""}, {""pair_id"": 15, ""dx"": -5973.105380144523, ""dy"": 5010.638981282536, ""method"": ""matcher@181m""}, {""pair_id"": 16, ""dx"": -6258.417452938826, ""dy"": 5149.050736601057, ""method"": ""matcher@145m""}, {""pair_id"": 17, ""dx"": -6565.282577237216, ""dy"": 5163.548854256922, ""method"": ""matcher@145m""}, {""pair_id"": 18, ""dx"": -7155.035160289684, ""dy"": 5237.513308252557, ""method"": ""matcher@91m""}, {""pair_id"": 19, ""dx"": -7433.925326526281, ""dy"": 5202.303000428976, ""method"": ""matcher@91m""}, {""pair_id"": 20, ""dx"": -9690.04354456684, ""dy"": 5935.810953802196, ""method"": ""matcher@109m""}, {""pair_id"": 21, ""dx"": -9842.026095018693, ""dy"": 5828.231329816539, ""method"": ""matcher@167m""}, {""pair_id"": 22, ""dx"": -5177.677996129401, ""dy"": 4932.875270653196, ""method"": ""from-pair-14""}]",17306.0,595.65,"PROJCS[""unnamed"",GEOGCS[""WGS 84"",DATUM[""WGS_1984"",SPHEROID[""WGS 84"",6378137,298.25722293287,AUTHORITY[""EPSG"",""7030""]],AUTHORITY[""EPSG"",""6326""]],PRIMEM[""Greenwich"",0],UNIT[""degree"",0.0174532925199433,AUTHORITY[""EPSG"",""9122""]],AUTHORITY[""EPSG"",""4326""]],PROJECTION[""Lambert_Conformal_Conic_2SP""],PARAMETER[""latitude_of_origin"",26.3013726155446],PARAMETER[""central_meridian"",56.8207488802833],PARAMETER[""standard_parallel_1"",27.5648260380388],PARAMETER[""standard_parallel_2"",25.0379191930504],PARAMETER[""false_easting"",0],PARAMETER[""false_northing"",0],UNIT[""metre"",1,AUTHORITY[""EPSG"",""9001""]],AXIS[""Easting"",EAST],AXIS[""Northing"",NORTH]]",286.8,38.03,/maintenance/ICIGDev/GPUPOC/output/output299/win3072_nfauto/band1_toL8Ref/filtered_same-res_imw-eloftr,/maintenance/ICIGDev/GPUPOC/output/output299/win3072_nfauto/band1_toL8Ref/final_same-res_imw-eloftr,/maintenance/ICIGDev/GPUPOC/output/output299/rival/RIVAL_G1A_MV_G_22SEP2026_260922062424_6_SPLC00GTD_06_1_win3072_nfauto_band1_toL8Ref_imw-eloftr_internal_r90.csv,/maintenance/ICIGDev/GPUPOC/output/output299/rival/RIVAL_G1A_MV_G_22SEP2026_260922062424_6_SPLC00GTD_06_1_win3072_nfauto_band1_toL8Ref_imw-eloftr_internal_r90_detail.csv,True,2594.0,17306.0,14.0,-10874.538459777832,4782.8814697265625,4339.4183349609375,6772.398376464844,-2151.869041972886,5134.459129521081,-0.03761903696920452,47436.997804713064,1583.9787280168948,-2870.113401724693,317.48311207591814,-3102.77812088648,5202.124359363212,5615.082792998967,5224.692499581703,11638.619502964508,internal,269.4804133657431,5.0,128.14862487939826,-61.03465436788629
win3072_nfauto,3072,auto,band1,L8Ref,imw-aspanformer,ok,,"[{""pair_id"": 1, ""dx"": 828.121, ""dy"": 4445.85, ""method"": ""from-pair-6""}, {""pair_id"": 2, ""dx"": 3867.285612935433, ""dy"": 5262.489721057122, ""method"": ""matcher@91m""}, {""pair_id"": 3, ""dx"": 3811.1247310541803, ""dy"": 4932.276407709636, ""method"": ""matcher@169m""}, {""pair_id"": 4, ""dx"": 2654.1532944869396, ""dy"": 4947.309701155213, ""method"": ""matcher@173m""}, {""pair_id"": 5, ""dx"": 679.1213927792305, ""dy"": 4576.374030365987, ""method"": ""matcher@151m""}, {""pair_id"": 6, ""dx"": 828.1208699942435, ""dy"": 4445.8497236736, ""method"": ""matcher@115m""}, {""pair_id"": 7, ""dx"": 1962.4133793834117, ""dy"": 5063.044084121779, ""method"": ""matcher@139m""}, {""pair_id"": 8, ""dx"": -720.7504412893395, ""dy"": 4765.508536192108, ""method"": ""matcher@182m""}, {""pair_id"": 9, ""dx"": -188.5261496162493, ""dy"": 4643.514681379544, ""method"": ""matcher@183m""}, {""pair_id"": 10, ""dx"": -6006.673514172988, ""dy"": 5180.618233515299, ""method"": ""matcher@180m""}, {""pair_id"": 11, ""dx"": -5714.382976463981, ""dy"": 5197.427855701128, ""method"": ""matcher@165m""}, {""pair_id"": 12, ""dx"": -2391.754, ""dy"": 5976.473, ""method"": ""matcher@155m""}, {""pair_id"": 13, ""dx"": -9808.32981735043, ""dy"": 5812.95708469738, ""method"": ""matcher@183m""}, {""pair_id"": 14, ""dx"": -5930.221770337434, ""dy"": 4980.498327999187, ""method"": ""matcher@181m""}, {""pair_id"": 15, ""dx"": -5912.2921236869515, ""dy"": 4991.4823864281425, ""method"": ""matcher@181m""}, {""pair_id"": 16, ""dx"": -6550.01917782292, ""dy"": 5153.779793329275, ""method"": ""matcher@145m""}, {""pair_id"": 17, ""dx"": -6592.756179197742, ""dy"": 5164.171912911857, ""method"": ""matcher@145m""}, {""pair_id"": 18, ""dx"": -7420.733809150624, ""dy"": 5220.6606232797785, ""method"": ""matcher@91m""}, {""pair_id"": 19, ""dx"": -7457.37803023585, ""dy"": 5211.312266128545, ""method"": ""matcher@91m""}, {""pair_id"": 20, ""dx"": -2391.754, ""dy"": 5976.473, ""method"": ""from-pair-12""}, {""pair_id"": 21, ""dx"": -9797.817760936086, ""dy"": 5739.247137487502, ""method"": ""matcher@167m""}, {""pair_id"": 22, ""dx"": -6353.167807278851, ""dy"": 4946.115505437379, ""method"": ""from-pair-14""}]",17043.0,595.66,"PROJCS[""unnamed"",GEOGCS[""WGS 84"",DATUM[""WGS_1984"",SPHEROID[""WGS 84"",6378137,298.25722293287,AUTHORITY[""EPSG"",""7030""]],AUTHORITY[""EPSG"",""6326""]],PRIMEM[""Greenwich"",0],UNIT[""degree"",0.0174532925199433,AUTHORITY[""EPSG"",""9122""]],AUTHORITY[""EPSG"",""4326""]],PROJECTION[""Lambert_Conformal_Conic_2SP""],PARAMETER[""latitude_of_origin"",26.3013726155446],PARAMETER[""central_meridian"",56.8207488802833],PARAMETER[""standard_parallel_1"",27.5648260380388],PARAMETER[""standard_parallel_2"",25.0379191930504],PARAMETER[""false_easting"",0],PARAMETER[""false_northing"",0],UNIT[""metre"",1,AUTHORITY[""EPSG"",""9001""]],AXIS[""Easting"",EAST],AXIS[""Northing"",NORTH]]",335.2,38.21,/maintenance/ICIGDev/GPUPOC/output/output299/win3072_nfauto/band1_toL8Ref/filtered_same-res_imw-aspanformer,/maintenance/ICIGDev/GPUPOC/output/output299/win3072_nfauto/band1_toL8Ref/final_same-res_imw-aspanformer,/maintenance/ICIGDev/GPUPOC/output/output299/rival/RIVAL_G1A_MV_G_22SEP2026_260922062424_6_SPLC00GTD_06_1_win3072_nfauto_band1_toL8Ref_imw-aspanformer_internal_r90.csv,/maintenance/ICIGDev/GPUPOC/output/output299/rival/RIVAL_G1A_MV_G_22SEP2026_260922062424_6_SPLC00GTD_06_1_win3072_nfauto_band1_toL8Ref_imw-aspanformer_internal_r90_detail.csv,True,2055.0,17043.0,13.0,-9327.23430633545,4720.330810546875,4321.1343383789645,6646.933822631836,-878.23045960406,5142.177613118523,-0.047499367437305845,47697.58199105745,1713.978809808312,-3044.6301636020344,335.791691645974,-675.490654033466,5077.412665875288,4070.960109275915,5095.255295767941,9896.567313258069,internal,321.0348482964573,4.0,251.38510115385486,-116.86492072189185
win3072_nfauto,3072,auto,band1,L8Ref,imw-topicfm,ok,,"[{""pair_id"": 1, ""dx"": 2656.1962010808934, ""dy"": 4372.104026427505, ""method"": ""from-pair-6""}, {""pair_id"": 2, ""dx"": -2217.511, ""dy"": 6056.578, ""method"": ""from-pair-7""}, {""pair_id"": 3, ""dx"": 3191.054782353978, ""dy"": 5014.58178135801, ""method"": ""phasecorr@169m""}, {""pair_id"": 4, ""dx"": 2209.187890901098, ""dy"": 4488.437886113461, ""method"": ""phasecorr@173m""}, {""pair_id"": 5, ""dx"": 2656.1962010808934, ""dy"": 4372.104026427505, ""method"": ""from-pair-6""}, {""pair_id"": 6, ""dx"": 2656.1962010808934, ""dy"": 4372.104026427505, ""method"": ""phasecorr@115m""}, {""pair_id"": 7, ""dx"": 2052.2590051127986, ""dy"": 5056.617180097255, ""method"": ""phasecorr@139m""}, {""pair_id"": 8, ""dx"": -907.5946948176216, ""dy"": 4787.828577714917, ""method"": ""phasecorr@182m""}, {""pair_id"": 9, ""dx"": -4556.473407807542, ""dy"": 4801.828777337136, ""method"": ""phasecorr@183m""}, {""pair_id"": 10, ""dx"": -5893.210447744181, ""dy"": 5234.655560659856, ""method"": ""from-pair-11""}, {""pair_id"": 11, ""dx"": -5865.393576475247, ""dy"": 5241.253261037192, ""method"": ""phasecorr@165m""}, {""pair_id"": 12, ""dx"": -4830.174482406231, ""dy"": 5766.404797000425, ""method"": ""phasecorr@155m""}, {""pair_id"": 13, ""dx"": -6610.201087453341, ""dy"": 4942.747422556326, ""method"": ""phasecorr@183m""}, {""pair_id"": 14, ""dx"": -4547.167750649745, ""dy"": 4812.708470302123, ""method"": ""phasecorr@181m""}, {""pair_id"": 15, ""dx"": -4715.92238200285, ""dy"": 4801.588257478772, ""method"": ""phasecorr@181m""}, {""pair_id"": 16, ""dx"": -7228.256202006644, ""dy"": 5263.918827307949, ""method"": ""phasecorr@145m""}, {""pair_id"": 17, ""dx"": -7226.390285661186, ""dy"": 5299.106609217986, ""method"": ""phasecorr@145m""}, {""pair_id"": 18, ""dx"": -7210.583538478548, ""dy"": 5179.199921150993, ""method"": ""phasecorr@91m""}, {""pair_id"": 19, ""dx"": -7184.670745758923, ""dy"": 5189.932108886132, ""method"": ""phasecorr@91m""}, {""pair_id"": 20, ""dx"": -5846.591, ""dy"": 5761.279, ""method"": ""from-pair-12""}, {""pair_id"": 21, ""dx"": -8372.497929751207, ""dy"": 5749.109350193388, ""method"": ""from-pair-13""}, {""pair_id"": 22, ""dx"": -6209.436080969758, ""dy"": 4984.239119148425, ""method"": ""from-pair-14""}]",715.0,595.67,"PROJCS[""unnamed"",GEOGCS[""WGS 84"",DATUM[""WGS_1984"",SPHEROID[""WGS 84"",6378137,298.25722293287,AUTHORITY[""EPSG"",""7030""]],AUTHORITY[""EPSG"",""6326""]],PRIMEM[""Greenwich"",0],UNIT[""degree"",0.0174532925199433,AUTHORITY[""EPSG"",""9122""]],AUTHORITY[""EPSG"",""4326""]],PROJECTION[""Lambert_Conformal_Conic_2SP""],PARAMETER[""latitude_of_origin"",26.3013726155446],PARAMETER[""central_meridian"",56.8207488802833],PARAMETER[""standard_parallel_1"",27.5648260380388],PARAMETER[""standard_parallel_2"",25.0379191930504],PARAMETER[""false_easting"",0],PARAMETER[""false_northing"",0],UNIT[""metre"",1,AUTHORITY[""EPSG"",""9001""]],AXIS[""Easting"",EAST],AXIS[""Northing"",NORTH]]",194.9,36.36,/maintenance/ICIGDev/GPUPOC/output/output299/win3072_nfauto/band1_toL8Ref/filtered_same-res_imw-topicfm,/maintenance/ICIGDev/GPUPOC/output/output299/win3072_nfauto/band1_toL8Ref/final_same-res_imw-topicfm,/maintenance/ICIGDev/GPUPOC/output/output299/rival/RIVAL_G1A_MV_G_22SEP2026_260922062424_6_SPLC00GTD_06_1_win3072_nfauto_band1_toL8Ref_imw-topicfm_internal_r90.csv,/maintenance/ICIGDev/GPUPOC/output/output299/rival/RIVAL_G1A_MV_G_22SEP2026_260922062424_6_SPLC00GTD_06_1_win3072_nfauto_band1_toL8Ref_imw-topicfm_internal_r90_detail.csv,True,200.0,715.0,1.0,-4435.605525970459,-1972.4441528320312,4842.828369140625,6057.380676269531,-2925.7648409863446,5480.835927256338,0.01795814414300166,53967.78092842276,13954.016720196103,-11495.696804375337,91.36037882666706,-3185.720898771286,5508.253495788575,3258.740508641457,5513.468234816901,9718.527921754046,internal,,0.0,,
win3072_nfauto,3072,auto,band1,L8Ref,imw-roma,ok,,"[{""pair_id"": 1, ""dx"": 87.647, ""dy"": 4545.993, ""method"": ""from-pair-6""}, {""pair_id"": 2, ""dx"": 3760.226611977967, ""dy"": 5335.1248704407335, ""method"": ""matcher@91m""}, {""pair_id"": 3, ""dx"": 3979.0231421904173, ""dy"": 4875.457701727108, ""method"": ""matcher@169m""}, {""pair_id"": 4, ""dx"": 3093.95513068937, ""dy"": 4869.6382817109115, ""method"": ""matcher@173m""}, {""pair_id"": 5, ""dx"": 87.647, ""dy"": 4545.993, ""method"": ""from-pair-6""}, {""pair_id"": 6, ""dx"": 87.64696135271515, ""dy"": 4545.993481646641, ""method"": ""matcher@115m""}, {""pair_id"": 7, ""dx"": 2180.827, ""dy"": 5040.139, ""method"": ""matcher@139m""}, {""pair_id"": 8, ""dx"": 648.4267825405914, ""dy"": 5032.429914676235, ""method"": ""matcher@182m""}, {""pair_id"": 9, ""dx"": 291.37352777401975, ""dy"": 4671.558567720829, ""method"": ""matcher@183m""}, {""pair_id"": 10, ""dx"": -6034.843773507033, ""dy"": 5179.873906897294, ""method"": ""matcher@180m""}, {""pair_id"": 11, ""dx"": -5715.771068813876, ""dy"": 5215.2088292638655, ""method"": ""matcher@165m""}, {""pair_id"": 12, ""dx"": -4140.109373763349, ""dy"": 5909.201637969847, ""method"": ""matcher@155m""}, {""pair_id"": 13, ""dx"": -8874.534413680463, ""dy"": 5529.92957271167, ""method"": ""matcher@183m""}, {""pair_id"": 14, ""dx"": -6606.251321309122, ""dy"": 4998.785987798721, ""method"": ""matcher@181m""}, {""pair_id"": 15, ""dx"": -6552.848322538412, ""dy"": 5005.853309958446, ""method"": ""matcher@181m""}, {""pair_id"": 16, ""dx"": -6271.251097576205, ""dy"": 5156.473992591462, ""method"": ""matcher@145m""}, {""pair_id"": 17, ""dx"": -8885.710072940972, ""dy"": 5162.1194170448, ""method"": ""matcher@145m""}, {""pair_id"": 18, ""dx"": -7367.274747551535, ""dy"": 5167.182248948549, ""method"": ""matcher@91m""}, {""pair_id"": 19, ""dx"": -7184.670745758923, ""dy"": 5189.932108886132, ""method"": ""phasecorr@91m""}, {""pair_id"": 20, ""dx"": -10486.637356691557, ""dy"": 6600.666531177907, ""method"": ""matcher@109m""}, {""pair_id"": 21, ""dx"": -8878.062396327026, ""dy"": 5471.497059279515, ""method"": ""from-pair-13""}, {""pair_id"": 22, ""dx"": -6616.247483618501, ""dy"": 4981.97548557816, ""method"": ""from-pair-14""}]",90252.0,595.67,"PROJCS[""unnamed"",GEOGCS[""WGS 84"",DATUM[""WGS_1984"",SPHEROID[""WGS 84"",6378137,298.25722293287,AUTHORITY[""EPSG"",""7030""]],AUTHORITY[""EPSG"",""6326""]],PRIMEM[""Greenwich"",0],UNIT[""degree"",0.0174532925199433,AUTHORITY[""EPSG"",""9122""]],AUTHORITY[""EPSG"",""4326""]],PROJECTION[""Lambert_Conformal_Conic_2SP""],PARAMETER[""latitude_of_origin"",26.3013726155446],PARAMETER[""central_meridian"",56.8207488802833],PARAMETER[""standard_parallel_1"",27.5648260380388],PARAMETER[""standard_parallel_2"",25.0379191930504],PARAMETER[""false_easting"",0],PARAMETER[""false_northing"",0],UNIT[""metre"",1,AUTHORITY[""EPSG"",""9001""]],AXIS[""Easting"",EAST],AXIS[""Northing"",NORTH]]",229.2,5.48,/maintenance/ICIGDev/GPUPOC/output/output299/win3072_nfauto/band1_toL8Ref/filtered_same-res_imw-roma,/maintenance/ICIGDev/GPUPOC/output/output299/win3072_nfauto/band1_toL8Ref/final_same-res_imw-roma,/maintenance/ICIGDev/GPUPOC/output/output299/rival/RIVAL_G1A_MV_G_22SEP2026_260922062424_6_SPLC00GTD_06_1_win3072_nfauto_band1_toL8Ref_imw-roma_internal_r90.csv,/maintenance/ICIGDev/GPUPOC/output/output299/rival/RIVAL_G1A_MV_G_22SEP2026_260922062424_6_SPLC00GTD_06_1_win3072_nfauto_band1_toL8Ref_imw-roma_internal_r90_detail.csv,True,7600.0,90252.0,38.0,-11091.215114593506,5095.7666015625,4294.6270751953125,6906.866569519043,-3101.882071982093,5043.153849839685,-0.013540891721912956,46880.61160193788,1443.421154197358,-2412.550953165649,350.22607200925654,-2942.1168480855854,5090.868332961437,5238.53760788517,5110.313096005381,11105.169125995071,internal,322.9680998031281,5.0,164.26039084902897,-93.33581585909015
win3072_nfauto,3072,auto,band1,L8Ref,imw-dkm,ok,,"[{""pair_id"": 1, ""dx"": 121.775, ""dy"": 4536.927, ""method"": ""from-pair-6""}, {""pair_id"": 2, ""dx"": 3756.6682709185116, ""dy"": 5340.316872904994, ""method"": ""matcher@91m""}, {""pair_id"": 3, ""dx"": 3985.465963892115, ""dy"": 4864.050207505265, ""method"": ""matcher@169m""}, {""pair_id"": 4, ""dx"": 3103.9663205057877, ""dy"": 4806.163679796176, ""method"": ""matcher@173m""}, {""pair_id"": 5, ""dx"": 121.775, ""dy"": 4536.927, ""method"": ""from-pair-6""}, {""pair_id"": 6, ""dx"": 121.77455314643885, ""dy"": 4536.927488851245, ""method"": ""matcher@115m""}, {""pair_id"": 7, ""dx"": 165.984, ""dy"": 5242.289, ""method"": ""matcher@139m""}, {""pair_id"": 8, ""dx"": 571.8533655090214, ""dy"": 5012.7229789770645, ""method"": ""matcher@182m""}, {""pair_id"": 9, ""dx"": 315.91063853385276, ""dy"": 4657.919706349501, ""method"": ""matcher@183m""}, {""pair_id"": 10, ""dx"": -6026.332392465585, ""dy"": 5170.015479813534, ""method"": ""matcher@180m""}, {""pair_id"": 11, ""dx"": -6998.6142240136105, ""dy"": 5155.278218828345, ""method"": ""matcher@165m""}, {""pair_id"": 12, ""dx"": -6527.884212918245, ""dy"": 5983.449954937707, ""method"": ""matcher@155m""}, {""pair_id"": 13, ""dx"": -9629.490757640597, ""dy"": 5772.055206120422, ""method"": ""matcher@183m""}, {""pair_id"": 14, ""dx"": -6935.503293045542, ""dy"": 4991.736683587158, ""method"": ""matcher@181m""}, {""pair_id"": 15, ""dx"": -6900.440260185744, ""dy"": 4995.096168213, ""method"": ""matcher@181m""}, {""pair_id"": 16, ""dx"": -6266.440972959579, ""dy"": 5144.5132269685855, ""method"": ""matcher@145m""}, {""pair_id"": 17, ""dx"": -7323.45926625884, ""dy"": 5148.039925482401, ""method"": ""matcher@145m""}, {""pair_id"": 18, ""dx"": -8773.189087596867, ""dy"": 5160.958930955268, ""method"": ""matcher@91m""}, {""pair_id"": 19, ""dx"": -8873.855460246239, ""dy"": 5191.55690338643, ""method"": ""matcher@91m""}, {""pair_id"": 20, ""dx"": -10492.308855515643, ""dy"": 6613.083762089984, ""method"": ""matcher@109m""}, {""pair_id"": 21, ""dx"": -9178.309821754301, ""dy"": 5575.912267670159, ""method"": ""from-pair-13""}, {""pair_id"": 22, ""dx"": -6613.255150597743, ""dy"": 4991.725142688688, ""method"": ""from-pair-14""}]",97452.0,595.69,"PROJCS[""unnamed"",GEOGCS[""WGS 84"",DATUM[""WGS_1984"",SPHEROID[""WGS 84"",6378137,298.25722293287,AUTHORITY[""EPSG"",""7030""]],AUTHORITY[""EPSG"",""6326""]],PRIMEM[""Greenwich"",0],UNIT[""degree"",0.0174532925199433,AUTHORITY[""EPSG"",""9122""]],AUTHORITY[""EPSG"",""4326""]],PROJECTION[""Lambert_Conformal_Conic_2SP""],PARAMETER[""latitude_of_origin"",26.3013726155446],PARAMETER[""central_meridian"",56.8207488802833],PARAMETER[""standard_parallel_1"",27.5648260380388],PARAMETER[""standard_parallel_2"",25.0379191930504],PARAMETER[""false_easting"",0],PARAMETER[""false_northing"",0],UNIT[""metre"",1,AUTHORITY[""EPSG"",""9001""]],AXIS[""Easting"",EAST],AXIS[""Northing"",NORTH]]",235.2,33.88,/maintenance/ICIGDev/GPUPOC/output/output299/win3072_nfauto/band1_toL8Ref/filtered_same-res_imw-dkm,/maintenance/ICIGDev/GPUPOC/output/output299/win3072_nfauto/band1_toL8Ref/final_same-res_imw-dkm,/maintenance/ICIGDev/GPUPOC/output/output299/rival/RIVAL_G1A_MV_G_22SEP2026_260922062424_6_SPLC00GTD_06_1_win3072_nfauto_band1_toL8Ref_imw-dkm_internal_r90.csv,/maintenance/ICIGDev/GPUPOC/output/output299/rival/RIVAL_G1A_MV_G_22SEP2026_260922062424_6_SPLC00GTD_06_1_win3072_nfauto_band1_toL8Ref_imw-dkm_internal_r90_detail.csv,True,8178.0,97452.0,42.0,-10982.866230010986,10952.183990478516,4295.85205078125,43798.77136230466,-3214.055239416501,5096.506740301684,0.024766696435205286,46506.503301891324,655.6750926181842,-1573.2732228110433,1434.3623231090846,-3221.3527614700383,5777.630319457148,5486.134484712532,7348.122629732355,13915.331362686138,internal,315.25061117465543,5.0,160.09390437515276,-88.65570753513384
win3072_nfauto,3072,auto,band1,L8Ref,imw-dad-roma,ok,,"[{""pair_id"": 1, ""dx"": 2425.431, ""dy"": 4449.319, ""method"": ""from-pair-6""}, {""pair_id"": 2, ""dx"": 3891.4802280819713, ""dy"": 5266.0660224243475, ""method"": ""matcher@91m""}, {""pair_id"": 3, ""dx"": 3694.515481889015, ""dy"": 4938.803852572979, ""method"": ""matcher@169m""}, {""pair_id"": 4, ""dx"": 3064.5051310557174, ""dy"": 4839.178512153201, ""method"": ""matcher@173m""}, {""pair_id"": 5, ""dx"": 2425.431, ""dy"": 4449.319, ""method"": ""from-pair-6""}, {""pair_id"": 6, ""dx"": 2425.4305871634715, ""dy"": 4449.3192076201085, ""method"": ""matcher@115m""}, {""pair_id"": 7, ""dx"": 2349.1446013223904, ""dy"": 5124.8770584901795, ""method"": ""matcher@139m""}, {""pair_id"": 8, ""dx"": 714.4819373767677, ""dy"": 5020.180958032623, ""method"": ""matcher@182m""}, {""pair_id"": 9, ""dx"": -4577.662356922461, ""dy"": 4836.317629171594, ""method"": ""matcher@183m""}, {""pair_id"": 10, ""dx"": -6056.238232616524, ""dy"": 5150.004011488389, ""method"": ""matcher@180m""}, {""pair_id"": 11, ""dx"": -5674.130543790758, ""dy"": 5236.23709083171, ""method"": ""matcher@165m""}, {""pair_id"": 12, ""dx"": -4137.271638466424, ""dy"": 5980.119789283344, ""method"": ""matcher@155m""}, {""pair_id"": 13, ""dx"": -7125.049156039597, ""dy"": 5329.765689587817, ""method"": ""matcher@183m""}, {""pair_id"": 14, ""dx"": -6035.715702395813, ""dy"": 4996.754249330537, ""method"": ""matcher@181m""}, {""pair_id"": 15, ""dx"": -6059.356603173372, ""dy"": 5015.161977664335, ""method"": ""matcher@181m""}, {""pair_id"": 16, ""dx"": -6161.753849217392, ""dy"": 5132.4752900931635, ""method"": ""matcher@145m""}, {""pair_id"": 17, ""dx"": -6217.918630889799, ""dy"": 5150.613583103346, ""method"": ""matcher@145m""}, {""pair_id"": 18, ""dx"": -7306.182933200675, ""dy"": 5148.394360257487, ""method"": ""matcher@91m""}, {""pair_id"": 19, ""dx"": -7184.670745758923, ""dy"": 5189.932108886132, ""method"": ""phasecorr@91m""}, {""pair_id"": 20, ""dx"": -9460.894218136018, ""dy"": 6317.163957985875, ""method"": ""matcher@109m""}, {""pair_id"": 21, ""dx"": -7104.427527977628, ""dy"": 5302.917964230312, ""method"": ""from-pair-13""}, {""pair_id"": 22, ""dx"": -5131.346479586408, ""dy"": 4913.763736877805, ""method"": ""from-pair-14""}]",11582.0,595.71,"PROJCS[""unnamed"",GEOGCS[""WGS 84"",DATUM[""WGS_1984"",SPHEROID[""WGS 84"",6378137,298.25722293287,AUTHORITY[""EPSG"",""7030""]],AUTHORITY[""EPSG"",""6326""]],PRIMEM[""Greenwich"",0],UNIT[""degree"",0.0174532925199433,AUTHORITY[""EPSG"",""9122""]],AUTHORITY[""EPSG"",""4326""]],PROJECTION[""Lambert_Conformal_Conic_2SP""],PARAMETER[""latitude_of_origin"",26.3013726155446],PARAMETER[""central_meridian"",56.8207488802833],PARAMETER[""standard_parallel_1"",27.5648260380388],PARAMETER[""standard_parallel_2"",25.0379191930504],PARAMETER[""false_easting"",0],PARAMETER[""false_northing"",0],UNIT[""metre"",1,AUTHORITY[""EPSG"",""9001""]],AXIS[""Easting"",EAST],AXIS[""Northing"",NORTH]]",563.8,34.06,/maintenance/ICIGDev/GPUPOC/output/output299/win3072_nfauto/band1_toL8Ref/filtered_same-res_imw-dad-roma,/maintenance/ICIGDev/GPUPOC/output/output299/win3072_nfauto/band1_toL8Ref/final_same-res_imw-dad-roma,/maintenance/ICIGDev/GPUPOC/output/output299/rival/RIVAL_G1A_MV_G_22SEP2026_260922062424_6_SPLC00GTD_06_1_win3072_nfauto_band1_toL8Ref_imw-dad-roma_internal_r90.csv,/maintenance/ICIGDev/GPUPOC/output/output299/rival/RIVAL_G1A_MV_G_22SEP2026_260922062424_6_SPLC00GTD_06_1_win3072_nfauto_band1_toL8Ref_imw-dad-roma_internal_r90_detail.csv,True,6451.0,11582.0,37.0,-10938.658618927002,20987.30484008789,-8079.85107421875,34354.87564086917,-3193.8235761405613,5137.546928105548,0.014693548697547956,46815.057451399916,1048.023849890315,-1932.8083768126792,995.8937590165608,-3037.312143612159,5182.357859416002,5371.3698218711925,5312.52544713344,11463.99350247454,internal,391.58131191069384,4.0,106.03155168219155,-100.88247302084324
win3072_nfauto,3072,auto,band1,L8Ref,imw-rdd-dense,ok,,"[{""pair_id"": 1, ""dx"": 730.902, ""dy"": 4427.728, ""method"": ""from-pair-6""}, {""pair_id"": 2, ""dx"": -2351.458, ""dy"": 6095.187, ""method"": ""from-pair-7""}, {""pair_id"": 3, ""dx"": 4178.205085566908, ""dy"": 4969.029606054159, ""method"": ""matcher@169m""}, {""pair_id"": 4, ""dx"": 3088.887164409898, ""dy"": 4621.824606654045, ""method"": ""matcher@173m""}, {""pair_id"": 5, ""dx"": 730.902, ""dy"": 4427.728, ""method"": ""from-pair-6""}, {""pair_id"": 6, ""dx"": 730.901809582967, ""dy"": 4427.7275542191055, ""method"": ""matcher@115m""}, {""pair_id"": 7, ""dx"": -2945.8224825761026, ""dy"": 6192.112206438003, ""method"": ""matcher@139m""}, {""pair_id"": 8, ""dx"": -1396.5363177235122, ""dy"": 4682.686639529013, ""method"": ""matcher@182m""}, {""pair_id"": 9, ""dx"": 91.51338863110868, ""dy"": 4600.8569813470385, ""method"": ""matcher@183m""}, {""pair_id"": 10, ""dx"": -5838.696179481085, ""dy"": 5164.302314666784, ""method"": ""matcher@180m""}, {""pair_id"": 11, ""dx"": -5553.876948756908, ""dy"": 5046.424454811728, ""method"": ""matcher@165m""}, {""pair_id"": 12, ""dx"": -4217.057837012209, ""dy"": 5994.480334128384, ""method"": ""matcher@155m""}, {""pair_id"": 13, ""dx"": -9266.148692234827, ""dy"": 5247.882984103213, ""method"": ""matcher@183m""}, {""pair_id"": 14, ""dx"": -4601.141565946105, ""dy"": 4826.592051122352, ""method"": ""matcher@181m""}, {""pair_id"": 15, ""dx"": -6051.364184427599, ""dy"": 5197.211567309365, ""method"": ""matcher@181m""}, {""pair_id"": 16, ""dx"": -6452.18222345769, ""dy"": 5133.229402236233, ""method"": ""matcher@145m""}, {""pair_id"": 17, ""dx"": -7600.851581345603, ""dy"": 5197.501489948772, ""method"": ""matcher@145m""}, {""pair_id"": 18, ""dx"": -7210.583538478548, ""dy"": 5179.199921150993, ""method"": ""phasecorr@91m""}, {""pair_id"": 19, ""dx"": -7184.670745758923, ""dy"": 5189.932108886132, ""method"": ""phasecorr@91m""}, {""pair_id"": 20, ""dx"": -4217.058, ""dy"": 5994.48, ""method"": ""from-pair-12""}, {""pair_id"": 21, ""dx"": -9844.788811768405, ""dy"": 5754.8213255164155, ""method"": ""matcher@167m""}, {""pair_id"": 22, ""dx"": -4601.142, ""dy"": 4826.592, ""method"": ""from-pair-14""}]",8.0,595.72,"PROJCS[""unnamed"",GEOGCS[""WGS 84"",DATUM[""WGS_1984"",SPHEROID[""WGS 84"",6378137,298.25722293287,AUTHORITY[""EPSG"",""7030""]],AUTHORITY[""EPSG"",""6326""]],PRIMEM[""Greenwich"",0],UNIT[""degree"",0.0174532925199433,AUTHORITY[""EPSG"",""9122""]],AUTHORITY[""EPSG"",""4326""]],PROJECTION[""Lambert_Conformal_Conic_2SP""],PARAMETER[""latitude_of_origin"",26.3013726155446],PARAMETER[""central_meridian"",56.8207488802833],PARAMETER[""standard_parallel_1"",27.5648260380388],PARAMETER[""standard_parallel_2"",25.0379191930504],PARAMETER[""false_easting"",0],PARAMETER[""false_northing"",0],UNIT[""metre"",1,AUTHORITY[""EPSG"",""9001""]],AXIS[""Easting"",EAST],AXIS[""Northing"",NORTH]]",712.3,36.55,/maintenance/ICIGDev/GPUPOC/output/output299/win3072_nfauto/band1_toL8Ref/filtered_same-res_imw-rdd-dense,/maintenance/ICIGDev/GPUPOC/output/output299/win3072_nfauto/band1_toL8Ref/final_same-res_imw-rdd-dense,/maintenance/ICIGDev/GPUPOC/output/output299/rival/RIVAL_G1A_MV_G_22SEP2026_260922062424_6_SPLC00GTD_06_1_win3072_nfauto_band1_toL8Ref_imw-rdd-dense_internal_r90.csv,/maintenance/ICIGDev/GPUPOC/output/output299/rival/RIVAL_G1A_MV_G_22SEP2026_260922062424_6_SPLC00GTD_06_1_win3072_nfauto_band1_toL8Ref_imw-rdd-dense_internal_r90_detail.csv,True,8.0,8.0,1.0,-3461.5530395507812,-2804.058380126953,4805.87516784668,4913.016242980957,-3075.5612754821777,4859.568722248076,-0.06946344027481775,42788.927199049285,3940.804084064789,-82.0471872098015,40.18857511384466,-3075.5612754821777,4859.568722248077,3081.233467475106,4859.684494173992,8731.679898169243,internal,,0.0,,
win3072_nfauto,3072,auto,band1,L8Ref,imw-xfeat-lg,ok,,"[{""pair_id"": 1, ""dx"": 826.19, ""dy"": 4468.956, ""method"": ""from-pair-6""}, {""pair_id"": 2, ""dx"": 3828.124813780334, ""dy"": 5356.399490508164, ""method"": ""matcher@91m""}, {""pair_id"": 3, ""dx"": 3757.8728030631173, ""dy"": 4954.2592857376585, ""method"": ""matcher@169m""}, {""pair_id"": 4, ""dx"": 3005.921042170725, ""dy"": 4638.453289832076, ""method"": ""matcher@173m""}, {""pair_id"": 5, ""dx"": 2853.6384384182966, ""dy"": 4730.213413466379, ""method"": ""matcher@151m""}, {""pair_id"": 6, ""dx"": 826.1901444110699, ""dy"": 4468.955679421895, ""method"": ""matcher@115m""}, {""pair_id"": 7, ""dx"": 1973.7904116354184, ""dy"": 5082.673469627727, ""method"": ""matcher@139m""}, {""pair_id"": 8, ""dx"": -1316.925874207911, ""dy"": 4737.833383413483, ""method"": ""matcher@182m""}, {""pair_id"": 9, ""dx"": -4621.7198272077, ""dy"": 4766.617214702448, ""method"": ""matcher@183m""}, {""pair_id"": 10, ""dx"": -5937.084264311401, ""dy"": 5157.447176413014, ""method"": ""matcher@180m""}, {""pair_id"": 11, ""dx"": -5627.3146547937795, ""dy"": 5208.873436732334, ""method"": ""matcher@165m""}, {""pair_id"": 12, ""dx"": -6955.898994555479, ""dy"": 5982.9477791351965, ""method"": ""matcher@155m""}, {""pair_id"": 13, ""dx"": -6228.859524839296, ""dy"": 5626.7587934221665, ""method"": ""matcher@183m""}, {""pair_id"": 14, ""dx"": -4723.965387029282, ""dy"": 4770.052067411714, ""method"": ""matcher@181m""}, {""pair_id"": 15, ""dx"": -4732.823980439745, ""dy"": 4808.062900711557, ""method"": ""matcher@181m""}, {""pair_id"": 16, ""dx"": -6353.202904458143, ""dy"": 5151.83774214868, ""method"": ""matcher@145m""}, {""pair_id"": 17, ""dx"": -6418.8604200487025, ""dy"": 5145.408562351673, ""method"": ""matcher@145m""}, {""pair_id"": 18, ""dx"": -7584.3529529328225, ""dy"": 5144.67498156504, ""method"": ""matcher@91m""}, {""pair_id"": 19, ""dx"": -7597.2023951264055, ""dy"": 5209.7905616463395, ""method"": ""matcher@91m""}, {""pair_id"": 20, ""dx"": -10551.67435292137, ""dy"": 6483.40766834165, ""method"": ""matcher@109m""}, {""pair_id"": 21, ""dx"": -7029.3980736861195, ""dy"": 5488.167806551712, ""method"": ""from-pair-13""}, {""pair_id"": 22, ""dx"": -4719.40463760819, ""dy"": 4762.965879037528, ""method"": ""from-pair-14""}]",8017.0,595.73,"PROJCS[""unnamed"",GEOGCS[""WGS 84"",DATUM[""WGS_1984"",SPHEROID[""WGS 84"",6378137,298.25722293287,AUTHORITY[""EPSG"",""7030""]],AUTHORITY[""EPSG"",""6326""]],PRIMEM[""Greenwich"",0],UNIT[""degree"",0.0174532925199433,AUTHORITY[""EPSG"",""9122""]],AUTHORITY[""EPSG"",""4326""]],PROJECTION[""Lambert_Conformal_Conic_2SP""],PARAMETER[""latitude_of_origin"",26.3013726155446],PARAMETER[""central_meridian"",56.8207488802833],PARAMETER[""standard_parallel_1"",27.5648260380388],PARAMETER[""standard_parallel_2"",25.0379191930504],PARAMETER[""false_easting"",0],PARAMETER[""false_northing"",0],UNIT[""metre"",1,AUTHORITY[""EPSG"",""9001""]],AXIS[""Easting"",EAST],AXIS[""Northing"",NORTH]]",174.8,2.53,/maintenance/ICIGDev/GPUPOC/output/output299/win3072_nfauto/band1_toL8Ref/filtered_same-res_imw-xfeat-lg,/maintenance/ICIGDev/GPUPOC/output/output299/win3072_nfauto/band1_toL8Ref/final_same-res_imw-xfeat-lg,/maintenance/ICIGDev/GPUPOC/output/output299/rival/RIVAL_G1A_MV_G_22SEP2026_260922062424_6_SPLC00GTD_06_1_win3072_nfauto_band1_toL8Ref_imw-xfeat-lg_internal_r90.csv,/maintenance/ICIGDev/GPUPOC/output/output299/rival/RIVAL_G1A_MV_G_22SEP2026_260922062424_6_SPLC00GTD_06_1_win3072_nfauto_band1_toL8Ref_imw-xfeat-lg_internal_r90_detail.csv,True,6249.0,8017.0,41.0,-11171.808586120605,5072.7447509765625,4224.08935546875,7001.591033935547,-2845.3512901681092,4987.18578021247,-0.003630060111973519,46822.394258811786,1431.9884018488096,-2256.7224557874,364.2171491410571,-2959.8584969548497,5052.88808241179,5208.224965352999,5071.124590855646,11030.723058121424,internal,349.2913638418008,5.0,114.19703898447933,-74.24122769658152
win3072_nfauto,3072,auto,band1,L8Ref,imw-xfeat-dense,ok,,"[{""pair_id"": 1, ""dx"": 874.434, ""dy"": 4522.158, ""method"": ""from-pair-6""}, {""pair_id"": 2, ""dx"": 3826.393669893412, ""dy"": 5335.5305147483305, ""method"": ""matcher@91m""}, {""pair_id"": 3, ""dx"": 3592.885968011542, ""dy"": 5237.8050253302645, ""method"": ""matcher@169m""}, {""pair_id"": 4, ""dx"": 2990.2719766135997, ""dy"": 4674.186959626968, ""method"": ""matcher@173m""}, {""pair_id"": 5, ""dx"": 874.434, ""dy"": 4522.158, ""method"": ""from-pair-6""}, {""pair_id"": 6, ""dx"": 874.4341204825905, ""dy"": 4522.1580929700285, ""method"": ""matcher@115m""}, {""pair_id"": 7, ""dx"": 2313.436618160187, ""dy"": 5322.2291951866355, ""method"": ""matcher@139m""}, {""pair_id"": 8, ""dx"": 1829.1599804585567, ""dy"": 5197.044072375851, ""method"": ""matcher@182m""}, {""pair_id"": 9, ""dx"": -4737.130567438842, ""dy"": 5021.7501795585995, ""method"": ""matcher@183m""}, {""pair_id"": 10, ""dx"": -6371.320896809011, ""dy"": 5440.050362622103, ""method"": ""matcher@180m""}, {""pair_id"": 11, ""dx"": -5943.588029138249, ""dy"": 5254.711868709957, ""method"": ""matcher@165m""}, {""pair_id"": 12, ""dx"": -4297.54114214849, ""dy"": 6036.21730092325, ""method"": ""matcher@155m""}, {""pair_id"": 13, ""dx"": -7458.1759770538265, ""dy"": 5295.776637788513, ""method"": ""matcher@183m""}, {""pair_id"": 14, ""dx"": -4819.397574614544, ""dy"": 4985.138642661215, ""method"": ""matcher@181m""}, {""pair_id"": 15, ""dx"": -4982.067359777662, ""dy"": 4962.267148424136, ""method"": ""matcher@181m""}, {""pair_id"": 16, ""dx"": -6525.987117362849, ""dy"": 5365.718375068696, ""method"": ""matcher@145m""}, {""pair_id"": 17, ""dx"": -6685.276012163042, ""dy"": 5299.807027156028, ""method"": ""matcher@145m""}, {""pair_id"": 18, ""dx"": -7314.051060582977, ""dy"": 5291.850031726353, ""method"": ""matcher@91m""}, {""pair_id"": 19, ""dx"": -7571.500009184405, ""dy"": 5286.73528388812, ""method"": ""matcher@91m""}, {""pair_id"": 20, ""dx"": -10326.412891535729, ""dy"": 6576.873900278471, ""method"": ""matcher@109m""}, {""pair_id"": 21, ""dx"": -7392.769703581507, ""dy"": 5328.013427377729, ""method"": ""from-pair-13""}, {""pair_id"": 22, ""dx"": -4818.063874903764, ""dy"": 4982.264578301636, ""method"": ""from-pair-14""}]",6445.0,595.74,"PROJCS[""unnamed"",GEOGCS[""WGS 84"",DATUM[""WGS_1984"",SPHEROID[""WGS 84"",6378137,298.25722293287,AUTHORITY[""EPSG"",""7030""]],AUTHORITY[""EPSG"",""6326""]],PRIMEM[""Greenwich"",0],UNIT[""degree"",0.0174532925199433,AUTHORITY[""EPSG"",""9122""]],AUTHORITY[""EPSG"",""4326""]],PROJECTION[""Lambert_Conformal_Conic_2SP""],PARAMETER[""latitude_of_origin"",26.3013726155446],PARAMETER[""central_meridian"",56.8207488802833],PARAMETER[""standard_parallel_1"",27.5648260380388],PARAMETER[""standard_parallel_2"",25.0379191930504],PARAMETER[""false_easting"",0],PARAMETER[""false_northing"",0],UNIT[""metre"",1,AUTHORITY[""EPSG"",""9001""]],AXIS[""Easting"",EAST],AXIS[""Northing"",NORTH]]",184.1,4.25,/maintenance/ICIGDev/GPUPOC/output/output299/win3072_nfauto/band1_toL8Ref/filtered_same-res_imw-xfeat-dense,/maintenance/ICIGDev/GPUPOC/output/output299/win3072_nfauto/band1_toL8Ref/final_same-res_imw-xfeat-dense,/maintenance/ICIGDev/GPUPOC/output/output299/rival/RIVAL_G1A_MV_G_22SEP2026_260922062424_6_SPLC00GTD_06_1_win3072_nfauto_band1_toL8Ref_imw-xfeat-dense_internal_r90.csv,/maintenance/ICIGDev/GPUPOC/output/output299/rival/RIVAL_G1A_MV_G_22SEP2026_260922062424_6_SPLC00GTD_06_1_win3072_nfauto_band1_toL8Ref_imw-xfeat-dense_internal_r90_detail.csv,True,5060.0,6445.0,41.0,-11069.292755126953,4964.842529296875,4360.3857421875,6974.798126220703,-2904.854317380255,5071.3091747677545,0.001189360117225442,46741.88222545416,1431.5017624712295,-2175.975983418001,363.16387761463767,-2929.5489599959183,5134.796632894885,5105.969892036569,5152.048690830417,11006.96498629406,internal,331.2223792972469,5.0,85.37761656924195,15.484799203803414
