rank,channel,sweep,detector,matcher,ransac,truth_rmse_m,truth_mean_dE_m,truth_mean_dN_m,truth_max_m,truth_reached,truth_total,sec_per_window,pass_seconds,n_local,n_surface,n_extrapolated,n_chips,n_points,chips,filtered_dir
1,band1,win3072_nfauto,gftt,smnn0.95,lmeds90,250.1004979417455,103.34992634081729,23.246458814506955,319.2765860727079,7,7,1.008,45.35,7,0,0,39,19690,consensus,/maintenance/ICIGDev/GPUPOC/output/output299/win3072_nfauto/band1_toL8Ref/filtered_same-res_gftt
2,band1,win3072_nfauto,imw-sp-sg,internal,magsac90,266.9517296549883,103.69304715576813,-86.42597469931532,606.6855928267365,7,7,5.741,229.66,1,6,0,38,4288,consensus,/maintenance/ICIGDev/GPUPOC/output/output299/win3072_nfauto/band1_toL8Ref/filtered_same-res_imw-sp-sg
3,band1,win3072_nfauto,imw-sp-sg,internal,lmeds90,277.53307285812497,62.509157918877854,-32.47011123260875,632.366575715952,7,7,5.741,229.66,4,3,0,39,8781,consensus,/maintenance/ICIGDev/GPUPOC/output/output299/win3072_nfauto/band1_toL8Ref/filtered_same-res_imw-sp-sg
4,band1,win3072_nfauto,imw-sfd2-nn,internal,lmeds90,282.5594740283693,42.71724541414057,-38.80257346389174,615.6054909699203,7,7,3.757,165.3,6,1,0,40,17605,consensus,/maintenance/ICIGDev/GPUPOC/output/output299/win3072_nfauto/band1_toL8Ref/filtered_same-res_imw-sfd2-nn
5,band1,win3072_nfauto,hessian,ada,lmeds90,291.8486333992316,114.30572924651668,-65.86236470096095,625.5895115202916,7,7,1.098,46.1,6,1,0,41,56449,consensus,/maintenance/ICIGDev/GPUPOC/output/output299/win3072_nfauto/band1_toL8Ref/filtered_same-res_hessian
6,band1,win3072_nfauto,keynet,ada,lmeds90,293.1946057004163,131.29115595790543,-59.051050955960946,607.8981803797433,7,7,1.862,80.06,6,1,0,42,59606,consensus,/maintenance/ICIGDev/GPUPOC/output/output299/win3072_nfauto/band1_toL8Ref/filtered_same-res_keynet
7,band1,win3072_nfauto,disk_epipolar,smnn0.9,lmeds90,295.5151551320417,95.43835477915283,-55.702470912761136,631.0191314675491,7,7,3.264,146.9,6,1,0,41,56929,consensus,/maintenance/ICIGDev/GPUPOC/output/output299/win3072_nfauto/band1_toL8Ref/filtered_same-res_disk_epipolar
8,band1,win3072_nfauto,dedode_L-C4-v2_B-C4,mnn,lmeds90,299.2222510338161,148.6368941650882,-44.95636546274324,605.0771312799573,7,7,4.303,193.65,6,1,0,39,34364,consensus,/maintenance/ICIGDev/GPUPOC/output/output299/win3072_nfauto/band1_toL8Ref/filtered_same-res_dedode_L-C4-v2_B-C4
9,band1,win3072_nfauto,imw-roma,internal,accurate90,313.4117895457408,160.67398700409103,-87.2386577345087,673.2958975342418,7,7,3.872,174.22,6,1,0,38,80683,consensus,/maintenance/ICIGDev/GPUPOC/output/output299/win3072_nfauto/band1_toL8Ref/filtered_same-res_imw-roma
10,band1,win3072_nfauto,imw-minima-roma,internal,magsac90,314.9716187182144,113.78044901934592,-73.9210567760252,684.7857580308612,7,7,4.017,184.78,5,2,0,41,57404,consensus,/maintenance/ICIGDev/GPUPOC/output/output299/win3072_nfauto/band1_toL8Ref/filtered_same-res_imw-minima-roma
11,band1,win3072_nfauto,imw-minima-roma,internal,ransac90,316.4568191000406,87.31093105625625,-49.500850605529976,672.6312521038319,7,7,4.017,184.78,6,1,0,41,56294,consensus,/maintenance/ICIGDev/GPUPOC/output/output299/win3072_nfauto/band1_toL8Ref/filtered_same-res_imw-minima-roma
12,band1,win3072_nfauto,imw-minima-roma,internal,accurate90,317.85494028234643,90.28693059776431,-50.32093665071001,676.4112014954145,7,7,4.017,184.78,6,1,0,41,61740,consensus,/maintenance/ICIGDev/GPUPOC/output/output299/win3072_nfauto/band1_toL8Ref/filtered_same-res_imw-minima-roma
13,band1,win3072_nfauto,disk_epipolar,ada,lmeds90,323.46628718510465,82.51278348367539,-62.44139832835156,724.2443819763063,7,7,3.029,133.3,7,0,0,40,186911,consensus,/maintenance/ICIGDev/GPUPOC/output/output299/win3072_nfauto/band1_toL8Ref/filtered_same-res_disk_epipolar
14,band1,win3072_nfauto,disk_epipolar,smnn0.95,lmeds90,331.6871948446968,92.70561912311028,-61.51397976061292,751.3243050302394,7,7,2.959,133.15,6,1,0,40,98738,consensus,/maintenance/ICIGDev/GPUPOC/output/output299/win3072_nfauto/band1_toL8Ref/filtered_same-res_disk_epipolar
15,band1,win3072_nfauto,dog_hardnet,ada,lmeds90,385.8117081017581,155.69814062653364,-76.86925547121635,863.264030441411,7,7,0.998,40.92,7,0,0,41,58089,consensus,/maintenance/ICIGDev/GPUPOC/output/output299/win3072_nfauto/band1_toL8Ref/filtered_same-res_dog_hardnet
16,band1,win3072_nfauto,dedode_L-upright_B-upright,mnn,lmeds90,2238.782224389116,94.70924060936015,876.2781296578004,5719.617860519171,7,7,4.61,179.8,4,3,0,39,24712,consensus,/maintenance/ICIGDev/GPUPOC/output/output299/win3072_nfauto/band1_toL8Ref/filtered_same-res_dedode_L-upright_B-upright
17,band1,win3072_nfauto,disk_depth,mnn,lmeds90,4790.963476702612,60.012783483675385,1933.630030243077,12650.880510802861,7,7,2.831,127.38,7,0,0,40,109395,consensus,/maintenance/ICIGDev/GPUPOC/output/output299/win3072_nfauto/band1_toL8Ref/filtered_same-res_disk_depth
18,band1,win3072_nfauto,dedode_L-C4-v2_B-upright,mnn,lmeds90,4994.231829476205,97.37300617253302,1812.9208394417708,13189.246252585826,7,7,4.28,192.59,6,1,0,44,31629,consensus,/maintenance/ICIGDev/GPUPOC/output/output299/win3072_nfauto/band1_toL8Ref/filtered_same-res_dedode_L-C4-v2_B-upright
19,band1,win3072_nfauto,hessian,smnn0.95,lmeds90,5159.171021752863,188.97292634081583,1940.82032310023,13641.5869234315,7,7,1.075,48.4,7,0,0,44,25811,consensus,/maintenance/ICIGDev/GPUPOC/output/output299/win3072_nfauto/band1_toL8Ref/filtered_same-res_hessian
20,band1,win3072_nfauto,disk_epipolar,mnn,lmeds90,5828.800836142549,2268.227069197961,78.98717310021986,15410.647385857286,7,7,2.852,128.33,7,0,0,45,412459,consensus,/maintenance/ICIGDev/GPUPOC/output/output299/win3072_nfauto/band1_toL8Ref/filtered_same-res_disk_epipolar
21,band1,win3072_nfauto,sift,mnn,lmeds90,8014.4835613951045,1561.3865691979624,4507.447558814499,13017.238524848204,7,7,0.957,43.07,7,0,0,45,37748,consensus,/maintenance/ICIGDev/GPUPOC/output/output299/win3072_nfauto/band1_toL8Ref/filtered_same-res_sift
22,band1,win3072_nfauto,dog_hardnet,mnn,lmeds90,12923.868688945071,1193.5257834836743,7875.327173100221,27139.25579582889,7,7,0.876,39.4,7,0,0,45,213483,consensus,/maintenance/ICIGDev/GPUPOC/output/output299/win3072_nfauto/band1_toL8Ref/filtered_same-res_dog_hardnet
23,band1,win3072_nfauto,dedode_L-upright_B-C4,ada,lmeds90,13739.974437329309,1761.5590402019614,1168.3681314397077,28634.446660277008,7,7,4.551,191.15,6,1,0,42,93199,consensus,/maintenance/ICIGDev/GPUPOC/output/output299/win3072_nfauto/band1_toL8Ref/filtered_same-res_dedode_L-upright_B-C4
24,band1,win3072_nfauto,dedode_L-C4_B-upright,nn,ransac90,14621.95739471857,254.63280252827357,1506.197899686544,25121.707835160105,7,7,4.461,200.77,1,6,0,45,12423,consensus,/maintenance/ICIGDev/GPUPOC/output/output299/win3072_nfauto/band1_toL8Ref/filtered_same-res_dedode_L-C4_B-upright
25,band1,win3072_nfauto,dedode_L-C4_B-upright,nn,lmeds90,15055.282728584383,1903.2830360157532,5207.95065861958,24368.773741914676,7,7,4.461,200.77,6,1,0,45,1402017,consensus,/maintenance/ICIGDev/GPUPOC/output/output299/win3072_nfauto/band1_toL8Ref/filtered_same-res_dedode_L-C4_B-upright
26,band1,win3072_nfauto,dedode_L-C4_B-upright,nn,accurate90,15812.712929103076,5987.357754596667,-2015.198662911465,23127.525009633748,7,7,4.461,200.77,3,4,0,45,47229,consensus,/maintenance/ICIGDev/GPUPOC/output/output299/win3072_nfauto/band1_toL8Ref/filtered_same-res_dedode_L-C4_B-upright
27,band1,win3072_nfauto,gftt,mnn,lmeds90,15886.403555916728,1015.0304977693906,10775.408315957364,27871.258566096516,7,7,0.937,42.18,7,0,0,45,171175,consensus,/maintenance/ICIGDev/GPUPOC/output/output299/win3072_nfauto/band1_toL8Ref/filtered_same-res_gftt
28,band1,win3072_nfauto,keynet,mnn,lmeds90,16456.85040725887,2093.061497769391,10026.185315957362,30882.869270880623,7,7,1.743,78.45,7,0,0,45,136140,consensus,/maintenance/ICIGDev/GPUPOC/output/output299/win3072_nfauto/band1_toL8Ref/filtered_same-res_keynet
29,band1,win3072_nfauto,hessian,mnn,lmeds90,16628.904075912607,1650.6784263408165,11728.956744528788,27234.889710854164,7,7,0.987,44.44,7,0,0,45,227029,consensus,/maintenance/ICIGDev/GPUPOC/output/output299/win3072_nfauto/band1_toL8Ref/filtered_same-res_hessian
30,band1,win3072_nfauto,disk_epipolar,nn,lmeds90,18434.83841743133,2692.5127834836753,12206.48717310022,31577.600156952332,7,7,2.949,132.71,7,0,0,45,1347417,consensus,/maintenance/ICIGDev/GPUPOC/output/output299/win3072_nfauto/band1_toL8Ref/filtered_same-res_disk_epipolar
31,band1,win3072_nfauto,dedode_L-upright_B-C4,nn,lmeds90,19309.426289192073,1400.3699263408182,7150.415744528792,27724.568122789788,7,7,4.331,194.92,7,0,0,45,1337083,consensus,/maintenance/ICIGDev/GPUPOC/output/output299/win3072_nfauto/band1_toL8Ref/filtered_same-res_dedode_L-upright_B-C4
32,band1,win3072_nfauto,dedode_L-C4_B-C4,nn,lmeds90,21284.279852762316,4738.34038411207,12331.915415952244,36928.239289769444,7,7,4.459,200.67,6,1,0,45,1379820,consensus,/maintenance/ICIGDev/GPUPOC/output/output299/win3072_nfauto/band1_toL8Ref/filtered_same-res_dedode_L-C4_B-C4
33,band1,win3072_nfauto,dedode_L-upright_B-upright,nn,lmeds90,21762.88837975128,6538.478773439281,6907.7204182330215,41405.75956637312,7,7,4.744,185.01,6,1,0,39,1150536,consensus,/maintenance/ICIGDev/GPUPOC/output/output299/win3072_nfauto/band1_toL8Ref/filtered_same-res_dedode_L-upright_B-upright
34,band1,win3072_nfauto,dedode_L-C4_B-upright,ada,lmeds90,24424.25804423324,6337.927349148012,-3728.179448581621,58821.23772107456,7,7,4.704,197.59,5,2,0,41,103683,consensus,/maintenance/ICIGDev/GPUPOC/output/output299/win3072_nfauto/band1_toL8Ref/filtered_same-res_dedode_L-C4_B-upright
35,band1,win3072_nfauto,gftt,nn,lmeds90,24754.65776853084,500.7639263408195,19846.52843024308,39104.06467315608,7,7,1.041,46.83,7,0,0,45,1004190,consensus,/maintenance/ICIGDev/GPUPOC/output/output299/win3072_nfauto/band1_toL8Ref/filtered_same-res_gftt
36,band1,win3072_nfauto,sift,nn,lmeds90,24760.67942391747,2276.0514263408186,19250.72474452879,47106.94670783873,7,7,1.125,50.61,7,0,0,45,1336384,consensus,/maintenance/ICIGDev/GPUPOC/output/output299/win3072_nfauto/band1_toL8Ref/filtered_same-res_sift
37,band1,win3072_nfauto,keynet,nn,lmeds90,25059.58844742179,-684.5215022306085,18697.765601671654,42174.916024622034,7,7,1.832,82.42,7,0,0,45,791395,consensus,/maintenance/ICIGDev/GPUPOC/output/output299/win3072_nfauto/band1_toL8Ref/filtered_same-res_keynet
38,band1,win3072_nfauto,dedode_L-C4-v2_B-upright,nn,lmeds90,26569.998578515067,1622.1549263408185,17021.487744528793,46897.954394912784,7,7,4.441,199.84,7,0,0,45,1406390,consensus,/maintenance/ICIGDev/GPUPOC/output/output299/win3072_nfauto/band1_toL8Ref/filtered_same-res_dedode_L-C4-v2_B-upright
39,band1,win3072_nfauto,dog_hardnet,nn,lmeds90,26827.18321397242,-447.3780736591803,18763.062601671645,41966.330832197506,7,7,0.998,44.92,7,0,0,45,1336251,consensus,/maintenance/ICIGDev/GPUPOC/output/output299/win3072_nfauto/band1_toL8Ref/filtered_same-res_dog_hardnet
40,band1,win3072_nfauto,hessian,nn,lmeds90,26862.98382777312,-1562.8733736591785,19048.05413024308,39218.251546854626,7,7,1.122,50.5,7,0,0,45,1353347,consensus,/maintenance/ICIGDev/GPUPOC/output/output299/win3072_nfauto/band1_toL8Ref/filtered_same-res_hessian
41,band1,win3072_nfauto,disk_depth,nn,lmeds90,29816.353004672026,2788.9413549122464,19496.487173100217,47914.61426269295,7,7,2.961,133.24,7,0,0,45,1365574,consensus,/maintenance/ICIGDev/GPUPOC/output/output299/win3072_nfauto/band1_toL8Ref/filtered_same-res_disk_depth
42,band1,win3072_nfauto,dedode_L-C4-v2_B-C4,nn,lmeds90,29848.373286659076,-569.9872165163246,18696.13003024308,48423.706880413745,7,7,4.467,201.03,7,0,0,45,1403225,consensus,/maintenance/ICIGDev/GPUPOC/output/output299/win3072_nfauto/band1_toL8Ref/filtered_same-res_dedode_L-C4-v2_B-C4
43,band1,win3072_nfauto,dedode_L-C4_B-C4,mnn,lmeds90,33808.039376681925,3567.574471988339,7705.5625631693565,72834.29067664947,7,7,4.287,192.92,6,1,0,44,38918,consensus,/maintenance/ICIGDev/GPUPOC/output/output299/win3072_nfauto/band1_toL8Ref/filtered_same-res_dedode_L-C4_B-C4
44,band1,win3072_nfauto,dedode_L-upright_B-upright,ada,lmeds90,39075.67471106905,11540.640559104093,735.2260529415006,87815.75515678758,7,7,4.796,182.23,4,3,0,38,96635,consensus,/maintenance/ICIGDev/GPUPOC/output/output299/win3072_nfauto/band1_toL8Ref/filtered_same-res_dedode_L-upright_B-upright
45,band1,win3072_nfauto,dedode_L-C4-v2_B-upright,ada,lmeds90,192.37035258358785,14.821899077566892,-5.17032768149996,281.628972113107,6,7,4.59,197.35,5,1,1,32,31211,consensus,/maintenance/ICIGDev/GPUPOC/output/output299/win3072_nfauto/band1_toL8Ref/filtered_same-res_dedode_L-C4-v2_B-upright
46,band1,win3072_nfauto,dedode_L-C4-v2_B-upright,fginn,lmeds90,249.1565799825019,5.2403323329845835,-27.475763875616092,461.3952889153726,6,7,4.293,193.18,0,6,1,15,168,consensus,/maintenance/ICIGDev/GPUPOC/output/output299/win3072_nfauto/band1_toL8Ref/filtered_same-res_dedode_L-C4-v2_B-upright
47,band1,win3072_nfauto,dog_hardnet,smnn0.95,lmeds90,251.70284740691446,57.2659743051698,-0.6633548213523378,471.17100460784536,6,7,0.981,44.13,5,1,1,33,22704,consensus,/maintenance/ICIGDev/GPUPOC/output/output299/win3072_nfauto/band1_toL8Ref/filtered_same-res_dog_hardnet
48,band1,win3072_nfauto,dedode_L-upright_B-upright,mnn,magsac90,254.35737211491707,68.73460571675128,-37.785981353346564,530.9770054410994,6,7,4.61,179.8,1,5,1,35,3809,consensus,/maintenance/ICIGDev/GPUPOC/output/output299/win3072_nfauto/band1_toL8Ref/filtered_same-res_dedode_L-upright_B-upright
49,band1,win3072_nfauto,dog_hardnet,lgm,magsac90,256.7537982894942,111.65418717851996,-72.21927383653822,536.9558458251541,6,7,1.512,54.43,0,6,1,27,3886,consensus,/maintenance/ICIGDev/GPUPOC/output/output299/win3072_nfauto/band1_toL8Ref/filtered_same-res_dog_hardnet
50,band1,win3072_nfauto,dog_hardnet,snn,magsac90,263.0214115060989,99.9149784313144,-51.49777708124581,503.8770923100016,6,7,0.856,38.54,0,6,1,37,1595,consensus,/maintenance/ICIGDev/GPUPOC/output/output299/win3072_nfauto/band1_toL8Ref/filtered_same-res_dog_hardnet
51,band1,win3072_nfauto,dedode_L-C4_B-upright,mnn,magsac90,266.94842266183366,57.87450957021247,-79.57535276944752,551.0729252088879,6,7,4.319,194.37,1,5,1,32,2665,consensus,/maintenance/ICIGDev/GPUPOC/output/output299/win3072_nfauto/band1_toL8Ref/filtered_same-res_dedode_L-C4_B-upright
52,band1,win3072_nfauto,gftt,snn,ransac90,277.32797270525,102.96704164958442,-84.96204210309725,556.6785710877975,6,7,0.994,41.75,0,6,1,34,869,consensus,/maintenance/ICIGDev/GPUPOC/output/output299/win3072_nfauto/band1_toL8Ref/filtered_same-res_gftt
53,band1,win3072_nfauto,dedode_L-upright_B-C4,mnn,accurate90,282.0761757265224,64.74544651853974,-47.15730952490776,587.42466684368,6,7,4.194,188.74,1,5,1,38,5977,consensus,/maintenance/ICIGDev/GPUPOC/output/output299/win3072_nfauto/band1_toL8Ref/filtered_same-res_dedode_L-upright_B-C4
54,band1,win3072_nfauto,imw-darkfeat-nn,internal,accurate90,282.6049560592211,98.98335372414765,-32.83904942227082,584.2568909700044,6,7,3.655,164.45,2,4,1,36,5055,consensus,/maintenance/ICIGDev/GPUPOC/output/output299/win3072_nfauto/band1_toL8Ref/filtered_same-res_imw-darkfeat-nn
55,band1,win3072_nfauto,dog_hardnet,lgm,accurate90,286.3031571014914,105.24801788998236,-90.68632135580901,581.5802285084483,6,7,1.512,54.43,2,4,1,28,4469,consensus,/maintenance/ICIGDev/GPUPOC/output/output299/win3072_nfauto/band1_toL8Ref/filtered_same-res_dog_hardnet
56,band1,win3072_nfauto,keynet,fginn,lmeds90,289.5978853491407,95.24351992514464,-60.97696277207842,557.7421498715682,6,7,1.733,77.98,0,6,1,39,4359,consensus,/maintenance/ICIGDev/GPUPOC/output/output299/win3072_nfauto/band1_toL8Ref/filtered_same-res_keynet
57,band1,win3072_nfauto,dog_hardnet,mnn,magsac90,289.66813902718815,103.80275088482115,-67.71443231556516,607.4731554577598,6,7,0.876,39.4,1,5,1,35,8456,consensus,/maintenance/ICIGDev/GPUPOC/output/output299/win3072_nfauto/band1_toL8Ref/filtered_same-res_dog_hardnet
58,band1,win3072_nfauto,keynet,snn,lmeds90,290.96116132626474,89.61405305317051,-60.316281799712065,559.0342307200093,6,7,1.855,77.89,0,6,1,39,4352,consensus,/maintenance/ICIGDev/GPUPOC/output/output299/win3072_nfauto/band1_toL8Ref/filtered_same-res_keynet
59,band1,win3072_nfauto,dedode_L-upright_B-C4,ada,accurate90,291.0369387306115,140.86812347039563,6.801008090098549,436.6799658065192,6,7,4.551,191.15,2,4,1,34,11869,consensus,/maintenance/ICIGDev/GPUPOC/output/output299/win3072_nfauto/band1_toL8Ref/filtered_same-res_dedode_L-upright_B-C4
60,band1,win3072_nfauto,imw-aliked-lg,internal,lmeds90,293.3811571753319,119.1485707120089,-72.69057923981593,630.1624898694815,6,7,4.455,187.11,4,2,1,38,35987,consensus,/maintenance/ICIGDev/GPUPOC/output/output299/win3072_nfauto/band1_toL8Ref/filtered_same-res_imw-aliked-lg
61,band1,win3072_nfauto,imw-aliked-lg,internal,magsac90,293.3819901581972,87.4673767885525,-69.22715371552037,653.530207037128,6,7,4.455,187.11,4,2,1,38,19211,consensus,/maintenance/ICIGDev/GPUPOC/output/output299/win3072_nfauto/band1_toL8Ref/filtered_same-res_imw-aliked-lg
62,band1,win3072_nfauto,imw-lanet-nn,internal,accurate90,294.8557629086292,113.65825761967153,-49.18990314220264,622.3429160480134,6,7,3.909,175.9,5,1,1,40,21024,consensus,/maintenance/ICIGDev/GPUPOC/output/output299/win3072_nfauto/band1_toL8Ref/filtered_same-res_imw-lanet-nn
63,band1,win3072_nfauto,imw-lanet-nn,internal,ransac90,296.36526860491153,127.08553977574138,-39.02978096001274,615.756920023349,6,7,3.909,175.9,4,2,1,40,18142,consensus,/maintenance/ICIGDev/GPUPOC/output/output299/win3072_nfauto/band1_toL8Ref/filtered_same-res_imw-lanet-nn
64,band1,win3072_nfauto,dedode_L-C4-v2_B-upright,smnn0.95,lmeds90,297.447783707762,101.68875333937262,-75.9571899013775,598.2973181638062,6,7,4.461,200.74,1,5,1,40,3438,consensus,/maintenance/ICIGDev/GPUPOC/output/output299/win3072_nfauto/band1_toL8Ref/filtered_same-res_dedode_L-C4-v2_B-upright
65,band1,win3072_nfauto,imw-aliked-lg,internal,accurate90,297.704477294259,106.91510367412745,-64.57554187965297,651.0859743637338,6,7,4.455,187.11,4,2,1,38,22341,consensus,/maintenance/ICIGDev/GPUPOC/output/output299/win3072_nfauto/band1_toL8Ref/filtered_same-res_imw-aliked-lg
66,band1,win3072_nfauto,imw-aliked-lg,internal,ransac90,298.07960372249613,101.57528045512565,-62.42423033762983,630.3529422923784,6,7,4.455,187.11,3,3,1,38,19070,consensus,/maintenance/ICIGDev/GPUPOC/output/output299/win3072_nfauto/band1_toL8Ref/filtered_same-res_imw-aliked-lg
67,band1,win3072_nfauto,imw-lanet-nn,internal,lmeds90,298.29588871299006,132.40213930617423,-51.82389448274125,616.5194538300121,6,7,3.909,175.9,5,1,1,41,31548,consensus,/maintenance/ICIGDev/GPUPOC/output/output299/win3072_nfauto/band1_toL8Ref/filtered_same-res_imw-lanet-nn
68,band1,win3072_nfauto,imw-liftfeat-nn,internal,ransac90,299.495967411872,106.22541240084304,-68.9053374328317,651.1129876752185,6,7,4.609,207.39,4,2,1,41,11693,consensus,/maintenance/ICIGDev/GPUPOC/output/output299/win3072_nfauto/band1_toL8Ref/filtered_same-res_imw-liftfeat-nn
69,band1,win3072_nfauto,hessian,ada,magsac90,299.5345510660365,134.53070305688462,-64.21230210149027,611.0191681040402,6,7,1.098,46.1,2,4,1,40,11784,consensus,/maintenance/ICIGDev/GPUPOC/output/output299/win3072_nfauto/band1_toL8Ref/filtered_same-res_hessian
70,band1,win3072_nfauto,disk_epipolar,ada,accurate90,301.57192269965833,82.86991440606653,-55.64945704661022,609.7206197408125,6,7,3.029,133.3,5,1,1,41,55205,consensus,/maintenance/ICIGDev/GPUPOC/output/output299/win3072_nfauto/band1_toL8Ref/filtered_same-res_disk_epipolar
71,band1,win3072_nfauto,imw-liftfeat-nn,internal,magsac90,302.7003662666845,85.73097100078212,-57.90561624473579,667.1861430542517,6,7,4.609,207.39,5,1,1,41,11798,consensus,/maintenance/ICIGDev/GPUPOC/output/output299/win3072_nfauto/band1_toL8Ref/filtered_same-res_imw-liftfeat-nn
72,band1,win3072_nfauto,imw-liftfeat-nn,internal,lmeds90,303.51201245706505,88.75792813403586,-44.1614996721587,648.8580316861943,6,7,4.609,207.39,5,1,1,40,24981,consensus,/maintenance/ICIGDev/GPUPOC/output/output299/win3072_nfauto/band1_toL8Ref/filtered_same-res_imw-liftfeat-nn
73,band1,win3072_nfauto,dedode_L-C4-v2_B-upright,ada,accurate90,304.31094022083954,49.895282101854114,-40.93547837621767,598.9471110640621,6,7,4.59,197.35,2,4,1,31,6769,consensus,/maintenance/ICIGDev/GPUPOC/output/output299/win3072_nfauto/band1_toL8Ref/filtered_same-res_dedode_L-C4-v2_B-upright
74,band1,win3072_nfauto,disk_epipolar,nn,accurate90,305.73899196765984,72.68828072302404,-53.47024975213162,631.3792651522862,6,7,2.949,132.71,5,1,1,37,51310,consensus,/maintenance/ICIGDev/GPUPOC/output/output299/win3072_nfauto/band1_toL8Ref/filtered_same-res_disk_epipolar
75,band1,win3072_nfauto,imw-sp-sg,internal,accurate90,306.0336431609136,155.9610521138578,-77.28135550635746,630.7641346040771,6,7,5.741,229.66,1,5,1,38,5022,consensus,/maintenance/ICIGDev/GPUPOC/output/output299/win3072_nfauto/band1_toL8Ref/filtered_same-res_imw-sp-sg
76,band1,win3072_nfauto,disk_epipolar,smnn0.9,accurate90,306.95996852659505,106.28876356040958,-54.1220140296626,634.4007534450828,6,7,3.264,146.9,5,1,1,40,23786,consensus,/maintenance/ICIGDev/GPUPOC/output/output299/win3072_nfauto/band1_toL8Ref/filtered_same-res_disk_epipolar
77,band1,win3072_nfauto,imw-dkm,internal,lmeds90,307.8680095930388,146.60863275951138,-59.35597871259112,625.8700884948357,6,7,3.882,174.69,4,2,1,42,97452,consensus,/maintenance/ICIGDev/GPUPOC/output/output299/win3072_nfauto/band1_toL8Ref/filtered_same-res_imw-dkm
78,band1,win3072_nfauto,dog_hardnet,fginn,magsac90,308.0584908465016,142.95588836174275,-69.17858103196856,581.0845613935221,6,7,0.858,38.59,0,6,1,37,1582,consensus,/maintenance/ICIGDev/GPUPOC/output/output299/win3072_nfauto/band1_toL8Ref/filtered_same-res_dog_hardnet
79,band1,win3072_nfauto,dedode_L-C4-v2_B-upright,smnn0.95,accurate90,310.7141901855172,76.37362882578009,-80.39142515709682,626.6802658408795,6,7,4.461,200.74,1,5,1,39,1259,consensus,/maintenance/ICIGDev/GPUPOC/output/output299/win3072_nfauto/band1_toL8Ref/filtered_same-res_dedode_L-C4-v2_B-upright
80,band1,win3072_nfauto,imw-dkm,internal,magsac90,311.2054546791322,177.12057260084535,-79.93099025285103,637.8753341843588,6,7,3.882,174.69,3,3,1,42,78778,consensus,/maintenance/ICIGDev/GPUPOC/output/output299/win3072_nfauto/band1_toL8Ref/filtered_same-res_imw-dkm
81,band1,win3072_nfauto,dedode_L-C4-v2_B-upright,ada,magsac90,312.2707651379812,60.207580226968275,-42.56295150857841,604.6995269457112,6,7,4.59,197.35,2,4,1,32,5926,consensus,/maintenance/ICIGDev/GPUPOC/output/output299/win3072_nfauto/band1_toL8Ref/filtered_same-res_dedode_L-C4-v2_B-upright
82,band1,win3072_nfauto,dedode_L-C4-v2_B-upright,smnn0.95,ransac90,312.2843662144278,80.06929207577362,-72.8619894531815,622.9682347720442,6,7,4.461,200.74,1,5,1,39,1146,consensus,/maintenance/ICIGDev/GPUPOC/output/output299/win3072_nfauto/band1_toL8Ref/filtered_same-res_dedode_L-C4-v2_B-upright
83,band1,win3072_nfauto,imw-darkfeat-nn,internal,ransac90,313.0352201849571,140.20621983887054,-80.4684079351282,627.1934046954559,6,7,3.655,164.45,2,4,1,37,4341,consensus,/maintenance/ICIGDev/GPUPOC/output/output299/win3072_nfauto/band1_toL8Ref/filtered_same-res_imw-darkfeat-nn
84,band1,win3072_nfauto,dedode_L-upright_B-upright,mnn,ransac90,313.9110951344315,118.80633311560034,-70.96044129659064,535.9811945310589,6,7,4.61,179.8,1,5,1,33,4022,consensus,/maintenance/ICIGDev/GPUPOC/output/output299/win3072_nfauto/band1_toL8Ref/filtered_same-res_dedode_L-upright_B-upright
85,band1,win3072_nfauto,imw-lanet-nn,internal,magsac90,314.8707641029359,119.19192917244133,-55.626332058904005,653.6618236601527,6,7,3.909,175.9,5,1,1,37,16202,consensus,/maintenance/ICIGDev/GPUPOC/output/output299/win3072_nfauto/band1_toL8Ref/filtered_same-res_imw-lanet-nn
86,band1,win3072_nfauto,keynet,snn,magsac90,315.3502466492672,136.75405835731422,-90.46707094124486,619.3066170381294,6,7,1.855,77.89,0,6,1,38,1356,consensus,/maintenance/ICIGDev/GPUPOC/output/output299/win3072_nfauto/band1_toL8Ref/filtered_same-res_keynet
87,band1,win3072_nfauto,imw-r2d2-nn,internal,lmeds90,315.52039200138034,123.1469641356498,-48.62047067825688,618.2603109833219,6,7,3.663,161.19,3,3,1,40,11520,consensus,/maintenance/ICIGDev/GPUPOC/output/output299/win3072_nfauto/band1_toL8Ref/filtered_same-res_imw-r2d2-nn
88,band1,win3072_nfauto,disk_epipolar,smnn0.95,magsac90,315.86316394104233,103.42782692182391,-55.17572155221493,642.4927241445287,6,7,2.959,133.15,5,1,1,40,31955,consensus,/maintenance/ICIGDev/GPUPOC/output/output299/win3072_nfauto/band1_toL8Ref/filtered_same-res_disk_epipolar
89,band1,win3072_nfauto,disk_epipolar,ada,ransac90,316.07962651277415,134.52076940415586,-62.27424441051895,643.5125860039464,6,7,3.029,133.3,5,1,1,42,50576,consensus,/maintenance/ICIGDev/GPUPOC/output/output299/win3072_nfauto/band1_toL8Ref/filtered_same-res_disk_epipolar
90,band1,win3072_nfauto,imw-roma,internal,ransac90,316.23385745783844,138.2895298043254,-61.63879339605379,677.4716683318724,6,7,3.872,174.22,5,1,1,38,72659,consensus,/maintenance/ICIGDev/GPUPOC/output/output299/win3072_nfauto/band1_toL8Ref/filtered_same-res_imw-roma
91,band1,win3072_nfauto,disk_epipolar,smnn0.95,accurate90,316.31081901108314,96.50069981015774,-62.17900375523899,641.5101596559915,6,7,2.959,133.15,5,1,1,40,35807,consensus,/maintenance/ICIGDev/GPUPOC/output/output299/win3072_nfauto/band1_toL8Ref/filtered_same-res_disk_epipolar
92,band1,win3072_nfauto,dedode_L-C4-v2_B-upright,lgm,lmeds90,316.49863475738164,76.92142301251322,-20.181884024600702,542.884023150603,6,7,4.624,203.48,5,1,1,37,53637,consensus,/maintenance/ICIGDev/GPUPOC/output/output299/win3072_nfauto/band1_toL8Ref/filtered_same-res_dedode_L-C4-v2_B-upright
93,band1,win3072_nfauto,hessian,smnn0.9,ransac90,316.89235101961157,109.45099208459585,-98.54479490801471,620.4600243284332,6,7,5.986,269.35,1,5,1,40,2639,consensus,/maintenance/ICIGDev/GPUPOC/output/output299/win3072_nfauto/band1_toL8Ref/filtered_same-res_hessian
94,band1,win3072_nfauto,disk_epipolar,ada,magsac90,316.9347474434083,83.8175984095539,-61.629646024092835,634.5226559327972,6,7,3.029,133.3,5,1,1,41,50274,consensus,/maintenance/ICIGDev/GPUPOC/output/output299/win3072_nfauto/band1_toL8Ref/filtered_same-res_disk_epipolar
95,band1,win3072_nfauto,hessian,ada,accurate90,317.16829661141276,134.91311196235492,-73.20901418797712,671.537482553438,6,7,1.098,46.1,2,4,1,40,13370,consensus,/maintenance/ICIGDev/GPUPOC/output/output299/win3072_nfauto/band1_toL8Ref/filtered_same-res_hessian
96,band1,win3072_nfauto,disk_epipolar,nn,ransac90,317.31852116861774,90.81157527163646,-82.99883974470367,623.1276168141386,6,7,2.949,132.71,4,2,1,41,36930,consensus,/maintenance/ICIGDev/GPUPOC/output/output299/win3072_nfauto/band1_toL8Ref/filtered_same-res_disk_epipolar
97,band1,win3072_nfauto,imw-gim-roma,internal,accurate90,317.8669907510825,106.8580563252696,-49.61949914341434,692.180835075262,6,7,4.145,186.52,5,1,1,39,65552,consensus,/maintenance/ICIGDev/GPUPOC/output/output299/win3072_nfauto/band1_toL8Ref/filtered_same-res_imw-gim-roma
98,band1,win3072_nfauto,imw-d2net-nn,internal,accurate90,318.0835787456223,83.7161792186542,-15.75701254406143,640.6476189772759,6,7,5.694,244.84,3,3,1,40,6092,consensus,/maintenance/ICIGDev/GPUPOC/output/output299/win3072_nfauto/band1_toL8Ref/filtered_same-res_imw-d2net-nn
99,band1,win3072_nfauto,imw-dkm,internal,accurate90,318.1172549204812,149.7871402930697,-66.2986429454395,646.7677678168706,6,7,3.882,174.69,4,2,1,42,85178,consensus,/maintenance/ICIGDev/GPUPOC/output/output299/win3072_nfauto/band1_toL8Ref/filtered_same-res_imw-dkm
100,band1,win3072_nfauto,keynet,snn,ransac90,318.47184649461377,149.72447844698294,-96.9216376736061,616.259238377167,6,7,1.855,77.89,0,6,1,38,1450,consensus,/maintenance/ICIGDev/GPUPOC/output/output299/win3072_nfauto/band1_toL8Ref/filtered_same-res_keynet
101,band1,win3072_nfauto,disk_epipolar,mnn,accurate90,319.51207846985204,77.77807276039282,-58.212166709306985,671.0511149954119,6,7,2.852,128.33,5,1,1,39,49133,consensus,/maintenance/ICIGDev/GPUPOC/output/output299/win3072_nfauto/band1_toL8Ref/filtered_same-res_disk_epipolar
102,band1,win3072_nfauto,imw-minima-roma,internal,lmeds90,320.75663928555645,156.82588541996333,-67.48445538547867,665.7284181387032,6,7,4.017,184.78,5,1,1,41,71392,consensus,/maintenance/ICIGDev/GPUPOC/output/output299/win3072_nfauto/band1_toL8Ref/filtered_same-res_imw-minima-roma
103,band1,win3072_nfauto,keynet,ada,magsac90,321.0507657998165,98.24083690266541,-42.79256811319616,648.7281809510158,6,7,1.862,80.06,4,2,1,42,16230,consensus,/maintenance/ICIGDev/GPUPOC/output/output299/win3072_nfauto/band1_toL8Ref/filtered_same-res_keynet
104,band1,win3072_nfauto,hessian,smnn0.9,accurate90,321.39585290038804,132.16435499778694,-104.06550906780255,639.4029552798447,6,7,5.986,269.35,2,4,1,40,3061,consensus,/maintenance/ICIGDev/GPUPOC/output/output299/win3072_nfauto/band1_toL8Ref/filtered_same-res_hessian
105,band1,win3072_nfauto,gftt,ada,magsac90,322.06402162442384,79.98445114799483,-38.22181653762815,643.2196613560994,6,7,1.018,43.77,2,4,1,37,8980,consensus,/maintenance/ICIGDev/GPUPOC/output/output299/win3072_nfauto/band1_toL8Ref/filtered_same-res_gftt
106,band1,win3072_nfauto,disk_epipolar,fginn,magsac90,322.6026330974894,121.21487110520836,-68.2084971728403,660.3053813253119,6,7,2.831,127.41,4,2,1,40,9441,consensus,/maintenance/ICIGDev/GPUPOC/output/output299/win3072_nfauto/band1_toL8Ref/filtered_same-res_disk_epipolar
107,band1,win3072_nfauto,disk_depth,ada,lmeds90,323.39579892720667,165.0980177671639,-61.35028288339572,640.3557427091934,6,7,2.986,134.37,5,1,1,40,108005,consensus,/maintenance/ICIGDev/GPUPOC/output/output299/win3072_nfauto/band1_toL8Ref/filtered_same-res_disk_depth
108,band1,win3072_nfauto,imw-dkm,internal,ransac90,323.50182426214315,149.01288770589494,-68.62871909938622,648.5202550040876,6,7,3.882,174.69,4,2,1,42,77877,consensus,/maintenance/ICIGDev/GPUPOC/output/output299/win3072_nfauto/band1_toL8Ref/filtered_same-res_imw-dkm
109,band1,win3072_nfauto,disk_epipolar,mnn,ransac90,323.9799491580057,143.73951215865782,-64.76082832183147,661.5595482370633,6,7,2.852,128.33,5,1,1,41,42202,consensus,/maintenance/ICIGDev/GPUPOC/output/output299/win3072_nfauto/band1_toL8Ref/filtered_same-res_disk_epipolar
110,band1,win3072_nfauto,imw-d2net-nn,internal,lmeds90,324.34665403270355,78.1044662088246,-36.99354925536121,646.1266359476823,6,7,5.694,244.84,5,1,1,40,12902,consensus,/maintenance/ICIGDev/GPUPOC/output/output299/win3072_nfauto/band1_toL8Ref/filtered_same-res_imw-d2net-nn
111,band1,win3072_nfauto,hessian,ada,ransac90,324.5574294580373,113.54426481533444,-42.55954697052599,661.2646104021115,6,7,1.098,46.1,3,3,1,41,11834,consensus,/maintenance/ICIGDev/GPUPOC/output/output299/win3072_nfauto/band1_toL8Ref/filtered_same-res_hessian
112,band1,win3072_nfauto,sift,mnn,ransac90,324.6502112798575,152.42478422481545,-111.41299568626118,661.9046086572034,6,7,0.957,43.07,1,5,1,40,5782,consensus,/maintenance/ICIGDev/GPUPOC/output/output299/win3072_nfauto/band1_toL8Ref/filtered_same-res_sift
113,band1,win3072_nfauto,imw-roma,internal,magsac90,324.746846546847,158.7600696757369,-70.69358263301167,700.8455703047597,6,7,3.872,174.22,5,1,1,38,74681,consensus,/maintenance/ICIGDev/GPUPOC/output/output299/win3072_nfauto/band1_toL8Ref/filtered_same-res_imw-roma
114,band1,win3072_nfauto,disk_epipolar,snn,ransac90,325.07834785184934,142.10848363790896,-62.7699262902485,630.511760093932,6,7,2.958,127.2,2,4,1,40,9786,consensus,/maintenance/ICIGDev/GPUPOC/output/output299/win3072_nfauto/band1_toL8Ref/filtered_same-res_disk_epipolar
115,band1,win3072_nfauto,imw-gim-roma,internal,magsac90,329.09176936163624,110.44832406185985,-51.92711354721026,703.7341574358704,6,7,4.145,186.52,5,1,1,39,58483,consensus,/maintenance/ICIGDev/GPUPOC/output/output299/win3072_nfauto/band1_toL8Ref/filtered_same-res_imw-gim-roma
116,band1,win3072_nfauto,dog_hardnet,ada,ransac90,330.10624341778487,139.95612843146242,-87.7764074577123,639.0885632226726,6,7,0.998,40.92,3,3,1,41,15106,consensus,/maintenance/ICIGDev/GPUPOC/output/output299/win3072_nfauto/band1_toL8Ref/filtered_same-res_dog_hardnet
117,band1,win3072_nfauto,disk_epipolar,mnn,magsac90,330.52791125817936,112.70193499583456,-54.929753126263826,676.9764014027033,6,7,2.852,128.33,5,1,1,39,42312,consensus,/maintenance/ICIGDev/GPUPOC/output/output299/win3072_nfauto/band1_toL8Ref/filtered_same-res_disk_epipolar
118,band1,win3072_nfauto,keynet,smnn0.95,lmeds90,330.7689415656347,109.86197416752186,-22.26972861230767,636.0546705615417,6,7,1.791,80.6,5,1,1,39,22840,consensus,/maintenance/ICIGDev/GPUPOC/output/output299/win3072_nfauto/band1_toL8Ref/filtered_same-res_keynet
119,band1,win3072_nfauto,imw-r2d2-nn,internal,magsac90,330.7807926604812,180.1248828445789,-74.55140413846523,608.1493376114449,6,7,3.663,161.19,1,5,1,40,4807,consensus,/maintenance/ICIGDev/GPUPOC/output/output299/win3072_nfauto/band1_toL8Ref/filtered_same-res_imw-r2d2-nn
120,band1,win3072_nfauto,disk_depth,smnn0.95,lmeds90,331.47834943729003,148.72046156746833,-56.13251146435308,659.2962798695432,6,7,2.886,129.87,5,1,1,41,39935,consensus,/maintenance/ICIGDev/GPUPOC/output/output299/win3072_nfauto/band1_toL8Ref/filtered_same-res_disk_depth
121,band1,win3072_nfauto,disk_depth,ada,accurate90,331.92686409956144,128.27045131007435,-50.712645190081126,687.8709682948703,6,7,2.986,134.37,5,1,1,39,37128,consensus,/maintenance/ICIGDev/GPUPOC/output/output299/win3072_nfauto/band1_toL8Ref/filtered_same-res_disk_depth
122,band1,win3072_nfauto,gftt,smnn0.9,magsac90,331.9495283402707,158.26491987403423,-111.21588178976769,627.6511885197759,6,7,8.69,391.06,1,5,1,39,1974,consensus,/maintenance/ICIGDev/GPUPOC/output/output299/win3072_nfauto/band1_toL8Ref/filtered_same-res_gftt
123,band1,win3072_nfauto,disk_epipolar,snn,magsac90,332.1837366780519,138.39774991533554,-74.86131809350763,684.9967013044029,6,7,2.958,127.2,2,4,1,40,9531,consensus,/maintenance/ICIGDev/GPUPOC/output/output299/win3072_nfauto/band1_toL8Ref/filtered_same-res_disk_epipolar
124,band1,win3072_nfauto,hessian,mnn,accurate90,332.3091231642611,139.0459152061403,-98.8067401159974,635.7807520564514,6,7,0.987,44.44,2,4,1,34,8751,consensus,/maintenance/ICIGDev/GPUPOC/output/output299/win3072_nfauto/band1_toL8Ref/filtered_same-res_hessian
125,band1,win3072_nfauto,hessian,mnn,ransac90,332.49502482421207,155.76363780505918,-78.50331767328196,608.2408727993604,6,7,0.987,44.44,2,4,1,37,5660,consensus,/maintenance/ICIGDev/GPUPOC/output/output299/win3072_nfauto/band1_toL8Ref/filtered_same-res_hessian
126,band1,win3072_nfauto,dog_hardnet,smnn0.9,lmeds90,332.6592336849393,145.1574354892999,-59.630218558398305,617.1037624716395,6,7,6.874,309.33,3,3,1,40,11461,consensus,/maintenance/ICIGDev/GPUPOC/output/output299/win3072_nfauto/band1_toL8Ref/filtered_same-res_dog_hardnet
127,band1,win3072_nfauto,disk_depth,mnn,accurate90,334.43129812844506,129.7215496920547,-57.3112468753402,706.9848077232492,6,7,2.831,127.38,5,1,1,39,30077,consensus,/maintenance/ICIGDev/GPUPOC/output/output299/win3072_nfauto/band1_toL8Ref/filtered_same-res_disk_depth
128,band1,win3072_nfauto,disk_epipolar,fginn,lmeds90,334.56137016869667,136.32989746131685,-54.42110030872376,644.026106742767,6,7,2.831,127.41,4,2,1,40,23144,consensus,/maintenance/ICIGDev/GPUPOC/output/output299/win3072_nfauto/band1_toL8Ref/filtered_same-res_disk_epipolar
129,band1,win3072_nfauto,keynet,nn,accurate90,334.73402711546373,177.60745835106067,-32.82938338380427,587.717566947936,6,7,1.832,82.42,5,1,1,29,14154,consensus,/maintenance/ICIGDev/GPUPOC/output/output299/win3072_nfauto/band1_toL8Ref/filtered_same-res_keynet
130,band1,win3072_nfauto,disk_epipolar,smnn0.95,ransac90,335.05427394394417,116.39179945196777,-65.4097323662213,672.7937930762288,6,7,2.959,133.15,5,1,1,40,31324,consensus,/maintenance/ICIGDev/GPUPOC/output/output299/win3072_nfauto/band1_toL8Ref/filtered_same-res_disk_epipolar
131,band1,win3072_nfauto,disk_epipolar,fginn,ransac90,335.63135123956386,96.90364247440463,-47.04257507751754,677.2746242873645,6,7,2.831,127.41,4,2,1,40,9885,consensus,/maintenance/ICIGDev/GPUPOC/output/output299/win3072_nfauto/band1_toL8Ref/filtered_same-res_disk_epipolar
132,band1,win3072_nfauto,imw-d2net-nn,internal,magsac90,338.15517248892047,130.56481691396425,-75.37466955301927,642.7597980195401,6,7,5.694,244.84,1,5,1,40,5036,consensus,/maintenance/ICIGDev/GPUPOC/output/output299/win3072_nfauto/band1_toL8Ref/filtered_same-res_imw-d2net-nn
133,band1,win3072_nfauto,keynet,mnn,ransac90,338.985961267004,111.51039051084263,-49.22230608942891,610.6870577458413,6,7,1.743,78.45,2,4,1,40,11069,consensus,/maintenance/ICIGDev/GPUPOC/output/output299/win3072_nfauto/band1_toL8Ref/filtered_same-res_keynet
134,band1,win3072_nfauto,disk_epipolar,smnn0.9,ransac90,339.28037652664096,139.2457031735445,-65.84841558101259,676.1356648140757,6,7,3.264,146.9,5,1,1,40,20936,consensus,/maintenance/ICIGDev/GPUPOC/output/output299/win3072_nfauto/band1_toL8Ref/filtered_same-res_disk_epipolar
135,band1,win3072_nfauto,keynet,lgm,ransac90,339.4224627668421,169.84183498447177,-145.101827645718,680.2814644316086,6,7,2.462,86.17,1,5,1,35,10622,consensus,/maintenance/ICIGDev/GPUPOC/output/output299/win3072_nfauto/band1_toL8Ref/filtered_same-res_keynet
136,band1,win3072_nfauto,dog_hardnet,smnn0.9,magsac90,339.648361563256,138.68475441603087,-103.17951079306461,678.4762662244507,6,7,6.874,309.33,1,5,1,40,3727,consensus,/maintenance/ICIGDev/GPUPOC/output/output299/win3072_nfauto/band1_toL8Ref/filtered_same-res_dog_hardnet
137,band1,win3072_nfauto,disk_epipolar,snn,lmeds90,340.1818845718386,136.30181867403084,-55.84579530918563,660.7054380169135,6,7,2.958,127.2,4,2,1,40,23072,consensus,/maintenance/ICIGDev/GPUPOC/output/output299/win3072_nfauto/band1_toL8Ref/filtered_same-res_disk_epipolar
138,band1,win3072_nfauto,dog_hardnet,smnn0.9,accurate90,341.0266502479169,144.58363655939988,-107.78954628382508,671.1158205134313,6,7,6.874,309.33,1,5,1,40,4406,consensus,/maintenance/ICIGDev/GPUPOC/output/output299/win3072_nfauto/band1_toL8Ref/filtered_same-res_dog_hardnet
139,band1,win3072_nfauto,dog_hardnet,smnn0.9,ransac90,341.7494582046964,133.51814413880325,-108.87055288166994,688.7471811074018,6,7,6.874,309.33,1,5,1,40,3850,consensus,/maintenance/ICIGDev/GPUPOC/output/output299/win3072_nfauto/band1_toL8Ref/filtered_same-res_dog_hardnet
140,band1,win3072_nfauto,hessian,fginn,accurate90,342.9017214834021,148.18893264927237,-97.83297071804115,655.0898641584284,6,7,0.975,43.86,0,6,1,37,1330,consensus,/maintenance/ICIGDev/GPUPOC/output/output299/win3072_nfauto/band1_toL8Ref/filtered_same-res_hessian
141,band1,win3072_nfauto,keynet,lgm,accurate90,344.47765941169064,163.3917676837501,-146.4958254842069,687.1179680188876,6,7,2.462,86.17,1,5,1,35,11986,consensus,/maintenance/ICIGDev/GPUPOC/output/output299/win3072_nfauto/band1_toL8Ref/filtered_same-res_keynet
142,band1,win3072_nfauto,disk_epipolar,smnn0.9,magsac90,344.81923025087013,139.7573418618475,-70.47879819566803,640.8084732002077,6,7,3.264,146.9,5,1,1,40,21486,consensus,/maintenance/ICIGDev/GPUPOC/output/output299/win3072_nfauto/band1_toL8Ref/filtered_same-res_disk_epipolar
143,band1,win3072_nfauto,disk_depth,smnn0.95,ransac90,344.98618676046283,130.64593309476427,-48.44395742317041,673.9696771900831,6,7,2.886,129.87,4,2,1,40,15518,consensus,/maintenance/ICIGDev/GPUPOC/output/output299/win3072_nfauto/band1_toL8Ref/filtered_same-res_disk_depth
144,band1,win3072_nfauto,keynet,lgm,magsac90,348.1798324316221,173.92303424849788,-144.67639805139333,681.0514823329985,6,7,2.462,86.17,1,5,1,35,10863,consensus,/maintenance/ICIGDev/GPUPOC/output/output299/win3072_nfauto/band1_toL8Ref/filtered_same-res_keynet
145,band1,win3072_nfauto,hessian,smnn0.9,magsac90,349.17761750158667,141.9531929249807,-109.34489962240407,670.0798432218613,6,7,5.986,269.35,1,5,1,39,2560,consensus,/maintenance/ICIGDev/GPUPOC/output/output299/win3072_nfauto/band1_toL8Ref/filtered_same-res_hessian
146,band1,win3072_nfauto,keynet,lgm,lmeds90,349.8287977076657,142.89451499686234,-51.87937846496167,646.9192239313994,6,7,2.462,86.17,3,3,1,35,41300,consensus,/maintenance/ICIGDev/GPUPOC/output/output299/win3072_nfauto/band1_toL8Ref/filtered_same-res_keynet
147,band1,win3072_nfauto,keynet,fginn,magsac90,350.2033731702362,167.9136629250019,-97.24538561096081,640.4878221374951,6,7,1.733,77.98,0,6,1,38,1350,consensus,/maintenance/ICIGDev/GPUPOC/output/output299/win3072_nfauto/band1_toL8Ref/filtered_same-res_keynet
148,band1,win3072_nfauto,hessian,mnn,magsac90,350.5387504935867,151.09479667017567,-82.11482945306823,670.5637339697196,6,7,0.987,44.44,1,5,1,32,5715,consensus,/maintenance/ICIGDev/GPUPOC/output/output299/win3072_nfauto/band1_toL8Ref/filtered_same-res_hessian
149,band1,win3072_nfauto,disk_depth,smnn0.95,accurate90,351.4141062259829,127.97466364646804,-56.11893304840063,738.4759443925387,6,7,2.886,129.87,4,2,1,40,17509,consensus,/maintenance/ICIGDev/GPUPOC/output/output299/win3072_nfauto/band1_toL8Ref/filtered_same-res_disk_depth
150,band1,win3072_nfauto,dog_hardnet,snn,accurate90,354.0361721685471,146.60101905285032,-83.01535529691637,644.971915627147,6,7,0.856,38.54,0,6,1,40,1899,consensus,/maintenance/ICIGDev/GPUPOC/output/output299/win3072_nfauto/band1_toL8Ref/filtered_same-res_dog_hardnet
151,band1,win3072_nfauto,sift,fginn,accurate90,354.29998015788294,138.56135746190384,-113.95473686235482,702.6898012707657,6,7,0.956,43.01,1,5,1,40,3302,consensus,/maintenance/ICIGDev/GPUPOC/output/output299/win3072_nfauto/band1_toL8Ref/filtered_same-res_sift
152,band1,win3072_nfauto,dedode_L-C4-v2_B-upright,smnn0.95,magsac90,354.37287969582206,137.01224997066893,-77.41615360758608,671.0504190338728,6,7,4.461,200.74,0,6,1,38,1016,consensus,/maintenance/ICIGDev/GPUPOC/output/output299/win3072_nfauto/band1_toL8Ref/filtered_same-res_dedode_L-C4-v2_B-upright
153,band1,win3072_nfauto,dog_hardnet,fginn,ransac90,354.57227711553486,160.65689193303933,-84.85965132093649,645.6215764359284,6,7,0.858,38.59,0,6,1,39,1692,consensus,/maintenance/ICIGDev/GPUPOC/output/output299/win3072_nfauto/band1_toL8Ref/filtered_same-res_dog_hardnet
154,band1,win3072_nfauto,disk_depth,mnn,ransac90,354.8477072054549,120.36308810621965,-54.8453114472812,719.5292654592795,6,7,2.831,127.38,5,1,1,40,26613,consensus,/maintenance/ICIGDev/GPUPOC/output/output299/win3072_nfauto/band1_toL8Ref/filtered_same-res_disk_depth
155,band1,win3072_nfauto,disk_epipolar,snn,accurate90,355.5813435805811,135.55888978525795,-38.51017376995711,688.2358801219972,6,7,2.958,127.2,3,3,1,40,10995,consensus,/maintenance/ICIGDev/GPUPOC/output/output299/win3072_nfauto/band1_toL8Ref/filtered_same-res_disk_epipolar
156,band1,win3072_nfauto,dog_hardnet,snn,ransac90,355.7139930328503,165.5314491100337,-101.15455008613633,665.869724812916,6,7,0.856,38.54,0,6,1,39,1689,consensus,/maintenance/ICIGDev/GPUPOC/output/output299/win3072_nfauto/band1_toL8Ref/filtered_same-res_dog_hardnet
157,band1,win3072_nfauto,dog_hardnet,fginn,lmeds90,357.0644270877271,129.16850351730886,-65.63833682718814,650.0216789756445,6,7,0.858,38.59,2,4,1,40,4859,consensus,/maintenance/ICIGDev/GPUPOC/output/output299/win3072_nfauto/band1_toL8Ref/filtered_same-res_dog_hardnet
158,band1,win3072_nfauto,keynet,ada,accurate90,357.81516894072,135.18507904182215,-29.737451877260657,683.2288606326339,6,7,1.862,80.06,4,2,1,42,18244,consensus,/maintenance/ICIGDev/GPUPOC/output/output299/win3072_nfauto/band1_toL8Ref/filtered_same-res_keynet
159,band1,win3072_nfauto,keynet,fginn,accurate90,358.1133904868939,152.2853619765548,-89.72354733055029,645.7132233542042,6,7,1.733,77.98,0,6,1,38,1588,consensus,/maintenance/ICIGDev/GPUPOC/output/output299/win3072_nfauto/band1_toL8Ref/filtered_same-res_keynet
160,band1,win3072_nfauto,dog_hardnet,fginn,accurate90,359.69207701214555,154.54842389051555,-85.58373589709224,643.2062278005244,6,7,0.858,38.59,0,6,1,40,1878,consensus,/maintenance/ICIGDev/GPUPOC/output/output299/win3072_nfauto/band1_toL8Ref/filtered_same-res_dog_hardnet
161,band1,win3072_nfauto,dog_hardnet,snn,lmeds90,361.4960889494111,146.6145510172681,-55.630268137373605,660.9604145291705,6,7,0.856,38.54,1,5,1,40,4863,consensus,/maintenance/ICIGDev/GPUPOC/output/output299/win3072_nfauto/band1_toL8Ref/filtered_same-res_dog_hardnet
162,band1,win3072_nfauto,disk_depth,fginn,lmeds90,362.4487821850227,169.36204691218595,-77.36116794890602,657.3243000374341,6,7,2.824,127.06,2,4,1,37,3810,consensus,/maintenance/ICIGDev/GPUPOC/output/output299/win3072_nfauto/band1_toL8Ref/filtered_same-res_disk_depth
163,band1,win3072_nfauto,disk_depth,snn,lmeds90,362.4587526603676,167.18451087974395,-80.83495576825923,655.3959715665036,6,7,3.254,126.9,2,4,1,37,3741,consensus,/maintenance/ICIGDev/GPUPOC/output/output299/win3072_nfauto/band1_toL8Ref/filtered_same-res_disk_depth
164,band1,win3072_nfauto,imw-darkfeat-nn,internal,lmeds90,363.0341770409696,138.1914508920795,-118.05336330470998,698.4889824653634,6,7,3.655,164.45,2,4,1,39,8839,consensus,/maintenance/ICIGDev/GPUPOC/output/output299/win3072_nfauto/band1_toL8Ref/filtered_same-res_imw-darkfeat-nn
165,band1,win3072_nfauto,keynet,mnn,accurate90,363.3684755968745,130.0505473593944,-40.57124657289569,605.5499463886347,6,7,1.743,78.45,3,3,1,38,13276,consensus,/maintenance/ICIGDev/GPUPOC/output/output299/win3072_nfauto/band1_toL8Ref/filtered_same-res_keynet
166,band1,win3072_nfauto,sift,smnn0.95,accurate90,363.91851736447774,160.89397065742983,-136.0096281238631,729.7388549415332,6,7,1.016,45.71,1,5,1,41,4799,consensus,/maintenance/ICIGDev/GPUPOC/output/output299/win3072_nfauto/band1_toL8Ref/filtered_same-res_sift
167,band1,win3072_nfauto,gftt,snn,accurate90,363.9404479267118,166.6358227551534,-127.36337442696124,720.5090574223732,6,7,0.994,41.75,0,6,1,34,968,consensus,/maintenance/ICIGDev/GPUPOC/output/output299/win3072_nfauto/band1_toL8Ref/filtered_same-res_gftt
168,band1,win3072_nfauto,dog_hardnet,ada,magsac90,364.62503928911286,162.41163469406752,-92.39377677695013,685.7862804016846,6,7,0.998,40.92,3,3,1,40,14888,consensus,/maintenance/ICIGDev/GPUPOC/output/output299/win3072_nfauto/band1_toL8Ref/filtered_same-res_dog_hardnet
169,band1,win3072_nfauto,imw-gim-roma,internal,ransac90,371.88271684056895,113.72034080353903,-73.22038480436034,839.318166112869,6,7,4.145,186.52,6,0,1,39,55145,consensus,/maintenance/ICIGDev/GPUPOC/output/output299/win3072_nfauto/band1_toL8Ref/filtered_same-res_imw-gim-roma
170,band1,win3072_nfauto,sift,smnn0.95,ransac90,372.3573098857063,178.00654750717968,-142.00174254311787,730.4369527323233,6,7,1.016,45.71,1,5,1,41,4213,consensus,/maintenance/ICIGDev/GPUPOC/output/output299/win3072_nfauto/band1_toL8Ref/filtered_same-res_sift
171,band1,win3072_nfauto,imw-gim-roma,internal,lmeds90,377.0974604354126,135.39070136872397,-69.56868955290247,831.9967893606839,6,7,4.145,186.52,6,0,1,39,89680,consensus,/maintenance/ICIGDev/GPUPOC/output/output299/win3072_nfauto/band1_toL8Ref/filtered_same-res_imw-gim-roma
172,band1,win3072_nfauto,keynet,smnn0.9,ransac90,381.68431102982015,188.7217042955355,-93.765257831481,668.6499469169654,6,7,18.842,847.87,1,5,1,40,3621,consensus,/maintenance/ICIGDev/GPUPOC/output/output299/win3072_nfauto/band1_toL8Ref/filtered_same-res_keynet
173,band1,win3072_nfauto,disk_depth,snn,ransac90,383.69457849294906,162.9966340716168,-94.4346049289705,668.4852656544541,6,7,3.254,126.9,0,6,1,36,1937,consensus,/maintenance/ICIGDev/GPUPOC/output/output299/win3072_nfauto/band1_toL8Ref/filtered_same-res_disk_depth
174,band1,win3072_nfauto,sift,smnn0.95,magsac90,383.89766680711176,170.19426486440534,-132.11751052121204,741.6181994505602,6,7,1.016,45.71,2,4,1,40,4024,consensus,/maintenance/ICIGDev/GPUPOC/output/output299/win3072_nfauto/band1_toL8Ref/filtered_same-res_sift
175,band1,win3072_nfauto,sift,smnn0.9,ransac90,383.98876730349616,184.9584214715601,-140.96303481287563,757.6140040208637,6,7,8.388,377.44,1,5,1,39,2731,consensus,/maintenance/ICIGDev/GPUPOC/output/output299/win3072_nfauto/band1_toL8Ref/filtered_same-res_sift
176,band1,win3072_nfauto,disk_epipolar,fginn,accurate90,384.82550803955047,153.7391374497438,-72.95551105892491,668.0932791125302,6,7,2.831,127.41,2,4,1,40,10949,consensus,/maintenance/ICIGDev/GPUPOC/output/output299/win3072_nfauto/band1_toL8Ref/filtered_same-res_disk_epipolar
177,band1,win3072_nfauto,dog_hardnet,smnn0.95,ransac90,385.2659767475872,183.71097509590928,-109.1662349986077,701.4447329717202,6,7,0.981,44.13,1,5,1,40,6686,consensus,/maintenance/ICIGDev/GPUPOC/output/output299/win3072_nfauto/band1_toL8Ref/filtered_same-res_dog_hardnet
178,band1,win3072_nfauto,keynet,smnn0.95,ransac90,386.0837425639311,183.08043230855182,-102.84668749243899,676.8229458471459,6,7,1.791,80.6,2,4,1,40,6912,consensus,/maintenance/ICIGDev/GPUPOC/output/output299/win3072_nfauto/band1_toL8Ref/filtered_same-res_keynet
179,band1,win3072_nfauto,sift,ada,lmeds90,391.2007561001345,128.53432196432368,-77.64326128189684,884.3481477735778,6,7,1.109,46.58,6,0,1,41,64089,consensus,/maintenance/ICIGDev/GPUPOC/output/output299/win3072_nfauto/band1_toL8Ref/filtered_same-res_sift
180,band1,win3072_nfauto,disk_depth,lgm,ransac90,394.94205938804095,163.45773151830176,-53.434241808263174,662.535938151543,6,7,3.237,139.18,3,3,1,29,29890,consensus,/maintenance/ICIGDev/GPUPOC/output/output299/win3072_nfauto/band1_toL8Ref/filtered_same-res_disk_depth
181,band1,win3072_nfauto,sift,snn,accurate90,405.9912334485959,169.42988183256648,-120.41863209077125,757.3259207122837,6,7,0.985,43.34,1,5,1,40,3324,consensus,/maintenance/ICIGDev/GPUPOC/output/output299/win3072_nfauto/band1_toL8Ref/filtered_same-res_sift
182,band1,win3072_nfauto,sift,fginn,magsac90,411.50487271339193,190.85258903464123,-128.1753729814609,753.9380047408855,6,7,0.956,43.01,1,5,1,40,2787,consensus,/maintenance/ICIGDev/GPUPOC/output/output299/win3072_nfauto/band1_toL8Ref/filtered_same-res_sift
183,band1,win3072_nfauto,imw-roma,internal,lmeds90,413.44536145955635,177.3890680822639,-101.04623624480003,938.1238526135169,6,7,3.872,174.22,6,0,1,38,90252,consensus,/maintenance/ICIGDev/GPUPOC/output/output299/win3072_nfauto/band1_toL8Ref/filtered_same-res_imw-roma
184,band1,win3072_nfauto,dedode_L-C4-v2_B-C4,smnn0.95,magsac90,414.86103943750834,220.41465657289146,-115.08203994747964,751.4208336824762,6,7,4.446,200.08,0,6,1,39,1244,consensus,/maintenance/ICIGDev/GPUPOC/output/output299/win3072_nfauto/band1_toL8Ref/filtered_same-res_dedode_L-C4-v2_B-C4
185,band1,win3072_nfauto,sift,snn,magsac90,416.74417266860013,208.10277105852242,-134.07553755410058,760.6227723466102,6,7,0.985,43.34,0,6,1,40,2800,consensus,/maintenance/ICIGDev/GPUPOC/output/output299/win3072_nfauto/band1_toL8Ref/filtered_same-res_sift
186,band1,win3072_nfauto,sift,smnn0.9,accurate90,423.55871257181275,205.38097982315608,-164.66163260687895,788.9242089234821,6,7,8.388,377.44,1,5,1,38,3126,consensus,/maintenance/ICIGDev/GPUPOC/output/output299/win3072_nfauto/band1_toL8Ref/filtered_same-res_sift
187,band1,win3072_nfauto,dedode_L-upright_B-C4,mnn,lmeds90,2875.292118766975,186.0149415851456,1362.0208068403824,6913.769338447113,6,7,4.194,188.74,5,1,1,44,32293,consensus,/maintenance/ICIGDev/GPUPOC/output/output299/win3072_nfauto/band1_toL8Ref/filtered_same-res_dedode_L-upright_B-C4
188,band1,win3072_nfauto,dedode_L-upright_B-C4,ada,magsac90,7907.753686242265,-758.3226734708145,-3148.914422398973,19358.93706612495,6,7,4.551,191.15,2,4,1,38,12137,consensus,/maintenance/ICIGDev/GPUPOC/output/output299/win3072_nfauto/band1_toL8Ref/filtered_same-res_dedode_L-upright_B-C4
189,band1,win3072_nfauto,dedode_L-C4_B-upright,mnn,lmeds90,9493.557005512537,4655.075687465128,3611.180651650076,16643.94906060773,6,7,4.319,194.37,3,3,1,44,30433,consensus,/maintenance/ICIGDev/GPUPOC/output/output299/win3072_nfauto/band1_toL8Ref/filtered_same-res_dedode_L-C4_B-upright
190,band1,win3072_nfauto,loftr,loftr_internal,lmeds90,10520.052913919102,2501.576948502998,7020.475036994126,19731.828267382658,6,7,14.719,147.19,1,5,1,9,2640,consensus,/maintenance/ICIGDev/GPUPOC/output/output299/win3072_nfauto/band1_toL8Ref/filtered_same-res_loftr
191,band1,win3072_nfauto,imw-gim-dkm,internal,ransac90,12312.368379799716,4864.395681536869,-1487.0939626031413,20464.7192030712,6,7,5.16,190.94,4,2,1,34,35342,consensus,/maintenance/ICIGDev/GPUPOC/output/output299/win3072_nfauto/band1_toL8Ref/filtered_same-res_imw-gim-dkm
192,band1,win3072_nfauto,imw-gim-dkm,internal,accurate90,13265.962744126664,6542.963293172102,-1492.0504625014885,20409.790362868793,6,7,5.16,190.94,5,1,1,34,40714,consensus,/maintenance/ICIGDev/GPUPOC/output/output299/win3072_nfauto/band1_toL8Ref/filtered_same-res_imw-gim-dkm
193,band1,win3072_nfauto,imw-gim-dkm,internal,lmeds90,13278.90949082482,6553.60931058585,-1472.182471008932,20471.58252352655,6,7,5.16,190.94,5,1,1,34,54606,consensus,/maintenance/ICIGDev/GPUPOC/output/output299/win3072_nfauto/band1_toL8Ref/filtered_same-res_imw-gim-dkm
194,band1,win3072_nfauto,sift,nn,accurate90,14593.870792767362,2292.6781905121634,4807.198287158008,34966.12878260512,6,7,1.125,50.61,4,2,1,39,25344,consensus,/maintenance/ICIGDev/GPUPOC/output/output299/win3072_nfauto/band1_toL8Ref/filtered_same-res_sift
195,band1,win3072_nfauto,dedode_L-C4_B-C4,ada,accurate90,15936.366024537274,-771.8072742522787,1827.7645703551243,29218.690224472375,6,7,4.588,197.3,3,3,1,42,25132,consensus,/maintenance/ICIGDev/GPUPOC/output/output299/win3072_nfauto/band1_toL8Ref/filtered_same-res_dedode_L-C4_B-C4
196,band1,win3072_nfauto,dedode_L-C4-v2_B-C4,nn,accurate90,17174.924183852003,6762.427345554063,-6461.653543226195,29564.210432367105,6,7,4.467,201.03,2,4,1,45,22718,consensus,/maintenance/ICIGDev/GPUPOC/output/output299/win3072_nfauto/band1_toL8Ref/filtered_same-res_dedode_L-C4-v2_B-C4
197,band1,win3072_nfauto,dedode_L-C4_B-C4,ada,lmeds90,36399.13839933342,13828.511894603393,11159.52764922131,66672.14856463754,6,7,4.588,197.3,5,1,1,41,122529,consensus,/maintenance/ICIGDev/GPUPOC/output/output299/win3072_nfauto/band1_toL8Ref/filtered_same-res_dedode_L-C4_B-C4
198,band1,win3072_nfauto,dedode_L-C4-v2_B-upright,nn,magsac90,39692.15382397038,-11602.291673932757,-9182.684433524208,81051.68772753292,6,7,4.441,199.84,2,4,1,40,17760,consensus,/maintenance/ICIGDev/GPUPOC/output/output299/win3072_nfauto/band1_toL8Ref/filtered_same-res_dedode_L-C4-v2_B-upright
199,band1,win3072_nfauto,dedode_L-C4-v2_B-upright,nn,accurate90,40084.754279905705,-4608.4455543129225,-10444.61582524967,80819.33967890964,6,7,4.441,199.84,2,4,1,43,23929,consensus,/maintenance/ICIGDev/GPUPOC/output/output299/win3072_nfauto/band1_toL8Ref/filtered_same-res_dedode_L-C4-v2_B-upright
200,band1,win3072_nfauto,dedode_L-C4_B-upright,nn,magsac90,57841.201564246665,275.8098067793987,10019.717331964306,132030.91381262397,6,7,4.461,200.77,2,4,1,45,35331,consensus,/maintenance/ICIGDev/GPUPOC/output/output299/win3072_nfauto/band1_toL8Ref/filtered_same-res_dedode_L-C4_B-upright
201,band1,win3072_nfauto,dedode_L-upright_B-C4,smnn0.95,ransac90,174.83482974594605,48.015549125336385,12.036791196570993,271.7593059925095,5,7,4.455,196.04,0,5,2,28,461,consensus,/maintenance/ICIGDev/GPUPOC/output/output299/win3072_nfauto/band1_toL8Ref/filtered_same-res_dedode_L-upright_B-C4
202,band1,win3072_nfauto,dedode_L-upright_B-upright,smnn0.95,accurate90,185.1352791229975,-5.898787765910129,111.87777686322224,247.0310833855441,5,7,5.042,196.63,0,5,2,27,375,consensus,/maintenance/ICIGDev/GPUPOC/output/output299/win3072_nfauto/band1_toL8Ref/filtered_same-res_dedode_L-upright_B-upright
203,band1,win3072_nfauto,dedode_L-upright_B-C4,smnn0.95,magsac90,186.073500259376,59.11327327100962,-31.380632063734446,335.32796998134177,5,7,4.455,196.04,0,5,2,27,419,consensus,/maintenance/ICIGDev/GPUPOC/output/output299/win3072_nfauto/band1_toL8Ref/filtered_same-res_dedode_L-upright_B-C4
204,band1,win3072_nfauto,dedode_L-upright_B-upright,smnn0.95,magsac90,194.3713467117253,28.265012434012533,71.30918330914592,257.44087305972727,5,7,5.042,196.63,0,5,2,26,326,consensus,/maintenance/ICIGDev/GPUPOC/output/output299/win3072_nfauto/band1_toL8Ref/filtered_same-res_dedode_L-upright_B-upright
205,band1,win3072_nfauto,dedode_L-upright_B-upright,lgm,lmeds90,228.8052515894547,61.792403093381836,-15.392926095283656,421.3824448178427,5,7,5.09,188.33,2,3,2,31,24872,consensus,/maintenance/ICIGDev/GPUPOC/output/output299/win3072_nfauto/band1_toL8Ref/filtered_same-res_dedode_L-upright_B-upright
206,band1,win3072_nfauto,imw-eloftr,internal,magsac90,235.90426760052983,69.90249950729003,-44.510254028381134,448.10356162484686,5,7,10.273,184.92,1,4,2,14,10491,consensus,/maintenance/ICIGDev/GPUPOC/output/output299/win3072_nfauto/band1_toL8Ref/filtered_same-res_imw-eloftr
207,band1,win3072_nfauto,dedode_L-C4_B-C4,mnn,ransac90,241.7670578834692,75.64314029814068,-90.44674505765724,514.1882741554464,5,7,4.287,192.92,0,5,2,35,3813,consensus,/maintenance/ICIGDev/GPUPOC/output/output299/win3072_nfauto/band1_toL8Ref/filtered_same-res_dedode_L-C4_B-C4
208,band1,win3072_nfauto,imw-eloftr,internal,lmeds90,243.85535701797272,89.79227226435333,-41.732233276012266,477.20960488821015,5,7,10.273,184.92,1,4,2,14,17306,consensus,/maintenance/ICIGDev/GPUPOC/output/output299/win3072_nfauto/band1_toL8Ref/filtered_same-res_imw-eloftr
209,band1,win3072_nfauto,dedode_L-upright_B-upright,smnn0.95,ransac90,255.13399031037432,28.798300211052084,67.11643663804588,327.07433729153433,5,7,5.042,196.63,0,5,2,26,342,consensus,/maintenance/ICIGDev/GPUPOC/output/output299/win3072_nfauto/band1_toL8Ref/filtered_same-res_dedode_L-upright_B-upright
210,band1,win3072_nfauto,dedode_L-C4-v2_B-upright,fginn,accurate90,258.20863744101734,58.51424992977354,-71.21412823617212,510.75269689605096,5,7,4.293,193.18,0,5,2,13,117,consensus,/maintenance/ICIGDev/GPUPOC/output/output299/win3072_nfauto/band1_toL8Ref/filtered_same-res_dedode_L-C4-v2_B-upright
211,band1,win3072_nfauto,dedode_L-C4_B-C4,mnn,accurate90,258.9883072314252,104.88598994089607,-64.48797462880994,543.1218200055758,5,7,4.287,192.92,0,5,2,34,4683,consensus,/maintenance/ICIGDev/GPUPOC/output/output299/win3072_nfauto/band1_toL8Ref/filtered_same-res_dedode_L-C4_B-C4
212,band1,win3072_nfauto,dedode_L-C4_B-upright,lgm,accurate90,264.06395447594423,86.66800294813856,-74.94417699077076,510.1187189477881,5,7,6.007,204.25,0,5,2,25,5319,consensus,/maintenance/ICIGDev/GPUPOC/output/output299/win3072_nfauto/band1_toL8Ref/filtered_same-res_dedode_L-C4_B-upright
213,band1,win3072_nfauto,dedode_L-C4_B-C4,smnn0.95,ransac90,264.34596129576414,140.50950893043074,-135.05930012590906,502.12751297853504,5,7,4.578,201.43,0,5,2,21,344,consensus,/maintenance/ICIGDev/GPUPOC/output/output299/win3072_nfauto/band1_toL8Ref/filtered_same-res_dedode_L-C4_B-C4
214,band1,win3072_nfauto,dedode_L-C4_B-upright,mnn,accurate90,268.7692636032685,75.10715214395759,-30.7303320125111,550.6077949047084,5,7,4.319,194.37,0,5,2,34,3357,consensus,/maintenance/ICIGDev/GPUPOC/output/output299/win3072_nfauto/band1_toL8Ref/filtered_same-res_dedode_L-C4_B-upright
215,band1,win3072_nfauto,gftt,nn,ransac90,270.4998738301952,100.73505787783533,-72.65023858124968,538.5927548707023,5,7,1.041,46.83,0,5,2,41,2181,consensus,/maintenance/ICIGDev/GPUPOC/output/output299/win3072_nfauto/band1_toL8Ref/filtered_same-res_gftt
216,band1,win3072_nfauto,dedode_L-C4_B-upright,lgm,lmeds90,271.2688490050926,88.81327346478993,-114.27309475398052,537.7239370647312,5,7,6.007,204.25,1,4,2,26,20505,consensus,/maintenance/ICIGDev/GPUPOC/output/output299/win3072_nfauto/band1_toL8Ref/filtered_same-res_dedode_L-C4_B-upright
217,band1,win3072_nfauto,imw-eloftr,internal,accurate90,273.14371038970137,115.90331579555614,-82.36428296679006,537.0350328451228,5,7,10.273,184.92,1,4,2,14,11961,consensus,/maintenance/ICIGDev/GPUPOC/output/output299/win3072_nfauto/band1_toL8Ref/filtered_same-res_imw-eloftr
218,band1,win3072_nfauto,gftt,ada,lmeds90,274.1933000162361,97.33523949387055,-30.4212011008487,452.3014236629581,5,7,1.018,43.77,5,0,2,41,51444,consensus,/maintenance/ICIGDev/GPUPOC/output/output299/win3072_nfauto/band1_toL8Ref/filtered_same-res_gftt
219,band1,win3072_nfauto,dedode_L-upright_B-upright,mnn,accurate90,274.32379472372594,85.6928171125688,-12.762179605935852,526.0877324834856,5,7,4.61,179.8,0,5,2,33,4529,consensus,/maintenance/ICIGDev/GPUPOC/output/output299/win3072_nfauto/band1_toL8Ref/filtered_same-res_dedode_L-upright_B-upright
220,band1,win3072_nfauto,dedode_L-C4_B-C4,smnn0.95,lmeds90,275.9800636375099,103.85949874155685,-6.283487883909402,423.8035768659581,5,7,4.578,201.43,0,5,2,30,968,consensus,/maintenance/ICIGDev/GPUPOC/output/output299/win3072_nfauto/band1_toL8Ref/filtered_same-res_dedode_L-C4_B-C4
221,band1,win3072_nfauto,dedode_L-C4-v2_B-C4,ada,accurate90,276.6694359492237,56.62567092535646,-24.88012993657776,559.4319021776419,5,7,4.592,197.46,1,4,2,36,9166,consensus,/maintenance/ICIGDev/GPUPOC/output/output299/win3072_nfauto/band1_toL8Ref/filtered_same-res_dedode_L-C4-v2_B-C4
222,band1,win3072_nfauto,sift,nn,ransac90,280.5934273294545,49.099222117705,-58.18204722220689,549.0495391174188,5,7,1.125,50.61,1,4,2,26,4659,consensus,/maintenance/ICIGDev/GPUPOC/output/output299/win3072_nfauto/band1_toL8Ref/filtered_same-res_sift
223,band1,win3072_nfauto,dedode_L-C4_B-C4,mnn,magsac90,283.41887947594597,132.0774411969672,-90.49305258136792,549.7335556385884,5,7,4.287,192.92,0,5,2,33,3826,consensus,/maintenance/ICIGDev/GPUPOC/output/output299/win3072_nfauto/band1_toL8Ref/filtered_same-res_dedode_L-C4_B-C4
224,band1,win3072_nfauto,gftt,fginn,ransac90,288.7266873675857,117.494212165101,-90.68836439175429,550.0843350044571,5,7,0.926,41.69,0,5,2,34,879,consensus,/maintenance/ICIGDev/GPUPOC/output/output299/win3072_nfauto/band1_toL8Ref/filtered_same-res_gftt
225,band1,win3072_nfauto,dedode_L-C4-v2_B-upright,mnn,ransac90,290.20407190690173,67.14275504742837,-68.3141448762166,611.6306524730754,5,7,4.28,192.59,1,4,2,41,4697,consensus,/maintenance/ICIGDev/GPUPOC/output/output299/win3072_nfauto/band1_toL8Ref/filtered_same-res_dedode_L-C4-v2_B-upright
226,band1,win3072_nfauto,imw-ripe-nn,internal,lmeds90,291.7009947494732,144.2033145172445,-122.89141550217009,574.8805987201561,5,7,4.484,201.8,1,4,2,33,3380,consensus,/maintenance/ICIGDev/GPUPOC/output/output299/win3072_nfauto/band1_toL8Ref/filtered_same-res_imw-ripe-nn
227,band1,win3072_nfauto,dedode_L-C4-v2_B-upright,lgm,ransac90,292.9642476782207,85.18855786340836,-65.777291227163,601.0177797720063,5,7,4.624,203.48,0,5,2,36,9858,consensus,/maintenance/ICIGDev/GPUPOC/output/output299/win3072_nfauto/band1_toL8Ref/filtered_same-res_dedode_L-C4-v2_B-upright
228,band1,win3072_nfauto,dedode_L-C4-v2_B-upright,lgm,magsac90,293.153832549252,86.00727726636087,-53.39308886311373,592.1243839905137,5,7,4.624,203.48,0,5,2,36,9907,consensus,/maintenance/ICIGDev/GPUPOC/output/output299/win3072_nfauto/band1_toL8Ref/filtered_same-res_dedode_L-C4-v2_B-upright
229,band1,win3072_nfauto,keynet,smnn0.9,lmeds90,298.78526047071637,96.64608176449238,-51.31344971768904,599.671541498754,5,7,18.842,847.87,2,3,2,41,11045,consensus,/maintenance/ICIGDev/GPUPOC/output/output299/win3072_nfauto/band1_toL8Ref/filtered_same-res_keynet
230,band1,win3072_nfauto,keynet,smnn0.95,magsac90,299.8982216008442,102.64224469825368,-64.14980598093298,596.5661807193383,5,7,1.791,80.6,2,3,2,40,6663,consensus,/maintenance/ICIGDev/GPUPOC/output/output299/win3072_nfauto/band1_toL8Ref/filtered_same-res_keynet
231,band1,win3072_nfauto,dedode_L-upright_B-C4,ada,ransac90,300.3560947937367,195.97427811653068,-78.12866329694207,492.5487902944708,5,7,4.551,191.15,1,4,2,29,9238,consensus,/maintenance/ICIGDev/GPUPOC/output/output299/win3072_nfauto/band1_toL8Ref/filtered_same-res_dedode_L-upright_B-C4
232,band1,win3072_nfauto,imw-sfd2-nn,internal,magsac90,300.76673144005184,103.18720799166412,-70.24661365765606,614.612857591256,5,7,3.757,165.3,1,4,2,40,7968,consensus,/maintenance/ICIGDev/GPUPOC/output/output299/win3072_nfauto/band1_toL8Ref/filtered_same-res_imw-sfd2-nn
233,band1,win3072_nfauto,dedode_L-C4-v2_B-upright,mnn,magsac90,300.79345587315004,64.90510627636795,-64.80266501884053,642.4551641021692,5,7,4.28,192.59,1,4,2,40,4669,consensus,/maintenance/ICIGDev/GPUPOC/output/output299/win3072_nfauto/band1_toL8Ref/filtered_same-res_dedode_L-C4-v2_B-upright
234,band1,win3072_nfauto,imw-sfd2-nn,internal,accurate90,301.9826753038238,101.88288540013164,-75.18754404125248,628.0283242979406,5,7,3.757,165.3,1,4,2,40,9292,consensus,/maintenance/ICIGDev/GPUPOC/output/output299/win3072_nfauto/band1_toL8Ref/filtered_same-res_imw-sfd2-nn
235,band1,win3072_nfauto,keynet,smnn0.9,magsac90,302.3670004716885,122.26020122702921,-54.307843030002914,618.028809597203,5,7,18.842,847.87,1,4,2,40,3616,consensus,/maintenance/ICIGDev/GPUPOC/output/output299/win3072_nfauto/band1_toL8Ref/filtered_same-res_keynet
236,band1,win3072_nfauto,gftt,smnn0.95,magsac90,302.5787042969897,103.24215909393396,-63.79327645775229,590.6300247213239,5,7,1.008,45.35,0,5,2,40,3660,consensus,/maintenance/ICIGDev/GPUPOC/output/output299/win3072_nfauto/band1_toL8Ref/filtered_same-res_gftt
237,band1,win3072_nfauto,dedode_L-upright_B-C4,mnn,magsac90,303.1013579528701,101.27551743697886,-50.504850277530025,578.3337602069515,5,7,4.194,188.74,0,5,2,38,5032,consensus,/maintenance/ICIGDev/GPUPOC/output/output299/win3072_nfauto/band1_toL8Ref/filtered_same-res_dedode_L-upright_B-C4
238,band1,win3072_nfauto,dedode_L-C4-v2_B-upright,mnn,accurate90,303.18074376387517,73.99484211152367,-67.63542172700599,650.9032144338773,5,7,4.28,192.59,1,4,2,41,5513,consensus,/maintenance/ICIGDev/GPUPOC/output/output299/win3072_nfauto/band1_toL8Ref/filtered_same-res_dedode_L-C4-v2_B-upright
239,band1,win3072_nfauto,dog_hardnet,mnn,accurate90,303.4999085177694,100.8771085632774,-60.89957657093528,620.9648331879995,5,7,0.876,39.4,3,2,2,37,11928,consensus,/maintenance/ICIGDev/GPUPOC/output/output299/win3072_nfauto/band1_toL8Ref/filtered_same-res_dog_hardnet
240,band1,win3072_nfauto,dedode_L-C4-v2_B-upright,ada,ransac90,304.36999094539925,143.47326489801526,-105.03624177711099,557.1352441902998,5,7,4.59,197.35,1,4,2,30,5256,consensus,/maintenance/ICIGDev/GPUPOC/output/output299/win3072_nfauto/band1_toL8Ref/filtered_same-res_dedode_L-C4-v2_B-upright
241,band1,win3072_nfauto,dedode_L-C4-v2_B-C4,ada,lmeds90,304.48853736854335,88.63647908303192,-48.473886241440596,571.6783929735767,5,7,4.592,197.46,3,2,2,34,29897,consensus,/maintenance/ICIGDev/GPUPOC/output/output299/win3072_nfauto/band1_toL8Ref/filtered_same-res_dedode_L-C4-v2_B-C4
242,band1,win3072_nfauto,dedode_L-C4_B-upright,mnn,ransac90,304.972844558606,116.4725334608529,-108.62217343463927,605.8913612289333,5,7,4.319,194.37,0,5,2,31,2827,consensus,/maintenance/ICIGDev/GPUPOC/output/output299/win3072_nfauto/band1_toL8Ref/filtered_same-res_dedode_L-C4_B-upright
243,band1,win3072_nfauto,dedode_L-C4-v2_B-upright,lgm,accurate90,306.46494509481465,78.66138746708938,-45.09823893997327,619.1903794825132,5,7,4.624,203.48,0,5,2,35,11106,consensus,/maintenance/ICIGDev/GPUPOC/output/output299/win3072_nfauto/band1_toL8Ref/filtered_same-res_dedode_L-C4-v2_B-upright
244,band1,win3072_nfauto,imw-sfd2-nn,internal,ransac90,306.5527773188619,126.49089770665732,-87.64737263743427,613.8314289499478,5,7,3.757,165.3,2,3,2,40,7982,consensus,/maintenance/ICIGDev/GPUPOC/output/output299/win3072_nfauto/band1_toL8Ref/filtered_same-res_imw-sfd2-nn
245,band1,win3072_nfauto,imw-omniglue,internal,accurate90,308.21292551639215,141.478090125166,-83.4521865279099,588.4178541535638,5,7,35.267,1410.66,1,4,2,37,4321,consensus,/maintenance/ICIGDev/GPUPOC/output/output299/win3072_nfauto/band1_toL8Ref/filtered_same-res_imw-omniglue
246,band1,win3072_nfauto,imw-omniglue,internal,lmeds90,310.67457567016544,104.29656433843266,-51.668393294740056,566.3940359345489,5,7,35.267,1410.66,3,2,2,37,7426,consensus,/maintenance/ICIGDev/GPUPOC/output/output299/win3072_nfauto/band1_toL8Ref/filtered_same-res_imw-omniglue
247,band1,win3072_nfauto,imw-omniglue,internal,magsac90,310.74202660893116,146.86112628035062,-100.37030174828342,557.2043652945698,5,7,35.267,1410.66,1,4,2,37,3689,consensus,/maintenance/ICIGDev/GPUPOC/output/output299/win3072_nfauto/band1_toL8Ref/filtered_same-res_imw-omniglue
248,band1,win3072_nfauto,keynet,fginn,ransac90,311.44713727484475,88.64961092659277,-47.97312610270255,634.9392076890618,5,7,1.733,77.98,0,5,2,38,1431,consensus,/maintenance/ICIGDev/GPUPOC/output/output299/win3072_nfauto/band1_toL8Ref/filtered_same-res_keynet
249,band1,win3072_nfauto,imw-r2d2-nn,internal,ransac90,313.3433073314384,132.53705038844228,-58.65791055362079,618.6942665165973,5,7,3.663,161.19,1,4,2,40,4944,consensus,/maintenance/ICIGDev/GPUPOC/output/output299/win3072_nfauto/band1_toL8Ref/filtered_same-res_imw-r2d2-nn
250,band1,win3072_nfauto,gftt,snn,lmeds90,313.3638179054541,103.41699808936046,-79.05261600542526,637.9277669629499,5,7,0.994,41.75,0,5,2,37,3082,consensus,/maintenance/ICIGDev/GPUPOC/output/output299/win3072_nfauto/band1_toL8Ref/filtered_same-res_gftt
251,band1,win3072_nfauto,imw-xfeat-dense,internal,accurate90,314.78563561497236,68.44779933376321,12.85424108375064,571.8084817541468,5,7,3.507,154.3,1,4,2,41,4385,consensus,/maintenance/ICIGDev/GPUPOC/output/output299/win3072_nfauto/band1_toL8Ref/filtered_same-res_imw-xfeat-dense
252,band1,win3072_nfauto,gftt,smnn0.9,ransac90,315.85878597590516,109.13745728145386,-70.19065793516329,641.3461576442054,5,7,8.69,391.06,0,5,2,40,2076,consensus,/maintenance/ICIGDev/GPUPOC/output/output299/win3072_nfauto/band1_toL8Ref/filtered_same-res_gftt
253,band1,win3072_nfauto,dedode_L-C4_B-C4,smnn0.95,accurate90,316.3151718112389,166.38616408189029,-174.2632164466413,603.5410586696738,5,7,4.578,201.43,0,5,2,21,376,consensus,/maintenance/ICIGDev/GPUPOC/output/output299/win3072_nfauto/band1_toL8Ref/filtered_same-res_dedode_L-C4_B-C4
254,band1,win3072_nfauto,dog_hardnet,ada,accurate90,317.16674262436857,103.29405720408904,-60.67904842636854,656.5164228439052,5,7,0.998,40.92,3,2,2,41,16917,consensus,/maintenance/ICIGDev/GPUPOC/output/output299/win3072_nfauto/band1_toL8Ref/filtered_same-res_dog_hardnet
255,band1,win3072_nfauto,hessian,fginn,lmeds90,317.4483085679308,82.15488126232067,-64.53073818058456,652.4879461991782,5,7,0.975,43.86,0,5,2,39,3282,consensus,/maintenance/ICIGDev/GPUPOC/output/output299/win3072_nfauto/band1_toL8Ref/filtered_same-res_hessian
256,band1,win3072_nfauto,gftt,smnn0.95,accurate90,317.4751916635391,87.19260831795982,-61.894893488713386,646.1335863520643,5,7,1.008,45.35,1,4,2,40,4396,consensus,/maintenance/ICIGDev/GPUPOC/output/output299/win3072_nfauto/band1_toL8Ref/filtered_same-res_gftt
257,band1,win3072_nfauto,gftt,smnn0.9,accurate90,317.99231696954854,103.05714646551432,-63.54030509640852,628.4889312727098,5,7,8.69,391.06,0,5,2,40,2363,consensus,/maintenance/ICIGDev/GPUPOC/output/output299/win3072_nfauto/band1_toL8Ref/filtered_same-res_gftt
258,band1,win3072_nfauto,imw-d2net-nn,internal,ransac90,318.0259862598417,34.81549240057775,-28.587908476028133,645.8897399301366,5,7,5.694,244.84,2,3,2,40,5344,consensus,/maintenance/ICIGDev/GPUPOC/output/output299/win3072_nfauto/band1_toL8Ref/filtered_same-res_imw-d2net-nn
259,band1,win3072_nfauto,dedode_L-C4-v2_B-upright,smnn0.9,ransac90,318.17460779426875,91.5890710292504,-72.96430135765277,599.1537947374495,5,7,6.888,282.4,0,5,2,24,276,consensus,/maintenance/ICIGDev/GPUPOC/output/output299/win3072_nfauto/band1_toL8Ref/filtered_same-res_dedode_L-C4-v2_B-upright
260,band1,win3072_nfauto,keynet,smnn0.9,accurate90,319.61693654208926,116.26966116898839,-56.77167496582515,653.3202221384148,5,7,18.842,847.87,1,4,2,40,4139,consensus,/maintenance/ICIGDev/GPUPOC/output/output299/win3072_nfauto/band1_toL8Ref/filtered_same-res_keynet
261,band1,win3072_nfauto,imw-r2d2-nn,internal,accurate90,320.01745675185975,142.27367704778118,-67.13154323609669,639.6248674133708,5,7,3.663,161.19,1,4,2,40,5793,consensus,/maintenance/ICIGDev/GPUPOC/output/output299/win3072_nfauto/band1_toL8Ref/filtered_same-res_imw-r2d2-nn
262,band1,win3072_nfauto,dedode_L-C4-v2_B-C4,mnn,accurate90,320.8627163415732,115.81568005610143,-62.21447871156251,647.6963911153505,5,7,4.303,193.65,1,4,2,40,6905,consensus,/maintenance/ICIGDev/GPUPOC/output/output299/win3072_nfauto/band1_toL8Ref/filtered_same-res_dedode_L-C4-v2_B-C4
263,band1,win3072_nfauto,dog_hardnet,mnn,ransac90,321.14253689776007,65.4105370907636,-37.167656129571334,645.987403761642,5,7,0.876,39.4,2,3,2,37,8186,consensus,/maintenance/ICIGDev/GPUPOC/output/output299/win3072_nfauto/band1_toL8Ref/filtered_same-res_dog_hardnet
264,band1,win3072_nfauto,disk_depth,mnn,magsac90,321.8923173542869,111.13293456887068,-68.2703599615772,678.809734133333,5,7,2.831,127.38,2,3,2,39,26792,consensus,/maintenance/ICIGDev/GPUPOC/output/output299/win3072_nfauto/band1_toL8Ref/filtered_same-res_disk_depth
265,band1,win3072_nfauto,gftt,fginn,lmeds90,321.94488944804317,109.88551195104438,-99.79153200061555,571.0158837269702,5,7,0.926,41.69,0,5,2,38,3117,consensus,/maintenance/ICIGDev/GPUPOC/output/output299/win3072_nfauto/band1_toL8Ref/filtered_same-res_gftt
266,band1,win3072_nfauto,disk_depth,nn,accurate90,322.3276775342309,90.74231340913721,-55.65159899955397,653.2492678300274,5,7,2.961,133.24,4,1,2,32,32332,consensus,/maintenance/ICIGDev/GPUPOC/output/output299/win3072_nfauto/band1_toL8Ref/filtered_same-res_disk_depth
267,band1,win3072_nfauto,sift,ada,ransac90,322.4731326379298,85.98769287426913,-64.44975788358752,674.2214943911488,5,7,1.109,46.58,3,2,2,41,17156,consensus,/maintenance/ICIGDev/GPUPOC/output/output299/win3072_nfauto/band1_toL8Ref/filtered_same-res_sift
268,band1,win3072_nfauto,gftt,fginn,accurate90,322.86563227041324,145.22264021360078,-119.43651288667988,593.7258034094114,5,7,0.926,41.69,0,5,2,34,962,consensus,/maintenance/ICIGDev/GPUPOC/output/output299/win3072_nfauto/band1_toL8Ref/filtered_same-res_gftt
269,band1,win3072_nfauto,imw-sp-sg,internal,ransac90,322.934364722652,131.35132742085761,-87.19359591224966,641.945614977295,5,7,5.741,229.66,0,5,2,38,4284,consensus,/maintenance/ICIGDev/GPUPOC/output/output299/win3072_nfauto/band1_toL8Ref/filtered_same-res_imw-sp-sg
270,band1,win3072_nfauto,disk_depth,smnn0.9,lmeds90,324.9531208297373,59.38668621580564,-62.058009215706804,652.8881821931466,5,7,5.285,237.84,3,2,2,40,17654,consensus,/maintenance/ICIGDev/GPUPOC/output/output299/win3072_nfauto/band1_toL8Ref/filtered_same-res_disk_depth
271,band1,win3072_nfauto,imw-xfeat-lg,internal,magsac90,325.5707357032514,103.94383212824741,-66.37256143866107,642.9946281324712,5,7,3.365,148.05,3,2,2,40,3777,consensus,/maintenance/ICIGDev/GPUPOC/output/output299/win3072_nfauto/band1_toL8Ref/filtered_same-res_imw-xfeat-lg
272,band1,win3072_nfauto,imw-xfeat-lg,internal,accurate90,325.90363313461665,66.31279969422376,-53.49257967926569,645.0723275737975,5,7,3.365,148.05,2,3,2,41,4554,consensus,/maintenance/ICIGDev/GPUPOC/output/output299/win3072_nfauto/band1_toL8Ref/filtered_same-res_imw-xfeat-lg
273,band1,win3072_nfauto,imw-xfeat-dense,internal,ransac90,325.9423286205541,94.0008227921423,0.83709669568143,590.8561008027165,5,7,3.507,154.3,1,4,2,41,3754,consensus,/maintenance/ICIGDev/GPUPOC/output/output299/win3072_nfauto/band1_toL8Ref/filtered_same-res_imw-xfeat-dense
274,band1,win3072_nfauto,hessian,snn,lmeds90,325.9806827491689,88.65889219822729,-70.04989692766848,670.6712405177338,5,7,1.02,43.85,0,5,2,39,3336,consensus,/maintenance/ICIGDev/GPUPOC/output/output299/win3072_nfauto/band1_toL8Ref/filtered_same-res_hessian
275,band1,win3072_nfauto,hessian,fginn,magsac90,326.1551996680524,111.18586680105818,-72.86767496136763,678.6042465826896,5,7,0.975,43.86,0,5,2,35,1130,consensus,/maintenance/ICIGDev/GPUPOC/output/output299/win3072_nfauto/band1_toL8Ref/filtered_same-res_hessian
276,band1,win3072_nfauto,dedode_L-C4-v2_B-C4,mnn,magsac90,326.47296872917036,100.32340853691721,-73.582450848583,652.5044171613599,5,7,4.303,193.65,1,4,2,40,5748,consensus,/maintenance/ICIGDev/GPUPOC/output/output299/win3072_nfauto/band1_toL8Ref/filtered_same-res_dedode_L-C4-v2_B-C4
277,band1,win3072_nfauto,keynet,nn,ransac90,327.5375683962843,129.42280113085206,-113.0719517173753,490.49700604932525,5,7,1.832,82.42,1,4,2,34,6034,consensus,/maintenance/ICIGDev/GPUPOC/output/output299/win3072_nfauto/band1_toL8Ref/filtered_same-res_keynet
278,band1,win3072_nfauto,gftt,fginn,magsac90,327.75448642534724,145.40403324927783,-105.35688303773968,600.3492161041964,5,7,0.926,41.69,0,5,2,33,777,consensus,/maintenance/ICIGDev/GPUPOC/output/output299/win3072_nfauto/band1_toL8Ref/filtered_same-res_gftt
279,band1,win3072_nfauto,keynet,smnn0.95,accurate90,327.876254610635,114.15442593990056,-74.75240076296959,670.5848250178667,5,7,1.791,80.6,2,3,2,40,7800,consensus,/maintenance/ICIGDev/GPUPOC/output/output299/win3072_nfauto/band1_toL8Ref/filtered_same-res_keynet
280,band1,win3072_nfauto,sift,mnn,accurate90,328.23742349922304,105.61002395219967,-99.88847901787031,691.9554222861051,5,7,0.957,43.07,1,4,2,40,6819,consensus,/maintenance/ICIGDev/GPUPOC/output/output299/win3072_nfauto/band1_toL8Ref/filtered_same-res_sift
281,band1,win3072_nfauto,dedode_L-C4-v2_B-C4,ada,ransac90,328.4418606729699,157.09800757777765,-85.17664321217289,621.4293409024825,5,7,4.592,197.46,1,4,2,36,7864,consensus,/maintenance/ICIGDev/GPUPOC/output/output299/win3072_nfauto/band1_toL8Ref/filtered_same-res_dedode_L-C4-v2_B-C4
282,band1,win3072_nfauto,imw-xfeat-dense,internal,lmeds90,329.1246948773195,68.73577494400998,10.9332096989172,591.9569529082717,5,7,3.507,154.3,1,4,2,41,6445,consensus,/maintenance/ICIGDev/GPUPOC/output/output299/win3072_nfauto/band1_toL8Ref/filtered_same-res_imw-xfeat-dense
283,band1,win3072_nfauto,gftt,smnn0.95,ransac90,329.34441904685985,131.14923520901675,-78.79920250395989,654.4570580851248,5,7,1.008,45.35,0,5,2,40,3852,consensus,/maintenance/ICIGDev/GPUPOC/output/output299/win3072_nfauto/band1_toL8Ref/filtered_same-res_gftt
284,band1,win3072_nfauto,keynet,mnn,magsac90,329.6080835784855,127.14342547114366,-53.212765744970056,585.9392628914858,5,7,1.743,78.45,3,2,2,38,10338,consensus,/maintenance/ICIGDev/GPUPOC/output/output299/win3072_nfauto/band1_toL8Ref/filtered_same-res_keynet
285,band1,win3072_nfauto,imw-liftfeat-nn,internal,accurate90,329.84185092405255,73.89250531980414,-51.74356902271393,668.097103410126,5,7,4.609,207.39,4,1,2,41,13427,consensus,/maintenance/ICIGDev/GPUPOC/output/output299/win3072_nfauto/band1_toL8Ref/filtered_same-res_imw-liftfeat-nn
286,band1,win3072_nfauto,hessian,smnn0.9,lmeds90,331.12977349758233,115.4532428025228,-57.17424001992786,634.3362833030237,5,7,5.986,269.35,2,3,2,37,8107,consensus,/maintenance/ICIGDev/GPUPOC/output/output299/win3072_nfauto/band1_toL8Ref/filtered_same-res_hessian
287,band1,win3072_nfauto,dog_hardnet,smnn0.95,magsac90,331.4968058506825,103.00565951643412,-67.25013402676723,668.3416585148071,5,7,0.981,44.13,1,4,2,39,6775,consensus,/maintenance/ICIGDev/GPUPOC/output/output299/win3072_nfauto/band1_toL8Ref/filtered_same-res_dog_hardnet
288,band1,win3072_nfauto,imw-xfeat-lg,internal,lmeds90,333.0292301251809,107.56751931782,-65.14403420166654,655.290702960176,5,7,3.365,148.05,3,2,2,41,8017,consensus,/maintenance/ICIGDev/GPUPOC/output/output299/win3072_nfauto/band1_toL8Ref/filtered_same-res_imw-xfeat-lg
289,band1,win3072_nfauto,imw-eloftr,internal,ransac90,333.93248486306925,119.12452388043667,-167.09724589919952,630.1771793279305,5,7,10.273,184.92,1,4,2,14,9922,consensus,/maintenance/ICIGDev/GPUPOC/output/output299/win3072_nfauto/band1_toL8Ref/filtered_same-res_imw-eloftr
290,band1,win3072_nfauto,sift,ada,magsac90,334.55935086093814,144.28316909967606,-63.38114966216763,670.2396759719225,5,7,1.109,46.58,3,2,2,41,17545,consensus,/maintenance/ICIGDev/GPUPOC/output/output299/win3072_nfauto/band1_toL8Ref/filtered_same-res_sift
291,band1,win3072_nfauto,imw-dad-roma,internal,accurate90,334.76744894245127,81.39182889498242,-85.23043873505193,690.1427404712675,5,7,8.422,379.01,2,3,2,37,6767,consensus,/maintenance/ICIGDev/GPUPOC/output/output299/win3072_nfauto/band1_toL8Ref/filtered_same-res_imw-dad-roma
292,band1,win3072_nfauto,gftt,ada,accurate90,334.97894204956543,45.06340184711762,-34.01443788983452,665.6253357861382,5,7,1.018,43.77,2,3,2,37,10127,consensus,/maintenance/ICIGDev/GPUPOC/output/output299/win3072_nfauto/band1_toL8Ref/filtered_same-res_gftt
293,band1,win3072_nfauto,gftt,snn,magsac90,335.4459551326904,140.67718150675455,-109.45061733000584,654.9583995003112,5,7,0.994,41.75,0,5,2,33,781,consensus,/maintenance/ICIGDev/GPUPOC/output/output299/win3072_nfauto/band1_toL8Ref/filtered_same-res_gftt
294,band1,win3072_nfauto,disk_depth,smnn0.9,accurate90,335.61660245926373,125.81849252283136,-79.81854160826788,691.9718946376787,5,7,5.285,237.84,1,4,2,40,8835,consensus,/maintenance/ICIGDev/GPUPOC/output/output299/win3072_nfauto/band1_toL8Ref/filtered_same-res_disk_depth
295,band1,win3072_nfauto,disk_depth,smnn0.95,magsac90,335.73912836543144,114.60249453432625,-73.30746561036376,703.000567130897,5,7,2.886,129.87,2,3,2,40,15731,consensus,/maintenance/ICIGDev/GPUPOC/output/output299/win3072_nfauto/band1_toL8Ref/filtered_same-res_disk_depth
296,band1,win3072_nfauto,disk_depth,smnn0.9,ransac90,336.51213970357543,117.7510009179493,-73.40597538732072,693.4801017125665,5,7,5.285,237.84,1,4,2,39,7889,consensus,/maintenance/ICIGDev/GPUPOC/output/output299/win3072_nfauto/band1_toL8Ref/filtered_same-res_disk_depth
297,band1,win3072_nfauto,gftt,ada,ransac90,337.24004142181946,59.14698323972389,-47.299242866849454,643.9322817625065,5,7,1.018,43.77,3,2,2,41,9562,consensus,/maintenance/ICIGDev/GPUPOC/output/output299/win3072_nfauto/band1_toL8Ref/filtered_same-res_gftt
298,band1,win3072_nfauto,dedode_L-C4-v2_B-C4,smnn0.95,lmeds90,337.3691371111216,99.68150806550057,-71.72583025360109,631.1466187679645,5,7,4.446,200.08,1,4,2,40,3863,consensus,/maintenance/ICIGDev/GPUPOC/output/output299/win3072_nfauto/band1_toL8Ref/filtered_same-res_dedode_L-C4-v2_B-C4
299,band1,win3072_nfauto,dog_hardnet,smnn0.95,accurate90,337.51236310177563,90.02125479441011,-60.08546883073232,700.6429688036189,5,7,0.981,44.13,1,4,2,39,7645,consensus,/maintenance/ICIGDev/GPUPOC/output/output299/win3072_nfauto/band1_toL8Ref/filtered_same-res_dog_hardnet
300,band1,win3072_nfauto,imw-dad-roma,internal,ransac90,338.53173046127114,76.30283383292726,-74.38079782079167,681.1999075368656,5,7,8.422,379.01,2,3,2,37,5679,consensus,/maintenance/ICIGDev/GPUPOC/output/output299/win3072_nfauto/band1_toL8Ref/filtered_same-res_imw-dad-roma
301,band1,win3072_nfauto,disk_depth,smnn0.9,magsac90,338.5317871051289,104.20949792705778,-74.33487798458773,701.3268158267043,5,7,5.285,237.84,1,4,2,39,7881,consensus,/maintenance/ICIGDev/GPUPOC/output/output299/win3072_nfauto/band1_toL8Ref/filtered_same-res_disk_depth
302,band1,win3072_nfauto,dedode_L-C4-v2_B-C4,lgm,ransac90,339.87208098008205,177.86008970866533,-55.992051160505255,618.4682946068888,5,7,4.661,200.42,0,5,2,17,264,consensus,/maintenance/ICIGDev/GPUPOC/output/output299/win3072_nfauto/band1_toL8Ref/filtered_same-res_dedode_L-C4-v2_B-C4
303,band1,win3072_nfauto,hessian,smnn0.95,ransac90,340.4440224855673,133.84877126129723,-100.39729678838285,675.958902635059,5,7,1.075,48.4,1,4,2,40,4849,consensus,/maintenance/ICIGDev/GPUPOC/output/output299/win3072_nfauto/band1_toL8Ref/filtered_same-res_hessian
304,band1,win3072_nfauto,sift,ada,accurate90,342.11822313304526,41.450270150051075,-45.489367687618866,681.1786461986298,5,7,1.109,46.58,4,1,2,39,18941,consensus,/maintenance/ICIGDev/GPUPOC/output/output299/win3072_nfauto/band1_toL8Ref/filtered_same-res_sift
305,band1,win3072_nfauto,hessian,smnn0.95,accurate90,342.5879412404864,100.25477400438167,-67.88161242634851,680.4744737699154,5,7,1.075,48.4,2,3,2,40,5533,consensus,/maintenance/ICIGDev/GPUPOC/output/output299/win3072_nfauto/band1_toL8Ref/filtered_same-res_hessian
306,band1,win3072_nfauto,imw-dad-roma,internal,lmeds90,344.4814489916798,109.84646532596761,-69.05857144973106,682.504071731311,5,7,8.422,379.01,3,2,2,37,11582,consensus,/maintenance/ICIGDev/GPUPOC/output/output299/win3072_nfauto/band1_toL8Ref/filtered_same-res_imw-dad-roma
307,band1,win3072_nfauto,dog_hardnet,lgm,lmeds90,344.51282899300287,135.12407520409988,-118.01152994633631,700.9287431990625,5,7,1.512,54.43,2,3,2,27,18294,consensus,/maintenance/ICIGDev/GPUPOC/output/output299/win3072_nfauto/band1_toL8Ref/filtered_same-res_dog_hardnet
308,band1,win3072_nfauto,hessian,snn,ransac90,345.42366737677463,109.52932124386079,-80.39969523740675,706.2084109473615,5,7,1.02,43.85,0,5,2,37,1196,consensus,/maintenance/ICIGDev/GPUPOC/output/output299/win3072_nfauto/band1_toL8Ref/filtered_same-res_hessian
309,band1,win3072_nfauto,imw-omniglue,internal,ransac90,346.8332679798834,135.63920630478316,-80.70626823498678,670.6730010865717,5,7,35.267,1410.66,1,4,2,37,3714,consensus,/maintenance/ICIGDev/GPUPOC/output/output299/win3072_nfauto/band1_toL8Ref/filtered_same-res_imw-omniglue
310,band1,win3072_nfauto,sift,mnn,magsac90,347.25700537774543,92.30759386151867,-57.66995183787949,700.31998386511,5,7,0.957,43.07,2,3,2,38,5957,consensus,/maintenance/ICIGDev/GPUPOC/output/output299/win3072_nfauto/band1_toL8Ref/filtered_same-res_sift
311,band1,win3072_nfauto,hessian,fginn,ransac90,347.6053875251518,110.14873167323803,-82.11479894581643,710.7793939659193,5,7,0.975,43.86,0,5,2,37,1213,consensus,/maintenance/ICIGDev/GPUPOC/output/output299/win3072_nfauto/band1_toL8Ref/filtered_same-res_hessian
312,band1,win3072_nfauto,sift,snn,lmeds90,347.9735862640315,123.13499025148194,-36.564451630225264,691.9827886521939,5,7,0.985,43.34,3,2,2,40,7545,consensus,/maintenance/ICIGDev/GPUPOC/output/output299/win3072_nfauto/band1_toL8Ref/filtered_same-res_sift
313,band1,win3072_nfauto,hessian,smnn0.95,magsac90,348.4651001738457,93.48933523562937,-74.58272449615451,717.4744122162008,5,7,1.075,48.4,1,4,2,39,4714,consensus,/maintenance/ICIGDev/GPUPOC/output/output299/win3072_nfauto/band1_toL8Ref/filtered_same-res_hessian
314,band1,win3072_nfauto,sift,fginn,lmeds90,348.6871229869111,116.74830685244561,-37.11615722562074,693.5508147608577,5,7,0.956,43.01,3,2,2,40,7560,consensus,/maintenance/ICIGDev/GPUPOC/output/output299/win3072_nfauto/band1_toL8Ref/filtered_same-res_sift
315,band1,win3072_nfauto,disk_depth,lgm,lmeds90,350.3194631471316,114.81561902490084,-54.98520110139343,718.5352739919471,5,7,3.237,139.18,3,2,2,31,135305,consensus,/maintenance/ICIGDev/GPUPOC/output/output299/win3072_nfauto/band1_toL8Ref/filtered_same-res_disk_depth
316,band1,win3072_nfauto,sift,smnn0.9,lmeds90,350.5508857337663,135.94247972560842,-46.708634233845075,693.2024313068143,5,7,8.388,377.44,3,2,2,40,7097,consensus,/maintenance/ICIGDev/GPUPOC/output/output299/win3072_nfauto/band1_toL8Ref/filtered_same-res_sift
317,band1,win3072_nfauto,disk_depth,ada,magsac90,350.70406348210275,110.88082840730203,-59.480666368604396,728.5310665622734,5,7,2.986,134.37,4,1,2,39,33548,consensus,/maintenance/ICIGDev/GPUPOC/output/output299/win3072_nfauto/band1_toL8Ref/filtered_same-res_disk_depth
318,band1,win3072_nfauto,disk_epipolar,nn,magsac90,352.20653267625744,70.17735550157632,-74.56679291493765,723.183408383879,5,7,2.949,132.71,4,1,2,35,36390,consensus,/maintenance/ICIGDev/GPUPOC/output/output299/win3072_nfauto/band1_toL8Ref/filtered_same-res_disk_epipolar
319,band1,win3072_nfauto,imw-xfeat-dense,internal,magsac90,352.9839827977326,83.28379773594006,-11.875835809785167,668.2214808059896,5,7,3.507,154.3,1,4,2,41,3775,consensus,/maintenance/ICIGDev/GPUPOC/output/output299/win3072_nfauto/band1_toL8Ref/filtered_same-res_imw-xfeat-dense
320,band1,win3072_nfauto,hessian,snn,magsac90,354.2473940309594,117.06045599766003,-94.32446002326306,714.6841101034846,5,7,1.02,43.85,0,5,2,37,1117,consensus,/maintenance/ICIGDev/GPUPOC/output/output299/win3072_nfauto/band1_toL8Ref/filtered_same-res_hessian
321,band1,win3072_nfauto,disk_depth,fginn,ransac90,354.8190610063513,181.5649400308601,-142.48126244902414,632.7322157934113,5,7,2.824,127.06,1,4,2,34,1911,consensus,/maintenance/ICIGDev/GPUPOC/output/output299/win3072_nfauto/band1_toL8Ref/filtered_same-res_disk_depth
322,band1,win3072_nfauto,sift,snn,ransac90,355.4359816299349,73.51912439619237,-59.5720357023276,744.1217661387268,5,7,0.985,43.34,2,3,2,40,2985,consensus,/maintenance/ICIGDev/GPUPOC/output/output299/win3072_nfauto/band1_toL8Ref/filtered_same-res_sift
323,band1,win3072_nfauto,gftt,mnn,ransac90,355.53625950572786,126.70724177184957,-81.72778897142834,738.9684651312901,5,7,0.937,42.18,0,5,2,37,5059,consensus,/maintenance/ICIGDev/GPUPOC/output/output299/win3072_nfauto/band1_toL8Ref/filtered_same-res_gftt
324,band1,win3072_nfauto,gftt,mnn,magsac90,359.2484350993399,100.23047544176325,-96.95820651966388,754.8883415372477,5,7,0.937,42.18,1,4,2,37,5014,consensus,/maintenance/ICIGDev/GPUPOC/output/output299/win3072_nfauto/band1_toL8Ref/filtered_same-res_gftt
325,band1,win3072_nfauto,gftt,smnn0.9,lmeds90,359.2943575279809,100.6688670693834,-25.30395546087384,653.1701268414139,5,7,8.69,391.06,2,3,2,40,8140,consensus,/maintenance/ICIGDev/GPUPOC/output/output299/win3072_nfauto/band1_toL8Ref/filtered_same-res_gftt
326,band1,win3072_nfauto,dedode_L-C4-v2_B-upright,smnn0.9,lmeds90,359.3433981955095,72.05663715550236,-37.111972069979856,596.0664155147468,5,7,6.888,282.4,0,5,2,30,688,consensus,/maintenance/ICIGDev/GPUPOC/output/output299/win3072_nfauto/band1_toL8Ref/filtered_same-res_dedode_L-C4-v2_B-upright
327,band1,win3072_nfauto,sift,smnn0.95,lmeds90,359.7214591254022,120.07249453346076,-32.35228262283199,692.1724280592898,5,7,1.016,45.71,2,3,2,36,11401,consensus,/maintenance/ICIGDev/GPUPOC/output/output299/win3072_nfauto/band1_toL8Ref/filtered_same-res_sift
328,band1,win3072_nfauto,dedode_L-C4-v2_B-C4,smnn0.9,magsac90,359.9651944950639,230.08087280839754,-120.18761456935226,622.6034225590955,5,7,7.76,302.63,0,5,2,21,290,consensus,/maintenance/ICIGDev/GPUPOC/output/output299/win3072_nfauto/band1_toL8Ref/filtered_same-res_dedode_L-C4-v2_B-C4
329,band1,win3072_nfauto,hessian,snn,accurate90,360.6074169071461,112.81076799734656,-89.97721451071739,725.611180447164,5,7,1.02,43.85,0,5,2,37,1351,consensus,/maintenance/ICIGDev/GPUPOC/output/output299/win3072_nfauto/band1_toL8Ref/filtered_same-res_hessian
330,band1,win3072_nfauto,disk_depth,ada,ransac90,363.68296592193616,142.00906293947372,-64.14468678602661,697.2919827358102,5,7,2.986,134.37,4,1,2,40,33327,consensus,/maintenance/ICIGDev/GPUPOC/output/output299/win3072_nfauto/band1_toL8Ref/filtered_same-res_disk_depth
331,band1,win3072_nfauto,keynet,snn,accurate90,364.8968933347366,139.80033863384034,-102.69106500639063,738.5496641416177,5,7,1.855,77.89,0,5,2,38,1604,consensus,/maintenance/ICIGDev/GPUPOC/output/output299/win3072_nfauto/band1_toL8Ref/filtered_same-res_keynet
332,band1,win3072_nfauto,dedode_L-C4-v2_B-C4,smnn0.95,accurate90,365.1159388569161,132.08859357578186,-86.51473602860042,675.5593240185278,5,7,4.446,200.08,0,5,2,39,1513,consensus,/maintenance/ICIGDev/GPUPOC/output/output299/win3072_nfauto/band1_toL8Ref/filtered_same-res_dedode_L-C4-v2_B-C4
333,band1,win3072_nfauto,disk_depth,nn,ransac90,366.6974574358322,116.61509096876253,-70.66592870767582,752.1994302272085,5,7,2.961,133.24,3,2,2,40,18892,consensus,/maintenance/ICIGDev/GPUPOC/output/output299/win3072_nfauto/band1_toL8Ref/filtered_same-res_disk_depth
334,band1,win3072_nfauto,keynet,ada,ransac90,368.2474763095525,94.29562194015053,-39.677168327667275,691.4040315503257,5,7,1.862,80.06,3,2,2,41,16015,consensus,/maintenance/ICIGDev/GPUPOC/output/output299/win3072_nfauto/band1_toL8Ref/filtered_same-res_keynet
335,band1,win3072_nfauto,imw-ripe-nn,internal,accurate90,369.4339412922519,181.94727148413313,-148.24921461094272,694.4875214526867,5,7,4.484,201.8,0,5,2,33,2422,consensus,/maintenance/ICIGDev/GPUPOC/output/output299/win3072_nfauto/band1_toL8Ref/filtered_same-res_imw-ripe-nn
336,band1,win3072_nfauto,dog_hardnet,lgm,ransac90,370.31277836706374,149.89366144316864,-137.75986979293648,655.1727735312716,5,7,1.512,54.43,1,4,2,28,3899,consensus,/maintenance/ICIGDev/GPUPOC/output/output299/win3072_nfauto/band1_toL8Ref/filtered_same-res_dog_hardnet
337,band1,win3072_nfauto,imw-ripe-nn,internal,magsac90,374.74596978658616,191.97762056279197,-159.13660001848675,705.2116778996914,5,7,4.484,201.8,0,5,2,33,2043,consensus,/maintenance/ICIGDev/GPUPOC/output/output299/win3072_nfauto/band1_toL8Ref/filtered_same-res_imw-ripe-nn
338,band1,win3072_nfauto,dedode_L-C4-v2_B-C4,smnn0.9,accurate90,377.1075004295478,236.91412360757812,-90.91385913757021,656.3865764788792,5,7,7.76,302.63,0,5,2,24,361,consensus,/maintenance/ICIGDev/GPUPOC/output/output299/win3072_nfauto/band1_toL8Ref/filtered_same-res_dedode_L-C4-v2_B-C4
339,band1,win3072_nfauto,gftt,mnn,accurate90,384.8109806426441,53.78142824954848,-63.22421588201378,769.5004978976399,5,7,0.937,42.18,2,3,2,37,7530,consensus,/maintenance/ICIGDev/GPUPOC/output/output299/win3072_nfauto/band1_toL8Ref/filtered_same-res_gftt
340,band1,win3072_nfauto,dedode_L-C4-v2_B-C4,mnn,ransac90,384.98140157795774,145.38710245868543,-67.61614175469512,669.0542174305182,5,7,4.303,193.65,1,4,2,41,5974,consensus,/maintenance/ICIGDev/GPUPOC/output/output299/win3072_nfauto/band1_toL8Ref/filtered_same-res_dedode_L-C4-v2_B-C4
341,band1,win3072_nfauto,sift,fginn,ransac90,385.8146093093594,74.0647216503141,-59.65604031598377,810.5263061677998,5,7,0.956,43.01,2,3,2,40,2973,consensus,/maintenance/ICIGDev/GPUPOC/output/output299/win3072_nfauto/band1_toL8Ref/filtered_same-res_sift
342,band1,win3072_nfauto,dedode_L-C4-v2_B-C4,smnn0.95,ransac90,388.9233971460207,163.92050867535946,-151.77727840254866,687.6199814182994,5,7,4.446,200.08,0,5,2,39,1356,consensus,/maintenance/ICIGDev/GPUPOC/output/output299/win3072_nfauto/band1_toL8Ref/filtered_same-res_dedode_L-C4-v2_B-C4
343,band1,win3072_nfauto,imw-ripe-nn,internal,ransac90,403.7987520351831,205.68840520896993,-170.53152492704012,752.8319715185137,5,7,4.484,201.8,0,5,2,33,2046,consensus,/maintenance/ICIGDev/GPUPOC/output/output299/win3072_nfauto/band1_toL8Ref/filtered_same-res_imw-ripe-nn
344,band1,win3072_nfauto,dedode_L-C4-v2_B-C4,ada,magsac90,407.8840387431483,140.42211470482962,-105.17965504130007,763.8898048371386,5,7,4.592,197.46,0,5,2,36,7836,consensus,/maintenance/ICIGDev/GPUPOC/output/output299/win3072_nfauto/band1_toL8Ref/filtered_same-res_dedode_L-C4-v2_B-C4
345,band1,win3072_nfauto,sift,smnn0.9,magsac90,412.16884880550964,167.90868732936414,-147.7710359556595,831.5705109056402,5,7,8.388,377.44,1,4,2,38,2720,consensus,/maintenance/ICIGDev/GPUPOC/output/output299/win3072_nfauto/band1_toL8Ref/filtered_same-res_sift
346,band1,win3072_nfauto,disk_depth,snn,accurate90,413.1462870299768,211.13924650148064,-163.0181676729697,687.5333631636114,5,7,3.254,126.9,0,5,2,35,2148,consensus,/maintenance/ICIGDev/GPUPOC/output/output299/win3072_nfauto/band1_toL8Ref/filtered_same-res_disk_depth
347,band1,win3072_nfauto,disk_depth,fginn,accurate90,415.5223149598963,209.79495935753638,-172.80242636994825,696.5403650329979,5,7,2.824,127.06,0,5,2,35,2178,consensus,/maintenance/ICIGDev/GPUPOC/output/output299/win3072_nfauto/band1_toL8Ref/filtered_same-res_disk_depth
348,band1,win3072_nfauto,disk_depth,snn,magsac90,430.59526971491283,244.51413076580766,-158.64535180098682,713.2614707570006,5,7,3.254,126.9,0,5,2,34,1843,consensus,/maintenance/ICIGDev/GPUPOC/output/output299/win3072_nfauto/band1_toL8Ref/filtered_same-res_disk_depth
349,band1,win3072_nfauto,disk_depth,fginn,magsac90,441.22079058911385,269.93600442283633,-166.12485961509302,716.0311652128057,5,7,2.824,127.06,1,4,2,34,1843,consensus,/maintenance/ICIGDev/GPUPOC/output/output299/win3072_nfauto/band1_toL8Ref/filtered_same-res_disk_depth
350,band1,win3072_nfauto,disk_depth,lgm,accurate90,480.2902571976837,208.80259149265038,-109.57132539359063,729.7685497183663,5,7,3.237,139.18,2,3,2,29,32103,consensus,/maintenance/ICIGDev/GPUPOC/output/output299/win3072_nfauto/band1_toL8Ref/filtered_same-res_disk_depth
351,band1,win3072_nfauto,dog_hardnet,nn,ransac90,665.1198703837113,6.32239400654089,-39.209767454636314,1127.2551805509668,5,7,0.998,44.92,2,3,2,41,3001,consensus,/maintenance/ICIGDev/GPUPOC/output/output299/win3072_nfauto/band1_toL8Ref/filtered_same-res_dog_hardnet
352,band1,win3072_nfauto,dog_hardnet,nn,accurate90,3429.914462795782,1532.3096914120965,192.981544224764,7663.670451898785,5,7,0.998,44.92,4,1,2,25,8681,consensus,/maintenance/ICIGDev/GPUPOC/output/output299/win3072_nfauto/band1_toL8Ref/filtered_same-res_dog_hardnet
353,band1,win3072_nfauto,dedode_L-C4_B-upright,ada,accurate90,3642.425283327883,-127.10979919146466,965.4395998515098,7676.664708378252,5,7,4.704,197.59,2,3,2,28,7807,consensus,/maintenance/ICIGDev/GPUPOC/output/output299/win3072_nfauto/band1_toL8Ref/filtered_same-res_dedode_L-C4_B-upright
354,band1,win3072_nfauto,gftt,nn,accurate90,7478.546010296666,-766.6473605150725,2929.790892975667,12053.911001781193,5,7,1.041,46.83,1,4,2,29,5462,consensus,/maintenance/ICIGDev/GPUPOC/output/output299/win3072_nfauto/band1_toL8Ref/filtered_same-res_gftt
355,band1,win3072_nfauto,dedode_L-C4-v2_B-C4,lgm,lmeds90,7934.225473051433,2739.317946151702,4747.338373137274,14733.848586521619,5,7,4.661,200.42,0,5,2,35,1018,consensus,/maintenance/ICIGDev/GPUPOC/output/output299/win3072_nfauto/band1_toL8Ref/filtered_same-res_dedode_L-C4-v2_B-C4
356,band1,win3072_nfauto,loftr,loftr_internal,accurate90,8453.443602333546,-761.6353678995056,5890.404379384122,14179.22296104699,5,7,14.719,147.19,0,5,2,6,830,consensus,/maintenance/ICIGDev/GPUPOC/output/output299/win3072_nfauto/band1_toL8Ref/filtered_same-res_loftr
357,band1,win3072_nfauto,dedode_L-C4_B-upright,ada,ransac90,9042.84754394613,3823.0284139091223,1294.7080809308095,17438.74641464607,5,7,4.704,197.59,1,4,2,40,7335,consensus,/maintenance/ICIGDev/GPUPOC/output/output299/win3072_nfauto/band1_toL8Ref/filtered_same-res_dedode_L-C4_B-upright
358,band1,win3072_nfauto,sift,nn,magsac90,10243.316318053525,3135.6959171159324,768.8606448184568,17520.425735385044,5,7,1.125,50.61,2,3,2,30,20236,consensus,/maintenance/ICIGDev/GPUPOC/output/output299/win3072_nfauto/band1_toL8Ref/filtered_same-res_sift
359,band1,win3072_nfauto,imw-xoftr,internal,lmeds90,13268.376169249437,8097.66439386986,2614.485598500128,23532.216496132376,5,7,9.107,191.24,0,5,2,20,3006,consensus,/maintenance/ICIGDev/GPUPOC/output/output299/win3072_nfauto/band1_toL8Ref/filtered_same-res_imw-xoftr
360,band1,win3072_nfauto,imw-gim-dkm,internal,magsac90,13338.668164259281,5531.399623086593,-1694.4404058159853,20409.160193091142,5,7,5.16,190.94,3,2,2,34,35825,consensus,/maintenance/ICIGDev/GPUPOC/output/output299/win3072_nfauto/band1_toL8Ref/filtered_same-res_imw-gim-dkm
361,band1,win3072_nfauto,imw-xoftr,internal,ransac90,14337.24348885088,7968.693680657625,1695.6823267348445,25834.62103799953,5,7,9.107,191.24,0,5,2,19,1970,consensus,/maintenance/ICIGDev/GPUPOC/output/output299/win3072_nfauto/band1_toL8Ref/filtered_same-res_imw-xoftr
362,band1,win3072_nfauto,imw-xoftr,internal,accurate90,14865.313312060049,7791.573898132179,997.0673847912934,27295.482074127704,5,7,9.107,191.24,0,5,2,19,2230,consensus,/maintenance/ICIGDev/GPUPOC/output/output299/win3072_nfauto/band1_toL8Ref/filtered_same-res_imw-xoftr
363,band1,win3072_nfauto,gftt,nn,magsac90,15141.927562096673,3803.997717367102,1027.3474634543131,30199.67503182355,5,7,1.041,46.83,0,5,2,26,2221,consensus,/maintenance/ICIGDev/GPUPOC/output/output299/win3072_nfauto/band1_toL8Ref/filtered_same-res_gftt
364,band1,win3072_nfauto,hessian,nn,accurate90,15450.67703902649,8393.932283259503,1569.9122907006622,22236.149923487155,5,7,1.122,50.5,0,5,2,33,4267,consensus,/maintenance/ICIGDev/GPUPOC/output/output299/win3072_nfauto/band1_toL8Ref/filtered_same-res_hessian
365,band1,win3072_nfauto,dedode_L-C4_B-C4,ada,magsac90,15689.963839149626,-2673.6364046322024,1811.2199472996376,29224.661096704855,5,7,4.588,197.3,3,2,2,41,21064,consensus,/maintenance/ICIGDev/GPUPOC/output/output299/win3072_nfauto/band1_toL8Ref/filtered_same-res_dedode_L-C4_B-C4
366,band1,win3072_nfauto,dedode_L-upright_B-C4,nn,ransac90,17395.13473519169,6871.619763973232,393.48917118591055,24539.959186325337,5,7,4.331,194.92,0,5,2,45,14588,consensus,/maintenance/ICIGDev/GPUPOC/output/output299/win3072_nfauto/band1_toL8Ref/filtered_same-res_dedode_L-upright_B-C4
367,band1,win3072_nfauto,dedode_L-upright_B-upright,nn,ransac90,18123.989944803423,-13005.40124921574,-5184.5300036426825,20836.616009731795,5,7,4.744,185.01,0,5,2,39,8613,consensus,/maintenance/ICIGDev/GPUPOC/output/output299/win3072_nfauto/band1_toL8Ref/filtered_same-res_dedode_L-upright_B-upright
368,band1,win3072_nfauto,hessian,nn,magsac90,20527.28611731611,4783.384096687307,4319.241359598845,28410.87925023634,5,7,1.122,50.5,0,5,2,23,1204,consensus,/maintenance/ICIGDev/GPUPOC/output/output299/win3072_nfauto/band1_toL8Ref/filtered_same-res_hessian
369,band1,win3072_nfauto,dedode_L-C4-v2_B-upright,nn,ransac90,25231.046001535455,6606.800959543955,-2676.2752197287145,35261.35081780041,5,7,4.441,199.84,0,5,2,45,3403,consensus,/maintenance/ICIGDev/GPUPOC/output/output299/win3072_nfauto/band1_toL8Ref/filtered_same-res_dedode_L-C4-v2_B-upright
370,band1,win3072_nfauto,dedode_L-upright_B-C4,nn,accurate90,25666.971300635014,10932.64303613571,-4656.441283252247,36732.24190168124,5,7,4.331,194.92,2,3,2,45,49832,consensus,/maintenance/ICIGDev/GPUPOC/output/output299/win3072_nfauto/band1_toL8Ref/filtered_same-res_dedode_L-upright_B-C4
371,band1,win3072_nfauto,dedode_L-C4_B-C4,nn,accurate90,26394.925806822943,17448.309055959275,2586.743297577514,38250.25810570297,5,7,4.459,200.67,1,4,2,45,77288,consensus,/maintenance/ICIGDev/GPUPOC/output/output299/win3072_nfauto/band1_toL8Ref/filtered_same-res_dedode_L-C4_B-C4
372,band1,win3072_nfauto,dedode_L-C4_B-C4,nn,ransac90,27670.316334727413,20121.78651162678,8663.762387160945,36533.19122255565,5,7,4.459,200.67,1,4,2,45,14390,consensus,/maintenance/ICIGDev/GPUPOC/output/output299/win3072_nfauto/band1_toL8Ref/filtered_same-res_dedode_L-C4_B-C4
373,band1,win3072_nfauto,dedode_L-upright_B-C4,nn,magsac90,28060.130753735142,20183.485709602093,-1615.9887525843224,37062.61593449663,5,7,4.331,194.92,0,5,2,45,38683,consensus,/maintenance/ICIGDev/GPUPOC/output/output299/win3072_nfauto/band1_toL8Ref/filtered_same-res_dedode_L-upright_B-C4
374,band1,win3072_nfauto,dedode_L-upright_B-upright,nn,accurate90,30380.31058771131,7649.014280606636,-26147.544121725063,35074.81962594077,5,7,4.744,185.01,2,3,2,39,35756,consensus,/maintenance/ICIGDev/GPUPOC/output/output299/win3072_nfauto/band1_toL8Ref/filtered_same-res_dedode_L-upright_B-upright
375,band1,win3072_nfauto,dedode_L-C4-v2_B-C4,nn,magsac90,32548.41320260299,7887.527003948283,-13691.520425162744,42327.113037624906,5,7,4.467,201.03,1,4,2,41,14000,consensus,/maintenance/ICIGDev/GPUPOC/output/output299/win3072_nfauto/band1_toL8Ref/filtered_same-res_dedode_L-C4-v2_B-C4
376,band1,win3072_nfauto,dedode_L-upright_B-upright,nn,magsac90,33250.807296604835,8077.189554521782,-18246.58408129967,41022.444349614714,5,7,4.744,185.01,1,4,2,39,29107,consensus,/maintenance/ICIGDev/GPUPOC/output/output299/win3072_nfauto/band1_toL8Ref/filtered_same-res_dedode_L-upright_B-upright
377,band1,win3072_nfauto,keynet,nn,magsac90,129.49610488733975,-3.5735965382986024,-1.7964544738681525,221.72892209575818,4,7,1.832,82.42,1,3,3,31,6409,consensus,/maintenance/ICIGDev/GPUPOC/output/output299/win3072_nfauto/band1_toL8Ref/filtered_same-res_keynet
378,band1,win3072_nfauto,dedode_L-upright_B-C4,lgm,ransac90,191.56440937007847,39.70277124045663,77.38964151263667,356.05702041883654,4,7,4.998,194.91,0,4,3,10,140,consensus,/maintenance/ICIGDev/GPUPOC/output/output299/win3072_nfauto/band1_toL8Ref/filtered_same-res_dedode_L-upright_B-C4
379,band1,win3072_nfauto,dedode_L-upright_B-upright,smnn0.95,lmeds90,199.64646745091358,-36.098441632647905,69.18110090604819,284.9044009755619,4,7,5.042,196.63,0,4,3,28,793,consensus,/maintenance/ICIGDev/GPUPOC/output/output299/win3072_nfauto/band1_toL8Ref/filtered_same-res_dedode_L-upright_B-upright
380,band1,win3072_nfauto,dedode_L-C4-v2_B-upright,fginn,magsac90,229.6224811935953,-54.58110272058934,168.92453435745438,345.13135859836257,4,7,4.293,193.18,0,4,3,10,81,consensus,/maintenance/ICIGDev/GPUPOC/output/output299/win3072_nfauto/band1_toL8Ref/filtered_same-res_dedode_L-C4-v2_B-upright
381,band1,win3072_nfauto,dedode_L-C4_B-upright,lgm,ransac90,248.26577599890322,7.031322562435889,-43.23236829618281,454.4042686736635,4,7,6.007,204.25,0,4,3,24,4540,consensus,/maintenance/ICIGDev/GPUPOC/output/output299/win3072_nfauto/band1_toL8Ref/filtered_same-res_dedode_L-C4_B-upright
382,band1,win3072_nfauto,dedode_L-upright_B-C4,lgm,magsac90,251.07461781685404,61.08551256058627,165.10711260844027,468.44117753439775,4,7,4.998,194.91,0,4,3,8,124,consensus,/maintenance/ICIGDev/GPUPOC/output/output299/win3072_nfauto/band1_toL8Ref/filtered_same-res_dedode_L-upright_B-C4
383,band1,win3072_nfauto,dedode_L-C4_B-upright,lgm,magsac90,257.1784519505125,12.69365052117746,-7.950791668537477,443.75107801386173,4,7,6.007,204.25,0,4,3,24,4686,consensus,/maintenance/ICIGDev/GPUPOC/output/output299/win3072_nfauto/band1_toL8Ref/filtered_same-res_dedode_L-C4_B-upright
384,band1,win3072_nfauto,dedode_L-upright_B-upright,lgm,ransac90,259.95023729752705,56.93381275948798,-18.94932440196635,375.5330957240687,4,7,5.09,188.33,0,4,3,30,5308,consensus,/maintenance/ICIGDev/GPUPOC/output/output299/win3072_nfauto/band1_toL8Ref/filtered_same-res_dedode_L-upright_B-upright
385,band1,win3072_nfauto,imw-aspanformer,internal,ransac90,263.5356478199068,204.4842664102241,-77.5425622850073,310.71631881080924,4,7,13.776,247.96,1,3,3,13,11000,consensus,/maintenance/ICIGDev/GPUPOC/output/output299/win3072_nfauto/band1_toL8Ref/filtered_same-res_imw-aspanformer
386,band1,win3072_nfauto,imw-aspanformer,internal,magsac90,268.3213109710025,226.18739527079356,-72.17693447767442,314.71541522312754,4,7,13.776,247.96,1,3,3,13,10999,consensus,/maintenance/ICIGDev/GPUPOC/output/output299/win3072_nfauto/band1_toL8Ref/filtered_same-res_imw-aspanformer
387,band1,win3072_nfauto,dedode_L-upright_B-C4,smnn0.95,accurate90,271.09036470570703,113.83124643667861,-56.88674294939506,499.7412832910053,4,7,4.455,196.04,0,4,3,29,504,consensus,/maintenance/ICIGDev/GPUPOC/output/output299/win3072_nfauto/band1_toL8Ref/filtered_same-res_dedode_L-upright_B-C4
388,band1,win3072_nfauto,dedode_L-upright_B-C4,smnn0.95,lmeds90,277.637754870824,61.14371496144031,-82.17905138717651,518.7800159353687,4,7,4.455,196.04,0,4,3,33,1093,consensus,/maintenance/ICIGDev/GPUPOC/output/output299/win3072_nfauto/band1_toL8Ref/filtered_same-res_dedode_L-upright_B-C4
389,band1,win3072_nfauto,dedode_L-C4-v2_B-upright,smnn0.9,accurate90,278.0936348758598,22.45089178666956,-50.35727528638404,466.03577964028767,4,7,6.888,282.4,0,4,3,24,282,consensus,/maintenance/ICIGDev/GPUPOC/output/output299/win3072_nfauto/band1_toL8Ref/filtered_same-res_dedode_L-C4-v2_B-upright
390,band1,win3072_nfauto,dedode_L-upright_B-upright,lgm,magsac90,284.5858602504153,64.06749374740195,-37.56613413813693,436.76312710787795,4,7,5.09,188.33,0,4,3,28,5185,consensus,/maintenance/ICIGDev/GPUPOC/output/output299/win3072_nfauto/band1_toL8Ref/filtered_same-res_dedode_L-upright_B-upright
391,band1,win3072_nfauto,imw-aspanformer,internal,lmeds90,288.2001846104361,231.9045277729506,-85.16049856114728,334.12783207736345,4,7,13.776,247.96,1,3,3,13,17043,consensus,/maintenance/ICIGDev/GPUPOC/output/output299/win3072_nfauto/band1_toL8Ref/filtered_same-res_imw-aspanformer
392,band1,win3072_nfauto,imw-aspanformer,internal,accurate90,293.4197053211126,234.7062097744547,-99.63094117183277,337.2104821200982,4,7,13.776,247.96,1,3,3,13,12249,consensus,/maintenance/ICIGDev/GPUPOC/output/output299/win3072_nfauto/band1_toL8Ref/filtered_same-res_imw-aspanformer
393,band1,win3072_nfauto,hessian,nn,ransac90,314.1084580329694,48.98184620088932,-91.6170327369191,589.2224232935976,4,7,1.122,50.5,0,4,3,41,1999,consensus,/maintenance/ICIGDev/GPUPOC/output/output299/win3072_nfauto/band1_toL8Ref/filtered_same-res_hessian
394,band1,win3072_nfauto,dedode_L-C4-v2_B-C4,lgm,magsac90,318.66967761832143,120.4931491179849,57.72623546403133,453.5641533968899,4,7,4.661,200.42,0,4,3,14,229,consensus,/maintenance/ICIGDev/GPUPOC/output/output299/win3072_nfauto/band1_toL8Ref/filtered_same-res_dedode_L-C4-v2_B-C4
395,band1,win3072_nfauto,dedode_L-upright_B-upright,lgm,accurate90,320.65846116952156,133.8787788482906,-136.7731017402166,525.6873581663199,4,7,5.09,188.33,0,4,3,30,6006,consensus,/maintenance/ICIGDev/GPUPOC/output/output299/win3072_nfauto/band1_toL8Ref/filtered_same-res_dedode_L-upright_B-upright
396,band1,win3072_nfauto,dedode_L-C4-v2_B-upright,smnn0.9,magsac90,329.48482719822704,73.09280388572802,-90.75218022132344,572.9721043782964,4,7,6.888,282.4,0,4,3,21,241,consensus,/maintenance/ICIGDev/GPUPOC/output/output299/win3072_nfauto/band1_toL8Ref/filtered_same-res_dedode_L-C4-v2_B-upright
397,band1,win3072_nfauto,dedode_L-C4-v2_B-C4,smnn0.9,lmeds90,340.9111882395782,131.873191521845,-95.62313424077388,624.045569349611,4,7,7.76,302.63,0,4,3,28,804,consensus,/maintenance/ICIGDev/GPUPOC/output/output299/win3072_nfauto/band1_toL8Ref/filtered_same-res_dedode_L-C4-v2_B-C4
398,band1,win3072_nfauto,dedode_L-C4_B-C4,smnn0.95,magsac90,341.25274803782156,-94.85226103700313,163.73160478421073,565.9363197386765,4,7,4.578,201.43,0,4,3,19,325,consensus,/maintenance/ICIGDev/GPUPOC/output/output299/win3072_nfauto/band1_toL8Ref/filtered_same-res_dedode_L-C4_B-C4
399,band1,win3072_nfauto,disk_depth,nn,magsac90,345.8912502499796,141.07664408079995,-118.83151394054948,602.1207308476943,4,7,2.961,133.24,3,1,3,31,21191,consensus,/maintenance/ICIGDev/GPUPOC/output/output299/win3072_nfauto/band1_toL8Ref/filtered_same-res_disk_depth
400,band1,win3072_nfauto,dedode_L-C4-v2_B-upright,snn,lmeds90,348.26793364132755,137.51449269149816,-132.78183749112827,609.9938734461688,4,7,5.366,193.17,0,4,3,16,172,consensus,/maintenance/ICIGDev/GPUPOC/output/output299/win3072_nfauto/band1_toL8Ref/filtered_same-res_dedode_L-C4-v2_B-upright
401,band1,win3072_nfauto,imw-alike-nn,internal,lmeds90,349.1586404500763,142.10470448129593,-150.70722672895204,642.9931854648308,4,7,3.687,158.55,0,4,3,31,1999,consensus,/maintenance/ICIGDev/GPUPOC/output/output299/win3072_nfauto/band1_toL8Ref/filtered_same-res_imw-alike-nn
402,band1,win3072_nfauto,imw-xfeat-lg,internal,ransac90,368.25433000245863,85.78702005885157,-133.4617134261964,679.7714757062271,4,7,3.365,148.05,2,2,3,40,3884,consensus,/maintenance/ICIGDev/GPUPOC/output/output299/win3072_nfauto/band1_toL8Ref/filtered_same-res_imw-xfeat-lg
403,band1,win3072_nfauto,dedode_L-upright_B-C4,mnn,ransac90,371.2833193201687,121.2135893887031,-60.84823972326467,660.738024926599,4,7,4.194,188.74,0,4,3,41,5185,consensus,/maintenance/ICIGDev/GPUPOC/output/output299/win3072_nfauto/band1_toL8Ref/filtered_same-res_dedode_L-upright_B-C4
404,band1,win3072_nfauto,dedode_L-upright_B-C4,lgm,accurate90,371.5195707772226,215.58928921112886,-162.78477312620453,635.3296533691127,4,7,4.998,194.91,0,4,3,12,163,consensus,/maintenance/ICIGDev/GPUPOC/output/output299/win3072_nfauto/band1_toL8Ref/filtered_same-res_dedode_L-upright_B-C4
405,band1,win3072_nfauto,imw-dad-roma,internal,magsac90,383.2772764291394,167.56175713987807,-129.8709872756724,670.4172498217777,4,7,8.422,379.01,0,4,3,37,5666,consensus,/maintenance/ICIGDev/GPUPOC/output/output299/win3072_nfauto/band1_toL8Ref/filtered_same-res_imw-dad-roma
406,band1,win3072_nfauto,imw-alike-nn,internal,ransac90,395.0099358679538,164.71119832602892,-143.76303115374822,708.0947516055322,4,7,3.687,158.55,0,4,3,30,1145,consensus,/maintenance/ICIGDev/GPUPOC/output/output299/win3072_nfauto/band1_toL8Ref/filtered_same-res_imw-alike-nn
407,band1,win3072_nfauto,imw-alike-nn,internal,magsac90,397.58066173313625,155.52110036149247,-166.99406483809594,721.6042534182747,4,7,3.687,158.55,0,4,3,30,1083,consensus,/maintenance/ICIGDev/GPUPOC/output/output299/win3072_nfauto/band1_toL8Ref/filtered_same-res_imw-alike-nn
408,band1,win3072_nfauto,imw-alike-nn,internal,accurate90,397.87745764765293,157.77634797374776,-167.0834609550202,721.7189607306403,4,7,3.687,158.55,0,4,3,30,1331,consensus,/maintenance/ICIGDev/GPUPOC/output/output299/win3072_nfauto/band1_toL8Ref/filtered_same-res_imw-alike-nn
409,band1,win3072_nfauto,dedode_L-upright_B-upright,ada,ransac90,410.2409307140952,211.63986434368326,-142.2383305626513,716.9233779196317,4,7,4.796,182.23,0,4,3,35,5919,consensus,/maintenance/ICIGDev/GPUPOC/output/output299/win3072_nfauto/band1_toL8Ref/filtered_same-res_dedode_L-upright_B-upright
410,band1,win3072_nfauto,disk_depth,lgm,magsac90,456.26610355293286,75.64846618793422,-70.39951411309039,686.8171105866658,4,7,3.237,139.18,2,2,3,29,29448,consensus,/maintenance/ICIGDev/GPUPOC/output/output299/win3072_nfauto/band1_toL8Ref/filtered_same-res_disk_depth
411,band1,win3072_nfauto,imw-darkfeat-nn,internal,magsac90,463.5974733697291,259.06044563180114,-230.4722708080485,735.8000028690873,4,7,3.655,164.45,1,3,3,35,4060,consensus,/maintenance/ICIGDev/GPUPOC/output/output299/win3072_nfauto/band1_toL8Ref/filtered_same-res_imw-darkfeat-nn
412,band1,win3072_nfauto,dedode_L-C4_B-upright,ada,magsac90,477.0752962060452,114.62923414750003,-27.598478061285505,696.3806426606142,4,7,4.704,197.59,2,2,3,36,9476,consensus,/maintenance/ICIGDev/GPUPOC/output/output299/win3072_nfauto/band1_toL8Ref/filtered_same-res_dedode_L-C4_B-upright
413,band1,win3072_nfauto,dedode_L-C4-v2_B-C4,lgm,accurate90,486.4701993635964,299.6704708669489,-263.3707438057402,770.1343951299928,4,7,4.661,200.42,0,4,3,18,283,consensus,/maintenance/ICIGDev/GPUPOC/output/output299/win3072_nfauto/band1_toL8Ref/filtered_same-res_dedode_L-C4-v2_B-C4
414,band1,win3072_nfauto,imw-rdd-nn,internal,magsac90,1514.9324820618415,202.73369100418336,1117.4981767256686,2384.7953215012913,4,7,37.348,410.83,0,4,3,9,287,consensus,/maintenance/ICIGDev/GPUPOC/output/output299/win3072_nfauto/band1_toL8Ref/filtered_same-res_imw-rdd-nn
415,band1,win3072_nfauto,imw-rdd-nn,internal,ransac90,3299.8681914383865,655.5147285201828,2053.2808765186787,5606.109901284582,4,7,37.348,410.83,0,4,3,10,296,consensus,/maintenance/ICIGDev/GPUPOC/output/output299/win3072_nfauto/band1_toL8Ref/filtered_same-res_imw-rdd-nn
416,band1,win3072_nfauto,imw-rdd-nn,internal,lmeds90,3321.0583376761047,648.9723402125652,2065.0215057823525,5639.687920304196,4,7,37.348,410.83,0,4,3,11,538,consensus,/maintenance/ICIGDev/GPUPOC/output/output299/win3072_nfauto/band1_toL8Ref/filtered_same-res_imw-rdd-nn
417,band1,win3072_nfauto,imw-rdd-nn,internal,accurate90,3322.6669612822043,657.3995573389896,2073.4853179346865,5640.94480318464,4,7,37.348,410.83,0,4,3,10,342,consensus,/maintenance/ICIGDev/GPUPOC/output/output299/win3072_nfauto/band1_toL8Ref/filtered_same-res_imw-rdd-nn
418,band1,win3072_nfauto,dedode_L-upright_B-upright,ada,accurate90,4341.13295849679,593.2687851283243,-2955.0902834165618,7154.928867460979,4,7,4.796,182.23,0,4,3,38,10386,consensus,/maintenance/ICIGDev/GPUPOC/output/output299/win3072_nfauto/band1_toL8Ref/filtered_same-res_dedode_L-upright_B-upright
419,band1,win3072_nfauto,dedode_L-C4_B-C4,nn,magsac90,9986.515097050682,3394.170993387035,-1522.9956238064142,16811.297303837844,4,7,4.459,200.67,1,3,3,45,62918,consensus,/maintenance/ICIGDev/GPUPOC/output/output299/win3072_nfauto/band1_toL8Ref/filtered_same-res_dedode_L-C4_B-C4
420,band1,win3072_nfauto,dedode_L-upright_B-C4,lgm,lmeds90,12521.49377532482,662.0697751642036,4042.510111590468,24155.669526954047,4,7,4.998,194.91,0,4,3,17,375,consensus,/maintenance/ICIGDev/GPUPOC/output/output299/win3072_nfauto/band1_toL8Ref/filtered_same-res_dedode_L-upright_B-C4
421,band1,win3072_nfauto,dedode_L-C4-v2_B-C4,nn,ransac90,14532.555399559795,9889.00477648075,163.0137144314508,18105.104716409223,4,7,4.467,201.03,0,4,3,43,6308,consensus,/maintenance/ICIGDev/GPUPOC/output/output299/win3072_nfauto/band1_toL8Ref/filtered_same-res_dedode_L-C4-v2_B-C4
422,band1,win3072_nfauto,imw-xoftr,internal,magsac90,16446.27662256172,7366.429119415057,563.7168636244378,28754.732498124435,4,7,9.107,191.24,0,4,3,19,1962,consensus,/maintenance/ICIGDev/GPUPOC/output/output299/win3072_nfauto/band1_toL8Ref/filtered_same-res_imw-xoftr
423,band1,win3072_nfauto,dedode_L-C4_B-upright,fginn,lmeds90,36790.53887633188,-2807.6718659592866,-28084.566272318552,60034.13278928938,4,7,4.325,194.62,0,4,3,11,195,consensus,/maintenance/ICIGDev/GPUPOC/output/output299/win3072_nfauto/band1_toL8Ref/filtered_same-res_dedode_L-C4_B-upright
424,band1,win3072_nfauto,dedode_L-C4_B-upright,fginn,ransac90,36940.448835226285,-2784.7897013490983,-28026.957094915528,60387.4591766444,4,7,4.325,194.62,0,4,3,11,136,consensus,/maintenance/ICIGDev/GPUPOC/output/output299/win3072_nfauto/band1_toL8Ref/filtered_same-res_dedode_L-C4_B-upright
425,band1,win3072_nfauto,dedode_L-upright_B-upright,ada,magsac90,45047.163495976136,25012.664047163868,-3852.2997191060813,87886.04556773107,4,7,4.796,182.23,1,3,3,37,9161,consensus,/maintenance/ICIGDev/GPUPOC/output/output299/win3072_nfauto/band1_toL8Ref/filtered_same-res_dedode_L-upright_B-upright
426,band1,win3072_nfauto,dedode_L-C4-v2_B-upright,snn,accurate90,155.45312335627307,-20.29986363464559,103.43202304276899,249.9422786087557,3,7,5.366,193.17,0,3,4,10,88,consensus,/maintenance/ICIGDev/GPUPOC/output/output299/win3072_nfauto/band1_toL8Ref/filtered_same-res_dedode_L-C4-v2_B-upright
427,band1,win3072_nfauto,dedode_L-C4-v2_B-upright,fginn,ransac90,199.38245590043135,-50.03834650767673,129.31863940328307,323.0376681183336,3,7,4.293,193.18,0,3,4,11,95,consensus,/maintenance/ICIGDev/GPUPOC/output/output299/win3072_nfauto/band1_toL8Ref/filtered_same-res_dedode_L-C4-v2_B-upright
428,band1,win3072_nfauto,dedode_L-C4-v2_B-upright,snn,ransac90,310.55554197552135,-112.8410855306159,232.46355500376194,450.65033580119,3,7,5.366,193.17,0,3,4,10,86,consensus,/maintenance/ICIGDev/GPUPOC/output/output299/win3072_nfauto/band1_toL8Ref/filtered_same-res_dedode_L-C4-v2_B-upright
429,band1,win3072_nfauto,dedode_L-C4_B-upright,smnn0.95,lmeds90,365.29126313020697,125.80978552165531,-119.725181206801,610.1377865069451,3,7,4.791,201.21,0,3,4,22,608,consensus,/maintenance/ICIGDev/GPUPOC/output/output299/win3072_nfauto/band1_toL8Ref/filtered_same-res_dedode_L-C4_B-upright
430,band1,win3072_nfauto,dedode_L-upright_B-C4,fginn,lmeds90,393.2144032075571,-66.55614469664913,340.0986645015931,568.3402919400676,3,7,4.2,188.99,0,3,4,10,175,consensus,/maintenance/ICIGDev/GPUPOC/output/output299/win3072_nfauto/band1_toL8Ref/filtered_same-res_dedode_L-upright_B-C4
431,band1,win3072_nfauto,imw-rord-nn,internal,lmeds90,429.89756442014124,144.21877908227847,-167.93001473820095,720.1594119013041,3,7,9.13,310.43,0,3,4,26,1689,consensus,/maintenance/ICIGDev/GPUPOC/output/output299/win3072_nfauto/band1_toL8Ref/filtered_same-res_imw-rord-nn
432,band1,win3072_nfauto,dedode_L-C4-v2_B-C4,smnn0.9,ransac90,438.6078940879195,172.07865201831405,-160.61066496311165,698.2673086612633,3,7,7.76,302.63,0,3,4,23,331,consensus,/maintenance/ICIGDev/GPUPOC/output/output299/win3072_nfauto/band1_toL8Ref/filtered_same-res_dedode_L-C4-v2_B-C4
433,band1,win3072_nfauto,imw-rord-nn,internal,ransac90,478.64625275866206,189.69037524854033,-216.36651019556575,785.7083228020963,3,7,9.13,310.43,0,3,4,23,742,consensus,/maintenance/ICIGDev/GPUPOC/output/output299/win3072_nfauto/band1_toL8Ref/filtered_same-res_imw-rord-nn
434,band1,win3072_nfauto,imw-rord-nn,internal,accurate90,484.9898296060035,195.4295491819612,-223.75968432195472,806.3711936050132,3,7,9.13,310.43,0,3,4,23,838,consensus,/maintenance/ICIGDev/GPUPOC/output/output299/win3072_nfauto/band1_toL8Ref/filtered_same-res_imw-rord-nn
435,band1,win3072_nfauto,imw-rord-nn,internal,magsac90,491.97919547687496,196.03950134104267,-222.85341393382078,813.0776132118547,3,7,9.13,310.43,0,3,4,23,677,consensus,/maintenance/ICIGDev/GPUPOC/output/output299/win3072_nfauto/band1_toL8Ref/filtered_same-res_imw-rord-nn
436,band1,win3072_nfauto,dog_hardnet,nn,magsac90,1016.093469815547,-624.6987170392882,50.51376535693695,1318.1875079364743,3,7,0.998,44.92,0,3,4,18,2741,consensus,/maintenance/ICIGDev/GPUPOC/output/output299/win3072_nfauto/band1_toL8Ref/filtered_same-res_dog_hardnet
437,band1,win3072_nfauto,dedode_L-upright_B-upright,fginn,accurate90,1346.8690329081674,868.3971377755391,232.22645915497165,2184.3794462951346,3,7,4.617,180.05,0,3,4,12,122,consensus,/maintenance/ICIGDev/GPUPOC/output/output299/win3072_nfauto/band1_toL8Ref/filtered_same-res_dedode_L-upright_B-upright
438,band1,win3072_nfauto,dedode_L-upright_B-upright,fginn,magsac90,1383.3533831219063,898.2439615615839,146.08450520985812,2251.3323772097724,3,7,4.617,180.05,0,3,4,12,102,consensus,/maintenance/ICIGDev/GPUPOC/output/output299/win3072_nfauto/band1_toL8Ref/filtered_same-res_dedode_L-upright_B-upright
439,band1,win3072_nfauto,dedode_L-upright_B-upright,snn,magsac90,1513.188225784177,1347.1106726983787,-187.88041621724764,2121.84416928626,3,7,8.19,180.18,0,3,4,11,96,consensus,/maintenance/ICIGDev/GPUPOC/output/output299/win3072_nfauto/band1_toL8Ref/filtered_same-res_dedode_L-upright_B-upright
440,band1,win3072_nfauto,dedode_L-upright_B-upright,snn,accurate90,1514.218542028773,1345.9926040350608,-176.38082005184455,2107.4857041658993,3,7,8.19,180.18,0,3,4,11,112,consensus,/maintenance/ICIGDev/GPUPOC/output/output299/win3072_nfauto/band1_toL8Ref/filtered_same-res_dedode_L-upright_B-upright
441,band1,win3072_nfauto,dedode_L-upright_B-upright,fginn,ransac90,1738.778621781466,1526.2816677670041,-362.9639641028725,2472.0965572340247,3,7,4.617,180.05,0,3,4,11,112,consensus,/maintenance/ICIGDev/GPUPOC/output/output299/win3072_nfauto/band1_toL8Ref/filtered_same-res_dedode_L-upright_B-upright
442,band1,win3072_nfauto,dedode_L-C4_B-C4,ada,ransac90,3371.4252812529107,-1387.250824641195,2203.3321759115684,4501.238246622729,3,7,4.588,197.3,1,2,4,41,9887,consensus,/maintenance/ICIGDev/GPUPOC/output/output299/win3072_nfauto/band1_toL8Ref/filtered_same-res_dedode_L-C4_B-C4
443,band1,win3072_nfauto,dedode_L-upright_B-upright,fginn,lmeds90,5218.896890463756,4763.214355465224,166.34598207538147,7640.965703287415,3,7,4.617,180.05,0,3,4,12,145,consensus,/maintenance/ICIGDev/GPUPOC/output/output299/win3072_nfauto/band1_toL8Ref/filtered_same-res_dedode_L-upright_B-upright
444,band1,win3072_nfauto,dedode_L-upright_B-C4,fginn,accurate90,9149.634864909169,-7885.750545963831,-359.04146477878476,13470.917554416723,3,7,4.2,188.99,0,3,4,15,224,consensus,/maintenance/ICIGDev/GPUPOC/output/output299/win3072_nfauto/band1_toL8Ref/filtered_same-res_dedode_L-upright_B-C4
445,band1,win3072_nfauto,dedode_L-upright_B-C4,snn,accurate90,10068.644234881811,-9052.660918462027,-218.49577802260046,12188.265933170873,3,7,6.749,188.98,0,3,4,14,214,consensus,/maintenance/ICIGDev/GPUPOC/output/output299/win3072_nfauto/band1_toL8Ref/filtered_same-res_dedode_L-upright_B-C4
446,band1,win3072_nfauto,dedode_L-upright_B-C4,snn,magsac90,13587.41455154226,-12174.55437372589,-329.7158700756081,17158.130064769928,3,7,6.749,188.98,0,3,4,14,203,consensus,/maintenance/ICIGDev/GPUPOC/output/output299/win3072_nfauto/band1_toL8Ref/filtered_same-res_dedode_L-upright_B-C4
447,band1,win3072_nfauto,dedode_L-upright_B-C4,fginn,magsac90,13602.360113918056,-12172.192365109726,-329.4089259087653,17235.362146677533,3,7,4.2,188.99,0,3,4,14,207,consensus,/maintenance/ICIGDev/GPUPOC/output/output299/win3072_nfauto/band1_toL8Ref/filtered_same-res_dedode_L-upright_B-C4
448,band1,win3072_nfauto,dedode_L-C4_B-upright,fginn,accurate90,37204.04412987633,-2297.9051188442095,-28207.33002449153,60153.00842246095,3,7,4.325,194.62,0,3,4,12,169,consensus,/maintenance/ICIGDev/GPUPOC/output/output299/win3072_nfauto/band1_toL8Ref/filtered_same-res_dedode_L-C4_B-upright
449,band1,win3072_nfauto,dedode_L-C4_B-upright,snn,magsac90,39444.306077383,-3660.8065955927395,-34920.0989876233,56624.179496871846,3,7,7.775,194.37,0,3,4,10,135,consensus,/maintenance/ICIGDev/GPUPOC/output/output299/win3072_nfauto/band1_toL8Ref/filtered_same-res_dedode_L-C4_B-upright
450,band1,win3072_nfauto,dedode_L-C4_B-upright,snn,accurate90,39508.6981535926,-3651.5895161311023,-34971.123422527075,56726.43733697624,3,7,7.775,194.37,0,3,4,10,148,consensus,/maintenance/ICIGDev/GPUPOC/output/output299/win3072_nfauto/band1_toL8Ref/filtered_same-res_dedode_L-C4_B-upright
451,band1,win3072_nfauto,dedode_L-C4_B-upright,fginn,magsac90,40955.313642690846,-1218.2072720837634,-34416.791615276175,62104.74208879425,3,7,4.325,194.62,0,3,4,12,158,consensus,/maintenance/ICIGDev/GPUPOC/output/output299/win3072_nfauto/band1_toL8Ref/filtered_same-res_dedode_L-C4_B-upright
452,band1,win3072_nfauto,dedode_L-C4_B-C4,snn,ransac90,279.02670557271364,129.13371832449138,2.685583687725284,307.9661833965598,2,7,9.209,193.39,0,2,5,10,158,consensus,/maintenance/ICIGDev/GPUPOC/output/output299/win3072_nfauto/band1_toL8Ref/filtered_same-res_dedode_L-C4_B-C4
453,band1,win3072_nfauto,dedode_L-C4_B-C4,snn,accurate90,282.0145259310541,127.20098025366224,22.270926384540417,294.23500268791855,2,7,9.209,193.39,0,2,5,10,169,consensus,/maintenance/ICIGDev/GPUPOC/output/output299/win3072_nfauto/band1_toL8Ref/filtered_same-res_dedode_L-C4_B-C4
454,band1,win3072_nfauto,dedode_L-C4_B-C4,fginn,ransac90,290.5008665274845,109.0791869160671,-10.358597569745598,326.71787096723097,2,7,4.296,193.33,0,2,5,10,156,consensus,/maintenance/ICIGDev/GPUPOC/output/output299/win3072_nfauto/band1_toL8Ref/filtered_same-res_dedode_L-C4_B-C4
455,band1,win3072_nfauto,dedode_L-upright_B-C4,snn,lmeds90,314.7263251175611,-10.835079261018791,290.52940590383605,376.5896981737701,2,7,6.749,188.98,0,2,5,9,166,consensus,/maintenance/ICIGDev/GPUPOC/output/output299/win3072_nfauto/band1_toL8Ref/filtered_same-res_dedode_L-upright_B-C4
456,band1,win3072_nfauto,dedode_L-upright_B-C4,snn,ransac90,324.65104551968506,-43.758618055227544,295.76445582560746,374.2004138990668,2,7,6.749,188.98,0,2,5,9,124,consensus,/maintenance/ICIGDev/GPUPOC/output/output299/win3072_nfauto/band1_toL8Ref/filtered_same-res_dedode_L-upright_B-C4
457,band1,win3072_nfauto,dedode_L-C4-v2_B-upright,snn,magsac90,351.197226017699,-71.66616882880408,325.5485976556347,432.3180177012158,2,7,5.366,193.17,0,2,5,11,268,consensus,/maintenance/ICIGDev/GPUPOC/output/output299/win3072_nfauto/band1_toL8Ref/filtered_same-res_dedode_L-C4-v2_B-upright
458,band1,win3072_nfauto,dedode_L-C4_B-C4,fginn,accurate90,365.9219379560238,231.13691471406582,-14.10131642193528,444.72365665797395,2,7,4.296,193.33,0,2,5,10,169,consensus,/maintenance/ICIGDev/GPUPOC/output/output299/win3072_nfauto/band1_toL8Ref/filtered_same-res_dedode_L-C4_B-C4
459,band1,win3072_nfauto,dedode_L-C4_B-upright,smnn0.95,accurate90,435.5950448906077,-88.2533468622737,-42.64672943545065,440.76656034902476,2,7,4.791,201.21,0,2,5,16,233,consensus,/maintenance/ICIGDev/GPUPOC/output/output299/win3072_nfauto/band1_toL8Ref/filtered_same-res_dedode_L-C4_B-upright
460,band1,win3072_nfauto,dedode_L-C4_B-upright,smnn0.95,ransac90,479.00536657124775,230.7244198870103,-301.7370877828166,657.4356114718131,2,7,4.791,201.21,0,2,5,16,206,consensus,/maintenance/ICIGDev/GPUPOC/output/output299/win3072_nfauto/band1_toL8Ref/filtered_same-res_dedode_L-C4_B-upright
461,band1,win3072_nfauto,dedode_L-C4_B-upright,smnn0.95,magsac90,587.3239926951513,322.90001021660373,-375.6223216718781,798.4277838231818,2,7,4.791,201.21,0,2,5,15,187,consensus,/maintenance/ICIGDev/GPUPOC/output/output299/win3072_nfauto/band1_toL8Ref/filtered_same-res_dedode_L-C4_B-upright
462,band1,win3072_nfauto,dedode_L-C4_B-C4,snn,magsac90,616.3834025888124,463.8684372057064,-56.48076221804877,818.5296771453542,2,7,9.209,193.39,0,2,5,9,119,consensus,/maintenance/ICIGDev/GPUPOC/output/output299/win3072_nfauto/band1_toL8Ref/filtered_same-res_dedode_L-C4_B-C4
463,band1,win3072_nfauto,dedode_L-C4_B-C4,lgm,lmeds90,1571.305566218788,-1470.546819311865,-278.88236326403603,1759.3584219010131,2,7,5.576,200.75,0,2,5,12,435,consensus,/maintenance/ICIGDev/GPUPOC/output/output299/win3072_nfauto/band1_toL8Ref/filtered_same-res_dedode_L-C4_B-C4
464,band1,win3072_nfauto,dedode_L-upright_B-upright,snn,lmeds90,1911.6950190636874,1562.5402637540988,-210.19573171770617,2650.5129790476994,2,7,8.19,180.18,0,2,5,10,134,consensus,/maintenance/ICIGDev/GPUPOC/output/output299/win3072_nfauto/band1_toL8Ref/filtered_same-res_dedode_L-upright_B-upright
465,band1,win3072_nfauto,dedode_L-upright_B-upright,snn,ransac90,1914.8296953681186,1561.9215395757894,-225.87461845088728,2656.875368689352,2,7,8.19,180.18,0,2,5,11,106,consensus,/maintenance/ICIGDev/GPUPOC/output/output299/win3072_nfauto/band1_toL8Ref/filtered_same-res_dedode_L-upright_B-upright
466,band1,win3072_nfauto,dedode_L-C4_B-upright,snn,lmeds90,51882.00464899021,-5547.382543184516,-50487.276457771964,61374.30381768119,2,7,7.775,194.37,0,2,5,8,173,consensus,/maintenance/ICIGDev/GPUPOC/output/output299/win3072_nfauto/band1_toL8Ref/filtered_same-res_dedode_L-C4_B-upright
467,band1,win3072_nfauto,dedode_L-C4-v2_B-C4,fginn,magsac90,52023.250426803665,10050.015227774118,49784.411817868895,60299.36034901091,2,7,4.313,194.06,0,2,5,14,790,consensus,/maintenance/ICIGDev/GPUPOC/output/output299/win3072_nfauto/band1_toL8Ref/filtered_same-res_dedode_L-C4-v2_B-C4
468,band1,win3072_nfauto,dedode_L-C4_B-upright,snn,ransac90,52322.02915445593,-5553.063576131901,-50914.48450235607,61915.595672966585,2,7,7.775,194.37,0,2,5,8,125,consensus,/maintenance/ICIGDev/GPUPOC/output/output299/win3072_nfauto/band1_toL8Ref/filtered_same-res_dedode_L-C4_B-upright
469,band1,win3072_nfauto,dedode_L-C4-v2_B-C4,fginn,accurate90,54095.38446521469,9023.636284395037,52149.47142385287,62532.842700301306,2,7,4.313,194.06,0,2,5,14,807,consensus,/maintenance/ICIGDev/GPUPOC/output/output299/win3072_nfauto/band1_toL8Ref/filtered_same-res_dedode_L-C4-v2_B-C4
470,band1,win3072_nfauto,dedode_L-C4-v2_B-C4,fginn,lmeds90,88617.27560981984,-49925.2483226809,72498.03040893826,93129.92443157881,2,7,4.313,194.06,0,2,5,13,811,consensus,/maintenance/ICIGDev/GPUPOC/output/output299/win3072_nfauto/band1_toL8Ref/filtered_same-res_dedode_L-C4-v2_B-C4
471,band1,win3072_nfauto,dedode_L-upright_B-C4,smnn0.9,lmeds90,290.4540259803708,25.349211710443342,289.34574244986743,290.4540259803708,1,7,13.71,397.59,0,1,6,7,81,consensus,/maintenance/ICIGDev/GPUPOC/output/output299/win3072_nfauto/band1_toL8Ref/filtered_same-res_dedode_L-upright_B-C4
472,band1,win3072_nfauto,dedode_L-C4_B-C4,fginn,magsac90,292.56734706978335,25.07067167517289,291.49119024973425,292.56734706978335,1,7,4.296,193.33,0,1,6,7,123,consensus,/maintenance/ICIGDev/GPUPOC/output/output299/win3072_nfauto/band1_toL8Ref/filtered_same-res_dedode_L-C4_B-C4
473,band1,win3072_nfauto,dedode_L-C4_B-C4,fginn,lmeds90,318.2622193439778,11.401478854541892,318.0579295375037,318.2622193439778,1,7,4.296,193.33,0,1,6,9,217,consensus,/maintenance/ICIGDev/GPUPOC/output/output299/win3072_nfauto/band1_toL8Ref/filtered_same-res_dedode_L-C4_B-C4
474,band1,win3072_nfauto,dedode_L-C4_B-C4,smnn0.9,lmeds90,425.6487283020355,-21.448699282866073,425.10797828812065,425.6487283020355,1,7,12.955,388.64,0,1,6,6,64,consensus,/maintenance/ICIGDev/GPUPOC/output/output299/win3072_nfauto/band1_toL8Ref/filtered_same-res_dedode_L-C4_B-C4
475,band1,win3072_nfauto,dedode_L-C4_B-C4,lgm,magsac90,430.95578722768954,-62.307341258069755,426.427820117764,430.95578722768954,1,7,5.576,200.75,0,1,6,8,161,consensus,/maintenance/ICIGDev/GPUPOC/output/output299/win3072_nfauto/band1_toL8Ref/filtered_same-res_dedode_L-C4_B-C4
476,band1,win3072_nfauto,dedode_L-C4_B-C4,lgm,accurate90,437.2174548549303,-88.93330384469118,428.0770611666676,437.21745485493034,1,7,5.576,200.75,0,1,6,8,190,consensus,/maintenance/ICIGDev/GPUPOC/output/output299/win3072_nfauto/band1_toL8Ref/filtered_same-res_dedode_L-C4_B-C4
477,band1,win3072_nfauto,dedode_L-C4_B-C4,snn,lmeds90,485.4337000272924,-50.9863438376824,482.7486611729264,485.4337000272924,1,7,9.209,193.39,0,1,6,10,219,consensus,/maintenance/ICIGDev/GPUPOC/output/output299/win3072_nfauto/band1_toL8Ref/filtered_same-res_dedode_L-C4_B-C4
478,band1,win3072_nfauto,dedode_L-C4_B-C4,lgm,ransac90,489.46507942940485,-60.33299741532028,485.732429845606,489.46507942940485,1,7,5.576,200.75,0,1,6,10,177,consensus,/maintenance/ICIGDev/GPUPOC/output/output299/win3072_nfauto/band1_toL8Ref/filtered_same-res_dedode_L-C4_B-C4
479,band1,win3072_nfauto,dedode_L-C4-v2_B-C4,snn,accurate90,82583.35029809474,-82495.02910487182,-3818.3660699537977,82583.35029809472,1,7,5.245,194.07,0,1,6,13,444,consensus,/maintenance/ICIGDev/GPUPOC/output/output299/win3072_nfauto/band1_toL8Ref/filtered_same-res_dedode_L-C4-v2_B-C4
480,band1,win3072_nfauto,dedode_L-C4-v2_B-C4,snn,magsac90,92564.70432688994,-88545.69874960383,26979.320229927256,92564.70432688994,1,7,5.245,194.07,0,1,6,13,434,consensus,/maintenance/ICIGDev/GPUPOC/output/output299/win3072_nfauto/band1_toL8Ref/filtered_same-res_dedode_L-C4-v2_B-C4
481,band1,win3072_nfauto,dedode_L-upright_B-upright,smnn0.9,accurate90,,,,,0,7,18.883,585.37,0,0,0,2,17,consensus,/maintenance/ICIGDev/GPUPOC/output/output299/win3072_nfauto/band1_toL8Ref/filtered_same-res_dedode_L-upright_B-upright
482,band1,win3072_nfauto,dedode_L-upright_B-upright,smnn0.9,lmeds90,,,,,0,7,18.883,585.37,0,0,7,6,67,consensus,/maintenance/ICIGDev/GPUPOC/output/output299/win3072_nfauto/band1_toL8Ref/filtered_same-res_dedode_L-upright_B-upright
483,band1,win3072_nfauto,dedode_L-upright_B-upright,smnn0.9,magsac90,,,,,0,7,18.883,585.37,0,0,0,2,13,consensus,/maintenance/ICIGDev/GPUPOC/output/output299/win3072_nfauto/band1_toL8Ref/filtered_same-res_dedode_L-upright_B-upright
484,band1,win3072_nfauto,dedode_L-upright_B-upright,smnn0.9,ransac90,,,,,0,7,18.883,585.37,0,0,0,2,17,consensus,/maintenance/ICIGDev/GPUPOC/output/output299/win3072_nfauto/band1_toL8Ref/filtered_same-res_dedode_L-upright_B-upright
485,band1,win3072_nfauto,dedode_L-upright_B-C4,fginn,ransac90,,,,,0,7,4.2,188.99,0,0,7,11,141,consensus,/maintenance/ICIGDev/GPUPOC/output/output299/win3072_nfauto/band1_toL8Ref/filtered_same-res_dedode_L-upright_B-C4
486,band1,win3072_nfauto,dedode_L-upright_B-C4,smnn0.9,accurate90,,,,,0,7,13.71,397.59,0,0,0,1,17,consensus,/maintenance/ICIGDev/GPUPOC/output/output299/win3072_nfauto/band1_toL8Ref/filtered_same-res_dedode_L-upright_B-C4
487,band1,win3072_nfauto,dedode_L-upright_B-C4,smnn0.9,magsac90,,,,,0,7,13.71,397.59,0,0,0,1,15,consensus,/maintenance/ICIGDev/GPUPOC/output/output299/win3072_nfauto/band1_toL8Ref/filtered_same-res_dedode_L-upright_B-C4
488,band1,win3072_nfauto,dedode_L-upright_B-C4,smnn0.9,ransac90,,,,,0,7,13.71,397.59,0,0,0,1,18,consensus,/maintenance/ICIGDev/GPUPOC/output/output299/win3072_nfauto/band1_toL8Ref/filtered_same-res_dedode_L-upright_B-C4
489,band1,win3072_nfauto,dedode_L-upright_G-upright,ada,accurate90,,,,,0,7,141.389,141.39,0,0,0,1,16,consensus,/maintenance/ICIGDev/GPUPOC/output/output299/win3072_nfauto/band1_toL8Ref/filtered_same-res_dedode_L-upright_G-upright
490,band1,win3072_nfauto,dedode_L-upright_G-upright,ada,lmeds90,,,,,0,7,141.389,141.39,0,0,0,1,1501,consensus,/maintenance/ICIGDev/GPUPOC/output/output299/win3072_nfauto/band1_toL8Ref/filtered_same-res_dedode_L-upright_G-upright
491,band1,win3072_nfauto,dedode_L-upright_G-upright,ada,magsac90,,,,,0,7,141.389,141.39,0,0,0,1,15,consensus,/maintenance/ICIGDev/GPUPOC/output/output299/win3072_nfauto/band1_toL8Ref/filtered_same-res_dedode_L-upright_G-upright
492,band1,win3072_nfauto,dedode_L-upright_G-upright,ada,ransac90,,,,,0,7,141.389,141.39,0,0,0,1,18,consensus,/maintenance/ICIGDev/GPUPOC/output/output299/win3072_nfauto/band1_toL8Ref/filtered_same-res_dedode_L-upright_G-upright
493,band1,win3072_nfauto,dedode_L-upright_G-upright,mnn,accurate90,,,,,0,7,47.112,141.34,0,0,0,1,6,consensus,/maintenance/ICIGDev/GPUPOC/output/output299/win3072_nfauto/band1_toL8Ref/filtered_same-res_dedode_L-upright_G-upright
494,band1,win3072_nfauto,dedode_L-upright_G-upright,mnn,magsac90,,,,,0,7,47.112,141.34,0,0,0,1,6,consensus,/maintenance/ICIGDev/GPUPOC/output/output299/win3072_nfauto/band1_toL8Ref/filtered_same-res_dedode_L-upright_G-upright
495,band1,win3072_nfauto,dedode_L-upright_G-C4,ada,ransac90,,,,,0,7,71.323,142.65,0,0,0,1,22,consensus,/maintenance/ICIGDev/GPUPOC/output/output299/win3072_nfauto/band1_toL8Ref/filtered_same-res_dedode_L-upright_G-C4
496,band1,win3072_nfauto,dedode_L-upright_G-C4,fginn,accurate90,,,,,0,7,47.377,142.13,0,0,0,1,13,consensus,/maintenance/ICIGDev/GPUPOC/output/output299/win3072_nfauto/band1_toL8Ref/filtered_same-res_dedode_L-upright_G-C4
497,band1,win3072_nfauto,dedode_L-upright_G-C4,fginn,magsac90,,,,,0,7,47.377,142.13,0,0,0,1,13,consensus,/maintenance/ICIGDev/GPUPOC/output/output299/win3072_nfauto/band1_toL8Ref/filtered_same-res_dedode_L-upright_G-C4
498,band1,win3072_nfauto,dedode_L-upright_G-C4,nn,magsac90,,,,,0,7,47.499,142.5,0,0,0,1,23,consensus,/maintenance/ICIGDev/GPUPOC/output/output299/win3072_nfauto/band1_toL8Ref/filtered_same-res_dedode_L-upright_G-C4
499,band1,win3072_nfauto,dedode_L-upright_G-C4,snn,accurate90,,,,,0,7,141.941,141.94,0,0,0,1,13,consensus,/maintenance/ICIGDev/GPUPOC/output/output299/win3072_nfauto/band1_toL8Ref/filtered_same-res_dedode_L-upright_G-C4
500,band1,win3072_nfauto,dedode_L-upright_G-C4,snn,magsac90,,,,,0,7,141.941,141.94,0,0,0,1,13,consensus,/maintenance/ICIGDev/GPUPOC/output/output299/win3072_nfauto/band1_toL8Ref/filtered_same-res_dedode_L-upright_G-C4
501,band1,win3072_nfauto,dedode_L-C4_B-upright,smnn0.9,accurate90,,,,,0,7,13.369,374.33,0,0,0,1,7,consensus,/maintenance/ICIGDev/GPUPOC/output/output299/win3072_nfauto/band1_toL8Ref/filtered_same-res_dedode_L-C4_B-upright
502,band1,win3072_nfauto,dedode_L-C4_B-upright,smnn0.9,lmeds90,,,,,0,7,13.369,374.33,0,0,0,2,36,consensus,/maintenance/ICIGDev/GPUPOC/output/output299/win3072_nfauto/band1_toL8Ref/filtered_same-res_dedode_L-C4_B-upright
503,band1,win3072_nfauto,dedode_L-C4_B-upright,smnn0.9,magsac90,,,,,0,7,13.369,374.33,0,0,0,2,13,consensus,/maintenance/ICIGDev/GPUPOC/output/output299/win3072_nfauto/band1_toL8Ref/filtered_same-res_dedode_L-C4_B-upright
504,band1,win3072_nfauto,dedode_L-C4_B-upright,smnn0.9,ransac90,,,,,0,7,13.369,374.33,0,0,0,1,9,consensus,/maintenance/ICIGDev/GPUPOC/output/output299/win3072_nfauto/band1_toL8Ref/filtered_same-res_dedode_L-C4_B-upright
505,band1,win3072_nfauto,dedode_L-C4_B-C4,smnn0.9,accurate90,,,,,0,7,12.955,388.64,0,0,0,2,12,consensus,/maintenance/ICIGDev/GPUPOC/output/output299/win3072_nfauto/band1_toL8Ref/filtered_same-res_dedode_L-C4_B-C4
506,band1,win3072_nfauto,dedode_L-C4_B-C4,smnn0.9,magsac90,,,,,0,7,12.955,388.64,0,0,0,1,6,consensus,/maintenance/ICIGDev/GPUPOC/output/output299/win3072_nfauto/band1_toL8Ref/filtered_same-res_dedode_L-C4_B-C4
507,band1,win3072_nfauto,dedode_L-C4_B-C4,smnn0.9,ransac90,,,,,0,7,12.955,388.64,0,0,0,2,12,consensus,/maintenance/ICIGDev/GPUPOC/output/output299/win3072_nfauto/band1_toL8Ref/filtered_same-res_dedode_L-C4_B-C4
508,band1,win3072_nfauto,dedode_L-C4_G-upright,lgm,lmeds90,,,,,0,7,146.756,146.76,0,0,0,1,14,consensus,/maintenance/ICIGDev/GPUPOC/output/output299/win3072_nfauto/band1_toL8Ref/filtered_same-res_dedode_L-C4_G-upright
509,band1,win3072_nfauto,dedode_L-C4_G-upright,smnn0.95,lmeds90,,,,,0,7,36.615,146.46,0,0,0,1,6,consensus,/maintenance/ICIGDev/GPUPOC/output/output299/win3072_nfauto/band1_toL8Ref/filtered_same-res_dedode_L-C4_G-upright
510,band1,win3072_nfauto,dedode_L-C4_G-C4,fginn,accurate90,,,,,0,7,35.655,142.62,0,0,0,1,6,consensus,/maintenance/ICIGDev/GPUPOC/output/output299/win3072_nfauto/band1_toL8Ref/filtered_same-res_dedode_L-C4_G-C4
511,band1,win3072_nfauto,dedode_L-C4_G-C4,fginn,magsac90,,,,,0,7,35.655,142.62,0,0,0,1,6,consensus,/maintenance/ICIGDev/GPUPOC/output/output299/win3072_nfauto/band1_toL8Ref/filtered_same-res_dedode_L-C4_G-C4
512,band1,win3072_nfauto,dedode_L-C4_G-C4,smnn0.95,lmeds90,,,,,0,7,35.724,142.9,0,0,0,1,11,consensus,/maintenance/ICIGDev/GPUPOC/output/output299/win3072_nfauto/band1_toL8Ref/filtered_same-res_dedode_L-C4_G-C4
513,band1,win3072_nfauto,dedode_L-C4-v2_B-C4,fginn,ransac90,,,,,0,7,4.313,194.06,0,0,7,10,104,consensus,/maintenance/ICIGDev/GPUPOC/output/output299/win3072_nfauto/band1_toL8Ref/filtered_same-res_dedode_L-C4-v2_B-C4
514,band1,win3072_nfauto,dedode_L-C4-v2_B-C4,snn,lmeds90,,,,,0,7,5.245,194.07,0,0,7,10,439,consensus,/maintenance/ICIGDev/GPUPOC/output/output299/win3072_nfauto/band1_toL8Ref/filtered_same-res_dedode_L-C4-v2_B-C4
515,band1,win3072_nfauto,dedode_L-C4-v2_B-C4,snn,ransac90,,,,,0,7,5.245,194.07,0,0,7,9,94,consensus,/maintenance/ICIGDev/GPUPOC/output/output299/win3072_nfauto/band1_toL8Ref/filtered_same-res_dedode_L-C4-v2_B-C4
516,band1,win3072_nfauto,dedode_L-C4-v2_G-upright,lgm,lmeds90,,,,,0,7,47.223,141.67,0,0,0,1,185,consensus,/maintenance/ICIGDev/GPUPOC/output/output299/win3072_nfauto/band1_toL8Ref/filtered_same-res_dedode_L-C4-v2_G-upright
517,band1,win3072_nfauto,dedode_L-C4-v2_G-upright,lgm,magsac90,,,,,0,7,47.223,141.67,0,0,0,1,7,consensus,/maintenance/ICIGDev/GPUPOC/output/output299/win3072_nfauto/band1_toL8Ref/filtered_same-res_dedode_L-C4-v2_G-upright
518,band1,win3072_nfauto,dedode_L-C4-v2_G-upright,mnn,magsac90,,,,,0,7,35.176,140.7,0,0,0,1,10,consensus,/maintenance/ICIGDev/GPUPOC/output/output299/win3072_nfauto/band1_toL8Ref/filtered_same-res_dedode_L-C4-v2_G-upright
519,band1,win3072_nfauto,dedode_L-C4-v2_G-upright,mnn,ransac90,,,,,0,7,35.176,140.7,0,0,0,1,32,consensus,/maintenance/ICIGDev/GPUPOC/output/output299/win3072_nfauto/band1_toL8Ref/filtered_same-res_dedode_L-C4-v2_G-upright
520,band1,win3072_nfauto,dedode_L-C4-v2_G-upright,smnn0.95,accurate90,,,,,0,7,35.177,140.71,0,0,0,1,6,consensus,/maintenance/ICIGDev/GPUPOC/output/output299/win3072_nfauto/band1_toL8Ref/filtered_same-res_dedode_L-C4-v2_G-upright
521,band1,win3072_nfauto,dedode_L-C4-v2_G-upright,smnn0.95,lmeds90,,,,,0,7,35.177,140.71,0,0,0,1,17,consensus,/maintenance/ICIGDev/GPUPOC/output/output299/win3072_nfauto/band1_toL8Ref/filtered_same-res_dedode_L-C4-v2_G-upright
522,band1,win3072_nfauto,dedode_L-C4-v2_G-upright,smnn0.95,magsac90,,,,,0,7,35.177,140.71,0,0,0,1,6,consensus,/maintenance/ICIGDev/GPUPOC/output/output299/win3072_nfauto/band1_toL8Ref/filtered_same-res_dedode_L-C4-v2_G-upright
523,band1,win3072_nfauto,dedode_L-C4-v2_G-upright,smnn0.95,ransac90,,,,,0,7,35.177,140.71,0,0,0,1,7,consensus,/maintenance/ICIGDev/GPUPOC/output/output299/win3072_nfauto/band1_toL8Ref/filtered_same-res_dedode_L-C4-v2_G-upright
524,band1,win3072_nfauto,dedode_L-C4-v2_G-C4,fginn,accurate90,,,,,0,7,37.869,151.48,0,0,0,1,8,consensus,/maintenance/ICIGDev/GPUPOC/output/output299/win3072_nfauto/band1_toL8Ref/filtered_same-res_dedode_L-C4-v2_G-C4
525,band1,win3072_nfauto,dedode_L-C4-v2_G-C4,fginn,magsac90,,,,,0,7,37.869,151.48,0,0,0,1,8,consensus,/maintenance/ICIGDev/GPUPOC/output/output299/win3072_nfauto/band1_toL8Ref/filtered_same-res_dedode_L-C4-v2_G-C4
526,band1,win3072_nfauto,dedode_L-C4-v2_G-C4,lgm,lmeds90,,,,,0,7,152.399,152.4,0,0,0,1,41,consensus,/maintenance/ICIGDev/GPUPOC/output/output299/win3072_nfauto/band1_toL8Ref/filtered_same-res_dedode_L-C4-v2_G-C4
527,band1,win3072_nfauto,dedode_L-C4-v2_G-C4,mnn,accurate90,,,,,0,7,37.871,151.49,0,0,0,1,11,consensus,/maintenance/ICIGDev/GPUPOC/output/output299/win3072_nfauto/band1_toL8Ref/filtered_same-res_dedode_L-C4-v2_G-C4
528,band1,win3072_nfauto,dedode_L-C4-v2_G-C4,mnn,magsac90,,,,,0,7,37.871,151.49,0,0,0,1,12,consensus,/maintenance/ICIGDev/GPUPOC/output/output299/win3072_nfauto/band1_toL8Ref/filtered_same-res_dedode_L-C4-v2_G-C4
529,band1,win3072_nfauto,dedode_L-C4-v2_G-C4,mnn,ransac90,,,,,0,7,37.871,151.49,0,0,0,1,8,consensus,/maintenance/ICIGDev/GPUPOC/output/output299/win3072_nfauto/band1_toL8Ref/filtered_same-res_dedode_L-C4-v2_G-C4
530,band1,win3072_nfauto,dedode_L-C4-v2_G-C4,snn,accurate90,,,,,0,7,75.562,151.12,0,0,0,1,7,consensus,/maintenance/ICIGDev/GPUPOC/output/output299/win3072_nfauto/band1_toL8Ref/filtered_same-res_dedode_L-C4-v2_G-C4
531,band1,win3072_nfauto,dedode_L-C4-v2_G-C4,snn,magsac90,,,,,0,7,75.562,151.12,0,0,0,1,7,consensus,/maintenance/ICIGDev/GPUPOC/output/output299/win3072_nfauto/band1_toL8Ref/filtered_same-res_dedode_L-C4-v2_G-C4
532,band1,win3072_nfauto,loftr,loftr_internal,magsac90,,,,,0,7,14.719,147.19,0,0,0,3,684,consensus,/maintenance/ICIGDev/GPUPOC/output/output299/win3072_nfauto/band1_toL8Ref/filtered_same-res_loftr
533,band1,win3072_nfauto,loftr,loftr_internal,ransac90,,,,,0,7,14.719,147.19,0,0,0,3,625,consensus,/maintenance/ICIGDev/GPUPOC/output/output299/win3072_nfauto/band1_toL8Ref/filtered_same-res_loftr
534,band1,win3072_nfauto,imw-minima-loftr,internal,accurate90,,,,,0,7,26.783,267.83,0,0,0,1,24,consensus,/maintenance/ICIGDev/GPUPOC/output/output299/win3072_nfauto/band1_toL8Ref/filtered_same-res_imw-minima-loftr
535,band1,win3072_nfauto,imw-minima-loftr,internal,lmeds90,,,,,0,7,26.783,267.83,0,0,0,1,46,consensus,/maintenance/ICIGDev/GPUPOC/output/output299/win3072_nfauto/band1_toL8Ref/filtered_same-res_imw-minima-loftr
536,band1,win3072_nfauto,imw-minima-loftr,internal,magsac90,,,,,0,7,26.783,267.83,0,0,0,1,24,consensus,/maintenance/ICIGDev/GPUPOC/output/output299/win3072_nfauto/band1_toL8Ref/filtered_same-res_imw-minima-loftr
537,band1,win3072_nfauto,imw-minima-loftr,internal,ransac90,,,,,0,7,26.783,267.83,0,0,0,1,22,consensus,/maintenance/ICIGDev/GPUPOC/output/output299/win3072_nfauto/band1_toL8Ref/filtered_same-res_imw-minima-loftr
538,band1,win3072_nfauto,imw-topicfm,internal,accurate90,,,,,0,7,77.042,154.08,0,0,0,1,467,consensus,/maintenance/ICIGDev/GPUPOC/output/output299/win3072_nfauto/band1_toL8Ref/filtered_same-res_imw-topicfm
539,band1,win3072_nfauto,imw-topicfm,internal,lmeds90,,,,,0,7,77.042,154.08,0,0,0,1,715,consensus,/maintenance/ICIGDev/GPUPOC/output/output299/win3072_nfauto/band1_toL8Ref/filtered_same-res_imw-topicfm
540,band1,win3072_nfauto,imw-topicfm,internal,magsac90,,,,,0,7,77.042,154.08,0,0,0,1,405,consensus,/maintenance/ICIGDev/GPUPOC/output/output299/win3072_nfauto/band1_toL8Ref/filtered_same-res_imw-topicfm
541,band1,win3072_nfauto,imw-topicfm,internal,ransac90,,,,,0,7,77.042,154.08,0,0,0,1,441,consensus,/maintenance/ICIGDev/GPUPOC/output/output299/win3072_nfauto/band1_toL8Ref/filtered_same-res_imw-topicfm
542,band1,win3072_nfauto,imw-rdd-dense,internal,accurate90,,,,,0,7,414.916,414.92,0,0,0,1,8,consensus,/maintenance/ICIGDev/GPUPOC/output/output299/win3072_nfauto/band1_toL8Ref/filtered_same-res_imw-rdd-dense
543,band1,win3072_nfauto,imw-rdd-dense,internal,lmeds90,,,,,0,7,414.916,414.92,0,0,0,1,7,consensus,/maintenance/ICIGDev/GPUPOC/output/output299/win3072_nfauto/band1_toL8Ref/filtered_same-res_imw-rdd-dense
544,band1,win3072_nfauto,imw-rdd-dense,internal,magsac90,,,,,0,7,414.916,414.92,0,0,0,1,7,consensus,/maintenance/ICIGDev/GPUPOC/output/output299/win3072_nfauto/band1_toL8Ref/filtered_same-res_imw-rdd-dense
545,band1,win3072_nfauto,imw-rdd-dense,internal,ransac90,,,,,0,7,414.916,414.92,0,0,0,1,8,consensus,/maintenance/ICIGDev/GPUPOC/output/output299/win3072_nfauto/band1_toL8Ref/filtered_same-res_imw-rdd-dense
