rank,channel,sweep,detector,matcher,ransac,truth_rmse_m,truth_mean_dE_m,truth_mean_dN_m,truth_max_m,truth_reached,truth_total,sec_per_window,pass_seconds,n_local,n_surface,n_extrapolated,n_chips,n_points,chips,filtered_dir
1,band1,win2048_nfauto,sift,ada,lmeds90,197.3351790697111,71.22335041308308,-11.029159253646608,306.4450164550116,7,7,1.033,83.64,7,0,0,74,89678,consensus,/maintenance/ICIGDev/GPUPOC/output/output297/win2048_nfauto/band1_toL8Ref/filtered_same-res_sift
2,band1,win2048_nfauto,dedode_L-upright_B-upright,mnn,lmeds90,209.3593577455221,40.7270691979611,-1.3691850192039314,290.29651121294927,7,7,2.404,206.77,7,0,0,80,47385,consensus,/maintenance/ICIGDev/GPUPOC/output/output297/win2048_nfauto/band1_toL8Ref/filtered_same-res_dedode_L-upright_B-upright
3,band1,win2048_nfauto,gftt,ada,lmeds90,245.2864124831494,92.72536021358403,-32.21490749015408,487.5464652842792,7,7,1.044,83.51,7,0,0,72,68732,consensus,/maintenance/ICIGDev/GPUPOC/output/output297/win2048_nfauto/band1_toL8Ref/filtered_same-res_gftt
4,band1,win2048_nfauto,dog_hardnet,ada,lmeds90,273.9811262411011,102.04990811746393,-43.09310120921106,554.6199327409018,7,7,1.076,85.02,7,0,0,73,87401,consensus,/maintenance/ICIGDev/GPUPOC/output/output297/win2048_nfauto/band1_toL8Ref/filtered_same-res_dog_hardnet
5,band1,win2048_nfauto,imw-dkm,internal,ransac90,292.8310046367942,84.85597681358611,-39.1360133767352,670.7050350468434,7,7,2.264,192.44,6,1,0,70,148428,consensus,/maintenance/ICIGDev/GPUPOC/output/output297/win2048_nfauto/band1_toL8Ref/filtered_same-res_imw-dkm
6,band1,win2048_nfauto,dedode_L-upright_B-upright,mnn,accurate90,293.25349688080547,76.8084098246412,-82.59975004492,673.3103461138733,7,7,2.404,206.77,5,2,0,68,11020,consensus,/maintenance/ICIGDev/GPUPOC/output/output297/win2048_nfauto/band1_toL8Ref/filtered_same-res_dedode_L-upright_B-upright
7,band1,win2048_nfauto,imw-lanet-nn,internal,lmeds90,296.4831001437702,91.68333021261904,-76.3230501286124,652.2036740058616,7,7,1.962,170.68,6,1,0,73,41362,consensus,/maintenance/ICIGDev/GPUPOC/output/output297/win2048_nfauto/band1_toL8Ref/filtered_same-res_imw-lanet-nn
8,band1,win2048_nfauto,imw-lanet-nn,internal,ransac90,297.82598516344945,100.58992404898825,-79.05593294268536,672.2574433193222,7,7,1.962,170.68,6,1,0,73,24819,consensus,/maintenance/ICIGDev/GPUPOC/output/output297/win2048_nfauto/band1_toL8Ref/filtered_same-res_imw-lanet-nn
9,band1,win2048_nfauto,imw-minima-roma,internal,magsac90,304.4980590403659,83.59275560223652,-43.082194186164216,665.0488055669158,7,7,2.487,221.31,6,1,0,71,113736,consensus,/maintenance/ICIGDev/GPUPOC/output/output297/win2048_nfauto/band1_toL8Ref/filtered_same-res_imw-minima-roma
10,band1,win2048_nfauto,disk_epipolar,ada,lmeds90,304.5181724538756,108.2270691979611,-52.798541185494415,693.6210501771573,7,7,1.763,148.1,7,0,0,72,339562,consensus,/maintenance/ICIGDev/GPUPOC/output/output297/win2048_nfauto/band1_toL8Ref/filtered_same-res_disk_epipolar
11,band1,win2048_nfauto,dedode_L-C4_B-upright,mnn,accurate90,305.55542287571404,24.219125520972284,-49.821432387496706,689.3926648575365,7,7,2.401,206.45,4,3,0,65,8669,consensus,/maintenance/ICIGDev/GPUPOC/output/output297/win2048_nfauto/band1_toL8Ref/filtered_same-res_dedode_L-C4_B-upright
12,band1,win2048_nfauto,imw-dkm,internal,magsac90,306.06799560412804,74.94217821402006,-42.44414962866098,673.9163199385988,7,7,2.264,192.44,6,1,0,71,151442,consensus,/maintenance/ICIGDev/GPUPOC/output/output297/win2048_nfauto/band1_toL8Ref/filtered_same-res_imw-dkm
13,band1,win2048_nfauto,disk_epipolar,mnn,magsac90,306.7657361270184,73.5738785022864,-47.58353152961042,653.1730311314633,7,7,1.636,142.29,6,1,0,70,83483,consensus,/maintenance/ICIGDev/GPUPOC/output/output297/win2048_nfauto/band1_toL8Ref/filtered_same-res_disk_epipolar
14,band1,win2048_nfauto,sift,ada,accurate90,308.53300592436386,69.02210224863471,-68.8750759855658,721.1487383599884,7,7,1.033,83.64,6,1,0,74,27244,consensus,/maintenance/ICIGDev/GPUPOC/output/output297/win2048_nfauto/band1_toL8Ref/filtered_same-res_sift
15,band1,win2048_nfauto,keynet,lgm,lmeds90,311.48735475563313,142.90102885002293,-73.0674405556296,629.7495565004674,7,7,1.832,124.56,6,1,0,65,86642,consensus,/maintenance/ICIGDev/GPUPOC/output/output297/win2048_nfauto/band1_toL8Ref/filtered_same-res_keynet
16,band1,win2048_nfauto,imw-sp-sg,internal,accurate90,313.1936131998692,131.3180522345326,-89.77917549650518,699.0689708860704,7,7,2.421,183.99,3,4,0,67,7162,consensus,/maintenance/ICIGDev/GPUPOC/output/output297/win2048_nfauto/band1_toL8Ref/filtered_same-res_imw-sp-sg
17,band1,win2048_nfauto,disk_epipolar,smnn0.95,lmeds90,317.8875557313773,108.2270691979611,-59.227112614065845,716.4426508977845,7,7,1.722,149.81,7,0,0,67,163563,consensus,/maintenance/ICIGDev/GPUPOC/output/output297/win2048_nfauto/band1_toL8Ref/filtered_same-res_disk_epipolar
18,band1,win2048_nfauto,imw-sp-sg,internal,lmeds90,318.3632698144935,108.35909757819458,-51.699115644723214,712.9183279457305,7,7,2.421,183.99,5,2,0,67,12287,consensus,/maintenance/ICIGDev/GPUPOC/output/output297/win2048_nfauto/band1_toL8Ref/filtered_same-res_imw-sp-sg
19,band1,win2048_nfauto,gftt,smnn0.95,lmeds90,321.97003214135873,152.90474952539574,-36.36162193182957,681.9411168854142,7,7,0.94,81.75,6,1,0,59,22740,consensus,/maintenance/ICIGDev/GPUPOC/output/output297/win2048_nfauto/band1_toL8Ref/filtered_same-res_gftt
20,band1,win2048_nfauto,sift,ada,magsac90,323.14533326802604,87.04083523710948,-64.58807112424256,743.9338710782245,7,7,1.033,83.64,6,1,0,75,25036,consensus,/maintenance/ICIGDev/GPUPOC/output/output297/win2048_nfauto/band1_toL8Ref/filtered_same-res_sift
21,band1,win2048_nfauto,hessian,smnn0.9,lmeds90,323.342354327686,166.49213902353338,-101.0184243405425,684.2455500182649,7,7,10.901,948.4,5,2,0,72,12243,consensus,/maintenance/ICIGDev/GPUPOC/output/output297/win2048_nfauto/band1_toL8Ref/filtered_same-res_hessian
22,band1,win2048_nfauto,dog_hardnet,ada,accurate90,324.83601908670107,91.07812293572326,-55.62814595967562,705.1493696119311,7,7,1.076,85.02,6,1,0,73,25432,consensus,/maintenance/ICIGDev/GPUPOC/output/output297/win2048_nfauto/band1_toL8Ref/filtered_same-res_dog_hardnet
23,band1,win2048_nfauto,dedode_L-C4-v2_B-upright,mnn,lmeds90,327.07745945316094,72.86992634081824,-65.65641973425487,733.3449240453219,7,7,2.408,207.08,7,0,0,55,44109,consensus,/maintenance/ICIGDev/GPUPOC/output/output297/win2048_nfauto/band1_toL8Ref/filtered_same-res_dedode_L-C4-v2_B-upright
24,band1,win2048_nfauto,imw-d2net-nn,internal,lmeds90,330.54840350175533,134.74316502109767,-78.97096102448788,706.091457727225,7,7,4.183,347.19,6,1,0,73,22523,consensus,/maintenance/ICIGDev/GPUPOC/output/output297/win2048_nfauto/band1_toL8Ref/filtered_same-res_imw-d2net-nn
25,band1,win2048_nfauto,dog_hardnet,smnn0.95,lmeds90,332.7642593107732,4.803247612441088,-48.56332395482981,755.4218310206967,7,7,0.966,84.02,7,0,0,61,34853,consensus,/maintenance/ICIGDev/GPUPOC/output/output297/win2048_nfauto/band1_toL8Ref/filtered_same-res_dog_hardnet
26,band1,win2048_nfauto,sift,ada,ransac90,336.24249755223974,59.376604233408735,-67.7612794240405,799.8008897638325,7,7,1.033,83.64,6,1,0,74,23951,consensus,/maintenance/ICIGDev/GPUPOC/output/output297/win2048_nfauto/band1_toL8Ref/filtered_same-res_sift
27,band1,win2048_nfauto,dedode_L-C4-v2_B-C4,ada,lmeds90,341.14427247521365,-11.611971068189892,-24.43382155913761,634.7780189936672,7,7,3.454,221.04,5,2,0,58,145376,consensus,/maintenance/ICIGDev/GPUPOC/output/output297/win2048_nfauto/band1_toL8Ref/filtered_same-res_dedode_L-C4-v2_B-C4
28,band1,win2048_nfauto,dog_hardnet,smnn0.9,lmeds90,341.1673181467727,147.96328389346127,-63.020322299467026,720.1750956198499,7,7,11.423,993.83,5,2,0,70,16370,consensus,/maintenance/ICIGDev/GPUPOC/output/output297/win2048_nfauto/band1_toL8Ref/filtered_same-res_dog_hardnet
29,band1,win2048_nfauto,imw-dkm,internal,lmeds90,364.61123878986035,108.17861164355054,-67.34313990113853,862.8079717167515,7,7,2.264,192.44,7,0,0,71,186477,consensus,/maintenance/ICIGDev/GPUPOC/output/output297/win2048_nfauto/band1_toL8Ref/filtered_same-res_imw-dkm
30,band1,win2048_nfauto,disk_epipolar,smnn0.9,lmeds90,369.29738488453967,137.15564062653252,-78.51282689978014,866.8088239703422,7,7,2.062,179.37,7,0,0,74,86631,consensus,/maintenance/ICIGDev/GPUPOC/output/output297/win2048_nfauto/band1_toL8Ref/filtered_same-res_disk_epipolar
31,band1,win2048_nfauto,imw-d2net-nn,internal,accurate90,371.34128495049686,154.37403293429375,-111.55711461855051,717.4841789162599,7,7,4.183,347.19,5,2,0,73,11114,consensus,/maintenance/ICIGDev/GPUPOC/output/output297/win2048_nfauto/band1_toL8Ref/filtered_same-res_imw-d2net-nn
32,band1,win2048_nfauto,imw-roma,internal,accurate90,377.2455752704894,82.47894166936229,-49.83654864923249,849.1842680544428,7,7,2.39,210.29,7,0,0,70,149052,consensus,/maintenance/ICIGDev/GPUPOC/output/output297/win2048_nfauto/band1_toL8Ref/filtered_same-res_imw-roma
33,band1,win2048_nfauto,imw-dkm,internal,accurate90,377.2565761437031,103.2874395069739,-64.45434868060978,912.2405610539128,7,7,2.264,192.44,7,0,0,70,163974,consensus,/maintenance/ICIGDev/GPUPOC/output/output297/win2048_nfauto/band1_toL8Ref/filtered_same-res_imw-dkm
34,band1,win2048_nfauto,imw-d2net-nn,internal,magsac90,381.526777731364,184.63342968012472,-132.3074527805702,699.3693955373329,7,7,4.183,347.19,4,3,0,73,9630,consensus,/maintenance/ICIGDev/GPUPOC/output/output297/win2048_nfauto/band1_toL8Ref/filtered_same-res_imw-d2net-nn
35,band1,win2048_nfauto,imw-liftfeat-nn,internal,lmeds90,384.4386722163755,75.90778501440893,-65.17786396838503,966.328264746406,7,7,2.247,195.49,7,0,0,75,59700,consensus,/maintenance/ICIGDev/GPUPOC/output/output297/win2048_nfauto/band1_toL8Ref/filtered_same-res_imw-liftfeat-nn
36,band1,win2048_nfauto,hessian,smnn0.95,lmeds90,384.51672679143235,141.95205568303209,-62.74607274939366,727.1662135585835,7,7,1.248,108.54,7,0,0,87,44648,consensus,/maintenance/ICIGDev/GPUPOC/output/output297/win2048_nfauto/band1_toL8Ref/filtered_same-res_hessian
37,band1,win2048_nfauto,imw-minima-roma,internal,lmeds90,391.4601224905994,103.4709700419883,-70.42549158570442,923.5712442385188,7,7,2.487,221.31,7,0,0,71,140508,consensus,/maintenance/ICIGDev/GPUPOC/output/output297/win2048_nfauto/band1_toL8Ref/filtered_same-res_imw-minima-roma
38,band1,win2048_nfauto,imw-minima-roma,internal,ransac90,393.5274271535911,84.42195227204009,-66.99464278286749,923.5712442385188,7,7,2.487,221.31,7,0,0,71,112377,consensus,/maintenance/ICIGDev/GPUPOC/output/output297/win2048_nfauto/band1_toL8Ref/filtered_same-res_imw-minima-roma
39,band1,win2048_nfauto,imw-minima-roma,internal,accurate90,395.01813031530173,94.30189829952295,-66.51259311332718,923.5712442385188,7,7,2.487,221.31,7,0,0,71,123261,consensus,/maintenance/ICIGDev/GPUPOC/output/output297/win2048_nfauto/band1_toL8Ref/filtered_same-res_imw-minima-roma
40,band1,win2048_nfauto,imw-gim-roma,internal,ransac90,401.73885884012014,80.90573871874923,-42.89343450476047,911.2099807476425,7,7,2.446,207.9,7,0,0,72,120874,consensus,/maintenance/ICIGDev/GPUPOC/output/output297/win2048_nfauto/band1_toL8Ref/filtered_same-res_imw-gim-roma
41,band1,win2048_nfauto,imw-gim-roma,internal,lmeds90,402.0862342314209,84.2923724554925,-49.52010316234321,905.9746993110855,7,7,2.446,207.9,7,0,0,72,180415,consensus,/maintenance/ICIGDev/GPUPOC/output/output297/win2048_nfauto/band1_toL8Ref/filtered_same-res_imw-gim-roma
42,band1,win2048_nfauto,imw-gim-roma,internal,accurate90,402.1441676038636,85.69342356807763,-47.82766912389291,911.2099807476425,7,7,2.446,207.9,7,0,0,72,136911,consensus,/maintenance/ICIGDev/GPUPOC/output/output297/win2048_nfauto/band1_toL8Ref/filtered_same-res_imw-gim-roma
43,band1,win2048_nfauto,imw-r2d2-nn,internal,lmeds90,406.30311766372574,130.96429134594993,-84.28331729346284,908.040229409949,7,7,2.19,186.19,6,1,0,75,29694,consensus,/maintenance/ICIGDev/GPUPOC/output/output297/win2048_nfauto/band1_toL8Ref/filtered_same-res_imw-r2d2-nn
44,band1,win2048_nfauto,disk_epipolar,ada,ransac90,411.94481010425164,88.94135491224681,-52.798541185494415,966.2029707201691,7,7,1.763,148.1,7,0,0,72,93742,consensus,/maintenance/ICIGDev/GPUPOC/output/output297/win2048_nfauto/band1_toL8Ref/filtered_same-res_disk_epipolar
45,band1,win2048_nfauto,disk_depth,mnn,lmeds90,412.08924913429286,169.29849776938968,-46.36996975692299,953.3372830431991,7,7,1.522,132.43,7,0,0,59,142434,consensus,/maintenance/ICIGDev/GPUPOC/output/output297/win2048_nfauto/band1_toL8Ref/filtered_same-res_disk_depth
46,band1,win2048_nfauto,disk_epipolar,smnn0.95,ransac90,417.71075819755254,153.2270691979611,-78.51282689978014,1006.8325564826324,7,7,1.722,149.81,7,0,0,75,58710,consensus,/maintenance/ICIGDev/GPUPOC/output/output297/win2048_nfauto/band1_toL8Ref/filtered_same-res_disk_epipolar
47,band1,win2048_nfauto,disk_epipolar,ada,magsac90,423.0675800437749,56.79849776938967,-59.227112614065845,966.2029707201691,7,7,1.763,148.1,7,0,0,71,94938,consensus,/maintenance/ICIGDev/GPUPOC/output/output297/win2048_nfauto/band1_toL8Ref/filtered_same-res_disk_epipolar
48,band1,win2048_nfauto,disk_epipolar,ada,accurate90,434.98221936282835,63.2270691979611,-46.36996975692299,957.6760804316278,7,7,1.763,148.1,7,0,0,72,100855,consensus,/maintenance/ICIGDev/GPUPOC/output/output297/win2048_nfauto/band1_toL8Ref/filtered_same-res_disk_epipolar
49,band1,win2048_nfauto,imw-aliked-lg,internal,lmeds90,439.17410773394454,62.74170891614579,-43.96978812283123,908.7627100666716,7,7,2.278,182.25,7,0,0,74,79648,consensus,/maintenance/ICIGDev/GPUPOC/output/output297/win2048_nfauto/band1_toL8Ref/filtered_same-res_imw-aliked-lg
50,band1,win2048_nfauto,disk_epipolar,mnn,lmeds90,1202.0603409881635,185.36992634081824,371.4871731002199,2995.635458184375,7,7,1.636,142.29,7,0,0,87,688203,consensus,/maintenance/ICIGDev/GPUPOC/output/output297/win2048_nfauto/band1_toL8Ref/filtered_same-res_disk_epipolar
51,band1,win2048_nfauto,dedode_L-C4_B-upright,mnn,lmeds90,1577.5949461273165,11.798497769389671,805.4157935748948,4034.9066854077714,7,7,2.401,206.45,7,0,0,83,49145,consensus,/maintenance/ICIGDev/GPUPOC/output/output297/win2048_nfauto/band1_toL8Ref/filtered_same-res_dedode_L-C4_B-upright
52,band1,win2048_nfauto,dedode_L-C4-v2_B-upright,ada,lmeds90,3516.6179737764696,609.453776512788,347.1081624321119,8576.939955365799,7,7,3.465,221.74,5,2,0,64,213276,consensus,/maintenance/ICIGDev/GPUPOC/output/output297/win2048_nfauto/band1_toL8Ref/filtered_same-res_dedode_L-C4-v2_B-upright
53,band1,win2048_nfauto,keynet,mnn,lmeds90,8344.087218879316,1054.1327546227637,5019.126158870318,15952.128692153085,7,7,1.237,107.61,7,0,0,87,171899,consensus,/maintenance/ICIGDev/GPUPOC/output/output297/win2048_nfauto/band1_toL8Ref/filtered_same-res_keynet
54,band1,win2048_nfauto,dedode_L-upright_B-upright,ada,magsac90,9385.403383133535,494.64426145749815,-2400.6519858892775,22269.79008034513,7,7,2.942,220.63,2,5,0,75,25903,consensus,/maintenance/ICIGDev/GPUPOC/output/output297/win2048_nfauto/band1_toL8Ref/filtered_same-res_dedode_L-upright_B-upright
55,band1,win2048_nfauto,dedode_L-upright_B-C4,mnn,lmeds90,10728.915611639391,88.82366281925741,4012.530358646775,28377.83528098686,7,7,2.465,207.07,6,1,0,81,58053,consensus,/maintenance/ICIGDev/GPUPOC/output/output297/win2048_nfauto/band1_toL8Ref/filtered_same-res_dedode_L-upright_B-C4
56,band1,win2048_nfauto,dedode_L-upright_B-C4,ada,lmeds90,11055.571712099312,-220.02593901622615,4421.407401617654,25632.070312386633,7,7,2.826,220.4,6,1,0,78,212666,consensus,/maintenance/ICIGDev/GPUPOC/output/output297/win2048_nfauto/band1_toL8Ref/filtered_same-res_dedode_L-upright_B-C4
57,band1,win2048_nfauto,dedode_L-upright_B-C4,ada,magsac90,11607.253174204272,2745.6138845639425,-3718.0875453376407,20562.195431905275,7,7,2.826,220.4,4,3,0,78,33522,consensus,/maintenance/ICIGDev/GPUPOC/output/output297/win2048_nfauto/band1_toL8Ref/filtered_same-res_dedode_L-upright_B-C4
58,band1,win2048_nfauto,dedode_L-upright_B-upright,ada,lmeds90,11954.738689264901,1414.151770050766,1771.8861641779788,24953.564944500435,7,7,2.942,220.63,4,3,0,75,196002,consensus,/maintenance/ICIGDev/GPUPOC/output/output297/win2048_nfauto/band1_toL8Ref/filtered_same-res_dedode_L-upright_B-upright
59,band1,win2048_nfauto,dedode_L-C4_B-upright,ada,lmeds90,12088.189666580105,550.3983371158738,6215.522852143552,27162.115280358834,7,7,3.399,220.91,6,1,0,63,211071,consensus,/maintenance/ICIGDev/GPUPOC/output/output297/win2048_nfauto/band1_toL8Ref/filtered_same-res_dedode_L-C4_B-upright
60,band1,win2048_nfauto,dedode_L-C4_B-upright,ada,accurate90,12503.785710283519,4473.811568706326,-1339.7016907804048,22643.48363896416,7,7,3.399,220.91,3,4,0,65,32623,consensus,/maintenance/ICIGDev/GPUPOC/output/output297/win2048_nfauto/band1_toL8Ref/filtered_same-res_dedode_L-C4_B-upright
61,band1,win2048_nfauto,dedode_L-C4_B-C4,mnn,lmeds90,13048.757655025014,384.46902397291524,4893.55539949428,34509.79790720753,7,7,2.411,209.72,6,1,0,84,61670,consensus,/maintenance/ICIGDev/GPUPOC/output/output297/win2048_nfauto/band1_toL8Ref/filtered_same-res_dedode_L-C4_B-C4
62,band1,win2048_nfauto,dedode_L-C4_B-C4,ada,lmeds90,13053.067202434539,-2339.442912012483,4954.935726771939,29330.382474894534,7,7,3.872,224.55,4,3,0,58,136763,consensus,/maintenance/ICIGDev/GPUPOC/output/output297/win2048_nfauto/band1_toL8Ref/filtered_same-res_dedode_L-C4_B-C4
63,band1,win2048_nfauto,dedode_L-upright_B-C4,nn,lmeds90,13191.854629221072,1573.941158727815,9564.343506696581,22806.79697718195,7,7,2.916,244.94,7,0,0,84,2519627,consensus,/maintenance/ICIGDev/GPUPOC/output/output297/win2048_nfauto/band1_toL8Ref/filtered_same-res_dedode_L-upright_B-C4
64,band1,win2048_nfauto,disk_epipolar,nn,lmeds90,14892.000233743462,2528.5842120551038,6967.201458814506,29306.30444795006,7,7,1.96,170.48,7,0,0,87,2525237,consensus,/maintenance/ICIGDev/GPUPOC/output/output297/win2048_nfauto/band1_toL8Ref/filtered_same-res_disk_epipolar
65,band1,win2048_nfauto,dedode_L-C4_B-C4,ada,magsac90,15569.850553230817,-2560.9447095478786,2975.2197801330435,30787.416139797697,7,7,3.872,224.55,3,4,0,57,19161,consensus,/maintenance/ICIGDev/GPUPOC/output/output297/win2048_nfauto/band1_toL8Ref/filtered_same-res_dedode_L-C4_B-C4
66,band1,win2048_nfauto,dedode_L-upright_B-upright,nn,lmeds90,15718.492953256628,-364.27332317090156,8526.130814980803,26834.28937101693,7,7,2.893,248.76,7,0,0,86,2546772,consensus,/maintenance/ICIGDev/GPUPOC/output/output297/win2048_nfauto/band1_toL8Ref/filtered_same-res_dedode_L-upright_B-upright
67,band1,win2048_nfauto,sift,mnn,lmeds90,16174.04168232089,1418.6235143360796,4217.532416499705,37969.5764129761,7,7,0.827,71.97,7,0,0,87,57621,consensus,/maintenance/ICIGDev/GPUPOC/output/output297/win2048_nfauto/band1_toL8Ref/filtered_same-res_sift
68,band1,win2048_nfauto,dedode_L-C4_B-C4,nn,lmeds90,17427.89503343341,-341.7738136319822,11001.129932150861,29151.786487842004,7,7,2.882,250.71,7,0,0,87,2713332,consensus,/maintenance/ICIGDev/GPUPOC/output/output297/win2048_nfauto/band1_toL8Ref/filtered_same-res_dedode_L-C4_B-C4
69,band1,win2048_nfauto,gftt,mnn,lmeds90,17957.829587519213,3541.069105853931,7128.037575060321,30274.298512349753,7,7,0.915,79.59,7,0,0,87,234374,consensus,/maintenance/ICIGDev/GPUPOC/output/output297/win2048_nfauto/band1_toL8Ref/filtered_same-res_gftt
70,band1,win2048_nfauto,dedode_L-C4_B-upright,ada,magsac90,18092.890449347844,5424.961049425235,2804.2336841334245,32191.63945313835,7,7,3.399,220.91,3,4,0,65,30241,consensus,/maintenance/ICIGDev/GPUPOC/output/output297/win2048_nfauto/band1_toL8Ref/filtered_same-res_dedode_L-C4_B-upright
71,band1,win2048_nfauto,dedode_L-C4_B-upright,nn,lmeds90,18386.227254642057,-1756.0586450877502,11364.343236943003,30134.489851131173,7,7,2.872,247.01,7,0,0,86,2658235,consensus,/maintenance/ICIGDev/GPUPOC/output/output297/win2048_nfauto/band1_toL8Ref/filtered_same-res_dedode_L-C4_B-upright
72,band1,win2048_nfauto,dedode_L-C4-v2_B-upright,nn,lmeds90,18927.26917170166,1811.798301584958,12457.201262630075,36272.91300724184,7,7,2.852,245.23,7,0,0,86,2691517,consensus,/maintenance/ICIGDev/GPUPOC/output/output297/win2048_nfauto/band1_toL8Ref/filtered_same-res_dedode_L-C4-v2_B-upright
73,band1,win2048_nfauto,dedode_L-C4_B-upright,nn,magsac90,18961.856192180712,-1228.6427077613832,-752.4542120498443,34262.336348921875,7,7,2.872,247.01,6,1,0,86,100136,consensus,/maintenance/ICIGDev/GPUPOC/output/output297/win2048_nfauto/band1_toL8Ref/filtered_same-res_dedode_L-C4_B-upright
74,band1,win2048_nfauto,dog_hardnet,mnn,lmeds90,19071.11590490817,1683.1955815968145,6111.456791761287,40119.39579115504,7,7,0.904,78.61,7,0,0,87,346625,consensus,/maintenance/ICIGDev/GPUPOC/output/output297/win2048_nfauto/band1_toL8Ref/filtered_same-res_dog_hardnet
75,band1,win2048_nfauto,dedode_L-upright_B-upright,nn,accurate90,19362.668111407285,5738.504758924699,-6256.8270114644965,40995.41422572217,7,7,2.893,248.76,5,2,0,86,114967,consensus,/maintenance/ICIGDev/GPUPOC/output/output297/win2048_nfauto/band1_toL8Ref/filtered_same-res_dedode_L-upright_B-upright
76,band1,win2048_nfauto,hessian,mnn,lmeds90,19512.700773041848,2624.001747019527,9214.869708762182,33958.2094073688,7,7,1.174,102.11,7,0,0,87,390072,consensus,/maintenance/ICIGDev/GPUPOC/output/output297/win2048_nfauto/band1_toL8Ref/filtered_same-res_hessian
77,band1,win2048_nfauto,dedode_L-C4_B-upright,nn,accurate90,19818.65064392006,-6086.338616692743,2778.0405547409455,34262.336348921875,7,7,2.872,247.01,6,1,0,86,123779,consensus,/maintenance/ICIGDev/GPUPOC/output/output297/win2048_nfauto/band1_toL8Ref/filtered_same-res_dedode_L-C4_B-upright
78,band1,win2048_nfauto,dedode_L-C4-v2_B-C4,nn,lmeds90,23105.786497628043,1078.941649188893,16683.986780731357,37060.66897091517,7,7,2.871,246.9,7,0,0,86,2692720,consensus,/maintenance/ICIGDev/GPUPOC/output/output297/win2048_nfauto/band1_toL8Ref/filtered_same-res_dedode_L-C4-v2_B-C4
79,band1,win2048_nfauto,disk_depth,nn,lmeds90,23509.342907303067,4987.512783483675,12936.130030243077,39821.097441536236,7,7,2.036,177.16,7,0,0,87,2617079,consensus,/maintenance/ICIGDev/GPUPOC/output/output297/win2048_nfauto/band1_toL8Ref/filtered_same-res_disk_depth
80,band1,win2048_nfauto,keynet,nn,lmeds90,23674.58342174223,1620.2161613436053,15522.977839625923,35445.96613545681,7,7,1.393,121.19,7,0,0,87,1055401,consensus,/maintenance/ICIGDev/GPUPOC/output/output297/win2048_nfauto/band1_toL8Ref/filtered_same-res_keynet
81,band1,win2048_nfauto,dedode_L-upright_B-upright,nn,magsac90,23745.488669225862,7299.168973582594,-222.34838999951094,42541.74214419013,7,7,2.893,248.76,4,3,0,86,80380,consensus,/maintenance/ICIGDev/GPUPOC/output/output297/win2048_nfauto/band1_toL8Ref/filtered_same-res_dedode_L-upright_B-upright
82,band1,win2048_nfauto,sift,nn,lmeds90,25722.189987305457,977.5895597157111,16791.25586007597,49521.98864586567,7,7,1.253,109.02,7,0,0,87,2460548,consensus,/maintenance/ICIGDev/GPUPOC/output/output297/win2048_nfauto/band1_toL8Ref/filtered_same-res_sift
83,band1,win2048_nfauto,hessian,nn,lmeds90,26763.027972963286,2675.2033330616623,16210.423436593357,38106.89088235898,7,7,1.621,141.01,7,0,0,87,2618850,consensus,/maintenance/ICIGDev/GPUPOC/output/output297/win2048_nfauto/band1_toL8Ref/filtered_same-res_hessian
84,band1,win2048_nfauto,dog_hardnet,nn,lmeds90,27123.151806723756,1282.2893130682864,16879.848390054056,40662.769633516815,7,7,1.285,111.81,7,0,0,87,2512370,consensus,/maintenance/ICIGDev/GPUPOC/output/output297/win2048_nfauto/band1_toL8Ref/filtered_same-res_dog_hardnet
85,band1,win2048_nfauto,gftt,nn,lmeds90,27268.82825640225,2562.1054610087913,16888.92712193151,39463.69352965309,7,7,1.129,98.2,7,0,0,87,1456632,consensus,/maintenance/ICIGDev/GPUPOC/output/output297/win2048_nfauto/band1_toL8Ref/filtered_same-res_gftt
86,band1,win2048_nfauto,dedode_L-C4_B-C4,nn,accurate90,31795.389524154292,-1309.5355064763264,15145.127975675185,59563.72600002225,7,7,2.882,250.71,5,2,0,87,102141,consensus,/maintenance/ICIGDev/GPUPOC/output/output297/win2048_nfauto/band1_toL8Ref/filtered_same-res_dedode_L-C4_B-C4
87,band1,win2048_nfauto,dedode_L-C4_B-C4,nn,ransac90,33419.02666797873,7992.8755831992485,13149.245066100224,85256.72697539897,7,7,2.882,250.71,5,2,0,87,34735,consensus,/maintenance/ICIGDev/GPUPOC/output/output297/win2048_nfauto/band1_toL8Ref/filtered_same-res_dedode_L-C4_B-C4
88,band1,win2048_nfauto,dedode_L-C4_B-C4,nn,magsac90,35345.8392839353,7146.988031561444,18640.749776315035,86276.64833661719,7,7,2.882,250.71,3,4,0,87,77686,consensus,/maintenance/ICIGDev/GPUPOC/output/output297/win2048_nfauto/band1_toL8Ref/filtered_same-res_dedode_L-C4_B-C4
89,band1,win2048_nfauto,dedode_L-C4-v2_B-upright,nn,accurate90,42294.96281781205,2654.936454330554,14460.255192050292,82029.93389086338,7,7,2.852,245.23,6,1,0,85,68562,consensus,/maintenance/ICIGDev/GPUPOC/output/output297/win2048_nfauto/band1_toL8Ref/filtered_same-res_dedode_L-C4-v2_B-upright
90,band1,win2048_nfauto,hessian,ada,lmeds90,207.74946293282494,87.44487948743699,-1.51783534681969,241.15871765769643,6,7,1.471,110.32,6,0,1,73,79511,consensus,/maintenance/ICIGDev/GPUPOC/output/output297/win2048_nfauto/band1_toL8Ref/filtered_same-res_hessian
91,band1,win2048_nfauto,keynet,smnn0.95,lmeds90,242.3755128713727,114.51954074232451,-23.41008969938821,359.8178581098173,6,7,1.252,108.93,6,0,1,67,26486,consensus,/maintenance/ICIGDev/GPUPOC/output/output297/win2048_nfauto/band1_toL8Ref/filtered_same-res_keynet
92,band1,win2048_nfauto,dog_hardnet,nn,ransac90,246.30659705103557,31.23695691987359,-10.682183604785527,481.90209377182305,6,7,1.285,111.81,2,4,1,84,5595,consensus,/maintenance/ICIGDev/GPUPOC/output/output297/win2048_nfauto/band1_toL8Ref/filtered_same-res_dog_hardnet
93,band1,win2048_nfauto,dedode_L-upright_B-C4,mnn,accurate90,276.0627548004083,67.27493021454968,-48.35685245348941,560.6941290706882,6,7,2.465,207.07,5,1,1,67,13477,consensus,/maintenance/ICIGDev/GPUPOC/output/output297/win2048_nfauto/band1_toL8Ref/filtered_same-res_dedode_L-upright_B-C4
94,band1,win2048_nfauto,dedode_L-upright_B-upright,ada,ransac90,287.20349619093804,11.064464524144872,8.176409606299027,535.6578986514438,6,7,2.942,220.63,1,5,1,39,12363,consensus,/maintenance/ICIGDev/GPUPOC/output/output297/win2048_nfauto/band1_toL8Ref/filtered_same-res_dedode_L-upright_B-upright
95,band1,win2048_nfauto,dedode_L-C4-v2_B-upright,smnn0.95,lmeds90,291.69569893612936,73.19943303827388,-79.03630935536239,577.6508287328697,6,7,2.625,220.49,3,3,1,65,5833,consensus,/maintenance/ICIGDev/GPUPOC/output/output297/win2048_nfauto/band1_toL8Ref/filtered_same-res_dedode_L-C4-v2_B-upright
96,band1,win2048_nfauto,dedode_L-upright_B-upright,mnn,ransac90,303.3263208846438,116.44515531835918,-95.95173470395184,615.0529174359602,6,7,2.404,206.77,4,2,1,69,10168,consensus,/maintenance/ICIGDev/GPUPOC/output/output297/win2048_nfauto/band1_toL8Ref/filtered_same-res_dedode_L-upright_B-upright
97,band1,win2048_nfauto,imw-ripe-nn,internal,lmeds90,306.1487882198301,151.55557700417094,-64.03648879077627,610.3276115713007,6,7,3.498,307.82,3,3,1,52,4390,consensus,/maintenance/ICIGDev/GPUPOC/output/output297/win2048_nfauto/band1_toL8Ref/filtered_same-res_imw-ripe-nn
98,band1,win2048_nfauto,imw-ripe-nn,internal,accurate90,306.6623646275552,139.26856138833418,-78.78246499648337,627.5234498785877,6,7,3.498,307.82,2,4,1,52,2904,consensus,/maintenance/ICIGDev/GPUPOC/output/output297/win2048_nfauto/band1_toL8Ref/filtered_same-res_imw-ripe-nn
99,band1,win2048_nfauto,keynet,ada,lmeds90,306.86399095631975,142.82215304700426,-56.67925187743398,581.6899456503558,6,7,1.352,109.53,6,0,1,74,67736,consensus,/maintenance/ICIGDev/GPUPOC/output/output297/win2048_nfauto/band1_toL8Ref/filtered_same-res_keynet
100,band1,win2048_nfauto,dedode_L-C4_B-upright,mnn,magsac90,307.7457356810046,83.62486641248294,-45.68965563306983,627.7546811835286,6,7,2.401,206.45,2,4,1,67,7224,consensus,/maintenance/ICIGDev/GPUPOC/output/output297/win2048_nfauto/band1_toL8Ref/filtered_same-res_dedode_L-C4_B-upright
101,band1,win2048_nfauto,dedode_L-upright_B-C4,smnn0.95,lmeds90,308.2672779297017,107.39311265568836,4.730584333632275,551.4648701704358,6,7,2.786,220.07,1,5,1,49,1666,consensus,/maintenance/ICIGDev/GPUPOC/output/output297/win2048_nfauto/band1_toL8Ref/filtered_same-res_dedode_L-upright_B-C4
102,band1,win2048_nfauto,dedode_L-C4_B-C4,mnn,magsac90,310.9984187003355,83.66279430884212,-89.87266762876591,628.170335523607,6,7,2.411,209.72,3,3,1,64,9400,consensus,/maintenance/ICIGDev/GPUPOC/output/output297/win2048_nfauto/band1_toL8Ref/filtered_same-res_dedode_L-C4_B-C4
103,band1,win2048_nfauto,dedode_L-upright_B-C4,mnn,ransac90,312.15281474250975,125.27552426656136,-64.70545767174356,635.1447445584512,6,7,2.465,207.07,5,1,1,69,11708,consensus,/maintenance/ICIGDev/GPUPOC/output/output297/win2048_nfauto/band1_toL8Ref/filtered_same-res_dedode_L-upright_B-C4
104,band1,win2048_nfauto,dedode_L-C4_B-C4,ada,ransac90,312.2800306025974,-64.37131272262536,129.77949352676555,465.71417843213635,6,7,3.872,224.55,2,4,1,33,12406,consensus,/maintenance/ICIGDev/GPUPOC/output/output297/win2048_nfauto/band1_toL8Ref/filtered_same-res_dedode_L-C4_B-C4
105,band1,win2048_nfauto,dedode_L-C4-v2_B-upright,mnn,ransac90,312.8240200455761,61.02677765967595,-22.99980370754626,619.3113837836012,6,7,2.408,207.08,5,1,1,75,12328,consensus,/maintenance/ICIGDev/GPUPOC/output/output297/win2048_nfauto/band1_toL8Ref/filtered_same-res_dedode_L-C4-v2_B-upright
106,band1,win2048_nfauto,keynet,nn,magsac90,313.0989253175216,122.88815490511767,-29.338508994750555,635.9817948475498,6,7,1.393,121.19,3,3,1,42,9080,consensus,/maintenance/ICIGDev/GPUPOC/output/output297/win2048_nfauto/band1_toL8Ref/filtered_same-res_keynet
107,band1,win2048_nfauto,hessian,mnn,accurate90,314.01528667533773,146.68245759150327,-65.9736032825981,618.6107218738836,6,7,1.174,102.11,5,1,1,63,14204,consensus,/maintenance/ICIGDev/GPUPOC/output/output297/win2048_nfauto/band1_toL8Ref/filtered_same-res_hessian
108,band1,win2048_nfauto,dedode_L-C4-v2_B-upright,mnn,magsac90,315.3062244000872,95.45982358375234,-58.102591276724674,617.0859357341795,6,7,2.408,207.08,5,1,1,72,12116,consensus,/maintenance/ICIGDev/GPUPOC/output/output297/win2048_nfauto/band1_toL8Ref/filtered_same-res_dedode_L-C4-v2_B-upright
109,band1,win2048_nfauto,disk_epipolar,nn,magsac90,316.6953091101844,134.34888073294496,-57.23627206266807,669.3032572440214,6,7,1.96,170.48,4,2,1,65,85469,consensus,/maintenance/ICIGDev/GPUPOC/output/output297/win2048_nfauto/band1_toL8Ref/filtered_same-res_disk_epipolar
110,band1,win2048_nfauto,imw-sfd2-nn,internal,lmeds90,318.0224876166525,109.09628195938679,-55.8764012453283,683.5969903841049,6,7,2.15,184.87,5,1,1,75,27877,consensus,/maintenance/ICIGDev/GPUPOC/output/output297/win2048_nfauto/band1_toL8Ref/filtered_same-res_imw-sfd2-nn
111,band1,win2048_nfauto,dog_hardnet,mnn,ransac90,318.03034479735686,108.27054811637618,-68.3194665016246,644.6341698094895,6,7,0.904,78.61,5,1,1,68,12513,consensus,/maintenance/ICIGDev/GPUPOC/output/output297/win2048_nfauto/band1_toL8Ref/filtered_same-res_dog_hardnet
112,band1,win2048_nfauto,dedode_L-C4-v2_B-upright,smnn0.95,accurate90,318.8563114132977,58.4301958177363,-46.18866940653061,638.546878177004,6,7,2.625,220.49,2,4,1,67,2397,consensus,/maintenance/ICIGDev/GPUPOC/output/output297/win2048_nfauto/band1_toL8Ref/filtered_same-res_dedode_L-C4-v2_B-upright
113,band1,win2048_nfauto,dog_hardnet,snn,magsac90,319.16373163738945,128.27325919162558,-69.92169101713459,640.3079457377394,6,7,0.91,74.6,0,6,1,60,2336,consensus,/maintenance/ICIGDev/GPUPOC/output/output297/win2048_nfauto/band1_toL8Ref/filtered_same-res_dog_hardnet
114,band1,win2048_nfauto,dedode_L-C4-v2_B-C4,smnn0.95,magsac90,319.2249656924945,98.63240043075682,-24.082855882756576,583.0515715093411,6,7,2.591,220.24,0,6,1,63,2547,consensus,/maintenance/ICIGDev/GPUPOC/output/output297/win2048_nfauto/band1_toL8Ref/filtered_same-res_dedode_L-C4-v2_B-C4
115,band1,win2048_nfauto,dog_hardnet,mnn,magsac90,320.2402962562249,131.40414113952934,-43.9840978135015,639.7344841442676,6,7,0.904,78.61,5,1,1,62,12648,consensus,/maintenance/ICIGDev/GPUPOC/output/output297/win2048_nfauto/band1_toL8Ref/filtered_same-res_dog_hardnet
116,band1,win2048_nfauto,imw-lanet-nn,internal,magsac90,321.2755583204622,138.6629559905491,-75.18168813791029,666.6635535816844,6,7,1.962,170.68,5,1,1,73,25365,consensus,/maintenance/ICIGDev/GPUPOC/output/output297/win2048_nfauto/band1_toL8Ref/filtered_same-res_imw-lanet-nn
117,band1,win2048_nfauto,dedode_L-C4-v2_B-upright,ada,accurate90,321.52336291570344,87.52780960161074,-16.201581909785244,652.289507552086,6,7,3.465,221.74,3,3,1,37,15848,consensus,/maintenance/ICIGDev/GPUPOC/output/output297/win2048_nfauto/band1_toL8Ref/filtered_same-res_dedode_L-C4-v2_B-upright
118,band1,win2048_nfauto,disk_depth,mnn,ransac90,321.72979983628863,138.8783619882262,-67.54412071638005,683.868658663873,6,7,1.522,132.43,5,1,1,70,47276,consensus,/maintenance/ICIGDev/GPUPOC/output/output297/win2048_nfauto/band1_toL8Ref/filtered_same-res_disk_depth
119,band1,win2048_nfauto,sift,smnn0.95,lmeds90,322.1640615387445,90.16879737442393,-45.228557071421164,701.8992289159136,6,7,0.94,81.76,5,1,1,63,13792,consensus,/maintenance/ICIGDev/GPUPOC/output/output297/win2048_nfauto/band1_toL8Ref/filtered_same-res_sift
120,band1,win2048_nfauto,dedode_L-C4-v2_B-upright,smnn0.95,ransac90,322.5846000493591,49.81788609709497,-40.16320248923663,656.1830989188012,6,7,2.625,220.49,2,4,1,67,2112,consensus,/maintenance/ICIGDev/GPUPOC/output/output297/win2048_nfauto/band1_toL8Ref/filtered_same-res_dedode_L-C4-v2_B-upright
121,band1,win2048_nfauto,imw-lanet-nn,internal,accurate90,322.89036824784466,136.88100065366703,-70.5071197624264,678.514404075797,6,7,1.962,170.68,5,1,1,73,29183,consensus,/maintenance/ICIGDev/GPUPOC/output/output297/win2048_nfauto/band1_toL8Ref/filtered_same-res_imw-lanet-nn
122,band1,win2048_nfauto,dedode_L-C4_B-C4,mnn,ransac90,322.9973438424754,31.93270078860087,-44.78876416831357,641.03441714836,6,7,2.411,209.72,3,3,1,68,9592,consensus,/maintenance/ICIGDev/GPUPOC/output/output297/win2048_nfauto/band1_toL8Ref/filtered_same-res_dedode_L-C4_B-C4
123,band1,win2048_nfauto,imw-roma,internal,magsac90,324.6591920055668,124.49850639537999,-59.87440042914992,669.6464989700017,6,7,2.39,210.29,5,1,1,70,138617,consensus,/maintenance/ICIGDev/GPUPOC/output/output297/win2048_nfauto/band1_toL8Ref/filtered_same-res_imw-roma
124,band1,win2048_nfauto,imw-dad-roma,internal,magsac90,324.7630167113658,140.46556921664668,-65.98157297602499,676.3761072652358,6,7,4.344,377.91,3,3,1,58,12133,consensus,/maintenance/ICIGDev/GPUPOC/output/output297/win2048_nfauto/band1_toL8Ref/filtered_same-res_imw-dad-roma
125,band1,win2048_nfauto,imw-sfd2-nn,internal,ransac90,324.9934011026394,118.48278527178111,-48.95290304515053,687.4932987178316,6,7,2.15,184.87,5,1,1,75,13426,consensus,/maintenance/ICIGDev/GPUPOC/output/output297/win2048_nfauto/band1_toL8Ref/filtered_same-res_imw-sfd2-nn
126,band1,win2048_nfauto,imw-sfd2-nn,internal,accurate90,325.0365637868395,130.85558060402505,-48.95691584353532,688.0248646389227,6,7,2.15,184.87,5,1,1,75,15569,consensus,/maintenance/ICIGDev/GPUPOC/output/output297/win2048_nfauto/band1_toL8Ref/filtered_same-res_imw-sfd2-nn
127,band1,win2048_nfauto,imw-sfd2-nn,internal,magsac90,325.2729133943923,148.99617436903463,-63.92401658093089,700.3128992704036,6,7,2.15,184.87,5,1,1,74,13218,consensus,/maintenance/ICIGDev/GPUPOC/output/output297/win2048_nfauto/band1_toL8Ref/filtered_same-res_imw-sfd2-nn
128,band1,win2048_nfauto,dog_hardnet,mnn,accurate90,326.3317955385819,137.25987715246129,-57.3762268165054,677.8070742061389,6,7,0.904,78.61,5,1,1,63,17638,consensus,/maintenance/ICIGDev/GPUPOC/output/output297/win2048_nfauto/band1_toL8Ref/filtered_same-res_dog_hardnet
129,band1,win2048_nfauto,disk_epipolar,smnn0.95,magsac90,326.6104180512289,127.50448991739495,-63.304729522303965,680.9476342561459,6,7,1.722,149.81,5,1,1,75,59434,consensus,/maintenance/ICIGDev/GPUPOC/output/output297/win2048_nfauto/band1_toL8Ref/filtered_same-res_disk_epipolar
130,band1,win2048_nfauto,disk_depth,ada,magsac90,327.40370921389,151.86084682723518,-66.88567780620997,674.5223339546053,6,7,1.798,152.81,5,1,1,67,63143,consensus,/maintenance/ICIGDev/GPUPOC/output/output297/win2048_nfauto/band1_toL8Ref/filtered_same-res_disk_depth
131,band1,win2048_nfauto,disk_epipolar,snn,lmeds90,327.71621484700046,150.88716409100516,-64.17321858012004,660.5398944816843,6,7,1.754,129.79,4,2,1,70,34732,consensus,/maintenance/ICIGDev/GPUPOC/output/output297/win2048_nfauto/band1_toL8Ref/filtered_same-res_disk_epipolar
132,band1,win2048_nfauto,disk_epipolar,smnn0.95,accurate90,329.109704154932,137.551257164325,-67.84815526568536,681.5787927895341,6,7,1.722,149.81,5,1,1,75,65097,consensus,/maintenance/ICIGDev/GPUPOC/output/output297/win2048_nfauto/band1_toL8Ref/filtered_same-res_disk_epipolar
133,band1,win2048_nfauto,dog_hardnet,snn,accurate90,329.29578274670666,140.14307034943826,-106.17218690236253,640.5348809800942,6,7,0.91,74.6,1,5,1,63,2839,consensus,/maintenance/ICIGDev/GPUPOC/output/output297/win2048_nfauto/band1_toL8Ref/filtered_same-res_dog_hardnet
134,band1,win2048_nfauto,disk_depth,mnn,accurate90,329.7570117673572,146.0885276501766,-59.58231449186966,680.600703889821,6,7,1.522,132.43,5,1,1,71,52861,consensus,/maintenance/ICIGDev/GPUPOC/output/output297/win2048_nfauto/band1_toL8Ref/filtered_same-res_disk_depth
135,band1,win2048_nfauto,dog_hardnet,fginn,magsac90,329.7956063874058,145.15563608746098,-84.55990919523629,641.6652424924924,6,7,0.855,74.4,1,5,1,61,2363,consensus,/maintenance/ICIGDev/GPUPOC/output/output297/win2048_nfauto/band1_toL8Ref/filtered_same-res_dog_hardnet
136,band1,win2048_nfauto,keynet,lgm,accurate90,329.86342623909854,148.22098883941894,-63.565160232438906,656.7864151744086,6,7,1.832,124.56,5,1,1,64,25577,consensus,/maintenance/ICIGDev/GPUPOC/output/output297/win2048_nfauto/band1_toL8Ref/filtered_same-res_keynet
137,band1,win2048_nfauto,disk_epipolar,fginn,lmeds90,329.9320795898714,152.6114616850185,-64.18588972973414,666.1971291201149,6,7,1.495,130.06,4,2,1,71,34767,consensus,/maintenance/ICIGDev/GPUPOC/output/output297/win2048_nfauto/band1_toL8Ref/filtered_same-res_disk_epipolar
138,band1,win2048_nfauto,dedode_L-C4-v2_B-C4,mnn,accurate90,330.2253692293393,21.608465191442974,-17.87481596626094,646.1534941621301,6,7,2.405,206.84,5,1,1,75,17981,consensus,/maintenance/ICIGDev/GPUPOC/output/output297/win2048_nfauto/band1_toL8Ref/filtered_same-res_dedode_L-C4-v2_B-C4
139,band1,win2048_nfauto,dedode_L-C4-v2_B-upright,mnn,accurate90,330.3005149195396,70.67013143850424,-31.5776435120506,650.7666429415547,6,7,2.408,207.08,5,1,1,75,14390,consensus,/maintenance/ICIGDev/GPUPOC/output/output297/win2048_nfauto/band1_toL8Ref/filtered_same-res_dedode_L-C4-v2_B-upright
140,band1,win2048_nfauto,gftt,ada,magsac90,330.84379967160595,125.66770002533424,-69.65517431316464,714.9366335546682,6,7,1.044,83.51,5,1,1,72,13107,consensus,/maintenance/ICIGDev/GPUPOC/output/output297/win2048_nfauto/band1_toL8Ref/filtered_same-res_gftt
141,band1,win2048_nfauto,disk_depth,ada,accurate90,332.01017454196096,159.5607750081014,-59.49963193962625,675.6995394257018,6,7,1.798,152.81,5,1,1,67,68557,consensus,/maintenance/ICIGDev/GPUPOC/output/output297/win2048_nfauto/band1_toL8Ref/filtered_same-res_disk_depth
142,band1,win2048_nfauto,imw-sp-sg,internal,magsac90,332.5220027590177,163.4156778742096,-111.0709690077133,701.3297587960267,6,7,2.421,183.99,1,5,1,66,6009,consensus,/maintenance/ICIGDev/GPUPOC/output/output297/win2048_nfauto/band1_toL8Ref/filtered_same-res_imw-sp-sg
143,band1,win2048_nfauto,disk_depth,smnn0.9,accurate90,332.6740142288471,164.61658139378247,-75.48733952487798,668.2041253022918,6,7,2.85,247.97,4,2,1,67,14156,consensus,/maintenance/ICIGDev/GPUPOC/output/output297/win2048_nfauto/band1_toL8Ref/filtered_same-res_disk_depth
144,band1,win2048_nfauto,imw-sp-sg,internal,ransac90,332.72951946218694,128.47998005665718,-93.46614227630926,696.4312884604627,6,7,2.421,183.99,2,4,1,67,6122,consensus,/maintenance/ICIGDev/GPUPOC/output/output297/win2048_nfauto/band1_toL8Ref/filtered_same-res_imw-sp-sg
145,band1,win2048_nfauto,imw-dad-roma,internal,accurate90,332.7720598363503,161.99238940965688,-60.505764541142376,682.0257221739463,6,7,4.344,377.91,4,2,1,58,14321,consensus,/maintenance/ICIGDev/GPUPOC/output/output297/win2048_nfauto/band1_toL8Ref/filtered_same-res_imw-dad-roma
146,band1,win2048_nfauto,keynet,smnn0.95,ransac90,332.910483568928,145.31993851587336,-61.96121316378594,666.9211211349265,6,7,1.252,108.93,5,1,1,74,8896,consensus,/maintenance/ICIGDev/GPUPOC/output/output297/win2048_nfauto/band1_toL8Ref/filtered_same-res_keynet
147,band1,win2048_nfauto,dog_hardnet,snn,ransac90,332.9218787492708,159.26845160246967,-105.55198538196676,643.6938063110969,6,7,0.91,74.6,1,5,1,65,2523,consensus,/maintenance/ICIGDev/GPUPOC/output/output297/win2048_nfauto/band1_toL8Ref/filtered_same-res_dog_hardnet
148,band1,win2048_nfauto,gftt,snn,magsac90,333.05296920965316,138.97220021990128,-66.40693657064367,642.2706359629505,6,7,0.971,76.68,0,6,1,50,1051,consensus,/maintenance/ICIGDev/GPUPOC/output/output297/win2048_nfauto/band1_toL8Ref/filtered_same-res_gftt
149,band1,win2048_nfauto,disk_depth,smnn0.9,ransac90,333.9956015156761,152.5391374465665,-82.70191336852197,679.2113000139221,6,7,2.85,247.97,4,2,1,67,12674,consensus,/maintenance/ICIGDev/GPUPOC/output/output297/win2048_nfauto/band1_toL8Ref/filtered_same-res_disk_depth
150,band1,win2048_nfauto,keynet,ada,accurate90,334.3020956480322,153.12041188306284,-59.53678731522435,663.8971600426914,6,7,1.352,109.53,5,1,1,74,23316,consensus,/maintenance/ICIGDev/GPUPOC/output/output297/win2048_nfauto/band1_toL8Ref/filtered_same-res_keynet
151,band1,win2048_nfauto,disk_epipolar,smnn0.9,accurate90,334.55625534398746,144.99251057384436,-67.19034785329359,677.9536978077014,6,7,2.062,179.37,5,1,1,75,41033,consensus,/maintenance/ICIGDev/GPUPOC/output/output297/win2048_nfauto/band1_toL8Ref/filtered_same-res_disk_epipolar
152,band1,win2048_nfauto,disk_epipolar,smnn0.9,ransac90,334.55719368362486,153.14834492665446,-61.860487052602515,660.7675887943267,6,7,2.062,179.37,5,1,1,74,36195,consensus,/maintenance/ICIGDev/GPUPOC/output/output297/win2048_nfauto/band1_toL8Ref/filtered_same-res_disk_epipolar
153,band1,win2048_nfauto,keynet,mnn,ransac90,335.7662886042626,137.26981068320356,-66.90636556533143,668.7132539979752,6,7,1.237,107.61,5,1,1,74,13765,consensus,/maintenance/ICIGDev/GPUPOC/output/output297/win2048_nfauto/band1_toL8Ref/filtered_same-res_keynet
154,band1,win2048_nfauto,imw-dad-roma,internal,lmeds90,336.95533347571387,154.20150273295954,-72.458740054731,704.5538421441771,6,7,4.344,377.91,4,2,1,59,23570,consensus,/maintenance/ICIGDev/GPUPOC/output/output297/win2048_nfauto/band1_toL8Ref/filtered_same-res_imw-dad-roma
155,band1,win2048_nfauto,keynet,fginn,lmeds90,337.2550511090187,151.94157695755976,-108.69887640199734,673.3143131283083,6,7,1.209,105.18,1,5,1,66,4862,consensus,/maintenance/ICIGDev/GPUPOC/output/output297/win2048_nfauto/band1_toL8Ref/filtered_same-res_keynet
156,band1,win2048_nfauto,disk_depth,smnn0.95,ransac90,337.48062388475205,167.05191310695577,-70.90484370262645,676.4898123989246,6,7,1.636,142.34,5,1,1,73,25728,consensus,/maintenance/ICIGDev/GPUPOC/output/output297/win2048_nfauto/band1_toL8Ref/filtered_same-res_disk_depth
157,band1,win2048_nfauto,gftt,ada,accurate90,337.60504141734117,146.76392876525702,-75.97539454089777,727.3139173888032,6,7,1.044,83.51,5,1,1,72,14928,consensus,/maintenance/ICIGDev/GPUPOC/output/output297/win2048_nfauto/band1_toL8Ref/filtered_same-res_gftt
158,band1,win2048_nfauto,keynet,snn,lmeds90,337.9021397755335,152.3153596239954,-107.08070281207483,669.2017041379054,6,7,1.318,105.46,1,5,1,64,4856,consensus,/maintenance/ICIGDev/GPUPOC/output/output297/win2048_nfauto/band1_toL8Ref/filtered_same-res_keynet
159,band1,win2048_nfauto,disk_depth,smnn0.95,magsac90,339.0202729438265,161.810455245008,-76.6898301804775,693.7437987558295,6,7,1.636,142.34,5,1,1,72,26522,consensus,/maintenance/ICIGDev/GPUPOC/output/output297/win2048_nfauto/band1_toL8Ref/filtered_same-res_disk_depth
160,band1,win2048_nfauto,keynet,ada,magsac90,339.26736678013907,158.68100991807432,-67.58649500349581,675.8392508381143,6,7,1.352,109.53,5,1,1,74,20597,consensus,/maintenance/ICIGDev/GPUPOC/output/output297/win2048_nfauto/band1_toL8Ref/filtered_same-res_keynet
161,band1,win2048_nfauto,disk_depth,nn,magsac90,340.48738178823254,141.65227765710688,-60.417755555557356,714.4363564475591,6,7,2.036,177.16,4,2,1,53,44692,consensus,/maintenance/ICIGDev/GPUPOC/output/output297/win2048_nfauto/band1_toL8Ref/filtered_same-res_disk_depth
162,band1,win2048_nfauto,disk_depth,smnn0.95,accurate90,340.9704600114485,165.14414500296502,-77.77168742343399,698.203029660702,6,7,1.636,142.34,5,1,1,72,29375,consensus,/maintenance/ICIGDev/GPUPOC/output/output297/win2048_nfauto/band1_toL8Ref/filtered_same-res_disk_depth
163,band1,win2048_nfauto,keynet,ada,ransac90,341.02809812616596,149.76918673339637,-62.6329672271504,683.7510096803048,6,7,1.352,109.53,5,1,1,74,20823,consensus,/maintenance/ICIGDev/GPUPOC/output/output297/win2048_nfauto/band1_toL8Ref/filtered_same-res_keynet
164,band1,win2048_nfauto,disk_epipolar,snn,accurate90,341.1506978597896,164.61032375089766,-66.01380599041038,679.895218888617,6,7,1.754,129.79,4,2,1,71,18790,consensus,/maintenance/ICIGDev/GPUPOC/output/output297/win2048_nfauto/band1_toL8Ref/filtered_same-res_disk_epipolar
165,band1,win2048_nfauto,disk_depth,nn,accurate90,342.45972288084204,154.66101583628293,-63.8083268189157,686.2679454235284,6,7,2.036,177.16,5,1,1,54,64654,consensus,/maintenance/ICIGDev/GPUPOC/output/output297/win2048_nfauto/band1_toL8Ref/filtered_same-res_disk_depth
166,band1,win2048_nfauto,dog_hardnet,ada,magsac90,342.62158996786644,134.74694185175258,-61.95648911814609,684.0747276242416,6,7,1.076,85.02,5,1,1,73,22672,consensus,/maintenance/ICIGDev/GPUPOC/output/output297/win2048_nfauto/band1_toL8Ref/filtered_same-res_dog_hardnet
167,band1,win2048_nfauto,disk_epipolar,fginn,magsac90,342.7051810194516,152.52435568332248,-60.442227160395305,686.4806497284994,6,7,1.495,130.06,4,2,1,71,16631,consensus,/maintenance/ICIGDev/GPUPOC/output/output297/win2048_nfauto/band1_toL8Ref/filtered_same-res_disk_epipolar
168,band1,win2048_nfauto,dog_hardnet,fginn,lmeds90,342.7684919725545,190.16750477722053,-88.38359413859507,656.1314803016664,6,7,0.855,74.4,4,2,1,69,6722,consensus,/maintenance/ICIGDev/GPUPOC/output/output297/win2048_nfauto/band1_toL8Ref/filtered_same-res_dog_hardnet
169,band1,win2048_nfauto,keynet,smnn0.9,lmeds90,343.155755575149,171.98942964387274,-72.55163577003304,652.6553359632293,6,7,17.825,1515.13,5,1,1,74,12865,consensus,/maintenance/ICIGDev/GPUPOC/output/output297/win2048_nfauto/band1_toL8Ref/filtered_same-res_keynet
170,band1,win2048_nfauto,keynet,smnn0.9,magsac90,343.23628064692286,176.0517005340552,-130.15453832793432,674.0308990527966,6,7,17.825,1515.13,2,4,1,69,4548,consensus,/maintenance/ICIGDev/GPUPOC/output/output297/win2048_nfauto/band1_toL8Ref/filtered_same-res_keynet
171,band1,win2048_nfauto,gftt,ada,ransac90,343.8374131076418,157.00303378871467,-80.37287305423752,736.5824834095503,6,7,1.044,83.51,5,1,1,73,13489,consensus,/maintenance/ICIGDev/GPUPOC/output/output297/win2048_nfauto/band1_toL8Ref/filtered_same-res_gftt
172,band1,win2048_nfauto,keynet,mnn,accurate90,343.924076428322,156.72269711513368,-59.97295246640169,687.7379142362258,6,7,1.237,107.61,5,1,1,73,17263,consensus,/maintenance/ICIGDev/GPUPOC/output/output297/win2048_nfauto/band1_toL8Ref/filtered_same-res_keynet
173,band1,win2048_nfauto,keynet,lgm,magsac90,344.43817559004583,159.6385160117094,-54.195797278970076,669.7416892750368,6,7,1.832,124.56,5,1,1,64,22675,consensus,/maintenance/ICIGDev/GPUPOC/output/output297/win2048_nfauto/band1_toL8Ref/filtered_same-res_keynet
174,band1,win2048_nfauto,dedode_L-C4-v2_B-upright,ada,magsac90,344.977136280486,95.79147940721259,-19.373714801472943,698.6009946588363,6,7,3.465,221.74,3,3,1,43,14583,consensus,/maintenance/ICIGDev/GPUPOC/output/output297/win2048_nfauto/band1_toL8Ref/filtered_same-res_dedode_L-C4-v2_B-upright
175,band1,win2048_nfauto,keynet,lgm,ransac90,345.0961983640342,154.14761099938173,-68.33918252217745,656.1380183464377,6,7,1.832,124.56,4,2,1,64,22676,consensus,/maintenance/ICIGDev/GPUPOC/output/output297/win2048_nfauto/band1_toL8Ref/filtered_same-res_keynet
176,band1,win2048_nfauto,dedode_L-upright_B-upright,mnn,magsac90,345.22143110196475,102.85870705350544,-82.42682944535863,711.3672614157215,6,7,2.404,206.77,5,1,1,66,9275,consensus,/maintenance/ICIGDev/GPUPOC/output/output297/win2048_nfauto/band1_toL8Ref/filtered_same-res_dedode_L-upright_B-upright
177,band1,win2048_nfauto,imw-r2d2-nn,internal,ransac90,345.3833774624811,155.76783513552255,-77.29520860157542,673.0130190206548,6,7,2.19,186.19,4,2,1,75,14042,consensus,/maintenance/ICIGDev/GPUPOC/output/output297/win2048_nfauto/band1_toL8Ref/filtered_same-res_imw-r2d2-nn
178,band1,win2048_nfauto,keynet,mnn,magsac90,345.46755471377026,164.24687910610888,-70.41189221243833,688.3702960306578,6,7,1.237,107.61,5,1,1,73,13248,consensus,/maintenance/ICIGDev/GPUPOC/output/output297/win2048_nfauto/band1_toL8Ref/filtered_same-res_keynet
179,band1,win2048_nfauto,keynet,fginn,ransac90,345.69032828312027,180.14435566180487,-100.21368851565983,657.922571194086,6,7,1.209,105.18,1,5,1,60,1783,consensus,/maintenance/ICIGDev/GPUPOC/output/output297/win2048_nfauto/band1_toL8Ref/filtered_same-res_keynet
180,band1,win2048_nfauto,keynet,smnn0.95,accurate90,345.96879449037937,157.88108443452984,-59.70887768938428,693.1734681581039,6,7,1.252,108.93,5,1,1,73,10078,consensus,/maintenance/ICIGDev/GPUPOC/output/output297/win2048_nfauto/band1_toL8Ref/filtered_same-res_keynet
181,band1,win2048_nfauto,keynet,smnn0.9,accurate90,345.9881882962758,172.41266313784968,-114.30683503063847,682.2669528635364,6,7,17.825,1515.13,2,4,1,70,5244,consensus,/maintenance/ICIGDev/GPUPOC/output/output297/win2048_nfauto/band1_toL8Ref/filtered_same-res_keynet
182,band1,win2048_nfauto,disk_epipolar,snn,ransac90,345.9997335759625,152.73534883400893,-64.13388413265375,689.0136179085595,6,7,1.754,129.79,4,2,1,71,16585,consensus,/maintenance/ICIGDev/GPUPOC/output/output297/win2048_nfauto/band1_toL8Ref/filtered_same-res_disk_epipolar
183,band1,win2048_nfauto,dog_hardnet,snn,lmeds90,346.90591613028016,190.29861169976115,-93.01482212830479,664.1288436146057,6,7,0.91,74.6,4,2,1,69,6648,consensus,/maintenance/ICIGDev/GPUPOC/output/output297/win2048_nfauto/band1_toL8Ref/filtered_same-res_dog_hardnet
184,band1,win2048_nfauto,disk_depth,mnn,magsac90,347.2243991186008,150.3063297892013,-75.63196149113234,737.7169308987166,6,7,1.522,132.43,5,1,1,69,47705,consensus,/maintenance/ICIGDev/GPUPOC/output/output297/win2048_nfauto/band1_toL8Ref/filtered_same-res_disk_depth
185,band1,win2048_nfauto,hessian,fginn,accurate90,348.27269869510786,146.23113611955714,-104.32719249684214,682.7462535686724,6,7,1.112,96.76,1,5,1,61,2044,consensus,/maintenance/ICIGDev/GPUPOC/output/output297/win2048_nfauto/band1_toL8Ref/filtered_same-res_hessian
186,band1,win2048_nfauto,keynet,fginn,accurate90,348.50533849391206,192.22705319829552,-102.3388039348982,658.9748751218189,6,7,1.209,105.18,1,5,1,60,1979,consensus,/maintenance/ICIGDev/GPUPOC/output/output297/win2048_nfauto/band1_toL8Ref/filtered_same-res_keynet
187,band1,win2048_nfauto,keynet,smnn0.95,magsac90,348.60029585573216,113.64438540362137,-56.96681853470636,717.1632519498853,6,7,1.252,108.93,4,2,1,72,8837,consensus,/maintenance/ICIGDev/GPUPOC/output/output297/win2048_nfauto/band1_toL8Ref/filtered_same-res_keynet
188,band1,win2048_nfauto,imw-xfeat-lg,internal,ransac90,349.55870788086327,135.3369755418737,-75.19581320360324,712.3953660617785,6,7,1.823,142.22,3,3,1,72,7349,consensus,/maintenance/ICIGDev/GPUPOC/output/output297/win2048_nfauto/band1_toL8Ref/filtered_same-res_imw-xfeat-lg
189,band1,win2048_nfauto,dedode_L-C4-v2_B-C4,smnn0.9,lmeds90,349.79782936803224,50.441401723981926,53.09414417918515,539.0175813137947,6,7,4.202,289.91,0,6,1,41,1337,consensus,/maintenance/ICIGDev/GPUPOC/output/output297/win2048_nfauto/band1_toL8Ref/filtered_same-res_dedode_L-C4-v2_B-C4
190,band1,win2048_nfauto,hessian,ada,ransac90,351.1450022970963,166.53769253110795,-74.99650069391889,719.9949469433495,6,7,1.471,110.32,5,1,1,73,18957,consensus,/maintenance/ICIGDev/GPUPOC/output/output297/win2048_nfauto/band1_toL8Ref/filtered_same-res_hessian
191,band1,win2048_nfauto,dog_hardnet,smnn0.9,ransac90,351.37112015686677,184.2985898096998,-89.62332802004919,690.5689161317646,6,7,11.423,993.83,4,2,1,70,5695,consensus,/maintenance/ICIGDev/GPUPOC/output/output297/win2048_nfauto/band1_toL8Ref/filtered_same-res_dog_hardnet
192,band1,win2048_nfauto,hessian,ada,accurate90,351.3764646832572,153.8977150305018,-59.99085095224033,729.4603393037925,6,7,1.471,110.32,5,1,1,73,21197,consensus,/maintenance/ICIGDev/GPUPOC/output/output297/win2048_nfauto/band1_toL8Ref/filtered_same-res_hessian
193,band1,win2048_nfauto,keynet,snn,accurate90,351.4835798369713,198.4035518861249,-120.81346624237206,660.9904570483459,6,7,1.318,105.46,1,5,1,61,1987,consensus,/maintenance/ICIGDev/GPUPOC/output/output297/win2048_nfauto/band1_toL8Ref/filtered_same-res_keynet
194,band1,win2048_nfauto,disk_depth,smnn0.9,lmeds90,352.57783538774817,157.11185019651097,-70.52963544046376,726.8252329933172,6,7,2.85,247.97,4,2,1,68,24823,consensus,/maintenance/ICIGDev/GPUPOC/output/output297/win2048_nfauto/band1_toL8Ref/filtered_same-res_disk_depth
195,band1,win2048_nfauto,imw-dad-roma,internal,ransac90,353.0231995028729,205.92464754068655,-69.60227493952364,697.2379805279654,6,7,4.344,377.91,4,2,1,58,12133,consensus,/maintenance/ICIGDev/GPUPOC/output/output297/win2048_nfauto/band1_toL8Ref/filtered_same-res_imw-dad-roma
196,band1,win2048_nfauto,keynet,smnn0.9,ransac90,353.3586322838385,183.07121029136684,-112.23879163908062,685.3155424045466,6,7,17.825,1515.13,1,5,1,70,4606,consensus,/maintenance/ICIGDev/GPUPOC/output/output297/win2048_nfauto/band1_toL8Ref/filtered_same-res_keynet
197,band1,win2048_nfauto,imw-xfeat-lg,internal,magsac90,353.6319821734773,140.07536922539984,-80.75024888682462,715.9286235589917,6,7,1.823,142.22,3,3,1,72,6938,consensus,/maintenance/ICIGDev/GPUPOC/output/output297/win2048_nfauto/band1_toL8Ref/filtered_same-res_imw-xfeat-lg
198,band1,win2048_nfauto,hessian,mnn,magsac90,354.00730617648094,133.12226964794127,-67.81803206877036,626.6991105917303,6,7,1.174,102.11,4,2,1,60,8765,consensus,/maintenance/ICIGDev/GPUPOC/output/output297/win2048_nfauto/band1_toL8Ref/filtered_same-res_hessian
199,band1,win2048_nfauto,dog_hardnet,fginn,accurate90,354.16078412728916,182.56792859664802,-87.90716421416892,639.21474065702,6,7,0.855,74.4,3,3,1,64,2841,consensus,/maintenance/ICIGDev/GPUPOC/output/output297/win2048_nfauto/band1_toL8Ref/filtered_same-res_dog_hardnet
200,band1,win2048_nfauto,disk_epipolar,snn,magsac90,354.40883108593243,167.19094399778592,-69.75684215279504,718.6045644723795,6,7,1.754,129.79,4,2,1,71,16726,consensus,/maintenance/ICIGDev/GPUPOC/output/output297/win2048_nfauto/band1_toL8Ref/filtered_same-res_disk_epipolar
201,band1,win2048_nfauto,keynet,snn,ransac90,355.00413462290857,172.60707834678837,-112.78967738946737,687.4437882486404,6,7,1.318,105.46,1,5,1,59,1803,consensus,/maintenance/ICIGDev/GPUPOC/output/output297/win2048_nfauto/band1_toL8Ref/filtered_same-res_keynet
202,band1,win2048_nfauto,imw-ripe-nn,internal,ransac90,355.2591760566468,143.52824313403372,-90.02911307479401,722.4979166641832,6,7,3.498,307.82,1,5,1,52,2432,consensus,/maintenance/ICIGDev/GPUPOC/output/output297/win2048_nfauto/band1_toL8Ref/filtered_same-res_imw-ripe-nn
203,band1,win2048_nfauto,hessian,snn,accurate90,355.31093092707556,140.29616090858758,-104.50080376183571,687.6008235133919,6,7,1.14,96.93,1,5,1,61,2048,consensus,/maintenance/ICIGDev/GPUPOC/output/output297/win2048_nfauto/band1_toL8Ref/filtered_same-res_hessian
204,band1,win2048_nfauto,hessian,fginn,lmeds90,355.51210580100104,168.8945415519688,-86.99582664461165,673.6057543348272,6,7,1.112,96.76,2,4,1,67,4732,consensus,/maintenance/ICIGDev/GPUPOC/output/output297/win2048_nfauto/band1_toL8Ref/filtered_same-res_hessian
205,band1,win2048_nfauto,keynet,nn,ransac90,355.5638507558187,105.98086210704408,-70.07308435314887,664.1046258543863,6,7,1.393,121.19,3,3,1,78,10728,consensus,/maintenance/ICIGDev/GPUPOC/output/output297/win2048_nfauto/band1_toL8Ref/filtered_same-res_keynet
206,band1,win2048_nfauto,disk_depth,smnn0.9,magsac90,355.6861679548565,171.4639341807342,-74.9205314428015,710.3440787694792,6,7,2.85,247.97,4,2,1,67,12234,consensus,/maintenance/ICIGDev/GPUPOC/output/output297/win2048_nfauto/band1_toL8Ref/filtered_same-res_disk_depth
207,band1,win2048_nfauto,keynet,fginn,magsac90,355.93359821177955,185.14535523629084,-107.34971002257028,676.0726728704249,6,7,1.209,105.18,1,5,1,59,1666,consensus,/maintenance/ICIGDev/GPUPOC/output/output297/win2048_nfauto/band1_toL8Ref/filtered_same-res_keynet
208,band1,win2048_nfauto,dog_hardnet,ada,ransac90,356.5810001864744,159.8538252434314,-59.34008892915608,746.4329828130082,6,7,1.076,85.02,5,1,1,73,22815,consensus,/maintenance/ICIGDev/GPUPOC/output/output297/win2048_nfauto/band1_toL8Ref/filtered_same-res_dog_hardnet
209,band1,win2048_nfauto,disk_epipolar,fginn,ransac90,356.62816033891886,160.7593646325122,-70.97811150013906,724.9860200414306,6,7,1.495,130.06,4,2,1,71,16907,consensus,/maintenance/ICIGDev/GPUPOC/output/output297/win2048_nfauto/band1_toL8Ref/filtered_same-res_disk_epipolar
210,band1,win2048_nfauto,dog_hardnet,fginn,ransac90,357.3067339813202,158.77377873205546,-117.43283396897202,677.1374186167463,6,7,0.855,74.4,0,6,1,66,2545,consensus,/maintenance/ICIGDev/GPUPOC/output/output297/win2048_nfauto/band1_toL8Ref/filtered_same-res_dog_hardnet
211,band1,win2048_nfauto,dedode_L-C4-v2_B-upright,smnn0.95,magsac90,359.1596067576552,42.25814754309636,7.515495951273503,662.1497099473136,6,7,2.625,220.49,1,5,1,63,2002,consensus,/maintenance/ICIGDev/GPUPOC/output/output297/win2048_nfauto/band1_toL8Ref/filtered_same-res_dedode_L-C4-v2_B-upright
212,band1,win2048_nfauto,imw-xfeat-dense,internal,lmeds90,359.51714322791014,127.35436794731352,-70.22739924024579,685.8382335553634,6,7,1.715,147.53,4,2,1,73,11901,consensus,/maintenance/ICIGDev/GPUPOC/output/output297/win2048_nfauto/band1_toL8Ref/filtered_same-res_imw-xfeat-dense
213,band1,win2048_nfauto,dog_hardnet,smnn0.95,accurate90,359.6634442339272,167.26091846650283,-88.66264122273606,691.6511895992696,6,7,0.966,84.02,4,2,1,72,11289,consensus,/maintenance/ICIGDev/GPUPOC/output/output297/win2048_nfauto/band1_toL8Ref/filtered_same-res_dog_hardnet
214,band1,win2048_nfauto,hessian,smnn0.9,accurate90,359.6911915480657,138.15599519099456,-121.21482460433299,699.5302802411225,6,7,10.901,948.4,2,4,1,71,4835,consensus,/maintenance/ICIGDev/GPUPOC/output/output297/win2048_nfauto/band1_toL8Ref/filtered_same-res_hessian
215,band1,win2048_nfauto,dog_hardnet,smnn0.9,accurate90,361.48347374989464,171.21312198728083,-97.54297939198325,694.2296902908587,6,7,11.423,993.83,4,2,1,70,6537,consensus,/maintenance/ICIGDev/GPUPOC/output/output297/win2048_nfauto/band1_toL8Ref/filtered_same-res_dog_hardnet
216,band1,win2048_nfauto,sift,smnn0.95,magsac90,361.61870217567963,175.67696719420496,-149.48312153927023,707.3363484239437,6,7,0.94,81.76,3,3,1,69,5101,consensus,/maintenance/ICIGDev/GPUPOC/output/output297/win2048_nfauto/band1_toL8Ref/filtered_same-res_sift
217,band1,win2048_nfauto,hessian,ada,magsac90,361.74525150710855,170.00416185719374,-67.37039654622488,728.1379124957325,6,7,1.471,110.32,5,1,1,73,18590,consensus,/maintenance/ICIGDev/GPUPOC/output/output297/win2048_nfauto/band1_toL8Ref/filtered_same-res_hessian
218,band1,win2048_nfauto,hessian,smnn0.95,accurate90,362.1886391534405,176.7128261236629,-105.47013791652337,710.0201989738853,6,7,1.248,108.54,4,2,1,71,8773,consensus,/maintenance/ICIGDev/GPUPOC/output/output297/win2048_nfauto/band1_toL8Ref/filtered_same-res_hessian
219,band1,win2048_nfauto,dedode_L-C4-v2_B-upright,smnn0.9,ransac90,362.67163083488884,16.22993569635749,122.95420996001167,509.3769954877992,6,7,4.345,304.12,0,6,1,33,451,consensus,/maintenance/ICIGDev/GPUPOC/output/output297/win2048_nfauto/band1_toL8Ref/filtered_same-res_dedode_L-C4-v2_B-upright
220,band1,win2048_nfauto,sift,snn,accurate90,362.9479916529921,181.50382949651353,-139.03889686973994,712.7470449735284,6,7,0.869,72.16,1,5,1,67,4440,consensus,/maintenance/ICIGDev/GPUPOC/output/output297/win2048_nfauto/band1_toL8Ref/filtered_same-res_sift
221,band1,win2048_nfauto,hessian,snn,lmeds90,363.68985994257486,188.29062980111757,-99.12842943787973,679.6065640957345,6,7,1.14,96.93,4,2,1,67,4702,consensus,/maintenance/ICIGDev/GPUPOC/output/output297/win2048_nfauto/band1_toL8Ref/filtered_same-res_hessian
222,band1,win2048_nfauto,disk_epipolar,fginn,accurate90,363.8219501817815,160.25101079520118,-66.77313889569602,739.576248937735,6,7,1.495,130.06,4,2,1,71,18775,consensus,/maintenance/ICIGDev/GPUPOC/output/output297/win2048_nfauto/band1_toL8Ref/filtered_same-res_disk_epipolar
223,band1,win2048_nfauto,keynet,snn,magsac90,364.3208188574339,181.14754070573545,-102.27334378152955,679.29893823624,6,7,1.318,105.46,1,5,1,59,1694,consensus,/maintenance/ICIGDev/GPUPOC/output/output297/win2048_nfauto/band1_toL8Ref/filtered_same-res_keynet
224,band1,win2048_nfauto,sift,smnn0.9,accurate90,365.16075017208027,163.68043649660748,-148.70194234228998,732.4824705058834,6,7,12.205,1061.87,2,4,1,69,3859,consensus,/maintenance/ICIGDev/GPUPOC/output/output297/win2048_nfauto/band1_toL8Ref/filtered_same-res_sift
225,band1,win2048_nfauto,sift,fginn,magsac90,365.9925997585015,170.4927163469249,-138.62393377865996,721.2727466147726,6,7,0.826,71.86,1,5,1,67,3718,consensus,/maintenance/ICIGDev/GPUPOC/output/output297/win2048_nfauto/band1_toL8Ref/filtered_same-res_sift
226,band1,win2048_nfauto,imw-d2net-nn,internal,ransac90,366.3763382063401,141.27766570719677,-122.35414847513312,719.3049871125928,6,7,4.183,347.19,4,2,1,73,9570,consensus,/maintenance/ICIGDev/GPUPOC/output/output297/win2048_nfauto/band1_toL8Ref/filtered_same-res_imw-d2net-nn
227,band1,win2048_nfauto,sift,snn,ransac90,368.21979816368645,143.3506762540933,-90.20909877054403,718.3975722700955,6,7,0.869,72.16,2,4,1,68,3977,consensus,/maintenance/ICIGDev/GPUPOC/output/output297/win2048_nfauto/band1_toL8Ref/filtered_same-res_sift
228,band1,win2048_nfauto,gftt,smnn0.9,lmeds90,371.6922446739906,148.20504099088217,-51.722955377306484,698.1712823502398,6,7,11.588,1008.19,3,3,1,70,10676,consensus,/maintenance/ICIGDev/GPUPOC/output/output297/win2048_nfauto/band1_toL8Ref/filtered_same-res_gftt
229,band1,win2048_nfauto,sift,fginn,lmeds90,371.836705628318,154.88379471154713,-89.80326269875013,721.9877216907433,6,7,0.826,71.86,2,4,1,73,9589,consensus,/maintenance/ICIGDev/GPUPOC/output/output297/win2048_nfauto/band1_toL8Ref/filtered_same-res_sift
230,band1,win2048_nfauto,sift,smnn0.95,accurate90,371.9864843705814,195.7740765005426,-163.0915680566333,740.5141491878218,6,7,0.94,81.76,3,3,1,70,5907,consensus,/maintenance/ICIGDev/GPUPOC/output/output297/win2048_nfauto/band1_toL8Ref/filtered_same-res_sift
231,band1,win2048_nfauto,imw-darkfeat-nn,internal,lmeds90,373.51741839303605,60.69789104817543,-66.79917381414664,800.2093431391825,6,7,2.039,175.33,4,2,1,62,18964,consensus,/maintenance/ICIGDev/GPUPOC/output/output297/win2048_nfauto/band1_toL8Ref/filtered_same-res_imw-darkfeat-nn
232,band1,win2048_nfauto,hessian,smnn0.9,ransac90,374.03534259141617,150.77581527599045,-152.28704075787073,721.1659951852894,6,7,10.901,948.4,2,4,1,71,4259,consensus,/maintenance/ICIGDev/GPUPOC/output/output297/win2048_nfauto/band1_toL8Ref/filtered_same-res_hessian
233,band1,win2048_nfauto,sift,snn,magsac90,374.76352982594983,177.44232201969552,-134.0123666550171,721.1487305712116,6,7,0.869,72.16,1,5,1,67,3694,consensus,/maintenance/ICIGDev/GPUPOC/output/output297/win2048_nfauto/band1_toL8Ref/filtered_same-res_sift
234,band1,win2048_nfauto,sift,smnn0.9,ransac90,375.1869227172713,170.39381985796658,-141.1831809951791,734.8495953026909,6,7,12.205,1061.87,2,4,1,69,3373,consensus,/maintenance/ICIGDev/GPUPOC/output/output297/win2048_nfauto/band1_toL8Ref/filtered_same-res_sift
235,band1,win2048_nfauto,imw-darkfeat-nn,internal,accurate90,376.02930826900354,66.07623980888327,-72.66610618533043,812.4898017358045,6,7,2.039,175.33,3,3,1,61,12157,consensus,/maintenance/ICIGDev/GPUPOC/output/output297/win2048_nfauto/band1_toL8Ref/filtered_same-res_imw-darkfeat-nn
236,band1,win2048_nfauto,sift,smnn0.95,ransac90,378.1557929530164,174.64922960051732,-140.27961315025746,726.4967376291312,6,7,0.94,81.76,1,5,1,70,5120,consensus,/maintenance/ICIGDev/GPUPOC/output/output297/win2048_nfauto/band1_toL8Ref/filtered_same-res_sift
237,band1,win2048_nfauto,sift,snn,lmeds90,378.3390693024245,149.47294300501244,-98.56967564049621,734.7260201954031,6,7,0.869,72.16,3,3,1,73,9636,consensus,/maintenance/ICIGDev/GPUPOC/output/output297/win2048_nfauto/band1_toL8Ref/filtered_same-res_sift
238,band1,win2048_nfauto,gftt,snn,lmeds90,379.1363174631037,230.7934315342286,-114.90844533091847,701.1153764233359,6,7,0.971,76.68,1,5,1,64,3910,consensus,/maintenance/ICIGDev/GPUPOC/output/output297/win2048_nfauto/band1_toL8Ref/filtered_same-res_gftt
239,band1,win2048_nfauto,sift,fginn,accurate90,379.5598658876936,195.4857237413205,-143.68584764713765,730.7091027746899,6,7,0.826,71.86,1,5,1,69,4462,consensus,/maintenance/ICIGDev/GPUPOC/output/output297/win2048_nfauto/band1_toL8Ref/filtered_same-res_sift
240,band1,win2048_nfauto,hessian,snn,ransac90,380.60698958262054,147.80605060697812,-101.65817846648604,706.1402205611314,6,7,1.14,96.93,1,5,1,63,1835,consensus,/maintenance/ICIGDev/GPUPOC/output/output297/win2048_nfauto/band1_toL8Ref/filtered_same-res_hessian
241,band1,win2048_nfauto,imw-roma,internal,lmeds90,382.00217871518277,157.26860232679488,-82.49281713164903,838.8748812657655,6,7,2.39,210.29,6,0,1,70,168161,consensus,/maintenance/ICIGDev/GPUPOC/output/output297/win2048_nfauto/band1_toL8Ref/filtered_same-res_imw-roma
242,band1,win2048_nfauto,dedode_L-C4-v2_B-C4,ada,accurate90,382.4461784474789,21.207008975132492,-59.27607793621428,659.4599509363195,6,7,3.454,221.04,3,3,1,41,17661,consensus,/maintenance/ICIGDev/GPUPOC/output/output297/win2048_nfauto/band1_toL8Ref/filtered_same-res_dedode_L-C4-v2_B-C4
243,band1,win2048_nfauto,gftt,fginn,lmeds90,382.96619745133904,237.18697612370292,-112.8464516900749,698.5032133105334,6,7,0.879,76.46,1,5,1,63,3946,consensus,/maintenance/ICIGDev/GPUPOC/output/output297/win2048_nfauto/band1_toL8Ref/filtered_same-res_gftt
244,band1,win2048_nfauto,dedode_L-C4-v2_B-upright,smnn0.9,accurate90,383.3645304793028,3.3207461691861226,105.20452334496788,540.5301596836232,6,7,4.345,304.12,0,6,1,31,467,consensus,/maintenance/ICIGDev/GPUPOC/output/output297/win2048_nfauto/band1_toL8Ref/filtered_same-res_dedode_L-C4-v2_B-upright
245,band1,win2048_nfauto,dedode_L-C4-v2_B-C4,ada,magsac90,386.60356545701654,18.981468405206822,-66.7255613968091,672.7969512533762,6,7,3.454,221.04,3,3,1,41,15474,consensus,/maintenance/ICIGDev/GPUPOC/output/output297/win2048_nfauto/band1_toL8Ref/filtered_same-res_dedode_L-C4-v2_B-C4
246,band1,win2048_nfauto,sift,smnn0.9,magsac90,388.4770932197182,193.2826682646505,-157.34716720351557,730.3350886347289,6,7,12.205,1061.87,1,5,1,67,3203,consensus,/maintenance/ICIGDev/GPUPOC/output/output297/win2048_nfauto/band1_toL8Ref/filtered_same-res_sift
247,band1,win2048_nfauto,gftt,nn,ransac90,389.09316051331786,160.32160314180638,-82.02175817024165,737.5498919531819,6,7,1.129,98.2,1,5,1,54,3577,consensus,/maintenance/ICIGDev/GPUPOC/output/output297/win2048_nfauto/band1_toL8Ref/filtered_same-res_gftt
248,band1,win2048_nfauto,dedode_L-C4-v2_B-upright,ada,ransac90,389.6536632289883,81.96386825305096,-23.69786148370652,752.3976741894982,6,7,3.465,221.74,3,3,1,41,11978,consensus,/maintenance/ICIGDev/GPUPOC/output/output297/win2048_nfauto/band1_toL8Ref/filtered_same-res_dedode_L-C4-v2_B-upright
249,band1,win2048_nfauto,imw-roma,internal,ransac90,389.6638766881627,168.76121707288289,-83.40688535368888,841.1428457617359,6,7,2.39,210.29,6,0,1,70,136013,consensus,/maintenance/ICIGDev/GPUPOC/output/output297/win2048_nfauto/band1_toL8Ref/filtered_same-res_imw-roma
250,band1,win2048_nfauto,hessian,smnn0.9,magsac90,390.84547042480875,188.15701986046648,-98.31666338136665,702.7429853395258,6,7,10.901,948.4,3,3,1,70,4099,consensus,/maintenance/ICIGDev/GPUPOC/output/output297/win2048_nfauto/band1_toL8Ref/filtered_same-res_hessian
251,band1,win2048_nfauto,imw-liftfeat-nn,internal,magsac90,392.8278309567581,96.03153109876621,-74.51155142359828,915.6909295120959,6,7,2.247,195.49,6,0,1,74,27633,consensus,/maintenance/ICIGDev/GPUPOC/output/output297/win2048_nfauto/band1_toL8Ref/filtered_same-res_imw-liftfeat-nn
252,band1,win2048_nfauto,imw-darkfeat-nn,internal,ransac90,393.45425694479826,60.06241781132841,-72.74951676265785,833.1701517072155,6,7,2.039,175.33,3,3,1,62,10053,consensus,/maintenance/ICIGDev/GPUPOC/output/output297/win2048_nfauto/band1_toL8Ref/filtered_same-res_imw-darkfeat-nn
253,band1,win2048_nfauto,disk_depth,ada,lmeds90,394.601110497175,194.82570834485827,-107.07521268522457,855.4085760176575,6,7,1.798,152.81,6,0,1,67,187037,consensus,/maintenance/ICIGDev/GPUPOC/output/output297/win2048_nfauto/band1_toL8Ref/filtered_same-res_disk_depth
254,band1,win2048_nfauto,dog_hardnet,smnn0.95,ransac90,399.0426985520077,198.07366041423816,-106.89757293682426,720.6633773434266,6,7,0.966,84.02,4,2,1,73,9942,consensus,/maintenance/ICIGDev/GPUPOC/output/output297/win2048_nfauto/band1_toL8Ref/filtered_same-res_dog_hardnet
255,band1,win2048_nfauto,dedode_L-C4-v2_B-upright,smnn0.9,magsac90,402.0340158149769,6.3009848271862365,115.78998523104035,542.2067084156598,6,7,4.345,304.12,0,6,1,30,399,consensus,/maintenance/ICIGDev/GPUPOC/output/output297/win2048_nfauto/band1_toL8Ref/filtered_same-res_dedode_L-C4-v2_B-upright
256,band1,win2048_nfauto,sift,smnn0.9,lmeds90,403.0579187939721,161.52959905224483,-98.3928491639108,752.8277138482964,6,7,12.205,1061.87,3,3,1,70,8348,consensus,/maintenance/ICIGDev/GPUPOC/output/output297/win2048_nfauto/band1_toL8Ref/filtered_same-res_sift
257,band1,win2048_nfauto,sift,fginn,ransac90,408.5155111332515,203.0519016029069,-157.13905989266277,756.5226495270772,6,7,0.826,71.86,1,5,1,68,3867,consensus,/maintenance/ICIGDev/GPUPOC/output/output297/win2048_nfauto/band1_toL8Ref/filtered_same-res_sift
258,band1,win2048_nfauto,imw-aliked-lg,internal,accurate90,411.76810325529226,162.8207034620409,-95.32619306242425,909.1670773809466,6,7,2.278,182.25,6,0,1,74,48152,consensus,/maintenance/ICIGDev/GPUPOC/output/output297/win2048_nfauto/band1_toL8Ref/filtered_same-res_imw-aliked-lg
259,band1,win2048_nfauto,imw-aliked-lg,internal,ransac90,414.3220660361981,168.24588961927384,-102.93359586393187,924.6563830727408,6,7,2.278,182.25,6,0,1,74,41114,consensus,/maintenance/ICIGDev/GPUPOC/output/output297/win2048_nfauto/band1_toL8Ref/filtered_same-res_imw-aliked-lg
260,band1,win2048_nfauto,sift,mnn,accurate90,416.9304081080247,215.95753930684063,-173.95080487196628,780.4261706854338,6,7,0.827,71.97,3,3,1,69,8716,consensus,/maintenance/ICIGDev/GPUPOC/output/output297/win2048_nfauto/band1_toL8Ref/filtered_same-res_sift
261,band1,win2048_nfauto,imw-aliked-lg,internal,magsac90,420.6462922423286,156.95354647962418,-108.8567001501345,941.907132500223,6,7,2.278,182.25,6,0,1,74,42262,consensus,/maintenance/ICIGDev/GPUPOC/output/output297/win2048_nfauto/band1_toL8Ref/filtered_same-res_imw-aliked-lg
262,band1,win2048_nfauto,disk_epipolar,nn,accurate90,421.84087214852417,161.07570834485827,-92.07521268522457,957.6760804316278,6,7,1.96,170.48,6,0,1,66,106109,consensus,/maintenance/ICIGDev/GPUPOC/output/output297/win2048_nfauto/band1_toL8Ref/filtered_same-res_disk_epipolar
263,band1,win2048_nfauto,imw-gim-roma,internal,magsac90,422.1720650351182,163.71311374037063,-86.31036588346235,953.037452380119,6,7,2.446,207.9,6,0,1,72,122161,consensus,/maintenance/ICIGDev/GPUPOC/output/output297/win2048_nfauto/band1_toL8Ref/filtered_same-res_imw-gim-roma
264,band1,win2048_nfauto,disk_depth,smnn0.95,lmeds90,423.40780930601215,183.57570834485827,-107.07521268522457,940.8338162778258,6,7,1.636,142.34,6,0,1,70,60547,consensus,/maintenance/ICIGDev/GPUPOC/output/output297/win2048_nfauto/band1_toL8Ref/filtered_same-res_disk_depth
265,band1,win2048_nfauto,disk_epipolar,nn,ransac90,430.14723971453225,157.32570834485827,-125.82521268522457,966.2029707201691,6,7,1.96,170.48,6,0,1,70,83346,consensus,/maintenance/ICIGDev/GPUPOC/output/output297/win2048_nfauto/band1_toL8Ref/filtered_same-res_disk_epipolar
266,band1,win2048_nfauto,disk_epipolar,mnn,accurate90,436.47229627554685,164.82570834485827,-99.57521268522457,992.9642951310294,6,7,1.636,142.29,6,0,1,70,93363,consensus,/maintenance/ICIGDev/GPUPOC/output/output297/win2048_nfauto/band1_toL8Ref/filtered_same-res_disk_epipolar
267,band1,win2048_nfauto,imw-liftfeat-nn,internal,accurate90,440.6380399232196,133.6442389281959,-112.0963384131328,981.2092755661961,6,7,2.247,195.49,5,1,1,74,32200,consensus,/maintenance/ICIGDev/GPUPOC/output/output297/win2048_nfauto/band1_toL8Ref/filtered_same-res_imw-liftfeat-nn
268,band1,win2048_nfauto,disk_epipolar,smnn0.9,magsac90,447.91242763082755,198.57570834485827,-92.07521268522457,986.7235609873051,6,7,2.062,179.37,6,0,1,75,36760,consensus,/maintenance/ICIGDev/GPUPOC/output/output297/win2048_nfauto/band1_toL8Ref/filtered_same-res_disk_epipolar
269,band1,win2048_nfauto,disk_epipolar,mnn,ransac90,449.3283290467249,198.57570834485827,-99.57521268522457,1021.0083262058367,6,7,1.636,142.29,6,0,1,73,82905,consensus,/maintenance/ICIGDev/GPUPOC/output/output297/win2048_nfauto/band1_toL8Ref/filtered_same-res_disk_epipolar
270,band1,win2048_nfauto,imw-liftfeat-nn,internal,ransac90,449.39967039900586,89.93228171885191,-80.84655332841128,1046.0497193420294,6,7,2.247,195.49,6,0,1,74,27538,consensus,/maintenance/ICIGDev/GPUPOC/output/output297/win2048_nfauto/band1_toL8Ref/filtered_same-res_imw-liftfeat-nn
271,band1,win2048_nfauto,loftr,loftr_internal,lmeds90,757.0994529539691,-130.99838827127505,499.3044542396069,1488.0507461513196,6,7,6.798,183.55,2,4,1,21,12341,consensus,/maintenance/ICIGDev/GPUPOC/output/output297/win2048_nfauto/band1_toL8Ref/filtered_same-res_loftr
272,band1,win2048_nfauto,dedode_L-upright_B-upright,ada,accurate90,1365.0751093504223,-550.3191183672114,153.4912866760143,3279.9856575709173,6,7,2.942,220.63,2,4,1,61,23206,consensus,/maintenance/ICIGDev/GPUPOC/output/output297/win2048_nfauto/band1_toL8Ref/filtered_same-res_dedode_L-upright_B-upright
273,band1,win2048_nfauto,hessian,nn,ransac90,1876.7721091804794,-362.9483516967457,-910.4679760274024,3433.593539541426,6,7,1.621,141.01,2,4,1,87,5112,consensus,/maintenance/ICIGDev/GPUPOC/output/output297/win2048_nfauto/band1_toL8Ref/filtered_same-res_hessian
274,band1,win2048_nfauto,imw-gim-dkm,internal,lmeds90,3078.824786699804,498.89507762924524,-42.86087327413512,7073.898628501289,6,7,3.833,237.64,5,1,1,49,102161,consensus,/maintenance/ICIGDev/GPUPOC/output/output297/win2048_nfauto/band1_toL8Ref/filtered_same-res_imw-gim-dkm
275,band1,win2048_nfauto,dedode_L-C4-v2_B-C4,mnn,lmeds90,3633.4483628207763,4.027823103645763,-1434.8774812871786,8887.351685309039,6,7,2.405,206.84,6,0,1,53,52409,consensus,/maintenance/ICIGDev/GPUPOC/output/output297/win2048_nfauto/band1_toL8Ref/filtered_same-res_dedode_L-C4-v2_B-C4
276,band1,win2048_nfauto,hessian,nn,accurate90,3771.8795905225315,1686.7287918460431,1446.897795899822,6648.209513932763,6,7,1.621,141.01,4,2,1,73,10520,consensus,/maintenance/ICIGDev/GPUPOC/output/output297/win2048_nfauto/band1_toL8Ref/filtered_same-res_hessian
277,band1,win2048_nfauto,imw-gim-dkm,internal,accurate90,3813.696471291099,955.9793158191663,433.7373751768767,7101.315841596042,6,7,3.833,237.64,3,3,1,49,81408,consensus,/maintenance/ICIGDev/GPUPOC/output/output297/win2048_nfauto/band1_toL8Ref/filtered_same-res_imw-gim-dkm
278,band1,win2048_nfauto,keynet,nn,accurate90,4436.564482526027,1898.0118183617972,233.34401066338614,10856.66615786907,6,7,1.393,121.19,5,1,1,81,24640,consensus,/maintenance/ICIGDev/GPUPOC/output/output297/win2048_nfauto/band1_toL8Ref/filtered_same-res_keynet
279,band1,win2048_nfauto,sift,nn,ransac90,4815.511078680223,-2881.510175634115,401.6819408125266,7353.361805918697,6,7,1.253,109.02,1,5,1,86,17248,consensus,/maintenance/ICIGDev/GPUPOC/output/output297/win2048_nfauto/band1_toL8Ref/filtered_same-res_sift
280,band1,win2048_nfauto,dog_hardnet,nn,accurate90,4972.672630278433,1568.8353486281421,872.6769697052683,10130.53341054279,6,7,1.285,111.81,1,5,1,73,15602,consensus,/maintenance/ICIGDev/GPUPOC/output/output297/win2048_nfauto/band1_toL8Ref/filtered_same-res_dog_hardnet
281,band1,win2048_nfauto,dedode_L-C4_B-C4,ada,accurate90,8630.613428058452,-1516.9203665692287,-3064.1844865655803,21123.88711803755,6,7,3.872,224.55,2,4,1,57,21553,consensus,/maintenance/ICIGDev/GPUPOC/output/output297/win2048_nfauto/band1_toL8Ref/filtered_same-res_dedode_L-C4_B-C4
282,band1,win2048_nfauto,gftt,nn,accurate90,9597.668877975477,5234.838686269606,-53.8939295377016,21329.77510906939,6,7,1.129,98.2,4,2,1,78,15719,consensus,/maintenance/ICIGDev/GPUPOC/output/output297/win2048_nfauto/band1_toL8Ref/filtered_same-res_gftt
283,band1,win2048_nfauto,dedode_L-upright_B-C4,fginn,lmeds90,9789.100477249769,-734.5986315774377,-2120.5821205045027,19280.034314508477,6,7,2.478,208.16,0,6,1,15,486,consensus,/maintenance/ICIGDev/GPUPOC/output/output297/win2048_nfauto/band1_toL8Ref/filtered_same-res_dedode_L-upright_B-C4
284,band1,win2048_nfauto,dedode_L-upright_B-C4,ada,accurate90,10668.164119295208,1925.8598650386873,-4182.748872411043,20562.195431905275,6,7,2.826,220.4,4,2,1,76,36377,consensus,/maintenance/ICIGDev/GPUPOC/output/output297/win2048_nfauto/band1_toL8Ref/filtered_same-res_dedode_L-upright_B-C4
285,band1,win2048_nfauto,gftt,nn,magsac90,14412.793469438086,112.23528521364854,4984.539644872005,22630.967856450246,6,7,1.129,98.2,1,5,1,66,9376,consensus,/maintenance/ICIGDev/GPUPOC/output/output297/win2048_nfauto/band1_toL8Ref/filtered_same-res_gftt
286,band1,win2048_nfauto,sift,nn,accurate90,15430.486101536659,222.4453048759589,5621.415330609786,37001.932201813426,6,7,1.253,109.02,3,3,1,82,82945,consensus,/maintenance/ICIGDev/GPUPOC/output/output297/win2048_nfauto/band1_toL8Ref/filtered_same-res_sift
287,band1,win2048_nfauto,dedode_L-upright_B-upright,nn,ransac90,15871.154743267422,622.2200919903947,595.1131250073113,30644.715420864104,6,7,2.893,248.76,3,3,1,86,51346,consensus,/maintenance/ICIGDev/GPUPOC/output/output297/win2048_nfauto/band1_toL8Ref/filtered_same-res_dedode_L-upright_B-upright
288,band1,win2048_nfauto,dedode_L-upright_B-C4,nn,accurate90,16896.427162116343,-6168.471719132685,-478.6273377890011,34666.063193796654,6,7,2.916,244.94,6,0,1,84,95063,consensus,/maintenance/ICIGDev/GPUPOC/output/output297/win2048_nfauto/band1_toL8Ref/filtered_same-res_dedode_L-upright_B-C4
289,band1,win2048_nfauto,dedode_L-upright_B-C4,nn,magsac90,20778.19518002363,1044.7563850067065,-656.1514617005299,34666.063193796654,6,7,2.916,244.94,3,3,1,84,70957,consensus,/maintenance/ICIGDev/GPUPOC/output/output297/win2048_nfauto/band1_toL8Ref/filtered_same-res_dedode_L-upright_B-C4
290,band1,win2048_nfauto,dedode_L-C4-v2_B-upright,nn,ransac90,25612.46134139432,6846.414431120321,11788.800660060335,58251.70717455466,6,7,2.852,245.23,2,4,1,86,21210,consensus,/maintenance/ICIGDev/GPUPOC/output/output297/win2048_nfauto/band1_toL8Ref/filtered_same-res_dedode_L-C4-v2_B-upright
291,band1,win2048_nfauto,dedode_L-C4-v2_B-C4,nn,accurate90,29148.351044517876,5768.243610398539,17942.96672844979,56226.249493673655,6,7,2.871,246.9,4,2,1,85,61462,consensus,/maintenance/ICIGDev/GPUPOC/output/output297/win2048_nfauto/band1_toL8Ref/filtered_same-res_dedode_L-C4-v2_B-C4
292,band1,win2048_nfauto,dedode_L-C4-v2_B-upright,nn,magsac90,34475.787684300856,4369.912160544334,9798.556553190005,61464.16800940685,6,7,2.852,245.23,4,2,1,84,53943,consensus,/maintenance/ICIGDev/GPUPOC/output/output297/win2048_nfauto/band1_toL8Ref/filtered_same-res_dedode_L-C4-v2_B-upright
293,band1,win2048_nfauto,dedode_L-C4-v2_B-C4,nn,magsac90,42268.125270211516,4643.011614127811,25639.990340163113,80397.39389232444,6,7,2.871,246.9,4,2,1,82,45100,consensus,/maintenance/ICIGDev/GPUPOC/output/output297/win2048_nfauto/band1_toL8Ref/filtered_same-res_dedode_L-C4-v2_B-C4
294,band1,win2048_nfauto,imw-aspanformer,internal,magsac90,223.18426221003236,52.258823809558635,12.605885340228088,396.1355397498076,5,7,16.069,321.38,1,4,2,17,8798,consensus,/maintenance/ICIGDev/GPUPOC/output/output297/win2048_nfauto/band1_toL8Ref/filtered_same-res_imw-aspanformer
295,band1,win2048_nfauto,loftr,loftr_internal,magsac90,238.34687403051618,62.353045480980015,27.455668325691477,402.7238664231795,5,7,6.798,183.55,1,4,2,23,5696,consensus,/maintenance/ICIGDev/GPUPOC/output/output297/win2048_nfauto/band1_toL8Ref/filtered_same-res_loftr
296,band1,win2048_nfauto,imw-eloftr,internal,ransac90,239.33959221329795,41.7279262129684,44.36382121508177,414.46033268764614,5,7,8.314,166.29,1,4,2,18,6430,consensus,/maintenance/ICIGDev/GPUPOC/output/output297/win2048_nfauto/band1_toL8Ref/filtered_same-res_imw-eloftr
297,band1,win2048_nfauto,imw-aspanformer,internal,accurate90,241.7103957701157,57.03597560245608,7.085661619236452,442.7117945665913,5,7,16.069,321.38,1,4,2,17,10218,consensus,/maintenance/ICIGDev/GPUPOC/output/output297/win2048_nfauto/band1_toL8Ref/filtered_same-res_imw-aspanformer
298,band1,win2048_nfauto,imw-eloftr,internal,lmeds90,244.68106974390517,31.763546517277973,40.45994070342658,427.6095183433166,5,7,8.314,166.29,1,4,2,18,11006,consensus,/maintenance/ICIGDev/GPUPOC/output/output297/win2048_nfauto/band1_toL8Ref/filtered_same-res_imw-eloftr
299,band1,win2048_nfauto,imw-eloftr,internal,accurate90,245.31511155802772,68.46481038640596,41.51217256647506,434.21220282095345,5,7,8.314,166.29,1,4,2,18,7494,consensus,/maintenance/ICIGDev/GPUPOC/output/output297/win2048_nfauto/band1_toL8Ref/filtered_same-res_imw-eloftr
300,band1,win2048_nfauto,loftr,loftr_internal,ransac90,247.06641710727942,8.836717173356647,52.90549187730157,377.9075857341429,5,7,6.798,183.55,1,4,2,23,5363,consensus,/maintenance/ICIGDev/GPUPOC/output/output297/win2048_nfauto/band1_toL8Ref/filtered_same-res_loftr
301,band1,win2048_nfauto,loftr,loftr_internal,accurate90,252.341006266343,58.59752800421711,28.13112592100533,447.56534238734287,5,7,6.798,183.55,1,4,2,24,6233,consensus,/maintenance/ICIGDev/GPUPOC/output/output297/win2048_nfauto/band1_toL8Ref/filtered_same-res_loftr
302,band1,win2048_nfauto,imw-eloftr,internal,magsac90,255.9895133502577,53.41005676519317,60.35440088974083,428.4351743971362,5,7,8.314,166.29,1,4,2,18,6819,consensus,/maintenance/ICIGDev/GPUPOC/output/output297/win2048_nfauto/band1_toL8Ref/filtered_same-res_imw-eloftr
303,band1,win2048_nfauto,dedode_L-C4_B-upright,smnn0.95,magsac90,274.50617343156665,56.01654354400607,-62.205479990530876,473.90983671781197,5,7,2.685,220.17,0,5,2,28,331,consensus,/maintenance/ICIGDev/GPUPOC/output/output297/win2048_nfauto/band1_toL8Ref/filtered_same-res_dedode_L-C4_B-upright
304,band1,win2048_nfauto,dedode_L-upright_B-C4,mnn,magsac90,293.5180893079765,14.024449275859842,-39.459946650000894,560.1318418424876,5,7,2.465,207.07,4,1,2,64,11248,consensus,/maintenance/ICIGDev/GPUPOC/output/output297/win2048_nfauto/band1_toL8Ref/filtered_same-res_dedode_L-upright_B-C4
305,band1,win2048_nfauto,dedode_L-C4_B-upright,smnn0.95,lmeds90,295.009891996985,31.54835940564026,12.829643542965277,481.7546340424525,5,7,2.685,220.17,0,5,2,45,982,consensus,/maintenance/ICIGDev/GPUPOC/output/output297/win2048_nfauto/band1_toL8Ref/filtered_same-res_dedode_L-C4_B-upright
306,band1,win2048_nfauto,dedode_L-C4_B-upright,smnn0.95,accurate90,297.328782935727,17.753784876837745,-10.093243837817317,485.31912897833877,5,7,2.685,220.17,0,5,2,33,420,consensus,/maintenance/ICIGDev/GPUPOC/output/output297/win2048_nfauto/band1_toL8Ref/filtered_same-res_dedode_L-C4_B-upright
307,band1,win2048_nfauto,dedode_L-C4_B-upright,mnn,ransac90,302.24236647187166,4.429480307318499,-9.320553870264485,564.2558059096837,5,7,2.401,206.45,2,3,2,63,7397,consensus,/maintenance/ICIGDev/GPUPOC/output/output297/win2048_nfauto/band1_toL8Ref/filtered_same-res_dedode_L-C4_B-upright
308,band1,win2048_nfauto,dedode_L-C4_B-C4,smnn0.95,lmeds90,303.1463867679555,-12.126501355375968,32.28510183505678,532.3785404977856,5,7,2.754,223.06,1,4,2,42,1430,consensus,/maintenance/ICIGDev/GPUPOC/output/output297/win2048_nfauto/band1_toL8Ref/filtered_same-res_dedode_L-C4_B-C4
309,band1,win2048_nfauto,dedode_L-upright_B-C4,smnn0.95,ransac90,318.1548196214416,116.5644470960552,-73.8625126359284,589.0130861760562,5,7,2.786,220.07,0,5,2,40,672,consensus,/maintenance/ICIGDev/GPUPOC/output/output297/win2048_nfauto/band1_toL8Ref/filtered_same-res_dedode_L-upright_B-C4
310,band1,win2048_nfauto,dedode_L-upright_B-C4,smnn0.95,accurate90,321.150278004345,110.16212618257904,-81.31753053931989,572.9629733881128,5,7,2.786,220.07,0,5,2,39,726,consensus,/maintenance/ICIGDev/GPUPOC/output/output297/win2048_nfauto/band1_toL8Ref/filtered_same-res_dedode_L-upright_B-C4
311,band1,win2048_nfauto,gftt,mnn,magsac90,321.35487955772567,123.69591889682643,-80.16308051523428,636.1518358660499,5,7,0.915,79.59,3,2,2,66,6673,consensus,/maintenance/ICIGDev/GPUPOC/output/output297/win2048_nfauto/band1_toL8Ref/filtered_same-res_gftt
312,band1,win2048_nfauto,dedode_L-upright_B-C4,smnn0.95,magsac90,323.53623555760987,101.06465597396246,-73.99838241961807,570.4582196291561,5,7,2.786,220.07,0,5,2,35,579,consensus,/maintenance/ICIGDev/GPUPOC/output/output297/win2048_nfauto/band1_toL8Ref/filtered_same-res_dedode_L-upright_B-C4
313,band1,win2048_nfauto,dedode_L-C4_B-C4,mnn,accurate90,329.6316832295832,126.79517778519667,-114.7061294647292,625.7527135855673,5,7,2.411,209.72,3,2,2,64,11192,consensus,/maintenance/ICIGDev/GPUPOC/output/output297/win2048_nfauto/band1_toL8Ref/filtered_same-res_dedode_L-C4_B-C4
314,band1,win2048_nfauto,gftt,fginn,magsac90,332.32276915543224,98.38479112429386,-48.864952503530546,683.935151374862,5,7,0.879,76.46,0,5,2,50,1077,consensus,/maintenance/ICIGDev/GPUPOC/output/output297/win2048_nfauto/band1_toL8Ref/filtered_same-res_gftt
315,band1,win2048_nfauto,imw-ripe-nn,internal,magsac90,335.90705374161485,167.61776014581056,-137.531300332542,657.504605691051,5,7,3.498,307.82,1,4,2,51,2371,consensus,/maintenance/ICIGDev/GPUPOC/output/output297/win2048_nfauto/band1_toL8Ref/filtered_same-res_imw-ripe-nn
316,band1,win2048_nfauto,disk_depth,ada,ransac90,337.5705996657577,131.64057111822768,-69.42851402464566,671.867244410981,5,7,1.798,152.81,3,2,2,68,62805,consensus,/maintenance/ICIGDev/GPUPOC/output/output297/win2048_nfauto/band1_toL8Ref/filtered_same-res_disk_depth
317,band1,win2048_nfauto,imw-r2d2-nn,internal,magsac90,343.6134835580918,135.44481520310472,-60.6873747926993,691.2390169328528,5,7,2.19,186.19,4,1,2,75,13839,consensus,/maintenance/ICIGDev/GPUPOC/output/output297/win2048_nfauto/band1_toL8Ref/filtered_same-res_imw-r2d2-nn
318,band1,win2048_nfauto,gftt,mnn,ransac90,345.17698272691865,151.95478370177608,-64.09868871161015,669.4488187671037,5,7,0.915,79.59,4,1,2,71,7260,consensus,/maintenance/ICIGDev/GPUPOC/output/output297/win2048_nfauto/band1_toL8Ref/filtered_same-res_gftt
319,band1,win2048_nfauto,imw-xfeat-dense,internal,accurate90,346.0745969783631,74.78531180401387,-45.9469442864307,689.3523813381358,5,7,1.715,147.53,3,2,2,72,8654,consensus,/maintenance/ICIGDev/GPUPOC/output/output297/win2048_nfauto/band1_toL8Ref/filtered_same-res_imw-xfeat-dense
320,band1,win2048_nfauto,imw-xfeat-lg,internal,lmeds90,347.8808958165418,108.60192933880217,-64.04002350841274,704.6063088497198,5,7,1.823,142.22,3,2,2,72,15472,consensus,/maintenance/ICIGDev/GPUPOC/output/output297/win2048_nfauto/band1_toL8Ref/filtered_same-res_imw-xfeat-lg
321,band1,win2048_nfauto,disk_depth,fginn,lmeds90,351.3008981953087,180.67325982155324,-130.96044319348093,657.6654848265013,5,7,1.487,129.36,2,3,2,54,5138,consensus,/maintenance/ICIGDev/GPUPOC/output/output297/win2048_nfauto/band1_toL8Ref/filtered_same-res_disk_depth
322,band1,win2048_nfauto,hessian,mnn,ransac90,351.3639653497445,123.21046502033933,-53.40138644458784,643.7679221203898,5,7,1.174,102.11,4,1,2,62,9082,consensus,/maintenance/ICIGDev/GPUPOC/output/output297/win2048_nfauto/band1_toL8Ref/filtered_same-res_hessian
323,band1,win2048_nfauto,hessian,fginn,ransac90,353.3197665942503,136.16894670827224,-117.98744128279722,711.7778938708497,5,7,1.112,96.76,0,5,2,62,1847,consensus,/maintenance/ICIGDev/GPUPOC/output/output297/win2048_nfauto/band1_toL8Ref/filtered_same-res_hessian
324,band1,win2048_nfauto,dedode_L-C4-v2_B-C4,smnn0.95,accurate90,353.32348669761075,70.27507973354359,-51.92321730733529,610.4548346983554,5,7,2.591,220.24,1,4,2,65,3051,consensus,/maintenance/ICIGDev/GPUPOC/output/output297/win2048_nfauto/band1_toL8Ref/filtered_same-res_dedode_L-C4-v2_B-C4
325,band1,win2048_nfauto,dedode_L-C4-v2_B-C4,smnn0.95,lmeds90,353.48477442776726,35.98767577227481,-15.508831270715564,606.0070726630161,5,7,2.591,220.24,4,1,2,69,7614,consensus,/maintenance/ICIGDev/GPUPOC/output/output297/win2048_nfauto/band1_toL8Ref/filtered_same-res_dedode_L-C4-v2_B-C4
326,band1,win2048_nfauto,imw-omniglue,internal,accurate90,355.3990809104037,84.469992051981,-55.663103423585746,680.9388013653084,5,7,37.294,2498.71,2,3,2,61,5225,consensus,/maintenance/ICIGDev/GPUPOC/output/output297/win2048_nfauto/band1_toL8Ref/filtered_same-res_imw-omniglue
327,band1,win2048_nfauto,imw-xfeat-dense,internal,ransac90,355.53634965119875,65.25576472958656,-46.674719909559826,709.8220375087855,5,7,1.715,147.53,3,2,2,72,7309,consensus,/maintenance/ICIGDev/GPUPOC/output/output297/win2048_nfauto/band1_toL8Ref/filtered_same-res_imw-xfeat-dense
328,band1,win2048_nfauto,dedode_L-C4-v2_B-C4,smnn0.95,ransac90,355.54864690935386,77.51778650769911,-26.11094985470554,616.000757224277,5,7,2.591,220.24,0,5,2,65,2691,consensus,/maintenance/ICIGDev/GPUPOC/output/output297/win2048_nfauto/band1_toL8Ref/filtered_same-res_dedode_L-C4-v2_B-C4
329,band1,win2048_nfauto,dedode_L-C4-v2_B-C4,mnn,ransac90,355.75569775503186,3.585805925139721,-35.19790761386393,629.9655986533312,5,7,2.405,206.84,4,1,2,73,15355,consensus,/maintenance/ICIGDev/GPUPOC/output/output297/win2048_nfauto/band1_toL8Ref/filtered_same-res_dedode_L-C4-v2_B-C4
330,band1,win2048_nfauto,imw-xfeat-lg,internal,accurate90,356.2673944282256,107.76395270320408,-63.88949921705189,722.0927036525985,5,7,1.823,142.22,3,2,2,72,8533,consensus,/maintenance/ICIGDev/GPUPOC/output/output297/win2048_nfauto/band1_toL8Ref/filtered_same-res_imw-xfeat-lg
331,band1,win2048_nfauto,disk_depth,nn,ransac90,356.8227832092616,147.51691928265026,-80.10144842020964,729.2120708167836,5,7,2.036,177.16,3,2,2,62,41542,consensus,/maintenance/ICIGDev/GPUPOC/output/output297/win2048_nfauto/band1_toL8Ref/filtered_same-res_disk_depth
332,band1,win2048_nfauto,dedode_L-C4-v2_B-C4,mnn,magsac90,357.00363976726004,29.45936182720707,-23.037472274403445,656.5699048428802,5,7,2.405,206.84,4,1,2,74,15400,consensus,/maintenance/ICIGDev/GPUPOC/output/output297/win2048_nfauto/band1_toL8Ref/filtered_same-res_dedode_L-C4-v2_B-C4
333,band1,win2048_nfauto,gftt,smnn0.95,accurate90,360.71103365188725,146.83891227446384,-60.97561516538117,709.2119426273588,5,7,0.94,81.75,4,1,2,72,6147,consensus,/maintenance/ICIGDev/GPUPOC/output/output297/win2048_nfauto/band1_toL8Ref/filtered_same-res_gftt
334,band1,win2048_nfauto,gftt,snn,ransac90,360.79274652346066,134.68624513924578,-103.97577125473072,743.3194298514,5,7,0.971,76.68,0,5,2,57,1219,consensus,/maintenance/ICIGDev/GPUPOC/output/output297/win2048_nfauto/band1_toL8Ref/filtered_same-res_gftt
335,band1,win2048_nfauto,imw-xfeat-dense,internal,magsac90,363.2013737343677,86.78320041263923,-53.47925961669553,720.3728706160944,5,7,1.715,147.53,3,2,2,72,7154,consensus,/maintenance/ICIGDev/GPUPOC/output/output297/win2048_nfauto/band1_toL8Ref/filtered_same-res_imw-xfeat-dense
336,band1,win2048_nfauto,gftt,fginn,ransac90,364.83329831260147,173.73448990402113,-126.98047579749837,710.3900317791532,5,7,0.879,76.46,0,5,2,58,1229,consensus,/maintenance/ICIGDev/GPUPOC/output/output297/win2048_nfauto/band1_toL8Ref/filtered_same-res_gftt
337,band1,win2048_nfauto,hessian,smnn0.95,ransac90,365.45896194665323,159.14747128235777,-108.48645722753773,728.9368616369934,5,7,1.248,108.54,4,1,2,71,7569,consensus,/maintenance/ICIGDev/GPUPOC/output/output297/win2048_nfauto/band1_toL8Ref/filtered_same-res_hessian
338,band1,win2048_nfauto,dog_hardnet,smnn0.95,magsac90,366.49016705199114,153.6696796986298,-80.6336015517265,729.2173437807999,5,7,0.966,84.02,4,1,2,69,9678,consensus,/maintenance/ICIGDev/GPUPOC/output/output297/win2048_nfauto/band1_toL8Ref/filtered_same-res_dog_hardnet
339,band1,win2048_nfauto,sift,mnn,magsac90,368.93858386446857,180.33710515565463,-137.80917151748162,723.4062126984377,5,7,0.827,71.97,3,2,2,70,7176,consensus,/maintenance/ICIGDev/GPUPOC/output/output297/win2048_nfauto/band1_toL8Ref/filtered_same-res_sift
340,band1,win2048_nfauto,dedode_L-C4-v2_B-C4,smnn0.9,ransac90,369.57972745043503,-10.15290998784867,65.77157946993648,431.3001381012376,5,7,4.202,289.91,0,5,2,35,569,consensus,/maintenance/ICIGDev/GPUPOC/output/output297/win2048_nfauto/band1_toL8Ref/filtered_same-res_dedode_L-C4-v2_B-C4
341,band1,win2048_nfauto,sift,mnn,ransac90,371.2109528118964,152.72316167322396,-138.24483030404735,752.3513633561412,5,7,0.827,71.97,3,2,2,70,7365,consensus,/maintenance/ICIGDev/GPUPOC/output/output297/win2048_nfauto/band1_toL8Ref/filtered_same-res_sift
342,band1,win2048_nfauto,gftt,mnn,accurate90,371.7688709350114,162.42536104022184,-67.98063162564904,736.1166716195108,5,7,0.915,79.59,4,1,2,72,10687,consensus,/maintenance/ICIGDev/GPUPOC/output/output297/win2048_nfauto/band1_toL8Ref/filtered_same-res_gftt
343,band1,win2048_nfauto,gftt,smnn0.9,ransac90,372.5726719381274,119.86746058437438,-123.41097513181049,744.9630474541565,5,7,11.588,1008.19,1,4,2,70,3005,consensus,/maintenance/ICIGDev/GPUPOC/output/output297/win2048_nfauto/band1_toL8Ref/filtered_same-res_gftt
344,band1,win2048_nfauto,imw-omniglue,internal,lmeds90,373.44347680488573,94.27588533092748,-68.57381965767817,731.2682114831053,5,7,37.294,2498.71,2,3,2,62,9124,consensus,/maintenance/ICIGDev/GPUPOC/output/output297/win2048_nfauto/band1_toL8Ref/filtered_same-res_imw-omniglue
345,band1,win2048_nfauto,dog_hardnet,smnn0.9,magsac90,375.0183806239422,161.58600714115772,-127.75775077790313,749.9037143593971,5,7,11.423,993.83,3,2,2,70,5489,consensus,/maintenance/ICIGDev/GPUPOC/output/output297/win2048_nfauto/band1_toL8Ref/filtered_same-res_dog_hardnet
346,band1,win2048_nfauto,imw-omniglue,internal,ransac90,375.66465166205285,175.38584787089275,-75.07673529290096,722.7071555166237,5,7,37.294,2498.71,2,3,2,61,4499,consensus,/maintenance/ICIGDev/GPUPOC/output/output297/win2048_nfauto/band1_toL8Ref/filtered_same-res_imw-omniglue
347,band1,win2048_nfauto,gftt,smnn0.95,ransac90,378.9182601739699,187.24177639911585,-115.96937411448725,741.4608484081622,5,7,0.94,81.75,3,2,2,72,5478,consensus,/maintenance/ICIGDev/GPUPOC/output/output297/win2048_nfauto/band1_toL8Ref/filtered_same-res_gftt
348,band1,win2048_nfauto,gftt,smnn0.95,magsac90,381.18208985426844,141.6493465242691,-67.9930579114105,763.247770641868,5,7,0.94,81.75,3,2,2,71,5173,consensus,/maintenance/ICIGDev/GPUPOC/output/output297/win2048_nfauto/band1_toL8Ref/filtered_same-res_gftt
349,band1,win2048_nfauto,disk_depth,fginn,magsac90,382.55469277019927,193.14917168427237,-144.14146676442851,717.4425491259705,5,7,1.487,129.36,2,3,2,55,3095,consensus,/maintenance/ICIGDev/GPUPOC/output/output297/win2048_nfauto/band1_toL8Ref/filtered_same-res_disk_depth
350,band1,win2048_nfauto,disk_depth,fginn,ransac90,383.72831500172197,197.69219084094584,-146.9438351812809,703.1204526699395,5,7,1.487,129.36,2,3,2,55,3061,consensus,/maintenance/ICIGDev/GPUPOC/output/output297/win2048_nfauto/band1_toL8Ref/filtered_same-res_disk_depth
351,band1,win2048_nfauto,hessian,smnn0.95,magsac90,385.2009579718561,216.2283381089337,-160.2490409329501,684.3381138863836,5,7,1.248,108.54,3,2,2,71,7209,consensus,/maintenance/ICIGDev/GPUPOC/output/output297/win2048_nfauto/band1_toL8Ref/filtered_same-res_hessian
352,band1,win2048_nfauto,gftt,smnn0.9,accurate90,387.7699949690903,150.87674659573403,-134.9194197130035,755.0194007883301,5,7,11.588,1008.19,2,3,2,70,3283,consensus,/maintenance/ICIGDev/GPUPOC/output/output297/win2048_nfauto/band1_toL8Ref/filtered_same-res_gftt
353,band1,win2048_nfauto,gftt,fginn,accurate90,389.7338636671758,145.2720733692926,-120.86504773677589,797.8931120693146,5,7,0.879,76.46,0,5,2,57,1354,consensus,/maintenance/ICIGDev/GPUPOC/output/output297/win2048_nfauto/band1_toL8Ref/filtered_same-res_gftt
354,band1,win2048_nfauto,gftt,smnn0.9,magsac90,390.98771090953585,150.14782970545284,-130.3828757365847,750.4494556156645,5,7,11.588,1008.19,2,3,2,68,2758,consensus,/maintenance/ICIGDev/GPUPOC/output/output297/win2048_nfauto/band1_toL8Ref/filtered_same-res_gftt
355,band1,win2048_nfauto,dedode_L-C4-v2_B-C4,ada,ransac90,393.8371927602596,-56.96881590398643,-12.324409461347205,659.6156452004675,5,7,3.454,221.04,3,2,2,41,15333,consensus,/maintenance/ICIGDev/GPUPOC/output/output297/win2048_nfauto/band1_toL8Ref/filtered_same-res_dedode_L-C4-v2_B-C4
356,band1,win2048_nfauto,imw-omniglue,internal,magsac90,398.078753416489,119.10675177602953,-118.02853031940813,779.9788534223632,5,7,37.294,2498.71,1,4,2,61,4358,consensus,/maintenance/ICIGDev/GPUPOC/output/output297/win2048_nfauto/band1_toL8Ref/filtered_same-res_imw-omniglue
357,band1,win2048_nfauto,imw-darkfeat-nn,internal,magsac90,399.792792499034,91.85260035176307,-158.17695963550796,805.8733010560741,5,7,2.039,175.33,3,2,2,61,10195,consensus,/maintenance/ICIGDev/GPUPOC/output/output297/win2048_nfauto/band1_toL8Ref/filtered_same-res_imw-darkfeat-nn
358,band1,win2048_nfauto,gftt,snn,accurate90,400.7892856247863,164.83591803909493,-128.40517105084547,790.8806667698617,5,7,0.971,76.68,0,5,2,57,1359,consensus,/maintenance/ICIGDev/GPUPOC/output/output297/win2048_nfauto/band1_toL8Ref/filtered_same-res_gftt
359,band1,win2048_nfauto,hessian,fginn,magsac90,406.3641664807289,177.13803117036394,-142.9118512508543,728.0004251075613,5,7,1.112,96.76,0,5,2,60,1672,consensus,/maintenance/ICIGDev/GPUPOC/output/output297/win2048_nfauto/band1_toL8Ref/filtered_same-res_hessian
360,band1,win2048_nfauto,hessian,snn,magsac90,421.49496495720166,163.64047477049388,-142.1740070331378,782.4982064155807,5,7,1.14,96.93,0,5,2,58,1676,consensus,/maintenance/ICIGDev/GPUPOC/output/output297/win2048_nfauto/band1_toL8Ref/filtered_same-res_hessian
361,band1,win2048_nfauto,imw-r2d2-nn,internal,accurate90,429.89929673837224,142.5353874919154,-95.01487662391246,913.5376760877891,5,7,2.19,186.19,5,0,2,75,16646,consensus,/maintenance/ICIGDev/GPUPOC/output/output297/win2048_nfauto/band1_toL8Ref/filtered_same-res_imw-r2d2-nn
362,band1,win2048_nfauto,imw-alike-nn,internal,lmeds90,442.9540753218095,245.11425353006817,-226.1852723961547,773.3258612875285,5,7,1.828,160.83,0,5,2,55,2742,consensus,/maintenance/ICIGDev/GPUPOC/output/output297/win2048_nfauto/band1_toL8Ref/filtered_same-res_imw-alike-nn
363,band1,win2048_nfauto,dedode_L-C4-v2_B-upright,lgm,lmeds90,502.6678267908464,233.90055057209128,-139.83749177831652,756.6341508808152,5,7,10.248,235.7,1,4,2,22,55133,consensus,/maintenance/ICIGDev/GPUPOC/output/output297/win2048_nfauto/band1_toL8Ref/filtered_same-res_dedode_L-C4-v2_B-upright
364,band1,win2048_nfauto,dedode_L-upright_B-upright,fginn,magsac90,524.9933478904176,229.24096541850676,-276.26125753083,833.9582672446072,5,7,2.421,208.24,0,5,2,19,1819,consensus,/maintenance/ICIGDev/GPUPOC/output/output297/win2048_nfauto/band1_toL8Ref/filtered_same-res_dedode_L-upright_B-upright
365,band1,win2048_nfauto,dedode_L-C4-v2_B-upright,lgm,ransac90,544.8917943703253,299.1123340584155,-216.7237352007578,805.8443105778629,5,7,10.248,235.7,1,4,2,22,14904,consensus,/maintenance/ICIGDev/GPUPOC/output/output297/win2048_nfauto/band1_toL8Ref/filtered_same-res_dedode_L-C4-v2_B-upright
366,band1,win2048_nfauto,dedode_L-upright_B-upright,fginn,lmeds90,566.2847557638141,229.1575786988912,-311.07640400243616,985.9051255402329,5,7,2.421,208.24,0,5,2,20,349,consensus,/maintenance/ICIGDev/GPUPOC/output/output297/win2048_nfauto/band1_toL8Ref/filtered_same-res_dedode_L-upright_B-upright
367,band1,win2048_nfauto,dog_hardnet,lgm,lmeds90,653.7054756996185,-105.82025160795328,140.63860858392235,1353.6424748313473,5,7,3.811,121.95,2,3,2,24,21769,consensus,/maintenance/ICIGDev/GPUPOC/output/output297/win2048_nfauto/band1_toL8Ref/filtered_same-res_dog_hardnet
368,band1,win2048_nfauto,dedode_L-C4_B-upright,ada,ransac90,2263.7845835359176,828.7245553695832,1496.6131211765094,3826.462244043095,5,7,3.399,220.91,1,4,2,64,10225,consensus,/maintenance/ICIGDev/GPUPOC/output/output297/win2048_nfauto/band1_toL8Ref/filtered_same-res_dedode_L-C4_B-upright
369,band1,win2048_nfauto,dedode_L-upright_B-C4,ada,ransac90,3441.752389981147,1741.7575684107546,-62.345235612848775,5957.3475589825375,5,7,2.826,220.4,2,3,2,73,21965,consensus,/maintenance/ICIGDev/GPUPOC/output/output297/win2048_nfauto/band1_toL8Ref/filtered_same-res_dedode_L-upright_B-C4
370,band1,win2048_nfauto,dedode_L-upright_B-C4,fginn,ransac90,4108.986529355857,157.98830031228118,1062.4215792584378,6280.484485274414,5,7,2.478,208.16,0,5,2,15,189,consensus,/maintenance/ICIGDev/GPUPOC/output/output297/win2048_nfauto/band1_toL8Ref/filtered_same-res_dedode_L-upright_B-C4
371,band1,win2048_nfauto,imw-gim-dkm,internal,ransac90,4173.872762825718,2425.8383155133815,84.32800194659266,6932.631770871575,5,7,3.833,237.64,3,2,2,54,72227,consensus,/maintenance/ICIGDev/GPUPOC/output/output297/win2048_nfauto/band1_toL8Ref/filtered_same-res_imw-gim-dkm
372,band1,win2048_nfauto,dedode_L-upright_B-C4,nn,ransac90,4252.992678703674,1979.537207115462,942.3392264073443,9228.95354678141,5,7,2.916,244.94,3,2,2,84,37117,consensus,/maintenance/ICIGDev/GPUPOC/output/output297/win2048_nfauto/band1_toL8Ref/filtered_same-res_dedode_L-upright_B-C4
373,band1,win2048_nfauto,imw-gim-dkm,internal,magsac90,4435.347203095714,2405.968739759125,208.09897036105977,7586.320560691209,5,7,3.833,237.64,3,2,2,56,74348,consensus,/maintenance/ICIGDev/GPUPOC/output/output297/win2048_nfauto/band1_toL8Ref/filtered_same-res_imw-gim-dkm
374,band1,win2048_nfauto,hessian,nn,magsac90,5360.326614958089,405.6075054057263,1827.6448658767374,7924.132965783316,5,7,1.621,141.01,2,3,2,50,2797,consensus,/maintenance/ICIGDev/GPUPOC/output/output297/win2048_nfauto/band1_toL8Ref/filtered_same-res_hessian
375,band1,win2048_nfauto,sift,nn,magsac90,8079.432287125323,-1736.865219040087,-295.01175263833136,12500.768227395682,5,7,1.253,109.02,1,4,2,69,65392,consensus,/maintenance/ICIGDev/GPUPOC/output/output297/win2048_nfauto/band1_toL8Ref/filtered_same-res_sift
376,band1,win2048_nfauto,dedode_L-upright_B-C4,fginn,accurate90,10526.770300039643,-596.2422107652058,-2708.009125069791,21135.201834727388,5,7,2.478,208.16,1,4,2,14,361,consensus,/maintenance/ICIGDev/GPUPOC/output/output297/win2048_nfauto/band1_toL8Ref/filtered_same-res_dedode_L-upright_B-C4
377,band1,win2048_nfauto,dedode_L-upright_B-upright,fginn,ransac90,16570.435852688854,2693.819424946148,13005.784997264684,25547.276424003267,5,7,2.421,208.24,0,5,2,19,251,consensus,/maintenance/ICIGDev/GPUPOC/output/output297/win2048_nfauto/band1_toL8Ref/filtered_same-res_dedode_L-upright_B-upright
378,band1,win2048_nfauto,dedode_L-upright_B-C4,fginn,magsac90,16611.548514840022,-897.3437723648382,-1126.969997584782,23581.13015141395,5,7,2.478,208.16,0,5,2,18,678,consensus,/maintenance/ICIGDev/GPUPOC/output/output297/win2048_nfauto/band1_toL8Ref/filtered_same-res_dedode_L-upright_B-C4
379,band1,win2048_nfauto,imw-xoftr,internal,ransac90,17959.988553181756,13859.858858586387,953.062997199541,29060.395206257977,5,7,8.306,182.73,1,4,2,18,1837,consensus,/maintenance/ICIGDev/GPUPOC/output/output297/win2048_nfauto/band1_toL8Ref/filtered_same-res_imw-xoftr
380,band1,win2048_nfauto,dedode_L-C4-v2_B-C4,nn,ransac90,182.7891323307642,-59.43365482750687,115.22826644395582,289.4354493125569,4,7,2.871,246.9,3,1,3,70,16719,consensus,/maintenance/ICIGDev/GPUPOC/output/output297/win2048_nfauto/band1_toL8Ref/filtered_same-res_dedode_L-C4-v2_B-C4
381,band1,win2048_nfauto,imw-aspanformer,internal,ransac90,242.21679279820043,75.65335358392258,39.0426486387189,342.06452317941313,4,7,16.069,321.38,1,3,3,17,8491,consensus,/maintenance/ICIGDev/GPUPOC/output/output297/win2048_nfauto/band1_toL8Ref/filtered_same-res_imw-aspanformer
382,band1,win2048_nfauto,dedode_L-C4_B-upright,fginn,lmeds90,248.17202146173503,58.04738156657436,4.637158876695366,410.09173174838423,4,7,2.415,207.65,0,4,3,16,268,consensus,/maintenance/ICIGDev/GPUPOC/output/output297/win2048_nfauto/band1_toL8Ref/filtered_same-res_dedode_L-C4_B-upright
383,band1,win2048_nfauto,imw-aspanformer,internal,lmeds90,257.12310362023186,-7.769543409202129,228.4175093183528,289.6470590100511,4,7,16.069,321.38,1,3,3,18,14894,consensus,/maintenance/ICIGDev/GPUPOC/output/output297/win2048_nfauto/band1_toL8Ref/filtered_same-res_imw-aspanformer
384,band1,win2048_nfauto,dedode_L-upright_B-upright,smnn0.95,magsac90,269.93638657164786,60.78818298902388,-77.95572817873926,504.78147808090785,4,7,2.801,221.29,0,4,3,35,469,consensus,/maintenance/ICIGDev/GPUPOC/output/output297/win2048_nfauto/band1_toL8Ref/filtered_same-res_dedode_L-upright_B-upright
385,band1,win2048_nfauto,imw-minima-loftr,internal,magsac90,277.8659975104768,-8.905504684401308,201.01116449100982,458.3209038599912,4,7,28.527,313.8,1,3,3,7,342,consensus,/maintenance/ICIGDev/GPUPOC/output/output297/win2048_nfauto/band1_toL8Ref/filtered_same-res_imw-minima-loftr
386,band1,win2048_nfauto,imw-minima-loftr,internal,lmeds90,291.0794935724084,-35.32296724805087,217.35183814744505,486.8232997608188,4,7,28.527,313.8,1,3,3,7,541,consensus,/maintenance/ICIGDev/GPUPOC/output/output297/win2048_nfauto/band1_toL8Ref/filtered_same-res_imw-minima-loftr
387,band1,win2048_nfauto,imw-minima-loftr,internal,accurate90,291.73472826753687,-32.20096566425855,208.1482749563893,469.0773369226704,4,7,28.527,313.8,1,3,3,7,400,consensus,/maintenance/ICIGDev/GPUPOC/output/output297/win2048_nfauto/band1_toL8Ref/filtered_same-res_imw-minima-loftr
388,band1,win2048_nfauto,imw-minima-loftr,internal,ransac90,293.91470433024637,-26.38960041281007,212.21574721606657,473.6990171164849,4,7,28.527,313.8,1,3,3,7,365,consensus,/maintenance/ICIGDev/GPUPOC/output/output297/win2048_nfauto/band1_toL8Ref/filtered_same-res_imw-minima-loftr
389,band1,win2048_nfauto,dedode_L-upright_B-upright,smnn0.95,accurate90,296.3498291312944,-19.43227629161879,47.682032255186186,434.66938600038037,4,7,2.801,221.29,0,4,3,39,570,consensus,/maintenance/ICIGDev/GPUPOC/output/output297/win2048_nfauto/band1_toL8Ref/filtered_same-res_dedode_L-upright_B-upright
390,band1,win2048_nfauto,dedode_L-C4_B-C4,smnn0.95,ransac90,298.27941107543774,-27.266983044968924,11.324629332282257,459.94090821712774,4,7,2.754,223.06,0,4,3,35,595,consensus,/maintenance/ICIGDev/GPUPOC/output/output297/win2048_nfauto/band1_toL8Ref/filtered_same-res_dedode_L-C4_B-C4
391,band1,win2048_nfauto,dedode_L-upright_B-upright,smnn0.95,lmeds90,308.4408926088852,36.399491923927826,-52.755399830177566,551.3335143415468,4,7,2.801,221.29,0,4,3,47,1223,consensus,/maintenance/ICIGDev/GPUPOC/output/output297/win2048_nfauto/band1_toL8Ref/filtered_same-res_dedode_L-upright_B-upright
392,band1,win2048_nfauto,dedode_L-C4_B-upright,lgm,ransac90,310.3454388305178,41.02287502982756,-109.15867881334998,576.7975780531015,4,7,12.899,232.19,0,4,3,14,3306,consensus,/maintenance/ICIGDev/GPUPOC/output/output297/win2048_nfauto/band1_toL8Ref/filtered_same-res_dedode_L-C4_B-upright
393,band1,win2048_nfauto,dedode_L-C4_B-upright,lgm,accurate90,311.2821818424134,35.683692880481885,-96.3989440543769,577.7340321209364,4,7,12.899,232.19,0,4,3,14,3718,consensus,/maintenance/ICIGDev/GPUPOC/output/output297/win2048_nfauto/band1_toL8Ref/filtered_same-res_dedode_L-C4_B-upright
394,band1,win2048_nfauto,dedode_L-C4_B-upright,lgm,magsac90,317.6529634097147,47.10508159313588,-90.41091766107388,582.657601062789,4,7,12.899,232.19,0,4,3,14,3305,consensus,/maintenance/ICIGDev/GPUPOC/output/output297/win2048_nfauto/band1_toL8Ref/filtered_same-res_dedode_L-C4_B-upright
395,band1,win2048_nfauto,dedode_L-C4_B-upright,lgm,lmeds90,318.24310190989206,-8.318906972100763,-57.786532267163466,553.3300054885959,4,7,12.899,232.19,0,4,3,14,13267,consensus,/maintenance/ICIGDev/GPUPOC/output/output297/win2048_nfauto/band1_toL8Ref/filtered_same-res_dedode_L-C4_B-upright
396,band1,win2048_nfauto,dedode_L-upright_B-upright,smnn0.95,ransac90,326.46933261271727,-112.3197117409386,121.04989582030817,472.89308378814644,4,7,2.801,221.29,0,4,3,41,538,consensus,/maintenance/ICIGDev/GPUPOC/output/output297/win2048_nfauto/band1_toL8Ref/filtered_same-res_dedode_L-upright_B-upright
397,band1,win2048_nfauto,disk_depth,snn,lmeds90,361.94246526591536,160.51244428649352,-112.4718763148669,680.7204953467138,4,7,1.878,129.55,2,2,3,54,5216,consensus,/maintenance/ICIGDev/GPUPOC/output/output297/win2048_nfauto/band1_toL8Ref/filtered_same-res_disk_depth
398,band1,win2048_nfauto,dedode_L-C4_B-C4,smnn0.95,accurate90,365.0502595164137,-48.48701546324651,-23.720410668339355,589.8854665454584,4,7,2.754,223.06,0,4,3,35,627,consensus,/maintenance/ICIGDev/GPUPOC/output/output297/win2048_nfauto/band1_toL8Ref/filtered_same-res_dedode_L-C4_B-C4
399,band1,win2048_nfauto,disk_depth,snn,accurate90,368.48659591910274,140.86712196249346,-119.84657489529013,689.3686719494864,4,7,1.878,129.55,2,2,3,55,3459,consensus,/maintenance/ICIGDev/GPUPOC/output/output297/win2048_nfauto/band1_toL8Ref/filtered_same-res_disk_depth
400,band1,win2048_nfauto,dedode_L-C4-v2_B-C4,smnn0.9,accurate90,368.4967552726624,79.29384094748275,-55.28633257006345,529.2558032128186,4,7,4.202,289.91,0,4,3,35,630,consensus,/maintenance/ICIGDev/GPUPOC/output/output297/win2048_nfauto/band1_toL8Ref/filtered_same-res_dedode_L-C4-v2_B-C4
401,band1,win2048_nfauto,dedode_L-upright_B-upright,lgm,magsac90,375.04972914476707,162.86952638627497,-104.72891891449308,665.6246391777998,4,7,8.088,234.54,0,4,3,25,5671,consensus,/maintenance/ICIGDev/GPUPOC/output/output297/win2048_nfauto/band1_toL8Ref/filtered_same-res_dedode_L-upright_B-upright
402,band1,win2048_nfauto,dedode_L-C4_B-upright,smnn0.95,ransac90,375.32010875021604,10.380000159604606,-19.87176798266796,551.0602628061101,4,7,2.685,220.17,0,4,3,33,382,consensus,/maintenance/ICIGDev/GPUPOC/output/output297/win2048_nfauto/band1_toL8Ref/filtered_same-res_dedode_L-C4_B-upright
403,band1,win2048_nfauto,disk_depth,snn,magsac90,378.676184279799,165.16415601618598,-121.42943240847103,716.6735897755843,4,7,1.878,129.55,1,3,3,55,3059,consensus,/maintenance/ICIGDev/GPUPOC/output/output297/win2048_nfauto/band1_toL8Ref/filtered_same-res_disk_depth
404,band1,win2048_nfauto,disk_depth,snn,ransac90,382.23656326986963,143.1025975798441,-120.8716997354361,728.6915284449609,4,7,1.878,129.55,2,2,3,55,3025,consensus,/maintenance/ICIGDev/GPUPOC/output/output297/win2048_nfauto/band1_toL8Ref/filtered_same-res_disk_depth
405,band1,win2048_nfauto,disk_depth,lgm,lmeds90,386.1349055139093,-107.39542813876898,156.31095416974313,559.9101881112101,4,7,6.305,157.61,2,2,3,12,48295,consensus,/maintenance/ICIGDev/GPUPOC/output/output297/win2048_nfauto/band1_toL8Ref/filtered_same-res_disk_depth
406,band1,win2048_nfauto,dedode_L-upright_B-upright,lgm,ransac90,392.2547713531157,171.04387448961472,-105.44849802160502,706.7467808307547,4,7,8.088,234.54,0,4,3,25,5666,consensus,/maintenance/ICIGDev/GPUPOC/output/output297/win2048_nfauto/band1_toL8Ref/filtered_same-res_dedode_L-upright_B-upright
407,band1,win2048_nfauto,dedode_L-upright_B-upright,lgm,accurate90,393.84497766559997,186.3415987450477,-116.28448610063492,694.295295265602,4,7,8.088,234.54,0,4,3,25,6420,consensus,/maintenance/ICIGDev/GPUPOC/output/output297/win2048_nfauto/band1_toL8Ref/filtered_same-res_dedode_L-upright_B-upright
408,band1,win2048_nfauto,dedode_L-upright_B-upright,lgm,lmeds90,399.9949109412748,165.5074726266123,-89.11859614197465,719.0287252722896,4,7,8.088,234.54,0,4,3,26,20511,consensus,/maintenance/ICIGDev/GPUPOC/output/output297/win2048_nfauto/band1_toL8Ref/filtered_same-res_dedode_L-upright_B-upright
409,band1,win2048_nfauto,disk_depth,fginn,accurate90,401.95823216593845,180.44743507344356,-126.54613993369162,737.0989995918465,4,7,1.487,129.36,2,2,3,55,3477,consensus,/maintenance/ICIGDev/GPUPOC/output/output297/win2048_nfauto/band1_toL8Ref/filtered_same-res_disk_depth
410,band1,win2048_nfauto,imw-alike-nn,internal,accurate90,404.23170312731855,154.3634344623365,-162.6827698195484,763.7685983722133,4,7,1.828,160.83,0,4,3,54,1778,consensus,/maintenance/ICIGDev/GPUPOC/output/output297/win2048_nfauto/band1_toL8Ref/filtered_same-res_imw-alike-nn
411,band1,win2048_nfauto,imw-rord-nn,internal,ransac90,414.0100919256819,194.8888237210682,-160.19659715283137,755.7216477644216,4,7,6.573,387.8,0,4,3,13,284,consensus,/maintenance/ICIGDev/GPUPOC/output/output297/win2048_nfauto/band1_toL8Ref/filtered_same-res_imw-rord-nn
412,band1,win2048_nfauto,imw-alike-nn,internal,ransac90,415.4802906213155,176.4060762063683,-179.38157038389954,768.3940484080251,4,7,1.828,160.83,0,4,3,54,1565,consensus,/maintenance/ICIGDev/GPUPOC/output/output297/win2048_nfauto/band1_toL8Ref/filtered_same-res_imw-alike-nn
413,band1,win2048_nfauto,imw-alike-nn,internal,magsac90,441.5885683230464,191.4058054651715,-206.82750722896276,787.3883987597717,4,7,1.828,160.83,0,4,3,51,1437,consensus,/maintenance/ICIGDev/GPUPOC/output/output297/win2048_nfauto/band1_toL8Ref/filtered_same-res_imw-alike-nn
414,band1,win2048_nfauto,imw-rord-nn,internal,lmeds90,444.2826816479481,205.7048338728531,-236.47563768563282,825.5443501463068,4,7,6.573,387.8,0,4,3,22,654,consensus,/maintenance/ICIGDev/GPUPOC/output/output297/win2048_nfauto/band1_toL8Ref/filtered_same-res_imw-rord-nn
415,band1,win2048_nfauto,dedode_L-C4-v2_B-upright,smnn0.9,lmeds90,455.72374149006544,216.1789788417509,-131.04212017501004,729.0456814762663,4,7,4.345,304.12,0,4,3,38,995,consensus,/maintenance/ICIGDev/GPUPOC/output/output297/win2048_nfauto/band1_toL8Ref/filtered_same-res_dedode_L-C4-v2_B-upright
416,band1,win2048_nfauto,dedode_L-C4-v2_B-C4,snn,ransac90,463.12161916041686,-123.33785857935993,260.1945134726825,758.6380884520028,4,7,3.524,207.89,0,4,3,17,209,consensus,/maintenance/ICIGDev/GPUPOC/output/output297/win2048_nfauto/band1_toL8Ref/filtered_same-res_dedode_L-C4-v2_B-C4
417,band1,win2048_nfauto,dedode_L-C4-v2_B-C4,fginn,lmeds90,492.67789267469334,-212.7829221775085,342.7382155406126,759.3676137820377,4,7,2.419,208.02,0,4,3,18,401,consensus,/maintenance/ICIGDev/GPUPOC/output/output297/win2048_nfauto/band1_toL8Ref/filtered_same-res_dedode_L-C4-v2_B-C4
418,band1,win2048_nfauto,dedode_L-upright_B-C4,snn,ransac90,494.524951366295,133.98956918062095,85.69249434969106,620.9128623446038,4,7,5.627,208.19,0,4,3,11,153,consensus,/maintenance/ICIGDev/GPUPOC/output/output297/win2048_nfauto/band1_toL8Ref/filtered_same-res_dedode_L-upright_B-C4
419,band1,win2048_nfauto,dedode_L-C4-v2_B-upright,lgm,accurate90,564.003282960468,287.4597503158934,-269.12585481387373,828.8795036548314,4,7,10.248,235.7,0,4,3,22,16646,consensus,/maintenance/ICIGDev/GPUPOC/output/output297/win2048_nfauto/band1_toL8Ref/filtered_same-res_dedode_L-C4-v2_B-upright
420,band1,win2048_nfauto,dedode_L-C4-v2_B-upright,lgm,magsac90,566.7548754258587,289.04684539978916,-288.2799006091558,811.461325693289,4,7,10.248,235.7,0,4,3,22,14648,consensus,/maintenance/ICIGDev/GPUPOC/output/output297/win2048_nfauto/band1_toL8Ref/filtered_same-res_dedode_L-C4-v2_B-upright
421,band1,win2048_nfauto,dedode_L-upright_B-upright,snn,lmeds90,597.3478362157791,311.06615675721287,-329.12949762158973,974.8167769170806,4,7,5.077,208.15,0,4,3,15,293,consensus,/maintenance/ICIGDev/GPUPOC/output/output297/win2048_nfauto/band1_toL8Ref/filtered_same-res_dedode_L-upright_B-upright
422,band1,win2048_nfauto,imw-xoftr,internal,lmeds90,2256.2807238127193,1513.2675743278369,-538.9980331929197,2944.205665732342,4,7,8.306,182.73,1,3,3,19,3243,consensus,/maintenance/ICIGDev/GPUPOC/output/output297/win2048_nfauto/band1_toL8Ref/filtered_same-res_imw-xoftr
423,band1,win2048_nfauto,dog_hardnet,nn,magsac90,5589.991526175767,-38.230478074390476,-254.00796918453125,6964.274857247746,4,7,1.285,111.81,0,4,3,58,3465,consensus,/maintenance/ICIGDev/GPUPOC/output/output297/win2048_nfauto/band1_toL8Ref/filtered_same-res_dog_hardnet
424,band1,win2048_nfauto,dedode_L-C4_G-C4,mnn,lmeds90,6079.1411937358225,8.961988282643802,-1634.4754499043866,7144.253808285363,4,7,18.487,147.9,2,2,3,8,2497,consensus,/maintenance/ICIGDev/GPUPOC/output/output297/win2048_nfauto/band1_toL8Ref/filtered_same-res_dedode_L-C4_G-C4
425,band1,win2048_nfauto,imw-xoftr,internal,accurate90,6288.804167101862,2778.7171265702036,-3444.2676409728233,7908.435179521868,4,7,8.306,182.73,1,3,3,15,2181,consensus,/maintenance/ICIGDev/GPUPOC/output/output297/win2048_nfauto/band1_toL8Ref/filtered_same-res_imw-xoftr
426,band1,win2048_nfauto,dedode_L-upright_G-C4,mnn,lmeds90,6982.45508412998,-1710.3324732680653,-2424.339714690278,11356.090224436155,4,7,18.398,147.18,2,2,3,8,2630,consensus,/maintenance/ICIGDev/GPUPOC/output/output297/win2048_nfauto/band1_toL8Ref/filtered_same-res_dedode_L-upright_G-C4
427,band1,win2048_nfauto,dedode_L-C4_B-upright,nn,ransac90,7630.084337602579,1673.8459329219186,1504.7975546043986,10032.532470107686,4,7,2.872,247.01,0,4,3,86,29553,consensus,/maintenance/ICIGDev/GPUPOC/output/output297/win2048_nfauto/band1_toL8Ref/filtered_same-res_dedode_L-C4_B-upright
428,band1,win2048_nfauto,dedode_L-upright_G-upright,nn,lmeds90,10415.664417458636,-3858.8946691976776,-3471.372337651306,12819.839443432706,4,7,19.342,154.73,2,2,3,8,233580,consensus,/maintenance/ICIGDev/GPUPOC/output/output297/win2048_nfauto/band1_toL8Ref/filtered_same-res_dedode_L-upright_G-upright
429,band1,win2048_nfauto,dedode_L-C4_G-upright,mnn,lmeds90,14470.085737857868,-7627.713873685462,406.54591082967454,27041.56007718136,4,7,18.669,149.35,2,2,3,8,3866,consensus,/maintenance/ICIGDev/GPUPOC/output/output297/win2048_nfauto/band1_toL8Ref/filtered_same-res_dedode_L-C4_G-upright
430,band1,win2048_nfauto,dedode_L-upright_B-C4,snn,lmeds90,15926.36796258103,-5962.889694522842,1156.1481489586931,23589.673426860623,4,7,5.627,208.19,0,4,3,12,397,consensus,/maintenance/ICIGDev/GPUPOC/output/output297/win2048_nfauto/band1_toL8Ref/filtered_same-res_dedode_L-upright_B-C4
431,band1,win2048_nfauto,dedode_L-upright_B-C4,snn,magsac90,18043.133207027204,-5983.4396881299745,-1056.2511042611259,24598.029124930006,4,7,5.627,208.19,1,3,3,18,463,consensus,/maintenance/ICIGDev/GPUPOC/output/output297/win2048_nfauto/band1_toL8Ref/filtered_same-res_dedode_L-upright_B-C4
432,band1,win2048_nfauto,dedode_L-C4-v2_B-upright,fginn,magsac90,19252.039312629015,-11723.512677037608,4225.809529780371,34128.12713916716,4,7,2.413,207.55,0,4,3,24,890,consensus,/maintenance/ICIGDev/GPUPOC/output/output297/win2048_nfauto/band1_toL8Ref/filtered_same-res_dedode_L-C4-v2_B-upright
433,band1,win2048_nfauto,dedode_L-C4_G-upright,nn,lmeds90,19465.184728617416,-9236.30472669671,5612.722366992335,34864.0084015794,4,7,19.3,154.4,2,2,3,8,232548,consensus,/maintenance/ICIGDev/GPUPOC/output/output297/win2048_nfauto/band1_toL8Ref/filtered_same-res_dedode_L-C4_G-upright
434,band1,win2048_nfauto,imw-xoftr,internal,magsac90,19482.2325535306,15647.110109730558,4629.166968385871,30204.11246618,4,7,8.306,182.73,0,4,3,15,1817,consensus,/maintenance/ICIGDev/GPUPOC/output/output297/win2048_nfauto/band1_toL8Ref/filtered_same-res_imw-xoftr
435,band1,win2048_nfauto,dedode_L-upright_G-C4,nn,lmeds90,20782.44788057245,14676.67662943032,-4873.984228877641,35056.560001552796,4,7,19.051,152.4,2,2,3,8,231958,consensus,/maintenance/ICIGDev/GPUPOC/output/output297/win2048_nfauto/band1_toL8Ref/filtered_same-res_dedode_L-upright_G-C4
436,band1,win2048_nfauto,dedode_L-upright_B-upright,snn,magsac90,21211.667865300053,-2038.6957103687532,16371.000312245022,33746.14426953434,4,7,5.077,208.15,0,4,3,18,349,consensus,/maintenance/ICIGDev/GPUPOC/output/output297/win2048_nfauto/band1_toL8Ref/filtered_same-res_dedode_L-upright_B-upright
437,band1,win2048_nfauto,dedode_L-upright_B-upright,snn,accurate90,21483.179120120956,1852.2034984418574,15709.494101864124,30933.380278143482,4,7,5.077,208.15,0,4,3,17,351,consensus,/maintenance/ICIGDev/GPUPOC/output/output297/win2048_nfauto/band1_toL8Ref/filtered_same-res_dedode_L-upright_B-upright
438,band1,win2048_nfauto,dedode_L-C4_G-C4,nn,lmeds90,23374.545847417583,14483.088225742844,4732.256758966065,42520.10999582967,4,7,19.177,153.41,2,2,3,8,239581,consensus,/maintenance/ICIGDev/GPUPOC/output/output297/win2048_nfauto/band1_toL8Ref/filtered_same-res_dedode_L-C4_G-C4
439,band1,win2048_nfauto,dedode_L-C4-v2_G-upright,nn,lmeds90,23984.195794773354,-1628.842159136767,7219.66606847607,45246.46927378914,4,7,19.256,154.05,2,2,3,8,243966,consensus,/maintenance/ICIGDev/GPUPOC/output/output297/win2048_nfauto/band1_toL8Ref/filtered_same-res_dedode_L-C4-v2_G-upright
440,band1,win2048_nfauto,dedode_L-upright_G-C4,nn,accurate90,28739.206542379427,19829.498976199386,-9526.62708762056,42614.28416050384,4,7,19.051,152.4,2,2,3,8,25139,consensus,/maintenance/ICIGDev/GPUPOC/output/output297/win2048_nfauto/band1_toL8Ref/filtered_same-res_dedode_L-upright_G-C4
441,band1,win2048_nfauto,dedode_L-C4-v2_G-C4,nn,magsac90,29742.26759915327,20431.638951444023,-389.617273526007,41147.5171346375,4,7,19.094,152.75,2,2,3,8,25741,consensus,/maintenance/ICIGDev/GPUPOC/output/output297/win2048_nfauto/band1_toL8Ref/filtered_same-res_dedode_L-C4-v2_G-C4
442,band1,win2048_nfauto,dedode_L-C4-v2_G-C4,nn,lmeds90,32604.247670529072,14362.824311948487,17379.001438263418,45188.90733789888,4,7,19.094,152.75,2,2,3,8,228290,consensus,/maintenance/ICIGDev/GPUPOC/output/output297/win2048_nfauto/band1_toL8Ref/filtered_same-res_dedode_L-C4-v2_G-C4
443,band1,win2048_nfauto,dedode_L-C4_G-C4,nn,magsac90,44235.581654144786,14720.004361122908,25129.726268499933,77531.06838807889,4,7,19.177,153.41,2,2,3,8,24188,consensus,/maintenance/ICIGDev/GPUPOC/output/output297/win2048_nfauto/band1_toL8Ref/filtered_same-res_dedode_L-C4_G-C4
444,band1,win2048_nfauto,dedode_L-C4_G-C4,nn,accurate90,44322.9695685354,14844.54345886289,27440.552679421056,77531.06838807889,4,7,19.177,153.41,2,2,3,8,23630,consensus,/maintenance/ICIGDev/GPUPOC/output/output297/win2048_nfauto/band1_toL8Ref/filtered_same-res_dedode_L-C4_G-C4
445,band1,win2048_nfauto,dedode_L-C4_B-upright,fginn,magsac90,94.96483344420645,-57.803622005252386,35.58578263325853,129.65033242498922,3,7,2.415,207.65,0,3,4,17,970,consensus,/maintenance/ICIGDev/GPUPOC/output/output297/win2048_nfauto/band1_toL8Ref/filtered_same-res_dedode_L-C4_B-upright
446,band1,win2048_nfauto,dog_hardnet,lgm,accurate90,124.93850581897468,-37.02806664176327,25.857316210727124,129.47939529376973,3,7,3.811,121.95,1,2,4,24,4821,consensus,/maintenance/ICIGDev/GPUPOC/output/output297/win2048_nfauto/band1_toL8Ref/filtered_same-res_dog_hardnet
447,band1,win2048_nfauto,dog_hardnet,lgm,ransac90,193.13090993179534,-62.2528648333182,47.739125571491364,260.92416778347587,3,7,3.811,121.95,1,2,4,24,4204,consensus,/maintenance/ICIGDev/GPUPOC/output/output297/win2048_nfauto/band1_toL8Ref/filtered_same-res_dog_hardnet
448,band1,win2048_nfauto,dedode_L-C4_B-C4,fginn,ransac90,213.33200340945592,-134.4710164460345,52.26950730147291,267.346434440597,3,7,2.426,211.06,0,3,4,22,359,consensus,/maintenance/ICIGDev/GPUPOC/output/output297/win2048_nfauto/band1_toL8Ref/filtered_same-res_dedode_L-C4_B-C4
449,band1,win2048_nfauto,dog_hardnet,lgm,magsac90,214.39698936436153,-110.07565193657759,175.59526337813077,260.71925037701016,3,7,3.811,121.95,0,3,4,22,4176,consensus,/maintenance/ICIGDev/GPUPOC/output/output297/win2048_nfauto/band1_toL8Ref/filtered_same-res_dog_hardnet
450,band1,win2048_nfauto,imw-rord-nn,internal,magsac90,216.0202445796865,29.660740478057352,67.32034543142315,324.00212282536705,3,7,6.573,387.8,0,3,4,12,275,consensus,/maintenance/ICIGDev/GPUPOC/output/output297/win2048_nfauto/band1_toL8Ref/filtered_same-res_imw-rord-nn
451,band1,win2048_nfauto,dedode_L-C4_B-upright,fginn,ransac90,255.17226317472438,101.95691006400102,-22.698446704322425,387.8391961976638,3,7,2.415,207.65,0,3,4,14,197,consensus,/maintenance/ICIGDev/GPUPOC/output/output297/win2048_nfauto/band1_toL8Ref/filtered_same-res_dedode_L-C4_B-upright
452,band1,win2048_nfauto,dedode_L-C4_B-C4,smnn0.95,magsac90,260.59503477833647,-131.05955483901593,177.85480860057882,370.7967123828392,3,7,2.754,223.06,0,3,4,31,523,consensus,/maintenance/ICIGDev/GPUPOC/output/output297/win2048_nfauto/band1_toL8Ref/filtered_same-res_dedode_L-C4_B-C4
453,band1,win2048_nfauto,disk_depth,lgm,ransac90,276.2972206237818,-44.63012590065409,226.75684615048462,403.19147151636014,3,7,6.305,157.61,0,3,4,11,12842,consensus,/maintenance/ICIGDev/GPUPOC/output/output297/win2048_nfauto/band1_toL8Ref/filtered_same-res_disk_depth
454,band1,win2048_nfauto,dedode_L-C4-v2_B-C4,fginn,ransac90,325.45661030442267,-63.38984845346098,204.1498262110381,550.3830540725061,3,7,2.419,208.02,0,3,4,18,217,consensus,/maintenance/ICIGDev/GPUPOC/output/output297/win2048_nfauto/band1_toL8Ref/filtered_same-res_dedode_L-C4-v2_B-C4
455,band1,win2048_nfauto,dedode_L-C4_B-C4,fginn,lmeds90,414.0649775896626,-129.16509571182254,97.08100894990214,434.094238853604,3,7,2.426,211.06,0,3,4,20,596,consensus,/maintenance/ICIGDev/GPUPOC/output/output297/win2048_nfauto/band1_toL8Ref/filtered_same-res_dedode_L-C4_B-C4
456,band1,win2048_nfauto,dedode_L-upright_B-C4,lgm,lmeds90,430.3573894777491,-223.5510721122067,314.3421777808074,550.8805893369224,3,7,17.57,228.41,0,3,4,9,211,consensus,/maintenance/ICIGDev/GPUPOC/output/output297/win2048_nfauto/band1_toL8Ref/filtered_same-res_dedode_L-upright_B-C4
457,band1,win2048_nfauto,dedode_L-C4_B-C4,fginn,accurate90,447.94510456749,-162.01148153836903,183.0768861993438,495.95716716007144,3,7,2.426,211.06,0,3,4,23,1477,consensus,/maintenance/ICIGDev/GPUPOC/output/output297/win2048_nfauto/band1_toL8Ref/filtered_same-res_dedode_L-C4_B-C4
458,band1,win2048_nfauto,dedode_L-C4_B-C4,snn,ransac90,450.58155562410155,-330.44237009758325,225.35266612330147,544.9855995987784,3,7,5.027,211.13,0,3,4,14,201,consensus,/maintenance/ICIGDev/GPUPOC/output/output297/win2048_nfauto/band1_toL8Ref/filtered_same-res_dedode_L-C4_B-C4
459,band1,win2048_nfauto,imw-rord-nn,internal,accurate90,460.1859790650666,202.2400140999906,-228.28088977354977,752.4296642770233,3,7,6.573,387.8,0,3,4,14,340,consensus,/maintenance/ICIGDev/GPUPOC/output/output297/win2048_nfauto/band1_toL8Ref/filtered_same-res_imw-rord-nn
460,band1,win2048_nfauto,dedode_L-C4_B-C4,snn,lmeds90,492.79903570540796,-253.48563989858516,232.30568758939413,648.5444455547836,3,7,5.027,211.13,0,3,4,14,280,consensus,/maintenance/ICIGDev/GPUPOC/output/output297/win2048_nfauto/band1_toL8Ref/filtered_same-res_dedode_L-C4_B-C4
461,band1,win2048_nfauto,dedode_L-C4-v2_B-C4,smnn0.9,magsac90,495.30472993480055,-65.28326975332477,98.68582984420755,689.1053239317413,3,7,4.202,289.91,0,3,4,31,508,consensus,/maintenance/ICIGDev/GPUPOC/output/output297/win2048_nfauto/band1_toL8Ref/filtered_same-res_dedode_L-C4-v2_B-C4
462,band1,win2048_nfauto,dedode_L-C4-v2_B-C4,fginn,accurate90,593.3320243590804,542.7614610104088,-35.8063628447159,772.4644291181795,3,7,2.419,208.02,0,3,4,19,633,consensus,/maintenance/ICIGDev/GPUPOC/output/output297/win2048_nfauto/band1_toL8Ref/filtered_same-res_dedode_L-C4-v2_B-C4
463,band1,win2048_nfauto,dedode_L-upright_G-upright,mnn,lmeds90,2033.6889591837462,-1535.4507786283373,-729.1295276053821,2659.624797024282,3,7,18.599,148.79,1,2,4,8,4040,consensus,/maintenance/ICIGDev/GPUPOC/output/output297/win2048_nfauto/band1_toL8Ref/filtered_same-res_dedode_L-upright_G-upright
464,band1,win2048_nfauto,dedode_L-C4-v2_G-C4,mnn,ransac90,2926.3404505462177,2136.7309898742483,705.6315019648852,4513.532770686092,3,7,18.319,146.55,0,3,4,7,580,consensus,/maintenance/ICIGDev/GPUPOC/output/output297/win2048_nfauto/band1_toL8Ref/filtered_same-res_dedode_L-C4-v2_G-C4
465,band1,win2048_nfauto,dedode_L-C4-v2_B-C4,fginn,magsac90,5992.572052638853,1402.936389320951,-186.6804415550223,7047.860030465345,3,7,2.419,208.02,0,3,4,23,1298,consensus,/maintenance/ICIGDev/GPUPOC/output/output297/win2048_nfauto/band1_toL8Ref/filtered_same-res_dedode_L-C4-v2_B-C4
466,band1,win2048_nfauto,dedode_L-C4_G-C4,mnn,ransac90,6035.333304199325,1749.1926006401463,3294.4976870279206,10137.269237200577,3,7,18.487,147.9,1,2,4,7,351,consensus,/maintenance/ICIGDev/GPUPOC/output/output297/win2048_nfauto/band1_toL8Ref/filtered_same-res_dedode_L-C4_G-C4
467,band1,win2048_nfauto,dedode_L-C4-v2_B-C4,snn,accurate90,7550.91156492062,2198.4738171318872,3976.214315066371,9369.387368360167,3,7,3.524,207.89,0,3,4,18,838,consensus,/maintenance/ICIGDev/GPUPOC/output/output297/win2048_nfauto/band1_toL8Ref/filtered_same-res_dedode_L-C4-v2_B-C4
468,band1,win2048_nfauto,dedode_L-C4-v2_B-upright,snn,accurate90,8241.505341033331,-2198.6039856454086,3427.2755612373053,11425.391684982123,3,7,3.773,207.54,0,3,4,21,284,consensus,/maintenance/ICIGDev/GPUPOC/output/output297/win2048_nfauto/band1_toL8Ref/filtered_same-res_dedode_L-C4-v2_B-upright
469,band1,win2048_nfauto,dedode_L-C4-v2_B-upright,fginn,accurate90,8600.356552378002,-2114.237357904875,4760.504784730422,12316.134043513042,3,7,2.413,207.55,0,3,4,21,272,consensus,/maintenance/ICIGDev/GPUPOC/output/output297/win2048_nfauto/band1_toL8Ref/filtered_same-res_dedode_L-C4-v2_B-upright
470,band1,win2048_nfauto,dedode_L-C4-v2_G-upright,mnn,lmeds90,8780.515710408541,-3035.4425274637556,3703.783930082165,15173.464869418709,3,7,18.627,149.02,1,2,4,8,4420,consensus,/maintenance/ICIGDev/GPUPOC/output/output297/win2048_nfauto/band1_toL8Ref/filtered_same-res_dedode_L-C4-v2_G-upright
471,band1,win2048_nfauto,dedode_L-C4-v2_B-upright,snn,magsac90,9101.373104193885,-2147.510449778563,5225.463131376232,13015.167482835788,3,7,3.773,207.54,0,3,4,20,249,consensus,/maintenance/ICIGDev/GPUPOC/output/output297/win2048_nfauto/band1_toL8Ref/filtered_same-res_dedode_L-C4-v2_B-upright
472,band1,win2048_nfauto,dedode_L-upright_G-upright,nn,accurate90,9620.070811196441,-6499.6461204413135,1739.7084420501608,14884.820804481502,3,7,19.342,154.73,0,3,4,8,12345,consensus,/maintenance/ICIGDev/GPUPOC/output/output297/win2048_nfauto/band1_toL8Ref/filtered_same-res_dedode_L-upright_G-upright
473,band1,win2048_nfauto,dedode_L-C4-v2_G-upright,nn,magsac90,9711.709583253114,6364.512010421105,-2018.3709558826497,14342.70775374936,3,7,19.256,154.05,1,2,4,8,9233,consensus,/maintenance/ICIGDev/GPUPOC/output/output297/win2048_nfauto/band1_toL8Ref/filtered_same-res_dedode_L-C4-v2_G-upright
474,band1,win2048_nfauto,dedode_L-upright_B-C4,snn,accurate90,10247.111458687501,-2005.7436924444671,-5728.242301218593,16571.38939526009,3,7,5.627,208.19,1,2,4,17,488,consensus,/maintenance/ICIGDev/GPUPOC/output/output297/win2048_nfauto/band1_toL8Ref/filtered_same-res_dedode_L-upright_B-C4
475,band1,win2048_nfauto,dedode_L-C4_G-upright,nn,magsac90,10489.816231447881,4702.907089415904,-2094.7690883255814,14445.588364696636,3,7,19.3,154.4,0,3,4,8,11246,consensus,/maintenance/ICIGDev/GPUPOC/output/output297/win2048_nfauto/band1_toL8Ref/filtered_same-res_dedode_L-C4_G-upright
476,band1,win2048_nfauto,dedode_L-C4-v2_G-upright,nn,accurate90,11654.324694384719,1858.2944868475772,-820.1498692061365,14316.313857109903,3,7,19.256,154.05,0,3,4,8,10060,consensus,/maintenance/ICIGDev/GPUPOC/output/output297/win2048_nfauto/band1_toL8Ref/filtered_same-res_dedode_L-C4-v2_G-upright
477,band1,win2048_nfauto,dedode_L-C4_B-upright,snn,magsac90,19851.34412176247,-13653.501389782861,-13827.951135428732,22052.86344418928,3,7,5.767,207.6,0,3,4,11,273,consensus,/maintenance/ICIGDev/GPUPOC/output/output297/win2048_nfauto/band1_toL8Ref/filtered_same-res_dedode_L-C4_B-upright
478,band1,win2048_nfauto,dedode_L-upright_G-C4,ada,lmeds90,23033.80095233167,-4864.119958636814,-2101.14412230085,35979.10784521488,3,7,29.787,148.94,1,2,4,5,26181,consensus,/maintenance/ICIGDev/GPUPOC/output/output297/win2048_nfauto/band1_toL8Ref/filtered_same-res_dedode_L-upright_G-C4
479,band1,win2048_nfauto,dedode_L-upright_G-upright,ada,ransac90,23812.876359946644,-19228.222678399627,-259.30468014854915,36678.353911810605,3,7,24.989,149.93,0,3,4,5,1331,consensus,/maintenance/ICIGDev/GPUPOC/output/output297/win2048_nfauto/band1_toL8Ref/filtered_same-res_dedode_L-upright_G-upright
480,band1,win2048_nfauto,dedode_L-C4_G-upright,nn,ransac90,24435.520013100835,-20965.133408234484,-8069.668128221976,34284.64372125584,3,7,19.3,154.4,1,2,4,8,6378,consensus,/maintenance/ICIGDev/GPUPOC/output/output297/win2048_nfauto/band1_toL8Ref/filtered_same-res_dedode_L-C4_G-upright
481,band1,win2048_nfauto,dedode_L-upright_G-C4,nn,magsac90,28572.91327341236,16228.560457617403,-10973.032962383006,42614.28416050384,3,7,19.051,152.4,1,2,4,8,22109,consensus,/maintenance/ICIGDev/GPUPOC/output/output297/win2048_nfauto/band1_toL8Ref/filtered_same-res_dedode_L-upright_G-C4
482,band1,win2048_nfauto,dedode_L-C4-v2_G-C4,nn,accurate90,29286.898215104025,20068.444128899373,7399.94033764669,41432.537585868595,3,7,19.094,152.75,1,2,4,8,28449,consensus,/maintenance/ICIGDev/GPUPOC/output/output297/win2048_nfauto/band1_toL8Ref/filtered_same-res_dedode_L-C4-v2_G-C4
483,band1,win2048_nfauto,dedode_L-upright_G-C4,nn,ransac90,32741.45781191265,30108.24457094099,-2880.7975315051185,42342.252691305024,3,7,19.051,152.4,1,2,4,8,12632,consensus,/maintenance/ICIGDev/GPUPOC/output/output297/win2048_nfauto/band1_toL8Ref/filtered_same-res_dedode_L-upright_G-C4
484,band1,win2048_nfauto,dedode_L-C4-v2_G-C4,nn,ransac90,34165.33667499709,23416.568497988494,20893.39460005535,43868.63447592488,3,7,19.094,152.75,1,2,4,8,7842,consensus,/maintenance/ICIGDev/GPUPOC/output/output297/win2048_nfauto/band1_toL8Ref/filtered_same-res_dedode_L-C4-v2_G-C4
485,band1,win2048_nfauto,dedode_L-upright_B-upright,fginn,accurate90,147.08117498399622,-127.5177456639874,7.308055153472196,166.03997199987705,2,7,2.421,208.24,0,2,5,25,2737,consensus,/maintenance/ICIGDev/GPUPOC/output/output297/win2048_nfauto/band1_toL8Ref/filtered_same-res_dedode_L-upright_B-upright
486,band1,win2048_nfauto,disk_depth,lgm,magsac90,200.9541627818537,-31.039907636322596,173.12341598681314,230.808505022329,2,7,6.305,157.61,0,2,5,10,12614,consensus,/maintenance/ICIGDev/GPUPOC/output/output297/win2048_nfauto/band1_toL8Ref/filtered_same-res_disk_depth
487,band1,win2048_nfauto,dedode_L-upright_B-C4,lgm,ransac90,202.42376744429842,-70.7474014959389,129.83716362096038,284.29456022578574,2,7,17.57,228.41,0,2,5,6,96,consensus,/maintenance/ICIGDev/GPUPOC/output/output297/win2048_nfauto/band1_toL8Ref/filtered_same-res_dedode_L-upright_B-C4
488,band1,win2048_nfauto,disk_depth,lgm,accurate90,216.29771686719576,-53.723374161098945,181.58355019589544,231.15970109304695,2,7,6.305,157.61,0,2,5,10,14106,consensus,/maintenance/ICIGDev/GPUPOC/output/output297/win2048_nfauto/band1_toL8Ref/filtered_same-res_disk_depth
489,band1,win2048_nfauto,dedode_L-C4-v2_B-C4,snn,lmeds90,352.422270069276,-156.47746304773977,278.94755834906346,461.0695006023314,2,7,3.524,207.89,0,2,5,17,385,consensus,/maintenance/ICIGDev/GPUPOC/output/output297/win2048_nfauto/band1_toL8Ref/filtered_same-res_dedode_L-C4-v2_B-C4
490,band1,win2048_nfauto,dedode_L-C4-v2_B-upright,snn,ransac90,369.80782407163565,-189.9382030242141,88.81727186217677,447.4257255801019,2,7,3.773,207.54,0,2,5,16,175,consensus,/maintenance/ICIGDev/GPUPOC/output/output297/win2048_nfauto/band1_toL8Ref/filtered_same-res_dedode_L-C4-v2_B-upright
491,band1,win2048_nfauto,dedode_L-upright_B-C4,lgm,accurate90,389.7954964934317,-58.319205519661864,313.41241370842454,541.3687384640637,2,7,17.57,228.41,0,2,5,7,105,consensus,/maintenance/ICIGDev/GPUPOC/output/output297/win2048_nfauto/band1_toL8Ref/filtered_same-res_dedode_L-upright_B-C4
492,band1,win2048_nfauto,dedode_L-C4-v2_G-upright,mnn,magsac90,424.3181970641445,-101.86564520080219,276.3481402771604,598.7753463939064,2,7,18.627,149.02,0,2,5,6,459,consensus,/maintenance/ICIGDev/GPUPOC/output/output297/win2048_nfauto/band1_toL8Ref/filtered_same-res_dedode_L-C4-v2_G-upright
493,band1,win2048_nfauto,dedode_L-upright_B-upright,smnn0.9,lmeds90,425.9899500650015,-189.38136045446254,316.60103736116025,579.6034250959508,2,7,17.203,808.52,0,2,5,8,91,consensus,/maintenance/ICIGDev/GPUPOC/output/output297/win2048_nfauto/band1_toL8Ref/filtered_same-res_dedode_L-upright_B-upright
494,band1,win2048_nfauto,dedode_L-C4-v2_G-upright,mnn,ransac90,442.85430996482097,-97.73576103323103,293.1691153783386,623.0042352123687,2,7,18.627,149.02,0,2,5,6,486,consensus,/maintenance/ICIGDev/GPUPOC/output/output297/win2048_nfauto/band1_toL8Ref/filtered_same-res_dedode_L-C4-v2_G-upright
495,band1,win2048_nfauto,dedode_L-C4_B-C4,snn,magsac90,510.66644322711244,-240.50988552804415,445.47971739485047,571.2977659495327,2,7,5.027,211.13,0,2,5,15,473,consensus,/maintenance/ICIGDev/GPUPOC/output/output297/win2048_nfauto/band1_toL8Ref/filtered_same-res_dedode_L-C4_B-C4
496,band1,win2048_nfauto,dedode_L-C4_B-C4,snn,accurate90,578.9586802498513,-197.70712315368223,535.7273552526958,641.2617240658683,2,7,5.027,211.13,0,2,5,16,530,consensus,/maintenance/ICIGDev/GPUPOC/output/output297/win2048_nfauto/band1_toL8Ref/filtered_same-res_dedode_L-C4_B-C4
497,band1,win2048_nfauto,dedode_L-C4_B-C4,fginn,magsac90,616.8615368159192,136.23536972210513,-248.3113115464712,830.5300707137527,2,7,2.426,211.06,0,2,5,23,1421,consensus,/maintenance/ICIGDev/GPUPOC/output/output297/win2048_nfauto/band1_toL8Ref/filtered_same-res_dedode_L-C4_B-C4
498,band1,win2048_nfauto,dedode_L-upright_G-upright,mnn,magsac90,852.5174576400167,188.65876520158622,-761.116509954705,1106.0008013113395,2,7,18.599,148.79,0,2,5,8,531,consensus,/maintenance/ICIGDev/GPUPOC/output/output297/win2048_nfauto/band1_toL8Ref/filtered_same-res_dedode_L-upright_G-upright
499,band1,win2048_nfauto,dedode_L-upright_G-upright,mnn,ransac90,914.5581351676377,661.1004416827425,-371.7044589178122,1263.1611680570295,2,7,18.599,148.79,0,2,5,8,626,consensus,/maintenance/ICIGDev/GPUPOC/output/output297/win2048_nfauto/band1_toL8Ref/filtered_same-res_dedode_L-upright_G-upright
500,band1,win2048_nfauto,dedode_L-C4-v2_B-upright,snn,lmeds90,1233.2926619867467,-33.67937482805928,-548.5687079597528,1582.7487491799982,2,7,3.773,207.54,0,2,5,20,403,consensus,/maintenance/ICIGDev/GPUPOC/output/output297/win2048_nfauto/band1_toL8Ref/filtered_same-res_dedode_L-C4-v2_B-upright
501,band1,win2048_nfauto,dedode_L-upright_G-upright,mnn,accurate90,1293.6431836592953,-490.7892464280542,-526.5886325038193,1653.1772495137193,2,7,18.599,148.79,0,2,5,8,673,consensus,/maintenance/ICIGDev/GPUPOC/output/output297/win2048_nfauto/band1_toL8Ref/filtered_same-res_dedode_L-upright_G-upright
502,band1,win2048_nfauto,dedode_L-upright_B-upright,snn,ransac90,1485.8827082985595,63.618577165222405,-771.2045039971861,2033.51945559649,2,7,5.077,208.15,0,2,5,12,141,consensus,/maintenance/ICIGDev/GPUPOC/output/output297/win2048_nfauto/band1_toL8Ref/filtered_same-res_dedode_L-upright_B-upright
503,band1,win2048_nfauto,dedode_L-C4_G-C4,mnn,accurate90,4324.598735659561,-1777.0601532222895,-2558.199614323913,5580.8820181640895,2,7,18.487,147.9,0,2,5,6,393,consensus,/maintenance/ICIGDev/GPUPOC/output/output297/win2048_nfauto/band1_toL8Ref/filtered_same-res_dedode_L-C4_G-C4
504,band1,win2048_nfauto,dedode_L-C4-v2_G-C4,mnn,lmeds90,4647.388783106107,-2644.977799899923,1744.4571968291657,6474.811783210405,2,7,18.319,146.55,1,1,5,6,1702,consensus,/maintenance/ICIGDev/GPUPOC/output/output297/win2048_nfauto/band1_toL8Ref/filtered_same-res_dedode_L-C4-v2_G-C4
505,band1,win2048_nfauto,dedode_L-upright_G-upright,nn,ransac90,6944.470514706173,2556.238843893276,-371.04911742547984,8802.628746994298,2,7,19.342,154.73,0,2,5,8,4243,consensus,/maintenance/ICIGDev/GPUPOC/output/output297/win2048_nfauto/band1_toL8Ref/filtered_same-res_dedode_L-upright_G-upright
506,band1,win2048_nfauto,dedode_L-C4-v2_G-upright,mnn,accurate90,7128.816949595605,-480.6636493959883,-4525.457214056636,10037.953641276961,2,7,18.627,149.02,0,2,5,7,570,consensus,/maintenance/ICIGDev/GPUPOC/output/output297/win2048_nfauto/band1_toL8Ref/filtered_same-res_dedode_L-C4-v2_G-upright
507,band1,win2048_nfauto,dedode_L-upright_G-C4,mnn,accurate90,7671.215842359899,3438.352849356476,-6785.011311441927,8004.715162417403,2,7,18.398,147.18,0,2,5,8,375,consensus,/maintenance/ICIGDev/GPUPOC/output/output297/win2048_nfauto/band1_toL8Ref/filtered_same-res_dedode_L-upright_G-C4
508,band1,win2048_nfauto,dedode_L-C4-v2_G-upright,nn,ransac90,8524.350592614283,-1231.2468473005188,-8122.170540566489,10456.810965991686,2,7,19.256,154.05,0,2,5,8,2363,consensus,/maintenance/ICIGDev/GPUPOC/output/output297/win2048_nfauto/band1_toL8Ref/filtered_same-res_dedode_L-C4-v2_G-upright
509,band1,win2048_nfauto,dedode_L-upright_G-C4,mnn,ransac90,9114.078452632919,3962.116930763666,-7537.556035734068,11459.480180605362,2,7,18.398,147.18,0,2,5,8,338,consensus,/maintenance/ICIGDev/GPUPOC/output/output297/win2048_nfauto/band1_toL8Ref/filtered_same-res_dedode_L-upright_G-C4
510,band1,win2048_nfauto,dedode_L-C4_G-upright,mnn,magsac90,9548.880560074993,-8057.086795404104,-5115.33634570556,9568.930781116436,2,7,18.669,149.35,0,2,5,7,455,consensus,/maintenance/ICIGDev/GPUPOC/output/output297/win2048_nfauto/band1_toL8Ref/filtered_same-res_dedode_L-C4_G-upright
511,band1,win2048_nfauto,dedode_L-C4_G-upright,mnn,ransac90,9583.3321616198,-8074.540077943012,-5152.27612830024,9637.349907525218,2,7,18.669,149.35,0,2,5,7,490,consensus,/maintenance/ICIGDev/GPUPOC/output/output297/win2048_nfauto/band1_toL8Ref/filtered_same-res_dedode_L-C4_G-upright
512,band1,win2048_nfauto,dedode_L-C4_G-upright,mnn,accurate90,9675.347768067824,-8149.222669725345,-5206.736765450041,9686.481401848367,2,7,18.669,149.35,0,2,5,7,582,consensus,/maintenance/ICIGDev/GPUPOC/output/output297/win2048_nfauto/band1_toL8Ref/filtered_same-res_dedode_L-C4_G-upright
513,band1,win2048_nfauto,dedode_L-C4-v2_B-C4,snn,magsac90,10899.022113336267,3704.5062941825618,3071.9736572356665,13976.940268706765,2,7,3.524,207.89,0,2,5,21,1029,consensus,/maintenance/ICIGDev/GPUPOC/output/output297/win2048_nfauto/band1_toL8Ref/filtered_same-res_dedode_L-C4-v2_B-C4
514,band1,win2048_nfauto,dedode_L-C4_G-upright,nn,accurate90,13705.097149049441,-6558.548413057149,-11714.010820073026,13909.940361305931,2,7,19.3,154.4,0,2,5,8,12804,consensus,/maintenance/ICIGDev/GPUPOC/output/output297/win2048_nfauto/band1_toL8Ref/filtered_same-res_dedode_L-C4_G-upright
515,band1,win2048_nfauto,dedode_L-upright_G-upright,nn,magsac90,16028.455741880281,8823.31189063815,11538.15846059336,20156.42109780904,2,7,19.342,154.73,0,2,5,8,9916,consensus,/maintenance/ICIGDev/GPUPOC/output/output297/win2048_nfauto/band1_toL8Ref/filtered_same-res_dedode_L-upright_G-upright
516,band1,win2048_nfauto,dedode_L-C4_G-C4,nn,ransac90,21554.656356142732,12305.958292809135,-13291.192144080716,27551.796965389938,2,7,19.177,153.41,0,2,5,8,9913,consensus,/maintenance/ICIGDev/GPUPOC/output/output297/win2048_nfauto/band1_toL8Ref/filtered_same-res_dedode_L-C4_G-C4
517,band1,win2048_nfauto,dedode_L-upright_G-C4,ada,accurate90,22040.97025163628,17679.187531805637,-5146.670298446571,30527.504623375236,2,7,29.787,148.94,0,2,5,5,5487,consensus,/maintenance/ICIGDev/GPUPOC/output/output297/win2048_nfauto/band1_toL8Ref/filtered_same-res_dedode_L-upright_G-C4
518,band1,win2048_nfauto,dedode_L-upright_G-C4,ada,magsac90,22669.904953776913,17682.188249199007,-6829.666438411465,31389.958474543448,2,7,29.787,148.94,0,2,5,5,5327,consensus,/maintenance/ICIGDev/GPUPOC/output/output297/win2048_nfauto/band1_toL8Ref/filtered_same-res_dedode_L-upright_G-C4
519,band1,win2048_nfauto,dedode_L-upright_G-C4,ada,ransac90,29946.343280343783,22596.990795164744,1467.4474234670943,39260.67996805348,2,7,29.787,148.94,0,2,5,5,927,consensus,/maintenance/ICIGDev/GPUPOC/output/output297/win2048_nfauto/band1_toL8Ref/filtered_same-res_dedode_L-upright_G-C4
520,band1,win2048_nfauto,dedode_L-upright_B-C4,lgm,magsac90,103.33976926174199,-64.96205264556556,80.36815057685999,103.33976926174198,1,7,17.57,228.41,0,1,6,5,85,consensus,/maintenance/ICIGDev/GPUPOC/output/output297/win2048_nfauto/band1_toL8Ref/filtered_same-res_dedode_L-upright_B-C4
521,band1,win2048_nfauto,dedode_L-C4_B-upright,snn,lmeds90,129.65649888626612,123.9068448248363,-38.18247646497366,129.65649888626612,1,7,5.767,207.6,0,1,6,10,190,consensus,/maintenance/ICIGDev/GPUPOC/output/output297/win2048_nfauto/band1_toL8Ref/filtered_same-res_dedode_L-C4_B-upright
522,band1,win2048_nfauto,dedode_L-C4_B-upright,snn,accurate90,149.9270287969103,-60.327199152608955,137.2543005019188,149.9270287969103,1,7,5.767,207.6,0,1,6,10,279,consensus,/maintenance/ICIGDev/GPUPOC/output/output297/win2048_nfauto/band1_toL8Ref/filtered_same-res_dedode_L-C4_B-upright
523,band1,win2048_nfauto,dedode_L-C4-v2_B-upright,fginn,lmeds90,171.8904428275881,-140.27501979384851,99.34406452979329,171.89044282758806,1,7,2.413,207.55,0,1,6,21,367,consensus,/maintenance/ICIGDev/GPUPOC/output/output297/win2048_nfauto/band1_toL8Ref/filtered_same-res_dedode_L-C4-v2_B-upright
524,band1,win2048_nfauto,dedode_L-C4_B-upright,snn,ransac90,192.16910115256624,-104.36991088901596,161.3563916887215,192.16910115256627,1,7,5.767,207.6,0,1,6,11,154,consensus,/maintenance/ICIGDev/GPUPOC/output/output297/win2048_nfauto/band1_toL8Ref/filtered_same-res_dedode_L-C4_B-upright
525,band1,win2048_nfauto,imw-topicfm,internal,ransac90,215.82340578361436,151.89412282836565,153.32292044648784,215.8234057836144,1,7,41.929,167.72,1,0,0,3,3895,consensus,/maintenance/ICIGDev/GPUPOC/output/output297/win2048_nfauto/band1_toL8Ref/filtered_same-res_imw-topicfm
526,band1,win2048_nfauto,imw-topicfm,internal,lmeds90,219.63388614472237,157.19502614868543,153.39089835171762,219.63388614472237,1,7,41.929,167.72,1,0,0,3,6552,consensus,/maintenance/ICIGDev/GPUPOC/output/output297/win2048_nfauto/band1_toL8Ref/filtered_same-res_imw-topicfm
527,band1,win2048_nfauto,imw-topicfm,internal,accurate90,220.7281447009489,156.7033879650844,155.45083487516968,220.7281447009489,1,7,41.929,167.72,1,0,0,3,4672,consensus,/maintenance/ICIGDev/GPUPOC/output/output297/win2048_nfauto/band1_toL8Ref/filtered_same-res_imw-topicfm
528,band1,win2048_nfauto,imw-topicfm,internal,magsac90,226.39068236183994,156.10875295532605,163.95974600795307,226.39068236183994,1,7,41.929,167.72,1,0,0,3,4097,consensus,/maintenance/ICIGDev/GPUPOC/output/output297/win2048_nfauto/band1_toL8Ref/filtered_same-res_imw-topicfm
529,band1,win2048_nfauto,dedode_L-C4_B-C4,smnn0.9,lmeds90,257.9039478999622,85.6385045733332,243.27041101792383,257.9039478999622,1,7,7.975,382.82,0,1,6,9,111,consensus,/maintenance/ICIGDev/GPUPOC/output/output297/win2048_nfauto/band1_toL8Ref/filtered_same-res_dedode_L-C4_B-C4
530,band1,win2048_nfauto,dedode_L-C4_B-C4,smnn0.9,accurate90,268.67032061763257,73.29227663701113,258.4801411446251,268.67032061763257,1,7,7.975,382.82,0,1,6,8,62,consensus,/maintenance/ICIGDev/GPUPOC/output/output297/win2048_nfauto/band1_toL8Ref/filtered_same-res_dedode_L-C4_B-C4
531,band1,win2048_nfauto,dedode_L-C4_B-C4,smnn0.9,ransac90,283.6428264235415,94.3510292363926,267.4904414433695,283.6428264235415,1,7,7.975,382.82,0,1,6,7,51,consensus,/maintenance/ICIGDev/GPUPOC/output/output297/win2048_nfauto/band1_toL8Ref/filtered_same-res_dedode_L-C4_B-C4
532,band1,win2048_nfauto,dedode_L-C4_G-C4,mnn,magsac90,350.3690509907362,-298.86476568342187,182.86148781288648,350.3690509907362,1,7,18.487,147.9,1,0,6,5,331,consensus,/maintenance/ICIGDev/GPUPOC/output/output297/win2048_nfauto/band1_toL8Ref/filtered_same-res_dedode_L-C4_G-C4
533,band1,win2048_nfauto,dedode_L-C4_B-C4,smnn0.9,magsac90,376.94224661184205,135.66662356470624,351.68170912251753,376.94224661184205,1,7,7.975,382.82,0,1,6,6,45,consensus,/maintenance/ICIGDev/GPUPOC/output/output297/win2048_nfauto/band1_toL8Ref/filtered_same-res_dedode_L-C4_B-C4
534,band1,win2048_nfauto,dedode_L-C4_B-upright,fginn,accurate90,434.48407385597477,402.33693784717434,-164.0164591687162,434.4840738559748,1,7,2.415,207.65,0,1,6,17,1004,consensus,/maintenance/ICIGDev/GPUPOC/output/output297/win2048_nfauto/band1_toL8Ref/filtered_same-res_dedode_L-C4_B-upright
535,band1,win2048_nfauto,dedode_L-C4-v2_B-upright,fginn,ransac90,488.5684723874142,-388.7248037375166,295.9597593765084,488.56847238741426,1,7,2.413,207.55,0,1,6,17,180,consensus,/maintenance/ICIGDev/GPUPOC/output/output297/win2048_nfauto/band1_toL8Ref/filtered_same-res_dedode_L-C4-v2_B-upright
536,band1,win2048_nfauto,dedode_L-upright_B-upright,smnn0.9,magsac90,555.3352367022571,-316.2718925854924,456.47487891837227,555.3352367022571,1,7,17.203,808.52,0,1,6,6,48,consensus,/maintenance/ICIGDev/GPUPOC/output/output297/win2048_nfauto/band1_toL8Ref/filtered_same-res_dedode_L-upright_B-upright
537,band1,win2048_nfauto,dedode_L-upright_B-upright,smnn0.9,ransac90,563.0894623708751,-326.2962711368973,458.9122858186274,563.0894623708751,1,7,17.203,808.52,0,1,6,6,48,consensus,/maintenance/ICIGDev/GPUPOC/output/output297/win2048_nfauto/band1_toL8Ref/filtered_same-res_dedode_L-upright_B-upright
538,band1,win2048_nfauto,dedode_L-upright_B-upright,smnn0.9,accurate90,639.8720681883866,-376.3967579782857,517.4569974704364,639.8720681883867,1,7,17.203,808.52,0,1,6,5,41,consensus,/maintenance/ICIGDev/GPUPOC/output/output297/win2048_nfauto/band1_toL8Ref/filtered_same-res_dedode_L-upright_B-upright
539,band1,win2048_nfauto,dedode_L-C4-v2_G-C4,mnn,accurate90,2198.8079266480954,831.4452038129962,-2035.54787989545,2198.8079266480954,1,7,18.319,146.55,0,1,6,7,640,consensus,/maintenance/ICIGDev/GPUPOC/output/output297/win2048_nfauto/band1_toL8Ref/filtered_same-res_dedode_L-C4-v2_G-C4
540,band1,win2048_nfauto,dedode_L-C4-v2_G-C4,ada,lmeds90,40976.27584706475,26681.633960474865,31098.96447623259,40976.27584706475,1,7,150.035,150.03,1,0,0,1,9501,consensus,/maintenance/ICIGDev/GPUPOC/output/output297/win2048_nfauto/band1_toL8Ref/filtered_same-res_dedode_L-C4-v2_G-C4
541,band1,win2048_nfauto,dedode_L-C4-v2_G-C4,ada,accurate90,41147.300534895934,26681.633960474865,31323.96447623259,41147.300534895934,1,7,150.035,150.03,1,0,0,1,5303,consensus,/maintenance/ICIGDev/GPUPOC/output/output297/win2048_nfauto/band1_toL8Ref/filtered_same-res_dedode_L-C4-v2_G-C4
542,band1,win2048_nfauto,dedode_L-C4-v2_G-C4,ada,magsac90,41147.300534895934,26681.633960474865,31323.96447623259,41147.300534895934,1,7,150.035,150.03,1,0,0,1,5303,consensus,/maintenance/ICIGDev/GPUPOC/output/output297/win2048_nfauto/band1_toL8Ref/filtered_same-res_dedode_L-C4-v2_G-C4
543,band1,win2048_nfauto,dedode_L-upright_B-C4,smnn0.9,accurate90,,,,,0,7,9.726,457.13,0,0,7,6,57,consensus,/maintenance/ICIGDev/GPUPOC/output/output297/win2048_nfauto/band1_toL8Ref/filtered_same-res_dedode_L-upright_B-C4
544,band1,win2048_nfauto,dedode_L-upright_B-C4,smnn0.9,lmeds90,,,,,0,7,9.726,457.13,0,0,7,11,139,consensus,/maintenance/ICIGDev/GPUPOC/output/output297/win2048_nfauto/band1_toL8Ref/filtered_same-res_dedode_L-upright_B-C4
545,band1,win2048_nfauto,dedode_L-upright_B-C4,smnn0.9,magsac90,,,,,0,7,9.726,457.13,0,0,7,5,45,consensus,/maintenance/ICIGDev/GPUPOC/output/output297/win2048_nfauto/band1_toL8Ref/filtered_same-res_dedode_L-upright_B-C4
546,band1,win2048_nfauto,dedode_L-upright_B-C4,smnn0.9,ransac90,,,,,0,7,9.726,457.13,0,0,7,6,56,consensus,/maintenance/ICIGDev/GPUPOC/output/output297/win2048_nfauto/band1_toL8Ref/filtered_same-res_dedode_L-upright_B-C4
547,band1,win2048_nfauto,dedode_L-upright_G-upright,ada,accurate90,,,,,0,7,24.989,149.93,0,0,7,5,1890,consensus,/maintenance/ICIGDev/GPUPOC/output/output297/win2048_nfauto/band1_toL8Ref/filtered_same-res_dedode_L-upright_G-upright
548,band1,win2048_nfauto,dedode_L-upright_G-upright,ada,lmeds90,,,,,0,7,24.989,149.93,0,0,7,5,5855,consensus,/maintenance/ICIGDev/GPUPOC/output/output297/win2048_nfauto/band1_toL8Ref/filtered_same-res_dedode_L-upright_G-upright
549,band1,win2048_nfauto,dedode_L-upright_G-upright,ada,magsac90,,,,,0,7,24.989,149.93,0,0,7,5,1701,consensus,/maintenance/ICIGDev/GPUPOC/output/output297/win2048_nfauto/band1_toL8Ref/filtered_same-res_dedode_L-upright_G-upright
550,band1,win2048_nfauto,dedode_L-upright_G-upright,fginn,accurate90,,,,,0,7,18.861,150.89,0,0,0,2,25,consensus,/maintenance/ICIGDev/GPUPOC/output/output297/win2048_nfauto/band1_toL8Ref/filtered_same-res_dedode_L-upright_G-upright
551,band1,win2048_nfauto,dedode_L-upright_G-upright,fginn,lmeds90,,,,,0,7,18.861,150.89,0,0,0,2,41,consensus,/maintenance/ICIGDev/GPUPOC/output/output297/win2048_nfauto/band1_toL8Ref/filtered_same-res_dedode_L-upright_G-upright
552,band1,win2048_nfauto,dedode_L-upright_G-upright,fginn,magsac90,,,,,0,7,18.861,150.89,0,0,0,2,23,consensus,/maintenance/ICIGDev/GPUPOC/output/output297/win2048_nfauto/band1_toL8Ref/filtered_same-res_dedode_L-upright_G-upright
553,band1,win2048_nfauto,dedode_L-upright_G-upright,fginn,ransac90,,,,,0,7,18.861,150.89,0,0,0,1,21,consensus,/maintenance/ICIGDev/GPUPOC/output/output297/win2048_nfauto/band1_toL8Ref/filtered_same-res_dedode_L-upright_G-upright
554,band1,win2048_nfauto,dedode_L-upright_G-upright,smnn0.95,accurate90,,,,,0,7,31.067,155.34,0,0,0,1,7,consensus,/maintenance/ICIGDev/GPUPOC/output/output297/win2048_nfauto/band1_toL8Ref/filtered_same-res_dedode_L-upright_G-upright
555,band1,win2048_nfauto,dedode_L-upright_G-upright,smnn0.95,lmeds90,,,,,0,7,31.067,155.34,0,0,0,3,36,consensus,/maintenance/ICIGDev/GPUPOC/output/output297/win2048_nfauto/band1_toL8Ref/filtered_same-res_dedode_L-upright_G-upright
556,band1,win2048_nfauto,dedode_L-upright_G-upright,smnn0.95,ransac90,,,,,0,7,31.067,155.34,0,0,0,2,13,consensus,/maintenance/ICIGDev/GPUPOC/output/output297/win2048_nfauto/band1_toL8Ref/filtered_same-res_dedode_L-upright_G-upright
557,band1,win2048_nfauto,dedode_L-upright_G-upright,snn,accurate90,,,,,0,7,37.758,151.03,0,0,0,2,25,consensus,/maintenance/ICIGDev/GPUPOC/output/output297/win2048_nfauto/band1_toL8Ref/filtered_same-res_dedode_L-upright_G-upright
558,band1,win2048_nfauto,dedode_L-upright_G-upright,snn,lmeds90,,,,,0,7,37.758,151.03,0,0,0,1,27,consensus,/maintenance/ICIGDev/GPUPOC/output/output297/win2048_nfauto/band1_toL8Ref/filtered_same-res_dedode_L-upright_G-upright
559,band1,win2048_nfauto,dedode_L-upright_G-upright,snn,magsac90,,,,,0,7,37.758,151.03,0,0,0,2,23,consensus,/maintenance/ICIGDev/GPUPOC/output/output297/win2048_nfauto/band1_toL8Ref/filtered_same-res_dedode_L-upright_G-upright
560,band1,win2048_nfauto,dedode_L-upright_G-upright,snn,ransac90,,,,,0,7,37.758,151.03,0,0,0,1,20,consensus,/maintenance/ICIGDev/GPUPOC/output/output297/win2048_nfauto/band1_toL8Ref/filtered_same-res_dedode_L-upright_G-upright
561,band1,win2048_nfauto,dedode_L-upright_G-C4,lgm,lmeds90,,,,,0,7,30.122,150.61,0,0,0,1,9,consensus,/maintenance/ICIGDev/GPUPOC/output/output297/win2048_nfauto/band1_toL8Ref/filtered_same-res_dedode_L-upright_G-C4
562,band1,win2048_nfauto,dedode_L-upright_G-C4,mnn,magsac90,,,,,0,7,18.398,147.18,0,0,7,5,307,consensus,/maintenance/ICIGDev/GPUPOC/output/output297/win2048_nfauto/band1_toL8Ref/filtered_same-res_dedode_L-upright_G-C4
563,band1,win2048_nfauto,dedode_L-upright_G-C4,smnn0.95,accurate90,,,,,0,7,37.649,150.6,0,0,0,1,9,consensus,/maintenance/ICIGDev/GPUPOC/output/output297/win2048_nfauto/band1_toL8Ref/filtered_same-res_dedode_L-upright_G-C4
564,band1,win2048_nfauto,dedode_L-upright_G-C4,smnn0.95,lmeds90,,,,,0,7,37.649,150.6,0,0,0,2,23,consensus,/maintenance/ICIGDev/GPUPOC/output/output297/win2048_nfauto/band1_toL8Ref/filtered_same-res_dedode_L-upright_G-C4
565,band1,win2048_nfauto,dedode_L-upright_G-C4,smnn0.95,magsac90,,,,,0,7,37.649,150.6,0,0,0,1,6,consensus,/maintenance/ICIGDev/GPUPOC/output/output297/win2048_nfauto/band1_toL8Ref/filtered_same-res_dedode_L-upright_G-C4
566,band1,win2048_nfauto,dedode_L-upright_G-C4,smnn0.95,ransac90,,,,,0,7,37.649,150.6,0,0,0,1,8,consensus,/maintenance/ICIGDev/GPUPOC/output/output297/win2048_nfauto/band1_toL8Ref/filtered_same-res_dedode_L-upright_G-C4
567,band1,win2048_nfauto,dedode_L-upright_G-C4,snn,accurate90,,,,,0,7,74.416,148.83,0,0,0,1,20,consensus,/maintenance/ICIGDev/GPUPOC/output/output297/win2048_nfauto/band1_toL8Ref/filtered_same-res_dedode_L-upright_G-C4
568,band1,win2048_nfauto,dedode_L-upright_G-C4,snn,lmeds90,,,,,0,7,74.416,148.83,0,0,0,1,30,consensus,/maintenance/ICIGDev/GPUPOC/output/output297/win2048_nfauto/band1_toL8Ref/filtered_same-res_dedode_L-upright_G-C4
569,band1,win2048_nfauto,dedode_L-upright_G-C4,snn,magsac90,,,,,0,7,74.416,148.83,0,0,0,1,17,consensus,/maintenance/ICIGDev/GPUPOC/output/output297/win2048_nfauto/band1_toL8Ref/filtered_same-res_dedode_L-upright_G-C4
570,band1,win2048_nfauto,dedode_L-upright_G-C4,snn,ransac90,,,,,0,7,74.416,148.83,0,0,0,1,16,consensus,/maintenance/ICIGDev/GPUPOC/output/output297/win2048_nfauto/band1_toL8Ref/filtered_same-res_dedode_L-upright_G-C4
571,band1,win2048_nfauto,dedode_L-C4_B-upright,smnn0.9,accurate90,,,,,0,7,11.397,467.27,0,0,0,1,7,consensus,/maintenance/ICIGDev/GPUPOC/output/output297/win2048_nfauto/band1_toL8Ref/filtered_same-res_dedode_L-C4_B-upright
572,band1,win2048_nfauto,dedode_L-C4_B-upright,smnn0.9,lmeds90,,,,,0,7,11.397,467.27,0,0,0,3,22,consensus,/maintenance/ICIGDev/GPUPOC/output/output297/win2048_nfauto/band1_toL8Ref/filtered_same-res_dedode_L-C4_B-upright
573,band1,win2048_nfauto,dedode_L-C4_B-upright,smnn0.9,magsac90,,,,,0,7,11.397,467.27,0,0,0,1,7,consensus,/maintenance/ICIGDev/GPUPOC/output/output297/win2048_nfauto/band1_toL8Ref/filtered_same-res_dedode_L-C4_B-upright
574,band1,win2048_nfauto,dedode_L-C4_B-upright,smnn0.9,ransac90,,,,,0,7,11.397,467.27,0,0,0,1,7,consensus,/maintenance/ICIGDev/GPUPOC/output/output297/win2048_nfauto/band1_toL8Ref/filtered_same-res_dedode_L-C4_B-upright
575,band1,win2048_nfauto,dedode_L-C4_B-C4,lgm,accurate90,,,,,0,7,231.553,231.55,0,0,0,1,10,consensus,/maintenance/ICIGDev/GPUPOC/output/output297/win2048_nfauto/band1_toL8Ref/filtered_same-res_dedode_L-C4_B-C4
576,band1,win2048_nfauto,dedode_L-C4_B-C4,lgm,lmeds90,,,,,0,7,231.553,231.55,0,0,0,1,23,consensus,/maintenance/ICIGDev/GPUPOC/output/output297/win2048_nfauto/band1_toL8Ref/filtered_same-res_dedode_L-C4_B-C4
577,band1,win2048_nfauto,dedode_L-C4_B-C4,lgm,magsac90,,,,,0,7,231.553,231.55,0,0,0,1,7,consensus,/maintenance/ICIGDev/GPUPOC/output/output297/win2048_nfauto/band1_toL8Ref/filtered_same-res_dedode_L-C4_B-C4
578,band1,win2048_nfauto,dedode_L-C4_B-C4,lgm,ransac90,,,,,0,7,231.553,231.55,0,0,0,1,10,consensus,/maintenance/ICIGDev/GPUPOC/output/output297/win2048_nfauto/band1_toL8Ref/filtered_same-res_dedode_L-C4_B-C4
579,band1,win2048_nfauto,dedode_L-C4_G-upright,fginn,accurate90,,,,,0,7,18.86,150.88,0,0,0,1,14,consensus,/maintenance/ICIGDev/GPUPOC/output/output297/win2048_nfauto/band1_toL8Ref/filtered_same-res_dedode_L-C4_G-upright
580,band1,win2048_nfauto,dedode_L-C4_G-upright,fginn,lmeds90,,,,,0,7,18.86,150.88,0,0,0,1,21,consensus,/maintenance/ICIGDev/GPUPOC/output/output297/win2048_nfauto/band1_toL8Ref/filtered_same-res_dedode_L-C4_G-upright
581,band1,win2048_nfauto,dedode_L-C4_G-upright,fginn,magsac90,,,,,0,7,18.86,150.88,0,0,0,1,14,consensus,/maintenance/ICIGDev/GPUPOC/output/output297/win2048_nfauto/band1_toL8Ref/filtered_same-res_dedode_L-C4_G-upright
582,band1,win2048_nfauto,dedode_L-C4_G-upright,fginn,ransac90,,,,,0,7,18.86,150.88,0,0,0,1,15,consensus,/maintenance/ICIGDev/GPUPOC/output/output297/win2048_nfauto/band1_toL8Ref/filtered_same-res_dedode_L-C4_G-upright
583,band1,win2048_nfauto,dedode_L-C4_G-upright,lgm,lmeds90,,,,,0,7,153.209,153.21,0,0,0,1,11,consensus,/maintenance/ICIGDev/GPUPOC/output/output297/win2048_nfauto/band1_toL8Ref/filtered_same-res_dedode_L-C4_G-upright
584,band1,win2048_nfauto,dedode_L-C4_G-upright,smnn0.95,accurate90,,,,,0,7,25.295,151.77,0,0,0,2,13,consensus,/maintenance/ICIGDev/GPUPOC/output/output297/win2048_nfauto/band1_toL8Ref/filtered_same-res_dedode_L-C4_G-upright
585,band1,win2048_nfauto,dedode_L-C4_G-upright,smnn0.95,lmeds90,,,,,0,7,25.295,151.77,0,0,0,3,43,consensus,/maintenance/ICIGDev/GPUPOC/output/output297/win2048_nfauto/band1_toL8Ref/filtered_same-res_dedode_L-C4_G-upright
586,band1,win2048_nfauto,dedode_L-C4_G-upright,smnn0.95,magsac90,,,,,0,7,25.295,151.77,0,0,0,1,6,consensus,/maintenance/ICIGDev/GPUPOC/output/output297/win2048_nfauto/band1_toL8Ref/filtered_same-res_dedode_L-C4_G-upright
587,band1,win2048_nfauto,dedode_L-C4_G-upright,smnn0.95,ransac90,,,,,0,7,25.295,151.77,0,0,0,2,13,consensus,/maintenance/ICIGDev/GPUPOC/output/output297/win2048_nfauto/band1_toL8Ref/filtered_same-res_dedode_L-C4_G-upright
588,band1,win2048_nfauto,dedode_L-C4_G-upright,snn,accurate90,,,,,0,7,50.337,151.01,0,0,0,1,14,consensus,/maintenance/ICIGDev/GPUPOC/output/output297/win2048_nfauto/band1_toL8Ref/filtered_same-res_dedode_L-C4_G-upright
589,band1,win2048_nfauto,dedode_L-C4_G-upright,snn,lmeds90,,,,,0,7,50.337,151.01,0,0,0,1,17,consensus,/maintenance/ICIGDev/GPUPOC/output/output297/win2048_nfauto/band1_toL8Ref/filtered_same-res_dedode_L-C4_G-upright
590,band1,win2048_nfauto,dedode_L-C4_G-upright,snn,magsac90,,,,,0,7,50.337,151.01,0,0,0,1,8,consensus,/maintenance/ICIGDev/GPUPOC/output/output297/win2048_nfauto/band1_toL8Ref/filtered_same-res_dedode_L-C4_G-upright
591,band1,win2048_nfauto,dedode_L-C4_G-upright,snn,ransac90,,,,,0,7,50.337,151.01,0,0,0,1,15,consensus,/maintenance/ICIGDev/GPUPOC/output/output297/win2048_nfauto/band1_toL8Ref/filtered_same-res_dedode_L-C4_G-upright
592,band1,win2048_nfauto,dedode_L-C4_G-C4,ada,accurate90,,,,,0,7,148.817,148.82,0,0,0,1,106,consensus,/maintenance/ICIGDev/GPUPOC/output/output297/win2048_nfauto/band1_toL8Ref/filtered_same-res_dedode_L-C4_G-C4
593,band1,win2048_nfauto,dedode_L-C4_G-C4,ada,lmeds90,,,,,0,7,148.817,148.82,0,0,0,1,273,consensus,/maintenance/ICIGDev/GPUPOC/output/output297/win2048_nfauto/band1_toL8Ref/filtered_same-res_dedode_L-C4_G-C4
594,band1,win2048_nfauto,dedode_L-C4_G-C4,ada,magsac90,,,,,0,7,148.817,148.82,0,0,0,1,106,consensus,/maintenance/ICIGDev/GPUPOC/output/output297/win2048_nfauto/band1_toL8Ref/filtered_same-res_dedode_L-C4_G-C4
595,band1,win2048_nfauto,dedode_L-C4_G-C4,ada,ransac90,,,,,0,7,148.817,148.82,0,0,0,1,72,consensus,/maintenance/ICIGDev/GPUPOC/output/output297/win2048_nfauto/band1_toL8Ref/filtered_same-res_dedode_L-C4_G-C4
596,band1,win2048_nfauto,dedode_L-C4_G-C4,fginn,accurate90,,,,,0,7,18.768,150.14,0,0,0,1,73,consensus,/maintenance/ICIGDev/GPUPOC/output/output297/win2048_nfauto/band1_toL8Ref/filtered_same-res_dedode_L-C4_G-C4
597,band1,win2048_nfauto,dedode_L-C4_G-C4,fginn,lmeds90,,,,,0,7,18.768,150.14,0,0,0,1,134,consensus,/maintenance/ICIGDev/GPUPOC/output/output297/win2048_nfauto/band1_toL8Ref/filtered_same-res_dedode_L-C4_G-C4
598,band1,win2048_nfauto,dedode_L-C4_G-C4,fginn,magsac90,,,,,0,7,18.768,150.14,0,0,0,1,58,consensus,/maintenance/ICIGDev/GPUPOC/output/output297/win2048_nfauto/band1_toL8Ref/filtered_same-res_dedode_L-C4_G-C4
599,band1,win2048_nfauto,dedode_L-C4_G-C4,fginn,ransac90,,,,,0,7,18.768,150.14,0,0,0,1,58,consensus,/maintenance/ICIGDev/GPUPOC/output/output297/win2048_nfauto/band1_toL8Ref/filtered_same-res_dedode_L-C4_G-C4
600,band1,win2048_nfauto,dedode_L-C4_G-C4,lgm,accurate90,,,,,0,7,75.869,151.74,0,0,0,1,6,consensus,/maintenance/ICIGDev/GPUPOC/output/output297/win2048_nfauto/band1_toL8Ref/filtered_same-res_dedode_L-C4_G-C4
601,band1,win2048_nfauto,dedode_L-C4_G-C4,lgm,lmeds90,,,,,0,7,75.869,151.74,0,0,0,1,15,consensus,/maintenance/ICIGDev/GPUPOC/output/output297/win2048_nfauto/band1_toL8Ref/filtered_same-res_dedode_L-C4_G-C4
602,band1,win2048_nfauto,dedode_L-C4_G-C4,lgm,ransac90,,,,,0,7,75.869,151.74,0,0,0,1,6,consensus,/maintenance/ICIGDev/GPUPOC/output/output297/win2048_nfauto/band1_toL8Ref/filtered_same-res_dedode_L-C4_G-C4
603,band1,win2048_nfauto,dedode_L-C4_G-C4,smnn0.9,lmeds90,,,,,0,7,75.805,151.61,0,0,0,1,6,consensus,/maintenance/ICIGDev/GPUPOC/output/output297/win2048_nfauto/band1_toL8Ref/filtered_same-res_dedode_L-C4_G-C4
604,band1,win2048_nfauto,dedode_L-C4_G-C4,smnn0.95,accurate90,,,,,0,7,30.141,150.7,0,0,0,1,8,consensus,/maintenance/ICIGDev/GPUPOC/output/output297/win2048_nfauto/band1_toL8Ref/filtered_same-res_dedode_L-C4_G-C4
605,band1,win2048_nfauto,dedode_L-C4_G-C4,smnn0.95,lmeds90,,,,,0,7,30.141,150.7,0,0,0,2,34,consensus,/maintenance/ICIGDev/GPUPOC/output/output297/win2048_nfauto/band1_toL8Ref/filtered_same-res_dedode_L-C4_G-C4
606,band1,win2048_nfauto,dedode_L-C4_G-C4,smnn0.95,magsac90,,,,,0,7,30.141,150.7,0,0,0,1,7,consensus,/maintenance/ICIGDev/GPUPOC/output/output297/win2048_nfauto/band1_toL8Ref/filtered_same-res_dedode_L-C4_G-C4
607,band1,win2048_nfauto,dedode_L-C4_G-C4,smnn0.95,ransac90,,,,,0,7,30.141,150.7,0,0,0,1,8,consensus,/maintenance/ICIGDev/GPUPOC/output/output297/win2048_nfauto/band1_toL8Ref/filtered_same-res_dedode_L-C4_G-C4
608,band1,win2048_nfauto,dedode_L-C4_G-C4,snn,accurate90,,,,,0,7,50.001,150.0,0,0,0,1,75,consensus,/maintenance/ICIGDev/GPUPOC/output/output297/win2048_nfauto/band1_toL8Ref/filtered_same-res_dedode_L-C4_G-C4
609,band1,win2048_nfauto,dedode_L-C4_G-C4,snn,lmeds90,,,,,0,7,50.001,150.0,0,0,0,1,133,consensus,/maintenance/ICIGDev/GPUPOC/output/output297/win2048_nfauto/band1_toL8Ref/filtered_same-res_dedode_L-C4_G-C4
610,band1,win2048_nfauto,dedode_L-C4_G-C4,snn,magsac90,,,,,0,7,50.001,150.0,0,0,0,1,60,consensus,/maintenance/ICIGDev/GPUPOC/output/output297/win2048_nfauto/band1_toL8Ref/filtered_same-res_dedode_L-C4_G-C4
611,band1,win2048_nfauto,dedode_L-C4_G-C4,snn,ransac90,,,,,0,7,50.001,150.0,0,0,0,1,65,consensus,/maintenance/ICIGDev/GPUPOC/output/output297/win2048_nfauto/band1_toL8Ref/filtered_same-res_dedode_L-C4_G-C4
612,band1,win2048_nfauto,dedode_L-C4-v2_B-C4,lgm,accurate90,,,,,0,7,113.883,227.77,0,0,0,1,22,consensus,/maintenance/ICIGDev/GPUPOC/output/output297/win2048_nfauto/band1_toL8Ref/filtered_same-res_dedode_L-C4-v2_B-C4
613,band1,win2048_nfauto,dedode_L-C4-v2_B-C4,lgm,magsac90,,,,,0,7,113.883,227.77,0,0,0,1,22,consensus,/maintenance/ICIGDev/GPUPOC/output/output297/win2048_nfauto/band1_toL8Ref/filtered_same-res_dedode_L-C4-v2_B-C4
614,band1,win2048_nfauto,dedode_L-C4-v2_B-C4,lgm,ransac90,,,,,0,7,113.883,227.77,0,0,0,1,17,consensus,/maintenance/ICIGDev/GPUPOC/output/output297/win2048_nfauto/band1_toL8Ref/filtered_same-res_dedode_L-C4-v2_B-C4
615,band1,win2048_nfauto,dedode_L-C4-v2_G-upright,lgm,accurate90,,,,,0,7,76.444,152.89,0,0,0,1,11,consensus,/maintenance/ICIGDev/GPUPOC/output/output297/win2048_nfauto/band1_toL8Ref/filtered_same-res_dedode_L-C4-v2_G-upright
616,band1,win2048_nfauto,dedode_L-C4-v2_G-upright,lgm,lmeds90,,,,,0,7,76.444,152.89,0,0,0,1,6,consensus,/maintenance/ICIGDev/GPUPOC/output/output297/win2048_nfauto/band1_toL8Ref/filtered_same-res_dedode_L-C4-v2_G-upright
617,band1,win2048_nfauto,dedode_L-C4-v2_G-upright,lgm,magsac90,,,,,0,7,76.444,152.89,0,0,0,1,10,consensus,/maintenance/ICIGDev/GPUPOC/output/output297/win2048_nfauto/band1_toL8Ref/filtered_same-res_dedode_L-C4-v2_G-upright
618,band1,win2048_nfauto,dedode_L-C4-v2_G-upright,lgm,ransac90,,,,,0,7,76.444,152.89,0,0,0,1,10,consensus,/maintenance/ICIGDev/GPUPOC/output/output297/win2048_nfauto/band1_toL8Ref/filtered_same-res_dedode_L-C4-v2_G-upright
619,band1,win2048_nfauto,dedode_L-C4-v2_G-upright,smnn0.9,accurate90,,,,,0,7,39.344,157.38,0,0,0,3,26,consensus,/maintenance/ICIGDev/GPUPOC/output/output297/win2048_nfauto/band1_toL8Ref/filtered_same-res_dedode_L-C4-v2_G-upright
620,band1,win2048_nfauto,dedode_L-C4-v2_G-upright,smnn0.9,lmeds90,,,,,0,7,39.344,157.38,0,0,0,3,43,consensus,/maintenance/ICIGDev/GPUPOC/output/output297/win2048_nfauto/band1_toL8Ref/filtered_same-res_dedode_L-C4-v2_G-upright
621,band1,win2048_nfauto,dedode_L-C4-v2_G-upright,smnn0.9,magsac90,,,,,0,7,39.344,157.38,0,0,0,2,17,consensus,/maintenance/ICIGDev/GPUPOC/output/output297/win2048_nfauto/band1_toL8Ref/filtered_same-res_dedode_L-C4-v2_G-upright
622,band1,win2048_nfauto,dedode_L-C4-v2_G-upright,smnn0.9,ransac90,,,,,0,7,39.344,157.38,0,0,0,2,19,consensus,/maintenance/ICIGDev/GPUPOC/output/output297/win2048_nfauto/band1_toL8Ref/filtered_same-res_dedode_L-C4-v2_G-upright
623,band1,win2048_nfauto,dedode_L-C4-v2_G-upright,smnn0.95,accurate90,,,,,0,7,21.662,151.63,0,0,0,3,92,consensus,/maintenance/ICIGDev/GPUPOC/output/output297/win2048_nfauto/band1_toL8Ref/filtered_same-res_dedode_L-C4-v2_G-upright
624,band1,win2048_nfauto,dedode_L-C4-v2_G-upright,smnn0.95,lmeds90,,,,,0,7,21.662,151.63,0,0,0,1,16,consensus,/maintenance/ICIGDev/GPUPOC/output/output297/win2048_nfauto/band1_toL8Ref/filtered_same-res_dedode_L-C4-v2_G-upright
625,band1,win2048_nfauto,dedode_L-C4-v2_G-upright,smnn0.95,magsac90,,,,,0,7,21.662,151.63,0,0,0,1,6,consensus,/maintenance/ICIGDev/GPUPOC/output/output297/win2048_nfauto/band1_toL8Ref/filtered_same-res_dedode_L-C4-v2_G-upright
626,band1,win2048_nfauto,dedode_L-C4-v2_G-upright,smnn0.95,ransac90,,,,,0,7,21.662,151.63,0,0,0,1,6,consensus,/maintenance/ICIGDev/GPUPOC/output/output297/win2048_nfauto/band1_toL8Ref/filtered_same-res_dedode_L-C4-v2_G-upright
627,band1,win2048_nfauto,dedode_L-C4-v2_G-upright,snn,accurate90,,,,,0,7,30.125,150.62,0,0,0,2,16,consensus,/maintenance/ICIGDev/GPUPOC/output/output297/win2048_nfauto/band1_toL8Ref/filtered_same-res_dedode_L-C4-v2_G-upright
628,band1,win2048_nfauto,dedode_L-C4-v2_G-upright,snn,lmeds90,,,,,0,7,30.125,150.62,0,0,0,2,19,consensus,/maintenance/ICIGDev/GPUPOC/output/output297/win2048_nfauto/band1_toL8Ref/filtered_same-res_dedode_L-C4-v2_G-upright
629,band1,win2048_nfauto,dedode_L-C4-v2_G-upright,snn,magsac90,,,,,0,7,30.125,150.62,0,0,0,2,13,consensus,/maintenance/ICIGDev/GPUPOC/output/output297/win2048_nfauto/band1_toL8Ref/filtered_same-res_dedode_L-C4-v2_G-upright
630,band1,win2048_nfauto,dedode_L-C4-v2_G-upright,snn,ransac90,,,,,0,7,30.125,150.62,0,0,0,2,16,consensus,/maintenance/ICIGDev/GPUPOC/output/output297/win2048_nfauto/band1_toL8Ref/filtered_same-res_dedode_L-C4-v2_G-upright
631,band1,win2048_nfauto,dedode_L-C4-v2_G-C4,ada,ransac90,,,,,0,7,150.035,150.03,0,0,0,1,170,consensus,/maintenance/ICIGDev/GPUPOC/output/output297/win2048_nfauto/band1_toL8Ref/filtered_same-res_dedode_L-C4-v2_G-C4
632,band1,win2048_nfauto,dedode_L-C4-v2_G-C4,fginn,accurate90,,,,,0,7,18.626,149.01,0,0,0,1,16,consensus,/maintenance/ICIGDev/GPUPOC/output/output297/win2048_nfauto/band1_toL8Ref/filtered_same-res_dedode_L-C4-v2_G-C4
633,band1,win2048_nfauto,dedode_L-C4-v2_G-C4,fginn,magsac90,,,,,0,7,18.626,149.01,0,0,0,1,16,consensus,/maintenance/ICIGDev/GPUPOC/output/output297/win2048_nfauto/band1_toL8Ref/filtered_same-res_dedode_L-C4-v2_G-C4
634,band1,win2048_nfauto,dedode_L-C4-v2_G-C4,mnn,magsac90,,,,,0,7,18.319,146.55,0,0,7,6,556,consensus,/maintenance/ICIGDev/GPUPOC/output/output297/win2048_nfauto/band1_toL8Ref/filtered_same-res_dedode_L-C4-v2_G-C4
635,band1,win2048_nfauto,dedode_L-C4-v2_G-C4,smnn0.9,accurate90,,,,,0,7,31.493,157.47,0,0,0,1,16,consensus,/maintenance/ICIGDev/GPUPOC/output/output297/win2048_nfauto/band1_toL8Ref/filtered_same-res_dedode_L-C4-v2_G-C4
636,band1,win2048_nfauto,dedode_L-C4-v2_G-C4,smnn0.9,lmeds90,,,,,0,7,31.493,157.47,0,0,0,1,47,consensus,/maintenance/ICIGDev/GPUPOC/output/output297/win2048_nfauto/band1_toL8Ref/filtered_same-res_dedode_L-C4-v2_G-C4
637,band1,win2048_nfauto,dedode_L-C4-v2_G-C4,smnn0.9,magsac90,,,,,0,7,31.493,157.47,0,0,0,1,11,consensus,/maintenance/ICIGDev/GPUPOC/output/output297/win2048_nfauto/band1_toL8Ref/filtered_same-res_dedode_L-C4-v2_G-C4
638,band1,win2048_nfauto,dedode_L-C4-v2_G-C4,smnn0.9,ransac90,,,,,0,7,31.493,157.47,0,0,0,1,16,consensus,/maintenance/ICIGDev/GPUPOC/output/output297/win2048_nfauto/band1_toL8Ref/filtered_same-res_dedode_L-C4-v2_G-C4
639,band1,win2048_nfauto,dedode_L-C4-v2_G-C4,smnn0.95,accurate90,,,,,0,7,18.858,150.86,0,0,0,3,80,consensus,/maintenance/ICIGDev/GPUPOC/output/output297/win2048_nfauto/band1_toL8Ref/filtered_same-res_dedode_L-C4-v2_G-C4
640,band1,win2048_nfauto,dedode_L-C4-v2_G-C4,smnn0.95,lmeds90,,,,,0,7,18.858,150.86,0,0,0,3,259,consensus,/maintenance/ICIGDev/GPUPOC/output/output297/win2048_nfauto/band1_toL8Ref/filtered_same-res_dedode_L-C4-v2_G-C4
641,band1,win2048_nfauto,dedode_L-C4-v2_G-C4,smnn0.95,magsac90,,,,,0,7,18.858,150.86,0,0,0,3,73,consensus,/maintenance/ICIGDev/GPUPOC/output/output297/win2048_nfauto/band1_toL8Ref/filtered_same-res_dedode_L-C4-v2_G-C4
642,band1,win2048_nfauto,dedode_L-C4-v2_G-C4,smnn0.95,ransac90,,,,,0,7,18.858,150.86,0,0,0,3,76,consensus,/maintenance/ICIGDev/GPUPOC/output/output297/win2048_nfauto/band1_toL8Ref/filtered_same-res_dedode_L-C4-v2_G-C4
643,band1,win2048_nfauto,dedode_L-C4-v2_G-C4,snn,accurate90,,,,,0,7,37.281,149.13,0,0,0,1,16,consensus,/maintenance/ICIGDev/GPUPOC/output/output297/win2048_nfauto/band1_toL8Ref/filtered_same-res_dedode_L-C4-v2_G-C4
644,band1,win2048_nfauto,dedode_L-C4-v2_G-C4,snn,lmeds90,,,,,0,7,37.281,149.13,0,0,0,1,70,consensus,/maintenance/ICIGDev/GPUPOC/output/output297/win2048_nfauto/band1_toL8Ref/filtered_same-res_dedode_L-C4-v2_G-C4
645,band1,win2048_nfauto,dedode_L-C4-v2_G-C4,snn,magsac90,,,,,0,7,37.281,149.13,0,0,0,1,16,consensus,/maintenance/ICIGDev/GPUPOC/output/output297/win2048_nfauto/band1_toL8Ref/filtered_same-res_dedode_L-C4-v2_G-C4
646,band1,win2048_nfauto,dedode_L-C4-v2_G-C4,snn,ransac90,,,,,0,7,37.281,149.13,0,0,0,1,28,consensus,/maintenance/ICIGDev/GPUPOC/output/output297/win2048_nfauto/band1_toL8Ref/filtered_same-res_dedode_L-C4-v2_G-C4
647,band1,win2048_nfauto,imw-rdd-nn,internal,accurate90,,,,,0,7,151.028,151.03,0,0,0,1,278,consensus,/maintenance/ICIGDev/GPUPOC/output/output297/win2048_nfauto/band1_toL8Ref/filtered_same-res_imw-rdd-nn
648,band1,win2048_nfauto,imw-rdd-nn,internal,lmeds90,,,,,0,7,151.028,151.03,0,0,0,1,523,consensus,/maintenance/ICIGDev/GPUPOC/output/output297/win2048_nfauto/band1_toL8Ref/filtered_same-res_imw-rdd-nn
649,band1,win2048_nfauto,imw-rdd-nn,internal,magsac90,,,,,0,7,151.028,151.03,0,0,0,1,219,consensus,/maintenance/ICIGDev/GPUPOC/output/output297/win2048_nfauto/band1_toL8Ref/filtered_same-res_imw-rdd-nn
650,band1,win2048_nfauto,imw-rdd-nn,internal,ransac90,,,,,0,7,151.028,151.03,0,0,0,1,229,consensus,/maintenance/ICIGDev/GPUPOC/output/output297/win2048_nfauto/band1_toL8Ref/filtered_same-res_imw-rdd-nn
