In_X,In_Y,Ref_X,Ref_Y,DX_Err,DY_Err,Row,In_Lon,In_Lat,Ref_Lon,Ref_Lat,channel,reference,detector,matcher,match_parameter,ransac_method,ransac_threshold,ransac_confidence,pair_id,scan,pix,source_file
2086.875,26489.166,63714.364,-14698.045,-61627.489,41187.211,1,74.81506645,14.27686368,75.38525862,13.90387352,band1,L8Ref,imw-minima-roma,internal,,magsac,630.0,0.99,10,16,751,imw-minima-roma_band1_toL8Ref_pair010_scan16_pix751_internal_aff_magsac_630.0_0.99_.csv
4449.374,28484.164,65066.885,-13853.780,-60617.511,42337.945,2,74.83696465,14.29489239,75.39779301,13.91147368,band1,L8Ref,imw-minima-roma,internal,,magsac,630.0,0.99,10,16,751,imw-minima-roma_band1_toL8Ref_pair010_scan16_pix751_internal_aff_magsac_630.0_0.99_.csv
4449.374,25159.169,65373.396,-14908.446,-60924.023,40067.615,3,74.83695927,14.26483997,75.40060417,13.90193386,band1,L8Ref,imw-minima-roma,internal,,magsac,630.0,0.99,10,16,751,imw-minima-roma_band1_toL8Ref_pair010_scan16_pix751_internal_aff_magsac_630.0_0.99_.csv
4921.880,27819.163,65422.380,-14028.517,-60500.500,41847.680,4,74.84134286,14.28888111,75.40107827,13.90988609,band1,L8Ref,imw-minima-roma,internal,,magsac,630.0,0.99,10,16,751,imw-minima-roma_band1_toL8Ref_pair010_scan16_pix751_internal_aff_magsac_630.0_0.99_.csv
25475.625,-20725.833,84285.307,-27034.043,-58809.682,6308.210,5,75.03139008,13.84999423,75.57521833,13.79183386,band1,L8Ref,imw-minima-roma,internal,,magsac,630.0,0.99,10,16,751,imw-minima-roma_band1_toL8Ref_pair010_scan16_pix751_internal_aff_magsac_630.0_0.99_.csv
2323.124,30479.163,63683.713,-13520.045,-61360.589,43999.207,6,74.81725931,14.31292634,75.38500221,13.91452174,band1,L8Ref,imw-minima-roma,internal,,magsac,630.0,0.99,10,16,751,imw-minima-roma_band1_toL8Ref_pair010_scan16_pix751_internal_aff_magsac_630.0_0.99_.csv
3976.876,29149.170,64730.698,-13676.920,-60753.821,42826.090,7,74.83258630,14.30090363,75.39468642,13.91307999,band1,L8Ref,imw-minima-roma,internal,,magsac,630.0,0.99,10,16,751,imw-minima-roma_band1_toL8Ref_pair010_scan16_pix751_internal_aff_magsac_630.0_0.99_.csv
30200.625,-18952.497,85967.785,-25981.232,-55767.160,7028.736,8,75.07511843,13.86597627,75.59081100,13.80129913,band1,L8Ref,imw-minima-roma,internal,,magsac,630.0,0.99,10,16,751,imw-minima-roma_band1_toL8Ref_pair010_scan16_pix751_internal_aff_magsac_630.0_0.99_.csv
26893.130,-24715.830,85493.570,-28046.939,-58600.440,3331.110,9,75.04446393,13.81391678,75.58636121,13.78264234,band1,L8Ref,imw-minima-roma,internal,,magsac,630.0,0.99,10,16,751,imw-minima-roma_band1_toL8Ref_pair010_scan16_pix751_internal_aff_magsac_630.0_0.99_.csv
10119.377,22055.830,68574.821,-15206.017,-58455.444,37261.848,10,74.88949311,14.23677618,75.43021836,13.89916829,band1,L8Ref,imw-minima-roma,internal,,magsac,630.0,0.99,10,16,751,imw-minima-roma_band1_toL8Ref_pair010_scan16_pix751_internal_aff_magsac_630.0_0.99_.csv
3268.129,30257.501,64233.468,-13472.018,-60965.339,43729.518,11,74.82601845,14.31092196,75.39009029,13.91494338,band1,L8Ref,imw-minima-roma,internal,,magsac,630.0,0.99,10,16,751,imw-minima-roma_band1_toL8Ref_pair010_scan16_pix751_internal_aff_magsac_630.0_0.99_.csv
21695.623,9864.163,77447.717,-18331.216,-55752.094,28195.379,12,74.99666368,14.12651703,75.51222713,13.87069135,band1,L8Ref,imw-minima-roma,internal,,magsac,630.0,0.99,10,16,751,imw-minima-roma_band1_toL8Ref_pair010_scan16_pix751_internal_aff_magsac_630.0_0.99_.csv
22168.130,-13189.164,81394.907,-24950.215,-59226.777,11761.051,13,75.00085442,13.91814361,75.54854878,13.81075359,band1,L8Ref,imw-minima-roma,internal,,magsac,630.0,0.99,10,16,751,imw-minima-roma_band1_toL8Ref_pair010_scan16_pix751_internal_aff_magsac_630.0_0.99_.csv
27129.375,-12080.829,83597.451,-24311.794,-56468.076,12230.965,14,75.04677323,13.92811816,75.56893934,13.81645973,band1,L8Ref,imw-minima-roma,internal,,magsac,630.0,0.99,10,16,751,imw-minima-roma_band1_toL8Ref_pair010_scan16_pix751_internal_aff_magsac_630.0_0.99_.csv
5866.877,28484.164,65907.300,-13525.899,-60040.422,42010.063,15,74.85010271,14.29488980,75.40557721,13.91441779,band1,L8Ref,imw-minima-roma,internal,,magsac,630.0,0.99,10,16,751,imw-minima-roma_band1_toL8Ref_pair010_scan16_pix751_internal_aff_magsac_630.0_0.99_.csv
6575.625,25602.498,66545.303,-14512.350,-59969.678,40114.848,16,74.85666480,14.26884277,75.41145694,13.90548665,band1,L8Ref,imw-minima-roma,internal,,magsac,630.0,0.99,10,16,751,imw-minima-roma_band1_toL8Ref_pair010_scan16_pix751_internal_aff_magsac_630.0_0.99_.csv
25239.375,-9642.501,82079.240,-23775.098,-56839.865,14132.597,17,75.02930605,13.95017487,75.55491308,13.82135526,band1,L8Ref,imw-minima-roma,internal,,magsac,630.0,0.99,10,16,751,imw-minima-roma_band1_toL8Ref_pair010_scan16_pix751_internal_aff_magsac_630.0_0.99_.csv
3268.129,30035.834,64252.920,-13566.725,-60984.791,43602.559,18,74.82601819,14.30891847,75.39026808,13.91408691,band1,L8Ref,imw-minima-roma,internal,,magsac,630.0,0.99,10,16,751,imw-minima-roma_band1_toL8Ref_pair010_scan16_pix751_internal_aff_magsac_630.0_0.99_.csv
6575.625,27597.496,66416.300,-13657.838,-59840.675,41255.334,19,74.85666958,14.28687424,75.41028389,13.91321332,band1,L8Ref,imw-minima-roma,internal,,magsac,630.0,0.99,10,16,751,imw-minima-roma_band1_toL8Ref_pair010_scan16_pix751_internal_aff_magsac_630.0_0.99_.csv
26420.630,-14519.166,83733.725,-25194.194,-57313.095,10675.028,20,75.04019135,13.90608558,75.57017300,13.80848000,band1,L8Ref,imw-minima-roma,internal,,magsac,630.0,0.99,10,16,751,imw-minima-roma_band1_toL8Ref_pair010_scan16_pix751_internal_aff_magsac_630.0_0.99_.csv
28310.620,-21834.168,85668.810,-27093.220,-57358.190,5259.052,21,75.05760403,13.83994935,75.58801140,13.79125736,band1,L8Ref,imw-minima-roma,internal,,magsac,630.0,0.99,10,16,751,imw-minima-roma_band1_toL8Ref_pair010_scan16_pix751_internal_aff_magsac_630.0_0.99_.csv
28783.130,-30035.829,86948.536,-29526.953,-58165.407,-508.876,22,75.06188932,13.76581235,75.59976989,13.76922063,band1,L8Ref,imw-minima-roma,internal,,magsac,630.0,0.99,10,16,751,imw-minima-roma_band1_toL8Ref_pair010_scan16_pix751_internal_aff_magsac_630.0_0.99_.csv
31381.875,-20282.499,86657.348,-26302.500,-55275.473,6020.001,23,75.08603129,13.85394194,75.59717838,13.79837424,band1,L8Ref,imw-minima-roma,internal,,magsac,630.0,0.99,10,16,751,imw-minima-roma_band1_toL8Ref_pair010_scan16_pix751_internal_aff_magsac_630.0_0.99_.csv
4213.125,28927.503,64884.338,-13708.585,-60671.213,42636.088,24,74.83477567,14.29889979,75.39610732,13.91279025,band1,L8Ref,imw-minima-roma,internal,,magsac,630.0,0.99,10,16,751,imw-minima-roma_band1_toL8Ref_pair010_scan16_pix751_internal_aff_magsac_630.0_0.99_.csv
31854.375,-27375.834,87755.666,-28439.401,-55901.291,1063.567,25,75.09032040,13.78982225,75.60726820,13.77902566,band1,L8Ref,imw-minima-roma,internal,,magsac,630.0,0.99,10,16,751,imw-minima-roma_band1_toL8Ref_pair010_scan16_pix751_internal_aff_magsac_630.0_0.99_.csv
16734.375,-16514.160,78075.232,-26199.804,-61340.857,9685.644,26,74.95055406,13.88812751,75.51780991,13.79955270,band1,L8Ref,imw-minima-roma,internal,,magsac,630.0,0.99,10,16,751,imw-minima-roma_band1_toL8Ref_pair010_scan16_pix751_internal_aff_magsac_630.0_0.99_.csv
3268.129,28705.831,64378.139,-14055.731,-61110.011,42761.562,27,74.82601661,14.29689750,75.39141533,13.90966411,band1,L8Ref,imw-minima-roma,internal,,magsac,630.0,0.99,10,16,751,imw-minima-roma_band1_toL8Ref_pair010_scan16_pix751_internal_aff_magsac_630.0_0.99_.csv
30909.380,-16292.493,85778.351,-25162.682,-54868.971,8870.190,28,75.08170506,13.89001151,75.58908443,13.80870347,band1,L8Ref,imw-minima-roma,internal,,magsac,630.0,0.99,10,16,751,imw-minima-roma_band1_toL8Ref_pair010_scan16_pix751_internal_aff_magsac_630.0_0.99_.csv
19333.125,-13189.164,79149.527,-24998.501,-59816.402,11809.337,29,74.97462126,13.91816444,75.52777998,13.81038096,band1,L8Ref,imw-minima-roma,internal,,magsac,630.0,0.99,10,16,751,imw-minima-roma_band1_toL8Ref_pair010_scan16_pix751_internal_aff_magsac_630.0_0.99_.csv
30436.870,-11859.171,85128.663,-24062.028,-54691.793,12202.857,30,75.07738225,13.93008792,75.58310950,13.81867154,band1,L8Ref,imw-minima-roma,internal,,magsac,630.0,0.99,10,16,751,imw-minima-roma_band1_toL8Ref_pair010_scan16_pix751_internal_aff_magsac_630.0_0.99_.csv
27838.125,-16957.503,84715.288,-25711.856,-56877.163,8754.353,31,75.05328257,13.88403264,75.57923545,13.80377177,band1,L8Ref,imw-minima-roma,internal,,magsac,630.0,0.99,10,16,751,imw-minima-roma_band1_toL8Ref_pair010_scan16_pix751_internal_aff_magsac_630.0_0.99_.csv
7756.877,26267.504,67151.640,-13930.242,-59394.763,40197.746,32,74.86761381,14.27485033,75.41708141,13.91073376,band1,L8Ref,imw-minima-roma,internal,,magsac,630.0,0.99,10,16,751,imw-minima-roma_band1_toL8Ref_pair010_scan16_pix751_internal_aff_magsac_630.0_0.99_.csv
26656.880,-14519.166,83828.087,-25169.229,-57171.207,10650.063,33,75.04237733,13.90608336,75.57104649,13.80870285,band1,L8Ref,imw-minima-roma,internal,,magsac,630.0,0.99,10,16,751,imw-minima-roma_band1_toL8Ref_pair010_scan16_pix751_internal_aff_magsac_630.0_0.99_.csv
28546.880,-10972.503,84045.577,-23966.071,-55498.697,12993.567,34,75.05990187,13.93812195,75.57309466,13.81957130,band1,L8Ref,imw-minima-roma,internal,,magsac,630.0,0.99,10,16,751,imw-minima-roma_band1_toL8Ref_pair010_scan16_pix751_internal_aff_magsac_630.0_0.99_.csv
29491.875,-25824.174,86655.300,-28158.537,-57163.425,2334.363,35,75.06848820,13.80387286,75.59710119,13.78159825,band1,L8Ref,imw-minima-roma,internal,,magsac,630.0,0.99,10,16,751,imw-minima-roma_band1_toL8Ref_pair010_scan16_pix751_internal_aff_magsac_630.0_0.99_.csv
17206.875,-16735.836,78659.224,-26289.340,-61452.349,9553.504,36,74.95492429,13.88612101,75.52320841,13.79872722,band1,L8Ref,imw-minima-roma,internal,,magsac,630.0,0.99,10,16,751,imw-minima-roma_band1_toL8Ref_pair010_scan16_pix751_internal_aff_magsac_630.0_0.99_.csv
32090.625,-23607.504,87446.958,-27300.035,-55356.333,3692.531,37,75.09254908,13.82388032,75.60444945,13.78933355,band1,L8Ref,imw-minima-roma,internal,,magsac,630.0,0.99,10,16,751,imw-minima-roma_band1_toL8Ref_pair010_scan16_pix751_internal_aff_magsac_630.0_0.99_.csv
31618.125,-20504.166,86780.087,-26343.509,-55161.962,5839.343,38,75.08821423,13.85193573,75.59831224,13.79799981,band1,L8Ref,imw-minima-roma,internal,,magsac,630.0,0.99,10,16,751,imw-minima-roma_band1_toL8Ref_pair010_scan16_pix751_internal_aff_magsac_630.0_0.99_.csv
30200.625,-26489.166,86990.440,-28309.654,-56789.815,1820.488,39,75.07503596,13.79785473,75.60019572,13.78022206,band1,L8Ref,imw-minima-roma,internal,,magsac,630.0,0.99,10,16,751,imw-minima-roma_band1_toL8Ref_pair010_scan16_pix751_internal_aff_magsac_630.0_0.99_.csv
30909.380,-22499.160,86848.503,-27069.966,-55939.123,4570.807,40,75.08163554,13.83391147,75.59892213,13.79143152,band1,L8Ref,imw-minima-roma,internal,,magsac,630.0,0.99,10,16,751,imw-minima-roma_band1_toL8Ref_pair010_scan16_pix751_internal_aff_magsac_630.0_0.99_.csv
31145.630,-24494.163,87210.304,-27634.444,-56064.674,3140.281,41,75.08379832,13.81587667,75.60225030,13.78631827,band1,L8Ref,imw-minima-roma,internal,,magsac,630.0,0.99,10,16,751,imw-minima-roma_band1_toL8Ref_pair010_scan16_pix751_internal_aff_magsac_630.0_0.99_.csv
98319.375,16957.498,96785.581,9321.815,1533.794,7635.683,42,75.70657707,14.18899967,75.69209932,14.12003817,band1,L8Ref,imw-minima-roma,internal,,magsac,630.0,0.99,11,16,752,imw-minima-roma_band1_toL8Ref_pair011_scan16_pix752_internal_aff_magsac_630.0_0.99_.csv
45635.620,-10307.493,46162.982,-17709.656,-527.362,7402.164,43,75.21805370,13.94390823,75.22281019,13.87699409,band1,L8Ref,imw-minima-roma,internal,,magsac,630.0,0.99,11,16,752,imw-minima-roma_band1_toL8Ref_pair011_scan16_pix752_internal_aff_magsac_630.0_0.99_.csv
52112.668,16994.787,52513.128,9776.665,-400.460,7218.122,44,75.27851093,14.19056903,75.28208316,14.12532084,band1,L8Ref,imw-minima-roma,internal,,magsac,630.0,0.99,11,16,752,imw-minima-roma_band1_toL8Ref_pair011_scan16_pix752_internal_aff_magsac_630.0_0.99_.csv
111509.798,12877.908,109869.372,4549.999,1640.426,8327.909,45,75.82860913,14.15163606,75.81308221,14.07642908,band1,L8Ref,imw-minima-roma,internal,,magsac,630.0,0.99,11,16,752,imw-minima-roma_band1_toL8Ref_pair011_scan16_pix752_internal_aff_magsac_630.0_0.99_.csv
67843.125,58409.167,67501.833,50881.998,341.292,7527.169,46,75.42526409,14.56454329,75.42191194,14.49652198,band1,L8Ref,imw-minima-roma,internal,,magsac,630.0,0.99,11,16,752,imw-minima-roma_band1_toL8Ref_pair011_scan16_pix752_internal_aff_magsac_630.0_0.99_.csv
64887.010,32195.897,64789.380,24896.665,97.630,7299.232,47,75.39721392,14.32769674,75.39613689,14.26172645,band1,L8Ref,imw-minima-roma,internal,,magsac,630.0,0.99,11,16,752,imw-minima-roma_band1_toL8Ref_pair011_scan16_pix752_internal_aff_magsac_630.0_0.99_.csv
87688.125,16070.835,86430.547,8467.898,1257.578,7602.937,48,75.60805952,14.18133623,75.59617081,14.11265632,band1,L8Ref,imw-minima-roma,internal,,magsac,630.0,0.99,11,16,752,imw-minima-roma_band1_toL8Ref_pair011_scan16_pix752_internal_aff_magsac_630.0_0.99_.csv
41087.231,3380.482,41645.628,-3850.002,-558.397,7230.484,49,75.17616548,14.06769827,75.18122655,14.00233674,band1,L8Ref,imw-minima-roma,internal,,magsac,630.0,0.99,11,16,752,imw-minima-roma_band1_toL8Ref_pair011_scan16_pix752_internal_aff_magsac_630.0_0.99_.csv
43812.157,42400.362,44261.874,35163.336,-449.717,7237.026,50,75.20201798,14.42033286,75.20607180,14.35491648,band1,L8Ref,imw-minima-roma,internal,,magsac,630.0,0.99,11,16,752,imw-minima-roma_band1_toL8Ref_pair011_scan16_pix752_internal_aff_magsac_630.0_0.99_.csv
34982.222,7164.366,35809.379,70.002,-827.157,7094.364,51,75.11968542,14.10198138,75.12725322,14.03784817,band1,L8Ref,imw-minima-roma,internal,,magsac,630.0,0.99,11,16,752,imw-minima-roma_band1_toL8Ref_pair011_scan16_pix752_internal_aff_magsac_630.0_0.99_.csv
39256.870,27597.496,39860.813,20423.099,-603.943,7174.397,52,75.15956309,14.28660858,75.16505650,14.22175533,band1,L8Ref,imw-minima-roma,internal,,magsac,630.0,0.99,11,16,752,imw-minima-roma_band1_toL8Ref_pair011_scan16_pix752_internal_aff_magsac_630.0_0.99_.csv
113439.375,61734.165,111162.402,53849.470,2276.973,7884.695,53,75.84849945,14.59312591,75.82704872,14.52195684,band1,L8Ref,imw-minima-roma,internal,,magsac,630.0,0.99,11,16,752,imw-minima-roma_band1_toL8Ref_pair011_scan16_pix752_internal_aff_magsac_630.0_0.99_.csv
29098.130,16070.835,30238.858,9064.354,-1140.728,7006.481,54,75.06528886,14.18254929,75.07577950,14.11920930,band1,L8Ref,imw-minima-roma,internal,,magsac,630.0,0.99,11,16,752,imw-minima-roma_band1_toL8Ref_pair011_scan16_pix752_internal_aff_magsac_630.0_0.99_.csv
86506.875,-15184.167,85311.460,-23022.916,1195.415,7838.749,55,75.59613526,13.89887337,75.58483235,13.82805818,band1,L8Ref,imw-minima-roma,internal,,magsac,630.0,0.99,11,16,752,imw-minima-roma_band1_toL8Ref_pair011_scan16_pix752_internal_aff_magsac_630.0_0.99_.csv
84597.764,-611.831,83505.627,-8330.004,1092.137,7718.173,56,75.57891841,14.03064457,75.56857381,13.96091582,band1,L8Ref,imw-minima-roma,internal,,magsac,630.0,0.99,11,16,752,imw-minima-roma_band1_toL8Ref_pair011_scan16_pix752_internal_aff_magsac_630.0_0.99_.csv
90523.125,-12967.497,89267.696,-20787.212,1255.429,7819.715,57,75.63336827,13.91878309,75.62149841,13.84814363,band1,L8Ref,imw-minima-roma,internal,,magsac,630.0,0.99,11,16,752,imw-minima-roma_band1_toL8Ref_pair011_scan16_pix752_internal_aff_magsac_630.0_0.99_.csv
81581.164,-18303.809,80688.123,-26063.328,893.042,7759.519,58,75.55046793,13.87082269,75.54197923,13.80071284,band1,L8Ref,imw-minima-roma,internal,,magsac,630.0,0.99,11,16,752,imw-minima-roma_band1_toL8Ref_pair011_scan16_pix752_internal_aff_magsac_630.0_0.99_.csv
88869.365,-6095.829,87667.640,-13877.140,1201.726,7781.311,59,75.61828705,13.98094584,75.60691675,13.91065128,band1,L8Ref,imw-minima-roma,internal,,magsac,630.0,0.99,11,16,752,imw-minima-roma_band1_toL8Ref_pair011_scan16_pix752_internal_aff_magsac_630.0_0.99_.csv
48234.380,74590.834,48538.906,67152.496,-304.527,7438.339,60,75.24359352,14.71119142,75.24628934,14.64396192,band1,L8Ref,imw-minima-roma,internal,,magsac,630.0,0.99,11,16,752,imw-minima-roma_band1_toL8Ref_pair011_scan16_pix752_internal_aff_magsac_630.0_0.99_.csv
58865.630,34247.502,59052.673,26931.414,-187.043,7316.088,61,75.34144123,14.34637179,75.34301803,14.28024316,band1,L8Ref,imw-minima-roma,internal,,magsac,630.0,0.99,11,16,752,imw-minima-roma_band1_toL8Ref_pair011_scan16_pix752_internal_aff_magsac_630.0_0.99_.csv
148404.394,63950.835,145133.578,55590.766,3270.817,8360.069,62,76.17310564,14.61153339,76.14230656,14.53614851,band1,L8Ref,imw-minima-roma,internal,,magsac,630.0,0.99,11,16,752,imw-minima-roma_band1_toL8Ref_pair011_scan16_pix752_internal_aff_magsac_630.0_0.99_.csv
38120.657,-740.406,38828.124,-7956.663,-707.467,7216.257,63,75.14864006,14.03049295,75.15508798,13.96525836,band1,L8Ref,imw-minima-roma,internal,,magsac,630.0,0.99,11,16,752,imw-minima-roma_band1_toL8Ref_pair011_scan16_pix752_internal_aff_magsac_630.0_0.99_.csv
175573.125,75255.832,171091.373,67435.037,4481.752,7820.794,64,76.42598263,14.71213769,76.38388093,14.64173448,band1,L8Ref,imw-minima-roma,internal,,magsac,630.0,0.99,11,16,752,imw-minima-roma_band1_toL8Ref_pair011_scan16_pix752_internal_aff_magsac_630.0_0.99_.csv
50315.107,6038.929,50701.878,-1236.669,-386.771,7275.598,65,75.26165765,14.09157730,75.26510534,14.02580944,band1,L8Ref,imw-minima-roma,internal,,magsac,630.0,0.99,11,16,752,imw-minima-roma_band1_toL8Ref_pair011_scan16_pix752_internal_aff_magsac_630.0_0.99_.csv
28464.895,2075.589,29570.625,-4969.998,-1105.730,7045.587,66,75.05927793,14.05605947,75.06944009,13.99236587,band1,L8Ref,imw-minima-roma,internal,,magsac,630.0,0.99,11,16,752,imw-minima-roma_band1_toL8Ref_pair011_scan16_pix752_internal_aff_magsac_630.0_0.99_.csv
50124.370,67940.832,50477.628,60510.469,-353.257,7430.363,67,75.26102082,14.65105881,75.26416322,14.58389924,band1,L8Ref,imw-minima-roma,internal,,magsac,630.0,0.99,11,16,752,imw-minima-roma_band1_toL8Ref_pair011_scan16_pix752_internal_aff_magsac_630.0_0.99_.csv
89341.865,73925.831,88011.782,66153.192,1330.084,7772.639,68,75.62526216,14.70417670,75.61266281,14.63397322,band1,L8Ref,imw-minima-roma,internal,,magsac,630.0,0.99,11,16,752,imw-minima-roma_band1_toL8Ref_pair011_scan16_pix752_internal_aff_magsac_630.0_0.99_.csv
99386.960,-17710.425,97995.627,-25503.330,1391.333,7792.905,69,75.71521679,13.87561556,75.70206812,13.80522708,band1,L8Ref,imw-minima-roma,internal,,magsac,630.0,0.99,11,16,752,imw-minima-roma_band1_toL8Ref_pair011_scan16_pix752_internal_aff_magsac_630.0_0.99_.csv
42800.625,30257.501,43265.418,23028.838,-464.793,7228.663,70,75.19244838,14.31059891,75.19664282,14.24525682,band1,L8Ref,imw-minima-roma,internal,,magsac,630.0,0.99,11,16,752,imw-minima-roma_band1_toL8Ref_pair011_scan16_pix752_internal_aff_magsac_630.0_0.99_.csv
106533.071,-426.944,105039.369,-7956.663,1493.703,7529.719,71,75.78199699,14.03157290,75.76788165,13.96357118,band1,L8Ref,imw-minima-roma,internal,,magsac,630.0,0.99,11,16,752,imw-minima-roma_band1_toL8Ref_pair011_scan16_pix752_internal_aff_magsac_630.0_0.99_.csv
133993.135,58187.500,131037.366,50151.912,2955.769,8035.588,72,76.03907196,14.56016918,76.01126156,14.48768434,band1,L8Ref,imw-minima-roma,internal,,magsac,630.0,0.99,11,16,752,imw-minima-roma_band1_toL8Ref_pair011_scan16_pix752_internal_aff_magsac_630.0_0.99_.csv
85089.365,62177.504,83888.005,54470.770,1201.360,7706.733,73,75.58541337,14.59813219,75.57402828,14.52851652,band1,L8Ref,imw-minima-roma,internal,,magsac,630.0,0.99,11,16,752,imw-minima-roma_band1_toL8Ref_pair011_scan16_pix752_internal_aff_magsac_630.0_0.99_.csv
146514.375,75920.835,143557.357,67558.050,2957.018,8362.785,74,76.15620429,14.71981045,76.12830891,14.64438504,band1,L8Ref,imw-minima-roma,internal,,magsac,630.0,0.99,11,16,752,imw-minima-roma_band1_toL8Ref_pair011_scan16_pix752_internal_aff_magsac_630.0_0.99_.csv
74458.115,6760.830,73907.255,-732.129,550.861,7492.959,75,75.48524703,14.09756837,75.47994475,14.02985747,band1,L8Ref,imw-minima-roma,internal,,magsac,630.0,0.99,11,16,752,imw-minima-roma_band1_toL8Ref_pair011_scan16_pix752_internal_aff_magsac_630.0_0.99_.csv
181243.125,48877.502,176708.156,39786.928,4534.969,9090.573,76,76.47688514,14.47338349,76.43423638,14.39151222,band1,L8Ref,imw-minima-roma,internal,,magsac,630.0,0.99,11,16,752,imw-minima-roma_band1_toL8Ref_pair011_scan16_pix752_internal_aff_magsac_630.0_0.99_.csv
101154.375,48877.502,99531.387,41110.567,1622.988,7766.935,77,75.73401577,14.47739799,75.71867980,14.40725825,band1,L8Ref,imw-minima-roma,internal,,magsac,630.0,0.99,11,16,752,imw-minima-roma_band1_toL8Ref_pair011_scan16_pix752_internal_aff_magsac_630.0_0.99_.csv
49179.375,82127.501,49532.411,74723.993,-353.036,7403.508,78,75.25250336,14.77928663,75.25564843,14.71237228,band1,L8Ref,imw-minima-roma,internal,,magsac,630.0,0.99,11,16,752,imw-minima-roma_band1_toL8Ref_pair011_scan16_pix752_internal_aff_magsac_630.0_0.99_.csv
111879.689,-30249.036,110070.621,-37823.340,1809.068,7574.304,79,75.83028524,13.76181676,75.81325508,13.69342667,band1,L8Ref,imw-minima-roma,internal,,magsac,630.0,0.99,11,16,752,imw-minima-roma_band1_toL8Ref_pair011_scan16_pix752_internal_aff_magsac_630.0_0.99_.csv
154074.375,53310.835,150510.515,44611.284,3563.860,8699.551,80,76.22513120,14.51506813,76.19159167,14.43663563,band1,L8Ref,imw-minima-roma,internal,,magsac,630.0,0.99,11,16,752,imw-minima-roma_band1_toL8Ref_pair011_scan16_pix752_internal_aff_magsac_630.0_0.99_.csv
145569.385,49099.169,142275.795,40304.518,3293.590,8794.650,81,76.14600560,14.47745629,76.11499967,14.39813908,band1,L8Ref,imw-minima-roma,internal,,magsac,630.0,0.99,11,16,752,imw-minima-roma_band1_toL8Ref_pair011_scan16_pix752_internal_aff_magsac_630.0_0.99_.csv
104698.125,71930.834,102878.752,64115.478,1819.373,7815.356,82,75.76776679,14.68561764,75.75058212,14.61505309,band1,L8Ref,imw-minima-roma,internal,,magsac,630.0,0.99,11,16,752,imw-minima-roma_band1_toL8Ref_pair011_scan16_pix752_internal_aff_magsac_630.0_0.99_.csv
152420.625,62842.500,149092.255,54388.766,3328.370,8453.734,83,76.21031882,14.60130217,76.17896987,14.52507836,band1,L8Ref,imw-minima-roma,internal,,magsac,630.0,0.99,11,16,752,imw-minima-roma_band1_toL8Ref_pair011_scan16_pix752_internal_aff_magsac_630.0_0.99_.csv
67899.678,-27845.719,67808.124,-35396.664,91.555,7550.945,84,75.42366062,13.78493873,75.42262855,13.71669052,band1,L8Ref,imw-minima-roma,internal,,magsac,630.0,0.99,11,16,752,imw-minima-roma_band1_toL8Ref_pair011_scan16_pix752_internal_aff_magsac_630.0_0.99_.csv
105879.365,68827.500,104024.549,61006.698,1854.816,7820.802,85,75.77861364,14.65752711,75.76109862,14.58691489,band1,L8Ref,imw-minima-roma,internal,,magsac,630.0,0.99,11,16,752,imw-minima-roma_band1_toL8Ref_pair011_scan16_pix752_internal_aff_magsac_630.0_0.99_.csv
54833.230,24876.790,55129.374,17616.669,-296.144,7260.121,86,75.30387196,14.26175803,75.30647084,14.19613250,band1,L8Ref,imw-minima-roma,internal,,magsac,630.0,0.99,11,16,752,imw-minima-roma_band1_toL8Ref_pair011_scan16_pix752_internal_aff_magsac_630.0_0.99_.csv
34059.375,24937.497,34910.373,17838.596,-850.998,7098.901,87,75.11135922,14.26263420,75.11915543,14.19846114,band1,L8Ref,imw-minima-roma,internal,,magsac,630.0,0.99,11,16,752,imw-minima-roma_band1_toL8Ref_pair011_scan16_pix752_internal_aff_magsac_630.0_0.99_.csv
75639.375,61734.165,74841.834,54116.467,797.541,7617.697,88,75.49769931,14.59439516,75.49008989,14.52556931,band1,L8Ref,imw-minima-roma,internal,,magsac,630.0,0.99,11,16,752,imw-minima-roma_band1_toL8Ref_pair011_scan16_pix752_internal_aff_magsac_630.0_0.99_.csv
69496.875,-24494.163,69292.396,-32085.098,204.479,7590.935,89,75.43851575,13.81519347,75.43643400,13.74658662,band1,L8Ref,imw-minima-roma,internal,,magsac,630.0,0.99,11,16,752,imw-minima-roma_band1_toL8Ref_pair011_scan16_pix752_internal_aff_magsac_630.0_0.99_.csv
81073.125,48877.502,80076.243,41258.377,996.882,7619.125,90,75.54774710,14.47804754,75.53827802,14.40921423,band1,L8Ref,imw-minima-roma,internal,,magsac,630.0,0.99,11,16,752,imw-minima-roma_band1_toL8Ref_pair011_scan16_pix752_internal_aff_magsac_630.0_0.99_.csv
52014.370,-26267.499,52518.122,-33672.056,-503.752,7404.557,91,75.27678383,13.79954088,75.28130199,13.73260419,band1,L8Ref,imw-minima-roma,internal,,magsac,630.0,0.99,11,16,752,imw-minima-roma_band1_toL8Ref_pair011_scan16_pix752_internal_aff_magsac_630.0_0.99_.csv
114856.865,46217.502,112529.616,38373.985,2327.249,7843.517,92,75.86100469,14.45283171,75.83909871,14.38203571,band1,L8Ref,imw-minima-roma,internal,,magsac,630.0,0.99,11,16,752,imw-minima-roma_band1_toL8Ref_pair011_scan16_pix752_internal_aff_magsac_630.0_0.99_.csv
50596.880,58187.500,50920.337,50811.707,-323.457,7375.793,93,75.26522703,14.56290261,75.26809156,14.49623527,band1,L8Ref,imw-minima-roma,internal,,magsac,630.0,0.99,11,16,752,imw-minima-roma_band1_toL8Ref_pair011_scan16_pix752_internal_aff_magsac_630.0_0.99_.csv
81073.125,72152.498,79994.653,64442.379,1078.472,7710.120,94,75.54843524,14.68840063,75.53819736,14.61875075,band1,L8Ref,imw-minima-roma,internal,,magsac,630.0,0.99,11,16,752,imw-minima-roma_band1_toL8Ref_pair011_scan16_pix752_internal_aff_magsac_630.0_0.99_.csv
45993.884,-12499.967,46475.629,-19903.332,-481.745,7403.365,95,75.22133262,13.92408543,75.22566574,13.85716106,band1,L8Ref,imw-minima-roma,internal,,magsac,630.0,0.99,11,16,752,imw-minima-roma_band1_toL8Ref_pair011_scan16_pix752_internal_aff_magsac_630.0_0.99_.csv
95484.375,6982.506,94045.188,-698.560,1439.187,7681.067,96,75.67996727,14.09893874,75.66637743,14.02956166,band1,L8Ref,imw-minima-roma,internal,,magsac,630.0,0.99,11,16,752,imw-minima-roma_band1_toL8Ref_pair011_scan16_pix752_internal_aff_magsac_630.0_0.99_.csv
171290.190,-19012.184,166823.127,-27556.665,4467.063,8544.481,97,76.38034193,13.86040378,76.33850165,13.78344192,band1,L8Ref,imw-minima-roma,internal,,magsac,630.0,0.99,11,16,752,imw-minima-roma_band1_toL8Ref_pair011_scan16_pix752_internal_aff_magsac_630.0_0.99_.csv
98791.875,85674.165,97155.683,77799.208,1636.192,7874.957,98,75.71342825,14.81003376,75.69794992,14.73892295,band1,L8Ref,imw-minima-roma,internal,,magsac,630.0,0.99,11,16,752,imw-minima-roma_band1_toL8Ref_pair011_scan16_pix752_internal_aff_magsac_630.0_0.99_.csv
158326.875,37129.169,154633.517,28405.333,3693.358,8723.836,99,76.26364907,14.36858411,76.22891619,14.28994233,band1,L8Ref,imw-minima-roma,internal,,magsac,630.0,0.99,11,16,752,imw-minima-roma_band1_toL8Ref_pair011_scan16_pix752_internal_aff_magsac_630.0_0.99_.csv
179581.877,-10845.188,175074.381,-19716.666,4507.495,8871.478,100,76.45757804,13.93370567,76.41530394,13.85380429,band1,L8Ref,imw-minima-roma,internal,,magsac,630.0,0.99,11,16,752,imw-minima-roma_band1_toL8Ref_pair011_scan16_pix752_internal_aff_magsac_630.0_0.99_.csv
107264.864,8820.538,105643.125,1189.998,1621.739,7630.540,101,75.78913190,14.11512842,75.77382007,14.04622111,band1,L8Ref,imw-minima-roma,internal,,magsac,630.0,0.99,11,16,752,imw-minima-roma_band1_toL8Ref_pair011_scan16_pix752_internal_aff_magsac_630.0_0.99_.csv
60863.041,31260.160,60965.622,23963.331,-102.581,7296.829,102,75.35989206,14.31932908,75.36068111,14.25337593,band1,L8Ref,imw-minima-roma,internal,,magsac,630.0,0.99,11,16,752,imw-minima-roma_band1_toL8Ref_pair011_scan16_pix752_internal_aff_magsac_630.0_0.99_.csv
149821.875,56192.504,146444.709,47622.981,3377.166,8569.523,103,76.18583747,14.54134133,76.15404604,14.46406933,band1,L8Ref,imw-minima-roma,internal,,magsac,630.0,0.99,11,16,752,imw-minima-roma_band1_toL8Ref_pair011_scan16_pix752_internal_aff_magsac_630.0_0.99_.csv
25554.375,-10972.503,26822.976,-18074.423,-1268.601,7101.920,104,75.03220892,13.93815062,75.04387962,13.87394700,band1,L8Ref,imw-minima-roma,internal,,magsac,630.0,0.99,11,16,752,imw-minima-roma_band1_toL8Ref_pair011_scan16_pix752_internal_aff_magsac_630.0_0.99_.csv
62113.178,42302.972,62173.125,34976.670,-59.947,7326.302,105,75.37172975,14.41910863,75.37211983,14.35289114,band1,L8Ref,imw-minima-roma,internal,,magsac,630.0,0.99,11,16,752,imw-minima-roma_band1_toL8Ref_pair011_scan16_pix752_internal_aff_magsac_630.0_0.99_.csv
75700.552,25055.016,75053.124,17616.669,647.428,7438.347,106,75.49725585,14.26288583,75.49105309,14.19567265,band1,L8Ref,imw-minima-roma,internal,,magsac,630.0,0.99,11,16,752,imw-minima-roma_band1_toL8Ref_pair011_scan16_pix752_internal_aff_magsac_630.0_0.99_.csv
56975.620,-4544.169,57351.733,-11992.523,-376.112,7448.354,107,75.32311678,13.99579462,75.32644329,13.92846416,band1,L8Ref,imw-minima-roma,internal,,magsac,630.0,0.99,11,16,752,imw-minima-roma_band1_toL8Ref_pair011_scan16_pix752_internal_aff_magsac_630.0_0.99_.csv
40275.742,10390.227,40840.623,3243.333,-564.881,7146.894,108,75.16875418,14.13106778,75.17388003,14.06646222,band1,L8Ref,imw-minima-roma,internal,,magsac,630.0,0.99,11,16,752,imw-minima-roma_band1_toL8Ref_pair011_scan16_pix752_internal_aff_magsac_630.0_0.99_.csv
66420.386,-254.476,66399.372,-7769.997,21.014,7515.520,109,75.41064463,14.03436090,75.41026902,13.96643169,band1,L8Ref,imw-minima-roma,internal,,magsac,630.0,0.99,11,16,752,imw-minima-roma_band1_toL8Ref_pair011_scan16_pix752_internal_aff_magsac_630.0_0.99_.csv
46816.875,62620.833,47201.598,55266.566,-384.723,7354.267,110,75.23022719,14.60303542,75.23367117,14.53656265,band1,L8Ref,imw-minima-roma,internal,,magsac,630.0,0.99,11,16,752,imw-minima-roma_band1_toL8Ref_pair011_scan16_pix752_internal_aff_magsac_630.0_0.99_.csv
68788.125,68605.833,68362.830,61054.754,425.295,7551.079,111,75.43428886,14.65667460,75.43015253,14.58844091,band1,L8Ref,imw-minima-roma,internal,,magsac,630.0,0.99,11,16,752,imw-minima-roma_band1_toL8Ref_pair011_scan16_pix752_internal_aff_magsac_630.0_0.99_.csv
163524.375,57522.496,159319.729,48619.267,4204.646,8903.230,112,76.31305108,14.55259904,76.27352068,14.47237487,band1,L8Ref,imw-minima-roma,internal,,magsac,630.0,0.99,11,16,752,imw-minima-roma_band1_toL8Ref_pair011_scan16_pix752_internal_aff_magsac_630.0_0.99_.csv
118636.865,44887.500,116158.211,37036.936,2478.654,7850.564,113,75.89600561,14.44065455,75.87268599,14.36980411,band1,L8Ref,imw-minima-roma,internal,,magsac,630.0,0.99,11,16,752,imw-minima-roma_band1_toL8Ref_pair011_scan16_pix752_internal_aff_magsac_630.0_0.99_.csv
98319.375,58409.167,96764.707,50624.642,1554.668,7784.524,114,75.70806065,14.56364410,75.69335999,14.49334273,band1,L8Ref,imw-minima-roma,internal,,magsac,630.0,0.99,11,16,752,imw-minima-roma_band1_toL8Ref_pair011_scan16_pix752_internal_aff_magsac_630.0_0.99_.csv
92413.125,-28040.826,91130.198,-35959.075,1282.927,7918.249,115,75.65035219,13.78247973,75.63822667,13.71095126,band1,L8Ref,imw-minima-roma,internal,,magsac,630.0,0.99,11,16,752,imw-minima-roma_band1_toL8Ref_pair011_scan16_pix752_internal_aff_magsac_630.0_0.99_.csv
35476.880,15405.834,36270.704,8347.039,-793.824,7058.795,116,75.12437250,14.17646569,75.13163322,14.11265473,band1,L8Ref,imw-minima-roma,internal,,magsac,630.0,0.99,11,16,752,imw-minima-roma_band1_toL8Ref_pair011_scan16_pix752_internal_aff_magsac_630.0_0.99_.csv
139190.635,74812.500,136601.344,66643.971,2589.291,8168.529,117,76.08814381,14.71016585,76.06369486,14.63647019,band1,L8Ref,imw-minima-roma,internal,,magsac,630.0,0.99,11,16,752,imw-minima-roma_band1_toL8Ref_pair011_scan16_pix752_internal_aff_magsac_630.0_0.99_.csv
146514.375,55749.165,143181.987,47234.398,3332.388,8514.767,118,76.15512608,14.53750858,76.12376366,14.46072509,band1,L8Ref,imw-minima-roma,internal,,magsac,630.0,0.99,11,16,752,imw-minima-roma_band1_toL8Ref_pair011_scan16_pix752_internal_aff_magsac_630.0_0.99_.csv
82963.115,85230.834,81919.572,77347.261,1043.543,7883.573,119,75.56637865,14.80653867,75.55644924,14.73532336,band1,L8Ref,imw-minima-roma,internal,,magsac,630.0,0.99,11,16,752,imw-minima-roma_band1_toL8Ref_pair011_scan16_pix752_internal_aff_magsac_630.0_0.99_.csv
106351.865,-7204.164,105006.271,-15149.599,1345.594,7945.435,120,75.78005790,13.97032355,75.76730144,13.89855848,band1,L8Ref,imw-minima-roma,internal,,magsac,630.0,0.99,11,16,752,imw-minima-roma_band1_toL8Ref_pair011_scan16_pix752_internal_aff_magsac_630.0_0.99_.csv
210538.125,41119.170,204661.637,32264.760,5876.488,8854.410,121,76.74801072,14.40122828,76.69286182,14.32163581,band1,L8Ref,imw-minima-roma,internal,,magsac,630.0,0.99,11,16,752,imw-minima-roma_band1_toL8Ref_pair011_scan16_pix752_internal_aff_magsac_630.0_0.99_.csv
174391.875,67275.833,170114.477,59395.803,4277.398,7880.030,122,76.41450675,14.64009315,76.37431434,14.56913890,band1,L8Ref,imw-minima-roma,internal,,magsac,630.0,0.99,11,16,752,imw-minima-roma_band1_toL8Ref_pair011_scan16_pix752_internal_aff_magsac_630.0_0.99_.csv
106824.375,23164.170,105002.599,15491.400,1821.776,7672.771,123,75.78560930,14.24478835,75.76843523,14.17550760,band1,L8Ref,imw-minima-roma,internal,,magsac,630.0,0.99,11,16,752,imw-minima-roma_band1_toL8Ref_pair011_scan16_pix752_internal_aff_magsac_630.0_0.99_.csv
119818.125,64837.498,117326.906,56880.196,2491.219,7957.302,124,75.90783218,14.62090845,75.88436950,14.54909784,band1,L8Ref,imw-minima-roma,internal,,magsac,630.0,0.99,11,16,752,imw-minima-roma_band1_toL8Ref_pair011_scan16_pix752_internal_aff_magsac_630.0_0.99_.csv
61936.875,-9864.168,62141.147,-17316.617,-204.272,7452.449,125,75.36892060,13.94760471,75.37064312,13.88024024,band1,L8Ref,imw-minima-roma,internal,,magsac,630.0,0.99,11,16,752,imw-minima-roma_band1_toL8Ref_pair011_scan16_pix752_internal_aff_magsac_630.0_0.99_.csv
140371.885,81240.832,137668.401,73017.328,2703.484,8223.504,126,76.09944129,14.76820165,76.07391957,14.69401711,band1,L8Ref,imw-minima-roma,internal,,magsac,630.0,0.99,11,16,752,imw-minima-roma_band1_toL8Ref_pair011_scan16_pix752_internal_aff_magsac_630.0_0.99_.csv
116746.865,73482.499,114443.591,65683.172,2303.274,7799.327,127,75.87969463,14.69916670,75.85798380,14.62877491,band1,L8Ref,imw-minima-roma,internal,,magsac,630.0,0.99,11,16,752,imw-minima-roma_band1_toL8Ref_pair011_scan16_pix752_internal_aff_magsac_630.0_0.99_.csv
79433.698,-32591.041,78675.624,-40249.998,758.074,7658.957,128,75.53018985,13.74174668,75.52296247,13.67254132,band1,L8Ref,imw-minima-roma,internal,,magsac,630.0,0.99,11,16,752,imw-minima-roma_band1_toL8Ref_pair011_scan16_pix752_internal_aff_magsac_630.0_0.99_.csv
49088.061,10449.722,49494.375,3243.333,-406.314,7206.389,129,75.25037353,14.13146595,75.25400723,14.06632370,band1,L8Ref,imw-minima-roma,internal,,magsac,630.0,0.99,11,16,752,imw-minima-roma_band1_toL8Ref_pair011_scan16_pix752_internal_aff_magsac_630.0_0.99_.csv
101154.375,50207.504,99545.032,42424.640,1609.343,7782.864,130,75.73406479,14.48941844,75.71885397,14.41913443,band1,L8Ref,imw-minima-roma,internal,,magsac,630.0,0.99,11,16,752,imw-minima-roma_band1_toL8Ref_pair011_scan16_pix752_internal_aff_magsac_630.0_0.99_.csv
89860.248,39645.742,88536.879,31803.330,1323.369,7842.412,131,75.62895225,14.39434406,75.61642874,14.32350498,band1,L8Ref,imw-minima-roma,internal,,magsac,630.0,0.99,11,16,752,imw-minima-roma_band1_toL8Ref_pair011_scan16_pix752_internal_aff_magsac_630.0_0.99_.csv
43769.696,61155.309,44261.874,54390.002,-492.178,6765.307,132,75.20192338,14.58983942,75.20638177,14.52868811,band1,L8Ref,imw-minima-roma,internal,,magsac,630.0,0.99,11,16,752,imw-minima-roma_band1_toL8Ref_pair011_scan16_pix752_internal_aff_magsac_630.0_0.99_.csv
30279.375,20060.837,31414.743,13009.482,-1135.368,7051.355,133,75.07627573,14.21860022,75.08671483,14.15485450,band1,L8Ref,imw-minima-roma,internal,,magsac,630.0,0.99,11,16,752,imw-minima-roma_band1_toL8Ref_pair011_scan16_pix752_internal_aff_magsac_630.0_0.99_.csv
112258.115,43114.169,110104.795,35332.487,2153.320,7781.681,134,75.83677514,14.42488857,75.81649419,14.35464209,band1,L8Ref,imw-minima-roma,internal,,magsac,630.0,0.99,11,16,752,imw-minima-roma_band1_toL8Ref_pair011_scan16_pix752_internal_aff_magsac_630.0_0.99_.csv
96429.375,60182.498,94932.481,52391.485,1496.894,7791.013,135,75.69058530,14.57973637,75.67642470,14.50937361,band1,L8Ref,imw-minima-roma,internal,,magsac,630.0,0.99,11,16,752,imw-minima-roma_band1_toL8Ref_pair011_scan16_pix752_internal_aff_magsac_630.0_0.99_.csv
120526.875,65502.502,118027.524,57531.893,2499.351,7970.609,136,75.91443967,14.62688822,75.89089828,14.55495843,band1,L8Ref,imw-minima-roma,internal,,magsac,630.0,0.99,11,16,752,imw-minima-roma_band1_toL8Ref_pair011_scan16_pix752_internal_aff_magsac_630.0_0.99_.csv
52190.899,44509.607,52513.128,37216.666,-322.229,7292.940,137,75.27975815,14.43925362,75.28260713,14.37333320,band1,L8Ref,imw-minima-roma,internal,,magsac,630.0,0.99,11,16,752,imw-minima-roma_band1_toL8Ref_pair011_scan16_pix752_internal_aff_magsac_630.0_0.99_.csv
42328.125,71265.835,42566.576,64038.722,-238.451,7227.113,138,75.18870128,14.68123679,75.19080281,14.61591735,band1,L8Ref,imw-minima-roma,internal,,magsac,630.0,0.99,11,16,752,imw-minima-roma_band1_toL8Ref_pair011_scan16_pix752_internal_aff_magsac_630.0_0.99_.csv
172738.125,67719.165,168397.243,59705.333,4340.882,8013.831,139,76.39918434,14.64420169,76.35839862,14.57203953,band1,L8Ref,imw-minima-roma,internal,,magsac,630.0,0.99,11,16,752,imw-minima-roma_band1_toL8Ref_pair011_scan16_pix752_internal_aff_magsac_630.0_0.99_.csv
92486.280,34195.856,91153.125,26576.664,1333.155,7619.192,140,75.65311837,14.34500227,75.64050681,14.27618168,band1,L8Ref,imw-minima-roma,internal,,magsac,630.0,0.99,11,16,752,imw-minima-roma_band1_toL8Ref_pair011_scan16_pix752_internal_aff_magsac_630.0_0.99_.csv
131394.385,81684.169,128928.343,73911.230,2466.042,7772.940,141,76.01608484,14.77264176,75.99281528,14.70250961,band1,L8Ref,imw-minima-roma,internal,,magsac,630.0,0.99,11,16,752,imw-minima-roma_band1_toL8Ref_pair011_scan16_pix752_internal_aff_magsac_630.0_0.99_.csv
49651.875,67719.165,50012.722,60298.342,-360.847,7420.822,142,75.25663074,14.64906385,75.25984499,14.58199039,band1,L8Ref,imw-minima-roma,internal,,magsac,630.0,0.99,11,16,752,imw-minima-roma_band1_toL8Ref_pair011_scan16_pix752_internal_aff_magsac_630.0_0.99_.csv
81625.855,-3643.476,80688.123,-11316.669,937.733,7673.194,143,75.55131534,14.00333039,75.54241047,13.93400247,band1,L8Ref,imw-minima-roma,internal,,magsac,630.0,0.99,11,16,752,imw-minima-roma_band1_toL8Ref_pair011_scan16_pix752_internal_aff_magsac_630.0_0.99_.csv
87451.875,78359.165,86140.537,70581.322,1311.338,7777.843,144,75.60785536,14.74430179,75.59543300,14.67405060,band1,L8Ref,imw-minima-roma,internal,,magsac,630.0,0.99,11,16,752,imw-minima-roma_band1_toL8Ref_pair011_scan16_pix752_internal_aff_magsac_630.0_0.99_.csv
161247.835,-15738.272,156961.881,-23823.336,4285.953,8085.064,145,76.28763337,13.89058624,76.24751974,13.81775078,band1,L8Ref,imw-minima-roma,internal,,magsac,630.0,0.99,11,16,752,imw-minima-roma_band1_toL8Ref_pair011_scan16_pix752_internal_aff_magsac_630.0_0.99_.csv
136828.125,69714.168,134057.071,61637.073,2771.054,8077.095,146,76.06595315,14.66420605,76.03983386,14.59134225,band1,L8Ref,imw-minima-roma,internal,,magsac,630.0,0.99,11,16,752,imw-minima-roma_band1_toL8Ref_pair011_scan16_pix752_internal_aff_magsac_630.0_0.99_.csv
127378.125,32030.837,124648.167,23542.953,2729.958,8487.884,147,75.97647762,14.32407357,75.95078741,14.24748027,band1,L8Ref,imw-minima-roma,internal,,magsac,630.0,0.99,11,16,752,imw-minima-roma_band1_toL8Ref_pair011_scan16_pix752_internal_aff_magsac_630.0_0.99_.csv
56030.625,-27819.168,56485.512,-35263.331,-454.887,7444.163,148,75.31389680,13.78543905,75.31795133,13.71814467,band1,L8Ref,imw-minima-roma,internal,,magsac,630.0,0.99,11,16,752,imw-minima-roma_band1_toL8Ref_pair011_scan16_pix752_internal_aff_magsac_630.0_0.99_.csv
69496.875,13410.836,69244.355,6047.336,252.520,7363.500,149,75.43947145,14.15780091,75.43694718,14.09125222,band1,L8Ref,imw-minima-roma,internal,,magsac,630.0,0.99,11,16,752,imw-minima-roma_band1_toL8Ref_pair011_scan16_pix752_internal_aff_magsac_630.0_0.99_.csv
106588.125,37794.170,104712.227,30061.332,1875.898,7732.838,150,75.78398746,14.37702628,75.76630007,14.30720595,band1,L8Ref,imw-minima-roma,internal,,magsac,630.0,0.99,11,16,752,imw-minima-roma_band1_toL8Ref_pair011_scan16_pix752_internal_aff_magsac_630.0_0.99_.csv
117219.375,81462.503,115019.201,73603.891,2200.174,7858.612,151,75.88442329,14.77126481,75.86365897,14.70033491,band1,L8Ref,imw-minima-roma,internal,,magsac,630.0,0.99,11,16,752,imw-minima-roma_band1_toL8Ref_pair011_scan16_pix752_internal_aff_magsac_630.0_0.99_.csv
46709.243,-28463.655,47280.627,-35769.996,-571.385,7306.341,152,75.22768201,13.77978324,75.23284096,13.71373409,band1,L8Ref,imw-minima-roma,internal,,magsac,630.0,0.99,11,16,752,imw-minima-roma_band1_toL8Ref_pair011_scan16_pix752_internal_aff_magsac_630.0_0.99_.csv
101564.236,-29649.462,100008.116,-37263.333,1556.120,7613.871,153,75.73492063,13.76762572,75.72025523,13.69886234,band1,L8Ref,imw-minima-roma,internal,,magsac,630.0,0.99,11,16,752,imw-minima-roma_band1_toL8Ref_pair011_scan16_pix752_internal_aff_magsac_630.0_0.99_.csv
91231.875,69935.835,89860.090,62169.741,1371.785,7766.094,154,75.64267782,14.66805658,75.62968834,14.59791381,band1,L8Ref,imw-minima-roma,internal,,magsac,630.0,0.99,11,16,752,imw-minima-roma_band1_toL8Ref_pair011_scan16_pix752_internal_aff_magsac_630.0_0.99_.csv
98791.875,35134.170,97182.061,27429.225,1609.814,7704.945,155,75.71160745,14.35326894,75.69641087,14.28368598,band1,L8Ref,imw-minima-roma,internal,,magsac,630.0,0.99,11,16,752,imw-minima-roma_band1_toL8Ref_pair011_scan16_pix752_internal_aff_magsac_630.0_0.99_.csv
173674.589,-14897.420,169640.631,-23263.338,4033.957,8365.919,156,76.40265849,13.89744932,76.36482091,13.82207934,band1,L8Ref,imw-minima-roma,internal,,magsac,630.0,0.99,11,16,752,imw-minima-roma_band1_toL8Ref_pair011_scan16_pix752_internal_aff_magsac_630.0_0.99_.csv
72804.375,83014.170,72219.321,75396.598,585.054,7617.572,157,75.47195468,14.78678750,75.46631963,14.71796014,band1,L8Ref,imw-minima-roma,internal,,magsac,630.0,0.99,11,16,752,imw-minima-roma_band1_toL8Ref_pair011_scan16_pix752_internal_aff_magsac_630.0_0.99_.csv
49653.384,-10611.024,50098.129,-18036.672,-444.745,7425.648,158,75.25522992,13.94109692,75.25921081,13.87397123,band1,L8Ref,imw-minima-roma,internal,,magsac,630.0,0.99,11,16,752,imw-minima-roma_band1_toL8Ref_pair011_scan16_pix752_internal_aff_magsac_630.0_0.99_.csv
66425.625,11637.499,66321.665,4293.687,103.960,7343.812,159,75.41097997,14.14184667,75.40984018,14.07547203,band1,L8Ref,imw-minima-roma,internal,,magsac,630.0,0.99,11,16,752,imw-minima-roma_band1_toL8Ref_pair011_scan16_pix752_internal_aff_magsac_630.0_0.99_.csv
83325.690,14707.110,82298.124,7163.332,1027.566,7543.778,160,75.56760538,14.16914258,75.55786116,14.10098859,band1,L8Ref,imw-minima-roma,internal,,magsac,630.0,0.99,11,16,752,imw-minima-roma_band1_toL8Ref_pair011_scan16_pix752_internal_aff_magsac_630.0_0.99_.csv
87982.947,22833.530,86725.629,15190.002,1257.318,7643.528,161,75.61100699,14.24245079,75.59911537,14.17340466,band1,L8Ref,imw-minima-roma,internal,,magsac,630.0,0.99,11,16,752,imw-minima-roma_band1_toL8Ref_pair011_scan16_pix752_internal_aff_magsac_630.0_0.99_.csv
165650.625,75477.497,161526.546,67038.802,4124.079,8438.695,162,76.33386490,14.71474251,76.29507456,14.63871861,band1,L8Ref,imw-minima-roma,internal,,magsac,630.0,0.99,11,16,752,imw-minima-roma_band1_toL8Ref_pair011_scan16_pix752_internal_aff_magsac_630.0_0.99_.csv
33350.630,33360.834,34345.560,26217.987,-994.930,7142.847,163,75.10489337,14.33877530,75.11402733,14.27420424,band1,L8Ref,imw-minima-roma,internal,,magsac,630.0,0.99,11,16,752,imw-minima-roma_band1_toL8Ref_pair011_scan16_pix752_internal_aff_magsac_630.0_0.99_.csv
105048.232,-19512.966,103429.377,-26996.667,1618.855,7483.701,164,75.76752355,13.85911819,75.75226732,13.79153565,band1,L8Ref,imw-minima-roma,internal,,magsac,630.0,0.99,11,16,752,imw-minima-roma_band1_toL8Ref_pair011_scan16_pix752_internal_aff_magsac_630.0_0.99_.csv
172974.375,78359.165,168405.414,69693.053,4568.961,8666.112,165,76.40204909,14.74034413,76.35908801,14.66230308,band1,L8Ref,imw-minima-roma,internal,,magsac,630.0,0.99,11,16,752,imw-minima-roma_band1_toL8Ref_pair011_scan16_pix752_internal_aff_magsac_630.0_0.99_.csv
82726.875,60625.837,81609.408,52960.322,1117.467,7665.515,166,75.56344118,14.58417907,75.55284295,14.51493224,band1,L8Ref,imw-minima-roma,internal,,magsac,630.0,0.99,11,16,752,imw-minima-roma_band1_toL8Ref_pair011_scan16_pix752_internal_aff_magsac_630.0_0.99_.csv
98122.788,14582.747,96586.875,6976.666,1535.913,7606.080,167,75.70467119,14.16754256,75.69017677,14.09884843,band1,L8Ref,imw-minima-roma,internal,,magsac,630.0,0.99,11,16,752,imw-minima-roma_band1_toL8Ref_pair011_scan16_pix752_internal_aff_magsac_630.0_0.99_.csv
61228.120,-17400.837,61463.969,-24888.538,-235.849,7487.700,168,75.36219414,13.87949895,75.36420939,13.81181506,band1,L8Ref,imw-minima-roma,internal,,magsac,630.0,0.99,11,16,752,imw-minima-roma_band1_toL8Ref_pair011_scan16_pix752_internal_aff_magsac_630.0_0.99_.csv
41146.875,69714.168,41442.894,62559.603,-296.019,7154.565,169,75.17771124,14.66723104,75.18035114,14.60256627,band1,L8Ref,imw-minima-roma,internal,,magsac,630.0,0.99,11,16,752,imw-minima-roma_band1_toL8Ref_pair011_scan16_pix752_internal_aff_magsac_630.0_0.99_.csv
41383.120,70379.167,41627.118,63204.806,-243.998,7174.361,170,75.17991445,14.67323754,75.18207069,14.60839471,band1,L8Ref,imw-minima-roma,internal,,magsac,630.0,0.99,11,16,752,imw-minima-roma_band1_toL8Ref_pair011_scan16_pix752_internal_aff_magsac_630.0_0.99_.csv
91237.104,-23.754,89945.622,-7769.997,1291.483,7746.243,171,75.64040332,14.03575310,75.62819401,13.96577965,band1,L8Ref,imw-minima-roma,internal,,magsac,630.0,0.99,11,16,752,imw-minima-roma_band1_toL8Ref_pair011_scan16_pix752_internal_aff_magsac_630.0_0.99_.csv
137773.135,45552.496,134851.694,36967.598,2921.440,8584.899,172,76.07351220,14.44579392,76.04599608,14.36834491,band1,L8Ref,imw-minima-roma,internal,,magsac,630.0,0.99,11,16,752,imw-minima-roma_band1_toL8Ref_pair011_scan16_pix752_internal_aff_magsac_630.0_0.99_.csv
92649.375,47325.837,91280.642,39602.146,1368.733,7723.691,173,75.65507326,14.46366670,75.64212125,14.39390439,band1,L8Ref,imw-minima-roma,internal,,magsac,630.0,0.99,11,16,752,imw-minima-roma_band1_toL8Ref_pair011_scan16_pix752_internal_aff_magsac_630.0_0.99_.csv
61936.875,76807.498,61913.097,69264.009,23.778,7543.490,174,75.37087412,14.73095612,75.37048283,14.66278252,band1,L8Ref,imw-minima-roma,internal,,magsac,630.0,0.99,11,16,752,imw-minima-roma_band1_toL8Ref_pair011_scan16_pix752_internal_aff_magsac_630.0_0.99_.csv
116038.125,47325.837,113648.737,39474.581,2389.388,7851.256,175,75.87200739,14.46280037,75.84952058,14.39193808,band1,L8Ref,imw-minima-roma,internal,,magsac,630.0,0.99,11,16,752,imw-minima-roma_band1_toL8Ref_pair011_scan16_pix752_internal_aff_magsac_630.0_0.99_.csv
63590.625,77250.835,63492.668,69701.229,97.957,7549.606,176,75.38624113,14.73492583,75.38515651,14.66669874,band1,L8Ref,imw-minima-roma,internal,,magsac,630.0,0.99,11,16,752,imw-minima-roma_band1_toL8Ref_pair011_scan16_pix752_internal_aff_magsac_630.0_0.99_.csv
130685.635,49320.836,127755.629,41367.388,2930.006,7953.447,177,76.00795929,14.48018953,75.98041106,14.40844107,band1,L8Ref,imw-minima-roma,internal,,magsac,630.0,0.99,11,16,752,imw-minima-roma_band1_toL8Ref_pair011_scan16_pix752_internal_aff_magsac_630.0_0.99_.csv
125015.635,79467.499,122515.639,71646.302,2499.995,7821.197,178,75.95674032,14.75289989,75.93317350,14.68232700,band1,L8Ref,imw-minima-roma,internal,,magsac,630.0,0.99,11,16,752,imw-minima-roma_band1_toL8Ref_pair011_scan16_pix752_internal_aff_magsac_630.0_0.99_.csv
68390.578,58013.569,68009.373,50843.334,381.205,7170.235,179,75.43033419,14.56095472,75.42661919,14.49616033,band1,L8Ref,imw-minima-roma,internal,,magsac,630.0,0.99,11,16,752,imw-minima-roma_band1_toL8Ref_pair011_scan16_pix752_internal_aff_magsac_630.0_0.99_.csv
81529.956,36832.371,80486.874,29189.997,1043.082,7642.374,180,75.55162693,14.36916978,75.54173227,14.30012640,band1,L8Ref,imw-minima-roma,internal,,magsac,630.0,0.99,11,16,752,imw-minima-roma_band1_toL8Ref_pair011_scan16_pix752_internal_aff_magsac_630.0_0.99_.csv
73040.625,77472.502,72332.856,69900.127,707.769,7572.374,181,75.47400119,14.73669969,75.46722873,14.66828300,band1,L8Ref,imw-minima-roma,internal,,magsac,630.0,0.99,11,16,752,imw-minima-roma_band1_toL8Ref_pair011_scan16_pix752_internal_aff_magsac_630.0_0.99_.csv
107060.625,31144.169,105236.686,23431.499,1823.939,7712.669,182,75.78810922,14.31690464,75.77090745,14.24726425,band1,L8Ref,imw-minima-roma,internal,,magsac,630.0,0.99,11,16,752,imw-minima-roma_band1_toL8Ref_pair011_scan16_pix752_internal_aff_magsac_630.0_0.99_.csv
77661.852,20994.541,76864.374,13509.999,797.478,7484.542,183,75.51531678,14.22613253,75.50771855,14.15850604,band1,L8Ref,imw-minima-roma,internal,,magsac,630.0,0.99,11,16,752,imw-minima-roma_band1_toL8Ref_pair011_scan16_pix752_internal_aff_magsac_630.0_0.99_.csv
74517.312,-7839.115,74046.879,-15423.330,470.433,7584.215,184,75.48540036,13.96560435,75.48084278,13.89706589,band1,L8Ref,imw-minima-roma,internal,,magsac,630.0,0.99,11,16,752,imw-minima-roma_band1_toL8Ref_pair011_scan16_pix752_internal_aff_magsac_630.0_0.99_.csv
44218.130,83014.170,44898.766,75696.486,-680.637,7317.684,185,75.20643779,14.78738203,75.21263975,14.72123888,band1,L8Ref,imw-minima-roma,internal,,magsac,630.0,0.99,11,16,752,imw-minima-roma_band1_toL8Ref_pair011_scan16_pix752_internal_aff_magsac_630.0_0.99_.csv
57527.413,5139.947,57946.878,-2169.999,-419.465,7309.946,186,75.32842661,14.08331399,75.33215706,14.01723401,band1,L8Ref,imw-minima-roma,internal,,magsac,630.0,0.99,11,16,752,imw-minima-roma_band1_toL8Ref_pair011_scan16_pix752_internal_aff_magsac_630.0_0.99_.csv
38389.068,40260.019,39029.380,33110.001,-640.312,7150.018,187,75.15169711,14.40106730,75.15753297,14.33643529,band1,L8Ref,imw-minima-roma,internal,,magsac,630.0,0.99,11,16,752,imw-minima-roma_band1_toL8Ref_pair011_scan16_pix752_internal_aff_magsac_630.0_0.99_.csv
148876.875,83235.835,145321.253,74668.237,3555.622,8567.598,188,76.17853883,14.78579359,76.14505918,14.70855220,band1,L8Ref,imw-minima-roma,internal,,magsac,630.0,0.99,11,16,752,imw-minima-roma_band1_toL8Ref_pair011_scan16_pix752_internal_aff_magsac_630.0_0.99_.csv
29334.380,-20060.832,30473.928,-27222.554,-1139.549,7161.722,189,75.06709283,13.85596752,75.07755551,13.79122293,band1,L8Ref,imw-minima-roma,internal,,magsac,630.0,0.99,11,16,752,imw-minima-roma_band1_toL8Ref_pair011_scan16_pix752_internal_aff_magsac_630.0_0.99_.csv
62127.598,51097.820,62173.125,43749.999,-45.527,7347.821,190,75.37206251,14.49859624,75.37231842,14.43218564,band1,L8Ref,imw-minima-roma,internal,,magsac,630.0,0.99,11,16,752,imw-minima-roma_band1_toL8Ref_pair011_scan16_pix752_internal_aff_magsac_630.0_0.99_.csv
46580.625,-23164.170,47067.900,-30560.989,-487.275,7396.819,191,75.22658200,13.82768568,75.23096304,13.76082016,band1,L8Ref,imw-minima-roma,internal,,magsac,630.0,0.99,11,16,752,imw-minima-roma_band1_toL8Ref_pair011_scan16_pix752_internal_aff_magsac_630.0_0.99_.csv
176281.875,58630.831,171483.345,50427.844,4798.530,8202.987,192,76.43149414,14.56184604,76.38645590,14.48800621,band1,L8Ref,imw-minima-roma,internal,,magsac,630.0,0.99,11,16,752,imw-minima-roma_band1_toL8Ref_pair011_scan16_pix752_internal_aff_magsac_630.0_0.99_.csv
58156.875,20504.166,58370.491,13224.948,-213.616,7279.218,193,75.33458001,14.22217006,75.33640484,14.15637297,band1,L8Ref,imw-minima-roma,internal,,magsac,630.0,0.99,11,16,752,imw-minima-roma_band1_toL8Ref_pair011_scan16_pix752_internal_aff_magsac_630.0_0.99_.csv
127141.885,73482.499,124615.252,65554.530,2526.633,7927.969,194,75.97620854,14.69871628,75.95238919,14.62718042,band1,L8Ref,imw-minima-roma,internal,,magsac,630.0,0.99,11,16,752,imw-minima-roma_band1_toL8Ref_pair011_scan16_pix752_internal_aff_magsac_630.0_0.99_.csv
79592.092,41261.222,78675.624,33669.999,916.469,7591.223,195,75.53378857,14.40925367,75.52507274,14.34066883,band1,L8Ref,imw-minima-roma,internal,,magsac,630.0,0.99,11,16,752,imw-minima-roma_band1_toL8Ref_pair011_scan16_pix752_internal_aff_magsac_630.0_0.99_.csv
56975.620,-15405.834,57335.840,-22885.854,-360.220,7480.020,196,75.32289234,13.89762008,75.32606984,13.83000346,band1,L8Ref,imw-minima-roma,internal,,magsac,630.0,0.99,11,16,752,imw-minima-roma_band1_toL8Ref_pair011_scan16_pix752_internal_aff_magsac_630.0_0.99_.csv
211719.375,43557.498,206056.085,35082.207,5663.290,8475.291,197,76.75915173,14.42317692,76.70599852,14.34699818,band1,L8Ref,imw-minima-roma,internal,,magsac,630.0,0.99,11,16,752,imw-minima-roma_band1_toL8Ref_pair011_scan16_pix752_internal_aff_magsac_630.0_0.99_.csv
153365.625,70822.498,150081.071,62212.476,3284.554,8610.022,198,76.21953553,14.67337000,76.18857179,14.59573396,band1,L8Ref,imw-minima-roma,internal,,magsac,630.0,0.99,11,16,752,imw-minima-roma_band1_toL8Ref_pair011_scan16_pix752_internal_aff_magsac_630.0_0.99_.csv
95720.615,53754.166,94226.384,46005.578,1494.231,7748.589,199,75.68378378,14.52166266,75.66965499,14.45168191,band1,L8Ref,imw-minima-roma,internal,,magsac,630.0,0.99,11,16,752,imw-minima-roma_band1_toL8Ref_pair011_scan16_pix752_internal_aff_magsac_630.0_0.99_.csv
55840.258,45274.175,56135.628,37963.335,-295.370,7310.840,200,75.31361872,14.44609385,75.31620869,14.38001188,band1,L8Ref,imw-minima-roma,internal,,magsac,630.0,0.99,11,16,752,imw-minima-roma_band1_toL8Ref_pair011_scan16_pix752_internal_aff_magsac_630.0_0.99_.csv
132575.625,35355.837,129845.128,26672.669,2730.497,8683.168,201,76.02481624,14.35388567,75.99909241,14.27553288,band1,L8Ref,imw-minima-roma,internal,,magsac,630.0,0.99,11,16,752,imw-minima-roma_band1_toL8Ref_pair011_scan16_pix752_internal_aff_magsac_630.0_0.99_.csv
148168.125,78359.165,144914.535,69790.587,3253.590,8568.578,202,76.17169198,14.74175969,76.14102482,14.66449197,band1,L8Ref,imw-minima-roma,internal,,magsac,630.0,0.99,11,16,752,imw-minima-roma_band1_toL8Ref_pair011_scan16_pix752_internal_aff_magsac_630.0_0.99_.csv
52669.677,-19187.093,53116.875,-26623.335,-447.198,7436.242,203,75.28297957,13.86352618,75.28697354,13.79630408,band1,L8Ref,imw-minima-roma,internal,,magsac,630.0,0.99,11,16,752,imw-minima-roma_band1_toL8Ref_pair011_scan16_pix752_internal_aff_magsac_630.0_0.99_.csv
77293.125,41340.837,76528.913,33799.698,764.212,7541.139,204,75.51247247,14.41003724,75.50517581,14.34190019,band1,L8Ref,imw-minima-roma,internal,,magsac,630.0,0.99,11,16,752,imw-minima-roma_band1_toL8Ref_pair011_scan16_pix752_internal_aff_magsac_630.0_0.99_.csv
47525.625,56857.500,47884.775,49512.986,-359.150,7344.514,205,75.23670510,14.55093582,75.23990939,14.48455072,band1,L8Ref,imw-minima-roma,internal,,magsac,630.0,0.99,11,16,752,imw-minima-roma_band1_toL8Ref_pair011_scan16_pix752_internal_aff_magsac_630.0_0.99_.csv
136355.625,57300.832,133272.176,49241.889,3083.449,8058.943,206,76.06094944,14.55204233,76.03194765,14.47935482,band1,L8Ref,imw-minima-roma,internal,,magsac,630.0,0.99,11,16,752,imw-minima-roma_band1_toL8Ref_pair011_scan16_pix752_internal_aff_magsac_630.0_0.99_.csv
110368.115,24715.830,108448.690,17038.387,1919.426,7677.442,207,75.81850909,14.25867621,75.80041927,14.18935945,band1,L8Ref,imw-minima-roma,internal,,magsac,630.0,0.99,11,16,752,imw-minima-roma_band1_toL8Ref_pair011_scan16_pix752_internal_aff_magsac_630.0_0.99_.csv
106607.390,2362.981,105039.369,-5156.664,1568.021,7519.644,208,75.78279297,14.05678686,75.76798834,13.98887914,band1,L8Ref,imw-minima-roma,internal,,magsac,630.0,0.99,11,16,752,imw-minima-roma_band1_toL8Ref_pair011_scan16_pix752_internal_aff_magsac_630.0_0.99_.csv
103989.365,54862.502,102226.325,47066.473,1763.041,7796.029,209,75.76053916,14.53138643,75.74389143,14.46099131,band1,L8Ref,imw-minima-roma,internal,,magsac,630.0,0.99,11,16,752,imw-minima-roma_band1_toL8Ref_pair011_scan16_pix752_internal_aff_magsac_630.0_0.99_.csv
67606.865,65280.835,67255.466,57768.696,351.400,7512.139,210,75.42324121,14.62665318,75.41979533,14.55876894,band1,L8Ref,imw-minima-roma,internal,,magsac,630.0,0.99,11,16,752,imw-minima-roma_band1_toL8Ref_pair011_scan16_pix752_internal_aff_magsac_630.0_0.99_.csv
41997.869,57597.601,42450.624,50283.331,-452.755,7314.269,211,75.18542577,14.55771259,75.18951372,14.49160022,band1,L8Ref,imw-minima-roma,internal,,magsac,630.0,0.99,11,16,752,imw-minima-roma_band1_toL8Ref_pair011_scan16_pix752_internal_aff_magsac_630.0_0.99_.csv
71868.248,26496.496,71430.624,19110.002,437.624,7386.494,212,75.46177910,14.27601467,75.45753151,14.20926407,band1,L8Ref,imw-minima-roma,internal,,magsac,630.0,0.99,11,16,752,imw-minima-roma_band1_toL8Ref_pair011_scan16_pix752_internal_aff_magsac_630.0_0.99_.csv
87215.615,-4544.169,86050.501,-12302.486,1165.115,7758.317,213,75.60302941,13.99502222,75.59200257,13.92493372,band1,L8Ref,imw-minima-roma,internal,,magsac,630.0,0.99,11,16,752,imw-minima-roma_band1_toL8Ref_pair011_scan16_pix752_internal_aff_magsac_630.0_0.99_.csv
85561.875,65280.835,84352.603,57551.600,1209.272,7729.235,214,75.58989540,14.62616472,75.57843347,14.55634663,band1,L8Ref,imw-minima-roma,internal,,magsac,630.0,0.99,11,16,752,imw-minima-roma_band1_toL8Ref_pair011_scan16_pix752_internal_aff_magsac_630.0_0.99_.csv
92413.125,15627.496,91052.496,8007.227,1360.629,7620.269,215,75.65181617,14.17717829,75.63895971,14.10834717,band1,L8Ref,imw-minima-roma,internal,,magsac,630.0,0.99,11,16,752,imw-minima-roma_band1_toL8Ref_pair011_scan16_pix752_internal_aff_magsac_630.0_0.99_.csv
175717.820,-14764.827,171451.881,-23263.338,4265.939,8498.511,216,76.42157145,13.89852135,76.38157361,13.82196999,band1,L8Ref,imw-minima-roma,internal,,magsac,630.0,0.99,11,16,752,imw-minima-roma_band1_toL8Ref_pair011_scan16_pix752_internal_aff_magsac_630.0_0.99_.csv
58393.120,48877.502,58581.502,41497.597,-188.382,7379.905,217,75.33737192,14.47860899,75.33896184,14.41190521,band1,L8Ref,imw-minima-roma,internal,,magsac,630.0,0.99,11,16,752,imw-minima-roma_band1_toL8Ref_pair011_scan16_pix752_internal_aff_magsac_630.0_0.99_.csv
156200.625,63507.496,152788.824,54915.753,3411.801,8591.743,218,76.24543745,14.60710494,76.21329433,14.52964301,band1,L8Ref,imw-minima-roma,internal,,magsac,630.0,0.99,11,16,752,imw-minima-roma_band1_toL8Ref_pair011_scan16_pix752_internal_aff_magsac_630.0_0.99_.csv
27916.875,11415.837,29260.194,4344.107,-1343.319,7071.730,219,75.05429859,14.14048714,75.06666557,14.07655549,band1,L8Ref,imw-minima-roma,internal,,magsac,630.0,0.99,11,16,752,imw-minima-roma_band1_toL8Ref_pair011_scan16_pix752_internal_aff_magsac_630.0_0.99_.csv
102335.625,-10972.503,101100.302,-18837.112,1235.323,7864.608,220,75.74274642,13.93641159,75.73102653,13.86537106,band1,L8Ref,imw-minima-roma,internal,,magsac,630.0,0.99,11,16,752,imw-minima-roma_band1_toL8Ref_pair011_scan16_pix752_internal_aff_magsac_630.0_0.99_.csv
36658.125,49320.836,37345.063,42140.315,-686.938,7180.521,221,75.13576756,14.48298255,75.14204193,14.41807567,band1,L8Ref,imw-minima-roma,internal,,magsac,630.0,0.99,11,16,752,imw-minima-roma_band1_toL8Ref_pair011_scan16_pix752_internal_aff_magsac_630.0_0.99_.csv
108478.115,40232.502,106524.439,32498.045,1953.677,7734.457,222,75.80160712,14.39899202,75.78319165,14.32916154,band1,L8Ref,imw-minima-roma,internal,,magsac,630.0,0.99,11,16,752,imw-minima-roma_band1_toL8Ref_pair011_scan16_pix752_internal_aff_magsac_630.0_0.99_.csv
87688.125,-20504.166,86542.275,-28388.491,1145.850,7884.325,223,75.60689567,13.85075146,75.59604875,13.77952325,band1,L8Ref,imw-minima-roma,internal,,magsac,630.0,0.99,11,16,752,imw-minima-roma_band1_toL8Ref_pair011_scan16_pix752_internal_aff_magsac_630.0_0.99_.csv
47525.625,74812.500,47834.309,67361.416,-308.684,7451.084,224,75.23701643,14.71320677,75.23975256,14.64586212,band1,L8Ref,imw-minima-roma,internal,,magsac,630.0,0.99,11,16,752,imw-minima-roma_band1_toL8Ref_pair011_scan16_pix752_internal_aff_magsac_630.0_0.99_.csv
44926.875,-7647.507,45485.952,-15035.751,-559.077,7388.244,225,75.21153808,13.96796223,75.21659064,13.90117359,band1,L8Ref,imw-minima-roma,internal,,magsac,630.0,0.99,11,16,752,imw-minima-roma_band1_toL8Ref_pair011_scan16_pix752_internal_aff_magsac_630.0_0.99_.csv
170139.375,53754.166,165353.198,44824.371,4786.177,8929.795,226,76.37419545,14.51815018,76.32925493,14.43772945,band1,L8Ref,imw-minima-roma,internal,,magsac,630.0,0.99,11,16,752,imw-minima-roma_band1_toL8Ref_pair011_scan16_pix752_internal_aff_magsac_630.0_0.99_.csv
99500.615,-8755.833,98238.270,-16565.916,1262.346,7810.083,227,75.71659132,13.95654848,75.70463039,13.88600052,band1,L8Ref,imw-minima-roma,internal,,magsac,630.0,0.99,11,16,752,imw-minima-roma_band1_toL8Ref_pair011_scan16_pix752_internal_aff_magsac_630.0_0.99_.csv
176982.819,-11244.379,172860.634,-19716.666,4122.186,8472.287,228,76.43350150,13.93026173,76.39482563,13.85394065,band1,L8Ref,imw-minima-roma,internal,,magsac,630.0,0.99,11,16,752,imw-minima-roma_band1_toL8Ref_pair011_scan16_pix752_internal_aff_magsac_630.0_0.99_.csv
31933.125,-5209.170,32915.741,-12365.211,-982.616,7156.041,229,75.09130528,13.99017834,75.10031513,13.92548619,band1,L8Ref,imw-minima-roma,internal,,magsac,630.0,0.99,11,16,752,imw-minima-roma_band1_toL8Ref_pair011_scan16_pix752_internal_aff_magsac_630.0_0.99_.csv
73040.625,32474.166,72557.762,25019.544,482.863,7454.622,230,75.47280311,14.33001230,75.46813030,14.26264785,band1,L8Ref,imw-minima-roma,internal,,magsac,630.0,0.99,11,16,752,imw-minima-roma_band1_toL8Ref_pair011_scan16_pix752_internal_aff_magsac_630.0_0.99_.csv
80600.625,-22942.503,79761.883,-30726.679,838.742,7784.176,231,75.54126113,13.82892336,75.53327815,13.75858875,band1,L8Ref,imw-minima-roma,internal,,magsac,630.0,0.99,11,16,752,imw-minima-roma_band1_toL8Ref_pair011_scan16_pix752_internal_aff_magsac_630.0_0.99_.csv
61464.375,-30257.496,61703.225,-37732.651,-238.850,7475.155,232,75.36409363,13.76328683,75.36613533,13.69571622,band1,L8Ref,imw-minima-roma,internal,,magsac,630.0,0.99,11,16,752,imw-minima-roma_band1_toL8Ref_pair011_scan16_pix752_internal_aff_magsac_630.0_0.99_.csv
48047.526,-16011.955,48488.128,-23450.004,-440.602,7438.049,233,75.24027488,13.89230759,75.24422074,13.82507002,band1,L8Ref,imw-minima-roma,internal,,magsac,630.0,0.99,11,16,752,imw-minima-roma_band1_toL8Ref_pair011_scan16_pix752_internal_aff_magsac_630.0_0.99_.csv
133756.875,43557.498,130803.192,35494.371,2953.683,8063.127,234,76.03616664,14.42795676,76.00839114,14.35522057,band1,L8Ref,imw-minima-roma,internal,,magsac,630.0,0.99,11,16,752,imw-minima-roma_band1_toL8Ref_pair011_scan16_pix752_internal_aff_magsac_630.0_0.99_.csv
72568.125,82349.167,71967.978,74751.279,600.147,7597.887,235,75.46974270,14.78078382,75.46396884,14.71213456,band1,L8Ref,imw-minima-roma,internal,,magsac,630.0,0.99,11,16,752,imw-minima-roma_band1_toL8Ref_pair011_scan16_pix752_internal_aff_magsac_630.0_0.99_.csv
125251.875,66167.498,122606.290,58148.343,2645.585,8019.155,236,75.95832616,14.63269190,75.93341137,14.56033411,band1,L8Ref,imw-minima-roma,internal,,magsac,630.0,0.99,11,16,752,imw-minima-roma_band1_toL8Ref_pair011_scan16_pix752_internal_aff_magsac_630.0_0.99_.csv
44454.375,83014.170,45008.281,75702.211,-553.906,7311.959,237,75.20863211,14.78737831,75.21365675,14.72128886,band1,L8Ref,imw-minima-roma,internal,,magsac,630.0,0.99,11,16,752,imw-minima-roma_band1_toL8Ref_pair011_scan16_pix752_internal_aff_magsac_630.0_0.99_.csv
114148.125,37129.169,111827.942,29385.800,2320.183,7743.369,238,75.85405357,14.37071985,75.83222709,14.30082703,band1,L8Ref,imw-minima-roma,internal,,magsac,630.0,0.99,11,16,752,imw-minima-roma_band1_toL8Ref_pair011_scan16_pix752_internal_aff_magsac_630.0_0.99_.csv
91866.883,9399.700,90549.369,1749.996,1317.515,7649.704,239,75.64654812,14.12090659,75.63409458,14.05180735,band1,L8Ref,imw-minima-roma,internal,,magsac,630.0,0.99,11,16,752,imw-minima-roma_band1_toL8Ref_pair011_scan16_pix752_internal_aff_magsac_630.0_0.99_.csv
37974.943,25862.050,38626.875,18736.665,-651.932,7125.385,240,75.14765809,14.27094061,75.15359978,14.20652981,band1,L8Ref,imw-minima-roma,internal,,magsac,630.0,0.99,11,16,752,imw-minima-roma_band1_toL8Ref_pair011_scan16_pix752_internal_aff_magsac_630.0_0.99_.csv
31604.273,10253.751,32589.377,3243.333,-985.104,7010.418,241,75.08843877,14.12994472,75.09747965,14.06656958,band1,L8Ref,imw-minima-roma,internal,,magsac,630.0,0.99,11,16,752,imw-minima-roma_band1_toL8Ref_pair011_scan16_pix752_internal_aff_magsac_630.0_0.99_.csv
6768.116,-49309.170,8818.625,-55828.732,-2050.509,6519.562,242,74.85826485,13.59174537,74.87719124,13.53281181,band1,L8Ref,imw-minima-roma,internal,,magsac,630.0,0.99,15,4,224,imw-minima-roma_band1_toL8Ref_pair015_scan4_pix224_internal_aff_magsac_630.0_0.99_.csv
47901.014,11903.391,48313.125,4725.000,-412.111,7178.391,243,75.23940457,14.14462533,75.24309574,14.07973629,band1,L8Ref,imw-minima-roma,internal,,magsac,630.0,0.99,15,4,224,imw-minima-roma_band1_toL8Ref_pair015_scan4_pix224_internal_aff_magsac_630.0_0.99_.csv
37540.602,10307.050,38250.621,3231.663,-710.019,7075.388,244,75.14342060,14.13035371,75.14989838,14.06639304,band1,L8Ref,imw-minima-roma,internal,,magsac,630.0,0.99,15,4,224,imw-minima-roma_band1_toL8Ref_pair015_scan4_pix224_internal_aff_magsac_630.0_0.99_.csv
-18606.879,-48422.493,-15221.456,-54858.142,-3385.423,6435.650,245,74.62378804,13.59970661,74.65510662,13.54155739,band1,L8Ref,imw-minima-roma,internal,,magsac,630.0,0.99,15,4,224,imw-minima-roma_band1_toL8Ref_pair015_scan4_pix224_internal_aff_magsac_630.0_0.99_.csv
-48295.629,68395.831,-44534.259,62024.325,-3761.370,6371.507,246,74.34739872,14.65520289,74.38241887,14.59768137,band1,L8Ref,imw-minima-roma,internal,,magsac,630.0,0.99,15,4,224,imw-minima-roma_band1_toL8Ref_pair015_scan4_pix224_internal_aff_magsac_630.0_0.99_.csv
-10994.373,-7414.170,-8129.236,-14203.974,-2865.137,6789.803,247,74.69396850,13.97040738,74.72050652,13.90904640,band1,L8Ref,imw-minima-roma,internal,,magsac,630.0,0.99,15,4,224,imw-minima-roma_band1_toL8Ref_pair015_scan4_pix224_internal_aff_magsac_630.0_0.99_.csv
23769.388,-1207.494,25089.546,-8253.523,-1320.158,7046.029,248,75.01577466,14.02642849,75.02793208,13.96273069,band1,L8Ref,imw-minima-roma,internal,,magsac,630.0,0.99,15,4,224,imw-minima-roma_band1_toL8Ref_pair015_scan4_pix224_internal_aff_magsac_630.0_0.99_.csv
-15473.491,46813.688,-12665.619,40191.666,-2807.872,6622.022,249,74.65220744,14.46051896,74.67828132,14.40068255,band1,L8Ref,imw-minima-roma,internal,,magsac,630.0,0.99,15,4,224,imw-minima-roma_band1_toL8Ref_pair015_scan4_pix224_internal_aff_magsac_630.0_0.99_.csv
63534.331,39535.115,63608.121,32351.667,-73.790,7183.448,250,75.38484466,14.39406075,75.38536256,14.32913378,band1,L8Ref,imw-minima-roma,internal,,magsac,630.0,0.99,15,4,224,imw-minima-roma_band1_toL8Ref_pair015_scan4_pix224_internal_aff_magsac_630.0_0.99_.csv
46872.208,1540.028,47306.871,-5728.332,-434.663,7268.360,251,75.22969897,14.05097304,75.23359857,13.98527004,band1,L8Ref,imw-minima-roma,internal,,magsac,630.0,0.99,15,4,224,imw-minima-roma_band1_toL8Ref_pair015_scan4_pix224_internal_aff_magsac_630.0_0.99_.csv
-20129.382,-38669.163,-16761.138,-45527.517,-3368.245,6858.354,252,74.60964826,13.68785326,74.64082616,13.62588484,band1,L8Ref,imw-minima-roma,internal,,magsac,630.0,0.99,15,4,224,imw-minima-roma_band1_toL8Ref_pair015_scan4_pix224_internal_aff_magsac_630.0_0.99_.csv
-40955.105,72910.388,-37419.381,66511.666,-3535.723,6398.721,253,74.41547302,14.69611977,74.44838822,14.63834012,band1,L8Ref,imw-minima-roma,internal,,magsac,630.0,0.99,15,4,224,imw-minima-roma_band1_toL8Ref_pair015_scan4_pix224_internal_aff_magsac_630.0_0.99_.csv
-33578.118,-3867.507,-29907.389,-10731.764,-3670.729,6864.256,254,74.48490376,14.00228602,74.51895698,13.94028382,band1,L8Ref,imw-minima-roma,internal,,magsac,630.0,0.99,15,4,224,imw-minima-roma_band1_toL8Ref_pair015_scan4_pix224_internal_aff_magsac_630.0_0.99_.csv
50223.024,83905.573,50728.112,76405.001,-505.088,7500.573,255,75.26222936,14.79533707,75.26678196,14.72754297,band1,L8Ref,imw-minima-roma,internal,,magsac,630.0,0.99,15,4,224,imw-minima-roma_band1_toL8Ref_pair015_scan4_pix224_internal_aff_magsac_630.0_0.99_.csv
48363.267,64030.157,48715.623,56804.998,-352.356,7225.159,256,75.24460387,14.61574633,75.24774586,14.55044099,band1,L8Ref,imw-minima-roma,internal,,magsac,630.0,0.99,15,4,224,imw-minima-roma_band1_toL8Ref_pair015_scan4_pix224_internal_aff_magsac_630.0_0.99_.csv
-2665.138,84913.732,-389.366,78084.999,-2275.771,6828.733,257,74.77096936,14.80489506,74.79211001,14.74318301,band1,L8Ref,imw-minima-roma,internal,,magsac,630.0,0.99,15,4,224,imw-minima-roma_band1_toL8Ref_pair015_scan4_pix224_internal_aff_magsac_630.0_0.99_.csv
-6934.384,-18275.826,-4270.130,-25030.195,-2664.253,6754.370,258,74.73157266,13.87224545,74.75623136,13.81120012,band1,L8Ref,imw-minima-roma,internal,,magsac,630.0,0.99,15,4,224,imw-minima-roma_band1_toL8Ref_pair015_scan4_pix224_internal_aff_magsac_630.0_0.99_.csv
-23703.885,71771.180,-20715.614,65018.334,-2988.270,6752.846,259,74.57565389,14.68602234,74.60344867,14.62501636,band1,L8Ref,imw-minima-roma,internal,,magsac,630.0,0.99,15,4,224,imw-minima-roma_band1_toL8Ref_pair015_scan4_pix224_internal_aff_magsac_630.0_0.99_.csv
-48549.375,29160.836,-44126.032,22702.504,-4423.343,6458.332,260,74.34573723,14.30059380,74.38683934,14.24229395,band1,L8Ref,imw-minima-roma,internal,,magsac,630.0,0.99,15,4,224,imw-minima-roma_band1_toL8Ref_pair015_scan4_pix224_internal_aff_magsac_630.0_0.99_.csv
12350.638,12314.166,14042.811,5366.574,-1692.173,6947.592,261,74.91012448,14.14871779,74.92576291,14.08591388,band1,L8Ref,imw-minima-roma,internal,,magsac,630.0,0.99,15,4,224,imw-minima-roma_band1_toL8Ref_pair015_scan4_pix224_internal_aff_magsac_630.0_0.99_.csv
678.123,6550.833,2963.767,-233.212,-2285.644,6784.045,262,74.80200561,14.09665273,74.82316446,14.03533317,band1,L8Ref,imw-minima-roma,internal,,magsac,630.0,0.99,15,4,224,imw-minima-roma_band1_toL8Ref_pair015_scan4_pix224_internal_aff_magsac_630.0_0.99_.csv
8708.335,67190.032,10478.134,60165.000,-1769.799,7025.032,263,74.87656140,14.64470618,74.89296278,14.58120995,band1,L8Ref,imw-minima-roma,internal,,magsac,630.0,0.99,15,4,224,imw-minima-roma_band1_toL8Ref_pair015_scan4_pix224_internal_aff_magsac_630.0_0.99_.csv
60309.388,27609.166,60165.827,20170.017,143.561,7439.150,264,75.35467992,14.28634229,75.35318663,14.21910774,band1,L8Ref,imw-minima-roma,internal,,magsac,630.0,0.99,15,4,224,imw-minima-roma_band1_toL8Ref_pair015_scan4_pix224_internal_aff_magsac_630.0_0.99_.csv
56899.720,30683.060,57168.116,23391.668,-268.396,7291.393,265,75.32314248,14.31419589,75.32547868,14.24828860,band1,L8Ref,imw-minima-roma,internal,,magsac,630.0,0.99,15,4,224,imw-minima-roma_band1_toL8Ref_pair015_scan4_pix224_internal_aff_magsac_630.0_0.99_.csv
45459.591,68889.278,45898.138,61658.332,-438.547,7230.946,266,75.21773440,14.65970969,75.22168441,14.59435172,band1,L8Ref,imw-minima-roma,internal,,magsac,630.0,0.99,15,4,224,imw-minima-roma_band1_toL8Ref_pair015_scan4_pix224_internal_aff_magsac_630.0_0.99_.csv
-10718.882,49842.992,-8036.864,43178.331,-2682.018,6664.661,267,74.69629515,14.48791993,74.72119365,14.42769339,band1,L8Ref,imw-minima-roma,internal,,magsac,630.0,0.99,15,4,224,imw-minima-roma_band1_toL8Ref_pair015_scan4_pix224_internal_aff_magsac_630.0_0.99_.csv
-65244.692,78588.322,-60965.631,72298.335,-4279.061,6289.987,268,74.18981881,14.74697532,74.22969697,14.69022602,band1,L8Ref,imw-minima-roma,internal,,magsac,630.0,0.99,15,4,224,imw-minima-roma_band1_toL8Ref_pair015_scan4_pix224_internal_aff_magsac_630.0_0.99_.csv
30113.127,67952.500,31079.891,60808.775,-966.764,7143.724,269,75.07526064,14.65144947,75.08415393,14.58687621,band1,L8Ref,imw-minima-roma,internal,,magsac,630.0,0.99,15,4,224,imw-minima-roma_band1_toL8Ref_pair015_scan4_pix224_internal_aff_magsac_630.0_0.99_.csv
23515.623,62189.167,24709.735,55081.246,-1194.112,7107.920,270,75.01396779,14.59942518,75.02498596,14.53517492,band1,L8Ref,imw-minima-roma,internal,,magsac,630.0,0.99,15,4,224,imw-minima-roma_band1_toL8Ref_pair015_scan4_pix224_internal_aff_magsac_630.0_0.99_.csv
-27741.870,62189.167,-24712.907,55668.757,-3028.962,6520.410,271,74.53826138,14.59938671,74.56643106,14.54048473,band1,L8Ref,imw-minima-roma,internal,,magsac,630.0,0.99,15,4,224,imw-minima-roma_band1_toL8Ref_pair015_scan4_pix224_internal_aff_magsac_630.0_0.99_.csv
36143.751,57637.113,36841.888,50458.332,-698.137,7178.781,272,75.13110578,14.55815092,75.13748742,14.49326081,band1,L8Ref,imw-minima-roma,internal,,magsac,630.0,0.99,15,4,224,imw-minima-roma_band1_toL8Ref_pair015_scan4_pix224_internal_aff_magsac_630.0_0.99_.csv
50413.112,-14729.163,50812.495,-22192.465,-399.383,7463.302,273,75.26218533,13.90386107,75.26574326,13.83639565,band1,L8Ref,imw-minima-roma,internal,,magsac,630.0,0.99,15,4,224,imw-minima-roma_band1_toL8Ref_pair015_scan4_pix224_internal_aff_magsac_630.0_0.99_.csv
-74165.177,83338.036,-69619.384,77151.669,-4545.794,6186.367,274,74.10684883,14.78967880,74.14922915,14.73388693,band1,L8Ref,imw-minima-roma,internal,,magsac,630.0,0.99,15,4,224,imw-minima-roma_band1_toL8Ref_pair015_scan4_pix224_internal_aff_magsac_630.0_0.99_.csv
-21144.375,-15615.840,-17944.320,-22354.551,-3200.055,6738.710,275,74.60008904,13.89621754,74.62974114,13.83533066,band1,L8Ref,imw-minima-roma,internal,,magsac,630.0,0.99,15,4,224,imw-minima-roma_band1_toL8Ref_pair015_scan4_pix224_internal_aff_magsac_630.0_0.99_.csv
-36115.632,81917.498,-32778.082,75455.329,-3337.550,6462.170,276,74.46028686,14.77758681,74.49136307,14.71922671,band1,L8Ref,imw-minima-roma,internal,,magsac,630.0,0.99,15,4,224,imw-minima-roma_band1_toL8Ref_pair015_scan4_pix224_internal_aff_magsac_630.0_0.99_.csv
-4650.634,-30024.168,-2178.978,-36644.109,-2471.656,6619.941,277,74.75272049,13.76606053,74.77558163,13.70622793,band1,L8Ref,imw-minima-roma,internal,,magsac,630.0,0.99,15,4,224,imw-minima-roma_band1_toL8Ref_pair015_scan4_pix224_internal_aff_magsac_630.0_0.99_.csv
-40429.377,36475.833,-36837.043,30169.724,-3592.334,6306.109,278,74.42089114,14.36683667,74.45428140,14.30988980,band1,L8Ref,imw-minima-roma,internal,,magsac,630.0,0.99,15,4,224,imw-minima-roma_band1_toL8Ref_pair015_scan4_pix224_internal_aff_magsac_630.0_0.99_.csv
27575.631,-33349.173,28825.134,-40508.685,-1249.503,7159.511,279,75.05069026,13.73587611,75.06216847,13.67115112,band1,L8Ref,imw-minima-roma,internal,,magsac,630.0,0.99,15,4,224,imw-minima-roma_band1_toL8Ref_pair015_scan4_pix224_internal_aff_magsac_630.0_0.99_.csv
-15561.873,-8744.163,-12524.365,-15489.285,-3037.508,6745.122,280,74.65170196,13.95836457,74.67984449,13.89741283,band1,L8Ref,imw-minima-roma,internal,,magsac,630.0,0.99,15,4,224,imw-minima-roma_band1_toL8Ref_pair015_scan4_pix224_internal_aff_magsac_630.0_0.99_.csv
40158.578,-14096.327,40866.866,-21594.996,-708.289,7498.669,281,75.16731217,13.90974551,75.17375487,13.84195739,band1,L8Ref,imw-minima-roma,internal,,magsac,630.0,0.99,15,4,224,imw-minima-roma_band1_toL8Ref_pair015_scan4_pix224_internal_aff_magsac_630.0_0.99_.csv
-44743.131,6994.167,-40456.553,494.052,-4286.578,6500.115,282,74.38137650,14.10030512,74.42116830,14.04161818,band1,L8Ref,imw-minima-roma,internal,,magsac,630.0,0.99,15,4,224,imw-minima-roma_band1_toL8Ref_pair015_scan4_pix224_internal_aff_magsac_630.0_0.99_.csv
22001.454,7207.874,23358.123,244.998,-1356.669,6962.877,283,74.99947497,14.10250572,75.01197963,14.03956041,band1,L8Ref,imw-minima-roma,internal,,magsac,630.0,0.99,15,4,224,imw-minima-roma_band1_toL8Ref_pair015_scan4_pix224_internal_aff_magsac_630.0_0.99_.csv
17817.860,9261.181,19333.125,2298.333,-1515.265,6962.848,284,74.96074522,14.12109412,74.97472989,14.05815009,band1,L8Ref,imw-minima-roma,internal,,magsac,630.0,0.99,15,4,224,imw-minima-roma_band1_toL8Ref_pair015_scan4_pix224_internal_aff_magsac_630.0_0.99_.csv
-7441.875,-26699.163,-4798.713,-33335.302,-2643.162,6636.139,285,74.72690033,13.79610826,74.75135692,13.73613197,band1,L8Ref,imw-minima-roma,internal,,magsac,630.0,0.99,15,4,224,imw-minima-roma_band1_toL8Ref_pair015_scan4_pix224_internal_aff_magsac_630.0_0.99_.csv
25294.304,-14297.566,26578.125,-21408.330,-1283.821,7110.764,286,75.02977169,13.90809886,75.04158226,13.84381520,band1,L8Ref,imw-minima-roma,internal,,magsac,630.0,0.99,15,4,224,imw-minima-roma_band1_toL8Ref_pair015_scan4_pix224_internal_aff_magsac_630.0_0.99_.csv
7529.373,-35565.834,9466.707,-42301.593,-1937.335,6735.759,287,74.86533647,13.71596493,74.88322445,13.65507673,band1,L8Ref,imw-minima-roma,internal,,magsac,630.0,0.99,15,4,224,imw-minima-roma_band1_toL8Ref_pair015_scan4_pix224_internal_aff_magsac_630.0_0.99_.csv
-11933.836,73802.153,-9244.377,67071.669,-2689.459,6730.484,288,74.68492069,14.70445179,74.70991491,14.64363475,band1,L8Ref,imw-minima-roma,internal,,magsac,630.0,0.99,15,4,224,imw-minima-roma_band1_toL8Ref_pair015_scan4_pix224_internal_aff_magsac_630.0_0.99_.csv
-58953.132,69282.502,-55059.276,62872.863,-3893.857,6409.639,289,74.24844662,14.66301321,74.28472308,14.60516406,band1,L8Ref,imw-minima-roma,internal,,magsac,630.0,0.99,15,4,224,imw-minima-roma_band1_toL8Ref_pair015_scan4_pix224_internal_aff_magsac_630.0_0.99_.csv
34934.373,-18719.160,35822.137,-25954.902,-887.764,7235.743,290,75.11891426,13.86803074,75.12703331,13.80261808,band1,L8Ref,imw-minima-roma,internal,,magsac,630.0,0.99,15,4,224,imw-minima-roma_band1_toL8Ref_pair015_scan4_pix224_internal_aff_magsac_630.0_0.99_.csv
-1833.418,79683.911,415.629,72858.333,-2249.047,6825.578,291,74.77869873,14.75763239,74.79958483,14.69594729,band1,L8Ref,imw-minima-roma,internal,,magsac,630.0,0.99,15,4,224,imw-minima-roma_band1_toL8Ref_pair015_scan4_pix224_internal_aff_magsac_630.0_0.99_.csv
26306.884,58420.837,27413.729,51300.420,-1106.845,7120.417,292,75.03983653,14.56534316,75.05003616,14.50097910,band1,L8Ref,imw-minima-roma,internal,,magsac,630.0,0.99,15,4,224,imw-minima-roma_band1_toL8Ref_pair015_scan4_pix224_internal_aff_magsac_630.0_0.99_.csv
-56726.013,76223.553,-52915.626,69871.668,-3810.387,6351.885,293,74.26897783,14.72578864,74.30448302,14.66845781,band1,L8Ref,imw-minima-roma,internal,,magsac,630.0,0.99,15,4,224,imw-minima-roma_band1_toL8Ref_pair015_scan4_pix224_internal_aff_magsac_630.0_0.99_.csv
35725.410,57817.561,36439.371,50644.998,-713.960,7172.563,294,75.12722633,14.55978712,75.13375598,14.49495313,band1,L8Ref,imw-minima-roma,internal,,magsac,630.0,0.99,15,4,224,imw-minima-roma_band1_toL8Ref_pair015_scan4_pix224_internal_aff_magsac_630.0_0.99_.csv
-5148.531,15259.528,-2603.114,8644.999,-2545.417,6614.529,295,74.74803175,14.17536173,74.77161782,14.11557982,band1,L8Ref,imw-minima-roma,internal,,magsac,630.0,0.99,15,4,224,imw-minima-roma_band1_toL8Ref_pair015_scan4_pix224_internal_aff_magsac_630.0_0.99_.csv
678.123,-47092.500,2912.702,-53763.582,-2234.579,6671.082,296,74.80199243,13.61178910,74.82263523,13.55149016,band1,L8Ref,imw-minima-roma,internal,,magsac,630.0,0.99,15,4,224,imw-minima-roma_band1_toL8Ref_pair015_scan4_pix224_internal_aff_magsac_630.0_0.99_.csv
-9028.295,63118.923,-6426.873,56431.666,-2601.422,6687.256,297,74.71193371,14.60791179,74.73609334,14.54748091,band1,L8Ref,imw-minima-roma,internal,,magsac,630.0,0.99,15,4,224,imw-minima-roma_band1_toL8Ref_pair015_scan4_pix224_internal_aff_magsac_630.0_0.99_.csv
-7441.875,48889.167,-4893.449,42208.154,-2548.426,6681.013,298,74.72669598,14.47930984,74.75034676,14.41893205,band1,L8Ref,imw-minima-roma,internal,,magsac,630.0,0.99,15,4,224,imw-minima-roma_band1_toL8Ref_pair015_scan4_pix224_internal_aff_magsac_630.0_0.99_.csv
51170.754,76859.236,51331.888,69311.665,-161.134,7547.570,299,75.27090076,14.73164006,75.27225563,14.66342608,band1,L8Ref,imw-minima-roma,internal,,magsac,630.0,0.99,15,4,224,imw-minima-roma_band1_toL8Ref_pair015_scan4_pix224_internal_aff_magsac_630.0_0.99_.csv
-11501.884,-49752.504,-8710.488,-55821.839,-2791.395,6069.335,300,74.68944764,13.58772293,74.71525944,13.53287445,band1,L8Ref,imw-minima-roma,internal,,magsac,630.0,0.99,15,4,224,imw-minima-roma_band1_toL8Ref_pair015_scan4_pix224_internal_aff_magsac_630.0_0.99_.csv
-42713.127,18077.504,-38644.476,11479.197,-4068.651,6598.307,301,74.40000358,14.20051311,74.43779081,14.14093325,band1,L8Ref,imw-minima-roma,internal,,magsac,630.0,0.99,15,4,224,imw-minima-roma_band1_toL8Ref_pair015_scan4_pix224_internal_aff_magsac_630.0_0.99_.csv
1185.634,-32684.163,3424.414,-39338.970,-2238.780,6654.808,302,74.80668854,13.74202124,74.82738060,13.68186869,band1,L8Ref,imw-minima-roma,internal,,magsac,630.0,0.99,15,4,224,imw-minima-roma_band1_toL8Ref_pair015_scan4_pix224_internal_aff_magsac_630.0_0.99_.csv
44687.645,79484.694,45093.123,72111.669,-405.478,7373.025,303,75.21074118,14.75547772,75.21438546,14.68883810,band1,L8Ref,imw-minima-roma,internal,,magsac,630.0,0.99,15,4,224,imw-minima-roma_band1_toL8Ref_pair015_scan4_pix224_internal_aff_magsac_630.0_0.99_.csv
-15054.362,73272.496,-12239.944,66504.216,-2814.418,6768.280,304,74.65594965,14.69965006,74.68211109,14.63849488,band1,L8Ref,imw-minima-roma,internal,,magsac,630.0,0.99,15,4,224,imw-minima-roma_band1_toL8Ref_pair015_scan4_pix224_internal_aff_magsac_630.0_0.99_.csv
36843.714,-26468.469,37646.884,-33728.340,-803.169,7259.871,305,75.13647468,13.79796297,75.14380381,13.73233271,band1,L8Ref,imw-minima-roma,internal,,magsac,630.0,0.99,15,4,224,imw-minima-roma_band1_toL8Ref_pair015_scan4_pix224_internal_aff_magsac_630.0_0.99_.csv
13475.152,48939.044,15106.888,41871.669,-1631.736,7067.375,306,74.92071992,14.47973822,74.93581683,14.41585461,band1,L8Ref,imw-minima-roma,internal,,magsac,630.0,0.99,15,4,224,imw-minima-roma_band1_toL8Ref_pair015_scan4_pix224_internal_aff_magsac_630.0_0.99_.csv
29351.890,74824.170,30311.156,67705.538,-959.266,7118.632,307,75.06826783,14.71356048,75.07709617,14.64921541,band1,L8Ref,imw-minima-roma,internal,,magsac,630.0,0.99,15,4,224,imw-minima-roma_band1_toL8Ref_pair015_scan4_pix224_internal_aff_magsac_630.0_0.99_.csv
36710.631,-43545.837,37623.062,-50812.457,-912.431,7266.620,308,75.13501695,13.64360790,75.14335104,13.57791550,band1,L8Ref,imw-minima-roma,internal,,magsac,630.0,0.99,15,4,224,imw-minima-roma_band1_toL8Ref_pair015_scan4_pix224_internal_aff_magsac_630.0_0.99_.csv
-29010.618,49554.168,-25948.240,43135.793,-3062.377,6418.375,309,74.52662012,14.48518055,74.55508773,14.42720090,band1,L8Ref,imw-minima-roma,internal,,magsac,630.0,0.99,15,4,224,imw-minima-roma_band1_toL8Ref_pair015_scan4_pix224_internal_aff_magsac_630.0_0.99_.csv
43054.390,-32240.829,43640.920,-39610.462,-586.530,7369.633,310,75.19382397,13.74570064,75.19913085,13.67907993,band1,L8Ref,imw-minima-roma,internal,,magsac,630.0,0.99,15,4,224,imw-minima-roma_band1_toL8Ref_pair015_scan4_pix224_internal_aff_magsac_630.0_0.99_.csv
35524.979,45649.530,36238.112,38511.668,-713.134,7137.863,311,75.12520897,14.44981576,75.13172886,14.38529392,band1,L8Ref,imw-minima-roma,internal,,magsac,630.0,0.99,15,4,224,imw-minima-roma_band1_toL8Ref_pair015_scan4_pix224_internal_aff_magsac_630.0_0.99_.csv
-44743.131,63519.166,-41073.826,57207.602,-3669.306,6311.564,312,74.38045601,14.61118801,74.41460604,14.55420148,band1,L8Ref,imw-minima-roma,internal,,magsac,630.0,0.99,15,4,224,imw-minima-roma_band1_toL8Ref_pair015_scan4_pix224_internal_aff_magsac_630.0_0.99_.csv
6806.472,15678.368,8666.884,8831.665,-1860.411,6846.703,313,74.85877960,14.17914389,74.87599250,14.11725489,band1,L8Ref,imw-minima-roma,internal,,magsac,630.0,0.99,15,4,224,imw-minima-roma_band1_toL8Ref_pair015_scan4_pix224_internal_aff_magsac_630.0_0.99_.csv
-29010.618,-1872.504,-25952.826,-8275.095,-3057.792,6402.590,314,74.52716263,14.02036872,74.55553014,13.96252790,band1,L8Ref,imw-minima-roma,internal,,magsac,630.0,0.99,15,4,224,imw-minima-roma_band1_toL8Ref_pair015_scan4_pix224_internal_aff_magsac_630.0_0.99_.csv
67090.636,62383.081,67230.621,55125.000,-139.985,7258.081,315,75.41837876,14.60047656,75.41949999,14.53487627,band1,L8Ref,imw-minima-roma,internal,,magsac,630.0,0.99,15,4,224,imw-minima-roma_band1_toL8Ref_pair015_scan4_pix224_internal_aff_magsac_630.0_0.99_.csv
-19415.691,82447.371,-16489.377,75658.332,-2926.314,6789.039,316,74.61539069,14.78254023,74.64261151,14.72120393,band1,L8Ref,imw-minima-roma,internal,,magsac,630.0,0.99,15,4,224,imw-minima-roma_band1_toL8Ref_pair015_scan4_pix224_internal_aff_magsac_630.0_0.99_.csv
62462.766,65182.912,62400.627,57924.999,62.139,7257.913,317,75.37549253,14.62588702,75.37475059,14.56029335,band1,L8Ref,imw-minima-roma,internal,,magsac,630.0,0.99,15,4,224,imw-minima-roma_band1_toL8Ref_pair015_scan4_pix224_internal_aff_magsac_630.0_0.99_.csv
48636.873,-6305.826,49128.964,-13659.049,-492.091,7353.224,318,75.24589886,13.98002770,75.25032253,13.91355608,band1,L8Ref,imw-minima-roma,internal,,magsac,630.0,0.99,15,4,224,imw-minima-roma_band1_toL8Ref_pair015_scan4_pix224_internal_aff_magsac_630.0_0.99_.csv
-29010.618,67065.832,-25956.565,60585.354,-3054.052,6480.478,319,74.52643489,14.64344768,74.55484546,14.58490887,band1,L8Ref,imw-minima-roma,internal,,magsac,630.0,0.99,15,4,224,imw-minima-roma_band1_toL8Ref_pair015_scan4_pix224_internal_aff_magsac_630.0_0.99_.csv
39755.638,-53742.501,40527.930,-61066.376,-772.292,7323.875,320,75.16301323,13.55140277,75.17004088,13.48519430,band1,L8Ref,imw-minima-roma,internal,,magsac,630.0,0.99,15,4,224,imw-minima-roma_band1_toL8Ref_pair015_scan4_pix224_internal_aff_magsac_630.0_0.99_.csv
-48311.914,54253.975,-44463.132,47844.999,-3848.781,6408.976,321,74.34749672,14.52739215,74.38330878,14.46953156,band1,L8Ref,imw-minima-roma,internal,,magsac,630.0,0.99,15,4,224,imw-minima-roma_band1_toL8Ref_pair015_scan4_pix224_internal_aff_magsac_630.0_0.99_.csv
46860.634,22289.163,47242.829,15078.467,-382.195,7210.696,322,75.22994504,14.23851390,75.23336270,14.17333425,band1,L8Ref,imw-minima-roma,internal,,magsac,630.0,0.99,15,4,224,imw-minima-roma_band1_toL8Ref_pair015_scan4_pix224_internal_aff_magsac_630.0_0.99_.csv
-68134.785,88978.842,-63984.375,82938.333,-4150.410,6040.509,323,74.16272091,14.84080811,74.20142127,14.78631657,band1,L8Ref,imw-minima-roma,internal,,magsac,630.0,0.99,15,4,224,imw-minima-roma_band1_toL8Ref_pair015_scan4_pix224_internal_aff_magsac_630.0_0.99_.csv
50755.702,11706.199,51130.629,4538.334,-374.928,7167.865,324,75.26584214,14.14279309,75.26918173,14.07799946,band1,L8Ref,imw-minima-roma,internal,,magsac,630.0,0.99,15,4,224,imw-minima-roma_band1_toL8Ref_pair015_scan4_pix224_internal_aff_magsac_630.0_0.99_.csv
11335.616,13200.834,13069.251,6261.538,-1733.634,6939.296,325,74.90072643,14.15673619,74.91675195,14.09400774,band1,L8Ref,imw-minima-roma,internal,,magsac,630.0,0.99,15,4,224,imw-minima-roma_band1_toL8Ref_pair015_scan4_pix224_internal_aff_magsac_630.0_0.99_.csv
-18606.879,-19162.503,-15479.701,-25902.530,-3127.179,6740.027,326,74.62359095,13.86417828,74.65255873,13.80327616,band1,L8Ref,imw-minima-roma,internal,,magsac,630.0,0.99,15,4,224,imw-minima-roma_band1_toL8Ref_pair015_scan4_pix224_internal_aff_magsac_630.0_0.99_.csv
59548.112,37140.834,59713.303,29895.872,-165.190,7244.962,327,75.34783089,14.37250794,75.34920503,14.30702288,band1,L8Ref,imw-minima-roma,internal,,magsac,630.0,0.99,15,4,224,imw-minima-roma_band1_toL8Ref_pair015_scan4_pix224_internal_aff_magsac_630.0_0.99_.csv
46425.163,-3992.660,46904.373,-11328.330,-479.210,7335.670,328,75.22546673,14.00097275,75.22977778,13.93466046,band1,L8Ref,imw-minima-roma,internal,,magsac,630.0,0.99,15,4,224,imw-minima-roma_band1_toL8Ref_pair015_scan4_pix224_internal_aff_magsac_630.0_0.99_.csv
19963.125,-48422.493,21448.339,-55342.620,-1485.214,6920.127,329,74.98019617,13.59969736,74.99386671,13.53713801,band1,L8Ref,imw-minima-roma,internal,,magsac,630.0,0.99,15,4,224,imw-minima-roma_band1_toL8Ref_pair015_scan4_pix224_internal_aff_magsac_630.0_0.99_.csv
-42713.127,18964.167,-38657.964,12332.642,-4055.164,6631.525,330,74.39998981,14.20852714,74.43765390,14.14864692,band1,L8Ref,imw-minima-roma,internal,,magsac,630.0,0.99,15,4,224,imw-minima-roma_band1_toL8Ref_pair015_scan4_pix224_internal_aff_magsac_630.0_0.99_.csv
26053.138,-20935.830,27331.345,-28101.465,-1278.207,7165.635,331,75.03673042,13.84809087,75.04848352,13.78331088,band1,L8Ref,imw-minima-roma,internal,,magsac,630.0,0.99,15,4,224,imw-minima-roma_band1_toL8Ref_pair015_scan4_pix224_internal_aff_magsac_630.0_0.99_.csv
-24443.118,4777.506,-21425.518,-1698.172,-3017.600,6475.678,332,74.56938683,14.08051863,74.59737963,14.02201221,band1,L8Ref,imw-minima-roma,internal,,magsac,630.0,0.99,15,4,224,imw-minima-roma_band1_toL8Ref_pair015_scan4_pix224_internal_aff_magsac_630.0_0.99_.csv
33158.134,-4310.832,34132.896,-11489.031,-974.762,7178.199,333,75.10265500,13.99828395,75.11158903,13.93339123,band1,L8Ref,imw-minima-roma,internal,,magsac,630.0,0.99,15,4,224,imw-minima-roma_band1_toL8Ref_pair015_scan4_pix224_internal_aff_magsac_630.0_0.99_.csv
11183.384,-18246.804,12893.121,-25328.334,-1709.736,7081.530,334,74.89918870,13.87249414,74.91497320,13.80847914,band1,L8Ref,imw-minima-roma,internal,,magsac,630.0,0.99,15,4,224,imw-minima-roma_band1_toL8Ref_pair015_scan4_pix224_internal_aff_magsac_630.0_0.99_.csv
-12803.393,61637.364,-10049.373,54938.334,-2754.020,6699.030,335,74.67690373,14.59450722,74.70248701,14.53397376,band1,L8Ref,imw-minima-roma,internal,,magsac,630.0,0.99,15,4,224,imw-minima-roma_band1_toL8Ref_pair015_scan4_pix224_internal_aff_magsac_630.0_0.99_.csv
-23681.861,-1429.170,-20600.287,-7935.995,-3081.574,6506.824,336,74.57648929,14.02442558,74.60506581,13.96563704,band1,L8Ref,imw-minima-roma,internal,,magsac,630.0,0.99,15,4,224,imw-minima-roma_band1_toL8Ref_pair015_scan4_pix224_internal_aff_magsac_630.0_0.99_.csv
8036.884,41795.837,9873.916,34839.915,-1837.032,6955.922,337,74.87025423,14.41519826,74.88726456,14.35232360,band1,L8Ref,imw-minima-roma,internal,,magsac,630.0,0.99,15,4,224,imw-minima-roma_band1_toL8Ref_pair015_scan4_pix224_internal_aff_magsac_630.0_0.99_.csv
8544.375,-21157.497,10357.259,-28187.713,-1812.884,7030.216,338,74.87476495,13.84619453,74.89150852,13.78264453,band1,L8Ref,imw-minima-roma,internal,,magsac,630.0,0.99,15,4,224,imw-minima-roma_band1_toL8Ref_pair015_scan4_pix224_internal_aff_magsac_630.0_0.99_.csv
38916.285,77793.279,39458.134,70618.332,-541.848,7174.947,339,75.15711846,14.74027754,75.16204692,14.67542666,band1,L8Ref,imw-minima-roma,internal,,magsac,630.0,0.99,15,4,224,imw-minima-roma_band1_toL8Ref_pair015_scan4_pix224_internal_aff_magsac_630.0_0.99_.csv
-38906.874,42017.504,-35412.343,35717.605,-3494.531,6299.899,340,74.43492827,14.41694455,74.46741551,14.36005116,band1,L8Ref,imw-minima-roma,internal,,magsac,630.0,0.99,15,4,224,imw-minima-roma_band1_toL8Ref_pair015_scan4_pix224_internal_aff_magsac_630.0_0.99_.csv
1946.890,-48422.493,4187.208,-54857.065,-2240.318,6434.573,341,74.81371622,13.59976716,74.83440826,13.54160498,band1,L8Ref,imw-minima-roma,internal,,magsac,630.0,0.99,15,4,224,imw-minima-roma_band1_toL8Ref_pair015_scan4_pix224_internal_aff_magsac_630.0_0.99_.csv
60086.538,40529.766,60186.879,33284.997,-100.341,7244.769,342,75.35289707,14.40312616,75.35366878,14.33764456,band1,L8Ref,imw-minima-roma,internal,,magsac,630.0,0.99,15,4,224,imw-minima-roma_band1_toL8Ref_pair015_scan4_pix224_internal_aff_magsac_630.0_0.99_.csv
38745.807,-25137.996,39458.134,-32421.669,-712.326,7283.673,343,75.15408482,13.80996325,75.16056902,13.74411859,band1,L8Ref,imw-minima-roma,internal,,magsac,630.0,0.99,15,4,224,imw-minima-roma_band1_toL8Ref_pair015_scan4_pix224_internal_aff_magsac_630.0_0.99_.csv
32240.223,81111.378,33018.129,73978.334,-777.906,7133.044,344,75.09516095,14.77034874,75.10229984,14.70587563,band1,L8Ref,imw-minima-roma,internal,,magsac,630.0,0.99,15,4,224,imw-minima-roma_band1_toL8Ref_pair015_scan4_pix224_internal_aff_magsac_630.0_0.99_.csv
-6820.238,6704.382,-4213.125,58.332,-2607.113,6646.050,345,74.73256686,14.09803243,74.75672027,14.03796673,band1,L8Ref,imw-minima-roma,internal,,magsac,630.0,0.99,15,4,224,imw-minima-roma_band1_toL8Ref_pair015_scan4_pix224_internal_aff_magsac_630.0_0.99_.csv
-16323.110,-25369.170,-13294.263,-32007.424,-3028.847,6638.254,346,74.64475513,13.80809229,74.67280058,13.74810705,band1,L8Ref,imw-minima-roma,internal,,magsac,630.0,0.99,15,4,224,imw-minima-roma_band1_toL8Ref_pair015_scan4_pix224_internal_aff_magsac_630.0_0.99_.csv
-30242.230,49932.552,-27155.619,43551.668,-3086.612,6380.884,347,74.51519139,14.48858742,74.54388667,14.43094824,band1,L8Ref,imw-minima-roma,internal,,magsac,630.0,0.99,15,4,224,imw-minima-roma_band1_toL8Ref_pair015_scan4_pix224_internal_aff_magsac_630.0_0.99_.csv
-36366.773,50783.541,-32991.876,44485.002,-3374.897,6298.539,348,74.45836739,14.49620621,74.48975048,14.43932149,band1,L8Ref,imw-minima-roma,internal,,magsac,630.0,0.99,15,4,224,imw-minima-roma_band1_toL8Ref_pair015_scan4_pix224_internal_aff_magsac_630.0_0.99_.csv
1946.890,-20492.496,4090.751,-27364.827,-2143.861,6872.331,349,74.81373590,13.85221752,74.83355785,13.79009837,band1,L8Ref,imw-minima-roma,internal,,magsac,630.0,0.99,15,4,224,imw-minima-roma_band1_toL8Ref_pair015_scan4_pix224_internal_aff_magsac_630.0_0.99_.csv
-34315.716,20689.443,-30979.377,14618.334,-3336.339,6071.109,350,74.47776999,14.22423558,74.50875152,14.16940088,band1,L8Ref,imw-minima-roma,internal,,magsac,630.0,0.99,15,4,224,imw-minima-roma_band1_toL8Ref_pair015_scan4_pix224_internal_aff_magsac_630.0_0.99_.csv
-10994.373,-39999.174,-8184.396,-46453.310,-2809.977,6454.135,351,74.69409829,13.67588201,74.72009170,13.61755475,band1,L8Ref,imw-minima-roma,internal,,magsac,630.0,0.99,15,4,224,imw-minima-roma_band1_toL8Ref_pair015_scan4_pix224_internal_aff_magsac_630.0_0.99_.csv
-18099.369,4555.830,-15175.631,-2042.838,-2923.738,6598.667,352,74.62813028,14.07856282,74.65523970,14.01893744,band1,L8Ref,imw-minima-roma,internal,,magsac,630.0,0.99,15,4,224,imw-minima-roma_band1_toL8Ref_pair015_scan4_pix224_internal_aff_magsac_630.0_0.99_.csv
42877.433,41983.012,43281.873,34778.334,-404.440,7204.678,353,75.19334331,14.41657519,75.19698030,14.35145197,band1,L8Ref,imw-minima-roma,internal,,magsac,630.0,0.99,15,4,224,imw-minima-roma_band1_toL8Ref_pair015_scan4_pix224_internal_aff_magsac_630.0_0.99_.csv
7021.881,37140.834,8908.055,30222.610,-1886.174,6918.224,354,74.86082992,14.37312834,74.87829533,14.31059442,band1,L8Ref,imw-minima-roma,internal,,magsac,630.0,0.99,15,4,224,imw-minima-roma_band1_toL8Ref_pair015_scan4_pix224_internal_aff_magsac_630.0_0.99_.csv
-38145.627,8324.169,-34613.115,2244.788,-3532.512,6079.381,355,74.44245499,14.11242330,74.47524634,14.05752007,band1,L8Ref,imw-minima-roma,internal,,magsac,630.0,0.99,15,4,224,imw-minima-roma_band1_toL8Ref_pair015_scan4_pix224_internal_aff_magsac_630.0_0.99_.csv
17171.884,21845.834,18692.128,14875.665,-1520.244,6970.168,356,74.95484106,14.23484402,74.96888033,14.17183496,band1,L8Ref,imw-minima-roma,internal,,magsac,630.0,0.99,15,4,224,imw-minima-roma_band1_toL8Ref_pair015_scan4_pix224_internal_aff_magsac_630.0_0.99_.csv
33536.349,9724.308,34426.862,2671.665,-890.513,7052.643,357,75.10632683,14.12513703,75.11448625,14.06138070,band1,L8Ref,imw-minima-roma,internal,,magsac,630.0,0.99,15,4,224,imw-minima-roma_band1_toL8Ref_pair015_scan4_pix224_internal_aff_magsac_630.0_0.99_.csv
-12516.866,-33792.507,-9665.034,-40359.740,-2851.832,6567.233,358,74.67999686,13.73197578,74.70638743,13.67262783,band1,L8Ref,imw-minima-roma,internal,,magsac,630.0,0.99,15,4,224,imw-minima-roma_band1_toL8Ref_pair015_scan4_pix224_internal_aff_magsac_630.0_0.99_.csv
-10154.347,25669.621,-7433.127,19098.336,-2721.220,6571.285,359,74.70162126,14.26943884,74.72685771,14.21005350,band1,L8Ref,imw-minima-roma,internal,,magsac,630.0,0.99,15,4,224,imw-minima-roma_band1_toL8Ref_pair015_scan4_pix224_internal_aff_magsac_630.0_0.99_.csv
-9725.625,-33127.497,-6969.567,-39702.535,-2756.058,6575.039,360,74.70580190,13.73799759,74.73130123,13.67857603,band1,L8Ref,imw-minima-roma,internal,,magsac,630.0,0.99,15,4,224,imw-minima-roma_band1_toL8Ref_pair015_scan4_pix224_internal_aff_magsac_630.0_0.99_.csv
-17591.877,53987.504,-14753.013,47387.207,-2838.864,6600.297,361,74.63251318,14.52534325,74.65888687,14.46570630,band1,L8Ref,imw-minima-roma,internal,,magsac,630.0,0.99,15,4,224,imw-minima-roma_band1_toL8Ref_pair015_scan4_pix224_internal_aff_magsac_630.0_0.99_.csv
-19368.126,1452.501,-16356.842,-5174.371,-3011.284,6626.872,362,74.61640373,14.05050473,74.64432340,13.99062612,band1,L8Ref,imw-minima-roma,internal,,magsac,630.0,0.99,15,4,224,imw-minima-roma_band1_toL8Ref_pair015_scan4_pix224_internal_aff_magsac_630.0_0.99_.csv
-42228.726,70845.618,-38626.875,64458.331,-3601.851,6387.286,363,74.40367977,14.67744056,74.43720887,14.61976646,band1,L8Ref,imw-minima-roma,internal,,magsac,630.0,0.99,15,4,224,imw-minima-roma_band1_toL8Ref_pair015_scan4_pix224_internal_aff_magsac_630.0_0.99_.csv
33558.997,17903.224,34426.862,10885.001,-867.865,7018.224,364,75.10663632,14.19906168,75.11458893,14.13561723,band1,L8Ref,imw-minima-roma,internal,,magsac,630.0,0.99,15,4,224,imw-minima-roma_band1_toL8Ref_pair015_scan4_pix224_internal_aff_magsac_630.0_0.99_.csv
52443.116,-10074.174,52720.222,-17536.102,-277.105,7461.928,365,75.28105690,13.94589886,75.28347871,13.87844798,band1,L8Ref,imw-minima-roma,internal,,magsac,630.0,0.99,15,4,224,imw-minima-roma_band1_toL8Ref_pair015_scan4_pix224_internal_aff_magsac_630.0_0.99_.csv
17656.419,80952.377,19131.866,73791.668,-1475.447,7160.709,366,74.95971110,14.76904112,74.97336439,14.70431730,band1,L8Ref,imw-minima-roma,internal,,magsac,630.0,0.99,15,4,224,imw-minima-roma_band1_toL8Ref_pair015_scan4_pix224_internal_aff_magsac_630.0_0.99_.csv
8113.826,78421.496,9874.377,71365.001,-1760.551,7056.496,367,74.87107611,14.74621239,74.88740028,14.68243397,band1,L8Ref,imw-minima-roma,internal,,magsac,630.0,0.99,15,4,224,imw-minima-roma_band1_toL8Ref_pair015_scan4_pix224_internal_aff_magsac_630.0_0.99_.csv
63586.318,40842.853,63608.121,33658.334,-21.802,7184.520,368,75.38535699,14.40587907,75.38539280,14.34094372,band1,L8Ref,imw-minima-roma,internal,,magsac,630.0,0.99,15,4,224,imw-minima-roma_band1_toL8Ref_pair015_scan4_pix224_internal_aff_magsac_630.0_0.99_.csv
25799.373,34259.163,26961.724,27229.730,-1162.351,7029.432,369,75.03490009,14.34697384,75.04560675,14.28342900,band1,L8Ref,imw-minima-roma,internal,,magsac,630.0,0.99,15,4,224,imw-minima-roma_band1_toL8Ref_pair015_scan4_pix224_internal_aff_magsac_630.0_0.99_.csv
25291.881,-30024.168,26607.522,-37205.664,-1315.640,7181.496,370,75.02960516,13.76595116,75.04170198,13.70102779,band1,L8Ref,imw-minima-roma,internal,,magsac,630.0,0.99,15,4,224,imw-minima-roma_band1_toL8Ref_pair015_scan4_pix224_internal_aff_magsac_630.0_0.99_.csv
3757.544,-10786.577,5849.379,-17861.667,-2091.835,7075.090,371,74.83049887,13.93994429,74.84984209,13.87599136,band1,L8Ref,imw-minima-roma,internal,,magsac,630.0,0.99,15,4,224,imw-minima-roma_band1_toL8Ref_pair015_scan4_pix224_internal_aff_magsac_630.0_0.99_.csv
22754.366,44455.831,24032.016,37406.442,-1277.650,7049.389,372,75.00675571,14.43915912,75.01854327,14.37543523,band1,L8Ref,imw-minima-roma,internal,,magsac,630.0,0.99,15,4,224,imw-minima-roma_band1_toL8Ref_pair015_scan4_pix224_internal_aff_magsac_630.0_0.99_.csv
-24333.019,18371.509,-21319.371,12005.001,-3013.649,6366.508,373,74.57028615,14.20338894,74.59825621,14.14586988,band1,L8Ref,imw-minima-roma,internal,,magsac,630.0,0.99,15,4,224,imw-minima-roma_band1_toL8Ref_pair015_scan4_pix224_internal_aff_magsac_630.0_0.99_.csv
-18860.625,-8300.829,-15785.770,-15013.574,-3074.855,6712.745,374,74.62116924,13.96235159,74.64966569,13.90169627,band1,L8Ref,imw-minima-roma,internal,,magsac,630.0,0.99,15,4,224,imw-minima-roma_band1_toL8Ref_pair015_scan4_pix224_internal_aff_magsac_630.0_0.99_.csv
23017.206,18584.808,24364.377,11631.664,-1347.171,6953.143,375,75.00897669,14.20532787,75.02139645,14.14247081,band1,L8Ref,imw-minima-roma,internal,,magsac,630.0,0.99,15,4,224,imw-minima-roma_band1_toL8Ref_pair015_scan4_pix224_internal_aff_magsac_630.0_0.99_.csv
-3635.612,33594.166,-1210.974,26890.626,-2424.639,6703.541,376,74.76202264,14.34107918,74.78450273,14.28049272,band1,L8Ref,imw-minima-roma,internal,,magsac,630.0,0.99,15,4,224,imw-minima-roma_band1_toL8Ref_pair015_scan4_pix224_internal_aff_magsac_630.0_0.99_.csv
7332.286,-6200.370,9270.621,-13194.999,-1938.334,6994.628,377,74.86359238,13.98139036,74.88150979,13.91816267,band1,L8Ref,imw-minima-roma,internal,,magsac,630.0,0.99,15,4,224,imw-minima-roma_band1_toL8Ref_pair015_scan4_pix224_internal_aff_magsac_630.0_0.99_.csv
-12516.866,72385.833,-9795.992,65643.936,-2720.874,6741.897,378,74.67951375,14.69164927,74.70479965,14.63072953,band1,L8Ref,imw-minima-roma,internal,,magsac,630.0,0.99,15,4,224,imw-minima-roma_band1_toL8Ref_pair015_scan4_pix224_internal_aff_magsac_630.0_0.99_.csv
58533.110,57755.834,58614.590,50474.559,-81.480,7281.275,379,75.33885985,14.55884751,75.33946034,14.49303853,band1,L8Ref,imw-minima-roma,internal,,magsac,630.0,0.99,15,4,224,imw-minima-roma_band1_toL8Ref_pair015_scan4_pix224_internal_aff_magsac_630.0_0.99_.csv
23769.388,81474.166,24971.114,74299.808,-1201.726,7174.359,380,75.01649022,14.77371169,75.02758613,14.70886385,band1,L8Ref,imw-minima-roma,internal,,magsac,630.0,0.99,15,4,224,imw-minima-roma_band1_toL8Ref_pair015_scan4_pix224_internal_aff_magsac_630.0_0.99_.csv
8728.503,60052.359,10478.134,53071.665,-1749.630,6980.694,381,74.87672589,14.58019789,74.89293569,14.51710143,band1,L8Ref,imw-minima-roma,internal,,magsac,630.0,0.99,15,4,224,imw-minima-roma_band1_toL8Ref_pair015_scan4_pix224_internal_aff_magsac_630.0_0.99_.csv
24530.625,76375.836,25681.709,69239.673,-1151.084,7136.162,382,75.02351473,14.72762971,75.03413667,14.66312635,band1,L8Ref,imw-minima-roma,internal,,magsac,630.0,0.99,15,4,224,imw-minima-roma_band1_toL8Ref_pair015_scan4_pix224_internal_aff_magsac_630.0_0.99_.csv
-20890.620,26944.170,-18008.247,20549.309,-2882.373,6394.861,383,74.60211405,14.28089954,74.62886941,14.22312029,band1,L8Ref,imw-minima-roma,internal,,magsac,630.0,0.99,15,4,224,imw-minima-roma_band1_toL8Ref_pair015_scan4_pix224_internal_aff_magsac_630.0_0.99_.csv
48890.638,24284.166,49258.721,17041.286,-368.083,7242.880,384,75.24879085,14.25651099,75.25207213,14.19104059,band1,L8Ref,imw-minima-roma,internal,,magsac,630.0,0.99,15,4,224,imw-minima-roma_band1_toL8Ref_pair015_scan4_pix224_internal_aff_magsac_630.0_0.99_.csv
11843.127,9432.504,13571.147,2474.540,-1728.020,6957.964,385,74.90541123,14.12267404,74.92138103,14.05977635,band1,L8Ref,imw-minima-roma,internal,,magsac,630.0,0.99,15,4,224,imw-minima-roma_band1_toL8Ref_pair015_scan4_pix224_internal_aff_magsac_630.0_0.99_.csv
-22787.233,51187.740,-19910.619,44671.668,-2876.615,6516.072,386,74.58433533,14.50000194,74.61106811,14.44113140,band1,L8Ref,imw-minima-roma,internal,,magsac,630.0,0.99,15,4,224,imw-minima-roma_band1_toL8Ref_pair015_scan4_pix224_internal_aff_magsac_630.0_0.99_.csv
31011.331,24055.294,32011.875,17045.001,-1000.544,7010.293,387,75.08310261,14.25469571,75.09229289,14.19132267,band1,L8Ref,imw-minima-roma,internal,,magsac,630.0,0.99,15,4,224,imw-minima-roma_band1_toL8Ref_pair015_scan4_pix224_internal_aff_magsac_630.0_0.99_.csv
21820.787,33003.940,23156.884,26005.001,-1336.097,6998.940,388,74.99800648,14.33566245,75.01033325,14.27239330,band1,L8Ref,imw-minima-roma,internal,,magsac,630.0,0.99,15,4,224,imw-minima-roma_band1_toL8Ref_pair015_scan4_pix224_internal_aff_magsac_630.0_0.99_.csv
-16576.875,17190.836,-13690.907,10700.252,-2885.968,6490.583,389,74.64215210,14.19277375,74.66892097,14.13412424,band1,L8Ref,imw-minima-roma,internal,,magsac,630.0,0.99,15,4,224,imw-minima-roma_band1_toL8Ref_pair015_scan4_pix224_internal_aff_magsac_630.0_0.99_.csv
11874.754,78492.198,13496.877,71365.001,-1622.123,7127.197,390,74.90600282,14.74683798,74.92103182,14.68241893,band1,L8Ref,imw-minima-roma,internal,,magsac,630.0,0.99,15,4,224,imw-minima-roma_band1_toL8Ref_pair015_scan4_pix224_internal_aff_magsac_630.0_0.99_.csv
41580.827,30929.168,42074.379,23764.999,-493.553,7164.169,391,75.18115215,14.31668789,75.18561740,14.25192854,band1,L8Ref,imw-minima-roma,internal,,magsac,630.0,0.99,15,4,224,imw-minima-roma_band1_toL8Ref_pair015_scan4_pix224_internal_aff_magsac_630.0_0.99_.csv
34934.373,-50195.829,35937.378,-57433.859,-1003.005,7238.031,392,75.11851623,13.58352347,75.12768987,13.51808914,band1,L8Ref,imw-minima-roma,internal,,magsac,630.0,0.99,15,4,224,imw-minima-roma_band1_toL8Ref_pair015_scan4_pix224_internal_aff_magsac_630.0_0.99_.csv
39755.638,48002.504,40322.672,40789.087,-567.035,7213.416,393,75.16448103,14.47102546,75.16963464,14.40582208,band1,L8Ref,imw-minima-roma,internal,,magsac,630.0,0.99,15,4,224,imw-minima-roma_band1_toL8Ref_pair015_scan4_pix224_internal_aff_magsac_630.0_0.99_.csv
-48549.375,38027.502,-44414.279,31922.118,-4135.096,6105.384,394,74.34558057,14.38073274,74.38401941,14.32561920,band1,L8Ref,imw-minima-roma,internal,,magsac,630.0,0.99,15,4,224,imw-minima-roma_band1_toL8Ref_pair015_scan4_pix224_internal_aff_magsac_630.0_0.99_.csv
-54712.043,79419.112,-50903.127,73044.999,-3808.916,6374.113,395,74.28761530,14.75470796,74.32310707,14.69717397,band1,L8Ref,imw-minima-roma,internal,,magsac,630.0,0.99,15,4,224,imw-minima-roma_band1_toL8Ref_pair015_scan4_pix224_internal_aff_magsac_630.0_0.99_.csv
20216.890,81695.834,21563.600,74511.261,-1346.710,7184.572,396,74.98349713,14.77574273,74.99594857,14.71080303,band1,L8Ref,imw-minima-roma,internal,,magsac,630.0,0.99,15,4,224,imw-minima-roma_band1_toL8Ref_pair015_scan4_pix224_internal_aff_magsac_630.0_0.99_.csv
-24696.882,-12290.826,-21350.344,-19295.230,-3346.539,7004.405,397,74.56718997,13.92624239,74.59821180,13.86295919,band1,L8Ref,imw-minima-roma,internal,,magsac,630.0,0.99,15,4,224,imw-minima-roma_band1_toL8Ref_pair015_scan4_pix224_internal_aff_magsac_630.0_0.99_.csv
8290.610,26057.502,10107.541,19144.041,-1816.931,6913.461,398,74.87255962,14.27295074,74.88937274,14.21045828,band1,L8Ref,imw-minima-roma,internal,,magsac,630.0,0.99,15,4,224,imw-minima-roma_band1_toL8Ref_pair015_scan4_pix224_internal_aff_magsac_630.0_0.99_.csv
39706.092,55637.856,40263.129,48405.002,-557.037,7232.854,399,75.16413195,14.54003397,75.16919418,14.47465603,band1,L8Ref,imw-minima-roma,internal,,magsac,630.0,0.99,15,4,224,imw-minima-roma_band1_toL8Ref_pair015_scan4_pix224_internal_aff_magsac_630.0_0.99_.csv
49398.110,-19384.170,49846.789,-26861.046,-448.679,7476.876,400,75.25271045,13.86180398,75.25672617,13.79421508,band1,L8Ref,imw-minima-roma,internal,,magsac,630.0,0.99,15,4,224,imw-minima-roma_band1_toL8Ref_pair015_scan4_pix224_internal_aff_magsac_630.0_0.99_.csv
52395.609,19026.431,52740.621,11818.335,-345.012,7208.096,401,75.28117085,14.20892663,75.28422922,14.14377021,band1,L8Ref,imw-minima-roma,internal,,magsac,630.0,0.99,15,4,224,imw-minima-roma_band1_toL8Ref_pair015_scan4_pix224_internal_aff_magsac_630.0_0.99_.csv
53965.610,1009.167,54308.199,-6318.669,-342.589,7327.836,402,75.29536367,14.04604808,75.29839110,13.97980820,band1,L8Ref,imw-minima-roma,internal,,magsac,630.0,0.99,15,4,224,imw-minima-roma_band1_toL8Ref_pair015_scan4_pix224_internal_aff_magsac_630.0_0.99_.csv
14126.877,-30689.160,15764.045,-37685.509,-1637.168,6996.349,403,74.92635667,13.76001839,74.94145558,13.69677192,band1,L8Ref,imw-minima-roma,internal,,magsac,630.0,0.99,15,4,224,imw-minima-roma_band1_toL8Ref_pair015_scan4_pix224_internal_aff_magsac_630.0_0.99_.csv
-14099.941,34984.654,-11256.866,28431.668,-2843.075,6552.986,404,74.66500800,14.35361381,74.69139244,14.29439894,band1,L8Ref,imw-minima-roma,internal,,magsac,630.0,0.99,15,4,224,imw-minima-roma_band1_toL8Ref_pair015_scan4_pix224_internal_aff_magsac_630.0_0.99_.csv
424.377,61080.832,2599.663,54269.545,-2175.286,6811.286,405,74.79966423,14.58950649,74.81984512,14.52794605,band1,L8Ref,imw-minima-roma,internal,,magsac,630.0,0.99,15,4,224,imw-minima-roma_band1_toL8Ref_pair015_scan4_pix224_internal_aff_magsac_630.0_0.99_.csv
27575.631,-44654.163,28897.866,-51733.482,-1322.235,7079.319,406,75.05057746,13.63369399,75.06272346,13.56969333,band1,L8Ref,imw-minima-roma,internal,,magsac,630.0,0.99,15,4,224,imw-minima-roma_band1_toL8Ref_pair015_scan4_pix224_internal_aff_magsac_630.0_0.99_.csv
32740.543,39623.651,33621.866,32538.333,-881.323,7085.318,407,75.09931238,14.39538700,75.10739773,14.33133811,band1,L8Ref,imw-minima-roma,internal,,magsac,630.0,0.99,15,4,224,imw-minima-roma_band1_toL8Ref_pair015_scan4_pix224_internal_aff_magsac_630.0_0.99_.csv
51428.134,53100.836,51700.356,45815.898,-272.222,7284.937,408,75.27284505,14.51691502,75.27523333,14.45106899,band1,L8Ref,imw-minima-roma,internal,,magsac,630.0,0.99,15,4,224,imw-minima-roma_band1_toL8Ref_pair015_scan4_pix224_internal_aff_magsac_630.0_0.99_.csv
9559.377,-46427.499,11415.924,-53290.217,-1856.547,6862.718,409,74.88406670,13.61778373,74.90119524,13.55574719,band1,L8Ref,imw-minima-roma,internal,,magsac,630.0,0.99,15,4,224,imw-minima-roma_band1_toL8Ref_pair015_scan4_pix224_internal_aff_magsac_630.0_0.99_.csv
47984.878,85558.449,48715.623,78645.002,-730.745,6913.448,410,75.24146906,14.81031350,75.24813408,14.74782227,band1,L8Ref,imw-minima-roma,internal,,magsac,630.0,0.99,15,4,224,imw-minima-roma_band1_toL8Ref_pair015_scan4_pix224_internal_aff_magsac_630.0_0.99_.csv
58513.865,26245.451,58778.127,18911.665,-264.262,7333.786,411,75.33800985,14.27405445,75.34030219,14.20776353,band1,L8Ref,imw-minima-roma,internal,,magsac,630.0,0.99,15,4,224,imw-minima-roma_band1_toL8Ref_pair015_scan4_pix224_internal_aff_magsac_630.0_0.99_.csv
58496.927,18535.253,58778.127,11258.332,-281.201,7276.920,412,75.33768888,14.20436720,75.34013872,14.13858930,band1,L8Ref,imw-minima-roma,internal,,magsac,630.0,0.99,15,4,224,imw-minima-roma_band1_toL8Ref_pair015_scan4_pix224_internal_aff_magsac_630.0_0.99_.csv
-46597.967,83619.552,-42853.131,77151.669,-3744.836,6467.883,413,74.36289902,14.79281461,74.39778423,14.73442186,band1,L8Ref,imw-minima-roma,internal,,magsac,630.0,0.99,15,4,224,imw-minima-roma_band1_toL8Ref_pair015_scan4_pix224_internal_aff_magsac_630.0_0.99_.csv
-25039.549,24091.247,-22124.366,17791.665,-2915.182,6299.582,414,74.56368826,14.25508002,74.59075346,14.19816625,band1,L8Ref,imw-minima-roma,internal,,magsac,630.0,0.99,15,4,224,imw-minima-roma_band1_toL8Ref_pair015_scan4_pix224_internal_aff_magsac_630.0_0.99_.csv
33334.783,21636.678,34225.623,14618.334,-890.840,7018.344,415,75.10460431,14.23280883,75.11277147,14.16936336,band1,L8Ref,imw-minima-roma,internal,,magsac,630.0,0.99,15,4,224,imw-minima-roma_band1_toL8Ref_pair015_scan4_pix224_internal_aff_magsac_630.0_0.99_.csv
51269.134,38486.683,51533.127,31231.666,-263.993,7255.017,416,75.27109703,14.38483472,75.27340872,14.31925756,band1,L8Ref,imw-minima-roma,internal,,magsac,630.0,0.99,15,4,224,imw-minima-roma_band1_toL8Ref_pair015_scan4_pix224_internal_aff_magsac_630.0_0.99_.csv
11589.381,-99.168,13347.250,-7109.264,-1757.869,7010.096,417,74.90302105,14.03652250,74.91926155,13.97315317,band1,L8Ref,imw-minima-roma,internal,,magsac,630.0,0.99,15,4,224,imw-minima-roma_band1_toL8Ref_pair015_scan4_pix224_internal_aff_magsac_630.0_0.99_.csv
-55400.625,54652.500,-51125.775,48241.835,-4274.850,6410.665,418,74.28172110,14.53086344,74.32150231,14.47300512,band1,L8Ref,imw-minima-roma,internal,,magsac,630.0,0.99,15,4,224,imw-minima-roma_band1_toL8Ref_pair015_scan4_pix224_internal_aff_magsac_630.0_0.99_.csv
-38906.874,4334.163,-35165.393,-1874.187,-3741.481,6208.349,419,74.43546138,14.07634907,74.47018543,14.02028353,band1,L8Ref,imw-minima-roma,internal,,magsac,630.0,0.99,15,4,224,imw-minima-roma_band1_toL8Ref_pair015_scan4_pix224_internal_aff_magsac_630.0_0.99_.csv
57085.291,22303.116,57369.375,14991.666,-284.084,7311.450,420,75.32468858,14.23845155,75.32716848,14.17236191,band1,L8Ref,imw-minima-roma,internal,,magsac,630.0,0.99,15,4,224,imw-minima-roma_band1_toL8Ref_pair015_scan4_pix224_internal_aff_magsac_630.0_0.99_.csv
-40429.377,43347.496,-36880.215,37058.181,-3549.162,6289.315,421,74.42078999,14.42894371,74.45378878,14.37214873,band1,L8Ref,imw-minima-roma,internal,,magsac,630.0,0.99,15,4,224,imw-minima-roma_band1_toL8Ref_pair015_scan4_pix224_internal_aff_magsac_630.0_0.99_.csv
55375.823,46166.342,55558.125,38884.999,-182.302,7281.342,422,75.30932931,14.45416645,75.31087281,14.38835347,band1,L8Ref,imw-minima-roma,internal,,magsac,630.0,0.99,15,4,224,imw-minima-roma_band1_toL8Ref_pair015_scan4_pix224_internal_aff_magsac_630.0_0.99_.csv
14393.274,59382.249,15911.884,52325.001,-1518.610,7057.248,423,74.92929111,14.57411831,74.94334241,14.51032767,band1,L8Ref,imw-minima-roma,internal,,magsac,630.0,0.99,15,4,224,imw-minima-roma_band1_toL8Ref_pair015_scan4_pix224_internal_aff_magsac_630.0_0.99_.csv
6006.860,58199.165,7912.818,51303.938,-1905.958,6895.227,424,74.85146514,14.56345621,74.86913114,14.50113319,band1,L8Ref,imw-minima-roma,internal,,magsac,630.0,0.99,15,4,224,imw-minima-roma_band1_toL8Ref_pair015_scan4_pix224_internal_aff_magsac_630.0_0.99_.csv
12858.110,33150.837,14516.772,26160.612,-1658.662,6990.226,425,74.91492239,14.33704528,74.93026151,14.27385749,band1,L8Ref,imw-minima-roma,internal,,magsac,630.0,0.99,15,4,224,imw-minima-roma_band1_toL8Ref_pair015_scan4_pix224_internal_aff_magsac_630.0_0.99_.csv
-35100.630,26944.170,-31733.193,20700.777,-3367.437,6243.394,426,74.47041746,14.28075842,74.50169847,14.22436827,band1,L8Ref,imw-minima-roma,internal,,magsac,630.0,0.99,15,4,224,imw-minima-roma_band1_toL8Ref_pair015_scan4_pix224_internal_aff_magsac_630.0_0.99_.csv
59421.970,71980.038,59381.884,64458.331,40.086,7521.706,427,75.34741597,14.68738242,75.34688081,14.61940518,band1,L8Ref,imw-minima-roma,internal,,magsac,630.0,0.99,15,4,224,imw-minima-roma_band1_toL8Ref_pair015_scan4_pix224_internal_aff_magsac_630.0_0.99_.csv
-45412.718,40675.327,-41645.628,34405.002,-3767.090,6270.325,428,74.37461952,14.40471646,74.40964626,14.34810237,band1,L8Ref,imw-minima-roma,internal,,magsac,630.0,0.99,15,4,224,imw-minima-roma_band1_toL8Ref_pair015_scan4_pix224_internal_aff_magsac_630.0_0.99_.csv
-4650.634,46450.835,-2195.454,39736.998,-2455.179,6713.836,429,74.75259131,14.45727813,74.77536844,14.39660081,band1,L8Ref,imw-minima-roma,internal,,magsac,630.0,0.99,15,4,224,imw-minima-roma_band1_toL8Ref_pair015_scan4_pix224_internal_aff_magsac_630.0_0.99_.csv
-34339.374,66179.168,-31046.784,59697.201,-3292.590,6481.968,430,74.47698188,14.63537438,74.50761764,14.57683041,band1,L8Ref,imw-minima-roma,internal,,magsac,630.0,0.99,15,4,224,imw-minima-roma_band1_toL8Ref_pair015_scan4_pix224_internal_aff_magsac_630.0_0.99_.csv
-28503.126,30934.167,-25426.714,24615.383,-3076.412,6318.784,431,74.53152091,14.31689564,74.56009562,14.25981389,band1,L8Ref,imw-minima-roma,internal,,magsac,630.0,0.99,15,4,224,imw-minima-roma_band1_toL8Ref_pair015_scan4_pix224_internal_aff_magsac_630.0_0.99_.csv
34934.373,-37117.503,35890.851,-44358.994,-956.478,7241.491,432,75.11868149,13.70173399,75.12742973,13.63626857,band1,L8Ref,imw-minima-roma,internal,,magsac,630.0,0.99,15,4,224,imw-minima-roma_band1_toL8Ref_pair015_scan4_pix224_internal_aff_magsac_630.0_0.99_.csv
-13024.377,53544.165,-10271.790,46873.347,-2752.587,6670.818,433,74.67489131,14.52136122,74.70045359,14.46108192,band1,L8Ref,imw-minima-roma,internal,,magsac,630.0,0.99,15,4,224,imw-minima-roma_band1_toL8Ref_pair015_scan4_pix224_internal_aff_magsac_630.0_0.99_.csv
-25965.611,84134.168,-23052.130,77615.277,-2913.481,6518.891,434,74.55453832,14.79773141,74.58165573,14.73884355,band1,L8Ref,imw-minima-roma,internal,,magsac,630.0,0.99,15,4,224,imw-minima-roma_band1_toL8Ref_pair015_scan4_pix224_internal_aff_magsac_630.0_0.99_.csv
3215.638,24727.500,5308.598,17924.181,-2092.960,6803.319,435,74.82552544,14.26094007,74.84490794,14.19944577,band1,L8Ref,imw-minima-roma,internal,,magsac,630.0,0.99,15,4,224,imw-minima-roma_band1_toL8Ref_pair015_scan4_pix224_internal_aff_magsac_630.0_0.99_.csv
37014.211,-21234.257,37848.123,-28501.665,-833.912,7267.408,436,75.13812171,13.84527111,75.14573606,13.77957228,band1,L8Ref,imw-minima-roma,internal,,magsac,630.0,0.99,15,4,224,imw-minima-roma_band1_toL8Ref_pair015_scan4_pix224_internal_aff_magsac_630.0_0.99_.csv
41024.366,-41550.834,41716.467,-48890.811,-692.100,7339.977,437,75.17491537,13.66158074,75.18120172,13.59522713,band1,L8Ref,imw-minima-roma,internal,,magsac,630.0,0.99,15,4,224,imw-minima-roma_band1_toL8Ref_pair015_scan4_pix224_internal_aff_magsac_630.0_0.99_.csv
-40429.377,11870.832,-36699.288,5879.632,-3730.089,5991.200,438,74.42125288,14.14444802,74.45588226,14.09034745,band1,L8Ref,imw-minima-roma,internal,,magsac,630.0,0.99,15,4,224,imw-minima-roma_band1_toL8Ref_pair015_scan4_pix224_internal_aff_magsac_630.0_0.99_.csv
59269.257,80839.444,59381.884,73044.999,-112.626,7794.445,439,75.34618988,14.76745164,75.34706688,14.69700785,band1,L8Ref,imw-minima-roma,internal,,magsac,630.0,0.99,15,4,224,imw-minima-roma_band1_toL8Ref_pair015_scan4_pix224_internal_aff_magsac_630.0_0.99_.csv
23276.893,25522.686,24565.616,18538.334,-1288.724,6984.352,440,75.01144136,14.26803298,75.02332204,14.20489476,band1,L8Ref,imw-minima-roma,internal,,magsac,630.0,0.99,15,4,224,imw-minima-roma_band1_toL8Ref_pair015_scan4_pix224_internal_aff_magsac_630.0_0.99_.csv
3215.638,-9409.164,5383.868,-16388.036,-2168.230,6978.873,441,74.82548558,13.95239492,74.84553823,13.88931195,band1,L8Ref,imw-minima-roma,internal,,magsac,630.0,0.99,15,4,224,imw-minima-roma_band1_toL8Ref_pair015_scan4_pix224_internal_aff_magsac_630.0_0.99_.csv
-41566.878,44899.170,-37982.513,38642.309,-3584.365,6256.861,442,74.41021750,14.44295130,74.44354687,14.38645170,band1,L8Ref,imw-minima-roma,internal,,magsac,630.0,0.99,16,4,222,imw-minima-roma_band1_toL8Ref_pair016_scan4_pix222_internal_aff_magsac_630.0_0.99_.csv
14559.233,27317.012,16174.377,20346.666,-1615.144,6970.346,443,74.93066114,14.28430921,74.94558933,14.22129984,band1,L8Ref,imw-minima-roma,internal,,magsac,630.0,0.99,16,4,222,imw-minima-roma_band1_toL8Ref_pair016_scan4_pix222_internal_aff_magsac_630.0_0.99_.csv
21123.592,58374.175,22413.123,51333.335,-1289.531,7040.841,444,74.99173864,14.56496509,75.00364709,14.50132082,band1,L8Ref,imw-minima-roma,internal,,magsac,630.0,0.99,16,4,222,imw-minima-roma_band1_toL8Ref_pair016_scan4_pix222_internal_aff_magsac_630.0_0.99_.csv
-10609.371,-320.835,-7810.179,-7036.070,-2799.191,6715.235,445,74.69750455,14.03452280,74.72343843,13.97383549,band1,L8Ref,imw-minima-roma,internal,,magsac,630.0,0.99,16,4,222,imw-minima-roma_band1_toL8Ref_pair016_scan4_pix222_internal_aff_magsac_630.0_0.99_.csv
39633.110,-32240.829,40367.200,-39562.704,-734.090,7321.875,446,75.16218950,13.74575070,75.16887021,13.67956025,band1,L8Ref,imw-minima-roma,internal,,magsac,630.0,0.99,16,4,222,imw-minima-roma_band1_toL8Ref_pair016_scan4_pix222_internal_aff_magsac_630.0_0.99_.csv
17556.866,23175.836,19061.076,16220.962,-1504.210,6954.874,447,74.95841682,14.24686272,74.97230740,14.18399190,band1,L8Ref,imw-minima-roma,internal,,magsac,630.0,0.99,16,4,222,imw-minima-roma_band1_toL8Ref_pair016_scan4_pix222_internal_aff_magsac_630.0_0.99_.csv
-8553.200,-3184.645,-5761.862,-9893.334,-2791.338,6708.689,448,74.71654942,14.00864492,74.74240269,13.94801463,band1,L8Ref,imw-minima-roma,internal,,magsac,630.0,0.99,16,4,222,imw-minima-roma_band1_toL8Ref_pair016_scan4_pix222_internal_aff_magsac_630.0_0.99_.csv
16267.374,44534.615,17784.388,37520.001,-1517.014,7014.614,449,74.94659416,14.43991610,74.96061796,14.37650795,band1,L8Ref,imw-minima-roma,internal,,magsac,630.0,0.99,16,4,222,imw-minima-roma_band1_toL8Ref_pair016_scan4_pix222_internal_aff_magsac_630.0_0.99_.csv
36334.377,-4754.166,37165.328,-11980.719,-830.951,7226.553,450,75.13205010,13.99423772,75.13964426,13.92890875,band1,L8Ref,imw-minima-roma,internal,,magsac,630.0,0.99,16,4,222,imw-minima-roma_band1_toL8Ref_pair016_scan4_pix222_internal_aff_magsac_630.0_0.99_.csv
26945.631,57312.502,28038.518,50197.098,-1092.887,7115.404,451,75.04575279,14.55532018,75.05582090,14.49100117,band1,L8Ref,imw-minima-roma,internal,,magsac,630.0,0.99,16,4,222,imw-minima-roma_band1_toL8Ref_pair016_scan4_pix222_internal_aff_magsac_630.0_0.99_.csv
-45648.526,26712.650,-41785.632,20346.666,-3862.893,6365.984,452,74.37266486,14.27851481,74.40856201,14.22103663,band1,L8Ref,imw-minima-roma,internal,,magsac,630.0,0.99,16,4,222,imw-minima-roma_band1_toL8Ref_pair016_scan4_pix222_internal_aff_magsac_630.0_0.99_.csv
41155.623,-22265.832,41789.007,-29638.224,-633.384,7372.392,453,75.17641593,13.83588973,75.18216313,13.76924375,band1,L8Ref,imw-minima-roma,internal,,magsac,630.0,0.99,16,4,222,imw-minima-roma_band1_toL8Ref_pair016_scan4_pix222_internal_aff_magsac_630.0_0.99_.csv
-89271.882,77040.833,-83266.263,70816.130,-6005.620,6224.703,454,73.96673784,14.73233042,74.02269546,14.67625918,band1,L8Ref,imw-minima-roma,internal,,magsac,630.0,0.99,16,4,222,imw-minima-roma_band1_toL8Ref_pair016_scan4_pix222_internal_aff_magsac_630.0_0.99_.csv
-48860.953,48413.197,-45005.625,42000.003,-3855.328,6413.194,455,74.34250685,14.47459408,74.37837273,14.41669556,band1,L8Ref,imw-minima-roma,internal,,magsac,630.0,0.99,16,4,222,imw-minima-roma_band1_toL8Ref_pair016_scan4_pix222_internal_aff_magsac_630.0_0.99_.csv
54858.123,69504.166,55122.558,62140.047,-264.435,7364.120,456,75.30499451,14.66509930,75.30730126,14.59853984,band1,L8Ref,imw-minima-roma,internal,,magsac,630.0,0.99,16,4,222,imw-minima-roma_band1_toL8Ref_pair016_scan4_pix222_internal_aff_magsac_630.0_0.99_.csv
-17206.875,49554.168,-14355.667,43024.609,-2851.208,6529.559,457,74.63611292,14.48527738,74.66259519,14.42627893,band1,L8Ref,imw-minima-roma,internal,,magsac,630.0,0.99,16,4,222,imw-minima-roma_band1_toL8Ref_pair016_scan4_pix222_internal_aff_magsac_630.0_0.99_.csv
52320.627,-2980.830,52734.449,-10360.480,-413.822,7379.650,458,75.28005796,14.01001514,75.28374753,13.94330563,band1,L8Ref,imw-minima-roma,internal,,magsac,630.0,0.99,16,4,222,imw-minima-roma_band1_toL8Ref_pair016_scan4_pix222_internal_aff_magsac_630.0_0.99_.csv
48006.873,-18497.493,48444.035,-26020.607,-437.162,7523.115,459,75.23985550,13.86984236,75.24376779,13.80183594,band1,L8Ref,imw-minima-roma,internal,,magsac,630.0,0.99,16,4,222,imw-minima-roma_band1_toL8Ref_pair016_scan4_pix222_internal_aff_magsac_630.0_0.99_.csv
11720.638,-29580.834,13485.841,-36586.008,-1765.204,7005.174,460,74.90411096,13.77004721,74.92040025,13.70672175,band1,L8Ref,imw-minima-roma,internal,,magsac,630.0,0.99,16,4,222,imw-minima-roma_band1_toL8Ref_pair016_scan4_pix222_internal_aff_magsac_630.0_0.99_.csv
45976.888,-31132.503,46401.246,-38543.876,-424.358,7411.373,461,75.22086495,13.75567239,75.22466441,13.68867648,band1,L8Ref,imw-minima-roma,internal,,magsac,630.0,0.99,16,4,222,imw-minima-roma_band1_toL8Ref_pair016_scan4_pix222_internal_aff_magsac_630.0_0.99_.csv
-21774.375,-11182.500,-19172.289,-18098.369,-2602.086,6915.869,462,74.59422502,13.93628422,74.61835287,13.87379286,band1,L8Ref,imw-minima-roma,internal,,magsac,630.0,0.99,16,4,222,imw-minima-roma_band1_toL8Ref_pair016_scan4_pix222_internal_aff_magsac_630.0_0.99_.csv
59606.425,32326.337,59845.616,25013.334,-239.192,7313.003,463,75.34826710,14.32899230,75.35032515,14.26289022,band1,L8Ref,imw-minima-roma,internal,,magsac,630.0,0.99,16,4,222,imw-minima-roma_band1_toL8Ref_pair016_scan4_pix222_internal_aff_magsac_630.0_0.99_.csv
37095.634,-45984.174,38027.079,-53273.760,-931.446,7289.585,464,75.13854254,13.62156358,75.14705019,13.55566331,band1,L8Ref,imw-minima-roma,internal,,magsac,630.0,0.99,16,4,222,imw-minima-roma_band1_toL8Ref_pair016_scan4_pix222_internal_aff_magsac_630.0_0.99_.csv
-7310.619,16969.169,-4663.179,10365.911,-2647.440,6603.258,465,74.72799841,14.19080947,74.75253617,14.13113166,band1,L8Ref,imw-minima-roma,internal,,magsac,630.0,0.99,16,4,222,imw-minima-roma_band1_toL8Ref_pair016_scan4_pix222_internal_aff_magsac_630.0_0.99_.csv
17960.556,78649.766,19394.379,71493.335,-1433.823,7156.431,466,74.96252069,14.74822972,74.97578553,14.68354430,band1,L8Ref,imw-minima-roma,internal,,magsac,630.0,0.99,16,4,222,imw-minima-roma_band1_toL8Ref_pair016_scan4_pix222_internal_aff_magsac_630.0_0.99_.csv
-30655.620,9875.829,-27415.997,3694.675,-3239.622,6181.154,467,74.51180343,14.12653933,74.54186928,14.07070407,band1,L8Ref,imw-minima-roma,internal,,magsac,630.0,0.99,16,4,222,imw-minima-roma_band1_toL8Ref_pair016_scan4_pix222_internal_aff_magsac_630.0_0.99_.csv
8421.866,-42880.827,10178.620,-49723.607,-1756.754,6842.781,468,74.87356546,13.64984453,74.88977717,13.58798919,band1,L8Ref,imw-minima-roma,internal,,magsac,630.0,0.99,16,4,222,imw-minima-roma_band1_toL8Ref_pair016_scan4_pix222_internal_aff_magsac_630.0_0.99_.csv
31578.827,69335.251,32475.627,62159.998,-896.800,7175.253,469,75.08888239,14.66393016,75.09712265,14.59907247,band1,L8Ref,imw-minima-roma,internal,,magsac,630.0,0.99,16,4,222,imw-minima-roma_band1_toL8Ref_pair016_scan4_pix222_internal_aff_magsac_630.0_0.99_.csv
51368.379,67944.845,51795.621,60666.666,-427.242,7278.179,470,75.27256876,14.65107266,75.27639724,14.58528698,band1,L8Ref,imw-minima-roma,internal,,magsac,630.0,0.99,16,4,222,imw-minima-roma_band1_toL8Ref_pair016_scan4_pix222_internal_aff_magsac_630.0_0.99_.csv
58785.068,23816.939,59040.621,16613.332,-255.553,7203.606,471,75.34047133,14.25209910,75.34268485,14.18698475,band1,L8Ref,imw-minima-roma,internal,,magsac,630.0,0.99,16,4,222,imw-minima-roma_band1_toL8Ref_pair016_scan4_pix222_internal_aff_magsac_630.0_0.99_.csv
-72016.875,61302.496,-67412.922,55566.666,-4603.953,5735.830,472,74.12738231,14.59058884,74.17024949,14.53886362,band1,L8Ref,imw-minima-roma,internal,,magsac,630.0,0.99,16,4,222,imw-minima-roma_band1_toL8Ref_pair016_scan4_pix222_internal_aff_magsac_630.0_0.99_.csv
31259.366,-55294.170,32345.890,-62313.322,-1086.523,7019.151,473,75.08450194,13.53748451,75.09445727,13.47402909,band1,L8Ref,imw-minima-roma,internal,,magsac,630.0,0.99,16,4,222,imw-minima-roma_band1_toL8Ref_pair016_scan4_pix222_internal_aff_magsac_630.0_0.99_.csv
-29971.719,68951.263,-26893.125,62533.335,-3078.594,6417.928,474,74.51749285,14.66047741,74.54613496,14.60250544,band1,L8Ref,imw-minima-roma,internal,,magsac,630.0,0.99,16,4,222,imw-minima-roma_band1_toL8Ref_pair016_scan4_pix222_internal_aff_magsac_630.0_0.99_.csv
9944.360,83247.499,11665.526,76156.422,-1721.166,7091.077,475,74.88809316,14.78982062,74.90404984,14.72572952,band1,L8Ref,imw-minima-roma,internal,,magsac,630.0,0.99,16,4,222,imw-minima-roma_band1_toL8Ref_pair016_scan4_pix222_internal_aff_magsac_630.0_0.99_.csv
38618.127,57977.498,39206.541,50728.775,-588.414,7248.723,476,75.15407041,14.56119442,75.15942681,14.49567315,band1,L8Ref,imw-minima-roma,internal,,magsac,630.0,0.99,16,4,222,imw-minima-roma_band1_toL8Ref_pair016_scan4_pix222_internal_aff_magsac_630.0_0.99_.csv
-98660.628,15639.166,-92087.483,9997.001,-6573.145,5642.165,477,73.88176054,14.17707215,73.94284059,14.12629808,band1,L8Ref,imw-minima-roma,internal,,magsac,630.0,0.99,16,4,222,imw-minima-roma_band1_toL8Ref_pair016_scan4_pix222_internal_aff_magsac_630.0_0.99_.csv
39886.875,-29802.501,40601.316,-37146.573,-714.441,7344.072,478,75.16457113,13.76778639,75.17106981,13.70139551,band1,L8Ref,imw-minima-roma,internal,,magsac,630.0,0.99,16,4,222,imw-minima-roma_band1_toL8Ref_pair016_scan4_pix222_internal_aff_magsac_630.0_0.99_.csv
16330.589,59703.182,17784.388,52640.001,-1453.799,7063.181,479,74.94727071,14.57700828,74.96071590,14.51316342,band1,L8Ref,imw-minima-roma,internal,,magsac,630.0,0.99,16,4,222,imw-minima-roma_band1_toL8Ref_pair016_scan4_pix222_internal_aff_magsac_630.0_0.99_.csv
20094.381,-37782.504,21593.419,-44823.054,-1499.038,7040.550,480,74.98148639,13.69586774,74.99528909,13.63221946,band1,L8Ref,imw-minima-roma,internal,,magsac,630.0,0.99,16,4,222,imw-minima-roma_band1_toL8Ref_pair016_scan4_pix222_internal_aff_magsac_630.0_0.99_.csv
-11981.959,3721.889,-9183.123,-2986.665,-2798.836,6708.554,481,74.68477958,14.07105780,74.71071760,14.01043241,band1,L8Ref,imw-minima-roma,internal,,magsac,630.0,0.99,16,4,222,imw-minima-roma_band1_toL8Ref_pair016_scan4_pix222_internal_aff_magsac_630.0_0.99_.csv
23900.625,-20270.829,25280.269,-27417.987,-1379.644,7147.159,482,75.01682437,13.85412064,75.02952164,13.78950772,band1,L8Ref,imw-minima-roma,internal,,magsac,630.0,0.99,16,4,222,imw-minima-roma_band1_toL8Ref_pair016_scan4_pix222_internal_aff_magsac_630.0_0.99_.csv
-54443.907,82511.286,-50640.634,76346.669,-3803.273,6164.617,483,74.29004398,14.78265804,74.32548319,14.72701738,band1,L8Ref,imw-minima-roma,internal,,magsac,630.0,0.99,16,4,222,imw-minima-roma_band1_toL8Ref_pair016_scan4_pix222_internal_aff_magsac_630.0_0.99_.csv
-26238.660,28771.536,-23270.625,22400.001,-2968.035,6371.535,484,74.55253163,14.29737115,74.58009490,14.23980907,band1,L8Ref,imw-minima-roma,internal,,magsac,630.0,0.99,16,4,222,imw-minima-roma_band1_toL8Ref_pair016_scan4_pix222_internal_aff_magsac_630.0_0.99_.csv
-84682.340,78236.514,-78815.628,72426.669,-5866.712,5809.844,485,74.00931952,14.74327806,74.06396782,14.69094257,band1,L8Ref,imw-minima-roma,internal,,magsac,630.0,0.99,16,4,222,imw-minima-roma_band1_toL8Ref_pair016_scan4_pix222_internal_aff_magsac_630.0_0.99_.csv
-49935.460,31301.702,-45810.630,24640.002,-4124.829,6661.700,486,74.33285119,14.31991932,74.37119705,14.25977889,band1,L8Ref,imw-minima-roma,internal,,magsac,630.0,0.99,16,4,222,imw-minima-roma_band1_toL8Ref_pair016_scan4_pix222_internal_aff_magsac_630.0_0.99_.csv
27706.888,81695.834,28725.312,74480.865,-1018.424,7214.969,487,75.05306299,14.77567894,75.06244626,14.71046433,band1,L8Ref,imw-minima-roma,internal,,magsac,630.0,0.99,16,4,222,imw-minima-roma_band1_toL8Ref_pair016_scan4_pix222_internal_aff_magsac_630.0_0.99_.csv
-32431.869,3004.161,-29185.556,-3120.930,-3246.313,6125.091,488,74.49543333,14.06440962,74.52555638,14.00908288,band1,L8Ref,imw-minima-roma,internal,,magsac,630.0,0.99,16,4,222,imw-minima-roma_band1_toL8Ref_pair016_scan4_pix222_internal_aff_magsac_630.0_0.99_.csv
59111.353,49399.062,59443.119,42186.669,-331.765,7212.393,489,75.34404535,14.48330786,75.34696664,14.41811507,band1,L8Ref,imw-minima-roma,internal,,magsac,630.0,0.99,16,4,222,imw-minima-roma_band1_toL8Ref_pair016_scan4_pix222_internal_aff_magsac_630.0_0.99_.csv
13243.131,-22487.499,14967.653,-29573.240,-1724.521,7085.741,490,74.91822405,13.83415494,74.93413734,13.77010052,band1,L8Ref,imw-minima-roma,internal,,magsac,630.0,0.99,16,4,222,imw-minima-roma_band1_toL8Ref_pair016_scan4_pix222_internal_aff_magsac_630.0_0.99_.csv
-52985.628,26722.503,-49095.761,20254.270,-3889.867,6468.233,491,74.30466612,14.27847552,74.34083198,14.22008372,band1,L8Ref,imw-minima-roma,internal,,magsac,630.0,0.99,16,4,222,imw-minima-roma_band1_toL8Ref_pair016_scan4_pix222_internal_aff_magsac_630.0_0.99_.csv
-4011.866,29382.498,-1547.680,22694.626,-2464.187,6687.872,492,74.75854080,14.30301246,74.78138455,14.24256760,band1,L8Ref,imw-minima-roma,internal,,magsac,630.0,0.99,16,4,222,imw-minima-roma_band1_toL8Ref_pair016_scan4_pix222_internal_aff_magsac_630.0_0.99_.csv
45559.259,70565.431,45959.373,63279.999,-400.114,7285.432,493,75.21868750,14.67485642,75.22227989,14.60900690,band1,L8Ref,imw-minima-roma,internal,,magsac,630.0,0.99,16,4,222,imw-minima-roma_band1_toL8Ref_pair016_scan4_pix222_internal_aff_magsac_630.0_0.99_.csv
10959.381,-13177.503,12778.514,-20370.083,-1819.133,7192.580,494,74.89713648,13.91831476,74.91393617,13.85329573,band1,L8Ref,imw-minima-roma,internal,,magsac,630.0,0.99,16,4,222,imw-minima-roma_band1_toL8Ref_pair016_scan4_pix222_internal_aff_magsac_630.0_0.99_.csv
-77530.423,87325.948,-72778.131,81200.003,-4752.291,6125.946,495,74.07547824,14.82562748,74.11978906,14.77039310,band1,L8Ref,imw-minima-roma,internal,,magsac,630.0,0.99,16,4,222,imw-minima-roma_band1_toL8Ref_pair016_scan4_pix222_internal_aff_magsac_630.0_0.99_.csv
-32740.409,66697.792,-29509.371,60293.334,-3231.038,6404.458,496,74.49181754,14.64008056,74.52187812,14.58223466,band1,L8Ref,imw-minima-roma,internal,,magsac,630.0,0.99,16,4,222,imw-minima-roma_band1_toL8Ref_pair016_scan4_pix222_internal_aff_magsac_630.0_0.99_.csv
-22535.612,-6305.826,-19850.297,-13283.612,-2685.315,6977.786,497,74.58714064,13.98035675,74.61204562,13.91730717,band1,L8Ref,imw-minima-roma,internal,,magsac,630.0,0.99,16,4,222,imw-minima-roma_band1_toL8Ref_pair016_scan4_pix222_internal_aff_magsac_630.0_0.99_.csv
-8071.875,85464.169,-5537.052,78667.213,-2534.823,6796.957,498,74.72074446,14.80985916,74.74430473,14.74843927,band1,L8Ref,imw-minima-roma,internal,,magsac,630.0,0.99,16,4,222,imw-minima-roma_band1_toL8Ref_pair016_scan4_pix222_internal_aff_magsac_630.0_0.99_.csv
35393.492,74589.678,36098.127,67386.669,-704.636,7203.009,499,75.12436300,14.71137177,75.13081080,14.64626532,band1,L8Ref,imw-minima-roma,internal,,magsac,630.0,0.99,16,4,222,imw-minima-roma_band1_toL8Ref_pair016_scan4_pix222_internal_aff_magsac_630.0_0.99_.csv
-40810.957,21216.002,-37156.878,14933.334,-3654.079,6282.668,500,74.41757993,14.22890831,74.45152267,14.17217338,band1,L8Ref,imw-minima-roma,internal,,magsac,630.0,0.99,16,4,222,imw-minima-roma_band1_toL8Ref_pair016_scan4_pix222_internal_aff_magsac_630.0_0.99_.csv
30605.315,391.001,31670.612,-6720.003,-1065.298,7111.004,501,75.07907701,14.04081077,75.08885805,13.97652544,band1,L8Ref,imw-minima-roma,internal,,magsac,630.0,0.99,16,4,222,imw-minima-roma_band1_toL8Ref_pair016_scan4_pix222_internal_aff_magsac_630.0_0.99_.csv
1824.381,-47092.500,3464.462,-54052.704,-1640.080,6960.204,502,74.81258505,13.61178859,74.82773237,13.54887627,band1,L8Ref,imw-minima-roma,internal,,magsac,630.0,0.99,16,4,222,imw-minima-roma_band1_toL8Ref_pair016_scan4_pix222_internal_aff_magsac_630.0_0.99_.csv
54350.612,68395.831,54619.623,61042.665,-269.011,7353.166,503,75.30026113,14.65509249,75.30261183,14.58863180,band1,L8Ref,imw-minima-roma,internal,,magsac,630.0,0.99,16,4,222,imw-minima-roma_band1_toL8Ref_pair016_scan4_pix222_internal_aff_magsac_630.0_0.99_.csv
50195.069,26325.264,50588.127,19039.999,-393.058,7285.264,504,75.26091613,14.27493620,75.26442484,14.20908228,band1,L8Ref,imw-minima-roma,internal,,magsac,630.0,0.99,16,4,222,imw-minima-roma_band1_toL8Ref_pair016_scan4_pix222_internal_aff_magsac_630.0_0.99_.csv
-27356.868,47337.498,-24317.033,40908.212,-3039.835,6429.286,505,74.54198257,14.46516283,74.57023489,14.40708233,band1,L8Ref,imw-minima-roma,internal,,magsac,630.0,0.99,16,4,222,imw-minima-roma_band1_toL8Ref_pair016_scan4_pix222_internal_aff_magsac_630.0_0.99_.csv
-34461.882,53765.832,-31159.083,47435.137,-3302.799,6330.694,506,74.47600074,14.52318390,74.50671479,14.46600580,band1,L8Ref,imw-minima-roma,internal,,magsac,630.0,0.99,16,4,222,imw-minima-roma_band1_toL8Ref_pair016_scan4_pix222_internal_aff_magsac_630.0_0.99_.csv
-33323.295,81272.627,-30113.127,74853.331,-3210.168,6419.295,507,74.48622968,14.77179338,74.51611526,14.71381598,band1,L8Ref,imw-minima-roma,internal,,magsac,630.0,0.99,16,4,222,imw-minima-roma_band1_toL8Ref_pair016_scan4_pix222_internal_aff_magsac_630.0_0.99_.csv
44454.375,73715.835,44859.007,66438.108,-404.632,7277.728,508,75.20848115,14.70334590,75.21211897,14.63756660,band1,L8Ref,imw-minima-roma,internal,,magsac,630.0,0.99,16,4,222,imw-minima-roma_band1_toL8Ref_pair016_scan4_pix222_internal_aff_magsac_630.0_0.99_.csv
2863.916,61764.304,4904.379,54880.002,-2040.463,6884.302,509,74.82230464,14.59568213,74.84122899,14.53346023,band1,L8Ref,imw-minima-roma,internal,,magsac,630.0,0.99,16,4,222,imw-minima-roma_band1_toL8Ref_pair016_scan4_pix222_internal_aff_magsac_630.0_0.99_.csv
-34681.492,17980.056,-31320.630,11759.998,-3360.862,6220.058,510,74.47441501,14.19974254,74.50562288,14.14356210,band1,L8Ref,imw-minima-roma,internal,,magsac,630.0,0.99,16,4,222,imw-minima-roma_band1_toL8Ref_pair016_scan4_pix222_internal_aff_magsac_630.0_0.99_.csv
7709.906,55278.001,9533.134,48346.665,-1823.228,6931.336,511,74.86725994,14.53705101,74.88415213,14.47440040,band1,L8Ref,imw-minima-roma,internal,,magsac,630.0,0.99,16,4,222,imw-minima-roma_band1_toL8Ref_pair016_scan4_pix222_internal_aff_magsac_630.0_0.99_.csv
-2927.477,31532.108,-529.371,24826.668,-2398.107,6705.439,512,74.76858946,14.32244259,74.79082013,14.26183817,band1,L8Ref,imw-minima-roma,internal,,magsac,630.0,0.99,16,4,222,imw-minima-roma_band1_toL8Ref_pair016_scan4_pix222_internal_aff_magsac_630.0_0.99_.csv
-2743.119,26500.831,-332.967,19822.044,-2410.152,6678.787,513,74.77030341,14.27696856,74.79264084,14.21660445,band1,L8Ref,imw-minima-roma,internal,,magsac,630.0,0.99,16,4,222,imw-minima-roma_band1_toL8Ref_pair016_scan4_pix222_internal_aff_magsac_630.0_0.99_.csv
22631.877,-55515.837,23985.931,-62447.693,-1354.054,6931.855,514,75.00479887,13.53556314,75.01724752,13.47289780,band1,L8Ref,imw-minima-roma,internal,,magsac,630.0,0.99,16,4,222,imw-minima-roma_band1_toL8Ref_pair016_scan4_pix222_internal_aff_magsac_630.0_0.99_.csv
-55776.879,16082.501,-51671.334,10100.053,-4105.546,5982.448,515,74.27901323,14.18225330,74.31715889,14.12825932,band1,L8Ref,imw-minima-roma,internal,,magsac,630.0,0.99,16,4,222,imw-minima-roma_band1_toL8Ref_pair016_scan4_pix222_internal_aff_magsac_630.0_0.99_.csv
28721.890,-26920.830,29919.540,-34130.492,-1197.650,7209.662,516,75.06135542,13.79396848,75.07235357,13.72879017,band1,L8Ref,imw-minima-roma,internal,,magsac,630.0,0.99,16,4,222,imw-minima-roma_band1_toL8Ref_pair016_scan4_pix222_internal_aff_magsac_630.0_0.99_.csv
1570.616,56425.831,3710.825,49604.632,-2140.208,6821.200,517,74.81029903,14.54743507,74.83014798,14.48578359,band1,L8Ref,imw-minima-roma,internal,,magsac,630.0,0.99,16,4,222,imw-minima-roma_band1_toL8Ref_pair016_scan4_pix222_internal_aff_magsac_630.0_0.99_.csv
29483.127,66400.833,30456.909,59261.946,-973.781,7138.886,518,75.06939577,14.63743275,75.07835535,14.57290311,band1,L8Ref,imw-minima-roma,internal,,magsac,630.0,0.99,16,4,222,imw-minima-roma_band1_toL8Ref_pair016_scan4_pix222_internal_aff_magsac_630.0_0.99_.csv
26034.988,13680.121,27243.116,6720.003,-1208.128,6960.118,519,75.03688954,14.16097084,75.04801162,14.09805034,band1,L8Ref,imw-minima-roma,internal,,magsac,630.0,0.99,16,4,222,imw-minima-roma_band1_toL8Ref_pair016_scan4_pix222_internal_aff_magsac_630.0_0.99_.csv
15860.608,38774.195,17381.871,31733.332,-1521.263,7040.862,520,74.94278843,14.38785506,74.95684932,14.32420924,band1,L8Ref,imw-minima-roma,internal,,magsac,630.0,0.99,16,4,222,imw-minima-roma_band1_toL8Ref_pair016_scan4_pix222_internal_aff_magsac_630.0_0.99_.csv
40398.712,61398.324,40928.121,54133.334,-529.409,7264.990,521,75.17064314,14.59208611,75.17544787,14.52641879,band1,L8Ref,imw-minima-roma,internal,,magsac,630.0,0.99,16,4,222,imw-minima-roma_band1_toL8Ref_pair016_scan4_pix222_internal_aff_magsac_630.0_0.99_.csv
-40514.558,32583.774,-36955.629,26320.001,-3558.929,6263.773,522,74.42015878,14.33165817,74.45323396,14.27509327,band1,L8Ref,imw-minima-roma,internal,,magsac,630.0,0.99,16,4,222,imw-minima-roma_band1_toL8Ref_pair016_scan4_pix222_internal_aff_magsac_630.0_0.99_.csv
12481.875,-38447.496,14200.686,-45367.210,-1718.811,6919.714,523,74.91111034,13.68990096,74.92696375,13.62734782,band1,L8Ref,imw-minima-roma,internal,,magsac,630.0,0.99,16,4,222,imw-minima-roma_band1_toL8Ref_pair016_scan4_pix222_internal_aff_magsac_630.0_0.99_.csv
-75061.881,88124.165,-70365.894,81924.552,-4695.988,6199.613,524,74.09838864,14.83290800,74.14217431,14.77700240,band1,L8Ref,imw-minima-roma,internal,,magsac,630.0,0.99,16,4,222,imw-minima-roma_band1_toL8Ref_pair016_scan4_pix222_internal_aff_magsac_630.0_0.99_.csv
-5510.308,17787.551,-2944.377,11200.001,-2565.931,6587.550,525,74.74467532,14.19821046,74.76845458,14.13867290,band1,L8Ref,imw-minima-roma,internal,,magsac,630.0,0.99,16,4,222,imw-minima-roma_band1_toL8Ref_pair016_scan4_pix222_internal_aff_magsac_630.0_0.99_.csv
24915.627,-33792.507,26285.004,-40913.567,-1369.377,7121.059,526,75.02609187,13.73189366,75.03868517,13.66751628,band1,L8Ref,imw-minima-roma,internal,,magsac,630.0,0.99,16,4,222,imw-minima-roma_band1_toL8Ref_pair016_scan4_pix222_internal_aff_magsac_630.0_0.99_.csv
29229.381,-20492.496,30378.178,-27666.205,-1148.796,7173.710,527,75.06611694,13.85206694,75.07666510,13.78721393,band1,L8Ref,imw-minima-roma,internal,,magsac,630.0,0.99,16,4,222,imw-minima-roma_band1_toL8Ref_pair016_scan4_pix222_internal_aff_magsac_630.0_0.99_.csv
-26088.120,48224.166,-23090.275,41783.354,-2997.845,6440.812,528,74.55374216,14.47318858,74.58160321,14.41500229,band1,L8Ref,imw-minima-roma,internal,,magsac,630.0,0.99,16,4,222,imw-minima-roma_band1_toL8Ref_pair016_scan4_pix222_internal_aff_magsac_630.0_0.99_.csv
1824.381,-23152.500,3747.469,-30379.389,-1923.088,7226.889,529,74.81260086,13.82817466,74.83037903,13.76285114,band1,L8Ref,imw-minima-roma,internal,,magsac,630.0,0.99,16,4,222,imw-minima-roma_band1_toL8Ref_pair016_scan4_pix222_internal_aff_magsac_630.0_0.99_.csv
-133.179,46876.236,2086.875,40133.334,-2220.054,6742.901,530,74.79449062,14.46112675,74.81507681,14.40018303,band1,L8Ref,imw-minima-roma,internal,,magsac,630.0,0.99,16,4,222,imw-minima-roma_band1_toL8Ref_pair016_scan4_pix222_internal_aff_magsac_630.0_0.99_.csv
15780.627,-55072.494,17313.907,-62008.588,-1533.279,6936.095,531,74.94150965,13.53961688,74.95563093,13.47691538,band1,L8Ref,imw-minima-roma,internal,,magsac,630.0,0.99,16,4,222,imw-minima-roma_band1_toL8Ref_pair016_scan4_pix222_internal_aff_magsac_630.0_0.99_.csv
-24565.626,-6970.836,-21797.715,-13256.003,-2767.911,6285.167,532,74.56835717,13.97432903,74.59402541,13.91754235,band1,L8Ref,imw-minima-roma,internal,,magsac,630.0,0.99,16,4,222,imw-minima-roma_band1_toL8Ref_pair016_scan4_pix222_internal_aff_magsac_630.0_0.99_.csv
39796.455,85098.839,40324.384,78026.667,-527.929,7072.172,533,75.16539826,14.80628768,75.17019805,14.74236692,band1,L8Ref,imw-minima-roma,internal,,magsac,630.0,0.99,16,4,222,imw-minima-roma_band1_toL8Ref_pair016_scan4_pix222_internal_aff_magsac_630.0_0.99_.csv
20978.935,-930.436,22413.123,-8026.665,-1434.188,7096.229,534,74.98994373,14.02895482,75.00316338,13.96480369,band1,L8Ref,imw-minima-roma,internal,,magsac,630.0,0.99,16,4,222,imw-minima-roma_band1_toL8Ref_pair016_scan4_pix222_internal_aff_magsac_630.0_0.99_.csv
23494.474,15710.067,24828.129,8773.334,-1333.655,6936.734,535,75.01337395,14.17934076,75.02566608,14.11663171,band1,L8Ref,imw-minima-roma,internal,,magsac,630.0,0.99,16,4,222,imw-minima-roma_band1_toL8Ref_pair016_scan4_pix222_internal_aff_magsac_630.0_0.99_.csv
60948.116,39579.166,61096.984,32312.595,-148.867,7266.572,536,75.36086519,14.39451602,75.36208396,14.32883618,band1,L8Ref,imw-minima-roma,internal,,magsac,630.0,0.99,16,4,222,imw-minima-roma_band1_toL8Ref_pair016_scan4_pix222_internal_aff_magsac_630.0_0.99_.csv
63231.866,84577.500,62580.449,77277.667,651.418,7299.833,537,75.38307886,14.80114708,75.37686109,14.73519097,band1,L8Ref,imw-minima-roma,internal,,magsac,630.0,0.99,16,4,222,imw-minima-roma_band1_toL8Ref_pair016_scan4_pix222_internal_aff_magsac_630.0_0.99_.csv
-37186.986,24915.171,-33735.627,18666.668,-3451.359,6248.503,538,74.45110883,14.26239289,74.48316966,14.20595990,band1,L8Ref,imw-minima-roma,internal,,magsac,630.0,0.99,16,4,222,imw-minima-roma_band1_toL8Ref_pair016_scan4_pix222_internal_aff_magsac_630.0_0.99_.csv
49275.640,-15172.497,49644.646,-22754.434,-369.006,7581.937,539,75.25165270,13.89987400,75.25493053,13.83133697,band1,L8Ref,imw-minima-roma,internal,,magsac,630.0,0.99,16,4,222,imw-minima-roma_band1_toL8Ref_pair016_scan4_pix222_internal_aff_magsac_630.0_0.99_.csv
-30909.375,8102.502,-27685.355,1904.006,-3224.020,6198.496,540,74.50947314,14.11050831,74.53939318,14.05451636,band1,L8Ref,imw-minima-roma,internal,,magsac,630.0,0.99,16,4,222,imw-minima-roma_band1_toL8Ref_pair016_scan4_pix222_internal_aff_magsac_630.0_0.99_.csv
48768.110,-21822.507,49063.653,-29327.377,-295.543,7504.869,541,75.24683921,13.83977561,75.24943965,13.77193643,band1,L8Ref,imw-minima-roma,internal,,magsac,630.0,0.99,16,4,222,imw-minima-roma_band1_toL8Ref_pair016_scan4_pix222_internal_aff_magsac_630.0_0.99_.csv
-55015.632,19850.835,-50890.688,13585.389,-4124.945,6265.446,542,74.28598999,14.21632803,74.32432458,14.15977567,band1,L8Ref,imw-minima-roma,internal,,magsac,630.0,0.99,16,4,222,imw-minima-roma_band1_toL8Ref_pair016_scan4_pix222_internal_aff_magsac_630.0_0.99_.csv
66784.384,66400.833,66462.193,58933.531,322.191,7467.301,543,75.41563440,14.63679494,75.41246274,14.56931532,band1,L8Ref,imw-minima-roma,internal,,magsac,630.0,0.99,16,4,222,imw-minima-roma_band1_toL8Ref_pair016_scan4_pix222_internal_aff_magsac_630.0_0.99_.csv
46928.636,19349.236,47368.125,12133.335,-439.489,7215.901,544,75.23052501,14.21194056,75.23447270,14.14671267,band1,L8Ref,imw-minima-roma,internal,,magsac,630.0,0.99,16,4,222,imw-minima-roma_band1_toL8Ref_pair016_scan4_pix222_internal_aff_magsac_630.0_0.99_.csv
65515.616,76154.165,65298.266,68753.283,217.351,7400.883,545,75.40409068,14.72497064,75.40189601,14.65809030,band1,L8Ref,imw-minima-roma,internal,,magsac,630.0,0.99,16,4,222,imw-minima-roma_band1_toL8Ref_pair016_scan4_pix222_internal_aff_magsac_630.0_0.99_.csv
5123.134,28717.497,7101.304,21868.520,-1978.171,6848.977,546,74.84320979,14.29700018,74.86152684,14.23509242,band1,L8Ref,imw-minima-roma,internal,,magsac,630.0,0.99,16,4,222,imw-minima-roma_band1_toL8Ref_pair016_scan4_pix222_internal_aff_magsac_630.0_0.99_.csv
-27747.388,9368.674,-24679.377,3173.331,-3068.010,6195.343,547,74.53874362,14.12198551,74.56721348,14.06601713,band1,L8Ref,imw-minima-roma,internal,,magsac,630.0,0.99,16,4,222,imw-minima-roma_band1_toL8Ref_pair016_scan4_pix222_internal_aff_magsac_630.0_0.99_.csv
-26097.146,54435.793,-23069.366,47973.333,-3027.780,6462.460,548,74.55359936,14.52932887,74.58174509,14.47094789,band1,L8Ref,imw-minima-roma,internal,,magsac,630.0,0.99,16,4,222,imw-minima-roma_band1_toL8Ref_pair016_scan4_pix222_internal_aff_magsac_630.0_0.99_.csv
57395.638,41352.498,57673.974,34040.735,-278.336,7311.763,549,75.32796213,14.41061820,75.33038965,14.34452763,band1,L8Ref,imw-minima-roma,internal,,magsac,630.0,0.99,16,4,222,imw-minima-roma_band1_toL8Ref_pair016_scan4_pix222_internal_aff_magsac_630.0_0.99_.csv
26691.866,46007.501,27830.569,38920.693,-1138.703,7086.808,550,75.04328816,14.45314865,75.05377759,14.38908633,band1,L8Ref,imw-minima-roma,internal,,magsac,630.0,0.99,16,4,222,imw-minima-roma_band1_toL8Ref_pair016_scan4_pix222_internal_aff_magsac_630.0_0.99_.csv
6269.392,67648.466,8124.381,60666.666,-1854.989,6981.800,551,74.85392285,14.64885582,74.87112149,14.58575167,band1,L8Ref,imw-minima-roma,internal,,magsac,630.0,0.99,16,4,222,imw-minima-roma_band1_toL8Ref_pair016_scan4_pix222_internal_aff_magsac_630.0_0.99_.csv
14258.134,53322.498,15822.021,46280.117,-1563.887,7042.381,552,74.92800555,14.51935183,74.94247389,14.45569458,band1,L8Ref,imw-minima-roma,internal,,magsac,630.0,0.99,16,4,222,imw-minima-roma_band1_toL8Ref_pair016_scan4_pix222_internal_aff_magsac_630.0_0.99_.csv
51583.807,16170.022,51996.879,8959.999,-413.072,7210.023,553,75.27359598,14.18312417,75.27728644,14.11794897,band1,L8Ref,imw-minima-roma,internal,,magsac,630.0,0.99,16,4,222,imw-minima-roma_band1_toL8Ref_pair016_scan4_pix222_internal_aff_magsac_630.0_0.99_.csv
-35887.246,73617.907,-32528.134,67199.998,-3359.112,6417.909,554,74.46251686,14.70258316,74.49378199,14.64462178,band1,L8Ref,imw-minima-roma,internal,,magsac,630.0,0.99,16,4,222,imw-minima-roma_band1_toL8Ref_pair016_scan4_pix222_internal_aff_magsac_630.0_0.99_.csv
-48630.932,62687.526,-44804.376,56373.335,-3826.556,6314.191,555,74.34438739,14.60360742,74.38000434,14.54660462,band1,L8Ref,imw-minima-roma,internal,,magsac,630.0,0.99,16,4,222,imw-minima-roma_band1_toL8Ref_pair016_scan4_pix222_internal_aff_magsac_630.0_0.99_.csv
48.123,5442.498,2377.650,-1305.499,-2329.527,6747.996,556,74.79617150,14.08663507,74.81773726,14.02564176,band1,L8Ref,imw-minima-roma,internal,,magsac,630.0,0.99,16,4,222,imw-minima-roma_band1_toL8Ref_pair016_scan4_pix222_internal_aff_magsac_630.0_0.99_.csv
40007.211,50921.531,40525.623,43679.997,-518.412,7241.535,557,75.16685705,14.49740401,75.17155924,14.43194750,band1,L8Ref,imw-minima-roma,internal,,magsac,630.0,0.99,16,4,222,imw-minima-roma_band1_toL8Ref_pair016_scan4_pix222_internal_aff_magsac_630.0_0.99_.csv
33796.881,-20492.496,34757.993,-27719.106,-961.111,7226.610,558,75.10836928,13.85201598,75.11716918,13.78668529,band1,L8Ref,imw-minima-roma,internal,,magsac,630.0,0.99,16,4,222,imw-minima-roma_band1_toL8Ref_pair016_scan4_pix222_internal_aff_magsac_630.0_0.99_.csv
-35900.877,55024.923,-32528.134,48720.002,-3372.744,6304.922,559,74.46263380,14.53454545,74.49400117,14.47760294,band1,L8Ref,imw-minima-roma,internal,,magsac,630.0,0.99,16,4,222,imw-minima-roma_band1_toL8Ref_pair016_scan4_pix222_internal_aff_magsac_630.0_0.99_.csv
18825.634,-43545.837,20385.426,-50480.586,-1559.792,6934.749,560,74.96971832,13.64378358,74.98408329,13.58109197,band1,L8Ref,imw-minima-roma,internal,,magsac,630.0,0.99,16,4,222,imw-minima-roma_band1_toL8Ref_pair016_scan4_pix222_internal_aff_magsac_630.0_0.99_.csv
12989.366,70169.165,14596.205,63078.197,-1606.838,7090.968,561,74.91631439,14.67161390,74.93119392,14.60752037,band1,L8Ref,imw-minima-roma,internal,,magsac,630.0,0.99,16,4,222,imw-minima-roma_band1_toL8Ref_pair016_scan4_pix222_internal_aff_magsac_630.0_0.99_.csv
-713.134,55095.832,1536.365,48306.127,-2249.499,6789.705,562,74.78910932,14.53541505,74.80997668,14.47404973,band1,L8Ref,imw-minima-roma,internal,,magsac,630.0,0.99,16,4,222,imw-minima-roma_band1_toL8Ref_pair016_scan4_pix222_internal_aff_magsac_630.0_0.99_.csv
18318.123,6107.499,19791.513,-860.607,-1473.390,6968.106,563,74.96535739,14.09258625,74.97895138,14.02959456,band1,L8Ref,imw-minima-roma,internal,,magsac,630.0,0.99,16,4,222,imw-minima-roma_band1_toL8Ref_pair016_scan4_pix222_internal_aff_magsac_630.0_0.99_.csv
-14879.290,19425.694,-12000.627,12879.999,-2878.662,6545.695,564,74.65786702,14.21298284,74.68456680,14.15383358,band1,L8Ref,imw-minima-roma,internal,,magsac,630.0,0.99,16,4,222,imw-minima-roma_band1_toL8Ref_pair016_scan4_pix222_internal_aff_magsac_630.0_0.99_.csv
42660.428,21738.437,43141.888,14560.002,-481.459,7178.435,565,75.19101671,14.23360290,75.19536533,14.16871384,band1,L8Ref,imw-minima-roma,internal,,magsac,630.0,0.99,16,4,222,imw-minima-roma_band1_toL8Ref_pair016_scan4_pix222_internal_aff_magsac_630.0_0.99_.csv
-11693.491,83444.553,-8981.864,76720.001,-2711.626,6724.553,566,74.68711111,14.79159472,74.71232006,14.73083266,band1,L8Ref,imw-minima-roma,internal,,magsac,630.0,0.99,16,4,222,imw-minima-roma_band1_toL8Ref_pair016_scan4_pix222_internal_aff_magsac_630.0_0.99_.csv
58347.425,35679.811,58638.123,28373.331,-290.698,7306.480,567,75.33666763,14.35932807,75.33920680,14.29328429,band1,L8Ref,imw-minima-roma,internal,,magsac,630.0,0.99,16,4,222,imw-minima-roma_band1_toL8Ref_pair016_scan4_pix222_internal_aff_magsac_630.0_0.99_.csv
-36073.441,31106.812,-32729.382,24826.668,-3344.058,6280.144,568,74.46134695,14.31836934,74.49241908,14.26164825,band1,L8Ref,imw-minima-roma,internal,,magsac,630.0,0.99,16,4,222,imw-minima-roma_band1_toL8Ref_pair016_scan4_pix222_internal_aff_magsac_630.0_0.99_.csv
-16953.110,66844.167,-14094.347,60105.981,-2858.763,6738.186,569,74.63836000,14.64154280,74.66493087,14.58066076,band1,L8Ref,imw-minima-roma,internal,,magsac,630.0,0.99,16,4,222,imw-minima-roma_band1_toL8Ref_pair016_scan4_pix222_internal_aff_magsac_630.0_0.99_.csv
58636.931,25131.781,58839.362,17919.999,-202.431,7211.782,570,75.33912662,14.26398618,75.34084832,14.19879916,band1,L8Ref,imw-minima-roma,internal,,magsac,630.0,0.99,16,4,222,imw-minima-roma_band1_toL8Ref_pair016_scan4_pix222_internal_aff_magsac_630.0_0.99_.csv
-49675.004,51045.972,-45810.630,44613.336,-3864.374,6432.636,571,74.33490833,14.49837478,74.37086404,14.44030210,band1,L8Ref,imw-minima-roma,internal,,magsac,630.0,0.99,16,4,222,imw-minima-roma_band1_toL8Ref_pair016_scan4_pix222_internal_aff_magsac_630.0_0.99_.csv
49275.640,73715.835,49595.812,66411.797,-320.172,7304.038,572,75.25324610,14.70326561,75.25608666,14.63724934,band1,L8Ref,imw-minima-roma,internal,,magsac,630.0,0.99,16,4,222,imw-minima-roma_band1_toL8Ref_pair016_scan4_pix222_internal_aff_magsac_630.0_0.99_.csv
2940.801,7941.493,5105.638,1119.996,-2164.837,6821.498,573,74.82296057,14.10922082,74.84299643,14.04756120,band1,L8Ref,imw-minima-roma,internal,,magsac,630.0,0.99,16,4,222,imw-minima-roma_band1_toL8Ref_pair016_scan4_pix222_internal_aff_magsac_630.0_0.99_.csv
24185.825,49045.706,25431.866,42000.003,-1246.042,7045.703,574,75.02007185,14.48063063,75.03156477,14.41694023,band1,L8Ref,imw-minima-roma,internal,,magsac,630.0,0.99,16,4,222,imw-minima-roma_band1_toL8Ref_pair016_scan4_pix222_internal_aff_magsac_630.0_0.99_.csv
29036.794,51895.471,30060.621,44800.002,-1023.827,7095.469,575,75.06509921,14.50634088,75.07451950,14.44220128,band1,L8Ref,imw-minima-roma,internal,,magsac,630.0,0.99,16,4,222,imw-minima-roma_band1_toL8Ref_pair016_scan4_pix222_internal_aff_magsac_630.0_0.99_.csv
34411.308,-305.791,35293.112,-7466.667,-881.804,7160.876,576,75.11430504,14.03446892,75.12237705,13.96973366,band1,L8Ref,imw-minima-roma,internal,,magsac,630.0,0.99,16,4,222,imw-minima-roma_band1_toL8Ref_pair016_scan4_pix222_internal_aff_magsac_630.0_0.99_.csv
55619.360,81252.502,55690.919,74004.962,-71.559,7247.540,577,75.31229991,14.77125908,75.31281714,14.70575894,band1,L8Ref,imw-minima-roma,internal,,magsac,630.0,0.99,16,4,222,imw-minima-roma_band1_toL8Ref_pair016_scan4_pix222_internal_aff_magsac_630.0_0.99_.csv
-2489.373,72164.168,-185.724,65324.504,-2303.649,6839.664,578,74.77261364,14.68967270,74.79400201,14.62785965,band1,L8Ref,imw-minima-roma,internal,,magsac,630.0,0.99,16,4,222,imw-minima-roma_band1_toL8Ref_pair016_scan4_pix222_internal_aff_magsac_630.0_0.99_.csv
-52731.882,58420.837,-48894.320,52110.606,-3837.563,6310.231,579,74.30640907,14.56497230,74.34213148,14.50801054,band1,L8Ref,imw-minima-roma,internal,,magsac,630.0,0.99,16,4,222,imw-minima-roma_band1_toL8Ref_pair016_scan4_pix222_internal_aff_magsac_630.0_0.99_.csv
22378.131,-3202.497,23743.433,-10232.203,-1365.301,7029.706,580,75.00287869,14.00840782,75.01545664,13.94485774,band1,L8Ref,imw-minima-roma,internal,,magsac,630.0,0.99,16,4,222,imw-minima-roma_band1_toL8Ref_pair016_scan4_pix222_internal_aff_magsac_630.0_0.99_.csv
-56791.881,56204.167,-52874.626,49943.871,-3917.255,6260.296,581,74.26878099,14.54485947,74.30524787,14.48835580,band1,L8Ref,imw-minima-roma,internal,,magsac,630.0,0.99,16,4,222,imw-minima-roma_band1_toL8Ref_pair016_scan4_pix222_internal_aff_magsac_630.0_0.99_.csv
3976.144,654.321,6111.873,-6159.996,-2135.728,6814.317,582,74.83253834,14.04335398,74.85229652,13.98175819,band1,L8Ref,imw-minima-roma,internal,,magsac,630.0,0.99,16,4,222,imw-minima-roma_band1_toL8Ref_pair016_scan4_pix222_internal_aff_magsac_630.0_0.99_.csv
35065.610,-8300.829,35952.567,-15542.339,-886.956,7241.510,583,75.12026083,13.96219682,75.12837526,13.89673219,band1,L8Ref,imw-minima-roma,internal,,magsac,630.0,0.99,16,4,222,imw-minima-roma_band1_toL8Ref_pair016_scan4_pix222_internal_aff_magsac_630.0_0.99_.csv
15273.116,-22709.166,16925.944,-29812.720,-1652.827,7103.554,584,74.93700006,13.83214111,74.95224492,13.76792488,band1,L8Ref,imw-minima-roma,internal,,magsac,630.0,0.99,16,4,222,imw-minima-roma_band1_toL8Ref_pair016_scan4_pix222_internal_aff_magsac_630.0_0.99_.csv
31766.877,-41772.501,32883.508,-48943.798,-1116.631,7171.297,585,75.08934566,13.65969637,75.09958133,13.59486472,band1,L8Ref,imw-minima-roma,internal,,magsac,630.0,0.99,16,4,222,imw-minima-roma_band1_toL8Ref_pair016_scan4_pix222_internal_aff_magsac_630.0_0.99_.csv
6846.463,35290.435,8728.138,28373.331,-1881.675,6917.104,586,74.85919890,14.35640448,74.87662179,14.29388064,band1,L8Ref,imw-minima-roma,internal,,magsac,630.0,0.99,16,4,222,imw-minima-roma_band1_toL8Ref_pair016_scan4_pix222_internal_aff_magsac_630.0_0.99_.csv
-8579.366,87237.501,-6007.658,80389.369,-2571.709,6848.132,587,74.71602470,14.82588356,74.73993056,14.76400203,band1,L8Ref,imw-minima-roma,internal,,magsac,630.0,0.99,16,4,222,imw-minima-roma_band1_toL8Ref_pair016_scan4_pix222_internal_aff_magsac_630.0_0.99_.csv
-49060.971,32395.291,-45005.625,25759.998,-4055.346,6635.293,588,74.34093768,14.32981881,74.37863871,14.26991476,band1,L8Ref,imw-minima-roma,internal,,magsac,630.0,0.99,16,4,222,imw-minima-roma_band1_toL8Ref_pair016_scan4_pix222_internal_aff_magsac_630.0_0.99_.csv
67799.366,66844.167,67361.089,59378.630,438.278,7465.537,589,75.42506663,14.64077736,75.42081495,14.57331665,band1,L8Ref,imw-minima-roma,internal,,magsac,630.0,0.99,16,4,222,imw-minima-roma_band1_toL8Ref_pair016_scan4_pix222_internal_aff_magsac_630.0_0.99_.csv
31005.640,37584.163,31957.388,30512.621,-951.748,7071.542,590,75.08320249,14.37697341,75.09194462,14.31304855,band1,L8Ref,imw-minima-roma,internal,,magsac,630.0,0.99,16,4,222,imw-minima-roma_band1_toL8Ref_pair016_scan4_pix222_internal_aff_magsac_630.0_0.99_.csv
-19998.126,10097.496,-17071.120,3591.065,-2927.006,6506.430,591,74.61050803,14.12863855,74.63765759,14.06984914,band1,L8Ref,imw-minima-roma,internal,,magsac,630.0,0.99,16,4,222,imw-minima-roma_band1_toL8Ref_pair016_scan4_pix222_internal_aff_magsac_630.0_0.99_.csv
38871.873,-52190.832,39714.917,-59522.897,-843.044,7332.065,592,75.15487027,13.56544000,75.16255407,13.49915668,band1,L8Ref,imw-minima-roma,internal,,magsac,630.0,0.99,16,4,222,imw-minima-roma_band1_toL8Ref_pair016_scan4_pix222_internal_aff_magsac_630.0_0.99_.csv
-14923.125,49997.502,-12108.774,43374.903,-2814.351,6622.599,593,74.65729483,14.48929725,74.68343074,14.42945547,band1,L8Ref,imw-minima-roma,internal,,magsac,630.0,0.99,16,4,222,imw-minima-roma_band1_toL8Ref_pair016_scan4_pix222_internal_aff_magsac_630.0_0.99_.csv
10198.125,-6527.493,12043.280,-13555.421,-1845.155,7027.928,594,74.89011693,13.97842472,74.90716448,13.91489448,band1,L8Ref,imw-minima-roma,internal,,magsac,630.0,0.99,16,4,222,imw-minima-roma_band1_toL8Ref_pair016_scan4_pix222_internal_aff_magsac_630.0_0.99_.csv
53532.908,12075.138,54009.369,4853.334,-476.461,7221.804,595,75.29157266,14.14607639,75.29584418,14.08079296,band1,L8Ref,imw-minima-roma,internal,,magsac,630.0,0.99,16,4,222,imw-minima-roma_band1_toL8Ref_pair016_scan4_pix222_internal_aff_magsac_630.0_0.99_.csv
-23043.132,84134.168,-20147.493,77532.821,-2895.639,6601.347,596,74.58168442,14.79775686,74.60862980,14.73812066,band1,L8Ref,imw-minima-roma,internal,,magsac,630.0,0.99,16,4,222,imw-minima-roma_band1_toL8Ref_pair016_scan4_pix222_internal_aff_magsac_630.0_0.99_.csv
48185.522,4283.829,48575.638,-2986.665,-390.116,7270.494,597,75.24190644,14.07575093,75.24539058,14.01002934,band1,L8Ref,imw-minima-roma,internal,,magsac,630.0,0.99,16,4,222,imw-minima-roma_band1_toL8Ref_pair016_scan4_pix222_internal_aff_magsac_630.0_0.99_.csv
41155.623,-12290.826,41823.171,-19656.277,-667.549,7365.451,598,75.17656473,13.92605045,75.18263030,13.85946684,band1,L8Ref,imw-minima-roma,internal,,magsac,630.0,0.99,16,4,222,imw-minima-roma_band1_toL8Ref_pair016_scan4_pix222_internal_aff_magsac_630.0_0.99_.csv
43946.884,787.500,44417.769,-6508.997,-470.885,7296.497,599,75.20260248,14.04421834,75.20684450,13.97826085,band1,L8Ref,imw-minima-roma,internal,,magsac,630.0,0.99,16,4,222,imw-minima-roma_band1_toL8Ref_pair016_scan4_pix222_internal_aff_magsac_630.0_0.99_.csv
-75569.382,76819.167,-70772.650,70406.653,-4796.732,6412.515,600,74.09398599,14.73072849,74.13869405,14.67290040,band1,L8Ref,imw-minima-roma,internal,,magsac,630.0,0.99,16,4,222,imw-minima-roma_band1_toL8Ref_pair016_scan4_pix222_internal_aff_magsac_630.0_0.99_.csv
14588.380,16108.821,16174.377,9146.665,-1585.997,6962.156,601,74.93087182,14.18300500,74.94552350,14.12006897,band1,L8Ref,imw-minima-roma,internal,,magsac,630.0,0.99,16,4,222,imw-minima-roma_band1_toL8Ref_pair016_scan4_pix222_internal_aff_magsac_630.0_0.99_.csv
12481.875,22732.497,14166.406,15799.945,-1684.531,6932.552,602,74.91138734,14.24288269,74.92696109,14.18021539,band1,L8Ref,imw-minima-roma,internal,,magsac,630.0,0.99,16,4,222,imw-minima-roma_band1_toL8Ref_pair016_scan4_pix222_internal_aff_magsac_630.0_0.99_.csv
24154.390,3225.837,25427.848,-3767.022,-1273.458,6992.860,603,75.01937774,14.06649626,75.03110449,14.00327946,band1,L8Ref,imw-minima-roma,internal,,magsac,630.0,0.99,16,4,222,imw-minima-roma_band1_toL8Ref_pair016_scan4_pix222_internal_aff_magsac_630.0_0.99_.csv
-55015.632,77040.833,-51173.109,70648.848,-3842.523,6391.985,604,74.28484366,14.73320868,74.32064514,14.67551384,band1,L8Ref,imw-minima-roma,internal,,magsac,630.0,0.99,16,4,222,imw-minima-roma_band1_toL8Ref_pair016_scan4_pix222_internal_aff_magsac_630.0_0.99_.csv
-37621.024,66676.979,-34138.125,60293.334,-3482.899,6383.645,605,74.44651425,14.63983147,74.47892320,14.58218235,band1,L8Ref,imw-minima-roma,internal,,magsac,630.0,0.99,16,4,222,imw-minima-roma_band1_toL8Ref_pair016_scan4_pix222_internal_aff_magsac_630.0_0.99_.csv
-45729.641,63046.635,-41986.881,56746.666,-3742.759,6299.969,606,74.37130792,14.60690156,74.40614096,14.55002216,band1,L8Ref,imw-minima-roma,internal,,magsac,630.0,0.99,16,4,222,imw-minima-roma_band1_toL8Ref_pair016_scan4_pix222_internal_aff_magsac_630.0_0.99_.csv
56634.362,40687.497,56922.177,33379.262,-287.814,7308.235,607,75.32088905,14.40462325,75.32340647,14.33856437,band1,L8Ref,imw-minima-roma,internal,,magsac,630.0,0.99,16,4,222,imw-minima-roma_band1_toL8Ref_pair016_scan4_pix222_internal_aff_magsac_630.0_0.99_.csv
12735.640,-53077.500,14363.319,-60005.164,-1627.679,6927.664,608,74.91338880,13.55766422,74.92839076,13.49504000,band1,L8Ref,imw-minima-roma,internal,,magsac,630.0,0.99,16,4,222,imw-minima-roma_band1_toL8Ref_pair016_scan4_pix222_internal_aff_magsac_630.0_0.99_.csv
-9684.481,34794.868,-6969.375,28186.665,-2715.106,6608.204,609,74.70594355,14.35191712,74.73113136,14.29219839,band1,L8Ref,imw-minima-roma,internal,,magsac,630.0,0.99,16,4,222,imw-minima-roma_band1_toL8Ref_pair016_scan4_pix222_internal_aff_magsac_630.0_0.99_.csv
-55587.695,60026.714,-51646.878,53573.336,-3940.816,6453.378,610,74.27987656,14.57943094,74.31656842,14.52118142,band1,L8Ref,imw-minima-roma,internal,,magsac,630.0,0.99,16,4,222,imw-minima-roma_band1_toL8Ref_pair016_scan4_pix222_internal_aff_magsac_630.0_0.99_.csv
38904.942,33110.871,39519.388,25946.664,-614.446,7164.207,611,75.15637942,14.33644488,75.16197240,14.27168415,band1,L8Ref,imw-minima-roma,internal,,magsac,630.0,0.99,16,4,222,imw-minima-roma_band1_toL8Ref_pair016_scan4_pix222_internal_aff_magsac_630.0_0.99_.csv
-48202.863,70916.514,-44401.878,64586.665,-3800.985,6329.848,612,74.34821552,14.67798531,74.38360595,14.62084114,band1,L8Ref,imw-minima-roma,internal,,magsac,630.0,0.99,16,4,222,imw-minima-roma_band1_toL8Ref_pair016_scan4_pix222_internal_aff_magsac_630.0_0.99_.csv
-27103.112,37584.163,-24023.576,31149.211,-3079.536,6434.953,613,74.54443250,14.37701364,74.57304144,14.31888101,band1,L8Ref,imw-minima-roma,internal,,magsac,630.0,0.99,16,4,222,imw-minima-roma_band1_toL8Ref_pair016_scan4_pix222_internal_aff_magsac_630.0_0.99_.csv
4108.131,58199.165,6100.164,51319.208,-1992.033,6879.957,614,74.83384632,14.56345962,74.85231563,14.50127572,band1,L8Ref,imw-minima-roma,internal,,magsac,630.0,0.99,16,4,222,imw-minima-roma_band1_toL8Ref_pair016_scan4_pix222_internal_aff_magsac_630.0_0.99_.csv
-7056.873,21402.499,-4409.039,14795.930,-2647.834,6606.569,615,74.73033781,14.23088045,74.75488288,14.17117277,band1,L8Ref,imw-minima-roma,internal,,magsac,630.0,0.99,16,4,222,imw-minima-roma_band1_toL8Ref_pair016_scan4_pix222_internal_aff_magsac_630.0_0.99_.csv
4361.877,-40220.832,6007.168,-47042.714,-1645.291,6821.882,616,74.83604497,13.67389654,74.85123843,13.61223279,band1,L8Ref,imw-minima-roma,internal,,magsac,630.0,0.99,16,4,222,imw-minima-roma_band1_toL8Ref_pair016_scan4_pix222_internal_aff_magsac_630.0_0.99_.csv
43731.302,5917.315,44148.123,-1306.662,-416.821,7223.976,617,75.20068799,14.09058782,75.20443207,14.02528694,band1,L8Ref,imw-minima-roma,internal,,magsac,630.0,0.99,16,4,222,imw-minima-roma_band1_toL8Ref_pair016_scan4_pix222_internal_aff_magsac_630.0_0.99_.csv
13496.877,14530.831,15126.373,7615.208,-1629.496,6915.624,618,74.92075247,14.16874783,74.93580909,14.10623266,band1,L8Ref,imw-minima-roma,internal,,magsac,630.0,0.99,16,4,222,imw-minima-roma_band1_toL8Ref_pair016_scan4_pix222_internal_aff_magsac_630.0_0.99_.csv
-22028.111,-12734.160,-19460.248,-19441.051,-2567.863,6706.891,619,74.59188933,13.92225733,74.61569829,13.86165483,band1,L8Ref,imw-minima-roma,internal,,magsac,630.0,0.99,16,4,222,imw-minima-roma_band1_toL8Ref_pair016_scan4_pix222_internal_aff_magsac_630.0_0.99_.csv
-27867.156,75006.104,-24880.616,68506.665,-2986.540,6499.439,620,74.53696829,14.71521979,74.56475850,14.65650891,band1,L8Ref,imw-minima-roma,internal,,magsac,630.0,0.99,16,4,222,imw-minima-roma_band1_toL8Ref_pair016_scan4_pix222_internal_aff_magsac_630.0_0.99_.csv
-16273.776,78918.595,-13409.379,72239.998,-2864.397,6678.596,621,74.64459413,14.75066949,74.67122798,14.69032717,band1,L8Ref,imw-minima-roma,internal,,magsac,630.0,0.99,16,4,222,imw-minima-roma_band1_toL8Ref_pair016_scan4_pix222_internal_aff_magsac_630.0_0.99_.csv
-34715.628,85685.835,-31434.929,79230.883,-3280.699,6454.953,622,74.47324217,14.81165976,74.50379164,14.75336321,band1,L8Ref,imw-minima-roma,internal,,magsac,630.0,0.99,16,4,222,imw-minima-roma_band1_toL8Ref_pair016_scan4_pix222_internal_aff_magsac_630.0_0.99_.csv
-3717.342,59366.969,-1334.366,52640.001,-2382.976,6726.968,623,74.76123008,14.57401455,74.78334664,14.51321926,band1,L8Ref,imw-minima-roma,internal,,magsac,630.0,0.99,16,4,222,imw-minima-roma_band1_toL8Ref_pair016_scan4_pix222_internal_aff_magsac_630.0_0.99_.csv
-48263.003,15763.828,-44200.629,9146.665,-4062.373,6617.163,624,74.34862661,14.17951159,74.38636584,14.11976907,band1,L8Ref,imw-minima-roma,internal,,magsac,630.0,0.99,16,4,222,imw-minima-roma_band1_toL8Ref_pair016_scan4_pix222_internal_aff_magsac_630.0_0.99_.csv
24408.116,84799.166,25520.133,77582.045,-1112.017,7217.121,625,75.02245223,14.80375508,75.03271444,14.73852191,band1,L8Ref,imw-minima-roma,internal,,magsac,630.0,0.99,16,4,222,imw-minima-roma_band1_toL8Ref_pair016_scan4_pix222_internal_aff_magsac_630.0_0.99_.csv
9983.985,49216.813,11746.881,42186.669,-1762.896,7030.144,626,74.88833725,14.48226323,74.90465978,14.41871762,band1,L8Ref,imw-minima-roma,internal,,magsac,630.0,0.99,16,4,222,imw-minima-roma_band1_toL8Ref_pair016_scan4_pix222_internal_aff_magsac_630.0_0.99_.csv
-14669.360,-985.836,-11754.668,-7684.460,-2914.692,6698.624,627,74.65992080,14.02849394,74.68693282,13.96796126,band1,L8Ref,imw-minima-roma,internal,,magsac,630.0,0.99,16,4,222,imw-minima-roma_band1_toL8Ref_pair016_scan4_pix222_internal_aff_magsac_630.0_0.99_.csv
2331.873,-18940.836,4366.597,-26358.073,-2034.724,7417.237,628,74.81729856,13.86624219,74.83611052,13.79919769,band1,L8Ref,imw-minima-roma,internal,,magsac,630.0,0.99,16,4,222,imw-minima-roma_band1_toL8Ref_pair016_scan4_pix222_internal_aff_magsac_630.0_0.99_.csv
24915.627,23619.165,26164.380,16610.487,-1248.753,7008.678,629,75.02661085,14.25081427,75.03811596,14.18745565,band1,L8Ref,imw-minima-roma,internal,,magsac,630.0,0.99,16,4,222,imw-minima-roma_band1_toL8Ref_pair016_scan4_pix222_internal_aff_magsac_630.0_0.99_.csv
43947.960,44594.341,44349.362,37333.335,-401.402,7261.006,630,75.20331246,14.44016009,75.20691792,14.37452797,band1,L8Ref,imw-minima-roma,internal,,magsac,630.0,0.99,16,4,222,imw-minima-roma_band1_toL8Ref_pair016_scan4_pix222_internal_aff_magsac_630.0_0.99_.csv
1316.890,-13842.504,3509.499,-20786.722,-2192.609,6944.218,631,74.80791115,13.91232500,74.82819069,13.84955659,band1,L8Ref,imw-minima-roma,internal,,magsac,630.0,0.99,16,4,222,imw-minima-roma_band1_toL8Ref_pair016_scan4_pix222_internal_aff_magsac_630.0_0.99_.csv
-97899.381,21845.834,-91486.726,15944.760,-6412.655,5901.073,632,73.88859159,14.23319680,73.94820687,14.18007605,band1,L8Ref,imw-minima-roma,internal,,magsac,630.0,0.99,16,4,222,imw-minima-roma_band1_toL8Ref_pair016_scan4_pix222_internal_aff_magsac_630.0_0.99_.csv
555.634,-31132.503,2333.786,-38234.759,-1778.152,7102.256,633,74.80086371,13.75604641,74.81729995,13.69185042,band1,L8Ref,imw-minima-roma,internal,,magsac,630.0,0.99,16,4,222,imw-minima-roma_band1_toL8Ref_pair016_scan4_pix222_internal_aff_magsac_630.0_0.99_.csv
16034.373,68617.498,17532.988,61517.679,-1498.615,7099.819,634,74.94457403,14.65757488,74.95844035,14.59340006,band1,L8Ref,imw-minima-roma,internal,,magsac,630.0,0.99,16,4,222,imw-minima-roma_band1_toL8Ref_pair016_scan4_pix222_internal_aff_magsac_630.0_0.99_.csv
-42617.006,79332.389,-38968.128,72986.667,-3648.878,6345.722,635,74.39994298,14.75413341,74.43392024,14.69683736,band1,L8Ref,imw-minima-roma,internal,,magsac,630.0,0.99,16,4,222,imw-minima-roma_band1_toL8Ref_pair016_scan4_pix222_internal_aff_magsac_630.0_0.99_.csv
59524.810,57760.782,59845.616,50586.666,-320.806,7174.116,636,75.34806199,14.55887145,75.35088228,14.49402587,band1,L8Ref,imw-minima-roma,internal,,magsac,630.0,0.99,16,4,222,imw-minima-roma_band1_toL8Ref_pair016_scan4_pix222_internal_aff_magsac_630.0_0.99_.csv
21055.243,38515.873,22413.123,31546.666,-1357.880,6969.207,637,74.99095207,14.38548628,75.00348560,14.32248659,band1,L8Ref,imw-minima-roma,internal,,magsac,630.0,0.99,16,4,222,imw-minima-roma_band1_toL8Ref_pair016_scan4_pix222_internal_aff_magsac_630.0_0.99_.csv
54306.508,56938.747,54613.125,49653.331,-306.617,7285.416,638,75.29962477,14.55154751,75.30232478,14.48569674,band1,L8Ref,imw-minima-roma,internal,,magsac,630.0,0.99,16,4,222,imw-minima-roma_band1_toL8Ref_pair016_scan4_pix222_internal_aff_magsac_630.0_0.99_.csv
-19744.361,34480.830,-16794.706,27972.919,-2949.655,6507.911,639,74.61268329,14.34902624,74.64006820,14.29022508,band1,L8Ref,imw-minima-roma,internal,,magsac,630.0,0.99,16,4,222,imw-minima-roma_band1_toL8Ref_pair016_scan4_pix222_internal_aff_magsac_630.0_0.99_.csv
-15035.867,47084.848,-12201.866,40506.666,-2834.000,6578.182,640,74.65626497,14.46297208,74.68258016,14.40353161,band1,L8Ref,imw-minima-roma,internal,,magsac,630.0,0.99,16,4,222,imw-minima-roma_band1_toL8Ref_pair016_scan4_pix222_internal_aff_magsac_630.0_0.99_.csv
46991.890,83247.499,47308.909,75993.659,-317.019,7253.840,641,75.23220530,14.78944572,75.23502455,14.72388506,band1,L8Ref,imw-minima-roma,internal,,magsac,630.0,0.99,16,4,222,imw-minima-roma_band1_toL8Ref_pair016_scan4_pix222_internal_aff_magsac_630.0_0.99_.csv
-185062.500,-36329.994,-158820.091,3156.248,-26242.409,-39486.242,642,73.08486628,13.70300871,73.32519133,14.06150114,band1,L8Ref,imw-minima-roma,internal,,magsac,630.0,0.99,22,0,0,imw-minima-roma_band1_toL8Ref_pair022_scan0_pix0_internal_aff_magsac_630.0_0.99_.csv
-183837.501,-39479.994,-157599.139,943.154,-26238.362,-40423.148,643,73.09640026,13.67461755,73.33662259,14.04156673,band1,L8Ref,imw-minima-roma,internal,,magsac,630.0,0.99,22,0,0,imw-minima-roma_band1_toL8Ref_pair022_scan0_pix0_internal_aff_magsac_630.0_0.99_.csv
-184537.503,-25830.000,-159878.900,11709.006,-24658.603,-37539.006,644,73.08901805,13.79794675,73.31489137,14.13874429,band1,L8Ref,imw-minima-roma,internal,,magsac,630.0,0.99,22,0,0,imw-minima-roma_band1_toL8Ref_pair022_scan0_pix0_internal_aff_magsac_630.0_0.99_.csv
-188737.506,-32760.000,-161686.526,5358.634,-27050.981,-38118.634,645,73.05064904,13.73503285,73.29852208,14.08124436,band1,L8Ref,imw-minima-roma,internal,,magsac,630.0,0.99,22,0,0,imw-minima-roma_band1_toL8Ref_pair022_scan0_pix0_internal_aff_magsac_630.0_0.99_.csv
-208512.499,-21839.994,-178243.886,12655.092,-30268.613,-34495.086,646,72.86699155,13.83234212,73.14473471,14.14619463,band1,L8Ref,imw-minima-roma,internal,,magsac,630.0,0.99,22,0,0,imw-minima-roma_band1_toL8Ref_pair022_scan0_pix0_internal_aff_magsac_630.0_0.99_.csv
-214637.501,-8399.997,-184890.196,22917.086,-29747.305,-31317.083,647,72.80929239,13.95335874,73.08248555,14.23851688,band1,L8Ref,imw-minima-roma,internal,,magsac,630.0,0.99,22,0,0,imw-minima-roma_band1_toL8Ref_pair022_scan0_pix0_internal_aff_magsac_630.0_0.99_.csv
-179637.503,-34860.006,-155507.506,5193.174,-24129.997,-40053.181,648,73.13492186,13.71664517,73.35574719,14.08009619,band1,L8Ref,imw-minima-roma,internal,,magsac,630.0,0.99,22,0,0,imw-minima-roma_band1_toL8Ref_pair022_scan0_pix0_internal_aff_magsac_630.0_0.99_.csv
-182962.503,-13020.003,-161237.482,22284.712,-21725.022,-35304.715,649,73.10273471,13.91383171,73.30168850,14.23425308,band1,L8Ref,imw-minima-roma,internal,,magsac,630.0,0.99,22,0,0,imw-minima-roma_band1_toL8Ref_pair022_scan0_pix0_internal_aff_magsac_630.0_0.99_.csv
-209562.503,-15750.000,-180059.001,17548.561,-29503.502,-33298.561,650,72.85681699,13.88730807,73.12760253,14.19030774,band1,L8Ref,imw-minima-roma,internal,,magsac,630.0,0.99,22,0,0,imw-minima-roma_band1_toL8Ref_pair022_scan0_pix0_internal_aff_magsac_630.0_0.99_.csv
-205712.501,-30240.000,-175078.602,5793.383,-30633.899,-36033.383,651,72.89351619,13.75662483,73.17448868,14.08437457,band1,L8Ref,imw-minima-roma,internal,,magsac,630.0,0.99,22,0,0,imw-minima-roma_band1_toL8Ref_pair022_scan0_pix0_internal_aff_magsac_630.0_0.99_.csv
-205012.503,-25200.000,-174760.521,10088.056,-30251.983,-35288.056,652,72.89961455,13.80222925,73.17716147,14.12321095,band1,L8Ref,imw-minima-roma,internal,,magsac,630.0,0.99,22,0,0,imw-minima-roma_band1_toL8Ref_pair022_scan0_pix0_internal_aff_magsac_630.0_0.99_.csv
-207637.497,-23520.006,-177315.430,11311.372,-30322.066,-34831.379,653,72.87521132,13.81722197,73.15342085,14.13410822,band1,L8Ref,imw-minima-roma,internal,,magsac,630.0,0.99,22,0,0,imw-minima-roma_band1_toL8Ref_pair022_scan0_pix0_internal_aff_magsac_630.0_0.99_.csv
-182962.503,-29819.997,-158254.229,8585.865,-24708.274,-38405.862,654,73.10384842,13.76198577,73.33011858,14.11060788,band1,L8Ref,imw-minima-roma,internal,,magsac,630.0,0.99,22,0,0,imw-minima-roma_band1_toL8Ref_pair022_scan0_pix0_internal_aff_magsac_630.0_0.99_.csv
-183837.501,-38010.006,-157764.705,2049.442,-26072.796,-40059.448,655,73.09630248,13.68790395,73.33502642,14.05155657,band1,L8Ref,imw-minima-roma,internal,,magsac,630.0,0.99,22,0,0,imw-minima-roma_band1_toL8Ref_pair022_scan0_pix0_internal_aff_magsac_630.0_0.99_.csv
-191187.499,-9870.003,-168497.992,23737.501,-22689.507,-33607.505,656,73.02641147,13.94175774,73.23432504,14.24695915,band1,L8Ref,imw-minima-roma,internal,,magsac,630.0,0.99,22,0,0,imw-minima-roma_band1_toL8Ref_pair022_scan0_pix0_internal_aff_magsac_630.0_0.99_.csv
-208862.501,-15959.997,-179640.867,17364.961,-29221.633,-33324.958,657,72.86330914,13.88546190,73.13148811,14.18867499,band1,L8Ref,imw-minima-roma,internal,,magsac,630.0,0.99,22,0,0,imw-minima-roma_band1_toL8Ref_pair022_scan0_pix0_internal_aff_magsac_630.0_0.99_.csv
-199937.497,-8190.000,-174837.401,23937.280,-25100.097,-32127.280,658,72.94531742,13.95633613,73.17556948,14.24837881,band1,L8Ref,imw-minima-roma,internal,,magsac,630.0,0.99,22,0,0,imw-minima-roma_band1_toL8Ref_pair022_scan0_pix0_internal_aff_magsac_630.0_0.99_.csv
-196087.500,-11340.000,-171425.378,22061.372,-24662.122,-33401.372,659,72.98117148,13.92813526,73.20730345,14.23163353,band1,L8Ref,imw-minima-roma,internal,,magsac,630.0,0.99,22,0,0,imw-minima-roma_band1_toL8Ref_pair022_scan0_pix0_internal_aff_magsac_630.0_0.99_.csv
-182262.501,-5249.997,-162710.756,28268.943,-19551.745,-33518.940,660,73.10869814,13.98410555,73.28768331,14.28825499,band1,L8Ref,imw-minima-roma,internal,,magsac,630.0,0.99,22,0,0,imw-minima-roma_band1_toL8Ref_pair022_scan0_pix0_internal_aff_magsac_630.0_0.99_.csv
-188912.497,-37800.000,-161267.753,1255.847,-27644.744,-39055.847,661,73.04937573,13.68946742,73.30263998,14.04418572,band1,L8Ref,imw-minima-roma,internal,,magsac,630.0,0.99,22,0,0,imw-minima-roma_band1_toL8Ref_pair022_scan0_pix0_internal_aff_magsac_630.0_0.99_.csv
-190487.497,-33599.997,-162672.448,4516.099,-27815.049,-38116.096,662,73.03452705,13.72732316,73.28944253,14.07357254,band1,L8Ref,imw-minima-roma,internal,,magsac,630.0,0.99,22,0,0,imw-minima-roma_band1_toL8Ref_pair022_scan0_pix0_internal_aff_magsac_630.0_0.99_.csv
-192762.499,-10499.994,-169363.531,23114.903,-23398.969,-33614.897,663,73.01188047,13.93595654,73.22634303,14.24128014,band1,L8Ref,imw-minima-roma,internal,,magsac,630.0,0.99,22,0,0,imw-minima-roma_band1_toL8Ref_pair022_scan0_pix0_internal_aff_magsac_630.0_0.99_.csv
-186987.501,-39269.997,-159807.725,461.781,-27179.776,-39731.778,664,73.06726965,13.67630896,73.31620325,14.03709168,band1,L8Ref,imw-minima-roma,internal,,magsac,630.0,0.99,22,0,0,imw-minima-roma_band1_toL8Ref_pair022_scan0_pix0_internal_aff_magsac_630.0_0.99_.csv
-212187.499,-24360.003,-181007.668,10186.753,-31179.831,-34546.756,665,72.83319319,13.80929164,73.11929823,14.12370908,band1,L8Ref,imw-minima-roma,internal,,magsac,630.0,0.99,22,0,0,imw-minima-roma_band1_toL8Ref_pair022_scan0_pix0_internal_aff_magsac_630.0_0.99_.csv
-182962.503,-4829.994,-163362.347,28471.345,-19600.156,-33301.339,666,73.10219124,13.98785642,73.28163235,14.29004665,band1,L8Ref,imw-minima-roma,internal,,magsac,630.0,0.99,22,0,0,imw-minima-roma_band1_toL8Ref_pair022_scan0_pix0_internal_aff_magsac_630.0_0.99_.csv
-203787.499,-13649.994,-176414.203,19424.708,-27373.296,-33074.702,667,72.91009088,13.90671140,73.16124769,14.20749513,band1,L8Ref,imw-minima-roma,internal,,magsac,630.0,0.99,22,0,0,imw-minima-roma_band1_toL8Ref_pair022_scan0_pix0_internal_aff_magsac_630.0_0.99_.csv
-198187.506,-6510.006,-174046.205,25253.372,-24141.302,-31763.378,668,72.96139205,13.97164393,73.18281769,14.26032281,band1,L8Ref,imw-minima-roma,internal,,magsac,630.0,0.99,22,0,0,imw-minima-roma_band1_toL8Ref_pair022_scan0_pix0_internal_aff_magsac_630.0_0.99_.csv
-216212.501,-7979.994,-186093.801,23041.623,-30118.700,-31021.617,669,72.79468379,13.95703468,73.07132460,14.23956328,band1,L8Ref,imw-minima-roma,internal,,magsac,630.0,0.99,22,0,0,imw-minima-roma_band1_toL8Ref_pair022_scan0_pix0_internal_aff_magsac_630.0_0.99_.csv
-196787.497,-9450.000,-172428.859,23368.726,-24358.638,-32818.726,670,72.97455923,13.94516911,73.19792355,14.24338845,band1,L8Ref,imw-minima-roma,internal,,magsac,630.0,0.99,22,0,0,imw-minima-roma_band1_toL8Ref_pair022_scan0_pix0_internal_aff_magsac_630.0_0.99_.csv
-214287.498,-23940.000,-182377.963,10581.974,-31909.535,-34521.974,671,72.81373849,13.81292926,73.10658130,14.12719295,band1,L8Ref,imw-minima-roma,internal,,magsac,630.0,0.99,22,0,0,imw-minima-roma_band1_toL8Ref_pair022_scan0_pix0_internal_aff_magsac_630.0_0.99_.csv
-186987.501,-21210.003,-162421.692,15028.503,-24565.809,-36238.506,672,73.06604693,13.83954325,73.29114420,14.16860166,band1,L8Ref,imw-minima-roma,internal,,magsac,630.0,0.99,22,0,0,imw-minima-roma_band1_toL8Ref_pair022_scan0_pix0_internal_aff_magsac_630.0_0.99_.csv
-186287.499,-9240.003,-165165.258,24770.182,-21122.241,-34010.185,673,73.07171355,13.94777951,73.26514520,14.25648991,band1,L8Ref,imw-minima-roma,internal,,magsac,630.0,0.99,22,0,0,imw-minima-roma_band1_toL8Ref_pair022_scan0_pix0_internal_aff_magsac_630.0_0.99_.csv
-175612.500,-9870.003,-156863.703,25366.209,-18748.797,-35236.213,674,73.17054308,13.94276951,73.34203942,14.26235100,band1,L8Ref,imw-minima-roma,internal,,magsac,630.0,0.99,22,0,0,imw-minima-roma_band1_toL8Ref_pair022_scan0_pix0_internal_aff_magsac_630.0_0.99_.csv
-186112.503,-19530.000,-162141.376,16440.158,-23971.127,-35970.158,675,73.07402728,13.85478565,73.29365764,14.18137674,band1,L8Ref,imw-minima-roma,internal,,magsac,630.0,0.99,22,0,0,imw-minima-roma_band1_toL8Ref_pair022_scan0_pix0_internal_aff_magsac_630.0_0.99_.csv
-178412.499,-27090.000,-156251.334,11233.218,-22161.165,-38323.218,676,73.14574512,13.78695175,73.34851686,14.13464723,band1,L8Ref,imw-minima-roma,internal,,magsac,630.0,0.99,22,0,0,imw-minima-roma_band1_toL8Ref_pair022_scan0_pix0_internal_aff_magsac_630.0_0.99_.csv
-187512.503,-29610.000,-161165.172,8162.093,-26347.330,-37772.093,677,73.06176123,13.76358552,73.30318557,14.10661289,band1,L8Ref,imw-minima-roma,internal,,magsac,630.0,0.99,22,0,0,imw-minima-roma_band1_toL8Ref_pair022_scan0_pix0_internal_aff_magsac_630.0_0.99_.csv
-207112.500,-23099.994,-176898.258,11627.314,-30214.242,-34727.308,678,72.88003548,13.82105675,73.15726429,14.13698999,band1,L8Ref,imw-minima-roma,internal,,magsac,630.0,0.99,22,0,0,imw-minima-roma_band1_toL8Ref_pair022_scan0_pix0_internal_aff_magsac_630.0_0.99_.csv
-193287.501,-7979.994,-170496.509,25004.548,-22790.992,-32984.541,679,73.00684558,13.95869739,73.21572761,14.25829080,band1,L8Ref,imw-minima-roma,internal,,magsac,630.0,0.99,22,0,0,imw-minima-roma_band1_toL8Ref_pair022_scan0_pix0_internal_aff_magsac_630.0_0.99_.csv
-191887.506,-11970.000,-168187.342,22009.462,-23700.164,-33979.462,680,73.02007973,13.92272963,73.23730929,14.23135935,band1,L8Ref,imw-minima-roma,internal,,magsac,630.0,0.99,22,0,0,imw-minima-roma_band1_toL8Ref_pair022_scan0_pix0_internal_aff_magsac_630.0_0.99_.csv
-197662.500,-10499.994,-172781.124,22487.143,-24881.376,-32987.137,681,72.96653712,13.93561774,73.19471479,14.23539898,band1,L8Ref,imw-minima-roma,internal,,magsac,630.0,0.99,22,0,0,imw-minima-roma_band1_toL8Ref_pair022_scan0_pix0_internal_aff_magsac_630.0_0.99_.csv
-178937.505,-27929.997,-156234.463,10542.945,-22703.042,-38472.941,682,73.14094439,13.77932626,73.34871229,14.12840923,band1,L8Ref,imw-minima-roma,internal,,magsac,630.0,0.99,22,0,0,imw-minima-roma_band1_toL8Ref_pair022_scan0_pix0_internal_aff_magsac_630.0_0.99_.csv
-202562.501,-8190.000,-176767.281,23920.976,-25795.220,-32110.976,683,72.92102420,13.95614900,73.15768759,14.24811113,band1,L8Ref,imw-minima-roma,internal,,magsac,630.0,0.99,22,0,0,imw-minima-roma_band1_toL8Ref_pair022_scan0_pix0_internal_aff_magsac_630.0_0.99_.csv
-188037.499,-35070.003,-160992.388,3587.547,-27045.112,-38657.550,684,73.05727834,13.71420068,73.30505310,14.06527628,band1,L8Ref,imw-minima-roma,internal,,magsac,630.0,0.99,22,0,0,imw-minima-roma_band1_toL8Ref_pair022_scan0_pix0_internal_aff_magsac_630.0_0.99_.csv
-178412.499,-27720.000,-156036.684,10743.338,-22375.815,-38463.338,685,73.14578583,13.78125751,73.35053268,14.13023141,band1,L8Ref,imw-minima-roma,internal,,magsac,630.0,0.99,22,0,0,imw-minima-roma_band1_toL8Ref_pair022_scan0_pix0_internal_aff_magsac_630.0_0.99_.csv
-199587.501,-11760.003,-173666.485,21312.267,-25921.016,-33072.270,686,72.94881488,13.92409386,73.18658536,14.22472583,band1,L8Ref,imw-minima-roma,internal,,magsac,630.0,0.99,22,0,0,imw-minima-roma_band1_toL8Ref_pair022_scan0_pix0_internal_aff_magsac_630.0_0.99_.csv
-186462.499,-32340.006,-160206.868,5988.566,-26255.632,-38328.573,687,73.07165477,13.73897998,73.31218659,14.08702233,band1,L8Ref,imw-minima-roma,internal,,magsac,630.0,0.99,22,0,0,imw-minima-roma_band1_toL8Ref_pair022_scan0_pix0_internal_aff_magsac_630.0_0.99_.csv
-188037.499,-9660.006,-166473.035,24262.902,-21564.465,-33922.908,688,73.05554726,13.94386733,73.25305713,14.25182811,band1,L8Ref,imw-minima-roma,internal,,magsac,630.0,0.99,22,0,0,imw-minima-roma_band1_toL8Ref_pair022_scan0_pix0_internal_aff_magsac_630.0_0.99_.csv
-182437.506,-22469.994,-159437.488,14543.064,-23000.018,-37013.058,689,73.10821729,13.82845243,73.31881555,14.16438439,band1,L8Ref,imw-minima-roma,internal,,magsac,630.0,0.99,22,0,0,imw-minima-roma_band1_toL8Ref_pair022_scan0_pix0_internal_aff_magsac_630.0_0.99_.csv
-179287.506,-32130.000,-155726.914,7282.760,-23560.593,-39412.760,690,73.13798040,13.74134247,73.35359739,14.09897057,band1,L8Ref,imw-minima-roma,internal,,magsac,630.0,0.99,22,0,0,imw-minima-roma_band1_toL8Ref_pair022_scan0_pix0_internal_aff_magsac_630.0_0.99_.csv
-215512.497,-23310.000,-183224.439,11172.368,-32288.058,-34482.368,691,72.80235959,13.81853024,73.09870240,14.13247425,band1,L8Ref,imw-minima-roma,internal,,magsac,630.0,0.99,22,0,0,imw-minima-roma_band1_toL8Ref_pair022_scan0_pix0_internal_aff_magsac_630.0_0.99_.csv
-214987.500,-24149.997,-182871.626,10346.435,-32115.874,-34496.432,692,72.80728070,13.81097805,73.10202490,14.12503212,band1,L8Ref,imw-minima-roma,internal,,magsac,630.0,0.99,22,0,0,imw-minima-roma_band1_toL8Ref_pair022_scan0_pix0_internal_aff_magsac_630.0_0.99_.csv
-212887.503,-22680.000,-181336.525,11773.942,-31550.978,-34453.942,693,72.82658955,13.82442347,73.11614802,14.13803344,band1,L8Ref,imw-minima-roma,internal,,magsac,630.0,0.99,22,0,0,imw-minima-roma_band1_toL8Ref_pair022_scan0_pix0_internal_aff_magsac_630.0_0.99_.csv
-202912.497,-15540.003,-175234.198,17883.931,-27678.299,-33423.934,694,72.91832592,13.88969178,73.17227824,14.19364281,band1,L8Ref,imw-minima-roma,internal,,magsac,630.0,0.99,22,0,0,imw-minima-roma_band1_toL8Ref_pair022_scan0_pix0_internal_aff_magsac_630.0_0.99_.csv
-183137.499,-7560.000,-163167.510,26375.578,-19969.989,-33935.578,695,73.10075287,13.96317017,73.28356249,14.27111608,band1,L8Ref,imw-minima-roma,internal,,magsac,630.0,0.99,22,0,0,imw-minima-roma_band1_toL8Ref_pair022_scan0_pix0_internal_aff_magsac_630.0_0.99_.csv
-183312.499,-21629.997,-160035.698,15152.242,-23276.801,-36782.239,696,73.10006828,13.83598806,73.31323890,14.16985645,band1,L8Ref,imw-minima-roma,internal,,magsac,630.0,0.99,22,0,0,imw-minima-roma_band1_toL8Ref_pair022_scan0_pix0_internal_aff_magsac_630.0_0.99_.csv
-202562.501,-12600.000,-175633.216,20380.946,-26929.284,-32980.946,697,72.92134815,13.91628978,73.16842226,14.21618656,band1,L8Ref,imw-minima-roma,internal,,magsac,630.0,0.99,22,0,0,imw-minima-roma_band1_toL8Ref_pair022_scan0_pix0_internal_aff_magsac_630.0_0.99_.csv
-204487.497,-15750.000,-176625.906,17594.732,-27861.590,-33344.732,698,72.90376979,13.88768013,73.15940381,14.19094215,band1,L8Ref,imw-minima-roma,internal,,magsac,630.0,0.99,22,0,0,imw-minima-roma_band1_toL8Ref_pair022_scan0_pix0_internal_aff_magsac_630.0_0.99_.csv
-184187.497,-9870.003,-163329.009,24519.666,-20858.488,-34389.669,699,73.09118959,13.94222310,73.28217607,14.25433267,band1,L8Ref,imw-minima-roma,internal,,magsac,630.0,0.99,22,0,0,imw-minima-roma_band1_toL8Ref_pair022_scan0_pix0_internal_aff_magsac_630.0_0.99_.csv
-207112.500,-28139.994,-176616.389,7433.714,-30496.111,-35573.707,700,72.88041356,13.77550325,73.16014394,14.09910459,band1,L8Ref,imw-minima-roma,internal,,magsac,630.0,0.99,22,0,0,imw-minima-roma_band1_toL8Ref_pair022_scan0_pix0_internal_aff_magsac_630.0_0.99_.csv
-199937.497,-9870.003,-174448.304,22701.716,-25489.194,-32571.719,701,72.94543924,13.94115163,73.17925337,14.23723567,band1,L8Ref,imw-minima-roma,internal,,magsac,630.0,0.99,22,0,0,imw-minima-roma_band1_toL8Ref_pair022_scan0_pix0_internal_aff_magsac_630.0_0.99_.csv
-180862.506,-23310.000,-158447.192,13971.175,-22415.315,-37281.175,702,73.12284026,13.82096136,73.32802161,14.15927128,band1,L8Ref,imw-minima-roma,internal,,magsac,630.0,0.99,22,0,0,imw-minima-roma_band1_toL8Ref_pair022_scan0_pix0_internal_aff_magsac_630.0_0.99_.csv
-184187.497,-39269.997,-157869.371,1018.953,-26318.126,-40288.950,703,73.09315114,13.67649281,73.33411642,14.04223673,band1,L8Ref,imw-minima-roma,internal,,magsac,630.0,0.99,22,0,0,imw-minima-roma_band1_toL8Ref_pair022_scan0_pix0_internal_aff_magsac_630.0_0.99_.csv
-201162.501,-7139.997,-176067.514,24641.992,-25094.987,-31781.989,704,72.93390395,13.96573941,73.16412570,14.25467157,band1,L8Ref,imw-minima-roma,internal,,magsac,630.0,0.99,22,0,0,imw-minima-roma_band1_toL8Ref_pair022_scan0_pix0_internal_aff_magsac_630.0_0.99_.csv
-203787.499,-15330.006,-176101.948,17981.282,-27685.552,-33311.288,705,72.91021500,13.89152680,73.16423304,14.19446864,band1,L8Ref,imw-minima-roma,internal,,magsac,630.0,0.99,22,0,0,imw-minima-roma_band1_toL8Ref_pair022_scan0_pix0_internal_aff_magsac_630.0_0.99_.csv
-203437.503,-11129.994,-176602.676,21530.271,-26834.827,-32660.265,706,72.91314336,13.92951334,73.15936637,14.22651383,band1,L8Ref,imw-minima-roma,internal,,magsac,630.0,0.99,22,0,0,imw-minima-roma_band1_toL8Ref_pair022_scan0_pix0_internal_aff_magsac_630.0_0.99_.csv
-183487.500,-33599.997,-157973.673,5605.045,-25513.827,-39205.042,707,73.09924498,13.72778636,73.33288777,14.08368183,band1,L8Ref,imw-minima-roma,internal,,magsac,630.0,0.99,22,0,0,imw-minima-roma_band1_toL8Ref_pair022_scan0_pix0_internal_aff_magsac_630.0_0.99_.csv
-202037.499,-15330.006,-174514.605,18158.758,-27522.894,-33488.764,708,72.92640592,13.89165255,73.17892723,14.19617138,band1,L8Ref,imw-minima-roma,internal,,magsac,630.0,0.99,22,0,0,imw-minima-roma_band1_toL8Ref_pair022_scan0_pix0_internal_aff_magsac_630.0_0.99_.csv
-183137.499,-3990.006,-163635.675,29061.076,-19501.824,-33051.083,709,73.10051569,13.99543720,73.27906403,14.29536086,band1,L8Ref,imw-minima-roma,internal,,magsac,630.0,0.99,22,0,0,imw-minima-roma_band1_toL8Ref_pair022_scan0_pix0_internal_aff_magsac_630.0_0.99_.csv
-185587.506,-2309.994,-166060.006,29983.072,-19527.501,-32293.066,710,73.07772489,14.01046177,73.25653899,14.30355220,band1,L8Ref,imw-minima-roma,internal,,magsac,630.0,0.99,22,0,0,imw-minima-roma_band1_toL8Ref_pair022_scan0_pix0_internal_aff_magsac_630.0_0.99_.csv
-183487.500,-10080.000,-162703.085,24445.194,-20784.415,-34525.194,711,73.09768136,13.94037064,73.28798068,14.25369576,band1,L8Ref,imw-minima-roma,internal,,magsac,630.0,0.99,22,0,0,imw-minima-roma_band1_toL8Ref_pair022_scan0_pix0_internal_aff_magsac_630.0_0.99_.csv
-179812.503,-5040.000,-160749.091,28820.885,-19063.412,-33860.885,712,73.13136095,13.98616072,73.30583174,14.29335606,band1,L8Ref,imw-minima-roma,internal,,magsac,630.0,0.99,22,0,0,imw-minima-roma_band1_toL8Ref_pair022_scan0_pix0_internal_aff_magsac_630.0_0.99_.csv
-202737.501,-6720.003,-177367.072,24835.301,-25370.430,-31555.304,713,72.91929655,13.96942279,73.15207075,14.25633727,band1,L8Ref,imw-minima-roma,internal,,magsac,630.0,0.99,22,0,0,imw-minima-roma_band1_toL8Ref_pair022_scan0_pix0_internal_aff_magsac_630.0_0.99_.csv
-186637.500,-37800.000,-159757.526,1561.763,-26879.974,-39361.763,714,73.07040557,13.68961857,73.31660421,14.04703661,band1,L8Ref,imw-minima-roma,internal,,magsac,630.0,0.99,22,0,0,imw-minima-roma_band1_toL8Ref_pair022_scan0_pix0_internal_aff_magsac_630.0_0.99_.csv
-206587.503,-17850.006,-177753.554,15864.212,-28833.949,-33714.219,715,72.88449824,13.86854662,73.14906902,14.17523045,band1,L8Ref,imw-minima-roma,internal,,magsac,630.0,0.99,22,0,0,imw-minima-roma_band1_toL8Ref_pair022_scan0_pix0_internal_aff_magsac_630.0_0.99_.csv
-183837.501,-40109.994,-157554.708,485.343,-26282.793,-40595.337,716,73.09644216,13.66892333,73.33706012,14.03743132,band1,L8Ref,imw-minima-roma,internal,,magsac,630.0,0.99,22,0,0,imw-minima-roma_band1_toL8Ref_pair022_scan0_pix0_internal_aff_magsac_630.0_0.99_.csv
-186462.499,-34020.000,-160033.429,4618.593,-26429.070,-38638.593,717,73.07176817,13.72379544,73.31387221,14.07464983,band1,L8Ref,imw-minima-roma,internal,,magsac,630.0,0.99,22,0,0,imw-minima-roma_band1_toL8Ref_pair022_scan0_pix0_internal_aff_magsac_630.0_0.99_.csv
-178762.500,-7350.003,-159634.921,27027.390,-19127.579,-34377.393,718,73.14122938,13.96534864,73.31626223,14.27720950,band1,L8Ref,imw-minima-roma,internal,,magsac,630.0,0.99,22,0,0,imw-minima-roma_band1_toL8Ref_pair022_scan0_pix0_internal_aff_magsac_630.0_0.99_.csv
-195737.499,-7979.994,-172022.526,24588.592,-23714.973,-32568.585,719,72.98417168,13.95852858,73.20161239,14.25443862,band1,L8Ref,imw-minima-roma,internal,,magsac,630.0,0.99,22,0,0,imw-minima-roma_band1_toL8Ref_pair022_scan0_pix0_internal_aff_magsac_630.0_0.99_.csv
-184537.503,-2939.994,-165013.598,29663.275,-19523.905,-32603.269,720,73.08748671,14.00483644,73.26625692,14.30072329,band1,L8Ref,imw-minima-roma,internal,,magsac,630.0,0.99,22,0,0,imw-minima-roma_band1_toL8Ref_pair022_scan0_pix0_internal_aff_magsac_630.0_0.99_.csv
-209212.497,-22050.000,-178767.955,12555.809,-30444.541,-34605.809,721,72.86053281,13.83039224,73.13988711,14.14526412,band1,L8Ref,imw-minima-roma,internal,,magsac,630.0,0.99,22,0,0,imw-minima-roma_band1_toL8Ref_pair022_scan0_pix0_internal_aff_magsac_630.0_0.99_.csv
-178587.499,-8399.997,-159301.012,26246.225,-19286.487,-34646.222,722,73.14291702,13.95586944,73.31940201,14.27016809,band1,L8Ref,imw-minima-roma,internal,,magsac,630.0,0.99,22,0,0,imw-minima-roma_band1_toL8Ref_pair022_scan0_pix0_internal_aff_magsac_630.0_0.99_.csv
-203087.497,-8190.000,-177042.011,23955.756,-26045.486,-32145.756,723,72.91616560,13.95611128,73.15513960,14.24840824,band1,L8Ref,imw-minima-roma,internal,,magsac,630.0,0.99,22,0,0,imw-minima-roma_band1_toL8Ref_pair022_scan0_pix0_internal_aff_magsac_630.0_0.99_.csv
-182962.503,-35700.003,-157400.505,4093.875,-25561.998,-39793.878,724,73.10423787,13.70883958,73.33828154,14.07005533,band1,L8Ref,imw-minima-roma,internal,,magsac,630.0,0.99,22,0,0,imw-minima-roma_band1_toL8Ref_pair022_scan0_pix0_internal_aff_magsac_630.0_0.99_.csv
-171237.501,-3150.000,-155510.755,31353.137,-15726.746,-34503.137,725,73.21061228,14.00377655,73.35423849,14.31653672,band1,L8Ref,imw-minima-roma,internal,,magsac,630.0,0.99,22,0,0,imw-minima-roma_band1_toL8Ref_pair022_scan0_pix0_internal_aff_magsac_630.0_0.99_.csv
-205012.503,-23730.003,-174948.388,11193.055,-30064.115,-34923.058,726,72.89950538,13.81551567,73.17535135,14.13318663,band1,L8Ref,imw-minima-roma,internal,,magsac,630.0,0.99,22,0,0,imw-minima-roma_band1_toL8Ref_pair022_scan0_pix0_internal_aff_magsac_630.0_0.99_.csv
-177537.501,-17010.000,-157250.965,19452.798,-20286.536,-36462.798,727,73.15318856,13.87811463,73.33878878,14.20888270,band1,L8Ref,imw-minima-roma,internal,,magsac,630.0,0.99,22,0,0,imw-minima-roma_band1_toL8Ref_pair022_scan0_pix0_internal_aff_magsac_630.0_0.99_.csv
-190662.503,-38639.997,-162345.240,353.298,-28317.263,-38993.295,728,73.03325683,13.68175765,73.29271760,14.03596633,band1,L8Ref,imw-minima-roma,internal,,magsac,630.0,0.99,22,0,0,imw-minima-roma_band1_toL8Ref_pair022_scan0_pix0_internal_aff_magsac_630.0_0.99_.csv
-201162.501,-7769.997,-175859.776,24180.845,-25302.725,-31950.842,729,72.93394992,13.96004525,73.16608021,14.25051662,band1,L8Ref,imw-minima-roma,internal,,magsac,630.0,0.99,22,0,0,imw-minima-roma_band1_toL8Ref_pair022_scan0_pix0_internal_aff_magsac_630.0_0.99_.csv
-216912.499,-6720.003,-186947.222,23526.976,-29965.276,-30246.979,730,72.78810651,13.96836917,73.06338383,14.24389351,band1,L8Ref,imw-minima-roma,internal,,magsac,630.0,0.99,22,0,0,imw-minima-roma_band1_toL8Ref_pair022_scan0_pix0_internal_aff_magsac_630.0_0.99_.csv
-192237.503,-7350.003,-169911.431,25608.804,-22326.072,-32958.807,731,73.01651905,13.96446318,73.22111205,14.26378748,band1,L8Ref,imw-minima-roma,internal,,magsac,630.0,0.99,22,0,0,imw-minima-roma_band1_toL8Ref_pair022_scan0_pix0_internal_aff_magsac_630.0_0.99_.csv
-207987.503,-19109.997,-178398.704,14921.760,-29588.798,-34031.757,732,72.87164180,13.85705559,73.14315383,14.16667159,band1,L8Ref,imw-minima-roma,internal,,magsac,630.0,0.99,22,0,0,imw-minima-roma_band1_toL8Ref_pair022_scan0_pix0_internal_aff_magsac_630.0_0.99_.csv
-171762.503,-7979.994,-155135.164,27312.513,-16627.339,-35292.507,733,73.20605355,13.96008911,73.35794792,14.28003769,band1,L8Ref,imw-minima-roma,internal,,magsac,630.0,0.99,22,0,0,imw-minima-roma_band1_toL8Ref_pair022_scan0_pix0_internal_aff_magsac_630.0_0.99_.csv
-182612.497,-9240.003,-162358.544,25165.758,-20253.953,-34405.762,734,73.10572297,13.94801962,73.29113085,14.26022822,band1,L8Ref,imw-minima-roma,internal,,magsac,630.0,0.99,22,0,0,imw-minima-roma_band1_toL8Ref_pair022_scan0_pix0_internal_aff_magsac_630.0_0.99_.csv
-181912.500,-31290.003,-157298.232,7589.329,-24614.268,-38879.333,735,73.11365442,13.74876697,73.33902886,14.10165429,band1,L8Ref,imw-minima-roma,internal,,magsac,630.0,0.99,22,0,0,imw-minima-roma_band1_toL8Ref_pair022_scan0_pix0_internal_aff_magsac_630.0_0.99_.csv
-195387.503,-36750.006,-165619.873,1548.285,-29767.630,-38298.292,736,72.98944736,13.69851749,73.26232973,14.04657683,band1,L8Ref,imw-minima-roma,internal,,magsac,630.0,0.99,22,0,0,imw-minima-roma_band1_toL8Ref_pair022_scan0_pix0_internal_aff_magsac_630.0_0.99_.csv
-209912.499,-19109.997,-179693.652,14992.022,-30218.847,-34102.018,737,72.85383453,13.85691317,73.13115406,14.16722443,band1,L8Ref,imw-minima-roma,internal,,magsac,630.0,0.99,22,0,0,imw-minima-roma_band1_toL8Ref_pair022_scan0_pix0_internal_aff_magsac_630.0_0.99_.csv
-208687.500,-20370.006,-178654.719,13889.003,-30032.781,-34259.009,738,72.86526172,13.84561551,73.14084939,14.15732106,band1,L8Ref,imw-minima-roma,internal,,magsac,630.0,0.99,22,0,0,imw-minima-roma_band1_toL8Ref_pair022_scan0_pix0_internal_aff_magsac_630.0_0.99_.csv
-183312.499,-18479.997,-160437.283,17761.105,-22875.217,-36241.102,739,73.09985904,13.86445918,73.30936682,14.19341327,band1,L8Ref,imw-minima-roma,internal,,magsac,630.0,0.99,22,0,0,imw-minima-roma_band1_toL8Ref_pair022_scan0_pix0_internal_aff_magsac_630.0_0.99_.csv
-190662.503,-39479.994,-162319.785,-294.784,-28342.718,-39185.210,740,73.03331478,13.67416540,73.29299144,14.03011016,band1,L8Ref,imw-minima-roma,internal,,magsac,630.0,0.99,22,0,0,imw-minima-roma_band1_toL8Ref_pair022_scan0_pix0_internal_aff_magsac_630.0_0.99_.csv
-184187.497,-27720.000,-159344.684,10163.585,-24842.813,-37883.585,741,73.09238107,13.78088691,73.31992872,14.12480649,band1,L8Ref,imw-minima-roma,internal,,magsac,630.0,0.99,22,0,0,imw-minima-roma_band1_toL8Ref_pair022_scan0_pix0_internal_aff_magsac_630.0_0.99_.csv
-182612.497,420.003,-164022.705,32680.990,-18589.792,-32260.987,742,73.10508296,14.03533056,73.27526091,14.32805552,band1,L8Ref,imw-minima-roma,internal,,magsac,630.0,0.99,22,0,0,imw-minima-roma_band1_toL8Ref_pair022_scan0_pix0_internal_aff_magsac_630.0_0.99_.csv
-209037.501,-20160.000,-178962.528,14081.340,-30074.973,-34241.340,743,72.86200828,13.84748774,73.13798575,14.15903994,band1,L8Ref,imw-minima-roma,internal,,magsac,630.0,0.99,22,0,0,imw-minima-roma_band1_toL8Ref_pair022_scan0_pix0_internal_aff_magsac_630.0_0.99_.csv
-206587.503,-21210.003,-176733.837,13065.386,-29853.666,-34275.390,744,72.88474977,13.83817767,73.15869481,14.14999800,band1,L8Ref,imw-minima-roma,internal,,magsac,630.0,0.99,22,0,0,imw-minima-roma_band1_toL8Ref_pair022_scan0_pix0_internal_aff_magsac_630.0_0.99_.csv
-189437.499,-8190.000,-167791.496,25256.169,-21646.003,-33446.169,745,73.04249055,13.95706025,73.24077899,14.26072727,band1,L8Ref,imw-minima-roma,internal,,magsac,630.0,0.99,22,0,0,imw-minima-roma_band1_toL8Ref_pair022_scan0_pix0_internal_aff_magsac_630.0_0.99_.csv
-204487.497,-14069.997,-176960.950,18955.525,-27526.547,-33025.522,746,72.90364526,13.90286464,73.15621243,14.20322029,band1,L8Ref,imw-minima-roma,internal,,magsac,630.0,0.99,22,0,0,imw-minima-roma_band1_toL8Ref_pair022_scan0_pix0_internal_aff_magsac_630.0_0.99_.csv
-214812.499,-22680.000,-182693.699,11768.674,-32118.801,-34448.674,747,72.80878483,13.82427773,73.10357837,14.13789825,band1,L8Ref,imw-minima-roma,internal,,magsac,630.0,0.99,22,0,0,imw-minima-roma_band1_toL8Ref_pair022_scan0_pix0_internal_aff_magsac_630.0_0.99_.csv
-198362.497,-6720.003,-174100.422,25094.853,-24262.075,-31814.856,748,72.95978759,13.96973361,73.18232530,14.25888675,band1,L8Ref,imw-minima-roma,internal,,magsac,630.0,0.99,22,0,0,imw-minima-roma_band1_toL8Ref_pair022_scan0_pix0_internal_aff_magsac_630.0_0.99_.csv
-171937.503,-5040.000,-155674.696,29666.491,-16262.807,-34706.491,749,73.20425058,13.98665139,73.35281442,14.30128356,band1,L8Ref,imw-minima-roma,internal,,magsac,630.0,0.99,22,0,0,imw-minima-roma_band1_toL8Ref_pair022_scan0_pix0_internal_aff_magsac_630.0_0.99_.csv
-204137.501,-10080.000,-177341.116,22424.610,-26796.384,-32504.610,750,72.90658823,13.93895304,73.15246672,14.23455069,band1,L8Ref,imw-minima-roma,internal,,magsac,630.0,0.99,22,0,0,imw-minima-roma_band1_toL8Ref_pair022_scan0_pix0_internal_aff_magsac_630.0_0.99_.csv
-186812.505,-28980.000,-160794.551,8758.525,-26017.954,-37738.525,751,73.06819140,13.76932611,73.30658295,14.11202479,band1,L8Ref,imw-minima-roma,internal,,magsac,630.0,0.99,22,0,0,imw-minima-roma_band1_toL8Ref_pair022_scan0_pix0_internal_aff_magsac_630.0_0.99_.csv
-194687.501,-5879.997,-171850.015,26259.530,-22837.486,-32139.527,752,72.99374076,13.97758175,73.20310656,14.26955134,band1,L8Ref,imw-minima-roma,internal,,magsac,630.0,0.99,22,0,0,imw-minima-roma_band1_toL8Ref_pair022_scan0_pix0_internal_aff_magsac_630.0_0.99_.csv
-192587.499,-37800.000,-163707.561,778.089,-28879.938,-38578.089,753,73.01540445,13.68921939,73.28008020,14.03972706,band1,L8Ref,imw-minima-roma,internal,,magsac,630.0,0.99,22,0,0,imw-minima-roma_band1_toL8Ref_pair022_scan0_pix0_internal_aff_magsac_630.0_0.99_.csv
-214287.498,-23099.994,-182324.774,11411.473,-31962.724,-34511.467,754,72.81367329,13.82052155,73.10701897,14.13469364,band1,L8Ref,imw-minima-roma,internal,,magsac,630.0,0.99,22,0,0,imw-minima-roma_band1_toL8Ref_pair022_scan0_pix0_internal_aff_magsac_630.0_0.99_.csv
-180512.505,-18690.003,-158910.780,17811.564,-21601.725,-36501.567,755,73.12577531,13.86274140,73.32350571,14.19395576,band1,L8Ref,imw-minima-roma,internal,,magsac,630.0,0.99,22,0,0,imw-minima-roma_band1_toL8Ref_pair022_scan0_pix0_internal_aff_magsac_630.0_0.99_.csv
-206412.503,-14280.003,-178523.799,18617.165,-27888.704,-32897.168,756,72.88585007,13.90082646,73.14175532,14.20006362,band1,L8Ref,imw-minima-roma,internal,,magsac,630.0,0.99,22,0,0,imw-minima-roma_band1_toL8Ref_pair022_scan0_pix0_internal_aff_magsac_630.0_0.99_.csv
-207987.503,-14700.006,-179366.612,18273.893,-28620.891,-32973.900,757,72.87130935,13.89691475,73.13396954,14.19690758,band1,L8Ref,imw-minima-roma,internal,,magsac,630.0,0.99,22,0,0,imw-minima-roma_band1_toL8Ref_pair022_scan0_pix0_internal_aff_magsac_630.0_0.99_.csv
-113487.498,-50609.997,-135355.504,-31552.920,21868.006,-19057.077,758,73.74713520,13.57771837,73.54415161,13.74900441,band1,L8Ref,imw-minima-roma,internal,,magsac,630.0,0.99,23,0,0,imw-minima-roma_band1_toL8Ref_pair023_scan0_pix0_internal_aff_magsac_630.0_0.99_.csv
-107012.502,-42000.013,-131289.122,-26279.583,24276.620,-15720.430,759,73.80662831,13.65579285,73.58150032,13.79685972,band1,L8Ref,imw-minima-roma,internal,,magsac,630.0,0.99,23,0,0,imw-minima-roma_band1_toL8Ref_pair023_scan0_pix0_internal_aff_magsac_630.0_0.99_.csv
-122412.501,-39479.994,-141111.252,-25321.624,18698.751,-14158.369,760,73.66417929,13.67794527,73.49061331,13.80504473,band1,L8Ref,imw-minima-roma,internal,,magsac,630.0,0.99,23,0,0,imw-minima-roma_band1_toL8Ref_pair023_scan0_pix0_internal_aff_magsac_630.0_0.99_.csv
-107887.500,-55649.997,-131510.635,-33093.481,23623.135,-22556.516,761,73.79907341,13.53238331,73.57977617,13.73526150,band1,L8Ref,imw-minima-roma,internal,,magsac,630.0,0.99,23,0,0,imw-minima-roma_band1_toL8Ref_pair023_scan0_pix0_internal_aff_magsac_630.0_0.99_.csv
-104037.498,-38220.003,-129504.500,-24210.790,25467.002,-14009.214,762,73.83398315,13.69006991,73.59790803,13.81564103,band1,L8Ref,imw-minima-roma,internal,,magsac,630.0,0.99,23,0,0,imw-minima-roma_band1_toL8Ref_pair023_scan0_pix0_internal_aff_magsac_630.0_0.99_.csv
-126787.500,-51870.006,-143756.472,-32159.079,16968.972,-19710.927,763,73.62430680,13.56576468,73.46650461,13.74311068,band1,L8Ref,imw-minima-roma,internal,,magsac,630.0,0.99,23,0,0,imw-minima-roma_band1_toL8Ref_pair023_scan0_pix0_internal_aff_magsac_630.0_0.99_.csv
-119437.487,-41580.000,-139284.275,-26363.495,19846.788,-15216.505,764,73.69176981,13.65909148,73.50756291,13.79571839,band1,L8Ref,imw-minima-roma,internal,,magsac,630.0,0.99,23,0,0,imw-minima-roma_band1_toL8Ref_pair023_scan0_pix0_internal_aff_magsac_630.0_0.99_.csv
-109987.487,-84629.987,-132005.437,-48915.276,22017.950,-35714.711,765,73.78082475,13.27036943,73.57595690,13.59223231,band1,L8Ref,imw-minima-roma,internal,,magsac,630.0,0.99,23,0,0,imw-minima-roma_band1_toL8Ref_pair023_scan0_pix0_internal_aff_magsac_630.0_0.99_.csv
-102462.498,-68670.000,-127764.079,-39998.069,25301.581,-28671.931,766,73.84967026,13.41490384,73.61473557,13.67302577,band1,L8Ref,imw-minima-roma,internal,,magsac,630.0,0.99,23,0,0,imw-minima-roma_band1_toL8Ref_pair023_scan0_pix0_internal_aff_magsac_630.0_0.99_.csv
-131337.495,-45779.994,-146882.727,-28833.637,15545.233,-16946.357,767,73.58197988,13.62060177,73.43742196,13.77300706,band1,L8Ref,imw-minima-roma,internal,,magsac,630.0,0.99,23,0,0,imw-minima-roma_band1_toL8Ref_pair023_scan0_pix0_internal_aff_magsac_630.0_0.99_.csv
-100887.498,-69300.000,-126826.933,-40438.798,25939.435,-28861.202,768,73.86423533,13.40926621,73.62341818,13.66908442,band1,L8Ref,imw-minima-roma,internal,,magsac,630.0,0.99,23,0,0,imw-minima-roma_band1_toL8Ref_pair023_scan0_pix0_internal_aff_magsac_630.0_0.99_.csv
-118212.498,-49350.006,-138381.774,-30781.685,20169.277,-18568.321,769,73.70342437,13.58891327,73.51613088,13.75582867,band1,L8Ref,imw-minima-roma,internal,,magsac,630.0,0.99,23,0,0,imw-minima-roma_band1_toL8Ref_pair023_scan0_pix0_internal_aff_magsac_630.0_0.99_.csv
-110687.499,-72450.000,-132826.775,-42855.890,22139.276,-29594.110,770,73.77387920,13.38042887,73.56807657,13.64696182,band1,L8Ref,imw-minima-roma,internal,,magsac,630.0,0.99,23,0,0,imw-minima-roma_band1_toL8Ref_pair023_scan0_pix0_internal_aff_magsac_630.0_0.99_.csv
-99487.494,-72030.006,-125921.385,-42146.929,26433.891,-29883.078,771,73.87725942,13.38464082,73.63186617,13.65368585,band1,L8Ref,imw-minima-roma,internal,,magsac,630.0,0.99,23,0,0,imw-minima-roma_band1_toL8Ref_pair023_scan0_pix0_internal_aff_magsac_630.0_0.99_.csv
-125737.487,-48090.006,-143167.933,-30136.386,17430.445,-17953.621,772,73.63383612,13.59997722,73.47184148,13.76142278,band1,L8Ref,imw-minima-roma,internal,,magsac,630.0,0.99,23,0,0,imw-minima-roma_band1_toL8Ref_pair023_scan0_pix0_internal_aff_magsac_630.0_0.99_.csv
-98612.505,-78750.000,-125243.723,-45963.708,26631.218,-32786.292,773,73.88557631,13.32393358,73.63830243,13.61921778,band1,L8Ref,imw-minima-roma,internal,,magsac,630.0,0.99,23,0,0,imw-minima-roma_band1_toL8Ref_pair023_scan0_pix0_internal_aff_magsac_630.0_0.99_.csv
-139912.487,-43680.006,-152198.160,-27944.897,12285.673,-15735.109,774,73.50262997,13.63917120,73.38821944,13.78075862,band1,L8Ref,imw-minima-roma,internal,,magsac,630.0,0.99,23,0,0,imw-minima-roma_band1_toL8Ref_pair023_scan0_pix0_internal_aff_magsac_630.0_0.99_.csv
-142362.495,-49140.000,-154039.614,-30690.717,11677.120,-18449.283,775,73.48026813,13.58969864,73.37134351,13.75584064,band1,L8Ref,imw-minima-roma,internal,,magsac,630.0,0.99,23,0,0,imw-minima-roma_band1_toL8Ref_pair023_scan0_pix0_internal_aff_magsac_630.0_0.99_.csv
-102812.499,-70770.006,-127960.569,-41465.514,25148.070,-29304.493,776,73.84651661,13.39591038,73.61298727,13.65975329,band1,L8Ref,imw-minima-roma,internal,,magsac,630.0,0.99,23,0,0,imw-minima-roma_band1_toL8Ref_pair023_scan0_pix0_internal_aff_magsac_630.0_0.99_.csv
-110162.502,-47459.997,-133235.445,-29717.306,23072.943,-17742.691,777,73.77773132,13.60632134,73.56366598,13.76569650,band1,L8Ref,imw-minima-roma,internal,,magsac,630.0,0.99,23,0,0,imw-minima-roma_band1_toL8Ref_pair023_scan0_pix0_internal_aff_magsac_630.0_0.99_.csv
-103687.487,-54810.000,-129012.284,-32515.262,25324.796,-22294.738,778,73.83784075,13.54013275,73.60284857,13.74060295,band1,L8Ref,imw-minima-roma,internal,,magsac,630.0,0.99,23,0,0,imw-minima-roma_band1_toL8Ref_pair023_scan0_pix0_internal_aff_magsac_630.0_0.99_.csv
-118562.499,-39899.997,-138769.439,-25307.277,20206.940,-14592.720,779,73.69978512,13.67431316,73.51227116,13.80529042,band1,L8Ref,imw-minima-roma,internal,,magsac,630.0,0.99,23,0,0,imw-minima-roma_band1_toL8Ref_pair023_scan0_pix0_internal_aff_magsac_630.0_0.99_.csv
-117162.495,-44939.997,-137847.780,-28225.252,20685.285,-16714.745,780,73.71293958,13.62881711,73.52094095,13.77896125,band1,L8Ref,imw-minima-roma,internal,,magsac,630.0,0.99,23,0,0,imw-minima-roma_band1_toL8Ref_pair023_scan0_pix0_internal_aff_magsac_630.0_0.99_.csv
-105087.501,-52499.997,-130081.897,-31930.477,24994.396,-20569.520,781,73.82481955,13.56096015,73.59293131,13.74583954,band1,L8Ref,imw-minima-roma,internal,,magsac,630.0,0.99,23,0,0,imw-minima-roma_band1_toL8Ref_pair023_scan0_pix0_internal_aff_magsac_630.0_0.99_.csv
-140787.495,-42000.013,-152769.732,-27161.218,11982.237,-14838.795,782,73.49445761,13.65431243,73.38289039,13.78781107,band1,L8Ref,imw-minima-roma,internal,,magsac,630.0,0.99,23,0,0,imw-minima-roma_band1_toL8Ref_pair023_scan0_pix0_internal_aff_magsac_630.0_0.99_.csv
-117687.501,-50819.994,-138079.819,-31612.718,20392.318,-19207.276,783,73.70833789,13.57564862,73.51896451,13.74833210,band1,L8Ref,imw-minima-roma,internal,,magsac,630.0,0.99,23,0,0,imw-minima-roma_band1_toL8Ref_pair023_scan0_pix0_internal_aff_magsac_630.0_0.99_.csv
-126612.495,-55859.994,-143559.683,-34433.490,16947.188,-21426.503,784,73.62610627,13.52970898,73.46844234,13.72256331,band1,L8Ref,imw-minima-roma,internal,,magsac,630.0,0.99,23,0,0,imw-minima-roma_band1_toL8Ref_pair023_scan0_pix0_internal_aff_magsac_630.0_0.99_.csv
-133437.501,-47250.000,-148321.703,-29666.453,14884.202,-17583.547,785,73.56264411,13.60721673,73.42416000,13.76540444,band1,L8Ref,imw-minima-roma,internal,,magsac,630.0,0.99,23,0,0,imw-minima-roma_band1_toL8Ref_pair023_scan0_pix0_internal_aff_magsac_630.0_0.99_.csv
-98262.495,-69719.994,-125194.658,-40658.562,26932.164,-29061.432,786,73.88848654,13.40556250,73.63851560,13.66717084,band1,L8Ref,imw-minima-roma,internal,,magsac,630.0,0.99,23,0,0,imw-minima-roma_band1_toL8Ref_pair023_scan0_pix0_internal_aff_magsac_630.0_0.99_.csv
-104212.494,-41580.000,-129533.849,-25906.005,25321.355,-15673.995,787,73.83249216,13.65969379,73.59771613,13.80031735,band1,L8Ref,imw-minima-roma,internal,,magsac,630.0,0.99,23,0,0,imw-minima-roma_band1_toL8Ref_pair023_scan0_pix0_internal_aff_magsac_630.0_0.99_.csv
-129937.500,-45779.994,-145944.389,-28855.761,16006.889,-16924.232,788,73.59491761,13.62066646,73.44610025,13.77285571,band1,L8Ref,imw-minima-roma,internal,,magsac,630.0,0.99,23,0,0,imw-minima-roma_band1_toL8Ref_pair023_scan0_pix0_internal_aff_magsac_630.0_0.99_.csv
-101587.500,-72660.006,-127203.600,-42672.402,25616.100,-29987.605,789,73.85789550,13.37887202,73.62003935,13.64887893,band1,L8Ref,imw-minima-roma,internal,,magsac,630.0,0.99,23,0,0,imw-minima-roma_band1_toL8Ref_pair023_scan0_pix0_internal_aff_magsac_630.0_0.99_.csv
-119612.502,-54390.006,-139102.666,-33510.245,19490.164,-20879.762,790,73.69070622,13.54330019,73.50960245,13.73113103,band1,L8Ref,imw-minima-roma,internal,,magsac,630.0,0.99,23,0,0,imw-minima-roma_band1_toL8Ref_pair023_scan0_pix0_internal_aff_magsac_630.0_0.99_.csv
-109987.487,-46200.006,-133141.506,-28953.497,23154.019,-17246.510,791,73.77929847,13.61771667,73.56449781,13.77260466,band1,L8Ref,imw-minima-roma,internal,,magsac,630.0,0.99,23,0,0,imw-minima-roma_band1_toL8Ref_pair023_scan0_pix0_internal_aff_magsac_630.0_0.99_.csv
-139737.501,-38849.994,-152313.632,-25963.025,12576.131,-12886.968,792,73.50400302,13.68283612,73.38704227,13.79866560,band1,L8Ref,imw-minima-roma,internal,,magsac,630.0,0.99,23,0,0,imw-minima-roma_band1_toL8Ref_pair023_scan0_pix0_internal_aff_magsac_630.0_0.99_.csv
-94937.499,-76230.000,-122983.900,-44705.179,28046.401,-31524.821,793,73.91940836,13.34683589,73.65912998,13.63069227,band1,L8Ref,imw-minima-roma,internal,,magsac,630.0,0.99,23,0,0,imw-minima-roma_band1_toL8Ref_pair023_scan0_pix0_internal_aff_magsac_630.0_0.99_.csv
-148137.498,-44519.994,-157549.498,-28934.362,9412.000,-15585.631,794,73.42665964,13.63115992,73.33878873,13.77152196,band1,L8Ref,imw-minima-roma,internal,,magsac,630.0,0.99,23,0,0,imw-minima-roma_band1_toL8Ref_pair023_scan0_pix0_internal_aff_magsac_630.0_0.99_.csv
-124337.502,-50189.994,-142288.849,-31291.522,17951.347,-18898.472,795,73.64686702,13.58105831,73.48002977,13.75102643,band1,L8Ref,imw-minima-roma,internal,,magsac,630.0,0.99,23,0,0,imw-minima-roma_band1_toL8Ref_pair023_scan0_pix0_internal_aff_magsac_630.0_0.99_.csv
-139212.495,-27509.994,-151924.958,-20135.727,12712.463,-7374.267,796,73.50828456,13.78535924,73.39031613,13.85135673,band1,L8Ref,imw-minima-roma,internal,,magsac,630.0,0.99,23,0,0,imw-minima-roma_band1_toL8Ref_pair023_scan0_pix0_internal_aff_magsac_630.0_0.99_.csv
-103337.505,-43680.006,-128954.394,-27077.277,25616.889,-16602.729,797,73.84065807,13.64074480,73.60312990,13.78975724,band1,L8Ref,imw-minima-roma,internal,,magsac,630.0,0.99,23,0,0,imw-minima-roma_band1_toL8Ref_pair023_scan0_pix0_internal_aff_magsac_630.0_0.99_.csv
-99837.495,-80220.006,-126020.582,-47116.869,26183.087,-33103.137,798,73.87432325,13.31060423,73.63117586,13.60876036,band1,L8Ref,imw-minima-roma,internal,,magsac,630.0,0.99,23,0,0,imw-minima-roma_band1_toL8Ref_pair023_scan0_pix0_internal_aff_magsac_630.0_0.99_.csv
-124337.502,-43890.003,-142263.682,-27868.411,17926.180,-16021.592,799,73.64658376,13.63800108,73.48008613,13.78196766,band1,L8Ref,imw-minima-roma,internal,,magsac,630.0,0.99,23,0,0,imw-minima-roma_band1_toL8Ref_pair023_scan0_pix0_internal_aff_magsac_630.0_0.99_.csv
-124687.494,-47459.997,-142479.851,-29824.174,17792.357,-17635.823,800,73.64351014,13.60571809,73.47818798,13.76427951,band1,L8Ref,imw-minima-roma,internal,,magsac,630.0,0.99,23,0,0,imw-minima-roma_band1_toL8Ref_pair023_scan0_pix0_internal_aff_magsac_630.0_0.99_.csv
-91787.499,-26670.006,-121481.921,-17797.697,29694.422,-8872.309,801,73.94683966,13.79489046,73.67182732,13.87396271,band1,L8Ref,imw-minima-roma,internal,,magsac,630.0,0.99,23,0,0,imw-minima-roma_band1_toL8Ref_pair023_scan0_pix0_internal_aff_magsac_630.0_0.99_.csv
-96862.500,-70140.006,-124327.370,-40854.519,27464.870,-29285.488,802,73.90142699,13.40181450,73.64654089,13.66543795,band1,L8Ref,imw-minima-roma,internal,,magsac,630.0,0.99,23,0,0,imw-minima-roma_band1_toL8Ref_pair023_scan0_pix0_internal_aff_magsac_630.0_0.99_.csv
-97912.513,-70140.006,-124973.654,-40903.353,27061.142,-29236.654,803,73.89173267,13.40177837,73.64056944,13.66496805,band1,L8Ref,imw-minima-roma,internal,,magsac,630.0,0.99,23,0,0,imw-minima-roma_band1_toL8Ref_pair023_scan0_pix0_internal_aff_magsac_630.0_0.99_.csv
-135712.494,-30449.997,-149703.692,-21178.040,13991.199,-9271.957,804,73.54079655,13.75895613,73.41092042,13.84205437,band1,L8Ref,imw-minima-roma,internal,,magsac,630.0,0.99,23,0,0,imw-minima-roma_band1_toL8Ref_pair023_scan0_pix0_internal_aff_magsac_630.0_0.99_.csv
-103687.487,-73080.000,-128477.905,-42924.994,24790.417,-30155.006,805,73.83852487,13.37499979,73.60827346,13.64653823,band1,L8Ref,imw-minima-roma,internal,,magsac,630.0,0.99,23,0,0,imw-minima-roma_band1_toL8Ref_pair023_scan0_pix0_internal_aff_magsac_630.0_0.99_.csv
-108237.501,-80220.006,-131107.118,-47148.794,22869.617,-33071.212,806,73.79680028,13.31029554,73.58417375,13.60824051,band1,L8Ref,imw-minima-roma,internal,,magsac,630.0,0.99,23,0,0,imw-minima-roma_band1_toL8Ref_pair023_scan0_pix0_internal_aff_magsac_630.0_0.99_.csv
-115762.500,-38010.006,-137030.912,-24031.482,21268.412,-13978.524,807,73.72558758,13.69151206,73.52828686,13.81690663,band1,L8Ref,imw-minima-roma,internal,,magsac,630.0,0.99,23,0,0,imw-minima-roma_band1_toL8Ref_pair023_scan0_pix0_internal_aff_magsac_630.0_0.99_.csv
-124162.487,-50819.994,-142171.013,-31623.859,18008.525,-19196.134,808,73.64851239,13.57537173,73.48113645,13.74802851,band1,L8Ref,imw-minima-roma,internal,,magsac,630.0,0.99,23,0,0,imw-minima-roma_band1_toL8Ref_pair023_scan0_pix0_internal_aff_magsac_630.0_0.99_.csv
-108237.501,-67410.000,-131489.477,-39496.715,23251.976,-27913.285,809,73.79629995,13.42607727,73.58027651,13.67738643,band1,L8Ref,imw-minima-roma,internal,,magsac,630.0,0.99,23,0,0,imw-minima-roma_band1_toL8Ref_pair023_scan0_pix0_internal_aff_magsac_630.0_0.99_.csv
-136412.496,-25830.000,-150094.549,-18363.982,13682.053,-7466.018,810,73.53409554,13.80068055,73.40715190,13.86746856,band1,L8Ref,imw-minima-roma,internal,,magsac,630.0,0.99,23,0,0,imw-minima-roma_band1_toL8Ref_pair023_scan0_pix0_internal_aff_magsac_630.0_0.99_.csv
-122062.500,-49560.003,-140856.660,-30919.113,18794.160,-18640.890,811,73.66785956,13.58685163,73.49325346,13.75446423,band1,L8Ref,imw-minima-roma,internal,,magsac,630.0,0.99,23,0,0,imw-minima-roma_band1_toL8Ref_pair023_scan0_pix0_internal_aff_magsac_630.0_0.99_.csv
-103512.501,-43470.000,-129058.205,-26987.833,25545.704,-16482.167,812,73.83903288,13.64263656,73.60216567,13.79056095,band1,L8Ref,imw-minima-roma,internal,,magsac,630.0,0.99,23,0,0,imw-minima-roma_band1_toL8Ref_pair023_scan0_pix0_internal_aff_magsac_630.0_0.99_.csv
-102812.499,-77700.006,-127846.463,-45736.735,25033.964,-31963.271,813,73.84677370,13.33327436,73.61423946,13.62115279,band1,L8Ref,imw-minima-roma,internal,,magsac,630.0,0.99,23,0,0,imw-minima-roma_band1_toL8Ref_pair023_scan0_pix0_internal_aff_magsac_630.0_0.99_.csv
-99662.499,-75180.006,-125979.063,-44004.879,26316.564,-31175.127,814,73.87575707,13.35616370,73.63141774,13.63689009,band1,L8Ref,imw-minima-roma,internal,,magsac,630.0,0.99,23,0,0,imw-minima-roma_band1_toL8Ref_pair023_scan0_pix0_internal_aff_magsac_630.0_0.99_.csv
-121012.487,-43260.003,-140256.269,-27384.394,19243.781,-15875.609,815,73.67728591,13.64383966,73.49862553,13.78644284,band1,L8Ref,imw-minima-roma,internal,,magsac,630.0,0.99,23,0,0,imw-minima-roma_band1_toL8Ref_pair023_scan0_pix0_internal_aff_magsac_630.0_0.99_.csv
-113487.498,-48300.003,-135408.491,-30236.909,21920.993,-18063.094,816,73.74704042,13.59859738,73.54359715,13.76089672,band1,L8Ref,imw-minima-roma,internal,,magsac,630.0,0.99,23,0,0,imw-minima-roma_band1_toL8Ref_pair023_scan0_pix0_internal_aff_magsac_630.0_0.99_.csv
-109112.499,-77070.006,-131726.496,-45473.299,22613.997,-31596.707,817,73.78860103,13.33873269,73.57837041,13.62335574,band1,L8Ref,imw-minima-roma,internal,,magsac,630.0,0.99,23,0,0,imw-minima-roma_band1_toL8Ref_pair023_scan0_pix0_internal_aff_magsac_630.0_0.99_.csv
-109287.495,-72030.006,-131997.632,-42604.298,22710.137,-29425.708,818,73.78678706,13.38427935,73.57572777,13.64927469,band1,L8Ref,imw-minima-roma,internal,,magsac,630.0,0.99,23,0,0,imw-minima-roma_band1_toL8Ref_pair023_scan0_pix0_internal_aff_magsac_630.0_0.99_.csv
-149012.496,-47670.013,-158298.180,-30013.546,9285.684,-17656.467,819,73.41874296,13.60264247,73.33192734,13.76172589,band1,L8Ref,imw-minima-roma,internal,,magsac,630.0,0.99,23,0,0,imw-minima-roma_band1_toL8Ref_pair023_scan0_pix0_internal_aff_magsac_630.0_0.99_.csv
-135012.501,-38010.006,-149230.798,-24788.956,14218.297,-13221.050,820,73.54763870,13.69065804,73.41548996,13.80944200,band1,L8Ref,imw-minima-roma,internal,,magsac,630.0,0.99,23,0,0,imw-minima-roma_band1_toL8Ref_pair023_scan0_pix0_internal_aff_magsac_630.0_0.99_.csv
-128187.495,-50400.000,-144697.050,-31306.648,16509.555,-19093.352,821,73.61130402,13.57898825,73.45776323,13.75076741,band1,L8Ref,imw-minima-roma,internal,,magsac,630.0,0.99,23,0,0,imw-minima-roma_band1_toL8Ref_pair023_scan0_pix0_internal_aff_magsac_630.0_0.99_.csv
-103862.502,-44939.997,-129257.118,-28129.780,25394.616,-16810.217,822,73.83585332,13.62933702,73.60037956,13.78023028,band1,L8Ref,imw-minima-roma,internal,,magsac,630.0,0.99,23,0,0,imw-minima-roma_band1_toL8Ref_pair023_scan0_pix0_internal_aff_magsac_630.0_0.99_.csv
-136412.496,-37590.003,-150127.714,-24899.684,13715.218,-12690.319,823,73.53467633,13.69438704,73.40720060,13.80839366,band1,L8Ref,imw-minima-roma,internal,,magsac,630.0,0.99,23,0,0,imw-minima-roma_band1_toL8Ref_pair023_scan0_pix0_internal_aff_magsac_630.0_0.99_.csv
-135712.494,-47459.997,-149858.087,-29764.847,14145.594,-17695.150,824,73.54163184,13.60521038,73.40995835,13.76443403,band1,L8Ref,imw-minima-roma,internal,,magsac,630.0,0.99,23,0,0,imw-minima-roma_band1_toL8Ref_pair023_scan0_pix0_internal_aff_magsac_630.0_0.99_.csv
-136062.495,-26880.003,-149851.233,-19096.471,13788.739,-7783.532,825,73.53738426,13.79120691,73.40944262,13.86086086,band1,L8Ref,imw-minima-roma,internal,,magsac,630.0,0.99,23,0,0,imw-minima-roma_band1_toL8Ref_pair023_scan0_pix0_internal_aff_magsac_630.0_0.99_.csv
-125037.495,-50609.997,-142716.975,-31502.336,17679.481,-19107.661,826,73.64041829,13.57723123,73.47608201,13.74909938,band1,L8Ref,imw-minima-roma,internal,,magsac,630.0,0.99,23,0,0,imw-minima-roma_band1_toL8Ref_pair023_scan0_pix0_internal_aff_magsac_630.0_0.99_.csv
-140962.500,-53970.003,-152864.901,-33403.098,11902.401,-20566.905,827,73.49345021,13.54611281,73.38235576,13.73138851,band1,L8Ref,imw-minima-roma,internal,,magsac,630.0,0.99,23,0,0,imw-minima-roma_band1_toL8Ref_pair023_scan0_pix0_internal_aff_magsac_630.0_0.99_.csv
-125387.496,-46829.997,-142918.205,-29438.427,17530.709,-17391.570,828,73.63701307,13.61138141,73.47411456,13.76774396,band1,L8Ref,imw-minima-roma,internal,,magsac,630.0,0.99,23,0,0,imw-minima-roma_band1_toL8Ref_pair023_scan0_pix0_internal_aff_magsac_630.0_0.99_.csv
-98962.487,-75600.000,-125536.488,-44205.931,26574.001,-31394.069,829,73.88223370,13.35239220,73.63551711,13.63509256,band1,L8Ref,imw-minima-roma,internal,,magsac,630.0,0.99,23,0,0,imw-minima-roma_band1_toL8Ref_pair023_scan0_pix0_internal_aff_magsac_630.0_0.99_.csv
-105437.502,-78750.000,-129345.366,-46248.831,23907.864,-32501.169,830,73.82258532,13.32368760,73.60041161,13.61645600,band1,L8Ref,imw-minima-roma,internal,,magsac,630.0,0.99,23,0,0,imw-minima-roma_band1_toL8Ref_pair023_scan0_pix0_internal_aff_magsac_630.0_0.99_.csv
-105962.499,-43890.003,-130449.000,-27636.275,24486.501,-16253.728,831,73.81640563,13.63874955,73.58933413,13.78463607,band1,L8Ref,imw-minima-roma,internal,,magsac,630.0,0.99,23,0,0,imw-minima-roma_band1_toL8Ref_pair023_scan0_pix0_internal_aff_magsac_630.0_0.99_.csv
-131162.499,-55859.994,-146419.581,-34405.632,15257.082,-21454.362,832,73.58407501,13.52950163,73.44200020,13.72266838,band1,L8Ref,imw-minima-roma,internal,,magsac,630.0,0.99,23,0,0,imw-minima-roma_band1_toL8Ref_pair023_scan0_pix0_internal_aff_magsac_630.0_0.99_.csv
-130637.502,-42000.013,-146406.478,-26825.983,15768.976,-15174.030,833,73.58827009,13.65479974,73.44171954,13.79117804,band1,L8Ref,imw-minima-roma,internal,,magsac,630.0,0.99,23,0,0,imw-minima-roma_band1_toL8Ref_pair023_scan0_pix0_internal_aff_magsac_630.0_0.99_.csv
-103162.500,-46620.000,-128868.511,-29037.443,25706.011,-17582.557,834,73.84238519,13.61417780,73.60401563,13.77204405,band1,L8Ref,imw-minima-roma,internal,,magsac,630.0,0.99,23,0,0,imw-minima-roma_band1_toL8Ref_pair023_scan0_pix0_internal_aff_magsac_630.0_0.99_.csv
-130287.501,-53970.003,-145898.996,-33264.463,15611.495,-20705.540,835,73.59206892,13.54662475,73.44675290,13.73300981,band1,L8Ref,imw-minima-roma,internal,,magsac,630.0,0.99,23,0,0,imw-minima-roma_band1_toL8Ref_pair023_scan0_pix0_internal_aff_magsac_630.0_0.99_.csv
-118562.499,-50819.994,-138609.719,-31605.763,20047.220,-19214.231,836,73.70025336,13.57561207,73.51406452,13.74836902,band1,L8Ref,imw-minima-roma,internal,,magsac,630.0,0.99,23,0,0,imw-minima-roma_band1_toL8Ref_pair023_scan0_pix0_internal_aff_magsac_630.0_0.99_.csv
-129062.502,-41370.003,-145352.322,-26521.894,16289.820,-14848.110,837,73.60279783,13.66056647,73.45145244,13.79398100,band1,L8Ref,imw-minima-roma,internal,,magsac,630.0,0.99,23,0,0,imw-minima-roma_band1_toL8Ref_pair023_scan0_pix0_internal_aff_magsac_630.0_0.99_.csv
-120487.500,-47459.997,-139913.074,-29735.176,19425.574,-17724.821,838,73.68232097,13.60590019,73.50191846,13.76521219,band1,L8Ref,imw-minima-roma,internal,,magsac,630.0,0.99,23,0,0,imw-minima-roma_band1_toL8Ref_pair023_scan0_pix0_internal_aff_magsac_630.0_0.99_.csv
-121362.498,-40320.000,-140486.453,-25722.118,19123.955,-14597.882,839,73.67392196,13.67039809,73.49641223,13.80145599,band1,L8Ref,imw-minima-roma,internal,,magsac,630.0,0.99,23,0,0,imw-minima-roma_band1_toL8Ref_pair023_scan0_pix0_internal_aff_magsac_630.0_0.99_.csv
-112962.501,-51659.990,-134961.331,-32189.976,21998.830,-19470.015,840,73.75202883,13.56824898,73.54782742,13.74326519,band1,L8Ref,imw-minima-roma,internal,,magsac,630.0,0.99,23,0,0,imw-minima-roma_band1_toL8Ref_pair023_scan0_pix0_internal_aff_magsac_630.0_0.99_.csv
-126087.498,-50819.994,-143356.685,-31609.012,17269.187,-19210.982,841,73.63072632,13.57528655,73.47017255,13.74810280,band1,L8Ref,imw-minima-roma,internal,,magsac,630.0,0.99,23,0,0,imw-minima-roma_band1_toL8Ref_pair023_scan0_pix0_internal_aff_magsac_630.0_0.99_.csv
-102637.494,-84209.994,-127622.363,-49209.848,24984.870,-35000.145,842,73.84862995,13.27444141,73.61647070,13.58977104,band1,L8Ref,imw-minima-roma,internal,,magsac,630.0,0.99,23,0,0,imw-minima-roma_band1_toL8Ref_pair023_scan0_pix0_internal_aff_magsac_630.0_0.99_.csv
-118562.499,-44100.000,-138735.650,-27828.483,20173.151,-16271.517,843,73.69996526,13.63635111,73.51271036,13.78250401,band1,L8Ref,imw-minima-roma,internal,,magsac,630.0,0.99,23,0,0,imw-minima-roma_band1_toL8Ref_pair023_scan0_pix0_internal_aff_magsac_630.0_0.99_.csv
-126612.495,-38220.003,-143729.171,-24779.723,17116.676,-13440.280,844,73.62529863,13.68914876,73.46637295,13.80981074,band1,L8Ref,imw-minima-roma,internal,,magsac,630.0,0.99,23,0,0,imw-minima-roma_band1_toL8Ref_pair023_scan0_pix0_internal_aff_magsac_630.0_0.99_.csv
-115062.498,-47040.003,-136511.029,-29404.569,21448.531,-17635.434,845,73.73243434,13.60992231,73.53336098,13.76836682,band1,L8Ref,imw-minima-roma,internal,,magsac,630.0,0.99,23,0,0,imw-minima-roma_band1_toL8Ref_pair023_scan0_pix0_internal_aff_magsac_630.0_0.99_.csv
-113137.487,-63630.000,-134551.960,-37834.910,21414.473,-25795.090,846,73.75090140,13.46005094,73.55188745,13.69226263,band1,L8Ref,imw-minima-roma,internal,,magsac,630.0,0.99,23,0,0,imw-minima-roma_band1_toL8Ref_pair023_scan0_pix0_internal_aff_magsac_630.0_0.99_.csv
-135537.498,-48090.006,-149738.818,-30087.768,14201.320,-18002.238,847,73.54327979,13.59952442,73.41107874,13.76152162,band1,L8Ref,imw-minima-roma,internal,,magsac,630.0,0.99,23,0,0,imw-minima-roma_band1_toL8Ref_pair023_scan0_pix0_internal_aff_magsac_630.0_0.99_.csv
-97212.501,-68670.000,-124494.743,-39924.875,27282.242,-28745.125,848,73.89814399,13.41508907,73.64495198,13.67383322,band1,L8Ref,imw-minima-roma,internal,,magsac,630.0,0.99,23,0,0,imw-minima-roma_band1_toL8Ref_pair023_scan0_pix0_internal_aff_magsac_630.0_0.99_.csv
-108587.502,-39060.000,-132283.610,-24657.854,23696.108,-14402.146,849,73.79195553,13.68230637,73.57222527,13.81147144,band1,L8Ref,imw-minima-roma,internal,,magsac,630.0,0.99,23,0,0,imw-minima-roma_band1_toL8Ref_pair023_scan0_pix0_internal_aff_magsac_630.0_0.99_.csv
-117512.505,-45779.994,-138053.085,-28663.149,20540.580,-17116.844,850,73.70974062,13.62121021,73.51906426,13.77499326,band1,L8Ref,imw-minima-roma,internal,,magsac,630.0,0.99,23,0,0,imw-minima-roma_band1_toL8Ref_pair023_scan0_pix0_internal_aff_magsac_630.0_0.99_.csv
-138687.498,-52499.997,-151224.359,-32680.760,12536.862,-19819.237,851,73.51439361,13.55951193,73.39748411,13.73800565,band1,L8Ref,imw-minima-roma,internal,,magsac,630.0,0.99,23,0,0,imw-minima-roma_band1_toL8Ref_pair023_scan0_pix0_internal_aff_magsac_630.0_0.99_.csv
-105087.501,-47040.003,-129958.956,-29532.442,24871.455,-17507.561,852,73.82461211,13.61031067,73.59395522,13.76752001,band1,L8Ref,imw-minima-roma,internal,,magsac,630.0,0.99,23,0,0,imw-minima-roma_band1_toL8Ref_pair023_scan0_pix0_internal_aff_magsac_630.0_0.99_.csv
-144112.500,-43890.003,-154998.351,-28471.696,10885.851,-15418.307,853,73.46382447,13.63706215,73.36235388,13.77584489,band1,L8Ref,imw-minima-roma,internal,,magsac,630.0,0.99,23,0,0,imw-minima-roma_band1_toL8Ref_pair023_scan0_pix0_internal_aff_magsac_630.0_0.99_.csv
-100887.498,-77909.994,-126729.130,-45916.393,25841.632,-31993.601,854,73.86454879,13.33144568,73.62457329,13.61957924,band1,L8Ref,imw-minima-roma,internal,,magsac,630.0,0.99,23,0,0,imw-minima-roma_band1_toL8Ref_pair023_scan0_pix0_internal_aff_magsac_630.0_0.99_.csv
-102287.502,-74550.006,-127592.313,-43904.461,25304.811,-30645.545,855,73.85150309,13.36176424,73.61650357,13.63772537,band1,L8Ref,imw-minima-roma,internal,,magsac,630.0,0.99,23,0,0,imw-minima-roma_band1_toL8Ref_pair023_scan0_pix0_internal_aff_magsac_630.0_0.99_.csv
-123637.500,-56489.994,-141636.720,-34721.468,17999.220,-21768.525,856,73.65361636,13.52414634,73.48623552,13.72005745,band1,L8Ref,imw-minima-roma,internal,,magsac,630.0,0.99,23,0,0,imw-minima-roma_band1_toL8Ref_pair023_scan0_pix0_internal_aff_magsac_630.0_0.99_.csv
-120137.499,-44309.997,-139734.492,-27952.501,19596.993,-16357.496,857,73.68541837,13.63438655,73.50347961,13.78133384,band1,L8Ref,imw-minima-roma,internal,,magsac,630.0,0.99,23,0,0,imw-minima-roma_band1_toL8Ref_pair023_scan0_pix0_internal_aff_magsac_630.0_0.99_.csv
-110337.498,-84629.987,-132211.204,-48920.361,21873.707,-35709.626,858,73.77759509,13.27035582,73.57405583,13.59217673,band1,L8Ref,imw-minima-roma,internal,,magsac,630.0,0.99,23,0,0,imw-minima-roma_band1_toL8Ref_pair023_scan0_pix0_internal_aff_magsac_630.0_0.99_.csv
-124862.499,-43050.006,-142598.081,-27402.284,17735.582,-15647.722,859,73.64169382,13.64557030,73.47696964,13.78616391,band1,L8Ref,imw-minima-roma,internal,,magsac,630.0,0.99,23,0,0,imw-minima-roma_band1_toL8Ref_pair023_scan0_pix0_internal_aff_magsac_630.0_0.99_.csv
-110687.499,-68459.994,-132998.666,-40484.522,22311.167,-27975.471,860,73.77371979,13.41649219,73.56637380,13.66838747,band1,L8Ref,imw-minima-roma,internal,,magsac,630.0,0.99,23,0,0,imw-minima-roma_band1_toL8Ref_pair023_scan0_pix0_internal_aff_magsac_630.0_0.99_.csv
-119787.498,-38849.994,-139512.950,-24773.820,19725.452,-14076.173,861,73.68841641,13.68375204,73.50536774,13.81007547,band1,L8Ref,imw-minima-roma,internal,,magsac,630.0,0.99,23,0,0,imw-minima-roma_band1_toL8Ref_pair023_scan0_pix0_internal_aff_magsac_630.0_0.99_.csv
-107887.500,-68880.006,-131195.010,-40507.267,23307.510,-28372.740,862,73.79958895,13.41280407,73.58304639,13.66826619,band1,L8Ref,imw-minima-roma,internal,,magsac,630.0,0.99,23,0,0,imw-minima-roma_band1_toL8Ref_pair023_scan0_pix0_internal_aff_magsac_630.0_0.99_.csv
-106662.501,-74970.000,-130261.652,-44111.415,23599.151,-30858.585,863,73.81113380,13.35780669,73.59184342,13.63573306,band1,L8Ref,imw-minima-roma,internal,,magsac,630.0,0.99,23,0,0,imw-minima-roma_band1_toL8Ref_pair023_scan0_pix0_internal_aff_magsac_630.0_0.99_.csv
-125562.501,-53760.006,-142890.077,-33176.052,17327.576,-20583.954,864,73.63571044,13.54873654,73.47456802,13.73396267,band1,L8Ref,imw-minima-roma,internal,,magsac,630.0,0.99,23,0,0,imw-minima-roma_band1_toL8Ref_pair023_scan0_pix0_internal_aff_magsac_630.0_0.99_.csv
-125212.500,-50189.994,-142827.737,-31276.665,17615.237,-18913.328,865,73.63878231,13.58101970,73.47504619,13.75113352,band1,L8Ref,imw-minima-roma,internal,,magsac,630.0,0.99,23,0,0,imw-minima-roma_band1_toL8Ref_pair023_scan0_pix0_internal_aff_magsac_630.0_0.99_.csv
-110862.495,-68459.994,-133106.457,-40513.068,22243.962,-27946.925,866,73.77210403,13.41648534,73.56537885,13.66812438,band1,L8Ref,imw-minima-roma,internal,,magsac,630.0,0.99,23,0,0,imw-minima-roma_band1_toL8Ref_pair023_scan0_pix0_internal_aff_magsac_630.0_0.99_.csv
-95112.495,-25830.000,-123563.768,-17277.257,28451.273,-8552.743,867,73.91606016,13.80237298,73.65254395,13.87857643,band1,L8Ref,imw-minima-roma,internal,,magsac,630.0,0.99,23,0,0,imw-minima-roma_band1_toL8Ref_pair023_scan0_pix0_internal_aff_magsac_630.0_0.99_.csv
-100712.502,-49770.000,-127354.016,-30156.631,26641.513,-19613.369,868,73.86514047,13.58579460,73.61807229,13.76199685,band1,L8Ref,imw-minima-roma,internal,,magsac,630.0,0.99,23,0,0,imw-minima-roma_band1_toL8Ref_pair023_scan0_pix0_internal_aff_magsac_630.0_0.99_.csv
-102287.502,-84839.994,-127349.661,-49613.356,25062.159,-35226.638,869,73.85188273,13.26875997,73.61900906,13.58613622,band1,L8Ref,imw-minima-roma,internal,,magsac,630.0,0.99,23,0,0,imw-minima-roma_band1_toL8Ref_pair023_scan0_pix0_internal_aff_magsac_630.0_0.99_.csv
-135887.499,-41580.000,-149672.363,-26631.122,13784.865,-14948.878,870,73.53972569,13.65834854,73.41150588,13.79276816,band1,L8Ref,imw-minima-roma,internal,,magsac,630.0,0.99,23,0,0,imw-minima-roma_band1_toL8Ref_pair023_scan0_pix0_internal_aff_magsac_630.0_0.99_.csv
-127137.501,-52290.000,-143945.656,-32362.770,16808.155,-19927.230,871,73.62109241,13.56195285,73.46476599,13.74125998,band1,L8Ref,imw-minima-roma,internal,,magsac,630.0,0.99,23,0,0,imw-minima-roma_band1_toL8Ref_pair023_scan0_pix0_internal_aff_magsac_630.0_0.99_.csv
-104737.500,-67199.994,-129213.013,-39130.175,24475.513,-28069.818,872,73.82860938,13.42810712,73.60130196,13.68080442,band1,L8Ref,imw-minima-roma,internal,,magsac,630.0,0.99,23,0,0,imw-minima-roma_band1_toL8Ref_pair023_scan0_pix0_internal_aff_magsac_630.0_0.99_.csv
-105787.494,-82320.013,-129497.367,-47946.042,23709.874,-34373.971,873,73.81949130,13.29140765,73.59908643,13.60110874,band1,L8Ref,imw-minima-roma,internal,,magsac,630.0,0.99,23,0,0,imw-minima-roma_band1_toL8Ref_pair023_scan0_pix0_internal_aff_magsac_630.0_0.99_.csv
-124512.498,-55859.994,-142193.363,-34386.829,17680.865,-21473.165,874,73.64550529,13.52980221,73.48107201,13.72305415,band1,L8Ref,imw-minima-roma,internal,,magsac,630.0,0.99,23,0,0,imw-minima-roma_band1_toL8Ref_pair023_scan0_pix0_internal_aff_magsac_630.0_0.99_.csv
-132562.494,-35910.000,-147718.716,-23400.531,15156.222,-12509.469,875,73.57018599,13.70975506,73.42940060,13.82207082,band1,L8Ref,imw-minima-roma,internal,,magsac,630.0,0.99,23,0,0,imw-minima-roma_band1_toL8Ref_pair023_scan0_pix0_internal_aff_magsac_630.0_0.99_.csv
-111562.487,-84000.006,-132932.865,-48719.055,21370.378,-35280.952,876,73.76626639,13.27600175,73.56737792,13.59396241,band1,L8Ref,imw-minima-roma,internal,,magsac,630.0,0.99,23,0,0,imw-minima-roma_band1_toL8Ref_pair023_scan0_pix0_internal_aff_magsac_630.0_0.99_.csv
-100537.506,-72869.994,-126564.131,-42792.031,26026.625,-30077.963,877,73.86759630,13.37701156,73.62595506,13.64782635,band1,L8Ref,imw-minima-roma,internal,,magsac,630.0,0.99,23,0,0,imw-minima-roma_band1_toL8Ref_pair023_scan0_pix0_internal_aff_magsac_630.0_0.99_.csv
-104912.505,-53550.010,-129883.465,-32221.396,24970.960,-21328.614,878,73.82647614,13.55147605,73.59477975,13.74321917,band1,L8Ref,imw-minima-roma,internal,,magsac,630.0,0.99,23,0,0,imw-minima-roma_band1_toL8Ref_pair023_scan0_pix0_internal_aff_magsac_630.0_0.99_.csv
-105612.498,-51870.006,-130446.530,-31760.460,24834.032,-20109.546,879,73.81994510,13.56663479,73.58955179,13.74735943,band1,L8Ref,imw-minima-roma,internal,,magsac,630.0,0.99,23,0,0,imw-minima-roma_band1_toL8Ref_pair023_scan0_pix0_internal_aff_magsac_630.0_0.99_.csv
-135887.499,-40950.000,-149684.082,-26347.701,13796.583,-14602.299,880,73.53969472,13.66404283,73.41138215,13.79532925,band1,L8Ref,imw-minima-roma,internal,,magsac,630.0,0.99,23,0,0,imw-minima-roma_band1_toL8Ref_pair023_scan0_pix0_internal_aff_magsac_630.0_0.99_.csv
-124162.487,-39690.000,-142195.209,-25515.832,18032.721,-14174.168,881,73.64801260,13.67597078,73.48059820,13.80323502,band1,L8Ref,imw-minima-roma,internal,,magsac,630.0,0.99,23,0,0,imw-minima-roma_band1_toL8Ref_pair023_scan0_pix0_internal_aff_magsac_630.0_0.99_.csv
-114537.501,-41580.000,-136273.645,-26161.650,21736.144,-15418.350,882,73.73705958,13.65929427,73.53539606,13.79768961,band1,L8Ref,imw-minima-roma,internal,,magsac,630.0,0.99,23,0,0,imw-minima-roma_band1_toL8Ref_pair023_scan0_pix0_internal_aff_magsac_630.0_0.99_.csv
-124862.499,-33179.994,-142594.573,-21573.544,17732.074,-11606.449,883,73.64124786,13.73478114,73.47670101,13.83884744,band1,L8Ref,imw-minima-roma,internal,,magsac,630.0,0.99,23,0,0,imw-minima-roma_band1_toL8Ref_pair023_scan0_pix0_internal_aff_magsac_630.0_0.99_.csv
-124337.502,-48300.003,-142271.949,-30297.534,17934.447,-18002.469,884,73.64678206,13.59814106,73.48013483,13.76001149,band1,L8Ref,imw-minima-roma,internal,,magsac,630.0,0.99,23,0,0,imw-minima-roma_band1_toL8Ref_pair023_scan0_pix0_internal_aff_magsac_630.0_0.99_.csv
-128012.499,-36329.994,-144544.289,-23626.538,16531.790,-12703.456,885,73.61226942,13.70616868,73.45877368,13.82019226,band1,L8Ref,imw-minima-roma,internal,,magsac,630.0,0.99,23,0,0,imw-minima-roma_band1_toL8Ref_pair023_scan0_pix0_internal_aff_magsac_630.0_0.99_.csv
-121712.499,-47670.013,-140663.592,-29889.836,18951.093,-17780.177,886,73.67101037,13.60394948,73.49498627,13.76377702,band1,L8Ref,imw-minima-roma,internal,,magsac,630.0,0.99,23,0,0,imw-minima-roma_band1_toL8Ref_pair023_scan0_pix0_internal_aff_magsac_630.0_0.99_.csv
-99137.502,-71400.006,-125714.589,-41698.856,26577.087,-29701.151,887,73.88046796,13.39034730,73.63375713,13.65774499,band1,L8Ref,imw-minima-roma,internal,,magsac,630.0,0.99,23,0,0,imw-minima-roma_band1_toL8Ref_pair023_scan0_pix0_internal_aff_magsac_630.0_0.99_.csv
-146737.494,-47459.997,-156935.580,-29960.001,10198.087,-17499.996,888,73.43975401,13.60465969,73.34452407,13.76228587,band1,L8Ref,imw-minima-roma,internal,,magsac,630.0,0.99,23,0,0,imw-minima-roma_band1_toL8Ref_pair023_scan0_pix0_internal_aff_magsac_630.0_0.99_.csv
-138337.487,-47880.010,-151114.771,-30082.635,12777.284,-17797.375,889,73.51739624,13.60128687,73.39835521,13.76149476,band1,L8Ref,imw-minima-roma,internal,,magsac,630.0,0.99,23,0,0,imw-minima-roma_band1_toL8Ref_pair023_scan0_pix0_internal_aff_magsac_630.0_0.99_.csv
-115937.505,-38220.003,-137147.355,-24162.253,21209.849,-14057.750,890,73.72397862,13.68960682,73.52721637,13.81571900,band1,L8Ref,imw-minima-roma,internal,,magsac,630.0,0.99,23,0,0,imw-minima-roma_band1_toL8Ref_pair023_scan0_pix0_internal_aff_magsac_630.0_0.99_.csv
-130812.498,-34020.000,-146437.423,-22322.035,15624.925,-11697.965,891,73.58627492,13.72691950,73.44119445,13.83188556,band1,L8Ref,imw-minima-roma,internal,,magsac,630.0,0.99,23,0,0,imw-minima-roma_band1_toL8Ref_pair023_scan0_pix0_internal_aff_magsac_630.0_0.99_.csv
-110687.499,-67619.987,-133053.624,-39885.063,22366.125,-27734.924,892,73.77368623,13.42408453,73.56583696,13.67380313,band1,L8Ref,imw-minima-roma,internal,,magsac,630.0,0.99,23,0,0,imw-minima-roma_band1_toL8Ref_pair023_scan0_pix0_internal_aff_magsac_630.0_0.99_.csv
-104037.498,-55020.006,-129207.669,-32608.316,25170.171,-22411.691,893,73.83461521,13.53822175,73.60104638,13.73975295,band1,L8Ref,imw-minima-roma,internal,,magsac,630.0,0.99,23,0,0,imw-minima-roma_band1_toL8Ref_pair023_scan0_pix0_internal_aff_magsac_630.0_0.99_.csv
-121887.495,-40320.000,-140806.192,-25759.137,18918.697,-14560.863,894,73.66906927,13.67037550,73.49345701,13.80110546,band1,L8Ref,imw-minima-roma,internal,,magsac,630.0,0.99,23,0,0,imw-minima-roma_band1_toL8Ref_pair023_scan0_pix0_internal_aff_magsac_630.0_0.99_.csv
-120837.501,-45149.994,-140149.679,-28418.998,19312.178,-16730.996,895,73.67898577,13.62676435,73.49966376,13.77709682,band1,L8Ref,imw-minima-roma,internal,,magsac,630.0,0.99,23,0,0,imw-minima-roma_band1_toL8Ref_pair023_scan0_pix0_internal_aff_magsac_630.0_0.99_.csv
-136937.502,-27929.997,-150429.630,-19836.723,13492.128,-8093.274,896,73.52934419,13.78167420,73.40413231,13.85413933,band1,L8Ref,imw-minima-roma,internal,,magsac,630.0,0.99,23,0,0,imw-minima-roma_band1_toL8Ref_pair023_scan0_pix0_internal_aff_magsac_630.0_0.99_.csv
-134662.500,-28769.994,-149040.018,-19743.174,14377.518,-9026.820,897,73.55042370,13.77419119,73.41698198,13.85505855,band1,L8Ref,imw-minima-roma,internal,,magsac,630.0,0.99,23,0,0,imw-minima-roma_band1_toL8Ref_pair023_scan0_pix0_internal_aff_magsac_630.0_0.99_.csv
-140437.494,-54600.003,-152488.541,-33803.298,12051.048,-20796.705,898,73.49833233,13.54044469,73.38585755,13.72779162,band1,L8Ref,imw-minima-roma,internal,,magsac,630.0,0.99,23,0,0,imw-minima-roma_band1_toL8Ref_pair023_scan0_pix0_internal_aff_magsac_630.0_0.99_.csv
-116462.502,-40950.000,-137551.852,-25885.174,21089.350,-15064.826,899,73.71924056,13.66490992,73.52356099,13.80012661,band1,L8Ref,imw-minima-roma,internal,,magsac,630.0,0.99,23,0,0,imw-minima-roma_band1_toL8Ref_pair023_scan0_pix0_internal_aff_magsac_630.0_0.99_.csv
-107537.499,-76440.006,-130792.993,-45040.963,23255.494,-31399.044,900,73.80311391,13.34448713,73.58697681,13.62730677,band1,L8Ref,imw-minima-roma,internal,,magsac,630.0,0.99,23,0,0,imw-minima-roma_band1_toL8Ref_pair023_scan0_pix0_internal_aff_magsac_630.0_0.99_.csv
-105612.498,-48090.006,-130332.663,-30103.317,24720.165,-17986.689,901,73.81980077,13.60080057,73.59052643,13.76234290,band1,L8Ref,imw-minima-roma,internal,,magsac,630.0,0.99,23,0,0,imw-minima-roma_band1_toL8Ref_pair023_scan0_pix0_internal_aff_magsac_630.0_0.99_.csv
-129937.500,-40109.994,-145931.027,-25772.543,15993.527,-14337.451,902,73.59465111,13.67191505,73.44606087,13.80072421,band1,L8Ref,imw-minima-roma,internal,,magsac,630.0,0.99,23,0,0,imw-minima-roma_band1_toL8Ref_pair023_scan0_pix0_internal_aff_magsac_630.0_0.99_.csv
-132387.498,-36540.000,-147555.448,-23776.415,15167.950,-12763.585,903,73.57183398,13.70406897,73.43093081,13.81868191,band1,L8Ref,imw-minima-roma,internal,,magsac,630.0,0.99,23,0,0,imw-minima-roma_band1_toL8Ref_pair023_scan0_pix0_internal_aff_magsac_630.0_0.99_.csv
-111387.501,-67619.987,-133455.670,-40025.769,22068.169,-27594.218,904,73.76722280,13.42405707,73.56212749,13.67251240,band1,L8Ref,imw-minima-roma,internal,,magsac,630.0,0.99,23,0,0,imw-minima-roma_band1_toL8Ref_pair023_scan0_pix0_internal_aff_magsac_630.0_0.99_.csv
-108937.494,-38220.003,-132508.834,-24109.257,23571.340,-14110.746,905,73.78868718,13.68988529,73.57011586,13.81641941,band1,L8Ref,imw-minima-roma,internal,,magsac,630.0,0.99,23,0,0,imw-minima-roma_band1_toL8Ref_pair023_scan0_pix0_internal_aff_magsac_630.0_0.99_.csv
-126262.494,-52080.003,-143409.998,-32295.258,17147.505,-19784.745,906,73.62916696,13.56389011,73.46971522,13.74189743,band1,L8Ref,imw-minima-roma,internal,,magsac,630.0,0.99,23,0,0,imw-minima-roma_band1_toL8Ref_pair023_scan0_pix0_internal_aff_magsac_630.0_0.99_.csv
-124862.499,-43470.000,-142583.960,-27643.086,17721.461,-15826.914,907,73.64171279,13.64177416,73.47711267,13.78398813,band1,L8Ref,imw-minima-roma,internal,,magsac,630.0,0.99,23,0,0,imw-minima-roma_band1_toL8Ref_pair023_scan0_pix0_internal_aff_magsac_630.0_0.99_.csv
-142887.501,-56489.994,-154243.930,-34775.267,11356.429,-21714.726,908,73.47579666,13.52323935,73.36968235,13.71891118,band1,L8Ref,imw-minima-roma,internal,,magsac,630.0,0.99,23,0,0,imw-minima-roma_band1_toL8Ref_pair023_scan0_pix0_internal_aff_magsac_630.0_0.99_.csv
-138687.498,-51659.990,-151264.686,-32196.931,12577.188,-19463.060,909,73.51435150,13.56710433,73.39708475,13.74237660,band1,L8Ref,imw-minima-roma,internal,,magsac,630.0,0.99,23,0,0,imw-minima-roma_band1_toL8Ref_pair023_scan0_pix0_internal_aff_magsac_630.0_0.99_.csv
-102987.495,-77909.994,-127952.004,-45848.852,24964.509,-32061.142,910,73.84516633,13.33137006,73.61326930,13.62013464,band1,L8Ref,imw-minima-roma,internal,,magsac,630.0,0.99,23,0,0,imw-minima-roma_band1_toL8Ref_pair023_scan0_pix0_internal_aff_magsac_630.0_0.99_.csv
-125037.495,-44519.994,-142679.321,-28229.515,17641.826,-16290.479,911,73.64014294,13.63227600,73.47626109,13.77868284,band1,L8Ref,imw-minima-roma,internal,,magsac,630.0,0.99,23,0,0,imw-minima-roma_band1_toL8Ref_pair023_scan0_pix0_internal_aff_magsac_630.0_0.99_.csv
-150937.506,-44730.000,-159171.707,-28715.757,8234.201,-16014.243,912,73.40079441,13.62911367,73.32377516,13.77340690,band1,L8Ref,imw-minima-roma,internal,,magsac,630.0,0.99,23,0,0,imw-minima-roma_band1_toL8Ref_pair023_scan0_pix0_internal_aff_magsac_630.0_0.99_.csv
-99662.499,-78120.000,-125950.368,-45918.537,26287.869,-32201.463,913,73.87586279,13.32959097,73.63177011,13.61959467,band1,L8Ref,imw-minima-roma,internal,,magsac,630.0,0.99,23,0,0,imw-minima-roma_band1_toL8Ref_pair023_scan0_pix0_internal_aff_magsac_630.0_0.99_.csv
