sweep,window_size,num_features,channel,reference,detector,status,error,coarse_offsets,consensus_score,minutes,working_crs,detector_seconds,gpu_peak_gb,filtered_dir,final_dir,rival_csv,detail_csv,validated_by_consensus,n_points,n_inliers_all,n_chips,dE_min_m,dE_max_m,dN_min_m,dN_max_m,affine_dE_m,affine_dN_m,affine_rot_deg,affine_scale_E_ppm,affine_scale_N_ppm,affine_shear_ppm,affine_resid_rmse_m,mean_dx_m,mean_dy_m,rmse_x_m,rmse_y_m,ce90_m,matcher_config,truth_rmse_m,truth_reached,truth_mean_dE_m,truth_mean_dN_m
win2048_nfauto,2048,auto,band1,L8Ref,sift,ok,,"[{""pair_id"": 1, ""dx"": -27305.177084728868, ""dy"": -6642.3349438312225, ""method"": ""phasecorr@630m""}, {""pair_id"": 2, ""dx"": -22344.837, ""dy"": 2673.196, ""method"": ""from-pair-1""}, {""pair_id"": 3, ""dx"": -22344.837, ""dy"": 2673.196, ""method"": ""from-pair-1""}, {""pair_id"": 4, ""dx"": 2984.7810351296075, ""dy"": -2451.527892847757, ""method"": ""phasecorr@630m""}, {""pair_id"": 5, ""dx"": -17785.645793294265, ""dy"": -6817.746622855631, ""method"": ""phasecorr@630m""}, {""pair_id"": 6, ""dx"": -17785.645793294265, ""dy"": -6817.746622855631, ""method"": ""from-pair-5""}, {""pair_id"": 7, ""dx"": -43388.601, ""dy"": -26170.083, ""method"": ""from-pair-8""}, {""pair_id"": 8, ""dx"": -36695.52013613287, ""dy"": -24315.825628678675, ""method"": ""phasecorr@630m""}, {""pair_id"": 9, ""dx"": -43388.601, ""dy"": -26170.083, ""method"": ""from-pair-8""}, {""pair_id"": 10, ""dx"": 2984.7810351296075, ""dy"": -2451.527892847757, ""method"": ""from-pair-4""}, {""pair_id"": 11, ""dx"": 2984.7810351296075, ""dy"": -2451.527892847757, ""method"": ""from-pair-4""}, {""pair_id"": 12, ""dx"": 2984.7810351296075, ""dy"": -2451.527892847757, ""method"": ""from-pair-4""}, {""pair_id"": 13, ""dx"": 24501.50753168467, ""dy"": -25375.95292143412, ""method"": ""phasecorr@630m""}, {""pair_id"": 14, ""dx"": 24974.38249029077, ""dy"": -25708.598336542625, ""method"": ""phasecorr@630m""}, {""pair_id"": 15, ""dx"": -1487.015625, ""dy"": 7086.60546875, ""method"": ""matcher@630m""}, {""pair_id"": 16, ""dx"": -1177.296875, ""dy"": 6899.4765625, ""method"": ""matcher@630m""}, {""pair_id"": 17, ""dx"": -1177.297, ""dy"": 6899.477, ""method"": ""from-pair-16""}, {""pair_id"": 18, ""dx"": 7421.331, ""dy"": -39616.631, ""method"": ""from-pair-20""}, {""pair_id"": 19, ""dx"": -76819.38643648359, ""dy"": -11576.503871835088, ""method"": ""phasecorr@630m""}, {""pair_id"": 20, ""dx"": 7802.704969420571, ""dy"": -38054.42182401927, ""method"": ""phasecorr@630m""}, {""pair_id"": 21, ""dx"": -81420.75146909156, ""dy"": -32792.29159885792, ""method"": ""phasecorr@630m""}, {""pair_id"": 22, ""dx"": -53382.54489951132, ""dy"": 9355.97275169869, ""method"": ""phasecorr@630m""}, {""pair_id"": 23, ""dx"": -4147.908346505737, ""dy"": 60491.56911360672, ""method"": ""phasecorr@630m""}, {""pair_id"": 24, ""dx"": -7518.340796436311, ""dy"": 21888.09805308266, ""method"": ""phasecorr@630m""}, {""pair_id"": 25, ""dx"": 32468.12909988714, ""dy"": -15482.493103352437, ""method"": ""phasecorr@630m""}]",22595.0,23.11,"PROJCS[""unnamed"",GEOGCS[""WGS 84"",DATUM[""WGS_1984"",SPHEROID[""WGS 84"",6378137,298.25722293287,AUTHORITY[""EPSG"",""7030""]],AUTHORITY[""EPSG"",""6326""]],PRIMEM[""Greenwich"",0],UNIT[""degree"",0.0174532925199433,AUTHORITY[""EPSG"",""9122""]],AUTHORITY[""EPSG"",""4326""]],PROJECTION[""Lambert_Conformal_Conic_2SP""],PARAMETER[""latitude_of_origin"",14.0374426378078],PARAMETER[""central_meridian"",74.7957258744854],PARAMETER[""standard_parallel_1"",14.4626684058008],PARAMETER[""standard_parallel_2"",13.6198421791193],PARAMETER[""false_easting"",0],PARAMETER[""false_northing"",0],UNIT[""metre"",1,AUTHORITY[""EPSG"",""9001""]],AXIS[""Easting"",EAST],AXIS[""Northing"",NORTH]]",27.3,2.03,/maintenance/ICIGDev/GPUPOC/output/output300/win2048_nfauto/band1_toL8Ref/filtered_same-res_sift,/maintenance/ICIGDev/GPUPOC/output/output300/win2048_nfauto/band1_toL8Ref/final_same-res_sift,/maintenance/ICIGDev/GPUPOC/output/output300/rival/RIVAL_cog_win2048_nfauto_band1_toL8Ref_sift_nn_r630.csv,/maintenance/ICIGDev/GPUPOC/output/output300/rival/RIVAL_cog_win2048_nfauto_band1_toL8Ref_sift_nn_r630_detail.csv,True,1200.0,22520.0,6.0,-232908.607,226966.765,-184357.296,148476.09399999998,-14458.360076799023,-17637.98716282422,-3.589947447865556,-164245.20829629138,-924232.6560368795,23353.17430112092,86932.79514130067,-13098.775419335832,-16133.562107635833,73529.5428041596,66227.37642805441,150163.72634856854,nn,,0.0,,
win2048_nfauto,2048,auto,band1,L8Ref,disk_depth,ok,,"[{""pair_id"": 1, ""dx"": -27305.177084728868, ""dy"": -6642.3349438312225, ""method"": ""phasecorr@630m""}, {""pair_id"": 2, ""dx"": -22344.837, ""dy"": 2673.196, ""method"": ""from-pair-1""}, {""pair_id"": 3, ""dx"": -22344.837, ""dy"": 2673.196, ""method"": ""from-pair-1""}, {""pair_id"": 4, ""dx"": 2984.7810351296075, ""dy"": -2451.527892847757, ""method"": ""phasecorr@630m""}, {""pair_id"": 5, ""dx"": -17785.645793294265, ""dy"": -6817.746622855631, ""method"": ""phasecorr@630m""}, {""pair_id"": 6, ""dx"": -17785.645793294265, ""dy"": -6817.746622855631, ""method"": ""from-pair-5""}, {""pair_id"": 7, ""dx"": -43388.601, ""dy"": -26170.083, ""method"": ""from-pair-8""}, {""pair_id"": 8, ""dx"": -36695.52013613287, ""dy"": -24315.825628678675, ""method"": ""phasecorr@630m""}, {""pair_id"": 9, ""dx"": -43388.601, ""dy"": -26170.083, ""method"": ""from-pair-8""}, {""pair_id"": 10, ""dx"": 2984.7810351296075, ""dy"": -2451.527892847757, ""method"": ""from-pair-4""}, {""pair_id"": 11, ""dx"": 2984.7810351296075, ""dy"": -2451.527892847757, ""method"": ""from-pair-4""}, {""pair_id"": 12, ""dx"": 2984.7810351296075, ""dy"": -2451.527892847757, ""method"": ""from-pair-4""}, {""pair_id"": 13, ""dx"": 24501.50753168467, ""dy"": -25375.95292143412, ""method"": ""phasecorr@630m""}, {""pair_id"": 14, ""dx"": 24974.38249029077, ""dy"": -25708.598336542625, ""method"": ""phasecorr@630m""}, {""pair_id"": 15, ""dx"": -129975.934, ""dy"": -80754.317, ""method"": ""from-pair-16""}, {""pair_id"": 16, ""dx"": -116716.98661316468, ""dy"": -57904.763748692705, ""method"": ""phasecorr@630m""}, {""pair_id"": 17, ""dx"": -129975.934, ""dy"": -80754.317, ""method"": ""from-pair-16""}, {""pair_id"": 18, ""dx"": 7421.331, ""dy"": -39616.631, ""method"": ""from-pair-20""}, {""pair_id"": 19, ""dx"": -76819.38643648359, ""dy"": -11576.503871835088, ""method"": ""phasecorr@630m""}, {""pair_id"": 20, ""dx"": 7802.704969420571, ""dy"": -38054.42182401927, ""method"": ""phasecorr@630m""}, {""pair_id"": 21, ""dx"": -81420.75146909156, ""dy"": -32792.29159885792, ""method"": ""phasecorr@630m""}, {""pair_id"": 22, ""dx"": -53382.54489951132, ""dy"": 9355.97275169869, ""method"": ""phasecorr@630m""}, {""pair_id"": 23, ""dx"": -4147.908346505737, ""dy"": 60491.56911360672, ""method"": ""phasecorr@630m""}, {""pair_id"": 24, ""dx"": -7518.340796436311, ""dy"": 21888.09805308266, ""method"": ""phasecorr@630m""}, {""pair_id"": 25, ""dx"": 32468.12909988714, ""dy"": -15482.493103352437, ""method"": ""phasecorr@630m""}]",29459.0,23.12,"PROJCS[""unnamed"",GEOGCS[""WGS 84"",DATUM[""WGS_1984"",SPHEROID[""WGS 84"",6378137,298.25722293287,AUTHORITY[""EPSG"",""7030""]],AUTHORITY[""EPSG"",""6326""]],PRIMEM[""Greenwich"",0],UNIT[""degree"",0.0174532925199433,AUTHORITY[""EPSG"",""9122""]],AUTHORITY[""EPSG"",""4326""]],PROJECTION[""Lambert_Conformal_Conic_2SP""],PARAMETER[""latitude_of_origin"",14.0374426378078],PARAMETER[""central_meridian"",74.7957258744854],PARAMETER[""standard_parallel_1"",14.4626684058008],PARAMETER[""standard_parallel_2"",13.6198421791193],PARAMETER[""false_easting"",0],PARAMETER[""false_northing"",0],UNIT[""metre"",1,AUTHORITY[""EPSG"",""9001""]],AXIS[""Easting"",EAST],AXIS[""Northing"",NORTH]]",12.7,10.41,/maintenance/ICIGDev/GPUPOC/output/output300/win2048_nfauto/band1_toL8Ref/filtered_same-res_disk_depth,/maintenance/ICIGDev/GPUPOC/output/output300/win2048_nfauto/band1_toL8Ref/final_same-res_disk_depth,/maintenance/ICIGDev/GPUPOC/output/output300/rival/RIVAL_cog_win2048_nfauto_band1_toL8Ref_disk_depth_nn_r630.csv,/maintenance/ICIGDev/GPUPOC/output/output300/rival/RIVAL_cog_win2048_nfauto_band1_toL8Ref_disk_depth_nn_r630_detail.csv,True,1200.0,29209.0,6.0,-241290.0,201600.0,-203175.0,145215.0,-10422.802047314179,-31688.736861926107,10.18294605200737,24188.08042831993,-986006.449350748,-248374.43620769453,88463.98074079651,-2072.4375,-23087.6625,75257.5044194099,66597.34924201187,152493.64031827543,nn,,0.0,,
win2048_nfauto,2048,auto,band1,L8Ref,disk_epipolar,ok,,"[{""pair_id"": 1, ""dx"": -27305.177084728868, ""dy"": -6642.3349438312225, ""method"": ""phasecorr@630m""}, {""pair_id"": 2, ""dx"": -22344.837, ""dy"": 2673.196, ""method"": ""from-pair-1""}, {""pair_id"": 3, ""dx"": -22344.837, ""dy"": 2673.196, ""method"": ""from-pair-1""}, {""pair_id"": 4, ""dx"": 2984.7810351296075, ""dy"": -2451.527892847757, ""method"": ""phasecorr@630m""}, {""pair_id"": 5, ""dx"": -17785.645793294265, ""dy"": -6817.746622855631, ""method"": ""phasecorr@630m""}, {""pair_id"": 6, ""dx"": -17785.645793294265, ""dy"": -6817.746622855631, ""method"": ""from-pair-5""}, {""pair_id"": 7, ""dx"": -43388.601, ""dy"": -26170.083, ""method"": ""from-pair-8""}, {""pair_id"": 8, ""dx"": -36695.52013613287, ""dy"": -24315.825628678675, ""method"": ""phasecorr@630m""}, {""pair_id"": 9, ""dx"": -43388.601, ""dy"": -26170.083, ""method"": ""from-pair-8""}, {""pair_id"": 10, ""dx"": 2984.7810351296075, ""dy"": -2451.527892847757, ""method"": ""from-pair-4""}, {""pair_id"": 11, ""dx"": 2984.7810351296075, ""dy"": -2451.527892847757, ""method"": ""from-pair-4""}, {""pair_id"": 12, ""dx"": 2984.7810351296075, ""dy"": -2451.527892847757, ""method"": ""from-pair-4""}, {""pair_id"": 13, ""dx"": 24501.50753168467, ""dy"": -25375.95292143412, ""method"": ""phasecorr@630m""}, {""pair_id"": 14, ""dx"": 24974.38249029077, ""dy"": -25708.598336542625, ""method"": ""phasecorr@630m""}, {""pair_id"": 15, ""dx"": -1260.0, ""dy"": 7092.5, ""method"": ""matcher@630m""}, {""pair_id"": 16, ""dx"": -945.0, ""dy"": 7420.90625, ""method"": ""matcher@630m""}, {""pair_id"": 17, ""dx"": -945.0, ""dy"": 7420.906, ""method"": ""from-pair-16""}, {""pair_id"": 18, ""dx"": 7421.331, ""dy"": -39616.631, ""method"": ""from-pair-20""}, {""pair_id"": 19, ""dx"": -76819.38643648359, ""dy"": -11576.503871835088, ""method"": ""phasecorr@630m""}, {""pair_id"": 20, ""dx"": 7802.704969420571, ""dy"": -38054.42182401927, ""method"": ""phasecorr@630m""}, {""pair_id"": 21, ""dx"": -81420.75146909156, ""dy"": -32792.29159885792, ""method"": ""phasecorr@630m""}, {""pair_id"": 22, ""dx"": -53382.54489951132, ""dy"": 9355.97275169869, ""method"": ""phasecorr@630m""}, {""pair_id"": 23, ""dx"": -4147.908346505737, ""dy"": 60491.56911360672, ""method"": ""phasecorr@630m""}, {""pair_id"": 24, ""dx"": -7518.340796436311, ""dy"": 21888.09805308266, ""method"": ""phasecorr@630m""}, {""pair_id"": 25, ""dx"": 32468.12909988714, ""dy"": -15482.493103352437, ""method"": ""phasecorr@630m""}]",32269.0,23.12,"PROJCS[""unnamed"",GEOGCS[""WGS 84"",DATUM[""WGS_1984"",SPHEROID[""WGS 84"",6378137,298.25722293287,AUTHORITY[""EPSG"",""7030""]],AUTHORITY[""EPSG"",""6326""]],PRIMEM[""Greenwich"",0],UNIT[""degree"",0.0174532925199433,AUTHORITY[""EPSG"",""9122""]],AUTHORITY[""EPSG"",""4326""]],PROJECTION[""Lambert_Conformal_Conic_2SP""],PARAMETER[""latitude_of_origin"",14.0374426378078],PARAMETER[""central_meridian"",74.7957258744854],PARAMETER[""standard_parallel_1"",14.4626684058008],PARAMETER[""standard_parallel_2"",13.6198421791193],PARAMETER[""false_easting"",0],PARAMETER[""false_northing"",0],UNIT[""metre"",1,AUTHORITY[""EPSG"",""9001""]],AXIS[""Easting"",EAST],AXIS[""Northing"",NORTH]]",11.5,10.31,/maintenance/ICIGDev/GPUPOC/output/output300/win2048_nfauto/band1_toL8Ref/filtered_same-res_disk_epipolar,/maintenance/ICIGDev/GPUPOC/output/output300/win2048_nfauto/band1_toL8Ref/final_same-res_disk_epipolar,/maintenance/ICIGDev/GPUPOC/output/output300/rival/RIVAL_cog_win2048_nfauto_band1_toL8Ref_disk_epipolar_nn_r630.csv,/maintenance/ICIGDev/GPUPOC/output/output300/rival/RIVAL_cog_win2048_nfauto_band1_toL8Ref_disk_epipolar_nn_r630_detail.csv,True,1200.0,31915.0,6.0,-234360.0,229635.0,-192780.0,145215.0,-10271.62541124863,-21173.07316308944,-3.958554811730697,-37112.15211732454,-935331.647960667,36109.63344307662,87725.04215755202,-14404.95,-18340.35,75114.64685648865,62762.72568172928,148534.9052181887,nn,,0.0,,
win2048_nfauto,2048,auto,band1,L8Ref,dedode_L-upright_B-upright,ok,,"[{""pair_id"": 1, ""dx"": -27305.177084728868, ""dy"": -6642.3349438312225, ""method"": ""phasecorr@630m""}, {""pair_id"": 2, ""dx"": -22344.837, ""dy"": 2673.196, ""method"": ""from-pair-1""}, {""pair_id"": 3, ""dx"": -22344.837, ""dy"": 2673.196, ""method"": ""from-pair-1""}, {""pair_id"": 4, ""dx"": 2984.7810351296075, ""dy"": -2451.527892847757, ""method"": ""phasecorr@630m""}, {""pair_id"": 5, ""dx"": -17785.645793294265, ""dy"": -6817.746622855631, ""method"": ""phasecorr@630m""}, {""pair_id"": 6, ""dx"": -17785.645793294265, ""dy"": -6817.746622855631, ""method"": ""from-pair-5""}, {""pair_id"": 7, ""dx"": -43388.601, ""dy"": -26170.083, ""method"": ""from-pair-8""}, {""pair_id"": 8, ""dx"": -36695.52013613287, ""dy"": -24315.825628678675, ""method"": ""phasecorr@630m""}, {""pair_id"": 9, ""dx"": -43388.601, ""dy"": -26170.083, ""method"": ""from-pair-8""}, {""pair_id"": 10, ""dx"": 2984.7810351296075, ""dy"": -2451.527892847757, ""method"": ""from-pair-4""}, {""pair_id"": 11, ""dx"": 2984.7810351296075, ""dy"": -2451.527892847757, ""method"": ""from-pair-4""}, {""pair_id"": 12, ""dx"": 2984.7810351296075, ""dy"": -2451.527892847757, ""method"": ""from-pair-4""}, {""pair_id"": 13, ""dx"": 24501.50753168467, ""dy"": -25375.95292143412, ""method"": ""phasecorr@630m""}, {""pair_id"": 14, ""dx"": 24974.38249029077, ""dy"": -25708.598336542625, ""method"": ""phasecorr@630m""}, {""pair_id"": 15, ""dx"": -129975.934, ""dy"": -80754.317, ""method"": ""from-pair-16""}, {""pair_id"": 16, ""dx"": -116716.98661316468, ""dy"": -57904.763748692705, ""method"": ""phasecorr@630m""}, {""pair_id"": 17, ""dx"": -129975.934, ""dy"": -80754.317, ""method"": ""from-pair-16""}, {""pair_id"": 18, ""dx"": 7421.331, ""dy"": -39616.631, ""method"": ""from-pair-20""}, {""pair_id"": 19, ""dx"": -76819.38643648359, ""dy"": -11576.503871835088, ""method"": ""phasecorr@630m""}, {""pair_id"": 20, ""dx"": 7802.704969420571, ""dy"": -38054.42182401927, ""method"": ""phasecorr@630m""}, {""pair_id"": 21, ""dx"": -81420.75146909156, ""dy"": -32792.29159885792, ""method"": ""phasecorr@630m""}, {""pair_id"": 22, ""dx"": -53382.54489951132, ""dy"": 9355.97275169869, ""method"": ""phasecorr@630m""}, {""pair_id"": 23, ""dx"": -4147.908346505737, ""dy"": 60491.56911360672, ""method"": ""phasecorr@630m""}, {""pair_id"": 24, ""dx"": -7518.340796436311, ""dy"": 21888.09805308266, ""method"": ""phasecorr@630m""}, {""pair_id"": 25, ""dx"": 32468.12909988714, ""dy"": -15482.493103352437, ""method"": ""phasecorr@630m""}]",118006.0,23.13,"PROJCS[""unnamed"",GEOGCS[""WGS 84"",DATUM[""WGS_1984"",SPHEROID[""WGS 84"",6378137,298.25722293287,AUTHORITY[""EPSG"",""7030""]],AUTHORITY[""EPSG"",""6326""]],PRIMEM[""Greenwich"",0],UNIT[""degree"",0.0174532925199433,AUTHORITY[""EPSG"",""9122""]],AUTHORITY[""EPSG"",""4326""]],PROJECTION[""Lambert_Conformal_Conic_2SP""],PARAMETER[""latitude_of_origin"",14.0374426378078],PARAMETER[""central_meridian"",74.7957258744854],PARAMETER[""standard_parallel_1"",14.4626684058008],PARAMETER[""standard_parallel_2"",13.6198421791193],PARAMETER[""false_easting"",0],PARAMETER[""false_northing"",0],UNIT[""metre"",1,AUTHORITY[""EPSG"",""9001""]],AXIS[""Easting"",EAST],AXIS[""Northing"",NORTH]]",135.6,32.93,/maintenance/ICIGDev/GPUPOC/output/output300/win2048_nfauto/band1_toL8Ref/filtered_same-res_dedode_L-upright_B-upright,/maintenance/ICIGDev/GPUPOC/output/output300/win2048_nfauto/band1_toL8Ref/final_same-res_dedode_L-upright_B-upright,/maintenance/ICIGDev/GPUPOC/output/output300/rival/RIVAL_cog_win2048_nfauto_band1_toL8Ref_dedode_L-upright_B-upright_nn_r630.csv,/maintenance/ICIGDev/GPUPOC/output/output300/rival/RIVAL_cog_win2048_nfauto_band1_toL8Ref_dedode_L-upright_B-upright_nn_r630_detail.csv,True,1000.0,117928.0,5.0,-246329.9946,195299.998,-197505.0,137025.0,10856.57540979633,-35781.76536060356,6.021970237799636,-174346.4287505796,-1042114.4222231087,-243566.0986661808,83747.06407216137,-3024.94520377,-49936.320622,76495.10974157839,79540.02586832966,167457.57598349496,nn,18713.524548089892,1.0,14260.79583782899,12117.165637380815
win2048_nfauto,2048,auto,band1,L8Ref,dedode_L-upright_B-C4,ok,,"[{""pair_id"": 1, ""dx"": -27305.177084728868, ""dy"": -6642.3349438312225, ""method"": ""phasecorr@630m""}, {""pair_id"": 2, ""dx"": -22344.837, ""dy"": 2673.196, ""method"": ""from-pair-1""}, {""pair_id"": 3, ""dx"": -22344.837, ""dy"": 2673.196, ""method"": ""from-pair-1""}, {""pair_id"": 4, ""dx"": 2984.7810351296075, ""dy"": -2451.527892847757, ""method"": ""phasecorr@630m""}, {""pair_id"": 5, ""dx"": -17785.645793294265, ""dy"": -6817.746622855631, ""method"": ""phasecorr@630m""}, {""pair_id"": 6, ""dx"": -17785.645793294265, ""dy"": -6817.746622855631, ""method"": ""from-pair-5""}, {""pair_id"": 7, ""dx"": -43388.601, ""dy"": -26170.083, ""method"": ""from-pair-8""}, {""pair_id"": 8, ""dx"": -36695.52013613287, ""dy"": -24315.825628678675, ""method"": ""phasecorr@630m""}, {""pair_id"": 9, ""dx"": -43388.601, ""dy"": -26170.083, ""method"": ""from-pair-8""}, {""pair_id"": 10, ""dx"": 2984.7810351296075, ""dy"": -2451.527892847757, ""method"": ""from-pair-4""}, {""pair_id"": 11, ""dx"": 2984.7810351296075, ""dy"": -2451.527892847757, ""method"": ""from-pair-4""}, {""pair_id"": 12, ""dx"": 2984.7810351296075, ""dy"": -2451.527892847757, ""method"": ""from-pair-4""}, {""pair_id"": 13, ""dx"": 24501.50753168467, ""dy"": -25375.95292143412, ""method"": ""phasecorr@630m""}, {""pair_id"": 14, ""dx"": 24974.38249029077, ""dy"": -25708.598336542625, ""method"": ""phasecorr@630m""}, {""pair_id"": 15, ""dx"": -129975.934, ""dy"": -80754.317, ""method"": ""from-pair-16""}, {""pair_id"": 16, ""dx"": -116716.98661316468, ""dy"": -57904.763748692705, ""method"": ""phasecorr@630m""}, {""pair_id"": 17, ""dx"": -129975.934, ""dy"": -80754.317, ""method"": ""from-pair-16""}, {""pair_id"": 18, ""dx"": 7421.331, ""dy"": -39616.631, ""method"": ""from-pair-20""}, {""pair_id"": 19, ""dx"": -76819.38643648359, ""dy"": -11576.503871835088, ""method"": ""phasecorr@630m""}, {""pair_id"": 20, ""dx"": 7802.704969420571, ""dy"": -38054.42182401927, ""method"": ""phasecorr@630m""}, {""pair_id"": 21, ""dx"": -81420.75146909156, ""dy"": -32792.29159885792, ""method"": ""phasecorr@630m""}, {""pair_id"": 22, ""dx"": -53382.54489951132, ""dy"": 9355.97275169869, ""method"": ""phasecorr@630m""}, {""pair_id"": 23, ""dx"": -4147.908346505737, ""dy"": 60491.56911360672, ""method"": ""phasecorr@630m""}, {""pair_id"": 24, ""dx"": -7518.340796436311, ""dy"": 21888.09805308266, ""method"": ""phasecorr@630m""}, {""pair_id"": 25, ""dx"": 32468.12909988714, ""dy"": -15482.493103352437, ""method"": ""phasecorr@630m""}]",148286.0,23.14,"PROJCS[""unnamed"",GEOGCS[""WGS 84"",DATUM[""WGS_1984"",SPHEROID[""WGS 84"",6378137,298.25722293287,AUTHORITY[""EPSG"",""7030""]],AUTHORITY[""EPSG"",""6326""]],PRIMEM[""Greenwich"",0],UNIT[""degree"",0.0174532925199433,AUTHORITY[""EPSG"",""9122""]],AUTHORITY[""EPSG"",""4326""]],PROJECTION[""Lambert_Conformal_Conic_2SP""],PARAMETER[""latitude_of_origin"",14.0374426378078],PARAMETER[""central_meridian"",74.7957258744854],PARAMETER[""standard_parallel_1"",14.4626684058008],PARAMETER[""standard_parallel_2"",13.6198421791193],PARAMETER[""false_easting"",0],PARAMETER[""false_northing"",0],UNIT[""metre"",1,AUTHORITY[""EPSG"",""9001""]],AXIS[""Easting"",EAST],AXIS[""Northing"",NORTH]]",25.6,25.42,/maintenance/ICIGDev/GPUPOC/output/output300/win2048_nfauto/band1_toL8Ref/filtered_same-res_dedode_L-upright_B-C4,/maintenance/ICIGDev/GPUPOC/output/output300/win2048_nfauto/band1_toL8Ref/final_same-res_dedode_L-upright_B-C4,/maintenance/ICIGDev/GPUPOC/output/output300/rival/RIVAL_cog_win2048_nfauto_band1_toL8Ref_dedode_L-upright_B-C4_nn_r630.csv,/maintenance/ICIGDev/GPUPOC/output/output300/rival/RIVAL_cog_win2048_nfauto_band1_toL8Ref_dedode_L-upright_B-C4_nn_r630_detail.csv,True,1200.0,148234.0,6.0,-238770.0,204435.0,-208845.0,145215.0,18650.2892469883,-25752.537264496965,-3.6717031038957937,-166637.3100560703,-995003.0407649957,-57886.14674115139,84389.68168457372,3944.587133633333,-39250.838106175004,75994.13304244977,78985.91067827292,166324.56910249527,nn,81706.39899968664,1.0,60013.19977461092,-55446.834808748405
win2048_nfauto,2048,auto,band1,L8Ref,dedode_L-C4_B-upright,ok,,"[{""pair_id"": 1, ""dx"": -27305.177084728868, ""dy"": -6642.3349438312225, ""method"": ""phasecorr@630m""}, {""pair_id"": 2, ""dx"": -22344.837, ""dy"": 2673.196, ""method"": ""from-pair-1""}, {""pair_id"": 3, ""dx"": -22344.837, ""dy"": 2673.196, ""method"": ""from-pair-1""}, {""pair_id"": 4, ""dx"": 2984.7810351296075, ""dy"": -2451.527892847757, ""method"": ""phasecorr@630m""}, {""pair_id"": 5, ""dx"": -17785.645793294265, ""dy"": -6817.746622855631, ""method"": ""phasecorr@630m""}, {""pair_id"": 6, ""dx"": -17785.645793294265, ""dy"": -6817.746622855631, ""method"": ""from-pair-5""}, {""pair_id"": 7, ""dx"": -43388.601, ""dy"": -26170.083, ""method"": ""from-pair-8""}, {""pair_id"": 8, ""dx"": -36695.52013613287, ""dy"": -24315.825628678675, ""method"": ""phasecorr@630m""}, {""pair_id"": 9, ""dx"": -43388.601, ""dy"": -26170.083, ""method"": ""from-pair-8""}, {""pair_id"": 10, ""dx"": 2984.7810351296075, ""dy"": -2451.527892847757, ""method"": ""from-pair-4""}, {""pair_id"": 11, ""dx"": 2984.7810351296075, ""dy"": -2451.527892847757, ""method"": ""from-pair-4""}, {""pair_id"": 12, ""dx"": 2984.7810351296075, ""dy"": -2451.527892847757, ""method"": ""from-pair-4""}, {""pair_id"": 13, ""dx"": 24501.50753168467, ""dy"": -25375.95292143412, ""method"": ""phasecorr@630m""}, {""pair_id"": 14, ""dx"": 24974.38249029077, ""dy"": -25708.598336542625, ""method"": ""phasecorr@630m""}, {""pair_id"": 15, ""dx"": -129975.934, ""dy"": -80754.317, ""method"": ""from-pair-16""}, {""pair_id"": 16, ""dx"": -116716.98661316468, ""dy"": -57904.763748692705, ""method"": ""phasecorr@630m""}, {""pair_id"": 17, ""dx"": -129975.934, ""dy"": -80754.317, ""method"": ""from-pair-16""}, {""pair_id"": 18, ""dx"": 7421.331, ""dy"": -39616.631, ""method"": ""from-pair-20""}, {""pair_id"": 19, ""dx"": -76819.38643648359, ""dy"": -11576.503871835088, ""method"": ""phasecorr@630m""}, {""pair_id"": 20, ""dx"": 7802.704969420571, ""dy"": -38054.42182401927, ""method"": ""phasecorr@630m""}, {""pair_id"": 21, ""dx"": -81420.75146909156, ""dy"": -32792.29159885792, ""method"": ""phasecorr@630m""}, {""pair_id"": 22, ""dx"": -53382.54489951132, ""dy"": 9355.97275169869, ""method"": ""phasecorr@630m""}, {""pair_id"": 23, ""dx"": -4147.908346505737, ""dy"": 60491.56911360672, ""method"": ""phasecorr@630m""}, {""pair_id"": 24, ""dx"": -7518.340796436311, ""dy"": 21888.09805308266, ""method"": ""phasecorr@630m""}, {""pair_id"": 25, ""dx"": 32468.12909988714, ""dy"": -15482.493103352437, ""method"": ""phasecorr@630m""}]",96634.0,23.15,"PROJCS[""unnamed"",GEOGCS[""WGS 84"",DATUM[""WGS_1984"",SPHEROID[""WGS 84"",6378137,298.25722293287,AUTHORITY[""EPSG"",""7030""]],AUTHORITY[""EPSG"",""6326""]],PRIMEM[""Greenwich"",0],UNIT[""degree"",0.0174532925199433,AUTHORITY[""EPSG"",""9122""]],AUTHORITY[""EPSG"",""4326""]],PROJECTION[""Lambert_Conformal_Conic_2SP""],PARAMETER[""latitude_of_origin"",14.0374426378078],PARAMETER[""central_meridian"",74.7957258744854],PARAMETER[""standard_parallel_1"",14.4626684058008],PARAMETER[""standard_parallel_2"",13.6198421791193],PARAMETER[""false_easting"",0],PARAMETER[""false_northing"",0],UNIT[""metre"",1,AUTHORITY[""EPSG"",""9001""]],AXIS[""Easting"",EAST],AXIS[""Northing"",NORTH]]",26.5,26.8,/maintenance/ICIGDev/GPUPOC/output/output300/win2048_nfauto/band1_toL8Ref/filtered_same-res_dedode_L-C4_B-upright,/maintenance/ICIGDev/GPUPOC/output/output300/win2048_nfauto/band1_toL8Ref/final_same-res_dedode_L-C4_B-upright,/maintenance/ICIGDev/GPUPOC/output/output300/rival/RIVAL_cog_win2048_nfauto_band1_toL8Ref_dedode_L-C4_B-upright_nn_r630.csv,/maintenance/ICIGDev/GPUPOC/output/output300/rival/RIVAL_cog_win2048_nfauto_band1_toL8Ref_dedode_L-C4_B-upright_nn_r630_detail.csv,True,800.0,96539.0,4.0,-243810.0005,201285.0,-187740.0,137970.0,-5445.634003593332,-27886.743201554633,2.6407655369977485,-457062.2054114123,-811453.3041755434,-154093.33332903186,76952.19939931322,-4919.906188500001,-41107.5005205125,80999.8040464151,71735.49579591703,164186.17841082375,nn,,0.0,,
win2048_nfauto,2048,auto,band1,L8Ref,dedode_L-C4_B-C4,ok,,"[{""pair_id"": 1, ""dx"": -27305.177084728868, ""dy"": -6642.3349438312225, ""method"": ""phasecorr@630m""}, {""pair_id"": 2, ""dx"": -22344.837, ""dy"": 2673.196, ""method"": ""from-pair-1""}, {""pair_id"": 3, ""dx"": -22344.837, ""dy"": 2673.196, ""method"": ""from-pair-1""}, {""pair_id"": 4, ""dx"": 2984.7810351296075, ""dy"": -2451.527892847757, ""method"": ""phasecorr@630m""}, {""pair_id"": 5, ""dx"": -17785.645793294265, ""dy"": -6817.746622855631, ""method"": ""phasecorr@630m""}, {""pair_id"": 6, ""dx"": -17785.645793294265, ""dy"": -6817.746622855631, ""method"": ""from-pair-5""}, {""pair_id"": 7, ""dx"": -43388.601, ""dy"": -26170.083, ""method"": ""from-pair-8""}, {""pair_id"": 8, ""dx"": -36695.52013613287, ""dy"": -24315.825628678675, ""method"": ""phasecorr@630m""}, {""pair_id"": 9, ""dx"": -43388.601, ""dy"": -26170.083, ""method"": ""from-pair-8""}, {""pair_id"": 10, ""dx"": 2984.7810351296075, ""dy"": -2451.527892847757, ""method"": ""from-pair-4""}, {""pair_id"": 11, ""dx"": 2984.7810351296075, ""dy"": -2451.527892847757, ""method"": ""from-pair-4""}, {""pair_id"": 12, ""dx"": 2984.7810351296075, ""dy"": -2451.527892847757, ""method"": ""from-pair-4""}, {""pair_id"": 13, ""dx"": 24501.50753168467, ""dy"": -25375.95292143412, ""method"": ""phasecorr@630m""}, {""pair_id"": 14, ""dx"": 24974.38249029077, ""dy"": -25708.598336542625, ""method"": ""phasecorr@630m""}, {""pair_id"": 15, ""dx"": -129975.934, ""dy"": -80754.317, ""method"": ""from-pair-16""}, {""pair_id"": 16, ""dx"": -116716.98661316468, ""dy"": -57904.763748692705, ""method"": ""phasecorr@630m""}, {""pair_id"": 17, ""dx"": -129975.934, ""dy"": -80754.317, ""method"": ""from-pair-16""}, {""pair_id"": 18, ""dx"": 7421.331, ""dy"": -39616.631, ""method"": ""from-pair-20""}, {""pair_id"": 19, ""dx"": -76819.38643648359, ""dy"": -11576.503871835088, ""method"": ""phasecorr@630m""}, {""pair_id"": 20, ""dx"": 7802.704969420571, ""dy"": -38054.42182401927, ""method"": ""phasecorr@630m""}, {""pair_id"": 21, ""dx"": -81420.75146909156, ""dy"": -32792.29159885792, ""method"": ""phasecorr@630m""}, {""pair_id"": 22, ""dx"": -53382.54489951132, ""dy"": 9355.97275169869, ""method"": ""phasecorr@630m""}, {""pair_id"": 23, ""dx"": -4147.908346505737, ""dy"": 60491.56911360672, ""method"": ""phasecorr@630m""}, {""pair_id"": 24, ""dx"": -7518.340796436311, ""dy"": 21888.09805308266, ""method"": ""phasecorr@630m""}, {""pair_id"": 25, ""dx"": 32468.12909988714, ""dy"": -15482.493103352437, ""method"": ""phasecorr@630m""}]",136650.0,23.16,"PROJCS[""unnamed"",GEOGCS[""WGS 84"",DATUM[""WGS_1984"",SPHEROID[""WGS 84"",6378137,298.25722293287,AUTHORITY[""EPSG"",""7030""]],AUTHORITY[""EPSG"",""6326""]],PRIMEM[""Greenwich"",0],UNIT[""degree"",0.0174532925199433,AUTHORITY[""EPSG"",""9122""]],AUTHORITY[""EPSG"",""4326""]],PROJECTION[""Lambert_Conformal_Conic_2SP""],PARAMETER[""latitude_of_origin"",14.0374426378078],PARAMETER[""central_meridian"",74.7957258744854],PARAMETER[""standard_parallel_1"",14.4626684058008],PARAMETER[""standard_parallel_2"",13.6198421791193],PARAMETER[""false_easting"",0],PARAMETER[""false_northing"",0],UNIT[""metre"",1,AUTHORITY[""EPSG"",""9001""]],AXIS[""Easting"",EAST],AXIS[""Northing"",NORTH]]",25.9,26.2,/maintenance/ICIGDev/GPUPOC/output/output300/win2048_nfauto/band1_toL8Ref/filtered_same-res_dedode_L-C4_B-C4,/maintenance/ICIGDev/GPUPOC/output/output300/win2048_nfauto/band1_toL8Ref/final_same-res_dedode_L-C4_B-C4,/maintenance/ICIGDev/GPUPOC/output/output300/rival/RIVAL_cog_win2048_nfauto_band1_toL8Ref_dedode_L-C4_B-C4_nn_r630.csv,/maintenance/ICIGDev/GPUPOC/output/output300/rival/RIVAL_cog_win2048_nfauto_band1_toL8Ref_dedode_L-C4_B-C4_nn_r630_detail.csv,True,1200.0,136537.0,6.0,-234360.0059,194984.98,-203490.0,139545.0,1857.9643623061347,-31102.94050470045,4.949356731077463,-187810.29898935783,-961301.4156521588,-95861.56433263305,80157.95842648933,5436.637597375001,-42291.63793533333,75210.5389824153,78393.50275318442,164852.51890304312,nn,104391.18591712494,1.0,104231.98402489262,5763.089745811041
win2048_nfauto,2048,auto,band1,L8Ref,dedode_L-C4-v2_B-upright,ok,,"[{""pair_id"": 1, ""dx"": -27305.177084728868, ""dy"": -6642.3349438312225, ""method"": ""phasecorr@630m""}, {""pair_id"": 2, ""dx"": -22344.837, ""dy"": 2673.196, ""method"": ""from-pair-1""}, {""pair_id"": 3, ""dx"": -22344.837, ""dy"": 2673.196, ""method"": ""from-pair-1""}, {""pair_id"": 4, ""dx"": 2984.7810351296075, ""dy"": -2451.527892847757, ""method"": ""phasecorr@630m""}, {""pair_id"": 5, ""dx"": -17785.645793294265, ""dy"": -6817.746622855631, ""method"": ""phasecorr@630m""}, {""pair_id"": 6, ""dx"": -17785.645793294265, ""dy"": -6817.746622855631, ""method"": ""from-pair-5""}, {""pair_id"": 7, ""dx"": -43388.601, ""dy"": -26170.083, ""method"": ""from-pair-8""}, {""pair_id"": 8, ""dx"": -36695.52013613287, ""dy"": -24315.825628678675, ""method"": ""phasecorr@630m""}, {""pair_id"": 9, ""dx"": -43388.601, ""dy"": -26170.083, ""method"": ""from-pair-8""}, {""pair_id"": 10, ""dx"": 2984.7810351296075, ""dy"": -2451.527892847757, ""method"": ""from-pair-4""}, {""pair_id"": 11, ""dx"": 2984.7810351296075, ""dy"": -2451.527892847757, ""method"": ""from-pair-4""}, {""pair_id"": 12, ""dx"": 2984.7810351296075, ""dy"": -2451.527892847757, ""method"": ""from-pair-4""}, {""pair_id"": 13, ""dx"": 24501.50753168467, ""dy"": -25375.95292143412, ""method"": ""phasecorr@630m""}, {""pair_id"": 14, ""dx"": 24974.38249029077, ""dy"": -25708.598336542625, ""method"": ""phasecorr@630m""}, {""pair_id"": 15, ""dx"": -129975.934, ""dy"": -80754.317, ""method"": ""from-pair-16""}, {""pair_id"": 16, ""dx"": -116716.98661316468, ""dy"": -57904.763748692705, ""method"": ""phasecorr@630m""}, {""pair_id"": 17, ""dx"": -129975.934, ""dy"": -80754.317, ""method"": ""from-pair-16""}, {""pair_id"": 18, ""dx"": 7421.331, ""dy"": -39616.631, ""method"": ""from-pair-20""}, {""pair_id"": 19, ""dx"": -76819.38643648359, ""dy"": -11576.503871835088, ""method"": ""phasecorr@630m""}, {""pair_id"": 20, ""dx"": 7802.704969420571, ""dy"": -38054.42182401927, ""method"": ""phasecorr@630m""}, {""pair_id"": 21, ""dx"": -81420.75146909156, ""dy"": -32792.29159885792, ""method"": ""phasecorr@630m""}, {""pair_id"": 22, ""dx"": -53382.54489951132, ""dy"": 9355.97275169869, ""method"": ""phasecorr@630m""}, {""pair_id"": 23, ""dx"": -4147.908346505737, ""dy"": 60491.56911360672, ""method"": ""phasecorr@630m""}, {""pair_id"": 24, ""dx"": -7518.340796436311, ""dy"": 21888.09805308266, ""method"": ""phasecorr@630m""}, {""pair_id"": 25, ""dx"": 32468.12909988714, ""dy"": -15482.493103352437, ""method"": ""phasecorr@630m""}]",115069.0,23.18,"PROJCS[""unnamed"",GEOGCS[""WGS 84"",DATUM[""WGS_1984"",SPHEROID[""WGS 84"",6378137,298.25722293287,AUTHORITY[""EPSG"",""7030""]],AUTHORITY[""EPSG"",""6326""]],PRIMEM[""Greenwich"",0],UNIT[""degree"",0.0174532925199433,AUTHORITY[""EPSG"",""9122""]],AUTHORITY[""EPSG"",""4326""]],PROJECTION[""Lambert_Conformal_Conic_2SP""],PARAMETER[""latitude_of_origin"",14.0374426378078],PARAMETER[""central_meridian"",74.7957258744854],PARAMETER[""standard_parallel_1"",14.4626684058008],PARAMETER[""standard_parallel_2"",13.6198421791193],PARAMETER[""false_easting"",0],PARAMETER[""false_northing"",0],UNIT[""metre"",1,AUTHORITY[""EPSG"",""9001""]],AXIS[""Easting"",EAST],AXIS[""Northing"",NORTH]]",28.1,27.0,/maintenance/ICIGDev/GPUPOC/output/output300/win2048_nfauto/band1_toL8Ref/filtered_same-res_dedode_L-C4-v2_B-upright,/maintenance/ICIGDev/GPUPOC/output/output300/win2048_nfauto/band1_toL8Ref/final_same-res_dedode_L-C4-v2_B-upright,/maintenance/ICIGDev/GPUPOC/output/output300/rival/RIVAL_cog_win2048_nfauto_band1_toL8Ref_dedode_L-C4-v2_B-upright_nn_r630.csv,/maintenance/ICIGDev/GPUPOC/output/output300/rival/RIVAL_cog_win2048_nfauto_band1_toL8Ref_dedode_L-C4-v2_B-upright_nn_r630_detail.csv,True,800.0,114916.0,4.0,-245069.994,210105.0,-208530.0,141435.0,621.5407870782866,-59659.75770928909,-5.4693253203401575,-41061.36923299968,-825164.7201632614,26615.87325152342,89155.35704229785,-9878.4000574375,-44291.75676175,82383.92659381928,74759.34788104228,168813.09175577894,nn,,0.0,,
win2048_nfauto,2048,auto,band1,L8Ref,dedode_L-C4-v2_B-C4,ok,,"[{""pair_id"": 1, ""dx"": -27305.177084728868, ""dy"": -6642.3349438312225, ""method"": ""phasecorr@630m""}, {""pair_id"": 2, ""dx"": -22344.837, ""dy"": 2673.196, ""method"": ""from-pair-1""}, {""pair_id"": 3, ""dx"": -22344.837, ""dy"": 2673.196, ""method"": ""from-pair-1""}, {""pair_id"": 4, ""dx"": 2984.7810351296075, ""dy"": -2451.527892847757, ""method"": ""phasecorr@630m""}, {""pair_id"": 5, ""dx"": -17785.645793294265, ""dy"": -6817.746622855631, ""method"": ""phasecorr@630m""}, {""pair_id"": 6, ""dx"": -17785.645793294265, ""dy"": -6817.746622855631, ""method"": ""from-pair-5""}, {""pair_id"": 7, ""dx"": -43388.601, ""dy"": -26170.083, ""method"": ""from-pair-8""}, {""pair_id"": 8, ""dx"": -36695.52013613287, ""dy"": -24315.825628678675, ""method"": ""phasecorr@630m""}, {""pair_id"": 9, ""dx"": -43388.601, ""dy"": -26170.083, ""method"": ""from-pair-8""}, {""pair_id"": 10, ""dx"": 2984.7810351296075, ""dy"": -2451.527892847757, ""method"": ""from-pair-4""}, {""pair_id"": 11, ""dx"": 2984.7810351296075, ""dy"": -2451.527892847757, ""method"": ""from-pair-4""}, {""pair_id"": 12, ""dx"": 2984.7810351296075, ""dy"": -2451.527892847757, ""method"": ""from-pair-4""}, {""pair_id"": 13, ""dx"": 24501.50753168467, ""dy"": -25375.95292143412, ""method"": ""phasecorr@630m""}, {""pair_id"": 14, ""dx"": 24974.38249029077, ""dy"": -25708.598336542625, ""method"": ""phasecorr@630m""}, {""pair_id"": 15, ""dx"": -129975.934, ""dy"": -80754.317, ""method"": ""from-pair-16""}, {""pair_id"": 16, ""dx"": -116716.98661316468, ""dy"": -57904.763748692705, ""method"": ""phasecorr@630m""}, {""pair_id"": 17, ""dx"": -129975.934, ""dy"": -80754.317, ""method"": ""from-pair-16""}, {""pair_id"": 18, ""dx"": 7421.331, ""dy"": -39616.631, ""method"": ""from-pair-20""}, {""pair_id"": 19, ""dx"": -76819.38643648359, ""dy"": -11576.503871835088, ""method"": ""phasecorr@630m""}, {""pair_id"": 20, ""dx"": 7802.704969420571, ""dy"": -38054.42182401927, ""method"": ""phasecorr@630m""}, {""pair_id"": 21, ""dx"": -81420.75146909156, ""dy"": -32792.29159885792, ""method"": ""phasecorr@630m""}, {""pair_id"": 22, ""dx"": -53382.54489951132, ""dy"": 9355.97275169869, ""method"": ""phasecorr@630m""}, {""pair_id"": 23, ""dx"": -4147.908346505737, ""dy"": 60491.56911360672, ""method"": ""phasecorr@630m""}, {""pair_id"": 24, ""dx"": -7518.340796436311, ""dy"": 21888.09805308266, ""method"": ""phasecorr@630m""}, {""pair_id"": 25, ""dx"": 32468.12909988714, ""dy"": -15482.493103352437, ""method"": ""phasecorr@630m""}]",167968.0,23.19,"PROJCS[""unnamed"",GEOGCS[""WGS 84"",DATUM[""WGS_1984"",SPHEROID[""WGS 84"",6378137,298.25722293287,AUTHORITY[""EPSG"",""7030""]],AUTHORITY[""EPSG"",""6326""]],PRIMEM[""Greenwich"",0],UNIT[""degree"",0.0174532925199433,AUTHORITY[""EPSG"",""9122""]],AUTHORITY[""EPSG"",""4326""]],PROJECTION[""Lambert_Conformal_Conic_2SP""],PARAMETER[""latitude_of_origin"",14.0374426378078],PARAMETER[""central_meridian"",74.7957258744854],PARAMETER[""standard_parallel_1"",14.4626684058008],PARAMETER[""standard_parallel_2"",13.6198421791193],PARAMETER[""false_easting"",0],PARAMETER[""false_northing"",0],UNIT[""metre"",1,AUTHORITY[""EPSG"",""9001""]],AXIS[""Easting"",EAST],AXIS[""Northing"",NORTH]]",26.9,25.43,/maintenance/ICIGDev/GPUPOC/output/output300/win2048_nfauto/band1_toL8Ref/filtered_same-res_dedode_L-C4-v2_B-C4,/maintenance/ICIGDev/GPUPOC/output/output300/win2048_nfauto/band1_toL8Ref/final_same-res_dedode_L-C4-v2_B-C4,/maintenance/ICIGDev/GPUPOC/output/output300/rival/RIVAL_cog_win2048_nfauto_band1_toL8Ref_dedode_L-C4-v2_B-C4_nn_r630.csv,/maintenance/ICIGDev/GPUPOC/output/output300/rival/RIVAL_cog_win2048_nfauto_band1_toL8Ref_dedode_L-C4-v2_B-C4_nn_r630_detail.csv,True,1200.0,167904.0,6.0,-245700.0,204434.998,-209475.0,147105.0,6524.77960884845,-48971.337721407035,-4.328933675797889,-93718.02189256095,-899200.4687196187,-18707.73186260316,85563.83604659635,-205.27519158333308,-39604.425417,75533.43994652857,77604.92594079809,164332.49905012324,nn,,0.0,,
win2048_nfauto,2048,auto,band1,L8Ref,keynet,ok,,"[{""pair_id"": 1, ""dx"": -27305.177084728868, ""dy"": -6642.3349438312225, ""method"": ""phasecorr@630m""}, {""pair_id"": 2, ""dx"": -22344.837, ""dy"": 2673.196, ""method"": ""from-pair-1""}, {""pair_id"": 3, ""dx"": -22344.837, ""dy"": 2673.196, ""method"": ""from-pair-1""}, {""pair_id"": 4, ""dx"": 2984.7810351296075, ""dy"": -2451.527892847757, ""method"": ""phasecorr@630m""}, {""pair_id"": 5, ""dx"": -17785.645793294265, ""dy"": -6817.746622855631, ""method"": ""phasecorr@630m""}, {""pair_id"": 6, ""dx"": -17785.645793294265, ""dy"": -6817.746622855631, ""method"": ""from-pair-5""}, {""pair_id"": 7, ""dx"": -43388.601, ""dy"": -26170.083, ""method"": ""from-pair-8""}, {""pair_id"": 8, ""dx"": -36695.52013613287, ""dy"": -24315.825628678675, ""method"": ""phasecorr@630m""}, {""pair_id"": 9, ""dx"": -43388.601, ""dy"": -26170.083, ""method"": ""from-pair-8""}, {""pair_id"": 10, ""dx"": 2984.7810351296075, ""dy"": -2451.527892847757, ""method"": ""from-pair-4""}, {""pair_id"": 11, ""dx"": 2984.7810351296075, ""dy"": -2451.527892847757, ""method"": ""from-pair-4""}, {""pair_id"": 12, ""dx"": 2984.7810351296075, ""dy"": -2451.527892847757, ""method"": ""from-pair-4""}, {""pair_id"": 13, ""dx"": 24501.50753168467, ""dy"": -25375.95292143412, ""method"": ""phasecorr@630m""}, {""pair_id"": 14, ""dx"": 24974.38249029077, ""dy"": -25708.598336542625, ""method"": ""phasecorr@630m""}, {""pair_id"": 15, ""dx"": -129975.934, ""dy"": -80754.317, ""method"": ""from-pair-16""}, {""pair_id"": 16, ""dx"": -116716.98661316468, ""dy"": -57904.763748692705, ""method"": ""phasecorr@630m""}, {""pair_id"": 17, ""dx"": -129975.934, ""dy"": -80754.317, ""method"": ""from-pair-16""}, {""pair_id"": 18, ""dx"": 7421.331, ""dy"": -39616.631, ""method"": ""from-pair-20""}, {""pair_id"": 19, ""dx"": -76819.38643648359, ""dy"": -11576.503871835088, ""method"": ""phasecorr@630m""}, {""pair_id"": 20, ""dx"": 7802.704969420571, ""dy"": -38054.42182401927, ""method"": ""phasecorr@630m""}, {""pair_id"": 21, ""dx"": -81420.75146909156, ""dy"": -32792.29159885792, ""method"": ""phasecorr@630m""}, {""pair_id"": 22, ""dx"": -53382.54489951132, ""dy"": 9355.97275169869, ""method"": ""phasecorr@630m""}, {""pair_id"": 23, ""dx"": -4147.908346505737, ""dy"": 60491.56911360672, ""method"": ""phasecorr@630m""}, {""pair_id"": 24, ""dx"": -7518.340796436311, ""dy"": 21888.09805308266, ""method"": ""phasecorr@630m""}, {""pair_id"": 25, ""dx"": 32468.12909988714, ""dy"": -15482.493103352437, ""method"": ""phasecorr@630m""}]",14858.0,23.2,"PROJCS[""unnamed"",GEOGCS[""WGS 84"",DATUM[""WGS_1984"",SPHEROID[""WGS 84"",6378137,298.25722293287,AUTHORITY[""EPSG"",""7030""]],AUTHORITY[""EPSG"",""6326""]],PRIMEM[""Greenwich"",0],UNIT[""degree"",0.0174532925199433,AUTHORITY[""EPSG"",""9122""]],AUTHORITY[""EPSG"",""4326""]],PROJECTION[""Lambert_Conformal_Conic_2SP""],PARAMETER[""latitude_of_origin"",14.0374426378078],PARAMETER[""central_meridian"",74.7957258744854],PARAMETER[""standard_parallel_1"",14.4626684058008],PARAMETER[""standard_parallel_2"",13.6198421791193],PARAMETER[""false_easting"",0],PARAMETER[""false_northing"",0],UNIT[""metre"",1,AUTHORITY[""EPSG"",""9001""]],AXIS[""Easting"",EAST],AXIS[""Northing"",NORTH]]",40.6,4.65,/maintenance/ICIGDev/GPUPOC/output/output300/win2048_nfauto/band1_toL8Ref/filtered_same-res_keynet,/maintenance/ICIGDev/GPUPOC/output/output300/win2048_nfauto/band1_toL8Ref/final_same-res_keynet,/maintenance/ICIGDev/GPUPOC/output/output300/rival/RIVAL_cog_win2048_nfauto_band1_toL8Ref_keynet_nn_r630.csv,/maintenance/ICIGDev/GPUPOC/output/output300/rival/RIVAL_cog_win2048_nfauto_band1_toL8Ref_keynet_nn_r630_detail.csv,True,1200.0,14845.0,6.0,-245734.17,205508.197,-204828.43,137651.13,14983.2224449482,-32630.798020138638,8.934552489489432,162416.0961875032,-1031820.3651402866,-206855.11108276097,90892.67041152705,-1604.5647800000004,-30579.023048558334,75679.271008802,75190.77123546184,161884.40391106,nn,,0.0,,
win2048_nfauto,2048,auto,band1,L8Ref,dog_hardnet,ok,,"[{""pair_id"": 1, ""dx"": -27305.177084728868, ""dy"": -6642.3349438312225, ""method"": ""phasecorr@630m""}, {""pair_id"": 2, ""dx"": -22344.837, ""dy"": 2673.196, ""method"": ""from-pair-1""}, {""pair_id"": 3, ""dx"": -22344.837, ""dy"": 2673.196, ""method"": ""from-pair-1""}, {""pair_id"": 4, ""dx"": 2984.7810351296075, ""dy"": -2451.527892847757, ""method"": ""phasecorr@630m""}, {""pair_id"": 5, ""dx"": -17785.645793294265, ""dy"": -6817.746622855631, ""method"": ""phasecorr@630m""}, {""pair_id"": 6, ""dx"": -17785.645793294265, ""dy"": -6817.746622855631, ""method"": ""from-pair-5""}, {""pair_id"": 7, ""dx"": -43388.601, ""dy"": -26170.083, ""method"": ""from-pair-8""}, {""pair_id"": 8, ""dx"": -36695.52013613287, ""dy"": -24315.825628678675, ""method"": ""phasecorr@630m""}, {""pair_id"": 9, ""dx"": -43388.601, ""dy"": -26170.083, ""method"": ""from-pair-8""}, {""pair_id"": 10, ""dx"": -646.43, ""dy"": 7366.688, ""method"": ""from-pair-11""}, {""pair_id"": 11, ""dx"": -646.4296875, ""dy"": 7366.6875, ""method"": ""matcher@630m""}, {""pair_id"": 12, ""dx"": -297.54296875, ""dy"": 7593.22265625, ""method"": ""matcher@630m""}, {""pair_id"": 13, ""dx"": 24501.50753168467, ""dy"": -25375.95292143412, ""method"": ""phasecorr@630m""}, {""pair_id"": 14, ""dx"": 24974.38249029077, ""dy"": -25708.598336542625, ""method"": ""phasecorr@630m""}, {""pair_id"": 15, ""dx"": -1374.2421875, ""dy"": 7091.66796875, ""method"": ""matcher@630m""}, {""pair_id"": 16, ""dx"": -1486.203125, ""dy"": 6907.296875, ""method"": ""matcher@630m""}, {""pair_id"": 17, ""dx"": -1486.203, ""dy"": 6907.297, ""method"": ""from-pair-16""}, {""pair_id"": 18, ""dx"": 7421.331, ""dy"": -39616.631, ""method"": ""from-pair-20""}, {""pair_id"": 19, ""dx"": -76819.38643648359, ""dy"": -11576.503871835088, ""method"": ""phasecorr@630m""}, {""pair_id"": 20, ""dx"": 7802.704969420571, ""dy"": -38054.42182401927, ""method"": ""phasecorr@630m""}, {""pair_id"": 21, ""dx"": -81420.75146909156, ""dy"": -32792.29159885792, ""method"": ""phasecorr@630m""}, {""pair_id"": 22, ""dx"": -53382.54489951132, ""dy"": 9355.97275169869, ""method"": ""phasecorr@630m""}, {""pair_id"": 23, ""dx"": -4147.908346505737, ""dy"": 60491.56911360672, ""method"": ""phasecorr@630m""}, {""pair_id"": 24, ""dx"": -7518.340796436311, ""dy"": 21888.09805308266, ""method"": ""phasecorr@630m""}, {""pair_id"": 25, ""dx"": 32468.12909988714, ""dy"": -15482.493103352437, ""method"": ""phasecorr@630m""}]",22584.0,23.21,"PROJCS[""unnamed"",GEOGCS[""WGS 84"",DATUM[""WGS_1984"",SPHEROID[""WGS 84"",6378137,298.25722293287,AUTHORITY[""EPSG"",""7030""]],AUTHORITY[""EPSG"",""6326""]],PRIMEM[""Greenwich"",0],UNIT[""degree"",0.0174532925199433,AUTHORITY[""EPSG"",""9122""]],AUTHORITY[""EPSG"",""4326""]],PROJECTION[""Lambert_Conformal_Conic_2SP""],PARAMETER[""latitude_of_origin"",14.0374426378078],PARAMETER[""central_meridian"",74.7957258744854],PARAMETER[""standard_parallel_1"",14.4626684058008],PARAMETER[""standard_parallel_2"",13.6198421791193],PARAMETER[""false_easting"",0],PARAMETER[""false_northing"",0],UNIT[""metre"",1,AUTHORITY[""EPSG"",""9001""]],AXIS[""Easting"",EAST],AXIS[""Northing"",NORTH]]",18.8,5.46,/maintenance/ICIGDev/GPUPOC/output/output300/win2048_nfauto/band1_toL8Ref/filtered_same-res_dog_hardnet,/maintenance/ICIGDev/GPUPOC/output/output300/win2048_nfauto/band1_toL8Ref/final_same-res_dog_hardnet,/maintenance/ICIGDev/GPUPOC/output/output300/rival/RIVAL_cog_win2048_nfauto_band1_toL8Ref_dog_hardnet_nn_r630.csv,/maintenance/ICIGDev/GPUPOC/output/output300/rival/RIVAL_cog_win2048_nfauto_band1_toL8Ref_dog_hardnet_nn_r630_detail.csv,True,1200.0,22521.0,6.0,-222668.578,219762.74,-187256.31,144585.0,6957.2346527477075,-14798.154670819173,0.9642393054646393,-93331.829372788,-918024.5566181487,-51413.29451382583,89532.4201666283,5326.537705141666,-15588.384832616666,74715.1539776224,65045.03309012666,150321.215435306,nn,,0.0,,
win2048_nfauto,2048,auto,band1,L8Ref,gftt,ok,,"[{""pair_id"": 1, ""dx"": -27305.177084728868, ""dy"": -6642.3349438312225, ""method"": ""phasecorr@630m""}, {""pair_id"": 2, ""dx"": -22344.837, ""dy"": 2673.196, ""method"": ""from-pair-1""}, {""pair_id"": 3, ""dx"": -22344.837, ""dy"": 2673.196, ""method"": ""from-pair-1""}, {""pair_id"": 4, ""dx"": 2984.7810351296075, ""dy"": -2451.527892847757, ""method"": ""phasecorr@630m""}, {""pair_id"": 5, ""dx"": -17785.645793294265, ""dy"": -6817.746622855631, ""method"": ""phasecorr@630m""}, {""pair_id"": 6, ""dx"": -17785.645793294265, ""dy"": -6817.746622855631, ""method"": ""from-pair-5""}, {""pair_id"": 7, ""dx"": -43388.601, ""dy"": -26170.083, ""method"": ""from-pair-8""}, {""pair_id"": 8, ""dx"": -36695.52013613287, ""dy"": -24315.825628678675, ""method"": ""phasecorr@630m""}, {""pair_id"": 9, ""dx"": -43388.601, ""dy"": -26170.083, ""method"": ""from-pair-8""}, {""pair_id"": 10, ""dx"": 2984.7810351296075, ""dy"": -2451.527892847757, ""method"": ""from-pair-4""}, {""pair_id"": 11, ""dx"": 2984.7810351296075, ""dy"": -2451.527892847757, ""method"": ""from-pair-4""}, {""pair_id"": 12, ""dx"": 2984.7810351296075, ""dy"": -2451.527892847757, ""method"": ""from-pair-4""}, {""pair_id"": 13, ""dx"": 24501.50753168467, ""dy"": -25375.95292143412, ""method"": ""phasecorr@630m""}, {""pair_id"": 14, ""dx"": 24974.38249029077, ""dy"": -25708.598336542625, ""method"": ""phasecorr@630m""}, {""pair_id"": 15, ""dx"": -129975.934, ""dy"": -80754.317, ""method"": ""from-pair-16""}, {""pair_id"": 16, ""dx"": -116716.98661316468, ""dy"": -57904.763748692705, ""method"": ""phasecorr@630m""}, {""pair_id"": 17, ""dx"": -129975.934, ""dy"": -80754.317, ""method"": ""from-pair-16""}, {""pair_id"": 18, ""dx"": 7421.331, ""dy"": -39616.631, ""method"": ""from-pair-20""}, {""pair_id"": 19, ""dx"": -76819.38643648359, ""dy"": -11576.503871835088, ""method"": ""phasecorr@630m""}, {""pair_id"": 20, ""dx"": 7802.704969420571, ""dy"": -38054.42182401927, ""method"": ""phasecorr@630m""}, {""pair_id"": 21, ""dx"": -81420.75146909156, ""dy"": -32792.29159885792, ""method"": ""phasecorr@630m""}, {""pair_id"": 22, ""dx"": -53382.54489951132, ""dy"": 9355.97275169869, ""method"": ""phasecorr@630m""}, {""pair_id"": 23, ""dx"": -4147.908346505737, ""dy"": 60491.56911360672, ""method"": ""phasecorr@630m""}, {""pair_id"": 24, ""dx"": -7518.340796436311, ""dy"": 21888.09805308266, ""method"": ""phasecorr@630m""}, {""pair_id"": 25, ""dx"": 32468.12909988714, ""dy"": -15482.493103352437, ""method"": ""phasecorr@630m""}]",17547.0,23.21,"PROJCS[""unnamed"",GEOGCS[""WGS 84"",DATUM[""WGS_1984"",SPHEROID[""WGS 84"",6378137,298.25722293287,AUTHORITY[""EPSG"",""7030""]],AUTHORITY[""EPSG"",""6326""]],PRIMEM[""Greenwich"",0],UNIT[""degree"",0.0174532925199433,AUTHORITY[""EPSG"",""9122""]],AUTHORITY[""EPSG"",""4326""]],PROJECTION[""Lambert_Conformal_Conic_2SP""],PARAMETER[""latitude_of_origin"",14.0374426378078],PARAMETER[""central_meridian"",74.7957258744854],PARAMETER[""standard_parallel_1"",14.4626684058008],PARAMETER[""standard_parallel_2"",13.6198421791193],PARAMETER[""false_easting"",0],PARAMETER[""false_northing"",0],UNIT[""metre"",1,AUTHORITY[""EPSG"",""9001""]],AXIS[""Easting"",EAST],AXIS[""Northing"",NORTH]]",20.8,5.26,/maintenance/ICIGDev/GPUPOC/output/output300/win2048_nfauto/band1_toL8Ref/filtered_same-res_gftt,/maintenance/ICIGDev/GPUPOC/output/output300/win2048_nfauto/band1_toL8Ref/final_same-res_gftt,/maintenance/ICIGDev/GPUPOC/output/output300/rival/RIVAL_cog_win2048_nfauto_band1_toL8Ref_gftt_nn_r630.csv,/maintenance/ICIGDev/GPUPOC/output/output300/rival/RIVAL_cog_win2048_nfauto_band1_toL8Ref_gftt_nn_r630_detail.csv,True,1200.0,17532.0,6.0,-246580.125,205286.572,-204896.83000000002,141859.414,13506.450082945588,-32032.980121199947,11.332600675530513,159116.09527166697,-1054720.2404715624,-247903.80757244639,89237.7521949347,-2065.298492380832,-28539.707469375004,74916.51580040946,72435.10399387329,158130.7052571847,nn,,0.0,,
win2048_nfauto,2048,auto,band1,L8Ref,hessian,ok,,"[{""pair_id"": 1, ""dx"": -27305.177084728868, ""dy"": -6642.3349438312225, ""method"": ""phasecorr@630m""}, {""pair_id"": 2, ""dx"": -22344.837, ""dy"": 2673.196, ""method"": ""from-pair-1""}, {""pair_id"": 3, ""dx"": -22344.837, ""dy"": 2673.196, ""method"": ""from-pair-1""}, {""pair_id"": 4, ""dx"": 2984.7810351296075, ""dy"": -2451.527892847757, ""method"": ""phasecorr@630m""}, {""pair_id"": 5, ""dx"": -17785.645793294265, ""dy"": -6817.746622855631, ""method"": ""phasecorr@630m""}, {""pair_id"": 6, ""dx"": -17785.645793294265, ""dy"": -6817.746622855631, ""method"": ""from-pair-5""}, {""pair_id"": 7, ""dx"": -43388.601, ""dy"": -26170.083, ""method"": ""from-pair-8""}, {""pair_id"": 8, ""dx"": -36695.52013613287, ""dy"": -24315.825628678675, ""method"": ""phasecorr@630m""}, {""pair_id"": 9, ""dx"": -43388.601, ""dy"": -26170.083, ""method"": ""from-pair-8""}, {""pair_id"": 10, ""dx"": 2984.7810351296075, ""dy"": -2451.527892847757, ""method"": ""from-pair-4""}, {""pair_id"": 11, ""dx"": 2984.7810351296075, ""dy"": -2451.527892847757, ""method"": ""from-pair-4""}, {""pair_id"": 12, ""dx"": 2984.7810351296075, ""dy"": -2451.527892847757, ""method"": ""from-pair-4""}, {""pair_id"": 13, ""dx"": 24501.50753168467, ""dy"": -25375.95292143412, ""method"": ""phasecorr@630m""}, {""pair_id"": 14, ""dx"": 24974.38249029077, ""dy"": -25708.598336542625, ""method"": ""phasecorr@630m""}, {""pair_id"": 15, ""dx"": -1492.890625, ""dy"": 7082.1875, ""method"": ""matcher@630m""}, {""pair_id"": 16, ""dx"": -2061.703125, ""dy"": 6879.6640625, ""method"": ""matcher@630m""}, {""pair_id"": 17, ""dx"": -2061.703, ""dy"": 6879.664, ""method"": ""from-pair-16""}, {""pair_id"": 18, ""dx"": 7421.331, ""dy"": -39616.631, ""method"": ""from-pair-20""}, {""pair_id"": 19, ""dx"": -76819.38643648359, ""dy"": -11576.503871835088, ""method"": ""phasecorr@630m""}, {""pair_id"": 20, ""dx"": 7802.704969420571, ""dy"": -38054.42182401927, ""method"": ""phasecorr@630m""}, {""pair_id"": 21, ""dx"": -81420.75146909156, ""dy"": -32792.29159885792, ""method"": ""phasecorr@630m""}, {""pair_id"": 22, ""dx"": -53382.54489951132, ""dy"": 9355.97275169869, ""method"": ""phasecorr@630m""}, {""pair_id"": 23, ""dx"": -4147.908346505737, ""dy"": 60491.56911360672, ""method"": ""phasecorr@630m""}, {""pair_id"": 24, ""dx"": -7518.340796436311, ""dy"": 21888.09805308266, ""method"": ""phasecorr@630m""}, {""pair_id"": 25, ""dx"": 32468.12909988714, ""dy"": -15482.493103352437, ""method"": ""phasecorr@630m""}]",31567.0,23.21,"PROJCS[""unnamed"",GEOGCS[""WGS 84"",DATUM[""WGS_1984"",SPHEROID[""WGS 84"",6378137,298.25722293287,AUTHORITY[""EPSG"",""7030""]],AUTHORITY[""EPSG"",""6326""]],PRIMEM[""Greenwich"",0],UNIT[""degree"",0.0174532925199433,AUTHORITY[""EPSG"",""9122""]],AUTHORITY[""EPSG"",""4326""]],PROJECTION[""Lambert_Conformal_Conic_2SP""],PARAMETER[""latitude_of_origin"",14.0374426378078],PARAMETER[""central_meridian"",74.7957258744854],PARAMETER[""standard_parallel_1"",14.4626684058008],PARAMETER[""standard_parallel_2"",13.6198421791193],PARAMETER[""false_easting"",0],PARAMETER[""false_northing"",0],UNIT[""metre"",1,AUTHORITY[""EPSG"",""9001""]],AXIS[""Easting"",EAST],AXIS[""Northing"",NORTH]]",22.6,7.57,/maintenance/ICIGDev/GPUPOC/output/output300/win2048_nfauto/band1_toL8Ref/filtered_same-res_hessian,/maintenance/ICIGDev/GPUPOC/output/output300/win2048_nfauto/band1_toL8Ref/final_same-res_hessian,/maintenance/ICIGDev/GPUPOC/output/output300/rival/RIVAL_cog_win2048_nfauto_band1_toL8Ref_hessian_nn_r630.csv,/maintenance/ICIGDev/GPUPOC/output/output300/rival/RIVAL_cog_win2048_nfauto_band1_toL8Ref_hessian_nn_r630_detail.csv,True,1200.0,31497.0,6.0,-232253.258,224090.58000000002,-187256.44,147549.736,9082.598338376476,-14653.163986212028,2.095759199356977,-55044.86610640411,-945905.7595930941,-60296.814391592634,89876.03213474705,5440.9692957541665,-15399.702865234998,77363.02208978674,65530.46218423305,153849.4824263379,nn,,0.0,,
win2048_nfauto,2048,auto,band1,L8Ref,loftr,ok,,"[{""pair_id"": 1, ""dx"": -27305.177084728868, ""dy"": -6642.3349438312225, ""method"": ""phasecorr@630m""}, {""pair_id"": 2, ""dx"": -22344.837, ""dy"": 2673.196, ""method"": ""from-pair-1""}, {""pair_id"": 3, ""dx"": -22344.837, ""dy"": 2673.196, ""method"": ""from-pair-1""}, {""pair_id"": 4, ""dx"": 2984.7810351296075, ""dy"": -2451.527892847757, ""method"": ""phasecorr@630m""}, {""pair_id"": 5, ""dx"": -17785.645793294265, ""dy"": -6817.746622855631, ""method"": ""phasecorr@630m""}, {""pair_id"": 6, ""dx"": -17785.645793294265, ""dy"": -6817.746622855631, ""method"": ""from-pair-5""}, {""pair_id"": 7, ""dx"": -43388.601, ""dy"": -26170.083, ""method"": ""from-pair-8""}, {""pair_id"": 8, ""dx"": -36695.52013613287, ""dy"": -24315.825628678675, ""method"": ""phasecorr@630m""}, {""pair_id"": 9, ""dx"": -43388.601, ""dy"": -26170.083, ""method"": ""from-pair-8""}, {""pair_id"": 10, ""dx"": -217.289, ""dy"": 7205.508, ""method"": ""from-pair-11""}, {""pair_id"": 11, ""dx"": -217.2890625, ""dy"": 7205.5078125, ""method"": ""matcher@630m""}, {""pair_id"": 12, ""dx"": 430.447265625, ""dy"": 7890.08935546875, ""method"": ""matcher@630m""}, {""pair_id"": 13, ""dx"": 24501.50753168467, ""dy"": -25375.95292143412, ""method"": ""phasecorr@630m""}, {""pair_id"": 14, ""dx"": 24974.38249029077, ""dy"": -25708.598336542625, ""method"": ""phasecorr@630m""}, {""pair_id"": 15, ""dx"": -1070.4375, ""dy"": 6976.640625, ""method"": ""matcher@630m""}, {""pair_id"": 16, ""dx"": -1090.8125, ""dy"": 6960.9609375, ""method"": ""matcher@630m""}, {""pair_id"": 17, ""dx"": -1090.812, ""dy"": 6960.961, ""method"": ""from-pair-16""}, {""pair_id"": 18, ""dx"": 7421.331, ""dy"": -39616.631, ""method"": ""from-pair-20""}, {""pair_id"": 19, ""dx"": -76819.38643648359, ""dy"": -11576.503871835088, ""method"": ""phasecorr@630m""}, {""pair_id"": 20, ""dx"": 7802.704969420571, ""dy"": -38054.42182401927, ""method"": ""phasecorr@630m""}, {""pair_id"": 21, ""dx"": -81420.75146909156, ""dy"": -32792.29159885792, ""method"": ""phasecorr@630m""}, {""pair_id"": 22, ""dx"": -53382.54489951132, ""dy"": 9355.97275169869, ""method"": ""phasecorr@630m""}, {""pair_id"": 23, ""dx"": -4147.908346505737, ""dy"": 60491.56911360672, ""method"": ""phasecorr@630m""}, {""pair_id"": 24, ""dx"": -7518.340796436311, ""dy"": 21888.09805308266, ""method"": ""phasecorr@630m""}, {""pair_id"": 25, ""dx"": 32468.12909988714, ""dy"": -15482.493103352437, ""method"": ""phasecorr@630m""}]",1779.0,23.22,"PROJCS[""unnamed"",GEOGCS[""WGS 84"",DATUM[""WGS_1984"",SPHEROID[""WGS 84"",6378137,298.25722293287,AUTHORITY[""EPSG"",""7030""]],AUTHORITY[""EPSG"",""6326""]],PRIMEM[""Greenwich"",0],UNIT[""degree"",0.0174532925199433,AUTHORITY[""EPSG"",""9122""]],AUTHORITY[""EPSG"",""4326""]],PROJECTION[""Lambert_Conformal_Conic_2SP""],PARAMETER[""latitude_of_origin"",14.0374426378078],PARAMETER[""central_meridian"",74.7957258744854],PARAMETER[""standard_parallel_1"",14.4626684058008],PARAMETER[""standard_parallel_2"",13.6198421791193],PARAMETER[""false_easting"",0],PARAMETER[""false_northing"",0],UNIT[""metre"",1,AUTHORITY[""EPSG"",""9001""]],AXIS[""Easting"",EAST],AXIS[""Northing"",NORTH]]",76.2,32.71,/maintenance/ICIGDev/GPUPOC/output/output300/win2048_nfauto/band1_toL8Ref/filtered_same-res_loftr,/maintenance/ICIGDev/GPUPOC/output/output300/win2048_nfauto/band1_toL8Ref/final_same-res_loftr,/maintenance/ICIGDev/GPUPOC/output/output300/rival/RIVAL_cog_win2048_nfauto_band1_toL8Ref_loftr_loftr_internal_r630.csv,/maintenance/ICIGDev/GPUPOC/output/output300/rival/RIVAL_cog_win2048_nfauto_band1_toL8Ref_loftr_loftr_internal_r630_detail.csv,True,920.0,1779.0,6.0,-94623.125,88485.227,-132271.71,92624.734,-1993.3802881394045,2203.3425250590226,-2.3028147809071635,-15671.934898015466,-91719.84377494862,-36819.92160493032,23810.72008468737,-2673.9608667934785,-2359.5408853478266,19483.69017218467,27339.670959345734,50943.703005076466,loftr_internal,10901.864197309758,3.0,4607.18957974943,-8891.630944311248
win2048_nfauto,2048,auto,band1,L8Ref,loftr-windoor,failed,"model not available: LoFTR (indoor weights) could not be loaded (URLError: <urlopen error [Errno -2] Name or service not known>). Looked for its weights in: /home/gpuworker/.cache/torch/hub/checkpoints; /maintenance/ICIGDev/GPUPOC/input/dqe/imw_runtime/imw_cache/torch/hub/checkpoints. On an offline machine, run prefetch_weights.py on a connected one and set the weights folder to its output (or copy the files into one of these).",,,23.22,"PROJCS[""unnamed"",GEOGCS[""WGS 84"",DATUM[""WGS_1984"",SPHEROID[""WGS 84"",6378137,298.25722293287,AUTHORITY[""EPSG"",""7030""]],AUTHORITY[""EPSG"",""6326""]],PRIMEM[""Greenwich"",0],UNIT[""degree"",0.0174532925199433,AUTHORITY[""EPSG"",""9122""]],AUTHORITY[""EPSG"",""4326""]],PROJECTION[""Lambert_Conformal_Conic_2SP""],PARAMETER[""latitude_of_origin"",14.0374426378078],PARAMETER[""central_meridian"",74.7957258744854],PARAMETER[""standard_parallel_1"",14.4626684058008],PARAMETER[""standard_parallel_2"",13.6198421791193],PARAMETER[""false_easting"",0],PARAMETER[""false_northing"",0],UNIT[""metre"",1,AUTHORITY[""EPSG"",""9001""]],AXIS[""Easting"",EAST],AXIS[""Northing"",NORTH]]",0.2,0.01,,,,,,,,,,,,,,,,,,,,,,,,,,,,,
win2048_nfauto,2048,auto,band1,L8Ref,loftr-windoornew,failed,"model not available: LoFTR (indoor_new weights) could not be loaded (URLError: <urlopen error [Errno -2] Name or service not known>). Looked for its weights in: /home/gpuworker/.cache/torch/hub/checkpoints; /maintenance/ICIGDev/GPUPOC/input/dqe/imw_runtime/imw_cache/torch/hub/checkpoints. On an offline machine, run prefetch_weights.py on a connected one and set the weights folder to its output (or copy the files into one of these).",,,23.22,"PROJCS[""unnamed"",GEOGCS[""WGS 84"",DATUM[""WGS_1984"",SPHEROID[""WGS 84"",6378137,298.25722293287,AUTHORITY[""EPSG"",""7030""]],AUTHORITY[""EPSG"",""6326""]],PRIMEM[""Greenwich"",0],UNIT[""degree"",0.0174532925199433,AUTHORITY[""EPSG"",""9122""]],AUTHORITY[""EPSG"",""4326""]],PROJECTION[""Lambert_Conformal_Conic_2SP""],PARAMETER[""latitude_of_origin"",14.0374426378078],PARAMETER[""central_meridian"",74.7957258744854],PARAMETER[""standard_parallel_1"",14.4626684058008],PARAMETER[""standard_parallel_2"",13.6198421791193],PARAMETER[""false_easting"",0],PARAMETER[""false_northing"",0],UNIT[""metre"",1,AUTHORITY[""EPSG"",""9001""]],AXIS[""Easting"",EAST],AXIS[""Northing"",NORTH]]",0.1,0.01,,,,,,,,,,,,,,,,,,,,,,,,,,,,,
win2048_nfauto,2048,auto,band1,L8Ref,imw-sp-lg,ok,,"[{""pair_id"": 1, ""dx"": -27305.177084728868, ""dy"": -6642.3349438312225, ""method"": ""phasecorr@630m""}, {""pair_id"": 2, ""dx"": -22344.837, ""dy"": 2673.196, ""method"": ""from-pair-1""}, {""pair_id"": 3, ""dx"": -22344.837, ""dy"": 2673.196, ""method"": ""from-pair-1""}, {""pair_id"": 4, ""dx"": 2984.7810351296075, ""dy"": -2451.527892847757, ""method"": ""phasecorr@630m""}, {""pair_id"": 5, ""dx"": -17785.645793294265, ""dy"": -6817.746622855631, ""method"": ""phasecorr@630m""}, {""pair_id"": 6, ""dx"": -17785.645793294265, ""dy"": -6817.746622855631, ""method"": ""from-pair-5""}, {""pair_id"": 7, ""dx"": -43388.601, ""dy"": -26170.083, ""method"": ""from-pair-8""}, {""pair_id"": 8, ""dx"": -36695.52013613287, ""dy"": -24315.825628678675, ""method"": ""phasecorr@630m""}, {""pair_id"": 9, ""dx"": -43388.601, ""dy"": -26170.083, ""method"": ""from-pair-8""}, {""pair_id"": 10, ""dx"": 2984.7810351296075, ""dy"": -2451.527892847757, ""method"": ""from-pair-4""}, {""pair_id"": 11, ""dx"": 2984.7810351296075, ""dy"": -2451.527892847757, ""method"": ""from-pair-4""}, {""pair_id"": 12, ""dx"": 2984.7810351296075, ""dy"": -2451.527892847757, ""method"": ""from-pair-4""}, {""pair_id"": 13, ""dx"": 24501.50753168467, ""dy"": -25375.95292143412, ""method"": ""phasecorr@630m""}, {""pair_id"": 14, ""dx"": 24974.38249029077, ""dy"": -25708.598336542625, ""method"": ""phasecorr@630m""}, {""pair_id"": 15, ""dx"": -2835.0, ""dy"": 6230.18, ""method"": ""from-pair-16""}, {""pair_id"": 16, ""dx"": -2835.0, ""dy"": 6230.180412371134, ""method"": ""matcher@630m""}, {""pair_id"": 17, ""dx"": -2835.0, ""dy"": 6230.18, ""method"": ""from-pair-16""}, {""pair_id"": 18, ""dx"": 7421.331, ""dy"": -39616.631, ""method"": ""from-pair-20""}, {""pair_id"": 19, ""dx"": -76819.38643648359, ""dy"": -11576.503871835088, ""method"": ""phasecorr@630m""}, {""pair_id"": 20, ""dx"": 7802.704969420571, ""dy"": -38054.42182401927, ""method"": ""phasecorr@630m""}, {""pair_id"": 21, ""dx"": -81420.75146909156, ""dy"": -32792.29159885792, ""method"": ""phasecorr@630m""}, {""pair_id"": 22, ""dx"": -53382.54489951132, ""dy"": 9355.97275169869, ""method"": ""phasecorr@630m""}, {""pair_id"": 23, ""dx"": -4147.908346505737, ""dy"": 60491.56911360672, ""method"": ""phasecorr@630m""}, {""pair_id"": 24, ""dx"": -7518.340796436311, ""dy"": 21888.09805308266, ""method"": ""phasecorr@630m""}, {""pair_id"": 25, ""dx"": 32468.12909988714, ""dy"": -15482.493103352437, ""method"": ""phasecorr@630m""}]",42.0,23.22,"PROJCS[""unnamed"",GEOGCS[""WGS 84"",DATUM[""WGS_1984"",SPHEROID[""WGS 84"",6378137,298.25722293287,AUTHORITY[""EPSG"",""7030""]],AUTHORITY[""EPSG"",""6326""]],PRIMEM[""Greenwich"",0],UNIT[""degree"",0.0174532925199433,AUTHORITY[""EPSG"",""9122""]],AUTHORITY[""EPSG"",""4326""]],PROJECTION[""Lambert_Conformal_Conic_2SP""],PARAMETER[""latitude_of_origin"",14.0374426378078],PARAMETER[""central_meridian"",74.7957258744854],PARAMETER[""standard_parallel_1"",14.4626684058008],PARAMETER[""standard_parallel_2"",13.6198421791193],PARAMETER[""false_easting"",0],PARAMETER[""false_northing"",0],UNIT[""metre"",1,AUTHORITY[""EPSG"",""9001""]],AXIS[""Easting"",EAST],AXIS[""Northing"",NORTH]]",12.0,10.01,/maintenance/ICIGDev/GPUPOC/output/output300/win2048_nfauto/band1_toL8Ref/filtered_same-res_imw-sp-lg,/maintenance/ICIGDev/GPUPOC/output/output300/win2048_nfauto/band1_toL8Ref/final_same-res_imw-sp-lg,/maintenance/ICIGDev/GPUPOC/output/output300/rival/RIVAL_cog_win2048_nfauto_band1_toL8Ref_imw-sp-lg_internal_r630.csv,/maintenance/ICIGDev/GPUPOC/output/output300/rival/RIVAL_cog_win2048_nfauto_band1_toL8Ref_imw-sp-lg_internal_r630_detail.csv,True,40.0,40.0,2.0,-4410.0,630.0,5670.0,8505.0,-2063.25,6898.499999999999,-0.04654635210684332,35766.97243610561,-14532.479726384687,-3183.5476047486845,597.424471539037,-2063.25,6898.5,2415.4564785977827,6926.777659922397,11131.792332823923,internal,,0.0,,
win2048_nfauto,2048,auto,band1,L8Ref,imw-aliked-lg,ok,,"[{""pair_id"": 1, ""dx"": -27305.177084728868, ""dy"": -6642.3349438312225, ""method"": ""phasecorr@630m""}, {""pair_id"": 2, ""dx"": -22344.837, ""dy"": 2673.196, ""method"": ""from-pair-1""}, {""pair_id"": 3, ""dx"": -22344.837, ""dy"": 2673.196, ""method"": ""from-pair-1""}, {""pair_id"": 4, ""dx"": 2984.7810351296075, ""dy"": -2451.527892847757, ""method"": ""phasecorr@630m""}, {""pair_id"": 5, ""dx"": -17785.645793294265, ""dy"": -6817.746622855631, ""method"": ""phasecorr@630m""}, {""pair_id"": 6, ""dx"": -17785.645793294265, ""dy"": -6817.746622855631, ""method"": ""from-pair-5""}, {""pair_id"": 7, ""dx"": -43388.601, ""dy"": -26170.083, ""method"": ""from-pair-8""}, {""pair_id"": 8, ""dx"": -36695.52013613287, ""dy"": -24315.825628678675, ""method"": ""phasecorr@630m""}, {""pair_id"": 9, ""dx"": -43388.601, ""dy"": -26170.083, ""method"": ""from-pair-8""}, {""pair_id"": 10, ""dx"": -381.303, ""dy"": 7752.054, ""method"": ""from-pair-12""}, {""pair_id"": 11, ""dx"": -381.303, ""dy"": 7752.054, ""method"": ""from-pair-12""}, {""pair_id"": 12, ""dx"": -381.3025100877494, ""dy"": 7752.053809840509, ""method"": ""matcher@630m""}, {""pair_id"": 13, ""dx"": 24501.50753168467, ""dy"": -25375.95292143412, ""method"": ""phasecorr@630m""}, {""pair_id"": 14, ""dx"": 24974.38249029077, ""dy"": -25708.598336542625, ""method"": ""phasecorr@630m""}, {""pair_id"": 15, ""dx"": -2077.8, ""dy"": 7042.028, ""method"": ""from-pair-16""}, {""pair_id"": 16, ""dx"": -2077.80029296875, ""dy"": 7042.027708230555, ""method"": ""matcher@630m""}, {""pair_id"": 17, ""dx"": -2077.8, ""dy"": 7042.028, ""method"": ""from-pair-16""}, {""pair_id"": 18, ""dx"": 7421.331, ""dy"": -39616.631, ""method"": ""from-pair-20""}, {""pair_id"": 19, ""dx"": -76819.38643648359, ""dy"": -11576.503871835088, ""method"": ""phasecorr@630m""}, {""pair_id"": 20, ""dx"": 7802.704969420571, ""dy"": -38054.42182401927, ""method"": ""phasecorr@630m""}, {""pair_id"": 21, ""dx"": -81420.75146909156, ""dy"": -32792.29159885792, ""method"": ""phasecorr@630m""}, {""pair_id"": 22, ""dx"": -53382.54489951132, ""dy"": 9355.97275169869, ""method"": ""phasecorr@630m""}, {""pair_id"": 23, ""dx"": -4147.908346505737, ""dy"": 60491.56911360672, ""method"": ""phasecorr@630m""}, {""pair_id"": 24, ""dx"": -7518.340796436311, ""dy"": 21888.09805308266, ""method"": ""phasecorr@630m""}, {""pair_id"": 25, ""dx"": 32468.12909988714, ""dy"": -15482.493103352437, ""method"": ""phasecorr@630m""}]",488.0,23.22,"PROJCS[""unnamed"",GEOGCS[""WGS 84"",DATUM[""WGS_1984"",SPHEROID[""WGS 84"",6378137,298.25722293287,AUTHORITY[""EPSG"",""7030""]],AUTHORITY[""EPSG"",""6326""]],PRIMEM[""Greenwich"",0],UNIT[""degree"",0.0174532925199433,AUTHORITY[""EPSG"",""9122""]],AUTHORITY[""EPSG"",""4326""]],PROJECTION[""Lambert_Conformal_Conic_2SP""],PARAMETER[""latitude_of_origin"",14.0374426378078],PARAMETER[""central_meridian"",74.7957258744854],PARAMETER[""standard_parallel_1"",14.4626684058008],PARAMETER[""standard_parallel_2"",13.6198421791193],PARAMETER[""false_easting"",0],PARAMETER[""false_northing"",0],UNIT[""metre"",1,AUTHORITY[""EPSG"",""9001""]],AXIS[""Easting"",EAST],AXIS[""Northing"",NORTH]]",7.0,2.56,/maintenance/ICIGDev/GPUPOC/output/output300/win2048_nfauto/band1_toL8Ref/filtered_same-res_imw-aliked-lg,/maintenance/ICIGDev/GPUPOC/output/output300/win2048_nfauto/band1_toL8Ref/final_same-res_imw-aliked-lg,/maintenance/ICIGDev/GPUPOC/output/output300/rival/RIVAL_cog_win2048_nfauto_band1_toL8Ref_imw-aliked-lg_internal_r630.csv,/maintenance/ICIGDev/GPUPOC/output/output300/rival/RIVAL_cog_win2048_nfauto_band1_toL8Ref_imw-aliked-lg_internal_r630_detail.csv,True,412.0,488.0,3.0,-5254.240951538086,1356.529312133789,5385.249824523926,8229.855651855469,-1836.3777353724497,6901.649775876373,0.2642278066830761,35879.86978725781,859.8917931359232,7010.156321733256,432.22895633945393,-1817.0692998460195,6901.541873806888,2131.7736715439764,6916.672569263985,10982.91041603616,internal,,0.0,,
win2048_nfauto,2048,auto,band1,L8Ref,imw-sp-sg,ok,,"[{""pair_id"": 1, ""dx"": -27305.177084728868, ""dy"": -6642.3349438312225, ""method"": ""phasecorr@630m""}, {""pair_id"": 2, ""dx"": -22344.837, ""dy"": 2673.196, ""method"": ""from-pair-1""}, {""pair_id"": 3, ""dx"": -22344.837, ""dy"": 2673.196, ""method"": ""from-pair-1""}, {""pair_id"": 4, ""dx"": 2984.7810351296075, ""dy"": -2451.527892847757, ""method"": ""phasecorr@630m""}, {""pair_id"": 5, ""dx"": -17785.645793294265, ""dy"": -6817.746622855631, ""method"": ""phasecorr@630m""}, {""pair_id"": 6, ""dx"": -17785.645793294265, ""dy"": -6817.746622855631, ""method"": ""from-pair-5""}, {""pair_id"": 7, ""dx"": -43388.601, ""dy"": -26170.083, ""method"": ""from-pair-8""}, {""pair_id"": 8, ""dx"": -36695.52013613287, ""dy"": -24315.825628678675, ""method"": ""phasecorr@630m""}, {""pair_id"": 9, ""dx"": -43388.601, ""dy"": -26170.083, ""method"": ""from-pair-8""}, {""pair_id"": 10, ""dx"": 2984.7810351296075, ""dy"": -2451.527892847757, ""method"": ""from-pair-4""}, {""pair_id"": 11, ""dx"": 2984.7810351296075, ""dy"": -2451.527892847757, ""method"": ""from-pair-4""}, {""pair_id"": 12, ""dx"": 2984.7810351296075, ""dy"": -2451.527892847757, ""method"": ""from-pair-4""}, {""pair_id"": 13, ""dx"": 24501.50753168467, ""dy"": -25375.95292143412, ""method"": ""phasecorr@630m""}, {""pair_id"": 14, ""dx"": 24974.38249029077, ""dy"": -25708.598336542625, ""method"": ""phasecorr@630m""}, {""pair_id"": 15, ""dx"": -4095.0, ""dy"": 6256.16, ""method"": ""from-pair-16""}, {""pair_id"": 16, ""dx"": -4095.0, ""dy"": 6256.1597938144405, ""method"": ""matcher@630m""}, {""pair_id"": 17, ""dx"": -4095.0, ""dy"": 6256.16, ""method"": ""from-pair-16""}, {""pair_id"": 18, ""dx"": 7421.331, ""dy"": -39616.631, ""method"": ""from-pair-20""}, {""pair_id"": 19, ""dx"": -76819.38643648359, ""dy"": -11576.503871835088, ""method"": ""phasecorr@630m""}, {""pair_id"": 20, ""dx"": 7802.704969420571, ""dy"": -38054.42182401927, ""method"": ""phasecorr@630m""}, {""pair_id"": 21, ""dx"": -81420.75146909156, ""dy"": -32792.29159885792, ""method"": ""phasecorr@630m""}, {""pair_id"": 22, ""dx"": -53382.54489951132, ""dy"": 9355.97275169869, ""method"": ""phasecorr@630m""}, {""pair_id"": 23, ""dx"": -4147.908346505737, ""dy"": 60491.56911360672, ""method"": ""phasecorr@630m""}, {""pair_id"": 24, ""dx"": -7518.340796436311, ""dy"": 21888.09805308266, ""method"": ""phasecorr@630m""}, {""pair_id"": 25, ""dx"": 32468.12909988714, ""dy"": -15482.493103352437, ""method"": ""phasecorr@630m""}]",88.0,23.22,"PROJCS[""unnamed"",GEOGCS[""WGS 84"",DATUM[""WGS_1984"",SPHEROID[""WGS 84"",6378137,298.25722293287,AUTHORITY[""EPSG"",""7030""]],AUTHORITY[""EPSG"",""6326""]],PRIMEM[""Greenwich"",0],UNIT[""degree"",0.0174532925199433,AUTHORITY[""EPSG"",""9122""]],AUTHORITY[""EPSG"",""4326""]],PROJECTION[""Lambert_Conformal_Conic_2SP""],PARAMETER[""latitude_of_origin"",14.0374426378078],PARAMETER[""central_meridian"",74.7957258744854],PARAMETER[""standard_parallel_1"",14.4626684058008],PARAMETER[""standard_parallel_2"",13.6198421791193],PARAMETER[""false_easting"",0],PARAMETER[""false_northing"",0],UNIT[""metre"",1,AUTHORITY[""EPSG"",""9001""]],AXIS[""Easting"",EAST],AXIS[""Northing"",NORTH]]",35.5,32.63,/maintenance/ICIGDev/GPUPOC/output/output300/win2048_nfauto/band1_toL8Ref/filtered_same-res_imw-sp-sg,/maintenance/ICIGDev/GPUPOC/output/output300/win2048_nfauto/band1_toL8Ref/final_same-res_imw-sp-sg,/maintenance/ICIGDev/GPUPOC/output/output300/rival/RIVAL_cog_win2048_nfauto_band1_toL8Ref_imw-sp-sg_internal_r630.csv,/maintenance/ICIGDev/GPUPOC/output/output300/rival/RIVAL_cog_win2048_nfauto_band1_toL8Ref_imw-sp-sg_internal_r630_detail.csv,True,83.0,83.0,3.0,-5040.0,1575.0,5985.0,9450.0,-1897.590361445783,7024.879518072288,0.1986802540837071,35314.33687086695,-2075.0350835331988,4449.406957918373,638.3726654332751,-1897.5903614457832,7024.879518072289,2580.0084057021936,7057.094418137398,11402.009717082772,internal,,0.0,,
win2048_nfauto,2048,auto,band1,L8Ref,imw-sp-nn,no-consensus,,"[{""pair_id"": 1, ""dx"": -27305.177084728868, ""dy"": -6642.3349438312225, ""method"": ""phasecorr@630m""}, {""pair_id"": 2, ""dx"": -22344.837, ""dy"": 2673.196, ""method"": ""from-pair-1""}, {""pair_id"": 3, ""dx"": -22344.837, ""dy"": 2673.196, ""method"": ""from-pair-1""}, {""pair_id"": 4, ""dx"": 2984.7810351296075, ""dy"": -2451.527892847757, ""method"": ""phasecorr@630m""}, {""pair_id"": 5, ""dx"": -17785.645793294265, ""dy"": -6817.746622855631, ""method"": ""phasecorr@630m""}, {""pair_id"": 6, ""dx"": -17785.645793294265, ""dy"": -6817.746622855631, ""method"": ""from-pair-5""}, {""pair_id"": 7, ""dx"": -43388.601, ""dy"": -26170.083, ""method"": ""from-pair-8""}, {""pair_id"": 8, ""dx"": -36695.52013613287, ""dy"": -24315.825628678675, ""method"": ""phasecorr@630m""}, {""pair_id"": 9, ""dx"": -43388.601, ""dy"": -26170.083, ""method"": ""from-pair-8""}, {""pair_id"": 10, ""dx"": 2984.7810351296075, ""dy"": -2451.527892847757, ""method"": ""from-pair-4""}, {""pair_id"": 11, ""dx"": 2984.7810351296075, ""dy"": -2451.527892847757, ""method"": ""from-pair-4""}, {""pair_id"": 12, ""dx"": 2984.7810351296075, ""dy"": -2451.527892847757, ""method"": ""from-pair-4""}, {""pair_id"": 13, ""dx"": 24501.50753168467, ""dy"": -25375.95292143412, ""method"": ""phasecorr@630m""}, {""pair_id"": 14, ""dx"": 24974.38249029077, ""dy"": -25708.598336542625, ""method"": ""phasecorr@630m""}, {""pair_id"": 15, ""dx"": -129975.934, ""dy"": -80754.317, ""method"": ""from-pair-16""}, {""pair_id"": 16, ""dx"": -116716.98661316468, ""dy"": -57904.763748692705, ""method"": ""phasecorr@630m""}, {""pair_id"": 17, ""dx"": -129975.934, ""dy"": -80754.317, ""method"": ""from-pair-16""}, {""pair_id"": 18, ""dx"": 7421.331, ""dy"": -39616.631, ""method"": ""from-pair-20""}, {""pair_id"": 19, ""dx"": -76819.38643648359, ""dy"": -11576.503871835088, ""method"": ""phasecorr@630m""}, {""pair_id"": 20, ""dx"": 7802.704969420571, ""dy"": -38054.42182401927, ""method"": ""phasecorr@630m""}, {""pair_id"": 21, ""dx"": -81420.75146909156, ""dy"": -32792.29159885792, ""method"": ""phasecorr@630m""}, {""pair_id"": 22, ""dx"": -53382.54489951132, ""dy"": 9355.97275169869, ""method"": ""phasecorr@630m""}, {""pair_id"": 23, ""dx"": -4147.908346505737, ""dy"": 60491.56911360672, ""method"": ""phasecorr@630m""}, {""pair_id"": 24, ""dx"": -7518.340796436311, ""dy"": 21888.09805308266, ""method"": ""phasecorr@630m""}, {""pair_id"": 25, ""dx"": 32468.12909988714, ""dy"": -15482.493103352437, ""method"": ""phasecorr@630m""}]",,23.22,"PROJCS[""unnamed"",GEOGCS[""WGS 84"",DATUM[""WGS_1984"",SPHEROID[""WGS 84"",6378137,298.25722293287,AUTHORITY[""EPSG"",""7030""]],AUTHORITY[""EPSG"",""6326""]],PRIMEM[""Greenwich"",0],UNIT[""degree"",0.0174532925199433,AUTHORITY[""EPSG"",""9122""]],AUTHORITY[""EPSG"",""4326""]],PROJECTION[""Lambert_Conformal_Conic_2SP""],PARAMETER[""latitude_of_origin"",14.0374426378078],PARAMETER[""central_meridian"",74.7957258744854],PARAMETER[""standard_parallel_1"",14.4626684058008],PARAMETER[""standard_parallel_2"",13.6198421791193],PARAMETER[""false_easting"",0],PARAMETER[""false_northing"",0],UNIT[""metre"",1,AUTHORITY[""EPSG"",""9001""]],AXIS[""Easting"",EAST],AXIS[""Northing"",NORTH]]",3.3,3.56,/maintenance/ICIGDev/GPUPOC/output/output300/win2048_nfauto/band1_toL8Ref/filtered_same-res_imw-sp-nn,/maintenance/ICIGDev/GPUPOC/output/output300/win2048_nfauto/band1_toL8Ref/final_same-res_imw-sp-nn,/maintenance/ICIGDev/GPUPOC/output/output300/rival/RIVAL_cog_win2048_nfauto_band1_toL8Ref_imw-sp-nn_internal_r630.csv,/maintenance/ICIGDev/GPUPOC/output/output300/rival/RIVAL_cog_win2048_nfauto_band1_toL8Ref_imw-sp-nn_internal_r630_detail.csv,False,9.0,9.0,2.0,-85365.0,25830.0,-49140.0,6615.0,-2764.9999999999995,-14314.999999999998,21.314213169737997,617521.9738053242,483546.19831947103,-307993.0098277845,32649.748956049076,-2765.0,-14315.0,32071.785497536617,29024.2868129434,65637.58859062161,internal,,0.0,,
win2048_nfauto,2048,auto,band1,L8Ref,imw-r2d2-nn,ok,,"[{""pair_id"": 1, ""dx"": -27305.177084728868, ""dy"": -6642.3349438312225, ""method"": ""phasecorr@630m""}, {""pair_id"": 2, ""dx"": -22344.837, ""dy"": 2673.196, ""method"": ""from-pair-1""}, {""pair_id"": 3, ""dx"": -22344.837, ""dy"": 2673.196, ""method"": ""from-pair-1""}, {""pair_id"": 4, ""dx"": 2984.7810351296075, ""dy"": -2451.527892847757, ""method"": ""phasecorr@630m""}, {""pair_id"": 5, ""dx"": -17785.645793294265, ""dy"": -6817.746622855631, ""method"": ""phasecorr@630m""}, {""pair_id"": 6, ""dx"": -17785.645793294265, ""dy"": -6817.746622855631, ""method"": ""from-pair-5""}, {""pair_id"": 7, ""dx"": -43388.601, ""dy"": -26170.083, ""method"": ""from-pair-8""}, {""pair_id"": 8, ""dx"": -36695.52013613287, ""dy"": -24315.825628678675, ""method"": ""phasecorr@630m""}, {""pair_id"": 9, ""dx"": -43388.601, ""dy"": -26170.083, ""method"": ""from-pair-8""}, {""pair_id"": 10, ""dx"": -277.697, ""dy"": 7023.15, ""method"": ""from-pair-11""}, {""pair_id"": 11, ""dx"": -277.69675441778963, ""dy"": 7023.150045871735, ""method"": ""matcher@630m""}, {""pair_id"": 12, ""dx"": -277.697, ""dy"": 7023.15, ""method"": ""from-pair-11""}, {""pair_id"": 13, ""dx"": 24501.50753168467, ""dy"": -25375.95292143412, ""method"": ""phasecorr@630m""}, {""pair_id"": 14, ""dx"": 24974.38249029077, ""dy"": -25708.598336542625, ""method"": ""phasecorr@630m""}, {""pair_id"": 15, ""dx"": -956.304931640625, ""dy"": 6574.103942871094, ""method"": ""matcher@630m""}, {""pair_id"": 16, ""dx"": -1515.47607421875, ""dy"": 6371.441692666907, ""method"": ""matcher@630m""}, {""pair_id"": 17, ""dx"": -1515.476, ""dy"": 6371.442, ""method"": ""from-pair-16""}, {""pair_id"": 18, ""dx"": 7421.331, ""dy"": -39616.631, ""method"": ""from-pair-20""}, {""pair_id"": 19, ""dx"": -76819.38643648359, ""dy"": -11576.503871835088, ""method"": ""phasecorr@630m""}, {""pair_id"": 20, ""dx"": 7802.704969420571, ""dy"": -38054.42182401927, ""method"": ""phasecorr@630m""}, {""pair_id"": 21, ""dx"": -81420.75146909156, ""dy"": -32792.29159885792, ""method"": ""phasecorr@630m""}, {""pair_id"": 22, ""dx"": -53382.54489951132, ""dy"": 9355.97275169869, ""method"": ""phasecorr@630m""}, {""pair_id"": 23, ""dx"": -4147.908346505737, ""dy"": 60491.56911360672, ""method"": ""phasecorr@630m""}, {""pair_id"": 24, ""dx"": -7518.340796436311, ""dy"": 21888.09805308266, ""method"": ""phasecorr@630m""}, {""pair_id"": 25, ""dx"": 32468.12909988714, ""dy"": -15482.493103352437, ""method"": ""phasecorr@630m""}]",388.0,23.22,"PROJCS[""unnamed"",GEOGCS[""WGS 84"",DATUM[""WGS_1984"",SPHEROID[""WGS 84"",6378137,298.25722293287,AUTHORITY[""EPSG"",""7030""]],AUTHORITY[""EPSG"",""6326""]],PRIMEM[""Greenwich"",0],UNIT[""degree"",0.0174532925199433,AUTHORITY[""EPSG"",""9122""]],AUTHORITY[""EPSG"",""4326""]],PROJECTION[""Lambert_Conformal_Conic_2SP""],PARAMETER[""latitude_of_origin"",14.0374426378078],PARAMETER[""central_meridian"",74.7957258744854],PARAMETER[""standard_parallel_1"",14.4626684058008],PARAMETER[""standard_parallel_2"",13.6198421791193],PARAMETER[""false_easting"",0],PARAMETER[""false_northing"",0],UNIT[""metre"",1,AUTHORITY[""EPSG"",""9001""]],AXIS[""Easting"",EAST],AXIS[""Northing"",NORTH]]",5.3,2.98,/maintenance/ICIGDev/GPUPOC/output/output300/win2048_nfauto/band1_toL8Ref/filtered_same-res_imw-r2d2-nn,/maintenance/ICIGDev/GPUPOC/output/output300/win2048_nfauto/band1_toL8Ref/final_same-res_imw-r2d2-nn,/maintenance/ICIGDev/GPUPOC/output/output300/rival/RIVAL_cog_win2048_nfauto_band1_toL8Ref_imw-r2d2-nn_internal_r630.csv,/maintenance/ICIGDev/GPUPOC/output/output300/rival/RIVAL_cog_win2048_nfauto_band1_toL8Ref_imw-r2d2-nn_internal_r630_detail.csv,True,376.0,376.0,4.0,-31412.77130126953,1575.0,5355.0,9138.484725952148,-1391.3820812550002,6873.471650620724,0.6542589293794785,13779.972075385302,-68.05773116245757,1892.1505916359135,1808.8913344586165,-1391.3820812549998,6873.471650620724,2346.077492174092,6891.056772357299,11046.246348195107,internal,,0.0,,
win2048_nfauto,2048,auto,band1,L8Ref,imw-rord-nn,ok,,"[{""pair_id"": 1, ""dx"": -27305.177084728868, ""dy"": -6642.3349438312225, ""method"": ""phasecorr@630m""}, {""pair_id"": 2, ""dx"": -22344.837, ""dy"": 2673.196, ""method"": ""from-pair-1""}, {""pair_id"": 3, ""dx"": -22344.837, ""dy"": 2673.196, ""method"": ""from-pair-1""}, {""pair_id"": 4, ""dx"": 2984.7810351296075, ""dy"": -2451.527892847757, ""method"": ""phasecorr@630m""}, {""pair_id"": 5, ""dx"": -17785.645793294265, ""dy"": -6817.746622855631, ""method"": ""phasecorr@630m""}, {""pair_id"": 6, ""dx"": -17785.645793294265, ""dy"": -6817.746622855631, ""method"": ""from-pair-5""}, {""pair_id"": 7, ""dx"": -43388.601, ""dy"": -26170.083, ""method"": ""from-pair-8""}, {""pair_id"": 8, ""dx"": -36695.52013613287, ""dy"": -24315.825628678675, ""method"": ""phasecorr@630m""}, {""pair_id"": 9, ""dx"": -43388.601, ""dy"": -26170.083, ""method"": ""from-pair-8""}, {""pair_id"": 10, ""dx"": 2984.7810351296075, ""dy"": -2451.527892847757, ""method"": ""from-pair-4""}, {""pair_id"": 11, ""dx"": 2984.7810351296075, ""dy"": -2451.527892847757, ""method"": ""from-pair-4""}, {""pair_id"": 12, ""dx"": 2984.7810351296075, ""dy"": -2451.527892847757, ""method"": ""from-pair-4""}, {""pair_id"": 13, ""dx"": 24501.50753168467, ""dy"": -25375.95292143412, ""method"": ""phasecorr@630m""}, {""pair_id"": 14, ""dx"": 24974.38249029077, ""dy"": -25708.598336542625, ""method"": ""phasecorr@630m""}, {""pair_id"": 15, ""dx"": -129975.934, ""dy"": -80754.317, ""method"": ""from-pair-16""}, {""pair_id"": 16, ""dx"": -116716.98661316468, ""dy"": -57904.763748692705, ""method"": ""phasecorr@630m""}, {""pair_id"": 17, ""dx"": -129975.934, ""dy"": -80754.317, ""method"": ""from-pair-16""}, {""pair_id"": 18, ""dx"": 7421.331, ""dy"": -39616.631, ""method"": ""from-pair-20""}, {""pair_id"": 19, ""dx"": -76819.38643648359, ""dy"": -11576.503871835088, ""method"": ""phasecorr@630m""}, {""pair_id"": 20, ""dx"": 7802.704969420571, ""dy"": -38054.42182401927, ""method"": ""phasecorr@630m""}, {""pair_id"": 21, ""dx"": -81420.75146909156, ""dy"": -32792.29159885792, ""method"": ""phasecorr@630m""}, {""pair_id"": 22, ""dx"": -53382.54489951132, ""dy"": 9355.97275169869, ""method"": ""phasecorr@630m""}, {""pair_id"": 23, ""dx"": -4147.908346505737, ""dy"": 60491.56911360672, ""method"": ""phasecorr@630m""}, {""pair_id"": 24, ""dx"": -7518.340796436311, ""dy"": 21888.09805308266, ""method"": ""phasecorr@630m""}, {""pair_id"": 25, ""dx"": 32468.12909988714, ""dy"": -15482.493103352437, ""method"": ""phasecorr@630m""}]",7.0,23.23,"PROJCS[""unnamed"",GEOGCS[""WGS 84"",DATUM[""WGS_1984"",SPHEROID[""WGS 84"",6378137,298.25722293287,AUTHORITY[""EPSG"",""7030""]],AUTHORITY[""EPSG"",""6326""]],PRIMEM[""Greenwich"",0],UNIT[""degree"",0.0174532925199433,AUTHORITY[""EPSG"",""9122""]],AUTHORITY[""EPSG"",""4326""]],PROJECTION[""Lambert_Conformal_Conic_2SP""],PARAMETER[""latitude_of_origin"",14.0374426378078],PARAMETER[""central_meridian"",74.7957258744854],PARAMETER[""standard_parallel_1"",14.4626684058008],PARAMETER[""standard_parallel_2"",13.6198421791193],PARAMETER[""false_easting"",0],PARAMETER[""false_northing"",0],UNIT[""metre"",1,AUTHORITY[""EPSG"",""9001""]],AXIS[""Easting"",EAST],AXIS[""Northing"",NORTH]]",24.2,32.5,/maintenance/ICIGDev/GPUPOC/output/output300/win2048_nfauto/band1_toL8Ref/filtered_same-res_imw-rord-nn,/maintenance/ICIGDev/GPUPOC/output/output300/win2048_nfauto/band1_toL8Ref/final_same-res_imw-rord-nn,/maintenance/ICIGDev/GPUPOC/output/output300/rival/RIVAL_cog_win2048_nfauto_band1_toL8Ref_imw-rord-nn_internal_r630.csv,/maintenance/ICIGDev/GPUPOC/output/output300/rival/RIVAL_cog_win2048_nfauto_band1_toL8Ref_imw-rord-nn_internal_r630_detail.csv,True,7.0,7.0,1.0,-2298.1142807006836,-234.31297302246094,6914.321136474608,7635.904541015625,-964.3671798706055,7189.367980957031,0.06862705624882179,37823.58572032364,-2543.584335275561,2932.040644739301,326.21776553330466,-964.3671798706055,7189.367980957032,1136.505623413358,7192.597414361097,11049.82699846874,internal,,0.0,,
win2048_nfauto,2048,auto,band1,L8Ref,imw-d2net-nn,ok,,"[{""pair_id"": 1, ""dx"": -27305.177084728868, ""dy"": -6642.3349438312225, ""method"": ""phasecorr@630m""}, {""pair_id"": 2, ""dx"": -22344.837, ""dy"": 2673.196, ""method"": ""from-pair-1""}, {""pair_id"": 3, ""dx"": -22344.837, ""dy"": 2673.196, ""method"": ""from-pair-1""}, {""pair_id"": 4, ""dx"": 2984.7810351296075, ""dy"": -2451.527892847757, ""method"": ""phasecorr@630m""}, {""pair_id"": 5, ""dx"": -17785.645793294265, ""dy"": -6817.746622855631, ""method"": ""phasecorr@630m""}, {""pair_id"": 6, ""dx"": -17785.645793294265, ""dy"": -6817.746622855631, ""method"": ""from-pair-5""}, {""pair_id"": 7, ""dx"": -43388.601, ""dy"": -26170.083, ""method"": ""from-pair-8""}, {""pair_id"": 8, ""dx"": -36695.52013613287, ""dy"": -24315.825628678675, ""method"": ""phasecorr@630m""}, {""pair_id"": 9, ""dx"": -43388.601, ""dy"": -26170.083, ""method"": ""from-pair-8""}, {""pair_id"": 10, ""dx"": 2984.7810351296075, ""dy"": -2451.527892847757, ""method"": ""from-pair-4""}, {""pair_id"": 11, ""dx"": 2984.7810351296075, ""dy"": -2451.527892847757, ""method"": ""from-pair-4""}, {""pair_id"": 12, ""dx"": 2984.7810351296075, ""dy"": -2451.527892847757, ""method"": ""from-pair-4""}, {""pair_id"": 13, ""dx"": 24501.50753168467, ""dy"": -25375.95292143412, ""method"": ""phasecorr@630m""}, {""pair_id"": 14, ""dx"": 24974.38249029077, ""dy"": -25708.598336542625, ""method"": ""phasecorr@630m""}, {""pair_id"": 15, ""dx"": -1631.4189147949219, ""dy"": 6940.924911499023, ""method"": ""matcher@630m""}, {""pair_id"": 16, ""dx"": -1567.218246459961, ""dy"": 6597.840563587306, ""method"": ""matcher@630m""}, {""pair_id"": 17, ""dx"": -1567.218, ""dy"": 6597.841, ""method"": ""from-pair-16""}, {""pair_id"": 18, ""dx"": 7421.331, ""dy"": -39616.631, ""method"": ""from-pair-20""}, {""pair_id"": 19, ""dx"": -76819.38643648359, ""dy"": -11576.503871835088, ""method"": ""phasecorr@630m""}, {""pair_id"": 20, ""dx"": 7802.704969420571, ""dy"": -38054.42182401927, ""method"": ""phasecorr@630m""}, {""pair_id"": 21, ""dx"": -81420.75146909156, ""dy"": -32792.29159885792, ""method"": ""phasecorr@630m""}, {""pair_id"": 22, ""dx"": -53382.54489951132, ""dy"": 9355.97275169869, ""method"": ""phasecorr@630m""}, {""pair_id"": 23, ""dx"": -4147.908346505737, ""dy"": 60491.56911360672, ""method"": ""phasecorr@630m""}, {""pair_id"": 24, ""dx"": -7518.340796436311, ""dy"": 21888.09805308266, ""method"": ""phasecorr@630m""}, {""pair_id"": 25, ""dx"": 32468.12909988714, ""dy"": -15482.493103352437, ""method"": ""phasecorr@630m""}]",246.0,23.23,"PROJCS[""unnamed"",GEOGCS[""WGS 84"",DATUM[""WGS_1984"",SPHEROID[""WGS 84"",6378137,298.25722293287,AUTHORITY[""EPSG"",""7030""]],AUTHORITY[""EPSG"",""6326""]],PRIMEM[""Greenwich"",0],UNIT[""degree"",0.0174532925199433,AUTHORITY[""EPSG"",""9122""]],AUTHORITY[""EPSG"",""4326""]],PROJECTION[""Lambert_Conformal_Conic_2SP""],PARAMETER[""latitude_of_origin"",14.0374426378078],PARAMETER[""central_meridian"",74.7957258744854],PARAMETER[""standard_parallel_1"",14.4626684058008],PARAMETER[""standard_parallel_2"",13.6198421791193],PARAMETER[""false_easting"",0],PARAMETER[""false_northing"",0],UNIT[""metre"",1,AUTHORITY[""EPSG"",""9001""]],AXIS[""Easting"",EAST],AXIS[""Northing"",NORTH]]",10.4,32.48,/maintenance/ICIGDev/GPUPOC/output/output300/win2048_nfauto/band1_toL8Ref/filtered_same-res_imw-d2net-nn,/maintenance/ICIGDev/GPUPOC/output/output300/win2048_nfauto/band1_toL8Ref/final_same-res_imw-d2net-nn,/maintenance/ICIGDev/GPUPOC/output/output300/rival/RIVAL_cog_win2048_nfauto_band1_toL8Ref_imw-d2net-nn_internal_r630.csv,/maintenance/ICIGDev/GPUPOC/output/output300/rival/RIVAL_cog_win2048_nfauto_band1_toL8Ref_imw-d2net-nn_internal_r630_detail.csv,True,246.0,246.0,4.0,-4609.0283203125,3415.8100891113136,5110.271301269531,8752.444381713867,-1325.526241674656,6980.562589575605,0.5067561558023557,37407.06301522715,708.1985323093145,8902.625457420425,689.1614574116884,-1325.526241674656,6980.562589575605,1827.559088163016,7018.262023756075,11005.023417745771,internal,,0.0,,
win2048_nfauto,2048,auto,band1,L8Ref,imw-alike-nn,no-consensus,,"[{""pair_id"": 1, ""dx"": -27305.177084728868, ""dy"": -6642.3349438312225, ""method"": ""phasecorr@630m""}, {""pair_id"": 2, ""dx"": -22344.837, ""dy"": 2673.196, ""method"": ""from-pair-1""}, {""pair_id"": 3, ""dx"": -22344.837, ""dy"": 2673.196, ""method"": ""from-pair-1""}, {""pair_id"": 4, ""dx"": 2984.7810351296075, ""dy"": -2451.527892847757, ""method"": ""phasecorr@630m""}, {""pair_id"": 5, ""dx"": -17785.645793294265, ""dy"": -6817.746622855631, ""method"": ""phasecorr@630m""}, {""pair_id"": 6, ""dx"": -17785.645793294265, ""dy"": -6817.746622855631, ""method"": ""from-pair-5""}, {""pair_id"": 7, ""dx"": -43388.601, ""dy"": -26170.083, ""method"": ""from-pair-8""}, {""pair_id"": 8, ""dx"": -36695.52013613287, ""dy"": -24315.825628678675, ""method"": ""phasecorr@630m""}, {""pair_id"": 9, ""dx"": -43388.601, ""dy"": -26170.083, ""method"": ""from-pair-8""}, {""pair_id"": 10, ""dx"": 2984.7810351296075, ""dy"": -2451.527892847757, ""method"": ""from-pair-4""}, {""pair_id"": 11, ""dx"": 2984.7810351296075, ""dy"": -2451.527892847757, ""method"": ""from-pair-4""}, {""pair_id"": 12, ""dx"": 2984.7810351296075, ""dy"": -2451.527892847757, ""method"": ""from-pair-4""}, {""pair_id"": 13, ""dx"": 24501.50753168467, ""dy"": -25375.95292143412, ""method"": ""phasecorr@630m""}, {""pair_id"": 14, ""dx"": 24974.38249029077, ""dy"": -25708.598336542625, ""method"": ""phasecorr@630m""}, {""pair_id"": 15, ""dx"": -129975.934, ""dy"": -80754.317, ""method"": ""from-pair-16""}, {""pair_id"": 16, ""dx"": -116716.98661316468, ""dy"": -57904.763748692705, ""method"": ""phasecorr@630m""}, {""pair_id"": 17, ""dx"": -129975.934, ""dy"": -80754.317, ""method"": ""from-pair-16""}, {""pair_id"": 18, ""dx"": 7421.331, ""dy"": -39616.631, ""method"": ""from-pair-20""}, {""pair_id"": 19, ""dx"": -76819.38643648359, ""dy"": -11576.503871835088, ""method"": ""phasecorr@630m""}, {""pair_id"": 20, ""dx"": 7802.704969420571, ""dy"": -38054.42182401927, ""method"": ""phasecorr@630m""}, {""pair_id"": 21, ""dx"": -81420.75146909156, ""dy"": -32792.29159885792, ""method"": ""phasecorr@630m""}, {""pair_id"": 22, ""dx"": -53382.54489951132, ""dy"": 9355.97275169869, ""method"": ""phasecorr@630m""}, {""pair_id"": 23, ""dx"": -4147.908346505737, ""dy"": 60491.56911360672, ""method"": ""phasecorr@630m""}, {""pair_id"": 24, ""dx"": -7518.340796436311, ""dy"": 21888.09805308266, ""method"": ""phasecorr@630m""}, {""pair_id"": 25, ""dx"": 32468.12909988714, ""dy"": -15482.493103352437, ""method"": ""phasecorr@630m""}]",,23.23,"PROJCS[""unnamed"",GEOGCS[""WGS 84"",DATUM[""WGS_1984"",SPHEROID[""WGS 84"",6378137,298.25722293287,AUTHORITY[""EPSG"",""7030""]],AUTHORITY[""EPSG"",""6326""]],PRIMEM[""Greenwich"",0],UNIT[""degree"",0.0174532925199433,AUTHORITY[""EPSG"",""9122""]],AUTHORITY[""EPSG"",""4326""]],PROJECTION[""Lambert_Conformal_Conic_2SP""],PARAMETER[""latitude_of_origin"",14.0374426378078],PARAMETER[""central_meridian"",74.7957258744854],PARAMETER[""standard_parallel_1"",14.4626684058008],PARAMETER[""standard_parallel_2"",13.6198421791193],PARAMETER[""false_easting"",0],PARAMETER[""false_northing"",0],UNIT[""metre"",1,AUTHORITY[""EPSG"",""9001""]],AXIS[""Easting"",EAST],AXIS[""Northing"",NORTH]]",6.9,2.14,/maintenance/ICIGDev/GPUPOC/output/output300/win2048_nfauto/band1_toL8Ref/filtered_same-res_imw-alike-nn,/maintenance/ICIGDev/GPUPOC/output/output300/win2048_nfauto/band1_toL8Ref/final_same-res_imw-alike-nn,/maintenance/ICIGDev/GPUPOC/output/output300/rival/RIVAL_cog_win2048_nfauto_band1_toL8Ref_imw-alike-nn_internal_r630.csv,/maintenance/ICIGDev/GPUPOC/output/output300/rival/RIVAL_cog_win2048_nfauto_band1_toL8Ref_imw-alike-nn_internal_r630_detail.csv,False,23.0,23.0,6.0,-233100.0030040741,74025.0,-91350.0,129150.0,-32623.044497033832,-31883.47862658294,12.657316074452323,-72804.59521610235,-703594.8577581763,-515321.9885112824,85671.6442365632,-32623.044497033825,-31883.478626582935,90332.46108944826,61022.32753334987,165420.81543575192,internal,25990.050667241438,2.0,15615.44392106845,-7939.366274292199
win2048_nfauto,2048,auto,band1,L8Ref,imw-sfd2-nn,ok,,"[{""pair_id"": 1, ""dx"": -27305.177084728868, ""dy"": -6642.3349438312225, ""method"": ""phasecorr@630m""}, {""pair_id"": 2, ""dx"": -22344.837, ""dy"": 2673.196, ""method"": ""from-pair-1""}, {""pair_id"": 3, ""dx"": -22344.837, ""dy"": 2673.196, ""method"": ""from-pair-1""}, {""pair_id"": 4, ""dx"": 2984.7810351296075, ""dy"": -2451.527892847757, ""method"": ""phasecorr@630m""}, {""pair_id"": 5, ""dx"": -17785.645793294265, ""dy"": -6817.746622855631, ""method"": ""phasecorr@630m""}, {""pair_id"": 6, ""dx"": -17785.645793294265, ""dy"": -6817.746622855631, ""method"": ""from-pair-5""}, {""pair_id"": 7, ""dx"": -43388.601, ""dy"": -26170.083, ""method"": ""from-pair-8""}, {""pair_id"": 8, ""dx"": -36695.52013613287, ""dy"": -24315.825628678675, ""method"": ""phasecorr@630m""}, {""pair_id"": 9, ""dx"": -43388.601, ""dy"": -26170.083, ""method"": ""from-pair-8""}, {""pair_id"": 10, ""dx"": 2984.7810351296075, ""dy"": -2451.527892847757, ""method"": ""from-pair-4""}, {""pair_id"": 11, ""dx"": 2984.7810351296075, ""dy"": -2451.527892847757, ""method"": ""from-pair-4""}, {""pair_id"": 12, ""dx"": 2984.7810351296075, ""dy"": -2451.527892847757, ""method"": ""from-pair-4""}, {""pair_id"": 13, ""dx"": 24501.50753168467, ""dy"": -25375.95292143412, ""method"": ""phasecorr@630m""}, {""pair_id"": 14, ""dx"": 24974.38249029077, ""dy"": -25708.598336542625, ""method"": ""phasecorr@630m""}, {""pair_id"": 15, ""dx"": -2835.0, ""dy"": 6256.16, ""method"": ""from-pair-16""}, {""pair_id"": 16, ""dx"": -2835.0, ""dy"": 6256.1597938144405, ""method"": ""matcher@630m""}, {""pair_id"": 17, ""dx"": -2835.0, ""dy"": 6256.16, ""method"": ""from-pair-16""}, {""pair_id"": 18, ""dx"": 7421.331, ""dy"": -39616.631, ""method"": ""from-pair-20""}, {""pair_id"": 19, ""dx"": -76819.38643648359, ""dy"": -11576.503871835088, ""method"": ""phasecorr@630m""}, {""pair_id"": 20, ""dx"": 7802.704969420571, ""dy"": -38054.42182401927, ""method"": ""phasecorr@630m""}, {""pair_id"": 21, ""dx"": -81420.75146909156, ""dy"": -32792.29159885792, ""method"": ""phasecorr@630m""}, {""pair_id"": 22, ""dx"": -53382.54489951132, ""dy"": 9355.97275169869, ""method"": ""phasecorr@630m""}, {""pair_id"": 23, ""dx"": -4147.908346505737, ""dy"": 60491.56911360672, ""method"": ""phasecorr@630m""}, {""pair_id"": 24, ""dx"": -7518.340796436311, ""dy"": 21888.09805308266, ""method"": ""phasecorr@630m""}, {""pair_id"": 25, ""dx"": 32468.12909988714, ""dy"": -15482.493103352437, ""method"": ""phasecorr@630m""}]",148.0,23.23,"PROJCS[""unnamed"",GEOGCS[""WGS 84"",DATUM[""WGS_1984"",SPHEROID[""WGS 84"",6378137,298.25722293287,AUTHORITY[""EPSG"",""7030""]],AUTHORITY[""EPSG"",""6326""]],PRIMEM[""Greenwich"",0],UNIT[""degree"",0.0174532925199433,AUTHORITY[""EPSG"",""9122""]],AUTHORITY[""EPSG"",""4326""]],PROJECTION[""Lambert_Conformal_Conic_2SP""],PARAMETER[""latitude_of_origin"",14.0374426378078],PARAMETER[""central_meridian"",74.7957258744854],PARAMETER[""standard_parallel_1"",14.4626684058008],PARAMETER[""standard_parallel_2"",13.6198421791193],PARAMETER[""false_easting"",0],PARAMETER[""false_northing"",0],UNIT[""metre"",1,AUTHORITY[""EPSG"",""9001""]],AXIS[""Easting"",EAST],AXIS[""Northing"",NORTH]]",17.4,32.77,/maintenance/ICIGDev/GPUPOC/output/output300/win2048_nfauto/band1_toL8Ref/filtered_same-res_imw-sfd2-nn,/maintenance/ICIGDev/GPUPOC/output/output300/win2048_nfauto/band1_toL8Ref/final_same-res_imw-sfd2-nn,/maintenance/ICIGDev/GPUPOC/output/output300/rival/RIVAL_cog_win2048_nfauto_band1_toL8Ref_imw-sfd2-nn_internal_r630.csv,/maintenance/ICIGDev/GPUPOC/output/output300/rival/RIVAL_cog_win2048_nfauto_band1_toL8Ref_imw-sfd2-nn_internal_r630_detail.csv,True,141.0,141.0,3.0,-5040.0,2520.0,5355.0,8820.0,-1485.63829787234,6988.085106382977,0.22978767802380687,35691.921991588206,-3602.608878101561,5869.425355441044,578.363805296023,-1485.6382978723404,6988.085106382979,2225.964170727306,7022.902427817027,11179.411357819785,internal,,0.0,,
win2048_nfauto,2048,auto,band1,L8Ref,imw-rdd-nn,ok,,"[{""pair_id"": 1, ""dx"": -20277.043533325195, ""dy"": -9676.510290730032, ""method"": ""matcher@630m""}, {""pair_id"": 2, ""dx"": -20277.044, ""dy"": -9676.51, ""method"": ""from-pair-1""}, {""pair_id"": 3, ""dx"": -20277.044, ""dy"": -9676.51, ""method"": ""from-pair-1""}, {""pair_id"": 4, ""dx"": 2984.7810351296075, ""dy"": -2451.527892847757, ""method"": ""phasecorr@630m""}, {""pair_id"": 5, ""dx"": -17785.645793294265, ""dy"": -6817.746622855631, ""method"": ""phasecorr@630m""}, {""pair_id"": 6, ""dx"": -21195.17360068657, ""dy"": 30280.645076311557, ""method"": ""matcher@630m""}, {""pair_id"": 7, ""dx"": -43388.601, ""dy"": -26170.083, ""method"": ""from-pair-8""}, {""pair_id"": 8, ""dx"": -36695.52013613287, ""dy"": -24315.825628678675, ""method"": ""phasecorr@630m""}, {""pair_id"": 9, ""dx"": -43388.601, ""dy"": -26170.083, ""method"": ""from-pair-8""}, {""pair_id"": 10, ""dx"": 15580.882370186402, ""dy"": -14516.991931200027, ""method"": ""matcher@630m""}, {""pair_id"": 11, ""dx"": -276.4152498476906, ""dy"": 7528.024973273277, ""method"": ""matcher@630m""}, {""pair_id"": 12, ""dx"": 43.227384592079034, ""dy"": 7390.9796249575775, ""method"": ""matcher@630m""}, {""pair_id"": 13, ""dx"": 24501.50753168467, ""dy"": -25375.95292143412, ""method"": ""phasecorr@630m""}, {""pair_id"": 14, ""dx"": 24974.38249029077, ""dy"": -25708.598336542625, ""method"": ""phasecorr@630m""}, {""pair_id"": 15, ""dx"": -1341.0475158691406, ""dy"": 7134.638343811035, ""method"": ""matcher@630m""}, {""pair_id"": 16, ""dx"": -1847.3565673828125, ""dy"": 6940.655593282165, ""method"": ""matcher@630m""}, {""pair_id"": 17, ""dx"": -1847.357, ""dy"": 6940.656, ""method"": ""from-pair-16""}, {""pair_id"": 18, ""dx"": 7421.331, ""dy"": -39616.631, ""method"": ""from-pair-20""}, {""pair_id"": 19, ""dx"": -76819.38643648359, ""dy"": -11576.503871835088, ""method"": ""phasecorr@630m""}, {""pair_id"": 20, ""dx"": 7802.704969420571, ""dy"": -38054.42182401927, ""method"": ""phasecorr@630m""}, {""pair_id"": 21, ""dx"": -81420.75146909156, ""dy"": -32792.29159885792, ""method"": ""phasecorr@630m""}, {""pair_id"": 22, ""dx"": 34506.24501335621, ""dy"": -18109.12363165972, ""method"": ""matcher@630m""}, {""pair_id"": 23, ""dx"": -4147.908346505737, ""dy"": 60491.56911360672, ""method"": ""phasecorr@630m""}, {""pair_id"": 24, ""dx"": -7518.340796436311, ""dy"": 21888.09805308266, ""method"": ""phasecorr@630m""}, {""pair_id"": 25, ""dx"": 17057.315646301606, ""dy"": 33911.39190673828, ""method"": ""matcher@630m""}]",4668.0,23.23,"PROJCS[""unnamed"",GEOGCS[""WGS 84"",DATUM[""WGS_1984"",SPHEROID[""WGS 84"",6378137,298.25722293287,AUTHORITY[""EPSG"",""7030""]],AUTHORITY[""EPSG"",""6326""]],PRIMEM[""Greenwich"",0],UNIT[""degree"",0.0174532925199433,AUTHORITY[""EPSG"",""9122""]],AUTHORITY[""EPSG"",""4326""]],PROJECTION[""Lambert_Conformal_Conic_2SP""],PARAMETER[""latitude_of_origin"",14.0374426378078],PARAMETER[""central_meridian"",74.7957258744854],PARAMETER[""standard_parallel_1"",14.4626684058008],PARAMETER[""standard_parallel_2"",13.6198421791193],PARAMETER[""false_easting"",0],PARAMETER[""false_northing"",0],UNIT[""metre"",1,AUTHORITY[""EPSG"",""9001""]],AXIS[""Easting"",EAST],AXIS[""Northing"",NORTH]]",44.7,32.65,/maintenance/ICIGDev/GPUPOC/output/output300/win2048_nfauto/band1_toL8Ref/filtered_same-res_imw-rdd-nn,/maintenance/ICIGDev/GPUPOC/output/output300/win2048_nfauto/band1_toL8Ref/final_same-res_imw-rdd-nn,/maintenance/ICIGDev/GPUPOC/output/output300/rival/RIVAL_cog_win2048_nfauto_band1_toL8Ref_imw-rdd-nn_internal_r630.csv,/maintenance/ICIGDev/GPUPOC/output/output300/rival/RIVAL_cog_win2048_nfauto_band1_toL8Ref_imw-rdd-nn_internal_r630_detail.csv,True,727.0,4668.0,6.0,-4792.91130065918,30984.84695434569,-19887.40550994873,38808.2790184021,-1099.955336290644,7016.109132634949,1.0169993263251293,-7576.74536554424,-5166.515488486128,-1771.331132308363,3314.1907719750598,364.20986463475924,6818.723314992335,5939.465011385406,8651.450180742946,15924.190151123435,internal,9110.129123745128,4.0,6948.517365882099,-1847.5546639264246
win2048_nfauto,2048,auto,band1,L8Ref,imw-liftfeat-nn,ok,,"[{""pair_id"": 1, ""dx"": -27305.177084728868, ""dy"": -6642.3349438312225, ""method"": ""phasecorr@630m""}, {""pair_id"": 2, ""dx"": -22344.837, ""dy"": 2673.196, ""method"": ""from-pair-1""}, {""pair_id"": 3, ""dx"": -22344.837, ""dy"": 2673.196, ""method"": ""from-pair-1""}, {""pair_id"": 4, ""dx"": 2984.7810351296075, ""dy"": -2451.527892847757, ""method"": ""phasecorr@630m""}, {""pair_id"": 5, ""dx"": -17785.645793294265, ""dy"": -6817.746622855631, ""method"": ""phasecorr@630m""}, {""pair_id"": 6, ""dx"": -17785.645793294265, ""dy"": -6817.746622855631, ""method"": ""from-pair-5""}, {""pair_id"": 7, ""dx"": -315.647, ""dy"": -36225.0, ""method"": ""from-pair-9""}, {""pair_id"": 8, ""dx"": -36695.52013613287, ""dy"": -24315.825628678675, ""method"": ""phasecorr@630m""}, {""pair_id"": 9, ""dx"": -315.6466821299109, ""dy"": -36225.0, ""method"": ""matcher@630m""}, {""pair_id"": 10, ""dx"": -909.817, ""dy"": 6863.828, ""method"": ""from-pair-11""}, {""pair_id"": 11, ""dx"": -909.8174921032623, ""dy"": 6863.828125, ""method"": ""matcher@630m""}, {""pair_id"": 12, ""dx"": -909.817, ""dy"": 6863.828, ""method"": ""from-pair-11""}, {""pair_id"": 13, ""dx"": 24501.50753168467, ""dy"": -25375.95292143412, ""method"": ""phasecorr@630m""}, {""pair_id"": 14, ""dx"": 24974.38249029077, ""dy"": -25708.598336542625, ""method"": ""phasecorr@630m""}, {""pair_id"": 15, ""dx"": 0.0, ""dy"": 5171.5, ""method"": ""matcher@630m""}, {""pair_id"": 16, ""dx"": -1575.0, ""dy"": 5912.474226804123, ""method"": ""matcher@630m""}, {""pair_id"": 17, ""dx"": -1575.0, ""dy"": 5912.474, ""method"": ""from-pair-16""}, {""pair_id"": 18, ""dx"": 7421.331, ""dy"": -39616.631, ""method"": ""from-pair-20""}, {""pair_id"": 19, ""dx"": -76819.38643648359, ""dy"": -11576.503871835088, ""method"": ""phasecorr@630m""}, {""pair_id"": 20, ""dx"": 7802.704969420571, ""dy"": -38054.42182401927, ""method"": ""phasecorr@630m""}, {""pair_id"": 21, ""dx"": -81420.75146909156, ""dy"": -32792.29159885792, ""method"": ""phasecorr@630m""}, {""pair_id"": 22, ""dx"": -53382.54489951132, ""dy"": 9355.97275169869, ""method"": ""phasecorr@630m""}, {""pair_id"": 23, ""dx"": -4147.908346505737, ""dy"": 60491.56911360672, ""method"": ""phasecorr@630m""}, {""pair_id"": 24, ""dx"": -7518.340796436311, ""dy"": 21888.09805308266, ""method"": ""phasecorr@630m""}, {""pair_id"": 25, ""dx"": 32468.12909988714, ""dy"": -15482.493103352437, ""method"": ""phasecorr@630m""}]",267.0,23.23,"PROJCS[""unnamed"",GEOGCS[""WGS 84"",DATUM[""WGS_1984"",SPHEROID[""WGS 84"",6378137,298.25722293287,AUTHORITY[""EPSG"",""7030""]],AUTHORITY[""EPSG"",""6326""]],PRIMEM[""Greenwich"",0],UNIT[""degree"",0.0174532925199433,AUTHORITY[""EPSG"",""9122""]],AUTHORITY[""EPSG"",""4326""]],PROJECTION[""Lambert_Conformal_Conic_2SP""],PARAMETER[""latitude_of_origin"",14.0374426378078],PARAMETER[""central_meridian"",74.7957258744854],PARAMETER[""standard_parallel_1"",14.4626684058008],PARAMETER[""standard_parallel_2"",13.6198421791193],PARAMETER[""false_easting"",0],PARAMETER[""false_northing"",0],UNIT[""metre"",1,AUTHORITY[""EPSG"",""9001""]],AXIS[""Easting"",EAST],AXIS[""Northing"",NORTH]]",9.5,3.76,/maintenance/ICIGDev/GPUPOC/output/output300/win2048_nfauto/band1_toL8Ref/filtered_same-res_imw-liftfeat-nn,/maintenance/ICIGDev/GPUPOC/output/output300/win2048_nfauto/band1_toL8Ref/final_same-res_imw-liftfeat-nn,/maintenance/ICIGDev/GPUPOC/output/output300/rival/RIVAL_cog_win2048_nfauto_band1_toL8Ref_imw-liftfeat-nn_internal_r630.csv,/maintenance/ICIGDev/GPUPOC/output/output300/rival/RIVAL_cog_win2048_nfauto_band1_toL8Ref_imw-liftfeat-nn_internal_r630_detail.csv,True,252.0,252.0,5.0,-29925.0,39060.0,-57330.0,40320.0,-1260.0000000000005,6266.250000000002,-0.19473689304765465,-673.925111132362,581.6844066265265,-93455.804109266,8468.92374240839,-1260.0,6266.25,5653.657002330438,10846.973368179715,18561.390838580428,internal,12353.450832640325,3.0,7217.971494705523,-4641.519866207117
win2048_nfauto,2048,auto,band1,L8Ref,imw-ripe-nn,ok,,"[{""pair_id"": 1, ""dx"": -27305.177084728868, ""dy"": -6642.3349438312225, ""method"": ""phasecorr@630m""}, {""pair_id"": 2, ""dx"": -22344.837, ""dy"": 2673.196, ""method"": ""from-pair-1""}, {""pair_id"": 3, ""dx"": -22344.837, ""dy"": 2673.196, ""method"": ""from-pair-1""}, {""pair_id"": 4, ""dx"": 2984.7810351296075, ""dy"": -2451.527892847757, ""method"": ""phasecorr@630m""}, {""pair_id"": 5, ""dx"": -17785.645793294265, ""dy"": -6817.746622855631, ""method"": ""phasecorr@630m""}, {""pair_id"": 6, ""dx"": -17785.645793294265, ""dy"": -6817.746622855631, ""method"": ""from-pair-5""}, {""pair_id"": 7, ""dx"": -43388.601, ""dy"": -26170.083, ""method"": ""from-pair-8""}, {""pair_id"": 8, ""dx"": -36695.52013613287, ""dy"": -24315.825628678675, ""method"": ""phasecorr@630m""}, {""pair_id"": 9, ""dx"": -43388.601, ""dy"": -26170.083, ""method"": ""from-pair-8""}, {""pair_id"": 10, ""dx"": 247.8760445682492, ""dy"": 7438.046875, ""method"": ""matcher@630m""}, {""pair_id"": 11, ""dx"": -279.1877523956791, ""dy"": 7418.359375, ""method"": ""matcher@630m""}, {""pair_id"": 12, ""dx"": -611.6146331765485, ""dy"": 7643.743902439033, ""method"": ""matcher@630m""}, {""pair_id"": 13, ""dx"": 24501.50753168467, ""dy"": -25375.95292143412, ""method"": ""phasecorr@630m""}, {""pair_id"": 14, ""dx"": 24974.38249029077, ""dy"": -25708.598336542625, ""method"": ""phasecorr@630m""}, {""pair_id"": 15, ""dx"": -1260.0, ""dy"": 7080.5, ""method"": ""matcher@630m""}, {""pair_id"": 16, ""dx"": -1575.0, ""dy"": 6868.840206185567, ""method"": ""matcher@630m""}, {""pair_id"": 17, ""dx"": -1575.0, ""dy"": 6868.84, ""method"": ""from-pair-16""}, {""pair_id"": 18, ""dx"": 7421.331, ""dy"": -39616.631, ""method"": ""from-pair-20""}, {""pair_id"": 19, ""dx"": -76819.38643648359, ""dy"": -11576.503871835088, ""method"": ""phasecorr@630m""}, {""pair_id"": 20, ""dx"": 7802.704969420571, ""dy"": -38054.42182401927, ""method"": ""phasecorr@630m""}, {""pair_id"": 21, ""dx"": -81420.75146909156, ""dy"": -32792.29159885792, ""method"": ""phasecorr@630m""}, {""pair_id"": 22, ""dx"": -53382.54489951132, ""dy"": 9355.97275169869, ""method"": ""phasecorr@630m""}, {""pair_id"": 23, ""dx"": -4147.908346505737, ""dy"": 60491.56911360672, ""method"": ""phasecorr@630m""}, {""pair_id"": 24, ""dx"": -7518.340796436311, ""dy"": 21888.09805308266, ""method"": ""phasecorr@630m""}, {""pair_id"": 25, ""dx"": 32468.12909988714, ""dy"": -15482.493103352437, ""method"": ""phasecorr@630m""}]",350.0,23.23,"PROJCS[""unnamed"",GEOGCS[""WGS 84"",DATUM[""WGS_1984"",SPHEROID[""WGS 84"",6378137,298.25722293287,AUTHORITY[""EPSG"",""7030""]],AUTHORITY[""EPSG"",""6326""]],PRIMEM[""Greenwich"",0],UNIT[""degree"",0.0174532925199433,AUTHORITY[""EPSG"",""9122""]],AUTHORITY[""EPSG"",""4326""]],PROJECTION[""Lambert_Conformal_Conic_2SP""],PARAMETER[""latitude_of_origin"",14.0374426378078],PARAMETER[""central_meridian"",74.7957258744854],PARAMETER[""standard_parallel_1"",14.4626684058008],PARAMETER[""standard_parallel_2"",13.6198421791193],PARAMETER[""false_easting"",0],PARAMETER[""false_northing"",0],UNIT[""metre"",1,AUTHORITY[""EPSG"",""9001""]],AXIS[""Easting"",EAST],AXIS[""Northing"",NORTH]]",51.6,32.92,/maintenance/ICIGDev/GPUPOC/output/output300/win2048_nfauto/band1_toL8Ref/filtered_same-res_imw-ripe-nn,/maintenance/ICIGDev/GPUPOC/output/output300/win2048_nfauto/band1_toL8Ref/final_same-res_imw-ripe-nn,/maintenance/ICIGDev/GPUPOC/output/output300/rival/RIVAL_cog_win2048_nfauto_band1_toL8Ref_imw-ripe-nn_internal_r630.csv,/maintenance/ICIGDev/GPUPOC/output/output300/rival/RIVAL_cog_win2048_nfauto_band1_toL8Ref_imw-ripe-nn_internal_r630_detail.csv,True,279.0,279.0,3.0,-4725.0,2205.0,5670.0,8190.0,-1427.096774193549,7031.6129032258095,0.3003796926534241,37162.163227535886,-397.7302257379785,6244.518642398591,397.2415740176626,-1427.0967741935483,7031.612903225807,1909.2833480722045,7047.500929750822,11079.745446989758,internal,,0.0,,
win2048_nfauto,2048,auto,band1,L8Ref,imw-darkfeat-nn,ok,,"[{""pair_id"": 1, ""dx"": -27305.177084728868, ""dy"": -6642.3349438312225, ""method"": ""phasecorr@630m""}, {""pair_id"": 2, ""dx"": -22344.837, ""dy"": 2673.196, ""method"": ""from-pair-1""}, {""pair_id"": 3, ""dx"": -22344.837, ""dy"": 2673.196, ""method"": ""from-pair-1""}, {""pair_id"": 4, ""dx"": 2984.7810351296075, ""dy"": -2451.527892847757, ""method"": ""phasecorr@630m""}, {""pair_id"": 5, ""dx"": -17785.645793294265, ""dy"": -6817.746622855631, ""method"": ""phasecorr@630m""}, {""pair_id"": 6, ""dx"": -17785.645793294265, ""dy"": -6817.746622855631, ""method"": ""from-pair-5""}, {""pair_id"": 7, ""dx"": -43388.601, ""dy"": -26170.083, ""method"": ""from-pair-8""}, {""pair_id"": 8, ""dx"": -36695.52013613287, ""dy"": -24315.825628678675, ""method"": ""phasecorr@630m""}, {""pair_id"": 9, ""dx"": -43388.601, ""dy"": -26170.083, ""method"": ""from-pair-8""}, {""pair_id"": 10, ""dx"": -282.16, ""dy"": 7421.641, ""method"": ""from-pair-11""}, {""pair_id"": 11, ""dx"": -282.1601238154908, ""dy"": 7421.640625, ""method"": ""matcher@630m""}, {""pair_id"": 12, ""dx"": -616.010095564161, ""dy"": 7689.07317073171, ""method"": ""matcher@630m""}, {""pair_id"": 13, ""dx"": 24501.50753168467, ""dy"": -25375.95292143412, ""method"": ""phasecorr@630m""}, {""pair_id"": 14, ""dx"": 24974.38249029077, ""dy"": -25708.598336542625, ""method"": ""phasecorr@630m""}, {""pair_id"": 15, ""dx"": -1260.0, ""dy"": 7058.5, ""method"": ""matcher@630m""}, {""pair_id"": 16, ""dx"": -2205.0, ""dy"": 6795.7731958762815, ""method"": ""matcher@630m""}, {""pair_id"": 17, ""dx"": -2205.0, ""dy"": 6795.773, ""method"": ""from-pair-16""}, {""pair_id"": 18, ""dx"": 7421.331, ""dy"": -39616.631, ""method"": ""from-pair-20""}, {""pair_id"": 19, ""dx"": -76819.38643648359, ""dy"": -11576.503871835088, ""method"": ""phasecorr@630m""}, {""pair_id"": 20, ""dx"": 7802.704969420571, ""dy"": -38054.42182401927, ""method"": ""phasecorr@630m""}, {""pair_id"": 21, ""dx"": -81420.75146909156, ""dy"": -32792.29159885792, ""method"": ""phasecorr@630m""}, {""pair_id"": 22, ""dx"": -53382.54489951132, ""dy"": 9355.97275169869, ""method"": ""phasecorr@630m""}, {""pair_id"": 23, ""dx"": -4147.908346505737, ""dy"": 60491.56911360672, ""method"": ""phasecorr@630m""}, {""pair_id"": 24, ""dx"": -7518.340796436311, ""dy"": 21888.09805308266, ""method"": ""phasecorr@630m""}, {""pair_id"": 25, ""dx"": 32468.12909988714, ""dy"": -15482.493103352437, ""method"": ""phasecorr@630m""}]",341.0,23.23,"PROJCS[""unnamed"",GEOGCS[""WGS 84"",DATUM[""WGS_1984"",SPHEROID[""WGS 84"",6378137,298.25722293287,AUTHORITY[""EPSG"",""7030""]],AUTHORITY[""EPSG"",""6326""]],PRIMEM[""Greenwich"",0],UNIT[""degree"",0.0174532925199433,AUTHORITY[""EPSG"",""9122""]],AUTHORITY[""EPSG"",""4326""]],PROJECTION[""Lambert_Conformal_Conic_2SP""],PARAMETER[""latitude_of_origin"",14.0374426378078],PARAMETER[""central_meridian"",74.7957258744854],PARAMETER[""standard_parallel_1"",14.4626684058008],PARAMETER[""standard_parallel_2"",13.6198421791193],PARAMETER[""false_easting"",0],PARAMETER[""false_northing"",0],UNIT[""metre"",1,AUTHORITY[""EPSG"",""9001""]],AXIS[""Easting"",EAST],AXIS[""Northing"",NORTH]]",6.5,0.81,/maintenance/ICIGDev/GPUPOC/output/output300/win2048_nfauto/band1_toL8Ref/filtered_same-res_imw-darkfeat-nn,/maintenance/ICIGDev/GPUPOC/output/output300/win2048_nfauto/band1_toL8Ref/final_same-res_imw-darkfeat-nn,/maintenance/ICIGDev/GPUPOC/output/output300/rival/RIVAL_cog_win2048_nfauto_band1_toL8Ref_imw-darkfeat-nn_internal_r630.csv,/maintenance/ICIGDev/GPUPOC/output/output300/rival/RIVAL_cog_win2048_nfauto_band1_toL8Ref_imw-darkfeat-nn_internal_r630_detail.csv,True,332.0,332.0,6.0,-67725.0,83475.0,-95130.0,79065.0,-1368.1626506024095,3981.1445783132526,-4.423801437046049,-19669.52612368674,-119938.62741672684,-73532.32468411751,18545.51446780711,-1368.1626506024097,3981.144578313253,10668.899698803645,17516.990156031545,31123.302863322497,internal,32015.913067607165,4.0,-1307.1388975504874,-22394.33399884268
win2048_nfauto,2048,auto,band1,L8Ref,imw-lanet-nn,ok,,"[{""pair_id"": 1, ""dx"": -27305.177084728868, ""dy"": -6642.3349438312225, ""method"": ""phasecorr@630m""}, {""pair_id"": 2, ""dx"": -22344.837, ""dy"": 2673.196, ""method"": ""from-pair-1""}, {""pair_id"": 3, ""dx"": -22344.837, ""dy"": 2673.196, ""method"": ""from-pair-1""}, {""pair_id"": 4, ""dx"": 2984.7810351296075, ""dy"": -2451.527892847757, ""method"": ""phasecorr@630m""}, {""pair_id"": 5, ""dx"": -17785.645793294265, ""dy"": -6817.746622855631, ""method"": ""phasecorr@630m""}, {""pair_id"": 6, ""dx"": -17785.645793294265, ""dy"": -6817.746622855631, ""method"": ""from-pair-5""}, {""pair_id"": 7, ""dx"": -43388.601, ""dy"": -26170.083, ""method"": ""from-pair-8""}, {""pair_id"": 8, ""dx"": -36695.52013613287, ""dy"": -24315.825628678675, ""method"": ""phasecorr@630m""}, {""pair_id"": 9, ""dx"": -43388.601, ""dy"": -26170.083, ""method"": ""from-pair-8""}, {""pair_id"": 10, ""dx"": 2984.7810351296075, ""dy"": -2451.527892847757, ""method"": ""from-pair-4""}, {""pair_id"": 11, ""dx"": 2984.7810351296075, ""dy"": -2451.527892847757, ""method"": ""from-pair-4""}, {""pair_id"": 12, ""dx"": 2984.7810351296075, ""dy"": -2451.527892847757, ""method"": ""from-pair-4""}, {""pair_id"": 13, ""dx"": 24501.50753168467, ""dy"": -25375.95292143412, ""method"": ""phasecorr@630m""}, {""pair_id"": 14, ""dx"": 24974.38249029077, ""dy"": -25708.598336542625, ""method"": ""phasecorr@630m""}, {""pair_id"": 15, ""dx"": -129975.934, ""dy"": -80754.317, ""method"": ""from-pair-16""}, {""pair_id"": 16, ""dx"": -116716.98661316468, ""dy"": -57904.763748692705, ""method"": ""phasecorr@630m""}, {""pair_id"": 17, ""dx"": -129975.934, ""dy"": -80754.317, ""method"": ""from-pair-16""}, {""pair_id"": 18, ""dx"": 7421.331, ""dy"": -39616.631, ""method"": ""from-pair-20""}, {""pair_id"": 19, ""dx"": -76819.38643648359, ""dy"": -11576.503871835088, ""method"": ""phasecorr@630m""}, {""pair_id"": 20, ""dx"": 7802.704969420571, ""dy"": -38054.42182401927, ""method"": ""phasecorr@630m""}, {""pair_id"": 21, ""dx"": -81420.75146909156, ""dy"": -32792.29159885792, ""method"": ""phasecorr@630m""}, {""pair_id"": 22, ""dx"": -53382.54489951132, ""dy"": 9355.97275169869, ""method"": ""phasecorr@630m""}, {""pair_id"": 23, ""dx"": -4147.908346505737, ""dy"": 60491.56911360672, ""method"": ""phasecorr@630m""}, {""pair_id"": 24, ""dx"": -7518.340796436311, ""dy"": 21888.09805308266, ""method"": ""phasecorr@630m""}, {""pair_id"": 25, ""dx"": 32468.12909988714, ""dy"": -15482.493103352437, ""method"": ""phasecorr@630m""}]",71.0,23.23,"PROJCS[""unnamed"",GEOGCS[""WGS 84"",DATUM[""WGS_1984"",SPHEROID[""WGS 84"",6378137,298.25722293287,AUTHORITY[""EPSG"",""7030""]],AUTHORITY[""EPSG"",""6326""]],PRIMEM[""Greenwich"",0],UNIT[""degree"",0.0174532925199433,AUTHORITY[""EPSG"",""9122""]],AUTHORITY[""EPSG"",""4326""]],PROJECTION[""Lambert_Conformal_Conic_2SP""],PARAMETER[""latitude_of_origin"",14.0374426378078],PARAMETER[""central_meridian"",74.7957258744854],PARAMETER[""standard_parallel_1"",14.4626684058008],PARAMETER[""standard_parallel_2"",13.6198421791193],PARAMETER[""false_easting"",0],PARAMETER[""false_northing"",0],UNIT[""metre"",1,AUTHORITY[""EPSG"",""9001""]],AXIS[""Easting"",EAST],AXIS[""Northing"",NORTH]]",4.4,3.57,/maintenance/ICIGDev/GPUPOC/output/output300/win2048_nfauto/band1_toL8Ref/filtered_same-res_imw-lanet-nn,/maintenance/ICIGDev/GPUPOC/output/output300/win2048_nfauto/band1_toL8Ref/final_same-res_imw-lanet-nn,/maintenance/ICIGDev/GPUPOC/output/output300/rival/RIVAL_cog_win2048_nfauto_band1_toL8Ref_imw-lanet-nn_internal_r630.csv,/maintenance/ICIGDev/GPUPOC/output/output300/rival/RIVAL_cog_win2048_nfauto_band1_toL8Ref_imw-lanet-nn_internal_r630_detail.csv,True,71.0,71.0,2.0,-4104.033851623528,296.0719299316406,5748.1732177734375,7533.112335205082,-1862.694379645335,6781.852774284259,0.3052407410250121,38857.31847455012,1255.643898824036,6681.647977050608,378.43266662772584,-1862.6943796453338,6781.852774284255,2150.7433958512925,6793.146489300911,10812.575413631388,internal,,0.0,,
win2048_nfauto,2048,auto,band1,L8Ref,imw-minima-loftr,ok,,"[{""pair_id"": 1, ""dx"": -27305.177084728868, ""dy"": -6642.3349438312225, ""method"": ""phasecorr@630m""}, {""pair_id"": 2, ""dx"": -22344.837, ""dy"": 2673.196, ""method"": ""from-pair-1""}, {""pair_id"": 3, ""dx"": -22344.837, ""dy"": 2673.196, ""method"": ""from-pair-1""}, {""pair_id"": 4, ""dx"": 2984.7810351296075, ""dy"": -2451.527892847757, ""method"": ""phasecorr@630m""}, {""pair_id"": 5, ""dx"": -17785.645793294265, ""dy"": -6817.746622855631, ""method"": ""phasecorr@630m""}, {""pair_id"": 6, ""dx"": -17785.645793294265, ""dy"": -6817.746622855631, ""method"": ""from-pair-5""}, {""pair_id"": 7, ""dx"": -43388.601, ""dy"": -26170.083, ""method"": ""from-pair-8""}, {""pair_id"": 8, ""dx"": -36695.52013613287, ""dy"": -24315.825628678675, ""method"": ""phasecorr@630m""}, {""pair_id"": 9, ""dx"": -43388.601, ""dy"": -26170.083, ""method"": ""from-pair-8""}, {""pair_id"": 10, ""dx"": -239.563, ""dy"": 7249.351, ""method"": ""from-pair-11""}, {""pair_id"": 11, ""dx"": -239.56346619065516, ""dy"": 7249.351071715355, ""method"": ""matcher@630m""}, {""pair_id"": 12, ""dx"": -239.563, ""dy"": 7249.351, ""method"": ""from-pair-11""}, {""pair_id"": 13, ""dx"": 24501.50753168467, ""dy"": -25375.95292143412, ""method"": ""phasecorr@630m""}, {""pair_id"": 14, ""dx"": 24974.38249029077, ""dy"": -25708.598336542625, ""method"": ""phasecorr@630m""}, {""pair_id"": 15, ""dx"": -1245.0613403320312, ""dy"": 6761.542922973633, ""method"": ""matcher@630m""}, {""pair_id"": 16, ""dx"": -1323.4652709960938, ""dy"": 6687.639424235545, ""method"": ""matcher@630m""}, {""pair_id"": 17, ""dx"": -1323.465, ""dy"": 6687.639, ""method"": ""from-pair-16""}, {""pair_id"": 18, ""dx"": 7421.331, ""dy"": -39616.631, ""method"": ""from-pair-20""}, {""pair_id"": 19, ""dx"": -76819.38643648359, ""dy"": -11576.503871835088, ""method"": ""phasecorr@630m""}, {""pair_id"": 20, ""dx"": 7802.704969420571, ""dy"": -38054.42182401927, ""method"": ""phasecorr@630m""}, {""pair_id"": 21, ""dx"": -81420.75146909156, ""dy"": -32792.29159885792, ""method"": ""phasecorr@630m""}, {""pair_id"": 22, ""dx"": -53382.54489951132, ""dy"": 9355.97275169869, ""method"": ""phasecorr@630m""}, {""pair_id"": 23, ""dx"": -4147.908346505737, ""dy"": 60491.56911360672, ""method"": ""phasecorr@630m""}, {""pair_id"": 24, ""dx"": -7518.340796436311, ""dy"": 21888.09805308266, ""method"": ""phasecorr@630m""}, {""pair_id"": 25, ""dx"": 32468.12909988714, ""dy"": -15482.493103352437, ""method"": ""phasecorr@630m""}]",759.0,23.23,"PROJCS[""unnamed"",GEOGCS[""WGS 84"",DATUM[""WGS_1984"",SPHEROID[""WGS 84"",6378137,298.25722293287,AUTHORITY[""EPSG"",""7030""]],AUTHORITY[""EPSG"",""6326""]],PRIMEM[""Greenwich"",0],UNIT[""degree"",0.0174532925199433,AUTHORITY[""EPSG"",""9122""]],AUTHORITY[""EPSG"",""4326""]],PROJECTION[""Lambert_Conformal_Conic_2SP""],PARAMETER[""latitude_of_origin"",14.0374426378078],PARAMETER[""central_meridian"",74.7957258744854],PARAMETER[""standard_parallel_1"",14.4626684058008],PARAMETER[""standard_parallel_2"",13.6198421791193],PARAMETER[""false_easting"",0],PARAMETER[""false_northing"",0],UNIT[""metre"",1,AUTHORITY[""EPSG"",""9001""]],AXIS[""Easting"",EAST],AXIS[""Northing"",NORTH]]",44.8,25.33,/maintenance/ICIGDev/GPUPOC/output/output300/win2048_nfauto/band1_toL8Ref/filtered_same-res_imw-minima-loftr,/maintenance/ICIGDev/GPUPOC/output/output300/win2048_nfauto/band1_toL8Ref/final_same-res_imw-minima-loftr,/maintenance/ICIGDev/GPUPOC/output/output300/rival/RIVAL_cog_win2048_nfauto_band1_toL8Ref_imw-minima-loftr_internal_r630.csv,/maintenance/ICIGDev/GPUPOC/output/output300/rival/RIVAL_cog_win2048_nfauto_band1_toL8Ref_imw-minima-loftr_internal_r630_detail.csv,True,526.0,759.0,3.0,-4258.027496337891,683.7849426269531,5090.629463195801,7915.187301635742,-1920.6617317652044,6836.596591218188,0.34392537333096146,35988.97689701024,-1103.4861308742093,10393.79494651834,451.5776680072944,-1748.5854164094526,6874.479403876533,2106.909050069833,6902.276505213523,10950.961115031498,internal,7627.204572485029,1.0,4633.906962237383,-6058.14788989708
win2048_nfauto,2048,auto,band1,L8Ref,imw-minima-roma,ok,,"[{""pair_id"": 1, ""dx"": -19874.807624816895, ""dy"": -31176.133853307037, ""method"": ""matcher@630m""}, {""pair_id"": 2, ""dx"": -19874.808, ""dy"": -31176.134, ""method"": ""from-pair-1""}, {""pair_id"": 3, ""dx"": -19874.808, ""dy"": -31176.134, ""method"": ""from-pair-1""}, {""pair_id"": 4, ""dx"": -28195.257218735365, ""dy"": 34822.53479003906, ""method"": ""matcher@630m""}, {""pair_id"": 5, ""dx"": -28314.820496789354, ""dy"": 35742.98309326172, ""method"": ""matcher@630m""}, {""pair_id"": 6, ""dx"": -30406.788272342164, ""dy"": 28966.831456331107, ""method"": ""matcher@630m""}, {""pair_id"": 7, ""dx"": -10143.018584895777, ""dy"": -34332.33839035034, ""method"": ""matcher@630m""}, {""pair_id"": 8, ""dx"": -4155.257297323784, ""dy"": -36085.12423389363, ""method"": ""matcher@630m""}, {""pair_id"": 9, ""dx"": 1449.3232911938248, ""dy"": -36583.668422698975, ""method"": ""matcher@630m""}, {""pair_id"": 10, ""dx"": 83.001, ""dy"": 7425.594, ""method"": ""from-pair-11""}, {""pair_id"": 11, ""dx"": 83.00103289969411, ""dy"": 7425.5939865112305, ""method"": ""matcher@630m""}, {""pair_id"": 12, ""dx"": -428.8012117891776, ""dy"": 7497.9305419921875, ""method"": ""matcher@630m""}, {""pair_id"": 13, ""dx"": -2520.1777097890154, ""dy"": -35609.6377006906, ""method"": ""matcher@630m""}, {""pair_id"": 14, ""dx"": 6754.648590087891, ""dy"": -36156.30854129791, ""method"": ""matcher@630m""}, {""pair_id"": 15, ""dx"": -1498.2206726074219, ""dy"": 7053.737155914307, ""method"": ""matcher@630m""}, {""pair_id"": 16, ""dx"": -1889.461669921875, ""dy"": 6905.423345664112, ""method"": ""matcher@630m""}, {""pair_id"": 17, ""dx"": -5132.091053048003, ""dy"": 33231.61560058594, ""method"": ""matcher@630m""}, {""pair_id"": 18, ""dx"": -16518.73053192783, ""dy"": -34713.14977949316, ""method"": ""matcher@630m""}, {""pair_id"": 19, ""dx"": -76819.38643648359, ""dy"": -11576.503871835088, ""method"": ""phasecorr@630m""}, {""pair_id"": 20, ""dx"": 6398.413244487252, ""dy"": -36623.759598515244, ""method"": ""matcher@630m""}, {""pair_id"": 21, ""dx"": 22062.117283518717, ""dy"": -35110.70875427939, ""method"": ""matcher@630m""}, {""pair_id"": 22, ""dx"": -7263.353210449219, ""dy"": -13143.984050690953, ""method"": ""matcher@630m""}, {""pair_id"": 23, ""dx"": -4147.908346505737, ""dy"": 60491.56911360672, ""method"": ""phasecorr@630m""}, {""pair_id"": 24, ""dx"": 34973.47247584238, ""dy"": 29104.56813812256, ""method"": ""matcher@630m""}, {""pair_id"": 25, ""dx"": 30603.65443923256, ""dy"": 27459.996185302734, ""method"": ""matcher@630m""}]",6704.0,23.24,"PROJCS[""unnamed"",GEOGCS[""WGS 84"",DATUM[""WGS_1984"",SPHEROID[""WGS 84"",6378137,298.25722293287,AUTHORITY[""EPSG"",""7030""]],AUTHORITY[""EPSG"",""6326""]],PRIMEM[""Greenwich"",0],UNIT[""degree"",0.0174532925199433,AUTHORITY[""EPSG"",""9122""]],AUTHORITY[""EPSG"",""4326""]],PROJECTION[""Lambert_Conformal_Conic_2SP""],PARAMETER[""latitude_of_origin"",14.0374426378078],PARAMETER[""central_meridian"",74.7957258744854],PARAMETER[""standard_parallel_1"",14.4626684058008],PARAMETER[""standard_parallel_2"",13.6198421791193],PARAMETER[""false_easting"",0],PARAMETER[""false_northing"",0],UNIT[""metre"",1,AUTHORITY[""EPSG"",""9001""]],AXIS[""Easting"",EAST],AXIS[""Northing"",NORTH]]",35.5,33.97,/maintenance/ICIGDev/GPUPOC/output/output300/win2048_nfauto/band1_toL8Ref/filtered_same-res_imw-minima-roma,/maintenance/ICIGDev/GPUPOC/output/output300/win2048_nfauto/band1_toL8Ref/final_same-res_imw-minima-roma,/maintenance/ICIGDev/GPUPOC/output/output300/rival/RIVAL_cog_win2048_nfauto_band1_toL8Ref_imw-minima-roma_internal_r630.csv,/maintenance/ICIGDev/GPUPOC/output/output300/rival/RIVAL_cog_win2048_nfauto_band1_toL8Ref_imw-minima-roma_internal_r630_detail.csv,True,1081.0,6704.0,6.0,-64412.42191314697,32115.272827148438,-42143.91036987305,55001.91467285156,-2153.8157937001783,5004.218880086781,1.9223069603940923,11792.757702308802,27708.935250752314,37000.312058409945,12007.945722725874,-8532.13469972884,-2118.0509844585,21022.193859971576,19486.30153047412,43496.846788973344,internal,11362.84187282954,3.0,-8844.707539739058,-2346.560564346492
win2048_nfauto,2048,auto,band1,L8Ref,imw-xoftr,ok,,"[{""pair_id"": 1, ""dx"": -32695.068740844727, ""dy"": -29046.449498250455, ""method"": ""matcher@630m""}, {""pair_id"": 2, ""dx"": -26084.822, ""dy"": -29756.538, ""method"": ""from-pair-3""}, {""pair_id"": 3, ""dx"": -26084.822387695312, ""dy"": -29756.537903569435, ""method"": ""matcher@630m""}, {""pair_id"": 4, ""dx"": -28602.90008246302, ""dy"": 33970.026626586914, ""method"": ""matcher@630m""}, {""pair_id"": 5, ""dx"": -17785.645793294265, ""dy"": -6817.746622855631, ""method"": ""phasecorr@630m""}, {""pair_id"": 6, ""dx"": -28765.882983568546, ""dy"": 35100.57185356434, ""method"": ""matcher@630m""}, {""pair_id"": 7, ""dx"": -43388.601, ""dy"": -26170.083, ""method"": ""from-pair-8""}, {""pair_id"": 8, ""dx"": -36695.52013613287, ""dy"": -24315.825628678675, ""method"": ""phasecorr@630m""}, {""pair_id"": 9, ""dx"": -43388.601, ""dy"": -26170.083, ""method"": ""from-pair-8""}, {""pair_id"": 10, ""dx"": -12291.636, ""dy"": -33697.83, ""method"": ""from-pair-11""}, {""pair_id"": 11, ""dx"": -12291.635851739993, ""dy"": -33697.829533815384, ""method"": ""matcher@630m""}, {""pair_id"": 12, ""dx"": -12291.636, ""dy"": -33697.83, ""method"": ""from-pair-11""}, {""pair_id"": 13, ""dx"": 24501.50753168467, ""dy"": -25375.95292143412, ""method"": ""phasecorr@630m""}, {""pair_id"": 14, ""dx"": 24974.38249029077, ""dy"": -25708.598336542625, ""method"": ""phasecorr@630m""}, {""pair_id"": 15, ""dx"": -1253.155517578125, ""dy"": 6807.80793762207, ""method"": ""matcher@630m""}, {""pair_id"": 16, ""dx"": -1272.2085571289062, ""dy"": 7001.166189134732, ""method"": ""matcher@630m""}, {""pair_id"": 17, ""dx"": -1272.209, ""dy"": 7001.166, ""method"": ""from-pair-16""}, {""pair_id"": 18, ""dx"": 7421.331, ""dy"": -39616.631, ""method"": ""from-pair-20""}, {""pair_id"": 19, ""dx"": -76819.38643648359, ""dy"": -11576.503871835088, ""method"": ""phasecorr@630m""}, {""pair_id"": 20, ""dx"": 7802.704969420571, ""dy"": -38054.42182401927, ""method"": ""phasecorr@630m""}, {""pair_id"": 21, ""dx"": -81420.75146909156, ""dy"": -32792.29159885792, ""method"": ""phasecorr@630m""}, {""pair_id"": 22, ""dx"": -53382.54489951132, ""dy"": 9355.97275169869, ""method"": ""phasecorr@630m""}, {""pair_id"": 23, ""dx"": -4147.908346505737, ""dy"": 60491.56911360672, ""method"": ""phasecorr@630m""}, {""pair_id"": 24, ""dx"": -7518.340796436311, ""dy"": 21888.09805308266, ""method"": ""phasecorr@630m""}, {""pair_id"": 25, ""dx"": 32468.12909988714, ""dy"": -15482.493103352437, ""method"": ""phasecorr@630m""}]",412.0,23.24,"PROJCS[""unnamed"",GEOGCS[""WGS 84"",DATUM[""WGS_1984"",SPHEROID[""WGS 84"",6378137,298.25722293287,AUTHORITY[""EPSG"",""7030""]],AUTHORITY[""EPSG"",""6326""]],PRIMEM[""Greenwich"",0],UNIT[""degree"",0.0174532925199433,AUTHORITY[""EPSG"",""9122""]],AUTHORITY[""EPSG"",""4326""]],PROJECTION[""Lambert_Conformal_Conic_2SP""],PARAMETER[""latitude_of_origin"",14.0374426378078],PARAMETER[""central_meridian"",74.7957258744854],PARAMETER[""standard_parallel_1"",14.4626684058008],PARAMETER[""standard_parallel_2"",13.6198421791193],PARAMETER[""false_easting"",0],PARAMETER[""false_northing"",0],UNIT[""metre"",1,AUTHORITY[""EPSG"",""9001""]],AXIS[""Easting"",EAST],AXIS[""Northing"",NORTH]]",12.1,19.37,/maintenance/ICIGDev/GPUPOC/output/output300/win2048_nfauto/band1_toL8Ref/filtered_same-res_imw-xoftr,/maintenance/ICIGDev/GPUPOC/output/output300/win2048_nfauto/band1_toL8Ref/final_same-res_imw-xoftr,/maintenance/ICIGDev/GPUPOC/output/output300/rival/RIVAL_cog_win2048_nfauto_band1_toL8Ref_imw-xoftr_internal_r630.csv,/maintenance/ICIGDev/GPUPOC/output/output300/rival/RIVAL_cog_win2048_nfauto_band1_toL8Ref_imw-xoftr_internal_r630_detail.csv,True,407.0,412.0,3.0,-3937.9710388183594,381.3972473144531,6130.262603759766,7729.410552978516,-1322.8289249799784,7053.368863619647,0.21262296249277993,39480.37758908266,-1274.1498329491133,6201.479420621267,228.35715078273475,-1312.4541437069377,7057.085907980617,1505.4873378229809,7061.775431399953,10956.708142183455,internal,,0.0,,
win2048_nfauto,2048,auto,band1,L8Ref,imw-omniglue,no-consensus,,"[{""pair_id"": 1, ""dx"": -27305.177084728868, ""dy"": -6642.3349438312225, ""method"": ""phasecorr@630m""}, {""pair_id"": 2, ""dx"": -22344.837, ""dy"": 2673.196, ""method"": ""from-pair-1""}, {""pair_id"": 3, ""dx"": -22344.837, ""dy"": 2673.196, ""method"": ""from-pair-1""}, {""pair_id"": 4, ""dx"": 2984.7810351296075, ""dy"": -2451.527892847757, ""method"": ""phasecorr@630m""}, {""pair_id"": 5, ""dx"": -17785.645793294265, ""dy"": -6817.746622855631, ""method"": ""phasecorr@630m""}, {""pair_id"": 6, ""dx"": -17785.645793294265, ""dy"": -6817.746622855631, ""method"": ""from-pair-5""}, {""pair_id"": 7, ""dx"": -43388.601, ""dy"": -26170.083, ""method"": ""from-pair-8""}, {""pair_id"": 8, ""dx"": -36695.52013613287, ""dy"": -24315.825628678675, ""method"": ""phasecorr@630m""}, {""pair_id"": 9, ""dx"": -43388.601, ""dy"": -26170.083, ""method"": ""from-pair-8""}, {""pair_id"": 10, ""dx"": 2984.7810351296075, ""dy"": -2451.527892847757, ""method"": ""from-pair-4""}, {""pair_id"": 11, ""dx"": 2984.7810351296075, ""dy"": -2451.527892847757, ""method"": ""from-pair-4""}, {""pair_id"": 12, ""dx"": 2984.7810351296075, ""dy"": -2451.527892847757, ""method"": ""from-pair-4""}, {""pair_id"": 13, ""dx"": 24501.50753168467, ""dy"": -25375.95292143412, ""method"": ""phasecorr@630m""}, {""pair_id"": 14, ""dx"": 24974.38249029077, ""dy"": -25708.598336542625, ""method"": ""phasecorr@630m""}, {""pair_id"": 15, ""dx"": -129975.934, ""dy"": -80754.317, ""method"": ""from-pair-16""}, {""pair_id"": 16, ""dx"": -116716.98661316468, ""dy"": -57904.763748692705, ""method"": ""phasecorr@630m""}, {""pair_id"": 17, ""dx"": -129975.934, ""dy"": -80754.317, ""method"": ""from-pair-16""}, {""pair_id"": 18, ""dx"": 7421.331, ""dy"": -39616.631, ""method"": ""from-pair-20""}, {""pair_id"": 19, ""dx"": -76819.38643648359, ""dy"": -11576.503871835088, ""method"": ""phasecorr@630m""}, {""pair_id"": 20, ""dx"": 7802.704969420571, ""dy"": -38054.42182401927, ""method"": ""phasecorr@630m""}, {""pair_id"": 21, ""dx"": -81420.75146909156, ""dy"": -32792.29159885792, ""method"": ""phasecorr@630m""}, {""pair_id"": 22, ""dx"": -53382.54489951132, ""dy"": 9355.97275169869, ""method"": ""phasecorr@630m""}, {""pair_id"": 23, ""dx"": -4147.908346505737, ""dy"": 60491.56911360672, ""method"": ""phasecorr@630m""}, {""pair_id"": 24, ""dx"": -7518.340796436311, ""dy"": 21888.09805308266, ""method"": ""phasecorr@630m""}, {""pair_id"": 25, ""dx"": 32468.12909988714, ""dy"": -15482.493103352437, ""method"": ""phasecorr@630m""}]",,23.24,"PROJCS[""unnamed"",GEOGCS[""WGS 84"",DATUM[""WGS_1984"",SPHEROID[""WGS 84"",6378137,298.25722293287,AUTHORITY[""EPSG"",""7030""]],AUTHORITY[""EPSG"",""6326""]],PRIMEM[""Greenwich"",0],UNIT[""degree"",0.0174532925199433,AUTHORITY[""EPSG"",""9122""]],AUTHORITY[""EPSG"",""4326""]],PROJECTION[""Lambert_Conformal_Conic_2SP""],PARAMETER[""latitude_of_origin"",14.0374426378078],PARAMETER[""central_meridian"",74.7957258744854],PARAMETER[""standard_parallel_1"",14.4626684058008],PARAMETER[""standard_parallel_2"",13.6198421791193],PARAMETER[""false_easting"",0],PARAMETER[""false_northing"",0],UNIT[""metre"",1,AUTHORITY[""EPSG"",""9001""]],AXIS[""Easting"",EAST],AXIS[""Northing"",NORTH]]",55.0,0.02,/maintenance/ICIGDev/GPUPOC/output/output300/win2048_nfauto/band1_toL8Ref/filtered_same-res_imw-omniglue,/maintenance/ICIGDev/GPUPOC/output/output300/win2048_nfauto/band1_toL8Ref/final_same-res_imw-omniglue,/maintenance/ICIGDev/GPUPOC/output/output300/rival/RIVAL_cog_win2048_nfauto_band1_toL8Ref_imw-omniglue_internal_r630.csv,/maintenance/ICIGDev/GPUPOC/output/output300/rival/RIVAL_cog_win2048_nfauto_band1_toL8Ref_imw-omniglue_internal_r630_detail.csv,False,11.0,11.0,3.0,-2520.0,42210.0,-72450.0,7245.0,16809.545454545445,-27719.99999999999,-0.04022107572400701,95861.07630724755,-138246.5151318683,-361129.47355095,24866.006907487827,16809.545454545456,-27720.0,25341.887486208212,42880.19838615913,75582.51414824827,internal,,0.0,,
win2048_nfauto,2048,auto,band1,L8Ref,imw-gim-roma,ok,,"[{""pair_id"": 1, ""dx"": -27305.177084728868, ""dy"": -6642.3349438312225, ""method"": ""phasecorr@630m""}, {""pair_id"": 2, ""dx"": -6307.984, ""dy"": 24456.206, ""method"": ""from-pair-3""}, {""pair_id"": 3, ""dx"": -6307.983627319336, ""dy"": 24456.205655349666, ""method"": ""matcher@630m""}, {""pair_id"": 4, ""dx"": -34982.47247553774, ""dy"": 31521.06336593628, ""method"": ""matcher@630m""}, {""pair_id"": 5, ""dx"": -31446.20967075744, ""dy"": -3650.9089279174805, ""method"": ""matcher@630m""}, {""pair_id"": 6, ""dx"": -31446.21, ""dy"": -3650.909, ""method"": ""from-pair-5""}, {""pair_id"": 7, ""dx"": -43388.601, ""dy"": -26170.083, ""method"": ""from-pair-8""}, {""pair_id"": 8, ""dx"": -36695.52013613287, ""dy"": -24315.825628678675, ""method"": ""phasecorr@630m""}, {""pair_id"": 9, ""dx"": -43388.601, ""dy"": -26170.083, ""method"": ""from-pair-8""}, {""pair_id"": 10, ""dx"": -15732.504, ""dy"": -27446.763, ""method"": ""from-pair-11""}, {""pair_id"": 11, ""dx"": -15732.503984060852, ""dy"": -27446.763305664062, ""method"": ""matcher@630m""}, {""pair_id"": 12, ""dx"": -852.5027378006198, ""dy"": 7488.055895456455, ""method"": ""matcher@630m""}, {""pair_id"": 13, ""dx"": 26622.420824107976, ""dy"": -36822.15863462354, ""method"": ""matcher@630m""}, {""pair_id"": 14, ""dx"": 9322.612838745117, ""dy"": -35621.73916504031, ""method"": ""matcher@630m""}, {""pair_id"": 15, ""dx"": 1323.9459228515625, ""dy"": 5139.793655395508, ""method"": ""matcher@630m""}, {""pair_id"": 16, ""dx"": -1770.6733703613281, ""dy"": 6715.377925400877, ""method"": ""matcher@630m""}, {""pair_id"": 17, ""dx"": -1770.673, ""dy"": 6715.378, ""method"": ""from-pair-16""}, {""pair_id"": 18, ""dx"": -7779.3859101245325, ""dy"": -36064.22281005166, ""method"": ""matcher@630m""}, {""pair_id"": 19, ""dx"": 17007.996060070815, ""dy"": -36035.7613472505, ""method"": ""matcher@630m""}, {""pair_id"": 20, ""dx"": 19181.498693203757, ""dy"": -35529.91668007591, ""method"": ""matcher@630m""}, {""pair_id"": 21, ""dx"": -1705.6952685844735, ""dy"": -35973.7561564012, ""method"": ""matcher@630m""}, {""pair_id"": 22, ""dx"": -53382.54489951132, ""dy"": 9355.97275169869, ""method"": ""phasecorr@630m""}, {""pair_id"": 23, ""dx"": -4147.908346505737, ""dy"": 60491.56911360672, ""method"": ""phasecorr@630m""}, {""pair_id"": 24, ""dx"": 234.15962132212007, ""dy"": 36452.252197265625, ""method"": ""matcher@630m""}, {""pair_id"": 25, ""dx"": 15809.574904008332, ""dy"": 24451.415977478027, ""method"": ""matcher@630m""}]",2504.0,23.24,"PROJCS[""unnamed"",GEOGCS[""WGS 84"",DATUM[""WGS_1984"",SPHEROID[""WGS 84"",6378137,298.25722293287,AUTHORITY[""EPSG"",""7030""]],AUTHORITY[""EPSG"",""6326""]],PRIMEM[""Greenwich"",0],UNIT[""degree"",0.0174532925199433,AUTHORITY[""EPSG"",""9122""]],AUTHORITY[""EPSG"",""4326""]],PROJECTION[""Lambert_Conformal_Conic_2SP""],PARAMETER[""latitude_of_origin"",14.0374426378078],PARAMETER[""central_meridian"",74.7957258744854],PARAMETER[""standard_parallel_1"",14.4626684058008],PARAMETER[""standard_parallel_2"",13.6198421791193],PARAMETER[""false_easting"",0],PARAMETER[""false_northing"",0],UNIT[""metre"",1,AUTHORITY[""EPSG"",""9001""]],AXIS[""Easting"",EAST],AXIS[""Northing"",NORTH]]",29.5,5.35,/maintenance/ICIGDev/GPUPOC/output/output300/win2048_nfauto/band1_toL8Ref/filtered_same-res_imw-gim-roma,/maintenance/ICIGDev/GPUPOC/output/output300/win2048_nfauto/band1_toL8Ref/final_same-res_imw-gim-roma,/maintenance/ICIGDev/GPUPOC/output/output300/rival/RIVAL_cog_win2048_nfauto_band1_toL8Ref_imw-gim-roma_internal_r630.csv,/maintenance/ICIGDev/GPUPOC/output/output300/rival/RIVAL_cog_win2048_nfauto_band1_toL8Ref_imw-gim-roma_internal_r630_detail.csv,True,898.0,2504.0,6.0,-14190.5082321167,73174.94316101073,-48662.645416259766,111184.0843963623,2778.4812702843183,13307.07629319388,2.281089623383302,-130021.55565540378,-187051.56068773678,-94110.63567111589,24665.238588941294,10785.536796850192,24729.53227051117,23239.287636547135,44257.705654786725,75854.48262024434,internal,30601.929257285374,2.0,17111.643449358446,4553.901321572774
win2048_nfauto,2048,auto,band1,L8Ref,imw-gim-dkm,no-consensus,,"[{""pair_id"": 1, ""dx"": -34987.99919128418, ""dy"": -17511.281863209064, ""method"": ""matcher@630m""}, {""pair_id"": 2, ""dx"": -26177.013969013467, ""dy"": -28335.888061523438, ""method"": ""matcher@630m""}, {""pair_id"": 3, ""dx"": -34938.13877105713, ""dy"": -23628.09185559865, ""method"": ""matcher@630m""}, {""pair_id"": 4, ""dx"": -28716.35278052563, ""dy"": 31924.98996734619, ""method"": ""matcher@630m""}, {""pair_id"": 5, ""dx"": -29296.981335343997, ""dy"": 31288.244018554688, ""method"": ""matcher@630m""}, {""pair_id"": 6, ""dx"": -28670.949755488225, ""dy"": 35067.33522836979, ""method"": ""matcher@630m""}, {""pair_id"": 7, ""dx"": -43388.601, ""dy"": -26170.083, ""method"": ""from-pair-8""}, {""pair_id"": 8, ""dx"": -36695.52013613287, ""dy"": -24315.825628678675, ""method"": ""phasecorr@630m""}, {""pair_id"": 9, ""dx"": -43388.601, ""dy"": -26170.083, ""method"": ""from-pair-8""}, {""pair_id"": 10, ""dx"": 18998.012, ""dy"": 12218.401, ""method"": ""from-pair-12""}, {""pair_id"": 11, ""dx"": 18998.012, ""dy"": 12218.401, ""method"": ""from-pair-12""}, {""pair_id"": 12, ""dx"": 18998.011893733972, ""dy"": 12218.400509624946, ""method"": ""matcher@630m""}, {""pair_id"": 13, ""dx"": 24501.50753168467, ""dy"": -25375.95292143412, ""method"": ""phasecorr@630m""}, {""pair_id"": 14, ""dx"": 24974.38249029077, ""dy"": -25708.598336542625, ""method"": ""phasecorr@630m""}, {""pair_id"": 15, ""dx"": -18917.447662353516, ""dy"": -35442.177154541016, ""method"": ""matcher@630m""}, {""pair_id"": 16, ""dx"": -16305.907516479492, ""dy"": -25384.090948989717, ""method"": ""matcher@630m""}, {""pair_id"": 17, ""dx"": -8387.495407444017, ""dy"": 24032.5399017334, ""method"": ""matcher@630m""}, {""pair_id"": 18, ""dx"": 7421.331, ""dy"": -39616.631, ""method"": ""from-pair-20""}, {""pair_id"": 19, ""dx"": -76819.38643648359, ""dy"": -11576.503871835088, ""method"": ""phasecorr@630m""}, {""pair_id"": 20, ""dx"": 7802.704969420571, ""dy"": -38054.42182401927, ""method"": ""phasecorr@630m""}, {""pair_id"": 21, ""dx"": -81420.75146909156, ""dy"": -32792.29159885792, ""method"": ""phasecorr@630m""}, {""pair_id"": 22, ""dx"": -53382.54489951132, ""dy"": 9355.97275169869, ""method"": ""phasecorr@630m""}, {""pair_id"": 23, ""dx"": 28898.88961301357, ""dy"": -36521.621334590134, ""method"": ""matcher@630m""}, {""pair_id"": 24, ""dx"": -7518.340796436311, ""dy"": 21888.09805308266, ""method"": ""phasecorr@630m""}, {""pair_id"": 25, ""dx"": 32468.12909988714, ""dy"": -15482.493103352437, ""method"": ""phasecorr@630m""}]",,23.24,"PROJCS[""unnamed"",GEOGCS[""WGS 84"",DATUM[""WGS_1984"",SPHEROID[""WGS 84"",6378137,298.25722293287,AUTHORITY[""EPSG"",""7030""]],AUTHORITY[""EPSG"",""6326""]],PRIMEM[""Greenwich"",0],UNIT[""degree"",0.0174532925199433,AUTHORITY[""EPSG"",""9122""]],AUTHORITY[""EPSG"",""4326""]],PROJECTION[""Lambert_Conformal_Conic_2SP""],PARAMETER[""latitude_of_origin"",14.0374426378078],PARAMETER[""central_meridian"",74.7957258744854],PARAMETER[""standard_parallel_1"",14.4626684058008],PARAMETER[""standard_parallel_2"",13.6198421791193],PARAMETER[""false_easting"",0],PARAMETER[""false_northing"",0],UNIT[""metre"",1,AUTHORITY[""EPSG"",""9001""]],AXIS[""Easting"",EAST],AXIS[""Northing"",NORTH]]",41.6,34.14,/maintenance/ICIGDev/GPUPOC/output/output300/win2048_nfauto/band1_toL8Ref/filtered_same-res_imw-gim-dkm,/maintenance/ICIGDev/GPUPOC/output/output300/win2048_nfauto/band1_toL8Ref/final_same-res_imw-gim-dkm,/maintenance/ICIGDev/GPUPOC/output/output300/rival/RIVAL_cog_win2048_nfauto_band1_toL8Ref_imw-gim-dkm_internal_r630.csv,/maintenance/ICIGDev/GPUPOC/output/output300/rival/RIVAL_cog_win2048_nfauto_band1_toL8Ref_imw-gim-dkm_internal_r630_detail.csv,False,670.0,5574.0,4.0,-19369.452667236328,66291.79229736328,-129429.8162841797,8759.024505615234,-6779.909308282631,-7685.672866646263,-1.8316605068789944,40393.60428373919,-319539.3901269391,190204.3882785346,24944.09553235689,10062.289659613994,-36844.05325846174,30459.654531105796,64733.22227067413,108560.6722040465,internal,58443.5737910473,2.0,10051.654310675198,-51412.55210615548
win2048_nfauto,2048,auto,band1,L8Ref,imw-eloftr,ok,,"[{""pair_id"": 1, ""dx"": -27305.177084728868, ""dy"": -6642.3349438312225, ""method"": ""phasecorr@630m""}, {""pair_id"": 2, ""dx"": -22344.837, ""dy"": 2673.196, ""method"": ""from-pair-1""}, {""pair_id"": 3, ""dx"": -22344.837, ""dy"": 2673.196, ""method"": ""from-pair-1""}, {""pair_id"": 4, ""dx"": 2984.7810351296075, ""dy"": -2451.527892847757, ""method"": ""phasecorr@630m""}, {""pair_id"": 5, ""dx"": -17785.645793294265, ""dy"": -6817.746622855631, ""method"": ""phasecorr@630m""}, {""pair_id"": 6, ""dx"": -17785.645793294265, ""dy"": -6817.746622855631, ""method"": ""from-pair-5""}, {""pair_id"": 7, ""dx"": -43388.601, ""dy"": -26170.083, ""method"": ""from-pair-8""}, {""pair_id"": 8, ""dx"": -36695.52013613287, ""dy"": -24315.825628678675, ""method"": ""phasecorr@630m""}, {""pair_id"": 9, ""dx"": -43388.601, ""dy"": -26170.083, ""method"": ""from-pair-8""}, {""pair_id"": 10, ""dx"": -245.159, ""dy"": 7312.117, ""method"": ""from-pair-11""}, {""pair_id"": 11, ""dx"": -245.15883701053826, ""dy"": 7312.116956710815, ""method"": ""matcher@630m""}, {""pair_id"": 12, ""dx"": -6.122874791777576, ""dy"": 7670.956675459704, ""method"": ""matcher@630m""}, {""pair_id"": 13, ""dx"": 24501.50753168467, ""dy"": -25375.95292143412, ""method"": ""phasecorr@630m""}, {""pair_id"": 14, ""dx"": 24974.38249029077, ""dy"": -25708.598336542625, ""method"": ""phasecorr@630m""}, {""pair_id"": 15, ""dx"": -1260.845947265625, ""dy"": 7078.17578125, ""method"": ""matcher@630m""}, {""pair_id"": 16, ""dx"": -1195.2081298828125, ""dy"": 6800.45117722344, ""method"": ""matcher@630m""}, {""pair_id"": 17, ""dx"": -1195.208, ""dy"": 6800.451, ""method"": ""from-pair-16""}, {""pair_id"": 18, ""dx"": 7421.331, ""dy"": -39616.631, ""method"": ""from-pair-20""}, {""pair_id"": 19, ""dx"": -76819.38643648359, ""dy"": -11576.503871835088, ""method"": ""phasecorr@630m""}, {""pair_id"": 20, ""dx"": 7802.704969420571, ""dy"": -38054.42182401927, ""method"": ""phasecorr@630m""}, {""pair_id"": 21, ""dx"": -81420.75146909156, ""dy"": -32792.29159885792, ""method"": ""phasecorr@630m""}, {""pair_id"": 22, ""dx"": -53382.54489951132, ""dy"": 9355.97275169869, ""method"": ""phasecorr@630m""}, {""pair_id"": 23, ""dx"": -4147.908346505737, ""dy"": 60491.56911360672, ""method"": ""phasecorr@630m""}, {""pair_id"": 24, ""dx"": -7518.340796436311, ""dy"": 21888.09805308266, ""method"": ""phasecorr@630m""}, {""pair_id"": 25, ""dx"": 32468.12909988714, ""dy"": -15482.493103352437, ""method"": ""phasecorr@630m""}]",1406.0,23.25,"PROJCS[""unnamed"",GEOGCS[""WGS 84"",DATUM[""WGS_1984"",SPHEROID[""WGS 84"",6378137,298.25722293287,AUTHORITY[""EPSG"",""7030""]],AUTHORITY[""EPSG"",""6326""]],PRIMEM[""Greenwich"",0],UNIT[""degree"",0.0174532925199433,AUTHORITY[""EPSG"",""9122""]],AUTHORITY[""EPSG"",""4326""]],PROJECTION[""Lambert_Conformal_Conic_2SP""],PARAMETER[""latitude_of_origin"",14.0374426378078],PARAMETER[""central_meridian"",74.7957258744854],PARAMETER[""standard_parallel_1"",14.4626684058008],PARAMETER[""standard_parallel_2"",13.6198421791193],PARAMETER[""false_easting"",0],PARAMETER[""false_northing"",0],UNIT[""metre"",1,AUTHORITY[""EPSG"",""9001""]],AXIS[""Easting"",EAST],AXIS[""Northing"",NORTH]]",15.0,17.12,/maintenance/ICIGDev/GPUPOC/output/output300/win2048_nfauto/band1_toL8Ref/filtered_same-res_imw-eloftr,/maintenance/ICIGDev/GPUPOC/output/output300/win2048_nfauto/band1_toL8Ref/final_same-res_imw-eloftr,/maintenance/ICIGDev/GPUPOC/output/output300/rival/RIVAL_cog_win2048_nfauto_band1_toL8Ref_imw-eloftr_internal_r630.csv,/maintenance/ICIGDev/GPUPOC/output/output300/rival/RIVAL_cog_win2048_nfauto_band1_toL8Ref_imw-eloftr_internal_r630_detail.csv,True,630.0,1406.0,4.0,-5024.696044921875,3824.75830078125,5664.520568847656,8528.475036621086,-1368.898884215701,6983.555289495042,0.25891347647188756,38982.3008392075,-189.5445275269976,6795.331429511135,272.9786397381112,-1107.6727600097656,7060.058212280273,1932.333037274073,7077.549860233312,11132.924206392398,internal,7779.07422518562,1.0,4685.396462237382,-6209.754889897078
win2048_nfauto,2048,auto,band1,L8Ref,imw-aspanformer,ok,,"[{""pair_id"": 1, ""dx"": -27305.177084728868, ""dy"": -6642.3349438312225, ""method"": ""phasecorr@630m""}, {""pair_id"": 2, ""dx"": -22344.837, ""dy"": 2673.196, ""method"": ""from-pair-1""}, {""pair_id"": 3, ""dx"": -22344.837, ""dy"": 2673.196, ""method"": ""from-pair-1""}, {""pair_id"": 4, ""dx"": 2984.7810351296075, ""dy"": -2451.527892847757, ""method"": ""phasecorr@630m""}, {""pair_id"": 5, ""dx"": -17785.645793294265, ""dy"": -6817.746622855631, ""method"": ""phasecorr@630m""}, {""pair_id"": 6, ""dx"": -17785.645793294265, ""dy"": -6817.746622855631, ""method"": ""from-pair-5""}, {""pair_id"": 7, ""dx"": -4365.234327058541, ""dy"": -35040.171546936035, ""method"": ""matcher@630m""}, {""pair_id"": 8, ""dx"": -36695.52013613287, ""dy"": -24315.825628678675, ""method"": ""phasecorr@630m""}, {""pair_id"": 9, ""dx"": -4365.234, ""dy"": -35040.172, ""method"": ""from-pair-7""}, {""pair_id"": 10, ""dx"": -123.451, ""dy"": 7782.828, ""method"": ""from-pair-12""}, {""pair_id"": 11, ""dx"": -123.451, ""dy"": 7782.828, ""method"": ""from-pair-12""}, {""pair_id"": 12, ""dx"": -123.45092274332274, ""dy"": 7782.828394820055, ""method"": ""matcher@630m""}, {""pair_id"": 13, ""dx"": 24501.50753168467, ""dy"": -25375.95292143412, ""method"": ""phasecorr@630m""}, {""pair_id"": 14, ""dx"": 24974.38249029077, ""dy"": -25708.598336542625, ""method"": ""phasecorr@630m""}, {""pair_id"": 15, ""dx"": -1126.7344665527344, ""dy"": 7089.772655487061, ""method"": ""matcher@630m""}, {""pair_id"": 16, ""dx"": -877.939453125, ""dy"": 7111.538704154416, ""method"": ""matcher@630m""}, {""pair_id"": 17, ""dx"": -877.939, ""dy"": 7111.539, ""method"": ""from-pair-16""}, {""pair_id"": 18, ""dx"": 7421.331, ""dy"": -39616.631, ""method"": ""from-pair-20""}, {""pair_id"": 19, ""dx"": -76819.38643648359, ""dy"": -11576.503871835088, ""method"": ""phasecorr@630m""}, {""pair_id"": 20, ""dx"": 7802.704969420571, ""dy"": -38054.42182401927, ""method"": ""phasecorr@630m""}, {""pair_id"": 21, ""dx"": -81420.75146909156, ""dy"": -32792.29159885792, ""method"": ""phasecorr@630m""}, {""pair_id"": 22, ""dx"": -53382.54489951132, ""dy"": 9355.97275169869, ""method"": ""phasecorr@630m""}, {""pair_id"": 23, ""dx"": -4147.908346505737, ""dy"": 60491.56911360672, ""method"": ""phasecorr@630m""}, {""pair_id"": 24, ""dx"": -7518.340796436311, ""dy"": 21888.09805308266, ""method"": ""phasecorr@630m""}, {""pair_id"": 25, ""dx"": 32468.12909988714, ""dy"": -15482.493103352437, ""method"": ""phasecorr@630m""}]",2061.0,23.25,"PROJCS[""unnamed"",GEOGCS[""WGS 84"",DATUM[""WGS_1984"",SPHEROID[""WGS 84"",6378137,298.25722293287,AUTHORITY[""EPSG"",""7030""]],AUTHORITY[""EPSG"",""6326""]],PRIMEM[""Greenwich"",0],UNIT[""degree"",0.0174532925199433,AUTHORITY[""EPSG"",""9122""]],AUTHORITY[""EPSG"",""4326""]],PROJECTION[""Lambert_Conformal_Conic_2SP""],PARAMETER[""latitude_of_origin"",14.0374426378078],PARAMETER[""central_meridian"",74.7957258744854],PARAMETER[""standard_parallel_1"",14.4626684058008],PARAMETER[""standard_parallel_2"",13.6198421791193],PARAMETER[""false_easting"",0],PARAMETER[""false_northing"",0],UNIT[""metre"",1,AUTHORITY[""EPSG"",""9001""]],AXIS[""Easting"",EAST],AXIS[""Northing"",NORTH]]",37.4,32.73,/maintenance/ICIGDev/GPUPOC/output/output300/win2048_nfauto/band1_toL8Ref/filtered_same-res_imw-aspanformer,/maintenance/ICIGDev/GPUPOC/output/output300/win2048_nfauto/band1_toL8Ref/final_same-res_imw-aspanformer,/maintenance/ICIGDev/GPUPOC/output/output300/rival/RIVAL_cog_win2048_nfauto_band1_toL8Ref_imw-aspanformer_internal_r630.csv,/maintenance/ICIGDev/GPUPOC/output/output300/rival/RIVAL_cog_win2048_nfauto_band1_toL8Ref_imw-aspanformer_internal_r630_detail.csv,True,639.0,2061.0,6.0,-50493.78479003906,38571.109771728516,-38217.503814697266,64518.00670623779,-1878.309462580618,6859.066465973334,-1.7325995975466923,4167.20598508711,-71535.40666733238,-43006.42322177142,7555.787245925268,-2617.0331691688216,6803.5212857958295,9864.377378116993,12434.513527383062,24085.112980248443,internal,5379.890131232753,2.0,2183.1360380291444,-3131.5141586875816
win2048_nfauto,2048,auto,band1,L8Ref,imw-topicfm,ok,,"[{""pair_id"": 1, ""dx"": -27305.177084728868, ""dy"": -6642.3349438312225, ""method"": ""phasecorr@630m""}, {""pair_id"": 2, ""dx"": -22344.837, ""dy"": 2673.196, ""method"": ""from-pair-1""}, {""pair_id"": 3, ""dx"": -22344.837, ""dy"": 2673.196, ""method"": ""from-pair-1""}, {""pair_id"": 4, ""dx"": 2984.7810351296075, ""dy"": -2451.527892847757, ""method"": ""phasecorr@630m""}, {""pair_id"": 5, ""dx"": -17785.645793294265, ""dy"": -6817.746622855631, ""method"": ""phasecorr@630m""}, {""pair_id"": 6, ""dx"": -17785.645793294265, ""dy"": -6817.746622855631, ""method"": ""from-pair-5""}, {""pair_id"": 7, ""dx"": -43388.601, ""dy"": -26170.083, ""method"": ""from-pair-8""}, {""pair_id"": 8, ""dx"": -36695.52013613287, ""dy"": -24315.825628678675, ""method"": ""phasecorr@630m""}, {""pair_id"": 9, ""dx"": -43388.601, ""dy"": -26170.083, ""method"": ""from-pair-8""}, {""pair_id"": 10, ""dx"": 413.36599132145057, ""dy"": 7465.136413574219, ""method"": ""matcher@630m""}, {""pair_id"": 11, ""dx"": -228.7530794964914, ""dy"": 7296.312255859375, ""method"": ""matcher@630m""}, {""pair_id"": 12, ""dx"": 381.87254974687676, ""dy"": 7674.670883364794, ""method"": ""matcher@630m""}, {""pair_id"": 13, ""dx"": 24501.50753168467, ""dy"": -25375.95292143412, ""method"": ""phasecorr@630m""}, {""pair_id"": 14, ""dx"": 24974.38249029077, ""dy"": -25708.598336542625, ""method"": ""phasecorr@630m""}, {""pair_id"": 15, ""dx"": -1187.4984741210938, ""dy"": 6958.813209533691, ""method"": ""matcher@630m""}, {""pair_id"": 16, ""dx"": -1311.6989135742188, ""dy"": 6941.580687060792, ""method"": ""matcher@630m""}, {""pair_id"": 17, ""dx"": -1311.699, ""dy"": 6941.581, ""method"": ""from-pair-16""}, {""pair_id"": 18, ""dx"": 7421.331, ""dy"": -39616.631, ""method"": ""from-pair-20""}, {""pair_id"": 19, ""dx"": -76819.38643648359, ""dy"": -11576.503871835088, ""method"": ""phasecorr@630m""}, {""pair_id"": 20, ""dx"": 7802.704969420571, ""dy"": -38054.42182401927, ""method"": ""phasecorr@630m""}, {""pair_id"": 21, ""dx"": -81420.75146909156, ""dy"": -32792.29159885792, ""method"": ""phasecorr@630m""}, {""pair_id"": 22, ""dx"": -53382.54489951132, ""dy"": 9355.97275169869, ""method"": ""phasecorr@630m""}, {""pair_id"": 23, ""dx"": -4147.908346505737, ""dy"": 60491.56911360672, ""method"": ""phasecorr@630m""}, {""pair_id"": 24, ""dx"": -7518.340796436311, ""dy"": 21888.09805308266, ""method"": ""phasecorr@630m""}, {""pair_id"": 25, ""dx"": 32468.12909988714, ""dy"": -15482.493103352437, ""method"": ""phasecorr@630m""}]",2122.0,23.25,"PROJCS[""unnamed"",GEOGCS[""WGS 84"",DATUM[""WGS_1984"",SPHEROID[""WGS 84"",6378137,298.25722293287,AUTHORITY[""EPSG"",""7030""]],AUTHORITY[""EPSG"",""6326""]],PRIMEM[""Greenwich"",0],UNIT[""degree"",0.0174532925199433,AUTHORITY[""EPSG"",""9122""]],AUTHORITY[""EPSG"",""4326""]],PROJECTION[""Lambert_Conformal_Conic_2SP""],PARAMETER[""latitude_of_origin"",14.0374426378078],PARAMETER[""central_meridian"",74.7957258744854],PARAMETER[""standard_parallel_1"",14.4626684058008],PARAMETER[""standard_parallel_2"",13.6198421791193],PARAMETER[""false_easting"",0],PARAMETER[""false_northing"",0],UNIT[""metre"",1,AUTHORITY[""EPSG"",""9001""]],AXIS[""Easting"",EAST],AXIS[""Northing"",NORTH]]",36.8,24.69,/maintenance/ICIGDev/GPUPOC/output/output300/win2048_nfauto/band1_toL8Ref/filtered_same-res_imw-topicfm,/maintenance/ICIGDev/GPUPOC/output/output300/win2048_nfauto/band1_toL8Ref/final_same-res_imw-topicfm,/maintenance/ICIGDev/GPUPOC/output/output300/rival/RIVAL_cog_win2048_nfauto_band1_toL8Ref_imw-topicfm_internal_r630.csv,/maintenance/ICIGDev/GPUPOC/output/output300/rival/RIVAL_cog_win2048_nfauto_band1_toL8Ref_imw-topicfm_internal_r630_detail.csv,True,683.0,2122.0,4.0,-5102.936553955078,2913.8845825195167,5350.5707931518555,8483.601379394531,-1222.6982531021724,7097.261264241047,0.3507794552363002,37945.206837771715,-266.36348108925915,7683.3933204578725,337.4836256938879,-950.5658631583086,7196.285665269128,1678.5640309072392,7218.284910756401,11245.655756003318,internal,7318.217594922142,1.0,4421.2285414780345,-5831.72761286465
win2048_nfauto,2048,auto,band1,L8Ref,imw-roma,ok,,"[{""pair_id"": 1, ""dx"": -32831.87187194824, ""dy"": -28741.40883526679, ""method"": ""matcher@630m""}, {""pair_id"": 2, ""dx"": -32831.872, ""dy"": -28741.409, ""method"": ""from-pair-1""}, {""pair_id"": 3, ""dx"": -32831.872, ""dy"": -28741.409, ""method"": ""from-pair-1""}, {""pair_id"": 4, ""dx"": 2984.7810351296075, ""dy"": -2451.527892847757, ""method"": ""phasecorr@630m""}, {""pair_id"": 5, ""dx"": -27283.718382818945, ""dy"": 34780.876693725586, ""method"": ""matcher@630m""}, {""pair_id"": 6, ""dx"": -27283.718, ""dy"": 34780.877, ""method"": ""from-pair-5""}, {""pair_id"": 7, ""dx"": -11953.13512338174, ""dy"": -35566.47271156311, ""method"": ""matcher@630m""}, {""pair_id"": 8, ""dx"": -36695.52013613287, ""dy"": -24315.825628678675, ""method"": ""phasecorr@630m""}, {""pair_id"": 9, ""dx"": -11953.135, ""dy"": -35566.473, ""method"": ""from-pair-7""}, {""pair_id"": 10, ""dx"": -85.922, ""dy"": 7362.201, ""method"": ""from-pair-11""}, {""pair_id"": 11, ""dx"": -85.92165774886962, ""dy"": 7362.201297283173, ""method"": ""matcher@630m""}, {""pair_id"": 12, ""dx"": -923.488384373115, ""dy"": 7169.950269001289, ""method"": ""matcher@630m""}, {""pair_id"": 13, ""dx"": 5344.881928904881, ""dy"": -36795.667827715646, ""method"": ""matcher@630m""}, {""pair_id"": 14, ""dx"": 2749.3862915039062, ""dy"": -36710.76798079444, ""method"": ""matcher@630m""}, {""pair_id"": 15, ""dx"": -1375.3372192382812, ""dy"": 7007.756507873535, ""method"": ""matcher@630m""}, {""pair_id"": 16, ""dx"": -2816.2113189697266, ""dy"": 6675.275233357221, ""method"": ""matcher@630m""}, {""pair_id"": 17, ""dx"": -2816.211, ""dy"": 6675.275, ""method"": ""from-pair-16""}, {""pair_id"": 18, ""dx"": 16717.720993650844, ""dy"": -34154.65127641504, ""method"": ""matcher@630m""}, {""pair_id"": 19, ""dx"": -76819.38643648359, ""dy"": -11576.503871835088, ""method"": ""phasecorr@630m""}, {""pair_id"": 20, ""dx"": -7325.007179403896, ""dy"": -33197.03305006027, ""method"": ""matcher@630m""}, {""pair_id"": 21, ""dx"": -81420.75146909156, ""dy"": -32792.29159885792, ""method"": ""phasecorr@630m""}, {""pair_id"": 22, ""dx"": 31627.37616634369, ""dy"": -20488.986125216587, ""method"": ""matcher@630m""}, {""pair_id"": 23, ""dx"": -4147.908346505737, ""dy"": 60491.56911360672, ""method"": ""phasecorr@630m""}, {""pair_id"": 24, ""dx"": -7518.340796436311, ""dy"": 21888.09805308266, ""method"": ""phasecorr@630m""}, {""pair_id"": 25, ""dx"": 32468.12909988714, ""dy"": -15482.493103352437, ""method"": ""phasecorr@630m""}]",5262.0,23.25,"PROJCS[""unnamed"",GEOGCS[""WGS 84"",DATUM[""WGS_1984"",SPHEROID[""WGS 84"",6378137,298.25722293287,AUTHORITY[""EPSG"",""7030""]],AUTHORITY[""EPSG"",""6326""]],PRIMEM[""Greenwich"",0],UNIT[""degree"",0.0174532925199433,AUTHORITY[""EPSG"",""9122""]],AUTHORITY[""EPSG"",""4326""]],PROJECTION[""Lambert_Conformal_Conic_2SP""],PARAMETER[""latitude_of_origin"",14.0374426378078],PARAMETER[""central_meridian"",74.7957258744854],PARAMETER[""standard_parallel_1"",14.4626684058008],PARAMETER[""standard_parallel_2"",13.6198421791193],PARAMETER[""false_easting"",0],PARAMETER[""false_northing"",0],UNIT[""metre"",1,AUTHORITY[""EPSG"",""9001""]],AXIS[""Easting"",EAST],AXIS[""Northing"",NORTH]]",29.8,5.35,/maintenance/ICIGDev/GPUPOC/output/output300/win2048_nfauto/band1_toL8Ref/filtered_same-res_imw-roma,/maintenance/ICIGDev/GPUPOC/output/output300/win2048_nfauto/band1_toL8Ref/final_same-res_imw-roma,/maintenance/ICIGDev/GPUPOC/output/output300/rival/RIVAL_cog_win2048_nfauto_band1_toL8Ref_imw-roma_internal_r630.csv,/maintenance/ICIGDev/GPUPOC/output/output300/rival/RIVAL_cog_win2048_nfauto_band1_toL8Ref_imw-roma_internal_r630_detail.csv,True,1114.0,5262.0,6.0,-48033.30150604248,167575.0528907776,-35742.2957611084,96181.77921295166,17128.4480653902,15926.140212517916,9.58293135617976,-353810.1148126201,-272328.20424299175,-208156.95943472988,25475.431471830638,22961.274665613364,18422.646047277125,55710.654091967794,32002.71601874339,97493.73669574843,internal,38821.11188363543,3.0,33130.736752449055,13515.820962366493
win2048_nfauto,2048,auto,band1,L8Ref,imw-dkm,ok,,"[{""pair_id"": 1, ""dx"": -27305.177084728868, ""dy"": -6642.3349438312225, ""method"": ""phasecorr@630m""}, {""pair_id"": 2, ""dx"": -35817.725845989684, ""dy"": 15936.87744140625, ""method"": ""matcher@630m""}, {""pair_id"": 3, ""dx"": -32541.24813079834, ""dy"": -19367.129903743706, ""method"": ""matcher@630m""}, {""pair_id"": 4, ""dx"": -16688.29021861212, ""dy"": 35158.97186279297, ""method"": ""matcher@630m""}, {""pair_id"": 5, ""dx"": -29830.984566129497, ""dy"": 32503.65634918213, ""method"": ""matcher@630m""}, {""pair_id"": 6, ""dx"": -18612.815550211308, ""dy"": 35860.01736017374, ""method"": ""matcher@630m""}, {""pair_id"": 7, ""dx"": 4390.727475140535, ""dy"": -35797.371253967285, ""method"": ""matcher@630m""}, {""pair_id"": 8, ""dx"": -36695.52013613287, ""dy"": -24315.825628678675, ""method"": ""phasecorr@630m""}, {""pair_id"": 9, ""dx"": 4390.727, ""dy"": -35797.371, ""method"": ""from-pair-7""}, {""pair_id"": 10, ""dx"": -38.185, ""dy"": 7540.454, ""method"": ""from-pair-12""}, {""pair_id"": 11, ""dx"": -38.185, ""dy"": 7540.454, ""method"": ""from-pair-12""}, {""pair_id"": 12, ""dx"": -38.18540435233808, ""dy"": 7540.454233681288, ""method"": ""matcher@630m""}, {""pair_id"": 13, ""dx"": -24756.525740478166, ""dy"": -29258.407836351238, ""method"": ""matcher@630m""}, {""pair_id"": 14, ""dx"": 26196.05484008789, ""dy"": -36040.90001715988, ""method"": ""matcher@630m""}, {""pair_id"": 15, ""dx"": -1329.0312194824219, ""dy"": 7114.559976577759, ""method"": ""matcher@630m""}, {""pair_id"": 16, ""dx"": -1531.0395812988281, ""dy"": 7070.688548923765, ""method"": ""matcher@630m""}, {""pair_id"": 17, ""dx"": -1531.04, ""dy"": 7070.689, ""method"": ""from-pair-16""}, {""pair_id"": 18, ""dx"": -26255.458502312184, ""dy"": -36678.60443765467, ""method"": ""matcher@630m""}, {""pair_id"": 19, ""dx"": -13118.516610570368, ""dy"": -32761.73323241147, ""method"": ""matcher@630m""}, {""pair_id"": 20, ""dx"": -13744.740680583462, ""dy"": -32333.793419057678, ""method"": ""matcher@630m""}, {""pair_id"": 21, ""dx"": -81420.75146909156, ""dy"": -32792.29159885792, ""method"": ""phasecorr@630m""}, {""pair_id"": 22, ""dx"": -53382.54489951132, ""dy"": 9355.97275169869, ""method"": ""phasecorr@630m""}, {""pair_id"": 23, ""dx"": -4147.908346505737, ""dy"": 60491.56911360672, ""method"": ""phasecorr@630m""}, {""pair_id"": 24, ""dx"": -7518.340796436311, ""dy"": 21888.09805308266, ""method"": ""phasecorr@630m""}, {""pair_id"": 25, ""dx"": 33923.11873782764, ""dy"": 27970.402793884277, ""method"": ""matcher@630m""}]",8086.0,23.25,"PROJCS[""unnamed"",GEOGCS[""WGS 84"",DATUM[""WGS_1984"",SPHEROID[""WGS 84"",6378137,298.25722293287,AUTHORITY[""EPSG"",""7030""]],AUTHORITY[""EPSG"",""6326""]],PRIMEM[""Greenwich"",0],UNIT[""degree"",0.0174532925199433,AUTHORITY[""EPSG"",""9122""]],AUTHORITY[""EPSG"",""4326""]],PROJECTION[""Lambert_Conformal_Conic_2SP""],PARAMETER[""latitude_of_origin"",14.0374426378078],PARAMETER[""central_meridian"",74.7957258744854],PARAMETER[""standard_parallel_1"",14.4626684058008],PARAMETER[""standard_parallel_2"",13.6198421791193],PARAMETER[""false_easting"",0],PARAMETER[""false_northing"",0],UNIT[""metre"",1,AUTHORITY[""EPSG"",""9001""]],AXIS[""Easting"",EAST],AXIS[""Northing"",NORTH]]",30.3,33.83,/maintenance/ICIGDev/GPUPOC/output/output300/win2048_nfauto/band1_toL8Ref/filtered_same-res_imw-dkm,/maintenance/ICIGDev/GPUPOC/output/output300/win2048_nfauto/band1_toL8Ref/final_same-res_imw-dkm,/maintenance/ICIGDev/GPUPOC/output/output300/rival/RIVAL_cog_win2048_nfauto_band1_toL8Ref_imw-dkm_internal_r630.csv,/maintenance/ICIGDev/GPUPOC/output/output300/rival/RIVAL_cog_win2048_nfauto_band1_toL8Ref_imw-dkm_internal_r630_detail.csv,True,660.0,8086.0,4.0,-26451.578979492188,40497.31246948241,-52741.985778808594,68408.91231536865,318.01083865037134,7439.206991144965,0.11246887203984975,-101716.6819002231,42051.068635844946,-33393.59886914381,14347.965368137426,3310.4929317127567,12102.530727819963,14315.226899029236,23948.308505280376,42337.89881372711,internal,22109.14125275679,1.0,15185.401141799488,16069.154274478384
win2048_nfauto,2048,auto,band1,L8Ref,imw-dad-roma,ok,,"[{""pair_id"": 1, ""dx"": -27305.177084728868, ""dy"": -6642.3349438312225, ""method"": ""phasecorr@630m""}, {""pair_id"": 2, ""dx"": -22344.837, ""dy"": 2673.196, ""method"": ""from-pair-1""}, {""pair_id"": 3, ""dx"": -22344.837, ""dy"": 2673.196, ""method"": ""from-pair-1""}, {""pair_id"": 4, ""dx"": -26006.560826752422, ""dy"": 35734.489974975586, ""method"": ""matcher@630m""}, {""pair_id"": 5, ""dx"": -28066.586761803454, ""dy"": 35243.43200683594, ""method"": ""matcher@630m""}, {""pair_id"": 6, ""dx"": -28282.10073674693, ""dy"": 29149.28163776031, ""method"": ""matcher@630m""}, {""pair_id"": 7, ""dx"": -43388.601, ""dy"": -26170.083, ""method"": ""from-pair-8""}, {""pair_id"": 8, ""dx"": -36695.52013613287, ""dy"": -24315.825628678675, ""method"": ""phasecorr@630m""}, {""pair_id"": 9, ""dx"": -43388.601, ""dy"": -26170.083, ""method"": ""from-pair-8""}, {""pair_id"": 10, ""dx"": -534.612, ""dy"": 7334.092, ""method"": ""from-pair-11""}, {""pair_id"": 11, ""dx"": -534.6122923320727, ""dy"": 7334.09215927124, ""method"": ""matcher@630m""}, {""pair_id"": 12, ""dx"": -534.612, ""dy"": 7334.092, ""method"": ""from-pair-11""}, {""pair_id"": 13, ""dx"": 24501.50753168467, ""dy"": -25375.95292143412, ""method"": ""phasecorr@630m""}, {""pair_id"": 14, ""dx"": 24974.38249029077, ""dy"": -25708.598336542625, ""method"": ""phasecorr@630m""}, {""pair_id"": 15, ""dx"": -2829.9, ""dy"": 6501.619, ""method"": ""from-pair-16""}, {""pair_id"": 16, ""dx"": -2829.9002838134766, ""dy"": 6501.618625011637, ""method"": ""matcher@630m""}, {""pair_id"": 17, ""dx"": -2829.9, ""dy"": 6501.619, ""method"": ""from-pair-16""}, {""pair_id"": 18, ""dx"": 7421.331, ""dy"": -39616.631, ""method"": ""from-pair-20""}, {""pair_id"": 19, ""dx"": -3347.691458472429, ""dy"": -28824.420732151382, ""method"": ""matcher@630m""}, {""pair_id"": 20, ""dx"": 7802.704969420571, ""dy"": -38054.42182401927, ""method"": ""phasecorr@630m""}, {""pair_id"": 21, ""dx"": 12003.21193788109, ""dy"": -30271.059272289276, ""method"": ""matcher@630m""}, {""pair_id"": 22, ""dx"": -53382.54489951132, ""dy"": 9355.97275169869, ""method"": ""phasecorr@630m""}, {""pair_id"": 23, ""dx"": -4147.908346505737, ""dy"": 60491.56911360672, ""method"": ""phasecorr@630m""}, {""pair_id"": 24, ""dx"": -7518.340796436311, ""dy"": 21888.09805308266, ""method"": ""phasecorr@630m""}, {""pair_id"": 25, ""dx"": 32468.12909988714, ""dy"": -15482.493103352437, ""method"": ""phasecorr@630m""}]",220.0,23.26,"PROJCS[""unnamed"",GEOGCS[""WGS 84"",DATUM[""WGS_1984"",SPHEROID[""WGS 84"",6378137,298.25722293287,AUTHORITY[""EPSG"",""7030""]],AUTHORITY[""EPSG"",""6326""]],PRIMEM[""Greenwich"",0],UNIT[""degree"",0.0174532925199433,AUTHORITY[""EPSG"",""9122""]],AUTHORITY[""EPSG"",""4326""]],PROJECTION[""Lambert_Conformal_Conic_2SP""],PARAMETER[""latitude_of_origin"",14.0374426378078],PARAMETER[""central_meridian"",74.7957258744854],PARAMETER[""standard_parallel_1"",14.4626684058008],PARAMETER[""standard_parallel_2"",13.6198421791193],PARAMETER[""false_easting"",0],PARAMETER[""false_northing"",0],UNIT[""metre"",1,AUTHORITY[""EPSG"",""9001""]],AXIS[""Easting"",EAST],AXIS[""Northing"",NORTH]]",89.0,33.92,/maintenance/ICIGDev/GPUPOC/output/output300/win2048_nfauto/band1_toL8Ref/filtered_same-res_imw-dad-roma,/maintenance/ICIGDev/GPUPOC/output/output300/win2048_nfauto/band1_toL8Ref/final_same-res_imw-dad-roma,/maintenance/ICIGDev/GPUPOC/output/output300/rival/RIVAL_cog_win2048_nfauto_band1_toL8Ref_imw-dad-roma_internal_r630.csv,/maintenance/ICIGDev/GPUPOC/output/output300/rival/RIVAL_cog_win2048_nfauto_band1_toL8Ref_imw-dad-roma_internal_r630_detail.csv,True,220.0,220.0,6.0,-59916.93557739258,163601.23603820798,-82685.11116027832,100802.67602920532,13577.477860255676,-7443.36438716542,10.083379268184306,-224005.43051624962,391701.6232556815,-334703.93568823,38883.402178029864,13577.477860255674,-7443.364387165417,38432.09063787667,36563.45892008053,80495.20018056096,internal,41460.06014529837,5.0,19408.69247756211,-27391.09927407266
win2048_nfauto,2048,auto,band1,L8Ref,imw-rdd-dense,ok,,"[{""pair_id"": 1, ""dx"": -27305.177084728868, ""dy"": -6642.3349438312225, ""method"": ""phasecorr@630m""}, {""pair_id"": 2, ""dx"": -22344.837, ""dy"": 2673.196, ""method"": ""from-pair-1""}, {""pair_id"": 3, ""dx"": -22344.837, ""dy"": 2673.196, ""method"": ""from-pair-1""}, {""pair_id"": 4, ""dx"": 2984.7810351296075, ""dy"": -2451.527892847757, ""method"": ""phasecorr@630m""}, {""pair_id"": 5, ""dx"": -17785.645793294265, ""dy"": -6817.746622855631, ""method"": ""phasecorr@630m""}, {""pair_id"": 6, ""dx"": -17785.645793294265, ""dy"": -6817.746622855631, ""method"": ""from-pair-5""}, {""pair_id"": 7, ""dx"": -43388.601, ""dy"": -26170.083, ""method"": ""from-pair-8""}, {""pair_id"": 8, ""dx"": -36695.52013613287, ""dy"": -24315.825628678675, ""method"": ""phasecorr@630m""}, {""pair_id"": 9, ""dx"": -43388.601, ""dy"": -26170.083, ""method"": ""from-pair-8""}, {""pair_id"": 10, ""dx"": 2984.7810351296075, ""dy"": -2451.527892847757, ""method"": ""from-pair-4""}, {""pair_id"": 11, ""dx"": 2984.7810351296075, ""dy"": -2451.527892847757, ""method"": ""from-pair-4""}, {""pair_id"": 12, ""dx"": 2984.7810351296075, ""dy"": -2451.527892847757, ""method"": ""from-pair-4""}, {""pair_id"": 13, ""dx"": 24501.50753168467, ""dy"": -25375.95292143412, ""method"": ""phasecorr@630m""}, {""pair_id"": 14, ""dx"": 24974.38249029077, ""dy"": -25708.598336542625, ""method"": ""phasecorr@630m""}, {""pair_id"": 15, ""dx"": -1005.851, ""dy"": 6983.222, ""method"": ""from-pair-16""}, {""pair_id"": 16, ""dx"": -1005.8505249023438, ""dy"": 6983.222100955914, ""method"": ""matcher@630m""}, {""pair_id"": 17, ""dx"": -1005.851, ""dy"": 6983.222, ""method"": ""from-pair-16""}, {""pair_id"": 18, ""dx"": 7421.331, ""dy"": -39616.631, ""method"": ""from-pair-20""}, {""pair_id"": 19, ""dx"": -76819.38643648359, ""dy"": -11576.503871835088, ""method"": ""phasecorr@630m""}, {""pair_id"": 20, ""dx"": 7802.704969420571, ""dy"": -38054.42182401927, ""method"": ""phasecorr@630m""}, {""pair_id"": 21, ""dx"": -81420.75146909156, ""dy"": -32792.29159885792, ""method"": ""phasecorr@630m""}, {""pair_id"": 22, ""dx"": -53382.54489951132, ""dy"": 9355.97275169869, ""method"": ""phasecorr@630m""}, {""pair_id"": 23, ""dx"": -4147.908346505737, ""dy"": 60491.56911360672, ""method"": ""phasecorr@630m""}, {""pair_id"": 24, ""dx"": -7518.340796436311, ""dy"": 21888.09805308266, ""method"": ""phasecorr@630m""}, {""pair_id"": 25, ""dx"": 32468.12909988714, ""dy"": -15482.493103352437, ""method"": ""phasecorr@630m""}]",22.0,23.26,"PROJCS[""unnamed"",GEOGCS[""WGS 84"",DATUM[""WGS_1984"",SPHEROID[""WGS 84"",6378137,298.25722293287,AUTHORITY[""EPSG"",""7030""]],AUTHORITY[""EPSG"",""6326""]],PRIMEM[""Greenwich"",0],UNIT[""degree"",0.0174532925199433,AUTHORITY[""EPSG"",""9122""]],AUTHORITY[""EPSG"",""4326""]],PROJECTION[""Lambert_Conformal_Conic_2SP""],PARAMETER[""latitude_of_origin"",14.0374426378078],PARAMETER[""central_meridian"",74.7957258744854],PARAMETER[""standard_parallel_1"",14.4626684058008],PARAMETER[""standard_parallel_2"",13.6198421791193],PARAMETER[""false_easting"",0],PARAMETER[""false_northing"",0],UNIT[""metre"",1,AUTHORITY[""EPSG"",""9001""]],AXIS[""Easting"",EAST],AXIS[""Northing"",NORTH]]",13.0,16.78,/maintenance/ICIGDev/GPUPOC/output/output300/win2048_nfauto/band1_toL8Ref/filtered_same-res_imw-rdd-dense,/maintenance/ICIGDev/GPUPOC/output/output300/win2048_nfauto/band1_toL8Ref/final_same-res_imw-rdd-dense,/maintenance/ICIGDev/GPUPOC/output/output300/rival/RIVAL_cog_win2048_nfauto_band1_toL8Ref_imw-rdd-dense_internal_r630.csv,/maintenance/ICIGDev/GPUPOC/output/output300/rival/RIVAL_cog_win2048_nfauto_band1_toL8Ref_imw-rdd-dense_internal_r630_detail.csv,True,22.0,22.0,3.0,-3440.967407226559,-335.38684844970703,5310.7487869262695,7931.803436279297,-1710.599917498502,6984.820419658313,0.32514082174612907,39651.88921908435,-7394.564654048782,5733.988342528868,492.3072399603526,-1710.5999174985025,6984.820419658314,1977.4980992881412,7008.226163333591,11049.89265026894,internal,,0.0,,
win2048_nfauto,2048,auto,band1,L8Ref,imw-xfeat-lg,ok,,"[{""pair_id"": 1, ""dx"": -27305.177084728868, ""dy"": -6642.3349438312225, ""method"": ""phasecorr@630m""}, {""pair_id"": 2, ""dx"": -22344.837, ""dy"": 2673.196, ""method"": ""from-pair-1""}, {""pair_id"": 3, ""dx"": -22344.837, ""dy"": 2673.196, ""method"": ""from-pair-1""}, {""pair_id"": 4, ""dx"": 2984.7810351296075, ""dy"": -2451.527892847757, ""method"": ""phasecorr@630m""}, {""pair_id"": 5, ""dx"": -17785.645793294265, ""dy"": -6817.746622855631, ""method"": ""phasecorr@630m""}, {""pair_id"": 6, ""dx"": -17785.645793294265, ""dy"": -6817.746622855631, ""method"": ""from-pair-5""}, {""pair_id"": 7, ""dx"": -43388.601, ""dy"": -26170.083, ""method"": ""from-pair-8""}, {""pair_id"": 8, ""dx"": -36695.52013613287, ""dy"": -24315.825628678675, ""method"": ""phasecorr@630m""}, {""pair_id"": 9, ""dx"": -43388.601, ""dy"": -26170.083, ""method"": ""from-pair-8""}, {""pair_id"": 10, ""dx"": 24055.383008356555, ""dy"": -35291.484375, ""method"": ""matcher@630m""}, {""pair_id"": 11, ""dx"": 24055.383, ""dy"": -35291.484, ""method"": ""from-pair-10""}, {""pair_id"": 12, ""dx"": 24055.383, ""dy"": -35291.484, ""method"": ""from-pair-10""}, {""pair_id"": 13, ""dx"": 24501.50753168467, ""dy"": -25375.95292143412, ""method"": ""phasecorr@630m""}, {""pair_id"": 14, ""dx"": 24974.38249029077, ""dy"": -25708.598336542625, ""method"": ""phasecorr@630m""}, {""pair_id"": 15, ""dx"": -630.0, ""dy"": 7065.0, ""method"": ""matcher@630m""}, {""pair_id"": 16, ""dx"": -1575.0, ""dy"": 6829.871134020614, ""method"": ""matcher@630m""}, {""pair_id"": 17, ""dx"": -1575.0, ""dy"": 6829.871, ""method"": ""from-pair-16""}, {""pair_id"": 18, ""dx"": 7421.331, ""dy"": -39616.631, ""method"": ""from-pair-20""}, {""pair_id"": 19, ""dx"": -76819.38643648359, ""dy"": -11576.503871835088, ""method"": ""phasecorr@630m""}, {""pair_id"": 20, ""dx"": 7802.704969420571, ""dy"": -38054.42182401927, ""method"": ""phasecorr@630m""}, {""pair_id"": 21, ""dx"": -81420.75146909156, ""dy"": -32792.29159885792, ""method"": ""phasecorr@630m""}, {""pair_id"": 22, ""dx"": 14358.5859375, ""dy"": 11511.324451410663, ""method"": ""matcher@630m""}, {""pair_id"": 23, ""dx"": -4147.908346505737, ""dy"": 60491.56911360672, ""method"": ""phasecorr@630m""}, {""pair_id"": 24, ""dx"": -7518.340796436311, ""dy"": 21888.09805308266, ""method"": ""phasecorr@630m""}, {""pair_id"": 25, ""dx"": 32468.12909988714, ""dy"": -15482.493103352437, ""method"": ""phasecorr@630m""}]",315.0,23.26,"PROJCS[""unnamed"",GEOGCS[""WGS 84"",DATUM[""WGS_1984"",SPHEROID[""WGS 84"",6378137,298.25722293287,AUTHORITY[""EPSG"",""7030""]],AUTHORITY[""EPSG"",""6326""]],PRIMEM[""Greenwich"",0],UNIT[""degree"",0.0174532925199433,AUTHORITY[""EPSG"",""9122""]],AUTHORITY[""EPSG"",""4326""]],PROJECTION[""Lambert_Conformal_Conic_2SP""],PARAMETER[""latitude_of_origin"",14.0374426378078],PARAMETER[""central_meridian"",74.7957258744854],PARAMETER[""standard_parallel_1"",14.4626684058008],PARAMETER[""standard_parallel_2"",13.6198421791193],PARAMETER[""false_easting"",0],PARAMETER[""false_northing"",0],UNIT[""metre"",1,AUTHORITY[""EPSG"",""9001""]],AXIS[""Easting"",EAST],AXIS[""Northing"",NORTH]]",5.3,0.58,/maintenance/ICIGDev/GPUPOC/output/output300/win2048_nfauto/band1_toL8Ref/filtered_same-res_imw-xfeat-lg,/maintenance/ICIGDev/GPUPOC/output/output300/win2048_nfauto/band1_toL8Ref/final_same-res_imw-xfeat-lg,/maintenance/ICIGDev/GPUPOC/output/output300/rival/RIVAL_cog_win2048_nfauto_band1_toL8Ref_imw-xfeat-lg_internal_r630.csv,/maintenance/ICIGDev/GPUPOC/output/output300/rival/RIVAL_cog_win2048_nfauto_band1_toL8Ref_imw-xfeat-lg_internal_r630_detail.csv,True,301.0,301.0,2.0,-4095.0,-315.0,5985.0,7560.0,-1748.7209302325584,6892.325581395349,0.30635459162920536,35012.1334172021,672.7659889691428,6038.139449407145,365.75853598517983,-1748.7209302325582,6892.325581395349,1949.8376497711588,6901.113155911709,10882.06422394608,internal,,0.0,,
win2048_nfauto,2048,auto,band1,L8Ref,imw-xfeat-dense,ok,,"[{""pair_id"": 1, ""dx"": -27305.177084728868, ""dy"": -6642.3349438312225, ""method"": ""phasecorr@630m""}, {""pair_id"": 2, ""dx"": -22344.837, ""dy"": 2673.196, ""method"": ""from-pair-1""}, {""pair_id"": 3, ""dx"": -22344.837, ""dy"": 2673.196, ""method"": ""from-pair-1""}, {""pair_id"": 4, ""dx"": 2984.7810351296075, ""dy"": -2451.527892847757, ""method"": ""phasecorr@630m""}, {""pair_id"": 5, ""dx"": -17785.645793294265, ""dy"": -6817.746622855631, ""method"": ""phasecorr@630m""}, {""pair_id"": 6, ""dx"": -17785.645793294265, ""dy"": -6817.746622855631, ""method"": ""from-pair-5""}, {""pair_id"": 7, ""dx"": -43388.601, ""dy"": -26170.083, ""method"": ""from-pair-8""}, {""pair_id"": 8, ""dx"": -36695.52013613287, ""dy"": -24315.825628678675, ""method"": ""phasecorr@630m""}, {""pair_id"": 9, ""dx"": -43388.601, ""dy"": -26170.083, ""method"": ""from-pair-8""}, {""pair_id"": 10, ""dx"": 2984.7810351296075, ""dy"": -2451.527892847757, ""method"": ""from-pair-4""}, {""pair_id"": 11, ""dx"": 2984.7810351296075, ""dy"": -2451.527892847757, ""method"": ""from-pair-4""}, {""pair_id"": 12, ""dx"": 2984.7810351296075, ""dy"": -2451.527892847757, ""method"": ""from-pair-4""}, {""pair_id"": 13, ""dx"": 24501.50753168467, ""dy"": -25375.95292143412, ""method"": ""phasecorr@630m""}, {""pair_id"": 14, ""dx"": 24974.38249029077, ""dy"": -25708.598336542625, ""method"": ""phasecorr@630m""}, {""pair_id"": 15, ""dx"": -1715.657958984375, ""dy"": 8178.211093902588, ""method"": ""matcher@630m""}, {""pair_id"": 16, ""dx"": -2313.6273193359375, ""dy"": 6034.813701197039, ""method"": ""matcher@630m""}, {""pair_id"": 17, ""dx"": -2313.627, ""dy"": 6034.814, ""method"": ""from-pair-16""}, {""pair_id"": 18, ""dx"": 7421.331, ""dy"": -39616.631, ""method"": ""from-pair-20""}, {""pair_id"": 19, ""dx"": -76819.38643648359, ""dy"": -11576.503871835088, ""method"": ""phasecorr@630m""}, {""pair_id"": 20, ""dx"": 7802.704969420571, ""dy"": -38054.42182401927, ""method"": ""phasecorr@630m""}, {""pair_id"": 21, ""dx"": -81420.75146909156, ""dy"": -32792.29159885792, ""method"": ""phasecorr@630m""}, {""pair_id"": 22, ""dx"": -53382.54489951132, ""dy"": 9355.97275169869, ""method"": ""phasecorr@630m""}, {""pair_id"": 23, ""dx"": -4147.908346505737, ""dy"": 60491.56911360672, ""method"": ""phasecorr@630m""}, {""pair_id"": 24, ""dx"": -7518.340796436311, ""dy"": 21888.09805308266, ""method"": ""phasecorr@630m""}, {""pair_id"": 25, ""dx"": 32468.12909988714, ""dy"": -15482.493103352437, ""method"": ""phasecorr@630m""}]",92.0,23.26,"PROJCS[""unnamed"",GEOGCS[""WGS 84"",DATUM[""WGS_1984"",SPHEROID[""WGS 84"",6378137,298.25722293287,AUTHORITY[""EPSG"",""7030""]],AUTHORITY[""EPSG"",""6326""]],PRIMEM[""Greenwich"",0],UNIT[""degree"",0.0174532925199433,AUTHORITY[""EPSG"",""9122""]],AUTHORITY[""EPSG"",""4326""]],PROJECTION[""Lambert_Conformal_Conic_2SP""],PARAMETER[""latitude_of_origin"",14.0374426378078],PARAMETER[""central_meridian"",74.7957258744854],PARAMETER[""standard_parallel_1"",14.4626684058008],PARAMETER[""standard_parallel_2"",13.6198421791193],PARAMETER[""false_easting"",0],PARAMETER[""false_northing"",0],UNIT[""metre"",1,AUTHORITY[""EPSG"",""9001""]],AXIS[""Easting"",EAST],AXIS[""Northing"",NORTH]]",6.2,2.17,/maintenance/ICIGDev/GPUPOC/output/output300/win2048_nfauto/band1_toL8Ref/filtered_same-res_imw-xfeat-dense,/maintenance/ICIGDev/GPUPOC/output/output300/win2048_nfauto/band1_toL8Ref/final_same-res_imw-xfeat-dense,/maintenance/ICIGDev/GPUPOC/output/output300/rival/RIVAL_cog_win2048_nfauto_band1_toL8Ref_imw-xfeat-dense_internal_r630.csv,/maintenance/ICIGDev/GPUPOC/output/output300/rival/RIVAL_cog_win2048_nfauto_band1_toL8Ref_imw-xfeat-dense_internal_r630_detail.csv,True,92.0,92.0,3.0,-4211.019744873047,775.0991821289062,5080.8229637146,8534.588928222656,-2313.497177621593,7003.788889180058,0.13368869841787387,34571.33078471394,-11754.808839508283,3105.3506876539745,452.0708990335111,-2313.4971776215925,7003.788889180059,2673.8054587493816,7026.377658651733,11408.086208456481,internal,,0.0,,
