channel,sweep,detector,matcher,ransac,chips,truth_id,truth_E,truth_N,truth_dE_m,truth_dN_m,tool_dE_m,tool_dN_m,method,n_points_used,diff_dE_m,diff_dN_m,diff_m
band1,win2048_nfauto,sift,ada,lmeds630,consensus,1,-67774.54507926304,81735.71977402679,-4376.984024892619,6206.910254188959,123509.6525,39264.66499999999,local,8,127886.63652489262,33057.754745811035,132090.14706057447
band1,win2048_nfauto,sift,ada,lmeds630,consensus,2,19898.152525698937,84305.60656155503,-1261.165136948417,7245.515668543332,-1132.3359999999993,6994.694500000005,local,6,128.82913694841773,-250.82116854332708,281.97199349636526
band1,win2048_nfauto,sift,ada,lmeds630,consensus,3,90603.0051437918,-31042.802158420007,1170.4929216102319,7847.24913713834,1161.141971593595,7629.966153874874,extrapolated,0,-9.350950016636943,-217.28298326346612,217.48410305602877
band1,win2048_nfauto,sift,ada,lmeds630,consensus,4,32105.1175165952,-34897.6325441977,-1118.2881986864522,7099.8920664529,-1124.6151633959075,7033.502772340462,extrapolated,0,-6.3269647094552965,-66.38929411243771,66.69009563032917
band1,win2048_nfauto,sift,ada,lmeds630,consensus,5,64204.00134205516,19317.10815343368,-4388.661462237382,13479.90288989708,260.00342015680917,7395.125037380841,extrapolated,0,4648.6648823941905,-6084.777852516238,7657.323729820825
band1,win2048_nfauto,sift,ada,lmeds630,consensus,6,7963.002605926806,12608.218575468174,-2681.1430164553512,9377.407493022758,-1945.082195009312,6819.694902835769,extrapolated,0,736.0608214460392,-2557.7125901869886,2661.5182183988245
band1,win2048_nfauto,sift,ada,lmeds630,consensus,7,-40500.379142749305,32697.820283093657,-3481.735613820907,6039.030427478083,-3780.482194070374,6340.889351426848,extrapolated,0,-298.7465802494671,301.85892394876555,424.6979269766429
band1,win2048_nfauto,sift,ada,magsac630,consensus,1,-67774.54507926304,81735.71977402679,-4376.984024892619,6206.910254188959,-6700.251837573325,15613.878833748031,extrapolated,0,-2323.267812680706,9406.968579559072,9689.614604629527
band1,win2048_nfauto,sift,ada,magsac630,consensus,2,19898.152525698937,84305.60656155503,-1261.165136948417,7245.515668543332,-1226.7030000000013,6989.945000000007,local,5,34.46213694841572,-255.57066854332516,257.8837053842944
band1,win2048_nfauto,sift,ada,magsac630,consensus,3,90603.0051437918,-31042.802158420007,1170.4929216102319,7847.24913713834,-53.783896559825735,16707.87174642031,extrapolated,0,-1224.2768181700576,8860.62260928197,8944.802219816123
band1,win2048_nfauto,sift,ada,magsac630,consensus,4,32105.1175165952,-34897.6325441977,-1118.2881986864522,7099.8920664529,-6137.982095174739,36875.37159299353,extrapolated,0,-5019.693896488287,29775.47952654063,30195.637232055262
band1,win2048_nfauto,sift,ada,magsac630,consensus,5,64204.00134205516,19317.10815343368,-4388.661462237382,13479.90288989708,1355.2665475841786,2259.0977473716703,extrapolated,0,5743.92800982156,-11220.805142525409,12605.521688075323
band1,win2048_nfauto,sift,ada,magsac630,consensus,6,7963.002605926806,12608.218575468174,-2681.1430164553512,9377.407493022758,-4733.659268782335,23005.83657958327,extrapolated,0,-2052.5162523269837,13628.42908656051,13782.122562706913
band1,win2048_nfauto,sift,ada,magsac630,consensus,7,-40500.379142749305,32697.820283093657,-3481.735613820907,6039.030427478083,-7917.452917465758,29189.42917422796,surface,0,-4435.717303644851,23150.398746749877,23571.519894384677
band1,win2048_nfauto,sift,fginn,lmeds630,consensus,1,-67774.54507926304,81735.71977402679,-4376.984024892619,6206.910254188959,,,none,0,,,
band1,win2048_nfauto,sift,fginn,lmeds630,consensus,2,19898.152525698937,84305.60656155503,-1261.165136948417,7245.515668543332,,,none,0,,,
band1,win2048_nfauto,sift,fginn,lmeds630,consensus,3,90603.0051437918,-31042.802158420007,1170.4929216102319,7847.24913713834,,,none,0,,,
band1,win2048_nfauto,sift,fginn,lmeds630,consensus,4,32105.1175165952,-34897.6325441977,-1118.2881986864522,7099.8920664529,,,none,0,,,
band1,win2048_nfauto,sift,fginn,lmeds630,consensus,5,64204.00134205516,19317.10815343368,-4388.661462237382,13479.90288989708,,,none,0,,,
band1,win2048_nfauto,sift,fginn,lmeds630,consensus,6,7963.002605926806,12608.218575468174,-2681.1430164553512,9377.407493022758,,,none,0,,,
band1,win2048_nfauto,sift,fginn,lmeds630,consensus,7,-40500.379142749305,32697.820283093657,-3481.735613820907,6039.030427478083,,,none,0,,,
band1,win2048_nfauto,sift,fginn,magsac630,consensus,1,-67774.54507926304,81735.71977402679,-4376.984024892619,6206.910254188959,,,none,0,,,
band1,win2048_nfauto,sift,fginn,magsac630,consensus,2,19898.152525698937,84305.60656155503,-1261.165136948417,7245.515668543332,,,none,0,,,
band1,win2048_nfauto,sift,fginn,magsac630,consensus,3,90603.0051437918,-31042.802158420007,1170.4929216102319,7847.24913713834,,,none,0,,,
band1,win2048_nfauto,sift,fginn,magsac630,consensus,4,32105.1175165952,-34897.6325441977,-1118.2881986864522,7099.8920664529,,,none,0,,,
band1,win2048_nfauto,sift,fginn,magsac630,consensus,5,64204.00134205516,19317.10815343368,-4388.661462237382,13479.90288989708,,,none,0,,,
band1,win2048_nfauto,sift,fginn,magsac630,consensus,6,7963.002605926806,12608.218575468174,-2681.1430164553512,9377.407493022758,,,none,0,,,
band1,win2048_nfauto,sift,fginn,magsac630,consensus,7,-40500.379142749305,32697.820283093657,-3481.735613820907,6039.030427478083,,,none,0,,,
band1,win2048_nfauto,sift,mnn,lmeds630,consensus,1,-67774.54507926304,81735.71977402679,-4376.984024892619,6206.910254188959,-2414.4739919717854,15513.147084630822,extrapolated,0,1962.510032920834,9306.236830441863,9510.914234372402
band1,win2048_nfauto,sift,mnn,lmeds630,consensus,2,19898.152525698937,84305.60656155503,-1261.165136948417,7245.515668543332,-2420.8380178519533,-8373.830921455743,extrapolated,0,-1159.6728809035362,-15619.346589999075,15662.337919008734
band1,win2048_nfauto,sift,mnn,lmeds630,consensus,3,90603.0051437918,-31042.802158420007,1170.4929216102319,7847.24913713834,403.3543648452851,16005.366119417546,extrapolated,0,-767.1385567649468,8158.116982279205,8194.106068499954
band1,win2048_nfauto,sift,mnn,lmeds630,consensus,4,32105.1175165952,-34897.6325441977,-1118.2881986864522,7099.8920664529,459.168149505538,32738.92789983633,extrapolated,0,1577.4563481919902,25639.03583338343,25687.51694882109
band1,win2048_nfauto,sift,mnn,lmeds630,consensus,5,64204.00134205516,19317.10815343368,-4388.661462237382,13479.90288989708,-826.8258562788953,4192.484607364769,surface,0,3561.8356059584867,-9287.418282532311,9947.00011252584
band1,win2048_nfauto,sift,mnn,lmeds630,consensus,6,7963.002605926806,12608.218575468174,-2681.1430164553512,9377.407493022758,-700.8116678704722,21396.532036592867,extrapolated,0,1980.331348584879,12019.12454357011,12181.176751202545
band1,win2048_nfauto,sift,mnn,lmeds630,consensus,7,-40500.379142749305,32697.820283093657,-3481.735613820907,6039.030427478083,-1215.5937838884995,26605.753037943738,extrapolated,0,2266.1418299324077,20566.722610465655,20691.19324082612
band1,win2048_nfauto,sift,mnn,magsac630,consensus,1,-67774.54507926304,81735.71977402679,-4376.984024892619,6206.910254188959,-4814.735463673425,5829.2440905946405,extrapolated,0,-437.751438780806,-377.6661635943183,578.1505455145019
band1,win2048_nfauto,sift,mnn,magsac630,consensus,2,19898.152525698937,84305.60656155503,-1261.165136948417,7245.515668543332,751.858395791586,8664.428531891148,extrapolated,0,2013.023532740003,1418.9128633478158,2462.839308022133
band1,win2048_nfauto,sift,mnn,magsac630,consensus,3,90603.0051437918,-31042.802158420007,1170.4929216102319,7847.24913713834,-610.5271374383256,6481.164143674027,extrapolated,0,-1781.0200590485574,-1366.084993464313,2244.5981065887318
band1,win2048_nfauto,sift,mnn,magsac630,consensus,4,32105.1175165952,-34897.6325441977,-1118.2881986864522,7099.8920664529,-4431.38021104358,4507.977119797246,extrapolated,0,-3313.0920123571277,-2591.9149466556537,4206.495188757689
band1,win2048_nfauto,sift,mnn,magsac630,consensus,5,64204.00134205516,19317.10815343368,-4388.661462237382,13479.90288989708,261.5595462367155,7573.918950369383,extrapolated,0,4650.221008474097,-5905.983939527696,7516.994194597528
band1,win2048_nfauto,sift,mnn,magsac630,consensus,6,7963.002605926806,12608.218575468174,-2681.1430164553512,9377.407493022758,-3561.525204405924,5562.555159353147,extrapolated,0,-880.3821879505726,-3814.8523336696107,3915.1208314131395
band1,win2048_nfauto,sift,mnn,magsac630,consensus,7,-40500.379142749305,32697.820283093657,-3481.735613820907,6039.030427478083,-5566.651907621698,4814.137601133573,extrapolated,0,-2084.916293800791,-1224.8928263445096,2418.1063641176474
band1,win2048_nfauto,sift,nn,lmeds630,consensus,1,-67774.54507926304,81735.71977402679,-4376.984024892619,6206.910254188959,24989.290426953743,56741.7568401032,local,46,29366.274451846362,50534.84658591424,58447.82968291511
band1,win2048_nfauto,sift,nn,lmeds630,consensus,2,19898.152525698937,84305.60656155503,-1261.165136948417,7245.515668543332,-13461.87701537323,36778.29699964053,local,31,-12200.711878424812,29532.781331097198,31953.75632833704
band1,win2048_nfauto,sift,nn,lmeds630,consensus,3,90603.0051437918,-31042.802158420007,1170.4929216102319,7847.24913713834,-45018.91275882507,-48589.9653957498,local,14,-46189.4056804353,-56437.214532888145,72928.87206959305
band1,win2048_nfauto,sift,nn,lmeds630,consensus,4,32105.1175165952,-34897.6325441977,-1118.2881986864522,7099.8920664529,-5646.2072304416,-36846.71829024705,local,52,-4527.919031755147,-43946.61035669995,44179.25545549334
band1,win2048_nfauto,sift,nn,lmeds630,consensus,5,64204.00134205516,19317.10815343368,-4388.661462237382,13479.90288989708,22410.032587421225,-13060.12681085406,local,34,26798.694049658607,-26540.02970075114,37716.6167528844
band1,win2048_nfauto,sift,nn,lmeds630,consensus,6,7963.002605926806,12608.218575468174,-2681.1430164553512,9377.407493022758,-73616.67521615396,-12157.873265922068,local,24,-70935.53219969862,-21535.280758944828,74132.4358551711
band1,win2048_nfauto,sift,nn,lmeds630,consensus,7,-40500.379142749305,32697.820283093657,-3481.735613820907,6039.030427478083,-20299.862546872402,15752.879070033925,local,23,-16818.126933051495,9713.848642555842,19421.849782827485
band1,win2048_nfauto,sift,nn,magsac630,consensus,1,-67774.54507926304,81735.71977402679,-4376.984024892619,6206.910254188959,19717.33873555537,56309.850439181726,extrapolated,0,24094.32276044799,50102.94018499277,55595.33257806455
band1,win2048_nfauto,sift,nn,magsac630,consensus,2,19898.152525698937,84305.60656155503,-1261.165136948417,7245.515668543332,36344.72275586017,22666.244626123775,extrapolated,0,37605.88789280859,15420.728957580443,40644.82360386926
band1,win2048_nfauto,sift,nn,magsac630,consensus,3,90603.0051437918,-31042.802158420007,1170.4929216102319,7847.24913713834,-26310.62985413176,-48587.47564245034,extrapolated,0,-27481.12277574199,-56434.72477958868,62770.138361830344
band1,win2048_nfauto,sift,nn,magsac630,consensus,4,32105.1175165952,-34897.6325441977,-1118.2881986864522,7099.8920664529,-38791.28799600311,-26943.599512341687,extrapolated,0,-37672.99979731666,-34043.49157879459,50776.11872331401
band1,win2048_nfauto,sift,nn,magsac630,consensus,5,64204.00134205516,19317.10815343368,-4388.661462237382,13479.90288989708,1806.9125850275923,-19243.399835709664,surface,0,6195.574047264974,-32723.302725606743,33304.649510944335
band1,win2048_nfauto,sift,nn,magsac630,consensus,6,7963.002605926806,12608.218575468174,-2681.1430164553512,9377.407493022758,-12137.420934232665,437.1338704027985,surface,0,-9456.277917777314,-8940.27362261996,13013.442454076365
band1,win2048_nfauto,sift,nn,magsac630,consensus,7,-40500.379142749305,32697.820283093657,-3481.735613820907,6039.030427478083,-7394.452036386423,27117.050571034277,surface,0,-3912.716422565516,21078.020143556194,21438.103530293312
band1,win2048_nfauto,sift,smnn0.9,lmeds630,consensus,1,-67774.54507926304,81735.71977402679,-4376.984024892619,6206.910254188959,-5044.732006199627,5900.408323702441,extrapolated,0,-667.7479813070076,-306.5019304865182,734.7317877508406
band1,win2048_nfauto,sift,smnn0.9,lmeds630,consensus,2,19898.152525698937,84305.60656155503,-1261.165136948417,7245.515668543332,-1310.3957361761857,7030.082023735383,extrapolated,0,-49.23059922776861,-215.43364480794935,220.9871200218756
band1,win2048_nfauto,sift,smnn0.9,lmeds630,consensus,3,90603.0051437918,-31042.802158420007,1170.4929216102319,7847.24913713834,1436.5464398729184,7759.39892343807,extrapolated,0,266.05351826268657,-87.85021370027061,280.1823239020208
band1,win2048_nfauto,sift,smnn0.9,lmeds630,consensus,4,32105.1175165952,-34897.6325441977,-1118.2881986864522,7099.8920664529,-1059.9399815425975,7002.33419067077,extrapolated,0,58.348217143854754,-97.55787578212949,113.67521089044803
band1,win2048_nfauto,sift,smnn0.9,lmeds630,consensus,5,64204.00134205516,19317.10815343368,-4388.661462237382,13479.90288989708,427.36014636173604,7498.380466518374,extrapolated,0,4816.021608599118,-5981.522423378705,7679.366812171163
band1,win2048_nfauto,sift,smnn0.9,lmeds630,consensus,6,7963.002605926806,12608.218575468174,-2681.1430164553512,9377.407493022758,-1979.5783201815484,6765.876623678809,extrapolated,0,701.5646962738028,-2611.5308693439492,2704.123980995346
band1,win2048_nfauto,sift,smnn0.9,lmeds630,consensus,7,-40500.379142749305,32697.820283093657,-3481.735613820907,6039.030427478083,-3995.3470357280034,6174.709634910792,extrapolated,0,-513.6114219070964,135.67920743270952,531.2302137896504
band1,win2048_nfauto,sift,smnn0.9,magsac630,consensus,1,-67774.54507926304,81735.71977402679,-4376.984024892619,6206.910254188959,-4674.368296453287,5980.062496080898,extrapolated,0,-297.3842715606679,-226.8477581080606,374.0284886613883
band1,win2048_nfauto,sift,smnn0.9,magsac630,consensus,2,19898.152525698937,84305.60656155503,-1261.165136948417,7245.515668543332,-1409.47385493416,6985.73836123905,extrapolated,0,-148.308717985743,-259.77730730428175,299.1316185575137
band1,win2048_nfauto,sift,smnn0.9,magsac630,consensus,3,90603.0051437918,-31042.802158420007,1170.4929216102319,7847.24913713834,1421.779903649594,7775.173800093143,extrapolated,0,251.2869820393621,-72.07533704519756,261.4192065488485
band1,win2048_nfauto,sift,smnn0.9,magsac630,consensus,4,32105.1175165952,-34897.6325441977,-1118.2881986864522,7099.8920664529,-753.04382276839,7103.762519933429,extrapolated,0,365.24437591806225,3.8704534805292496,365.26488272200453
band1,win2048_nfauto,sift,smnn0.9,magsac630,consensus,5,64204.00134205516,19317.10815343368,-4388.661462237382,13479.90288989708,352.36607485399225,7481.764852273369,extrapolated,0,4741.027537091374,-5998.13803762371,7645.587094909528
band1,win2048_nfauto,sift,smnn0.9,magsac630,consensus,6,7963.002605926806,12608.218575468174,-2681.1430164553512,9377.407493022758,-1733.4820346217348,6835.704564927445,extrapolated,0,947.6609818336165,-2541.702928095313,2712.6214463463457
band1,win2048_nfauto,sift,smnn0.9,magsac630,consensus,7,-40500.379142749305,32697.820283093657,-3481.735613820907,6039.030427478083,-3574.55236072723,6283.748785075323,extrapolated,0,-92.8167469063228,244.71835759724036,261.72891137847796
band1,win2048_nfauto,sift,snn,lmeds630,consensus,1,-67774.54507926304,81735.71977402679,-4376.984024892619,6206.910254188959,,,none,0,,,
band1,win2048_nfauto,sift,snn,lmeds630,consensus,2,19898.152525698937,84305.60656155503,-1261.165136948417,7245.515668543332,,,none,0,,,
band1,win2048_nfauto,sift,snn,lmeds630,consensus,3,90603.0051437918,-31042.802158420007,1170.4929216102319,7847.24913713834,,,none,0,,,
band1,win2048_nfauto,sift,snn,lmeds630,consensus,4,32105.1175165952,-34897.6325441977,-1118.2881986864522,7099.8920664529,,,none,0,,,
band1,win2048_nfauto,sift,snn,lmeds630,consensus,5,64204.00134205516,19317.10815343368,-4388.661462237382,13479.90288989708,,,none,0,,,
band1,win2048_nfauto,sift,snn,lmeds630,consensus,6,7963.002605926806,12608.218575468174,-2681.1430164553512,9377.407493022758,,,none,0,,,
band1,win2048_nfauto,sift,snn,lmeds630,consensus,7,-40500.379142749305,32697.820283093657,-3481.735613820907,6039.030427478083,,,none,0,,,
band1,win2048_nfauto,sift,snn,magsac630,consensus,1,-67774.54507926304,81735.71977402679,-4376.984024892619,6206.910254188959,,,none,0,,,
band1,win2048_nfauto,sift,snn,magsac630,consensus,2,19898.152525698937,84305.60656155503,-1261.165136948417,7245.515668543332,,,none,0,,,
band1,win2048_nfauto,sift,snn,magsac630,consensus,3,90603.0051437918,-31042.802158420007,1170.4929216102319,7847.24913713834,,,none,0,,,
band1,win2048_nfauto,sift,snn,magsac630,consensus,4,32105.1175165952,-34897.6325441977,-1118.2881986864522,7099.8920664529,,,none,0,,,
band1,win2048_nfauto,sift,snn,magsac630,consensus,5,64204.00134205516,19317.10815343368,-4388.661462237382,13479.90288989708,,,none,0,,,
band1,win2048_nfauto,sift,snn,magsac630,consensus,6,7963.002605926806,12608.218575468174,-2681.1430164553512,9377.407493022758,,,none,0,,,
band1,win2048_nfauto,sift,snn,magsac630,consensus,7,-40500.379142749305,32697.820283093657,-3481.735613820907,6039.030427478083,,,none,0,,,
band1,win2048_nfauto,disk_depth,ada,lmeds630,consensus,1,-67774.54507926304,81735.71977402679,-4376.984024892619,6206.910254188959,229637.27550477057,257449.87513250604,extrapolated,0,234014.2595296632,251242.96487831709,343344.87190587807
band1,win2048_nfauto,disk_depth,ada,lmeds630,consensus,2,19898.152525698937,84305.60656155503,-1261.165136948417,7245.515668543332,264277.46776737267,278135.72142377496,extrapolated,0,265538.6329043211,270890.2057552316,379331.34478817787
band1,win2048_nfauto,disk_depth,ada,lmeds630,consensus,3,90603.0051437918,-31042.802158420007,1170.4929216102319,7847.24913713834,-73818.9132636439,-119873.82665606998,extrapolated,0,-74989.40618525413,-127721.07579320832,148108.3530453009
band1,win2048_nfauto,disk_depth,ada,lmeds630,consensus,4,32105.1175165952,-34897.6325441977,-1118.2881986864522,7099.8920664529,24255.0,-46305.0,local,5,25373.288198686452,-53404.8920664529,59126.020081205235
band1,win2048_nfauto,disk_depth,ada,lmeds630,consensus,5,64204.00134205516,19317.10815343368,-4388.661462237382,13479.90288989708,75148.12419214316,54484.913370037444,extrapolated,0,79536.78565438054,41005.010480140365,89484.69789135623
band1,win2048_nfauto,disk_depth,ada,lmeds630,consensus,6,7963.002605926806,12608.218575468174,-2681.1430164553512,9377.407493022758,37152.42483943044,23343.746846602782,surface,0,39833.56785588579,13966.339353580024,42211.038403109866
band1,win2048_nfauto,disk_depth,ada,lmeds630,consensus,7,-40500.379142749305,32697.820283093657,-3481.735613820907,6039.030427478083,-3780.0,6457.5,local,6,-298.264386179093,418.46957252191714,513.8856168345901
band1,win2048_nfauto,disk_depth,fginn,lmeds630,consensus,1,-67774.54507926304,81735.71977402679,-4376.984024892619,6206.910254188959,,,none,0,,,
band1,win2048_nfauto,disk_depth,fginn,lmeds630,consensus,2,19898.152525698937,84305.60656155503,-1261.165136948417,7245.515668543332,,,none,0,,,
band1,win2048_nfauto,disk_depth,fginn,lmeds630,consensus,3,90603.0051437918,-31042.802158420007,1170.4929216102319,7847.24913713834,,,none,0,,,
band1,win2048_nfauto,disk_depth,fginn,lmeds630,consensus,4,32105.1175165952,-34897.6325441977,-1118.2881986864522,7099.8920664529,,,none,0,,,
band1,win2048_nfauto,disk_depth,fginn,lmeds630,consensus,5,64204.00134205516,19317.10815343368,-4388.661462237382,13479.90288989708,,,none,0,,,
band1,win2048_nfauto,disk_depth,fginn,lmeds630,consensus,6,7963.002605926806,12608.218575468174,-2681.1430164553512,9377.407493022758,,,none,0,,,
band1,win2048_nfauto,disk_depth,fginn,lmeds630,consensus,7,-40500.379142749305,32697.820283093657,-3481.735613820907,6039.030427478083,,,none,0,,,
band1,win2048_nfauto,disk_depth,fginn,magsac630,consensus,1,-67774.54507926304,81735.71977402679,-4376.984024892619,6206.910254188959,,,none,0,,,
band1,win2048_nfauto,disk_depth,fginn,magsac630,consensus,2,19898.152525698937,84305.60656155503,-1261.165136948417,7245.515668543332,,,none,0,,,
band1,win2048_nfauto,disk_depth,fginn,magsac630,consensus,3,90603.0051437918,-31042.802158420007,1170.4929216102319,7847.24913713834,,,none,0,,,
band1,win2048_nfauto,disk_depth,fginn,magsac630,consensus,4,32105.1175165952,-34897.6325441977,-1118.2881986864522,7099.8920664529,,,none,0,,,
band1,win2048_nfauto,disk_depth,fginn,magsac630,consensus,5,64204.00134205516,19317.10815343368,-4388.661462237382,13479.90288989708,,,none,0,,,
band1,win2048_nfauto,disk_depth,fginn,magsac630,consensus,6,7963.002605926806,12608.218575468174,-2681.1430164553512,9377.407493022758,,,none,0,,,
band1,win2048_nfauto,disk_depth,fginn,magsac630,consensus,7,-40500.379142749305,32697.820283093657,-3481.735613820907,6039.030427478083,,,none,0,,,
band1,win2048_nfauto,disk_depth,lgm,lmeds630,consensus,1,-67774.54507926304,81735.71977402679,-4376.984024892619,6206.910254188959,-6716.677265256543,4185.1907709767365,extrapolated,0,-2339.693240363924,-2021.7194832122223,3092.1698090183427
band1,win2048_nfauto,disk_depth,lgm,lmeds630,consensus,2,19898.152525698937,84305.60656155503,-1261.165136948417,7245.515668543332,-11569.226638775785,-17528.129253044965,extrapolated,0,-10308.061501827367,-24773.644921588297,26832.622209288325
band1,win2048_nfauto,disk_depth,lgm,lmeds630,consensus,3,90603.0051437918,-31042.802158420007,1170.4929216102319,7847.24913713834,52453.5477353151,-20426.478793760114,extrapolated,0,51283.05481370487,-28273.727930898454,58560.69844303366
band1,win2048_nfauto,disk_depth,lgm,lmeds630,consensus,4,32105.1175165952,-34897.6325441977,-1118.2881986864522,7099.8920664529,56929.52669792666,-5672.3604412918,extrapolated,0,58047.81489661311,-12772.252507744699,59436.34618979409
band1,win2048_nfauto,disk_depth,lgm,lmeds630,consensus,5,64204.00134205516,19317.10815343368,-4388.661462237382,13479.90288989708,24330.273327331557,-20251.838480703587,surface,0,28718.93478956894,-33731.74137060066,44301.327196153
band1,win2048_nfauto,disk_depth,lgm,lmeds630,consensus,6,7963.002605926806,12608.218575468174,-2681.1430164553512,9377.407493022758,30370.883841361072,-5693.25776227056,surface,0,33052.026857816425,-15070.66525529332,36325.76813567641
band1,win2048_nfauto,disk_depth,lgm,lmeds630,consensus,7,-40500.379142749305,32697.820283093657,-3481.735613820907,6039.030427478083,20608.125039778184,3632.4772611865646,extrapolated,0,24089.86065359909,-2406.553166291518,24209.76836840884
band1,win2048_nfauto,disk_depth,lgm,magsac630,consensus,1,-67774.54507926304,81735.71977402679,-4376.984024892619,6206.910254188959,,,none,0,,,
band1,win2048_nfauto,disk_depth,lgm,magsac630,consensus,2,19898.152525698937,84305.60656155503,-1261.165136948417,7245.515668543332,,,none,0,,,
band1,win2048_nfauto,disk_depth,lgm,magsac630,consensus,3,90603.0051437918,-31042.802158420007,1170.4929216102319,7847.24913713834,,,none,0,,,
band1,win2048_nfauto,disk_depth,lgm,magsac630,consensus,4,32105.1175165952,-34897.6325441977,-1118.2881986864522,7099.8920664529,,,none,0,,,
band1,win2048_nfauto,disk_depth,lgm,magsac630,consensus,5,64204.00134205516,19317.10815343368,-4388.661462237382,13479.90288989708,,,none,0,,,
band1,win2048_nfauto,disk_depth,lgm,magsac630,consensus,6,7963.002605926806,12608.218575468174,-2681.1430164553512,9377.407493022758,,,none,0,,,
band1,win2048_nfauto,disk_depth,lgm,magsac630,consensus,7,-40500.379142749305,32697.820283093657,-3481.735613820907,6039.030427478083,,,none,0,,,
band1,win2048_nfauto,disk_depth,mnn,lmeds630,consensus,1,-67774.54507926304,81735.71977402679,-4376.984024892619,6206.910254188959,-184288.12742082914,-80191.3792689087,extrapolated,0,-179911.14339593652,-86398.28952309766,199581.27154257294
band1,win2048_nfauto,disk_depth,mnn,lmeds630,consensus,2,19898.152525698937,84305.60656155503,-1261.165136948417,7245.515668543332,-195565.25913772566,-95023.74661927557,extrapolated,0,-194304.09400077723,-102269.2622878189,219574.777591502
band1,win2048_nfauto,disk_depth,mnn,lmeds630,consensus,3,90603.0051437918,-31042.802158420007,1170.4929216102319,7847.24913713834,53561.59182698383,-20841.099388586415,extrapolated,0,52391.0989053736,-28688.348525724756,59731.470646938644
band1,win2048_nfauto,disk_depth,mnn,lmeds630,consensus,4,32105.1175165952,-34897.6325441977,-1118.2881986864522,7099.8920664529,65792.40282615711,-9374.417825694669,extrapolated,0,66910.69102484356,-16474.30989214757,68908.95050604524
band1,win2048_nfauto,disk_depth,mnn,lmeds630,consensus,5,64204.00134205516,19317.10815343368,-4388.661462237382,13479.90288989708,-55491.41393845844,-53888.57169147681,extrapolated,0,-51102.75247622106,-67368.47458137388,84557.68846218029
band1,win2048_nfauto,disk_depth,mnn,lmeds630,consensus,6,7963.002605926806,12608.218575468174,-2681.1430164553512,9377.407493022758,-37129.032208105804,-40661.32928884184,extrapolated,0,-34447.88919165045,-50038.736781864594,60749.75101582686
band1,win2048_nfauto,disk_depth,mnn,lmeds630,consensus,7,-40500.379142749305,32697.820283093657,-3481.735613820907,6039.030427478083,-78198.52413814071,-48243.02279929686,extrapolated,0,-74716.7885243198,-54282.05322677494,92353.34206135885
band1,win2048_nfauto,disk_depth,mnn,magsac630,consensus,1,-67774.54507926304,81735.71977402679,-4376.984024892619,6206.910254188959,,,none,0,,,
band1,win2048_nfauto,disk_depth,mnn,magsac630,consensus,2,19898.152525698937,84305.60656155503,-1261.165136948417,7245.515668543332,,,none,0,,,
band1,win2048_nfauto,disk_depth,mnn,magsac630,consensus,3,90603.0051437918,-31042.802158420007,1170.4929216102319,7847.24913713834,,,none,0,,,
band1,win2048_nfauto,disk_depth,mnn,magsac630,consensus,4,32105.1175165952,-34897.6325441977,-1118.2881986864522,7099.8920664529,,,none,0,,,
band1,win2048_nfauto,disk_depth,mnn,magsac630,consensus,5,64204.00134205516,19317.10815343368,-4388.661462237382,13479.90288989708,,,none,0,,,
band1,win2048_nfauto,disk_depth,mnn,magsac630,consensus,6,7963.002605926806,12608.218575468174,-2681.1430164553512,9377.407493022758,,,none,0,,,
band1,win2048_nfauto,disk_depth,mnn,magsac630,consensus,7,-40500.379142749305,32697.820283093657,-3481.735613820907,6039.030427478083,,,none,0,,,
band1,win2048_nfauto,disk_depth,nn,lmeds630,consensus,1,-67774.54507926304,81735.71977402679,-4376.984024892619,6206.910254188959,-22329.461556863505,-980.8185646783265,local,19,-17952.477531970886,-7187.728818867286,19337.913411469573
band1,win2048_nfauto,disk_depth,nn,lmeds630,consensus,2,19898.152525698937,84305.60656155503,-1261.165136948417,7245.515668543332,10840.964659632085,4311.795181347379,local,12,12102.129796580502,-2933.720487195953,12452.640744447535
band1,win2048_nfauto,disk_depth,nn,lmeds630,consensus,3,90603.0051437918,-31042.802158420007,1170.4929216102319,7847.24913713834,-85900.768829346,-139648.7474615914,extrapolated,0,-87071.26175095623,-147495.99659872975,171278.9351775519
band1,win2048_nfauto,disk_depth,nn,lmeds630,consensus,4,32105.1175165952,-34897.6325441977,-1118.2881986864522,7099.8920664529,29843.85655424009,-82088.38170957936,local,34,30962.144752926542,-89188.27377603226,94409.75895981125
band1,win2048_nfauto,disk_depth,nn,lmeds630,consensus,5,64204.00134205516,19317.10815343368,-4388.661462237382,13479.90288989708,59850.0,-34335.0,local,9,64238.66146223738,-47814.90288989708,80080.40062855724
band1,win2048_nfauto,disk_depth,nn,lmeds630,consensus,6,7963.002605926806,12608.218575468174,-2681.1430164553512,9377.407493022758,-6827.726825744934,-15725.80829774492,local,19,-4146.583809289583,-25103.215790767677,25443.380284964303
band1,win2048_nfauto,disk_depth,nn,lmeds630,consensus,7,-40500.379142749305,32697.820283093657,-3481.735613820907,6039.030427478083,-3780.0,6300.0,local,11,-298.264386179093,260.96957252191714,396.31649201750776
band1,win2048_nfauto,disk_depth,nn,magsac630,consensus,1,-67774.54507926304,81735.71977402679,-4376.984024892619,6206.910254188959,333280.9005728205,260625.54035458944,extrapolated,0,337657.8845977131,254418.63010040048,422778.5311166675
band1,win2048_nfauto,disk_depth,nn,magsac630,consensus,2,19898.152525698937,84305.60656155503,-1261.165136948417,7245.515668543332,396699.8450366966,283471.19309003145,extrapolated,0,397961.010173645,276225.6774214881,484431.20304681855
band1,win2048_nfauto,disk_depth,nn,magsac630,consensus,3,90603.0051437918,-31042.802158420007,1170.4929216102319,7847.24913713834,-47815.26742971694,-61985.230194887656,extrapolated,0,-48985.760351327175,-69832.47933202599,85300.52688498175
band1,win2048_nfauto,disk_depth,nn,magsac630,consensus,4,32105.1175165952,-34897.6325441977,-1118.2881986864522,7099.8920664529,-99164.25885764124,-83860.66283484321,extrapolated,0,-98045.97065895479,-90960.55490129611,133741.67230301976
band1,win2048_nfauto,disk_depth,nn,magsac630,consensus,5,64204.00134205516,19317.10815343368,-4388.661462237382,13479.90288989708,148935.7154936753,89596.18086516953,extrapolated,0,153324.37695591268,76116.27797527245,171178.42253545788
band1,win2048_nfauto,disk_depth,nn,magsac630,consensus,6,7963.002605926806,12608.218575468174,-2681.1430164553512,9377.407493022758,86892.38772064063,59259.27361300754,extrapolated,0,89573.53073709598,49881.866119984785,102526.18190648456
band1,win2048_nfauto,disk_depth,nn,magsac630,consensus,7,-40500.379142749305,32697.820283093657,-3481.735613820907,6039.030427478083,142635.1935314147,113289.5153699455,extrapolated,0,146116.9291452356,107250.48494246742,181253.47859621406
band1,win2048_nfauto,disk_depth,smnn0.9,lmeds630,consensus,1,-67774.54507926304,81735.71977402679,-4376.984024892619,6206.910254188959,,,none,0,,,
band1,win2048_nfauto,disk_depth,smnn0.9,lmeds630,consensus,2,19898.152525698937,84305.60656155503,-1261.165136948417,7245.515668543332,,,none,0,,,
band1,win2048_nfauto,disk_depth,smnn0.9,lmeds630,consensus,3,90603.0051437918,-31042.802158420007,1170.4929216102319,7847.24913713834,,,none,0,,,
band1,win2048_nfauto,disk_depth,smnn0.9,lmeds630,consensus,4,32105.1175165952,-34897.6325441977,-1118.2881986864522,7099.8920664529,,,none,0,,,
band1,win2048_nfauto,disk_depth,smnn0.9,lmeds630,consensus,5,64204.00134205516,19317.10815343368,-4388.661462237382,13479.90288989708,,,none,0,,,
band1,win2048_nfauto,disk_depth,smnn0.9,lmeds630,consensus,6,7963.002605926806,12608.218575468174,-2681.1430164553512,9377.407493022758,,,none,0,,,
band1,win2048_nfauto,disk_depth,smnn0.9,lmeds630,consensus,7,-40500.379142749305,32697.820283093657,-3481.735613820907,6039.030427478083,,,none,0,,,
band1,win2048_nfauto,disk_depth,smnn0.9,magsac630,consensus,1,-67774.54507926304,81735.71977402679,-4376.984024892619,6206.910254188959,,,none,0,,,
band1,win2048_nfauto,disk_depth,smnn0.9,magsac630,consensus,2,19898.152525698937,84305.60656155503,-1261.165136948417,7245.515668543332,,,none,0,,,
band1,win2048_nfauto,disk_depth,smnn0.9,magsac630,consensus,3,90603.0051437918,-31042.802158420007,1170.4929216102319,7847.24913713834,,,none,0,,,
band1,win2048_nfauto,disk_depth,smnn0.9,magsac630,consensus,4,32105.1175165952,-34897.6325441977,-1118.2881986864522,7099.8920664529,,,none,0,,,
band1,win2048_nfauto,disk_depth,smnn0.9,magsac630,consensus,5,64204.00134205516,19317.10815343368,-4388.661462237382,13479.90288989708,,,none,0,,,
band1,win2048_nfauto,disk_depth,smnn0.9,magsac630,consensus,6,7963.002605926806,12608.218575468174,-2681.1430164553512,9377.407493022758,,,none,0,,,
band1,win2048_nfauto,disk_depth,smnn0.9,magsac630,consensus,7,-40500.379142749305,32697.820283093657,-3481.735613820907,6039.030427478083,,,none,0,,,
band1,win2048_nfauto,disk_depth,snn,lmeds630,consensus,1,-67774.54507926304,81735.71977402679,-4376.984024892619,6206.910254188959,,,none,0,,,
band1,win2048_nfauto,disk_depth,snn,lmeds630,consensus,2,19898.152525698937,84305.60656155503,-1261.165136948417,7245.515668543332,,,none,0,,,
band1,win2048_nfauto,disk_depth,snn,lmeds630,consensus,3,90603.0051437918,-31042.802158420007,1170.4929216102319,7847.24913713834,,,none,0,,,
band1,win2048_nfauto,disk_depth,snn,lmeds630,consensus,4,32105.1175165952,-34897.6325441977,-1118.2881986864522,7099.8920664529,,,none,0,,,
band1,win2048_nfauto,disk_depth,snn,lmeds630,consensus,5,64204.00134205516,19317.10815343368,-4388.661462237382,13479.90288989708,,,none,0,,,
band1,win2048_nfauto,disk_depth,snn,lmeds630,consensus,6,7963.002605926806,12608.218575468174,-2681.1430164553512,9377.407493022758,,,none,0,,,
band1,win2048_nfauto,disk_depth,snn,lmeds630,consensus,7,-40500.379142749305,32697.820283093657,-3481.735613820907,6039.030427478083,,,none,0,,,
band1,win2048_nfauto,disk_depth,snn,magsac630,consensus,1,-67774.54507926304,81735.71977402679,-4376.984024892619,6206.910254188959,,,none,0,,,
band1,win2048_nfauto,disk_depth,snn,magsac630,consensus,2,19898.152525698937,84305.60656155503,-1261.165136948417,7245.515668543332,,,none,0,,,
band1,win2048_nfauto,disk_depth,snn,magsac630,consensus,3,90603.0051437918,-31042.802158420007,1170.4929216102319,7847.24913713834,,,none,0,,,
band1,win2048_nfauto,disk_depth,snn,magsac630,consensus,4,32105.1175165952,-34897.6325441977,-1118.2881986864522,7099.8920664529,,,none,0,,,
band1,win2048_nfauto,disk_depth,snn,magsac630,consensus,5,64204.00134205516,19317.10815343368,-4388.661462237382,13479.90288989708,,,none,0,,,
band1,win2048_nfauto,disk_depth,snn,magsac630,consensus,6,7963.002605926806,12608.218575468174,-2681.1430164553512,9377.407493022758,,,none,0,,,
band1,win2048_nfauto,disk_depth,snn,magsac630,consensus,7,-40500.379142749305,32697.820283093657,-3481.735613820907,6039.030427478083,,,none,0,,,
band1,win2048_nfauto,disk_epipolar,ada,lmeds630,consensus,1,-67774.54507926304,81735.71977402679,-4376.984024892619,6206.910254188959,-12169.940651016395,54533.71196406609,extrapolated,0,-7792.956626123776,48326.80170987713,48951.09739814246
band1,win2048_nfauto,disk_epipolar,ada,lmeds630,consensus,2,19898.152525698937,84305.60656155503,-1261.165136948417,7245.515668543332,-10180.613026765177,53816.97781909206,extrapolated,0,-8919.44788981676,46571.46215054873,47417.90418712272
band1,win2048_nfauto,disk_epipolar,ada,lmeds630,consensus,3,90603.0051437918,-31042.802158420007,1170.4929216102319,7847.24913713834,7592.281315241085,-30584.285021062435,extrapolated,0,6421.7883936308535,-38431.534158200775,38964.370698440965
band1,win2048_nfauto,disk_epipolar,ada,lmeds630,consensus,4,32105.1175165952,-34897.6325441977,-1118.2881986864522,7099.8920664529,-854.0373935439137,7474.586185333677,local,13,264.2508051425385,374.69411888077775,458.50209458880585
band1,win2048_nfauto,disk_epipolar,ada,lmeds630,consensus,5,64204.00134205516,19317.10815343368,-4388.661462237382,13479.90288989708,-47.71081383782234,6134.346614356893,extrapolated,0,4340.950648399559,-7345.556275540186,8532.353106205132
band1,win2048_nfauto,disk_epipolar,ada,lmeds630,consensus,6,7963.002605926806,12608.218575468174,-2681.1430164553512,9377.407493022758,-627.0448949374381,2981.7014473777845,surface,0,2054.098121517913,-6395.7060456449735,6717.46789461052
band1,win2048_nfauto,disk_epipolar,ada,lmeds630,consensus,7,-40500.379142749305,32697.820283093657,-3481.735613820907,6039.030427478083,-4688.596042456976,18733.356340554492,extrapolated,0,-1206.8604286360687,12694.325913076409,12751.565491405783
band1,win2048_nfauto,disk_epipolar,ada,magsac630,consensus,1,-67774.54507926304,81735.71977402679,-4376.984024892619,6206.910254188959,,,none,0,,,
band1,win2048_nfauto,disk_epipolar,ada,magsac630,consensus,2,19898.152525698937,84305.60656155503,-1261.165136948417,7245.515668543332,,,none,0,,,
band1,win2048_nfauto,disk_epipolar,ada,magsac630,consensus,3,90603.0051437918,-31042.802158420007,1170.4929216102319,7847.24913713834,,,none,0,,,
band1,win2048_nfauto,disk_epipolar,ada,magsac630,consensus,4,32105.1175165952,-34897.6325441977,-1118.2881986864522,7099.8920664529,-945.0,7560.0,local,11,173.28819868645223,460.1079335471004,491.65853019852943
band1,win2048_nfauto,disk_epipolar,ada,magsac630,consensus,5,64204.00134205516,19317.10815343368,-4388.661462237382,13479.90288989708,,,none,0,,,
band1,win2048_nfauto,disk_epipolar,ada,magsac630,consensus,6,7963.002605926806,12608.218575468174,-2681.1430164553512,9377.407493022758,,,none,0,,,
band1,win2048_nfauto,disk_epipolar,ada,magsac630,consensus,7,-40500.379142749305,32697.820283093657,-3481.735613820907,6039.030427478083,,,none,0,,,
band1,win2048_nfauto,disk_epipolar,fginn,lmeds630,consensus,1,-67774.54507926304,81735.71977402679,-4376.984024892619,6206.910254188959,,,none,0,,,
band1,win2048_nfauto,disk_epipolar,fginn,lmeds630,consensus,2,19898.152525698937,84305.60656155503,-1261.165136948417,7245.515668543332,,,none,0,,,
band1,win2048_nfauto,disk_epipolar,fginn,lmeds630,consensus,3,90603.0051437918,-31042.802158420007,1170.4929216102319,7847.24913713834,,,none,0,,,
band1,win2048_nfauto,disk_epipolar,fginn,lmeds630,consensus,4,32105.1175165952,-34897.6325441977,-1118.2881986864522,7099.8920664529,,,none,0,,,
band1,win2048_nfauto,disk_epipolar,fginn,lmeds630,consensus,5,64204.00134205516,19317.10815343368,-4388.661462237382,13479.90288989708,,,none,0,,,
band1,win2048_nfauto,disk_epipolar,fginn,lmeds630,consensus,6,7963.002605926806,12608.218575468174,-2681.1430164553512,9377.407493022758,,,none,0,,,
band1,win2048_nfauto,disk_epipolar,fginn,lmeds630,consensus,7,-40500.379142749305,32697.820283093657,-3481.735613820907,6039.030427478083,,,none,0,,,
band1,win2048_nfauto,disk_epipolar,fginn,magsac630,consensus,1,-67774.54507926304,81735.71977402679,-4376.984024892619,6206.910254188959,,,none,0,,,
band1,win2048_nfauto,disk_epipolar,fginn,magsac630,consensus,2,19898.152525698937,84305.60656155503,-1261.165136948417,7245.515668543332,,,none,0,,,
band1,win2048_nfauto,disk_epipolar,fginn,magsac630,consensus,3,90603.0051437918,-31042.802158420007,1170.4929216102319,7847.24913713834,,,none,0,,,
band1,win2048_nfauto,disk_epipolar,fginn,magsac630,consensus,4,32105.1175165952,-34897.6325441977,-1118.2881986864522,7099.8920664529,,,none,0,,,
band1,win2048_nfauto,disk_epipolar,fginn,magsac630,consensus,5,64204.00134205516,19317.10815343368,-4388.661462237382,13479.90288989708,,,none,0,,,
band1,win2048_nfauto,disk_epipolar,fginn,magsac630,consensus,6,7963.002605926806,12608.218575468174,-2681.1430164553512,9377.407493022758,,,none,0,,,
band1,win2048_nfauto,disk_epipolar,fginn,magsac630,consensus,7,-40500.379142749305,32697.820283093657,-3481.735613820907,6039.030427478083,,,none,0,,,
band1,win2048_nfauto,disk_epipolar,mnn,lmeds630,consensus,1,-67774.54507926304,81735.71977402679,-4376.984024892619,6206.910254188959,253161.69837180027,689844.8458319359,extrapolated,0,257538.6823966929,683637.935577747,730538.8421512085
band1,win2048_nfauto,disk_epipolar,mnn,lmeds630,consensus,2,19898.152525698937,84305.60656155503,-1261.165136948417,7245.515668543332,283234.3963432624,751252.1219848474,extrapolated,0,284495.5614802108,744006.6063163041,796544.7600381564
band1,win2048_nfauto,disk_epipolar,mnn,lmeds630,consensus,3,90603.0051437918,-31042.802158420007,1170.4929216102319,7847.24913713834,-33075.0,-51345.0,local,6,-34245.49292161023,-59192.24913713834,68384.76543322431
band1,win2048_nfauto,disk_epipolar,mnn,lmeds630,consensus,4,32105.1175165952,-34897.6325441977,-1118.2881986864522,7099.8920664529,-913.3862087532553,7463.232386605417,local,12,204.9019899331969,363.34032015251705,417.1342874028908
band1,win2048_nfauto,disk_epipolar,mnn,lmeds630,consensus,5,64204.00134205516,19317.10815343368,-4388.661462237382,13479.90288989708,34965.0,-8190.0,local,8,39353.66146223738,-21669.90288989708,44925.442254272326
band1,win2048_nfauto,disk_epipolar,mnn,lmeds630,consensus,6,7963.002605926806,12608.218575468174,-2681.1430164553512,9377.407493022758,0.0,-4252.5,local,8,2681.1430164553512,-13629.907493022758,13891.108888171786
band1,win2048_nfauto,disk_epipolar,mnn,lmeds630,consensus,7,-40500.379142749305,32697.820283093657,-3481.735613820907,6039.030427478083,-6399.992124117822,26642.437322238824,local,12,-2918.2565102969147,20603.40689476074,20809.05083685858
band1,win2048_nfauto,disk_epipolar,mnn,magsac630,consensus,1,-67774.54507926304,81735.71977402679,-4376.984024892619,6206.910254188959,,,none,0,,,
band1,win2048_nfauto,disk_epipolar,mnn,magsac630,consensus,2,19898.152525698937,84305.60656155503,-1261.165136948417,7245.515668543332,,,none,0,,,
band1,win2048_nfauto,disk_epipolar,mnn,magsac630,consensus,3,90603.0051437918,-31042.802158420007,1170.4929216102319,7847.24913713834,,,none,0,,,
band1,win2048_nfauto,disk_epipolar,mnn,magsac630,consensus,4,32105.1175165952,-34897.6325441977,-1118.2881986864522,7099.8920664529,-1102.5,7245.0,local,8,15.788198686452233,145.1079335471004,145.96430932276766
band1,win2048_nfauto,disk_epipolar,mnn,magsac630,consensus,5,64204.00134205516,19317.10815343368,-4388.661462237382,13479.90288989708,,,none,0,,,
band1,win2048_nfauto,disk_epipolar,mnn,magsac630,consensus,6,7963.002605926806,12608.218575468174,-2681.1430164553512,9377.407493022758,,,none,0,,,
band1,win2048_nfauto,disk_epipolar,mnn,magsac630,consensus,7,-40500.379142749305,32697.820283093657,-3481.735613820907,6039.030427478083,,,none,0,,,
band1,win2048_nfauto,disk_epipolar,nn,lmeds630,consensus,1,-67774.54507926304,81735.71977402679,-4376.984024892619,6206.910254188959,219200.39647992805,88545.64890049583,extrapolated,0,223577.38050482067,82338.73864630687,238257.2411391985
band1,win2048_nfauto,disk_epipolar,nn,lmeds630,consensus,2,19898.152525698937,84305.60656155503,-1261.165136948417,7245.515668543332,3780.0,7245.0,local,9,5041.165136948417,-0.51566854333214,5041.165163322682
band1,win2048_nfauto,disk_epipolar,nn,lmeds630,consensus,3,90603.0051437918,-31042.802158420007,1170.4929216102319,7847.24913713834,-7634.800835407852,-34548.2793885147,local,16,-8805.293757018084,-42395.52852565303,43300.277563969976
band1,win2048_nfauto,disk_epipolar,nn,lmeds630,consensus,4,32105.1175165952,-34897.6325441977,-1118.2881986864522,7099.8920664529,-862.8261753045089,7471.27864757221,local,27,255.46202338194337,371.38658111931,450.76472580037404
band1,win2048_nfauto,disk_epipolar,nn,lmeds630,consensus,5,64204.00134205516,19317.10815343368,-4388.661462237382,13479.90288989708,43445.111892086745,-7347.729489715984,local,30,47833.77335432413,-20827.632379613064,52171.44950883726
band1,win2048_nfauto,disk_epipolar,nn,lmeds630,consensus,6,7963.002605926806,12608.218575468174,-2681.1430164553512,9377.407493022758,17217.606505512722,-5203.307060883894,local,20,19898.74952196807,-14580.714553906651,24668.957607497927
band1,win2048_nfauto,disk_epipolar,nn,lmeds630,consensus,7,-40500.379142749305,32697.820283093657,-3481.735613820907,6039.030427478083,-5417.711891378272,19404.065678621177,local,21,-1935.9762775573654,13365.035251143094,13504.524109037031
band1,win2048_nfauto,disk_epipolar,nn,magsac630,consensus,1,-67774.54507926304,81735.71977402679,-4376.984024892619,6206.910254188959,,,none,0,,,
band1,win2048_nfauto,disk_epipolar,nn,magsac630,consensus,2,19898.152525698937,84305.60656155503,-1261.165136948417,7245.515668543332,,,none,0,,,
band1,win2048_nfauto,disk_epipolar,nn,magsac630,consensus,3,90603.0051437918,-31042.802158420007,1170.4929216102319,7847.24913713834,,,none,0,,,
band1,win2048_nfauto,disk_epipolar,nn,magsac630,consensus,4,32105.1175165952,-34897.6325441977,-1118.2881986864522,7099.8920664529,,,none,0,,,
band1,win2048_nfauto,disk_epipolar,nn,magsac630,consensus,5,64204.00134205516,19317.10815343368,-4388.661462237382,13479.90288989708,,,none,0,,,
band1,win2048_nfauto,disk_epipolar,nn,magsac630,consensus,6,7963.002605926806,12608.218575468174,-2681.1430164553512,9377.407493022758,,,none,0,,,
band1,win2048_nfauto,disk_epipolar,nn,magsac630,consensus,7,-40500.379142749305,32697.820283093657,-3481.735613820907,6039.030427478083,,,none,0,,,
band1,win2048_nfauto,disk_epipolar,smnn0.9,lmeds630,consensus,1,-67774.54507926304,81735.71977402679,-4376.984024892619,6206.910254188959,,,none,0,,,
band1,win2048_nfauto,disk_epipolar,smnn0.9,lmeds630,consensus,2,19898.152525698937,84305.60656155503,-1261.165136948417,7245.515668543332,,,none,0,,,
band1,win2048_nfauto,disk_epipolar,smnn0.9,lmeds630,consensus,3,90603.0051437918,-31042.802158420007,1170.4929216102319,7847.24913713834,,,none,0,,,
band1,win2048_nfauto,disk_epipolar,smnn0.9,lmeds630,consensus,4,32105.1175165952,-34897.6325441977,-1118.2881986864522,7099.8920664529,,,none,0,,,
band1,win2048_nfauto,disk_epipolar,smnn0.9,lmeds630,consensus,5,64204.00134205516,19317.10815343368,-4388.661462237382,13479.90288989708,,,none,0,,,
band1,win2048_nfauto,disk_epipolar,smnn0.9,lmeds630,consensus,6,7963.002605926806,12608.218575468174,-2681.1430164553512,9377.407493022758,,,none,0,,,
band1,win2048_nfauto,disk_epipolar,smnn0.9,lmeds630,consensus,7,-40500.379142749305,32697.820283093657,-3481.735613820907,6039.030427478083,,,none,0,,,
band1,win2048_nfauto,disk_epipolar,smnn0.9,magsac630,consensus,1,-67774.54507926304,81735.71977402679,-4376.984024892619,6206.910254188959,,,none,0,,,
band1,win2048_nfauto,disk_epipolar,smnn0.9,magsac630,consensus,2,19898.152525698937,84305.60656155503,-1261.165136948417,7245.515668543332,,,none,0,,,
band1,win2048_nfauto,disk_epipolar,smnn0.9,magsac630,consensus,3,90603.0051437918,-31042.802158420007,1170.4929216102319,7847.24913713834,,,none,0,,,
band1,win2048_nfauto,disk_epipolar,smnn0.9,magsac630,consensus,4,32105.1175165952,-34897.6325441977,-1118.2881986864522,7099.8920664529,,,none,0,,,
band1,win2048_nfauto,disk_epipolar,smnn0.9,magsac630,consensus,5,64204.00134205516,19317.10815343368,-4388.661462237382,13479.90288989708,,,none,0,,,
band1,win2048_nfauto,disk_epipolar,smnn0.9,magsac630,consensus,6,7963.002605926806,12608.218575468174,-2681.1430164553512,9377.407493022758,,,none,0,,,
band1,win2048_nfauto,disk_epipolar,smnn0.9,magsac630,consensus,7,-40500.379142749305,32697.820283093657,-3481.735613820907,6039.030427478083,,,none,0,,,
band1,win2048_nfauto,disk_epipolar,snn,lmeds630,consensus,1,-67774.54507926304,81735.71977402679,-4376.984024892619,6206.910254188959,,,none,0,,,
band1,win2048_nfauto,disk_epipolar,snn,lmeds630,consensus,2,19898.152525698937,84305.60656155503,-1261.165136948417,7245.515668543332,,,none,0,,,
band1,win2048_nfauto,disk_epipolar,snn,lmeds630,consensus,3,90603.0051437918,-31042.802158420007,1170.4929216102319,7847.24913713834,,,none,0,,,
band1,win2048_nfauto,disk_epipolar,snn,lmeds630,consensus,4,32105.1175165952,-34897.6325441977,-1118.2881986864522,7099.8920664529,,,none,0,,,
band1,win2048_nfauto,disk_epipolar,snn,lmeds630,consensus,5,64204.00134205516,19317.10815343368,-4388.661462237382,13479.90288989708,,,none,0,,,
band1,win2048_nfauto,disk_epipolar,snn,lmeds630,consensus,6,7963.002605926806,12608.218575468174,-2681.1430164553512,9377.407493022758,,,none,0,,,
band1,win2048_nfauto,disk_epipolar,snn,lmeds630,consensus,7,-40500.379142749305,32697.820283093657,-3481.735613820907,6039.030427478083,,,none,0,,,
band1,win2048_nfauto,disk_epipolar,snn,magsac630,consensus,1,-67774.54507926304,81735.71977402679,-4376.984024892619,6206.910254188959,,,none,0,,,
band1,win2048_nfauto,disk_epipolar,snn,magsac630,consensus,2,19898.152525698937,84305.60656155503,-1261.165136948417,7245.515668543332,,,none,0,,,
band1,win2048_nfauto,disk_epipolar,snn,magsac630,consensus,3,90603.0051437918,-31042.802158420007,1170.4929216102319,7847.24913713834,,,none,0,,,
band1,win2048_nfauto,disk_epipolar,snn,magsac630,consensus,4,32105.1175165952,-34897.6325441977,-1118.2881986864522,7099.8920664529,,,none,0,,,
band1,win2048_nfauto,disk_epipolar,snn,magsac630,consensus,5,64204.00134205516,19317.10815343368,-4388.661462237382,13479.90288989708,,,none,0,,,
band1,win2048_nfauto,disk_epipolar,snn,magsac630,consensus,6,7963.002605926806,12608.218575468174,-2681.1430164553512,9377.407493022758,,,none,0,,,
band1,win2048_nfauto,disk_epipolar,snn,magsac630,consensus,7,-40500.379142749305,32697.820283093657,-3481.735613820907,6039.030427478083,,,none,0,,,
band1,win2048_nfauto,dedode_L-upright_B-upright,ada,lmeds630,consensus,1,-67774.54507926304,81735.71977402679,-4376.984024892619,6206.910254188959,113507.95492073693,50708.21977402679,local,14,117884.93894562955,44501.30951983783,126004.86252202815
band1,win2048_nfauto,dedode_L-upright_B-upright,ada,lmeds630,consensus,2,19898.152525698937,84305.60656155503,-1261.165136948417,7245.515668543332,-41315.49967552888,12117.587440577507,local,51,-40054.334538580464,4872.0717720341745,40349.557602040346
band1,win2048_nfauto,dedode_L-upright_B-upright,ada,lmeds630,consensus,3,90603.0051437918,-31042.802158420007,1170.4929216102319,7847.24913713834,-61181.91147531915,-181283.28508468225,extrapolated,0,-62352.404396929385,-189130.5342218206,199143.61980517846
band1,win2048_nfauto,dedode_L-upright_B-upright,ada,lmeds630,consensus,4,32105.1175165952,-34897.6325441977,-1118.2881986864522,7099.8920664529,-76745.91062707694,-206102.61247230548,extrapolated,0,-75627.62242839049,-213202.50453875837,226218.57840542292
band1,win2048_nfauto,dedode_L-upright_B-upright,ada,lmeds630,consensus,5,64204.00134205516,19317.10815343368,-4388.661462237382,13479.90288989708,-9120.540127605327,-60862.59000044616,extrapolated,0,-4731.878665367945,-74342.49289034324,74492.93204629885
band1,win2048_nfauto,dedode_L-upright_B-upright,ada,lmeds630,consensus,6,7963.002605926806,12608.218575468174,-2681.1430164553512,9377.407493022758,-59535.0,-81585.008,local,11,-56853.85698354465,-90962.41549302277,107268.45802112872
band1,win2048_nfauto,dedode_L-upright_B-upright,ada,lmeds630,consensus,7,-40500.379142749305,32697.820283093657,-3481.735613820907,6039.030427478083,-4776.058314774235,35662.242143750314,local,23,-1294.3227009533284,29623.21171627223,29651.47456099429
band1,win2048_nfauto,dedode_L-upright_B-upright,ada,magsac630,consensus,1,-67774.54507926304,81735.71977402679,-4376.984024892619,6206.910254188959,104868.91856855017,42148.30570149495,extrapolated,0,109245.90259344279,35941.39544730599,115006.30913195858
band1,win2048_nfauto,dedode_L-upright_B-upright,ada,magsac630,consensus,2,19898.152525698937,84305.60656155503,-1261.165136948417,7245.515668543332,-48082.10023978557,33409.37135475082,local,12,-46820.93510283715,26163.85568620749,53635.317732561074
band1,win2048_nfauto,dedode_L-upright_B-upright,ada,magsac630,consensus,3,90603.0051437918,-31042.802158420007,1170.4929216102319,7847.24913713834,-155601.8305853874,-103658.27089747686,extrapolated,0,-156772.3235069976,-111505.5200346152,192382.5418689874
band1,win2048_nfauto,dedode_L-upright_B-upright,ada,magsac630,consensus,4,32105.1175165952,-34897.6325441977,-1118.2881986864522,7099.8920664529,-118818.93490815298,-101027.55492039472,extrapolated,0,-117700.64670946653,-108127.44698684762,159827.99200302866
band1,win2048_nfauto,dedode_L-upright_B-upright,ada,magsac630,consensus,5,64204.00134205516,19317.10815343368,-4388.661462237382,13479.90288989708,-70974.97935279901,-43830.71833605079,extrapolated,0,-66586.31789056162,-57310.62122594787,87853.54310172694
band1,win2048_nfauto,dedode_L-upright_B-upright,ada,magsac630,consensus,6,7963.002605926806,12608.218575468174,-2681.1430164553512,9377.407493022758,-39531.98628700958,-44681.26267212749,extrapolated,0,-36850.84327055423,-54058.670165150244,65424.18872080461
band1,win2048_nfauto,dedode_L-upright_B-upright,ada,magsac630,consensus,7,-40500.379142749305,32697.820283093657,-3481.735613820907,6039.030427478083,-4776.058314774235,35662.242143750314,local,23,-1294.3227009533284,29623.21171627223,29651.47456099429
band1,win2048_nfauto,dedode_L-upright_B-upright,fginn_fm1,lmeds630,consensus,1,-67774.54507926304,81735.71977402679,-4376.984024892619,6206.910254188959,-20156.104400609685,-49696.763191041195,extrapolated,0,-15779.120375717066,-55903.67344523015,58087.876054322216
band1,win2048_nfauto,dedode_L-upright_B-upright,fginn_fm1,lmeds630,consensus,2,19898.152525698937,84305.60656155503,-1261.165136948417,7245.515668543332,-118654.08521778337,-146827.67888472145,extrapolated,0,-117392.92008083496,-154073.19455326477,193699.88891311598
band1,win2048_nfauto,dedode_L-upright_B-upright,fginn_fm1,lmeds630,consensus,3,90603.0051437918,-31042.802158420007,1170.4929216102319,7847.24913713834,167730.20581616744,257004.33604938013,extrapolated,0,166559.71289455722,249157.0869122418,299702.1720276844
band1,win2048_nfauto,dedode_L-upright_B-upright,fginn_fm1,lmeds630,consensus,4,32105.1175165952,-34897.6325441977,-1118.2881986864522,7099.8920664529,240118.50574159023,330601.0067408327,extrapolated,0,241236.79394027666,323501.1146743798,403544.498099218
band1,win2048_nfauto,dedode_L-upright_B-upright,fginn_fm1,lmeds630,consensus,5,64204.00134205516,19317.10815343368,-4388.661462237382,13479.90288989708,38084.09677646507,76281.30295449868,extrapolated,0,42472.75823870245,62801.4000646016,75815.2428109111
band1,win2048_nfauto,dedode_L-upright_B-upright,fginn_fm1,lmeds630,consensus,6,7963.002605926806,12608.218575468174,-2681.1430164553512,9377.407493022758,117034.62871364303,159368.85859268816,extrapolated,0,119715.77173009838,149991.4510996654,191909.61779941185
band1,win2048_nfauto,dedode_L-upright_B-upright,fginn_fm1,lmeds630,consensus,7,-40500.379142749305,32697.820283093657,-3481.735613820907,6039.030427478083,104468.04151071346,124733.47114596276,extrapolated,0,107949.77712453436,118694.44071848468,160441.65493633665
band1,win2048_nfauto,dedode_L-upright_B-upright,fginn_fm1,magsac630,consensus,1,-67774.54507926304,81735.71977402679,-4376.984024892619,6206.910254188959,25408.18513456072,-103404.92118743129,extrapolated,0,29785.16915945334,-109611.83144162025,113586.57444365254
band1,win2048_nfauto,dedode_L-upright_B-upright,fginn_fm1,magsac630,consensus,2,19898.152525698937,84305.60656155503,-1261.165136948417,7245.515668543332,26518.528767358275,-75518.59174593799,extrapolated,0,27779.693904306692,-82764.10741448132,87301.82626688159
band1,win2048_nfauto,dedode_L-upright_B-upright,fginn_fm1,magsac630,consensus,3,90603.0051437918,-31042.802158420007,1170.4929216102319,7847.24913713834,-40736.47824269114,133045.98012074476,extrapolated,0,-41906.97116430137,125198.73098360642,132026.19615845574
band1,win2048_nfauto,dedode_L-upright_B-upright,fginn_fm1,magsac630,consensus,4,32105.1175165952,-34897.6325441977,-1118.2881986864522,7099.8920664529,-42719.4493083102,117830.7973110068,extrapolated,0,-41601.16110962375,110730.9052445539,118287.74231486222
band1,win2048_nfauto,dedode_L-upright_B-upright,fginn_fm1,magsac630,consensus,5,64204.00134205516,19317.10815343368,-4388.661462237382,13479.90288989708,-11393.080457460981,43618.287110804624,extrapolated,0,-7004.418995223599,30138.384220907545,30941.623889312887
band1,win2048_nfauto,dedode_L-upright_B-upright,fginn_fm1,magsac630,consensus,6,7963.002605926806,12608.218575468174,-2681.1430164553512,9377.407493022758,-15042.344762078197,33748.58075953513,extrapolated,0,-12361.201745622846,24371.17326651237,27326.788962158662
band1,win2048_nfauto,dedode_L-upright_B-upright,fginn_fm1,magsac630,consensus,7,-40500.379142749305,32697.820283093657,-3481.735613820907,6039.030427478083,-3171.730111501775,-15753.182215275097,surface,0,310.0055023191321,-21792.21264275318,21794.417525560064
band1,win2048_nfauto,dedode_L-upright_B-upright,lgm,lmeds630,consensus,1,-67774.54507926304,81735.71977402679,-4376.984024892619,6206.910254188959,,,none,0,,,
band1,win2048_nfauto,dedode_L-upright_B-upright,lgm,lmeds630,consensus,2,19898.152525698937,84305.60656155503,-1261.165136948417,7245.515668543332,,,none,0,,,
band1,win2048_nfauto,dedode_L-upright_B-upright,lgm,lmeds630,consensus,3,90603.0051437918,-31042.802158420007,1170.4929216102319,7847.24913713834,,,none,0,,,
band1,win2048_nfauto,dedode_L-upright_B-upright,lgm,lmeds630,consensus,4,32105.1175165952,-34897.6325441977,-1118.2881986864522,7099.8920664529,,,none,0,,,
band1,win2048_nfauto,dedode_L-upright_B-upright,lgm,lmeds630,consensus,5,64204.00134205516,19317.10815343368,-4388.661462237382,13479.90288989708,,,none,0,,,
band1,win2048_nfauto,dedode_L-upright_B-upright,lgm,lmeds630,consensus,6,7963.002605926806,12608.218575468174,-2681.1430164553512,9377.407493022758,,,none,0,,,
band1,win2048_nfauto,dedode_L-upright_B-upright,lgm,lmeds630,consensus,7,-40500.379142749305,32697.820283093657,-3481.735613820907,6039.030427478083,,,none,0,,,
band1,win2048_nfauto,dedode_L-upright_B-upright,lgm,magsac630,consensus,1,-67774.54507926304,81735.71977402679,-4376.984024892619,6206.910254188959,-14539.803786944081,6905.6126948648425,extrapolated,0,-10162.819762051462,698.7024406758837,10186.809638770628
band1,win2048_nfauto,dedode_L-upright_B-upright,lgm,magsac630,consensus,2,19898.152525698937,84305.60656155503,-1261.165136948417,7245.515668543332,-343.72329853425344,1001.8163913902189,extrapolated,0,917.4418384141636,-6243.699277153113,6310.743235974275
band1,win2048_nfauto,dedode_L-upright_B-upright,lgm,magsac630,consensus,3,90603.0051437918,-31042.802158420007,1170.4929216102319,7847.24913713834,1887.4137002411935,13197.05590523477,extrapolated,0,716.9207786309616,5349.8067680964305,5397.62983714178
band1,win2048_nfauto,dedode_L-upright_B-upright,lgm,magsac630,consensus,4,32105.1175165952,-34897.6325441977,-1118.2881986864522,7099.8920664529,-7752.641232990727,17445.297642210237,extrapolated,0,-6634.353034304275,10345.405575757337,12289.916871594101
band1,win2048_nfauto,dedode_L-upright_B-upright,lgm,magsac630,consensus,5,64204.00134205516,19317.10815343368,-4388.661462237382,13479.90288989708,1626.8249061595184,7590.657494656758,extrapolated,0,6015.4863683969,-5889.245395240321,8418.389844485004
band1,win2048_nfauto,dedode_L-upright_B-upright,lgm,magsac630,consensus,6,7963.002605926806,12608.218575468174,-2681.1430164553512,9377.407493022758,-7877.026955008977,12108.62260503206,extrapolated,0,-5195.883938553626,2731.215112009302,5869.986873152914
band1,win2048_nfauto,dedode_L-upright_B-upright,lgm,magsac630,consensus,7,-40500.379142749305,32697.820283093657,-3481.735613820907,6039.030427478083,-14035.74409417008,12265.875007912626,extrapolated,0,-10554.008480349174,6226.844580434543,12254.00703574832
band1,win2048_nfauto,dedode_L-upright_B-upright,mnn,lmeds630,consensus,1,-67774.54507926304,81735.71977402679,-4376.984024892619,6206.910254188959,59203.06979146282,26466.509549229966,extrapolated,0,63580.05381635544,20259.599295041007,66729.86293172106
band1,win2048_nfauto,dedode_L-upright_B-upright,mnn,lmeds630,consensus,2,19898.152525698937,84305.60656155503,-1261.165136948417,7245.515668543332,76875.62091434728,101370.85553596276,extrapolated,0,78136.7860512957,94125.33986741943,122331.25904519734
band1,win2048_nfauto,dedode_L-upright_B-upright,mnn,lmeds630,consensus,3,90603.0051437918,-31042.802158420007,1170.4929216102319,7847.24913713834,-183451.77641920603,-156095.44591579915,extrapolated,0,-184622.26934081624,-163942.6950529375,246906.03394363078
band1,win2048_nfauto,dedode_L-upright_B-upright,mnn,lmeds630,consensus,4,32105.1175165952,-34897.6325441977,-1118.2881986864522,7099.8920664529,-200247.95187379283,-211867.49887814999,extrapolated,0,-199129.66367510636,-218967.3909446029,295971.85888602235
band1,win2048_nfauto,dedode_L-upright_B-upright,mnn,lmeds630,consensus,5,64204.00134205516,19317.10815343368,-4388.661462237382,13479.90288989708,-69200.91192587043,-40224.050990212476,extrapolated,0,-64812.25046363305,-53703.953880109555,84170.91227091243
band1,win2048_nfauto,dedode_L-upright_B-upright,mnn,lmeds630,consensus,6,7963.002605926806,12608.218575468174,-2681.1430164553512,9377.407493022758,-107415.0,-45990.0,local,5,-104733.85698354465,-55367.40749302276,118468.26837237057
band1,win2048_nfauto,dedode_L-upright_B-upright,mnn,lmeds630,consensus,7,-40500.379142749305,32697.820283093657,-3481.735613820907,6039.030427478083,-51839.95313705492,-85147.76726769892,extrapolated,0,-48358.217523234016,-91186.797695177,103216.03206830591
band1,win2048_nfauto,dedode_L-upright_B-upright,mnn,magsac630,consensus,1,-67774.54507926304,81735.71977402679,-4376.984024892619,6206.910254188959,56725.94373110415,10270.461458411668,extrapolated,0,61102.92775599677,4063.551204222709,61237.898631026685
band1,win2048_nfauto,dedode_L-upright_B-upright,mnn,magsac630,consensus,2,19898.152525698937,84305.60656155503,-1261.165136948417,7245.515668543332,27582.099846583325,962.8911245029894,extrapolated,0,28843.264983531742,-6282.624544040343,29519.574964277628
band1,win2048_nfauto,dedode_L-upright_B-upright,mnn,magsac630,consensus,3,90603.0051437918,-31042.802158420007,1170.4929216102319,7847.24913713834,-85628.52457314351,-17580.911033732285,extrapolated,0,-86799.01749475375,-25428.160170870626,90447.00529995462
band1,win2048_nfauto,dedode_L-upright_B-upright,mnn,magsac630,consensus,4,32105.1175165952,-34897.6325441977,-1118.2881986864522,7099.8920664529,-67817.8769681746,-11571.78925795154,extrapolated,0,-66699.58876948815,-18671.68132440444,69263.74827786136
band1,win2048_nfauto,dedode_L-upright_B-upright,mnn,magsac630,consensus,5,64204.00134205516,19317.10815343368,-4388.661462237382,13479.90288989708,-37787.94969449962,-9971.744038223207,extrapolated,0,-33399.28823226224,-23451.646928120288,40810.44226742642
band1,win2048_nfauto,dedode_L-upright_B-upright,mnn,magsac630,consensus,6,7963.002605926806,12608.218575468174,-2681.1430164553512,9377.407493022758,-22958.51214882676,-4476.720190459388,surface,0,-20277.36913237141,-13854.127683482146,24558.268522041108
band1,win2048_nfauto,dedode_L-upright_B-upright,mnn,magsac630,consensus,7,-40500.379142749305,32697.820283093657,-3481.735613820907,6039.030427478083,9584.841259945444,2690.2427071953807,surface,0,13066.576873766351,-3348.787720282702,13488.877284398499
band1,win2048_nfauto,dedode_L-upright_B-upright,nn,lmeds630,consensus,1,-67774.54507926304,81735.71977402679,-4376.984024892619,6206.910254188959,-1086.9911339850653,22194.482033935958,local,1110,3289.9928909075543,15987.571779746999,16322.576531748438
band1,win2048_nfauto,dedode_L-upright_B-upright,nn,lmeds630,consensus,2,19898.152525698937,84305.60656155503,-1261.165136948417,7245.515668543332,63216.78790610024,54555.04578869762,local,482,64477.953043048656,47309.53012015429,79972.48319773104
band1,win2048_nfauto,dedode_L-upright_B-upright,nn,lmeds630,consensus,3,90603.0051437918,-31042.802158420007,1170.4929216102319,7847.24913713834,-82878.44896166865,-180216.94714892696,extrapolated,0,-84048.94188327888,-188064.1962860653,205991.1807734071
band1,win2048_nfauto,dedode_L-upright_B-upright,nn,lmeds630,consensus,4,32105.1175165952,-34897.6325441977,-1118.2881986864522,7099.8920664529,4330.706858693509,-40636.22671010078,local,17,5448.9950573799615,-47736.11877655368,48046.10892657794
band1,win2048_nfauto,dedode_L-upright_B-upright,nn,lmeds630,consensus,5,64204.00134205516,19317.10815343368,-4388.661462237382,13479.90288989708,111872.48993327314,-15462.441601566881,local,63,116261.15139551053,-28942.344491463962,119809.493064917
band1,win2048_nfauto,dedode_L-upright_B-upright,nn,lmeds630,consensus,6,7963.002605926806,12608.218575468174,-2681.1430164553512,9377.407493022758,-5109.372020068621,-26827.059321573044,local,223,-2428.22900361327,-36204.4668145958,36285.80594975337
band1,win2048_nfauto,dedode_L-upright_B-upright,nn,lmeds630,consensus,7,-40500.379142749305,32697.820283093657,-3481.735613820907,6039.030427478083,5585.250379494412,-2802.344084514065,local,50,9066.98599331532,-8841.374511992148,12664.12801041906
band1,win2048_nfauto,dedode_L-upright_B-upright,nn,magsac630,consensus,1,-67774.54507926304,81735.71977402679,-4376.984024892619,6206.910254188959,55944.136473903476,50980.19005715314,local,139,60321.120498796095,44773.27980296418,75121.79552263643
band1,win2048_nfauto,dedode_L-upright_B-upright,nn,magsac630,consensus,2,19898.152525698937,84305.60656155503,-1261.165136948417,7245.515668543332,62443.79597451273,56186.38883681741,local,26,63704.96111146115,48940.873168274076,80333.87290978736
band1,win2048_nfauto,dedode_L-upright_B-upright,nn,magsac630,consensus,3,90603.0051437918,-31042.802158420007,1170.4929216102319,7847.24913713834,-5324.420775704092,-159047.52585871288,extrapolated,0,-6494.913697314324,-166894.7749958512,167021.10592632106
band1,win2048_nfauto,dedode_L-upright_B-upright,nn,magsac630,consensus,4,32105.1175165952,-34897.6325441977,-1118.2881986864522,7099.8920664529,-11215.166044663252,-160392.6895012192,extrapolated,0,-10096.8778459768,-167492.58156767208,167796.6382930238
band1,win2048_nfauto,dedode_L-upright_B-upright,nn,magsac630,consensus,5,64204.00134205516,19317.10815343368,-4388.661462237382,13479.90288989708,31131.322852424913,-67204.34741283237,surface,0,35519.984314662295,-80684.25030272946,88156.77814341536
band1,win2048_nfauto,dedode_L-upright_B-upright,nn,magsac630,consensus,6,7963.002605926806,12608.218575468174,-2681.1430164553512,9377.407493022758,51345.0,-10395.016000000003,local,7,54026.14301645535,-19772.42349302276,57530.62540961923
band1,win2048_nfauto,dedode_L-upright_B-upright,nn,magsac630,consensus,7,-40500.379142749305,32697.820283093657,-3481.735613820907,6039.030427478083,1852.7543349895086,5149.686805354845,local,14,5334.489948810416,-889.3436221232378,5408.115669266943
band1,win2048_nfauto,dedode_L-upright_B-C4,ada,lmeds630,consensus,1,-67774.54507926304,81735.71977402679,-4376.984024892619,6206.910254188959,144874.60223908356,50707.65695967239,local,51,149251.58626397618,44500.746705483434,155744.51020712967
band1,win2048_nfauto,dedode_L-upright_B-C4,ada,lmeds630,consensus,2,19898.152525698937,84305.60656155503,-1261.165136948417,7245.515668543332,-91057.6158673495,8240.860259137646,local,37,-89796.45073040108,995.3445905943136,89801.96698642727
band1,win2048_nfauto,dedode_L-upright_B-C4,ada,lmeds630,consensus,3,90603.0051437918,-31042.802158420007,1170.4929216102319,7847.24913713834,5540.579971058767,-126116.72918908834,extrapolated,0,4370.087049448535,-133963.97832622667,134035.23846291125
band1,win2048_nfauto,dedode_L-upright_B-C4,ada,lmeds630,consensus,4,32105.1175165952,-34897.6325441977,-1118.2881986864522,7099.8920664529,19467.37204093435,-136344.29336844123,extrapolated,0,20585.660239620804,-143444.1854348941,144913.78037502643
band1,win2048_nfauto,dedode_L-upright_B-C4,ada,lmeds630,consensus,5,64204.00134205516,19317.10815343368,-4388.661462237382,13479.90288989708,-2705.8878520886065,-45614.87084897323,surface,0,1682.7736101487753,-59094.77373887031,59118.72808401149
band1,win2048_nfauto,dedode_L-upright_B-C4,ada,lmeds630,consensus,6,7963.002605926806,12608.218575468174,-2681.1430164553512,9377.407493022758,11521.12143638478,-60353.62913695376,extrapolated,0,14202.26445284013,-69731.03662997652,71162.64318502744
band1,win2048_nfauto,dedode_L-upright_B-C4,ada,lmeds630,consensus,7,-40500.379142749305,32697.820283093657,-3481.735613820907,6039.030427478083,16564.92012961841,-30787.987929589257,surface,0,20046.655743439318,-36827.01835706734,41929.675500386875
band1,win2048_nfauto,dedode_L-upright_B-C4,ada,magsac630,consensus,1,-67774.54507926304,81735.71977402679,-4376.984024892619,6206.910254188959,142172.95492073716,51653.219774026875,local,35,146549.93894562978,45446.309519837916,153434.84497968748
band1,win2048_nfauto,dedode_L-upright_B-C4,ada,magsac630,consensus,2,19898.152525698937,84305.60656155503,-1261.165136948417,7245.515668543332,-2398.114934796235,6745.075666746459,local,16,-1136.949797847818,-500.4400017968728,1242.213765108344
band1,win2048_nfauto,dedode_L-upright_B-C4,ada,magsac630,consensus,3,90603.0051437918,-31042.802158420007,1170.4929216102319,7847.24913713834,-98460.51074290882,-123801.2263853616,extrapolated,0,-99631.00366451906,-131648.47552249994,165098.93397171792
band1,win2048_nfauto,dedode_L-upright_B-C4,ada,magsac630,consensus,4,32105.1175165952,-34897.6325441977,-1118.2881986864522,7099.8920664529,-97843.61347982119,-120208.15188655602,extrapolated,0,-96725.32528113473,-127308.04395300892,159884.72912033397
band1,win2048_nfauto,dedode_L-upright_B-C4,ada,magsac630,consensus,5,64204.00134205516,19317.10815343368,-4388.661462237382,13479.90288989708,-15400.283230139012,-57821.86400772998,surface,0,-11011.62176790163,-71301.76689762707,72147.05660443031
band1,win2048_nfauto,dedode_L-upright_B-C4,ada,magsac630,consensus,6,7963.002605926806,12608.218575468174,-2681.1430164553512,9377.407493022758,-19578.357272570232,-58076.71004214773,extrapolated,0,-16897.21425611488,-67454.11753517049,69538.29033033273
band1,win2048_nfauto,dedode_L-upright_B-C4,ada,magsac630,consensus,7,-40500.379142749305,32697.820283093657,-3481.735613820907,6039.030427478083,17927.781510827946,-26338.552094639817,extrapolated,0,21409.517124648853,-32377.5825221179,38815.9152086768
band1,win2048_nfauto,dedode_L-upright_B-C4,fginn_fm1,lmeds630,consensus,1,-67774.54507926304,81735.71977402679,-4376.984024892619,6206.910254188959,46859.314840160965,-17560.01813805469,extrapolated,0,51236.298865053584,-23766.928392243648,56480.308131163096
band1,win2048_nfauto,dedode_L-upright_B-C4,fginn_fm1,lmeds630,consensus,2,19898.152525698937,84305.60656155503,-1261.165136948417,7245.515668543332,-2008.8309826952311,6300.000000000001,local,12,-747.665845746814,-945.5156685433312,1205.4061955860527
band1,win2048_nfauto,dedode_L-upright_B-C4,fginn_fm1,lmeds630,consensus,3,90603.0051437918,-31042.802158420007,1170.4929216102319,7847.24913713834,-74766.92063839122,83585.73998396646,extrapolated,0,-75937.41356000146,75738.49084682812,107251.15278605522
band1,win2048_nfauto,dedode_L-upright_B-C4,fginn_fm1,lmeds630,consensus,4,32105.1175165952,-34897.6325441977,-1118.2881986864522,7099.8920664529,-98426.96960785956,108013.40836800118,extrapolated,0,-97308.6814091731,100913.51630154828,140187.43613439403
band1,win2048_nfauto,dedode_L-upright_B-C4,fginn_fm1,lmeds630,consensus,5,64204.00134205516,19317.10815343368,-4388.661462237382,13479.90288989708,-6930.943337467812,23877.256719244815,extrapolated,0,-2542.28187523043,10397.353829347736,10703.651890162402
band1,win2048_nfauto,dedode_L-upright_B-C4,fginn_fm1,lmeds630,consensus,6,7963.002605926806,12608.218575468174,-2681.1430164553512,9377.407493022758,-34203.324171704604,51439.17527349998,extrapolated,0,-31522.18115524925,42061.767780477225,52562.72646660505
band1,win2048_nfauto,dedode_L-upright_B-C4,fginn_fm1,lmeds630,consensus,7,-40500.379142749305,32697.820283093657,-3481.735613820907,6039.030427478083,-18717.349764383154,40066.49806555529,extrapolated,0,-15235.614150562247,34027.467638077214,37282.60307979051
band1,win2048_nfauto,dedode_L-upright_B-C4,fginn_fm1,magsac630,consensus,1,-67774.54507926304,81735.71977402679,-4376.984024892619,6206.910254188959,-12200.39006492899,1650.5414008706844,extrapolated,0,-7823.4060400363705,-4556.368853318274,9053.517503974157
band1,win2048_nfauto,dedode_L-upright_B-C4,fginn_fm1,magsac630,consensus,2,19898.152525698937,84305.60656155503,-1261.165136948417,7245.515668543332,-2008.8309826952311,6300.000000000001,local,12,-747.665845746814,-945.5156685433312,1205.4061955860527
band1,win2048_nfauto,dedode_L-upright_B-C4,fginn_fm1,magsac630,consensus,3,90603.0051437918,-31042.802158420007,1170.4929216102319,7847.24913713834,410.35488910930235,11498.6858166664,extrapolated,0,-760.1380325009295,3651.4366795280603,3729.718441525753
band1,win2048_nfauto,dedode_L-upright_B-C4,fginn_fm1,magsac630,consensus,4,32105.1175165952,-34897.6325441977,-1118.2881986864522,7099.8920664529,-8243.911852351393,9625.039056608566,extrapolated,0,-7125.623653664941,2525.1469901556666,7559.820088835549
band1,win2048_nfauto,dedode_L-upright_B-C4,fginn_fm1,magsac630,consensus,5,64204.00134205516,19317.10815343368,-4388.661462237382,13479.90288989708,1079.8540864440974,8633.934158156691,extrapolated,0,5468.515548681479,-4845.968731740388,7306.714395347381
band1,win2048_nfauto,dedode_L-upright_B-C4,fginn_fm1,magsac630,consensus,6,7963.002605926806,12608.218575468174,-2681.1430164553512,9377.407493022758,-7504.207872628282,6948.952121270632,extrapolated,0,-4823.06485617293,-2428.4553717521258,5399.9398236871275
band1,win2048_nfauto,dedode_L-upright_B-C4,fginn_fm1,magsac630,consensus,7,-40500.379142749305,32697.820283093657,-3481.735613820907,6039.030427478083,-12629.391101143743,4494.322132330508,extrapolated,0,-9147.655487322836,-1544.708295147575,9277.161453367367
band1,win2048_nfauto,dedode_L-upright_B-C4,lgm,lmeds630,consensus,1,-67774.54507926304,81735.71977402679,-4376.984024892619,6206.910254188959,,,none,0,,,
band1,win2048_nfauto,dedode_L-upright_B-C4,lgm,lmeds630,consensus,2,19898.152525698937,84305.60656155503,-1261.165136948417,7245.515668543332,,,none,0,,,
band1,win2048_nfauto,dedode_L-upright_B-C4,lgm,lmeds630,consensus,3,90603.0051437918,-31042.802158420007,1170.4929216102319,7847.24913713834,,,none,0,,,
band1,win2048_nfauto,dedode_L-upright_B-C4,lgm,lmeds630,consensus,4,32105.1175165952,-34897.6325441977,-1118.2881986864522,7099.8920664529,,,none,0,,,
band1,win2048_nfauto,dedode_L-upright_B-C4,lgm,lmeds630,consensus,5,64204.00134205516,19317.10815343368,-4388.661462237382,13479.90288989708,,,none,0,,,
band1,win2048_nfauto,dedode_L-upright_B-C4,lgm,lmeds630,consensus,6,7963.002605926806,12608.218575468174,-2681.1430164553512,9377.407493022758,,,none,0,,,
band1,win2048_nfauto,dedode_L-upright_B-C4,lgm,lmeds630,consensus,7,-40500.379142749305,32697.820283093657,-3481.735613820907,6039.030427478083,,,none,0,,,
band1,win2048_nfauto,dedode_L-upright_B-C4,lgm,magsac630,consensus,1,-67774.54507926304,81735.71977402679,-4376.984024892619,6206.910254188959,,,none,0,,,
band1,win2048_nfauto,dedode_L-upright_B-C4,lgm,magsac630,consensus,2,19898.152525698937,84305.60656155503,-1261.165136948417,7245.515668543332,,,none,0,,,
band1,win2048_nfauto,dedode_L-upright_B-C4,lgm,magsac630,consensus,3,90603.0051437918,-31042.802158420007,1170.4929216102319,7847.24913713834,,,none,0,,,
band1,win2048_nfauto,dedode_L-upright_B-C4,lgm,magsac630,consensus,4,32105.1175165952,-34897.6325441977,-1118.2881986864522,7099.8920664529,,,none,0,,,
band1,win2048_nfauto,dedode_L-upright_B-C4,lgm,magsac630,consensus,5,64204.00134205516,19317.10815343368,-4388.661462237382,13479.90288989708,,,none,0,,,
band1,win2048_nfauto,dedode_L-upright_B-C4,lgm,magsac630,consensus,6,7963.002605926806,12608.218575468174,-2681.1430164553512,9377.407493022758,,,none,0,,,
band1,win2048_nfauto,dedode_L-upright_B-C4,lgm,magsac630,consensus,7,-40500.379142749305,32697.820283093657,-3481.735613820907,6039.030427478083,,,none,0,,,
band1,win2048_nfauto,dedode_L-upright_B-C4,mnn,lmeds630,consensus,1,-67774.54507926304,81735.71977402679,-4376.984024892619,6206.910254188959,148365.0,51660.0,local,9,152741.98402489262,45453.08974581104,159361.5293955894
band1,win2048_nfauto,dedode_L-upright_B-C4,mnn,lmeds630,consensus,2,19898.152525698937,84305.60656155503,-1261.165136948417,7245.515668543332,-2853.2309350413734,5998.6370734295215,local,97,-1592.0657980929564,-1246.8785951138107,2022.2214854981519
band1,win2048_nfauto,dedode_L-upright_B-C4,mnn,lmeds630,consensus,3,90603.0051437918,-31042.802158420007,1170.4929216102319,7847.24913713834,29347.997914063017,36877.72635715259,extrapolated,0,28177.504992452785,29030.47722001425,40456.64834389359
band1,win2048_nfauto,dedode_L-upright_B-C4,mnn,lmeds630,consensus,4,32105.1175165952,-34897.6325441977,-1118.2881986864522,7099.8920664529,62750.77546487509,66694.48295212658,extrapolated,0,63869.063663561545,59594.59088567368,87354.2932894022
band1,win2048_nfauto,dedode_L-upright_B-C4,mnn,lmeds630,consensus,5,64204.00134205516,19317.10815343368,-4388.661462237382,13479.90288989708,4022.9246078953147,5330.473508514355,extrapolated,0,8411.586070132696,-8149.429381382724,11711.873439266428
band1,win2048_nfauto,dedode_L-upright_B-C4,mnn,lmeds630,consensus,6,7963.002605926806,12608.218575468174,-2681.1430164553512,9377.407493022758,38465.42291151349,36590.64859807383,extrapolated,0,41146.56592796884,27213.24110505107,49331.53534106077
band1,win2048_nfauto,dedode_L-upright_B-C4,mnn,lmeds630,consensus,7,-40500.379142749305,32697.820283093657,-3481.735613820907,6039.030427478083,48084.114775945374,41180.98784571318,extrapolated,0,51565.85038976628,35141.95741823509,62401.875753897075
band1,win2048_nfauto,dedode_L-upright_B-C4,mnn,magsac630,consensus,1,-67774.54507926304,81735.71977402679,-4376.984024892619,6206.910254188959,-21476.9898739764,-3777.132425986485,extrapolated,0,-17100.00584908378,-9984.042680175444,19801.29562120278
band1,win2048_nfauto,dedode_L-upright_B-C4,mnn,magsac630,consensus,2,19898.152525698937,84305.60656155503,-1261.165136948417,7245.515668543332,-2722.071549348326,6107.327496873343,local,67,-1460.9064123999087,-1138.188171669989,1851.950285488421
band1,win2048_nfauto,dedode_L-upright_B-C4,mnn,magsac630,consensus,3,90603.0051437918,-31042.802158420007,1170.4929216102319,7847.24913713834,1767.0975791765122,8507.320658394176,extrapolated,0,596.6046575662804,660.0715212558353,889.7367760201728
band1,win2048_nfauto,dedode_L-upright_B-C4,mnn,magsac630,consensus,4,32105.1175165952,-34897.6325441977,-1118.2881986864522,7099.8920664529,-14161.77756900822,-11.566922700207215,extrapolated,0,-13043.489370321768,-7111.458989153107,14856.1591236801
band1,win2048_nfauto,dedode_L-upright_B-C4,mnn,magsac630,consensus,5,64204.00134205516,19317.10815343368,-4388.661462237382,13479.90288989708,2985.413211485764,9220.901422318044,extrapolated,0,7374.074673723146,-4259.001467579035,8515.63684021844
band1,win2048_nfauto,dedode_L-upright_B-C4,mnn,magsac630,consensus,6,7963.002605926806,12608.218575468174,-2681.1430164553512,9377.407493022758,-12813.440272945554,767.9761269132205,extrapolated,0,-10132.297256490203,-8609.431366109537,13296.080480413377
band1,win2048_nfauto,dedode_L-upright_B-C4,mnn,magsac630,consensus,7,-40500.379142749305,32697.820283093657,-3481.735613820907,6039.030427478083,-22252.98783953204,-4252.653235362879,extrapolated,0,-18771.252225711134,-10291.683662840962,21407.44409632436
band1,win2048_nfauto,dedode_L-upright_B-C4,nn,lmeds630,consensus,1,-67774.54507926304,81735.71977402679,-4376.984024892619,6206.910254188959,74715.83861460199,39319.53221537048,local,1653,79092.82263949461,33112.62196118152,85744.50609938033
band1,win2048_nfauto,dedode_L-upright_B-C4,nn,lmeds630,consensus,2,19898.152525698937,84305.60656155503,-1261.165136948417,7245.515668543332,2015.958585875952,46704.76332863074,local,473,3277.123722824369,39459.24766008741,39595.0977495297
band1,win2048_nfauto,dedode_L-upright_B-C4,nn,lmeds630,consensus,3,90603.0051437918,-31042.802158420007,1170.4929216102319,7847.24913713834,-90667.94788741379,-235914.77622494395,extrapolated,0,-91838.44080902402,-243762.0253620823,260488.43394449793
band1,win2048_nfauto,dedode_L-upright_B-C4,nn,lmeds630,consensus,4,32105.1175165952,-34897.6325441977,-1118.2881986864522,7099.8920664529,49584.87497887736,-82491.0195896124,local,26,50703.16317756381,-89590.9116560653,102943.39321965039
band1,win2048_nfauto,dedode_L-upright_B-C4,nn,lmeds630,consensus,5,64204.00134205516,19317.10815343368,-4388.661462237382,13479.90288989708,101308.88909519184,-24211.957522804812,local,86,105697.55055742923,-37691.86041270189,112216.97079858693
band1,win2048_nfauto,dedode_L-upright_B-C4,nn,lmeds630,consensus,6,7963.002605926806,12608.218575468174,-2681.1430164553512,9377.407493022758,-16360.796975366642,-40938.89860330797,local,223,-13679.65395891129,-50316.30609633073,52142.72328537517
band1,win2048_nfauto,dedode_L-upright_B-C4,nn,lmeds630,consensus,7,-40500.379142749305,32697.820283093657,-3481.735613820907,6039.030427478083,51.10947712560951,13319.575225973926,local,76,3532.8450909465164,7280.544798495843,8092.424049660878
band1,win2048_nfauto,dedode_L-upright_B-C4,nn,magsac630,consensus,1,-67774.54507926304,81735.71977402679,-4376.984024892619,6206.910254188959,-19147.346655785943,66628.39977309873,local,124,-14770.362630893324,60421.48951890977,62200.643147252216
band1,win2048_nfauto,dedode_L-upright_B-C4,nn,magsac630,consensus,2,19898.152525698937,84305.60656155503,-1261.165136948417,7245.515668543332,64724.877824799994,87159.435708162,local,15,65986.0429617484,79913.92003961866,103635.86484344245
band1,win2048_nfauto,dedode_L-upright_B-C4,nn,magsac630,consensus,3,90603.0051437918,-31042.802158420007,1170.4929216102319,7847.24913713834,-131468.5322556093,-161547.83244717494,extrapolated,0,-132639.02517721953,-169395.08158431327,215146.007782899
band1,win2048_nfauto,dedode_L-upright_B-C4,nn,magsac630,consensus,4,32105.1175165952,-34897.6325441977,-1118.2881986864522,7099.8920664529,-182527.28420023844,-176851.9959817609,extrapolated,0,-181408.99600155198,-183951.8880482138,258355.41594244484
band1,win2048_nfauto,dedode_L-upright_B-C4,nn,magsac630,consensus,5,64204.00134205516,19317.10815343368,-4388.661462237382,13479.90288989708,-15107.438437229874,-61337.354737455724,surface,0,-10718.776974992492,-74817.25762735281,75581.1763517697
band1,win2048_nfauto,dedode_L-upright_B-C4,nn,magsac630,consensus,6,7963.002605926806,12608.218575468174,-2681.1430164553512,9377.407493022758,58290.26243206008,-21723.357988123385,local,13,60971.405448515434,-31100.765481146143,68445.37892276226
band1,win2048_nfauto,dedode_L-upright_B-C4,nn,magsac630,consensus,7,-40500.379142749305,32697.820283093657,-3481.735613820907,6039.030427478083,5985.0,-5985.004000000001,local,5,9466.735613820907,-12024.034427478084,15303.479574762183
band1,win2048_nfauto,dedode_L-C4_B-upright,ada,lmeds630,consensus,1,-67774.54507926304,81735.71977402679,-4376.984024892619,6206.910254188959,84615.58625238057,141155.0961277572,extrapolated,0,88992.57027727319,134948.18587356823,161649.9008200207
band1,win2048_nfauto,dedode_L-C4_B-upright,ada,lmeds630,consensus,2,19898.152525698937,84305.60656155503,-1261.165136948417,7245.515668543332,-38575.032456875895,-16707.779130161274,local,20,-37313.86731992748,-23953.294798704606,44340.55734970864
band1,win2048_nfauto,dedode_L-C4_B-upright,ada,lmeds630,consensus,3,90603.0051437918,-31042.802158420007,1170.4929216102319,7847.24913713834,-143601.850680814,-223564.09060192268,extrapolated,0,-144772.34360242425,-231411.33973906102,272965.6381890686
band1,win2048_nfauto,dedode_L-C4_B-upright,ada,lmeds630,consensus,4,32105.1175165952,-34897.6325441977,-1118.2881986864522,7099.8920664529,-117809.996,-130409.992,local,5,-116691.70780131355,-137509.8840664529,180349.4465906576
band1,win2048_nfauto,dedode_L-C4_B-upright,ada,lmeds630,consensus,5,64204.00134205516,19317.10815343368,-4388.661462237382,13479.90288989708,-67725.0,-75915.008,local,5,-63336.33853776262,-89394.91088989709,109557.9384270383
band1,win2048_nfauto,dedode_L-C4_B-upright,ada,lmeds630,consensus,6,7963.002605926806,12608.218575468174,-2681.1430164553512,9377.407493022758,81123.97657387126,15432.9790851708,local,17,83805.1195903266,6055.571592148042,84023.61582826922
band1,win2048_nfauto,dedode_L-C4_B-upright,ada,lmeds630,consensus,7,-40500.379142749305,32697.820283093657,-3481.735613820907,6039.030427478083,-2432.4960748419194,-5362.340052124219,surface,0,1049.2395389789876,-11401.370479602301,11449.54813183925
band1,win2048_nfauto,dedode_L-C4_B-upright,ada,magsac630,consensus,1,-67774.54507926304,81735.71977402679,-4376.984024892619,6206.910254188959,155942.24139275172,152221.57706741878,extrapolated,0,160319.22541764434,146014.66681322982,216846.80528680145
band1,win2048_nfauto,dedode_L-C4_B-upright,ada,magsac630,consensus,2,19898.152525698937,84305.60656155503,-1261.165136948417,7245.515668543332,86290.47314421236,114786.5180941445,extrapolated,0,87551.63828116078,107541.00242560117,138673.56117305986
band1,win2048_nfauto,dedode_L-C4_B-upright,ada,magsac630,consensus,3,90603.0051437918,-31042.802158420007,1170.4929216102319,7847.24913713834,-381290.1311902884,-309509.7598577331,extrapolated,0,-382460.62411189865,-317357.00899487146,496982.49481670273
band1,win2048_nfauto,dedode_L-C4_B-upright,ada,magsac630,consensus,4,32105.1175165952,-34897.6325441977,-1118.2881986864522,7099.8920664529,-342314.7301750451,-291714.9653084443,extrapolated,0,-341196.44197635865,-298814.85737489717,453547.4958648838
band1,win2048_nfauto,dedode_L-C4_B-upright,ada,magsac630,consensus,5,64204.00134205516,19317.10815343368,-4388.661462237382,13479.90288989708,-181159.59858414752,-126614.83420908742,extrapolated,0,-176770.93712191013,-140094.7370989845,225553.76204752582
band1,win2048_nfauto,dedode_L-C4_B-upright,ada,magsac630,consensus,6,7963.002605926806,12608.218575468174,-2681.1430164553512,9377.407493022758,-154208.77240365438,-119584.97323084118,extrapolated,0,-151527.62938719903,-128962.38072386393,198977.1798716405
band1,win2048_nfauto,dedode_L-C4_B-upright,ada,magsac630,consensus,7,-40500.379142749305,32697.820283093657,-3481.735613820907,6039.030427478083,-40341.50280206589,-26695.994644248585,surface,0,-36859.76718824498,-32735.025071726668,49297.30523688079
band1,win2048_nfauto,dedode_L-C4_B-upright,fginn_fm1,lmeds630,consensus,1,-67774.54507926304,81735.71977402679,-4376.984024892619,6206.910254188959,27758.59847173828,39602.43845863864,extrapolated,0,32135.5824966309,33395.52820444968,46346.05664403353
band1,win2048_nfauto,dedode_L-C4_B-upright,fginn_fm1,lmeds630,consensus,2,19898.152525698937,84305.60656155503,-1261.165136948417,7245.515668543332,18185.73923484507,36022.76536654363,extrapolated,0,19446.904371793487,28777.249698000298,34732.00526642161
band1,win2048_nfauto,dedode_L-C4_B-upright,fginn_fm1,lmeds630,consensus,3,90603.0051437918,-31042.802158420007,1170.4929216102319,7847.24913713834,-97649.90032205975,-85737.61411977466,extrapolated,0,-98820.39324366998,-93584.863256913,136101.4208289123
band1,win2048_nfauto,dedode_L-C4_B-upright,fginn_fm1,lmeds630,consensus,4,32105.1175165952,-34897.6325441977,-1118.2881986864522,7099.8920664529,-93233.11963392262,-85515.7460405695,extrapolated,0,-92114.83143523616,-92615.6381070224,130624.64772129689
band1,win2048_nfauto,dedode_L-C4_B-upright,fginn_fm1,lmeds630,consensus,5,64204.00134205516,19317.10815343368,-4388.661462237382,13479.90288989708,-47685.98492485756,-32893.46080116563,extrapolated,0,-43297.32346262018,-46373.36369106271,63444.04683695968
band1,win2048_nfauto,dedode_L-C4_B-upright,fginn_fm1,lmeds630,consensus,6,7963.002605926806,12608.218575468174,-2681.1430164553512,9377.407493022758,-46204.42144687005,-35720.08012147891,surface,0,-43523.2784304147,-45097.48761450167,62674.230385953146
band1,win2048_nfauto,dedode_L-C4_B-upright,fginn_fm1,lmeds630,consensus,7,-40500.379142749305,32697.820283093657,-3481.735613820907,6039.030427478083,-21107.251479405844,-11965.05308286989,surface,0,-17625.515865584937,-18004.083510347973,25195.353392551773
band1,win2048_nfauto,dedode_L-C4_B-upright,fginn_fm1,magsac630,consensus,1,-67774.54507926304,81735.71977402679,-4376.984024892619,6206.910254188959,,,none,0,,,
band1,win2048_nfauto,dedode_L-C4_B-upright,fginn_fm1,magsac630,consensus,2,19898.152525698937,84305.60656155503,-1261.165136948417,7245.515668543332,,,none,0,,,
band1,win2048_nfauto,dedode_L-C4_B-upright,fginn_fm1,magsac630,consensus,3,90603.0051437918,-31042.802158420007,1170.4929216102319,7847.24913713834,,,none,0,,,
band1,win2048_nfauto,dedode_L-C4_B-upright,fginn_fm1,magsac630,consensus,4,32105.1175165952,-34897.6325441977,-1118.2881986864522,7099.8920664529,,,none,0,,,
band1,win2048_nfauto,dedode_L-C4_B-upright,fginn_fm1,magsac630,consensus,5,64204.00134205516,19317.10815343368,-4388.661462237382,13479.90288989708,,,none,0,,,
band1,win2048_nfauto,dedode_L-C4_B-upright,fginn_fm1,magsac630,consensus,6,7963.002605926806,12608.218575468174,-2681.1430164553512,9377.407493022758,,,none,0,,,
band1,win2048_nfauto,dedode_L-C4_B-upright,fginn_fm1,magsac630,consensus,7,-40500.379142749305,32697.820283093657,-3481.735613820907,6039.030427478083,,,none,0,,,
band1,win2048_nfauto,dedode_L-C4_B-upright,lgm,lmeds630,consensus,1,-67774.54507926304,81735.71977402679,-4376.984024892619,6206.910254188959,-12026.34127960289,3788.9839256618725,extrapolated,0,-7649.35725471027,-2417.9263285270863,8022.4082506671975
band1,win2048_nfauto,dedode_L-C4_B-upright,lgm,lmeds630,consensus,2,19898.152525698937,84305.60656155503,-1261.165136948417,7245.515668543332,-3622.5,6930.0,local,8,-2361.334863051583,-315.51566854333214,2382.3208164643115
band1,win2048_nfauto,dedode_L-C4_B-upright,lgm,lmeds630,consensus,3,90603.0051437918,-31042.802158420007,1170.4929216102319,7847.24913713834,2223.234635132224,9379.524631912946,extrapolated,0,1052.741713521992,1532.2754947746052,1859.0678597824183
band1,win2048_nfauto,dedode_L-C4_B-upright,lgm,lmeds630,consensus,4,32105.1175165952,-34897.6325441977,-1118.2881986864522,7099.8920664529,-5502.919763648627,8459.530882441592,extrapolated,0,-4384.631564962175,1359.638815988692,4590.600360563505
band1,win2048_nfauto,dedode_L-C4_B-upright,lgm,lmeds630,consensus,5,64204.00134205516,19317.10815343368,-4388.661462237382,13479.90288989708,100.01762063318243,7560.716863897717,local,14,4488.679082870564,-5919.186025999362,7428.660923705284
band1,win2048_nfauto,dedode_L-C4_B-upright,lgm,lmeds630,consensus,6,7963.002605926806,12608.218575468174,-2681.1430164553512,9377.407493022758,-6034.448116329268,6844.713699244501,extrapolated,0,-3353.3050998739163,-2532.693793778257,4202.284253341665
band1,win2048_nfauto,dedode_L-C4_B-upright,lgm,lmeds630,consensus,7,-40500.379142749305,32697.820283093657,-3481.735613820907,6039.030427478083,-11175.22729390139,5496.79299607822,extrapolated,0,-7693.491680080482,-542.2374313998625,7712.576460786546
band1,win2048_nfauto,dedode_L-C4_B-upright,lgm,magsac630,consensus,1,-67774.54507926304,81735.71977402679,-4376.984024892619,6206.910254188959,-12062.497863019222,3793.96200021108,extrapolated,0,-7685.513838126602,-2412.9482539778787,8055.39832859992
band1,win2048_nfauto,dedode_L-C4_B-upright,lgm,magsac630,consensus,2,19898.152525698937,84305.60656155503,-1261.165136948417,7245.515668543332,-3465.0,7087.5,local,6,-2203.834863051583,-158.01566854333214,2209.49248813088
band1,win2048_nfauto,dedode_L-C4_B-upright,lgm,magsac630,consensus,3,90603.0051437918,-31042.802158420007,1170.4929216102319,7847.24913713834,987.6839205840452,11486.092048579865,extrapolated,0,-182.8090010261867,3638.842911441525,3643.432017343596
band1,win2048_nfauto,dedode_L-C4_B-upright,lgm,magsac630,consensus,4,32105.1175165952,-34897.6325441977,-1118.2881986864522,7099.8920664529,-7684.360144021157,11890.774424041167,extrapolated,0,-6566.071945334705,4790.882357588267,8128.090461822013
band1,win2048_nfauto,dedode_L-C4_B-upright,lgm,magsac630,consensus,5,64204.00134205516,19317.10815343368,-4388.661462237382,13479.90288989708,157.5,7559.995999999999,local,6,4546.161462237382,-5919.90688989708,7464.106217477298
band1,win2048_nfauto,dedode_L-C4_B-upright,lgm,magsac630,consensus,6,7963.002605926806,12608.218575468174,-2681.1430164553512,9377.407493022758,-7107.9142437110295,8556.180463338127,extrapolated,0,-4426.771227255678,-821.2270296846309,4502.30133739884
band1,win2048_nfauto,dedode_L-C4_B-upright,lgm,magsac630,consensus,7,-40500.379142749305,32697.820283093657,-3481.735613820907,6039.030427478083,-12321.768061234627,7230.875312564885,extrapolated,0,-8840.03244741372,1191.8448850868017,8920.01501688394
band1,win2048_nfauto,dedode_L-C4_B-upright,mnn,lmeds630,consensus,1,-67774.54507926304,81735.71977402679,-4376.984024892619,6206.910254188959,64345.79620023723,-4892.7365962035465,extrapolated,0,68722.78022512986,-11099.646850392506,69613.38005064061
band1,win2048_nfauto,dedode_L-C4_B-upright,mnn,lmeds630,consensus,2,19898.152525698937,84305.60656155503,-1261.165136948417,7245.515668543332,42133.05135809288,-5140.759133232564,extrapolated,0,43394.2164950413,-12386.274801775897,45127.35122609816
band1,win2048_nfauto,dedode_L-C4_B-upright,mnn,lmeds630,consensus,3,90603.0051437918,-31042.802158420007,1170.4929216102319,7847.24913713834,-157589.45889468578,-4908.965776820569,extrapolated,0,-158759.95181629603,-12756.21491395891,159271.60236414947
band1,win2048_nfauto,dedode_L-C4_B-upright,mnn,lmeds630,consensus,4,32105.1175165952,-34897.6325441977,-1118.2881986864522,7099.8920664529,-146082.1021319912,-4735.60731581773,extrapolated,0,-144963.81393330474,-11835.49938227063,145446.16322102665
band1,win2048_nfauto,dedode_L-C4_B-upright,mnn,lmeds630,consensus,5,64204.00134205516,19317.10815343368,-4388.661462237382,13479.90288989708,2282.7778188711654,12425.580029076486,local,13,6671.439281108547,-1054.3228608205936,6754.2356174749375
band1,win2048_nfauto,dedode_L-C4_B-upright,mnn,lmeds630,consensus,6,7963.002605926806,12608.218575468174,-2681.1430164553512,9377.407493022758,-42210.002,22995.0,local,5,-39528.85898354465,13617.592506977242,41808.725383908095
band1,win2048_nfauto,dedode_L-C4_B-upright,mnn,lmeds630,consensus,7,-40500.379142749305,32697.820283093657,-3481.735613820907,6039.030427478083,-19730.08878152778,-4786.617588860373,surface,0,-16248.353167706871,-10825.648016338455,19524.436883971397
band1,win2048_nfauto,dedode_L-C4_B-upright,mnn,magsac630,consensus,1,-67774.54507926304,81735.71977402679,-4376.984024892619,6206.910254188959,38464.770831392125,757.9144840764109,extrapolated,0,42841.754856284744,-5448.995770112548,43186.8905348452
band1,win2048_nfauto,dedode_L-C4_B-upright,mnn,magsac630,consensus,2,19898.152525698937,84305.60656155503,-1261.165136948417,7245.515668543332,16852.72549001073,6897.097592036037,extrapolated,0,18113.890626959146,-348.41807650729515,18117.241202828744
band1,win2048_nfauto,dedode_L-C4_B-upright,mnn,magsac630,consensus,3,90603.0051437918,-31042.802158420007,1170.4929216102319,7847.24913713834,-69440.2061188042,-16508.86217865765,extrapolated,0,-70610.69904041443,-24356.11131579599,74693.31280244188
band1,win2048_nfauto,dedode_L-C4_B-upright,mnn,magsac630,consensus,4,32105.1175165952,-34897.6325441977,-1118.2881986864522,7099.8920664529,-56275.10665826032,-21121.94855850546,extrapolated,0,-55156.81845957387,-28221.84062495836,61957.62189467038
band1,win2048_nfauto,dedode_L-C4_B-upright,mnn,magsac630,consensus,5,64204.00134205516,19317.10815343368,-4388.661462237382,13479.90288989708,-32944.347074720994,-6008.700670039487,extrapolated,0,-28555.685612483612,-19488.603559936564,34572.13978791847
band1,win2048_nfauto,dedode_L-C4_B-upright,mnn,magsac630,consensus,6,7963.002605926806,12608.218575468174,-2681.1430164553512,9377.407493022758,-22048.200893775138,-11168.978409480455,surface,0,-19367.057877319785,-20546.385902503214,28235.383908812662
band1,win2048_nfauto,dedode_L-C4_B-upright,mnn,magsac630,consensus,7,-40500.379142749305,32697.820283093657,-3481.735613820907,6039.030427478083,2513.449270682806,-9367.896188428387,surface,0,5995.184884503713,-15406.92661590647,16532.26026734726
band1,win2048_nfauto,dedode_L-C4_B-upright,nn,lmeds630,consensus,1,-67774.54507926304,81735.71977402679,-4376.984024892619,6206.910254188959,-17325.117197314048,53326.726351916965,local,72,-12948.133172421429,47119.816097728006,48866.46315966061
band1,win2048_nfauto,dedode_L-C4_B-upright,nn,lmeds630,consensus,2,19898.152525698937,84305.60656155503,-1261.165136948417,7245.515668543332,-31561.08497368687,29286.592419699133,local,108,-30299.919836738452,22041.0767511558,37468.576253483625
band1,win2048_nfauto,dedode_L-C4_B-upright,nn,lmeds630,consensus,3,90603.0051437918,-31042.802158420007,1170.4929216102319,7847.24913713834,-29892.92054528089,-61589.518226046835,local,34,-31063.41346689112,-69436.76736318518,76068.39237202355
band1,win2048_nfauto,dedode_L-C4_B-upright,nn,lmeds630,consensus,4,32105.1175165952,-34897.6325441977,-1118.2881986864522,7099.8920664529,27610.06568408468,-57169.74207468429,local,176,28728.35388277113,-64269.63414113719,70398.18314025838
band1,win2048_nfauto,dedode_L-C4_B-upright,nn,lmeds630,consensus,5,64204.00134205516,19317.10815343368,-4388.661462237382,13479.90288989708,72221.29474856133,-5436.823612131368,local,231,76609.9562107987,-18916.726502028447,78910.88601817268
band1,win2048_nfauto,dedode_L-C4_B-upright,nn,lmeds630,consensus,6,7963.002605926806,12608.218575468174,-2681.1430164553512,9377.407493022758,-41164.955410642426,-41421.320259519576,local,424,-38483.81239418707,-50798.727752542334,63730.013005395675
band1,win2048_nfauto,dedode_L-C4_B-upright,nn,lmeds630,consensus,7,-40500.379142749305,32697.820283093657,-3481.735613820907,6039.030427478083,-2942.690909796944,24107.576169166976,local,79,539.0447040239628,18068.545741688893,18076.584699893952
band1,win2048_nfauto,dedode_L-C4_B-upright,nn,magsac630,consensus,1,-67774.54507926304,81735.71977402679,-4376.984024892619,6206.910254188959,138139.93085160645,92720.44549983447,extrapolated,0,142516.91487649907,86513.53524564551,166720.31311935215
band1,win2048_nfauto,dedode_L-C4_B-upright,nn,magsac630,consensus,2,19898.152525698937,84305.60656155503,-1261.165136948417,7245.515668543332,102135.77407619313,79854.48304725642,extrapolated,0,103396.93921314155,72608.96737871309,126344.72360351702
band1,win2048_nfauto,dedode_L-C4_B-upright,nn,magsac630,consensus,3,90603.0051437918,-31042.802158420007,1170.4929216102319,7847.24913713834,-277083.4496029948,-201059.27186572205,extrapolated,0,-278253.942524605,-208906.5210028604,347947.10955546785
band1,win2048_nfauto,dedode_L-C4_B-upright,nn,magsac630,consensus,4,32105.1175165952,-34897.6325441977,-1118.2881986864522,7099.8920664529,-259442.85062120692,-197405.5561616061,extrapolated,0,-258324.56242252048,-204505.448228059,329475.4283793345
band1,win2048_nfauto,dedode_L-C4_B-upright,nn,magsac630,consensus,5,64204.00134205516,19317.10815343368,-4388.661462237382,13479.90288989708,-113746.72817445683,-79373.11597857889,extrapolated,0,-109358.06671221944,-92853.01886847598,143460.34249235498
band1,win2048_nfauto,dedode_L-C4_B-upright,nn,magsac630,consensus,6,7963.002605926806,12608.218575468174,-2681.1430164553512,9377.407493022758,61110.0,-21105.0,local,11,63791.14301645535,-30482.407493022758,70699.97944778025
band1,win2048_nfauto,dedode_L-C4_B-upright,nn,magsac630,consensus,7,-40500.379142749305,32697.820283093657,-3481.735613820907,6039.030427478083,-21690.07550711946,-26107.33193220029,surface,0,-18208.339893298555,-32146.362359678373,36944.98957409021
band1,win2048_nfauto,dedode_L-C4_B-C4,ada,lmeds630,consensus,1,-67774.54507926304,81735.71977402679,-4376.984024892619,6206.910254188959,148049.984,53550.0,local,11,152426.96802489262,47343.08974581104,159609.98943656863
band1,win2048_nfauto,dedode_L-C4_B-C4,ada,lmeds630,consensus,2,19898.152525698937,84305.60656155503,-1261.165136948417,7245.515668543332,-132457.49599999998,-9135.0,local,10,-131196.33086305158,-16380.515668543332,132214.97088262998
band1,win2048_nfauto,dedode_L-C4_B-C4,ada,lmeds630,consensus,3,90603.0051437918,-31042.802158420007,1170.4929216102319,7847.24913713834,-23152.504999999997,-57330.0,local,6,-24322.99792161023,-65177.24913713834,69567.82325888352
band1,win2048_nfauto,dedode_L-C4_B-C4,ada,lmeds630,consensus,4,32105.1175165952,-34897.6325441977,-1118.2881986864522,7099.8920664529,-60639.260102530294,-145045.6062172161,extrapolated,0,-59520.97190384384,-152145.498283669,163373.80066694933
band1,win2048_nfauto,dedode_L-C4_B-C4,ada,lmeds630,consensus,5,64204.00134205516,19317.10815343368,-4388.661462237382,13479.90288989708,-57015.0,-20317.508,local,10,-52626.33853776262,-33797.41088989708,62544.3561862438
band1,win2048_nfauto,dedode_L-C4_B-C4,ada,lmeds630,consensus,6,7963.002605926806,12608.218575468174,-2681.1430164553512,9377.407493022758,-90298.9520666107,-80937.18484803148,local,19,-87617.80905015535,-90314.59234105423,125831.65759251642
band1,win2048_nfauto,dedode_L-C4_B-C4,ada,lmeds630,consensus,7,-40500.379142749305,32697.820283093657,-3481.735613820907,6039.030427478083,-5735.25913939715,-10775.585279616453,surface,0,-2253.5235255762427,-16814.615707094534,16964.954160197303
band1,win2048_nfauto,dedode_L-C4_B-C4,ada,magsac630,consensus,1,-67774.54507926304,81735.71977402679,-4376.984024892619,6206.910254188959,1272.7858008660821,103128.61021043592,extrapolated,0,5649.769825758702,96921.69995624696,97086.22879426728
band1,win2048_nfauto,dedode_L-C4_B-C4,ada,magsac630,consensus,2,19898.152525698937,84305.60656155503,-1261.165136948417,7245.515668543332,7232.917565877368,82252.23259130903,extrapolated,0,8494.082702825785,75006.7169227657,75486.13796250508
band1,win2048_nfauto,dedode_L-C4_B-C4,ada,magsac630,consensus,3,90603.0051437918,-31042.802158420007,1170.4929216102319,7847.24913713834,-27748.720270536185,-217163.58436309005,extrapolated,0,-28919.213192146417,-225010.8335002284,226861.62320701207
band1,win2048_nfauto,dedode_L-C4_B-C4,ada,magsac630,consensus,4,32105.1175165952,-34897.6325441977,-1118.2881986864522,7099.8920664529,-32450.68562892208,-208384.55392847522,extrapolated,0,-31332.39743023563,-215484.44599492813,217750.4663473016
band1,win2048_nfauto,dedode_L-C4_B-C4,ada,magsac630,consensus,5,64204.00134205516,19317.10815343368,-4388.661462237382,13479.90288989708,-12216.623332484873,-87821.47000598742,extrapolated,0,-7827.961870247491,-101301.3728958845,101603.37168437419
band1,win2048_nfauto,dedode_L-C4_B-C4,ada,magsac630,consensus,6,7963.002605926806,12608.218575468174,-2681.1430164553512,9377.407493022758,-17754.680795228356,-86607.49494354197,surface,0,-15073.537778773005,-95984.90243656473,97161.27333935547
band1,win2048_nfauto,dedode_L-C4_B-C4,ada,magsac630,consensus,7,-40500.379142749305,32697.820283093657,-3481.735613820907,6039.030427478083,-13760.543296480275,-23302.1405566516,surface,0,-10278.807682659368,-29341.170984129683,31089.51916799343
band1,win2048_nfauto,dedode_L-C4_B-C4,fginn_fm1,lmeds630,consensus,1,-67774.54507926304,81735.71977402679,-4376.984024892619,6206.910254188959,-38844.89392495514,49837.70335333607,extrapolated,0,-34467.90990006252,43630.793099147115,55602.903875062235
band1,win2048_nfauto,dedode_L-C4_B-C4,fginn_fm1,lmeds630,consensus,2,19898.152525698937,84305.60656155503,-1261.165136948417,7245.515668543332,-11812.827616665567,23919.708921515285,extrapolated,0,-10551.66247971715,16674.193252971952,19732.366855583394
band1,win2048_nfauto,dedode_L-C4_B-C4,fginn_fm1,lmeds630,consensus,3,90603.0051437918,-31042.802158420007,1170.4929216102319,7847.24913713834,41155.61720004008,-54819.04466703291,extrapolated,0,39985.124278429845,-62666.29380417125,74336.22631471274
band1,win2048_nfauto,dedode_L-C4_B-C4,fginn_fm1,lmeds630,consensus,4,32105.1175165952,-34897.6325441977,-1118.2881986864522,7099.8920664529,23687.073005880062,-38579.9102991808,extrapolated,0,24805.361204566514,-45679.8023656337,51980.28750067056
band1,win2048_nfauto,dedode_L-C4_B-C4,fginn_fm1,lmeds630,consensus,5,64204.00134205516,19317.10815343368,-4388.661462237382,13479.90288989708,19443.157889438604,-21828.495459560865,extrapolated,0,23831.819351675986,-35308.398349457944,42598.57518292041
band1,win2048_nfauto,dedode_L-C4_B-C4,fginn_fm1,lmeds630,consensus,6,7963.002605926806,12608.218575468174,-2681.1430164553512,9377.407493022758,3445.6166435068662,-7694.927448137787,extrapolated,0,6126.7596599622175,-17072.334941160545,18138.406883574742
band1,win2048_nfauto,dedode_L-C4_B-C4,fginn_fm1,lmeds630,consensus,7,-40500.379142749305,32697.820283093657,-3481.735613820907,6039.030427478083,-17206.700021322675,17226.970565458058,extrapolated,0,-13724.964407501768,11187.940137979975,17707.192112760673
band1,win2048_nfauto,dedode_L-C4_B-C4,fginn_fm1,magsac630,consensus,1,-67774.54507926304,81735.71977402679,-4376.984024892619,6206.910254188959,-53387.90039617993,-30115.975193607817,surface,0,-49010.91637128731,-36322.885447796776,61003.45835120403
band1,win2048_nfauto,dedode_L-C4_B-C4,fginn_fm1,magsac630,consensus,2,19898.152525698937,84305.60656155503,-1261.165136948417,7245.515668543332,-36498.77257634436,-49181.385483563216,extrapolated,0,-35237.60743939594,-56426.90115210655,66525.81567844603
band1,win2048_nfauto,dedode_L-C4_B-C4,fginn_fm1,magsac630,consensus,3,90603.0051437918,-31042.802158420007,1170.4929216102319,7847.24913713834,217701.71385928066,113822.12794365305,extrapolated,0,216531.22093767044,105974.87880651471,241073.52525487682
band1,win2048_nfauto,dedode_L-C4_B-C4,fginn_fm1,magsac630,consensus,4,32105.1175165952,-34897.6325441977,-1118.2881986864522,7099.8920664529,210817.60647491473,129794.3011587107,extrapolated,0,211935.8946736012,122694.4090922578,244889.2432786669
band1,win2048_nfauto,dedode_L-C4_B-C4,fginn_fm1,magsac630,consensus,5,64204.00134205516,19317.10815343368,-4388.661462237382,13479.90288989708,107849.98436390472,41883.4927493049,extrapolated,0,112238.6458261421,28403.589859407824,115776.84368554717
band1,win2048_nfauto,dedode_L-C4_B-C4,fginn_fm1,magsac630,consensus,6,7963.002605926806,12608.218575468174,-2681.1430164553512,9377.407493022758,107383.77375967303,61801.09981370588,extrapolated,0,110064.91677612838,52423.69232068312,121911.97406928375
band1,win2048_nfauto,dedode_L-C4_B-C4,fginn_fm1,magsac630,consensus,7,-40500.379142749305,32697.820283093657,-3481.735613820907,6039.030427478083,53976.35251109642,39662.99446050068,extrapolated,0,57458.088124917325,33623.964033022596,66573.28930032496
band1,win2048_nfauto,dedode_L-C4_B-C4,lgm,lmeds630,consensus,1,-67774.54507926304,81735.71977402679,-4376.984024892619,6206.910254188959,,,none,0,,,
band1,win2048_nfauto,dedode_L-C4_B-C4,lgm,lmeds630,consensus,2,19898.152525698937,84305.60656155503,-1261.165136948417,7245.515668543332,,,none,0,,,
band1,win2048_nfauto,dedode_L-C4_B-C4,lgm,lmeds630,consensus,3,90603.0051437918,-31042.802158420007,1170.4929216102319,7847.24913713834,,,none,0,,,
band1,win2048_nfauto,dedode_L-C4_B-C4,lgm,lmeds630,consensus,4,32105.1175165952,-34897.6325441977,-1118.2881986864522,7099.8920664529,,,none,0,,,
band1,win2048_nfauto,dedode_L-C4_B-C4,lgm,lmeds630,consensus,5,64204.00134205516,19317.10815343368,-4388.661462237382,13479.90288989708,,,none,0,,,
band1,win2048_nfauto,dedode_L-C4_B-C4,lgm,lmeds630,consensus,6,7963.002605926806,12608.218575468174,-2681.1430164553512,9377.407493022758,,,none,0,,,
band1,win2048_nfauto,dedode_L-C4_B-C4,lgm,lmeds630,consensus,7,-40500.379142749305,32697.820283093657,-3481.735613820907,6039.030427478083,,,none,0,,,
band1,win2048_nfauto,dedode_L-C4_B-C4,lgm,magsac630,consensus,1,-67774.54507926304,81735.71977402679,-4376.984024892619,6206.910254188959,,,none,0,,,
band1,win2048_nfauto,dedode_L-C4_B-C4,lgm,magsac630,consensus,2,19898.152525698937,84305.60656155503,-1261.165136948417,7245.515668543332,,,none,0,,,
band1,win2048_nfauto,dedode_L-C4_B-C4,lgm,magsac630,consensus,3,90603.0051437918,-31042.802158420007,1170.4929216102319,7847.24913713834,,,none,0,,,
band1,win2048_nfauto,dedode_L-C4_B-C4,lgm,magsac630,consensus,4,32105.1175165952,-34897.6325441977,-1118.2881986864522,7099.8920664529,,,none,0,,,
band1,win2048_nfauto,dedode_L-C4_B-C4,lgm,magsac630,consensus,5,64204.00134205516,19317.10815343368,-4388.661462237382,13479.90288989708,,,none,0,,,
band1,win2048_nfauto,dedode_L-C4_B-C4,lgm,magsac630,consensus,6,7963.002605926806,12608.218575468174,-2681.1430164553512,9377.407493022758,,,none,0,,,
band1,win2048_nfauto,dedode_L-C4_B-C4,lgm,magsac630,consensus,7,-40500.379142749305,32697.820283093657,-3481.735613820907,6039.030427478083,,,none,0,,,
band1,win2048_nfauto,dedode_L-C4_B-C4,mnn,lmeds630,consensus,1,-67774.54507926304,81735.71977402679,-4376.984024892619,6206.910254188959,-6240.376766904685,-8979.590168030467,extrapolated,0,-1863.3927420120654,-15186.500422219426,15300.393053286378
band1,win2048_nfauto,dedode_L-C4_B-C4,mnn,lmeds630,consensus,2,19898.152525698937,84305.60656155503,-1261.165136948417,7245.515668543332,-39969.61779088658,3791.2094492801966,local,32,-38708.45265393816,-3454.3062192631355,38862.27654575337
band1,win2048_nfauto,dedode_L-C4_B-C4,mnn,lmeds630,consensus,3,90603.0051437918,-31042.802158420007,1170.4929216102319,7847.24913713834,12172.989362810673,23996.83175688157,extrapolated,0,11002.496441200441,16149.582619743229,19541.339430308788
band1,win2048_nfauto,dedode_L-C4_B-C4,mnn,lmeds630,consensus,4,32105.1175165952,-34897.6325441977,-1118.2881986864522,7099.8920664529,-96390.004,-56069.992,local,7,-95271.71580131355,-63169.8840664529,114311.56583957442
band1,win2048_nfauto,dedode_L-C4_B-C4,mnn,lmeds630,consensus,5,64204.00134205516,19317.10815343368,-4388.661462237382,13479.90288989708,-315.0,7874.991999999998,local,11,4073.661462237382,-5604.910889897081,6928.906392253029
band1,win2048_nfauto,dedode_L-C4_B-C4,mnn,lmeds630,consensus,6,7963.002605926806,12608.218575468174,-2681.1430164553512,9377.407493022758,11392.724615917023,12636.729364365086,extrapolated,0,14073.867632372374,3259.3218713423284,14446.346569100066
band1,win2048_nfauto,dedode_L-C4_B-C4,mnn,lmeds630,consensus,7,-40500.379142749305,32697.820283093657,-3481.735613820907,6039.030427478083,14135.529545257454,8094.377971159795,surface,0,17617.26515907836,2055.3475436817125,17736.75520523962
band1,win2048_nfauto,dedode_L-C4_B-C4,mnn,magsac630,consensus,1,-67774.54507926304,81735.71977402679,-4376.984024892619,6206.910254188959,-10739.81745993777,4511.570708147126,extrapolated,0,-6362.833435045151,-1695.3395460418324,6584.817802984515
band1,win2048_nfauto,dedode_L-C4_B-C4,mnn,magsac630,consensus,2,19898.152525698937,84305.60656155503,-1261.165136948417,7245.515668543332,-2834.997807085197,5985.000638757211,local,13,-1573.83267013678,-1260.515029786121,2016.3946572798125
band1,win2048_nfauto,dedode_L-C4_B-C4,mnn,magsac630,consensus,3,90603.0051437918,-31042.802158420007,1170.4929216102319,7847.24913713834,-2585.719951972227,14585.144957325232,extrapolated,0,-3756.212873582459,6737.895820186892,7714.167177042417
band1,win2048_nfauto,dedode_L-C4_B-C4,mnn,magsac630,consensus,4,32105.1175165952,-34897.6325441977,-1118.2881986864522,7099.8920664529,-13086.123170207306,17665.504021530654,extrapolated,0,-11967.834971520853,10565.611955077755,15964.37377070706
band1,win2048_nfauto,dedode_L-C4_B-C4,mnn,magsac630,consensus,5,64204.00134205516,19317.10815343368,-4388.661462237382,13479.90288989708,1248.4996279985244,8189.4621462247005,extrapolated,0,5637.161090235906,-5290.440743672379,7730.869835896761
band1,win2048_nfauto,dedode_L-C4_B-C4,mnn,magsac630,consensus,6,7963.002605926806,12608.218575468174,-2681.1430164553512,9377.407493022758,-9340.891449000044,11599.716677155153,extrapolated,0,-6659.748432544693,2222.309184132395,7020.74834292333
band1,win2048_nfauto,dedode_L-C4_B-C4,mnn,magsac630,consensus,7,-40500.379142749305,32697.820283093657,-3481.735613820907,6039.030427478083,-14208.900690549244,10672.225615874413,extrapolated,0,-10727.165076728337,4633.19518839633,11684.971897148875
band1,win2048_nfauto,dedode_L-C4_B-C4,nn,lmeds630,consensus,1,-67774.54507926304,81735.71977402679,-4376.984024892619,6206.910254188959,42629.57246696574,59958.41404782029,local,182,47006.55649185836,53751.50379363133,71406.16579329151
band1,win2048_nfauto,dedode_L-C4_B-C4,nn,lmeds630,consensus,2,19898.152525698937,84305.60656155503,-1261.165136948417,7245.515668543332,-52047.855255990136,18232.214300989064,local,100,-50786.69011904172,10986.698632445732,51961.480349271755
band1,win2048_nfauto,dedode_L-C4_B-C4,nn,lmeds630,consensus,3,90603.0051437918,-31042.802158420007,1170.4929216102319,7847.24913713834,-21404.566262857858,-71504.81236351564,local,34,-22575.05918446809,-79352.06150065397,82500.80582385731
band1,win2048_nfauto,dedode_L-C4_B-C4,nn,lmeds630,consensus,4,32105.1175165952,-34897.6325441977,-1118.2881986864522,7099.8920664529,29262.510950655185,-80704.09843277963,local,201,30380.799149341638,-87803.99049923253,92911.4293536697
band1,win2048_nfauto,dedode_L-C4_B-C4,nn,lmeds630,consensus,5,64204.00134205516,19317.10815343368,-4388.661462237382,13479.90288989708,53660.2926285063,-5663.944646910593,local,234,58048.95409074368,-19143.847536807672,61124.20117712627
band1,win2048_nfauto,dedode_L-C4_B-C4,nn,lmeds630,consensus,6,7963.002605926806,12608.218575468174,-2681.1430164553512,9377.407493022758,-43808.561137819415,-45963.72447071552,local,454,-41127.41812136406,-55341.13196373828,68950.02109033325
band1,win2048_nfauto,dedode_L-C4_B-C4,nn,lmeds630,consensus,7,-40500.379142749305,32697.820283093657,-3481.735613820907,6039.030427478083,7329.252242554798,-6652.766314328084,local,79,10810.987856375705,-12691.796741806167,16672.107334288146
band1,win2048_nfauto,dedode_L-C4_B-C4,nn,magsac630,consensus,1,-67774.54507926304,81735.71977402679,-4376.984024892619,6206.910254188959,-17640.0,61110.0,local,11,-13263.01597510738,54903.08974581104,56482.3588069101
band1,win2048_nfauto,dedode_L-C4_B-C4,nn,magsac630,consensus,2,19898.152525698937,84305.60656155503,-1261.165136948417,7245.515668543332,-2651.1636444797296,5854.467948788308,local,17,-1389.9985075313125,-1391.0477197550244,1966.496786057615
band1,win2048_nfauto,dedode_L-C4_B-C4,nn,magsac630,consensus,3,90603.0051437918,-31042.802158420007,1170.4929216102319,7847.24913713834,75397.30717177934,-228775.32511087926,extrapolated,0,74226.8142501691,-236622.5742480176,247991.65832238735
band1,win2048_nfauto,dedode_L-C4_B-C4,nn,magsac630,consensus,4,32105.1175165952,-34897.6325441977,-1118.2881986864522,7099.8920664529,83160.0,-62055.004,local,8,84278.28819868645,-69154.8960664529,109019.39970327646
band1,win2048_nfauto,dedode_L-C4_B-C4,nn,magsac630,consensus,5,64204.00134205516,19317.10815343368,-4388.661462237382,13479.90288989708,114660.016,-1890.0,local,5,119048.67746223739,-15369.90288989708,120036.75070724255
band1,win2048_nfauto,dedode_L-C4_B-C4,nn,magsac630,consensus,6,7963.002605926806,12608.218575468174,-2681.1430164553512,9377.407493022758,57878.966108717694,-11858.781055418842,local,42,60560.10912517305,-21236.188548441598,64175.56015585551
band1,win2048_nfauto,dedode_L-C4_B-C4,nn,magsac630,consensus,7,-40500.379142749305,32697.820283093657,-3481.735613820907,6039.030427478083,7087.5,7245.002,local,6,10569.235613820907,1205.9715725219176,10637.815043240373
band1,win2048_nfauto,dedode_L-C4-v2_B-upright,ada,lmeds630,consensus,1,-67774.54507926304,81735.71977402679,-4376.984024892619,6206.910254188959,28665.0,-30240.0,local,5,33041.98402489262,-36446.91025418896,49195.01982292683
band1,win2048_nfauto,dedode_L-C4-v2_B-upright,ada,lmeds630,consensus,2,19898.152525698937,84305.60656155503,-1261.165136948417,7245.515668543332,19217.40232824455,44502.6263810973,local,25,20478.567465192966,37257.11071255397,42514.28023704463
band1,win2048_nfauto,dedode_L-C4-v2_B-upright,ada,lmeds630,consensus,3,90603.0051437918,-31042.802158420007,1170.4929216102319,7847.24913713834,15244.882730340469,-36382.94978919722,extrapolated,0,14074.389808730237,-44230.198926335564,46415.503288786014
band1,win2048_nfauto,dedode_L-C4-v2_B-upright,ada,lmeds630,consensus,4,32105.1175165952,-34897.6325441977,-1118.2881986864522,7099.8920664529,76230.0,-63000.0,local,10,77348.28819868645,-70099.8920664529,104387.51148961931
band1,win2048_nfauto,dedode_L-C4-v2_B-upright,ada,lmeds630,consensus,5,64204.00134205516,19317.10815343368,-4388.661462237382,13479.90288989708,100558.26111077149,-10814.208448731646,local,13,104946.92257300887,-24294.111338628725,107722.14444244417
band1,win2048_nfauto,dedode_L-C4-v2_B-upright,ada,lmeds630,consensus,6,7963.002605926806,12608.218575468174,-2681.1430164553512,9377.407493022758,47673.46792780983,6212.276603817484,local,12,50354.61094426518,-3165.130889205274,50453.98791863843
band1,win2048_nfauto,dedode_L-C4-v2_B-upright,ada,lmeds630,consensus,7,-40500.379142749305,32697.820283093657,-3481.735613820907,6039.030427478083,-5985.016000000003,34492.498,local,8,-2503.2803861790962,28453.467572521917,28563.372167732316
band1,win2048_nfauto,dedode_L-C4-v2_B-upright,ada,magsac630,consensus,1,-67774.54507926304,81735.71977402679,-4376.984024892619,6206.910254188959,15650.829552828984,96252.6274279012,extrapolated,0,20027.8135777216,90045.71717371224,92246.10830832997
band1,win2048_nfauto,dedode_L-C4-v2_B-upright,ada,magsac630,consensus,2,19898.152525698937,84305.60656155503,-1261.165136948417,7245.515668543332,11400.874372165637,115304.86744905889,extrapolated,0,12662.039509114054,108059.35178051556,108798.67072605058
band1,win2048_nfauto,dedode_L-C4-v2_B-upright,ada,magsac630,consensus,3,90603.0051437918,-31042.802158420007,1170.4929216102319,7847.24913713834,20754.772891318487,-128519.41985651331,extrapolated,0,19584.279969708256,-136366.66899365166,137765.78833061593
band1,win2048_nfauto,dedode_L-C4-v2_B-upright,ada,magsac630,consensus,4,32105.1175165952,-34897.6325441977,-1118.2881986864522,7099.8920664529,23823.425783177117,-145955.6581784327,extrapolated,0,24941.71398186357,-153055.5502448856,155074.4677795729
band1,win2048_nfauto,dedode_L-C4-v2_B-upright,ada,magsac630,consensus,5,64204.00134205516,19317.10815343368,-4388.661462237382,13479.90288989708,16468.536590957585,-21386.123672056678,extrapolated,0,20857.198053194967,-34866.02656195375,40628.34624802078
band1,win2048_nfauto,dedode_L-C4-v2_B-upright,ada,magsac630,consensus,6,7963.002605926806,12608.218575468174,-2681.1430164553512,9377.407493022758,19745.653136896755,-44777.85256707452,extrapolated,0,22426.79615335211,-54155.26006009728,58615.29986173214
band1,win2048_nfauto,dedode_L-C4-v2_B-upright,ada,magsac630,consensus,7,-40500.379142749305,32697.820283093657,-3481.735613820907,6039.030427478083,19753.532889031674,-7828.969428520877,surface,0,23235.26850285258,-13867.99985599896,27059.17815466021
band1,win2048_nfauto,dedode_L-C4-v2_B-upright,fginn_fm1,lmeds630,consensus,1,-67774.54507926304,81735.71977402679,-4376.984024892619,6206.910254188959,,,none,0,,,
band1,win2048_nfauto,dedode_L-C4-v2_B-upright,fginn_fm1,lmeds630,consensus,2,19898.152525698937,84305.60656155503,-1261.165136948417,7245.515668543332,,,none,0,,,
band1,win2048_nfauto,dedode_L-C4-v2_B-upright,fginn_fm1,lmeds630,consensus,3,90603.0051437918,-31042.802158420007,1170.4929216102319,7847.24913713834,,,none,0,,,
band1,win2048_nfauto,dedode_L-C4-v2_B-upright,fginn_fm1,lmeds630,consensus,4,32105.1175165952,-34897.6325441977,-1118.2881986864522,7099.8920664529,,,none,0,,,
band1,win2048_nfauto,dedode_L-C4-v2_B-upright,fginn_fm1,lmeds630,consensus,5,64204.00134205516,19317.10815343368,-4388.661462237382,13479.90288989708,,,none,0,,,
band1,win2048_nfauto,dedode_L-C4-v2_B-upright,fginn_fm1,lmeds630,consensus,6,7963.002605926806,12608.218575468174,-2681.1430164553512,9377.407493022758,,,none,0,,,
band1,win2048_nfauto,dedode_L-C4-v2_B-upright,fginn_fm1,lmeds630,consensus,7,-40500.379142749305,32697.820283093657,-3481.735613820907,6039.030427478083,,,none,0,,,
band1,win2048_nfauto,dedode_L-C4-v2_B-upright,fginn_fm1,magsac630,consensus,1,-67774.54507926304,81735.71977402679,-4376.984024892619,6206.910254188959,,,none,0,,,
band1,win2048_nfauto,dedode_L-C4-v2_B-upright,fginn_fm1,magsac630,consensus,2,19898.152525698937,84305.60656155503,-1261.165136948417,7245.515668543332,,,none,0,,,
band1,win2048_nfauto,dedode_L-C4-v2_B-upright,fginn_fm1,magsac630,consensus,3,90603.0051437918,-31042.802158420007,1170.4929216102319,7847.24913713834,,,none,0,,,
band1,win2048_nfauto,dedode_L-C4-v2_B-upright,fginn_fm1,magsac630,consensus,4,32105.1175165952,-34897.6325441977,-1118.2881986864522,7099.8920664529,,,none,0,,,
band1,win2048_nfauto,dedode_L-C4-v2_B-upright,fginn_fm1,magsac630,consensus,5,64204.00134205516,19317.10815343368,-4388.661462237382,13479.90288989708,,,none,0,,,
band1,win2048_nfauto,dedode_L-C4-v2_B-upright,fginn_fm1,magsac630,consensus,6,7963.002605926806,12608.218575468174,-2681.1430164553512,9377.407493022758,,,none,0,,,
band1,win2048_nfauto,dedode_L-C4-v2_B-upright,fginn_fm1,magsac630,consensus,7,-40500.379142749305,32697.820283093657,-3481.735613820907,6039.030427478083,,,none,0,,,
band1,win2048_nfauto,dedode_L-C4-v2_B-upright,lgm,lmeds630,consensus,1,-67774.54507926304,81735.71977402679,-4376.984024892619,6206.910254188959,,,none,0,,,
band1,win2048_nfauto,dedode_L-C4-v2_B-upright,lgm,lmeds630,consensus,2,19898.152525698937,84305.60656155503,-1261.165136948417,7245.515668543332,,,none,0,,,
band1,win2048_nfauto,dedode_L-C4-v2_B-upright,lgm,lmeds630,consensus,3,90603.0051437918,-31042.802158420007,1170.4929216102319,7847.24913713834,,,none,0,,,
band1,win2048_nfauto,dedode_L-C4-v2_B-upright,lgm,lmeds630,consensus,4,32105.1175165952,-34897.6325441977,-1118.2881986864522,7099.8920664529,,,none,0,,,
band1,win2048_nfauto,dedode_L-C4-v2_B-upright,lgm,lmeds630,consensus,5,64204.00134205516,19317.10815343368,-4388.661462237382,13479.90288989708,,,none,0,,,
band1,win2048_nfauto,dedode_L-C4-v2_B-upright,lgm,lmeds630,consensus,6,7963.002605926806,12608.218575468174,-2681.1430164553512,9377.407493022758,,,none,0,,,
band1,win2048_nfauto,dedode_L-C4-v2_B-upright,lgm,lmeds630,consensus,7,-40500.379142749305,32697.820283093657,-3481.735613820907,6039.030427478083,,,none,0,,,
band1,win2048_nfauto,dedode_L-C4-v2_B-upright,lgm,magsac630,consensus,1,-67774.54507926304,81735.71977402679,-4376.984024892619,6206.910254188959,,,none,0,,,
band1,win2048_nfauto,dedode_L-C4-v2_B-upright,lgm,magsac630,consensus,2,19898.152525698937,84305.60656155503,-1261.165136948417,7245.515668543332,,,none,0,,,
band1,win2048_nfauto,dedode_L-C4-v2_B-upright,lgm,magsac630,consensus,3,90603.0051437918,-31042.802158420007,1170.4929216102319,7847.24913713834,,,none,0,,,
band1,win2048_nfauto,dedode_L-C4-v2_B-upright,lgm,magsac630,consensus,4,32105.1175165952,-34897.6325441977,-1118.2881986864522,7099.8920664529,,,none,0,,,
band1,win2048_nfauto,dedode_L-C4-v2_B-upright,lgm,magsac630,consensus,5,64204.00134205516,19317.10815343368,-4388.661462237382,13479.90288989708,,,none,0,,,
band1,win2048_nfauto,dedode_L-C4-v2_B-upright,lgm,magsac630,consensus,6,7963.002605926806,12608.218575468174,-2681.1430164553512,9377.407493022758,,,none,0,,,
band1,win2048_nfauto,dedode_L-C4-v2_B-upright,lgm,magsac630,consensus,7,-40500.379142749305,32697.820283093657,-3481.735613820907,6039.030427478083,,,none,0,,,
band1,win2048_nfauto,dedode_L-C4-v2_B-upright,mnn,lmeds630,consensus,1,-67774.54507926304,81735.71977402679,-4376.984024892619,6206.910254188959,18765.915063784534,46306.83652329308,extrapolated,0,23142.899088677153,40099.92626910412,46299.00501108291
band1,win2048_nfauto,dedode_L-C4-v2_B-upright,mnn,lmeds630,consensus,2,19898.152525698937,84305.60656155503,-1261.165136948417,7245.515668543332,11669.75572641825,29163.697573421574,extrapolated,0,12930.920863366668,21918.18190487824,25448.28898747386
band1,win2048_nfauto,dedode_L-C4-v2_B-upright,mnn,lmeds630,consensus,3,90603.0051437918,-31042.802158420007,1170.4929216102319,7847.24913713834,-41170.63114843378,-62494.95472770464,extrapolated,0,-42341.12407004401,-70342.20386484297,82102.3533894004
band1,win2048_nfauto,dedode_L-C4-v2_B-upright,mnn,lmeds630,consensus,4,32105.1175165952,-34897.6325441977,-1118.2881986864522,7099.8920664529,-37294.6272640755,-52475.128484322806,extrapolated,0,-36176.339065389046,-59575.020550775705,69698.7129135061
band1,win2048_nfauto,dedode_L-C4-v2_B-upright,mnn,lmeds630,consensus,5,64204.00134205516,19317.10815343368,-4388.661462237382,13479.90288989708,315.0,7559.991999999998,local,7,4703.661462237382,-5919.910889897081,7561.069771907884
band1,win2048_nfauto,dedode_L-C4-v2_B-upright,mnn,lmeds630,consensus,6,7963.002605926806,12608.218575468174,-2681.1430164553512,9377.407493022758,-15993.908501182565,-15795.801019029896,surface,0,-13312.765484727213,-25173.208512052654,28476.65976975924
band1,win2048_nfauto,dedode_L-C4-v2_B-upright,mnn,lmeds630,consensus,7,-40500.379142749305,32697.820283093657,-3481.735613820907,6039.030427478083,-11340.0,28350.004,local,9,-7858.264386179093,22310.973572521918,23654.425820908487
band1,win2048_nfauto,dedode_L-C4-v2_B-upright,mnn,magsac630,consensus,1,-67774.54507926304,81735.71977402679,-4376.984024892619,6206.910254188959,28898.241749256056,-5849.948540718924,surface,0,33275.225774148676,-12056.858794907883,35392.20951453746
band1,win2048_nfauto,dedode_L-C4-v2_B-upright,mnn,magsac630,consensus,2,19898.152525698937,84305.60656155503,-1261.165136948417,7245.515668543332,8654.788724442644,-11629.345075081983,extrapolated,0,9915.95386139106,-18874.860743625315,21321.034427824656
band1,win2048_nfauto,dedode_L-C4-v2_B-upright,mnn,magsac630,consensus,3,90603.0051437918,-31042.802158420007,1170.4929216102319,7847.24913713834,6919.5940299322865,7455.934176610026,extrapolated,0,5749.101108322055,-391.31496052831426,5762.403227130427
band1,win2048_nfauto,dedode_L-C4-v2_B-upright,mnn,magsac630,consensus,4,32105.1175165952,-34897.6325441977,-1118.2881986864522,7099.8920664529,20692.567120140127,11744.92254598309,extrapolated,0,21810.85531882658,4645.030479530191,22299.993674764803
band1,win2048_nfauto,dedode_L-C4-v2_B-upright,mnn,magsac630,consensus,5,64204.00134205516,19317.10815343368,-4388.661462237382,13479.90288989708,6661.329503417146,-1144.6646827081258,surface,0,11049.990965654528,-14624.567572605205,18329.76478372656
band1,win2048_nfauto,dedode_L-C4-v2_B-upright,mnn,magsac630,consensus,6,7963.002605926806,12608.218575468174,-2681.1430164553512,9377.407493022758,20276.049492266135,3586.107029710037,surface,0,22957.192508721484,-5791.300463312721,23676.39856352448
band1,win2048_nfauto,dedode_L-C4-v2_B-upright,mnn,magsac630,consensus,7,-40500.379142749305,32697.820283093657,-3481.735613820907,6039.030427478083,28793.35104495638,2430.795756752764,surface,0,32275.086658777287,-3608.2346707253187,32476.153963648587
band1,win2048_nfauto,dedode_L-C4-v2_B-upright,nn,lmeds630,consensus,1,-67774.54507926304,81735.71977402679,-4376.984024892619,6206.910254188959,-24621.663429160933,66229.29704662577,local,57,-20244.679404268314,60022.38679243681,63344.565358383334
band1,win2048_nfauto,dedode_L-C4-v2_B-upright,nn,lmeds630,consensus,2,19898.152525698937,84305.60656155503,-1261.165136948417,7245.515668543332,40606.67156356876,40686.91186579879,local,105,41867.836700517175,33441.39619725546,53583.978292050924
band1,win2048_nfauto,dedode_L-C4-v2_B-upright,nn,lmeds630,consensus,3,90603.0051437918,-31042.802158420007,1170.4929216102319,7847.24913713834,-45001.48294779583,-71277.63509074568,local,31,-46171.97586940606,-79124.88422788402,91611.12737959874
band1,win2048_nfauto,dedode_L-C4-v2_B-upright,nn,lmeds630,consensus,4,32105.1175165952,-34897.6325441977,-1118.2881986864522,7099.8920664529,44410.327971407474,-36953.598777499,local,119,45528.61617009393,-44053.4908439519,63352.70275135775
band1,win2048_nfauto,dedode_L-C4-v2_B-upright,nn,lmeds630,consensus,5,64204.00134205516,19317.10815343368,-4388.661462237382,13479.90288989708,109658.36115702268,-18405.62398760082,local,89,114047.02261926007,-31885.526877497898,118420.48046082932
band1,win2048_nfauto,dedode_L-C4-v2_B-upright,nn,lmeds630,consensus,6,7963.002605926806,12608.218575468174,-2681.1430164553512,9377.407493022758,52236.74178858491,-13453.484217990503,local,69,54917.88480504027,-22830.89171101326,59474.563367709445
band1,win2048_nfauto,dedode_L-C4-v2_B-upright,nn,lmeds630,consensus,7,-40500.379142749305,32697.820283093657,-3481.735613820907,6039.030427478083,-7047.572136197792,28430.53632855656,local,62,-3565.836522376885,22391.50590107848,22673.65710736469
band1,win2048_nfauto,dedode_L-C4-v2_B-upright,nn,magsac630,consensus,1,-67774.54507926304,81735.71977402679,-4376.984024892619,6206.910254188959,-40927.56438485188,52684.91909234934,extrapolated,0,-36550.58035995926,46478.00883816038,59128.252385893786
band1,win2048_nfauto,dedode_L-C4-v2_B-upright,nn,magsac630,consensus,2,19898.152525698937,84305.60656155503,-1261.165136948417,7245.515668543332,-86472.37540188,58099.38133097329,extrapolated,0,-85211.21026493158,50853.865662429955,99232.38386548443
band1,win2048_nfauto,dedode_L-C4-v2_B-upright,nn,magsac630,consensus,3,90603.0051437918,-31042.802158420007,1170.4929216102319,7847.24913713834,54131.09355438419,-106684.18081260346,surface,0,52960.60063277396,-114531.4299497418,126183.4920491456
band1,win2048_nfauto,dedode_L-C4-v2_B-upright,nn,magsac630,consensus,4,32105.1175165952,-34897.6325441977,-1118.2881986864522,7099.8920664529,87752.07450675279,-113379.81917154,extrapolated,0,88870.36270543924,-120479.7112379929,149710.72836435764
band1,win2048_nfauto,dedode_L-C4-v2_B-upright,nn,magsac630,consensus,5,64204.00134205516,19317.10815343368,-4388.661462237382,13479.90288989708,115290.0,-22995.0,local,9,119678.66146223739,-36474.90288989708,125113.55062590241
band1,win2048_nfauto,dedode_L-C4-v2_B-upright,nn,magsac630,consensus,6,7963.002605926806,12608.218575468174,-2681.1430164553512,9377.407493022758,61897.5,-32130.0,local,8,64578.64301645535,-41507.40749302276,76767.61042678494
band1,win2048_nfauto,dedode_L-C4-v2_B-upright,nn,magsac630,consensus,7,-40500.379142749305,32697.820283093657,-3481.735613820907,6039.030427478083,20170.21946760706,-17423.661122624868,surface,0,23651.95508142797,-23462.69155010295,33315.354927557935
band1,win2048_nfauto,dedode_L-C4-v2_B-C4,ada,lmeds630,consensus,1,-67774.54507926304,81735.71977402679,-4376.984024892619,6206.910254188959,-17255.45955197128,27723.619122065764,extrapolated,0,-12878.475527078659,21516.708867876805,25076.361227389676
band1,win2048_nfauto,dedode_L-C4-v2_B-C4,ada,lmeds630,consensus,2,19898.152525698937,84305.60656155503,-1261.165136948417,7245.515668543332,63657.43622946321,79175.64878251933,local,24,64918.601366411625,71930.133113976,96893.59552191966
band1,win2048_nfauto,dedode_L-C4-v2_B-C4,ada,lmeds630,consensus,3,90603.0051437918,-31042.802158420007,1170.4929216102319,7847.24913713834,9344.946401777543,-70961.8347043639,extrapolated,0,8174.453480167311,-78809.08384150223,79231.89626429717
band1,win2048_nfauto,dedode_L-C4-v2_B-C4,ada,lmeds630,consensus,4,32105.1175165952,-34897.6325441977,-1118.2881986864522,7099.8920664529,41610.94986931934,-43622.48220182866,local,15,42729.23806800579,-50722.37426828156,66321.54278425635
band1,win2048_nfauto,dedode_L-C4-v2_B-C4,ada,lmeds630,consensus,5,64204.00134205516,19317.10815343368,-4388.661462237382,13479.90288989708,108360.0,-944.9919999999984,local,5,112748.66146223739,-14424.894889897078,113667.66582503045
band1,win2048_nfauto,dedode_L-C4-v2_B-C4,ada,lmeds630,consensus,6,7963.002605926806,12608.218575468174,-2681.1430164553512,9377.407493022758,49770.0,8820.0,local,7,52451.14301645535,-557.407493022758,52454.104766413955
band1,win2048_nfauto,dedode_L-C4-v2_B-C4,ada,lmeds630,consensus,7,-40500.379142749305,32697.820283093657,-3481.735613820907,6039.030427478083,-4882.508000000002,4882.5,local,6,-1400.7723861790946,-1156.5304274780829,1816.5147694319778
band1,win2048_nfauto,dedode_L-C4-v2_B-C4,ada,magsac630,consensus,1,-67774.54507926304,81735.71977402679,-4376.984024892619,6206.910254188959,5688.071301349391,2111.27076359258,extrapolated,0,10065.05532624201,-4095.639490596379,10866.443832148825
band1,win2048_nfauto,dedode_L-C4-v2_B-C4,ada,magsac630,consensus,2,19898.152525698937,84305.60656155503,-1261.165136948417,7245.515668543332,63525.65252569917,81943.10656155534,local,14,64786.81766264759,74697.590893012,98879.02622939272
band1,win2048_nfauto,dedode_L-C4-v2_B-C4,ada,magsac630,consensus,3,90603.0051437918,-31042.802158420007,1170.4929216102319,7847.24913713834,-33767.76438110663,-57830.81186489739,extrapolated,0,-34938.25730271686,-65678.06100203573,74392.8055684014
band1,win2048_nfauto,dedode_L-C4-v2_B-C4,ada,magsac630,consensus,4,32105.1175165952,-34897.6325441977,-1118.2881986864522,7099.8920664529,75600.0,-38430.0,local,9,76718.28819868645,-45529.8920664529,89211.3603512443
band1,win2048_nfauto,dedode_L-C4-v2_B-C4,ada,magsac630,consensus,5,64204.00134205516,19317.10815343368,-4388.661462237382,13479.90288989708,-18309.994738665366,-46184.154446035216,surface,0,-13921.333276427984,-59664.057335932295,61266.65698386682
band1,win2048_nfauto,dedode_L-C4-v2_B-C4,ada,magsac630,consensus,6,7963.002605926806,12608.218575468174,-2681.1430164553512,9377.407493022758,49770.0,8820.0,local,7,52451.14301645535,-557.407493022758,52454.104766413955
band1,win2048_nfauto,dedode_L-C4-v2_B-C4,ada,magsac630,consensus,7,-40500.379142749305,32697.820283093657,-3481.735613820907,6039.030427478083,-9440.36208993634,-9764.596660032958,surface,0,-5958.6264761154325,-15803.62708751104,16889.637610173184
band1,win2048_nfauto,dedode_L-C4-v2_B-C4,fginn_fm1,lmeds630,consensus,1,-67774.54507926304,81735.71977402679,-4376.984024892619,6206.910254188959,-41936.46660936139,-14437.939294951902,surface,0,-37559.48258446877,-20644.84954914086,42859.357728734976
band1,win2048_nfauto,dedode_L-C4-v2_B-C4,fginn_fm1,lmeds630,consensus,2,19898.152525698937,84305.60656155503,-1261.165136948417,7245.515668543332,-12037.718723641528,-19561.07439600022,extrapolated,0,-10776.553586693111,-26806.59006454355,28891.64893347822
band1,win2048_nfauto,dedode_L-C4-v2_B-C4,fginn_fm1,lmeds630,consensus,3,90603.0051437918,-31042.802158420007,1170.4929216102319,7847.24913713834,68805.79948712257,-4171.140023679359,extrapolated,0,67635.30656551234,-12018.3891608177,68694.80600621634
band1,win2048_nfauto,dedode_L-C4-v2_B-C4,fginn_fm1,lmeds630,consensus,4,32105.1175165952,-34897.6325441977,-1118.2881986864522,7099.8920664529,49890.435276547236,-397.02706670655107,extrapolated,0,51008.72347523369,-7496.91913315945,51556.703415385164
band1,win2048_nfauto,dedode_L-C4-v2_B-C4,fginn_fm1,lmeds630,consensus,5,64204.00134205516,19317.10815343368,-4388.661462237382,13479.90288989708,35098.05725406457,-11129.644467518065,surface,0,39486.718716301955,-24609.547357415144,46527.74200535859
band1,win2048_nfauto,dedode_L-C4-v2_B-C4,fginn_fm1,lmeds630,consensus,6,7963.002605926806,12608.218575468174,-2681.1430164553512,9377.407493022758,18363.23771343848,-7001.918639336215,surface,0,21044.380729893834,-16379.326132358972,26667.36366525391
band1,win2048_nfauto,dedode_L-C4-v2_B-C4,fginn_fm1,lmeds630,consensus,7,-40500.379142749305,32697.820283093657,-3481.735613820907,6039.030427478083,-8556.5985439621,-7746.097866077816,surface,0,-5074.862930141193,-13785.1282935559,14689.58800748056
band1,win2048_nfauto,dedode_L-C4-v2_B-C4,lgm,lmeds630,consensus,1,-67774.54507926304,81735.71977402679,-4376.984024892619,6206.910254188959,,,none,0,,,
band1,win2048_nfauto,dedode_L-C4-v2_B-C4,lgm,lmeds630,consensus,2,19898.152525698937,84305.60656155503,-1261.165136948417,7245.515668543332,,,none,0,,,
band1,win2048_nfauto,dedode_L-C4-v2_B-C4,lgm,lmeds630,consensus,3,90603.0051437918,-31042.802158420007,1170.4929216102319,7847.24913713834,,,none,0,,,
band1,win2048_nfauto,dedode_L-C4-v2_B-C4,lgm,lmeds630,consensus,4,32105.1175165952,-34897.6325441977,-1118.2881986864522,7099.8920664529,,,none,0,,,
band1,win2048_nfauto,dedode_L-C4-v2_B-C4,lgm,lmeds630,consensus,5,64204.00134205516,19317.10815343368,-4388.661462237382,13479.90288989708,,,none,0,,,
band1,win2048_nfauto,dedode_L-C4-v2_B-C4,lgm,lmeds630,consensus,6,7963.002605926806,12608.218575468174,-2681.1430164553512,9377.407493022758,,,none,0,,,
band1,win2048_nfauto,dedode_L-C4-v2_B-C4,lgm,lmeds630,consensus,7,-40500.379142749305,32697.820283093657,-3481.735613820907,6039.030427478083,,,none,0,,,
band1,win2048_nfauto,dedode_L-C4-v2_B-C4,lgm,magsac630,consensus,1,-67774.54507926304,81735.71977402679,-4376.984024892619,6206.910254188959,,,none,0,,,
band1,win2048_nfauto,dedode_L-C4-v2_B-C4,lgm,magsac630,consensus,2,19898.152525698937,84305.60656155503,-1261.165136948417,7245.515668543332,,,none,0,,,
band1,win2048_nfauto,dedode_L-C4-v2_B-C4,lgm,magsac630,consensus,3,90603.0051437918,-31042.802158420007,1170.4929216102319,7847.24913713834,,,none,0,,,
band1,win2048_nfauto,dedode_L-C4-v2_B-C4,lgm,magsac630,consensus,4,32105.1175165952,-34897.6325441977,-1118.2881986864522,7099.8920664529,,,none,0,,,
band1,win2048_nfauto,dedode_L-C4-v2_B-C4,lgm,magsac630,consensus,5,64204.00134205516,19317.10815343368,-4388.661462237382,13479.90288989708,,,none,0,,,
band1,win2048_nfauto,dedode_L-C4-v2_B-C4,lgm,magsac630,consensus,6,7963.002605926806,12608.218575468174,-2681.1430164553512,9377.407493022758,,,none,0,,,
band1,win2048_nfauto,dedode_L-C4-v2_B-C4,lgm,magsac630,consensus,7,-40500.379142749305,32697.820283093657,-3481.735613820907,6039.030427478083,,,none,0,,,
band1,win2048_nfauto,dedode_L-C4-v2_B-C4,mnn,lmeds630,consensus,1,-67774.54507926304,81735.71977402679,-4376.984024892619,6206.910254188959,-6042.560886215664,21402.104778781355,extrapolated,0,-1665.5768613230448,15195.194524592396,15286.205641727363
band1,win2048_nfauto,dedode_L-C4-v2_B-C4,mnn,lmeds630,consensus,2,19898.152525698937,84305.60656155503,-1261.165136948417,7245.515668543332,-40169.90957520425,38662.329771557605,local,24,-38908.74443825583,31416.814103014272,50009.065199670156
band1,win2048_nfauto,dedode_L-C4-v2_B-C4,mnn,lmeds630,consensus,3,90603.0051437918,-31042.802158420007,1170.4929216102319,7847.24913713834,-34177.5,-70875.0,local,6,-35347.99292161023,-78722.24913713834,86294.10821600676
band1,win2048_nfauto,dedode_L-C4-v2_B-C4,mnn,lmeds630,consensus,4,32105.1175165952,-34897.6325441977,-1118.2881986864522,7099.8920664529,-69300.006,-37800.0,local,7,-68181.71780131354,-44899.8920664529,81637.90143013891
band1,win2048_nfauto,dedode_L-C4-v2_B-C4,mnn,lmeds630,consensus,5,64204.00134205516,19317.10815343368,-4388.661462237382,13479.90288989708,2446.6723857207344,-16582.660157565562,surface,0,6835.333847958116,-30062.56304746264,30829.847320343775
band1,win2048_nfauto,dedode_L-C4-v2_B-C4,mnn,lmeds630,consensus,6,7963.002605926806,12608.218575468174,-2681.1430164553512,9377.407493022758,13694.756774033278,-14730.105649008163,extrapolated,0,16375.89979048863,-24107.51314203092,29143.47755229837
band1,win2048_nfauto,dedode_L-C4-v2_B-C4,mnn,lmeds630,consensus,7,-40500.379142749305,32697.820283093657,-3481.735613820907,6039.030427478083,11840.927735625533,-2000.1526360993644,surface,0,15322.66334944644,-8039.183063577448,17303.539419730856
band1,win2048_nfauto,dedode_L-C4-v2_B-C4,mnn,magsac630,consensus,1,-67774.54507926304,81735.71977402679,-4376.984024892619,6206.910254188959,-15305.069973036814,-38855.7149689341,extrapolated,0,-10928.085948144195,-45062.62522312306,46368.7745631656
band1,win2048_nfauto,dedode_L-C4-v2_B-C4,mnn,magsac630,consensus,2,19898.152525698937,84305.60656155503,-1261.165136948417,7245.515668543332,-3443.91541403051,6766.312938019625,local,16,-2182.750277082093,-479.20273052370703,2234.7335476614053
band1,win2048_nfauto,dedode_L-C4-v2_B-C4,mnn,magsac630,consensus,3,90603.0051437918,-31042.802158420007,1170.4929216102319,7847.24913713834,-40573.29867185507,82754.59868609143,extrapolated,0,-41743.7915934653,74907.34954895309,85753.45563327291
band1,win2048_nfauto,dedode_L-C4-v2_B-C4,mnn,magsac630,consensus,4,32105.1175165952,-34897.6325441977,-1118.2881986864522,7099.8920664529,-90181.29740215882,100730.0914050215,extrapolated,0,-89063.00920347236,93630.19933856861,129223.96773260715
band1,win2048_nfauto,dedode_L-C4-v2_B-C4,mnn,magsac630,consensus,5,64204.00134205516,19317.10815343368,-4388.661462237382,13479.90288989708,4514.198891917462,18867.60346584574,extrapolated,0,8902.860354154844,5387.70057594866,10406.163557318308
band1,win2048_nfauto,dedode_L-C4-v2_B-C4,mnn,magsac630,consensus,6,7963.002605926806,12608.218575468174,-2681.1430164553512,9377.407493022758,-47068.82368218931,40299.286395626135,extrapolated,0,-44387.680665733955,30921.878902603377,54096.476685182
band1,win2048_nfauto,dedode_L-C4-v2_B-C4,mnn,magsac630,consensus,7,-40500.379142749305,32697.820283093657,-3481.735613820907,6039.030427478083,-58012.94231362997,23015.099855962584,extrapolated,0,-54531.20669980906,16976.0694284845,57112.51559315197
band1,win2048_nfauto,dedode_L-C4-v2_B-C4,nn,lmeds630,consensus,1,-67774.54507926304,81735.71977402679,-4376.984024892619,6206.910254188959,74554.09646750973,40721.958804807975,local,167,78931.08049240235,34515.048550619016,86147.57131892742
band1,win2048_nfauto,dedode_L-C4-v2_B-C4,nn,lmeds630,consensus,2,19898.152525698937,84305.60656155503,-1261.165136948417,7245.515668543332,57596.89884820213,66876.055875966,local,96,58858.06398515055,59630.54020742267,83785.87602638721
band1,win2048_nfauto,dedode_L-C4-v2_B-C4,nn,lmeds630,consensus,3,90603.0051437918,-31042.802158420007,1170.4929216102319,7847.24913713834,-9769.99976651567,-63230.59163680947,local,31,-10940.492688125902,-71077.84077394781,71914.90686461059
band1,win2048_nfauto,dedode_L-C4-v2_B-C4,nn,lmeds630,consensus,4,32105.1175165952,-34897.6325441977,-1118.2881986864522,7099.8920664529,38793.171232463676,-70973.11565575241,local,109,39911.45943115013,-78073.00772220531,87683.06067146534
band1,win2048_nfauto,dedode_L-C4-v2_B-C4,nn,lmeds630,consensus,5,64204.00134205516,19317.10815343368,-4388.661462237382,13479.90288989708,108859.23505732017,-4243.33465591101,local,89,113247.89651955754,-17723.23754580809,114626.34607807035
band1,win2048_nfauto,dedode_L-C4-v2_B-C4,nn,lmeds630,consensus,6,7963.002605926806,12608.218575468174,-2681.1430164553512,9377.407493022758,33721.72259957009,-31031.571554765367,local,69,36402.86561602544,-40408.979047788125,54387.99695468649
band1,win2048_nfauto,dedode_L-C4-v2_B-C4,nn,lmeds630,consensus,7,-40500.379142749305,32697.820283093657,-3481.735613820907,6039.030427478083,5022.700037810564,-1714.5684606503623,local,62,8504.435651631471,-7753.598888128445,11508.41959048796
band1,win2048_nfauto,dedode_L-C4-v2_B-C4,nn,magsac630,consensus,1,-67774.54507926304,81735.71977402679,-4376.984024892619,6206.910254188959,153064.74148090938,5643.013125572859,extrapolated,0,157441.725505802,-563.8971286160995,157442.73533642627
band1,win2048_nfauto,dedode_L-C4-v2_B-C4,nn,magsac630,consensus,2,19898.152525698937,84305.60656155503,-1261.165136948417,7245.515668543332,63525.652525699894,81943.10656155624,local,24,64786.81766264831,74697.59089301291,98879.02622939389
band1,win2048_nfauto,dedode_L-C4-v2_B-C4,nn,magsac630,consensus,3,90603.0051437918,-31042.802158420007,1170.4929216102319,7847.24913713834,-56889.28157162358,-60966.498733994886,extrapolated,0,-58059.77449323381,-68813.74787113322,90034.82276473395
band1,win2048_nfauto,dedode_L-C4-v2_B-C4,nn,magsac630,consensus,4,32105.1175165952,-34897.6325441977,-1118.2881986864522,7099.8920664529,75732.6175165952,-37260.13254419769,local,18,76850.90571528165,-44360.02461065059,88734.84937000026
band1,win2048_nfauto,dedode_L-C4-v2_B-C4,nn,magsac630,consensus,5,64204.00134205516,19317.10815343368,-4388.661462237382,13479.90288989708,108360.016,20160.0,local,7,112748.67746223739,6680.097110102921,112946.39421816016
band1,win2048_nfauto,dedode_L-C4-v2_B-C4,nn,magsac630,consensus,6,7963.002605926806,12608.218575468174,-2681.1430164553512,9377.407493022758,51590.50260592682,10245.71857546817,local,17,54271.64562238217,868.3110824454125,54278.59138460882
band1,win2048_nfauto,dedode_L-C4-v2_B-C4,nn,magsac630,consensus,7,-40500.379142749305,32697.820283093657,-3481.735613820907,6039.030427478083,50245.63685913395,-7713.762350894605,surface,0,53727.372472954856,-13752.792778372688,55459.623709979205
band1,win2048_nfauto,dedode_L-C4-v2_B-C4,smnn0.9,lmeds630,consensus,1,-67774.54507926304,81735.71977402679,-4376.984024892619,6206.910254188959,,,none,0,,,
band1,win2048_nfauto,dedode_L-C4-v2_B-C4,smnn0.9,lmeds630,consensus,2,19898.152525698937,84305.60656155503,-1261.165136948417,7245.515668543332,,,none,0,,,
band1,win2048_nfauto,dedode_L-C4-v2_B-C4,smnn0.9,lmeds630,consensus,3,90603.0051437918,-31042.802158420007,1170.4929216102319,7847.24913713834,,,none,0,,,
band1,win2048_nfauto,dedode_L-C4-v2_B-C4,smnn0.9,lmeds630,consensus,4,32105.1175165952,-34897.6325441977,-1118.2881986864522,7099.8920664529,,,none,0,,,
band1,win2048_nfauto,dedode_L-C4-v2_B-C4,smnn0.9,lmeds630,consensus,5,64204.00134205516,19317.10815343368,-4388.661462237382,13479.90288989708,,,none,0,,,
band1,win2048_nfauto,dedode_L-C4-v2_B-C4,smnn0.9,lmeds630,consensus,6,7963.002605926806,12608.218575468174,-2681.1430164553512,9377.407493022758,,,none,0,,,
band1,win2048_nfauto,dedode_L-C4-v2_B-C4,smnn0.9,lmeds630,consensus,7,-40500.379142749305,32697.820283093657,-3481.735613820907,6039.030427478083,,,none,0,,,
band1,win2048_nfauto,dedode_L-C4-v2_B-C4,smnn0.9,magsac630,consensus,1,-67774.54507926304,81735.71977402679,-4376.984024892619,6206.910254188959,,,none,0,,,
band1,win2048_nfauto,dedode_L-C4-v2_B-C4,smnn0.9,magsac630,consensus,2,19898.152525698937,84305.60656155503,-1261.165136948417,7245.515668543332,,,none,0,,,
band1,win2048_nfauto,dedode_L-C4-v2_B-C4,smnn0.9,magsac630,consensus,3,90603.0051437918,-31042.802158420007,1170.4929216102319,7847.24913713834,,,none,0,,,
band1,win2048_nfauto,dedode_L-C4-v2_B-C4,smnn0.9,magsac630,consensus,4,32105.1175165952,-34897.6325441977,-1118.2881986864522,7099.8920664529,,,none,0,,,
band1,win2048_nfauto,dedode_L-C4-v2_B-C4,smnn0.9,magsac630,consensus,5,64204.00134205516,19317.10815343368,-4388.661462237382,13479.90288989708,,,none,0,,,
band1,win2048_nfauto,dedode_L-C4-v2_B-C4,smnn0.9,magsac630,consensus,6,7963.002605926806,12608.218575468174,-2681.1430164553512,9377.407493022758,,,none,0,,,
band1,win2048_nfauto,dedode_L-C4-v2_B-C4,smnn0.9,magsac630,consensus,7,-40500.379142749305,32697.820283093657,-3481.735613820907,6039.030427478083,,,none,0,,,
band1,win2048_nfauto,keynet,ada,lmeds630,consensus,1,-67774.54507926304,81735.71977402679,-4376.984024892619,6206.910254188959,-6626.570889134769,75753.96267865611,extrapolated,0,-2249.586864242149,69547.05242446715,69583.42577073476
band1,win2048_nfauto,keynet,ada,lmeds630,consensus,2,19898.152525698937,84305.60656155503,-1261.165136948417,7245.515668543332,6069.947160894164,77696.53019750924,extrapolated,0,7331.112297842581,70451.01452896591,70831.42421047416
band1,win2048_nfauto,keynet,ada,lmeds630,consensus,3,90603.0051437918,-31042.802158420007,1170.4929216102319,7847.24913713834,17211.087053597035,-71596.18598558771,extrapolated,0,16040.594131986803,-79443.43512272605,81046.6535040523
band1,win2048_nfauto,keynet,ada,lmeds630,consensus,4,32105.1175165952,-34897.6325441977,-1118.2881986864522,7099.8920664529,-926.7030000000013,-57899.398,local,5,191.5851986864509,-64999.2900664529,64999.57241421853
band1,win2048_nfauto,keynet,ada,lmeds630,consensus,5,64204.00134205516,19317.10815343368,-4388.661462237382,13479.90288989708,12995.320628409028,-6485.842223112077,surface,0,17383.98209064641,-19965.745113009158,26473.2659724025
band1,win2048_nfauto,keynet,ada,lmeds630,consensus,6,7963.002605926806,12608.218575468174,-2681.1430164553512,9377.407493022758,4889.520661411566,-14233.365172354223,surface,0,7570.663677866917,-23610.77266537698,24794.82878302422
band1,win2048_nfauto,keynet,ada,lmeds630,consensus,7,-40500.379142749305,32697.820283093657,-3481.735613820907,6039.030427478083,-2294.0226515105937,12328.536406973351,surface,0,1187.7129623103133,6289.505979495269,6400.667742270854
band1,win2048_nfauto,keynet,ada,magsac630,consensus,1,-67774.54507926304,81735.71977402679,-4376.984024892619,6206.910254188959,-17805.282434167013,-78882.15304131246,extrapolated,0,-13428.298409274394,-85089.06329550142,86142.13771827564
band1,win2048_nfauto,keynet,ada,magsac630,consensus,2,19898.152525698937,84305.60656155503,-1261.165136948417,7245.515668543332,5589.810089253671,-64748.65227021481,extrapolated,0,6850.975226202088,-71994.16793875814,72319.40319681949
band1,win2048_nfauto,keynet,ada,magsac630,consensus,3,90603.0051437918,-31042.802158420007,1170.4929216102319,7847.24913713834,58913.86272183875,27711.03030698515,extrapolated,0,57743.36980022852,19863.78116984681,61064.44594237717
band1,win2048_nfauto,keynet,ada,magsac630,consensus,4,32105.1175165952,-34897.6325441977,-1118.2881986864522,7099.8920664529,43931.957981018815,19758.163444282836,extrapolated,0,45050.24617970527,12658.271377829937,46794.83427822817
band1,win2048_nfauto,keynet,ada,magsac630,consensus,5,64204.00134205516,19317.10815343368,-4388.661462237382,13479.90288989708,36864.38722515389,-11844.850482174674,surface,0,41253.048687391274,-25324.753372071755,48406.16860856202
band1,win2048_nfauto,keynet,ada,magsac630,consensus,6,7963.002605926806,12608.218575468174,-2681.1430164553512,9377.407493022758,23341.650293411385,-17417.92054918899,surface,0,26022.793309866734,-26795.32804221175,37352.04648393156
band1,win2048_nfauto,keynet,ada,magsac630,consensus,7,-40500.379142749305,32697.820283093657,-3481.735613820907,6039.030427478083,4097.314774710738,-40080.12999877599,surface,0,7579.050388531645,-46119.16042625408,46737.76805982996
band1,win2048_nfauto,keynet,fginn,lmeds630,consensus,1,-67774.54507926304,81735.71977402679,-4376.984024892619,6206.910254188959,,,none,0,,,
band1,win2048_nfauto,keynet,fginn,lmeds630,consensus,2,19898.152525698937,84305.60656155503,-1261.165136948417,7245.515668543332,,,none,0,,,
band1,win2048_nfauto,keynet,fginn,lmeds630,consensus,3,90603.0051437918,-31042.802158420007,1170.4929216102319,7847.24913713834,,,none,0,,,
band1,win2048_nfauto,keynet,fginn,lmeds630,consensus,4,32105.1175165952,-34897.6325441977,-1118.2881986864522,7099.8920664529,,,none,0,,,
band1,win2048_nfauto,keynet,fginn,lmeds630,consensus,5,64204.00134205516,19317.10815343368,-4388.661462237382,13479.90288989708,,,none,0,,,
band1,win2048_nfauto,keynet,fginn,lmeds630,consensus,6,7963.002605926806,12608.218575468174,-2681.1430164553512,9377.407493022758,,,none,0,,,
band1,win2048_nfauto,keynet,fginn,lmeds630,consensus,7,-40500.379142749305,32697.820283093657,-3481.735613820907,6039.030427478083,,,none,0,,,
band1,win2048_nfauto,keynet,fginn,magsac630,consensus,1,-67774.54507926304,81735.71977402679,-4376.984024892619,6206.910254188959,,,none,0,,,
band1,win2048_nfauto,keynet,fginn,magsac630,consensus,2,19898.152525698937,84305.60656155503,-1261.165136948417,7245.515668543332,,,none,0,,,
band1,win2048_nfauto,keynet,fginn,magsac630,consensus,3,90603.0051437918,-31042.802158420007,1170.4929216102319,7847.24913713834,,,none,0,,,
band1,win2048_nfauto,keynet,fginn,magsac630,consensus,4,32105.1175165952,-34897.6325441977,-1118.2881986864522,7099.8920664529,,,none,0,,,
band1,win2048_nfauto,keynet,fginn,magsac630,consensus,5,64204.00134205516,19317.10815343368,-4388.661462237382,13479.90288989708,,,none,0,,,
band1,win2048_nfauto,keynet,fginn,magsac630,consensus,6,7963.002605926806,12608.218575468174,-2681.1430164553512,9377.407493022758,,,none,0,,,
band1,win2048_nfauto,keynet,fginn,magsac630,consensus,7,-40500.379142749305,32697.820283093657,-3481.735613820907,6039.030427478083,,,none,0,,,
band1,win2048_nfauto,keynet,lgm,lmeds630,consensus,1,-67774.54507926304,81735.71977402679,-4376.984024892619,6206.910254188959,,,none,0,,,
band1,win2048_nfauto,keynet,lgm,lmeds630,consensus,2,19898.152525698937,84305.60656155503,-1261.165136948417,7245.515668543332,,,none,0,,,
band1,win2048_nfauto,keynet,lgm,lmeds630,consensus,3,90603.0051437918,-31042.802158420007,1170.4929216102319,7847.24913713834,,,none,0,,,
band1,win2048_nfauto,keynet,lgm,lmeds630,consensus,4,32105.1175165952,-34897.6325441977,-1118.2881986864522,7099.8920664529,,,none,0,,,
band1,win2048_nfauto,keynet,lgm,lmeds630,consensus,5,64204.00134205516,19317.10815343368,-4388.661462237382,13479.90288989708,,,none,0,,,
band1,win2048_nfauto,keynet,lgm,lmeds630,consensus,6,7963.002605926806,12608.218575468174,-2681.1430164553512,9377.407493022758,,,none,0,,,
band1,win2048_nfauto,keynet,lgm,lmeds630,consensus,7,-40500.379142749305,32697.820283093657,-3481.735613820907,6039.030427478083,-5473.163999999997,6841.984999999997,local,5,-1991.42838617909,802.9545725219141,2147.212859223255
band1,win2048_nfauto,keynet,lgm,magsac630,consensus,1,-67774.54507926304,81735.71977402679,-4376.984024892619,6206.910254188959,,,none,0,,,
band1,win2048_nfauto,keynet,lgm,magsac630,consensus,2,19898.152525698937,84305.60656155503,-1261.165136948417,7245.515668543332,,,none,0,,,
band1,win2048_nfauto,keynet,lgm,magsac630,consensus,3,90603.0051437918,-31042.802158420007,1170.4929216102319,7847.24913713834,,,none,0,,,
band1,win2048_nfauto,keynet,lgm,magsac630,consensus,4,32105.1175165952,-34897.6325441977,-1118.2881986864522,7099.8920664529,,,none,0,,,
band1,win2048_nfauto,keynet,lgm,magsac630,consensus,5,64204.00134205516,19317.10815343368,-4388.661462237382,13479.90288989708,,,none,0,,,
band1,win2048_nfauto,keynet,lgm,magsac630,consensus,6,7963.002605926806,12608.218575468174,-2681.1430164553512,9377.407493022758,,,none,0,,,
band1,win2048_nfauto,keynet,lgm,magsac630,consensus,7,-40500.379142749305,32697.820283093657,-3481.735613820907,6039.030427478083,,,none,0,,,
band1,win2048_nfauto,keynet,mnn,lmeds630,consensus,1,-67774.54507926304,81735.71977402679,-4376.984024892619,6206.910254188959,-26298.80771317491,173941.41221468724,extrapolated,0,-21921.82368828229,167734.50196049828,169160.95738011337
band1,win2048_nfauto,keynet,mnn,lmeds630,consensus,2,19898.152525698937,84305.60656155503,-1261.165136948417,7245.515668543332,-31897.4267220516,183507.77566116146,extrapolated,0,-30636.261585103184,176262.2599926181,178904.90440906357
band1,win2048_nfauto,keynet,mnn,lmeds630,consensus,3,90603.0051437918,-31042.802158420007,1170.4929216102319,7847.24913713834,6623.609452745532,-92199.7310125986,extrapolated,0,5453.1165311353,-100046.98014973693,100195.48251784607
band1,win2048_nfauto,keynet,mnn,lmeds630,consensus,4,32105.1175165952,-34897.6325441977,-1118.2881986864522,7099.8920664529,-41519.66,-34253.7734,local,11,-40401.37180131355,-41353.6654664529,57813.462886591326
band1,win2048_nfauto,keynet,mnn,lmeds630,consensus,5,64204.00134205516,19317.10815343368,-4388.661462237382,13479.90288989708,-10431.695923181383,28342.76690858222,extrapolated,0,-6043.034460944002,14862.86401868514,16044.406886329023
band1,win2048_nfauto,keynet,mnn,lmeds630,consensus,6,7963.002605926806,12608.218575468174,-2681.1430164553512,9377.407493022758,-4985.576176095687,9991.768687832715,extrapolated,0,-2304.4331596403354,614.3611948099569,2384.9217733372843
band1,win2048_nfauto,keynet,mnn,lmeds630,consensus,7,-40500.379142749305,32697.820283093657,-3481.735613820907,6039.030427478083,-9774.518633327825,56623.4650844522,extrapolated,0,-6292.783019506918,50584.43465697412,50974.34793792147
band1,win2048_nfauto,keynet,mnn,magsac630,consensus,1,-67774.54507926304,81735.71977402679,-4376.984024892619,6206.910254188959,,,none,0,,,
band1,win2048_nfauto,keynet,mnn,magsac630,consensus,2,19898.152525698937,84305.60656155503,-1261.165136948417,7245.515668543332,,,none,0,,,
band1,win2048_nfauto,keynet,mnn,magsac630,consensus,3,90603.0051437918,-31042.802158420007,1170.4929216102319,7847.24913713834,,,none,0,,,
band1,win2048_nfauto,keynet,mnn,magsac630,consensus,4,32105.1175165952,-34897.6325441977,-1118.2881986864522,7099.8920664529,,,none,0,,,
band1,win2048_nfauto,keynet,mnn,magsac630,consensus,5,64204.00134205516,19317.10815343368,-4388.661462237382,13479.90288989708,,,none,0,,,
band1,win2048_nfauto,keynet,mnn,magsac630,consensus,6,7963.002605926806,12608.218575468174,-2681.1430164553512,9377.407493022758,,,none,0,,,
band1,win2048_nfauto,keynet,mnn,magsac630,consensus,7,-40500.379142749305,32697.820283093657,-3481.735613820907,6039.030427478083,,,none,0,,,
band1,win2048_nfauto,keynet,nn,lmeds630,consensus,1,-67774.54507926304,81735.71977402679,-4376.984024892619,6206.910254188959,33696.960086686275,52498.88576227909,local,13,38073.944111578894,46291.97550809013,59938.06984424215
band1,win2048_nfauto,keynet,nn,lmeds630,consensus,2,19898.152525698937,84305.60656155503,-1261.165136948417,7245.515668543332,307878.61803373526,304367.17980804446,extrapolated,0,309139.78317068366,297121.6641395011,428775.8025353621
band1,win2048_nfauto,keynet,nn,lmeds630,consensus,3,90603.0051437918,-31042.802158420007,1170.4929216102319,7847.24913713834,-50521.082976351616,-129478.73617261887,extrapolated,0,-51691.57589796185,-137325.9853097572,146732.5637345385
band1,win2048_nfauto,keynet,nn,lmeds630,consensus,4,32105.1175165952,-34897.6325441977,-1118.2881986864522,7099.8920664529,-60401.03051386235,-52140.244333836104,local,16,-59282.7423151759,-59240.136400289004,83808.33668038278
band1,win2048_nfauto,keynet,nn,lmeds630,consensus,5,64204.00134205516,19317.10815343368,-4388.661462237382,13479.90288989708,32362.693114348207,-21117.763952060628,local,13,36751.35457658559,-34597.6668419577,50474.35600501524
band1,win2048_nfauto,keynet,nn,lmeds630,consensus,6,7963.002605926806,12608.218575468174,-2681.1430164553512,9377.407493022758,-33530.602,-12635.855,local,8,-30849.458983544646,-22013.262493022758,37898.19052625239
band1,win2048_nfauto,keynet,nn,lmeds630,consensus,7,-40500.379142749305,32697.820283093657,-3481.735613820907,6039.030427478083,-3599.4524999999994,4064.5334999999977,local,8,-117.7168861790924,-1974.4969274780851,1978.002877124323
band1,win2048_nfauto,keynet,nn,magsac630,consensus,1,-67774.54507926304,81735.71977402679,-4376.984024892619,6206.910254188959,66488.84586798938,103548.9600295698,extrapolated,0,70865.829892882,97342.04977538084,120405.31757725491
band1,win2048_nfauto,keynet,nn,magsac630,consensus,2,19898.152525698937,84305.60656155503,-1261.165136948417,7245.515668543332,101393.70416378295,107535.40430748257,extrapolated,0,102654.86930073137,100289.88863893924,143513.35810425828
band1,win2048_nfauto,keynet,nn,magsac630,consensus,3,90603.0051437918,-31042.802158420007,1170.4929216102319,7847.24913713834,24253.81570959261,-74718.30884486185,extrapolated,0,23083.32278798238,-82565.55798200019,85731.62284602584
band1,win2048_nfauto,keynet,nn,magsac630,consensus,4,32105.1175165952,-34897.6325441977,-1118.2881986864522,7099.8920664529,-954.779669363259,-80758.55271546876,surface,0,163.50852932319322,-87858.44478192166,87858.59693016465
band1,win2048_nfauto,keynet,nn,magsac630,consensus,5,64204.00134205516,19317.10815343368,-4388.661462237382,13479.90288989708,59594.42226348934,4848.049744023359,surface,0,63983.08372572672,-8631.85314587372,64562.712859554515
band1,win2048_nfauto,keynet,nn,magsac630,consensus,6,7963.002605926806,12608.218575468174,-2681.1430164553512,9377.407493022758,32665.848003616822,-5702.108528616905,surface,0,35346.99102007217,-15079.516021639662,38429.176124657555
band1,win2048_nfauto,keynet,nn,magsac630,consensus,7,-40500.379142749305,32697.820283093657,-3481.735613820907,6039.030427478083,32659.08735771392,26070.01706261522,surface,0,36140.82297153483,20030.98663513714,41320.69107162733
band1,win2048_nfauto,keynet,smnn0.9,lmeds630,consensus,1,-67774.54507926304,81735.71977402679,-4376.984024892619,6206.910254188959,,,none,0,,,
band1,win2048_nfauto,keynet,smnn0.9,lmeds630,consensus,2,19898.152525698937,84305.60656155503,-1261.165136948417,7245.515668543332,,,none,0,,,
band1,win2048_nfauto,keynet,smnn0.9,lmeds630,consensus,3,90603.0051437918,-31042.802158420007,1170.4929216102319,7847.24913713834,,,none,0,,,
band1,win2048_nfauto,keynet,smnn0.9,lmeds630,consensus,4,32105.1175165952,-34897.6325441977,-1118.2881986864522,7099.8920664529,,,none,0,,,
band1,win2048_nfauto,keynet,smnn0.9,lmeds630,consensus,5,64204.00134205516,19317.10815343368,-4388.661462237382,13479.90288989708,,,none,0,,,
band1,win2048_nfauto,keynet,smnn0.9,lmeds630,consensus,6,7963.002605926806,12608.218575468174,-2681.1430164553512,9377.407493022758,,,none,0,,,
band1,win2048_nfauto,keynet,smnn0.9,lmeds630,consensus,7,-40500.379142749305,32697.820283093657,-3481.735613820907,6039.030427478083,,,none,0,,,
band1,win2048_nfauto,keynet,smnn0.9,magsac630,consensus,1,-67774.54507926304,81735.71977402679,-4376.984024892619,6206.910254188959,,,none,0,,,
band1,win2048_nfauto,keynet,smnn0.9,magsac630,consensus,2,19898.152525698937,84305.60656155503,-1261.165136948417,7245.515668543332,,,none,0,,,
band1,win2048_nfauto,keynet,smnn0.9,magsac630,consensus,3,90603.0051437918,-31042.802158420007,1170.4929216102319,7847.24913713834,,,none,0,,,
band1,win2048_nfauto,keynet,smnn0.9,magsac630,consensus,4,32105.1175165952,-34897.6325441977,-1118.2881986864522,7099.8920664529,,,none,0,,,
band1,win2048_nfauto,keynet,smnn0.9,magsac630,consensus,5,64204.00134205516,19317.10815343368,-4388.661462237382,13479.90288989708,,,none,0,,,
band1,win2048_nfauto,keynet,smnn0.9,magsac630,consensus,6,7963.002605926806,12608.218575468174,-2681.1430164553512,9377.407493022758,,,none,0,,,
band1,win2048_nfauto,keynet,smnn0.9,magsac630,consensus,7,-40500.379142749305,32697.820283093657,-3481.735613820907,6039.030427478083,,,none,0,,,
band1,win2048_nfauto,keynet,snn,lmeds630,consensus,1,-67774.54507926304,81735.71977402679,-4376.984024892619,6206.910254188959,,,none,0,,,
band1,win2048_nfauto,keynet,snn,lmeds630,consensus,2,19898.152525698937,84305.60656155503,-1261.165136948417,7245.515668543332,,,none,0,,,
band1,win2048_nfauto,keynet,snn,lmeds630,consensus,3,90603.0051437918,-31042.802158420007,1170.4929216102319,7847.24913713834,,,none,0,,,
band1,win2048_nfauto,keynet,snn,lmeds630,consensus,4,32105.1175165952,-34897.6325441977,-1118.2881986864522,7099.8920664529,,,none,0,,,
band1,win2048_nfauto,keynet,snn,lmeds630,consensus,5,64204.00134205516,19317.10815343368,-4388.661462237382,13479.90288989708,,,none,0,,,
band1,win2048_nfauto,keynet,snn,lmeds630,consensus,6,7963.002605926806,12608.218575468174,-2681.1430164553512,9377.407493022758,,,none,0,,,
band1,win2048_nfauto,keynet,snn,lmeds630,consensus,7,-40500.379142749305,32697.820283093657,-3481.735613820907,6039.030427478083,,,none,0,,,
band1,win2048_nfauto,dog_hardnet,ada,lmeds630,consensus,1,-67774.54507926304,81735.71977402679,-4376.984024892619,6206.910254188959,-2336.1679316061127,7394.898595207594,extrapolated,0,2040.8160932865067,1187.9883410186349,2361.4077633931433
band1,win2048_nfauto,dog_hardnet,ada,lmeds630,consensus,2,19898.152525698937,84305.60656155503,-1261.165136948417,7245.515668543332,-1256.7030000000013,6974.9725000000035,local,6,4.4621369484157185,-270.54316854332865,270.57996361817027
band1,win2048_nfauto,dog_hardnet,ada,lmeds630,consensus,3,90603.0051437918,-31042.802158420007,1170.4929216102319,7847.24913713834,5968.219424721476,11626.217582133608,extrapolated,0,4797.726503111244,3778.9684449952674,6107.272886233756
band1,win2048_nfauto,dog_hardnet,ada,lmeds630,consensus,4,32105.1175165952,-34897.6325441977,-1118.2881986864522,7099.8920664529,9506.506890341921,15026.846564828358,extrapolated,0,10624.795089028374,7926.954498375459,13256.050629925807
band1,win2048_nfauto,dog_hardnet,ada,lmeds630,consensus,5,64204.00134205516,19317.10815343368,-4388.661462237382,13479.90288989708,-207.68000000000757,6789.484,local,9,4180.981462237374,-6690.418889897079,7889.379627693437
band1,win2048_nfauto,dog_hardnet,ada,lmeds630,consensus,6,7963.002605926806,12608.218575468174,-2681.1430164553512,9377.407493022758,3840.6490086885924,11075.652940928954,surface,0,6521.792025143944,1698.2454479061962,6739.273612234872
band1,win2048_nfauto,dog_hardnet,ada,lmeds630,consensus,7,-40500.379142749305,32697.820283093657,-3481.735613820907,6039.030427478083,3392.570307136372,11353.617718114969,surface,0,6874.305920957278,5314.587290636886,8689.126536350326
band1,win2048_nfauto,dog_hardnet,ada,magsac630,consensus,1,-67774.54507926304,81735.71977402679,-4376.984024892619,6206.910254188959,-36446.504143850616,-16510.43783690546,extrapolated,0,-32069.520118957997,-22717.34809109442,39300.534664966115
band1,win2048_nfauto,dog_hardnet,ada,magsac630,consensus,2,19898.152525698937,84305.60656155503,-1261.165136948417,7245.515668543332,-22436.230775229167,1276.732983114558,extrapolated,0,-21175.06563828075,-5968.782685428774,22000.222079137577
band1,win2048_nfauto,dog_hardnet,ada,magsac630,consensus,3,90603.0051437918,-31042.802158420007,1170.4929216102319,7847.24913713834,30536.162395649026,19264.208859995524,extrapolated,0,29365.669474038794,11416.959722857184,31506.975624008042
band1,win2048_nfauto,dog_hardnet,ada,magsac630,consensus,4,32105.1175165952,-34897.6325441977,-1118.2881986864522,7099.8920664529,21947.629185877657,7462.461443824219,extrapolated,0,23065.91738456411,362.5693773713192,23068.76679289433
band1,win2048_nfauto,dog_hardnet,ada,magsac630,consensus,5,64204.00134205516,19317.10815343368,-4388.661462237382,13479.90288989708,8169.785368498486,12322.00929385901,extrapolated,0,12558.446830735867,-1157.8935960380695,12611.712983578627
band1,win2048_nfauto,dog_hardnet,ada,magsac630,consensus,6,7963.002605926806,12608.218575468174,-2681.1430164553512,9377.407493022758,978.314476071766,1068.7371795280187,surface,0,3659.457492527117,-8308.670313494738,9078.856289090692
band1,win2048_nfauto,dog_hardnet,ada,magsac630,consensus,7,-40500.379142749305,32697.820283093657,-3481.735613820907,6039.030427478083,-14400.362081529318,-9430.901146068232,surface,0,-10918.626467708411,-15469.931573546315,18935.02539822822
band1,win2048_nfauto,dog_hardnet,fginn,lmeds630,consensus,1,-67774.54507926304,81735.71977402679,-4376.984024892619,6206.910254188959,-5722.850050495048,5450.881841883734,extrapolated,0,-1345.8660256024286,-756.0284123052252,1543.675587383449
band1,win2048_nfauto,dog_hardnet,fginn,lmeds630,consensus,2,19898.152525698937,84305.60656155503,-1261.165136948417,7245.515668543332,-767.0589896222715,7456.089072670549,extrapolated,0,494.10614732614556,210.57340412721715,537.1052442037883
band1,win2048_nfauto,dog_hardnet,fginn,lmeds630,consensus,3,90603.0051437918,-31042.802158420007,1170.4929216102319,7847.24913713834,1286.1065625381366,7675.805036378543,extrapolated,0,115.61364092790473,-171.44410075979704,206.78392987353232
band1,win2048_nfauto,dog_hardnet,fginn,lmeds630,consensus,4,32105.1175165952,-34897.6325441977,-1118.2881986864522,7099.8920664529,-2055.970208197208,6312.4005158341115,extrapolated,0,-937.682009510756,-787.4915506187881,1224.4960160229648
band1,win2048_nfauto,dog_hardnet,fginn,lmeds630,consensus,5,64204.00134205516,19317.10815343368,-4388.661462237382,13479.90288989708,640.2184686702276,7680.555598228458,extrapolated,0,5028.879930907609,-5799.347291668621,7676.070763670011
band1,win2048_nfauto,dog_hardnet,fginn,lmeds630,consensus,6,7963.002605926806,12608.218575468174,-2681.1430164553512,9377.407493022758,-2622.6194052656583,6334.016462489115,extrapolated,0,58.52361118969293,-3043.391030533643,3043.9536753701286
band1,win2048_nfauto,dog_hardnet,fginn,lmeds630,consensus,7,-40500.379142749305,32697.820283093657,-3481.735613820907,6039.030427478083,-5006.035747836144,5481.5753454058295,extrapolated,0,-1524.3001340152368,-557.4550820722534,1623.0363726938012
band1,win2048_nfauto,dog_hardnet,fginn,magsac630,consensus,1,-67774.54507926304,81735.71977402679,-4376.984024892619,6206.910254188959,-5666.186225493246,5366.676759706839,extrapolated,0,-1289.2022006006264,-840.2334944821196,1538.8419799586738
band1,win2048_nfauto,dog_hardnet,fginn,magsac630,consensus,2,19898.152525698937,84305.60656155503,-1261.165136948417,7245.515668543332,-842.3947812742116,7286.811077279012,extrapolated,0,418.77035567420546,41.29540873568021,420.80152278021455
band1,win2048_nfauto,dog_hardnet,fginn,magsac630,consensus,3,90603.0051437918,-31042.802158420007,1170.4929216102319,7847.24913713834,1351.7705436529877,7824.5642458207285,extrapolated,0,181.27762204275587,-22.6848913176118,182.69149007977384
band1,win2048_nfauto,dog_hardnet,fginn,magsac630,consensus,4,32105.1175165952,-34897.6325441977,-1118.2881986864522,7099.8920664529,-1897.7219787062047,6524.96999016649,extrapolated,0,-779.4337800197525,-574.9220762864097,968.5310584784343
band1,win2048_nfauto,dog_hardnet,fginn,magsac630,consensus,5,64204.00134205516,19317.10815343368,-4388.661462237382,13479.90288989708,637.8695392810155,7686.557083840927,extrapolated,0,5026.531001518397,-5793.3458060561525,7669.99801419622
band1,win2048_nfauto,dog_hardnet,fginn,magsac630,consensus,6,7963.002605926806,12608.218575468174,-2681.1430164553512,9377.407493022758,-2529.62799417391,6411.253972653911,extrapolated,0,151.51502228144136,-2966.1535203688472,2970.02079258268
band1,win2048_nfauto,dog_hardnet,fginn,magsac630,consensus,7,-40500.379142749305,32697.820283093657,-3481.735613820907,6039.030427478083,-4885.408594883077,5535.010109569524,extrapolated,0,-1403.67298106217,-504.02031790855926,1491.4202354228014
band1,win2048_nfauto,dog_hardnet,lgm,lmeds630,consensus,1,-67774.54507926304,81735.71977402679,-4376.984024892619,6206.910254188959,29832.471958654533,58536.021200982665,extrapolated,0,34209.45598354715,52329.110946793706,62518.97896776702
band1,win2048_nfauto,dog_hardnet,lgm,lmeds630,consensus,2,19898.152525698937,84305.60656155503,-1261.165136948417,7245.515668543332,-1197.3905000000013,6994.694500000005,local,8,63.77463694841572,-250.82116854332708,258.80197624311586
band1,win2048_nfauto,dog_hardnet,lgm,lmeds630,consensus,3,90603.0051437918,-31042.802158420007,1170.4929216102319,7847.24913713834,12900.637666896859,26598.999113908416,extrapolated,0,11730.144745286627,18751.749976770076,22118.41818342062
band1,win2048_nfauto,dog_hardnet,lgm,lmeds630,consensus,4,32105.1175165952,-34897.6325441977,-1118.2881986864522,7099.8920664529,-1053.2799999999988,7100.296999999999,local,5,65.0081986864534,0.4049335470990627,65.00945983189652
band1,win2048_nfauto,dog_hardnet,lgm,lmeds630,consensus,5,64204.00134205516,19317.10815343368,-4388.661462237382,13479.90288989708,-14.149999999997817,7155.011499999999,local,6,4374.511462237384,-6324.89138989708,7690.292688008726
band1,win2048_nfauto,dog_hardnet,lgm,lmeds630,consensus,6,7963.002605926806,12608.218575468174,-2681.1430164553512,9377.407493022758,35565.879803489326,64722.56483229171,extrapolated,0,38247.02281994468,55345.15733926895,67274.96707912836
band1,win2048_nfauto,dog_hardnet,lgm,lmeds630,consensus,7,-40500.379142749305,32697.820283093657,-3481.735613820907,6039.030427478083,53871.739119453705,94859.52711372962,extrapolated,0,57353.47473327461,88820.49668625154,105728.43371379712
band1,win2048_nfauto,dog_hardnet,lgm,magsac630,consensus,1,-67774.54507926304,81735.71977402679,-4376.984024892619,6206.910254188959,-5229.628856481705,5932.919095525968,extrapolated,0,-852.6448315890857,-273.99115866299053,895.5860449231377
band1,win2048_nfauto,dog_hardnet,lgm,magsac630,consensus,2,19898.152525698937,84305.60656155503,-1261.165136948417,7245.515668543332,-824.93260002095,6521.401616837339,extrapolated,0,436.2325369274671,-724.114051705993,845.3638188095368
band1,win2048_nfauto,dog_hardnet,lgm,magsac630,consensus,3,90603.0051437918,-31042.802158420007,1170.4929216102319,7847.24913713834,1139.3098184988853,8213.630813657854,extrapolated,0,-31.183103111346554,366.38167651951335,367.7062942198599
band1,win2048_nfauto,dog_hardnet,lgm,magsac630,consensus,4,32105.1175165952,-34897.6325441977,-1118.2881986864522,7099.8920664529,-1828.5801107813745,7843.170194171467,extrapolated,0,-710.2919120949223,743.2781277185677,1028.0938554102345
band1,win2048_nfauto,dog_hardnet,lgm,magsac630,consensus,5,64204.00134205516,19317.10815343368,-4388.661462237382,13479.90288989708,504.54374976009876,7506.18375009358,extrapolated,0,4893.205211997481,-5973.719139803499,7721.967211013912
band1,win2048_nfauto,dog_hardnet,lgm,magsac630,consensus,6,7963.002605926806,12608.218575468174,-2681.1430164553512,9377.407493022758,-2389.452161458899,7181.1541977082225,extrapolated,0,291.69085499645234,-2196.2532953145355,2215.538781440875
band1,win2048_nfauto,dog_hardnet,lgm,magsac630,consensus,7,-40500.379142749305,32697.820283093657,-3481.735613820907,6039.030427478083,-4533.362667768159,6632.797422962772,extrapolated,0,-1051.6270539472516,593.7669954846888,1207.6749171530764
band1,win2048_nfauto,dog_hardnet,mnn,lmeds630,consensus,1,-67774.54507926304,81735.71977402679,-4376.984024892619,6206.910254188959,66818.71497640628,30028.805503426185,extrapolated,0,71195.6990012989,23821.895249237226,75075.36379897992
band1,win2048_nfauto,dog_hardnet,mnn,lmeds630,consensus,2,19898.152525698937,84305.60656155503,-1261.165136948417,7245.515668543332,-21597.899999999998,31058.77500000001,local,11,-20336.73486305158,23813.259331456677,31315.39724923294
band1,win2048_nfauto,dog_hardnet,mnn,lmeds630,consensus,3,90603.0051437918,-31042.802158420007,1170.4929216102319,7847.24913713834,-84421.04240331225,-23514.836962455232,extrapolated,0,-85591.53532492249,-31362.086099593573,91156.41153421834
band1,win2048_nfauto,dog_hardnet,mnn,lmeds630,consensus,4,32105.1175165952,-34897.6325441977,-1118.2881986864522,7099.8920664529,-24959.579829832823,-29493.848116213194,local,15,-23841.29163114637,-36593.74018266609,43675.038720049706
band1,win2048_nfauto,dog_hardnet,mnn,lmeds630,consensus,5,64204.00134205516,19317.10815343368,-4388.661462237382,13479.90288989708,-19.718999999997322,7153.772999999999,local,11,4368.9424622373845,-6326.12988989708,7688.145265419359
band1,win2048_nfauto,dog_hardnet,mnn,lmeds630,consensus,6,7963.002605926806,12608.218575468174,-2681.1430164553512,9377.407493022758,-20524.23984454422,-2891.28517855279,surface,0,-17843.09682808887,-12268.692671575547,21654.0278998187
band1,win2048_nfauto,dog_hardnet,mnn,lmeds630,consensus,7,-40500.379142749305,32697.820283093657,-3481.735613820907,6039.030427478083,-822.0930000000008,32619.64175,local,10,2659.6426138209063,26580.611322521916,26713.341182117827
band1,win2048_nfauto,dog_hardnet,mnn,magsac630,consensus,1,-67774.54507926304,81735.71977402679,-4376.984024892619,6206.910254188959,,,none,0,,,
band1,win2048_nfauto,dog_hardnet,mnn,magsac630,consensus,2,19898.152525698937,84305.60656155503,-1261.165136948417,7245.515668543332,,,none,0,,,
band1,win2048_nfauto,dog_hardnet,mnn,magsac630,consensus,3,90603.0051437918,-31042.802158420007,1170.4929216102319,7847.24913713834,,,none,0,,,
band1,win2048_nfauto,dog_hardnet,mnn,magsac630,consensus,4,32105.1175165952,-34897.6325441977,-1118.2881986864522,7099.8920664529,,,none,0,,,
band1,win2048_nfauto,dog_hardnet,mnn,magsac630,consensus,5,64204.00134205516,19317.10815343368,-4388.661462237382,13479.90288989708,,,none,0,,,
band1,win2048_nfauto,dog_hardnet,mnn,magsac630,consensus,6,7963.002605926806,12608.218575468174,-2681.1430164553512,9377.407493022758,,,none,0,,,
band1,win2048_nfauto,dog_hardnet,mnn,magsac630,consensus,7,-40500.379142749305,32697.820283093657,-3481.735613820907,6039.030427478083,,,none,0,,,
band1,win2048_nfauto,dog_hardnet,nn,lmeds630,consensus,1,-67774.54507926304,81735.71977402679,-4376.984024892619,6206.910254188959,42469.668657550355,60499.43542603227,local,46,46846.652682442975,54292.525171843314,71709.74241401709
band1,win2048_nfauto,dog_hardnet,nn,lmeds630,consensus,2,19898.152525698937,84305.60656155503,-1261.165136948417,7245.515668543332,-6514.969682601154,49181.1639790247,local,31,-5253.804545652737,41935.64831048137,42263.47195184395
band1,win2048_nfauto,dog_hardnet,nn,lmeds630,consensus,3,90603.0051437918,-31042.802158420007,1170.4929216102319,7847.24913713834,-12801.758396471703,-35184.67459586765,local,14,-13972.251318081935,-43031.923733005984,45243.45551633834
band1,win2048_nfauto,dog_hardnet,nn,lmeds630,consensus,4,32105.1175165952,-34897.6325441977,-1118.2881986864522,7099.8920664529,-16351.664617748265,-44968.51133475996,local,52,-15233.376419061813,-52068.40340121286,54251.031233297894
band1,win2048_nfauto,dog_hardnet,nn,lmeds630,consensus,5,64204.00134205516,19317.10815343368,-4388.661462237382,13479.90288989708,35415.047323800005,4593.23440847907,local,34,39803.70878603739,-8886.668481418008,40783.674550269476
band1,win2048_nfauto,dog_hardnet,nn,lmeds630,consensus,6,7963.002605926806,12608.218575468174,-2681.1430164553512,9377.407493022758,-33897.732286067396,-11382.774153577746,local,25,-31216.589269612043,-20760.181646600504,37489.473024137136
band1,win2048_nfauto,dog_hardnet,nn,lmeds630,consensus,7,-40500.379142749305,32697.820283093657,-3481.735613820907,6039.030427478083,11964.35099075864,11111.204450141535,local,23,15446.086604579546,5072.174022663452,16257.568720825191
band1,win2048_nfauto,dog_hardnet,nn,magsac630,consensus,1,-67774.54507926304,81735.71977402679,-4376.984024892619,6206.910254188959,-50250.52028862324,106608.0986243632,extrapolated,0,-45873.53626373062,100401.18837017425,110384.69076589843
band1,win2048_nfauto,dog_hardnet,nn,magsac630,consensus,2,19898.152525698937,84305.60656155503,-1261.165136948417,7245.515668543332,-34439.70341335512,115718.69447443091,extrapolated,0,-33178.5382764067,108473.17880588758,113433.88348466715
band1,win2048_nfauto,dog_hardnet,nn,magsac630,consensus,3,90603.0051437918,-31042.802158420007,1170.4929216102319,7847.24913713834,88409.18445516218,-89081.33257837774,extrapolated,0,87238.69153355194,-96928.58171551608,130406.05528067975
band1,win2048_nfauto,dog_hardnet,nn,magsac630,consensus,4,32105.1175165952,-34897.6325441977,-1118.2881986864522,7099.8920664529,79866.38323715286,-99026.81534884118,extrapolated,0,80984.67143583931,-106126.70741529408,133496.7978431778
band1,win2048_nfauto,dog_hardnet,nn,magsac630,consensus,5,64204.00134205516,19317.10815343368,-4388.661462237382,13479.90288989708,35703.61291393961,559.9963641960294,surface,0,40092.27437617699,-12919.90652570105,42122.61209003438
band1,win2048_nfauto,dog_hardnet,nn,magsac630,consensus,6,7963.002605926806,12608.218575468174,-2681.1430164553512,9377.407493022758,30305.913265460553,-14426.984331237625,surface,0,32987.0562819159,-23804.391824260383,40679.17098797863
band1,win2048_nfauto,dog_hardnet,nn,magsac630,consensus,7,-40500.379142749305,32697.820283093657,-3481.735613820907,6039.030427478083,1397.3660442681576,19399.875820365043,surface,0,4879.101658089065,13360.84539288696,14223.84696917807
band1,win2048_nfauto,dog_hardnet,smnn0.9,lmeds630,consensus,1,-67774.54507926304,81735.71977402679,-4376.984024892619,6206.910254188959,-3881.0298247730825,6086.158665113325,extrapolated,0,495.95420011953684,-120.751589075634,510.4424697069204
band1,win2048_nfauto,dog_hardnet,smnn0.9,lmeds630,consensus,2,19898.152525698937,84305.60656155503,-1261.165136948417,7245.515668543332,-2285.62574723362,6595.899671343008,extrapolated,0,-1024.460610285203,-649.6159972003243,1213.0624410328194
band1,win2048_nfauto,dog_hardnet,smnn0.9,lmeds630,consensus,3,90603.0051437918,-31042.802158420007,1170.4929216102319,7847.24913713834,1313.4313404965587,8043.999859093083,extrapolated,0,142.93841888632687,196.7507219547424,243.19177244190521
band1,win2048_nfauto,dog_hardnet,smnn0.9,lmeds630,consensus,4,32105.1175165952,-34897.6325441977,-1118.2881986864522,7099.8920664529,291.075657738901,7722.785850909816,extrapolated,0,1409.3638564253533,622.8937844569164,1540.877395029599
band1,win2048_nfauto,dog_hardnet,smnn0.9,lmeds630,consensus,5,64204.00134205516,19317.10815343368,-4388.661462237382,13479.90288989708,-173.9572944879061,7438.9207761861135,extrapolated,0,4214.704167749475,-6040.982113710966,7365.948419573721
band1,win2048_nfauto,dog_hardnet,smnn0.9,lmeds630,consensus,6,7963.002605926806,12608.218575468174,-2681.1430164553512,9377.407493022758,-1097.7347102492545,7156.618734128847,extrapolated,0,1583.4083062060968,-2220.788758893911,2727.4685288362207
band1,win2048_nfauto,dog_hardnet,smnn0.9,lmeds630,consensus,7,-40500.379142749305,32697.820283093657,-3481.735613820907,6039.030427478083,-2403.2453643817803,6684.877169714743,extrapolated,0,1078.4902494391267,645.8467422366602,1257.083621957178
band1,win2048_nfauto,dog_hardnet,smnn0.9,magsac630,consensus,1,-67774.54507926304,81735.71977402679,-4376.984024892619,6206.910254188959,-4346.506220003831,6031.035960463919,extrapolated,0,30.47780488878834,-175.87429372503993,178.49555676296447
band1,win2048_nfauto,dog_hardnet,smnn0.9,magsac630,consensus,2,19898.152525698937,84305.60656155503,-1261.165136948417,7245.515668543332,-1081.2289420923244,6639.988722939279,extrapolated,0,179.9361948560927,-605.5269456040533,631.696063049204
band1,win2048_nfauto,dog_hardnet,smnn0.9,magsac630,consensus,3,90603.0051437918,-31042.802158420007,1170.4929216102319,7847.24913713834,861.7183198457408,8102.217280074604,extrapolated,0,-308.7746017644911,254.96814293626358,400.437896067776
band1,win2048_nfauto,dog_hardnet,smnn0.9,magsac630,consensus,4,32105.1175165952,-34897.6325441977,-1118.2881986864522,7099.8920664529,-1329.55682356295,7713.605397056398,extrapolated,0,-211.26862487649782,613.7133306034984,649.0596921837354
band1,win2048_nfauto,dog_hardnet,smnn0.9,magsac630,consensus,5,64204.00134205516,19317.10815343368,-4388.661462237382,13479.90288989708,179.15777335876453,7495.954698641711,extrapolated,0,4567.819235596146,-5983.948191255368,7528.121181590434
band1,win2048_nfauto,dog_hardnet,smnn0.9,magsac630,consensus,6,7963.002605926806,12608.218575468174,-2681.1430164553512,9377.407493022758,-1945.2314203757064,7147.170243416782,extrapolated,0,735.9115960796448,-2230.237249605976,2348.515289874545
band1,win2048_nfauto,dog_hardnet,smnn0.9,magsac630,consensus,7,-40500.379142749305,32697.820283093657,-3481.735613820907,6039.030427478083,-3623.7291999943436,6632.65566838198,extrapolated,0,-141.9935861734366,593.6252409038971,610.371284672373
band1,win2048_nfauto,dog_hardnet,snn,lmeds630,consensus,1,-67774.54507926304,81735.71977402679,-4376.984024892619,6206.910254188959,,,none,0,,,
band1,win2048_nfauto,dog_hardnet,snn,lmeds630,consensus,2,19898.152525698937,84305.60656155503,-1261.165136948417,7245.515668543332,,,none,0,,,
band1,win2048_nfauto,dog_hardnet,snn,lmeds630,consensus,3,90603.0051437918,-31042.802158420007,1170.4929216102319,7847.24913713834,,,none,0,,,
band1,win2048_nfauto,dog_hardnet,snn,lmeds630,consensus,4,32105.1175165952,-34897.6325441977,-1118.2881986864522,7099.8920664529,,,none,0,,,
band1,win2048_nfauto,dog_hardnet,snn,lmeds630,consensus,5,64204.00134205516,19317.10815343368,-4388.661462237382,13479.90288989708,,,none,0,,,
band1,win2048_nfauto,dog_hardnet,snn,lmeds630,consensus,6,7963.002605926806,12608.218575468174,-2681.1430164553512,9377.407493022758,,,none,0,,,
band1,win2048_nfauto,dog_hardnet,snn,lmeds630,consensus,7,-40500.379142749305,32697.820283093657,-3481.735613820907,6039.030427478083,,,none,0,,,
band1,win2048_nfauto,dog_hardnet,snn,magsac630,consensus,1,-67774.54507926304,81735.71977402679,-4376.984024892619,6206.910254188959,,,none,0,,,
band1,win2048_nfauto,dog_hardnet,snn,magsac630,consensus,2,19898.152525698937,84305.60656155503,-1261.165136948417,7245.515668543332,,,none,0,,,
band1,win2048_nfauto,dog_hardnet,snn,magsac630,consensus,3,90603.0051437918,-31042.802158420007,1170.4929216102319,7847.24913713834,,,none,0,,,
band1,win2048_nfauto,dog_hardnet,snn,magsac630,consensus,4,32105.1175165952,-34897.6325441977,-1118.2881986864522,7099.8920664529,,,none,0,,,
band1,win2048_nfauto,dog_hardnet,snn,magsac630,consensus,5,64204.00134205516,19317.10815343368,-4388.661462237382,13479.90288989708,,,none,0,,,
band1,win2048_nfauto,dog_hardnet,snn,magsac630,consensus,6,7963.002605926806,12608.218575468174,-2681.1430164553512,9377.407493022758,,,none,0,,,
band1,win2048_nfauto,dog_hardnet,snn,magsac630,consensus,7,-40500.379142749305,32697.820283093657,-3481.735613820907,6039.030427478083,,,none,0,,,
band1,win2048_nfauto,gftt,mnn,lmeds630,consensus,1,-67774.54507926304,81735.71977402679,-4376.984024892619,6206.910254188959,137367.33103219865,410492.98562182114,extrapolated,0,141744.31505709127,404286.0753676322,428414.14727710234
band1,win2048_nfauto,gftt,mnn,lmeds630,consensus,2,19898.152525698937,84305.60656155503,-1261.165136948417,7245.515668543332,146354.43715463538,440168.40832802706,extrapolated,0,147615.60229158378,432922.8926594837,457397.6355738646
band1,win2048_nfauto,gftt,mnn,lmeds630,consensus,3,90603.0051437918,-31042.802158420007,1170.4929216102319,7847.24913713834,-41605.076341852735,-169045.1621895177,extrapolated,0,-42775.56926346297,-176892.41132665603,181990.8638112699
band1,win2048_nfauto,gftt,mnn,lmeds630,consensus,4,32105.1175165952,-34897.6325441977,-1118.2881986864522,7099.8920664529,-31144.125,-66793.594,local,13,-30025.836801313548,-73893.4860664529,79760.88113023942
band1,win2048_nfauto,gftt,mnn,lmeds630,consensus,5,64204.00134205516,19317.10815343368,-4388.661462237382,13479.90288989708,40696.467021615594,97737.6170045438,extrapolated,0,45085.128483852975,84257.71411464672,95561.66175946852
band1,win2048_nfauto,gftt,mnn,lmeds630,consensus,6,7963.002605926806,12608.218575468174,-2681.1430164553512,9377.407493022758,26518.749211833823,51415.32367893169,extrapolated,0,29199.892228289173,42037.91618590893,51184.178252631995
band1,win2048_nfauto,gftt,mnn,lmeds630,consensus,7,-40500.379142749305,32697.820283093657,-3481.735613820907,6039.030427478083,-10127.203000000001,27869.86,local,5,-6645.467386179094,21830.829572521918,22819.889495903954
band1,win2048_nfauto,gftt,mnn,magsac630,consensus,1,-67774.54507926304,81735.71977402679,-4376.984024892619,6206.910254188959,,,none,0,,,
band1,win2048_nfauto,gftt,mnn,magsac630,consensus,2,19898.152525698937,84305.60656155503,-1261.165136948417,7245.515668543332,,,none,0,,,
band1,win2048_nfauto,gftt,mnn,magsac630,consensus,3,90603.0051437918,-31042.802158420007,1170.4929216102319,7847.24913713834,,,none,0,,,
band1,win2048_nfauto,gftt,mnn,magsac630,consensus,4,32105.1175165952,-34897.6325441977,-1118.2881986864522,7099.8920664529,,,none,0,,,
band1,win2048_nfauto,gftt,mnn,magsac630,consensus,5,64204.00134205516,19317.10815343368,-4388.661462237382,13479.90288989708,,,none,0,,,
band1,win2048_nfauto,gftt,mnn,magsac630,consensus,6,7963.002605926806,12608.218575468174,-2681.1430164553512,9377.407493022758,,,none,0,,,
band1,win2048_nfauto,gftt,mnn,magsac630,consensus,7,-40500.379142749305,32697.820283093657,-3481.735613820907,6039.030427478083,,,none,0,,,
band1,win2048_nfauto,gftt,nn,lmeds630,consensus,1,-67774.54507926304,81735.71977402679,-4376.984024892619,6206.910254188959,-6635.8206910588715,111594.1763593712,local,12,-2258.836666166252,105387.26610518224,105411.47091379054
band1,win2048_nfauto,gftt,nn,lmeds630,consensus,2,19898.152525698937,84305.60656155503,-1261.165136948417,7245.515668543332,309940.94239941763,321395.11024797126,extrapolated,0,311202.10753636603,314149.5945794279,442195.3408952822
band1,win2048_nfauto,gftt,nn,lmeds630,consensus,3,90603.0051437918,-31042.802158420007,1170.4929216102319,7847.24913713834,-15187.865000000005,-34881.254,local,6,-16358.357921610237,-42728.50313713834,45752.82345639391
band1,win2048_nfauto,gftt,nn,lmeds630,consensus,4,32105.1175165952,-34897.6325441977,-1118.2881986864522,7099.8920664529,12778.086326153001,-108656.62018515778,local,17,13896.374524839453,-115756.51225161068,116587.64665946345
band1,win2048_nfauto,gftt,nn,lmeds630,consensus,5,64204.00134205516,19317.10815343368,-4388.661462237382,13479.90288989708,47183.508,-11083.4295,local,6,51572.16946223738,-24563.332389897078,57123.077308022344
band1,win2048_nfauto,gftt,nn,lmeds630,consensus,6,7963.002605926806,12608.218575468174,-2681.1430164553512,9377.407493022758,63646.34151951267,28811.554514757107,extrapolated,0,66327.48453596802,19434.14702173435,69115.99869300496
band1,win2048_nfauto,gftt,nn,lmeds630,consensus,7,-40500.379142749305,32697.820283093657,-3481.735613820907,6039.030427478083,-5792.69620451365,11892.51230523659,local,14,-2310.9605906927427,5853.481877758508,6293.154133261175
band1,win2048_nfauto,gftt,nn,magsac630,consensus,1,-67774.54507926304,81735.71977402679,-4376.984024892619,6206.910254188959,-691402.9741108054,-441800.51326554146,extrapolated,0,-687025.9900859129,-448007.42351973045,820192.2717157947
band1,win2048_nfauto,gftt,nn,magsac630,consensus,2,19898.152525698937,84305.60656155503,-1261.165136948417,7245.515668543332,-683198.5005154352,-448469.12815978756,extrapolated,0,-681937.3353784868,-455714.6438283309,820191.6641753275
band1,win2048_nfauto,gftt,nn,magsac630,consensus,3,90603.0051437918,-31042.802158420007,1170.4929216102319,7847.24913713834,435270.79141130747,277935.123524292,extrapolated,0,434100.2984896972,270087.87438715366,511263.65902517963
band1,win2048_nfauto,gftt,nn,magsac630,consensus,4,32105.1175165952,-34897.6325441977,-1118.2881986864522,7099.8920664529,450061.2388471518,295722.15146015387,extrapolated,0,451179.52704583824,288622.259393701,535598.5196421207
band1,win2048_nfauto,gftt,nn,magsac630,consensus,5,64204.00134205516,19317.10815343368,-4388.661462237382,13479.90288989708,-51382.23602974557,-38728.814852178824,surface,0,-46993.574567508185,-52208.7177420759,70243.47840834552
band1,win2048_nfauto,gftt,nn,magsac630,consensus,6,7963.002605926806,12608.218575468174,-2681.1430164553512,9377.407493022758,-8729.234928947946,-2914.306214983322,surface,0,-6048.091912492595,-12291.71370800608,13699.110980700278
band1,win2048_nfauto,gftt,nn,magsac630,consensus,7,-40500.379142749305,32697.820283093657,-3481.735613820907,6039.030427478083,-216943.19326917024,-133282.20974805384,extrapolated,0,-213461.45765534934,-139321.24017553192,254904.29943097223
band1,win2048_nfauto,gftt,smnn0.9,lmeds630,consensus,1,-67774.54507926304,81735.71977402679,-4376.984024892619,6206.910254188959,,,none,0,,,
band1,win2048_nfauto,gftt,smnn0.9,lmeds630,consensus,2,19898.152525698937,84305.60656155503,-1261.165136948417,7245.515668543332,,,none,0,,,
band1,win2048_nfauto,gftt,smnn0.9,lmeds630,consensus,3,90603.0051437918,-31042.802158420007,1170.4929216102319,7847.24913713834,,,none,0,,,
band1,win2048_nfauto,gftt,smnn0.9,lmeds630,consensus,4,32105.1175165952,-34897.6325441977,-1118.2881986864522,7099.8920664529,,,none,0,,,
band1,win2048_nfauto,gftt,smnn0.9,lmeds630,consensus,5,64204.00134205516,19317.10815343368,-4388.661462237382,13479.90288989708,,,none,0,,,
band1,win2048_nfauto,gftt,smnn0.9,lmeds630,consensus,6,7963.002605926806,12608.218575468174,-2681.1430164553512,9377.407493022758,,,none,0,,,
band1,win2048_nfauto,gftt,smnn0.9,lmeds630,consensus,7,-40500.379142749305,32697.820283093657,-3481.735613820907,6039.030427478083,,,none,0,,,
band1,win2048_nfauto,gftt,smnn0.9,magsac630,consensus,1,-67774.54507926304,81735.71977402679,-4376.984024892619,6206.910254188959,,,none,0,,,
band1,win2048_nfauto,gftt,smnn0.9,magsac630,consensus,2,19898.152525698937,84305.60656155503,-1261.165136948417,7245.515668543332,,,none,0,,,
band1,win2048_nfauto,gftt,smnn0.9,magsac630,consensus,3,90603.0051437918,-31042.802158420007,1170.4929216102319,7847.24913713834,,,none,0,,,
band1,win2048_nfauto,gftt,smnn0.9,magsac630,consensus,4,32105.1175165952,-34897.6325441977,-1118.2881986864522,7099.8920664529,,,none,0,,,
band1,win2048_nfauto,gftt,smnn0.9,magsac630,consensus,5,64204.00134205516,19317.10815343368,-4388.661462237382,13479.90288989708,,,none,0,,,
band1,win2048_nfauto,gftt,smnn0.9,magsac630,consensus,6,7963.002605926806,12608.218575468174,-2681.1430164553512,9377.407493022758,,,none,0,,,
band1,win2048_nfauto,gftt,smnn0.9,magsac630,consensus,7,-40500.379142749305,32697.820283093657,-3481.735613820907,6039.030427478083,,,none,0,,,
band1,win2048_nfauto,hessian,ada,lmeds630,consensus,1,-67774.54507926304,81735.71977402679,-4376.984024892619,6206.910254188959,121658.97,40457.337999999996,local,6,126035.95402489262,34250.42774581104,130606.86623503325
band1,win2048_nfauto,hessian,ada,lmeds630,consensus,2,19898.152525698937,84305.60656155503,-1261.165136948417,7245.515668543332,-731.0,8190.0,local,5,530.1651369484171,944.4843314566679,1083.1092857152885
band1,win2048_nfauto,hessian,ada,lmeds630,consensus,3,90603.0051437918,-31042.802158420007,1170.4929216102319,7847.24913713834,1535.1977743085226,8037.528063177962,extrapolated,0,364.7048526982908,190.2789260396221,411.35835870500307
band1,win2048_nfauto,hessian,ada,lmeds630,consensus,4,32105.1175165952,-34897.6325441977,-1118.2881986864522,7099.8920664529,20.308446790950484,8200.020876974517,extrapolated,0,1138.5966454774027,1100.1288105216172,1583.2516290318802
band1,win2048_nfauto,hessian,ada,lmeds630,consensus,5,64204.00134205516,19317.10815343368,-4388.661462237382,13479.90288989708,51.220500000003085,7187.742,local,8,4439.881962237385,-6292.160889897079,7700.89868151447
band1,win2048_nfauto,hessian,ada,lmeds630,consensus,6,7963.002605926806,12608.218575468174,-2681.1430164553512,9377.407493022758,-1413.7015283921914,7394.239109808076,extrapolated,0,1267.4414880631598,-1983.1683832146819,2353.5855119043563
band1,win2048_nfauto,hessian,ada,lmeds630,consensus,7,-40500.379142749305,32697.820283093657,-3481.735613820907,6039.030427478083,-3797.4015,6567.021500000001,local,6,-315.6658861790929,527.9910725219179,615.1581295570085
band1,win2048_nfauto,hessian,ada,magsac630,consensus,1,-67774.54507926304,81735.71977402679,-4376.984024892619,6206.910254188959,-4616.198419134307,6296.866217054519,extrapolated,0,-239.21439424168784,89.95596286556065,255.56917198184874
band1,win2048_nfauto,hessian,ada,magsac630,consensus,2,19898.152525698937,84305.60656155503,-1261.165136948417,7245.515668543332,-3759.7987295467,5538.304227275893,extrapolated,0,-2498.633592598283,-1707.211441267439,3026.1759260252948
band1,win2048_nfauto,hessian,ada,magsac630,consensus,3,90603.0051437918,-31042.802158420007,1170.4929216102319,7847.24913713834,2461.139078545417,8408.889241578761,extrapolated,0,1290.646156935185,561.640104440421,1407.553590215097
band1,win2048_nfauto,hessian,ada,magsac630,consensus,4,32105.1175165952,-34897.6325441977,-1118.2881986864522,7099.8920664529,1990.5185844558087,8978.494232885709,extrapolated,0,3108.806783142261,1878.602166432809,3632.3306174737695
band1,win2048_nfauto,hessian,ada,magsac630,consensus,5,64204.00134205516,19317.10815343368,-4388.661462237382,13479.90288989708,122.16000000000349,7203.397999999999,local,5,4510.821462237385,-6276.50488989708,7729.296468442867
band1,win2048_nfauto,hessian,ada,magsac630,consensus,6,7963.002605926806,12608.218575468174,-2681.1430164553512,9377.407493022758,-516.0616225131074,7757.514653218399,extrapolated,0,2165.0813939422437,-1619.892839804359,2704.0026358796918
band1,win2048_nfauto,hessian,ada,magsac630,consensus,7,-40500.379142749305,32697.820283093657,-3481.735613820907,6039.030427478083,-3780.0,6615.0,local,5,-298.264386179093,575.9695725219171,648.6159052427492
band1,win2048_nfauto,hessian,fginn,lmeds630,consensus,1,-67774.54507926304,81735.71977402679,-4376.984024892619,6206.910254188959,-5206.543151095756,5669.670088460665,extrapolated,0,-829.5591262031367,-537.2401657282935,988.3295703047015
band1,win2048_nfauto,hessian,fginn,lmeds630,consensus,2,19898.152525698937,84305.60656155503,-1261.165136948417,7245.515668543332,-1149.277119388093,7057.1070160208255,extrapolated,0,111.88801756032399,-188.4086525225066,219.12724344299593
band1,win2048_nfauto,hessian,fginn,lmeds630,consensus,3,90603.0051437918,-31042.802158420007,1170.4929216102319,7847.24913713834,1488.116448582894,8051.11728432231,extrapolated,0,317.62352697266215,203.86814718397,377.42141741398075
band1,win2048_nfauto,hessian,fginn,lmeds630,consensus,4,32105.1175165952,-34897.6325441977,-1118.2881986864522,7099.8920664529,-1230.5818039700273,7123.100639895219,extrapolated,0,-112.29360528357506,23.208573442318993,114.6668725866842
band1,win2048_nfauto,hessian,fginn,lmeds630,consensus,5,64204.00134205516,19317.10815343368,-4388.661462237382,13479.90288989708,542.8096737296364,7687.741936610197,extrapolated,0,4931.471135967018,-5792.160953286882,7607.137179889491
band1,win2048_nfauto,hessian,fginn,lmeds630,consensus,6,7963.002605926806,12608.218575468174,-2681.1430164553512,9377.407493022758,-2087.228954075723,6792.334585849141,extrapolated,0,593.9140623796284,-2585.072907173617,2652.420752613606
band1,win2048_nfauto,hessian,fginn,lmeds630,consensus,7,-40500.379142749305,32697.820283093657,-3481.735613820907,6039.030427478083,-4213.729492104794,6048.274051092809,extrapolated,0,-731.9938782838872,9.243623614725948,732.0522402278522
band1,win2048_nfauto,hessian,fginn,magsac630,consensus,1,-67774.54507926304,81735.71977402679,-4376.984024892619,6206.910254188959,-5304.256905717869,5763.428172405909,extrapolated,0,-927.2728808252496,-443.4820817830496,1027.867380733811
band1,win2048_nfauto,hessian,fginn,magsac630,consensus,2,19898.152525698937,84305.60656155503,-1261.165136948417,7245.515668543332,-903.3354997174577,7161.719551784103,extrapolated,0,357.8296372309594,-83.79611675922934,367.5103242968371
band1,win2048_nfauto,hessian,fginn,magsac630,consensus,3,90603.0051437918,-31042.802158420007,1170.4929216102319,7847.24913713834,1199.107150161733,7901.6588808454135,extrapolated,0,28.614228551501128,54.409743707073176,61.475151775875524
band1,win2048_nfauto,hessian,fginn,magsac630,consensus,4,32105.1175165952,-34897.6325441977,-1118.2881986864522,7099.8920664529,-1763.6897497255518,6961.6095517521,extrapolated,0,-645.4015510390996,-138.28251470079977,660.0494041779391
band1,win2048_nfauto,hessian,fginn,magsac630,consensus,5,64204.00134205516,19317.10815343368,-4388.661462237382,13479.90288989708,503.96945281109925,7649.468389281885,extrapolated,0,4892.630915048481,-5830.434500615194,7611.294484964571
band1,win2048_nfauto,hessian,fginn,magsac630,consensus,6,7963.002605926806,12608.218575468174,-2681.1430164553512,9377.407493022758,-2381.5179048414275,6735.77142227489,extrapolated,0,299.62511161392376,-2641.636070747868,2658.5741174144255
band1,win2048_nfauto,hessian,fginn,magsac630,consensus,7,-40500.379142749305,32697.820283093657,-3481.735613820907,6039.030427478083,-4549.21614593174,6033.857282786835,extrapolated,0,-1067.4805321108333,-5.173144691248126,1067.4930668915956
band1,win2048_nfauto,hessian,mnn,lmeds630,consensus,1,-67774.54507926304,81735.71977402679,-4376.984024892619,6206.910254188959,48590.01728570253,86833.30804440992,extrapolated,0,52967.00131059515,80626.39779022096,96468.22921803601
band1,win2048_nfauto,hessian,mnn,lmeds630,consensus,2,19898.152525698937,84305.60656155503,-1261.165136948417,7245.515668543332,34381.166416781765,88286.66554044533,extrapolated,0,35642.33155373018,81041.149871902,88532.72711910614
band1,win2048_nfauto,hessian,mnn,lmeds630,consensus,3,90603.0051437918,-31042.802158420007,1170.4929216102319,7847.24913713834,-62101.535108016076,-62285.32862529773,extrapolated,0,-63272.02802962631,-70132.57776243606,94455.95796235386
band1,win2048_nfauto,hessian,mnn,lmeds630,consensus,4,32105.1175165952,-34897.6325441977,-1118.2881986864522,7099.8920664529,-13465.630366546495,-53676.77540173388,local,15,-12347.342167860043,-60776.66746818678,62018.22447594552
band1,win2048_nfauto,hessian,mnn,lmeds630,consensus,5,64204.00134205516,19317.10815343368,-4388.661462237382,13479.90288989708,-298.37855945875174,6427.058470095773,local,18,4090.28290277863,-7052.844419801306,8153.099326923817
band1,win2048_nfauto,hessian,mnn,lmeds630,consensus,6,7963.002605926806,12608.218575468174,-2681.1430164553512,9377.407493022758,-15346.859100723952,-4114.224446705438,surface,0,-12665.7160842686,-13491.631939728195,18505.255910805296
band1,win2048_nfauto,hessian,mnn,lmeds630,consensus,7,-40500.379142749305,32697.820283093657,-3481.735613820907,6039.030427478083,-4792.664000000001,9055.746500000001,local,6,-1310.9283861790936,3016.7160725219182,3289.241416482255
band1,win2048_nfauto,hessian,mnn,magsac630,consensus,1,-67774.54507926304,81735.71977402679,-4376.984024892619,6206.910254188959,,,none,0,,,
band1,win2048_nfauto,hessian,mnn,magsac630,consensus,2,19898.152525698937,84305.60656155503,-1261.165136948417,7245.515668543332,,,none,0,,,
band1,win2048_nfauto,hessian,mnn,magsac630,consensus,3,90603.0051437918,-31042.802158420007,1170.4929216102319,7847.24913713834,,,none,0,,,
band1,win2048_nfauto,hessian,mnn,magsac630,consensus,4,32105.1175165952,-34897.6325441977,-1118.2881986864522,7099.8920664529,,,none,0,,,
band1,win2048_nfauto,hessian,mnn,magsac630,consensus,5,64204.00134205516,19317.10815343368,-4388.661462237382,13479.90288989708,,,none,0,,,
band1,win2048_nfauto,hessian,mnn,magsac630,consensus,6,7963.002605926806,12608.218575468174,-2681.1430164553512,9377.407493022758,,,none,0,,,
band1,win2048_nfauto,hessian,mnn,magsac630,consensus,7,-40500.379142749305,32697.820283093657,-3481.735613820907,6039.030427478083,,,none,0,,,
band1,win2048_nfauto,hessian,nn,lmeds630,consensus,1,-67774.54507926304,81735.71977402679,-4376.984024892619,6206.910254188959,54171.90387415132,55002.783519249184,local,38,58548.88789904394,48795.873265060225,76216.85851512534
band1,win2048_nfauto,hessian,nn,lmeds630,consensus,2,19898.152525698937,84305.60656155503,-1261.165136948417,7245.515668543332,-99412.18907841215,96205.25468950538,local,20,-98151.02394146373,88959.73902096205,132466.8210059993
band1,win2048_nfauto,hessian,nn,lmeds630,consensus,3,90603.0051437918,-31042.802158420007,1170.4929216102319,7847.24913713834,-18879.90575193342,-50845.165896029896,local,15,-20050.398673543652,-58692.41503316823,62022.72220238091
band1,win2048_nfauto,hessian,nn,lmeds630,consensus,4,32105.1175165952,-34897.6325441977,-1118.2881986864522,7099.8920664529,-6099.6362612722405,-46526.122118642306,local,55,-4981.348062585788,-53626.014185095206,53856.877238665256
band1,win2048_nfauto,hessian,nn,lmeds630,consensus,5,64204.00134205516,19317.10815343368,-4388.661462237382,13479.90288989708,35195.30212187653,2159.2382780428998,local,47,39583.96358411391,-11320.66461185418,41170.95602827974
band1,win2048_nfauto,hessian,nn,lmeds630,consensus,6,7963.002605926806,12608.218575468174,-2681.1430164553512,9377.407493022758,-55168.90948614275,-11586.991773179056,local,25,-52487.7664696874,-20964.399266201814,56519.65733768353
band1,win2048_nfauto,hessian,nn,lmeds630,consensus,7,-40500.379142749305,32697.820283093657,-3481.735613820907,6039.030427478083,-9919.450573878818,23217.44104809577,local,30,-6437.7149600579105,17178.410620617688,18345.0801403947
band1,win2048_nfauto,hessian,nn,magsac630,consensus,1,-67774.54507926304,81735.71977402679,-4376.984024892619,6206.910254188959,-61043.92968535765,25643.526426658904,extrapolated,0,-56666.94566046503,19436.616172469945,59907.63539584931
band1,win2048_nfauto,hessian,nn,magsac630,consensus,2,19898.152525698937,84305.60656155503,-1261.165136948417,7245.515668543332,-52036.29074371624,32302.929327315785,extrapolated,0,-50775.125606767826,25057.413658772453,56621.43904608824
band1,win2048_nfauto,hessian,nn,magsac630,consensus,3,90603.0051437918,-31042.802158420007,1170.4929216102319,7847.24913713834,113609.4291585534,-29516.031210007157,extrapolated,0,112438.93623694316,-37363.2803471455,118484.29896148585
band1,win2048_nfauto,hessian,nn,magsac630,consensus,4,32105.1175165952,-34897.6325441977,-1118.2881986864522,7099.8920664529,110485.93137426031,-35183.98920193087,extrapolated,0,111604.21957294676,-42283.88126838377,119345.83545983199
band1,win2048_nfauto,hessian,nn,magsac630,consensus,5,64204.00134205516,19317.10815343368,-4388.661462237382,13479.90288989708,41926.225139825205,-2261.963235023839,surface,0,46314.88660206259,-15741.866124920918,48917.02229343942
band1,win2048_nfauto,hessian,nn,magsac630,consensus,6,7963.002605926806,12608.218575468174,-2681.1430164553512,9377.407493022758,42973.4885697872,-9429.471427810744,surface,0,45654.631586242554,-18806.8789208335,49376.55395041687
band1,win2048_nfauto,hessian,nn,magsac630,consensus,7,-40500.379142749305,32697.820283093657,-3481.735613820907,6039.030427478083,8980.617956958678,-802.276393325591,surface,0,12462.353570779585,-6841.306820803674,14216.671042810885
band1,win2048_nfauto,hessian,smnn0.9,lmeds630,consensus,1,-67774.54507926304,81735.71977402679,-4376.984024892619,6206.910254188959,-5074.181815561344,5755.874529054695,extrapolated,0,-697.1977906687243,-451.0357251342639,830.3721964641769
band1,win2048_nfauto,hessian,smnn0.9,lmeds630,consensus,2,19898.152525698937,84305.60656155503,-1261.165136948417,7245.515668543332,795.634846969043,7577.806870506579,extrapolated,0,2056.79998391746,332.29120196324675,2083.4691302596834
band1,win2048_nfauto,hessian,smnn0.9,lmeds630,consensus,3,90603.0051437918,-31042.802158420007,1170.4929216102319,7847.24913713834,-474.1827030767636,7423.707107731776,extrapolated,0,-1644.6756246869954,-423.5420294065643,1698.3361743522364
band1,win2048_nfauto,hessian,smnn0.9,lmeds630,consensus,4,32105.1175165952,-34897.6325441977,-1118.2881986864522,7099.8920664529,-4500.1250658734625,6178.46986301638,extrapolated,0,-3381.8368671870103,-921.4222034365193,3505.116185413982
band1,win2048_nfauto,hessian,smnn0.9,lmeds630,consensus,5,64204.00134205516,19317.10815343368,-4388.661462237382,13479.90288989708,372.7800156946528,7582.065235005251,extrapolated,0,4761.441477932034,-5897.837654891828,7579.961342330944
band1,win2048_nfauto,hessian,smnn0.9,lmeds630,consensus,6,7963.002605926806,12608.218575468174,-2681.1430164553512,9377.407493022758,-3651.367840768907,6343.354662926069,extrapolated,0,-970.2248243135559,-3034.052830096689,3185.406219861448
band1,win2048_nfauto,hessian,smnn0.9,lmeds630,consensus,7,-40500.379142749305,32697.820283093657,-3481.735613820907,6039.030427478083,-5796.2696876991595,5633.626212021195,extrapolated,0,-2314.5340738782525,-405.40421545688787,2349.7703200640003
band1,win2048_nfauto,hessian,smnn0.9,magsac630,consensus,1,-67774.54507926304,81735.71977402679,-4376.984024892619,6206.910254188959,-5264.651170451714,5790.438531361647,extrapolated,0,-887.6671455590949,-416.4717228273121,980.5109164205062
band1,win2048_nfauto,hessian,smnn0.9,magsac630,consensus,2,19898.152525698937,84305.60656155503,-1261.165136948417,7245.515668543332,-674.2844680058749,7286.157999049154,extrapolated,0,586.8806689425421,40.64233050582152,588.2862556675875
band1,win2048_nfauto,hessian,smnn0.9,magsac630,consensus,3,90603.0051437918,-31042.802158420007,1170.4929216102319,7847.24913713834,868.3917376392037,7735.127164265805,extrapolated,0,-302.10118397102815,-112.12197287253548,322.23665551505246
band1,win2048_nfauto,hessian,smnn0.9,magsac630,consensus,4,32105.1175165952,-34897.6325441977,-1118.2881986864522,7099.8920664529,-2233.7957660132633,6723.335543531733,extrapolated,0,-1115.507567326811,-376.556522921167,1177.3495435586915
band1,win2048_nfauto,hessian,smnn0.9,magsac630,consensus,5,64204.00134205516,19317.10815343368,-4388.661462237382,13479.90288989708,426.50599331120816,7614.526222981269,extrapolated,0,4815.16745554859,-5865.37666691581,7588.707470299188
band1,win2048_nfauto,hessian,smnn0.9,magsac630,consensus,6,7963.002605926806,12608.218575468174,-2681.1430164553512,9377.407493022758,-2611.2160052086774,6622.404600257963,extrapolated,0,69.92701124667383,-2755.0028927647954,2755.890187588084
band1,win2048_nfauto,hessian,smnn0.9,magsac630,consensus,7,-40500.379142749305,32697.820283093657,-3481.735613820907,6039.030427478083,-4753.104584206497,5934.33047813631,extrapolated,0,-1271.3689703855898,-104.69994934177248,1275.6728178696465
band1,win2048_nfauto,hessian,snn,lmeds630,consensus,1,-67774.54507926304,81735.71977402679,-4376.984024892619,6206.910254188959,,,none,0,,,
band1,win2048_nfauto,hessian,snn,lmeds630,consensus,2,19898.152525698937,84305.60656155503,-1261.165136948417,7245.515668543332,,,none,0,,,
band1,win2048_nfauto,hessian,snn,lmeds630,consensus,3,90603.0051437918,-31042.802158420007,1170.4929216102319,7847.24913713834,,,none,0,,,
band1,win2048_nfauto,hessian,snn,lmeds630,consensus,4,32105.1175165952,-34897.6325441977,-1118.2881986864522,7099.8920664529,,,none,0,,,
band1,win2048_nfauto,hessian,snn,lmeds630,consensus,5,64204.00134205516,19317.10815343368,-4388.661462237382,13479.90288989708,,,none,0,,,
band1,win2048_nfauto,hessian,snn,lmeds630,consensus,6,7963.002605926806,12608.218575468174,-2681.1430164553512,9377.407493022758,,,none,0,,,
band1,win2048_nfauto,hessian,snn,lmeds630,consensus,7,-40500.379142749305,32697.820283093657,-3481.735613820907,6039.030427478083,,,none,0,,,
band1,win2048_nfauto,hessian,snn,magsac630,consensus,1,-67774.54507926304,81735.71977402679,-4376.984024892619,6206.910254188959,,,none,0,,,
band1,win2048_nfauto,hessian,snn,magsac630,consensus,2,19898.152525698937,84305.60656155503,-1261.165136948417,7245.515668543332,,,none,0,,,
band1,win2048_nfauto,hessian,snn,magsac630,consensus,3,90603.0051437918,-31042.802158420007,1170.4929216102319,7847.24913713834,,,none,0,,,
band1,win2048_nfauto,hessian,snn,magsac630,consensus,4,32105.1175165952,-34897.6325441977,-1118.2881986864522,7099.8920664529,,,none,0,,,
band1,win2048_nfauto,hessian,snn,magsac630,consensus,5,64204.00134205516,19317.10815343368,-4388.661462237382,13479.90288989708,,,none,0,,,
band1,win2048_nfauto,hessian,snn,magsac630,consensus,6,7963.002605926806,12608.218575468174,-2681.1430164553512,9377.407493022758,,,none,0,,,
band1,win2048_nfauto,hessian,snn,magsac630,consensus,7,-40500.379142749305,32697.820283093657,-3481.735613820907,6039.030427478083,,,none,0,,,
band1,win2048_nfauto,loftr,loftr_internal,lmeds630,consensus,1,-67774.54507926304,81735.71977402679,-4376.984024892619,6206.910254188959,3461.473051866556,13241.406898885389,extrapolated,0,7838.457076759176,7034.49664469643,10532.120032948795
band1,win2048_nfauto,loftr,loftr_internal,lmeds630,consensus,2,19898.152525698937,84305.60656155503,-1261.165136948417,7245.515668543332,314.0348809466823,15386.129491517644,extrapolated,0,1575.2000178950993,8140.613822974312,8291.613142879807
band1,win2048_nfauto,loftr,loftr_internal,lmeds630,consensus,3,90603.0051437918,-31042.802158420007,1170.4929216102319,7847.24913713834,-2312.200956097192,-16153.0112884404,extrapolated,0,-3482.693877707424,-24000.26042557874,24251.6320510893
band1,win2048_nfauto,loftr,loftr_internal,lmeds630,consensus,4,32105.1175165952,-34897.6325441977,-1118.2881986864522,7099.8920664529,-803.6100000000006,7226.703000000001,local,5,314.67819868645165,126.81093354710174,339.2688927615342
band1,win2048_nfauto,loftr,loftr_internal,lmeds630,consensus,5,64204.00134205516,19317.10815343368,-4388.661462237382,13479.90288989708,32.22485835516839,7382.425033843925,local,17,4420.88632059255,-6097.477856053154,7531.498659938864
band1,win2048_nfauto,loftr,loftr_internal,lmeds630,consensus,6,7963.002605926806,12608.218575468174,-2681.1430164553512,9377.407493022758,689.070260935609,-5120.682294902113,surface,0,3370.2132773909602,-14498.089787924871,14884.654683056431
band1,win2048_nfauto,loftr,loftr_internal,lmeds630,consensus,7,-40500.379142749305,32697.820283093657,-3481.735613820907,6039.030427478083,2445.009008231248,-211.7728311023657,surface,0,5926.744622052155,-6250.8032585804485,8613.875039290046
band1,win2048_nfauto,loftr,loftr_internal,magsac630,consensus,1,-67774.54507926304,81735.71977402679,-4376.984024892619,6206.910254188959,-5653.682438695883,6790.93006504786,extrapolated,0,-1276.698413803264,584.0198108589011,1403.9366008774887
band1,win2048_nfauto,loftr,loftr_internal,magsac630,consensus,2,19898.152525698937,84305.60656155503,-1261.165136948417,7245.515668543332,-538.6323502716068,6738.787695788554,extrapolated,0,722.5327866768102,-506.7279727547784,882.5116804865103
band1,win2048_nfauto,loftr,loftr_internal,magsac630,consensus,3,90603.0051437918,-31042.802158420007,1170.4929216102319,7847.24913713834,909.6310166773956,7681.886150654794,extrapolated,0,-260.8619049328363,-165.3629864835466,308.85894959341186
band1,win2048_nfauto,loftr,loftr_internal,magsac630,consensus,4,32105.1175165952,-34897.6325441977,-1118.2881986864522,7099.8920664529,-2552.0741116980007,7734.632540138171,extrapolated,0,-1433.7859130115485,634.7404736852714,1568.0043090771665
band1,win2048_nfauto,loftr,loftr_internal,magsac630,consensus,5,64204.00134205516,19317.10815343368,-4388.661462237382,13479.90288989708,96.34828757453734,7341.06984719105,local,14,4485.009749811919,-6138.833042706029,7602.669503676148
band1,win2048_nfauto,loftr,loftr_internal,magsac630,consensus,6,7963.002605926806,12608.218575468174,-2681.1430164553512,9377.407493022758,-2861.4659892909267,7344.484448156498,extrapolated,0,-180.32297283557546,-2032.9230448662602,2040.9048191624631
band1,win2048_nfauto,loftr,loftr_internal,magsac630,consensus,7,-40500.379142749305,32697.820283093657,-3481.735613820907,6039.030427478083,-5198.577632859729,7192.839386654678,extrapolated,0,-1716.8420190388224,1153.8089591765947,2068.531274265264
band1,win2048_nfauto,imw-sp-lg,internal,lmeds630,consensus,1,-67774.54507926304,81735.71977402679,-4376.984024892619,6206.910254188959,,,none,0,,,
band1,win2048_nfauto,imw-sp-lg,internal,lmeds630,consensus,2,19898.152525698937,84305.60656155503,-1261.165136948417,7245.515668543332,,,none,0,,,
band1,win2048_nfauto,imw-sp-lg,internal,lmeds630,consensus,3,90603.0051437918,-31042.802158420007,1170.4929216102319,7847.24913713834,,,none,0,,,
band1,win2048_nfauto,imw-sp-lg,internal,lmeds630,consensus,4,32105.1175165952,-34897.6325441977,-1118.2881986864522,7099.8920664529,,,none,0,,,
band1,win2048_nfauto,imw-sp-lg,internal,lmeds630,consensus,5,64204.00134205516,19317.10815343368,-4388.661462237382,13479.90288989708,,,none,0,,,
band1,win2048_nfauto,imw-sp-lg,internal,lmeds630,consensus,6,7963.002605926806,12608.218575468174,-2681.1430164553512,9377.407493022758,,,none,0,,,
band1,win2048_nfauto,imw-sp-lg,internal,lmeds630,consensus,7,-40500.379142749305,32697.820283093657,-3481.735613820907,6039.030427478083,,,none,0,,,
band1,win2048_nfauto,imw-sp-lg,internal,magsac630,consensus,1,-67774.54507926304,81735.71977402679,-4376.984024892619,6206.910254188959,,,none,0,,,
band1,win2048_nfauto,imw-sp-lg,internal,magsac630,consensus,2,19898.152525698937,84305.60656155503,-1261.165136948417,7245.515668543332,,,none,0,,,
band1,win2048_nfauto,imw-sp-lg,internal,magsac630,consensus,3,90603.0051437918,-31042.802158420007,1170.4929216102319,7847.24913713834,,,none,0,,,
band1,win2048_nfauto,imw-sp-lg,internal,magsac630,consensus,4,32105.1175165952,-34897.6325441977,-1118.2881986864522,7099.8920664529,,,none,0,,,
band1,win2048_nfauto,imw-sp-lg,internal,magsac630,consensus,5,64204.00134205516,19317.10815343368,-4388.661462237382,13479.90288989708,,,none,0,,,
band1,win2048_nfauto,imw-sp-lg,internal,magsac630,consensus,6,7963.002605926806,12608.218575468174,-2681.1430164553512,9377.407493022758,,,none,0,,,
band1,win2048_nfauto,imw-sp-lg,internal,magsac630,consensus,7,-40500.379142749305,32697.820283093657,-3481.735613820907,6039.030427478083,,,none,0,,,
band1,win2048_nfauto,imw-aliked-lg,internal,lmeds630,consensus,1,-67774.54507926304,81735.71977402679,-4376.984024892619,6206.910254188959,,,none,0,,,
band1,win2048_nfauto,imw-aliked-lg,internal,lmeds630,consensus,2,19898.152525698937,84305.60656155503,-1261.165136948417,7245.515668543332,-1417.5,7087.78959274292,local,5,-156.33486305158294,-157.72607580041222,222.07679841161834
band1,win2048_nfauto,imw-aliked-lg,internal,lmeds630,consensus,3,90603.0051437918,-31042.802158420007,1170.4929216102319,7847.24913713834,,,none,0,,,
band1,win2048_nfauto,imw-aliked-lg,internal,lmeds630,consensus,4,32105.1175165952,-34897.6325441977,-1118.2881986864522,7099.8920664529,,,none,0,,,
band1,win2048_nfauto,imw-aliked-lg,internal,lmeds630,consensus,5,64204.00134205516,19317.10815343368,-4388.661462237382,13479.90288989708,,,none,0,,,
band1,win2048_nfauto,imw-aliked-lg,internal,lmeds630,consensus,6,7963.002605926806,12608.218575468174,-2681.1430164553512,9377.407493022758,,,none,0,,,
band1,win2048_nfauto,imw-aliked-lg,internal,lmeds630,consensus,7,-40500.379142749305,32697.820283093657,-3481.735613820907,6039.030427478083,,,none,0,,,
band1,win2048_nfauto,imw-aliked-lg,internal,magsac630,consensus,1,-67774.54507926304,81735.71977402679,-4376.984024892619,6206.910254188959,,,none,0,,,
band1,win2048_nfauto,imw-aliked-lg,internal,magsac630,consensus,2,19898.152525698937,84305.60656155503,-1261.165136948417,7245.515668543332,,,none,0,,,
band1,win2048_nfauto,imw-aliked-lg,internal,magsac630,consensus,3,90603.0051437918,-31042.802158420007,1170.4929216102319,7847.24913713834,,,none,0,,,
band1,win2048_nfauto,imw-aliked-lg,internal,magsac630,consensus,4,32105.1175165952,-34897.6325441977,-1118.2881986864522,7099.8920664529,,,none,0,,,
band1,win2048_nfauto,imw-aliked-lg,internal,magsac630,consensus,5,64204.00134205516,19317.10815343368,-4388.661462237382,13479.90288989708,,,none,0,,,
band1,win2048_nfauto,imw-aliked-lg,internal,magsac630,consensus,6,7963.002605926806,12608.218575468174,-2681.1430164553512,9377.407493022758,,,none,0,,,
band1,win2048_nfauto,imw-aliked-lg,internal,magsac630,consensus,7,-40500.379142749305,32697.820283093657,-3481.735613820907,6039.030427478083,,,none,0,,,
band1,win2048_nfauto,imw-sp-sg,internal,lmeds630,consensus,1,-67774.54507926304,81735.71977402679,-4376.984024892619,6206.910254188959,,,none,0,,,
band1,win2048_nfauto,imw-sp-sg,internal,lmeds630,consensus,2,19898.152525698937,84305.60656155503,-1261.165136948417,7245.515668543332,,,none,0,,,
band1,win2048_nfauto,imw-sp-sg,internal,lmeds630,consensus,3,90603.0051437918,-31042.802158420007,1170.4929216102319,7847.24913713834,,,none,0,,,
band1,win2048_nfauto,imw-sp-sg,internal,lmeds630,consensus,4,32105.1175165952,-34897.6325441977,-1118.2881986864522,7099.8920664529,,,none,0,,,
band1,win2048_nfauto,imw-sp-sg,internal,lmeds630,consensus,5,64204.00134205516,19317.10815343368,-4388.661462237382,13479.90288989708,,,none,0,,,
band1,win2048_nfauto,imw-sp-sg,internal,lmeds630,consensus,6,7963.002605926806,12608.218575468174,-2681.1430164553512,9377.407493022758,,,none,0,,,
band1,win2048_nfauto,imw-sp-sg,internal,lmeds630,consensus,7,-40500.379142749305,32697.820283093657,-3481.735613820907,6039.030427478083,,,none,0,,,
band1,win2048_nfauto,imw-sp-sg,internal,magsac630,consensus,1,-67774.54507926304,81735.71977402679,-4376.984024892619,6206.910254188959,,,none,0,,,
band1,win2048_nfauto,imw-sp-sg,internal,magsac630,consensus,2,19898.152525698937,84305.60656155503,-1261.165136948417,7245.515668543332,,,none,0,,,
band1,win2048_nfauto,imw-sp-sg,internal,magsac630,consensus,3,90603.0051437918,-31042.802158420007,1170.4929216102319,7847.24913713834,,,none,0,,,
band1,win2048_nfauto,imw-sp-sg,internal,magsac630,consensus,4,32105.1175165952,-34897.6325441977,-1118.2881986864522,7099.8920664529,,,none,0,,,
band1,win2048_nfauto,imw-sp-sg,internal,magsac630,consensus,5,64204.00134205516,19317.10815343368,-4388.661462237382,13479.90288989708,,,none,0,,,
band1,win2048_nfauto,imw-sp-sg,internal,magsac630,consensus,6,7963.002605926806,12608.218575468174,-2681.1430164553512,9377.407493022758,,,none,0,,,
band1,win2048_nfauto,imw-sp-sg,internal,magsac630,consensus,7,-40500.379142749305,32697.820283093657,-3481.735613820907,6039.030427478083,,,none,0,,,
band1,win2048_nfauto,imw-r2d2-nn,internal,lmeds630,consensus,1,-67774.54507926304,81735.71977402679,-4376.984024892619,6206.910254188959,-6282.118515757648,6044.681264654224,extrapolated,0,-1905.134490865029,-162.22898953473486,1912.0292030533985
band1,win2048_nfauto,imw-r2d2-nn,internal,lmeds630,consensus,2,19898.152525698937,84305.60656155503,-1261.165136948417,7245.515668543332,687.4312895822688,6918.460534203341,extrapolated,0,1948.596426530686,-327.0551343399911,1975.852498134997
band1,win2048_nfauto,imw-r2d2-nn,internal,lmeds630,consensus,3,90603.0051437918,-31042.802158420007,1170.4929216102319,7847.24913713834,1565.5115893278062,7716.829282554912,extrapolated,0,395.0186677175743,-130.41985458342788,415.9916901993715
band1,win2048_nfauto,imw-r2d2-nn,internal,lmeds630,consensus,4,32105.1175165952,-34897.6325441977,-1118.2881986864522,7099.8920664529,-3171.222993186744,7135.5249431396505,extrapolated,0,-2052.934794500292,35.63287668675093,2053.2440118921395
band1,win2048_nfauto,imw-r2d2-nn,internal,lmeds630,consensus,5,64204.00134205516,19317.10815343368,-4388.661462237382,13479.90288989708,1532.2015933849511,7412.924054132047,extrapolated,0,5920.8630556223325,-6066.978835765032,8477.31393290671
band1,win2048_nfauto,imw-r2d2-nn,internal,lmeds630,consensus,6,7963.002605926806,12608.218575468174,-2681.1430164553512,9377.407493022758,-3143.0682602502447,6856.442942785508,extrapolated,0,-461.9252437948935,-2520.9645502372496,2562.9352692582524
band1,win2048_nfauto,imw-r2d2-nn,internal,lmeds630,consensus,7,-40500.379142749305,32697.820283093657,-3481.735613820907,6039.030427478083,-6126.877773288373,6356.274245680357,extrapolated,0,-2645.1421594674657,317.24381820227427,2664.098474902864
band1,win2048_nfauto,imw-r2d2-nn,internal,magsac630,consensus,1,-67774.54507926304,81735.71977402679,-4376.984024892619,6206.910254188959,-7856.60953620107,6623.154189955313,extrapolated,0,-3479.6255113084508,416.2439357663543,3504.4332941305734
band1,win2048_nfauto,imw-r2d2-nn,internal,magsac630,consensus,2,19898.152525698937,84305.60656155503,-1261.165136948417,7245.515668543332,1737.9485757927748,6335.525799276232,extrapolated,0,2999.113712741192,-909.9898692671004,3134.1290056602666
band1,win2048_nfauto,imw-r2d2-nn,internal,magsac630,consensus,3,90603.0051437918,-31042.802158420007,1170.4929216102319,7847.24913713834,2029.3068741859438,7501.9872151182,extrapolated,0,858.8139525757119,-345.26192202014045,925.617199459776
band1,win2048_nfauto,imw-r2d2-nn,internal,magsac630,consensus,4,32105.1175165952,-34897.6325441977,-1118.2881986864522,7099.8920664529,-4508.190800956987,7719.389398192984,extrapolated,0,-3389.9026022705348,619.4973317400845,3446.043615062588
band1,win2048_nfauto,imw-r2d2-nn,internal,magsac630,consensus,5,64204.00134205516,19317.10815343368,-4388.661462237382,13479.90288989708,2382.972779617222,6979.618050196567,extrapolated,0,6771.634241854604,-6500.284839700512,9386.625235019137
band1,win2048_nfauto,imw-r2d2-nn,internal,magsac630,consensus,6,7963.002605926806,12608.218575468174,-2681.1430164553512,9377.407493022758,-4092.7265447947693,7224.394297292029,extrapolated,0,-1411.583528339418,-2153.0131957307294,2574.496820442746
band1,win2048_nfauto,imw-r2d2-nn,internal,magsac630,consensus,7,-40500.379142749305,32697.820283093657,-3481.735613820907,6039.030427478083,-8032.291952240661,7127.213245295784,extrapolated,0,-4550.556338419754,1088.182817817701,4678.8572145477865
band1,win2048_nfauto,imw-rord-nn,internal,magsac630,consensus,1,-67774.54507926304,81735.71977402679,-4376.984024892619,6206.910254188959,,,none,0,,,
band1,win2048_nfauto,imw-rord-nn,internal,magsac630,consensus,2,19898.152525698937,84305.60656155503,-1261.165136948417,7245.515668543332,,,none,0,,,
band1,win2048_nfauto,imw-rord-nn,internal,magsac630,consensus,3,90603.0051437918,-31042.802158420007,1170.4929216102319,7847.24913713834,,,none,0,,,
band1,win2048_nfauto,imw-rord-nn,internal,magsac630,consensus,4,32105.1175165952,-34897.6325441977,-1118.2881986864522,7099.8920664529,,,none,0,,,
band1,win2048_nfauto,imw-rord-nn,internal,magsac630,consensus,5,64204.00134205516,19317.10815343368,-4388.661462237382,13479.90288989708,,,none,0,,,
band1,win2048_nfauto,imw-rord-nn,internal,magsac630,consensus,6,7963.002605926806,12608.218575468174,-2681.1430164553512,9377.407493022758,,,none,0,,,
band1,win2048_nfauto,imw-rord-nn,internal,magsac630,consensus,7,-40500.379142749305,32697.820283093657,-3481.735613820907,6039.030427478083,,,none,0,,,
band1,win2048_nfauto,imw-d2net-nn,internal,lmeds630,consensus,1,-67774.54507926304,81735.71977402679,-4376.984024892619,6206.910254188959,-4807.832861391941,4817.319019569004,extrapolated,0,-430.8488364993218,-1389.5912346199548,1454.8520609482703
band1,win2048_nfauto,imw-d2net-nn,internal,lmeds630,consensus,2,19898.152525698937,84305.60656155503,-1261.165136948417,7245.515668543332,-1179.1612062865527,6628.508492146513,extrapolated,0,82.00393066186439,-617.007176396819,622.4327275852155
band1,win2048_nfauto,imw-d2net-nn,internal,lmeds630,consensus,3,90603.0051437918,-31042.802158420007,1170.4929216102319,7847.24913713834,737.4357407630837,8562.918728917877,extrapolated,0,-433.0571808471482,715.6695917795369,836.4935663118806
band1,win2048_nfauto,imw-d2net-nn,internal,lmeds630,consensus,4,32105.1175165952,-34897.6325441977,-1118.2881986864522,7099.8920664529,-1702.1288518435215,7363.072719489323,extrapolated,0,-583.8406531570693,263.1806530364238,640.4170238302162
band1,win2048_nfauto,imw-d2net-nn,internal,lmeds630,consensus,5,64204.00134205516,19317.10815343368,-4388.661462237382,13479.90288989708,84.55072110276933,7811.247642123055,extrapolated,0,4473.212183340151,-5668.655247774024,7221.030366595805
band1,win2048_nfauto,imw-d2net-nn,internal,lmeds630,consensus,6,7963.002605926806,12608.218575468174,-2681.1430164553512,9377.407493022758,-2286.7170699118315,6669.807671560116,extrapolated,0,394.4259465435198,-2707.5998214626416,2736.177739199572
band1,win2048_nfauto,imw-d2net-nn,internal,lmeds630,consensus,7,-40500.379142749305,32697.820283093657,-3481.735613820907,6039.030427478083,-4107.577488489031,5581.839332200826,extrapolated,0,-625.8418746681236,-457.19109527725686,775.0495143466185
band1,win2048_nfauto,imw-d2net-nn,internal,magsac630,consensus,1,-67774.54507926304,81735.71977402679,-4376.984024892619,6206.910254188959,-4666.145614903269,4914.747612320718,extrapolated,0,-289.1615900106499,-1292.1626418682408,1324.1218668149086
band1,win2048_nfauto,imw-d2net-nn,internal,magsac630,consensus,2,19898.152525698937,84305.60656155503,-1261.165136948417,7245.515668543332,-1224.8886206091665,6186.896675185676,extrapolated,0,36.27651633925052,-1058.618993357656,1059.2403687243464
band1,win2048_nfauto,imw-d2net-nn,internal,magsac630,consensus,3,90603.0051437918,-31042.802158420007,1170.4929216102319,7847.24913713834,682.7256510004929,8555.721484030675,extrapolated,0,-487.76727060973894,708.4723468923348,860.1453229479348
band1,win2048_nfauto,imw-d2net-nn,internal,magsac630,consensus,4,32105.1175165952,-34897.6325441977,-1118.2881986864522,7099.8920664529,-1629.199157099309,7731.380471525824,extrapolated,0,-510.91095841285687,631.4884050729243,812.2854259236033
band1,win2048_nfauto,imw-d2net-nn,internal,magsac630,consensus,5,64204.00134205516,19317.10815343368,-4388.661462237382,13479.90288989708,24.365660782263376,7587.876366607969,extrapolated,0,4413.027123019645,-5892.02652328911,7361.439053585202
band1,win2048_nfauto,imw-d2net-nn,internal,magsac630,consensus,6,7963.002605926806,12608.218575468174,-2681.1430164553512,9377.407493022758,-2220.551336732997,6829.680261924492,extrapolated,0,460.59167972235446,-2547.727231098266,2589.0266007727882
band1,win2048_nfauto,imw-d2net-nn,internal,magsac630,consensus,7,-40500.379142749305,32697.820283093657,-3481.735613820907,6039.030427478083,-3963.855561615558,5880.4657373363125,extrapolated,0,-482.1199477946511,-158.56469014177037,507.5257678396958
band1,win2048_nfauto,imw-sfd2-nn,internal,lmeds630,consensus,1,-67774.54507926304,81735.71977402679,-4376.984024892619,6206.910254188959,,,none,0,,,
band1,win2048_nfauto,imw-sfd2-nn,internal,lmeds630,consensus,2,19898.152525698937,84305.60656155503,-1261.165136948417,7245.515668543332,,,none,0,,,
band1,win2048_nfauto,imw-sfd2-nn,internal,lmeds630,consensus,3,90603.0051437918,-31042.802158420007,1170.4929216102319,7847.24913713834,,,none,0,,,
band1,win2048_nfauto,imw-sfd2-nn,internal,lmeds630,consensus,4,32105.1175165952,-34897.6325441977,-1118.2881986864522,7099.8920664529,,,none,0,,,
band1,win2048_nfauto,imw-sfd2-nn,internal,lmeds630,consensus,5,64204.00134205516,19317.10815343368,-4388.661462237382,13479.90288989708,,,none,0,,,
band1,win2048_nfauto,imw-sfd2-nn,internal,lmeds630,consensus,6,7963.002605926806,12608.218575468174,-2681.1430164553512,9377.407493022758,,,none,0,,,
band1,win2048_nfauto,imw-sfd2-nn,internal,lmeds630,consensus,7,-40500.379142749305,32697.820283093657,-3481.735613820907,6039.030427478083,,,none,0,,,
band1,win2048_nfauto,imw-sfd2-nn,internal,magsac630,consensus,1,-67774.54507926304,81735.71977402679,-4376.984024892619,6206.910254188959,,,none,0,,,
band1,win2048_nfauto,imw-sfd2-nn,internal,magsac630,consensus,2,19898.152525698937,84305.60656155503,-1261.165136948417,7245.515668543332,,,none,0,,,
band1,win2048_nfauto,imw-sfd2-nn,internal,magsac630,consensus,3,90603.0051437918,-31042.802158420007,1170.4929216102319,7847.24913713834,,,none,0,,,
band1,win2048_nfauto,imw-sfd2-nn,internal,magsac630,consensus,4,32105.1175165952,-34897.6325441977,-1118.2881986864522,7099.8920664529,,,none,0,,,
band1,win2048_nfauto,imw-sfd2-nn,internal,magsac630,consensus,5,64204.00134205516,19317.10815343368,-4388.661462237382,13479.90288989708,,,none,0,,,
band1,win2048_nfauto,imw-sfd2-nn,internal,magsac630,consensus,6,7963.002605926806,12608.218575468174,-2681.1430164553512,9377.407493022758,,,none,0,,,
band1,win2048_nfauto,imw-sfd2-nn,internal,magsac630,consensus,7,-40500.379142749305,32697.820283093657,-3481.735613820907,6039.030427478083,,,none,0,,,
band1,win2048_nfauto,imw-rdd-nn,internal,lmeds630,consensus,1,-67774.54507926304,81735.71977402679,-4376.984024892619,6206.910254188959,-1855.8465274321406,-8966.56001862613,extrapolated,0,2521.1374974604787,-15173.47027281509,15381.49324354123
band1,win2048_nfauto,imw-rdd-nn,internal,lmeds630,consensus,2,19898.152525698937,84305.60656155503,-1261.165136948417,7245.515668543332,-1324.5240614360694,7128.927844619684,local,15,-63.3589244876523,-116.5878239236481,132.69165007446247
band1,win2048_nfauto,imw-rdd-nn,internal,lmeds630,consensus,3,90603.0051437918,-31042.802158420007,1170.4929216102319,7847.24913713834,1389.3818664550781,8379.713287353516,local,5,218.88894484484626,532.4641502151753,575.6999578249585
band1,win2048_nfauto,imw-rdd-nn,internal,lmeds630,consensus,4,32105.1175165952,-34897.6325441977,-1118.2881986864522,7099.8920664529,-1100.5774698281077,7507.336660877163,local,21,17.71072885834451,407.4445944242634,407.82933617169607
band1,win2048_nfauto,imw-rdd-nn,internal,lmeds630,consensus,5,64204.00134205516,19317.10815343368,-4388.661462237382,13479.90288989708,-128.62352130351033,8177.3363557136145,local,24,4260.037940933871,-5302.566534183465,6801.84791859084
band1,win2048_nfauto,imw-rdd-nn,internal,lmeds630,consensus,6,7963.002605926806,12608.218575468174,-2681.1430164553512,9377.407493022758,7786.452123045587,9559.071513330731,surface,0,10467.595139500938,181.66402030797326,10469.171400869227
band1,win2048_nfauto,imw-rdd-nn,internal,lmeds630,consensus,7,-40500.379142749305,32697.820283093657,-3481.735613820907,6039.030427478083,-3454.435272216797,6222.615051269531,local,9,27.300341604110145,183.5846237914484,185.60340175855814
band1,win2048_nfauto,imw-rdd-nn,internal,magsac630,consensus,1,-67774.54507926304,81735.71977402679,-4376.984024892619,6206.910254188959,-4471.566649489152,5760.275131405281,extrapolated,0,-94.5826245965327,-446.6351227836776,456.5400374332567
band1,win2048_nfauto,imw-rdd-nn,internal,magsac630,consensus,2,19898.152525698937,84305.60656155503,-1261.165136948417,7245.515668543332,-1338.4477463572293,7061.280594830652,local,12,-77.28260940881228,-184.23507371267988,199.78779768282052
band1,win2048_nfauto,imw-rdd-nn,internal,magsac630,consensus,3,90603.0051437918,-31042.802158420007,1170.4929216102319,7847.24913713834,1251.8697470708116,7923.556171794102,extrapolated,0,81.37682546057977,76.30703465576153,111.55694178309682
band1,win2048_nfauto,imw-rdd-nn,internal,magsac630,consensus,4,32105.1175165952,-34897.6325441977,-1118.2881986864522,7099.8920664529,-1117.9769897460938,7332.6708984375,local,9,0.31120894035848323,232.7788319846004,232.77904001674932
band1,win2048_nfauto,imw-rdd-nn,internal,magsac630,consensus,5,64204.00134205516,19317.10815343368,-4388.661462237382,13479.90288989708,273.72161865234375,7755.026893615721,local,6,4662.3830808897255,-5724.875996281358,7383.225661305853
band1,win2048_nfauto,imw-rdd-nn,internal,magsac630,consensus,6,7963.002605926806,12608.218575468174,-2681.1430164553512,9377.407493022758,-1596.3264993216414,6708.022659687408,extrapolated,0,1084.8165171337098,-2669.38483333535,2881.3958881567983
band1,win2048_nfauto,imw-rdd-nn,internal,magsac630,consensus,7,-40500.379142749305,32697.820283093657,-3481.735613820907,6039.030427478083,-3216.503643842735,5963.7341925018445,extrapolated,0,265.23196997817195,-75.29623497623834,275.71275070278995
band1,win2048_nfauto,imw-liftfeat-nn,internal,lmeds630,consensus,1,-67774.54507926304,81735.71977402679,-4376.984024892619,6206.910254188959,-9539.007864676398,20540.524389002865,extrapolated,0,-5162.023839783778,14333.614134813906,15234.795183665354
band1,win2048_nfauto,imw-liftfeat-nn,internal,lmeds630,consensus,2,19898.152525698937,84305.60656155503,-1261.165136948417,7245.515668543332,-9677.579645452703,10402.784095806624,extrapolated,0,-8416.414508504286,3157.2684272632923,8989.125491434363
band1,win2048_nfauto,imw-liftfeat-nn,internal,lmeds630,consensus,3,90603.0051437918,-31042.802158420007,1170.4929216102319,7847.24913713834,15321.071802376227,-9972.421602980581,extrapolated,0,14150.578880765996,-17819.67074011892,22754.76978453157
band1,win2048_nfauto,imw-liftfeat-nn,internal,lmeds630,consensus,4,32105.1175165952,-34897.6325441977,-1118.2881986864522,7099.8920664529,15871.195473220481,-3430.5621236954685,extrapolated,0,16989.483671906935,-10530.454190148368,19988.322112893962
band1,win2048_nfauto,imw-liftfeat-nn,internal,lmeds630,consensus,5,64204.00134205516,19317.10815343368,-4388.661462237382,13479.90288989708,4427.876425860611,-1607.3057278742267,surface,0,8816.537888097992,-15087.208617771306,17474.415704349605
band1,win2048_nfauto,imw-liftfeat-nn,internal,lmeds630,consensus,6,7963.002605926806,12608.218575468174,-2681.1430164553512,9377.407493022758,5598.919143467253,4370.189365985332,surface,0,8280.062159922603,-5007.218127037426,9676.345526277695
band1,win2048_nfauto,imw-liftfeat-nn,internal,lmeds630,consensus,7,-40500.379142749305,32697.820283093657,-3481.735613820907,6039.030427478083,1075.5788222750664,12208.897573665465,surface,0,4557.314436095973,6169.867146187382,7670.487303362883
band1,win2048_nfauto,imw-liftfeat-nn,internal,magsac630,consensus,1,-67774.54507926304,81735.71977402679,-4376.984024892619,6206.910254188959,,,none,0,,,
band1,win2048_nfauto,imw-liftfeat-nn,internal,magsac630,consensus,2,19898.152525698937,84305.60656155503,-1261.165136948417,7245.515668543332,,,none,0,,,
band1,win2048_nfauto,imw-liftfeat-nn,internal,magsac630,consensus,3,90603.0051437918,-31042.802158420007,1170.4929216102319,7847.24913713834,,,none,0,,,
band1,win2048_nfauto,imw-liftfeat-nn,internal,magsac630,consensus,4,32105.1175165952,-34897.6325441977,-1118.2881986864522,7099.8920664529,,,none,0,,,
band1,win2048_nfauto,imw-liftfeat-nn,internal,magsac630,consensus,5,64204.00134205516,19317.10815343368,-4388.661462237382,13479.90288989708,,,none,0,,,
band1,win2048_nfauto,imw-liftfeat-nn,internal,magsac630,consensus,6,7963.002605926806,12608.218575468174,-2681.1430164553512,9377.407493022758,,,none,0,,,
band1,win2048_nfauto,imw-liftfeat-nn,internal,magsac630,consensus,7,-40500.379142749305,32697.820283093657,-3481.735613820907,6039.030427478083,,,none,0,,,
band1,win2048_nfauto,imw-ripe-nn,internal,lmeds630,consensus,1,-67774.54507926304,81735.71977402679,-4376.984024892619,6206.910254188959,,,none,0,,,
band1,win2048_nfauto,imw-ripe-nn,internal,lmeds630,consensus,2,19898.152525698937,84305.60656155503,-1261.165136948417,7245.515668543332,,,none,0,,,
band1,win2048_nfauto,imw-ripe-nn,internal,lmeds630,consensus,3,90603.0051437918,-31042.802158420007,1170.4929216102319,7847.24913713834,,,none,0,,,
band1,win2048_nfauto,imw-ripe-nn,internal,lmeds630,consensus,4,32105.1175165952,-34897.6325441977,-1118.2881986864522,7099.8920664529,,,none,0,,,
band1,win2048_nfauto,imw-ripe-nn,internal,lmeds630,consensus,5,64204.00134205516,19317.10815343368,-4388.661462237382,13479.90288989708,,,none,0,,,
band1,win2048_nfauto,imw-ripe-nn,internal,lmeds630,consensus,6,7963.002605926806,12608.218575468174,-2681.1430164553512,9377.407493022758,,,none,0,,,
band1,win2048_nfauto,imw-ripe-nn,internal,lmeds630,consensus,7,-40500.379142749305,32697.820283093657,-3481.735613820907,6039.030427478083,,,none,0,,,
band1,win2048_nfauto,imw-ripe-nn,internal,magsac630,consensus,1,-67774.54507926304,81735.71977402679,-4376.984024892619,6206.910254188959,,,none,0,,,
band1,win2048_nfauto,imw-ripe-nn,internal,magsac630,consensus,2,19898.152525698937,84305.60656155503,-1261.165136948417,7245.515668543332,,,none,0,,,
band1,win2048_nfauto,imw-ripe-nn,internal,magsac630,consensus,3,90603.0051437918,-31042.802158420007,1170.4929216102319,7847.24913713834,,,none,0,,,
band1,win2048_nfauto,imw-ripe-nn,internal,magsac630,consensus,4,32105.1175165952,-34897.6325441977,-1118.2881986864522,7099.8920664529,,,none,0,,,
band1,win2048_nfauto,imw-ripe-nn,internal,magsac630,consensus,5,64204.00134205516,19317.10815343368,-4388.661462237382,13479.90288989708,,,none,0,,,
band1,win2048_nfauto,imw-ripe-nn,internal,magsac630,consensus,6,7963.002605926806,12608.218575468174,-2681.1430164553512,9377.407493022758,,,none,0,,,
band1,win2048_nfauto,imw-ripe-nn,internal,magsac630,consensus,7,-40500.379142749305,32697.820283093657,-3481.735613820907,6039.030427478083,,,none,0,,,
band1,win2048_nfauto,imw-darkfeat-nn,internal,lmeds630,consensus,1,-67774.54507926304,81735.71977402679,-4376.984024892619,6206.910254188959,21044.68691051507,23242.416382920994,extrapolated,0,25421.67093540769,17035.506128732035,30601.794427945213
band1,win2048_nfauto,imw-darkfeat-nn,internal,lmeds630,consensus,2,19898.152525698937,84305.60656155503,-1261.165136948417,7245.515668543332,-1260.0,6930.0,local,7,1.1651369484170573,-315.51566854333214,315.51781984612916
band1,win2048_nfauto,imw-darkfeat-nn,internal,lmeds630,consensus,3,90603.0051437918,-31042.802158420007,1170.4929216102319,7847.24913713834,-9987.776159256426,-48930.262340152694,surface,0,-11158.269080866658,-56777.51147729103,57863.570391351925
band1,win2048_nfauto,imw-darkfeat-nn,internal,lmeds630,consensus,4,32105.1175165952,-34897.6325441977,-1118.2881986864522,7099.8920664529,-21010.29339933722,-39141.82459491503,extrapolated,0,-19892.00520065077,-46241.71666136793,50338.73489364775
band1,win2048_nfauto,imw-darkfeat-nn,internal,lmeds630,consensus,5,64204.00134205516,19317.10815343368,-4388.661462237382,13479.90288989708,10777.935391770643,-25201.508300928726,extrapolated,0,15166.596854008025,-38681.411190825806,41548.492533974684
band1,win2048_nfauto,imw-darkfeat-nn,internal,lmeds630,consensus,6,7963.002605926806,12608.218575468174,-2681.1430164553512,9377.407493022758,-1302.8610030239768,-16903.73797887327,surface,0,1378.2820134313745,-26281.145471896027,26317.261799501663
band1,win2048_nfauto,imw-darkfeat-nn,internal,lmeds630,consensus,7,-40500.379142749305,32697.820283093657,-3481.735613820907,6039.030427478083,1068.5307264640087,-164.1329501622422,surface,0,4550.266340284916,-6203.163377640325,7693.124180541219
band1,win2048_nfauto,imw-darkfeat-nn,internal,magsac630,consensus,1,-67774.54507926304,81735.71977402679,-4376.984024892619,6206.910254188959,,,none,0,,,
band1,win2048_nfauto,imw-darkfeat-nn,internal,magsac630,consensus,2,19898.152525698937,84305.60656155503,-1261.165136948417,7245.515668543332,,,none,0,,,
band1,win2048_nfauto,imw-darkfeat-nn,internal,magsac630,consensus,3,90603.0051437918,-31042.802158420007,1170.4929216102319,7847.24913713834,,,none,0,,,
band1,win2048_nfauto,imw-darkfeat-nn,internal,magsac630,consensus,4,32105.1175165952,-34897.6325441977,-1118.2881986864522,7099.8920664529,,,none,0,,,
band1,win2048_nfauto,imw-darkfeat-nn,internal,magsac630,consensus,5,64204.00134205516,19317.10815343368,-4388.661462237382,13479.90288989708,,,none,0,,,
band1,win2048_nfauto,imw-darkfeat-nn,internal,magsac630,consensus,6,7963.002605926806,12608.218575468174,-2681.1430164553512,9377.407493022758,,,none,0,,,
band1,win2048_nfauto,imw-darkfeat-nn,internal,magsac630,consensus,7,-40500.379142749305,32697.820283093657,-3481.735613820907,6039.030427478083,,,none,0,,,
band1,win2048_nfauto,imw-lanet-nn,internal,lmeds630,consensus,1,-67774.54507926304,81735.71977402679,-4376.984024892619,6206.910254188959,,,none,0,,,
band1,win2048_nfauto,imw-lanet-nn,internal,lmeds630,consensus,2,19898.152525698937,84305.60656155503,-1261.165136948417,7245.515668543332,,,none,0,,,
band1,win2048_nfauto,imw-lanet-nn,internal,lmeds630,consensus,3,90603.0051437918,-31042.802158420007,1170.4929216102319,7847.24913713834,,,none,0,,,
band1,win2048_nfauto,imw-lanet-nn,internal,lmeds630,consensus,4,32105.1175165952,-34897.6325441977,-1118.2881986864522,7099.8920664529,,,none,0,,,
band1,win2048_nfauto,imw-lanet-nn,internal,lmeds630,consensus,5,64204.00134205516,19317.10815343368,-4388.661462237382,13479.90288989708,,,none,0,,,
band1,win2048_nfauto,imw-lanet-nn,internal,lmeds630,consensus,6,7963.002605926806,12608.218575468174,-2681.1430164553512,9377.407493022758,,,none,0,,,
band1,win2048_nfauto,imw-lanet-nn,internal,lmeds630,consensus,7,-40500.379142749305,32697.820283093657,-3481.735613820907,6039.030427478083,,,none,0,,,
band1,win2048_nfauto,imw-lanet-nn,internal,magsac630,consensus,1,-67774.54507926304,81735.71977402679,-4376.984024892619,6206.910254188959,,,none,0,,,
band1,win2048_nfauto,imw-lanet-nn,internal,magsac630,consensus,2,19898.152525698937,84305.60656155503,-1261.165136948417,7245.515668543332,,,none,0,,,
band1,win2048_nfauto,imw-lanet-nn,internal,magsac630,consensus,3,90603.0051437918,-31042.802158420007,1170.4929216102319,7847.24913713834,,,none,0,,,
band1,win2048_nfauto,imw-lanet-nn,internal,magsac630,consensus,4,32105.1175165952,-34897.6325441977,-1118.2881986864522,7099.8920664529,,,none,0,,,
band1,win2048_nfauto,imw-lanet-nn,internal,magsac630,consensus,5,64204.00134205516,19317.10815343368,-4388.661462237382,13479.90288989708,,,none,0,,,
band1,win2048_nfauto,imw-lanet-nn,internal,magsac630,consensus,6,7963.002605926806,12608.218575468174,-2681.1430164553512,9377.407493022758,,,none,0,,,
band1,win2048_nfauto,imw-lanet-nn,internal,magsac630,consensus,7,-40500.379142749305,32697.820283093657,-3481.735613820907,6039.030427478083,,,none,0,,,
band1,win2048_nfauto,imw-minima-loftr,internal,lmeds630,consensus,1,-67774.54507926304,81735.71977402679,-4376.984024892619,6206.910254188959,,,none,0,,,
band1,win2048_nfauto,imw-minima-loftr,internal,lmeds630,consensus,2,19898.152525698937,84305.60656155503,-1261.165136948417,7245.515668543332,,,none,0,,,
band1,win2048_nfauto,imw-minima-loftr,internal,lmeds630,consensus,3,90603.0051437918,-31042.802158420007,1170.4929216102319,7847.24913713834,,,none,0,,,
band1,win2048_nfauto,imw-minima-loftr,internal,lmeds630,consensus,4,32105.1175165952,-34897.6325441977,-1118.2881986864522,7099.8920664529,,,none,0,,,
band1,win2048_nfauto,imw-minima-loftr,internal,lmeds630,consensus,5,64204.00134205516,19317.10815343368,-4388.661462237382,13479.90288989708,245.24539947509766,7421.754913330078,local,10,4633.906861712479,-6058.147976567001,7627.20458025146
band1,win2048_nfauto,imw-minima-loftr,internal,lmeds630,consensus,6,7963.002605926806,12608.218575468174,-2681.1430164553512,9377.407493022758,,,none,0,,,
band1,win2048_nfauto,imw-minima-loftr,internal,lmeds630,consensus,7,-40500.379142749305,32697.820283093657,-3481.735613820907,6039.030427478083,,,none,0,,,
band1,win2048_nfauto,imw-minima-loftr,internal,magsac630,consensus,1,-67774.54507926304,81735.71977402679,-4376.984024892619,6206.910254188959,,,none,0,,,
band1,win2048_nfauto,imw-minima-loftr,internal,magsac630,consensus,2,19898.152525698937,84305.60656155503,-1261.165136948417,7245.515668543332,,,none,0,,,
band1,win2048_nfauto,imw-minima-loftr,internal,magsac630,consensus,3,90603.0051437918,-31042.802158420007,1170.4929216102319,7847.24913713834,,,none,0,,,
band1,win2048_nfauto,imw-minima-loftr,internal,magsac630,consensus,4,32105.1175165952,-34897.6325441977,-1118.2881986864522,7099.8920664529,,,none,0,,,
band1,win2048_nfauto,imw-minima-loftr,internal,magsac630,consensus,5,64204.00134205516,19317.10815343368,-4388.661462237382,13479.90288989708,,,none,0,,,
band1,win2048_nfauto,imw-minima-loftr,internal,magsac630,consensus,6,7963.002605926806,12608.218575468174,-2681.1430164553512,9377.407493022758,,,none,0,,,
band1,win2048_nfauto,imw-minima-loftr,internal,magsac630,consensus,7,-40500.379142749305,32697.820283093657,-3481.735613820907,6039.030427478083,,,none,0,,,
band1,win2048_nfauto,imw-minima-roma,internal,lmeds630,consensus,1,-67774.54507926304,81735.71977402679,-4376.984024892619,6206.910254188959,-4328.916112400926,6327.386740933126,local,26,48.06791249169328,120.47648674416723,129.71163428747084
band1,win2048_nfauto,imw-minima-roma,internal,lmeds630,consensus,2,19898.152525698937,84305.60656155503,-1261.165136948417,7245.515668543332,-1331.5299538656216,7192.529571467998,local,22,-70.36481691720451,-52.98609707533433,88.08367580357022
band1,win2048_nfauto,imw-minima-roma,internal,lmeds630,consensus,3,90603.0051437918,-31042.802158420007,1170.4929216102319,7847.24913713834,1306.1666107177662,7926.785430908203,local,10,135.6736891075343,79.53629376986282,157.26847091103096
band1,win2048_nfauto,imw-minima-roma,internal,lmeds630,consensus,4,32105.1175165952,-34897.6325441977,-1118.2881986864522,7099.8920664529,-1065.186414823168,7220.63885725189,local,34,53.101783863284254,120.74679079899033,131.90749386489796
band1,win2048_nfauto,imw-minima-roma,internal,lmeds630,consensus,5,64204.00134205516,19317.10815343368,-4388.661462237382,13479.90288989708,50.24013519287473,7319.710121154784,local,6,4438.9015974302565,-6160.192768742295,7592.879713240145
band1,win2048_nfauto,imw-minima-roma,internal,lmeds630,consensus,6,7963.002605926806,12608.218575468174,-2681.1430164553512,9377.407493022758,-1863.5903591461815,6878.777406970767,local,31,817.5526573091697,-2498.6300860519914,2628.9816763145127
band1,win2048_nfauto,imw-minima-roma,internal,lmeds630,consensus,7,-40500.379142749305,32697.820283093657,-3481.735613820907,6039.030427478083,-3580.7624168080465,6289.7054956250695,local,26,-99.02680298713949,250.67506814698663,269.5260608927273
band1,win2048_nfauto,imw-minima-roma,internal,magsac630,consensus,1,-67774.54507926304,81735.71977402679,-4376.984024892619,6206.910254188959,-4338.051494876518,6224.146508300523,local,14,38.93253001610174,17.23625411156445,42.57734549326772
band1,win2048_nfauto,imw-minima-roma,internal,magsac630,consensus,2,19898.152525698937,84305.60656155503,-1261.165136948417,7245.515668543332,-1331.5299538656216,7192.529571467998,local,22,-70.36481691720451,-52.98609707533433,88.08367580357022
band1,win2048_nfauto,imw-minima-roma,internal,magsac630,consensus,3,90603.0051437918,-31042.802158420007,1170.4929216102319,7847.24913713834,1306.1666107177662,7926.785430908203,local,10,135.6736891075343,79.53629376986282,157.26847091103096
band1,win2048_nfauto,imw-minima-roma,internal,magsac630,consensus,4,32105.1175165952,-34897.6325441977,-1118.2881986864522,7099.8920664529,-1065.186414823168,7220.63885725189,local,36,53.101783863284254,120.74679079899033,131.90749386489796
band1,win2048_nfauto,imw-minima-roma,internal,magsac630,consensus,5,64204.00134205516,19317.10815343368,-4388.661462237382,13479.90288989708,50.24013519287473,7319.710121154784,local,6,4438.9015974302565,-6160.192768742295,7592.879713240145
band1,win2048_nfauto,imw-minima-roma,internal,magsac630,consensus,6,7963.002605926806,12608.218575468174,-2681.1430164553512,9377.407493022758,-1863.5903591461815,6878.777406970767,local,31,817.5526573091697,-2498.6300860519914,2628.9816763145127
band1,win2048_nfauto,imw-minima-roma,internal,magsac630,consensus,7,-40500.379142749305,32697.820283093657,-3481.735613820907,6039.030427478083,-3580.7624168080465,6289.7054956250695,local,26,-99.02680298713949,250.67506814698663,269.5260608927273
band1,win2048_nfauto,imw-xoftr,internal,lmeds630,consensus,1,-67774.54507926304,81735.71977402679,-4376.984024892619,6206.910254188959,,,none,0,,,
band1,win2048_nfauto,imw-xoftr,internal,lmeds630,consensus,2,19898.152525698937,84305.60656155503,-1261.165136948417,7245.515668543332,,,none,0,,,
band1,win2048_nfauto,imw-xoftr,internal,lmeds630,consensus,3,90603.0051437918,-31042.802158420007,1170.4929216102319,7847.24913713834,,,none,0,,,
band1,win2048_nfauto,imw-xoftr,internal,lmeds630,consensus,4,32105.1175165952,-34897.6325441977,-1118.2881986864522,7099.8920664529,,,none,0,,,
band1,win2048_nfauto,imw-xoftr,internal,lmeds630,consensus,5,64204.00134205516,19317.10815343368,-4388.661462237382,13479.90288989708,,,none,0,,,
band1,win2048_nfauto,imw-xoftr,internal,lmeds630,consensus,6,7963.002605926806,12608.218575468174,-2681.1430164553512,9377.407493022758,,,none,0,,,
band1,win2048_nfauto,imw-xoftr,internal,lmeds630,consensus,7,-40500.379142749305,32697.820283093657,-3481.735613820907,6039.030427478083,,,none,0,,,
band1,win2048_nfauto,imw-xoftr,internal,magsac630,consensus,1,-67774.54507926304,81735.71977402679,-4376.984024892619,6206.910254188959,,,none,0,,,
band1,win2048_nfauto,imw-xoftr,internal,magsac630,consensus,2,19898.152525698937,84305.60656155503,-1261.165136948417,7245.515668543332,,,none,0,,,
band1,win2048_nfauto,imw-xoftr,internal,magsac630,consensus,3,90603.0051437918,-31042.802158420007,1170.4929216102319,7847.24913713834,,,none,0,,,
band1,win2048_nfauto,imw-xoftr,internal,magsac630,consensus,4,32105.1175165952,-34897.6325441977,-1118.2881986864522,7099.8920664529,,,none,0,,,
band1,win2048_nfauto,imw-xoftr,internal,magsac630,consensus,5,64204.00134205516,19317.10815343368,-4388.661462237382,13479.90288989708,,,none,0,,,
band1,win2048_nfauto,imw-xoftr,internal,magsac630,consensus,6,7963.002605926806,12608.218575468174,-2681.1430164553512,9377.407493022758,,,none,0,,,
band1,win2048_nfauto,imw-xoftr,internal,magsac630,consensus,7,-40500.379142749305,32697.820283093657,-3481.735613820907,6039.030427478083,,,none,0,,,
band1,win2048_nfauto,imw-gim-roma,internal,lmeds630,consensus,1,-67774.54507926304,81735.71977402679,-4376.984024892619,6206.910254188959,35669.6459114269,112303.84880086576,extrapolated,0,40046.62993631952,106096.9385466768,113403.23160401487
band1,win2048_nfauto,imw-gim-roma,internal,lmeds630,consensus,2,19898.152525698937,84305.60656155503,-1261.165136948417,7245.515668543332,17467.19964101943,86137.50194109452,extrapolated,0,18728.364777967847,78891.98627255119,81084.50619745447
band1,win2048_nfauto,imw-gim-roma,internal,lmeds630,consensus,3,90603.0051437918,-31042.802158420007,1170.4929216102319,7847.24913713834,-18146.745537773775,-94580.88335654247,extrapolated,0,-19317.238459384007,-102428.13249368081,104233.76625566081
band1,win2048_nfauto,imw-gim-roma,internal,lmeds630,consensus,4,32105.1175165952,-34897.6325441977,-1118.2881986864522,7099.8920664529,-1098.9070335176682,7071.784875773392,local,15,19.381165168784037,-28.107190679507767,34.14152502736068
band1,win2048_nfauto,imw-gim-roma,internal,lmeds630,consensus,5,64204.00134205516,19317.10815343368,-4388.661462237382,13479.90288989708,-3549.481472811385,-17193.32639561549,extrapolated,0,839.1799894259966,-30673.22928551257,30684.706579276248
band1,win2048_nfauto,imw-gim-roma,internal,lmeds630,consensus,6,7963.002605926806,12608.218575468174,-2681.1430164553512,9377.407493022758,-1909.1446905574296,6728.4728786848045,local,16,771.9983258979216,-2648.9346143379535,2759.136822672438
band1,win2048_nfauto,imw-gim-roma,internal,lmeds630,consensus,7,-40500.379142749305,32697.820283093657,-3481.735613820907,6039.030427478083,-2037.5745391845703,6800.507583618164,local,10,1444.1610746363367,761.4771561400812,1632.6201851067394
band1,win2048_nfauto,imw-gim-roma,internal,magsac630,consensus,1,-67774.54507926304,81735.71977402679,-4376.984024892619,6206.910254188959,-43444.42539238422,35045.935418501045,extrapolated,0,-39067.4413674916,28839.025164312086,48558.77209557733
band1,win2048_nfauto,imw-gim-roma,internal,magsac630,consensus,2,19898.152525698937,84305.60656155503,-1261.165136948417,7245.515668543332,-14749.479742028321,48805.09917940255,extrapolated,0,-13488.314605079904,41559.583510859215,43693.63354633823
band1,win2048_nfauto,imw-gim-roma,internal,magsac630,consensus,3,90603.0051437918,-31042.802158420007,1170.4929216102319,7847.24913713834,38042.81001314695,-15492.090899526365,extrapolated,0,36872.317091536715,-23339.340036664704,43638.20070816269
band1,win2048_nfauto,imw-gim-roma,internal,magsac630,consensus,4,32105.1175165952,-34897.6325441977,-1118.2881986864522,7099.8920664529,-1098.9070335176682,7071.784875773392,local,15,19.381165168784037,-28.107190679507767,34.14152502736068
band1,win2048_nfauto,imw-gim-roma,internal,magsac630,consensus,5,64204.00134205516,19317.10815343368,-4388.661462237382,13479.90288989708,16490.34714053434,13196.773349531364,extrapolated,0,20879.008602771723,-283.129540365715,20880.928201860264
band1,win2048_nfauto,imw-gim-roma,internal,magsac630,consensus,6,7963.002605926806,12608.218575468174,-2681.1430164553512,9377.407493022758,-1909.1446905574296,6728.4728786848045,local,16,771.9983258979216,-2648.9346143379535,2759.136822672438
band1,win2048_nfauto,imw-gim-roma,internal,magsac630,consensus,7,-40500.379142749305,32697.820283093657,-3481.735613820907,6039.030427478083,-21932.878451022123,7326.780740776243,extrapolated,0,-18451.142837201216,1287.75031329816,18496.02586687749
band1,win2048_nfauto,imw-eloftr,internal,lmeds630,consensus,1,-67774.54507926304,81735.71977402679,-4376.984024892619,6206.910254188959,-4621.611555312003,6019.621590866088,extrapolated,0,-244.62753041938322,-187.2886633228709,308.0903634461064
band1,win2048_nfauto,imw-eloftr,internal,lmeds630,consensus,2,19898.152525698937,84305.60656155503,-1261.165136948417,7245.515668543332,-1188.3894180792672,5728.9796106967915,extrapolated,0,72.77571886914984,-1516.5360578465406,1518.281238771542
band1,win2048_nfauto,imw-eloftr,internal,lmeds630,consensus,3,90603.0051437918,-31042.802158420007,1170.4929216102319,7847.24913713834,802.4359555141991,8833.827170770848,extrapolated,0,-368.05696609603274,986.5780336325079,1052.9967458344788
band1,win2048_nfauto,imw-eloftr,internal,lmeds630,consensus,4,32105.1175165952,-34897.6325441977,-1118.2881986864522,7099.8920664529,-1502.4930374418202,9088.613598755976,extrapolated,0,-384.204838755368,1988.721532303076,2025.4941844322666
band1,win2048_nfauto,imw-eloftr,internal,lmeds630,consensus,5,64204.00134205516,19317.10815343368,-4388.661462237382,13479.90288989708,99.62479985429604,7365.058379428884,local,18,4488.286262091678,-6114.844510468195,7585.251278480095
band1,win2048_nfauto,imw-eloftr,internal,lmeds630,consensus,6,7963.002605926806,12608.218575468174,-2681.1430164553512,9377.407493022758,-2128.460145536281,7797.541185060326,extrapolated,0,552.6828709190704,-1579.866307962432,1673.7490573088285
band1,win2048_nfauto,imw-eloftr,internal,lmeds630,consensus,7,-40500.379142749305,32697.820283093657,-3481.735613820907,6039.030427478083,-3883.7532459112904,7346.490544334438,extrapolated,0,-402.01763209038336,1307.460116856355,1367.870656780674
band1,win2048_nfauto,imw-eloftr,internal,magsac630,consensus,1,-67774.54507926304,81735.71977402679,-4376.984024892619,6206.910254188959,-4625.279645389717,5891.388410194503,extrapolated,0,-248.29562049709784,-315.5218439944556,401.5031123113498
band1,win2048_nfauto,imw-eloftr,internal,magsac630,consensus,2,19898.152525698937,84305.60656155503,-1261.165136948417,7245.515668543332,-878.8588700195068,5250.371237120871,extrapolated,0,382.3062669289103,-1995.144431422461,2031.4426853763741
band1,win2048_nfauto,imw-eloftr,internal,magsac630,consensus,3,90603.0051437918,-31042.802158420007,1170.4929216102319,7847.24913713834,503.8451824499534,9222.632635347865,extrapolated,0,-666.6477391602784,1375.383498209525,1528.4302323870006
band1,win2048_nfauto,imw-eloftr,internal,magsac630,consensus,4,32105.1175165952,-34897.6325441977,-1118.2881986864522,7099.8920664529,-2025.7467343640062,9732.159647704004,extrapolated,0,-907.458535677554,2632.2675812511043,2784.2976876188345
band1,win2048_nfauto,imw-eloftr,internal,magsac630,consensus,5,64204.00134205516,19317.10815343368,-4388.661462237382,13479.90288989708,97.97139587248809,7344.550560017912,local,16,4486.63285810987,-6135.352329879167,7600.817233378583
band1,win2048_nfauto,imw-eloftr,internal,magsac630,consensus,6,7963.002605926806,12608.218575468174,-2681.1430164553512,9377.407493022758,-2384.549381744958,8065.382840205892,extrapolated,0,296.5936347103934,-1312.0246528168664,1345.1306530407896
band1,win2048_nfauto,imw-eloftr,internal,magsac630,consensus,7,-40500.379142749305,32697.820283093657,-3481.735613820907,6039.030427478083,-4155.299967772341,7597.348294118131,extrapolated,0,-673.564353951434,1558.3178666400481,1697.6582437003049
band1,win2048_nfauto,imw-aspanformer,internal,lmeds630,consensus,1,-67774.54507926304,81735.71977402679,-4376.984024892619,6206.910254188959,15258.024170590277,20120.78830343989,extrapolated,0,19635.008195482897,13913.878049250932,24065.110621106804
band1,win2048_nfauto,imw-aspanformer,internal,lmeds630,consensus,2,19898.152525698937,84305.60656155503,-1261.165136948417,7245.515668543332,-1630.21728515625,6656.4826583862305,local,5,-369.05214820783294,-589.0330101571017,695.0966660483653
band1,win2048_nfauto,imw-aspanformer,internal,lmeds630,consensus,3,90603.0051437918,-31042.802158420007,1170.4929216102319,7847.24913713834,-34363.25486890029,-21977.53068430114,extrapolated,0,-35533.74779051052,-29824.77982143948,46391.429417910316
band1,win2048_nfauto,imw-aspanformer,internal,lmeds630,consensus,4,32105.1175165952,-34897.6325441977,-1118.2881986864522,7099.8920664529,-976.9729614257812,7418.986358642578,local,5,141.31523726067098,319.0942921896785,348.98590743763805
band1,win2048_nfauto,imw-aspanformer,internal,lmeds630,consensus,5,64204.00134205516,19317.10815343368,-4388.661462237382,13479.90288989708,164.2339324951172,7295.559768676758,local,11,4552.895394732499,-6184.343121220321,7679.515369889008
band1,win2048_nfauto,imw-aspanformer,internal,lmeds630,consensus,6,7963.002605926806,12608.218575468174,-2681.1430164553512,9377.407493022758,-18051.973829958664,-3033.908170113902,extrapolated,0,-15370.830813503313,-12411.31566313666,19756.092639673574
band1,win2048_nfauto,imw-aspanformer,internal,lmeds630,consensus,7,-40500.379142749305,32697.820283093657,-3481.735613820907,6039.030427478083,-3255.9933471679688,5901.383399963379,local,8,225.74226665293827,-137.64702751470395,264.3979484361404
band1,win2048_nfauto,imw-aspanformer,internal,magsac630,consensus,1,-67774.54507926304,81735.71977402679,-4376.984024892619,6206.910254188959,10495.389449137565,32769.955990784634,extrapolated,0,14872.373474030184,26563.045736595675,30443.109098045657
band1,win2048_nfauto,imw-aspanformer,internal,magsac630,consensus,2,19898.152525698937,84305.60656155503,-1261.165136948417,7245.515668543332,51893.78529899262,6800.041437565655,extrapolated,0,53154.950435941035,-445.4742309776775,53156.8170899821
band1,win2048_nfauto,imw-aspanformer,internal,magsac630,consensus,3,90603.0051437918,-31042.802158420007,1170.4929216102319,7847.24913713834,-47459.60021141111,-22401.644229307574,extrapolated,0,-48630.09313302134,-30248.893366445915,57270.24976391272
band1,win2048_nfauto,imw-aspanformer,internal,magsac630,consensus,4,32105.1175165952,-34897.6325441977,-1118.2881986864522,7099.8920664529,-976.9729614257812,7418.986358642578,local,5,141.31523726067098,319.0942921896785,348.98590743763805
band1,win2048_nfauto,imw-aspanformer,internal,magsac630,consensus,5,64204.00134205516,19317.10815343368,-4388.661462237382,13479.90288989708,164.2339324951172,7295.559768676758,local,11,4552.895394732499,-6184.343121220321,7679.515369889008
band1,win2048_nfauto,imw-aspanformer,internal,magsac630,consensus,6,7963.002605926806,12608.218575468174,-2681.1430164553512,9377.407493022758,-34397.46219393799,5317.728249505175,surface,0,-31716.319177482634,-4059.679243517583,31975.082450686506
band1,win2048_nfauto,imw-aspanformer,internal,magsac630,consensus,7,-40500.379142749305,32697.820283093657,-3481.735613820907,6039.030427478083,-32965.11434808247,21186.030629159257,surface,0,-29483.37873426156,15147.000201681174,33146.66252728374
band1,win2048_nfauto,imw-topicfm,internal,lmeds630,consensus,1,-67774.54507926304,81735.71977402679,-4376.984024892619,6206.910254188959,-4468.880635081844,6210.803289109619,extrapolated,0,-91.8966101892247,3.893034920660284,91.9790339434145
band1,win2048_nfauto,imw-topicfm,internal,lmeds630,consensus,2,19898.152525698937,84305.60656155503,-1261.165136948417,7245.515668543332,-1612.144775390625,7226.118793487549,local,5,-350.97963844220794,-19.396875055783312,351.51521355832193
band1,win2048_nfauto,imw-topicfm,internal,lmeds630,consensus,3,90603.0051437918,-31042.802158420007,1170.4929216102319,7847.24913713834,764.4576809094017,7513.075161095242,extrapolated,0,-406.0352407008302,-334.17397604309826,525.867723819816
band1,win2048_nfauto,imw-topicfm,internal,lmeds630,consensus,4,32105.1175165952,-34897.6325441977,-1118.2881986864522,7099.8920664529,-1044.51416015625,7294.853210449219,local,7,73.77403853020223,194.96114399631915,208.45252799956458
band1,win2048_nfauto,imw-topicfm,internal,lmeds630,consensus,5,64204.00134205516,19317.10815343368,-4388.661462237382,13479.90288989708,65.9893968087144,7592.155986013623,local,12,4454.650859046096,-5887.746903883456,7383.0534252563375
band1,win2048_nfauto,imw-topicfm,internal,lmeds630,consensus,6,7963.002605926806,12608.218575468174,-2681.1430164553512,9377.407493022758,-2032.5679465942317,6663.843440194061,extrapolated,0,648.5750698611196,-2713.5640528286967,2789.996324379202
band1,win2048_nfauto,imw-topicfm,internal,lmeds630,consensus,7,-40500.379142749305,32697.820283093657,-3481.735613820907,6039.030427478083,-3696.8971647587787,6104.290701140451,extrapolated,0,-215.16155093787165,65.26027366236849,224.84082440801885
band1,win2048_nfauto,imw-topicfm,internal,magsac630,consensus,1,-67774.54507926304,81735.71977402679,-4376.984024892619,6206.910254188959,-4579.151546739862,6070.7567535751605,extrapolated,0,-202.16752184724282,-136.15350061379831,243.7406051917632
band1,win2048_nfauto,imw-topicfm,internal,magsac630,consensus,2,19898.152525698937,84305.60656155503,-1261.165136948417,7245.515668543332,-1612.144775390625,7226.118793487549,local,5,-350.97963844220794,-19.396875055783312,351.51521355832193
band1,win2048_nfauto,imw-topicfm,internal,magsac630,consensus,3,90603.0051437918,-31042.802158420007,1170.4929216102319,7847.24913713834,764.8323455913073,7566.962621048696,extrapolated,0,-405.66057601892453,-280.28651608964446,493.0730514210609
band1,win2048_nfauto,imw-topicfm,internal,magsac630,consensus,4,32105.1175165952,-34897.6325441977,-1118.2881986864522,7099.8920664529,-1108.3927917480469,7294.511947631836,local,6,9.895406938405358,194.61988117893634,194.87128374539932
band1,win2048_nfauto,imw-topicfm,internal,magsac630,consensus,5,64204.00134205516,19317.10815343368,-4388.661462237382,13479.90288989708,101.60018920898438,7591.944122314451,local,11,4490.261651446366,-5887.958767582628,7404.76253145251
band1,win2048_nfauto,imw-topicfm,internal,magsac630,consensus,6,7963.002605926806,12608.218575468174,-2681.1430164553512,9377.407493022758,-2112.9257870666443,6619.250960436295,extrapolated,0,568.217229388707,-2758.156532586463,2816.078528383674
band1,win2048_nfauto,imw-topicfm,internal,magsac630,consensus,7,-40500.379142749305,32697.820283093657,-3481.735613820907,6039.030427478083,-3832.9376782182144,6002.92927887814,extrapolated,0,-351.20206439730737,-36.10114859994246,353.05266316396137
band1,win2048_nfauto,imw-roma,internal,lmeds630,consensus,1,-67774.54507926304,81735.71977402679,-4376.984024892619,6206.910254188959,-34032.55229871128,-4864.774824855083,extrapolated,0,-29655.56827381866,-11071.685079044042,31654.935478257514
band1,win2048_nfauto,imw-roma,internal,lmeds630,consensus,2,19898.152525698937,84305.60656155503,-1261.165136948417,7245.515668543332,-6184.841464543582,22555.870382411795,local,36,-4923.676327595165,15310.354713868463,16082.585303470189
band1,win2048_nfauto,imw-roma,internal,lmeds630,consensus,3,90603.0051437918,-31042.802158420007,1170.4929216102319,7847.24913713834,1193.3936052106765,7884.83357913356,local,16,22.90068360044461,37.584441995220004,44.0117210463273
band1,win2048_nfauto,imw-roma,internal,lmeds630,consensus,4,32105.1175165952,-34897.6325441977,-1118.2881986864522,7099.8920664529,111989.11574396663,45340.722224016274,extrapolated,0,113107.40394265308,38240.830157563374,119397.00966852605
band1,win2048_nfauto,imw-roma,internal,lmeds630,consensus,5,64204.00134205516,19317.10815343368,-4388.661462237382,13479.90288989708,25.3216538469847,7303.088502755021,local,18,4413.983116084367,-6176.814387142058,7591.856355482694
band1,win2048_nfauto,imw-roma,internal,lmeds630,consensus,6,7963.002605926806,12608.218575468174,-2681.1430164553512,9377.407493022758,44778.95483393115,26070.90261684677,surface,0,47460.097850386504,16693.495123824014,50310.37335796066
band1,win2048_nfauto,imw-roma,internal,lmeds630,consensus,7,-40500.379142749305,32697.820283093657,-3481.735613820907,6039.030427478083,34244.60616705284,15194.301485290314,surface,0,37726.34178087375,9155.271057812231,38821.33243861311
band1,win2048_nfauto,imw-roma,internal,magsac630,consensus,1,-67774.54507926304,81735.71977402679,-4376.984024892619,6206.910254188959,-47887.63194750866,-4211.732001195429,extrapolated,0,-43510.64792261604,-10418.642255384388,44740.636887415145
band1,win2048_nfauto,imw-roma,internal,magsac630,consensus,2,19898.152525698937,84305.60656155503,-1261.165136948417,7245.515668543332,-1323.4496604159924,7178.506532247456,local,28,-62.284523467575355,-67.00913629587649,91.4854426163108
band1,win2048_nfauto,imw-roma,internal,magsac630,consensus,3,90603.0051437918,-31042.802158420007,1170.4929216102319,7847.24913713834,1173.7126938700926,7926.550635364412,local,18,3.219772259860747,79.301498226072,79.36683535523557
band1,win2048_nfauto,imw-roma,internal,magsac630,consensus,4,32105.1175165952,-34897.6325441977,-1118.2881986864522,7099.8920664529,151708.0580486901,60730.688185949315,extrapolated,0,152826.34624737652,53630.796119496415,161963.43537889657
band1,win2048_nfauto,imw-roma,internal,magsac630,consensus,5,64204.00134205516,19317.10815343368,-4388.661462237382,13479.90288989708,24.369578832676044,7302.454438381495,local,17,4413.031041070058,-6177.448451515585,7591.818776853158
band1,win2048_nfauto,imw-roma,internal,magsac630,consensus,6,7963.002605926806,12608.218575468174,-2681.1430164553512,9377.407493022758,59271.626083704214,33500.96774744035,extrapolated,0,61952.76910015957,24123.560254417593,66483.77064010587
band1,win2048_nfauto,imw-roma,internal,magsac630,consensus,7,-40500.379142749305,32697.820283093657,-3481.735613820907,6039.030427478083,-3486.3967593599014,6280.496051080298,local,29,-4.661145538994333,241.4656236022147,241.5106077573863
band1,win2048_nfauto,imw-dkm,internal,lmeds630,consensus,1,-67774.54507926304,81735.71977402679,-4376.984024892619,6206.910254188959,-1658.7817224795926,7236.318524382974,extrapolated,0,2718.2023024130267,1029.4082701940151,2906.5968319647145
band1,win2048_nfauto,imw-dkm,internal,lmeds630,consensus,2,19898.152525698937,84305.60656155503,-1261.165136948417,7245.515668543332,-1356.2442283548157,7174.426552060191,local,64,-95.07909140639867,-71.08911648314097,118.71687371650206
band1,win2048_nfauto,imw-dkm,internal,lmeds630,consensus,3,90603.0051437918,-31042.802158420007,1170.4929216102319,7847.24913713834,8246.183715984434,13004.908060817646,extrapolated,0,7075.690794374203,5157.658923679306,8755.960586400593
band1,win2048_nfauto,imw-dkm,internal,lmeds630,consensus,4,32105.1175165952,-34897.6325441977,-1118.2881986864522,7099.8920664529,-1067.912904807111,7289.569822215812,local,53,50.37529387934114,189.67775576291206,196.25320701757948
band1,win2048_nfauto,imw-dkm,internal,lmeds630,consensus,5,64204.00134205516,19317.10815343368,-4388.661462237382,13479.90288989708,-3810.8646040710582,5526.158798984571,extrapolated,0,577.7968581663235,-7953.744090912508,7974.7033971824
band1,win2048_nfauto,imw-dkm,internal,lmeds630,consensus,6,7963.002605926806,12608.218575468174,-2681.1430164553512,9377.407493022758,-1884.0473670289807,6889.144485999637,local,58,797.0956494263705,-2488.2630070231207,2612.8173044539853
band1,win2048_nfauto,imw-dkm,internal,lmeds630,consensus,7,-40500.379142749305,32697.820283093657,-3481.735613820907,6039.030427478083,-3512.667588139767,6282.187197373895,local,26,-30.93197431885983,243.15676989581243,245.116302561514
band1,win2048_nfauto,imw-dkm,internal,magsac630,consensus,1,-67774.54507926304,81735.71977402679,-4376.984024892619,6206.910254188959,-4208.174484559222,6411.890612178302,local,14,168.8095403333973,204.98035798934325,265.5439851870349
band1,win2048_nfauto,imw-dkm,internal,magsac630,consensus,2,19898.152525698937,84305.60656155503,-1261.165136948417,7245.515668543332,-1355.9866121674736,7173.022794541062,local,63,-94.82147521905654,-72.49287400227058,119.35798651044358
band1,win2048_nfauto,imw-dkm,internal,magsac630,consensus,3,90603.0051437918,-31042.802158420007,1170.4929216102319,7847.24913713834,-2958.5085207240136,5772.313315709929,extrapolated,0,-4129.001442334245,-2074.935821428411,4621.0400965415865
band1,win2048_nfauto,imw-dkm,internal,magsac630,consensus,4,32105.1175165952,-34897.6325441977,-1118.2881986864522,7099.8920664529,-1079.509136657494,7312.519977024829,local,57,38.77906202895815,212.62791057192953,216.1352447104133
band1,win2048_nfauto,imw-dkm,internal,magsac630,consensus,5,64204.00134205516,19317.10815343368,-4388.661462237382,13479.90288989708,-6419.121326439209,3845.9804354432063,extrapolated,0,-2030.4598642018273,-9633.922454453874,9845.569009385139
band1,win2048_nfauto,imw-dkm,internal,magsac630,consensus,6,7963.002605926806,12608.218575468174,-2681.1430164553512,9377.407493022758,-1884.0473670289807,6889.144485999637,local,58,797.0956494263705,-2488.2630070231207,2612.8173044539853
band1,win2048_nfauto,imw-dkm,internal,magsac630,consensus,7,-40500.379142749305,32697.820283093657,-3481.735613820907,6039.030427478083,-3512.667588139767,6282.187197373895,local,26,-30.93197431885983,243.15676989581243,245.116302561514
band1,win2048_nfauto,imw-dad-roma,internal,lmeds630,consensus,1,-67774.54507926304,81735.71977402679,-4376.984024892619,6206.910254188959,41447.227062246035,43646.09960657789,extrapolated,0,45824.211087138654,37439.18935238893,59173.90659000531
band1,win2048_nfauto,imw-dad-roma,internal,lmeds630,consensus,2,19898.152525698937,84305.60656155503,-1261.165136948417,7245.515668543332,17227.00715098589,35460.39572463153,extrapolated,0,18488.172287934307,28214.8800560882,33732.65437417853
band1,win2048_nfauto,imw-dad-roma,internal,lmeds630,consensus,3,90603.0051437918,-31042.802158420007,1170.4929216102319,7847.24913713834,2001.8903853888478,-44530.77675355319,surface,0,831.3974637786159,-52378.025890691526,52384.623869497525
band1,win2048_nfauto,imw-dad-roma,internal,lmeds630,consensus,4,32105.1175165952,-34897.6325441977,-1118.2881986864522,7099.8920664529,18240.867914523238,-40406.63330857089,surface,0,19359.15611320969,-47506.52537502379,51299.57971195674
band1,win2048_nfauto,imw-dad-roma,internal,lmeds630,consensus,5,64204.00134205516,19317.10815343368,-4388.661462237382,13479.90288989708,7418.955077087034,-10106.70783009801,surface,0,11807.616539324415,-23586.61071999509,26377.03572421122
band1,win2048_nfauto,imw-dad-roma,internal,lmeds630,consensus,6,7963.002605926806,12608.218575468174,-2681.1430164553512,9377.407493022758,23141.579331828932,-8018.456325269415,surface,0,25822.722348284282,-17395.86381829217,31135.655886156423
band1,win2048_nfauto,imw-dad-roma,internal,lmeds630,consensus,7,-40500.379142749305,32697.820283093657,-3481.735613820907,6039.030427478083,35740.83529803477,9950.561252747217,surface,0,39222.57091185568,3911.530825269134,39417.13006210089
band1,win2048_nfauto,imw-dad-roma,internal,magsac630,consensus,1,-67774.54507926304,81735.71977402679,-4376.984024892619,6206.910254188959,36002.20487181908,45584.40331770362,extrapolated,0,40379.1888967117,39377.49306351466,56400.93843123065
band1,win2048_nfauto,imw-dad-roma,internal,magsac630,consensus,2,19898.152525698937,84305.60656155503,-1261.165136948417,7245.515668543332,-3382.1643025171943,41188.62102367096,extrapolated,0,-2120.9991655687772,33943.10535512763,34009.30811718517
band1,win2048_nfauto,imw-dad-roma,internal,magsac630,consensus,3,90603.0051437918,-31042.802158420007,1170.4929216102319,7847.24913713834,-9451.61719373081,-44241.71008294087,extrapolated,0,-10622.110115341042,-52088.95922007921,53160.97154805869
band1,win2048_nfauto,imw-dad-roma,internal,magsac630,consensus,4,32105.1175165952,-34897.6325441977,-1118.2881986864522,7099.8920664529,17295.106299135263,-42801.15887218744,extrapolated,0,18413.394497821715,-49901.05093864034,53189.923685912436
band1,win2048_nfauto,imw-dad-roma,internal,magsac630,consensus,5,64204.00134205516,19317.10815343368,-4388.661462237382,13479.90288989708,-8781.10176017844,-7259.211931041697,extrapolated,0,-4392.440297941059,-20739.114820938776,21199.160722232824
band1,win2048_nfauto,imw-dad-roma,internal,magsac630,consensus,6,7963.002605926806,12608.218575468174,-2681.1430164553512,9377.407493022758,17590.746574400353,-7968.2738674365455,surface,0,20271.889590855702,-17345.681360459304,26679.995679205593
band1,win2048_nfauto,imw-dad-roma,internal,magsac630,consensus,7,-40500.379142749305,32697.820283093657,-3481.735613820907,6039.030427478083,34654.895524024694,9462.060878830618,surface,0,38136.6311378456,3423.0304513525352,38289.94348409229
band1,win2048_nfauto,imw-rdd-dense,internal,lmeds630,consensus,1,-67774.54507926304,81735.71977402679,-4376.984024892619,6206.910254188959,,,none,0,,,
band1,win2048_nfauto,imw-rdd-dense,internal,lmeds630,consensus,2,19898.152525698937,84305.60656155503,-1261.165136948417,7245.515668543332,,,none,0,,,
band1,win2048_nfauto,imw-rdd-dense,internal,lmeds630,consensus,3,90603.0051437918,-31042.802158420007,1170.4929216102319,7847.24913713834,,,none,0,,,
band1,win2048_nfauto,imw-rdd-dense,internal,lmeds630,consensus,4,32105.1175165952,-34897.6325441977,-1118.2881986864522,7099.8920664529,,,none,0,,,
band1,win2048_nfauto,imw-rdd-dense,internal,lmeds630,consensus,5,64204.00134205516,19317.10815343368,-4388.661462237382,13479.90288989708,,,none,0,,,
band1,win2048_nfauto,imw-rdd-dense,internal,lmeds630,consensus,6,7963.002605926806,12608.218575468174,-2681.1430164553512,9377.407493022758,,,none,0,,,
band1,win2048_nfauto,imw-rdd-dense,internal,lmeds630,consensus,7,-40500.379142749305,32697.820283093657,-3481.735613820907,6039.030427478083,,,none,0,,,
band1,win2048_nfauto,imw-rdd-dense,internal,magsac630,consensus,1,-67774.54507926304,81735.71977402679,-4376.984024892619,6206.910254188959,,,none,0,,,
band1,win2048_nfauto,imw-rdd-dense,internal,magsac630,consensus,2,19898.152525698937,84305.60656155503,-1261.165136948417,7245.515668543332,,,none,0,,,
band1,win2048_nfauto,imw-rdd-dense,internal,magsac630,consensus,3,90603.0051437918,-31042.802158420007,1170.4929216102319,7847.24913713834,,,none,0,,,
band1,win2048_nfauto,imw-rdd-dense,internal,magsac630,consensus,4,32105.1175165952,-34897.6325441977,-1118.2881986864522,7099.8920664529,,,none,0,,,
band1,win2048_nfauto,imw-rdd-dense,internal,magsac630,consensus,5,64204.00134205516,19317.10815343368,-4388.661462237382,13479.90288989708,,,none,0,,,
band1,win2048_nfauto,imw-rdd-dense,internal,magsac630,consensus,6,7963.002605926806,12608.218575468174,-2681.1430164553512,9377.407493022758,,,none,0,,,
band1,win2048_nfauto,imw-rdd-dense,internal,magsac630,consensus,7,-40500.379142749305,32697.820283093657,-3481.735613820907,6039.030427478083,,,none,0,,,
band1,win2048_nfauto,imw-xfeat-lg,internal,lmeds630,consensus,1,-67774.54507926304,81735.71977402679,-4376.984024892619,6206.910254188959,,,none,0,,,
band1,win2048_nfauto,imw-xfeat-lg,internal,lmeds630,consensus,2,19898.152525698937,84305.60656155503,-1261.165136948417,7245.515668543332,,,none,0,,,
band1,win2048_nfauto,imw-xfeat-lg,internal,lmeds630,consensus,3,90603.0051437918,-31042.802158420007,1170.4929216102319,7847.24913713834,,,none,0,,,
band1,win2048_nfauto,imw-xfeat-lg,internal,lmeds630,consensus,4,32105.1175165952,-34897.6325441977,-1118.2881986864522,7099.8920664529,,,none,0,,,
band1,win2048_nfauto,imw-xfeat-lg,internal,lmeds630,consensus,5,64204.00134205516,19317.10815343368,-4388.661462237382,13479.90288989708,,,none,0,,,
band1,win2048_nfauto,imw-xfeat-lg,internal,lmeds630,consensus,6,7963.002605926806,12608.218575468174,-2681.1430164553512,9377.407493022758,,,none,0,,,
band1,win2048_nfauto,imw-xfeat-lg,internal,lmeds630,consensus,7,-40500.379142749305,32697.820283093657,-3481.735613820907,6039.030427478083,,,none,0,,,
band1,win2048_nfauto,imw-xfeat-lg,internal,magsac630,consensus,1,-67774.54507926304,81735.71977402679,-4376.984024892619,6206.910254188959,,,none,0,,,
band1,win2048_nfauto,imw-xfeat-lg,internal,magsac630,consensus,2,19898.152525698937,84305.60656155503,-1261.165136948417,7245.515668543332,,,none,0,,,
band1,win2048_nfauto,imw-xfeat-lg,internal,magsac630,consensus,3,90603.0051437918,-31042.802158420007,1170.4929216102319,7847.24913713834,,,none,0,,,
band1,win2048_nfauto,imw-xfeat-lg,internal,magsac630,consensus,4,32105.1175165952,-34897.6325441977,-1118.2881986864522,7099.8920664529,,,none,0,,,
band1,win2048_nfauto,imw-xfeat-lg,internal,magsac630,consensus,5,64204.00134205516,19317.10815343368,-4388.661462237382,13479.90288989708,,,none,0,,,
band1,win2048_nfauto,imw-xfeat-lg,internal,magsac630,consensus,6,7963.002605926806,12608.218575468174,-2681.1430164553512,9377.407493022758,,,none,0,,,
band1,win2048_nfauto,imw-xfeat-lg,internal,magsac630,consensus,7,-40500.379142749305,32697.820283093657,-3481.735613820907,6039.030427478083,,,none,0,,,
band1,win2048_nfauto,imw-xfeat-dense,internal,lmeds630,consensus,1,-67774.54507926304,81735.71977402679,-4376.984024892619,6206.910254188959,,,none,0,,,
band1,win2048_nfauto,imw-xfeat-dense,internal,lmeds630,consensus,2,19898.152525698937,84305.60656155503,-1261.165136948417,7245.515668543332,,,none,0,,,
band1,win2048_nfauto,imw-xfeat-dense,internal,lmeds630,consensus,3,90603.0051437918,-31042.802158420007,1170.4929216102319,7847.24913713834,,,none,0,,,
band1,win2048_nfauto,imw-xfeat-dense,internal,lmeds630,consensus,4,32105.1175165952,-34897.6325441977,-1118.2881986864522,7099.8920664529,,,none,0,,,
band1,win2048_nfauto,imw-xfeat-dense,internal,lmeds630,consensus,5,64204.00134205516,19317.10815343368,-4388.661462237382,13479.90288989708,,,none,0,,,
band1,win2048_nfauto,imw-xfeat-dense,internal,lmeds630,consensus,6,7963.002605926806,12608.218575468174,-2681.1430164553512,9377.407493022758,,,none,0,,,
band1,win2048_nfauto,imw-xfeat-dense,internal,lmeds630,consensus,7,-40500.379142749305,32697.820283093657,-3481.735613820907,6039.030427478083,,,none,0,,,
band1,win2048_nfauto,imw-xfeat-dense,internal,magsac630,consensus,1,-67774.54507926304,81735.71977402679,-4376.984024892619,6206.910254188959,,,none,0,,,
band1,win2048_nfauto,imw-xfeat-dense,internal,magsac630,consensus,2,19898.152525698937,84305.60656155503,-1261.165136948417,7245.515668543332,,,none,0,,,
band1,win2048_nfauto,imw-xfeat-dense,internal,magsac630,consensus,3,90603.0051437918,-31042.802158420007,1170.4929216102319,7847.24913713834,,,none,0,,,
band1,win2048_nfauto,imw-xfeat-dense,internal,magsac630,consensus,4,32105.1175165952,-34897.6325441977,-1118.2881986864522,7099.8920664529,,,none,0,,,
band1,win2048_nfauto,imw-xfeat-dense,internal,magsac630,consensus,5,64204.00134205516,19317.10815343368,-4388.661462237382,13479.90288989708,,,none,0,,,
band1,win2048_nfauto,imw-xfeat-dense,internal,magsac630,consensus,6,7963.002605926806,12608.218575468174,-2681.1430164553512,9377.407493022758,,,none,0,,,
band1,win2048_nfauto,imw-xfeat-dense,internal,magsac630,consensus,7,-40500.379142749305,32697.820283093657,-3481.735613820907,6039.030427478083,,,none,0,,,
